site,wildtype,mutant,effect,effect_std,times_seen,n_selections
-1(E3),M,I,-6.537,0,17.5,4
-1(E3),M,L,-3.418,0.939,0.5,2
-1(E3),M,M,0,0,,4
-1(E3),M,T,-6.866,0,5,4
-1(E3),M,V,-4.787,0,1.5,2
1(6K),A,-,0.2649,0.335,1,2
1(6K),A,A,0,0,,4
1(6K),A,C,1.102,0.625,9,4
1(6K),A,D,-1.256,0.9056,12,4
1(6K),A,E,-0.2737,0.2807,8.5,4
1(6K),A,F,-0.2732,0.8175,10,4
1(6K),A,G,0.7419,0.3342,7.5,4
1(6K),A,H,1.955,1.068,6,4
1(6K),A,I,-0.5387,2.34,8.5,4
1(6K),A,K,-0.8401,0.9513,9,4
1(6K),A,L,-0.2669,0.8899,6,4
1(6K),A,M,-0.1619,0.5301,5.75,4
1(6K),A,N,-1.016,0.7194,4,4
1(6K),A,P,-7.257,0,8.5,4
1(6K),A,Q,0.2552,0.9311,6,4
1(6K),A,R,0.5413,0.4854,18,4
1(6K),A,S,0.7514,0.4345,11.5,4
1(6K),A,T,0.05871,0.2755,118.8,4
1(6K),A,V,-0.5904,1.297,20.5,4
1(6K),A,W,-1.067,1.118,7.5,4
1(6K),A,Y,-0.1066,1.173,8,4
1(E1),Y,*,-5.986,0,8.5,4
1(E1),Y,A,-1.405,0.6884,7.5,4
1(E1),Y,C,-3.413,0.1704,10,4
1(E1),Y,D,-1.913,0.74,9,4
1(E1),Y,E,-2.038,0.2795,4,2
1(E1),Y,F,0.3634,1.429,6,4
1(E1),Y,G,-2.295,0.1616,6.5,4
1(E1),Y,H,0.2852,0.8107,12.5,4
1(E1),Y,I,-1.245,1.322,6,4
1(E1),Y,K,-0.8502,0.4395,5.5,4
1(E1),Y,L,-1.061,1.837,5.5,4
1(E1),Y,M,-1.522,0.6616,9.5,4
1(E1),Y,N,-3.167,0.2887,12,4
1(E1),Y,P,-5.965,0,10.5,4
1(E1),Y,Q,-2.454,0.4844,9.5,4
1(E1),Y,R,-1.768,0.8685,7,4
1(E1),Y,S,-2.25,0.9609,5.5,4
1(E1),Y,T,-0.3139,2.284,8,4
1(E1),Y,V,-1.207,0.3344,8,4
1(E1),Y,W,0.7408,1.523,2,4
1(E1),Y,Y,0,0,,4
1(E2),S,-,-0.3773,0.8505,1.5,4
1(E2),S,A,0.345,0.4684,8.5,4
1(E2),S,C,-1.955,0.361,9.5,4
1(E2),S,D,-1.052,0.5378,7.5,4
1(E2),S,E,-1.14,0.4247,7.5,4
1(E2),S,F,-0.2273,0.3721,5,4
1(E2),S,G,-0.8323,0.3454,7.5,4
1(E2),S,H,-0.4029,0.4598,5.5,4
1(E2),S,I,-2.799,0.3156,12,4
1(E2),S,K,-5.67,0,9.5,4
1(E2),S,L,-2.708,0.3835,9.5,4
1(E2),S,M,-1.194,0.4153,4,4
1(E2),S,N,-0.8955,0.08266,12.5,4
1(E2),S,P,-5.951,0,15,4
1(E2),S,Q,-2.944,0.7113,2.5,4
1(E2),S,R,-3.137,0.2721,12.5,4
1(E2),S,S,0,0,,4
1(E2),S,T,-0.1694,0.5798,5.5,4
1(E2),S,V,-2.903,0.3572,4.5,4
1(E2),S,W,-1.149,0.1546,8,4
1(E2),S,Y,-0.8671,0.3065,13,4
1(E3),S,A,-1.3,0.4847,10.5,4
1(E3),S,C,-0.9353,0.8652,9.5,4
1(E3),S,D,0.5292,0.398,8,4
1(E3),S,E,1.066,0.8653,6,4
1(E3),S,F,0.9144,1.054,11.5,4
1(E3),S,G,-1.647,0.3511,13.5,4
1(E3),S,H,2.114,0.9486,9,4
1(E3),S,I,1.545,0.6356,12,4
1(E3),S,K,-0.3662,0.4317,8.25,4
1(E3),S,L,0.4664,0.8483,11.5,4
1(E3),S,M,-0.1471,0.3925,7.5,4
1(E3),S,N,0.8098,0.4937,16,4
1(E3),S,P,-1.345,0.2539,12,4
1(E3),S,Q,0.0795,1.781,7.5,4
1(E3),S,R,-1.735,0.2573,15,4
1(E3),S,S,0,0,,4
1(E3),S,T,0.09922,0.3216,11.5,4
1(E3),S,V,-1.353,0.3946,16,4
1(E3),S,W,-1.568,0.2255,8.5,4
1(E3),S,Y,4.284,2.616,6,4
10(6K),L,*,-6.558,0,11.5,4
10(6K),L,-,-0.6769,1.327,2,4
10(6K),L,A,-0.7549,1.437,5,4
10(6K),L,C,-2.266,0.2235,10.5,4
10(6K),L,D,-0.7369,0.3934,5,4
10(6K),L,E,2.053,1.448,6.5,4
10(6K),L,F,2.897,2.394,7.5,4
10(6K),L,G,0.1277,0.9378,6,4
10(6K),L,H,1.284,0.2934,8.5,4
10(6K),L,I,0.1313,0.983,7,4
10(6K),L,K,-0.5786,0.7386,8,4
10(6K),L,L,0,0,,4
10(6K),L,M,0.9592,0.116,15,4
10(6K),L,N,-0.6395,0.6395,8.25,4
10(6K),L,P,-0.0511,0.4113,30.75,4
10(6K),L,Q,0.6231,2.009,13.5,4
10(6K),L,R,-0.3133,1.455,13,4
10(6K),L,S,0.7165,1.46,9.5,4
10(6K),L,T,0.4326,0.621,12.5,4
10(6K),L,V,-0.5333,0.5211,7,4
10(6K),L,W,1.533,0.5207,2.5,4
10(6K),L,Y,0.2171,0.3311,5.5,4
10(E1),T,-,-1.013,0.6626,1,2
10(E1),T,A,-0.5184,1.105,10,4
10(E1),T,C,-0.565,0.3561,6.5,4
10(E1),T,D,-2.26,0.5538,4,4
10(E1),T,E,-1.107,0.6287,4.5,4
10(E1),T,F,1.946,1.332,5,4
10(E1),T,G,-0.7326,0.4655,5.5,4
10(E1),T,H,0.5195,2.573,5.5,4
10(E1),T,I,0.00065,3.508,12,4
10(E1),T,K,-2.788,1.247,5.5,4
10(E1),T,L,0.2808,1.258,6,4
10(E1),T,M,-0.2539,2.375,6,4
10(E1),T,N,1.013,1.166,5,4
10(E1),T,P,-3.175,0.535,5.5,4
10(E1),T,Q,1.841,2.103,5,4
10(E1),T,R,-0.6147,0.4903,8.5,4
10(E1),T,S,-0.8625,1.198,5,4
10(E1),T,T,0,0,,4
10(E1),T,V,-0.1158,0.9806,5,4
10(E1),T,W,-0.1621,1.016,6,4
10(E1),T,Y,1.972,0.4793,7.5,4
10(E2),K,*,-1.463,0.4962,0.5,2
10(E2),K,-,-1.846,1.348,2,4
10(E2),K,A,-1.747,0.3368,8.5,4
10(E2),K,C,-6.54,0,10.5,4
10(E2),K,D,-6.802,0,6,4
10(E2),K,E,-4.149,0.3332,9,4
10(E2),K,F,-5.586,0,10,4
10(E2),K,G,-6.179,0,6,4
10(E2),K,H,-2.615,0.1815,12,4
10(E2),K,I,-3.424,0.1425,10.5,4
10(E2),K,K,0,0,,4
10(E2),K,L,-4.669,0.1702,16.5,4
10(E2),K,M,-3.094,0.1483,16.5,4
10(E2),K,N,-3.604,0.1818,24.5,4
10(E2),K,P,-6.245,0,14.5,4
10(E2),K,Q,-2.182,0.1761,7,4
10(E2),K,R,-1.646,0.09682,20.5,4
10(E2),K,S,-2.438,0.4091,5.5,4
10(E2),K,T,-2.96,0.6673,14,4
10(E2),K,V,-2.665,0.1936,10.25,4
10(E2),K,W,-6.024,0,12,4
10(E2),K,Y,-6.002,0,6.5,4
10(E3),L,*,-7.114,0,7.5,4
10(E3),L,-,-0.5108,0.3201,1,4
10(E3),L,A,-6.604,0,11.5,4
10(E3),L,C,-7.7,0,11.5,4
10(E3),L,D,-7.859,0,11.5,4
10(E3),L,E,-5.658,0,2,4
10(E3),L,F,-2.391,0.7956,11,4
10(E3),L,G,-7.082,0,13,4
10(E3),L,H,-7.331,0,10,4
10(E3),L,I,-1.96,0.2622,8,4
10(E3),L,K,-6.858,0,6,4
10(E3),L,L,0,0,,4
10(E3),L,M,-3.079,0.6495,9.5,4
10(E3),L,N,-6.171,0,7,4
10(E3),L,P,-6.712,0,19.5,4
10(E3),L,Q,-6.442,0,14,4
10(E3),L,R,-6.443,0,11,4
10(E3),L,S,-6.822,0,7.5,4
10(E3),L,T,-6.446,0,7.5,4
10(E3),L,V,-5.556,0,12,4
10(E3),L,W,-6.042,0,6,4
10(E3),L,Y,-6.301,0,8.25,4
100(E1),N,-,-1.018,0.2891,0.5,2
100(E1),N,A,-6.997,0,9,4
100(E1),N,C,-6.155,0.6387,5,4
100(E1),N,D,-7.092,0,10,4
100(E1),N,E,-6.827,0,8.5,4
100(E1),N,F,-6.946,0,9,4
100(E1),N,G,-6.735,0,5.5,4
100(E1),N,H,-6.739,0,5.5,4
100(E1),N,I,-6.293,0,9.5,4
100(E1),N,K,-6.824,0,11.5,4
100(E1),N,L,-7.125,0,6.5,4
100(E1),N,M,-8.424,0,12,4
100(E1),N,N,0,0,,4
100(E1),N,P,-6.931,0,5.5,4
100(E1),N,Q,-6.575,0,7.5,4
100(E1),N,R,-7.461,0,7,4
100(E1),N,S,-5.806,0,5.5,4
100(E1),N,T,-6.729,0,9,4
100(E1),N,V,-6.817,0,4.5,4
100(E1),N,W,-7.149,0,8.5,4
100(E1),N,Y,-7.411,0,6,4
100(E2),F,-,-0.4231,0.5621,0.5,2
100(E2),F,A,-6.636,0,8,4
100(E2),F,C,-5.611,0.2529,6,4
100(E2),F,D,-6.404,0,5.5,4
100(E2),F,E,-6.533,0,2,4
100(E2),F,F,0,0,,4
100(E2),F,G,-6.459,0,7,4
100(E2),F,H,-2.091,0.1511,6,4
100(E2),F,I,-4.598,0.1942,8.5,4
100(E2),F,K,-6.287,0,4,4
100(E2),F,L,-5.966,0,15,4
100(E2),F,M,-4.468,0.1057,4,4
100(E2),F,N,-5.748,0,6.5,4
100(E2),F,P,-5.96,0,9,4
100(E2),F,Q,-6.047,0,7,4
100(E2),F,R,-4.972,0.2091,6.75,4
100(E2),F,S,-6.104,0,8,4
100(E2),F,T,-6.519,0,6,4
100(E2),F,V,-6.077,0,8.5,4
100(E2),F,W,2.379,1.495,5,4
100(E2),F,Y,-2.117,0.04657,8,4
101(E1),T,-,-1.693,0.168,1,2
101(E1),T,A,-1.654,0.2203,7.5,4
101(E1),T,C,-3.24,0.6132,4.5,4
101(E1),T,D,-2.194,0.5679,9,4
101(E1),T,E,-0.7797,0.4514,6,4
101(E1),T,F,-7.138,0,5,4
101(E1),T,G,-3.469,0.2028,8,4
101(E1),T,H,-2.569,0.5181,7,4
101(E1),T,I,-1.528,0.1858,12.75,4
101(E1),T,K,-6.867,0,6.5,4
101(E1),T,L,-5.616,0,4.5,4
101(E1),T,M,-1.077,1.643,4.5,4
101(E1),T,N,-2.34,0.4795,6.5,4
101(E1),T,P,-7.348,0,10.5,4
101(E1),T,Q,-1.425,0.9902,3,4
101(E1),T,R,-6.659,0,7,4
101(E1),T,S,-0.33,1.1,4.5,4
101(E1),T,T,0,0,,4
101(E1),T,V,0.8315,2.613,6,4
101(E1),T,W,-7.356,0,5.5,4
101(E1),T,Y,-6.473,0,8,4
101(E2),I,-,-3.558,0.884,0.5,2
101(E2),I,A,-2.143,0.3344,4.5,4
101(E2),I,C,-2.509,0.2655,9,4
101(E2),I,D,-7.112,0,4,4
101(E2),I,E,-6.835,0,7,4
101(E2),I,F,-1.383,0.2522,5,4
101(E2),I,G,-6.484,0,8.5,4
101(E2),I,H,-5.784,0,5,4
101(E2),I,I,0,0,,4
101(E2),I,K,-5.718,0,6,4
101(E2),I,L,1.219,1.248,7,4
101(E2),I,M,1.452,0.4671,5.5,4
101(E2),I,N,-5.934,0,5.5,4
101(E2),I,P,-6.097,0,6.25,4
101(E2),I,Q,-5.977,0,8,4
101(E2),I,R,-7.899,0,10,4
101(E2),I,S,-6.13,0,7,4
101(E2),I,T,-4.781,0.2785,6.5,4
101(E2),I,V,-1.385,0.3063,6.5,4
101(E2),I,W,-7.175,0,4.5,4
101(E2),I,Y,-6.907,0,7.5,4
102(E1),Q,*,-3.736,0.5533,6.5,4
102(E1),Q,-,-1.503,0.572,0.5,2
102(E1),Q,A,-7.111,0,9,4
102(E1),Q,C,-8.043,0,6.5,4
102(E1),Q,D,-6.896,0,8,4
102(E1),Q,E,-6.683,0,7,4
102(E1),Q,F,-6.859,0,8,4
102(E1),Q,G,-6.598,0,6.5,4
102(E1),Q,H,-7.139,0,16.5,4
102(E1),Q,I,-7.023,0,10.5,4
102(E1),Q,K,-7.893,0,11.5,4
102(E1),Q,L,-6.729,0,11.25,4
102(E1),Q,M,-7.742,0,9.75,4
102(E1),Q,N,-7.769,0,8,4
102(E1),Q,P,-6.28,0,11.5,4
102(E1),Q,Q,0,0,,4
102(E1),Q,R,-7.076,0,9,4
102(E1),Q,S,-7.058,0,8,4
102(E1),Q,T,-6.9,0,5.25,4
102(E1),Q,V,-7.715,0,10,4
102(E1),Q,W,-7.191,0,6,4
102(E1),Q,Y,-7.423,0,8.5,4
102(E2),L,A,-2.728,0.4645,6,4
102(E2),L,C,-4.125,0.5007,6.5,4
102(E2),L,D,-6.638,0,6.5,4
102(E2),L,E,-5.649,0,5,4
102(E2),L,F,-6.034,0,11.5,4
102(E2),L,G,-5.616,0,6.5,4
102(E2),L,H,-7.088,0,9,4
102(E2),L,I,2.469,0.6053,6,4
102(E2),L,K,-2.386,0.2929,5.5,4
102(E2),L,L,0,0,,4
102(E2),L,M,-5.314,0.2646,8.5,4
102(E2),L,N,-6.646,0,6,4
102(E2),L,P,-8.074,0,15.75,4
102(E2),L,Q,-7.281,0,10.25,4
102(E2),L,R,-2.775,0.262,6.5,4
102(E2),L,S,-5.373,0,5,4
102(E2),L,T,-1.01,0.2154,10.75,4
102(E2),L,V,-0.8018,0.2449,4,4
102(E2),L,W,-6.561,0,8,4
102(E2),L,Y,-6.441,0,5.5,4
103(E1),L,-,-1.297,0.7867,0.5,2
103(E1),L,A,-4.417,0.0407,3,4
103(E1),L,C,-6.816,0,4.5,4
103(E1),L,D,-6.629,0,6.75,4
103(E1),L,E,-3.851,0.5793,4.5,4
103(E1),L,F,-5.308,0,7.5,4
103(E1),L,G,-7.107,0,5,4
103(E1),L,H,-4.981,0,4,4
103(E1),L,I,-2.688,0.1679,4.5,4
103(E1),L,K,-2.599,0.4713,3,4
103(E1),L,L,0,0,,4
103(E1),L,M,-0.3449,0.8637,14,4
103(E1),L,N,-7.127,0,5,4
103(E1),L,P,-9.793,0,8,4
103(E1),L,Q,-1.871,0.7347,9,4
103(E1),L,R,-2.867,0.7401,3,4
103(E1),L,S,-4.644,0,5,4
103(E1),L,T,-2.751,0.4005,9.75,4
103(E1),L,V,-2.484,0.2998,5,4
103(E1),L,W,-6.951,0,4.5,4
103(E1),L,Y,-6.67,0,6.25,4
103(E2),A,-,-0.5527,0.003,0.5,2
103(E2),A,A,0,0,,4
103(E2),A,C,0.3297,1.166,7.5,4
103(E2),A,D,-6.004,0,9.5,4
103(E2),A,E,-5.719,0,6,4
103(E2),A,F,-6.841,0,8.5,4
103(E2),A,G,-0.9263,0.2936,8,4
103(E2),A,H,-5.797,0,6.5,4
103(E2),A,I,-6.672,0,7,4
103(E2),A,K,-6.701,0,7,4
103(E2),A,L,-5.931,0,9,4
103(E2),A,M,-5.652,0,6,4
103(E2),A,N,-6.806,0,6,4
103(E2),A,P,-7.036,0,10.5,4
103(E2),A,Q,-5.703,0,9,4
103(E2),A,R,-6.796,0,5.5,4
103(E2),A,S,0.8803,1.757,9,4
103(E2),A,T,-0.719,0.4117,41,4
103(E2),A,V,-0.67,0.2255,20,4
103(E2),A,W,-6.261,0,7,4
103(E2),A,Y,-5.964,0,5,4
104(E1),S,A,-3.353,0.5908,3,4
104(E1),S,C,-2.811,0.5233,6.5,4
104(E1),S,D,-7.085,0,4.5,4
104(E1),S,E,-2.444,0.9553,6,4
104(E1),S,F,-6.845,0,11,4
104(E1),S,G,-3.694,0.3363,6,4
104(E1),S,H,-7.325,0,7,4
104(E1),S,I,-8.248,0,11.5,4
104(E1),S,K,-6.455,0,7,4
104(E1),S,L,-7.082,0,7.5,4
104(E1),S,M,-6.978,0,5.75,4
104(E1),S,N,-7.062,0,12.5,4
104(E1),S,P,-6.853,0,13.25,4
104(E1),S,Q,-6.596,0,4.5,4
104(E1),S,R,-6.885,0,15.5,4
104(E1),S,S,0,0,,4
104(E1),S,T,-3.593,0.2246,6.5,4
104(E1),S,V,-7.165,0,6,4
104(E1),S,W,-6.729,0,4.5,4
104(E1),S,Y,-6.907,0,8.5,4
104(E2),R,*,-4.628,0,1,2
104(E2),R,-,-0.5301,0.01095,0.5,2
104(E2),R,A,-3.165,0.6732,6.5,4
104(E2),R,C,-4.085,0.1295,11,4
104(E2),R,D,-3.508,0.4062,6.25,4
104(E2),R,E,-2.069,1.375,4,4
104(E2),R,F,-2.764,0.4585,8.5,4
104(E2),R,G,-2.522,0.4725,5.5,4
104(E2),R,H,-3.845,1.002,3,4
104(E2),R,I,-1.7,0.2129,12.25,4
104(E2),R,K,-0.645,0.4438,16,4
104(E2),R,L,-4.172,0.8357,4.5,4
104(E2),R,M,-2.61,0.3268,6,4
104(E2),R,N,-2.712,0.275,12.5,4
104(E2),R,P,-6.716,0,8,4
104(E2),R,Q,-3.102,0.5428,3,4
104(E2),R,R,0,0,,4
104(E2),R,S,-2.853,0.285,8.5,4
104(E2),R,T,-2.912,0.1533,5.5,4
104(E2),R,V,-2.76,0.2721,9.5,4
104(E2),R,W,-2.768,0.07954,5,4
104(E2),R,Y,-2.596,0.1973,7.5,4
105(E1),E,*,-4.473,0.9351,5,4
105(E1),E,-,-0.652,0.7606,1,4
105(E1),E,A,-5.434,0.08357,9,4
105(E1),E,C,-7.203,0,6.5,4
105(E1),E,D,-3.71,0.2097,11,4
105(E1),E,E,0,0,,4
105(E1),E,F,-4.705,0,5.5,4
105(E1),E,G,-7.665,0,11.25,4
105(E1),E,H,-5.508,0,6.25,4
105(E1),E,I,-2.97,1.46,6,4
105(E1),E,K,-8.602,0,17,4
105(E1),E,L,-5.588,0,9.5,4
105(E1),E,M,-5.141,0,6.5,4
105(E1),E,N,-6.825,0,8.5,4
105(E1),E,P,-7.021,0,12,4
105(E1),E,Q,-5.505,0.002165,5.5,4
105(E1),E,R,-6.391,0,8.5,4
105(E1),E,S,-4.171,0.4235,9,4
105(E1),E,T,-3.869,0.1888,9,4
105(E1),E,V,-4.056,0.1159,7,4
105(E1),E,W,-4.035,0.03767,4.5,4
105(E1),E,Y,-5.809,0.1031,9,4
105(E2),C,*,-6.108,0,1.5,2
105(E2),C,-,0.01705,0.2491,1,4
105(E2),C,A,-5.075,0.09007,6.5,4
105(E2),C,C,0,0,,4
105(E2),C,D,-5.886,0,9,4
105(E2),C,E,-5.21,0,4.5,4
105(E2),C,F,-6.652,0,8,4
105(E2),C,G,-6.171,0,6.5,4
105(E2),C,H,-6.434,0,9,4
105(E2),C,I,-6.386,0,6.5,4
105(E2),C,K,-4.945,0,3.5,4
105(E2),C,L,-6.456,0,4.5,4
105(E2),C,M,-6.801,0,7,4
105(E2),C,N,-6.178,0,5.5,4
105(E2),C,P,-5.857,0,9,4
105(E2),C,Q,-6.297,0.1061,7.5,4
105(E2),C,R,-5.909,0,7,4
105(E2),C,S,-6.382,0,10.5,4
105(E2),C,T,-6.439,0,10.5,4
105(E2),C,V,-8.849,0,6,4
105(E2),C,W,-6.346,0,6.5,4
105(E2),C,Y,-6.707,0,14.5,4
106(E1),A,*,-7.917,0,0.5,2
106(E1),A,-,-0.6161,0.01932,1,4
106(E1),A,A,0,0,,4
106(E1),A,C,-3.459,0.2501,11,4
106(E1),A,D,-7.057,0,10.5,4
106(E1),A,E,-6.493,0,6,4
106(E1),A,F,-6.949,0,7,4
106(E1),A,G,-1.247,0.3211,4,4
106(E1),A,H,-6.678,0,4.5,4
106(E1),A,I,-1.965,0.2128,7.5,4
106(E1),A,K,-6.592,0,7,4
106(E1),A,L,-2.764,0.4363,8,4
106(E1),A,M,-2.871,0.2743,10.5,4
106(E1),A,N,-6.178,0,8.5,4
106(E1),A,P,-7.193,0,5.5,4
106(E1),A,Q,-7.19,0,5,4
106(E1),A,R,-7.059,0,8,4
106(E1),A,S,-2.998,0.2799,12.25,4
106(E1),A,T,-4.448,0.08011,25.25,4
106(E1),A,V,-2.154,0.8897,18.5,4
106(E1),A,W,-6.925,0,9.5,4
106(E1),A,Y,-6.549,0,8.5,4
106(E2),P,-,-0.1094,0.1894,1,4
106(E2),P,A,-0.9821,0.1625,6.5,4
106(E2),P,C,-2.904,0.3432,5.5,4
106(E2),P,D,-1.645,0.3013,8.5,4
106(E2),P,E,-1.874,0.1484,6,4
106(E2),P,F,-1.291,0.6266,4.25,4
106(E2),P,G,-1.909,0.4615,5.5,4
106(E2),P,H,-1.211,0.1611,9.5,4
106(E2),P,I,-1.526,0.403,3.75,4
106(E2),P,K,-1.476,0.1426,5,4
106(E2),P,L,-1.794,0.6901,6.5,4
106(E2),P,M,-1.362,0.9611,8,4
106(E2),P,N,-0.4831,0.567,4,4
106(E2),P,P,0,0,,4
106(E2),P,Q,-0.0359,0.5426,5,4
106(E2),P,R,-1.663,0.2421,8,4
106(E2),P,S,-0.9449,0.1957,10,4
106(E2),P,T,-0.3881,0.2973,9,4
106(E2),P,V,-0.4868,0.7949,7,4
106(E2),P,W,-1.887,0.4395,6,4
106(E2),P,Y,-1.565,0.3599,4.5,4
107(E1),H,-,-3.233,1.414,2.5,4
107(E1),H,A,-3.016,0.1881,5,4
107(E1),H,C,-5.337,0.02165,6,4
107(E1),H,D,-6.869,0,9,4
107(E1),H,E,-6.46,0,4.5,4
107(E1),H,F,-1.826,0.1708,7.5,4
107(E1),H,G,-6.357,0,7,4
107(E1),H,H,0,0,,4
107(E1),H,I,-7.328,0,7,4
107(E1),H,K,-6.098,0,5.5,4
107(E1),H,L,-5.31,0,5.25,4
107(E1),H,M,-3.262,0.2573,7,4
107(E1),H,N,-1.977,0.5869,5,4
107(E1),H,P,-7.506,0,29.25,4
107(E1),H,Q,-5.356,0,13,4
107(E1),H,R,-4.349,0.1134,7,4
107(E1),H,S,-1.201,0.3819,3,4
107(E1),H,T,-4.905,0,6,4
107(E1),H,V,-6.611,0,12.5,4
107(E1),H,W,1.214,1.312,3,4
107(E1),H,Y,-1.791,1.152,6,4
107(E2),K,-,-1.191,0.06374,1,4
107(E2),K,A,0.1005,0.1154,10,4
107(E2),K,C,-1.248,0.4307,6,4
107(E2),K,D,-0.872,0.2029,10.5,4
107(E2),K,E,-1.381,0.09408,7.5,4
107(E2),K,F,-0.7574,0.9877,8,4
107(E2),K,G,-0.4056,0.6561,6.5,4
107(E2),K,H,-0.01105,0.8878,5.5,4
107(E2),K,I,1.196,0.5449,9,4
107(E2),K,K,0,0,,4
107(E2),K,L,0.2837,0.5957,10,4
107(E2),K,M,0.8986,1.563,3.5,4
107(E2),K,N,0.2607,0.6363,8.5,4
107(E2),K,P,2.105,1.308,8.5,4
107(E2),K,Q,-0.7479,0.5016,7.5,4
107(E2),K,R,-0.509,0.03265,11.5,4
107(E2),K,S,0.3592,1.083,7.25,4
107(E2),K,T,-0.2042,0.4633,6.5,4
107(E2),K,V,-0.043,1.534,11,4
107(E2),K,W,-2.691,0.4414,5,4
107(E2),K,Y,-0.7182,0.1168,10,4
108(E1),V,-,-0.7147,0.2008,2,4
108(E1),V,A,-3.667,0.3923,10.25,4
108(E1),V,C,-4.253,0.0931,5.5,4
108(E1),V,D,-6.7,0,7,4
108(E1),V,E,-7.492,0,8,4
108(E1),V,F,-6.986,0,6,4
108(E1),V,G,-7.019,0,7.75,4
108(E1),V,H,-7.253,0,7,4
108(E1),V,I,-0.6298,0.7639,7.75,4
108(E1),V,K,-7.114,0,7,4
108(E1),V,L,-2.774,0.3098,15.5,4
108(E1),V,M,-7.085,0,22,4
108(E1),V,N,-7.758,0,10,4
108(E1),V,P,-6.258,0,7.25,4
108(E1),V,Q,-7.637,0,13,4
108(E1),V,R,-6.631,0,8,4
108(E1),V,S,-3.755,1.85,4.5,4
108(E1),V,T,-2.21,0.7345,8.5,4
108(E1),V,V,0,0,,4
108(E1),V,W,-6.261,0,4,4
108(E1),V,Y,-7.274,0,8.5,4
108(E2),G,-,-0.6912,0.4371,1.5,4
108(E2),G,A,-0.8178,0.2587,8.5,4
108(E2),G,C,-6.924,0,10.5,4
108(E2),G,D,-6.935,0,14,4
108(E2),G,E,-6.111,0,7,4
108(E2),G,F,-7.504,0,12,4
108(E2),G,G,0,0,,4
108(E2),G,H,-3.774,0.3661,4,4
108(E2),G,I,-5.971,0,6.5,4
108(E2),G,K,-6.462,0,7,4
108(E2),G,L,-6.577,0,8.5,4
108(E2),G,M,-7.67,0,8.5,4
108(E2),G,N,-6.376,0,8,4
108(E2),G,P,-6.819,0,7.75,4
108(E2),G,Q,-5.969,0,7,4
108(E2),G,R,-4.364,0.2907,4,4
108(E2),G,S,-2.226,0.4733,6.75,4
108(E2),G,T,-6.286,0,5.5,4
108(E2),G,V,-7.44,0,13,4
108(E2),G,W,-6.386,0,7.5,4
108(E2),G,Y,-6.267,0,6,4
109(E1),E,*,-3.3,0.6957,3,4
109(E1),E,-,-1.018,0.4555,2.5,4
109(E1),E,A,-1.325,0.3752,5,4
109(E1),E,C,-2.012,0.3106,6.5,4
109(E1),E,D,-0.656,0.7623,5,4
109(E1),E,E,0,0,,4
109(E1),E,F,-1.234,1.016,3.5,4
109(E1),E,G,-1.318,0.6707,6.5,4
109(E1),E,H,-1.579,1.028,7.5,4
109(E1),E,I,-1.49,0.6432,6.25,4
109(E1),E,K,-1.895,0.1747,62.25,4
109(E1),E,L,-0.5299,0.8618,7.5,4
109(E1),E,M,-1.512,2.47,5.5,4
109(E1),E,N,-1.359,0.8025,7.5,4
109(E1),E,P,-6.96,0,7,4
109(E1),E,Q,-1.188,1.015,4.5,4
109(E1),E,R,-2.957,0.8324,4.75,4
109(E1),E,S,-1.828,0.2627,4.5,4
109(E1),E,T,-1.014,1.251,5.5,4
109(E1),E,V,-0.9387,0.1727,5,4
109(E1),E,W,-2.513,0.2484,7.5,4
109(E1),E,Y,-2.318,0.3022,7.5,4
109(E2),E,*,-6.189,0,2.5,4
109(E2),E,-,-0.1907,0.143,2,4
109(E2),E,A,-1.272,0.414,9.5,4
109(E2),E,C,-1.655,0.0779,6.5,4
109(E2),E,D,-0.09362,0.09259,9,4
109(E2),E,E,0,0,,4
109(E2),E,F,2.158,1.679,10.5,4
109(E2),E,G,-0.726,1.938,5.5,4
109(E2),E,H,2.159,1.118,9,4
109(E2),E,I,-3.152,0.6941,5.5,4
109(E2),E,K,-2.435,0.5062,16.5,4
109(E2),E,L,-1.736,0.2358,7,4
109(E2),E,M,-1.071,0.1331,6,4
109(E2),E,N,-0.7791,0.6769,6.5,4
109(E2),E,P,-1.238,0.2498,5,4
109(E2),E,Q,-1.042,0.1468,8,4
109(E2),E,R,-1.619,0.8214,5,4
109(E2),E,S,-1.848,1.038,4,4
109(E2),E,T,-2.558,0.3365,6,4
109(E2),E,V,-1.125,0.2499,9.5,4
109(E2),E,W,1.533,1.258,6.5,4
109(E2),E,Y,-0.1999,0.4572,6.5,4
11(6K),W,*,-9.016,0,46.75,4
11(6K),W,-,-0.06971,0.4085,1,4
11(6K),W,A,1.547,1.306,6.5,4
11(6K),W,C,-0.03478,0.6433,10.75,4
11(6K),W,D,1.195,1.384,6,4
11(6K),W,E,-1.025,0.6004,8,4
11(6K),W,F,-0.0031,0.5801,12.5,4
11(6K),W,G,0.4659,1.533,9.5,4
11(6K),W,H,1.164,1.048,8,4
11(6K),W,I,0.37,0.9596,9.5,4
11(6K),W,K,1.383,0.958,5,4
11(6K),W,L,1.741,1.122,15.5,4
11(6K),W,M,-0.2615,0.646,10.25,4
11(6K),W,N,0.9379,0.6438,6.5,4
11(6K),W,P,-0.5797,0.1939,13.5,4
11(6K),W,Q,0.3424,0.3571,9,4
11(6K),W,R,0.1293,0.8681,9.5,4
11(6K),W,S,-0.1883,0.9872,6,4
11(6K),W,T,0.771,0.8066,6,4
11(6K),W,V,0.00189,0.6789,11,4
11(6K),W,W,0,0,,4
11(6K),W,Y,0.5049,1.705,4.5,4
11(E1),V,-,-0.6239,0.03015,1.5,2
11(E1),V,A,-0.8958,0.9902,14.25,4
11(E1),V,C,1.76,0.6321,6,4
11(E1),V,D,-5.664,0,5,4
11(E1),V,E,-2.523,0.8426,6.5,4
11(E1),V,F,-1.741,0.3718,4,4
11(E1),V,G,-2.962,0.3851,6.5,4
11(E1),V,H,-1.4,1.143,3.5,4
11(E1),V,I,-1.785,0.525,3.5,4
11(E1),V,K,-1.285,2.139,8,4
11(E1),V,L,-2.992,0.5561,13,4
11(E1),V,M,-0.9813,0.497,19,4
11(E1),V,N,-0.7764,1.009,7,4
11(E1),V,P,0.2957,0.2732,4.5,4
11(E1),V,Q,-0.09895,0.9771,5.5,4
11(E1),V,R,-2.09,0.4541,6.5,4
11(E1),V,S,-1.712,0.3338,7,4
11(E1),V,T,-6.989,0,5.5,4
11(E1),V,V,0,0,,4
11(E1),V,W,-2.36,0.8713,6,4
11(E1),V,Y,-2.732,0.2897,8,4
11(E2),A,-,-2.087,1.15,2,4
11(E2),A,A,0,0,,4
11(E2),A,C,-0.8643,0.6325,6.5,4
11(E2),A,D,-5.83,0,8.5,4
11(E2),A,E,-4.768,0.2586,4.5,4
11(E2),A,F,-0.4928,0.3001,5,4
11(E2),A,G,-1.482,0.4675,4.5,4
11(E2),A,H,-3.373,0.5607,5,4
11(E2),A,I,-0.6072,1.073,5.5,4
11(E2),A,K,-6.23,0,4.5,4
11(E2),A,L,-0.07555,0.196,5.5,4
11(E2),A,M,-1.191,0.4878,7.5,4
11(E2),A,N,-0.911,2.633,4,4
11(E2),A,P,-4.038,0.2604,8,4
11(E2),A,Q,-3.462,0.6229,5.5,4
11(E2),A,R,-5.47,0,7,4
11(E2),A,S,-0.2664,0.2361,12.5,4
11(E2),A,T,-0.1501,0.3266,16.75,4
11(E2),A,V,-0.5306,0.2613,11.5,4
11(E2),A,W,-6.376,0,7.5,4
11(E2),A,Y,-2.413,0.3617,9.5,4
11(E3),A,-,-0.6811,0.5715,1,4
11(E3),A,A,0,0,,4
11(E3),A,C,-0.4113,0.2425,7,4
11(E3),A,D,-6.974,0,7.75,4
11(E3),A,E,-7.46,0,5.5,4
11(E3),A,F,-0.3523,0.6846,7.5,4
11(E3),A,G,-4.101,0.5486,12.5,4
11(E3),A,H,-4.55,0.2169,8.5,4
11(E3),A,I,-0.06202,0.08582,6.5,4
11(E3),A,K,-5.793,0,8,4
11(E3),A,L,-0.1893,0.1221,9.5,4
11(E3),A,M,1.93,1.064,3.5,4
11(E3),A,N,-5.688,0,6,4
11(E3),A,P,-5.704,0,13,4
11(E3),A,Q,-0.815,0.22,7.75,4
11(E3),A,R,-6.329,0,5.5,4
11(E3),A,S,-1.173,0.401,10.25,4
11(E3),A,T,-0.4946,0.4273,21,4
11(E3),A,V,0.0047,0.3305,16.5,4
11(E3),A,W,-0.3842,0.4708,6,4
11(E3),A,Y,-0.5411,0.9828,4.75,4
110(E1),K,*,-0.3039,0.00405,0.5,2
110(E1),K,-,-0.7377,0.1698,2.5,4
110(E1),K,A,-2.608,0.4917,6,4
110(E1),K,C,-5.889,0,8.75,4
110(E1),K,D,-6.788,0,8,4
110(E1),K,E,-3.142,0.1743,7.5,4
110(E1),K,F,-3.285,0.2625,5.5,4
110(E1),K,G,-3.546,0.4552,5,4
110(E1),K,H,-2.766,0.288,6.5,4
110(E1),K,I,-2.873,0.9127,4.25,4
110(E1),K,K,0,0,,4
110(E1),K,L,-3.704,0.6285,4.5,4
110(E1),K,M,-2.465,0.9266,4,4
110(E1),K,N,-3.802,0.4596,12,4
110(E1),K,P,-2.83,0.1285,7,4
110(E1),K,Q,-2.347,0.7581,5,4
110(E1),K,R,-2.037,0.9717,7.5,4
110(E1),K,S,-2.648,0.3964,7.5,4
110(E1),K,T,-2.955,0.2148,10,4
110(E1),K,V,-3.152,0.3889,5.5,4
110(E1),K,W,-2.902,0.1026,7.75,4
110(E1),K,Y,-3.257,0.1145,11,4
110(E2),T,-,-1.459,0.2162,2,4
110(E2),T,A,0.03398,0.3985,11.5,4
110(E2),T,C,-0.7574,0.4798,6,4
110(E2),T,D,-3.11,1.541,4,4
110(E2),T,E,-2.022,0.3724,7,4
110(E2),T,F,-2.55,0.3768,7.5,4
110(E2),T,G,-0.8384,0.2613,5,4
110(E2),T,H,-1.561,0.1225,7.25,4
110(E2),T,I,1.061,0.35,8.5,4
110(E2),T,K,-1.602,0.353,9,4
110(E2),T,L,-0.7339,0.3713,8.5,4
110(E2),T,M,-0.8271,0.3184,6,4
110(E2),T,N,-3.812,0.2965,12.5,4
110(E2),T,P,-5.386,0,9,4
110(E2),T,Q,-1.111,0.6928,7.5,4
110(E2),T,R,-0.8119,0.3945,6,4
110(E2),T,S,0.0441,0.2967,7,4
110(E2),T,T,0,0,,4
110(E2),T,V,-0.101,1.401,8,4
110(E2),T,W,-1.376,1.386,3,4
110(E2),T,Y,-2.291,0.05634,9.5,4
111(E1),S,-,-0.0146,0.6731,2,4
111(E1),S,A,-1.824,0.4539,7,4
111(E1),S,C,-2.645,0.6229,6.5,4
111(E1),S,D,-6.493,0,4.5,4
111(E1),S,E,-2.587,0.3922,6.5,4
111(E1),S,F,-7.201,0,4.5,4
111(E1),S,G,0.1854,0.714,10,4
111(E1),S,H,-7.062,0,5,4
111(E1),S,I,-4.729,0.152,10,4
111(E1),S,K,-4.915,0.1173,4.5,4
111(E1),S,L,-3.459,0.1125,7.5,4
111(E1),S,M,1.318,2.117,7,4
111(E1),S,N,-7.2,0,17,4
111(E1),S,P,2.286,2.041,6,4
111(E1),S,Q,-2.032,0.4021,5.25,4
111(E1),S,R,-3.216,0.1698,8,4
111(E1),S,S,0,0,,4
111(E1),S,T,-0.8702,0.3779,12.5,4
111(E1),S,V,-2.806,0.1184,7,4
111(E1),S,W,-7.21,0.06279,8.5,4
111(E1),S,Y,-5.848,0,7,4
111(E2),L,-,-0.9866,0.572,2,4
111(E2),L,A,-2.149,0.1084,7.5,4
111(E2),L,C,-1.575,0.1984,9,4
111(E2),L,D,-6.588,0,7.25,4
111(E2),L,E,-6.997,0,10,4
111(E2),L,F,-2.116,0.6663,4.5,4
111(E2),L,G,-6.538,0,6.5,4
111(E2),L,H,-5.229,0,8.5,4
111(E2),L,I,1.416,0.5475,5,4
111(E2),L,K,-6.777,0,8.75,4
111(E2),L,L,0,0,,4
111(E2),L,M,0.3689,0.3629,9.5,4
111(E2),L,N,-6.341,0,3,2
111(E2),L,P,-6.583,0,15.5,4
111(E2),L,Q,-6.098,0.3377,2.5,4
111(E2),L,R,-8.04,0,7.5,4
111(E2),L,S,-6.442,0,7,4
111(E2),L,T,-3.455,0.3422,4.5,4
111(E2),L,V,-0.6643,0.2535,12,4
111(E2),L,W,-6.701,0,5.5,4
111(E2),L,Y,-7.159,0,9,4
112(E1),E,*,-4.662,0.04806,3,4
112(E1),E,-,-0.3562,0.4743,2,4
112(E1),E,A,1.257,1.488,8.5,4
112(E1),E,C,-2.555,0.2179,8.25,4
112(E1),E,D,-1.341,0.2923,12,4
112(E1),E,E,0,0,,4
112(E1),E,F,-0.1931,0.488,7,4
112(E1),E,G,0.7784,1.192,6.5,4
112(E1),E,H,0.8983,0.375,7,4
112(E1),E,I,-1.096,0.4646,7.5,4
112(E1),E,K,-4.108,0.1502,15.5,4
112(E1),E,L,-2.659,0.6134,6,4
112(E1),E,M,-1.718,0.2388,7.5,4
112(E1),E,N,-1.713,0.4711,3.5,4
112(E1),E,P,-1.821,1.051,5,4
112(E1),E,Q,-1.782,1.433,9,4
112(E1),E,R,-4.336,0,4,4
112(E1),E,S,-0.159,0.643,4.5,4
112(E1),E,T,-1.679,0.2325,7,4
112(E1),E,V,-1.321,0.3759,7,4
112(E1),E,W,0.03535,0.6801,4.5,4
112(E1),E,Y,1.521,1.348,4.5,4
112(E2),T,-,-0.3547,0.01734,2,4
112(E2),T,A,-2.306,0.1702,12.5,4
112(E2),T,C,-2.133,0.2913,9.75,4
112(E2),T,D,-6.617,0,8.5,4
112(E2),T,E,-2.123,0.1364,5,4
112(E2),T,F,-6.042,0,11.5,4
112(E2),T,G,-1.816,0.4128,7,4
112(E2),T,H,-6.652,0,8,4
112(E2),T,I,-6.858,0,12.5,4
112(E2),T,K,-1.864,0.2685,5,4
112(E2),T,L,-6.575,0,7,4
112(E2),T,M,-1.656,0.2631,6.5,4
112(E2),T,N,-4.103,0.1162,6,4
112(E2),T,P,-6.719,0,8,4
112(E2),T,Q,-2.019,0.8656,5,4
112(E2),T,R,-3.905,0.5718,5,4
112(E2),T,S,-0.3427,0.3692,8.5,4
112(E2),T,T,0,0,,4
112(E2),T,V,-2.438,1.132,8,4
112(E2),T,W,-6.077,0,5.5,4
112(E2),T,Y,-6.546,0,10.5,4
113(E1),S,-,-2.663,1.652,2.5,4
113(E1),S,A,-1.024,0.7301,6.5,4
113(E1),S,C,-4.341,0.4098,6,4
113(E1),S,D,-7.148,0,6,4
113(E1),S,E,-7.183,0,7.5,4
113(E1),S,F,-6.457,0,9.5,4
113(E1),S,G,0.435,0.5413,5.5,4
113(E1),S,H,-5.947,0,5,4
113(E1),S,I,-5.983,0,10,4
113(E1),S,K,-6.877,0,6.5,4
113(E1),S,L,-7.193,0,10,4
113(E1),S,M,-4.624,0,5,4
113(E1),S,N,-6.756,0,17,4
113(E1),S,P,-7.329,0,29,4
113(E1),S,Q,-6.891,0,4,4
113(E1),S,R,-7.609,0,11,4
113(E1),S,S,0,0,,4
113(E1),S,T,-6.058,0,4.5,4
113(E1),S,V,-2.676,0.3952,5.5,4
113(E1),S,W,-6.819,0,6,4
113(E1),S,Y,-6.472,0,8,4
113(E2),V,-,-0.8427,0.7353,2,4
113(E2),V,A,-1.191,0.2141,7.5,4
113(E2),V,C,-0.9444,0.1833,5.5,4
113(E2),V,D,-6.572,0,6.5,4
113(E2),V,E,-6.347,0,9.5,4
113(E2),V,F,-5.757,0,8.5,4
113(E2),V,G,-5.058,0,6.5,4
113(E2),V,H,-6.598,0,8.5,4
113(E2),V,I,-0.9186,0.6554,6.5,4
113(E2),V,K,-5.786,0,10,4
113(E2),V,L,-2.745,0.2798,13,4
113(E2),V,M,-5.079,0,28,4
113(E2),V,N,-6.893,0,8,4
113(E2),V,P,-5.897,0,7,4
113(E2),V,Q,-7.133,0,4.5,4
113(E2),V,R,-6.255,0,6,4
113(E2),V,S,-6.098,0,10.5,4
113(E2),V,T,-0.9626,0.1892,5,4
113(E2),V,V,0,0,,4
113(E2),V,W,-6.266,0,8.5,4
113(E2),V,Y,-6.568,0,7,4
114(E1),C,*,-1.634,3.648,2,4
114(E1),C,-,-0.1608,0.3604,1.5,4
114(E1),C,A,-7.435,0,10,4
114(E1),C,C,0,0,,4
114(E1),C,D,-7.159,0,5,4
114(E1),C,E,-6.91,0,4.5,4
114(E1),C,F,-7.14,0,14,4
114(E1),C,G,-6.172,0,6,4
114(E1),C,H,-6.86,0,5,4
114(E1),C,I,-5.929,0,8.5,4
114(E1),C,K,-7.562,0,6,4
114(E1),C,L,-6.405,0,5,4
114(E1),C,M,-7.175,0,6,4
114(E1),C,N,-6.908,0,5,4
114(E1),C,P,-7.247,0,8,4
114(E1),C,Q,-7.022,0,5.5,4
114(E1),C,R,-7.269,0,12.5,4
114(E1),C,S,-9.858,0,15,4
114(E1),C,T,-7.362,0,6.5,4
114(E1),C,V,-7.396,0,8.5,4
114(E1),C,W,-6.519,0,4.5,4
114(E1),C,Y,-8.739,0,57.75,4
114(E2),G,-,-0.4402,0.5693,2,4
114(E2),G,A,-1.559,0.6389,9.5,4
114(E2),G,C,-2.406,0.8606,10.5,4
114(E2),G,D,-3.138,0.6494,16.5,4
114(E2),G,E,-0.8178,0.1897,6.5,4
114(E2),G,F,-2.875,0.2177,3,4
114(E2),G,G,0,0,,4
114(E2),G,H,-1.833,0.1191,6,4
114(E2),G,I,-2.566,0.163,7,4
114(E2),G,K,-3.833,0.3962,7,4
114(E2),G,L,-1.817,0.05558,5,4
114(E2),G,M,-1.238,0.1253,11.5,4
114(E2),G,N,-3.3,0.355,2.5,4
114(E2),G,P,-5.645,0,9,4
114(E2),G,Q,-0.8965,0.1854,6.5,4
114(E2),G,R,-3.207,0.4392,6.75,4
114(E2),G,S,-0.5878,0.3714,13,4
114(E2),G,T,-0.9533,0.1916,6.5,4
114(E2),G,V,-2.135,0.1659,16.5,4
114(E2),G,W,-2.26,0.5254,3,4
114(E2),G,Y,-1.778,0.6071,4.5,4
115(E1),K,*,-4.489,0,0.5,2
115(E1),K,-,-0.3065,0.8306,1.5,4
115(E1),K,A,-1.891,0.4247,7,4
115(E1),K,C,-1.321,0.6187,6,4
115(E1),K,D,-2.322,0.3302,6,4
115(E1),K,E,-1.099,0.378,6.5,4
115(E1),K,F,-0.3548,0.8954,9,4
115(E1),K,G,-1.388,1.199,6,4
115(E1),K,H,-0.7352,1.377,8,4
115(E1),K,I,-2.034,0.3787,6,4
115(E1),K,K,0,0,,4
115(E1),K,L,-1.697,0.3535,4.5,4
115(E1),K,M,-1.093,1.033,8,4
115(E1),K,N,-1.438,1.099,10,4
115(E1),K,P,-0.4766,1.567,8.5,4
115(E1),K,Q,-1.748,0.9599,3.5,4
115(E1),K,R,0.8399,1.196,8,4
115(E1),K,S,-1.459,0.3703,7.75,4
115(E1),K,T,-1.666,1.097,8,4
115(E1),K,V,-1.888,0.3083,7.5,4
115(E1),K,W,-2.149,0.2692,6.5,4
115(E1),K,Y,-0.5001,1.179,7.5,4
115(E2),F,-,-0.9575,0.2555,2,4
115(E2),F,A,-5.832,0,6.5,4
115(E2),F,C,-6.785,0,9,4
115(E2),F,D,-6.329,0,5.5,4
115(E2),F,E,-5.278,0,3.5,4
115(E2),F,F,0,0,,4
115(E2),F,G,-6.258,0,5.5,4
115(E2),F,H,-6.045,0,11.5,4
115(E2),F,I,-4.835,0,8.5,4
115(E2),F,K,-6.33,0,4.75,4
115(E2),F,L,-4.909,0.0879,11,4
115(E2),F,M,-1.801,0.1422,7,4
115(E2),F,N,-6.56,0,3.5,4
115(E2),F,P,-6.147,0,5,4
115(E2),F,Q,-6.039,0,6,4
115(E2),F,R,-6.322,0,8,4
115(E2),F,S,-6.423,0,12,4
115(E2),F,T,-6.939,0,8.5,4
115(E2),F,V,-5.679,0,7.5,4
115(E2),F,W,-6.17,0,6,4
115(E2),F,Y,-2.628,0.2406,4.5,4
116(E1),T,-,-0.727,1.447,2,4
116(E1),T,A,-0.5031,0.9828,3,4
116(E1),T,C,-1.889,0.0505,3,2
116(E1),T,D,-4.883,0.1867,6,4
116(E1),T,E,-2.03,0.2205,3,4
116(E1),T,F,-1.659,0.8681,6.5,4
116(E1),T,G,-1.683,2.588,6.5,4
116(E1),T,H,-0.9466,0.9094,4.5,4
116(E1),T,I,-2.393,0.2415,13.5,4
116(E1),T,K,-1.952,0.2897,3.5,4
116(E1),T,L,-1.647,0.213,5,4
116(E1),T,M,-1.049,0.9743,8.5,4
116(E1),T,N,-1.183,0.4169,8,4
116(E1),T,P,-6.84,0,7.5,4
116(E1),T,Q,-0.9786,1.528,4,4
116(E1),T,R,-2.95,0.2051,5.5,4
116(E1),T,S,-0.7943,0.7839,7,4
116(E1),T,T,0,0,,4
116(E1),T,V,-0.6491,1.195,4.5,4
116(E1),T,W,-1.744,0.5246,6.5,4
116(E1),T,Y,-2.092,0.7643,7,4
116(E2),T,-,-0.5904,0.1745,1.5,4
116(E2),T,A,-0.7585,0.2739,10.5,4
116(E2),T,C,-0.7931,1.019,3.5,4
116(E2),T,D,0.2291,0.3829,6,4
116(E2),T,E,-0.6609,0.0999,8.5,4
116(E2),T,F,-1.174,0.3982,4.5,4
116(E2),T,G,-2.087,0.417,6,4
116(E2),T,H,-1.415,0.6241,10.5,4
116(E2),T,I,0.6051,0.08515,17.5,4
116(E2),T,K,-2.756,0.2756,8.5,4
116(E2),T,L,0.0695,1.515,6.5,4
116(E2),T,M,0.5071,0.4066,4.5,4
116(E2),T,N,-1.499,0.2134,5,4
116(E2),T,P,-6.838,0,9,4
116(E2),T,Q,0.6765,1.094,6.5,4
116(E2),T,R,-2.886,0.2337,7,4
116(E2),T,S,-1.234,0.1662,5.5,4
116(E2),T,T,0,0,,4
116(E2),T,V,0.3089,0.7577,9,4
116(E2),T,W,-1.399,0.2564,5.5,4
116(E2),T,Y,-0.3702,0.2463,7.75,4
117(E1),E,*,-8.215,0,5.5,4
117(E1),E,-,-0.6754,0.1773,1,2
117(E1),E,A,-6.306,0,8.5,4
117(E1),E,C,-7.073,0,10.5,4
117(E1),E,D,-6.075,0,10.5,4
117(E1),E,E,0,0,,4
117(E1),E,F,-6.09,0,8.5,4
117(E1),E,G,-5.294,0,3.5,4
117(E1),E,H,-5.143,0,3.5,4
117(E1),E,I,-6.141,0,7,4
117(E1),E,K,-6.806,0,22.5,4
117(E1),E,L,-7.553,0,7,4
117(E1),E,M,-4.994,0,7,4
117(E1),E,N,-5.034,0.2122,6.5,4
117(E1),E,P,-5.695,0,10,4
117(E1),E,Q,-4.053,0.1969,10.5,4
117(E1),E,R,-7.364,0,7,4
117(E1),E,S,-7.087,0,6.5,4
117(E1),E,T,-6.497,0,5,4
117(E1),E,V,-7.072,0,7,4
117(E1),E,W,-6.825,0,6.5,4
117(E1),E,Y,-6.901,0,11.75,4
117(E2),D,-,-0.8216,0.02005,0.5,2
117(E2),D,A,-5.998,0,5.5,4
117(E2),D,C,-2.654,0.2502,12,4
117(E2),D,D,0,0,,4
117(E2),D,E,-4.087,0.3807,11.5,4
117(E2),D,F,-5.67,0,14,4
117(E2),D,G,-1.742,0.1697,9.5,4
117(E2),D,H,-6.094,0,11,4
117(E2),D,I,-5.907,0.2143,8,4
117(E2),D,K,-5.957,0,8.5,4
117(E2),D,L,-6.505,0,8,4
117(E2),D,M,-6.397,0,7.5,4
117(E2),D,N,-4.019,0.3147,9.5,4
117(E2),D,P,-5.169,0.2529,8,4
117(E2),D,Q,-6.191,0,8,4
117(E2),D,R,-5.285,0.1005,4.5,4
117(E2),D,S,-2.407,0.1771,9,4
117(E2),D,T,-3.045,0.2747,7.5,4
117(E2),D,V,-5.578,0,4.5,4
117(E2),D,W,-5.809,0,9,4
117(E2),D,Y,-6.64,0,13.5,4
118(E1),F,-,-0.07375,0.08285,0.5,2
118(E1),F,A,-5.154,0.1039,5.5,4
118(E1),F,C,-6.069,0,6,4
118(E1),F,D,-6.019,0,3.5,4
118(E1),F,E,-6.381,0,7.5,4
118(E1),F,F,0,0,,4
118(E1),F,G,-5.311,0,4,4
118(E1),F,H,-0.9022,1.042,3.5,4
118(E1),F,I,-3.913,0.4239,7.5,4
118(E1),F,K,-2.075,0.708,5,4
118(E1),F,L,-2.468,0.1713,6.5,4
118(E1),F,M,-2.538,0.8389,8,4
118(E1),F,N,-3.639,0.1902,4.5,4
118(E1),F,P,-7.268,0,6,4
118(E1),F,Q,-4.458,0.2939,4,4
118(E1),F,R,-3.237,0.1945,4,4
118(E1),F,S,-2.256,1.071,3.5,4
118(E1),F,T,-7.42,0,4.5,2
118(E1),F,V,-2.792,0.4497,12.5,4
118(E1),F,W,-0.6948,0.7643,2.5,4
118(E1),F,Y,-0.6136,0.5239,3.5,4
118(E2),G,A,0.5717,1.046,6,4
118(E2),G,C,-0.269,0.1514,8.75,4
118(E2),G,D,0.4548,0.4047,36.5,4
118(E2),G,E,-0.152,1.256,8.25,4
118(E2),G,F,-0.01255,0.2258,9,4
118(E2),G,G,0,0,,4
118(E2),G,H,-1.51,0.5064,6.5,4
118(E2),G,I,1.047,0.8989,12.5,4
118(E2),G,K,-2.711,0.4287,7,4
118(E2),G,L,0.1864,0.7314,7.5,4
118(E2),G,M,-0.2162,0.592,11.75,4
118(E2),G,N,1.431,2.759,5,4
118(E2),G,P,-0.6882,0.4931,11.5,4
118(E2),G,Q,0.2834,1.067,7,4
118(E2),G,R,-2.754,0.2223,8.5,4
118(E2),G,S,0.5526,0.7832,11.5,4
118(E2),G,T,-0.3403,0.2956,11,4
118(E2),G,V,0.6347,0.3403,13.75,4
118(E2),G,W,-1.229,0.6074,7.5,4
118(E2),G,Y,-0.9875,0.7186,5,4
119(E1),A,-,-0.4098,0.08635,0.5,2
119(E1),A,A,0,0,,4
119(E1),A,C,-6.755,0,4.75,4
119(E1),A,D,-6.533,0,10,4
119(E1),A,E,-6.825,0,4.5,4
119(E1),A,F,-7.599,0,7,4
119(E1),A,G,-2.921,0.6478,6.5,4
119(E1),A,H,-6.58,0.07967,2.5,4
119(E1),A,I,-6.851,0,7.5,4
119(E1),A,K,-7.253,0,7,4
119(E1),A,L,-7.252,0,5,4
119(E1),A,M,-4.372,0.2633,4.5,4
119(E1),A,N,-7.362,0,5,4
119(E1),A,P,-6.098,0,6.25,4
119(E1),A,Q,-5.72,0.1823,5.5,4
119(E1),A,R,-5.466,0.1533,6.5,4
119(E1),A,S,-3.244,0.3077,14,4
119(E1),A,T,-7.79,0,24,4
119(E1),A,V,-2.014,0.3215,32,4
119(E1),A,W,-6.139,0,5,4
119(E1),A,Y,-6.957,0,7,4
119(E2),R,A,-2.752,0.3957,8.5,4
119(E2),R,C,-4.679,0.1044,9,4
119(E2),R,D,-3.236,0.4498,6,4
119(E2),R,E,-3.204,0.5135,6.5,4
119(E2),R,F,-2.832,0.2315,12,4
119(E2),R,G,-3.111,0.6303,9,4
119(E2),R,H,-2.458,0.6538,8,4
119(E2),R,I,-3.209,0.5283,10.5,4
119(E2),R,K,-2.344,0.3223,10.5,4
119(E2),R,L,-2.633,0.2138,5.5,4
119(E2),R,M,-2.888,0.6574,6.5,4
119(E2),R,N,-2.502,0.7838,8,4
119(E2),R,P,-4.38,0.08487,9,4
119(E2),R,Q,-2.808,0.09741,8.5,4
119(E2),R,R,0,0,,4
119(E2),R,S,-2.575,0.3695,7,4
119(E2),R,T,-3.451,0.4708,9,4
119(E2),R,V,-3.583,0.7179,5.25,4
119(E2),R,W,-2.484,0.4167,7,4
119(E2),R,Y,-2.498,0.2208,10,4
12(6K),N,*,-6.912,0,8,4
12(6K),N,-,-0.001,0.2408,1,4
12(6K),N,A,0.7536,1.177,10,4
12(6K),N,C,0.5215,0.4709,11,4
12(6K),N,D,0.3286,1.366,8.5,4
12(6K),N,E,1.319,1.624,7.75,4
12(6K),N,F,0.2829,0.7139,10.5,4
12(6K),N,G,-0.5326,2.475,5.5,4
12(6K),N,H,-0.5198,0.7613,10.75,4
12(6K),N,I,1.277,0.5497,8.5,4
12(6K),N,K,0.07905,0.2048,8.5,4
12(6K),N,L,-0.6754,0.9955,9,4
12(6K),N,M,-0.8469,0.4884,9,4
12(6K),N,N,0,0,,4
12(6K),N,P,-1.512,0.2948,9.5,4
12(6K),N,Q,-0.2951,0.9973,12.5,4
12(6K),N,R,0.1986,0.9153,8,4
12(6K),N,S,-0.7031,0.3317,9.5,4
12(6K),N,T,-0.7742,1.069,6.5,4
12(6K),N,V,2.507,3.859,7.5,4
12(6K),N,W,-1.147,0.3173,10,4
12(6K),N,Y,1.725,1.102,7.5,4
12(E1),G,*,-6.629,0,5.5,4
12(E1),G,-,-0.5658,0.3253,1.5,2
12(E1),G,A,-1.396,1.032,8,4
12(E1),G,C,-2.196,0.4427,5.5,4
12(E1),G,D,-1.563,0.2813,5,4
12(E1),G,E,-1.118,0.05351,19,4
12(E1),G,F,-1.635,1.094,8.75,4
12(E1),G,G,0,0,,4
12(E1),G,H,-0.2659,0.4945,7.5,4
12(E1),G,I,-5.656,0,9.5,4
12(E1),G,K,-0.2065,1.312,5.5,4
12(E1),G,L,-1.012,1.415,9.5,4
12(E1),G,M,0.8893,0.9434,4.5,4
12(E1),G,N,-0.5773,0.2384,2.5,4
12(E1),G,P,-6.529,0,6.5,4
12(E1),G,Q,-0.7608,0.494,7,4
12(E1),G,R,-1.103,0.7438,34.5,4
12(E1),G,S,-2.074,0.5539,4,4
12(E1),G,T,-1.606,0.8694,5,4
12(E1),G,V,-6.355,0,12.5,4
12(E1),G,W,-2.571,0.8858,9,4
12(E1),G,Y,-0.2429,0.7005,8,4
12(E2),I,-,-0.1538,0.07404,1,4
12(E2),I,A,-5.358,0,7.5,4
12(E2),I,C,-3.878,0.2408,9.5,4
12(E2),I,D,-5.815,0,11.25,4
12(E2),I,E,-6.643,0,4,4
12(E2),I,F,-3.183,0.5158,5.5,4
12(E2),I,G,-6.304,0,5,4
12(E2),I,H,-6.398,0,8,4
12(E2),I,I,0,0,,4
12(E2),I,K,-6.217,0,6,4
12(E2),I,L,-0.8673,1.686,7.5,4
12(E2),I,M,-0.6774,1.255,5,4
12(E2),I,N,-6.393,0,6.5,4
12(E2),I,P,-5.798,0,13,4
12(E2),I,Q,-12.88,0,3.5,4
12(E2),I,R,-5.841,0,6.5,4
12(E2),I,S,-2.615,0.1006,8,4
12(E2),I,T,1.821,0.5595,13.5,4
12(E2),I,V,-1.345,0.3934,6,4
12(E2),I,W,-6.385,0,2.75,4
12(E2),I,Y,-2.979,0.6644,5.5,4
12(E3),N,*,-6.769,0,9,4
12(E3),N,-,-1.121,0.3922,1.5,4
12(E3),N,A,-1.575,0.3243,15.75,4
12(E3),N,C,-2.178,0.1632,11.5,4
12(E3),N,D,-6.59,0,12,4
12(E3),N,E,-5.412,0,12,4
12(E3),N,F,-1.599,0.161,13,4
12(E3),N,G,-1.587,0.06304,10,4
12(E3),N,H,-0.9907,0.1593,17,4
12(E3),N,I,-2.896,0.548,11,4
12(E3),N,K,-7.478,0,15.75,4
12(E3),N,L,-1.567,0.1407,15,4
12(E3),N,M,-1.513,0.07501,10.5,4
12(E3),N,N,0,0,,4
12(E3),N,P,-6.732,0,19,4
12(E3),N,Q,-1.14,0.38,5.5,4
12(E3),N,R,-2.399,0.2968,11,4
12(E3),N,S,-0.64,0.7572,17,4
12(E3),N,T,-0.8678,0.5995,12.5,4
12(E3),N,V,-1.921,0.2141,13,4
12(E3),N,W,-1.751,0.1157,9.5,4
12(E3),N,Y,-0.6015,0.4605,13,4
120(E1),S,A,1.477,0.3897,4.5,4
120(E1),S,C,-0.4626,1.456,6.5,4
120(E1),S,D,-5.626,0,10.5,4
120(E1),S,E,-1.365,0.644,8.5,4
120(E1),S,F,-1.531,0.2671,10,4
120(E1),S,G,-0.1193,0.3079,13,4
120(E1),S,H,-1.643,0.2004,8,4
120(E1),S,I,-1.037,0.3699,12,4
120(E1),S,K,-1.425,0.7568,5.5,4
120(E1),S,L,-1.185,0.3238,6,4
120(E1),S,M,-1.473,0.4548,6,4
120(E1),S,N,-0.4289,0.9079,10.5,4
120(E1),S,P,-7.015,0,8.25,4
120(E1),S,Q,-0.2737,0.6218,5,4
120(E1),S,R,-1.819,0.9342,8.5,4
120(E1),S,S,0,0,,4
120(E1),S,T,-0.1151,0.4483,5.25,4
120(E1),S,V,0.8276,2.437,4.5,4
120(E1),S,W,-1.96,0.3268,3,4
120(E1),S,Y,-1.669,0.7676,6,4
120(E2),K,*,-5.952,0,1,4
120(E2),K,A,0.2981,0.3875,7.75,4
120(E2),K,C,-2.766,1.148,8.5,4
120(E2),K,D,-1.648,0.1982,8,4
120(E2),K,E,0.1505,1.807,4,4
120(E2),K,F,-0.9658,0.1592,9,4
120(E2),K,G,-0.7414,0.2812,8.5,4
120(E2),K,H,-0.5948,0.5568,7.5,4
120(E2),K,I,-1.675,0.5414,9.5,4
120(E2),K,K,0,0,,4
120(E2),K,L,-0.978,0.3314,5.5,4
120(E2),K,M,0.8664,0.9639,10,4
120(E2),K,N,-2.57,0.8523,10,4
120(E2),K,P,-2.909,0.2647,10.5,4
120(E2),K,Q,-0.1642,0.2387,7,4
120(E2),K,R,-1.177,0.5652,7,4
120(E2),K,S,-0.4915,1.122,4.5,4
120(E2),K,T,0.1262,1.408,6,4
120(E2),K,V,-1.649,0.5611,5.5,4
120(E2),K,W,-1.628,0.3222,6.5,4
120(E2),K,Y,-1.647,0.2229,11,4
121(E1),A,-,-0.7934,0.07645,0.5,2
121(E1),A,A,0,0,,4
121(E1),A,C,-0.1963,0.402,5,4
121(E1),A,D,-6.546,0,11,4
121(E1),A,E,-6.86,0,8,4
121(E1),A,F,-7.181,0,5,4
121(E1),A,G,-2.299,0.149,10,4
121(E1),A,H,-6.199,0,9.5,4
121(E1),A,I,-7.187,0,6.5,4
121(E1),A,K,-6.407,0,5.5,4
121(E1),A,L,-3.826,0.2202,7.5,4
121(E1),A,M,-3.943,0.5288,6.5,4
121(E1),A,N,-6.748,0,9.5,4
121(E1),A,P,-7.301,0,8.25,4
121(E1),A,Q,-6.188,0,6.5,4
121(E1),A,R,-6.719,0,8.5,4
121(E1),A,S,-1.308,0.6102,14,4
121(E1),A,T,-0.5128,0.3341,25.5,4
121(E1),A,V,-2.515,0.3857,11.5,4
121(E1),A,W,-6.371,0,7,4
121(E1),A,Y,-7.16,0,6.5,4
121(E2),I,-,-3.498,0.345,0.5,2
121(E2),I,A,-1.88,0.1471,11.25,4
121(E2),I,C,-2.205,0.3704,8,4
121(E2),I,D,-3.046,0.6676,10,4
121(E2),I,E,-1.988,0.2414,4.5,4
121(E2),I,F,-1.241,1.411,5,4
121(E2),I,G,-2.58,0.09787,9,4
121(E2),I,H,-1.384,0.7297,9,4
121(E2),I,I,0,0,,4
121(E2),I,K,-2.147,0.1682,7.5,4
121(E2),I,L,-0.8486,0.3824,5,4
121(E2),I,M,-1.234,0.3895,7.25,4
121(E2),I,N,-1.175,0.1868,9,4
121(E2),I,P,-5.389,0,6.5,4
121(E2),I,Q,-1.286,0.4007,10,4
121(E2),I,R,-1.273,0.4146,4,4
121(E2),I,S,-2.223,0.1921,6.5,4
121(E2),I,T,-0.4031,1.457,4.5,4
121(E2),I,V,0.2552,0.4383,9,4
121(E2),I,W,-0.6171,0.3539,6.5,4
121(E2),I,Y,-1.019,0.1784,10.5,4
122(E1),Y,-,-1.101,0.6031,0.5,2
122(E1),Y,A,-1.815,0.04357,7.5,4
122(E1),Y,C,-1.692,0.391,8.75,4
122(E1),Y,D,-7.8,0,11,4
122(E1),Y,E,-6.764,0,7.5,4
122(E1),Y,F,1.131,3.218,6.5,4
122(E1),Y,G,-6.8,0,6,4
122(E1),Y,H,-1.436,0.2595,18,4
122(E1),Y,I,-1.321,0.9322,7.5,4
122(E1),Y,K,-8.661,0,6.5,4
122(E1),Y,L,-0.191,1.567,9,4
122(E1),Y,M,-1.089,3.138,7.5,4
122(E1),Y,N,-1.679,0.2072,8,4
122(E1),Y,P,-5.867,0,5.5,4
122(E1),Y,Q,-2.433,0.3435,5,4
122(E1),Y,R,-7.29,0,8.5,4
122(E1),Y,S,-2.23,0.367,8.5,4
122(E1),Y,T,-4.8,0.136,8,4
122(E1),Y,V,-1.951,0.5183,7.5,4
122(E1),Y,W,-1.212,0.6525,4,4
122(E1),Y,Y,0,0,,4
122(E2),S,-,-0.2164,0.07245,0.5,2
122(E2),S,A,0.5784,1.824,5.5,4
122(E2),S,C,-0.1845,0.4218,8,4
122(E2),S,D,0.6301,0.1553,7.5,4
122(E2),S,E,1.381,1.357,3.5,4
122(E2),S,F,-1.586,0.2272,10,4
122(E2),S,G,0.34,0.4503,17.5,4
122(E2),S,H,-0.495,1.134,4.5,4
122(E2),S,I,-0.8311,0.7393,14,4
122(E2),S,K,-1.78,0.5297,5,4
122(E2),S,L,-0.138,0.7712,8,4
122(E2),S,M,0.8333,0.1955,8,4
122(E2),S,N,-0.06083,0.2777,20.75,4
122(E2),S,P,-0.2261,0.3942,9,4
122(E2),S,Q,1.069,0.7597,6,4
122(E2),S,R,-0.2195,0.6945,10.5,4
122(E2),S,S,0,0,,4
122(E2),S,T,0.6278,1.047,8.25,4
122(E2),S,V,1.608,1.974,8.5,4
122(E2),S,W,-2.121,0.4546,7,4
122(E2),S,Y,-1.874,0.2148,6,4
123(E1),R,*,-2.269,1.855,1.5,4
123(E1),R,-,-1.782,0.716,1.5,4
123(E1),R,A,-0.5248,1.409,6,4
123(E1),R,C,-1.035,1.682,7.5,4
123(E1),R,D,-2.815,0.4101,6,4
123(E1),R,E,-1.442,0.06808,3.5,4
123(E1),R,F,-0.9493,0.4534,7.5,4
123(E1),R,G,-1.575,0.6108,12,4
123(E1),R,H,-1.683,0.4235,10.5,4
123(E1),R,I,-0.956,0.1597,13.5,4
123(E1),R,K,0.2572,0.3542,17,4
123(E1),R,L,-1.584,0.3662,8,4
123(E1),R,M,-0.7487,0.4695,4,4
123(E1),R,N,-1.002,0.447,6.5,4
123(E1),R,P,-6.928,0,13.5,4
123(E1),R,Q,-0.3104,1.111,10.5,4
123(E1),R,R,0,0,,4
123(E1),R,S,-2.639,1.148,12,4
123(E1),R,T,-1.146,0.6349,6,4
123(E1),R,V,-1.298,0.4282,8.5,4
123(E1),R,W,-1.466,0.6914,7,4
123(E1),R,Y,-0.64,0.6833,5.5,4
123(E2),H,-,-0.8132,0.0826,0.5,2
123(E2),H,A,-2.38,1.677,4.5,4
123(E2),H,C,-6.182,0,8.5,4
123(E2),H,D,-6.546,0,7,4
123(E2),H,E,-6.267,0,10.5,4
123(E2),H,F,-2.444,0.3028,6.25,4
123(E2),H,G,-6.095,0,7.5,4
123(E2),H,H,0,0,,4
123(E2),H,I,-2.962,0.2114,9,4
123(E2),H,K,-1.459,0.2896,4,4
123(E2),H,L,-2.466,0.3306,3,4
123(E2),H,M,-2.226,0.2882,6,4
123(E2),H,N,-1.015,0.136,9.5,4
123(E2),H,P,-5.676,0,9.5,4
123(E2),H,Q,-1.087,0.8502,7,4
123(E2),H,R,2.93,0.0865,4.5,4
123(E2),H,S,-2.659,0.3894,6.5,4
123(E2),H,T,-4.196,0.3845,7,4
123(E2),H,V,-2.537,0.2979,7.5,4
123(E2),H,W,-1.715,0.3562,8,4
123(E2),H,Y,-1.158,0.1716,5.5,4
124(E1),A,-,-1.732,0.1835,2.5,4
124(E1),A,A,0,0,,4
124(E1),A,C,-1.166,1.032,5,4
124(E1),A,D,-7.159,0,9,4
124(E1),A,E,-8.123,0,6.75,4
124(E1),A,F,-6.125,0,12.5,4
124(E1),A,G,-1.79,0.208,6.5,4
124(E1),A,H,-7.607,0,6.5,4
124(E1),A,I,-1.703,1.963,4,4
124(E1),A,K,-6.706,0,4,4
124(E1),A,L,-2.896,1.121,4.5,4
124(E1),A,M,-6.344,0,6.5,4
124(E1),A,N,-7.216,0,6,4
124(E1),A,P,-4.245,0.1702,5,4
124(E1),A,Q,-1.534,0.4751,5.5,4
124(E1),A,R,-6.825,0,5,4
124(E1),A,S,-0.9097,3.079,6.5,4
124(E1),A,T,-1.709,0.1314,17.5,4
124(E1),A,V,-1.425,1.431,15,4
124(E1),A,W,-6.832,0,6.25,4
124(E1),A,Y,-7.315,0,5,4
124(E2),S,-,-0.7807,0.1557,0.5,2
124(E2),S,A,0.3211,0.6092,5.5,4
124(E2),S,C,-0.8171,0.3732,9.5,4
124(E2),S,D,-1.942,0.2269,6.5,4
124(E2),S,E,-0.2554,0.331,6.5,4
124(E2),S,F,-1.478,0.2236,10,4
124(E2),S,G,-1.201,0.1868,11.5,4
124(E2),S,H,-1.802,0.5284,9.5,4
124(E2),S,I,0.9963,0.5947,16.5,4
124(E2),S,K,-1.377,0.642,7.25,4
124(E2),S,L,0.4009,1.151,7.5,4
124(E2),S,M,-0.6788,0.1405,6,4
124(E2),S,N,-3.196,0.06379,18.25,4
124(E2),S,P,-5.665,0,7,4
124(E2),S,Q,-0.06582,0.5011,9.25,4
124(E2),S,R,-1.226,0.6936,9.5,4
124(E2),S,S,0,0,,4
124(E2),S,T,-0.6294,0.5209,7.5,4
124(E2),S,V,-0.5275,0.3341,7,4
124(E2),S,W,-1.381,1.819,9.5,4
124(E2),S,Y,-1.363,0.2649,8.5,4
125(E1),H,-,-1.952,0.7369,3,4
125(E1),H,A,-2.072,0.8555,5,4
125(E1),H,C,-6.013,0,3,4
125(E1),H,D,-6.277,0,9,4
125(E1),H,E,-2.357,0.1058,15.5,4
125(E1),H,F,-3.442,0.3189,8.5,4
125(E1),H,G,-7.506,0,7,4
125(E1),H,H,0,0,,4
125(E1),H,I,-0.8091,1.434,4.5,4
125(E1),H,K,-1.635,0.4011,6,4
125(E1),H,L,-1.88,1.266,5.5,4
125(E1),H,M,-1.005,0.6726,8,4
125(E1),H,N,-1.814,0.5149,9,4
125(E1),H,P,-7.687,0,7,4
125(E1),H,Q,-1.486,0.3367,11,4
125(E1),H,R,-1.37,1.053,8,4
125(E1),H,S,-2.208,0.3142,5.5,4
125(E1),H,T,-0.5545,0.3389,6.5,4
125(E1),H,V,-1.978,0.6809,4.5,4
125(E1),H,W,-1.696,0.5453,4,4
125(E1),H,Y,-3.385,0.2798,9.75,4
125(E2),C,*,-4.04,0.4345,2,4
125(E2),C,-,-0.2813,0.1896,0.5,2
125(E2),C,A,-6.072,0,7,4
125(E2),C,C,0,0,,4
125(E2),C,D,-6.258,0,7.5,4
125(E2),C,E,-6.188,0,5,4
125(E2),C,F,-6.668,0,13.5,4
125(E2),C,G,-5.717,0,6.5,4
125(E2),C,H,-6.692,0,5.5,4
125(E2),C,I,-6.172,0,7,4
125(E2),C,K,-5.135,0,11,4
125(E2),C,L,-6.359,0,10,4
125(E2),C,M,-6.132,0,9.5,4
125(E2),C,N,-6.95,0,7.5,4
125(E2),C,P,-6.793,0,9.25,4
125(E2),C,Q,-5.411,0,8.5,4
125(E2),C,R,-6.4,0,10,4
125(E2),C,S,-6.977,0,10,4
125(E2),C,T,-5.035,0.1578,4.5,4
125(E2),C,V,-7.088,0,10,4
125(E2),C,W,-6.71,0,9,4
125(E2),C,Y,-6.99,0,48.5,4
126(E1),T,-,-1.132,0.063,1.5,2
126(E1),T,A,-7.195,0,8.5,4
126(E1),T,C,-5.88,0,7.75,4
126(E1),T,D,-6.271,0,8.5,4
126(E1),T,E,-6.631,0,6,4
126(E1),T,F,-7.048,0,6.5,4
126(E1),T,G,-6.534,0,6.5,4
126(E1),T,H,-7.428,0,8,4
126(E1),T,I,-1.044,0.7331,12,4
126(E1),T,K,-6.934,0,11.5,4
126(E1),T,L,-3.314,0.3439,7.5,4
126(E1),T,M,-5.979,0,5.5,4
126(E1),T,N,-6.988,0,9.5,4
126(E1),T,P,-6.565,0,6.25,4
126(E1),T,Q,-7.048,0,5.5,4
126(E1),T,R,-7.179,0,7.5,4
126(E1),T,S,-1.135,0.08191,9,4
126(E1),T,T,0,0,,4
126(E1),T,V,-1.538,0.6541,3,4
126(E1),T,W,-5.748,0,6,4
126(E1),T,Y,-5.543,0,7,4
126(E2),T,A,-2.056,0.5236,8,4
126(E2),T,C,-2.331,0.1536,7,4
126(E2),T,D,-6.411,0,8.5,4
126(E2),T,E,-2.513,0.236,4.5,4
126(E2),T,F,-6.042,0,9.5,4
126(E2),T,G,-3.467,0.4104,4,4
126(E2),T,H,-3.933,0.3073,9.5,4
126(E2),T,I,0.4008,0.4937,18.5,4
126(E2),T,K,-0.9831,0.6164,6,4
126(E2),T,L,-2.426,0.1289,9,4
126(E2),T,M,0.1268,0.4869,9.5,4
126(E2),T,N,-3.29,0.3321,8,4
126(E2),T,P,-6.716,0,11,4
126(E2),T,Q,1.119,0.8769,5,4
126(E2),T,R,-0.5666,0.8631,6,4
126(E2),T,S,-1.581,0.1356,4.5,4
126(E2),T,T,0,0,,4
126(E2),T,V,0.1724,0.3883,6,4
126(E2),T,W,-6.046,0,8,4
126(E2),T,Y,-5.101,0,5.5,4
127(E1),A,-,-2.264,0.6682,4,4
127(E1),A,A,0,0,,4
127(E1),A,C,-4.175,0.3282,2.5,4
127(E1),A,D,-3.138,0.4452,10.5,4
127(E1),A,E,-6.204,0,4,4
127(E1),A,F,-6.793,0,9,4
127(E1),A,G,-0.3526,1.039,7,4
127(E1),A,H,-7.29,0,5,4
127(E1),A,I,-7.006,0,4,4
127(E1),A,K,-7.059,0,7,4
127(E1),A,L,-6.664,0,6.5,4
127(E1),A,M,-7.008,0,9,4
127(E1),A,N,-6.821,0,6.5,4
127(E1),A,P,-7.235,0,7,4
127(E1),A,Q,-7.146,0,6.5,4
127(E1),A,R,-6.139,0.003031,5.5,4
127(E1),A,S,-0.9748,0.4076,12,4
127(E1),A,T,-7.271,0,16,4
127(E1),A,V,-4.27,0.1165,12,4
127(E1),A,W,-7.387,0,9,4
127(E1),A,Y,-5.974,0.05586,6.75,4
127(E2),H,*,-5.046,0,0.5,2
127(E2),H,-,-2.067,2.503,1,4
127(E2),H,A,-2.832,0.5588,4.25,4
127(E2),H,C,-2.918,0.2737,6.5,4
127(E2),H,D,-7.021,0,7,4
127(E2),H,E,-2.455,0.6225,6.5,4
127(E2),H,F,-1.806,0.5857,8,4
127(E2),H,G,-3.146,0.3128,12,4
127(E2),H,H,0,0,,4
127(E2),H,I,-1.875,0.3654,7.5,4
127(E2),H,K,-2.967,0.2311,4,4
127(E2),H,L,-1.643,0.3988,6,4
127(E2),H,M,-1.603,0.09723,7,4
127(E2),H,N,-1.256,0.3606,7,4
127(E2),H,P,-6.075,0,9.5,4
127(E2),H,Q,-1.582,0.4096,13,4
127(E2),H,R,-3.188,0.2612,10.5,4
127(E2),H,S,-2.098,0.1319,5.5,4
127(E2),H,T,-2.492,0.2751,9,4
127(E2),H,V,-2.109,0.1938,6,4
127(E2),H,W,1.224,1.053,6.5,4
127(E2),H,Y,-1.792,0.7047,16.5,4
128(E1),S,-,-2.688,0.1841,4,4
128(E1),S,A,-0.05355,0.6314,7,4
128(E1),S,C,0.0457,0.527,3.5,4
128(E1),S,D,-0.6812,0.9078,2.5,4
128(E1),S,E,0.9553,1.454,6,4
128(E1),S,F,0.0309,0.6971,6,4
128(E1),S,G,-0.2041,0.6029,6,4
128(E1),S,H,0.6983,1.055,5.25,4
128(E1),S,I,2.154,1.397,6,4
128(E1),S,K,-0.1216,0.4466,2,4
128(E1),S,L,0.4423,0.5797,9.5,4
128(E1),S,M,0.2085,1.857,6.25,4
128(E1),S,N,0.089,1.037,3.5,4
128(E1),S,P,-6.682,0,11.75,4
128(E1),S,Q,0.0199,0.4404,8,4
128(E1),S,R,0.0057,1.461,7,4
128(E1),S,S,0,0,,4
128(E1),S,T,0.306,0.7595,13.5,4
128(E1),S,V,-1.004,0.5991,7.75,4
128(E1),S,W,-0.8102,0.3377,5.25,2
128(E1),S,Y,-0.146,0.7182,5,4
128(E2),P,-,-3.091,0.0195,1.5,2
128(E2),P,A,1.797,1.223,6,4
128(E2),P,C,-4.357,0.09349,6,4
128(E2),P,D,-0.05305,0.7232,6,4
128(E2),P,E,1.853,0.4471,6.25,4
128(E2),P,F,-2.673,0.178,7,4
128(E2),P,G,-0.4256,0.435,5.5,4
128(E2),P,H,-2.736,0.1831,8.5,4
128(E2),P,I,-3.221,0.3511,7.5,4
128(E2),P,K,-1.504,1.429,2.5,4
128(E2),P,L,-3.261,0.1821,6.5,4
128(E2),P,M,-1.519,0.4904,5,4
128(E2),P,N,-1.199,0.4802,6.5,4
128(E2),P,P,0,0,,4
128(E2),P,Q,1.983,0.33,6.5,4
128(E2),P,R,-2.893,0.5805,7,4
128(E2),P,S,0.7542,0.2819,11,4
128(E2),P,T,-1.958,0.08199,14.5,4
128(E2),P,V,-4.135,0.4176,5.75,4
128(E2),P,W,-2.992,0.12,8.5,4
128(E2),P,Y,-2.499,0.2103,8.5,4
129(E1),A,-,-0.2338,0.2425,1,2
129(E1),A,A,0,0,,4
129(E1),A,C,-1.463,0.2421,1.5,4
129(E1),A,D,-3.553,0.3397,8,4
129(E1),A,E,-1.793,0.4286,5.5,4
129(E1),A,F,-0.8753,0.4901,7.5,4
129(E1),A,G,1.473,2.409,6,4
129(E1),A,H,-0.8881,0.4021,7.5,4
129(E1),A,I,-0.489,0.8159,6,4
129(E1),A,K,-0.4525,0.4872,5,4
129(E1),A,L,-0.8493,0.8196,3.5,4
129(E1),A,M,0.4232,1.293,6,4
129(E1),A,N,-0.4949,0.6859,5,4
129(E1),A,P,-6.646,0,8,4
129(E1),A,Q,-1.531,0.4519,5,4
129(E1),A,R,-0.1519,2.465,2.5,4
129(E1),A,S,-0.916,0.8125,7.75,4
129(E1),A,T,-0.4408,0.767,18.5,4
129(E1),A,V,0.0111,0.7584,32.5,4
129(E1),A,W,-5.966,0,3,4
129(E1),A,Y,-0.2808,1.44,4,4
129(E2),F,-,-3.507,0.0265,0.5,2
129(E2),F,A,-6.788,0,4.5,4
129(E2),F,C,-6.497,0,5.5,4
129(E2),F,D,-6.659,0,7.5,4
129(E2),F,E,-6.908,0,6,4
129(E2),F,F,0,0,,4
129(E2),F,G,-6.408,0,7,4
129(E2),F,H,-1.632,0.2616,7.5,4
129(E2),F,I,-3.97,0.1887,6.5,4
129(E2),F,K,-5.669,0,7,4
129(E2),F,L,-2.849,0.4582,16,4
129(E2),F,M,-2.27,0.04654,8.5,4
129(E2),F,N,-4.717,0.4841,2.5,4
129(E2),F,P,-6.373,0,7,4
129(E2),F,Q,-6.232,0,6,4
129(E2),F,R,-5.742,0.2278,9,4
129(E2),F,S,-7.212,0,12,4
129(E2),F,T,-6.215,0,9.5,4
129(E2),F,V,-4.732,0,8,4
129(E2),F,W,-1.92,0.1579,2.5,4
129(E2),F,Y,0.06325,0.829,3,4
13(6K),E,*,-6.827,0,6,4
13(6K),E,-,0.4841,0.9378,1,4
13(6K),E,A,-0.4941,0.7944,7.5,4
13(6K),E,C,-1.483,0.7405,8.5,4
13(6K),E,D,-0.6158,0.652,15,4
13(6K),E,E,0,0,,4
13(6K),E,F,-0.1184,0.2434,13,4
13(6K),E,G,-0.8759,0.2334,12.5,4
13(6K),E,H,-0.4985,0.8679,12,4
13(6K),E,I,-0.125,0.2498,11.5,4
13(6K),E,K,-2.265,0.2416,12.75,4
13(6K),E,L,-0.8162,1.563,7,4
13(6K),E,M,-0.3162,1.696,4,4
13(6K),E,N,-0.2351,0.1492,11.5,4
13(6K),E,P,0.0629,0.47,14.5,4
13(6K),E,Q,1.058,1.143,35,4
13(6K),E,R,-2.061,0.5784,5.5,4
13(6K),E,S,0.1004,0.5607,7.5,4
13(6K),E,T,1.771,0.4762,11,4
13(6K),E,V,0.4516,1.033,11.5,4
13(6K),E,W,-1.723,0.7424,7,4
13(6K),E,Y,-0.6035,1.177,11.25,4
13(E1),V,-,0.6855,1.104,0.5,2
13(E1),V,A,-2.482,1.282,7.5,4
13(E1),V,C,-2.463,1.087,6,4
13(E1),V,D,-6.822,0,7,4
13(E1),V,E,-5.991,0,10,4
13(E1),V,F,-1.47,1.187,9,4
13(E1),V,G,-3.5,0.2854,5.5,4
13(E1),V,H,-2.179,0.2826,7.5,4
13(E1),V,I,0.4825,1.253,9,4
13(E1),V,K,-2.499,0.4472,8,4
13(E1),V,L,-0.4333,0.09,13,4
13(E1),V,M,-1.369,0.6111,16.75,4
13(E1),V,N,-3.044,0.5113,5.5,4
13(E1),V,P,-1.756,0.3112,8.75,4
13(E1),V,Q,-2.498,0.1641,4,4
13(E1),V,R,-2.333,1.09,5,4
13(E1),V,S,-2.475,0.3663,4.75,4
13(E1),V,T,-1.745,1.19,5.5,4
13(E1),V,V,0,0,,4
13(E1),V,W,-2.401,0.1436,7,4
13(E1),V,Y,-2.225,0.7803,4.5,4
13(E2),R,*,-6.529,0,1,2
13(E2),R,-,-1.355,1.641,2,4
13(E2),R,A,-1.146,0.5332,4.5,4
13(E2),R,C,-2.702,0.3986,6.5,4
13(E2),R,D,-1.524,0.1356,7,4
13(E2),R,E,-2.717,0.6631,8.5,4
13(E2),R,F,-1.397,0.7868,5,4
13(E2),R,G,-2.022,0.5666,14,4
13(E2),R,H,-0.7919,0.5138,4.5,4
13(E2),R,I,-3.75,0.2708,12,4
13(E2),R,K,-0.6723,0.3842,12.5,4
13(E2),R,L,-1.308,0.4338,10.5,4
13(E2),R,M,-0.6747,0.7434,9,4
13(E2),R,N,1.566,1.878,8.5,4
13(E2),R,P,-6.861,0,8,4
13(E2),R,Q,-1.946,0.1225,5.5,4
13(E2),R,R,0,0,,4
13(E2),R,S,-0.43,0.4458,5.5,4
13(E2),R,T,-1.117,0.6606,7,4
13(E2),R,V,-2.196,0.0655,7.5,4
13(E2),R,W,-3.246,0.3254,5.5,4
13(E2),R,Y,-1.728,0.5132,7.5,4
13(E3),T,-,-1.425,1.691,1,4
13(E3),T,A,0.4796,0.4405,10.75,4
13(E3),T,C,-1.266,0.137,10.5,4
13(E3),T,D,-6.939,0,11,4
13(E3),T,E,-6.084,0,8.5,4
13(E3),T,F,0.042,0.3523,10.5,4
13(E3),T,G,-2.843,0.5614,7.75,4
13(E3),T,H,-4.713,0.08617,8,4
13(E3),T,I,-0.9799,0.581,12,4
13(E3),T,K,-7.39,0,8.25,4
13(E3),T,L,-0.0677,0.5986,7.5,4
13(E3),T,M,-1.119,0.3079,5.5,4
13(E3),T,N,-6.724,0,14.5,4
13(E3),T,P,-6.354,0,14.5,4
13(E3),T,Q,-2.628,0.317,7.5,4
13(E3),T,R,-6.499,0,11.5,4
13(E3),T,S,-0.7846,0.04337,7.5,4
13(E3),T,T,0,0,,4
13(E3),T,V,1.396,0.3611,8.5,4
13(E3),T,W,2.947,2.133,9,4
13(E3),T,Y,-0.2591,0.3324,9,4
130(E1),S,-,0.3542,0.2722,1,2
130(E1),S,A,-0.7729,0.8439,7,4
130(E1),S,C,-2.221,0.4675,5,4
130(E1),S,D,-1.6,0.1273,4,4
130(E1),S,E,-0.04714,0.07496,4.5,2
130(E1),S,F,-0.7963,0.3055,10.5,4
130(E1),S,G,-0.3671,0.3018,6.5,4
130(E1),S,H,-1.257,0.021,3,2
130(E1),S,I,-1.089,1.222,4,4
130(E1),S,K,-0.8095,1.446,3.5,4
130(E1),S,L,-1.952,0.1897,8,4
130(E1),S,M,-1.371,0.2481,9.5,4
130(E1),S,N,-1.332,4.489,5,4
130(E1),S,P,-4.555,0,11.5,4
130(E1),S,Q,-1.32,0.3488,6,4
130(E1),S,R,-1.094,0.5762,4.5,4
130(E1),S,S,0,0,,4
130(E1),S,T,-0.4564,0.4578,10.5,4
130(E1),S,V,-1.261,0.4894,6,4
130(E1),S,W,-0.7712,1.446,2.5,4
130(E1),S,Y,-0.6075,0.05768,10.5,4
130(E2),H,-,-3.817,0.286,0.5,2
130(E2),H,A,-0.6621,0.2835,3.5,4
130(E2),H,C,-1.506,0.4276,8,4
130(E2),H,D,-2.017,0.4137,7.5,4
130(E2),H,E,-1.973,0.2543,6,4
130(E2),H,F,-1.903,0.3694,9,4
130(E2),H,G,-1.613,0.3088,6,4
130(E2),H,H,0,0,,4
130(E2),H,I,-1.603,0.2452,6.5,4
130(E2),H,K,-0.399,0.3238,8.5,4
130(E2),H,L,-1.294,0.3659,5.5,4
130(E2),H,M,-1.051,0.3581,4,4
130(E2),H,N,-0.7146,1.305,8,4
130(E2),H,P,-1.07,0.323,5.5,4
130(E2),H,Q,-0.1398,0.3736,5.5,4
130(E2),H,R,0.1295,1.005,5.5,4
130(E2),H,S,0.2536,0.452,5,4
130(E2),H,T,-0.5445,0.496,5.5,4
130(E2),H,V,-0.5704,0.3031,8.5,4
130(E2),H,W,-2.165,0.5846,9,4
130(E2),H,Y,-1.972,0.5106,12.5,4
131(E1),A,*,-6.369,0,0.5,2
131(E1),A,-,-2.019,1.675,2,4
131(E1),A,A,0,0,,4
131(E1),A,C,0.6265,1.125,4,4
131(E1),A,D,-7.258,0,9,4
131(E1),A,E,-6.962,0,5.5,4
131(E1),A,F,-2.289,1.343,4,4
131(E1),A,G,-2.482,0.3136,5,4
131(E1),A,H,-4.478,0.3637,6.5,4
131(E1),A,I,-6.937,0,4.5,4
131(E1),A,K,-7.266,0,6,4
131(E1),A,L,-2.59,0.1335,7.5,4
131(E1),A,M,-0.2739,2.154,6,4
131(E1),A,N,-7.119,0,7,4
131(E1),A,P,-7.055,0,9,4
131(E1),A,Q,-5.433,0,6.5,4
131(E1),A,R,-6.133,0,6,4
131(E1),A,S,1.006,0.3349,5,4
131(E1),A,T,-1.577,0.3554,39.5,4
131(E1),A,V,-4.975,0,10.25,4
131(E1),A,W,-5.627,0.03204,3,4
131(E1),A,Y,-4.327,0,6.5,4
131(E2),H,-,-0.2933,0.1136,1,4
131(E2),H,C,-6.917,0.2914,5,4
131(E2),H,D,-6.969,0,12,4
131(E2),H,E,-6.594,0,8.75,4
131(E2),H,F,-2.806,0.3332,10.5,4
131(E2),H,G,-4.846,0.2014,4,4
131(E2),H,H,0,0,,4
131(E2),H,I,-6.231,0,8.5,4
131(E2),H,K,-6.796,0,5,4
131(E2),H,L,-4.763,0,10.5,4
131(E2),H,M,-6.428,0,6,4
131(E2),H,N,-1.454,0.07143,15,4
131(E2),H,P,-6.166,0,5.5,4
131(E2),H,Q,-5.096,0,4.5,4
131(E2),H,R,-6.479,0,13,4
131(E2),H,S,-5.202,0,4.5,4
131(E2),H,T,-4.44,0.2829,4,4
131(E2),H,V,-3.62,0.4905,8.5,4
131(E2),H,W,-2.933,0.1817,3.5,4
131(E2),H,Y,-4.768,0,13.25,4
132(E1),K,*,-5.572,0,0.5,2
132(E1),K,-,0.08785,0.3607,1.5,4
132(E1),K,A,-0.9749,0.2361,5.25,4
132(E1),K,C,-0.3479,1.719,6,4
132(E1),K,D,-2.8,0.2724,8,4
132(E1),K,E,-1.723,1.044,6,4
132(E1),K,F,-1.304,0.2849,5.5,4
132(E1),K,G,-1.369,0.294,9.5,4
132(E1),K,H,-0.9871,0.2028,7.5,4
132(E1),K,I,-1.933,0.4719,10.5,4
132(E1),K,K,0,0,,4
132(E1),K,L,-0.9552,0.4542,10.5,4
132(E1),K,M,-1.194,1.263,6,4
132(E1),K,N,-1.07,0.4183,13.75,4
132(E1),K,P,-7.338,0,9,4
132(E1),K,Q,-2.006,0.8545,5.5,4
132(E1),K,R,-0.0371,0.6775,10,4
132(E1),K,S,-1.401,0.9174,9,4
132(E1),K,T,-1.604,0.8554,7.5,4
132(E1),K,V,-1.049,0.9328,9.5,4
132(E1),K,W,-1.263,0.9282,6,4
132(E1),K,Y,-1.066,0.4831,8.5,4
132(E2),D,-,0.4363,0.8377,2,4
132(E2),D,A,-1.311,0.8305,3.5,4
132(E2),D,C,-0.8283,0.4415,8.5,4
132(E2),D,D,0,0,,4
132(E2),D,E,0.6932,0.7025,10,4
132(E2),D,F,-1.593,0.2663,6,4
132(E2),D,G,-1.911,0.2189,8.5,4
132(E2),D,H,-1.095,0.2381,8.5,4
132(E2),D,I,-5.435,0.9317,7.5,4
132(E2),D,K,-2.481,0.2744,7.5,4
132(E2),D,L,-2.215,0.09882,8.5,4
132(E2),D,M,-1.633,0.1893,7,4
132(E2),D,N,-1.514,0.0791,22,4
132(E2),D,P,-6.362,0,8,4
132(E2),D,Q,-1.618,0.6492,6,4
132(E2),D,R,-2.69,0.3282,5,4
132(E2),D,S,-0.9753,0.2087,5,4
132(E2),D,T,-2.188,0.1816,7.5,4
132(E2),D,V,-2.463,0.678,6,4
132(E2),D,W,-1.809,0.8854,5.5,4
132(E2),D,Y,-1.477,0.2484,11,4
133(E1),L,-,-0.9164,1.057,2.5,4
133(E1),L,A,-1.816,1.129,8,4
133(E1),L,C,-3.232,0.6805,7,4
133(E1),L,D,-6.757,0,6,4
133(E1),L,E,-6.793,0,5.5,4
133(E1),L,F,-1.29,0.3716,9,4
133(E1),L,G,-7.217,0,4,4
133(E1),L,H,-6.242,0,6.75,4
133(E1),L,I,-0.598,1.21,4,4
133(E1),L,K,-7.144,0,5.5,4
133(E1),L,L,0,0,,4
133(E1),L,M,0.382,0.5275,7.5,4
133(E1),L,N,-7.646,0,9,4
133(E1),L,P,-8.759,0,15,4
133(E1),L,Q,-6.76,0,9,4
133(E1),L,R,-7.135,0,8,4
133(E1),L,S,-6.172,0,3,4
133(E1),L,T,-3.755,0.2526,9,4
133(E1),L,V,0.2992,1.033,7.5,4
133(E1),L,W,-1.761,0.08325,7,4
133(E1),L,Y,-2.725,0.1243,3,4
133(E2),P,-,-0.2188,0.8409,2,4
133(E2),P,A,-1.748,1.35,5.25,4
133(E2),P,C,-3.438,0.4816,10,4
133(E2),P,D,-1.929,0.7097,4.5,4
133(E2),P,E,-2.553,0.3348,4,4
133(E2),P,F,-1.031,0.3123,6,4
133(E2),P,G,-3.654,0.135,10.5,4
133(E2),P,H,-1.593,0.3825,7,4
133(E2),P,I,-0.07001,0.2261,7.5,4
133(E2),P,K,-1.124,0.4395,3,4
133(E2),P,L,0.0175,0.2469,9.5,4
133(E2),P,M,-1.007,0.4284,6.25,4
133(E2),P,N,-1.349,0.4177,5,4
133(E2),P,P,0,0,,4
133(E2),P,Q,-0.9626,0.2659,4,4
133(E2),P,R,-1.526,0.1156,5.5,4
133(E2),P,S,-1.385,0.3163,5,4
133(E2),P,T,-0.7353,0.7879,10.5,4
133(E2),P,V,-1.53,0.2789,7.5,4
133(E2),P,W,-0.4073,0.5465,9,4
133(E2),P,Y,-0.4867,0.3647,5.5,4
134(E1),R,*,-6.548,0,3.5,4
134(E1),R,-,-1.891,0.268,1.5,2
134(E1),R,A,-3.683,0.2062,8,4
134(E1),R,C,-5.179,0.07863,6,4
134(E1),R,D,-6.015,0,8.25,4
134(E1),R,E,-6.464,0,7,4
134(E1),R,F,-3.921,0.3549,6,4
134(E1),R,G,-5.404,0,10.5,4
134(E1),R,H,-2.704,0.2337,8.5,4
134(E1),R,I,-3.25,0.4034,15,4
134(E1),R,K,-1.121,0.6429,12.25,4
134(E1),R,L,-2.619,0.7106,8,4
134(E1),R,M,-2.854,0.1672,6,4
134(E1),R,N,-2.508,0.9669,7.5,4
134(E1),R,P,-6.708,0,10,4
134(E1),R,Q,-1.933,0.2031,8.75,4
134(E1),R,R,0,0,,4
134(E1),R,S,-3.097,0.5251,7.5,4
134(E1),R,T,-2.992,0.3524,9,4
134(E1),R,V,-2.958,0.09846,9.5,4
134(E1),R,W,-3.514,0.664,4.5,4
134(E1),R,Y,-4.421,0,4.5,4
134(E2),P,-,-0.3869,0.4521,1.5,4
134(E2),P,A,-0.6361,0.2381,6,4
134(E2),P,C,-1.938,0.5408,5.5,4
134(E2),P,D,-0.9121,0.8837,7,4
134(E2),P,E,-1.561,0.378,3,4
134(E2),P,F,-0.5962,0.3674,7.5,4
134(E2),P,G,-1.387,0.5002,8,4
134(E2),P,H,-1.627,0.2194,5,4
134(E2),P,I,-0.601,0.2947,5,4
134(E2),P,K,-3.916,0.2419,6,4
134(E2),P,L,0.1616,0.9887,10,4
134(E2),P,M,0.04225,0.754,7,4
134(E2),P,N,-1.121,0.4983,3.5,4
134(E2),P,P,0,0,,4
134(E2),P,Q,-1.544,0.09181,6,4
134(E2),P,R,-2.314,0.2446,6,4
134(E2),P,S,-1.787,0.5293,9,4
134(E2),P,T,-1.291,0.5339,9,4
134(E2),P,V,1.243,1.025,4,4
134(E2),P,W,-2.38,0.8708,4.5,4
134(E2),P,Y,-0.2983,1.111,7,4
135(E1),V,-,-1.132,0.116,1.5,2
135(E1),V,A,-0.4099,0.3852,9.5,4
135(E1),V,C,-1.551,0.8566,7.5,4
135(E1),V,D,-6.295,0,8,4
135(E1),V,E,-8.128,0,9.5,4
135(E1),V,F,-1.63,0.7921,7.5,4
135(E1),V,G,-7.335,0,6.5,4
135(E1),V,H,-7.065,0,10,4
135(E1),V,I,-1.098,1.449,6.5,4
135(E1),V,K,-7.04,0,4,4
135(E1),V,L,0.4998,1.524,10.75,4
135(E1),V,M,-0.8863,0.3512,16.25,4
135(E1),V,N,-7.732,0,9.5,4
135(E1),V,P,-6.684,0,10,4
135(E1),V,Q,-6.393,0,5,4
135(E1),V,R,-8.278,0,7,4
135(E1),V,S,-5.547,0,6.25,4
135(E1),V,T,-1.681,0.1269,26,4
135(E1),V,V,0,0,,4
135(E1),V,W,-2.788,0.3768,4,4
135(E1),V,Y,-3.17,0.4609,14,4
135(E2),V,-,-0.1405,0.6657,1.5,4
135(E2),V,A,-1.286,1.009,4.5,4
135(E2),V,C,-1.829,0.1206,6.5,4
135(E2),V,D,-1.959,0.1177,6.5,4
135(E2),V,E,-1.974,0.05213,10,4
135(E2),V,F,-2.099,0.5238,7.5,4
135(E2),V,G,-2.237,0.197,5.5,4
135(E2),V,H,-1.04,0.08105,6,4
135(E2),V,I,-0.3348,0.4278,7.5,4
135(E2),V,K,-2.277,0.2227,8.5,4
135(E2),V,L,0.343,0.4825,8.5,4
135(E2),V,M,-1.168,0.3188,14.5,4
135(E2),V,N,-2.033,0.5054,9.5,4
135(E2),V,P,-1.164,0.07417,9.5,4
135(E2),V,Q,-1.004,0.3119,6,4
135(E2),V,R,-1.893,0.4718,3.5,4
135(E2),V,S,-0.9072,0.55,4,4
135(E2),V,T,-0.6615,0.4382,8,4
135(E2),V,V,0,0,,4
135(E2),V,W,-2.55,0.4185,9.75,4
135(E2),V,Y,-1.414,0.2269,6.5,4
136(E1),L,-,-0.3954,0.0536,1,2
136(E1),L,A,-0.3186,1.778,7.75,4
136(E1),L,C,-0.1106,0.6044,7.5,4
136(E1),L,D,-3.506,0.8191,4,4
136(E1),L,E,-1.779,0.3889,9.5,4
136(E1),L,F,-2.228,0.281,4.5,4
136(E1),L,G,-1.413,0.6744,4,4
136(E1),L,H,-1.303,0.5895,6.5,4
136(E1),L,I,-1.418,0.2689,5,4
136(E1),L,K,-0.2446,0.4728,9,4
136(E1),L,L,0,0,,4
136(E1),L,M,-0.3782,0.2809,14.5,4
136(E1),L,N,-0.8073,0.7457,9.5,4
136(E1),L,P,-7.537,0,11,4
136(E1),L,Q,1.018,1.008,8,4
136(E1),L,R,-0.888,0.2491,9.75,4
136(E1),L,S,-0.1912,1.331,3,4
136(E1),L,T,0.2262,1.279,6.5,4
136(E1),L,V,-1.298,1.73,7.5,4
136(E1),L,W,-1.696,0.2743,3.5,4
136(E1),L,Y,-0.843,0.4675,5,4
136(E2),I,-,-0.0824,0.3591,1.5,4
136(E2),I,A,-6.007,0,7,4
136(E2),I,C,-6.825,0,6.75,4
136(E2),I,D,-6.509,0,7.5,4
136(E2),I,E,-5.34,0.2888,6.5,4
136(E2),I,F,-4.471,0.2724,8,4
136(E2),I,G,-5.857,0,8.5,4
136(E2),I,H,-5.13,0,3,4
136(E2),I,I,0,0,,4
136(E2),I,K,-4.317,0.1802,5.5,4
136(E2),I,L,-1.642,0.2653,7.5,4
136(E2),I,M,-2.527,0.4232,7,4
136(E2),I,N,-4.691,0,6,4
136(E2),I,P,-4.25,0.6455,5.5,4
136(E2),I,Q,-4.917,0,5.5,4
136(E2),I,R,-6.198,0,6,4
136(E2),I,S,-6.495,0,6,4
136(E2),I,T,-4.304,0.1429,5.5,4
136(E2),I,V,-0.8857,0.1917,9.5,4
136(E2),I,W,-6.542,0,7.5,4
136(E2),I,Y,-6.28,0,5.25,4
137(E1),Y,*,-6.985,0,7.5,4
137(E1),Y,-,-0.7949,0.3251,1.5,2
137(E1),Y,A,-1.488,0.2083,11.5,4
137(E1),Y,C,-2.581,0.595,6,4
137(E1),Y,D,-7.25,0,7.75,4
137(E1),Y,E,-7.274,0,6,4
137(E1),Y,F,0.08372,0.5594,9,4
137(E1),Y,G,-6.272,0,6,4
137(E1),Y,H,-1.562,0.1529,10.5,4
137(E1),Y,I,0.7845,0.4091,8,4
137(E1),Y,K,-3.304,0.3126,9,4
137(E1),Y,L,0.7319,0.8157,7.5,4
137(E1),Y,M,-0.589,1.169,6,4
137(E1),Y,N,-5.614,0,4.75,4
137(E1),Y,P,-7.293,0,9.5,4
137(E1),Y,Q,-2.193,0.3774,7,4
137(E1),Y,R,-4.806,0,6,4
137(E1),Y,S,-0.8478,0.7924,4.5,4
137(E1),Y,T,-0.083,2.065,7,4
137(E1),Y,V,-0.7782,0.4118,8,4
137(E1),Y,W,-0.4785,0.4183,6,4
137(E1),Y,Y,0,0,,4
137(E2),G,*,0.1668,1.101,0.5,2
137(E2),G,-,0.03905,0.7649,1.5,4
137(E2),G,A,-6.604,0,8.5,4
137(E2),G,C,-6.525,0.1368,9,4
137(E2),G,D,-6.704,0,21,4
137(E2),G,E,-6.587,0,4,4
137(E2),G,F,-6.037,0,5,4
137(E2),G,G,0,0,,4
137(E2),G,H,-6.179,0,4.5,4
137(E2),G,I,-5.204,0,5.5,4
137(E2),G,K,-5.508,0,2.5,4
137(E2),G,L,-6.032,0,8,4
137(E2),G,M,-5.957,0,5,4
137(E2),G,N,-6.874,0,6,4
137(E2),G,P,-5.771,0,8.5,4
137(E2),G,Q,-4.675,0.03464,4.5,4
137(E2),G,R,-6.369,0,12,4
137(E2),G,S,-5.407,0,11,4
137(E2),G,T,-6.301,0,7.5,4
137(E2),G,V,-6.873,0,7,4
137(E2),G,W,-6.755,0,8,4
137(E2),G,Y,-5.744,0,6,4
138(E1),Q,*,-5.917,0,7.5,4
138(E1),Q,-,-0.3965,0.1428,1.5,2
138(E1),Q,A,-0.6409,0.5537,7.25,4
138(E1),Q,C,0.1501,0.4746,6.5,4
138(E1),Q,D,-1.343,0.9904,4.5,4
138(E1),Q,E,-1.187,0.7519,5.5,4
138(E1),Q,F,-0.5504,0.2674,10,4
138(E1),Q,G,0.4819,1.002,5.5,4
138(E1),Q,H,0.7313,0.9066,12.5,4
138(E1),Q,I,-0.9821,2.298,6,4
138(E1),Q,K,-0.0396,0.4298,15,4
138(E1),Q,L,2.28,0.7387,9.5,4
138(E1),Q,M,0.26,1.825,8.5,4
138(E1),Q,N,0.1057,0.97,7.25,4
138(E1),Q,P,-0.3861,0.4225,12,4
138(E1),Q,Q,0,0,,4
138(E1),Q,R,1.953,1.062,20.5,4
138(E1),Q,S,-0.8511,0.5316,8.5,4
138(E1),Q,T,-0.4464,0.5324,10.5,4
138(E1),Q,V,-0.07735,0.7165,6,4
138(E1),Q,W,0.2975,0.5049,6.5,4
138(E1),Q,Y,-0.5357,1.169,10.5,4
138(E2),R,*,-0.7407,0.1712,0.5,2
138(E2),R,-,0.7913,0.06875,1,2
138(E2),R,A,-5.202,0.1273,8.5,4
138(E2),R,C,-5.853,0,12,4
138(E2),R,D,-6.975,0,4,4
138(E2),R,E,-6.122,0,8.5,4
138(E2),R,F,-4.612,0,11.5,4
138(E2),R,G,-6.55,0,12,4
138(E2),R,H,-5.541,0,10,4
138(E2),R,I,-5.764,0,7.75,4
138(E2),R,K,-3.782,0.1972,13.5,4
138(E2),R,L,-5.319,0,5.5,4
138(E2),R,M,-6.141,0,10,4
138(E2),R,N,-5.148,0,5.5,4
138(E2),R,P,-6.668,0,6.5,4
138(E2),R,Q,-6.626,0,7.5,4
138(E2),R,R,0,0,,4
138(E2),R,S,-6.277,0,6,4
138(E2),R,T,-6.112,0,6.75,4
138(E2),R,V,-5.881,0,11.75,4
138(E2),R,W,-6.027,0,6,4
138(E2),R,Y,-4.505,0.09786,4.5,4
139(E1),G,-,-0.415,0.2577,1,2
139(E1),G,A,-0.9585,0.628,11.75,4
139(E1),G,C,-2.395,0.8835,14.5,4
139(E1),G,D,-1.655,0.138,56.25,4
139(E1),G,E,-2.332,1.433,5.5,4
139(E1),G,F,-2.234,0.4622,9.25,4
139(E1),G,G,0,0,,4
139(E1),G,H,0.4875,0.3175,6,4
139(E1),G,I,-5.28,0,7.5,4
139(E1),G,K,-0.9459,0.428,8,4
139(E1),G,L,-2.205,0.1001,7.75,4
139(E1),G,M,-1.856,0.1852,8,4
139(E1),G,N,-0.9842,1.67,7,4
139(E1),G,P,-6.807,0,8.5,4
139(E1),G,Q,-2.269,0.3687,3.75,4
139(E1),G,R,-1.465,0.3534,7,4
139(E1),G,S,1.255,0.8027,16,4
139(E1),G,T,-0.356,0.6328,7,4
139(E1),G,V,-4.26,0.2184,8.5,4
139(E1),G,W,-2.841,0.1094,9.25,4
139(E1),G,Y,-2.202,0.3764,10.5,4
139(E2),E,*,-7.651,0,7.5,4
139(E2),E,-,0.1128,0.05027,1,2
139(E2),E,A,-5.768,0,4.5,4
139(E2),E,C,-6.737,0,7,4
139(E2),E,D,-7.288,0,10.5,4
139(E2),E,E,0,0,,4
139(E2),E,F,-6.072,0,7.5,4
139(E2),E,G,-5.042,0,9.5,4
139(E2),E,H,-6.794,0,8.5,4
139(E2),E,I,-3.94,0.3443,6.5,4
139(E2),E,K,-6.213,0,20,4
139(E2),E,L,-5.359,0,10,4
139(E2),E,M,-6.364,0,7,4
139(E2),E,N,-6.22,0,8,4
139(E2),E,P,-6.496,0,7,4
139(E2),E,Q,-1.216,0.2717,8.5,4
139(E2),E,R,-6.221,0,7.5,4
139(E2),E,S,-6.611,0,7,4
139(E2),E,T,-6.144,0,5.5,4
139(E2),E,V,-3.776,0.5273,5.75,4
139(E2),E,W,-6.09,0,8.75,4
139(E2),E,Y,-5.342,0,7.25,4
14(6K),Q,*,-7.38,0,24.25,4
14(6K),Q,-,-1.418,2.18,2,4
14(6K),Q,A,-0.332,0.6411,6.5,4
14(6K),Q,C,-0.7262,1.385,6.5,4
14(6K),Q,D,0.8269,1.603,7.5,4
14(6K),Q,E,0.9416,0.4994,9.5,4
14(6K),Q,F,-1.774,1.052,8,4
14(6K),Q,G,-0.7368,0.5358,10,4
14(6K),Q,H,-0.2172,0.7681,13.5,4
14(6K),Q,I,-0.7293,0.9931,5,4
14(6K),Q,K,-0.12,2.054,11.5,4
14(6K),Q,L,0.6467,1.345,9,4
14(6K),Q,M,-1.231,0.9276,9.75,4
14(6K),Q,N,-0.2275,1.458,8,4
14(6K),Q,P,-1.218,0.7944,7,4
14(6K),Q,Q,0,0,,4
14(6K),Q,R,0.209,1.2,9.5,4
14(6K),Q,S,-0.8401,0.3587,9,4
14(6K),Q,T,0.8206,1.375,10.5,4
14(6K),Q,V,0.8442,1.486,7.5,4
14(6K),Q,W,-0.5637,0.4512,7.5,4
14(6K),Q,Y,-0.7791,0.4006,10,4
14(E1),P,A,0.9756,2.084,6,4
14(E1),P,C,0.179,0.915,5,4
14(E1),P,D,-1.726,0.517,6,4
14(E1),P,E,-1.627,0.3107,3,4
14(E1),P,F,-1.683,0.6175,4,4
14(E1),P,G,-1.007,0.707,6,4
14(E1),P,H,0.4486,1.128,9.5,4
14(E1),P,I,0.1564,0.7061,3,4
14(E1),P,K,-0.1969,2.492,6.25,4
14(E1),P,L,-1.405,0.9075,12.75,4
14(E1),P,M,-0.3674,1.867,6.5,4
14(E1),P,N,-0.8979,0.3625,4.5,4
14(E1),P,P,0,0,,4
14(E1),P,Q,-1.321,0.9446,1.5,4
14(E1),P,R,-0.4691,0.6734,6.5,4
14(E1),P,S,0.7391,0.4055,23.75,4
14(E1),P,T,-0.3946,1.286,7,4
14(E1),P,V,-0.4891,0.4525,5.5,4
14(E1),P,W,-0.1462,1.116,7,4
14(E1),P,Y,-0.7244,0.5909,3.5,4
14(E2),P,*,-4.902,0.05369,1,4
14(E2),P,-,0.1302,0.1025,1.5,4
14(E2),P,A,-4.546,0.3402,7.5,4
14(E2),P,C,-6.691,0,4,4
14(E2),P,D,-6.3,0,5,4
14(E2),P,E,-5.418,0,5,4
14(E2),P,F,-6.688,0,9,4
14(E2),P,G,-6.409,0,5.5,4
14(E2),P,H,-6.862,0,8,4
14(E2),P,I,-6.683,0,8.5,4
14(E2),P,K,-7.023,0,7.5,4
14(E2),P,L,-6.52,0,13,4
14(E2),P,M,-6.684,0,8.5,4
14(E2),P,N,-6.071,0,8.5,4
14(E2),P,P,0,0,,4
14(E2),P,Q,-6.328,0,7.5,4
14(E2),P,R,-6.505,0,9,4
14(E2),P,S,-5.431,0,12,4
14(E2),P,T,-6.822,0,8,4
14(E2),P,V,-6.149,0,3.25,4
14(E2),P,W,-6.861,0,8.5,4
14(E2),P,Y,-5.569,0,8.5,4
14(E3),T,*,-6.77,0,11.5,4
14(E3),T,-,2.053,0.3695,1,2
14(E3),T,A,1.18,1.723,9,4
14(E3),T,C,-1.409,0.7574,6,4
14(E3),T,D,-1.726,0.5069,8.5,4
14(E3),T,E,-1.431,0.1809,7,4
14(E3),T,F,-2.644,0.1409,15,4
14(E3),T,G,-1.175,0.2953,7.5,4
14(E3),T,H,-0.8609,0.7289,8,4
14(E3),T,I,-1.086,0.07817,11.5,4
14(E3),T,K,-0.5687,0.9202,7,4
14(E3),T,L,-0.9381,0.4531,10.5,4
14(E3),T,M,-1.014,0.186,10,4
14(E3),T,N,-0.4323,0.2503,7,4
14(E3),T,P,-1.801,0.1292,20.25,4
14(E3),T,Q,-0.2419,1.024,8.75,4
14(E3),T,R,-0.05394,0.5535,11.5,4
14(E3),T,S,-0.8504,0.1506,7.5,4
14(E3),T,T,0,0,,4
14(E3),T,V,-0.01524,0.2471,9,4
14(E3),T,W,0.04495,0.6241,5,4
14(E3),T,Y,-0.1179,0.3562,9.5,4
140(E1),N,-,-0.1169,0.0329,1,2
140(E1),N,A,-0.2656,0.5048,8,4
140(E1),N,C,0.505,0.8843,5,4
140(E1),N,D,-0.3557,1.199,7,4
140(E1),N,E,-2.14,1.785,5,4
140(E1),N,F,0.5666,1.696,8.25,4
140(E1),N,G,0.8884,1.218,7.5,4
140(E1),N,H,0.5079,1.143,10,4
140(E1),N,I,0.8089,0.8198,7.5,4
140(E1),N,K,0.4285,1.567,5.5,4
140(E1),N,L,-1.183,0.322,5.5,4
140(E1),N,M,0.5023,0.2962,10.75,4
140(E1),N,N,0,0,,4
140(E1),N,P,-9.395,0,11,4
140(E1),N,Q,0.09073,0.1092,5.5,4
140(E1),N,R,-0.3954,0.8226,5.5,4
140(E1),N,S,0.7926,0.5111,8,4
140(E1),N,T,-0.5273,1.301,5.5,4
140(E1),N,V,-0.4079,0.8524,5.25,4
140(E1),N,W,-0.2977,2.332,7.25,4
140(E1),N,Y,0.608,1.384,6,4
140(E2),K,*,-4.535,0,0.25,1
140(E2),K,-,-4.274,0.1165,1.5,2
140(E2),K,A,-0.1298,0.2657,8.5,4
140(E2),K,C,-2.718,0.2354,9.5,4
140(E2),K,D,-1.631,1.748,7.5,4
140(E2),K,E,-1.534,0.9195,6,4
140(E2),K,F,-1.944,0.08886,11.5,4
140(E2),K,G,-3.373,0.6044,4.5,4
140(E2),K,H,-1.726,0.1944,7,4
140(E2),K,I,-0.5776,0.4653,8.75,4
140(E2),K,K,0,0,,4
140(E2),K,L,-1.662,0.1031,11.25,4
140(E2),K,M,0.4909,0.2884,7,4
140(E2),K,N,-2.021,0.1465,12.5,4
140(E2),K,P,-6.755,0,8.5,4
140(E2),K,Q,-0.3776,0.2361,12.25,4
140(E2),K,R,-0.2354,0.659,6,4
140(E2),K,S,-2.019,0.09416,4,4
140(E2),K,T,-3.088,0.6824,10,4
140(E2),K,V,-0.4484,0.5692,5.5,4
140(E2),K,W,-2.341,0.3371,3.5,4
140(E2),K,Y,-2.915,0.727,7,4
141(E1),N,-,-0.2584,0.1074,0.5,2
141(E1),N,A,-2.554,0.2961,7.25,4
141(E1),N,C,-7.872,0,8.5,4
141(E1),N,D,-2.447,0.4001,8.5,4
141(E1),N,E,-3.248,0.2204,3.5,4
141(E1),N,F,-3.079,0.3145,8.5,4
141(E1),N,G,-7.146,0,7.5,4
141(E1),N,H,-2.32,0.2397,6,4
141(E1),N,I,-3.513,0.3251,11,4
141(E1),N,K,-3.323,0.625,6,4
141(E1),N,L,-3.572,0.3233,12.5,4
141(E1),N,M,-3.018,0.4304,5.5,4
141(E1),N,N,0,0,,4
141(E1),N,P,-4.482,0,12,4
141(E1),N,Q,-2.286,0.4814,10.5,4
141(E1),N,R,-2.572,0.06651,5,4
141(E1),N,S,-2.343,0.3075,9,4
141(E1),N,T,-2.793,0.1159,8.5,4
141(E1),N,V,-2.817,0.3662,6.5,4
141(E1),N,W,-3.268,0.3473,7,4
141(E1),N,Y,-1.971,0.9743,7,4
141(E2),F,-,-0.2984,0.05585,1,2
141(E2),F,A,-2.214,0.2842,4.5,4
141(E2),F,C,-4.878,0,6,4
141(E2),F,D,-4.409,0.4584,6.5,4
141(E2),F,E,-6.024,0,6,4
141(E2),F,F,0,0,,4
141(E2),F,G,-2.868,0.4348,7.5,4
141(E2),F,H,-1.218,0.2625,6.5,4
141(E2),F,I,-2.841,0.505,8.5,4
141(E2),F,K,-5.769,0.2451,3,4
141(E2),F,L,-3.287,0.4066,9.5,4
141(E2),F,M,-2.006,0.1294,5.5,4
141(E2),F,N,-2.881,0.3923,5.5,4
141(E2),F,P,-3.829,0.5498,5,4
141(E2),F,Q,-4.748,0.3577,6,4
141(E2),F,R,-6.655,0,4.5,4
141(E2),F,S,-2.125,0.2153,8.5,4
141(E2),F,T,-3.566,0.9198,4,4
141(E2),F,V,-2.676,0.1513,7.5,4
141(E2),F,W,-3.638,0.5246,6,4
141(E2),F,Y,-1.055,0.1412,5.5,4
142(E1),V,-,-0.6319,0.1494,0.5,2
142(E1),V,A,-0.8182,0.978,9.5,4
142(E1),V,C,-1.154,0.1214,8,4
142(E1),V,D,-2.096,0.2862,4,4
142(E1),V,E,-1.215,0.4645,7.5,4
142(E1),V,F,-0.6802,0.6067,7.25,4
142(E1),V,G,-1.179,0.3456,6,4
142(E1),V,H,-0.9272,0.8525,8,4
142(E1),V,I,-0.7117,0.7096,5,4
142(E1),V,K,1.331,1.162,7.5,4
142(E1),V,L,1.208,0.2095,14.75,4
142(E1),V,M,-0.1862,0.3611,13,4
142(E1),V,N,-1.446,1.233,6,4
142(E1),V,P,-6.289,0,5,4
142(E1),V,Q,-0.7475,1.321,6,4
142(E1),V,R,0.4287,0.4151,6,4
142(E1),V,S,-2.673,1.357,3.5,4
142(E1),V,T,-1.046,0.6648,9,4
142(E1),V,V,0,0,,4
142(E1),V,W,0.3324,2.124,5,4
142(E1),V,Y,-0.0045,2.486,8.5,4
142(E2),H,*,-9.992,0,0.5,2
142(E2),H,-,-0.1924,0.6024,2,4
142(E2),H,A,1.654,2.263,4,4
142(E2),H,C,-3.292,0.8052,10,4
142(E2),H,D,-3.187,0.2357,5.5,4
142(E2),H,E,-2.739,0.3118,8.5,4
142(E2),H,F,1.505,2.118,4.5,4
142(E2),H,G,-1.95,0.3101,6.5,4
142(E2),H,H,0,0,,4
142(E2),H,I,-2.042,0.8946,4.5,4
142(E2),H,K,-2.611,0.2794,3.5,4
142(E2),H,L,-2.244,0.4749,5,4
142(E2),H,M,-2.472,0.248,5.5,4
142(E2),H,N,-1.972,0.3998,10,4
142(E2),H,P,-0.3287,0.326,10,4
142(E2),H,Q,-1.446,0.473,5.5,4
142(E2),H,R,-2.16,0.8415,7,4
142(E2),H,S,-1.263,0.8362,4,4
142(E2),H,T,-2.087,0.148,11,4
142(E2),H,V,-2.054,0.6032,5.5,4
142(E2),H,W,1.974,0.7272,6.5,4
142(E2),H,Y,0.4015,1.759,8.5,4
143(E1),T,-,0.1331,0.2389,0.5,2
143(E1),T,A,-5.833,0,18,4
143(E1),T,C,-5.774,0,7.5,4
143(E1),T,D,-5.72,0,8.5,4
143(E1),T,E,-2.438,0.116,5.5,4
143(E1),T,F,-1.86,0.1514,8.5,4
143(E1),T,G,-7.174,0,9,4
143(E1),T,H,-2.865,0.2159,7,4
143(E1),T,I,-1.957,0.5174,22.25,4
143(E1),T,K,-4.579,0,10,4
143(E1),T,L,-2.32,0.238,7,4
143(E1),T,M,-2.068,0.3811,5.5,4
143(E1),T,N,-1.247,1.238,3.75,4
143(E1),T,P,-7.262,0,10,4
143(E1),T,Q,-3.341,0.08392,7,4
143(E1),T,R,-6.223,0,11,4
143(E1),T,S,-0.383,0.2897,6.5,4
143(E1),T,T,0,0,,4
143(E1),T,V,-1.808,0.3671,5.5,4
143(E1),T,W,-3.748,0.37,8.5,4
143(E1),T,Y,-1.829,0.2338,8.5,4
143(E2),S,-,-5.072,0.1147,3,4
143(E2),S,A,1.246,1.233,8.5,4
143(E2),S,C,-3.283,0.3355,6,4
143(E2),S,D,-3.146,0.1113,6,4
143(E2),S,E,-3.546,0.2886,7,4
143(E2),S,F,-3.303,0.2297,8.5,4
143(E2),S,G,0.5684,0.604,10.5,4
143(E2),S,H,-3.827,0.4326,9,4
143(E2),S,I,-2.283,0.2377,6.5,4
143(E2),S,K,-3.905,0.4378,8,4
143(E2),S,L,-3.304,0.3234,6.5,4
143(E2),S,M,-3.941,0.1821,9,4
143(E2),S,N,-2.937,0.1814,25.25,4
143(E2),S,P,-5.549,0,6,4
143(E2),S,Q,-3.258,0.4111,7.5,4
143(E2),S,R,-4.543,0.2919,13,4
143(E2),S,S,0,0,,4
143(E2),S,T,-2.802,0.2826,9.5,4
143(E2),S,V,-1.619,0.1938,6.5,4
143(E2),S,W,-3.178,0.3294,9.5,4
143(E2),S,Y,-2.928,0.227,7,4
144(E1),V,-,-0.03982,0.0215,0.5,2
144(E1),V,A,-0.9562,0.17,9.25,4
144(E1),V,C,-1.185,0.3679,6,4
144(E1),V,D,-6.867,0,7,4
144(E1),V,E,-5.196,0.7366,6.5,4
144(E1),V,F,-0.7599,0.3638,5,4
144(E1),V,G,-3.959,0.1736,3,4
144(E1),V,H,-6.329,0,5,4
144(E1),V,I,-0.7574,0.812,4,4
144(E1),V,K,-3.475,0.2915,7,4
144(E1),V,L,0.882,1.087,11.5,4
144(E1),V,M,-1.722,0.5275,17,4
144(E1),V,N,-6.176,0,6.5,4
144(E1),V,P,-7.112,0,9.5,4
144(E1),V,Q,-0.012,3.151,1.5,4
144(E1),V,R,-3.422,0.2683,11.5,4
144(E1),V,S,-4.808,0.0918,8,4
144(E1),V,T,-1.172,1.261,5,4
144(E1),V,V,0,0,,4
144(E1),V,W,-0.9179,0.6145,15.5,4
144(E1),V,Y,-1.435,0.4008,6,4
144(E2),R,*,-0.5176,0.1547,0.5,2
144(E2),R,-,-0.191,0.00585,0.5,2
144(E2),R,A,-1.942,0.1644,8.5,4
144(E2),R,C,-4.687,0.09699,9,4
144(E2),R,D,-5.098,0.2126,4.5,4
144(E2),R,E,-3.829,0.408,7,4
144(E2),R,F,-3.414,0.3152,6.5,4
144(E2),R,G,-2.133,0.8135,9.25,4
144(E2),R,H,-2.615,0.4936,7.5,4
144(E2),R,I,-1.823,0.1211,13.5,4
144(E2),R,K,-2.316,0.5229,10,4
144(E2),R,L,-2.072,0.1365,8.5,4
144(E2),R,M,-3.06,0.2989,7,4
144(E2),R,N,-1.264,0.7341,8,4
144(E2),R,P,-1.872,0.14,5.5,4
144(E2),R,Q,-3.135,0.1912,5,4
144(E2),R,R,0,0,,4
144(E2),R,S,-2.27,0.2949,5,4
144(E2),R,T,-2.119,0.2585,8,4
144(E2),R,V,-1.943,0.4234,3.5,4
144(E2),R,W,-3.966,0.2823,11,4
144(E2),R,Y,-3.478,0.5272,9,4
145(E1),S,-,-0.5727,0.4758,1,4
145(E1),S,A,0.05525,0.6428,7,4
145(E1),S,C,-0.6256,0.9407,5,4
145(E1),S,D,-1.375,0.2733,4,4
145(E1),S,E,-2.014,0.9244,6,4
145(E1),S,F,-1.152,0.574,10,4
145(E1),S,G,0.7953,0.607,5.5,4
145(E1),S,H,-0.1331,1.12,6,4
145(E1),S,I,-1.368,0.4992,6,4
145(E1),S,K,-0.1795,1.546,4,4
145(E1),S,L,-0.4387,0.5695,6,4
145(E1),S,M,-0.8531,0.6118,5,4
145(E1),S,N,-1.108,1.824,7,4
145(E1),S,P,-1.143,0.3198,12.25,4
145(E1),S,Q,-0.7141,0.5624,5,4
145(E1),S,R,2.841,1.482,6.5,4
145(E1),S,S,0,0,,4
145(E1),S,T,-1.181,0.3631,8.5,4
145(E1),S,V,-0.482,2.02,4,4
145(E1),S,W,1.161,1.424,5.5,4
145(E1),S,Y,-0.2621,0.2533,8.5,4
145(E2),P,-,0.064,0.2548,1,4
145(E2),P,A,-1.465,0.2393,7,4
145(E2),P,C,-5.222,0,5.5,4
145(E2),P,D,-5.088,0.275,4.5,4
145(E2),P,E,-3.768,0.3076,5.5,4
145(E2),P,F,-2.701,0.4027,6.5,4
145(E2),P,G,-1.978,0.3032,5,4
145(E2),P,H,-0.0167,0.6978,7.5,4
145(E2),P,I,-2.607,0.3249,3,4
145(E2),P,K,-3.377,0.09486,5,4
145(E2),P,L,-2.024,1.426,3.5,4
145(E2),P,M,-2.803,0.2229,5.5,4
145(E2),P,N,-3.469,0.3458,8,4
145(E2),P,P,0,0,,4
145(E2),P,Q,-2.668,0.6633,4.5,4
145(E2),P,R,-3.75,0.316,0.5,2
145(E2),P,S,-1.876,0.2761,6.5,4
145(E2),P,T,-1.664,0.1399,10,4
145(E2),P,V,-2.341,0.755,4.5,4
145(E2),P,W,-0.5533,0.3022,1.5,4
145(E2),P,Y,-2.064,0.722,9,4
146(E1),A,-,-0.8574,0.5078,1.5,4
146(E1),A,A,0,0,,4
146(E1),A,C,2.344,0.659,4.5,4
146(E1),A,D,-4.505,0,6,4
146(E1),A,E,-5.011,0.2025,4,4
146(E1),A,F,-1.676,0.1767,9,4
146(E1),A,G,-0.892,1.341,6.25,4
146(E1),A,H,-3.106,1.414,6,4
146(E1),A,I,-0.9512,1.109,7.5,4
146(E1),A,K,-6.873,0,9.5,4
146(E1),A,L,-0.7006,0.9155,3.5,4
146(E1),A,M,-1.543,1.811,5,4
146(E1),A,N,-1.575,0.4591,6.5,4
146(E1),A,P,-2.045,1.006,5.5,4
146(E1),A,Q,-2.812,0.2299,5.5,4
146(E1),A,R,-9.091,0,8.5,4
146(E1),A,S,-1.023,0.7226,9,4
146(E1),A,T,-1.728,0.0938,45.25,4
146(E1),A,V,0.6481,0.7595,7,4
146(E1),A,W,-6.903,0,5,4
146(E1),A,Y,-3.177,0.1707,4.75,4
146(E2),Q,*,-5.681,0,6,4
146(E2),Q,-,-4.458,0,1,2
146(E2),Q,A,2.909,1.164,8.5,4
146(E2),Q,C,-2.315,0.5778,7,4
146(E2),Q,D,0.7006,0.6434,9.5,4
146(E2),Q,E,-0.7717,1.261,5.5,4
146(E2),Q,F,3.446,0.5944,7,4
146(E2),Q,G,1.247,2.807,9.25,4
146(E2),Q,H,0.07905,0.7016,12,4
146(E2),Q,I,3.343,1.611,9.5,4
146(E2),Q,K,-4.684,0.359,10.5,4
146(E2),Q,L,1.461,0.5837,9,4
146(E2),Q,M,3.285,0.9285,8,4
146(E2),Q,N,-1.474,0.8605,9,4
146(E2),Q,P,1.887,1.336,7,4
146(E2),Q,Q,0,0,,4
146(E2),Q,R,-2.803,0.5022,7.5,4
146(E2),Q,S,3.234,1.731,6,4
146(E2),Q,T,3.1,1.421,7,4
146(E2),Q,V,0.7027,0.439,6,4
146(E2),Q,W,1.138,0.5527,4.5,4
146(E2),Q,Y,-0.9547,0.05769,7.5,4
147(E1),Y,*,-7.076,0,10,4
147(E1),Y,-,-0.1698,0.2118,0.5,2
147(E1),Y,A,-2.777,0.6092,8.5,4
147(E1),Y,C,-6.423,0,8.5,4
147(E1),Y,D,-3.62,0.3105,7.5,4
147(E1),Y,E,-2.639,1.367,5,4
147(E1),Y,F,-0.3266,0.3097,6.5,4
147(E1),Y,G,-3.756,0.2903,4,4
147(E1),Y,H,-0.2023,0.8357,12,4
147(E1),Y,I,-6.434,0,3.5,4
147(E1),Y,K,-6.143,0,6,4
147(E1),Y,L,-5.625,0,7,4
147(E1),Y,M,-3.122,0.1627,6.5,4
147(E1),Y,N,-2.807,0.2127,6,4
147(E1),Y,P,-6.901,0,5.5,4
147(E1),Y,Q,-2.845,0.3158,7.5,4
147(E1),Y,R,-2.573,0.2979,5,4
147(E1),Y,S,-2.954,0.2521,8.5,4
147(E1),Y,T,-3.139,0.1913,5,4
147(E1),Y,V,-5.383,0.1399,6,4
147(E1),Y,W,0.7734,0.1614,6.5,4
147(E1),Y,Y,0,0,,4
147(E2),H,-,-0.6539,0.2261,0.5,2
147(E2),H,A,-0.4607,0.5033,8.5,4
147(E2),H,C,-3.268,0.3305,5,4
147(E2),H,D,-2.195,0.1394,7,4
147(E2),H,E,-4.253,0.3719,6,4
147(E2),H,F,0.3253,0.6526,6,4
147(E2),H,G,-0.7975,0.761,4.5,4
147(E2),H,H,0,0,,4
147(E2),H,I,-0.1311,0.9526,7,4
147(E2),H,K,-2.369,0.2509,9,4
147(E2),H,L,-1.753,0.6319,3.5,4
147(E2),H,M,-2.022,1.539,4.5,4
147(E2),H,N,-1.586,0.3528,12,4
147(E2),H,P,-5.146,0,4.5,4
147(E2),H,Q,-1.438,0.2278,7.5,4
147(E2),H,R,-1.7,1.003,4.5,4
147(E2),H,S,-0.452,0.2651,7,4
147(E2),H,T,-0.4854,0.4861,7,4
147(E2),H,V,0.4147,0.6214,7.25,4
147(E2),H,W,2.232,0.7227,4,4
147(E2),H,Y,0.5384,0.3911,16.25,4
148(E1),A,-,-1.432,0.8062,3,4
148(E1),A,A,0,0,,4
148(E1),A,C,-1.086,0.06162,5,4
148(E1),A,D,-3.531,0.2625,16,4
148(E1),A,E,-5.768,0.1048,5,4
148(E1),A,F,-3.252,0.164,10.5,4
148(E1),A,G,-1.825,0.2082,7.5,4
148(E1),A,H,-5.303,0.1559,9.5,4
148(E1),A,I,-1.264,0.7992,8,4
148(E1),A,K,-7.008,0,9.5,4
148(E1),A,L,-1.493,0.4879,11,4
148(E1),A,M,-1.396,0.465,6.5,4
148(E1),A,N,-2.103,1.412,4,4
148(E1),A,P,-1.748,0.2691,9,4
148(E1),A,Q,-3.329,0.1826,8.5,4
148(E1),A,R,-7.548,0,6.5,4
148(E1),A,S,-1.967,0.1449,9,4
148(E1),A,T,-1.215,0.243,27.5,4
148(E1),A,V,-0.7018,0.3986,13,4
148(E1),A,W,-6.406,0,8,4
148(E1),A,Y,-6.806,0,5.5,4
148(E2),G,*,-4.353,0.143,4,4
148(E2),G,-,-0.8288,0.6002,0.5,2
148(E2),G,A,-3.141,0.5773,6.5,4
148(E2),G,C,-5.552,0,6,4
148(E2),G,D,-5.435,0.2776,5.5,4
148(E2),G,E,-6.559,0,16.5,4
148(E2),G,F,-2.594,0.4722,6.5,4
148(E2),G,G,0,0,,4
148(E2),G,H,-4.356,0.2021,7.5,4
148(E2),G,I,-4.771,0.2369,11,4
148(E2),G,K,-6.077,0,4.5,4
148(E2),G,L,-4.838,0.1269,5.5,4
148(E2),G,M,-6.105,0,5.5,4
148(E2),G,N,-4.384,0,4,4
148(E2),G,P,-5.995,0,8.5,4
148(E2),G,Q,-5.543,0.2447,5,4
148(E2),G,R,-5.691,0,15,4
148(E2),G,S,-5.487,0.03854,8.5,4
148(E2),G,T,-3.933,0.4299,9,4
148(E2),G,V,-4.362,0.07188,14,4
148(E2),G,W,-3.32,0.2783,3.5,4
148(E2),G,Y,-2.156,0.5821,5,4
149(E1),N,-,-0.7325,0.7953,3.5,4
149(E1),N,A,-2.066,0.4773,5.5,4
149(E1),N,C,-3.207,0.6851,2.5,4
149(E1),N,D,-1.452,0.3345,6.5,4
149(E1),N,E,-1.824,0.1917,5.5,4
149(E1),N,F,-1.893,0.533,8.5,4
149(E1),N,G,0.7106,0.9789,4.5,4
149(E1),N,H,-1.087,2.899,5,4
149(E1),N,I,-1.351,1.117,6.5,4
149(E1),N,K,-1.328,0.2097,8,4
149(E1),N,L,-0.9695,0.3689,7,4
149(E1),N,M,-0.6622,0.8887,4.5,4
149(E1),N,N,0,0,,4
149(E1),N,P,-3.51,0.3534,7.5,4
149(E1),N,Q,-0.2009,0.2054,7.25,4
149(E1),N,R,-1.851,0.5436,9,4
149(E1),N,S,-1.561,0.3796,5,4
149(E1),N,T,-0.7689,1.134,4.75,4
149(E1),N,V,-2.425,0.4298,7.5,4
149(E1),N,W,-1.724,0.4564,8,4
149(E1),N,Y,-1.978,0.9753,3,4
149(E2),R,*,-4.492,1.292,1.5,4
149(E2),R,-,0.2198,0.3751,0.5,2
149(E2),R,A,-1.064,0.2557,7.5,4
149(E2),R,C,-1.228,0.106,8,4
149(E2),R,D,-0.163,1.791,8.5,4
149(E2),R,E,-1.821,0.4942,3.5,4
149(E2),R,F,-0.767,0.2773,6.5,4
149(E2),R,G,-1.301,0.2203,9,4
149(E2),R,H,-2.046,0.2208,5.5,4
149(E2),R,I,0.6612,0.5162,11.5,4
149(E2),R,K,0.8631,0.5161,16,4
149(E2),R,L,-0.003,0.6963,8.5,4
149(E2),R,M,0.2298,0.4435,6.5,4
149(E2),R,N,-1.399,0.2227,6.5,4
149(E2),R,P,1.954,4.051,4.5,4
149(E2),R,Q,-1.454,0.873,6,4
149(E2),R,R,0,0,,4
149(E2),R,S,-1.079,0.08056,11.5,4
149(E2),R,T,0.3404,0.1924,9.5,4
149(E2),R,V,0.8289,1.968,7,4
149(E2),R,W,-2.213,0.3602,6,4
149(E2),R,Y,-0.5933,0.94,5.5,4
15(6K),Q,*,-7.026,0,9,4
15(6K),Q,-,0.09235,0.2232,0.5,2
15(6K),Q,A,1.029,1.049,7,4
15(6K),Q,C,0.0036,0.2866,7,4
15(6K),Q,D,-0.5624,0.3476,10.5,4
15(6K),Q,E,0.8316,1.798,12,4
15(6K),Q,F,0.3029,1.402,5.5,4
15(6K),Q,G,1.332,0.8753,7.5,4
15(6K),Q,H,-0.2408,1.91,6.5,4
15(6K),Q,I,1.399,1.989,9.5,4
15(6K),Q,K,-0.549,0.8356,10,4
15(6K),Q,L,-0.6936,0.5639,8,4
15(6K),Q,M,-0.2449,1.093,12.5,4
15(6K),Q,N,-0.4616,0.7683,8,4
15(6K),Q,P,0.5634,0.9041,12.5,4
15(6K),Q,Q,0,0,,4
15(6K),Q,R,2.34,1.492,4,4
15(6K),Q,S,-0.8162,1.057,7,4
15(6K),Q,T,-0.3754,0.3311,9,4
15(6K),Q,V,0.9922,0.3576,8.5,4
15(6K),Q,W,-1.06,0.7251,6,4
15(6K),Q,Y,0.3156,0.7625,5,4
15(E1),Y,*,-7.236,0,4,4
15(E1),Y,-,-0.6425,0.2958,2,2
15(E1),Y,A,-0.5934,0.2687,8,4
15(E1),Y,C,-1.865,1.172,8.5,4
15(E1),Y,D,-3.923,0.124,13,4
15(E1),Y,E,-2.865,0.7592,5,4
15(E1),Y,F,0.347,1.76,10.5,4
15(E1),Y,G,-2.159,0.5572,6.5,4
15(E1),Y,H,-1.28,0.2345,13,4
15(E1),Y,I,-1.319,0.4366,11,4
15(E1),Y,K,-1.371,0.3836,11,4
15(E1),Y,L,-1.268,0.5596,8.5,4
15(E1),Y,M,-0.4463,0.766,8,4
15(E1),Y,N,-5.19,0,9.5,4
15(E1),Y,P,-7.284,0,6.5,4
15(E1),Y,Q,-1.813,0.2546,6.5,4
15(E1),Y,R,-0.1497,0.7303,4.5,4
15(E1),Y,S,-0.6594,1.608,8,4
15(E1),Y,T,-1.02,0.6402,8.5,4
15(E1),Y,V,-1.347,0.2179,7.5,4
15(E1),Y,W,-1.545,1.444,4.5,4
15(E1),Y,Y,0,0,,4
15(E2),Y,*,-4.293,1.137,4.5,4
15(E2),Y,-,-0.2661,0.01562,1,4
15(E2),Y,A,-5.573,0,7,4
15(E2),Y,C,-6.723,0,3.5,4
15(E2),Y,D,-6.185,0,11.5,4
15(E2),Y,E,-6.553,0,9,4
15(E2),Y,F,-6.788,0,8,4
15(E2),Y,G,-6.714,0,6.5,4
15(E2),Y,H,-6.97,0,10.5,4
15(E2),Y,I,-6.618,0,9,4
15(E2),Y,K,-5.556,0,7,4
15(E2),Y,L,-5.44,0,7.5,4
15(E2),Y,M,-6.175,0,11.5,4
15(E2),Y,N,-6.218,0,9.5,4
15(E2),Y,P,-6.483,0,6.5,4
15(E2),Y,Q,-6.218,0,7.5,4
15(E2),Y,R,-5.588,0,4,4
15(E2),Y,S,-5.949,0,4.5,4
15(E2),Y,T,-6.492,0,9.5,4
15(E2),Y,V,-6.149,0,9.5,4
15(E2),Y,W,-5.812,0,10.5,4
15(E2),Y,Y,0,0,,4
15(E3),F,-,-3.388,0.155,2,2
15(E3),F,A,-1.259,0.7878,12,4
15(E3),F,C,-1.852,0.1026,6,4
15(E3),F,D,-3.388,0.31,7.5,4
15(E3),F,E,-4.647,0,5,4
15(E3),F,F,0,0,,4
15(E3),F,G,-2.196,0.2908,8.75,4
15(E3),F,H,-1.908,0.3496,8,4
15(E3),F,I,0.01812,0.2673,9,4
15(E3),F,K,-2.894,0.08785,6,4
15(E3),F,L,-0.7611,0.5666,8,4
15(E3),F,M,-0.936,0.6997,8,4
15(E3),F,N,-2.228,0.2582,7,4
15(E3),F,P,-2.179,0.0828,11.75,4
15(E3),F,Q,-1.942,0.2995,9,4
15(E3),F,R,-2.673,0.09968,11.5,4
15(E3),F,S,-2.125,0.2771,8,4
15(E3),F,T,-1.819,0.1435,10.5,4
15(E3),F,V,-0.9341,0.5436,10.5,4
15(E3),F,W,2.388,1.583,5.5,4
15(E3),F,Y,-1.167,1.296,9,4
150(E1),G,-,-3.397,1.016,4,4
150(E1),G,A,-1.214,0.7253,7.5,4
150(E1),G,C,-6.93,0,9.5,4
150(E1),G,D,-3.218,0.4495,15.75,4
150(E1),G,E,-3.609,0.1852,4.5,4
150(E1),G,F,-2.999,0.5128,6,4
150(E1),G,G,0,0,,4
150(E1),G,H,-3.274,0.4002,7.5,4
150(E1),G,I,-4.047,0.09793,9.5,4
150(E1),G,K,-6.537,0,8.5,4
150(E1),G,L,-5.921,0,8.5,4
150(E1),G,M,-2.96,0.4987,5.75,4
150(E1),G,N,-3.875,0.3084,4,4
150(E1),G,P,-5.616,0,9,4
150(E1),G,Q,-2.679,0.2453,8.5,4
150(E1),G,R,-6.2,0,5,4
150(E1),G,S,-2.389,0.2165,11.25,4
150(E1),G,T,-3.292,0.203,7,4
150(E1),G,V,-4.141,0.333,10,4
150(E1),G,W,-3.642,0.228,6,4
150(E1),G,Y,-3.346,0.2629,10,4
150(E2),E,*,-5.963,0,4.5,4
150(E2),E,-,0.127,0.2085,0.5,2
150(E2),E,A,-1.883,0.3428,8,4
150(E2),E,C,-1.91,0.0952,6.5,4
150(E2),E,D,0.8709,0.4198,10.5,4
150(E2),E,E,0,0,,4
150(E2),E,F,-1.885,0.1341,10,4
150(E2),E,G,-2.115,0.4644,5.5,4
150(E2),E,H,-2.321,0.3669,5.5,4
150(E2),E,I,-1.823,0.2303,7.5,4
150(E2),E,K,-5.075,0.4417,11,4
150(E2),E,L,-1.891,1.112,6,4
150(E2),E,M,-1.563,0.2781,9.5,4
150(E2),E,N,-2.027,0.3125,6,4
150(E2),E,P,-2.068,0.39,8,4
150(E2),E,Q,-1.6,0.5164,5.5,4
150(E2),E,R,-4.213,0.4859,6,4
150(E2),E,S,-1.43,0.1934,8,4
150(E2),E,T,-2.131,0.129,6,4
150(E2),E,V,-1.869,0.4421,4.5,4
150(E2),E,W,-1.932,0.2078,9,4
150(E2),E,Y,-2.151,0.31,8.5,4
151(E1),D,-,-0.8879,0.0279,2.5,2
151(E1),D,A,-0.1532,0.3372,5.5,4
151(E1),D,C,-2.357,0.9674,5,4
151(E1),D,D,0,0,,4
151(E1),D,E,0.8708,1.323,8,4
151(E1),D,F,1.224,0.2736,6.5,4
151(E1),D,G,-1.043,0.7163,9,4
151(E1),D,H,2.945,1.027,9,4
151(E1),D,I,2.576,1.815,7,4
151(E1),D,K,-6.88,0,9,4
151(E1),D,L,1.265,0.8853,9,4
151(E1),D,M,0.35,1.03,6.75,4
151(E1),D,N,-0.4265,0.5562,15.5,4
151(E1),D,P,-3.075,0.2308,6.5,4
151(E1),D,Q,-1.156,0.4179,7,4
151(E1),D,R,-6.537,0,6,4
151(E1),D,S,-6.739,0,6.5,4
151(E1),D,T,-7.382,0,6.5,4
151(E1),D,V,1.229,0.7587,5.5,4
151(E1),D,W,3.784,0.8235,5.5,4
151(E1),D,Y,1.585,0.4981,12,4
151(E2),L,-,-0.1104,0.07437,0.5,2
151(E2),L,A,-2.506,0.5654,7,4
151(E2),L,C,-6.243,0,5,4
151(E2),L,D,-6.79,0,8.5,4
151(E2),L,E,-2.021,0.3739,4,4
151(E2),L,F,-1.083,0.8377,5.5,4
151(E2),L,G,-6.111,0,7,4
151(E2),L,H,-3.646,0.8021,3.5,4
151(E2),L,I,-1.395,0.4252,6.5,4
151(E2),L,K,-4.457,0.1832,6,4
151(E2),L,L,0,0,,4
151(E2),L,M,0.7768,0.7295,8.5,4
151(E2),L,N,-5.927,0,5,4
151(E2),L,P,-6.303,0,8.5,4
151(E2),L,Q,-2.676,0.5985,6.5,4
151(E2),L,R,-4.429,0.1139,7,4
151(E2),L,S,-6.125,0.04244,2.75,4
151(E2),L,T,-2.474,0.2024,4,4
151(E2),L,V,-0.5927,0.1722,12,4
151(E2),L,W,-2.228,0.999,5,4
151(E2),L,Y,-1.093,0.1798,7.5,4
152(E1),H,-,-0.9513,0.04305,2.5,2
152(E1),H,A,-1.464,0.4434,3.5,4
152(E1),H,C,-2.649,0.7644,6.5,4
152(E1),H,D,-1.431,0.704,5,4
152(E1),H,E,1.175,1.483,6,4
152(E1),H,F,-0.1633,0.6004,6.5,4
152(E1),H,G,-0.3194,0.7902,7.25,4
152(E1),H,H,0,0,,4
152(E1),H,I,-1.74,0.679,7,4
152(E1),H,K,-1.651,0.6509,5.5,4
152(E1),H,L,-0.8583,0.3784,7,4
152(E1),H,M,-0.8115,0.4465,6.5,4
152(E1),H,N,-1.436,0.6968,11,4
152(E1),H,P,-3.197,0.1506,4,4
152(E1),H,Q,-1.427,0.447,9,4
152(E1),H,R,-1.167,0.7324,8,4
152(E1),H,S,-0.7056,0.2591,9,4
152(E1),H,T,2.461,1.5,4.5,4
152(E1),H,V,-1.485,0.8101,5.5,4
152(E1),H,W,-0.1126,0.9993,5,4
152(E1),H,Y,-0.8787,0.3338,7,4
152(E2),P,A,-0.6005,1.242,6,4
152(E2),P,C,-4.695,0.3992,4.5,4
152(E2),P,D,-1.053,1.849,5,4
152(E2),P,E,-2.276,0.4472,5,4
152(E2),P,F,-2.646,0.3236,8,4
152(E2),P,G,-1.901,0.2661,4.5,4
152(E2),P,H,-2.012,0.2257,7,4
152(E2),P,I,-2.638,1.004,3.5,4
152(E2),P,K,-2.842,0.1144,7,4
152(E2),P,L,-1.385,0.1313,6,4
152(E2),P,M,-1.233,0.338,4,4
152(E2),P,N,-2.763,0.6233,8.5,4
152(E2),P,P,0,0,,4
152(E2),P,Q,-0.6497,1.101,5.5,4
152(E2),P,R,-2.64,0.345,4,4
152(E2),P,S,-1.236,0.7289,16,4
152(E2),P,T,-1.811,0.2621,9.5,4
152(E2),P,V,-1.71,0.3757,10,4
152(E2),P,W,-1.686,0.5247,5.5,4
152(E2),P,Y,-2.825,0.3941,6,4
153(E1),A,-,0.1792,0.5518,2,2
153(E1),A,A,0,0,,4
153(E1),A,C,-1.367,0.6772,4,4
153(E1),A,D,-1.679,0.5952,9.25,4
153(E1),A,E,-0.6661,0.3586,41,4
153(E1),A,F,1.048,2.158,4.5,4
153(E1),A,G,-0.1173,0.7809,4.5,4
153(E1),A,H,3.591,1.507,9.5,4
153(E1),A,I,1.015,0.3573,6.5,4
153(E1),A,K,1.434,1.821,5,4
153(E1),A,L,2.852,0.4343,2,4
153(E1),A,M,-0.4715,0.2542,8,4
153(E1),A,N,-2.575,0.06703,7.5,4
153(E1),A,P,-0.4176,3.244,9.5,4
153(E1),A,Q,3.11,0.7029,4,4
153(E1),A,R,0.8331,1.337,9.5,4
153(E1),A,S,0.7737,0.4434,5.5,4
153(E1),A,T,1.562,1.635,13.25,4
153(E1),A,V,1.683,0.1358,62.25,4
153(E1),A,W,-0.4718,0.8022,4.5,4
153(E1),A,Y,1.941,2.037,4,4
153(E2),C,*,-6.872,0,0.5,2
153(E2),C,A,-6.271,0,8,4
153(E2),C,C,0,0,,4
153(E2),C,D,-6.427,0,7.5,4
153(E2),C,E,-4.624,0.2403,5.5,4
153(E2),C,F,-6.481,0,12,4
153(E2),C,G,-6.2,0,5,4
153(E2),C,H,-6.812,0,6.5,4
153(E2),C,I,-6.571,0,7,4
153(E2),C,K,-6.47,0,4,4
153(E2),C,L,-7.242,0,9,4
153(E2),C,M,-6.178,0,3.75,4
153(E2),C,N,-5.817,0,4.5,4
153(E2),C,P,-6.614,0,4,4
153(E2),C,Q,-6.582,0.01862,8.5,4
153(E2),C,R,-4.92,0.1065,7,4
153(E2),C,S,-4.928,0,4.5,4
153(E2),C,T,-6.921,0,9.5,4
153(E2),C,V,-6.406,0,6.5,4
153(E2),C,W,-5.677,0,6.5,4
153(E2),C,Y,-6.087,0,16.5,4
154(E1),V,-,-0.8975,0.1272,3.5,4
154(E1),V,A,-0.8686,0.3587,4,4
154(E1),V,C,-1.698,0.4904,6.5,4
154(E1),V,E,-1.848,0.2816,7,4
154(E1),V,F,-1.798,1.611,6.5,4
154(E1),V,G,-2.083,0.2071,40.5,4
154(E1),V,H,-2.212,0.3881,1.5,4
154(E1),V,I,-1.314,0.2355,5,4
154(E1),V,K,-0.3364,0.3089,7,4
154(E1),V,L,-2.258,0.7415,12,4
154(E1),V,M,-1.477,0.9467,10.5,4
154(E1),V,N,-2.617,0.6991,3,4
154(E1),V,P,-6.348,0,5.5,4
154(E1),V,Q,-1.17,0.2587,6,4
154(E1),V,R,0.051,1.394,6.25,4
154(E1),V,S,-2.032,0.1548,4,4
154(E1),V,T,-0.1066,0.9678,8.75,4
154(E1),V,V,0,0,,4
154(E1),V,W,-1.119,1.051,5,4
154(E1),V,Y,-0.029,1.733,1,4
154(E2),S,-,-1.547,0.0785,0.5,2
154(E2),S,A,-5.763,0,8.5,4
154(E2),S,C,-6.61,0,5.5,4
154(E2),S,D,-5.987,0.07621,6.5,4
154(E2),S,E,-5.321,0,9,4
154(E2),S,F,-5.892,0,9,4
154(E2),S,G,-7.844,0,12.5,4
154(E2),S,H,-6.701,0,7.5,4
154(E2),S,I,-7.929,0,8,4
154(E2),S,K,-6.203,0,7,4
154(E2),S,L,-6.635,0,8.5,4
154(E2),S,M,-8.905,0,6,4
154(E2),S,N,-6.035,0,16.5,4
154(E2),S,P,-6.354,0,10,4
154(E2),S,Q,-6.026,0,4.5,4
154(E2),S,R,-6.607,0,11.5,4
154(E2),S,S,0,0,,4
154(E2),S,T,0.3293,0.8786,8.5,4
154(E2),S,V,-4.239,0.1704,10.5,4
154(E2),S,W,-6.535,0,9.5,4
154(E2),S,Y,-6.748,0,13.5,4
155(E1),T,-,-0.8583,0.2243,3.5,4
155(E1),T,A,1.027,0.5315,9,4
155(E1),T,C,-0.5834,0.9179,6,4
155(E1),T,D,-0.7258,1.052,8,4
155(E1),T,E,-0.7884,0.6274,2.75,4
155(E1),T,F,-0.9595,1.166,5,4
155(E1),T,G,0.3215,1.845,9.5,4
155(E1),T,H,1.189,0.3058,6.5,4
155(E1),T,I,-0.4957,0.8232,16,4
155(E1),T,K,1.356,2.262,4.5,4
155(E1),T,L,-1.276,0.9746,3,4
155(E1),T,M,0.5036,0.8477,3.5,4
155(E1),T,N,-0.03925,0.2524,9,4
155(E1),T,P,-1.254,0.2001,5.5,4
155(E1),T,Q,-0.8691,0.3591,4.5,4
155(E1),T,R,3.083,0.5494,4.5,4
155(E1),T,S,-1.788,0.8867,8,4
155(E1),T,T,0,0,,4
155(E1),T,V,0.452,1.093,4.5,4
155(E1),T,W,0.2721,1.362,3.5,4
155(E1),T,Y,0.7915,0.7271,5.5,4
155(E2),T,-,-3.082,1.352,1,4
155(E2),T,A,-4.437,0.1156,10.5,4
155(E2),T,C,-6.184,0,9,4
155(E2),T,D,-6.467,0,7.5,4
155(E2),T,E,-5.912,0,9.5,4
155(E2),T,F,-6.216,0,12.5,4
155(E2),T,G,-5.026,0,4.5,4
155(E2),T,H,-4.99,0,6.5,4
155(E2),T,I,-5.313,0,10.25,4
155(E2),T,K,-6.529,0,11.5,4
155(E2),T,L,-6.02,0,8.5,4
155(E2),T,M,-6.358,0,5.5,4
155(E2),T,N,-5.513,0,9,4
155(E2),T,P,-6.941,0,11,4
155(E2),T,Q,-4.82,0.3819,6.5,4
155(E2),T,R,-5.556,0,6,4
155(E2),T,S,-1.466,0.2526,7.5,4
155(E2),T,T,0,0,,4
155(E2),T,V,-4.479,0.387,5.5,4
155(E2),T,W,-6.332,0,6,4
155(E2),T,Y,-6.824,0,5,4
156(E1),V,-,-1.658,0.123,3,2
156(E1),V,A,0.1028,0.5003,12.5,4
156(E1),V,C,-1.044,0.1677,5,4
156(E1),V,D,-1.656,0.8743,4,4
156(E1),V,E,-0.9628,1.029,4,4
156(E1),V,F,-1.746,1.199,7.5,4
156(E1),V,G,-0.903,0.7507,7,4
156(E1),V,H,1.068,0.7591,5.5,4
156(E1),V,I,0.2683,0.7896,5,4
156(E1),V,K,-1.323,0.3869,5,4
156(E1),V,L,-0.1428,1.22,9.5,4
156(E1),V,M,0.01075,0.4025,21.75,4
156(E1),V,N,-1.527,0.7026,8,4
156(E1),V,P,-3.618,0.2171,6,4
156(E1),V,Q,0.432,1.864,7,4
156(E1),V,R,1.363,1.544,5,4
156(E1),V,S,0.05,1.26,6,4
156(E1),V,T,0.01247,0.2596,8.5,4
156(E1),V,V,0,0,,4
156(E1),V,W,-0.9399,0.6534,5.5,4
156(E1),V,Y,0.8727,2.057,7,4
156(E2),Y,*,-8.265,0.6863,8.5,4
156(E2),Y,-,-1.446,0.0625,0.5,2
156(E2),Y,A,-5.466,0,2,4
156(E2),Y,C,-7.152,0,11.5,4
156(E2),Y,D,-6.814,0,7.5,4
156(E2),Y,E,-5.819,0,6.5,4
156(E2),Y,F,-3.153,0.5452,4.5,4
156(E2),Y,G,-7.05,0,4,4
156(E2),Y,H,-9.239,0,11,4
156(E2),Y,I,-6.694,0,6,4
156(E2),Y,K,-5.134,0,5,4
156(E2),Y,L,-6.84,0,8,4
156(E2),Y,M,-6.367,0.009959,3,4
156(E2),Y,N,-5.8,0,8.5,4
156(E2),Y,P,-6.681,0,5.5,4
156(E2),Y,Q,-6.114,0,10.75,4
156(E2),Y,R,-6.65,0,6.5,4
156(E2),Y,S,-7.319,0,7.5,4
156(E2),Y,T,-6.254,0,10,4
156(E2),Y,V,-6.562,0,6,4
156(E2),Y,W,-3.567,0.5126,6.5,4
156(E2),Y,Y,0,0,,4
157(E1),K,*,-2.482,0.9765,0.5,2
157(E1),K,-,-0.7014,0.34,3.5,4
157(E1),K,A,1.433,0.7665,4.5,4
157(E1),K,C,-1.99,0.5414,7.25,4
157(E1),K,D,-1.622,0.4172,3.5,4
157(E1),K,E,-2.147,0.7156,9.5,4
157(E1),K,F,-1.873,0.07112,9,4
157(E1),K,G,-1.433,0.3741,7.5,4
157(E1),K,H,-0.2409,0.4358,5,4
157(E1),K,I,-1.632,0.1797,3,4
157(E1),K,K,0,0,,4
157(E1),K,L,-0.8836,0.8233,7.5,4
157(E1),K,M,-1.399,0.6579,9,4
157(E1),K,N,-0.1692,0.6318,13.5,4
157(E1),K,P,-2.627,0.1095,8.5,4
157(E1),K,Q,-1.482,0.2237,7.5,4
157(E1),K,R,-0.4889,0.3946,11,4
157(E1),K,S,-1.312,0.1971,8.5,4
157(E1),K,T,-1.057,0.7736,8.5,4
157(E1),K,V,-1.248,0.257,6,4
157(E1),K,W,-2.112,0.5332,5,4
157(E1),K,Y,-1.987,0.5861,5.5,4
157(E2),A,A,0,0,,4
157(E2),A,C,-2.399,0.159,7.5,4
157(E2),A,D,-1.374,1.34,7,4
157(E2),A,E,-2.235,0.1952,4,4
157(E2),A,F,-1.517,1.012,4,4
157(E2),A,G,-0.3953,0.342,4,4
157(E2),A,H,-2.612,1.326,4.5,4
157(E2),A,I,0.1331,0.5078,5.5,4
157(E2),A,K,0.2064,0.855,4,4
157(E2),A,L,0.6038,0.4079,3.5,4
157(E2),A,M,-0.3789,0.4126,4.5,4
157(E2),A,N,-1.119,0.4333,2.5,4
157(E2),A,P,-5.691,0,6.5,4
157(E2),A,Q,0.9929,0.6636,5,4
157(E2),A,R,0.7613,0.9634,5.25,4
157(E2),A,S,3.352,2.015,9.5,4
157(E2),A,T,0.7396,1.089,12.5,4
157(E2),A,V,0.7594,0.6893,12,4
157(E2),A,W,-1.632,1.262,4.25,4
157(E2),A,Y,-0.9001,0.4476,6,4
158(E1),D,*,-6.882,0,0.5,2
158(E1),D,-,-1.024,0.2585,3.5,4
158(E1),D,A,0.6879,0.3267,7,4
158(E1),D,C,-2.918,0.09614,11.25,4
158(E1),D,D,0,0,,4
158(E1),D,E,0.3175,0.9048,9.25,4
158(E1),D,F,0.2164,1.486,4,4
158(E1),D,G,3.505,0.4431,8.5,4
158(E1),D,H,1.749,1.585,4.5,4
158(E1),D,I,-3.811,0.3128,6.5,4
158(E1),D,K,2.669,1.196,4.5,4
158(E1),D,L,-0.9171,1.605,4,4
158(E1),D,M,-1.6,0.4727,7.5,4
158(E1),D,N,0.5867,0.3676,14,4
158(E1),D,P,-3.703,0.36,5,4
158(E1),D,Q,3.441,1.164,5,4
158(E1),D,R,-0.1412,0.9143,7,4
158(E1),D,S,-0.5433,0.76,5.5,4
158(E1),D,T,0.1141,0.7925,8,4
158(E1),D,V,-2.585,0.341,6,4
158(E1),D,W,0.576,2.097,7,4
158(E1),D,Y,0.5515,2.08,13,4
158(E2),Q,*,-4.851,0,2,2
158(E2),Q,-,2.221,0.1165,0.5,2
158(E2),Q,A,1.72,1.515,4.75,4
158(E2),Q,C,-2.085,0.1389,6,4
158(E2),Q,D,-2.296,0.4335,6,4
158(E2),Q,E,-1.699,0.4355,7.5,4
158(E2),Q,F,-0.2521,1.085,10.5,4
158(E2),Q,G,-0.6256,0.3017,8,4
158(E2),Q,H,-0.3627,0.1965,12,4
158(E2),Q,I,-1.043,0.2825,7,4
158(E2),Q,K,1.187,0.1124,9.75,4
158(E2),Q,L,0.6982,0.2257,11.5,4
158(E2),Q,M,0.1509,0.4462,5.5,4
158(E2),Q,N,-3.006,0.2109,10.5,4
158(E2),Q,P,0.4913,0.4237,4.5,4
158(E2),Q,Q,0,0,,4
158(E2),Q,R,-0.7116,0.7704,7,4
158(E2),Q,S,0.6737,0.299,5.5,4
158(E2),Q,T,0.4377,0.5001,9.5,4
158(E2),Q,V,-0.00325,1.58,6.5,4
158(E2),Q,W,-0.6944,0.5499,7.5,4
158(E2),Q,Y,-0.7974,0.4352,4.25,4
159(E1),A,-,-0.4738,0.4619,3,4
159(E1),A,A,0,0,,4
159(E1),A,C,-0.4728,0.7481,8,4
159(E1),A,D,-7.226,0,14,4
159(E1),A,E,-5.357,0,4.75,4
159(E1),A,F,-1.036,2.361,5.5,4
159(E1),A,G,-1.969,1.825,5.25,4
159(E1),A,H,0.6021,0.39,6,4
159(E1),A,I,1.307,1.227,11,4
159(E1),A,K,-1.321,0.3932,3.75,4
159(E1),A,L,-1.896,0.2153,5,4
159(E1),A,M,0.4908,0.6559,3.5,4
159(E1),A,N,0.0947,0.798,2,4
159(E1),A,P,-7.256,0,8,4
159(E1),A,Q,-1.607,1.097,4,4
159(E1),A,R,-1.336,0.09051,12.5,4
159(E1),A,S,-0.9667,1.273,8.5,4
159(E1),A,T,-0.3059,0.2499,110.2,4
159(E1),A,V,0.7083,1.459,8.5,4
159(E1),A,W,-6.05,0,3.25,4
159(E1),A,Y,-0.7547,0.282,9.5,4
159(E2),S,A,-1.28,0.4197,9,4
159(E2),S,C,-3.655,0.5396,7.25,4
159(E2),S,D,-2.571,0.4746,11.5,4
159(E2),S,E,-2.816,0.3999,4.5,4
159(E2),S,F,-1.175,0.2717,6,4
159(E2),S,G,-1.034,0.2897,8.5,4
159(E2),S,H,-0.3611,1.298,4,4
159(E2),S,I,-0.7668,0.2596,10,4
159(E2),S,K,-0.8625,0.7072,6,4
159(E2),S,L,-2.026,0.2271,5,4
159(E2),S,M,-1.41,0.409,4,4
159(E2),S,N,-0.9008,0.4144,21,4
159(E2),S,P,-3.595,0.2514,5,4
159(E2),S,Q,-2.046,0.2755,3.5,4
159(E2),S,R,-1.585,0.2995,9.5,4
159(E2),S,S,0,0,,4
159(E2),S,T,-0.9032,0.2569,5,4
159(E2),S,V,-1.221,0.3449,6.5,4
159(E2),S,W,-0.9694,0.3195,11,4
159(E2),S,Y,-1.188,0.07102,4.75,4
16(6K),P,*,-7.021,0,11,4
16(6K),P,A,0.6238,0.707,6.5,4
16(6K),P,C,0.8614,0.544,6,4
16(6K),P,D,0.6812,0.5467,7.5,4
16(6K),P,E,-0.6954,1.499,4.5,4
16(6K),P,F,0.7942,0.4471,6.5,4
16(6K),P,G,-1.313,0.3536,6,4
16(6K),P,H,-0.09622,0.3416,12,4
16(6K),P,I,-0.8498,0.4135,6.5,4
16(6K),P,K,-0.4276,1.614,4.5,4
16(6K),P,L,0.6144,1.156,12.25,4
16(6K),P,M,1.683,1.658,2.5,4
16(6K),P,N,-0.097,0.9373,7.5,4
16(6K),P,P,0,0,,4
16(6K),P,Q,-1.152,0.2412,7.5,4
16(6K),P,R,-0.8206,0.2835,6,4
16(6K),P,S,0.3627,0.678,7.75,4
16(6K),P,T,0.08932,0.59,9.5,4
16(6K),P,V,0.8133,0.3042,6,4
16(6K),P,W,0.07942,0.9876,6,4
16(6K),P,Y,-1.256,0.9578,7.5,4
16(E1),K,-,0.2254,0.8847,4.5,4
16(E1),K,A,-4.111,0.1945,20.5,4
16(E1),K,C,-6.768,0,8,4
16(E1),K,D,-7.144,0,4.5,4
16(E1),K,E,-7.987,0,7,4
16(E1),K,F,-3.526,0.274,5,4
16(E1),K,G,-5.689,0,5.5,4
16(E1),K,H,0.06299,0.3765,7.5,4
16(E1),K,I,-6.125,0,8,4
16(E1),K,K,0,0,,4
16(E1),K,L,-5.079,0,7,4
16(E1),K,M,-3.293,0.1946,11.5,4
16(E1),K,N,-2.329,0.6394,12,4
16(E1),K,P,-4.375,0.2503,10,4
16(E1),K,Q,-4.462,0.00866,6,4
16(E1),K,R,-2.852,0.1051,11,4
16(E1),K,S,-3.579,0.01445,6,4
16(E1),K,T,-3.371,0.3654,11,4
16(E1),K,V,-6.53,0,5.5,4
16(E1),K,W,-3.252,0.1907,7,4
16(E1),K,Y,-3.014,0.2923,6,4
16(E2),L,-,-1.099,0.0315,0.5,2
16(E2),L,A,-1.921,0.1211,6.5,4
16(E2),L,C,-1.843,0.599,5,4
16(E2),L,D,-3.925,0.4595,5.5,4
16(E2),L,E,-3.325,0.7338,5,4
16(E2),L,F,-1.082,0.2721,4,4
16(E2),L,G,-3.413,0.08346,5.75,4
16(E2),L,H,-1.633,0.8042,8.5,4
16(E2),L,I,2.831,2.601,5.5,4
16(E2),L,K,-1.003,0.7354,9,4
16(E2),L,L,0,0,,4
16(E2),L,M,-0.971,0.7031,12,4
16(E2),L,N,-1.518,0.386,8,4
16(E2),L,P,-3.817,0.3505,7,4
16(E2),L,Q,-1.138,0.4097,7.5,4
16(E2),L,R,-1.345,0.2939,8.5,4
16(E2),L,S,-1.725,0.2351,6,4
16(E2),L,T,-0.2289,1.468,7,4
16(E2),L,V,0.7812,0.8771,9.5,4
16(E2),L,W,-3.152,0.2914,6.5,4
16(E2),L,Y,-0.8093,0.3448,5,4
16(E3),P,*,-8.848,0,9.25,4
16(E3),P,-,0.03045,0.3343,1,4
16(E3),P,A,0.8218,0.642,4,4
16(E3),P,C,-0.1151,0.912,6,4
16(E3),P,D,3.133,0.3144,3.5,4
16(E3),P,E,-0.6338,0.5118,3,4
16(E3),P,F,-0.0691,0.6877,6,4
16(E3),P,G,-0.3911,0.2914,8.5,4
16(E3),P,H,1.115,0.8073,8,4
16(E3),P,I,1.54,0.562,5.75,4
16(E3),P,K,-0.2488,0.6782,6,4
16(E3),P,L,-0.3652,0.3445,12,4
16(E3),P,M,1.086,0.6798,5,4
16(E3),P,N,-0.0734,0.6345,7,4
16(E3),P,P,0,0,,4
16(E3),P,Q,-0.5935,0.5927,13,4
16(E3),P,R,4.396,2.437,1,4
16(E3),P,S,-0.3402,0.2952,10,4
16(E3),P,T,-0.6462,1.357,15,4
16(E3),P,Y,-0.304,0.2699,6.5,4
160(E1),K,-,-0.8205,0.6912,3,4
160(E1),K,A,-1.141,0.4624,6,4
160(E1),K,C,-1.329,0.7927,4.5,4
160(E1),K,D,-2.593,0.847,8.75,4
160(E1),K,E,-2.127,0.216,8.75,4
160(E1),K,F,-4.585,1.277,4.5,4
160(E1),K,G,-2.41,0.154,14.75,4
160(E1),K,H,0.673,2.931,3.5,4
160(E1),K,I,-0.7606,0.8467,7,4
160(E1),K,K,0,0,,4
160(E1),K,L,-0.6481,1.859,6,4
160(E1),K,M,-1.528,0.5426,6,4
160(E1),K,N,-1.784,1.086,6.5,4
160(E1),K,P,-3.715,0.3222,9,4
160(E1),K,Q,-0.5798,0.7482,6.75,4
160(E1),K,R,-0.0976,0.9626,9.5,4
160(E1),K,S,-1.008,0.3289,5.5,4
160(E1),K,T,-1.006,0.3921,9,4
160(E1),K,V,0.9154,0.5839,6.5,4
160(E1),K,W,-1.473,0.9341,6.25,4
160(E1),K,Y,-1.822,0.5382,5.75,4
160(E2),T,-,0.0635,0.1562,0.5,2
160(E2),T,A,-0.9278,0.3557,5.5,4
160(E2),T,C,-2.096,0.38,10.5,4
160(E2),T,D,-1.244,0.5044,3.5,4
160(E2),T,E,-1.737,0.4448,6.5,4
160(E2),T,F,-0.987,0.7798,10.5,4
160(E2),T,G,-1.297,0.2269,10,4
160(E2),T,H,-0.9352,0.4756,8,4
160(E2),T,I,0.5474,0.05854,16,4
160(E2),T,K,-1.593,0.2241,7,4
160(E2),T,L,0.3681,1.105,5,4
160(E2),T,M,-0.72,0.7291,10.5,4
160(E2),T,N,-0.3504,1.379,8,4
160(E2),T,P,-1.18,0.09694,11.5,4
160(E2),T,Q,-1.304,0.4049,5,4
160(E2),T,R,-1.933,0.206,6,4
160(E2),T,S,-0.5585,0.7814,4.5,4
160(E2),T,T,0,0,,4
160(E2),T,V,-0.6863,0.2813,8.5,4
160(E2),T,W,-0.2002,0.3558,8,4
160(E2),T,Y,-1.612,1.603,5.25,4
161(E1),F,-,-0.3661,0.6266,3,4
161(E1),F,A,-1.724,0.127,5,4
161(E1),F,C,-1.133,1.415,3.5,4
161(E1),F,D,-7.123,0,7,4
161(E1),F,E,-7.445,0,5.5,4
161(E1),F,F,0,0,,4
161(E1),F,G,-6.167,0,6,4
161(E1),F,H,-7.03,0,4.5,4
161(E1),F,I,-1.399,0.3155,3.5,4
161(E1),F,K,-7.91,0.2533,5,4
161(E1),F,L,-2.196,0.2722,9,4
161(E1),F,M,-0.5587,1.286,2,4
161(E1),F,N,-7.168,0,7.5,4
161(E1),F,P,-6.787,0,5,4
161(E1),F,Q,-6.51,0,4.5,4
161(E1),F,R,-6.493,0,4.5,4
161(E1),F,S,-6.573,0,6,4
161(E1),F,T,-2.364,0.4986,3.5,4
161(E1),F,V,-0.3411,0.5869,4.5,4
161(E1),F,W,0.3675,1.369,6,4
161(E1),F,Y,-0.6814,0.3173,6.25,4
161(E2),A,*,-5.655,0,0.5,2
161(E2),A,-,0.6006,1.677,1.5,4
161(E2),A,A,0,0,,4
161(E2),A,C,-2.412,0.4982,6,4
161(E2),A,D,0.6576,0.2356,7.5,4
161(E2),A,E,-0.6492,0.5782,2,4
161(E2),A,F,0.454,0.9718,5.5,4
161(E2),A,G,-0.9832,0.697,7,4
161(E2),A,H,-0.0086,1.068,4.5,4
161(E2),A,I,-0.0543,0.3579,6,4
161(E2),A,K,-0.6827,0.5742,7.5,4
161(E2),A,L,0.6704,0.4505,6.5,4
161(E2),A,M,0.8891,2.263,4.5,4
161(E2),A,N,-2.035,0.4207,7.5,4
161(E2),A,P,-2.084,0.3797,7,4
161(E2),A,Q,-0.3458,1.011,5,4
161(E2),A,R,-0.964,0.3798,5.75,4
161(E2),A,S,-0.3333,0.2678,11.75,4
161(E2),A,T,-0.6501,0.7823,15.5,4
161(E2),A,V,-0.3595,0.146,25.5,4
161(E2),A,W,-2.857,2.455,2.5,4
161(E2),A,Y,-0.279,1.478,7,4
162(E1),I,-,-0.5212,0.1023,1,2
162(E1),I,A,-1.575,0.7095,5.5,4
162(E1),I,C,-0.1305,1.535,3,4
162(E1),I,D,-5.205,0.08184,5.5,4
162(E1),I,E,-1.025,0.7534,6,4
162(E1),I,F,-0.099,0.4532,7.5,4
162(E1),I,G,-1.923,0.342,4.5,4
162(E1),I,H,-0.6928,0.3602,6.75,4
162(E1),I,I,0,0,,4
162(E1),I,K,-6.031,0,7,4
162(E1),I,L,0.6443,0.5102,6,4
162(E1),I,M,0.01327,0.3074,5.5,4
162(E1),I,N,0.2857,0.8863,3.5,4
162(E1),I,P,-6.688,0,6,4
162(E1),I,Q,-0.7234,0.7597,8.25,4
162(E1),I,R,-2.783,1.479,3.5,4
162(E1),I,S,0.3256,0.9231,8,4
162(E1),I,T,0.3408,0.4278,7.75,4
162(E1),I,V,-1.72,0.6794,5.5,4
162(E1),I,W,-0.6962,0.2142,4.5,4
162(E1),I,Y,0.1837,1.691,2.5,4
162(E2),A,-,-0.01805,0.1507,0.5,2
162(E2),A,A,0,0,,4
162(E2),A,C,-3.026,0.485,4.5,4
162(E2),A,D,-1.403,0.6289,9,4
162(E2),A,E,-0.0203,0.5792,5.5,4
162(E2),A,F,-0.6547,0.5711,8.75,4
162(E2),A,G,-0.2683,1.291,11.5,4
162(E2),A,H,-0.9186,0.1897,3.5,4
162(E2),A,I,0.1178,0.1568,5,4
162(E2),A,K,0.6095,1.104,4,4
162(E2),A,L,1.093,1.768,4.5,4
162(E2),A,M,1.47,1.777,7,4
162(E2),A,N,-1.393,1.15,7.5,4
162(E2),A,P,1.229,0.8903,5,4
162(E2),A,Q,0.7076,0.346,4,4
162(E2),A,R,0.9274,1.093,4.5,4
162(E2),A,S,-1.159,0.2307,9.5,4
162(E2),A,T,-0.3226,0.2532,33.5,4
162(E2),A,V,1.275,1.444,9.5,4
162(E2),A,W,-0.06964,0.5308,6,4
162(E2),A,Y,-0.7022,0.4472,7.5,4
163(E1),V,-,-3.484,1.461,1,4
163(E1),V,A,-2.257,0.1088,7,4
163(E1),V,C,1.649,1.218,3.5,4
163(E1),V,D,-7.479,0,5,4
163(E1),V,E,-7.045,0,7.5,4
163(E1),V,F,0.01745,1.267,7,4
163(E1),V,G,-6.69,0,7.5,4
163(E1),V,H,-7.372,0,7.5,4
163(E1),V,I,1.005,1.274,5.5,4
163(E1),V,K,-6.798,0,6.75,4
163(E1),V,L,0.3704,0.8373,8,4
163(E1),V,M,-1.57,0.3378,16,4
163(E1),V,N,-6.63,0,6,4
163(E1),V,P,-2.54,0.1694,10.5,4
163(E1),V,Q,-7.221,0,6.5,4
163(E1),V,R,-6.68,0,5.5,4
163(E1),V,S,-4.25,0.5149,7,4
163(E1),V,T,-2.021,0.1494,8,4
163(E1),V,V,0,0,,4
163(E1),V,W,-3.143,0.1989,8.5,4
163(E1),V,Y,-1.78,0.7879,6,4
163(E2),T,A,0.3873,1.394,4.5,4
163(E2),T,C,-2.617,0.6787,7.5,4
163(E2),T,D,-1.837,0.2996,5.5,4
163(E2),T,E,-2.007,0.3824,9,4
163(E2),T,F,-2.258,0.1436,7.5,4
163(E2),T,G,-0.0918,0.3229,5.5,4
163(E2),T,H,-1.469,0.72,5.5,4
163(E2),T,I,-1.802,0.6325,12,4
163(E2),T,K,-1.839,0.4556,11.5,4
163(E2),T,L,-1.397,0.4952,5.5,4
163(E2),T,M,-1.627,0.2664,11.5,4
163(E2),T,N,-1.117,0.2854,9.5,4
163(E2),T,P,-2.335,0.3546,10,4
163(E2),T,Q,-1.845,0.2383,11,4
163(E2),T,R,-1.867,0.2221,5,4
163(E2),T,S,-0.08423,0.3812,8.5,4
163(E2),T,T,0,0,,4
163(E2),T,V,-1.423,0.1982,8,4
163(E2),T,W,-1.832,0.3419,6.5,4
163(E2),T,Y,-1.381,0.2592,6,4
164(E1),G,-,-0.8009,0.0742,0.5,2
164(E1),G,A,-7.844,0,9.5,4
164(E1),G,C,-6.985,0,12.5,4
164(E1),G,D,-9.215,0,20,4
164(E1),G,E,-7.082,0,7,4
164(E1),G,F,-5.335,0,9,4
164(E1),G,G,0,0,,4
164(E1),G,H,-3.014,0.6398,7.5,4
164(E1),G,I,-7.467,0,11.5,4
164(E1),G,K,-6.078,0,6,4
164(E1),G,L,-4.367,0.2087,5,4
164(E1),G,M,-4.06,0.146,8.5,4
164(E1),G,N,-7.018,0,5.25,4
164(E1),G,P,-7.172,0,5.5,4
164(E1),G,Q,-5.468,0.1035,5,4
164(E1),G,R,-7.32,0,7,4
164(E1),G,S,-7.902,0,15,4
164(E1),G,T,-6.89,0,4.5,4
164(E1),G,V,-7.438,0,13.75,4
164(E1),G,W,-5.404,0,2,4
164(E1),G,Y,-3.295,0.3541,2,4
164(E2),A,-,0.2562,0.1404,0.5,2
164(E2),A,A,0,0,,4
164(E2),A,C,-1.695,0.1252,5.5,4
164(E2),A,D,0.628,0.4551,10.5,4
164(E2),A,E,-1.045,0.661,7,4
164(E2),A,F,-1.181,0.8991,9,4
164(E2),A,G,0.5432,0.4089,6.5,4
164(E2),A,H,-0.3109,0.2379,7.75,4
164(E2),A,I,-1.707,0.2596,3.5,4
164(E2),A,K,0.4739,0.09925,1.5,2
164(E2),A,L,-1.221,0.3358,5,4
164(E2),A,M,-0.9723,0.3452,6,4
164(E2),A,N,0.2391,0.677,6,4
164(E2),A,P,-0.7988,0.419,10,4
164(E2),A,Q,0.792,2.207,4,4
164(E2),A,R,-0.3451,0.5246,5,4
164(E2),A,S,1.05,1.102,12,4
164(E2),A,T,-0.2359,0.2251,21.5,4
164(E2),A,V,-1.349,0.3043,10.5,4
164(E2),A,W,-0.4151,0.446,5,4
164(E2),A,Y,-1.372,0.3225,6,4
165(E1),P,-,-3.596,1.883,1,4
165(E1),P,A,-2.554,0.2748,4.5,4
165(E1),P,C,-6.786,0,10.5,4
165(E1),P,D,-5.808,0,7,4
165(E1),P,E,-6.152,0,3,4
165(E1),P,F,-7.104,0,5,4
165(E1),P,G,-3.663,0.1539,5,4
165(E1),P,H,-9.064,0,18,4
165(E1),P,I,-6.743,0,7.5,4
165(E1),P,K,-6.236,0,4.5,4
165(E1),P,L,-6.906,0,10,4
165(E1),P,M,-6.74,0,3.5,4
165(E1),P,N,-6.323,0,5.5,4
165(E1),P,P,0,0,,4
165(E1),P,Q,-5.3,0,4.5,4
165(E1),P,R,-6.075,0,8.5,4
165(E1),P,S,-2.198,0.3558,9.5,4
165(E1),P,T,-2.448,0.239,15,4
165(E1),P,V,-6.809,0,7.5,4
165(E1),P,W,-6.784,0,8.5,4
165(E1),P,Y,-6.733,0,5,4
165(E2),E,*,-5.312,0,8.5,4
165(E2),E,-,0.3262,0.144,0.5,2
165(E2),E,A,-7.856,0,7.25,4
165(E2),E,C,-6.23,0,8.5,4
165(E2),E,D,0.4197,0.59,14.5,4
165(E2),E,E,0,0,,4
165(E2),E,F,-6.631,0,7,4
165(E2),E,G,-0.3445,1.551,6.5,4
165(E2),E,H,-7.521,0,10,4
165(E2),E,I,-6.331,0,11,4
165(E2),E,K,-6.867,0,22,4
165(E2),E,L,-6.268,0,10,4
165(E2),E,M,-2.734,1.74,5.5,4
165(E2),E,N,-5.728,0,7,4
165(E2),E,P,-7.294,0,10.5,4
165(E2),E,Q,-5.399,0,8.5,4
165(E2),E,R,-5.99,0,7,4
165(E2),E,S,-3.878,0.2074,7.5,4
165(E2),E,T,-3.407,1.936,5,4
165(E2),E,V,-5.549,0,7,4
165(E2),E,W,-5.734,0,9.5,4
165(E2),E,Y,-5.562,0,4.5,4
166(E1),M,-,-2.522,0.537,1,2
166(E1),M,A,-1.389,0.3594,6,4
166(E1),M,C,-7.619,0,6.5,4
166(E1),M,D,-7.229,0,8,4
166(E1),M,E,-3.459,0.5708,5,4
166(E1),M,F,-2.125,0.2545,6.5,4
166(E1),M,G,-3.572,0.4625,4.5,4
166(E1),M,H,-3.218,0.5017,8.5,4
166(E1),M,I,0.2978,0.1581,18.75,4
166(E1),M,K,-3.547,0.5359,4.5,4
166(E1),M,L,-0.7833,1.904,13,4
166(E1),M,M,0,0,,4
166(E1),M,N,-6.107,0,7.5,4
166(E1),M,P,-6.213,0,8.5,4
166(E1),M,Q,-0.00875,0.7013,4,4
166(E1),M,R,-6.141,0,10.5,4
166(E1),M,S,-1.479,0.7466,4.5,4
166(E1),M,T,-0.9966,0.5012,9.5,4
166(E1),M,V,0.07552,0.9435,8,4
166(E1),M,W,-3.533,0.2187,5.5,4
166(E1),M,Y,-2.994,0.9013,3,4
166(E2),E,*,-5.203,0,4.5,4
166(E2),E,-,-0.528,0.1557,0.5,2
166(E2),E,A,0.4961,0.6608,7.5,4
166(E2),E,C,-2.299,0.1265,7,4
166(E2),E,D,-1.599,0.4686,6,4
166(E2),E,E,0,0,,4
166(E2),E,F,0.1639,0.4306,8.5,4
166(E2),E,G,-2.916,0.406,13,4
166(E2),E,H,0.6781,0.8252,7.5,4
166(E2),E,I,-0.7023,0.3006,8,4
166(E2),E,K,-2.994,0.285,12.5,4
166(E2),E,L,-1.972,0.4001,8.5,4
166(E2),E,M,-1.271,0.2892,4.5,4
166(E2),E,N,-1.57,0.3961,5.5,4
166(E2),E,P,-5.709,0.559,5.5,4
166(E2),E,Q,0.1556,0.8558,7,4
166(E2),E,R,-4.529,0.3646,9,4
166(E2),E,S,-0.1227,0.1325,7.5,4
166(E2),E,T,-0.1902,0.1963,7,4
166(E2),E,V,0.7723,2.868,6,4
166(E2),E,W,3.005,0.4896,8,4
166(E2),E,Y,1.535,0.2072,8.5,4
167(E1),S,-,-2.026,0.7935,1,2
167(E1),S,A,-0.882,1.765,6,4
167(E1),S,C,-7.311,0,11.5,4
167(E1),S,D,-7.186,0,4,4
167(E1),S,E,-6.303,0,6.5,4
167(E1),S,F,-6.949,0,10,4
167(E1),S,G,-1.1,1.016,6,4
167(E1),S,H,-6.979,0,7,4
167(E1),S,I,-7.438,0,4,4
167(E1),S,K,-6.91,0,3.5,4
167(E1),S,L,-4.879,0,3,2
167(E1),S,M,-6.989,0,6.5,4
167(E1),S,N,-6.689,0,5,4
167(E1),S,P,-1.516,0.4936,8.5,4
167(E1),S,Q,-6.853,0,8,4
167(E1),S,R,-6.886,0,6,4
167(E1),S,S,0,0,,4
167(E1),S,T,-0.8039,0.486,6.5,4
167(E1),S,V,-6.732,0.5776,4.5,4
167(E1),S,W,-6.057,0.007361,5,4
167(E1),S,Y,-7.352,0,11,4
167(E2),I,-,-0.2381,0.1431,0.5,2
167(E2),I,A,-5.369,0,4.5,4
167(E2),I,C,-4.905,0.1438,11,4
167(E2),I,D,-6.571,0,8.5,4
167(E2),I,E,-2.774,0.6242,3.5,4
167(E2),I,F,0.1192,0.6892,9,4
167(E2),I,G,-6.097,0.3763,6,4
167(E2),I,H,-2.791,0.1882,4,4
167(E2),I,I,0,0,,4
167(E2),I,K,-5.424,0,7.5,4
167(E2),I,L,1.182,0.6896,7.5,4
167(E2),I,M,-0.5747,0.2255,11,4
167(E2),I,N,-6.888,0,10,4
167(E2),I,P,-6.134,0,11.25,4
167(E2),I,Q,-3.172,0.4443,7,4
167(E2),I,R,-5.825,0,5,4
167(E2),I,S,-8.505,0,7,4
167(E2),I,T,-5.957,0,7.5,4
167(E2),I,V,-2.038,0.2481,7,4
167(E2),I,W,-3.944,0.3489,7.5,4
167(E2),I,Y,-1.514,0.5826,6.5,4
168(E1),S,-,-8.545,0,1,2
168(E1),S,A,0.4956,0.4904,3,4
168(E1),S,C,-5.917,0,8.5,4
168(E1),S,D,-2.048,0.2369,6,4
168(E1),S,E,-1.196,1.37,4.5,4
168(E1),S,F,-2.171,0.4054,5.5,4
168(E1),S,G,-0.9744,0.6633,10.5,4
168(E1),S,H,-2.06,0.184,9,4
168(E1),S,I,-0.2195,1.293,9.5,4
168(E1),S,K,-7.193,0,4,4
168(E1),S,L,-1.387,0.5682,6.5,4
168(E1),S,M,-0.7925,0.5311,8,4
168(E1),S,N,0.4914,1.978,11,4
168(E1),S,P,-6.937,0,5,4
168(E1),S,Q,-1.739,0.3627,8,4
168(E1),S,R,-7.03,0,13.5,4
168(E1),S,S,0,0,,4
168(E1),S,T,1.186,3.404,8.5,4
168(E1),S,V,0.5088,1.202,6,4
168(E1),S,W,-3.048,0.7438,6.5,4
168(E1),S,Y,-2.708,0.5831,5.5,4
168(E2),E,*,-4.649,0.6349,4,4
168(E2),E,-,-0.4745,0.2848,1,2
168(E2),E,A,-2.439,0.1757,10,4
168(E2),E,C,-6.357,0,10.5,4
168(E2),E,D,-1.398,0.6887,10.5,4
168(E2),E,E,0,0,,4
168(E2),E,F,-4.486,0.1814,10.5,4
168(E2),E,G,-4.121,0.4073,12.5,4
168(E2),E,H,-2.056,0.4957,6,4
168(E2),E,I,-2.651,0.1217,7,4
168(E2),E,K,-4.689,0,6.5,4
168(E2),E,L,-3.255,0.402,6.5,4
168(E2),E,M,-2.871,0.2508,9,4
168(E2),E,N,-3.965,0.2346,7.5,4
168(E2),E,P,-3.433,0.1465,9.5,4
168(E2),E,Q,-2.154,0.2377,7,4
168(E2),E,R,-4.784,0.006495,8,4
168(E2),E,S,-2.271,0.164,10.5,4
168(E2),E,T,-2.168,0.5304,6,4
168(E2),E,V,-2.899,0.3059,13.5,4
168(E2),E,W,-3.409,0.693,4,4
168(E2),E,Y,-3.064,0.4975,8,4
169(E1),A,-,0.1447,0.2656,0.5,2
169(E1),A,A,0,0,,4
169(E1),A,C,-6.404,0,8.5,4
169(E1),A,D,-7.341,0,9,4
169(E1),A,E,-7.127,0,7.5,4
169(E1),A,F,0.4773,0.9826,4.5,4
169(E1),A,G,-4.432,0,3.75,4
169(E1),A,H,-6.456,0,1,4
169(E1),A,I,-2.138,0.5941,8,4
169(E1),A,K,-7.357,0,3,4
169(E1),A,L,-0.00375,1.619,5.5,4
169(E1),A,M,-0.4412,0.2749,5.75,4
169(E1),A,N,-5.623,0,4.5,4
169(E1),A,P,-0.1616,1.187,5.5,4
169(E1),A,Q,-5.948,0,3.5,4
169(E1),A,R,-6.785,0,7,4
169(E1),A,S,-2.778,0.92,7,4
169(E1),A,T,-2.339,0.408,17,4
169(E1),A,V,-0.694,0.1278,11.5,4
169(E1),A,W,-2.482,0.2038,7,4
169(E1),A,Y,-6.021,0,5,4
169(E2),V,-,-0.628,0.2967,1,2
169(E2),V,A,-5.087,0,6.25,4
169(E2),V,C,-6.303,0,9,4
169(E2),V,D,-6.213,0,9.5,4
169(E2),V,E,-5.989,0,10,4
169(E2),V,F,-2.581,0.2634,10.5,4
169(E2),V,G,-5.947,0,4.5,4
169(E2),V,H,-5.804,0,10,4
169(E2),V,I,-3.147,1.066,9,4
169(E2),V,K,-6.83,0,6.5,4
169(E2),V,L,-1.191,0.1454,9.5,4
169(E2),V,M,-1.066,0.3798,12,4
169(E2),V,N,-5.727,0,5.5,4
169(E2),V,P,-7.013,0,7.5,4
169(E2),V,Q,-5.739,0,10,4
169(E2),V,R,-5.646,0,6.5,4
169(E2),V,S,-6.245,0,12,4
169(E2),V,T,-2.913,0.08787,7,4
169(E2),V,V,0,0,,4
169(E2),V,W,-6.215,0,6.5,4
169(E2),V,Y,-4.006,0.608,6.5,4
17(6K),L,A,0.5202,0.25,5,4
17(6K),L,C,-0.3366,0.3246,8,4
17(6K),L,D,-0.9278,0.9621,5.5,4
17(6K),L,E,-0.5756,0.1149,7,4
17(6K),L,F,1.004,2.019,8,4
17(6K),L,G,0.3157,1.126,6,4
17(6K),L,H,0.9891,1.112,7.25,4
17(6K),L,I,-1.105,0.5093,8.5,4
17(6K),L,K,-2.788,1.157,3,4
17(6K),L,L,0,0,,4
17(6K),L,M,0.7049,0.7247,8.5,4
17(6K),L,N,-0.3271,0.1809,6.75,4
17(6K),L,P,0.1404,0.7315,10,4
17(6K),L,Q,-0.4626,1.073,9,4
17(6K),L,R,-1.622,1.578,8.5,4
17(6K),L,S,0.1666,1.541,5,4
17(6K),L,T,-0.5437,1.668,7,4
17(6K),L,V,0.5895,1.297,9.25,4
17(6K),L,W,-0.6124,0.5706,6,4
17(6K),L,Y,-0.1615,1.598,5.5,4
17(E1),T,-,-0.3959,0.8098,4.5,4
17(E1),T,A,-0.7444,1.848,7.5,4
17(E1),T,C,-1.654,0.7038,9.5,4
17(E1),T,D,-1.503,2.659,7.5,4
17(E1),T,E,-3.013,0.1517,8.5,4
17(E1),T,F,-2.925,0.5448,4.5,4
17(E1),T,G,-2.247,0.6057,6.5,4
17(E1),T,H,-3.274,0.4138,6.5,4
17(E1),T,I,-1.163,0.539,11,4
17(E1),T,K,-3.558,0.3658,5,4
17(E1),T,L,-1.564,0.4488,7.5,4
17(E1),T,M,-2.78,0.6712,7,4
17(E1),T,N,-0.5481,0.7784,11.5,4
17(E1),T,P,-6.633,0,12,4
17(E1),T,Q,-2.825,0.2556,9.25,4
17(E1),T,R,0.5193,1.152,5.5,4
17(E1),T,S,-0.1137,0.6718,9.5,4
17(E1),T,T,0,0,,4
17(E1),T,V,0.7394,1.508,4.5,4
17(E1),T,W,-6.752,0,7,4
17(E1),T,Y,-5.622,0.3447,7,4
17(E2),A,-,-0.07289,0.02199,0.5,2
17(E2),A,A,0,0,,4
17(E2),A,C,-5.919,0.07361,8,4
17(E2),A,D,-6.625,0,12,4
17(E2),A,E,-5.497,0,4,4
17(E2),A,F,-6.374,0,10.75,4
17(E2),A,G,0.04445,1.278,8.5,4
17(E2),A,H,-4.933,0,6,4
17(E2),A,I,-7.036,0,7,4
17(E2),A,K,-5.573,0,7.5,4
17(E2),A,L,-5.712,0,9.5,4
17(E2),A,M,-6.637,0,6,4
17(E2),A,N,-5.942,0,6,4
17(E2),A,P,-5.94,0,13.5,4
17(E2),A,Q,-5.235,0,8,4
17(E2),A,R,-6.591,0,7.5,4
17(E2),A,S,-5.999,0,9,4
17(E2),A,T,-3.49,0.3282,53.5,4
17(E2),A,V,-5.851,0,9,4
17(E2),A,W,-5.549,0,6.5,4
17(E2),A,Y,-6.562,0,11,4
17(E3),C,*,-5.842,0,4.5,4
17(E3),C,-,-1.034,0.0085,0.5,2
17(E3),C,A,1.515,3.494,2.5,4
17(E3),C,C,0,0,,4
17(E3),C,D,-2.001,0.3247,6.5,4
17(E3),C,E,-0.9655,1.471,4,4
17(E3),C,F,-1.994,0.3508,17,4
17(E3),C,G,-1.9,0.04068,9.5,4
17(E3),C,H,-2.071,0.1968,12.5,4
17(E3),C,I,-1.952,0.3326,3,4
17(E3),C,K,-2.612,0.5189,7.5,4
17(E3),C,L,-1.519,0.7481,8,4
17(E3),C,M,-1.861,0.4141,11,4
17(E3),C,N,-1.808,0.09626,10,4
17(E3),C,P,-1.171,0.5745,8,4
17(E3),C,Q,-2.638,0.7316,8,4
17(E3),C,R,-1.654,0.3248,13,4
17(E3),C,S,-2.295,0.1759,7,4
17(E3),C,T,-1.805,0.3498,6,4
17(E3),C,V,-0.7469,0.7731,8,4
17(E3),C,W,-1.585,1.116,6.25,4
17(E3),C,Y,-1.861,0.3229,20.5,4
170(E1),W,*,-7.697,0,33,4
170(E1),W,-,-0.2292,0.6201,0.5,2
170(E1),W,A,-5.232,0,7,4
170(E1),W,C,-6.037,0,11.5,4
170(E1),W,D,-6.201,0,6,4
170(E1),W,E,-5.816,0,7,4
170(E1),W,F,-0.01675,0.7826,4,4
170(E1),W,G,-6.995,0,8,4
170(E1),W,H,-1.429,0.8862,3.5,4
170(E1),W,I,-6.322,0,3,4
170(E1),W,K,-4.046,1.402,4,4
170(E1),W,L,-6.574,0,8.5,4
170(E1),W,M,-3.646,0.5904,3,4
170(E1),W,N,-6.321,0,9,4
170(E1),W,P,-6.312,0,5.5,4
170(E1),W,Q,-6.79,0,3.5,4
170(E1),W,R,-6.617,0,21.5,4
170(E1),W,S,-6.325,0,7,4
170(E1),W,T,-3.406,0.2532,6,4
170(E1),W,V,-3.906,0.224,6,4
170(E1),W,W,0,0,,4
170(E1),W,Y,-0.8185,1.213,6,4
170(E2),H,-,-0.6367,0.5008,2,4
170(E2),H,A,-1.786,1.455,5.75,4
170(E2),H,C,-1.261,0.3768,7,4
170(E2),H,D,-6.572,0,6,4
170(E2),H,E,-2.708,0.5456,4.5,4
170(E2),H,F,-1.236,0.5444,8.5,4
170(E2),H,G,0.1332,0.3883,9.5,4
170(E2),H,H,0,0,,4
170(E2),H,I,-1.033,0.1196,7.5,4
170(E2),H,K,-2.24,0.3607,3.5,4
170(E2),H,L,-1.482,0.2824,6.75,4
170(E2),H,M,-1.686,0.5779,8.5,4
170(E2),H,N,-1.954,0.3552,7,4
170(E2),H,P,-6.221,0,10,4
170(E2),H,Q,-0.7899,0.4705,7,4
170(E2),H,R,-5.55,0,6.5,4
170(E2),H,S,-0.5386,0.6744,9.5,4
170(E2),H,T,-1.214,0.2561,8,4
170(E2),H,V,-1.84,0.1805,8.5,4
170(E2),H,W,-0.06954,0.4378,8.5,4
170(E2),H,Y,-1.579,0.1918,18.5,4
171(E1),T,-,-1.133,0.4113,1,2
171(E1),T,A,-2.207,0.5025,7.5,4
171(E1),T,C,-6.619,0,10.5,4
171(E1),T,D,-2.931,0.467,8.5,4
171(E1),T,E,-7.643,0,4.5,4
171(E1),T,F,-7.032,0,6.5,4
171(E1),T,G,-0.9841,0.7071,2.5,4
171(E1),T,H,-7.453,0,6.5,4
171(E1),T,I,-8.621,0,11,4
171(E1),T,K,-5.794,0,6.5,4
171(E1),T,L,-6.361,0,4.75,4
171(E1),T,M,-6.881,0,6.5,4
171(E1),T,N,-2.989,0.5147,4,4
171(E1),T,P,-7.1,0,6.5,4
171(E1),T,Q,-7.093,0,7.25,4
171(E1),T,R,-6.235,0,4.75,4
171(E1),T,S,-1.445,0.3764,4.5,4
171(E1),T,T,0,0,,4
171(E1),T,V,-5.553,0,6.5,4
171(E1),T,W,-6.579,0,7,4
171(E1),T,Y,-6.678,0,7,4
171(E2),M,-,-2.425,1.626,2,4
171(E2),M,A,-5.989,0,6.75,4
171(E2),M,C,-4.659,0,9.5,4
171(E2),M,D,-2.204,0.5698,6.5,4
171(E2),M,E,-0.4905,0.5134,7.5,4
171(E2),M,F,-2.58,0.698,7,4
171(E2),M,G,-5.28,0,6.5,4
171(E2),M,H,-2.586,0.1173,7.5,4
171(E2),M,I,-2.973,0.304,20,4
171(E2),M,K,-2.412,0.3023,5,4
171(E2),M,L,-0.8628,0.4447,8.5,4
171(E2),M,M,0,0,,4
171(E2),M,N,-2.308,0.3006,5.5,4
171(E2),M,P,-6.127,0,8.5,4
171(E2),M,Q,-0.7293,0.2632,7.5,4
171(E2),M,R,-3.716,0.3251,8,4
171(E2),M,S,-6.707,0,8.5,4
171(E2),M,T,-3.385,0.3724,6.5,4
171(E2),M,V,-6.425,0,8,4
171(E2),M,W,-3.446,0.2509,5,4
171(E2),M,Y,-2.511,0.1098,8,4
172(E1),P,-,-1.155,0.4815,1,2
172(E1),P,A,-4.115,0.3841,6.5,4
172(E1),P,C,-6.216,0,14.75,4
172(E1),P,D,-5.812,0,5.5,4
172(E1),P,E,-6.913,0,6,4
172(E1),P,F,-7.156,0,8.5,4
172(E1),P,G,-6.558,0,6.5,4
172(E1),P,H,-7.309,0,8,4
172(E1),P,I,-6.317,0,6.5,4
172(E1),P,K,-6.986,0,7,4
172(E1),P,L,-5.62,0.01169,7,4
172(E1),P,M,-7.182,0,3.5,4
172(E1),P,N,-6.688,0,4,4
172(E1),P,P,0,0,,4
172(E1),P,Q,-7.28,0,7,4
172(E1),P,R,-6.892,0,4,4
172(E1),P,S,-7.011,0,12.5,4
172(E1),P,T,-7.056,0,7,4
172(E1),P,V,-3.85,0.1602,6.5,4
172(E1),P,W,-6.936,0,8,4
172(E1),P,Y,-6.683,0,8.5,4
172(E2),P,-,-0.2782,0.4154,1.5,4
172(E2),P,A,-1.437,0.8329,3.5,4
172(E2),P,C,-6.523,0,4,4
172(E2),P,D,-6.306,0,5,4
172(E2),P,E,-5.975,0.02165,4.5,4
172(E2),P,F,-6.444,0,5,4
172(E2),P,G,-2.26,0.3394,7.5,4
172(E2),P,H,-6.534,0,9.25,4
172(E2),P,I,-5.441,0.5326,6,4
172(E2),P,K,-6.87,0,4.5,4
172(E2),P,L,-5.457,0,14.5,4
172(E2),P,M,-3.28,0.4571,2,4
172(E2),P,N,-6.127,0.1632,5,4
172(E2),P,P,0,0,,4
172(E2),P,Q,-6.65,0,9.5,4
172(E2),P,R,-5.8,0.07967,4,4
172(E2),P,S,-4.309,0.3748,14.5,4
172(E2),P,T,-4.839,0,9.5,4
172(E2),P,V,-3.099,0.2306,3,4
172(E2),P,W,-6.591,0.01516,6,4
172(E2),P,Y,-6.179,0,7.5,4
173(E1),F,*,0.4481,1.269,0.5,2
173(E1),F,-,-1.16,0.2144,1,2
173(E1),F,A,-7.198,0,6,4
173(E1),F,C,-7.035,0,6,4
173(E1),F,D,-6.606,0,3.5,4
173(E1),F,E,-5.527,0.2737,5.5,4
173(E1),F,F,0,0,,4
173(E1),F,G,-6.6,0,7,4
173(E1),F,H,-6.061,0,6,4
173(E1),F,I,-5.618,0,11,4
173(E1),F,K,-6.792,0,7,4
173(E1),F,L,-4.665,0.001299,25.25,4
173(E1),F,M,-6.633,0,8,4
173(E1),F,N,-7.517,0,7.5,4
173(E1),F,P,-6.798,0,6.5,4
173(E1),F,Q,-7.025,0,5.5,4
173(E1),F,R,-6.763,0,7.5,4
173(E1),F,S,-7.578,0,10.5,4
173(E1),F,T,-6.928,0,6,4
173(E1),F,V,-7.162,0,12.5,4
173(E1),F,W,-6.95,0,3.5,4
173(E1),F,Y,-6.363,0.08444,10.5,4
173(E2),P,-,-0.9554,0.3602,1.5,4
173(E2),P,A,-2.721,0.2478,8.5,4
173(E2),P,C,-5.075,0,8.5,4
173(E2),P,D,-6.637,0,7.5,4
173(E2),P,E,-5.462,0,4,4
173(E2),P,F,-3.947,0.4561,3,4
173(E2),P,G,-3.651,0.2926,5.5,4
173(E2),P,H,-6.403,0,8,4
173(E2),P,I,-6.997,0,9.5,4
173(E2),P,K,-6.059,0,6.5,4
173(E2),P,L,-7.034,0,10,4
173(E2),P,M,-5.088,0,7.5,4
173(E2),P,N,-5.064,0,7.5,4
173(E2),P,P,0,0,,4
173(E2),P,Q,-7.036,0,7,4
173(E2),P,R,-6.098,0,5.5,4
173(E2),P,S,-3.566,0.7234,5.5,4
173(E2),P,T,-6.181,0,9.5,4
173(E2),P,V,-7.107,0.01689,5.5,4
173(E2),P,W,-5.96,0,6,4
173(E2),P,Y,-6.042,0,5,4
174(E1),D,-,-3.006,1.329,2.5,4
174(E1),D,A,-2.095,1.067,7.5,4
174(E1),D,C,-6.678,0,2.5,4
174(E1),D,D,0,0,,4
174(E1),D,E,-1.469,0.1875,8,4
174(E1),D,F,-2.808,0.3366,7,4
174(E1),D,G,-2.97,0.2291,9,4
174(E1),D,H,-2.929,0.1075,7,4
174(E1),D,I,-2.732,0.6791,7,4
174(E1),D,K,-7.231,0,5,4
174(E1),D,L,-3.214,0.2864,7.5,4
174(E1),D,M,-3.208,0.4571,4.5,4
174(E1),D,N,-0.05195,0.1315,18.5,4
174(E1),D,P,-3.469,0.4465,7,4
174(E1),D,Q,-1.596,0.263,6,4
174(E1),D,R,-6.995,0,3.5,4
174(E1),D,S,-1.29,0.2777,9.5,4
174(E1),D,T,-1.198,0.3806,6.75,4
174(E1),D,V,-4.535,0.3047,9.5,4
174(E1),D,W,0.7743,0.3685,5,4
174(E1),D,Y,-3.715,0.2353,8,4
174(E2),D,-,-0.5941,0.9739,1.5,4
174(E2),D,A,-3.264,0.2351,7,4
174(E2),D,C,-6.325,0,6,4
174(E2),D,D,0,0,,4
174(E2),D,E,-2.388,0.3905,9,4
174(E2),D,F,-5.304,0,6,4
174(E2),D,G,-6.739,0,9.5,4
174(E2),D,H,-5.061,0.3694,6.5,4
174(E2),D,I,-6.521,0,7.5,4
174(E2),D,K,-6.493,0,8,4
174(E2),D,L,-5.045,0,12,4
174(E2),D,M,-4.851,0,7.5,4
174(E2),D,N,-2.399,0.2125,12.75,4
174(E2),D,P,-2.386,0.3799,7,4
174(E2),D,Q,-5.944,0,4.5,4
174(E2),D,R,-6.04,0,7.5,4
174(E2),D,S,-4.474,0.03248,8.5,4
174(E2),D,T,-6.502,0,6.5,4
174(E2),D,V,-6.636,0.3321,6.5,4
174(E2),D,W,-4.032,0,5,4
174(E2),D,Y,-3.866,0.1842,9,4
175(E1),N,-,-6.885,0,16.5,4
175(E1),N,A,0.05646,0.3202,6,4
175(E1),N,C,-2.806,0.3643,5,4
175(E1),N,D,-1.195,1.531,7,4
175(E1),N,E,-1.124,1.179,7,4
175(E1),N,F,1.013,0.5219,8.5,4
175(E1),N,G,-0.6885,0.8593,8.75,4
175(E1),N,H,-0.5705,1.026,13,4
175(E1),N,I,-0.912,0.2972,10.5,4
175(E1),N,K,-0.816,0.7958,15,4
175(E1),N,L,-1.207,0.1832,6,4
175(E1),N,M,-1.003,0.1758,8,4
175(E1),N,N,0,0,,4
175(E1),N,P,0.335,1.456,6,4
175(E1),N,Q,0.9305,2.315,5,4
175(E1),N,R,1.871,2.029,7,4
175(E1),N,S,-1.25,0.5359,5.5,4
175(E1),N,T,0.1975,1.978,6,4
175(E1),N,V,-1.556,1.329,5.5,4
175(E1),N,W,-2.07,0.342,7,4
175(E1),N,Y,-1.288,0.6169,5.5,4
175(E2),T,-,-0.2383,0.5735,1.5,4
175(E2),T,A,-3.885,0.5725,9,4
175(E2),T,C,-4.527,0.2628,7.5,4
175(E2),T,D,-2.153,0.4695,5.5,4
175(E2),T,E,-2.288,0.05828,7.75,4
175(E2),T,F,-1.944,0.08763,4,4
175(E2),T,G,-6.603,0,4.5,4
175(E2),T,H,-1.994,0.4299,9,4
175(E2),T,I,-1.655,0.6091,11.5,4
175(E2),T,K,-6.261,0,6.5,4
175(E2),T,L,-1.373,2.185,5.5,4
175(E2),T,M,-2.652,0.3151,5.5,4
175(E2),T,N,-3.186,0.2736,7,4
175(E2),T,P,-6.443,0,9,4
175(E2),T,Q,-2.192,0.2561,7.5,4
175(E2),T,R,-6.361,0,10,4
175(E2),T,S,-1.607,0.4248,7,4
175(E2),T,T,0,0,,4
175(E2),T,V,-1.72,0.3682,8.5,4
175(E2),T,W,-1.885,0.1906,8,4
175(E2),T,Y,-1.99,0.3916,8,4
176(E1),K,*,-6.58,0,0.5,2
176(E1),K,-,-0.3417,0.4775,2.5,4
176(E1),K,A,-2.448,1.128,9,4
176(E1),K,C,-3.691,0.1217,10.5,4
176(E1),K,D,-6.668,0,6,4
176(E1),K,E,-2.609,0.2692,12,4
176(E1),K,F,-2.04,0.7744,7,4
176(E1),K,G,-3.049,0.05178,8,4
176(E1),K,H,-1.62,0.7879,7,4
176(E1),K,I,-7.402,0,9.5,4
176(E1),K,K,0,0,,4
176(E1),K,L,-2.941,0.3198,13,4
176(E1),K,M,-1.302,0.6746,6,4
176(E1),K,N,-1.879,0.2701,10,4
176(E1),K,P,-7.412,0,9,4
176(E1),K,Q,-0.527,1.2,6.5,4
176(E1),K,R,-0.3413,0.4215,10.75,4
176(E1),K,S,-1.904,0.131,11,4
176(E1),K,T,-1.805,0.7378,10,4
176(E1),K,V,-7.232,0,7,4
176(E1),K,W,-5.887,0,7,4
176(E1),K,Y,-3.816,2.425,4.25,4
176(E2),P,-,-0.5764,0.461,1.5,4
176(E2),P,A,-5.87,0,2.5,4
176(E2),P,C,-5.526,0,6.75,4
176(E2),P,D,-5.434,0.1117,7.5,4
176(E2),P,E,-6.065,0,5.5,4
176(E2),P,F,-5.63,0,8,4
176(E2),P,G,-6.38,0,4.5,4
176(E2),P,H,-5.344,0,5.5,4
176(E2),P,I,-5.878,0,8.5,4
176(E2),P,K,-5.157,0,5,4
176(E2),P,L,-6.55,0,13,4
176(E2),P,M,-6.375,0,7,4
176(E2),P,N,-6.609,0,6.5,4
176(E2),P,P,0,0,,4
176(E2),P,Q,-5.428,0,4.75,4
176(E2),P,R,-6.382,0,4,4
176(E2),P,S,-6.474,0,20,4
176(E2),P,T,-6.239,0,7,4
176(E2),P,V,-3.224,0.311,4.5,4
176(E2),P,W,-6.354,0,6,4
176(E2),P,Y,-5.931,0,7.5,4
177(E1),I,-,-0.0325,0.7917,2.5,4
177(E1),I,A,-7.371,0,8.5,4
177(E1),I,C,-6.137,0,8.5,4
177(E1),I,D,-7.3,0,5,4
177(E1),I,E,-7.101,0,6,4
177(E1),I,F,-3.518,0.5965,6.5,4
177(E1),I,G,-7.17,0,5,4
177(E1),I,H,-5.846,0,4.5,4
177(E1),I,I,0,0,,4
177(E1),I,K,-7.227,0,6,4
177(E1),I,L,-0.9106,0.6526,4.5,4
177(E1),I,M,-1.753,0.5144,7,4
177(E1),I,N,-7.074,0,7.5,4
177(E1),I,P,-7.001,0,6.5,4
177(E1),I,Q,-6.867,0,6,4
177(E1),I,R,-7.188,0,6.5,4
177(E1),I,S,-7.192,0,11,4
177(E1),I,T,-6.786,0,9,4
177(E1),I,V,-0.879,4.544,9.25,4
177(E1),I,W,-6.476,0,11,4
177(E1),I,Y,-7.178,0,8.75,4
177(E2),D,-,-0.6696,0.1972,1.5,4
177(E2),D,A,-3.802,0.2138,4,4
177(E2),D,C,-3.745,0.6747,3.5,4
177(E2),D,D,0,0,,4
177(E2),D,E,-5.559,0,3,2
177(E2),D,F,-5.604,0,7,4
177(E2),D,G,-6.139,0,5.5,4
177(E2),D,H,-6.502,0,5,4
177(E2),D,I,-5.766,0,5.5,4
177(E2),D,K,-6.183,0.3754,4.5,4
177(E2),D,L,-6.341,0,6,4
177(E2),D,M,-3.001,0.1348,4,4
177(E2),D,N,-6.288,0,13,4
177(E2),D,P,-6.121,0,6,4
177(E2),D,Q,-5.674,0,5,4
177(E2),D,R,-5.976,0,7,4
177(E2),D,S,-5.397,0,4,4
177(E2),D,T,-6.283,0,4.5,4
177(E2),D,V,-4.222,0.3385,5,4
177(E2),D,W,-6.822,0,5,4
177(E2),D,Y,-6.568,0.1533,10.5,4
178(E1),V,-,0.3192,0.8437,2.5,4
178(E1),V,A,-2.715,0.4838,7,4
178(E1),V,C,-4.465,0.2236,10,4
178(E1),V,D,-6.413,0,7,4
178(E1),V,E,-7.013,0,6.5,4
178(E1),V,F,-7.314,0,6,4
178(E1),V,G,-6.663,0,5,4
178(E1),V,H,-6.614,0,5.5,4
178(E1),V,I,-0.622,1.53,5.5,4
178(E1),V,K,-6.678,0,8,4
178(E1),V,L,-3.426,0.2128,10.5,4
178(E1),V,M,-6.993,0,18,4
178(E1),V,N,-7.245,0,8.5,4
178(E1),V,P,-6.501,0,9,4
178(E1),V,Q,-7.117,0,6.5,4
178(E1),V,R,-7.031,0,8,4
178(E1),V,S,-6.54,0,4.25,4
178(E1),V,T,-2.618,0.3602,5,4
178(E1),V,V,0,0,,4
178(E1),V,W,-6.892,0,6.5,4
178(E1),V,Y,-6.562,0,7.5,4
178(E2),R,*,-5.706,0,0.5,2
178(E2),R,-,-1.741,0.4605,1.5,2
178(E2),R,A,-1.78,0.4708,5.5,4
178(E2),R,C,-2.071,0.3199,6.5,4
178(E2),R,D,-1.457,0.1041,8,4
178(E2),R,E,-1.535,0.4378,6,4
178(E2),R,F,-0.5536,0.4348,9.5,4
178(E2),R,G,-0.39,0.5883,4.5,4
178(E2),R,H,-1.049,0.1133,5,4
178(E2),R,I,-0.541,0.1912,13,4
178(E2),R,K,-1.157,0.3219,14,4
178(E2),R,L,-1.253,0.3042,6,4
178(E2),R,M,0.365,0.9328,9.5,4
178(E2),R,N,-1.178,0.3359,2.5,4
178(E2),R,P,-1.94,0.3075,3.5,4
178(E2),R,Q,-2.469,1.169,4,4
178(E2),R,R,0,0,,4
178(E2),R,S,-0.5728,0.4173,6,4
178(E2),R,T,0.0158,0.4394,4,4
178(E2),R,V,-0.3778,0.7154,3.5,4
178(E2),R,W,-1.983,0.13,2,2
178(E2),R,Y,-0.7495,0.2996,3,4
179(E1),V,-,0.0649,0.846,2,4
179(E1),V,A,-3.055,0.5698,9,4
179(E1),V,C,-2.708,0.5537,6,4
179(E1),V,D,-6.28,0,8,4
179(E1),V,E,-1.83,0.58,10,4
179(E1),V,F,-6.874,0,8.5,4
179(E1),V,G,-6.87,0,5.75,4
179(E1),V,H,-4.771,1.265,3,4
179(E1),V,I,-1.26,0.2811,7.75,4
179(E1),V,K,-4.65,0,8.25,4
179(E1),V,L,-1.742,0.7026,10.75,4
179(E1),V,M,-2.527,0.2625,22,4
179(E1),V,N,-6.709,0,6.25,4
179(E1),V,P,-6.679,0,4.75,4
179(E1),V,Q,-1.589,0.3742,9,4
179(E1),V,R,-6.61,0,7,4
179(E1),V,S,-3.131,0.156,9,4
179(E1),V,T,3.655,0.1965,3.5,2
179(E1),V,V,0,0,,4
179(E1),V,W,-6.942,0,3,4
179(E1),V,Y,-6.756,0,7,4
179(E2),T,-,-0.1238,0.4944,1,2
179(E2),T,A,-0.302,0.7552,7,4
179(E2),T,C,-3.516,0.4956,3,4
179(E2),T,D,-1.495,0.2937,4.5,4
179(E2),T,E,-1.397,0.6862,4,4
179(E2),T,F,-1.588,0.3221,6.5,4
179(E2),T,G,-0.7921,0.5268,7.5,4
179(E2),T,H,-1.134,0.4416,6.25,4
179(E2),T,I,-8.445,0,12,4
179(E2),T,K,-2.51,0.2876,4,4
179(E2),T,L,-1.956,0.3577,8,4
179(E2),T,M,0.5247,0.3465,2.5,2
179(E2),T,N,-0.9248,0.3228,4,4
179(E2),T,P,-4.752,0.3917,5,4
179(E2),T,Q,-0.7258,1.057,3,4
179(E2),T,R,-0.8125,1.203,2.5,4
179(E2),T,S,-0.03597,0.6462,6.5,4
179(E2),T,T,0,0,,4
179(E2),T,V,-2.319,1.256,3,4
179(E2),T,W,-1.468,0.2215,3,4
179(E2),T,Y,-1.841,0.4189,2.5,4
18(6K),F,*,-6.973,0,4,4
18(6K),F,A,1.174,1.115,3.5,4
18(6K),F,C,0.3185,1.207,6,4
18(6K),F,D,-0.8363,0.2298,9.25,4
18(6K),F,E,0.6266,1.298,8.25,4
18(6K),F,F,0,0,,4
18(6K),F,G,-0.5684,0.695,8,4
18(6K),F,H,-0.4517,0.8541,6,4
18(6K),F,I,-0.3507,0.5737,8,4
18(6K),F,K,-2.168,0.4162,4,4
18(6K),F,L,0.0416,1.042,8,4
18(6K),F,M,-0.3608,0.3679,6.5,4
18(6K),F,N,0.1087,0.4139,10,4
18(6K),F,P,-0.3115,0.2095,9,4
18(6K),F,Q,0.6305,0.8093,5,4
18(6K),F,R,-2.157,0.6853,6.5,4
18(6K),F,S,-0.6622,1.008,11,4
18(6K),F,T,0.5201,0.5049,4,4
18(6K),F,V,1.829,0.8196,6.5,4
18(6K),F,W,1.801,0.653,3.25,4
18(6K),F,Y,1.007,0.9398,8,4
18(E1),L,-,-0.1114,0.8201,5.5,4
18(E1),L,A,1.363,0.949,9,4
18(E1),L,C,0.3679,0.8421,7.5,4
18(E1),L,D,-4.671,0.1074,8,4
18(E1),L,E,-3.615,0.2194,8.5,4
18(E1),L,F,-0.03579,0.5235,9,4
18(E1),L,G,-2.494,0.2489,7.5,4
18(E1),L,H,-0.7284,1.427,7,4
18(E1),L,I,-2.071,1.011,5,4
18(E1),L,K,-2.574,0.2043,9,4
18(E1),L,L,0,0,,4
18(E1),L,M,0.9358,0.9232,15.5,4
18(E1),L,N,-2.947,0.1515,5.5,4
18(E1),L,P,-9.7,0,16.5,4
18(E1),L,Q,-1.374,0.4957,9.75,4
18(E1),L,R,-2.554,0.3563,6.5,4
18(E1),L,S,-1.707,0.2895,7.5,4
18(E1),L,T,-2.527,0.286,8.25,4
18(E1),L,V,-0.6175,1.279,3.5,4
18(E1),L,W,-0.5999,1.326,2.5,4
18(E1),L,Y,-0.4158,0.3653,9,4
18(E2),H,-,0.5081,0.0143,0.5,2
18(E2),H,A,0.4294,0.1758,6.5,4
18(E2),H,C,-0.7457,0.2707,9,4
18(E2),H,D,-0.6337,0.2144,11.5,4
18(E2),H,E,0.5557,1.206,3.5,4
18(E2),H,F,0.1465,0.8602,4,4
18(E2),H,G,0.8002,0.7722,6.5,4
18(E2),H,H,0,0,,4
18(E2),H,I,1.687,0.4245,4.5,4
18(E2),H,K,0.3562,1.567,4,4
18(E2),H,L,2.875,0.7439,10.5,4
18(E2),H,M,3.806,1.811,9,4
18(E2),H,N,2.272,0.8219,11.5,4
18(E2),H,P,4.205,1.92,6.5,4
18(E2),H,Q,1.638,0.4952,13.5,4
18(E2),H,R,-1.121,0.152,8.5,4
18(E2),H,S,2.259,1.822,8.5,4
18(E2),H,T,1.974,1.193,7.5,4
18(E2),H,V,1.528,0.7058,8,4
18(E2),H,W,-1.931,0.2979,7,4
18(E2),H,Y,0.5198,0.4231,9,4
18(E3),S,*,-6.09,0,11.5,4
18(E3),S,-,0.0005585,0.006033,0.5,2
18(E3),S,A,0.9704,0.3877,10,4
18(E3),S,C,0.7167,0.5306,4.5,4
18(E3),S,D,0.8934,0.612,8,4
18(E3),S,E,-0.5331,0.3684,7,4
18(E3),S,F,-0.3762,0.3819,6,4
18(E3),S,G,-0.3246,0.5294,2.5,4
18(E3),S,H,1.024,1.356,8.25,4
18(E3),S,I,-0.2068,0.5611,13.25,4
18(E3),S,K,-0.5768,0.3219,8.5,4
18(E3),S,L,-0.6451,0.1759,6.5,4
18(E3),S,M,0.1192,0.7956,8.5,4
18(E3),S,N,0.4978,0.2124,25.25,4
18(E3),S,P,-2.203,0.3148,11,4
18(E3),S,R,-0.5008,0.3207,12,4
18(E3),S,S,0,0,,4
18(E3),S,T,-0.4131,0.1863,9,4
18(E3),S,V,-0.2163,0.3594,8,4
18(E3),S,W,0.8434,1.374,7,4
18(E3),S,Y,0.946,0.718,7.5,4
180(E1),Y,*,-0.304,0.442,1,4
180(E1),Y,-,-0.02625,0.7321,1.5,4
180(E1),Y,A,-7.106,0,5.75,4
180(E1),Y,C,-7.217,0,9,4
180(E1),Y,D,-6.553,0,7.5,4
180(E1),Y,E,-6.528,0,10.5,4
180(E1),Y,F,-4.38,0.4349,9.5,4
180(E1),Y,G,-6.617,0,7.5,4
180(E1),Y,H,-2.758,0.333,9,4
180(E1),Y,I,-6.242,0,7,4
180(E1),Y,K,-7.244,0,5.5,4
180(E1),Y,L,-6.546,0,10,4
180(E1),Y,M,-6.016,0,6,4
180(E1),Y,N,-7.262,0,6.75,4
180(E1),Y,P,-7.312,0,10.5,4
180(E1),Y,Q,-6.409,0,10,4
180(E1),Y,R,-9.797,0,9.25,4
180(E1),Y,S,-6.812,0,5,4
180(E1),Y,T,-7.123,0,6.5,4
180(E1),Y,V,-6.824,0,12.5,4
180(E1),Y,W,-4.018,0.2321,10,4
180(E1),Y,Y,0,0,,4
180(E2),L,*,-5.441,0,0.5,2
180(E2),L,-,-0.6132,0.1839,1,2
180(E2),L,A,-5.267,0.4269,2.5,4
180(E2),L,C,-5.129,0,4,4
180(E2),L,D,-6.71,0,5,4
180(E2),L,E,-6.079,0,4,4
180(E2),L,F,-1.74,0.7466,2.5,4
180(E2),L,G,-5.646,0,3.5,4
180(E2),L,H,-5.803,0,5,4
180(E2),L,I,-0.9637,1.16,4,4
180(E2),L,K,-5.415,0.06755,7,4
180(E2),L,L,0,0,,4
180(E2),L,M,-1.255,0.1464,13.5,4
180(E2),L,N,-6.391,0,2,4
180(E2),L,P,-5.441,0,23,4
180(E2),L,Q,-5.599,0,7,4
180(E2),L,R,-4.875,0,3.5,4
180(E2),L,S,-3.018,3.336,5.5,4
180(E2),L,T,-5.012,0,6,4
180(E2),L,V,-2.517,0.3075,7,4
180(E2),L,W,-4.938,0.2146,2.5,4
180(E2),L,Y,-6.072,0,5,4
181(E1),K,*,-6.377,0,1,2
181(E1),K,-,-0.5441,0.229,0.5,2
181(E1),K,A,-1.844,0.5227,10,4
181(E1),K,C,-3.318,0.1781,13,4
181(E1),K,D,-4.407,0.4681,7.25,4
181(E1),K,E,-3.813,0.427,8.5,4
181(E1),K,F,-2.088,0.3904,10,4
181(E1),K,G,-1.531,0.7762,13,4
181(E1),K,H,-1.76,0.3557,9,4
181(E1),K,I,-4.728,0.1113,6.75,4
181(E1),K,K,0,0,,4
181(E1),K,L,-2.858,0.1902,9,4
181(E1),K,M,-1.9,0.9259,10,4
181(E1),K,N,-2.691,0.4099,12.5,4
181(E1),K,P,-8.238,0,13.5,4
181(E1),K,Q,-1.936,0.1776,11,4
181(E1),K,R,1.198,0.3975,15.5,4
181(E1),K,S,-1.298,0.3114,10,4
181(E1),K,T,-4.266,0,16.5,4
181(E1),K,V,-4.131,0.3041,8.5,4
181(E1),K,W,-3.449,0.4635,9,4
181(E1),K,Y,-3.141,0.3568,7,4
181(E2),M,-,-0.3256,0.484,1.5,4
181(E2),M,A,-4.707,0.3732,5,4
181(E2),M,C,-5.588,0.1446,5.5,4
181(E2),M,D,-5.817,0.03551,2.5,4
181(E2),M,E,-5.633,0,6,4
181(E2),M,F,-1.81,0.14,4,4
181(E2),M,G,-5.62,0,8,4
181(E2),M,H,-6.31,0,2.5,4
181(E2),M,I,-0.5285,0.4195,13,4
181(E2),M,K,-5.996,0.2988,4.5,4
181(E2),M,L,0.6451,0.3925,6,4
181(E2),M,M,0,0,,4
181(E2),M,N,-5.946,0,5,4
181(E2),M,P,-5.466,0,5,4
181(E2),M,Q,-5.877,0,2,4
181(E2),M,R,-4.779,4.234,2,4
181(E2),M,S,-6.553,0,5,4
181(E2),M,T,-3.051,0.4996,7,4
181(E2),M,V,-0.7413,0.2718,6.5,4
181(E2),M,W,-4.709,0.09396,3,4
181(E2),M,Y,-5.647,0,4.5,4
182(E1),G,-,0.04776,0.655,1,4
182(E1),G,A,0.326,1.051,9.25,4
182(E1),G,C,-0.914,1.001,7,4
182(E1),G,D,0.5014,1.425,15,4
182(E1),G,E,-0.4596,0.9015,8.5,4
182(E1),G,F,-0.7255,0.4367,7,4
182(E1),G,G,0,0,,4
182(E1),G,H,-0.16,0.6119,7,4
182(E1),G,I,-1.613,0.6246,5,4
182(E1),G,K,-0.395,2.052,5,4
182(E1),G,L,-0.4912,0.3916,5.5,4
182(E1),G,M,1.776,1.613,5.5,4
182(E1),G,N,-0.9098,0.5353,8.5,4
182(E1),G,P,-7.39,0,10.5,4
182(E1),G,Q,1.788,1.364,9.25,4
182(E1),G,R,-1.05,1.075,5,4
182(E1),G,S,-0.7555,0.3118,8.25,4
182(E1),G,T,0.9366,0.6443,7.5,4
182(E1),G,V,-0.548,0.5325,10.75,4
182(E1),G,W,0.5572,1.449,9,4
182(E1),G,Y,-1.089,0.2563,10,4
182(E2),S,-,-0.4842,0.4556,1.5,4
182(E2),S,A,-0.4214,0.4185,4.5,4
182(E2),S,C,-4.493,0.3928,3,4
182(E2),S,D,-3.159,0.2966,3.5,4
182(E2),S,E,-0.8898,0.7388,2.5,4
182(E2),S,F,-1.424,0.5815,6,4
182(E2),S,G,-2.379,0.2861,7,4
182(E2),S,H,0.08865,0.6235,3,4
182(E2),S,I,0.809,1.099,4.5,4
182(E2),S,K,-1.02,0.229,4.5,4
182(E2),S,L,-1.31,0.6394,1.5,4
182(E2),S,M,-0.7156,0.6237,4.75,4
182(E2),S,N,-1.008,0.5018,4,4
182(E2),S,P,-5.679,0,6,4
182(E2),S,Q,-0.3716,0.3181,2.5,4
182(E2),S,R,-1.007,0.3077,3.5,4
182(E2),S,S,0,0,,4
182(E2),S,T,1.397,1.972,7.5,4
182(E2),S,V,0.2289,1.253,5.5,4
182(E2),S,W,-2.016,0.3735,6.5,4
182(E2),S,Y,-2.157,1.042,4,4
183(E1),D,-,0.2098,0.8428,1.5,4
183(E1),D,A,-1.403,0.3754,8,4
183(E1),D,C,-2.814,0.4594,7.5,4
183(E1),D,D,0,0,,4
183(E1),D,E,-0.1284,1.328,13.5,4
183(E1),D,F,-2.008,0.3069,12.5,4
183(E1),D,G,-2.072,0.4383,7.5,4
183(E1),D,H,-2.039,0.3488,5.5,4
183(E1),D,I,-7.205,0,8.5,4
183(E1),D,K,-3.31,0.5826,5.5,4
183(E1),D,L,-3.301,0.3364,9,4
183(E1),D,M,-2.785,0.2893,7.5,4
183(E1),D,N,-2.515,0.1683,26.25,4
183(E1),D,P,-7.404,0,12,4
183(E1),D,Q,-0.8525,0.9576,1.5,4
183(E1),D,R,-6.3,0,7,4
183(E1),D,S,-1.666,0.4896,9,4
183(E1),D,T,-2.428,0.5183,5,4
183(E1),D,V,-1.874,0.3098,6.5,4
183(E1),D,W,-2.531,0.3141,7,4
183(E1),D,Y,-0.254,1.119,12.5,4
183(E2),Q,*,-2.005,1.459,3,4
183(E2),Q,-,-0.2459,0.0064,0.5,2
183(E2),Q,A,-1.659,0.2292,2.5,4
183(E2),Q,C,-5.736,0.2035,6,4
183(E2),Q,D,-1.328,0.2409,5,4
183(E2),Q,E,-1.356,0.44,5.5,4
183(E2),Q,F,-3.875,0.4858,4.5,4
183(E2),Q,G,-3.103,0.5459,3.5,4
183(E2),Q,H,-3.924,0.6863,9.5,4
183(E2),Q,I,-5.373,0,5,4
183(E2),Q,K,-5.211,0.2732,7.25,4
183(E2),Q,L,-5.403,0,6,4
183(E2),Q,M,-2.017,0.4496,4,4
183(E2),Q,N,-2.139,0.4723,5,4
183(E2),Q,P,-2.106,0.1562,9,4
183(E2),Q,Q,0,0,,4
183(E2),Q,R,-4.356,0.1953,12,4
183(E2),Q,S,-1.767,0.2475,7,4
183(E2),Q,T,-2.268,0.04101,6,4
183(E2),Q,V,-2.861,0.3758,4.5,4
183(E2),Q,W,-3.009,0.123,5.5,4
183(E2),Q,Y,-1.886,0.7477,3.5,4
184(E1),V,-,-0.5671,0.8168,1,4
184(E1),V,A,-2.079,0.9889,9.5,4
184(E1),V,C,-0.9811,0.545,7,4
184(E1),V,D,-7.06,0,5.5,4
184(E1),V,E,-6.319,0,8,4
184(E1),V,F,-7.103,0,11.75,4
184(E1),V,G,-7.187,0,10,4
184(E1),V,H,-6.841,0,6,4
184(E1),V,I,-1.817,0.9475,13,4
184(E1),V,K,-7.435,0,9.75,4
184(E1),V,L,-2.748,0.3468,7.5,4
184(E1),V,M,-6.821,0,6,4
184(E1),V,N,-6.77,0,8,4
184(E1),V,P,-6.915,0,7.5,4
184(E1),V,Q,-6.04,0,9,4
184(E1),V,R,-7.636,0,7,4
184(E1),V,S,-6.76,0,7.5,4
184(E1),V,T,-2.877,0.144,7.5,4
184(E1),V,V,0,0,,4
184(E1),V,W,-7.723,0,9.5,4
184(E1),V,Y,-6.633,0,9,4
184(E2),Q,*,-6.058,0,11.5,4
184(E2),Q,-,-0.0176,0.008312,0.5,2
184(E2),Q,A,-0.3435,0.5741,4.5,4
184(E2),Q,C,-1.84,0.3704,6.5,4
184(E2),Q,D,-0.5754,1.343,2,4
184(E2),Q,E,0.0423,0.285,7,4
184(E2),Q,F,-0.4763,0.3737,7,4
184(E2),Q,G,-0.8652,0.8299,2.5,4
184(E2),Q,H,-0.579,0.1323,6.5,4
184(E2),Q,I,-0.126,0.7926,4,4
184(E2),Q,K,-1.772,0.2584,7.5,4
184(E2),Q,L,-0.9558,0.187,6.5,4
184(E2),Q,M,-0.5173,0.7045,5.5,4
184(E2),Q,N,-1.087,0.6543,3.5,4
184(E2),Q,P,-7.32,0,7,4
184(E2),Q,Q,0,0,,4
184(E2),Q,R,-2.22,0.244,12,4
184(E2),Q,S,0.4755,0.8,5.5,4
184(E2),Q,T,-0.4,0.4716,5,4
184(E2),Q,V,-1.165,0.8432,5,4
184(E2),Q,W,-0.07322,0.07993,4,4
184(E2),Q,Y,-1.075,0.6522,5.5,4
185(E1),Y,*,-8.183,0,3.5,4
185(E1),Y,-,-0.5519,0.2642,1.5,4
185(E1),Y,A,-7.05,0,5.5,4
185(E1),Y,C,-7.723,0,11,4
185(E1),Y,D,-6.704,0,9,4
185(E1),Y,E,-8.12,0,7.5,4
185(E1),Y,F,-1.935,0.1392,6.5,4
185(E1),Y,G,-7.406,0,6,4
185(E1),Y,H,-0.6804,0.4535,11.5,4
185(E1),Y,I,-6.748,0,4,4
185(E1),Y,K,-7.304,0,10,4
185(E1),Y,L,-6.726,0,10.5,4
185(E1),Y,M,-6.319,0,10,4
185(E1),Y,N,-6.752,0,6,4
185(E1),Y,P,-6.756,0,11.5,4
185(E1),Y,Q,-6.546,0,11.5,4
185(E1),Y,R,-6.863,0,5.5,4
185(E1),Y,S,-7.538,0,6.5,4
185(E1),Y,T,-7.478,0,6,4
185(E1),Y,V,-7.706,0,10,4
185(E1),Y,W,-1.027,1.478,7.5,4
185(E1),Y,Y,0,0,,4
185(E2),S,*,-5.99,0,0.5,2
185(E2),S,-,-0.01777,0.00836,0.5,2
185(E2),S,A,-0.2842,0.9758,4.5,4
185(E2),S,C,-5.338,0,5.5,4
185(E2),S,D,-1.328,0.1622,8,4
185(E2),S,E,-1.438,1.158,4.5,4
185(E2),S,F,-1.203,0.9249,6.5,4
185(E2),S,G,0.9165,0.162,4.5,4
185(E2),S,H,0.2135,1.471,4,4
185(E2),S,I,-1.599,0.2477,4,4
185(E2),S,K,-0.6134,0.2828,7,4
185(E2),S,L,0.528,0.8484,4.5,4
185(E2),S,M,-0.7489,0.2813,7.5,4
185(E2),S,N,0.3528,1.129,14,4
185(E2),S,P,-2.242,0.2696,4.5,4
185(E2),S,Q,0.2902,1.195,6,4
185(E2),S,R,-1.672,0.1709,7.5,4
185(E2),S,S,0,0,,4
185(E2),S,T,-1.339,0.2483,7.5,4
185(E2),S,V,-1.429,0.7671,3,4
185(E2),S,W,-1.45,0.2021,6,4
185(E2),S,Y,-0.957,0.7135,7.5,4
186(E1),N,-,-1.242,1.1,2,4
186(E1),N,A,-7.391,0,9,4
186(E1),N,C,-3.974,0.1842,7,4
186(E1),N,D,-5.954,0,8.5,4
186(E1),N,E,-7.838,0,9.25,4
186(E1),N,F,-7.604,0,10.75,4
186(E1),N,G,-5.954,0,7.25,4
186(E1),N,H,-7.22,0,9.25,4
186(E1),N,I,-8.45,0,8.5,4
186(E1),N,K,-7.454,0,8.25,4
186(E1),N,L,-3.539,0.1806,6.5,4
186(E1),N,M,-7.436,0,10,4
186(E1),N,N,0,0,,4
186(E1),N,P,-6.774,0,8.5,4
186(E1),N,Q,-7.177,0,6.5,4
186(E1),N,R,-6.649,0,4,4
186(E1),N,S,-3.804,0.2626,9,4
186(E1),N,T,-7.123,0,6,4
186(E1),N,V,-6.354,0.1784,6.5,4
186(E1),N,W,-7.399,0,13.5,4
186(E1),N,Y,-7.884,0,7.5,4
186(E2),G,-,-0.07111,0.009095,0.5,2
186(E2),G,A,-0.103,0.8717,6,4
186(E2),G,C,-5.079,0.1191,7.5,4
186(E2),G,D,-0.04565,0.3247,21.5,4
186(E2),G,E,0.5218,1.172,1.5,4
186(E2),G,F,-2.062,1.113,6,4
186(E2),G,G,0,0,,4
186(E2),G,H,0.5174,1.303,5.5,4
186(E2),G,I,-1.512,0.3496,5.5,4
186(E2),G,K,-0.4204,0.4531,7,4
186(E2),G,L,-0.7283,0.2511,8,4
186(E2),G,M,-0.9097,0.1346,5,4
186(E2),G,N,1.162,1.534,7,4
186(E2),G,P,-3.059,0.1834,6.5,4
186(E2),G,Q,0.8336,0.6025,5.5,4
186(E2),G,R,-1.281,0.1721,4,4
186(E2),G,S,-0.8236,0.2407,11,4
186(E2),G,T,1.973,1.233,2.5,4
186(E2),G,V,-1.055,0.2036,6,4
186(E2),G,W,-2.172,0.3322,4,4
186(E2),G,Y,-0.9091,0.1192,3.5,4
187(E1),M,-,-1.27,0.7675,1,2
187(E1),M,A,-1.165,0.4917,7.5,4
187(E1),M,C,-0.8262,1.653,6,4
187(E1),M,D,-2.792,0.1489,6,4
187(E1),M,E,-0.4689,0.4896,6,4
187(E1),M,F,-0.9446,0.656,9,4
187(E1),M,G,-7.078,0,5,4
187(E1),M,H,-1.234,0.992,9,4
187(E1),M,I,-0.4758,0.2921,27.25,4
187(E1),M,K,-1.319,0.2941,9.5,4
187(E1),M,L,-1.41,0.05575,8.5,4
187(E1),M,M,0,0,,4
187(E1),M,N,-2.306,0.4424,9,4
187(E1),M,P,-6.742,0,7.5,4
187(E1),M,Q,-0.5652,0.2932,6.5,4
187(E1),M,R,-2.527,0.2166,6.5,4
187(E1),M,S,-1.848,0.241,9.5,4
187(E1),M,T,-1.768,0.698,10.5,4
187(E1),M,V,-2.067,0.24,9.5,4
187(E1),M,W,-1.227,1.731,5.5,4
187(E1),M,Y,-1.611,0.1368,8.5,4
187(E2),N,-,-0.6738,0.0009,1,2
187(E2),N,A,-0.3644,0.2952,5,4
187(E2),N,C,-4.005,0.6614,3,4
187(E2),N,D,0.1478,1.495,5.5,4
187(E2),N,E,-2.05,0.2312,4,4
187(E2),N,F,-2.269,0.5341,4.5,4
187(E2),N,G,-0.3764,0.541,3.5,4
187(E2),N,H,0.1744,0.633,6.5,4
187(E2),N,I,-3.883,0.1245,6,4
187(E2),N,K,-1.675,0.1775,7.5,4
187(E2),N,L,-3.243,0.424,4.5,4
187(E2),N,M,-1.77,0.1589,6.5,4
187(E2),N,N,0,0,,4
187(E2),N,P,-6.13,0,5.5,4
187(E2),N,Q,-1.294,0.1368,6,4
187(E2),N,R,-2.162,0.2011,4,4
187(E2),N,S,0.5998,0.1364,5.5,4
187(E2),N,T,-1.659,0.5439,4,4
187(E2),N,V,-2.843,0.0877,7.5,4
187(E2),N,W,-3.204,0.3214,4.5,4
187(E2),N,Y,-0.8794,0.303,3.5,4
188(E1),D,-,-1.617,0.379,1,2
188(E1),D,A,-0.8345,0.1287,9.5,4
188(E1),D,C,-3.975,0.3032,8,4
188(E1),D,D,0,0,,4
188(E1),D,E,-0.3337,1.102,9.5,4
188(E1),D,F,-1.26,0.8769,13.5,4
188(E1),D,G,-1.205,0.7244,8,4
188(E1),D,H,1.716,0.4944,8,4
188(E1),D,I,-0.3525,0.6571,7.5,4
188(E1),D,K,-6.716,0,4.5,4
188(E1),D,L,-1.479,0.846,7.5,4
188(E1),D,M,-1.664,0.4115,3.5,4
188(E1),D,N,-0.3113,0.3782,18.5,4
188(E1),D,P,-0.1488,1.303,6.5,4
188(E1),D,Q,-0.8287,0.6213,7,4
188(E1),D,R,-8.083,0,11,4
188(E1),D,S,-8.354,0,8.5,4
188(E1),D,T,-9.088,0,7.5,4
188(E1),D,V,-1.291,0.5433,8,4
188(E1),D,W,-1.637,0.607,5.5,4
188(E1),D,Y,-1.346,1.671,6.5,4
188(E2),V,-,-0.8255,0.7822,2.5,4
188(E2),V,A,-6.053,0,9.5,4
188(E2),V,C,-5.608,0,4.75,4
188(E2),V,D,-6.527,0,4.5,4
188(E2),V,E,-6.582,0,6,4
188(E2),V,F,-5.71,0.007361,5,4
188(E2),V,G,-6.168,0,2,4
188(E2),V,H,-6.761,0,6.5,4
188(E2),V,I,-2.69,0.7267,5,4
188(E2),V,K,-5.585,0,6.5,4
188(E2),V,L,-3.85,0.2337,16.5,4
188(E2),V,M,-6.679,0,18.5,4
188(E2),V,N,-6.492,0,4,4
188(E2),V,P,-5.856,0.04157,1.5,4
188(E2),V,Q,-5.879,0,4.5,4
188(E2),V,R,-6.079,0,3.5,4
188(E2),V,S,-6.38,0,5.5,4
188(E2),V,T,-4.712,0,5.5,4
188(E2),V,V,0,0,,4
188(E2),V,W,-6.441,0.2758,2,4
188(E2),V,Y,-6.488,0,5,4
189(E1),Y,*,-5.393,0,2.5,4
189(E1),Y,-,0.00338,0.02991,0.5,2
189(E1),Y,A,-7.3,0,11.5,4
189(E1),Y,C,-7.646,0,13,4
189(E1),Y,D,-7.652,0,10,4
189(E1),Y,E,-5.623,0,8.25,4
189(E1),Y,F,-1.499,0.3682,10,4
189(E1),Y,G,-7.333,0,7.5,4
189(E1),Y,H,-6.101,0,9.5,4
189(E1),Y,I,-6.893,0,5,4
189(E1),Y,K,-7.398,0,8.5,4
189(E1),Y,L,-7.213,0,7,4
189(E1),Y,M,-7.39,0,6.5,4
189(E1),Y,N,-6.742,0,12.5,4
189(E1),Y,P,-7.65,0,13,4
189(E1),Y,Q,-6.374,0,4,4
189(E1),Y,R,-6.956,0,4.5,4
189(E1),Y,S,-6.471,0,10.5,4
189(E1),Y,T,-7.207,0,7.5,4
189(E1),Y,V,-6.826,0,5.5,4
189(E1),Y,W,-0.169,1.921,4.5,4
189(E1),Y,Y,0,0,,4
189(E2),K,-,-3.498,1.456,3,4
189(E2),K,A,-0.08281,0.1052,5.5,4
189(E2),K,C,-2.949,0.4785,8,4
189(E2),K,D,-6.143,0,8,4
189(E2),K,E,-2.843,0.4163,7.5,4
189(E2),K,F,-0.4403,0.7528,4,4
189(E2),K,G,-4.97,0.3055,3.5,4
189(E2),K,H,-0.467,0.1086,7,4
189(E2),K,I,-0.8838,0.03498,4.5,4
189(E2),K,K,0,0,,4
189(E2),K,L,0.9076,1.777,3.5,4
189(E2),K,M,0.2899,1.265,6,4
189(E2),K,N,-3.358,0.4008,8.5,4
189(E2),K,P,-6.38,0,8,4
189(E2),K,Q,0.007,1.451,3.5,4
189(E2),K,R,0.2321,0.1983,7.5,4
189(E2),K,S,-3.578,0.2051,8.5,4
189(E2),K,T,-2.844,0.232,6,4
189(E2),K,V,-0.4828,0.6744,5.5,4
189(E2),K,W,-0.8323,0.6161,4.5,4
189(E2),K,Y,0.4886,0.1916,6,4
19(6K),W,*,-8.596,0,43.5,4
19(6K),W,A,0.04215,0.7111,6.5,4
19(6K),W,C,1.059,0.4892,9.5,4
19(6K),W,D,0.3207,0.8527,7.75,4
19(6K),W,E,-1.419,0.7878,6,4
19(6K),W,F,-0.7733,1.706,8.5,4
19(6K),W,G,0.0663,1.204,5.25,4
19(6K),W,H,-2.003,1.273,3,4
19(6K),W,I,-1.175,2.578,5,4
19(6K),W,K,-0.4829,0.7867,5.5,4
19(6K),W,L,-1.385,0.1579,8.5,4
19(6K),W,M,0.3123,0.3819,11,4
19(6K),W,N,-1.233,0.203,7.5,4
19(6K),W,P,-0.0288,0.8985,4.75,4
19(6K),W,Q,0.06775,0.6488,10.5,4
19(6K),W,R,-0.6876,1.534,9,4
19(6K),W,S,-0.6011,0.3964,11.75,4
19(6K),W,T,0.5125,0.2672,5,4
19(6K),W,V,-1.231,1.136,6,4
19(6K),W,W,0,0,,4
19(6K),W,Y,0.8388,0.5838,3,4
19(E1),V,-,-2.724,1.019,6,4
19(E1),V,A,-1.282,0.4362,6.5,4
19(E1),V,C,-1.097,1.062,9.5,4
19(E1),V,D,-6.778,0,5.5,4
19(E1),V,E,-7.559,0,6,4
19(E1),V,F,-2.374,0.2288,12.5,4
19(E1),V,G,-5.851,0,6.5,4
19(E1),V,H,-6.896,0,8,4
19(E1),V,I,-0.8175,0.7819,10.5,4
19(E1),V,K,-7.195,0,9,4
19(E1),V,L,-1.239,1.162,8,4
19(E1),V,M,-2.09,0.4094,6.5,4
19(E1),V,N,-6.031,0,7.75,4
19(E1),V,P,-7.164,0,12,4
19(E1),V,Q,-6.679,0,11.5,4
19(E1),V,R,-6.96,0,10,4
19(E1),V,S,-6.598,0,7.5,4
19(E1),V,T,-3.295,0.3422,8.5,4
19(E1),V,V,0,0,,4
19(E1),V,W,-6.518,0,5.5,4
19(E1),V,Y,-6.423,0,10,4
19(E2),C,*,-3.566,0.3162,4,4
19(E2),C,-,-0.8486,0.5433,1,2
19(E2),C,A,-6.426,0,8,4
19(E2),C,C,0,0,,4
19(E2),C,D,-6.745,0,11,4
19(E2),C,E,-6.399,0,6,4
19(E2),C,F,-6.173,0,12,4
19(E2),C,G,-6.47,0,11,4
19(E2),C,H,-6.24,0,7.5,4
19(E2),C,I,-6.545,0,7,4
19(E2),C,K,-5.575,0,4.5,4
19(E2),C,L,-6.258,0.0957,7.5,4
19(E2),C,M,-6.229,0,10.5,4
19(E2),C,N,-5.896,0,7,4
19(E2),C,P,-7.007,0,6,4
19(E2),C,Q,-6.644,0,8,4
19(E2),C,R,-6.71,0,11,4
19(E2),C,S,-6.418,0,13,4
19(E2),C,T,-6.991,0,7.5,4
19(E2),C,V,-6.623,0.1195,4.5,4
19(E2),C,W,-6.254,0,10.5,4
19(E2),C,Y,-7.461,0,19.5,4
19(E3),Q,*,-3.167,0.6224,3.5,4
19(E3),Q,-,-0.3882,0.0067,0.5,2
19(E3),Q,A,0.09022,0.1258,16,4
19(E3),Q,C,-0.5922,0.942,6.5,4
19(E3),Q,D,1.02,0.96,9.75,4
19(E3),Q,E,0.223,0.4339,9.5,4
19(E3),Q,F,-1.336,0.1974,10.75,4
19(E3),Q,G,0.2697,0.6534,11,4
19(E3),Q,H,0.2359,0.2638,19,4
19(E3),Q,I,-0.2105,0.4176,7.5,4
19(E3),Q,K,-0.4106,0.4818,9,4
19(E3),Q,L,-0.04585,0.5469,11.25,4
19(E3),Q,M,0.3083,1.361,12.5,4
19(E3),Q,N,0.1506,0.2838,9.5,4
19(E3),Q,P,-2.443,0.3957,10.5,4
19(E3),Q,Q,0,0,,4
19(E3),Q,R,-2.321,1.542,8.5,4
19(E3),Q,S,-1.437,0.2137,12,4
19(E3),Q,T,-0.4741,0.5748,15.5,4
19(E3),Q,V,0.4556,0.2793,11.5,4
19(E3),Q,W,-1.027,0.8805,2.5,4
19(E3),Q,Y,-0.3242,0.6169,10.5,4
190(E1),P,-,0.3161,0.0731,0.5,2
190(E1),P,A,-1.619,0.4155,4,4
190(E1),P,C,-5.237,0.05153,7.5,4
190(E1),P,D,-2.341,0.1936,5.5,4
190(E1),P,E,-2.177,0.2108,8,4
190(E1),P,F,-2.939,0.3278,8.5,4
190(E1),P,G,-6.516,0,5.5,4
190(E1),P,H,-3.164,0.1231,16.75,4
190(E1),P,I,-2.481,0.176,8,4
190(E1),P,K,-3.425,1.467,2,4
190(E1),P,L,-2.861,0.6165,13,4
190(E1),P,M,-2.735,0.2163,8,4
190(E1),P,N,-3.316,0.5433,7.5,4
190(E1),P,P,0,0,,4
190(E1),P,Q,-2.089,0.1805,8.5,4
190(E1),P,R,-6.505,0,7.5,4
190(E1),P,S,-2.369,0.8187,6,4
190(E1),P,T,-1.748,0.6479,10.5,4
190(E1),P,V,-1.77,0.2657,4.5,4
190(E1),P,W,-6.321,0,5,4
190(E1),P,Y,-6.963,0,8.25,4
190(E2),I,-,-0.6998,0.5424,2.5,4
190(E2),I,A,-4.814,0.06409,4,4
190(E2),I,C,-6.304,0,2,4
190(E2),I,D,-6.957,0,2.5,2
190(E2),I,E,-6.13,0,3.5,4
190(E2),I,F,-1.663,0.3821,4.5,4
190(E2),I,G,-5.718,0,3.5,4
190(E2),I,H,-6.577,0,4,4
190(E2),I,I,0,0,,4
190(E2),I,K,-6.319,0,4.5,4
190(E2),I,L,-1.109,0.4088,1.5,4
190(E2),I,M,-4.393,0.01819,4.5,4
190(E2),I,N,-3.918,2.369,4,4
190(E2),I,P,-6.053,0,6,4
190(E2),I,Q,-6.657,0,5.5,4
190(E2),I,R,-6.053,0,4.5,4
190(E2),I,S,-6.251,0,3,4
190(E2),I,T,-6.832,0,5,4
190(E2),I,V,-2.058,0.2924,6,4
190(E2),I,W,-6.701,0,3.5,4
190(E2),I,Y,-6.546,0,7,4
191(E1),P,-,-1.283,0.3949,1,2
191(E1),P,A,-0.5787,0.2316,4.5,4
191(E1),P,C,-2.961,0.05217,10.5,4
191(E1),P,D,-1.466,0.1066,5,4
191(E1),P,E,-2.156,0.5788,4,4
191(E1),P,F,-1.155,0.5074,9.25,4
191(E1),P,G,1.968,2.482,7.5,4
191(E1),P,H,-0.565,0.7428,6.5,4
191(E1),P,I,2.766,0.7722,11.25,4
191(E1),P,K,-1.636,0.5751,9.5,4
191(E1),P,L,-1.146,0.3479,8.5,4
191(E1),P,M,1.065,1.456,5.5,4
191(E1),P,N,-0.1842,0.6763,8.5,4
191(E1),P,P,0,0,,4
191(E1),P,Q,0.8151,1.337,9.5,4
191(E1),P,R,1.531,2.696,9.5,4
191(E1),P,S,1.008,2.134,13.25,4
191(E1),P,T,-0.6334,0.4233,11,4
191(E1),P,V,-0.2394,0.4555,7,4
191(E1),P,W,-1.09,0.3563,8,4
191(E1),P,Y,-0.343,0.215,12.5,4
191(E2),T,*,-5.981,0,0.5,2
191(E2),T,-,-0.6494,0.3186,2.5,4
191(E2),T,A,-1.284,0.2831,16,4
191(E2),T,C,-2.738,0.5628,3,4
191(E2),T,D,-2.883,0.5421,4.75,4
191(E2),T,E,-2.152,0.3903,5,4
191(E2),T,F,-0.408,1.626,7.5,4
191(E2),T,G,-3.537,0.8478,3.5,4
191(E2),T,H,-0.2067,0.7288,5.5,4
191(E2),T,I,-1.216,0.7466,18,4
191(E2),T,K,-1.397,0.8011,5.5,4
191(E2),T,L,-1.734,0.7086,7,4
191(E2),T,M,-0.1997,0.4684,4,4
191(E2),T,N,-1.386,0.2998,10.5,4
191(E2),T,P,-6.674,0,4.5,4
191(E2),T,Q,-0.6577,0.04578,4.5,4
191(E2),T,R,-2.156,0.2915,0.5,2
191(E2),T,S,0.5353,0.3925,3.5,4
191(E2),T,T,0,0,,4
191(E2),T,V,-0.0798,1.144,7.25,4
191(E2),T,W,-1.937,0.2535,5,4
191(E2),T,Y,-0.959,0.0317,4,2
192(E1),F,-,-0.3732,0.4733,0.5,2
192(E1),F,A,-3.044,0.5614,6,4
192(E1),F,C,-6.026,0,9.25,4
192(E1),F,D,-6.349,0,11.25,4
192(E1),F,E,-5.93,0,5.75,4
192(E1),F,F,0,0,,4
192(E1),F,G,-8.977,0,6,4
192(E1),F,H,-2.442,0.2647,8,4
192(E1),F,I,-2.878,0.2617,11.5,4
192(E1),F,K,-6.664,0,5.5,4
192(E1),F,L,-3.272,0.08269,12.5,4
192(E1),F,M,-2.933,0.2175,6,4
192(E1),F,N,-3.442,0.5341,5,4
192(E1),F,P,-2.582,0.2991,5.5,4
192(E1),F,Q,-3.616,0.1961,11,4
192(E1),F,R,-5.931,0,5.5,4
192(E1),F,S,-3.054,0.1414,9,4
192(E1),F,T,-3.036,0.1766,6.75,4
192(E1),F,V,-2.625,0.324,5,4
192(E1),F,W,-1.13,0.9281,6,4
192(E1),F,Y,2.987,0.7355,7.5,4
192(E2),V,-,0.0895,1.392,1.5,4
192(E2),V,A,-0.7828,0.199,8,4
192(E2),V,C,-2.559,0.6917,5,4
192(E2),V,D,-5.522,0.03031,4.5,4
192(E2),V,E,-6.106,0,7,4
192(E2),V,F,-6.256,0,6,4
192(E2),V,G,-2.927,0.175,4.5,2
192(E2),V,H,-5.856,0,5.5,4
192(E2),V,I,-6.792,0,3,4
192(E2),V,K,-4.956,0,5.5,4
192(E2),V,L,-5.319,1.291,7.75,4
192(E2),V,M,-5.55,0,28,4
192(E2),V,N,-6.5,0,7.5,4
192(E2),V,P,-0.4159,0.631,4.5,4
192(E2),V,Q,-5.89,0,8.5,4
192(E2),V,R,-5.924,0,4.5,4
192(E2),V,S,-1.401,0.2267,6.5,4
192(E2),V,T,0.5175,0.475,6.5,4
192(E2),V,V,0,0,,4
192(E2),V,W,-6.274,0,4,4
192(E2),V,Y,-2.064,3.271,3.25,4
193(E1),G,*,-4.825,0.00866,2.5,4
193(E1),G,-,-2.351,0.1295,0.5,2
193(E1),G,A,-1.911,0.3705,8.5,4
193(E1),G,C,-3.087,0.4394,7.5,4
193(E1),G,D,-3.736,0.198,10,4
193(E1),G,E,-3.504,0.217,12.5,4
193(E1),G,F,-1.962,0.6351,8.5,4
193(E1),G,G,0,0,,4
193(E1),G,H,-4.104,0.3219,8.5,4
193(E1),G,I,-6.97,0,10,4
193(E1),G,K,-6.085,0,6,4
193(E1),G,L,-1.817,0.7924,2,4
193(E1),G,M,-1.323,0.227,6,4
193(E1),G,N,0.7834,1.617,4.5,4
193(E1),G,P,-6.977,0,10,4
193(E1),G,Q,-1.23,0.3831,6,4
193(E1),G,R,-5.531,0,25.5,4
193(E1),G,S,-2.05,0.5194,9,4
193(E1),G,T,-5.726,0.2308,9,4
193(E1),G,V,-6.79,0,10.5,4
193(E1),G,W,-1.664,0.3065,7,4
193(E1),G,Y,-3.309,0.3824,5.5,4
193(E2),N,-,-0.5917,0.5588,2,4
193(E2),N,A,-1.757,0.1295,2.5,4
193(E2),N,C,-4.297,0.2988,7,4
193(E2),N,D,-1.292,0.2074,2.5,4
193(E2),N,E,-1.772,0.805,2.5,4
193(E2),N,F,-1.969,0.3607,6.5,4
193(E2),N,G,-1.11,0.3974,3,4
193(E2),N,H,-0.9993,0.4065,6,4
193(E2),N,I,-2.603,0.3988,3,4
193(E2),N,K,-2.46,0.8147,7.5,4
193(E2),N,L,-0.7499,0.4514,4.5,4
193(E2),N,M,-1.501,0.5121,4.5,4
193(E2),N,N,0,0,,4
193(E2),N,P,-1.213,1.207,5.5,4
193(E2),N,Q,-0.716,0.2741,3,4
193(E2),N,R,-0.1948,0.2463,4.5,4
193(E2),N,S,-1.187,0.6697,4.5,4
193(E2),N,T,-1.631,0.4335,5,4
193(E2),N,V,-1.071,0.6084,3.5,4
193(E2),N,W,-2.483,0.5925,1.5,4
193(E2),N,Y,-0.4033,0.4746,3.5,4
194(E1),A,-,-2.052,0.1585,0.5,2
194(E1),A,A,0,0,,4
194(E1),A,C,-5.401,0,5.5,4
194(E1),A,D,-1.434,0.2369,7.5,4
194(E1),A,E,-2.19,0.3872,4.5,4
194(E1),A,F,-2.161,0.1495,10,4
194(E1),A,G,-0.1043,1.324,5.5,4
194(E1),A,H,-2.561,0.6922,6.5,4
194(E1),A,I,-2.009,0.3751,7.5,4
194(E1),A,K,-5.691,0.04806,6,4
194(E1),A,L,-2.061,0.3106,4.5,4
194(E1),A,M,-0.9068,0.8048,7,4
194(E1),A,N,-1.405,0.4812,4,4
194(E1),A,P,-7.377,0,11,4
194(E1),A,Q,-1.56,0.1813,4,4
194(E1),A,R,-1.583,1.152,4,4
194(E1),A,S,-0.6579,0.2486,16,4
194(E1),A,T,-0.6997,0.4614,23,4
194(E1),A,V,-2.756,0.2706,21,4
194(E1),A,W,-2.877,0.3557,3.5,4
194(E1),A,Y,-2.886,0.2251,5.75,4
194(E2),S,-,-0.7891,0.558,2,4
194(E2),S,A,-1.365,0.3485,3.5,2
194(E2),S,C,-1.715,0.1916,6,4
194(E2),S,D,-0.5509,0.3535,7.5,4
194(E2),S,E,0.09075,0.7063,3.5,4
194(E2),S,F,-0.4751,0.2484,6.5,4
194(E2),S,G,1.868,0.6619,7,4
194(E2),S,H,0.5923,1.028,4.5,4
194(E2),S,I,-6.006,0.4044,5,4
194(E2),S,K,0.4926,0.6908,4.5,4
194(E2),S,L,-0.7033,0.6372,3.5,4
194(E2),S,M,-0.8897,0.6802,5.5,4
194(E2),S,N,0.3588,0.6588,27.75,4
194(E2),S,P,-5.827,0.4062,3.5,4
194(E2),S,Q,-0.677,0.2807,3.5,4
194(E2),S,R,-0.09925,1.131,11.5,4
194(E2),S,S,0,0,,4
194(E2),S,T,-0.9154,0.2145,4,4
194(E2),S,V,-3.067,0.1375,7.5,4
194(E2),S,W,-1.653,0.04047,8,4
194(E2),S,Y,-0.568,1.314,5,4
195(E1),G,*,-9.811,0,0.5,2
195(E1),G,-,-0.2608,0.0064,0.5,2
195(E1),G,A,-2.561,1.31,3.5,4
195(E1),G,C,-0.9034,0.1515,10.5,4
195(E1),G,D,-6.054,0,104.5,4
195(E1),G,E,-7.161,0,6.5,4
195(E1),G,F,-7.467,0,9,4
195(E1),G,G,0,0,,4
195(E1),G,H,-6.704,0,7,4
195(E1),G,I,-6.047,0,13.5,4
195(E1),G,K,-7.138,0,5,4
195(E1),G,L,-3.069,0.3543,13,4
195(E1),G,M,-0.4776,2.825,5,4
195(E1),G,N,-1.898,0.5074,7.5,4
195(E1),G,P,-0.8931,0.2095,7.5,4
195(E1),G,Q,-3.18,0.1855,9.5,4
195(E1),G,R,-5.47,0,7,4
195(E1),G,S,-3.13,0.875,23.25,4
195(E1),G,T,-1.48,0.4617,4.25,4
195(E1),G,V,-2.817,1.331,10,4
195(E1),G,W,-7.589,0,7,4
195(E1),G,Y,-7.29,0,11,4
195(E2),Q,*,-0.1576,0.4215,1,4
195(E2),Q,-,-0.7046,0.3408,2,4
195(E2),Q,A,0.019,1.669,3,4
195(E2),Q,C,-3.077,0.5238,4.5,4
195(E2),Q,D,-3.107,0.3038,3,4
195(E2),Q,E,-2.054,0.1918,6,4
195(E2),Q,F,-0.478,0.173,5,4
195(E2),Q,G,0.481,2.239,2,4
195(E2),Q,H,-0.392,0.9228,7.25,4
195(E2),Q,I,-3.485,0.517,5,4
195(E2),Q,K,-0.7304,0.6081,5.5,4
195(E2),Q,L,0.307,0.6695,6,4
195(E2),Q,M,1.75,1.317,8,4
195(E2),Q,N,2.96,1.422,3,4
195(E2),Q,P,-6.026,0,6,4
195(E2),Q,Q,0,0,,4
195(E2),Q,R,-0.6411,0.3586,7,4
195(E2),Q,S,-2.797,0.2663,6,4
195(E2),Q,T,-2.824,0.3087,6,4
195(E2),Q,V,-1.98,0.839,3,4
195(E2),Q,W,-0.1689,0.586,3.75,4
195(E2),Q,Y,-1.086,0.4558,3,4
196(E1),R,-,-0.5857,0.2067,0.5,2
196(E1),R,A,-0.4969,1.657,7,4
196(E1),R,C,-3.557,0.312,5,4
196(E1),R,D,-2.022,0.4589,10.5,4
196(E1),R,E,-1.404,0.518,5,4
196(E1),R,F,-2.637,0.3799,9,4
196(E1),R,G,-1.369,0.4301,8.5,4
196(E1),R,H,-0.3815,0.6463,4.5,4
196(E1),R,I,-3.034,0.6492,10,4
196(E1),R,K,-1.483,0.4891,11,4
196(E1),R,L,1.659,3.752,4.5,4
196(E1),R,M,-2.274,0.6793,3.5,4
196(E1),R,N,-0.7413,1.346,9,4
196(E1),R,P,-0.4632,1.627,5.5,4
196(E1),R,Q,1.393,0.6822,6,4
196(E1),R,R,0,0,,4
196(E1),R,S,-0.7828,0.2279,7,4
196(E1),R,T,-1.454,0.3706,5,4
196(E1),R,V,-1.328,0.5903,6.75,4
196(E1),R,W,-2.954,0.4045,6.5,4
196(E1),R,Y,-2.105,0.4119,6,4
196(E2),T,*,-5.047,0,0.5,2
196(E2),T,-,-0.0953,0.4087,2,4
196(E2),T,A,-0.6973,0.3459,11.5,4
196(E2),T,C,-3.275,0.5297,6,4
196(E2),T,D,-2.511,0.2996,6,4
196(E2),T,E,-2.173,0.1437,5,4
196(E2),T,F,-2.029,0.3667,6,4
196(E2),T,G,-3.405,0.5053,6,4
196(E2),T,H,-0.4167,0.56,5.75,4
196(E2),T,I,-1.664,0.1864,10,4
196(E2),T,K,-2.952,0.1891,5,4
196(E2),T,L,-3.293,0.186,3.5,2
196(E2),T,M,-1.397,0.5057,5,4
196(E2),T,N,-1.857,1.344,6,4
196(E2),T,P,-2.843,0.07265,7,4
196(E2),T,Q,-1.967,0.2507,4,4
196(E2),T,R,-3.157,0.5372,2.5,4
196(E2),T,S,-0.463,1.748,4,4
196(E2),T,T,0,0,,4
196(E2),T,V,-1.159,0.1111,5.5,4
196(E2),T,W,-1.226,0.3578,5,4
196(E2),T,Y,-2.057,0.5318,6.5,4
197(E1),P,-,-1.471,1.374,1,4
197(E1),P,A,-2.034,0.1913,4.5,4
197(E1),P,C,-3.5,0.3805,3,4
197(E1),P,D,-5.788,0,6.5,4
197(E1),P,E,-3.786,0.2535,6,4
197(E1),P,F,-5.422,0,6,4
197(E1),P,G,-3.962,0.1647,4,4
197(E1),P,H,-4.915,0,13,4
197(E1),P,I,-5.928,0,5.5,4
197(E1),P,K,-7.131,0,11.5,4
197(E1),P,L,-6.857,0,15,4
197(E1),P,M,-3.112,0.4301,6.5,4
197(E1),P,N,-6.949,0,8.5,4
197(E1),P,P,0,0,,4
197(E1),P,Q,-3.11,0.5615,6,4
197(E1),P,R,-6.495,0,7.5,4
197(E1),P,S,-2.934,0.09104,18.5,4
197(E1),P,T,-4.814,0.1429,8.5,4
197(E1),P,V,-3.053,1.461,3,4
197(E1),P,W,-5.01,0,7,4
197(E1),P,Y,-4.617,0,5.75,4
197(E2),V,-,-0.6221,0.4407,2,4
197(E2),V,A,-5.735,0,6.5,4
197(E2),V,C,-6.469,0,4,4
197(E2),V,D,-6.751,0,6,4
197(E2),V,E,-6.531,0,3.5,4
197(E2),V,F,-6.697,0,7.25,4
197(E2),V,G,-7.094,0,5.5,4
197(E2),V,H,-5.143,0.2148,3,4
197(E2),V,I,-0.1646,0.8049,4,4
197(E2),V,K,-6.348,0,4.5,4
197(E2),V,L,-6.766,0,7.5,4
197(E2),V,M,-6.468,0,24,4
197(E2),V,N,-6.293,0,7,4
197(E2),V,P,-5.024,0,4,4
197(E2),V,Q,-6.193,0,5.5,4
197(E2),V,R,-6.609,0,6.5,4
197(E2),V,S,-5.571,0,5,4
197(E2),V,T,-7.421,0,7.5,4
197(E2),V,V,0,0,,4
197(E2),V,W,-5.925,0,5.5,4
197(E2),V,Y,-5.715,0,6,4
198(E1),G,-,-1.308,1.472,1,4
198(E1),G,A,-2.433,1.361,6,4
198(E1),G,C,-6.698,0,16.25,4
198(E1),G,D,-9.101,0,69.5,4
198(E1),G,E,-7.183,0,5.5,4
198(E1),G,F,-7.487,0,6.5,4
198(E1),G,G,0,0,,4
198(E1),G,H,-7.02,0,6,4
198(E1),G,I,-6.148,0,5,4
198(E1),G,K,-8.13,0,5,4
198(E1),G,L,-6.169,0,8,4
198(E1),G,M,-6.047,0,6,4
198(E1),G,N,-6.887,0,8,4
198(E1),G,P,-6.951,0,8.75,4
198(E1),G,Q,-7.101,0,7.5,4
198(E1),G,R,-7.781,0,9,4
198(E1),G,S,-3.576,0.2318,15.5,4
198(E1),G,T,-6.429,0,8.5,4
198(E1),G,V,-6.418,0,8,4
198(E1),G,W,-6.915,0,4,4
198(E1),G,Y,-6.521,0,3.5,4
198(E2),R,-,-1.653,1.339,2.5,4
198(E2),R,A,-1.454,0.263,3.5,4
198(E2),R,C,-6.245,0,5.5,4
198(E2),R,D,-6.082,0,3,4
198(E2),R,E,-6.587,0,4,4
198(E2),R,F,-2.529,0.1911,3.5,4
198(E2),R,G,-5.6,0,3.5,4
198(E2),R,H,-2.458,0.6501,3,4
198(E2),R,I,-1.464,0.8347,6,4
198(E2),R,K,1.909,1.384,1.5,4
198(E2),R,L,-2.822,0.1561,11.25,4
198(E2),R,M,-2.724,0.6975,2,4
198(E2),R,N,-3.065,0.1497,5,4
198(E2),R,P,-7.572,0,2.5,4
198(E2),R,Q,-4.228,0.3057,14.75,4
198(E2),R,R,0,0,,4
198(E2),R,S,-2.482,0.5376,2.75,4
198(E2),R,T,-1.764,0.2981,2,4
198(E2),R,V,-1.958,1.042,2.5,4
198(E2),R,W,-3.336,0.2198,35,4
198(E2),R,Y,-2.363,0.7451,5,4
199(E1),Q,*,-7.747,0,3.5,4
199(E1),Q,-,-0.9035,0.8809,1.5,4
199(E1),Q,A,1.307,1.352,2.5,4
199(E1),Q,C,-0.5336,1.294,3.5,4
199(E1),Q,D,-2.057,0.9364,6,4
199(E1),Q,E,-0.9119,0.5057,2,4
199(E1),Q,F,-2.838,0.3114,5,4
199(E1),Q,G,-0.604,0.4199,6,4
199(E1),Q,H,-0.9099,0.449,9.75,4
199(E1),Q,I,-2.062,0.1226,7.5,4
199(E1),Q,K,-2.883,0.2046,8.5,4
199(E1),Q,L,-2.968,0.7254,6,4
199(E1),Q,M,-0.1235,2.115,4.5,4
199(E1),Q,N,-1.43,1.025,6,4
199(E1),Q,P,-6.904,0,6.5,4
199(E1),Q,Q,0,0,,4
199(E1),Q,R,-2.591,0.1492,5.5,4
199(E1),Q,S,3.45,1.109,8.5,4
199(E1),Q,T,0.317,2.175,6,4
199(E1),Q,V,-2.274,0.4124,7,4
199(E1),Q,W,-3.096,0.308,8.5,4
199(E1),Q,Y,-2.908,0.7977,4.5,4
199(E2),Y,*,-4.2,0,3,2
199(E2),Y,-,-1.076,0.7503,2,4
199(E2),Y,A,-6.095,0.03031,3,4
199(E2),Y,C,-4.524,0.6668,4.5,4
199(E2),Y,D,-5.428,0.223,3,4
199(E2),Y,E,-6.668,0,5,4
199(E2),Y,F,-0.3118,0.59,4,4
199(E2),Y,G,-6.47,0,6,4
199(E2),Y,H,-5.974,0,8,4
199(E2),Y,I,-5.894,0,8,4
199(E2),Y,K,-6.241,0,5,4
199(E2),Y,L,-6.002,0,3,4
199(E2),Y,M,-5.597,0,6.5,4
199(E2),Y,N,-6.939,0,8,4
199(E2),Y,P,-5.791,0,1.5,2
199(E2),Y,Q,-6.486,0,5,4
199(E2),Y,R,-6.408,0,5,4
199(E2),Y,S,-6.152,0,4.5,4
199(E2),Y,T,-6.436,0,3,4
199(E2),Y,V,-5.585,0.08574,5,4
199(E2),Y,W,0.08225,0.9101,4,4
199(E2),Y,Y,0,0,,4
2(6K),T,*,-7.311,0,12.5,4
2(6K),T,-,-2.207,0.32,1.5,2
2(6K),T,A,0.7224,0.5147,14.5,4
2(6K),T,C,-1.425,0.4765,6,4
2(6K),T,D,0.2985,0.9805,8.5,4
2(6K),T,E,-0.1098,0.9193,9,4
2(6K),T,F,-1.503,0.9358,12,4
2(6K),T,G,0.6573,0.5196,6.5,4
2(6K),T,H,-1.13,2.138,7.5,4
2(6K),T,I,-0.632,0.3201,10,4
2(6K),T,K,0.4509,0.7302,9.5,4
2(6K),T,L,1.236,1.991,9.5,4
2(6K),T,M,-0.5534,0.6907,8,4
2(6K),T,N,0.5384,0.6405,13.5,4
2(6K),T,P,-0.2021,0.08059,12,4
2(6K),T,Q,0.2089,0.461,6.5,4
2(6K),T,R,-0.3664,0.9932,10.5,4
2(6K),T,S,-0.3269,0.9183,6.5,4
2(6K),T,T,0,0,,4
2(6K),T,V,0.3985,1.844,6,4
2(6K),T,W,-2.682,0.2146,7.5,4
2(6K),T,Y,-1.79,0.1111,6,4
2(E1),E,*,-5.019,0.8817,5.5,4
2(E1),E,-,0.1244,0.616,1,2
2(E1),E,A,-3.797,0.3718,4.25,4
2(E1),E,C,-6.993,0,6.5,4
2(E1),E,D,0.5643,0.4829,12.5,4
2(E1),E,E,0,0,,4
2(E1),E,F,-6.929,0,6,4
2(E1),E,G,-4.357,0.4724,9.5,4
2(E1),E,H,-6.838,0,6,4
2(E1),E,I,-5.899,0,10,4
2(E1),E,K,-7.294,0,9,4
2(E1),E,L,-5.803,0,5.5,4
2(E1),E,M,-6.412,0,7.5,4
2(E1),E,N,-5.527,0,8.5,4
2(E1),E,P,-5.624,0.0931,6,4
2(E1),E,Q,-5.934,0,6.75,4
2(E1),E,R,-6.982,0,4,4
2(E1),E,S,-4.187,0.216,10,4
2(E1),E,T,-5.782,0,8.25,4
2(E1),E,V,-5.928,0,7,4
2(E1),E,W,-6.893,0,7.5,4
2(E1),E,Y,-4.368,0.05963,9,4
2(E2),I,-,-1.228,1.921,2,4
2(E2),I,A,-0.2421,0.0918,6,4
2(E2),I,C,-1.737,0.2319,11,4
2(E2),I,D,-0.8093,0.2619,6,4
2(E2),I,E,-0.05735,0.9331,6.5,4
2(E2),I,F,-0.4597,2.913,9.5,4
2(E2),I,G,-1.555,0.9372,3,4
2(E2),I,H,-0.2974,0.6682,11.5,4
2(E2),I,I,0,0,,4
2(E2),I,K,-2.497,0.3563,6,4
2(E2),I,L,-0.1507,0.1455,8,4
2(E2),I,M,-0.6928,0.3982,8,4
2(E2),I,N,0.7892,0.769,6.5,4
2(E2),I,P,-0.3423,0.8286,8.5,4
2(E2),I,Q,-0.00935,0.1901,6.5,4
2(E2),I,R,-2.582,0.6688,7.5,4
2(E2),I,S,0.2127,0.6165,9.5,4
2(E2),I,T,-0.6109,1.971,5.5,4
2(E2),I,V,-0.1187,0.3917,8.5,4
2(E2),I,W,-0.6976,0.1684,5.5,4
2(E2),I,Y,-0.2321,0.0132,2.5,2
2(E3),L,*,-5.681,0,6.25,4
2(E3),L,-,-0.7437,0.00135,0.5,2
2(E3),L,A,-1.204,0.2553,8,4
2(E3),L,C,-1.127,0.2748,10,4
2(E3),L,D,-6.04,0,6.25,4
2(E3),L,E,-6.088,0,10.5,4
2(E3),L,F,0.9876,2.051,3.5,4
2(E3),L,G,-1.532,0.5267,9,4
2(E3),L,H,-1.663,0.06253,10,4
2(E3),L,I,0.637,0.4467,6.25,4
2(E3),L,K,-3.164,0.144,13.5,4
2(E3),L,L,0,0,,4
2(E3),L,M,-1.657,0.4351,15.5,4
2(E3),L,N,-1.935,0.3801,9.5,4
2(E3),L,P,-1.506,0.4114,11.5,4
2(E3),L,Q,-3.212,0.458,15.5,4
2(E3),L,R,-2.938,0.3145,12,4
2(E3),L,S,-1.907,0.1904,9.5,4
2(E3),L,T,-2.116,0.4857,10,4
2(E3),L,V,-1.587,0.2295,11,4
2(E3),L,W,-0.5423,0.5345,8.5,4
2(E3),L,Y,-1.336,1.002,7,4
20(6K),L,*,-7.396,0,9,4
20(6K),L,A,-0.4521,0.5094,8,4
20(6K),L,C,0.3559,0.6106,5.5,4
20(6K),L,D,-0.2356,0.8415,6,4
20(6K),L,E,0.261,0.8761,6,4
20(6K),L,F,-0.7551,0.4794,6.25,4
20(6K),L,G,-0.3957,0.06884,7.5,4
20(6K),L,H,-1.369,0.2212,5,4
20(6K),L,I,-0.1447,1.136,9,4
20(6K),L,K,-1.046,0.3289,3.5,4
20(6K),L,L,0,0,,4
20(6K),L,M,-0.0379,0.9933,11.25,4
20(6K),L,N,0.4355,0.739,7.5,4
20(6K),L,P,-0.8027,0.4248,13.5,4
20(6K),L,Q,0.6213,1.305,4.5,4
20(6K),L,R,-0.8868,0.279,6,4
20(6K),L,S,0.0379,1.14,6.5,4
20(6K),L,T,-0.5113,0.9098,8,4
20(6K),L,V,0.00895,0.7769,6.5,4
20(6K),L,W,0.172,1.526,7,4
20(6K),L,Y,3.468,1.564,6,4
20(E1),N,-,-2.49,1.622,6,4
20(E1),N,A,0.1572,0.2296,11,4
20(E1),N,C,-1.068,0.4299,6,4
20(E1),N,D,2.65,2.059,14.5,4
20(E1),N,E,0.7268,1.23,4,4
20(E1),N,F,-0.6816,0.3131,9.5,4
20(E1),N,G,-0.1155,1.418,7,4
20(E1),N,H,-0.9954,1.163,7,4
20(E1),N,I,-0.6141,0.5261,6.5,4
20(E1),N,K,-0.2826,0.492,8,4
20(E1),N,L,-1.219,0.2022,6.5,4
20(E1),N,M,-0.6743,0.3773,9.5,4
20(E1),N,N,0,0,,4
20(E1),N,P,-3.05,0.1819,10.5,4
20(E1),N,Q,0.3087,1.003,5.5,4
20(E1),N,R,-0.6285,1.072,10.5,4
20(E1),N,S,0.06127,0.6576,9,4
20(E1),N,T,-0.7506,0.4669,10.75,4
20(E1),N,V,-0.2657,0.8648,8.5,4
20(E1),N,W,0.885,0.8597,8,4
20(E1),N,Y,-2.285,0.7804,6.5,4
20(E2),P,-,0.1399,0.02115,0.5,2
20(E2),P,A,-1.172,0.3499,9,4
20(E2),P,C,-7.258,0,7.5,4
20(E2),P,D,-5.431,0.2351,3.5,4
20(E2),P,E,-2.816,0.2651,8.5,4
20(E2),P,F,-3.571,0.4701,9.5,4
20(E2),P,G,-2.107,0.627,7.5,4
20(E2),P,H,-6.271,0,13.75,4
20(E2),P,I,-3.492,0.2451,7,4
20(E2),P,K,-4.559,0.06668,6,4
20(E2),P,L,-5.022,0.3668,8,4
20(E2),P,M,-5.678,0.255,6,4
20(E2),P,N,-2.583,0.345,6,4
20(E2),P,P,0,0,,4
20(E2),P,Q,-2.296,0.4397,5.5,4
20(E2),P,R,-4.668,0.6075,5.5,4
20(E2),P,S,-0.8075,1.51,7.5,4
20(E2),P,T,-2.896,0.3715,10,4
20(E2),P,V,-3.368,0.3384,8,4
20(E2),P,W,-2.245,0.2169,9.5,4
20(E2),P,Y,-4.942,0.21,6,4
20(E3),P,*,-6.578,0,8.25,4
20(E3),P,-,-0.5433,0.00615,0.5,2
20(E3),P,A,-1.944,0.3634,7.5,4
20(E3),P,C,-2.544,0.1545,12,4
20(E3),P,D,-2.117,0.1149,10,4
20(E3),P,E,-2.551,0.1478,8.5,4
20(E3),P,F,-2.092,0.1248,9.5,4
20(E3),P,G,-2.551,0.4302,5.5,4
20(E3),P,H,-2.401,0.1056,5,4
20(E3),P,I,-1.681,0.1662,9.25,4
20(E3),P,K,-2.561,0.799,8,4
20(E3),P,L,-1.336,0.3337,8.5,4
20(E3),P,M,-1.325,0.07131,7.5,4
20(E3),P,N,-2.109,0.1928,9,4
20(E3),P,P,0,0,,4
20(E3),P,Q,-2.029,0.9714,1,4
20(E3),P,R,-1.923,0.3992,7.5,4
20(E3),P,S,-1.901,0.3908,16.25,4
20(E3),P,T,-1.48,0.5334,8,4
20(E3),P,V,-2.018,0.1294,12,4
20(E3),P,W,-1.804,0.2928,8,4
20(E3),P,Y,-2.94,0.2074,6,4
200(E1),F,*,-6.292,0,0.5,2
200(E1),F,-,-0.8072,1,1.5,4
200(E1),F,A,-7.162,0,6.5,4
200(E1),F,C,-6.373,0,9.5,4
200(E1),F,D,-7.72,0,5,4
200(E1),F,E,-7.292,0,5.5,4
200(E1),F,F,0,0,,4
200(E1),F,G,-6.425,0,4.5,4
200(E1),F,H,-7.139,0,5.5,4
200(E1),F,I,-6.236,0,8,4
200(E1),F,K,-6.825,0,6.5,4
200(E1),F,L,-0.8233,0.5708,12,4
200(E1),F,M,-6.063,0,5.5,4
200(E1),F,N,-7.222,0,7,4
200(E1),F,P,-7.218,0,5.5,4
200(E1),F,Q,-6.605,0,7,4
200(E1),F,R,-7.047,0.7933,4.5,4
200(E1),F,S,-6.977,0,8.5,4
200(E1),F,T,-7.062,0,4,4
200(E1),F,V,-7.291,0,10,4
200(E1),F,W,2.232,6.206,5.5,4
200(E1),F,Y,-2.071,0.3558,8,4
200(E2),K,-,-0.5758,0.2384,2.5,4
200(E2),K,A,-1.558,0.248,5,4
200(E2),K,C,-6.159,0,5.75,4
200(E2),K,D,-6.85,0,6,4
200(E2),K,E,-3.26,0.3275,5.5,4
200(E2),K,F,-1.321,0.3778,5.5,4
200(E2),K,G,-5.103,0.171,7.5,4
200(E2),K,H,-0.8342,0.2474,5.5,4
200(E2),K,I,-1.189,0.6769,3.5,4
200(E2),K,K,0,0,,4
200(E2),K,L,-1.992,0.1405,7.5,4
200(E2),K,M,-1.37,0.1365,7.25,4
200(E2),K,N,-1.905,0.1727,8.5,4
200(E2),K,P,-5.548,0,6,4
200(E2),K,Q,-0.5749,0.1737,5.5,4
200(E2),K,R,0.1141,0.9418,7,4
200(E2),K,S,-2.011,0.1245,6.5,4
200(E2),K,T,-1.74,0.7512,7.75,4
200(E2),K,V,-0.4672,0.6752,3,4
200(E2),K,W,-1.078,0.5277,3.5,4
200(E2),K,Y,-1.587,0.08295,3,4
201(E1),G,-,-0.6398,0.6643,2,4
201(E1),G,A,-2.123,0.3294,8.5,4
201(E1),G,C,-7.304,0,12.5,4
201(E1),G,D,-6.88,0,19.5,4
201(E1),G,E,-6.402,0,6,4
201(E1),G,F,-7.048,0,4.5,4
201(E1),G,G,0,0,,4
201(E1),G,H,-7.251,0,6.5,4
201(E1),G,I,-6.355,0,4,4
201(E1),G,K,-7.148,0,5,4
201(E1),G,L,-7.397,0,8,4
201(E1),G,M,-6.5,0,6,4
201(E1),G,N,-7.207,0,9.75,4
201(E1),G,P,-7.078,0,7.5,4
201(E1),G,Q,-6.795,0,5.5,4
201(E1),G,R,-7.062,0,4,4
201(E1),G,S,-7.263,0,12,4
201(E1),G,T,-7.593,0,7.5,4
201(E1),G,V,-6.893,0,10.5,4
201(E1),G,W,-6.935,0,5,4
201(E1),G,Y,-6.373,0,5,4
201(E2),C,*,-2.59,1.6,2,4
201(E2),C,-,-0.5755,0.1658,2.5,4
201(E2),C,A,-6.11,0,4,4
201(E2),C,C,0,0,,4
201(E2),C,D,-6.798,0,4,4
201(E2),C,E,-4.146,0.4161,5,4
201(E2),C,F,-6.019,0,7.5,4
201(E2),C,G,-6.245,0,6,4
201(E2),C,H,-6.6,0,4.5,4
201(E2),C,I,-3.766,1.066,4.5,4
201(E2),C,K,-5.963,0,3.5,4
201(E2),C,L,-6.292,0,6,4
201(E2),C,M,-6.114,0,1,4
201(E2),C,N,-5.524,0,6,4
201(E2),C,P,-6.772,0,4.5,4
201(E2),C,Q,-6.485,0,3.5,4
201(E2),C,R,-6.132,0,9,4
201(E2),C,S,-5.541,0,7.5,4
201(E2),C,T,-6.5,0,5,4
201(E2),C,V,-6.319,0,4,4
201(E2),C,W,-6.357,0,6.5,4
201(E2),C,Y,-6.053,0,20.5,4
202(E1),D,-,-0.5852,0.4215,2.5,4
202(E1),D,A,-6.621,0,11,4
202(E1),D,C,-7.492,0,7.5,4
202(E1),D,D,0,0,,4
202(E1),D,E,-8.947,0,5.5,4
202(E1),D,F,-7.483,0,8.5,4
202(E1),D,G,-6.893,0,10,4
202(E1),D,H,-6.647,0,4.5,4
202(E1),D,I,-7.372,0,10.5,4
202(E1),D,K,-7.159,0,7,4
202(E1),D,L,-7.058,0,7.5,4
202(E1),D,M,-7.255,0,9.5,4
202(E1),D,N,-7.056,0,38,4
202(E1),D,P,-6.806,0,3,4
202(E1),D,Q,-7.16,0,7,4
202(E1),D,R,-6.861,0,7.25,4
202(E1),D,S,-6.189,0,6,4
202(E1),D,T,-7.23,0,7.5,4
202(E1),D,V,-6.834,0,10.75,4
202(E1),D,W,-6.98,0,5.5,4
202(E1),D,Y,-7.123,0,12.5,4
202(E2),N,-,0.8993,1.398,1.5,4
202(E2),N,A,-0.482,0.1608,5,4
202(E2),N,C,-2.103,0.1686,5.5,4
202(E2),N,D,0.09555,1.008,6,4
202(E2),N,E,-1.571,0.62,6,4
202(E2),N,F,-1.508,0.1071,5.5,4
202(E2),N,G,-1.082,0.1746,2,4
202(E2),N,H,-0.379,0.6981,6.5,4
202(E2),N,I,0.3313,1.449,8,4
202(E2),N,K,0.3207,0.9544,6.5,4
202(E2),N,L,-0.00185,0.9292,2,4
202(E2),N,M,-0.9766,0.1775,5,4
202(E2),N,N,0,0,,4
202(E2),N,P,-6.559,0,3.5,4
202(E2),N,Q,-0.2163,0.5996,6.5,4
202(E2),N,R,-0.4742,0.6014,6,4
202(E2),N,S,0.8479,0.4072,8,4
202(E2),N,T,-0.303,0.2709,4.5,4
202(E2),N,V,-0.0204,0.9524,3.5,4
202(E2),N,W,-0.07426,0.3232,3.5,4
202(E2),N,Y,-0.2851,0.9362,5.5,4
203(E1),I,-,-3.422,1.705,3,4
203(E1),I,A,-6.723,0,6,4
203(E1),I,C,-2.844,0.2183,12.5,4
203(E1),I,D,-7.194,0,8.5,4
203(E1),I,E,-6.933,0,8.5,4
203(E1),I,F,-2.716,0.3497,6,4
203(E1),I,G,-7.277,0,6,4
203(E1),I,H,-7.019,0,7,4
203(E1),I,I,0,0,,4
203(E1),I,K,-6.258,0,4.5,4
203(E1),I,L,-1.129,0.01964,4,4
203(E1),I,M,-1.436,0.919,7,4
203(E1),I,N,-7.149,0,9.5,4
203(E1),I,P,-6.826,0,10.5,4
203(E1),I,Q,-6.912,0,8.5,4
203(E1),I,R,-7.639,0,8,4
203(E1),I,S,-7.103,0,10,4
203(E1),I,T,-4.785,0.02468,6,4
203(E1),I,V,-0.9124,1.004,8.5,4
203(E1),I,W,-7.082,0,7.5,4
203(E1),I,Y,-5.973,0,6.5,4
203(E2),C,*,-6.802,0,5.5,4
203(E2),C,-,0.3296,0.1694,1,2
203(E2),C,A,-5.809,0,9,4
203(E2),C,C,0,0,,4
203(E2),C,D,-6.131,0.01602,1.5,4
203(E2),C,E,-6.208,0,5.5,4
203(E2),C,F,-4.967,0.171,10,4
203(E2),C,G,-6.252,0,6.5,4
203(E2),C,H,-6.598,0.1901,5,4
203(E2),C,I,-6.346,0,5,4
203(E2),C,K,-5.046,0,4,4
203(E2),C,L,-6.033,0,8.25,4
203(E2),C,M,-5.04,0,5,4
203(E2),C,N,-6.199,0.3421,3.25,4
203(E2),C,P,-6.427,0,3,4
203(E2),C,Q,-6.38,0,5.5,4
203(E2),C,R,-5.872,0,7.5,4
203(E2),C,S,-5.996,0,8,4
203(E2),C,T,-5.404,0,6,4
203(E2),C,V,-5.8,0,5,4
203(E2),C,W,-5.526,0,8.5,4
203(E2),C,Y,-5.761,0,12.5,4
204(E1),Q,*,-4.471,0.5988,6.5,4
204(E1),Q,-,-0.346,0.3866,2,4
204(E1),Q,A,-2.537,0.2096,8.75,4
204(E1),Q,C,-5.691,0.6561,4,4
204(E1),Q,D,-7.778,0,5.75,4
204(E1),Q,E,-6.654,0,7,4
204(E1),Q,F,-7.094,0,9.5,4
204(E1),Q,G,-8.326,0,9,4
204(E1),Q,H,-6.227,0,15.5,4
204(E1),Q,I,-6.188,0,8.5,4
204(E1),Q,K,-7.104,0,11,4
204(E1),Q,L,-5.956,0,8.75,4
204(E1),Q,M,-1.095,0.6214,10,4
204(E1),Q,N,-7.421,0,8,4
204(E1),Q,P,-7.283,0,17.5,4
204(E1),Q,Q,0,0,,4
204(E1),Q,R,-6.364,0,14,4
204(E1),Q,S,-5.398,0.0459,3.25,4
204(E1),Q,T,-5.258,0,4.25,4
204(E1),Q,V,-5.12,0.4881,6,4
204(E1),Q,W,-6.441,0,4,4
204(E1),Q,Y,-7.091,0,4,4
204(E2),G,-,-0.1848,0.1701,1,2
204(E2),G,A,-1.513,0.4156,5.25,4
204(E2),G,C,-5.341,0.1251,13,4
204(E2),G,D,-2.018,0.3681,14.5,4
204(E2),G,E,-1.824,0.4982,3,4
204(E2),G,F,-2.83,0.4288,5,4
204(E2),G,G,0,0,,4
204(E2),G,H,-1.625,0.09503,4.5,4
204(E2),G,I,-1.832,0.173,4.5,4
204(E2),G,K,-0.8315,0.4238,5,4
204(E2),G,L,-1.499,0.4766,3.5,4
204(E2),G,M,-3.032,1.632,2.75,4
204(E2),G,N,-0.7434,0.465,5,4
204(E2),G,P,-1.011,0.09829,3.5,4
204(E2),G,Q,-0.9621,0.2896,4.5,4
204(E2),G,R,-2.391,0.5118,4.5,4
204(E2),G,S,-1.063,0.3572,10,4
204(E2),G,T,-2.026,0.5434,5.5,4
204(E2),G,V,-1.767,0.1982,6.5,4
204(E2),G,W,-3.219,0.1409,3,4
204(E2),G,Y,-2.652,0.1949,7,4
205(E1),S,-,-2.964,2.22,2.5,4
205(E1),S,A,-2.136,1.612,6,4
205(E1),S,C,-0.9853,0.5378,5.5,4
205(E1),S,D,-4.734,0.2654,7.5,4
205(E1),S,E,-4.355,0.1848,10.5,4
205(E1),S,F,-2.497,0.1517,6.75,4
205(E1),S,G,-3.691,0.1917,6,4
205(E1),S,H,-2.274,0.4348,7,4
205(E1),S,I,-3.576,0.1883,10,4
205(E1),S,K,-3.163,0.47,4,4
205(E1),S,L,0.2985,2.796,4,4
205(E1),S,M,-1.45,1.043,7,4
205(E1),S,N,-7.38,0,29.5,4
205(E1),S,P,-6.621,0,4.5,4
205(E1),S,Q,-3.553,0.2434,7.5,4
205(E1),S,R,-6.005,0,10,4
205(E1),S,S,0,0,,4
205(E1),S,T,-0.04505,0.5963,6,4
205(E1),S,V,-2.667,0.2567,5.5,4
205(E1),S,W,-5.563,0,5.5,4
205(E1),S,Y,-3.647,0.3098,5,4
205(E2),D,-,-0.8114,0.1587,1,2
205(E2),D,A,0.2697,0.212,3.5,4
205(E2),D,C,-4.135,0.1189,5.5,4
205(E2),D,D,0,0,,4
205(E2),D,E,0.1957,0.8158,4.5,4
205(E2),D,F,0.1051,0.8188,4.5,4
205(E2),D,G,-0.906,1.502,5,4
205(E2),D,H,1.203,2.118,3,4
205(E2),D,I,0.2923,0.9584,5.5,4
205(E2),D,K,0.7392,0.1575,2.5,2
205(E2),D,L,-0.3479,1.791,7,4
205(E2),D,M,-0.02892,0.1214,4.5,4
205(E2),D,N,-0.2883,0.2993,12.75,4
205(E2),D,P,0.3056,0.3303,3,4
205(E2),D,Q,0.6992,0.5662,4,4
205(E2),D,R,-0.1574,0.6503,5.25,4
205(E2),D,S,-0.4913,0.4807,4,4
205(E2),D,T,-0.2799,0.1153,4.5,4
205(E2),D,V,-0.3584,0.4756,3.5,4
205(E2),D,W,-1.51,1.016,2,4
205(E2),D,Y,-0.04815,0.4793,11.5,4
206(E1),R,*,-2.422,1.644,1.5,4
206(E1),R,-,-0.4546,1.174,1.5,4
206(E1),R,A,-2.034,0.09146,7,4
206(E1),R,C,-3.909,0.1882,8.5,4
206(E1),R,D,-3.342,0.1226,9.5,4
206(E1),R,E,-1.251,0.4968,8.5,4
206(E1),R,F,-2.118,0.2551,6.75,4
206(E1),R,G,-1.952,0.3536,13,4
206(E1),R,H,-0.9022,0.3914,5.5,4
206(E1),R,I,-1.523,0.4779,9,4
206(E1),R,K,-2.216,0.1198,26,4
206(E1),R,L,-0.9459,0.9106,7.5,4
206(E1),R,M,-0.7749,0.447,7.5,4
206(E1),R,N,-1.543,2.706,5.5,4
206(E1),R,P,-3.35,0.6381,10.5,4
206(E1),R,Q,-0.5124,0.4686,5,4
206(E1),R,R,0,0,,4
206(E1),R,S,-0.06495,0.9579,5.5,4
206(E1),R,T,-1.203,0.1402,5,4
206(E1),R,V,-2.231,0.1291,7,4
206(E1),R,W,-5.178,0,8,4
206(E1),R,Y,-2.937,0.2402,11,4
206(E2),S,-,-0.5323,0.3708,4.5,4
206(E2),S,A,0.0215,1.206,4.5,4
206(E2),S,C,-2.539,0.8398,3.5,4
206(E2),S,D,-0.4035,0.8608,4.5,4
206(E2),S,E,-0.6467,0.8242,2.5,4
206(E2),S,F,0.0662,1.052,7,4
206(E2),S,G,-0.1978,0.4293,12.75,4
206(E2),S,H,0.5514,1.389,4.5,4
206(E2),S,I,0.0335,0.32,9.5,4
206(E2),S,K,1.335,0.4033,5,4
206(E2),S,L,0.5549,1.368,3,4
206(E2),S,M,-0.2424,0.76,6,4
206(E2),S,N,0.06338,0.9778,14,4
206(E2),S,P,-0.7891,0.426,8,4
206(E2),S,Q,0.8346,1.026,5.5,4
206(E2),S,R,-0.2231,0.9834,9,4
206(E2),S,S,0,0,,4
206(E2),S,T,-0.1488,0.8753,4.5,4
206(E2),S,V,-0.2721,0.5981,5.5,4
206(E2),S,W,-0.904,0.2949,3.5,4
206(E2),S,Y,1.324,1.386,3.5,4
207(E1),T,-,-1.31,1.714,2,4
207(E1),T,A,0.7444,0.4347,8.5,4
207(E1),T,C,-3.001,0.338,5,4
207(E1),T,D,-2.125,0.2482,5,4
207(E1),T,E,-2.257,0.0953,4.5,4
207(E1),T,F,-0.5776,0.3171,4.5,4
207(E1),T,G,-2.293,0.2501,6,4
207(E1),T,H,-0.4393,1.051,7.5,4
207(E1),T,I,-1.615,0.3705,13.5,4
207(E1),T,K,-0.3827,1.478,4,4
207(E1),T,L,-0.6216,0.4462,6.75,4
207(E1),T,M,-0.9241,0.2454,3.5,4
207(E1),T,N,-0.9768,0.5971,8.5,4
207(E1),T,P,-6.658,0,7,4
207(E1),T,Q,-0.235,0.9249,3.5,4
207(E1),T,R,1.654,2.347,4.75,4
207(E1),T,S,0.9295,1.188,6.25,4
207(E1),T,T,0,0,,4
207(E1),T,V,-1.153,0.424,7,4
207(E1),T,W,-1.192,0.5213,10.5,4
207(E1),T,Y,-1.245,0.3078,5,4
207(E2),N,-,-1.861,0.3317,2,4
207(E2),N,A,-1.143,0.6458,3,4
207(E2),N,C,-1.122,0.8231,8,4
207(E2),N,D,-0.6749,0.1182,2.5,4
207(E2),N,E,-0.3253,0.3796,6,4
207(E2),N,F,1.235,0.4072,7.5,4
207(E2),N,G,-0.6798,0.2838,4.5,4
207(E2),N,H,-0.359,1.746,4.5,4
207(E2),N,I,1.389,0.6706,7,4
207(E2),N,K,0.9313,0.3561,11,4
207(E2),N,L,1.232,1.341,4.5,4
207(E2),N,M,-0.05555,1.566,6,4
207(E2),N,N,0,0,,4
207(E2),N,P,1.519,0.244,2.5,4
207(E2),N,Q,0.286,0.4748,8,4
207(E2),N,R,0.8929,1.897,2.5,4
207(E2),N,S,1.189,1.14,2.5,4
207(E2),N,T,-0.8939,0.7748,4,4
207(E2),N,V,0.7858,0.7493,5,4
207(E2),N,W,0.08561,0.2712,7.5,4
207(E2),N,Y,-0.1466,0.572,6,4
208(E1),P,-,-1.683,1.023,2.5,4
208(E1),P,A,-1.643,0.2635,5,4
208(E1),P,C,-2.586,0.3685,4,4
208(E1),P,D,-2.973,0.04788,8,4
208(E1),P,E,-2.066,0.2321,4,4
208(E1),P,F,-1.442,0.7169,7,4
208(E1),P,G,-2.241,0.1851,6.5,4
208(E1),P,H,-1.257,0.3799,14,4
208(E1),P,I,-0.785,1.083,7.5,4
208(E1),P,K,-1.915,0.3766,4,4
208(E1),P,L,-2.183,0.4363,4.5,4
208(E1),P,M,-2.468,0.4638,2.5,4
208(E1),P,N,-3.659,0.4848,3.5,4
208(E1),P,P,0,0,,4
208(E1),P,Q,-1.405,2.024,5,4
208(E1),P,R,-1.778,0.443,4,4
208(E1),P,S,-1.486,0.5221,6.75,4
208(E1),P,T,-0.9258,0.2956,9,4
208(E1),P,V,-0.1681,0.7443,4.5,4
208(E1),P,W,-1.558,0.3819,5.5,4
208(E1),P,Y,-2.167,0.4647,8,4
208(E2),E,*,-6.73,0,5.5,4
208(E2),E,-,-0.291,0.4445,0.5,2
208(E2),E,A,-1.12,0.1717,8.5,4
208(E2),E,C,-3.306,0.532,4.5,4
208(E2),E,D,-1.216,0.3983,14.5,4
208(E2),E,E,0,0,,4
208(E2),E,F,-0.8477,0.6405,4.5,4
208(E2),E,G,-1.476,0.1247,17,4
208(E2),E,H,-0.8982,0.8472,6.5,4
208(E2),E,I,-0.6648,0.7065,5,4
208(E2),E,K,-2.022,0.2926,12.5,4
208(E2),E,L,-1.22,0.1213,5.5,4
208(E2),E,M,-1.134,0.1667,8.5,4
208(E2),E,N,-1.476,0.1754,4.5,4
208(E2),E,P,-2.585,0.1853,6.5,4
208(E2),E,Q,-1.063,0.1566,7.5,4
208(E2),E,R,-1.442,0.1272,6.5,4
208(E2),E,S,-0.4446,0.5852,8,4
208(E2),E,T,-0.03455,0.5805,5,4
208(E2),E,V,-1.407,0.2781,9.25,4
208(E2),E,W,-0.5504,0.2407,9,4
208(E2),E,Y,-0.5627,0.1,3.5,2
209(E1),E,*,-4.724,0,3.5,4
209(E1),E,-,-1.065,0.9225,2,4
209(E1),E,A,-0.4514,0.5293,9,4
209(E1),E,C,-2.312,0.2774,10.5,4
209(E1),E,D,-0.8741,0.2488,12.5,4
209(E1),E,E,0,0,,4
209(E1),E,F,1.066,1.282,8,4
209(E1),E,G,-1.045,0.476,10.5,4
209(E1),E,H,0.182,1.015,5.5,4
209(E1),E,I,-0.934,0.7297,8,4
209(E1),E,K,-2.053,0.3616,16,4
209(E1),E,L,-1.991,0.6324,6,4
209(E1),E,M,0.5349,0.8565,11,4
209(E1),E,N,0.0154,0.9256,6.5,4
209(E1),E,P,-2.299,0.4164,4.5,4
209(E1),E,Q,-0.1184,1.183,4,4
209(E1),E,R,-0.4724,1.183,6.5,4
209(E1),E,S,-0.03,0.5132,7.5,4
209(E1),E,T,-1.325,0.7371,7,4
209(E1),E,V,1.252,2.657,8,4
209(E1),E,W,1.316,2.465,5.5,4
209(E1),E,Y,0.5549,0.8257,5.5,4
209(E2),G,-,-0.2579,0.2598,0.5,2
209(E2),G,A,-0.8813,0.1437,5.5,4
209(E2),G,C,-4.84,0,14,4
209(E2),G,D,-2.122,0.2955,18.5,4
209(E2),G,E,-1.323,0.1544,3.5,4
209(E2),G,F,-1.033,0.2989,5.5,4
209(E2),G,G,0,0,,4
209(E2),G,H,-0.5451,0.506,6,4
209(E2),G,I,-1.685,0.2122,7.5,4
209(E2),G,K,-0.258,0.2245,6,4
209(E2),G,L,-2.034,0.5199,4,4
209(E2),G,M,0.1156,1.302,6,4
209(E2),G,N,-2.038,0.2892,4.5,4
209(E2),G,P,-6.271,0,7,4
209(E2),G,Q,-0.7844,0.1916,8,4
209(E2),G,R,-0.6852,0.3689,4,4
209(E2),G,S,-1.276,0.343,10.5,4
209(E2),G,T,-1.467,0.3874,3,4
209(E2),G,V,-1.175,0.1209,6.5,4
209(E2),G,W,-2.171,0.1415,4.5,4
209(E2),G,Y,0.323,0.7191,8,4
21(6K),Q,*,-6.529,0,10.5,4
21(6K),Q,A,-0.9629,0.2839,7.5,4
21(6K),Q,C,1.943,0.6844,6,4
21(6K),Q,D,-0.9559,1.004,6,4
21(6K),Q,E,0.1944,1.1,8.5,4
21(6K),Q,F,0.7525,2.159,4.5,4
21(6K),Q,G,-0.2351,1.357,11,4
21(6K),Q,H,1.506,0.9043,7.5,4
21(6K),Q,I,0.03674,0.3846,6.5,4
21(6K),Q,K,-0.0115,0.7358,9,4
21(6K),Q,L,0.5805,1.489,7,4
21(6K),Q,M,0.3757,1.341,8.5,4
21(6K),Q,N,0.1624,0.5529,7,4
21(6K),Q,P,-0.06483,1.149,6,4
21(6K),Q,Q,0,0,,4
21(6K),Q,R,0.141,1.238,9.5,4
21(6K),Q,S,-0.3616,0.8136,7,4
21(6K),Q,T,-0.6811,1.414,8.5,4
21(6K),Q,V,0.1643,0.95,7.5,4
21(6K),Q,W,0.03677,0.3134,10.5,4
21(6K),Q,Y,0.9076,1.345,7.5,4
21(E1),R,*,-7.944,0,1.5,2
21(E1),R,-,-0.8106,0.4007,3.5,4
21(E1),R,A,1.191,2.087,10,4
21(E1),R,C,-2.92,0.461,12,4
21(E1),R,D,-6.687,0,11.25,4
21(E1),R,E,-5.617,0,8.5,4
21(E1),R,F,-1.869,0.4932,8.5,4
21(E1),R,G,-6.069,0.06538,11.5,4
21(E1),R,H,-2.438,0.1432,9.5,4
21(E1),R,I,-1.921,0.7191,10.5,4
21(E1),R,K,0.1483,0.4058,11.5,4
21(E1),R,L,-2.188,0.4972,7,4
21(E1),R,M,-1.871,0.5328,10,4
21(E1),R,N,-1.47,1.546,9,4
21(E1),R,P,-5.945,0,9,4
21(E1),R,Q,-0.8992,0.2973,11.5,4
21(E1),R,R,0,0,,4
21(E1),R,S,-2.278,0.1671,9,4
21(E1),R,T,-4.367,0,9,4
21(E1),R,V,-0.2887,0.3455,8.25,4
21(E1),R,W,-2.4,0.1153,9.5,4
21(E1),R,Y,-0.4325,2.049,10.5,4
21(E2),D,A,-1.078,0.1309,6,4
21(E2),D,C,-3.045,0.52,6.5,4
21(E2),D,D,0,0,,4
21(E2),D,E,3.011,0.6851,9,4
21(E2),D,F,-2.55,0.1635,5.5,4
21(E2),D,G,-5.905,0,10.5,4
21(E2),D,H,-0.8742,0.0873,8.5,4
21(E2),D,I,-3.553,0.4894,3.75,4
21(E2),D,K,-3.085,0.2849,8.5,4
21(E2),D,L,-1.518,0.6609,6,4
21(E2),D,M,-0.9208,0.1966,8,4
21(E2),D,N,-2.28,0.5247,25,4
21(E2),D,P,-6.088,0,9.5,4
21(E2),D,Q,0.1957,1.091,7.5,4
21(E2),D,R,-4.981,0.2875,3.5,4
21(E2),D,S,-0.534,0.9046,7,4
21(E2),D,T,-1.968,0.2987,5,4
21(E2),D,V,-1.799,0.1357,9,4
21(E2),D,W,-2.707,0.1983,7.5,4
21(E2),D,Y,-1.929,0.1206,11.5,4
21(E3),P,A,-0.6531,1.509,5,4
21(E3),P,C,-1.309,0.1487,10.5,4
21(E3),P,D,1.932,1.528,9.5,4
21(E3),P,E,-0.9017,0.7697,6,4
21(E3),P,F,0.2824,0.559,9.5,4
21(E3),P,G,-0.7436,0.6974,9,4
21(E3),P,H,-0.7954,0.3497,6,4
21(E3),P,I,-0.3913,0.2627,10,4
21(E3),P,K,-1.354,0.5435,4.5,4
21(E3),P,L,-0.7539,0.2515,16.5,4
21(E3),P,M,-0.7219,0.4279,11.5,4
21(E3),P,N,-0.5011,0.1496,10,4
21(E3),P,P,0,0,,4
21(E3),P,Q,-0.6255,0.5026,10,4
21(E3),P,R,-0.7443,0.5126,6.5,4
21(E3),P,S,-0.7142,0.3032,10.5,4
21(E3),P,T,-0.6378,0.4201,13,4
21(E3),P,V,-0.1763,0.1942,9,4
21(E3),P,W,-0.1911,0.3037,8,4
21(E3),P,Y,0.08625,1.282,11,4
210(E1),S,-,0.7591,1.556,1,4
210(E1),S,A,-1.073,0.5654,4.5,4
210(E1),S,C,-4.612,0.07258,2.5,4
210(E1),S,D,-4.902,0.1442,4.5,4
210(E1),S,E,-3.713,0.1285,4,2
210(E1),S,F,-5.799,0,4,4
210(E1),S,G,0.4133,0.9526,7,4
210(E1),S,H,-2.486,0.4201,6,4
210(E1),S,I,-5.776,0,7.5,4
210(E1),S,K,-3.303,0.586,4,4
210(E1),S,L,-3.981,0.1249,3,4
210(E1),S,M,-3.019,0.8593,2.5,4
210(E1),S,N,-2.977,0.09889,8.5,4
210(E1),S,P,-6.216,0,6,4
210(E1),S,Q,-3.181,0.2496,5.5,4
210(E1),S,R,-2.836,0.114,12.5,4
210(E1),S,S,0,0,,4
210(E1),S,T,-0.8974,0.617,6,4
210(E1),S,V,-5.401,0.1451,6,4
210(E1),S,W,-6.566,0,3,4
210(E1),S,Y,-3.681,0.1559,5,4
210(E2),L,-,0.375,0.03675,0.5,2
210(E2),L,A,-2.251,0.3826,7.5,4
210(E2),L,C,-2.106,0.9157,3.5,4
210(E2),L,D,-2.091,0.5034,3.5,4
210(E2),L,E,-0.782,0.1721,3,4
210(E2),L,F,-0.7054,0.2354,6.5,4
210(E2),L,G,-5.859,0,5.5,4
210(E2),L,H,-1.782,0.301,4,4
210(E2),L,I,2.698,2.149,8.5,4
210(E2),L,K,-1.659,0.3703,8,4
210(E2),L,L,0,0,,4
210(E2),L,M,-0.696,0.3534,9,4
210(E2),L,N,-2.316,0.1505,7,4
210(E2),L,P,-5.534,0,16,4
210(E2),L,Q,-0.5658,1.781,4.5,4
210(E2),L,R,-2.071,0.1276,6,4
210(E2),L,S,-1.07,0.1442,5.5,4
210(E2),L,T,-0.6774,0.4895,3.5,4
210(E2),L,V,2.156,1.523,5,4
210(E2),L,W,-0.8524,0.3792,5.5,4
210(E2),L,Y,-1.369,0.47,7,4
211(E1),E,*,-4.629,0.3655,3,4
211(E1),E,-,0.08866,0.1538,0.5,2
211(E1),E,A,1.252,0.7229,3,4
211(E1),E,C,-0.9336,0.2038,4.75,4
211(E1),E,D,-0.5616,0.8814,13.5,4
211(E1),E,E,0,0,,4
211(E1),E,F,-0.2127,1.327,3,4
211(E1),E,G,-0.8079,0.4657,8.5,4
211(E1),E,H,-0.7053,0.2727,6,4
211(E1),E,I,0.8081,1.621,2,4
211(E1),E,K,-0.2993,0.7409,9.25,4
211(E1),E,L,0.5376,0.5688,5,4
211(E1),E,M,-0.4542,1.401,6,4
211(E1),E,N,-1.249,1.036,7,4
211(E1),E,P,0.2414,2.158,5.5,4
211(E1),E,Q,-1.491,0.6555,5,4
211(E1),E,R,0.7438,0.7338,4.5,4
211(E1),E,S,1.38,1.525,4.5,4
211(E1),E,T,-0.5578,1.229,6,4
211(E1),E,V,-0.01755,0.6775,4,4
211(E1),E,W,-1.587,0.4035,3.5,4
211(E1),E,Y,-0.7565,0.9657,6.5,4
211(E2),T,*,-1.802,0.256,0.5,2
211(E2),T,-,-0.1348,0.2919,1,4
211(E2),T,A,-0.9117,1.429,6.5,4
211(E2),T,C,-6.495,0,6,4
211(E2),T,D,-5.93,0,4.5,4
211(E2),T,E,-6.346,0,4,4
211(E2),T,F,-5.939,0,6.5,4
211(E2),T,G,-7.302,0,6,4
211(E2),T,H,-5.97,0,8.5,4
211(E2),T,I,-0.8971,0.8214,16,4
211(E2),T,K,-4.311,0.2474,3,4
211(E2),T,L,0.447,1.907,2.5,4
211(E2),T,M,-5.154,0.3915,2.5,4
211(E2),T,N,-6.099,0,12,4
211(E2),T,P,-6.242,0,4.5,4
211(E2),T,Q,-5.818,0,6,4
211(E2),T,R,-6.075,0.01819,3.5,4
211(E2),T,S,-3.753,0.3741,7.5,4
211(E2),T,T,0,0,,4
211(E2),T,V,-1.292,0.1723,3.5,4
211(E2),T,W,-6.187,0,6,4
211(E2),T,Y,-5.902,0,6.5,4
212(E1),D,A,-0.7971,0.8679,3.25,4
212(E1),D,C,-3.965,0.5145,5.5,4
212(E1),D,D,0,0,,4
212(E1),D,E,-3.164,0.2348,13.5,4
212(E1),D,F,-2.6,0.3173,6.5,4
212(E1),D,G,-1.399,0.3358,6,4
212(E1),D,H,-1.832,2.566,5,4
212(E1),D,I,-4.868,0.2775,4,4
212(E1),D,K,-1.587,0.3338,6,4
212(E1),D,L,-3.409,0.3165,6,4
212(E1),D,M,-2.503,0.3492,7,4
212(E1),D,N,-1.715,0.3981,9.5,4
212(E1),D,P,-3.026,0.2396,4,4
212(E1),D,Q,-1.982,0.2395,3.5,2
212(E1),D,R,-2.344,0.1298,4.5,4
212(E1),D,S,-1.695,0.9479,6.5,4
212(E1),D,T,-2.708,0.1859,4.5,4
212(E1),D,V,-2.387,0.1828,5.25,4
212(E1),D,W,-1.741,1.32,4.5,4
212(E1),D,Y,-2.772,0.4776,7,4
212(E2),T,-,0.1149,0.1433,0.5,2
212(E2),T,A,0.04735,0.6388,9,4
212(E2),T,C,-2.883,0.199,3,4
212(E2),T,D,0.6338,1.637,5,4
212(E2),T,E,-0.08265,0.7393,6.5,4
212(E2),T,F,-0.8859,0.2447,8.75,4
212(E2),T,G,-1.776,0.1354,7.5,4
212(E2),T,H,-1.02,0.2798,4.5,4
212(E2),T,I,0.5522,1.429,11,4
212(E2),T,K,-0.7601,1.435,6,4
212(E2),T,L,-0.834,0.5058,5.5,4
212(E2),T,M,0.2823,0.7096,7,4
212(E2),T,N,-1.478,1.658,3,4
212(E2),T,P,-2.706,0.2063,6.5,4
212(E2),T,Q,-0.3081,0.4548,4.5,4
212(E2),T,R,-1.179,0.08132,5,4
212(E2),T,S,-0.4199,0.2742,8,4
212(E2),T,T,0,0,,4
212(E2),T,V,0.1854,0.4538,5.5,4
212(E2),T,W,-1.287,1.196,4,4
212(E2),T,Y,-1.307,0.4131,5,4
213(E1),V,A,-2.382,0.2444,9.5,4
213(E1),V,C,0.2858,1.076,5.5,4
213(E1),V,D,-3.471,0.4699,3.5,4
213(E1),V,E,-4.784,0.4305,4,4
213(E1),V,F,-2.592,0.6603,4,4
213(E1),V,G,-3.471,0.2709,8.25,4
213(E1),V,H,-2.538,0.3195,6,4
213(E1),V,I,-0.214,0.2361,8,4
213(E1),V,K,-6.764,0,4.5,4
213(E1),V,L,-1.029,0.9511,7,4
213(E1),V,M,-1.852,0.2037,19,4
213(E1),V,N,-3.595,0.42,5.5,4
213(E1),V,P,-2.885,0.5378,5.5,4
213(E1),V,Q,-3.216,0.7296,3,4
213(E1),V,R,-6.494,0,4,4
213(E1),V,S,-2.895,0.689,5,4
213(E1),V,T,0.6717,0.9756,3,4
213(E1),V,V,0,0,,4
213(E1),V,W,-1.696,0.5749,4,4
213(E1),V,Y,-2.962,0.1986,3.5,4
213(E2),T,*,-5.689,0,0.5,2
213(E2),T,-,0.1961,0.05515,0.5,2
213(E2),T,A,-0.1466,0.3927,7,4
213(E2),T,C,-3.259,0.1068,6.5,4
213(E2),T,D,-1.581,0.1941,3.5,4
213(E2),T,E,0.5914,2.145,3,4
213(E2),T,F,-0.5658,0.4452,6.5,4
213(E2),T,G,-1.498,0.4313,6,4
213(E2),T,H,-1.473,0.4531,4.5,4
213(E2),T,I,0.2976,1.682,11.5,4
213(E2),T,K,-0.4241,0.2597,6,4
213(E2),T,L,-0.02135,0.5272,4,4
213(E2),T,M,-0.08485,0.5866,6,4
213(E2),T,N,-1.221,0.424,8.75,4
213(E2),T,P,-6.158,0,6,4
213(E2),T,Q,-0.1137,0.5301,8.5,4
213(E2),T,R,-1.296,0.2877,4.5,4
213(E2),T,S,-0.6982,0.2011,6.5,4
213(E2),T,T,0,0,,4
213(E2),T,V,1.132,2.181,3,4
213(E2),T,W,-1.674,0.4538,5,4
213(E2),T,Y,-1.013,0.5295,4,4
214(E1),Y,*,-6.494,0,2.5,4
214(E1),Y,A,-0.9052,1.627,3,4
214(E1),Y,C,-1.551,0.3665,6,4
214(E1),Y,D,-4.765,0.2988,2.5,4
214(E1),Y,E,-1.27,0.5428,5,4
214(E1),Y,F,0.1013,1.227,2,4
214(E1),Y,G,-6.008,0,5.5,4
214(E1),Y,H,-1.142,0.5785,7,4
214(E1),Y,I,-0.3714,0.4369,5.5,4
214(E1),Y,K,-4.88,0.1676,4.5,4
214(E1),Y,L,-2.237,0.1492,5.75,4
214(E1),Y,M,1.843,0.4026,8,4
214(E1),Y,N,-1.761,1.221,5.5,4
214(E1),Y,P,-6.977,0,3,4
214(E1),Y,Q,-0.6362,0.6212,5.5,4
214(E1),Y,R,-4.173,0.7306,3,4
214(E1),Y,S,-0.7557,0.3395,4,4
214(E1),Y,T,-1.752,1.549,5.75,4
214(E1),Y,V,-1.146,0.4012,4,4
214(E1),Y,W,-1.579,0.7554,3.5,4
214(E1),Y,Y,0,0,,4
214(E2),D,-,-0.4045,0.4972,1.5,4
214(E2),D,A,-4.832,0,8.5,4
214(E2),D,C,-6.339,0,10,4
214(E2),D,D,0,0,,4
214(E2),D,E,-2.056,0.5409,4.5,4
214(E2),D,F,-5.975,0.1065,4,4
214(E2),D,G,-5.602,0,6.5,4
214(E2),D,H,-5.863,0,6,4
214(E2),D,I,-3.852,0.4975,2.5,2
214(E2),D,K,-6.216,0,4,4
214(E2),D,L,-6.639,0,8,4
214(E2),D,M,-4.813,0,9,4
214(E2),D,N,-2.846,0.3603,20,4
214(E2),D,P,-3.471,0.5125,5.5,4
214(E2),D,Q,-5.921,0,5.75,4
214(E2),D,R,-6.731,0,6.5,4
214(E2),D,S,-2.542,0.3214,5.5,4
214(E2),D,T,-2.148,0.283,8,4
214(E2),D,V,-3.42,0.3088,8.5,4
214(E2),D,W,-6.511,0,3.5,4
214(E2),D,Y,-5.567,0,15,4
215(E1),A,A,0,0,,4
215(E1),A,C,-1.74,0.3065,5,4
215(E1),A,D,-6.532,0,10.5,4
215(E1),A,E,-7.165,0,5.5,4
215(E1),A,F,-7.034,0,4,4
215(E1),A,G,-3.273,0.3163,4.5,4
215(E1),A,H,-6.721,0,5.5,4
215(E1),A,I,-2.431,0.2873,3.5,4
215(E1),A,K,-7.127,0,5.5,4
215(E1),A,L,-7.511,0,6,4
215(E1),A,M,-6.444,0,5.5,4
215(E1),A,N,-7.906,0,6.5,4
215(E1),A,P,-6.489,0,5,4
215(E1),A,Q,-6.432,0,6.5,4
215(E1),A,R,-6.949,0,3.5,4
215(E1),A,S,-0.5908,0.5678,8.75,4
215(E1),A,T,-5.577,0,21.5,4
215(E1),A,V,-0.9259,0.9717,19,4
215(E1),A,W,-6.806,0,4,4
215(E1),A,Y,-7.177,0,4.5,4
215(E2),K,-,0.0341,0.515,4.5,4
215(E2),K,A,-0.9853,0.263,10.5,4
215(E2),K,C,-5.301,0.255,8.5,4
215(E2),K,D,-5.88,0,7.5,4
215(E2),K,E,-2.26,0.333,5.5,4
215(E2),K,F,-0.9413,0.2278,8.5,4
215(E2),K,G,-5.755,0,6,4
215(E2),K,H,-1.25,0.122,8.5,4
215(E2),K,I,2.236,0.223,9,4
215(E2),K,K,0,0,,4
215(E2),K,L,1.29,1.126,8.5,4
215(E2),K,M,0.1505,0.3509,6,4
215(E2),K,N,-5.663,0,6,4
215(E2),K,P,-6.595,0,7.5,4
215(E2),K,Q,-1.171,0.6616,7,4
215(E2),K,R,0.1393,0.3883,5.75,4
215(E2),K,S,-2.327,0.421,5,4
215(E2),K,T,-0.28,0.8977,5.5,4
215(E2),K,V,0.4333,0.3398,7,4
215(E2),K,W,-0.859,0.9173,7.5,4
215(E2),K,Y,-0.6576,1.04,6,4
216(E1),N,-,-9.503,0,0.5,2
216(E1),N,A,-0.6248,1.271,3.5,4
216(E1),N,C,1.572,1.331,6.5,4
216(E1),N,D,-1.819,0.1929,4,4
216(E1),N,E,-2.666,1.137,3,4
216(E1),N,F,-1.316,0.4487,6,4
216(E1),N,G,-5.372,0.113,4,4
216(E1),N,H,-1.763,0.2584,4.5,4
216(E1),N,I,-2.979,0.4006,5.5,4
216(E1),N,K,-1.78,0.3964,9.5,4
216(E1),N,L,-2.53,0.346,1.5,4
216(E1),N,M,-1.737,0.8098,5,4
216(E1),N,N,0,0,,4
216(E1),N,P,-7.144,0,5,4
216(E1),N,Q,-1.499,0.4274,4,4
216(E1),N,R,-1.594,0.2751,4,4
216(E1),N,S,-0.2481,1.052,7.5,4
216(E1),N,T,-2.13,0.148,4,4
216(E1),N,V,-2.125,0.1553,4.5,4
216(E1),N,W,-1.229,0.3923,4,4
216(E1),N,Y,-1.704,0.2434,5,4
216(E2),V,-,-0.07205,0.6853,4.5,4
216(E2),V,A,-4.889,0.2304,8.5,4
216(E2),V,C,-3.318,0.5171,5,4
216(E2),V,D,-4.903,0,4,4
216(E2),V,E,-1.414,0.3288,3,4
216(E2),V,F,-0.8547,0.3232,5.5,4
216(E2),V,G,-6.626,0,3.5,4
216(E2),V,H,-2.394,0.2585,4.5,4
216(E2),V,I,0.1991,0.6165,10,4
216(E2),V,K,-3.571,0.5776,6.5,4
216(E2),V,L,-0.5717,2.063,12.5,4
216(E2),V,M,-0.9015,1.765,5.5,4
216(E2),V,N,-4.275,0.3932,5.5,4
216(E2),V,P,-5.89,0.006495,3.5,4
216(E2),V,Q,-1.916,0.6314,5.5,4
216(E2),V,R,-4.546,0,5,4
216(E2),V,S,-2.907,0.4401,4.5,4
216(E2),V,T,-0.8932,0.08216,5,4
216(E2),V,V,0,0,,4
216(E2),V,W,-1.153,0.8392,6.5,4
216(E2),V,Y,-1.187,0.2306,4,4
217(E1),T,A,-6.027,0,6.5,4
217(E1),T,C,-6.344,0,4.5,4
217(E1),T,D,-7.134,0,6,4
217(E1),T,E,-7.119,0,3.5,4
217(E1),T,F,-6.652,0,5.5,4
217(E1),T,G,-6.943,0,6,4
217(E1),T,H,-7.484,0,7,4
217(E1),T,I,-7.595,0,12,4
217(E1),T,K,-7.341,0,9.5,4
217(E1),T,L,-7.785,0,7.5,4
217(E1),T,M,-7.072,0,3.5,4
217(E1),T,N,-6.966,0,5.5,4
217(E1),T,P,-5.977,0,3.5,4
217(E1),T,Q,-7.05,0,4,4
217(E1),T,R,-6.414,0,4,4
217(E1),T,S,-3.023,0.2734,3.5,4
217(E1),T,T,0,0,,4
217(E1),T,V,-6.811,0,3.5,4
217(E1),T,W,-7.268,0,4.5,4
217(E1),T,Y,-6.399,0,5,4
217(E2),I,-,-2.361,1.834,5,4
217(E2),I,A,-5.441,0,6.25,4
217(E2),I,C,-6.456,0,8.5,4
217(E2),I,D,-5.823,0,6,4
217(E2),I,E,-5.904,0,4.5,4
217(E2),I,F,-3.114,0.4704,5,4
217(E2),I,G,-5.822,0,6,4
217(E2),I,H,-7.319,0,5.5,4
217(E2),I,I,0,0,,4
217(E2),I,K,-4.526,0,5.5,4
217(E2),I,L,-1.866,0.1701,11,4
217(E2),I,M,-3.482,0.3385,4,4
217(E2),I,N,-7.46,0,9.5,4
217(E2),I,P,-6.448,0,5,4
217(E2),I,Q,-4.386,0.3524,4.5,4
217(E2),I,R,-6.495,0,6.5,4
217(E2),I,S,-6.22,0,6.5,4
217(E2),I,T,-6.63,0,8.5,4
217(E2),I,V,-0.1889,2.29,4,4
217(E2),I,W,-6.325,0,6,4
217(E2),I,Y,-5.729,0,7.25,4
218(E1),Q,*,-6.271,0,9,4
218(E1),Q,A,-3.153,0.433,6,4
218(E1),Q,C,-5.803,0.03551,4,4
218(E1),Q,D,-1.845,0.5291,4,4
218(E1),Q,E,2.769,1.528,2.5,4
218(E1),Q,F,-4.293,0.7133,2.5,4
218(E1),Q,G,-2.388,0.4439,3.5,4
218(E1),Q,H,-2.982,0.05393,8,4
218(E1),Q,I,-5.372,0.04763,4,4
218(E1),Q,K,-4.959,0,9,4
218(E1),Q,L,-4.002,0.05587,6.5,4
218(E1),Q,M,-3.571,0.3048,5,4
218(E1),Q,N,-3.253,0.1113,6.5,4
218(E1),Q,P,-7.279,0,6,4
218(E1),Q,Q,0,0,,4
218(E1),Q,R,-5.104,0.2854,7,4
218(E1),Q,S,-5.956,0,3.5,4
218(E1),Q,T,-7.178,0,4.5,4
218(E1),Q,V,-6.107,0,5.5,4
218(E1),Q,W,-3.688,0.2718,3,4
218(E1),Q,Y,-3.232,0.1118,7,4
218(E2),N,-,-3.405,1.707,6.5,4
218(E2),N,A,-0.03965,0.7594,8,4
218(E2),N,C,-3.696,0.1609,6,4
218(E2),N,D,-0.6215,3.064,1.5,4
218(E2),N,E,-0.01935,1.142,4.25,4
218(E2),N,F,-0.278,0.4839,7,4
218(E2),N,G,-0.5925,0.7162,3,4
218(E2),N,H,0.5798,1.45,6,4
218(E2),N,I,-0.09041,0.1896,8.25,4
218(E2),N,K,-0.5481,0.465,6.5,4
218(E2),N,L,0.3133,1.101,8,4
218(E2),N,M,0.25,0.8029,6.5,4
218(E2),N,N,0,0,,4
218(E2),N,P,1.732,0.7163,5,4
218(E2),N,Q,0.1552,0.7437,7,4
218(E2),N,R,-0.6992,0.4832,6,4
218(E2),N,S,0.01995,0.6021,7.5,4
218(E2),N,T,-0.4146,1.305,6,4
218(E2),N,V,0.03165,0.778,8,4
218(E2),N,W,-1.037,1.066,4,4
218(E2),N,Y,0.1942,0.7918,9.5,4
219(E1),L,*,-5.562,0,0.5,2
219(E1),L,A,-6.451,0.001732,5,4
219(E1),L,C,-6.735,0,4,4
219(E1),L,D,-7.228,0,3.5,4
219(E1),L,E,-6.954,0,6.5,4
219(E1),L,F,-3.424,0.1775,4.5,4
219(E1),L,G,-7.133,0,7.5,4
219(E1),L,H,-7.138,0,2.5,2
219(E1),L,I,-1.208,1.669,5.5,4
219(E1),L,K,-6.981,0,5,4
219(E1),L,L,0,0,,4
219(E1),L,M,-1.268,0.2311,10,4
219(E1),L,N,-6.658,0,7.5,4
219(E1),L,P,-9.255,0,8.5,4
219(E1),L,Q,-7.088,0,7,4
219(E1),L,R,-6.528,0,4.5,4
219(E1),L,S,-6.033,0,3.5,4
219(E1),L,T,-6.344,0,4.5,4
219(E1),L,V,-1.71,0.5948,3,4
219(E1),L,W,-7.973,0,3,4
219(E1),L,Y,-6.455,0,3.5,4
219(E2),N,-,-1.938,0.5155,4.5,4
219(E2),N,A,-3.276,1.385,6.5,4
219(E2),N,C,-3.963,0.4603,3.5,4
219(E2),N,D,-0.1872,1.345,6,4
219(E2),N,E,-0.9152,0.2285,5.5,4
219(E2),N,F,-1.759,0.2759,10.25,4
219(E2),N,G,-1.184,0.08546,4,4
219(E2),N,H,-0.6338,0.1682,4.5,4
219(E2),N,I,-4.679,0.09613,3,4
219(E2),N,K,-2.436,0.4718,4,4
219(E2),N,L,-2.74,0.2043,5,4
219(E2),N,M,-1.859,0.5754,8.5,4
219(E2),N,N,0,0,,4
219(E2),N,P,-6.478,0,9,4
219(E2),N,Q,-1.047,0.4446,8,4
219(E2),N,R,-1.883,0.1609,8,4
219(E2),N,S,-0.1902,0.5801,5,4
219(E2),N,T,-2.48,0.4437,5.5,4
219(E2),N,V,-4.165,0.06668,6,4
219(E2),N,W,-2.997,0.1683,7,4
219(E2),N,Y,-1.894,0.6714,4.5,4
22(6K),A,*,-7.168,0,7.5,4
22(6K),A,A,0,0,,4
22(6K),A,C,-1.242,0.6117,9,4
22(6K),A,D,-0.6747,0.5843,10.5,4
22(6K),A,E,-0.4873,0.3393,8.75,4
22(6K),A,F,-0.561,0.1239,5.5,4
22(6K),A,G,-0.0975,2.379,4.75,4
22(6K),A,H,0.2467,0.9294,4.5,4
22(6K),A,I,-0.4994,0.4659,7.5,4
22(6K),A,K,-0.2012,0.3447,6.5,4
22(6K),A,L,-0.2762,0.3386,6.5,4
22(6K),A,M,0.266,1.266,7.5,4
22(6K),A,N,-0.6923,0.3737,7,4
22(6K),A,P,-1.151,0.3998,6.5,4
22(6K),A,Q,-1.8,0.1799,5.5,4
22(6K),A,R,-1.855,0.9042,5.5,4
22(6K),A,S,0.06859,0.2308,13,4
22(6K),A,T,-0.7851,0.5664,14,4
22(6K),A,V,0.358,0.2972,16.5,4
22(6K),A,W,0.3261,0.6398,7,4
22(6K),A,Y,-0.4668,0.6822,5.5,4
22(E1),P,-,-0.7513,0.4875,3.5,4
22(E1),P,A,-0.0142,0.3754,9.5,4
22(E1),P,C,-2.999,1.442,7,4
22(E1),P,D,-2.053,0.7744,6.5,4
22(E1),P,E,-0.8645,0.4307,6.5,4
22(E1),P,F,-0.7673,0.2306,10.25,4
22(E1),P,G,0.059,1.794,8,4
22(E1),P,H,-0.3524,1.062,10.5,4
22(E1),P,I,-1.102,0.6924,11.75,4
22(E1),P,K,-1.147,0.3555,5.5,4
22(E1),P,L,-1.047,0.8634,8,4
22(E1),P,M,-1.168,1.705,8,4
22(E1),P,N,-1.218,0.4313,9.75,4
22(E1),P,P,0,0,,4
22(E1),P,Q,-0.272,0.6747,7.5,4
22(E1),P,R,0.05945,0.6219,9.5,4
22(E1),P,S,-1.068,0.5197,8.5,4
22(E1),P,T,-2.942,0.7202,8.25,4
22(E1),P,V,-0.2304,1.546,7,4
22(E1),P,W,-0.9419,0.6333,6.5,4
22(E1),P,Y,0.1375,0.9374,7.5,4
22(E2),C,*,-4.293,0.1265,1.5,2
22(E2),C,A,-6.093,0,7.5,4
22(E2),C,C,0,0,,4
22(E2),C,D,-6.851,0,8,4
22(E2),C,E,-6.25,0,6,4
22(E2),C,F,-6.989,0,20.5,4
22(E2),C,G,-6.481,0,7,4
22(E2),C,H,-6.075,0.2195,5.5,4
22(E2),C,I,-5.803,0,7,4
22(E2),C,K,-6.639,0,7.5,4
22(E2),C,L,-6.012,0,6,4
22(E2),C,M,-6.704,0,6.5,4
22(E2),C,N,-6.64,0,8.5,4
22(E2),C,P,-6.311,0,8.5,4
22(E2),C,Q,-7.373,0,11,4
22(E2),C,R,-6.152,0,7.5,4
22(E2),C,S,-6.883,0,10,4
22(E2),C,T,-6.573,0,5,4
22(E2),C,V,-6.938,0,8,4
22(E2),C,W,-6.971,0,11,4
22(E2),C,Y,-6.157,0,15.5,4
22(E3),C,*,-6.373,0,10,4
22(E3),C,A,-1.473,0.1642,11,4
22(E3),C,C,0,0,,4
22(E3),C,D,-0.2979,0.4946,7.5,4
22(E3),C,E,-1.716,0.4389,6.5,4
22(E3),C,F,-1.298,0.2413,16.5,4
22(E3),C,G,-1.03,0.9403,1,2
22(E3),C,H,-1.272,0.2151,4.75,4
22(E3),C,I,-1.341,0.4503,6.5,4
22(E3),C,K,-1.676,0.1106,4.5,4
22(E3),C,L,-0.8208,0.2039,5,4
22(E3),C,M,-0.2491,3.941,6.5,4
22(E3),C,N,-1.47,0.1455,8.25,4
22(E3),C,P,-2.511,0.6475,7.5,4
22(E3),C,Q,-1.565,0.2502,8.5,4
22(E3),C,R,-2.454,0.3367,8.75,4
22(E3),C,S,-0.8679,0.2242,6.5,4
22(E3),C,T,-1.371,0.1538,6,4
22(E3),C,V,-1.157,0.5221,7.5,4
22(E3),C,W,-0.8347,0.05923,8,4
22(E3),C,Y,-1.276,0.2169,25,4
220(E1),V,-,-0.1966,0.1601,0.5,2
220(E1),V,A,-1.992,0.0902,6.5,4
220(E1),V,C,-2.151,0.5545,5,4
220(E1),V,D,1.223,0.8484,5.5,4
220(E1),V,E,-1.401,1.807,5.5,4
220(E1),V,F,0.4968,0.884,4,4
220(E1),V,G,-2.246,0.1704,5,4
220(E1),V,H,-1.171,0.4191,5,4
220(E1),V,I,2.355,1.067,4.5,4
220(E1),V,K,-1.877,1.627,5,4
220(E1),V,L,-0.5186,0.8724,10,4
220(E1),V,M,-1.495,0.3245,14.5,4
220(E1),V,N,-1.744,0.1568,3.5,4
220(E1),V,P,-6.826,0,5.5,4
220(E1),V,Q,-0.5637,1.152,3.5,4
220(E1),V,R,-2.74,0.5324,7.25,4
220(E1),V,S,-1.377,1.294,3.5,4
220(E1),V,T,0.3056,0.6413,5,4
220(E1),V,V,0,0,,4
220(E1),V,W,-0.3101,0.8474,3.5,4
220(E1),V,Y,1.51,1.241,5,4
220(E2),C,*,-7.208,0,2,2
220(E2),C,-,-1.46,0.3536,4.5,4
220(E2),C,A,-6.31,0,5.5,4
220(E2),C,C,0,0,,4
220(E2),C,D,-5.755,0,5,4
220(E2),C,E,-6.559,0,5.5,4
220(E2),C,F,-6.308,0,14.5,4
220(E2),C,G,-5.894,0,5.5,4
220(E2),C,H,-5.904,0,10,4
220(E2),C,I,-7.172,0,11,4
220(E2),C,K,-6.715,0,6.5,4
220(E2),C,L,-5.455,0.1342,5,4
220(E2),C,M,-5.825,0,3,4
220(E2),C,N,-6.432,0.1464,4,4
220(E2),C,P,-6.313,0,6,4
220(E2),C,Q,-6.017,0,5.5,4
220(E2),C,R,-6.704,0,4.5,4
220(E2),C,S,-6.312,0,7,4
220(E2),C,T,-6.542,0,9.5,4
220(E2),C,V,-5.662,0.01083,3,4
220(E2),C,W,-6.635,0,4.5,4
220(E2),C,Y,-6.157,0,21,4
221(E1),L,-,-0.589,0.1718,0.5,2
221(E1),L,A,-3.986,0.3898,4,4
221(E1),L,C,-2.359,0.6134,4,4
221(E1),L,D,-7.268,0,6,4
221(E1),L,E,-6.688,0,3,4
221(E1),L,F,-5.298,1.212,3.5,4
221(E1),L,G,-7.015,0,3,4
221(E1),L,H,-6.882,0,3,4
221(E1),L,I,-2.362,0.5377,4.5,4
221(E1),L,K,-7.505,0,4.5,4
221(E1),L,L,0,0,,4
221(E1),L,M,0.1904,1.206,9,4
221(E1),L,N,-5.835,0,2.5,4
221(E1),L,P,-3.197,0.4666,10.5,4
221(E1),L,Q,-7.059,0,5.5,4
221(E1),L,R,-6.47,0,7.5,4
221(E1),L,S,-7.642,0,4,2
221(E1),L,T,-2.712,0.4155,3.5,4
221(E1),L,V,-0.6905,0.5066,3.5,4
221(E1),L,W,-3.833,1.387,3,4
221(E1),L,Y,-6.851,0,3,4
221(E2),K,A,-1.09,0.5689,8,4
221(E2),K,C,-3.207,0.384,7,4
221(E2),K,D,-0.7369,1.681,4.5,4
221(E2),K,E,-1.112,0.1772,10.75,4
221(E2),K,F,-0.3599,0.5223,6.5,4
221(E2),K,G,-2.676,0.0435,1,2
221(E2),K,H,3.21,0.4373,9,4
221(E2),K,I,-0.761,0.3307,7.5,4
221(E2),K,K,0,0,,4
221(E2),K,L,0.08041,0.4087,7.5,4
221(E2),K,M,0.8111,0.4028,6.5,4
221(E2),K,N,0.7177,0.8418,10.5,4
221(E2),K,P,-3.423,0.4023,10,4
221(E2),K,Q,-0.595,0.4916,8.5,4
221(E2),K,R,0.6007,0.2169,10,4
221(E2),K,S,0.3362,0.5839,7.5,4
221(E2),K,T,-0.5817,0.2749,8,4
221(E2),K,V,-0.2743,0.3895,8,4
221(E2),K,W,-0.6551,0.1791,8.5,4
221(E2),K,Y,1.497,1.377,6,4
222(E1),Q,*,-7.071,0.05369,4,4
222(E1),Q,-,-0.7825,0.2464,0.5,2
222(E1),Q,A,-2.09,0.06451,3.5,4
222(E1),Q,C,-1.639,0.3996,4.5,4
222(E1),Q,D,-1.943,0.2715,4.5,4
222(E1),Q,E,-1.026,0.5248,4.5,4
222(E1),Q,F,2.675,1.148,3.5,4
222(E1),Q,G,-2.3,0.3422,4.5,4
222(E1),Q,H,-3.038,1.123,6,4
222(E1),Q,I,2.637,1.166,5,4
222(E1),Q,K,-2.683,0.6383,8.5,4
222(E1),Q,L,2.68,0.9552,5.5,4
222(E1),Q,M,2.186,1.048,3.5,4
222(E1),Q,N,-2.866,0.7325,5,4
222(E1),Q,P,-6.893,0,7.5,4
222(E1),Q,Q,0,0,,4
222(E1),Q,R,1.68,0.7329,6,4
222(E1),Q,S,-2.576,0.1595,5.5,4
222(E1),Q,T,-2.614,0.3778,2.75,4
222(E1),Q,V,-0.004305,0.6389,3,4
222(E1),Q,W,-0.6282,0.3732,3.5,4
222(E1),Q,Y,0.1575,1.446,3,4
222(E2),V,*,-5.704,0,0.5,2
222(E2),V,A,-1.933,0.5888,6,4
222(E2),V,C,-7.975,0,6.5,4
222(E2),V,D,-5.702,0,7.5,4
222(E2),V,E,-4.441,0.09901,5,4
222(E2),V,F,-5.313,0,9,4
222(E2),V,G,-5.467,0,8,4
222(E2),V,H,-5.358,0,6,4
222(E2),V,I,-1.223,0.5123,3.5,4
222(E2),V,K,-2.608,0.1532,6.5,4
222(E2),V,L,-0.7355,0.158,9.5,4
222(E2),V,M,-0.8056,0.8182,13,4
222(E2),V,N,-5.248,0,5.25,4
222(E2),V,P,-2.851,0.3646,8,4
222(E2),V,Q,-3.837,0.2458,4,4
222(E2),V,R,-3.339,0.2167,4.5,4
222(E2),V,S,-3.763,0.3406,4,4
222(E2),V,T,-1.1,0.7611,8.25,4
222(E2),V,V,0,0,,4
222(E2),V,W,-5.867,0,6.5,4
222(E2),V,Y,-5.339,0.03248,5.5,4
223(E1),R,-,-0.7446,0.4924,0.5,2
223(E1),R,A,-2.064,0.4317,7,4
223(E1),R,C,-6.554,0.07188,5.5,4
223(E1),R,D,-3.347,1.935,2.5,4
223(E1),R,E,-6.609,0,7,4
223(E1),R,F,-2.918,0.2776,9,4
223(E1),R,G,-5.8,0,6.5,4
223(E1),R,H,-0.6966,0.3924,3,4
223(E1),R,I,-5.867,0,7.25,4
223(E1),R,K,-2.326,0.2742,10,4
223(E1),R,L,-3.248,0.1869,6.25,4
223(E1),R,M,-2.087,0.5054,12.5,4
223(E1),R,N,-2.861,2.95,5,4
223(E1),R,P,-4.342,0.1446,8,4
223(E1),R,Q,-1.942,0.5554,5.5,4
223(E1),R,R,0,0,,4
223(E1),R,S,-2.812,0.4752,8.5,4
223(E1),R,T,-3.65,0.6116,5.5,4
223(E1),R,V,-3.908,0.1838,6,4
223(E1),R,W,-6.192,0.6963,5,4
223(E1),R,Y,-3.565,0.3862,2.5,4
223(E2),D,A,-0.7364,0.9553,6,4
223(E2),D,C,-5.449,0,6.5,4
223(E2),D,D,0,0,,4
223(E2),D,E,-0.5679,0.3637,11.5,4
223(E2),D,F,-2.821,0.1415,7.5,4
223(E2),D,G,-1.493,0.2597,9,4
223(E2),D,H,1.204,1.538,7,4
223(E2),D,I,-4.649,0.1217,6,4
223(E2),D,K,-2.773,0.2318,7.75,4
223(E2),D,L,-4.467,0.365,3.5,4
223(E2),D,M,-2.968,0.5758,4.5,4
223(E2),D,N,-0.8804,0.382,9.5,4
223(E2),D,P,-2.076,1.499,4,4
223(E2),D,Q,-0.8579,0.5254,7.75,4
223(E2),D,R,-2.27,0.9649,3,4
223(E2),D,S,-0.8244,0.58,5,4
223(E2),D,T,-0.9657,0.3549,4.5,4
223(E2),D,V,-2.492,0.2515,7,4
223(E2),D,W,-3.588,0.2793,6.5,4
223(E2),D,Y,-2.039,0.1324,9.5,4
224(E1),P,-,-0.9056,0.1925,0.5,2
224(E1),P,A,-5.09,0.2461,6,4
224(E1),P,C,-7.393,0,5.5,4
224(E1),P,D,-7.269,0,5,4
224(E1),P,E,-7.113,0,4.5,4
224(E1),P,F,-6.992,0,4.5,4
224(E1),P,G,-7.016,0,4,4
224(E1),P,H,-7.104,0,8.5,4
224(E1),P,I,-6.99,0,6,4
224(E1),P,K,-6.966,0,3.5,4
224(E1),P,L,-8.139,0,14,4
224(E1),P,M,-6.966,0,4.5,4
224(E1),P,N,-5.729,0,2.5,4
224(E1),P,P,0,0,,4
224(E1),P,Q,-6.466,0,2.5,4
224(E1),P,R,-6.136,0,3.5,4
224(E1),P,S,-7.399,0,12.5,4
224(E1),P,T,-5.745,0,6,4
224(E1),P,V,-6.767,0,3,4
224(E1),P,W,-7.104,0,5,4
224(E1),P,Y,-7.416,0,7,4
224(E2),Q,*,-5.861,0,3.75,4
224(E2),Q,A,-1.272,0.1936,7.5,4
224(E2),Q,C,-4.494,0.3273,6,4
224(E2),Q,D,-0.2614,0.4859,5,4
224(E2),Q,E,-0.6149,0.5911,5.5,4
224(E2),Q,F,-1.292,0.2553,8.5,4
224(E2),Q,G,-5.08,0.7535,1,2
224(E2),Q,H,-0.7917,0.2469,13,4
224(E2),Q,I,-4.927,0,6,4
224(E2),Q,K,-0.8361,0.596,8.5,4
224(E2),Q,L,-1.078,0.2252,6.5,4
224(E2),Q,M,-0.7362,0.3121,7.5,4
224(E2),Q,N,-0.1412,0.4707,4,4
224(E2),Q,P,-5.901,0,3.5,4
224(E2),Q,Q,0,0,,4
224(E2),Q,R,-1.23,0.5038,7.5,4
224(E2),Q,S,-1.089,0.7184,6,4
224(E2),Q,T,-3.643,0.5961,4.5,4
224(E2),Q,V,-2.33,0.1959,2,4
224(E2),Q,W,-1.627,0.2577,6,4
224(E2),Q,Y,-1.339,0.2149,4,4
225(E1),S,-,-0.4053,0.4433,0.5,2
225(E1),S,A,-0.3259,0.4627,4.5,4
225(E1),S,C,-0.4218,0.2255,7.5,4
225(E1),S,D,-2.837,0.2356,5.5,4
225(E1),S,E,-2.097,0.3589,4,4
225(E1),S,F,-3.441,0.3045,9,4
225(E1),S,G,-2.046,0.5597,5.5,4
225(E1),S,H,-2.334,0.4145,6,4
225(E1),S,I,-3.693,0.4135,7,4
225(E1),S,K,-4.844,0.3472,4.5,4
225(E1),S,L,-2.257,0.7653,3,4
225(E1),S,M,4.075,0.3915,5,4
225(E1),S,N,-1.59,1.378,5,4
225(E1),S,P,-7.009,0,10.5,4
225(E1),S,Q,-1.973,0.6434,4,4
225(E1),S,R,-3.381,0.4792,5,4
225(E1),S,S,0,0,,4
225(E1),S,T,-2.53,0.8069,7,4
225(E1),S,V,-1.828,0.8462,4.5,4
225(E1),S,W,-3.617,0.3792,7,4
225(E1),S,Y,-3.043,0.4277,9.5,4
225(E2),C,*,-4.473,1.164,3,4
225(E2),C,A,-4.469,0.9219,2.5,4
225(E2),C,C,0,0,,4
225(E2),C,D,-6.185,0,7,4
225(E2),C,E,-6.626,0,6.5,4
225(E2),C,F,-6.141,0,5.5,4
225(E2),C,G,-6.983,0,7.5,4
225(E2),C,H,-6.241,0,5,4
225(E2),C,I,-5.585,0,7.5,4
225(E2),C,K,-4.948,0.1091,2.75,4
225(E2),C,L,-6.088,0,7,4
225(E2),C,M,-5.757,0,6,4
225(E2),C,N,-5.516,0,4,4
225(E2),C,P,-6.019,0,10,4
225(E2),C,Q,-6.479,0,6,4
225(E2),C,R,-5.405,0,7,4
225(E2),C,S,-6.215,0.003897,7.5,4
225(E2),C,T,-6.162,0,4.5,4
225(E2),C,V,-6.136,0,5.5,4
225(E2),C,W,-6.319,0,7.5,4
225(E2),C,Y,-8.089,0,18.5,4
226(E1),A,-,-0.5655,0.2073,0.5,2
226(E1),A,A,0,0,,4
226(E1),A,C,-7.019,0,6.5,4
226(E1),A,D,-6.341,0,11.5,4
226(E1),A,E,-5.431,0,5,4
226(E1),A,F,-3.413,0.3006,11,4
226(E1),A,G,-2.725,0.264,8.5,4
226(E1),A,H,-3.213,0.4379,6.25,4
226(E1),A,I,-3.654,0.621,7,4
226(E1),A,K,-5.184,0,4.5,4
226(E1),A,L,-4.542,0.08626,5.5,4
226(E1),A,M,-3.697,0.1555,8,4
226(E1),A,N,-7.079,0,5.5,4
226(E1),A,P,1.977,0.7979,9.5,4
226(E1),A,Q,-2.388,0.2386,6.5,4
226(E1),A,R,-4.22,0.1466,3,4
226(E1),A,S,-0.5062,0.3587,9,4
226(E1),A,T,-0.6961,0.2881,16.5,4
226(E1),A,V,-0.8295,0.3404,48.25,4
226(E1),A,W,-2.74,0.4383,6,4
226(E1),A,Y,-2.5,1.122,6.5,4
226(E2),H,A,-3.795,0.1848,9.5,4
226(E2),H,C,-5.689,0,7,4
226(E2),H,D,-5.989,0,6,4
226(E2),H,E,-5.828,0,8.5,4
226(E2),H,F,-0.3251,0.2269,10,4
226(E2),H,G,-6.934,0,6.5,4
226(E2),H,H,0,0,,4
226(E2),H,I,-2.096,0.2507,5.5,4
226(E2),H,K,-4.755,0.4628,1.5,4
226(E2),H,L,-2.048,0.2721,3,4
226(E2),H,M,-1.954,0.2078,3,4
226(E2),H,N,-3.428,0.2844,11.5,4
226(E2),H,P,-6.405,0,10,4
226(E2),H,Q,-2.144,0.1997,7.5,4
226(E2),H,R,-3.558,0.42,6.5,4
226(E2),H,S,-2.539,0.6407,3.5,4
226(E2),H,T,-2.764,0.4026,5,4
226(E2),H,V,-3.154,0.4269,5,4
226(E2),H,W,0.7724,0.3794,5.5,4
226(E2),H,Y,-1.601,1.75,9.5,4
227(E1),G,*,-4.95,0,4,4
227(E1),G,-,0.2267,0.4437,0.5,2
227(E1),G,A,-3.276,0.1414,9.25,4
227(E1),G,C,-6.925,0,3.5,4
227(E1),G,D,-5.915,0,2.5,2
227(E1),G,E,-4.938,0.0511,27.25,4
227(E1),G,F,-5.375,0,8,4
227(E1),G,G,0,0,,4
227(E1),G,H,-4.811,0,5,4
227(E1),G,I,-6.943,0,8.5,4
227(E1),G,K,-5.565,0,7.5,4
227(E1),G,L,-7.545,0,8.5,4
227(E1),G,M,-4.636,0,5.5,4
227(E1),G,N,-3.936,0.23,5,4
227(E1),G,P,-6.143,0,5.5,4
227(E1),G,Q,-3.337,0.4032,9,4
227(E1),G,R,-5.684,0,22,4
227(E1),G,S,-2.643,0.4355,6.5,4
227(E1),G,T,-3.096,0.3953,8.5,4
227(E1),G,V,-5.524,0,8,4
227(E1),G,W,-5.065,0,8,4
227(E1),G,Y,-3.09,0.6634,7,4
227(E2),A,-,-2.896,2.813,1,4
227(E2),A,A,0,0,,4
227(E2),A,C,-5.319,0.4933,5,4
227(E2),A,D,-6.025,0,6,4
227(E2),A,E,-5.569,0,6,4
227(E2),A,F,-6.563,0,4,2
227(E2),A,G,-5.852,0,5,4
227(E2),A,H,-5.909,0.3971,2.5,4
227(E2),A,I,-1.972,0.3901,4,4
227(E2),A,K,-5.831,0,3.5,4
227(E2),A,L,-3.812,0.2901,6.5,4
227(E2),A,M,-2.883,0.5267,4,4
227(E2),A,N,-5.707,0,4.5,4
227(E2),A,P,-6.024,0,8,4
227(E2),A,Q,-4.913,0,4,2
227(E2),A,R,-6.093,0,7.5,4
227(E2),A,S,-1.461,0.6193,6,4
227(E2),A,T,-0.8247,0.5226,22,4
227(E2),A,V,-0.9856,0.3268,19.75,4
227(E2),A,W,-6.97,0,5,4
227(E2),A,Y,-6.838,0,6,4
228(E1),T,-,0.06545,0.3026,0.5,2
228(E1),T,A,-1.774,0.6447,7.5,4
228(E1),T,C,-2.325,0.1914,7.5,4
228(E1),T,D,-2.293,0.6776,9.5,4
228(E1),T,E,-2.234,0.1281,7,4
228(E1),T,F,-1.635,0.9473,2.5,4
228(E1),T,G,-2.623,0.6146,6,4
228(E1),T,H,-2.171,0.2272,8,4
228(E1),T,I,1.156,1.905,10.75,4
228(E1),T,K,-3.467,0.2764,7.5,4
228(E1),T,L,3.159,0.3546,7,4
228(E1),T,M,0.7189,1.034,5.5,4
228(E1),T,N,-3.103,0.359,8,4
228(E1),T,P,-3.147,0.04776,7,4
228(E1),T,Q,-1.043,1.795,4.5,4
228(E1),T,R,-3.583,0.2415,5.5,4
228(E1),T,S,-2.913,0.1371,6,4
228(E1),T,T,0,0,,4
228(E1),T,V,1.937,1.257,8,4
228(E1),T,W,-1.577,0.4646,5.5,4
228(E1),T,Y,-2.627,0.4126,7,4
228(E2),A,A,0,0,,4
228(E2),A,C,-5.539,0,3.5,4
228(E2),A,D,-6.263,0,7,4
228(E2),A,E,-5.821,0,4,4
228(E2),A,F,-1.177,0.1562,2.5,4
228(E2),A,G,-4.249,0.6734,4,4
228(E2),A,H,-2.692,0.6928,6.5,4
228(E2),A,I,-5.816,0,8,4
228(E2),A,K,-1.718,0.1237,3,4
228(E2),A,L,-0.2853,0.3288,4,4
228(E2),A,M,-1.735,0.009,1.5,2
228(E2),A,N,-6.25,0,4,4
228(E2),A,P,-6.263,0,7.5,4
228(E2),A,Q,-3.314,0.4649,3.5,4
228(E2),A,R,-2.497,0.3187,5,4
228(E2),A,S,-0.4312,0.28,10,4
228(E2),A,T,-2.029,0.3037,21,4
228(E2),A,V,-0.8641,0.3355,11.5,4
228(E2),A,W,0.7786,1.283,5.5,4
228(E2),A,Y,-0.1131,0.3577,2.75,4
229(E1),V,-,0.0839,0.4808,1,2
229(E1),V,A,-3.405,0.3571,9.5,4
229(E1),V,C,-4.248,0.3162,9.5,4
229(E1),V,D,-6.188,0,5.5,4
229(E1),V,E,-6.422,0,8.5,4
229(E1),V,F,-6.96,0,10.5,4
229(E1),V,G,-6.644,0,5.5,4
229(E1),V,H,-7.047,0,7.5,4
229(E1),V,I,-0.8666,1.65,4.5,4
229(E1),V,K,-6.287,0,5.5,4
229(E1),V,L,-2.44,0.5119,11,4
229(E1),V,M,-2.896,0.1705,10.75,4
229(E1),V,N,-5.418,0,4,4
229(E1),V,P,-6.184,0.1044,4,4
229(E1),V,Q,-7.088,0,6.5,4
229(E1),V,R,-6.958,0,3.5,4
229(E1),V,S,-5.521,0,4.5,4
229(E1),V,T,-2.279,0.3176,5.5,4
229(E1),V,V,0,0,,4
229(E1),V,W,-6.951,0,4.5,4
229(E1),V,Y,-6.351,0,6,4
229(E2),V,*,-0.6931,0.0337,0.5,2
229(E2),V,-,-2.107,0.872,0.5,2
229(E2),V,A,-3.158,0.4125,11,4
229(E2),V,C,-5.54,0,5.5,4
229(E2),V,D,-5.149,0,3,4
229(E2),V,E,-6.5,0,7,4
229(E2),V,F,-3.734,0.3099,5.75,4
229(E2),V,G,-5.486,0,10,4
229(E2),V,H,-4.88,0.1182,5.75,4
229(E2),V,I,-1.242,0.4454,4.5,4
229(E2),V,K,-5.975,0,2.5,4
229(E2),V,L,-2.507,0.369,9,4
229(E2),V,M,-5.556,0,23.5,4
229(E2),V,N,-5.745,0,4,4
229(E2),V,P,-6.7,0,9,4
229(E2),V,Q,-6.475,0,6.5,4
229(E2),V,R,-4.04,0.0365,5,4
229(E2),V,S,-5.703,0.2096,5.5,4
229(E2),V,T,-2.069,0.4259,7.5,4
229(E2),V,V,0,0,,4
229(E2),V,W,-5.811,0,4,4
229(E2),V,Y,-1.879,0.7416,8,4
23(6K),L,A,1.13,1.732,3,4
23(6K),L,C,0.00955,1.114,7.5,4
23(6K),L,D,0.084,0.9249,5.5,4
23(6K),L,E,-0.05301,0.16,10.5,4
23(6K),L,F,0.6459,0.5752,11,4
23(6K),L,G,1.843,0.5498,7,4
23(6K),L,H,-1.431,0.9879,7,4
23(6K),L,I,-0.7659,0.748,4.5,4
23(6K),L,K,-3.006,0.1587,7.5,4
23(6K),L,L,0,0,,4
23(6K),L,M,0.1824,0.4895,15.5,4
23(6K),L,N,-0.335,1.142,8,4
23(6K),L,P,-0.3689,0.1947,30.5,4
23(6K),L,Q,-1.345,1.039,9,4
23(6K),L,R,-2.6,0.9395,7.5,4
23(6K),L,S,0.9177,0.8779,6.5,4
23(6K),L,T,0.1138,1.991,7,4
23(6K),L,V,0.6354,0.3671,6.5,4
23(6K),L,W,-0.3257,0.6744,8.25,4
23(6K),L,Y,-0.5786,0.4967,6,4
23(E1),G,-,-1.165,0.6482,3.5,4
23(E1),G,A,-0.2906,0.8102,9.25,4
23(E1),G,C,-3.256,0.08733,10.5,4
23(E1),G,D,-1.373,0.09671,40,4
23(E1),G,E,-1.503,0.8214,5.5,4
23(E1),G,F,0.3172,0.9238,7.5,4
23(E1),G,G,0,0,,4
23(E1),G,H,-1.72,1.285,7.25,4
23(E1),G,I,-3.829,0.3988,6,4
23(E1),G,K,-1.645,0.8988,5.5,4
23(E1),G,L,0.1193,1.33,8.25,4
23(E1),G,M,0.4163,1.76,6.5,4
23(E1),G,N,-0.1396,0.9405,6,4
23(E1),G,P,-1.168,0.47,7,4
23(E1),G,Q,-2.107,0.6483,10.25,4
23(E1),G,R,-0.8052,1.204,6.5,4
23(E1),G,S,-1.173,0.556,11.5,4
23(E1),G,T,1.402,0.2301,4.5,4
23(E1),G,V,-3.4,0.3931,13,4
23(E1),G,W,-2.479,0.2585,8,4
23(E1),G,Y,-0.593,0.1549,4,4
23(E2),G,-,-4.63,0.107,0.5,2
23(E2),G,A,-1.036,0.1535,12,4
23(E2),G,C,-5.905,0,14,4
23(E2),G,D,-1.258,0.3533,19,4
23(E2),G,E,0.0429,0.364,6.5,4
23(E2),G,F,-2.79,0.3634,13,4
23(E2),G,G,0,0,,4
23(E2),G,H,-2.204,0.2089,6.5,4
23(E2),G,I,-4.69,0.2377,7,4
23(E2),G,K,-2.349,0.1959,7,4
23(E2),G,L,-2.584,0.284,7,4
23(E2),G,M,-1.819,0.2886,4.5,4
23(E2),G,N,-0.2573,0.8597,8.5,4
23(E2),G,P,-6.514,0,9,4
23(E2),G,Q,-1.526,0.08378,6,4
23(E2),G,R,-2.114,0.176,5.5,4
23(E2),G,S,-0.4924,0.222,13.5,4
23(E2),G,T,-2.444,0.407,5.5,4
23(E2),G,V,-3.85,0.4242,10,4
23(E2),G,W,-2.674,0.3748,10.5,4
23(E2),G,Y,-2.487,0.2367,11.5,4
23(E3),T,-,-1.269,0.0115,0.5,2
23(E3),T,A,-0.04785,1.695,6,4
23(E3),T,C,-0.9243,0.01888,11.5,4
23(E3),T,D,1.651,0.1125,9,4
23(E3),T,E,0.5737,1.658,6.5,4
23(E3),T,F,0.5264,0.4015,7.5,4
23(E3),T,G,1.18,0.7661,7,4
23(E3),T,H,-0.4415,0.5858,13.5,4
23(E3),T,I,0.6358,0.7829,11.5,4
23(E3),T,K,0.4031,0.4305,7.5,4
23(E3),T,L,0.9804,0.5954,7.5,4
23(E3),T,M,0.1858,0.3979,5.5,4
23(E3),T,N,0.4613,0.6079,8.5,4
23(E3),T,P,-1.564,0.7194,13.5,4
23(E3),T,Q,0.5464,1.375,7.25,4
23(E3),T,R,-0.09945,0.06893,8,4
23(E3),T,S,0.00195,0.1536,12,4
23(E3),T,T,0,0,,4
23(E3),T,V,0.1029,0.2178,7,4
23(E3),T,W,-0.6101,0.4104,9.5,4
23(E3),T,Y,0.4049,0.2143,9.5,4
230(E1),H,-,-0.1007,0.5089,1.5,2
230(E1),H,A,-5.492,0.1134,5,4
230(E1),H,C,-6.609,0,6,4
230(E1),H,D,-4.902,0,7.75,4
230(E1),H,E,-6.185,0,6.5,4
230(E1),H,F,-6.599,0,10,4
230(E1),H,G,-4.997,0,7,4
230(E1),H,H,0,0,,4
230(E1),H,I,-5.551,0,6.5,4
230(E1),H,K,-6.285,0,3,4
230(E1),H,L,-5.155,0,4.5,4
230(E1),H,M,-3.739,0.234,9.5,4
230(E1),H,N,-6.687,0,10,4
230(E1),H,P,-6.547,0,6,4
230(E1),H,Q,-4.992,0.1057,13,4
230(E1),H,R,-5.375,0,10,4
230(E1),H,S,-3.939,0.1676,5,4
230(E1),H,T,-5.492,0,5.5,4
230(E1),H,V,-6.107,0,8.75,4
230(E1),H,W,-7.366,0,6,4
230(E1),H,Y,-3.864,0.1879,25,4
230(E2),T,-,-1.478,0.6728,0.5,2
230(E2),T,A,-2.526,0.2566,10.5,4
230(E2),T,C,-5.422,0,8.5,4
230(E2),T,D,-6.763,0,5,4
230(E2),T,E,-4.306,0.04758,4.5,4
230(E2),T,F,-4.698,0.2299,4.5,4
230(E2),T,G,-6.095,0,9.5,4
230(E2),T,H,-4.149,0.2611,8.5,4
230(E2),T,I,-4.146,0.2061,8.5,4
230(E2),T,K,-4.09,0.501,7,4
230(E2),T,L,-5.032,0.2365,8.5,4
230(E2),T,M,-3.494,0.4481,7,4
230(E2),T,N,-6.622,0,8,4
230(E2),T,P,-5.587,0.2356,4.5,4
230(E2),T,Q,-4.512,0.1602,5.25,4
230(E2),T,R,-6.196,0,6,4
230(E2),T,S,-1.887,0.08895,7.75,4
230(E2),T,T,0,0,,4
230(E2),T,V,-4.141,0.1223,6.5,4
230(E2),T,W,-4.695,0.1719,6.5,4
230(E2),T,Y,-3.335,1.216,4,4
231(E1),V,-,0.2444,0.4307,2,4
231(E1),V,A,-2.865,0.09718,12.25,4
231(E1),V,C,-3.46,0.1618,6.5,4
231(E1),V,D,-7.716,0,6,4
231(E1),V,E,-6.785,0,6.5,4
231(E1),V,F,-6.579,0,8.5,4
231(E1),V,G,-6.291,0,8,4
231(E1),V,H,-7.288,0,8,4
231(E1),V,I,-1.081,1.116,6,4
231(E1),V,K,-6.821,0,10,4
231(E1),V,L,-5.239,0.03767,10,4
231(E1),V,M,-4.998,0,22.25,4
231(E1),V,N,-4.28,0,5,4
231(E1),V,P,-6.372,0,6,4
231(E1),V,Q,-3.391,1.193,3,4
231(E1),V,R,-7.476,0,9.5,4
231(E1),V,S,-3.527,0.2714,7,4
231(E1),V,T,-2.878,0.07087,5.5,4
231(E1),V,V,0,0,,4
231(E1),V,W,-6.96,0,4,4
231(E1),V,Y,-6.913,0,6.5,4
231(E2),N,-,-2.116,0.745,0.5,2
231(E2),N,A,1.789,0.9707,1.5,2
231(E2),N,C,-1.639,0.157,8.5,4
231(E2),N,D,0.3638,0.3122,7.5,4
231(E2),N,E,-1.467,0.1174,4,4
231(E2),N,F,-2.343,0.2795,7,4
231(E2),N,G,0.0942,1.128,5.5,4
231(E2),N,H,-0.6849,0.4802,7,4
231(E2),N,I,-3.45,0.4043,8.5,4
231(E2),N,K,-2.272,0.8009,4.5,4
231(E2),N,L,-2.293,0.1105,8,4
231(E2),N,M,-1.173,0.187,6,4
231(E2),N,N,0,0,,4
231(E2),N,P,-6.707,0,4.5,4
231(E2),N,Q,-0.7093,0.4877,6,4
231(E2),N,R,-1.438,0.7335,3,4
231(E2),N,S,-2.146,0.5043,8,4
231(E2),N,T,-2.821,0.4308,7,4
231(E2),N,V,-3.287,0.2199,5.5,4
231(E2),N,W,-2.221,0.4411,6.5,4
231(E2),N,Y,-1.581,0.2496,4.5,4
232(E1),P,-,0.02907,0.3617,2,4
232(E1),P,A,-1.805,0.4824,5,4
232(E1),P,C,-6.944,0,7,4
232(E1),P,D,-6.503,0,3.5,4
232(E1),P,E,-4.793,0.3524,4.5,4
232(E1),P,F,-7.014,0,12,4
232(E1),P,G,-3.41,0.2404,5.5,4
232(E1),P,H,-5.563,0,6,4
232(E1),P,I,-6.186,0,4.5,4
232(E1),P,K,-7.598,0,6,4
232(E1),P,L,-6.292,0,5.5,4
232(E1),P,M,-4.78,0,4,4
232(E1),P,N,-6.92,0,5.5,4
232(E1),P,P,0,0,,4
232(E1),P,Q,-5.076,0,10,4
232(E1),P,R,-6.824,0,7.5,4
232(E1),P,S,-4.247,0.2972,21.5,4
232(E1),P,T,-6.282,0,19,4
232(E1),P,V,-6.869,0,3.5,4
232(E1),P,W,-6.7,0,9.5,4
232(E1),P,Y,-6.966,0,5,4
232(E2),H,-,-2.197,0.1985,0.5,2
232(E2),H,A,-3.095,0.5152,4.5,4
232(E2),H,C,-4.8,0,5,4
232(E2),H,D,-3.185,0.2825,9,4
232(E2),H,E,-3.56,0.2252,8,4
232(E2),H,F,-2.358,0.1595,6.25,4
232(E2),H,G,-2.881,0.1874,4.5,4
232(E2),H,H,0,0,,4
232(E2),H,I,-2.409,0.1211,8.5,4
232(E2),H,K,-3.755,0.4522,4.5,4
232(E2),H,L,-2.811,0.4257,5.5,4
232(E2),H,M,-2.886,0.7157,6.5,4
232(E2),H,N,-3.863,0.478,9.5,4
232(E2),H,P,-2.758,0.3712,7.5,4
232(E2),H,Q,-2.364,0.2127,9.5,4
232(E2),H,R,-4.995,0.1754,9,4
232(E2),H,S,-2.882,0.106,4,4
232(E2),H,T,-3.058,0.2152,6,4
232(E2),H,V,-2.889,0.2779,6,4
232(E2),H,W,-3.337,0.1432,7,4
232(E2),H,Y,-3.154,0.3938,9.5,4
233(E1),Y,*,-6.853,0,6,4
233(E1),Y,-,-0.7658,0.2948,2.5,4
233(E1),Y,A,-2.16,0.7759,6.5,4
233(E1),Y,C,-3.095,0.1786,7.25,4
233(E1),Y,D,-7.328,0,4.5,4
233(E1),Y,E,-6.961,0,6,4
233(E1),Y,F,-1.315,0.2861,7.5,4
233(E1),Y,G,-6.774,0,7.5,4
233(E1),Y,H,-2.327,0.2907,6,4
233(E1),Y,I,-1.268,0.1649,17.5,4
233(E1),Y,K,-3.787,0.4149,5,4
233(E1),Y,L,0.6031,0.2824,7.5,4
233(E1),Y,M,2.17,0.4423,5.5,4
233(E1),Y,N,-2.696,0.4656,8.5,4
233(E1),Y,P,-7.711,0,9,4
233(E1),Y,Q,-6.658,0,6,4
233(E1),Y,R,-3.182,0.3026,6,4
233(E1),Y,S,-2.707,0.296,7,4
233(E1),Y,T,-1.689,0.3938,7.5,4
233(E1),Y,V,-0.9067,1.272,5.5,4
233(E1),Y,W,-2.282,0.3954,7,4
233(E1),Y,Y,0,0,,4
233(E2),K,*,-5.034,0,1,2
233(E2),K,-,-2.188,1.026,0.5,2
233(E2),K,A,-0.8387,0.9779,5.5,4
233(E2),K,C,-3.103,0.2009,6.5,4
233(E2),K,D,-1.142,0.1852,2.5,4
233(E2),K,E,-1.207,0.4789,12.5,4
233(E2),K,F,-2.247,0.0782,6.5,4
233(E2),K,G,-0.5976,0.1783,1,2
233(E2),K,H,-1.298,0.3296,8.5,4
233(E2),K,I,-1.492,0.3146,6.5,4
233(E2),K,K,0,0,,4
233(E2),K,L,-1.256,0.3539,7.5,4
233(E2),K,M,-1.029,0.2286,9.25,4
233(E2),K,N,-0.8805,0.4927,14.5,4
233(E2),K,P,-3.293,0.2479,5.5,4
233(E2),K,Q,-0.6681,0.4697,7,4
233(E2),K,R,-0.3234,0.6783,7.75,4
233(E2),K,S,-0.6035,0.2466,6.5,4
233(E2),K,T,0.0603,0.7185,6.25,4
233(E2),K,V,-1.266,0.07539,6,4
233(E2),K,W,-3.187,0.2934,6.5,4
233(E2),K,Y,-2.165,0.4608,4.5,4
234(E1),S,-,-0.2599,0.3382,2.5,4
234(E1),S,A,-3.836,0.4343,8.5,4
234(E1),S,C,-5.459,0,4.5,4
234(E1),S,D,-0.1155,2.387,3,4
234(E1),S,E,-2.215,0.2695,4.5,4
234(E1),S,F,-5.025,0,9,4
234(E1),S,G,-3.09,0.4559,4.5,4
234(E1),S,H,-3.933,0.2162,9,4
234(E1),S,I,-5.469,0.2083,6.5,4
234(E1),S,K,-4.707,0,3,4
234(E1),S,L,-3.439,1.654,3.5,4
234(E1),S,M,-2.505,0.1854,8.5,4
234(E1),S,N,-2.271,0.7892,3.5,4
234(E1),S,P,-7.161,0,8,4
234(E1),S,Q,-2.851,0.3467,6,4
234(E1),S,R,-5.108,0.1632,2.5,4
234(E1),S,S,0,0,,4
234(E1),S,T,-3.439,0.5161,4.5,4
234(E1),S,V,-4.931,0,8.5,4
234(E1),S,W,-3.897,0.3936,4,4
234(E1),S,Y,-5.112,0.263,4.5,4
234(E2),K,A,-1.268,0.2399,8,4
234(E2),K,C,-3.554,0.2838,9,4
234(E2),K,D,-2.744,0.6086,5,4
234(E2),K,E,-1.832,0.3286,6.5,4
234(E2),K,F,-2.229,0.5347,7.5,4
234(E2),K,G,-1.403,0.1859,6.5,4
234(E2),K,H,-0.4714,0.6318,6,4
234(E2),K,I,-2.896,0.5673,6,4
234(E2),K,K,0,0,,4
234(E2),K,L,-1.57,0.0945,8,4
234(E2),K,M,-1.215,0.137,10.5,4
234(E2),K,N,-1.701,0.5268,8.5,4
234(E2),K,P,-6.486,0,4,4
234(E2),K,Q,0.4032,0.796,5,4
234(E2),K,R,-0.593,0.1877,4,4
234(E2),K,S,-0.3389,1.623,6.5,4
234(E2),K,T,-0.5364,0.1616,2,4
234(E2),K,V,-2.633,0.4686,6.5,4
234(E2),K,W,-2.183,0.1678,4.5,4
234(E2),K,Y,-2.534,0.4278,5.75,4
235(E1),Q,*,-6.422,0,5,4
235(E1),Q,-,-1.417,1.059,3,4
235(E1),Q,A,-3.856,0.5148,5.5,4
235(E1),Q,C,-4.41,0.4261,5,4
235(E1),Q,D,-7.311,0,11,4
235(E1),Q,E,-3.569,0.2198,7,4
235(E1),Q,F,-7.268,0,8,4
235(E1),Q,G,-8.093,0,5,4
235(E1),Q,H,-6.758,0,14,4
235(E1),Q,I,-2.542,0.4165,9,4
235(E1),Q,K,-7.352,0,9,4
235(E1),Q,L,-7.625,0,13,4
235(E1),Q,M,-6.411,0,6.5,4
235(E1),Q,N,-3.125,0.29,5.5,4
235(E1),Q,P,-7.001,0,9.5,4
235(E1),Q,Q,0,0,,4
235(E1),Q,R,-7.617,0,45.5,4
235(E1),Q,S,-3.76,0.1724,6,4
235(E1),Q,T,-4.986,0,5,4
235(E1),Q,V,-3.676,0.1491,7,4
235(E1),Q,W,-7.06,0,5.25,4
235(E1),Q,Y,-6.33,0,2.5,4
235(E2),W,*,-7.183,0,19,4
235(E2),W,-,0.05135,0.2268,0.5,2
235(E2),W,A,-5.152,0,5.5,4
235(E2),W,C,-7.044,0,13,4
235(E2),W,D,-6.055,0,6,4
235(E2),W,E,-5.986,0,4,4
235(E2),W,F,-2.967,0.4044,6.5,4
235(E2),W,G,-6.68,0,7,4
235(E2),W,H,-7.704,0,4.5,4
235(E2),W,I,-6.152,0,7.5,4
235(E2),W,K,-6.521,0,8.5,4
235(E2),W,L,-3.676,0.2471,11,4
235(E2),W,M,-4.155,0.2342,5.5,4
235(E2),W,N,-5.704,0,2.5,4
235(E2),W,P,-5.523,0,11,4
235(E2),W,Q,-6.021,0,3,4
235(E2),W,R,-6.068,0,8.5,4
235(E2),W,S,-5.668,0,4.5,4
235(E2),W,T,-6.608,0,9.5,4
235(E2),W,V,-4.476,0.08398,5,4
235(E2),W,W,0,0,,4
235(E2),W,Y,-5.869,0.0472,7.5,4
236(E1),A,-,-2.023,1.329,3,4
236(E1),A,A,0,0,,4
236(E1),A,C,-4.982,0.01819,3.5,4
236(E1),A,D,-4.671,0,10,4
236(E1),A,E,-4.072,0.5083,3,4
236(E1),A,F,-3.577,0.2987,4.5,4
236(E1),A,G,-4.189,0.1563,5.5,4
236(E1),A,H,-3.602,0.2838,6,4
236(E1),A,I,0.109,1.711,7,4
236(E1),A,K,-6.651,0,4,4
236(E1),A,L,-3.399,0.6082,2,4
236(E1),A,M,-2.478,0.1086,4.5,4
236(E1),A,N,-4.246,0.09613,5,4
236(E1),A,P,-6.751,0,10,4
236(E1),A,Q,-5.133,0.04763,3,4
236(E1),A,R,-3.671,0.2026,2.5,4
236(E1),A,S,-3.025,0.3424,10,4
236(E1),A,T,-2.602,0.2732,15,4
236(E1),A,V,-1.591,0.2505,9.75,4
236(E1),A,W,-3.575,0.3659,4,4
236(E1),A,Y,-2.282,0.2721,7.25,4
236(E2),Q,*,-7.373,0,40.5,4
236(E2),Q,-,-1.898,0.513,0.5,2
236(E2),Q,A,-3.524,0.6021,5.5,4
236(E2),Q,C,-6.812,0,8.5,4
236(E2),Q,D,-5.396,0,8,4
236(E2),Q,E,-2.369,0.06093,6,4
236(E2),Q,F,-4.5,0,6.5,4
236(E2),Q,G,-5.61,0,6,4
236(E2),Q,H,-1.701,0.5394,10.25,4
236(E2),Q,I,-3.409,0.5499,3.5,4
236(E2),Q,K,-5.735,0,6,4
236(E2),Q,L,-4,0.9079,5.5,4
236(E2),Q,M,-2.213,0.3257,8.5,4
236(E2),Q,N,-5.846,0,6.5,4
236(E2),Q,P,-8.015,0,5,4
236(E2),Q,Q,0,0,,4
236(E2),Q,R,-5.242,0,11,4
236(E2),Q,S,-4.904,0,9.5,4
236(E2),Q,T,-1.096,0.09918,12,4
236(E2),Q,V,-2.263,0.2723,8,4
236(E2),Q,W,-4.427,0,6.5,4
236(E2),Q,Y,-6.369,0,7,4
237(E1),P,-,-0.9242,0.8859,2.5,4
237(E1),P,A,-4.284,0.7358,4.5,4
237(E1),P,C,-6.155,0,6.5,4
237(E1),P,D,-5.536,0,3.75,4
237(E1),P,E,-4.344,0.1182,2.5,4
237(E1),P,F,-3.726,0.1251,5.25,4
237(E1),P,G,-5.276,0.3919,5,4
237(E1),P,H,-4.13,0.7129,6,4
237(E1),P,I,-5.911,0,8.25,4
237(E1),P,K,-4.719,0.3352,3.5,4
237(E1),P,L,-4.562,0.07101,9.25,4
237(E1),P,M,-4.104,0,4,4
237(E1),P,N,-5.409,0,3,4
237(E1),P,P,0,0,,4
237(E1),P,Q,-4.367,0.1156,4.5,4
237(E1),P,R,-5.776,0,3.75,4
237(E1),P,S,-5.684,0,4.5,4
237(E1),P,T,-4.643,0,7.25,4
237(E1),P,V,-6.489,0.6694,3,4
237(E1),P,W,-4.136,0.2162,7.5,4
237(E1),P,Y,-5.803,0.37,2.5,4
237(E2),Y,*,-6.449,0,4,4
237(E2),Y,A,-3.951,0.2098,5,4
237(E2),Y,C,-5.193,0,11.5,4
237(E2),Y,D,-6.767,0,7.5,4
237(E2),Y,E,-6.321,0,6.5,4
237(E2),Y,F,0.2273,0.6698,7.5,4
237(E2),Y,G,-6.582,0,4,4
237(E2),Y,H,-5.996,0,9,4
237(E2),Y,I,1.876,1.386,8.5,4
237(E2),Y,K,-6.135,0,8.5,4
237(E2),Y,L,-1.194,0.6034,7.25,4
237(E2),Y,M,-1.71,0.6809,7,4
237(E2),Y,N,-7.223,0,10.5,4
237(E2),Y,P,-6.198,0,3.5,4
237(E2),Y,Q,-6.312,0,6.5,4
237(E2),Y,R,-6.716,0,7,4
237(E2),Y,S,-6.326,0,5,4
237(E2),Y,T,-5.784,0,4.5,4
237(E2),Y,V,3.394,0.675,3.5,4
237(E2),Y,W,-5.823,0,7,4
237(E2),Y,Y,0,0,,4
238(E1),S,-,-0.7068,0.5173,2.5,4
238(E1),S,A,-2.205,0.5196,5.5,4
238(E1),S,C,-4.187,0.2083,6.5,4
238(E1),S,D,-7.107,0,5.5,4
238(E1),S,E,-7.274,0,6,4
238(E1),S,F,-7.263,0,4.5,4
238(E1),S,G,-5.468,0.005629,7.5,4
238(E1),S,H,-6.361,0,5.75,4
238(E1),S,I,-6.478,0,14.25,4
238(E1),S,K,-6.761,0,5,4
238(E1),S,L,-6.506,0,4.5,4
238(E1),S,M,-3.524,1.389,5.5,4
238(E1),S,N,-7.052,0,16.5,4
238(E1),S,P,-1.991,0.3771,4.5,4
238(E1),S,Q,-5.769,0,5,4
238(E1),S,R,-7.321,0,12.5,4
238(E1),S,S,0,0,,4
238(E1),S,T,-3.351,0.1851,4.25,4
238(E1),S,V,-6.5,0,5.5,4
238(E1),S,W,-6.628,0,4.5,4
238(E1),S,Y,-7.379,0,8.25,4
238(E2),N,-,-2.898,3.329,1,4
238(E2),N,A,-0.8286,0.3865,8.5,4
238(E2),N,C,-4.819,0,4,4
238(E2),N,D,-2.46,0.2653,5.5,4
238(E2),N,E,-2.444,0.161,6,4
238(E2),N,F,-0.9211,0.4882,10,4
238(E2),N,G,-2.64,0.4841,5.5,4
238(E2),N,H,-2.595,0.3039,5.5,4
238(E2),N,I,-3.142,0.2889,8.25,4
238(E2),N,K,-5.053,0,12,4
238(E2),N,L,-2.32,0.1824,5.5,4
238(E2),N,M,0.3125,2.735,6,4
238(E2),N,N,0,0,,4
238(E2),N,P,-4.909,0.3061,4.5,4
238(E2),N,Q,-1.954,0.2557,6,4
238(E2),N,R,-2.498,0.3685,8.5,4
238(E2),N,S,-1.481,0.4945,14,4
238(E2),N,T,-2.458,0.2043,6,4
238(E2),N,V,-2.635,0.2768,7,4
238(E2),N,W,-3.511,0.5117,5,4
238(E2),N,Y,-0.1625,1.149,4.5,4
239(E1),G,-,-0.8761,1.269,2.5,4
239(E1),G,A,-3.349,0.9742,5,4
239(E1),G,C,-6.848,0,7.75,4
239(E1),G,D,-7.998,0,42,4
239(E1),G,E,-5.899,0,5.25,4
239(E1),G,F,-7.045,0,4.5,4
239(E1),G,G,0,0,,4
239(E1),G,H,-8.415,0,7.5,4
239(E1),G,I,-6.861,0,4,4
239(E1),G,K,-7.345,0,7.5,4
239(E1),G,L,-7.089,0,5,4
239(E1),G,M,-6.713,2.26,4.5,4
239(E1),G,N,-7.008,0,6,4
239(E1),G,P,-7.427,0,10.5,4
239(E1),G,Q,-6.494,0,8.5,4
239(E1),G,R,-6.882,0,8,4
239(E1),G,S,-7.519,0,10,4
239(E1),G,T,-7.162,0,5.5,4
239(E1),G,V,-6.405,0,13.5,4
239(E1),G,W,-1.79,2.333,1,4
239(E1),G,Y,-6.897,0,6,4
239(E2),S,-,-2.784,0.0625,0.5,2
239(E2),S,A,-5.728,0,6.5,4
239(E2),S,C,-6.69,0,4.75,4
239(E2),S,D,-6.671,0,5.5,4
239(E2),S,E,-7.096,0,7.5,4
239(E2),S,F,-5.587,0,7.5,4
239(E2),S,G,-5.862,0,15.25,4
239(E2),S,H,-6.456,0,9.5,4
239(E2),S,I,-6.669,0,12.5,4
239(E2),S,K,-6.059,0,6.5,4
239(E2),S,L,-5.958,0,7.5,4
239(E2),S,M,-5.812,0,9.5,4
239(E2),S,N,-5.252,0,16.5,4
239(E2),S,P,-6.533,0,7,4
239(E2),S,Q,-5.657,0,6,4
239(E2),S,R,-6.385,0,11,4
239(E2),S,S,0,0,,4
239(E2),S,T,-5.573,0.3659,6,4
239(E2),S,V,-5.956,0,3,4
239(E2),S,W,-5.978,0,5,4
239(E2),S,Y,-5.839,0,8.5,4
24(6K),I,*,-7.027,0,6.5,4
24(6K),I,-,0.04602,0.106,0.5,2
24(6K),I,A,0.8071,1.919,6,4
24(6K),I,C,-0.8424,0.8525,7.5,4
24(6K),I,D,-0.7416,0.4661,10,4
24(6K),I,E,-0.3019,1.743,6,4
24(6K),I,F,2.328,0.3194,7,4
24(6K),I,G,0.7,0.4063,5,4
24(6K),I,H,-0.9174,0.6703,7.25,4
24(6K),I,I,0,0,,4
24(6K),I,K,-1.723,0.2079,5,4
24(6K),I,L,-0.5405,1.53,7.25,4
24(6K),I,M,-0.7711,0.5472,7.5,4
24(6K),I,N,-1.696,1.674,7.5,4
24(6K),I,P,-0.6203,0.6988,8,4
24(6K),I,Q,0.1491,0.491,4.5,4
24(6K),I,R,-2.477,0.5954,4,4
24(6K),I,S,-1.625,1.105,5.5,4
24(6K),I,T,-0.3341,0.7148,7,4
24(6K),I,V,0.2214,0.4656,5.5,4
24(6K),I,W,-0.1512,0.4295,7,4
24(6K),I,Y,-1.007,0.594,7,4
24(E1),Y,*,-8.005,0,5,4
24(E1),Y,-,-0.3991,0.2157,2,4
24(E1),Y,A,-2.292,0.2977,13.5,4
24(E1),Y,C,-1.202,0.6719,12.5,4
24(E1),Y,D,-3.881,0.2589,7.5,4
24(E1),Y,E,-7.261,0,6,4
24(E1),Y,F,-0.3896,0.277,7.5,4
24(E1),Y,G,-6.341,0,10,4
24(E1),Y,H,-1.979,0.2619,9,4
24(E1),Y,I,-5.878,0,7.5,4
24(E1),Y,K,-2.808,0.357,8,4
24(E1),Y,L,-2.151,0.2115,8,4
24(E1),Y,M,-1.648,1.073,7,4
24(E1),Y,N,-3.04,0.1205,11,4
24(E1),Y,P,-6.534,0,11.25,4
24(E1),Y,Q,-3.465,0.1633,9,4
24(E1),Y,R,-2.96,0.5681,7.5,4
24(E1),Y,S,-1.813,0.4535,6,4
24(E1),Y,T,-2.294,1.084,5,4
24(E1),Y,V,-4.472,0,7,4
24(E1),Y,W,-1.438,0.388,6.5,4
24(E1),Y,Y,0,0,,4
24(E2),E,*,-4.641,0.5845,7.5,4
24(E2),E,A,0.8514,0.5565,9,4
24(E2),E,C,-1.849,0.6899,6.5,4
24(E2),E,D,0.1648,0.4891,13.5,4
24(E2),E,E,0,0,,4
24(E2),E,F,1.841,0.6597,8,4
24(E2),E,G,0.0495,0.7155,10,4
24(E2),E,H,0.7174,0.9549,5.5,4
24(E2),E,I,1.14,0.6161,8,4
24(E2),E,K,-0.3016,0.3765,17.5,4
24(E2),E,L,1.155,0.7545,9,4
24(E2),E,M,1.41,0.5646,7.5,4
24(E2),E,N,0.7988,0.6439,9,4
24(E2),E,P,-0.4145,0.3822,8.5,4
24(E2),E,R,-0.4708,0.4053,14.5,4
24(E2),E,S,0.2751,0.3877,9.5,4
24(E2),E,T,0.1119,1.394,7.5,4
24(E2),E,V,0.6598,0.66,10,4
24(E2),E,W,0.03092,0.4066,3.5,4
24(E2),E,Y,1.013,1.042,7.5,4
24(E3),P,*,-6.975,0,6.5,4
24(E3),P,-,-0.8991,0.0071,0.5,2
24(E3),P,A,-0.6207,0.1867,9,4
24(E3),P,C,-2.306,0.1535,11.25,4
24(E3),P,D,-1.206,0.4125,9.5,4
24(E3),P,E,-0.3702,0.3881,5,4
24(E3),P,F,-1.061,0.2674,9,4
24(E3),P,G,-1.905,0.2648,9,4
24(E3),P,H,-1.381,0.2918,10.5,4
24(E3),P,I,-0.6857,1.727,8,4
24(E3),P,K,-1.738,0.6099,7,4
24(E3),P,L,-1.575,0.182,15.5,4
24(E3),P,M,-0.9858,0.3358,8.5,4
24(E3),P,N,-0.6512,0.2781,7,4
24(E3),P,P,0,0,,4
24(E3),P,Q,-0.2218,0.428,9.5,4
24(E3),P,R,-0.532,0.5234,9,4
24(E3),P,S,-0.3887,0.4136,11.25,4
24(E3),P,T,-0.4541,0.1021,11,4
24(E3),P,V,-1.329,0.9055,9,4
24(E3),P,W,-1.012,0.7124,10,4
24(E3),P,Y,-1.054,0.8543,7.5,4
240(E1),F,-,-0.6149,0.4685,1.5,4
240(E1),F,A,-5.356,0,3.5,4
240(E1),F,C,-7.021,0,3.5,4
240(E1),F,D,-7.075,0,4,4
240(E1),F,E,-6.604,0.06192,2.5,4
240(E1),F,F,0,0,,4
240(E1),F,G,-6.594,0,3,4
240(E1),F,H,-6.626,0,2.5,4
240(E1),F,I,-7.03,0,6.5,4
240(E1),F,K,-6.563,0,2,4
240(E1),F,L,-6.151,0,14.5,4
240(E1),F,M,-6.943,0,3.5,4
240(E1),F,N,-7.261,0,2,2
240(E1),F,P,-3.807,1.757,2.5,4
240(E1),F,Q,-6.684,0,1.5,4
240(E1),F,R,-3.839,1.573,2,4
240(E1),F,S,-7.809,0,4.25,4
240(E1),F,T,-6.303,0,4,4
240(E1),F,V,-5.793,0,5,4
240(E1),F,W,-1.189,1.751,1.5,4
240(E1),F,Y,1.037,1.544,2.5,4
240(E2),P,-,-2.966,0.03,0.5,2
240(E2),P,A,-2.3,0.2523,8,4
240(E2),P,C,-6.011,0,5,4
240(E2),P,D,-5.688,0,5,4
240(E2),P,E,-6.365,0,3.5,4
240(E2),P,F,-6.572,0,5,4
240(E2),P,G,-5.504,0.223,4,4
240(E2),P,H,-3.577,0.6206,9.5,4
240(E2),P,I,-6.538,0,6,4
240(E2),P,K,-5.026,0,4.5,4
240(E2),P,L,-7.096,0,11.5,4
240(E2),P,M,-1.864,2.183,1.5,4
240(E2),P,N,-5.872,0,4.5,4
240(E2),P,P,0,0,,4
240(E2),P,Q,-3.147,0.4845,7.5,4
240(E2),P,R,-4.702,0.1416,9,4
240(E2),P,S,-6.408,0,8,4
240(E2),P,T,-6.072,0.0511,11,4
240(E2),P,V,-5.771,0,6.5,4
240(E2),P,W,-6.55,0,6.25,4
240(E2),P,Y,-5.598,0,7,4
241(E1),K,*,-6.069,0,0.5,2
241(E1),K,-,0.08929,0.01791,0.5,2
241(E1),K,A,-2.47,0.259,2.5,4
241(E1),K,C,-2.704,0.2376,5,4
241(E1),K,D,-5.478,0.1113,4,4
241(E1),K,E,-6.062,0,6,4
241(E1),K,F,-6.736,0,3,4
241(E1),K,G,-2.25,1.018,3.5,4
241(E1),K,H,-3.072,0.75,4,4
241(E1),K,I,-3.559,0.3376,2,4
241(E1),K,K,0,0,,4
241(E1),K,L,-5.684,0,2.5,4
241(E1),K,M,-2.612,0.2648,4,4
241(E1),K,N,-5.138,0.05023,6.5,4
241(E1),K,P,-6.2,0,3,4
241(E1),K,Q,-2.732,0.3754,3,4
241(E1),K,R,0.6737,0.339,3.5,4
241(E1),K,S,-3.271,0.329,1,2
241(E1),K,T,-3.601,0.5103,4,4
241(E1),K,V,-2.175,0.7565,1.25,3
241(E1),K,W,-2.395,1.554,3,4
241(E1),K,Y,-1.158,0.2159,1.5,4
241(E2),L,A,-5.104,0.2126,6,4
241(E2),L,C,-4.311,0.2066,4.5,4
241(E2),L,D,-5.816,0,8.5,4
241(E2),L,E,-6.653,0,8,4
241(E2),L,F,-0.5437,0.4377,6.5,4
241(E2),L,G,-3.024,0.2715,5.5,4
241(E2),L,H,-2.58,0.2671,4,4
241(E2),L,I,-4.484,0.06001,8,4
241(E2),L,K,-3.926,0.6282,7,4
241(E2),L,L,0,0,,4
241(E2),L,M,-1.087,0.1403,7.5,4
241(E2),L,N,-4.388,0.5962,5.5,4
241(E2),L,P,-6.604,0,13,4
241(E2),L,Q,-3.359,0.4025,6,4
241(E2),L,R,-3.022,0.7116,8.5,4
241(E2),L,S,-2.837,0.1798,7,4
241(E2),L,T,-4.303,0.2451,6.25,4
241(E2),L,V,-6.15,0,9.5,4
241(E2),L,W,-2.937,0.4441,11,4
241(E2),L,Y,-0.5486,0.3098,5.5,4
242(E1),Y,*,-7.735,0,2.5,2
242(E1),Y,A,-3.802,0.3692,3,4
242(E1),Y,C,-4.321,0.03811,3.5,4
242(E1),Y,D,-3.316,0.4402,4.5,4
242(E1),Y,E,-3.824,0.4417,2,4
242(E1),Y,F,-3.689,0.7543,3.5,4
242(E1),Y,G,-3.99,0.1243,2,4
242(E1),Y,H,-2.941,2.053,3,4
242(E1),Y,I,-5.79,0,0.5,2
242(E1),Y,K,-6.523,0,2,2
242(E1),Y,L,-5.306,0,2.5,4
242(E1),Y,M,-3.595,0.0905,3,2
242(E1),Y,N,-3.962,0.1713,7,4
242(E1),Y,P,-8.263,0,1.5,2
242(E1),Y,Q,-5.079,0.06149,3,4
242(E1),Y,R,-7.146,0,2.5,2
242(E1),Y,S,-5.531,0.09656,3.5,4
242(E1),Y,T,-4.539,0,4,4
242(E1),Y,V,-6.411,0,2.5,4
242(E1),Y,W,-2.518,0.2746,4.5,4
242(E1),Y,Y,0,0,,4
242(E2),V,-,0.4565,0.8725,0.5,2
242(E2),V,A,-4.383,0.4295,10,4
242(E2),V,C,-6.708,0.01862,6,4
242(E2),V,D,-5.962,0.04547,2,4
242(E2),V,E,-6.644,0,7,4
242(E2),V,F,-5.75,0,6,4
242(E2),V,G,-6.758,0,7,4
242(E2),V,H,-6.501,0,4,4
242(E2),V,I,-1.352,1.634,6,4
242(E2),V,K,-5.764,0.1996,2.5,4
242(E2),V,L,-0.2966,0.3274,11.5,4
242(E2),V,M,-2.09,0.1846,13,4
242(E2),V,N,-2.904,0.2454,5.5,4
242(E2),V,P,-6.774,0,7.5,4
242(E2),V,Q,-1.731,0.1892,7.25,4
242(E2),V,R,-5.62,0,5.5,4
242(E2),V,S,-2.841,0.1293,6.5,4
242(E2),V,T,-1.438,0.2325,3,4
242(E2),V,V,0,0,,4
242(E2),V,W,-2.921,0.3465,8.5,4
242(E2),V,Y,-3.922,0.09699,4,4
243(E1),W,*,-8.294,0,40,4
243(E1),W,A,-6.804,0,2,4
243(E1),W,C,-6.386,0,7.5,4
243(E1),W,D,-6.819,0,2.5,4
243(E1),W,E,-9.345,0,2.5,4
243(E1),W,F,-1.837,0.086,1.5,2
243(E1),W,G,-1.279,1.304,1,2
243(E1),W,H,-6.763,0,4,4
243(E1),W,I,-6.844,0,2.5,4
243(E1),W,K,-6.101,0.1173,4,4
243(E1),W,L,-7.104,0,9,4
243(E1),W,M,-5.973,0,2.5,4
243(E1),W,N,-6.974,0,2,4
243(E1),W,P,-7.136,0,6.5,4
243(E1),W,Q,-5.521,0.213,3,4
243(E1),W,R,-6.684,0,3.75,4
243(E1),W,S,-6.816,0,3,4
243(E1),W,T,-6.631,0,3.5,4
243(E1),W,V,-6.75,0.1256,3.5,4
243(E1),W,W,0,0,,4
243(E1),W,Y,-6.277,0,2.5,2
243(E2),P,*,-6.197,0,1,2
243(E2),P,-,1.143,0.8446,0.5,2
243(E2),P,A,-3.068,0.4801,6,4
243(E2),P,C,-6.3,0,6.5,4
243(E2),P,D,-5.908,0,6.5,4
243(E2),P,E,-2.606,1.78,3.5,4
243(E2),P,F,-5.675,0,2,4
243(E2),P,G,-4.753,0,2,2
243(E2),P,H,-6.2,0,7,4
243(E2),P,I,-2.882,0.5483,5.5,4
243(E2),P,K,-6.393,0,3,4
243(E2),P,L,-2.67,0.3219,9,4
243(E2),P,M,-4.691,0.02208,4,4
243(E2),P,N,-6.495,0,4,4
243(E2),P,P,0,0,,4
243(E2),P,Q,-6.252,0,7,4
243(E2),P,R,-5.867,0,10,4
243(E2),P,S,-6.208,0,16.5,4
243(E2),P,T,-7.142,0.2962,7.5,4
243(E2),P,V,-3.139,0.6924,6,4
243(E2),P,W,-5.931,0,5,4
243(E2),P,Y,-6.502,0,7,4
244(E1),L,A,-0.7323,1.299,2,4
244(E1),L,C,-2.782,0.741,2,4
244(E1),L,D,-6.63,0,3.5,4
244(E1),L,E,-3.183,0.1281,3.5,4
244(E1),L,F,-3.271,1.136,2.5,4
244(E1),L,G,-5.272,0,2.5,4
244(E1),L,H,-1.748,1.056,3.5,4
244(E1),L,I,-0.1276,0.02005,1.5,2
244(E1),L,K,-3.157,0.6422,1.5,4
244(E1),L,L,0,0,,4
244(E1),L,M,0.00735,0.6629,8,4
244(E1),L,N,-3.728,0.5457,4,4
244(E1),L,P,-6.038,0,7.5,4
244(E1),L,Q,0.3714,1.244,3,4
244(E1),L,R,-1.901,0.023,0.5,2
244(E1),L,S,-2.203,0.1671,2.5,4
244(E1),L,T,-0.7389,0.5891,2.5,4
244(E1),L,V,-2.287,0.3515,1.5,2
244(E1),L,W,-1.5,1.553,1.5,4
244(E1),L,Y,-1.812,0.5585,4,4
244(E2),R,*,-4.562,0.7628,3,4
244(E2),R,-,0.9948,0.8652,0.5,2
244(E2),R,A,-3.167,0.5032,5,4
244(E2),R,C,-5.97,0,6,4
244(E2),R,D,-5.392,0,7.5,4
244(E2),R,E,-5.728,0.03811,3.25,4
244(E2),R,F,-5.11,0,6,4
244(E2),R,G,-6.421,0,10,4
244(E2),R,H,-5.204,0,8,4
244(E2),R,I,-6.497,0,8.5,4
244(E2),R,K,-3.172,0.5831,10.5,4
244(E2),R,L,-3.678,0.3663,5.5,4
244(E2),R,M,-3.487,0.207,9,4
244(E2),R,N,-6.056,0,6.5,4
244(E2),R,P,-6.019,0,11.5,4
244(E2),R,Q,-5.851,0,4.5,4
244(E2),R,R,0,0,,4
244(E2),R,S,-3.343,0.6031,4,4
244(E2),R,T,-6.114,0,5.5,4
244(E2),R,V,-5.192,0.1316,9.5,4
244(E2),R,W,-4.869,0.3927,2.5,4
244(E2),R,Y,-5.873,0,6,4
245(E1),K,*,-3.893,0.259,0.5,2
245(E1),K,-,-5.119,0,0.5,2
245(E1),K,A,2.071,1.882,1,4
245(E1),K,C,0.8112,0.1969,2.5,2
245(E1),K,D,2.693,0.4829,2,4
245(E1),K,E,3.006,0.038,1,2
245(E1),K,F,3.361,0.086,0.5,2
245(E1),K,G,1.126,0.6179,6,4
245(E1),K,H,2.251,0.6121,1.5,4
245(E1),K,I,3.284,1.557,5,4
245(E1),K,K,0,0,,4
245(E1),K,L,2.591,0.9037,3.5,4
245(E1),K,M,0.1279,0.8969,5.25,4
245(E1),K,N,3.527,1.501,7.5,4
245(E1),K,P,-4.901,0.07838,3,4
245(E1),K,Q,2.978,0.6496,2,4
245(E1),K,R,0.6784,0.7795,2,4
245(E1),K,S,2.571,1.495,1.75,4
245(E1),K,T,2.95,2.379,1.75,3
245(E1),K,V,1.585,0.6094,3,4
245(E1),K,W,2.287,1.276,1.5,4
245(E1),K,Y,1.192,0.507,4,4
245(E2),N,-,0.2954,0.8645,0.5,2
245(E2),N,A,1.793,1.159,3.5,4
245(E2),N,C,-0.3038,0.7831,3.5,4
245(E2),N,D,-2.298,0.173,8.75,4
245(E2),N,E,-3.862,0.6927,4,4
245(E2),N,F,-0.8404,0.1946,9,4
245(E2),N,G,-0.2433,0.8302,6,4
245(E2),N,H,-0.1885,0.6866,7.5,4
245(E2),N,I,0.4079,1.81,7.5,4
245(E2),N,K,-0.9753,0.2013,7,4
245(E2),N,L,-1.579,0.2625,8.5,4
245(E2),N,M,-1.164,0.2058,6,4
245(E2),N,N,0,0,,4
245(E2),N,P,0.3987,1.189,5.5,4
245(E2),N,Q,-0.5091,0.3557,8,4
245(E2),N,R,-1.605,0.4666,4,4
245(E2),N,S,0.3735,0.1945,4.5,4
245(E2),N,T,-0.5534,0.1572,4.5,4
245(E2),N,V,1.46,0.9966,7.5,4
245(E2),N,W,-2.043,0.3476,4.75,4
245(E2),N,Y,-0.9391,0.1138,11,4
246(E1),E,*,-3.476,1.376,4,4
246(E1),E,-,-2.03,0.442,0.5,2
246(E1),E,A,-4.245,0.3072,3.5,4
246(E1),E,C,-4.95,0.1169,4,4
246(E1),E,D,0.6031,1.49,7.5,4
246(E1),E,E,0,0,,4
246(E1),E,F,-6.552,0,1,4
246(E1),E,G,-3.402,0.3151,5,4
246(E1),E,H,-6.524,0,3,4
246(E1),E,I,1.197,1.337,0.5,2
246(E1),E,K,-6.868,0,5,4
246(E1),E,L,-4.484,0.1823,4,4
246(E1),E,M,-6.918,0.4252,4.5,4
246(E1),E,N,-3.763,0.3747,1,4
246(E1),E,P,-6.795,0,3,4
246(E1),E,Q,-4.659,0,4,4
246(E1),E,R,-6.313,0,1.5,4
246(E1),E,S,-4.966,0,4,4
246(E1),E,T,-5.729,0,2,4
246(E1),E,V,-4.837,0.02685,3.5,4
246(E1),E,W,-5.419,0,2,4
246(E1),E,Y,-3.468,0.8751,3,4
246(E2),A,-,-0.7463,0.3137,1,2
246(E2),A,A,0,0,,4
246(E2),A,C,-0.7158,0.3549,7.5,4
246(E2),A,D,-1.117,0.2742,8.5,4
246(E2),A,E,-0.5782,0.5055,2.5,4
246(E2),A,F,-2.141,0.09174,6.5,4
246(E2),A,G,0.1352,0.7094,5,4
246(E2),A,H,-0.7155,0.9576,8.5,4
246(E2),A,I,-1.482,0.2693,7.5,4
246(E2),A,K,0.4285,2.476,7,4
246(E2),A,L,-1.802,0.8301,5,4
246(E2),A,M,-1.366,0.3354,3.5,4
246(E2),A,N,2.412,1.245,7,4
246(E2),A,P,-1.28,0.7427,5,4
246(E2),A,Q,0.4487,0.4073,5.5,4
246(E2),A,R,0.5026,0.7226,4,4
246(E2),A,S,-0.2005,1.728,7,4
246(E2),A,T,1.409,0.2585,16,4
246(E2),A,V,-0.8244,0.3608,30,4
246(E2),A,W,-1.709,0.41,6,4
246(E2),A,Y,-1.485,1.3,4.5,4
247(E1),R,*,-4.392,0.3668,1,4
247(E1),R,-,-1.818,0.4,0.5,2
247(E1),R,A,-2.306,0.4015,2.5,4
247(E1),R,C,-3.597,1.662,3,4
247(E1),R,D,-6.834,0,4,4
247(E1),R,E,-6.466,0,3.5,4
247(E1),R,F,-7.014,0,3.5,4
247(E1),R,G,-3.606,0.7023,4.25,4
247(E1),R,H,-2.072,0.8878,2,4
247(E1),R,I,-3.271,0.5663,3,4
247(E1),R,K,-1.229,1.075,6.5,4
247(E1),R,L,-5.793,0,0.5,2
247(E1),R,M,-3.411,0.983,2.5,4
247(E1),R,N,-3.68,0.2734,5.5,4
247(E1),R,P,-3.822,0.1289,3.5,4
247(E1),R,Q,-3.498,0.4209,5.5,4
247(E1),R,R,0,0,,4
247(E1),R,S,-3.08,0.6723,3,4
247(E1),R,T,-4.16,0.6671,2,4
247(E1),R,V,-4.372,0.5704,2,4
247(E1),R,W,-5.658,2.249,4.5,4
247(E1),R,Y,-7.349,0,5,4
247(E2),E,*,-5.081,0,2.5,4
247(E2),E,-,-1.325,0.3055,0.5,2
247(E2),E,A,-0.3125,1.45,7,4
247(E2),E,C,-2.219,0.1155,3,4
247(E2),E,D,-2.149,0.2586,10.5,4
247(E2),E,E,0,0,,4
247(E2),E,F,-0.06265,1.688,10.5,4
247(E2),E,G,-2.049,0.2021,6.5,4
247(E2),E,H,-2.014,0.6161,4,4
247(E2),E,I,-0.9106,0.286,3,4
247(E2),E,K,-1.187,0.2491,15,4
247(E2),E,L,-0.2365,0.3618,5.5,4
247(E2),E,M,-0.6526,0.3639,3.5,4
247(E2),E,N,-2.113,0.0411,7,4
247(E2),E,P,1.922,1.939,7,4
247(E2),E,Q,-0.5008,0.1892,9,4
247(E2),E,R,1.346,2.36,9.5,4
247(E2),E,S,-5.469,0.5333,4,4
247(E2),E,T,-5.966,0,6,4
247(E2),E,V,-1.761,0.2199,8,4
247(E2),E,W,-0.9076,0.5295,6,4
247(E2),E,Y,-0.2626,0.2188,7,4
248(E1),G,A,-0.079,0.4641,2,2
248(E1),G,C,-1.507,1.858,4,4
248(E1),G,D,-1.671,0.2069,10,4
248(E1),G,E,-1.963,0.3714,2,4
248(E1),G,F,-3.228,0.2745,3.5,4
248(E1),G,G,0,0,,4
248(E1),G,H,-1.449,1.224,2.5,4
248(E1),G,I,-2.774,0.1116,6.5,4
248(E1),G,K,0.0086,0.9971,1.5,4
248(E1),G,L,-0.895,2.465,2,4
248(E1),G,M,-1.643,0.3034,3,4
248(E1),G,N,-2.292,0.2293,3,4
248(E1),G,P,2.951,1.174,1.5,2
248(E1),G,Q,-1.75,0.0985,2,2
248(E1),G,S,-1.167,0.5199,5.5,4
248(E1),G,T,-1.821,0.1625,0.5,2
248(E1),G,V,0.0225,2.447,2.5,4
248(E1),G,W,-3.531,0.5151,2,4
248(E1),G,Y,-3.705,0.4927,3.5,4
248(E2),L,A,1.267,0.4506,5.5,4
248(E2),L,C,-0.4225,0.6072,6,4
248(E2),L,D,-0.1249,0.1543,7.5,4
248(E2),L,E,0.7881,0.6729,7.5,4
248(E2),L,F,-0.5146,0.4945,6,4
248(E2),L,G,-0.0911,0.8702,6.5,4
248(E2),L,H,0.6044,0.4527,3.5,4
248(E2),L,I,-0.6189,0.4674,8.5,4
248(E2),L,K,-0.4404,0.3104,3,4
248(E2),L,L,0,0,,4
248(E2),L,M,-0.2525,0.9963,10.5,4
248(E2),L,N,0.0108,0.1541,4,2
248(E2),L,P,-1.48,0.3275,6.5,4
248(E2),L,Q,2.253,1.589,4.5,4
248(E2),L,R,2.207,1.154,6.5,4
248(E2),L,S,-0.3895,0.4881,5,4
248(E2),L,T,2.545,0.5055,5.5,4
248(E2),L,V,-0.1356,0.5711,8.5,4
248(E2),L,W,-1.196,0.3868,4,4
248(E2),L,Y,-1.901,0.5593,5,4
249(E1),A,A,0,0,,4
249(E1),A,C,-6.264,0,1.5,2
249(E1),A,D,-6.634,0,4.5,4
249(E1),A,E,-3.425,0.6255,3.5,4
249(E1),A,F,-6.423,0,3,4
249(E1),A,G,-1.941,0.5514,4,4
249(E1),A,H,-7.482,0.05066,4.5,4
249(E1),A,I,-1.787,2.232,4,4
249(E1),A,K,-4.816,0.8935,2.5,4
249(E1),A,L,-4.194,0.1243,2,4
249(E1),A,M,-0.39,1.074,1,4
249(E1),A,N,-4.315,0.5385,1.5,2
249(E1),A,P,-2.515,0.83,4.5,4
249(E1),A,Q,2.949,0.2435,1,2
249(E1),A,R,-1.862,1.238,2,4
249(E1),A,S,4.22,3.917,7,4
249(E1),A,T,-1.081,0.394,16,4
249(E1),A,V,-1.921,0.7624,7,4
249(E1),A,W,-4.673,0,3.5,4
249(E1),A,Y,-6.63,0,3,4
249(E2),G,A,-0.1078,0.2772,4.5,4
249(E2),G,C,-2.861,0.6274,8.5,4
249(E2),G,D,-1.665,0.08034,13.5,4
249(E2),G,E,-0.9502,1.265,6,4
249(E2),G,F,-1.866,0.2198,7,4
249(E2),G,G,0,0,,4
249(E2),G,H,-1.555,0.2647,6.5,4
249(E2),G,I,-0.8624,0.4426,5,4
249(E2),G,K,-2.508,0.669,4.5,4
249(E2),G,L,-1.103,0.1364,5,4
249(E2),G,M,-0.1951,1.684,4.5,4
249(E2),G,N,-1.73,0.4197,9.5,4
249(E2),G,P,-0.0707,0.671,6.5,4
249(E2),G,Q,-1.212,0.4103,3.5,4
249(E2),G,R,-1.907,0.2473,4.5,4
249(E2),G,S,-0.3172,0.9576,11,4
249(E2),G,T,-1.729,0.3477,7,4
249(E2),G,V,-1.365,0.2623,5,4
249(E2),G,W,-1.339,0.2568,3.5,4
249(E2),G,Y,-1.739,0.2682,6,4
25(6K),P,-,-0.7731,0.305,0.5,2
25(6K),P,A,0.8646,0.7532,6.25,4
25(6K),P,C,0.4415,2.37,5,4
25(6K),P,D,-0.2732,0.991,6,4
25(6K),P,E,-0.8818,1.312,4.5,4
25(6K),P,F,-1.549,0.7215,6,4
25(6K),P,G,-0.4932,1.03,7.5,4
25(6K),P,H,1.255,0.3181,6.5,4
25(6K),P,I,-0.5542,0.4124,8.5,4
25(6K),P,K,-0.6104,2.035,4.75,4
25(6K),P,L,-0.5678,1.213,10,4
25(6K),P,M,0.361,0.4487,5,4
25(6K),P,N,-0.05541,0.6707,6.5,4
25(6K),P,P,0,0,,4
25(6K),P,Q,1.93,0.7531,7,4
25(6K),P,R,-0.4699,0.8699,6,4
25(6K),P,S,0.01905,0.3374,11,4
25(6K),P,T,0.1032,0.3719,10,4
25(6K),P,V,0.5781,1.165,7,4
25(6K),P,W,0.5122,0.5386,9,4
25(6K),P,Y,-1.472,0.5039,6,4
25(E1),S,-,-0.2364,0.662,1,2
25(E1),S,A,-1.22,0.2296,7,4
25(E1),S,C,-4.88,0.493,5,4
25(E1),S,D,-3.735,0.3788,6,4
25(E1),S,E,-6.859,0.03074,7,4
25(E1),S,F,-6.005,0,7.5,4
25(E1),S,G,-2.909,0.3368,13,4
25(E1),S,H,-7.203,0,5.5,4
25(E1),S,I,-3.916,0.3566,11.5,4
25(E1),S,K,-6.67,0,4.5,4
25(E1),S,L,-3.978,0.3235,7.5,4
25(E1),S,M,-2.415,0.6035,7.5,4
25(E1),S,N,-2.548,0.1705,17.5,4
25(E1),S,P,-7.809,0,8.25,4
25(E1),S,Q,-3.981,0.4947,5.5,4
25(E1),S,R,-3.945,2.496,8.5,4
25(E1),S,S,0,0,,4
25(E1),S,T,0.869,1.969,6,4
25(E1),S,V,-3.528,0.5401,8.5,4
25(E1),S,W,-7.592,0,8.5,4
25(E1),S,Y,-6.506,0,8,4
25(E2),G,A,-1.053,0.3711,6.5,4
25(E2),G,C,-5.07,0,14.5,4
25(E2),G,D,-1.014,0.1866,21,4
25(E2),G,E,-2.035,0.4731,6.5,4
25(E2),G,F,0.8475,0.2183,7,4
25(E2),G,G,0,0,,4
25(E2),G,H,-1.736,0.3309,8,4
25(E2),G,I,-2.196,0.4874,5.5,4
25(E2),G,K,-2.667,0.1262,4.75,4
25(E2),G,L,-0.8673,1.163,6,4
25(E2),G,M,-0.4996,0.3115,8,4
25(E2),G,N,1.522,0.7302,5.5,4
25(E2),G,P,-7.043,0,10,4
25(E2),G,Q,-0.4901,1.9,7.5,4
25(E2),G,R,-2.259,0.3346,7,4
25(E2),G,S,-0.7575,0.2067,10,4
25(E2),G,T,-1.706,0.09884,12,4
25(E2),G,V,-1.879,0.4429,11,4
25(E2),G,W,1.275,1.311,4.5,4
25(E2),G,Y,2.615,1.225,8.5,4
25(E3),C,*,-4.621,0.7745,1.5,4
25(E3),C,-,-1.526,0.1055,2.5,2
25(E3),C,A,-1.399,0.3865,8,4
25(E3),C,C,0,0,,4
25(E3),C,D,-1.203,0.5547,3.5,4
25(E3),C,E,-2.337,0.02994,9,4
25(E3),C,F,-1.719,0.3006,14,4
25(E3),C,G,-1.747,0.2618,9,4
25(E3),C,H,-2.202,0.3876,8.75,4
25(E3),C,I,-1.97,0.3916,10,4
25(E3),C,K,-2.969,0.1458,7.5,4
25(E3),C,L,-1.966,0.1025,13,4
25(E3),C,M,-2.453,0.1864,11,4
25(E3),C,N,-0.6973,0.224,10,4
25(E3),C,P,-2.12,0.1449,8.5,4
25(E3),C,Q,-2.503,0.258,8,4
25(E3),C,R,-2.492,0.6012,16.5,4
25(E3),C,S,-1.53,0.3407,6.25,4
25(E3),C,T,-2.116,0.7556,5.75,4
25(E3),C,V,-2.412,0.4528,10,4
25(E3),C,W,-2.067,0.3003,10,4
25(E3),C,Y,-1.409,0.1109,21,4
250(E1),S,A,-0.1842,0.8579,4.5,4
250(E1),S,C,-3.294,0.09975,3.5,4
250(E1),S,D,-0.4656,0.8121,1,4
250(E1),S,E,-6.195,0,0.5,2
250(E1),S,F,-6.992,0,10,4
250(E1),S,G,-3.14,0.037,1,2
250(E1),S,H,-2.933,0.3839,4,4
250(E1),S,I,-6.261,0,1.5,4
250(E1),S,K,-5.357,0.01775,3.5,4
250(E1),S,M,-2.405,0.3619,2,4
250(E1),S,N,-2.131,0.5033,2,4
250(E1),S,P,-0.4941,0.3102,5.5,4
250(E1),S,Q,-5.567,0,1.5,4
250(E1),S,R,-5.425,0.05023,2,4
250(E1),S,S,0,0,,4
250(E1),S,T,-2.141,0.5413,1.5,4
250(E1),S,V,-6.73,0,3,4
250(E1),S,W,-6.325,0,2,2
250(E1),S,Y,-6.578,0,5.5,4
250(E2),D,A,-0.3565,0.5347,7,4
250(E2),D,C,-1.513,0.1245,8.5,4
250(E2),D,D,0,0,,4
250(E2),D,E,0.5873,0.6348,5.5,4
250(E2),D,F,-1.359,0.1571,4.5,4
250(E2),D,G,-0.211,1.708,2.5,4
250(E2),D,H,-0.0716,0.7631,6.5,4
250(E2),D,I,-1.278,0.3802,6.5,4
250(E2),D,K,-1.179,0.38,4,4
250(E2),D,L,-1.006,0.3738,6,4
250(E2),D,M,0.3965,0.4807,2,2
250(E2),D,N,-0.1663,1.275,8.75,4
250(E2),D,P,-1.913,0.4341,6,4
250(E2),D,Q,0.3987,0.9493,4,4
250(E2),D,R,-1.384,0.08068,9,4
250(E2),D,S,0.6606,0.9632,3.75,4
250(E2),D,T,0.525,1.01,3,4
250(E2),D,V,-1.001,0.2055,4.5,4
250(E2),D,W,-1.552,0.3781,4.5,4
250(E2),D,Y,-0.9063,0.3796,7.5,4
251(E1),L,A,-6.113,0,2.5,4
251(E1),L,C,-6.351,0,4.5,4
251(E1),L,D,-2.194,1.854,2,4
251(E1),L,E,-7.11,0,2,4
251(E1),L,F,-3.665,0.9259,2,4
251(E1),L,G,-7.081,0,3.5,4
251(E1),L,H,-7.119,0,6,4
251(E1),L,I,-1.817,0.4633,5,4
251(E1),L,K,-6.321,0,2,4
251(E1),L,L,0,0,,4
251(E1),L,M,-0.541,1.027,6.5,4
251(E1),L,N,-7.411,0,3.5,2
251(E1),L,P,-7.313,0,10,4
251(E1),L,Q,-5.47,0.2202,4.5,4
251(E1),L,R,-6.518,0,2.75,4
251(E1),L,S,-6.763,0,5,4
251(E1),L,T,-2.177,1.672,2.5,4
251(E1),L,V,-1.868,0.3976,2,4
251(E1),L,W,-8.441,0,0.5,2
251(E1),L,Y,-6.581,0,3.5,4
251(E2),R,*,-0.7511,0.1348,0.5,2
251(E2),R,-,0.0306,0.1933,0.5,2
251(E2),R,A,-1.348,0.2548,6.5,4
251(E2),R,C,-1.844,0.1454,11,4
251(E2),R,D,-4.919,0,7.5,4
251(E2),R,E,-2.966,0.4083,7.5,4
251(E2),R,F,-0.8985,0.5449,11,4
251(E2),R,G,-3.971,0.661,8.5,4
251(E2),R,H,-1.138,0.5122,7.5,4
251(E2),R,I,-1.211,0.7474,13.5,4
251(E2),R,K,-0.1473,0.2927,12.25,4
251(E2),R,L,1.019,0.2734,8.5,4
251(E2),R,M,-0.4003,0.6436,6.5,4
251(E2),R,N,-2.569,0.5533,6,4
251(E2),R,P,-0.3525,0.2286,9.75,4
251(E2),R,Q,-1.512,0.08847,7,4
251(E2),R,R,0,0,,4
251(E2),R,S,-1.405,0.1098,11.5,4
251(E2),R,T,-1.858,0.3781,6.5,4
251(E2),R,V,-0.6062,0.8672,10.5,4
251(E2),R,W,-2.692,0.05792,7.5,4
251(E2),R,Y,-0.7386,0.6034,8,4
252(E1),Q,*,-6.06,0,9,4
252(E1),Q,A,1.784,1.232,3,4
252(E1),Q,C,-1.894,0.3901,3.5,4
252(E1),Q,D,0.4592,0.4419,3,4
252(E1),Q,E,-1.415,0.5158,2.5,4
252(E1),Q,F,-1.703,0.3665,3,4
252(E1),Q,G,0.17,1.718,2.5,4
252(E1),Q,H,4.027,2.848,5.5,4
252(E1),Q,I,-1.347,0.7721,1.5,4
252(E1),Q,K,-0.184,0.4175,6.5,4
252(E1),Q,L,0.5535,2.559,3,4
252(E1),Q,M,0.8183,0.9444,2,4
252(E1),Q,N,2.542,1.47,1.5,4
252(E1),Q,P,-3.84,0.3057,5,4
252(E1),Q,Q,0,0,,4
252(E1),Q,R,3.006,1.583,1.5,4
252(E1),Q,S,1.235,0.6053,1,2
252(E1),Q,T,0.6473,0.3721,3.25,4
252(E1),Q,V,-1.195,0.4965,4.5,4
252(E1),Q,W,-4.792,0.109,0.5,2
252(E1),Q,Y,-2.663,1.188,2.5,4
252(E2),K,*,-5.317,0,3.5,4
252(E2),K,-,0.1514,0.2503,0.5,2
252(E2),K,A,-2.422,0.1616,11.5,4
252(E2),K,C,-4.853,0.1871,5.75,4
252(E2),K,D,-6.28,0,6,4
252(E2),K,E,-6.583,0,5.5,4
252(E2),K,F,-2.162,0.4477,7.5,4
252(E2),K,G,-2.368,0.1248,9.5,4
252(E2),K,H,-3.13,0.4608,7.5,4
252(E2),K,I,-1.136,0.5367,7,4
252(E2),K,K,0,0,,4
252(E2),K,L,-1.435,0.1086,7.5,4
252(E2),K,M,-0.7452,0.5527,9.5,4
252(E2),K,N,-2.868,0.2081,11,4
252(E2),K,P,-4.702,0.3869,6,4
252(E2),K,Q,-2.011,0.1417,7,4
252(E2),K,R,0.2936,0.531,11.5,4
252(E2),K,S,-2.646,0.2994,6.5,4
252(E2),K,T,-1.883,0.176,6.5,4
252(E2),K,V,-2.045,0.6216,6.5,4
252(E2),K,W,-2.618,0.2966,5.5,4
252(E2),K,Y,-2.483,0.8386,5.5,4
253(E1),H,A,-0.4885,0.9618,3,4
253(E1),H,C,-2.436,0.4583,5.75,4
253(E1),H,D,-2.083,2.875,1,4
253(E1),H,E,-2.514,1.472,2,4
253(E1),H,F,1.717,0.7523,2.5,4
253(E1),H,G,-2.017,0.06,1,2
253(E1),H,H,0,0,,4
253(E1),H,I,-5.222,0.3295,1.5,4
253(E1),H,K,-2.83,0.5551,3,4
253(E1),H,L,-2.4,0.6999,2.5,4
253(E1),H,M,-1.691,0.2337,3,4
253(E1),H,N,-1.388,0.4958,5.5,4
253(E1),H,P,-7.153,0,5.5,4
253(E1),H,Q,-0.9988,0.5197,6.5,4
253(E1),H,R,-2.14,0.57,1.5,4
253(E1),H,S,-1.772,0.5523,3,4
253(E1),H,T,-2.45,0.0585,1,2
253(E1),H,V,-4.25,0.5113,2,4
253(E1),H,W,-3.064,2.564,3,4
253(E1),H,Y,2.412,0.8699,9,4
253(E2),G,-,-0.2062,0.05195,0.5,2
253(E2),G,A,-1.312,0.3336,8,4
253(E2),G,C,-3.405,0.9033,10,4
253(E2),G,D,-7.037,0,29.5,4
253(E2),G,E,-6.721,0,7.5,4
253(E2),G,F,-2.747,0.551,7,4
253(E2),G,G,0,0,,4
253(E2),G,H,-6.178,0,5,4
253(E2),G,I,-3.511,0.555,3.5,4
253(E2),G,K,-5.978,0,6,4
253(E2),G,L,-4.643,0.2697,4.5,4
253(E2),G,M,-2.854,0.3102,3.75,4
253(E2),G,N,-4.398,0.2156,5.5,4
253(E2),G,P,-6.625,0,5.5,4
253(E2),G,Q,-6.169,0,4,4
253(E2),G,R,-5.1,0.3802,7.75,4
253(E2),G,S,-2.743,0.2346,8.5,4
253(E2),G,T,-3.922,0.3477,4,4
253(E2),G,V,-3.853,0.2368,8.5,4
253(E2),G,W,-4.231,0.2312,5.5,4
253(E2),G,Y,-4.672,0.01169,4,4
254(E1),T,*,-5.398,0,0.5,2
254(E1),T,-,-0.03795,0.3466,0.5,2
254(E1),T,A,0.1914,0.705,0.5,2
254(E1),T,C,-2.533,0.1341,3.5,4
254(E1),T,D,-5.088,0.1685,2,4
254(E1),T,E,-6.671,0,4,4
254(E1),T,F,-6.245,0,1,2
254(E1),T,G,-6.855,0,3.5,4
254(E1),T,H,-2.258,0.8889,2,4
254(E1),T,I,-3.074,0.4994,10.5,4
254(E1),T,K,-0.7569,0.5984,3,4
254(E1),T,L,-2.631,0.1135,2,2
254(E1),T,M,-1.83,1.192,1.5,4
254(E1),T,N,-1.865,2.251,7.25,4
254(E1),T,P,-6.55,0,3.5,4
254(E1),T,Q,-2.418,0.3497,3.5,4
254(E1),T,R,-0.854,1.111,1.5,4
254(E1),T,S,-2.154,0.6692,3.5,4
254(E1),T,T,0,0,,4
254(E1),T,V,-2.315,0.3255,1,2
254(E1),T,W,-5.848,0,3,4
254(E1),T,Y,-5.1,0.08271,3,4
254(E2),K,-,0.3129,0.3405,0.5,2
254(E2),K,A,-1.047,0.4743,5.5,4
254(E2),K,C,-5.625,0.1243,5.5,4
254(E2),K,D,-6.625,0,7.5,4
254(E2),K,E,-5.797,0,5,4
254(E2),K,F,-1.123,0.1749,5.5,4
254(E2),K,G,-3.223,0.2052,9.5,4
254(E2),K,H,-1.508,0.3003,5.5,4
254(E2),K,I,-1.099,0.6827,6,4
254(E2),K,K,0,0,,4
254(E2),K,L,-1.363,0.1695,5.5,4
254(E2),K,M,-1.543,0.4213,5.5,4
254(E2),K,N,-3.175,0.1886,8.5,4
254(E2),K,P,-6.264,0,6.5,4
254(E2),K,Q,-2.06,0.3865,3.5,4
254(E2),K,R,-0.2611,0.3772,11,4
254(E2),K,S,-1.856,0.332,5.5,4
254(E2),K,T,-0.7804,0.2849,6.5,4
254(E2),K,V,-0.5353,0.8015,6,4
254(E2),K,W,-1.907,0.2212,7.5,4
254(E2),K,Y,-0.8886,0.2683,5.5,4
255(E1),A,-,-0.4899,0.1742,0.5,2
255(E1),A,A,0,0,,4
255(E1),A,C,1.934,1.696,3,4
255(E1),A,D,-6.984,0,10.25,4
255(E1),A,E,-6.881,0,6.5,4
255(E1),A,F,-6.44,0,7,4
255(E1),A,G,-0.8775,0.3019,7,4
255(E1),A,H,-6.159,0,11,4
255(E1),A,I,-6.84,0,5.5,4
255(E1),A,K,-7.11,0,6,4
255(E1),A,L,-1.553,0.387,6.5,4
255(E1),A,M,-3.407,0.3694,5.5,4
255(E1),A,N,-6.496,0,4.5,4
255(E1),A,P,-7.385,0,7,4
255(E1),A,Q,-5.691,0,7,4
255(E1),A,R,-6.859,0,5.5,4
255(E1),A,S,0.3577,1.435,5.25,4
255(E1),A,T,-0.46,0.1706,25.75,4
255(E1),A,V,-6.084,0,42,4
255(E1),A,W,-7.183,0,7,4
255(E1),A,Y,-6.685,0,7.5,4
255(E2),V,-,-0.9107,0.2873,0.5,2
255(E2),V,A,-2.833,0.312,6,4
255(E2),V,C,-5.091,0,5.5,4
255(E2),V,D,-5.931,0.129,9,4
255(E2),V,E,-6.027,0,6.5,4
255(E2),V,F,-1.923,0.1308,9,4
255(E2),V,G,-6.345,0,5,4
255(E2),V,H,-5.21,0,5.5,4
255(E2),V,I,0.8574,0.1767,6.5,4
255(E2),V,K,-5.086,0,7.25,4
255(E2),V,L,-0.2209,0.2532,12.5,4
255(E2),V,M,-0.3028,0.4238,10.5,4
255(E2),V,N,-5.565,0,5.5,4
255(E2),V,P,-6.136,0,6,4
255(E2),V,Q,-5.893,0,9,4
255(E2),V,R,-6.239,0,6,4
255(E2),V,S,-5.784,0,4.5,4
255(E2),V,T,-2.885,0.3925,7.5,4
255(E2),V,V,0,0,,4
255(E2),V,W,-5.256,0,6.75,4
255(E2),V,Y,-2.675,0.1435,5.25,4
256(E1),P,-,-0.1147,0.8997,1,4
256(E1),P,A,-0.08814,0.8302,6.5,4
256(E1),P,C,-7.024,0,6.5,4
256(E1),P,D,-5.768,0,4,4
256(E1),P,E,-3.643,0.1763,6.5,4
256(E1),P,F,-6.019,0,4.5,4
256(E1),P,G,-2.753,0.3352,4.5,4
256(E1),P,H,-6.523,0,7,4
256(E1),P,I,-6.89,0,4.5,4
256(E1),P,K,-7.022,0,3.5,4
256(E1),P,L,-7.625,0,6.5,4
256(E1),P,M,-4.316,0.2035,9.5,4
256(E1),P,N,-6.318,0,8.5,4
256(E1),P,P,0,0,,4
256(E1),P,Q,-2.444,0.3714,8,4
256(E1),P,R,-6.862,0,7,4
256(E1),P,S,-1.761,1.215,5.5,4
256(E1),P,T,-6.572,0,7,4
256(E1),P,V,-6.988,0,4,4
256(E1),P,W,-6.646,0,5.5,4
256(E1),P,Y,-6.381,0,5.5,4
256(E2),H,-,-0.3594,0.4394,0.5,2
256(E2),H,A,0.7091,0.4703,5,4
256(E2),H,C,-2.902,0.3022,8,4
256(E2),H,D,-2.735,0.2034,6,4
256(E2),H,E,-1.375,0.1974,4,4
256(E2),H,F,-0.4941,0.2978,6,4
256(E2),H,G,1.615,0.923,5,4
256(E2),H,H,0,0,,4
256(E2),H,I,-1.895,0.121,4,2
256(E2),H,K,0.2284,0.6096,8,4
256(E2),H,L,-0.8506,0.2174,8.5,4
256(E2),H,M,0.4882,0.8084,5,4
256(E2),H,N,-1.03,0.8041,10,4
256(E2),H,P,1.955,0.7165,6.5,4
256(E2),H,Q,0.01682,0.3421,11.5,4
256(E2),H,R,-0.9444,0.3297,8,4
256(E2),H,S,-0.241,0.6339,6.5,4
256(E2),H,T,-0.1098,0.2507,6,4
256(E2),H,V,-1.722,1.495,3,4
256(E2),H,W,0.6384,2.154,7,4
256(E2),H,Y,0.1002,0.2971,28.75,4
257(E1),F,-,-0.275,0.9427,2,4
257(E1),F,A,-6.229,0.7569,2.25,4
257(E1),F,C,-6.774,0,3.5,4
257(E1),F,D,-5.287,0.2912,2.5,4
257(E1),F,E,-5.965,0,6.5,4
257(E1),F,F,0,0,,4
257(E1),F,G,-6.989,0,3.5,4
257(E1),F,H,-7.587,0,5,2
257(E1),F,I,-7.519,0,5.5,4
257(E1),F,K,-6.961,0,4.5,4
257(E1),F,L,-2.96,0.2652,18.5,4
257(E1),F,M,-1.938,0.5859,9,4
257(E1),F,N,-5.186,0,4.5,4
257(E1),F,P,-6.825,0,6.25,4
257(E1),F,Q,-6.941,0,1.5,2
257(E1),F,R,-6.617,0,3,4
257(E1),F,S,-5.482,0,4.5,4
257(E1),F,T,-5.706,0,5.5,4
257(E1),F,V,-6.317,0,5.5,4
257(E1),F,W,-0.1935,1.615,5.5,4
257(E1),F,Y,-5.998,0,8.5,4
257(E2),I,-,-0.4647,0.2006,0.5,2
257(E2),I,A,-1.465,0.576,9.5,4
257(E2),I,C,-4.271,0.1998,6.5,4
257(E2),I,D,-6.044,0,3.5,4
257(E2),I,E,-3.981,0.4751,3.5,4
257(E2),I,F,-5.74,0,6.5,4
257(E2),I,G,-2.139,0.1801,6,4
257(E2),I,H,-5.592,0,6,4
257(E2),I,I,0,0,,4
257(E2),I,K,-6.122,0,6.5,4
257(E2),I,L,-2.633,0.5115,9,4
257(E2),I,M,-4.006,0.1215,5.5,4
257(E2),I,N,-6.116,0.3356,4.5,4
257(E2),I,P,-3.296,0.6328,7,4
257(E2),I,Q,-2.301,0.2194,3,4
257(E2),I,R,-5.518,0,6,4
257(E2),I,S,-0.74,0.4639,6,4
257(E2),I,T,-1.589,0.2961,15.5,4
257(E2),I,V,2.777,0.9988,5.5,4
257(E2),I,W,-6.707,0,5.5,4
257(E2),I,Y,-6.163,0.02122,5,4
258(E1),G,-,-0.6541,0.8886,3,4
258(E1),G,A,-0.6175,0.5718,7.5,4
258(E1),G,C,-3.47,0.416,10.5,4
258(E1),G,D,-6.796,0,15.5,4
258(E1),G,E,-6.673,0,6.5,4
258(E1),G,F,-6.438,0,4.5,4
258(E1),G,G,0,0,,4
258(E1),G,H,-3.725,0.5235,3,4
258(E1),G,I,-5.955,0,4.5,4
258(E1),G,K,-6.675,0,5,4
258(E1),G,L,-6.344,0,2.5,4
258(E1),G,M,-2.494,0.6359,7.5,4
258(E1),G,N,-4.881,0.2715,5,4
258(E1),G,P,-7.152,0,7,4
258(E1),G,Q,-2.624,0.1765,6.5,4
258(E1),G,R,-3.428,0.3742,6.5,4
258(E1),G,S,-2.212,0.1457,8.75,4
258(E1),G,T,-5.234,0,7.5,4
258(E1),G,V,-6.985,0,7.5,4
258(E1),G,W,-9.197,0,6,4
258(E1),G,Y,-6.668,0,7,4
258(E2),P,-,-1.784,0.039,1,2
258(E2),P,A,-2.576,0.1602,6.5,4
258(E2),P,C,-5.051,0,8.5,4
258(E2),P,D,-5.688,0,6,4
258(E2),P,E,-4.907,0.1576,5.5,4
258(E2),P,F,-6.387,0,4,4
258(E2),P,G,-5.099,0,4.5,4
258(E2),P,H,-4.588,0,6.5,4
258(E2),P,I,-6.999,0,8,4
258(E2),P,K,-5.78,0,8.5,4
258(E2),P,L,-6.439,0,10,4
258(E2),P,M,-6.261,0.1966,7.5,4
258(E2),P,N,-7.154,0,4.25,4
258(E2),P,P,0,0,,4
258(E2),P,Q,-7.104,0,6.5,4
258(E2),P,R,-6.208,0,4.5,4
258(E2),P,S,-5.032,0.143,10.5,4
258(E2),P,T,-7.849,0,11,4
258(E2),P,V,-6.345,0,5.5,4
258(E2),P,W,-6.202,0,7,4
258(E2),P,Y,-5.861,0,7,4
259(E1),C,*,-6.724,0,9.5,4
259(E1),C,-,-1.104,0.4554,2.5,4
259(E1),C,A,-6.264,0,4.5,4
259(E1),C,C,0,0,,4
259(E1),C,D,-7.76,0,7.5,4
259(E1),C,E,-7.389,0,4,4
259(E1),C,F,-7.827,0,10.25,4
259(E1),C,G,-6.186,0,3,4
259(E1),C,H,-6.239,0,5,4
259(E1),C,I,-6.98,0,7,4
259(E1),C,K,-6.763,0,5,4
259(E1),C,L,-7.452,0,9.5,4
259(E1),C,M,-5.539,0,4.25,4
259(E1),C,N,-6.478,0,3,4
259(E1),C,P,-7.263,0,5,4
259(E1),C,Q,-7.083,0,6.5,4
259(E1),C,R,-7.381,0,12.5,4
259(E1),C,S,-7.928,0,9,4
259(E1),C,T,-7.037,0,5.5,4
259(E1),C,V,-6.204,0,7.5,4
259(E1),C,W,-5.941,0,8,4
259(E1),C,Y,-9.53,0,75,4
259(E2),F,-,-2.176,0.3205,1,2
259(E2),F,A,-6.758,0,8.5,4
259(E2),F,C,-6.612,0,8.5,4
259(E2),F,D,-3.99,1.03,3.5,4
259(E2),F,E,-6.022,0,5,4
259(E2),F,F,0,0,,4
259(E2),F,G,-6.188,0,7.5,4
259(E2),F,H,-6.491,0,7,4
259(E2),F,I,-6.806,0,9,4
259(E2),F,K,-6.718,0,4.5,4
259(E2),F,L,-5.449,0,11,4
259(E2),F,M,-6.29,0,8.5,4
259(E2),F,N,-5.886,0,6.5,4
259(E2),F,P,-5.83,0,3.5,4
259(E2),F,Q,-6.799,0,4,4
259(E2),F,R,-6.854,0,6,4
259(E2),F,S,-5.619,0,9.5,4
259(E2),F,T,-5.365,0,4.5,4
259(E2),F,V,-6.315,0,4.5,4
259(E2),F,W,-1.768,0.4204,4.5,4
259(E2),F,Y,-1.046,0.4738,4,4
26(6K),L,*,-7.398,0,9,4
26(6K),L,-,-0.4214,0.3193,0.5,2
26(6K),L,A,1.001,3.902,5,4
26(6K),L,C,1.047,1.774,7,4
26(6K),L,D,-3.598,1.295,6.25,4
26(6K),L,E,-2.028,0.1698,9.5,4
26(6K),L,F,-0.0505,1.722,6.5,4
26(6K),L,G,-0.9939,0.6593,5.5,4
26(6K),L,H,-1.275,0.6675,7,4
26(6K),L,I,-0.8181,0.7664,4.75,4
26(6K),L,K,-4.922,0.06235,4.5,4
26(6K),L,L,0,0,,4
26(6K),L,M,-0.3721,1.115,15,4
26(6K),L,N,-2.655,0.3763,6.5,4
26(6K),L,P,-1.373,0.8387,7.5,4
26(6K),L,Q,-2.63,0.07361,9,4
26(6K),L,R,-5.991,0,10,4
26(6K),L,S,-1.243,1.409,9.75,4
26(6K),L,T,-1.579,0.8074,7.5,4
26(6K),L,V,0.9526,1.038,8,4
26(6K),L,W,1.269,0.2088,6,4
26(6K),L,Y,0.01211,0.4887,4,4
26(E1),P,-,-0.2988,0.2688,1,2
26(E1),P,A,-2.155,0.1317,9,4
26(E1),P,C,-3.583,0.3534,7.5,4
26(E1),P,D,-3.598,0.1935,10,4
26(E1),P,E,-5.837,0,7.75,4
26(E1),P,F,-3.453,0.2557,10.75,4
26(E1),P,G,-1.955,0.9429,5,4
26(E1),P,H,-3.516,0.2568,5,4
26(E1),P,I,-1.901,0.357,5,4
26(E1),P,K,-4.825,0.4088,3.75,4
26(E1),P,L,-3.133,0.28,9,4
26(E1),P,M,-2.638,0.1684,7,4
26(E1),P,N,-2.788,0.5126,7,4
26(E1),P,P,0,0,,4
26(E1),P,Q,-3.801,0.1704,8,4
26(E1),P,R,-5.048,0.03811,8,4
26(E1),P,S,-2.476,0.2091,11.25,4
26(E1),P,T,-3.408,0.2832,7,4
26(E1),P,V,-3.101,0.3823,6.25,4
26(E1),P,W,-4.149,0.1055,6.5,4
26(E1),P,Y,-3.099,0.2437,13,4
26(E2),H,-,-0.5894,0.02615,0.5,2
26(E2),H,A,-0.418,0.2955,6,4
26(E2),H,C,-1.919,0.487,4.5,4
26(E2),H,D,-0.9817,0.2284,6,4
26(E2),H,E,-1.287,0.2454,7.5,4
26(E2),H,F,-0.1872,0.3884,8,4
26(E2),H,G,-0.2262,0.4924,9.5,4
26(E2),H,H,0,0,,4
26(E2),H,I,-1.458,0.2479,8.5,4
26(E2),H,K,-0.2337,1.122,3,4
26(E2),H,L,-1.704,0.5074,8.5,4
26(E2),H,M,-0.5033,0.2648,5.5,4
26(E2),H,N,0.02341,0.1288,10.5,4
26(E2),H,P,-2.335,0.2352,9.5,4
26(E2),H,Q,0.0149,0.1736,8.5,4
26(E2),H,R,-0.5921,0.5131,7.5,4
26(E2),H,S,-0.7853,0.4046,7.5,4
26(E2),H,T,0.06415,0.2296,8.5,4
26(E2),H,V,-1.862,0.3941,7,4
26(E2),H,W,0.2948,1.4,7,4
26(E2),H,Y,-0.4551,0.3111,11,4
26(E3),C,*,-7.181,0,12.5,4
26(E3),C,-,-0.9668,0.00395,0.5,2
26(E3),C,A,-1.13,0.8162,6.5,4
26(E3),C,C,0,0,,4
26(E3),C,D,-4.02,0.4782,7.5,4
26(E3),C,E,-3.26,0.1416,8.5,4
26(E3),C,F,-2.907,0.7982,10.5,4
26(E3),C,G,-3.452,1.027,5.5,4
26(E3),C,H,-3.123,0.4766,11.5,4
26(E3),C,I,-2.344,0.5096,8.5,4
26(E3),C,K,-2.683,0.2029,8.5,4
26(E3),C,L,-1.24,0.3152,8.5,4
26(E3),C,M,-1.615,0.445,9,4
26(E3),C,N,-2.626,0.5683,6.5,4
26(E3),C,P,-2.36,0.1316,5.5,4
26(E3),C,Q,-2.303,0.07594,10.5,4
26(E3),C,R,-2.829,0.5966,9,4
26(E3),C,S,-1.5,0.5405,9.5,4
26(E3),C,T,-1.964,0.5321,6.5,4
26(E3),C,V,-2.473,0.5047,9.5,4
26(E3),C,W,-2.545,0.2212,11,4
26(E3),C,Y,-2.508,0.1142,14.5,4
260(E1),Q,*,-5.892,0.526,6,4
260(E1),Q,-,-0.3054,0.4595,3,4
260(E1),Q,A,0.728,1.559,7,4
260(E1),Q,C,-1.53,0.5138,5,4
260(E1),Q,D,-0.8115,1.068,6.5,4
260(E1),Q,E,0.068,2.293,2,4
260(E1),Q,F,-1.04,0.2936,4.5,4
260(E1),Q,G,-1.369,1.126,5,4
260(E1),Q,H,0.3611,0.8925,5.5,4
260(E1),Q,I,-1.744,0.4227,5.5,4
260(E1),Q,K,-0.5185,0.3397,6,4
260(E1),Q,L,-0.4131,0.6224,7,4
260(E1),Q,M,0.4075,0.5004,7.5,4
260(E1),Q,N,0.8022,0.793,4.5,4
260(E1),Q,P,-6.266,0,9,4
260(E1),Q,Q,0,0,,4
260(E1),Q,R,-1.766,0.2681,6.5,4
260(E1),Q,S,0.8057,0.8264,3,4
260(E1),Q,T,-0.1625,1.145,6.75,4
260(E1),Q,V,-1.063,0.8984,4,4
260(E1),Q,W,-0.2955,0.5065,6.5,4
260(E1),Q,Y,-0.5635,0.425,6.5,4
260(E2),P,-,-2.124,0.609,1,2
260(E2),P,A,-1.714,0.6875,4.5,4
260(E2),P,C,-6.313,0,3,4
260(E2),P,D,-1.904,2.471,4.5,4
260(E2),P,E,-2.004,0.2032,2,4
260(E2),P,F,-3.21,0.124,9,4
260(E2),P,G,-0.4691,0.6819,4.75,4
260(E2),P,H,-2.804,0.5479,8,4
260(E2),P,I,-2.406,0.1276,6.5,4
260(E2),P,K,-2.293,0.5387,5,4
260(E2),P,L,-3.436,0.5348,10,4
260(E2),P,M,-1.933,0.3417,8,4
260(E2),P,N,-2.275,0.1614,4,4
260(E2),P,P,0,0,,4
260(E2),P,Q,-1.288,0.3318,10,4
260(E2),P,R,-1.884,0.2902,9,4
260(E2),P,S,-1.881,0.3119,9,4
260(E2),P,T,-1.204,0.3966,9.25,4
260(E2),P,V,-1.645,0.1926,5,4
260(E2),P,W,-5.168,0.009093,9,4
260(E2),P,Y,-2.734,0.255,7,4
261(E1),I,-,-0.7752,0.4938,3,4
261(E1),I,A,-7.048,0,4.5,4
261(E1),I,C,-6.309,0,3,4
261(E1),I,D,-6.369,0,5,4
261(E1),I,E,-7.021,0,4.5,4
261(E1),I,F,-0.5936,2.28,6,4
261(E1),I,G,-7.258,0,3,4
261(E1),I,H,-6.577,0,8,4
261(E1),I,I,0,0,,4
261(E1),I,K,-7.075,0,11.75,4
261(E1),I,L,-1.551,1.227,6.5,4
261(E1),I,M,-0.8565,0.4945,4.5,4
261(E1),I,N,-7.307,0,9,4
261(E1),I,P,-7.062,0,7,4
261(E1),I,Q,-7.056,0,6,4
261(E1),I,R,-6.723,0,4.5,4
261(E1),I,S,-6.465,0,5.5,4
261(E1),I,T,-5.3,0,5.5,4
261(E1),I,V,-0.4697,0.36,6,4
261(E1),I,W,-6.139,0,7.5,4
261(E1),I,Y,-6.382,0,6.5,4
261(E2),L,-,-0.6303,0.3857,0.5,2
261(E2),L,A,-6.434,0,6,4
261(E2),L,C,-6.108,0,9,4
261(E2),L,D,-6.767,0,7,4
261(E2),L,E,-6.52,0,7.5,4
261(E2),L,F,-5.087,0,3.5,4
261(E2),L,G,-5.858,0.2568,5.5,4
261(E2),L,H,-3.905,0.358,6.25,4
261(E2),L,I,-1.054,0.7571,4,4
261(E2),L,K,-6.521,0,4.25,4
261(E2),L,L,0,0,,4
261(E2),L,M,-0.5544,0.5467,14.5,4
261(E2),L,N,-5.736,0,8,4
261(E2),L,P,-4.931,0,11.5,4
261(E2),L,Q,-6.726,0,7,4
261(E2),L,R,-6.092,0,11,4
261(E2),L,S,-5.319,0,5,4
261(E2),L,T,-2.542,0.3133,4,4
261(E2),L,V,-0.6371,0.3697,8.5,4
261(E2),L,W,-5.845,0,6,4
261(E2),L,Y,-6.396,0,5.5,4
262(E1),A,-,-0.6886,0.7644,2.5,4
262(E1),A,A,0,0,,4
262(E1),A,C,-1.369,2.413,3,4
262(E1),A,D,-0.8509,0.6755,6.5,4
262(E1),A,E,-1.202,2.12,3.5,4
262(E1),A,F,-0.3283,1.772,2.5,4
262(E1),A,G,-0.7828,0.8575,3.5,4
262(E1),A,H,-1.379,0.1397,7.5,4
262(E1),A,I,0.7531,1.452,6.5,4
262(E1),A,K,-1.359,0.6385,3.5,4
262(E1),A,L,-0.0115,1.321,3.5,4
262(E1),A,M,-0.2766,0.7513,3.5,4
262(E1),A,N,-0.4514,2.297,4.5,4
262(E1),A,P,-3.857,0.1692,9.5,4
262(E1),A,Q,-0.5092,1.679,3.5,4
262(E1),A,R,2.268,1.263,3.5,4
262(E1),A,S,-1.603,1.753,7,4
262(E1),A,T,-1.413,0.1095,52,4
262(E1),A,V,-1.359,1.003,9.5,4
262(E1),A,W,-0.1135,1.259,5,4
262(E1),A,Y,-0.9145,1.348,5,4
262(E2),A,-,-0.286,0.02655,0.5,2
262(E2),A,A,0,0,,4
262(E2),A,C,-1.435,0.2786,8,4
262(E2),A,D,-2.114,0.09775,7.5,4
262(E2),A,E,-1.271,0.7606,5.5,4
262(E2),A,F,-0.9029,0.916,5,4
262(E2),A,G,-1.586,0.1085,5.5,4
262(E2),A,H,0.5885,0.4601,9,4
262(E2),A,I,1.108,1.518,5.5,4
262(E2),A,K,1.089,0.3302,4,4
262(E2),A,L,0.0071,0.6061,6,4
262(E2),A,M,-0.03505,0.2051,5,4
262(E2),A,N,-0.5236,0.4491,5.25,4
262(E2),A,P,-6.559,0,7.5,4
262(E2),A,Q,1.034,0.258,2,2
262(E2),A,R,1.917,1.743,5,4
262(E2),A,S,-1.164,0.2787,7.5,4
262(E2),A,T,0.1623,0.09427,52.75,4
262(E2),A,V,1.058,0.611,17,4
262(E2),A,W,-0.6757,0.3462,13,4
262(E2),A,Y,-2,2.463,3.5,4
263(E1),T,-,-1.137,0.5279,2,4
263(E1),T,A,0.6582,1.716,8.5,4
263(E1),T,C,-2.295,0.2583,4,4
263(E1),T,D,-2.509,3.636,6.5,4
263(E1),T,E,-3.142,0.2792,5.5,4
263(E1),T,F,-2.733,0.5969,3.5,4
263(E1),T,G,-1.345,0.2141,4.75,4
263(E1),T,H,-2.123,1.365,3,4
263(E1),T,I,-1.199,0.2895,10.5,4
263(E1),T,K,-3.209,0.3679,10,4
263(E1),T,L,-2.353,0.5288,6,4
263(E1),T,M,-2.181,0.8958,5.5,4
263(E1),T,N,-2.083,0.1443,3.5,4
263(E1),T,P,-2.071,0.2684,4,4
263(E1),T,Q,-1.485,1.149,2.5,4
263(E1),T,R,-4.321,0.02093,2.5,4
263(E1),T,S,-0.3865,2.055,6,4
263(E1),T,T,0,0,,4
263(E1),T,V,0.8265,0.9047,7,4
263(E1),T,W,-1.67,1.151,2.5,4
263(E1),T,Y,-1.937,0.1454,6,4
263(E2),N,A,0.3523,0.2599,8.5,4
263(E2),N,C,-6.204,0,2.5,4
263(E2),N,D,-0.8004,0.3854,4.5,4
263(E2),N,E,-1.425,0.4924,2.5,4
263(E2),N,F,-2.653,0.3639,5,4
263(E2),N,G,-1.666,0.9228,5,4
263(E2),N,H,0.4492,0.8238,8.5,4
263(E2),N,I,-1.403,0.5641,4.75,4
263(E2),N,K,-1.263,0.798,9,4
263(E2),N,L,-1.381,0.2404,7,4
263(E2),N,M,1.897,1.271,3.5,4
263(E2),N,N,0,0,,4
263(E2),N,P,-0.7543,0.6353,5,4
263(E2),N,Q,-0.9059,0.1329,5,4
263(E2),N,R,-2.013,0.5505,4.5,4
263(E2),N,S,0.0313,0.2789,9.5,4
263(E2),N,T,0.495,2.061,7.5,4
263(E2),N,V,-0.5187,0.5748,3.5,4
263(E2),N,W,-3.151,0.2476,4,4
263(E2),N,Y,-1.441,0.4453,8,4
264(E1),N,*,-2.599,0.1025,0.5,2
264(E1),N,-,-0.3256,0.1867,1.5,2
264(E1),N,A,1.339,1.68,5.5,4
264(E1),N,C,-2.926,0.2552,2.5,4
264(E1),N,D,-0.8357,2.02,5,4
264(E1),N,E,-0.3377,0.3697,5,4
264(E1),N,F,-0.1593,0.5226,7.5,4
264(E1),N,G,1.74,1.7,4,4
264(E1),N,H,-0.9967,0.6194,6,4
264(E1),N,I,-2.002,0.4731,2.5,4
264(E1),N,K,-0.9209,0.938,9,4
264(E1),N,L,-0.3422,0.7955,5.5,4
264(E1),N,M,-0.2826,0.5273,7,4
264(E1),N,N,0,0,,4
264(E1),N,P,-2.817,0.1145,4.5,4
264(E1),N,Q,1.17,1.23,2.5,4
264(E1),N,R,0.0475,1.456,5.5,4
264(E1),N,S,0.4924,0.8862,5.5,4
264(E1),N,T,-0.001,1.904,4.5,4
264(E1),N,V,-0.697,0.9262,5,4
264(E1),N,W,-1.161,0.3508,4,4
264(E1),N,Y,-0.33,1.752,8,4
264(E2),V,-,0.1374,0.3615,1,4
264(E2),V,A,-0.9466,0.4656,6,4
264(E2),V,C,-2.65,0.1583,8.5,4
264(E2),V,D,-2.695,0.2618,8.5,4
264(E2),V,E,-2.679,0.2397,5,4
264(E2),V,F,-1.359,0.3668,3.5,4
264(E2),V,G,-1.938,0.2142,2.5,4
264(E2),V,H,-1.59,0.1614,4.5,4
264(E2),V,I,-1.415,0.1062,6.5,4
264(E2),V,K,1.797,2.235,3.25,4
264(E2),V,L,-1.798,0.497,11,4
264(E2),V,M,-1.36,0.5671,19,4
264(E2),V,N,-2.025,0.2902,2.5,4
264(E2),V,P,-6.242,0,5.5,4
264(E2),V,Q,-1.057,0.38,6.75,4
264(E2),V,R,1.027,1.596,4.5,4
264(E2),V,S,-0.8698,0.1782,6.5,4
264(E2),V,T,0.3354,0.7693,4,4
264(E2),V,V,0,0,,4
264(E2),V,W,-1.143,0.1096,6.5,4
264(E2),V,Y,-1.199,0.1773,6,4
265(E1),P,-,-0.6354,0.2908,1,2
265(E1),P,A,-5.572,0,7,4
265(E1),P,C,-6.816,0,5.5,4
265(E1),P,D,-5.839,0,2,4
265(E1),P,E,-6.926,0,5,4
265(E1),P,F,-6.803,0,6.5,4
265(E1),P,G,-6.485,0,5.25,4
265(E1),P,H,-6.109,0,8,4
265(E1),P,I,-6.925,0,5.5,4
265(E1),P,K,-5.759,0,3,4
265(E1),P,L,-7.322,0,10.5,4
265(E1),P,M,-6.917,0,7.5,4
265(E1),P,N,-4.744,0,5,4
265(E1),P,P,0,0,,4
265(E1),P,Q,-5.662,0,5.5,4
265(E1),P,R,-6.524,0,3.5,4
265(E1),P,S,-5.806,0,9,4
265(E1),P,T,-5.55,0,9.5,4
265(E1),P,V,-6.018,0,4,4
265(E1),P,W,-4.877,0.04893,3.5,4
265(E1),P,Y,-6.119,0,3.5,4
265(E2),T,-,-0.3099,0.6812,1.5,4
265(E2),T,A,-0.4424,0.2498,8.5,4
265(E2),T,C,-0.7088,0.1309,4,4
265(E2),T,D,-1.866,0.2529,5.5,4
265(E2),T,E,-0.4868,1.035,6,4
265(E2),T,F,0.5519,0.979,6.5,4
265(E2),T,G,-2.195,0.3735,5,4
265(E2),T,H,0.3357,0.9285,6,4
265(E2),T,I,-1.619,0.3724,13,4
265(E2),T,K,0.8508,0.6544,7.5,4
265(E2),T,L,1.025,1.1,2.5,4
265(E2),T,M,0.9081,1.192,6,4
265(E2),T,N,0.19,0.6414,9.5,4
265(E2),T,P,-3.433,0.4311,3.5,4
265(E2),T,Q,2.362,3.122,5,4
265(E2),T,R,-0.527,0.2482,5,4
265(E2),T,S,-0.00826,0.4237,8,4
265(E2),T,T,0,0,,4
265(E2),T,V,0.2994,0.7291,8,4
265(E2),T,W,0.5019,0.5947,7.5,4
265(E2),T,Y,1.9,1.237,6,4
266(E1),V,-,0.1551,0.196,0.5,2
266(E1),V,A,-3.486,0.4474,7.25,4
266(E1),V,C,-5.127,0,9.5,4
266(E1),V,D,-7.002,0,6.5,4
266(E1),V,E,-7.168,0,6,4
266(E1),V,F,-6.48,0,9,4
266(E1),V,G,-7.348,0,4.5,4
266(E1),V,H,-7.51,0,10,4
266(E1),V,I,-1.123,0.2066,4.5,4
266(E1),V,K,-6.726,0,3,4
266(E1),V,L,-2.065,0.1633,8,4
266(E1),V,M,-3.107,0.3419,12.5,4
266(E1),V,N,-7.203,0,6,4
266(E1),V,P,-0.4805,1.251,7.5,4
266(E1),V,Q,-6.387,0,3.5,4
266(E1),V,R,-7.106,0,11.25,4
266(E1),V,S,-7.05,0,6.5,4
266(E1),V,T,-1.116,0.721,5.5,4
266(E1),V,V,0,0,,4
266(E1),V,W,-7.099,0,6.5,4
266(E1),V,Y,-6.703,0,6,4
266(E2),C,*,-5.633,0,4,4
266(E2),C,-,-2.997,1.661,1.5,4
266(E2),C,A,-6.604,0,4.5,4
266(E2),C,C,0,0,,4
266(E2),C,D,-5.992,0,2.5,2
266(E2),C,E,-5.194,0.09699,5.5,4
266(E2),C,F,-7.188,0,11.5,4
266(E2),C,G,-7.085,0,7.5,4
266(E2),C,H,-6.765,0,7,4
266(E2),C,I,-6.596,0,6,4
266(E2),C,K,-6.462,0,4.5,4
266(E2),C,L,-6.468,0,7,4
266(E2),C,M,-6.551,0,7.5,4
266(E2),C,N,-6.746,0,6,4
266(E2),C,P,-6.425,0,6,4
266(E2),C,Q,-6.324,0,3.5,4
266(E2),C,R,-6.8,0,12,4
266(E2),C,S,-5.703,0,7,4
266(E2),C,T,-6.013,0,4,4
266(E2),C,V,-5.634,0,8,4
266(E2),C,W,-6.688,0,9.5,4
266(E2),C,Y,-8.148,0,81,4
267(E1),R,-,-0.5742,0.4578,0.5,2
267(E1),R,A,-1.824,0.6245,5,4
267(E1),R,C,-3.749,0.2844,5,4
267(E1),R,D,-6.078,0,3.5,2
267(E1),R,E,-6.39,0,3,4
267(E1),R,F,-6.39,0,4,4
267(E1),R,G,-3.81,0.2294,5.5,4
267(E1),R,H,-2.186,0.4101,4,4
267(E1),R,I,-1.934,0.3055,6,4
267(E1),R,K,-1.575,0.9469,2.5,4
267(E1),R,L,-2.18,1.002,8.75,4
267(E1),R,M,-1.736,0.2685,6.25,4
267(E1),R,N,-4.529,0.1308,2,4
267(E1),R,P,-6.821,0,6.5,4
267(E1),R,Q,-1.3,0.9235,15,4
267(E1),R,R,0,0,,4
267(E1),R,S,-1.548,0.1667,3.5,4
267(E1),R,T,-1.845,0.1348,6.5,4
267(E1),R,V,-1.379,0.8705,3,4
267(E1),R,W,-8.059,0,77.5,4
267(E1),R,Y,-3.998,0.07401,8.5,4
267(E2),R,*,-3.075,0.3865,1,2
267(E2),R,-,-0.9705,1,1.5,4
267(E2),R,A,-2.281,0.3163,4.5,4
267(E2),R,C,-2.04,0.336,11.75,4
267(E2),R,D,-5.779,0,2.5,4
267(E2),R,E,-5.864,0.4174,1.5,4
267(E2),R,F,1.467,0.8102,5.5,4
267(E2),R,G,-3.714,0.1523,12.5,4
267(E2),R,H,-2.242,0.3632,3,4
267(E2),R,I,-2.26,0.1554,8,4
267(E2),R,K,-0.8624,0.7968,7,4
267(E2),R,L,1.359,0.7478,5.5,4
267(E2),R,M,-0.8827,1.363,5.5,4
267(E2),R,N,-4.016,0.5513,9,4
267(E2),R,P,-5.146,0,5,4
267(E2),R,Q,-2.133,0.8854,2.75,4
267(E2),R,R,0,0,,4
267(E2),R,S,-2.234,0.257,12,4
267(E2),R,T,0.1252,0.8905,6,4
267(E2),R,V,-1.047,1.499,3,4
267(E2),R,W,-1.389,0.4837,10.5,4
267(E2),R,Y,-0.0123,0.9103,8.5,4
268(E1),A,-,0.6667,0.1246,0.5,2
268(E1),A,A,0,0,,4
268(E1),A,C,-2.328,0.2417,7,4
268(E1),A,D,-6.752,0,14.5,4
268(E1),A,E,-6.981,0,5.5,4
268(E1),A,F,-7.303,0,7,4
268(E1),A,G,-2.507,0.5189,2,4
268(E1),A,H,-6.984,0,4,4
268(E1),A,I,-7.642,0,6,4
268(E1),A,K,-6.318,0,5,4
268(E1),A,L,-7.114,0,5,4
268(E1),A,M,-6.023,0,8,4
268(E1),A,N,-7.238,0,3.5,4
268(E1),A,P,-6.845,0,3,4
268(E1),A,Q,-6.941,0,4,4
268(E1),A,R,-7.143,0,4,4
268(E1),A,S,-0.9746,0.7094,5.5,4
268(E1),A,T,-3.788,0.2391,36,4
268(E1),A,V,-3.254,0.382,17.5,4
268(E1),A,W,-6.96,0,5.5,4
268(E1),A,Y,-6.677,0,8.5,4
268(E2),V,-,-0.354,0.58,1,4
268(E2),V,A,-2.812,0.5321,4.5,4
268(E2),V,C,-6.056,0,4,4
268(E2),V,D,-6.231,0,6,4
268(E2),V,E,-6.683,0,4.5,4
268(E2),V,F,-6.079,0,2.5,4
268(E2),V,G,-5.912,0.07578,2.5,4
268(E2),V,H,-3.415,1.271,3,4
268(E2),V,I,-1.7,0.1014,5.5,4
268(E2),V,K,-6.044,0,6.5,4
268(E2),V,L,-3.823,0.9455,8,4
268(E2),V,M,-6.184,0,14.5,4
268(E2),V,N,-5.941,0,5,4
268(E2),V,P,-5.958,0,4,4
268(E2),V,Q,-5.935,0,4.5,4
268(E2),V,R,-5.416,0,5,4
268(E2),V,S,-6.565,0,6,4
268(E2),V,T,-6.17,0,7,4
268(E2),V,V,0,0,,4
268(E2),V,W,-6.559,0,3.5,4
268(E2),V,Y,-5.029,0.4443,3.5,4
269(E1),M,-,-0.3289,0.2272,1,2
269(E1),M,A,-0.6681,0.9543,8,4
269(E1),M,C,-0.083,0.9867,6.5,4
269(E1),M,D,-1.905,0.2748,5.5,4
269(E1),M,E,-2.5,1.097,5,4
269(E1),M,F,0.1436,0.8068,8,4
269(E1),M,G,-2.651,0.332,4.5,4
269(E1),M,H,-1.268,0.4634,3.5,4
269(E1),M,I,0.1707,0.2878,140,4
269(E1),M,K,0.2955,0.9542,1.5,4
269(E1),M,L,-0.881,0.7876,8.5,4
269(E1),M,M,0,0,,4
269(E1),M,N,-0.4888,1.084,4.5,4
269(E1),M,P,-6.936,0,4,4
269(E1),M,Q,-0.9221,0.6014,2,4
269(E1),M,R,-0.5004,1.532,5,4
269(E1),M,S,-0.6464,1.588,4.5,4
269(E1),M,T,-1.328,0.3117,14.5,4
269(E1),M,V,0.2053,1.137,7.5,4
269(E1),M,W,-1.7,0.8373,2.5,4
269(E1),M,Y,-0.3892,0.7115,4,4
269(E2),P,-,-0.5339,0.563,1,4
269(E2),P,A,-2.879,0.4872,6.5,4
269(E2),P,C,-6.544,0,4,4
269(E2),P,D,-5.607,0,4,4
269(E2),P,E,-6.345,0,7.5,4
269(E2),P,F,-6.005,0,3.5,4
269(E2),P,G,-3.772,0.6267,2,4
269(E2),P,H,-5.428,0,7.5,4
269(E2),P,I,-5.564,0,5.5,4
269(E2),P,K,-6.739,0,3.5,4
269(E2),P,L,-6.541,0,10,4
269(E2),P,M,-6.784,0,7.5,4
269(E2),P,N,-5.67,0,7,4
269(E2),P,P,0,0,,4
269(E2),P,Q,-6.497,0,4.5,4
269(E2),P,R,-6.559,0,5,4
269(E2),P,S,-1.036,0.357,24,4
269(E2),P,T,-1.817,0.146,5,4
269(E2),P,V,-6.958,0,5.5,4
269(E2),P,W,-6.303,0,5,4
269(E2),P,Y,-6.446,0,2.5,4
27(6K),A,-,-0.5151,0.6212,2,4
27(6K),A,A,0,0,,4
27(6K),A,C,-0.04975,0.7282,8.25,4
27(6K),A,D,-2.744,0.5654,11,4
27(6K),A,E,-1.268,1.558,3,4
27(6K),A,F,0.512,0.6361,9.75,4
27(6K),A,G,-1.107,0.5733,6,4
27(6K),A,H,-0.9843,0.4838,10.5,4
27(6K),A,I,1.435,1.827,4.5,4
27(6K),A,K,-5.655,0.05023,8.5,4
27(6K),A,L,1.105,0.6104,9,4
27(6K),A,M,-0.6412,0.4779,7,4
27(6K),A,N,-2.802,0.7521,8,4
27(6K),A,P,-2.37,1.022,5,4
27(6K),A,Q,-4.389,1.21,2.5,4
27(6K),A,R,-6.2,0,8,4
27(6K),A,S,-0.6778,1.091,13.5,4
27(6K),A,T,0.676,0.2968,26,4
27(6K),A,V,-0.3581,0.3285,70.5,4
27(6K),A,W,-0.496,0.5984,7,4
27(6K),A,Y,0.1146,0.729,5.5,4
27(E1),M,-,0.3557,0.2766,0.5,2
27(E1),M,A,-2.991,0.1476,8,4
27(E1),M,C,-2.724,0.3008,6.5,4
27(E1),M,D,-6.728,0,6.5,4
27(E1),M,E,-3.665,0.237,7.25,4
27(E1),M,F,-0.1097,0.6823,12,4
27(E1),M,G,-6.369,0,10.5,4
27(E1),M,H,-3.355,0.2477,5.5,4
27(E1),M,I,0.138,0.9721,28.5,4
27(E1),M,K,-1.787,0.4378,7,4
27(E1),M,L,0.2602,0.876,9.5,4
27(E1),M,M,0,0,,4
27(E1),M,N,-5.248,0,10.5,4
27(E1),M,P,-6.568,0,11,4
27(E1),M,Q,-1.203,0.3708,12.5,4
27(E1),M,R,-3.029,0.3628,9.5,4
27(E1),M,S,-4.486,0.2165,8,4
27(E1),M,T,-1.623,0.3468,9,4
27(E1),M,V,0.021,1.797,11,4
27(E1),M,W,-1.133,0.982,4.5,4
27(E1),M,Y,-2.697,0.1636,7.5,4
27(E2),S,*,-5.46,0,0.5,2
27(E2),S,A,-0.8264,0.6815,9,4
27(E2),S,C,-2.115,0.2622,6.25,4
27(E2),S,D,-1.302,0.3641,5.5,4
27(E2),S,E,1.511,1.361,6.75,4
27(E2),S,F,-1.975,0.4213,11,4
27(E2),S,G,3.704,0.8249,7,4
27(E2),S,H,-1.091,0.7126,6,4
27(E2),S,I,-2.304,0.5961,5.5,4
27(E2),S,K,-2.566,0.629,4,4
27(E2),S,L,-2.511,0.2738,6,4
27(E2),S,M,-1.324,0.384,6,4
27(E2),S,N,-1.397,0.8957,5.5,4
27(E2),S,P,-0.1637,1.21,9,4
27(E2),S,Q,0.629,1.605,4,4
27(E2),S,R,-2.686,0.397,7.5,4
27(E2),S,S,0,0,,4
27(E2),S,T,-1.313,0.1592,4.5,4
27(E2),S,V,-2.125,0.1622,5.5,4
27(E2),S,W,-2.457,0.2266,8.5,4
27(E2),S,Y,-2.696,0.3972,7.5,4
27(E3),Y,*,-0.5415,1.966,3,4
27(E3),Y,-,-0.8952,0.00725,0.5,2
27(E3),Y,A,-3.449,0.3418,15.5,4
27(E3),Y,C,-5.288,0.1122,10.5,4
27(E3),Y,D,-4.17,0.183,7,4
27(E3),Y,E,-4.587,0.05762,8,4
27(E3),Y,F,-0.2576,0.1862,7,4
27(E3),Y,G,-5.064,0,6.5,4
27(E3),Y,H,-2.266,0.5871,13.5,4
27(E3),Y,I,-1.171,0.3458,6.5,4
27(E3),Y,K,-5.342,0,8,4
27(E3),Y,L,-2.191,0.06642,9.5,4
27(E3),Y,M,-2.402,0.1664,14.5,4
27(E3),Y,N,-3.57,0.2746,8,4
27(E3),Y,P,-6.75,0,10,4
27(E3),Y,Q,-2.931,0.1354,6.75,4
27(E3),Y,R,-4.861,0.1126,8.5,4
27(E3),Y,S,-4.263,0.4432,6,4
27(E3),Y,T,-3.319,0.3076,7,4
27(E3),Y,V,-2.968,0.1575,10,4
27(E3),Y,W,-0.3498,0.6977,3,4
27(E3),Y,Y,0,0,,4
270(E1),N,-,-0.6833,0.6837,1,2
270(E1),N,A,-2.38,0.3813,3.5,4
270(E1),N,C,-6.863,0,4,4
270(E1),N,D,-0.7987,0.9612,8.5,4
270(E1),N,E,-5.877,0.3003,4,4
270(E1),N,F,-8.537,0,7.5,4
270(E1),N,G,-0.5474,0.9092,3.5,4
270(E1),N,H,-1.444,0.4443,7,4
270(E1),N,I,-7.641,0,7.5,4
270(E1),N,K,-3.592,0.3222,6.5,4
270(E1),N,L,-6.732,0,7.5,4
270(E1),N,M,-3.654,0.3161,4.5,4
270(E1),N,N,0,0,,4
270(E1),N,P,-6.461,0,4,4
270(E1),N,Q,-1.47,0.6648,5.5,4
270(E1),N,R,-4.687,0.3817,3.5,4
270(E1),N,S,-1.599,0.9527,4.5,4
270(E1),N,T,-6.702,0,10,4
270(E1),N,V,-6.505,0,6,4
270(E1),N,W,-7.389,0,6.5,4
270(E1),N,Y,-7.279,0,9.5,4
270(E2),K,-,-0.2132,0.00365,0.5,2
270(E2),K,A,-0.4294,0.5726,4.75,4
270(E2),K,C,0.00861,0.2789,8.5,4
270(E2),K,D,-6.231,0,6.5,4
270(E2),K,E,-0.7673,0.4396,6,4
270(E2),K,F,2.298,1.643,7,4
270(E2),K,G,-5.462,0,9,4
270(E2),K,H,-1.285,0.2792,7.5,4
270(E2),K,I,1.502,0.4633,9,4
270(E2),K,K,0,0,,4
270(E2),K,L,2.05,0.819,4,4
270(E2),K,M,1.988,0.6586,3,4
270(E2),K,N,-1.236,0.2835,11,4
270(E2),K,P,-6.315,0,6.5,4
270(E2),K,Q,-0.928,0.3815,6.75,4
270(E2),K,R,-0.6727,0.4857,7,4
270(E2),K,S,-1.994,0.2883,6.5,4
270(E2),K,T,0.9818,0.3761,8.5,4
270(E2),K,W,-0.6009,0.4598,6.5,4
270(E2),K,Y,1.903,0.9791,7.5,4
271(E1),C,*,-5.994,0.1992,4.5,4
271(E1),C,-,0.2684,0.2395,0.5,2
271(E1),C,A,-6.248,0,6.5,4
271(E1),C,C,0,0,,4
271(E1),C,D,-6.61,0,3.5,4
271(E1),C,E,-6.998,0,4,4
271(E1),C,F,-7.114,0,8,4
271(E1),C,G,-6.691,0,7.5,4
271(E1),C,H,-7.091,0,9.5,4
271(E1),C,I,-8.434,0,3.5,4
271(E1),C,K,-6.805,0,4,4
271(E1),C,L,-6.408,0,3,2
271(E1),C,M,-6.742,0,2.5,4
271(E1),C,N,-5.984,0,3.5,4
271(E1),C,P,-7.507,0,5.5,4
271(E1),C,Q,-6.835,0,3.5,4
271(E1),C,R,-6.761,0,8.5,4
271(E1),C,S,-7.175,0,8.5,4
271(E1),C,T,-6.803,0,3,4
271(E1),C,V,-5.972,0,4,4
271(E1),C,W,-6.654,0,7,4
271(E1),C,Y,-7.433,0,13.5,4
271(E2),A,-,-0.9808,0.7049,1,4
271(E2),A,A,0,0,,4
271(E2),A,C,-5.991,0,8.25,4
271(E2),A,D,-6.449,0,10.5,4
271(E2),A,E,-6.597,0,3,4
271(E2),A,F,-6.675,0,7.5,4
271(E2),A,G,-3.194,0.4381,4,4
271(E2),A,H,-6.056,0,4,4
271(E2),A,I,-6.378,0.1078,3,4
271(E2),A,K,-6.248,0,4,4
271(E2),A,L,-6.417,0,5,4
271(E2),A,M,-5.011,0.8465,2,4
271(E2),A,N,-5.911,0,5.5,4
271(E2),A,P,-6.749,0,9.25,4
271(E2),A,Q,-6.013,0.07231,5.5,4
271(E2),A,R,-5.704,0,6,4
271(E2),A,S,-2.957,0.5616,6,4
271(E2),A,T,-3.536,0.2938,15.75,4
271(E2),A,V,-2.574,0.3545,9.5,4
271(E2),A,W,-6.147,0,6,4
271(E2),A,Y,-5.942,0,5.5,4
272(E1),A,-,-0.00715,0.4973,1,4
272(E1),A,A,0,0,,4
272(E1),A,C,-2.264,0.4942,3.5,4
272(E1),A,D,-0.8684,0.3973,10,4
272(E1),A,E,-3.026,0.2856,5.5,4
272(E1),A,F,-1.206,0.5815,5,4
272(E1),A,G,1.292,1.004,2.5,4
272(E1),A,H,0.2433,0.6496,6.5,4
272(E1),A,I,-0.4278,0.4474,7,4
272(E1),A,K,-1.328,0.4877,4,4
272(E1),A,L,-0.6619,0.5375,6,4
272(E1),A,M,0.03607,2.076,4.5,4
272(E1),A,N,0.8134,0.3148,6.25,4
272(E1),A,P,-6.197,0,3.5,4
272(E1),A,Q,-1.545,0.6887,3,4
272(E1),A,R,-3.029,1.043,4,4
272(E1),A,S,-0.8648,0.1479,9,4
272(E1),A,T,-1.541,0.08715,18.25,4
272(E1),A,V,-0.1714,0.366,12.25,4
272(E1),A,W,-3.111,0.4163,4.5,4
272(E1),A,Y,-0.5429,0.5159,4,4
272(E2),R,*,-4.229,0.4104,5,4
272(E2),R,-,-0.6262,0.6405,1,4
272(E2),R,A,-2.985,0.1808,6.5,4
272(E2),R,C,-6.428,0,5.5,4
272(E2),R,D,-5.221,0,7,4
272(E2),R,E,-4.416,0.1715,11,4
272(E2),R,F,-5.182,0.1394,9.5,4
272(E2),R,G,-2.753,0.3284,8.5,4
272(E2),R,H,-2.744,0.3429,5.5,4
272(E2),R,I,-1.74,0.1507,9.5,4
272(E2),R,K,-1.966,0.3235,12,4
272(E2),R,L,-2.198,0.2025,5.75,4
272(E2),R,M,-2.452,0.8208,3.5,4
272(E2),R,N,-2.64,0.4301,7,4
272(E2),R,P,-2.804,0.2892,6.5,4
272(E2),R,Q,-2.606,0.351,6,4
272(E2),R,R,0,0,,4
272(E2),R,S,-2.502,0.6976,8,4
272(E2),R,T,-2.3,0.0882,7.5,4
272(E2),R,V,-2.587,0.3398,9.5,4
272(E2),R,W,-5.349,0,5.5,4
272(E2),R,Y,-4.333,0.3933,8.5,4
273(E1),V,-,-0.104,0.2617,1,4
273(E1),V,A,-1.766,0.6918,8.5,4
273(E1),V,C,-1.245,0.5153,4.5,4
273(E1),V,D,-4.634,0.8618,5,4
273(E1),V,E,-1.808,0.3809,7.5,4
273(E1),V,F,-2.066,0.2761,6,4
273(E1),V,G,-4.537,0.08184,6,4
273(E1),V,H,-4.349,1.438,5,4
273(E1),V,I,-3.244,1.783,3.5,4
273(E1),V,K,-7.091,0,7,4
273(E1),V,L,-2.436,0.2588,8,4
273(E1),V,M,-1.24,0.3684,23.5,4
273(E1),V,N,-2.118,0.513,4.25,4
273(E1),V,P,-5.367,0.02555,5.5,4
273(E1),V,Q,-1.86,0.2754,6,4
273(E1),V,R,-6.498,0,3,4
273(E1),V,S,-1.938,0.2251,5.5,4
273(E1),V,T,2.095,1.056,2,4
273(E1),V,V,0,0,,4
273(E1),V,W,-3.819,0.4874,3,4
273(E1),V,Y,-2.377,0.1674,4.5,4
273(E2),N,*,-0.5922,0.2421,0.5,2
273(E2),N,-,-0.603,0.0873,0.5,2
273(E2),N,A,-1.243,0.8167,6,4
273(E2),N,C,-0.7011,1.022,6,4
273(E2),N,D,-0.7373,0.422,5.5,4
273(E2),N,E,0.6565,0.1955,3,4
273(E2),N,F,-1.25,0.3567,6,4
273(E2),N,G,-1.885,0.5668,6.5,4
273(E2),N,H,-1.698,1.944,4.5,4
273(E2),N,I,1.042,0.6552,6.5,4
273(E2),N,K,-1.353,0.3323,5,4
273(E2),N,L,1.887,0.6526,7.5,4
273(E2),N,M,-0.4391,0.2924,6.5,4
273(E2),N,N,0,0,,4
273(E2),N,P,-0.4078,0.6288,9,4
273(E2),N,Q,-0.7555,0.4094,5.5,4
273(E2),N,R,-3.351,1.165,5,4
273(E2),N,S,-1.208,0.5552,7,4
273(E2),N,T,-0.9031,0.5475,3.5,4
273(E2),N,V,-0.1096,1.145,3.5,4
273(E2),N,W,-1.772,0.5053,3.5,4
273(E2),N,Y,-0.3642,0.6986,5,4
274(E1),G,*,-5.62,0,2,4
274(E1),G,-,-0.06866,0.429,1,4
274(E1),G,A,-4.234,0.2156,4,4
274(E1),G,C,-6.681,0,6,4
274(E1),G,D,-6.014,0,8.5,4
274(E1),G,E,-7.485,0,31.5,4
274(E1),G,F,-7.288,0,8,4
274(E1),G,G,0,0,,4
274(E1),G,H,-5.647,0,2.5,4
274(E1),G,I,-6.625,0,6.75,4
274(E1),G,K,-7.008,0,6.5,4
274(E1),G,L,-7.1,0,10.5,4
274(E1),G,M,-7.264,0,11.5,4
274(E1),G,N,-6.988,0,2.5,4
274(E1),G,P,-6.798,0,5,4
274(E1),G,Q,-7.302,0,7.5,4
274(E1),G,R,-8.133,0,25.25,4
274(E1),G,S,-2.929,0.1108,9.5,4
274(E1),G,T,-6.4,0,4.5,4
274(E1),G,V,-7.412,0,7.5,4
274(E1),G,W,-6.149,0,5,4
274(E1),G,Y,-6.972,0,3,4
274(E2),P,-,-0.3332,0.0843,0.5,2
274(E2),P,A,-3.774,0.4848,4,4
274(E2),P,C,-6.182,0,6,4
274(E2),P,D,-6.418,0,5,4
274(E2),P,E,-5.934,0,6.75,4
274(E2),P,F,-4.235,0.4157,4,4
274(E2),P,G,-5.602,0,5,4
274(E2),P,H,-5.277,0,8.5,4
274(E2),P,I,-4.606,0.1629,5.5,4
274(E2),P,K,-6.175,0,4,4
274(E2),P,L,-5.303,0.4088,4.5,4
274(E2),P,M,-4.835,0,5.5,4
274(E2),P,N,-6.316,0,5,4
274(E2),P,P,0,0,,4
274(E2),P,Q,-5.524,0,3.5,4
274(E2),P,R,-5.46,0,4.5,4
274(E2),P,S,-6.399,0,14,4
274(E2),P,T,-5.439,0,8,4
274(E2),P,V,-5.096,0,4.5,4
274(E2),P,W,-5.33,0,4.5,4
274(E2),P,Y,-1.147,1.162,2.5,4
275(E1),N,-,0.1458,0.5033,1,4
275(E1),N,A,-0.05428,0.4113,5,4
275(E1),N,C,-7.107,0,6.25,4
275(E1),N,D,-1.639,0.5325,5.5,4
275(E1),N,E,-1.729,0.04062,5.5,4
275(E1),N,F,-1.908,0.528,4.5,4
275(E1),N,G,0.8881,0.7273,3.25,4
275(E1),N,H,-0.9114,0.6029,7.5,4
275(E1),N,I,-0.3876,0.2431,9.5,4
275(E1),N,K,-6.957,0,9.25,4
275(E1),N,L,-1.581,1.007,9,4
275(E1),N,M,1.08,0.9744,7,4
275(E1),N,N,0,0,,4
275(E1),N,P,-6.925,0.02901,6,4
275(E1),N,Q,-1.929,0.07493,3.5,4
275(E1),N,R,-7.035,0,5,4
275(E1),N,S,0.5707,1.208,5,4
275(E1),N,T,-0.8607,0.3275,5.5,4
275(E1),N,V,-3.002,0.139,4,4
275(E1),N,W,-2.789,0.7877,3,4
275(E1),N,Y,-0.8085,1.748,5,4
275(E2),T,-,-6.027,0,1,2
275(E2),T,A,-2.907,0.4326,7.5,4
275(E2),T,C,-3.446,0.1964,5,4
275(E2),T,D,-3.638,0.6027,9,4
275(E2),T,E,-3.329,0.3317,4.5,4
275(E2),T,F,-0.01905,0.2639,4.5,4
275(E2),T,G,-2.646,0.4811,8.5,4
275(E2),T,H,-1.815,0.7859,7.5,4
275(E2),T,I,-2.257,0.5445,11.5,4
275(E2),T,K,-4.064,0.5608,3.75,4
275(E2),T,L,-1.925,0.3362,4.5,4
275(E2),T,M,-2.447,0.2975,4.5,4
275(E2),T,N,-3.006,0.4046,10,4
275(E2),T,P,-5.821,0.226,5,4
275(E2),T,Q,-2.824,0.103,4,4
275(E2),T,R,-2.78,0.281,8,4
275(E2),T,S,-1.152,0.06524,7,4
275(E2),T,T,0,0,,4
275(E2),T,V,-1.466,0.3149,6.5,4
275(E2),T,W,-0.593,0.6191,8,4
275(E2),T,Y,1.891,0.5539,5,4
276(E1),M,-,0.07395,0.574,3,4
276(E1),M,A,-1.143,1.991,7,4
276(E1),M,C,-0.4502,0.9097,6.5,4
276(E1),M,D,-7.311,0,6,4
276(E1),M,E,-6.933,0,7.5,4
276(E1),M,F,-1.538,0.4959,7,4
276(E1),M,G,-6.242,0,2.5,4
276(E1),M,H,-6.027,0,4.5,4
276(E1),M,I,-0.2505,0.2847,20,4
276(E1),M,K,-8.674,0,7,4
276(E1),M,L,-0.9671,0.7539,8,4
276(E1),M,M,0,0,,4
276(E1),M,N,-6.101,0,2,4
276(E1),M,P,-6.612,0,5,4
276(E1),M,Q,-7.623,0,6,4
276(E1),M,R,-6.485,0,4,4
276(E1),M,S,-2.835,0.1835,5,4
276(E1),M,T,-0.6296,0.1288,5,4
276(E1),M,V,0.4379,0.4782,5,4
276(E1),M,W,-2.37,0.3196,3.5,4
276(E1),M,Y,-2.963,0.8857,5,4
276(E2),V,-,0.4589,0.0393,0.5,2
276(E2),V,A,-4.204,0.2074,6.5,4
276(E2),V,C,-3.233,0.6022,5,4
276(E2),V,D,-6.599,0,4,4
276(E2),V,E,-3.846,0.3499,6,4
276(E2),V,F,-0.1786,0.7344,5.5,4
276(E2),V,G,-5.906,0,9.5,4
276(E2),V,H,-5.514,0,6.75,4
276(E2),V,I,1.583,0.6877,3.5,4
276(E2),V,K,-6.37,0,4,4
276(E2),V,L,-1.012,0.2666,11,4
276(E2),V,M,-1.708,0.16,15.5,4
276(E2),V,N,-5.825,0,6,4
276(E2),V,P,-5.812,0,6.5,4
276(E2),V,Q,-3.067,0.4108,6.5,4
276(E2),V,R,-6.228,0,4.5,4
276(E2),V,S,-4.859,0.4573,3,4
276(E2),V,T,-0.6781,0.3239,3.5,4
276(E2),V,V,0,0,,4
276(E2),V,W,-5.454,0.2611,7.5,4
276(E2),V,Y,-5.318,0.5136,5.5,4
277(E1),P,-,0.2412,0.1898,3.5,4
277(E1),P,A,-2.446,0.6646,6,4
277(E1),P,C,-6.689,0,5.25,4
277(E1),P,D,-6.886,0,4.5,4
277(E1),P,E,-7.322,0,4,4
277(E1),P,F,-6.436,0,7.25,4
277(E1),P,G,-3.3,0.2154,5.5,4
277(E1),P,H,-7.895,0,10,4
277(E1),P,I,-5.091,0,3.5,4
277(E1),P,K,-6.626,0,4.5,4
277(E1),P,L,-6.512,0,10,4
277(E1),P,M,-5.877,0,3.5,4
277(E1),P,N,-6.651,0,5,4
277(E1),P,P,0,0,,4
277(E1),P,Q,-6.931,0.06105,4,4
277(E1),P,R,-7.365,0,5.5,4
277(E1),P,S,-7.339,0,85.25,4
277(E1),P,T,-7.892,0,8,4
277(E1),P,V,-1.43,1.063,3,4
277(E1),P,W,-6.37,0,4,4
277(E1),P,Y,-6.708,0,4,4
277(E2),T,-,-0.5798,0.02175,0.5,2
277(E2),T,A,-1.115,0.2223,8.5,4
277(E2),T,C,-2.442,0.731,4.5,4
277(E2),T,D,-1.626,0.1346,7,4
277(E2),T,E,-1.366,0.8725,4,4
277(E2),T,F,-4.223,0.7437,5,4
277(E2),T,G,-2.934,1.068,4.5,4
277(E2),T,H,-2.114,0.2078,5.5,4
277(E2),T,I,-1.844,0.2985,13,4
277(E2),T,K,-1.843,0.0934,5.5,4
277(E2),T,L,-2.683,0.1827,7.5,4
277(E2),T,M,-1.517,0.5758,3.5,4
277(E2),T,N,-0.9089,0.1055,9,4
277(E2),T,P,-6.216,0,7,4
277(E2),T,Q,-0.6929,0.6873,3.75,4
277(E2),T,R,-0.154,0.7284,4,4
277(E2),T,S,-1.165,0.7886,3.5,4
277(E2),T,T,0,0,,4
277(E2),T,V,-1.4,0.1443,9,4
277(E2),T,W,-1.509,0.8626,3.5,4
277(E2),T,Y,-0.9711,0.07711,9,4
278(E1),I,-,-6.38,0,12.5,4
278(E1),I,A,-2.614,0.3129,5,4
278(E1),I,C,-2.264,0.5954,1,4
278(E1),I,D,-6.716,0,4,4
278(E1),I,E,-6.954,0,2.5,4
278(E1),I,F,-1.952,0.263,4.5,4
278(E1),I,G,-6.912,0,4.5,4
278(E1),I,H,-5.194,0.4741,6,4
278(E1),I,I,0,0,,4
278(E1),I,K,-5.455,0.02078,2.5,4
278(E1),I,L,0.00968,0.3966,6,4
278(E1),I,M,-0.2108,1.481,6.5,4
278(E1),I,N,-6.649,0,12.5,4
278(E1),I,P,-6.766,0,6.5,4
278(E1),I,Q,-7.178,0,7,4
278(E1),I,R,-7.075,0,5.5,4
278(E1),I,S,-6.964,0,5,4
278(E1),I,T,-3.208,0.5962,12,4
278(E1),I,V,0.1558,0.5402,3,4
278(E1),I,W,-5.898,0,7,4
278(E1),I,Y,-7.112,0,6.5,4
278(E2),Y,*,-6.433,0,3.5,4
278(E2),Y,-,-0.2468,0.2109,0.5,2
278(E2),Y,A,-3.378,0.4325,4,4
278(E2),Y,C,-3.773,0.195,9.5,4
278(E2),Y,D,-6.074,0,7.5,4
278(E2),Y,E,-3.41,0.3091,5,4
278(E2),Y,F,-0.1058,2.413,6.5,4
278(E2),Y,G,-1.972,1.743,2.5,4
278(E2),Y,H,-3.169,0.3508,12.5,4
278(E2),Y,I,-4.948,0.2014,7,4
278(E2),Y,K,-4.082,0.5458,4.5,4
278(E2),Y,L,-2.468,0.2663,3.75,4
278(E2),Y,M,-1.206,1.368,3,4
278(E2),Y,N,-3.643,0.2792,6,4
278(E2),Y,P,-3.3,0.434,8.5,4
278(E2),Y,Q,-3.242,0.4204,1.5,4
278(E2),Y,R,-5.851,0,4.5,4
278(E2),Y,S,-2.933,0.5792,6.75,4
278(E2),Y,T,-1.96,0.101,2.5,2
278(E2),Y,V,-4.763,0,5.5,4
278(E2),Y,W,-4.078,0.2806,5.5,4
278(E2),Y,Y,0,0,,4
279(E1),S,-,-0.8248,1.046,7,4
279(E1),S,A,-1.173,1.011,5.5,4
279(E1),S,C,-1.772,0.3541,4,4
279(E1),S,D,-0.3818,1.418,5,4
279(E1),S,E,2.566,0.7633,3.5,4
279(E1),S,F,-4.313,0.04758,5,4
279(E1),S,G,-0.6295,1.274,4,4
279(E1),S,H,-2.288,0.6844,4,4
279(E1),S,I,-0.439,0.3618,10.5,4
279(E1),S,K,-6.614,0,4.5,4
279(E1),S,L,1.284,0.9395,3.5,4
279(E1),S,M,2.232,0.8782,9,4
279(E1),S,N,-0.2404,0.5249,18,4
279(E1),S,P,-6.461,0,7,4
279(E1),S,Q,-1.167,1.008,6,4
279(E1),S,R,-6.943,0,4.5,4
279(E1),S,S,0,0,,4
279(E1),S,T,-0.7366,1.213,11.5,4
279(E1),S,V,-0.9778,0.9132,3.75,4
279(E1),S,W,-4.191,0.1301,4.5,4
279(E1),S,Y,-3.638,0.2555,2.5,4
279(E2),G,A,1.049,1.684,5,4
279(E2),G,C,-3.075,0.4742,6.5,4
279(E2),G,D,-0.3344,0.408,16.5,4
279(E2),G,E,-1.672,0.2619,4.5,4
279(E2),G,F,-1.803,0.1865,8.5,4
279(E2),G,G,0,0,,4
279(E2),G,H,-1.457,0.324,5.5,4
279(E2),G,I,-2.097,0.1658,8.5,4
279(E2),G,K,-0.7189,0.2961,6.5,4
279(E2),G,L,-1.065,0.4222,5,4
279(E2),G,M,-1.067,0.167,5.5,4
279(E2),G,N,-0.6313,0.3433,5,4
279(E2),G,P,-6.901,0,9,4
279(E2),G,Q,-0.3322,0.5174,8,4
279(E2),G,R,-0.2552,0.6282,3.5,4
279(E2),G,S,-1.005,1.59,6.5,4
279(E2),G,T,0.1329,0.1976,5.5,4
279(E2),G,V,-1.734,0.0445,12,4
279(E2),G,W,-2.167,0.1959,6.5,4
279(E2),G,Y,-1.849,0.3237,3.5,4
28(6K),A,*,-7.021,0,10,4
28(6K),A,-,-0.3329,0.3326,0.5,2
28(6K),A,A,0,0,,4
28(6K),A,C,-0.184,1.019,4.5,4
28(6K),A,D,-2.45,0.2846,8.5,4
28(6K),A,E,-0.3993,1.804,5,4
28(6K),A,F,0.9634,0.9888,9,4
28(6K),A,G,-0.1147,1.362,6.5,4
28(6K),A,H,0.5917,1.63,6.25,4
28(6K),A,I,-0.9612,0.1926,6,4
28(6K),A,K,-1.679,0.9708,4,4
28(6K),A,L,-0.2189,1.008,4.5,4
28(6K),A,M,0.1805,1.347,10,4
28(6K),A,N,-0.7038,0.9977,4.5,4
28(6K),A,P,0.2575,1.719,9,4
28(6K),A,Q,2.579,0.592,2.5,2
28(6K),A,R,-1.394,0.6071,8.5,4
28(6K),A,S,-0.5848,0.6564,15,4
28(6K),A,T,-0.09707,0.2376,35.25,4
28(6K),A,V,-0.4799,1.084,12.5,4
28(6K),A,W,-0.4493,0.8644,5.5,4
28(6K),A,Y,-0.8503,0.4038,3.5,4
28(E1),V,-,-0.3832,0.3083,1,4
28(E1),V,A,-2.149,0.244,6.75,4
28(E1),V,C,-0.6024,0.8365,6.5,4
28(E1),V,D,-6.503,0,5.5,4
28(E1),V,E,-5.63,0,6.5,4
28(E1),V,F,-6.021,0,7.5,4
28(E1),V,G,-2.964,0.2954,7,4
28(E1),V,H,-5.995,0,2.5,4
28(E1),V,I,-1.103,0.2042,4,4
28(E1),V,K,-5.825,0,6.5,4
28(E1),V,L,-3.258,0.3567,14,4
28(E1),V,M,-2.811,0.3382,12.25,4
28(E1),V,N,-1.383,0.6846,6.75,4
28(E1),V,P,-5.534,0,5.5,4
28(E1),V,Q,-3.338,0.2534,5.5,4
28(E1),V,R,-7.37,0,7,4
28(E1),V,S,-2.019,0.9977,7.5,4
28(E1),V,T,-0.24,0.566,8.5,4
28(E1),V,V,0,0,,4
28(E1),V,W,-7.691,0,8.5,4
28(E1),V,Y,-7.887,0,9.5,4
28(E2),C,*,-5.345,0.04114,1.5,4
28(E2),C,A,-5.944,0,4,4
28(E2),C,C,0,0,,4
28(E2),C,D,-5.539,0.2201,5.5,4
28(E2),C,E,-5.661,0.08054,4.5,4
28(E2),C,F,-7.207,0,14,4
28(E2),C,G,-6.201,0,6.5,4
28(E2),C,H,-5.563,0,5.5,4
28(E2),C,I,-6.207,0,5.5,4
28(E2),C,K,-6.127,0,7,4
28(E2),C,L,-6.203,0,7.75,4
28(E2),C,M,-6.486,0,9.5,4
28(E2),C,N,-6.409,0,6.5,4
28(E2),C,P,-6.462,0,8,4
28(E2),C,Q,-5.548,0,2.5,4
28(E2),C,R,-6.793,0,8.5,4
28(E2),C,S,-5.848,0,8.5,4
28(E2),C,T,-7.37,0,11,4
28(E2),C,V,-6.126,0,9,4
28(E2),C,W,-6.292,0,8.25,4
28(E2),C,Y,-5.642,0,13.5,4
28(E3),E,*,-6.323,0,23.5,4
28(E3),E,-,-0.7746,0.0023,0.5,2
28(E3),E,A,-1.01,0.3031,14,4
28(E3),E,C,-1.447,0.241,11.25,4
28(E3),E,D,-0.2709,0.8202,13.5,4
28(E3),E,E,0,0,,4
28(E3),E,F,-1.632,0.5424,11,4
28(E3),E,G,-0.5677,0.3585,12.5,4
28(E3),E,H,-1.199,0.2586,13.5,4
28(E3),E,I,-1.397,0.2192,16,4
28(E3),E,K,-1.026,0.2799,11.5,4
28(E3),E,L,-1.047,0.2563,11.5,4
28(E3),E,M,-1.048,0.2486,9.5,4
28(E3),E,N,-0.9156,0.4193,9.25,4
28(E3),E,P,-1.975,0.09264,15.5,4
28(E3),E,Q,-0.2362,0.4821,12.5,4
28(E3),E,R,-0.97,0.18,10.5,4
28(E3),E,S,-1.276,0.2338,8,4
28(E3),E,T,-0.7829,0.318,12.5,4
28(E3),E,V,-1.252,0.4699,6,4
28(E3),E,W,-1.484,0.1251,12,4
28(E3),E,Y,-0.6576,0.5889,10,4
280(E1),I,-,-1.028,0.35,8,4
280(E1),I,A,-3.26,0.9093,3.5,4
280(E1),I,C,-1.357,0.9033,4,4
280(E1),I,D,-7.034,0,5.5,4
280(E1),I,E,-6.475,0,5,4
280(E1),I,F,-0.9783,0.4373,8.5,4
280(E1),I,G,-8.383,0,0.5,2
280(E1),I,H,-6.617,0,10,4
280(E1),I,I,0,0,,4
280(E1),I,K,-7.219,0,7,4
280(E1),I,L,-1.911,1.564,5,4
280(E1),I,M,-0.9983,0.3074,4,4
280(E1),I,N,-6.316,0,7.25,4
280(E1),I,P,-6.559,0,5,4
280(E1),I,Q,-7.005,0,4,4
280(E1),I,R,-7.279,0,3.5,4
280(E1),I,S,-2.878,0.4509,3,4
280(E1),I,T,-2.661,0.2423,7.5,4
280(E1),I,V,0.1406,1.047,3.5,4
280(E1),I,W,-2.325,0.8965,5.5,4
280(E1),I,Y,-2.356,0.149,5.75,4
280(E2),K,-,-1.66,0.262,0.5,2
280(E2),K,A,-0.9551,0.5681,5.5,4
280(E2),K,C,-5.186,0,4.5,4
280(E2),K,D,-2.127,0.3904,6,4
280(E2),K,E,-0.887,0.3581,11.25,4
280(E2),K,F,-1.395,0.3248,5,4
280(E2),K,G,-2.202,0.2051,4.5,4
280(E2),K,H,-0.356,0.6136,5.5,4
280(E2),K,I,-0.7826,0.1845,6,4
280(E2),K,K,0,0,,4
280(E2),K,L,-0.8809,0.3662,5,4
280(E2),K,M,-0.4655,1.363,5,4
280(E2),K,N,-1.162,0.4919,9.5,4
280(E2),K,P,0.1094,0.706,10.5,4
280(E2),K,Q,0.5821,1.161,5.5,4
280(E2),K,R,1.099,1.168,7.5,4
280(E2),K,S,-1.617,0.2061,5.5,4
280(E2),K,T,-0.6711,0.3585,8.5,4
280(E2),K,V,-0.6348,0.09272,10,4
280(E2),K,W,-1.244,0.6441,4.5,4
280(E2),K,Y,0.0877,1.173,6,4
281(E1),D,-,-5.931,0,13,4
281(E1),D,A,-2.542,0.06357,6,4
281(E1),D,C,-5.381,0,3.5,4
281(E1),D,D,0,0,,4
281(E1),D,E,-0.6187,1.304,8.5,4
281(E1),D,F,-6.242,0,5,4
281(E1),D,G,-0.3447,1.143,5.5,4
281(E1),D,H,-3.919,0.1357,6.75,4
281(E1),D,I,-4.966,0,7,4
281(E1),D,K,-7.358,0,5.5,4
281(E1),D,L,-5.551,0.1044,5.5,4
281(E1),D,M,-3.202,0.1476,3.5,4
281(E1),D,N,0.1522,0.4798,21,4
281(E1),D,P,-6.954,0,5,4
281(E1),D,Q,-1.91,0.7734,5,4
281(E1),D,R,-6.635,0,6.5,4
281(E1),D,S,-1.816,0.08,4.5,2
281(E1),D,T,-3.535,0.2498,6,4
281(E1),D,V,-5.548,0,7,4
281(E1),D,W,-6.264,0,4.25,4
281(E1),D,Y,-4.103,0.3858,7,4
281(E2),N,A,-1.129,0.5382,7.5,4
281(E2),N,C,-1.894,0.07614,5.5,4
281(E2),N,D,-0.7375,0.8448,5,4
281(E2),N,E,-1.673,0.2233,5.5,4
281(E2),N,F,-0.7203,0.2313,9,4
281(E2),N,G,0.3426,0.6021,6,4
281(E2),N,H,0.4023,1.201,3,4
281(E2),N,I,-5.556,0.1723,6,4
281(E2),N,K,-0.4285,0.49,5,4
281(E2),N,L,-2.834,0.3652,4,4
281(E2),N,M,-0.8236,0.5956,7.5,4
281(E2),N,N,0,0,,4
281(E2),N,P,-5.457,0,8.5,4
281(E2),N,Q,0.1366,0.3503,5,4
281(E2),N,R,-0.4248,0.8092,5.5,4
281(E2),N,S,-0.6319,0.3595,7,4
281(E2),N,T,-1.859,0.2437,7,4
281(E2),N,V,-4.96,0,6.5,4
281(E2),N,W,-2.382,0.1461,6,4
281(E2),N,Y,-0.5123,1.194,9.5,4
282(E1),I,-,-0.6654,0.3086,1.5,4
282(E1),I,A,-5.814,0.05716,6.5,4
282(E1),I,C,-6.599,0,6.5,4
282(E1),I,D,-7.905,0,8,4
282(E1),I,E,-6.987,0,3,4
282(E1),I,F,-1.902,0.3012,6.5,4
282(E1),I,G,-4.909,0.4893,2,4
282(E1),I,H,-7.396,0.07318,4.75,4
282(E1),I,I,0,0,,4
282(E1),I,K,-5.942,0,1,2
282(E1),I,L,-0.9434,0.3973,6,4
282(E1),I,M,-0.6624,0.958,2.5,4
282(E1),I,N,-8.058,0,5,4
282(E1),I,P,-6.742,0,8.5,4
282(E1),I,Q,-6.845,0,6,4
282(E1),I,R,-6.516,0,3,4
282(E1),I,S,-6.947,0,3.5,4
282(E1),I,T,-7.021,0,9.5,4
282(E1),I,V,-0.9641,1.95,6,4
282(E1),I,W,-6.944,0,4,4
282(E1),I,Y,-4.933,0,6,4
282(E2),Q,*,-4.956,0,4.5,4
282(E2),Q,A,0.2326,0.6179,2.5,4
282(E2),Q,C,-1.125,0.2172,7.5,4
282(E2),Q,D,-2.123,0.7173,6.5,4
282(E2),Q,E,-1.447,0.403,8.5,4
282(E2),Q,F,-1.744,0.3402,9,4
282(E2),Q,G,-3.629,0.2644,7.5,4
282(E2),Q,H,-0.7782,0.4279,6.5,4
282(E2),Q,I,-0.9153,0.2123,8,4
282(E2),Q,K,-0.3783,0.2085,13,4
282(E2),Q,L,-0.3261,0.5772,8.5,4
282(E2),Q,M,-0.5123,0.3627,7.5,4
282(E2),Q,N,-1.654,0.26,10.5,4
282(E2),Q,P,-6.543,0,8,4
282(E2),Q,Q,0,0,,4
282(E2),Q,R,-0.8538,0.6264,11.5,4
282(E2),Q,S,-0.7978,0.2135,6.5,4
282(E2),Q,T,1.561,1.002,7.5,4
282(E2),Q,V,-0.4405,0.4869,5,4
282(E2),Q,W,-2.785,0.2216,11,4
282(E2),Q,Y,-1.459,0.1056,5.5,4
283(E1),P,-,-1.171,0.046,0.5,2
283(E1),P,A,-1.063,1.253,3.5,4
283(E1),P,C,-2.346,0.4087,4.5,4
283(E1),P,D,1.399,0.9741,2,4
283(E1),P,E,-1.847,0.9989,2.5,4
283(E1),P,F,-2.189,0.9108,3,4
283(E1),P,G,-1.434,0.5808,1,4
283(E1),P,H,-0.8135,1.459,1.5,4
283(E1),P,I,-1.95,0.3333,4,4
283(E1),P,K,-1.556,0.6504,4,4
283(E1),P,L,-2.767,0.2701,6.5,4
283(E1),P,M,-2.713,0.3188,3,4
283(E1),P,N,-1.57,0.3888,3.5,4
283(E1),P,P,0,0,,4
283(E1),P,Q,0.966,1.192,4,4
283(E1),P,R,2.59,2.484,4.75,4
283(E1),P,S,0.6923,1.164,6.5,4
283(E1),P,T,-1.847,0.5073,8.75,4
283(E1),P,V,-3.236,1.092,3.5,4
283(E1),P,W,-3.425,0.8005,4.5,4
283(E1),P,Y,-2.599,0.4509,4.5,4
283(E2),V,A,-6.359,0,5.25,4
283(E2),V,C,-5.596,0,6,4
283(E2),V,D,-6.715,0,9,4
283(E2),V,E,-6.651,0,5.5,4
283(E2),V,F,-6.859,0,5,4
283(E2),V,G,-5.961,0,6,4
283(E2),V,H,-5.429,0.01472,4.5,4
283(E2),V,I,-1.425,0.4236,6.5,4
283(E2),V,K,-4.28,0.7578,5,4
283(E2),V,L,-1.508,0.2557,9,4
283(E2),V,M,-3.355,0.4613,9.5,4
283(E2),V,N,-5.719,0,6.5,4
283(E2),V,P,-6.171,0,10,4
283(E2),V,Q,-5.726,0,6.5,4
283(E2),V,R,-5.777,0.2776,4.5,4
283(E2),V,S,-6.487,0,6.5,4
283(E2),V,T,-6.338,0,5,4
283(E2),V,V,0,0,,4
283(E2),V,W,-6.295,0,6,4
283(E2),V,Y,-6.524,0,9.5,4
284(E1),D,-,0.4917,0.2759,0.5,2
284(E1),D,A,-0.3841,2.461,9,4
284(E1),D,C,-3.651,0.3899,3.5,4
284(E1),D,D,0,0,,4
284(E1),D,E,0.4526,0.5584,10,4
284(E1),D,F,-2.864,0.4141,6.5,4
284(E1),D,G,-0.402,0.9644,3,4
284(E1),D,H,-0.4015,2.437,2.5,4
284(E1),D,I,-2.224,1.215,4,4
284(E1),D,K,-1.582,0.6462,6,4
284(E1),D,L,-0.3478,1.182,4.25,4
284(E1),D,M,-2.34,1.106,4.5,4
284(E1),D,N,-0.2016,0.6123,11,4
284(E1),D,P,-1.864,0.8312,3.5,4
284(E1),D,Q,-1.037,0.1267,4,4
284(E1),D,R,-2.655,0.2166,6,4
284(E1),D,S,0.0281,1.321,3.5,4
284(E1),D,T,-1.24,0.5107,2,4
284(E1),D,V,-1.838,0.3997,6.5,4
284(E1),D,W,-2,0.1579,4,4
284(E1),D,Y,-2.693,0.4892,8.5,4
284(E2),I,-,-1.167,0.0575,0.5,2
284(E2),I,A,-0.7643,0.3424,4,4
284(E2),I,C,-1.388,0.1092,5,4
284(E2),I,D,-2.952,0.3042,4,4
284(E2),I,E,-2.269,0.2384,7,4
284(E2),I,F,-0.3693,0.2438,4.5,4
284(E2),I,G,-2.735,0.1658,3.5,4
284(E2),I,H,-1.796,0.1443,4.5,4
284(E2),I,I,0,0,,4
284(E2),I,K,-1.07,0.1835,4,4
284(E2),I,L,-1.324,0.1699,10.5,4
284(E2),I,M,-1.083,0.08714,9.5,4
284(E2),I,N,-0.4851,0.3593,8.25,4
284(E2),I,P,-6.614,0,9.5,4
284(E2),I,Q,-1.606,0.06909,8.5,4
284(E2),I,R,-0.6866,0.3399,6.5,4
284(E2),I,S,-0.8304,0.1982,8,4
284(E2),I,T,-0.9085,0.3101,8.5,4
284(E2),I,V,-0.4824,0.4887,7.5,4
284(E2),I,W,-1.747,0.2817,7,4
284(E2),I,Y,-1.303,0.2873,6.5,4
285(E1),A,-,-5.667,0,1.5,4
285(E1),A,A,0,0,,4
285(E1),A,C,-6.651,0,6,4
285(E1),A,D,-6.272,0,10,4
285(E1),A,E,-7.531,0,6.5,4
285(E1),A,F,-4.425,0.3182,3.5,4
285(E1),A,G,-0.9902,0.1738,3.5,2
285(E1),A,H,-6.383,0,6,4
285(E1),A,I,-6.485,0,6,4
285(E1),A,K,-6.483,0,6,4
285(E1),A,L,-6.234,0,7,4
285(E1),A,M,-3.759,0.1456,7,4
285(E1),A,N,-7.158,0,5.5,4
285(E1),A,P,-6.33,0.2667,2,4
285(E1),A,Q,-6.197,0,4.5,4
285(E1),A,R,-6.697,0,7,4
285(E1),A,S,-0.3831,0.538,9.5,4
285(E1),A,T,-2.795,0.2113,28.5,4
285(E1),A,V,-1.174,0.9984,11,4
285(E1),A,W,-5.904,0,4.5,4
285(E1),A,Y,-5.909,0,6,4
285(E2),M,-,-1.052,0.0656,0.5,2
285(E2),M,A,-5.925,0,8.5,4
285(E2),M,C,-4.226,0.6538,6,4
285(E2),M,D,-6.434,0,6,4
285(E2),M,E,-6.78,0,5.5,4
285(E2),M,F,1.24,0.889,6.5,4
285(E2),M,G,-7.023,0,6.5,4
285(E2),M,H,-6.542,0,7,4
285(E2),M,I,-3.289,0.6776,22.5,4
285(E2),M,K,-6.069,0,4,4
285(E2),M,L,-1.532,0.259,4.5,4
285(E2),M,M,0,0,,4
285(E2),M,N,-6.844,0,6,4
285(E2),M,P,-6.088,0,5.5,4
285(E2),M,Q,-6.207,0,7,4
285(E2),M,R,-4.031,1.962,3.5,4
285(E2),M,S,-6.652,0,8.5,4
285(E2),M,T,-6.673,0,6.5,4
285(E2),M,V,-4.963,0.2273,4.5,4
285(E2),M,W,-1.874,0.09243,6.5,4
285(E2),M,Y,-1.423,0.1516,5,4
286(E1),A,-,-0.3847,0.3128,1,4
286(E1),A,A,0,0,,4
286(E1),A,C,-0.6563,0.7036,3.75,4
286(E1),A,D,-0.496,0.6205,9,4
286(E1),A,E,-1.482,0.0845,2.5,2
286(E1),A,F,0.3998,1.278,3.5,4
286(E1),A,G,-1.459,0.8517,6.5,4
286(E1),A,H,0.0238,1.455,6.5,4
286(E1),A,I,0.9356,0.7387,7.25,4
286(E1),A,K,1.098,0.2359,6,4
286(E1),A,L,-0.05875,1.397,4,4
286(E1),A,M,-1.588,2.762,3.5,4
286(E1),A,N,-2.979,0.2874,6,4
286(E1),A,P,-5.697,0,5,4
286(E1),A,Q,-0.2078,1.337,5.5,4
286(E1),A,R,-0.2669,1.634,8,4
286(E1),A,S,-0.4911,1.342,11.5,4
286(E1),A,T,-1.329,0.6132,54,4
286(E1),A,V,-0.4334,0.7179,8,4
286(E1),A,W,-2.319,0.6844,4,4
286(E1),A,Y,0.2927,0.6654,6,4
286(E2),L,-,-0.5413,0.0296,0.5,2
286(E2),L,A,-1.501,0.2038,5.5,4
286(E2),L,C,-1.92,0.1764,5.5,4
286(E2),L,D,-1.72,0.07935,7.5,4
286(E2),L,E,-2.014,0.9536,3,4
286(E2),L,F,-0.8893,0.3167,3.5,4
286(E2),L,G,-2.018,0.6182,4,4
286(E2),L,H,-1.312,0.1997,7.25,4
286(E2),L,I,-0.1304,0.27,4.5,2
286(E2),L,K,-1.542,0.187,4.5,4
286(E2),L,L,0,0,,4
286(E2),L,M,0.3412,0.5653,10,4
286(E2),L,N,-0.9985,0.2392,5,4
286(E2),L,P,-5.085,0,7,4
286(E2),L,Q,-0.2705,0.2276,7.25,4
286(E2),L,R,1.382,1.126,8.5,4
286(E2),L,S,-1.091,0.3351,3.5,4
286(E2),L,T,-0.3668,1.422,4,4
286(E2),L,V,0.686,0.6773,5.5,4
286(E2),L,W,2.867,0.7838,5.5,4
286(E2),L,Y,-1.417,0.6789,5,4
287(E1),F,-,-0.8679,0.4802,1,4
287(E1),F,A,-6.713,0,5.5,4
287(E1),F,C,-6.502,0,8.5,4
287(E1),F,D,-6.877,0,4.5,4
287(E1),F,E,-6.703,0,7,4
287(E1),F,F,0,0,,4
287(E1),F,G,-7.018,0,5,4
287(E1),F,H,-6.603,0,5,4
287(E1),F,I,-6.651,0,6,4
287(E1),F,K,-6.631,0,4,4
287(E1),F,L,-1.962,0.7629,8.25,4
287(E1),F,M,-1.2,0.2454,4,4
287(E1),F,N,-6.805,0,4.5,4
287(E1),F,P,-6.785,0,7.5,4
287(E1),F,Q,-6.633,0,2.5,4
287(E1),F,R,-7.007,0,4,4
287(E1),F,S,-6.75,0,9.5,4
287(E1),F,T,-6.377,0,5.25,4
287(E1),F,V,-6.829,0,8.5,4
287(E1),F,W,-0.1958,2.364,2.5,4
287(E1),F,Y,-4.194,0.7512,3.5,4
287(E2),L,A,-6.054,0,8,4
287(E2),L,C,-4.22,0.3455,4,4
287(E2),L,D,-5.139,0,6.5,4
287(E2),L,E,-6.554,0,5.5,4
287(E2),L,F,-2.055,0.9756,3,4
287(E2),L,G,-6.17,0,6,4
287(E2),L,H,-6.661,0,5,4
287(E2),L,I,-3.606,0.3752,6.5,4
287(E2),L,K,-5.819,0,4,4
287(E2),L,L,0,0,,4
287(E2),L,M,-1.808,0.3065,7.5,4
287(E2),L,N,-6.242,0,3,4
287(E2),L,P,-6.211,0,5.5,4
287(E2),L,Q,-6.791,0,7,4
287(E2),L,R,-6.247,0,10,4
287(E2),L,S,-6.406,0,4.5,4
287(E2),L,T,-4.352,0.2352,5.5,4
287(E2),L,V,-1.766,0.1329,6,4
287(E2),L,W,-5.988,0,7.25,4
287(E2),L,Y,-5.381,0,5,4
288(E1),T,-,-2.129,1.76,2,4
288(E1),T,A,-3.269,1.071,11,4
288(E1),T,C,0.8006,1.212,3.5,4
288(E1),T,D,-2.401,0.4626,6.5,4
288(E1),T,E,-1.988,0.5088,3,4
288(E1),T,F,-2.824,0.6877,6.5,4
288(E1),T,G,-4.925,0.5415,3,4
288(E1),T,H,-2.506,0.3246,4,4
288(E1),T,I,-0.5108,0.3063,14.75,4
288(E1),T,K,-1.879,0.4226,4,4
288(E1),T,L,-0.6159,0.6031,10.5,4
288(E1),T,M,-0.2765,0.6919,2.5,4
288(E1),T,N,-1.646,0.4977,8,4
288(E1),T,P,-6.8,0,5.5,4
288(E1),T,Q,-0.6675,0.3129,11.5,4
288(E1),T,R,0.01605,0.9043,3.5,4
288(E1),T,S,-2.077,0.6754,5.5,4
288(E1),T,T,0,0,,4
288(E1),T,V,0.5052,1.17,4,4
288(E1),T,W,-2.603,0.05418,3,4
288(E1),T,Y,-2.306,0.1686,5.25,4
288(E2),Y,*,-5.796,0,4,4
288(E2),Y,A,-3.111,0.3727,8.5,4
288(E2),Y,C,-3.173,0.3273,5.5,4
288(E2),Y,D,-4.336,0.2784,5,4
288(E2),Y,E,-3.195,0.4168,4,4
288(E2),Y,F,1.446,1.038,6,4
288(E2),Y,G,-4.267,0.05066,8,4
288(E2),Y,H,-2.463,0.1487,7.5,4
288(E2),Y,I,-3.717,0.6633,6,4
288(E2),Y,K,-3.68,0.4164,5.5,4
288(E2),Y,L,-2.213,0.3094,11,4
288(E2),Y,M,-0.6113,2.45,6,4
288(E2),Y,N,-2.995,0.1542,3.75,4
288(E2),Y,P,-6.415,0,5.5,4
288(E2),Y,Q,-4.123,0.5671,2.5,4
288(E2),Y,R,-3.083,0.4835,5.5,4
288(E2),Y,S,-3.269,0.4355,5.5,4
288(E2),Y,T,-4.348,0.2595,4,4
288(E2),Y,V,-3.667,0.2933,7,4
288(E2),Y,W,-2.054,0.07377,6.5,4
288(E2),Y,Y,0,0,,4
289(E1),R,*,-4.296,0,1,2
289(E1),R,-,-1.661,2.083,1,4
289(E1),R,A,-3.074,0.1754,4,4
289(E1),R,C,-6.001,0,6.25,4
289(E1),R,D,-5.745,0,6,4
289(E1),R,E,-6.575,0,6,4
289(E1),R,F,-3.128,0.4115,10,4
289(E1),R,G,-4.759,0,5,4
289(E1),R,H,0.826,1.467,6,4
289(E1),R,I,-2.737,0.2506,17,4
289(E1),R,K,-1.076,0.3357,5.5,4
289(E1),R,L,-3.088,0.2162,8.5,4
289(E1),R,M,-3.261,0.4877,4.5,4
289(E1),R,N,-4.513,0.3925,5.5,4
289(E1),R,P,-3.538,0.2511,8,4
289(E1),R,Q,-3.557,0.1474,6,4
289(E1),R,R,0,0,,4
289(E1),R,S,-3.494,0.2402,7,4
289(E1),R,T,-2.503,0.3009,7,4
289(E1),R,V,-1.557,0.2144,4,4
289(E1),R,W,-1.646,0.2133,8,4
289(E1),R,Y,-3.385,0.1901,4.5,4
289(E2),P,A,-2.737,0.1491,6,4
289(E2),P,C,-5.738,0.09786,4,4
289(E2),P,D,-6.395,0,3,4
289(E2),P,E,-6.615,0,5.5,4
289(E2),P,F,-4.538,0.05862,6,4
289(E2),P,G,-6.71,0,6,4
289(E2),P,H,-6.764,0,11.5,4
289(E2),P,I,-6.546,0,4.5,4
289(E2),P,K,-6.072,0,4.5,4
289(E2),P,L,-6.147,0,10,4
289(E2),P,M,-6.732,0,5.5,4
289(E2),P,N,-6.124,0.01992,4.5,4
289(E2),P,P,0,0,,4
289(E2),P,Q,-5.526,0,5.5,4
289(E2),P,R,-6.444,0,6.5,4
289(E2),P,S,-5.512,0,12,4
289(E2),P,T,-3.3,0.742,8,4
289(E2),P,V,-2.982,0.5943,3.5,4
289(E2),P,W,-6.452,0,9,4
289(E2),P,Y,-4.751,0.2563,5,4
29(6K),L,-,0.01857,0.2663,1.5,4
29(6K),L,A,0.0478,0.6474,5,4
29(6K),L,C,-0.569,2.179,6,4
29(6K),L,D,-1.543,0.8299,6,4
29(6K),L,E,-1.191,0.8953,7,4
29(6K),L,F,-1.087,0.4864,4,4
29(6K),L,G,1.499,1.176,6.5,4
29(6K),L,H,-0.4778,0.7071,8.5,4
29(6K),L,I,0.953,0.3815,4,4
29(6K),L,K,-2.987,0.6315,2.5,4
29(6K),L,L,0,0,,4
29(6K),L,M,-0.7852,0.7712,7.5,4
29(6K),L,N,-2.268,0.5282,5,4
29(6K),L,P,0.8384,0.606,13,4
29(6K),L,Q,0.386,1.717,4,4
29(6K),L,R,-3.354,0.3753,6.5,4
29(6K),L,S,0.745,0.8304,7.5,4
29(6K),L,T,-1.153,0.3361,6,4
29(6K),L,V,-1.066,0.4448,7.5,4
29(6K),L,W,-0.1127,0.3097,9.5,4
29(6K),L,Y,-0.7623,0.6102,6,4
29(E1),L,-,-1.168,0.1405,1.5,2
29(E1),L,A,-2.694,0.3123,7,4
29(E1),L,C,-2.228,0.1185,9.5,4
29(E1),L,D,-7.543,0,9.5,4
29(E1),L,E,-5.975,0.2087,4.5,4
29(E1),L,F,-1.6,1.174,7.5,4
29(E1),L,G,-6.938,0,6.5,4
29(E1),L,H,-7.744,0,7,4
29(E1),L,I,0.5275,0.2205,12.5,4
29(E1),L,K,-7.178,0,6.5,4
29(E1),L,L,0,0,,4
29(E1),L,M,-0.6188,0.3803,10,4
29(E1),L,N,-7.182,0,7.5,4
29(E1),L,P,-7.019,0,18,4
29(E1),L,Q,-6.944,0,12.25,4
29(E1),L,R,-8.118,0,14.5,4
29(E1),L,S,-6.779,0,5.5,4
29(E1),L,T,-4.367,0.2548,6,4
29(E1),L,V,-0.8267,0.9398,9,4
29(E1),L,W,-2.703,0.2226,5.5,4
29(E1),L,Y,-2.777,0.3952,8.5,4
29(E2),H,A,-2.705,0.1527,5,4
29(E2),H,C,-6.082,0,8,4
29(E2),H,D,-1.181,0.04086,4,4
29(E2),H,E,-2.945,0.6264,5,4
29(E2),H,F,0.2644,1.126,6.5,4
29(E2),H,G,-4.29,0.1723,6.5,4
29(E2),H,H,0,0,,4
29(E2),H,I,-1.647,0.2167,6.5,4
29(E2),H,K,-6.131,0,8.5,4
29(E2),H,L,-4.005,0.1498,10.5,4
29(E2),H,M,-3.704,0.361,9,4
29(E2),H,N,-2.555,0.1642,10.5,4
29(E2),H,P,-2.183,0.09453,8,4
29(E2),H,Q,-2.578,0.2342,11.5,4
29(E2),H,R,-3.786,0.2756,7,4
29(E2),H,S,-2.306,0.1433,6.5,4
29(E2),H,T,-2.715,0.3921,3.5,4
29(E2),H,V,-2.246,0.2246,9,4
29(E2),H,W,-2.084,0.4324,8,4
29(E2),H,Y,-0.2435,0.4139,8,4
29(E3),K,*,-1.946,0.4665,0.5,2
29(E3),K,-,-0.5355,0.0069,0.5,2
29(E3),K,A,-0.2405,0.2577,11.5,4
29(E3),K,C,-0.2359,0.08124,14,4
29(E3),K,D,-0.9744,0.5191,9,4
29(E3),K,E,0.2005,0.9043,10,4
29(E3),K,F,0.9368,0.5348,11.25,4
29(E3),K,G,0.2298,1.331,8,4
29(E3),K,H,-0.7854,0.6027,11.25,4
29(E3),K,I,-0.3037,0.7895,8.5,4
29(E3),K,K,0,0,,4
29(E3),K,L,-0.7026,0.7354,6.5,4
29(E3),K,M,0.5931,0.2912,8,4
29(E3),K,N,0.2084,0.5644,13,4
29(E3),K,P,-1.805,0.09317,11,4
29(E3),K,Q,-1.185,0.1976,17.5,4
29(E3),K,R,0.3458,2.035,7,4
29(E3),K,S,-0.2773,0.4775,8.5,4
29(E3),K,T,0.2185,0.1462,12,4
29(E3),K,V,0.1643,0.5981,7.5,4
29(E3),K,W,-0.5842,0.3412,11.5,4
29(E3),K,Y,-0.1815,0.2187,12.5,4
290(E1),V,-,-4.412,0.5488,1.5,4
290(E1),V,A,2.033,1.665,4.5,4
290(E1),V,C,-0.335,2.401,3.5,4
290(E1),V,D,-2.502,0.6571,5.5,4
290(E1),V,E,-0.5766,0.2329,6.5,4
290(E1),V,F,0.098,1.782,7.5,4
290(E1),V,G,-2.421,0.2803,5.5,4
290(E1),V,H,-1.391,0.8874,6,4
290(E1),V,I,1.63,0.8143,4.5,4
290(E1),V,K,-0.02165,1.054,5.5,4
290(E1),V,L,0.1405,1.487,5,4
290(E1),V,M,0.09743,0.3091,13,4
290(E1),V,N,-2.727,0.3326,2.5,4
290(E1),V,P,-4.036,0.1676,6.5,4
290(E1),V,Q,-0.8266,0.3596,5.5,4
290(E1),V,R,-1.246,0.204,6,4
290(E1),V,S,-1.823,1.009,4.25,4
290(E1),V,T,-1.289,1.092,5.5,4
290(E1),V,V,0,0,,4
290(E1),V,W,2.085,1.862,4,2
290(E1),V,Y,0.5055,1.072,7,4
290(E2),D,-,-3.173,1.02,0.5,2
290(E2),D,A,-1.803,0.5652,5,4
290(E2),D,C,-4.521,0.000866,8.5,4
290(E2),D,D,0,0,,4
290(E2),D,E,-1.748,0.1475,11,4
290(E2),D,F,-5.127,0.001299,8.5,4
290(E2),D,G,-4.223,0.1634,7.5,4
290(E2),D,H,-5.143,0.06538,10,4
290(E2),D,I,-3.561,0.06188,6.5,4
290(E2),D,K,-7.878,0,2.5,2
290(E2),D,L,-3.011,0.335,4.25,4
290(E2),D,M,-2.548,0.5707,4.5,4
290(E2),D,N,-2.321,0.1175,22.5,4
290(E2),D,P,-4.47,0.1104,6,4
290(E2),D,Q,-2.318,0.072,3,2
290(E2),D,R,-6.662,0,9,4
290(E2),D,S,-1.991,0.2109,6,4
290(E2),D,T,-3.127,0.7024,2,4
290(E2),D,V,-2.817,0.1371,6,4
290(E2),D,W,-5.796,0,6.5,4
290(E2),D,Y,-4.046,0.1286,10,4
291(E1),V,-,-0.3674,0.149,0.5,2
291(E1),V,A,-1.623,1.182,3,4
291(E1),V,C,-2.77,0.2785,6.5,4
291(E1),V,D,-0.187,2.64,7,4
291(E1),V,E,-1.577,0.7047,7,4
291(E1),V,F,-0.3635,0.7461,4,4
291(E1),V,G,-1.2,0.1675,5,4
291(E1),V,H,-1.26,1.451,5,4
291(E1),V,I,-0.7797,0.6143,5,4
291(E1),V,K,-1.441,0.6483,4.5,4
291(E1),V,L,-0.2747,1.033,7.5,4
291(E1),V,M,0.4244,0.2133,11,4
291(E1),V,N,-1.653,0.5667,4.5,4
291(E1),V,P,-2.291,0.543,2.75,4
291(E1),V,Q,0.1902,0.2311,6,4
291(E1),V,R,-0.06395,1.055,4.5,4
291(E1),V,S,-0.5252,0.8295,5,4
291(E1),V,T,-1.616,0.7404,5,4
291(E1),V,V,0,0,,4
291(E1),V,W,4.805,0.064,2,2
291(E1),V,Y,1.082,1.137,4.5,4
291(E2),H,A,-1.546,0.3915,3,4
291(E2),H,C,-3.212,0.4152,5.5,4
291(E2),H,D,-6.475,0,5.5,4
291(E2),H,E,-3.838,0.229,5,4
291(E2),H,F,-0.5289,0.851,2.5,4
291(E2),H,G,-0.3395,1.668,2.5,4
291(E2),H,H,0,0,,4
291(E2),H,I,-2.733,0.2251,3.5,4
291(E2),H,K,-4.309,0.1569,4.5,4
291(E2),H,L,-4.341,0.2811,6.5,4
291(E2),H,M,-1.78,0.5755,4.5,4
291(E2),H,N,-1.168,0.8145,9,4
291(E2),H,P,-5.393,0,6.5,4
291(E2),H,Q,-1.577,0.06583,8.5,4
291(E2),H,R,-2.415,0.7896,5,4
291(E2),H,S,-1.833,0.2425,9,4
291(E2),H,T,-1.252,0.4328,4.5,4
291(E2),H,V,-1.053,0.5589,2,4
291(E2),H,W,-0.9227,0.9078,5.5,4
291(E2),H,Y,-1.579,0.729,8.5,4
292(E1),D,-,0.00955,0.4213,0.5,2
292(E1),D,A,-2.36,0.2528,8.5,4
292(E1),D,C,-3.383,0.1251,6.5,4
292(E1),D,D,0,0,,4
292(E1),D,E,-1.272,0.9373,7.5,4
292(E1),D,F,-0.7091,1.471,5,4
292(E1),D,G,-5.455,0.2702,9.5,4
292(E1),D,H,-1.661,1.496,7,4
292(E1),D,I,-2.623,0.2477,3.5,4
292(E1),D,K,-2.789,0.2366,3.75,4
292(E1),D,L,-0.09,0.3889,3,4
292(E1),D,M,-1.988,0.3466,4.25,4
292(E1),D,N,-0.9482,0.2115,25,4
292(E1),D,P,-6.109,0.08097,5.75,4
292(E1),D,Q,-2.965,0.5732,3,4
292(E1),D,R,-3.24,0.2647,2.5,4
292(E1),D,S,-3.35,0.301,3,4
292(E1),D,T,-3.739,0.2237,7,4
292(E1),D,V,-2.986,0.6507,7,4
292(E1),D,W,-2.303,0.3356,4,4
292(E1),D,Y,-0.5847,0.8861,5,4
292(E2),P,-,-0.5455,0.2959,0.5,2
292(E2),P,A,-1.25,1.054,7,4
292(E2),P,C,-6.539,0,7,4
292(E2),P,D,-0.097,1.285,5,4
292(E2),P,E,-1.542,0.5437,5.5,4
292(E2),P,F,-6.739,0,4,4
292(E2),P,G,-4.714,0,6,4
292(E2),P,H,-3.55,0.3189,9.5,4
292(E2),P,I,-6.37,0,2.5,4
292(E2),P,K,-5.942,0.3105,4.75,4
292(E2),P,L,-6.623,0,8.5,4
292(E2),P,M,-6.62,0,6,4
292(E2),P,N,-5.946,0,2,4
292(E2),P,P,0,0,,4
292(E2),P,Q,-5.383,0,4.5,4
292(E2),P,R,-6.016,0,8,4
292(E2),P,S,-3.219,0.2274,14,4
292(E2),P,T,-5.877,0,6.5,4
292(E2),P,V,-6.463,0,6.5,4
292(E2),P,W,-6.705,0,5.5,4
292(E2),P,Y,-6.575,0,4.5,4
293(E1),A,A,0,0,,4
293(E1),A,C,-2.561,0.0801,5,4
293(E1),A,D,-1.919,0.3753,6.5,4
293(E1),A,E,-2.374,0.5458,3.5,4
293(E1),A,F,-7.98,0,8.5,4
293(E1),A,G,-2.688,0.1801,3,4
293(E1),A,H,-5.549,0,4,4
293(E1),A,I,-3.76,0.1765,5.5,4
293(E1),A,K,-1.593,0.6372,6,4
293(E1),A,L,-2.957,0.3943,5.5,4
293(E1),A,M,-2.221,0.2801,6.5,4
293(E1),A,N,-3.188,1.299,2.5,4
293(E1),A,P,-5.46,0,2.5,4
293(E1),A,Q,-2.357,0.2136,3.5,4
293(E1),A,R,-2.885,0.1487,3.5,4
293(E1),A,S,-1.035,0.6587,8,4
293(E1),A,T,-2.615,0.3499,17,4
293(E1),A,V,-4.384,0.481,13,4
293(E1),A,W,-6.845,0,4,4
293(E1),A,Y,-7.063,0,3.5,4
293(E2),T,-,-0.6746,0.2463,1,2
293(E2),T,A,-4.915,0,9.5,4
293(E2),T,C,-5.705,0,7,4
293(E2),T,D,-5.576,0,5,4
293(E2),T,E,-6.751,0,7.5,4
293(E2),T,F,-6.692,0,7,4
293(E2),T,G,-6.603,0,3,4
293(E2),T,H,-5.67,0,6.5,4
293(E2),T,I,-5.399,0.06149,12,4
293(E2),T,K,-7.095,0,8.75,4
293(E2),T,L,-5.957,0,9.5,4
293(E2),T,M,-5.951,0,5.5,4
293(E2),T,N,-6.853,0,8,4
293(E2),T,P,-5.428,0,8.5,4
293(E2),T,Q,-5.852,0,8.5,4
293(E2),T,R,-6.815,0,10,4
293(E2),T,S,-3.249,0.5084,7.75,4
293(E2),T,T,0,0,,4
293(E2),T,V,-1.773,0.7061,3.5,4
293(E2),T,W,-5.443,0,9,4
293(E2),T,Y,-6.439,0,5,4
294(E1),P,A,-1.583,0.0885,3,2
294(E1),P,C,-3.108,0.2412,8,4
294(E1),P,D,-6.678,0,4.5,4
294(E1),P,E,-6.076,0.005629,4.5,4
294(E1),P,F,-7.14,0,4,4
294(E1),P,G,-4.955,0.5277,1.5,4
294(E1),P,H,-6.494,0,6,4
294(E1),P,I,-6.202,0,6.5,4
294(E1),P,K,-7.026,0,4,4
294(E1),P,L,-6.793,0,7.5,4
294(E1),P,M,-6.621,0,5.5,4
294(E1),P,N,-5.948,0,2.5,4
294(E1),P,P,0,0,,4
294(E1),P,Q,-6.756,0,5.75,4
294(E1),P,R,-6.283,0,3,4
294(E1),P,S,-2.419,0.221,7.5,4
294(E1),P,T,-2.175,0.3772,10,4
294(E1),P,V,-0.9045,1.008,2.5,4
294(E1),P,W,-6.536,0,6.5,4
294(E1),P,Y,-6.912,0,4.25,4
294(E2),L,-,-0.8678,0.4732,1,2
294(E2),L,A,-5.774,0.1983,3,4
294(E2),L,C,-6.441,0.2035,7,4
294(E2),L,D,-6.582,0,3.25,4
294(E2),L,E,-6.421,0,3.5,4
294(E2),L,F,-4.673,0.2679,7,4
294(E2),L,G,-5.799,0.001299,2.5,4
294(E2),L,H,-5.53,0.07101,6.5,4
294(E2),L,I,-3.31,0.4251,5.5,4
294(E2),L,K,-1.617,0.07277,4.5,4
294(E2),L,L,0,0,,4
294(E2),L,M,-2.232,0.4445,4.5,4
294(E2),L,N,-6.014,0,6.5,4
294(E2),L,P,-6.385,0,8.5,4
294(E2),L,Q,-3.88,0.1982,3.5,4
294(E2),L,R,-5.752,0.2498,3.5,4
294(E2),L,S,-6.221,0,3.5,4
294(E2),L,T,-6.395,0,5,4
294(E2),L,V,-6.064,0,5,4
294(E2),L,W,-6.577,0.2343,4,4
294(E2),L,Y,-3.938,1.33,3,4
295(E1),S,A,2.168,1.235,3.25,4
295(E1),S,C,-2.861,0.2372,7,4
295(E1),S,D,-0.8144,0.6241,4.5,4
295(E1),S,E,-1.203,0.3699,6.5,4
295(E1),S,F,0.04658,1.364,3.75,4
295(E1),S,G,-1.273,0.5414,7.75,4
295(E1),S,H,0.6402,1.711,5,4
295(E1),S,I,-0.6566,0.8489,8.5,4
295(E1),S,K,-2.747,0.0185,3,2
295(E1),S,L,0.3496,1.59,4.5,4
295(E1),S,M,2.271,1.783,4.5,4
295(E1),S,N,0.2265,1.1,14,4
295(E1),S,P,-3.039,0.8522,5.5,4
295(E1),S,Q,-0.8478,1.014,4,4
295(E1),S,R,-0.3105,0.746,6,4
295(E1),S,S,0,0,,4
295(E1),S,T,0.1189,0.8995,7.25,4
295(E1),S,V,-0.9041,1.139,6.5,4
295(E1),S,W,0.2218,0.4363,6,4
295(E1),S,Y,1.362,1.442,5,4
295(E2),L,-,-0.6336,0.6184,0.5,2
295(E2),L,A,-5.919,0,6.75,4
295(E2),L,C,-5.821,0,7.5,4
295(E2),L,D,-6.372,0,6,4
295(E2),L,E,-5.515,1.165,4.5,4
295(E2),L,F,0.0918,0.6327,5.5,4
295(E2),L,G,-6.066,0,8,4
295(E2),L,H,-6.633,0,8,4
295(E2),L,I,1.28,0.7135,2,4
295(E2),L,K,-5.659,0,6,4
295(E2),L,L,0,0,,4
295(E2),L,M,-2.651,0.246,8.5,4
295(E2),L,N,-6.099,0,6.5,4
295(E2),L,P,-6.365,0,10,4
295(E2),L,Q,-5.881,0,6,4
295(E2),L,R,-6.272,0,7.5,4
295(E2),L,S,-5.869,0,5,4
295(E2),L,T,-6.212,0,3,4
295(E2),L,V,-1.816,0.07662,4.5,4
295(E2),L,W,-6.232,0,5,4
295(E2),L,Y,-5.908,0,4.5,4
296(E1),L,A,-1.672,0.1795,5.5,4
296(E1),L,C,0.1286,0.2843,2.5,2
296(E1),L,D,-6.928,0,5,4
296(E1),L,E,-6.517,0,4.5,4
296(E1),L,F,0.0715,2.434,4,4
296(E1),L,G,-6.576,0,4.25,4
296(E1),L,H,-5.751,0,3.5,4
296(E1),L,I,0.2901,1.155,6.5,4
296(E1),L,K,-4.033,1.522,2,4
296(E1),L,L,0,0,,4
296(E1),L,M,0.7284,0.8589,8.5,4
296(E1),L,N,-6.038,0,3.5,4
296(E1),L,P,-2.085,0.4054,11,4
296(E1),L,Q,-7.325,0,6,4
296(E1),L,R,-6.465,0,10.5,4
296(E1),L,S,-6.137,0,7.5,4
296(E1),L,T,0.001,1.676,4.5,4
296(E1),L,V,1.045,0.3689,11,4
296(E1),L,W,-6.444,0,5.5,4
296(E1),L,Y,-4.809,0.08617,8,4
296(E2),S,-,-0.4895,0.2718,0.5,2
296(E2),S,A,-4.859,0.1412,7.5,4
296(E2),S,C,-5.33,0,6,4
296(E2),S,D,-6.527,0,7,4
296(E2),S,E,-6.877,0,7,4
296(E2),S,F,-6.269,0,7,4
296(E2),S,G,-3.343,0.5455,9,4
296(E2),S,H,-6.101,0,3.5,4
296(E2),S,I,-6.389,0,11.5,4
296(E2),S,K,-4.636,0.3434,5,4
296(E2),S,L,-6.093,0,6,4
296(E2),S,M,-5.588,0,6,4
296(E2),S,N,-6.684,0,18,4
296(E2),S,P,-6.178,0,6,4
296(E2),S,Q,-4.542,0.151,5.5,4
296(E2),S,R,-7.219,0,11,4
296(E2),S,S,0,0,,4
296(E2),S,T,-3.475,0.3094,5.5,4
296(E2),S,V,-5.843,0,6.5,4
296(E2),S,W,-5.698,0.372,4.5,4
296(E2),S,Y,-5.659,0.4651,5.5,4
297(E1),T,A,-0.7194,0.1163,8.75,4
297(E1),T,C,-2.002,0.5686,4.5,4
297(E1),T,D,0.2613,0.8542,5,4
297(E1),T,E,-0.3697,0.5694,3.5,4
297(E1),T,F,0.2999,0.7692,4,4
297(E1),T,G,0.2112,1.174,2.5,4
297(E1),T,H,-1.175,0.7402,5,4
297(E1),T,I,-0.1626,0.5081,12.5,4
297(E1),T,K,0.8902,1.818,6,4
297(E1),T,L,-1.159,0.4565,2.5,4
297(E1),T,M,-0.5791,0.5237,6.5,4
297(E1),T,N,0.1702,0.4258,10,4
297(E1),T,P,-2.611,0.17,4.5,4
297(E1),T,Q,-0.2738,1.09,4.5,4
297(E1),T,R,-0.6952,0.1913,7,4
297(E1),T,S,-1.562,0.3363,5,4
297(E1),T,T,0,0,,4
297(E1),T,V,-0.478,0.722,5,4
297(E1),T,W,-0.1752,1.279,6.5,4
297(E1),T,Y,-0.5431,0.7555,4,4
297(E2),Y,*,-4.694,0.839,4,4
297(E2),Y,-,-0.2409,0.1461,0.5,2
297(E2),Y,A,-0.3957,0.9296,8.5,4
297(E2),Y,C,-2.454,0.118,11,4
297(E2),Y,D,-6.187,0,9.5,4
297(E2),Y,E,-8.905,0,9.5,4
297(E2),Y,F,-0.2514,0.1352,8.25,4
297(E2),Y,G,-6.825,0,6.5,4
297(E2),Y,H,-0.4104,0.602,8.25,4
297(E2),Y,I,-2.044,0.106,9,4
297(E2),Y,K,-2.046,0.2477,9,4
297(E2),Y,L,-2.186,0.5791,14,4
297(E2),Y,M,-1.067,0.1928,7.5,4
297(E2),Y,N,-5.685,0.4079,6.5,4
297(E2),Y,P,-6.665,0,5,4
297(E2),Y,Q,-2.401,0.349,7,4
297(E2),Y,R,-1.493,0.3563,7.25,4
297(E2),Y,S,1.566,2.103,4,4
297(E2),Y,T,1.512,0.3393,2.5,4
297(E2),Y,V,-0.9216,0.4513,1.5,4
297(E2),Y,W,0.00165,0.8125,6.5,4
297(E2),Y,Y,0,0,,4
298(E1),D,-,-4.034,0.7335,2.5,4
298(E1),D,A,-1.591,0.3984,5,4
298(E1),D,C,-4.069,0,7.5,4
298(E1),D,D,0,0,,4
298(E1),D,E,-0.0661,0.5519,9.5,4
298(E1),D,F,-1.307,0.7573,4.5,4
298(E1),D,G,-1.073,0.565,6,4
298(E1),D,H,-1.332,0.5505,8.5,4
298(E1),D,I,-2.116,1.138,4,4
298(E1),D,K,0.5504,0.7952,4,4
298(E1),D,L,-1.43,1.014,3.75,4
298(E1),D,M,-0.5227,0.9227,5,4
298(E1),D,N,-1.588,0.3396,23.75,4
298(E1),D,P,-2.076,0.4865,8,4
298(E1),D,Q,-0.352,0.7716,4,4
298(E1),D,R,-0.9662,0.199,3.5,4
298(E1),D,S,-0.2047,0.9848,4,4
298(E1),D,T,-0.1453,0.5779,5,4
298(E1),D,V,-1.009,0.5707,8,4
298(E1),D,W,-0.7484,0.4768,4.5,4
298(E1),D,Y,-1.368,0.6612,9,4
298(E2),R,-,-0.5732,0.2045,0.5,2
298(E2),R,A,-6.26,0,6.5,4
298(E2),R,C,-6.077,0,10,4
298(E2),R,D,-6.643,0,6.5,4
298(E2),R,E,-6.482,0,6.5,4
298(E2),R,F,-6.408,0,6,4
298(E2),R,G,-7.878,0,9.5,4
298(E2),R,H,-6.385,0,3.5,4
298(E2),R,I,-6.84,0,7.75,4
298(E2),R,K,-6.604,0,4.5,4
298(E2),R,L,-6.3,0,12,4
298(E2),R,M,-6.534,0,4.5,4
298(E2),R,N,-5.899,0,6.5,4
298(E2),R,P,-6.228,0,7,4
298(E2),R,Q,-6.223,0,18,4
298(E2),R,R,0,0,,4
298(E2),R,S,-7.244,0,8,4
298(E2),R,T,-6.185,0,13,4
298(E2),R,V,-6.489,0,9,4
298(E2),R,W,-8.047,0,22.5,4
298(E2),R,Y,-5.363,0.03248,5.5,4
299(E1),M,-,-0.4216,0.0005,0.5,2
299(E1),M,A,-1.215,0.8541,3.5,4
299(E1),M,C,-1.039,0.7211,4,4
299(E1),M,D,-3.286,0.4297,3,4
299(E1),M,E,-2.388,0.3811,5,4
299(E1),M,F,-1.219,1.138,6,4
299(E1),M,G,-1.568,0.2156,7,4
299(E1),M,H,-2.367,0.5172,7.5,4
299(E1),M,I,-1.03,0.06916,17.5,4
299(E1),M,K,-2.795,0.4586,4.5,4
299(E1),M,L,1.06,1.69,3.5,4
299(E1),M,M,0,0,,4
299(E1),M,N,-1.954,0.2997,4,4
299(E1),M,P,-1.889,0.3676,6.5,4
299(E1),M,Q,-2.021,0.6317,4,4
299(E1),M,R,-2.721,0.2891,6.5,4
299(E1),M,S,-1.815,0.3154,4,4
299(E1),M,T,-0.9427,0.7346,6.5,4
299(E1),M,V,0.2023,0.5691,6,4
299(E1),M,W,-2.856,0.1529,6,4
299(E1),M,Y,-1.736,0.5349,5,4
299(E2),N,-,-0.4867,1.138,1,4
299(E2),N,A,0.3,1.145,5.5,4
299(E2),N,C,-0.5146,0.4851,7,4
299(E2),N,D,-1.985,0.9528,8.5,4
299(E2),N,E,-0.4314,1.02,7.5,4
299(E2),N,F,-0.5409,0.3112,8,4
299(E2),N,G,0.4581,1.129,5,4
299(E2),N,H,-0.3103,0.7967,6.5,4
299(E2),N,I,0.0041,0.7228,10,4
299(E2),N,K,0.7427,0.5653,5.5,4
299(E2),N,L,-0.7765,0.2063,11.5,4
299(E2),N,M,0.01775,0.4036,6,4
299(E2),N,N,0,0,,4
299(E2),N,P,-6.271,0,10,4
299(E2),N,Q,-0.5738,0.4118,5.5,4
299(E2),N,R,0.3192,1.3,5.75,4
299(E2),N,S,-0.9404,0.3852,5,4
299(E2),N,T,0.4131,0.17,8.5,4
299(E2),N,V,-0.1766,0.4176,5.5,4
299(E2),N,W,-0.6679,0.2875,6.5,4
299(E2),N,Y,0.9618,0.8686,8,4
3(6K),Y,*,0.5885,0.5745,0.5,2
3(6K),Y,-,-0.3058,0.5886,1.5,4
3(6K),Y,A,-1.359,1.081,10,4
3(6K),Y,C,0.4715,1.6,11,4
3(6K),Y,D,-0.2558,1.459,6.5,4
3(6K),Y,E,0.7851,0.9174,10,4
3(6K),Y,F,-0.8027,1.826,9,4
3(6K),Y,G,0.3098,1.005,8,4
3(6K),Y,H,0.01615,0.5682,16,4
3(6K),Y,I,-0.2364,0.6775,5.5,4
3(6K),Y,K,-1.27,0.6814,4,4
3(6K),Y,L,0.1923,1.182,11,4
3(6K),Y,M,-0.2956,0.3863,9,4
3(6K),Y,N,1.926,0.9473,9,4
3(6K),Y,P,-0.3986,0.7981,7,4
3(6K),Y,Q,-0.4827,0.1342,5.5,4
3(6K),Y,R,0.4473,0.8587,10.5,4
3(6K),Y,S,0.9251,0.5815,6,4
3(6K),Y,T,1.437,1.488,8.5,4
3(6K),Y,V,-0.1944,0.4988,7,4
3(6K),Y,W,0.3534,0.7512,7.5,4
3(6K),Y,Y,0,0,,4
3(E1),H,-,-0.019,0.8347,1,2
3(E1),H,A,-5.437,0.0407,4.25,4
3(E1),H,C,-6.67,0,6.25,4
3(E1),H,D,-6.298,0,3.25,4
3(E1),H,E,-6.642,0,4,4
3(E1),H,F,-4.992,0,6.5,4
3(E1),H,G,-6.403,0,4.5,4
3(E1),H,H,0,0,,4
3(E1),H,I,-6.046,0,3.5,4
3(E1),H,K,-3.294,0.08663,6.5,4
3(E1),H,L,-4.784,0,8,4
3(E1),H,M,-4.16,0.1709,4.5,4
3(E1),H,N,-8.342,0,15,4
3(E1),H,P,-7.29,0,7.5,4
3(E1),H,Q,-3.219,0.2281,11,4
3(E1),H,R,-3.606,0.4166,9.75,4
3(E1),H,S,-4.037,0.1374,7.5,4
3(E1),H,T,-6.179,0,6.5,4
3(E1),H,V,-5.867,0,6.5,4
3(E1),H,W,-2.861,0.4489,8.5,4
3(E1),H,Y,-3.051,0.1744,13,4
3(E2),K,*,2.33,4.724,1,2
3(E2),K,-,-0.6977,0.6254,2,4
3(E2),K,A,-0.4764,0.8768,10,4
3(E2),K,C,-3.038,0.3347,11,4
3(E2),K,D,-1.362,0.5598,8.5,4
3(E2),K,E,0.5257,0.9533,6,4
3(E2),K,F,-0.5099,0.47,5,4
3(E2),K,G,-1.066,0.8547,9,4
3(E2),K,H,-0.2589,0.3926,12.5,4
3(E2),K,I,0.3043,1.098,5,4
3(E2),K,K,0,0,,4
3(E2),K,L,-0.6197,1.167,7.5,4
3(E2),K,M,-0.9432,0.6464,8.5,4
3(E2),K,N,-0.2466,0.1886,11.75,4
3(E2),K,P,-0.6753,0.7881,11,4
3(E2),K,Q,0.3229,0.4472,7.5,4
3(E2),K,R,-0.3264,0.2247,13.5,4
3(E2),K,S,-0.8154,0.8621,8.75,4
3(E2),K,T,-1.154,0.3763,11.5,4
3(E2),K,V,-0.6138,1.064,8.5,4
3(E2),K,W,-0.6191,0.2555,8,4
3(E2),K,Y,-2.03,0.4335,4.5,4
3(E3),A,-,-0.5896,0.00675,0.5,2
3(E3),A,A,0,0,,4
3(E3),A,C,0.1683,0.3747,7.5,4
3(E3),A,D,-7.575,0,13,4
3(E3),A,E,-3.468,0.2064,7,4
3(E3),A,F,-0.1036,0.2036,10.5,4
3(E3),A,G,-1.03,0.2657,10,4
3(E3),A,H,-1.788,0.2594,13,4
3(E3),A,I,-0.5659,0.2398,4.5,4
3(E3),A,K,-4.595,0.9907,5.5,4
3(E3),A,L,1.859,0.6405,11,4
3(E3),A,M,1.579,1.04,6,4
3(E3),A,N,-1.201,0.3095,7.5,4
3(E3),A,P,0.0181,0.5151,9,4
3(E3),A,Q,-0.235,0.3454,7,4
3(E3),A,R,-3.778,0.337,12.5,4
3(E3),A,S,-0.4205,0.3256,20,4
3(E3),A,T,0.0545,0.103,38.5,4
3(E3),A,V,0.3699,0.158,31.25,4
3(E3),A,W,-0.4907,0.3182,7,4
3(E3),A,Y,-0.4879,0.4928,10.5,4
30(6K),I,*,-7.215,0,8.5,4
30(6K),I,-,-0.05774,0.1621,1.5,4
30(6K),I,A,-0.5701,0.3755,10,4
30(6K),I,C,1.129,1.978,7.5,4
30(6K),I,D,-2.352,0.6143,6,4
30(6K),I,E,-2.171,0.4168,6,4
30(6K),I,F,-0.9756,0.4664,9,4
30(6K),I,G,-0.5349,0.9694,6.5,4
30(6K),I,H,-1.337,0.3095,7,4
30(6K),I,I,0,0,,4
30(6K),I,K,-3.032,0.2773,3,4
30(6K),I,L,-0.4587,1.572,11.5,4
30(6K),I,M,-1.046,0.8949,6.5,4
30(6K),I,N,-1.92,0.1728,8,4
30(6K),I,P,-1.095,0.9824,6.5,4
30(6K),I,Q,-2.383,0.6212,7.5,4
30(6K),I,R,-3.177,0.4206,9,4
30(6K),I,S,0.0524,0.9289,7.5,4
30(6K),I,T,-1.053,0.2729,5.5,4
30(6K),I,V,-0.5394,0.4991,6.5,4
30(6K),I,W,0.02675,0.9211,9.5,4
30(6K),I,Y,-1.688,0.187,6.5,4
30(E1),E,*,-6.285,0,8.5,4
30(E1),E,-,-0.7081,0.945,1,2
30(E1),E,A,-2.405,0.3308,9,4
30(E1),E,C,-3.129,0.3063,9.5,4
30(E1),E,D,0.1033,1.343,10,4
30(E1),E,E,0,0,,4
30(E1),E,F,-6.186,0,7.25,4
30(E1),E,G,-2.245,0.3245,9.75,4
30(E1),E,H,-2.83,0.1966,7.25,4
30(E1),E,I,-0.7353,0.5554,7,4
30(E1),E,K,-2.667,0.3288,109.2,4
30(E1),E,L,-2.808,0.2408,10.5,4
30(E1),E,M,-3.995,0.8892,7,4
30(E1),E,N,-2.643,0.2428,12.5,4
30(E1),E,P,-6.668,0,11.5,4
30(E1),E,Q,-1.41,0.2689,10.5,4
30(E1),E,R,-2.231,0.4134,7,4
30(E1),E,S,-0.02595,0.3829,6.5,4
30(E1),E,T,-0.6037,0.2353,9,4
30(E1),E,V,-0.5788,2.281,9.5,4
30(E1),E,W,-5.793,0,7,4
30(E1),E,Y,-5.183,0.03377,9.5,4
30(E2),S,*,-4.901,0.257,1,2
30(E2),S,A,-6.425,0,6,4
30(E2),S,C,-6.053,0.09526,5,4
30(E2),S,D,-5.79,0,4.5,4
30(E2),S,E,-6.462,0,8.5,4
30(E2),S,F,-6.924,0,12,4
30(E2),S,G,-6.064,0,3,4
30(E2),S,H,-6.123,0,4,4
30(E2),S,I,-7.28,0,8,4
30(E2),S,K,-6.322,0,8.75,4
30(E2),S,L,-6.488,0,9,4
30(E2),S,M,-6.655,0,7,4
30(E2),S,N,-5.159,0,8.5,4
30(E2),S,P,-6.402,0,10.5,4
30(E2),S,Q,-6.721,0,6.5,4
30(E2),S,R,-8.041,0,7.5,4
30(E2),S,S,0,0,,4
30(E2),S,T,0.3279,1.194,9.5,4
30(E2),S,V,-6.213,0,5,4
30(E2),S,W,-6.136,0,7.5,4
30(E2),S,Y,-6.046,0.4196,11,4
30(E3),E,*,-6.619,0,21.5,4
30(E3),E,-,-0.8771,0.0169,1,2
30(E3),E,A,0.8047,0.5971,11,4
30(E3),E,C,-0.5615,0.2949,8,4
30(E3),E,D,0.3195,0.7613,16.75,4
30(E3),E,E,0,0,,4
30(E3),E,F,-0.1467,0.4797,10.5,4
30(E3),E,G,-0.381,0.9247,10,4
30(E3),E,H,0.7446,0.3902,10.75,4
30(E3),E,I,-0.9954,0.3619,9,4
30(E3),E,K,-0.425,0.4519,14,4
30(E3),E,L,-1.323,0.4855,7.5,4
30(E3),E,M,-0.5013,0.6954,13.5,4
30(E3),E,N,-0.4028,0.752,6,4
30(E3),E,P,-6.466,0,11,4
30(E3),E,Q,-0.4031,0.2585,8,4
30(E3),E,R,-0.5089,1.385,9.5,4
30(E3),E,S,-0.3096,0.4064,8.5,4
30(E3),E,T,-1.125,0.247,10,4
30(E3),E,V,0.3191,0.6712,7,4
30(E3),E,W,0.09644,0.4526,9,4
30(E3),E,Y,-0.02,0.6912,10.5,4
300(E1),S,-,-0.2934,0.1012,1,2
300(E1),S,A,0.1458,0.5567,5.5,4
300(E1),S,C,-0.4973,0.2517,6.5,4
300(E1),S,D,0.038,0.7281,6,4
300(E1),S,E,-0.0575,0.7361,7,4
300(E1),S,F,-0.8136,0.7256,10,4
300(E1),S,G,-0.1719,1.762,7.5,4
300(E1),S,H,-0.9387,1.269,5,4
300(E1),S,I,-0.215,0.3145,4.5,4
300(E1),S,K,-0.8831,0.6807,6,4
300(E1),S,L,0.891,0.9254,5.5,4
300(E1),S,M,-0.2262,0.5727,6,4
300(E1),S,N,-0.8924,1.878,5,4
300(E1),S,P,-6.843,0,5.25,4
300(E1),S,Q,0.6646,0.747,6,4
300(E1),S,R,-1.09,0.5148,6,4
300(E1),S,S,0,0,,4
300(E1),S,T,0.0512,1.122,8.5,4
300(E1),S,V,-1.057,0.237,7,4
300(E1),S,W,0.1369,0.3876,6.5,4
300(E1),S,Y,0.09234,0.3441,12.75,4
300(E2),M,-,0.2222,0.8849,1.5,4
300(E2),M,A,-5.626,0,6,4
300(E2),M,C,-3.609,0.1958,6,4
300(E2),M,D,-5.853,0,5,4
300(E2),M,E,-5.921,0,4.5,4
300(E2),M,F,-1.615,0.3867,12.5,4
300(E2),M,G,-5.268,0.2992,3,4
300(E2),M,H,-6.072,0,7,4
300(E2),M,I,-3.34,0.485,25,4
300(E2),M,K,-6.742,0.1377,7,4
300(E2),M,L,0.1715,0.3819,8,4
300(E2),M,M,0,0,,4
300(E2),M,N,-5.942,0,7,4
300(E2),M,P,-6.125,0,6,4
300(E2),M,Q,-3.795,0.1311,11.75,4
300(E2),M,R,-5.072,0.1126,5,4
300(E2),M,S,-6.769,0,7,4
300(E2),M,T,-6.905,0,6.5,4
300(E2),M,V,-6.819,0,7,4
300(E2),M,W,-5.499,0,7.5,4
300(E2),M,Y,-1.263,0.2728,8.5,4
301(E1),C,*,-7.014,0,7,4
301(E1),C,-,0.1134,0.5237,1.5,4
301(E1),C,A,-7.319,0,8.5,4
301(E1),C,C,0,0,,4
301(E1),C,D,-6.825,0,8.5,4
301(E1),C,E,-6.631,0,5.5,4
301(E1),C,F,-7.962,0,9.75,4
301(E1),C,G,-6.21,0,7.5,4
301(E1),C,H,-6.665,0,2.75,4
301(E1),C,I,-7.254,0,7.5,4
301(E1),C,K,-7.3,0,5.5,4
301(E1),C,L,-7.223,0,7.5,4
301(E1),C,M,-3.114,2.167,5,4
301(E1),C,N,-7.425,0,8.5,4
301(E1),C,P,-7.321,0,7,4
301(E1),C,Q,-6.482,0,6,4
301(E1),C,R,-6.498,0,11.5,4
301(E1),C,S,-7.036,0,12,4
301(E1),C,T,-6.766,0,8.5,4
301(E1),C,V,-6.769,0,9,4
301(E1),C,W,-6.493,0,7.25,4
301(E1),C,Y,-7.77,0,18,4
301(E2),G,-,-1.943,2.71,2,4
301(E2),G,A,-0.8111,0.5618,7.5,4
301(E2),G,C,-5.885,0,16.25,4
301(E2),G,D,-5.646,0,15.5,4
301(E2),G,E,-6.829,0,7.5,4
301(E2),G,F,-6.633,0,6,4
301(E2),G,G,0,0,,4
301(E2),G,H,-3.031,0.4754,7,4
301(E2),G,I,-5.88,0,7,4
301(E2),G,K,-3.652,0.4577,5,4
301(E2),G,L,-5.903,0,6.5,4
301(E2),G,M,-5.36,0,5,4
301(E2),G,N,-2.679,0.5037,3.5,4
301(E2),G,P,-6.572,0,7,4
301(E2),G,Q,-5.436,0,3,4
301(E2),G,R,-5.176,0,9,4
301(E2),G,S,-6.515,0,16,4
301(E2),G,T,-4.598,0.6796,3,4
301(E2),G,V,-7.26,0.08574,10.5,4
301(E2),G,W,-5.209,0,11,4
301(E2),G,Y,-6.752,0,5.5,4
302(E1),E,*,-2.018,2.63,4.5,4
302(E1),E,-,-0.4657,0.7453,3,4
302(E1),E,A,-0.6135,0.329,8,4
302(E1),E,C,-4.899,0.1455,6,4
302(E1),E,D,-0.5653,0.5698,10,4
302(E1),E,E,0,0,,4
302(E1),E,F,0.2047,0.8492,10.25,4
302(E1),E,G,-1.75,1.184,11,4
302(E1),E,H,-0.4568,1.384,9,4
302(E1),E,I,0.5164,0.9949,10.75,4
302(E1),E,K,-0.4347,0.3623,16.5,4
302(E1),E,L,0.4378,1.784,2.5,4
302(E1),E,M,-0.9695,0.6528,8,4
302(E1),E,N,-0.624,0.2267,4,4
302(E1),E,P,-5.641,0,7,4
302(E1),E,Q,1.265,1.964,5,4
302(E1),E,R,-1.389,0.6175,5,4
302(E1),E,S,-0.6097,1.03,7.5,4
302(E1),E,T,1.147,1.541,5,4
302(E1),E,V,1.091,0.5428,6.5,4
302(E1),E,W,-1.021,0.3587,5.75,4
302(E1),E,Y,-1.284,0.2774,7.5,4
302(E2),E,*,-6.804,0,4.5,4
302(E2),E,-,-0.2574,1.012,1.5,4
302(E2),E,A,0.9275,0.8969,6,4
302(E2),E,C,-0.9328,0.306,5,4
302(E2),E,D,-0.8955,0.2668,16.5,4
302(E2),E,E,0,0,,4
302(E2),E,F,0.7737,2.165,9,4
302(E2),E,G,-0.1803,0.5875,7.5,4
302(E2),E,H,0.1944,1.497,6.5,4
302(E2),E,I,-0.8267,0.2146,7.5,4
302(E2),E,K,0.424,0.5917,44.25,4
302(E2),E,L,-0.7307,1.152,4.5,4
302(E2),E,M,-0.1809,0.9919,8,4
302(E2),E,N,-1.283,0.6869,6,4
302(E2),E,P,0.3466,0.6157,12,4
302(E2),E,Q,0.8425,1.429,6.5,4
302(E2),E,R,2.09,0.3659,9,4
302(E2),E,S,1.253,1.71,5,4
302(E2),E,T,-1.439,0.481,6.5,4
302(E2),E,V,-1.041,0.1822,7,4
302(E2),E,W,-0.8017,0.2738,7,4
302(E2),E,Y,-0.08039,1.001,5,4
303(E1),V,-,-1.148,1.23,3,4
303(E1),V,A,-1.748,0.6966,5.5,4
303(E1),V,C,-0.3726,1.01,6.5,4
303(E1),V,D,-6.781,0,7,4
303(E1),V,E,-7.03,0,5,4
303(E1),V,F,-6.728,0,8.25,4
303(E1),V,G,-3.487,0.3329,5.5,4
303(E1),V,H,-7.231,0,10,4
303(E1),V,I,0.1051,0.7923,6.5,4
303(E1),V,K,-6.235,0,6.5,4
303(E1),V,L,-5.75,0.1005,7.75,4
303(E1),V,M,-7.041,0,17.5,4
303(E1),V,N,-4.093,0.1433,5.5,4
303(E1),V,P,-6.794,0,6,4
303(E1),V,Q,-7.252,0,6.5,4
303(E1),V,R,-4.441,0.6865,6,4
303(E1),V,S,-0.9605,0.1504,5.5,4
303(E1),V,T,-1.647,0.5861,4.5,4
303(E1),V,V,0,0,,4
303(E1),V,W,-6.25,0,6,4
303(E1),V,Y,-6.263,0.2477,6,4
303(E2),E,*,-4.005,1.135,4,4
303(E2),E,-,-0.5576,0.9091,1.5,4
303(E2),E,A,-0.4896,0.6859,9.5,4
303(E2),E,C,-1.287,0.4837,3.5,4
303(E2),E,D,-0.5957,0.5616,6.5,4
303(E2),E,E,0,0,,4
303(E2),E,F,1.283,0.9624,10,4
303(E2),E,G,-2.486,0.03671,10,4
303(E2),E,H,1.063,1.075,7,4
303(E2),E,I,-0.126,0.2868,4.5,4
303(E2),E,K,1.064,0.4098,25.5,4
303(E2),E,L,-0.4675,0.2691,8,4
303(E2),E,M,1.812,0.7222,6,4
303(E2),E,N,0.405,1.268,6.5,4
303(E2),E,P,-5.889,0.1312,6,4
303(E2),E,Q,0.8991,0.8671,9,4
303(E2),E,R,0.2224,0.4998,5.5,4
303(E2),E,S,0.09385,0.6353,6,4
303(E2),E,T,1.127,1.77,6,4
303(E2),E,V,-0.06604,0.2936,9.5,4
303(E2),E,W,1.025,0.3651,9.5,4
303(E2),E,Y,1.344,0.6671,8.5,4
304(E1),P,*,-0.3466,0.3052,0.5,2
304(E1),P,-,-0.4355,0.7355,3,4
304(E1),P,A,-0.1794,0.35,6,4
304(E1),P,C,-1.518,1.014,5.5,4
304(E1),P,D,-1.917,0.2767,6.5,4
304(E1),P,E,-1.254,0.431,3,4
304(E1),P,F,-2.324,1.178,5.5,4
304(E1),P,G,-1.683,1.628,4.5,4
304(E1),P,H,-1.712,1.431,8.5,4
304(E1),P,I,0.7909,0.9173,5,4
304(E1),P,K,-1.31,0.7409,5.5,4
304(E1),P,L,0.3135,1.065,8.5,4
304(E1),P,M,-0.6423,0.6025,3,4
304(E1),P,N,-1.317,0.8936,4,4
304(E1),P,P,0,0,,4
304(E1),P,Q,-0.9122,0.7438,4.5,4
304(E1),P,R,-0.361,2.637,4.5,4
304(E1),P,S,-0.4237,0.2038,52.5,4
304(E1),P,T,-0.2463,0.7053,8.5,4
304(E1),P,V,-0.531,0.7423,8.25,4
304(E1),P,W,-1.772,0.4851,6,4
304(E1),P,Y,-1.708,1.136,3,4
304(E2),P,*,-5.976,0,0.5,2
304(E2),P,-,-0.5667,0.9887,1.5,4
304(E2),P,A,-0.8534,0.3461,4.5,4
304(E2),P,C,-6.367,0,8.5,4
304(E2),P,D,-6.312,0,3,4
304(E2),P,E,-5.267,0,7,4
304(E2),P,F,-5.966,0,7.5,4
304(E2),P,G,-4.184,0.09536,8.5,4
304(E2),P,H,-6.45,0,11.25,4
304(E2),P,I,-6.308,0,7.75,4
304(E2),P,K,-5.897,0,3.5,4
304(E2),P,L,-6.546,0,8.75,4
304(E2),P,M,-6.218,0,7.5,4
304(E2),P,N,-6.601,0,5,4
304(E2),P,P,0,0,,4
304(E2),P,Q,-5.458,0,5.5,4
304(E2),P,R,-5.826,0,11.5,4
304(E2),P,S,-0.05215,0.624,11,4
304(E2),P,T,-2.23,0.02503,7,4
304(E2),P,V,-2.076,0.6445,5,4
304(E2),P,W,-5.04,0.3059,7,4
304(E2),P,Y,-6.582,0,4.5,4
305(E1),A,-,-0.4622,0.7822,3,4
305(E1),A,A,0,0,,4
305(E1),A,C,-3.911,0.5346,4.5,4
305(E1),A,D,-1.562,0.4757,9,4
305(E1),A,E,-1.405,0.5403,4,4
305(E1),A,F,0.2854,1.575,6,4
305(E1),A,G,-0.2239,0.6657,8,4
305(E1),A,H,0.5425,2.34,7,4
305(E1),A,I,-0.195,0.3451,7,4
305(E1),A,K,-1.525,0.7398,3.5,4
305(E1),A,L,-1.231,0.2601,5,4
305(E1),A,M,-0.6275,0.5173,3.5,4
305(E1),A,N,-0.151,2.057,3,4
305(E1),A,P,-2.64,1.182,2.5,4
305(E1),A,Q,0.0283,1.667,4,4
305(E1),A,R,-1.47,0.2559,7.5,4
305(E1),A,S,1.072,1.485,6,4
305(E1),A,T,-0.3128,1.082,16.5,4
305(E1),A,V,-0.1727,0.8208,17,4
305(E1),A,W,0.0875,1.142,6,4
305(E1),A,Y,-1.625,0.4205,3.5,4
305(E2),N,*,-0.8148,0.3562,0.5,2
305(E2),N,-,-0.4206,1.016,1,4
305(E2),N,A,-0.7836,0.7897,7.5,4
305(E2),N,C,-1.062,0.2298,12,4
305(E2),N,D,-0.8633,0.1756,7.5,4
305(E2),N,E,-1.639,0.1291,7.5,4
305(E2),N,F,-2.239,0.8128,7.5,4
305(E2),N,G,-1.091,0.4035,7.5,4
305(E2),N,H,-0.1989,0.3663,10,4
305(E2),N,I,-3.646,0.4796,8,4
305(E2),N,K,-1.069,1.569,10,4
305(E2),N,L,-1.427,0.913,6,4
305(E2),N,M,-0.8767,0.477,9,4
305(E2),N,N,0,0,,4
305(E2),N,P,-6.51,0,6,4
305(E2),N,Q,-1.164,1.418,6,4
305(E2),N,R,-0.4375,0.7378,8.5,4
305(E2),N,S,-1.001,0.3103,9.5,4
305(E2),N,T,-2.59,0.1658,5.5,4
305(E2),N,V,-2.58,0.4607,6,4
305(E2),N,W,-3.554,0.5825,7.5,4
305(E2),N,Y,-2.272,0.3779,12,4
306(E1),C,*,-6.09,0,1.5,4
306(E1),C,-,-0.6831,0.5534,3,4
306(E1),C,A,-6.563,0,4.5,4
306(E1),C,C,0,0,,4
306(E1),C,D,-6.838,0,6,4
306(E1),C,E,-7.764,0,6.5,4
306(E1),C,F,-7.27,0,11.25,4
306(E1),C,G,-6.868,0,8,4
306(E1),C,H,-6.697,0,5,4
306(E1),C,I,-3.732,1.472,1.5,4
306(E1),C,K,-7.057,0,2.5,4
306(E1),C,L,-6.735,0,5.5,4
306(E1),C,M,-6.618,0,5,4
306(E1),C,N,-6.669,0,6,4
306(E1),C,P,-6.267,0,5,4
306(E1),C,Q,-6.466,0,4.5,4
306(E1),C,R,-7.178,0,15.5,4
306(E1),C,S,-6.165,0,10.5,4
306(E1),C,T,-5.603,0,5,4
306(E1),C,V,-6.322,0,8,4
306(E1),C,W,-6.191,0,5.5,4
306(E1),C,Y,-8.307,0,28.5,4
306(E2),Y,*,-5.37,0.1953,2,4
306(E2),Y,-,-2.296,1.865,1.5,4
306(E2),Y,A,-2.082,0.3205,5.5,4
306(E2),Y,C,-5.818,0.07621,3.5,4
306(E2),Y,D,-6.452,0,5,4
306(E2),Y,E,-5.618,0,4.5,4
306(E2),Y,F,-0.334,0.3013,5.5,4
306(E2),Y,G,-7.297,0,6.5,4
306(E2),Y,H,-2.058,0.1483,9.75,4
306(E2),Y,I,-6.331,0.1962,7,4
306(E2),Y,K,-6.477,0,8.5,4
306(E2),Y,L,-6.537,0,8.5,4
306(E2),Y,M,-5.206,0,9.5,4
306(E2),Y,N,-5.25,0,9.75,4
306(E2),Y,P,-1.06,0.5343,3.5,4
306(E2),Y,Q,-5.849,0,7.5,4
306(E2),Y,R,-6.067,0,8,4
306(E2),Y,S,-3.236,0.3829,10,4
306(E2),Y,T,-6.567,0,8,4
306(E2),Y,V,-6.717,0,6.5,4
306(E2),Y,W,-3.981,0.333,6.75,4
306(E2),Y,Y,0,0,,4
307(E1),T,-,-0.3209,0.9893,3,4
307(E1),T,A,-1.523,0.5646,14.5,4
307(E1),T,C,-3.026,0.1997,7.5,4
307(E1),T,D,-3.147,0.4815,6,4
307(E1),T,E,1.45,3.29,6.5,4
307(E1),T,F,-0.3326,0.4546,4,4
307(E1),T,G,-3.408,0.3478,5,4
307(E1),T,H,-1.607,0.3119,5.5,4
307(E1),T,I,0.2746,0.4553,15.75,4
307(E1),T,K,-2.325,0.3324,13.5,4
307(E1),T,L,-1.607,0.9154,9.5,4
307(E1),T,M,-0.4694,0.2281,6.5,4
307(E1),T,N,-2.532,0.2852,6.5,4
307(E1),T,P,-6.828,0,8.5,4
307(E1),T,Q,-0.741,2.898,3.25,4
307(E1),T,R,-1.64,0.245,5,4
307(E1),T,S,-1.588,0.1913,9,4
307(E1),T,T,0,0,,4
307(E1),T,V,-0.1667,0.5033,8.5,4
307(E1),T,W,-1.511,0.7628,6.5,4
307(E1),T,Y,-1.383,1.164,6,4
307(E2),Q,*,-5.688,0,3,4
307(E2),Q,-,-1.998,2.143,1.5,4
307(E2),Q,A,0.2982,0.4456,9.5,4
307(E2),Q,C,-1.663,0.4068,6.5,4
307(E2),Q,D,-2.231,0.2349,5,4
307(E2),Q,E,-0.5636,0.4319,6.5,4
307(E2),Q,F,0.5387,0.811,4.5,4
307(E2),Q,G,1.093,1.223,7,4
307(E2),Q,H,-0.1519,1.412,8,4
307(E2),Q,I,-1.103,0.588,5.75,4
307(E2),Q,K,-0.5336,0.2688,6.5,4
307(E2),Q,L,-2.537,0.3953,7.5,4
307(E2),Q,M,-0.3706,0.6606,6,4
307(E2),Q,N,-1.348,0.0765,5.5,4
307(E2),Q,P,-5.634,0,7,4
307(E2),Q,Q,0,0,,4
307(E2),Q,R,-0.6506,1.111,7.5,4
307(E2),Q,S,-0.1194,1.109,11,4
307(E2),Q,T,-1.201,0.8202,4,4
307(E2),Q,V,-1.363,0.09509,5.5,4
307(E2),Q,W,-0.9772,0.512,7,4
307(E2),Q,Y,0.1502,0.2549,7,4
308(E1),H,-,-0.533,0.5044,3,4
308(E1),H,A,-0.3503,0.9099,2,4
308(E1),H,C,0.0419,2.052,5.5,4
308(E1),H,D,-3.744,0.2576,4.5,4
308(E1),H,E,-2.818,0.299,5,4
308(E1),H,F,1.192,0.4023,5,4
308(E1),H,G,-4.237,0.02035,3.5,4
308(E1),H,H,0,0,,4
308(E1),H,I,-3.891,0.06632,9,4
308(E1),H,K,-2.28,0.4837,6,4
308(E1),H,L,-3.447,0.4459,7,4
308(E1),H,M,-1.091,0.5904,6.75,4
308(E1),H,N,-6.446,0,10,4
308(E1),H,P,-6.601,0,7,4
308(E1),H,Q,0.03185,1.4,9.5,4
308(E1),H,R,-0.257,0.4785,7,4
308(E1),H,S,0.428,1.961,4,4
308(E1),H,T,0.2975,1.507,8.5,4
308(E1),H,V,-2.617,0.2628,5.5,4
308(E1),H,W,-0.1064,0.7599,6.5,4
308(E1),H,Y,0.4371,0.4269,11.75,4
308(E2),E,*,-3.488,1.582,5.5,4
308(E2),E,-,-2.198,1.983,1.5,4
308(E2),E,A,-1.988,0.3368,5.5,4
308(E2),E,C,-2.447,0.2024,4,4
308(E2),E,D,-2.064,0.2302,10.5,4
308(E2),E,E,0,0,,4
308(E2),E,F,-2.389,0.2108,6.5,4
308(E2),E,G,-3.534,0.2528,8,4
308(E2),E,H,-3.39,0.1648,4.5,4
308(E2),E,I,-6.542,0,5,4
308(E2),E,K,-5.249,0,17,4
308(E2),E,L,-6.223,0,10,4
308(E2),E,M,-3.746,0.2693,5.5,4
308(E2),E,N,-4.293,0.2058,9.5,4
308(E2),E,P,-6.625,0,12.5,4
308(E2),E,Q,-0.3548,1.03,3.5,4
308(E2),E,R,-5.087,0.3533,5.5,4
308(E2),E,S,-1.641,0.1374,4,4
308(E2),E,T,-6.235,0,8.5,4
308(E2),E,V,-5.974,0,7.5,4
308(E2),E,W,-2.72,0.5226,4,4
308(E2),E,Y,-2.949,0.6548,7,4
309(E1),S,-,-1.26,1.741,4.5,4
309(E1),S,A,-2.384,0.3546,6.75,4
309(E1),S,C,-6.075,0,6.5,4
309(E1),S,D,-3.032,0.131,6,4
309(E1),S,E,-2.979,0.3974,4.5,4
309(E1),S,F,-5.661,0,8,4
309(E1),S,G,-2.28,0.7448,7.5,4
309(E1),S,H,-2.047,0.2281,6,4
309(E1),S,I,-6.099,0,8.5,4
309(E1),S,K,-3.381,0.3771,7.5,4
309(E1),S,L,-5.466,0.1754,7.5,4
309(E1),S,M,-2.922,0.4151,3.5,4
309(E1),S,N,-2.937,0.1187,18.5,4
309(E1),S,P,-9.017,0,7.5,4
309(E1),S,Q,-3.282,0.2983,7,4
309(E1),S,R,-5.018,0.01949,10,4
309(E1),S,S,0,0,,4
309(E1),S,T,-2.985,0.4281,7.5,4
309(E1),S,V,-5.911,0,5.75,4
309(E1),S,W,-6.505,0,5,4
309(E1),S,Y,-5.527,0,4.5,4
309(E2),E,*,-6.485,0,7,4
309(E2),E,-,-2.319,1.888,1.5,4
309(E2),E,A,-1.788,0.2955,12,4
309(E2),E,C,-1.761,0.3862,10.5,4
309(E2),E,D,-1.889,0.1603,7.5,4
309(E2),E,E,0,0,,4
309(E2),E,F,-1.098,0.557,8,4
309(E2),E,G,-4.473,0.268,9,4
309(E2),E,H,-1.167,0.2234,6.5,4
309(E2),E,I,0.1088,0.5348,10,4
309(E2),E,K,-2.673,0.1906,33,4
309(E2),E,L,-1.657,0.4592,5.5,4
309(E2),E,M,-0.9884,0.494,7.5,4
309(E2),E,N,-2.796,0.1135,6,4
309(E2),E,P,-6.21,0,8,4
309(E2),E,Q,-0.1684,0.2628,5.5,4
309(E2),E,R,-3.147,0.7393,6,4
309(E2),E,S,-1.881,0.6099,6.5,4
309(E2),E,T,-1.593,0.6314,5.5,4
309(E2),E,V,-0.9571,0.4667,8.5,4
309(E2),E,W,-2.373,0.2827,11,4
309(E2),E,Y,-1.492,0.2949,9.5,4
31(6K),V,-,0.1083,0.3966,1.5,4
31(6K),V,A,0.4815,0.7367,13.75,4
31(6K),V,C,0.3168,1.556,7.5,4
31(6K),V,D,-1.809,0.3755,7.5,4
31(6K),V,E,-0.6815,1.448,8.5,4
31(6K),V,F,-0.646,0.2061,9.5,4
31(6K),V,G,-0.5946,0.4214,9,4
31(6K),V,H,0.2028,1.152,6,4
31(6K),V,I,-0.7216,0.6988,9,4
31(6K),V,K,-2.075,0.6022,8.5,4
31(6K),V,L,0.6389,1.869,12.5,4
31(6K),V,M,-0.6438,0.3859,21.5,4
31(6K),V,N,-0.0686,0.4522,12.5,4
31(6K),V,P,-0.0999,0.9512,10.5,4
31(6K),V,Q,0.2735,2.072,8,4
31(6K),V,R,-2.419,0.3255,9,4
31(6K),V,S,-0.3425,0.2467,10.5,4
31(6K),V,T,-0.5192,0.5589,10,4
31(6K),V,V,0,0,,4
31(6K),V,W,-0.06825,0.5523,11,4
31(6K),V,Y,0.5825,0.5551,6.5,4
31(E1),M,-,-0.9272,0.3788,1,2
31(E1),M,A,-1.257,0.7088,8.5,4
31(E1),M,C,-1.7,0.448,5,4
31(E1),M,D,-5.804,0,7,4
31(E1),M,E,-5.988,0,10,4
31(E1),M,F,-0.9512,0.6284,8,4
31(E1),M,G,-7.43,0,8.5,4
31(E1),M,H,-2.499,0.3093,10,4
31(E1),M,I,0.2299,0.1281,37.5,4
31(E1),M,K,-6.434,0,6.5,4
31(E1),M,L,-0.1996,1.047,10,4
31(E1),M,M,0,0,,4
31(E1),M,N,-5.723,0,11.5,4
31(E1),M,P,-7.332,0,6.5,4
31(E1),M,Q,-3.459,0.2958,9,4
31(E1),M,R,-6.805,0,12,4
31(E1),M,S,-3.343,0.1948,11.5,4
31(E1),M,T,-0.5516,1.139,5,4
31(E1),M,V,-0.4613,0.8538,7.5,4
31(E1),M,W,-0.07245,0.2,9,4
31(E1),M,Y,1.234,0.819,3.5,4
31(E2),P,A,-0.524,0.7835,6.5,4
31(E2),P,C,-4.271,0.01559,7,4
31(E2),P,D,-6.176,0,9,4
31(E2),P,E,-6.453,0,6.5,4
31(E2),P,F,-5.532,0,6.5,4
31(E2),P,G,-3.512,0.2635,8,4
31(E2),P,H,-5.717,0,11.5,4
31(E2),P,I,-6.317,0,7.5,4
31(E2),P,K,-4.45,0.6062,5,4
31(E2),P,L,-5.454,0,9.75,4
31(E2),P,M,-1.917,0.1323,7.25,4
31(E2),P,N,-2.671,0.1997,7.5,4
31(E2),P,P,0,0,,4
31(E2),P,Q,-4.361,0.2577,5,4
31(E2),P,R,-3.07,0.3975,9.5,4
31(E2),P,S,-1.153,0.2916,8,4
31(E2),P,T,-2.599,0.2959,8,4
31(E2),P,V,-2.8,0.07672,7,4
31(E2),P,W,-6.426,0,8,4
31(E2),P,Y,-6.713,0,7.5,4
31(E3),P,-,-0.108,0.00861,1.5,2
31(E3),P,A,-0.3125,0.3104,10,4
31(E3),P,C,-0.5607,0.787,9,4
31(E3),P,D,-0.507,0.3263,9,4
31(E3),P,E,-0.9479,0.05516,7.5,4
31(E3),P,F,-1.904,0.2645,7.5,4
31(E3),P,G,-0.3508,0.03593,6.5,4
31(E3),P,H,-0.196,0.171,10.75,4
31(E3),P,I,-3.361,0.3015,8,4
31(E3),P,K,-1.586,0.2901,5,4
31(E3),P,L,-2.346,0.4621,10.5,4
31(E3),P,M,0.2241,1.346,10,4
31(E3),P,N,-0.2155,0.4636,6.5,4
31(E3),P,P,0,0,,4
31(E3),P,Q,-1.28,0.5002,6,4
31(E3),P,R,-1.517,0.3367,5,4
31(E3),P,S,-0.5369,0.2687,34,4
31(E3),P,T,-0.8434,0.1999,14.5,4
31(E3),P,V,-2.363,0.4422,5.5,4
31(E3),P,W,-2.05,0.401,11.5,4
31(E3),P,Y,-1.846,0.073,8,4
310(E1),S,-,0.07788,0.3528,3.5,4
310(E1),S,A,0.5454,0.4039,4.5,4
310(E1),S,C,-2.857,0.1994,7.5,4
310(E1),S,D,-3.27,0.5909,10,4
310(E1),S,E,-2.57,0.2414,7.5,4
310(E1),S,F,1.633,2.282,8.5,4
310(E1),S,G,-1.646,0.1634,9.5,4
310(E1),S,H,1.811,1.008,11.5,4
310(E1),S,I,-2.744,0.5394,12.25,4
310(E1),S,K,-2.356,0.2396,7.75,4
310(E1),S,L,-1.683,0.06468,7,4
310(E1),S,M,-0.4511,0.9807,8.5,4
310(E1),S,N,0.5364,0.6336,19,4
310(E1),S,P,-7.105,0,5.25,4
310(E1),S,Q,-1.333,0.3375,4,4
310(E1),S,R,-3.812,0.4884,9,4
310(E1),S,S,0,0,,4
310(E1),S,T,-0.451,1.676,5.5,4
310(E1),S,V,-2.059,0.18,7,4
310(E1),S,W,-1.778,1.057,7.5,4
310(E1),S,Y,1.27,1.734,11.5,4
310(E2),W,*,-6.465,0.2299,17.5,4
310(E2),W,-,-2.022,2.057,1.5,4
310(E2),W,A,-6.58,0,4.5,4
310(E2),W,C,-7.118,0,23.75,4
310(E2),W,D,-6.208,0,6.5,4
310(E2),W,E,-5.485,0,5,4
310(E2),W,F,-6.093,0,11,4
310(E2),W,G,-6.184,0,6.5,4
310(E2),W,H,-7.082,0,8,4
310(E2),W,I,-5.986,0,8.5,4
310(E2),W,K,-6.026,0,5,4
310(E2),W,L,-6.588,0.03334,11.5,4
310(E2),W,M,-5.453,0,6.5,4
310(E2),W,N,-5.661,0,7,4
310(E2),W,P,-6.287,0,9.5,4
310(E2),W,Q,-5.734,0,5.5,4
310(E2),W,R,-5.714,0,9.5,4
310(E2),W,S,-7.085,0,9,4
310(E2),W,T,-5.384,0,12,4
310(E2),W,V,-5.373,0,5,4
310(E2),W,W,0,0,,4
310(E2),W,Y,-6.038,0,6,4
311(E1),D,-,-0.6761,0.5282,2.5,4
311(E1),D,A,-2.557,0.0494,9,4
311(E1),D,C,-8.203,0,7,4
311(E1),D,D,0,0,,4
311(E1),D,E,-2.027,1.075,5,4
311(E1),D,F,-1.45,0.3728,7.5,4
311(E1),D,G,-0.3219,0.3236,6,4
311(E1),D,H,-3.615,0.2934,6,4
311(E1),D,I,-4.954,0,11,4
311(E1),D,K,-6.184,0,6,4
311(E1),D,L,-6.429,0,5.5,4
311(E1),D,M,-4.22,0.1221,5,4
311(E1),D,N,-1.118,0.4342,29,4
311(E1),D,P,-6.09,0,9,4
311(E1),D,Q,-2.945,0.2557,6,4
311(E1),D,R,-5.686,0,9,4
311(E1),D,S,-1.532,0.4616,7.5,4
311(E1),D,T,-2.809,0.1578,12,4
311(E1),D,V,-6.392,0,10,4
311(E1),D,W,-2.558,1.66,3.5,4
311(E1),D,Y,-2.849,0.2321,12,4
311(E2),V,-,0.0722,1.312,1.5,4
311(E2),V,A,-6.653,0,6.5,4
311(E2),V,C,-5.872,0,6.5,4
311(E2),V,D,-6.571,0,8.75,4
311(E2),V,E,-5.544,0,7.5,4
311(E2),V,F,-4.638,0.02685,9.5,4
311(E2),V,G,-6.38,0,8.5,4
311(E2),V,H,-6.734,0,9,4
311(E2),V,I,0.1867,0.3838,16,4
311(E2),V,K,-5.717,0,7.5,4
311(E2),V,L,-2.228,0.06795,9,4
311(E2),V,M,-4.649,0.1373,4.5,4
311(E2),V,N,-6.397,0,8.5,4
311(E2),V,P,-6.299,0,8.5,4
311(E2),V,Q,-5.744,0,5.5,4
311(E2),V,R,-5.783,0.1853,6,4
311(E2),V,S,-6.137,0,7.5,4
311(E2),V,T,-6.444,0,8.5,4
311(E2),V,V,0,0,,4
311(E2),V,W,-6.439,0,7,4
311(E2),V,Y,-5.825,0,8.5,4
312(E1),F,-,-0.8975,0.5847,3,4
312(E1),F,A,-2.391,0.2625,11,4
312(E1),F,C,-5.581,0,11,4
312(E1),F,D,-4.938,0.02511,9,4
312(E1),F,E,-4.796,0.07101,8,4
312(E1),F,F,0,0,,4
312(E1),F,H,-6.683,0,13.5,4
312(E1),F,I,-3.15,0.06912,10,4
312(E1),F,K,-6.735,0,10,4
312(E1),F,L,-3.704,0.2241,19.5,4
312(E1),F,M,-2.301,0.7576,7.75,4
312(E1),F,N,-5.519,0,8.75,4
312(E1),F,P,-3.822,0.1551,8.5,4
312(E1),F,Q,-5.402,0,12,4
312(E1),F,R,-6.683,0,10.5,4
312(E1),F,S,-3.346,0.246,10.75,4
312(E1),F,T,-4.922,0,10,4
312(E1),F,V,-3.614,0.1294,8.5,4
312(E1),F,W,-3.034,0.3047,11,4
312(E1),F,Y,-1.679,0.9334,11.5,4
312(E2),T,-,-0.2869,0.7117,0.5,2
312(E2),T,A,-0.5631,0.1349,4,4
312(E2),T,C,-3.181,0.1042,6.5,4
312(E2),T,D,-0.4007,0.9886,6,4
312(E2),T,E,-0.4423,0.06644,7.5,4
312(E2),T,F,-0.7724,0.4584,9,4
312(E2),T,G,-1.997,0.2949,7.5,4
312(E2),T,H,-0.621,0.578,6,4
312(E2),T,I,-0.3542,0.5583,9,4
312(E2),T,K,-1.234,0.4804,4.5,4
312(E2),T,L,-0.9699,0.3771,6,4
312(E2),T,M,-0.2077,0.8906,5,4
312(E2),T,N,0.08925,0.9382,7,4
312(E2),T,P,-3.009,0.4434,11,4
312(E2),T,Q,-0.8668,0.3088,4.5,4
312(E2),T,R,-1.285,0.8328,5,4
312(E2),T,S,0.2717,1.362,6,4
312(E2),T,T,0,0,,4
312(E2),T,V,-0.8967,0.2101,7,4
312(E2),T,W,-1.647,0.4717,5.5,4
312(E2),T,Y,-1.391,0.8076,6,4
313(E1),G,-,-1.3,0.1855,2.5,2
313(E1),G,A,-1.616,0.3636,19,4
313(E1),G,C,-2.027,0.2535,19,4
313(E1),G,D,-0.2949,0.9233,20.5,4
313(E1),G,E,-2.504,0.5058,10,4
313(E1),G,F,-4.703,0,19.25,4
313(E1),G,G,0,0,,4
313(E1),G,H,-5.077,0,18,4
313(E1),G,I,-6.674,0,15.5,4
313(E1),G,K,-2.319,0.2162,16,4
313(E1),G,L,-1.507,0.1547,19.5,4
313(E1),G,M,-2.165,0.4961,17.25,4
313(E1),G,N,-2.944,0.2716,11,4
313(E1),G,P,-7.461,0,16.25,4
313(E1),G,Q,-2.757,0.1305,21,4
313(E1),G,R,-2.526,0.3145,17,4
313(E1),G,S,-2.114,0.2027,22.5,4
313(E1),G,T,-1.962,0.51,12.5,4
313(E1),G,V,-4.934,0,23.75,4
313(E1),G,W,-5.954,0,10.5,4
313(E1),G,Y,-6.391,0,15.25,4
313(E2),H,-,0.1286,0.6379,0.5,2
313(E2),H,A,-0.1078,0.5323,7,4
313(E2),H,C,-1.82,0.5333,6.5,4
313(E2),H,D,1.727,2.077,7.5,4
313(E2),H,E,2.158,0.6952,5,4
313(E2),H,F,-0.9004,0.06202,8.5,4
313(E2),H,G,-0.8354,0.6826,6,4
313(E2),H,H,0,0,,4
313(E2),H,I,-0.102,0.2857,7.5,4
313(E2),H,K,1.18,0.7291,5.5,4
313(E2),H,L,-1.052,0.4077,4,4
313(E2),H,M,-0.3004,0.1735,6,4
313(E2),H,N,0.6424,0.5871,8,4
313(E2),H,P,-6.25,0,5.5,4
313(E2),H,Q,0.7426,0.4214,12.5,4
313(E2),H,R,0.9466,0.8662,6.5,4
313(E2),H,S,-0.6276,0.3155,4.5,4
313(E2),H,T,0.03467,0.2858,4,4
313(E2),H,V,-0.4616,0.4294,4.5,4
313(E2),H,W,0.505,1.266,8,4
313(E2),H,Y,0.7394,1.207,11.5,4
314(E1),G,*,-7.865,0,8.75,4
314(E1),G,-,-0.3584,0.5077,2,2
314(E1),G,A,-1.672,0.4742,19,4
314(E1),G,C,-6.978,0,16,4
314(E1),G,D,-5.166,0,8,4
314(E1),G,E,-6.925,0,27.75,4
314(E1),G,F,-6.755,0,14.5,4
314(E1),G,G,0,0,,4
314(E1),G,H,-6.691,0,11.25,4
314(E1),G,I,-6.88,0,18.5,4
314(E1),G,K,-7.514,0,19.75,4
314(E1),G,L,-6.51,0,17.75,4
314(E1),G,M,-8.177,0,21,4
314(E1),G,N,-1.99,0.2273,13,4
314(E1),G,P,-6.596,0,10,4
314(E1),G,Q,-7.004,0,14,4
314(E1),G,R,-6.484,0,24,4
314(E1),G,S,-0.5214,0.3722,17.5,4
314(E1),G,T,-5.663,0,17,4
314(E1),G,V,-6.659,0,23.5,4
314(E1),G,W,-6.553,0,22,4
314(E1),G,Y,-5.876,0,10,4
314(E2),K,*,-5.276,0,0.5,2
314(E2),K,-,-0.6156,0.2487,0.5,2
314(E2),K,A,-3.629,0.2845,7.5,4
314(E2),K,C,-3.708,0.5558,7.5,4
314(E2),K,D,-4.51,0.1548,6.5,4
314(E2),K,E,-3.825,0.1674,8.5,4
314(E2),K,F,-3.587,0.4416,8,4
314(E2),K,G,-4.454,0.09816,9.5,4
314(E2),K,H,-2.994,0.308,4.5,4
314(E2),K,I,-2.389,0.2595,8,4
314(E2),K,K,0,0,,4
314(E2),K,L,-2.341,0.104,5,4
314(E2),K,M,-2.437,0.2152,7,4
314(E2),K,N,-2.646,0.3959,9.5,4
314(E2),K,P,-3.285,0.1184,6.5,4
314(E2),K,Q,-2.268,0.5188,8,4
314(E2),K,R,0.8922,0.3962,7.5,4
314(E2),K,S,-5.231,0.2005,4.5,4
314(E2),K,T,-2.34,0.5619,6,4
314(E2),K,V,-1.423,0.4142,8.5,4
314(E2),K,W,-3.466,0.3824,7.5,4
314(E2),K,Y,-2.725,0.3349,6,4
315(E1),V,*,-6.613,0,0.5,2
315(E1),V,-,-0.6063,0.0974,1.5,2
315(E1),V,A,0.2274,0.6763,7,4
315(E1),V,C,-1.085,0.2617,6.5,4
315(E1),V,D,-2.623,1.174,6.5,4
315(E1),V,E,-1.399,0.2598,8.5,4
315(E1),V,F,-0.4949,1.912,6,4
315(E1),V,G,-1.627,0.6399,5.5,4
315(E1),V,H,-0.4803,0.4368,6.5,4
315(E1),V,I,1.647,0.8792,5,4
315(E1),V,K,-0.9014,1.946,9,4
315(E1),V,L,-0.3979,0.9458,12.5,4
315(E1),V,M,0.0745,1.437,19.25,4
315(E1),V,N,-1.484,2.123,7,4
315(E1),V,P,-5.521,0,9,4
315(E1),V,Q,0.2272,0.9965,5.5,4
315(E1),V,R,-0.7692,0.8058,6.5,4
315(E1),V,S,-0.0614,0.8666,3.5,4
315(E1),V,T,0.3964,0.4879,4,4
315(E1),V,V,0,0,,4
315(E1),V,W,1.745,0.4172,12,4
315(E1),V,Y,-1.385,0.5882,5,4
315(E2),K,-,-0.6348,0.3287,0.5,2
315(E2),K,A,-2.756,0.6637,2.5,4
315(E2),K,C,-2.755,0.2436,7.5,4
315(E2),K,D,-5.74,0,4.5,4
315(E2),K,E,-3.276,0.557,8.5,4
315(E2),K,F,-5.81,0,7,4
315(E2),K,G,-5.804,0,11.5,4
315(E2),K,H,-2.417,0.4418,8.5,4
315(E2),K,I,-3.335,0.6112,5.5,4
315(E2),K,K,0,0,,4
315(E2),K,L,-3.461,0.3842,5.5,4
315(E2),K,M,-1.881,0.6576,4.25,4
315(E2),K,N,-4.688,0,7.5,4
315(E2),K,P,-5.752,0,7,4
315(E2),K,Q,-2.028,0.4309,7.5,4
315(E2),K,R,-1.454,0.0275,5.5,2
315(E2),K,S,-1.782,0.5437,3.5,4
315(E2),K,T,-2.082,0.1853,9.5,4
315(E2),K,V,-3.183,0.1745,8.5,4
315(E2),K,W,-6.069,0,6,4
315(E2),K,Y,-3.621,0.7795,6.5,4
316(E1),A,-,-0.5312,0.5298,2.5,2
316(E1),A,A,0,0,,4
316(E1),A,C,-1.216,1.157,5.5,4
316(E1),A,D,-7.157,0,9,4
316(E1),A,E,-6.795,0,4.5,4
316(E1),A,F,-4.791,0.06105,3.5,4
316(E1),A,G,-0.4984,0.3937,5,4
316(E1),A,H,-6.54,0,4,4
316(E1),A,I,-0.4656,0.4459,6,4
316(E1),A,K,-7.066,0,4,4
316(E1),A,L,-1.933,0.4829,6.5,4
316(E1),A,M,-2.032,0.3382,3.5,4
316(E1),A,N,-6.383,0,4,4
316(E1),A,P,-7.289,0,9,4
316(E1),A,Q,-6.23,0,5.5,4
316(E1),A,R,-7.144,0,7.5,4
316(E1),A,S,-1.619,1.316,8.25,4
316(E1),A,T,-2.163,0.1499,69.25,4
316(E1),A,V,-1.858,0.2417,39.75,4
316(E1),A,W,-6.181,0.1347,6.5,4
316(E1),A,Y,-7.218,0,5,4
316(E2),E,*,-6.206,0,4,4
316(E2),E,-,-0.5921,1.11,1.5,4
316(E2),E,A,-1.771,0.291,8.5,4
316(E2),E,C,-1.669,0.4936,7,4
316(E2),E,D,-2.681,0.07174,9.25,4
316(E2),E,E,0,0,,4
316(E2),E,F,-1.7,0.4379,6,4
316(E2),E,G,-3.239,0.4722,7,4
316(E2),E,H,-1.281,0.5902,5,4
316(E2),E,I,-1.596,0.3521,7.5,4
316(E2),E,K,-1.257,0.1601,30.25,4
316(E2),E,L,-0.9955,0.5561,4,4
316(E2),E,M,-1.427,0.2764,6.5,4
316(E2),E,N,-2.332,0.3372,6.5,4
316(E2),E,P,-4.3,0.2325,7.5,4
316(E2),E,Q,-0.5461,0.3575,6.75,4
316(E2),E,R,-1.427,0.3277,6,4
316(E2),E,S,-1.132,0.9027,3.5,4
316(E2),E,T,-1.67,0.2342,7.5,4
316(E2),E,V,0.269,2.683,3.5,4
316(E2),E,W,-1.198,0.3592,8,4
316(E2),E,Y,-1.562,0.5202,6,4
317(E1),I,-,-7.996,0,4,2
317(E1),I,A,-0.3876,0.421,3.5,4
317(E1),I,C,-1.397,0.3275,7.5,4
317(E1),I,D,-1.607,0.1008,6,4
317(E1),I,E,-0.831,1.278,6.5,4
317(E1),I,F,-0.9373,0.3319,5.5,4
317(E1),I,G,-2.561,0.1955,5,4
317(E1),I,H,-1.7,0.08881,6.75,4
317(E1),I,I,0,0,,4
317(E1),I,K,-1.29,0.272,4.5,4
317(E1),I,L,-1.515,1.106,7,4
317(E1),I,M,-1.224,0.1828,3.5,4
317(E1),I,N,-0.2305,1.874,6.5,4
317(E1),I,P,-7.335,0,5,4
317(E1),I,Q,-2.244,0.8186,4.5,4
317(E1),I,R,0.1355,1.974,3,4
317(E1),I,S,-1.222,0.7742,3.5,4
317(E1),I,T,0.07895,0.3994,8.5,4
317(E1),I,V,0.3064,1.616,5,4
317(E1),I,W,-1.216,0.81,4.25,4
317(E1),I,Y,-1.787,0.5252,3.5,4
317(E2),I,-,-1.494,0.2962,1,4
317(E2),I,A,-2.328,0.7339,4,4
317(E2),I,C,-2.506,0.7351,5.5,4
317(E2),I,D,-6.531,0,4.5,4
317(E2),I,E,-6.787,0,8.5,4
317(E2),I,F,0.2222,1.301,9,4
317(E2),I,G,-6.133,0,5.5,4
317(E2),I,H,-5.91,0,7.5,4
317(E2),I,I,0,0,,4
317(E2),I,K,-2.174,0.1973,5,4
317(E2),I,L,-1.375,0.4001,7,4
317(E2),I,M,-0.9469,0.3003,10,4
317(E2),I,N,-6.486,0,8.5,4
317(E2),I,P,-7.826,0,5,4
317(E2),I,Q,-4.994,0,7,4
317(E2),I,R,-3.102,0.4022,5,4
317(E2),I,S,-6.779,0,6,4
317(E2),I,T,-2.947,0.2091,11,4
317(E2),I,V,-0.541,0.1665,6,4
317(E2),I,W,-5.227,0,9,4
317(E2),I,Y,-1.354,0.1905,7.5,4
318(E1),I,-,-7.023,0,9.5,4
318(E1),I,A,-3.703,0.4763,5,4
318(E1),I,C,-3.631,0.2981,4.5,4
318(E1),I,D,-6.883,0,4.5,4
318(E1),I,E,-6.274,0,4.5,4
318(E1),I,F,-2.419,1.577,5.5,4
318(E1),I,G,-7.101,0,4.5,4
318(E1),I,H,-6.627,0,5.5,4
318(E1),I,I,0,0,,4
318(E1),I,K,-6.752,0,2.5,4
318(E1),I,L,0.24,1.911,3,4
318(E1),I,M,0.2075,0.5247,6,4
318(E1),I,N,-7.243,0,6,4
318(E1),I,P,-6.308,0,6.5,4
318(E1),I,Q,-7.073,0,5.5,4
318(E1),I,R,-6.073,0,6.5,4
318(E1),I,S,-7.28,0,7.5,4
318(E1),I,T,-6.335,0,5.5,4
318(E1),I,V,-1.07,0.2716,6,4
318(E1),I,W,-6.897,0,4,4
318(E1),I,Y,-6.585,0,7,4
318(E2),R,-,-1.515,0.004,1.5,2
318(E2),R,A,-1.243,0.4647,5.25,4
318(E2),R,C,-1.285,2.173,4,4
318(E2),R,D,-3.974,0.048,1.5,2
318(E2),R,E,-1.556,0.2573,5.5,4
318(E2),R,F,-1.41,0.2092,7.5,4
318(E2),R,G,-2.519,0.4101,5.5,4
318(E2),R,H,-0.08845,0.4998,9.25,4
318(E2),R,I,-0.3927,0.5509,10,4
318(E2),R,K,0.7323,1.123,5.5,4
318(E2),R,L,-2.087,0.0996,10,4
318(E2),R,M,-0.9569,0.3577,6,4
318(E2),R,N,0.7346,1.445,5,4
318(E2),R,P,-3.025,0.2164,9.5,4
318(E2),R,Q,-1.118,0.122,17,4
318(E2),R,R,0,0,,4
318(E2),R,S,-0.4426,0.3706,5.5,4
318(E2),R,T,-0.8882,1.048,4.5,4
318(E2),R,V,-0.5515,0.1339,3,4
318(E2),R,W,-2.03,0.2088,15.75,4
318(E2),R,Y,-1.669,0.4197,5,4
319(E1),K,*,-6.369,0,0.5,2
319(E1),K,-,-0.921,0.4631,4.5,4
319(E1),K,A,-1.583,0.4274,4.75,4
319(E1),K,C,-0.8428,0.6733,6,4
319(E1),K,D,-2.304,0.4331,5.5,4
319(E1),K,E,-1.203,0.4649,10,4
319(E1),K,F,-0.6296,1.179,8,4
319(E1),K,G,-0.6966,0.7868,6.5,4
319(E1),K,H,0.915,1.431,7,4
319(E1),K,I,-2.032,0.2099,2.5,4
319(E1),K,K,0,0,,4
319(E1),K,L,-0.4765,1.571,6,4
319(E1),K,M,-0.5274,0.9891,4,4
319(E1),K,N,-0.6473,0.3926,7.75,4
319(E1),K,P,-1.195,0.8235,6.5,4
319(E1),K,Q,-0.3654,2.048,6.5,4
319(E1),K,R,0.2438,0.3728,5,4
319(E1),K,S,1.281,1.379,3,4
319(E1),K,T,-0.6545,0.9881,8,4
319(E1),K,V,0.0986,0.489,6,4
319(E1),K,W,-1.649,0.4521,5.5,4
319(E1),K,Y,-0.7249,0.2844,5,4
319(E2),L,-,-0.3815,0.2626,1,2
319(E2),L,A,-5.611,0,6.5,4
319(E2),L,C,-5.835,0,5,4
319(E2),L,D,-6.097,0,9,4
319(E2),L,E,-4.934,0,8,4
319(E2),L,F,-1.141,0.7174,4.5,4
319(E2),L,G,-7.494,0,6.5,4
319(E2),L,H,-3.405,0.3179,2.5,4
319(E2),L,I,0.4789,1.166,4.5,4
319(E2),L,K,-6.143,0,5.5,4
319(E2),L,L,0,0,,4
319(E2),L,M,-0.4162,0.1646,9.5,4
319(E2),L,N,-7.075,0,7,4
319(E2),L,P,-6.633,0,9.5,4
319(E2),L,Q,-7.033,0,5,4
319(E2),L,R,-6.508,0,7.5,4
319(E2),L,S,-6.002,0,3.5,4
319(E2),L,T,-6.057,0,6.75,4
319(E2),L,V,-0.086,1.707,3.5,4
319(E2),L,W,-3.036,0.5099,6.25,4
319(E2),L,Y,-4.617,0.2412,1.5,4
32(6K),L,*,-6.943,0,11,4
32(6K),L,-,-0.3412,1.034,1,4
32(6K),L,A,-0.5749,1.228,6,4
32(6K),L,C,0.3022,0.7476,12,4
32(6K),L,D,-0.9123,0.6675,7,4
32(6K),L,E,-1.118,0.447,5.5,4
32(6K),L,F,1.058,0.9975,7,4
32(6K),L,G,-0.2754,0.5039,8,4
32(6K),L,H,0.1098,0.4072,10.75,4
32(6K),L,I,0.5536,1.425,10.5,4
32(6K),L,K,1.381,2.409,11,4
32(6K),L,L,0,0,,4
32(6K),L,M,0.1873,0.8948,14,4
32(6K),L,N,0.9118,0.8473,3.5,4
32(6K),L,P,-0.4445,0.475,22.5,4
32(6K),L,Q,-0.2757,0.2029,8.5,4
32(6K),L,R,-0.1054,0.5409,8.25,4
32(6K),L,S,-1.172,0.9647,6.25,4
32(6K),L,T,-0.7825,0.5467,11.5,4
32(6K),L,V,0.5721,1.865,10.5,4
32(6K),L,W,0.3913,0.9599,8.5,4
32(6K),L,Y,-0.528,1.243,7,4
32(E1),E,*,-5.669,0.246,5,4
32(E1),E,-,-2.712,0.865,0.5,2
32(E1),E,A,-1.677,0.289,9.5,4
32(E1),E,C,-3.015,0.2069,8,4
32(E1),E,D,-2.886,0.2342,11.5,4
32(E1),E,E,0,0,,4
32(E1),E,F,-6.333,0,7.25,4
32(E1),E,G,-7.181,0,12.5,4
32(E1),E,H,-1.207,0.506,6.5,4
32(E1),E,I,-1.7,0.0686,5,4
32(E1),E,K,-2.146,0.1076,53.5,4
32(E1),E,L,-2.95,0.2148,11.5,4
32(E1),E,M,-1.428,0.6182,6,4
32(E1),E,N,-2.054,0.2675,7,4
32(E1),E,P,-6.99,0,10.5,4
32(E1),E,Q,-1.301,0.5028,10.5,4
32(E1),E,R,-0.5741,1.603,8,4
32(E1),E,S,-2.749,0.8066,5,4
32(E1),E,T,-0.3694,0.796,11,4
32(E1),E,V,-1.44,1.55,8.25,4
32(E1),E,W,-2.742,0.3242,7.75,4
32(E1),E,Y,-2.256,0.3032,14,4
32(E2),V,A,-1.304,0.2322,11,4
32(E2),V,C,0.4152,0.6836,4,4
32(E2),V,D,-5.825,0,10,4
32(E2),V,E,-6.361,0,9,4
32(E2),V,F,-7.647,0,8.5,4
32(E2),V,G,-6.208,0,7,4
32(E2),V,H,-7.196,0,14.5,4
32(E2),V,I,0.6299,1.562,6.5,4
32(E2),V,K,-6.885,0,4.5,4
32(E2),V,L,-4.823,0,13.25,4
32(E2),V,M,-2.192,0.1261,15.5,4
32(E2),V,N,-5.587,0,11,4
32(E2),V,P,-6.062,0,6,4
32(E2),V,Q,-6.986,0,9,4
32(E2),V,R,-6.082,0,7,4
32(E2),V,S,-2.436,0.1921,8.5,4
32(E2),V,T,-0.1169,0.7005,6,4
32(E2),V,V,0,0,,4
32(E2),V,W,-6.782,0,8.5,4
32(E2),V,Y,-6.51,0,8.5,4
32(E3),E,*,-6.505,0,20.25,4
32(E3),E,-,-0.7259,0.01395,1.5,2
32(E3),E,A,-0.0045,0.4298,9,4
32(E3),E,C,-0.8143,0.2343,9,4
32(E3),E,D,-0.4995,0.9792,11.5,4
32(E3),E,E,0,0,,4
32(E3),E,F,-0.9155,0.2846,7,4
32(E3),E,G,1.231,1.421,11,4
32(E3),E,H,-0.792,0.5732,9.5,4
32(E3),E,I,-0.07092,0.5203,7,4
32(E3),E,K,-0.7338,0.3761,12,4
32(E3),E,L,-0.241,0.3463,9,4
32(E3),E,M,1.366,0.8961,9.5,4
32(E3),E,N,-0.0916,0.2561,7,4
32(E3),E,P,-1.181,0.1017,10,4
32(E3),E,Q,-0.6645,0.6494,8.75,4
32(E3),E,R,-0.7909,0.4595,8.5,4
32(E3),E,S,-0.4293,0.2673,10.5,4
32(E3),E,T,0.03535,0.5305,6.5,4
32(E3),E,V,0.4587,0.2968,13,4
32(E3),E,W,-0.7267,0.5567,11,4
32(E3),E,Y,0.496,0.4337,9.5,4
320(E1),Y,*,-5.474,2.001,7.5,4
320(E1),Y,-,-0.8515,0.581,5,4
320(E1),Y,A,-1.288,0.104,7,4
320(E1),Y,C,-0.2152,0.4811,8.5,4
320(E1),Y,D,-7.723,0,6,4
320(E1),Y,E,-6.596,0,6,4
320(E1),Y,F,-1.127,0.4944,5.5,4
320(E1),Y,G,-1.057,0.8202,7.5,4
320(E1),Y,H,-3.019,0.1816,8.5,4
320(E1),Y,I,-1.746,0.4647,4,4
320(E1),Y,K,-7.138,0,3.5,4
320(E1),Y,L,0.3751,0.4603,5.5,4
320(E1),Y,M,-1.903,0.389,4.5,4
320(E1),Y,N,-2.767,0.4485,11.5,4
320(E1),Y,P,-7.002,0,4,4
320(E1),Y,Q,-2.814,0.3325,3,4
320(E1),Y,R,-6.747,0,5,4
320(E1),Y,S,-1.71,0.6968,6.5,4
320(E1),Y,T,-1.355,1.043,3.5,4
320(E1),Y,V,0.2445,1.587,7.5,4
320(E1),Y,W,-2.659,0.2301,5.5,4
320(E1),Y,Y,0,0,,4
320(E2),T,-,-1.294,0.155,1,2
320(E2),T,A,-0.452,0.464,11,4
320(E2),T,C,-1.193,1.902,1.5,4
320(E2),T,D,-0.6774,0.2253,5.5,4
320(E2),T,E,0.205,1.554,2,4
320(E2),T,F,-0.5279,1.606,6.5,4
320(E2),T,G,-0.9133,0.1859,5,4
320(E2),T,H,0.6293,0.3454,5.5,4
320(E2),T,I,-0.4712,0.3133,12,4
320(E2),T,K,0.4288,0.7389,3.5,4
320(E2),T,L,-0.462,0.2584,7,4
320(E2),T,M,-0.02175,0.3576,4,4
320(E2),T,N,0.2803,1.24,10,4
320(E2),T,P,-1.092,0.2835,3,4
320(E2),T,Q,0.1306,1.052,6.5,4
320(E2),T,R,0.1143,0.9231,8.5,4
320(E2),T,S,-0.2045,0.286,6,4
320(E2),T,T,0,0,,4
320(E2),T,V,-0.5146,0.377,4,4
320(E2),T,W,0.8103,0.6938,6,4
320(E2),T,Y,0.8224,0.8181,5,4
321(E1),A,-,-1.22,0.3033,4,4
321(E1),A,A,0,0,,4
321(E1),A,C,0.1422,2.179,3.5,4
321(E1),A,D,0.2286,0.2524,10.5,4
321(E1),A,E,-2.096,0.4295,3.5,4
321(E1),A,F,1.258,0.3369,5.5,4
321(E1),A,G,-0.5679,0.1014,18.5,4
321(E1),A,H,0.3416,0.2697,4.5,4
321(E1),A,I,0.4358,1.008,7,4
321(E1),A,K,-0.6043,0.3626,5,4
321(E1),A,L,-1.336,1.102,4,4
321(E1),A,M,1.682,0.5918,6,4
321(E1),A,N,-0.4701,0.4487,6,4
321(E1),A,P,-7.144,0,5.5,4
321(E1),A,Q,-0.4684,0.6973,7.5,4
321(E1),A,R,1.444,0.4908,4,4
321(E1),A,S,-1.304,1.228,8,4
321(E1),A,T,-0.1225,0.4696,25.5,4
321(E1),A,V,-0.6986,0.531,33,4
321(E1),A,W,-1.804,1.641,7,4
321(E1),A,Y,-0.2034,1.584,9,4
321(E2),V,-,-0.5446,0.3359,0.5,2
321(E2),V,A,-6.024,0,5.5,4
321(E2),V,C,-3.454,0.5461,4.5,4
321(E2),V,D,-5.262,0,1.5,4
321(E2),V,E,-7.115,0,7.5,4
321(E2),V,F,-5.922,0,6.5,4
321(E2),V,G,-5.886,0,5,4
321(E2),V,H,-7.089,0,7.75,4
321(E2),V,I,-2.248,0.252,11.5,4
321(E2),V,K,-5.422,0.009093,3.5,4
321(E2),V,L,-5.509,0,10,4
321(E2),V,M,-6.889,0,16.75,4
321(E2),V,N,-5.777,0,5,4
321(E2),V,P,-6.861,0,7,4
321(E2),V,Q,-6.56,0,7,4
321(E2),V,R,-6.163,0,8,4
321(E2),V,S,-6.711,0,6.5,4
321(E2),V,T,-5.313,0,5,4
321(E2),V,V,0,0,,4
321(E2),V,W,-6.921,0,7.5,4
321(E2),V,Y,-2.41,2.091,1.5,4
322(E1),A,-,-1.544,0.7731,4,4
322(E1),A,A,0,0,,4
322(E1),A,C,-0.6141,0.4239,8.5,4
322(E1),A,D,-5.957,0,10,4
322(E1),A,E,-6.829,0,6,4
322(E1),A,F,-2.194,0.7786,12,4
322(E1),A,G,-1.635,0.2196,4,4
322(E1),A,H,-2.933,0.1906,6.5,4
322(E1),A,I,-4.652,0.5021,4,4
322(E1),A,K,-3.151,0.5188,6,4
322(E1),A,L,-2.454,0.3683,3,4
322(E1),A,M,-2.79,0.2897,5,4
322(E1),A,N,-1.954,0.3233,6,4
322(E1),A,P,-2.877,0.1113,6,4
322(E1),A,Q,-3.831,0.5222,5,4
322(E1),A,R,-3.614,0.1964,7,4
322(E1),A,S,-0.09305,1.118,12,4
322(E1),A,T,0.009035,0.2529,29.75,4
322(E1),A,V,-0.5857,0.4677,13,4
322(E1),A,W,-2.756,0.2856,8,4
322(E1),A,Y,-1.864,0.5524,7,4
322(E2),P,-,-0.0895,0.7231,0.5,2
322(E2),P,A,-2.558,0.5609,5.5,4
322(E2),P,C,-2.732,0.1539,5,4
322(E2),P,D,-3.146,0.7756,4,4
322(E2),P,E,-3.215,0.1401,4,4
322(E2),P,F,-4.744,0,5.5,4
322(E2),P,G,-1.387,0.4993,3.75,4
322(E2),P,H,-2.707,0.6473,6,4
322(E2),P,I,-5.501,0,1.5,4
322(E2),P,K,-1.521,0.1297,5.5,4
322(E2),P,L,-2.118,0.1958,7,4
322(E2),P,M,-2.656,0.0942,6,4
322(E2),P,N,-2.077,0.3325,6.5,4
322(E2),P,P,0,0,,4
322(E2),P,Q,-2.793,0.7453,4.5,4
322(E2),P,R,-1.892,0.9739,4.25,4
322(E2),P,S,-2.385,0.2288,18.75,4
322(E2),P,T,-2.388,0.1432,9,4
322(E2),P,V,-4.774,0.1481,7,4
322(E2),P,W,-5.255,0.2676,7.5,4
322(E2),P,Y,-3.683,0.2251,7.5,4
323(E1),S,-,-0.3604,1.092,3.5,4
323(E1),S,A,-1.13,1.273,7.5,4
323(E1),S,C,-2.84,0.3575,5,4
323(E1),S,D,0.08443,0.1472,6,4
323(E1),S,E,-0.8001,1.744,2.5,4
323(E1),S,F,0.2402,1.084,5,4
323(E1),S,G,-1.854,0.5752,3,4
323(E1),S,H,-1.267,0.7974,3.5,4
323(E1),S,I,-0.8992,0.4804,10.75,4
323(E1),S,K,-1.847,1.311,3,4
323(E1),S,L,0.7757,1.061,6,4
323(E1),S,M,-0.1903,0.8609,7,4
323(E1),S,N,-0.08871,0.07418,33.75,4
323(E1),S,P,-1.769,0.2993,6.5,4
323(E1),S,Q,-2.337,0.9253,4,4
323(E1),S,R,-0.1724,0.9715,11.5,4
323(E1),S,S,0,0,,4
323(E1),S,T,-0.1327,0.941,6.5,4
323(E1),S,V,-0.051,0.8662,6,4
323(E1),S,W,-0.9594,0.1758,5.5,4
323(E1),S,Y,0.9372,1.416,2.5,4
323(E2),T,-,-0.878,0.6423,1,4
323(E2),T,A,0.4059,0.9924,7.5,4
323(E2),T,C,-1.347,0.2065,6,4
323(E2),T,D,-0.8092,0.3043,6,4
323(E2),T,E,-1.588,0.1835,8,4
323(E2),T,F,2.769,0.7756,6,4
323(E2),T,G,-0.4528,0.1909,7,4
323(E2),T,H,0.1524,0.6255,8.75,4
323(E2),T,I,-0.341,0.3793,10,4
323(E2),T,K,-0.5853,1.393,4.5,4
323(E2),T,L,0.1201,0.3085,10.5,4
323(E2),T,M,-0.4987,0.191,7.5,4
323(E2),T,N,1.152,0.8203,6,4
323(E2),T,P,1.022,0.7223,5.5,4
323(E2),T,Q,0.9416,0.3434,10,4
323(E2),T,R,1.29,0.7088,8.75,4
323(E2),T,S,1.208,0.2679,5,4
323(E2),T,T,0,0,,4
323(E2),T,V,0.5101,0.9036,4.5,4
323(E2),T,W,-0.02019,0.3838,9,4
323(E2),T,Y,-1.344,1.422,7,4
324(E1),K,*,-4.906,0,0.5,2
324(E1),K,-,-3.86,0.6185,2.5,2
324(E1),K,A,-2.713,0.5124,4.5,4
324(E1),K,C,-2.152,0.4592,7.5,4
324(E1),K,D,-2.466,0.1916,5.5,4
324(E1),K,E,-2.067,0.6069,5.5,4
324(E1),K,F,-0.797,0.4831,8.5,4
324(E1),K,G,-2.248,0.3593,8.5,4
324(E1),K,H,-1.159,1.182,7.75,4
324(E1),K,I,-1.94,0.3854,6.25,4
324(E1),K,K,0,0,,4
324(E1),K,L,-1.659,0.2537,7.75,4
324(E1),K,M,-1.017,0.3347,8.25,4
324(E1),K,N,-1.348,0.3605,8.25,4
324(E1),K,P,-1.753,0.3514,5.5,4
324(E1),K,Q,-0.25,2.364,6,4
324(E1),K,R,0.3299,0.2372,8,4
324(E1),K,S,-1.169,0.586,3,4
324(E1),K,T,-1.674,0.3732,7.5,4
324(E1),K,V,-0.4472,0.4139,5.5,4
324(E1),K,W,-1.449,0.961,5.5,4
324(E1),K,Y,-3.361,2.586,4.5,4
324(E2),E,*,-6.154,0,5.5,4
324(E2),E,-,0.5829,1.219,1.5,4
324(E2),E,A,-1.138,0.3774,7.5,4
324(E2),E,C,-0.6757,0.6119,7.5,4
324(E2),E,D,-0.7238,0.3406,8.5,4
324(E2),E,E,0,0,,4
324(E2),E,F,-1.902,0.06386,12,4
324(E2),E,G,-2.221,0.1641,9.5,4
324(E2),E,H,-0.8614,0.3487,5.5,4
324(E2),E,I,-2.482,0.09069,8,4
324(E2),E,K,-1.748,0.2973,25.5,4
324(E2),E,L,-4.384,0.3672,6.5,4
324(E2),E,M,-1.649,0.1768,8,4
324(E2),E,N,-0.9949,1.666,5.5,4
324(E2),E,P,-1.394,0.1228,8.5,4
324(E2),E,Q,-0.4737,0.809,7,4
324(E2),E,R,-2.378,0.3551,5.75,4
324(E2),E,S,0.6938,0.4494,7,4
324(E2),E,T,-0.07284,0.1154,6.5,4
324(E2),E,V,-0.4834,0.4291,8,4
324(E2),E,W,-2.376,0.06299,9.5,4
324(E2),E,Y,-1.25,0.1083,8.5,4
325(E1),K,-,-0.1056,0.3061,2,2
325(E1),K,A,0.1623,0.8675,8.5,4
325(E1),K,C,-1.617,0.7814,4,4
325(E1),K,D,-0.5156,0.6979,4.5,4
325(E1),K,E,-0.3483,0.771,8.5,4
325(E1),K,F,-0.9438,0.7866,8.5,4
325(E1),K,G,-0.4986,0.5462,7,4
325(E1),K,H,0.2231,0.1169,6.5,4
325(E1),K,I,-1.087,0.4063,3.5,4
325(E1),K,K,0,0,,4
325(E1),K,L,-0.8213,0.771,7,4
325(E1),K,M,-0.5371,1.359,6,4
325(E1),K,N,-1.674,0.4337,7,4
325(E1),K,P,-0.5528,0.3497,7.5,4
325(E1),K,Q,0.9745,1.325,9,4
325(E1),K,R,0.3759,0.2262,5,4
325(E1),K,S,-0.1446,0.6793,4.5,4
325(E1),K,T,0.1913,0.6134,7,4
325(E1),K,V,0.3635,1.241,4.5,4
325(E1),K,W,-0.3157,0.7657,7,4
325(E1),K,Y,-1.276,0.2184,6.5,4
325(E2),G,-,1.534,0.8502,0.5,2
325(E2),G,A,-6.412,0,9.5,4
325(E2),G,C,-6.678,0,13.5,4
325(E2),G,D,-6.915,0,9.5,4
325(E2),G,E,-5.82,0,5,4
325(E2),G,F,-6.872,0,10,4
325(E2),G,G,0,0,,4
325(E2),G,H,-6.233,0,6,4
325(E2),G,I,-4.367,1.067,4,4
325(E2),G,K,-6.614,0,3.5,4
325(E2),G,L,-5.878,0,4.5,4
325(E2),G,M,-9.867,0,6,4
325(E2),G,N,-6.091,0,8,4
325(E2),G,P,-5.609,0,5.5,4
325(E2),G,Q,-5.815,0,6,4
325(E2),G,R,-6.787,0,5.75,4
325(E2),G,S,-6.788,0,18.25,4
325(E2),G,T,-7.155,0,6,4
325(E2),G,V,-5.807,0,11.5,4
325(E2),G,W,-6.714,0,6,4
325(E2),G,Y,-5.715,0,10,4
326(E1),G,-,-0.8045,0.0365,1.5,2
326(E1),G,A,-2.631,0.8408,4.5,4
326(E1),G,C,-5.497,0,10.5,4
326(E1),G,D,-3.067,0.5212,32.5,4
326(E1),G,E,-6.613,0,4,4
326(E1),G,F,-1.228,0.6031,7,4
326(E1),G,G,0,0,,4
326(E1),G,H,-4.47,0.2849,5,4
326(E1),G,I,-6.906,0,5,4
326(E1),G,K,-5.584,0.01299,3,4
326(E1),G,L,-7.146,0,5,4
326(E1),G,M,-5.17,0.1048,4,4
326(E1),G,N,-3.459,0.4224,7,4
326(E1),G,P,-6.854,0,8.5,4
326(E1),G,Q,-6.427,0,4,4
326(E1),G,R,-6.024,0,5.5,4
326(E1),G,S,-2.229,0.9498,12,4
326(E1),G,T,-8.71,0,4.5,4
326(E1),G,V,-6.879,0,6.5,4
326(E1),G,W,-1.111,1.998,3,4
326(E1),G,Y,-1.973,0.4629,3,4
326(E2),L,-,-5.242,0,0.5,2
326(E2),L,A,-6.481,0,5.5,4
326(E2),L,C,-5.692,0,9,4
326(E2),L,D,-5.252,0,5,4
326(E2),L,E,-6.092,0,6,4
326(E2),L,F,-6.363,0,8.5,4
326(E2),L,G,-4.595,0.02295,5.5,4
326(E2),L,H,-5.796,0,7,4
326(E2),L,I,-0.9599,0.4178,6,4
326(E2),L,K,-7.941,0,4,4
326(E2),L,L,0,0,,4
326(E2),L,M,-2.48,0.7047,14.5,4
326(E2),L,N,-6.536,0,7.5,4
326(E2),L,P,-6.039,0,34.75,4
326(E2),L,Q,-6.36,0,6.5,4
326(E2),L,R,-6.443,0,10,4
326(E2),L,S,-5.723,0,5,4
326(E2),L,T,-3.43,0.6534,5.5,4
326(E2),L,V,-0.03665,1.359,2.5,4
326(E2),L,W,-6.295,0,5,4
326(E2),L,Y,-5.902,0,5.5,4
327(E1),K,*,-4.322,0,1,2
327(E1),K,-,0.5052,0.08475,1,2
327(E1),K,A,-1.901,0.5836,4,4
327(E1),K,C,-1.131,0.2409,7,4
327(E1),K,D,-0.7163,0.7124,9.5,4
327(E1),K,E,-2.165,0.4686,6,4
327(E1),K,F,-0.5846,1.044,8,4
327(E1),K,G,-1.38,0.1492,4.5,4
327(E1),K,H,-1.137,0.4214,7,4
327(E1),K,I,-0.5776,0.1781,9.5,4
327(E1),K,K,0,0,,4
327(E1),K,L,-0.4035,0.7951,7.5,4
327(E1),K,M,-0.3631,0.4686,8,4
327(E1),K,N,-1.39,0.5858,9,4
327(E1),K,P,-0.1536,0.694,8.5,4
327(E1),K,Q,-0.0855,2.004,3.5,4
327(E1),K,R,-0.5853,0.423,11.5,4
327(E1),K,S,-0.4643,0.9592,3,4
327(E1),K,T,-1.936,0.6721,6.5,4
327(E1),K,V,-1.11,1.251,5,4
327(E1),K,W,-1.247,0.4547,6,4
327(E1),K,Y,-0.926,0.2285,8.25,4
327(E2),E,*,-6.043,0,6,4
327(E2),E,-,-1.003,0.06185,0.5,2
327(E2),E,A,-4.435,0.00433,8,4
327(E2),E,C,-4.859,0.2828,6,4
327(E2),E,D,-6.01,0.07794,8.5,4
327(E2),E,E,0,0,,4
327(E2),E,F,-6.555,0,5.5,4
327(E2),E,G,-6.707,0,8.5,4
327(E2),E,H,-4.837,0.2438,5.5,4
327(E2),E,I,-5.966,0,7.5,4
327(E2),E,K,-5.849,0,34.75,4
327(E2),E,L,-6.349,0,3.5,4
327(E2),E,M,-6.143,0,7,4
327(E2),E,N,-6.314,0.06538,5.5,4
327(E2),E,P,-6.971,0,5.5,4
327(E2),E,Q,-6.526,0,8,4
327(E2),E,R,-6.475,0,2.5,4
327(E2),E,S,-6.545,0,5.5,4
327(E2),E,T,-6.575,0,8,4
327(E2),E,V,-5.341,0.02208,5.5,4
327(E2),E,W,-6.815,0,7.5,4
327(E2),E,Y,-5.8,0.09959,7,4
328(E1),C,*,-6.663,0,6,4
328(E1),C,-,-0.4448,0.4222,1,4
328(E1),C,A,-6.643,0,6,4
328(E1),C,C,0,0,,4
328(E1),C,D,-7.377,0,5.5,4
328(E1),C,E,-6.896,0,8,4
328(E1),C,F,-7.431,0,12.75,4
328(E1),C,G,-7.551,0,7,4
328(E1),C,H,-7.014,0,4,4
328(E1),C,I,-6.632,0,5.5,4
328(E1),C,K,-6.387,0.2992,4,4
328(E1),C,L,-7.039,0,5.5,4
328(E1),C,M,-6.717,0,2.5,4
328(E1),C,N,-7.057,0,4.5,4
328(E1),C,P,-7.234,0,6,4
328(E1),C,Q,-5.883,0,5,4
328(E1),C,R,-6.572,0,8,4
328(E1),C,S,-6.737,0,12,4
328(E1),C,T,-6.497,0,4,4
328(E1),C,V,-6.825,0,5.5,4
328(E1),C,W,-7.674,0,5,4
328(E1),C,Y,-6.967,0,20,4
328(E2),V,-,-4.197,0,0.5,2
328(E2),V,A,-5.985,0,12,4
328(E2),V,C,-5.436,0,12,4
328(E2),V,D,-6.391,0,5,4
328(E2),V,E,-5.467,0.116,5.5,4
328(E2),V,F,-6.949,0.2052,6.5,4
328(E2),V,G,-6.097,0,7,4
328(E2),V,H,-6.232,0,8,4
328(E2),V,I,-1.169,0.3611,14,4
328(E2),V,K,-6.158,0,6.75,4
328(E2),V,L,-2.434,1.048,6.25,4
328(E2),V,M,-6.617,0,5.5,4
328(E2),V,N,-6.05,0,4,4
328(E2),V,P,-6.875,0,5,4
328(E2),V,Q,-5.997,0,3,4
328(E2),V,R,-6.708,0,7.5,4
328(E2),V,S,-6.476,0,5.5,4
328(E2),V,T,-6.947,0,5.5,4
328(E2),V,V,0,0,,4
328(E2),V,W,-5.614,0,5.5,4
328(E2),V,Y,-6.425,0,6.5,4
329(E1),A,*,-1.858,0.1825,1,2
329(E1),A,-,-0.2645,0.5764,1,4
329(E1),A,A,0,0,,4
329(E1),A,C,-1.304,0.5569,6.5,4
329(E1),A,D,-6.549,0,8.75,4
329(E1),A,E,-5.595,0,5.5,4
329(E1),A,F,-1.62,0.1552,5.5,4
329(E1),A,G,-0.7599,1.107,8,4
329(E1),A,H,-2.136,0.3003,5.5,4
329(E1),A,I,-3.617,1.627,6,4
329(E1),A,K,-5.833,0,4,4
329(E1),A,L,-6.873,0,5,4
329(E1),A,M,-4.135,0.2178,6,4
329(E1),A,N,-4.043,0.2169,4.5,4
329(E1),A,P,-2.18,0.391,5,4
329(E1),A,Q,-5.575,0,3.25,4
329(E1),A,R,-6.906,0,7.5,4
329(E1),A,S,-1.535,0.5129,10.5,4
329(E1),A,T,-3.962,0.1863,21.5,4
329(E1),A,V,-3.261,0.2472,18.5,4
329(E1),A,W,-5.955,0,5.5,4
329(E1),A,Y,-0.5765,0.5615,3,4
329(E2),T,-,-1.901,2.286,4,4
329(E2),T,A,-2.622,0.4329,9,4
329(E2),T,C,-1.592,0.4873,6.5,4
329(E2),T,D,-6.715,0,4,2
329(E2),T,E,-4.197,0.5062,5.5,4
329(E2),T,F,-2.079,0.3213,6.75,4
329(E2),T,G,-6.245,0,5,4
329(E2),T,H,-2.91,0.6468,8.25,4
329(E2),T,I,-3.392,0.4384,10,4
329(E2),T,K,-3.613,0.06796,3.5,4
329(E2),T,L,-4.378,0.1568,8,4
329(E2),T,M,-3.327,0.4222,4,4
329(E2),T,N,-4.505,0.2784,5,4
329(E2),T,P,-6.245,0,7,4
329(E2),T,Q,-1.988,0.192,7,4
329(E2),T,R,-1.853,0.1986,7,4
329(E2),T,S,0.7656,2.198,7.75,4
329(E2),T,T,0,0,,4
329(E2),T,V,-1.604,0.5385,6,4
329(E2),T,W,-2.2,0.1678,5.5,4
329(E2),T,Y,-3.321,0.1776,3.5,4
33(6K),C,*,-5.341,1.209,4.5,4
33(6K),C,-,0.1153,0.6776,1.5,4
33(6K),C,A,0.8911,1.976,4.5,4
33(6K),C,C,0,0,,4
33(6K),C,D,0.2828,0.1553,9,4
33(6K),C,E,0.1222,1.965,5.5,4
33(6K),C,F,0.4754,0.5685,10,4
33(6K),C,G,-0.745,0.7905,7.5,4
33(6K),C,H,-0.1755,1.005,6,4
33(6K),C,I,-0.1221,0.6962,10,4
33(6K),C,K,-1.42,1.229,5.5,4
33(6K),C,L,-0.6174,0.5155,7.5,4
33(6K),C,M,-0.9818,0.741,6,4
33(6K),C,N,-1.189,1.046,8,4
33(6K),C,P,-0.7403,1.361,7,4
33(6K),C,Q,0.0295,0.5073,8,4
33(6K),C,R,0.217,1.071,11.75,4
33(6K),C,S,-0.1508,0.5825,9,4
33(6K),C,T,0.04872,0.04977,8,4
33(6K),C,V,0.06655,1.53,9.5,4
33(6K),C,W,-0.5771,1.147,9,4
33(6K),C,Y,0.0678,1.194,22,4
33(E1),L,-,-2.276,0.4095,0.5,2
33(E1),L,A,-3.117,0.6604,7.75,4
33(E1),L,C,-6.921,0,10,4
33(E1),L,D,-6.47,0,8.5,4
33(E1),L,E,-6.819,0,4,4
33(E1),L,F,0.5902,1.347,7.5,4
33(E1),L,G,-6.598,0,8.5,4
33(E1),L,H,-7.59,0,8.75,4
33(E1),L,I,0.7054,1.584,4,4
33(E1),L,K,-7.128,0,6,4
33(E1),L,L,0,0,,4
33(E1),L,M,-0.5217,0.2642,11,4
33(E1),L,N,-6.894,0,10,4
33(E1),L,P,-3.738,0.2533,13.25,4
33(E1),L,Q,-4.383,0.2169,4.25,4
33(E1),L,R,-7.081,0,6.25,4
33(E1),L,S,-6.791,0,11,4
33(E1),L,T,-3.018,0.2269,6.5,4
33(E1),L,V,-1.41,0.3939,9.5,4
33(E1),L,W,-1.659,0.32,9.5,4
33(E1),L,Y,-6.808,0,9,4
33(E2),A,*,-6.287,0,0.5,2
33(E2),A,-,-3.619,0.067,0.5,2
33(E2),A,A,0,0,,4
33(E2),A,C,-3.504,0.3661,4.5,4
33(E2),A,D,-6.897,0,13,4
33(E2),A,E,-6.974,0,9,4
33(E2),A,F,-6.637,0,8,4
33(E2),A,G,-3.569,0.4215,4.5,4
33(E2),A,H,-6.703,0,7.5,4
33(E2),A,I,-6.676,0,6,4
33(E2),A,K,-6.26,0,9,4
33(E2),A,L,-6.435,0,5.5,4
33(E2),A,M,-6.393,0,5,4
33(E2),A,N,-6.495,0,7.5,4
33(E2),A,P,-6.488,0,9.5,4
33(E2),A,Q,-6.914,0,8,4
33(E2),A,R,-6.494,0,7.5,4
33(E2),A,S,-1.683,0.4854,9.5,4
33(E2),A,T,-2.482,0.1051,25.5,4
33(E2),A,V,-5.962,0,14,4
33(E2),A,W,-6.476,0,5.5,4
33(E2),A,Y,-6.683,0,4,4
33(E3),K,-,-2.946,2.01,2,4
33(E3),K,A,0.2201,0.2273,10,4
33(E3),K,C,0.4679,0.9504,14,4
33(E3),K,D,0.9595,0.4737,6.5,4
33(E3),K,E,-0.1328,0.9586,15,4
33(E3),K,F,-0.4629,0.5405,13.5,4
33(E3),K,G,-0.6463,0.1736,11.5,4
33(E3),K,H,0.5315,1.744,7.5,4
33(E3),K,I,-0.57,0.07627,14,4
33(E3),K,K,0,0,,4
33(E3),K,L,0.04715,0.5524,7,4
33(E3),K,M,-0.2355,0.6751,6.75,4
33(E3),K,N,-0.2542,0.2692,10.5,4
33(E3),K,P,1.57,1.165,10,4
33(E3),K,Q,0.6587,0.3634,9,4
33(E3),K,R,0.8392,0.8013,7.5,4
33(E3),K,S,-0.5866,0.6788,8,4
33(E3),K,T,0.03625,0.691,10,4
33(E3),K,V,-0.1335,0.1553,11.5,4
33(E3),K,W,1.286,0.8473,8.5,4
33(E3),K,Y,0.08515,0.2276,8,4
330(E1),V,-,-0.4157,0.3112,2,4
330(E1),V,A,-1.159,0.1775,9.5,4
330(E1),V,C,-1.082,0.1769,8,4
330(E1),V,D,-7.036,0,7.25,4
330(E1),V,E,-6.341,0,8.5,4
330(E1),V,F,-3.663,0.03586,6.5,4
330(E1),V,G,-7.293,0,8,4
330(E1),V,H,-7.208,0,9.5,4
330(E1),V,I,0.03525,1.35,5.5,4
330(E1),V,K,-5.983,0,9.5,4
330(E1),V,L,-1.049,0.3791,10.5,4
330(E1),V,M,-1.365,0.3423,24.5,4
330(E1),V,N,-6.394,0,5,4
330(E1),V,P,-3.01,0.5332,8,4
330(E1),V,Q,-6.966,0,9,4
330(E1),V,R,-7.486,0,8.5,4
330(E1),V,S,-2.431,0.964,4,4
330(E1),V,T,-1.564,0.4178,6.5,4
330(E1),V,V,0,0,,4
330(E1),V,W,-6.79,0,10,4
330(E1),V,Y,-7.046,0,7,4
330(E2),W,*,-6.551,0,16.5,4
330(E2),W,-,-0.1836,0.376,3.5,4
330(E2),W,A,-6.513,0,4.5,4
330(E2),W,C,-6.386,0,14.5,4
330(E2),W,D,-6.405,0,7.5,4
330(E2),W,E,-6.165,0,4,4
330(E2),W,F,-6.803,0,8,4
330(E2),W,G,-6.57,0,7.5,4
330(E2),W,H,-5.384,0,6.75,4
330(E2),W,I,-7.336,0,5.5,4
330(E2),W,K,-6.541,0,5.5,4
330(E2),W,L,-5.974,0,13,4
330(E2),W,M,-6.385,0,8.25,4
330(E2),W,N,-6.173,0,7,4
330(E2),W,P,-6.647,0,8,4
330(E2),W,Q,-5.479,0,7.5,4
330(E2),W,R,-6.982,0,19.5,4
330(E2),W,S,-6.123,0,6.5,4
330(E2),W,T,-6.36,0,5.5,4
330(E2),W,V,-6.213,0,3,4
330(E2),W,W,0,0,,4
330(E2),W,Y,-5.576,0,6,4
331(E1),H,-,-0.6341,0.4181,2,4
331(E1),H,A,-0.4954,0.9881,10,4
331(E1),H,C,-2.542,0.9071,7,4
331(E1),H,D,-5.425,0.06149,5,4
331(E1),H,E,-7.184,0,7,4
331(E1),H,F,-1.845,0.3622,7.5,4
331(E1),H,G,-3.087,0.233,6.5,4
331(E1),H,H,0,0,,4
331(E1),H,I,-1.727,0.4616,9,4
331(E1),H,K,-4.463,0,5.5,4
331(E1),H,L,-3.199,0.1736,8,4
331(E1),H,M,-2.494,0.3917,8.5,4
331(E1),H,N,-2.176,0.1579,10.5,4
331(E1),H,P,-7.101,0,8.75,4
331(E1),H,Q,-2.901,0.5738,13,4
331(E1),H,R,-5.048,0,8.5,4
331(E1),H,S,-3.173,0.3919,10.5,4
331(E1),H,T,-2.284,1.122,4,4
331(E1),H,V,-0.8596,0.3706,5,4
331(E1),H,W,-2.71,1.091,4.5,4
331(E1),H,Y,-0.2552,0.2085,15.75,4
331(E2),G,-,0.2031,0.4947,3.5,4
331(E2),G,A,-6.748,0,8,4
331(E2),G,C,-6.107,0,10,4
331(E2),G,D,-5.792,0,25,4
331(E2),G,E,-6.027,0,5,4
331(E2),G,F,-7,0,7.5,4
331(E2),G,G,0,0,,4
331(E2),G,H,-5.811,0,4.5,4
331(E2),G,I,-5.301,0,6,4
331(E2),G,K,-5.779,0,7,4
331(E2),G,L,-5.945,0,5.25,4
331(E2),G,M,-5.788,0,2.5,4
331(E2),G,N,-6.695,0,5,4
331(E2),G,P,-6.14,0,6,4
331(E2),G,Q,-6.599,0,4.5,4
331(E2),G,R,-5.663,0,7,4
331(E2),G,S,-6.229,0,18.5,4
331(E2),G,T,-6.742,0.4018,6,4
331(E2),G,V,-6.958,0,11.5,4
331(E2),G,W,-7.599,0,5,4
331(E2),G,Y,-6.555,0,6,4
332(E1),S,-,-0.423,0.3208,1.5,4
332(E1),S,A,0.7677,1.966,7.5,4
332(E1),S,C,-1.913,0.2931,8,4
332(E1),S,D,-1.736,0.2145,7,4
332(E1),S,E,-2.664,0.5985,7.5,4
332(E1),S,F,-7.37,0,7.5,4
332(E1),S,G,-1.804,0.1478,10.5,4
332(E1),S,H,-2.925,0.1152,7,4
332(E1),S,I,-3.892,0.09768,8,4
332(E1),S,K,-3.669,0.1594,5,4
332(E1),S,L,-6.747,0,7.75,4
332(E1),S,M,-4.697,0.1494,5.5,4
332(E1),S,N,-7.944,0,44.25,4
332(E1),S,P,0.7953,1.129,4.5,4
332(E1),S,Q,-2.316,0.139,8.5,4
332(E1),S,R,-3.508,0.3152,15,4
332(E1),S,S,0,0,,4
332(E1),S,T,-0.8961,1.012,8,4
332(E1),S,V,-3.476,0.44,4,4
332(E1),S,W,-6.721,0,8.5,4
332(E1),S,Y,-7.148,0,7,4
332(E2),N,-,-6.791,0,9,4
332(E2),N,A,-5.999,0,5,4
332(E2),N,C,-6.269,0,6,4
332(E2),N,D,-6.466,0,5.5,4
332(E2),N,E,-5.852,0,5.5,4
332(E2),N,F,-5.833,0,7.5,4
332(E2),N,G,-6.267,0,7.5,4
332(E2),N,H,-7.062,0,9,4
332(E2),N,I,-6.246,0,5,4
332(E2),N,K,-5.58,0.2737,4.5,4
332(E2),N,L,-6.256,0,9,4
332(E2),N,M,-6.894,0,6,4
332(E2),N,N,0,0,,4
332(E2),N,P,-5.67,0,6,4
332(E2),N,Q,-5.178,0,4,4
332(E2),N,R,-6.537,0,3.5,4
332(E2),N,S,-4.789,0.8288,7,4
332(E2),N,T,-6.425,0.107,4,4
332(E2),N,V,-5.551,0,7.5,4
332(E2),N,W,-6.248,0,6,4
332(E2),N,Y,-5.423,0.1057,6.5,4
333(E1),M,*,-6.626,0,0.5,2
333(E1),M,-,-0.4572,0.3133,1.5,4
333(E1),M,A,-2.076,2.335,4,4
333(E1),M,C,-1.26,0.3159,9,4
333(E1),M,D,-1.148,1.311,9,4
333(E1),M,E,-1.663,0.1435,9.5,4
333(E1),M,F,-0.6186,0.7658,10.5,4
333(E1),M,G,2.161,2.977,7,4
333(E1),M,H,-0.5793,0.5675,6.5,4
333(E1),M,I,-1.143,0.4158,23.75,4
333(E1),M,K,-1.357,0.647,7.5,4
333(E1),M,L,-0.424,0.6692,6.5,4
333(E1),M,M,0,0,,4
333(E1),M,N,-0.89,0.6042,7.5,4
333(E1),M,P,-1.274,0.8587,7,4
333(E1),M,Q,0.2401,0.8913,6,4
333(E1),M,R,-1.346,0.7007,3.5,4
333(E1),M,S,-1.211,0.7798,9,4
333(E1),M,T,-0.8995,0.3177,11.5,4
333(E1),M,V,-0.5745,0.9736,9.5,4
333(E1),M,W,-1.748,0.9433,11,4
333(E1),M,Y,-1.108,0.3858,8,4
333(E2),N,-,-0.9617,0.1507,3,4
333(E2),N,A,-6.091,0,9.5,4
333(E2),N,C,-5.608,0,6.75,4
333(E2),N,D,-5.678,0,10.25,4
333(E2),N,E,-6.053,0,6.5,4
333(E2),N,F,-6.314,0,7,4
333(E2),N,G,-4.95,0.5642,5.5,4
333(E2),N,H,-3.917,0.6284,7,4
333(E2),N,I,-6.095,0,7,4
333(E2),N,K,-4.621,0.7435,7.5,4
333(E2),N,L,-5.765,0.2109,3,4
333(E2),N,M,-6.627,0,6,4
333(E2),N,N,0,0,,4
333(E2),N,P,-5.822,0,8,4
333(E2),N,Q,-5.46,0,8,4
333(E2),N,R,-5.201,0,5.75,4
333(E2),N,S,-6.8,0,10.5,4
333(E2),N,T,-6.655,0,4.5,4
333(E2),N,V,-5.237,0,7.5,4
333(E2),N,W,-6.103,0,4.5,4
333(E2),N,Y,-5.954,0,9,4
334(E1),T,*,-6.69,0,0.5,2
334(E1),T,-,-1.406,0.8327,2,4
334(E1),T,A,0.08453,0.7375,23,4
334(E1),T,C,0.0748,1.624,3.5,4
334(E1),T,D,0.5287,1.488,5,4
334(E1),T,E,1.472,0.9671,4.5,4
334(E1),T,F,1.362,0.158,4.5,2
334(E1),T,G,-1.616,0.6691,6.5,4
334(E1),T,H,-0.2231,0.4263,3,4
334(E1),T,I,-0.7421,0.1136,12,4
334(E1),T,K,0.407,0.5276,3.5,4
334(E1),T,L,2.054,0.4389,8,4
334(E1),T,M,0.02564,0.3918,6,4
334(E1),T,N,-0.9545,0.1677,11,4
334(E1),T,P,-0.7022,0.6786,7,4
334(E1),T,Q,0.1845,0.7738,5.75,4
334(E1),T,R,-0.9041,1.074,4.5,4
334(E1),T,S,-0.1907,0.4569,4,4
334(E1),T,T,0,0,,4
334(E1),T,V,0.2932,2.099,7,4
334(E1),T,W,-0.496,0.3149,6,4
334(E1),T,Y,0.2833,0.4248,7,4
334(E2),E,*,-7.223,0,7,4
334(E2),E,-,-0.2245,0.7188,3,4
334(E2),E,A,-1.158,0.5214,3.5,4
334(E2),E,C,-1.585,0.3677,9,4
334(E2),E,D,0.6679,0.5374,9.5,4
334(E2),E,E,0,0,,4
334(E2),E,F,-1.516,0.09998,7,4
334(E2),E,G,-2.503,0.172,11.5,4
334(E2),E,H,-1.382,0.3787,7.5,4
334(E2),E,I,-1.923,0.4951,6,4
334(E2),E,K,-1.508,0.1943,11.5,4
334(E2),E,L,-1.453,0.2876,8.5,4
334(E2),E,M,-1.269,0.2967,5.5,4
334(E2),E,N,-1.152,0.2056,3.5,4
334(E2),E,P,-0.8229,0.452,3.5,4
334(E2),E,Q,-1.466,0.1175,9.5,4
334(E2),E,R,-2.057,0.76,2.75,4
334(E2),E,S,-3.098,0.5178,8,4
334(E2),E,T,-7.271,0,9.5,4
334(E2),E,V,-1.625,0.2567,7,4
334(E2),E,W,-2.375,0.3836,7.5,4
334(E2),E,Y,-1.526,0.1284,4.5,4
335(E1),N,-,-0.238,0.3984,1,2
335(E1),N,A,0.8078,1.223,3,4
335(E1),N,C,-3.721,0.1654,5.5,4
335(E1),N,D,-0.9025,0.9213,8,4
335(E1),N,E,-0.3148,0.8515,4.5,4
335(E1),N,F,0.6239,0.8192,8.5,4
335(E1),N,G,1.471,0.9326,3.5,4
335(E1),N,H,0.4556,1.924,7.5,4
335(E1),N,I,-1.356,0.236,7.5,4
335(E1),N,K,0.8907,1.993,11.25,4
335(E1),N,L,-0.5765,0.3011,5.5,4
335(E1),N,M,-0.8119,1.067,9.75,4
335(E1),N,N,0,0,,4
335(E1),N,P,1.986,1.142,7,4
335(E1),N,Q,-1.553,0.2761,5.25,4
335(E1),N,R,3.094,0.9248,4,4
335(E1),N,S,-1.201,0.3138,4.5,4
335(E1),N,T,-0.8748,0.3169,4,4
335(E1),N,V,0.78,1.481,5,4
335(E1),N,W,-0.834,0.9087,4.5,4
335(E1),N,Y,-0.7037,0.1487,8,4
335(E2),P,-,-0.7158,0.4256,3,4
335(E2),P,A,-0.8203,0.1583,8.5,4
335(E2),P,C,-3.623,0.242,4.5,4
335(E2),P,D,-7.069,0,5,4
335(E2),P,E,-5.925,0,4.5,4
335(E2),P,F,-6.061,0.07751,6,4
335(E2),P,G,-3.954,0.3568,3,4
335(E2),P,H,-7.892,0,6.5,4
335(E2),P,I,-5.231,0.1321,3,4
335(E2),P,K,-6.729,0,4.5,4
335(E2),P,L,-7.285,0,6,4
335(E2),P,M,-6.622,0,6,4
335(E2),P,N,-6.027,0,5.5,4
335(E2),P,P,0,0,,4
335(E2),P,Q,-5.14,0.02641,3.5,4
335(E2),P,R,-6.189,0,6.5,4
335(E2),P,S,-6.308,0,8.5,4
335(E2),P,T,-6.213,0,6,4
335(E2),P,V,-2.517,0.4471,4,4
335(E2),P,W,-6.592,0,5.75,4
335(E2),P,Y,-6.256,0.08877,3.5,4
336(E1),A,-,-0.7948,0.3342,1.5,4
336(E1),A,A,0,0,,4
336(E1),A,C,-2.487,0.3608,7.5,4
336(E1),A,D,-0.3767,0.3592,10.5,4
336(E1),A,E,0.996,0.8949,5.5,4
336(E1),A,F,0.02187,0.9674,5.5,4
336(E1),A,G,-0.3283,0.9513,5,4
336(E1),A,H,0.7338,0.3394,6.5,4
336(E1),A,I,-0.6968,0.5413,9,4
336(E1),A,K,-0.6232,0.678,3.5,4
336(E1),A,L,0.1001,0.4868,5.5,4
336(E1),A,M,-0.5517,0.7959,4.5,4
336(E1),A,N,-6.571,0,5.5,4
336(E1),A,P,-0.5378,1.484,6.25,4
336(E1),A,Q,-0.0043,0.4353,5.5,4
336(E1),A,R,-0.574,0.8387,5,4
336(E1),A,S,-0.1812,0.6034,10.5,4
336(E1),A,T,0.5923,0.2338,17,4
336(E1),A,V,-1.578,0.2555,9.5,4
336(E1),A,W,1.561,1.768,5.5,4
336(E1),A,Y,0.4268,0.9382,4,4
336(E2),Y,*,-4.47,0.8262,4.5,4
336(E2),Y,-,-1.122,0.5944,3,4
336(E2),Y,A,-1.462,1.576,7,4
336(E2),Y,C,-0.7272,0.2951,9,4
336(E2),Y,D,-1.37,0.06926,6,4
336(E2),Y,E,-1.524,0.2076,4,4
336(E2),Y,F,-0.6853,0.1542,5,4
336(E2),Y,G,-3.032,0.7573,3.5,4
336(E2),Y,H,-1.804,0.2422,11.5,4
336(E2),Y,I,0.7898,0.2556,5.5,4
336(E2),Y,K,-1.472,0.5754,3,4
336(E2),Y,L,0.3794,0.4495,7,4
336(E2),Y,M,1.295,0.786,3,4
336(E2),Y,N,-0.3658,0.4849,4,4
336(E2),Y,P,-5.094,0,3,4
336(E2),Y,Q,-1.132,0.5554,5,4
336(E2),Y,R,-0.9119,0.1473,6,4
336(E2),Y,S,1.326,0.6582,2,2
336(E2),Y,T,1.274,0.5501,5.5,4
336(E2),Y,V,0.3683,1.154,6.5,4
336(E2),Y,W,0.9494,0.7038,6,4
336(E2),Y,Y,0,0,,4
337(E1),V,-,-0.602,0.4573,1.5,4
337(E1),V,A,-0.4604,0.1402,14.5,4
337(E1),V,C,-0.5132,0.2427,7,4
337(E1),V,D,-7.046,0,5.5,4
337(E1),V,E,-6.196,0,10.5,4
337(E1),V,F,-1.308,0.8528,8.5,4
337(E1),V,G,-7.057,0,4.25,4
337(E1),V,H,-2.758,0.3691,6,4
337(E1),V,I,-0.9454,0.6945,8,4
337(E1),V,K,-6.944,0,7.5,4
337(E1),V,L,0.0596,0.3887,11,4
337(E1),V,M,-1.038,0.3294,17.5,4
337(E1),V,N,-5.329,0,5,4
337(E1),V,P,-6.754,0,7.25,4
337(E1),V,Q,-2.87,0.1586,6.5,4
337(E1),V,R,-7.004,0,5.5,4
337(E1),V,S,-6.431,0,8,4
337(E1),V,T,-3.503,0.3145,5.5,4
337(E1),V,V,0,0,,4
337(E1),V,W,-3.533,0.2522,7,4
337(E1),V,Y,-1.681,0.2986,3.5,4
337(E2),K,*,-1.751,0.4055,0.5,2
337(E2),K,A,-1.612,0.0895,2,2
337(E2),K,C,-2.406,0.7195,5.75,4
337(E2),K,D,-5.88,0.2039,5,4
337(E2),K,E,-3.119,0.9026,3.5,4
337(E2),K,F,-0.8945,2.128,3.5,4
337(E2),K,G,-5.416,0,8.75,4
337(E2),K,H,-1.756,0.2841,6,4
337(E2),K,I,-5.446,0,6.25,4
337(E2),K,K,0,0,,4
337(E2),K,L,-1.929,0.2577,8.5,4
337(E2),K,M,-2.072,0.2349,5.5,4
337(E2),K,N,-2.267,0.5431,9.5,4
337(E2),K,P,-6.495,0,5.5,4
337(E2),K,Q,-1.875,0.3443,6.5,4
337(E2),K,R,1.948,1.099,6.5,4
337(E2),K,S,-2.037,0.1785,4.5,4
337(E2),K,T,-1.545,0.2924,8.5,4
337(E2),K,V,-2.58,0.3261,3.5,4
337(E2),K,W,-2.909,0.3399,5,4
337(E2),K,Y,-1.369,0.2062,5.75,4
338(E1),T,-,-0.4516,0.6727,1,4
338(E1),T,A,-0.367,0.9272,5,4
338(E1),T,C,-2.424,0.485,7,4
338(E1),T,D,-2.357,0.1869,7,4
338(E1),T,E,-2.171,0.4103,6.5,4
338(E1),T,F,-2.413,0.3506,7.5,4
338(E1),T,G,-1.776,0.3125,9,4
338(E1),T,H,-1.483,0.9834,5,4
338(E1),T,I,-0.5185,0.4989,9,4
338(E1),T,K,-6.841,0,2.75,4
338(E1),T,L,-1.674,0.2949,6.5,4
338(E1),T,M,0.2656,1.239,2,4
338(E1),T,N,-0.9301,0.6764,11.5,4
338(E1),T,P,-3.127,0.2811,6,4
338(E1),T,Q,-1.923,0.603,5.75,4
338(E1),T,R,-7.612,0,4,4
338(E1),T,S,-0.5422,0.5478,4.5,4
338(E1),T,T,0,0,,4
338(E1),T,V,1.32,1.387,7,4
338(E1),T,W,-6.782,0,4.5,4
338(E1),T,Y,-2.45,0.2741,5,4
338(E2),Y,*,-7.798,0,3,4
338(E2),Y,A,-5.399,0.09093,6,4
338(E2),Y,C,-5.752,0,6.5,4
338(E2),Y,D,-5.631,0,7,4
338(E2),Y,E,-6.694,0,5,4
338(E2),Y,F,0.6137,0.8918,4.5,4
338(E2),Y,G,-3.582,2.698,2.5,4
338(E2),Y,H,-6.21,0,7,4
338(E2),Y,I,-6.248,0,8,4
338(E2),Y,K,-6.151,0,7.5,4
338(E2),Y,L,-3.279,0.3239,6.25,4
338(E2),Y,M,-2.987,0.3896,6.5,4
338(E2),Y,N,-5.511,0,9,4
338(E2),Y,P,-6.994,0,9,4
338(E2),Y,Q,-6.369,0,7.5,4
338(E2),Y,R,-6.825,0,6,4
338(E2),Y,S,-6.799,0,6.5,4
338(E2),Y,T,-5.79,0.1031,4,4
338(E2),Y,V,-5.873,0,5,4
338(E2),Y,W,-0.3205,0.324,3.5,4
338(E2),Y,Y,0,0,,4
339(E1),I,-,-3.186,1.787,2.5,4
339(E1),I,A,-1.413,0.4206,7,4
339(E1),I,C,-0.04449,0.3914,7.5,4
339(E1),I,D,-7.143,0,7,4
339(E1),I,E,-6.515,0,7.5,4
339(E1),I,F,-1.167,0.1727,6,4
339(E1),I,G,-7.157,0,6.75,4
339(E1),I,H,-6.376,0,8,4
339(E1),I,I,0,0,,4
339(E1),I,K,-7.075,0,7.5,4
339(E1),I,L,-1.225,2.097,6,4
339(E1),I,M,-0.8409,0.62,10.25,4
339(E1),I,N,-3.314,0.5953,10,4
339(E1),I,P,-2.614,0.1622,7.5,4
339(E1),I,Q,-4.832,0.6491,5.5,4
339(E1),I,R,-7.001,0,5.5,4
339(E1),I,S,-2.242,0.6966,6,4
339(E1),I,T,-0.2098,0.6581,7.5,4
339(E1),I,V,0.7884,1.577,7,4
339(E1),I,W,-4.128,0.3068,8.5,4
339(E1),I,Y,-7.051,0,4,4
339(E2),W,*,-6.72,0,25.5,4
339(E2),W,A,-6.037,0,5.5,4
339(E2),W,C,-6.691,0,8,4
339(E2),W,D,-6.673,0,4.5,4
339(E2),W,E,-6.188,0,6,4
339(E2),W,F,-1.832,0.3965,6.5,4
339(E2),W,G,-6.849,0,8,4
339(E2),W,H,-4.948,0.1429,8,4
339(E2),W,I,-6.827,0.0892,10.5,4
339(E2),W,K,-6.377,0,5.5,4
339(E2),W,L,-6.554,0,8.5,4
339(E2),W,M,-5.824,0,7.5,4
339(E2),W,N,-4.45,0.6844,3.5,4
339(E2),W,P,-6.242,0.042,7,4
339(E2),W,Q,-6.062,0,8,4
339(E2),W,R,-6.603,0,5.5,4
339(E2),W,S,-6.16,0.03854,3.5,4
339(E2),W,T,-4.692,0.04373,5,4
339(E2),W,V,-6.94,0,5.5,4
339(E2),W,W,0,0,,4
339(E2),W,Y,-0.9934,0.5115,7.5,4
34(6K),N,*,-7.354,0,13.75,4
34(6K),N,-,-0.4732,1.176,1.5,4
34(6K),N,A,-0.2995,1.309,8.5,4
34(6K),N,C,-0.4056,0.3334,8.5,4
34(6K),N,D,-0.446,2.265,10.5,4
34(6K),N,E,0.3866,1.128,8.25,4
34(6K),N,F,-0.8949,0.1313,10.5,4
34(6K),N,G,0.2234,0.5964,4.5,4
34(6K),N,H,1.066,1.61,10.5,4
34(6K),N,I,1.275,2.011,10,4
34(6K),N,K,1.057,0.9626,6,4
34(6K),N,L,1.269,0.3609,9.5,4
34(6K),N,M,-0.9342,1.108,8,4
34(6K),N,N,0,0,,4
34(6K),N,P,0.378,0.1852,9.75,4
34(6K),N,Q,-0.083,0.427,10.5,4
34(6K),N,R,-0.0435,1.344,9,4
34(6K),N,S,0.2482,1.019,9.5,4
34(6K),N,T,-1.454,0.4932,5,4
34(6K),N,V,-0.2298,0.8932,7.5,4
34(6K),N,W,-0.0679,0.4985,10.5,4
34(6K),N,Y,-0.121,1.328,10.5,4
34(E1),L,A,-0.7025,0.7499,8,4
34(E1),L,C,-1.214,0.6628,4,4
34(E1),L,D,-1.955,0.4577,8,4
34(E1),L,E,-1.308,1.051,7,4
34(E1),L,F,-0.1799,0.5393,7,4
34(E1),L,G,-2.663,0.194,7,4
34(E1),L,H,-0.4653,1.16,9,4
34(E1),L,I,-0.4294,1.417,10.25,4
34(E1),L,K,1.716,0.7252,8.5,4
34(E1),L,L,0,0,,4
34(E1),L,M,0.3041,0.2408,10,4
34(E1),L,N,-0.8273,0.3755,5.5,4
34(E1),L,P,-6.54,0,10,4
34(E1),L,Q,-0.8008,0.6164,6.5,4
34(E1),L,R,-0.5051,0.1213,9,4
34(E1),L,S,-1.573,0.3505,7,4
34(E1),L,T,0.1725,1.584,6.5,4
34(E1),L,V,-1.457,0.2319,7,4
34(E1),L,W,-2.402,0.5181,5.5,4
34(E1),L,Y,-1.027,0.7365,5.5,4
34(E2),L,-,-3.115,0.0365,0.5,2
34(E2),L,A,-5.918,0,6,4
34(E2),L,C,-5.647,0,8,4
34(E2),L,D,-5.001,0,5,4
34(E2),L,E,-7.005,0,9.5,4
34(E2),L,F,-3.252,0.2768,5.5,4
34(E2),L,G,-6.957,0,10,4
34(E2),L,H,-6.348,0,9.5,4
34(E2),L,I,-0.4722,0.3902,8,4
34(E2),L,K,-5.947,0,9.5,4
34(E2),L,L,0,0,,4
34(E2),L,M,-0.0723,1.026,7.25,4
34(E2),L,N,-5.691,0,9.5,4
34(E2),L,P,-6.431,0,18,4
34(E2),L,Q,-1.498,0.1686,7.5,4
34(E2),L,R,-6.168,0,7.5,4
34(E2),L,S,-6.109,0,7,4
34(E2),L,T,-2.375,0.3141,7,4
34(E2),L,V,-0.9816,0.8141,6.5,4
34(E2),L,W,-6.913,0,14.5,4
34(E2),L,Y,-6.845,0,9.5,4
34(E3),T,*,-7.053,0,10.5,4
34(E3),T,-,-3.689,1.712,2,4
34(E3),T,A,-0.1871,1.12,9.5,4
34(E3),T,C,-1.71,0.7034,7,4
34(E3),T,D,-1.923,1.184,7,4
34(E3),T,E,-3.039,0.528,7,4
34(E3),T,F,-5.035,0.3989,9,4
34(E3),T,G,-2.413,0.183,0.5,2
34(E3),T,H,-3.135,0.2128,11.5,4
34(E3),T,I,-0.8288,0.1026,14.5,4
34(E3),T,K,-5.964,0.002165,7,4
34(E3),T,L,-1.712,0.1141,7.5,4
34(E3),T,M,-1.637,1.05,7,4
34(E3),T,N,-2.053,0.5272,9.75,4
34(E3),T,P,-5.081,0.1182,9.5,4
34(E3),T,Q,-3.212,0.5328,10,4
34(E3),T,R,-4.427,0.1853,7,4
34(E3),T,S,-1.626,0.1254,4,4
34(E3),T,T,0,0,,4
34(E3),T,V,-0.9333,0.959,9.5,4
34(E3),T,W,-2.768,0.9285,8,4
34(E3),T,Y,-2.158,0.2043,8,4
340(E1),R,-,-0.8335,0.2745,2,4
340(E1),R,A,-1.414,0.5996,7,4
340(E1),R,C,-1.79,0.832,4,4
340(E1),R,D,-6.005,0.2524,7,4
340(E1),R,E,-3.453,0.2639,6,4
340(E1),R,F,-7.24,0,8,4
340(E1),R,G,-4.513,0.1006,5.5,4
340(E1),R,H,-2.564,0.6251,6,4
340(E1),R,I,-5.479,0,6.5,4
340(E1),R,K,1.855,1.148,3,4
340(E1),R,L,-1.14,0.5368,12.25,4
340(E1),R,M,-1.87,0.163,6.5,4
340(E1),R,N,-5.039,0,8,4
340(E1),R,P,-6.759,0,7.5,4
340(E1),R,Q,-0.5547,0.8153,33,4
340(E1),R,R,0,0,,4
340(E1),R,S,-2.387,0.2889,5,4
340(E1),R,T,-6.127,0,6,4
340(E1),R,V,-6.456,0,7,4
340(E1),R,W,-7.17,0,13.5,4
340(E1),R,Y,-4.063,0,4.5,4
340(E2),P,A,-0.6983,0.4333,3.5,4
340(E2),P,C,0.1148,1.4,2.5,4
340(E2),P,D,-2.56,0.326,5.5,4
340(E2),P,E,-5.276,0,5,4
340(E2),P,F,-2.618,0.7733,4.25,4
340(E2),P,G,-3.89,0.2876,4.25,4
340(E2),P,H,-2.305,0.3868,8.5,4
340(E2),P,I,-1.144,0.252,9.5,4
340(E2),P,K,-1.507,1.024,4.5,4
340(E2),P,L,1.121,0.2495,8,4
340(E2),P,M,-1.515,0.303,4.5,4
340(E2),P,N,0.9025,0.5401,4.75,4
340(E2),P,P,0,0,,4
340(E2),P,Q,-1.264,0.7162,4.5,4
340(E2),P,R,-0.9671,1.166,3,4
340(E2),P,S,-1.145,1.125,9,4
340(E2),P,T,-0.6608,0.5822,6.5,4
340(E2),P,V,-1.352,0.5792,5,4
340(E2),P,W,-3.487,0.4257,3.5,4
340(E2),P,Y,-0.2315,1.698,6,4
341(E1),E,*,-6.47,0,3.75,4
341(E1),E,-,-0.8348,0.3835,2,4
341(E1),E,A,-2.56,0.4972,5.5,4
341(E1),E,C,-4.768,0.2702,7.5,4
341(E1),E,D,-1.711,0.6073,11,4
341(E1),E,E,0,0,,4
341(E1),E,F,-6.686,0,10.75,4
341(E1),E,G,-2.823,0.2509,7.5,4
341(E1),E,H,-3.358,0.3727,7,4
341(E1),E,I,-4.439,0.2222,4,4
341(E1),E,K,-5.965,0,50.5,4
341(E1),E,L,-5.219,0,6.75,4
341(E1),E,M,-5.638,0,11,4
341(E1),E,N,-2.055,0.427,7.5,4
341(E1),E,P,-4.392,0.1628,11,4
341(E1),E,Q,-0.2275,0.387,8,4
341(E1),E,R,-3.495,0.09599,8.5,4
341(E1),E,S,-3.784,0.514,8.5,4
341(E1),E,T,-3.644,0.2298,5.5,4
341(E1),E,V,-3.728,0.4539,6.25,4
341(E1),E,W,-6.916,0,9.75,4
341(E1),E,Y,-6.523,0,6.5,4
341(E2),Q,*,-6.502,0,5,4
341(E2),Q,A,0.5194,0.8026,10.5,4
341(E2),Q,C,-1.632,0.4529,7.5,4
341(E2),Q,D,-3.496,0.2748,5.5,4
341(E2),Q,E,-0.6375,0.6939,3.5,4
341(E2),Q,F,-2.385,0.2955,8.25,4
341(E2),Q,G,-1.687,0.1065,2,2
341(E2),Q,H,-1.32,0.5242,7,4
341(E2),Q,I,2.769,1.63,4,4
341(E2),Q,K,-1.849,0.4545,13.5,4
341(E2),Q,L,1.78,0.32,4,4
341(E2),Q,M,0.2238,0.6171,9.5,4
341(E2),Q,N,0.1669,0.2524,5.5,4
341(E2),Q,P,-3.53,0.2556,8,4
341(E2),Q,Q,0,0,,4
341(E2),Q,R,-0.1335,0.2907,10.5,4
341(E2),Q,S,-0.1811,1.147,7.5,4
341(E2),Q,T,1.606,0.4109,8.5,4
341(E2),Q,V,0.7433,0.3249,5.5,4
341(E2),Q,W,-2.064,0.3116,8.25,4
341(E2),Q,Y,-1.851,0.4497,8,4
342(E1),A,-,-0.6528,0.3754,1.5,4
342(E1),A,A,0,0,,4
342(E1),A,C,-0.8909,0.4109,4,4
342(E1),A,D,-3.031,0.4832,6.25,4
342(E1),A,E,-6.017,0,3.5,4
342(E1),A,F,-1.625,0.3969,4,4
342(E1),A,G,-0.7173,1.309,5.5,4
342(E1),A,H,-0.8561,0.8575,8,4
342(E1),A,I,-0.4825,0.6185,5.5,4
342(E1),A,K,-3.678,1.555,3.75,4
342(E1),A,L,0.05252,0.4778,6.5,4
342(E1),A,M,-1.417,1.856,5,4
342(E1),A,N,-0.656,0.742,4,4
342(E1),A,P,3.086,1.813,7.5,4
342(E1),A,Q,-4.139,0.359,3.75,4
342(E1),A,R,-6.78,0,3,4
342(E1),A,S,0.046,0.3268,5,4
342(E1),A,T,-0.05065,1.006,11.5,4
342(E1),A,V,-0.5806,0.3909,28.25,4
342(E1),A,W,-1.001,0.5626,7.5,4
342(E1),A,Y,0.6372,0.9386,7.5,4
342(E2),L,A,2.215,3.698,6.5,4
342(E2),L,C,-0.6971,0.5178,5,4
342(E2),L,D,-0.5783,0.3946,5,4
342(E2),L,E,-0.5681,1.086,5,4
342(E2),L,F,-0.7109,0.4284,6.5,4
342(E2),L,G,0.5326,0.5036,5,4
342(E2),L,H,0.3924,1.366,5,4
342(E2),L,I,-0.0142,0.3259,7.5,4
342(E2),L,K,-0.37,0.1439,8,4
342(E2),L,L,0,0,,4
342(E2),L,M,0.3516,1.341,14,4
342(E2),L,N,-3.293,0.1865,5.5,4
342(E2),L,P,0.2231,0.3803,5.25,4
342(E2),L,Q,-0.5557,1.682,7,4
342(E2),L,R,0.7335,1.119,4.5,4
342(E2),L,S,0.7402,0.2812,7.5,4
342(E2),L,T,1.473,0.9777,5.5,4
342(E2),L,V,-0.0123,0.5193,8,4
342(E2),L,W,-0.257,0.5187,10.5,4
342(E2),L,Y,0.4385,1.433,5.5,4
343(E1),E,*,-5.787,0,6,4
343(E1),E,-,-1.949,1.282,1.5,4
343(E1),E,A,-1.082,0.09962,9.5,4
343(E1),E,C,-1.382,0.1699,9.5,4
343(E1),E,D,-0.504,0.1275,12.5,4
343(E1),E,E,0,0,,4
343(E1),E,F,0.4913,0.6967,4.5,4
343(E1),E,G,0.6165,2.414,7.5,4
343(E1),E,H,-1.807,0.3788,8,4
343(E1),E,I,-1.421,0.1809,8,4
343(E1),E,K,-3.089,0.08123,21.5,4
343(E1),E,L,-1.639,0.462,8,4
343(E1),E,M,-0.3842,0.1161,6,4
343(E1),E,N,0.4371,0.5888,10.5,4
343(E1),E,P,-6.147,0,5.5,4
343(E1),E,Q,-0.7847,0.7258,3.5,4
343(E1),E,R,-1.119,0.772,4,4
343(E1),E,S,0.2474,0.693,5.5,4
343(E1),E,T,-0.8711,0.8622,7,4
343(E1),E,V,-0.3069,0.6542,10.5,4
343(E1),E,W,-0.4562,0.2186,7,4
343(E1),E,Y,-0.2664,0.7261,7,4
343(E2),S,A,-1.168,0.3906,7,4
343(E2),S,C,-2.143,0.2117,7.5,4
343(E2),S,D,-0.981,0.2623,2.5,4
343(E2),S,E,-0.2457,1.13,5.5,4
343(E2),S,F,-1.05,0.293,9,4
343(E2),S,G,-0.4063,0.4395,6,4
343(E2),S,H,-0.4645,0.4258,5.5,4
343(E2),S,I,-0.08805,0.5291,3,4
343(E2),S,K,-0.8704,0.387,6.5,4
343(E2),S,L,-1.734,0.5775,5.5,4
343(E2),S,M,-1.099,0.2836,5,4
343(E2),S,N,0.03455,1.072,5,4
343(E2),S,P,-0.7283,0.2387,14.5,4
343(E2),S,Q,-0.9035,0.4926,5.5,4
343(E2),S,R,-0.5372,1.136,8.5,4
343(E2),S,S,0,0,,4
343(E2),S,T,-0.2863,0.4037,8,4
343(E2),S,V,1.261,0.759,8.5,4
343(E2),S,W,-0.764,1.477,8,4
343(E2),S,Y,-1.069,0.2695,6.5,4
344(E1),I,-,-1.245,1.783,2,4
344(E1),I,A,-0.6435,0.7033,5.5,4
344(E1),I,C,-0.1952,0.2956,6.5,4
344(E1),I,D,0.2009,0.3361,7.5,4
344(E1),I,E,-0.8217,0.5335,9,4
344(E1),I,F,-1.063,0.2728,6.5,4
344(E1),I,G,0.01405,1.669,5,4
344(E1),I,H,-0.6989,0.9354,4,4
344(E1),I,I,0,0,,4
344(E1),I,K,-1.243,0.6634,5,4
344(E1),I,L,-0.1365,0.9491,4,4
344(E1),I,M,-0.1827,0.8389,3.5,4
344(E1),I,N,-0.0908,1.275,6.5,4
344(E1),I,P,-2.929,0.7311,6,4
344(E1),I,Q,0.5239,0.9107,5.5,4
344(E1),I,R,-1.958,0.8621,2.5,4
344(E1),I,S,1.289,0.8826,5.25,4
344(E1),I,T,0.5968,1.334,6,4
344(E1),I,V,0.3874,0.3304,10.5,4
344(E1),I,W,-0.6906,1.249,4,4
344(E1),I,Y,-2.261,0.4386,5.75,4
344(E2),T,-,-3.928,0.0305,0.5,2
344(E2),T,A,1.516,0.8649,7.5,4
344(E2),T,C,-1.833,0.2726,7.5,4
344(E2),T,D,-1.117,0.1031,6.5,4
344(E2),T,E,-0.9173,0.2045,5.5,4
344(E2),T,F,-0.1783,0.8327,2.75,4
344(E2),T,G,0.6185,1.64,4.5,4
344(E2),T,H,2.246,2.385,3.5,4
344(E2),T,I,0.08225,0.8523,11.5,4
344(E2),T,K,-0.1767,0.5664,6,4
344(E2),T,L,-0.2003,0.4964,5,4
344(E2),T,M,0.9246,1.012,5.5,4
344(E2),T,N,0.625,0.6781,8.5,4
344(E2),T,P,-0.1536,0.3069,7.25,4
344(E2),T,Q,0.1689,0.5365,6.5,4
344(E2),T,R,1.859,2.661,4.5,4
344(E2),T,S,1.484,1.518,4,4
344(E2),T,T,0,0,,4
344(E2),T,V,0.391,0.3773,5,4
344(E2),T,W,-0.8618,0.8901,4,4
344(E2),T,Y,0.1582,0.1797,6.5,4
345(E1),E,*,-7.112,0,8.5,4
345(E1),E,-,-0.2948,0.5576,1,4
345(E1),E,A,-0.1613,0.5984,9.5,4
345(E1),E,C,-0.5042,0.3141,6.25,4
345(E1),E,D,-0.1667,0.3493,9.5,4
345(E1),E,E,0,0,,4
345(E1),E,F,1.338,1.9,10,4
345(E1),E,G,0.3379,0.6215,13,4
345(E1),E,H,0.3955,0.6294,9.5,4
345(E1),E,I,0.581,0.5502,7,4
345(E1),E,K,0.07648,0.9294,36.75,4
345(E1),E,L,1.643,1.326,7,4
345(E1),E,M,-0.5615,1.458,9,4
345(E1),E,N,-0.6896,0.1206,8,4
345(E1),E,P,0.5122,0.6335,7.5,4
345(E1),E,Q,0.8027,0.5359,7,4
345(E1),E,R,-0.8292,0.4308,8,4
345(E1),E,S,-2.17,0.8379,8.5,4
345(E1),E,T,1.349,0.8939,9,4
345(E1),E,V,1.034,2.008,10,4
345(E1),E,W,0.7468,1.058,12.25,4
345(E1),E,Y,-1.002,1.514,10,4
345(E2),N,A,0.7448,0.4019,4.5,4
345(E2),N,C,-2.254,0.1802,6,4
345(E2),N,D,2.079,2.355,6,4
345(E2),N,E,1.661,1.013,10,4
345(E2),N,F,0.07205,0.7544,6,4
345(E2),N,G,1.708,2.705,3.5,4
345(E2),N,H,-0.8059,1.146,3.5,4
345(E2),N,I,-0.2911,0.04687,4.5,4
345(E2),N,K,-0.2675,0.4688,6.5,4
345(E2),N,L,0.1053,0.5679,7,4
345(E2),N,M,0.2247,0.417,9,4
345(E2),N,N,0,0,,4
345(E2),N,P,0.2742,0.5447,8,4
345(E2),N,Q,1.921,1.07,3,4
345(E2),N,R,-0.5157,0.3391,3,4
345(E2),N,S,0.2176,0.6708,9,4
345(E2),N,T,0.3327,0.4293,8,4
345(E2),N,V,0.442,0.5731,1.5,4
345(E2),N,W,0.02929,0.1662,5,4
345(E2),N,Y,1.059,0.8419,8,4
346(E1),V,-,-0.01787,0.2876,1,4
346(E1),V,A,-1.488,1.05,9.25,4
346(E1),V,C,0.2875,1.87,4.5,4
346(E1),V,D,-6.878,0,8.5,4
346(E1),V,E,-6.816,0,6,4
346(E1),V,F,-3.865,0.2052,9.5,4
346(E1),V,G,-7.301,0,5.75,4
346(E1),V,H,-6.828,0,7,4
346(E1),V,I,0.5645,1.242,7.5,4
346(E1),V,K,-7.697,0,4,4
346(E1),V,L,-1.393,0.2766,7.5,4
346(E1),V,M,-2.04,0.19,13,4
346(E1),V,N,-6.687,0,5,4
346(E1),V,P,-4.246,0.08342,8,4
346(E1),V,Q,-7.334,0,8,4
346(E1),V,R,-6.095,0,7.5,4
346(E1),V,S,-4.737,0,7.5,4
346(E1),V,T,-1.885,0.6954,8.25,4
346(E1),V,V,0,0,,4
346(E1),V,W,-6.783,0,5.5,4
346(E1),V,Y,-7.258,0,7.5,4
346(E2),G,A,0.1153,0.284,7.5,4
346(E2),G,C,-2.275,0.07288,9,4
346(E2),G,D,-0.439,0.2982,52.25,4
346(E2),G,E,-1.336,0.07456,6,4
346(E2),G,F,0.2237,0.5902,6.5,4
346(E2),G,G,0,0,,4
346(E2),G,H,-0.255,0.983,9,4
346(E2),G,I,1.217,0.5968,3.25,4
346(E2),G,K,-0.5899,0.6863,5.75,4
346(E2),G,L,-0.1863,0.1427,3.5,2
346(E2),G,M,-0.1426,2.206,4,4
346(E2),G,N,2.075,1.425,7,4
346(E2),G,P,-0.01413,0.1969,4,4
346(E2),G,Q,-0.4889,1.17,7,4
346(E2),G,R,1.274,0.7804,5,4
346(E2),G,S,0.7773,0.3117,12,4
346(E2),G,T,0.3373,0.2127,9.5,4
346(E2),G,V,-0.1051,0.6531,8,4
346(E2),G,W,2.234,0.4416,4.5,4
346(E2),G,Y,2.466,0.8548,10,4
347(E1),E,*,-7.074,0,3.5,4
347(E1),E,-,-0.2701,0.4409,1,4
347(E1),E,A,-1.441,0.4007,8,4
347(E1),E,C,-0.02645,3.413,7,4
347(E1),E,D,0.1523,0.7548,16,4
347(E1),E,E,0,0,,4
347(E1),E,F,-1.146,0.3207,10,4
347(E1),E,G,-0.4974,1.001,14.5,4
347(E1),E,H,-0.1832,0.7712,9,4
347(E1),E,I,0.9161,0.9313,10,4
347(E1),E,K,0.3036,0.2709,48,4
347(E1),E,L,-0.5302,1.034,6.5,4
347(E1),E,M,0.2505,0.4738,7,4
347(E1),E,N,-1.198,1.151,9.5,4
347(E1),E,P,-0.2341,0.8338,7.5,4
347(E1),E,Q,0.6936,0.5023,6.75,4
347(E1),E,R,-1.3,0.2603,9,4
347(E1),E,S,-0.7253,0.7843,7,4
347(E1),E,T,1.439,2.328,9.5,4
347(E1),E,V,-0.5507,1.278,9,4
347(E1),E,W,-0.9783,0.9868,6,4
347(E1),E,Y,0.3461,0.8304,6.75,4
347(E2),T,A,0.6913,0.3325,9,4
347(E2),T,C,-2.461,0.6492,8,4
347(E2),T,D,-0.8464,0.3001,5,4
347(E2),T,E,-0.08145,0.4122,5.5,4
347(E2),T,F,1.387,0.8981,4,4
347(E2),T,G,-0.7116,1.681,6,4
347(E2),T,H,0.5531,0.3962,8,4
347(E2),T,I,0.7117,0.9411,16.5,4
347(E2),T,K,-0.212,0.9045,8.5,4
347(E2),T,L,0.2264,1.554,5,4
347(E2),T,M,2.794,0.8633,4,4
347(E2),T,N,0.3963,0.7032,6,4
347(E2),T,P,0.3919,0.6415,8,4
347(E2),T,Q,-1.059,0.6058,4,4
347(E2),T,R,0.9039,0.7207,5.5,4
347(E2),T,S,-0.7441,0.4708,7.5,4
347(E2),T,T,0,0,,4
347(E2),T,V,1.665,0.4384,7,4
347(E2),T,W,1.693,0.9561,10.5,4
347(E2),T,Y,1.966,1.126,2.5,4
348(E1),G,-,-0.6091,0.5923,1,4
348(E1),G,A,0.116,1.834,6.25,4
348(E1),G,C,-3.691,0.2747,10.5,4
348(E1),G,D,-0.6745,0.4342,33.75,4
348(E1),G,E,-0.9224,2.23,5,4
348(E1),G,F,0.3363,0.4019,9,4
348(E1),G,G,0,0,,4
348(E1),G,H,-0.4061,0.3899,9.25,4
348(E1),G,I,-0.4533,0.5039,5.5,4
348(E1),G,K,1.326,1.185,5.5,4
348(E1),G,L,0.037,1.246,8.5,4
348(E1),G,M,-0.06629,0.2515,6,4
348(E1),G,N,-0.7369,0.7607,6.5,4
348(E1),G,P,-0.8579,0.2877,6.75,4
348(E1),G,Q,-0.5751,0.2299,9.5,4
348(E1),G,R,0.303,0.3266,8.5,4
348(E1),G,S,0.4148,1.343,18,4
348(E1),G,T,-1.022,0.7096,5.75,4
348(E1),G,V,-1.719,0.7756,10,4
348(E1),G,W,-0.8325,0.503,6.5,4
348(E1),G,Y,1.88,1.548,8.5,4
348(E2),A,A,0,0,,4
348(E2),A,C,-3.625,0.2779,4.5,4
348(E2),A,D,-0.9838,0.4802,7.5,4
348(E2),A,E,-0.9452,0.7088,4.25,4
348(E2),A,F,0.4856,0.4952,5,4
348(E2),A,G,-0.3929,0.8454,7.5,4
348(E2),A,H,0.6679,0.4673,5,4
348(E2),A,I,0.04735,1.223,6,4
348(E2),A,K,0.5739,0.3888,7.75,4
348(E2),A,L,1.357,0.3341,6,4
348(E2),A,M,0.7787,1.099,4,4
348(E2),A,N,-0.09481,0.8168,8,4
348(E2),A,P,0.6081,0.3289,9.5,4
348(E2),A,Q,0.6883,0.3548,5.5,4
348(E2),A,R,-0.2544,0.7696,7.75,4
348(E2),A,S,-0.2,0.1276,14,4
348(E2),A,T,0.1702,0.1391,19,4
348(E2),A,V,-0.1513,0.2899,17,4
348(E2),A,W,2.995,0.618,2.5,4
348(E2),A,Y,1.074,2.188,4,4
349(E1),N,-,-0.3064,0.3639,1.5,4
349(E1),N,A,-0.0114,0.5921,5,4
349(E1),N,C,-1.686,1.182,6,4
349(E1),N,D,0.7287,0.2625,10,4
349(E1),N,E,0.1743,0.3456,6,4
349(E1),N,F,0.1993,0.834,7.25,4
349(E1),N,G,-1.272,0.3182,7.25,4
349(E1),N,H,-0.6366,1.024,7.5,4
349(E1),N,I,0.1494,1.599,4,4
349(E1),N,K,0.7913,0.2421,16,4
349(E1),N,L,2.641,0.1715,5.5,4
349(E1),N,M,0.9488,0.2328,6,4
349(E1),N,N,0,0,,4
349(E1),N,P,-0.9712,0.8126,7.75,4
349(E1),N,Q,0.9874,0.3311,6,4
349(E1),N,R,0.6696,1.323,7.5,4
349(E1),N,S,-0.03521,0.5902,11.75,4
349(E1),N,T,2.808,2.121,5.5,4
349(E1),N,V,-0.531,2.842,7,4
349(E1),N,W,-1.055,1.1,4,4
349(E1),N,Y,1.665,1.047,6,4
349(E2),H,-,-0.2483,0.2049,0.5,2
349(E2),H,A,-0.5796,0.6249,5,4
349(E2),H,C,-3.006,0.305,5,4
349(E2),H,D,-0.4672,1.24,6,4
349(E2),H,E,-1.011,0.192,5.5,4
349(E2),H,F,-0.124,0.8606,10,4
349(E2),H,G,-0.4814,0.4567,5.5,4
349(E2),H,H,0,0,,4
349(E2),H,I,0.1708,0.4661,8.5,4
349(E2),H,K,0.09785,0.7483,6.5,4
349(E2),H,L,-0.03668,0.5172,6,4
349(E2),H,M,-0.4484,0.1631,6,4
349(E2),H,N,-0.7577,0.3379,10.5,4
349(E2),H,P,2.18,0.7349,7,4
349(E2),H,Q,-0.0565,0.898,13,4
349(E2),H,R,-0.1396,1.094,6,4
349(E2),H,S,-0.3548,0.5712,7,4
349(E2),H,T,-0.02996,0.2242,10,4
349(E2),H,V,1.497,1.522,6.5,4
349(E2),H,W,-0.8005,0.2766,6.5,4
349(E2),H,Y,-0.2028,0.8094,9,4
35(6K),C,*,-7.845,0,1.5,2
35(6K),C,-,-0.3313,0.9595,1,4
35(6K),C,A,-0.06406,0.552,8,4
35(6K),C,C,0,0,,4
35(6K),C,D,-0.0243,1.493,8,4
35(6K),C,E,-0.6619,0.133,7.5,4
35(6K),C,F,2.003,1.491,10,4
35(6K),C,G,1.796,1.622,7,4
35(6K),C,H,2.163,1.289,5.25,4
35(6K),C,I,-1.177,0.5383,6.5,4
35(6K),C,K,0.01738,0.706,8.5,4
35(6K),C,L,-0.5086,0.1518,11.5,4
35(6K),C,M,-0.05075,0.5752,9,4
35(6K),C,N,0.6641,1.418,10.25,4
35(6K),C,P,-0.6353,1.774,5.5,4
35(6K),C,Q,0.3844,0.7589,9.5,4
35(6K),C,R,0.4213,1.149,5.5,4
35(6K),C,S,0.227,0.5846,12,4
35(6K),C,T,0.2639,0.8567,9,4
35(6K),C,V,0.4767,0.5368,7,4
35(6K),C,W,0.2399,0.4671,9.5,4
35(6K),C,Y,-0.9929,0.6365,17.25,4
35(E1),S,-,-2.247,0.844,0.5,2
35(E1),S,A,1.44,0.5321,9.5,4
35(E1),S,C,-1.541,0.3743,7.75,4
35(E1),S,D,-1.155,0.8544,8.5,4
35(E1),S,E,-1.603,0.6027,6.5,4
35(E1),S,F,-1.436,0.3477,10.5,4
35(E1),S,G,-0.5546,1.423,7,4
35(E1),S,H,0.7982,1.03,10,4
35(E1),S,I,0.543,0.6689,6,4
35(E1),S,K,0.5752,0.5926,6.5,4
35(E1),S,L,-0.819,0.1652,5,4
35(E1),S,M,1.635,0.446,4,4
35(E1),S,N,0.8289,0.9964,6.5,4
35(E1),S,P,-7.592,0,10,4
35(E1),S,Q,0.7177,0.3179,4.5,4
35(E1),S,R,-0.2095,1.36,7,4
35(E1),S,S,0,0,,4
35(E1),S,T,-0.7148,0.6168,12.5,4
35(E1),S,V,2.075,0.8118,4,4
35(E1),S,W,2.968,1.844,6.5,4
35(E1),S,Y,-0.2188,0.6521,11.5,4
35(E2),E,*,-5.169,0,5.5,4
35(E2),E,-,-2.069,1.177,1,4
35(E2),E,A,-4.288,0.3051,6.5,4
35(E2),E,C,-6.798,0,11.75,4
35(E2),E,D,-5.281,0,10,4
35(E2),E,E,0,0,,4
35(E2),E,F,-6.434,0,8.5,4
35(E2),E,G,-5.677,0,14,4
35(E2),E,H,-6.167,0,8,4
35(E2),E,I,-6.319,0,8.25,4
35(E2),E,K,-6.265,0,36.5,4
35(E2),E,L,-5.446,0,11,4
35(E2),E,M,-6.213,0.04503,5.5,4
35(E2),E,N,-6.06,0,6.5,4
35(E2),E,P,-5.863,0,9.5,4
35(E2),E,Q,-5.114,0,11,4
35(E2),E,R,-6.246,0,8.5,4
35(E2),E,S,-6.564,0,6.5,4
35(E2),E,T,-6.226,0,10.5,4
35(E2),E,V,-6.396,0,5,4
35(E2),E,W,-7.778,0,5.25,4
35(E2),E,Y,-6.42,0,5,4
35(E3),L,-,-1.968,0.004,1.5,2
35(E3),L,A,-2.917,0.459,9,4
35(E3),L,C,-1.744,0.1956,9.5,4
35(E3),L,D,-6.373,0,6,4
35(E3),L,E,-3.282,0.4904,3.5,4
35(E3),L,F,-2.526,0.1349,15,4
35(E3),L,G,-6.331,0,7.5,4
35(E3),L,H,-4.582,0.6707,4.5,4
35(E3),L,I,0.2358,1.579,7.5,4
35(E3),L,K,-4.357,0.06235,8,4
35(E3),L,L,0,0,,4
35(E3),L,M,-0.9863,0.4384,11.5,4
35(E3),L,N,-3.969,0.2292,6.5,4
35(E3),L,P,-5.391,0,9.5,4
35(E3),L,Q,-3.571,0.3555,12,4
35(E3),L,R,-4.721,0.3834,9.25,4
35(E3),L,S,-3.339,0.4316,6.5,4
35(E3),L,T,-2.784,0.6575,7.25,4
35(E3),L,V,-2.182,1.019,8.5,4
35(E3),L,W,-4.125,0.1798,9,4
35(E3),L,Y,-3.208,0.1272,12.5,4
350(E1),S,-,-0.2812,0.2368,1,4
350(E1),S,A,0.6425,1.133,9.5,4
350(E1),S,C,-2.583,0.3,8.5,4
350(E1),S,D,1.633,1.494,7.5,4
350(E1),S,E,-1.401,0.5527,8,4
350(E1),S,F,-2.108,1.468,3.75,4
350(E1),S,G,0.783,0.7689,9,4
350(E1),S,H,-0.2339,1.18,9,4
350(E1),S,I,-1.633,0.5289,12,4
350(E1),S,K,2.331,2.319,7.5,4
350(E1),S,L,-0.9207,0.359,7,4
350(E1),S,M,-0.1972,1.383,7,4
350(E1),S,N,0.003395,0.223,20.5,4
350(E1),S,P,0.528,2.285,4,4
350(E1),S,Q,-1.006,1.979,7.75,4
350(E1),S,R,-1.016,2.138,13.5,4
350(E1),S,S,0,0,,4
350(E1),S,T,-0.773,1.494,7,4
350(E1),S,V,-1.445,0.1808,6.5,4
350(E1),S,W,-3.718,0.2246,8.5,4
350(E1),S,Y,0.2195,0.6605,9,4
350(E2),G,*,-6.333,0,6,4
350(E2),G,-,-0.4959,0.3196,0.5,2
350(E2),G,A,1.639,0.5313,8,4
350(E2),G,C,-2.84,0.5948,6,4
350(E2),G,D,-1.337,1.141,7.5,4
350(E2),G,E,-0.2321,0.5236,16,4
350(E2),G,F,1.107,0.1292,10.5,4
350(E2),G,G,0,0,,4
350(E2),G,H,0.6194,0.1914,9,4
350(E2),G,I,1.219,0.6779,9,4
350(E2),G,K,1.772,0.3795,7.5,4
350(E2),G,L,2.51,1.205,6.5,4
350(E2),G,M,0.8959,1.193,5.5,4
350(E2),G,N,1.097,0.7998,9.5,4
350(E2),G,P,1.847,1.395,4.5,4
350(E2),G,Q,-0.5382,1.086,4.5,4
350(E2),G,R,0.2939,0.4739,19.5,4
350(E2),G,S,-0.1395,0.3058,8.5,4
350(E2),G,T,0.6223,0.2969,7.5,4
350(E2),G,V,1.459,0.8198,9,4
350(E2),G,W,0.3748,0.5238,6.5,4
350(E2),G,Y,2.39,0.3508,4.5,4
351(E1),Q,*,-6.017,0,4.5,4
351(E1),Q,-,-0.4095,0.4995,1,4
351(E1),Q,A,2.68,1.379,8,4
351(E1),Q,C,-1.66,0.6807,8.5,4
351(E1),Q,D,1.612,3.476,7.5,4
351(E1),Q,E,-1.092,0.5488,7,4
351(E1),Q,F,-0.0974,0.2686,9.5,4
351(E1),Q,G,0.2378,0.8045,7,4
351(E1),Q,H,1.022,1.445,7.5,4
351(E1),Q,I,3.962,0.993,4,4
351(E1),Q,K,0.6285,0.5663,9.5,4
351(E1),Q,L,1.27,1.35,8.5,4
351(E1),Q,M,-0.0703,1.594,5,4
351(E1),Q,N,-0.3672,0.2894,6,4
351(E1),Q,P,-0.9648,0.8508,4,4
351(E1),Q,Q,0,0,,4
351(E1),Q,R,-0.5478,0.8746,7.5,4
351(E1),Q,S,-1.665,0.5727,6.5,4
351(E1),Q,T,-1.444,0.5781,5.5,4
351(E1),Q,V,-1.167,0.2661,10.5,4
351(E1),Q,W,0.3186,0.5025,4,4
351(E1),Q,Y,-0.1756,0.3368,6,4
351(E2),H,-,0.719,0.663,0.5,2
351(E2),H,A,1.779,1.484,3.5,4
351(E2),H,C,-3.432,0.4052,5,4
351(E2),H,D,-1.051,0.4093,7.5,4
351(E2),H,E,-1.327,0.1075,8.5,4
351(E2),H,F,1.404,0.9081,7.5,4
351(E2),H,G,-0.1009,1.297,6.5,4
351(E2),H,H,0,0,,4
351(E2),H,I,-1.088,3.72,2.75,4
351(E2),H,K,0.9688,0.3616,5.5,4
351(E2),H,L,1.649,1.101,5,4
351(E2),H,M,0.4113,1.113,4.5,4
351(E2),H,N,-0.4658,0.1079,6.5,4
351(E2),H,P,-1.556,0.3018,8.5,4
351(E2),H,Q,0.02125,0.5886,9,4
351(E2),H,R,-0.2572,0.6311,7.5,4
351(E2),H,S,0.8143,0.8153,4,4
351(E2),H,T,0.0475,0.7231,6,4
351(E2),H,V,-1.202,0.5815,6,4
351(E2),H,W,2.841,1.178,3.5,4
351(E2),H,Y,2.346,1.222,9,4
352(E1),L,*,-6.484,0,0.5,2
352(E1),L,-,-1.03,0.405,1.5,4
352(E1),L,A,0.03867,0.6917,5.5,4
352(E1),L,C,-0.3056,1.765,5.5,4
352(E1),L,D,-0.4265,0.7153,6.5,4
352(E1),L,E,-0.912,1.281,5.5,4
352(E1),L,F,0.6218,0.185,12.5,4
352(E1),L,G,-2.424,0.3607,3,4
352(E1),L,H,-0.4107,1.382,10.5,4
352(E1),L,I,-0.5866,1.268,4,4
352(E1),L,K,-0.361,0.3788,4,4
352(E1),L,L,0,0,,4
352(E1),L,M,0.1045,0.1758,10.5,4
352(E1),L,N,0.5795,1.28,3,4
352(E1),L,P,-3.393,0.4018,11.5,4
352(E1),L,Q,-0.5066,0.8172,9.5,4
352(E1),L,R,-0.04303,0.5474,8,4
352(E1),L,S,-0.4784,1.745,5.5,4
352(E1),L,T,-0.5353,1.546,4.5,4
352(E1),L,V,1.732,1.541,10.5,4
352(E1),L,W,0.1671,0.3214,5,4
352(E1),L,Y,-0.7906,0.373,7.5,4
352(E2),P,A,1.065,0.8683,8,4
352(E2),P,C,-5.262,0,8.5,4
352(E2),P,D,-2.569,0.498,2,4
352(E2),P,E,-2.148,0.2343,6.5,4
352(E2),P,F,1.846,0.7175,4.5,4
352(E2),P,G,-1.736,0.2078,7.5,4
352(E2),P,H,-2.381,0.1944,13.75,4
352(E2),P,I,2.774,0.8243,5,4
352(E2),P,K,-2.618,0.2587,7,4
352(E2),P,L,1.593,1.76,7.5,4
352(E2),P,M,0.2525,0.6383,6.5,4
352(E2),P,N,-2.05,0.1852,6,4
352(E2),P,P,0,0,,4
352(E2),P,Q,-2.185,0.2788,5.25,4
352(E2),P,R,-2.79,0.5935,6.5,4
352(E2),P,S,-1.731,0.4198,7.5,4
352(E2),P,T,-1.774,0.2499,4,4
352(E2),P,V,-1.22,0.7452,3.5,4
352(E2),P,W,0.9694,0.5201,2.5,4
352(E2),P,Y,-0.8028,0.3236,5,4
353(E1),Q,*,-5.248,0.4278,7.5,4
353(E1),Q,-,-1.188,1.412,1.5,4
353(E1),Q,A,-0.9105,0.3167,4.5,4
353(E1),Q,C,-1.671,0.6474,5,4
353(E1),Q,D,-1.397,0.4635,5.5,4
353(E1),Q,E,-2.076,0.3443,5,4
353(E1),Q,F,0.7237,1.32,5,4
353(E1),Q,G,0.3118,1.234,4,4
353(E1),Q,H,-0.8873,0.8573,10.5,4
353(E1),Q,I,0.4037,0.8189,8.5,4
353(E1),Q,K,-2.051,0.09332,5,4
353(E1),Q,L,-1.385,0.5485,5.25,4
353(E1),Q,M,-0.8246,0.8351,6.5,4
353(E1),Q,N,-1.959,1.256,6,4
353(E1),Q,P,-0.3266,0.6054,5.5,4
353(E1),Q,Q,0,0,,4
353(E1),Q,R,-1.292,0.3204,10.5,4
353(E1),Q,S,0.3687,0.4341,8,4
353(E1),Q,T,0.9003,1.045,5.5,4
353(E1),Q,V,1.985,1.202,7,4
353(E1),Q,W,-0.6452,0.2297,4.5,4
353(E1),Q,Y,-1.369,0.4125,5.5,4
353(E2),H,A,0.08844,0.725,9.5,4
353(E2),H,C,-2.274,0.3171,6.75,4
353(E2),H,D,-2.663,0.8478,4.5,4
353(E2),H,E,-1.28,1.539,5,4
353(E2),H,F,1.301,0.8481,5.25,4
353(E2),H,G,0.8875,2.296,4.5,4
353(E2),H,H,0,0,,4
353(E2),H,I,0.5063,0.9408,6.5,4
353(E2),H,K,0.03475,1.262,4,4
353(E2),H,L,0.8266,0.4976,9.5,4
353(E2),H,M,0.4552,0.4424,6.75,4
353(E2),H,N,-1.5,0.1311,9,4
353(E2),H,P,-1.878,0.2811,8.5,4
353(E2),H,Q,-1.608,0.5737,10,4
353(E2),H,R,-0.7986,0.1673,7,4
353(E2),H,S,-0.1085,0.75,5.5,4
353(E2),H,T,-1.052,0.2586,2.5,4
353(E2),H,V,-0.1667,0.7641,4.5,4
353(E2),H,W,1.039,0.9741,5.5,4
353(E2),H,Y,1.094,0.8425,9,4
354(E1),I,-,-0.8675,0.06655,0.5,2
354(E1),I,A,-0.1889,0.5602,11.75,4
354(E1),I,C,0.3595,1.095,6.5,4
354(E1),I,D,-6.739,0,4.5,4
354(E1),I,E,-7.042,0,5,4
354(E1),I,F,0.5314,1.96,9.25,4
354(E1),I,G,-6.854,0,3.5,4
354(E1),I,H,-7.798,0,7,4
354(E1),I,I,0,0,,4
354(E1),I,K,-6.739,0,5,4
354(E1),I,L,-0.1207,1.204,6,4
354(E1),I,M,-1.675,0.7114,4.5,4
354(E1),I,N,-7.134,0,13.5,4
354(E1),I,P,-6.684,0,5,4
354(E1),I,Q,-6.967,0,4,4
354(E1),I,R,-6.159,0.3434,5,4
354(E1),I,S,-3.916,0.5775,8.5,4
354(E1),I,T,-1.534,0.2703,9,4
354(E1),I,V,0.2167,0.6296,5.5,4
354(E1),I,W,-7.013,0,5,4
354(E1),I,Y,-3.902,0.4341,4.75,4
354(E2),E,*,-7.245,0,6,4
354(E2),E,A,-1.054,0.174,8.5,4
354(E2),E,C,-3.402,0.4761,4,4
354(E2),E,D,0.4867,0.5588,12.5,4
354(E2),E,E,0,0,,4
354(E2),E,F,-2.913,0.5491,7,4
354(E2),E,G,-1.515,0.2419,8.5,4
354(E2),E,H,-1.797,0.4437,8,4
354(E2),E,I,-5.206,0,7,4
354(E2),E,K,-1.377,0.1517,10.75,4
354(E2),E,L,-2.269,0.1806,8,4
354(E2),E,M,-2.288,0.2203,5.5,4
354(E2),E,N,-0.8214,0.3982,7,4
354(E2),E,P,-2.394,0.3624,7,4
354(E2),E,Q,-0.7868,0.08767,7,4
354(E2),E,R,-1.031,0.7565,6,4
354(E2),E,S,-0.3617,0.3978,6.5,4
354(E2),E,T,-2.139,0.6243,5,4
354(E2),E,V,-5.847,0,5.5,4
354(E2),E,W,-0.3644,0.5765,5.5,4
354(E2),E,Y,-2.788,0.6278,6.5,4
355(E1),S,-,-0.9052,0.8033,1,4
355(E1),S,A,-0.0415,1.533,2,4
355(E1),S,C,-1.238,0.2777,8,4
355(E1),S,D,1.346,2.486,5.5,4
355(E1),S,E,-0.6738,0.2597,5.5,4
355(E1),S,F,-0.1685,1.715,7.75,4
355(E1),S,G,0.443,2.025,8,4
355(E1),S,H,-1.166,0.651,4,4
355(E1),S,I,-0.8361,1.171,5.5,4
355(E1),S,K,-1.202,0.7542,3.5,4
355(E1),S,L,1.025,0.6416,7,4
355(E1),S,M,-0.5676,0.9504,5,4
355(E1),S,N,-2.566,0.2326,6,4
355(E1),S,P,-6.468,0,11.5,4
355(E1),S,Q,0.4597,0.4759,6.5,4
355(E1),S,R,0.2301,1.384,3.5,4
355(E1),S,S,0,0,,4
355(E1),S,T,-1.738,1.978,8.5,4
355(E1),S,V,-1.234,0.5113,3.5,4
355(E1),S,W,-0.486,2.213,7,4
355(E1),S,Y,-1.141,0.4508,8.5,4
355(E2),I,A,-1.51,0.4364,8,4
355(E2),I,C,-3.253,0.3582,7.5,4
355(E2),I,D,-2.398,0.2468,6.5,4
355(E2),I,E,-3.234,0.09774,6.75,4
355(E2),I,F,-1.401,0.3321,4.5,4
355(E2),I,G,-1.935,0.798,4.5,4
355(E2),I,H,-2.917,0.235,7.5,4
355(E2),I,I,0,0,,4
355(E2),I,K,-2.648,0.3612,5,4
355(E2),I,L,0.05583,0.5369,7.5,4
355(E2),I,M,-1.684,0.3411,3.5,4
355(E2),I,N,-2.771,0.6982,5.5,4
355(E2),I,P,-1.798,0.5497,6,4
355(E2),I,Q,-2.044,0.5943,6,4
355(E2),I,R,-2.275,0.2512,2.5,4
355(E2),I,S,-2.127,0.3423,5,4
355(E2),I,T,-1.735,0.54,9.5,4
355(E2),I,V,-0.8016,0.3261,6,4
355(E2),I,W,-0.4082,0.2579,5.5,4
355(E2),I,Y,-0.4402,1.467,5.5,4
356(E1),F,-,-0.9609,0.4171,0.5,2
356(E1),F,A,-7.439,0,4.5,4
356(E1),F,C,-6.925,0,6,4
356(E1),F,D,-6.508,0,6,4
356(E1),F,E,-6.134,0,4.5,4
356(E1),F,F,0,0,,4
356(E1),F,G,-7.608,0,10.5,4
356(E1),F,H,-6.942,0,6.5,4
356(E1),F,I,-1.681,0.2849,10.5,4
356(E1),F,K,-6.966,0,3,4
356(E1),F,L,-2.066,0.1964,15,4
356(E1),F,M,-2.177,0.136,6,4
356(E1),F,N,-6.9,0,8.5,4
356(E1),F,P,-7.293,0,7.5,4
356(E1),F,Q,-6.146,0,5.25,4
356(E1),F,R,-6.01,0,5.5,4
356(E1),F,S,-8.355,0,10,4
356(E1),F,T,-7.005,0,4.5,4
356(E1),F,V,-2.991,0.5059,7.5,4
356(E1),F,W,-6.504,0,6.5,4
356(E1),F,Y,-5.545,0,5.5,4
356(E2),I,A,-2.892,0.5745,9.5,4
356(E2),I,C,-6.085,0,8,4
356(E2),I,D,-4.854,0,8,4
356(E2),I,E,-5.183,0,7.5,4
356(E2),I,F,0.06795,0.587,5.5,4
356(E2),I,G,-3.973,0.3133,5,4
356(E2),I,H,-5.749,0,4,4
356(E2),I,I,0,0,,4
356(E2),I,K,-4.62,0.268,5.5,4
356(E2),I,L,0.03056,0.5852,6.5,4
356(E2),I,M,-1.163,0.195,8,4
356(E2),I,N,-6.095,0,4.5,4
356(E2),I,P,-5.123,0.2698,7,4
356(E2),I,Q,-5.937,0,3.5,4
356(E2),I,R,-4.924,0,5.5,4
356(E2),I,S,-5.837,0,6.5,4
356(E2),I,T,-4.583,0.1702,11.5,4
356(E2),I,V,-0.9316,0.1539,8.5,4
356(E2),I,W,-0.8955,0.2367,3.25,4
356(E2),I,Y,-3.005,0.2361,1.5,4
357(E1),S,-,-0.391,0.2372,0.5,2
357(E1),S,A,-2.005,0.5135,4,4
357(E1),S,C,-7.264,0.01905,9.5,4
357(E1),S,D,-5.79,0,5.5,4
357(E1),S,E,-6.702,0,7.75,4
357(E1),S,F,-3.036,0.5885,7.5,4
357(E1),S,G,2.244,0.2476,8,4
357(E1),S,H,-5.912,0,10,4
357(E1),S,I,-7.053,0,8.5,4
357(E1),S,K,-7.01,0,8,4
357(E1),S,L,-6.948,0,9.5,4
357(E1),S,M,-5.791,0,5.5,4
357(E1),S,N,-3.692,0.03761,37.75,4
357(E1),S,P,-7.708,0,8.25,4
357(E1),S,Q,-6.941,0,6,4
357(E1),S,R,-7.228,0,12.75,4
357(E1),S,S,0,0,,4
357(E1),S,T,-2.307,0.3327,12.5,4
357(E1),S,V,-6.985,0,9,4
357(E1),S,W,-2.385,0.393,8.25,4
357(E1),S,Y,-3.05,0.2566,4,4
357(E2),L,A,0.4359,1.155,3,4
357(E2),L,C,-2.501,0.3947,4,4
357(E2),L,D,-1.805,0.5077,4,4
357(E2),L,E,-0.1602,0.9946,6.5,4
357(E2),L,F,-2.424,1.135,2.5,4
357(E2),L,G,1.587,1.403,2.5,4
357(E2),L,H,-2.158,0.9566,2,4
357(E2),L,I,-2.548,0.8501,3,4
357(E2),L,K,-0.4241,1.327,3.5,4
357(E2),L,L,0,0,,4
357(E2),L,M,0.2752,1.15,13,4
357(E2),L,N,-0.2887,1.447,2.5,4
357(E2),L,P,-2.016,0.2969,8,4
357(E2),L,Q,0.5255,0.5052,10.5,4
357(E2),L,R,-0.4245,0.1799,5,4
357(E2),L,S,-0.7567,0.6551,3,4
357(E2),L,T,-0.3435,0.4312,5,4
357(E2),L,V,-1.881,0.2473,5,4
357(E2),L,W,0.1091,0.5887,5,4
357(E2),L,Y,-0.5052,0.8703,3.5,4
358(E1),T,-,0.8963,0.7307,0.5,2
358(E1),T,A,-2.325,0.6095,9.5,4
358(E1),T,C,-6.344,0,3.5,4
358(E1),T,D,-6.669,0,5.5,4
358(E1),T,E,-7.131,0,5.5,4
358(E1),T,F,-3.672,1.028,10,4
358(E1),T,G,-6.722,0,5,4
358(E1),T,H,-4.943,0.009093,5.5,4
358(E1),T,I,0.1687,0.194,21,4
358(E1),T,K,-6.137,0,12.5,4
358(E1),T,L,-2.263,0.2482,6,4
358(E1),T,M,-1.797,0.4906,6.5,4
358(E1),T,N,-5.921,0,7,4
358(E1),T,P,-6.549,0,9,4
358(E1),T,Q,-2.873,0.1623,8.5,4
358(E1),T,R,-7.969,0,17,4
358(E1),T,S,-1.565,0.4627,5.5,4
358(E1),T,T,0,0,,4
358(E1),T,V,-1.8,0.5699,3,4
358(E1),T,W,-5.853,0,4.5,4
358(E1),T,Y,-3.989,0.09166,10,4
358(E2),Y,*,-6.085,0,3,4
358(E2),Y,-,-2.293,1.824,1,4
358(E2),Y,A,-0.5532,1.264,4,4
358(E2),Y,C,-4.074,0.267,5.5,4
358(E2),Y,D,-4.136,0.449,5,4
358(E2),Y,E,-1.924,0.4118,4.5,4
358(E2),Y,F,-1.848,1.107,3.5,4
358(E2),Y,G,-2.26,0.1152,3,4
358(E2),Y,H,-0.843,0.3648,10,4
358(E2),Y,I,-3.411,0.115,7,4
358(E2),Y,K,-2.653,2.049,2.5,4
358(E2),Y,L,-2.058,0.4852,5.5,4
358(E2),Y,M,-1.409,0.2137,4,4
358(E2),Y,N,-2.622,0.6972,4.5,4
358(E2),Y,P,-3.907,0.2596,4,4
358(E2),Y,Q,-0.6745,0.807,2.5,4
358(E2),Y,R,-1.56,1.13,1.5,4
358(E2),Y,S,-1.467,1.019,4,4
358(E2),Y,T,-2.218,0.1824,4,4
358(E2),Y,V,-3.475,0.2874,3.5,4
358(E2),Y,W,-1.109,0.2065,3,4
358(E2),Y,Y,0,0,,4
359(E1),A,-,0.2147,0.4422,0.5,2
359(E1),A,A,0,0,,4
359(E1),A,C,-2.404,0.2218,8,4
359(E1),A,D,-3.672,0.4605,8,4
359(E1),A,E,-2.591,0.8951,4.5,4
359(E1),A,F,-1.675,0.1352,6.75,4
359(E1),A,G,0.4581,0.6033,9.5,4
359(E1),A,H,-1.742,0.363,5.5,4
359(E1),A,I,-1.256,0.4082,12,4
359(E1),A,K,-2.934,0.4996,3.5,4
359(E1),A,L,-2.248,0.2772,7,4
359(E1),A,M,-1.91,0.1013,8,4
359(E1),A,N,-1.514,0.6847,8,4
359(E1),A,P,0.4133,1.754,8.5,4
359(E1),A,Q,-2.25,0.6145,4.5,4
359(E1),A,R,-1.633,0.5247,6.5,4
359(E1),A,S,-0.2103,0.2829,9.75,4
359(E1),A,T,-1.722,0.3181,21,4
359(E1),A,V,-1.847,0.1812,23.5,4
359(E1),A,W,-1.872,0.2844,8,4
359(E1),A,Y,-1.187,0.4734,4.5,4
359(E2),Y,*,-6.125,0,8,4
359(E2),Y,A,-2.826,0.6571,5,4
359(E2),Y,C,-5.12,0,7,4
359(E2),Y,D,-5.143,0.2022,5.5,4
359(E2),Y,E,-4.168,0.2199,3.5,4
359(E2),Y,F,-0.1509,0.5594,3.5,4
359(E2),Y,G,-3.562,0.4449,5,4
359(E2),Y,H,-4.451,0.1598,9,4
359(E2),Y,I,-2.409,0.2081,3.5,4
359(E2),Y,K,-5.343,0,3.5,4
359(E2),Y,L,-1.99,0.5725,2.5,4
359(E2),Y,M,-1.499,0.735,4.25,4
359(E2),Y,N,-3.819,0.1455,5.5,4
359(E2),Y,P,-2.607,1.446,3.75,4
359(E2),Y,Q,-4.821,1.246,2.5,4
359(E2),Y,R,-6.383,0,4,4
359(E2),Y,S,-4.404,0.2957,5,4
359(E2),Y,T,-4.541,0,3.5,4
359(E2),Y,V,-5.392,0,3,4
359(E2),Y,W,-1.383,0.694,4.5,4
359(E2),Y,Y,0,0,,4
36(6K),L,*,-6.907,0,8,4
36(6K),L,-,1.148,0.0495,1,2
36(6K),L,A,1.521,3.282,6,4
36(6K),L,C,0.4392,0.8531,11.25,4
36(6K),L,D,0.428,2.46,8.75,4
36(6K),L,E,-0.9386,0.1208,7.5,4
36(6K),L,F,0.801,0.8234,7,4
36(6K),L,G,0.2549,1.138,8.5,4
36(6K),L,H,-0.8359,0.9953,7,4
36(6K),L,I,0.4939,0.6242,10.5,4
36(6K),L,K,-0.9287,1.813,4,4
36(6K),L,L,0,0,,4
36(6K),L,M,0.7751,2.067,11.5,4
36(6K),L,N,0.9336,0.9018,7,4
36(6K),L,P,-0.2487,0.1728,25.5,4
36(6K),L,Q,-0.2633,0.8815,10,4
36(6K),L,R,-1.143,0.4011,6.5,4
36(6K),L,S,-0.8743,0.4536,10,4
36(6K),L,T,0.1377,0.5031,12.25,4
36(6K),L,V,-0.7041,0.8331,9.5,4
36(6K),L,W,-0.7128,0.5651,9.5,4
36(6K),L,Y,-0.4271,0.5497,6.5,4
36(E1),V,A,-1.659,0.1548,40.5,4
36(E1),V,C,-2.803,0.5177,7,4
36(E1),V,D,-6.135,0,14.75,4
36(E1),V,E,-3.334,0.1961,10,4
36(E1),V,F,-1.89,0.4101,6,4
36(E1),V,G,-6.026,0,6,4
36(E1),V,H,-1.675,1.029,7,4
36(E1),V,I,-1.083,0.991,6,4
36(E1),V,K,-6.439,0,7.5,4
36(E1),V,L,-0.9042,0.2925,19.5,4
36(E1),V,M,-1.378,0.2097,18.75,4
36(E1),V,N,-1.853,0.1599,16.5,4
36(E1),V,P,-6.734,0,9.75,4
36(E1),V,Q,-1.412,1.732,6.5,4
36(E1),V,R,-7.393,0,8,4
36(E1),V,S,-0.6642,0.388,8,4
36(E1),V,T,0.7217,1.648,6,4
36(E1),V,V,0,0,,4
36(E1),V,W,-1.836,0.4252,7,4
36(E1),V,Y,-2.227,0.6329,7.5,4
36(E2),R,-,-0.182,0.235,0.5,2
36(E2),R,A,0.9329,0.5202,6.75,4
36(E2),R,C,-2.291,0.5624,6.5,4
36(E2),R,D,-2.252,0.1637,6,4
36(E2),R,E,-2.053,0.4325,10,4
36(E2),R,F,-0.5392,0.4388,6.5,4
36(E2),R,G,0.5075,1.981,5.25,4
36(E2),R,H,0.0174,1.199,7.25,4
36(E2),R,I,0.0777,0.2845,7,4
36(E2),R,K,-0.7509,0.379,1.5,4
36(E2),R,L,-1.177,0.6975,11,4
36(E2),R,M,-0.3609,1.339,4.5,4
36(E2),R,N,0.9826,0.1027,9.5,4
36(E2),R,P,-3.044,0.2747,8,4
36(E2),R,Q,0.1713,0.5111,19.5,4
36(E2),R,R,0,0,,4
36(E2),R,S,-0.5053,0.542,10.25,4
36(E2),R,T,-0.2965,0.3252,6.5,4
36(E2),R,V,0.3145,1.429,6,4
36(E2),R,W,-0.1298,0.2834,26.5,4
36(E2),R,Y,-1.318,0.3897,6,4
36(E3),R,*,-5.717,0,10,4
36(E3),R,-,-0.5223,0.0091,1.5,2
36(E3),R,A,0.866,0.5536,8.25,4
36(E3),R,C,-0.4644,0.192,7,4
36(E3),R,D,0.2469,0.8083,7.5,4
36(E3),R,E,-0.3955,1.016,6.5,4
36(E3),R,F,0.1302,0.454,9,4
36(E3),R,G,-0.048,1.276,9.5,4
36(E3),R,H,-0.4112,1.096,7,4
36(E3),R,I,-0.431,0.4511,7,4
36(E3),R,K,0.05485,0.8555,5,4
36(E3),R,L,-0.251,0.5094,16.5,4
36(E3),R,M,0.6943,0.5766,7,4
36(E3),R,N,-1.295,0.1365,8.5,4
36(E3),R,P,-2.037,0.2477,11,4
36(E3),R,Q,-0.503,0.3971,13.5,4
36(E3),R,R,0,0,,4
36(E3),R,S,-0.4573,0.4869,8,4
36(E3),R,T,-0.5973,0.08856,8.5,4
36(E3),R,V,-1.153,0.1131,11.5,4
36(E3),R,W,-0.7255,0.1058,49.5,4
36(E3),R,Y,-1.108,0.4421,11,4
360(E1),L,-,0.0396,0.2833,0.5,2
360(E1),L,A,-1.837,0.4159,7,4
360(E1),L,C,-2.626,0.7952,6,4
360(E1),L,D,-1.843,0.165,1,2
360(E1),L,E,-1.961,0.3719,6.5,4
360(E1),L,F,0.0395,1.325,6.5,4
360(E1),L,G,-2.467,0.358,4,4
360(E1),L,H,3.397,4.308,2.75,4
360(E1),L,I,-1.299,0.2073,8,4
360(E1),L,K,-0.6612,0.9788,2.5,4
360(E1),L,L,0,0,,4
360(E1),L,M,0.183,0.5011,16.5,4
360(E1),L,N,-5.825,0,4.5,4
360(E1),L,P,-3.77,0.2896,12.5,4
360(E1),L,Q,-1.382,0.286,4,4
360(E1),L,R,0.08355,1.584,4.5,4
360(E1),L,S,0.544,2.468,4,4
360(E1),L,T,-0.7435,1.394,6.5,4
360(E1),L,V,-0.945,0.8153,10,4
360(E1),L,W,3.96,1.761,7,4
360(E1),L,Y,0.1474,0.4727,8.5,4
360(E2),Y,*,-5.723,0,6,4
360(E2),Y,-,-0.09749,0.1168,0.5,2
360(E2),Y,A,-1.857,0.1232,5,4
360(E2),Y,C,-5.307,0,8,4
360(E2),Y,D,-5.856,0,4,4
360(E2),Y,E,-5.973,0,3,4
360(E2),Y,F,-0.3174,0.7342,3.5,4
360(E2),Y,G,-4.517,0.3031,3,4
360(E2),Y,H,-3.02,0.6032,4.5,4
360(E2),Y,I,-3.118,0.324,4.5,4
360(E2),Y,K,-6.062,0,1.5,2
360(E2),Y,L,-2.067,0.05112,4.5,4
360(E2),Y,M,-0.957,0.3014,3.5,4
360(E2),Y,N,-3.897,0.2822,5,4
360(E2),Y,P,-6.207,0,2.5,4
360(E2),Y,Q,-0.261,2.269,1.5,4
360(E2),Y,R,-4.886,0,5.5,4
360(E2),Y,S,-3.179,0.2624,4,4
360(E2),Y,T,-3.893,0.3141,4.5,4
360(E2),Y,V,-4.832,0.4676,6,4
360(E2),Y,W,-1.198,0.3962,4.5,4
360(E2),Y,Y,0,0,,4
361(E1),A,-,0.3348,0.5053,0.5,2
361(E1),A,A,0,0,,4
361(E1),A,C,-3.941,0.367,4,4
361(E1),A,D,-2.321,0.605,16,4
361(E1),A,E,-2.657,0.7685,5.5,4
361(E1),A,F,-2,0.2184,7.5,4
361(E1),A,G,0.497,1.876,8.25,4
361(E1),A,H,1.196,1.274,4,4
361(E1),A,I,-0.0986,0.2821,8.5,4
361(E1),A,K,-0.04835,0.4034,6.5,4
361(E1),A,L,-0.4131,0.5265,6.75,4
361(E1),A,M,-0.5613,0.6548,3,4
361(E1),A,N,-0.7691,1.391,7,4
361(E1),A,P,-0.9364,0.6437,11.5,4
361(E1),A,Q,0.1005,0.5772,6,4
361(E1),A,R,0.218,0.3965,5.5,4
361(E1),A,S,0.8164,0.6647,12.5,4
361(E1),A,T,-0.06459,0.3237,22.5,4
361(E1),A,V,-0.03784,0.3667,22.75,4
361(E1),A,W,-2.208,0.3252,4.5,4
361(E1),A,Y,-1.112,1.209,2.5,4
361(E2),E,*,-6.444,0,5,4
361(E2),E,-,-0.06614,0.1175,0.5,2
361(E2),E,A,-0.3404,0.1827,6,4
361(E2),E,C,-5.155,0,4,4
361(E2),E,D,-1.148,1.026,8,4
361(E2),E,E,0,0,,4
361(E2),E,F,-2.413,0.1637,5,4
361(E2),E,G,-0.05445,0.6946,7,4
361(E2),E,H,1.117,0.6769,3,4
361(E2),E,I,-2.849,0.2613,5.5,4
361(E2),E,K,0.3205,1.156,8.5,4
361(E2),E,L,-1.57,0.3553,5,4
361(E2),E,M,-1.208,0.2246,7,4
361(E2),E,N,1.917,0.694,3,4
361(E2),E,P,-5.844,0,7,4
361(E2),E,Q,0.3301,0.1449,5,4
361(E2),E,R,1.252,1.198,4,4
361(E2),E,S,-1.162,0.5633,3,4
361(E2),E,T,2.335,0.7278,3.5,4
361(E2),E,V,-2.766,0.3907,5.5,4
361(E2),E,W,-2.59,2.889,2.5,4
361(E2),E,Y,-0.8679,0.3194,5,4
362(E1),S,-,-0.1091,0.2933,1,4
362(E1),S,A,-0.1668,0.5919,5.5,4
362(E1),S,C,-3.79,0.2031,7,4
362(E1),S,D,0.2526,0.2749,9.5,4
362(E1),S,E,-0.4861,0.5788,3.5,4
362(E1),S,F,-0.5351,0.1745,10,4
362(E1),S,G,-0.9193,1.198,7,4
362(E1),S,H,1.925,1.017,7.5,4
362(E1),S,I,-1.287,1.233,7.5,4
362(E1),S,K,1.657,0.8276,6,4
362(E1),S,L,-0.3824,1.026,7,4
362(E1),S,M,-0.6471,0.898,7.5,4
362(E1),S,N,-0.9312,0.5128,18,4
362(E1),S,P,-2.683,0.5865,4.25,4
362(E1),S,Q,-0.364,1.68,6,4
362(E1),S,R,0.2128,0.8371,13.5,4
362(E1),S,S,0,0,,4
362(E1),S,T,-0.5808,0.5347,7.5,4
362(E1),S,V,0.132,0.8744,5.25,4
362(E1),S,W,1.166,1.305,2.5,4
362(E1),S,Y,-0.5444,0.3398,4.5,4
362(E2),L,-,-0.4237,1.196,1,4
362(E2),L,A,-2.713,0.8898,6,4
362(E2),L,C,-4.766,0.07794,4.5,4
362(E2),L,D,-4.591,0.307,1.5,2
362(E2),L,E,-2.137,0.044,0.5,2
362(E2),L,F,-1.926,0.596,3,4
362(E2),L,G,-3.934,0.4566,4.5,4
362(E2),L,H,-0.5221,0.9798,5,4
362(E2),L,I,-0.8998,0.6598,3,4
362(E2),L,K,0.1468,0.3544,5,4
362(E2),L,L,0,0,,4
362(E2),L,M,0.0532,0.2657,8,4
362(E2),L,N,-1.434,0.5058,2.5,4
362(E2),L,P,-6.769,0,9.5,4
362(E2),L,Q,2.003,1.475,7.5,4
362(E2),L,R,1.241,1.954,3,4
362(E2),L,S,-1.701,0.209,1.5,2
362(E2),L,T,-1.597,0.818,6,4
362(E2),L,V,-1.504,0.8592,4.5,4
362(E2),L,W,-2.853,0.1502,6.5,4
362(E2),L,Y,-1.158,0.5147,6,4
363(E1),A,-,-0.3814,0.416,1.5,4
363(E1),A,A,0,0,,4
363(E1),A,C,-0.9404,0.3735,3.5,4
363(E1),A,D,-2.879,0.4076,8.75,4
363(E1),A,E,-2.282,0.6759,6,4
363(E1),A,F,-0.8983,0.5553,5.5,4
363(E1),A,G,0.4371,1.442,4,4
363(E1),A,H,-0.7108,0.2383,7.5,4
363(E1),A,I,0.2555,1.441,5,4
363(E1),A,K,-2.293,0.3994,6,4
363(E1),A,L,0.6119,0.7865,5.5,4
363(E1),A,M,-0.6478,0.4179,9,4
363(E1),A,N,-1.713,0.2092,6.5,4
363(E1),A,P,0.0323,0.7568,9,4
363(E1),A,Q,-0.431,0.5712,5,4
363(E1),A,R,-2.445,0.7118,5.5,4
363(E1),A,S,-1.103,0.6821,14.5,4
363(E1),A,T,-0.6961,0.3826,43,4
363(E1),A,V,1.393,0.9282,13,4
363(E1),A,W,-3.355,0.4338,6,4
363(E1),A,Y,-1.284,1.817,1,4
363(E2),Y,*,-5.417,0,3.5,4
363(E2),Y,A,-2.327,0.754,2,4
363(E2),Y,C,-6.194,0,12.5,4
363(E2),Y,D,-2.46,0.2909,3,4
363(E2),Y,E,-2.86,0.2268,4.5,4
363(E2),Y,F,-1.645,0.7805,4.5,4
363(E2),Y,G,-5.736,0,3.5,4
363(E2),Y,H,-1.195,0.6227,6.5,4
363(E2),Y,I,-5.072,0,2.5,4
363(E2),Y,K,-2.537,0.8674,3.5,4
363(E2),Y,L,-5.864,0.08444,6.5,4
363(E2),Y,M,-2.703,0.6784,4,4
363(E2),Y,N,-1.661,0.5086,7.5,4
363(E2),Y,P,-6.101,0,5,4
363(E2),Y,Q,-3.743,0.6186,4,4
363(E2),Y,R,-4.597,0.5378,5.5,4
363(E2),Y,S,-3.61,0.2615,4.5,4
363(E2),Y,T,-5.915,0.07015,6.5,4
363(E2),Y,V,-6.294,0,4.5,4
363(E2),Y,W,-1.506,1.225,4,4
363(E2),Y,Y,0,0,,4
364(E1),E,*,-5.86,0,3.5,4
364(E1),E,-,-0.01167,0.5187,2.5,4
364(E1),E,A,0.8304,1.425,7.5,4
364(E1),E,C,-1.3,1.095,9.5,4
364(E1),E,D,0.6171,0.3605,9.5,4
364(E1),E,E,0,0,,4
364(E1),E,F,2.096,1.969,5,4
364(E1),E,G,-0.7554,1.181,7,4
364(E1),E,H,-0.1771,1.018,6,4
364(E1),E,I,-1.418,1.301,6,4
364(E1),E,K,1.321,0.5699,17.75,4
364(E1),E,L,-0.072,1.624,5.75,4
364(E1),E,M,0.6645,2.694,3.5,4
364(E1),E,N,2.547,1.167,7,4
364(E1),E,P,-0.8348,0.6508,5.5,4
364(E1),E,Q,0.5532,0.4541,6,4
364(E1),E,R,0.3884,1.027,5,4
364(E1),E,S,1.724,0.7423,7,4
364(E1),E,T,0.7753,1.117,8.75,4
364(E1),E,V,-0.4186,0.4335,8.5,4
364(E1),E,W,2.195,2.142,6.5,4
364(E1),E,Y,1.316,1.313,7.75,4
364(E2),P,A,-6.441,0,6,4
364(E2),P,C,-6.345,0,3.5,4
364(E2),P,D,-5.113,0,1.5,4
364(E2),P,E,-5.066,1.416,4,4
364(E2),P,F,-5.845,0,4,4
364(E2),P,G,-4.877,0.4005,6.5,4
364(E2),P,H,-5.559,0,10.5,4
364(E2),P,I,-6.263,0,4,4
364(E2),P,K,-3.438,2.617,3,4
364(E2),P,L,-4.429,0.1679,5,4
364(E2),P,M,-5.829,0,4,4
364(E2),P,N,-5.62,0,3,4
364(E2),P,P,0,0,,4
364(E2),P,Q,-8.249,0,3.5,4
364(E2),P,R,-4.804,0.1232,5,4
364(E2),P,S,-5.636,0,12,4
364(E2),P,T,-6.451,0,8,4
364(E2),P,V,-6.604,0,5.25,4
364(E2),P,W,-6.551,0,4.5,4
364(E2),P,Y,-6.072,0,3,4
365(E1),F,-,-0.7873,0.3526,2.5,4
365(E1),F,A,-2.684,0.1354,6,4
365(E1),F,C,-4.088,0.04854,6.75,4
365(E1),F,D,-5.643,0,4,4
365(E1),F,E,-6.476,0,6,4
365(E1),F,F,0,0,,4
365(E1),F,G,-6.275,0,12,4
365(E1),F,H,-5.774,0,6,4
365(E1),F,I,-0.4607,0.4594,6.5,4
365(E1),F,K,-7.249,0,8.5,4
365(E1),F,L,-0.4554,0.279,10,4
365(E1),F,M,-0.2492,0.2744,4.5,4
365(E1),F,N,-6.34,0,7.5,4
365(E1),F,P,-6.97,0,3,4
365(E1),F,Q,-6.954,0,7,4
365(E1),F,R,-6.618,0,3.5,4
365(E1),F,S,-7.015,0,7,4
365(E1),F,T,-5.819,0,7,4
365(E1),F,V,0.1948,0.597,6.5,4
365(E1),F,W,-0.9689,0.2208,3.5,4
365(E1),F,Y,-2.161,0.4906,7,4
365(E2),T,-,-1.818,0.103,0.5,2
365(E2),T,A,0.2082,0.6497,4.5,4
365(E2),T,C,-1.2,0.917,3.5,4
365(E2),T,D,-3.554,0.4244,2.5,4
365(E2),T,E,-1.008,0.09475,3.5,2
365(E2),T,F,-1.123,0.5063,6,4
365(E2),T,G,-0.6129,0.1526,6,4
365(E2),T,H,-0.7542,1.12,2.5,4
365(E2),T,I,1.385,0.1806,5.5,4
365(E2),T,K,-0.4891,0.5393,3.5,4
365(E2),T,L,-1.213,0.07926,6,4
365(E2),T,M,-0.7516,1.16,4,4
365(E2),T,N,-2.482,0.6096,5.5,4
365(E2),T,P,-5.868,0.05672,4.75,4
365(E2),T,Q,-0.746,0.3323,3,4
365(E2),T,R,-0.977,0.7166,2.5,4
365(E2),T,S,-4.493,0.902,1,4
365(E2),T,T,0,0,,4
365(E2),T,V,1.037,0.569,5.5,4
365(E2),T,W,-0.7807,0.145,2,2
365(E2),T,Y,-1.64,0.19,1.5,2
366(E1),R,*,-6.143,0,1,2
366(E1),R,-,-1.565,1.113,5,4
366(E1),R,A,-1.182,0.9379,7.5,4
366(E1),R,C,-0.854,1.018,9,4
366(E1),R,D,0.01771,0.2329,8.75,4
366(E1),R,E,-0.0143,2.299,6.5,4
366(E1),R,F,1.667,2.218,6,4
366(E1),R,G,-1.583,0.74,16.5,4
366(E1),R,H,0.1849,0.1553,8.5,4
366(E1),R,I,0.5756,1.38,8,4
366(E1),R,K,-0.5561,0.1564,25.5,4
366(E1),R,L,0.1275,1.839,5.5,4
366(E1),R,M,1.02,0.6412,9.5,4
366(E1),R,N,-0.241,0.6175,4,4
366(E1),R,P,0.1615,1.545,7.5,4
366(E1),R,Q,0.5485,2.259,5.25,4
366(E1),R,R,0,0,,4
366(E1),R,S,1.817,0.5765,7.5,4
366(E1),R,T,0.9838,0.659,4.5,4
366(E1),R,V,0.4067,1.508,7,4
366(E1),R,W,-0.1681,1.542,6.5,4
366(E1),R,Y,1.872,1.232,6,4
366(E2),M,-,0.2238,0.0013,0.75,2
366(E2),M,A,-0.4893,0.3362,3,4
366(E2),M,C,-1.247,0.4781,1.5,4
366(E2),M,D,-3.915,0.1125,2,2
366(E2),M,E,1.713,1.32,1,4
366(E2),M,F,-0.5859,0.4958,3.5,4
366(E2),M,G,-0.3258,0.2707,4,4
366(E2),M,H,-0.7324,0.3814,4,4
366(E2),M,I,-0.3031,0.231,35.5,4
366(E2),M,K,-1.491,0.4951,5,4
366(E2),M,L,-0.06585,0.3806,3,4
366(E2),M,M,0,0,,4
366(E2),M,N,-3.042,0.5623,3.5,4
366(E2),M,P,-2.29,0.8262,2,4
366(E2),M,Q,-1.453,0.6653,2,4
366(E2),M,R,-1.205,0.5616,3,4
366(E2),M,S,-1.334,0.5509,3.5,4
366(E2),M,T,0.19,0.4917,3.5,4
366(E2),M,V,-0.7592,0.2925,3,4
366(E2),M,W,1.073,0.2319,0.5,2
366(E2),M,Y,-1.505,0.7027,3,4
367(E1),V,-,-1.419,1.255,5,4
367(E1),V,A,-0.3029,0.6825,8.5,4
367(E1),V,C,0.9799,0.4064,5,4
367(E1),V,D,-7.325,0,6.5,4
367(E1),V,E,-7.09,0,8,4
367(E1),V,F,-2.194,0.1247,8.5,4
367(E1),V,G,-5.432,0,9.5,4
367(E1),V,H,-6.465,0,7.5,4
367(E1),V,I,0.5622,0.7202,6.5,4
367(E1),V,K,-6.692,0,6,4
367(E1),V,L,-1.721,0.7657,9,4
367(E1),V,M,-0.8895,2.141,10.5,4
367(E1),V,N,-7.22,0,6,4
367(E1),V,P,-1.451,0.5949,5.5,4
367(E1),V,Q,-7.204,0,7.5,4
367(E1),V,R,-7.15,0,6,4
367(E1),V,S,-3.95,0.6758,3.5,4
367(E1),V,T,0.656,2.722,4.5,4
367(E1),V,V,0,0,,4
367(E1),V,W,-7.159,0,5.5,4
367(E1),V,Y,-6.447,0,5.5,4
367(E2),T,A,-4.927,0.2758,9,4
367(E2),T,C,-2.755,0.2744,2,4
367(E2),T,D,-6.581,0,3.5,4
367(E2),T,E,-4.352,0,1.5,4
367(E2),T,F,-1.585,0.2313,5,4
367(E2),T,G,-2.615,1.811,5,4
367(E2),T,H,-6.056,0,3,4
367(E2),T,I,-5.438,0,10,4
367(E2),T,K,-6.396,0,2,4
367(E2),T,L,-5.594,0.08271,3.5,4
367(E2),T,M,-3.465,0.488,6,4
367(E2),T,N,-5.725,0,3.5,4
367(E2),T,P,-3.203,1.476,2,4
367(E2),T,Q,-6.02,0,4.5,4
367(E2),T,R,-4.809,0.2131,3,4
367(E2),T,S,-2.408,0.123,5.5,4
367(E2),T,T,0,0,,4
367(E2),T,V,-2.81,0.2368,4.5,4
367(E2),T,W,-5.034,0,6.5,4
367(E2),T,Y,-4.436,0.4141,3,4
368(E1),Q,*,-8.207,0,11.5,4
368(E1),Q,-,-1.159,1.288,5,4
368(E1),Q,A,-1.736,0.5746,7.5,4
368(E1),Q,C,-2.426,0.4125,6,4
368(E1),Q,D,-3.383,0.2272,5,4
368(E1),Q,E,-2.869,0.2459,5.5,4
368(E1),Q,F,-2.958,0.7553,4.5,4
368(E1),Q,G,0.1651,0.4135,3.5,4
368(E1),Q,H,-1.927,0.4625,11.5,4
368(E1),Q,I,1.361,0.6077,6.5,4
368(E1),Q,K,-1.074,0.6279,9.5,4
368(E1),Q,L,2.723,1.156,7.5,4
368(E1),Q,M,-0.1668,0.3101,6.5,4
368(E1),Q,N,-1.709,0.9379,3.5,4
368(E1),Q,P,-7.335,0,6,4
368(E1),Q,Q,0,0,,4
368(E1),Q,R,-2.195,0.8719,6.5,4
368(E1),Q,S,-1.526,0.8483,4,4
368(E1),Q,T,0.1206,0.6631,5,4
368(E1),Q,V,-2.07,0.525,8.5,4
368(E1),Q,W,-2.482,0.2683,7.25,4
368(E1),Q,Y,-1.311,0.3117,5.5,4
368(E2),V,-,-5.905,0,85.25,4
368(E2),V,A,-2.036,0.8184,6.5,4
368(E2),V,C,-1.269,0.7567,3,4
368(E2),V,D,-6.115,0,3,4
368(E2),V,E,-6.101,0,2.5,4
368(E2),V,F,-2.436,0.1819,3.5,4
368(E2),V,G,-1.949,0.2118,4,4
368(E2),V,H,-5.572,0,5.5,4
368(E2),V,I,2.478,0.968,3.5,4
368(E2),V,K,-2.342,0.5884,5,4
368(E2),V,L,-1.114,0.1396,5.5,4
368(E2),V,M,-1.127,0.2848,18,4
368(E2),V,N,-6,0.3139,3.5,4
368(E2),V,P,-1.744,0.588,2,4
368(E2),V,Q,-3.377,0.338,2.5,4
368(E2),V,R,-2.375,0.412,4,4
368(E2),V,S,-1.454,0.2364,3,4
368(E2),V,T,-1.57,0.3048,6,4
368(E2),V,V,0,0,,4
368(E2),V,W,-1.456,0.7629,2,4
368(E2),V,Y,-2.512,0.087,1.5,2
369(E1),V,-,-0.9676,1.354,5,4
369(E1),V,A,-0.17,0.7627,5,4
369(E1),V,C,-0.8655,0.3762,4,4
369(E1),V,D,-7.165,0,11,4
369(E1),V,E,-6.539,0,4,4
369(E1),V,F,-0.6636,0.4904,6.5,4
369(E1),V,G,-7.14,0,5.5,4
369(E1),V,H,-7.235,0,7.5,4
369(E1),V,I,0.7973,0.7923,11.5,4
369(E1),V,K,-6.755,0.06885,6,4
369(E1),V,L,-0.2699,0.2747,5,4
369(E1),V,M,-1.168,0.9907,4,4
369(E1),V,N,-7.143,0,5.5,4
369(E1),V,P,-7.389,0,9,4
369(E1),V,Q,-6.231,0,6.5,4
369(E1),V,R,-6.414,1.065,4,4
369(E1),V,S,-5.629,0,9,4
369(E1),V,T,-1.011,0.394,6,4
369(E1),V,V,0,0,,4
369(E1),V,W,-5.97,0,5,4
369(E1),V,Y,-6.768,0,6.25,4
369(E2),V,-,0.8112,1.46,1,4
369(E2),V,A,0.6341,1.545,1.5,4
369(E2),V,C,-1.541,0.5329,6.5,4
369(E2),V,D,-6.45,0,4,4
369(E2),V,E,-5.303,0,4.5,4
369(E2),V,F,-0.9449,0.1313,6,4
369(E2),V,G,-2.152,0.3601,4.5,4
369(E2),V,H,-6.115,0,5,4
369(E2),V,I,0.0747,0.884,5.5,4
369(E2),V,K,-7.899,0,2.5,4
369(E2),V,L,-1.407,1.16,6,4
369(E2),V,M,-0.6917,0.2725,9.25,4
369(E2),V,N,-6.293,0,2.5,4
369(E2),V,Q,-5.972,0,3.5,2
369(E2),V,R,-5.07,0,4,4
369(E2),V,S,-2.516,1.145,3.5,4
369(E2),V,T,-0.09305,0.8729,3,4
369(E2),V,V,0,0,,4
369(E2),V,W,-1.909,0.236,3,4
369(E2),V,Y,-2.95,0.5582,2.5,4
37(6K),R,*,-6.966,0,2,2
37(6K),R,-,0.7598,0.3553,0.5,2
37(6K),R,A,0.2364,1.892,8.5,4
37(6K),R,C,-1.053,0.2867,11.5,4
37(6K),R,D,0.5378,0.827,13,4
37(6K),R,E,0.5951,0.1597,7.5,4
37(6K),R,F,-0.5627,0.3884,14,4
37(6K),R,G,-0.2916,0.1738,11.5,4
37(6K),R,H,-0.585,0.7221,13,4
37(6K),R,I,-0.5423,0.6194,14,4
37(6K),R,K,0.4448,0.5352,14,4
37(6K),R,L,0.1751,1.147,7,4
37(6K),R,M,0.0538,1.043,12.5,4
37(6K),R,N,-0.8323,0.6637,11,4
37(6K),R,P,-0.0635,1.155,8.75,4
37(6K),R,Q,0.8572,0.6347,7.5,4
37(6K),R,R,0,0,,4
37(6K),R,S,3.759,1.6,5.5,4
37(6K),R,T,-1.149,0.5166,9.5,4
37(6K),R,V,-1.191,0.4106,5.75,4
37(6K),R,W,-0.6159,0.6913,6.5,4
37(6K),R,Y,-0.8037,1.109,8,4
37(E1),T,A,-0.3439,0.349,12,4
37(E1),T,C,-0.5897,0.4625,5,4
37(E1),T,D,-1.173,0.3176,10,4
37(E1),T,E,-1.388,0.2443,10,4
37(E1),T,F,-0.8442,0.6051,10,4
37(E1),T,G,-0.8659,0.6654,7,4
37(E1),T,H,-1.397,0.4768,7.5,4
37(E1),T,I,0.4752,0.4788,9,4
37(E1),T,K,-1.978,0.3768,10,4
37(E1),T,L,-0.4296,1.563,6,4
37(E1),T,M,0.7545,0.578,11,4
37(E1),T,N,-1.281,2.352,7.5,4
37(E1),T,P,-6.653,0,13.5,4
37(E1),T,Q,-1.589,0.264,3.75,4
37(E1),T,R,-1.028,0.9301,7,4
37(E1),T,S,-0.7314,0.3865,7,4
37(E1),T,T,0,0,,4
37(E1),T,V,-1.772,0.2745,4.25,4
37(E1),T,W,-1.423,1.1,4,4
37(E1),T,Y,-0.0655,1.19,8.5,4
37(E2),I,A,-3.351,0.4669,7,4
37(E2),I,C,-4.203,0.2823,9,4
37(E2),I,D,-6.122,0,6.5,4
37(E2),I,E,-6.268,0,6.5,4
37(E2),I,F,-5.45,0,12.25,4
37(E2),I,G,-6.123,0,5,4
37(E2),I,H,-5.37,0,5,4
37(E2),I,I,0,0,,4
37(E2),I,K,-6.776,0,7,4
37(E2),I,L,-2.532,0.4553,5.5,4
37(E2),I,M,-2.192,0.2052,4,4
37(E2),I,N,-6.697,0,8.5,4
37(E2),I,P,-6.027,0,7.5,4
37(E2),I,Q,-5.935,0,8.5,4
37(E2),I,R,-6.256,0,10,4
37(E2),I,S,-6.451,0,8,4
37(E2),I,T,-1.517,0.4497,5.5,4
37(E2),I,V,1.292,1.793,6.5,4
37(E2),I,W,-5.987,0,9,4
37(E2),I,Y,-5.795,0,5,4
37(E3),M,-,-0.8438,0.00795,1.5,2
37(E3),M,A,-1.793,0.2233,15.5,4
37(E3),M,C,-2.28,0.4924,6.5,4
37(E3),M,D,-2.197,0.5408,10,4
37(E3),M,E,-1.842,0.3916,4,4
37(E3),M,F,-0.9929,0.4079,10.5,4
37(E3),M,G,-2.159,0.03537,11,4
37(E3),M,H,-2.25,0.6447,4,4
37(E3),M,I,-0.5388,0.4281,33.5,4
37(E3),M,K,-2.187,0.2722,10,4
37(E3),M,L,-1.248,0.5696,5.5,4
37(E3),M,M,0,0,,4
37(E3),M,N,-1.434,0.255,5,4
37(E3),M,P,-6.296,0,12,4
37(E3),M,Q,-1.586,0.0395,0.5,2
37(E3),M,R,-1.238,1.974,2.5,4
37(E3),M,S,-2.111,0.08323,5.25,4
37(E3),M,T,-0.3663,1.19,7,4
37(E3),M,V,-0.8499,0.1571,10,4
37(E3),M,W,-1.6,0.1366,7.5,4
37(E3),M,Y,-1.316,0.2743,10,4
370(E1),C,*,-3.49,1.795,1.5,4
370(E1),C,-,-3.569,0.9832,5.5,4
370(E1),C,A,-6.758,0,5.5,4
370(E1),C,C,0,0,,4
370(E1),C,D,-5.234,0,5.5,4
370(E1),C,E,-7.452,0,6.5,4
370(E1),C,F,-7.185,0,11.5,4
370(E1),C,G,-5.095,0,7.5,4
370(E1),C,H,-5.947,0,2.5,4
370(E1),C,I,-7.127,0,3,4
370(E1),C,K,-6.984,0,7.5,4
370(E1),C,L,-6.167,0,5,4
370(E1),C,M,-6.958,0,8.5,4
370(E1),C,N,-6.858,0,3.5,4
370(E1),C,P,-6.435,0,9,4
370(E1),C,Q,-7.318,0,5.5,4
370(E1),C,R,-7.661,0,15.25,4
370(E1),C,S,-6.796,0,5,4
370(E1),C,T,-7.306,0,8.75,4
370(E1),C,V,-7.719,0,4,4
370(E1),C,W,-7.066,0,8,4
370(E1),C,Y,-6.921,0,22.5,4
370(E2),V,-,-0.4133,5e-05,0.5,2
370(E2),V,A,-1.195,1.395,4,4
370(E2),V,C,-0.1341,1.314,1,4
370(E2),V,D,-4.369,0.58,1,2
370(E2),V,E,-4.665,0.7127,4,4
370(E2),V,F,-3.29,1.878,3.5,4
370(E2),V,G,-1.841,0.1863,9.5,4
370(E2),V,H,-5.941,0,2.5,4
370(E2),V,I,0.165,1.501,2.5,4
370(E2),V,K,-5.894,0,2.5,4
370(E2),V,L,-1.242,0.8986,8.75,4
370(E2),V,M,-0.568,0.2626,12.5,4
370(E2),V,N,-5.03,0,1.5,2
370(E2),V,Q,-6.162,0,4,4
370(E2),V,R,-5.675,0,2.25,4
370(E2),V,S,-1.35,0.4088,3.5,4
370(E2),V,T,-0.6428,0.4476,2.5,4
370(E2),V,V,0,0,,4
370(E2),V,W,-1.302,1.664,1.5,4
370(E2),V,Y,-1.788,0.2003,5,4
371(E1),S,-,-0.6391,0.3163,1.5,4
371(E1),S,A,-2.263,0.3814,8,4
371(E1),S,C,-0.8409,0.6955,8.75,4
371(E1),S,D,-2.297,0.3594,4.5,4
371(E1),S,E,-3.353,0.3134,5,4
371(E1),S,F,-1.609,1.169,4,4
371(E1),S,G,-2.338,0.09774,11.5,4
371(E1),S,H,0.8147,1.509,5.5,4
371(E1),S,I,0.3874,0.8354,12.75,4
371(E1),S,K,-2.346,0.34,5.5,4
371(E1),S,L,0.01244,0.6599,6.5,4
371(E1),S,M,-0.1983,1.68,3.5,4
371(E1),S,N,-1.288,0.6036,19,4
371(E1),S,P,-4.558,0,5,4
371(E1),S,Q,-1.774,0.7973,6.5,4
371(E1),S,R,-1.907,0.1537,8.5,4
371(E1),S,S,0,0,,4
371(E1),S,T,-0.985,1.863,8.5,4
371(E1),S,V,-0.7474,0.6412,4.5,4
371(E1),S,W,-2.97,0.2351,9.5,4
371(E1),S,Y,-2.509,0.529,5.5,4
371(E2),V,*,-4.216,0,0.5,2
371(E2),V,-,-0.05185,0.000225,0.5,2
371(E2),V,A,-0.9854,0.5935,5.5,4
371(E2),V,C,-0.05838,0.299,6,4
371(E2),V,D,-6.002,0,4,4
371(E2),V,E,-6.386,0,3,4
371(E2),V,F,-1.454,0.597,2.5,4
371(E2),V,G,-0.7947,0.4445,1.5,4
371(E2),V,H,-5.932,0,3.5,4
371(E2),V,I,0.6018,1.179,3.5,4
371(E2),V,K,-4.648,0.4407,3,4
371(E2),V,L,0.72,1.208,6,4
371(E2),V,M,0.263,0.857,11.5,4
371(E2),V,N,-5.516,0,4.5,4
371(E2),V,P,-6.736,0,5,4
371(E2),V,Q,-5.872,0,1,4
371(E2),V,R,-5.869,0,3.5,4
371(E2),V,S,1.632,4.435,2.5,4
371(E2),V,T,-1.538,0.3635,5,4
371(E2),V,V,0,0,,4
371(E2),V,W,-4.868,0.08877,6,4
371(E2),V,Y,-3.638,0.5289,2,4
372(E1),T,-,-0.03515,0.5844,1,4
372(E1),T,A,-0.6194,0.4505,4.5,4
372(E1),T,C,1.058,1.654,4,4
372(E1),T,D,1.236,0.8554,6,4
372(E1),T,E,0.3757,0.7669,8,4
372(E1),T,F,0.8411,0.564,5,4
372(E1),T,G,-1.441,1.422,4,4
372(E1),T,H,0.7894,1.283,6.5,4
372(E1),T,I,-1.355,0.1494,9,4
372(E1),T,K,-0.8953,0.4365,4.5,4
372(E1),T,L,-1.499,0.3222,7,4
372(E1),T,M,-1.648,0.3215,2.5,4
372(E1),T,N,1.556,1.1,8,4
372(E1),T,P,-1.324,0.8718,2.5,4
372(E1),T,Q,0.5181,0.8356,5.5,4
372(E1),T,R,0.1028,0.7255,6,4
372(E1),T,S,1.302,1.365,7,4
372(E1),T,T,0,0,,4
372(E1),T,V,-0.9391,0.4499,6.5,4
372(E1),T,W,-0.3323,0.591,7,4
372(E1),T,Y,1.398,0.8991,4.5,4
372(E2),S,-,-6.16,0,1.5,2
372(E2),S,A,0.04195,1.02,6.5,4
372(E2),S,C,0.06695,0.2185,3.5,4
372(E2),S,D,-6.118,0,6,4
372(E2),S,E,-6.095,0,4,4
372(E2),S,F,0.5797,2.376,6.5,4
372(E2),S,G,0.1,0.8441,4.5,4
372(E2),S,H,-4.308,0.1709,8,4
372(E2),S,I,-0.3928,1.295,5.5,4
372(E2),S,K,-6.185,0,4.5,4
372(E2),S,L,-0.7469,0.6791,6,4
372(E2),S,M,0.7382,0.7427,3,4
372(E2),S,N,-5.227,0,9,4
372(E2),S,P,-6.24,0,10.5,4
372(E2),S,Q,-5.212,0.3343,5.5,4
372(E2),S,R,-5.896,0.4391,5.5,4
372(E2),S,S,0,0,,4
372(E2),S,T,0.4324,0.2376,5.5,4
372(E2),S,V,1.337,0.9807,5,4
372(E2),S,W,-3.415,0.4928,6.25,4
372(E2),S,Y,-3.703,0.4695,8,4
373(E1),Q,*,-7.658,0,8.5,4
373(E1),Q,-,-0.1057,0.4375,1,4
373(E1),Q,A,-0.08722,0.5124,7.5,4
373(E1),Q,C,-0.9113,0.717,4,4
373(E1),Q,D,1.713,2.032,6.5,4
373(E1),Q,E,-0.7303,0.4327,6,4
373(E1),Q,F,-0.6386,0.6008,7,4
373(E1),Q,G,-1.014,0.6645,7,4
373(E1),Q,H,-0.1615,0.3086,12.25,4
373(E1),Q,I,-0.112,0.1393,5,4
373(E1),Q,K,-2.256,0.9664,6,4
373(E1),Q,L,-1.098,0.42,7.5,4
373(E1),Q,M,0.5053,1.22,4.5,4
373(E1),Q,N,-1.191,1.066,10,4
373(E1),Q,P,-1.008,0.2426,7.5,4
373(E1),Q,Q,0,0,,4
373(E1),Q,R,-1.26,1.068,10,4
373(E1),Q,S,1.303,1.38,5,4
373(E1),Q,T,-0.2269,0.4147,8,4
373(E1),Q,V,-1.47,0.5972,5.25,4
373(E1),Q,W,-1.319,0.7963,2.5,4
373(E1),Q,Y,-0.6178,1.209,3.5,4
373(E2),V,A,-0.5615,0.1911,3.5,4
373(E2),V,C,-0.9539,0.2177,7,4
373(E2),V,D,-6.049,0,8,4
373(E2),V,E,-6.983,0,8,4
373(E2),V,F,0.5841,0.5088,5,4
373(E2),V,G,-0.3194,0.2557,5.5,4
373(E2),V,H,-5.927,0,2.5,4
373(E2),V,I,-0.0952,0.8177,4.5,4
373(E2),V,K,-4.921,0.03248,1.5,4
373(E2),V,L,-0.02695,0.5769,15,4
373(E2),V,M,-0.7077,0.1627,15.5,4
373(E2),V,N,-5.699,0,9.5,4
373(E2),V,P,-6.659,0,8,4
373(E2),V,Q,-6.571,0,9,4
373(E2),V,R,-5.181,0.2726,7,4
373(E2),V,S,-1.168,0.4377,0.5,2
373(E2),V,T,-0.4069,0.9672,7,4
373(E2),V,V,0,0,,4
373(E2),V,W,-3.069,0.6192,9,4
373(E2),V,Y,-2.591,0.6977,5,4
374(E1),V,-,0.341,0.5514,0.5,2
374(E1),V,A,-1.289,0.3469,7.5,4
374(E1),V,C,-0.7227,0.2381,5,4
374(E1),V,D,-7.327,0,7,4
374(E1),V,E,-4.027,0.3172,6,4
374(E1),V,F,-1.274,0.8233,4,4
374(E1),V,G,-1.254,0.46,6.5,4
374(E1),V,H,-5.249,0.21,3.5,4
374(E1),V,I,-1.116,0.6524,13,4
374(E1),V,K,-6.649,0.0433,6.75,4
374(E1),V,L,-0.9401,0.4087,7.75,4
374(E1),V,M,-1.542,0.3203,19.75,4
374(E1),V,N,-3.918,0.3773,5.5,4
374(E1),V,P,-7.41,0,9.5,4
374(E1),V,Q,-3.466,0.3174,6.25,4
374(E1),V,R,-4.054,0.3751,2.5,4
374(E1),V,S,-0.6673,0.341,4,4
374(E1),V,T,1.422,1.185,6.5,4
374(E1),V,V,0,0,,4
374(E1),V,W,-2.559,0.4661,8,4
374(E1),V,Y,-6.7,0,5.5,4
374(E2),A,A,0,0,,4
374(E2),A,C,-1.37,0.2078,6.75,4
374(E2),A,D,-5.949,0,7,4
374(E2),A,E,-6.087,0,5.5,4
374(E2),A,F,0.448,0.8446,5,4
374(E2),A,G,1.927,0.8721,3.5,4
374(E2),A,H,-3.171,0.3641,6.5,4
374(E2),A,I,-0.6816,0.3173,10.5,4
374(E2),A,K,-6.515,0,4,4
374(E2),A,L,0.856,0.9211,4.5,4
374(E2),A,M,0.4142,0.8803,5,4
374(E2),A,N,-6.501,0.06235,5,4
374(E2),A,P,-6.359,0,8.5,4
374(E2),A,Q,-6.095,0,4.5,4
374(E2),A,R,-5.681,0,4,4
374(E2),A,S,-0.1774,0.08701,7,4
374(E2),A,T,-0.3786,0.194,22.5,4
374(E2),A,V,-0.3938,0.6006,23.5,4
374(E2),A,W,-0.5332,0.8515,9.5,4
374(E2),A,Y,0.833,0.9486,7.5,4
375(E1),H,*,-6.598,0,0.5,2
375(E1),H,-,-6.67,0,1,2
375(E1),H,A,-1.558,1.136,2.5,4
375(E1),H,C,-0.3208,1.004,10,4
375(E1),H,D,-0.4275,1.066,6.5,4
375(E1),H,E,-0.07996,0.5665,9,4
375(E1),H,F,-1.208,1.12,4.5,4
375(E1),H,G,0.7301,1.791,5,4
375(E1),H,H,0,0,,4
375(E1),H,I,0.1383,0.8716,6,4
375(E1),H,K,0.3815,0.5909,9.5,4
375(E1),H,L,-0.9458,0.6713,8.5,4
375(E1),H,M,0.3577,0.9096,5,4
375(E1),H,N,-0.4858,0.6307,14,4
375(E1),H,P,-0.6799,0.4479,5.5,4
375(E1),H,Q,0.2053,0.09689,14.25,4
375(E1),H,R,-0.4312,1.296,6,4
375(E1),H,S,1.159,0.8511,7,4
375(E1),H,T,0.9291,2.059,7.5,4
375(E1),H,V,-0.8985,1.011,6.5,4
375(E1),H,W,-0.7087,0.6002,6.5,4
375(E1),H,Y,-0.0288,0.3388,29.5,4
375(E2),S,A,-0.5949,1.178,7.5,4
375(E2),S,C,1.044,0.4114,6,4
375(E2),S,D,-6.463,0,13,4
375(E2),S,E,-5.986,0,5.5,4
375(E2),S,F,-0.3421,0.3424,9,4
375(E2),S,G,0.2843,0.4322,6,4
375(E2),S,H,-3.236,0.4208,7,4
375(E2),S,I,-0.1833,0.3361,9,4
375(E2),S,K,-5.478,0,8,4
375(E2),S,L,0.3032,0.3741,5,4
375(E2),S,M,-1.385,0.2284,6,4
375(E2),S,N,-3.119,0.2795,25.5,4
375(E2),S,P,-2.351,0.7618,4,4
375(E2),S,Q,-3.707,0.4135,6,4
375(E2),S,R,-6.242,0,11,4
375(E2),S,S,0,0,,4
375(E2),S,T,0.1136,0.09327,6,4
375(E2),S,V,-0.2202,1.175,8,4
375(E2),S,W,-2.128,0.08501,6.75,4
375(E2),S,Y,-2.691,0.1475,7,4
376(E1),C,*,-4.489,0.09959,6.5,4
376(E1),C,A,-7.111,0,9,4
376(E1),C,C,0,0,,4
376(E1),C,D,-7.413,0,10.5,4
376(E1),C,E,-7.864,0,8,4
376(E1),C,F,-6.815,0,8,4
376(E1),C,G,-7.516,0,10.5,4
376(E1),C,H,-8.418,0,10,4
376(E1),C,I,-6.55,0,6.5,4
376(E1),C,K,-4.035,1.021,7.5,4
376(E1),C,L,-6.739,0,4.5,4
376(E1),C,M,-6.634,0,6,4
376(E1),C,N,-8.126,0,5,4
376(E1),C,P,-7.13,0,9,4
376(E1),C,Q,-7.255,0,5.5,4
376(E1),C,R,-6.41,0,14.5,4
376(E1),C,S,-5.989,0,8.5,4
376(E1),C,T,-6.305,0,8,4
376(E1),C,V,-6.492,0,8,4
376(E1),C,W,-6.96,0,5.25,4
376(E1),C,Y,-7.998,0,15.5,4
376(E2),F,A,-1.111,0.5621,6.25,4
376(E2),F,C,-0.3227,0.4747,9,4
376(E2),F,D,-6.044,0,8,4
376(E2),F,E,-6.31,0,4,4
376(E2),F,F,0,0,,4
376(E2),F,G,-0.3168,1.012,4.5,4
376(E2),F,H,-5.367,0.05456,9,4
376(E2),F,I,0.4143,0.4482,6.5,4
376(E2),F,K,-5.161,0.1191,2.25,4
376(E2),F,L,1.331,1.147,9.5,4
376(E2),F,M,1.444,1.287,6.5,4
376(E2),F,N,-7.014,0,5.5,4
376(E2),F,P,-6.638,0,7,4
376(E2),F,Q,-4.191,0,6.5,4
376(E2),F,R,-5.705,0.2923,3.5,4
376(E2),F,S,-1.296,0.2707,7,4
376(E2),F,T,-1.073,0.1162,5.5,4
376(E2),F,V,0.7107,0.6346,5.5,4
376(E2),F,W,-1.889,0.201,7,4
376(E2),F,Y,-3.041,0.2791,6.5,4
377(E1),A,A,0,0,,4
377(E1),A,C,0.0803,0.9656,8,4
377(E1),A,D,-0.6134,0.4198,8,4
377(E1),A,E,-0.983,0.6089,5,4
377(E1),A,F,-0.3047,1.544,4,4
377(E1),A,G,1.327,0.4087,5,4
377(E1),A,H,-0.0141,0.5527,5,4
377(E1),A,I,-0.4161,0.8455,6.5,4
377(E1),A,K,0.07384,0.1731,6.5,4
377(E1),A,L,-1.369,0.4285,6.5,4
377(E1),A,M,-1.171,0.1961,7,4
377(E1),A,N,-1.452,0.8142,5.5,4
377(E1),A,P,2.336,2.794,6.5,4
377(E1),A,Q,0.9272,0.9813,5,4
377(E1),A,R,-0.1183,1.273,6.5,4
377(E1),A,S,1.126,1.308,13,4
377(E1),A,T,-0.5327,1.348,18,4
377(E1),A,V,-1.026,0.3773,31,4
377(E1),A,W,-2.29,0.8937,5.5,4
377(E1),A,Y,-0.6525,1.926,4.5,4
377(E2),V,A,-0.5904,0.6771,6,4
377(E2),V,C,-0.3967,0.9669,7,4
377(E2),V,D,-6.942,0,2.5,4
377(E2),V,E,-6.223,0,5.5,4
377(E2),V,F,2.649,1.16,4.5,4
377(E2),V,G,-1.079,0.6153,3.5,4
377(E2),V,H,-3.399,0.3502,5.5,4
377(E2),V,I,-0.7937,0.1313,3.5,4
377(E2),V,K,-5.005,0.06192,4.5,4
377(E2),V,L,-0.3757,0.3915,11.5,4
377(E2),V,M,-0.5469,0.3442,12.5,4
377(E2),V,N,-2.587,1.716,2,4
377(E2),V,P,-5.86,0.01342,3.75,4
377(E2),V,Q,-5.787,0.3603,6.5,4
377(E2),V,R,-6.148,0,7,4
377(E2),V,S,-3.036,1.301,2.5,4
377(E2),V,T,-0.5534,0.4133,4,4
377(E2),V,V,0,0,,4
377(E2),V,W,-1.22,0.7489,7,4
377(E2),V,Y,-2.756,0.7108,3.5,4
378(E1),A,A,0,0,,4
378(E1),A,C,-2.195,0.3356,4.5,4
378(E1),A,D,-6.794,0,13,4
378(E1),A,E,-3.736,0.9541,5,4
378(E1),A,F,-2.993,0.4261,5,4
378(E1),A,G,1.433,0.4655,6,4
378(E1),A,H,-3.181,0.4393,6,4
378(E1),A,I,-3.341,0.5549,5,4
378(E1),A,K,-0.946,1.402,2,4
378(E1),A,L,-2.861,0.7436,4.5,4
378(E1),A,M,-1.758,0.6799,5,4
378(E1),A,N,-3.123,0.5739,7,4
378(E1),A,P,-5.42,0,6.5,4
378(E1),A,Q,-1.151,0.5052,7,4
378(E1),A,R,-3.583,0.7476,6,4
378(E1),A,S,-1.472,0.2548,10,4
378(E1),A,T,-1.687,0.3409,26.25,4
378(E1),A,V,-3.08,0.2937,9,4
378(E1),A,W,-6.472,0,4,4
378(E1),A,Y,-3.383,0.2885,9,4
378(E2),L,A,-1.635,0.2579,4.5,4
378(E2),L,C,-0.2862,0.5063,5,4
378(E2),L,D,-5.764,0,2,4
378(E2),L,E,-3.922,0.2911,4.5,4
378(E2),L,F,-0.1223,0.2564,7.5,4
378(E2),L,G,-1.681,0.08358,5.5,4
378(E2),L,H,-2.228,0.4091,6.25,4
378(E2),L,I,-1.051,0.7574,4,4
378(E2),L,K,-6.127,0.09873,3.5,4
378(E2),L,L,0,0,,4
378(E2),L,M,-0.3036,0.3981,14.5,4
378(E2),L,N,-3.812,0.3701,5.5,4
378(E2),L,P,-4.735,0,9,4
378(E2),L,Q,-3.776,0.2268,7.5,4
378(E2),L,R,-6.35,0,5.75,4
378(E2),L,S,-1.77,0.337,6.5,4
378(E2),L,T,-1.146,0.322,6,4
378(E2),L,V,-0.2874,0.7576,5,4
378(E2),L,W,3.044,1.338,4,4
378(E2),L,Y,-0.7004,0.2787,4,4
379(E1),E,*,-4.818,0,2.5,4
379(E1),E,A,-0.5368,0.8422,7.5,4
379(E1),E,C,-5.923,0,4.5,4
379(E1),E,D,-0.5318,0.7197,11.5,4
379(E1),E,E,0,0,,4
379(E1),E,F,0.3175,0.6947,10.5,4
379(E1),E,G,-2.121,0.448,9,4
379(E1),E,H,-0.3198,0.4795,7.5,4
379(E1),E,I,0.5968,1.796,10,4
379(E1),E,K,0.466,0.3062,67.75,4
379(E1),E,L,0.2625,1.791,7.5,4
379(E1),E,M,-0.8868,0.265,5,4
379(E1),E,N,-1.382,0.1532,9,4
379(E1),E,P,-1.008,1.318,7,4
379(E1),E,Q,0.3897,1.14,10.25,4
379(E1),E,R,-0.4833,1.112,6.5,4
379(E1),E,S,0.5726,1.105,6.5,4
379(E1),E,T,0.5712,0.8445,7.5,4
379(E1),E,V,0.9855,0.426,6.5,4
379(E1),E,W,-1.64,0.5773,6,4
379(E1),E,Y,-0.4085,0.4667,5.5,4
379(E2),L,A,-1.012,0.283,11,4
379(E2),L,C,-1.306,0.6464,6,4
379(E2),L,D,-6.71,0,5,4
379(E2),L,E,-6.175,0,9.5,4
379(E2),L,F,-0.7873,0.2787,10,4
379(E2),L,G,-5.907,0,4.5,4
379(E2),L,H,-6.786,0,5.5,4
379(E2),L,I,0.9456,1.209,4.5,4
379(E2),L,K,-5.534,0,2.5,2
379(E2),L,L,0,0,,4
379(E2),L,M,-0.4427,0.3084,9.5,4
379(E2),L,N,-6.785,0,7,4
379(E2),L,P,-4.718,0.4112,7.5,4
379(E2),L,Q,-5.986,0,5,4
379(E2),L,R,-6.611,0,4.5,4
379(E2),L,S,-2.308,0.5152,5,4
379(E2),L,T,-1.178,0.5973,3.5,4
379(E2),L,V,-1.213,0.5925,6.5,4
379(E2),L,W,-4.492,0.4475,6.5,4
379(E2),L,Y,-6.306,0.168,6,4
38(6K),L,*,-7.561,0,8,4
38(6K),L,A,-0.3337,1.117,9,4
38(6K),L,C,0.7095,0.7706,6.5,4
38(6K),L,D,1.116,0.8281,10,4
38(6K),L,E,-0.2921,1.868,9.5,4
38(6K),L,F,-0.4554,0.9673,9,4
38(6K),L,G,0.08245,0.3423,7.5,4
38(6K),L,H,-0.1521,0.6174,8.75,4
38(6K),L,I,-0.133,0.461,11.5,4
38(6K),L,K,0.3204,1.27,5,4
38(6K),L,L,0,0,,4
38(6K),L,M,0.362,0.7097,9.5,4
38(6K),L,N,-0.0135,0.5675,10,4
38(6K),L,P,-0.9996,0.6378,9.5,4
38(6K),L,Q,-0.645,0.3972,7.5,4
38(6K),L,R,0.8712,0.4321,7.5,4
38(6K),L,S,0.4898,0.4567,5.5,4
38(6K),L,T,1.086,2.386,12,4
38(6K),L,V,-0.0871,0.4947,10.5,4
38(6K),L,W,-0.5047,0.3752,6.5,4
38(6K),L,Y,0.2167,1.168,6.5,4
38(E1),L,A,-1.933,0.06886,11,4
38(E1),L,C,-4.102,0.1615,11.5,4
38(E1),L,D,-5.556,0,4,4
38(E1),L,E,-2.859,0.1377,5,4
38(E1),L,F,-6.786,0.1871,9,4
38(E1),L,G,-7.761,0,11.5,4
38(E1),L,H,-2.606,0.3374,5.5,4
38(E1),L,I,-1.138,2.24,6.5,4
38(E1),L,K,-5.306,0,9,4
38(E1),L,L,0,0,,4
38(E1),L,M,-1.341,0.4904,7,4
38(E1),L,N,-2.106,0.204,7.5,4
38(E1),L,P,-7.336,0,14.25,4
38(E1),L,Q,-0.9455,0.5551,10,4
38(E1),L,R,-5.954,0,9.25,4
38(E1),L,S,-1.579,0.7842,6,4
38(E1),L,T,-1.981,0.1932,5,4
38(E1),L,V,-1.268,0.3345,8.5,4
38(E1),L,W,-7.416,0,6.5,4
38(E1),L,Y,-7.245,0,9.5,4
38(E2),R,*,-4.5,0.377,2.5,2
38(E2),R,-,0.3247,0.9933,0.5,2
38(E2),R,A,-1.294,1.077,6.5,4
38(E2),R,C,-5.903,0,4.5,4
38(E2),R,D,-5.612,0,6.5,4
38(E2),R,E,-6.234,0,7,4
38(E2),R,F,-1.058,1.795,1.5,4
38(E2),R,G,-2.755,0.1531,16,4
38(E2),R,H,-3.968,0.391,9,4
38(E2),R,I,-2.913,0.4367,13.5,4
38(E2),R,K,-1.796,0.03489,13,4
38(E2),R,L,-1.517,0.2235,6.5,4
38(E2),R,M,-1.295,1.027,5.5,4
38(E2),R,N,-2.418,0.1454,8.5,4
38(E2),R,P,-6.344,0,14,4
38(E2),R,Q,-0.6848,0.6841,9,4
38(E2),R,R,0,0,,4
38(E2),R,S,-2.053,0.4769,10,4
38(E2),R,T,-3.248,0.1643,8.25,4
38(E2),R,V,-2.502,0.06779,4.5,4
38(E2),R,W,-2.183,0.04786,6.75,4
38(E2),R,Y,-2.819,0.227,7.5,4
38(E3),L,*,-6.475,0,6,4
38(E3),L,-,-0.8924,0.0553,2,2
38(E3),L,A,-1.068,0.4154,8.5,4
38(E3),L,C,-1.09,0.1305,10.5,4
38(E3),L,D,-1.719,0.3695,7,4
38(E3),L,E,-3.021,0.1653,7.5,4
38(E3),L,F,-0.8758,0.0536,9,4
38(E3),L,G,-1.769,0.2484,6,4
38(E3),L,H,-3.256,0.3616,7.5,4
38(E3),L,I,-0.3561,0.1839,10,4
38(E3),L,K,-6.319,0,8,4
38(E3),L,L,0,0,,4
38(E3),L,M,-0.6541,0.476,8.5,4
38(E3),L,N,-1.043,0.6646,4,4
38(E3),L,P,-6.416,0,17.5,4
38(E3),L,Q,-2.064,0.161,12,4
38(E3),L,R,-6.776,0,12.5,4
38(E3),L,S,-1.34,0.214,8.5,4
38(E3),L,T,-1.696,0.6343,4.5,4
38(E3),L,V,-0.4302,0.5068,7.5,4
38(E3),L,W,-3.414,0.5828,7,4
38(E3),L,Y,-5.003,0.5997,7.5,4
380(E1),C,*,-4.744,1.005,5.5,4
380(E1),C,A,-7.064,0,4.5,4
380(E1),C,C,0,0,,4
380(E1),C,D,-6.892,0,3,4
380(E1),C,E,-6.836,0,3.5,4
380(E1),C,F,-7.044,0,8,4
380(E1),C,G,-5.903,0,7.5,4
380(E1),C,H,-6.671,0,5,4
380(E1),C,I,-7.28,0,9,4
380(E1),C,K,-6.668,0.05153,2,4
380(E1),C,L,-6.931,0,7.5,4
380(E1),C,M,-6.959,0,11,4
380(E1),C,N,-6.952,0,4.5,4
380(E1),C,P,-7.265,0,4.5,4
380(E1),C,Q,-6.671,0,3,4
380(E1),C,R,-6.351,0,10,4
380(E1),C,S,-7.392,0,5.5,4
380(E1),C,T,-6.976,0,6,4
380(E1),C,V,-6.913,0,4,4
380(E1),C,W,-6.54,0,3.75,4
380(E1),C,Y,-8.489,0,16.5,4
380(E2),S,A,-0.5372,1.067,6.5,4
380(E2),S,C,-0.4585,0.2892,9,4
380(E2),S,D,-1.632,3.497,1.5,4
380(E2),S,E,-2.721,0.3238,6.5,4
380(E2),S,F,-1.526,0.345,6,4
380(E2),S,G,-0.6932,0.3284,6.5,4
380(E2),S,H,-3.067,0.173,6,4
380(E2),S,I,-0.9688,0.6157,7.5,4
380(E2),S,K,-4.421,0.0799,6,4
380(E2),S,L,0.7121,0.6519,7.75,4
380(E2),S,M,0.0618,0.3413,3.75,3
380(E2),S,N,-1.394,0.1798,26.5,4
380(E2),S,P,-5.345,0,6.5,4
380(E2),S,Q,-2.896,0.2528,7.5,4
380(E2),S,R,-5.351,0,12.25,4
380(E2),S,S,0,0,,4
380(E2),S,T,-0.5217,1.06,13,4
380(E2),S,V,0.8801,1.687,6,4
380(E2),S,W,-2.325,0.1794,4.5,4
380(E2),S,Y,-3.22,0.1964,5.5,4
381(E1),H,-,-1.326,0.264,0.5,2
381(E1),H,A,0.3842,0.2287,4.5,4
381(E1),H,C,-2.199,0.9597,3.5,4
381(E1),H,D,-0.8298,0.1533,8,4
381(E1),H,E,2.003,0.6712,5,4
381(E1),H,F,0.04025,1.097,6,4
381(E1),H,G,0.8091,1.521,6,4
381(E1),H,H,0,0,,4
381(E1),H,I,0.0101,0.2299,7,4
381(E1),H,K,-0.4297,1.326,4,4
381(E1),H,L,-0.5108,0.9953,7.25,4
381(E1),H,M,0.2638,2.228,5.5,4
381(E1),H,N,-0.06595,0.7067,9,4
381(E1),H,P,-3.288,0.3447,6.5,4
381(E1),H,Q,3.265,2.153,7.25,4
381(E1),H,R,0.6867,0.7579,10.75,4
381(E1),H,S,-0.3169,0.4556,6,4
381(E1),H,T,-1.016,0.5127,8.5,4
381(E1),H,V,-0.0242,2.556,3.5,4
381(E1),H,W,-1.476,0.2257,5,4
381(E1),H,Y,-0.9661,1.139,7,4
381(E2),M,A,-0.3702,0.1723,5.75,4
381(E2),M,C,-0.3733,0.4297,4.5,4
381(E2),M,D,-6.268,0,6.75,4
381(E2),M,E,-2.912,0.3129,5,4
381(E2),M,F,-0.5298,1.16,4.5,4
381(E2),M,G,-0.1562,1.207,5.5,4
381(E2),M,H,-3.56,0.3498,6,4
381(E2),M,I,-0.2019,0.2167,26.5,4
381(E2),M,K,-5.25,0.155,3.5,4
381(E2),M,L,0.3646,0.872,8,4
381(E2),M,M,0,0,,4
381(E2),M,N,-2.773,0.101,5.5,4
381(E2),M,P,-3.584,0.4368,4,4
381(E2),M,Q,-2.236,0.9304,3.5,4
381(E2),M,R,-5.225,0,8,4
381(E2),M,S,-0.4224,0.2665,8,4
381(E2),M,T,-1.296,0.1697,4.5,4
381(E2),M,V,-0.8571,0.2554,8,4
381(E2),M,W,-2.18,0.2114,7,4
381(E2),M,Y,-2.198,0.2111,3.5,4
382(E1),P,-,-1.571,0.1075,1,2
382(E1),P,A,-0.0488,0.8798,5,4
382(E1),P,C,-6.629,0,6,4
382(E1),P,D,-3.071,0.6764,4.5,4
382(E1),P,E,-1.408,0.6931,5,4
382(E1),P,F,-4.241,0.5631,5,4
382(E1),P,G,-2.475,0.2567,7.75,4
382(E1),P,H,-2.223,0.6273,11,4
382(E1),P,I,-3.134,0.2495,6.5,4
382(E1),P,K,-1.694,0.448,5.5,4
382(E1),P,L,-3.111,0.5611,8,4
382(E1),P,M,-1.928,0.6338,6,4
382(E1),P,N,-2.442,0.6645,5,4
382(E1),P,P,0,0,,4
382(E1),P,Q,-1.131,0.769,3,4
382(E1),P,R,-2.073,0.2756,4.5,4
382(E1),P,S,-1.927,0.2414,8,4
382(E1),P,T,-2.694,1.047,5.5,4
382(E1),P,V,-2.79,0.3872,6.5,4
382(E1),P,W,-4.036,0.07471,6,4
382(E1),P,Y,-6.66,0,6,4
382(E2),V,A,-1.41,0.1289,8,4
382(E2),V,C,-0.4479,0.9381,6.5,4
382(E2),V,D,-6.006,0.1749,6.5,4
382(E2),V,E,-5.335,0,5.5,4
382(E2),V,F,-0.4519,0.5089,5.5,4
382(E2),V,G,-1.425,0.2359,5.25,4
382(E2),V,H,-4.178,0.63,5,4
382(E2),V,I,0.4533,1.03,16.5,4
382(E2),V,K,-7.79,0,6,4
382(E2),V,L,0.3933,1.249,8.5,4
382(E2),V,M,-0.06005,0.452,7.5,4
382(E2),V,N,-3.55,0.7489,5,4
382(E2),V,P,-2.586,0.5963,7,4
382(E2),V,Q,-3.322,0.3601,3.5,4
382(E2),V,R,-6.369,0.6092,4.75,4
382(E2),V,S,-1.084,0.2063,5.5,4
382(E2),V,T,-1.274,0.6723,4,4
382(E2),V,V,0,0,,4
382(E2),V,W,-2.42,0.1669,7.5,4
382(E2),V,Y,-3.023,0.4039,6,4
383(E1),P,-,-1.661,0.0065,1,2
383(E1),P,A,-4.237,0.06011,5.5,4
383(E1),P,C,-7.536,0,6,4
383(E1),P,D,-5.197,0,5,4
383(E1),P,E,-5.888,0,7.5,4
383(E1),P,F,-7.185,0,7,4
383(E1),P,G,-5.697,0,5,4
383(E1),P,H,-6.938,0,11,4
383(E1),P,I,-6.288,0,5,4
383(E1),P,K,-7.396,0,6,4
383(E1),P,L,-6.565,0,9.5,4
383(E1),P,M,-6.293,0,5,4
383(E1),P,N,-5.492,0,5,4
383(E1),P,P,0,0,,4
383(E1),P,Q,-7.08,0,5,4
383(E1),P,R,-8.107,0,5,4
383(E1),P,S,-3.499,0.09632,11.5,4
383(E1),P,T,-4.379,0,11.5,4
383(E1),P,V,-5.696,0,8,4
383(E1),P,W,-6.84,0,6,4
383(E1),P,Y,-6.672,0,4,4
383(E2),G,*,-1.962,1.192,2.5,4
383(E2),G,-,-0.9844,0.6056,0.5,2
383(E2),G,A,-0.6181,0.3799,5.5,4
383(E2),G,C,-1.13,0.09808,7.5,4
383(E2),G,D,-5.281,0.2065,5.5,4
383(E2),G,E,-5.485,0,27.75,4
383(E2),G,F,-1.076,0.2149,8.5,4
383(E2),G,G,0,0,,4
383(E2),G,H,-3.397,0.1165,9,4
383(E2),G,I,-1.246,0.2841,7.5,4
383(E2),G,K,-3.999,0.1345,6,4
383(E2),G,L,-0.8823,0.07338,6.5,4
383(E2),G,M,-0.6774,1.522,5.5,4
383(E2),G,N,-2.71,0.3731,4,4
383(E2),G,P,-1.361,0.2256,9.5,4
383(E2),G,Q,-3.942,0.2186,4.75,4
383(E2),G,R,-3.276,0.09414,46.5,4
383(E2),G,S,-0.7742,0.5097,4.5,4
383(E2),G,T,0.2892,0.8102,6.5,4
383(E2),G,V,-0.3157,0.448,11.5,4
383(E2),G,W,-1.716,0.4506,3,4
383(E2),G,Y,-2.415,0.09195,8,4
384(E1),K,*,-5.399,0,2,4
384(E1),K,-,-2.201,0.035,1,2
384(E1),K,A,-2.167,0.2145,4.5,4
384(E1),K,C,-6.98,0,6,4
384(E1),K,D,-1.986,0.4289,7,4
384(E1),K,E,0.1548,0.1069,6,4
384(E1),K,F,-3.723,0.2578,9,4
384(E1),K,G,-1.938,0.4333,8,4
384(E1),K,H,-0.8367,1.205,7.75,4
384(E1),K,I,-1.893,0.3811,7,4
384(E1),K,K,0,0,,4
384(E1),K,L,-1.038,0.5634,7.5,4
384(E1),K,M,-1.343,0.2332,8,4
384(E1),K,N,-1.592,0.4672,12,4
384(E1),K,P,-1.883,1.065,7.5,4
384(E1),K,Q,-0.06865,0.8427,8,4
384(E1),K,R,-1.233,0.5095,9,4
384(E1),K,S,-1.639,0.4232,5,4
384(E1),K,T,-1.39,0.1497,11,4
384(E1),K,V,0.943,2.633,8,4
384(E1),K,W,-4.508,0,9,4
384(E1),K,Y,-3.784,0.2106,5.5,4
384(E2),V,-,-1.141,0.5071,0.5,2
384(E2),V,A,1.37,0.7491,10,4
384(E2),V,C,0.674,0.7445,8.5,4
384(E2),V,D,-5.702,0,3.5,4
384(E2),V,E,-6.036,0.06062,8,4
384(E2),V,F,0.2632,1.59,6.5,4
384(E2),V,G,0.2584,1.288,4,4
384(E2),V,H,-2.152,1.898,4.5,4
384(E2),V,I,-0.5426,0.5826,2.5,4
384(E2),V,K,-4.882,0,4.5,4
384(E2),V,L,1.147,1.039,8,4
384(E2),V,M,-0.01895,0.4183,10,4
384(E2),V,N,-3.298,0.1725,3.5,2
384(E2),V,P,-3.907,0.33,8.5,4
384(E2),V,Q,-3.616,0.9463,1.5,4
384(E2),V,R,-5.915,0,4,4
384(E2),V,S,-0.1442,0.5286,4.5,4
384(E2),V,T,-0.7967,0.581,7.5,4
384(E2),V,V,0,0,,4
384(E2),V,W,-1.401,0.4449,6,4
384(E2),V,Y,-2.404,0.4486,5.5,4
385(E1),D,-,-1.034,0.7216,1.5,4
385(E1),D,A,-1.359,0.8217,5.5,4
385(E1),D,C,-7.014,0,7.5,4
385(E1),D,D,0,0,,4
385(E1),D,E,0.663,0.1302,12.5,4
385(E1),D,F,-2.801,0.2148,7,4
385(E1),D,G,-3.217,0.2367,8.25,4
385(E1),D,H,-2.406,0.5223,4.5,4
385(E1),D,I,-0.8272,0.2664,6,4
385(E1),D,K,-2.264,0.2625,6.5,4
385(E1),D,L,-1.991,0.3482,6,4
385(E1),D,M,-3.067,0.379,4.5,4
385(E1),D,N,-0.3455,1.626,13,4
385(E1),D,P,-5.072,0.1338,8,4
385(E1),D,Q,-0.6864,1.184,4,4
385(E1),D,R,-2.534,0.1711,7,4
385(E1),D,S,-2.591,0.3126,3,4
385(E1),D,T,-2.042,0.6935,5.5,4
385(E1),D,V,-1.52,0.2989,6,4
385(E1),D,W,-3.118,0.3172,9,4
385(E1),D,Y,-3.97,0.5281,8.5,4
385(E2),A,*,-6.71,0,0.5,2
385(E2),A,-,-0.5861,0.1974,0.5,2
385(E2),A,A,0,0,,4
385(E2),A,C,-0.3316,0.3962,10,4
385(E2),A,D,-3.343,0.3996,10,4
385(E2),A,E,-2.926,0.6669,2.5,4
385(E2),A,F,-0.6035,0.3326,7,4
385(E2),A,G,-0.4015,0.8255,7.5,4
385(E2),A,H,-3.965,0.1972,7,4
385(E2),A,I,1.324,0.4484,4.5,4
385(E2),A,K,-5.373,0,4.5,4
385(E2),A,L,0.1224,0.7272,3.5,4
385(E2),A,M,-1.704,1.028,6,4
385(E2),A,N,-2.362,0.2831,7,4
385(E2),A,P,-2.529,0.09988,8,4
385(E2),A,Q,-4.321,0.1494,6.5,4
385(E2),A,R,-6.606,0,1.5,2
385(E2),A,S,-0.02975,0.2053,13,4
385(E2),A,T,-0.4841,0.2593,28.5,4
385(E2),A,V,-0.8834,0.1731,59.5,4
385(E2),A,W,-2.387,0.5046,5,4
385(E2),A,Y,-0.4828,0.7811,6.5,4
386(E1),H,-,-1.282,1.029,1.5,4
386(E1),H,A,-5.46,0,8.5,4
386(E1),H,C,-6.459,0,8.5,4
386(E1),H,D,-6.236,0,9.5,4
386(E1),H,E,-6.501,0,3.5,4
386(E1),H,F,-3.711,0.2413,7.5,4
386(E1),H,G,-6.268,0,6.5,4
386(E1),H,H,0,0,,4
386(E1),H,I,-5.551,0,7,4
386(E1),H,K,-4.918,0,6,4
386(E1),H,L,-3.734,0.2152,4,4
386(E1),H,M,-3.976,0.1212,7.5,4
386(E1),H,N,-5.552,0.07534,14,4
386(E1),H,P,-4,0.248,7,4
386(E1),H,Q,-5.488,0.1483,6,4
386(E1),H,R,-4.532,0.07231,9.5,4
386(E1),H,S,-5.54,0,7.5,4
386(E1),H,T,-5.898,0,4.5,4
386(E1),H,V,-5.038,0.08176,9,4
386(E1),H,W,0.03985,0.7002,5,4
386(E1),H,Y,-2.33,0.2832,9.5,4
386(E2),V,-,-0.4296,0.0706,0.5,2
386(E2),V,A,-0.06118,0.2615,7.5,4
386(E2),V,C,-0.6073,0.9009,6.5,4
386(E2),V,D,-6.112,0,6,4
386(E2),V,E,-6.788,0,6.5,4
386(E2),V,F,0.01248,0.5985,7.5,4
386(E2),V,G,-0.9546,0.7566,4,4
386(E2),V,H,-5.603,0.2507,4,4
386(E2),V,I,0.6719,1.062,4.5,4
386(E2),V,K,-5.505,0,3.5,4
386(E2),V,L,-0.3548,0.4189,8,4
386(E2),V,M,-0.8895,0.351,20,4
386(E2),V,N,-6.063,0,3,2
386(E2),V,P,-4.609,0.3261,6.75,4
386(E2),V,Q,-4.752,0,4.5,4
386(E2),V,R,-5.179,0.3178,4.5,4
386(E2),V,S,-2.229,0.2696,8.5,4
386(E2),V,T,-1.452,0.03352,6.5,4
386(E2),V,V,0,0,,4
386(E2),V,W,-1.724,0.1994,7,4
386(E2),V,Y,-1.8,0.8723,3,4
387(E1),I,-,-1.272,0.9486,1.5,4
387(E1),I,A,-6.226,0.1589,5.5,4
387(E1),I,C,-6.824,0,8.5,4
387(E1),I,D,-6.863,0,4.5,4
387(E1),I,E,-6.875,0,4.5,4
387(E1),I,F,-6.103,0,6.5,4
387(E1),I,G,-6.292,0,5,4
387(E1),I,H,-6.582,0,5,4
387(E1),I,I,0,0,,4
387(E1),I,K,-6.708,0,4.5,4
387(E1),I,L,-4.951,0,10,4
387(E1),I,M,-5.66,0,6.5,4
387(E1),I,N,-7.274,0,15.5,4
387(E1),I,P,-6.278,0,6,4
387(E1),I,Q,-6.245,0,4.5,4
387(E1),I,R,-7.108,0,8.5,4
387(E1),I,S,-6.627,0,10,4
387(E1),I,T,-5.7,0,9,4
387(E1),I,V,-2.412,0.7864,7,4
387(E1),I,W,-6.846,0,6,4
387(E1),I,Y,-6.152,0,7,4
387(E2),G,-,0.6444,0.02105,0.5,2
387(E2),G,A,1.275,0.2337,4,4
387(E2),G,C,-0.521,0.1549,7,4
387(E2),G,D,-2.8,0.1545,46.75,4
387(E2),G,E,-2.353,0.5337,4,4
387(E2),G,F,-1.244,0.3292,8,4
387(E2),G,G,0,0,,4
387(E2),G,H,-0.4612,0.5016,5.5,4
387(E2),G,I,-0.1835,0.7772,5,4
387(E2),G,K,0.0117,0.8089,6,4
387(E2),G,L,0.2488,1.203,7,4
387(E2),G,M,0.5606,1.79,8,4
387(E2),G,N,-0.7325,0.5543,9,4
387(E2),G,P,-0.9129,0.3086,2,4
387(E2),G,Q,-0.7337,0.5388,4.5,4
387(E2),G,R,0.1182,0.3487,7,4
387(E2),G,S,-0.2187,0.6379,13,4
387(E2),G,T,0.7008,0.7631,5.5,4
387(E2),G,V,-0.00535,1.584,8,4
387(E2),G,W,1.882,0.7021,4.5,4
387(E2),G,Y,-0.1361,0.5898,6.5,4
388(E1),V,-,-1.102,0.65,2.5,4
388(E1),V,A,-3.575,0.7021,11.25,4
388(E1),V,C,-6.994,0,5.5,4
388(E1),V,D,-6.377,0,7,4
388(E1),V,E,-6.113,0,6.75,4
388(E1),V,F,-5.415,0,10.5,4
388(E1),V,G,-6.165,0,4.5,4
388(E1),V,H,-5.77,0,10,4
388(E1),V,I,-0.5027,0.7667,6,4
388(E1),V,K,-3.623,0.2186,6.5,4
388(E1),V,L,-2.846,0.3585,10,4
388(E1),V,M,-2.501,0.5339,21,4
388(E1),V,N,-5.062,0.1598,5.5,4
388(E1),V,P,-6.848,0,6.5,4
388(E1),V,Q,-4.327,0.08011,4.5,4
388(E1),V,R,-3.292,0.3823,4.5,4
388(E1),V,S,-4.805,0.2671,6.5,4
388(E1),V,T,-2.455,0.1697,7.5,4
388(E1),V,V,0,0,,4
388(E1),V,W,-6.771,0,7,4
388(E1),V,Y,-5.307,0,6,4
388(E2),M,-,1.365,0.3911,0.5,2
388(E2),M,A,-0.6557,0.6615,4.5,4
388(E2),M,C,-0.8735,0.4949,4,4
388(E2),M,D,-6.408,0,5,4
388(E2),M,E,-3.705,0.3186,5,4
388(E2),M,F,-0.5945,0.6556,4.5,4
388(E2),M,G,-0.5831,0.3574,5,4
388(E2),M,H,-0.188,0.1129,0.5,2
388(E2),M,I,-0.5175,0.7538,19,4
388(E2),M,K,-2.247,0.5186,7.75,4
388(E2),M,L,0.2344,0.4121,4,4
388(E2),M,M,0,0,,4
388(E2),M,N,-3.184,0.4209,3,4
388(E2),M,P,-4.845,0.2544,4.5,4
388(E2),M,Q,-2.388,0.7252,4.5,4
388(E2),M,R,-3.439,0.3198,4,4
388(E2),M,S,-1.533,0.149,2,2
388(E2),M,T,-0.3728,0.8181,10.25,4
388(E2),M,V,0.1325,0.8998,6,4
388(E2),M,W,-1.965,0.5553,8,4
388(E2),M,Y,-2.573,0.4432,5.5,4
389(E1),N,-,-0.7252,0.102,1.5,4
389(E1),N,A,-2.891,0.2451,7,4
389(E1),N,C,-6.556,0,9.25,4
389(E1),N,D,-3.095,0.4841,10.5,4
389(E1),N,E,-0.9842,1.073,1,4
389(E1),N,F,-3.08,0.1173,9.75,4
389(E1),N,G,-2.978,0.3514,3.5,4
389(E1),N,H,-2.689,0.5792,9.5,4
389(E1),N,I,-4.192,0.1026,5.5,4
389(E1),N,K,-4.133,0.1296,21,4
389(E1),N,L,-2.578,0.173,9.5,4
389(E1),N,M,-1.956,0.6737,5.5,4
389(E1),N,N,0,0,,4
389(E1),N,P,-2.123,0.2022,9.5,4
389(E1),N,Q,-1.865,0.281,8,4
389(E1),N,R,-4.279,0.1728,4,4
389(E1),N,S,-1.853,0.715,8,4
389(E1),N,T,-2.521,0.2874,8.5,4
389(E1),N,V,-3.563,0.2735,6,4
389(E1),N,W,-5.095,0.05239,5,4
389(E1),N,Y,-6.547,0,6.5,4
389(E2),C,-,0.6774,0.1946,0.5,2
389(E2),C,A,-1.707,0.4814,4.5,4
389(E2),C,C,0,0,,4
389(E2),C,D,-6.326,0,5.5,4
389(E2),C,E,-4.85,0.3901,4.5,4
389(E2),C,F,-1.378,1.649,5.75,4
389(E2),C,G,-3.011,0.7818,6,4
389(E2),C,H,-4.242,0.06972,6,4
389(E2),C,I,1.915,1.058,6,4
389(E2),C,K,-4.528,0,3,4
389(E2),C,L,-0.9886,0.2816,3,4
389(E2),C,M,-1.097,0.4402,3,4
389(E2),C,N,-4.283,0.5036,4,4
389(E2),C,P,-4.046,0.2418,3.5,4
389(E2),C,Q,-5.495,0.2667,5.5,4
389(E2),C,R,-6.236,0,7.5,4
389(E2),C,S,-3.539,0.454,6,4
389(E2),C,T,-1.63,0.5619,5,4
389(E2),C,V,-0.2268,0.4716,7,4
389(E2),C,W,-0.8688,0.4644,6.5,4
389(E2),C,Y,-1.255,0.3926,18,4
39(6K),L,A,1.371,2.378,9.5,4
39(6K),L,C,-1.503,0.774,7.5,4
39(6K),L,D,0.4545,0.7938,6,4
39(6K),L,E,0.5444,0.8355,6,4
39(6K),L,F,1.117,0.5993,8.5,4
39(6K),L,G,0.9522,0.5124,7.75,4
39(6K),L,H,1.195,0.6346,6.5,4
39(6K),L,I,-0.3304,1.236,4.5,4
39(6K),L,K,-0.2581,0.2769,6.5,4
39(6K),L,L,0,0,,4
39(6K),L,M,0.1493,0.2409,9,4
39(6K),L,N,-0.2954,0.5565,6.5,4
39(6K),L,P,-1.089,0.9041,6.5,4
39(6K),L,Q,1.771,1.462,8,4
39(6K),L,R,-0.4168,0.8935,9.25,4
39(6K),L,S,-0.1257,0.4319,7.5,4
39(6K),L,T,1.615,0.8611,8,4
39(6K),L,V,0.69,2.29,7.5,4
39(6K),L,W,-0.1576,0.3667,9.5,4
39(6K),L,Y,0.3385,1.215,9.75,4
39(E1),E,*,-5.963,0,5,4
39(E1),E,A,-0.4934,0.433,4.5,4
39(E1),E,C,-0.618,0.6856,8.75,4
39(E1),E,D,-1.034,0.3932,6.5,4
39(E1),E,E,0,0,,4
39(E1),E,F,0.1237,1.371,9.5,4
39(E1),E,G,-2.894,0.6304,12.5,4
39(E1),E,H,-0.2142,0.7777,11,4
39(E1),E,I,-1.076,1.545,5.5,4
39(E1),E,K,-0.9456,0.1503,49,4
39(E1),E,L,-1.185,0.7269,7.5,4
39(E1),E,M,-1.006,0.6095,11,4
39(E1),E,N,-0.2938,2.403,8.5,4
39(E1),E,P,-7.121,0,7.5,4
39(E1),E,Q,-1.329,0.2912,10,4
39(E1),E,R,-1.662,0.9263,6,4
39(E1),E,S,-0.1099,0.5326,6.5,4
39(E1),E,T,-0.2988,0.2495,8,4
39(E1),E,V,-0.8814,0.6403,6.5,4
39(E1),E,W,-0.472,0.6023,6,4
39(E1),E,Y,0.5915,0.5161,12.75,4
39(E2),N,A,-1.158,0.4495,10,4
39(E2),N,C,-3.009,0.135,9,4
39(E2),N,D,0.678,0.284,8.75,4
39(E2),N,E,-8.661,0,4,4
39(E2),N,F,-5.065,0,10,4
39(E2),N,G,-1.963,0.1991,7,4
39(E2),N,H,-2.383,0.2682,11.5,4
39(E2),N,I,-5.252,0,8,4
39(E2),N,K,-5.797,0,9,4
39(E2),N,L,-6.529,0,10.5,4
39(E2),N,M,-6.905,0,8.5,4
39(E2),N,N,0,0,,4
39(E2),N,P,-6.122,0,7.5,4
39(E2),N,Q,-2.543,0.9251,8,4
39(E2),N,R,-6.673,0,5.5,4
39(E2),N,S,-0.6597,0.3347,5,4
39(E2),N,T,-3.071,0.2336,9,4
39(E2),N,V,-5.891,0,8.5,4
39(E2),N,W,-6.453,0,4.5,4
39(E2),N,Y,-6.067,0,6.5,4
39(E3),E,*,-6.154,0,6,4
39(E3),E,-,-2.892,1.689,3,4
39(E3),E,A,-1.435,0.1753,8,4
39(E3),E,C,-1.136,0.1237,12.5,4
39(E3),E,D,-2.244,0.2677,10,4
39(E3),E,E,0,0,,4
39(E3),E,F,-2.853,0.1303,12.5,4
39(E3),E,G,-2.101,0.1418,11.5,4
39(E3),E,H,-2.494,0.2468,8.5,4
39(E3),E,I,-2.997,0.1273,9.5,4
39(E3),E,K,-4.921,0,48.5,4
39(E3),E,L,-3.783,0.5848,11,4
39(E3),E,M,-0.5756,0.691,8,4
39(E3),E,N,-3.6,0.521,9,4
39(E3),E,P,-6.306,0,11.5,4
39(E3),E,Q,-0.8439,0.06812,13.5,4
39(E3),E,R,-5.667,0,9.5,4
39(E3),E,S,-1.644,0.3398,7.5,4
39(E3),E,T,-2.29,0.87,5.5,4
39(E3),E,V,-2.716,0.2715,15.5,4
39(E3),E,W,-4.809,0.3118,10,4
39(E3),E,Y,-3.81,0.4408,14,4
390(E1),Y,*,-6.797,0,4.5,4
390(E1),Y,-,-4.709,1.722,3,4
390(E1),Y,A,-2.939,0.2121,6.5,4
390(E1),Y,C,-7.267,0,11.75,4
390(E1),Y,D,-7.146,0,9.5,4
390(E1),Y,E,-7.272,0,9.5,4
390(E1),Y,F,-0.9751,0.7071,9.5,4
390(E1),Y,G,-5.806,0.000433,5.5,4
390(E1),Y,H,-0.6071,1.164,14.5,4
390(E1),Y,I,-3.571,0.3553,6,4
390(E1),Y,K,-3.204,0.1164,8,4
390(E1),Y,L,-3.87,0.3012,5,4
390(E1),Y,M,-2.709,0.382,11,4
390(E1),Y,N,-3.228,0.6018,7.5,4
390(E1),Y,P,-7.055,0,10.5,4
390(E1),Y,Q,-2.83,0.1682,5.5,4
390(E1),Y,R,-1.836,0.2486,8.5,4
390(E1),Y,S,-2.101,0.3886,6.5,4
390(E1),Y,T,-7.835,0,12.5,4
390(E1),Y,V,-3.772,0.2849,13,4
390(E1),Y,W,-0.8206,1.053,8,4
390(E1),Y,Y,0,0,,4
390(E2),M,-,0.4254,0.3213,0.5,2
390(E2),M,A,-1.368,1.929,5,4
390(E2),M,C,-0.1753,2.642,5,4
390(E2),M,D,-4.075,0.749,5.5,4
390(E2),M,E,-2.682,0.5676,4.5,4
390(E2),M,F,-0.7655,0.6195,3.5,4
390(E2),M,G,-1.728,0.5875,5,4
390(E2),M,H,0.33,1.699,5,4
390(E2),M,I,0.00585,0.2591,19,4
390(E2),M,K,-1.938,0.3498,2.5,4
390(E2),M,L,-0.5487,0.3748,5.5,4
390(E2),M,M,0,0,,4
390(E2),M,N,-1.97,0.1714,5,4
390(E2),M,P,-3.518,0.3199,4.5,4
390(E2),M,Q,-1.962,0.3154,5,4
390(E2),M,R,-1.714,0.5931,8,4
390(E2),M,S,-1.621,0.3529,6,4
390(E2),M,T,-1.272,0.1905,7,4
390(E2),M,V,-0.7513,0.434,7.5,4
390(E2),M,W,-0.0212,0.4586,6,4
390(E2),M,Y,1.414,0.7102,4.5,4
391(E1),P,-,0.1337,0.3572,2,4
391(E1),P,A,-3.636,0.1954,12.5,4
391(E1),P,C,-7.31,0,10.5,4
391(E1),P,D,-6.146,0,9.5,4
391(E1),P,E,-11.04,0,3.5,2
391(E1),P,F,-3.747,0.1756,9,4
391(E1),P,G,-6.447,0,6,4
391(E1),P,H,-2.719,0.3414,13,4
391(E1),P,I,-1.1,1.283,6,4
391(E1),P,K,-1.192,0.1893,5.5,4
391(E1),P,L,-2.276,0.2475,15,4
391(E1),P,M,-2.334,1.142,7,4
391(E1),P,N,-5.938,0,7.5,4
391(E1),P,P,0,0,,4
391(E1),P,Q,0.068,2.338,6.5,4
391(E1),P,R,0.1724,0.5632,9,4
391(E1),P,S,-4.7,0.2299,17.5,4
391(E1),P,T,-8.838,0,16,4
391(E1),P,V,-2.816,0.356,7.5,4
391(E1),P,W,-6.191,0,17,4
391(E1),P,Y,-3.566,0.3753,10,4
391(E2),C,-,0.7451,0.5719,0.5,2
391(E2),C,A,0.059,1.4,1.5,4
391(E2),C,C,0,0,,4
391(E2),C,D,-1.086,0.279,4.5,4
391(E2),C,E,-0.4929,0.205,3.5,4
391(E2),C,F,-0.5933,0.3269,7.5,4
391(E2),C,G,-1.273,0.1331,5.5,4
391(E2),C,H,-0.6841,1.477,3,4
391(E2),C,I,2.095,0.921,6.5,4
391(E2),C,K,-0.7733,0.3945,5,4
391(E2),C,L,-0.5235,1.592,5.5,4
391(E2),C,M,0.7857,0.6783,4,4
391(E2),C,N,-0.7296,1.629,6.5,4
391(E2),C,P,-4.059,0.3646,2.5,4
391(E2),C,Q,-0.8302,0.2605,4,4
391(E2),C,R,-0.4944,0.3106,8.5,4
391(E2),C,S,-0.8345,0.06316,6.25,4
391(E2),C,T,-0.8964,0.435,6,4
391(E2),C,V,0.416,1.852,4.5,4
391(E2),C,W,-0.3101,0.7118,4.5,4
391(E2),C,Y,1.847,1.255,12,4
392(E1),A,-,-0.1786,0.5815,1.5,4
392(E1),A,A,0,0,,4
392(E1),A,C,-6.703,0,8,4
392(E1),A,D,-7.272,0,16.5,4
392(E1),A,E,-7.086,0,10,4
392(E1),A,F,-2.183,0.5799,9.5,4
392(E1),A,G,-1.02,0.3445,9,4
392(E1),A,H,0.4544,0.8978,6.5,4
392(E1),A,I,-1.096,0.4552,10,4
392(E1),A,K,-1.763,0.2252,7,4
392(E1),A,L,0.3903,0.246,8.5,4
392(E1),A,M,-0.8599,0.5859,7,4
392(E1),A,N,-1.257,1.209,9.5,4
392(E1),A,P,-2.5,0.2501,7.5,4
392(E1),A,Q,-0.2099,0.3801,8,4
392(E1),A,R,-0.09983,1.087,6.75,4
392(E1),A,S,0.2486,0.5702,24,4
392(E1),A,T,0.5223,0.5049,34,4
392(E1),A,V,1.401,0.9999,14,4
392(E1),A,W,-1.171,1.8,6.75,4
392(E1),A,Y,0.9219,0.6431,7.5,4
392(E2),A,-,0.582,0.2054,0.5,2
392(E2),A,A,0,0,,4
392(E2),A,C,-1.683,0.2037,5.5,4
392(E2),A,D,-3.507,0.3827,8,4
392(E2),A,E,-2.334,0.06719,7,4
392(E2),A,F,-1.876,0.6517,4.5,4
392(E2),A,G,-2.864,0.5271,3.5,4
392(E2),A,H,-2.848,0.1006,7,4
392(E2),A,I,-0.4197,0.4821,4,4
392(E2),A,K,-3.101,1.008,3.5,4
392(E2),A,L,-0.05802,0.4909,5,4
392(E2),A,M,-0.9345,0.5016,3,4
392(E2),A,N,-4.389,0.5174,2,4
392(E2),A,P,-2.928,0.2188,6,4
392(E2),A,Q,-2.41,0.6804,3.5,4
392(E2),A,R,-2.889,0.6878,2.5,4
392(E2),A,S,-2.413,0.3936,10,4
392(E2),A,T,-1.99,0.1863,11.5,4
392(E2),A,V,-1.038,0.3325,27.75,4
392(E2),A,W,-2.578,0.8605,3.5,4
392(E2),A,Y,-2.251,0.4615,3.5,4
393(E1),S,*,-3.929,0.121,0.5,2
393(E1),S,-,0.0869,1.288,1,4
393(E1),S,A,-1.59,0.2951,10,4
393(E1),S,C,-6.752,0,11,4
393(E1),S,D,-3.854,0.187,7,4
393(E1),S,E,-5.029,0,7.5,4
393(E1),S,F,0.6615,1.963,9,4
393(E1),S,G,-2.484,1.32,9,4
393(E1),S,H,1.653,1.094,7.5,4
393(E1),S,I,0.0674,0.8506,7,4
393(E1),S,K,1.005,0.5997,11,4
393(E1),S,L,-0.8022,0.5857,10,4
393(E1),S,M,0.2389,1.767,7.5,4
393(E1),S,N,-7.376,0,27,4
393(E1),S,P,-2.168,0.1905,8,4
393(E1),S,Q,-0.1925,0.9019,7.75,4
393(E1),S,R,-1.091,0.2955,9,4
393(E1),S,S,0,0,,4
393(E1),S,T,-1.338,1.111,8.5,4
393(E1),S,V,-1.718,0.1904,12,4
393(E1),S,W,1.81,1.4,11,4
393(E1),S,Y,0.02735,0.6528,10.25,4
393(E2),R,A,-2.586,0.9989,3,4
393(E2),R,C,-1.924,0.291,8,4
393(E2),R,D,-3.594,0.6168,4.5,4
393(E2),R,E,-2.968,0.1565,3,4
393(E2),R,F,-2.684,0.6683,3,4
393(E2),R,G,-3.664,0.5128,4.25,4
393(E2),R,H,-2.946,0.1297,70.5,4
393(E2),R,I,-1.396,0.3785,4,4
393(E2),R,K,-2.785,0.1765,4.5,4
393(E2),R,L,-2.832,0.7406,8.5,4
393(E2),R,M,-2.567,0.362,5,4
393(E2),R,N,-3.431,0.3016,4,4
393(E2),R,P,-1.9,2.118,3.5,4
393(E2),R,Q,-3.574,0.3434,6,4
393(E2),R,R,0,0,,4
393(E2),R,S,-4.069,0.5012,7,4
393(E2),R,T,-2.152,0.09894,6.25,4
393(E2),R,V,-2.481,0.2713,4.5,4
393(E2),R,W,-3.897,0.6107,8.5,4
393(E2),R,Y,-2.912,0.392,4.5,4
394(E1),H,-,2.294,2.333,1,4
394(E1),H,A,-2.019,0.1152,10,4
394(E1),H,C,-6.761,0,10.5,4
394(E1),H,D,-5.54,0,9.5,4
394(E1),H,E,-5.893,0,9,4
394(E1),H,F,-1.211,0.4226,13,4
394(E1),H,G,-2.867,0.5322,9.25,4
394(E1),H,H,0,0,,4
394(E1),H,I,-2.087,0.2331,9,4
394(E1),H,K,-2.798,0.3255,6.5,4
394(E1),H,L,-2.337,0.2033,9,4
394(E1),H,M,-2.227,0.3906,10,4
394(E1),H,N,-6.835,0,13,4
394(E1),H,P,-4.421,0.3598,10,4
394(E1),H,Q,-2.065,0.1999,11.5,4
394(E1),H,R,-1.793,0.3324,8.5,4
394(E1),H,S,-2.519,0.5168,8,4
394(E1),H,T,-2.53,0.2413,11,4
394(E1),H,V,-2.149,0.3464,8.5,4
394(E1),H,W,-0.3905,1.576,4.5,4
394(E1),H,Y,-0.2207,0.3353,9.5,4
394(E2),R,*,-3.345,1.648,1,4
394(E2),R,A,1.291,0.7686,4.5,4
394(E2),R,C,-3.318,0.4476,5.5,4
394(E2),R,D,3.268,0.1646,5,4
394(E2),R,E,1.099,0.4742,3.5,4
394(E2),R,F,-4.018,0.3648,7.5,4
394(E2),R,G,-2.042,0.5438,8.5,4
394(E2),R,H,0.0685,2.145,3.5,4
394(E2),R,I,-2.751,0.16,11,4
394(E2),R,K,-0.3141,0.2958,16,4
394(E2),R,L,-2.554,0.5576,4,4
394(E2),R,M,-2.553,0.1036,8.5,4
394(E2),R,N,1.322,1.117,5.5,4
394(E2),R,P,-4.751,0.2819,7.5,4
394(E2),R,Q,0.6544,0.5882,4,4
394(E2),R,R,0,0,,4
394(E2),R,S,-0.322,0.8355,3.5,4
394(E2),R,T,-0.8108,0.8511,7,4
394(E2),R,V,-2.484,0.241,9.5,4
394(E2),R,W,-2.686,0.2681,8.5,4
394(E2),R,Y,-2.471,0.2858,6,4
395(E1),T,-,-0.382,0.4415,3.5,4
395(E1),T,A,-0.4502,0.5302,9.5,4
395(E1),T,C,-6.303,0,9.5,4
395(E1),T,D,-1.84,0.1191,8,4
395(E1),T,E,-1.151,0.8132,6,4
395(E1),T,F,0.1075,1.478,13.5,4
395(E1),T,G,0.4802,1.256,7.5,4
395(E1),T,H,-1.121,0.7091,9.5,4
395(E1),T,I,-1.393,0.4396,15,4
395(E1),T,K,-1.526,0.7695,7.5,4
395(E1),T,L,-0.1628,0.6345,11,4
395(E1),T,M,1.636,0.3917,6.5,4
395(E1),T,N,0.06135,0.6523,10.5,4
395(E1),T,P,-0.8797,0.2556,12,4
395(E1),T,Q,-0.2951,0.5252,24.5,4
395(E1),T,R,1.127,0.4058,9.5,4
395(E1),T,S,0.2386,0.3414,8.5,4
395(E1),T,T,0,0,,4
395(E1),T,V,-0.5134,0.8249,7,4
395(E1),T,W,-0.8339,0.2448,8,4
395(E1),T,Y,1.446,0.7827,11.5,4
395(E2),R,*,-2.366,1.612,1,4
395(E2),R,A,-1.044,0.444,4,4
395(E2),R,C,-2.385,0.1798,9,4
395(E2),R,D,-2.112,0.09566,8.5,4
395(E2),R,E,-1.2,0.4115,5.5,4
395(E2),R,F,-1.07,0.2362,6.5,4
395(E2),R,G,-3.2,0.4868,8,4
395(E2),R,H,-0.2571,0.4763,10.5,4
395(E2),R,I,0.1567,0.4617,10.5,4
395(E2),R,K,-0.6026,0.4233,24,4
395(E2),R,L,0.6099,1.262,9,4
395(E2),R,M,0.3212,1.175,7.5,4
395(E2),R,N,-1.671,0.5136,7,4
395(E2),R,P,-5.734,0,6,4
395(E2),R,Q,-0.9609,0.2906,4,4
395(E2),R,R,0,0,,4
395(E2),R,S,-1.639,0.3577,7,4
395(E2),R,T,-0.5838,1.03,4,4
395(E2),R,V,0.2437,0.6681,6.5,4
395(E2),R,W,-0.3419,0.6852,5.5,4
395(E2),R,Y,-0.6034,0.6497,5.5,4
396(E1),T,*,-6.19,0,0.5,2
396(E1),T,-,0.3349,0.211,0.5,2
396(E1),T,A,-0.355,0.2274,13,4
396(E1),T,C,-6.841,0,9.5,4
396(E1),T,D,-0.3201,0.7753,7.5,4
396(E1),T,E,-0.7058,1.021,8,4
396(E1),T,F,-0.01087,0.6959,11,4
396(E1),T,G,-0.3672,0.1227,6,4
396(E1),T,H,0.3287,1.203,8,4
396(E1),T,I,0.9063,1.113,14,4
396(E1),T,K,-0.405,1.053,15,4
396(E1),T,L,-0.9166,0.8343,10.5,4
396(E1),T,M,-0.5322,0.3868,11.5,4
396(E1),T,N,-1.533,1.538,6.25,4
396(E1),T,P,-1.152,2.135,10,4
396(E1),T,Q,-1.055,0.5457,8.5,4
396(E1),T,R,-1.123,1.083,8.5,4
396(E1),T,S,-1.21,1.013,6.5,4
396(E1),T,T,0,0,,4
396(E1),T,V,0.4022,1.519,7,4
396(E1),T,W,1.127,1.343,10,4
396(E1),T,Y,2.508,0.5803,6.5,4
396(E2),C,*,-6.13,0,6,4
396(E2),C,A,-2.143,0.3596,4.5,4
396(E2),C,C,0,0,,4
396(E2),C,D,-4.672,0.4122,9,4
396(E2),C,E,-4.829,0.05326,6.5,4
396(E2),C,F,-0.456,0.1755,8,4
396(E2),C,G,-3.116,0.1775,5,4
396(E2),C,H,-2.918,0.4958,7,4
396(E2),C,I,2.172,1.676,4,4
396(E2),C,K,-3.527,0.3548,5,4
396(E2),C,L,0.351,1.796,4.5,4
396(E2),C,M,-0.2204,0.6142,4,4
396(E2),C,N,-4.375,0.1186,5.5,4
396(E2),C,P,-3.646,0.1771,5.5,4
396(E2),C,Q,-6.213,0,4,4
396(E2),C,R,-3.647,0.7643,3,4
396(E2),C,S,-3.089,0.6341,5.5,4
396(E2),C,T,-3.001,0.4367,5,4
396(E2),C,V,-0.5563,1.723,1.5,4
396(E2),C,W,-0.9324,0.3088,4.5,4
396(E2),C,Y,-1.489,0.06316,46.5,4
397(E1),L,-,-0.1546,0.3387,0.5,2
397(E1),L,A,0.2845,1.038,7.5,4
397(E1),L,C,-5.367,0,9.5,4
397(E1),L,D,-1.476,0.3567,6.25,4
397(E1),L,E,-1.164,0.5682,6,4
397(E1),L,F,1.158,0.6846,10,4
397(E1),L,G,-1.493,0.8189,8,4
397(E1),L,H,-0.09189,0.9508,11,4
397(E1),L,I,2.697,0.9631,5.5,4
397(E1),L,K,-1.281,0.2811,7.5,4
397(E1),L,L,0,0,,4
397(E1),L,M,0.5192,0.7758,16.75,4
397(E1),L,N,-1.348,0.5589,4.5,4
397(E1),L,P,0.2097,0.4578,7.5,4
397(E1),L,Q,-0.3015,0.306,10,4
397(E1),L,R,-1.839,0.3365,6,4
397(E1),L,S,-0.7787,0.7705,6,4
397(E1),L,T,-1.122,0.7928,8,4
397(E1),L,V,-0.1857,1.042,9,4
397(E1),L,W,-0.06971,0.3998,8.25,4
397(E1),L,Y,0.6154,0.2508,7.5,4
397(E2),I,A,-0.4054,0.4364,6,4
397(E2),I,C,-3.063,0.3741,8.5,4
397(E2),I,D,-2.612,0.6034,5,4
397(E2),I,E,-1.435,0.2675,3.5,4
397(E2),I,F,-2.665,0.3105,6.5,4
397(E2),I,G,-2.398,0.1954,7,4
397(E2),I,H,-2.526,0.3349,5.5,4
397(E2),I,I,0,0,,4
397(E2),I,K,0.0278,0.5219,2.5,4
397(E2),I,L,0.8295,0.7467,4,4
397(E2),I,M,-0.5192,0.3774,7,4
397(E2),I,N,-1.921,0.3956,4,4
397(E2),I,P,-3.349,0.3547,7.5,4
397(E2),I,Q,-1.515,0.3646,8.5,4
397(E2),I,R,-1.887,0.1799,4,4
397(E2),I,S,-0.09757,0.3482,3,4
397(E2),I,T,-1.597,0.08772,7.5,4
397(E2),I,V,-1.008,0.865,6.5,4
397(E2),I,W,-3.848,0.6905,3,4
397(E2),I,Y,-2.441,0.3778,7.5,4
398(E1),G,-,-0.0002,0.7176,1,4
398(E1),G,A,-1.188,0.6791,9.5,4
398(E1),G,C,-6.918,0,15.5,4
398(E1),G,D,-0.1881,0.4873,24,4
398(E1),G,E,-0.3093,0.5384,9.5,4
398(E1),G,F,-1.975,0.07155,6,4
398(E1),G,G,0,0,,4
398(E1),G,H,-2.17,0.1216,7,4
398(E1),G,I,-3.867,0.2703,6,4
398(E1),G,K,-1.888,1.082,7.5,4
398(E1),G,L,-2.41,0.5873,9.5,4
398(E1),G,M,-1.254,0.4751,5,4
398(E1),G,N,-0.9992,0.2384,10,4
398(E1),G,P,-0.1236,1.041,8.5,4
398(E1),G,Q,-0.7717,0.9906,8,4
398(E1),G,R,-2.141,0.04744,10,4
398(E1),G,S,-1.119,0.1781,17,4
398(E1),G,T,-0.7826,1.684,9,4
398(E1),G,V,-2.643,0.1218,10.75,4
398(E1),G,W,-2.361,0.3061,5.5,4
398(E1),G,Y,-2.317,0.5151,9,4
398(E2),T,-,-0.1285,0.1321,0.5,2
398(E2),T,A,0.7492,0.5024,8.5,4
398(E2),T,C,-1.851,0.2454,5,4
398(E2),T,D,0.1737,0.5944,4,4
398(E2),T,E,0.659,0.6687,6,4
398(E2),T,F,-1.726,0.2302,5.75,4
398(E2),T,G,-0.6706,0.7948,5,4
398(E2),T,H,-1.41,0.2504,7.5,4
398(E2),T,I,-0.284,0.287,9.25,4
398(E2),T,K,1.437,1.599,3,4
398(E2),T,L,0.5988,0.5766,6.5,4
398(E2),T,M,0.155,0.6442,7.5,4
398(E2),T,N,-0.8101,0.1657,6.5,4
398(E2),T,P,-1.917,0.07393,6.5,4
398(E2),T,Q,-1.048,0.4914,3.5,4
398(E2),T,R,0.2662,0.3859,6.5,4
398(E2),T,S,0.2234,0.9082,3.25,4
398(E2),T,T,0,0,,4
398(E2),T,V,1.016,1.708,2.5,4
398(E2),T,W,-1.925,0.1476,10.5,4
398(E2),T,Y,-0.8687,0.4136,6,4
399(E1),V,*,-6.572,0,0.5,2
399(E1),V,-,-1.219,0.1045,0.5,2
399(E1),V,A,-0.1366,0.4873,11,4
399(E1),V,C,-6.46,0,9.5,4
399(E1),V,D,-0.4012,0.5069,10.5,4
399(E1),V,E,0.09395,0.9278,6,4
399(E1),V,F,-0.8448,0.4291,7,4
399(E1),V,G,-0.2872,1.316,8.75,4
399(E1),V,H,0.03115,1.249,7,4
399(E1),V,I,0.0135,1.652,10,4
399(E1),V,K,-1.062,0.8397,4.5,4
399(E1),V,L,0.7116,0.4918,11.25,4
399(E1),V,M,0.0721,0.3722,29.5,4
399(E1),V,N,-0.6674,0.1918,7,4
399(E1),V,P,-0.5887,0.66,8.5,4
399(E1),V,Q,-0.1314,1.058,5.75,4
399(E1),V,R,-0.2812,0.7935,9.5,4
399(E1),V,S,-0.0455,1.979,5.5,4
399(E1),V,T,0.7787,1.189,1.5,4
399(E1),V,V,0,0,,4
399(E1),V,W,0.6434,0.8605,9,4
399(E1),V,Y,-0.07335,1.208,7.5,4
399(E2),P,-,-0.2805,0.2202,0.5,2
399(E2),P,A,-0.5046,0.3178,8.5,4
399(E2),P,C,0.0904,0.7043,4.5,4
399(E2),P,D,0.008545,0.22,5,4
399(E2),P,E,0.244,1.441,4,4
399(E2),P,F,1.093,0.4712,6,4
399(E2),P,G,-0.619,1.191,2.5,4
399(E2),P,H,-0.334,0.5632,3.5,4
399(E2),P,I,-0.8225,0.8558,3,4
399(E2),P,K,-0.1848,0.6294,3,4
399(E2),P,L,0.5069,0.4039,12,4
399(E2),P,M,1.324,0.6472,2.5,4
399(E2),P,N,1.566,2.031,5,4
399(E2),P,P,0,0,,4
399(E2),P,Q,-0.3367,0.4688,7,4
399(E2),P,R,1.112,0.2613,3.5,4
399(E2),P,S,2.031,1.939,5.5,4
399(E2),P,T,0.02315,0.788,9.5,4
399(E2),P,V,-1.586,0.08541,4,4
399(E2),P,W,0.03455,1.098,6.25,4
399(E2),P,Y,-0.0177,1.788,3,4
4(6K),Q,*,-7.674,0,13,4
4(6K),Q,-,-1.028,0.723,1.5,4
4(6K),Q,A,-0.3555,0.7169,8,4
4(6K),Q,C,-0.7925,0.3049,9,4
4(6K),Q,D,-0.09605,1.053,10.5,4
4(6K),Q,E,0.3487,0.6694,10,4
4(6K),Q,F,-0.2009,0.7231,8.5,4
4(6K),Q,G,-0.4415,0.4978,12,4
4(6K),Q,H,1.236,0.7245,12,4
4(6K),Q,I,0.0678,0.766,10,4
4(6K),Q,K,-0.5984,0.5947,13,4
4(6K),Q,L,-0.2062,1.686,7.5,4
4(6K),Q,M,-0.2336,1.409,9.5,4
4(6K),Q,N,1.527,0.9044,7.5,4
4(6K),Q,P,-0.3272,0.7325,11.25,4
4(6K),Q,Q,0,0,,4
4(6K),Q,R,-0.0164,0.7178,11.5,4
4(6K),Q,S,-0.4973,0.4814,7.5,4
4(6K),Q,T,1.27,0.1718,10,4
4(6K),Q,V,0.07554,0.2253,12,4
4(6K),Q,W,-3.63,1.724,5.5,4
4(6K),Q,Y,-0.9036,0.3827,9,4
4(E1),V,-,0.1036,0.3234,1.5,4
4(E1),V,A,0.02331,0.3618,9,4
4(E1),V,C,-4.058,0.3359,8.5,4
4(E1),V,D,-1.45,1.107,3.5,4
4(E1),V,E,0.31,1.259,16.5,4
4(E1),V,F,1.073,1.464,9,4
4(E1),V,G,1.063,2.233,8.5,4
4(E1),V,H,-4.005,0.2108,8.5,4
4(E1),V,I,-0.6434,0.8446,4,4
4(E1),V,K,-6.942,0,9,4
4(E1),V,L,0.5764,1.309,11,4
4(E1),V,M,-0.041,1.434,12.5,4
4(E1),V,N,2.075,1.382,9.5,4
4(E1),V,P,-1.401,0.1806,3.5,4
4(E1),V,Q,0.3189,1.215,3,4
4(E1),V,R,-7.301,0,5.5,4
4(E1),V,S,0.00022,0.5601,6,4
4(E1),V,T,-0.3772,0.7891,3.5,4
4(E1),V,V,0,0,,4
4(E1),V,W,0.7097,1.698,5.5,4
4(E1),V,Y,0.2782,0.9214,5.5,4
4(E2),D,-,-0.9205,0.4972,2,4
4(E2),D,A,-0.9403,0.3988,8.5,4
4(E2),D,C,-2.179,0.3718,10,4
4(E2),D,D,0,0,,4
4(E2),D,E,0.03323,0.2143,8.5,4
4(E2),D,F,-1.619,0.4014,10,4
4(E2),D,G,-1.815,0.1946,11.5,4
4(E2),D,H,-1.305,0.0717,7,4
4(E2),D,I,-1.484,0.1614,9,4
4(E2),D,K,-2.616,0.453,5.5,4
4(E2),D,L,-0.9933,0.155,9,4
4(E2),D,M,-1.433,0.8881,8,4
4(E2),D,N,-1.13,0.2458,16.5,4
4(E2),D,P,-3.492,0.6359,9.5,4
4(E2),D,Q,-0.8808,0.214,5.5,4
4(E2),D,R,-2.923,0.4933,7,4
4(E2),D,S,-1.587,0.2793,6.5,4
4(E2),D,T,-1.084,0.4117,10,4
4(E2),D,V,-1.434,0.1665,6,4
4(E2),D,W,-1.754,0.3591,8.5,4
4(E2),D,Y,-1.592,0.207,10.5,4
4(E3),I,*,-7.768,0,13,4
4(E3),I,-,0.08555,0.00391,0.5,2
4(E3),I,A,-6.994,0,10,4
4(E3),I,C,-6.802,0,10.5,4
4(E3),I,D,-6.761,0,5.5,4
4(E3),I,E,-6.009,0,13,4
4(E3),I,F,-1.521,0.154,12.75,4
4(E3),I,G,-6.329,0,6.5,4
4(E3),I,H,-7.037,0,3.5,4
4(E3),I,I,0,0,,4
4(E3),I,K,-6.412,0,8,4
4(E3),I,L,-0.4034,0.3149,10,4
4(E3),I,M,-1.152,0.258,10,4
4(E3),I,N,-6.558,0,10,4
4(E3),I,P,-6.584,0,10.5,4
4(E3),I,Q,-6.555,0,14.5,4
4(E3),I,R,-7.037,0,13.5,4
4(E3),I,S,-7.338,0,10.5,4
4(E3),I,T,-6.717,0,11.25,4
4(E3),I,V,-1.688,0.3914,16,4
4(E3),I,W,-1.419,0.4662,16.5,4
4(E3),I,Y,-3.345,0.3701,7.75,4
40(6K),P,*,-6.857,0,5,4
40(6K),P,A,-0.1225,0.643,6,4
40(6K),P,C,-0.636,0.4932,10.5,4
40(6K),P,D,-1.147,0.8171,6,4
40(6K),P,E,0.00555,0.295,7,4
40(6K),P,F,-1.498,0.5143,9,4
40(6K),P,G,1.696,1.528,7,4
40(6K),P,H,1.235,3.139,8,4
40(6K),P,I,-2.134,0.5605,7,4
40(6K),P,K,0.3028,0.3214,8,4
40(6K),P,L,-0.71,0.8388,13.5,4
40(6K),P,M,0.06972,0.9407,6.5,4
40(6K),P,N,-0.486,2.118,9,4
40(6K),P,P,0,0,,4
40(6K),P,Q,-0.1014,0.2317,10,4
40(6K),P,R,0.4125,0.5613,8,4
40(6K),P,S,0.6964,0.9416,27.75,4
40(6K),P,T,0.5639,1.007,5.5,4
40(6K),P,V,-1.57,0.831,7,4
40(6K),P,W,-1.398,0.4677,6,4
40(6K),P,Y,-2.082,0.3491,8.5,4
40(E1),P,A,-0.8494,0.1285,10.5,4
40(E1),P,C,-7.486,0,10.5,4
40(E1),P,D,-7.279,0,6.25,4
40(E1),P,E,-6.997,0,6.5,4
40(E1),P,F,-6.108,0,5,4
40(E1),P,G,-6.785,0,4.5,4
40(E1),P,H,-6.659,0,11,4
40(E1),P,I,-4.474,0.3694,12,4
40(E1),P,K,-7.332,0,8.5,4
40(E1),P,L,-3.8,0.4834,10.5,4
40(E1),P,M,-3.077,0.2967,7,4
40(E1),P,N,-6.662,0,6.5,4
40(E1),P,P,0,0,,4
40(E1),P,Q,-3.088,0.2758,10.5,4
40(E1),P,R,-7.316,0,7,4
40(E1),P,S,-4.62,0.2557,19,4
40(E1),P,T,-1.711,0.4992,10.5,4
40(E1),P,V,-2.573,0.2336,7,4
40(E1),P,W,-7.414,0,7.5,4
40(E1),P,Y,-6.667,0,6,4
40(E2),E,*,-6.953,0,6,4
40(E2),E,A,-1.443,0.9478,7,4
40(E2),E,C,-5.134,0,10,4
40(E2),E,D,-2.542,0.1575,22,4
40(E2),E,E,0,0,,4
40(E2),E,F,-6.926,0,9,4
40(E2),E,G,-1.135,0.4152,11,4
40(E2),E,H,-4.508,0.08034,11,4
40(E2),E,I,-6.548,0,8,4
40(E2),E,K,-6.499,0,10.5,4
40(E2),E,L,-5.75,0,8,4
40(E2),E,M,-5.175,0,9,4
40(E2),E,N,-6.345,0,9.5,4
40(E2),E,P,-6.098,0,10,4
40(E2),E,Q,-2.724,0.1473,6.5,4
40(E2),E,R,-6.384,0,10.75,4
40(E2),E,S,-1.134,0.3252,8.75,4
40(E2),E,T,-5.867,0,7.5,4
40(E2),E,V,-6.624,0,5,4
40(E2),E,W,-6.391,0,8.5,4
40(E2),E,Y,-6.841,0,10.5,4
40(E3),D,*,-6.811,0,7,4
40(E3),D,-,-0.3368,0.09005,1.5,2
40(E3),D,A,-0.3683,0.2689,10,4
40(E3),D,C,0.03025,0.9307,7.5,4
40(E3),D,D,0,0,,4
40(E3),D,E,0.09943,0.1568,11,4
40(E3),D,F,-0.00535,0.8825,6,4
40(E3),D,G,0.3891,0.8699,11.5,4
40(E3),D,H,-0.9976,0.3043,8.5,4
40(E3),D,I,0.2597,0.7137,11,4
40(E3),D,K,-0.0765,0.7751,6.5,4
40(E3),D,L,-0.1083,0.4034,5,4
40(E3),D,M,0.5433,1.056,10,4
40(E3),D,N,-0.6033,0.3761,34,4
40(E3),D,P,-1.766,0.4557,6,4
40(E3),D,Q,0.3848,0.3454,6,4
40(E3),D,R,-0.5419,0.2077,8.5,4
40(E3),D,S,0.6113,0.7624,6.5,4
40(E3),D,T,-0.995,1.048,9,4
40(E3),D,V,-0.4973,0.8994,8.75,4
40(E3),D,W,-0.2593,0.5327,10,4
40(E3),D,Y,-0.2687,0.05799,13,4
400(E1),Q,*,-7.309,0,35.5,4
400(E1),Q,-,-0.8387,0.7382,0.5,2
400(E1),Q,A,-1.029,0.6204,7,4
400(E1),Q,C,-5.982,0,9,4
400(E1),Q,D,1.707,2.002,6.5,4
400(E1),Q,E,0.6207,0.5134,11.5,4
400(E1),Q,F,1.745,0.4335,9.5,4
400(E1),Q,G,0.2085,1.971,9,4
400(E1),Q,H,-0.9612,0.3524,13,4
400(E1),Q,I,0.558,1.68,3.5,4
400(E1),Q,K,-1.454,0.6809,13.5,4
400(E1),Q,L,-0.9212,0.2764,13,4
400(E1),Q,M,1.33,1.309,5.5,4
400(E1),Q,N,-0.0552,1.238,9.5,4
400(E1),Q,P,-0.8558,0.6505,9,4
400(E1),Q,Q,0,0,,4
400(E1),Q,R,-1.432,1.126,12.25,4
400(E1),Q,S,-0.9888,0.282,7,4
400(E1),Q,T,-0.2785,0.4334,9,4
400(E1),Q,V,-0.6202,1.963,6,4
400(E1),Q,W,-1.067,0.2706,7.75,4
400(E1),Q,Y,-1.175,0.351,10.25,4
400(E2),Y,*,-5.835,0,10.5,4
400(E2),Y,-,0.1684,0.04435,0.5,2
400(E2),Y,A,-1.575,0.2611,4,4
400(E2),Y,C,-1.562,0.5945,6,4
400(E2),Y,D,-1.414,0.8926,6,4
400(E2),Y,E,-0.5904,1.296,3.5,4
400(E2),Y,F,-0.1807,1.422,4.5,4
400(E2),Y,G,-1.889,0.5926,4,4
400(E2),Y,H,-1.651,0.9903,5.5,4
400(E2),Y,I,-1.229,0.7524,6,4
400(E2),Y,K,-1.438,1.093,1.5,4
400(E2),Y,L,-0.5765,1.491,1.5,4
400(E2),Y,M,-2.252,1.92,2.5,4
400(E2),Y,N,-2.138,0.4605,6.5,4
400(E2),Y,P,0.2995,1.443,2.5,4
400(E2),Y,Q,-1.802,1.845,5.5,4
400(E2),Y,R,-1.313,0.3699,7.5,4
400(E2),Y,S,-1.694,0.3065,5.5,4
400(E2),Y,T,-1.423,0.05657,6,4
400(E2),Y,V,-1.822,0.1405,5.5,4
400(E2),Y,W,-1.591,0.6768,4.5,4
400(E2),Y,Y,0,0,,4
401(E1),D,A,-0.9829,0.3122,9,4
401(E1),D,C,-7.156,0,9,4
401(E1),D,D,0,0,,4
401(E1),D,E,-2.042,1.225,8.5,4
401(E1),D,F,-3.602,0.3268,11.5,4
401(E1),D,G,-0.7692,0.6361,9.5,4
401(E1),D,H,-1.768,0.5404,9,4
401(E1),D,I,-4.315,0,7.25,4
401(E1),D,K,-2.158,0.6312,10.5,4
401(E1),D,L,-3.178,0.3076,11.5,4
401(E1),D,M,-1.817,0.2461,10,4
401(E1),D,N,-0.18,0.1423,73.5,4
401(E1),D,P,-0.7475,1.393,11,4
401(E1),D,Q,-1.309,0.525,8,4
401(E1),D,R,-1.873,0.0889,8,4
401(E1),D,S,-0.4674,0.926,7.5,4
401(E1),D,T,-1.365,0.6747,8.5,4
401(E1),D,V,-3.257,0.2046,13,4
401(E1),D,W,-2.159,0.2733,7.5,4
401(E1),D,Y,-2.804,0.2021,13.5,4
401(E2),E,*,-6.607,0,5,4
401(E2),E,-,-0.9333,0.1268,0.5,2
401(E2),E,A,0.4833,0.5526,6.5,4
401(E2),E,C,-1.558,0.1568,4,4
401(E2),E,D,-1.381,0.1289,11.75,4
401(E2),E,E,0,0,,4
401(E2),E,F,0.8458,1.088,7.5,4
401(E2),E,G,-0.5218,0.515,10,4
401(E2),E,H,-0.6036,0.4446,7.5,4
401(E2),E,I,1.065,0.7492,5.5,4
401(E2),E,K,0.215,0.6163,10.5,4
401(E2),E,L,0.5621,0.138,5.5,4
401(E2),E,M,1.082,1.069,3.5,4
401(E2),E,N,2.453,1.909,6.5,4
401(E2),E,P,-1.364,0.3242,4,4
401(E2),E,Q,2.267,1.282,4,4
401(E2),E,R,1.846,1.589,4,4
401(E2),E,S,-0.8553,0.5768,4.5,4
401(E2),E,T,-0.1044,0.3745,5,4
401(E2),E,V,-0.3605,0.9739,5,4
401(E2),E,W,-0.4936,0.6123,5.5,4
401(E2),E,Y,0.2789,0.9169,3.25,4
402(E1),I,-,-0.5783,0.7735,1,4
402(E1),I,A,-1.673,0.2717,10,4
402(E1),I,C,-7.16,0,8.25,4
402(E1),I,D,-2.519,0.3785,5.5,4
402(E1),I,E,-2.274,0.8708,6.5,4
402(E1),I,F,0.3085,0.5211,14.5,4
402(E1),I,G,-2.613,0.4535,7.5,4
402(E1),I,H,-2.22,0.5634,7.5,4
402(E1),I,I,0,0,,4
402(E1),I,K,-2.096,0.7961,6,4
402(E1),I,L,-1.472,0.3957,13,4
402(E1),I,M,-1.028,0.4268,12.5,4
402(E1),I,N,-2.071,0.3627,8,4
402(E1),I,P,-1.817,0.3965,4.5,4
402(E1),I,Q,-2.577,0.1945,4,4
402(E1),I,R,-2.721,0.5659,8.75,4
402(E1),I,S,-2.275,0.839,9,4
402(E1),I,T,-2.063,0.1429,10,4
402(E1),I,V,-0.4121,0.7265,11.5,4
402(E1),I,W,-1.52,0.09776,5,4
402(E1),I,Y,-0.01055,1.151,7,4
402(E2),L,-,-0.5668,0.0176,0.5,2
402(E2),L,A,-0.1501,0.6138,3,4
402(E2),L,C,0.146,2.05,5.5,4
402(E2),L,D,-0.8467,1.128,4,4
402(E2),L,E,0.1754,0.2038,5,4
402(E2),L,F,-0.2912,0.2301,7,4
402(E2),L,G,0.08466,1.388,6.5,4
402(E2),L,H,0.0709,1.154,11.5,4
402(E2),L,I,-0.0101,0.5162,11,4
402(E2),L,K,-1.414,0.2464,3.5,4
402(E2),L,L,0,0,,4
402(E2),L,M,1.659,0.6572,4,4
402(E2),L,N,0.6911,1.349,3,4
402(E2),L,P,-1.97,0.09621,8,4
402(E2),L,Q,-0.4617,0.134,6,4
402(E2),L,R,-0.3836,0.149,7,4
402(E2),L,S,0.9598,1.731,5.5,4
402(E2),L,T,-1.147,0.2374,8.75,4
402(E2),L,V,-0.3393,1.106,3,4
402(E2),L,W,-1.329,0.0947,6.5,4
402(E2),L,Y,-0.8418,0.5556,3.5,4
403(E1),S,-,-1.027,0.7139,1,4
403(E1),S,A,0.8127,0.97,13.5,4
403(E1),S,C,-6.277,0,11,4
403(E1),S,D,-2.013,0.3866,9,4
403(E1),S,E,-0.7535,0.3034,9,4
403(E1),S,F,1.02,0.619,11,4
403(E1),S,G,-0.5981,0.2194,28.75,4
403(E1),S,H,-0.7614,2.507,5.5,4
403(E1),S,I,-2.192,0.3678,16,4
403(E1),S,K,-1.575,0.7039,9,4
403(E1),S,L,-2.034,0.2751,10.25,4
403(E1),S,M,-1.581,0.127,12,4
403(E1),S,N,-0.5422,0.27,19.75,4
403(E1),S,P,-1.153,0.5043,11.5,4
403(E1),S,Q,-0.4677,0.3724,9.5,4
403(E1),S,R,-0.6213,0.4619,13.75,4
403(E1),S,S,0,0,,4
403(E1),S,T,0.4758,1.993,9.25,4
403(E1),S,V,-2.245,0.06256,7.5,4
403(E1),S,W,1.874,0.5171,7.5,4
403(E1),S,Y,1.443,1.049,6.5,4
403(E2),T,-,-0.1507,0.6818,0.5,2
403(E2),T,A,-1.607,0.329,7,4
403(E2),T,C,-2.096,0.3229,6,4
403(E2),T,D,-0.8198,0.7184,6.5,4
403(E2),T,E,-0.3812,0.9634,3,4
403(E2),T,F,-0.766,0.2573,5,4
403(E2),T,G,-0.3014,0.3367,4,4
403(E2),T,H,-0.3484,0.5921,5,4
403(E2),T,I,-5.47,0,14.5,4
403(E2),T,K,-1.59,0.1642,10,4
403(E2),T,L,-5.785,0,8,4
403(E2),T,M,-4.748,0.1685,6.75,4
403(E2),T,N,0.7914,1.772,4.5,4
403(E2),T,P,-1.284,0.396,5,4
403(E2),T,Q,0.4505,0.1615,5.5,4
403(E2),T,R,0.3828,0.6531,4.5,4
403(E2),T,S,1.361,1.268,3.5,4
403(E2),T,T,0,0,,4
403(E2),T,V,-2.784,0.448,3,4
403(E2),T,W,2.498,1.641,4.5,4
403(E2),T,Y,3.46,0.7471,3.5,4
404(E1),V,-,-1.286,0.5721,2,4
404(E1),V,A,-0.2533,0.5174,9,4
404(E1),V,C,-5.776,0,6.5,4
404(E1),V,D,-0.9301,0.3123,5.5,4
404(E1),V,E,0.055,1.807,9,4
404(E1),V,F,-1.17,1.077,10,4
404(E1),V,G,0.00975,0.9403,3,4
404(E1),V,H,-1.291,0.5431,9,4
404(E1),V,I,0.2535,2.219,5.5,4
404(E1),V,K,-1.791,0.7549,7.5,4
404(E1),V,L,-0.6761,0.4576,13.5,4
404(E1),V,M,-0.4173,0.8474,22.5,4
404(E1),V,N,-1.279,0.5339,10.5,4
404(E1),V,P,-2.312,0.4223,8,4
404(E1),V,Q,-1.341,0.6793,7.5,4
404(E1),V,R,-0.1399,0.1504,6.5,4
404(E1),V,S,-0.8586,1.049,3.5,4
404(E1),V,T,-0.8995,0.3926,10,4
404(E1),V,V,0,0,,4
404(E1),V,W,-1.252,0.1544,6.25,4
404(E1),V,Y,0.9487,1.362,7,4
404(E2),P,-,-0.455,0.1205,0.5,2
404(E2),P,A,-1.069,0.9429,1.5,4
404(E2),P,C,-1.974,0.203,6,4
404(E2),P,D,0.9214,0.842,4,4
404(E2),P,E,1.99,2.57,7,4
404(E2),P,F,-1.291,0.303,3,4
404(E2),P,G,-0.8377,0.9199,3,4
404(E2),P,H,-0.3998,0.3095,8,4
404(E2),P,I,-1.976,0.2902,4,4
404(E2),P,K,-2.253,1.005,1.5,4
404(E2),P,L,-2.065,0.2577,14.25,4
404(E2),P,M,-1.262,0.4626,3.5,4
404(E2),P,N,-0.3772,0.1662,4.5,4
404(E2),P,P,0,0,,4
404(E2),P,Q,-0.7711,0.5082,2.5,4
404(E2),P,R,-0.3569,0.1424,5.5,4
404(E2),P,S,-0.9372,0.537,17.5,4
404(E2),P,T,0.731,0.7238,4.5,4
404(E2),P,V,-1.175,0.2926,1.5,2
404(E2),P,W,-1.082,0.5699,7.5,4
404(E2),P,Y,-1.574,0.1644,6,4
405(E1),T,-,-1.226,1.13,2.5,4
405(E1),T,A,0.0141,0.1505,11.5,4
405(E1),T,C,-6.936,0,11,4
405(E1),T,D,-0.5491,0.2105,6,4
405(E1),T,E,-0.5366,0.6086,8.5,4
405(E1),T,F,0.749,1.013,8.5,4
405(E1),T,G,-1.157,1.121,9.5,4
405(E1),T,H,-0.3948,1.573,6,4
405(E1),T,I,0.5917,0.6257,17,4
405(E1),T,K,-0.5914,1.085,7.5,4
405(E1),T,L,0.6975,0.1644,8,4
405(E1),T,M,1.518,0.7321,10.5,4
405(E1),T,N,-1.03,0.2058,16.5,4
405(E1),T,P,-2.423,0.09574,10.5,4
405(E1),T,Q,-0.5087,0.9873,8.5,4
405(E1),T,R,-0.2616,0.5859,9,4
405(E1),T,S,-1.069,0.3019,9.5,4
405(E1),T,T,0,0,,4
405(E1),T,V,1.336,0.6085,6.5,4
405(E1),T,W,0.255,2.043,9,4
405(E1),T,Y,1.349,0.5221,5.5,4
405(E2),G,-,-0.1013,0.3862,1,4
405(E2),G,A,0.021,1.752,6.5,4
405(E2),G,C,-2.018,0.2981,11,4
405(E2),G,D,-4.071,0.2215,19.5,4
405(E2),G,E,0.5612,1.112,3,4
405(E2),G,F,-2.255,0.8308,2,4
405(E2),G,G,0,0,,4
405(E2),G,H,-0.2263,0.3694,5.5,4
405(E2),G,I,-2.114,0.3105,6,4
405(E2),G,K,-1.068,0.6353,5.5,4
405(E2),G,L,-2.12,0.4239,8.5,4
405(E2),G,M,-1.274,0.6582,7.5,4
405(E2),G,N,-0.3306,0.8343,5,4
405(E2),G,P,-0.9621,0.3841,6,4
405(E2),G,Q,0.9307,1.212,4.5,4
405(E2),G,R,0.3797,0.6573,6.5,4
405(E2),G,S,-0.02003,0.3105,15.5,4
405(E2),G,T,-0.7134,0.2814,6,4
405(E2),G,V,-1.098,0.7793,8.5,4
405(E2),G,W,-1.328,0.1821,6.5,4
405(E2),G,Y,-1.185,1.164,2.5,4
406(E1),A,-,-1.746,0.7374,2.5,4
406(E1),A,A,0,0,,4
406(E1),A,C,-6.552,0,10,4
406(E1),A,D,-2.865,0.2566,18.5,4
406(E1),A,E,-1.776,0.8819,6.75,4
406(E1),A,F,-0.5207,1.807,9,4
406(E1),A,G,-1.638,0.0924,7.5,4
406(E1),A,H,-1.386,1.273,4.5,4
406(E1),A,I,-0.8397,1.005,10,4
406(E1),A,K,-2.865,0.1802,11,4
406(E1),A,L,0.4455,0.4243,9.75,4
406(E1),A,M,0.3372,0.4633,10,4
406(E1),A,N,-1.917,0.253,7,4
406(E1),A,P,-1.979,0.5681,6,4
406(E1),A,Q,-2.099,0.5513,8.5,4
406(E1),A,R,-4.016,0.6835,8.5,4
406(E1),A,S,-2.247,0.2768,12.5,4
406(E1),A,T,-0.8619,0.3048,34.25,4
406(E1),A,V,-0.1924,1.1,14,4
406(E1),A,W,-2.286,0.8399,9,4
406(E1),A,Y,-1.954,0.3838,5.5,4
406(E2),A,-,-0.7612,0.2807,0.5,2
406(E2),A,A,0,0,,4
406(E2),A,C,-1.239,0.5099,5,4
406(E2),A,D,-1.016,2.037,7.5,4
406(E2),A,E,-1.149,0.3452,4.5,4
406(E2),A,F,-0.4285,0.2914,4,4
406(E2),A,G,-1.302,2.038,4.5,4
406(E2),A,H,-0.6251,0.4,6.5,4
406(E2),A,I,0.2555,0.484,5,4
406(E2),A,K,-0.4445,0.2929,4,4
406(E2),A,L,1.199,0.5855,5,4
406(E2),A,M,1.303,0.8102,5.5,4
406(E2),A,N,-0.0966,0.4181,7,4
406(E2),A,P,-1.236,0.2892,6,4
406(E2),A,Q,-2.067,0.9001,3,4
406(E2),A,R,0.9809,1.17,5.25,4
406(E2),A,S,-2.466,0.6962,6,4
406(E2),A,T,-1.016,0.1531,19,4
406(E2),A,V,0.2975,0.1687,8,4
406(E2),A,W,-0.03352,0.4714,4,4
406(E2),A,Y,-0.5213,0.918,7,4
407(E1),M,-,-0.769,0.9135,2.5,4
407(E1),M,A,-1.118,1.072,5.5,4
407(E1),M,C,-5.601,0.2018,4.5,4
407(E1),M,D,-1.204,0.4768,8.5,4
407(E1),M,E,-1.755,0.2373,6.5,4
407(E1),M,F,0.1851,1.222,6.5,4
407(E1),M,G,-1.829,0.6718,11,4
407(E1),M,H,-0.513,1.325,10,4
407(E1),M,I,-1.149,0.2963,35.5,4
407(E1),M,K,-0.4434,1.024,6.5,4
407(E1),M,L,-0.9005,0.6434,7.5,4
407(E1),M,M,0,0,,4
407(E1),M,N,-1.897,0.1455,6,4
407(E1),M,P,-2.181,0.3782,6,4
407(E1),M,Q,-0.9613,0.1582,10,4
407(E1),M,R,0.02869,1.2,4.5,4
407(E1),M,S,-1.427,0.4187,4.5,4
407(E1),M,T,-0.4994,0.9559,11.5,4
407(E1),M,V,0.04705,0.7081,5.5,4
407(E1),M,W,2.178,1.178,8,4
407(E1),M,Y,-1.127,0.557,8,4
407(E2),T,-,-0.5042,0.2068,0.5,2
407(E2),T,A,0.102,0.7589,8,4
407(E2),T,C,-1.714,0.6674,6.5,4
407(E2),T,D,-1.153,0.3215,7,4
407(E2),T,E,0.034,1.338,2.5,4
407(E2),T,F,-1.337,0.7133,7,4
407(E2),T,G,-0.9012,1.159,5,4
407(E2),T,H,0.024,2.197,2.5,4
407(E2),T,I,-0.5108,0.07087,14,4
407(E2),T,K,0.6741,2.382,4,4
407(E2),T,L,-1.805,0.1565,4.5,4
407(E2),T,M,-0.7578,0.2018,3.5,4
407(E2),T,N,0.3387,0.1703,4,4
407(E2),T,P,-0.5251,0.481,4.5,4
407(E2),T,Q,-0.2685,1.491,5,4
407(E2),T,R,1.723,1.322,5,4
407(E2),T,S,-0.646,1.339,6,4
407(E2),T,T,0,0,,4
407(E2),T,V,-1.023,1.305,3.5,4
407(E2),T,W,-2.17,0.6684,5,4
407(E2),T,Y,-1.395,0.3068,5,4
408(E1),S,-,-0.8754,0.0703,2,2
408(E1),S,A,1.486,0.2715,6.5,4
408(E1),S,C,-3.188,0.4043,15.5,4
408(E1),S,D,1.039,1.366,10,4
408(E1),S,E,1.623,2.099,7.5,4
408(E1),S,F,-1.353,0.6726,8,4
408(E1),S,G,-0.5051,0.9236,15,4
408(E1),S,H,-0.7482,1.232,8,4
408(E1),S,I,-1.601,0.5774,9.5,4
408(E1),S,K,1.165,1.098,9.5,4
408(E1),S,L,2.549,2.885,6.5,4
408(E1),S,M,0.4867,0.4388,10,4
408(E1),S,N,0.4614,0.4495,22,4
408(E1),S,P,-1.101,0.4898,9.25,4
408(E1),S,Q,-0.5371,0.5404,5.5,4
408(E1),S,R,-0.01654,0.3511,21.5,4
408(E1),S,S,0,0,,4
408(E1),S,T,1.194,1.66,3.5,4
408(E1),S,V,-1.705,0.5194,10,4
408(E1),S,W,1.048,0.6618,7.5,4
408(E1),S,Y,-0.2724,0.5696,10,4
408(E2),V,A,0.3714,2.051,9,4
408(E2),V,C,-1.653,0.2962,6,4
408(E2),V,D,-3.822,0.5965,7.5,4
408(E2),V,E,-2.874,0.4013,3,4
408(E2),V,F,-2.41,0.8724,2,4
408(E2),V,G,-3.327,0.3305,5,4
408(E2),V,H,-2.228,0.4298,6,4
408(E2),V,I,-0.2891,1.12,7.5,4
408(E2),V,K,-2.211,0.247,4.5,4
408(E2),V,L,-0.9744,0.3784,5.25,4
408(E2),V,M,-0.4708,0.2761,18,4
408(E2),V,N,-2.9,0.7133,3.5,4
408(E2),V,P,-0.7554,0.1803,5,4
408(E2),V,Q,-3.042,0.4918,4,4
408(E2),V,R,-2.362,0.09741,6,4
408(E2),V,S,-3.072,0.2486,2,4
408(E2),V,T,-1.077,0.3506,6.5,4
408(E2),V,V,0,0,,4
408(E2),V,W,-1.686,0.5402,4.25,4
408(E2),V,Y,-1.851,0.7475,2,4
409(E1),W,*,-6.771,0,40.5,4
409(E1),W,-,-1.868,0.211,2,2
409(E1),W,A,-1.756,0.3141,6.5,4
409(E1),W,C,-5.4,0,15.5,4
409(E1),W,D,-0.5486,2.024,6.5,4
409(E1),W,E,-1.575,0.2386,8,4
409(E1),W,F,-0.7406,0.7329,8.5,4
409(E1),W,G,-2.659,0.2276,5.5,4
409(E1),W,H,-1.799,0.3713,7,4
409(E1),W,I,-0.1962,1.63,5.5,4
409(E1),W,K,-2.252,0.3241,7.5,4
409(E1),W,L,-0.501,0.4728,8,4
409(E1),W,M,-0.4748,0.5423,9.5,4
409(E1),W,N,-1.598,0.5393,5.5,4
409(E1),W,P,-2.92,0.3101,8,4
409(E1),W,Q,-2.364,0.6595,9.25,4
409(E1),W,R,-3.13,0.5603,12,4
409(E1),W,S,-2.046,2.011,5.5,4
409(E1),W,T,-1.581,0.8854,6,4
409(E1),W,V,-1.756,0.7418,11,4
409(E1),W,W,0,0,,4
409(E1),W,Y,-0.5653,0.5012,4.5,4
409(E2),P,*,-5.093,0,0.5,2
409(E2),P,A,-3.555,0.3531,2.5,4
409(E2),P,C,-4.044,0.2923,3,4
409(E2),P,D,-3.053,0.3963,5,4
409(E2),P,E,-2.902,0.5192,4,4
409(E2),P,F,-3.607,0.2645,4,4
409(E2),P,G,-2.386,0.1385,3,4
409(E2),P,H,-2.705,1.02,5.5,4
409(E2),P,I,-5.591,0,6.5,4
409(E2),P,K,-5.702,0,3.5,4
409(E2),P,L,-4.007,0.4979,8.5,4
409(E2),P,M,-4.013,0.1872,4.5,4
409(E2),P,N,-4.692,0.2735,5.5,4
409(E2),P,P,0,0,,4
409(E2),P,Q,-5.133,0.09353,3.5,4
409(E2),P,R,-2.163,0.5417,5.5,4
409(E2),P,S,-3.433,0.951,9.5,4
409(E2),P,T,-3.843,0.2848,8.5,4
409(E2),P,V,-5.56,0,5,4
409(E2),P,W,-2.518,1.344,5,4
409(E2),P,Y,-5.693,0,1.5,4
41(6K),C,*,-7.919,0,5,4
41(6K),C,-,2.954,0.4835,0.5,2
41(6K),C,A,0.0177,1.087,9,4
41(6K),C,C,0,0,,4
41(6K),C,D,-0.509,1.1,4,4
41(6K),C,E,-0.1889,1.061,7,4
41(6K),C,F,-1.813,0.3331,13.25,4
41(6K),C,G,0.3296,0.7241,8,4
41(6K),C,H,-1.16,0.5821,9.5,4
41(6K),C,I,-0.4885,1.107,9,4
41(6K),C,K,1.005,1.509,4.5,4
41(6K),C,L,-0.909,1.214,7,4
41(6K),C,M,1.252,1.121,9.5,4
41(6K),C,N,0.2049,0.4856,6,4
41(6K),C,P,-0.3571,0.8202,10,4
41(6K),C,Q,-0.5972,0.4391,8,4
41(6K),C,R,-1.033,0.5213,11.5,4
41(6K),C,S,-1.202,0.9909,7,4
41(6K),C,T,-1.577,0.2468,10.5,4
41(6K),C,V,-0.1686,0.7052,7,4
41(6K),C,W,0.4266,1.879,4,4
41(6K),C,Y,-0.0637,1.099,24.5,4
41(E1),T,A,-0.5457,0.9,13,4
41(E1),T,C,-6.364,0,11.5,4
41(E1),T,D,-3.883,0.4127,8,4
41(E1),T,E,-2.117,0.1812,4,4
41(E1),T,F,-2.878,1.367,9.5,4
41(E1),T,G,-1.854,0.4787,5.5,4
41(E1),T,H,-4.072,0.09211,6.5,4
41(E1),T,I,-0.2287,0.5018,13,4
41(E1),T,K,-4.885,0,8.5,4
41(E1),T,L,-2.232,0.7586,10,4
41(E1),T,M,-0.1728,0.508,7.5,4
41(E1),T,N,-2.015,0.1135,10,4
41(E1),T,P,-7.724,0,8,4
41(E1),T,Q,-2.458,0.2091,7.5,4
41(E1),T,R,-6.653,0,9.5,4
41(E1),T,S,1.044,1.419,8.5,4
41(E1),T,T,0,0,,4
41(E1),T,V,0.973,1.499,9.5,4
41(E1),T,W,-2.559,0.4254,3,4
41(E1),T,Y,-1.364,0.5556,8,4
41(E2),A,-,0.2415,1.293,0.5,2
41(E2),A,A,0,0,,4
41(E2),A,C,-6.193,0,4.5,4
41(E2),A,D,-6.848,0,10.5,4
41(E2),A,E,-6.651,0,4,4
41(E2),A,F,-7.287,0,10,4
41(E2),A,G,-6.534,0,9,4
41(E2),A,H,-6.603,0,8.5,4
41(E2),A,I,-7.172,0,11,4
41(E2),A,K,-6.524,0,4.5,4
41(E2),A,L,-6.082,0,11,4
41(E2),A,M,-6.197,0,7.5,4
41(E2),A,N,-5.876,0,5,4
41(E2),A,P,-4.857,0.2781,6,4
41(E2),A,Q,-6.698,0,3.5,4
41(E2),A,R,-6.506,0,14.5,4
41(E2),A,S,-6.88,0,9.5,4
41(E2),A,T,-8.143,0,19.75,4
41(E2),A,V,-2.274,0.3417,17,4
41(E2),A,W,-6.46,0,4.75,4
41(E2),A,Y,-6.938,0,9,4
41(E3),N,-,-5.576,0.4443,3,4
41(E3),N,A,-1.08,0.4412,8.5,4
41(E3),N,C,-1.609,0.2209,7.5,4
41(E3),N,D,-1.917,0.6071,7,4
41(E3),N,E,-2.298,0.4026,4,4
41(E3),N,F,-2.004,0.1449,12.75,4
41(E3),N,G,-2.317,0.2181,6.5,4
41(E3),N,H,-0.1506,1.205,7,4
41(E3),N,I,-2.125,0.1535,12.5,4
41(E3),N,K,-2.756,0.5593,8,4
41(E3),N,L,-1.235,0.1277,7.5,4
41(E3),N,M,-1.999,0.3176,10.5,4
41(E3),N,N,0,0,,4
41(E3),N,P,-6.679,0,6.75,4
41(E3),N,Q,-2.762,1.321,5,4
41(E3),N,R,-2.982,0.5035,11,4
41(E3),N,S,-0.3775,0.2795,9.5,4
41(E3),N,T,-1.881,0.2003,10,4
41(E3),N,V,-1.778,0.2426,11.5,4
41(E3),N,W,-2.588,0.489,6.5,4
41(E3),N,Y,-2.464,0.8109,11,4
410(E1),V,-,-0.5219,0.047,2.5,2
410(E1),V,A,0.5707,0.4557,8,4
410(E1),V,C,-3.928,0.1872,11.5,4
410(E1),V,D,-2.891,0.6203,11.5,4
410(E1),V,E,-1.391,1.961,5.5,4
410(E1),V,F,0.2405,1.951,7.5,4
410(E1),V,G,-1.931,1.009,6.5,4
410(E1),V,H,-2.925,0.9498,4.5,4
410(E1),V,I,-0.4117,0.9044,7.5,4
410(E1),V,K,-2.091,0.349,7.5,4
410(E1),V,L,0.2128,0.792,12,4
410(E1),V,M,-1.256,0.2236,14.5,4
410(E1),V,N,-2.692,0.1505,12.5,4
410(E1),V,P,-1.962,0.2963,7,4
410(E1),V,Q,-3.817,1.768,4.75,4
410(E1),V,R,-2.734,0.2086,13.25,4
410(E1),V,S,-1.777,0.2419,9,4
410(E1),V,T,-1.43,0.08444,8,4
410(E1),V,V,0,0,,4
410(E1),V,W,-2.01,0.2305,9,4
410(E1),V,Y,-1.833,1.124,10,4
410(E2),F,-,-1.682,0.4255,0.5,2
410(E2),F,A,-1.078,0.3963,3,4
410(E2),F,C,0.3432,0.4645,5,4
410(E2),F,D,-5.493,0,4.5,4
410(E2),F,E,-2.428,0.5023,4,4
410(E2),F,F,0,0,,4
410(E2),F,G,0.007,1.531,3,4
410(E2),F,H,-1.008,1.311,6.25,4
410(E2),F,I,-0.4496,0.2314,6,4
410(E2),F,K,-1.642,0.5631,4,4
410(E2),F,L,-0.284,0.7304,12.5,4
410(E2),F,M,-0.9711,0.2984,4.5,4
410(E2),F,N,-3.218,0.3198,4.5,4
410(E2),F,P,-1.247,0.3835,4,4
410(E2),F,Q,-2.253,1.15,5.5,4
410(E2),F,R,-0.6431,1.12,1,4
410(E2),F,S,-1.704,0.2519,7.25,4
410(E2),F,T,0.6722,0.6786,8,4
410(E2),F,V,-0.3945,0.1736,4.75,4
410(E2),F,W,0.4848,1.329,2.5,4
410(E2),F,Y,0.3846,1.194,8,4
411(E1),Q,*,-7.427,0,24.75,4
411(E1),Q,-,-0.2322,0.7748,2.5,2
411(E1),Q,A,-0.8401,0.3244,8.5,4
411(E1),Q,C,-5.213,0,11,4
411(E1),Q,D,-2.108,0.5703,8,4
411(E1),Q,E,-0.509,0.6944,8,4
411(E1),Q,F,0.5067,0.387,10,4
411(E1),Q,G,-0.021,1.701,5,4
411(E1),Q,H,-0.5904,0.3918,14,4
411(E1),Q,I,-0.6894,0.9255,9.75,4
411(E1),Q,K,1.236,0.8444,16.75,4
411(E1),Q,L,-0.783,0.7808,10,4
411(E1),Q,M,-1.006,1.201,5.5,4
411(E1),Q,N,-1.133,0.9063,9,4
411(E1),Q,P,-0.7341,0.6884,7,4
411(E1),Q,Q,0,0,,4
411(E1),Q,R,-0.4617,0.3427,10,4
411(E1),Q,S,0.4427,1.03,6,4
411(E1),Q,T,0.3182,0.2889,8,4
411(E1),Q,V,-0.9768,1.942,8,4
411(E1),Q,W,-1.845,0.5058,11,4
411(E1),Q,Y,1.004,0.8907,9,4
411(E2),L,-,-1.079,1.051,1,2
411(E2),L,A,0.7776,0.2592,5,4
411(E2),L,C,-1.251,0.4125,4,4
411(E2),L,D,-6.655,0,5.5,4
411(E2),L,E,-4.476,2.625,2.5,4
411(E2),L,F,-0.07158,0.281,3,4
411(E2),L,G,-1.404,0.6319,6.5,4
411(E2),L,H,-3.339,0.3734,5.5,4
411(E2),L,I,0.2039,0.72,7,4
411(E2),L,K,-6.005,0,7,4
411(E2),L,L,0,0,,4
411(E2),L,M,-0.9154,0.2449,6.5,4
411(E2),L,N,-4.809,0.4232,3.5,4
411(E2),L,P,-6.373,0,7,4
411(E2),L,Q,-4.205,1.774,2.5,4
411(E2),L,R,-6.349,0,3,4
411(E2),L,S,-2.598,0.4843,3.5,4
411(E2),L,T,-1.96,0.1669,6.75,4
411(E2),L,V,-1.234,0.7314,2.5,4
411(E2),L,W,0.5605,0.3841,4.5,4
411(E2),L,Y,-1.641,0.1988,3.5,4
412(E1),K,-,0.0132,0.1873,3,4
412(E1),K,A,-0.6269,0.9342,7.5,4
412(E1),K,C,-4.658,0.002598,11,4
412(E1),K,D,-2.25,0.3887,11,4
412(E1),K,E,-2.363,0.3005,8,4
412(E1),K,F,-2.211,0.4486,10,4
412(E1),K,G,-0.0405,1.196,9,4
412(E1),K,H,-1.216,0.7264,9,4
412(E1),K,I,-3.3,0.3542,6,4
412(E1),K,K,0,0,,4
412(E1),K,L,-3.699,0.3213,5.25,4
412(E1),K,M,-2.399,0.2052,5.5,4
412(E1),K,N,-0.9375,0.3933,10,4
412(E1),K,P,-0.5405,0.481,8,4
412(E1),K,Q,0.588,2.869,9,4
412(E1),K,R,-0.5066,2.061,10.5,4
412(E1),K,S,2.946,1.534,5,4
412(E1),K,T,-1.4,0.684,16,4
412(E1),K,V,-2.264,0.3923,9,4
412(E1),K,W,-1.9,0.211,6.5,4
412(E1),K,Y,-1.405,0.2987,8.5,4
412(E2),L,-,-0.5709,0.0887,0.5,2
412(E2),L,A,-1.541,0.7169,4,4
412(E2),L,C,-2.024,0.5053,5.5,4
412(E2),L,D,-3.577,1.71,5.5,4
412(E2),L,E,-4.726,0.113,2.5,4
412(E2),L,F,-1.73,0.5396,5.5,4
412(E2),L,G,-2.23,0.2268,4.5,4
412(E2),L,H,-4.636,0.09223,7,4
412(E2),L,I,-0.0447,1.25,4.5,4
412(E2),L,K,-6.779,0,4.5,4
412(E2),L,L,0,0,,4
412(E2),L,M,-0.7825,0.3256,7,4
412(E2),L,N,-2.753,0.6912,4,4
412(E2),L,P,-5.396,0,9.5,4
412(E2),L,Q,-6.585,0,6,4
412(E2),L,R,-5.492,0,4.5,4
412(E2),L,S,-4.514,0.5723,6,4
412(E2),L,T,-0.426,0.321,5,4
412(E2),L,V,0.1952,0.951,3.75,4
412(E2),L,W,-1.159,0.6855,4,4
412(E2),L,Y,-2.338,0.2372,4.5,4
413(E1),I,-,-2.127,2.113,2.5,4
413(E1),I,A,-1.72,0.2312,5.5,4
413(E1),I,C,-3.721,0.3152,3.75,4
413(E1),I,D,-6.913,0,6,4
413(E1),I,E,-4.55,0,6.5,4
413(E1),I,F,-1.391,0.7459,6.5,4
413(E1),I,G,-3.062,0.2323,9.5,4
413(E1),I,H,-3.516,0.5095,9,4
413(E1),I,I,0,0,,4
413(E1),I,K,-4.01,0.1008,7.5,4
413(E1),I,L,-0.9837,0.4643,9.25,4
413(E1),I,M,-0.7817,1.224,7,4
413(E1),I,N,-3.789,0.4244,6.75,4
413(E1),I,P,-3.686,0.4262,6,4
413(E1),I,Q,-3.623,0.2492,8,4
413(E1),I,R,-4.736,0.2135,8.5,4
413(E1),I,S,-2.915,0.2989,8,4
413(E1),I,T,-2.306,0.07598,8.5,4
413(E1),I,V,-0.9082,0.216,11,4
413(E1),I,W,0.3105,1.67,4.5,4
413(E1),I,Y,-2.16,0.2542,4.5,4
413(E2),S,-,-1.247,0.5798,1,2
413(E2),S,A,-0.0044,0.4472,4.5,4
413(E2),S,C,-2.638,0.5233,5.5,4
413(E2),S,D,-3.324,0.5067,3,4
413(E2),S,E,-1.336,0.734,3.5,4
413(E2),S,F,-3.476,0.363,6,4
413(E2),S,G,0.05315,1.046,6,4
413(E2),S,H,-1.077,0.8033,5,4
413(E2),S,I,-5.513,0.1572,6.5,4
413(E2),S,K,-2.314,0.324,8.5,4
413(E2),S,L,-3.295,0.7698,4.5,4
413(E2),S,M,-2.014,1.014,3,4
413(E2),S,N,-0.6769,1.235,7.75,4
413(E2),S,P,-1.3,0.1582,6,4
413(E2),S,Q,1.074,0.7784,4.5,4
413(E2),S,R,-2.002,0.623,7,4
413(E2),S,S,0,0,,4
413(E2),S,T,-0.7999,0.3637,5.5,4
413(E2),S,V,-4.154,0.4301,6,4
413(E2),S,W,-1.4,0.6334,5.5,4
413(E2),S,Y,-2.383,0.2095,6,4
414(E1),T,-,-0.5156,1.216,2.5,4
414(E1),T,A,0.501,0.2893,12.5,4
414(E1),T,C,-2.111,0.9216,10.5,4
414(E1),T,D,-3.245,0.1129,7,4
414(E1),T,E,-2.587,0.1235,5.5,4
414(E1),T,F,0.6413,0.8432,3.5,4
414(E1),T,G,2.518,0.7316,11.75,4
414(E1),T,H,-2.511,0.03363,10.25,4
414(E1),T,I,-0.8723,0.3752,13,4
414(E1),T,K,-2.03,0.1293,16.5,4
414(E1),T,L,-1.71,0.4716,12,4
414(E1),T,M,-1.415,1.684,6.5,4
414(E1),T,N,-2.449,0.4021,6.5,4
414(E1),T,P,-2.495,0.759,5.5,4
414(E1),T,Q,-2.596,0.1924,8.25,4
414(E1),T,R,-2.169,0.7979,6,4
414(E1),T,S,0.465,2.24,6,4
414(E1),T,T,0,0,,4
414(E1),T,V,-0.7125,0.3111,10,4
414(E1),T,W,-1.824,1.007,8.5,4
414(E1),T,Y,1.068,0.9666,8.5,4
414(E2),L,-,-1.206,0.8219,0.5,2
414(E2),L,A,-1.186,1.05,5,4
414(E2),L,C,-2.307,0.1649,2.5,4
414(E2),L,D,-6.173,0,3.5,4
414(E2),L,E,-4.31,0.1286,4.5,4
414(E2),L,F,-1.647,0.3314,4,4
414(E2),L,G,-2.188,1.828,3,4
414(E2),L,H,-4.667,0.1546,5,4
414(E2),L,I,-2.637,0.7589,4.5,4
414(E2),L,K,-6.618,0,5,4
414(E2),L,L,0,0,,4
414(E2),L,M,-0.9629,0.3786,9.5,4
414(E2),L,N,-4.825,0,5.5,4
414(E2),L,P,-7.178,0,28.25,4
414(E2),L,Q,-3.09,0.9513,5,4
414(E2),L,R,-6.415,0,11.5,4
414(E2),L,S,-2.556,1.107,2.5,4
414(E2),L,T,-1.497,0.6738,7,4
414(E2),L,V,-0.9546,0.285,5.5,4
414(E2),L,W,0.1505,0.5165,2.5,4
414(E2),L,Y,-1.815,0.4404,4.5,4
415(E1),G,-,-0.2942,1.692,2.5,4
415(E1),G,A,-2.795,0.132,7,4
415(E1),G,C,-4.159,0,19.5,4
415(E1),G,D,-4.673,0,20.5,4
415(E1),G,E,-3.393,0.4647,9.5,4
415(E1),G,F,-2.487,0.9466,11.25,4
415(E1),G,G,0,0,,4
415(E1),G,H,-2.595,0.3633,8.5,4
415(E1),G,I,-5.088,0,8.5,4
415(E1),G,K,-2.263,0.3834,4,4
415(E1),G,L,-3.696,0.2199,7.25,4
415(E1),G,M,-3.145,0.2147,7.5,4
415(E1),G,N,-2.772,0.4907,8,4
415(E1),G,P,-3.01,0.4359,8.5,4
415(E1),G,Q,-2.757,0.1267,5.5,4
415(E1),G,R,-2.518,0.4462,10,4
415(E1),G,S,-1.151,0.5806,22,4
415(E1),G,T,-2.326,0.4317,6,4
415(E1),G,V,-3.182,0.5377,10.25,4
415(E1),G,W,-2.281,0.6586,6,4
415(E1),G,Y,-2.836,0.2923,10.5,4
415(E2),I,-,1.751,2.877,1,2
415(E2),I,A,-0.9479,0.7416,3.5,4
415(E2),I,C,-1.118,0.9078,6,4
415(E2),I,D,-3.073,0.496,4,4
415(E2),I,E,-3.793,0.5967,4.5,4
415(E2),I,F,-0.0135,0.4043,5,4
415(E2),I,G,-1.429,0.9109,4,4
415(E2),I,H,-3.239,0.4881,5.5,4
415(E2),I,I,0,0,,4
415(E2),I,K,-5.072,0,2.5,4
415(E2),I,L,-0.4545,0.6785,7,4
415(E2),I,M,-0.736,1.43,2,4
415(E2),I,N,-5.766,0,7,4
415(E2),I,P,-5.285,0.3799,6.5,4
415(E2),I,Q,-5.918,0,7.5,4
415(E2),I,R,-6.473,0,5,4
415(E2),I,S,-1.958,0.46,2.5,2
415(E2),I,T,-1.479,0.7869,7,4
415(E2),I,V,0.2688,0.8583,5.5,4
415(E2),I,W,-2.431,0.6144,2.5,4
415(E2),I,Y,-5.549,0,6,4
416(E1),G,*,-4.944,0.1321,4.5,4
416(E1),G,-,1.716,0.9663,4,4
416(E1),G,A,-1.692,0.8473,7,4
416(E1),G,C,-1.877,0.3361,9.5,4
416(E1),G,D,-3.363,0.581,9.75,4
416(E1),G,E,-2.712,0.7716,25.5,4
416(E1),G,F,-2.796,0.2513,7.5,4
416(E1),G,G,0,0,,4
416(E1),G,H,-3.067,0.3514,10,4
416(E1),G,I,-2.7,0.2148,8,4
416(E1),G,K,-0.7261,0.4125,7.5,4
416(E1),G,L,-2.556,0.2081,13.5,4
416(E1),G,M,-2.897,0.2955,9,4
416(E1),G,N,-2.476,0.2958,6.5,4
416(E1),G,P,-2.62,0.13,9.5,4
416(E1),G,Q,-1.647,0.2885,8.5,4
416(E1),G,R,-1.856,0.187,40,4
416(E1),G,S,-0.3634,0.8266,8,4
416(E1),G,T,-1.527,0.2077,5.75,4
416(E1),G,V,-2.651,0.2192,9.5,4
416(E1),G,W,-2.593,0.2267,9.5,4
416(E1),G,Y,-1.514,0.7911,10.5,4
416(E2),C,*,-4.962,0,4.5,4
416(E2),C,A,-3.139,0.9106,6.5,4
416(E2),C,C,0,0,,4
416(E2),C,D,-5.062,0,3,4
416(E2),C,E,-3.865,0.4562,5.5,4
416(E2),C,F,-2.857,0.2533,8.5,4
416(E2),C,G,-2.878,0.2008,5,4
416(E2),C,H,-2.994,0.6185,4,4
416(E2),C,I,-6.872,0,5.5,4
416(E2),C,K,-5.111,0,5,4
416(E2),C,L,-2.679,0.3201,5.5,4
416(E2),C,M,-5.515,0.07621,4.5,4
416(E2),C,N,-2.867,0.6812,2.5,4
416(E2),C,P,-0.8825,2.495,3,4
416(E2),C,Q,-2.384,0.1952,2.5,4
416(E2),C,R,-5.891,0.2382,2.5,4
416(E2),C,S,-3.21,0.1904,6.5,4
416(E2),C,T,-6.066,0,3.25,4
416(E2),C,V,-6.565,0.5183,6.5,4
416(E2),C,W,-5.334,0.737,6,4
416(E2),C,Y,-3.582,0.2438,23,4
417(E1),V,-,-1.183,1.049,2,4
417(E1),V,A,-0.6589,0.5735,8.5,4
417(E1),V,C,-2.638,0.6608,7.5,4
417(E1),V,D,-4.591,0,11,4
417(E1),V,E,-4.933,0.06842,6.5,4
417(E1),V,F,0.8234,1.331,14.5,4
417(E1),V,G,-0.2525,2.468,6,4
417(E1),V,H,-2.896,0.486,7,4
417(E1),V,I,-0.9907,0.3347,14,4
417(E1),V,K,-3.006,0.2695,6,4
417(E1),V,L,-1.547,0.382,7,4
417(E1),V,M,-0.369,0.8204,5.5,4
417(E1),V,N,-3.406,0.7127,5.5,4
417(E1),V,P,-2.744,0.1224,7.5,4
417(E1),V,Q,-3.374,0.3582,5.5,4
417(E1),V,R,-3.532,0.2075,6.5,4
417(E1),V,S,-2.113,0.2768,6,4
417(E1),V,T,-0.6431,0.1479,7,4
417(E1),V,V,0,0,,4
417(E1),V,W,-1.526,0.5267,8.5,4
417(E1),V,Y,-1.939,0.244,8.5,4
417(E2),C,*,-5.794,0,2,4
417(E2),C,A,-5.143,0.1347,7.5,4
417(E2),C,C,0,0,,4
417(E2),C,D,-6.418,0.1654,8,4
417(E2),C,E,-4.916,0,6,4
417(E2),C,F,-2.968,0.2289,10,4
417(E2),C,G,-3.819,0.3425,5.5,4
417(E2),C,H,-3.322,0.183,8.5,4
417(E2),C,I,-5.899,0,6,4
417(E2),C,K,-5.682,0.184,4,4
417(E2),C,L,-3.947,0.3585,6,4
417(E2),C,M,-3.595,0.1656,11,4
417(E2),C,N,-3.325,0.442,4.5,4
417(E2),C,P,-4.431,0.2568,6.75,4
417(E2),C,Q,-3.947,0.1771,6,4
417(E2),C,R,-5.306,0,14,4
417(E2),C,S,-4.766,0.3363,11.5,4
417(E2),C,T,-4.638,0.03724,11,4
417(E2),C,V,-4.938,0,8,4
417(E2),C,W,-3.659,0.2213,7,4
417(E2),C,Y,-5.141,0,25.25,4
418(E1),G,*,-6.706,0,6.5,4
418(E1),G,-,-0.6297,1.216,1.5,4
418(E1),G,A,-1.765,0.2212,8.5,4
418(E1),G,C,-2.157,0.187,7.5,4
418(E1),G,D,-6.657,0,9,4
418(E1),G,E,-5.795,0,23.75,4
418(E1),G,F,-0.1622,0.6026,9,4
418(E1),G,G,0,0,,4
418(E1),G,H,-3.764,0.1744,6,4
418(E1),G,I,-0.3809,0.743,8.5,4
418(E1),G,K,-3.901,0.2432,8,4
418(E1),G,L,-2.51,0.9917,10.5,4
418(E1),G,M,-2.551,0.2828,10.5,4
418(E1),G,N,-5.786,0.3637,7.5,4
418(E1),G,P,-2.276,0.1391,9,4
418(E1),G,Q,-5.07,0,8.5,4
418(E1),G,R,-6.229,0,58.75,4
418(E1),G,S,-2.21,0.172,5.5,4
418(E1),G,T,-2.735,0.4403,7.5,4
418(E1),G,V,-0.6913,1.558,15.5,4
418(E1),G,W,-2.935,0.2913,6.5,4
418(E1),G,Y,-2.697,0.7887,9,4
418(E2),I,-,-0.252,0.3255,1,4
418(E2),I,A,-1.142,0.5094,7.5,4
418(E2),I,C,-1.425,0.7614,5.5,4
418(E2),I,D,-4.304,0.1533,7.5,4
418(E2),I,E,-6.55,0,4,4
418(E2),I,F,-0.3536,0.2952,11,4
418(E2),I,G,-2.982,0.5597,5,4
418(E2),I,H,-4,0.4273,7.5,4
418(E2),I,I,0,0,,4
418(E2),I,K,-5.575,0,7,4
418(E2),I,L,-0.8927,0.3697,10,4
418(E2),I,M,-0.4008,1.295,9.5,4
418(E2),I,N,-5.284,0.1312,6.5,4
418(E2),I,P,-2.827,0.5693,9.5,4
418(E2),I,Q,-3.182,0.1611,6,4
418(E2),I,R,-6.861,0,10,4
418(E2),I,S,-1.812,0.419,1,4
418(E2),I,T,-0.3847,0.1282,11,4
418(E2),I,V,-0.5865,0.7565,8,4
418(E2),I,W,-0.9168,0.3365,8.5,4
418(E2),I,Y,-2.072,0.08855,9,4
419(E1),L,-,-1.245,0.1035,1,2
419(E1),L,A,1.329,0.728,6,4
419(E1),L,C,-0.8637,0.3453,6.5,4
419(E1),L,D,-6.572,0,6.5,4
419(E1),L,E,-5.027,0.1394,6,4
419(E1),L,F,1.878,1.158,5,4
419(E1),L,G,1.04,0.4985,6.5,4
419(E1),L,H,-3.05,0.466,5.25,4
419(E1),L,I,-0.6915,0.6469,8,4
419(E1),L,K,-2.282,0.7923,5.5,4
419(E1),L,L,0,0,,4
419(E1),L,M,0.3454,0.4337,15,4
419(E1),L,N,-3.064,0.325,6.25,4
419(E1),L,P,-2.295,0.3301,10,4
419(E1),L,Q,-2.709,0.1966,13,4
419(E1),L,R,-2.76,0.4854,5.5,4
419(E1),L,S,0.9426,0.4305,7,4
419(E1),L,T,1.264,1.122,5,4
419(E1),L,V,0.5782,1.106,10,4
419(E1),L,W,-0.262,0.4565,5.5,4
419(E1),L,Y,-0.9387,0.424,8,4
419(E2),R,*,-4.195,0.5516,2,4
419(E2),R,-,-1.143,0.1874,0.5,2
419(E2),R,A,-2.306,0.2118,9.5,4
419(E2),R,C,-2.506,0.3726,9.5,4
419(E2),R,D,-2.108,0.1853,11,4
419(E2),R,E,-1.681,0.3267,7,4
419(E2),R,F,-6.361,0,8,4
419(E2),R,G,-1.439,0.4846,20,4
419(E2),R,H,-0.8869,0.5494,5.5,4
419(E2),R,I,-6.524,0,10.5,4
419(E2),R,K,-0.1674,0.2272,22.75,4
419(E2),R,L,-6.253,0,11.25,4
419(E2),R,M,-3.415,0.1706,12,4
419(E2),R,N,-1.121,0.4972,8.5,4
419(E2),R,P,0.1419,0.451,11,4
419(E2),R,Q,-2.018,1.232,5.5,4
419(E2),R,R,0,0,,4
419(E2),R,S,-1.295,0.4942,9,4
419(E2),R,T,-1.637,0.4785,10,4
419(E2),R,V,-4.938,0.2308,9.5,4
419(E2),R,W,-5.689,0.4473,7.5,4
419(E2),R,Y,-3.182,0.4268,10.5,4
42(6K),F,A,0.1203,0.7346,8,4
42(6K),F,C,-0.3867,0.7584,7.5,4
42(6K),F,D,-1.621,1.212,5,4
42(6K),F,E,-1.736,0.346,2.5,4
42(6K),F,F,0,0,,4
42(6K),F,G,1.111,1.047,6,4
42(6K),F,H,1.389,0.828,6,4
42(6K),F,I,1.281,0.4676,11.5,4
42(6K),F,K,1.693,1.122,6,4
42(6K),F,L,-1.18,0.8214,12.5,4
42(6K),F,M,-0.6677,0.5863,7.5,4
42(6K),F,N,1.93,0.8033,5.75,4
42(6K),F,P,-0.6516,0.5261,9.5,4
42(6K),F,Q,1.56,2.109,7.5,4
42(6K),F,R,-0.9198,0.2477,5,4
42(6K),F,S,3.091,3.854,6.5,4
42(6K),F,T,1.191,0.3274,6,4
42(6K),F,V,1.03,1.116,13,4
42(6K),F,W,-1.306,1.428,4.75,4
42(6K),F,Y,0.4032,0.9796,7.5,4
42(E1),L,*,1.616,2.341,0.5,2
42(E1),L,A,-3.77,0.2566,10,4
42(E1),L,C,-2.222,0.2871,8.5,4
42(E1),L,D,-7.35,0,14,4
42(E1),L,E,-6.104,0,6.5,4
42(E1),L,F,-4.402,0.5267,6.5,4
42(E1),L,G,-7.166,0,7,4
42(E1),L,H,-6.931,0,5,4
42(E1),L,I,-0.279,1.812,4,4
42(E1),L,K,-4.79,0,6.5,4
42(E1),L,L,0,0,,4
42(E1),L,M,-0.7923,0.4767,7,4
42(E1),L,N,-7.156,0,5.5,4
42(E1),L,P,-8.474,0,31.75,4
42(E1),L,Q,-6.822,0,11.5,4
42(E1),L,R,-7.413,0,19,4
42(E1),L,S,-7.24,0,6,4
42(E1),L,T,-1.982,0.4787,9.75,4
42(E1),L,V,-0.9153,1.057,5.5,4
42(E1),L,W,-7.654,0,5.75,4
42(E1),L,Y,-4.574,0.03594,4.5,4
42(E2),T,*,-5.886,0,0.5,2
42(E2),T,A,-3.683,0.3645,4,4
42(E2),T,C,-6.362,0,5.5,4
42(E2),T,D,-4.252,0.2074,6.5,4
42(E2),T,E,-6.104,0,5,4
42(E2),T,F,-6.224,0,8,4
42(E2),T,G,-5.222,0.5265,3.5,4
42(E2),T,H,-3.437,1.547,4.5,4
42(E2),T,I,-6.973,0,12.5,4
42(E2),T,K,-3.213,2.011,4.25,4
42(E2),T,L,-1.745,1.572,3.5,4
42(E2),T,M,-2.503,0.5281,3.5,4
42(E2),T,N,-6.002,0,6.5,4
42(E2),T,P,-5.841,0,11,4
42(E2),T,Q,-2.971,0.2123,10,4
42(E2),T,R,-5.85,0,5.5,4
42(E2),T,S,-0.8247,0.1963,8.5,4
42(E2),T,T,0,0,,4
42(E2),T,V,-4.242,0.09959,6.5,4
42(E2),T,W,-6.06,0,5,4
42(E2),T,Y,-5.856,0,9,4
42(E3),V,-,-0.4525,0.09455,1.5,2
42(E3),V,A,-0.4095,1.342,10,4
42(E3),V,C,-0.9487,0.5526,7.5,4
42(E3),V,D,-1.196,0.4153,11.75,4
42(E3),V,E,0.00205,0.5454,6.5,4
42(E3),V,F,-0.1062,0.1725,9,4
42(E3),V,G,-0.874,0.217,9.5,4
42(E3),V,H,-0.6064,1.335,6,4
42(E3),V,I,0.2355,0.9867,8.5,4
42(E3),V,K,-1.607,0.5417,8.25,4
42(E3),V,L,0.1107,0.1841,16.5,4
42(E3),V,M,-0.6765,0.2756,11.5,4
42(E3),V,N,-0.4747,0.8768,6,4
42(E3),V,P,-2.455,0.2413,7.5,4
42(E3),V,Q,-0.8446,0.4148,9,4
42(E3),V,R,-0.1645,0.4374,9,4
42(E3),V,S,-0.62,0.2526,10,4
42(E3),V,T,-0.559,1.789,5,4
42(E3),V,V,0,0,,4
42(E3),V,W,-0.07772,0.4324,6.5,4
42(E3),V,Y,-0.2268,0.5701,10,4
420(E1),V,-,3.066,1.603,2.5,4
420(E1),V,A,-1.117,0.3394,4,4
420(E1),V,C,-0.1211,1.33,6,4
420(E1),V,D,-5.912,0,3.5,4
420(E1),V,E,-3.929,0.07923,6,4
420(E1),V,F,0.4695,3.578,3.5,4
420(E1),V,G,0.2683,0.9467,3,4
420(E1),V,H,-3.43,0.2569,4,4
420(E1),V,I,0.7911,0.8022,4,4
420(E1),V,K,-3.3,0.3248,5,4
420(E1),V,L,0.151,0.3475,8.5,4
420(E1),V,M,0.02569,2.399,15,4
420(E1),V,N,-3.308,0.2571,4.5,4
420(E1),V,P,-2.776,0.8821,2.5,4
420(E1),V,Q,-3.643,0.4759,3.5,4
420(E1),V,R,-3.702,0.5098,2.5,4
420(E1),V,S,-0.8636,0.5984,4.5,4
420(E1),V,T,-1.282,1.79,4,4
420(E1),V,V,0,0,,4
420(E1),V,W,-1.139,1.22,7,4
420(E1),V,Y,-1.785,0.2238,4.5,4
420(E2),T,-,-2.212,0.331,1,2
420(E2),T,A,-1.013,0.2547,9.5,4
420(E2),T,C,0.1618,0.3614,14.5,4
420(E2),T,D,0.4113,2.233,8.25,4
420(E2),T,E,-0.6936,0.2777,7,4
420(E2),T,F,-2.63,0.2296,7.5,4
420(E2),T,G,0.2525,0.928,6.5,4
420(E2),T,H,-1.236,0.5861,5.5,4
420(E2),T,I,-2.276,0.1132,24.5,4
420(E2),T,K,-1.917,0.8943,1.5,4
420(E2),T,L,-1.401,0.2283,11.5,4
420(E2),T,M,-0.4577,0.4297,7.5,4
420(E2),T,N,0.8975,0.5566,8,4
420(E2),T,P,-0.3497,0.136,8.5,4
420(E2),T,Q,-0.6361,2.032,7,4
420(E2),T,R,0.9575,0.6724,11.5,4
420(E2),T,S,-0.368,0.2222,7,4
420(E2),T,T,0,0,,4
420(E2),T,V,-1.318,0.1831,5.5,4
420(E2),T,W,-2.34,0.2212,9.5,4
420(E2),T,Y,-1.798,0.2207,6.5,4
421(E1),V,-,-0.5594,0.0946,0.5,2
421(E1),V,A,-2.366,0.7316,3,4
421(E1),V,C,-0.8452,1.521,3,4
421(E1),V,D,-3.526,0.108,2.5,2
421(E1),V,E,-4.159,0.485,1.5,4
421(E1),V,F,0.4725,0.6573,5.5,4
421(E1),V,G,-1.907,0.6201,2,4
421(E1),V,H,-2.044,1.879,1.5,4
421(E1),V,I,0.2115,2.725,4.5,4
421(E1),V,K,-4.308,0.002598,3.5,4
421(E1),V,L,-0.08345,0.7021,7.5,4
421(E1),V,M,-0.6873,0.9568,11.5,4
421(E1),V,N,-4.165,0.4923,4.5,4
421(E1),V,P,-2.849,0.7341,2.5,4
421(E1),V,Q,-2.573,1.499,2,4
421(E1),V,R,-5.383,0,2,4
421(E1),V,S,-2.158,0.1923,6,4
421(E1),V,T,-1.493,0.0813,4.5,4
421(E1),V,V,0,0,,4
421(E1),V,W,-0.1469,1.267,6.5,4
421(E1),V,Y,-1.795,0.8575,7.5,4
421(E2),A,-,-2.183,0.3065,1,2
421(E2),A,A,0,0,,4
421(E2),A,C,-0.8291,1.158,3.5,4
421(E2),A,D,-6.428,0,10.5,4
421(E2),A,E,-6.928,0,7.5,4
421(E2),A,F,-5.821,0,6.5,4
421(E2),A,G,-0.1461,0.8027,4.5,4
421(E2),A,H,-6.284,0,9,4
421(E2),A,I,-1.942,0.7995,5.5,4
421(E2),A,K,-6.166,0,7.75,4
421(E2),A,L,-5.111,0,5,4
421(E2),A,M,-5.889,0,10,4
421(E2),A,N,-5.414,0.3659,5.5,4
421(E2),A,P,-7.332,0,12.5,4
421(E2),A,Q,-6.664,0,6.5,4
421(E2),A,R,-6.121,0,13,4
421(E2),A,S,0.8262,1.229,9,4
421(E2),A,T,-0.2995,0.3465,63.5,4
421(E2),A,V,-0.2473,1.602,7.5,4
421(E2),A,W,-6.273,0,7,4
421(E2),A,Y,-6.063,0,3.5,4
422(E1),A,-,-1.819,0.1985,1,2
422(E1),A,A,0,0,,4
422(E1),A,C,-1.86,0.5973,6,4
422(E1),A,D,-6.652,0,6.5,4
422(E1),A,E,-4.475,0.02208,7,4
422(E1),A,F,1.487,0.119,5,4
422(E1),A,G,0.216,0.537,5,4
422(E1),A,H,-7.04,0,4.5,4
422(E1),A,I,0.3977,0.8902,4.5,4
422(E1),A,K,-5.637,0.2988,3.5,4
422(E1),A,L,-0.9499,0.3242,7,4
422(E1),A,M,-2.127,0.9771,4.25,4
422(E1),A,N,-5.604,0,4.5,4
422(E1),A,P,0.4335,2.767,4,4
422(E1),A,Q,-5.16,1.038,1.5,4
422(E1),A,R,-6.723,0,4,4
422(E1),A,S,0.797,1.265,7,4
422(E1),A,T,-0.6761,0.278,51,4
422(E1),A,V,-0.7504,0.4933,18.5,4
422(E1),A,W,-1.425,0.6305,3.5,4
422(E1),A,Y,-2.95,0.4397,4.5,4
422(E2),K,-,-1.163,0.123,0.5,2
422(E2),K,A,-2.107,0.1904,9,4
422(E2),K,C,-3.171,0.3174,5,4
422(E2),K,D,0.6442,0.5179,7.5,4
422(E2),K,E,-0.586,0.3522,14,4
422(E2),K,F,-2.851,0.4187,9.25,4
422(E2),K,G,-0.5662,0.9422,7.5,4
422(E2),K,H,0.4007,0.9443,12.5,4
422(E2),K,I,-4.181,0.09375,11.25,4
422(E2),K,K,0,0,,4
422(E2),K,L,-4.201,0.1661,8,4
422(E2),K,M,-4.002,0.6401,9,4
422(E2),K,N,2.354,3.273,11.5,4
422(E2),K,P,-5.683,0,8,4
422(E2),K,Q,-1.163,0.1547,4.5,4
422(E2),K,R,1.146,1.117,9,4
422(E2),K,S,-1.515,0.3838,7.5,4
422(E2),K,T,-1.792,0.6287,11,4
422(E2),K,V,-3.453,0.2578,8,4
422(E2),K,W,-1.444,0.1038,10,4
422(E2),K,Y,-1.385,0.1672,8.5,4
423(E1),V,-,-0.3834,0.208,0.5,2
423(E1),V,A,1.224,0.571,3.75,4
423(E1),V,C,0.6665,0.1845,3,2
423(E1),V,D,-5.303,0,5,4
423(E1),V,E,-3.505,0.9795,2.5,4
423(E1),V,F,0.1085,1.284,1,4
423(E1),V,G,0.09041,0.3091,3.5,4
423(E1),V,H,-2.208,0.9833,2.25,4
423(E1),V,I,2.232,0.313,1,2
423(E1),V,K,-4.377,0.2026,5.25,4
423(E1),V,L,-1.191,1.231,4.5,4
423(E1),V,M,0.0655,1.905,6.5,4
423(E1),V,N,-2.341,0.5085,5,4
423(E1),V,P,-0.5831,1.922,6.5,4
423(E1),V,Q,-2.101,0.6155,6,4
423(E1),V,R,-6.905,0,4.5,4
423(E1),V,S,-1.863,1.229,2.5,4
423(E1),V,T,-0.0032,0.4073,6.5,4
423(E1),V,V,0,0,,4
423(E1),V,W,-1.983,0.591,3,4
423(E1),V,Y,-0.8696,0.3495,3.5,4
423(E2),A,-,-0.3355,1.358,1.5,4
423(E2),A,A,0,0,,4
423(E2),A,C,-0.1982,0.461,9,4
423(E2),A,D,-7.371,0,18,4
423(E2),A,E,-6.402,0,7,4
423(E2),A,F,-6.018,0,8.5,4
423(E2),A,G,-0.3662,0.4142,5,4
423(E2),A,H,-6.939,0,7,4
423(E2),A,I,-5.654,0,7.5,4
423(E2),A,K,-6.362,0,10.5,4
423(E2),A,L,-6.67,0,6,4
423(E2),A,M,-5.597,0.7859,4.5,4
423(E2),A,N,-6.383,0,7.5,4
423(E2),A,P,-5.848,0,8,4
423(E2),A,Q,-6.681,0,8.5,4
423(E2),A,R,-7.353,0,11,4
423(E2),A,S,-1.694,0.3335,10,4
423(E2),A,T,-3.252,0.3145,20.5,4
423(E2),A,V,-6.363,0,22.5,4
423(E2),A,W,-5.691,0,6,4
423(E2),A,Y,-6.431,0,8.5,4
424(E1),A,-,-0.8307,0.1137,1,2
424(E1),A,A,0,0,,4
424(E1),A,C,-0.01,0.1244,1,2
424(E1),A,D,-3.252,0.6569,8.25,4
424(E1),A,E,-2.307,1.278,4.5,4
424(E1),A,F,-1.565,0.2155,2.5,2
424(E1),A,G,1.629,1.634,5,4
424(E1),A,H,-2.232,0.3178,5.5,4
424(E1),A,I,-0.037,2.026,4.5,4
424(E1),A,K,-4.708,0,6,4
424(E1),A,L,-1.27,1.12,2.5,4
424(E1),A,M,-1.438,0.9666,3,4
424(E1),A,N,-0.8519,0.9135,2,4
424(E1),A,P,1.299,0.9176,5,4
424(E1),A,Q,-2.938,0.5604,2.5,4
424(E1),A,R,-6.491,0,3,4
424(E1),A,S,1.036,1.321,7.5,4
424(E1),A,T,-0.9165,0.09309,21.75,4
424(E1),A,V,-1.757,0.3786,13,4
424(E1),A,W,-1.374,0.2418,4,4
424(E1),A,Y,-0.9713,0.5567,3.5,4
425(E1),A,-,-1.194,0.2428,0.5,2
425(E1),A,A,0,0,,4
425(E1),A,C,-0.8386,0.6154,3,4
425(E1),A,D,-6.826,0,9.5,4
425(E1),A,E,-6.361,0,4,4
425(E1),A,F,-0.9447,1.943,3.75,4
425(E1),A,G,-2.087,0.314,4.5,4
425(E1),A,H,-5.024,0,5.5,4
425(E1),A,I,-0.3748,1.675,2.5,4
425(E1),A,K,-4.866,0.2828,2.75,4
425(E1),A,L,-1.059,0.2748,5,4
425(E1),A,M,-0.4414,1.637,6,4
425(E1),A,N,-4.473,0,4,4
425(E1),A,P,-2.63,0.3647,4.5,4
425(E1),A,Q,-3.292,0.4186,3,4
425(E1),A,R,-6.725,0,5.5,4
425(E1),A,S,-1.154,0.3672,7,4
425(E1),A,T,-1.348,0.447,25.5,4
425(E1),A,V,-0.5283,1.055,10,4
425(E1),A,W,-0.9574,0.9096,3.25,4
425(E1),A,Y,-0.6262,1.093,4,4
426(E1),L,-,-0.9448,0.1915,1.5,4
426(E1),L,A,-0.5871,0.9345,3,4
426(E1),L,C,0.4907,0.3753,6,4
426(E1),L,D,-4.487,0.041,1,2
426(E1),L,E,-2.747,0.1887,5.5,4
426(E1),L,F,0.6321,1.4,3,4
426(E1),L,G,-0.2454,0.3715,2,4
426(E1),L,H,-2.681,0.8677,2.5,4
426(E1),L,I,0.8585,1.24,5,4
426(E1),L,K,-6.031,0,5,4
426(E1),L,L,0,0,,4
426(E1),L,M,1.334,0.5685,6.5,4
426(E1),L,N,-1.123,0.1976,2,2
426(E1),L,P,-2.307,1.086,7.5,4
426(E1),L,Q,-1.649,0.5596,3.5,4
426(E1),L,R,-6.694,0,6,4
426(E1),L,S,0.371,0.9869,5.5,4
426(E1),L,T,-0.4457,0.1376,1.75,2
426(E1),L,V,0.5669,0.1139,2.5,2
426(E1),L,W,-0.4251,0.3262,3,4
426(E1),L,Y,-2.474,0.3381,4.5,4
427(E1),I,-,-1.142,0.211,1.5,4
427(E1),I,A,-1.406,1.46,4,4
427(E1),I,C,1.607,1.229,3.5,4
427(E1),I,D,-4.691,0.5966,6,4
427(E1),I,E,-3.338,1.164,2.75,4
427(E1),I,F,-1.254,0.7663,1.5,4
427(E1),I,G,-1.596,0.241,6,4
427(E1),I,H,-2.081,0.5752,2.5,4
427(E1),I,I,0,0,,4
427(E1),I,K,-5.872,0,2,4
427(E1),I,L,-1.726,1.015,5.25,4
427(E1),I,M,-2.249,1.109,3.5,4
427(E1),I,N,-1.245,1.131,5.5,4
427(E1),I,P,0.5046,1.399,4.5,4
427(E1),I,Q,-1.822,0.3709,2.5,4
427(E1),I,R,-3.42,1.896,3,4
427(E1),I,S,-1.638,0.523,4,4
427(E1),I,T,1.302,0.8377,6.5,4
427(E1),I,V,-0.3604,0.6128,6,4
427(E1),I,W,-1.079,0.8761,3,4
427(E1),I,Y,-0.3961,0.3217,3.5,4
428(E1),L,-,-0.947,0.191,1,2
428(E1),L,A,-0.8059,1.034,5,4
428(E1),L,C,-1.237,0.3943,2.5,4
428(E1),L,D,-2.365,0.6687,4.5,4
428(E1),L,E,-0.7984,0.9527,2.5,4
428(E1),L,F,0.6617,0.3902,6,4
428(E1),L,G,-1.006,1.366,2.25,4
428(E1),L,H,-1.2,0.9165,5,4
428(E1),L,I,-0.2286,1.468,4,4
428(E1),L,K,-2.009,0.6031,4,4
428(E1),L,L,0,0,,4
428(E1),L,M,-1.078,0.1381,9.5,4
428(E1),L,N,-0.8663,2.278,3.5,4
428(E1),L,P,-0.6498,2.12,8,4
428(E1),L,Q,-1.867,0.5809,1.5,4
428(E1),L,R,-3.076,0.651,5,4
428(E1),L,S,-2.054,2.848,3,4
428(E1),L,T,0.7275,2.381,4.5,4
428(E1),L,V,-0.8552,0.634,3,4
428(E1),L,W,-0.6803,0.6607,5,4
428(E1),L,Y,1.542,0.7346,3.5,4
429(E1),I,-,-0.7457,0.4953,1,2
429(E1),I,A,-4.124,0.8067,2.5,4
429(E1),I,C,-0.7542,0.9009,3,4
429(E1),I,D,-6.633,0,1.75,4
429(E1),I,E,-6.383,0,3.5,4
429(E1),I,F,-0.6145,0.7967,3,4
429(E1),I,G,-1.51,1.152,2.5,4
429(E1),I,H,-4.958,0.5772,6,4
429(E1),I,I,0,0,,4
429(E1),I,K,-4.149,1.42,3,4
429(E1),I,L,-0.8314,1.066,6,4
429(E1),I,M,-1.454,0.6474,7.5,4
429(E1),I,N,-2.974,0.3291,7,4
429(E1),I,P,-0.906,2.071,2,4
429(E1),I,Q,-3.168,0.306,5,4
429(E1),I,R,-6.505,0,3.5,4
429(E1),I,S,-1.996,0.8609,4.5,4
429(E1),I,T,-1.322,1.093,4,4
429(E1),I,V,-0.3874,0.776,5.25,4
429(E1),I,W,-2.027,0.306,6.5,4
429(E1),I,Y,-1.994,0.1553,2.5,4
43(6K),C,*,-7.651,0,20.5,4
43(6K),C,-,-0.1452,0.08765,0.5,2
43(6K),C,A,0.5538,0.4509,7,4
43(6K),C,C,0,0,,4
43(6K),C,D,0.6881,1.078,9.5,4
43(6K),C,E,0.9942,0.5064,3.5,4
43(6K),C,F,-0.5521,0.496,11,4
43(6K),C,G,-1.118,1.183,7.5,4
43(6K),C,H,-0.3002,0.4195,8.5,4
43(6K),C,I,-0.1454,0.3604,12,4
43(6K),C,K,0.3772,1.121,6,4
43(6K),C,L,-0.1322,0.8344,8.5,4
43(6K),C,M,-0.9712,0.8098,5,4
43(6K),C,N,-0.7639,1.716,8,4
43(6K),C,P,0.3185,0.952,11.5,4
43(6K),C,Q,0.9952,2.142,8,4
43(6K),C,R,-0.1822,0.2956,17.5,4
43(6K),C,S,0.3684,0.5743,10,4
43(6K),C,T,0.0575,1.509,9.5,4
43(6K),C,V,-1.196,0.6593,9.5,4
43(6K),C,W,-1.388,0.06148,5,4
43(6K),C,Y,0.5879,0.2175,56,4
43(E1),S,A,1.497,1.773,12,4
43(E1),S,C,-6.607,0,11.5,4
43(E1),S,D,-1.133,0.6873,8.5,4
43(E1),S,E,-0.2977,0.7959,6,4
43(E1),S,F,-0.4218,0.1218,8,4
43(E1),S,G,1.556,0.8518,13.5,4
43(E1),S,H,-1.716,0.3828,5.5,4
43(E1),S,I,-1.724,0.1553,11,4
43(E1),S,K,-0.5387,0.6996,7.5,4
43(E1),S,L,-0.431,1.586,11,4
43(E1),S,M,0.04065,0.6372,8.5,4
43(E1),S,N,-0.1608,0.3103,16.5,4
43(E1),S,P,-6.989,0,17.25,4
43(E1),S,Q,-0.1855,0.2676,7.75,4
43(E1),S,R,0.2891,1.522,10,4
43(E1),S,S,0,0,,4
43(E1),S,T,-0.1681,0.284,12,4
43(E1),S,V,1.188,1.294,7.5,4
43(E1),S,W,0.8642,0.5319,9.75,4
43(E1),S,Y,-0.4106,0.8728,7,4
43(E2),D,A,-6.947,0,7.5,4
43(E2),D,C,-6.28,0.1191,9.5,4
43(E2),D,D,0,0,,4
43(E2),D,E,-5.692,0,10,4
43(E2),D,F,-6.381,0,8.5,4
43(E2),D,G,-7.29,0,9,4
43(E2),D,H,-6.375,0,9.25,4
43(E2),D,I,-7.287,0,10.5,4
43(E2),D,K,-6.771,0,6.5,4
43(E2),D,L,-6.472,0,7.5,4
43(E2),D,M,-5.607,0,6.5,4
43(E2),D,N,-7.798,0,28,4
43(E2),D,P,-7.085,0,6,4
43(E2),D,Q,-6.463,0,5.5,4
43(E2),D,R,-6.793,0,7,4
43(E2),D,S,-6.77,0,8.5,4
43(E2),D,T,-6.689,0,8.5,4
43(E2),D,V,-5.995,0,11.5,4
43(E2),D,W,-5.556,0,5,4
43(E2),D,Y,-6.002,0,17,4
43(E3),M,-,-1.892,1.954,1.5,4
43(E3),M,A,-0.8035,0.2656,13.5,4
43(E3),M,C,0.4844,0.7248,11.25,4
43(E3),M,D,0.3537,0.6531,10,4
43(E3),M,E,0.07003,2.571,6.5,4
43(E3),M,F,-0.1809,1.123,7.5,4
43(E3),M,G,-0.5412,0.5478,9,4
43(E3),M,H,-0.1984,0.1322,11,4
43(E3),M,I,-0.6952,0.4082,20.5,4
43(E3),M,K,1.839,0.7867,3.5,4
43(E3),M,L,-0.5557,0.8531,5.5,4
43(E3),M,M,0,0,,4
43(E3),M,N,0.2385,0.766,7,4
43(E3),M,P,-0.1258,0.4403,9.5,4
43(E3),M,Q,-0.6022,0.2215,7,4
43(E3),M,R,-0.08791,0.2575,11,4
43(E3),M,S,-0.64,0.482,8.5,4
43(E3),M,T,-1.634,0.4433,7,4
43(E3),M,V,-0.4353,0.2369,15.75,4
43(E3),M,W,0.1808,0.4743,8,4
43(E3),M,Y,-0.1977,0.2898,9.5,4
430(E1),V,-,-0.9472,0.09375,1,2
430(E1),V,A,-0.4379,0.9092,7,4
430(E1),V,C,-1.47,0.816,6,4
430(E1),V,D,-3.062,0.2722,5.5,4
430(E1),V,E,-2.918,0.3545,3,4
430(E1),V,F,-0.305,0.5752,12,4
430(E1),V,G,-1.88,0.2096,4.5,4
430(E1),V,H,-1.78,0.4676,4,4
430(E1),V,I,0.02809,1.067,17.5,4
430(E1),V,K,-3.445,0.2315,7,4
430(E1),V,L,-1.428,1.274,1.5,4
430(E1),V,M,-2.038,0.7837,3.5,4
430(E1),V,N,-2.575,0.106,1,2
430(E1),V,P,-1.097,0.3798,2.5,4
430(E1),V,Q,-1.463,0.94,4,4
430(E1),V,R,-2.663,0.4133,5,4
430(E1),V,S,0.9027,1.36,3,4
430(E1),V,T,-0.08895,0.9191,3.5,4
430(E1),V,V,0,0,,4
430(E1),V,W,-1.466,1.088,3,4
430(E1),V,Y,-0.9914,0.8629,4,4
431(E1),V,-,-1.182,0.145,0.5,2
431(E1),V,A,-0.3414,0.959,8,4
431(E1),V,C,-1.401,0.3099,5.5,4
431(E1),V,D,-3.68,0.2119,4,4
431(E1),V,E,-2.486,0.5617,3,4
431(E1),V,F,-2.431,0.245,2.5,4
431(E1),V,G,-1.696,0.8724,3,4
431(E1),V,H,-2.321,0.115,4.5,4
431(E1),V,I,-1.858,1.301,5.25,4
431(E1),V,K,-2.302,0.4162,4,4
431(E1),V,L,-0.4,0.551,6,4
431(E1),V,M,-2.507,0.7641,14,4
431(E1),V,N,-3.117,0.4155,1.5,4
431(E1),V,P,-0.6179,0.1849,2,4
431(E1),V,Q,-0.6236,0.1957,4,4
431(E1),V,R,-3.066,0.2217,6.75,4
431(E1),V,S,1.473,0.4015,3.5,4
431(E1),V,T,0.761,1.113,3.5,4
431(E1),V,V,0,0,,4
431(E1),V,W,-3.428,0.9314,4,4
431(E1),V,Y,-4.069,0.161,1,2
432(E1),L,-,-0.7264,0.7171,1,4
432(E1),L,A,-2.036,0.7916,5.5,4
432(E1),L,C,-0.4835,0.3454,3.5,4
432(E1),L,D,-3.248,0.7837,2,4
432(E1),L,E,-2.304,0.7723,2.5,4
432(E1),L,F,1.952,1.919,5.5,4
432(E1),L,G,-0.9526,0.3835,5.5,4
432(E1),L,H,-0.4523,1.734,2,4
432(E1),L,I,-0.3498,0.3459,1.5,2
432(E1),L,K,-1.707,1.07,1.5,4
432(E1),L,L,0,0,,4
432(E1),L,M,0.2655,0.4708,7,4
432(E1),L,N,3.788,2.495,6,4
432(E1),L,P,-1.766,0.8698,7.75,4
432(E1),L,Q,0.701,0.334,5,4
432(E1),L,R,1.051,1.335,5,4
432(E1),L,S,0.547,0.5473,3.5,4
432(E1),L,T,3.35,2.179,5,4
432(E1),L,V,0.4023,0.7238,4,4
432(E1),L,W,1.618,0.962,4,4
432(E1),L,Y,0.7303,0.3253,4.5,4
433(E1),C,*,-6.69,0,10,4
433(E1),C,-,-0.384,0.06265,0.5,2
433(E1),C,A,-0.8908,0.5295,6,4
433(E1),C,C,0,0,,4
433(E1),C,D,-4.665,0,5,4
433(E1),C,E,-5.423,0.0205,2.5,2
433(E1),C,F,-1.462,0.704,13,4
433(E1),C,G,-1.57,0.1993,6,4
433(E1),C,H,-2.364,0.1629,2,4
433(E1),C,I,-2.596,0.1445,3.25,4
433(E1),C,K,-1.857,0.8545,1.5,4
433(E1),C,L,-1.766,0.6219,5,4
433(E1),C,M,-2.383,0.6152,3.5,4
433(E1),C,N,-2.389,0.9955,5,4
433(E1),C,P,-2.006,0.2297,4,4
433(E1),C,Q,-2.454,0.7714,3.5,4
433(E1),C,R,-2.311,0.5125,8,4
433(E1),C,S,-1.368,0.7549,6,4
433(E1),C,T,-2.24,0.9132,4,4
433(E1),C,V,-0.9808,0.2781,3.5,4
433(E1),C,W,-2.474,0.1462,3.5,4
433(E1),C,Y,-1.786,0.3802,16.5,4
434(E1),V,A,-0.4096,0.2078,9.5,4
434(E1),V,C,-0.5443,1.877,4.5,4
434(E1),V,D,-0.5847,1.486,3,4
434(E1),V,E,-1.28,1.245,7,4
434(E1),V,F,0.3877,0.2188,8,4
434(E1),V,G,-0.5893,1.42,3.5,4
434(E1),V,H,0.2008,1.051,5.5,4
434(E1),V,I,0.1944,0.9682,6.5,4
434(E1),V,K,0.4036,0.1441,2.5,2
434(E1),V,L,0.5819,0.3564,9.25,4
434(E1),V,M,0.05845,0.8386,19.75,4
434(E1),V,N,1.815,1.156,2,4
434(E1),V,P,-2.01,0.5768,6.5,4
434(E1),V,Q,2.312,0.3354,4.5,4
434(E1),V,R,-0.278,0.5777,3,4
434(E1),V,S,-0.1287,0.6899,7.5,4
434(E1),V,T,-0.8572,1.598,6.5,4
434(E1),V,V,0,0,,4
434(E1),V,W,2.212,0.7158,2,4
434(E1),V,Y,-0.2969,1.213,3.75,3
435(E1),S,A,3.237,0.1855,4,2
435(E1),S,C,-1.179,0.5337,3,4
435(E1),S,D,0.9648,1.948,2,4
435(E1),S,E,-1.177,0.3005,4,4
435(E1),S,F,-1.069,1.134,6.5,4
435(E1),S,G,1.199,0.354,3.5,4
435(E1),S,H,-1.917,0.3555,1.5,2
435(E1),S,I,-1.252,0.3263,4,4
435(E1),S,K,-2.164,0.3749,3,4
435(E1),S,L,-1.233,0.9392,5,4
435(E1),S,M,-1.688,0.7768,1.25,4
435(E1),S,N,2.405,0.4458,3.5,4
435(E1),S,P,-0.0551,0.9154,11.5,4
435(E1),S,Q,-0.5559,0.3978,5,4
435(E1),S,R,-1.869,0.8681,4.5,4
435(E1),S,S,0,0,,4
435(E1),S,T,0.2905,0.5437,4.5,4
435(E1),S,V,-1.778,0.6937,4.5,4
435(E1),S,W,-0.3048,2.07,6,4
435(E1),S,Y,-0.9612,0.3757,7.5,4
436(E1),F,A,-0.3909,1.197,4,4
436(E1),F,C,1.988,0.858,4.5,4
436(E1),F,D,-0.7596,0.5435,2,4
436(E1),F,E,0.085,2.018,4.5,4
436(E1),F,F,0,0,,4
436(E1),F,G,0.9375,0.5291,6.5,4
436(E1),F,H,1.551,0.2742,4.5,4
436(E1),F,I,0.1585,0.6657,9,4
436(E1),F,K,0.7087,0.582,4.25,4
436(E1),F,L,-1.103,0.2576,13.5,4
436(E1),F,M,-1.186,0.2879,6.5,4
436(E1),F,N,0.6099,1.186,5.5,4
436(E1),F,P,0.8638,1.438,3.5,4
436(E1),F,Q,0.5843,1.278,5.25,4
436(E1),F,R,0.2644,0.6736,1,4
436(E1),F,S,1.177,2.121,15.5,4
436(E1),F,T,0.6664,0.8358,6.75,4
436(E1),F,V,0.5287,0.8896,11.5,4
436(E1),F,W,1.165,0.8692,3,4
436(E1),F,Y,-1.253,0.8471,2,4
437(E1),S,-,0.0033,0.2056,0.5,2
437(E1),S,A,0.442,2.059,4.5,4
437(E1),S,C,-1.036,1.35,5,4
437(E1),S,D,-0.2433,0.06465,1,2
437(E1),S,E,-0.912,0.8739,6.5,4
437(E1),S,F,-0.7648,0.4955,4,4
437(E1),S,G,1.636,0.9214,7.5,4
437(E1),S,H,-0.3618,0.3211,3.75,4
437(E1),S,I,-0.8185,0.3138,4.5,4
437(E1),S,K,1.437,0.9719,3.5,4
437(E1),S,L,0.113,0.4579,4,4
437(E1),S,M,-0.6915,1.415,5,4
437(E1),S,N,0.506,0.2888,11.5,4
437(E1),S,P,-0.1815,1.032,8,4
437(E1),S,Q,1.083,2.413,7,4
437(E1),S,R,0.9786,1.266,12.5,4
437(E1),S,S,0,0,,4
437(E1),S,T,-0.3031,0.5615,4.5,4
437(E1),S,V,-0.7473,0.282,9.5,4
437(E1),S,W,-1.464,2.322,4,4
437(E1),S,Y,-2.308,1.299,2.5,4
438(E1),R,A,-2.192,0.4109,5,4
438(E1),R,C,-2.534,0.4525,2.5,4
438(E1),R,D,-1.757,1.003,5,4
438(E1),R,E,-0.7577,0.796,2.5,4
438(E1),R,F,-2.061,0.0601,8,4
438(E1),R,G,-2.827,0.8886,3,4
438(E1),R,H,-2.053,0.9781,3.5,4
438(E1),R,I,-1.742,0.2921,5.5,4
438(E1),R,K,0.3317,0.6929,7,4
438(E1),R,L,-1.796,0.5217,10,4
438(E1),R,M,-1.772,0.2948,4,4
438(E1),R,N,1.329,1.672,4.5,4
438(E1),R,P,-0.2015,2.983,2.25,4
438(E1),R,Q,-1.048,0.706,17,4
438(E1),R,R,0,0,,4
438(E1),R,S,-0.9314,0.8112,5.5,4
438(E1),R,T,-2.093,0.581,4,4
438(E1),R,V,-2.875,0.4986,3.5,4
438(E1),R,W,-1.45,0.4312,10.25,4
438(E1),R,Y,-1.527,1.071,4,4
439(E1),H,A,-1.375,1.166,3,4
439(E1),H,C,0.2135,0.8521,6,4
439(E1),H,D,-1.731,0.7137,4.5,4
439(E1),H,E,-1.256,0.4916,4.5,4
439(E1),H,F,-1.678,0.7551,4.5,4
439(E1),H,G,-1.229,1.211,6,4
439(E1),H,H,0,0,,4
439(E1),H,I,-1.332,0.4413,4,4
439(E1),H,K,0.4564,0.8994,3.5,4
439(E1),H,L,-1.504,1.288,7.5,4
439(E1),H,M,-0.176,1.197,2.5,4
439(E1),H,N,0.018,0.2591,11.5,4
439(E1),H,P,-0.8122,0.2106,7.5,4
439(E1),H,Q,0.06955,0.2469,9,4
439(E1),H,R,1.385,0.821,6,4
439(E1),H,S,-0.7527,1.15,5.25,4
439(E1),H,T,-0.322,2.173,5.5,4
439(E1),H,V,-1.095,0.3935,2,4
439(E1),H,W,-0.5545,0.2425,5,4
439(E1),H,Y,-0.6673,0.4053,15,4
44(6K),K,A,-0.7167,0.3438,11.5,4
44(6K),K,C,-1.047,1.115,9,4
44(6K),K,D,-0.4311,1.974,8,4
44(6K),K,E,0.3768,0.3517,10,4
44(6K),K,F,-0.8727,0.1301,10,4
44(6K),K,G,-0.9919,0.5094,9.75,4
44(6K),K,H,-0.4394,0.2632,11.5,4
44(6K),K,I,-1.296,0.6094,14.5,4
44(6K),K,K,0,0,,4
44(6K),K,L,0.3609,0.5204,12,4
44(6K),K,M,-0.548,0.3953,3.75,4
44(6K),K,N,-0.3846,0.2659,14,4
44(6K),K,P,-0.2009,0.4429,11,4
44(6K),K,Q,-0.4659,0.2007,10.5,4
44(6K),K,R,-0.3526,2.061,6.5,4
44(6K),K,S,-0.3128,0.07262,14,4
44(6K),K,T,-0.2948,0.7561,9,4
44(6K),K,V,-1.605,0.719,13,4
44(6K),K,W,-1.625,0.4442,9,4
44(6K),K,Y,0.3201,0.7863,6.5,4
44(E1),L,A,-2.167,0.7507,6,4
44(E1),L,C,-3.146,0.3306,6.5,4
44(E1),L,D,-7.758,0,8.5,4
44(E1),L,E,-3.31,0.1985,6.5,4
44(E1),L,F,-3.017,0.1004,8,4
44(E1),L,G,-6.72,0,6,4
44(E1),L,H,-1.892,0.1605,7.5,4
44(E1),L,I,-1.024,0.4616,6,4
44(E1),L,K,-2.583,0.169,5.75,4
44(E1),L,L,0,0,,4
44(E1),L,M,-0.7631,0.798,15,4
44(E1),L,N,-4.608,0,4,4
44(E1),L,P,-7.97,0,17,4
44(E1),L,Q,-1.506,0.2708,9,4
44(E1),L,R,-2.353,0.2253,3.5,4
44(E1),L,S,-3.548,0.1161,9.5,4
44(E1),L,T,-3.185,0.2053,7,4
44(E1),L,V,-2.876,0.5995,5.5,4
44(E1),L,W,-4.607,0,13,4
44(E1),L,Y,-5.467,0,6.5,4
44(E2),G,A,-2.725,0.285,6.5,4
44(E2),G,C,-6.358,0,14.5,4
44(E2),G,D,-6.569,0,29.5,4
44(E2),G,E,-6.274,0,7,4
44(E2),G,F,-7.17,0,7,4
44(E2),G,G,0,0,,4
44(E2),G,H,-5.42,0.3507,5.5,4
44(E2),G,I,-6.079,0,9,4
44(E2),G,K,-5.808,0,6.5,4
44(E2),G,L,-4.668,0.03195,5.5,4
44(E2),G,M,-5.735,0,10,4
44(E2),G,N,-4.035,0.2952,9,4
44(E2),G,P,-5.938,0,9,4
44(E2),G,Q,-3.573,0.3242,5.5,4
44(E2),G,R,-5.481,0.4166,4.5,4
44(E2),G,S,-1.975,0.386,12.75,4
44(E2),G,T,-4.245,0.29,6.5,4
44(E2),G,V,-6.808,0,14,4
44(E2),G,W,-5.511,0.6168,4.5,4
44(E2),G,Y,-5.984,1.225,6.75,4
44(E3),S,-,0.1205,0.00245,1,2
44(E3),S,A,-0.7506,0.06066,8,4
44(E3),S,C,-0.6463,0.415,10,4
44(E3),S,D,-0.8859,0.3607,9,4
44(E3),S,E,0.8831,1.327,4.5,4
44(E3),S,F,0.3295,0.5287,12,4
44(E3),S,G,0.3957,0.1844,22,4
44(E3),S,H,-0.3074,0.6416,9.75,4
44(E3),S,I,-0.6269,0.2104,16.5,4
44(E3),S,K,-0.7026,0.4343,6,4
44(E3),S,L,0.2334,0.6619,8.5,4
44(E3),S,M,-0.9442,0.9854,7,4
44(E3),S,N,-0.5833,0.4223,18.25,4
44(E3),S,P,-2.535,0.3143,11,4
44(E3),S,Q,1.668,1.516,8,4
44(E3),S,R,0.9858,0.2987,9.5,4
44(E3),S,S,0,0,,4
44(E3),S,T,1.36,0.1301,4.5,4
44(E3),S,V,0.243,0.7426,11,4
44(E3),S,W,-1.14,1.139,4.5,4
44(E3),S,Y,-0.59,0.1833,5.5,4
440(E1),*,*,0,0,,4
440(E1),*,K,0.4629,2.308,1.5,4
440(E1),*,Q,-3.189,1.031,3,4
440(E1),*,W,-0.7531,0.04325,1,2
440(E1),*,Y,-1.709,0.5486,4.5,4
45(6K),T,-,-0.06725,0.5694,1,4
45(6K),T,A,-0.2419,2.345,9.5,4
45(6K),T,C,0.3898,0.4787,4.75,4
45(6K),T,D,-0.5168,0.9077,7.5,4
45(6K),T,E,-0.1672,0.78,7.5,4
45(6K),T,F,0.9475,0.6785,8.5,4
45(6K),T,G,0.1381,0.4807,8.5,4
45(6K),T,H,-0.8414,0.7585,6.25,4
45(6K),T,I,0.4612,0.4903,12.5,4
45(6K),T,K,-0.4496,0.8557,8,4
45(6K),T,L,-0.8294,1.134,4,4
45(6K),T,M,0.7396,1.178,7.5,4
45(6K),T,N,-0.8827,0.9211,7,4
45(6K),T,P,-0.0255,0.7527,13.5,4
45(6K),T,Q,-1.999,1.975,3.25,4
45(6K),T,R,3.12,1.221,6.75,4
45(6K),T,S,0.06965,1.144,7.5,4
45(6K),T,T,0,0,,4
45(6K),T,V,0.6311,1.012,9.5,4
45(6K),T,W,-0.101,0.8461,8.5,4
45(6K),T,Y,-1.259,0.2306,8.5,4
45(E1),D,-,-0.3072,0.0454,0.5,2
45(E1),D,A,1.004,1.87,11,4
45(E1),D,C,-3.656,0.2016,14,4
45(E1),D,D,0,0,,4
45(E1),D,E,-1.175,1.328,12,4
45(E1),D,F,-6.873,0,13.5,4
45(E1),D,G,-4.592,0,10.5,4
45(E1),D,H,-3.081,0.134,16.5,4
45(E1),D,I,-1.657,0.3498,12.5,4
45(E1),D,K,-3.797,0.1294,11.5,4
45(E1),D,L,-5.107,0,16,4
45(E1),D,M,-1.759,0.5179,10,4
45(E1),D,N,-2.157,0.2333,22,4
45(E1),D,P,-5.751,0,9.5,4
45(E1),D,Q,1.928,1.381,13,4
45(E1),D,R,-4.545,0.1193,6.5,4
45(E1),D,S,-0.0425,0.7058,9.5,4
45(E1),D,T,-1.216,1.584,11.5,4
45(E1),D,V,-1.695,0.1185,13.5,4
45(E1),D,W,-6.277,0,7.5,4
45(E1),D,Y,-6.87,0,19.5,4
45(E2),T,A,-1.449,1.31,7,4
45(E2),T,C,-1.992,0.4377,4.5,4
45(E2),T,D,-7.557,0,8,4
45(E2),T,E,-5.043,0,7,4
45(E2),T,F,-6.623,0,8,4
45(E2),T,G,-0.7755,0.1029,5,4
45(E2),T,H,-2.72,0.3214,4.5,4
45(E2),T,I,-2.147,0.2472,15.5,4
45(E2),T,K,-2.325,0.334,6,4
45(E2),T,L,-1.563,0.363,6.5,4
45(E2),T,M,-0.5575,0.7727,6,4
45(E2),T,N,-6.845,0.2052,5.25,4
45(E2),T,P,-6.808,0,8,4
45(E2),T,Q,-2.434,0.1817,5.5,4
45(E2),T,R,-5.874,0,3,4
45(E2),T,S,1.64,0.6102,5.5,4
45(E2),T,T,0,0,,4
45(E2),T,V,-1.36,0.1812,3.5,4
45(E2),T,W,-6.082,0,8,4
45(E2),T,Y,-6.112,0,5,4
45(E3),P,A,0.0247,0.8743,8.5,4
45(E3),P,C,-0.7335,0.08536,6,4
45(E3),P,D,2.056,4.567,7.5,4
45(E3),P,E,0.5058,0.1575,9,4
45(E3),P,F,-0.1077,0.1794,11,4
45(E3),P,G,0.1579,0.3847,3.5,4
45(E3),P,H,0.02119,0.1141,13,4
45(E3),P,I,-0.3135,1.445,4,4
45(E3),P,K,0.3236,0.357,7,4
45(E3),P,L,-0.9885,0.4845,15,4
45(E3),P,M,-0.4412,0.1969,6,4
45(E3),P,N,0.08955,0.3979,5,4
45(E3),P,P,0,0,,4
45(E3),P,Q,-0.5409,0.2049,5.5,4
45(E3),P,R,-0.09039,0.8908,10,4
45(E3),P,S,-1.375,0.5349,5,4
45(E3),P,T,-0.1812,0.5823,8.5,4
45(E3),P,V,2.532,0.8722,3.5,4
45(E3),P,W,-1.173,0.1907,6,4
45(E3),P,Y,-0.2058,0.1874,9,4
46(6K),L,-,-4.288,1.153,2,4
46(6K),L,A,-1.124,0.9464,8.5,4
46(6K),L,C,1.098,0.8251,9,4
46(6K),L,D,-2.925,0.4461,8.75,4
46(6K),L,E,-1.875,0.2457,8,4
46(6K),L,F,0.4518,0.6684,13,4
46(6K),L,G,1.063,1.054,13,4
46(6K),L,H,0.1855,1.312,7.5,4
46(6K),L,I,0.0014,0.3467,9,4
46(6K),L,K,-0.2783,1.066,10,4
46(6K),L,L,0,0,,4
46(6K),L,M,-0.3571,0.2514,11.5,4
46(6K),L,N,-1.73,0.2105,10.5,4
46(6K),L,P,-0.7308,0.6737,21,4
46(6K),L,Q,-0.3646,0.5104,4.5,4
46(6K),L,R,-0.8433,0.6352,11.75,4
46(6K),L,S,-0.1859,0.876,8.5,4
46(6K),L,T,0.008665,0.3187,8,4
46(6K),L,V,-0.4482,0.7408,9.5,4
46(6K),L,W,0.3546,1.113,9.5,4
46(6K),L,Y,-0.05432,0.6063,7.5,4
46(E1),Y,*,-7.929,0,6,4
46(E1),Y,-,-3.604,1.634,2.5,4
46(E1),Y,A,-6.51,0,14,4
46(E1),Y,C,-6.116,0,11,4
46(E1),Y,D,-7.086,0,15,4
46(E1),Y,E,-7.496,0,10,4
46(E1),Y,F,-1.748,0.6648,9.75,4
46(E1),Y,G,-6.914,0,13.5,4
46(E1),Y,H,-7.577,0,13.5,4
46(E1),Y,I,-6.808,0,12,4
46(E1),Y,K,-7.252,0,9.5,4
46(E1),Y,L,-8.38,0,13,4
46(E1),Y,M,-6.82,0,10.5,4
46(E1),Y,N,-6.043,0,8,4
46(E1),Y,P,-7.191,0,15.75,4
46(E1),Y,Q,-7.458,0,6.25,4
46(E1),Y,R,-7.487,0,11.5,4
46(E1),Y,S,-6.784,0,11,4
46(E1),Y,T,-7.445,0,13,4
46(E1),Y,V,-7.578,0,12,4
46(E1),Y,W,-0.1683,0.8517,9,4
46(E1),Y,Y,0,0,,4
46(E2),L,-,-0.7616,1.543,0.5,2
46(E2),L,A,-6.139,0,4,4
46(E2),L,C,-6.704,0,7.5,4
46(E2),L,D,-6.449,0,6,4
46(E2),L,E,-6.797,0,4.5,4
46(E2),L,F,-5.767,0,5.5,4
46(E2),L,G,-8.761,0,3,4
46(E2),L,H,-6.543,0,6,4
46(E2),L,I,-1.666,0.3486,5,4
46(E2),L,K,-6.376,0,8.5,4
46(E2),L,L,0,0,,4
46(E2),L,M,-1.759,0.1301,12,4
46(E2),L,N,-6.663,0,7.5,4
46(E2),L,P,-6.453,0,18.5,4
46(E2),L,Q,-6.755,0,10,4
46(E2),L,R,-6.418,0,9.5,4
46(E2),L,S,-6.822,0,15,4
46(E2),L,T,-6.056,0,6,4
46(E2),L,V,-1.603,0.1222,5,4
46(E2),L,W,-6.261,0,10.5,4
46(E2),L,Y,-6.61,0,8,4
46(E3),G,A,-0.525,0.3369,8,4
46(E3),G,C,-1.114,0.2831,13.5,4
46(E3),G,D,-1.173,0.573,19.5,4
46(E3),G,E,-0.2893,0.3177,8,4
46(E3),G,F,-0.4168,0.7784,7.25,4
46(E3),G,G,0,0,,4
46(E3),G,H,-0.765,0.4617,10.25,4
46(E3),G,I,-1.484,0.2561,14.5,4
46(E3),G,K,-0.6519,0.7681,4.75,4
46(E3),G,L,-0.4709,0.6908,13,4
46(E3),G,M,-1.373,0.3141,6.5,4
46(E3),G,N,-0.2086,0.1433,14,4
46(E3),G,P,-1.881,0.3758,8.5,4
46(E3),G,Q,-0.7703,0.5355,10.5,4
46(E3),G,R,-0.2403,0.2474,7.5,4
46(E3),G,S,-0.8396,0.2741,17.5,4
46(E3),G,T,-1.543,0.3217,8.5,4
46(E3),G,V,-0.912,1.299,6.5,4
46(E3),G,W,0.3513,0.2641,9.5,4
46(E3),G,Y,-0.4667,0.2894,13.5,4
47(6K),T,-,-0.311,1.084,1,4
47(6K),T,A,0.9957,0.9555,7.5,4
47(6K),T,C,0.7305,2.49,8,4
47(6K),T,D,-1.172,0.3568,8.25,4
47(6K),T,E,-1.028,0.3343,8.5,4
47(6K),T,F,0.5316,1.459,6.5,4
47(6K),T,G,-0.4309,0.6173,8.5,4
47(6K),T,H,-0.8417,0.9641,9,4
47(6K),T,I,-0.5079,1.294,14.75,4
47(6K),T,K,-0.3744,0.4984,8.5,4
47(6K),T,L,-0.4121,0.5072,7.75,4
47(6K),T,M,0.3857,1.797,8,4
47(6K),T,N,-0.0826,1.081,4.5,4
47(6K),T,P,-1.112,0.2646,11.5,4
47(6K),T,Q,-1.195,2.008,6.5,4
47(6K),T,R,1.004,1.442,7.5,4
47(6K),T,S,-0.4143,0.4131,9,4
47(6K),T,T,0,0,,4
47(6K),T,V,-0.326,0.905,5.5,4
47(6K),T,W,0.1883,0.3975,9,4
47(6K),T,Y,-0.7932,0.8541,7.5,4
47(E1),I,-,-0.07525,0.7508,2,4
47(E1),I,A,-3.56,0.1646,15.5,4
47(E1),I,C,-4.505,0,12.25,4
47(E1),I,D,-6.287,0,10.5,4
47(E1),I,E,-5.04,0.1217,10.5,4
47(E1),I,F,-2.83,0.126,8.5,4
47(E1),I,G,-6.746,0,12,4
47(E1),I,H,-3.47,0.1175,7.75,4
47(E1),I,I,0,0,,4
47(E1),I,K,-6.79,0,12,4
47(E1),I,L,-3.231,0.3098,11.5,4
47(E1),I,M,-2.059,0.1906,12.25,4
47(E1),I,N,-3.768,0.3252,16.5,4
47(E1),I,P,-6.837,0,17,4
47(E1),I,Q,-3.468,0.5033,9.5,4
47(E1),I,R,-5.75,0,9.25,4
47(E1),I,S,-3.976,0.3505,7,4
47(E1),I,T,-2.078,1.105,10,4
47(E1),I,V,-1.276,0.6775,13.75,4
47(E1),I,W,-7.346,0,7.5,4
47(E1),I,Y,-2.236,0.6027,9.5,4
47(E2),K,-,-1.519,1.536,0.5,2
47(E2),K,A,-6.241,0,7.5,4
47(E2),K,C,-5.369,0.113,7,4
47(E2),K,D,-6.494,0,5.5,4
47(E2),K,E,-6.95,0,11,4
47(E2),K,F,-4.732,0.3165,6.5,4
47(E2),K,G,-6.38,0,5.5,4
47(E2),K,H,-0.4952,0.4356,5.5,4
47(E2),K,I,-6.542,0,12.25,4
47(E2),K,K,0,0,,4
47(E2),K,L,-2.379,0.1745,10.25,4
47(E2),K,M,-2.433,0.1934,8.5,4
47(E2),K,N,-2.889,0.5431,14,4
47(E2),K,P,-6.599,0,12,4
47(E2),K,Q,-5.138,0.1849,10.5,4
47(E2),K,R,-4.847,0.4759,7.75,4
47(E2),K,S,-4.767,0.1909,6.5,4
47(E2),K,T,-5.931,0,5.5,4
47(E2),K,V,-5.295,0,8,4
47(E2),K,W,-2.976,0.3137,6.5,4
47(E2),K,Y,-6.827,0,8.5,4
47(E3),Y,*,-6.231,0,3,4
47(E3),Y,-,-2.076,0.1025,0.5,2
47(E3),Y,A,-3.231,0.5017,6,4
47(E3),Y,C,-4.801,0.1628,6.5,4
47(E3),Y,D,-6.613,0,9.5,4
47(E3),Y,E,-6.811,0,10,4
47(E3),Y,F,-0.3928,1.612,10.5,4
47(E3),Y,G,-5.254,0,7,4
47(E3),Y,H,-3.771,0.3181,15.5,4
47(E3),Y,I,-4.287,1.013,2.5,4
47(E3),Y,K,-5.124,0.3486,6.5,4
47(E3),Y,L,-3.719,0.4464,8.5,4
47(E3),Y,M,-5.102,0.1195,8,4
47(E3),Y,N,-4.328,0.1485,11.75,4
47(E3),Y,P,-7.071,0,13.5,4
47(E3),Y,Q,-5.58,0.129,8,4
47(E3),Y,R,-4.261,0.4279,7.5,4
47(E3),Y,S,-4.434,0.1886,12.75,4
47(E3),Y,T,-4.928,0,7.5,4
47(E3),Y,V,-4.54,0.4066,11.75,4
47(E3),Y,W,-2.157,0.05233,7.5,4
47(E3),Y,Y,0,0,,4
48(6K),F,-,-0.3002,0.8402,1,4
48(6K),F,A,-1.322,1.296,6,4
48(6K),F,C,1.206,1.075,8,4
48(6K),F,D,-6.857,0,9,4
48(6K),F,E,-4.832,0.2428,7.5,4
48(6K),F,F,0,0,,4
48(6K),F,G,-0.1405,2.387,6,4
48(6K),F,H,-0.995,0.8996,5.5,4
48(6K),F,I,0.6019,0.4208,11,4
48(6K),F,K,-3.22,0.3352,6,4
48(6K),F,L,2.285,0.9255,12,4
48(6K),F,M,-1.174,0.4168,3.5,4
48(6K),F,N,-2.333,0.6653,6.5,4
48(6K),F,P,-0.966,0.4763,8,4
48(6K),F,Q,-0.9013,0.5398,8.5,4
48(6K),F,R,-2.526,0.4023,10,4
48(6K),F,S,-0.8509,0.7378,12.5,4
48(6K),F,T,-0.0731,1.005,5.5,4
48(6K),F,V,1.54,0.1845,12.5,4
48(6K),F,W,-1.062,0.381,6.5,4
48(6K),F,Y,0.2814,0.8705,5.5,4
48(E1),T,-,-0.786,0.5285,2,4
48(E1),T,A,-2.93,0.3045,9.5,4
48(E1),T,C,-7.364,0,9.5,4
48(E1),T,D,-6.913,0,15.5,4
48(E1),T,E,-6.782,0,11.5,4
48(E1),T,F,-7.665,0,18.25,4
48(E1),T,G,-6.931,0,11,4
48(E1),T,H,-6.844,0,11,4
48(E1),T,I,-8.298,0,19,4
48(E1),T,K,-7.091,0,17.5,4
48(E1),T,L,-7.038,0,7,4
48(E1),T,M,-7.507,0,10.5,4
48(E1),T,N,-7.713,0,12,4
48(E1),T,P,-6.654,0,16.5,4
48(E1),T,Q,-7.486,0,9,4
48(E1),T,R,-6.847,0,13.25,4
48(E1),T,S,-1.872,0.5075,12.5,4
48(E1),T,T,0,0,,4
48(E1),T,V,-2.798,0.2954,13,4
48(E1),T,W,-7.698,0,13.5,4
48(E1),T,Y,-7.006,0,10,4
48(E2),I,-,-0.7918,1.658,0.5,2
48(E2),I,A,-5.978,0,10,4
48(E2),I,C,-6.774,0,7.5,4
48(E2),I,D,-5.806,0,6.75,4
48(E2),I,E,-6.371,0,11,4
48(E2),I,F,-6.665,0,8.5,4
48(E2),I,G,-5.879,0,9,4
48(E2),I,H,-7.138,0,3.5,4
48(E2),I,I,0,0,,4
48(E2),I,K,-7.506,0,10,4
48(E2),I,L,-0.2525,0.1643,8,4
48(E2),I,M,-1.977,2.147,2.5,4
48(E2),I,N,-6.514,0,7,4
48(E2),I,P,-6.65,0,8,4
48(E2),I,Q,-6.883,0,8,4
48(E2),I,R,-6.394,0,10.5,4
48(E2),I,S,-5.713,0,9.75,4
48(E2),I,T,-6.419,0,6.5,4
48(E2),I,V,-0.3743,0.8794,9,4
48(E2),I,W,-6.65,0,7,4
48(E2),I,Y,-6.229,0,6,4
48(E3),Y,*,-6.548,0,2.5,4
48(E3),Y,A,-1.605,0.08542,9,4
48(E3),Y,C,-2.774,0.0589,11.25,4
48(E3),Y,D,-0.5821,0.3534,11,4
48(E3),Y,E,-0.8454,0.7535,9,4
48(E3),Y,G,-2.343,0.1273,6,4
48(E3),Y,H,-1.153,0.4045,12.25,4
48(E3),Y,I,-2.45,0.1458,10.5,4
48(E3),Y,K,-3.96,0.7649,3.5,4
48(E3),Y,L,-2.236,0.3461,11.5,4
48(E3),Y,M,-2.214,0.2667,6.25,4
48(E3),Y,N,-1.142,0.2495,8.5,4
48(E3),Y,P,-2.839,0.4021,10,4
48(E3),Y,Q,-1.857,0.2056,7.5,4
48(E3),Y,R,-2.089,0.2671,8.5,4
48(E3),Y,S,-2.176,0.2664,8.5,4
48(E3),Y,T,-1.834,0.4109,10,4
48(E3),Y,V,-2.079,0.2444,8,4
48(E3),Y,W,0.1437,0.2676,7,4
48(E3),Y,Y,0,0,,4
49(6K),L,-,-0.3682,0.6668,0.5,2
49(6K),L,A,-0.3545,0.393,9.5,4
49(6K),L,C,-0.2772,2.035,5,4
49(6K),L,D,-7.022,0,7.5,4
49(6K),L,E,-6.681,0,11.5,4
49(6K),L,F,0.8734,1.281,9,4
49(6K),L,G,-0.2636,0.332,8.5,4
49(6K),L,H,-2.902,0.2881,8,4
49(6K),L,I,1.05,0.135,6.5,4
49(6K),L,K,-6.682,0,9,4
49(6K),L,L,0,0,,4
49(6K),L,M,-0.4727,0.279,9,4
49(6K),L,N,-3.566,0.2932,9,4
49(6K),L,P,-4.526,0,12,4
49(6K),L,Q,-2.443,0.1127,5.5,4
49(6K),L,R,-7.432,0,8,4
49(6K),L,S,-1.263,0.8713,8.5,4
49(6K),L,T,0.525,0.9472,8,4
49(6K),L,V,-1.224,1.162,5.5,4
49(6K),L,W,-0.2055,1.29,8.5,4
49(6K),L,Y,-0.6113,0.4895,6,4
49(E1),C,*,-6.649,0,9,4
49(E1),C,-,-0.3678,1.645,2.5,4
49(E1),C,A,-7.652,0,7.5,4
49(E1),C,C,0,0,,4
49(E1),C,D,-6.777,0,9,4
49(E1),C,E,-6.447,0,7,4
49(E1),C,F,-6.736,0,17.5,4
49(E1),C,G,-7.272,0,11,4
49(E1),C,H,-7.011,0,13.5,4
49(E1),C,I,-8.005,0,11,4
49(E1),C,K,-7.26,0,10.25,4
49(E1),C,L,-7.551,0,18.5,4
49(E1),C,M,-7.134,0,11,4
49(E1),C,N,-6.56,0,7.5,4
49(E1),C,P,-6.774,0,10,4
49(E1),C,Q,-7.476,0,12.5,4
49(E1),C,R,-6.806,0,18,4
49(E1),C,S,-7.057,0,14.5,4
49(E1),C,T,-6.887,0,9,4
49(E1),C,V,-7.314,0,13,4
49(E1),C,W,-6.747,0,12,4
49(E1),C,Y,-6.705,0,20.5,4
49(E2),Q,*,-5.115,0,9,4
49(E2),Q,-,-0.02965,0.2273,1,2
49(E2),Q,A,-5.916,0,9.25,4
49(E2),Q,C,-6.617,0.4326,7,4
49(E2),Q,D,-6.975,0,8,4
49(E2),Q,E,-5.558,0,5.5,4
49(E2),Q,F,-1.337,0.1983,10,4
49(E2),Q,G,-5.833,0,5.5,4
49(E2),Q,H,-2.232,0.1503,17,4
49(E2),Q,I,-6.522,0,10,4
49(E2),Q,K,-6.162,0,15,4
49(E2),Q,L,-5.175,0.06712,11.25,4
49(E2),Q,M,2.149,0.6662,4,4
49(E2),Q,N,-7.53,0,6.5,4
49(E2),Q,P,-6.622,0,9,4
49(E2),Q,Q,0,0,,4
49(E2),Q,R,-6.288,0,18.5,4
49(E2),Q,S,-6.793,0,6.5,4
49(E2),Q,T,-5.646,0.1212,4.5,4
49(E2),Q,V,-5.874,0,8.5,4
49(E2),Q,W,-6.29,0,8.5,4
49(E2),Q,Y,-5.929,0,6.5,4
49(E3),Q,*,-6.389,0,5.5,4
49(E3),Q,A,-0.9847,0.772,11.5,4
49(E3),Q,C,-0.1879,0.4798,10.5,4
49(E3),Q,D,0.498,1.298,7.5,4
49(E3),Q,E,0.0886,0.4241,7.75,4
49(E3),Q,F,0.1241,0.864,9.5,4
49(E3),Q,G,-0.438,0.5879,6.5,4
49(E3),Q,H,0.08414,0.1708,10.5,4
49(E3),Q,I,1.137,1.045,6,4
49(E3),Q,K,0.0563,0.4228,9.5,4
49(E3),Q,L,-0.1522,0.3708,7,4
49(E3),Q,M,0.3527,0.1367,8,4
49(E3),Q,N,-0.01744,0.7926,8,4
49(E3),Q,P,0.515,0.4408,13,4
49(E3),Q,Q,0,0,,4
49(E3),Q,R,-0.1866,0.2827,11,4
49(E3),Q,S,-0.2826,0.2777,10.5,4
49(E3),Q,T,0.3609,0.3884,11.5,4
49(E3),Q,V,-0.074,0.6915,12.5,4
49(E3),Q,W,-0.05795,0.3539,7.5,4
49(E3),Q,Y,0.7172,0.3161,8.5,4
5(6K),E,*,-7.543,0,3.5,4
5(6K),E,-,-0.8632,0.6117,1.5,4
5(6K),E,A,-0.8713,0.3436,8,4
5(6K),E,C,0.2685,1.04,10,4
5(6K),E,D,-0.6345,1.599,10.5,4
5(6K),E,E,0,0,,4
5(6K),E,F,-2.258,0.3801,10.5,4
5(6K),E,G,-1.079,0.5331,11.5,4
5(6K),E,H,0.8599,0.7797,11.5,4
5(6K),E,I,-1.115,0.54,10.5,4
5(6K),E,K,-1.327,0.8864,19,4
5(6K),E,L,-2.07,0.1245,9,4
5(6K),E,M,-0.7268,0.5908,13,4
5(6K),E,N,-0.2613,0.3276,9.5,4
5(6K),E,P,-0.6664,0.7264,14,4
5(6K),E,Q,-0.298,0.8123,11.5,4
5(6K),E,R,-1.534,0.487,9,4
5(6K),E,S,-0.2467,0.3636,12,4
5(6K),E,T,-0.7997,0.4537,9.5,4
5(6K),E,V,-0.6097,0.3388,7.5,4
5(6K),E,W,-2.798,0.3086,11,4
5(6K),E,Y,-0.4401,1.012,4.5,4
5(E1),T,-,-0.878,0.1177,1,2
5(E1),T,A,-1.473,0.9086,10.5,4
5(E1),T,C,-1.004,0.9271,6,4
5(E1),T,D,-1.906,0.3613,7.75,4
5(E1),T,E,-2.397,0.2864,4.5,4
5(E1),T,F,-1.333,0.05023,6.5,4
5(E1),T,G,0.0545,1.567,4.5,4
5(E1),T,H,-1.311,0.5138,7,4
5(E1),T,I,-1.905,0.5762,11,4
5(E1),T,K,-3.316,0.1329,8,4
5(E1),T,L,-1.684,0.2777,9,4
5(E1),T,M,-0.4063,1.729,8,4
5(E1),T,N,-2.335,0.7329,8.5,4
5(E1),T,P,-3.994,0.04535,15,4
5(E1),T,Q,0.5354,1.543,4,4
5(E1),T,R,-3.734,0.1948,7.5,4
5(E1),T,S,-1.827,0.3358,5,4
5(E1),T,T,0,0,,4
5(E1),T,V,-1.228,0.2995,3.5,4
5(E1),T,W,-3.322,0.4116,5,4
5(E1),T,Y,-2.929,0.09605,6,4
5(E2),N,-,-1.049,0.1291,3,4
5(E2),N,A,0.2353,0.3479,9.5,4
5(E2),N,C,-1.967,0.04829,6.5,4
5(E2),N,D,1.242,0.2641,7.25,4
5(E2),N,E,-0.04818,0.5117,5.5,4
5(E2),N,F,1.428,1.601,9,4
5(E2),N,G,-1.151,0.7443,6,4
5(E2),N,H,1.301,0.3827,7.5,4
5(E2),N,I,-1.041,0.9564,9.5,4
5(E2),N,K,-1.663,0.5463,6.75,4
5(E2),N,L,-0.1529,0.5736,11,4
5(E2),N,M,0.0826,0.7753,8,4
5(E2),N,N,0,0,,4
5(E2),N,P,0.7802,0.1825,9,4
5(E2),N,Q,1.103,0.3481,10.5,4
5(E2),N,R,-0.9381,0.7207,4,4
5(E2),N,S,-0.6233,0.6319,10,4
5(E2),N,T,-0.4532,0.2625,10,4
5(E2),N,V,0.4929,0.4657,7.5,4
5(E2),N,W,0.5716,0.8108,7,4
5(E2),N,Y,0.2389,0.6094,4,4
5(E3),P,-,-0.3583,0.00345,0.5,2
5(E3),P,A,-0.9261,0.2815,12,4
5(E3),P,C,-1.278,0.5107,11.5,4
5(E3),P,D,-6.908,0,10,4
5(E3),P,E,-3.671,0.6325,9,4
5(E3),P,F,-1.358,0.1871,9,4
5(E3),P,G,-1.495,0.7193,10,4
5(E3),P,H,-1.018,0.5314,18,4
5(E3),P,I,-0.8267,1.749,14,4
5(E3),P,K,-2.596,0.2724,9,4
5(E3),P,L,-2.289,0.2257,25.25,4
5(E3),P,M,-2.756,0.9399,7,4
5(E3),P,N,-1.93,0.7165,8.5,4
5(E3),P,P,0,0,,4
5(E3),P,Q,-2.66,0.04583,14,4
5(E3),P,R,-2.365,0.2414,14,4
5(E3),P,S,-0.9791,0.09837,14,4
5(E3),P,T,0.1396,1.839,9,4
5(E3),P,V,-1.785,0.2686,10.5,4
5(E3),P,W,-2.357,0.3797,12,4
5(E3),P,Y,-1.362,0.198,7.5,4
50(6K),A,-,-0.6838,0.2828,0.5,2
50(6K),A,A,0,0,,4
50(6K),A,C,0.6344,2.265,6.5,4
50(6K),A,D,-5.473,0,12.5,4
50(6K),A,E,-1.377,0.4478,12,4
50(6K),A,F,-0.4911,0.6195,8.5,4
50(6K),A,G,-0.7089,0.8748,9,4
50(6K),A,H,-0.5762,0.3987,11,4
50(6K),A,I,-0.3939,0.3347,9,4
50(6K),A,K,-5.103,0,8.25,4
50(6K),A,L,1.921,2.09,11.5,4
50(6K),A,M,0.3866,1.203,9,4
50(6K),A,N,-1.841,0.4686,10.5,4
50(6K),A,P,-5.072,0,7,4
50(6K),A,Q,-1.367,0.3195,9.5,4
50(6K),A,R,-5.569,0,8,4
50(6K),A,S,-0.6392,0.9637,12,4
50(6K),A,T,0.2081,0.3547,23,4
50(6K),A,V,-0.1514,0.3154,39.5,4
50(6K),A,W,-0.1209,1.295,8.5,4
50(6K),A,Y,0.8256,0.3582,9.25,4
50(E1),E,*,-3.989,1.782,2,4
50(E1),E,-,-4.051,1.725,2.5,4
50(E1),E,A,0.9509,0.1619,8.5,4
50(E1),E,C,-2.821,0.3016,14.5,4
50(E1),E,D,-2.31,0.3948,9,4
50(E1),E,E,0,0,,4
50(E1),E,F,-3.079,0.3473,13.5,4
50(E1),E,G,-1.27,0.4645,12,4
50(E1),E,H,-0.7405,0.743,9.5,4
50(E1),E,I,-2.864,0.2352,16,4
50(E1),E,K,-4.246,0.1966,24.25,4
50(E1),E,L,-2.934,0.4248,8.5,4
50(E1),E,M,-1.859,0.1847,10.5,4
50(E1),E,N,-0.5556,0.7226,10,4
50(E1),E,P,-2.716,0.1183,18,4
50(E1),E,Q,-2.007,0.4868,11,4
50(E1),E,R,-2.292,0.1682,10.25,4
50(E1),E,S,2.1,0.974,11,4
50(E1),E,T,-1.201,0.2456,9,4
50(E1),E,V,-2.676,0.2309,13,4
50(E1),E,W,-6.079,0,8.75,4
50(E1),E,Y,-2.759,0.1629,13,4
50(E2),V,-,-1.04,0.3537,1.5,2
50(E2),V,A,-1.669,0.4232,5.5,4
50(E2),V,C,-1.058,1.879,5.5,4
50(E2),V,D,-6.745,0,7,4
50(E2),V,E,-6.853,0,8.5,4
50(E2),V,F,-5.533,0,6.5,4
50(E2),V,G,-4.235,0.9956,4.5,4
50(E2),V,H,-5.393,0,6.5,4
50(E2),V,I,-1.331,0.1702,8.5,4
50(E2),V,K,-5.537,0,6.5,4
50(E2),V,L,-1.551,0.2844,12.5,4
50(E2),V,M,-2.327,0.1805,12.5,4
50(E2),V,N,-6.367,0,5.5,4
50(E2),V,P,-6.819,0,7.5,4
50(E2),V,Q,-6.713,0,6.5,4
50(E2),V,R,-6.095,0,4,4
50(E2),V,S,-2.746,0.273,7.25,4
50(E2),V,T,-0.7389,0.8773,7,4
50(E2),V,V,0,0,,4
50(E2),V,W,-6.868,0,7,4
50(E2),V,Y,-6.779,0,7,4
50(E3),L,-,0.1252,0.1056,0.5,2
50(E3),L,A,-1.433,0.319,10,4
50(E3),L,C,-1.864,0.1495,6.5,4
50(E3),L,D,-3.558,0.3368,8,4
50(E3),L,E,-3.078,0.3398,6,4
50(E3),L,F,-1.397,0.1614,6.5,4
50(E3),L,G,-1.979,0.3052,7,4
50(E3),L,H,-4.22,0.6327,8,4
50(E3),L,I,-0.233,0.6492,7.5,4
50(E3),L,K,-3.425,0.3782,8,4
50(E3),L,L,0,0,,4
50(E3),L,M,-0.2338,0.2247,10.5,4
50(E3),L,N,-2.299,0.1211,7,4
50(E3),L,P,-7.046,0,10,4
50(E3),L,Q,-2.489,0.3376,8,4
50(E3),L,R,-5.076,0,9,4
50(E3),L,S,-2.188,0.4235,5.5,4
50(E3),L,T,-2.082,0.6284,4,4
50(E3),L,V,-0.895,0.2639,10.25,4
50(E3),L,W,-2.573,0.6881,6,4
50(E3),L,Y,-2.656,0.5286,5,4
51(6K),V,-,-1.653,0.327,1,2
51(6K),V,A,-0.6532,0.3907,22,4
51(6K),V,C,0.401,1.122,7,4
51(6K),V,D,-7.338,0,9.5,4
51(6K),V,E,-4.63,0.02165,13,4
51(6K),V,F,1.033,2.551,4.5,4
51(6K),V,G,-1.769,0.2741,9.5,4
51(6K),V,H,-2.8,0.07462,7,4
51(6K),V,I,-1.38,0.9764,5,4
51(6K),V,K,-7.271,0,11,4
51(6K),V,L,-0.05055,0.5648,34,4
51(6K),V,M,-0.03565,0.723,29.25,4
51(6K),V,N,-5.175,0,7.5,4
51(6K),V,P,-4.188,0.1713,10,4
51(6K),V,Q,-2.612,0.404,8.5,4
51(6K),V,R,-7.262,0,10.5,4
51(6K),V,S,-2.653,0.2861,5.5,4
51(6K),V,T,-0.9015,0.4009,9.25,4
51(6K),V,V,0,0,,4
51(6K),V,W,-0.7634,1.061,8.5,4
51(6K),V,Y,-0.08661,0.6218,5,4
51(E1),Y,*,-6.63,0,3,4
51(E1),Y,-,-0.05045,0.8428,1.5,4
51(E1),Y,A,-4.521,0.07058,13,4
51(E1),Y,C,-8.101,0,13.5,4
51(E1),Y,D,-7.212,0,7,4
51(E1),Y,E,-7.026,0,8.5,4
51(E1),Y,F,-2.235,0.07845,13.5,4
51(E1),Y,G,-4.328,0,10,4
51(E1),Y,H,-3.367,0.3841,9,4
51(E1),Y,I,-6.082,0,9,4
51(E1),Y,K,-6.738,0,10,4
51(E1),Y,L,-7.43,0,13,4
51(E1),Y,M,-5.43,0,13.5,4
51(E1),Y,N,-6.889,0,16.5,4
51(E1),Y,P,-4.407,0.1013,7.75,4
51(E1),Y,Q,-6.808,0,9,4
51(E1),Y,R,-7.229,0,9.75,4
51(E1),Y,S,-4.116,0.1641,7,4
51(E1),Y,T,-4.971,0,7.5,4
51(E1),Y,V,-7.178,0,12,4
51(E1),Y,W,-4.925,0.0879,9.25,4
51(E1),Y,Y,0,0,,4
51(E2),S,-,0.8497,0.3563,1.5,2
51(E2),S,A,-1.18,0.972,2.5,4
51(E2),S,C,-5.461,0.4359,5.5,4
51(E2),S,D,-6.13,0,13.75,4
51(E2),S,E,-6.708,0,8.75,4
51(E2),S,F,-6.295,0,12.5,4
51(E2),S,G,-1.349,0.392,3,4
51(E2),S,H,-5.109,0,6.5,4
51(E2),S,I,-6.421,0,7.75,4
51(E2),S,K,-5.997,0,6,4
51(E2),S,L,-6.832,0,10.5,4
51(E2),S,M,-6.546,0,6,4
51(E2),S,N,-6.748,0,7,4
51(E2),S,P,-6.206,0,6,4
51(E2),S,Q,-7.471,0,4,4
51(E2),S,R,-5.938,0,3.5,4
51(E2),S,S,0,0,,4
51(E2),S,T,-1.181,0.1309,7.5,4
51(E2),S,V,-1.477,0.3481,5,4
51(E2),S,Y,-7.799,0,8.5,4
51(E3),L,A,-1.212,0.9445,7,4
51(E3),L,C,-0.8204,0.09441,8.5,4
51(E3),L,D,-4.182,0.3679,6.25,4
51(E3),L,E,1.233,2.221,7.5,4
51(E3),L,F,-0.9484,0.3198,11.25,4
51(E3),L,G,-3.295,0.4704,6.5,4
51(E3),L,H,-1.652,0.0766,10,4
51(E3),L,I,-0.1543,1.078,7.5,4
51(E3),L,K,-3.076,0.2834,9,4
51(E3),L,L,0,0,,4
51(E3),L,M,0.06075,0.3381,12.5,4
51(E3),L,N,-2.511,0.2024,7,4
51(E3),L,P,-6.324,0,9,4
51(E3),L,Q,-0.2583,0.279,10.5,4
51(E3),L,R,-6.995,0,8,4
51(E3),L,S,-1.313,0.1743,6.5,4
51(E3),L,T,1.32,1.695,6,4
51(E3),L,V,-0.5117,0.3257,4.5,4
51(E3),L,W,-4.104,0.5495,13,4
51(E3),L,Y,-1.183,0.3091,4,4
52(6K),M,-,1.098,0.5708,2,4
52(6K),M,A,-1.312,0.03653,4,4
52(6K),M,C,-0.3577,0.1852,13,4
52(6K),M,D,-7.388,0,9,4
52(6K),M,E,-7.415,0,7.5,4
52(6K),M,F,-0.7273,1.329,9.5,4
52(6K),M,G,-0.8048,2.272,5.5,4
52(6K),M,H,-2.545,0.5176,7.5,4
52(6K),M,I,0.6493,0.5873,14.75,4
52(6K),M,K,-6.979,0,12.5,4
52(6K),M,L,-0.5595,0.8805,8.5,4
52(6K),M,M,0,0,,4
52(6K),M,N,-3.615,0.3244,10,4
52(6K),M,P,-3.811,0.2016,5.5,4
52(6K),M,Q,-2.444,0.1028,8,4
52(6K),M,R,-7.22,0,9,4
52(6K),M,S,-1.44,0.4203,8,4
52(6K),M,T,-0.8352,1.019,6,4
52(6K),M,V,-0.219,0.3304,29.5,4
52(6K),M,W,-0.4372,0.3166,7.5,4
52(6K),M,Y,0.6328,1.615,6.5,4
52(E1),K,*,-5.437,0,1,4
52(E1),K,-,-2.954,1.825,2,4
52(E1),K,A,-0.4514,0.3703,12,4
52(E1),K,C,-1.56,0.3755,12.5,4
52(E1),K,D,1.471,1.526,10.5,4
52(E1),K,E,1.504,0.687,12,4
52(E1),K,F,0.9753,0.7828,13.5,4
52(E1),K,G,-0.3705,0.4988,8.5,4
52(E1),K,H,0.6093,0.2635,15.5,4
52(E1),K,I,1.368,0.6369,10,4
52(E1),K,K,0,0,,4
52(E1),K,L,2.218,1.469,10.5,4
52(E1),K,M,-0.0907,0.4372,12.5,4
52(E1),K,N,1.22,1.768,19.5,4
52(E1),K,P,-7.835,0,20,4
52(E1),K,Q,1.785,0.8445,9,4
52(E1),K,R,0.7023,0.3691,11,4
52(E1),K,S,1.665,0.5206,10.5,4
52(E1),K,T,1.555,0.7155,11.5,4
52(E1),K,V,1.127,2.174,12,4
52(E1),K,W,-0.57,0.293,17.25,4
52(E1),K,Y,0.6649,0.448,15,4
52(E2),L,-,-0.6283,0.3523,1.5,2
52(E2),L,A,-1.645,0.1868,6.5,4
52(E2),L,C,-1.474,0.1326,6,4
52(E2),L,D,-5.899,0,7.5,4
52(E2),L,E,-6.458,0,9,4
52(E2),L,F,-2.891,0.7799,5.5,4
52(E2),L,G,-5.057,0.2955,7.5,4
52(E2),L,H,-6.052,0,6,4
52(E2),L,I,-1.61,0.2133,6,4
52(E2),L,K,-6.36,0,6,4
52(E2),L,L,0,0,,4
52(E2),L,M,-1.593,0.05311,11,4
52(E2),L,N,-5.247,0,7.5,4
52(E2),L,P,-6.242,0,14,4
52(E2),L,Q,-5.905,0,5.5,4
52(E2),L,R,-6.684,0,8,4
52(E2),L,S,-3.972,0.2136,4,4
52(E2),L,T,-3.816,0.2796,6,4
52(E2),L,V,-2.263,0.09778,5,4
52(E2),L,W,-6.099,0,6,4
52(E2),L,Y,-6.216,0,7.5,4
52(E3),Q,*,-5.62,0,19.75,4
52(E3),Q,-,-0.8981,0.0142,0.5,2
52(E3),Q,A,0.8192,1.092,7.5,4
52(E3),Q,C,-0.3607,0.3226,9.5,4
52(E3),Q,D,1.033,1.294,8,4
52(E3),Q,E,-0.3943,0.1073,10,4
52(E3),Q,F,0.3256,0.3558,10.5,4
52(E3),Q,G,-1.143,0.2388,8.25,4
52(E3),Q,H,-0.2021,0.09095,15.5,4
52(E3),Q,I,-0.0863,0.3312,7,4
52(E3),Q,K,0.5769,0.4783,5,4
52(E3),Q,L,0.1459,0.9221,14.5,4
52(E3),Q,M,0.2164,0.8865,9,4
52(E3),Q,N,0.9559,0.5489,4,4
52(E3),Q,P,-1.036,0.4389,10.5,4
52(E3),Q,Q,0,0,,4
52(E3),Q,R,-0.4839,0.798,17.5,4
52(E3),Q,S,0.9596,0.7119,9,4
52(E3),Q,T,0.1803,0.2068,13,4
52(E3),Q,V,-0.3108,0.9245,7.5,4
52(E3),Q,W,1.016,1.316,9.5,4
52(E3),Q,Y,0.3174,1.585,10.5,4
53(6K),S,-,0.587,0.48,0.5,2
53(6K),S,A,0.8592,0.5017,8,4
53(6K),S,C,-0.3337,1.228,7,4
53(6K),S,D,-0.857,0.1678,5.5,4
53(6K),S,E,1.314,1.081,7.5,4
53(6K),S,F,-0.4448,0.5108,11,4
53(6K),S,G,-0.4504,1.478,5,4
53(6K),S,H,0.7443,0.704,5,4
53(6K),S,I,0.00435,0.7689,9,4
53(6K),S,K,-1.521,1.955,3.5,4
53(6K),S,L,-0.817,0.6848,8,4
53(6K),S,M,-1.053,1.105,8,4
53(6K),S,N,0.1857,0.9258,9,4
53(6K),S,P,-1.138,0.2662,8.5,4
53(6K),S,Q,-0.3686,0.4305,8.5,4
53(6K),S,R,-1.329,0.6091,10.5,4
53(6K),S,S,0,0,,4
53(6K),S,T,0.2478,0.9476,9,4
53(6K),S,V,0.08215,1.187,7,4
53(6K),S,W,-0.03627,0.3529,4.5,4
53(6K),S,Y,0.1424,0.4831,10,4
53(E1),T,-,-0.6897,0.5104,1.5,4
53(E1),T,A,-2.858,0.08509,11,4
53(E1),T,C,-4.524,0.04287,12,4
53(E1),T,D,-3.641,0.2705,10.5,4
53(E1),T,E,-7.183,0,8.5,4
53(E1),T,F,-6.312,0,11,4
53(E1),T,G,-7.417,0,10.5,4
53(E1),T,H,-6.447,0,14,4
53(E1),T,I,-1.354,0.2938,17.75,4
53(E1),T,K,-6.925,0,7.5,4
53(E1),T,L,-0.4394,1.038,6,4
53(E1),T,M,-3.14,0.414,9.5,4
53(E1),T,N,-0.6818,0.5044,13.5,4
53(E1),T,P,-3.54,0.553,13,4
53(E1),T,Q,-6.418,0,12,4
53(E1),T,R,-6.246,0,7.5,4
53(E1),T,S,-2.209,0.5543,10,4
53(E1),T,T,0,0,,4
53(E1),T,V,-0.4664,1.219,8,4
53(E1),T,W,-6.827,0,11.5,4
53(E1),T,Y,-7.659,0,14.5,4
53(E2),Q,*,-6.804,0,16.75,4
53(E2),Q,-,-0.6162,0.3528,1.5,2
53(E2),Q,A,-5.673,0,10.5,4
53(E2),Q,C,-6.709,0,7.5,4
53(E2),Q,D,-6.782,0,6.25,4
53(E2),Q,E,-5.45,0,7.25,4
53(E2),Q,F,-6.685,0,11,4
53(E2),Q,G,-6.403,0,7,4
53(E2),Q,H,-2.566,0.6268,15,4
53(E2),Q,I,-6.271,0,3,4
53(E2),Q,K,-6.678,0,8.75,4
53(E2),Q,L,-5.241,0,8,4
53(E2),Q,M,-4.997,0.05066,4.5,4
53(E2),Q,N,-5.563,0,6,4
53(E2),Q,P,-5.993,0,7,4
53(E2),Q,Q,0,0,,4
53(E2),Q,R,-6.351,0,15.25,4
53(E2),Q,S,-6.22,0,8.5,4
53(E2),Q,T,-6.279,0,6,4
53(E2),Q,V,-6.393,0,9,4
53(E2),Q,W,-4.819,1.651,6,4
53(E2),Q,Y,-5.946,0,7,4
53(E3),A,-,-0.6811,0.0152,0.5,2
53(E3),A,A,0,0,,4
53(E3),A,C,-1.115,0.08118,6.5,4
53(E3),A,D,-0.9832,0.2699,9.5,4
53(E3),A,E,-0.3144,0.465,5,4
53(E3),A,F,-1.051,0.8777,3.5,4
53(E3),A,G,-0.4974,0.4625,9.5,4
53(E3),A,H,-1.829,0.6537,7.5,4
53(E3),A,I,-0.4148,0.6177,7,4
53(E3),A,K,-0.2554,1.025,6,4
53(E3),A,L,-0.8042,0.1731,7.5,4
53(E3),A,M,-0.8876,0.5249,7.5,4
53(E3),A,N,-0.7849,0.357,7,4
53(E3),A,P,-1.312,0.09555,9,4
53(E3),A,Q,1.053,2.308,5,4
53(E3),A,R,-0.7359,0.2277,8,4
53(E3),A,S,-0.4138,0.2841,13,4
53(E3),A,T,-0.0097,1.239,13,4
53(E3),A,V,0.02266,0.515,16.75,4
53(E3),A,W,-1.077,0.4695,11.5,4
53(E3),A,Y,-1.1,0.3922,9,4
54(6K),V,-,0.284,0.1884,0.5,2
54(6K),V,A,-1.786,0.5941,18.5,4
54(6K),V,C,-0.4492,0.1419,7,4
54(6K),V,D,-0.9263,0.7651,9.5,4
54(6K),V,E,-1.099,1.216,4.5,4
54(6K),V,F,-0.188,1.951,10,4
54(6K),V,G,0.4436,0.7178,10.5,4
54(6K),V,H,-1.231,0.8268,6.5,4
54(6K),V,I,-0.7363,0.3812,9.25,4
54(6K),V,K,-2.245,0.5285,4,4
54(6K),V,L,-0.9454,0.7736,15.75,4
54(6K),V,M,0.7426,0.3115,14.5,4
54(6K),V,N,-0.2328,0.8778,5,4
54(6K),V,P,-1.07,0.2358,12.25,4
54(6K),V,Q,-0.951,0.5955,7,4
54(6K),V,R,-1.626,1.065,9.5,4
54(6K),V,S,1.286,1.82,8,4
54(6K),V,T,-0.8754,0.6065,7,4
54(6K),V,V,0,0,,4
54(6K),V,W,0.2245,1.146,6,4
54(6K),V,Y,-0.5481,1.291,9,4
54(E1),V,-,-0.3728,0.8323,1.5,4
54(E1),V,A,-1.618,0.3173,22.5,4
54(E1),V,C,-1.56,0.943,13.25,4
54(E1),V,D,-2.577,0.1813,13.5,4
54(E1),V,E,0.2305,0.6757,12,4
54(E1),V,F,-2.083,0.4331,10.75,4
54(E1),V,G,-6.438,0,14,4
54(E1),V,H,-2.22,0.3104,10,4
54(E1),V,I,-0.2768,0.147,10.5,4
54(E1),V,K,-2.773,0.4772,10.5,4
54(E1),V,L,-0.7949,0.8774,15.5,4
54(E1),V,M,-0.8729,0.1853,25.75,4
54(E1),V,N,0.9291,1.619,8.5,4
54(E1),V,P,-7.212,0,13.5,4
54(E1),V,Q,-0.9279,0.7312,10.5,4
54(E1),V,R,-2.59,0.1508,11,4
54(E1),V,S,-1.643,0.2084,12.5,4
54(E1),V,T,-0.3482,1.295,11.5,4
54(E1),V,V,0,0,,4
54(E1),V,W,-3.231,0.1968,14.5,4
54(E1),V,Y,-1.982,0.519,10.5,4
54(E2),I,-,-0.367,0.3531,1.5,2
54(E2),I,A,-0.7933,0.09583,9,4
54(E2),I,C,-0.88,0.5977,6,4
54(E2),I,D,-6.207,0,4.5,4
54(E2),I,E,-6.07,0,8.5,4
54(E2),I,F,-2.42,0.4527,7.75,4
54(E2),I,G,-3.248,0.4795,8,4
54(E2),I,H,-6.689,0,6,4
54(E2),I,I,0,0,,4
54(E2),I,K,-6.563,0,9,4
54(E2),I,L,-0.5591,0.4006,8,4
54(E2),I,M,-1.672,0.2058,8.5,4
54(E2),I,N,-2.343,0.1971,8,4
54(E2),I,P,-6.096,0,5.5,4
54(E2),I,Q,-6.444,0,11.5,4
54(E2),I,R,-6.072,0,7,4
54(E2),I,S,-1.571,0.2956,6.5,4
54(E2),I,T,-1.141,0.6474,6.5,4
54(E2),I,V,-0.4322,0.2296,10.5,4
54(E2),I,W,-5.984,0,5.5,4
54(E2),I,Y,-6.382,0,12.5,4
54(E3),S,-,-0.7315,0.03765,0.5,2
54(E3),S,A,1.783,1.973,10,4
54(E3),S,C,-0.8197,0.579,6.5,4
54(E3),S,D,-2.1,0.2277,5,4
54(E3),S,E,-1.128,0.2509,6.5,4
54(E3),S,F,-0.802,0.8727,9.5,4
54(E3),S,G,-0.7403,0.5047,8.5,4
54(E3),S,H,-1.18,0.6765,2.5,4
54(E3),S,I,-1.744,0.8004,6.5,4
54(E3),S,K,-3.667,0.2746,5.5,4
54(E3),S,L,-1.027,0.2438,5,4
54(E3),S,M,-0.2189,0.6766,6.5,4
54(E3),S,N,-5.791,0.1451,7.5,4
54(E3),S,P,-6.69,0,13.5,4
54(E3),S,Q,-1.748,0.3828,11.5,4
54(E3),S,R,-6.061,0,1.5,4
54(E3),S,S,0,0,,4
54(E3),S,T,0.2825,0.8177,5,4
54(E3),S,V,0.0081,0.3586,7,4
54(E3),S,W,-2.912,0.3243,6,4
54(E3),S,Y,-2.563,0.2171,9,4
55(6K),G,*,-5.58,0.07361,3,4
55(6K),G,-,0.1507,0.0571,0.5,2
55(6K),G,A,3.347,1.936,8.5,4
55(6K),G,C,1.49,0.2048,6.5,4
55(6K),G,D,-0.6372,0.9272,5.5,4
55(6K),G,E,-0.5103,0.3983,17,4
55(6K),G,F,0.3331,0.4019,13,4
55(6K),G,G,0,0,,4
55(6K),G,H,0.135,1.161,6.5,4
55(6K),G,I,0.00855,2.143,6,4
55(6K),G,K,0.1957,0.1889,7.5,4
55(6K),G,L,-0.1678,0.2718,17,4
55(6K),G,M,-0.1887,0.7207,6,4
55(6K),G,N,-0.7859,2.009,6,4
55(6K),G,P,-0.0615,0.2181,10,4
55(6K),G,Q,-1.466,0.3661,12,4
55(6K),G,R,-1.256,0.7702,26.5,4
55(6K),G,S,0.8697,0.1369,7,4
55(6K),G,T,-0.3888,0.5847,9.25,4
55(6K),G,V,-0.1277,0.2966,10,4
55(6K),G,W,-0.627,0.3101,6.5,4
55(6K),G,Y,-0.2615,1.141,11,4
55(E1),I,-,-1.186,1.024,2,4
55(E1),I,A,0.2221,0.3126,12.5,4
55(E1),I,C,-1.665,0.501,12.25,4
55(E1),I,D,-6.768,0,10.5,4
55(E1),I,E,-5.638,0,12,4
55(E1),I,F,-2.217,0.7033,12,4
55(E1),I,G,-6.599,0,7.5,4
55(E1),I,H,-4.123,0.1379,14.5,4
55(E1),I,I,0,0,,4
55(E1),I,K,-3.849,0.195,11,4
55(E1),I,L,-1.134,0.2387,15,4
55(E1),I,M,-2.419,0.4866,12,4
55(E1),I,N,-3.036,0.2205,11.5,4
55(E1),I,P,-7.319,0,18,4
55(E1),I,Q,-4.085,0.2338,9.5,4
55(E1),I,R,-3.358,0.5258,10.5,4
55(E1),I,S,-0.9022,0.7097,12.5,4
55(E1),I,T,-0.555,0.486,13,4
55(E1),I,V,0.3246,0.15,10.5,4
55(E1),I,W,-7.483,0,12,4
55(E1),I,Y,-6.706,0,11.5,4
55(E2),G,-,-0.3468,0.354,1.5,2
55(E2),G,A,-1.594,0.3948,8,4
55(E2),G,C,-4.534,0.1657,8.5,4
55(E2),G,D,-5.872,0,158.2,4
55(E2),G,E,-2.592,0.1338,5.5,4
55(E2),G,F,-6.26,0,8.5,4
55(E2),G,G,0,0,,4
55(E2),G,H,-3.494,0.2198,4.5,4
55(E2),G,I,-5.7,0,5,4
55(E2),G,K,-5.451,0,7,4
55(E2),G,L,-6.221,0,5.5,4
55(E2),G,M,-6.431,0,5.5,4
55(E2),G,N,-0.7002,0.9895,3.5,4
55(E2),G,P,-5.873,0,7,4
55(E2),G,Q,-5.677,0,9.5,4
55(E2),G,R,-5.766,0.1615,7.5,4
55(E2),G,S,-2.936,0.2956,17.5,4
55(E2),G,T,-4.776,0.136,9.5,4
55(E2),G,V,-6.54,0,10.5,4
55(E2),G,W,-5.909,0,7.5,4
55(E2),G,Y,-6.333,0,7,4
55(E3),L,-,-0.7423,0.03665,0.5,2
55(E3),L,A,-1.944,0.3292,6,4
55(E3),L,C,-1.388,0.6907,6,4
55(E3),L,D,-4.589,0.1236,10.25,4
55(E3),L,E,-3.146,0.1651,9.5,4
55(E3),L,F,-0.1904,0.471,7.5,4
55(E3),L,G,-3.315,0.3966,6.5,4
55(E3),L,H,-3.16,0.6823,5,4
55(E3),L,I,-0.68,0.1769,4.5,4
55(E3),L,K,-5.241,0,9.25,4
55(E3),L,L,0,0,,4
55(E3),L,M,-0.0708,0.6046,8.5,4
55(E3),L,N,-2.851,0.07264,11,4
55(E3),L,P,-7.424,0,11,4
55(E3),L,Q,-2.59,0.2893,10,4
55(E3),L,R,-6.014,0,9.5,4
55(E3),L,S,-2.071,0.04962,9.5,4
55(E3),L,T,-0.635,0.1594,7.5,4
55(E3),L,V,0.3679,0.8509,8,4
55(E3),L,W,-2.47,0.2269,7.5,4
55(E3),L,Y,-1.417,0.02176,3,4
56(6K),A,-,-0.299,0.3329,0.5,2
56(6K),A,A,0,0,,4
56(6K),A,C,0.2608,0.952,9.5,4
56(6K),A,D,-0.543,0.3038,9.5,4
56(6K),A,E,0.4999,0.8199,5,4
56(6K),A,F,0.6784,1.18,8,4
56(6K),A,G,-0.147,1.928,6,4
56(6K),A,H,0.3565,0.3087,9.5,4
56(6K),A,I,0.7298,1.244,8.5,4
56(6K),A,K,2.444,1.716,4,4
56(6K),A,L,-0.5628,0.6485,7,4
56(6K),A,M,-1.305,0.1742,6,4
56(6K),A,N,-0.5794,0.6021,11.5,4
56(6K),A,P,2.026,1.097,7.5,4
56(6K),A,Q,-0.7927,0.5361,6,4
56(6K),A,R,1.547,1.288,4.5,4
56(6K),A,S,0.1979,0.4908,14,4
56(6K),A,T,-0.749,0.6006,22.5,4
56(6K),A,V,0.7041,0.3382,15,4
56(6K),A,W,-0.5685,0.838,5.75,4
56(6K),A,Y,-0.3319,0.4556,7,4
56(E1),P,-,-1.213,0.6166,2,4
56(E1),P,A,-3.224,0.07533,7.5,4
56(E1),P,C,-4.913,0,11,4
56(E1),P,D,-2.832,0.3031,6.5,4
56(E1),P,E,-2.941,0.3356,9.5,4
56(E1),P,F,-4.888,0.0905,7,4
56(E1),P,G,-2.952,0.3077,6.5,4
56(E1),P,H,-5.95,0,6.5,4
56(E1),P,I,-3.45,0.2929,8.5,4
56(E1),P,K,-4.538,0.03594,9,4
56(E1),P,L,-4.813,0.05068,15,4
56(E1),P,M,-3.321,0.529,8.5,4
56(E1),P,N,-2.446,0.2332,6.5,4
56(E1),P,P,0,0,,4
56(E1),P,Q,-2.752,0.3944,7,4
56(E1),P,R,-3.058,0.4836,11.25,4
56(E1),P,S,-3.221,0.2931,20.5,4
56(E1),P,T,-1.867,0.1804,8.5,4
56(E1),P,V,-2.621,0.4489,10.5,4
56(E1),P,W,-5.418,0,11,4
56(E1),P,Y,-3.625,0.2576,9,4
56(E2),I,-,-0.6478,1.046,2,4
56(E2),I,A,-5.479,0,7,4
56(E2),I,C,-5.701,0.07838,5.5,4
56(E2),I,D,-6.577,0,6.5,4
56(E2),I,E,-6.559,0,6,4
56(E2),I,F,-0.442,0.5151,6.5,4
56(E2),I,G,-6.05,0,5.5,4
56(E2),I,H,-6.593,0,6,4
56(E2),I,I,0,0,,4
56(E2),I,K,-6.191,0,7.5,4
56(E2),I,L,-0.00795,0.7535,4,4
56(E2),I,M,-1.119,0.3706,10,4
56(E2),I,N,-6.312,0,5,4
56(E2),I,P,-5.765,0,8.5,4
56(E2),I,Q,-4.37,0.1593,1.5,4
56(E2),I,R,-6.403,0,5.5,4
56(E2),I,S,-6.706,0,9,4
56(E2),I,T,-5.244,0.05976,9.5,4
56(E2),I,V,-0.6247,0.08104,6,4
56(E2),I,W,-1.959,0.2716,5,4
56(E2),I,Y,-1.163,0.6805,3,4
56(E3),T,-,-0.5274,0.01735,0.5,2
56(E3),T,A,0.2066,0.3759,8.5,4
56(E3),T,C,-0.5407,0.2581,8,4
56(E3),T,D,-0.4453,0.163,5.5,4
56(E3),T,E,-0.2414,0.4462,6.5,4
56(E3),T,F,0.7448,1.421,7.5,4
56(E3),T,G,-0.8148,0.1155,9,4
56(E3),T,H,-0.2756,0.7233,11.75,4
56(E3),T,I,-0.19,0.681,16.75,4
56(E3),T,K,-0.1278,0.6513,9,4
56(E3),T,L,-0.8026,0.7321,10.5,4
56(E3),T,M,0.5466,0.4249,9,4
56(E3),T,N,-0.09075,1.188,8.5,4
56(E3),T,P,-0.5546,0.6641,5,4
56(E3),T,Q,-0.4014,0.5208,7.5,4
56(E3),T,R,-1.255,0.9632,9.5,4
56(E3),T,S,0.7137,1.404,7.25,4
56(E3),T,T,0,0,,4
56(E3),T,V,-1.246,0.9596,7.5,4
56(E3),T,W,-0.4826,0.1956,7.5,4
56(E3),T,Y,-0.7191,0.1082,11,4
57(6K),H,-,0.6837,0.2306,0.5,2
57(6K),H,A,-1.118,0.6028,14.5,4
57(6K),H,C,-0.8135,0.2037,9,4
57(6K),H,D,0.036,1.867,5.5,4
57(6K),H,E,-1.066,0.4572,7.5,4
57(6K),H,F,0.1685,0.9894,6.5,4
57(6K),H,G,-0.2968,0.4771,7.5,4
57(6K),H,H,0,0,,4
57(6K),H,I,-0.6346,1.062,6,4
57(6K),H,K,-1.704,0.3071,5,4
57(6K),H,L,-0.3214,1.402,6.5,4
57(6K),H,M,-0.5381,0.743,6,4
57(6K),H,N,-0.2389,0.4465,5.5,4
57(6K),H,P,0.9224,0.9083,7.5,4
57(6K),H,Q,-0.2936,1.359,8,4
57(6K),H,R,-1.643,0.1268,5.75,4
57(6K),H,S,0.3056,1.283,7.25,4
57(6K),H,T,-0.642,1.942,4.75,4
57(6K),H,V,0.0865,2.126,8,4
57(6K),H,W,-1.087,0.6846,9.5,4
57(6K),H,Y,0.1827,1.071,9,4
57(E1),S,-,-1.528,0.07,1,2
57(E1),S,A,-2.849,0.2885,8,4
57(E1),S,C,-6.207,0,9.5,4
57(E1),S,D,-6.967,0,7.75,4
57(E1),S,E,-6.35,0,7.25,4
57(E1),S,F,-6.702,0,17.5,4
57(E1),S,G,-3.18,0.6249,9,4
57(E1),S,H,-5.922,0,9.5,4
57(E1),S,I,-6.312,0,6.5,4
57(E1),S,K,-6.452,0,8,4
57(E1),S,L,-6.585,0,7.5,4
57(E1),S,M,-6.39,0,6,4
57(E1),S,N,-5,0,4.5,4
57(E1),S,P,-4.803,0,12,4
57(E1),S,Q,-6.607,0,8,4
57(E1),S,R,-7.024,0,7,4
57(E1),S,S,0,0,,4
57(E1),S,T,-6.226,0,10,4
57(E1),S,V,-6.87,0,8,4
57(E1),S,W,-6.367,0,6.5,4
57(E1),S,Y,-7.14,0,9,4
57(E2),K,*,-6.383,0,0.5,2
57(E2),K,-,-1.138,0.7203,1.5,2
57(E2),K,A,-2.52,0.764,0.5,2
57(E2),K,C,-1.054,0.568,2.5,4
57(E2),K,D,-0.7808,0.2861,1,2
57(E2),K,E,-5.983,0.07924,8,4
57(E2),K,F,-5.76,0,5.5,4
57(E2),K,G,1.338,0.4536,0.5,2
57(E2),K,H,-4.3,0.3402,8,4
57(E2),K,I,-2.852,0.1691,6,4
57(E2),K,K,0,0,,4
57(E2),K,L,-2.643,0.2128,6,4
57(E2),K,M,-1.306,0.8935,4,4
57(E2),K,N,-0.9846,0.4493,11.5,4
57(E2),K,P,-6.026,0.123,6,4
57(E2),K,Q,-1.808,0.5516,7.5,4
57(E2),K,R,1.563,1.011,9,4
57(E2),K,S,-0.5247,1.166,3.5,4
57(E2),K,T,0.2174,0.4851,11,4
57(E2),K,V,-2.432,0.1635,2.5,4
57(E2),K,W,-7.269,0,7.5,4
57(E2),K,Y,-5.617,0,7.5,4
57(E3),C,*,-5.957,0.3559,2.5,4
57(E3),C,-,-1.219,0.022,0.5,2
57(E3),C,A,-1.189,0.1149,4.5,4
57(E3),C,C,0,0,,4
57(E3),C,D,-1.226,0.7655,7,4
57(E3),C,E,-1.249,0.1419,6,4
57(E3),C,F,-1.182,0.04748,15.5,4
57(E3),C,G,-1.482,0.2036,12,4
57(E3),C,H,-2.611,0.162,2,2
57(E3),C,I,-1.384,0.3084,6.5,4
57(E3),C,K,-1.917,0.3722,10,4
57(E3),C,L,-2.341,0.7022,6,4
57(E3),C,M,-1.369,0.3229,10.5,4
57(E3),C,N,-1.612,0.2143,7.5,4
57(E3),C,P,-1.494,0.01272,8.5,4
57(E3),C,Q,-1.965,0.4154,11.5,4
57(E3),C,R,-1.587,0.2465,8.5,4
57(E3),C,S,-0.981,0.4794,4.75,4
57(E3),C,T,-0.01313,0.3488,5,4
57(E3),C,V,-1.35,0.3068,11,4
57(E3),C,W,-2.343,0.257,8.5,4
57(E3),C,Y,-1.59,0.2248,28.5,4
58(6K),T,-,-0.892,0.6461,1,4
58(6K),T,A,0.3969,0.7445,9,4
58(6K),T,C,0.2605,0.5669,10.25,4
58(6K),T,D,0.2616,0.9466,9.5,4
58(6K),T,E,-0.2437,0.1434,6,4
58(6K),T,F,-0.6756,0.9289,7.5,4
58(6K),T,G,0.08127,2.336,6.5,4
58(6K),T,H,0.7406,1.147,5.5,4
58(6K),T,I,0.7939,0.963,22.5,4
58(6K),T,K,-0.8133,0.6456,7.5,4
58(6K),T,L,0.8934,0.7499,8,4
58(6K),T,M,0.1141,0.3098,5,4
58(6K),T,N,0.0504,0.4085,8,4
58(6K),T,P,1.62,1.878,8,4
58(6K),T,Q,0.8492,1.149,8.5,4
58(6K),T,R,-0.06741,0.4979,4.5,4
58(6K),T,S,-0.7602,0.3006,8,4
58(6K),T,T,0,0,,4
58(6K),T,V,0.3891,0.5652,9.5,4
58(6K),T,W,-0.6685,0.2572,3.5,4
58(6K),T,Y,1.151,0.9552,9,4
58(E1),P,-,-0.0328,0.2127,0.5,2
58(E1),P,A,-6.085,0,6.5,4
58(E1),P,C,-9.405,0,12,4
58(E1),P,D,-7.389,0,11.5,4
58(E1),P,E,-6.94,0,12.5,4
58(E1),P,F,-6.893,0,11.5,4
58(E1),P,G,-5.825,0,8.25,4
58(E1),P,H,-6.706,0,8,4
58(E1),P,I,-7.431,0,10.5,4
58(E1),P,K,-6.981,0,10.5,4
58(E1),P,L,-7.639,0,17,4
58(E1),P,M,-6.237,0,10,4
58(E1),P,N,-7.156,0,13,4
58(E1),P,P,0,0,,4
58(E1),P,Q,-6.803,0,15.25,4
58(E1),P,R,-6.185,0,13,4
58(E1),P,S,-7.181,0,14.5,4
58(E1),P,T,-7.11,0,16.25,4
58(E1),P,V,-6.678,0,12.5,4
58(E1),P,W,-7.22,0,4.5,4
58(E1),P,Y,-7.002,0,10,4
58(E2),T,-,-0.386,0.1476,1.5,2
58(E2),T,A,0.905,0.4081,8,4
58(E2),T,C,-2.213,1.601,4.5,4
58(E2),T,D,-2.022,0.7903,4,4
58(E2),T,E,0.6349,0.4615,3.5,4
58(E2),T,F,-2.564,0.2849,4,4
58(E2),T,G,0.5487,0.577,2.5,4
58(E2),T,H,-0.8011,0.2366,7,4
58(E2),T,I,-1.272,0.4166,11.5,4
58(E2),T,K,-2.643,0.1907,4,4
58(E2),T,L,-1.763,0.1133,4.5,4
58(E2),T,M,-1.081,0.2134,3.5,4
58(E2),T,N,-1.817,0.2333,9.5,4
58(E2),T,P,-3.418,0.4287,8.5,4
58(E2),T,Q,-0.5069,1.526,3,4
58(E2),T,R,-1.974,0.3003,3,4
58(E2),T,S,1.716,1.638,5.5,4
58(E2),T,T,0,0,,4
58(E2),T,V,0.3681,1.084,7.5,4
58(E2),T,W,-1.553,0.09395,4.5,4
58(E2),T,Y,-2.04,0.4557,6.5,4
58(E3),S,-,-1.446,0.035,0.5,2
58(E3),S,A,-0.488,1.314,7,4
58(E3),S,C,-0.5494,0.7339,9,4
58(E3),S,D,2.594,0.5735,5,4
58(E3),S,E,0.5827,0.1891,6,4
58(E3),S,F,0.2016,0.5519,8.5,4
58(E3),S,G,-0.261,0.2263,12,4
58(E3),S,H,2.123,0.8664,8.5,4
58(E3),S,I,-0.1962,0.06317,10,4
58(E3),S,K,-0.04447,0.3384,8.5,4
58(E3),S,L,-0.3672,0.4975,7,4
58(E3),S,M,-0.7339,1.454,5,4
58(E3),S,N,0.08193,0.1363,12.5,4
58(E3),S,P,-0.3276,0.5241,6.5,4
58(E3),S,Q,-0.2708,0.03516,5,4
58(E3),S,R,-0.7295,0.4946,6,4
58(E3),S,S,0,0,,4
58(E3),S,T,-0.032,1.785,11.5,4
58(E3),S,V,-0.05915,0.2907,8.5,4
58(E3),S,W,0.3636,2.91,7,4
58(E3),S,Y,1.3,0.2695,3,4
59(6K),V,-,-0.6197,0.6228,1,4
59(6K),V,A,-0.913,1.671,14,4
59(6K),V,C,-0.08478,0.2546,8.5,4
59(6K),V,D,-5.598,0.1888,10,4
59(6K),V,E,-3.76,0.2038,10.5,4
59(6K),V,F,-5.518,0,15.5,4
59(6K),V,G,0.6856,0.8831,9,4
59(6K),V,H,-3.488,0.5068,7.5,4
59(6K),V,I,-0.2666,0.3265,6.5,4
59(6K),V,K,-3.421,0.1283,6,4
59(6K),V,L,-2.988,0.3542,15,4
59(6K),V,M,-2.64,0.2858,23.5,4
59(6K),V,N,-1.47,0.2786,5.5,4
59(6K),V,P,-0.775,0.6359,9.5,4
59(6K),V,Q,-3.449,0.303,7.5,4
59(6K),V,R,-3.632,0.2,7.5,4
59(6K),V,S,0.1127,1.464,8.5,4
59(6K),V,T,-1.028,1.129,8.5,4
59(6K),V,V,0,0,,4
59(6K),V,W,-6.326,0,6,4
59(6K),V,Y,-4.733,0.1054,9.5,4
59(E1),Y,*,-5.968,0,4,4
59(E1),Y,A,-3.863,0.1343,8.5,4
59(E1),Y,C,-6.66,0,18,4
59(E1),Y,D,-5.04,0,10,4
59(E1),Y,E,-4.72,0.168,7.5,4
59(E1),Y,F,-0.9385,0.2841,13,4
59(E1),Y,G,-4.059,0.02598,7,4
59(E1),Y,H,-3.543,0.1749,15,4
59(E1),Y,I,-3.122,0.3441,14,4
59(E1),Y,K,-6.324,0,11.5,4
59(E1),Y,L,-2.492,0.5257,9.5,4
59(E1),Y,M,-3.38,0.5386,4,4
59(E1),Y,N,-5.162,0.1494,12,4
59(E1),Y,P,-7.797,0,10.5,4
59(E1),Y,Q,-6.757,0,9,4
59(E1),Y,R,-5.667,0,10.5,4
59(E1),Y,S,-5.365,0,12.5,4
59(E1),Y,T,-5.143,0,9,4
59(E1),Y,V,-3.528,0.3204,8,4
59(E1),Y,W,0.6597,0.3743,10,4
59(E1),Y,Y,0,0,,4
59(E2),D,-,-3.232,1.974,2.5,4
59(E2),D,A,-5.361,0,10,4
59(E2),D,C,-5.879,0.2022,5,4
59(E2),D,D,0,0,,4
59(E2),D,E,-5.83,0,5.5,4
59(E2),D,F,-4.697,0.2087,6,4
59(E2),D,G,-6.072,0,7,4
59(E2),D,H,-4.825,0.07708,5.5,4
59(E2),D,I,-6.612,0,4,4
59(E2),D,K,-5.968,0,8,4
59(E2),D,L,-6.253,0,4.5,4
59(E2),D,M,-6.595,0,4,4
59(E2),D,N,-3.809,0.2338,21,4
59(E2),D,P,-4.893,0.2033,8,4
59(E2),D,Q,-5.915,0,5,4
59(E2),D,R,-5.924,0,6,4
59(E2),D,S,-4.063,0.1905,3.5,4
59(E2),D,T,-4.537,0.07561,8,4
59(E2),D,V,-6.737,0,7,4
59(E2),D,W,-5.824,0,7,4
59(E2),D,Y,-5.958,0,9,4
59(E3),P,-,-0.3471,0.1527,0.5,2
59(E3),P,A,2.186,1.769,6,4
59(E3),P,C,-0.1944,0.8124,4,4
59(E3),P,D,0.1542,0.8364,8.5,4
59(E3),P,E,-0.6014,0.1716,5,4
59(E3),P,F,0.0065,2.114,8.5,4
59(E3),P,G,0.1104,0.7927,5.5,4
59(E3),P,H,-0.1978,0.5115,13.5,4
59(E3),P,I,0.0448,0.5203,8.5,4
59(E3),P,K,-0.5405,0.2539,6,4
59(E3),P,L,-0.3169,0.4557,10.5,4
59(E3),P,M,-0.01615,0.326,6.5,4
59(E3),P,N,0.5275,0.5381,5,4
59(E3),P,P,0,0,,4
59(E3),P,Q,0.2318,0.2473,7,4
59(E3),P,R,0.2115,0.6259,6.75,4
59(E3),P,S,0.5433,0.5399,10.5,4
59(E3),P,T,0.2162,0.4431,11.5,4
59(E3),P,V,1.289,0.3277,5.5,4
59(E3),P,W,2.238,0.9337,2.5,4
59(E3),P,Y,-0.2767,0.9994,8.25,4
6(6K),A,*,-6.271,0,8.5,4
6(6K),A,-,-1.33,0.2501,1.5,4
6(6K),A,A,0,0,,4
6(6K),A,C,-0.5868,1.114,8.25,4
6(6K),A,D,-1.457,0.4654,8,4
6(6K),A,E,-1.268,0.4802,6.25,4
6(6K),A,F,-0.6412,0.53,7.5,4
6(6K),A,G,0.9214,2.204,9,4
6(6K),A,H,-0.6986,1.106,10.5,4
6(6K),A,I,-0.5593,0.2493,8.5,4
6(6K),A,K,0.6968,0.659,9.5,4
6(6K),A,L,-0.5534,0.2355,5,4
6(6K),A,M,1.015,0.3487,8.5,4
6(6K),A,N,-0.009545,2.422,9.5,4
6(6K),A,P,0.2685,0.5667,9.25,4
6(6K),A,Q,-0.2275,0.3812,7,4
6(6K),A,R,-0.4688,0.5125,7.5,4
6(6K),A,S,-0.0561,0.8709,11,4
6(6K),A,T,0.1783,0.5836,16.5,4
6(6K),A,V,-0.7549,0.2096,30,4
6(6K),A,W,-0.5523,0.336,7,4
6(6K),A,Y,-0.5157,0.2987,8.5,4
6(E1),V,-,-0.8801,0.1728,1,2
6(E1),V,A,1.283,0.4438,12,4
6(E1),V,C,-6.21,0,10,4
6(E1),V,D,-1.475,0.765,4.5,4
6(E1),V,E,-2.016,0.3766,8.5,4
6(E1),V,F,-0.6354,0.1561,10.25,4
6(E1),V,G,-2.125,0.4075,6.5,4
6(E1),V,H,0.06475,1.37,6,4
6(E1),V,I,1.188,1.264,10,4
6(E1),V,K,-6.422,0,6,4
6(E1),V,L,-0.9924,0.7172,13.5,4
6(E1),V,M,-0.6742,0.1572,22.25,4
6(E1),V,N,0.5162,1.205,8.5,4
6(E1),V,P,-2.308,0.3113,8,4
6(E1),V,Q,-1.306,0.9079,10,4
6(E1),V,R,-7.161,0,6.5,4
6(E1),V,S,-0.0139,0.6128,4.5,4
6(E1),V,T,-0.4881,0.5527,8.5,4
6(E1),V,V,0,0,,4
6(E1),V,W,-1.24,0.5698,6,4
6(E1),V,Y,2.2,0.9215,5.5,4
6(E2),F,*,-5.995,0,0.5,2
6(E2),F,-,-1.01,0.7594,2.5,4
6(E2),F,A,-1.857,0.6269,7.5,4
6(E2),F,C,-2.314,0.5283,10.5,4
6(E2),F,D,-2.885,0.3248,5.5,4
6(E2),F,E,-2.317,0.1503,4.5,4
6(E2),F,F,0,0,,4
6(E2),F,G,-2.389,0.4143,5,4
6(E2),F,H,-2.209,0.2649,7.5,4
6(E2),F,I,-0.8211,0.2809,8,4
6(E2),F,K,-5.897,0,4.5,4
6(E2),F,L,-0.6877,0.3559,8.5,4
6(E2),F,M,-0.4618,1.05,7,4
6(E2),F,N,-2.744,0.5664,7,4
6(E2),F,P,-2.367,0.6062,8.5,4
6(E2),F,Q,-2.777,0.1968,4.5,4
6(E2),F,R,-3.124,0.4643,6,4
6(E2),F,S,-1.913,0.2482,8.5,4
6(E2),F,T,-1.63,0.3625,11,4
6(E2),F,V,-1.237,0.1421,8,4
6(E2),F,W,0.5418,1.523,6,4
6(E2),F,Y,1.016,1.257,7,4
6(E3),V,*,-7.367,0,18.25,4
6(E3),V,-,-1.064,0.013,0.5,2
6(E3),V,A,-5.521,0,15.5,4
6(E3),V,C,-5.529,0,14,4
6(E3),V,D,-6.721,0,11,4
6(E3),V,E,-6.638,0,10,4
6(E3),V,F,-0.9769,0.4749,15.5,4
6(E3),V,G,-6.232,0,19,4
6(E3),V,H,-6.536,0,12,4
6(E3),V,I,-0.2283,1.325,9,4
6(E3),V,K,-6.111,0,7.5,4
6(E3),V,L,0.1731,0.1921,16.25,4
6(E3),V,M,-0.2268,0.8094,20,4
6(E3),V,N,-8.796,0,14,4
6(E3),V,P,-6.563,0,14,4
6(E3),V,Q,-6.978,0,10.5,4
6(E3),V,R,-6.732,0,5,4
6(E3),V,S,-6.827,0,15,4
6(E3),V,T,-6.251,0,18,4
6(E3),V,V,0,0,,4
6(E3),V,W,-0.828,0.8983,8.5,4
6(E3),V,Y,-2.627,0.3363,11.5,4
60(6K),S,*,-5.966,0,0.5,2
60(6K),S,-,-1.87,0.5294,1,4
60(6K),S,A,-0.9304,0.4181,6.5,4
60(6K),S,C,0.3843,1.132,7,4
60(6K),S,D,0.8544,2.293,5.5,4
60(6K),S,E,-0.3977,0.3064,7,4
60(6K),S,F,3.172,2.646,11,4
60(6K),S,G,-0.4235,0.7539,3.5,4
60(6K),S,H,-1.184,0.5479,7,4
60(6K),S,I,-0.3385,2.088,4,4
60(6K),S,K,0.1755,1.337,4.5,4
60(6K),S,L,-0.7098,1.292,3,4
60(6K),S,M,0.9985,1.517,7.5,4
60(6K),S,N,1.748,0.9766,4,4
60(6K),S,P,-1.952,0.07015,15.5,4
60(6K),S,Q,-0.8733,0.5761,5.5,4
60(6K),S,R,-1.785,1.411,9,4
60(6K),S,S,0,0,,4
60(6K),S,T,0.708,1.215,7,4
60(6K),S,V,-0.5745,1.149,8,4
60(6K),S,W,-0.8478,0.3988,6.5,4
60(6K),S,Y,-0.8054,0.7223,9.5,4
60(E1),V,-,0.1995,0.0212,0.5,2
60(E1),V,A,-6.255,0,22.5,4
60(E1),V,C,-6.957,0,5.5,4
60(E1),V,D,-6.971,0,6.5,4
60(E1),V,E,-7.016,0,9.5,4
60(E1),V,F,-6.455,0,5,4
60(E1),V,G,-6.965,0,8.5,4
60(E1),V,H,-7.498,0,8.5,4
60(E1),V,I,1.431,0.5834,9,4
60(E1),V,K,-6.587,0,5.5,4
60(E1),V,L,-3.309,0.2188,15,4
60(E1),V,M,-6.119,0,15.5,4
60(E1),V,N,-6.576,0,6.5,4
60(E1),V,P,-7.275,0,9.5,4
60(E1),V,Q,-6.559,0,3,4
60(E1),V,R,-6.951,0,10.5,4
60(E1),V,S,-8.286,0,7.5,4
60(E1),V,T,-7.157,0,10,4
60(E1),V,V,0,0,,4
60(E1),V,W,-6.141,0,8,4
60(E1),V,Y,-7.574,0,7.75,4
60(E2),D,*,-6.274,0,0.5,2
60(E2),D,-,-0.8433,0.2296,2,4
60(E2),D,A,-2.733,0.2104,5.5,4
60(E2),D,C,-4.841,0.31,1.5,4
60(E2),D,D,0,0,,4
60(E2),D,E,-1.998,0.3024,7.5,4
60(E2),D,F,-5.79,0,8.5,4
60(E2),D,G,1.881,0.9751,4.5,4
60(E2),D,H,-2.917,0.2454,10.5,4
60(E2),D,I,-6.641,0,3.5,4
60(E2),D,K,-6.396,0,5.5,4
60(E2),D,L,-6.622,0,7,4
60(E2),D,M,-6.297,0,6,4
60(E2),D,N,0.1005,0.4957,9,4
60(E2),D,P,-6.793,0,7,4
60(E2),D,Q,-3.178,1.054,5,4
60(E2),D,R,-5.856,0,6,4
60(E2),D,S,-2.096,0.4006,6.5,4
60(E2),D,T,-6.719,0,6,4
60(E2),D,V,-6.233,0,4.5,4
60(E2),D,W,-6.3,0,6.5,4
60(E2),D,Y,-6.769,0,8,4
60(E3),R,*,-5.976,0.02555,2.5,4
60(E3),R,A,-0.6488,0.4198,8.5,4
60(E3),R,C,-1.288,0.1993,7.5,4
60(E3),R,D,-0.761,0.3576,7,4
60(E3),R,E,-0.6714,0.3712,4.5,4
60(E3),R,F,-0.4482,0.2304,10.5,4
60(E3),R,G,0.4714,0.5,9.5,4
60(E3),R,H,-0.09195,0.6004,7.5,4
60(E3),R,I,0.1789,0.4162,13.5,4
60(E3),R,K,0.9059,1.01,7.5,4
60(E3),R,L,-0.1889,0.7371,6,4
60(E3),R,M,0.5904,1.112,3,4
60(E3),R,N,-0.5097,0.06729,7.5,4
60(E3),R,P,0.4427,1.299,11,4
60(E3),R,Q,-0.3374,1.761,3.5,4
60(E3),R,R,0,0,,4
60(E3),R,S,0.08265,0.5067,8.5,4
60(E3),R,T,-0.04,1.678,7.5,4
60(E3),R,V,0.7594,0.1817,4,4
60(E3),R,W,-1.034,0.441,5,4
60(E3),R,Y,0.2586,0.1924,6.5,4
61(6K),A,-,-1.744,0.6752,1,4
61(6K),A,A,0,0,,4
61(6K),A,C,0.6383,1.216,5.5,4
61(6K),A,D,-4.457,0.1888,7.5,4
61(6K),A,E,-6.893,0,6,4
61(6K),A,F,-6.053,0,8.25,4
61(6K),A,G,-0.627,0.4379,6,4
61(6K),A,H,-3.364,0.3681,4,4
61(6K),A,I,-6.107,0,7.5,4
61(6K),A,K,-6.913,0,4.5,4
61(6K),A,L,-6.351,0.2325,6,4
61(6K),A,M,-2.403,0.5969,6.5,4
61(6K),A,N,-3.939,0.2368,7,4
61(6K),A,P,0.82,1.446,3.5,4
61(6K),A,Q,-6.444,0,4.5,4
61(6K),A,R,-6.267,0,7.5,4
61(6K),A,S,-0.2641,0.3982,11,4
61(6K),A,T,-0.5775,0.7438,24.75,4
61(6K),A,V,-5.245,0,43,4
61(6K),A,W,-6.691,0,4,4
61(6K),A,Y,-7.279,0,7,4
61(E1),K,*,0.3827,0.121,0.5,2
61(E1),K,-,-0.4931,0.1043,1.5,2
61(E1),K,A,-1.437,1.212,4,4
61(E1),K,C,-3.111,0.3105,7.5,4
61(E1),K,D,-3.466,0.4439,8,4
61(E1),K,E,-3.938,0.378,8.5,4
61(E1),K,F,-2.891,0.3519,7,4
61(E1),K,G,-6.614,0,7.5,4
61(E1),K,H,-2.497,0.4404,6.25,4
61(E1),K,I,-3.343,0.3543,5.75,4
61(E1),K,K,0,0,,4
61(E1),K,L,-1.764,0.424,9.75,4
61(E1),K,M,-2.112,0.5009,8,4
61(E1),K,N,-2.17,0.1508,12,4
61(E1),K,P,-6.816,0,8,4
61(E1),K,Q,-2.198,0.1581,9.5,4
61(E1),K,R,-1.581,0.7171,3,4
61(E1),K,S,-2.075,0.3701,4,4
61(E1),K,T,-3.149,0.2077,9.5,4
61(E1),K,V,-1.97,0.208,12.5,4
61(E1),K,W,-5.535,0,8,4
61(E1),K,Y,-2.768,0.1674,7.5,4
61(E2),S,-,-0.6966,0.9634,2.5,4
61(E2),S,A,-1.324,0.5041,8,4
61(E2),S,C,-1.149,0.2243,7,4
61(E2),S,D,-1.408,0.05201,7,4
61(E2),S,E,2.101,1.426,4.5,4
61(E2),S,F,-1.995,0.625,7,4
61(E2),S,G,-1.965,0.1141,12.5,4
61(E2),S,H,-1.006,0.2781,8,4
61(E2),S,I,-0.4798,0.1716,11.5,4
61(E2),S,K,-1.538,0.1913,8,4
61(E2),S,L,-1.162,0.7838,6.5,4
61(E2),S,M,-0.7474,0.5515,7,4
61(E2),S,N,0.3181,0.3055,18.25,4
61(E2),S,P,-7.033,0,7,4
61(E2),S,Q,0.4273,1.18,7.5,4
61(E2),S,R,-2.401,0.8321,6,4
61(E2),S,S,0,0,,4
61(E2),S,T,0.8896,1.2,5.5,4
61(E2),S,V,-0.2541,0.5409,5.5,4
61(E2),S,W,-5.127,0.2304,2.5,4
61(E2),S,Y,-1.952,0.6535,5,4
61(E3),R,-,-0.7715,0.0009,0.5,2
61(E3),R,A,-2.883,0.2882,8.5,4
61(E3),R,C,-2.247,0.1442,6.5,4
61(E3),R,D,-3.915,0.3678,7.5,4
61(E3),R,E,-2.955,0.0745,11,4
61(E3),R,F,-1.768,0.1907,8.5,4
61(E3),R,G,-1.252,2.071,1.5,4
61(E3),R,H,-2.674,0.09955,10,4
61(E3),R,I,1.323,1.609,9,4
61(E3),R,K,0.08243,0.6018,9,4
61(E3),R,L,0.04742,0.4479,15.5,4
61(E3),R,M,-1.522,0.1218,11,4
61(E3),R,N,-2.803,0.3307,5,4
61(E3),R,P,-2.109,0.4167,8,4
61(E3),R,Q,-2.568,0.1991,24.5,4
61(E3),R,R,0,0,,4
61(E3),R,S,-3.238,0.7227,5.5,4
61(E3),R,T,-2.506,0.7862,5,4
61(E3),R,V,1.793,3.598,5,4
61(E3),R,W,-2.936,0.4645,19,4
61(E3),R,Y,-2.255,0.1998,8.5,4
62(E1),C,*,-6.47,0,6,4
62(E1),C,-,-1.754,1.192,3,4
62(E1),C,A,-6.681,0,6,4
62(E1),C,C,0,0,,4
62(E1),C,D,-7.37,0,6,4
62(E1),C,E,-7.323,0,8.5,4
62(E1),C,F,-7.672,0,14.5,4
62(E1),C,G,-6.649,0,6,4
62(E1),C,H,-6.183,0,7.5,4
62(E1),C,I,-6.793,0,10.5,4
62(E1),C,K,-6.711,0,8.25,4
62(E1),C,L,-7.422,0,12.5,4
62(E1),C,M,-8.694,0,8.5,4
62(E1),C,N,-7.28,0,10,4
62(E1),C,P,-6.63,0,10,4
62(E1),C,Q,-6.28,0,6,4
62(E1),C,R,-7.616,0,9.5,4
62(E1),C,S,-6.92,0,6,4
62(E1),C,T,-7.089,0,9.5,4
62(E1),C,V,-6.676,0,8,4
62(E1),C,W,-7.262,0,9.5,4
62(E1),C,Y,-7.299,0,33.5,4
62(E2),H,-,-0.8632,0.1792,2,4
62(E2),H,A,0.05905,0.597,4.5,4
62(E2),H,C,-0.1049,1.35,2,4
62(E2),H,D,-1.308,0.122,5.5,4
62(E2),H,E,-0.08658,0.453,6.5,4
62(E2),H,F,1.2,1.107,5.5,4
62(E2),H,G,-2.388,0.2993,5,4
62(E2),H,H,0,0,,4
62(E2),H,I,-1.108,0.9097,6.5,4
62(E2),H,K,-0.8368,0.413,5.5,4
62(E2),H,L,1.029,0.494,9,4
62(E2),H,M,-0.7653,1.678,7,4
62(E2),H,N,-0.565,0.6075,7.5,4
62(E2),H,P,1.939,1.447,3.5,4
62(E2),H,Q,-0.9319,0.3359,7,4
62(E2),H,R,-0.6684,0.3294,7.5,4
62(E2),H,S,-0.8941,0.1517,3,4
62(E2),H,T,-1.086,0.6175,5.5,4
62(E2),H,V,0.0088,0.2001,4.5,4
62(E2),H,W,-0.0793,1.461,6.75,4
62(E2),H,Y,0.9075,1.011,9.5,4
62(E3),Q,*,-5.493,0,11,4
62(E3),Q,-,-0.6611,0.00295,0.5,2
62(E3),Q,A,-0.118,0.8648,9,4
62(E3),Q,C,-0.9038,0.1388,12.5,4
62(E3),Q,D,0.5043,0.6786,7,4
62(E3),Q,E,1.932,2.114,6,4
62(E3),Q,F,0.4551,1.034,7,4
62(E3),Q,G,1.639,1.677,10.5,4
62(E3),Q,H,0.2315,1.088,15.5,4
62(E3),Q,I,0.4395,0.4951,7,4
62(E3),Q,K,-0.2537,0.9294,8.5,4
62(E3),Q,L,-0.104,0.6065,5,4
62(E3),Q,M,0.0131,0.6899,8.5,4
62(E3),Q,N,-0.3396,0.306,9.5,4
62(E3),Q,P,-0.8179,0.6252,5,4
62(E3),Q,Q,0,0,,4
62(E3),Q,R,-0.6815,0.9614,8.5,4
62(E3),Q,S,-0.1199,0.1447,9,4
62(E3),Q,T,2.564,3.836,5.5,4
62(E3),Q,V,0.5575,0.3483,7.5,4
62(E3),Q,W,-0.567,0.1426,9,4
62(E3),Q,Y,-0.9076,0.2067,9,4
63(E1),C,*,-0.7089,0.3631,0.5,2
63(E1),C,-,-2.253,1.275,3,4
63(E1),C,A,-7.535,0,9.5,4
63(E1),C,C,0,0,,4
63(E1),C,D,-8.01,0,7,4
63(E1),C,E,-7.242,0,6.5,4
63(E1),C,F,-6.918,0,11.5,4
63(E1),C,G,-7.542,0,7.5,4
63(E1),C,H,-7.063,0,5,4
63(E1),C,I,-6.091,0,8,4
63(E1),C,K,-6.982,0,7.5,4
63(E1),C,L,-7.728,0,13,4
63(E1),C,M,-7.134,0,5.5,4
63(E1),C,N,-7.034,0,9.75,4
63(E1),C,P,-6.724,0,8,4
63(E1),C,Q,-7.508,0,7,4
63(E1),C,R,-7.002,0,15.5,4
63(E1),C,S,-6.543,0,10.5,4
63(E1),C,T,-7.175,0,7,4
63(E1),C,V,-6.742,0,10.5,4
63(E1),C,W,-6.748,0,12.5,4
63(E1),C,Y,-7.46,0,19.75,4
63(E2),D,-,-1.286,0.2938,2,4
63(E2),D,A,-5.209,0.1416,3,4
63(E2),D,C,-3.745,0.2482,5.5,4
63(E2),D,D,0,0,,4
63(E2),D,E,-3.605,0.2356,12.5,4
63(E2),D,F,-5.088,0,8,4
63(E2),D,G,-6.678,0,9.5,4
63(E2),D,H,-5.921,0,7,4
63(E2),D,I,-8.29,0,4.5,4
63(E2),D,K,-6.412,0,5.5,4
63(E2),D,L,-5.442,0,7.5,4
63(E2),D,M,-6.489,0,6,4
63(E2),D,N,-3.186,0.4796,8,4
63(E2),D,P,-6.262,0.09526,2,4
63(E2),D,Q,-5.946,0,6.25,4
63(E2),D,R,-8.085,0,5,4
63(E2),D,S,-3.931,0.1588,4.5,4
63(E2),D,V,-5.812,0,8.5,4
63(E2),D,W,-7.216,0,5,4
63(E2),D,Y,-6.431,0,13.5,4
63(E3),R,-,0.04168,0.004215,0.5,2
63(E3),R,A,-0.05785,0.3175,8.5,4
63(E3),R,C,-0.2383,0.6316,6.5,4
63(E3),R,D,-1.967,0.1011,6.5,4
63(E3),R,E,-1.021,1.454,5,4
63(E3),R,F,-0.3683,0.6491,7.5,4
63(E3),R,G,-1.268,0.2113,8.5,4
63(E3),R,H,-0.5201,0.3015,7.5,4
63(E3),R,I,0.8449,1.86,6.5,4
63(E3),R,K,-0.5414,0.482,6,4
63(E3),R,L,-0.06084,0.3923,13,4
63(E3),R,M,-0.8551,1.685,7,4
63(E3),R,N,-0.5469,0.4738,6,4
63(E3),R,P,-0.09087,0.3132,6,4
63(E3),R,Q,0.1847,0.1922,15.25,4
63(E3),R,R,0,0,,4
63(E3),R,S,0.7338,1.682,6,4
63(E3),R,T,0.5081,0.8389,6.5,4
63(E3),R,V,-0.7207,0.635,12.75,4
63(E3),R,W,1.7,1.496,19.25,4
63(E3),R,Y,0.04202,1.54,10,4
64(E1),G,-,-0.2097,0.4441,2,4
64(E1),G,A,-2.847,0.859,4.5,4
64(E1),G,C,-7.551,0,14,4
64(E1),G,D,-6.546,0,21,4
64(E1),G,E,-4.441,0.2818,8.5,4
64(E1),G,F,-7.319,0,8.5,4
64(E1),G,G,0,0,,4
64(E1),G,H,-3.532,0.4829,6.25,4
64(E1),G,I,-6.667,0,6.75,4
64(E1),G,K,-3.346,0.1539,7.5,4
64(E1),G,L,-7.484,0,9.5,4
64(E1),G,M,-4.173,0.041,8.5,4
64(E1),G,N,-4.854,0,8.5,4
64(E1),G,P,-8.059,0,7,4
64(E1),G,Q,-3.24,0.3827,5,4
64(E1),G,R,-3.841,0.1954,5,4
64(E1),G,S,-2.234,0.7084,14,4
64(E1),G,T,-5.832,0,11.5,4
64(E1),G,V,-7.433,0,12,4
64(E1),G,W,-6.947,0,5.5,4
64(E1),G,Y,-7.437,0,9,4
64(E2),W,*,-6.65,0,31.75,4
64(E2),W,-,-0.4691,0.9166,2,4
64(E2),W,A,-1.608,0.8004,8,4
64(E2),W,C,0.3453,1.568,6,4
64(E2),W,D,-0.4703,1.611,8.5,4
64(E2),W,E,-1.675,0.4912,6,4
64(E2),W,F,-0.6569,0.05717,6,4
64(E2),W,G,-0.551,0.5336,5.5,4
64(E2),W,H,-0.4375,0.5209,8,4
64(E2),W,I,-1.245,0.1887,8.5,4
64(E2),W,K,-1.768,0.3248,5.5,4
64(E2),W,L,-0.5217,0.2376,10.5,4
64(E2),W,M,-0.4776,0.7781,6,4
64(E2),W,N,1.313,1.095,3.5,4
64(E2),W,P,-0.283,1.496,2.5,4
64(E2),W,Q,-1.825,0.7118,6,4
64(E2),W,R,-0.8195,0.6493,15.5,4
64(E2),W,S,-0.6339,0.4235,7.5,4
64(E2),W,T,-0.5874,0.8549,7,4
64(E2),W,V,-1.808,0.3838,2.5,4
64(E2),W,W,0,0,,4
64(E2),W,Y,0.2177,2.007,6.5,4
64(E3),R,*,-5.381,0,2,2
64(E3),R,-,-0.5386,1.326,1,4
64(E3),R,A,-2.587,0.2197,9.5,4
64(E3),R,C,-4.433,0.2684,8.5,4
64(E3),R,D,-3.047,0.5024,9,4
64(E3),R,E,-3.188,0.138,11.5,4
64(E3),R,F,-2.917,0.3339,12.5,4
64(E3),R,G,-3.646,0.1933,17.5,4
64(E3),R,H,-2.72,0.1989,6,4
64(E3),R,I,-2.257,0.1466,11,4
64(E3),R,K,-1.156,0.1086,18.5,4
64(E3),R,L,-2.957,0.557,9.5,4
64(E3),R,M,-1.316,0.3884,9.5,4
64(E3),R,N,-2.643,0.292,10,4
64(E3),R,P,-4.92,0,13,4
64(E3),R,Q,-2.843,0.2734,8.5,4
64(E3),R,R,0,0,,4
64(E3),R,S,-2.196,0.1709,14,4
64(E3),R,T,-2.612,0.3805,12.5,4
64(E3),R,V,-2.874,0.1463,8.5,4
64(E3),R,W,-2.569,0.4779,16.5,4
64(E3),R,Y,-3.28,0.5063,6,4
65(E1),T,-,0.236,0.5547,2,4
65(E1),T,A,-0.8354,0.6518,7.5,4
65(E1),T,C,-7.131,0,7.5,4
65(E1),T,D,-2.26,0.2414,7.5,4
65(E1),T,E,-1.265,0.558,6,4
65(E1),T,F,-1.274,0.3463,5,4
65(E1),T,G,-1.487,1.57,7.25,4
65(E1),T,H,-2.713,0.6087,5,4
65(E1),T,I,-1.04,0.5093,16.5,4
65(E1),T,K,-7.013,0,5,4
65(E1),T,L,-1.631,0.2499,4.5,4
65(E1),T,M,1.175,1.148,6.5,4
65(E1),T,N,-0.7608,0.89,7.25,4
65(E1),T,P,-2.75,0.6834,5.5,4
65(E1),T,Q,0.2571,0.1278,6.5,4
65(E1),T,R,-6.698,0,5,4
65(E1),T,S,0.7923,0.2738,5,4
65(E1),T,T,0,0,,4
65(E1),T,V,-2.203,0.3006,8.5,4
65(E1),T,W,-3.14,0.1364,6,4
65(E1),T,Y,-2.948,0.3475,8.5,4
65(E2),T,-,-0.3417,0.1101,1.5,4
65(E2),T,A,-0.5447,0.2176,14,4
65(E2),T,C,-2.232,0.4789,7.5,4
65(E2),T,D,-0.9246,0.5274,8.5,4
65(E2),T,E,-0.1131,0.4679,6,4
65(E2),T,F,-6.588,0,5.5,4
65(E2),T,G,-1.003,0.2786,5.5,4
65(E2),T,H,-2.965,0.1732,6,4
65(E2),T,I,-6.657,0,8,4
65(E2),T,K,-2.51,0.7267,9.5,4
65(E2),T,L,-3.11,0.4166,5,4
65(E2),T,M,-2.208,0.4579,5.5,4
65(E2),T,N,0.9024,0.634,9.5,4
65(E2),T,P,-6.266,0,6,4
65(E2),T,Q,1.107,0.8338,3.5,4
65(E2),T,R,-2.609,0.2402,6.5,4
65(E2),T,S,0.2755,0.7525,5,4
65(E2),T,T,0,0,,4
65(E2),T,V,-6.079,0.03248,7.5,4
65(E2),T,W,-5.91,0,2.5,4
65(E2),T,Y,-5.583,0,4,4
66(E1),A,-,-0.3854,0.7356,2,2
66(E1),A,A,0,0,,4
66(E1),A,C,-2.953,0.2176,5,4
66(E1),A,D,-4.452,0.01342,10.25,4
66(E1),A,E,-3.209,0.5597,4.5,4
66(E1),A,F,-5.155,0,8.5,4
66(E1),A,G,-1.962,0.1495,3.5,4
66(E1),A,H,-2.93,1.489,5.5,4
66(E1),A,I,-1.303,1.409,7.5,4
66(E1),A,K,-6.79,0,6.25,4
66(E1),A,L,-2.758,0.2321,5.5,4
66(E1),A,M,-4.089,0.3607,5,4
66(E1),A,N,-2.944,0.3856,9,4
66(E1),A,P,-2.902,0.1239,9.5,4
66(E1),A,Q,-3.451,0.3058,9,4
66(E1),A,R,-4.591,0,7.5,4
66(E1),A,S,-1.597,0.9031,11.5,4
66(E1),A,T,-0.3701,0.2805,71,4
66(E1),A,V,-0.3136,0.8201,13,4
66(E1),A,W,-5.511,0,8.5,4
66(E1),A,Y,-3.258,0.4601,7,4
66(E2),K,*,-6.137,0,0.5,2
66(E2),K,-,-0.7501,0.1418,1.5,4
66(E2),K,A,0.2177,0.7392,9,4
66(E2),K,C,-0.831,0.4217,7,4
66(E2),K,D,-6.403,0,5.5,4
66(E2),K,E,-5.519,0,5.5,4
66(E2),K,F,-1.196,0.2875,9,4
66(E2),K,G,-1.446,0.1269,5.5,4
66(E2),K,H,-2.59,0.1828,5.5,4
66(E2),K,I,-0.9802,0.6048,8,4
66(E2),K,K,0,0,,4
66(E2),K,L,-2.237,0.2913,6,4
66(E2),K,M,-0.7146,0.5314,9.75,4
66(E2),K,N,-1.771,0.1458,10,4
66(E2),K,P,-4.943,0,8.5,4
66(E2),K,Q,-1.36,0.1657,8,4
66(E2),K,R,-2.058,0.3175,6.5,4
66(E2),K,S,-1.858,0.1111,6,4
66(E2),K,T,-1.044,0.1357,4.5,4
66(E2),K,V,-0.4014,0.239,4.5,4
66(E2),K,W,-1.494,0.3814,5.5,4
66(E2),K,Y,-0.1008,1.186,7.5,4
67(E1),E,*,-2.726,1.724,2.5,4
67(E1),E,-,-1.794,2.293,3,4
67(E1),E,A,-2.812,0.4972,8.5,4
67(E1),E,C,-6.67,0,10.5,4
67(E1),E,D,-3.482,0.1265,9.5,4
67(E1),E,E,0,0,,4
67(E1),E,F,-3.529,0.224,7.5,4
67(E1),E,G,-3.167,0.3641,11.5,4
67(E1),E,H,-4.146,0.1667,5.5,4
67(E1),E,I,-2.452,0.5527,7,4
67(E1),E,K,-4.142,0.03481,11.5,4
67(E1),E,L,-3.268,0.2536,6.5,4
67(E1),E,M,-3.168,0.379,6,4
67(E1),E,N,-3.356,0.3033,5.5,4
67(E1),E,P,-4.91,0.129,7.5,4
67(E1),E,Q,-2.232,0.4678,5,4
67(E1),E,R,-4.388,0,6.5,4
67(E1),E,S,-1.978,0.2882,5,4
67(E1),E,T,-2.563,0.2329,8.5,4
67(E1),E,V,-2.553,0.1939,7.5,4
67(E1),E,W,-3.471,0.2504,11.5,4
67(E1),E,Y,-3.703,0.2124,5.5,4
67(E2),L,-,-0.5352,0.1182,1.5,4
67(E2),L,A,-5.078,0,7.5,4
67(E2),L,C,-5.037,0,8.5,4
67(E2),L,D,-5.741,0,6,4
67(E2),L,E,-6.557,0,9,4
67(E2),L,F,-5.608,0.5491,6,4
67(E2),L,G,-6.528,0,5,4
67(E2),L,H,-5.141,0,3.5,4
67(E2),L,I,-0.8844,0.3291,5,4
67(E2),L,K,-6.561,0,4,4
67(E2),L,L,0,0,,4
67(E2),L,M,0.678,1.58,4.5,4
67(E2),L,N,-5.841,0,6,4
67(E2),L,P,-7.114,0,10,4
67(E2),L,Q,-6.163,0,7,4
67(E2),L,R,-6.745,0,8,4
67(E2),L,S,-6.259,0,9,4
67(E2),L,T,-6.161,0,7.5,4
67(E2),L,V,-1.74,0.1715,7,4
67(E2),L,W,-3.262,1.865,3,4
67(E2),L,Y,-6.588,0,6,4
68(E1),C,*,-5.486,0.06182,3,4
68(E1),C,-,-0.1023,0.5788,2.5,4
68(E1),C,A,-6.206,0,3.5,4
68(E1),C,C,0,0,,4
68(E1),C,D,-7.078,0,1.5,2
68(E1),C,E,-7.542,0,5.5,4
68(E1),C,F,-6.768,0,14,4
68(E1),C,G,-6.742,0,6,4
68(E1),C,H,-7.252,0,7.5,4
68(E1),C,I,-6.683,0,8,4
68(E1),C,K,-6.98,0,5,4
68(E1),C,L,-6.196,0,10,4
68(E1),C,M,-6.647,0,7,4
68(E1),C,N,-6.459,0,8,4
68(E1),C,P,-6.545,0,5,4
68(E1),C,Q,-6.925,0,7.5,4
68(E1),C,R,-7.79,0,11.5,4
68(E1),C,S,-7.454,0,10,4
68(E1),C,T,-6.784,0,7.5,4
68(E1),C,V,-6.668,0,6,4
68(E1),C,W,-6.774,0,5,4
68(E1),C,Y,-7.093,0,27.75,4
68(E2),R,-,-1.169,0.7111,1.5,4
68(E2),R,A,-5.608,0,6,4
68(E2),R,C,-6.421,0,8,4
68(E2),R,D,-6.704,0,4,4
68(E2),R,E,-6.408,0,8,4
68(E2),R,F,-5.224,0.3646,4.5,4
68(E2),R,G,-5.226,0.242,4,4
68(E2),R,H,-6.037,0,6.5,4
68(E2),R,I,-5.944,0,4.5,4
68(E2),R,K,-5.719,0,8.5,4
68(E2),R,L,-6.684,0,11,4
68(E2),R,M,-6.41,0,5.5,4
68(E2),R,N,-6.928,0,4,4
68(E2),R,P,-6.779,0,7.5,4
68(E2),R,Q,-5.842,0,14.5,4
68(E2),R,R,0,0,,4
68(E2),R,S,-6.328,0,7,4
68(E2),R,T,-5.664,0,5,4
68(E2),R,V,-6.566,0,10,4
68(E2),R,W,-6.084,0,31,4
68(E2),R,Y,-6.296,0,6,4
69(E1),K,-,-1.021,1.944,2.5,4
69(E1),K,A,-2.077,0.5671,6.5,4
69(E1),K,C,-1.976,0.3344,11,4
69(E1),K,D,-1.534,0.2583,9.75,4
69(E1),K,E,-2.183,0.223,11,4
69(E1),K,F,-0.8778,0.1947,6,4
69(E1),K,G,3.373,3.434,11.5,4
69(E1),K,H,0.8516,0.4657,11.5,4
69(E1),K,I,-1.014,0.5792,7,4
69(E1),K,K,0,0,,4
69(E1),K,L,-0.4854,0.3192,10,4
69(E1),K,M,-0.5079,1.036,11,4
69(E1),K,N,-2.014,0.1943,12.75,4
69(E1),K,P,-1.571,0.4183,9.5,4
69(E1),K,Q,-1.34,0.6874,8,4
69(E1),K,R,-0.1645,0.2579,10.25,4
69(E1),K,S,-1.846,1.101,4,4
69(E1),K,T,-0.7213,1.119,8,4
69(E1),K,V,-0.4426,0.9764,10,4
69(E1),K,W,-0.03165,0.3855,6.5,4
69(E1),K,Y,-0.8708,1.122,6.5,4
69(E2),Y,*,-4.57,0,3.5,4
69(E2),Y,-,-0.02526,0.01174,1,2
69(E2),Y,A,-3.238,0.4027,5.5,4
69(E2),Y,C,-6.355,0,7.25,4
69(E2),Y,D,-6.024,0,5.5,4
69(E2),Y,E,-6.755,0,4,4
69(E2),Y,F,-2.212,0.3899,4.5,4
69(E2),Y,G,-5.84,0,3,4
69(E2),Y,H,-0.6322,0.2475,7,4
69(E2),Y,I,-5.768,0,4.5,4
69(E2),Y,K,-5.959,0.207,4.5,4
69(E2),Y,L,-5.704,0,11.5,4
69(E2),Y,M,-5.646,0,6,4
69(E2),Y,N,-7.024,0,9,4
69(E2),Y,P,-6.443,0,3.5,4
69(E2),Y,Q,-6.678,0,6,4
69(E2),Y,R,-6.066,0.1563,5,4
69(E2),Y,S,-4.217,0.4317,4,4
69(E2),Y,T,-5.506,0,7,4
69(E2),Y,V,-5.851,0,6.5,4
69(E2),Y,W,-2.502,0.1904,4.5,4
69(E2),Y,Y,0,0,,4
7(6K),A,-,-0.2748,0.1853,0.5,2
7(6K),A,A,0,0,,4
7(6K),A,C,-0.3718,1.018,10,4
7(6K),A,D,0.0015,0.8263,13,4
7(6K),A,E,0.1709,0.9418,4.5,4
7(6K),A,F,-1.181,0.3587,8,4
7(6K),A,G,0.4486,0.5935,7.5,4
7(6K),A,H,-1.22,0.2284,5.5,4
7(6K),A,I,0.4949,1.11,6.5,4
7(6K),A,K,-0.1288,0.592,7.5,4
7(6K),A,L,0.3862,0.52,8,4
7(6K),A,M,1.898,2.125,9,4
7(6K),A,N,-0.6343,0.5346,8.5,4
7(6K),A,P,0.179,0.355,12.5,4
7(6K),A,Q,-1.529,0.3276,3,4
7(6K),A,R,-0.4985,0.8832,8,4
7(6K),A,S,0.3663,0.722,8.5,4
7(6K),A,T,-0.2344,0.1285,33,4
7(6K),A,V,-0.06337,0.2148,20.25,4
7(6K),A,W,-0.9702,0.9195,5.5,4
7(6K),A,Y,-0.7938,0.2368,8.5,4
7(E1),I,-,-0.9266,0.2553,1,2
7(E1),I,A,-2.636,0.1222,3,4
7(E1),I,C,-2.466,0.2413,6,4
7(E1),I,D,-5.958,0.1156,7.5,4
7(E1),I,E,-6.817,0,5.75,4
7(E1),I,F,-0.1922,0.9585,9,4
7(E1),I,G,-4.277,0.2276,5,4
7(E1),I,H,-2.272,0.2535,8.5,4
7(E1),I,I,0,0,,4
7(E1),I,K,-7.098,0,5.5,4
7(E1),I,L,-0.8321,0.7034,10.5,4
7(E1),I,M,-0.3943,0.3081,4,4
7(E1),I,N,-5.016,0,6,4
7(E1),I,P,-7.189,0,10,4
7(E1),I,Q,-2.724,0.719,4,4
7(E1),I,R,-6.756,0,9,4
7(E1),I,S,-5.931,0,6.5,4
7(E1),I,T,-2.885,0.207,8,4
7(E1),I,V,-0.1487,0.8013,9.25,4
7(E1),I,W,-3.685,0.3687,7,4
7(E1),I,Y,-4.395,0.3279,7,4
7(E2),N,-,-0.2087,0.3328,2.5,4
7(E2),N,A,-0.5843,0.2457,7.5,4
7(E2),N,C,-2.228,0.05949,10.5,4
7(E2),N,D,-0.2309,0.5941,4,4
7(E2),N,E,0.9444,1.214,7,4
7(E2),N,F,-0.7507,0.9453,8.25,4
7(E2),N,G,-1.661,0.2464,7.5,4
7(E2),N,H,-0.7404,0.4778,7,4
7(E2),N,I,0.7405,2.648,10,4
7(E2),N,K,-2.165,0.3396,5.75,4
7(E2),N,L,0.01855,1.843,11,4
7(E2),N,M,-0.7319,0.06388,4.5,4
7(E2),N,N,0,0,,4
7(E2),N,P,-5.867,0,11.5,4
7(E2),N,Q,-0.6602,0.5747,8,4
7(E2),N,R,-2.683,0.3175,6,4
7(E2),N,S,-0.6673,0.283,8.25,4
7(E2),N,T,-0.9278,0.136,9,4
7(E2),N,V,-1.181,0.272,9,4
7(E2),N,W,-1.589,0.553,11,4
7(E2),N,Y,-1.371,0.6783,4.5,4
7(E3),M,-,-1.134,0.001,0.5,2
7(E3),M,A,-3.45,0.5879,8.25,4
7(E3),M,C,-3.196,0.4973,11.5,4
7(E3),M,D,-5.891,0,3.5,4
7(E3),M,E,-7.066,0,8.75,4
7(E3),M,F,-0.1381,1.286,9.5,4
7(E3),M,G,-6.976,0,10.25,4
7(E3),M,H,-6.682,0,12,4
7(E3),M,I,0.4076,0.2717,19,4
7(E3),M,K,-5.391,0,6.5,4
7(E3),M,L,-0.8182,0.2668,11.5,4
7(E3),M,M,0,0,,4
7(E3),M,N,-6.633,0,10,4
7(E3),M,P,-5.556,0,9,4
7(E3),M,Q,-6.183,0,10,4
7(E3),M,R,-6.976,0,9.5,4
7(E3),M,S,-6.712,0,10.5,4
7(E3),M,T,-6.503,0,11.5,4
7(E3),M,V,-1.993,0.1797,16.5,4
7(E3),M,W,-0.5038,0.2278,11.5,4
7(E3),M,Y,-0.8439,0.6743,6.5,4
70(E1),D,-,-2.305,0.54,1.5,2
70(E1),D,A,0.5745,0.3165,4.75,4
70(E1),D,C,-3.736,0.4674,8.5,4
70(E1),D,D,0,0,,4
70(E1),D,E,0.1925,0.4964,6.5,4
70(E1),D,F,0.8957,2.18,8.5,4
70(E1),D,G,-0.4288,0.4622,7.5,4
70(E1),D,H,-1.226,0.7039,5.5,4
70(E1),D,I,0.048,1.265,5.5,4
70(E1),D,K,-1.888,0.6984,2.5,4
70(E1),D,L,-1.089,0.7344,5,4
70(E1),D,M,-0.6489,0.9215,5.5,4
70(E1),D,N,1.28,0.6546,14.75,4
70(E1),D,P,0.0165,1.306,5.5,4
70(E1),D,Q,-1.049,1.788,6,4
70(E1),D,R,0.236,1.414,4,4
70(E1),D,S,1.786,1.766,3,4
70(E1),D,T,-1.897,0.5449,5,4
70(E1),D,V,-0.04975,0.5542,7,4
70(E1),D,W,0.4219,1.643,8,4
70(E1),D,Y,0.8609,0.5447,13.5,4
70(E2),M,-,0.1202,0.335,0.5,2
70(E2),M,A,-0.2371,1.323,4.25,4
70(E2),M,C,-3.155,0.411,6.75,4
70(E2),M,D,-3.977,0.5316,2,4
70(E2),M,E,-3.82,0.3214,4.5,4
70(E2),M,F,-3.348,0.44,5.5,4
70(E2),M,G,-4.26,0.3824,4,4
70(E2),M,H,-5.623,0,5.5,4
70(E2),M,I,-4.771,0,21,4
70(E2),M,K,-4.623,0.138,8.5,4
70(E2),M,L,-1.867,0.0528,6,4
70(E2),M,M,0,0,,4
70(E2),M,N,-5.525,0,9.5,4
70(E2),M,P,-7.503,0,5.5,4
70(E2),M,Q,-1.13,0.2057,3.5,4
70(E2),M,R,-4.037,0.2342,8,4
70(E2),M,S,-2.201,1.235,3.5,4
70(E2),M,T,-3.478,0.4566,9,4
70(E2),M,V,-5.46,0,8,4
70(E2),M,W,-2.273,0.3699,6.5,4
70(E2),M,Y,-3.115,0.1181,5,4
71(E1),K,*,-0.4958,0.06525,0.5,2
71(E1),K,-,0.1835,0.4279,0.5,2
71(E1),K,A,-1.087,0.2786,6,4
71(E1),K,C,-3.367,0.2186,8,4
71(E1),K,D,-2.457,0.1368,8,4
71(E1),K,E,-0.1774,1.101,13.5,4
71(E1),K,F,-1.332,1.221,6,4
71(E1),K,G,-2.642,0.239,7,4
71(E1),K,H,0.7627,0.2737,12.5,4
71(E1),K,I,-0.896,0.7351,7,4
71(E1),K,K,0,0,,4
71(E1),K,L,-1.684,1.108,6.5,4
71(E1),K,M,-1.281,0.6709,8,4
71(E1),K,N,-1.406,0.9623,14.25,4
71(E1),K,P,-3.354,0.4351,9,4
71(E1),K,Q,0.0046,1.273,8,4
71(E1),K,R,-0.1504,0.4957,14.5,4
71(E1),K,S,-1.433,0.3524,8.5,4
71(E1),K,T,-0.9408,0.4802,11,4
71(E1),K,V,-0.2354,0.591,7.5,4
71(E1),K,W,-1.625,0.5556,10.5,4
71(E1),K,Y,0.5544,0.8141,6.5,4
71(E2),D,A,-2.939,0.4704,6.5,4
71(E2),D,C,-3.09,0.3748,6.5,4
71(E2),D,D,0,0,,4
71(E2),D,E,-0.8574,0.6504,10,4
71(E2),D,F,-3.978,0.05602,13.5,4
71(E2),D,G,-3.424,0.2578,9.5,4
71(E2),D,H,-2.633,0.362,7,4
71(E2),D,I,-3.5,0.5179,6,4
71(E2),D,K,-4.671,0.01819,5,4
71(E2),D,L,-2.482,0.4578,5.5,4
71(E2),D,M,-2.838,0.198,3.5,4
71(E2),D,N,-2.694,0.3181,15.5,4
71(E2),D,P,-5.175,0.1433,7,4
71(E2),D,Q,-3.446,0.4589,6,4
71(E2),D,R,-4.335,0.3148,6.5,4
71(E2),D,S,-3.063,0.5285,4,4
71(E2),D,T,-2.64,1.071,4.5,4
71(E2),D,V,-2.949,0.1204,3.5,4
71(E2),D,W,-2.51,0.9476,3.5,4
71(E2),D,Y,-2.905,0.6342,7,4
72(E1),S,-,-0.5611,0.1348,0.5,2
72(E1),S,A,-0.6522,1.287,8.75,4
72(E1),S,C,-1.655,0.3721,7.5,4
72(E1),S,D,-0.2445,0.8624,6,4
72(E1),S,E,1.197,2.381,6.25,4
72(E1),S,F,-0.3611,0.7884,7,4
72(E1),S,G,-0.1077,0.4955,11,4
72(E1),S,H,-0.618,2.071,5.5,4
72(E1),S,I,-0.05473,1.252,9.5,4
72(E1),S,K,-0.521,1.523,6.5,4
72(E1),S,L,-0.6618,0.3297,7.5,4
72(E1),S,M,-0.1348,0.2211,10,4
72(E1),S,N,1.015,0.5903,8,4
72(E1),S,P,1.62,1.125,7.5,4
72(E1),S,Q,-0.3125,0.5339,5,4
72(E1),S,R,-1.215,0.2883,13.5,4
72(E1),S,S,0,0,,4
72(E1),S,T,0.7806,2.044,7.25,4
72(E1),S,V,0.6804,0.5214,8.5,4
72(E1),S,W,-0.1754,0.8155,7.5,4
72(E1),S,Y,-0.2245,1.757,4,4
72(E2),N,A,0.9828,1.042,9,4
72(E2),N,C,-1.4,0.6935,4,4
72(E2),N,D,-1.352,0.2323,7,4
72(E2),N,E,-0.4854,0.4756,5.5,4
72(E2),N,F,-1.56,0.8906,6,4
72(E2),N,G,2.486,1.191,7.75,4
72(E2),N,H,-0.2166,0.5008,8,4
72(E2),N,I,-2.55,0.3957,5,4
72(E2),N,K,-0.7709,0.4817,12.5,4
72(E2),N,L,-0.7798,0.5163,7.5,4
72(E2),N,M,0.546,0.3686,7,4
72(E2),N,N,0,0,,4
72(E2),N,P,-3.774,0.3204,9,4
72(E2),N,Q,0.354,0.5723,10,4
72(E2),N,R,1.111,2.298,7,4
72(E2),N,S,-0.7452,0.3285,5.25,4
72(E2),N,T,-1.851,0.1739,6.5,4
72(E2),N,V,-2.62,0.1431,3.5,4
72(E2),N,W,-0.6057,0.4366,6,4
72(E2),N,Y,0.2398,0.4821,9,4
73(E1),L,-,-0.3382,0.1207,0.5,2
73(E1),L,A,-0.3901,1.101,7.5,4
73(E1),L,C,-4.526,0.2239,5.5,4
73(E1),L,D,-1.18,0.8679,5,4
73(E1),L,E,-0.08095,0.952,7,4
73(E1),L,F,-1.306,0.7397,7.75,4
73(E1),L,G,-2.188,0.2856,5.5,4
73(E1),L,H,-2.128,1.294,5.5,4
73(E1),L,I,-1.329,0.288,9,4
73(E1),L,K,-1.013,0.07667,7.5,4
73(E1),L,L,0,0,,4
73(E1),L,M,0.5334,0.2973,12.5,4
73(E1),L,N,-1.398,0.1117,6.25,4
73(E1),L,P,-3.383,0.2088,14.5,4
73(E1),L,Q,-1.725,0.647,7.5,4
73(E1),L,R,-1.437,0.2672,8,4
73(E1),L,S,-1.79,0.4092,6,4
73(E1),L,T,-1.021,0.2289,6,4
73(E1),L,V,0.1235,1.008,9,4
73(E1),L,W,-0.6781,0.2403,7,4
73(E1),L,Y,-1.222,1.814,8,4
73(E2),H,-,-2.8,0.078,0.5,2
73(E2),H,A,-2.344,0.2321,3.5,4
73(E2),H,C,-6.602,0,8.5,4
73(E2),H,D,-6.109,0,8,4
73(E2),H,E,-5.36,0,4.5,4
73(E2),H,F,-3.771,0.5011,8,4
73(E2),H,G,-2.982,0.2286,6,4
73(E2),H,H,0,0,,4
73(E2),H,I,-2.883,0.1215,10.5,4
73(E2),H,K,-4.845,0,6.25,4
73(E2),H,L,-2.409,0.514,7,4
73(E2),H,M,-2.478,0.1413,5,4
73(E2),H,N,-2.971,0.7191,7,4
73(E2),H,P,-5.381,0,9.5,4
73(E2),H,Q,-2.349,0.3461,4.5,4
73(E2),H,R,-2.861,0.2216,10.5,4
73(E2),H,S,-2.729,0.2996,7,4
73(E2),H,T,-2.166,0.2596,7,4
73(E2),H,V,-2.309,0.7413,3,4
73(E2),H,W,-2.441,0.4814,9.25,4
73(E2),H,Y,-3.171,0.5345,10,4
74(E1),P,A,-1.231,0.936,6,4
74(E1),P,C,-6.655,0,6.5,4
74(E1),P,D,-6.732,0,7.5,4
74(E1),P,E,-4.674,0.194,7,4
74(E1),P,F,-4.305,0.02035,7,4
74(E1),P,G,-2.66,0.1696,3.75,4
74(E1),P,H,-2.268,0.1122,13,4
74(E1),P,I,-2.608,0.5143,6.5,4
74(E1),P,K,-4.423,0,6,4
74(E1),P,L,-5.742,0,11,4
74(E1),P,M,-4.14,0,8.5,4
74(E1),P,N,-3.308,0.2859,6,4
74(E1),P,P,0,0,,4
74(E1),P,Q,-3.161,0.06918,7,4
74(E1),P,R,-4.119,0.1683,5.5,4
74(E1),P,S,-1.118,0.7274,21.5,4
74(E1),P,T,-1.597,0.08823,9,4
74(E1),P,V,-1.228,0.4276,6.5,4
74(E1),P,W,-3.736,0.3356,6.25,4
74(E1),P,Y,-4.329,0.2936,10,4
74(E2),M,-,-1.832,0.0695,0.5,2
74(E2),M,A,0.0001,1.038,5,4
74(E2),M,C,-0.6104,0.2668,9.5,4
74(E2),M,D,-0.5706,0.427,5.5,4
74(E2),M,E,-0.9528,0.2783,7,4
74(E2),M,F,-0.4914,0.6739,7,4
74(E2),M,G,-3.112,0.154,9,4
74(E2),M,H,0.9368,1.01,9,4
74(E2),M,I,0.7527,0.7558,26.5,4
74(E2),M,K,-1.037,0.2035,7.25,4
74(E2),M,L,2.419,1.207,10.5,4
74(E2),M,M,0,0,,4
74(E2),M,N,0.5402,0.2117,9.5,4
74(E2),M,P,-7.185,0,3,2
74(E2),M,Q,-0.7436,0.1229,7,4
74(E2),M,R,-0.4419,0.3796,8.5,4
74(E2),M,S,-1.165,1.17,4,4
74(E2),M,T,-0.298,0.4035,7.5,4
74(E2),M,V,-0.4344,0.5882,8,4
74(E2),M,W,1.284,0.5274,8,4
74(E2),M,Y,1.104,0.4882,9.5,4
75(E1),D,A,-2.216,0.1885,8.5,4
75(E1),D,C,-6.993,0,10.5,4
75(E1),D,D,0,0,,4
75(E1),D,E,-2.276,0.9032,5.5,4
75(E1),D,F,-6.757,0,9,4
75(E1),D,G,-1.768,1.214,5,4
75(E1),D,H,-4.303,0,9.5,4
75(E1),D,I,-7.54,0,10.5,4
75(E1),D,K,-6.62,0,5.5,4
75(E1),D,L,-6.813,0,9,4
75(E1),D,M,-5.861,0,6,4
75(E1),D,N,-1.197,0.4062,14.5,4
75(E1),D,P,-7.233,0,8.5,4
75(E1),D,Q,-3.186,0.1543,6,4
75(E1),D,R,-6.454,0,6,4
75(E1),D,S,-1.585,0.3884,7,4
75(E1),D,T,-6.951,0,7,4
75(E1),D,V,-6.958,0,8.5,4
75(E1),D,W,-7.971,0,6.5,4
75(E1),D,Y,-8.434,0,11.5,4
75(E2),P,A,-0.1829,0.6187,6.25,4
75(E2),P,C,-0.7566,0.233,7.5,4
75(E2),P,D,-0.1143,0.9556,3,4
75(E2),P,E,-0.8723,0.2342,5.5,4
75(E2),P,F,-2.153,0.09156,7,4
75(E2),P,G,-1.71,0.4552,5.5,4
75(E2),P,H,-2.149,0.1426,8.5,4
75(E2),P,I,-0.618,0.4311,7,4
75(E2),P,K,-3.562,0.536,3,4
75(E2),P,L,-1.981,0.5448,7,4
75(E2),P,M,-0.07765,0.5133,5.5,4
75(E2),P,N,-1.631,0.1283,9.5,4
75(E2),P,P,0,0,,4
75(E2),P,Q,-1.247,0.5467,4.5,4
75(E2),P,R,-6.552,0.06409,4,4
75(E2),P,S,0.8471,0.4422,11,4
75(E2),P,T,-0.4265,0.6182,7.5,4
75(E2),P,V,-0.2009,0.8878,6.5,4
75(E2),P,W,-1.996,0.1003,3,4
75(E2),P,Y,-2.984,0.1868,5.5,4
76(E1),Y,*,-3.347,1.865,1.5,4
76(E1),Y,-,0.8153,0.7997,0.5,2
76(E1),Y,A,-5.431,0,6.5,4
76(E1),Y,C,-6.835,0,6.5,4
76(E1),Y,D,-6.325,0,5.5,4
76(E1),Y,E,-6.579,0,5.5,4
76(E1),Y,F,-0.3086,1.829,8,4
76(E1),Y,G,-5.934,0,4.5,4
76(E1),Y,H,-4.082,0.142,9,4
76(E1),Y,I,-7.377,0,6,4
76(E1),Y,K,-7.387,0,7.5,4
76(E1),Y,L,-7.177,0,11,4
76(E1),Y,M,-7.286,0,8,4
76(E1),Y,N,-7.252,0,8,4
76(E1),Y,P,-7.665,0,4,4
76(E1),Y,Q,-6.758,0,10,4
76(E1),Y,R,-6.183,0,10,4
76(E1),Y,S,-5.813,0,5.5,4
76(E1),Y,T,-5.487,0.1953,4.5,4
76(E1),Y,V,-6.503,0,6,4
76(E1),Y,W,-2.413,0.1436,7,4
76(E1),Y,Y,0,0,,4
76(E2),A,-,-0.5056,0.032,1,2
76(E2),A,A,0,0,,4
76(E2),A,C,-1.607,0.2334,6,4
76(E2),A,D,-0.2492,0.6976,8.5,4
76(E2),A,E,1.317,1.041,7.5,4
76(E2),A,F,0.996,1.955,8,4
76(E2),A,G,0.648,0.3789,7.25,4
76(E2),A,H,0.5784,0.4797,5,4
76(E2),A,I,-4.226,0.3256,4.5,4
76(E2),A,K,-3.15,0.4791,3.5,4
76(E2),A,L,-1.381,0.5967,4.5,4
76(E2),A,M,0.547,3.891,5.5,4
76(E2),A,N,-0.2009,0.9231,6.5,4
76(E2),A,P,-6.314,0,7,4
76(E2),A,Q,-0.7428,0.379,9,4
76(E2),A,R,-3.638,0.684,3.5,4
76(E2),A,S,-0.6892,0.1405,9,4
76(E2),A,T,-1.519,0.1724,29.5,4
76(E2),A,V,-2.553,0.2287,41.5,4
76(E2),A,W,0.07605,0.5028,4,4
76(E2),A,Y,-0.9365,0.2388,6.5,4
77(E1),S,A,0.2837,0.3946,6.5,4
77(E1),S,C,0.2335,1.939,7.5,4
77(E1),S,D,0.6205,2.022,4,4
77(E1),S,E,-0.1618,0.9906,5,4
77(E1),S,F,-1.728,0.1771,10.5,4
77(E1),S,G,-0.3731,0.5473,7.5,4
77(E1),S,H,-1.783,0.3299,6,4
77(E1),S,I,-1.352,0.7065,8,4
77(E1),S,K,-1.227,0.9124,2.5,4
77(E1),S,L,-2.423,0.1621,10.5,4
77(E1),S,M,-0.8247,1.112,11.25,4
77(E1),S,N,-0.2068,0.6283,6.5,4
77(E1),S,P,-7.086,0,7.5,4
77(E1),S,Q,0.1155,1.98,7.5,4
77(E1),S,R,-0.1446,1.067,5,4
77(E1),S,S,0,0,,4
77(E1),S,T,0.3893,1.03,7,4
77(E1),S,V,-0.1793,1.041,7.5,4
77(E1),S,W,-3.386,0.2098,8.5,4
77(E1),S,Y,-1.233,0.5103,11,4
77(E2),D,-,0.4459,0.0012,0.5,2
77(E2),D,A,-3.633,0.1951,8,4
77(E2),D,C,-3.735,0.4992,6.75,4
77(E2),D,D,0,0,,4
77(E2),D,E,-1.552,0.8588,7.5,4
77(E2),D,F,-5.684,0,9.5,4
77(E2),D,G,-4.202,0.2578,8.75,4
77(E2),D,H,-3.558,0.6184,5,4
77(E2),D,I,-3.843,0.4636,4,4
77(E2),D,K,-6.18,0,9,4
77(E2),D,L,-3.774,0.2748,5,4
77(E2),D,M,-2.662,0.6721,4,4
77(E2),D,N,-1.645,0.2471,14,4
77(E2),D,P,-3.889,0.136,7.75,4
77(E2),D,Q,-2.735,0.2452,3.5,4
77(E2),D,R,-7.16,0,10,4
77(E2),D,S,-3.365,0.4797,4.5,4
77(E2),D,T,-3.687,0.1938,7,4
77(E2),D,V,-4.4,0,9.5,4
77(E2),D,W,-6.053,0,7,4
77(E2),D,Y,-6.19,0,7,4
78(E1),C,*,-7.036,0,7.5,4
78(E1),C,A,-5.303,0,8,4
78(E1),C,C,0,0,,4
78(E1),C,D,-6.526,0,4,4
78(E1),C,E,-6.916,0,7.5,4
78(E1),C,F,-7.22,0,11,4
78(E1),C,G,-7.522,0,4.25,4
78(E1),C,H,-6.879,0,9,4
78(E1),C,I,-7.202,0,8.5,4
78(E1),C,K,-7.13,0,6.5,4
78(E1),C,L,-6.332,0,5,4
78(E1),C,M,-6.413,0,6,4
78(E1),C,N,-7.16,0,7.5,4
78(E1),C,P,-7.841,0,12,4
78(E1),C,Q,-6.787,0,11.5,4
78(E1),C,R,-6.575,0,10.5,4
78(E1),C,S,-6.913,0,10.5,4
78(E1),C,T,-7.13,0,8,4
78(E1),C,V,-6.724,0,4,4
78(E1),C,W,-6.973,0,8.5,4
78(E1),C,Y,-7.353,0,24.25,4
78(E2),A,-,-0.2225,0.0044,0.5,2
78(E2),A,A,0,0,,4
78(E2),A,C,-4.275,0.006928,8.5,4
78(E2),A,D,-4.929,0.06149,9.5,4
78(E2),A,E,-3.462,0.3497,5.5,4
78(E2),A,F,-4.795,0,10,4
78(E2),A,G,0.6053,0.6586,8.5,4
78(E2),A,H,-5.664,0,6,4
78(E2),A,I,-6.277,0,6.5,4
78(E2),A,K,-5.555,0,7.5,4
78(E2),A,L,-6.043,0,6.5,4
78(E2),A,M,-6.176,0,8,4
78(E2),A,N,-4.881,0.1191,7.5,4
78(E2),A,P,-7.534,0,4,4
78(E2),A,Q,-5.354,0.007794,6,4
78(E2),A,R,-7.137,0,5,4
78(E2),A,S,-1.475,0.3108,13,4
78(E2),A,T,-2.583,0.1103,16,4
78(E2),A,V,-6.985,0,38.5,4
78(E2),A,W,-6.676,0,4.5,4
78(E2),A,Y,-6.562,0,10.5,4
79(E1),K,*,-0.5823,0.4477,0.5,2
79(E1),K,A,0.1768,0.4869,7,4
79(E1),K,C,-2.51,0.3699,13,4
79(E1),K,D,1.642,2.962,8,4
79(E1),K,E,0.6286,1.751,7,4
79(E1),K,F,-1.239,0.1608,12,4
79(E1),K,G,-1.515,1.467,6,4
79(E1),K,H,-0.4154,0.5891,10.5,4
79(E1),K,I,-2.325,0.7029,4.5,4
79(E1),K,K,0,0,,4
79(E1),K,L,-0.6983,0.1511,7.5,4
79(E1),K,M,0.08395,0.9906,8,4
79(E1),K,N,-1.369,0.9136,13.5,4
79(E1),K,P,-6.866,0,10,4
79(E1),K,Q,-0.8554,0.2151,8.5,4
79(E1),K,R,0.7623,0.8447,13,4
79(E1),K,S,-0.6494,1.963,3.5,4
79(E1),K,T,1.084,1.099,5,4
79(E1),K,V,0.1538,1.68,7,4
79(E1),K,W,-2.236,0.7946,11,4
79(E1),K,Y,-1.179,0.2816,4,4
79(E2),E,*,-7.071,0,5,4
79(E2),E,-,-0.0853,0.00454,0.5,2
79(E2),E,A,-3.976,0.2011,7,4
79(E2),E,C,-2.931,0.1712,7,4
79(E2),E,D,0.1314,0.3293,11.5,4
79(E2),E,E,0,0,,4
79(E2),E,F,-5.911,0,9.5,4
79(E2),E,G,-5.034,0.1585,10,4
79(E2),E,H,-6.181,0,9,4
79(E2),E,I,-5.71,0,9,4
79(E2),E,K,-6.787,0,16,4
79(E2),E,L,-3.783,0.1878,11,4
79(E2),E,M,-4.569,0.3767,7.5,4
79(E2),E,N,-3.628,0.2951,8.5,4
79(E2),E,P,-2.833,0.4113,4.5,4
79(E2),E,Q,-4.244,0.274,8,4
79(E2),E,R,-5.253,0,6.5,4
79(E2),E,S,-5.277,0,8,4
79(E2),E,T,-5.555,0,7.5,4
79(E2),E,V,-5.538,0,10.5,4
79(E2),E,W,-5.143,0,10,4
79(E2),E,Y,-6.051,0,10.5,4
8(6K),V,*,-7.253,0,15,4
8(6K),V,-,-0.6594,0.2248,0.5,2
8(6K),V,A,-0.09295,0.4846,12,4
8(6K),V,C,-0.5016,0.3797,8,4
8(6K),V,D,2.122,2.042,8.5,4
8(6K),V,E,0.6429,0.7802,9.75,4
8(6K),V,F,-1.09,0.1095,11,4
8(6K),V,G,-0.3643,1.009,7,4
8(6K),V,H,0.0207,0.4695,7.5,4
8(6K),V,I,-0.5384,0.7805,8.5,4
8(6K),V,K,-0.7896,0.3307,7.5,4
8(6K),V,L,0.7212,0.7231,17.5,4
8(6K),V,M,0.199,0.5542,23,4
8(6K),V,N,0.1705,0.7582,11,4
8(6K),V,P,-1.176,0.2766,10.5,4
8(6K),V,Q,-0.2124,0.3362,7,4
8(6K),V,R,-0.521,1.212,7.5,4
8(6K),V,S,-1.537,0.6832,7,4
8(6K),V,T,0.1329,0.6682,8,4
8(6K),V,V,0,0,,4
8(6K),V,W,0.2965,0.6081,7.5,4
8(6K),V,Y,-0.3195,0.362,9.5,4
8(E1),P,-,-0.2488,0.2604,1,2
8(E1),P,A,-3.167,0.6518,6,4
8(E1),P,C,-7.082,0,8.25,4
8(E1),P,D,-3.644,0.455,9,4
8(E1),P,E,-3.445,0.4278,6.25,4
8(E1),P,F,-7.062,0,6.5,4
8(E1),P,G,-1.387,0.8069,4.5,4
8(E1),P,H,-5.577,0,12.5,4
8(E1),P,I,-7.037,0,9.5,4
8(E1),P,K,-0.0065,2.265,3.5,4
8(E1),P,L,-7.5,0,11.5,4
8(E1),P,M,-7.396,0,6.5,4
8(E1),P,N,-6.616,0,4.5,4
8(E1),P,P,0,0,,4
8(E1),P,Q,-0.4352,0.7585,7.5,4
8(E1),P,R,-5.033,0.1269,7,4
8(E1),P,S,-1.399,0.5898,9.5,4
8(E1),P,T,-1.567,0.3514,10.5,4
8(E1),P,V,-7.138,0,5,4
8(E1),P,W,-6.085,0,7,4
8(E1),P,Y,-7.226,0,9.5,4
8(E2),V,*,-4.522,0.382,0.5,2
8(E2),V,-,-1.724,1.491,3,4
8(E2),V,A,0.3755,0.2846,6.5,4
8(E2),V,C,-2.4,0.1403,8,4
8(E2),V,D,-0.4672,0.7477,8,4
8(E2),V,E,0.275,0.8689,7,4
8(E2),V,F,-1.99,0.1174,10.5,4
8(E2),V,G,-1.977,0.4471,5,4
8(E2),V,H,-1.723,0.2278,4.5,4
8(E2),V,I,0.6869,1.167,6.5,4
8(E2),V,K,-2.336,0.1766,6,4
8(E2),V,L,-0.3211,0.6965,15.5,4
8(E2),V,M,-0.1974,0.4991,21,4
8(E2),V,N,-1.991,0.3601,9.5,4
8(E2),V,P,0.5603,0.3995,7.5,4
8(E2),V,Q,0.2473,0.8079,8,4
8(E2),V,R,-4.599,0.3513,7.5,4
8(E2),V,S,-1.931,0.1024,6,4
8(E2),V,T,-1.424,0.5123,6.5,4
8(E2),V,V,0,0,,4
8(E2),V,W,-3.196,0.1409,9.5,4
8(E2),V,Y,-1.857,0.3545,6.5,4
8(E3),C,*,-6.137,0,9.5,4
8(E3),C,-,-0.7538,0.0019,0.5,2
8(E3),C,A,-2.768,0.06596,13,4
8(E3),C,C,0,0,,4
8(E3),C,D,-6.652,0,9,4
8(E3),C,E,-6.657,0,9.5,4
8(E3),C,F,-1.177,0.2065,9.5,4
8(E3),C,G,-5.896,0,9,4
8(E3),C,H,-5.558,0,8,4
8(E3),C,I,-1.651,0.2867,6,4
8(E3),C,K,-6.976,0,8.5,4
8(E3),C,L,-1.511,0.4275,5,4
8(E3),C,M,-0.2545,2.318,3.5,4
8(E3),C,N,-6.944,0,4,4
8(E3),C,P,-6.692,0,4.5,4
8(E3),C,Q,-6.679,0,7.5,4
8(E3),C,R,-6.753,0,11.5,4
8(E3),C,S,-6.641,0,17.5,4
8(E3),C,T,-2.538,0.6315,6.5,4
8(E3),C,V,-2.128,0.3289,7,4
8(E3),C,W,-2.466,0.2182,12,4
8(E3),C,Y,-2.821,0.1373,22,4
80(E1),V,A,-2.333,0.3109,8.5,4
80(E1),V,C,-6.588,0,3.5,4
80(E1),V,D,-5.681,0,9,4
80(E1),V,E,-3.253,0.0423,5.5,4
80(E1),V,F,-6.97,0,10,4
80(E1),V,G,-3.409,0.3256,2.5,4
80(E1),V,H,-6.631,0,5,4
80(E1),V,I,-0.5189,0.9774,5,4
80(E1),V,K,-6.181,0,6.5,4
80(E1),V,L,-2.561,0.242,12.5,4
80(E1),V,M,-4.048,0.03144,18,4
80(E1),V,N,-6.607,0,4.5,4
80(E1),V,P,-4.907,0.2074,7.5,4
80(E1),V,Q,-4.533,0.06495,9,4
80(E1),V,R,-6.946,0,5,4
80(E1),V,S,-3.298,0.423,7.5,4
80(E1),V,T,-1.799,0.1582,5,4
80(E1),V,V,0,0,,4
80(E1),V,W,-7.155,0,9,4
80(E1),V,Y,-6.867,0,6.5,4
80(E2),R,-,-0.6875,0.00115,0.5,2
80(E2),R,A,1.68,0.4167,8,4
80(E2),R,C,-1.453,0.3294,5.5,4
80(E2),R,D,-4.91,0.0918,8,4
80(E2),R,E,-2.803,0.2229,6,4
80(E2),R,F,0.01415,0.5292,10.5,4
80(E2),R,G,-1.504,0.1648,19,4
80(E2),R,H,-2.241,0.5121,5.5,4
80(E2),R,I,0.3934,1.03,9.25,4
80(E2),R,K,-0.5049,0.1621,12.25,4
80(E2),R,L,0.3127,0.2549,10.25,4
80(E2),R,M,-0.3846,0.1914,15,4
80(E2),R,N,-2.337,0.3628,3.75,4
80(E2),R,P,-6.079,0,10.5,4
80(E2),R,Q,-1.755,0.4082,4.5,4
80(E2),R,R,0,0,,4
80(E2),R,S,0.014,1.336,10,4
80(E2),R,T,0.2741,0.5216,5.5,4
80(E2),R,V,1.52,1.501,5.5,4
80(E2),R,W,-2.92,0.1198,8,4
80(E2),R,Y,0.3319,0.9886,5.5,4
81(E1),F,A,-6.968,0,6,4
81(E1),F,C,-8.043,0,11.5,4
81(E1),F,D,-4.861,0,8.5,4
81(E1),F,E,-3.576,0.2995,3.5,4
81(E1),F,F,0,0,,4
81(E1),F,G,-7.638,0,6,4
81(E1),F,H,-3.276,0.5568,4,4
81(E1),F,I,-6.395,0,8,4
81(E1),F,K,-7.382,0,6.5,4
81(E1),F,L,-7.053,0,18,4
81(E1),F,M,-4.53,0,10,4
81(E1),F,N,-7.326,0,6,4
81(E1),F,P,-6.306,0,8.5,4
81(E1),F,Q,-8.192,0,8.5,4
81(E1),F,R,-5.399,0,6.75,4
81(E1),F,S,-6.021,0,4,4
81(E1),F,T,-7.104,0,10,4
81(E1),F,V,-6.669,0,7,4
81(E1),F,W,-2.163,1.096,5,4
81(E1),F,Y,0.02095,0.7777,9.75,4
81(E2),A,-,-0.773,0.0133,0.5,2
81(E2),A,A,0,0,,4
81(E2),A,C,-1.035,0.6791,6.5,4
81(E2),A,D,0.312,0.7211,8.5,4
81(E2),A,E,0.5053,0.4953,3,4
81(E2),A,F,-1.214,0.1571,5,4
81(E2),A,G,-1.093,0.1409,5.5,4
81(E2),A,H,-1.09,0.701,4.5,4
81(E2),A,I,-1.281,0.183,7,4
81(E2),A,K,-2.653,0.07936,7,4
81(E2),A,L,-1.465,0.1054,7.5,4
81(E2),A,M,-1.804,0.5941,3.5,4
81(E2),A,N,0.3627,0.2646,10,4
81(E2),A,P,-1.439,0.2772,9.5,4
81(E2),A,Q,-0.1908,0.3402,3.5,4
81(E2),A,R,-2.665,0.116,5,4
81(E2),A,S,1.055,1.11,9,4
81(E2),A,T,-0.189,0.3117,27.75,4
81(E2),A,V,-1.575,0.1435,28.5,4
81(E2),A,W,-2.17,0.6283,8.5,4
81(E2),A,Y,-1.698,0.1947,5.5,4
82(E1),T,A,0.1716,0.2936,12,4
82(E1),T,C,-6.173,0,5,4
82(E1),T,D,-1.578,0.6463,5.5,4
82(E1),T,E,-1.54,0.8127,5,4
82(E1),T,F,-0.9689,0.5454,6,4
82(E1),T,G,0.4119,0.4008,8.5,4
82(E1),T,H,1.77,0.3123,6.5,4
82(E1),T,I,-0.6182,0.9207,13,4
82(E1),T,K,-1.968,0.34,5,4
82(E1),T,L,-0.09325,1.056,8,4
82(E1),T,M,0.3462,0.5879,7,4
82(E1),T,N,0.2703,0.6315,9,4
82(E1),T,P,1.877,0.5501,9,4
82(E1),T,Q,2.046,2.256,5,4
82(E1),T,R,-3.143,0.4437,5.5,4
82(E1),T,S,0.2637,1.525,10.25,4
82(E1),T,T,0,0,,4
82(E1),T,V,0.4118,0.1207,9,4
82(E1),T,W,-1.373,0.3817,7,4
82(E1),T,Y,0.8201,0.4199,8,4
82(E2),R,*,-2.603,0.7354,2,4
82(E2),R,-,-0.1928,0.00305,0.5,2
82(E2),R,A,-0.3622,0.531,5.5,4
82(E2),R,C,-1.071,0.2256,4.5,4
82(E2),R,D,0.6122,0.9371,5.5,4
82(E2),R,E,-0.5677,0.7076,9,4
82(E2),R,F,0.5958,1.397,12.5,4
82(E2),R,G,1.427,0.7377,7,4
82(E2),R,H,-0.03775,0.9419,7.75,4
82(E2),R,I,-5.627,0.3313,9,4
82(E2),R,K,0.4291,1.309,10.5,4
82(E2),R,L,0.173,1.756,7.5,4
82(E2),R,M,0.089,0.7645,7.5,4
82(E2),R,N,0.2725,3.511,8.5,4
82(E2),R,P,0.1005,1.632,6.5,4
82(E2),R,Q,0.6471,0.7687,3,4
82(E2),R,R,0,0,,4
82(E2),R,S,1.791,3.058,5.5,4
82(E2),R,T,0.4264,0.746,7.5,4
82(E2),R,V,-0.8736,0.2269,4.5,4
82(E2),R,W,-0.1732,0.9767,8,4
82(E2),R,Y,-1.403,1.169,9,4
83(E1),G,-,-10.52,0,0.5,2
83(E1),G,A,-0.8959,1.313,10.75,4
83(E1),G,C,-8.664,0,12,4
83(E1),G,D,0.2207,0.5228,35,4
83(E1),G,E,-2.591,0.1149,6.5,4
83(E1),G,F,-5.412,0,5,4
83(E1),G,G,0,0,,4
83(E1),G,H,-3.511,0.5641,4.5,4
83(E1),G,I,-8.168,0,9,4
83(E1),G,K,-6.484,0,4,4
83(E1),G,L,-6.651,0,7,4
83(E1),G,M,-2.314,0.04707,5,4
83(E1),G,N,-1.044,0.3528,7,4
83(E1),G,P,-5.123,0,7,4
83(E1),G,Q,-1.964,0.3494,5.5,4
83(E1),G,R,-4.952,0,8,4
83(E1),G,S,-0.6854,0.2581,13,4
83(E1),G,T,-3.055,0.3371,5.75,4
83(E1),G,V,-5.654,0.03074,6,4
83(E1),G,W,-6.27,0,9.5,4
83(E1),G,Y,-2.484,0.2083,8.5,4
83(E2),L,-,-0.9046,0.001,0.5,2
83(E2),L,A,-2.723,0.5819,8,4
83(E2),L,C,-3.484,0.2666,4,4
83(E2),L,D,-6.7,0,8.5,4
83(E2),L,E,-6.236,0,10.25,4
83(E2),L,F,1.73,0.3099,4,4
83(E2),L,G,-6.294,0,9,4
83(E2),L,H,-5.279,0.04763,7.5,4
83(E2),L,I,-1.837,0.3632,6,4
83(E2),L,K,-6.014,0,3.5,4
83(E2),L,L,0,0,,4
83(E2),L,M,-0.8478,0.5678,3.5,4
83(E2),L,N,-6.816,0,8,4
83(E2),L,P,-7.405,0,8,4
83(E2),L,Q,-5.989,0,8.5,4
83(E2),L,R,-6.819,0,12.5,4
83(E2),L,S,-6.564,0,6,4
83(E2),L,T,-5.19,0,7,4
83(E2),L,V,-2.907,0.5661,3.5,4
83(E2),L,W,-6.029,0,5.5,4
83(E2),L,Y,-6.822,0,7.5,4
84(E1),V,A,-7.142,0,7.5,4
84(E1),V,C,-7.029,0,9.5,4
84(E1),V,D,-7.306,0,6,4
84(E1),V,E,-7.211,0,7.75,4
84(E1),V,F,-6.587,0,5.5,4
84(E1),V,G,-7.102,0,7.5,4
84(E1),V,H,-6.668,0,8.5,4
84(E1),V,I,-3.186,0.408,10,4
84(E1),V,K,-3.128,1.228,3,4
84(E1),V,L,-6.969,0,7.5,4
84(E1),V,M,-7.8,0,20.5,4
84(E1),V,N,-7.018,0,4.5,4
84(E1),V,P,-6.981,0,5,4
84(E1),V,Q,-7.053,0,7,4
84(E1),V,R,-6.688,0,9.5,4
84(E1),V,S,-7.138,0,5.5,4
84(E1),V,T,-6.716,0,7,4
84(E1),V,V,0,0,,4
84(E1),V,W,-7.188,0,7,4
84(E1),V,Y,-7.437,0,5.5,4
84(E2),F,-,-0.9608,0.0049,0.5,2
84(E2),F,A,-0.624,0.7177,4.5,4
84(E2),F,C,-1.271,0.4201,6,4
84(E2),F,D,-1.523,0.2267,7,4
84(E2),F,E,-0.7734,0.1604,3.5,4
84(E2),F,F,0,0,,4
84(E2),F,G,-1.359,0.6845,5.5,4
84(E2),F,H,-0.09275,1.087,4.5,4
84(E2),F,I,-0.94,1.151,4,4
84(E2),F,K,-2.544,0.1204,7.5,4
84(E2),F,L,-0.0185,1.755,6.5,4
84(E2),F,M,-0.02645,1.027,4,4
84(E2),F,N,-0.5018,0.505,8,4
84(E2),F,P,-6.217,0,8,4
84(E2),F,Q,0.6575,0.8621,2.5,4
84(E2),F,R,-2.175,0.3089,6.5,4
84(E2),F,S,-0.4759,1.532,6,4
84(E2),F,T,-0.6382,0.1949,4,4
84(E2),F,V,-0.7941,0.1786,3,4
84(E2),F,W,-0.4717,0.716,7,4
84(E2),F,Y,0.057,0.9814,10.5,4
85(E1),Y,*,-8.244,0,3.5,4
85(E1),Y,A,-7.197,0,6.5,4
85(E1),Y,C,-7.154,0,9,4
85(E1),Y,D,-6.712,0,6,4
85(E1),Y,E,-6.566,0,5.5,4
85(E1),Y,F,-6.479,0,8.5,4
85(E1),Y,G,-7.232,0,11,4
85(E1),Y,H,-7.446,0,19.5,4
85(E1),Y,I,-6.57,0,9,4
85(E1),Y,K,-6.893,0,3.5,4
85(E1),Y,L,-7.003,0,6.5,4
85(E1),Y,M,-6.822,0,5,4
85(E1),Y,N,-6.594,0,9,4
85(E1),Y,P,-7.166,0,2.5,4
85(E1),Y,Q,-6.931,0,6,4
85(E1),Y,R,-6.574,0,6.5,4
85(E1),Y,S,-6.448,0,6.5,4
85(E1),Y,T,-7.304,0,8,4
85(E1),Y,V,-7.262,0,5.5,4
85(E1),Y,W,-6.455,0,8.5,4
85(E1),Y,Y,0,0,,4
85(E2),V,A,-0.6413,0.2659,5.5,4
85(E2),V,C,-1.3,0.5219,7.5,4
85(E2),V,D,-7.393,0,7,4
85(E2),V,E,-6.087,0,6.5,4
85(E2),V,F,-5.993,0,17.5,4
85(E2),V,G,-6.895,0,8,4
85(E2),V,H,-6.924,0,10,4
85(E2),V,I,-1.057,0.2237,8,4
85(E2),V,K,-6.331,0,7.5,4
85(E2),V,L,-0.8085,0.7843,5,4
85(E2),V,M,-0.4799,1.092,4,4
85(E2),V,N,-6.623,0,6.5,4
85(E2),V,P,-6.377,0,8.5,4
85(E2),V,Q,-6.069,0.3802,3,4
85(E2),V,R,-6.067,0,7,4
85(E2),V,S,-3.418,0.3239,4,4
85(E2),V,T,-1.474,0.1002,5.5,4
85(E2),V,V,0,0,,4
85(E2),V,W,-7.229,0,6.5,4
85(E2),V,Y,-6.033,0,9,4
86(E1),P,A,-5.405,0.008227,7,4
86(E1),P,C,-7.252,0,4.5,4
86(E1),P,D,-6.652,0.09743,8.25,4
86(E1),P,E,-7.107,0,5.25,4
86(E1),P,F,-6.625,0,9,4
86(E1),P,G,-7.338,0,6.5,4
86(E1),P,H,-6.736,0,8,4
86(E1),P,I,-6.296,0,4.5,4
86(E1),P,K,-7.312,0,4.5,4
86(E1),P,L,-7.833,0,8,4
86(E1),P,M,-7.292,0,8.5,4
86(E1),P,N,-7.364,0,7.75,4
86(E1),P,P,0,0,,4
86(E1),P,Q,-5.846,0,3.5,4
86(E1),P,R,-6.613,0,3,4
86(E1),P,S,-6.918,0,5,4
86(E1),P,T,-7.555,0,6,4
86(E1),P,V,-7.315,0,6,4
86(E1),P,W,-7.146,0,5,4
86(E1),P,Y,-6.982,0,7.5,4
86(E2),R,*,-0.618,0.2849,1,4
86(E2),R,-,0.6569,1.569,0.5,2
86(E2),R,A,0.3442,0.9524,6.5,4
86(E2),R,C,-2.069,0.2947,6,4
86(E2),R,D,-1.784,0.1245,8,4
86(E2),R,E,-1.724,0.1114,6.5,4
86(E2),R,F,-1.155,0.4785,10.5,4
86(E2),R,G,-1.222,0.3832,13,4
86(E2),R,H,-0.7163,0.2131,5.5,4
86(E2),R,I,-0.8399,1.094,11.75,4
86(E2),R,K,-0.749,0.5011,15.5,4
86(E2),R,L,-0.8207,0.08969,8.5,4
86(E2),R,M,-0.2801,0.4849,7.25,4
86(E2),R,N,-5.825,0.2451,7,4
86(E2),R,P,-6.426,0,8,4
86(E2),R,Q,-0.227,0.2611,2,4
86(E2),R,R,0,0,,4
86(E2),R,S,-0.7837,0.3122,8,4
86(E2),R,T,0.2274,1.503,5,4
86(E2),R,V,-1.289,0.6457,6.5,4
86(E2),R,W,-1.213,0.4365,5.5,4
86(E2),R,Y,-1.3,0.2168,9,4
87(E1),F,-,-5.732,0,0.5,2
87(E1),F,A,-7.333,0,9,4
87(E1),F,C,-5.941,0,6,4
87(E1),F,D,-6.772,0,7,4
87(E1),F,E,-6.489,0,8.5,4
87(E1),F,F,0,0,,4
87(E1),F,G,-6.655,0,5,4
87(E1),F,H,-7.027,0,8,4
87(E1),F,I,-9.32,0,16,4
87(E1),F,K,-7.207,0,5.5,4
87(E1),F,L,-3.048,0.4291,16,4
87(E1),F,M,-3.329,0.319,4.5,4
87(E1),F,N,-6.8,0,6,4
87(E1),F,P,-7.257,0,4.5,4
87(E1),F,Q,-7.184,0,4,4
87(E1),F,R,-6.827,0,5.5,4
87(E1),F,S,-7.383,0,7,4
87(E1),F,T,-6.726,0,8.5,4
87(E1),F,V,-7.169,0,10.5,4
87(E1),F,W,-5.593,0.0905,4.25,4
87(E1),F,Y,-2.729,0.5404,5.5,4
87(E2),T,A,-2.979,0.3066,7.5,4
87(E2),T,C,-6.744,0,6,4
87(E2),T,D,-5.784,0,8.5,4
87(E2),T,E,-6.822,0,9,4
87(E2),T,F,-6.508,0,18.5,4
87(E2),T,G,-1.768,0.1089,8,4
87(E2),T,H,-6.109,0,7,4
87(E2),T,I,-5.964,0,12,4
87(E2),T,K,-6.277,0,8,4
87(E2),T,L,-6.962,0,8.5,4
87(E2),T,M,-5.154,0.3147,5.5,4
87(E2),T,N,-5.804,0,6.5,4
87(E2),T,P,-6.053,0,7.5,4
87(E2),T,Q,-7.104,0,7.5,4
87(E2),T,R,-6.585,0,6.5,4
87(E2),T,S,-0.3315,0.3853,4.5,4
87(E2),T,T,0,0,,4
87(E2),T,V,-5.807,0.02728,6.5,4
87(E2),T,W,-6.326,0,8,4
87(E2),T,Y,-6.248,0,5.5,4
88(E1),M,A,-6.475,0,5,4
88(E1),M,C,-7.329,0,7,4
88(E1),M,D,-7.248,0,6,4
88(E1),M,E,-6.749,0,9.5,4
88(E1),M,F,-4.66,0,6.5,4
88(E1),M,G,-7.419,0,5,4
88(E1),M,H,-6.926,0,7,4
88(E1),M,I,-5.682,0,18,4
88(E1),M,K,-6.716,0,11.5,4
88(E1),M,L,-1.792,0.2939,5,4
88(E1),M,M,0,0,,4
88(E1),M,N,-6.979,0,9.5,4
88(E1),M,P,-6.96,0,8.5,4
88(E1),M,Q,-6.748,0,8.5,4
88(E1),M,R,-6.97,0,12,4
88(E1),M,S,-7.031,0,6,4
88(E1),M,T,-8.681,0,9.5,4
88(E1),M,V,-3.476,0.6818,6.5,4
88(E1),M,W,-7.18,0,6.5,4
88(E1),M,Y,-3.932,0.2619,8,4
88(E2),S,A,0.3675,1.458,8.5,4
88(E2),S,C,-2.266,0.5038,7.5,4
88(E2),S,D,0.4188,0.8883,7.5,4
88(E2),S,E,-1.423,0.3312,10.75,4
88(E2),S,F,1.455,2.094,6.5,4
88(E2),S,G,-0.4797,0.3266,8,4
88(E2),S,H,-0.6436,0.1315,7.5,4
88(E2),S,I,1.569,0.4885,5.5,4
88(E2),S,K,-1.472,0.3536,6,4
88(E2),S,L,-1.271,1.655,4,4
88(E2),S,M,-0.7059,0.9133,6.5,4
88(E2),S,N,-0.6559,0.8444,10,4
88(E2),S,P,-2.574,0.1888,8,4
88(E2),S,Q,-0.5678,0.3957,7.5,4
88(E2),S,R,-1.837,0.503,11,4
88(E2),S,S,0,0,,4
88(E2),S,T,-0.2897,0.5061,10,4
88(E2),S,V,0.04275,1.187,8.5,4
88(E2),S,W,0.1628,0.7501,7,4
88(E2),S,Y,0.1724,1.083,6,4
89(E1),W,*,-6.905,0,13,4
89(E1),W,-,0.2305,0.1601,0.5,2
89(E1),W,A,-6.442,0,8,4
89(E1),W,C,-7.591,0,11.5,4
89(E1),W,D,-6.746,0,2.5,4
89(E1),W,E,-7.71,0,5,4
89(E1),W,F,-6.361,0,11,4
89(E1),W,G,-7.313,0,8,4
89(E1),W,H,-7.255,0,12.25,4
89(E1),W,I,-7.81,0,8,4
89(E1),W,K,-6.949,0,7.5,4
89(E1),W,L,-7.585,0,13.25,4
89(E1),W,M,-6.621,0,4,4
89(E1),W,N,-7.221,0,8,4
89(E1),W,P,-7.665,0,10.5,4
89(E1),W,Q,-7.098,0,5,4
89(E1),W,R,-7.91,0,10.5,4
89(E1),W,S,-6.678,0,7,4
89(E1),W,T,-6.989,0,6,4
89(E1),W,V,-6.787,0,5,4
89(E1),W,W,0,0,,4
89(E1),W,Y,-7.296,0,7.5,4
89(E2),A,A,0,0,,4
89(E2),A,C,0.4173,1.264,9,4
89(E2),A,D,-1.703,0.1325,10,4
89(E2),A,E,-1.856,0.1934,7,4
89(E2),A,F,-0.2586,1.04,6.5,4
89(E2),A,G,0.7247,0.4454,8,4
89(E2),A,H,-1.524,0.6263,4.5,4
89(E2),A,I,-1.206,0.09092,7.75,4
89(E2),A,K,-2.718,0.4524,3.75,4
89(E2),A,L,0.7869,0.9808,4,4
89(E2),A,M,-0.1629,0.3406,6.5,4
89(E2),A,N,-0.1123,0.7642,6.5,4
89(E2),A,P,-5.732,0,8.5,4
89(E2),A,Q,-0.548,0.5182,8.25,4
89(E2),A,R,-2.281,0.3153,7.5,4
89(E2),A,S,-0.791,0.4774,13.5,4
89(E2),A,T,0.05635,0.7674,19.75,4
89(E2),A,V,0.3533,0.2892,10.5,4
89(E2),A,W,0.3183,1.329,7,4
89(E2),A,Y,-0.06664,0.2187,5.5,4
9(6K),Y,*,-6.704,0,2.5,2
9(6K),Y,-,-0.9885,0.0845,1,2
9(6K),Y,A,0.8791,0.9647,9,4
9(6K),Y,C,2.981,0.4925,9.5,4
9(6K),Y,D,0.1732,1.412,5.5,4
9(6K),Y,E,0.8331,1.457,5.5,4
9(6K),Y,F,-0.3219,0.6266,7,4
9(6K),Y,G,-0.9291,0.2799,8,4
9(6K),Y,H,-0.2099,2.772,9,4
9(6K),Y,I,0.7272,0.8658,8,4
9(6K),Y,K,-0.7657,0.5786,12,4
9(6K),Y,L,1.51,2.04,8,4
9(6K),Y,M,-0.2662,0.4114,7.5,4
9(6K),Y,N,-0.0119,0.9153,9.5,4
9(6K),Y,P,-0.2297,0.2668,11.5,4
9(6K),Y,Q,1.345,2.267,7,4
9(6K),Y,R,-0.4353,0.5214,9,4
9(6K),Y,S,0.853,0.7362,8.5,4
9(6K),Y,T,1.888,1.407,9.5,4
9(6K),Y,V,0.6059,0.4554,3,4
9(6K),Y,W,0.35,1.023,8.25,4
9(6K),Y,Y,0,0,,4
9(E1),N,-,-0.2375,0.1249,1,2
9(E1),N,A,-0.6591,0.2828,7,4
9(E1),N,C,-0.5303,1.187,8.5,4
9(E1),N,D,-3.534,0.1953,8.5,4
9(E1),N,E,-6.222,0,4,4
9(E1),N,F,-4.32,0,10,4
9(E1),N,G,-1.745,1.079,8,4
9(E1),N,H,-2.611,0.3642,7,4
9(E1),N,I,0.328,1.875,9,4
9(E1),N,K,-3.396,0.4177,9,4
9(E1),N,L,-1.727,0.192,8.75,4
9(E1),N,M,-1.931,0.3261,8.5,4
9(E1),N,N,0,0,,4
9(E1),N,P,-2.911,0.2726,9,4
9(E1),N,Q,-2.66,0.6096,3.5,4
9(E1),N,R,-1.986,0.1936,5,4
9(E1),N,S,-1.025,0.9672,5,4
9(E1),N,T,0.9095,0.5373,7.5,4
9(E1),N,V,-0.2676,0.1972,8.5,4
9(E1),N,W,-6.229,0,8.5,4
9(E1),N,Y,-5.163,0,9.5,4
9(E2),Y,*,-4.301,0.1522,2,4
9(E2),Y,-,-0.9535,0.8405,2.5,4
9(E2),Y,A,-3.263,1.476,6.5,4
9(E2),Y,C,-5.657,0,14,4
9(E2),Y,D,-6.167,0,9.5,4
9(E2),Y,E,-6.51,0.2503,6,4
9(E2),Y,F,-1.986,0.3269,6,4
9(E2),Y,G,-6.698,0,9.5,4
9(E2),Y,H,-5.823,0,13,4
9(E2),Y,I,-5.871,0,9.5,4
9(E2),Y,K,-5.842,0,9,4
9(E2),Y,L,-2.598,0.1993,8,4
9(E2),Y,M,-3.022,0.4778,8.5,4
9(E2),Y,N,-6.279,0,6.5,4
9(E2),Y,P,-6.505,0,11.5,4
9(E2),Y,Q,-5.59,0,4.5,4
9(E2),Y,R,-6.921,0,8.5,4
9(E2),Y,S,-6.119,0,9.5,4
9(E2),Y,T,-6.647,0,4.5,4
9(E2),Y,V,-5.722,0,9,4
9(E2),Y,W,-0.6984,0.145,8.5,4
9(E2),Y,Y,0,0,,4
9(E3),L,-,-0.3108,0.00555,0.5,2
9(E3),L,A,-4.429,0.1597,8.5,4
9(E3),L,C,-3.593,0.4131,11,4
9(E3),L,D,-6.02,0,6.5,4
9(E3),L,E,-6.929,0,7.5,4
9(E3),L,F,0.4313,0.6604,6.75,4
9(E3),L,G,-7.225,0,10.5,4
9(E3),L,H,-6.463,0,12.5,4
9(E3),L,I,0.03895,0.3855,8,4
9(E3),L,K,-6.771,0,5.5,4
9(E3),L,L,0,0,,4
9(E3),L,M,-1.19,0.2657,7.5,4
9(E3),L,N,-7.002,0,9.5,4
9(E3),L,P,-6.89,0,12,4
9(E3),L,Q,-6.784,0,8,4
9(E3),L,R,-6.643,0,12,4
9(E3),L,S,-6.443,0,8.5,4
9(E3),L,T,-7.022,0,13.5,4
9(E3),L,V,-0.8225,0.2037,12,4
9(E3),L,W,-1.887,0.2037,8.5,4
9(E3),L,Y,-1.425,0.7097,8.5,4
90(E1),G,-,0.1089,0.1531,0.5,2
90(E1),G,A,-7.071,0,6.5,4
90(E1),G,C,-7.965,0,11.5,4
90(E1),G,D,-9.215,0,19,4
90(E1),G,E,-7.028,0,6,4
90(E1),G,F,-6.678,0,5.5,4
90(E1),G,G,0,0,,4
90(E1),G,H,-7.25,0,7.75,4
90(E1),G,I,-10.04,0,9,4
90(E1),G,K,-7.829,0,11.5,4
90(E1),G,L,-7.242,0,8.5,4
90(E1),G,M,-6.913,0,7.5,4
90(E1),G,N,-7.78,0,6.5,4
90(E1),G,P,-7.6,0,7,4
90(E1),G,Q,-7.21,0,8.5,4
90(E1),G,R,-8.416,0,11.5,4
90(E1),G,S,-7.098,0,18.5,4
90(E1),G,T,-7.075,0,8.5,4
90(E1),G,V,-7.144,0,14,4
90(E1),G,W,-7.117,0,4.5,4
90(E1),G,Y,-7.312,0,11.5,4
90(E2),P,*,-5.221,0,0.5,2
90(E2),P,A,-0.2355,0.7871,10,4
90(E2),P,C,-1.099,0.6777,7,4
90(E2),P,D,0.2815,2.405,10.5,4
90(E2),P,E,-0.0297,0.7768,5,4
90(E2),P,F,0.4471,0.6031,5.5,4
90(E2),P,G,0.5282,0.2578,2.5,4
90(E2),P,H,-0.2136,0.7281,9,4
90(E2),P,I,0.3876,0.6059,8.5,4
90(E2),P,K,-2.187,0.5328,6.5,4
90(E2),P,L,0.1519,0.9248,10.5,4
90(E2),P,M,0.7912,0.4044,5.5,4
90(E2),P,N,-3.634,0.4073,7.5,4
90(E2),P,P,0,0,,4
90(E2),P,Q,0.3464,1.624,5.5,4
90(E2),P,R,-2.798,0.1878,4,4
90(E2),P,S,-0.09162,0.5541,9,4
90(E2),P,T,-0.8302,0.2871,7.5,4
90(E2),P,V,-0.6603,0.1316,7.5,4
90(E2),P,W,-1.343,0.1655,3.5,4
90(E2),P,Y,0.04741,0.2438,5,4
91(E1),G,*,-4.014,1.576,4,4
91(E1),G,-,0.09135,0.44,0.5,2
91(E1),G,A,-6.86,0,7,4
91(E1),G,C,-6.95,0,3.5,4
91(E1),G,D,-7.773,0,9,4
91(E1),G,E,-7.021,0,9,4
91(E1),G,F,-5.942,0,10,4
91(E1),G,G,0,0,,4
91(E1),G,H,-6.467,0,1.25,3
91(E1),G,I,-7.38,0,9,4
91(E1),G,K,-7.374,0,5,4
91(E1),G,L,-7.463,0,7,4
91(E1),G,M,-6.999,0,10.5,4
91(E1),G,N,-7.258,0,9.75,4
91(E1),G,P,-5.588,0,4.5,4
91(E1),G,Q,-7.542,0,11,4
91(E1),G,R,-7.508,0,24.5,4
91(E1),G,S,-6.639,0,7,4
91(E1),G,T,-6.999,0,6.5,4
91(E1),G,V,-7.304,0,12.5,4
91(E1),G,W,-7.279,0,7,4
91(E1),G,Y,-7.606,0,11,4
91(E2),C,*,-5.055,0,3.5,4
91(E2),C,A,-6.454,0,6.5,4
91(E2),C,C,0,0,,4
91(E2),C,D,-6.806,0,10,4
91(E2),C,E,-5.814,0,4.5,4
91(E2),C,F,-6.949,0,14,4
91(E2),C,G,-6.362,0,9.5,4
91(E2),C,H,-6.348,0,7.5,4
91(E2),C,I,-6.954,0,7.5,4
91(E2),C,K,-6.242,0,9.5,4
91(E2),C,L,-5.629,0,8,4
91(E2),C,M,-5.537,0,5.5,4
91(E2),C,N,-7.137,0,7.5,4
91(E2),C,P,-7.473,0,7,4
91(E2),C,Q,-6.661,0,4.5,4
91(E2),C,R,-6.59,0,8,4
91(E2),C,S,-6.995,0,14,4
91(E2),C,T,-6.253,0,6.5,4
91(E2),C,V,-6.362,0,7.5,4
91(E2),C,W,-6.744,0,9.75,4
91(E2),C,Y,-7.069,0,19.5,4
92(E1),A,-,-0.3592,0.4105,0.5,2
92(E1),A,A,0,0,,4
92(E1),A,C,-7.075,0,5,4
92(E1),A,D,-4.833,0.03118,15,4
92(E1),A,E,-7.34,0,12,4
92(E1),A,F,-6.644,0,7.75,4
92(E1),A,G,-2.526,0.2434,4.5,4
92(E1),A,H,-6.271,0,6.5,4
92(E1),A,I,-7.298,0,6,4
92(E1),A,K,-7.295,0,11.5,4
92(E1),A,L,-7.088,0,10.5,4
92(E1),A,M,-6.441,0,7.5,4
92(E1),A,N,-2.582,0.221,8.5,4
92(E1),A,P,-6.76,0,7.5,4
92(E1),A,Q,-7.473,0,5.5,4
92(E1),A,R,-6.458,0,7.25,4
92(E1),A,S,-2.197,0.6224,10.5,4
92(E1),A,T,-7.815,0,9.5,4
92(E1),A,V,-7.535,0,14.25,4
92(E1),A,W,-5.806,0,5,4
92(E1),A,Y,-6.04,0,6.5,4
92(E2),T,-,-2.076,1.23,1.5,4
92(E2),T,A,2.152,0.9918,7.5,4
92(E2),T,C,-2.201,0.5149,7.5,4
92(E2),T,D,-2.348,0.1147,7,4
92(E2),T,E,-2.325,0.1578,4.75,4
92(E2),T,F,-0.7106,0.3029,7.5,4
92(E2),T,G,-3.019,1.364,5.5,4
92(E2),T,H,-0.718,0.9148,4.5,4
92(E2),T,I,-1.11,0.2257,12,4
92(E2),T,K,-1.813,0.06859,7,4
92(E2),T,L,-0.8924,0.1909,5,4
92(E2),T,M,-0.7536,0.6135,5,4
92(E2),T,N,-3.766,0.1531,10.5,4
92(E2),T,P,-1.259,0.3959,3,4
92(E2),T,Q,-0.9997,0.07337,8,4
92(E2),T,R,-1.897,0.1932,7.5,4
92(E2),T,S,-0.6585,1.042,6.5,4
92(E2),T,T,0,0,,4
92(E2),T,V,0.5663,0.6032,6.5,4
92(E2),T,W,-1.628,0.3151,7,4
92(E2),T,Y,0.2821,1.261,6.5,4
93(E1),Y,*,-6.431,0,1.5,4
93(E1),Y,-,-0.3881,0.2278,0.5,2
93(E1),Y,A,-6.051,0,7,4
93(E1),Y,C,-6.662,0,4.5,4
93(E1),Y,D,-6.697,0,7.5,4
93(E1),Y,E,-7.331,0.006062,8.5,4
93(E1),Y,F,-1.065,1.422,7.25,4
93(E1),Y,G,-6.911,0,8.5,4
93(E1),Y,H,-5.711,0,10.5,4
93(E1),Y,I,-3.783,0.2678,8.25,4
93(E1),Y,K,-6.162,0,10,4
93(E1),Y,L,-2.577,0.2638,6.5,4
93(E1),Y,M,-2.955,0.08712,9,4
93(E1),Y,N,-6.722,0,7.5,4
93(E1),Y,P,-7.338,0,9.5,4
93(E1),Y,Q,-6.96,0,2,4
93(E1),Y,R,-6.925,0,4,4
93(E1),Y,S,-5.721,0,5.25,4
93(E1),Y,T,-3.692,0.1499,7,4
93(E1),Y,V,-2.013,0.9592,9,4
93(E1),Y,W,-3.904,0.6657,3,4
93(E1),Y,Y,0,0,,4
93(E2),I,-,-4.136,0.6995,1.5,4
93(E2),I,A,-2.713,0.1798,6.5,4
93(E2),I,C,-2.513,0.527,7,4
93(E2),I,D,-6.597,0,8,4
93(E2),I,E,-2.971,0.6003,3.5,4
93(E2),I,F,-3.603,0.3599,4.5,4
93(E2),I,G,-6.152,0,7,4
93(E2),I,H,-5.357,0.2169,8,4
93(E2),I,I,0,0,,4
93(E2),I,K,-4.512,0.2269,5,4
93(E2),I,L,-0.7278,0.2837,9,4
93(E2),I,M,-0.03145,1.12,5,4
93(E2),I,N,-6.542,0,9,4
93(E2),I,P,-3.58,0.3496,6,4
93(E2),I,Q,-1.742,0.1806,6,4
93(E2),I,R,-6.371,0.2962,4.5,4
93(E2),I,S,-5.643,0,8,4
93(E2),I,T,-1.075,0.4079,9,4
93(E2),I,V,-0.1196,0.237,7.5,4
93(E2),I,W,-6.775,0,6.5,4
93(E2),I,Y,-5.444,0,9,4
94(E1),C,*,-6.757,0,3,4
94(E1),C,-,-3.793,1.104,2.5,4
94(E1),C,A,-7.478,0,4,4
94(E1),C,C,0,0,,4
94(E1),C,D,-6.486,0,6.5,4
94(E1),C,E,-6.971,0,6,4
94(E1),C,F,-7.15,0,14.5,4
94(E1),C,G,-7.638,0,9,4
94(E1),C,H,-6.497,0,7.5,4
94(E1),C,I,-6.183,0,7,4
94(E1),C,K,-7.543,0,7.5,4
94(E1),C,L,-6.315,0,7.5,4
94(E1),C,M,-7.351,0,8.5,4
94(E1),C,N,-6.106,0,7.25,4
94(E1),C,P,-6.853,0,9.5,4
94(E1),C,Q,-6.33,0,6,4
94(E1),C,R,-6.618,0,9.5,4
94(E1),C,S,-7.371,0,9,4
94(E1),C,T,-7.268,0,7,4
94(E1),C,V,-7.489,0,10,4
94(E1),C,W,-6.859,0,7,4
94(E1),C,Y,-8.385,0,17,4
94(E2),T,*,-5.726,0,0.5,2
94(E2),T,-,0.188,0.3572,1,4
94(E2),T,A,-1.145,0.7667,8,4
94(E2),T,C,-1.817,1.073,2.5,4
94(E2),T,D,-2.958,0.2167,9.5,4
94(E2),T,E,-3.281,0.7748,2.5,4
94(E2),T,F,-0.7681,0.3349,7.25,4
94(E2),T,G,-1.104,0.8868,3,4
94(E2),T,H,-1.121,0.4616,4,4
94(E2),T,I,-0.4941,0.5893,12,4
94(E2),T,K,-0.8147,0.3167,3.5,4
94(E2),T,L,-0.2606,0.1339,6,4
94(E2),T,M,-0.9753,0.2013,8,4
94(E2),T,N,-3.092,0.3121,4.75,4
94(E2),T,P,-0.1635,0.9742,7,4
94(E2),T,Q,-1.539,0.1614,9.5,4
94(E2),T,R,-1.077,0.8693,7.5,4
94(E2),T,S,-1.061,0.4072,4,4
94(E2),T,T,0,0,,4
94(E2),T,V,-0.3182,0.3931,5.5,4
94(E2),T,W,-2.472,0.376,4.5,4
94(E2),T,Y,-0.2054,0.7707,7,4
95(E1),F,-,-0.2954,0.4861,0.5,2
95(E1),F,A,-6.928,0,12,4
95(E1),F,C,-3.91,0.2693,4,4
95(E1),F,D,-6.273,0,8,4
95(E1),F,E,-7.18,0,5.5,4
95(E1),F,F,0,0,,4
95(E1),F,G,-7.538,0,10.5,4
95(E1),F,H,-6.957,0,6.75,4
95(E1),F,I,-5.064,0,12.5,4
95(E1),F,K,-7.498,0,8.5,4
95(E1),F,L,-5.38,0,12.25,4
95(E1),F,M,-6.833,0,7.75,4
95(E1),F,N,-6.623,0,8.75,4
95(E1),F,P,-6.624,0,4.5,4
95(E1),F,Q,-7.133,0,8.5,4
95(E1),F,S,-7.334,0,9.5,4
95(E1),F,T,-7.069,0,4,4
95(E1),F,V,-4.664,0.1315,8,4
95(E1),F,W,1.609,1.568,3.5,4
95(E1),F,Y,-6.777,0,8.5,4
95(E2),G,-,-0.2305,0.07329,1,4
95(E2),G,A,0.1577,1.021,10,4
95(E2),G,C,-0.9847,0.9503,8.5,4
95(E2),G,D,-1.847,0.5956,43,4
95(E2),G,E,-1.598,0.1878,7.5,4
95(E2),G,F,-2.079,0.3505,5.5,4
95(E2),G,G,0,0,,4
95(E2),G,H,-1.706,0.3815,6,4
95(E2),G,I,1.91,3.132,3.5,4
95(E2),G,K,-1.431,0.177,6.5,4
95(E2),G,L,-1.76,0.1566,10,4
95(E2),G,M,0.5018,0.2092,7,4
95(E2),G,N,-1.244,0.4316,11,4
95(E2),G,P,-6.542,0,7.5,4
95(E2),G,Q,-1.602,0.6791,6.5,4
95(E2),G,R,-1.524,0.2068,8,4
95(E2),G,S,-0.3115,0.1869,19,4
95(E2),G,T,-1.156,0.5405,5.5,4
95(E2),G,V,-1.511,0.488,10,4
95(E2),G,W,-3.663,0.3119,9.5,4
95(E2),G,Y,-1.185,0.4695,7.5,4
96(E1),C,*,-1.484,0.3678,1,4
96(E1),C,-,-0.081,0.04559,0.5,2
96(E1),C,A,-6.895,0,7,4
96(E1),C,C,0,0,,4
96(E1),C,D,-7.143,0,6,4
96(E1),C,E,-6.851,0,5.75,4
96(E1),C,F,-7.046,0,10.5,4
96(E1),C,G,-7.143,0,4.5,4
96(E1),C,H,-7.044,0,7.5,4
96(E1),C,I,-7.617,0,9,4
96(E1),C,K,-7.056,0,6,4
96(E1),C,L,-6.785,0,9.5,4
96(E1),C,M,-7.173,0,5.5,4
96(E1),C,N,-6.915,0,7.5,4
96(E1),C,P,-6.416,0,9,4
96(E1),C,Q,-7.559,0,8,4
96(E1),C,R,-7.277,0,10,4
96(E1),C,S,-6.926,0,11,4
96(E1),C,T,-7.264,0,5.5,4
96(E1),C,V,-6.524,0,5,4
96(E1),C,W,-7.486,0,10.5,4
96(E1),C,Y,-7.458,0,14.5,4
96(E2),T,-,-0.2995,0.06305,1,2
96(E2),T,A,-0.6243,0.3095,8,4
96(E2),T,C,0.9584,0.2981,5.5,4
96(E2),T,D,-0.7621,0.3916,8,4
96(E2),T,E,-1.608,0.1909,4.5,4
96(E2),T,F,-0.9195,1.076,2.5,4
96(E2),T,G,-1.041,0.4208,5,4
96(E2),T,H,-3.346,0.3831,7,4
96(E2),T,I,-1.118,0.4052,12.5,4
96(E2),T,K,-5.543,0,5.5,4
96(E2),T,L,-1.522,0.2255,8.5,4
96(E2),T,M,-1.461,0.1194,6.5,4
96(E2),T,N,-0.565,0.3216,7,4
96(E2),T,P,-6.195,0,11,4
96(E2),T,Q,-2.165,0.2028,7,4
96(E2),T,R,-6.095,0,7.5,4
96(E2),T,S,-0.5515,0.3714,4,4
96(E2),T,T,0,0,,4
96(E2),T,V,0.4369,0.6767,8.5,4
96(E2),T,W,-1.754,0.2133,5.5,4
96(E2),T,Y,-0.7977,0.02627,5,4
97(E1),D,-,0.005495,0.06678,0.5,2
97(E1),D,A,-3.133,0.3781,7.5,4
97(E1),D,C,-6.485,0,8.5,4
97(E1),D,D,0,0,,4
97(E1),D,E,-0.3947,0.3939,13.5,4
97(E1),D,F,-5.608,0,6.5,4
97(E1),D,G,-6.211,0,10.5,4
97(E1),D,H,-2.687,0.3384,10,4
97(E1),D,I,-2.47,0.8021,3.5,4
97(E1),D,K,-6.986,0,6.5,4
97(E1),D,L,-3.8,0.7557,3.5,4
97(E1),D,M,-2.506,0.1135,8,4
97(E1),D,N,-1.427,0.3023,12,4
97(E1),D,P,-6.613,0,8,4
97(E1),D,Q,-3.002,0.3132,6.5,4
97(E1),D,R,-6.774,0,9.25,4
97(E1),D,S,-2.253,0.2798,7,4
97(E1),D,T,-2.597,0.2148,9,4
97(E1),D,V,-2.422,0.3437,7,4
97(E1),D,W,-3.742,0.3144,6.5,4
97(E1),D,Y,-3.734,0.1193,6,4
97(E2),M,A,-0.9078,0.2007,8,4
97(E2),M,C,-2.934,0.2379,7,4
97(E2),M,D,-1.407,0.1603,3,4
97(E2),M,E,-1.531,0.1998,7,4
97(E2),M,F,-1.084,0.4351,7.5,4
97(E2),M,G,-3.63,0.4195,6,4
97(E2),M,H,0.5835,1.367,8,4
97(E2),M,I,-0.912,0.2398,15.75,4
97(E2),M,K,-2.348,0.188,6.5,4
97(E2),M,L,-1.004,0.1596,5.5,4
97(E2),M,M,0,0,,4
97(E2),M,N,-2.253,0.3245,4,4
97(E2),M,P,-6.22,0,7.5,4
97(E2),M,Q,-1.287,0.1162,6,4
97(E2),M,R,-2.286,0.1673,9.5,4
97(E2),M,S,-1.328,0.289,6.5,4
97(E2),M,T,-1.998,0.1826,8.5,4
97(E2),M,V,-1.285,0.8424,7.25,4
97(E2),M,W,-1.364,0.1969,6.25,4
97(E2),M,Y,-0.8279,0.2087,10,4
98(E1),T,-,-1.564,1.917,1,4
98(E1),T,A,0.3703,1.414,7.5,4
98(E1),T,C,-6.583,0,6,4
98(E1),T,D,-0.499,1.509,3.5,4
98(E1),T,E,-2.922,0.2233,6.5,4
98(E1),T,F,-2.354,0.2482,6.5,4
98(E1),T,G,-1.573,0.2075,4,4
98(E1),T,H,-2.966,0.3813,3,4
98(E1),T,I,-2.651,0.6077,16,4
98(E1),T,K,-4.981,0,5,4
98(E1),T,L,-2.237,0.4463,4.5,4
98(E1),T,M,-0.8257,0.4893,5.5,4
98(E1),T,N,1.475,1.98,6,4
98(E1),T,P,-3.25,0.143,10.5,4
98(E1),T,Q,-0.47,1.206,6,4
98(E1),T,R,-2.976,0.1215,2.5,4
98(E1),T,S,-0.5982,0.9279,6.5,4
98(E1),T,T,0,0,,4
98(E1),T,V,-1.183,0.3392,11,4
98(E1),T,W,-2.851,0.3249,7,4
98(E1),T,Y,-1.446,0.3896,6,4
98(E2),G,A,-1.686,0.2622,6,4
98(E2),G,C,-7.168,0,13,4
98(E2),G,D,-7.864,0,25,4
98(E2),G,E,-6.324,0,6.5,4
98(E2),G,F,-1.243,0.08427,9.5,4
98(E2),G,G,0,0,,4
98(E2),G,H,-3.098,0.4195,7.5,4
98(E2),G,I,-3.276,0.2186,9.5,4
98(E2),G,K,-5.446,0,8,4
98(E2),G,L,-2.498,0.2006,8.5,4
98(E2),G,M,-1.602,0.6359,6.5,4
98(E2),G,N,-4.876,0.07444,6,4
98(E2),G,P,-7.391,0,11.5,4
98(E2),G,Q,-4.752,0.2529,5.5,4
98(E2),G,R,-5.396,0,7.5,4
98(E2),G,S,-1.361,0.2708,15,4
98(E2),G,T,-3.957,0.1828,9,4
98(E2),G,V,-3.832,0.4425,11,4
98(E2),G,W,-2.236,0.1713,5.5,4
98(E2),G,Y,-0.9443,0.4296,4.5,4
99(E1),E,*,-6.048,0,6.5,4
99(E1),E,A,-5.095,0.2464,7,4
99(E1),E,C,-7.116,0,8,4
99(E1),E,D,-2.855,0.2087,10,4
99(E1),E,E,0,0,,4
99(E1),E,F,-2.457,0.4098,7.5,4
99(E1),E,G,-6.227,0,11.5,4
99(E1),E,H,-3.934,0.2756,7.5,4
99(E1),E,I,-5.979,0,7,4
99(E1),E,K,-8.492,0,18.5,4
99(E1),E,L,-5.487,0,6.5,4
99(E1),E,M,-6.702,0.142,6,4
99(E1),E,N,-6.995,0,7,4
99(E1),E,P,-6.069,0,8.5,4
99(E1),E,Q,-2.505,0.1332,4.5,4
99(E1),E,R,-6.587,0,5.75,4
99(E1),E,S,-6.224,0,8,4
99(E1),E,T,-6.827,0,7.5,4
99(E1),E,V,-6.24,0,12.5,4
99(E1),E,W,-3.902,0.2364,4.5,4
99(E1),E,Y,-6.76,0,9,4
99(E2),H,A,-6.013,0,8.5,4
99(E2),H,C,-6.12,0,7.5,4
99(E2),H,D,-7.035,0,8,4
99(E2),H,E,-5.268,0,4,4
99(E2),H,F,-4.361,0.1037,4.5,4
99(E2),H,G,-6.193,0,5.5,4
99(E2),H,H,0,0,,4
99(E2),H,I,-6.286,0,7,4
99(E2),H,K,-7.05,0,10.5,4
99(E2),H,L,-7.018,0,7,4
99(E2),H,M,-6.022,0,5.5,4
99(E2),H,N,-6.374,0,7,4
99(E2),H,P,-5.46,0.2252,5,4
99(E2),H,Q,-4.915,0.1044,12,4
99(E2),H,R,-5.424,0.2689,4,4
99(E2),H,S,-5.803,0,7,4
99(E2),H,T,-6.326,0,5.5,4
99(E2),H,V,-6.674,0,7.5,4
99(E2),H,W,-5.203,0,11.5,4
99(E2),H,Y,-2.651,0.8992,9.75,4
