site,wildtype,mutant,effect,effect_std,times_seen,n_selections
-1(E3),M,I,-7.512,0,17.25,4
-1(E3),M,L,-1.132,0.0015,0.5,2
-1(E3),M,M,0,0,,4
-1(E3),M,T,-7.579,0,5,4
-1(E3),M,V,-7.466,0,1.5,2
1(6K),A,-,-0.01444,0.02688,1,2
1(6K),A,A,0,0,,4
1(6K),A,C,0.02943,0.05724,9,4
1(6K),A,D,-0.6431,0.8034,12,4
1(6K),A,E,-0.1575,0.03924,8.5,4
1(6K),A,F,-0.283,0.3499,10,4
1(6K),A,G,0.1718,0.07319,7.5,4
1(6K),A,H,0.1266,0.2738,6,4
1(6K),A,I,0.1493,0.6256,8.5,4
1(6K),A,K,-0.2465,0.1652,9,4
1(6K),A,L,-0.00472,0.1056,6,4
1(6K),A,M,-0.00711,0.06533,6,4
1(6K),A,N,0.04264,0.14,4,4
1(6K),A,P,-7.63,0,8.5,4
1(6K),A,Q,-0.0174,0.1749,6,4
1(6K),A,R,0.1024,0.04647,18,4
1(6K),A,S,-0.1566,0.2923,11.5,4
1(6K),A,T,0.006285,0.03135,119,4
1(6K),A,V,-0.03059,0.1386,20.5,4
1(6K),A,W,-0.4311,0.407,7.5,4
1(6K),A,Y,-0.1793,0.1554,8,4
1(E1),Y,*,-7.142,0,8.5,4
1(E1),Y,A,-0.8412,0.3169,7.5,4
1(E1),Y,C,-2.496,0.2507,10,4
1(E1),Y,D,-1.66,0.5355,9,4
1(E1),Y,E,-0.9722,0.1857,4,2
1(E1),Y,F,0.03533,0.2734,6,4
1(E1),Y,G,-1.385,0.1423,6.5,4
1(E1),Y,H,-0.1073,0.1992,12.5,4
1(E1),Y,I,-0.2276,0.2641,6,4
1(E1),Y,K,-0.5248,0.9587,5.5,4
1(E1),Y,L,-0.5755,0.9454,5.5,4
1(E1),Y,M,-0.5251,0.2517,9.5,4
1(E1),Y,N,-2.17,0.2778,12,4
1(E1),Y,P,-4.914,0,10.5,4
1(E1),Y,Q,-1.538,0.5797,9.5,4
1(E1),Y,R,-0.9186,0.1951,7,4
1(E1),Y,S,-1.53,0.3666,5.5,4
1(E1),Y,T,-0.3654,0.6456,8,4
1(E1),Y,V,-0.65,0.2322,7.75,4
1(E1),Y,W,-0.0491,0.4444,2.25,4
1(E1),Y,Y,0,0,,4
1(E2),S,-,-0.6505,0.4084,1.5,4
1(E2),S,A,-0.2983,0.3497,8.5,4
1(E2),S,C,-1.438,0.3446,9.5,4
1(E2),S,D,-0.4249,0.2929,7.5,4
1(E2),S,E,-0.05198,0.2692,7.5,4
1(E2),S,F,0.1625,0.2031,5,4
1(E2),S,G,-0.5345,0.2003,7.5,4
1(E2),S,H,-0.09982,0.1362,5.5,4
1(E2),S,I,-2.594,0.4548,12,4
1(E2),S,K,-5.501,0,9.5,4
1(E2),S,L,-2.333,0.2318,9.5,4
1(E2),S,M,-1.159,0.3878,4,4
1(E2),S,N,-0.1958,0.1491,12.5,4
1(E2),S,P,-7.271,0,15,4
1(E2),S,Q,-0.3438,0.9436,2.5,4
1(E2),S,R,-3.938,0.2248,12.5,4
1(E2),S,S,0,0,,4
1(E2),S,T,-0.09889,0.09108,5.5,4
1(E2),S,V,-2.212,0.3081,4.5,4
1(E2),S,W,-0.7616,0.1265,8,4
1(E2),S,Y,-0.2933,0.1235,13,4
1(E3),S,A,-0.8346,0.2438,10.5,4
1(E3),S,C,-0.6896,0.2183,9.5,4
1(E3),S,D,0.1294,0.04419,8,4
1(E3),S,E,0.08379,0.1862,6,4
1(E3),S,F,0.1634,0.09689,11.5,4
1(E3),S,G,-1.252,0.8079,13.5,4
1(E3),S,H,0.3729,0.04222,9,4
1(E3),S,I,0.233,0.1346,12,4
1(E3),S,K,-0.3622,0.3317,8.5,4
1(E3),S,L,-0.06519,0.1975,11.5,4
1(E3),S,M,0.1989,0.09943,7.5,4
1(E3),S,N,0.1719,0.1591,16,4
1(E3),S,P,-0.4441,0.2508,11.75,4
1(E3),S,Q,-0.106,0.583,7.5,4
1(E3),S,R,-1.119,0.4892,15,4
1(E3),S,S,0,0,,4
1(E3),S,T,-0.06818,0.0525,11.5,4
1(E3),S,V,-0.742,0.05714,16,4
1(E3),S,W,-1.123,0.1774,8.5,4
1(E3),S,Y,0.3329,0.1465,6,4
10(6K),L,*,-7.593,0,11.5,4
10(6K),L,-,-0.06263,1.125,2,4
10(6K),L,A,-0.3267,0.245,5,4
10(6K),L,C,-0.03765,0.3638,10.5,4
10(6K),L,D,-0.1199,0.1592,5,4
10(6K),L,E,0.2087,0.05804,6.5,4
10(6K),L,F,0.02266,0.1445,7.5,4
10(6K),L,G,0.07792,0.1848,6,4
10(6K),L,H,0.1582,0.05269,8.5,4
10(6K),L,I,0.06049,0.4574,7,4
10(6K),L,K,-0.1591,0.3313,8,4
10(6K),L,L,0,0,,4
10(6K),L,M,0.1209,0.03632,15,4
10(6K),L,N,-0.2353,0.102,8.5,4
10(6K),L,P,-0.06637,0.05297,31,4
10(6K),L,Q,0.07803,0.1833,13.5,4
10(6K),L,R,-0.02481,0.1275,13,4
10(6K),L,S,0.1575,0.06763,9.5,4
10(6K),L,T,0.05494,0.1214,12.5,4
10(6K),L,V,0.0408,0.07234,7,4
10(6K),L,W,0.1696,0.1101,2.5,4
10(6K),L,Y,0.02964,0.01575,5.5,4
10(E1),T,-,0.002095,0.01368,1,2
10(E1),T,A,-0.212,0.3231,10,4
10(E1),T,C,-0.09508,0.05226,6.5,4
10(E1),T,D,-1.64,0.9129,4,4
10(E1),T,E,-0.09101,0.1999,4.25,4
10(E1),T,F,-0.0902,0.3196,5,4
10(E1),T,G,-0.6754,0.2931,5.5,4
10(E1),T,H,-0.2188,0.4772,5.5,4
10(E1),T,I,0.2535,0.02421,12,4
10(E1),T,K,-4.335,1.433,5.5,4
10(E1),T,L,-0.2041,0.2713,6,4
10(E1),T,M,0.08311,0.1596,6,4
10(E1),T,N,0.08781,0.0698,5,4
10(E1),T,P,-2.77,0.6974,5.5,4
10(E1),T,Q,0.04175,0.1916,5,4
10(E1),T,R,0.1097,0.1244,8.5,4
10(E1),T,S,-0.485,0.4946,5,4
10(E1),T,T,0,0,,4
10(E1),T,V,0.1931,0.07926,5,4
10(E1),T,W,0.04856,0.07593,6,4
10(E1),T,Y,0.23,0.04191,7.5,4
10(E2),K,*,-1.734,0.8655,0.5,2
10(E2),K,-,-2.434,1.752,2,4
10(E2),K,A,-1.415,0.2611,8.5,4
10(E2),K,C,-5.9,0,10.5,4
10(E2),K,D,-7.07,0,6,4
10(E2),K,E,-3.585,0.2646,9,4
10(E2),K,F,-7.015,0,9.75,4
10(E2),K,G,-7.381,0,6,4
10(E2),K,H,-2.69,0.5849,12,4
10(E2),K,I,-4.002,0.0933,10.5,4
10(E2),K,K,0,0,,4
10(E2),K,L,-6.048,0,16.5,4
10(E2),K,M,-4.099,0.1262,16.5,4
10(E2),K,N,-4.497,0.1669,24.5,4
10(E2),K,P,-7.333,0,14.5,4
10(E2),K,Q,-2.473,0.1205,7,4
10(E2),K,R,-1.752,0.343,20.5,4
10(E2),K,S,-2.256,0.1462,5.5,4
10(E2),K,T,-2.681,0.7608,14,4
10(E2),K,V,-2.708,0.2418,10.25,4
10(E2),K,W,-6.771,0,12,4
10(E2),K,Y,-7.004,0,6.5,4
10(E3),L,*,-7.633,0,7.5,4
10(E3),L,-,-0.4438,0.1023,1,4
10(E3),L,A,-7.511,0,11.5,4
10(E3),L,C,-7.486,0,11.5,4
10(E3),L,D,-7.648,0,11.5,4
10(E3),L,E,-7.498,0,2,4
10(E3),L,F,-2.448,0.3039,11,4
10(E3),L,G,-7.603,0,13,4
10(E3),L,H,-7.561,0,10,4
10(E3),L,I,-1.449,0.6814,8,4
10(E3),L,K,-7.478,0,6,4
10(E3),L,L,0,0,,4
10(E3),L,M,-2.282,0.5612,9.5,4
10(E3),L,N,-7.586,0,7,4
10(E3),L,P,-7.63,0,19.5,4
10(E3),L,Q,-7.384,0,13.5,4
10(E3),L,R,-7.505,0,11,4
10(E3),L,S,-7.58,0,7.5,4
10(E3),L,T,-7.519,0,7.5,4
10(E3),L,V,-7.203,0,12,4
10(E3),L,W,-7.476,0,6,4
10(E3),L,Y,-7.252,0,8.5,4
100(E1),N,-,-0.388,0.0216,0.5,2
100(E1),N,A,-7.508,0,8.75,4
100(E1),N,C,-7.489,0,4.5,4
100(E1),N,D,-7.62,0,10,4
100(E1),N,E,-7.58,0,8.5,4
100(E1),N,F,-7.574,0,9,4
100(E1),N,G,-7.541,0,5.5,4
100(E1),N,H,-7.537,0,5.5,4
100(E1),N,I,-7.527,0,9.5,4
100(E1),N,K,-7.632,0,11.5,4
100(E1),N,L,-7.488,0,6.5,4
100(E1),N,M,-7.694,0,12,4
100(E1),N,N,0,0,,4
100(E1),N,P,-7.588,0,5.5,4
100(E1),N,Q,-7.586,0,7.5,4
100(E1),N,R,-7.425,0,7,4
100(E1),N,S,-7.139,0,5.5,4
100(E1),N,T,-7.483,0,9,4
100(E1),N,V,-7.58,0,4.5,4
100(E1),N,W,-7.402,0,8.5,4
100(E1),N,Y,-7.271,0,6,4
100(E2),F,-,-1.985,0.168,0.5,2
100(E2),F,A,-7.495,0,8,4
100(E2),F,C,-7.031,0,6,4
100(E2),F,D,-7.311,0,5.5,4
100(E2),F,E,-7.58,0,2,4
100(E2),F,F,0,0,,4
100(E2),F,G,-7.488,0,7,4
100(E2),F,H,-2.054,0.4389,6,4
100(E2),F,I,-4.814,0.001732,8.5,4
100(E2),F,K,-7.444,0,4,4
100(E2),F,L,-7.146,0,15,4
100(E2),F,M,-5.881,0,4,4
100(E2),F,N,-7.288,0,6.5,4
100(E2),F,P,-6.969,0,9,4
100(E2),F,Q,-7.621,0,7,4
100(E2),F,R,-7.082,0,7,4
100(E2),F,S,-7.455,0,8,4
100(E2),F,T,-7.431,0,6,4
100(E2),F,V,-7.322,0,8.5,4
100(E2),F,W,0.3211,0.09068,5,4
100(E2),F,Y,-1.775,0.4612,8,4
101(E1),T,-,-1.625,0.7152,1,2
101(E1),T,A,-0.315,0.2702,7.5,4
101(E1),T,C,-2.447,0.5992,4.5,4
101(E1),T,D,0.07577,0.1312,9,4
101(E1),T,E,-0.4743,0.2721,6,4
101(E1),T,F,-7.594,0,5,4
101(E1),T,G,-2.971,0.2592,8,4
101(E1),T,H,-1.92,0.1272,7,4
101(E1),T,I,-0.7008,0.1442,13,4
101(E1),T,K,-6.813,0,6.5,4
101(E1),T,L,-6.376,0,4.5,4
101(E1),T,M,-0.5646,0.4876,4.5,4
101(E1),T,N,-0.4637,0.4266,6.5,4
101(E1),T,P,-7.639,0,10.5,4
101(E1),T,Q,-0.5033,0.7883,3,4
101(E1),T,R,-7.129,0,7,4
101(E1),T,S,-0.4236,0.2579,4.5,4
101(E1),T,T,0,0,,4
101(E1),T,V,0.2549,0.3178,6,4
101(E1),T,W,-7.601,0,5.5,4
101(E1),T,Y,-6.613,0,8,4
101(E2),I,-,-5.473,0,0.5,2
101(E2),I,A,-2.401,0.8951,4.5,4
101(E2),I,C,-2.282,0.1984,9,4
101(E2),I,D,-7.564,0,4,4
101(E2),I,E,-7.596,0,7,4
101(E2),I,F,-0.8277,0.1407,5,4
101(E2),I,G,-7.358,0,8.5,4
101(E2),I,H,-7.452,0,5,4
101(E2),I,I,0,0,,4
101(E2),I,K,-6.454,0,6,4
101(E2),I,L,0.1809,0.03741,7,4
101(E2),I,M,0.3199,0.1681,5.5,4
101(E2),I,N,-7.512,0,5.5,4
101(E2),I,P,-7.449,0,6.5,4
101(E2),I,Q,-7.582,0,8,4
101(E2),I,R,-7.622,0,10,4
101(E2),I,S,-7.502,0,7,4
101(E2),I,T,-6.485,0.873,6.5,4
101(E2),I,V,-0.7448,0.2336,6.5,4
101(E2),I,W,-7.428,0,4.5,4
101(E2),I,Y,-7.484,0,7.5,4
102(E1),Q,*,-3.425,0.4729,6.5,4
102(E1),Q,-,-1.115,0.5883,0.5,2
102(E1),Q,A,-7.588,0,9,4
102(E1),Q,C,-7.691,0,6.5,4
102(E1),Q,D,-7.498,0,8,4
102(E1),Q,E,-7.537,0,7,4
102(E1),Q,F,-7.595,0,8,4
102(E1),Q,G,-7.376,0,6.5,4
102(E1),Q,H,-7.54,0,16.5,4
102(E1),Q,I,-7.666,0,10.5,4
102(E1),Q,K,-7.633,0,11.5,4
102(E1),Q,L,-7.532,0,11.5,4
102(E1),Q,M,-7.541,0,9.75,4
102(E1),Q,N,-7.667,0,8,4
102(E1),Q,P,-7.641,0,11.5,4
102(E1),Q,Q,0,0,,4
102(E1),Q,R,-7.575,0,9,4
102(E1),Q,S,-7.499,0,8,4
102(E1),Q,T,-7.567,0,5.5,4
102(E1),Q,V,-7.589,0,10,4
102(E1),Q,W,-7.584,0,6,4
102(E1),Q,Y,-7.561,0,8.5,4
102(E2),L,A,-2.917,1.067,6,4
102(E2),L,C,-3.499,0.3152,6.5,4
102(E2),L,D,-7.325,0,6.5,4
102(E2),L,E,-7.38,0,5,4
102(E2),L,F,-7.646,0,11.5,4
102(E2),L,G,-7.129,0,6.5,4
102(E2),L,H,-7.558,0,9,4
102(E2),L,I,0.4753,0.09828,6,4
102(E2),L,K,-3.106,0.3299,5.5,4
102(E2),L,L,0,0,,4
102(E2),L,M,-4.53,0.1892,8.5,4
102(E2),L,N,-7.465,0,6,4
102(E2),L,P,-7.647,0,16,4
102(E2),L,Q,-7.516,0,10.5,4
102(E2),L,R,-3.378,0.6316,6.5,4
102(E2),L,S,-6.715,0,5,4
102(E2),L,T,-0.4147,0.1567,11,4
102(E2),L,V,-0.6388,0.1981,4,4
102(E2),L,W,-7.632,0,8,4
102(E2),L,Y,-7.592,0,5.5,4
103(E1),L,-,-0.4584,0.181,0.5,2
103(E1),L,A,-5.551,0,3,4
103(E1),L,C,-6.611,0,4.5,4
103(E1),L,D,-7.441,0,6.75,4
103(E1),L,E,-2.895,1.35,4.5,4
103(E1),L,F,-5.602,0,7.5,4
103(E1),L,G,-7.371,0,5,4
103(E1),L,H,-5.582,0.9526,4,4
103(E1),L,I,-1.011,1.072,4.5,4
103(E1),L,K,-2.79,0.8455,3,4
103(E1),L,L,0,0,,4
103(E1),L,M,-0.184,0.4244,14,4
103(E1),L,N,-7.596,0,5,4
103(E1),L,P,-7.692,0,8,4
103(E1),L,Q,-0.9423,0.4055,9,4
103(E1),L,R,-1.688,0.8106,3,4
103(E1),L,S,-4.333,0.2139,5,4
103(E1),L,T,-1.782,0.513,10,4
103(E1),L,V,-0.9104,0.9487,5,4
103(E1),L,W,-7.369,0,4.5,4
103(E1),L,Y,-4.517,0,6.5,4
103(E2),A,-,-0.2606,0.04555,0.5,2
103(E2),A,A,0,0,,4
103(E2),A,C,0.1764,0.1381,7.5,4
103(E2),A,D,-7.405,0,9.5,4
103(E2),A,E,-7.314,0,6,4
103(E2),A,F,-7.564,0,8.5,4
103(E2),A,G,-0.2716,0.1551,8.25,4
103(E2),A,H,-7.519,0,6.5,4
103(E2),A,I,-7.495,0,7,4
103(E2),A,K,-7.617,0,7,4
103(E2),A,L,-7.567,0,9,4
103(E2),A,M,-7.04,0,6,4
103(E2),A,N,-7.545,0,6,4
103(E2),A,P,-7.534,0,10.5,4
103(E2),A,Q,-7.474,0,9,4
103(E2),A,R,-7.505,0,5.5,4
103(E2),A,S,-0.1928,0.1563,9,4
103(E2),A,T,-0.4314,0.2133,41,4
103(E2),A,V,-0.6579,0.127,20,4
103(E2),A,W,-7.458,0,7,4
103(E2),A,Y,-7.624,0,5,4
104(E1),S,A,-3.385,0.6879,3,4
104(E1),S,C,-1.535,0.9228,6.5,4
104(E1),S,D,-7.168,0,4.5,4
104(E1),S,E,-1.456,0.7338,6,4
104(E1),S,F,-7.63,0,11,4
104(E1),S,G,-3.205,0.2181,6,4
104(E1),S,H,-7.585,0,7,4
104(E1),S,I,-7.574,0,11.5,4
104(E1),S,K,-7.46,0,7,4
104(E1),S,L,-7.574,0,7.5,4
104(E1),S,M,-7.571,0,6,4
104(E1),S,N,-7.644,0,12.5,4
104(E1),S,P,-7.556,0,13.25,4
104(E1),S,Q,-6.14,0,4.5,4
104(E1),S,R,-7.548,0,15.5,4
104(E1),S,S,0,0,,4
104(E1),S,T,-3.04,0.247,6.5,4
104(E1),S,V,-7.494,0,6,4
104(E1),S,W,-7.54,0,4.5,4
104(E1),S,Y,-7.576,0,8.5,4
104(E2),R,*,-6.556,0,1,2
104(E2),R,-,-0.2377,0.04765,0.5,2
104(E2),R,A,-0.2561,0.9616,6.5,4
104(E2),R,C,-1.214,0.1902,11,4
104(E2),R,D,-1.03,0.1006,6.25,4
104(E2),R,E,-0.6681,1.118,4,4
104(E2),R,F,-1.026,0.1515,8.5,4
104(E2),R,G,-0.503,0.439,5.5,4
104(E2),R,H,-1.345,1.214,3,4
104(E2),R,I,-0.512,0.1737,12.5,4
104(E2),R,K,-0.1265,0.1322,15.75,4
104(E2),R,L,-2.038,0.6676,4.5,4
104(E2),R,M,-0.403,0.3406,6,4
104(E2),R,N,-0.4963,0.1203,12.5,4
104(E2),R,P,-7.524,0,8,4
104(E2),R,Q,-0.4823,0.2926,3,4
104(E2),R,R,0,0,,4
104(E2),R,S,-0.5097,0.3516,8.5,4
104(E2),R,T,-0.6751,0.4156,5.5,4
104(E2),R,V,-0.4916,0.2589,9.5,4
104(E2),R,W,-1.228,0.3104,5,4
104(E2),R,Y,-0.5906,0.07457,7.5,4
105(E1),E,*,-5.564,1.09,5,4
105(E1),E,-,-0.07507,0.1975,1,4
105(E1),E,A,-4.047,0.3308,9,4
105(E1),E,C,-7.61,0,6.5,4
105(E1),E,D,-4.386,0,11,4
105(E1),E,E,0,0,,4
105(E1),E,F,-5.092,0,5.25,4
105(E1),E,G,-7.579,0,11.5,4
105(E1),E,H,-5.527,0,6.5,4
105(E1),E,I,-3.256,1.58,6,4
105(E1),E,K,-7.505,0,17,4
105(E1),E,L,-5.91,0,9.5,4
105(E1),E,M,-4.745,0.01212,6.5,4
105(E1),E,N,-7.316,0,8.5,4
105(E1),E,P,-7.635,0,11.5,4
105(E1),E,Q,-3.468,0.3337,5.5,4
105(E1),E,R,-7.163,0,8.5,4
105(E1),E,S,-3.76,0.2754,9,4
105(E1),E,T,-3.699,0.2419,9,4
105(E1),E,V,-3.601,0.1892,7,4
105(E1),E,W,-4.897,0,4.5,4
105(E1),E,Y,-5.158,0,8.75,4
105(E2),C,*,-7.527,0,1.5,2
105(E2),C,-,-0.06102,0.1435,1,4
105(E2),C,A,-7.442,0,6.5,4
105(E2),C,C,0,0,,4
105(E2),C,D,-7.416,0,9,4
105(E2),C,E,-7.542,0,4.5,4
105(E2),C,F,-7.57,0,8,4
105(E2),C,G,-7.505,0,6.5,4
105(E2),C,H,-7.494,0,9,4
105(E2),C,I,-7.163,0,6.5,4
105(E2),C,K,-7.027,0,3.5,4
105(E2),C,L,-7.431,0,4.5,4
105(E2),C,M,-7.494,0,7,4
105(E2),C,N,-7.578,0,5.5,4
105(E2),C,P,-7.514,0,9,4
105(E2),C,Q,-6.827,0,7.5,4
105(E2),C,R,-7.543,0,7,4
105(E2),C,S,-7.51,0,10.5,4
105(E2),C,T,-7.594,0,10.5,4
105(E2),C,V,-7.603,0,6,4
105(E2),C,W,-7.36,0,6.25,4
105(E2),C,Y,-7.643,0,14.5,4
106(E1),A,*,-7.338,0,0.5,2
106(E1),A,-,-0.2845,0.2595,1,4
106(E1),A,A,0,0,,4
106(E1),A,C,-2.989,0.5777,11,4
106(E1),A,D,-7.576,0,10.5,4
106(E1),A,E,-7.519,0,6,4
106(E1),A,F,-7.501,0,7,4
106(E1),A,G,-0.7563,0.2691,4,4
106(E1),A,H,-7.565,0,4.5,4
106(E1),A,I,-0.9558,0.2214,7.5,4
106(E1),A,K,-7.504,0,7,4
106(E1),A,L,-2.5,0.4662,8,4
106(E1),A,M,-2.494,0.7797,10.5,4
106(E1),A,N,-7.51,0,8.5,4
106(E1),A,P,-7.555,0,5.5,4
106(E1),A,Q,-7.547,0,5,4
106(E1),A,R,-7.359,0,8,4
106(E1),A,S,-1.728,0.3275,12.5,4
106(E1),A,T,-4.425,0,25.5,4
106(E1),A,V,-1.025,0.8092,18.5,4
106(E1),A,W,-7.54,0,9.5,4
106(E1),A,Y,-7.569,0,8.5,4
106(E2),P,-,-0.05775,0.06651,1,4
106(E2),P,A,-0.6321,0.17,6.5,4
106(E2),P,C,-1.438,0.2035,5.5,4
106(E2),P,D,-0.9335,0.2102,8.5,4
106(E2),P,E,-0.9236,0.2427,6,4
106(E2),P,F,-1.022,0.504,4.25,4
106(E2),P,G,-1.611,0.2167,5.5,4
106(E2),P,H,-0.8972,0.09844,9.5,4
106(E2),P,I,-0.9113,0.1117,4,4
106(E2),P,K,-0.6997,0.2179,5,4
106(E2),P,L,-1.508,0.8929,6.5,4
106(E2),P,M,-0.8348,0.8785,8,4
106(E2),P,N,-0.2685,0.121,4,4
106(E2),P,P,0,0,,4
106(E2),P,Q,-0.06915,0.3567,5,4
106(E2),P,R,-1.288,0.3444,8,4
106(E2),P,S,-0.4723,0.1205,9.75,4
106(E2),P,T,-0.3622,0.3398,9,4
106(E2),P,V,-0.6475,0.3126,7,4
106(E2),P,W,-1.535,0.4303,5.75,4
106(E2),P,Y,-1.085,0.5417,4.25,4
107(E1),H,-,-3.411,1.802,2.5,4
107(E1),H,A,-2.77,0.1822,5,4
107(E1),H,C,-5.928,0,6,4
107(E1),H,D,-7.497,0,9,4
107(E1),H,E,-7.593,0,4.5,4
107(E1),H,F,-1.09,0.1906,7.5,4
107(E1),H,G,-7.291,0,7,4
107(E1),H,H,0,0,,4
107(E1),H,I,-7.532,0,7.5,4
107(E1),H,K,-6.628,0,5.5,4
107(E1),H,L,-4.7,0,5.5,4
107(E1),H,M,-3.217,0.1669,7,4
107(E1),H,N,-1.168,0.7469,5,4
107(E1),H,P,-7.591,0,29.25,4
107(E1),H,Q,-5.377,0,13,4
107(E1),H,R,-4.487,0.3359,7,4
107(E1),H,S,-0.4922,0.2892,3,4
107(E1),H,T,-4.826,0.1624,6,4
107(E1),H,V,-7.368,0,12.5,4
107(E1),H,W,0.1874,0.08005,3,4
107(E1),H,Y,-0.9713,0.9077,5.75,4
107(E2),K,-,-1.024,0.2628,1,4
107(E2),K,A,0.06804,0.1464,10,4
107(E2),K,C,-0.3488,0.2993,6,4
107(E2),K,D,-0.2057,0.1677,10.25,4
107(E2),K,E,-0.5744,0.1152,7.5,4
107(E2),K,F,-0.1703,0.2053,8,4
107(E2),K,G,-0.2508,0.5008,6.5,4
107(E2),K,H,0.2935,0.1021,5.5,4
107(E2),K,I,0.3753,0.1484,9,4
107(E2),K,K,0,0,,4
107(E2),K,L,0.2496,0.143,10,4
107(E2),K,M,0.02595,0.3417,3.5,4
107(E2),K,N,-0.05725,0.468,8.5,4
107(E2),K,P,0.2107,0.1031,8.5,4
107(E2),K,Q,-0.216,0.06509,7.5,4
107(E2),K,R,0.2726,0.4242,11.25,4
107(E2),K,S,0.09453,0.1923,7,4
107(E2),K,T,0.01772,0.06737,6.5,4
107(E2),K,V,0.2898,0.1279,11,4
107(E2),K,W,-3.122,1.204,5,4
107(E2),K,Y,-0.1166,0.4558,10,4
108(E1),V,-,-0.4012,0.6816,2,4
108(E1),V,A,-2.779,0.3711,10.25,4
108(E1),V,C,-3.157,0.5644,5.5,4
108(E1),V,D,-7.417,0,7,4
108(E1),V,E,-7.625,0,8,4
108(E1),V,F,-7.476,0,6,4
108(E1),V,G,-7.556,0,8,4
108(E1),V,H,-7.405,0,7,4
108(E1),V,I,-0.362,0.1818,8,4
108(E1),V,K,-7.442,0,7,4
108(E1),V,L,-2.123,0.2247,15.25,4
108(E1),V,M,-7.598,0,21.75,4
108(E1),V,N,-7.655,0,10,4
108(E1),V,P,-7.537,0,7,4
108(E1),V,Q,-7.59,0,13,4
108(E1),V,R,-7.269,0,8,4
108(E1),V,S,-3.403,1.987,5,4
108(E1),V,T,-1.371,0.1946,8.5,4
108(E1),V,V,0,0,,4
108(E1),V,W,-7.501,0,4,4
108(E1),V,Y,-7.482,0,8.5,4
108(E2),G,-,-0.4952,0.383,1.5,4
108(E2),G,A,-0.4112,0.2054,8.5,4
108(E2),G,C,-7.66,0,10.5,4
108(E2),G,D,-7.604,0,14,4
108(E2),G,E,-7.476,0,7,4
108(E2),G,F,-7.51,0,12,4
108(E2),G,G,0,0,,4
108(E2),G,H,-3.774,0.2978,4,4
108(E2),G,I,-7.517,0,6.5,4
108(E2),G,K,-7.55,0,7,4
108(E2),G,L,-7.576,0,8.5,4
108(E2),G,M,-7.627,0,8.5,4
108(E2),G,N,-7.577,0,8,4
108(E2),G,P,-7.583,0,8,4
108(E2),G,Q,-7.498,0,7,4
108(E2),G,R,-7.257,0,4.5,4
108(E2),G,S,-2.109,0.8686,7,4
108(E2),G,T,-7.527,0,5.5,4
108(E2),G,V,-7.647,0,13,4
108(E2),G,W,-7.463,0,7.5,4
108(E2),G,Y,-7.115,0,6,4
109(E1),E,*,-5.208,0.07794,3,4
109(E1),E,-,0.03256,0.1321,2.5,4
109(E1),E,A,-0.2417,0.2209,5,4
109(E1),E,C,-1.063,0.1409,6.5,4
109(E1),E,D,-0.16,0.15,5,4
109(E1),E,E,0,0,,4
109(E1),E,F,-0.4049,0.4862,3.5,4
109(E1),E,G,-0.1214,0.2999,6.5,4
109(E1),E,H,-0.3881,0.597,7.5,4
109(E1),E,I,-0.6106,0.6187,6.5,4
109(E1),E,K,-1.279,0.09675,63,4
109(E1),E,L,-0.1932,0.3858,7.5,4
109(E1),E,M,-0.9359,0.2252,5.5,4
109(E1),E,N,-0.5764,0.5061,7.5,4
109(E1),E,P,-7.332,0,7.25,4
109(E1),E,Q,-0.1429,0.2963,4.5,4
109(E1),E,R,-1.764,0.6175,4.75,4
109(E1),E,S,-0.4981,0.2929,4.5,4
109(E1),E,T,-0.5518,0.7596,5.5,4
109(E1),E,V,-0.5393,0.2905,5,4
109(E1),E,W,-1.929,0.8953,7.5,4
109(E1),E,Y,-1.086,0.6892,7.5,4
109(E2),E,*,-7.441,0,2.5,4
109(E2),E,-,-0.2593,0.2327,2,4
109(E2),E,A,-0.4843,0.1843,9.5,4
109(E2),E,C,-1.129,0.2113,6.5,4
109(E2),E,D,0.09027,0.1883,9,4
109(E2),E,E,0,0,,4
109(E2),E,F,0.3864,0.1103,10.25,4
109(E2),E,G,-0.3042,0.8513,5.5,4
109(E2),E,H,0.2666,0.1674,9,4
109(E2),E,I,-1.22,0.5328,5.5,4
109(E2),E,K,-1.01,0.3741,16.5,4
109(E2),E,L,-0.6839,0.1953,7,4
109(E2),E,M,-0.5803,0.2402,6,4
109(E2),E,N,-0.2002,0.4773,6.5,4
109(E2),E,P,-0.6415,0.1473,5,4
109(E2),E,Q,-0.3159,0.05751,8,4
109(E2),E,R,-0.4733,0.2991,5,4
109(E2),E,S,-1.037,1.413,3.75,3
109(E2),E,T,-1.164,0.1671,6,4
109(E2),E,V,-0.6476,0.1866,9.25,4
109(E2),E,W,0.187,0.5415,6.5,4
109(E2),E,Y,-0.02882,0.5998,6.5,4
11(6K),W,*,-7.699,0,46.75,4
11(6K),W,-,-0.1594,0.07199,1,4
11(6K),W,A,0.0598,0.04061,6.5,4
11(6K),W,C,-0.07879,0.41,10.75,4
11(6K),W,D,-0.1136,0.2118,6,4
11(6K),W,E,-0.6091,0.281,8,4
11(6K),W,F,0.03345,0.07615,12.5,4
11(6K),W,G,0.04215,0.2694,9.5,4
11(6K),W,H,-0.04444,0.2725,8,4
11(6K),W,I,-0.01384,0.1146,9.5,4
11(6K),W,K,0.1166,0.1012,5,4
11(6K),W,L,0.08016,0.04711,14.75,4
11(6K),W,M,0.01497,0.1163,10.5,4
11(6K),W,N,0.07334,0.1256,6.5,4
11(6K),W,P,-0.05529,0.07945,13.5,4
11(6K),W,Q,0.02796,0.1462,9,4
11(6K),W,R,-0.3664,0.2144,9.5,4
11(6K),W,S,0.12,0.03968,6,4
11(6K),W,T,0.1242,0.1514,6,4
11(6K),W,V,0.00062,0.06373,11,4
11(6K),W,W,0,0,,4
11(6K),W,Y,0.1498,0.119,4.5,4
11(E1),V,-,-0.1573,0.02165,1.5,2
11(E1),V,A,-0.3383,0.3806,14.5,4
11(E1),V,C,0.2249,0.05927,6,4
11(E1),V,D,-6.699,0,5,4
11(E1),V,E,-1.608,0.5875,6.5,4
11(E1),V,F,-0.939,0.3196,4,4
11(E1),V,G,-1.788,0.4173,6.5,4
11(E1),V,H,-0.6795,0.5603,3.5,4
11(E1),V,I,-0.7395,0.3808,4,4
11(E1),V,K,-0.5978,0.4643,8,4
11(E1),V,L,-2.134,0.8793,13,4
11(E1),V,M,-0.4696,0.196,19,4
11(E1),V,N,-0.369,0.3515,7,4
11(E1),V,P,-0.1535,0.1185,4.5,4
11(E1),V,Q,-0.1599,0.2355,5.5,4
11(E1),V,R,-1.634,1.161,6.25,4
11(E1),V,S,-0.4742,0.2665,7,4
11(E1),V,T,-6.111,0,5.5,4
11(E1),V,V,0,0,,4
11(E1),V,W,-1.581,0.7668,6,4
11(E1),V,Y,-2.888,0.3283,8,4
11(E2),A,-,-2.636,1.556,2,4
11(E2),A,A,0,0,,4
11(E2),A,C,-0.3372,0.3036,6.75,4
11(E2),A,D,-7.377,0,8.5,4
11(E2),A,E,-6.282,0,4.5,4
11(E2),A,F,-0.3146,0.3997,5,4
11(E2),A,G,-0.7697,0.4589,4.5,4
11(E2),A,H,-5.238,0,5,4
11(E2),A,I,-0.4285,0.6229,5.5,4
11(E2),A,K,-7.34,0,4.5,4
11(E2),A,L,-0.04269,0.2195,5.5,4
11(E2),A,M,-0.4541,0.3975,7.5,4
11(E2),A,N,-2.97,2.068,4,4
11(E2),A,P,-4.564,0,8,4
11(E2),A,Q,-4.335,0.1524,5.5,4
11(E2),A,R,-7.373,0,7,4
11(E2),A,S,-0.4849,0.1835,12.5,4
11(E2),A,T,-0.3367,0.3433,17,4
11(E2),A,V,-0.3581,0.1514,11.5,4
11(E2),A,W,-6.801,0,7.5,4
11(E2),A,Y,-2.149,0.4107,9.5,4
11(E3),A,-,-0.8759,0.8829,1,4
11(E3),A,A,0,0,,4
11(E3),A,C,-0.156,0.2346,7,4
11(E3),A,D,-7.385,0,8,4
11(E3),A,E,-7.648,0,5.5,4
11(E3),A,F,-0.3178,0.4547,7.5,4
11(E3),A,G,-3.354,0.5934,12.5,4
11(E3),A,H,-4.175,0.3209,8.5,4
11(E3),A,I,-0.1694,0.05683,6.5,4
11(E3),A,K,-7.367,0,8,4
11(E3),A,L,-0.1255,0.3041,9.5,4
11(E3),A,M,0.3833,0.2141,3.5,4
11(E3),A,N,-6.489,0,6,4
11(E3),A,P,-7.037,0,13,4
11(E3),A,Q,-0.5138,0.09862,7.75,4
11(E3),A,R,-7.431,0,5.5,4
11(E3),A,S,-0.717,0.409,10,4
11(E3),A,T,-0.5524,0.5126,21,4
11(E3),A,V,0.1038,0.09236,16.5,4
11(E3),A,W,-0.09169,0.2233,6,4
11(E3),A,Y,0.1217,0.1299,4.75,4
110(E1),K,*,-0.00558,0.04401,0.5,2
110(E1),K,-,0.05844,0.09019,2.5,4
110(E1),K,A,-2.058,0.4054,6,4
110(E1),K,C,-5.909,0,8.5,4
110(E1),K,D,-7.39,0,8,4
110(E1),K,E,-2.814,0.04523,7.5,4
110(E1),K,F,-3.686,0.4085,5.5,4
110(E1),K,G,-3.856,0.8324,5,4
110(E1),K,H,-1.719,0.1345,6.5,4
110(E1),K,I,-2.968,0.6754,4.5,4
110(E1),K,K,0,0,,4
110(E1),K,L,-3.806,0.5615,4.5,4
110(E1),K,M,-2.306,1.047,4,4
110(E1),K,N,-3.811,0.271,12,4
110(E1),K,P,-2.82,0.1217,7,4
110(E1),K,Q,-2.305,0.6809,5,4
110(E1),K,R,-0.2472,0.8369,7.5,4
110(E1),K,S,-2.421,0.5214,7.5,4
110(E1),K,T,-3.249,0.4732,10,4
110(E1),K,V,-3.691,0.4175,5.5,4
110(E1),K,W,-3.651,0.4864,8,4
110(E1),K,Y,-3.207,0.1022,11,4
110(E2),T,-,-1.269,0.4569,2,4
110(E2),T,A,-0.4651,0.159,11.5,4
110(E2),T,C,-0.5616,0.354,5.75,4
110(E2),T,D,-0.2431,1.009,4,4
110(E2),T,E,-1.244,0.1901,7,4
110(E2),T,F,-0.7003,0.3478,7.5,4
110(E2),T,G,-0.4329,0.2002,5.5,4
110(E2),T,H,-0.7692,0.1041,7.25,4
110(E2),T,I,-0.05925,0.3413,8.5,4
110(E2),T,K,-0.7141,0.2139,9,4
110(E2),T,L,0.01147,0.1983,8.5,4
110(E2),T,M,-0.1401,0.218,6,4
110(E2),T,N,-0.785,0.07987,12.5,4
110(E2),T,P,-5.205,0,9,4
110(E2),T,Q,-0.4856,0.2725,7.5,4
110(E2),T,R,-0.42,0.3098,6,4
110(E2),T,S,0.125,0.054,7,4
110(E2),T,T,0,0,,4
110(E2),T,V,-0.3701,0.5715,8,4
110(E2),T,W,-0.4461,1.113,3,4
110(E2),T,Y,-0.8091,0.1291,9.5,4
111(E1),S,-,-0.1767,0.2012,2,4
111(E1),S,A,-1.306,0.2047,7,4
111(E1),S,C,-1.841,0.579,6.5,4
111(E1),S,D,-6.175,0,4.5,4
111(E1),S,E,-2.331,0.6935,6.5,4
111(E1),S,F,-7.594,0,4.5,4
111(E1),S,G,-0.00288,0.1009,10,4
111(E1),S,H,-7.656,0,5,4
111(E1),S,I,-3.737,0.3362,10,4
111(E1),S,K,-5.103,0.05672,4.5,4
111(E1),S,L,-3.022,0.2866,7.5,4
111(E1),S,M,-0.5267,1.113,7,4
111(E1),S,N,-4.593,0,17,4
111(E1),S,P,0.2148,0.05033,6,4
111(E1),S,Q,-1.523,0.3656,5.5,4
111(E1),S,R,-3.155,0.1608,8,4
111(E1),S,S,0,0,,4
111(E1),S,T,-0.7431,0.2236,12.5,4
111(E1),S,V,-3.013,0.3719,7,4
111(E1),S,W,-7.598,0,8.5,4
111(E1),S,Y,-6.431,0,7,4
111(E2),L,-,-0.4106,0.4815,2,4
111(E2),L,A,-2.182,0.1865,7.5,4
111(E2),L,C,-1.325,0.2279,9,4
111(E2),L,D,-7.492,0,7.5,4
111(E2),L,E,-7.633,0,10,4
111(E2),L,F,-2.373,1.471,4.5,4
111(E2),L,G,-7.487,0,6.5,4
111(E2),L,H,-7.197,0,8.5,4
111(E2),L,I,0.2191,0.1769,5,4
111(E2),L,K,-7.676,0,9,4
111(E2),L,L,0,0,,4
111(E2),L,M,-0.01134,0.1601,9.25,4
111(E2),L,N,-7.447,0,3,2
111(E2),L,P,-7.641,0,15.5,4
111(E2),L,Q,-7.588,0,2.5,4
111(E2),L,R,-7.402,0,7.5,4
111(E2),L,S,-7.577,0,7,4
111(E2),L,T,-3.886,0.3531,4.5,4
111(E2),L,V,-0.431,0.1035,12,4
111(E2),L,W,-7.61,0,5.5,4
111(E2),L,Y,-7.673,0,9,4
112(E1),E,*,-6.986,0,3,4
112(E1),E,-,-0.499,0.4405,2,4
112(E1),E,A,-0.2283,0.05193,8.5,4
112(E1),E,C,-1.912,0.5058,8.5,4
112(E1),E,D,-0.507,0.2846,12,4
112(E1),E,E,0,0,,4
112(E1),E,F,-0.01764,0.1463,7,4
112(E1),E,G,-0.3896,0.2079,6.5,4
112(E1),E,H,0.1183,0.1021,7,4
112(E1),E,I,-0.676,0.2484,7.5,4
112(E1),E,K,-5.169,0.2022,15.5,4
112(E1),E,L,-2.95,0.5781,6,4
112(E1),E,M,-1.046,0.429,7.5,4
112(E1),E,N,-1.557,0.9854,3.5,4
112(E1),E,P,-1.035,0.2254,5,4
112(E1),E,Q,-0.8604,0.7898,9,4
112(E1),E,R,-5.361,0,4,4
112(E1),E,S,-0.1124,0.1607,4.5,4
112(E1),E,T,-1.071,0.1752,7,4
112(E1),E,V,-0.9259,0.3343,7,4
112(E1),E,W,0.1302,0.1251,4.5,4
112(E1),E,Y,0.1864,0.05259,4.5,4
112(E2),T,-,-0.2848,0.08231,2,4
112(E2),T,A,-2.092,0.05645,12.5,4
112(E2),T,C,-1.743,0.2637,10,4
112(E2),T,D,-7.426,0,8.5,4
112(E2),T,E,-1.387,0.2414,5,4
112(E2),T,F,-7.593,0,11.5,4
112(E2),T,G,-1.569,0.1864,7,4
112(E2),T,H,-6.867,0,8,4
112(E2),T,I,-6.929,0,12.5,4
112(E2),T,K,-1.042,0.2551,5,4
112(E2),T,L,-7.488,0,7,4
112(E2),T,M,-0.7001,0.312,6.5,4
112(E2),T,N,-3.848,0.1933,6,4
112(E2),T,P,-7.481,0,8,4
112(E2),T,Q,-1.704,1.353,5,4
112(E2),T,R,-2.167,0.384,5,4
112(E2),T,S,-0.2205,0.2014,8.5,4
112(E2),T,T,0,0,,4
112(E2),T,V,-2.926,1.172,8,4
112(E2),T,W,-7.198,0,5.5,4
112(E2),T,Y,-7.558,0,10.5,4
113(E1),S,-,-2.98,1.959,2.5,4
113(E1),S,A,-0.3483,0.6131,6.5,4
113(E1),S,C,-4.28,0.2689,6,4
113(E1),S,D,-7.359,0,6,4
113(E1),S,E,-7.274,0,7.5,4
113(E1),S,F,-7.135,0,9.25,4
113(E1),S,G,0.1546,0.101,5.5,4
113(E1),S,H,-6.965,0,5,4
113(E1),S,I,-5.772,0,10,4
113(E1),S,K,-7.234,0,6.5,4
113(E1),S,L,-7.582,0,10,4
113(E1),S,M,-7.264,0,5,4
113(E1),S,N,-7.296,0,17,4
113(E1),S,P,-7.567,0,29,4
113(E1),S,Q,-7.508,0,4,4
113(E1),S,R,-7.476,0,11,4
113(E1),S,S,0,0,,4
113(E1),S,T,-6.544,0,4.5,4
113(E1),S,V,-2.054,0.5167,5.5,4
113(E1),S,W,-7.359,0,6,4
113(E1),S,Y,-7.432,0,8,4
113(E2),V,-,-0.2096,0.5811,2,4
113(E2),V,A,-0.8524,0.221,7.5,4
113(E2),V,C,-0.5448,0.2005,5.5,4
113(E2),V,D,-7.607,0,6.5,4
113(E2),V,E,-7.486,0,9.5,4
113(E2),V,F,-7.187,0,8.5,4
113(E2),V,G,-7.389,0,6.5,4
113(E2),V,H,-7.623,0,8.5,4
113(E2),V,I,-0.5175,0.4968,6.5,4
113(E2),V,K,-7.343,0,10,4
113(E2),V,L,-3.422,0.09481,13,4
113(E2),V,M,-5.844,0,28,4
113(E2),V,N,-7.574,0,8,4
113(E2),V,P,-7.546,0,7,4
113(E2),V,Q,-7.42,0,4.5,4
113(E2),V,R,-7.338,0,6,4
113(E2),V,S,-6.863,0,10.5,4
113(E2),V,T,-0.438,0.1846,5,4
113(E2),V,V,0,0,,4
113(E2),V,W,-7.334,0,8.5,4
113(E2),V,Y,-7.553,0,7.5,4
114(E1),C,*,-3.662,2.119,2,4
114(E1),C,-,-0.05372,0.09251,1.5,4
114(E1),C,A,-7.578,0,9.75,4
114(E1),C,C,0,0,,4
114(E1),C,D,-7.59,0,5,4
114(E1),C,E,-7.446,0,4.5,4
114(E1),C,F,-7.541,0,14,4
114(E1),C,G,-7.21,0,6,4
114(E1),C,H,-7.591,0,5,4
114(E1),C,I,-7.298,0,8.5,4
114(E1),C,K,-7.338,0,6,4
114(E1),C,L,-7.582,0,5,4
114(E1),C,M,-7.559,0,6,4
114(E1),C,N,-7.382,0,5,4
114(E1),C,P,-7.585,0,8,4
114(E1),C,Q,-7.42,0,5.5,4
114(E1),C,R,-7.587,0,12.5,4
114(E1),C,S,-7.63,0,15,4
114(E1),C,T,-7.504,0,6.5,4
114(E1),C,V,-7.599,0,8.5,4
114(E1),C,W,-7.592,0,4.5,4
114(E1),C,Y,-7.648,0,57.5,4
114(E2),G,-,-0.0804,0.3279,2,4
114(E2),G,A,-0.8347,0.2565,9.5,4
114(E2),G,C,-1.982,0.4708,10.5,4
114(E2),G,D,-3.236,0.4251,16.5,4
114(E2),G,E,-0.1424,0.3506,6.5,4
114(E2),G,F,-2.898,0.6295,3,4
114(E2),G,G,0,0,,4
114(E2),G,H,-1.402,0.1121,6,4
114(E2),G,I,-2.674,0.3632,7,4
114(E2),G,K,-2.963,0.4169,7,4
114(E2),G,L,-1.74,0.3876,5,4
114(E2),G,M,-0.8598,0.2539,11.5,4
114(E2),G,N,-2.29,0.3266,2.5,4
114(E2),G,P,-6.933,0,9,4
114(E2),G,Q,-0.5057,0.1832,6.5,4
114(E2),G,R,-3.428,0.3598,7,4
114(E2),G,S,-0.0696,0.2066,13,4
114(E2),G,T,-0.6239,0.1158,6.5,4
114(E2),G,V,-2.196,0.2922,16.5,4
114(E2),G,W,-1.804,0.2266,3,4
114(E2),G,Y,-1.554,0.3561,4.5,4
115(E1),K,*,-6.044,0,0.5,2
115(E1),K,-,-0.1134,0.182,1.5,4
115(E1),K,A,-0.5325,0.1035,7,4
115(E1),K,C,0.04947,0.2613,6,4
115(E1),K,D,-1.013,0.1134,6,4
115(E1),K,E,-0.5866,0.08416,6.5,4
115(E1),K,F,-0.1493,0.3412,9,4
115(E1),K,G,-0.4729,0.5131,6,4
115(E1),K,H,-0.03534,0.2211,8,4
115(E1),K,I,-0.8011,0.2009,6,4
115(E1),K,K,0,0,,4
115(E1),K,L,-0.7851,0.2384,4.5,4
115(E1),K,M,-0.3134,0.3469,8,4
115(E1),K,N,-0.5029,0.394,10,4
115(E1),K,P,-0.2246,0.4696,8.5,4
115(E1),K,Q,-0.7624,0.4144,3.5,4
115(E1),K,R,0.1261,0.06798,8,4
115(E1),K,S,-0.4825,0.1583,7.75,4
115(E1),K,T,-0.2712,0.6412,8,4
115(E1),K,V,-1.132,0.155,7.5,4
115(E1),K,W,-0.9518,0.2063,6.25,4
115(E1),K,Y,0.03977,0.07476,7.5,4
115(E2),F,-,-1.03,0.2957,2,4
115(E2),F,A,-7.261,0,6.5,4
115(E2),F,C,-7.473,0,9,4
115(E2),F,D,-7.585,0,5.5,4
115(E2),F,E,-7.405,0,3.5,4
115(E2),F,F,0,0,,4
115(E2),F,G,-6.989,0,5.5,4
115(E2),F,H,-7.482,0,11.5,4
115(E2),F,I,-5.301,0,8.5,4
115(E2),F,K,-7.479,0,5,4
115(E2),F,L,-5.261,0,11,4
115(E2),F,M,-1.68,0.2491,7,4
115(E2),F,N,-7.194,0,3.5,4
115(E2),F,P,-7.572,0,5,4
115(E2),F,Q,-7.377,0,6,4
115(E2),F,R,-7.475,0,8,4
115(E2),F,S,-7.562,0,12,4
115(E2),F,T,-7.524,0,8.5,4
115(E2),F,V,-7.455,0,7.5,4
115(E2),F,W,-6.601,0,6,4
115(E2),F,Y,-2.832,0.3627,4.5,4
116(E1),T,-,-2.424,1.977,2,4
116(E1),T,A,-1.287,1.341,3.25,4
116(E1),T,C,-1.622,0.3935,3,2
116(E1),T,D,-4.236,0.01891,6,4
116(E1),T,E,-0.7102,0.4849,3,4
116(E1),T,F,-0.25,0.04512,7,4
116(E1),T,G,-1.337,0.6933,6.5,4
116(E1),T,H,-0.04375,0.2669,4.5,4
116(E1),T,I,-0.3145,0.1321,13.5,4
116(E1),T,K,-1.556,1.068,3.5,4
116(E1),T,L,-0.1637,0.1913,5,4
116(E1),T,M,-0.136,0.4285,8.5,4
116(E1),T,N,-0.7654,0.3457,8,4
116(E1),T,P,-7.367,0,7.5,4
116(E1),T,Q,-0.2156,0.2669,4,4
116(E1),T,R,-2.558,0.1704,5.5,4
116(E1),T,S,-0.3416,0.2249,7,4
116(E1),T,T,0,0,,4
116(E1),T,V,0.1825,0.03012,4.5,4
116(E1),T,W,-0.5411,0.2792,6.5,4
116(E1),T,Y,0.06937,0.2564,7,4
116(E2),T,-,-0.6022,0.1659,1.5,4
116(E2),T,A,-0.1709,0.06793,10.5,4
116(E2),T,C,-0.0541,0.2508,3.5,4
116(E2),T,D,0.1841,0.1699,6,4
116(E2),T,E,0.1936,0.08935,8.5,4
116(E2),T,F,-0.8359,0.3388,4.5,4
116(E2),T,G,-0.9226,0.09046,6,4
116(E2),T,H,-0.7953,0.3133,10.5,4
116(E2),T,I,0.2635,0.07777,17.5,4
116(E2),T,K,-3.258,0.813,8.5,4
116(E2),T,L,-0.04785,0.35,6.5,4
116(E2),T,M,0.08225,0.2347,4.5,4
116(E2),T,N,-0.9334,0.3004,5,4
116(E2),T,P,-6.873,0,9,4
116(E2),T,Q,0.07675,0.2761,6.5,4
116(E2),T,R,-3.16,0.4452,6.75,4
116(E2),T,S,-0.6277,0.2219,5.5,4
116(E2),T,T,0,0,,4
116(E2),T,V,0.3705,0.1438,9,4
116(E2),T,W,-0.628,0.1872,5.5,4
116(E2),T,Y,-0.1174,0.06108,7.75,4
117(E1),E,*,-7.649,0,5.5,4
117(E1),E,-,-0.2041,0.01955,1,2
117(E1),E,A,-7.216,0,8.5,4
117(E1),E,C,-7.493,0,10.5,4
117(E1),E,D,-6.339,0,10.5,4
117(E1),E,E,0,0,,4
117(E1),E,F,-7.418,0,8.5,4
117(E1),E,G,-6.528,0,3.5,4
117(E1),E,H,-5.556,0.0279,3.5,4
117(E1),E,I,-7.105,0,7,4
117(E1),E,K,-7.508,0,22.5,4
117(E1),E,L,-7.534,0,7,4
117(E1),E,M,-5.74,0,7,4
117(E1),E,N,-7.396,0,6.5,4
117(E1),E,P,-6.754,0,10,4
117(E1),E,Q,-3.838,0.25,10.5,4
117(E1),E,R,-7.559,0,7,4
117(E1),E,S,-7.607,0,6.5,4
117(E1),E,T,-7.123,0,5,4
117(E1),E,V,-7.231,0,7,4
117(E1),E,W,-7.559,0,6.5,4
117(E1),E,Y,-7.532,0,12,4
117(E2),D,-,-0.6742,0.2331,0.5,2
117(E2),D,A,-3.396,0.6389,5.5,4
117(E2),D,C,-2.892,0.3072,12,4
117(E2),D,D,0,0,,4
117(E2),D,E,-2.662,0.3606,11.5,4
117(E2),D,F,-7.146,0,14,4
117(E2),D,G,-1.226,0.2644,9.5,4
117(E2),D,H,-4.764,0,11,4
117(E2),D,I,-6.439,0,8,4
117(E2),D,K,-5.78,0,8.5,4
117(E2),D,L,-5.465,0,8,4
117(E2),D,M,-6.181,0,7.5,4
117(E2),D,N,-1.976,0.1149,9.5,4
117(E2),D,P,-3.967,0.2513,8,4
117(E2),D,Q,-4.907,0.0511,8,4
117(E2),D,R,-4.907,0,4.5,4
117(E2),D,S,-1.695,0.3406,9,4
117(E2),D,T,-0.7772,1.057,7.5,4
117(E2),D,V,-5.505,0,4.5,4
117(E2),D,W,-7.466,0,9,4
117(E2),D,Y,-7.312,0,13.5,4
118(E1),F,-,0.1096,0.01182,0.5,2
118(E1),F,A,-5.651,0.08756,5.5,4
118(E1),F,C,-6.861,0,6,4
118(E1),F,D,-7.013,0,3.5,4
118(E1),F,E,-7.437,0,7.5,4
118(E1),F,F,0,0,,4
118(E1),F,G,-7.439,0,4,4
118(E1),F,H,-0.5932,0.3127,3.5,4
118(E1),F,I,-3.608,0.1853,7.5,4
118(E1),F,K,-2.226,1.021,5,4
118(E1),F,L,-2.402,0.2484,6.5,4
118(E1),F,M,-2.136,0.7022,8,4
118(E1),F,N,-2.85,0.4936,4.5,4
118(E1),F,P,-7.64,0,6,4
118(E1),F,Q,-5.07,0.4126,4,4
118(E1),F,R,-4.105,0.2109,4,4
118(E1),F,S,-1.34,0.9441,3.5,4
118(E1),F,T,-7.592,0,4.5,2
118(E1),F,V,-1.665,0.2379,12.5,4
118(E1),F,W,-0.524,0.4628,2.5,4
118(E1),F,Y,-0.1263,0.2961,3.5,4
118(E2),G,A,0.2475,0.03538,6,4
118(E2),G,C,-0.3865,0.3571,9,4
118(E2),G,D,0.1252,0.08219,36.5,4
118(E2),G,E,-0.175,0.6427,8,4
118(E2),G,F,0.2358,0.08466,9,4
118(E2),G,G,0,0,,4
118(E2),G,H,0.2278,0.56,6.5,4
118(E2),G,I,-0.05462,0.2394,12.5,4
118(E2),G,K,-0.2932,0.2469,7,4
118(E2),G,L,0.0717,0.2901,7.5,4
118(E2),G,M,-0.01685,0.3824,12,4
118(E2),G,N,0.2337,0.09822,4.75,4
118(E2),G,P,0.1723,0.2692,11.5,4
118(E2),G,Q,0.02582,0.1565,7.25,4
118(E2),G,R,-0.2301,0.3425,8.5,4
118(E2),G,S,0.33,0.1307,11.5,4
118(E2),G,T,-0.001378,0.01665,10.75,4
118(E2),G,V,0.1904,0.03851,14,4
118(E2),G,W,0.36,0.3167,7.5,4
118(E2),G,Y,-0.1214,0.1065,5,4
119(E1),A,-,-0.1361,0.0134,0.5,2
119(E1),A,A,0,0,,4
119(E1),A,C,-5.582,0,4.5,4
119(E1),A,D,-7.472,0,10,4
119(E1),A,E,-7.38,0,4.5,4
119(E1),A,F,-7.447,0,7,4
119(E1),A,G,-2.16,0.652,6.5,4
119(E1),A,H,-7.597,0,2.5,4
119(E1),A,I,-7.373,0,7.5,4
119(E1),A,K,-7.303,0,7,4
119(E1),A,L,-7.606,0,5,4
119(E1),A,M,-5.735,0.5499,4.25,4
119(E1),A,N,-7.389,0,5,4
119(E1),A,P,-7.3,0,6.5,4
119(E1),A,Q,-6.893,0.3975,5.5,4
119(E1),A,R,-5.421,0.4505,6.5,4
119(E1),A,S,-2.173,0.2644,14,4
119(E1),A,T,-7.316,0,24,4
119(E1),A,V,-0.9652,0.09014,32,4
119(E1),A,W,-7.514,0,5,4
119(E1),A,Y,-7.506,0,7,4
119(E2),R,A,-0.8652,0.1854,8.5,4
119(E2),R,C,-3.24,0.1857,9,4
119(E2),R,D,-1.126,0.3486,6,4
119(E2),R,E,-0.8663,0.3838,6.5,4
119(E2),R,F,-0.6644,0.2524,12,4
119(E2),R,G,-1.077,0.3779,9,4
119(E2),R,H,-0.2964,0.5468,8,4
119(E2),R,I,-0.8835,1.178,10.5,4
119(E2),R,K,0.1265,0.302,10.5,4
119(E2),R,L,-0.3538,0.3527,5.5,4
119(E2),R,M,-0.5619,0.4549,6.5,4
119(E2),R,N,0.1663,0.09265,8,4
119(E2),R,P,-2.716,0.5047,9,4
119(E2),R,Q,-0.4567,0.1538,8.5,4
119(E2),R,R,0,0,,4
119(E2),R,S,-0.3779,0.4358,7,4
119(E2),R,T,-1.011,0.1938,9,4
119(E2),R,V,-1.761,0.7353,5.5,4
119(E2),R,W,-0.474,0.1802,7,4
119(E2),R,Y,-0.3956,0.2614,10.5,4
12(6K),N,*,-7.497,0,8,4
12(6K),N,-,-0.01503,0.03379,1,4
12(6K),N,A,-0.02935,0.1516,10,4
12(6K),N,C,0.1405,0.1087,11,4
12(6K),N,D,0.1265,0.175,8.5,4
12(6K),N,E,0.06057,0.1708,7.5,4
12(6K),N,F,0.07199,0.1635,10.75,4
12(6K),N,G,0.0507,0.2532,5.5,4
12(6K),N,H,-0.3326,0.3528,10.75,4
12(6K),N,I,0.1525,0.03029,8.5,4
12(6K),N,K,0.003815,0.04828,8.5,4
12(6K),N,L,-0.126,0.0849,9,4
12(6K),N,M,-0.1895,0.2634,9,4
12(6K),N,N,0,0,,4
12(6K),N,P,-0.5626,0.08441,9.5,4
12(6K),N,Q,-0.2231,0.3898,12.5,4
12(6K),N,R,-0.1531,0.2437,8,4
12(6K),N,S,-0.07202,0.1036,9.5,4
12(6K),N,T,-0.4347,0.4914,6.5,4
12(6K),N,V,0.0026,0.3175,7.5,4
12(6K),N,W,-0.2155,0.2734,10,4
12(6K),N,Y,0.2009,0.05097,7.5,4
12(E1),G,*,-7.48,0,5.5,4
12(E1),G,-,-0.6226,0.0869,1.5,2
12(E1),G,A,-0.4419,0.5375,8,4
12(E1),G,C,-0.8808,0.1874,5.5,4
12(E1),G,D,-0.7784,0.0863,5,4
12(E1),G,E,-0.3762,0.2595,19,4
12(E1),G,F,-0.5235,0.7724,9,4
12(E1),G,G,0,0,,4
12(E1),G,H,-0.05704,0.02799,7.5,4
12(E1),G,I,-5.352,0,9.5,4
12(E1),G,K,-0.3245,0.3117,5.5,4
12(E1),G,L,-0.9755,0.9525,9.25,4
12(E1),G,M,0.05046,0.1563,4.5,4
12(E1),G,N,-0.3265,0.2247,2.5,4
12(E1),G,P,-7.37,0,6.75,4
12(E1),G,Q,-0.2894,0.177,7,4
12(E1),G,R,-0.5557,0.2208,34.5,4
12(E1),G,S,-0.6917,0.3142,4,4
12(E1),G,T,-0.3788,0.2265,5,4
12(E1),G,V,-5.125,0,12.5,4
12(E1),G,W,-1.484,0.5378,9,4
12(E1),G,Y,-0.241,0.2165,8,4
12(E2),I,-,-0.1125,0.09018,1,4
12(E2),I,A,-6.465,0,7.5,4
12(E2),I,C,-5.522,0,9.5,4
12(E2),I,D,-7.566,0,11.5,4
12(E2),I,E,-7.457,0,4,4
12(E2),I,F,-3.316,0.3328,5.5,4
12(E2),I,G,-7.338,0,5,4
12(E2),I,H,-7.263,0,8.5,4
12(E2),I,I,0,0,,4
12(E2),I,K,-7.5,0,6,4
12(E2),I,L,-0.0445,0.228,7.5,4
12(E2),I,M,-1.671,1.731,5,4
12(E2),I,N,-7.402,0,6.5,4
12(E2),I,P,-7.553,0,13,4
12(E2),I,Q,-7.636,0,3.5,4
12(E2),I,R,-7.355,0,6.5,4
12(E2),I,S,-3.341,0.3506,8,4
12(E2),I,T,0.3085,0.2024,13.5,4
12(E2),I,V,-0.6338,0.4708,6,4
12(E2),I,W,-7.34,0,2.75,4
12(E2),I,Y,-3.043,1.004,5.5,4
12(E3),N,*,-7.499,0,9,4
12(E3),N,-,-1.248,0.9196,1.5,4
12(E3),N,A,-0.7359,0.1739,15.75,4
12(E3),N,C,-1.628,0.8133,11.5,4
12(E3),N,D,-7.306,0,12,4
12(E3),N,E,-5.202,0,12,4
12(E3),N,F,-0.8914,0.1304,13,4
12(E3),N,G,-1.071,0.08845,10,4
12(E3),N,H,-0.3494,0.2312,17,4
12(E3),N,I,-2.864,0.386,11,4
12(E3),N,K,-7.12,0,16,4
12(E3),N,L,-0.8677,0.3943,14.5,4
12(E3),N,M,-0.865,0.2057,10.5,4
12(E3),N,N,0,0,,4
12(E3),N,P,-7.617,0,19,4
12(E3),N,Q,-0.2369,0.3116,5.5,4
12(E3),N,R,-2.168,0.2371,11,4
12(E3),N,S,-0.09404,0.2996,17.25,4
12(E3),N,T,-0.5401,0.5613,12.5,4
12(E3),N,V,-1.397,0.03965,13,4
12(E3),N,W,-0.9092,0.1344,9.5,4
12(E3),N,Y,-0.3917,0.0998,13,4
120(E1),S,A,0.1165,0.09326,4.5,4
120(E1),S,C,-0.08422,0.1872,6.5,4
120(E1),S,D,-3.415,0.1743,10.5,4
120(E1),S,E,-0.3167,0.225,8.5,4
120(E1),S,F,-0.648,0.2446,10,4
120(E1),S,G,-0.06835,0.03418,13,4
120(E1),S,H,-0.7813,0.1622,8,4
120(E1),S,I,-0.3468,0.2897,12,4
120(E1),S,K,-0.756,0.5671,5.5,4
120(E1),S,L,-0.4311,0.2081,6,4
120(E1),S,M,-0.5348,0.05879,6,4
120(E1),S,N,-0.4936,0.6688,10.5,4
120(E1),S,P,-7.533,0,8.5,4
120(E1),S,Q,-0.1346,0.06217,5,4
120(E1),S,R,-0.5338,0.4576,8.5,4
120(E1),S,S,0,0,,4
120(E1),S,T,0.1018,0.04642,5.5,4
120(E1),S,V,0.2043,0.03958,4.5,4
120(E1),S,W,-0.6055,0.5431,3,4
120(E1),S,Y,-0.7394,0.263,6,4
120(E2),K,*,-7.184,0,1,4
120(E2),K,A,0.3921,0.08998,7.75,4
120(E2),K,C,-0.4328,1.023,8.5,4
120(E2),K,D,0.1388,0.1378,8,4
120(E2),K,E,0.3886,0.07483,4,4
120(E2),K,F,-0.1614,0.08237,9,4
120(E2),K,G,0.1326,0.3,8.75,4
120(E2),K,H,0.253,0.2241,7.5,4
120(E2),K,I,-1.199,0.2116,9.5,4
120(E2),K,K,0,0,,4
120(E2),K,L,-0.03326,0.2218,5.5,4
120(E2),K,M,0.453,0.06827,10,4
120(E2),K,N,0.2983,0.1532,10,4
120(E2),K,P,-0.4148,0.2321,10.5,4
120(E2),K,Q,0.162,0.1447,7,4
120(E2),K,R,-0.5878,0.4546,7,4
120(E2),K,S,0.1275,0.1402,4.5,4
120(E2),K,T,0.07155,0.2255,5.5,4
120(E2),K,V,-1.067,0.8159,5.5,4
120(E2),K,W,-0.7177,0.2643,6.5,4
120(E2),K,Y,-0.506,0.0638,11,4
121(E1),A,-,-0.6684,0.3068,0.5,2
121(E1),A,A,0,0,,4
121(E1),A,C,-0.1557,0.2991,5,4
121(E1),A,D,-7.559,0,11,4
121(E1),A,E,-7.505,0,8,4
121(E1),A,F,-7.422,0,5,4
121(E1),A,G,-0.6621,0.2109,10,4
121(E1),A,H,-7.563,0,9.5,4
121(E1),A,I,-7.59,0,6.5,4
121(E1),A,K,-7.425,0,5.5,4
121(E1),A,L,-4.015,0.1513,7.5,4
121(E1),A,M,-4.237,0.1809,6.75,4
121(E1),A,N,-7.407,0,9.5,4
121(E1),A,P,-7.608,0,8.25,4
121(E1),A,Q,-6.425,0,6.5,4
121(E1),A,R,-7.123,0,8.5,4
121(E1),A,S,-0.4467,0.09975,14,4
121(E1),A,T,-0.2898,0.09653,26,4
121(E1),A,V,-1.9,0.3193,11.5,4
121(E1),A,W,-7.553,0,7,4
121(E1),A,Y,-7.546,0,6.5,4
121(E2),I,-,-0.5345,0.1447,0.5,2
121(E2),I,A,-0.1858,0.1179,11.5,4
121(E2),I,C,0.1537,0.5168,8,4
121(E2),I,D,-0.6041,0.4294,10,4
121(E2),I,E,0.3058,0.3341,4.5,4
121(E2),I,F,-0.7185,0.9087,5,4
121(E2),I,G,-0.5515,0.3582,9,4
121(E2),I,H,0.2918,0.1242,9,4
121(E2),I,I,0,0,,4
121(E2),I,K,0.09123,0.2101,7.5,4
121(E2),I,L,-0.2801,0.2287,5,4
121(E2),I,M,-0.4496,0.7106,7.5,4
121(E2),I,N,0.09242,0.1489,9,4
121(E2),I,P,-2.857,0.4496,6.5,4
121(E2),I,Q,0.3897,0.103,10,4
121(E2),I,R,-0.5894,0.2859,4,4
121(E2),I,S,-0.5345,0.3217,6.5,4
121(E2),I,T,0.1114,0.2952,4.5,4
121(E2),I,V,0.00365,0.2038,9,4
121(E2),I,W,-0.3967,0.2286,6.5,4
121(E2),I,Y,-0.07253,0.2142,10.5,4
122(E1),Y,-,-0.7375,0.5016,0.5,2
122(E1),Y,A,-0.7587,0.07634,7.5,4
122(E1),Y,C,-0.9335,0.5646,9,4
122(E1),Y,D,-7.635,0,11,4
122(E1),Y,E,-5.822,0,7.5,4
122(E1),Y,F,-0.4536,0.45,6.5,4
122(E1),Y,G,-7.441,0,6,4
122(E1),Y,H,-0.7756,0.08373,17.75,4
122(E1),Y,I,-0.4789,0.2767,7.5,4
122(E1),Y,K,-7.697,0,6.5,4
122(E1),Y,L,-0.2241,0.4601,9,4
122(E1),Y,M,-0.1809,0.1408,7.5,4
122(E1),Y,N,-0.9073,0.0609,8,4
122(E1),Y,P,-7.607,0,5.5,4
122(E1),Y,Q,-1.218,0.3278,5,4
122(E1),Y,R,-7.608,0,8.5,4
122(E1),Y,S,-1.104,0.5289,8.5,4
122(E1),Y,T,-4.13,0.1952,8,4
122(E1),Y,V,-0.7399,0.4035,7.25,4
122(E1),Y,W,-0.5123,0.4277,4.25,4
122(E1),Y,Y,0,0,,4
122(E2),S,-,-0.3246,0.1936,0.5,2
122(E2),S,A,-0.4234,0.8317,5.5,4
122(E2),S,C,-0.08183,0.1079,8,4
122(E2),S,D,0.2657,0.1711,7.5,4
122(E2),S,E,0.3504,0.0949,3.5,4
122(E2),S,F,-1.406,0.3402,10,4
122(E2),S,G,0.2276,0.1993,17.5,4
122(E2),S,H,-0.311,0.2311,4.5,4
122(E2),S,I,-0.1989,0.3794,14,4
122(E2),S,K,-0.2326,0.7207,5,4
122(E2),S,L,0.049,0.08987,8,4
122(E2),S,M,0.1998,0.0866,8,4
122(E2),S,N,0.3085,0.1499,20.5,4
122(E2),S,P,0.1845,0.2571,9,4
122(E2),S,Q,0.3296,0.06533,6,4
122(E2),S,R,-0.2011,0.1252,10.5,4
122(E2),S,S,0,0,,4
122(E2),S,T,0.2062,0.2183,8,4
122(E2),S,V,0.3653,0.06471,8.5,4
122(E2),S,W,-1.704,0.156,7,4
122(E2),S,Y,-1.728,0.7468,6,4
123(E1),R,*,-3.623,1.898,1.5,4
123(E1),R,-,-1.155,0.5865,1.5,4
123(E1),R,A,-0.06556,0.2127,6,4
123(E1),R,C,-0.7372,0.8376,7.5,4
123(E1),R,D,-1.316,0.3326,6,4
123(E1),R,E,-0.2661,0.1097,3.5,4
123(E1),R,F,-0.2207,0.1216,7.25,4
123(E1),R,G,-0.09225,0.4245,12,4
123(E1),R,H,-0.6323,0.1063,10.5,4
123(E1),R,I,-0.4417,0.1232,14,4
123(E1),R,K,-0.0332,0.09976,17,4
123(E1),R,L,-0.4176,0.2573,8,4
123(E1),R,M,-0.5257,0.2766,4,4
123(E1),R,N,-0.3563,0.467,6.5,4
123(E1),R,P,-7.373,0,13.5,4
123(E1),R,Q,0.1293,0.05058,10.5,4
123(E1),R,R,0,0,,4
123(E1),R,S,-0.9755,0.7136,12,4
123(E1),R,T,-0.3982,0.3191,6,4
123(E1),R,V,-0.2963,0.2828,8.5,4
123(E1),R,W,-0.5645,0.271,7,4
123(E1),R,Y,-0.4852,0.1727,6,4
123(E2),H,-,-0.3843,0.109,0.5,2
123(E2),H,A,-3.344,1.317,4.5,4
123(E2),H,C,-6.603,0,8.5,4
123(E2),H,D,-7.265,0,7,4
123(E2),H,E,-5.107,0,10.5,4
123(E2),H,F,-1.709,0.4645,6.5,4
123(E2),H,G,-7.372,0,7.75,4
123(E2),H,H,0,0,,4
123(E2),H,I,-2.495,0.1264,9,4
123(E2),H,K,-1.099,0.3195,3.75,4
123(E2),H,L,-2.612,0.6895,3,4
123(E2),H,M,-2.152,0.4009,6,4
123(E2),H,N,-0.983,0.1845,9.25,4
123(E2),H,P,-7.202,0,9.5,4
123(E2),H,Q,-1.312,0.404,7,4
123(E2),H,R,0.2294,0.1915,4.25,4
123(E2),H,S,-3.615,0.524,6.5,4
123(E2),H,T,-3.085,0.6519,7,4
123(E2),H,V,-1.98,0.4797,7.5,4
123(E2),H,W,-1.49,0.2359,8,4
123(E2),H,Y,-0.4336,0.138,5.5,4
124(E1),A,-,-1.176,0.2192,2.5,4
124(E1),A,A,0,0,,4
124(E1),A,C,-0.1067,0.07733,5,4
124(E1),A,D,-7.485,0,9,4
124(E1),A,E,-6.623,0,7,4
124(E1),A,F,-7.522,0,12.5,4
124(E1),A,G,-0.5193,0.5196,6.5,4
124(E1),A,H,-7.62,0,6.5,4
124(E1),A,I,-0.5202,0.724,4,4
124(E1),A,K,-7.598,0,4,4
124(E1),A,L,-1.876,1.708,4.5,4
124(E1),A,M,-7.441,0,6.5,4
124(E1),A,N,-7.502,0,6,4
124(E1),A,P,-5.502,0,5,4
124(E1),A,Q,-0.5977,0.2137,5.5,4
124(E1),A,R,-7.31,0,5,4
124(E1),A,S,-0.5747,0.2923,6.5,4
124(E1),A,T,-0.9612,0.3402,17.5,4
124(E1),A,V,-0.5862,0.8316,15,4
124(E1),A,W,-7.419,0,6,4
124(E1),A,Y,-7.565,0,5,4
124(E2),S,-,-0.6371,0.1629,0.5,2
124(E2),S,A,-0.07688,0.1115,5.25,4
124(E2),S,C,-0.4363,0.3079,9.5,4
124(E2),S,D,-0.7567,0.681,6.5,4
124(E2),S,E,0.1116,0.1624,6.5,4
124(E2),S,F,-1.098,0.1745,10,4
124(E2),S,G,-0.8218,0.1764,11.5,4
124(E2),S,H,-1.025,0.435,9.5,4
124(E2),S,I,0.207,0.2137,16.5,4
124(E2),S,K,-0.2569,0.1598,7.5,4
124(E2),S,L,-0.079,0.3308,7.5,4
124(E2),S,M,-0.322,0.1845,6,4
124(E2),S,N,-0.3246,0.2133,18.25,4
124(E2),S,P,-7.407,0,7,4
124(E2),S,Q,-0.05321,0.05508,9.25,4
124(E2),S,R,-0.8976,0.4222,9.25,4
124(E2),S,S,0,0,,4
124(E2),S,T,-0.1644,0.2803,7.5,4
124(E2),S,V,-0.2392,0.2591,7,4
124(E2),S,W,-1.192,0.1118,9.5,4
124(E2),S,Y,-0.6282,0.137,8.5,4
125(E1),H,-,-1.789,1.164,3,4
125(E1),H,A,-3.399,1.619,5.25,4
125(E1),H,C,-7.147,0,3,4
125(E1),H,D,-7.157,0,9,4
125(E1),H,E,-1.496,0.1543,15,4
125(E1),H,F,-4.149,0.2123,8.5,4
125(E1),H,G,-7.364,0,7,4
125(E1),H,H,0,0,,4
125(E1),H,I,-0.04698,1.523,4.5,4
125(E1),H,K,-0.7343,0.2844,5.75,4
125(E1),H,L,-1.394,0.9061,5.5,4
125(E1),H,M,-0.5927,0.2978,8,4
125(E1),H,N,-1.422,0.3345,9,4
125(E1),H,P,-7.579,0,7,4
125(E1),H,Q,-0.3676,0.1088,11,4
125(E1),H,R,-0.8959,0.56,8,4
125(E1),H,S,-1.406,0.2807,5.5,4
125(E1),H,T,-0.2279,0.2259,6.5,4
125(E1),H,V,-1.143,0.5958,4.5,4
125(E1),H,W,-0.5108,0.3024,4,4
125(E1),H,Y,-3.688,0.378,10,4
125(E2),C,*,-5.707,0.06192,2,4
125(E2),C,-,-0.2356,0.1459,0.5,2
125(E2),C,A,-7.344,0,7,4
125(E2),C,C,0,0,,4
125(E2),C,D,-7.551,0,7.5,4
125(E2),C,E,-7.436,0,5,4
125(E2),C,F,-7.57,0,13.5,4
125(E2),C,G,-7.309,0,6.5,4
125(E2),C,H,-7.216,0,5.5,4
125(E2),C,I,-7.591,0,7,4
125(E2),C,K,-7.309,0,10.75,4
125(E2),C,L,-7.545,0,10,4
125(E2),C,M,-7.504,0,9.5,4
125(E2),C,N,-7.603,0,7.5,4
125(E2),C,P,-7.63,0,9,4
125(E2),C,Q,-7.233,0,8.5,4
125(E2),C,R,-7.485,0,10,4
125(E2),C,S,-7.556,0,10,4
125(E2),C,T,-6.572,0,4.5,4
125(E2),C,V,-7.643,0,10,4
125(E2),C,W,-7.598,0,9,4
125(E2),C,Y,-7.601,0,48.5,4
126(E1),T,-,-0.621,0.1285,1.5,2
126(E1),T,A,-7.614,0,8.5,4
126(E1),T,C,-7.085,0,8,4
126(E1),T,D,-7.605,0,8.5,4
126(E1),T,E,-7.529,0,6,4
126(E1),T,F,-7.412,0,6.5,4
126(E1),T,G,-7.425,0,6.5,4
126(E1),T,H,-7.644,0,8,4
126(E1),T,I,-0.6647,0.3878,12,4
126(E1),T,K,-7.59,0,11.5,4
126(E1),T,L,-6.312,0,7.5,4
126(E1),T,M,-7.379,0,5.5,4
126(E1),T,N,-7.486,0,9.5,4
126(E1),T,P,-7.397,0,6,4
126(E1),T,Q,-7.59,0,5.5,4
126(E1),T,R,-7.45,0,7.5,4
126(E1),T,S,-0.5522,0.2064,9,4
126(E1),T,T,0,0,,4
126(E1),T,V,-1.331,0.8918,3,4
126(E1),T,W,-7.61,0,6,4
126(E1),T,Y,-7.088,0,7,4
126(E2),T,A,-1.072,0.6759,8,4
126(E2),T,C,-1.74,0.3633,7,4
126(E2),T,D,-7.517,0,8.75,4
126(E2),T,E,-1.286,0.2861,4.5,4
126(E2),T,F,-7.325,0,9.5,4
126(E2),T,G,-2.949,0.2774,4,4
126(E2),T,H,-3.782,0.1574,9.5,4
126(E2),T,I,-0.1085,0.1156,18.5,4
126(E2),T,K,-0.6299,0.6628,6,4
126(E2),T,L,-1.746,0.2948,9,4
126(E2),T,M,-0.2184,0.2574,9.5,4
126(E2),T,N,-2.706,0.6319,8,4
126(E2),T,P,-7.386,0,11,4
126(E2),T,Q,0.09403,0.06854,5,4
126(E2),T,R,-0.4239,0.46,6,4
126(E2),T,S,-0.638,0.2886,4.5,4
126(E2),T,T,0,0,,4
126(E2),T,V,-0.1235,0.1241,6,4
126(E2),T,W,-7.472,0,8,4
126(E2),T,Y,-7.346,0,5.5,4
127(E1),A,-,-2.798,1.623,4,4
127(E1),A,A,0,0,,4
127(E1),A,C,-4.697,0.2998,2.5,4
127(E1),A,D,-3.179,0.6648,10.5,4
127(E1),A,E,-6.955,0,4,4
127(E1),A,F,-7.63,0,9,4
127(E1),A,G,-0.04055,0.2473,7,4
127(E1),A,H,-7.629,0,5,4
127(E1),A,I,-7.464,0,4,4
127(E1),A,K,-7.602,0,7,4
127(E1),A,L,-7.345,0,6.5,4
127(E1),A,M,-7.595,0,9,4
127(E1),A,N,-6.936,0,6.5,4
127(E1),A,P,-7.603,0,7,4
127(E1),A,Q,-7.625,0,6.5,4
127(E1),A,R,-7.609,0,5.5,4
127(E1),A,S,-0.6009,0.1277,12,4
127(E1),A,T,-7.582,0,16.5,4
127(E1),A,V,-5.537,0,12,4
127(E1),A,W,-7.637,0,9,4
127(E1),A,Y,-7.169,0,6.5,4
127(E2),H,*,-7.335,0,0.5,2
127(E2),H,-,-1.769,1.604,1,4
127(E2),H,A,-1.915,0.2583,4.5,4
127(E2),H,C,-2.416,0.2464,6.5,4
127(E2),H,D,-6.306,0,7,4
127(E2),H,E,-2.349,0.5911,6.5,4
127(E2),H,F,-1.775,0.5545,8,4
127(E2),H,G,-1.83,0.163,12,4
127(E2),H,H,0,0,,4
127(E2),H,I,-1.019,0.1949,7.5,4
127(E2),H,K,-2.223,0.4634,4,4
127(E2),H,L,0.07999,0.4959,6,4
127(E2),H,M,-1.307,0.5209,7,4
127(E2),H,N,-0.8171,0.6793,7,4
127(E2),H,P,-7.546,0,9.5,4
127(E2),H,Q,-0.7972,0.2701,13,4
127(E2),H,R,-2.373,0.7392,10.5,4
127(E2),H,S,-1.784,0.3179,5.5,4
127(E2),H,T,-1.667,0.229,9,4
127(E2),H,V,-0.4473,0.5472,6,4
127(E2),H,W,0.3251,0.04779,6.5,4
127(E2),H,Y,-1.329,0.3158,16.5,4
128(E1),S,-,-3.596,1.26,4,4
128(E1),S,A,-0.3278,0.1893,7,4
128(E1),S,C,-0.4111,0.09701,3.5,4
128(E1),S,D,-0.1998,0.6965,2.5,4
128(E1),S,E,0.1303,0.04105,6,4
128(E1),S,F,0.08274,0.1358,6,4
128(E1),S,G,0.04956,0.02246,6,4
128(E1),S,H,0.09617,0.08174,5.5,4
128(E1),S,I,0.09584,0.0375,6,4
128(E1),S,K,-0.1126,0.06233,2,4
128(E1),S,L,-0.09098,0.2156,10,4
128(E1),S,M,-0.1182,0.5426,6,4
128(E1),S,N,0.03199,0.06212,3.5,4
128(E1),S,P,-7.601,0,12,4
128(E1),S,Q,0.06569,0.05597,8,4
128(E1),S,R,-0.1225,0.2199,7,4
128(E1),S,S,0,0,,4
128(E1),S,T,0.09097,0.07934,13.5,4
128(E1),S,V,-0.4531,0.07186,8,4
128(E1),S,W,-0.1142,0.03642,5.5,2
128(E1),S,Y,0.03703,0.1059,5,4
128(E2),P,-,-4.551,0.885,1.5,2
128(E2),P,A,0.2833,0.02623,6,4
128(E2),P,C,-1.421,0.5491,6,4
128(E2),P,D,0.06193,0.2106,6,4
128(E2),P,E,0.3898,0.179,6.25,4
128(E2),P,F,-0.8933,0.665,7,4
128(E2),P,G,-0.2108,0.1602,5.5,4
128(E2),P,H,-1.02,0.5253,8.5,4
128(E2),P,I,-0.6602,0.08616,7.25,4
128(E2),P,K,-0.511,0.2643,2.5,4
128(E2),P,L,-0.6748,0.1626,6.5,4
128(E2),P,M,-0.5448,0.2641,5,4
128(E2),P,N,-0.0502,0.2282,6.5,4
128(E2),P,P,0,0,,4
128(E2),P,Q,0.4432,0.09669,6.5,4
128(E2),P,R,-0.825,0.5594,7,4
128(E2),P,S,0.3972,0.2622,11,4
128(E2),P,T,-0.5282,0.2469,15,4
128(E2),P,V,-0.749,0.3667,6,4
128(E2),P,W,-0.5222,0.1414,8.5,4
128(E2),P,Y,-0.03755,0.1181,8.5,4
129(E1),A,-,-0.2382,0.06635,1,2
129(E1),A,A,0,0,,4
129(E1),A,C,-1,0.1347,1.5,4
129(E1),A,D,-2.711,0.08365,8,4
129(E1),A,E,-1.303,0.5133,5.5,4
129(E1),A,F,-0.5634,0.1129,7.5,4
129(E1),A,G,0.08621,0.2308,6,4
129(E1),A,H,-0.131,0.08057,7.5,4
129(E1),A,I,-0.3183,0.2574,6,4
129(E1),A,K,-0.006134,0.08409,5,4
129(E1),A,L,-0.454,0.08938,3.5,4
129(E1),A,M,-0.478,0.6637,6,4
129(E1),A,N,-0.09713,0.1146,5,4
129(E1),A,P,-7.351,0,8,4
129(E1),A,Q,-0.6136,0.2694,4.75,4
129(E1),A,R,-0.3601,1.433,2.5,4
129(E1),A,S,-0.01015,0.1137,8,4
129(E1),A,T,-0.2069,0.1514,18.5,4
129(E1),A,V,-0.1148,0.1863,32.5,4
129(E1),A,W,-7.413,0,3,4
129(E1),A,Y,-0.246,0.3994,4,4
129(E2),F,-,-5.28,0,0.5,2
129(E2),F,A,-7.419,0,4.5,4
129(E2),F,C,-6.862,0,5.5,4
129(E2),F,D,-7.344,0,7.5,4
129(E2),F,E,-7.239,0,6,4
129(E2),F,F,0,0,,4
129(E2),F,G,-7.625,0,7,4
129(E2),F,H,-1.485,0.07034,7.5,4
129(E2),F,I,-4.184,0.1102,6.5,4
129(E2),F,K,-7.452,0,7,4
129(E2),F,L,-3.357,0.4865,16,4
129(E2),F,M,-1.828,0.3053,8.5,4
129(E2),F,N,-5.349,0,2.5,4
129(E2),F,P,-7.613,0,7,4
129(E2),F,Q,-7.378,0,6,4
129(E2),F,R,-7.207,0,9,4
129(E2),F,S,-7.604,0,12,4
129(E2),F,T,-7.498,0,9.5,4
129(E2),F,V,-4.1,0.08556,8,4
129(E2),F,W,-1.373,0.2072,2.5,4
129(E2),F,Y,-0.3176,0.3302,3,4
13(6K),E,*,-7.166,0,6,4
13(6K),E,-,-0.06863,0.2147,1,4
13(6K),E,A,0.0836,0.06073,7.5,4
13(6K),E,C,-0.3328,0.2299,8.5,4
13(6K),E,D,-0.02715,0.2362,15,4
13(6K),E,E,0,0,,4
13(6K),E,F,-0.04704,0.09686,13,4
13(6K),E,G,-0.1962,0.1908,12.5,4
13(6K),E,H,0.0673,0.1809,12,4
13(6K),E,I,-0.0281,0.08943,11.5,4
13(6K),E,K,-0.8646,0.1411,13,4
13(6K),E,L,-0.3148,0.4322,7,4
13(6K),E,M,0.1749,0.09198,4,4
13(6K),E,N,-0.171,0.1558,12,4
13(6K),E,P,0.05139,0.04482,14.5,4
13(6K),E,Q,0.06703,0.2081,35,4
13(6K),E,R,-0.3013,0.3192,5.5,4
13(6K),E,S,-0.004265,0.08207,7.5,4
13(6K),E,T,0.2166,0.05023,11,4
13(6K),E,V,0.04979,0.08342,11.5,4
13(6K),E,W,-0.2385,0.5556,7.5,4
13(6K),E,Y,-0.3768,0.3565,10.75,4
13(E1),V,-,0.1161,0.1008,0.5,2
13(E1),V,A,-1.137,0.7759,7.5,4
13(E1),V,C,-1.101,0.331,6,4
13(E1),V,D,-5.744,0,7,4
13(E1),V,E,-5.601,0,10,4
13(E1),V,F,-0.8509,1.052,9,4
13(E1),V,G,-2.946,0.3752,5.5,4
13(E1),V,H,-1.467,0.3177,7.5,4
13(E1),V,I,0.08303,0.178,9,4
13(E1),V,K,-1.462,0.6862,8,4
13(E1),V,L,0.04716,0.08605,13,4
13(E1),V,M,-0.527,0.2142,17,4
13(E1),V,N,-2.657,0.1485,5.5,4
13(E1),V,P,-0.55,0.2726,8.75,4
13(E1),V,Q,-1.98,0.361,4,4
13(E1),V,R,-1.81,0.4912,5,4
13(E1),V,S,-2.081,1.204,5,4
13(E1),V,T,-1.388,0.778,5.5,4
13(E1),V,V,0,0,,4
13(E1),V,W,-1.496,0.1337,7,4
13(E1),V,Y,-3.591,1.287,4.5,4
13(E2),R,*,-7.28,0,1,2
13(E2),R,-,-3.745,1.97,2,4
13(E2),R,A,-0.8674,0.59,4.5,4
13(E2),R,C,-2.939,0.1779,6.5,4
13(E2),R,D,-1.531,0.1938,7,4
13(E2),R,E,-3.048,0.5822,8.5,4
13(E2),R,F,-0.9314,0.192,5,4
13(E2),R,G,-1.898,0.2009,14,4
13(E2),R,H,-0.6091,0.2365,4.5,4
13(E2),R,I,-3,0.7174,12,4
13(E2),R,K,-0.5124,0.1782,13,4
13(E2),R,L,-0.8128,0.07551,10.5,4
13(E2),R,M,-0.3,0.1538,9,4
13(E2),R,N,0.1976,0.2523,8.5,4
13(E2),R,P,-7.412,0,8,4
13(E2),R,Q,-0.9245,0.3816,5.5,4
13(E2),R,R,0,0,,4
13(E2),R,S,-0.2833,0.3612,5.5,4
13(E2),R,T,-0.1954,0.3094,7,4
13(E2),R,V,-1.244,0.3136,7.5,4
13(E2),R,W,-1.851,1.672,5.25,4
13(E2),R,Y,-0.84,0.317,7.5,4
13(E3),T,-,-1.049,0.928,1,4
13(E3),T,A,0.2515,0.2066,11,4
13(E3),T,C,-0.5851,0.1694,10.5,4
13(E3),T,D,-7.636,0,10.75,4
13(E3),T,E,-7.424,0,8.5,4
13(E3),T,F,0.02954,0.1242,10.5,4
13(E3),T,G,-3.716,1.165,8,4
13(E3),T,H,-4.248,0.03002,8,4
13(E3),T,I,-0.2725,0.1296,12,4
13(E3),T,K,-7.529,0,8.5,4
13(E3),T,L,-0.1792,0.3124,7.5,4
13(E3),T,M,-0.78,0.2073,5.5,4
13(E3),T,N,-7.21,0,14.25,4
13(E3),T,P,-7.383,0,14.5,4
13(E3),T,Q,-1.707,0.3093,7.5,4
13(E3),T,R,-7.479,0,11.5,4
13(E3),T,S,-0.2989,0.07298,7.5,4
13(E3),T,T,0,0,,4
13(E3),T,V,0.347,0.05256,8.5,4
13(E3),T,W,0.457,0.2308,9,4
13(E3),T,Y,-0.09596,0.5181,9,4
130(E1),S,-,-0.08805,0.2084,1,2
130(E1),S,A,-0.3234,0.3076,7,4
130(E1),S,C,-0.8826,0.4811,5,4
130(E1),S,D,-0.5433,0.4802,4,4
130(E1),S,E,0.0903,0.02929,4.5,2
130(E1),S,F,-0.3429,0.388,10.5,4
130(E1),S,G,-0.2598,0.2341,6.5,4
130(E1),S,H,-0.4395,0.1069,3,2
130(E1),S,I,-0.7921,0.7371,4,4
130(E1),S,K,-0.3585,0.4277,3.5,4
130(E1),S,L,-1.077,0.1259,8,4
130(E1),S,M,-0.7389,0.1425,9.5,4
130(E1),S,N,-1.01,0.5058,5,4
130(E1),S,P,-4.12,0.2711,11.5,4
130(E1),S,Q,-0.3188,0.1245,6,4
130(E1),S,R,-0.2007,0.2711,4.5,4
130(E1),S,S,0,0,,4
130(E1),S,T,0.03143,0.06585,10.5,4
130(E1),S,V,-0.6889,0.1121,6,4
130(E1),S,W,-1.215,0.6492,2.5,4
130(E1),S,Y,-0.2206,0.1356,10.5,4
130(E2),H,-,-3.934,1.129,0.5,2
130(E2),H,A,-0.361,0.2629,3.5,4
130(E2),H,C,-0.876,0.1566,8,4
130(E2),H,D,-0.9571,0.1435,7.5,4
130(E2),H,E,-0.4015,0.1416,6,4
130(E2),H,F,-0.7979,0.6126,9,4
130(E2),H,G,-1.12,0.4741,6,4
130(E2),H,H,0,0,,4
130(E2),H,I,-1.304,0.3594,6.5,4
130(E2),H,K,-0.1384,0.2548,8.5,4
130(E2),H,L,-0.3136,0.3527,5.5,4
130(E2),H,M,-0.5426,0.2576,4,4
130(E2),H,N,0.2567,0.1662,7.75,4
130(E2),H,P,-0.3295,0.03351,5.5,4
130(E2),H,Q,0.07479,0.1422,5.5,4
130(E2),H,R,-0.1134,0.209,5.5,4
130(E2),H,S,0.3189,0.1237,5,4
130(E2),H,T,-0.1878,0.2747,5.5,4
130(E2),H,V,0.008225,0.1007,8.5,4
130(E2),H,W,-1.096,0.5204,8.5,4
130(E2),H,Y,-0.7755,0.3958,12.5,4
131(E1),A,*,-7.562,0,0.5,2
131(E1),A,-,-2.361,1.937,2,4
131(E1),A,A,0,0,,4
131(E1),A,C,0.06746,0.1582,4,4
131(E1),A,D,-7.341,0,9,4
131(E1),A,E,-7.577,0,5.5,4
131(E1),A,F,-1.156,0.9772,4,4
131(E1),A,G,-0.9123,0.3138,5,4
131(E1),A,H,-4.184,0.5745,6.5,4
131(E1),A,I,-7.546,0,4.5,4
131(E1),A,K,-7.534,0,6,4
131(E1),A,L,-2.862,0.342,7.75,4
131(E1),A,M,-0.3673,0.544,6,4
131(E1),A,N,-7.332,0,7,4
131(E1),A,P,-7.529,0,9,4
131(E1),A,Q,-4.287,0.02425,6.5,4
131(E1),A,R,-7.495,0,6,4
131(E1),A,S,0.1093,0.02467,5,4
131(E1),A,T,-1.402,0.2736,39.5,4
131(E1),A,V,-7.051,0,10.25,4
131(E1),A,W,-5.491,0.1997,3,4
131(E1),A,Y,-7.013,0,6.5,4
131(E2),H,-,-0.1946,0.1121,1,4
131(E2),H,C,-6.261,0,5,4
131(E2),H,D,-7.586,0,12,4
131(E2),H,E,-7.396,0,8.75,4
131(E2),H,F,-2.951,0.4817,10.5,4
131(E2),H,G,-6.598,0,4,4
131(E2),H,H,0,0,,4
131(E2),H,I,-6.775,0,8.5,4
131(E2),H,K,-7.362,0,5,4
131(E2),H,L,-5.414,0,10.5,4
131(E2),H,M,-6.725,0,6,4
131(E2),H,N,-0.8771,0.1673,15,4
131(E2),H,P,-7.436,0,5.5,4
131(E2),H,Q,-6.066,0.1645,4.5,4
131(E2),H,R,-7.572,0,13,4
131(E2),H,S,-3.554,0.7245,4.5,4
131(E2),H,T,-4.659,0,4,4
131(E2),H,V,-3.975,0.3319,8.25,4
131(E2),H,W,-2.965,0.2976,3.5,4
131(E2),H,Y,-3.269,0.3276,13,4
132(E1),K,*,-7.406,0,0.5,2
132(E1),K,-,-0.121,0.07897,1.5,4
132(E1),K,A,-0.7743,0.7465,5,4
132(E1),K,C,0.1917,0.1189,6,4
132(E1),K,D,-1.026,0.5042,8,4
132(E1),K,E,-0.00185,0.3425,6,4
132(E1),K,F,-0.23,0.368,5.5,4
132(E1),K,G,-0.2224,0.05612,9.5,4
132(E1),K,H,-0.08945,0.2578,7.5,4
132(E1),K,I,-0.2068,0.2537,10.5,4
132(E1),K,K,0,0,,4
132(E1),K,L,-0.08451,0.08151,10.5,4
132(E1),K,M,0.09262,0.04013,6,4
132(E1),K,N,0.0658,0.03736,14,4
132(E1),K,P,-7.639,0,9,4
132(E1),K,Q,-0.5249,0.6178,5.5,4
132(E1),K,R,-0.008575,0.2182,10,4
132(E1),K,S,-0.1402,0.1764,9,4
132(E1),K,T,0.1842,0.1744,7.5,4
132(E1),K,V,-0.0566,0.2299,9.5,4
132(E1),K,W,-0.1599,0.5082,6.25,4
132(E1),K,Y,-0.04111,0.03323,8.5,4
132(E2),D,-,-0.04325,0.1963,2,4
132(E2),D,A,-0.0637,0.476,3.5,4
132(E2),D,C,-0.7907,0.2278,8.5,4
132(E2),D,D,0,0,,4
132(E2),D,E,0.1603,0.1587,10,4
132(E2),D,F,-0.9922,0.1851,6,4
132(E2),D,G,-2.095,0.1846,8.5,4
132(E2),D,H,-0.568,0.195,8.5,4
132(E2),D,I,-1.512,0.9351,7.25,4
132(E2),D,K,-2.678,1.298,7.5,4
132(E2),D,L,-1.842,0.2947,8.5,4
132(E2),D,M,-1.146,0.3195,7,4
132(E2),D,N,-1.022,0.2764,22,4
132(E2),D,P,-7.282,0,8,4
132(E2),D,Q,-0.4402,0.4542,6,4
132(E2),D,R,-2.579,0.3016,5,4
132(E2),D,S,-0.8558,0.1862,5,4
132(E2),D,T,-1.736,0.05446,7.5,4
132(E2),D,V,-1.641,0.7244,6,4
132(E2),D,W,-1.768,1.175,5.5,4
132(E2),D,Y,-1.089,0.08547,11,4
133(E1),L,-,-1.218,1.066,2.5,4
133(E1),L,A,-0.8192,0.4843,8,4
133(E1),L,C,-2.021,0.7831,7,4
133(E1),L,D,-7.585,0,6,4
133(E1),L,E,-7.286,0,5.5,4
133(E1),L,F,-0.3349,0.1957,9,4
133(E1),L,G,-7.478,0,4,4
133(E1),L,H,-7.38,0,7,4
133(E1),L,I,-0.2011,0.1987,4,4
133(E1),L,K,-7.575,0,5.5,4
133(E1),L,L,0,0,,4
133(E1),L,M,0.1496,0.1391,7,4
133(E1),L,N,-7.625,0,9,4
133(E1),L,P,-7.702,0,15,4
133(E1),L,Q,-7.468,0,9,4
133(E1),L,R,-7.35,0,8,4
133(E1),L,S,-7.262,0,3,4
133(E1),L,T,-2.599,0.343,9,4
133(E1),L,V,0.07091,0.07893,7.5,4
133(E1),L,W,-1.458,0.5892,7,4
133(E1),L,Y,-3.301,0.3356,3,4
133(E2),P,-,-0.4019,0.3794,2,4
133(E2),P,A,-1.31,0.8811,5.5,4
133(E2),P,C,-2.724,0.309,10,4
133(E2),P,D,-1.249,1.117,4.5,4
133(E2),P,E,-1.29,0.2532,4,4
133(E2),P,F,-0.6897,0.06537,6,4
133(E2),P,G,-4.769,0.2304,10.25,4
133(E2),P,H,-1.502,0.2757,7,4
133(E2),P,I,-0.2183,0.1864,7.5,4
133(E2),P,K,-1.045,0.3374,3,4
133(E2),P,L,-0.01385,0.1192,9.5,4
133(E2),P,M,-0.8518,0.2011,6.25,4
133(E2),P,N,-0.89,0.336,5,4
133(E2),P,P,0,0,,4
133(E2),P,Q,-0.1079,0.6527,4,4
133(E2),P,R,-1.508,0.3443,5.5,4
133(E2),P,S,-1.605,0.3196,5,4
133(E2),P,T,-0.09212,0.3882,10.5,4
133(E2),P,V,-0.9592,0.1011,7.5,4
133(E2),P,W,-0.3518,0.291,8.75,4
133(E2),P,Y,-0.7854,0.2644,5.5,4
134(E1),R,*,-7.181,0,3.5,4
134(E1),R,-,-0.4375,0.1403,1.5,2
134(E1),R,A,-3.312,0.4658,8,4
134(E1),R,C,-4.665,0,5.75,4
134(E1),R,D,-7.319,0,8.5,4
134(E1),R,E,-6.594,0,7,4
134(E1),R,F,-3.377,0.3771,6,4
134(E1),R,G,-5.205,0,10.5,4
134(E1),R,H,-1.967,0.1119,8.5,4
134(E1),R,I,-3.01,0.867,15,4
134(E1),R,K,-0.548,0.3925,12.25,4
134(E1),R,L,-2.449,1.246,8,4
134(E1),R,M,-2.346,0.6029,6,4
134(E1),R,N,-2.112,0.9475,7.5,4
134(E1),R,P,-7.581,0,10,4
134(E1),R,Q,-1.026,0.3143,8.75,4
134(E1),R,R,0,0,,4
134(E1),R,S,-1.796,0.5327,7.5,4
134(E1),R,T,-2.434,1.038,9,4
134(E1),R,V,-2.519,0.2499,9.5,4
134(E1),R,W,-2.84,0.945,4.5,4
134(E1),R,Y,-4.832,0.01342,4.5,4
134(E2),P,-,-0.4556,0.2867,1.5,4
134(E2),P,A,-0.5604,0.1115,6,4
134(E2),P,C,-1.336,0.6553,5.5,4
134(E2),P,D,-0.75,0.2785,7,4
134(E2),P,E,-1.26,0.1365,3,4
134(E2),P,F,0.01611,0.3204,7.5,4
134(E2),P,G,-0.812,0.1608,8,4
134(E2),P,H,-1.192,0.3449,5,4
134(E2),P,I,-0.4838,0.3193,5,4
134(E2),P,K,-2.903,0.5077,6,4
134(E2),P,L,0.1969,0.01783,10,4
134(E2),P,M,0.05844,0.2493,7,4
134(E2),P,N,-0.7757,0.461,3.5,4
134(E2),P,P,0,0,,4
134(E2),P,Q,-0.8612,0.149,6,4
134(E2),P,R,-1.654,0.174,6,4
134(E2),P,S,-1.532,0.5974,9,4
134(E2),P,T,-1.11,0.1871,9,4
134(E2),P,V,0.1916,0.1782,4,4
134(E2),P,W,-3.904,1.382,4.5,4
134(E2),P,Y,-0.2451,0.2523,7,4
135(E1),V,-,-0.7017,0.1802,1.5,2
135(E1),V,A,-0.02649,0.153,9.5,4
135(E1),V,C,-0.7858,0.4872,7.5,4
135(E1),V,D,-7.384,0,8,4
135(E1),V,E,-7.549,0,9.5,4
135(E1),V,F,-1.182,0.5379,7.5,4
135(E1),V,G,-7.611,0,6.5,4
135(E1),V,H,-7.529,0,10,4
135(E1),V,I,-0.1184,0.7103,6.5,4
135(E1),V,K,-7.596,0,4,4
135(E1),V,L,-0.07859,0.1945,10.75,4
135(E1),V,M,-0.2719,0.2457,16.5,4
135(E1),V,N,-7.562,0,9.5,4
135(E1),V,P,-7.643,0,10,4
135(E1),V,Q,-7.612,0,5,4
135(E1),V,R,-7.691,0,7,4
135(E1),V,S,-5.769,0,6.5,4
135(E1),V,T,-0.6977,0.02796,26,4
135(E1),V,V,0,0,,4
135(E1),V,W,-1.718,0.2211,4,4
135(E1),V,Y,-2.232,0.707,14,4
135(E2),V,-,-0.3184,0.3031,1.5,4
135(E2),V,A,-0.878,0.77,4.5,4
135(E2),V,C,-1.409,0.3046,6.5,4
135(E2),V,D,-1.931,0.3893,6.5,4
135(E2),V,E,-1.845,0.2357,10,4
135(E2),V,F,-0.9712,0.2827,7.5,4
135(E2),V,G,-2.079,0.3201,5.5,4
135(E2),V,H,-0.2716,0.4915,6,4
135(E2),V,I,-0.4329,0.1594,7.5,4
135(E2),V,K,-3.035,0.8832,8.5,4
135(E2),V,L,0.004527,0.06549,8.5,4
135(E2),V,M,-1.008,0.3817,14.25,4
135(E2),V,N,-1.127,0.3459,9.5,4
135(E2),V,P,-1.085,0.1587,9.5,4
135(E2),V,Q,-0.6958,0.3448,6,4
135(E2),V,R,-1.81,0.7693,3.5,4
135(E2),V,S,-0.5615,0.502,3.75,4
135(E2),V,T,-0.2673,0.2152,8,4
135(E2),V,V,0,0,,4
135(E2),V,W,-1.265,0.5552,9.75,4
135(E2),V,Y,-0.6143,0.1645,6.5,4
136(E1),L,-,-0.4559,0.03865,1,2
136(E1),L,A,-0.124,0.1272,7.75,4
136(E1),L,C,-0.1359,0.09461,7.5,4
136(E1),L,D,-2.679,0.6542,3.75,4
136(E1),L,E,-1.135,0.4467,9.5,4
136(E1),L,F,-1.042,0.7738,4.5,4
136(E1),L,G,-0.36,0.2482,4,4
136(E1),L,H,-1.187,0.6734,6.5,4
136(E1),L,I,-0.7943,0.3245,5,4
136(E1),L,K,-0.08439,0.1534,9,4
136(E1),L,L,0,0,,4
136(E1),L,M,0.01211,0.07811,14.25,4
136(E1),L,N,0.09627,0.5235,9.5,4
136(E1),L,P,-7.511,0,11,4
136(E1),L,Q,0.1273,0.07236,8,4
136(E1),L,R,-0.4174,0.1695,9.5,4
136(E1),L,S,-0.09575,1.739,3,4
136(E1),L,T,0.04722,0.2201,6.5,4
136(E1),L,V,-0.05355,0.2387,7,4
136(E1),L,W,-0.8997,0.7445,3.5,4
136(E1),L,Y,-0.3877,0.1438,5,4
136(E2),I,-,-0.251,0.1966,1.5,4
136(E2),I,A,-7.175,0,7,4
136(E2),I,C,-7.01,0,7,4
136(E2),I,D,-7.54,0,7.5,4
136(E2),I,E,-7.478,0,6.5,4
136(E2),I,F,-4.355,0.1377,8,4
136(E2),I,G,-7.566,0,8.5,4
136(E2),I,H,-6.931,0,3,4
136(E2),I,I,0,0,,4
136(E2),I,K,-7.264,0,5.5,4
136(E2),I,L,-0.8837,0.3096,7.5,4
136(E2),I,M,-1.931,0.1502,7,4
136(E2),I,N,-5.881,0,6,4
136(E2),I,P,-3.84,0.4476,5.5,4
136(E2),I,Q,-6.335,0,5.5,4
136(E2),I,R,-7.356,0,6,4
136(E2),I,S,-7.34,0,6,4
136(E2),I,T,-4.229,0.495,5.5,4
136(E2),I,V,-0.4949,0.1414,9.5,4
136(E2),I,W,-7.208,0,7.5,4
136(E2),I,Y,-7.476,0,5,4
137(E1),Y,*,-7.49,0,7.5,4
137(E1),Y,-,0.05465,0.00432,1.5,2
137(E1),Y,A,-0.5471,0.1851,11.5,4
137(E1),Y,C,-1.511,0.5773,6,4
137(E1),Y,D,-7.497,0,8,4
137(E1),Y,E,-7.564,0,6,4
137(E1),Y,F,-0.004335,0.05492,9,4
137(E1),Y,G,-4.448,0,6,4
137(E1),Y,H,-0.716,0.2615,10.5,4
137(E1),Y,I,0.08788,0.0424,8,4
137(E1),Y,K,-3.173,0.504,9,4
137(E1),Y,L,0.00454,0.1666,7.5,4
137(E1),Y,M,-0.1535,0.4004,6,4
137(E1),Y,N,-2.93,0.6028,4.75,4
137(E1),Y,P,-7.543,0,9.5,4
137(E1),Y,Q,-1.05,0.2655,7,4
137(E1),Y,R,-7.42,0,6,4
137(E1),Y,S,-0.5295,0.4368,5,4
137(E1),Y,T,-0.4665,0.793,7,4
137(E1),Y,V,-0.364,0.2655,8,4
137(E1),Y,W,-0.2675,0.1504,6,4
137(E1),Y,Y,0,0,,4
137(E2),G,*,-0.9065,1.048,0.5,2
137(E2),G,-,-0.2877,0.2505,1.5,4
137(E2),G,A,-7.567,0,8.5,4
137(E2),G,C,-6.55,0,9,4
137(E2),G,D,-7.656,0,21,4
137(E2),G,E,-7.59,0,4,4
137(E2),G,F,-7.312,0,5,4
137(E2),G,G,0,0,,4
137(E2),G,H,-7.51,0,4.5,4
137(E2),G,I,-7.156,0,5.5,4
137(E2),G,K,-7.58,0,2.5,4
137(E2),G,L,-7.452,0,8,4
137(E2),G,M,-7.41,0,5,4
137(E2),G,N,-7.612,0,6,4
137(E2),G,P,-7.292,0,8.5,4
137(E2),G,Q,-7.24,0,4.5,4
137(E2),G,R,-7.313,0,12,4
137(E2),G,S,-7.373,0,11,4
137(E2),G,T,-7.232,0,7.5,4
137(E2),G,V,-7.641,0,7,4
137(E2),G,W,-7.654,0,8,4
137(E2),G,Y,-7.418,0,6,4
138(E1),Q,*,-6.87,0,7.5,4
138(E1),Q,-,-0.1627,0.0146,1.5,2
138(E1),Q,A,-0.4566,0.1082,7.25,4
138(E1),Q,C,-0.009,0.142,6.5,4
138(E1),Q,D,-0.5249,0.3968,4.5,4
138(E1),Q,E,-0.2523,0.2302,5.5,4
138(E1),Q,F,-0.1228,0.137,10,4
138(E1),Q,G,0.1328,0.1333,5.5,4
138(E1),Q,H,-0.0475,0.1809,12.25,4
138(E1),Q,I,-0.3414,0.5396,6,4
138(E1),Q,K,0.02713,0.02609,15,4
138(E1),Q,L,0.2401,0.02345,9.5,4
138(E1),Q,M,-0.1472,0.3357,8.5,4
138(E1),Q,N,-0.3351,0.3369,7.5,4
138(E1),Q,P,-0.1355,0.1739,12,4
138(E1),Q,Q,0,0,,4
138(E1),Q,R,0.183,0.09472,20.25,4
138(E1),Q,S,-0.5345,0.5322,8.25,4
138(E1),Q,T,-0.404,0.1798,10.5,4
138(E1),Q,V,0.09351,0.1494,6,4
138(E1),Q,W,-0.04519,0.05796,6.5,4
138(E1),Q,Y,-0.1351,0.2571,10.5,4
138(E2),R,*,-6.043,0,0.5,2
138(E2),R,-,0.1254,0.08967,1,2
138(E2),R,A,-6.642,0,8.5,4
138(E2),R,C,-7.533,0,12,4
138(E2),R,D,-7.393,0,4,4
138(E2),R,E,-7.563,0,8.5,4
138(E2),R,F,-4.508,0,11.5,4
138(E2),R,G,-7.362,0,12,4
138(E2),R,H,-5.495,0,10,4
138(E2),R,I,-7.361,0,8,4
138(E2),R,K,-5.248,0.1057,13.5,4
138(E2),R,L,-7.117,0,5.5,4
138(E2),R,M,-6.064,0,10,4
138(E2),R,N,-4.868,0,5.5,4
138(E2),R,P,-7.559,0,6.5,4
138(E2),R,Q,-6.862,0,7.5,4
138(E2),R,R,0,0,,4
138(E2),R,S,-5.911,0.2169,6,4
138(E2),R,T,-7.466,0,6.75,4
138(E2),R,V,-7.468,0,11.75,4
138(E2),R,W,-6.675,0,6,4
138(E2),R,Y,-5.957,0,4.5,4
139(E1),G,-,-0.3775,0.03045,1,2
139(E1),G,A,-0.4463,0.2485,11.75,4
139(E1),G,C,-0.9174,0.6787,14.5,4
139(E1),G,D,-0.799,0.1597,56.25,4
139(E1),G,E,-0.5734,0.653,5.5,4
139(E1),G,F,-0.896,0.06778,9.25,4
139(E1),G,G,0,0,,4
139(E1),G,H,0.213,0.0387,6,4
139(E1),G,I,-4.032,0.3553,7.5,4
139(E1),G,K,-0.4913,0.315,8,4
139(E1),G,L,-1.309,0.1763,8,4
139(E1),G,M,-0.7927,0.1811,8,4
139(E1),G,N,0.05239,0.2299,7,4
139(E1),G,P,-7.574,0,8.5,4
139(E1),G,Q,-1.333,0.3069,3.75,4
139(E1),G,R,-0.4334,0.3556,7,4
139(E1),G,S,0.0757,0.07018,16,4
139(E1),G,T,-0.1346,0.2377,7,4
139(E1),G,V,-3.555,0.5956,8.5,4
139(E1),G,W,-1.793,0.2072,9.25,4
139(E1),G,Y,-1.167,0.5075,10.5,4
139(E2),E,*,-7.486,0,7.5,4
139(E2),E,-,-0.03645,0.2596,1,2
139(E2),E,A,-6.649,0,4.5,4
139(E2),E,C,-7.513,0,7,4
139(E2),E,D,-7.623,0,10.5,4
139(E2),E,E,0,0,,4
139(E2),E,F,-7.543,0,7.5,4
139(E2),E,G,-6.977,0,9.5,4
139(E2),E,H,-7.473,0,8.5,4
139(E2),E,I,-4.074,0.2951,6.5,4
139(E2),E,K,-7.518,0,20,4
139(E2),E,L,-7.466,0,10,4
139(E2),E,M,-7.479,0,7,4
139(E2),E,N,-7.255,0,8,4
139(E2),E,P,-7.575,0,7,4
139(E2),E,Q,-0.75,0.08979,8.5,4
139(E2),E,R,-7.364,0,7.5,4
139(E2),E,S,-6.941,0,7,4
139(E2),E,T,-7.174,0,5.5,4
139(E2),E,V,-3.937,0.3177,6,4
139(E2),E,W,-7.392,0,9,4
139(E2),E,Y,-7.492,0,7,4
14(6K),Q,*,-7.578,0,24.5,4
14(6K),Q,-,-1.119,1.538,2,4
14(6K),Q,A,0.00331,0.08875,6.5,4
14(6K),Q,C,0.02389,0.3674,6.5,4
14(6K),Q,D,-0.0606,0.2235,7.5,4
14(6K),Q,E,0.1805,0.06285,9.5,4
14(6K),Q,F,-0.3788,0.651,8,4
14(6K),Q,G,-0.3745,0.1524,10,4
14(6K),Q,H,-0.02185,0.2667,13.5,4
14(6K),Q,I,-0.1469,0.2623,5,4
14(6K),Q,K,-0.3738,0.3208,11.5,4
14(6K),Q,L,-0.0535,0.3473,9,4
14(6K),Q,M,-0.06111,0.1481,9.5,4
14(6K),Q,N,0.1241,0.06683,8,4
14(6K),Q,P,-0.3011,0.2746,7,4
14(6K),Q,Q,0,0,,4
14(6K),Q,R,0.01371,0.2929,9.5,4
14(6K),Q,S,-0.1732,0.2029,9.25,4
14(6K),Q,T,-0.0311,0.2285,10.5,4
14(6K),Q,V,0.1263,0.1596,7.5,4
14(6K),Q,W,0.04955,0.1064,7.5,4
14(6K),Q,Y,-0.2656,0.1519,10,4
14(E1),P,A,-0.154,0.2428,6,4
14(E1),P,C,0.1182,1.788,5,4
14(E1),P,D,-1.041,0.3683,6,4
14(E1),P,E,-0.7387,0.3115,3,4
14(E1),P,F,-1.002,0.5786,4,4
14(E1),P,G,-0.09387,0.2387,5.75,4
14(E1),P,H,-0.1034,0.2545,9.5,4
14(E1),P,I,-0.3709,0.4792,3,4
14(E1),P,K,0.08658,0.04091,6,4
14(E1),P,L,-0.4445,0.2671,12.5,4
14(E1),P,M,-0.1551,0.09489,6.25,4
14(E1),P,N,-0.2438,0.5776,4.5,4
14(E1),P,P,0,0,,4
14(E1),P,Q,-0.9038,1.009,1.5,4
14(E1),P,R,0.01213,0.6828,6.5,4
14(E1),P,S,0.1019,0.03534,23.25,4
14(E1),P,T,-0.4079,0.6169,7,4
14(E1),P,V,-0.3024,0.2676,5.5,4
14(E1),P,W,-0.3086,0.2355,7,4
14(E1),P,Y,-0.4744,0.3961,3.5,4
14(E2),P,*,-7.425,0,1,4
14(E2),P,-,-0.001275,0.1934,1.5,4
14(E2),P,A,-3.962,0.1587,7.5,4
14(E2),P,C,-7.54,0,4,4
14(E2),P,D,-7.542,0,5,4
14(E2),P,E,-6.938,0,5,4
14(E2),P,F,-7.572,0,9,4
14(E2),P,G,-7.334,0,5.5,4
14(E2),P,H,-7.616,0,8,4
14(E2),P,I,-7.542,0,8.5,4
14(E2),P,K,-7.542,0,7.5,4
14(E2),P,L,-7.612,0,13,4
14(E2),P,M,-7.464,0,8.5,4
14(E2),P,N,-7.482,0,8.5,4
14(E2),P,P,0,0,,4
14(E2),P,Q,-7.308,0,7.5,4
14(E2),P,R,-7.605,0,9,4
14(E2),P,S,-6.783,0,12,4
14(E2),P,T,-7.582,0,8,4
14(E2),P,V,-7.383,0,3.5,4
14(E2),P,W,-7.544,0,8.5,4
14(E2),P,Y,-7.579,0,8.5,4
14(E3),T,*,-7.588,0,11.5,4
14(E3),T,-,0.4541,0.1159,1,2
14(E3),T,A,0.04875,0.501,9,4
14(E3),T,C,-1.001,0.2216,6,4
14(E3),T,D,-1.269,0.5269,8.5,4
14(E3),T,E,-0.9935,0.3321,7,4
14(E3),T,F,-1.968,0.1956,15,4
14(E3),T,G,-0.4445,0.1478,7.5,4
14(E3),T,H,-0.1424,0.4726,8,4
14(E3),T,I,-0.7602,0.1942,11.5,4
14(E3),T,K,-0.4598,0.7544,7,4
14(E3),T,L,-0.2177,0.2454,10.5,4
14(E3),T,M,-0.3484,0.2485,10,4
14(E3),T,N,-0.3393,0.1808,7,4
14(E3),T,P,-1.143,0.1587,20.5,4
14(E3),T,Q,-0.02651,0.2933,9,4
14(E3),T,R,0.2416,0.06637,11.5,4
14(E3),T,S,-0.3922,0.3058,7.5,4
14(E3),T,T,0,0,,4
14(E3),T,V,-0.1051,0.2397,9,4
14(E3),T,W,-0.1826,0.4002,5,4
14(E3),T,Y,0.2033,0.2119,9.5,4
140(E1),N,-,-0.4138,0.03345,1,2
140(E1),N,A,-0.2264,0.1956,8,4
140(E1),N,C,-0.0213,0.1791,4.75,4
140(E1),N,D,-0.03915,0.1582,7,4
140(E1),N,E,-1.025,0.9153,5,4
140(E1),N,F,0.07315,0.2264,8.5,4
140(E1),N,G,0.1094,0.2025,7.5,4
140(E1),N,H,0.02484,0.09834,10,4
140(E1),N,I,0.0545,0.1715,7.5,4
140(E1),N,K,-0.1846,0.3887,5.5,4
140(E1),N,L,-0.4371,0.3105,5.5,4
140(E1),N,M,-0.09754,0.2368,10.75,4
140(E1),N,N,0,0,,4
140(E1),N,P,-5.639,0,11,4
140(E1),N,Q,0.1493,0.01314,5.5,4
140(E1),N,R,-0.2596,0.2904,5.5,4
140(E1),N,S,0.1021,0.07471,8,4
140(E1),N,T,-0.2676,0.1869,5.5,4
140(E1),N,V,-0.1264,0.2515,5,4
140(E1),N,W,-0.3178,0.2735,7.5,4
140(E1),N,Y,-0.2826,0.3777,6,4
140(E2),K,*,-6.26,0,0.5,2
140(E2),K,-,-7.412,0,1.5,2
140(E2),K,A,-0.1022,0.1148,8.5,4
140(E2),K,C,-3.244,0.5457,9.5,4
140(E2),K,D,-0.5212,0.672,7.5,4
140(E2),K,E,-1.37,0.814,6,4
140(E2),K,F,-1.394,0.543,11.5,4
140(E2),K,G,-3.92,0.9846,4.5,4
140(E2),K,H,-0.9304,0.154,7,4
140(E2),K,I,-0.1108,0.3447,9,4
140(E2),K,K,0,0,,4
140(E2),K,L,-1.212,0.316,11.5,4
140(E2),K,M,0.136,0.1262,7,4
140(E2),K,N,-1.721,0.1992,12.5,4
140(E2),K,P,-7.513,0,8.25,4
140(E2),K,Q,-0.2424,0.1263,12.5,4
140(E2),K,R,-0.1553,0.3112,6,4
140(E2),K,S,-1.593,0.1549,4,4
140(E2),K,T,-3.069,0.4584,10,4
140(E2),K,V,-0.0866,0.3961,5.5,4
140(E2),K,W,-1.633,0.4189,3.5,4
140(E2),K,Y,-2.87,0.8616,6.75,4
141(E1),N,-,-0.133,0.0094,0.5,2
141(E1),N,A,-1.794,0.3899,7.5,4
141(E1),N,C,-5.918,0,8.5,4
141(E1),N,D,-1.426,0.5188,8.5,4
141(E1),N,E,-2.59,0.2425,3.5,4
141(E1),N,F,-2.199,0.345,8.5,4
141(E1),N,G,-6.653,0,7.5,4
141(E1),N,H,-1.49,0.1843,6,4
141(E1),N,I,-3.338,0.501,11,4
141(E1),N,K,-2.502,0.4112,6,4
141(E1),N,L,-3.084,0.3102,12.5,4
141(E1),N,M,-2.397,0.6316,5.5,4
141(E1),N,N,0,0,,4
141(E1),N,P,-3.317,0.3311,12,4
141(E1),N,Q,-1.258,0.3889,10.5,4
141(E1),N,R,-1.288,0.4371,5,4
141(E1),N,S,-1.965,0.207,9,4
141(E1),N,T,-2.442,0.5409,8.5,4
141(E1),N,V,-2.023,0.1656,6.5,4
141(E1),N,W,-3.038,0.5658,7,4
141(E1),N,Y,-0.7119,0.5964,7,4
141(E2),F,-,-0.1573,0.4195,1,2
141(E2),F,A,-1.505,0.1695,4.5,4
141(E2),F,C,-2.691,0.3305,6,4
141(E2),F,D,-2.268,0.7326,6.5,4
141(E2),F,E,-4.028,0.3243,6,4
141(E2),F,F,0,0,,4
141(E2),F,G,-1.867,0.2016,7.5,4
141(E2),F,H,-0.6205,0.3526,6.5,4
141(E2),F,I,-1.923,0.6654,8.5,4
141(E2),F,K,-5.583,0,3,4
141(E2),F,L,-3.578,0.444,9.5,4
141(E2),F,M,-1.954,0.2623,5.5,4
141(E2),F,N,-2.274,0.4229,5.5,4
141(E2),F,P,-2.183,0.8614,5,4
141(E2),F,Q,-3.118,0.2769,6,4
141(E2),F,R,-6.454,0,4.5,4
141(E2),F,S,-0.8903,0.3905,9,4
141(E2),F,T,-0.9772,0.5848,4,4
141(E2),F,V,-1.652,0.2406,7.5,4
141(E2),F,W,-1.532,0.5304,6,4
141(E2),F,Y,-0.1856,0.6254,5.5,4
142(E1),V,-,-0.01754,0.00138,0.5,2
142(E1),V,A,-0.5283,0.4492,9.5,4
142(E1),V,C,-0.2467,0.1217,8,4
142(E1),V,D,-0.6212,0.551,4,4
142(E1),V,E,-0.04689,0.2007,7.5,4
142(E1),V,F,-0.3659,0.4018,7.5,4
142(E1),V,G,-0.7412,0.3437,6,4
142(E1),V,H,0.00464,0.2483,8,4
142(E1),V,I,-0.1556,0.46,5,4
142(E1),V,K,0.1315,0.07794,7.5,4
142(E1),V,L,0.1787,0.02928,15,4
142(E1),V,M,-0.1997,0.05879,13,4
142(E1),V,N,-0.9625,0.4017,6,4
142(E1),V,P,-7.511,0,5,4
142(E1),V,Q,-0.5116,0.6357,6,4
142(E1),V,R,-0.1095,0.0854,6,4
142(E1),V,S,-0.3027,1.69,3.5,4
142(E1),V,T,-0.3956,0.05069,9,4
142(E1),V,V,0,0,,4
142(E1),V,W,-0.314,0.2661,5,4
142(E1),V,Y,-0.4915,0.6379,8.5,4
142(E2),H,*,-7.652,0,0.5,2
142(E2),H,-,0.02005,0.6077,2,4
142(E2),H,A,0.1502,0.1477,4,4
142(E2),H,C,-0.9748,0.2358,10,4
142(E2),H,D,-0.932,0.1499,5.5,4
142(E2),H,E,-0.4936,0.2117,8.5,4
142(E2),H,F,0.1094,0.5487,4.5,4
142(E2),H,G,-0.829,0.3299,6.5,4
142(E2),H,H,0,0,,4
142(E2),H,I,-0.2999,0.1289,4.5,4
142(E2),H,K,-0.5654,0.3285,3.5,4
142(E2),H,L,-0.3587,0.3137,5,4
142(E2),H,M,-1.37,0.368,5.5,4
142(E2),H,N,-0.7768,0.5151,10,4
142(E2),H,P,-0.4635,0.06156,10,4
142(E2),H,Q,0.0634,0.3743,5.5,4
142(E2),H,R,-0.381,0.4136,7,4
142(E2),H,S,-0.4649,0.249,4,4
142(E2),H,T,-0.6865,0.0625,11,4
142(E2),H,V,-1.033,0.1845,5.5,4
142(E2),H,W,0.4066,0.09924,6.5,4
142(E2),H,Y,0.3811,0.1149,8.5,4
143(E1),T,-,-0.0546,0.004675,0.5,2
143(E1),T,A,-4.511,0.362,18,4
143(E1),T,C,-3.674,0.02135,7.5,4
143(E1),T,D,-4.404,0.2109,8.5,4
143(E1),T,E,-0.8139,0.1152,5.5,4
143(E1),T,F,-0.7639,0.2629,8.5,4
143(E1),T,G,-7.36,0,9,4
143(E1),T,H,-1.868,0.2751,7,4
143(E1),T,I,-0.9126,0.2266,22.25,4
143(E1),T,K,-3.752,0.4665,10,4
143(E1),T,L,-1.624,0.1242,7,4
143(E1),T,M,-1.458,0.3051,5.5,4
143(E1),T,N,-0.4186,0.4138,3.5,4
143(E1),T,P,-7.583,0,10,4
143(E1),T,Q,-2.405,0.1966,7,4
143(E1),T,R,-5.143,0,11,4
143(E1),T,S,-0.2318,0.2104,6.5,4
143(E1),T,T,0,0,,4
143(E1),T,V,-0.7942,0.4038,5.75,4
143(E1),T,W,-2.936,1.06,8.5,4
143(E1),T,Y,-1.089,0.1454,8.5,4
143(E2),S,-,-3.349,0.3571,3,4
143(E2),S,A,0.2726,0.117,8.5,4
143(E2),S,C,-1.997,0.2662,6.5,4
143(E2),S,D,-0.7833,0.2653,6,4
143(E2),S,E,-0.781,0.4567,7,4
143(E2),S,F,-0.7485,0.5122,8.5,4
143(E2),S,G,-0.0029,0.4128,10.5,4
143(E2),S,H,-1.097,0.3081,9,4
143(E2),S,I,-0.2163,0.08871,6.5,4
143(E2),S,K,-1.197,0.2832,8,4
143(E2),S,L,-0.9562,0.1464,6.5,4
143(E2),S,M,-0.8286,0.1237,9,4
143(E2),S,N,-0.2532,0.09155,25.5,4
143(E2),S,P,-2.586,0.504,6,4
143(E2),S,Q,-0.6097,0.3408,7.5,4
143(E2),S,R,-1.658,0.2262,13,4
143(E2),S,S,0,0,,4
143(E2),S,T,-0.8467,0.1823,9.5,4
143(E2),S,V,-0.8329,0.5184,6.5,4
143(E2),S,W,-1.581,0.4468,9.5,4
143(E2),S,Y,-0.639,0.4267,7,4
144(E1),V,-,-0.3074,0.0229,0.5,2
144(E1),V,A,-0.4607,0.1941,9.5,4
144(E1),V,C,-0.317,0.2071,6,4
144(E1),V,D,-7.599,0,7,4
144(E1),V,E,-5.333,0.1039,6.5,4
144(E1),V,F,0.1379,0.3156,5,4
144(E1),V,G,-3.012,0.1934,3,4
144(E1),V,H,-5.959,0,5,4
144(E1),V,I,-0.1932,0.2068,4,4
144(E1),V,K,-3.78,0.2762,7,4
144(E1),V,L,0.09805,0.08467,11.5,4
144(E1),V,M,-0.6787,0.4466,17,4
144(E1),V,N,-5.345,0,6.5,4
144(E1),V,P,-7.449,0,9.5,4
144(E1),V,Q,-0.6038,0.6902,1.5,4
144(E1),V,R,-3.857,0.4241,11.25,4
144(E1),V,S,-3.53,0.3357,8,4
144(E1),V,T,-0.5538,0.1283,5,4
144(E1),V,V,0,0,,4
144(E1),V,W,-0.4287,0.2373,15.5,4
144(E1),V,Y,-0.5881,0.1928,6,4
144(E2),R,*,-0.1898,0.08255,0.5,2
144(E2),R,-,-0.3404,0.248,0.5,2
144(E2),R,A,0.3796,0.07064,8.5,4
144(E2),R,C,-1.694,0.2778,9,4
144(E2),R,D,-1.101,0.1676,4.5,4
144(E2),R,E,-0.2583,0.3688,7,4
144(E2),R,F,-0.6835,0.3589,6.5,4
144(E2),R,G,-0.6342,0.3465,9.25,4
144(E2),R,H,-0.6079,0.3319,7.5,4
144(E2),R,I,0.0552,0.07849,13.5,4
144(E2),R,K,-0.3468,0.369,10,4
144(E2),R,L,-0.4303,0.09265,8.5,4
144(E2),R,M,-0.5313,0.2956,7.25,4
144(E2),R,N,-0.2836,0.5343,8,4
144(E2),R,P,-0.2649,0.1852,5.5,4
144(E2),R,Q,-1.294,1.505,5,4
144(E2),R,R,0,0,,4
144(E2),R,S,-0.6333,0.2689,5,4
144(E2),R,T,0.05616,0.08077,8,4
144(E2),R,V,-0.2376,0.2691,3.5,4
144(E2),R,W,-1.049,0.1748,11,4
144(E2),R,Y,-0.3232,0.2435,9,4
145(E1),S,-,-0.1087,0.06046,1,4
145(E1),S,A,-0.2437,0.1286,7,4
145(E1),S,C,0.1046,0.1477,5,4
145(E1),S,D,0.05732,0.191,4,4
145(E1),S,E,0.02636,0.1114,6,4
145(E1),S,F,-0.3368,0.2753,10,4
145(E1),S,G,0.2505,0.02785,5.5,4
145(E1),S,H,-0.1326,0.2433,6,4
145(E1),S,I,-0.4825,0.1687,6,4
145(E1),S,K,-0.0102,0.3247,4,4
145(E1),S,L,-0.3319,0.3044,6.5,4
145(E1),S,M,-0.136,0.3192,5,4
145(E1),S,N,-0.2379,0.2776,7,4
145(E1),S,P,-0.3824,0.3574,12.5,4
145(E1),S,Q,-0.3472,0.1509,5,4
145(E1),S,R,-0.0122,0.3135,6.5,4
145(E1),S,S,0,0,,4
145(E1),S,T,-0.1286,0.08339,8.5,4
145(E1),S,V,-0.5898,0.92,4,4
145(E1),S,W,-0.1891,0.4848,5.5,4
145(E1),S,Y,-0.3875,0.146,8.5,4
145(E2),P,-,-0.4361,0.2453,1,4
145(E2),P,A,-0.9778,0.3874,7,4
145(E2),P,C,-3.202,0.8183,5.5,4
145(E2),P,D,-2.226,0.4204,4.5,4
145(E2),P,E,-1.932,0.1949,5.5,4
145(E2),P,F,-1.063,0.193,6.5,4
145(E2),P,G,-1.164,0.2421,5,4
145(E2),P,H,-0.2508,0.3221,7.5,4
145(E2),P,I,-0.9882,0.6799,3,4
145(E2),P,K,-2.486,0.4964,5,4
145(E2),P,L,-1.331,1.344,3.5,4
145(E2),P,M,-1.601,0.2277,5.5,4
145(E2),P,N,-2.02,0.1926,8,4
145(E2),P,P,0,0,,4
145(E2),P,Q,-1.956,0.5587,4.5,4
145(E2),P,R,-2.433,0.1175,0.5,2
145(E2),P,S,-1.16,0.7177,6.5,4
145(E2),P,T,-0.8442,0.2156,10,4
145(E2),P,V,-0.8698,0.6877,4.5,4
145(E2),P,W,-0.4426,0.2906,1.5,4
145(E2),P,Y,-1.291,0.634,9,4
146(E1),A,-,0.1173,0.5792,1.5,4
146(E1),A,A,0,0,,4
146(E1),A,C,0.2092,0.06138,4.5,4
146(E1),A,D,-4.943,0,6,4
146(E1),A,E,-4.436,0.394,4,4
146(E1),A,F,-1.01,0.4102,9,4
146(E1),A,G,-0.03395,0.233,6,4
146(E1),A,H,-2.638,1.419,6,4
146(E1),A,I,-0.6305,0.1185,7.5,4
146(E1),A,K,-7.519,0,9.5,4
146(E1),A,L,-0.4086,0.2175,3.5,4
146(E1),A,M,-1.349,1.231,5,4
146(E1),A,N,-1.098,0.2676,6.5,4
146(E1),A,P,-0.8352,0.6159,5.5,4
146(E1),A,Q,-2.199,0.645,5.5,4
146(E1),A,R,-7.622,0,8.5,4
146(E1),A,S,-0.5068,0.3359,9,4
146(E1),A,T,-0.6866,0.2089,45.5,4
146(E1),A,V,0.0523,0.2302,7,4
146(E1),A,W,-7.431,0,4.75,4
146(E1),A,Y,-1.825,0.486,5,4
146(E2),Q,*,-7.034,0,6,4
146(E2),Q,-,-3.659,0.6145,1,2
146(E2),Q,A,0.4156,0.02772,8.5,4
146(E2),Q,C,-1.788,0.3368,7,4
146(E2),Q,D,0.06221,0.1438,9.5,4
146(E2),Q,E,-0.1966,0.3387,5.5,4
146(E2),Q,F,0.5282,0.1372,7,4
146(E2),Q,G,0.04435,0.3714,9.25,4
146(E2),Q,H,-0.1829,0.08787,12,4
146(E2),Q,I,0.5132,0.1501,9.5,4
146(E2),Q,K,-1.607,0.1394,10.5,4
146(E2),Q,L,0.3301,0.2396,9,4
146(E2),Q,M,0.4667,0.2333,8,4
146(E2),Q,N,-0.6416,0.5895,9,4
146(E2),Q,P,0.1639,0.3297,7,4
146(E2),Q,Q,0,0,,4
146(E2),Q,R,-2.554,0.2518,7.5,4
146(E2),Q,S,0.4888,0.161,6,4
146(E2),Q,T,0.4676,0.09306,7,4
146(E2),Q,V,0.2849,0.1182,6,4
146(E2),Q,W,0.4899,0.1006,4.5,4
146(E2),Q,Y,-0.4483,0.1959,7.5,4
147(E1),Y,*,-7.291,0,10,4
147(E1),Y,-,-0.2122,0.01925,0.5,2
147(E1),Y,A,-2.494,0.9381,8.5,4
147(E1),Y,C,-7.566,0,8.5,4
147(E1),Y,D,-3.718,0.207,7.5,4
147(E1),Y,E,-2.724,1.441,5,4
147(E1),Y,F,-0.1874,0.1899,6.5,4
147(E1),Y,G,-6.405,0,4,4
147(E1),Y,H,-0.01707,0.1164,12,4
147(E1),Y,I,-7.222,0,3.5,4
147(E1),Y,K,-7.614,0,6,4
147(E1),Y,L,-7.522,0,7,4
147(E1),Y,M,-3.327,0.191,6.5,4
147(E1),Y,N,-2.739,0.3123,6,4
147(E1),Y,P,-7.562,0,5.25,4
147(E1),Y,Q,-2.673,0.8302,7.5,4
147(E1),Y,R,-2.841,0.4855,5,4
147(E1),Y,S,-3.291,0.3704,8.5,4
147(E1),Y,T,-3.253,0.115,5,4
147(E1),Y,V,-7.082,0,6,4
147(E1),Y,W,0.02241,0.2097,6.5,4
147(E1),Y,Y,0,0,,4
147(E2),H,-,-0.7699,0.0475,0.5,2
147(E2),H,A,-0.01106,0.1017,8.5,4
147(E2),H,C,-2.571,0.4062,5,4
147(E2),H,D,0.1813,0.1731,7,4
147(E2),H,E,-0.6704,0.2725,6,4
147(E2),H,F,0.2487,0.1205,6,4
147(E2),H,G,0.0168,0.3476,4.5,4
147(E2),H,H,0,0,,4
147(E2),H,I,0.002711,0.06851,7,4
147(E2),H,K,-0.4201,0.3484,9,4
147(E2),H,L,-1.01,0.6736,3.5,4
147(E2),H,M,-1.035,0.9624,4.5,4
147(E2),H,N,-0.4323,0.4213,12,4
147(E2),H,P,-2.711,1.22,4.5,4
147(E2),H,Q,-0.1481,0.121,7.5,4
147(E2),H,R,-0.6201,0.5259,4.5,4
147(E2),H,S,-0.3861,0.2002,7,4
147(E2),H,T,-0.1629,0.1792,7,4
147(E2),H,V,0.1755,0.1887,7.5,4
147(E2),H,W,0.4473,0.1809,4,4
147(E2),H,Y,0.1605,0.1071,16.25,4
148(E1),A,-,-0.9442,0.5952,3,4
148(E1),A,A,0,0,,4
148(E1),A,C,-0.421,0.08024,5,4
148(E1),A,D,-2.963,0.5429,16,4
148(E1),A,E,-3.312,0.3787,5,4
148(E1),A,F,-1.584,0.3467,10.5,4
148(E1),A,G,-0.8267,0.1459,7.5,4
148(E1),A,H,-3.607,0.6276,9.5,4
148(E1),A,I,-0.1102,0.2654,8,4
148(E1),A,K,-7.404,0,9.5,4
148(E1),A,L,-0.4451,0.2664,11,4
148(E1),A,M,-0.2797,0.3222,6.5,4
148(E1),A,N,-1.821,1.293,4,4
148(E1),A,P,-0.7139,0.1664,9,4
148(E1),A,Q,-2.288,0.1037,8.5,4
148(E1),A,R,-7.286,0,6.5,4
148(E1),A,S,-1.142,0.165,9,4
148(E1),A,T,-0.7149,0.145,27.5,4
148(E1),A,V,-0.2085,0.09695,13,4
148(E1),A,W,-6.551,0,8,4
148(E1),A,Y,-6.603,0,5.5,4
148(E2),G,*,-6.054,0.004763,4,4
148(E2),G,-,-0.5556,0.01625,0.5,2
148(E2),G,A,-1.729,1.117,6.5,4
148(E2),G,C,-5.736,0,6,4
148(E2),G,D,-2.735,0.3039,5.5,4
148(E2),G,E,-2.296,0.3243,16.5,4
148(E2),G,F,-0.8053,0.6568,6.5,4
148(E2),G,G,0,0,,4
148(E2),G,H,-1.494,0.2091,7.5,4
148(E2),G,I,-2.079,0.1816,11,4
148(E2),G,K,-5.877,0,4.5,4
148(E2),G,L,-3.74,0.5948,5.5,4
148(E2),G,M,-2.462,0.2547,5.5,4
148(E2),G,N,-3.428,0.6061,4,4
148(E2),G,P,-4.409,0.06798,8.5,4
148(E2),G,Q,-3.12,0.161,5,4
148(E2),G,R,-7.059,0,15,4
148(E2),G,S,-2.393,0.6511,8.5,4
148(E2),G,T,-1.667,0.1415,9,4
148(E2),G,V,-1.964,0.7224,14,4
148(E2),G,W,-0.6691,0.3228,3.5,4
148(E2),G,Y,-0.725,0.3516,5,4
149(E1),N,-,-0.8944,0.6464,3.5,4
149(E1),N,A,-1.633,0.1204,5.5,4
149(E1),N,C,-2.396,1.426,2.5,4
149(E1),N,D,-0.1658,0.4512,6.5,4
149(E1),N,E,-0.5993,0.2594,5.5,4
149(E1),N,F,-1.26,0.6641,8.5,4
149(E1),N,G,0.1818,0.1293,4.5,4
149(E1),N,H,0.1911,1.201,5,4
149(E1),N,I,-0.9614,0.718,6.5,4
149(E1),N,K,-0.5572,0.181,7.75,4
149(E1),N,L,-0.4727,0.2275,7,4
149(E1),N,M,-0.1926,0.3495,4.5,4
149(E1),N,N,0,0,,4
149(E1),N,P,-2.65,0.6917,7.5,4
149(E1),N,Q,-0.3791,0.1118,7,4
149(E1),N,R,-1.354,0.7531,9,4
149(E1),N,S,-0.8521,0.6986,5,4
149(E1),N,T,-0.08993,0.5936,4.5,4
149(E1),N,V,-1.301,0.6693,7.5,4
149(E1),N,W,-0.7323,0.395,8,4
149(E1),N,Y,0.00175,0.248,3,4
149(E2),R,*,-7.407,0,1.5,4
149(E2),R,-,-0.49,0.02795,0.5,2
149(E2),R,A,-0.3522,0.1048,7.5,4
149(E2),R,C,-0.7247,0.3051,8,4
149(E2),R,D,-0.7053,0.4924,8.5,4
149(E2),R,E,-2.523,1.822,3.5,4
149(E2),R,F,-0.1067,0.377,6.5,4
149(E2),R,G,-0.8356,0.4218,9,4
149(E2),R,H,-1.029,0.2721,5.5,4
149(E2),R,I,0.2335,0.211,11.5,4
149(E2),R,K,0.2742,0.1082,16,4
149(E2),R,L,0.283,0.1887,8.5,4
149(E2),R,M,0.2272,0.3104,6.5,4
149(E2),R,N,-0.8151,0.1419,6.5,4
149(E2),R,P,0.04245,0.8243,4.5,4
149(E2),R,Q,-1.057,0.3213,6,4
149(E2),R,R,0,0,,4
149(E2),R,S,-0.4831,0.1796,11.5,4
149(E2),R,T,0.09038,0.1874,9.5,4
149(E2),R,V,0.1322,0.4957,7,4
149(E2),R,W,-1.538,0.2508,6,4
149(E2),R,Y,-0.3432,0.4118,5.5,4
15(6K),Q,*,-7.611,0,9,4
15(6K),Q,-,-0.5641,0.1362,0.5,2
15(6K),Q,A,0.1874,0.08891,7,4
15(6K),Q,C,-0.000315,0.06456,7,4
15(6K),Q,D,-0.02218,0.1357,10.5,4
15(6K),Q,E,0.1491,0.05697,12,4
15(6K),Q,F,0.1207,0.1184,5.25,4
15(6K),Q,G,-0.1147,0.3451,7.5,4
15(6K),Q,H,-0.0927,0.3603,6.5,4
15(6K),Q,I,-0.03685,0.2483,9.5,4
15(6K),Q,K,-0.1585,0.2991,10,4
15(6K),Q,L,-0.2173,0.2005,8,4
15(6K),Q,M,-0.1054,0.2449,12.5,4
15(6K),Q,N,0.05944,0.09708,8,4
15(6K),Q,P,-0.1325,0.2649,12.5,4
15(6K),Q,Q,0,0,,4
15(6K),Q,R,0.2318,0.1975,4,4
15(6K),Q,S,0.1666,0.1102,7,4
15(6K),Q,T,-0.1915,0.2672,9,4
15(6K),Q,V,0.1371,0.01773,8.5,4
15(6K),Q,W,-0.5472,0.6866,6,4
15(6K),Q,Y,-0.01489,0.2117,5.25,4
15(E1),Y,*,-7.665,0,4,4
15(E1),Y,-,-0.2777,0.07975,2,2
15(E1),Y,A,-0.2455,0.05202,8,4
15(E1),Y,C,-0.6853,0.9589,8.5,4
15(E1),Y,D,-3.2,0.3658,13,4
15(E1),Y,E,-1.593,0.4414,5,4
15(E1),Y,F,-0.1389,0.3459,10.5,4
15(E1),Y,G,-1.264,0.1753,6.5,4
15(E1),Y,H,-0.5155,0.1606,13,4
15(E1),Y,I,-0.5875,0.1863,11,4
15(E1),Y,K,-0.536,0.3445,11,4
15(E1),Y,L,-0.6895,0.3576,8.5,4
15(E1),Y,M,-0.2393,0.2227,8,4
15(E1),Y,N,-5.955,0,9.5,4
15(E1),Y,P,-7.594,0,6.5,4
15(E1),Y,Q,-1.011,0.4354,6.5,4
15(E1),Y,R,-0.1501,0.2955,4.5,4
15(E1),Y,S,0.0757,0.2549,8,4
15(E1),Y,T,-0.251,0.2341,8.5,4
15(E1),Y,V,-0.2355,0.4751,7.5,4
15(E1),Y,W,-0.6467,0.7257,4.5,4
15(E1),Y,Y,0,0,,4
15(E2),Y,*,-6.79,0,4.5,4
15(E2),Y,-,-0.1708,0.1408,1,4
15(E2),Y,A,-7.656,0,7,4
15(E2),Y,C,-7.351,0,3.5,4
15(E2),Y,D,-7.508,0,11.5,4
15(E2),Y,E,-7.522,0,9,4
15(E2),Y,F,-7.386,0,8,4
15(E2),Y,G,-7.325,0,6.5,4
15(E2),Y,H,-7.446,0,10.5,4
15(E2),Y,I,-7.439,0,9,4
15(E2),Y,K,-7.152,0,7,4
15(E2),Y,L,-7.587,0,7.5,4
15(E2),Y,M,-7.377,0,11.5,4
15(E2),Y,N,-7.324,0,9.5,4
15(E2),Y,P,-7.55,0,6.5,4
15(E2),Y,Q,-7.54,0,7.5,4
15(E2),Y,R,-6.621,0,4,4
15(E2),Y,S,-7.439,0,4.5,4
15(E2),Y,T,-7.527,0,9.75,4
15(E2),Y,V,-7.521,0,9.5,4
15(E2),Y,W,-7.492,0,10.5,4
15(E2),Y,Y,0,0,,4
15(E3),F,-,-3.263,0.4225,2,2
15(E3),F,A,-0.74,0.2419,12,4
15(E3),F,C,-1.341,0.07597,6,4
15(E3),F,D,-3.157,0.444,7.5,4
15(E3),F,E,-5.19,0.03681,5,4
15(E3),F,F,0,0,,4
15(E3),F,G,-1.819,0.175,9.25,4
15(E3),F,H,-0.7782,0.1748,8,4
15(E3),F,I,-0.09762,0.06899,9,4
15(E3),F,K,-3.054,0.2412,6,4
15(E3),F,L,-0.4696,0.4453,8,4
15(E3),F,M,-0.4462,0.3116,8.25,4
15(E3),F,N,-1.728,0.2235,7,4
15(E3),F,P,-1.684,0.3818,12,4
15(E3),F,Q,-1.419,0.7778,9,4
15(E3),F,R,-2.192,0.4937,11.5,4
15(E3),F,S,-1.77,0.3168,8,4
15(E3),F,T,-1.318,0.224,10.5,4
15(E3),F,V,-0.4085,0.3307,10.5,4
15(E3),F,W,0.0055,0.5138,5.5,4
15(E3),F,Y,-0.7368,1.146,9,4
150(E1),G,-,-4.13,1.192,4,4
150(E1),G,A,-0.7744,0.3291,7.5,4
150(E1),G,C,-7.588,0,9.5,4
150(E1),G,D,-1.594,0.3538,15.75,4
150(E1),G,E,-3.295,0.4673,4.5,4
150(E1),G,F,-1.984,0.6723,6,4
150(E1),G,G,0,0,,4
150(E1),G,H,-3.232,0.3457,7.5,4
150(E1),G,I,-4.185,0.2674,9.5,4
150(E1),G,K,-7.565,0,8.5,4
150(E1),G,L,-4.522,0.03897,8.5,4
150(E1),G,M,-2.439,1.042,6,4
150(E1),G,N,-3.889,0.4147,4,4
150(E1),G,P,-7.547,0,9,4
150(E1),G,Q,-1.466,0.3416,8.5,4
150(E1),G,R,-7.244,0,5,4
150(E1),G,S,-1.369,0.2959,11,4
150(E1),G,T,-2.604,0.2406,7,4
150(E1),G,V,-3.702,0.5861,10,4
150(E1),G,W,-3.013,0.3508,6,4
150(E1),G,Y,-2.804,0.6477,10,4
150(E2),E,*,-7.225,0,4.5,4
150(E2),E,-,-0.1251,0.0027,0.5,2
150(E2),E,A,-1.733,0.5003,8,4
150(E2),E,C,-1.051,0.1212,6.5,4
150(E2),E,D,0.3105,0.1866,10.5,4
150(E2),E,E,0,0,,4
150(E2),E,F,-1.752,0.2533,10,4
150(E2),E,G,-2.134,0.4413,5.5,4
150(E2),E,H,-2.535,0.1973,5.5,4
150(E2),E,I,-2.107,0.5509,7.5,4
150(E2),E,K,-3.301,0.3419,11,4
150(E2),E,L,-1.511,1.63,6,4
150(E2),E,M,-1.531,0.3794,9.5,4
150(E2),E,N,-1.348,0.5398,6,4
150(E2),E,P,-2.112,0.7504,8,4
150(E2),E,Q,-1.683,0.7494,5.5,4
150(E2),E,R,-6.117,0,6,4
150(E2),E,S,-1.467,0.1936,8,4
150(E2),E,T,-1.849,0.3114,6,4
150(E2),E,V,-1.492,0.7459,4.5,4
150(E2),E,W,-1.941,0.2981,9,4
150(E2),E,Y,-1.822,0.332,8.5,4
151(E1),D,-,-0.2743,0.0655,2.5,2
151(E1),D,A,-0.2937,0.1185,5.5,4
151(E1),D,C,-2.768,1.051,5,4
151(E1),D,D,0,0,,4
151(E1),D,E,-0.1291,0.4115,8,4
151(E1),D,F,0.106,0.07276,6.5,4
151(E1),D,G,-0.2213,0.07967,9,4
151(E1),D,H,0.1887,0.1149,9,4
151(E1),D,I,0.1605,0.135,7,4
151(E1),D,K,-7.334,0,9,4
151(E1),D,L,0.1291,0.1466,9,4
151(E1),D,M,0.06874,0.3627,7,4
151(E1),D,N,-0.1982,0.3684,15.5,4
151(E1),D,P,-2.538,0.2768,6.5,4
151(E1),D,Q,-0.464,0.286,7,4
151(E1),D,R,-7.624,0,6,4
151(E1),D,S,-7.52,0,6.5,4
151(E1),D,T,-7.649,0,6.5,4
151(E1),D,V,0.1581,0.04244,5.5,4
151(E1),D,W,0.2394,0.02068,5.5,4
151(E1),D,Y,0.1956,0.04389,12,4
151(E2),L,-,-0.517,0.03355,0.5,2
151(E2),L,A,-2.319,0.6971,7,4
151(E2),L,C,-7.151,0,5,4
151(E2),L,D,-7.482,0,8.5,4
151(E2),L,E,-1.857,0.4815,4,4
151(E2),L,F,-1.007,0.9001,5.5,4
151(E2),L,G,-7.461,0,7,4
151(E2),L,H,-3.583,0.4345,3.5,4
151(E2),L,I,-0.6441,0.4456,6.5,4
151(E2),L,K,-5.011,0.01732,6,4
151(E2),L,L,0,0,,4
151(E2),L,M,0.1981,0.3143,8.5,4
151(E2),L,N,-7.371,0,5,4
151(E2),L,P,-7.583,0,8.5,4
151(E2),L,Q,-2.931,0.3528,6.5,4
151(E2),L,R,-4.514,0.1975,7,4
151(E2),L,S,-6.904,0,3,4
151(E2),L,T,-3.013,0.4571,4,4
151(E2),L,V,-0.2521,0.1023,12,4
151(E2),L,W,-2.019,0.6228,4.75,4
151(E2),L,Y,-0.7265,0.1272,7.5,4
152(E1),H,-,-0.6371,0.077,2.5,2
152(E1),H,A,-1.387,0.4742,3.5,4
152(E1),H,C,-1.593,0.7757,6.5,4
152(E1),H,D,-0.8622,0.4401,5,4
152(E1),H,E,-0.3055,0.2701,6,4
152(E1),H,F,-0.4022,0.1231,6.5,4
152(E1),H,G,0.04098,0.08904,7.25,4
152(E1),H,H,0,0,,4
152(E1),H,I,-2.078,1.434,7,4
152(E1),H,K,-0.01116,0.1743,5.5,4
152(E1),H,L,-0.2812,0.1891,7,4
152(E1),H,M,-0.09134,0.2123,6.5,4
152(E1),H,N,-0.2727,0.3309,11,4
152(E1),H,P,-3.258,0.2807,4,4
152(E1),H,Q,-0.4768,0.3424,9,4
152(E1),H,R,-0.08067,0.2263,8,4
152(E1),H,S,-0.263,0.05336,9,4
152(E1),H,T,-0.08015,0.3376,4.5,4
152(E1),H,V,-0.6849,0.7037,5.5,4
152(E1),H,W,-0.09095,0.3448,5,4
152(E1),H,Y,-0.58,0.4514,7,4
152(E2),P,A,-0.9306,0.6552,6,4
152(E2),P,C,-5.066,0,4.5,4
152(E2),P,D,0.09424,0.1045,5,4
152(E2),P,E,-1.107,0.505,5,4
152(E2),P,F,-2.715,0.0597,8,4
152(E2),P,G,-1.353,0.4803,4.5,4
152(E2),P,H,-1.752,0.3227,7,4
152(E2),P,I,-2.479,1.026,3.5,4
152(E2),P,K,-3.679,0.1912,7,4
152(E2),P,L,-0.9156,0.1518,6,4
152(E2),P,M,-1.011,0.271,4,4
152(E2),P,N,-1.224,0.3354,8.5,4
152(E2),P,P,0,0,,4
152(E2),P,Q,-0.05606,0.4221,5.5,4
152(E2),P,R,-2.465,0.3913,4,4
152(E2),P,S,-0.9137,0.3792,16,4
152(E2),P,T,-1.413,0.3952,9.5,4
152(E2),P,V,-1.059,0.21,10,4
152(E2),P,W,-1.529,0.9853,5.5,4
152(E2),P,Y,-2.723,0.7103,6,4
153(E1),A,-,-0.1725,0.0168,2,2
153(E1),A,A,0,0,,4
153(E1),A,C,-1.154,0.1366,4,4
153(E1),A,D,-0.4306,0.3004,9.5,4
153(E1),A,E,-0.3614,0.2132,41,4
153(E1),A,F,-0.2509,0.1956,4.5,4
153(E1),A,G,0.1129,0.202,4.5,4
153(E1),A,H,0.2348,0.09033,9.5,4
153(E1),A,I,0.0424,0.2041,6.5,4
153(E1),A,K,-0.0083,0.37,5,4
153(E1),A,L,0.2475,0.02842,2,4
153(E1),A,M,-0.07842,0.04869,8,4
153(E1),A,N,-1.293,0.08838,7.5,4
153(E1),A,P,0.0447,0.09819,9.5,4
153(E1),A,Q,0.2404,0.0177,4,4
153(E1),A,R,0.08046,0.1219,9,4
153(E1),A,S,0.1275,0.07863,5.5,4
153(E1),A,T,0.03787,0.1004,13.25,4
153(E1),A,V,0.1449,0.06178,61.75,4
153(E1),A,W,-0.1971,0.08129,4.5,4
153(E1),A,Y,0.192,0.03521,4,4
153(E2),C,*,-7.688,0,0.5,2
153(E2),C,A,-7.564,0,8,4
153(E2),C,C,0,0,,4
153(E2),C,D,-7.479,0,7.5,4
153(E2),C,E,-7.503,0,5.5,4
153(E2),C,F,-7.575,0,12,4
153(E2),C,G,-7.538,0,5,4
153(E2),C,H,-7.615,0,6.5,4
153(E2),C,I,-7.637,0,7,4
153(E2),C,K,-7.517,0,4,4
153(E2),C,L,-7.653,0,9,4
153(E2),C,M,-7.486,0,4,4
153(E2),C,N,-7.489,0,4.5,4
153(E2),C,P,-7.393,0,4,4
153(E2),C,Q,-7.427,0,8.5,4
153(E2),C,R,-7.496,0,7,4
153(E2),C,S,-7.017,0,4.5,4
153(E2),C,T,-7.569,0,9.5,4
153(E2),C,V,-7.313,0,6.5,4
153(E2),C,W,-7.359,0,6.5,4
153(E2),C,Y,-7.567,0,16.5,4
154(E1),V,-,-0.4595,0.7133,3.5,4
154(E1),V,A,-0.7957,0.2175,4,4
154(E1),V,C,-0.4706,0.2067,6.5,4
154(E1),V,E,-0.4078,0.2582,7,4
154(E1),V,F,-1.125,1.392,6.5,4
154(E1),V,G,-0.8441,0.09047,40.5,4
154(E1),V,H,-0.9332,0.3595,1.5,4
154(E1),V,I,-1.181,0.3389,5,4
154(E1),V,K,-0.1738,0.1733,7,4
154(E1),V,L,-0.6734,0.3157,12,4
154(E1),V,M,-0.4631,0.4871,10.5,4
154(E1),V,N,-0.8886,1.119,3,4
154(E1),V,P,-6.947,0,5.5,4
154(E1),V,Q,-0.4052,0.1815,6,4
154(E1),V,R,-0.4004,0.3451,6.5,4
154(E1),V,S,-0.9695,0.4744,4,4
154(E1),V,T,0.00865,0.2821,9,4
154(E1),V,V,0,0,,4
154(E1),V,W,-0.7096,0.3766,5,4
154(E1),V,Y,-1.672,1.693,1,4
154(E2),S,-,-1.327,0.4102,0.5,2
154(E2),S,A,-7.152,0,8.25,4
154(E2),S,C,-7.532,0,5.5,4
154(E2),S,D,-7.489,0,6.5,4
154(E2),S,E,-7.56,0,9,4
154(E2),S,F,-7.138,0,9,4
154(E2),S,G,-7.553,0,12.5,4
154(E2),S,H,-7.348,0,7.5,4
154(E2),S,I,-7.519,0,8,4
154(E2),S,K,-7.565,0,7,4
154(E2),S,L,-7.466,0,8.5,4
154(E2),S,M,-7.481,0,6,4
154(E2),S,N,-7.183,0,16.5,4
154(E2),S,P,-7.593,0,10,4
154(E2),S,Q,-7.462,0,4.5,4
154(E2),S,R,-7.655,0,11.5,4
154(E2),S,S,0,0,,4
154(E2),S,T,-0.3349,0.1915,8.5,4
154(E2),S,V,-5.316,0,10.5,4
154(E2),S,W,-7.473,0,9.5,4
154(E2),S,Y,-7.476,0,13.5,4
155(E1),T,-,-0.5709,0.0612,3.5,4
155(E1),T,A,0.1364,0.138,9,4
155(E1),T,C,-0.1042,0.2729,6,4
155(E1),T,D,0.004925,0.3584,8,4
155(E1),T,E,-0.4869,0.2908,2.75,4
155(E1),T,F,-2.128,1.612,5,4
155(E1),T,G,-0.122,0.3663,9.5,4
155(E1),T,H,0.1919,0.05995,6.5,4
155(E1),T,I,-0.1058,0.01923,16.5,4
155(E1),T,K,0.04275,0.3346,4.5,4
155(E1),T,L,-0.3976,0.2147,3,4
155(E1),T,M,0.00885,0.2088,3.5,4
155(E1),T,N,-0.07767,0.1773,9,4
155(E1),T,P,-0.2609,0.09564,5.5,4
155(E1),T,Q,-0.3364,0.2118,4.5,4
155(E1),T,R,0.2428,0.02012,4,4
155(E1),T,S,-0.7561,0.7012,8,4
155(E1),T,T,0,0,,4
155(E1),T,V,-0.03752,0.1007,4.5,4
155(E1),T,W,-0.6862,0.4342,3.25,4
155(E1),T,Y,0.02309,0.2337,5.5,4
155(E2),T,-,-4.069,1.571,1,4
155(E2),T,A,-4.94,0,10.5,4
155(E2),T,C,-7.374,0,9,4
155(E2),T,D,-7.497,0,7.5,4
155(E2),T,E,-6.258,0,9.5,4
155(E2),T,F,-7.52,0,12.5,4
155(E2),T,G,-5.468,0,4.5,4
155(E2),T,H,-7.122,0,6.5,4
155(E2),T,I,-4.373,0,10.25,4
155(E2),T,K,-7.024,0,12,4
155(E2),T,L,-7.149,0,8.5,4
155(E2),T,M,-6.15,0,5.5,4
155(E2),T,N,-7.338,0,9,4
155(E2),T,P,-7.5,0,11,4
155(E2),T,Q,-6.002,0,6.5,4
155(E2),T,R,-7.449,0,6,4
155(E2),T,S,-0.6623,0.1383,7.5,4
155(E2),T,T,0,0,,4
155(E2),T,V,-4.05,0.4662,5.5,4
155(E2),T,W,-7.556,0,6,4
155(E2),T,Y,-7.231,0,5,4
156(E1),V,-,-0.3479,0.01885,3,2
156(E1),V,A,-0.1832,0.1271,12.5,4
156(E1),V,C,-0.1633,0.1121,5,4
156(E1),V,D,0.05773,0.0711,4,4
156(E1),V,E,-0.1756,0.2663,4,4
156(E1),V,F,-0.9538,0.6574,7.5,4
156(E1),V,G,0.06222,0.2056,7,4
156(E1),V,H,0.2319,0.09279,5.5,4
156(E1),V,I,-0.07921,0.2133,5,4
156(E1),V,K,-1.115,0.4452,5,4
156(E1),V,L,-0.1678,0.1528,9.5,4
156(E1),V,M,-0.1887,0.1867,22,4
156(E1),V,N,-1.538,0.3179,8,4
156(E1),V,P,-3.152,0.3056,6,4
156(E1),V,Q,0.05615,0.1516,7,4
156(E1),V,R,-0.04445,0.2646,5,4
156(E1),V,S,-0.3746,0.1117,6,4
156(E1),V,T,0.0317,0.05435,8.5,4
156(E1),V,V,0,0,,4
156(E1),V,W,-0.4169,0.1513,5.5,4
156(E1),V,Y,0.04445,0.24,7,4
156(E2),Y,*,-7.681,0,8.5,4
156(E2),Y,-,-1.265,0.1155,0.5,2
156(E2),Y,A,-7.201,0,2,4
156(E2),Y,C,-7.556,0,11.5,4
156(E2),Y,D,-7.66,0,7.5,4
156(E2),Y,E,-7.423,0,6.5,4
156(E2),Y,F,-3.888,0.716,4.5,4
156(E2),Y,G,-7.113,0,4,4
156(E2),Y,H,-7.713,0,11,4
156(E2),Y,I,-7.546,0,6,4
156(E2),Y,K,-6.892,0,5,4
156(E2),Y,L,-7.66,0,8.5,4
156(E2),Y,M,-7.135,0,3,4
156(E2),Y,N,-7.377,0,8.5,4
156(E2),Y,P,-7.364,0,5.5,4
156(E2),Y,Q,-7.386,0,11,4
156(E2),Y,R,-6.926,0,6.5,4
156(E2),Y,S,-7.667,0,7.5,4
156(E2),Y,T,-7.51,0,10,4
156(E2),Y,V,-7.582,0,6,4
156(E2),Y,W,-4.119,0.4414,6.5,4
156(E2),Y,Y,0,0,,4
157(E1),K,*,-4.338,0.1005,0.5,2
157(E1),K,-,-0.6018,0.1113,3.5,4
157(E1),K,A,0.2016,0.06721,4.5,4
157(E1),K,C,-0.7582,0.3687,7.5,4
157(E1),K,D,-0.2559,0.2869,3.5,4
157(E1),K,E,-0.3342,0.3837,9.5,4
157(E1),K,F,-0.579,0.1173,9,4
157(E1),K,G,-0.1491,0.178,7.5,4
157(E1),K,H,0.154,0.1442,5,4
157(E1),K,I,-0.4516,0.326,3,4
157(E1),K,K,0,0,,4
157(E1),K,L,-0.1753,0.2736,7.5,4
157(E1),K,M,-0.483,0.394,9,4
157(E1),K,N,-0.1218,0.1311,13.5,4
157(E1),K,P,-1.384,0.2232,8.5,4
157(E1),K,Q,-0.1602,0.3435,7.5,4
157(E1),K,R,0.05359,0.0233,11,4
157(E1),K,S,-0.1748,0.1597,8.5,4
157(E1),K,T,-0.09235,0.09479,8.5,4
157(E1),K,V,-0.09559,0.1542,6,4
157(E1),K,W,-0.3053,0.4934,5,4
157(E1),K,Y,-0.503,0.1392,5.5,4
157(E2),A,A,0,0,,4
157(E2),A,C,-1.566,0.2154,7.5,4
157(E2),A,D,-0.2068,0.3111,7,4
157(E2),A,E,0.1477,0.1979,4,4
157(E2),A,F,-3.807,1.157,4,4
157(E2),A,G,-0.3741,0.3232,4,4
157(E2),A,H,-1.52,0.8834,4.5,4
157(E2),A,I,0.07223,0.05492,5.5,4
157(E2),A,K,-0.4385,0.5707,4,4
157(E2),A,L,0.1929,0.09076,3.5,4
157(E2),A,M,-0.2165,0.3273,4.5,4
157(E2),A,N,0.4937,0.1227,2.5,4
157(E2),A,P,-7.129,0,6.5,4
157(E2),A,Q,0.3969,0.2256,5,4
157(E2),A,R,-0.3224,0.2798,5.5,4
157(E2),A,S,0.4051,0.2521,9.5,4
157(E2),A,T,0.06478,0.2328,12.5,4
157(E2),A,V,0.2182,0.1059,12,4
157(E2),A,W,-1.86,1.306,4.25,4
157(E2),A,Y,-0.8922,0.1625,6,4
158(E1),D,*,-7.23,0,0.5,2
158(E1),D,-,-0.3028,0.1865,3.5,4
158(E1),D,A,0.05268,0.09238,7,4
158(E1),D,C,-2.673,0.4044,11.25,4
158(E1),D,D,0,0,,4
158(E1),D,E,0.04645,0.2027,9.5,4
158(E1),D,F,-0.2374,0.4372,4,4
158(E1),D,G,0.1718,0.08451,8.5,4
158(E1),D,H,0.2175,0.08373,4.5,4
158(E1),D,I,-2.96,0.2032,6.5,4
158(E1),D,K,0.1658,0.1341,4.25,4
158(E1),D,L,-0.7379,0.7597,4,4
158(E1),D,M,-0.6793,0.6046,7.5,4
158(E1),D,N,0.0522,0.1678,14.25,4
158(E1),D,P,-3.241,0.8171,5,4
158(E1),D,Q,0.2434,0.09805,5,4
158(E1),D,R,-0.202,0.05903,6.5,4
158(E1),D,S,-0.362,0.4056,5.5,4
158(E1),D,T,0.1278,0.1776,8,4
158(E1),D,V,-1.893,0.3259,6,4
158(E1),D,W,-0.2425,0.5365,7,4
158(E1),D,Y,-0.2157,0.4491,13,4
158(E2),Q,*,-6.852,0,2,2
158(E2),Q,-,0.3029,0.2624,0.5,2
158(E2),Q,A,0.4133,0.07155,5.25,4
158(E2),Q,C,-1.178,0.2149,6,4
158(E2),Q,D,-0.5121,0.4818,6,4
158(E2),Q,E,-0.2347,0.1914,7.5,4
158(E2),Q,F,-0.5533,0.2797,11,4
158(E2),Q,G,-0.3884,0.1947,8,4
158(E2),Q,H,-0.3476,0.1027,12,4
158(E2),Q,I,-0.5892,0.1839,7,4
158(E2),Q,K,-0.05853,0.1775,9.75,4
158(E2),Q,L,0.2592,0.05765,11.5,4
158(E2),Q,M,0.08561,0.1032,5.5,4
158(E2),Q,N,0.462,0.09349,10.5,4
158(E2),Q,P,0.2356,0.1779,4.5,4
158(E2),Q,Q,0,0,,4
158(E2),Q,R,-1.093,0.5427,7,4
158(E2),Q,S,0.1489,0.1189,5.5,4
158(E2),Q,T,0.1993,0.1123,9.5,4
158(E2),Q,V,0.1449,0.239,6.5,4
158(E2),Q,W,-0.5759,0.3607,7.5,4
158(E2),Q,Y,-0.6906,0.1398,4.5,4
159(E1),A,-,-0.1646,0.1225,3,4
159(E1),A,A,0,0,,4
159(E1),A,C,-0.3078,0.148,8,4
159(E1),A,D,-6.309,0,14,4
159(E1),A,E,-5.579,0,5,4
159(E1),A,F,-0.7533,0.477,5.5,4
159(E1),A,G,-1.067,0.6576,5.5,4
159(E1),A,H,-0.1532,0.2638,6,4
159(E1),A,I,0.1336,0.09666,11,4
159(E1),A,K,-0.6121,0.4189,4,4
159(E1),A,L,-2.026,0.5138,5,4
159(E1),A,M,-0.06893,0.1354,3.5,4
159(E1),A,N,0.06467,0.1424,2,4
159(E1),A,P,-7.515,0,8,4
159(E1),A,Q,-1.238,0.8082,3.75,4
159(E1),A,R,-0.475,0.1775,12.5,4
159(E1),A,S,-0.4879,0.2895,8.5,4
159(E1),A,T,-0.1524,0.06724,111,4
159(E1),A,V,0.206,0.6618,8.5,4
159(E1),A,W,-7.038,0,3,4
159(E1),A,Y,-0.4344,0.09521,9.5,4
159(E2),S,A,-0.5567,0.2802,9,4
159(E2),S,C,-2.582,0.4026,7.25,4
159(E2),S,D,-0.3463,0.4911,11.5,4
159(E2),S,E,-1.019,0.1308,4.5,4
159(E2),S,F,-1.196,0.3625,6,4
159(E2),S,G,-0.0826,0.2715,8.5,4
159(E2),S,H,-0.4612,0.6652,4,4
159(E2),S,I,-0.3679,0.2131,10,4
159(E2),S,K,-0.7146,0.263,6,4
159(E2),S,L,-1.477,0.1044,5,4
159(E2),S,M,-0.9196,0.5303,4,4
159(E2),S,N,-0.2335,0.3049,21,4
159(E2),S,P,-3.486,0.2824,5,4
159(E2),S,Q,-1.156,0.3591,3.5,4
159(E2),S,R,-1.8,0.1935,9.5,4
159(E2),S,S,0,0,,4
159(E2),S,T,-0.0232,0.3294,5,4
159(E2),S,V,-0.4235,0.3403,6.5,4
159(E2),S,W,-1.078,0.2831,11,4
159(E2),S,Y,-0.8015,0.07739,4.75,4
16(6K),P,*,-7.667,0,11,4
16(6K),P,A,0.1263,0.1005,6.5,4
16(6K),P,C,0.000555,0.05818,6,4
16(6K),P,D,-0.05579,0.1487,7.5,4
16(6K),P,E,-0.4294,0.6729,4.5,4
16(6K),P,F,0.1137,0.03875,6.5,4
16(6K),P,G,-0.3896,0.2992,6,4
16(6K),P,H,0.02976,0.06817,12,4
16(6K),P,I,-0.3086,0.1134,6.5,4
16(6K),P,K,-0.2706,0.6067,4.5,4
16(6K),P,L,0.0215,0.1248,12,4
16(6K),P,M,0.1708,0.1556,2.5,4
16(6K),P,N,-0.1778,0.303,7.5,4
16(6K),P,P,0,0,,4
16(6K),P,Q,-0.3131,0.09205,7.5,4
16(6K),P,R,-0.2812,0.2164,6,4
16(6K),P,S,-0.01086,0.2652,8,4
16(6K),P,T,-0.185,0.1789,9,4
16(6K),P,V,0.07782,0.2413,6,4
16(6K),P,W,-0.5204,0.5586,6,4
16(6K),P,Y,-0.698,0.454,7.25,4
16(E1),K,-,-0.08849,0.1887,4.5,4
16(E1),K,A,-4.466,0.1026,20.5,4
16(E1),K,C,-6.974,0,8,4
16(E1),K,D,-6.192,0.4157,4.5,4
16(E1),K,E,-7.697,0,7,4
16(E1),K,F,-3.461,0.4,5,4
16(E1),K,G,-5.368,0.07101,5.5,4
16(E1),K,H,0.1784,0.1832,7.5,4
16(E1),K,I,-6.111,0,8,4
16(E1),K,K,0,0,,4
16(E1),K,L,-4.559,0,7,4
16(E1),K,M,-2.851,0.4079,11.5,4
16(E1),K,N,-2.193,0.7741,12,4
16(E1),K,P,-4.16,0.06242,10,4
16(E1),K,Q,-4.662,0,6,4
16(E1),K,R,-2.545,0.1963,11,4
16(E1),K,S,-3.904,0.1479,6,4
16(E1),K,T,-3.288,0.1932,11,4
16(E1),K,V,-5.527,0,5.5,4
16(E1),K,W,-3.459,0.7085,7,4
16(E1),K,Y,-2.282,0.3552,6,4
16(E2),L,-,-0.7037,0.06085,0.5,2
16(E2),L,A,-2.046,0.402,6.5,4
16(E2),L,C,-1.611,0.5112,5,4
16(E2),L,D,-4.383,0,5.5,4
16(E2),L,E,-4.462,0,5,4
16(E2),L,F,-0.8897,0.4724,4,4
16(E2),L,G,-4.32,0,5.75,4
16(E2),L,H,-1.365,0.6648,8.5,4
16(E2),L,I,0.5254,0.1631,5.5,4
16(E2),L,K,-0.503,0.7322,9,4
16(E2),L,L,0,0,,4
16(E2),L,M,-0.3993,0.3244,12,4
16(E2),L,N,-0.2599,0.2028,8,4
16(E2),L,P,-4.861,0.3833,7,4
16(E2),L,Q,-1.079,0.4388,7.5,4
16(E2),L,R,-0.5128,0.2305,8.5,4
16(E2),L,S,-1.205,0.4695,6,4
16(E2),L,T,-0.1375,0.2093,7,4
16(E2),L,V,0.07253,0.1947,9.5,4
16(E2),L,W,-3.75,0.2378,6.5,4
16(E2),L,Y,-0.4757,0.1951,5,4
16(E3),P,*,-7.619,0,9.5,4
16(E3),P,-,0.0365,0.1552,1,4
16(E3),P,A,-0.113,0.3308,4,4
16(E3),P,C,-0.228,0.3214,6,4
16(E3),P,D,0.5131,0.1211,3.5,4
16(E3),P,E,-0.3213,0.1605,3,4
16(E3),P,F,-0.2927,0.5183,6,4
16(E3),P,G,-0.006125,0.06719,8.5,4
16(E3),P,H,0.2311,0.1383,8,4
16(E3),P,I,0.2561,0.2389,6,4
16(E3),P,K,-0.0623,0.3041,6,4
16(E3),P,L,-0.2534,0.09163,12,4
16(E3),P,M,0.08496,0.1959,5,4
16(E3),P,N,-0.2382,0.1242,7,4
16(E3),P,P,0,0,,4
16(E3),P,Q,-0.1256,0.05002,13,4
16(E3),P,R,0.4901,0.117,1,4
16(E3),P,S,-0.135,0.2732,10,4
16(E3),P,T,0.07634,0.1582,15,4
16(E3),P,Y,-0.0552,0.1544,6.5,4
160(E1),K,-,-0.3634,0.148,3,4
160(E1),K,A,-0.1091,0.1778,5.5,4
160(E1),K,C,-0.4906,0.09156,4.5,4
160(E1),K,D,-0.8611,0.4733,9,4
160(E1),K,E,-0.9671,0.2126,9,4
160(E1),K,F,-0.5894,1.274,4.25,4
160(E1),K,G,-0.5973,0.4779,15,4
160(E1),K,H,0.1908,0.122,3.5,4
160(E1),K,I,-0.1319,0.2638,7,4
160(E1),K,K,0,0,,4
160(E1),K,L,0.08626,0.1194,6,4
160(E1),K,M,-0.5992,0.4178,6,4
160(E1),K,N,-0.6825,0.624,6.5,4
160(E1),K,P,-2.164,0.8626,9,4
160(E1),K,Q,-0.1544,0.648,7,4
160(E1),K,R,0.08271,0.08261,9.5,4
160(E1),K,S,-0.4292,0.4297,5.5,4
160(E1),K,T,-0.46,0.3352,9,4
160(E1),K,V,0.07959,0.1382,6.5,4
160(E1),K,W,-1.014,0.5717,6,4
160(E1),K,Y,-0.1196,0.139,6,4
160(E2),T,-,-0.1301,0.0011,0.5,2
160(E2),T,A,-0.2858,0.1939,5.5,4
160(E2),T,C,-1.583,0.2132,10.5,4
160(E2),T,D,-0.6814,0.2943,3.5,4
160(E2),T,E,-0.6508,0.2641,6.5,4
160(E2),T,F,-0.3351,0.1699,10.5,4
160(E2),T,G,-0.4784,0.4147,10,4
160(E2),T,H,-0.6554,0.2981,8,4
160(E2),T,I,0.06798,0.2895,16,4
160(E2),T,K,-1.337,0.3456,7,4
160(E2),T,L,0.1008,0.4504,5,4
160(E2),T,M,-0.4675,0.4679,10.5,4
160(E2),T,N,-0.04745,0.1746,8,4
160(E2),T,P,-0.5843,0.2993,11.5,4
160(E2),T,Q,-0.5687,0.4564,5,4
160(E2),T,R,-1.531,0.621,6,4
160(E2),T,S,-0.4288,0.218,4.5,4
160(E2),T,T,0,0,,4
160(E2),T,V,-0.2862,0.07612,8.5,4
160(E2),T,W,-0.1154,0.1368,8,4
160(E2),T,Y,-2.745,1.808,5,4
161(E1),F,-,-0.7622,0.3064,3,4
161(E1),F,A,-0.5711,0.4416,5,4
161(E1),F,C,-0.9928,1.175,3.5,4
161(E1),F,D,-7.656,0,7,4
161(E1),F,E,-7.633,0,5.5,4
161(E1),F,F,0,0,,4
161(E1),F,G,-7.239,0,6,4
161(E1),F,H,-7.591,0,4.5,4
161(E1),F,I,-0.5378,0.1441,3.5,4
161(E1),F,K,-7.557,0,5,4
161(E1),F,L,-1.378,0.4377,9,4
161(E1),F,M,0.00427,1.761,2,4
161(E1),F,N,-7.637,0,7.5,4
161(E1),F,P,-7.591,0,5,4
161(E1),F,Q,-7.431,0,4.5,4
161(E1),F,R,-7.617,0,4.5,4
161(E1),F,S,-7.451,0,6,4
161(E1),F,T,-0.7526,1.064,3.5,4
161(E1),F,V,-0.1872,0.2614,4.5,4
161(E1),F,W,-0.1926,0.2006,5.5,4
161(E1),F,Y,-0.3667,0.5172,6.5,4
161(E2),A,*,-7.312,0,0.5,2
161(E2),A,-,0.2043,0.4413,1.5,4
161(E2),A,A,0,0,,4
161(E2),A,C,-1.614,0.2263,6,4
161(E2),A,D,0.1799,0.03119,7.5,4
161(E2),A,E,0.3146,0.3395,2,4
161(E2),A,F,0.1522,0.06394,5.5,4
161(E2),A,G,-0.2736,0.4421,7,4
161(E2),A,H,0.1362,0.2752,4.5,4
161(E2),A,I,-0.1326,0.09976,6,4
161(E2),A,K,-0.7097,0.2052,7.25,4
161(E2),A,L,0.2039,0.1157,6.5,4
161(E2),A,M,-0.099,0.4558,4.5,4
161(E2),A,N,-0.03043,0.2231,7.5,4
161(E2),A,P,-1.049,0.6926,7,4
161(E2),A,Q,-0.3448,0.6652,5,4
161(E2),A,R,-0.5729,0.2836,6,4
161(E2),A,S,0.1189,0.1929,12,4
161(E2),A,T,-0.4209,0.1294,15.5,4
161(E2),A,V,-0.1292,0.0836,25.5,4
161(E2),A,W,-0.1246,1.618,2.5,4
161(E2),A,Y,0.2559,0.1476,7,4
162(E1),I,-,-0.493,0.011,1,2
162(E1),I,A,-0.6271,0.3362,5.25,4
162(E1),I,C,-0.1323,0.2292,3,4
162(E1),I,D,-3.244,0.8297,5.5,4
162(E1),I,E,-0.2482,0.2125,6,4
162(E1),I,F,0.00275,0.2119,7.5,4
162(E1),I,G,-0.7711,0.1458,4.5,4
162(E1),I,H,-0.4,0.2007,7,4
162(E1),I,I,0,0,,4
162(E1),I,K,-7.6,0,7,4
162(E1),I,L,0.1649,0.09781,6,4
162(E1),I,M,0.07919,0.1277,5.5,4
162(E1),I,N,-0.2183,0.1189,3.5,4
162(E1),I,P,-7.571,0,6,4
162(E1),I,Q,0.0002045,0.03491,8.5,4
162(E1),I,R,-2.963,1.668,3.5,4
162(E1),I,S,0.07019,0.1174,8,4
162(E1),I,T,0.04285,0.1397,8.25,4
162(E1),I,V,-0.8587,0.7175,5.5,4
162(E1),I,W,-0.1404,0.008101,4.5,4
162(E1),I,Y,0.06084,0.1871,2.5,4
162(E2),A,-,-0.199,0.0473,0.5,2
162(E2),A,A,0,0,,4
162(E2),A,C,-2.012,0.587,4.5,4
162(E2),A,D,-0.4046,0.7373,9,4
162(E2),A,E,0.1906,0.09575,5.5,4
162(E2),A,F,-0.209,0.3325,9,4
162(E2),A,G,-0.1028,0.3075,11.5,4
162(E2),A,H,-1.026,0.4146,3.5,4
162(E2),A,I,0.1634,0.3144,5,4
162(E2),A,K,0.08555,0.3957,4,4
162(E2),A,L,-0.1886,0.5527,4.5,4
162(E2),A,M,-0.01965,0.2796,7,4
162(E2),A,N,-1.215,0.9243,7.5,4
162(E2),A,P,0.09241,0.1045,5,4
162(E2),A,Q,0.1984,0.1167,4,4
162(E2),A,R,-0.02707,0.3947,4.5,4
162(E2),A,S,-0.2586,0.2753,9.5,4
162(E2),A,T,-0.05493,0.06267,33.5,4
162(E2),A,V,0.06667,0.1952,9.5,4
162(E2),A,W,-0.3294,0.3137,6,4
162(E2),A,Y,-0.5844,0.1295,7.5,4
163(E1),V,-,-3.924,1.879,1,4
163(E1),V,A,-0.9123,0.1951,7,4
163(E1),V,C,-0.1509,0.4261,3.5,4
163(E1),V,D,-7.572,0,4.5,4
163(E1),V,E,-7.475,0,7.5,4
163(E1),V,F,0.1549,0.1153,7,4
163(E1),V,G,-5.829,0,7.5,4
163(E1),V,H,-7.618,0,7.5,4
163(E1),V,I,0.0566,0.07119,5.5,4
163(E1),V,K,-7.572,0,7,4
163(E1),V,L,0.04662,0.08363,8,4
163(E1),V,M,-0.5775,0.2702,16,4
163(E1),V,N,-7.31,0,6,4
163(E1),V,P,-1.249,0.4313,10.5,4
163(E1),V,Q,-7.529,0,6.5,4
163(E1),V,R,-7.39,0,5.5,4
163(E1),V,S,-2.772,1.069,7,4
163(E1),V,T,-0.6912,0.4459,8,4
163(E1),V,V,0,0,,4
163(E1),V,W,-1.835,0.2254,8.5,4
163(E1),V,Y,-0.8948,0.7913,6,4
163(E2),T,A,-0.0556,0.5374,4.5,4
163(E2),T,C,-2.631,0.1961,7.5,4
163(E2),T,D,-0.7283,0.3538,5.5,4
163(E2),T,E,-0.8364,0.3557,9,4
163(E2),T,F,-1.671,0.3055,7.5,4
163(E2),T,G,-0.08883,0.1847,5.5,4
163(E2),T,H,-0.3591,0.4788,5.5,4
163(E2),T,I,-0.9745,0.4844,11.75,4
163(E2),T,K,-1.24,0.3481,11.5,4
163(E2),T,L,-0.7093,0.5854,5.5,4
163(E2),T,M,-0.9084,0.1501,11.5,4
163(E2),T,N,-0.4355,0.2257,9.5,4
163(E2),T,P,-1.398,0.09811,10,4
163(E2),T,Q,-1.247,0.1949,11,4
163(E2),T,R,-1.651,0.3845,5,4
163(E2),T,S,0.0314,0.04803,8.5,4
163(E2),T,T,0,0,,4
163(E2),T,V,-0.8883,0.3023,8,4
163(E2),T,W,-1.26,0.1033,6.5,4
163(E2),T,Y,-0.5809,0.2695,6,4
164(E1),G,-,-0.5216,0.02715,0.5,2
164(E1),G,A,-7.032,0,9.5,4
164(E1),G,C,-7.349,0,12.5,4
164(E1),G,D,-7.736,0,20,4
164(E1),G,E,-7.34,0,7,4
164(E1),G,F,-4.253,0.05846,9,4
164(E1),G,G,0,0,,4
164(E1),G,H,-1.613,0.9354,7.5,4
164(E1),G,I,-7.671,0,11.5,4
164(E1),G,K,-7.627,0,6,4
164(E1),G,L,-4.047,0.2982,5,4
164(E1),G,M,-2.802,0.4609,8.5,4
164(E1),G,N,-6.324,0,5.5,4
164(E1),G,P,-7.226,0,5.5,4
164(E1),G,Q,-3.475,0.2727,5,4
164(E1),G,R,-7.543,0,7,4
164(E1),G,S,-5.587,0,15,4
164(E1),G,T,-7.505,0,4.5,4
164(E1),G,V,-7.604,0,13.5,4
164(E1),G,W,-4.658,0.3829,2,4
164(E1),G,Y,-3.004,0.77,2,4
164(E2),A,-,0.01709,0.01352,0.5,2
164(E2),A,A,0,0,,4
164(E2),A,C,-1.339,0.05383,5.5,4
164(E2),A,D,0.1872,0.1174,10.5,4
164(E2),A,E,-0.5633,0.5898,7,4
164(E2),A,F,-0.9441,0.5446,9,4
164(E2),A,G,0.3048,0.2568,6.5,4
164(E2),A,H,0.1297,0.2277,8,4
164(E2),A,I,-0.842,0.8317,3.5,4
164(E2),A,K,0.1412,0.3831,1.5,2
164(E2),A,L,-0.7899,0.2341,5,4
164(E2),A,M,-0.3654,0.1223,6,4
164(E2),A,N,0.174,0.2433,6,4
164(E2),A,P,-0.1672,0.1423,10,4
164(E2),A,Q,0.04945,0.7255,4,4
164(E2),A,R,-0.6834,0.3243,5,4
164(E2),A,S,0.1958,0.1011,12,4
164(E2),A,T,-0.04061,0.06128,21.5,4
164(E2),A,V,-1.024,0.3795,10.5,4
164(E2),A,W,0.04854,0.4406,5,4
164(E2),A,Y,-0.8084,0.532,6,4
165(E1),P,-,-3.539,1.847,1,4
165(E1),P,A,-1.509,0.3018,4.5,4
165(E1),P,C,-7.548,0,10.5,4
165(E1),P,D,-7.495,0,7,4
165(E1),P,E,-7.018,0,3,4
165(E1),P,F,-7.569,0,5,4
165(E1),P,G,-4.54,0,5,4
165(E1),P,H,-7.45,0,18,4
165(E1),P,I,-7.543,0,7.5,4
165(E1),P,K,-7.459,0,4.5,4
165(E1),P,L,-7.619,0,10,4
165(E1),P,M,-7.083,0,3.75,4
165(E1),P,N,-7.58,0,5.5,4
165(E1),P,P,0,0,,4
165(E1),P,Q,-7.505,0,4.5,4
165(E1),P,R,-7.2,0,8.5,4
165(E1),P,S,-0.8903,0.4716,9.5,4
165(E1),P,T,-1.383,0.1258,15,4
165(E1),P,V,-7.405,0,7.5,4
165(E1),P,W,-7.492,0,8.5,4
165(E1),P,Y,-7.578,0,5,4
165(E2),E,*,-7.4,0,8.5,4
165(E2),E,-,0.081,0.019,0.5,2
165(E2),E,A,-5.742,0,7.5,4
165(E2),E,C,-7.34,0,8.5,4
165(E2),E,D,0.09418,0.1136,14.5,4
165(E2),E,E,0,0,,4
165(E2),E,F,-7.128,0,7,4
165(E2),E,G,-1.11,0.4349,6.5,4
165(E2),E,H,-6.897,0,10,4
165(E2),E,I,-7.465,0,11,4
165(E2),E,K,-7.489,0,22,4
165(E2),E,L,-7.53,0,10,4
165(E2),E,M,-3.929,1.675,5.5,4
165(E2),E,N,-7.257,0,6.5,4
165(E2),E,P,-7.573,0,10.5,4
165(E2),E,Q,-6.795,0,8.5,4
165(E2),E,R,-7.5,0,7,4
165(E2),E,S,-5.264,0,7.5,4
165(E2),E,T,-5.941,1.71,5,4
165(E2),E,V,-7.345,0,7,4
165(E2),E,W,-7.05,0,9.5,4
165(E2),E,Y,-7.341,0,4.5,4
166(E1),M,-,-1.773,0.471,1,2
166(E1),M,A,-0.6158,0.2489,6,4
166(E1),M,C,-7.699,0,6.5,4
166(E1),M,D,-7.515,0,8,4
166(E1),M,E,-2.338,0.7485,5,4
166(E1),M,F,-0.9077,0.3936,6.75,4
166(E1),M,G,-3.75,0.1375,4.5,4
166(E1),M,H,-3.95,0.5185,8.5,4
166(E1),M,I,0.02762,0.09003,19,4
166(E1),M,K,-4.019,0.1386,4.5,4
166(E1),M,L,0.1174,0.3882,12.75,4
166(E1),M,M,0,0,,4
166(E1),M,N,-7.451,0,7.5,4
166(E1),M,P,-7.418,0,8.5,4
166(E1),M,Q,0.05064,0.08944,4,4
166(E1),M,R,-7.459,0,10.5,4
166(E1),M,S,-0.8121,0.3069,4.5,4
166(E1),M,T,-0.6832,0.4399,9.5,4
166(E1),M,V,-0.06324,0.08658,8,4
166(E1),M,W,-3.753,0.5072,5.5,4
166(E1),M,Y,-1.902,0.6766,3,4
166(E2),E,*,-7.301,0,4.5,4
166(E2),E,-,-0.3572,0.01195,0.5,2
166(E2),E,A,0.06055,0.3553,7.5,4
166(E2),E,C,-2.072,0.3476,7.25,4
166(E2),E,D,-1.83,0.8513,6,4
166(E2),E,E,0,0,,4
166(E2),E,F,0.1134,0.1733,9,4
166(E2),E,G,-3.599,0.2247,13,4
166(E2),E,H,-0.2133,0.4395,7.5,4
166(E2),E,I,-0.6372,0.3751,8,4
166(E2),E,K,-4.269,0.1134,12.5,4
166(E2),E,L,-1.76,0.6878,8.5,4
166(E2),E,M,-0.7194,0.1579,4.5,4
166(E2),E,N,-2.056,0.331,5.5,4
166(E2),E,P,-7.54,0,5.5,4
166(E2),E,Q,-0.6959,0.6211,7,4
166(E2),E,R,-6.325,0,9,4
166(E2),E,S,-0.1844,0.1071,7.5,4
166(E2),E,T,-0.09717,0.1144,7,4
166(E2),E,V,-0.03865,0.3629,6,4
166(E2),E,W,0.4453,0.1978,8,4
166(E2),E,Y,0.3008,0.1302,8.5,4
167(E1),S,-,-0.3841,0.1763,1,2
167(E1),S,A,-0.6706,0.5037,6,4
167(E1),S,C,-7.386,0,11.5,4
167(E1),S,D,-7.563,0,4,4
167(E1),S,E,-7.361,0,6.5,4
167(E1),S,F,-7.581,0,10,4
167(E1),S,G,-0.6885,0.418,6,4
167(E1),S,H,-7.557,0,7,4
167(E1),S,I,-7.615,0,4,4
167(E1),S,K,-7.386,0,3.5,4
167(E1),S,L,-7.028,0,3,2
167(E1),S,M,-7.506,0,6.5,4
167(E1),S,N,-7.33,0,5,4
167(E1),S,P,-0.896,0.07811,9,4
167(E1),S,Q,-7.575,0,8,4
167(E1),S,R,-7.212,0,6,4
167(E1),S,S,0,0,,4
167(E1),S,T,-0.3219,0.5811,6.5,4
167(E1),S,V,-7.464,0,4.5,4
167(E1),S,W,-7.431,0,4.75,4
167(E1),S,Y,-7.517,0,11,4
167(E2),I,-,0.01885,0.195,0.5,2
167(E2),I,A,-4.26,0.07909,4.5,4
167(E2),I,C,-6.87,0,11,4
167(E2),I,D,-7.387,0,8.5,4
167(E2),I,E,-3.176,0.6033,3.5,4
167(E2),I,F,-0.2456,0.2744,9,4
167(E2),I,G,-7.256,0,6,4
167(E2),I,H,-2.582,0.2087,4,4
167(E2),I,I,0,0,,4
167(E2),I,K,-7.239,0,7.5,4
167(E2),I,L,0.1619,0.1922,7.5,4
167(E2),I,M,-0.0761,0.1477,11,4
167(E2),I,N,-7.383,0,10,4
167(E2),I,P,-7.476,0,11.5,4
167(E2),I,Q,-4.181,0.1403,7,4
167(E2),I,R,-7.575,0,5,4
167(E2),I,S,-6.528,0,7,4
167(E2),I,T,-5.353,0,7.5,4
167(E2),I,V,-1.831,0.2623,7,4
167(E2),I,W,-4.54,0.006928,7.5,4
167(E2),I,Y,-1.354,0.7201,6.5,4
168(E1),S,-,-7.677,0,1,2
168(E1),S,A,0.06003,0.139,3,4
168(E1),S,C,-6.92,0,8.5,4
168(E1),S,D,-1.146,0.5857,6,4
168(E1),S,E,-0.6329,0.7985,4.5,4
168(E1),S,F,-1.485,0.6995,5.5,4
168(E1),S,G,-0.7679,0.4432,10.5,4
168(E1),S,H,-1.456,0.1773,9,4
168(E1),S,I,-0.4948,0.6159,9.5,4
168(E1),S,K,-7.485,0,4,4
168(E1),S,L,-0.6017,0.3171,6.5,4
168(E1),S,M,-0.582,0.3819,8,4
168(E1),S,N,0.0061,0.1791,11,4
168(E1),S,P,-7.534,0,5,4
168(E1),S,Q,-0.804,0.1195,8,4
168(E1),S,R,-7.661,0,13.5,4
168(E1),S,S,0,0,,4
168(E1),S,T,0.09871,0.08528,8.5,4
168(E1),S,V,0.00595,0.2213,6,4
168(E1),S,W,-3.159,1.067,6.5,4
168(E1),S,Y,-2.407,1.078,5.5,4
168(E2),E,*,-7.402,1.583,4,4
168(E2),E,-,-0.9428,0.0276,1,2
168(E2),E,A,-2.704,0.6226,10,4
168(E2),E,C,-7.018,0,10.5,4
168(E2),E,D,-1.516,0.2685,10.5,4
168(E2),E,E,0,0,,4
168(E2),E,F,-4.457,0,10.5,4
168(E2),E,G,-5.262,0,12.75,4
168(E2),E,H,-2.699,0.2615,6,4
168(E2),E,I,-2.655,0.7239,7,4
168(E2),E,K,-7.252,0,6.5,4
168(E2),E,L,-3.215,0.4147,6.5,4
168(E2),E,M,-2.91,0.4726,9,4
168(E2),E,N,-4.42,0,7.5,4
168(E2),E,P,-4.232,0.1671,9.5,4
168(E2),E,Q,-2.17,0.5496,7,4
168(E2),E,R,-5.248,0,8,4
168(E2),E,S,-2.265,0.1871,10.5,4
168(E2),E,T,-2.127,0.2272,6,4
168(E2),E,V,-3.231,0.1768,13.5,4
168(E2),E,W,-3.399,0.4621,4,4
168(E2),E,Y,-3.7,0.5227,8,4
169(E1),A,-,0.1298,0.01095,0.5,2
169(E1),A,A,0,0,,4
169(E1),A,C,-7.484,0,8.5,4
169(E1),A,D,-7.606,0,9,4
169(E1),A,E,-7.643,0,7.5,4
169(E1),A,F,0.1101,0.1271,4.5,4
169(E1),A,G,-5.651,0,4,4
169(E1),A,H,-7.404,0,1,4
169(E1),A,I,-1.498,1.047,8,4
169(E1),A,K,-7.641,0,3,4
169(E1),A,L,-0.2035,0.2411,5.5,4
169(E1),A,M,-0.1596,0.02756,6,4
169(E1),A,N,-7.43,0,4.5,4
169(E1),A,P,-0.3339,0.4679,5.5,4
169(E1),A,Q,-7.08,0,3.5,4
169(E1),A,R,-7.519,0,6.75,4
169(E1),A,S,-2.984,1.237,7,4
169(E1),A,T,-1.305,0.4633,16.5,4
169(E1),A,V,-0.1668,0.1866,11.5,4
169(E1),A,W,-2.449,0.309,7,4
169(E1),A,Y,-7.31,0,5,4
169(E2),V,-,-1.245,0.1905,1,2
169(E2),V,A,-6.943,0,6.5,4
169(E2),V,C,-6.774,0,9,4
169(E2),V,D,-7.559,0,9.5,4
169(E2),V,E,-7.255,0,10,4
169(E2),V,F,-3.296,0.1918,10.5,4
169(E2),V,G,-7.21,0,4.5,4
169(E2),V,H,-7.569,0,10,4
169(E2),V,I,-2.665,0.5715,9,4
169(E2),V,K,-7.596,0,6.5,4
169(E2),V,L,-1.155,0.09305,9.5,4
169(E2),V,M,-1.021,0.7346,12,4
169(E2),V,N,-7.262,0,5.5,4
169(E2),V,P,-7.554,0,7.5,4
169(E2),V,Q,-7.335,0,10,4
169(E2),V,R,-7.051,0.01212,6.5,4
169(E2),V,S,-7.379,0,12,4
169(E2),V,T,-2.962,0.2436,7,4
169(E2),V,V,0,0,,4
169(E2),V,W,-7.419,0,6.5,4
169(E2),V,Y,-4.677,0.1888,6.5,4
17(6K),L,A,0.06097,0.1523,5,4
17(6K),L,C,-0.1169,0.05538,8,4
17(6K),L,D,-0.9819,0.8768,5.5,4
17(6K),L,E,-0.1048,0.09549,7,4
17(6K),L,F,0.2326,0.07628,8,4
17(6K),L,G,0.064,0.214,6,4
17(6K),L,H,0.1499,0.1282,7.5,4
17(6K),L,I,-0.1757,0.1329,8.5,4
17(6K),L,K,-0.5319,1.552,3,4
17(6K),L,L,0,0,,4
17(6K),L,M,-0.4144,0.757,8.75,4
17(6K),L,N,-0.05651,0.03793,6.75,4
17(6K),L,P,0.086,0.08086,10,4
17(6K),L,Q,-0.3602,0.3162,9,4
17(6K),L,R,-0.63,0.4392,8.5,4
17(6K),L,S,-0.0129,0.2552,5,4
17(6K),L,T,-0.08506,0.2742,7,4
17(6K),L,V,0.05621,0.03958,9.5,4
17(6K),L,W,-0.2786,0.3809,6,4
17(6K),L,Y,0.05245,0.4159,5.5,4
17(E1),T,-,-0.2493,0.1357,4.5,4
17(E1),T,A,0.1196,0.2347,7.5,4
17(E1),T,C,-0.583,0.4387,9.5,4
17(E1),T,D,-1.133,1.347,7,4
17(E1),T,E,-2.858,0.4419,8.5,4
17(E1),T,F,-2.526,0.5746,5,4
17(E1),T,G,-1.229,0.3608,6.5,4
17(E1),T,H,-2.59,0.7509,6.5,4
17(E1),T,I,-0.08518,0.3564,11,4
17(E1),T,K,-5.403,0,5,4
17(E1),T,L,-0.7312,0.3783,7.5,4
17(E1),T,M,-2.514,0.8118,7.25,4
17(E1),T,N,-0.2899,0.1399,11.5,4
17(E1),T,P,-7.468,0,12,4
17(E1),T,Q,-2.774,0.3101,9.5,4
17(E1),T,R,-0.3843,0.5401,5.5,4
17(E1),T,S,-0.00721,0.1922,9.5,4
17(E1),T,T,0,0,,4
17(E1),T,V,-0.1202,0.3714,4.5,4
17(E1),T,W,-7.372,0,7,4
17(E1),T,Y,-4.456,0.1944,7,4
17(E2),A,-,-0.02267,0.02271,0.5,2
17(E2),A,A,0,0,,4
17(E2),A,C,-5.071,0,8,4
17(E2),A,D,-7.607,0,12,4
17(E2),A,E,-7.378,0,4,4
17(E2),A,F,-7.617,0,11,4
17(E2),A,G,0.07606,0.1524,8.5,4
17(E2),A,H,-7.598,0,6,4
17(E2),A,I,-7.566,0,7,4
17(E2),A,K,-7.545,0,7.5,4
17(E2),A,L,-7.499,0,9.5,4
17(E2),A,M,-7.348,0,6,4
17(E2),A,N,-7.557,0,6,4
17(E2),A,P,-7.521,0,13.5,4
17(E2),A,Q,-7.232,0,8,4
17(E2),A,R,-7.48,0,7.75,4
17(E2),A,S,-6.98,0,9,4
17(E2),A,T,-4.497,0.06105,53.5,4
17(E2),A,V,-7.589,0,9,4
17(E2),A,W,-7.566,0,6.5,4
17(E2),A,Y,-7.611,0,11,4
17(E3),C,*,-7.442,0,4.5,4
17(E3),C,-,-0.5397,0.00675,0.5,2
17(E3),C,A,0.1429,1.246,2.5,4
17(E3),C,C,0,0,,4
17(E3),C,D,-1.601,0.1464,6.5,4
17(E3),C,E,-0.6295,0.9252,4,4
17(E3),C,F,-1.468,0.1572,16.75,4
17(E3),C,G,-1.274,0.285,9.5,4
17(E3),C,H,-1.288,0.3254,12.5,4
17(E3),C,I,-1.703,0.3088,3,4
17(E3),C,K,-1.58,0.1897,7.5,4
17(E3),C,L,-0.6076,0.4535,8,4
17(E3),C,M,-1.314,0.2817,11,4
17(E3),C,N,-1.601,0.1744,10,4
17(E3),C,P,-0.8114,0.5843,8,4
17(E3),C,Q,-2.114,1.336,8,4
17(E3),C,R,-1.263,0.1537,13,4
17(E3),C,S,-1.644,0.2473,7,4
17(E3),C,T,-1.257,0.1596,6,4
17(E3),C,V,-0.3374,0.7708,8,4
17(E3),C,W,-1.066,0.8013,6.5,4
17(E3),C,Y,-1.308,0.4142,20.5,4
170(E1),W,*,-7.672,0,33.5,4
170(E1),W,-,-0.0378,0.002525,0.5,2
170(E1),W,A,-6.809,0,7,4
170(E1),W,C,-7.421,0,11.5,4
170(E1),W,D,-7.578,0,6,4
170(E1),W,E,-7.278,0,7,4
170(E1),W,F,0.1434,0.1449,4,4
170(E1),W,G,-7.521,0,8,4
170(E1),W,H,-0.9001,0.8662,3.5,4
170(E1),W,I,-7.408,0,3,4
170(E1),W,K,-3.997,1.689,4,4
170(E1),W,L,-7.585,0,8.5,4
170(E1),W,M,-3.976,0.465,3,4
170(E1),W,N,-7.082,0,9,4
170(E1),W,P,-7.598,0,5.5,4
170(E1),W,Q,-7.256,0,3.5,4
170(E1),W,R,-7.569,0,21.75,4
170(E1),W,S,-7.277,0,7,4
170(E1),W,T,-3.937,0.7349,6,4
170(E1),W,V,-5.716,0,6,4
170(E1),W,W,0,0,,4
170(E1),W,Y,-0.4217,0.286,6,4
170(E2),H,-,-0.4133,0.2865,2,4
170(E2),H,A,-1.05,1.746,6,4
170(E2),H,C,-0.6711,0.1523,7,4
170(E2),H,D,-6.55,0,6,4
170(E2),H,E,-3.414,0.9702,4.5,4
170(E2),H,F,-0.684,0.3714,8.5,4
170(E2),H,G,-0.08313,0.07348,9.5,4
170(E2),H,H,0,0,,4
170(E2),H,I,-0.015,0.2807,7.5,4
170(E2),H,K,-1.567,0.2195,3.5,4
170(E2),H,L,-0.3029,0.1068,7,4
170(E2),H,M,-0.3639,0.3662,8.5,4
170(E2),H,N,-1.137,0.3352,7,4
170(E2),H,P,-7.489,0,10,4
170(E2),H,Q,-0.03215,0.2689,7,4
170(E2),H,R,-3.745,0.7287,6.5,4
170(E2),H,S,0.0479,0.3693,9.5,4
170(E2),H,T,-0.9855,0.8547,8,4
170(E2),H,V,-1.095,0.1744,8.5,4
170(E2),H,W,-0.3686,0.1595,8.5,4
170(E2),H,Y,-1.102,0.1941,18.5,4
171(E1),T,-,-1.218,0.3029,1,2
171(E1),T,A,-1.319,0.6477,7.5,4
171(E1),T,C,-7.248,0,10.5,4
171(E1),T,D,-3.526,0.2131,8.5,4
171(E1),T,E,-7.623,0,4.5,4
171(E1),T,F,-7.311,0,6.5,4
171(E1),T,G,-0.4658,0.3184,2.5,4
171(E1),T,H,-7.615,0,6.5,4
171(E1),T,I,-7.683,0,11,4
171(E1),T,K,-7.335,0,6.5,4
171(E1),T,L,-7.534,0,5,4
171(E1),T,M,-7.543,0,6.5,4
171(E1),T,N,-2.692,1.003,4,4
171(E1),T,P,-7.471,0,6.5,4
171(E1),T,Q,-7.582,0,7.5,4
171(E1),T,R,-7.404,0,5,4
171(E1),T,S,-0.5357,0.4013,4.5,4
171(E1),T,T,0,0,,4
171(E1),T,V,-7.155,0,6.5,4
171(E1),T,W,-7.312,0,7,4
171(E1),T,Y,-7.512,0,7,4
171(E2),M,-,-1.804,1.777,2,4
171(E2),M,A,-6.912,0,7,4
171(E2),M,C,-5.764,0.06409,9.5,4
171(E2),M,D,-3.181,0.6813,6.5,4
171(E2),M,E,-0.6065,0.6872,7.5,4
171(E2),M,F,-2.37,0.9949,7,4
171(E2),M,G,-5.992,0,6,4
171(E2),M,H,-2.958,0.5381,7.5,4
171(E2),M,I,-1.974,0.3544,20,4
171(E2),M,K,-2.542,0.9268,5,4
171(E2),M,L,-0.6728,0.2088,8.5,4
171(E2),M,M,0,0,,4
171(E2),M,N,-2.428,0.2706,5.5,4
171(E2),M,P,-5.786,0,8.5,4
171(E2),M,Q,-0.4703,0.1957,7.5,4
171(E2),M,R,-3.293,0.7908,8,4
171(E2),M,S,-7.527,0,8.5,4
171(E2),M,T,-2.796,0.2896,6.5,4
171(E2),M,V,-4.909,0,8,4
171(E2),M,W,-4.208,0.2289,5,4
171(E2),M,Y,-2.773,0.2844,8,4
172(E1),P,-,-0.754,0.1698,1,2
172(E1),P,A,-3.044,0.5394,6.5,4
172(E1),P,C,-5.448,0,15,4
172(E1),P,D,-7.099,0,5.5,4
172(E1),P,E,-7.447,0,6,4
172(E1),P,F,-7.639,0,8.5,4
172(E1),P,G,-7.359,0,6.5,4
172(E1),P,H,-7.563,0,8.25,4
172(E1),P,I,-7.122,0,6.5,4
172(E1),P,K,-7.47,0,7,4
172(E1),P,L,-7.429,0,7,4
172(E1),P,M,-7.62,0,3.5,4
172(E1),P,N,-7.504,0,4,4
172(E1),P,P,0,0,,4
172(E1),P,Q,-7.646,0,7.25,4
172(E1),P,R,-7.528,0,4,4
172(E1),P,S,-7.491,0,12.5,4
172(E1),P,T,-7.492,0,7,4
172(E1),P,V,-4.569,0,6.5,4
172(E1),P,W,-7.52,0,8,4
172(E1),P,Y,-7.439,0,8.5,4
172(E2),P,-,-0.2273,0.1939,1.5,4
172(E2),P,A,-1.214,0.6153,3.5,4
172(E2),P,C,-7.216,0,4,4
172(E2),P,D,-7.595,0,5,4
172(E2),P,E,-7.174,0,4.5,4
172(E2),P,F,-6.104,0,5,4
172(E2),P,G,-2.127,0.3236,7.5,4
172(E2),P,H,-7.532,0,9.5,4
172(E2),P,I,-3.75,0.4927,6,4
172(E2),P,K,-7.397,0,4.5,4
172(E2),P,L,-5.237,0,14.25,4
172(E2),P,M,-2.145,0.1976,2,4
172(E2),P,N,-7.404,0,5,4
172(E2),P,P,0,0,,4
172(E2),P,Q,-5.809,0,9.5,4
172(E2),P,R,-7.547,0,4,4
172(E2),P,S,-3.53,0.4016,14.5,4
172(E2),P,T,-4.936,0,9.5,4
172(E2),P,V,-2.817,1.015,3,4
172(E2),P,W,-7.376,0,6,4
172(E2),P,Y,-6.875,0,7.5,4
173(E1),F,*,-0.1746,0.06865,0.5,2
173(E1),F,-,-0.9522,0.2109,1,2
173(E1),F,A,-7.353,0,6,4
173(E1),F,C,-7.105,0,6,4
173(E1),F,D,-7.626,0,3.5,4
173(E1),F,E,-7.225,0,5.5,4
173(E1),F,F,0,0,,4
173(E1),F,G,-7.598,0,6.75,4
173(E1),F,H,-6.88,0,6,4
173(E1),F,I,-4.966,0,11,4
173(E1),F,K,-7.485,0,7,4
173(E1),F,L,-3.905,0.1783,25.25,4
173(E1),F,M,-6.735,0,8,4
173(E1),F,N,-7.388,0,7.5,4
173(E1),F,P,-7.546,0,6.5,4
173(E1),F,Q,-7.399,0,5.5,4
173(E1),F,R,-7.322,0,7.5,4
173(E1),F,S,-7.636,0,10.5,4
173(E1),F,T,-7.551,0,6,4
173(E1),F,V,-7.593,0,12.5,4
173(E1),F,W,-7.498,0,3.5,4
173(E1),F,Y,-4.94,0.1641,10.5,4
173(E2),P,-,-0.08417,0.3058,1.5,4
173(E2),P,A,-2.545,0.3683,8.5,4
173(E2),P,C,-5.418,0,8.5,4
173(E2),P,D,-7.518,0,7.5,4
173(E2),P,E,-6.761,0,4,4
173(E2),P,F,-5.813,0,3,4
173(E2),P,G,-3.931,0.4701,5.5,4
173(E2),P,H,-5.944,0,8,4
173(E2),P,I,-6.989,0,9.5,4
173(E2),P,K,-7.168,0,6.5,4
173(E2),P,L,-7.611,0,10,4
173(E2),P,M,-7.041,0,7.5,4
173(E2),P,N,-7.077,0,7.5,4
173(E2),P,P,0,0,,4
173(E2),P,Q,-7.379,0,7,4
173(E2),P,R,-7.516,1.916,5.5,4
173(E2),P,S,-4.615,0.8189,5.5,4
173(E2),P,T,-4.993,0,9.5,4
173(E2),P,V,-5.356,0,5.5,4
173(E2),P,W,-7.598,0,6,4
173(E2),P,Y,-5.836,0,5,4
174(E1),D,-,-4.338,1.515,2.5,4
174(E1),D,A,-1.683,0.5836,7.5,4
174(E1),D,C,-7.515,0,2.5,4
174(E1),D,D,0,0,,4
174(E1),D,E,-0.8141,0.3298,8,4
174(E1),D,F,-1.966,0.1237,7,4
174(E1),D,G,-3.768,0.2756,9,4
174(E1),D,H,-4.04,0.1456,7,4
174(E1),D,I,-2.168,0.3537,7,4
174(E1),D,K,-7.49,0,5,4
174(E1),D,L,-4.091,0.1711,7.5,4
174(E1),D,M,-2.791,0.1026,4.5,4
174(E1),D,N,-0.1219,0.1042,18.5,4
174(E1),D,P,-4.66,0.03637,7,4
174(E1),D,Q,-1.421,0.407,6,4
174(E1),D,R,-7.582,0,3.5,4
174(E1),D,S,-1.087,0.2693,9.5,4
174(E1),D,T,-0.7567,0.1297,7,4
174(E1),D,V,-6.218,0,9.5,4
174(E1),D,W,-0.1132,0.6841,5.25,4
174(E1),D,Y,-3.842,0.4678,8,4
174(E2),D,-,-0.8151,0.9195,1.5,4
174(E2),D,A,-4.341,0.2074,7,4
174(E2),D,C,-7.512,0,6,4
174(E2),D,D,0,0,,4
174(E2),D,E,-2.853,0.1842,9,4
174(E2),D,F,-5.83,0,6,4
174(E2),D,G,-7.319,0,9.5,4
174(E2),D,H,-6.815,0.1494,6.5,4
174(E2),D,I,-6.826,0,7.5,4
174(E2),D,K,-7.611,0,8,4
174(E2),D,L,-5.688,0,12,4
174(E2),D,M,-5.527,0,7.5,4
174(E2),D,N,-2.989,0.2212,13,4
174(E2),D,P,-2.477,0.4777,7,4
174(E2),D,Q,-6.821,0,4.5,4
174(E2),D,R,-7.51,0,7.5,4
174(E2),D,S,-5.865,0,8.5,4
174(E2),D,T,-7.496,0,6.5,4
174(E2),D,V,-4.957,0,6.5,4
174(E2),D,W,-4.421,0,5,4
174(E2),D,Y,-4.421,0.3958,9,4
175(E1),N,-,-7.571,0,16.5,4
175(E1),N,A,0.04845,0.1363,6,4
175(E1),N,C,-2.487,0.4055,5,4
175(E1),N,D,-0.7847,0.8787,7.5,4
175(E1),N,E,-0.1049,0.3995,6.75,4
175(E1),N,F,0.2501,0.05595,8.5,4
175(E1),N,G,-0.4516,0.6051,9,4
175(E1),N,H,-0.1083,0.3236,13,4
175(E1),N,I,-0.2863,0.1008,10.5,4
175(E1),N,K,-0.4662,0.3586,15,4
175(E1),N,L,-0.6396,0.3974,6,4
175(E1),N,M,-0.1633,0.2524,8,4
175(E1),N,N,0,0,,4
175(E1),N,P,0.04083,0.142,6.5,4
175(E1),N,Q,-0.1233,0.4157,5,4
175(E1),N,R,0.1479,0.2472,7,4
175(E1),N,S,-0.4017,0.2423,5.5,4
175(E1),N,T,-0.4479,0.4762,6,4
175(E1),N,V,-0.5038,0.07322,5.5,4
175(E1),N,W,-1.154,0.3087,7,4
175(E1),N,Y,-0.3022,1.57,5.5,4
175(E2),T,-,-0.08972,0.1508,1.5,4
175(E2),T,A,-2.402,0.9231,9,4
175(E2),T,C,-5.003,0,7.5,4
175(E2),T,D,-2.161,0.4022,5.5,4
175(E2),T,E,-1.931,0.8451,8,4
175(E2),T,F,-2.035,0.4364,4,4
175(E2),T,G,-7.468,0,4.5,4
175(E2),T,H,-3.062,0.2138,9,4
175(E2),T,I,-0.9511,0.4861,11.5,4
175(E2),T,K,-7.416,0,6.5,4
175(E2),T,L,-1.4,1.14,5.5,4
175(E2),T,M,-2.298,0.4401,5.5,4
175(E2),T,N,-4.609,0,7,4
175(E2),T,P,-7.471,0,9,4
175(E2),T,Q,-2.193,0.2152,7.5,4
175(E2),T,R,-5.761,0,10,4
175(E2),T,S,-1.404,0.9854,7,4
175(E2),T,T,0,0,,4
175(E2),T,V,-1.576,0.05737,8.5,4
175(E2),T,W,-2.852,0.8158,8,4
175(E2),T,Y,-2.106,0.2876,8,4
176(E1),K,*,-6.459,0,0.5,2
176(E1),K,-,-0.2469,0.07381,2.5,4
176(E1),K,A,-1.405,0.9695,9,4
176(E1),K,C,-3.005,0.2193,10.5,4
176(E1),K,D,-7.591,0,6,4
176(E1),K,E,-1.43,0.3899,12,4
176(E1),K,F,-0.9763,0.924,7,4
176(E1),K,G,-1.734,0.1183,8,4
176(E1),K,H,-0.922,0.5747,7.25,4
176(E1),K,I,-7.611,0,9.5,4
176(E1),K,K,0,0,,4
176(E1),K,L,-1.67,0.3979,13,4
176(E1),K,M,-0.8172,0.2734,6,4
176(E1),K,N,-1.04,0.2476,10,4
176(E1),K,P,-7.533,0,9,4
176(E1),K,Q,-0.0325,0.2163,6.5,4
176(E1),K,R,-0.02384,0.1572,11,4
176(E1),K,S,-0.7596,0.0798,11,4
176(E1),K,T,-1.016,0.3524,10,4
176(E1),K,V,-7.524,0,7,4
176(E1),K,W,-3.942,0.2609,7,4
176(E1),K,Y,-3.314,1.969,4.25,4
176(E2),P,-,-0.6629,0.263,1.5,4
176(E2),P,A,-6.786,0,2.5,4
176(E2),P,C,-7.277,0,7,4
176(E2),P,D,-6.935,0.3633,7.5,4
176(E2),P,E,-7.48,0,5.5,4
176(E2),P,F,-7.28,0,8,4
176(E2),P,G,-7.466,0,4.5,4
176(E2),P,H,-7.055,0,5.5,4
176(E2),P,I,-7.136,0,8.5,4
176(E2),P,K,-7.303,0,5,4
176(E2),P,L,-7.489,0,13,4
176(E2),P,M,-7.294,0,7,4
176(E2),P,N,-7.508,0,6.5,4
176(E2),P,P,0,0,,4
176(E2),P,Q,-7.182,0,4.5,4
176(E2),P,R,-7.55,0,4,4
176(E2),P,S,-7.51,0,20,4
176(E2),P,T,-6.613,0,7,4
176(E2),P,V,-3.479,0.3763,4.5,4
176(E2),P,W,-7.388,0,6,4
176(E2),P,Y,-7.391,0,7.5,4
177(E1),I,-,-0.1352,0.0747,2.5,4
177(E1),I,A,-7.619,0,8.5,4
177(E1),I,C,-7.106,0,8.5,4
177(E1),I,D,-7.636,0,5,4
177(E1),I,E,-7.516,0,6,4
177(E1),I,F,-2.527,0.9169,6.5,4
177(E1),I,G,-7.402,0,5,4
177(E1),I,H,-7.652,0,4.5,4
177(E1),I,I,0,0,,4
177(E1),I,K,-7.611,0,6,4
177(E1),I,L,-0.06776,0.1198,4.5,4
177(E1),I,M,-0.9359,0.5452,7,4
177(E1),I,N,-7.602,0,7.5,4
177(E1),I,P,-7.365,0,6.5,4
177(E1),I,Q,-7.505,0,6,4
177(E1),I,R,-7.332,0,6.5,4
177(E1),I,S,-7.617,0,11,4
177(E1),I,T,-7.588,0,9,4
177(E1),I,V,-0.2138,0.3369,9.25,4
177(E1),I,W,-7.293,0,11,4
177(E1),I,Y,-7.551,0,9,4
177(E2),D,-,-0.2952,0.5212,1.5,4
177(E2),D,A,-4.921,0.08729,4,4
177(E2),D,C,-6.949,0,3.5,4
177(E2),D,D,0,0,,4
177(E2),D,E,-4.816,0,3,2
177(E2),D,F,-5.966,0,7,4
177(E2),D,G,-7.444,0,5.5,4
177(E2),D,H,-7.253,0,5,4
177(E2),D,I,-4.799,0,5.5,4
177(E2),D,K,-7.261,0,4.5,4
177(E2),D,L,-6.373,0,6.5,4
177(E2),D,M,-2.99,0.671,4,4
177(E2),D,N,-5.773,0,13,4
177(E2),D,P,-7.604,0,6,4
177(E2),D,Q,-4.697,0,5,4
177(E2),D,R,-7.416,0,7,4
177(E2),D,S,-5.608,0,3.75,4
177(E2),D,T,-7.021,0,4.5,4
177(E2),D,V,-4.853,0,5,4
177(E2),D,W,-7.204,0,5,4
177(E2),D,Y,-5.88,0,10.5,4
178(E1),V,-,-0.2223,0.1382,2.5,4
178(E1),V,A,-1.266,1.067,7,4
178(E1),V,C,-3.473,0.7765,10,4
178(E1),V,D,-7.555,0,7,4
178(E1),V,E,-7.258,0,6.5,4
178(E1),V,F,-7.597,0,6,4
178(E1),V,G,-7.656,0,5,4
178(E1),V,H,-7.566,0,5.5,4
178(E1),V,I,-0.1578,0.322,5.5,4
178(E1),V,K,-7.593,0,8,4
178(E1),V,L,-3.161,0.07954,11,4
178(E1),V,M,-7.554,0,18,4
178(E1),V,N,-7.578,0,8.5,4
178(E1),V,P,-7.454,0,9,4
178(E1),V,Q,-7.526,0,6.5,4
178(E1),V,R,-7.518,0,8,4
178(E1),V,S,-6.675,0,4.25,4
178(E1),V,T,-1.67,0.5111,5,4
178(E1),V,V,0,0,,4
178(E1),V,W,-7.538,0,6.5,4
178(E1),V,Y,-7.573,0,7.5,4
178(E2),R,*,-6.662,0,0.5,2
178(E2),R,-,-3.268,1.376,1.5,2
178(E2),R,A,-1.505,1.049,5.5,4
178(E2),R,C,-1.522,0.4625,6.5,4
178(E2),R,D,-0.2509,0.6225,8,4
178(E2),R,E,-1.176,0.06023,6,4
178(E2),R,F,-0.7724,0.1396,9.5,4
178(E2),R,G,-1.182,0.3184,4.5,4
178(E2),R,H,-0.4635,0.208,5,4
178(E2),R,I,-0.3746,0.1832,13,4
178(E2),R,K,-0.2988,0.1222,14,4
178(E2),R,L,-0.8131,0.315,6,4
178(E2),R,M,-0.04515,0.3435,9.5,4
178(E2),R,N,-1.273,0.2392,2.5,4
178(E2),R,P,-2.208,0.289,3.5,4
178(E2),R,Q,-0.1493,0.4332,4,4
178(E2),R,R,0,0,,4
178(E2),R,S,-0.2498,0.3271,6,4
178(E2),R,T,0.02855,0.1515,4,4
178(E2),R,V,-0.5385,0.2568,3.5,4
178(E2),R,W,-1.374,0.6079,2,2
178(E2),R,Y,-0.7868,0.06827,3,4
179(E1),V,-,-0.00907,0.1169,2,4
179(E1),V,A,-1.844,0.7017,9,4
179(E1),V,C,-2.139,1.049,5.75,4
179(E1),V,D,-5.738,0,8,4
179(E1),V,E,-1.231,0.7177,9.75,4
179(E1),V,F,-7.495,0,8.5,4
179(E1),V,G,-7.306,0,5.75,4
179(E1),V,H,-2.762,1.186,3,4
179(E1),V,I,-0.4535,0.03851,8,4
179(E1),V,K,-3.844,0.3459,8.5,4
179(E1),V,L,-1.621,0.6973,11,4
179(E1),V,M,-2.138,0.3312,22,4
179(E1),V,N,-6.873,0,6.5,4
179(E1),V,P,-7.524,0,5,4
179(E1),V,Q,-0.6329,0.08005,9,4
179(E1),V,R,-6.181,0,7,4
179(E1),V,S,-1.679,0.1451,9,4
179(E1),V,T,0.2394,0.0221,3.5,2
179(E1),V,V,0,0,,4
179(E1),V,W,-7.346,0,3,4
179(E1),V,Y,-7.329,0,7,4
179(E2),T,-,0.2431,0.04455,1,2
179(E2),T,A,-0.0269,0.3016,7,4
179(E2),T,C,-1.712,0.5283,3,4
179(E2),T,D,-0.6402,0.1864,4.5,4
179(E2),T,E,-0.8656,0.7596,4,4
179(E2),T,F,-1.878,0.1455,6.5,4
179(E2),T,G,0.03648,0.07637,7.5,4
179(E2),T,H,-0.3758,0.49,6.5,4
179(E2),T,I,-6.5,0,12.25,4
179(E2),T,K,0.04792,0.222,4,4
179(E2),T,L,-0.9783,0.4383,8,4
179(E2),T,M,0.2185,0.0026,2.5,2
179(E2),T,N,0.2208,0.1189,4,4
179(E2),T,P,-7.07,0,5,4
179(E2),T,Q,0.07735,0.374,3,4
179(E2),T,R,0.1035,0.0984,2.5,4
179(E2),T,S,0.3278,0.05073,6.5,4
179(E2),T,T,0,0,,4
179(E2),T,V,-3.056,1.591,3,4
179(E2),T,W,-1.897,0.09953,3,4
179(E2),T,Y,-2.558,0.6023,2.5,4
18(6K),F,*,-7.439,0,4,4
18(6K),F,A,0.1482,0.09697,3.5,4
18(6K),F,C,-0.1367,0.2195,6,4
18(6K),F,D,0.07841,0.1562,9.5,4
18(6K),F,E,0.2199,0.07198,8.25,4
18(6K),F,F,0,0,,4
18(6K),F,G,-0.06112,0.08169,8,4
18(6K),F,H,0.1589,0.3004,6,4
18(6K),F,I,-0.2956,0.2415,8,4
18(6K),F,K,-0.2191,0.5687,4,4
18(6K),F,L,-0.2798,0.1658,8,4
18(6K),F,M,0.01658,0.1296,6.5,4
18(6K),F,N,0.000475,0.06772,10,4
18(6K),F,P,0.0715,0.07246,9,4
18(6K),F,Q,0.102,0.1117,5,4
18(6K),F,R,-0.5064,0.474,6.5,4
18(6K),F,S,-0.3225,0.4329,11,4
18(6K),F,T,-0.1043,0.211,4,4
18(6K),F,V,0.05712,0.06956,6.5,4
18(6K),F,W,0.1633,0.04612,3.5,4
18(6K),F,Y,0.004925,0.1265,8,4
18(E1),L,-,-0.359,0.1357,5.5,4
18(E1),L,A,0.1397,0.09679,9,4
18(E1),L,C,0.09465,0.1786,7.5,4
18(E1),L,D,-4.588,0,8,4
18(E1),L,E,-3.443,0.1647,8.5,4
18(E1),L,F,-0.1221,0.1836,9,4
18(E1),L,G,-1.825,0.2516,7.5,4
18(E1),L,H,-0.6671,0.673,7,4
18(E1),L,I,-1.005,0.3912,5,4
18(E1),L,K,-2.468,0.6165,9,4
18(E1),L,L,0,0,,4
18(E1),L,M,0.1409,0.07064,15.5,4
18(E1),L,N,-1.968,0.09114,5.25,4
18(E1),L,P,-7.625,0,16.5,4
18(E1),L,Q,-0.4948,0.2702,10,4
18(E1),L,R,-2.29,0.9554,6.5,4
18(E1),L,S,-0.9607,0.5129,7.5,4
18(E1),L,T,-2.004,0.2028,8.5,4
18(E1),L,V,-0.2599,0.4396,3.5,4
18(E1),L,W,-0.08425,0.3033,2.5,4
18(E1),L,Y,-0.1875,0.1953,9,4
18(E2),H,-,0.1656,0.0151,0.5,2
18(E2),H,A,0.1882,0.1816,6.5,4
18(E2),H,C,-0.04063,0.1457,9.25,4
18(E2),H,D,0.3491,0.07887,11.5,4
18(E2),H,E,0.2329,0.1596,3.5,4
18(E2),H,F,-0.0158,0.3151,4,4
18(E2),H,G,0.1398,0.08295,6.5,4
18(E2),H,H,0,0,,4
18(E2),H,I,0.4464,0.1135,4.5,4
18(E2),H,K,-0.5599,0.2541,4,4
18(E2),H,L,0.5004,0.1862,10.5,4
18(E2),H,M,0.5289,0.1521,9,4
18(E2),H,N,0.3236,0.08673,11.5,4
18(E2),H,P,0.416,0.03297,6.5,4
18(E2),H,Q,0.3034,0.03992,13.5,4
18(E2),H,R,-1.092,0.1433,8.5,4
18(E2),H,S,0.4786,0.232,8.5,4
18(E2),H,T,0.2738,0.1576,7.5,4
18(E2),H,V,0.4418,0.1021,8,4
18(E2),H,W,-0.507,0.8456,7,4
18(E2),H,Y,0.1426,0.1021,9,4
18(E3),S,*,-7.683,0,11.5,4
18(E3),S,-,0.00381,0.00785,0.5,2
18(E3),S,A,0.2027,0.08817,10,4
18(E3),S,C,-0.2658,0.2902,4.5,4
18(E3),S,D,0.3697,0.1292,8,4
18(E3),S,E,-0.6006,0.2624,7,4
18(E3),S,F,-0.1535,0.1308,6,4
18(E3),S,G,-0.3826,0.2163,2.5,4
18(E3),S,H,0.1497,0.2622,8.5,4
18(E3),S,I,-0.09046,0.05323,13,4
18(E3),S,K,-0.0867,0.2556,8.5,4
18(E3),S,L,-0.1754,0.1483,6.5,4
18(E3),S,M,0.1244,0.1704,8.5,4
18(E3),S,N,0.25,0.04915,25.5,4
18(E3),S,P,-1.855,0.2886,11,4
18(E3),S,R,-0.1894,0.06962,12,4
18(E3),S,S,0,0,,4
18(E3),S,T,-0.1733,0.04298,9,4
18(E3),S,V,-0.05742,0.1511,8,4
18(E3),S,W,0.125,0.04061,7,4
18(E3),S,Y,0.2027,0.2142,7.5,4
180(E1),Y,*,-0.5245,0.234,1,4
180(E1),Y,-,0.05573,0.1847,1.5,4
180(E1),Y,A,-7.572,0,5.5,4
180(E1),Y,C,-7.257,0,9,4
180(E1),Y,D,-7.326,0,7.5,4
180(E1),Y,E,-7.622,0,10.5,4
180(E1),Y,F,-4.034,0.16,9.5,4
180(E1),Y,G,-7.579,0,7.75,4
180(E1),Y,H,-2.315,0.4291,8.75,4
180(E1),Y,I,-6.94,0,7.25,4
180(E1),Y,K,-7.556,0,5.5,4
180(E1),Y,L,-7.453,0,10,4
180(E1),Y,M,-5.894,0,6,4
180(E1),Y,N,-7.613,0,7.5,4
180(E1),Y,P,-7.571,0,10.5,4
180(E1),Y,Q,-7.56,0,10,4
180(E1),Y,R,-7.655,0,9,4
180(E1),Y,S,-7.383,0,5,4
180(E1),Y,T,-7.594,0,6.5,4
180(E1),Y,V,-7.215,0,12.5,4
180(E1),Y,W,-4.793,0.0433,10,4
180(E1),Y,Y,0,0,,4
180(E2),L,*,-6.566,0,0.5,2
180(E2),L,-,-0.4089,0.0261,1,2
180(E2),L,A,-7.299,0,2.5,4
180(E2),L,C,-6.817,0,4,4
180(E2),L,D,-7.373,0,5,4
180(E2),L,E,-6.833,0,4,4
180(E2),L,F,-2.458,0.4067,2.5,4
180(E2),L,G,-7.532,0,3.5,4
180(E2),L,H,-6.964,0,5,4
180(E2),L,I,-0.8517,0.1547,4.25,4
180(E2),L,K,-7.446,0,7,4
180(E2),L,L,0,0,,4
180(E2),L,M,-0.6162,0.5592,13.25,4
180(E2),L,N,-7.499,0,2,4
180(E2),L,P,-7.385,0,23,4
180(E2),L,Q,-7.274,0,7,4
180(E2),L,R,-6.889,0,3.5,4
180(E2),L,S,-3.841,1.787,5.5,4
180(E2),L,T,-7.148,0,6,4
180(E2),L,V,-2.527,0.3157,7,4
180(E2),L,W,-6.75,0,2.5,4
180(E2),L,Y,-7.372,0,5,4
181(E1),K,*,-3.639,2.12,1,2
181(E1),K,-,-0.3104,0.1036,0.5,2
181(E1),K,A,-0.7275,0.3219,9.75,4
181(E1),K,C,-1.915,0.4498,13,4
181(E1),K,D,-2.102,0.3222,7.25,4
181(E1),K,E,-2.519,1.086,8.5,4
181(E1),K,F,-0.8026,0.2788,10,4
181(E1),K,G,-0.2361,0.2463,13,4
181(E1),K,H,-0.3901,0.2206,9,4
181(E1),K,I,-2.489,0.2926,7,4
181(E1),K,K,0,0,,4
181(E1),K,L,-0.7741,0.06424,9,4
181(E1),K,M,-0.6994,0.14,10,4
181(E1),K,N,-0.8121,0.392,12.25,4
181(E1),K,P,-7.536,0,13.5,4
181(E1),K,Q,-0.4387,0.2828,11,4
181(E1),K,R,0.2158,0.05289,15.5,4
181(E1),K,S,-0.0761,0.3066,10,4
181(E1),K,T,-2.241,0.3037,16.5,4
181(E1),K,V,-1.986,0.1806,8.5,4
181(E1),K,W,-1.157,0.7871,9,4
181(E1),K,Y,-1.1,0.1535,7,4
181(E2),M,-,-0.06876,0.1472,1.5,4
181(E2),M,A,-4.095,0.1693,5,4
181(E2),M,C,-5.473,0,5.5,4
181(E2),M,D,-7.599,0,2.5,4
181(E2),M,E,-7.463,0,6,4
181(E2),M,F,-2.107,0.2326,4,4
181(E2),M,G,-7.338,0,8,4
181(E2),M,H,-7.429,0,2.5,4
181(E2),M,I,-0.06803,0.2336,13,4
181(E2),M,K,-6.384,0,4.5,4
181(E2),M,L,0.2202,0.1189,6,4
181(E2),M,M,0,0,,4
181(E2),M,N,-7.473,0,5.25,4
181(E2),M,P,-7.587,0,5,4
181(E2),M,Q,-7.075,0,2,4
181(E2),M,R,-2.98,2.341,2,4
181(E2),M,S,-7.332,0,5,4
181(E2),M,T,-3.255,0.2499,7,4
181(E2),M,V,-0.2792,0.07296,6.5,4
181(E2),M,W,-6.58,0,3,4
181(E2),M,Y,-7.462,0,4.5,4
182(E1),G,-,-0.4217,0.324,1,4
182(E1),G,A,0.02748,0.1418,9.25,4
182(E1),G,C,-0.2508,0.4247,7.5,4
182(E1),G,D,0.1024,0.08496,15,4
182(E1),G,E,0.02957,0.7696,8.5,4
182(E1),G,F,-0.9821,0.4837,7,4
182(E1),G,G,0,0,,4
182(E1),G,H,0.00837,0.2989,7,4
182(E1),G,I,-0.5144,0.2833,5,4
182(E1),G,K,-0.3635,0.6568,5,4
182(E1),G,L,-0.2065,0.247,5.5,4
182(E1),G,M,0.1653,0.4019,5.5,4
182(E1),G,N,-0.09953,0.3372,8.5,4
182(E1),G,P,-7.583,0,10.5,4
182(E1),G,Q,0.1559,0.1239,9,4
182(E1),G,R,-0.4385,0.4985,5,4
182(E1),G,S,-0.2229,0.3181,8.25,4
182(E1),G,T,0.1171,0.05618,7.5,4
182(E1),G,V,-0.1418,0.1817,10.5,4
182(E1),G,W,0.1037,0.05251,9,4
182(E1),G,Y,-0.1741,0.2121,10,4
182(E2),S,-,-0.2011,0.06772,1.5,4
182(E2),S,A,-0.4883,0.2326,4.5,4
182(E2),S,C,-3.384,0.3746,3,4
182(E2),S,D,-2.688,0.3855,3.5,4
182(E2),S,E,0.1523,0.1356,2.5,4
182(E2),S,F,-1.414,1.287,6.25,4
182(E2),S,G,-3.211,0.3723,7,4
182(E2),S,H,-0.5466,0.3442,3,4
182(E2),S,I,-0.0389,0.437,4.5,4
182(E2),S,K,-0.5012,0.2214,4.5,4
182(E2),S,L,-0.9222,0.8517,1.5,4
182(E2),S,M,-0.4082,0.1093,5,4
182(E2),S,N,-1.184,0.2672,4,4
182(E2),S,P,-7.524,0,6.5,4
182(E2),S,Q,-0.5731,0.1442,2.5,4
182(E2),S,R,-1.02,0.9994,3.5,4
182(E2),S,S,0,0,,4
182(E2),S,T,0.1706,0.14,7.5,4
182(E2),S,V,-0.2965,0.6093,5.5,4
182(E2),S,W,-2.007,0.3999,6.5,4
182(E2),S,Y,-2.787,1.231,4,4
183(E1),D,-,-0.3625,0.1531,1.5,4
183(E1),D,A,-0.784,0.2671,8,4
183(E1),D,C,-1.528,0.3286,7.5,4
183(E1),D,D,0,0,,4
183(E1),D,E,-0.1023,0.04415,13.5,4
183(E1),D,F,-1.135,0.447,12.5,4
183(E1),D,G,-1.32,0.1196,7.5,4
183(E1),D,H,-1.129,0.5836,5.5,4
183(E1),D,I,-6.105,0,8.5,4
183(E1),D,K,-2.607,0.4372,5.5,4
183(E1),D,L,-3.078,0.2968,9,4
183(E1),D,M,-2.095,0.3121,7.5,4
183(E1),D,N,-1.525,0.368,26.5,4
183(E1),D,P,-7.574,0,12,4
183(E1),D,Q,-0.09895,0.3087,1.5,4
183(E1),D,R,-4.469,0.01775,7,4
183(E1),D,S,-1.003,0.3019,9,4
183(E1),D,T,-1.661,0.7192,5,4
183(E1),D,V,-0.8774,0.1384,6.5,4
183(E1),D,W,-1.824,0.622,7,4
183(E1),D,Y,-0.1254,0.207,12,4
183(E2),Q,*,-3.771,1.858,3,4
183(E2),Q,-,-0.08163,0.09887,0.5,2
183(E2),Q,A,-1.658,0.3501,2.5,4
183(E2),Q,C,-7.162,0,6,4
183(E2),Q,D,-0.45,0.3039,5,4
183(E2),Q,E,-0.6724,0.3502,5.5,4
183(E2),Q,F,-4.234,0.1044,4.5,4
183(E2),Q,G,-3.317,0.6063,3.5,4
183(E2),Q,H,-3.771,0.3689,9.5,4
183(E2),Q,I,-6.944,0,5,4
183(E2),Q,K,-4.861,0,7.5,4
183(E2),Q,L,-6.767,0,6,4
183(E2),Q,M,-1.981,0.9347,4,4
183(E2),Q,N,-1.664,0.6202,5,4
183(E2),Q,P,-2.822,0.313,9,4
183(E2),Q,Q,0,0,,4
183(E2),Q,R,-5.956,0,12,4
183(E2),Q,S,-1.75,0.2412,7,4
183(E2),Q,T,-2.47,0.2443,6,4
183(E2),Q,V,-4.236,0.2794,4.5,4
183(E2),Q,W,-4.125,0.2325,5.5,4
183(E2),Q,Y,-2.807,1.454,3.5,4
184(E1),V,-,-0.5456,0.3166,1,4
184(E1),V,A,-0.6977,0.1452,9.5,4
184(E1),V,C,-0.607,0.431,7,4
184(E1),V,D,-7.577,0,5.5,4
184(E1),V,E,-7.593,0,8,4
184(E1),V,F,-7.537,0,12,4
184(E1),V,G,-7.524,0,10,4
184(E1),V,H,-7.562,0,6,4
184(E1),V,I,-1.029,0.7164,13,4
184(E1),V,K,-7.619,0,10,4
184(E1),V,L,-2.018,0.4933,7.5,4
184(E1),V,M,-6.841,0,6,4
184(E1),V,N,-7.639,0,8,4
184(E1),V,P,-7.591,0,7.5,4
184(E1),V,Q,-7.511,0,9,4
184(E1),V,R,-7.444,0,7,4
184(E1),V,S,-7.508,0,7.5,4
184(E1),V,T,-1.907,0.5219,7.5,4
184(E1),V,V,0,0,,4
184(E1),V,W,-7.67,0,9.5,4
184(E1),V,Y,-7.537,0,9,4
184(E2),Q,*,-7.55,0,11.5,4
184(E2),Q,-,-0.06756,0.00216,0.5,2
184(E2),Q,A,-0.5382,0.2329,4.5,4
184(E2),Q,C,-1.764,0.191,6.5,4
184(E2),Q,D,-0.4827,1.169,2,4
184(E2),Q,E,0.233,0.1219,7,4
184(E2),Q,F,-0.6149,0.3278,7,4
184(E2),Q,G,-1.387,0.8493,2.5,4
184(E2),Q,H,-0.3192,0.1076,6.5,4
184(E2),Q,I,-0.1454,0.4032,4,4
184(E2),Q,K,-1.701,0.3049,7.5,4
184(E2),Q,L,-0.6286,0.1878,6.5,4
184(E2),Q,M,-0.3249,0.571,5.5,4
184(E2),Q,N,-1.065,0.3232,3.5,4
184(E2),Q,P,-7.558,0,7,4
184(E2),Q,Q,0,0,,4
184(E2),Q,R,-2.546,0.1137,12,4
184(E2),Q,S,-0.4093,0.1967,5.5,4
184(E2),Q,T,-0.6,0.3238,5,4
184(E2),Q,V,0.09314,0.2419,5,4
184(E2),Q,W,-0.4284,0.3535,4,4
184(E2),Q,Y,-1.18,0.7773,5.5,4
185(E1),Y,*,-7.599,0,3.5,4
185(E1),Y,-,-0.712,0.2724,1.5,4
185(E1),Y,A,-7.63,0,5.5,4
185(E1),Y,C,-7.546,0,11,4
185(E1),Y,D,-7.433,0,9.25,4
185(E1),Y,E,-7.655,0,7.5,4
185(E1),Y,F,-0.6756,0.3008,6.5,4
185(E1),Y,G,-7.544,0,6,4
185(E1),Y,H,-0.05009,0.1332,12,4
185(E1),Y,I,-7.3,0,4,4
185(E1),Y,K,-7.633,0,10,4
185(E1),Y,L,-7.278,0,10.5,4
185(E1),Y,M,-5.059,0,10,4
185(E1),Y,N,-7.438,0,6,4
185(E1),Y,P,-7.571,0,11.5,4
185(E1),Y,Q,-7.507,0,11.5,4
185(E1),Y,R,-7.402,0,5.5,4
185(E1),Y,S,-7.595,0,6.5,4
185(E1),Y,T,-7.521,0,6,4
185(E1),Y,V,-7.365,0,10,4
185(E1),Y,W,-0.3155,0.1554,7.5,4
185(E1),Y,Y,0,0,,4
185(E2),S,*,-7.469,0,0.5,2
185(E2),S,-,0.02357,0.08903,0.5,2
185(E2),S,A,-0.3546,0.5683,4.5,4
185(E2),S,C,-4.071,0.3051,5.5,4
185(E2),S,D,-0.1885,0.351,8,4
185(E2),S,E,0.1686,0.4213,4.5,4
185(E2),S,F,-0.6793,0.5889,6.5,4
185(E2),S,G,0.2608,0.1229,4.5,4
185(E2),S,H,-0.3348,0.3059,4,4
185(E2),S,I,-1.843,0.3631,4,4
185(E2),S,K,-0.5852,0.2007,7,4
185(E2),S,L,0.3903,0.08645,4.25,4
185(E2),S,M,-0.1606,0.1798,7.5,4
185(E2),S,N,0.3899,0.07767,14,4
185(E2),S,P,-2.788,0.5241,4.5,4
185(E2),S,Q,0.04555,0.4319,6,4
185(E2),S,R,-1.851,0.3036,7.5,4
185(E2),S,S,0,0,,4
185(E2),S,T,-1.057,0.2784,7.5,4
185(E2),S,V,-1.73,0.5079,3,4
185(E2),S,W,-1.176,0.3871,6,4
185(E2),S,Y,-0.4229,0.7323,7.5,4
186(E1),N,-,-1.381,0.8726,2,4
186(E1),N,A,-7.457,0,9,4
186(E1),N,C,-4.548,0.006062,7,4
186(E1),N,D,-5.317,0,8.5,4
186(E1),N,E,-6.883,0,9.5,4
186(E1),N,F,-7.571,0,11,4
186(E1),N,G,-7.222,0,7.5,4
186(E1),N,H,-7.574,0,9.5,4
186(E1),N,I,-7.731,0,8.5,4
186(E1),N,K,-7.601,0,8.25,4
186(E1),N,L,-3.939,0.1726,6.5,4
186(E1),N,M,-7.641,0,10,4
186(E1),N,N,0,0,,4
186(E1),N,P,-7.561,0,8.5,4
186(E1),N,Q,-7.512,0,6.5,4
186(E1),N,R,-7.607,0,4,4
186(E1),N,S,-5.023,0,9,4
186(E1),N,T,-7.587,0,6,4
186(E1),N,V,-7.233,0,6.5,4
186(E1),N,W,-7.597,0,13.5,4
186(E1),N,Y,-7.62,0,7.75,4
186(E2),G,-,-0.3137,0.2262,0.5,2
186(E2),G,A,-0.004145,0.1925,6,4
186(E2),G,C,-5.146,0.3572,7.5,4
186(E2),G,D,0.0717,0.1731,21.5,4
186(E2),G,E,-0.2985,0.7059,1.5,4
186(E2),G,F,-2.216,1.334,5.75,4
186(E2),G,G,0,0,,4
186(E2),G,H,0.07767,0.3035,5.5,4
186(E2),G,I,-1.674,0.5938,6,4
186(E2),G,K,-0.09798,0.312,7,4
186(E2),G,L,-0.2761,0.2745,8,4
186(E2),G,M,-0.4419,0.06369,5,4
186(E2),G,N,0.4078,0.2957,7,4
186(E2),G,P,-3.535,0.2214,6.5,4
186(E2),G,Q,0.2576,0.083,5.5,4
186(E2),G,R,-0.8815,0.2099,4,4
186(E2),G,S,-0.4696,0.2203,11,4
186(E2),G,T,0.3775,0.2591,2.5,4
186(E2),G,V,-0.4096,0.1822,6,4
186(E2),G,W,-2.884,0.4912,4,4
186(E2),G,Y,-0.7689,0.08572,3.5,4
187(E1),M,-,-1.28,0.0175,1,2
187(E1),M,A,-0.02534,0.1268,7.5,4
187(E1),M,C,-0.3688,0.5451,6,4
187(E1),M,D,-1.883,0.2573,6,4
187(E1),M,E,-0.2986,0.1845,6,4
187(E1),M,F,-0.2601,0.2579,9,4
187(E1),M,G,-7.471,0,5,4
187(E1),M,H,-0.1538,0.1888,9,4
187(E1),M,I,-0.3366,0.1205,28,4
187(E1),M,K,-0.6975,0.2461,9.5,4
187(E1),M,L,-0.6913,0.1876,8.5,4
187(E1),M,M,0,0,,4
187(E1),M,N,-1.179,0.1925,9,4
187(E1),M,P,-7.418,0,7.5,4
187(E1),M,Q,-0.2815,0.08662,6.5,4
187(E1),M,R,-1.582,0.3994,6.5,4
187(E1),M,S,-0.6596,0.1789,9.5,4
187(E1),M,T,-0.6486,0.5459,10.5,4
187(E1),M,V,-0.8663,0.05767,9.75,4
187(E1),M,W,-0.371,0.6671,5.5,4
187(E1),M,Y,-0.4732,0.1346,8.25,4
187(E2),N,-,-0.6872,0.3757,1,2
187(E2),N,A,-0.113,0.268,5,4
187(E2),N,C,-3.418,0.9856,3,4
187(E2),N,D,0.1958,0.2158,5.5,4
187(E2),N,E,-2.095,0.6242,4,4
187(E2),N,F,-2.417,0.9961,4.5,4
187(E2),N,G,-0.024,0.1475,3.5,4
187(E2),N,H,-0.05382,0.1907,6.5,4
187(E2),N,I,-4.749,0.4655,6,4
187(E2),N,K,-1.736,0.1784,7.5,4
187(E2),N,L,-6.229,0.2888,4.5,4
187(E2),N,M,-1.468,0.2241,6.5,4
187(E2),N,N,0,0,,4
187(E2),N,P,-7.388,0,5.5,4
187(E2),N,Q,-1.089,0.238,6,4
187(E2),N,R,-2.793,0.1438,4,4
187(E2),N,S,0.2834,0.1151,5.5,4
187(E2),N,T,-1.486,0.1881,4,4
187(E2),N,V,-3.328,0.3678,7.5,4
187(E2),N,W,-3.774,0.1352,4.5,4
187(E2),N,Y,-0.932,0.7311,3.5,4
188(E1),D,-,-0.9777,0.02835,1,2
188(E1),D,A,-0.3334,0.1696,9.5,4
188(E1),D,C,-4.616,0.3203,8,4
188(E1),D,D,0,0,,4
188(E1),D,E,0.0201,0.1728,9.5,4
188(E1),D,F,-0.4252,0.3208,13.5,4
188(E1),D,G,-0.2606,0.1913,8,4
188(E1),D,H,0.09128,0.07912,8,4
188(E1),D,I,-0.1414,0.08432,7.5,4
188(E1),D,K,-7.527,0,4.5,4
188(E1),D,L,-0.5475,0.3654,7.5,4
188(E1),D,M,-0.6863,0.4226,3.5,4
188(E1),D,N,-0.2566,0.2436,18.5,4
188(E1),D,P,-0.3051,0.4571,6.5,4
188(E1),D,Q,-0.06474,0.2975,7,4
188(E1),D,R,-7.675,0,11,4
188(E1),D,S,-7.61,0,8.5,4
188(E1),D,T,-7.723,0,7.5,4
188(E1),D,V,-0.4345,0.2145,8,4
188(E1),D,W,-0.6883,0.5189,5.5,4
188(E1),D,Y,-1.157,1.714,6.5,4
188(E2),V,-,-0.206,0.3702,2.5,4
188(E2),V,A,-7.285,0,9.5,4
188(E2),V,C,-7.213,0,4.75,4
188(E2),V,D,-7.425,0,4.5,4
188(E2),V,E,-7.388,0,6,4
188(E2),V,F,-7.423,0,5,4
188(E2),V,G,-7.485,0,2,4
188(E2),V,H,-7.349,0,6.5,4
188(E2),V,I,-3.759,0.6365,5,4
188(E2),V,K,-7.486,0,6.5,4
188(E2),V,L,-4.715,0,16.5,4
188(E2),V,M,-6.821,0,18.5,4
188(E2),V,N,-7.357,0,4,4
188(E2),V,P,-7.028,0,1.5,4
188(E2),V,Q,-7.469,0,4.5,4
188(E2),V,R,-7.338,0,3.5,4
188(E2),V,S,-6.784,0,5.5,4
188(E2),V,T,-6.056,0,5.5,4
188(E2),V,V,0,0,,4
188(E2),V,W,-7.367,0,2.25,4
188(E2),V,Y,-7.02,0,5,4
189(E1),Y,*,-6.675,0,2.5,4
189(E1),Y,-,-0.06504,0.00697,0.5,2
189(E1),Y,A,-7.606,0,11.5,4
189(E1),Y,C,-7.554,0,13,4
189(E1),Y,D,-7.616,0,10,4
189(E1),Y,E,-7.493,0,8.25,4
189(E1),Y,F,-0.4216,0.2274,10,4
189(E1),Y,G,-7.549,0,7.5,4
189(E1),Y,H,-5.473,0,9.5,4
189(E1),Y,I,-7.511,0,5,4
189(E1),Y,K,-7.431,0,8.5,4
189(E1),Y,L,-7.649,0,7,4
189(E1),Y,M,-7.477,0,6.5,4
189(E1),Y,N,-7.69,0,12.75,4
189(E1),Y,P,-7.731,0,13.5,4
189(E1),Y,Q,-7.424,0,4,4
189(E1),Y,R,-7.524,0,4.5,4
189(E1),Y,S,-7.354,0,10.5,4
189(E1),Y,T,-7.516,0,7.5,4
189(E1),Y,V,-7.508,0,5.5,4
189(E1),Y,W,-0.5717,0.7437,4.5,4
189(E1),Y,Y,0,0,,4
189(E2),K,-,-4.108,1.853,3,4
189(E2),K,A,-0.5919,0.253,5.5,4
189(E2),K,C,-3.276,0.2209,8,4
189(E2),K,D,-7.451,0,8,4
189(E2),K,E,-3.666,1.556,7.5,4
189(E2),K,F,-0.9764,1.159,4,4
189(E2),K,G,-6.479,0,3.5,4
189(E2),K,H,-0.4368,0.2224,7,4
189(E2),K,I,-0.7769,0.208,4.5,4
189(E2),K,K,0,0,,4
189(E2),K,L,0.01465,0.6655,3.5,4
189(E2),K,M,-0.2594,0.1166,6,4
189(E2),K,N,-3.614,0.3372,8.5,4
189(E2),K,P,-7.161,0,8,4
189(E2),K,Q,-0.2714,0.4451,3.5,4
189(E2),K,R,-0.1995,0.08176,7.5,4
189(E2),K,S,-4.571,0,8.5,4
189(E2),K,T,-3.416,0.4568,6,4
189(E2),K,V,-0.8291,0.3023,5.5,4
189(E2),K,W,-1.04,0.6525,4.5,4
189(E2),K,Y,-0.3515,0.2212,6,4
19(6K),W,*,-7.707,0,43.5,4
19(6K),W,A,0.09279,0.2393,6.5,4
19(6K),W,C,0.1006,0.06629,9.5,4
19(6K),W,D,-0.2662,0.2541,7.5,4
19(6K),W,E,-0.2852,0.2559,6,4
19(6K),W,F,-0.1248,0.2833,8.5,4
19(6K),W,G,-0.03488,0.1421,5.25,4
19(6K),W,H,-0.3072,0.536,3,4
19(6K),W,I,-0.4877,1.333,5,4
19(6K),W,K,0.04341,0.1205,5.5,4
19(6K),W,L,-0.3558,0.1315,8.5,4
19(6K),W,M,0.00277,0.06626,11,4
19(6K),W,N,-0.5224,0.1316,7.5,4
19(6K),W,P,0.02071,0.1768,5,4
19(6K),W,Q,-0.09552,0.154,10.5,4
19(6K),W,R,-0.279,0.4841,9,4
19(6K),W,S,-0.07481,0.09946,12,4
19(6K),W,T,-0.09173,0.1382,5,4
19(6K),W,V,-0.317,0.6248,6,4
19(6K),W,W,0,0,,4
19(6K),W,Y,-0.07128,0.1412,3,4
19(E1),V,-,-3.136,1.523,6,4
19(E1),V,A,-0.5074,0.2296,6.5,4
19(E1),V,C,-0.4733,0.1461,9.5,4
19(E1),V,D,-7.537,0,5.5,4
19(E1),V,E,-7.629,0,6,4
19(E1),V,F,-1.868,0.4301,12.5,4
19(E1),V,G,-7.404,0,6.5,4
19(E1),V,H,-7.422,0,8,4
19(E1),V,I,-0.06227,0.2726,10.5,4
19(E1),V,K,-7.619,0,9,4
19(E1),V,L,-0.4458,0.1159,8,4
19(E1),V,M,-1.309,0.618,6.5,4
19(E1),V,N,-7.688,0,8,4
19(E1),V,P,-7.508,0,12,4
19(E1),V,Q,-7.481,0,11.5,4
19(E1),V,R,-7.544,0,10,4
19(E1),V,S,-6.21,0,7.5,4
19(E1),V,T,-2.479,0.201,8.5,4
19(E1),V,V,0,0,,4
19(E1),V,W,-7.248,0,5.5,4
19(E1),V,Y,-6.684,0,10,4
19(E2),C,*,-5.189,0,4,4
19(E2),C,-,-0.5535,0.1573,1,2
19(E2),C,A,-7.579,0,8,4
19(E2),C,C,0,0,,4
19(E2),C,D,-7.567,0,11,4
19(E2),C,E,-7.516,0,6,4
19(E2),C,F,-7.538,0,12,4
19(E2),C,G,-7.417,0,11,4
19(E2),C,H,-7.514,0,7.5,4
19(E2),C,I,-7.485,0,7,4
19(E2),C,K,-7.48,0,4.5,4
19(E2),C,L,-7.339,0,7.25,4
19(E2),C,M,-7.511,0,10.5,4
19(E2),C,N,-7.298,0,7,4
19(E2),C,P,-7.517,0,6,4
19(E2),C,Q,-7.599,0,8,4
19(E2),C,R,-7.425,0,10.5,4
19(E2),C,S,-7.622,0,13,4
19(E2),C,T,-7.531,0,7.5,4
19(E2),C,V,-7.574,0,4.5,4
19(E2),C,W,-7.598,0,10.5,4
19(E2),C,Y,-7.597,0,19.5,4
19(E3),Q,*,-5.486,0,3.5,4
19(E3),Q,-,-0.1723,0.0084,0.5,2
19(E3),Q,A,0.1421,0.1575,16,4
19(E3),Q,C,-0.8723,0.6295,6.75,4
19(E3),Q,D,0.2993,0.1634,9.75,4
19(E3),Q,E,0.01555,0.2547,9.5,4
19(E3),Q,F,-0.8074,0.1769,11,4
19(E3),Q,G,0.1855,0.1045,11,4
19(E3),Q,H,-0.1041,0.2402,19,4
19(E3),Q,I,-0.06937,0.09319,7.5,4
19(E3),Q,K,-0.04228,0.135,9,4
19(E3),Q,L,-0.2143,0.288,11.75,4
19(E3),Q,M,0.1867,0.1268,12.5,4
19(E3),Q,N,0.1088,0.08545,9.5,4
19(E3),Q,P,-2.182,0.2409,10.75,4
19(E3),Q,Q,0,0,,4
19(E3),Q,R,-0.5331,0.2612,8.5,4
19(E3),Q,S,-0.589,0.2526,12,4
19(E3),Q,T,-0.09071,0.2861,15.5,4
19(E3),Q,V,0.1435,0.0325,11.25,4
19(E3),Q,W,-0.558,0.7042,2.5,4
19(E3),Q,Y,-0.1392,0.1087,10.5,4
190(E1),P,-,0.04702,0.002275,0.5,2
190(E1),P,A,-0.7569,0.6546,4,4
190(E1),P,C,-6.208,0,7.5,4
190(E1),P,D,-0.9778,0.2636,5.5,4
190(E1),P,E,-0.7681,0.338,8,4
190(E1),P,F,-1.985,0.4209,8.75,4
190(E1),P,G,-6.295,0,5.5,4
190(E1),P,H,-3.062,0.3801,17,4
190(E1),P,I,-2.748,0.5109,8,4
190(E1),P,K,-5.68,0,2,4
190(E1),P,L,-3.34,0.6131,13,4
190(E1),P,M,-2.628,0.1223,8,4
190(E1),P,N,-2.66,0.3749,7.5,4
190(E1),P,P,0,0,,4
190(E1),P,Q,-1.542,0.1701,8.5,4
190(E1),P,R,-7.12,0,7.5,4
190(E1),P,S,-0.7626,0.3523,6,4
190(E1),P,T,-1.152,0.2442,10.5,4
190(E1),P,V,-1.124,0.1064,4.25,4
190(E1),P,W,-7.139,0,5,4
190(E1),P,Y,-7.519,0,8.5,4
190(E2),I,-,-2.025,1.211,2.5,4
190(E2),I,A,-7.378,0,4,4
190(E2),I,C,-7.512,0,2,4
190(E2),I,D,-7.329,0,2.5,2
190(E2),I,E,-7.496,0,3.5,4
190(E2),I,F,-1.52,0.2376,4.5,4
190(E2),I,G,-7.486,0,3.5,4
190(E2),I,H,-7.539,0,4,4
190(E2),I,I,0,0,,4
190(E2),I,K,-7.553,0,4.5,4
190(E2),I,L,-1.071,0.6637,1.5,4
190(E2),I,M,-5.015,0,4.5,4
190(E2),I,N,-5.135,1.774,4,4
190(E2),I,P,-7.404,0,6.5,4
190(E2),I,Q,-7.54,0,5.5,4
190(E2),I,R,-6.884,0,4.5,4
190(E2),I,S,-7.578,0,3,4
190(E2),I,T,-7.363,0,5,4
190(E2),I,V,-2.476,0.2354,6,4
190(E2),I,W,-7.055,0,3.5,4
190(E2),I,Y,-7.489,0,7,4
191(E1),P,-,-1.889,1.253,1,2
191(E1),P,A,-0.06276,0.4151,4.5,4
191(E1),P,C,-2.74,0.1565,10.5,4
191(E1),P,D,-0.3723,0.1814,5,4
191(E1),P,E,-1.163,0.1399,4,4
191(E1),P,F,-0.6138,0.7308,9.5,4
191(E1),P,G,0.01685,0.2242,7.5,4
191(E1),P,H,-0.2041,0.5549,6.5,4
191(E1),P,I,0.1905,0.0277,11.25,4
191(E1),P,K,-1.649,0.5195,9.5,4
191(E1),P,L,-0.1269,0.1751,8.5,4
191(E1),P,M,-0.1624,0.2702,5.5,4
191(E1),P,N,-0.2339,0.2382,8.5,4
191(E1),P,P,0,0,,4
191(E1),P,Q,0.00583,0.1341,9.5,4
191(E1),P,R,-0.1247,0.3997,9.5,4
191(E1),P,S,0.1177,0.2023,13.25,4
191(E1),P,T,-0.3602,0.1246,11,4
191(E1),P,V,-0.2284,0.237,7,4
191(E1),P,W,-0.5001,0.3091,8,4
191(E1),P,Y,-0.5487,0.08109,12.5,4
191(E2),T,*,-7.498,0,0.5,2
191(E2),T,-,-1.327,0.7669,2.5,4
191(E2),T,A,-0.4456,0.2791,16,4
191(E2),T,C,-3.274,0.5718,3,4
191(E2),T,D,-3.426,0.3244,5,4
191(E2),T,E,-1.389,0.4518,5,4
191(E2),T,F,-1.663,1.171,7.5,4
191(E2),T,G,-2.143,0.2093,3.5,4
191(E2),T,H,-0.3145,0.2398,5.5,4
191(E2),T,I,-1.017,0.3669,18.5,4
191(E2),T,K,-0.8205,0.7363,5.5,4
191(E2),T,L,-1.052,1.429,7,4
191(E2),T,M,-0.7904,0.3938,4,4
191(E2),T,N,-0.9897,0.1551,10.5,4
191(E2),T,P,-7.471,0,4.5,4
191(E2),T,Q,-0.2697,0.1273,4.5,4
191(E2),T,R,-2.395,0.224,0.5,2
191(E2),T,S,-0.1992,0.1275,3.5,4
191(E2),T,T,0,0,,4
191(E2),T,V,-0.2757,0.4162,7.5,4
191(E2),T,W,-2.037,0.3698,5,4
191(E2),T,Y,-1.107,0.029,4,2
192(E1),F,-,0.06449,0.00473,0.5,2
192(E1),F,A,-2.502,0.5616,6,4
192(E1),F,C,-6.236,0,9.25,4
192(E1),F,D,-6.214,0,11.5,4
192(E1),F,E,-4.652,0.1503,6,4
192(E1),F,F,0,0,,4
192(E1),F,G,-6.474,0,6,4
192(E1),F,H,-1.784,0.2863,8,4
192(E1),F,I,-2.739,0.343,11.5,4
192(E1),F,K,-6.97,0,5.5,4
192(E1),F,L,-3.708,0.2074,12.25,4
192(E1),F,M,-3.077,0.4222,6,4
192(E1),F,N,-3.13,0.3002,5,4
192(E1),F,P,-1.49,0.3324,5.5,4
192(E1),F,Q,-4.444,0.06105,10.75,4
192(E1),F,R,-6.473,0,5.5,4
192(E1),F,S,-2.023,0.4043,9,4
192(E1),F,T,-2.775,0.3391,7,4
192(E1),F,V,-1.653,0.1887,4.75,4
192(E1),F,W,-0.7474,0.7365,6,4
192(E1),F,Y,0.2574,0.03532,7.5,4
192(E2),V,-,0.0233,0.9178,1.5,4
192(E2),V,A,-0.2414,0.3464,8,4
192(E2),V,C,-3.357,0.6844,5,4
192(E2),V,D,-7.165,0,4.5,4
192(E2),V,E,-6.963,0,7,4
192(E2),V,F,-7.342,0,6,4
192(E2),V,G,-3.614,0.163,4.5,2
192(E2),V,H,-6.76,0,5.5,4
192(E2),V,I,-4.746,0.002598,3,4
192(E2),V,K,-7.428,0,5.5,4
192(E2),V,L,-7.072,0.3373,8,4
192(E2),V,M,-7.255,0,28,4
192(E2),V,N,-7.572,0,7.5,4
192(E2),V,P,-0.2444,0.2791,4.5,4
192(E2),V,Q,-7.192,0,8.5,4
192(E2),V,R,-7.545,0,4.5,4
192(E2),V,S,-1.433,0.1383,6.5,4
192(E2),V,T,0.2208,0.2451,6.5,4
192(E2),V,V,0,0,,4
192(E2),V,W,-7.47,0,4,4
192(E2),V,Y,-7.367,0,3,4
193(E1),G,*,-6.502,0,2.5,4
193(E1),G,-,-2.58,0.9525,0.5,2
193(E1),G,A,-1.012,0.3689,8.5,4
193(E1),G,C,-3.127,0.769,7.5,4
193(E1),G,D,-3.129,0.1687,10,4
193(E1),G,E,-3.476,0.6117,12.5,4
193(E1),G,F,-1.139,0.1062,8.5,4
193(E1),G,G,0,0,,4
193(E1),G,H,-4.697,0,8.5,4
193(E1),G,I,-7.597,0,10,4
193(E1),G,K,-7.553,0,6,4
193(E1),G,L,-1.848,0.9649,2,4
193(E1),G,M,-0.9491,0.2864,6,4
193(E1),G,N,0.04405,0.2221,4.5,4
193(E1),G,P,-7.507,0,10,4
193(E1),G,Q,-0.5237,0.4718,6,4
193(E1),G,R,-6.581,0,25.5,4
193(E1),G,S,-1.46,0.5079,9.25,4
193(E1),G,T,-5.668,0,9,4
193(E1),G,V,-7.21,0,10.5,4
193(E1),G,W,-0.5065,0.1067,7,4
193(E1),G,Y,-4.335,0.03464,5.5,4
193(E2),N,-,-1.154,0.6997,2,4
193(E2),N,A,-1.025,0.1445,2.5,4
193(E2),N,C,-2.675,0.3162,7,4
193(E2),N,D,-0.5365,0.2332,2.5,4
193(E2),N,E,-0.3196,0.9439,2.5,4
193(E2),N,F,-1.815,0.4219,6.5,4
193(E2),N,G,-0.2547,0.3303,3,4
193(E2),N,H,-0.7296,0.09401,6,4
193(E2),N,I,-2.959,0.7993,2.75,4
193(E2),N,K,-1.104,0.7658,7.5,4
193(E2),N,L,-1.121,0.4382,4.5,4
193(E2),N,M,-1.324,0.4989,4.5,4
193(E2),N,N,0,0,,4
193(E2),N,P,-1.061,1.006,5.5,4
193(E2),N,Q,-0.6351,0.3394,3,4
193(E2),N,R,-0.1037,0.1809,4.5,4
193(E2),N,S,-0.9633,0.3715,4.5,4
193(E2),N,T,-1.049,0.5307,5,4
193(E2),N,V,-1.144,1.156,3.5,4
193(E2),N,W,-3.427,0.7097,1.5,4
193(E2),N,Y,-1.066,0.2944,3.5,4
194(E1),A,-,-3.664,0.1185,0.5,2
194(E1),A,A,0,0,,4
194(E1),A,C,-6.713,0,5.5,4
194(E1),A,D,-0.8631,0.2263,7.5,4
194(E1),A,E,-1.51,0.5463,4.5,4
194(E1),A,F,-1.581,0.3341,10,4
194(E1),A,G,0.0103,0.1611,5.5,4
194(E1),A,H,-2.216,0.8937,6.5,4
194(E1),A,I,-1.697,0.1615,7.5,4
194(E1),A,K,-7.303,0,6,4
194(E1),A,L,-2.077,0.3394,4.5,4
194(E1),A,M,-0.7965,0.3351,7,4
194(E1),A,N,-1.039,0.2767,4,4
194(E1),A,P,-7.623,0,11,4
194(E1),A,Q,-1.117,0.1723,4,4
194(E1),A,R,-0.3152,0.5618,4,4
194(E1),A,S,-0.2291,0.2172,16,4
194(E1),A,T,-0.1409,0.2256,23,4
194(E1),A,V,-2.889,0.5061,21,4
194(E1),A,W,-1.66,0.5719,3.5,4
194(E1),A,Y,-2.943,0.4906,6,4
194(E2),S,-,-0.3744,0.876,2,4
194(E2),S,A,-0.5861,0.3245,3.5,2
194(E2),S,C,-1.083,0.5682,6,4
194(E2),S,D,0.07695,0.08123,7.5,4
194(E2),S,E,0.1654,0.1783,3.5,4
194(E2),S,F,-0.7087,0.2197,6.5,4
194(E2),S,G,0.4189,0.09625,7,4
194(E2),S,H,0.06649,0.0729,4.5,4
194(E2),S,I,-5.306,0.1446,5,4
194(E2),S,K,-0.1588,0.4707,4.5,4
194(E2),S,L,-0.5174,0.4644,3.5,4
194(E2),S,M,-0.4552,0.3077,5.25,4
194(E2),S,N,0.3949,0.08379,28,4
194(E2),S,P,-6.954,0,3.5,4
194(E2),S,Q,-0.2234,0.3356,3.5,4
194(E2),S,R,-0.3934,0.1742,11.5,4
194(E2),S,S,0,0,,4
194(E2),S,T,-0.6816,0.3425,4,4
194(E2),S,V,-3.479,0.2904,7.5,4
194(E2),S,W,-1.643,0.1249,8,4
194(E2),S,Y,-1.011,0.7242,5,4
195(E1),G,*,-7.565,0,0.5,2
195(E1),G,-,-0.08467,0.00052,0.5,2
195(E1),G,A,-0.8851,0.3231,3.5,4
195(E1),G,C,-0.5236,0.0924,10.5,4
195(E1),G,D,-5.559,0,105,4
195(E1),G,E,-6.754,0,6.5,4
195(E1),G,F,-7.67,0,9,4
195(E1),G,G,0,0,,4
195(E1),G,H,-6.95,0,7,4
195(E1),G,I,-6.745,0,13.5,4
195(E1),G,K,-6.064,0,5,4
195(E1),G,L,-2.607,0.3926,13,4
195(E1),G,M,-0.1574,0.1158,5,4
195(E1),G,N,-0.5547,0.3114,7.5,4
195(E1),G,P,-0.633,0.3486,7.5,4
195(E1),G,Q,-2.51,0.09214,9.5,4
195(E1),G,R,-5.594,0,7,4
195(E1),G,S,-2.27,0.4612,23.5,4
195(E1),G,T,-0.4366,0.3286,4,4
195(E1),G,V,-3.206,1.062,10,4
195(E1),G,W,-7.637,0,7,4
195(E1),G,Y,-7.341,0,11,4
195(E2),Q,*,0.02991,0.262,1,4
195(E2),Q,-,-0.6119,0.2808,2,4
195(E2),Q,A,-0.3011,0.8234,3,4
195(E2),Q,C,-5.079,0.06928,4.5,4
195(E2),Q,D,-2.351,0.9711,3,4
195(E2),Q,E,-1.517,0.6173,6,4
195(E2),Q,F,0.1244,0.1601,5,4
195(E2),Q,G,-0.4337,0.8337,2,4
195(E2),Q,H,0.3559,0.1643,7.5,4
195(E2),Q,I,-3.199,0.9081,5,4
195(E2),Q,K,-0.1224,0.2373,5.5,4
195(E2),Q,L,0.2972,0.1343,6,4
195(E2),Q,M,0.3188,0.1322,8,4
195(E2),Q,N,0.4792,0.2594,3,4
195(E2),Q,P,-7.449,0,6,4
195(E2),Q,Q,0,0,,4
195(E2),Q,R,-0.4354,0.4304,7,4
195(E2),Q,S,-1.12,0.1984,6,4
195(E2),Q,T,-0.7853,0.1021,6,4
195(E2),Q,V,-1.417,1.377,3,4
195(E2),Q,W,0.2759,0.1712,4,4
195(E2),Q,Y,-0.2124,0.2065,3,4
196(E1),R,-,-0.1928,0.0703,0.5,2
196(E1),R,A,0.07816,0.2244,7,4
196(E1),R,C,-3.051,0.2632,5,4
196(E1),R,D,-0.4903,0.2609,10.5,4
196(E1),R,E,-1.443,1.827,5,4
196(E1),R,F,-2.038,0.722,9,4
196(E1),R,G,-0.332,0.3703,8.5,4
196(E1),R,H,-0.001995,0.07063,4.5,4
196(E1),R,I,-1.697,0.3628,10,4
196(E1),R,K,-0.5813,0.258,11,4
196(E1),R,L,0.1579,0.197,4.5,4
196(E1),R,M,-0.3636,0.6233,3.5,4
196(E1),R,N,-0.5965,0.8109,9,4
196(E1),R,P,-0.0935,0.4935,5.5,4
196(E1),R,Q,0.08537,0.2265,6,4
196(E1),R,R,0,0,,4
196(E1),R,S,-0.01769,0.1973,7,4
196(E1),R,T,-0.6365,0.2435,5,4
196(E1),R,V,-0.1307,0.4028,6.75,4
196(E1),R,W,-0.8513,0.4327,6.5,4
196(E1),R,Y,-0.7839,0.1743,6,4
196(E2),T,*,-6.439,0,0.5,2
196(E2),T,-,-0.507,0.2646,2,4
196(E2),T,A,-0.3816,0.1176,11.5,4
196(E2),T,C,-3.721,0.6298,6,4
196(E2),T,D,-2.244,0.2938,6,4
196(E2),T,E,-1.506,0.4882,5,4
196(E2),T,F,-1.812,0.9708,6,4
196(E2),T,G,-4.089,0.0132,6,4
196(E2),T,H,-0.4406,0.5486,6,4
196(E2),T,I,-1.041,0.5301,10,4
196(E2),T,K,-3.216,0.3571,5,4
196(E2),T,L,-3.756,0.1285,3.5,2
196(E2),T,M,-1.024,0.3423,5,4
196(E2),T,N,-1.911,0.7648,6,4
196(E2),T,P,-2.254,0.4611,7,4
196(E2),T,Q,-1.987,0.3371,4,4
196(E2),T,R,-4.154,0.22,2.5,4
196(E2),T,S,-0.4899,0.534,4,4
196(E2),T,T,0,0,,4
196(E2),T,V,-0.5505,0.3754,5.5,4
196(E2),T,W,-0.6663,0.3845,5,4
196(E2),T,Y,-1.835,0.484,6.5,4
197(E1),P,-,-1.657,1.539,1,4
197(E1),P,A,-0.6339,0.3137,4.5,4
197(E1),P,C,-2.622,1.086,3,4
197(E1),P,D,-4.38,0.08277,6.5,4
197(E1),P,E,-1.732,0.3229,6,4
197(E1),P,F,-2.457,0.5625,6,4
197(E1),P,G,-1.625,1.248,4,4
197(E1),P,H,-1.788,0.1654,13,4
197(E1),P,I,-7.582,0,5.5,4
197(E1),P,K,-4.515,0,11.5,4
197(E1),P,L,-7.546,0,15,4
197(E1),P,M,-2.481,0.3969,6.5,4
197(E1),P,N,-3.727,0.1798,8.5,4
197(E1),P,P,0,0,,4
197(E1),P,Q,-0.8465,0.7753,6,4
197(E1),P,R,-5.416,0,7.5,4
197(E1),P,S,-1.25,0.2068,18.5,4
197(E1),P,T,-5.056,0,8.5,4
197(E1),P,V,-2.334,1.954,3,4
197(E1),P,W,-2.29,0.6724,7,4
197(E1),P,Y,-2.366,0.09759,6,4
197(E2),V,-,-0.2937,0.2427,2,4
197(E2),V,A,-7.07,0,6.5,4
197(E2),V,C,-7.45,0,4,4
197(E2),V,D,-7.576,0,6,4
197(E2),V,E,-7.264,0,3.5,4
197(E2),V,F,-7.46,0,7.5,4
197(E2),V,G,-7.661,0,5.5,4
197(E2),V,H,-7.232,0,3,4
197(E2),V,I,-0.009055,0.2904,4,4
197(E2),V,K,-7.524,0,4.5,4
197(E2),V,L,-6.928,0,7.5,4
197(E2),V,M,-7.415,0,23.75,4
197(E2),V,N,-7.521,0,7,4
197(E2),V,P,-6.948,0,4,4
197(E2),V,Q,-7.447,0,5.5,4
197(E2),V,R,-7.465,0,6.5,4
197(E2),V,S,-7.303,0,5,4
197(E2),V,T,-7.38,0,7.5,4
197(E2),V,V,0,0,,4
197(E2),V,W,-7.372,0,5.5,4
197(E2),V,Y,-7.162,0,6,4
198(E1),G,-,-1.09,0.9204,1,4
198(E1),G,A,-1.476,1.176,6,4
198(E1),G,C,-7.407,0,16,4
198(E1),G,D,-7.659,0,69.5,4
198(E1),G,E,-6.986,0,5.5,4
198(E1),G,F,-4.254,0.07967,6.5,4
198(E1),G,G,0,0,,4
198(E1),G,H,-7.322,0,6,4
198(E1),G,I,-7.423,0,5,4
198(E1),G,K,-7.553,0,5,4
198(E1),G,L,-5.71,0,8,4
198(E1),G,M,-6.281,0,6,4
198(E1),G,N,-6.956,0,8,4
198(E1),G,P,-7.267,0,8.75,4
198(E1),G,Q,-6.531,0,7.5,4
198(E1),G,R,-7.536,0,9,4
198(E1),G,S,-2.942,0.3242,15.5,4
198(E1),G,T,-4.891,0,8.5,4
198(E1),G,V,-7.646,0,8,4
198(E1),G,W,-7.294,0,4,4
198(E1),G,Y,-6.854,0,3.5,4
198(E2),R,-,-0.8304,1.472,2.5,4
198(E2),R,A,-0.9605,0.4583,3.5,4
198(E2),R,C,-7.085,0,5.5,4
198(E2),R,D,-7.296,0,3,4
198(E2),R,E,-7.498,0,4,4
198(E2),R,F,-2.968,0.5302,3.5,4
198(E2),R,G,-7.582,0,3.5,4
198(E2),R,H,-2.162,0.3604,3,4
198(E2),R,I,-1.552,1.263,6,4
198(E2),R,K,0.3428,0.02516,1.5,4
198(E2),R,L,-3.861,0.4931,11,4
198(E2),R,M,-4.318,0.4662,2,4
198(E2),R,N,-3.891,0.3452,5,4
198(E2),R,P,-7.638,0,2.5,4
198(E2),R,Q,-4.412,0,14.5,4
198(E2),R,R,0,0,,4
198(E2),R,S,-3.158,1.078,3,4
198(E2),R,T,-1.396,1.119,2,4
198(E2),R,V,-1.786,0.3294,2.5,4
198(E2),R,W,-3.556,0.2856,35,4
198(E2),R,Y,-1.965,0.781,5,4
199(E1),Q,*,-6.476,0,3.5,4
199(E1),Q,-,-0.5311,0.4283,1.5,4
199(E1),Q,A,0.2208,0.04372,2.5,4
199(E1),Q,C,-0.0325,0.3066,3.5,4
199(E1),Q,D,-0.8393,0.6629,6,4
199(E1),Q,E,-0.2446,0.1918,2,4
199(E1),Q,F,-0.9621,0.5409,5,4
199(E1),Q,G,-0.7667,0.3819,6,4
199(E1),Q,H,-0.079,0.2727,9.5,4
199(E1),Q,I,-0.5418,0.2235,7.5,4
199(E1),Q,K,-1.941,0.1196,8.5,4
199(E1),Q,L,-1.173,0.3983,6,4
199(E1),Q,M,0.1291,0.1616,4.5,4
199(E1),Q,N,-0.3863,0.455,6,4
199(E1),Q,P,-7.622,0,6.5,4
199(E1),Q,Q,0,0,,4
199(E1),Q,R,-2.216,0.3603,5.5,4
199(E1),Q,S,0.2419,0.02679,8.5,4
199(E1),Q,T,0.03585,0.3026,6,4
199(E1),Q,V,-1.235,0.6686,7,4
199(E1),Q,W,-1.117,0.7209,8.25,4
199(E1),Q,Y,-1.056,0.7865,4.5,4
199(E2),Y,*,-5.194,0.2005,3,2
199(E2),Y,-,-1.352,0.6892,2,4
199(E2),Y,A,-7.51,0,3,4
199(E2),Y,C,-5.829,0.8193,4.5,4
199(E2),Y,D,-6.98,0,3,4
199(E2),Y,E,-7.577,0,5,4
199(E2),Y,F,-0.42,0.5291,4,4
199(E2),Y,G,-7.5,0,6,4
199(E2),Y,H,-7.548,0,8,4
199(E2),Y,I,-7.012,0,8,4
199(E2),Y,K,-7.593,0,5,4
199(E2),Y,L,-7.216,0,3,4
199(E2),Y,M,-7.566,0,6.5,4
199(E2),Y,N,-7.433,0,8,4
199(E2),Y,P,-7.585,0,1.5,2
199(E2),Y,Q,-7.587,0,5,4
199(E2),Y,R,-7.503,0,5,4
199(E2),Y,S,-7.087,0,4.5,4
199(E2),Y,T,-7.019,0,3,4
199(E2),Y,V,-7.2,0,5,4
199(E2),Y,W,-0.368,0.0928,4,4
199(E2),Y,Y,0,0,,4
2(6K),T,*,-7.567,0,12.5,4
2(6K),T,-,-1.831,0.114,1.5,2
2(6K),T,A,-0.1316,0.2288,14.5,4
2(6K),T,C,-0.9224,0.1897,6,4
2(6K),T,D,-0.06015,0.1855,8.5,4
2(6K),T,E,0.06755,0.2041,9,4
2(6K),T,F,-0.5645,0.5503,12,4
2(6K),T,G,0.1223,0.0632,6.5,4
2(6K),T,H,-0.3519,0.1176,7.5,4
2(6K),T,I,-0.06496,0.02927,9.75,4
2(6K),T,K,0.004545,0.0815,9.5,4
2(6K),T,L,0.03885,0.2661,9.5,4
2(6K),T,M,-0.2556,0.07223,8,4
2(6K),T,N,0.01016,0.0181,13.5,4
2(6K),T,P,0.02839,0.1505,12,4
2(6K),T,Q,0.1337,0.1318,6.5,4
2(6K),T,R,-0.2061,0.3447,10.5,4
2(6K),T,S,-0.1315,0.298,6.5,4
2(6K),T,T,0,0,,4
2(6K),T,V,0.0115,0.3579,6,4
2(6K),T,W,-1.698,0.508,7.5,4
2(6K),T,Y,-0.7164,0.1095,6,4
2(E1),E,*,-5.378,0.7236,5.5,4
2(E1),E,-,0.1684,0.0443,1,2
2(E1),E,A,-4.779,0,4.5,4
2(E1),E,C,-7.47,0,6.25,4
2(E1),E,D,0.2002,0.07418,12.5,4
2(E1),E,E,0,0,,4
2(E1),E,F,-7.625,0,6,4
2(E1),E,G,-5.882,0,9.5,4
2(E1),E,H,-7.33,0,6,4
2(E1),E,I,-7.127,0,10,4
2(E1),E,K,-7.498,0,9,4
2(E1),E,L,-7.585,0,5.5,4
2(E1),E,M,-7.585,0,7.5,4
2(E1),E,N,-7.331,0,8.5,4
2(E1),E,P,-7.518,0,6,4
2(E1),E,Q,-7.317,0,7,4
2(E1),E,R,-7.547,0,4,4
2(E1),E,S,-5.866,0,10,4
2(E1),E,T,-7.181,0,8.25,4
2(E1),E,V,-7.262,0,7,4
2(E1),E,W,-7.477,0,7.5,4
2(E1),E,Y,-6.104,0,9,4
2(E2),I,-,-1.123,0.4628,2,4
2(E2),I,A,0.1003,0.3368,6,4
2(E2),I,C,-0.8281,0.1303,11.25,4
2(E2),I,D,-0.1236,0.2161,6,4
2(E2),I,E,0.1698,0.4293,6.5,4
2(E2),I,F,-0.2464,0.3486,9.5,4
2(E2),I,G,-0.7759,0.1969,3,4
2(E2),I,H,0.0931,0.1668,11.5,4
2(E2),I,I,0,0,,4
2(E2),I,K,-2.194,0.2332,6,4
2(E2),I,L,0.00578,0.1085,8,4
2(E2),I,M,-0.1644,0.4023,8,4
2(E2),I,N,0.0727,0.3038,6.5,4
2(E2),I,P,-0.06265,0.2595,8.5,4
2(E2),I,Q,-0.1313,0.2614,6.5,4
2(E2),I,R,-2.938,0.1656,7.5,4
2(E2),I,S,0.01385,0.2682,9.5,4
2(E2),I,T,-0.5771,0.8968,5.5,4
2(E2),I,V,-0.002125,0.3168,8.5,4
2(E2),I,W,-0.3743,0.2262,5.5,4
2(E2),I,Y,-0.06932,0.005455,2.5,2
2(E3),L,*,-7.556,0,6.5,4
2(E3),L,-,-0.338,0.1212,0.5,2
2(E3),L,A,-0.6311,0.06183,8,4
2(E3),L,C,-0.4981,0.09697,10,4
2(E3),L,D,-6.734,0,6.25,4
2(E3),L,E,-6.581,0,10.5,4
2(E3),L,F,-0.4352,0.5154,3.5,4
2(E3),L,G,-0.7005,0.5672,9,4
2(E3),L,H,-0.9352,0.1657,10,4
2(E3),L,I,0.1277,0.1381,6,4
2(E3),L,K,-2.837,0.2442,13.5,4
2(E3),L,L,0,0,,4
2(E3),L,M,-1.109,0.2133,15.5,4
2(E3),L,N,-1.812,0.6239,9.5,4
2(E3),L,P,-0.7653,0.4339,11.5,4
2(E3),L,Q,-3.301,0.2163,15.5,4
2(E3),L,R,-2.723,0.2386,12,4
2(E3),L,S,-1.552,0.1655,9.5,4
2(E3),L,T,-1.163,0.4003,10,4
2(E3),L,V,-0.7518,0.504,11,4
2(E3),L,W,-0.1907,0.2763,8.5,4
2(E3),L,Y,-0.1241,0.192,7,4
20(6K),L,*,-7.625,0,9,4
20(6K),L,A,-0.02958,0.156,8,4
20(6K),L,C,-0.2574,0.3097,5.5,4
20(6K),L,D,-0.1964,0.2961,5.5,4
20(6K),L,E,0.02108,0.09816,6,4
20(6K),L,F,-0.2912,0.218,6.5,4
20(6K),L,G,-0.1091,0.1151,7.5,4
20(6K),L,H,-0.971,0.3294,4.75,4
20(6K),L,I,-0.09135,0.3269,9,4
20(6K),L,K,-0.3773,0.1398,3.5,4
20(6K),L,L,0,0,,4
20(6K),L,M,-0.1247,0.2426,11.5,4
20(6K),L,N,-0.0754,0.4226,7.5,4
20(6K),L,P,-0.1875,0.2563,13.5,4
20(6K),L,Q,0.1671,0.07146,4.5,4
20(6K),L,R,-0.2428,0.07642,6,4
20(6K),L,S,-0.3008,0.4362,6.5,4
20(6K),L,T,-0.3869,0.1973,8,4
20(6K),L,V,0.04559,0.101,6.5,4
20(6K),L,W,0.0412,0.3385,7,4
20(6K),L,Y,0.2162,0.06774,6,4
20(E1),N,-,-3.335,1.775,6,4
20(E1),N,A,0.1789,0.04639,11,4
20(E1),N,C,-0.9128,0.4519,6,4
20(E1),N,D,0.02464,0.1415,14.25,4
20(E1),N,E,0.1003,0.07606,4,4
20(E1),N,F,-0.4688,0.1132,9.5,4
20(E1),N,G,-0.4515,0.5603,7,4
20(E1),N,H,-0.6394,0.1036,7,4
20(E1),N,I,-0.141,0.2629,6.75,4
20(E1),N,K,-0.2007,0.1592,8,4
20(E1),N,L,-0.4819,0.1567,6.5,4
20(E1),N,M,-0.06438,0.2184,9.5,4
20(E1),N,N,0,0,,4
20(E1),N,P,-4.114,0.098,10.5,4
20(E1),N,Q,-0.0926,0.08612,5.5,4
20(E1),N,R,-0.3009,0.6526,10.5,4
20(E1),N,S,0.0836,0.06944,9,4
20(E1),N,T,0.01115,0.2037,11,4
20(E1),N,V,-0.2079,0.2394,8.5,4
20(E1),N,W,0.03598,0.1126,8,4
20(E1),N,Y,-1.038,0.489,6.5,4
20(E2),P,-,0.05699,0.02042,0.5,2
20(E2),P,A,-0.9558,0.2504,9,4
20(E2),P,C,-5.412,0,7.5,4
20(E2),P,D,-2.833,1.045,3.5,4
20(E2),P,E,-1.466,0.3965,8.5,4
20(E2),P,F,-2.49,0.2105,9.5,4
20(E2),P,G,-0.688,0.1875,7.5,4
20(E2),P,H,-2.63,0.2052,14,4
20(E2),P,I,-1.725,0.07958,7,4
20(E2),P,K,-2.593,0.307,6,4
20(E2),P,L,-2.146,0.9062,8,4
20(E2),P,M,-3.037,0.5716,6,4
20(E2),P,N,-1.528,0.2145,6,4
20(E2),P,P,0,0,,4
20(E2),P,Q,-1.702,0.1363,5.5,4
20(E2),P,R,-1.817,0.1145,5.5,4
20(E2),P,S,-0.1738,0.1333,7.5,4
20(E2),P,T,-1.715,0.238,10,4
20(E2),P,V,-1.823,0.109,8,4
20(E2),P,W,-1.712,0.1715,9.5,4
20(E2),P,Y,-2.303,0.2089,6,4
20(E3),P,*,-7.542,0,8.5,4
20(E3),P,-,-0.2541,0.00905,0.5,2
20(E3),P,A,-1.385,0.5854,7.5,4
20(E3),P,C,-1.99,0.5453,12,4
20(E3),P,D,-1.318,0.8574,10,4
20(E3),P,E,-2.067,0.3148,8.5,4
20(E3),P,F,-1.612,0.2825,9.5,4
20(E3),P,G,-1.98,1.072,5.5,4
20(E3),P,H,-1.421,0.4581,5,4
20(E3),P,I,-0.9324,0.2381,9.5,4
20(E3),P,K,-1.728,0.2072,8,4
20(E3),P,L,-0.8518,0.3436,8.5,4
20(E3),P,M,-0.2071,0.3358,7.5,4
20(E3),P,N,-1.802,0.04859,9,4
20(E3),P,P,0,0,,4
20(E3),P,Q,-1.653,0.4811,1,4
20(E3),P,R,-1.055,0.3286,7.5,4
20(E3),P,S,-0.7931,0.2405,16.5,4
20(E3),P,T,-0.9791,0.1774,8,4
20(E3),P,V,-1.518,0.1998,12,4
20(E3),P,W,-1.602,0.1063,8,4
20(E3),P,Y,-2.198,0.1354,6,4
200(E1),F,*,-7.504,0,0.5,2
200(E1),F,-,-0.8841,0.796,1.5,4
200(E1),F,A,-7.481,0,6.5,4
200(E1),F,C,-7.532,0,9.5,4
200(E1),F,D,-7.64,0,5,4
200(E1),F,E,-7.556,0,5.5,4
200(E1),F,F,0,0,,4
200(E1),F,G,-7.476,0,4.5,4
200(E1),F,H,-7.602,0,5.5,4
200(E1),F,I,-6.179,0,8,4
200(E1),F,K,-7.566,0,6.5,4
200(E1),F,L,0.08289,0.2711,11.75,4
200(E1),F,M,-7.524,0,5.5,4
200(E1),F,N,-7.572,0,7,4
200(E1),F,P,-7.578,0,5.5,4
200(E1),F,Q,-7.576,0,7,4
200(E1),F,R,-7.345,0,4.5,4
200(E1),F,S,-7.529,0,8.5,4
200(E1),F,T,-7.595,0,4,4
200(E1),F,V,-7.378,0,10,4
200(E1),F,W,-1.105,1.854,5.5,4
200(E1),F,Y,-0.7399,0.1599,8,4
200(E2),K,-,-0.5166,0.2318,2.5,4
200(E2),K,A,-1.459,0.9144,4.75,4
200(E2),K,C,-5.842,0,6,4
200(E2),K,D,-6.853,0,6,4
200(E2),K,E,-4.054,0.3972,5.5,4
200(E2),K,F,-0.8834,0.1905,5.5,4
200(E2),K,G,-6.752,0,7.5,4
200(E2),K,H,-0.2767,0.2403,5.5,4
200(E2),K,I,-1.44,0.4057,3.5,4
200(E2),K,K,0,0,,4
200(E2),K,L,-1.971,0.3682,7.5,4
200(E2),K,M,-1.051,0.165,7.5,4
200(E2),K,N,-2.303,0.3649,8.5,4
200(E2),K,P,-7.617,0,6,4
200(E2),K,Q,-0.3576,0.2991,5.5,4
200(E2),K,R,0.1431,0.2377,7,4
200(E2),K,S,-1.728,0.1232,6.5,4
200(E2),K,T,-1.125,0.1681,8,4
200(E2),K,V,-1.111,0.8204,3,4
200(E2),K,W,-1.637,0.1371,3.5,4
200(E2),K,Y,-1.101,0.6246,3,4
201(E1),G,-,-0.9464,0.9709,2,4
201(E1),G,A,-1.246,0.3099,8.5,4
201(E1),G,C,-7.681,0,12.5,4
201(E1),G,D,-7.62,0,19.5,4
201(E1),G,E,-7.588,0,6,4
201(E1),G,F,-7.571,0,4.5,4
201(E1),G,G,0,0,,4
201(E1),G,H,-7.508,0,6.5,4
201(E1),G,I,-7.468,0,4,4
201(E1),G,K,-7.263,0,5,4
201(E1),G,L,-7.425,0,8,4
201(E1),G,M,-7.482,0,6,4
201(E1),G,N,-7.528,0,10,4
201(E1),G,P,-7.425,0,7.5,4
201(E1),G,Q,-7.245,0,5.5,4
201(E1),G,R,-7.345,0,4,4
201(E1),G,S,-7.197,0,12,4
201(E1),G,T,-7.545,0,7.5,4
201(E1),G,V,-7.612,0,10.5,4
201(E1),G,W,-7.528,0,5,4
201(E1),G,Y,-7.426,0,5,4
201(E2),C,*,-4.862,1.546,2,4
201(E2),C,-,-0.5607,0.2554,2.5,4
201(E2),C,A,-7.517,0,4,4
201(E2),C,C,0,0,,4
201(E2),C,D,-7.565,0,4,4
201(E2),C,E,-7.128,0.4638,5,4
201(E2),C,F,-6.956,0,7.5,4
201(E2),C,G,-7.34,0,6,4
201(E2),C,H,-7.03,0,4.5,4
201(E2),C,I,-4.728,0.7706,4.5,4
201(E2),C,K,-7.524,0,3.5,4
201(E2),C,L,-7.482,0,6,4
201(E2),C,M,-6.84,0,1,4
201(E2),C,N,-7.093,0,6,4
201(E2),C,P,-7.596,0,4.5,4
201(E2),C,Q,-7.564,0,3.5,4
201(E2),C,R,-7.365,0,9,4
201(E2),C,S,-7.37,0,7.5,4
201(E2),C,T,-7.309,0,5,4
201(E2),C,V,-7.483,0,4,4
201(E2),C,W,-7.39,0,6.5,4
201(E2),C,Y,-7.547,0,20,4
202(E1),D,-,-0.1282,0.06952,2.5,4
202(E1),D,A,-7.482,0,10.75,4
202(E1),D,C,-7.612,0,7.5,4
202(E1),D,D,0,0,,4
202(E1),D,E,-7.666,0,5.5,4
202(E1),D,F,-7.509,0,8.5,4
202(E1),D,G,-7.558,0,10,4
202(E1),D,H,-7.522,0,4.5,4
202(E1),D,I,-7.477,0,10.5,4
202(E1),D,K,-7.494,0,7,4
202(E1),D,L,-7.556,0,7.5,4
202(E1),D,M,-7.466,0,9.5,4
202(E1),D,N,-7.569,0,38,4
202(E1),D,P,-7.507,0,3,4
202(E1),D,Q,-7.515,0,7,4
202(E1),D,R,-7.448,0,7.5,4
202(E1),D,S,-7.601,0,6,4
202(E1),D,T,-7.623,0,7.5,4
202(E1),D,V,-7.456,0,11,4
202(E1),D,W,-7.537,0,5.5,4
202(E1),D,Y,-7.569,0,13.25,4
202(E2),N,-,0.1316,0.6193,1.5,4
202(E2),N,A,0.1123,0.2686,5,4
202(E2),N,C,-1.637,1.189,5.5,4
202(E2),N,D,0.0261,0.5504,6,4
202(E2),N,E,-1.648,0.8443,6,4
202(E2),N,F,-1.154,0.6459,5.5,4
202(E2),N,G,-0.1743,0.1252,2,4
202(E2),N,H,-0.2772,0.548,6.5,4
202(E2),N,I,-0.2048,0.4095,8,4
202(E2),N,K,0.3305,0.1779,6.5,4
202(E2),N,L,0.09645,0.3655,2,4
202(E2),N,M,-0.665,0.4419,5,4
202(E2),N,N,0,0,,4
202(E2),N,P,-6.345,0,3.5,4
202(E2),N,Q,-0.7133,0.1901,6.5,4
202(E2),N,R,-0.5145,0.5599,6,4
202(E2),N,S,0.3347,0.1409,8,4
202(E2),N,T,-0.1454,0.1764,4.5,4
202(E2),N,V,0.01342,0.234,3.5,4
202(E2),N,W,-0.01228,0.1215,3.5,4
202(E2),N,Y,-0.2097,0.4376,5.5,4
203(E1),I,-,-3.726,1.916,3,4
203(E1),I,A,-7.035,0,6,4
203(E1),I,C,-2.032,0.1562,12.5,4
203(E1),I,D,-7.559,0,8.5,4
203(E1),I,E,-7.508,0,8.5,4
203(E1),I,F,-3.367,0.2292,6,4
203(E1),I,G,-7.497,0,6,4
203(E1),I,H,-7.63,0,7,4
203(E1),I,I,0,0,,4
203(E1),I,K,-7.521,0,4.5,4
203(E1),I,L,-0.5916,0.2178,4,4
203(E1),I,M,-1.117,0.6691,7,4
203(E1),I,N,-7.58,0,9.5,4
203(E1),I,P,-7.466,0,10.5,4
203(E1),I,Q,-7.548,0,8.5,4
203(E1),I,R,-7.47,0,8,4
203(E1),I,S,-7.622,0,10,4
203(E1),I,T,-5.371,0,6,4
203(E1),I,V,-0.2348,0.5186,8.25,4
203(E1),I,W,-7.019,0,7.5,4
203(E1),I,Y,-5.505,0,6.5,4
203(E2),C,*,-7.456,0,5.5,4
203(E2),C,-,-0.1137,0.1412,1,2
203(E2),C,A,-7.373,0,9,4
203(E2),C,C,0,0,,4
203(E2),C,D,-7.47,0,1.5,4
203(E2),C,E,-7.49,0,5.5,4
203(E2),C,F,-7.098,0,10,4
203(E2),C,G,-7.623,0,6.5,4
203(E2),C,H,-6.787,0,5,4
203(E2),C,I,-7.53,0,5,4
203(E2),C,K,-7.081,0,4,4
203(E2),C,L,-7.324,0,8.5,4
203(E2),C,M,-7.371,0,5,4
203(E2),C,N,-7.41,0,3.25,4
203(E2),C,P,-7.416,0,3,4
203(E2),C,Q,-7.561,0,5.5,4
203(E2),C,R,-7.461,0,7.5,4
203(E2),C,S,-7.252,0,8,4
203(E2),C,T,-7.211,0,6,4
203(E2),C,V,-7.473,0,4.75,4
203(E2),C,W,-7.534,0,8.5,4
203(E2),C,Y,-7.194,0,12.5,4
204(E1),Q,*,-6.431,0,6.5,4
204(E1),Q,-,-0.1704,0.06019,2,4
204(E1),Q,A,-0.6728,0.4387,8.75,4
204(E1),Q,C,-1.869,0.9343,4,4
204(E1),Q,D,-7.626,0,5.5,4
204(E1),Q,E,-7.397,0,7,4
204(E1),Q,F,-7.631,0,9.5,4
204(E1),Q,G,-7.304,0,9,4
204(E1),Q,H,-7.169,0,15.5,4
204(E1),Q,I,-7.418,0,8.5,4
204(E1),Q,K,-7.573,0,11,4
204(E1),Q,L,-7.37,0,9,4
204(E1),Q,M,-0.1799,0.4597,10,4
204(E1),Q,N,-7.618,0,8,4
204(E1),Q,P,-7.302,0,17.5,4
204(E1),Q,Q,0,0,,4
204(E1),Q,R,-7.462,0,14,4
204(E1),Q,S,-3.874,0.3695,3.5,4
204(E1),Q,T,-4.877,0,4,4
204(E1),Q,V,-3.571,0.4978,6,4
204(E1),Q,W,-7.563,0,4,4
204(E1),Q,Y,-7.572,0,4,4
204(E2),G,-,-0.2959,0.1063,1,2
204(E2),G,A,-1.659,0.09212,5.5,4
204(E2),G,C,-5.821,0,13,4
204(E2),G,D,-1.853,0.2127,14.5,4
204(E2),G,E,-1.664,0.3823,3,4
204(E2),G,F,-3.563,0.597,5,4
204(E2),G,G,0,0,,4
204(E2),G,H,-1.004,0.4002,4.5,4
204(E2),G,I,-1.44,0.4615,4.5,4
204(E2),G,K,-0.9025,0.2161,5,4
204(E2),G,L,-1.008,0.914,3.5,4
204(E2),G,M,-3.172,1.005,3,4
204(E2),G,N,0.04458,0.248,5,4
204(E2),G,P,-1.466,0.4271,3.5,4
204(E2),G,Q,-0.6076,0.06941,4.5,4
204(E2),G,R,-1.588,0.2218,4,4
204(E2),G,S,0.07378,0.25,10,4
204(E2),G,T,-0.1036,0.3263,5.5,4
204(E2),G,V,-1.841,0.1711,6.5,4
204(E2),G,W,-3.369,0.5212,3,4
204(E2),G,Y,-2.998,0.5409,7,4
205(E1),S,-,-3.549,2.058,2.5,4
205(E1),S,A,-1.897,0.1104,6,4
205(E1),S,C,-0.8714,0.5404,5.5,4
205(E1),S,D,-6.178,0,7.5,4
205(E1),S,E,-4.533,0,10.5,4
205(E1),S,F,-2.154,0.1756,7,4
205(E1),S,G,-3.737,0.272,6,4
205(E1),S,H,-1.849,0.361,7,4
205(E1),S,I,-4.274,0,10,4
205(E1),S,K,-3.345,0.4396,4,4
205(E1),S,L,-1.469,1.655,4,4
205(E1),S,M,-0.2369,0.2573,7,4
205(E1),S,N,-7.466,0,29.25,4
205(E1),S,P,-7.646,0,4.5,4
205(E1),S,Q,-4.124,0.09825,7.5,4
205(E1),S,R,-7.201,0,10,4
205(E1),S,S,0,0,,4
205(E1),S,T,-0.07777,0.1431,6,4
205(E1),S,V,-3.207,0.3005,5.5,4
205(E1),S,W,-6.47,0,5.5,4
205(E1),S,Y,-3.905,0.2414,5,4
205(E2),D,-,-0.6342,0.00025,1,2
205(E2),D,A,-0.01742,0.1092,3.5,4
205(E2),D,C,-5.021,0,5.5,4
205(E2),D,D,0,0,,4
205(E2),D,E,0.1568,0.2245,4.5,4
205(E2),D,F,-0.2294,0.244,4.5,4
205(E2),D,G,-0.8859,0.6407,5,4
205(E2),D,H,0.1264,0.3347,3,4
205(E2),D,I,-0.2898,0.1581,5.5,4
205(E2),D,K,0.164,0.2481,2.5,2
205(E2),D,L,-0.7816,0.7234,7,4
205(E2),D,M,-0.07949,0.1273,4.5,4
205(E2),D,N,-0.2799,0.1744,12.75,4
205(E2),D,P,0.2433,0.1448,3,4
205(E2),D,Q,0.0254,0.1745,4,4
205(E2),D,R,-0.5281,0.3378,5.25,4
205(E2),D,S,-0.5622,0.477,4,4
205(E2),D,T,-0.06073,0.06917,4.5,4
205(E2),D,V,-0.184,0.2369,3.5,4
205(E2),D,W,-2.149,2.032,2,4
205(E2),D,Y,-0.3312,0.3409,11.5,4
206(E1),R,*,-3.406,1.849,1.5,4
206(E1),R,-,0.07157,0.2291,1.5,4
206(E1),R,A,-1.366,0.1829,7,4
206(E1),R,C,-4.418,0,8.5,4
206(E1),R,D,-3.288,0.2099,9.5,4
206(E1),R,E,-0.8072,0.1825,8.5,4
206(E1),R,F,-1.775,0.1669,6.5,4
206(E1),R,G,-1.031,0.2968,13,4
206(E1),R,H,-0.7822,0.0616,5.5,4
206(E1),R,I,-0.8174,0.241,9,4
206(E1),R,K,-1.575,0.5197,26,4
206(E1),R,L,-0.3171,0.3054,7.5,4
206(E1),R,M,0.1452,0.02018,7.5,4
206(E1),R,N,-2.504,2.053,5.5,4
206(E1),R,P,-4.011,0.5373,10.5,4
206(E1),R,Q,-0.4803,0.5332,5,4
206(E1),R,R,0,0,,4
206(E1),R,S,0.0394,0.2103,5.5,4
206(E1),R,T,0.1852,0.02876,5,4
206(E1),R,V,-1.962,0.1201,7,4
206(E1),R,W,-6.26,0,8,4
206(E1),R,Y,-3.207,0.1261,11,4
206(E2),S,-,-0.1323,0.4178,4.5,4
206(E2),S,A,-0.1927,0.398,4.5,4
206(E2),S,C,-2.3,1.1,3.5,4
206(E2),S,D,0.1343,0.03367,4.5,4
206(E2),S,E,-0.3433,0.6672,2.5,4
206(E2),S,F,0.3133,0.1195,7,4
206(E2),S,G,0.002635,0.2529,13,4
206(E2),S,H,-0.08505,0.4956,4.5,4
206(E2),S,I,-0.1407,0.08878,9.5,4
206(E2),S,K,0.2387,0.07937,5,4
206(E2),S,L,-0.1378,0.2482,3,4
206(E2),S,M,-0.199,0.3651,6,4
206(E2),S,N,0.1443,0.05758,14,4
206(E2),S,P,-0.92,0.2461,8,4
206(E2),S,Q,0.1907,0.2319,5.5,4
206(E2),S,R,-0.2234,0.4499,9,4
206(E2),S,S,0,0,,4
206(E2),S,T,-0.403,0.7205,4.5,4
206(E2),S,V,-0.005194,0.2162,5.5,4
206(E2),S,W,-0.3908,0.2626,3.5,4
206(E2),S,Y,0.1768,0.2216,3.5,4
207(E1),T,-,-1.563,1.925,2,4
207(E1),T,A,0.14,0.01844,8.5,4
207(E1),T,C,-1.955,0.4866,5,4
207(E1),T,D,-1.655,0.1511,5,4
207(E1),T,E,-1.658,0.0845,4.5,4
207(E1),T,F,-0.3329,0.3491,4.5,4
207(E1),T,G,-1.745,0.1756,6,4
207(E1),T,H,0.0131,0.482,7.5,4
207(E1),T,I,-1.116,0.4179,13.5,4
207(E1),T,K,-0.213,0.3465,4,4
207(E1),T,L,-0.1159,0.16,6.75,4
207(E1),T,M,-0.3299,0.1709,3.5,4
207(E1),T,N,-0.473,0.3385,8.5,4
207(E1),T,P,-7.423,0,7,4
207(E1),T,Q,-0.3934,0.09011,3.5,4
207(E1),T,R,0.08239,0.1694,4.75,4
207(E1),T,S,-0.2025,0.321,6.75,4
207(E1),T,T,0,0,,4
207(E1),T,V,-0.6416,0.2006,7,4
207(E1),T,W,-0.8684,0.2285,10.5,4
207(E1),T,Y,-1.187,0.2334,5,4
207(E2),N,-,-0.8469,0.4828,2,4
207(E2),N,A,-0.1718,0.2186,3,4
207(E2),N,C,-0.6653,0.4842,8,4
207(E2),N,D,-0.6735,0.5637,2.5,4
207(E2),N,E,-0.03916,0.2494,6,4
207(E2),N,F,0.2549,0.2765,7.5,4
207(E2),N,G,-0.2921,0.2532,4.5,4
207(E2),N,H,-0.3568,0.7421,4.5,4
207(E2),N,I,0.2126,0.1801,7,4
207(E2),N,K,-0.05473,0.1198,11,4
207(E2),N,L,-0.09907,0.1958,4.5,4
207(E2),N,M,-0.04244,0.2803,6,4
207(E2),N,N,0,0,,4
207(E2),N,P,0.1853,0.2358,2.5,4
207(E2),N,Q,-0.01331,0.03881,8,4
207(E2),N,R,0.5097,0.5318,2.5,4
207(E2),N,S,0.1997,0.04431,2.5,4
207(E2),N,T,-0.1288,0.2159,4,4
207(E2),N,V,0.4402,0.1984,5,4
207(E2),N,W,-0.134,0.265,7.5,4
207(E2),N,Y,0.0079,0.1419,6,4
208(E1),P,-,-1.853,1.199,2.5,4
208(E1),P,A,-0.4199,0.1011,5,4
208(E1),P,C,-2.228,0.9177,4,4
208(E1),P,D,-2.538,0.4311,8,4
208(E1),P,E,-0.9498,0.4521,4,4
208(E1),P,F,-0.5575,0.5525,7,4
208(E1),P,G,-2.898,0.6683,6.5,4
208(E1),P,H,-1.582,0.3566,14,4
208(E1),P,I,-0.4872,0.3462,7.5,4
208(E1),P,K,-1.688,0.4799,4,4
208(E1),P,L,-1.512,0.6949,4.5,4
208(E1),P,M,-1.829,0.2854,2.5,4
208(E1),P,N,-2.85,0.8868,3.5,4
208(E1),P,P,0,0,,4
208(E1),P,Q,-0.4964,0.5259,5,4
208(E1),P,R,-1.341,0.5734,4,4
208(E1),P,S,-0.6229,0.3091,7,4
208(E1),P,T,-0.4375,0.3024,9.25,4
208(E1),P,V,-0.07075,0.1571,4.5,4
208(E1),P,W,-1.23,0.09955,5.5,4
208(E1),P,Y,-1.26,0.2252,8,4
208(E2),E,*,-7.445,0,5.5,4
208(E2),E,-,-0.5776,0.0865,0.5,2
208(E2),E,A,-0.7735,0.219,8.5,4
208(E2),E,C,-3.296,0.2749,4.5,4
208(E2),E,D,-0.8989,0.2407,14.5,4
208(E2),E,E,0,0,,4
208(E2),E,F,-0.6674,0.4247,4.5,4
208(E2),E,G,-1.192,0.1798,17,4
208(E2),E,H,-1.798,1.279,6.25,4
208(E2),E,I,-0.5492,0.6186,5,4
208(E2),E,K,-2.337,0.4659,12.5,4
208(E2),E,L,-0.8773,0.5992,5.5,4
208(E2),E,M,-0.7283,0.1411,8.5,4
208(E2),E,N,-1.134,0.8881,4.5,4
208(E2),E,P,-2.708,0.2314,6.5,4
208(E2),E,Q,-0.8284,0.3842,7.5,4
208(E2),E,R,-1.891,0.1236,6.5,4
208(E2),E,S,-0.6502,0.3126,8,4
208(E2),E,T,-0.5851,0.1676,5,4
208(E2),E,V,-1.178,0.102,9.25,4
208(E2),E,W,-0.2266,0.06201,9,4
208(E2),E,Y,-0.4832,0.1618,3.5,2
209(E1),E,*,-6.043,0,3.5,4
209(E1),E,-,-0.1169,0.04512,2,4
209(E1),E,A,-0.1444,0.08503,9,4
209(E1),E,C,-1.736,0.3718,10.5,4
209(E1),E,D,-0.1469,0.1798,12.5,4
209(E1),E,E,0,0,,4
209(E1),E,F,0.1506,0.173,8,4
209(E1),E,G,-0.3745,0.2152,10.5,4
209(E1),E,H,-0.1573,0.2851,5.5,4
209(E1),E,I,-0.1622,0.1372,8,4
209(E1),E,K,-1.309,0.3499,16,4
209(E1),E,L,-1.039,0.4721,6,4
209(E1),E,M,-0.1476,0.1662,11,4
209(E1),E,N,-0.07413,0.1911,6.5,4
209(E1),E,P,-2.611,0.5078,4.5,4
209(E1),E,Q,0.0187,0.08838,4,4
209(E1),E,R,-0.3716,0.5964,6.5,4
209(E1),E,S,-0.02893,0.1772,7.5,4
209(E1),E,T,-0.6371,0.4799,7,4
209(E1),E,V,-0.157,0.3974,8,4
209(E1),E,W,-0.2141,0.1852,5.5,4
209(E1),E,Y,-0.2092,0.2015,5.5,4
209(E2),G,-,-0.08267,0.02413,0.5,2
209(E2),G,A,-0.727,0.2242,5.5,4
209(E2),G,C,-5.263,0,14,4
209(E2),G,D,-2.11,0.1734,18.5,4
209(E2),G,E,-0.7893,0.3117,3.5,4
209(E2),G,F,-0.6918,0.1856,5.5,4
209(E2),G,G,0,0,,4
209(E2),G,H,0.1079,0.2515,6,4
209(E2),G,I,-1.686,0.6046,7.5,4
209(E2),G,K,-0.4032,0.1193,6,4
209(E2),G,L,-1.735,0.7697,4,4
209(E2),G,M,-0.4647,0.3127,6,4
209(E2),G,N,-1.891,0.5506,4.5,4
209(E2),G,P,-7.507,0,7,4
209(E2),G,Q,-0.5342,0.1647,8,4
209(E2),G,R,-0.5859,0.2455,4,4
209(E2),G,S,-1.092,0.2599,10.5,4
209(E2),G,T,-0.7294,0.1445,3,4
209(E2),G,V,-0.8411,0.1639,6.5,4
209(E2),G,W,-2.014,0.5542,4.5,4
209(E2),G,Y,0.08507,0.1436,8,4
21(6K),Q,*,-7.354,0,10.5,4
21(6K),Q,A,0.1448,1.112,7.5,4
21(6K),Q,C,0.2522,0.169,6,4
21(6K),Q,D,-0.2119,0.415,6,4
21(6K),Q,E,0.1465,0.06648,8.5,4
21(6K),Q,F,-0.5152,0.8524,4.5,4
21(6K),Q,G,-0.13,0.14,11,4
21(6K),Q,H,0.05457,0.06942,7.5,4
21(6K),Q,I,-0.1531,0.2808,6.5,4
21(6K),Q,K,0.1323,0.06759,9,4
21(6K),Q,L,-0.1224,0.2953,7,4
21(6K),Q,M,0.09285,0.03733,8.5,4
21(6K),Q,N,0.09634,0.1119,7,4
21(6K),Q,P,0.1047,0.1008,6,4
21(6K),Q,Q,0,0,,4
21(6K),Q,R,-0.1033,0.4676,9.5,4
21(6K),Q,S,-0.1032,0.1661,7,4
21(6K),Q,T,-0.1411,0.4531,8.5,4
21(6K),Q,V,0.01973,0.05779,7.5,4
21(6K),Q,W,-0.0315,0.02521,10.5,4
21(6K),Q,Y,0.02909,0.0468,7.5,4
21(E1),R,*,-7.59,0,1.5,2
21(E1),R,-,-0.08535,0.5282,3.5,4
21(E1),R,A,0.0616,0.2798,10,4
21(E1),R,C,-1.759,0.4403,12,4
21(E1),R,D,-7.564,0,11.5,4
21(E1),R,E,-4.296,0.136,8.5,4
21(E1),R,F,-0.9289,0.1074,8.5,4
21(E1),R,G,-3.715,0.344,11.25,4
21(E1),R,H,-1.551,0.2185,9.5,4
21(E1),R,I,-0.4369,0.675,10.25,4
21(E1),R,K,0.01895,0.03639,11.25,4
21(E1),R,L,-1.21,0.6143,7,4
21(E1),R,M,-1.398,0.9061,10,4
21(E1),R,N,-0.4526,0.195,9,4
21(E1),R,P,-7.454,0,9.5,4
21(E1),R,Q,-0.5196,0.1476,11.5,4
21(E1),R,R,0,0,,4
21(E1),R,S,-0.9898,0.126,9.25,4
21(E1),R,T,-3.894,0.2374,9,4
21(E1),R,V,0.08945,0.1773,8,4
21(E1),R,W,-1.967,0.1492,9.5,4
21(E1),R,Y,-0.8011,0.9454,10.5,4
21(E2),D,A,-0.5421,0.2669,6,4
21(E2),D,C,-2.59,0.263,6.5,4
21(E2),D,D,0,0,,4
21(E2),D,E,0.507,0.1218,9,4
21(E2),D,F,-0.7736,0.1712,5.5,4
21(E2),D,G,-5.49,0,10.5,4
21(E2),D,H,-0.6055,0.1949,8.5,4
21(E2),D,I,-1.336,0.4454,3.75,4
21(E2),D,K,-0.7663,0.09628,8.5,4
21(E2),D,L,-0.6463,0.2967,6,4
21(E2),D,M,-0.2502,0.4175,8,4
21(E2),D,N,-0.9511,0.1936,25,4
21(E2),D,P,-7.52,0,9.5,4
21(E2),D,Q,-0.08435,0.4663,7.5,4
21(E2),D,R,-2.005,0.7146,3.5,4
21(E2),D,S,-0.08859,0.1755,7,4
21(E2),D,T,-0.6032,0.2169,5,4
21(E2),D,V,-0.5592,0.1788,9,4
21(E2),D,W,-2.061,0.8218,7.5,4
21(E2),D,Y,-0.8375,0.4463,11.5,4
21(E3),P,A,-0.3217,0.6307,5,4
21(E3),P,C,-0.8157,0.2278,10.5,4
21(E3),P,D,-0.152,0.0994,9.5,4
21(E3),P,E,-1.039,0.4227,6,4
21(E3),P,F,0.0684,0.3111,9.5,4
21(E3),P,G,-0.6759,0.5348,9,4
21(E3),P,H,-0.6984,0.1543,6,4
21(E3),P,I,-0.4516,0.2108,9.75,4
21(E3),P,K,-1.072,0.5182,4.5,4
21(E3),P,L,-0.2019,0.1705,16.5,4
21(E3),P,M,-0.5537,0.3258,11.5,4
21(E3),P,N,-0.06515,0.09631,10,4
21(E3),P,P,0,0,,4
21(E3),P,Q,-0.3327,0.2086,10,4
21(E3),P,R,-0.3482,0.2061,6.5,4
21(E3),P,S,-0.2434,0.3021,10.5,4
21(E3),P,T,0.2621,0.4065,13,4
21(E3),P,V,0.04269,0.1228,9,4
21(E3),P,W,-0.03422,0.1256,8,4
21(E3),P,Y,-0.1538,0.2867,11,4
210(E1),S,-,0.1689,0.09997,1,4
210(E1),S,A,-0.8044,0.5196,4.5,4
210(E1),S,C,-6.386,0,2.5,4
210(E1),S,D,-5.231,0,4.5,4
210(E1),S,E,-4.885,0,4,2
210(E1),S,F,-7.262,0.2126,4,4
210(E1),S,G,-0.2954,0.1153,7,4
210(E1),S,H,-3.245,0.2514,6,4
210(E1),S,I,-6.724,0,7.5,4
210(E1),S,K,-2.986,0.6035,4,4
210(E1),S,L,-4.978,0,3,4
210(E1),S,M,-3.564,0.8914,2.5,4
210(E1),S,N,-4.87,0.5145,8.5,4
210(E1),S,P,-7.464,0,6,4
210(E1),S,Q,-3.817,0.2723,5.5,4
210(E1),S,R,-2.86,0.07786,12.5,4
210(E1),S,S,0,0,,4
210(E1),S,T,-0.3221,0.1486,6,4
210(E1),S,V,-5.909,0,6,4
210(E1),S,W,-7.636,0,3,4
210(E1),S,Y,-5.082,0,5,4
210(E2),L,-,0.1348,0.0064,0.5,2
210(E2),L,A,-1.991,0.4342,7.5,4
210(E2),L,C,-2.134,0.7407,3.5,4
210(E2),L,D,-2.187,0.9457,3.5,4
210(E2),L,E,-0.773,0.3925,3,4
210(E2),L,F,-0.4496,0.2309,6.5,4
210(E2),L,G,-7.597,0,5.5,4
210(E2),L,H,-1.798,0.1582,4,4
210(E2),L,I,0.3264,0.1949,8.5,4
210(E2),L,K,-1.796,0.4466,8,4
210(E2),L,L,0,0,,4
210(E2),L,M,-0.7039,0.08621,9,4
210(E2),L,N,-2.664,0.217,7,4
210(E2),L,P,-7.059,0,16,4
210(E2),L,Q,-0.6987,0.5683,4.5,4
210(E2),L,R,-2.109,0.1618,6,4
210(E2),L,S,-0.8269,0.3347,5.5,4
210(E2),L,T,-0.03866,0.2079,3.5,4
210(E2),L,V,0.3101,0.1578,5,4
210(E2),L,W,-0.3206,0.3772,5.5,4
210(E2),L,Y,-0.9199,0.3052,7,4
211(E1),E,*,-6.443,0,3,4
211(E1),E,-,-0.04143,0.0108,0.5,2
211(E1),E,A,0.1875,0.03607,3,4
211(E1),E,C,-0.3854,0.571,5,4
211(E1),E,D,-0.4903,0.3596,13.5,4
211(E1),E,E,0,0,,4
211(E1),E,F,-0.06817,0.1634,3,4
211(E1),E,G,-0.5434,0.2715,8.5,4
211(E1),E,H,-0.239,0.1192,6,4
211(E1),E,I,-0.01462,0.1113,2,4
211(E1),E,K,-0.2171,0.5658,9.5,4
211(E1),E,L,0.05015,0.04794,5,4
211(E1),E,M,-0.1568,0.1063,5.75,4
211(E1),E,N,-0.2894,0.4765,7,4
211(E1),E,P,0.06252,1.093,5.5,4
211(E1),E,Q,-0.6139,0.2646,5,4
211(E1),E,R,0.03381,0.07425,4.5,4
211(E1),E,S,0.1736,0.5266,4.5,4
211(E1),E,T,-0.7817,0.7573,6,4
211(E1),E,V,0.09949,0.04365,4,4
211(E1),E,W,-1.185,0.237,3.5,4
211(E1),E,Y,-0.2637,0.5396,6.5,4
211(E2),T,*,-2.28,0.4575,0.5,2
211(E2),T,-,-0.06949,0.02193,1,4
211(E2),T,A,-0.6602,0.1966,6.5,4
211(E2),T,C,-7.429,0,6,4
211(E2),T,D,-7.343,0,4.5,4
211(E2),T,E,-7.38,0,4,4
211(E2),T,F,-7.535,0,6.75,4
211(E2),T,G,-7.378,0,6,4
211(E2),T,H,-7.526,0,8.5,4
211(E2),T,I,0.1918,0.2104,16,4
211(E2),T,K,-6.172,0.595,3,4
211(E2),T,L,-0.0952,0.7209,2.5,4
211(E2),T,M,-5.905,0,2.5,4
211(E2),T,N,-7.587,0,12,4
211(E2),T,P,-7.53,0,4.5,4
211(E2),T,Q,-7.137,0,6,4
211(E2),T,R,-7.592,0,3.5,4
211(E2),T,S,-3.521,0.2915,7.5,4
211(E2),T,T,0,0,,4
211(E2),T,V,-1.154,0.2918,3.5,4
211(E2),T,W,-7.196,0,6,4
211(E2),T,Y,-7.176,0,6.5,4
212(E1),D,A,-0.7496,0.2149,3.5,4
212(E1),D,C,-4.655,0,5.5,4
212(E1),D,D,0,0,,4
212(E1),D,E,-3.284,0.6653,13.5,4
212(E1),D,F,-2.497,0.3275,6.5,4
212(E1),D,G,-0.838,0.2013,6,4
212(E1),D,H,-1.13,0.6067,5,4
212(E1),D,I,-5.344,0,4,4
212(E1),D,K,-1.724,0.4832,6,4
212(E1),D,L,-4.691,0,6,4
212(E1),D,M,-2.153,0.2411,7,4
212(E1),D,N,-0.8996,0.3204,9.5,4
212(E1),D,P,-3.104,0.4494,4,4
212(E1),D,Q,-1.664,0.0315,3.5,2
212(E1),D,R,-2.055,0.1666,4.5,4
212(E1),D,S,-1.301,0.8259,6.5,4
212(E1),D,T,-3.029,0.7024,4.5,4
212(E1),D,V,-2.733,0.5456,5.25,4
212(E1),D,W,-2.394,1.727,5,4
212(E1),D,Y,-2.749,0.7166,7,4
212(E2),T,-,-0.09409,0.02171,0.5,2
212(E2),T,A,-0.2305,0.3577,9,4
212(E2),T,C,-2.545,0.8365,3,4
212(E2),T,D,0.129,0.6332,5,4
212(E2),T,E,0.01013,0.2092,6.5,4
212(E2),T,F,-0.8883,0.3675,8.5,4
212(E2),T,G,-1.553,0.2347,7.5,4
212(E2),T,H,-0.7038,0.3646,4.5,4
212(E2),T,I,0.084,0.536,11,4
212(E2),T,K,-0.8902,0.5093,6,4
212(E2),T,L,-0.8331,0.362,5.5,4
212(E2),T,M,-0.3013,0.2649,7,4
212(E2),T,N,-0.9739,0.4076,3,4
212(E2),T,P,-2.979,0.5903,6.5,4
212(E2),T,Q,-0.2118,0.1623,4.5,4
212(E2),T,R,-0.9806,0.1429,5,4
212(E2),T,S,-0.2385,0.2419,8,4
212(E2),T,T,0,0,,4
212(E2),T,V,0.1483,0.3654,5.5,4
212(E2),T,W,-0.7524,0.5167,4,4
212(E2),T,Y,-0.7674,0.284,5,4
213(E1),V,A,-1.881,0.6823,9,4
213(E1),V,C,0.1067,0.2664,5.5,4
213(E1),V,D,-4.373,0.03248,3.5,4
213(E1),V,E,-4.155,0.5254,4,4
213(E1),V,F,-2.454,0.5822,4,4
213(E1),V,G,-4.421,0.09483,8.25,4
213(E1),V,H,-2.471,0.6885,6,4
213(E1),V,I,0.1447,0.09613,8,4
213(E1),V,K,-7.447,0,4.25,4
213(E1),V,L,-0.8764,0.4225,7,4
213(E1),V,M,-1.767,0.04182,18.75,4
213(E1),V,N,-2.673,0.4808,5.5,4
213(E1),V,P,-3.128,0.6055,5.5,4
213(E1),V,Q,-3.181,0.675,3,4
213(E1),V,R,-7.57,0,4,4
213(E1),V,S,-1.439,0.6456,5,4
213(E1),V,T,0.07714,0.08212,3,4
213(E1),V,V,0,0,,4
213(E1),V,W,-1.665,0.5103,4,4
213(E1),V,Y,-3.132,0.3506,3.5,4
213(E2),T,*,-7.44,0,0.5,2
213(E2),T,-,-0.01069,0.01696,0.5,2
213(E2),T,A,-0.1433,0.13,6.75,4
213(E2),T,C,-3.484,0.325,6.5,4
213(E2),T,D,-0.8882,0.8685,3.5,4
213(E2),T,E,0.079,0.2905,3,4
213(E2),T,F,-0.2684,0.1374,6.5,4
213(E2),T,G,-1.48,0.629,6,4
213(E2),T,H,-1.256,0.2939,4.5,4
213(E2),T,I,0.1253,0.2796,11.5,4
213(E2),T,K,-0.174,0.2328,6,4
213(E2),T,L,-0.1247,0.3898,4,4
213(E2),T,M,-0.2607,0.2988,6,4
213(E2),T,N,-0.8782,0.1685,9,4
213(E2),T,P,-7.03,0,6,4
213(E2),T,Q,-0.2217,0.1395,8.5,4
213(E2),T,R,-1.126,0.2488,4.5,4
213(E2),T,S,-0.6133,0.3506,6.5,4
213(E2),T,T,0,0,,4
213(E2),T,V,0.1885,0.2586,3,4
213(E2),T,W,-2.039,0.4465,5,4
213(E2),T,Y,-0.893,0.4285,4,4
214(E1),Y,*,-7.567,0,2.5,4
214(E1),Y,A,0.0404,0.3044,3,4
214(E1),Y,C,-0.8995,0.2802,6,4
214(E1),Y,D,-4.607,0.2148,2.5,4
214(E1),Y,E,-1.028,0.5449,5,4
214(E1),Y,F,-2.718,1.885,2,4
214(E1),Y,G,-7.041,0,5.5,4
214(E1),Y,H,-0.5825,0.5701,7,4
214(E1),Y,I,-0.3918,0.2601,5.5,4
214(E1),Y,K,-6.076,0,4.5,4
214(E1),Y,L,-2.212,0.3633,5.75,4
214(E1),Y,M,0.1338,0.3151,8,4
214(E1),Y,N,-1.62,0.5132,5.5,4
214(E1),Y,P,-7.516,0,3,4
214(E1),Y,Q,-0.6764,0.4355,5.5,4
214(E1),Y,R,-5.386,0,3,4
214(E1),Y,S,-1.071,0.5596,4,4
214(E1),Y,T,-1.306,0.6549,6,4
214(E1),Y,V,-0.8811,0.5779,4,4
214(E1),Y,W,-0.4993,0.2831,3.25,4
214(E1),Y,Y,0,0,,4
214(E2),D,-,0.09563,0.1969,1.5,4
214(E2),D,A,-4.514,0.08011,8.5,4
214(E2),D,C,-7.434,0,10,4
214(E2),D,D,0,0,,4
214(E2),D,E,-1.881,0.4496,4.5,4
214(E2),D,F,-7.441,0,4,4
214(E2),D,G,-5.867,0,6.5,4
214(E2),D,H,-5.249,0,6,4
214(E2),D,I,-4.268,0.4035,2.5,2
214(E2),D,K,-7.032,0,4,4
214(E2),D,L,-6.391,0,8,4
214(E2),D,M,-4.987,0,9,4
214(E2),D,N,-1.826,0.2928,20,4
214(E2),D,P,-4.433,0.2832,5.5,4
214(E2),D,Q,-6.532,0,5.5,4
214(E2),D,R,-7.547,0,6.5,4
214(E2),D,S,-1.812,0.3939,5.5,4
214(E2),D,T,-1.001,0.3519,8,4
214(E2),D,V,-3.188,0.4346,8.5,4
214(E2),D,W,-7.17,0,3.5,4
214(E2),D,Y,-7.086,0,15,4
215(E1),A,A,0,0,,4
215(E1),A,C,-0.9163,0.1601,5,4
215(E1),A,D,-7.215,0,10.5,4
215(E1),A,E,-7.466,0,5.5,4
215(E1),A,F,-7.274,0,4,4
215(E1),A,G,-2.486,0.4277,4.5,4
215(E1),A,H,-7.466,0,5.5,4
215(E1),A,I,-3.346,0.587,3.5,4
215(E1),A,K,-7.558,0,5.5,4
215(E1),A,L,-7.645,0,6,4
215(E1),A,M,-7.271,0,5.5,4
215(E1),A,N,-7.647,0,6.5,4
215(E1),A,P,-7.488,0,5,4
215(E1),A,Q,-7.44,0,6.5,4
215(E1),A,R,-7.473,0,3.5,4
215(E1),A,S,-0.5265,0.4313,9,4
215(E1),A,T,-6.017,0,21.5,4
215(E1),A,V,-0.7634,0.5025,19,4
215(E1),A,W,-7.572,0,4,4
215(E1),A,Y,-7.547,0,4.5,4
215(E2),K,-,0.0255,0.08461,4.5,4
215(E2),K,A,-0.5347,0.09976,10.5,4
215(E2),K,C,-4.712,0.1966,8.5,4
215(E2),K,D,-7.241,0,7.5,4
215(E2),K,E,-3.124,0.9344,5.5,4
215(E2),K,F,-0.4449,0.4317,8.5,4
215(E2),K,G,-7.277,0,6,4
215(E2),K,H,-0.8234,0.2323,8.5,4
215(E2),K,I,0.295,0.1867,9,4
215(E2),K,K,0,0,,4
215(E2),K,L,0.3855,0.111,8.5,4
215(E2),K,M,0.01705,0.2164,6,4
215(E2),K,N,-6.322,0,6,4
215(E2),K,P,-7.534,0,7.5,4
215(E2),K,Q,-0.858,0.6505,7,4
215(E2),K,R,-0.1908,0.0363,6,4
215(E2),K,S,-2.526,0.3854,5,4
215(E2),K,T,-0.1183,0.3274,5.5,4
215(E2),K,V,0.3848,0.03146,7,4
215(E2),K,W,-0.4176,0.4327,7.5,4
215(E2),K,Y,-0.5561,0.5822,6,4
216(E1),N,-,-7.515,0,0.5,2
216(E1),N,A,-0.4875,0.4144,3.5,4
216(E1),N,C,0.1589,0.08498,6.5,4
216(E1),N,D,-1.046,0.16,4,4
216(E1),N,E,-1.813,1.305,3,4
216(E1),N,F,-0.4104,0.4889,6,4
216(E1),N,G,-5.732,0.2744,4,4
216(E1),N,H,-0.7325,0.1269,4.5,4
216(E1),N,I,-1.656,0.3345,5.5,4
216(E1),N,K,-0.6492,0.09891,9.5,4
216(E1),N,L,-0.8003,0.6201,1.5,4
216(E1),N,M,-0.8449,0.3535,5,4
216(E1),N,N,0,0,,4
216(E1),N,P,-7.357,0,5,4
216(E1),N,Q,-0.4139,0.345,4,4
216(E1),N,R,-0.4562,0.2298,4,4
216(E1),N,S,-0.08834,0.04452,7.5,4
216(E1),N,T,-0.8515,0.3162,4,4
216(E1),N,V,-0.7308,0.2491,4.5,4
216(E1),N,W,-0.6287,0.3345,4,4
216(E1),N,Y,-0.7842,0.4931,5,4
216(E2),V,-,-0.4213,0.4598,4.5,4
216(E2),V,A,-5.429,0,8.5,4
216(E2),V,C,-3.768,0.1398,5,4
216(E2),V,D,-5.42,0,4,4
216(E2),V,E,-1.338,0.1749,3,4
216(E2),V,F,-0.5506,0.2649,5.5,4
216(E2),V,G,-7.242,0,3.5,4
216(E2),V,H,-2.527,0.8243,4.25,4
216(E2),V,I,0.1029,0.2426,10,4
216(E2),V,K,-5.067,0,6.5,4
216(E2),V,L,-0.2013,0.3464,12.5,4
216(E2),V,M,-1.431,1.45,5.5,4
216(E2),V,N,-4.813,0.1549,5.5,4
216(E2),V,P,-7.343,0,3.5,4
216(E2),V,Q,-2.05,0.312,5.5,4
216(E2),V,R,-6.371,0,5,4
216(E2),V,S,-3.902,0.5278,4.5,4
216(E2),V,T,-0.5888,0.1692,5,4
216(E2),V,V,0,0,,4
216(E2),V,W,-0.5648,0.3806,6.5,4
216(E2),V,Y,-0.88,0.1669,4,4
217(E1),T,A,-7.349,0,6.5,4
217(E1),T,C,-6.843,0,4.5,4
217(E1),T,D,-7.431,0,6,4
217(E1),T,E,-7.533,0,3.5,4
217(E1),T,F,-7.396,0,5.5,4
217(E1),T,G,-7.452,0,6,4
217(E1),T,H,-7.63,0,7,4
217(E1),T,I,-7.643,0,12,4
217(E1),T,K,-7.526,0,9.5,4
217(E1),T,L,-7.625,0,7.5,4
217(E1),T,M,-7.572,0,3.5,4
217(E1),T,N,-7.425,0,5.5,4
217(E1),T,P,-7.306,0,3.5,4
217(E1),T,Q,-7.41,0,4,4
217(E1),T,R,-7.495,0,4,4
217(E1),T,S,-2.141,0.5698,3.5,4
217(E1),T,T,0,0,,4
217(E1),T,V,-7.59,0,3.5,4
217(E1),T,W,-7.594,0,4.5,4
217(E1),T,Y,-7.16,0,5,4
217(E2),I,-,-3.985,1.847,5,4
217(E2),I,A,-7.278,0,6.25,4
217(E2),I,C,-7.576,0,8.5,4
217(E2),I,D,-7.419,0,6,4
217(E2),I,E,-7.053,0,4.5,4
217(E2),I,F,-5.091,0,5,4
217(E2),I,G,-7.485,0,6,4
217(E2),I,H,-7.369,0,5.5,4
217(E2),I,I,0,0,,4
217(E2),I,K,-6.854,0,5.5,4
217(E2),I,L,-1.749,0.1053,11,4
217(E2),I,M,-5.277,0.2806,4,4
217(E2),I,N,-7.639,0,9.5,4
217(E2),I,P,-7.577,0,5,4
217(E2),I,Q,-6.976,0,5,4
217(E2),I,R,-7.548,0,6.5,4
217(E2),I,S,-7.307,0,6.5,4
217(E2),I,T,-7.467,0,8.5,4
217(E2),I,V,-0.1844,0.2662,4,4
217(E2),I,W,-7.592,0,6,4
217(E2),I,Y,-7.157,0,7.25,4
218(E1),Q,*,-7.539,0,9,4
218(E1),Q,A,-0.7993,0.1795,6,4
218(E1),Q,C,-2.595,1.451,4,4
218(E1),Q,D,-1.083,0.7638,4,4
218(E1),Q,E,0.1769,0.05984,2.5,4
218(E1),Q,F,-1.36,1.535,2.5,4
218(E1),Q,G,-0.8137,0.7608,3.5,4
218(E1),Q,H,-1.06,0.3764,8,4
218(E1),Q,I,-1.982,0.4618,4,4
218(E1),Q,K,-1.042,0.4756,9,4
218(E1),Q,L,-0.3146,0.08377,6.75,4
218(E1),Q,M,-0.1609,0.5458,5,4
218(E1),Q,N,-1.279,0.4493,6.25,4
218(E1),Q,P,-7.46,0,6,4
218(E1),Q,Q,0,0,,4
218(E1),Q,R,-1.654,0.8466,7,4
218(E1),Q,S,-7.415,0,3.5,4
218(E1),Q,T,-7.337,0,4.5,4
218(E1),Q,V,-2.66,0.191,5.5,4
218(E1),Q,W,-1.133,0.4995,3,4
218(E1),Q,Y,-0.4121,0.1451,7,4
218(E2),N,-,-6.112,0.2624,6.5,4
218(E2),N,A,0.1561,0.1509,8,4
218(E2),N,C,-3.696,0.3354,6,4
218(E2),N,D,-1.025,1.71,1.5,4
218(E2),N,E,0.3598,0.173,4,4
218(E2),N,F,-0.2451,0.226,7,4
218(E2),N,G,-0.6616,0.5043,3,4
218(E2),N,H,-0.1106,0.4386,6,4
218(E2),N,I,-0.1596,0.2354,8.5,4
218(E2),N,K,-0.4341,0.2114,6.5,4
218(E2),N,L,0.1681,0.1363,8,4
218(E2),N,M,-0.04095,0.4239,6.5,4
218(E2),N,N,0,0,,4
218(E2),N,P,0.3967,0.1031,5,4
218(E2),N,Q,-0.06278,0.1488,7.5,4
218(E2),N,R,-0.5406,0.3472,6,4
218(E2),N,S,0.05637,0.1984,7.5,4
218(E2),N,T,0.2606,0.0417,6,4
218(E2),N,V,0.03957,0.1643,8,4
218(E2),N,W,-0.9166,0.7401,4,4
218(E2),N,Y,0.02725,0.5463,9.5,4
219(E1),L,*,-6.325,0,0.5,2
219(E1),L,A,-7.428,0,5,4
219(E1),L,C,-7.55,0,4,4
219(E1),L,D,-7.54,0,3.5,4
219(E1),L,E,-7.528,0,6.5,4
219(E1),L,F,-3.343,0.4566,4.5,4
219(E1),L,G,-7.59,0,7.5,4
219(E1),L,H,-7.418,0,2.5,2
219(E1),L,I,-0.7272,0.1683,5.5,4
219(E1),L,K,-7.569,0,5,4
219(E1),L,L,0,0,,4
219(E1),L,M,-0.5827,0.1911,10,4
219(E1),L,N,-7.283,0,7.5,4
219(E1),L,P,-7.508,0,8.5,4
219(E1),L,Q,-7.579,0,7,4
219(E1),L,R,-7.533,0,4.5,4
219(E1),L,S,-7.494,0,3.5,4
219(E1),L,T,-7.484,0,4.5,4
219(E1),L,V,-1.715,0.7642,3,4
219(E1),L,W,-7.657,0,3,4
219(E1),L,Y,-7.409,0,3.5,4
219(E2),N,-,-2.442,0.7257,4.5,4
219(E2),N,A,-2.253,1.408,6.5,4
219(E2),N,C,-3.873,0.4557,3.5,4
219(E2),N,D,-0.2868,0.2989,6,4
219(E2),N,E,-0.3756,0.4319,5.5,4
219(E2),N,F,-1.612,0.4529,10.25,4
219(E2),N,G,-0.9428,0.1692,4,4
219(E2),N,H,-0.6072,0.245,4.5,4
219(E2),N,I,-6.167,0.1715,3,4
219(E2),N,K,-1.836,0.4633,4,4
219(E2),N,L,-2.703,0.6163,5,4
219(E2),N,M,-1.768,0.2687,8.5,4
219(E2),N,N,0,0,,4
219(E2),N,P,-7.478,0,9,4
219(E2),N,Q,-0.9486,0.5573,8,4
219(E2),N,R,-1.675,0.3133,8,4
219(E2),N,S,-0.2399,0.22,5,4
219(E2),N,T,-2.539,0.5105,5.5,4
219(E2),N,V,-4.427,1.331,6,4
219(E2),N,W,-3.965,0.5241,7,4
219(E2),N,Y,-1.919,0.8527,4.5,4
22(6K),A,*,-7.628,0,7.5,4
22(6K),A,A,0,0,,4
22(6K),A,C,-0.1648,0.1622,9,4
22(6K),A,D,-0.4669,0.167,10.5,4
22(6K),A,E,-0.04828,0.3547,8.75,4
22(6K),A,F,-0.1914,0.1846,5.5,4
22(6K),A,G,-0.04094,0.1828,5,4
22(6K),A,H,0.1604,0.04822,4.5,4
22(6K),A,I,-0.08072,0.06709,7.5,4
22(6K),A,K,-0.1788,0.06791,6.5,4
22(6K),A,L,0.1388,0.02999,6.5,4
22(6K),A,M,-0.1076,0.2262,7.5,4
22(6K),A,N,-0.2815,0.2465,7,4
22(6K),A,P,-0.5438,0.2749,6.5,4
22(6K),A,Q,-0.6698,0.0681,5.5,4
22(6K),A,R,-0.3547,0.4734,5.5,4
22(6K),A,S,-0.1096,0.227,13,4
22(6K),A,T,-0.1377,0.1016,14,4
22(6K),A,V,0.00342,0.06082,16.5,4
22(6K),A,W,0.06534,0.06619,7,4
22(6K),A,Y,-0.3608,0.5139,5.75,4
22(E1),P,-,-0.3039,0.42,3.5,4
22(E1),P,A,0.05153,0.1285,9.5,4
22(E1),P,C,-1.379,0.8174,6.75,4
22(E1),P,D,-0.7993,0.7898,6.5,4
22(E1),P,E,0.09312,0.0922,6.5,4
22(E1),P,F,0.03379,0.1184,10.5,4
22(E1),P,G,-0.1739,0.5133,8,4
22(E1),P,H,-0.3571,0.4229,10.5,4
22(E1),P,I,-0.2418,0.0662,12,4
22(E1),P,K,-0.4113,0.2027,5.5,4
22(E1),P,L,-0.1967,0.3484,8,4
22(E1),P,M,-0.1056,0.319,8,4
22(E1),P,N,-0.2141,0.09129,10,4
22(E1),P,P,0,0,,4
22(E1),P,Q,-0.1338,0.1513,7.5,4
22(E1),P,R,-0.2405,0.2863,10,4
22(E1),P,S,-0.3781,0.2156,8.5,4
22(E1),P,T,-0.6868,0.5097,8.75,4
22(E1),P,V,0.001625,0.0568,7.5,4
22(E1),P,W,-0.3754,0.03152,6.5,4
22(E1),P,Y,-0.07961,0.1225,7.5,4
22(E2),C,*,-7.066,0,1.5,2
22(E2),C,A,-7.519,0,7.5,4
22(E2),C,C,0,0,,4
22(E2),C,D,-7.579,0,8,4
22(E2),C,E,-7.491,0,6,4
22(E2),C,F,-7.607,0,20.5,4
22(E2),C,G,-7.591,0,7,4
22(E2),C,H,-7.494,0,5.5,4
22(E2),C,I,-7.507,0,7,4
22(E2),C,K,-7.577,0,7.5,4
22(E2),C,L,-7.584,0,6,4
22(E2),C,M,-7.556,0,6.5,4
22(E2),C,N,-7.561,0,8.5,4
22(E2),C,P,-7.671,0,8.5,4
22(E2),C,Q,-7.469,0,11,4
22(E2),C,R,-7.268,0,7.5,4
22(E2),C,S,-7.663,0,10,4
22(E2),C,T,-7.493,0,5,4
22(E2),C,V,-7.467,0,8,4
22(E2),C,W,-7.566,0,11,4
22(E2),C,Y,-7.542,0,15.5,4
22(E3),C,*,-7.478,0,10,4
22(E3),C,A,-0.6955,0.3491,11,4
22(E3),C,C,0,0,,4
22(E3),C,D,-0.3364,0.2621,7.75,4
22(E3),C,E,-1.452,0.7776,6.5,4
22(E3),C,F,-0.6305,0.3363,16.5,4
22(E3),C,G,-0.9344,0.6496,1,2
22(E3),C,H,-0.8557,0.3741,4.75,4
22(E3),C,I,-0.4491,0.2921,6.5,4
22(E3),C,K,-1.181,0.1217,4.5,4
22(E3),C,L,-0.3183,0.2282,5,4
22(E3),C,M,0.1928,0.6323,6.5,4
22(E3),C,N,-0.899,0.2193,8.25,4
22(E3),C,P,-1.885,0.9369,7.5,4
22(E3),C,Q,-1.08,0.19,8.5,4
22(E3),C,R,-1.687,0.423,9,4
22(E3),C,S,-0.2727,0.03891,6.5,4
22(E3),C,T,-0.6698,0.2256,6,4
22(E3),C,V,-0.2529,0.4139,7.5,4
22(E3),C,W,-0.354,0.1442,8,4
22(E3),C,Y,-0.7761,0.2231,25,4
220(E1),V,-,-0.3896,0.1879,0.5,2
220(E1),V,A,-0.7896,0.1947,6.5,4
220(E1),V,C,-1.402,0.613,5,4
220(E1),V,D,0.01647,0.1405,5.5,4
220(E1),V,E,-1.305,1.727,5.5,4
220(E1),V,F,0.05575,0.2015,4,4
220(E1),V,G,-1.312,0.1031,5,4
220(E1),V,H,-0.6633,0.1494,5,4
220(E1),V,I,0.2309,0.1122,4.5,4
220(E1),V,K,-0.01896,0.07554,5,4
220(E1),V,L,-0.1185,0.1885,10,4
220(E1),V,M,-0.3306,0.1717,14.5,4
220(E1),V,N,-0.6395,0.2353,3.5,4
220(E1),V,P,-7.399,0,5.5,4
220(E1),V,Q,-0.3109,0.1687,3.5,4
220(E1),V,R,-0.9846,0.1942,7.5,4
220(E1),V,S,-0.5622,0.8108,3.5,4
220(E1),V,T,-0.01155,0.1095,5,4
220(E1),V,V,0,0,,4
220(E1),V,W,-0.07181,0.1567,3.25,3
220(E1),V,Y,0.134,0.09743,5,4
220(E2),C,*,-7.524,0,2,2
220(E2),C,-,-2.46,0.9846,4.5,4
220(E2),C,A,-7.54,0,5.5,4
220(E2),C,C,0,0,,4
220(E2),C,D,-7.259,0,5,4
220(E2),C,E,-7.521,0,5.5,4
220(E2),C,F,-7.387,0,14.5,4
220(E2),C,G,-7.577,0,5.5,4
220(E2),C,H,-7.39,0,10,4
220(E2),C,I,-7.527,0,11,4
220(E2),C,K,-7.511,0,6.5,4
220(E2),C,L,-7.609,0,5,4
220(E2),C,M,-7.464,0,3,4
220(E2),C,N,-7.228,0,4,4
220(E2),C,P,-7.394,0,6,4
220(E2),C,Q,-7.562,0,5.5,4
220(E2),C,R,-7.38,0,4.5,4
220(E2),C,S,-7.2,0,7,4
220(E2),C,T,-7.453,0,9.5,4
220(E2),C,V,-7.355,0.2646,2.75,4
220(E2),C,W,-7.034,0,4.5,4
220(E2),C,Y,-7.545,0,21,4
221(E1),L,-,0.00909,0.07378,0.5,2
221(E1),L,A,-4.091,0.1715,4,4
221(E1),L,C,-1.492,0.6433,4,4
221(E1),L,D,-7.555,0,6,4
221(E1),L,E,-7.324,0,3,4
221(E1),L,F,-4.048,1.382,3.5,4
221(E1),L,G,-7.525,0,3,4
221(E1),L,H,-7.526,0,3,4
221(E1),L,I,-1.393,0.5352,4.5,4
221(E1),L,K,-7.582,0,4.5,4
221(E1),L,L,0,0,,4
221(E1),L,M,-0.01495,0.1927,9,4
221(E1),L,N,-7.604,0,2.5,4
221(E1),L,P,-3.293,0.6426,10.5,4
221(E1),L,Q,-7.418,0,5.5,4
221(E1),L,R,-7.49,0,7.5,4
221(E1),L,S,-7.63,0,4,2
221(E1),L,T,-2.149,0.7192,3.5,4
221(E1),L,V,-0.6091,0.123,3.5,4
221(E1),L,W,-3.958,1.852,3,4
221(E1),L,Y,-7.473,0,3,4
221(E2),K,A,-0.747,0.2776,8,4
221(E2),K,C,-3.369,0.6218,7,4
221(E2),K,D,-0.771,0.4313,4.5,4
221(E2),K,E,-0.6765,0.4542,10.5,4
221(E2),K,F,-0.865,0.1637,6.5,4
221(E2),K,G,-0.4913,0.7107,1,2
221(E2),K,H,0.2782,0.07352,9,4
221(E2),K,I,-0.2614,0.2593,7.5,4
221(E2),K,K,0,0,,4
221(E2),K,L,-0.1513,0.1208,7.5,4
221(E2),K,M,0.1127,0.1223,6.5,4
221(E2),K,N,0.157,0.09875,10.5,4
221(E2),K,P,-4.755,0.1979,10,4
221(E2),K,Q,-0.5803,0.5311,8.5,4
221(E2),K,R,0.2328,0.0854,10,4
221(E2),K,S,0.1757,0.2343,7.5,4
221(E2),K,T,0.4274,0.1372,8,4
221(E2),K,V,-0.6196,0.1982,8,4
221(E2),K,W,-0.7579,0.2245,8.5,4
221(E2),K,Y,0.0754,0.4859,6,4
222(E1),Q,*,-6.309,0,4,4
222(E1),Q,-,-0.009415,0.07898,0.5,2
222(E1),Q,A,-1.03,0.1712,3.5,4
222(E1),Q,C,-0.832,0.1836,4.5,4
222(E1),Q,D,-0.3089,0.2379,4.5,4
222(E1),Q,E,-0.3594,0.1901,4.5,4
222(E1),Q,F,0.2313,0.05272,3.25,4
222(E1),Q,G,-0.5182,0.1616,4.5,4
222(E1),Q,H,-1.597,1.134,6,4
222(E1),Q,I,0.2596,0.02241,4.75,4
222(E1),Q,K,-1.131,0.1514,8.5,4
222(E1),Q,L,0.2457,0.04161,5.5,4
222(E1),Q,M,0.0117,0.1739,3.5,4
222(E1),Q,N,-1.353,1.15,5,4
222(E1),Q,P,-7.594,0,7.5,4
222(E1),Q,Q,0,0,,4
222(E1),Q,R,0.05763,0.03914,6,4
222(E1),Q,S,-1.3,0.1565,5.5,4
222(E1),Q,T,-1.122,0.232,3,4
222(E1),Q,V,-1.233,0.6639,3,4
222(E1),Q,W,-0.4959,0.3946,3.5,4
222(E1),Q,Y,-0.1326,0.4741,3,4
222(E2),V,*,-7.487,0,0.5,2
222(E2),V,A,-2.907,1.075,6,4
222(E2),V,C,-7.169,0,6.5,4
222(E2),V,D,-7.244,0,7.5,4
222(E2),V,E,-4.267,0.2994,5,4
222(E2),V,F,-6.777,0,9,4
222(E2),V,G,-7.362,0,8,4
222(E2),V,H,-6.97,0,6,4
222(E2),V,I,-0.67,0.3238,3.5,4
222(E2),V,K,-2.546,0.4765,6.5,4
222(E2),V,L,-0.4335,0.3026,9.5,4
222(E2),V,M,-0.8221,0.2168,13,4
222(E2),V,N,-7.07,0,5.5,4
222(E2),V,P,-3.51,0.2341,8,4
222(E2),V,Q,-5.127,0,4,4
222(E2),V,R,-4.881,0,4.5,4
222(E2),V,S,-4.072,0.3564,4,4
222(E2),V,T,-1.085,0.2391,8.25,4
222(E2),V,V,0,0,,4
222(E2),V,W,-7.153,0,6.5,4
222(E2),V,Y,-7.144,0,5.5,4
223(E1),R,-,-0.1742,0.1294,0.5,2
223(E1),R,A,-0.2018,0.4135,7,4
223(E1),R,C,-4.812,0.004763,5.5,4
223(E1),R,D,-3.443,2.057,2.5,4
223(E1),R,E,-6.783,0,7,4
223(E1),R,F,-1.785,0.5668,9,4
223(E1),R,G,-4.971,0,6.5,4
223(E1),R,H,-0.152,0.193,3,4
223(E1),R,I,-4.143,0.2187,7.5,4
223(E1),R,K,-0.5485,0.2757,10,4
223(E1),R,L,-2.315,0.3981,6,4
223(E1),R,M,-1.267,0.6962,12.5,4
223(E1),R,N,-2.171,0.5967,5,4
223(E1),R,P,-4.91,0,8,4
223(E1),R,Q,-0.5298,0.07962,5.5,4
223(E1),R,R,0,0,,4
223(E1),R,S,-1.687,0.8272,8.5,4
223(E1),R,T,-2.582,1.204,5.5,4
223(E1),R,V,-3.462,0.1947,6,4
223(E1),R,W,-4.429,1.401,5,4
223(E1),R,Y,-1.735,0.3008,2.5,4
223(E2),D,A,-0.8754,0.5667,6,4
223(E2),D,C,-7.156,0,6.5,4
223(E2),D,D,0,0,,4
223(E2),D,E,0.01574,0.1524,11.5,4
223(E2),D,F,-3.726,0.1673,7.5,4
223(E2),D,G,-0.8085,0.08183,9,4
223(E2),D,H,0.01795,0.1839,7,4
223(E2),D,I,-5.381,0.252,6,4
223(E2),D,K,-1.28,0.1474,7.5,4
223(E2),D,L,-6.644,0,3.5,4
223(E2),D,M,-3.015,0.6989,4.5,4
223(E2),D,N,-0.27,0.3798,9.5,4
223(E2),D,P,-2.582,1.368,4,4
223(E2),D,Q,-0.4662,0.2459,8,4
223(E2),D,R,-1.972,0.6604,3,4
223(E2),D,S,-0.3598,0.598,5,4
223(E2),D,T,-0.3788,0.07122,4.5,4
223(E2),D,V,-2.465,0.9779,7,4
223(E2),D,W,-4.601,0,6.5,4
223(E2),D,Y,-2.753,0.2875,9.5,4
224(E1),P,-,0.009375,0.0737,0.5,2
224(E1),P,A,-7.468,0,6,4
224(E1),P,C,-7.65,0,5.5,4
224(E1),P,D,-7.611,0,5,4
224(E1),P,E,-7.502,0,4.5,4
224(E1),P,F,-7.574,0,4.5,4
224(E1),P,G,-7.559,0,4,4
224(E1),P,H,-7.626,0,8.5,4
224(E1),P,I,-7.56,0,6,4
224(E1),P,K,-6.761,0,3.5,4
224(E1),P,L,-7.671,0,14,4
224(E1),P,M,-7.563,0,4.5,4
224(E1),P,N,-7.114,0,2.5,4
224(E1),P,P,0,0,,4
224(E1),P,Q,-7.49,0,2.5,4
224(E1),P,R,-7.534,0,3.5,4
224(E1),P,S,-7.656,0,12.5,4
224(E1),P,T,-7.502,0,6,4
224(E1),P,V,-7.584,0,3,4
224(E1),P,W,-7.373,0,5,4
224(E1),P,Y,-7.601,0,7,4
224(E2),Q,*,-7.239,0,4,4
224(E2),Q,A,-1.373,0.08462,7.5,4
224(E2),Q,C,-5.735,0.4443,6,4
224(E2),Q,D,-0.547,0.06648,5,4
224(E2),Q,E,-0.4273,0.5041,5.5,4
224(E2),Q,F,-1.16,0.1646,8.5,4
224(E2),Q,G,-3.688,0.5565,1,2
224(E2),Q,H,-1.035,0.4932,13,4
224(E2),Q,I,-6.084,0,6,4
224(E2),Q,K,-0.4411,0.1945,8.5,4
224(E2),Q,L,-0.5811,0.1918,6.5,4
224(E2),Q,M,-0.5389,0.2705,7.5,4
224(E2),Q,N,-0.08027,0.1499,4,4
224(E2),Q,P,-7.612,0,3.5,4
224(E2),Q,Q,0,0,,4
224(E2),Q,R,-0.8822,0.785,7.5,4
224(E2),Q,S,-0.9734,0.5734,6,4
224(E2),Q,T,-5.107,0.004763,4.5,4
224(E2),Q,V,-2.611,0.1971,2,4
224(E2),Q,W,-1.865,0.5945,6,4
224(E2),Q,Y,-1.034,0.2241,4,4
225(E1),S,-,0.01036,0.0734,0.5,2
225(E1),S,A,-0.03008,0.1379,4.5,4
225(E1),S,C,0.0516,0.1908,7.5,4
225(E1),S,D,-0.2531,0.1989,5.5,4
225(E1),S,E,-0.1199,0.2721,4,4
225(E1),S,F,-2.35,0.1015,9,4
225(E1),S,G,-0.8389,0.9651,5.5,4
225(E1),S,H,-0.9438,0.4067,6,4
225(E1),S,I,-1.657,0.9875,7,4
225(E1),S,K,-1.408,0.3707,4.5,4
225(E1),S,L,-0.5325,0.2894,3,4
225(E1),S,M,0.2585,0.03801,5,4
225(E1),S,N,0.02448,0.5767,5,4
225(E1),S,P,-7.243,0,10.5,4
225(E1),S,Q,-0.44,0.5506,4,4
225(E1),S,R,-1.426,0.6022,5,4
225(E1),S,S,0,0,,4
225(E1),S,T,-1.42,0.6522,7,4
225(E1),S,V,-0.7997,0.4148,4.5,4
225(E1),S,W,-2.146,0.1568,7,4
225(E1),S,Y,-1.842,0.3622,9.5,4
225(E2),C,*,-5.848,1.101,3,4
225(E2),C,A,-5.766,0.7755,2.5,4
225(E2),C,C,0,0,,4
225(E2),C,D,-7.37,0,7,4
225(E2),C,E,-7.568,0,6.5,4
225(E2),C,F,-7.332,0,5.5,4
225(E2),C,G,-7.639,0,7.5,4
225(E2),C,H,-7.592,0,5,4
225(E2),C,I,-7.497,0,7.5,4
225(E2),C,K,-6.592,0,2.5,4
225(E2),C,L,-7.345,0,7,4
225(E2),C,M,-7.548,0,6,4
225(E2),C,N,-7.505,0,4,4
225(E2),C,P,-7.391,0,10,4
225(E2),C,Q,-7.361,0,6,4
225(E2),C,R,-7.435,0,7,4
225(E2),C,S,-7.345,0,7.5,4
225(E2),C,T,-7.405,0,4.5,4
225(E2),C,V,-7.288,0,5.5,4
225(E2),C,W,-7.378,0,7.5,4
225(E2),C,Y,-7.7,0,18.5,4
226(E1),A,-,-0.00811,0.07867,0.5,2
226(E1),A,A,0,0,,4
226(E1),A,C,-7.571,0,6.5,4
226(E1),A,D,-3.606,0.3142,11.5,4
226(E1),A,E,-3.621,0.5592,5,4
226(E1),A,F,-2.843,0.5211,10.75,4
226(E1),A,G,-2.165,0.3579,8.5,4
226(E1),A,H,-3.236,0.6953,6.5,4
226(E1),A,I,-2.632,0.4305,7,4
226(E1),A,K,-5.641,0.09007,4.5,4
226(E1),A,L,-4.574,0.07448,5.5,4
226(E1),A,M,-3.09,0.4686,8,4
226(E1),A,N,-7.543,0,5.5,4
226(E1),A,P,-0.02005,0.1164,9.5,4
226(E1),A,Q,-1.949,0.2186,6.5,4
226(E1),A,R,-5.008,0,3,4
226(E1),A,S,-0.1289,0.08515,9,4
226(E1),A,T,-0.265,0.1447,16.5,4
226(E1),A,V,-0.3486,0.1699,48.25,4
226(E1),A,W,-1.337,0.526,6,4
226(E1),A,Y,-1.389,0.7191,6.5,4
226(E2),H,A,-4.889,0,9.5,4
226(E2),H,C,-6.925,0,7,4
226(E2),H,D,-7.32,0,6,4
226(E2),H,E,-5.713,0,8.5,4
226(E2),H,F,-0.1885,0.2079,10,4
226(E2),H,G,-6.716,0,6.5,4
226(E2),H,H,0,0,,4
226(E2),H,I,-1.365,0.3858,5.5,4
226(E2),H,K,-4.655,0,1.5,4
226(E2),H,L,-1.736,0.3322,3,4
226(E2),H,M,-1.751,0.7917,3,4
226(E2),H,N,-4.459,0.1641,11.5,4
226(E2),H,P,-7.553,0,10,4
226(E2),H,Q,-2.47,0.7082,7.5,4
226(E2),H,R,-5.004,0.2356,6.5,4
226(E2),H,S,-3.333,0.2029,3.5,4
226(E2),H,T,-3.356,0.792,5,4
226(E2),H,V,-3.082,0.3729,5,4
226(E2),H,W,0.1973,0.161,5.5,4
226(E2),H,Y,-1.845,1.89,9.5,4
227(E1),G,*,-6.632,0,4,4
227(E1),G,-,-0.3741,0.0264,0.5,2
227(E1),G,A,-3.021,0.1829,9,4
227(E1),G,C,-7.588,0,3.5,4
227(E1),G,D,-4.739,0,2.5,2
227(E1),G,E,-3.402,0.8728,27,4
227(E1),G,F,-4.184,0.2728,8,4
227(E1),G,G,0,0,,4
227(E1),G,H,-5.403,0.03118,5,4
227(E1),G,I,-6.935,0,8.5,4
227(E1),G,K,-4.735,0.06409,7.5,4
227(E1),G,L,-6.529,0,8.5,4
227(E1),G,M,-4.05,0.1005,5.5,4
227(E1),G,N,-4.833,0.3577,5,4
227(E1),G,P,-7.181,0,5.5,4
227(E1),G,Q,-2.856,0.2422,9,4
227(E1),G,R,-5.679,0,22.25,4
227(E1),G,S,-3.181,0.4826,6.5,4
227(E1),G,T,-3.513,0.4103,8.5,4
227(E1),G,V,-5.8,0,8,4
227(E1),G,W,-4.38,0,8,4
227(E1),G,Y,-1.893,0.6125,7,4
227(E2),A,-,-3.282,2.159,1,4
227(E2),A,A,0,0,,4
227(E2),A,C,-6.459,0,5,4
227(E2),A,D,-7.509,0,6,4
227(E2),A,E,-7.473,0,6,4
227(E2),A,F,-7.581,0,4,2
227(E2),A,G,-7.062,0,5.25,4
227(E2),A,H,-5.835,0,2.5,4
227(E2),A,I,-1.414,0.9958,4,4
227(E2),A,K,-7.439,0,3.5,4
227(E2),A,L,-3.925,0.1252,6.5,4
227(E2),A,M,-3.57,0.3879,4,4
227(E2),A,N,-6.951,0,4.5,4
227(E2),A,P,-7.133,0,8,4
227(E2),A,Q,-7.175,0,4,2
227(E2),A,R,-7.457,0,7.5,4
227(E2),A,S,-1.396,0.9166,6,4
227(E2),A,T,0.07631,0.1844,22,4
227(E2),A,V,-0.2484,0.2971,20,4
227(E2),A,W,-7.506,0,5,4
227(E2),A,Y,-7.553,0,6,4
228(E1),T,-,-0.0254,0.00193,0.5,2
228(E1),T,A,-0.9466,0.3631,7.5,4
228(E1),T,C,-1.647,0.3086,7.5,4
228(E1),T,D,-0.5579,0.3973,9.5,4
228(E1),T,E,-0.2844,0.4219,7,4
228(E1),T,F,-1.442,1.32,2.5,4
228(E1),T,G,-2.587,1.106,6,4
228(E1),T,H,-1.554,0.4331,8,4
228(E1),T,I,0.1393,0.101,11,4
228(E1),T,K,-3.776,0.3295,7.5,4
228(E1),T,L,0.2678,0.04028,7,4
228(E1),T,M,0.05749,0.1169,5.5,4
228(E1),T,N,-2.402,0.09527,8,4
228(E1),T,P,-3.495,0.4497,7,4
228(E1),T,Q,-0.4652,0.6169,4.5,4
228(E1),T,R,-1.865,0.9103,5.5,4
228(E1),T,S,-1.785,0.7692,6,4
228(E1),T,T,0,0,,4
228(E1),T,V,0.2129,0.04937,8,4
228(E1),T,W,-0.3395,0.4122,5.5,4
228(E1),T,Y,-2.381,0.4768,7,4
228(E2),A,A,0,0,,4
228(E2),A,C,-6.936,0,3.5,4
228(E2),A,D,-7.544,0,7,4
228(E2),A,E,-6.834,0,4,4
228(E2),A,F,-0.9351,0.1406,2.5,4
228(E2),A,G,-4.842,0.000866,4,4
228(E2),A,H,-2.983,0.7687,6.5,4
228(E2),A,I,-6.327,0,8,4
228(E2),A,K,-1.976,0.3538,3,4
228(E2),A,L,-0.1664,0.2464,4,4
228(E2),A,M,-0.5895,0.02515,1.5,2
228(E2),A,N,-7.158,0,4,4
228(E2),A,P,-7.466,0,7.5,4
228(E2),A,Q,-3.56,0.4715,3.5,4
228(E2),A,R,-2.521,0.4267,5,4
228(E2),A,S,-0.342,0.1896,10,4
228(E2),A,T,-2.537,0.7762,21,4
228(E2),A,V,-0.6187,0.1953,11.5,4
228(E2),A,W,0.1659,0.4769,5.5,4
228(E2),A,Y,-0.06683,0.1085,3,4
229(E1),V,-,-0.1041,0.1193,1,2
229(E1),V,A,-2.651,0.2065,9.5,4
229(E1),V,C,-4.367,0.3087,9.5,4
229(E1),V,D,-7.465,0,5.5,4
229(E1),V,E,-7.259,0,8.5,4
229(E1),V,F,-7.401,0,10.5,4
229(E1),V,G,-7.604,0,5.75,4
229(E1),V,H,-7.528,0,7.75,4
229(E1),V,I,-0.5365,0.8479,4.5,4
229(E1),V,K,-7.154,0,5.5,4
229(E1),V,L,-0.6957,0.5345,11,4
229(E1),V,M,-1.822,0.437,11,4
229(E1),V,N,-7.326,0,4,4
229(E1),V,P,-6.694,0,4,4
229(E1),V,Q,-7.111,0,6.5,4
229(E1),V,R,-7.172,0,3.5,4
229(E1),V,S,-4.284,0,4.5,4
229(E1),V,T,-1.123,0.3681,5.5,4
229(E1),V,V,0,0,,4
229(E1),V,W,-7.468,0,4.5,4
229(E1),V,Y,-7.342,0,6,4
229(E2),V,*,-0.2576,0.1517,0.5,2
229(E2),V,-,-4.13,0.0315,0.5,2
229(E2),V,A,-4.128,0.245,11,4
229(E2),V,C,-7.406,0,5.5,4
229(E2),V,D,-6.945,0,3,4
229(E2),V,E,-7.54,0,7,4
229(E2),V,F,-4.441,0,5.5,4
229(E2),V,G,-7.466,0,10,4
229(E2),V,H,-5.861,0,5.5,4
229(E2),V,I,-1.261,0.3319,4.5,4
229(E2),V,K,-7.576,0,2.5,4
229(E2),V,L,-3.425,0.6034,9,4
229(E2),V,M,-6.181,0,23.25,4
229(E2),V,N,-6.541,0,4,4
229(E2),V,P,-7.527,0,9,4
229(E2),V,Q,-7.492,0,6.5,4
229(E2),V,R,-6.121,0,5,4
229(E2),V,S,-6.573,0,5.5,4
229(E2),V,T,-2.647,0.8818,7.5,4
229(E2),V,V,0,0,,4
229(E2),V,W,-6.4,0,4,4
229(E2),V,Y,-2.904,0.3312,8,4
23(6K),L,A,0.2213,0.1379,3,4
23(6K),L,C,0.04868,0.03987,7.5,4
23(6K),L,D,-0.2287,0.1709,5.5,4
23(6K),L,E,0.0625,0.01712,10.5,4
23(6K),L,F,0.2053,0.1942,11,4
23(6K),L,G,0.2146,0.1911,7,4
23(6K),L,H,-0.7194,0.638,7,4
23(6K),L,I,0.01986,0.2441,4.5,4
23(6K),L,K,-1.677,0.1352,7.5,4
23(6K),L,L,0,0,,4
23(6K),L,M,-0.0228,0.1995,15.5,4
23(6K),L,N,0.0912,0.1564,8,4
23(6K),L,P,-0.1137,0.1281,30.5,4
23(6K),L,Q,-0.2257,0.2275,9,4
23(6K),L,R,-1.295,0.4126,7.5,4
23(6K),L,S,0.1325,0.1473,6.5,4
23(6K),L,T,0.0188,0.2601,7,4
23(6K),L,V,-0.1585,0.2217,6.5,4
23(6K),L,W,-0.0037,0.3106,8.25,4
23(6K),L,Y,-0.2935,0.3068,6,4
23(E1),G,-,-0.5627,0.325,3.5,4
23(E1),G,A,-0.2045,0.2809,9.25,4
23(E1),G,C,-1.966,0.674,10.5,4
23(E1),G,D,-0.1594,0.1017,40,4
23(E1),G,E,0.04763,0.4812,5.25,4
23(E1),G,F,-0.00738,0.2042,7.5,4
23(E1),G,G,0,0,,4
23(E1),G,H,-0.3781,1.121,7.25,4
23(E1),G,I,-2.178,0.6594,6,4
23(E1),G,K,-0.7881,0.8445,5.5,4
23(E1),G,L,-0.1084,0.28,8.5,4
23(E1),G,M,0.0528,0.2414,6.5,4
23(E1),G,N,-0.2231,0.2017,6,4
23(E1),G,P,-0.3411,0.4353,7,4
23(E1),G,Q,-1.249,0.716,10.5,4
23(E1),G,R,0.08715,0.2293,6.5,4
23(E1),G,S,-0.3546,0.2061,11.25,4
23(E1),G,T,0.2114,0.03191,4.5,4
23(E1),G,V,-2.129,0.5971,13,4
23(E1),G,W,-1.547,0.1622,8,4
23(E1),G,Y,-0.3116,0.3089,4,4
23(E2),G,-,-6.435,0,0.5,2
23(E2),G,A,-0.5323,0.1855,12,4
23(E2),G,C,-6.928,0,14,4
23(E2),G,D,-0.6303,0.126,19,4
23(E2),G,E,0.3215,0.4643,6.5,4
23(E2),G,F,-1.771,0.1308,13,4
23(E2),G,G,0,0,,4
23(E2),G,H,-1.124,0.09321,6.5,4
23(E2),G,I,-3.141,0.2929,7,4
23(E2),G,K,-1.684,0.2957,7,4
23(E2),G,L,-2.29,0.1282,7,4
23(E2),G,M,-1.626,0.4581,4.5,4
23(E2),G,N,0.06658,0.3678,8.5,4
23(E2),G,P,-7.687,0,9,4
23(E2),G,Q,-0.0533,0.4401,6,4
23(E2),G,R,-1.506,0.5318,5.25,4
23(E2),G,S,-0.1808,0.02834,13.5,4
23(E2),G,T,-1.899,0.4352,6,4
23(E2),G,V,-3.159,0.0275,10,4
23(E2),G,W,-2.485,0.379,10.5,4
23(E2),G,Y,-1.735,0.2776,11.5,4
23(E3),T,-,-0.9954,0.01755,0.5,2
23(E3),T,A,0.00865,0.3176,6,4
23(E3),T,C,-0.5242,0.2192,11.5,4
23(E3),T,D,0.3009,0.07745,9,4
23(E3),T,E,-0.1735,0.3295,6.5,4
23(E3),T,F,-0.03377,0.1965,7.5,4
23(E3),T,G,0.1443,0.09816,7,4
23(E3),T,H,-0.2168,0.1508,13.5,4
23(E3),T,I,0.1872,0.3212,11.5,4
23(E3),T,K,0.28,0.2801,7.5,4
23(E3),T,L,0.2784,0.1401,7.5,4
23(E3),T,M,0.08524,0.1008,5.5,4
23(E3),T,N,0.07384,0.1761,8.5,4
23(E3),T,P,-0.7129,0.7088,13.5,4
23(E3),T,Q,0.252,0.1636,7,4
23(E3),T,R,-0.06661,0.2426,8,4
23(E3),T,S,-0.04175,0.2103,12,4
23(E3),T,T,0,0,,4
23(E3),T,V,0.1552,0.1014,7.25,4
23(E3),T,W,-0.2052,0.1707,9.5,4
23(E3),T,Y,0.1374,0.3148,9.5,4
230(E1),H,-,-0.07107,0.09713,1.5,2
230(E1),H,A,-5.217,0,5,4
230(E1),H,C,-6.692,0,6,4
230(E1),H,D,-5.296,0,8,4
230(E1),H,E,-6.448,0,6.5,4
230(E1),H,F,-7.043,0,10,4
230(E1),H,G,-5.078,0,7,4
230(E1),H,H,0,0,,4
230(E1),H,I,-5.207,0,6.5,4
230(E1),H,K,-7.11,0,3,4
230(E1),H,L,-6.584,0,4.75,4
230(E1),H,M,-4.239,0.1044,9.5,4
230(E1),H,N,-7.413,0,10,4
230(E1),H,P,-7.562,0,6,4
230(E1),H,Q,-5.206,0,13,4
230(E1),H,R,-5.515,0,10,4
230(E1),H,S,-5.473,0,5,4
230(E1),H,T,-5.93,0,5.5,4
230(E1),H,V,-6.515,0,9,4
230(E1),H,W,-7.518,0,6,4
230(E1),H,Y,-4.511,0.06019,25,4
230(E2),T,-,-3.301,0.1855,0.5,2
230(E2),T,A,-3.062,0.7899,10.5,4
230(E2),T,C,-5.617,0,8.5,4
230(E2),T,D,-7.335,0,5,4
230(E2),T,E,-5.237,0,4.5,4
230(E2),T,F,-4.536,0.3118,4.5,4
230(E2),T,G,-7.242,0,9.5,4
230(E2),T,H,-4.261,0.2646,8.5,4
230(E2),T,I,-3.77,0.1974,8.5,4
230(E2),T,K,-5.024,0,7,4
230(E2),T,L,-5.002,0,8,4
230(E2),T,M,-3.816,0.0882,7,4
230(E2),T,N,-6.354,0,8,4
230(E2),T,P,-6.715,0.7045,4.5,4
230(E2),T,Q,-4.812,0,5.25,4
230(E2),T,R,-6.69,0,6,4
230(E2),T,S,-1.804,0.1354,8,4
230(E2),T,T,0,0,,4
230(E2),T,V,-3.785,0.4261,6.5,4
230(E2),T,W,-5.784,0,6.5,4
230(E2),T,Y,-3.33,1.793,4.25,4
231(E1),V,-,-0.07831,0.1072,2,4
231(E1),V,A,-2.749,0.1132,12.5,4
231(E1),V,C,-2.966,0.2962,6.5,4
231(E1),V,D,-7.633,0,6,4
231(E1),V,E,-7.596,0,6.5,4
231(E1),V,F,-7.467,0,9,4
231(E1),V,G,-7.155,0,8,4
231(E1),V,H,-7.598,0,8,4
231(E1),V,I,-1.031,0.2845,6,4
231(E1),V,K,-7.308,0,10,4
231(E1),V,L,-4.595,0,10,4
231(E1),V,M,-4.513,0.2174,22.25,4
231(E1),V,N,-4.024,0.265,5,4
231(E1),V,P,-7.409,0,6,4
231(E1),V,Q,-3.566,1.086,3,4
231(E1),V,R,-7.571,0,9.5,4
231(E1),V,S,-2.811,0.1839,7.5,4
231(E1),V,T,-2.093,0.2009,5.5,4
231(E1),V,V,0,0,,4
231(E1),V,W,-7.591,0,4,4
231(E1),V,Y,-7.595,0,6.5,4
231(E2),N,-,-3.187,0.259,0.5,2
231(E2),N,A,0.2531,0.1363,1.5,2
231(E2),N,C,-1.452,0.3166,8.5,4
231(E2),N,D,-0.1052,0.165,7.5,4
231(E2),N,E,-0.9395,0.2745,4,4
231(E2),N,F,-2.663,0.6497,6.75,4
231(E2),N,G,-0.445,0.3848,5.5,4
231(E2),N,H,-0.2419,0.1554,7,4
231(E2),N,I,-4.274,0.1303,8.5,4
231(E2),N,K,-2.564,1.012,4.5,4
231(E2),N,L,-2.628,0.4555,8,4
231(E2),N,M,-1.071,0.2652,6,4
231(E2),N,N,0,0,,4
231(E2),N,P,-7.162,0,4.5,4
231(E2),N,Q,-0.811,0.4074,6,4
231(E2),N,R,-1.643,0.9504,3,4
231(E2),N,S,-1.505,0.7969,8,4
231(E2),N,T,-3.2,0.9399,7,4
231(E2),N,V,-3.958,0.2857,5.5,4
231(E2),N,W,-2.502,0.3384,6.5,4
231(E2),N,Y,-1.638,0.4353,4.5,4
232(E1),P,-,-0.2318,0.1764,2,4
232(E1),P,A,-0.6035,0.2007,5,4
232(E1),P,C,-7.166,0,7,4
232(E1),P,D,-6.235,0,3.5,4
232(E1),P,E,-6.569,0.2122,4.5,4
232(E1),P,F,-7.46,0,12,4
232(E1),P,G,-1.675,0.4851,5.5,4
232(E1),P,H,-5.364,0,6,4
232(E1),P,I,-5.309,0,4.5,4
232(E1),P,K,-3.856,0.3798,6,4
232(E1),P,L,-3.148,0.593,5.5,4
232(E1),P,M,-3.968,0.3096,4,4
232(E1),P,N,-7.245,0,5.5,4
232(E1),P,P,0,0,,4
232(E1),P,Q,-3.462,0.3323,10,4
232(E1),P,R,-4.332,0.3187,7.5,4
232(E1),P,S,-2.383,0.3127,21.5,4
232(E1),P,T,-4.046,0.1716,19,4
232(E1),P,V,-5.602,0.1641,3.5,4
232(E1),P,W,-7.03,0,9.5,4
232(E1),P,Y,-7.09,0,5,4
232(E2),H,-,-4.19,0,0.5,2
232(E2),H,A,-2.917,0.4062,4.5,4
232(E2),H,C,-6.042,0,5,4
232(E2),H,D,-2.641,0.2488,9,4
232(E2),H,E,-3.818,0.5725,8,4
232(E2),H,F,-2.112,0.1427,6.25,4
232(E2),H,G,-2.897,0.1503,4.5,4
232(E2),H,H,0,0,,4
232(E2),H,I,-2.723,0.2164,8.5,4
232(E2),H,K,-3.893,0.5135,4.5,4
232(E2),H,L,-2.735,0.2046,5.5,4
232(E2),H,M,-2.849,0.2214,6.5,4
232(E2),H,N,-5.109,0.1594,9.5,4
232(E2),H,P,-3.011,0.5859,7.5,4
232(E2),H,Q,-2.685,0.3283,9.5,4
232(E2),H,R,-4.885,0,9,4
232(E2),H,S,-2.436,0.5958,4,4
232(E2),H,T,-3.055,0.1345,6,4
232(E2),H,V,-2.593,0.4463,6,4
232(E2),H,W,-3.471,0.2459,6.75,4
232(E2),H,Y,-2.783,0.4635,9.5,4
233(E1),Y,*,-7.415,0,6,4
233(E1),Y,-,-0.1907,0.2195,2.5,4
233(E1),Y,A,-1.834,0.3543,6.5,4
233(E1),Y,C,-2.789,0.3911,7.5,4
233(E1),Y,D,-7.585,0,4.5,4
233(E1),Y,E,-7.558,0,6,4
233(E1),Y,F,-0.7222,0.2835,7.5,4
233(E1),Y,G,-7.448,0,7.5,4
233(E1),Y,H,-1.289,1.136,6,4
233(E1),Y,I,-0.5887,0.2057,17.25,4
233(E1),Y,K,-3.74,1.159,5,4
233(E1),Y,L,-0.1943,0.2695,7.5,4
233(E1),Y,M,0.1386,0.1658,5.5,4
233(E1),Y,N,-2.505,0.5658,8.5,4
233(E1),Y,P,-7.65,0,9,4
233(E1),Y,Q,-7.588,0,6,4
233(E1),Y,R,-3.417,0.3643,6,4
233(E1),Y,S,-2.188,0.3835,7,4
233(E1),Y,T,-0.9496,0.3424,7.5,4
233(E1),Y,V,-0.515,0.5174,5.5,4
233(E1),Y,W,-0.9994,0.4715,7,4
233(E1),Y,Y,0,0,,4
233(E2),K,*,-6.767,0,1,2
233(E2),K,-,0.07895,0.03415,0.5,2
233(E2),K,A,-0.1759,0.5133,5.5,4
233(E2),K,C,-3.015,0.2627,6.5,4
233(E2),K,D,-0.2859,0.2808,2.5,4
233(E2),K,E,-0.6313,0.2817,12.5,4
233(E2),K,F,-2.391,0.1764,6.5,4
233(E2),K,G,-3.725,1.932,1,2
233(E2),K,H,-0.8761,0.3563,8.5,4
233(E2),K,I,-1.52,0.1753,6.5,4
233(E2),K,K,0,0,,4
233(E2),K,L,-0.969,0.217,7.5,4
233(E2),K,M,-0.8498,0.2499,9,4
233(E2),K,N,-0.028,0.3316,14.75,4
233(E2),K,P,-4.205,0.3465,5.5,4
233(E2),K,Q,-0.2181,0.1287,7,4
233(E2),K,R,-0.2495,0.1838,8,4
233(E2),K,S,-0.1588,0.2417,6.5,4
233(E2),K,T,-0.1446,0.2509,6.25,4
233(E2),K,V,-0.8593,0.2931,6,4
233(E2),K,W,-3.184,0.3852,6.5,4
233(E2),K,Y,-1.987,0.1807,4.5,4
234(E1),S,-,-0.03179,0.1113,2.5,4
234(E1),S,A,-2.002,0.575,8.5,4
234(E1),S,C,-4.747,0,4.5,4
234(E1),S,D,-0.9797,1.293,3,4
234(E1),S,E,-1.042,0.3857,4.5,4
234(E1),S,F,-1.967,0.4809,9,4
234(E1),S,G,-1.12,0.08911,4.5,4
234(E1),S,H,-3.077,0.3035,9,4
234(E1),S,I,-2.159,1.373,6.5,4
234(E1),S,K,-3.097,0.6487,3,4
234(E1),S,L,-1.092,0.7453,3.5,4
234(E1),S,M,-1.047,0.5135,8.5,4
234(E1),S,N,-0.4146,1.072,3.5,4
234(E1),S,P,-7.61,0,8,4
234(E1),S,Q,-2.094,0.35,6,4
234(E1),S,R,-1.941,0.9893,2.5,4
234(E1),S,S,0,0,,4
234(E1),S,T,-1.363,0.8493,4.5,4
234(E1),S,V,-2.139,0.3454,8.25,4
234(E1),S,W,-1.964,0.7774,4,4
234(E1),S,Y,-2.85,1.587,4.5,4
234(E2),K,A,-0.9122,0.45,8,4
234(E2),K,C,-3.776,0.4853,9,4
234(E2),K,D,-2.338,0.3265,5,4
234(E2),K,E,-1.49,0.1682,6.5,4
234(E2),K,F,-0.8756,0.3774,7.5,4
234(E2),K,G,-0.9553,0.2025,6.5,4
234(E2),K,H,0.1748,0.3203,6,4
234(E2),K,I,-2.457,0.2849,6,4
234(E2),K,K,0,0,,4
234(E2),K,L,-1.351,0.3998,8,4
234(E2),K,M,-0.7517,0.05454,10.5,4
234(E2),K,N,-1.477,0.09357,8.5,4
234(E2),K,P,-7.42,0,4,4
234(E2),K,Q,0.24,0.2209,5,4
234(E2),K,R,-0.1211,0.4459,4,4
234(E2),K,S,-0.08676,0.246,6.5,4
234(E2),K,T,-0.3076,1.079,2,4
234(E2),K,V,-1.671,0.3071,6.5,4
234(E2),K,W,-0.6391,0.506,4.5,4
234(E2),K,Y,-1.533,1.435,6,4
235(E1),Q,*,-7.335,0,5,4
235(E1),Q,-,-0.5933,0.672,3,4
235(E1),Q,A,-2.418,1.115,5.5,4
235(E1),Q,C,-4.321,0.4952,5,4
235(E1),Q,D,-7.433,0,11,4
235(E1),Q,E,-3.974,0.3775,7,4
235(E1),Q,F,-7.424,0,8,4
235(E1),Q,G,-7.697,0,5,4
235(E1),Q,H,-7.066,0,14,4
235(E1),Q,I,-1.938,0.854,9,4
235(E1),Q,K,-7.575,0,9,4
235(E1),Q,L,-7.647,0,13,4
235(E1),Q,M,-5.895,0,6.5,4
235(E1),Q,N,-2.907,0.4461,5.5,4
235(E1),Q,P,-7.359,0,9.5,4
235(E1),Q,Q,0,0,,4
235(E1),Q,R,-7.675,0,45.5,4
235(E1),Q,S,-3.242,0.455,6,4
235(E1),Q,T,-4.134,0.22,5,4
235(E1),Q,V,-2.684,0.1098,7,4
235(E1),Q,W,-7.607,0,5.5,4
235(E1),Q,Y,-7.295,0,2.5,4
235(E2),W,*,-7.46,0,19,4
235(E2),W,-,-3.885,1.898,0.5,2
235(E2),W,A,-7.161,0,5.5,4
235(E2),W,C,-7.581,0,13,4
235(E2),W,D,-7.508,0,6,4
235(E2),W,E,-6.842,0,4,4
235(E2),W,F,-4.175,0.05672,6.5,4
235(E2),W,G,-7.631,0,7,4
235(E2),W,H,-7.178,0,4.5,4
235(E2),W,I,-7.287,0,7.5,4
235(E2),W,K,-7.546,0,8.5,4
235(E2),W,L,-5.436,0,11,4
235(E2),W,M,-6.137,0,5.5,4
235(E2),W,N,-7.564,0,2.5,4
235(E2),W,P,-7.465,0,11,4
235(E2),W,Q,-6.933,0,3,4
235(E2),W,R,-7.259,0,8.5,4
235(E2),W,S,-7.377,0,4.5,4
235(E2),W,T,-7.5,0,9.5,4
235(E2),W,V,-7.428,0,5,4
235(E2),W,W,0,0,,4
235(E2),W,Y,-6.588,0,7.5,4
236(E1),A,-,-1.822,1.649,3,4
236(E1),A,A,0,0,,4
236(E1),A,C,-5.28,1.015,3.5,4
236(E1),A,D,-1.66,0.3055,10,4
236(E1),A,E,-1.702,0.4383,3,4
236(E1),A,F,-1.564,0.1114,4.5,4
236(E1),A,G,-2.306,0.6219,5.5,4
236(E1),A,H,-1.736,0.2138,6,4
236(E1),A,I,-0.1139,0.3549,7,4
236(E1),A,K,-3.686,0.5015,4,4
236(E1),A,L,-1.301,0.4225,2,4
236(E1),A,M,-0.6315,0.06235,4.5,4
236(E1),A,N,-1.833,0.3887,5,4
236(E1),A,P,-7.316,0,9.75,4
236(E1),A,Q,-2.965,0.7914,3,4
236(E1),A,R,-1.332,0.3485,2.5,4
236(E1),A,S,-0.8602,0.6826,9.75,4
236(E1),A,T,-1.319,0.1081,15,4
236(E1),A,V,-0.4723,0.234,9.75,4
236(E1),A,W,-2.755,0.4857,4,4
236(E1),A,Y,-0.1739,0.04978,7.25,4
236(E2),Q,*,-7.556,0,40.5,4
236(E2),Q,-,-1.909,0.5335,0.5,2
236(E2),Q,A,-3.276,0.5181,5.5,4
236(E2),Q,C,-7.13,0,8.5,4
236(E2),Q,D,-7.218,0,8,4
236(E2),Q,E,-2.765,0.4248,6,4
236(E2),Q,F,-6.277,0,6.5,4
236(E2),Q,G,-7.248,0,6,4
236(E2),Q,H,-0.9123,0.7773,10.5,4
236(E2),Q,I,-2.522,0.5849,3.5,4
236(E2),Q,K,-7.019,0,6,4
236(E2),Q,L,-3.547,1.107,5.5,4
236(E2),Q,M,-1.619,0.1949,8.5,4
236(E2),Q,N,-6.961,0,6.5,4
236(E2),Q,P,-6.616,0,5,4
236(E2),Q,Q,0,0,,4
236(E2),Q,R,-7.479,0,11,4
236(E2),Q,S,-5.275,0,9.5,4
236(E2),Q,T,-1.011,0.164,12,4
236(E2),Q,V,-0.9705,0.708,8,4
236(E2),Q,W,-6.301,0,6.5,4
236(E2),Q,Y,-6.583,0,7,4
237(E1),P,-,-0.5747,0.6527,2.5,4
237(E1),P,A,-1.613,0.5525,4.5,4
237(E1),P,C,-2.954,0.5472,6.5,4
237(E1),P,D,-1.522,0.5725,3.75,4
237(E1),P,E,-1.265,0.8613,2.5,4
237(E1),P,F,-1.244,0.6564,5.5,4
237(E1),P,G,-2.097,0.6315,4.75,4
237(E1),P,H,-3.677,1.52,6,4
237(E1),P,I,-3.607,0.2515,8.5,4
237(E1),P,K,-2.13,0.657,3.5,4
237(E1),P,L,-1.393,0.2371,9,4
237(E1),P,M,-1.942,0.7565,4,4
237(E1),P,N,-2.849,1.336,3.25,4
237(E1),P,P,0,0,,4
237(E1),P,Q,-2.147,0.585,4.5,4
237(E1),P,R,-3.644,0.2575,4,4
237(E1),P,S,-1.38,0.2707,4.5,4
237(E1),P,T,-1.979,0.5904,7.25,4
237(E1),P,V,-1.912,0.7865,3,4
237(E1),P,W,-2.587,0.5986,7.5,4
237(E1),P,Y,-1.558,1.27,2.5,4
237(E2),Y,*,-7.453,0,4,4
237(E2),Y,A,-5.925,0,5,4
237(E2),Y,C,-7.375,0,11.5,4
237(E2),Y,D,-7.156,0,7.5,4
237(E2),Y,E,-7.51,0,6.5,4
237(E2),Y,F,0.01435,0.311,7.5,4
237(E2),Y,G,-7.595,0,4,4
237(E2),Y,H,-6.509,0,9.5,4
237(E2),Y,I,0.2091,0.2019,8.5,4
237(E2),Y,K,-7.55,0,8.5,4
237(E2),Y,L,-0.9372,0.1598,7.5,4
237(E2),Y,M,-1.857,0.3607,7,4
237(E2),Y,N,-7.633,0,10.5,4
237(E2),Y,P,-7.306,0,3.5,4
237(E2),Y,Q,-7.053,0,6.25,4
237(E2),Y,R,-7.394,0,7,4
237(E2),Y,S,-7.451,0,5,4
237(E2),Y,T,-5.822,0,4.5,4
237(E2),Y,V,0.4234,0.2308,3.5,4
237(E2),Y,W,-6.899,0,7,4
237(E2),Y,Y,0,0,,4
238(E1),S,-,-0.6497,0.2388,2.5,4
238(E1),S,A,-1.532,0.4021,5.5,4
238(E1),S,C,-2.61,0.1774,6.5,4
238(E1),S,D,-7.494,0,5.5,4
238(E1),S,E,-7.569,0,6,4
238(E1),S,F,-7.621,0,4.5,4
238(E1),S,G,-3.292,0.2239,7.5,4
238(E1),S,H,-6.696,0,5.5,4
238(E1),S,I,-6.947,0,14.5,4
238(E1),S,K,-5.811,0,5,4
238(E1),S,L,-7.522,0,4.5,4
238(E1),S,M,-4.002,1.241,5.5,4
238(E1),S,N,-3.967,0.1444,16.5,4
238(E1),S,P,-1.064,0.2559,4.5,4
238(E1),S,Q,-4.748,0.001299,5,4
238(E1),S,R,-7.644,0,12.5,4
238(E1),S,S,0,0,,4
238(E1),S,T,-1.941,0.05373,4.25,4
238(E1),S,V,-4.877,0,5.5,4
238(E1),S,W,-7.555,0,4.5,4
238(E1),S,Y,-7.556,0,8.5,4
238(E2),N,-,-4.678,1.177,1,4
238(E2),N,A,-0.2157,0.04314,8.5,4
238(E2),N,C,-6.189,0,4,4
238(E2),N,D,-2.648,0.6285,5.5,4
238(E2),N,E,-2.119,0.2423,6,4
238(E2),N,F,-0.4183,0.2684,10,4
238(E2),N,G,-3.3,0.3546,5.5,4
238(E2),N,H,-1.836,0.475,5.5,4
238(E2),N,I,-3.303,0.4535,8.5,4
238(E2),N,K,-4.008,0.2897,12,4
238(E2),N,L,-2.72,0.4345,5.5,4
238(E2),N,M,-1.488,0.8396,6,4
238(E2),N,N,0,0,,4
238(E2),N,P,-5.704,0,4.5,4
238(E2),N,Q,-1.25,0.4089,6,4
238(E2),N,R,-1.861,0.07483,8.5,4
238(E2),N,S,-0.4492,0.1498,14,4
238(E2),N,T,-1.857,0.8918,6,4
238(E2),N,V,-1.527,0.4515,7,4
238(E2),N,W,-3.301,0.5325,5,4
238(E2),N,Y,0.06065,0.2992,4.5,4
239(E1),G,-,-0.3782,0.6142,2.5,4
239(E1),G,A,-4.444,1.058,5,4
239(E1),G,C,-7.551,0,8,4
239(E1),G,D,-7.707,0,42,4
239(E1),G,E,-7.611,0,5.25,4
239(E1),G,F,-7.576,0,4.5,4
239(E1),G,G,0,0,,4
239(E1),G,H,-7.575,0,7.5,4
239(E1),G,I,-7.397,0,4,4
239(E1),G,K,-7.328,0,7.5,4
239(E1),G,L,-7.377,0,5,4
239(E1),G,M,-7.574,0,4.5,4
239(E1),G,N,-7.57,0,6,4
239(E1),G,P,-7.602,0,10.25,4
239(E1),G,Q,-7.603,0,8.5,4
239(E1),G,R,-7.322,0,8,4
239(E1),G,S,-7.632,0,10,4
239(E1),G,T,-7.451,0,5.5,4
239(E1),G,V,-7.484,0,13.5,4
239(E1),G,W,-3.302,1.837,1,4
239(E1),G,Y,-7.346,0,6,4
239(E2),S,-,-5.45,0.373,0.5,2
239(E2),S,A,-6.796,0,6.5,4
239(E2),S,C,-7.651,0,5,4
239(E2),S,D,-7.589,0,5.5,4
239(E2),S,E,-7.447,0,7.5,4
239(E2),S,F,-7.598,0,7.5,4
239(E2),S,G,-7.393,0,15.5,4
239(E2),S,H,-7.337,0,9.5,4
239(E2),S,I,-7.484,0,12.75,4
239(E2),S,K,-7.252,0,6.5,4
239(E2),S,L,-7.504,0,7.5,4
239(E2),S,M,-7.431,0,9.5,4
239(E2),S,N,-7.487,0,16.5,4
239(E2),S,P,-7.631,0,7,4
239(E2),S,Q,-7.149,0,6,4
239(E2),S,R,-7.167,0,11,4
239(E2),S,S,0,0,,4
239(E2),S,T,-5.085,0,6,4
239(E2),S,V,-7.53,0,3,4
239(E2),S,W,-7.245,0,5,4
239(E2),S,Y,-7.606,0,8.5,4
24(6K),I,*,-7.609,0,6.5,4
24(6K),I,-,-0.01115,0.09295,0.5,2
24(6K),I,A,0.08354,0.2701,6,4
24(6K),I,C,-0.2747,0.4084,7.5,4
24(6K),I,D,-0.4764,0.1162,10,4
24(6K),I,E,0.016,0.3765,6,4
24(6K),I,F,0.2392,0.01483,7,4
24(6K),I,G,0.2102,0.02835,5,4
24(6K),I,H,-0.3261,0.4074,7.5,4
24(6K),I,I,0,0,,4
24(6K),I,K,-0.8478,0.3892,5,4
24(6K),I,L,-0.4125,0.4982,7.25,4
24(6K),I,M,-0.1635,0.2169,7.5,4
24(6K),I,N,-0.6635,0.3063,7.5,4
24(6K),I,P,-0.1454,0.1466,8,4
24(6K),I,Q,0.0208,0.06952,4.5,4
24(6K),I,R,-1.447,1.158,4,4
24(6K),I,S,-0.1228,0.8891,5.5,4
24(6K),I,T,-0.04582,0.07007,7,4
24(6K),I,V,-0.1814,0.1664,5.5,4
24(6K),I,W,0.02918,0.05151,7,4
24(6K),I,Y,-0.009453,0.2491,7,4
24(E1),Y,*,-7.601,0,5,4
24(E1),Y,-,-0.1679,0.1875,2,4
24(E1),Y,A,-1.482,0.6595,13.5,4
24(E1),Y,C,-0.6308,0.07459,12.5,4
24(E1),Y,D,-3.35,0.2938,7.5,4
24(E1),Y,E,-7.604,0,6,4
24(E1),Y,F,0.04417,0.06865,7.5,4
24(E1),Y,G,-7.171,0,9.75,4
24(E1),Y,H,-1.144,0.3684,9,4
24(E1),Y,I,-3.849,0.1981,7.5,4
24(E1),Y,K,-2.283,0.2638,8,4
24(E1),Y,L,-1.193,0.4125,8,4
24(E1),Y,M,-0.8849,0.4793,6.75,4
24(E1),Y,N,-2.159,0.2954,11,4
24(E1),Y,P,-7.598,0,11.5,4
24(E1),Y,Q,-3.151,0.262,9,4
24(E1),Y,R,-1.955,0.1411,7.5,4
24(E1),Y,S,-0.8892,0.4149,6,4
24(E1),Y,T,-1.205,0.8413,5,4
24(E1),Y,V,-3.396,0.4338,7,4
24(E1),Y,W,-0.5824,0.3432,6.5,4
24(E1),Y,Y,0,0,,4
24(E2),E,*,-5.559,0.2442,7.5,4
24(E2),E,A,0.09123,0.1019,9,4
24(E2),E,C,-0.7675,0.1096,6.5,4
24(E2),E,D,0.08518,0.2101,13.5,4
24(E2),E,E,0,0,,4
24(E2),E,F,0.09271,0.2014,8,4
24(E2),E,G,-0.4918,0.3733,10,4
24(E2),E,H,0.1,0.1606,5.5,4
24(E2),E,I,0.1317,0.8718,7.75,4
24(E2),E,K,-0.4611,0.2235,17.5,4
24(E2),E,L,-0.03364,0.03804,9,4
24(E2),E,M,0.08562,0.2608,7.5,4
24(E2),E,N,-0.1574,0.3209,9,4
24(E2),E,P,-0.8382,0.1375,8.5,4
24(E2),E,R,-1.108,0.3462,14.5,4
24(E2),E,S,-0.169,0.183,9.5,4
24(E2),E,T,0.006805,0.2132,7.5,4
24(E2),E,V,0.1589,0.368,9.75,4
24(E2),E,W,-0.3974,0.451,3.5,4
24(E2),E,Y,-0.1859,0.1289,7.5,4
24(E3),P,*,-7.639,0,6.5,4
24(E3),P,-,-0.6414,0.00945,0.5,2
24(E3),P,A,-0.2356,0.494,9,4
24(E3),P,C,-1.987,0.1195,11.5,4
24(E3),P,D,-0.7533,0.3782,9.5,4
24(E3),P,E,-0.06952,0.09943,5,4
24(E3),P,F,-0.303,0.1887,9,4
24(E3),P,G,-1.512,0.2124,9,4
24(E3),P,H,-0.7337,0.1767,10.5,4
24(E3),P,I,-0.5841,0.3694,8,4
24(E3),P,K,-1.102,0.1801,7,4
24(E3),P,L,-0.8659,0.1481,15.5,4
24(E3),P,M,-0.5622,0.4081,8.5,4
24(E3),P,N,0.0304,0.2832,7,4
24(E3),P,P,0,0,,4
24(E3),P,Q,-0.06128,0.1214,9.5,4
24(E3),P,R,-0.8997,0.2798,9,4
24(E3),P,S,-0.08294,0.224,11,4
24(E3),P,T,-0.1926,0.04977,11,4
24(E3),P,V,-0.5995,0.4726,9,4
24(E3),P,W,-0.2809,0.3265,10,4
24(E3),P,Y,-0.4403,0.4893,7.5,4
240(E1),F,-,-0.112,0.1461,1.5,4
240(E1),F,A,-7.389,0,3.5,4
240(E1),F,C,-7.318,0,3.5,4
240(E1),F,D,-7.541,0,4.25,4
240(E1),F,E,-7.133,0,2.5,4
240(E1),F,F,0,0,,4
240(E1),F,G,-7.456,0,3,4
240(E1),F,H,-7.502,0,2.5,4
240(E1),F,I,-7.516,0,6.5,4
240(E1),F,K,-7.434,0,2,4
240(E1),F,L,-7.453,0,14.5,4
240(E1),F,M,-6.846,0,3.5,4
240(E1),F,N,-7.588,0,2,2
240(E1),F,P,-3.907,1.893,2.5,4
240(E1),F,Q,-7.478,0,1.5,4
240(E1),F,R,-3.638,1.857,2,4
240(E1),F,S,-7.492,0,4.5,4
240(E1),F,T,-7.405,0,4,4
240(E1),F,V,-5.944,0,5,4
240(E1),F,W,-2.055,0.2617,1.5,4
240(E1),F,Y,0.01384,0.192,2.5,4
240(E2),P,-,-5.798,0.053,0.5,2
240(E2),P,A,-2.018,0.163,8,4
240(E2),P,C,-7.04,0,5,4
240(E2),P,D,-4.713,0.9882,5,4
240(E2),P,E,-7.525,0,3.5,4
240(E2),P,F,-7.552,0,5,4
240(E2),P,G,-4.739,0,4,4
240(E2),P,H,-3.96,0.2175,9.5,4
240(E2),P,I,-7.455,0,6,4
240(E2),P,K,-4.99,0,4.5,4
240(E2),P,L,-7.412,0,11.5,4
240(E2),P,M,-1.98,2.178,1.5,4
240(E2),P,N,-6.313,0,4.5,4
240(E2),P,P,0,0,,4
240(E2),P,Q,-3.958,0.1664,7.5,4
240(E2),P,R,-5.078,0,9,4
240(E2),P,S,-7.63,0,8,4
240(E2),P,T,-7.403,0,11,4
240(E2),P,V,-7.068,0,6.5,4
240(E2),P,W,-7.37,0,6.25,4
240(E2),P,Y,-6.546,0,7,4
241(E1),K,*,-7.489,0,0.5,2
241(E1),K,-,0.0591,0.1128,0.5,2
241(E1),K,A,-2.474,0.2511,2.5,4
241(E1),K,C,-3.304,0.5619,5,4
241(E1),K,D,-7.319,0,4,4
241(E1),K,E,-5.039,0,6,4
241(E1),K,F,-5.46,0.1039,3,4
241(E1),K,G,-2.602,1.186,3.5,4
241(E1),K,H,-2.797,1.25,4,4
241(E1),K,I,-4.468,0.2044,2,4
241(E1),K,K,0,0,,4
241(E1),K,L,-5.702,0,2.5,4
241(E1),K,M,-2.55,0.3362,4,4
241(E1),K,N,-4.374,0.03204,6.5,4
241(E1),K,P,-5.156,0,3,4
241(E1),K,Q,-2.386,0.1759,3,4
241(E1),K,R,0.1308,0.3248,3.5,4
241(E1),K,S,-2.333,0.494,1,2
241(E1),K,T,-2.335,0.3835,4,4
241(E1),K,V,-2.235,1.154,1.5,4
241(E1),K,W,-3.196,1.472,3,4
241(E1),K,Y,-1.622,0.7709,1.5,4
241(E2),L,A,-4.456,0.08833,6,4
241(E2),L,C,-6.966,0,4.5,4
241(E2),L,D,-7.413,0,8.5,4
241(E2),L,E,-7.458,0,8,4
241(E2),L,F,-0.0722,0.1692,6.5,4
241(E2),L,G,0.1397,0.1168,5.5,4
241(E2),L,H,-0.9257,0.1698,4,4
241(E2),L,I,-4.758,0,8,4
241(E2),L,K,-4.08,0.2139,7,4
241(E2),L,L,0,0,,4
241(E2),L,M,-0.9688,0.1382,7.5,4
241(E2),L,N,-0.8518,1.299,5.5,4
241(E2),L,P,-7.177,0,13,4
241(E2),L,Q,-3.84,0.1942,6,4
241(E2),L,R,-1.308,0.4291,8.5,4
241(E2),L,S,-2.146,0.1066,7,4
241(E2),L,T,-3.135,0.9,6.5,4
241(E2),L,V,-6.713,0,9.5,4
241(E2),L,W,-1.471,0.3764,11,4
241(E2),L,Y,-0.06575,0.09722,5.5,4
242(E1),Y,*,-7.667,0,2.5,2
242(E1),Y,A,-2.806,0.3676,3,4
242(E1),Y,C,-3.364,1.482,3.5,4
242(E1),Y,D,-3.622,0.6429,4.5,4
242(E1),Y,E,-3.218,0.5408,2,4
242(E1),Y,F,-1.87,0.3871,3.5,4
242(E1),Y,G,-3.623,0.6581,2,4
242(E1),Y,H,-1.966,0.4476,3,4
242(E1),Y,I,-4.179,1.02,0.5,2
242(E1),Y,K,-6.155,0,2,2
242(E1),Y,L,-3.011,0.9964,2.5,4
242(E1),Y,M,-1.922,0.157,3,2
242(E1),Y,N,-2.264,0.3687,7,4
242(E1),Y,P,-7.193,0,1.5,2
242(E1),Y,Q,-2.83,1.399,3,4
242(E1),Y,R,-6.02,0,2.5,2
242(E1),Y,S,-3.346,0.2468,3.5,4
242(E1),Y,T,-3.123,0.3722,4,4
242(E1),Y,V,-3.599,0.4478,2.5,4
242(E1),Y,W,-0.05564,0.01992,4.5,4
242(E1),Y,Y,0,0,,4
242(E2),V,-,-0.1156,0.1059,0.5,2
242(E2),V,A,-4.78,0.1162,10,4
242(E2),V,C,-6.556,0,6,4
242(E2),V,D,-7.439,0,2,4
242(E2),V,E,-7.675,0,7,4
242(E2),V,F,-6.418,0,6,4
242(E2),V,G,-7.563,0,7,4
242(E2),V,H,-7.177,0,4,4
242(E2),V,I,-0.9381,0.3643,6,4
242(E2),V,K,-7.347,0.01732,2.5,4
242(E2),V,L,-0.2545,0.3766,11.5,4
242(E2),V,M,-1.955,0.4054,13,4
242(E2),V,N,-3.084,0.7266,5.5,4
242(E2),V,P,-7.496,0,7.5,4
242(E2),V,Q,-0.9156,0.2999,7.5,4
242(E2),V,R,-6.538,0,5.5,4
242(E2),V,S,-3.022,0.456,6.5,4
242(E2),V,T,-1.681,1.255,3,4
242(E2),V,V,0,0,,4
242(E2),V,W,-3.96,0.07933,8.5,4
242(E2),V,Y,-5.588,0,4,4
243(E1),W,*,-7.68,0,40.25,4
243(E1),W,A,-7.385,0,2,4
243(E1),W,C,-7.633,0,7.5,4
243(E1),W,D,-7.567,0,2.5,4
243(E1),W,E,-7.71,0,2.5,4
243(E1),W,F,-0.7163,0.04155,1.5,2
243(E1),W,G,-3.285,0.19,1,2
243(E1),W,H,-7.475,0,4,4
243(E1),W,I,-7.596,0,2.5,4
243(E1),W,K,-7.261,0,4,4
243(E1),W,L,-7.604,0,9,4
243(E1),W,M,-7.047,0,2.5,4
243(E1),W,N,-7.157,0,2,4
243(E1),W,P,-7.554,0,6.5,4
243(E1),W,Q,-5.136,1.275,3,4
243(E1),W,R,-7.457,0,3.5,4
243(E1),W,S,-7.571,0,3,4
243(E1),W,T,-7.603,0,3.5,4
243(E1),W,V,-7.425,0,3.5,4
243(E1),W,W,0,0,,4
243(E1),W,Y,-7.31,0,2.5,2
243(E2),P,*,-7.37,0,1,2
243(E2),P,-,-0.04188,0.1277,0.5,2
243(E2),P,A,-4.172,0.1178,6,4
243(E2),P,C,-7.28,0,6.5,4
243(E2),P,D,-7.258,0,6.5,4
243(E2),P,E,-3.789,1.696,3.5,4
243(E2),P,F,-7.41,0,2,4
243(E2),P,G,-6.954,0,2,2
243(E2),P,H,-7.026,0,7,4
243(E2),P,I,-3.265,0.4109,5.5,4
243(E2),P,K,-7.581,0,3,4
243(E2),P,L,-3.54,0.5082,9,4
243(E2),P,M,-5.641,0,4,4
243(E2),P,N,-7.496,0,4,4
243(E2),P,P,0,0,,4
243(E2),P,Q,-7.382,0,7,4
243(E2),P,R,-7.342,0,10,4
243(E2),P,S,-7.082,0,16.5,4
243(E2),P,T,-6.995,0,7.5,4
243(E2),P,V,-3.957,0.1268,5.5,4
243(E2),P,W,-7.03,0,5,4
243(E2),P,Y,-7.311,0,7,4
244(E1),L,A,-0.4221,0.6831,2,4
244(E1),L,C,-2.245,0.5018,2,4
244(E1),L,D,-7.077,0,3.5,4
244(E1),L,E,-2.73,0.5722,3.5,4
244(E1),L,F,-3.292,1.825,2.5,4
244(E1),L,G,-4.938,0,2.5,4
244(E1),L,H,-0.6929,0.6496,3.5,4
244(E1),L,I,-0.04778,0.01658,1.5,2
244(E1),L,K,-2.41,0.7434,1.5,4
244(E1),L,L,0,0,,4
244(E1),L,M,-0.05307,0.08998,8,4
244(E1),L,N,-1.867,0.3909,4,4
244(E1),L,P,-7.466,0,7.5,4
244(E1),L,Q,0.2159,0.1563,3,4
244(E1),L,R,-0.6431,0.1789,0.5,2
244(E1),L,S,-1.118,0.4742,2.5,4
244(E1),L,T,0.1322,0.1317,2.5,4
244(E1),L,V,-1.607,0.8814,1.5,2
244(E1),L,W,-2.351,1.879,1.5,4
244(E1),L,Y,-0.2089,0.2997,4,4
244(E2),R,*,-6.556,0,3,4
244(E2),R,-,-0.03692,0.05924,0.5,2
244(E2),R,A,-2.774,0.6863,5,4
244(E2),R,C,-6.714,0,5.75,4
244(E2),R,D,-6.836,0,7.5,4
244(E2),R,E,-7.256,0,3.5,4
244(E2),R,F,-4.41,0.09526,6,4
244(E2),R,G,-6.115,0,10,4
244(E2),R,H,-5.925,0,8,4
244(E2),R,I,-5.902,0,8.5,4
244(E2),R,K,-3.893,0.698,10.5,4
244(E2),R,L,-3.723,0.4688,5.25,4
244(E2),R,M,-3.218,0.6117,9,4
244(E2),R,N,-6.376,0,6.5,4
244(E2),R,P,-7.399,0,11.5,4
244(E2),R,Q,-3.758,0.5993,4.5,4
244(E2),R,R,0,0,,4
244(E2),R,S,-4.617,0.7435,4,4
244(E2),R,T,-6.398,0,5.5,4
244(E2),R,V,-4.492,0.04893,9.5,4
244(E2),R,W,-5.477,0.3342,2.5,4
244(E2),R,Y,-4.955,0,6,4
245(E1),K,*,-2.789,1.719,0.5,2
245(E1),K,-,-6.469,0,0.5,2
245(E1),K,A,0.2043,0.04775,1,4
245(E1),K,C,0.1032,0.05444,2.5,2
245(E1),K,D,0.2299,0.02711,2,4
245(E1),K,E,0.2893,0.02175,1,2
245(E1),K,F,0.2908,0.02615,0.5,2
245(E1),K,G,0.0543,0.2676,6,4
245(E1),K,H,0.1935,0.0415,1.5,4
245(E1),K,I,0.2413,0.04201,5,4
245(E1),K,K,0,0,,4
245(E1),K,L,0.06375,0.2202,3.5,4
245(E1),K,M,-0.0949,0.1017,5.5,4
245(E1),K,N,0.1402,0.1031,7.5,4
245(E1),K,P,-5.938,0,3,4
245(E1),K,Q,0.254,0.04134,2,4
245(E1),K,R,-0.07464,0.06748,2,4
245(E1),K,S,0.2263,0.01583,2,4
245(E1),K,T,-0.3301,0.8946,2,4
245(E1),K,V,0.1527,0.2691,3,4
245(E1),K,W,0.1288,0.08022,1.5,4
245(E1),K,Y,0.2239,0.02468,4,4
245(E2),N,-,-0.1657,0.1738,0.5,2
245(E2),N,A,0.2364,0.1364,3.5,4
245(E2),N,C,-0.2977,0.4716,3.5,4
245(E2),N,D,-2.286,0.5575,9,4
245(E2),N,E,-1.982,1.082,3.75,4
245(E2),N,F,-0.6222,0.1909,9,4
245(E2),N,G,-0.5768,0.311,6,4
245(E2),N,H,-0.05893,0.2476,7.5,4
245(E2),N,I,0.04456,0.1598,7.5,4
245(E2),N,K,-0.8987,0.2344,7,4
245(E2),N,L,-0.9505,0.2385,8.5,4
245(E2),N,M,-1.042,0.1074,6,4
245(E2),N,N,0,0,,4
245(E2),N,P,-0.0694,0.5888,5.5,4
245(E2),N,Q,-0.5161,0.3333,8,4
245(E2),N,R,-1.485,0.5026,4,4
245(E2),N,S,0.05247,0.1593,4.5,4
245(E2),N,T,-0.4304,0.4749,4.5,4
245(E2),N,V,0.3004,0.3223,7.5,4
245(E2),N,W,-1.701,0.3933,5,4
245(E2),N,Y,-0.7983,0.171,11,4
246(E1),E,*,-7.529,0,4,4
246(E1),E,-,-4.804,0,0.5,2
246(E1),E,A,-2.185,1.181,3.5,4
246(E1),E,C,-2.521,1.348,4,4
246(E1),E,D,-0.02997,0.2623,7.5,4
246(E1),E,E,0,0,,4
246(E1),E,F,-3.956,1.007,1,4
246(E1),E,G,-1.446,0.3492,5,4
246(E1),E,H,-4.992,0,3,4
246(E1),E,I,0.2616,0.01315,0.5,2
246(E1),E,K,-6.338,0,5,4
246(E1),E,L,-3.339,0.4155,4,4
246(E1),E,M,-1.536,0.9456,4.5,4
246(E1),E,N,-2.879,1.108,1,4
246(E1),E,P,-7.598,0,3,4
246(E1),E,Q,-1.734,0.1475,4,4
246(E1),E,R,-4.89,0,1.5,4
246(E1),E,S,-1.981,0.713,4,4
246(E1),E,T,-2.287,0.4759,2,4
246(E1),E,V,-0.647,0.601,3.5,4
246(E1),E,W,-4.188,0.5743,2,4
246(E1),E,Y,-1.747,1.475,3,4
246(E2),A,-,-0.7722,0.3858,1,2
246(E2),A,A,0,0,,4
246(E2),A,C,-0.5369,0.3281,7.5,4
246(E2),A,D,-0.5211,0.2184,8.5,4
246(E2),A,E,-1.087,0.8631,2.5,4
246(E2),A,F,-1.265,0.06063,6.5,4
246(E2),A,G,0.3719,0.2499,5,4
246(E2),A,H,-0.5725,0.5842,8.5,4
246(E2),A,I,-0.9746,0.2672,7.5,4
246(E2),A,K,-0.5227,0.7038,7,4
246(E2),A,L,-1.082,0.3246,5,4
246(E2),A,M,-0.6633,0.2779,3.5,4
246(E2),A,N,0.4065,0.2197,7,4
246(E2),A,P,-0.04087,0.1261,5,4
246(E2),A,Q,0.1418,0.2342,5.5,4
246(E2),A,R,-0.212,0.1171,4,4
246(E2),A,S,0.4466,0.3425,7,4
246(E2),A,T,0.3643,0.08914,16,4
246(E2),A,V,-0.2408,0.1306,30,4
246(E2),A,W,-1.368,0.09962,6,4
246(E2),A,Y,-0.6958,0.8284,4.5,4
247(E1),R,*,-6.155,0,1,4
247(E1),R,-,-2.277,0.177,0.5,2
247(E1),R,A,-1.392,0.4579,2.5,4
247(E1),R,C,-3.166,1.29,3,4
247(E1),R,D,-7.611,0,4,4
247(E1),R,E,-7.504,0,3.5,4
247(E1),R,F,-7.705,0,3.5,4
247(E1),R,G,-4.098,0.262,4.5,4
247(E1),R,H,-0.9247,0.8702,2,4
247(E1),R,I,-2.576,0.4419,3,4
247(E1),R,K,-0.4406,0.8335,6.5,4
247(E1),R,L,-5.929,0,0.5,2
247(E1),R,M,-4.333,0.262,2.5,4
247(E1),R,N,-2.897,0.2687,5.5,4
247(E1),R,P,-2.468,0.3243,3.5,4
247(E1),R,Q,-2.237,0.3076,5.5,4
247(E1),R,R,0,0,,4
247(E1),R,S,-2.413,0.9587,3,4
247(E1),R,T,-5.094,0.3866,2,4
247(E1),R,V,-2.917,1.337,2,4
247(E1),R,W,-3.698,2.036,4.5,4
247(E1),R,Y,-7.619,0,5,4
247(E2),E,*,-6.755,0,2.5,4
247(E2),E,-,-0.3852,0.7688,0.5,2
247(E2),E,A,-0.9226,0.6906,7,4
247(E2),E,C,-2.471,0.3636,3,4
247(E2),E,D,-1.178,0.9136,10.5,4
247(E2),E,E,0,0,,4
247(E2),E,F,-0.8071,0.7264,10.5,4
247(E2),E,G,-1.957,0.2062,6.5,4
247(E2),E,H,-0.7736,0.6177,4,4
247(E2),E,I,-0.5789,0.6733,3,4
247(E2),E,K,-1.425,0.2128,14.75,4
247(E2),E,L,-0.2303,0.08176,5.5,4
247(E2),E,M,-0.5548,0.5513,3.5,4
247(E2),E,N,-1.362,0.8392,7,4
247(E2),E,P,0.1231,0.2496,7,4
247(E2),E,Q,-0.3603,0.1893,9,4
247(E2),E,R,-0.3396,0.4258,9.5,4
247(E2),E,S,-4.675,0,4,4
247(E2),E,T,-6.104,0,6,4
247(E2),E,V,-0.6492,0.3878,8,4
247(E2),E,W,-1.196,0.2812,6,4
247(E2),E,Y,-0.4657,0.1926,7,4
248(E1),G,A,0.07875,0.1642,2,2
248(E1),G,C,-0.8771,1.102,4,4
248(E1),G,D,-0.9713,0.2767,10,4
248(E1),G,E,-1.234,0.4835,2,4
248(E1),G,F,-2.124,0.1768,3.5,4
248(E1),G,G,0,0,,4
248(E1),G,H,-0.3574,0.3476,2.5,4
248(E1),G,I,-1.836,0.3544,6.5,4
248(E1),G,K,-0.2528,0.4348,1.5,4
248(E1),G,L,-1.436,1.452,2,4
248(E1),G,M,-0.6514,0.293,3,4
248(E1),G,N,-1.46,0.5862,3,4
248(E1),G,P,0.1187,0.07055,1.5,2
248(E1),G,Q,-1.48,0.5508,2,2
248(E1),G,S,-0.7101,0.07351,5.5,4
248(E1),G,T,-0.5452,0.248,0.5,2
248(E1),G,V,0.1435,0.1611,2.5,4
248(E1),G,W,-2.797,0.5153,2,4
248(E1),G,Y,-2.692,1.239,3.5,4
248(E2),L,A,0.2736,0.1153,5.5,4
248(E2),L,C,-0.2433,0.3539,6,4
248(E2),L,D,0.1446,0.195,7.5,4
248(E2),L,E,0.06535,0.1965,7.5,4
248(E2),L,F,0.128,0.09039,6,4
248(E2),L,G,-0.09024,0.171,6.5,4
248(E2),L,H,0.1566,0.1404,3.5,4
248(E2),L,I,-0.2112,0.1504,8.5,4
248(E2),L,K,-1.052,0.4046,3,4
248(E2),L,L,0,0,,4
248(E2),L,M,-0.1525,0.323,10.5,4
248(E2),L,N,0.02746,0.115,4,2
248(E2),L,P,-1.486,0.3662,6.5,4
248(E2),L,Q,-0.3759,0.7737,4.5,4
248(E2),L,R,0.08085,0.1448,6.5,4
248(E2),L,S,0.05155,0.0532,5,4
248(E2),L,T,0.305,0.04351,5.5,4
248(E2),L,V,0.08067,0.07597,8.5,4
248(E2),L,W,-0.8428,0.06249,4,4
248(E2),L,Y,-0.8381,0.595,5,4
249(E1),A,A,0,0,,4
249(E1),A,C,-4.679,1.01,1.5,2
249(E1),A,D,-7.508,0,4.5,4
249(E1),A,E,-3.279,0.3349,3.5,4
249(E1),A,F,-7.562,0,3,4
249(E1),A,G,-1.119,0.5778,4,4
249(E1),A,H,-7.509,0,4.5,4
249(E1),A,I,-2.057,2.019,4,4
249(E1),A,K,-7.152,0.5084,2.5,4
249(E1),A,L,-5.332,0,2,4
249(E1),A,M,-1.4,0.948,1,4
249(E1),A,N,-3.979,0.058,1.5,2
249(E1),A,P,-0.916,1.079,4.5,4
249(E1),A,Q,0.2154,0.0112,1,2
249(E1),A,R,-1.709,0.83,2,4
249(E1),A,S,0.09607,0.1693,7,4
249(E1),A,T,-0.7134,0.2843,16,4
249(E1),A,V,-1.491,1.025,7,4
249(E1),A,W,-7.209,0,3.5,4
249(E1),A,Y,-7.434,0,3,4
249(E2),G,A,-0.07415,0.2605,4.5,4
249(E2),G,C,-2.821,0.3994,8.5,4
249(E2),G,D,-1.074,0.07811,13.5,4
249(E2),G,E,-1.168,0.4625,6,4
249(E2),G,F,-1.105,0.2565,6.75,4
249(E2),G,G,0,0,,4
249(E2),G,H,-1.168,0.1893,6.5,4
249(E2),G,I,-1.255,0.5757,5,4
249(E2),G,K,-2.805,1.214,4.5,4
249(E2),G,L,-0.5334,0.0905,5,4
249(E2),G,M,-0.03896,0.2456,4.5,4
249(E2),G,N,-1.252,0.1987,9.5,4
249(E2),G,P,0.04934,0.3043,6.5,4
249(E2),G,Q,-1.025,0.6671,3.75,4
249(E2),G,R,-2.138,0.6846,4.5,4
249(E2),G,S,-0.2793,0.3,11,4
249(E2),G,T,-1.2,0.1432,7,4
249(E2),G,V,-1.173,0.2085,5,4
249(E2),G,W,-0.4727,0.1178,3.5,4
249(E2),G,Y,-0.8515,0.186,6,4
25(6K),P,-,-0.2346,0.1183,0.5,2
25(6K),P,A,0.004186,0.05529,6.25,4
25(6K),P,C,-0.00815,0.2277,5,4
25(6K),P,D,0.031,0.1647,6,4
25(6K),P,E,-0.2968,0.7848,4.5,4
25(6K),P,F,-0.3659,0.2754,6,4
25(6K),P,G,0.05708,0.1645,7.5,4
25(6K),P,H,0.1324,0.08494,6.5,4
25(6K),P,I,-0.1153,0.1334,8.5,4
25(6K),P,K,-0.5211,1.548,5,4
25(6K),P,L,0.09982,0.03217,10,4
25(6K),P,M,0.06427,0.1133,5,4
25(6K),P,N,0.001025,0.0233,6.5,4
25(6K),P,P,0,0,,4
25(6K),P,Q,0.08024,0.04591,7,4
25(6K),P,R,-0.1745,0.3651,6,4
25(6K),P,S,0.06792,0.05034,11,4
25(6K),P,T,0.01915,0.03829,10,4
25(6K),P,V,-0.07117,0.04577,7,4
25(6K),P,W,0.1012,0.1463,9,4
25(6K),P,Y,-0.805,0.5075,6,4
25(E1),S,-,-0.02925,0.1459,1,2
25(E1),S,A,-0.6536,0.4402,7,4
25(E1),S,C,-4.002,0.6524,5,4
25(E1),S,D,-4.173,0.5586,6,4
25(E1),S,E,-5.536,0.3728,7,4
25(E1),S,F,-7.269,0,7.25,4
25(E1),S,G,-2.939,0.273,13,4
25(E1),S,H,-7.213,0,5.5,4
25(E1),S,I,-4.004,0.408,11.5,4
25(E1),S,K,-7.482,0,4.5,4
25(E1),S,L,-3.506,0.4802,7.5,4
25(E1),S,M,-1.609,0.9905,7.25,4
25(E1),S,N,-1.616,0.4026,17.5,4
25(E1),S,P,-7.633,0,8.5,4
25(E1),S,Q,-4.775,0.1373,5.5,4
25(E1),S,R,-5.803,1.334,8.5,4
25(E1),S,S,0,0,,4
25(E1),S,T,0.07071,0.3411,6,4
25(E1),S,V,-3.262,0.8505,8.5,4
25(E1),S,W,-7.526,0,8.5,4
25(E1),S,Y,-7.295,0,8,4
25(E2),G,A,-0.3691,0.1907,6.25,4
25(E2),G,C,-3.742,0.1801,14.5,4
25(E2),G,D,-0.6899,0.3014,21,4
25(E2),G,E,-0.4126,0.2109,6.5,4
25(E2),G,F,0.2104,0.1161,7,4
25(E2),G,G,0,0,,4
25(E2),G,H,-0.7308,0.1994,8,4
25(E2),G,I,-1.869,0.396,5.5,4
25(E2),G,K,-0.6015,0.08249,5,4
25(E2),G,L,-0.3084,0.3272,6,4
25(E2),G,M,-0.1924,0.4115,8,4
25(E2),G,N,0.4283,0.1191,5.5,4
25(E2),G,P,-7.469,0,10,4
25(E2),G,Q,-0.1248,0.4441,7.5,4
25(E2),G,R,-0.5748,0.6553,7,4
25(E2),G,S,-0.2005,0.366,10.25,4
25(E2),G,T,-0.7495,0.3173,12,4
25(E2),G,V,-1.321,0.3526,11,4
25(E2),G,W,0.5167,0.3628,4.5,4
25(E2),G,Y,0.4099,0.02721,8.5,4
25(E3),C,*,-5.9,0,1.5,4
25(E3),C,-,-1.173,0.146,2.5,2
25(E3),C,A,-0.8804,0.3066,8,4
25(E3),C,C,0,0,,4
25(E3),C,D,-1.503,0.569,3.5,4
25(E3),C,E,-1.663,0.1171,9,4
25(E3),C,F,-1.089,0.1872,13.75,4
25(E3),C,G,-0.8302,0.2712,9,4
25(E3),C,H,-2.288,0.1949,8.75,4
25(E3),C,I,-1.502,0.2381,10,4
25(E3),C,K,-2.817,0.188,7.5,4
25(E3),C,L,-1.317,0.1767,13,4
25(E3),C,M,-2.383,0.5333,11,4
25(E3),C,N,-0.3819,0.2159,10,4
25(E3),C,P,-1.603,0.1685,8.5,4
25(E3),C,Q,-2.293,0.3675,8,4
25(E3),C,R,-2.304,0.4642,16.5,4
25(E3),C,S,-0.6484,0.4658,6,4
25(E3),C,T,-1.359,0.1317,6,4
25(E3),C,V,-2.083,1.063,10,4
25(E3),C,W,-1.359,0.1327,10.25,4
25(E3),C,Y,-0.9076,0.055,21,4
250(E1),S,-,-0.2178,0,0.25,1
250(E1),S,A,0.03467,0.1049,4.5,4
250(E1),S,C,-2.015,0.4935,3.5,4
250(E1),S,D,0.159,0.5498,1,4
250(E1),S,E,-7.285,0,0.5,2
250(E1),S,F,-7.471,0,10,4
250(E1),S,G,-4.066,0.6615,1,2
250(E1),S,H,-2.018,0.608,4,4
250(E1),S,I,-7.444,0,1.5,4
250(E1),S,K,-5.033,0,3.5,4
250(E1),S,M,-1.99,0.4359,2,4
250(E1),S,N,-1.296,0.7236,2,4
250(E1),S,P,-0.219,0.07268,5.5,4
250(E1),S,Q,-6.891,0,1.5,4
250(E1),S,R,-7.425,0,2,4
250(E1),S,S,0,0,,4
250(E1),S,T,-0.5265,0.5661,1.5,4
250(E1),S,V,-7.558,0,3,4
250(E1),S,W,-7.584,0,2,2
250(E1),S,Y,-7.603,0,6,4
250(E2),D,A,-0.2656,0.1797,7,4
250(E2),D,C,-1.027,0.3023,8.5,4
250(E2),D,D,0,0,,4
250(E2),D,E,0.1958,0.1029,5.5,4
250(E2),D,F,-0.9909,0.1031,4.5,4
250(E2),D,G,-1.113,0.6352,2.5,4
250(E2),D,H,-0.2751,0.4324,6.5,4
250(E2),D,I,-1.026,0.2358,6.5,4
250(E2),D,K,-1.292,0.2835,4,4
250(E2),D,L,-0.8921,0.03659,6,4
250(E2),D,M,-0.3527,0.1948,2,2
250(E2),D,N,0.0174,0.07871,9,4
250(E2),D,P,-1.964,0.2159,6,4
250(E2),D,Q,-0.1111,0.4021,4,4
250(E2),D,R,-2.012,0.347,9.25,4
250(E2),D,S,-0.1442,0.08989,4,4
250(E2),D,T,-0.3422,0.2183,3,4
250(E2),D,V,-1.272,0.8101,4.5,4
250(E2),D,W,-1.326,0.2519,4.5,4
250(E2),D,Y,-0.6423,0.2014,7.5,4
251(E1),L,-,-0.004129,0,0.25,1
251(E1),L,A,-5.087,0,2.5,4
251(E1),L,C,-7.554,0,4.5,4
251(E1),L,D,-3.482,1.909,2,4
251(E1),L,E,-7.451,0,2,4
251(E1),L,F,-4.691,1.12,2,4
251(E1),L,G,-7.562,0,3.5,4
251(E1),L,H,-7.576,0,6,4
251(E1),L,I,-1.07,0.1962,5,4
251(E1),L,K,-7.363,0,2,4
251(E1),L,L,0,0,,4
251(E1),L,M,0.1159,0.3194,6.5,4
251(E1),L,N,-7.466,0,3.5,2
251(E1),L,P,-7.579,0,10,4
251(E1),L,Q,-5.87,0,4.5,4
251(E1),L,R,-7.095,0,3,4
251(E1),L,S,-7.555,0,5,4
251(E1),L,T,-0.2396,1.695,2.5,4
251(E1),L,V,-1.323,0.1832,2,4
251(E1),L,W,-7.545,0,0.5,2
251(E1),L,Y,-6.634,0,3.5,4
251(E2),R,*,0.04075,0.3149,0.5,2
251(E2),R,-,0.06803,0.001335,0.5,2
251(E2),R,A,-0.6311,0.5903,6.5,4
251(E2),R,C,-1.474,0.3715,11,4
251(E2),R,D,-5.552,0,7.5,4
251(E2),R,E,-3.117,0.7837,7.5,4
251(E2),R,F,-0.485,0.4507,10.75,4
251(E2),R,G,-3.302,0.902,8.5,4
251(E2),R,H,-0.7208,0.297,7.5,4
251(E2),R,I,-0.5722,0.3629,13.5,4
251(E2),R,K,-0.1844,0.1046,12.5,4
251(E2),R,L,0.3072,0.2335,8.5,4
251(E2),R,M,-0.4334,0.2095,6.5,4
251(E2),R,N,-1.74,0.7822,6,4
251(E2),R,P,-0.3147,0.04448,10,4
251(E2),R,Q,-1.116,0.5112,7,4
251(E2),R,R,0,0,,4
251(E2),R,S,-1.114,0.3641,11.5,4
251(E2),R,T,-1.582,0.321,6.5,4
251(E2),R,V,-0.5328,0.2899,10.5,4
251(E2),R,W,-2.793,0.387,7.5,4
251(E2),R,Y,-0.7416,0.504,8,4
252(E1),Q,*,-6.793,0,9,4
252(E1),Q,-,-0.1381,0,0.25,1
252(E1),Q,A,0.157,0.07309,3,4
252(E1),Q,C,-0.9607,0.3434,3.5,4
252(E1),Q,D,-0.1816,0.2517,3,4
252(E1),Q,E,-0.1086,0.5013,2.5,4
252(E1),Q,F,-0.8597,0.5345,3,4
252(E1),Q,G,-0.308,0.4352,2.5,4
252(E1),Q,H,0.2264,0.02359,5.5,4
252(E1),Q,I,-0.7759,0.581,1.5,4
252(E1),Q,K,0.04813,0.0167,6.5,4
252(E1),Q,L,-0.4526,0.682,3,4
252(E1),Q,M,0.1647,0.09978,2,4
252(E1),Q,N,0.06649,0.1399,1.5,4
252(E1),Q,P,-3.859,0.5831,5,4
252(E1),Q,Q,0,0,,4
252(E1),Q,R,0.1316,0.1738,1.5,4
252(E1),Q,S,0.1846,0.00635,1,2
252(E1),Q,T,0.0033,0.1308,3.5,4
252(E1),Q,V,-0.6343,0.1527,4.5,4
252(E1),Q,W,-4.632,0,0.5,2
252(E1),Q,Y,-1.699,0.2569,2.5,4
252(E2),K,*,-7.016,0,3.5,4
252(E2),K,-,0.1497,0.0042,0.5,2
252(E2),K,A,-2.207,0.4242,11.5,4
252(E2),K,C,-5.344,0,5.75,4
252(E2),K,D,-7.546,0,6,4
252(E2),K,E,-6.947,0,5.5,4
252(E2),K,F,-1.453,0.1915,7.5,4
252(E2),K,G,-2.641,0.2212,9.5,4
252(E2),K,H,-2.567,0.2414,7.5,4
252(E2),K,I,-1.72,0.795,7,4
252(E2),K,K,0,0,,4
252(E2),K,L,-1.089,0.4755,7.5,4
252(E2),K,M,-0.5113,0.3507,9,4
252(E2),K,N,-2.909,0.6046,11,4
252(E2),K,P,-3.041,1.592,6,4
252(E2),K,Q,-1.694,0.1974,7,4
252(E2),K,R,-0.0203,0.1522,11.5,4
252(E2),K,S,-2.345,0.4948,6.5,4
252(E2),K,T,-1.699,0.3209,6.5,4
252(E2),K,V,-1.067,0.9247,6.5,4
252(E2),K,W,-2.314,0.2199,5.5,4
252(E2),K,Y,-2.007,0.4931,5.5,4
253(E1),H,A,-0.2723,0.3094,3,4
253(E1),H,C,-1.931,0.2129,5.75,4
253(E1),H,D,-2.153,1.796,1,4
253(E1),H,E,-4.249,1.28,2,4
253(E1),H,F,0.2108,0.05852,2.5,4
253(E1),H,G,-0.5373,0.2692,1,2
253(E1),H,H,0,0,,4
253(E1),H,I,-6.726,0,1.5,4
253(E1),H,K,-3.577,1.168,3,4
253(E1),H,L,-1.667,1.102,2.5,4
253(E1),H,M,-0.7725,0.573,3,4
253(E1),H,N,-0.366,0.3721,5.75,4
253(E1),H,P,-6.906,0,5.5,4
253(E1),H,Q,-0.6562,0.3929,6.5,4
253(E1),H,R,-1.001,0.6166,1.5,4
253(E1),H,S,-0.8036,0.596,3,4
253(E1),H,T,-2.474,0.0255,1,2
253(E1),H,V,-4.919,0,2,4
253(E1),H,W,0.2326,0.04143,3,4
253(E1),H,Y,0.2235,0.0621,9,4
253(E2),G,-,-0.1275,0.0134,0.5,2
253(E2),G,A,-0.2879,0.5161,8,4
253(E2),G,C,-2.936,0.8197,10,4
253(E2),G,D,-7.659,0,29.5,4
253(E2),G,E,-7.495,0,7.5,4
253(E2),G,F,-2.921,0.6203,7,4
253(E2),G,G,0,0,,4
253(E2),G,H,-7.335,0,5,4
253(E2),G,I,-3.575,1.244,3.5,4
253(E2),G,K,-7.14,0,6,4
253(E2),G,L,-5.717,0,4.5,4
253(E2),G,M,-2.684,0.5133,4,4
253(E2),G,N,-6.662,0,5.5,4
253(E2),G,P,-7.143,0,5.5,4
253(E2),G,Q,-6.866,0,4,4
253(E2),G,R,-7.562,0,7.75,4
253(E2),G,S,-2.718,0.4553,8.5,4
253(E2),G,T,-5.34,0,4,4
253(E2),G,V,-4.14,0.2789,8.5,4
253(E2),G,W,-4.231,0,5.5,4
253(E2),G,Y,-5.699,0,4,4
254(E1),T,*,-5.579,0,0.5,2
254(E1),T,-,-0.07729,0.1316,0.5,2
254(E1),T,A,-0.01045,0.1727,0.5,2
254(E1),T,C,-1.929,0.2848,3.5,4
254(E1),T,D,-6.092,0,2,4
254(E1),T,E,-6.202,0,4.5,4
254(E1),T,F,-3.55,0.5415,1,2
254(E1),T,G,-7.343,0,3.5,4
254(E1),T,H,-1.873,1.214,2,4
254(E1),T,I,-1.401,0.9675,10.5,4
254(E1),T,K,-0.3369,0.2523,3,4
254(E1),T,L,-2.71,0.4835,2,2
254(E1),T,M,-1.304,0.2126,1.5,4
254(E1),T,N,-2.49,0.5235,7.25,4
254(E1),T,P,-7.497,0,3.5,4
254(E1),T,Q,-1.841,0.4549,3.5,4
254(E1),T,R,-0.4109,0.1964,1.5,4
254(E1),T,S,-4.575,1.149,3.5,4
254(E1),T,T,0,0,,4
254(E1),T,V,-1.799,0.247,1,2
254(E1),T,W,-6.36,0.007794,3,4
254(E1),T,Y,-4.516,0,3,4
254(E2),K,-,0.2539,0.01005,0.5,2
254(E2),K,A,-0.93,0.4166,5.5,4
254(E2),K,C,-6.498,0,5.5,4
254(E2),K,D,-7.565,0,7.5,4
254(E2),K,E,-6.842,0,5,4
254(E2),K,F,-0.8221,0.2458,5.5,4
254(E2),K,G,-4.277,0,9.5,4
254(E2),K,H,-1.221,0.1443,5.5,4
254(E2),K,I,-0.505,0.5151,5.75,4
254(E2),K,K,0,0,,4
254(E2),K,L,-0.36,0.4592,5.5,4
254(E2),K,M,-0.994,0.5742,5.5,4
254(E2),K,N,-3.26,0.4129,8.5,4
254(E2),K,P,-7.357,0,6.5,4
254(E2),K,Q,-2.521,0.6739,3.5,4
254(E2),K,R,-0.2287,0.3347,11,4
254(E2),K,S,-1.337,0.4563,5.5,4
254(E2),K,T,-0.6391,0.4438,6.5,4
254(E2),K,V,-0.1083,0.1727,6,4
254(E2),K,W,-2.002,0.2676,7.5,4
254(E2),K,Y,-0.6456,0.07001,5.5,4
255(E1),A,-,-0.3536,0.2193,0.5,2
255(E1),A,A,0,0,,4
255(E1),A,C,0.2225,0.05703,3,4
255(E1),A,D,-7.529,0,10.5,4
255(E1),A,E,-7.366,0,6.5,4
255(E1),A,F,-7.372,0,7,4
255(E1),A,G,-0.187,0.08003,7,4
255(E1),A,H,-7.339,0,11,4
255(E1),A,I,-6.497,0,5.5,4
255(E1),A,K,-7.541,0,6,4
255(E1),A,L,-0.7628,0.608,6.5,4
255(E1),A,M,-3.581,0.2824,5.5,4
255(E1),A,N,-7.534,0,4.5,4
255(E1),A,P,-7.513,0,7,4
255(E1),A,Q,-7.018,0,7,4
255(E1),A,R,-7.55,0,5.5,4
255(E1),A,S,0.07771,0.1829,5,4
255(E1),A,T,-0.2721,0.1607,25.75,4
255(E1),A,V,-4.934,0,42,4
255(E1),A,W,-7.564,0,7,4
255(E1),A,Y,-7.576,0,7.5,4
255(E2),V,-,-0.5328,0.0547,0.5,2
255(E2),V,A,-3.374,0.3819,6,4
255(E2),V,C,-6.413,0,5.5,4
255(E2),V,D,-7.066,0,9,4
255(E2),V,E,-7.442,0,6.5,4
255(E2),V,F,-1.474,0.3878,9,4
255(E2),V,G,-7.14,0,5,4
255(E2),V,H,-4.427,0.2182,5.5,4
255(E2),V,I,0.1025,0.1679,6.5,4
255(E2),V,K,-7.17,0,7.5,4
255(E2),V,L,-0.1245,0.2484,12.5,4
255(E2),V,M,-0.368,0.1468,10.5,4
255(E2),V,N,-7.487,0,5.5,4
255(E2),V,P,-7.338,0,6,4
255(E2),V,Q,-7.591,0,9,4
255(E2),V,R,-7.451,0,6,4
255(E2),V,S,-7.115,0,4.5,4
255(E2),V,T,-3.555,0.5823,7.5,4
255(E2),V,V,0,0,,4
255(E2),V,W,-6.804,0,6.75,4
255(E2),V,Y,-2.802,0.314,5.25,4
256(E1),P,-,0.01243,0.1344,1,4
256(E1),P,A,0.1351,0.06436,6.5,4
256(E1),P,C,-7.399,0,6.5,4
256(E1),P,D,-7.551,0,4,4
256(E1),P,E,-5.953,0,6.5,4
256(E1),P,F,-7.488,0,4.5,4
256(E1),P,G,-1.525,0.2668,4.5,4
256(E1),P,H,-7.508,0,7,4
256(E1),P,I,-7.508,0,4.5,4
256(E1),P,K,-7.565,0,3.5,4
256(E1),P,L,-7.45,0,6.5,4
256(E1),P,M,-4.484,0.01256,9.5,4
256(E1),P,N,-6.405,0,8.25,4
256(E1),P,P,0,0,,4
256(E1),P,Q,-1.615,0.6832,8,4
256(E1),P,R,-7.572,0,7,4
256(E1),P,S,-1.323,1.2,5.5,4
256(E1),P,T,-6.749,0,7,4
256(E1),P,V,-7.002,0,4,4
256(E1),P,W,-7.578,0,5.5,4
256(E1),P,Y,-7.468,0,5.5,4
256(E2),H,-,-0.5756,0.0601,0.5,2
256(E2),H,A,0.04587,0.2443,5,4
256(E2),H,C,-2.959,0.5224,8,4
256(E2),H,D,-3.184,0.4074,6,4
256(E2),H,E,-0.4347,0.1743,4,4
256(E2),H,F,-0.3761,0.1105,6,4
256(E2),H,G,-0.05388,0.1987,5,4
256(E2),H,H,0,0,,4
256(E2),H,I,-1.279,0.118,4,2
256(E2),H,K,0.1949,0.06902,8,4
256(E2),H,L,-0.09075,0.1379,8.5,4
256(E2),H,M,0.1682,0.04529,5,4
256(E2),H,N,-0.3546,0.2381,10,4
256(E2),H,P,0.2641,0.03333,6.5,4
256(E2),H,Q,0.049,0.1556,11.5,4
256(E2),H,R,-0.5483,0.3267,8,4
256(E2),H,S,0.04135,0.254,6.5,4
256(E2),H,T,-0.1344,0.0865,6,4
256(E2),H,V,-0.4868,0.1856,3,4
256(E2),H,W,-0.3523,0.7211,7,4
256(E2),H,Y,-0.04122,0.03665,29,4
257(E1),F,-,-0.4819,0.3336,2,4
257(E1),F,A,-3.615,1.842,2,4
257(E1),F,C,-7.216,0,3.5,4
257(E1),F,D,-5.03,0,2.5,4
257(E1),F,E,-7.458,0,6.5,4
257(E1),F,F,0,0,,4
257(E1),F,G,-7.526,0,3.5,4
257(E1),F,H,-7.533,0,5,2
257(E1),F,I,-7.617,0,5.5,4
257(E1),F,K,-7.576,0,4.5,4
257(E1),F,L,-2.996,0.2577,18.5,4
257(E1),F,M,-1.675,0.3955,9,4
257(E1),F,N,-5.745,0,4.5,4
257(E1),F,P,-7.542,0,6.5,4
257(E1),F,Q,-7.583,0,1.5,2
257(E1),F,R,-7.551,0,3,4
257(E1),F,S,-7.119,0,4.5,4
257(E1),F,T,-3.514,2.121,5.5,4
257(E1),F,V,-7.565,0,5.5,4
257(E1),F,W,-0.6741,1.022,5.5,4
257(E1),F,Y,-7.104,0,8.5,4
257(E2),I,-,-0.5684,0.05245,0.5,2
257(E2),I,A,-0.9948,0.4986,9.5,4
257(E2),I,C,-4.58,0.1038,6.5,4
257(E2),I,D,-7.209,0,3.5,4
257(E2),I,E,-5.616,0.1104,3.5,4
257(E2),I,F,-7.576,0,6.5,4
257(E2),I,G,-2.159,0.2959,6,4
257(E2),I,H,-7.168,0,6,4
257(E2),I,I,0,0,,4
257(E2),I,K,-7.561,0,6.5,4
257(E2),I,L,-2.552,1.198,9,4
257(E2),I,M,-4.691,0.2711,5.5,4
257(E2),I,N,-6.333,0,4.5,4
257(E2),I,P,-3.213,0.3702,6.5,4
257(E2),I,Q,-2.079,0.2493,3,4
257(E2),I,R,-7.397,0,6,4
257(E2),I,S,-0.1525,0.263,6,4
257(E2),I,T,-0.6707,0.1446,15.5,4
257(E2),I,V,0.2636,0.1662,5.5,4
257(E2),I,W,-6.886,0,5.5,4
257(E2),I,Y,-6.99,0,5,4
258(E1),G,-,-0.447,0.426,3,4
258(E1),G,A,-0.4949,0.4286,7.5,4
258(E1),G,C,-3.687,0.5548,10.5,4
258(E1),G,D,-7.152,0,15.5,4
258(E1),G,E,-7.301,0,6.5,4
258(E1),G,F,-7.321,0,4.5,4
258(E1),G,G,0,0,,4
258(E1),G,H,-4.324,0.3042,3,4
258(E1),G,I,-7.265,0,4.5,4
258(E1),G,K,-7.431,0,5,4
258(E1),G,L,-7.219,0,2.5,4
258(E1),G,M,-2.776,0.8754,7.5,4
258(E1),G,N,-6.41,0,5,4
258(E1),G,P,-7.601,0,7,4
258(E1),G,Q,-2.808,0.1985,6.5,4
258(E1),G,R,-4.614,0,6.5,4
258(E1),G,S,-1.996,0.5559,8.75,4
258(E1),G,T,-5.562,0,7.5,4
258(E1),G,V,-7.43,0,7.5,4
258(E1),G,W,-7.566,0,6,4
258(E1),G,Y,-7.348,0,7,4
258(E2),P,-,-2.067,0.0465,1,2
258(E2),P,A,-2.695,0.4563,6.5,4
258(E2),P,C,-7.626,0,8.5,4
258(E2),P,D,-6.499,0,6,4
258(E2),P,E,-5.176,0,5.5,4
258(E2),P,F,-6.09,0,4,4
258(E2),P,G,-5.06,0,4.5,4
258(E2),P,H,-5.345,0,6.5,4
258(E2),P,I,-7.386,0,8,4
258(E2),P,K,-7.057,0,8.5,4
258(E2),P,L,-7.467,0,10,4
258(E2),P,M,-7.455,0,7.5,4
258(E2),P,N,-6.873,0,4.5,4
258(E2),P,P,0,0,,4
258(E2),P,Q,-7.498,0,6.5,4
258(E2),P,R,-7.471,0,4.5,4
258(E2),P,S,-4.765,0.5508,10.5,4
258(E2),P,T,-7.519,0,11,4
258(E2),P,V,-7.524,0,5.5,4
258(E2),P,W,-7.088,0,7,4
258(E2),P,Y,-6.944,0,7,4
259(E1),C,*,-7.572,0,9.5,4
259(E1),C,-,-0.5277,0.4943,2.5,4
259(E1),C,A,-7.389,0,4.5,4
259(E1),C,C,0,0,,4
259(E1),C,D,-7.54,0,7.5,4
259(E1),C,E,-7.485,0,4,4
259(E1),C,F,-7.632,0,10.25,4
259(E1),C,G,-7.501,0,3,4
259(E1),C,H,-7.482,0,5,4
259(E1),C,I,-7.578,0,7,4
259(E1),C,K,-7.415,0,5,4
259(E1),C,L,-7.518,0,9.5,4
259(E1),C,M,-7.594,0,4.25,4
259(E1),C,N,-7.278,0,3,4
259(E1),C,P,-7.618,0,5,4
259(E1),C,Q,-7.167,0,6.5,4
259(E1),C,R,-7.541,0,12.5,4
259(E1),C,S,-7.471,0,9,4
259(E1),C,T,-7.667,0,5.5,4
259(E1),C,V,-7.285,0,7.5,4
259(E1),C,W,-7.328,0,8,4
259(E1),C,Y,-7.694,0,75,4
259(E2),F,-,-3.095,0.0685,1,2
259(E2),F,A,-7.574,0,8.5,4
259(E2),F,C,-7.459,0,8.5,4
259(E2),F,D,-4.53,1.433,3.5,4
259(E2),F,E,-7.503,0,5,4
259(E2),F,F,0,0,,4
259(E2),F,G,-7.561,0,7.5,4
259(E2),F,H,-7.508,0,7,4
259(E2),F,I,-7.511,0,9,4
259(E2),F,K,-7.499,0,4.5,4
259(E2),F,L,-7.338,0,11,4
259(E2),F,M,-7.317,0,8.5,4
259(E2),F,N,-7.332,0,6.5,4
259(E2),F,P,-7.613,0,3.75,4
259(E2),F,Q,-7.559,0,4,4
259(E2),F,R,-7.447,0,6,4
259(E2),F,S,-7.291,0,9.5,4
259(E2),F,T,-7.187,0,4.5,4
259(E2),F,V,-7.429,0,4.5,4
259(E2),F,W,-1.216,0.1262,4.5,4
259(E2),F,Y,-0.9405,0.4384,4,4
26(6K),L,*,-7.639,0,9,4
26(6K),L,-,-0.01378,0.0431,0.5,2
26(6K),L,A,-0.03147,0.193,5,4
26(6K),L,C,0.08889,0.1018,7,4
26(6K),L,D,-1.744,1.529,6.25,4
26(6K),L,E,-0.8778,0.1589,9.5,4
26(6K),L,F,-0.1355,0.4293,6.5,4
26(6K),L,G,-0.3178,0.1464,5.5,4
26(6K),L,H,-0.315,0.4196,7,4
26(6K),L,I,-0.3404,0.3869,5,4
26(6K),L,K,-4.268,0.2429,4.5,4
26(6K),L,L,0,0,,4
26(6K),L,M,-0.3066,0.5257,15,4
26(6K),L,N,-1.432,0.491,6.5,4
26(6K),L,P,-0.0119,0.2591,7.5,4
26(6K),L,Q,-1.689,0.3408,9,4
26(6K),L,R,-4.88,0,10,4
26(6K),L,S,-0.1436,0.2236,10,4
26(6K),L,T,-0.5849,0.5125,7.5,4
26(6K),L,V,0.1053,0.01556,8,4
26(6K),L,W,0.1866,0.08034,6,4
26(6K),L,Y,-0.1023,0.2477,4,4
26(E1),P,-,-0.00038,0.04115,1,2
26(E1),P,A,-1.709,0.203,9,4
26(E1),P,C,-3.15,0.1845,7.5,4
26(E1),P,D,-3.912,0.3777,10,4
26(E1),P,E,-5.644,0,8,4
26(E1),P,F,-2.499,0.3126,11,4
26(E1),P,G,-1.704,0.1085,5,4
26(E1),P,H,-3.427,0.4012,5,4
26(E1),P,I,-1.376,0.5221,5,4
26(E1),P,K,-4.503,0.273,4,4
26(E1),P,L,-2.59,0.04766,8.75,4
26(E1),P,M,-1.686,0.2794,7,4
26(E1),P,N,-1.758,0.7697,7,4
26(E1),P,P,0,0,,4
26(E1),P,Q,-4.503,0,8,4
26(E1),P,R,-5.546,0,8,4
26(E1),P,S,-1.698,0.1374,11.5,4
26(E1),P,T,-3.103,0.4112,7,4
26(E1),P,V,-3.131,0.279,6.25,4
26(E1),P,W,-2.955,0.3375,6.25,4
26(E1),P,Y,-2.485,0.2892,13,4
26(E2),H,-,0.0768,0.5488,0.5,2
26(E2),H,A,0.1351,0.3076,6,4
26(E2),H,C,-0.297,0.7864,4.5,4
26(E2),H,D,0.2211,0.1905,6,4
26(E2),H,E,0.02902,0.2808,7.5,4
26(E2),H,F,-0.1682,0.2105,8,4
26(E2),H,G,0.1156,0.2005,9.5,4
26(E2),H,H,0,0,,4
26(E2),H,I,0.0283,0.3418,8.5,4
26(E2),H,K,-0.1512,0.306,3,4
26(E2),H,L,-0.5002,0.3809,8.5,4
26(E2),H,M,0.05325,0.07798,5.5,4
26(E2),H,N,0.1452,0.08867,10.5,4
26(E2),H,P,-0.7878,0.2889,9.5,4
26(E2),H,Q,0.08018,0.02508,8.5,4
26(E2),H,R,-0.4682,0.197,7.5,4
26(E2),H,S,-0.005615,0.1286,7.5,4
26(E2),H,T,0.1838,0.06208,8.5,4
26(E2),H,V,-0.4143,0.1926,7,4
26(E2),H,W,-0.8421,0.3588,7,4
26(E2),H,Y,-0.4127,0.4463,11.25,4
26(E3),C,*,-7.579,0,12.5,4
26(E3),C,-,-0.7141,0.03285,0.5,2
26(E3),C,A,-0.7413,1.264,6.5,4
26(E3),C,C,0,0,,4
26(E3),C,D,-3.28,0.2365,7.5,4
26(E3),C,E,-3.212,0.7271,8.5,4
26(E3),C,F,-2.425,0.3995,10.5,4
26(E3),C,G,-2.053,1.163,5.5,4
26(E3),C,H,-4.061,0.1944,11.5,4
26(E3),C,I,-1.448,0.1776,8.5,4
26(E3),C,K,-2.376,0.4593,8.5,4
26(E3),C,L,-0.6902,0.2613,8.5,4
26(E3),C,M,-0.9285,0.4763,9,4
26(E3),C,N,-2.253,0.3771,6.5,4
26(E3),C,P,-1.9,0.5684,5.5,4
26(E3),C,Q,-2.151,0.5269,10.5,4
26(E3),C,R,-2.157,0.3198,9,4
26(E3),C,S,-0.9275,0.3505,9.25,4
26(E3),C,T,-1.775,0.8061,6.5,4
26(E3),C,V,-1.65,0.8278,9.5,4
26(E3),C,W,-1.999,0.8189,11,4
26(E3),C,Y,-2.276,0.4367,14.5,4
260(E1),Q,*,-6.314,0.6933,6,4
260(E1),Q,-,-0.1474,0.2813,3,4
260(E1),Q,A,0.176,0.1066,7,4
260(E1),Q,C,-0.8568,0.2497,5,4
260(E1),Q,D,-0.1005,0.243,6.5,4
260(E1),Q,E,-0.301,0.6249,2,4
260(E1),Q,F,-0.3776,0.08958,4.5,4
260(E1),Q,G,-1.239,0.6414,5,4
260(E1),Q,H,-0.05345,0.2521,5.5,4
260(E1),Q,I,-0.6338,0.2936,5.5,4
260(E1),Q,K,-0.4472,0.4568,6,4
260(E1),Q,L,-0.2584,0.08976,7,4
260(E1),Q,M,-0.0176,0.2511,7.5,4
260(E1),Q,N,0.1356,0.08918,4.5,4
260(E1),Q,P,-7.546,0,9,4
260(E1),Q,Q,0,0,,4
260(E1),Q,R,-0.9607,0.2983,6.5,4
260(E1),Q,S,0.2081,0.07177,3,4
260(E1),Q,T,-0.0296,0.2981,6.75,4
260(E1),Q,V,0.03716,0.2542,4,4
260(E1),Q,W,-0.2324,0.06117,6.5,4
260(E1),Q,Y,-0.1089,0.1061,6.5,4
260(E2),P,-,-3.679,0.0915,1,2
260(E2),P,A,-0.5987,0.671,4.5,4
260(E2),P,C,-7.027,0,3,4
260(E2),P,D,-2.061,1.762,4.5,4
260(E2),P,E,-1.717,0.4083,2,4
260(E2),P,F,-3.579,0.2412,9,4
260(E2),P,G,-0.2102,0.3407,5,4
260(E2),P,H,-2.353,0.6622,8,4
260(E2),P,I,-2.071,0.9218,6.5,4
260(E2),P,K,-2.42,0.8397,4.75,4
260(E2),P,L,-3.825,0.4034,10,4
260(E2),P,M,-1.025,0.2112,8,4
260(E2),P,N,-1.844,0.3782,4,4
260(E2),P,P,0,0,,4
260(E2),P,Q,-1.049,0.267,10,4
260(E2),P,R,-2.002,0.09909,9,4
260(E2),P,S,-1.033,0.7491,9,4
260(E2),P,T,-0.5797,0.2941,9,4
260(E2),P,V,-1.105,0.1104,5,4
260(E2),P,W,-5.043,0,9,4
260(E2),P,Y,-2.282,0.2238,7,4
261(E1),I,-,-1.463,0.6862,3,4
261(E1),I,A,-7.544,0,4.5,4
261(E1),I,C,-4.322,0.2721,3,4
261(E1),I,D,-7.511,0,5,4
261(E1),I,E,-7.335,0,4.5,4
261(E1),I,F,-0.696,0.8981,6,4
261(E1),I,G,-6.759,0,3,4
261(E1),I,H,-7.367,0,8,4
261(E1),I,I,0,0,,4
261(E1),I,K,-7.62,0,12,4
261(E1),I,L,-0.4041,0.3083,6.5,4
261(E1),I,M,-0.187,0.1685,4.5,4
261(E1),I,N,-7.559,0,9,4
261(E1),I,P,-7.607,0,7,4
261(E1),I,Q,-7.569,0,6,4
261(E1),I,R,-7.528,0,4.5,4
261(E1),I,S,-7.265,0,5.5,4
261(E1),I,T,-3.654,0.7223,5.5,4
261(E1),I,V,-0.222,0.1536,6,4
261(E1),I,W,-7.343,0,7.5,4
261(E1),I,Y,-6.917,0,6.5,4
261(E2),L,-,-0.8216,0.06715,0.5,2
261(E2),L,A,-7.213,0,6,4
261(E2),L,C,-7.561,0,9,4
261(E2),L,D,-7.591,0,7,4
261(E2),L,E,-7.545,0,7.5,4
261(E2),L,F,-5.313,0,3.5,4
261(E2),L,G,-7.077,0,5.5,4
261(E2),L,H,-3.534,0.3325,6,4
261(E2),L,I,-0.6922,0.5607,4,4
261(E2),L,K,-7.431,0,4.5,4
261(E2),L,L,0,0,,4
261(E2),L,M,-0.1908,0.1428,14.5,4
261(E2),L,N,-7.433,0,8,4
261(E2),L,P,-5.178,0,11.5,4
261(E2),L,Q,-7.338,0,7,4
261(E2),L,R,-7.553,0,11,4
261(E2),L,S,-7.064,0,5,4
261(E2),L,T,-2.745,0.3953,4,4
261(E2),L,V,-0.4923,0.5949,8.25,4
261(E2),L,W,-7.369,0,6,4
261(E2),L,Y,-7.617,0,5.5,4
262(E1),A,-,-0.7063,0.3148,2.5,4
262(E1),A,A,0,0,,4
262(E1),A,C,-0.6442,0.6903,3,4
262(E1),A,D,-0.1648,0.1371,6.5,4
262(E1),A,E,-0.3006,0.4007,3.5,4
262(E1),A,F,-0.5089,0.5703,2.5,4
262(E1),A,G,-0.3155,0.291,3.25,4
262(E1),A,H,-0.3879,0.1588,7.5,4
262(E1),A,I,-0.05135,0.308,6.5,4
262(E1),A,K,-0.378,0.2849,3.5,4
262(E1),A,L,0.1329,0.1672,3.5,4
262(E1),A,M,-0.05303,0.2436,3.5,4
262(E1),A,N,-0.0496,0.3199,4.5,4
262(E1),A,P,-3.295,0.4161,9.5,4
262(E1),A,Q,-0.402,0.6342,3.5,4
262(E1),A,R,0.1763,0.05747,3.5,4
262(E1),A,S,-0.3311,0.6643,7,4
262(E1),A,T,-0.4707,0.09855,52,4
262(E1),A,V,-0.4778,0.5993,9.5,4
262(E1),A,W,-1.337,1.425,5,4
262(E1),A,Y,-0.4526,0.229,5,4
262(E2),A,-,-0.2566,0.02215,0.5,2
262(E2),A,A,0,0,,4
262(E2),A,C,-0.9389,0.3706,8,4
262(E2),A,D,-1.131,0.3361,7.5,4
262(E2),A,E,-0.04372,0.2751,5.5,4
262(E2),A,F,-1.012,0.4986,5,4
262(E2),A,G,-1.21,0.2688,5.5,4
262(E2),A,H,0.08826,0.06969,9,4
262(E2),A,I,0.2424,0.2911,5.5,4
262(E2),A,K,0.09876,0.2407,4,4
262(E2),A,L,-0.04959,0.199,6,4
262(E2),A,M,0.01434,0.1235,5,4
262(E2),A,N,-0.5764,0.08723,5.5,4
262(E2),A,P,-7.63,0,7.5,4
262(E2),A,Q,0.2288,0.05165,2,2
262(E2),A,R,0.2832,0.2511,5,4
262(E2),A,S,-0.3423,0.07981,7.5,4
262(E2),A,T,0.06328,0.04888,52.75,4
262(E2),A,V,0.3673,0.05471,17,4
262(E2),A,W,-0.8307,0.161,13,4
262(E2),A,Y,-0.7182,0.8411,3.5,4
263(E1),T,-,-0.222,0.4478,2,4
263(E1),T,A,0.06656,0.3176,8.5,4
263(E1),T,C,-1.351,0.202,4,4
263(E1),T,D,-2.907,1.28,6.25,4
263(E1),T,E,-1.833,0.6491,5.5,4
263(E1),T,F,-1.413,0.6299,3.5,4
263(E1),T,G,-0.7234,0.08818,5,4
263(E1),T,H,-1.409,1.186,3,4
263(E1),T,I,-0.382,0.3204,10.25,4
263(E1),T,K,-3.242,0.3833,10.25,4
263(E1),T,L,-2.094,1.225,6,4
263(E1),T,M,-0.9216,0.6402,5.5,4
263(E1),T,N,-1.405,0.3913,3.5,4
263(E1),T,P,-1.271,0.3562,4,4
263(E1),T,Q,-1.025,0.9694,2.5,4
263(E1),T,R,-4.187,0.2741,2.5,4
263(E1),T,S,-0.008585,0.1977,6,4
263(E1),T,T,0,0,,4
263(E1),T,V,0.1413,0.1663,7,4
263(E1),T,W,-0.5088,0.779,2.5,4
263(E1),T,Y,-1.182,0.0706,6,4
263(E2),N,A,0.1504,0.2183,8.5,4
263(E2),N,C,-6.54,0,2.5,4
263(E2),N,D,-0.05105,0.2114,4.5,4
263(E2),N,E,-0.4734,0.2547,2.5,4
263(E2),N,F,-2.556,0.3795,5,4
263(E2),N,G,-0.8077,0.6654,5,4
263(E2),N,H,-0.06295,0.0813,8.5,4
263(E2),N,I,-0.4255,0.5285,4.75,4
263(E2),N,K,-1.367,0.04509,9,4
263(E2),N,L,-0.9203,0.4438,7,4
263(E2),N,M,0.1986,0.4319,3.5,4
263(E2),N,N,0,0,,4
263(E2),N,P,0.1198,0.1363,5,4
263(E2),N,Q,-0.8336,0.3565,5,4
263(E2),N,R,-2.197,0.6745,4.5,4
263(E2),N,S,0.1337,0.04894,9.5,4
263(E2),N,T,-0.0328,0.2782,7.5,4
263(E2),N,V,-0.835,0.3635,3.75,4
263(E2),N,W,-3.978,0.01312,4,4
263(E2),N,Y,-1.893,0.3003,8,4
264(E1),N,*,-2.577,0.1195,0.5,2
264(E1),N,-,-0.2391,0.1729,1.5,2
264(E1),N,A,0.1381,0.1618,5.5,4
264(E1),N,C,-1.472,0.1445,2.5,4
264(E1),N,D,0.1052,0.2376,5,4
264(E1),N,E,-0.3173,0.2694,5,4
264(E1),N,F,-0.2161,0.2411,7.5,4
264(E1),N,G,0.1967,0.09002,4,4
264(E1),N,H,-0.5546,0.3177,6,4
264(E1),N,I,-1.171,0.4566,2.5,4
264(E1),N,K,-0.335,0.2118,9,4
264(E1),N,L,0.1661,0.1663,5.5,4
264(E1),N,M,-0.01572,0.09556,7,4
264(E1),N,N,0,0,,4
264(E1),N,P,-1.69,0.6381,4.5,4
264(E1),N,Q,0.02553,0.08122,2.5,4
264(E1),N,R,-0.3359,0.5947,5.5,4
264(E1),N,S,-0.0337,0.2128,5.5,4
264(E1),N,T,-0.2649,0.5055,4,4
264(E1),N,V,0.1675,0.2039,5,4
264(E1),N,W,-0.5752,0.2294,4,4
264(E1),N,Y,-0.664,0.7403,8,4
264(E2),V,-,0.1486,0.2895,1,4
264(E2),V,A,-0.1785,0.2963,6,4
264(E2),V,C,-1.768,0.1658,8.5,4
264(E2),V,D,-1.338,0.3898,8.5,4
264(E2),V,E,-1.151,0.06425,5,4
264(E2),V,F,-0.6676,0.5248,3.5,4
264(E2),V,G,-0.8138,0.4124,2.5,4
264(E2),V,H,-0.9682,0.1205,4.5,4
264(E2),V,I,-1.712,0.3458,6.5,4
264(E2),V,K,0.1314,0.3033,3,4
264(E2),V,L,-1.453,0.2192,11,4
264(E2),V,M,-1.019,0.6515,19,4
264(E2),V,N,-0.8758,0.7313,2.5,4
264(E2),V,P,-7.382,0,5.5,4
264(E2),V,Q,-0.6542,0.3512,7,4
264(E2),V,R,-0.671,0.7258,4.5,4
264(E2),V,S,-0.3468,0.1458,6.5,4
264(E2),V,T,0.1754,0.1938,4,4
264(E2),V,V,0,0,,4
264(E2),V,W,-0.3976,0.1298,6.5,4
264(E2),V,Y,-0.5965,0.1465,6,4
265(E1),P,-,-0.6382,0.5848,1,2
265(E1),P,A,-2.897,0.6616,7,4
265(E1),P,C,-7.55,0,5.5,4
265(E1),P,D,-7.175,0,2,4
265(E1),P,E,-6.384,0,5,4
265(E1),P,F,-7.476,0,6.5,4
265(E1),P,G,-5.257,0,5.5,4
265(E1),P,H,-6.516,0,8,4
265(E1),P,I,-7.332,0,6,4
265(E1),P,K,-7.269,0,3,4
265(E1),P,L,-7.623,0,10.5,4
265(E1),P,M,-6.74,0,7.5,4
265(E1),P,N,-2.769,0.3777,5,4
265(E1),P,P,0,0,,4
265(E1),P,Q,-4.332,0,5.5,4
265(E1),P,R,-7.471,0,3.5,4
265(E1),P,S,-4.428,0.1472,9,4
265(E1),P,T,-4.551,0.3044,9.5,4
265(E1),P,V,-5.168,0,4,4
265(E1),P,W,-6.489,0,3.5,4
265(E1),P,Y,-7.559,0,3.5,4
265(E2),T,-,-0.2633,0.4607,1.5,4
265(E2),T,A,-0.6417,0.09973,8.5,4
265(E2),T,C,-0.3171,0.2604,4,4
265(E2),T,D,-1.444,0.4967,5.5,4
265(E2),T,E,-0.1879,0.3459,6,4
265(E2),T,F,0.2085,0.1994,6.5,4
265(E2),T,G,-2.043,0.3526,5,4
265(E2),T,H,-0.2365,0.2639,6,4
265(E2),T,I,-0.9929,0.1299,13,4
265(E2),T,K,0.1594,0.1688,7.5,4
265(E2),T,L,-0.8599,1.387,2.5,4
265(E2),T,M,0.0908,0.4228,6,4
265(E2),T,N,0.09938,0.01565,9.5,4
265(E2),T,P,-4.533,0.08314,3.75,4
265(E2),T,Q,0.2164,0.2059,5,4
265(E2),T,R,-0.6924,0.1934,5,4
265(E2),T,S,-0.03684,0.1528,8,4
265(E2),T,T,0,0,,4
265(E2),T,V,0.0305,0.2029,8,4
265(E2),T,W,0.01319,0.09326,7.5,4
265(E2),T,Y,0.2151,0.1948,6,4
266(E1),V,-,0.04502,0.0474,0.5,2
266(E1),V,A,-3.781,0.6747,7.25,4
266(E1),V,C,-4.423,0,9.5,4
266(E1),V,D,-7.591,0,6.5,4
266(E1),V,E,-7.612,0,6,4
266(E1),V,F,-7.466,0,9,4
266(E1),V,G,-7.514,0,4.5,4
266(E1),V,H,-7.588,0,10,4
266(E1),V,I,-0.6041,0.1735,4.5,4
266(E1),V,K,-7.503,0,3,4
266(E1),V,L,-0.9186,0.3905,8,4
266(E1),V,M,-2.806,0.3487,12.5,4
266(E1),V,N,-7.372,0,6,4
266(E1),V,P,-0.01869,0.1408,7.25,4
266(E1),V,Q,-7.524,0,3.5,4
266(E1),V,R,-7.495,0,11.5,4
266(E1),V,S,-7.454,0,6.5,4
266(E1),V,T,-0.5013,0.4738,5.5,4
266(E1),V,V,0,0,,4
266(E1),V,W,-7.482,0,6.5,4
266(E1),V,Y,-7.457,0,6,4
266(E2),C,*,-7.47,0,4,4
266(E2),C,-,-4.03,1.876,1.5,4
266(E2),C,A,-7.439,0,4.5,4
266(E2),C,C,0,0,,4
266(E2),C,D,-7.15,0,2.5,2
266(E2),C,E,-7.52,0,5.5,4
266(E2),C,F,-7.58,0,11.5,4
266(E2),C,G,-7.618,0,7.5,4
266(E2),C,H,-7.465,0,7,4
266(E2),C,I,-7.406,0,6,4
266(E2),C,K,-7.553,0,4.5,4
266(E2),C,L,-7.648,0,7,4
266(E2),C,M,-7.614,0,7.5,4
266(E2),C,N,-7.485,0,6,4
266(E2),C,P,-7.457,0,6,4
266(E2),C,Q,-7.594,0,3.5,4
266(E2),C,R,-7.57,0,12,4
266(E2),C,S,-7.436,0,7,4
266(E2),C,T,-7.531,0,4,4
266(E2),C,V,-6.996,0,8,4
266(E2),C,W,-7.611,0,9.5,4
266(E2),C,Y,-7.716,0,81,4
267(E1),R,-,-0.1375,0.1948,0.5,2
267(E1),R,A,-0.5781,0.406,5,4
267(E1),R,C,-1.836,1.032,5,4
267(E1),R,D,-7.191,0,3.5,2
267(E1),R,E,-7.405,0,3,4
267(E1),R,F,-5.049,0,3.75,4
267(E1),R,G,-2.954,0.3898,5.5,4
267(E1),R,H,-1.298,0.5214,3.75,4
267(E1),R,I,-1.391,0.453,6,4
267(E1),R,K,-0.9406,0.6406,2.5,4
267(E1),R,L,-0.727,0.2949,8.75,4
267(E1),R,M,-0.7113,0.2799,6.75,4
267(E1),R,N,-3.53,0.4795,2,4
267(E1),R,P,-7.583,0,6.5,4
267(E1),R,Q,-0.6245,0.7312,14.75,4
267(E1),R,R,0,0,,4
267(E1),R,S,-0.7842,0.4628,3.5,4
267(E1),R,T,-0.7202,0.1393,6.5,4
267(E1),R,V,-0.3199,0.3774,3,4
267(E1),R,W,-7.328,0,78,4
267(E1),R,Y,-3.47,0.2389,8.5,4
267(E2),R,*,-4.863,0,1,2
267(E2),R,-,-1.827,2.037,1.5,4
267(E2),R,A,-0.7026,0.1345,4.5,4
267(E2),R,C,-0.3473,0.074,12,4
267(E2),R,D,-2.588,0.953,2.5,4
267(E2),R,E,-1.539,0.3952,1.5,4
267(E2),R,F,0.4349,0.2284,5.5,4
267(E2),R,G,-2.141,0.2998,12.5,4
267(E2),R,H,-0.7412,0.1605,3,4
267(E2),R,I,0.03306,0.4437,8,4
267(E2),R,K,0.2207,0.3237,7,4
267(E2),R,L,0.4952,0.1181,5.5,4
267(E2),R,M,0.2727,0.3912,5.5,4
267(E2),R,N,-1.361,0.732,9,4
267(E2),R,P,-1.561,0.333,5,4
267(E2),R,Q,-0.4862,0.3233,3,4
267(E2),R,R,0,0,,4
267(E2),R,S,-0.5222,0.2652,12,4
267(E2),R,T,0.3658,0.1135,6,4
267(E2),R,V,0.2953,0.1855,3,4
267(E2),R,W,-0.00015,0.3864,10.5,4
267(E2),R,Y,0.4039,0.1001,8.5,4
268(E1),A,-,-0.003355,0.07043,0.5,2
268(E1),A,A,0,0,,4
268(E1),A,C,-0.9943,0.2612,7,4
268(E1),A,D,-7.277,0,14.5,4
268(E1),A,E,-7.527,0,5.5,4
268(E1),A,F,-7.53,0,7,4
268(E1),A,G,-0.9435,0.3305,2,4
268(E1),A,H,-7.579,0,4,4
268(E1),A,I,-6.183,0,6,4
268(E1),A,K,-7.558,0,5,4
268(E1),A,L,-7.527,0,5,4
268(E1),A,M,-7.485,0,8,4
268(E1),A,N,-7.463,0,4,4
268(E1),A,P,-7.546,0,3,4
268(E1),A,Q,-7.435,0,4,4
268(E1),A,R,-7.589,0,4,4
268(E1),A,S,-0.1304,0.0632,5.5,4
268(E1),A,T,-3.365,0.1462,36,4
268(E1),A,V,-3.01,0.3939,17.75,4
268(E1),A,W,-6.912,0,5.5,4
268(E1),A,Y,-7.508,0,8.5,4
268(E2),V,-,-0.6262,1.707,1,4
268(E2),V,A,-2.776,0.6608,4.5,4
268(E2),V,C,-6.604,1.888,4,4
268(E2),V,D,-7.609,0,6,4
268(E2),V,E,-7.65,0,4.5,4
268(E2),V,F,-7.482,0,2.5,4
268(E2),V,G,-7.055,0,2.5,4
268(E2),V,H,-4.272,1.566,3,4
268(E2),V,I,-1.516,0.5507,5.5,4
268(E2),V,K,-7.265,0,6.5,4
268(E2),V,L,-3.008,1.227,7.75,4
268(E2),V,M,-6.919,0,14.5,4
268(E2),V,N,-7.329,0,5,4
268(E2),V,P,-7.384,0,4,4
268(E2),V,Q,-6.99,0.2962,4.5,4
268(E2),V,R,-7.617,0,5,4
268(E2),V,S,-7.379,0,6,4
268(E2),V,T,-5.976,0,7,4
268(E2),V,V,0,0,,4
268(E2),V,W,-7.562,0,3.5,4
268(E2),V,Y,-6.28,0,3.5,4
269(E1),M,-,0.09508,0.07923,1,2
269(E1),M,A,-0.3144,0.2546,8,4
269(E1),M,C,-0.0723,0.2421,6.5,4
269(E1),M,D,-0.4941,0.2529,5.5,4
269(E1),M,E,-1.03,1.747,5,4
269(E1),M,F,-0.1537,0.4941,8,4
269(E1),M,G,-1.304,0.3094,4.5,4
269(E1),M,H,-0.7592,0.1962,3.5,4
269(E1),M,I,0.02396,0.07851,140.2,4
269(E1),M,K,-0.1086,0.1534,1.5,4
269(E1),M,L,-0.2005,0.1041,8.5,4
269(E1),M,M,0,0,,4
269(E1),M,N,0.02684,0.3621,4.5,4
269(E1),M,P,-7.351,0,4,4
269(E1),M,Q,-0.6416,0.3637,2,4
269(E1),M,R,-0.7286,0.6342,5,4
269(E1),M,S,-0.1696,0.2143,4.5,4
269(E1),M,T,-0.3873,0.2746,14.5,4
269(E1),M,V,0.1202,0.02341,7.5,4
269(E1),M,W,-1.249,0.8976,2.5,4
269(E1),M,Y,-0.2247,0.2513,4,4
269(E2),P,-,-0.9135,1.629,1,4
269(E2),P,A,-3.061,1.185,6.5,4
269(E2),P,C,-7.353,0,4,4
269(E2),P,D,-6.939,0,4,4
269(E2),P,E,-7.219,0,7.5,4
269(E2),P,F,-7.305,0,3.5,4
269(E2),P,G,-4.925,0,2,4
269(E2),P,H,-5.03,0,7.5,4
269(E2),P,I,-7.186,0,5.5,4
269(E2),P,K,-7.349,0,3.5,4
269(E2),P,L,-7.411,0,10,4
269(E2),P,M,-7.264,0,7.5,4
269(E2),P,N,-4.999,0,7,4
269(E2),P,P,0,0,,4
269(E2),P,Q,-6.897,0,4.5,4
269(E2),P,R,-7.424,0,5,4
269(E2),P,S,-0.7557,0.2148,24,4
269(E2),P,T,-0.5542,0.06216,5,4
269(E2),P,V,-7.327,0,5.5,4
269(E2),P,W,-5.532,0,5,4
269(E2),P,Y,-6.7,0,2.5,4
27(6K),A,-,-0.7891,0.4113,2,4
27(6K),A,A,0,0,,4
27(6K),A,C,0.06257,0.1115,8.25,4
27(6K),A,D,-1.603,0.8867,11,4
27(6K),A,E,-0.5618,0.5645,3,4
27(6K),A,F,0.00238,0.1434,10,4
27(6K),A,G,-0.3469,0.3438,6,4
27(6K),A,H,-0.09885,0.1803,10.5,4
27(6K),A,I,-0.4564,0.6575,4.5,4
27(6K),A,K,-4.468,0.2125,8.5,4
27(6K),A,L,0.09198,0.05513,9,4
27(6K),A,M,-0.153,0.1206,7,4
27(6K),A,N,-0.997,0.543,8,4
27(6K),A,P,-1.182,1.046,5,4
27(6K),A,Q,-2.987,1.682,2.5,4
27(6K),A,R,-6.247,0,8,4
27(6K),A,S,-0.01254,0.1479,13,4
27(6K),A,T,0.04618,0.02487,26,4
27(6K),A,V,-0.004855,0.03548,70.5,4
27(6K),A,W,-0.1576,0.1058,7,4
27(6K),A,Y,-0.1409,0.3237,5.5,4
27(E1),M,-,0.06401,0.005305,0.5,2
27(E1),M,A,-2.686,0.5249,8,4
27(E1),M,C,-1.846,0.2657,6.5,4
27(E1),M,D,-7.58,0,6.5,4
27(E1),M,E,-3.712,0.5052,7.5,4
27(E1),M,F,-0.2742,0.1755,12,4
27(E1),M,G,-7.405,0,10.5,4
27(E1),M,H,-2.466,0.4614,5.5,4
27(E1),M,I,-0.2045,0.2619,28.5,4
27(E1),M,K,-1.147,0.5029,7,4
27(E1),M,L,-0.1735,0.2918,9.5,4
27(E1),M,M,0,0,,4
27(E1),M,N,-4.261,0.03594,10.5,4
27(E1),M,P,-7.553,0,11,4
27(E1),M,Q,-0.4303,0.3758,12.5,4
27(E1),M,R,-2.606,0.8424,9.5,4
27(E1),M,S,-4.239,0.5929,8,4
27(E1),M,T,-0.9149,0.2644,9,4
27(E1),M,V,-0.2828,0.36,11,4
27(E1),M,W,-0.2727,0.5462,4.5,4
27(E1),M,Y,-1.467,0.3895,7.5,4
27(E2),S,*,-7.521,0,0.5,2
27(E2),S,A,-0.5993,0.6133,9,4
27(E2),S,C,-1.724,0.1103,6.5,4
27(E2),S,D,0.4526,0.1582,5.5,4
27(E2),S,E,0.4288,0.1652,6.5,4
27(E2),S,F,-0.4696,0.1387,11,4
27(E2),S,G,0.3813,0.06216,7,4
27(E2),S,H,-0.2616,0.2004,6,4
27(E2),S,I,-0.6992,0.496,5.5,4
27(E2),S,K,-0.3686,0.2184,4,4
27(E2),S,L,-0.8163,0.397,6,4
27(E2),S,M,-0.2743,0.06348,6,4
27(E2),S,N,-0.588,0.2161,5.5,4
27(E2),S,P,0.1166,0.1238,8.75,4
27(E2),S,Q,-0.1278,0.316,4,4
27(E2),S,R,-0.6907,0.2929,7.5,4
27(E2),S,S,0,0,,4
27(E2),S,T,-0.2487,0.1645,4.5,4
27(E2),S,V,-0.3411,0.4513,5.5,4
27(E2),S,W,-0.9713,0.3909,8.5,4
27(E2),S,Y,-0.8148,0.3552,7.5,4
27(E3),Y,*,-3.411,0.5148,3,4
27(E3),Y,-,-0.6383,0.00815,0.5,2
27(E3),Y,A,-4.099,0.2423,15.5,4
27(E3),Y,C,-4.619,0,10.5,4
27(E3),Y,D,-4.889,0,7,4
27(E3),Y,E,-4.781,0,8,4
27(E3),Y,F,-0.01018,0.2313,7,4
27(E3),Y,G,-5.651,0,6.5,4
27(E3),Y,H,-1.573,0.3511,14,4
27(E3),Y,I,-0.5773,0.2693,6.5,4
27(E3),Y,K,-5.933,0,8,4
27(E3),Y,L,-1.744,0.1099,9.5,4
27(E3),Y,M,-2.101,0.4598,14.5,4
27(E3),Y,N,-4.332,0.2178,8,4
27(E3),Y,P,-7.391,0,10,4
27(E3),Y,Q,-2.95,0.0873,6.5,4
27(E3),Y,R,-5.543,0,8.5,4
27(E3),Y,S,-5.24,0.127,6,4
27(E3),Y,T,-4.181,0.02468,7.25,4
27(E3),Y,V,-2.944,0.2205,10,4
27(E3),Y,W,-0.1885,0.2945,3,4
27(E3),Y,Y,0,0,,4
270(E1),N,-,-0.1467,0.0232,1,2
270(E1),N,A,-1.042,0.1489,3.5,4
270(E1),N,C,-4.957,0,4,4
270(E1),N,D,-0.3179,0.1556,8.5,4
270(E1),N,E,-3.649,0.7492,4,4
270(E1),N,F,-6.305,0,7.5,4
270(E1),N,G,-0.01524,0.5208,3.5,4
270(E1),N,H,-0.5337,0.2482,7,4
270(E1),N,I,-7.391,0,7.5,4
270(E1),N,K,-3.34,0.3593,6.5,4
270(E1),N,L,-7.495,0,7.5,4
270(E1),N,M,-3.198,0.7971,4.5,4
270(E1),N,N,0,0,,4
270(E1),N,P,-7.349,0.1814,4,4
270(E1),N,Q,-0.7808,0.2275,5.5,4
270(E1),N,R,-3.685,0.7597,3.5,4
270(E1),N,S,-0.2813,0.5902,4.5,4
270(E1),N,T,-7.428,0,10,4
270(E1),N,V,-7.409,0,6,4
270(E1),N,W,-7.598,0,6.5,4
270(E1),N,Y,-6.889,0,9.5,4
270(E2),K,-,-0.1518,0.01505,0.5,2
270(E2),K,A,-0.2345,0.4037,4.75,4
270(E2),K,C,0.04865,0.1508,8.25,4
270(E2),K,D,-6.64,0,6.5,4
270(E2),K,E,-0.3624,0.297,6.25,4
270(E2),K,F,0.3596,0.3183,7,4
270(E2),K,G,-7.175,0,9,4
270(E2),K,H,-0.9363,0.3906,7.5,4
270(E2),K,I,0.4067,0.1763,9,4
270(E2),K,K,0,0,,4
270(E2),K,L,0.3336,0.06302,4,4
270(E2),K,M,0.4871,0.1197,3,4
270(E2),K,N,-0.8039,0.345,11,4
270(E2),K,P,-7.644,0,6.5,4
270(E2),K,Q,0.04863,0.1852,7,4
270(E2),K,R,-0.2144,0.3011,7,4
270(E2),K,S,-1.27,0.3726,6.5,4
270(E2),K,T,0.2122,0.09498,8.5,4
270(E2),K,W,-0.1554,0.5149,6.5,4
270(E2),K,Y,0.2898,0.1399,7.5,4
271(E1),C,*,-7.231,0,4.5,4
271(E1),C,-,-0.2675,0.2113,0.5,2
271(E1),C,A,-7.566,0,6.5,4
271(E1),C,C,0,0,,4
271(E1),C,D,-7.351,0,3.5,4
271(E1),C,E,-7.483,0,4,4
271(E1),C,F,-7.243,0,7.75,4
271(E1),C,G,-7.524,0,7.5,4
271(E1),C,H,-7.53,0,9.5,4
271(E1),C,I,-7.605,0,3.5,4
271(E1),C,K,-7.393,0,4,4
271(E1),C,L,-7.326,0,3,2
271(E1),C,M,-7.454,0,2.5,4
271(E1),C,N,-7.592,0,3.5,4
271(E1),C,P,-7.641,0,5.5,4
271(E1),C,Q,-7.566,0,3.25,4
271(E1),C,R,-7.435,0,8.5,4
271(E1),C,S,-7.569,0,8.5,4
271(E1),C,T,-7.512,0,3,4
271(E1),C,V,-7.311,0,4,4
271(E1),C,W,-7.53,0,7,4
271(E1),C,Y,-7.678,0,13.25,4
271(E2),A,-,-1.892,1.589,1,4
271(E2),A,A,0,0,,4
271(E2),A,C,-7.165,0,8.25,4
271(E2),A,D,-7.512,0,10.5,4
271(E2),A,E,-7.428,0,3,4
271(E2),A,F,-7.309,0,7.5,4
271(E2),A,G,-3.836,0.1935,4,4
271(E2),A,H,-7.522,0,4,4
271(E2),A,I,-7.533,0,3,4
271(E2),A,K,-6.633,0,4,4
271(E2),A,L,-7.563,0,5,4
271(E2),A,M,-4.823,0.02295,2,4
271(E2),A,N,-7.168,0,5.5,4
271(E2),A,P,-7.49,0,9.5,4
271(E2),A,Q,-5.384,0,5.5,4
271(E2),A,R,-7.405,0,6,4
271(E2),A,S,-2.66,0.1071,6,4
271(E2),A,T,-3.462,0.6682,15.75,4
271(E2),A,V,-2.05,0.3512,9.5,4
271(E2),A,W,-7.249,0,6,4
271(E2),A,Y,-7.506,0,5.5,4
272(E1),A,-,-0.06478,0.1266,1,4
272(E1),A,A,0,0,,4
272(E1),A,C,-0.8216,0.4568,3.5,4
272(E1),A,D,-0.7289,0.2775,10,4
272(E1),A,E,-3.252,0.1785,5.5,4
272(E1),A,F,-0.2233,0.2438,5,4
272(E1),A,G,0.1484,0.1621,2.5,4
272(E1),A,H,-0.3453,0.35,6.5,4
272(E1),A,I,-0.003655,0.05882,7,4
272(E1),A,K,-0.5029,0.424,4,4
272(E1),A,L,-0.433,0.2145,6,4
272(E1),A,M,0.1041,0.09505,4.5,4
272(E1),A,N,0.05102,0.07334,6.25,4
272(E1),A,P,-7.29,0,3.5,4
272(E1),A,Q,-0.8058,0.8019,3,4
272(E1),A,R,-3.384,0.9388,3.75,4
272(E1),A,S,-0.2747,0.02438,9,4
272(E1),A,T,-0.5806,0.3252,18.5,4
272(E1),A,V,-0.000407,0.08364,11.5,4
272(E1),A,W,-5.014,0.09829,4.5,4
272(E1),A,Y,-0.126,0.1931,4,4
272(E2),R,*,-7.066,0,5,4
272(E2),R,-,-1.263,1.38,1,4
272(E2),R,A,-1.163,0.1125,6.5,4
272(E2),R,C,-3.428,0.3374,5.5,4
272(E2),R,D,-1.669,0.2527,7,4
272(E2),R,E,-1.547,0.5263,11,4
272(E2),R,F,-3.256,0.1929,9.5,4
272(E2),R,G,-1.323,0.2719,8.5,4
272(E2),R,H,-1.25,0.4017,5.5,4
272(E2),R,I,-0.8476,0.1198,9.5,4
272(E2),R,K,-0.3231,0.1893,11.75,4
272(E2),R,L,-2.358,0.4709,6,4
272(E2),R,M,-1.326,0.6712,3.5,4
272(E2),R,N,-1.216,0.21,7,4
272(E2),R,P,-0.7791,0.3922,6.5,4
272(E2),R,Q,-0.8527,0.3006,6,4
272(E2),R,R,0,0,,4
272(E2),R,S,-1.147,0.2879,8,4
272(E2),R,T,-1.286,0.1708,7.25,4
272(E2),R,V,-1.829,0.2511,9.5,4
272(E2),R,W,-3.837,0.5029,5.5,4
272(E2),R,Y,-3.383,0.6261,8.5,4
273(E1),V,-,-0.01218,0.1279,1,4
273(E1),V,A,-1.375,0.06991,8.5,4
273(E1),V,C,-0.9068,0.573,4.5,4
273(E1),V,D,-4.525,0.6699,5,4
273(E1),V,E,-1.204,0.08002,7.5,4
273(E1),V,F,-1.321,0.2008,6,4
273(E1),V,G,-5.65,0,6,4
273(E1),V,H,-4.824,1.003,5,4
273(E1),V,I,-0.8042,1.468,3.5,4
273(E1),V,K,-7.584,0,7,4
273(E1),V,L,-2.858,0.7558,8,4
273(E1),V,M,-0.6798,0.2955,23.5,4
273(E1),V,N,-2.176,0.3395,4,4
273(E1),V,P,-4.883,0,5.5,4
273(E1),V,Q,-1.01,0.09673,6,4
273(E1),V,R,-7.542,0,3,4
273(E1),V,S,-1.306,0.2198,5.5,4
273(E1),V,T,0.2374,0.1089,2,4
273(E1),V,V,0,0,,4
273(E1),V,W,-2.013,1.218,3,4
273(E1),V,Y,-1.822,0.333,4.5,4
273(E2),N,*,-0.4089,0.1084,0.5,2
273(E2),N,-,-0.5516,0.0193,0.5,2
273(E2),N,A,0.2569,0.6408,6,4
273(E2),N,C,-1.093,0.2205,6,4
273(E2),N,D,-0.04482,0.1338,5.5,4
273(E2),N,E,0.4322,0.1429,3,4
273(E2),N,F,-0.7319,0.3725,6,4
273(E2),N,G,-1.229,0.6098,6.5,4
273(E2),N,H,-0.527,0.6467,4.5,4
273(E2),N,I,0.2784,0.02337,6.5,4
273(E2),N,K,-0.00155,0.209,5,4
273(E2),N,L,0.1899,0.2239,7.5,4
273(E2),N,M,-0.07537,0.103,6.5,4
273(E2),N,N,0,0,,4
273(E2),N,P,0.1009,0.06085,9,4
273(E2),N,Q,-0.08499,0.2131,5.5,4
273(E2),N,R,-1.065,1.01,5,4
273(E2),N,S,-0.3173,0.1077,7.25,4
273(E2),N,T,-0.3453,0.2406,3.75,4
273(E2),N,V,-0.3142,0.4395,3.5,4
273(E2),N,W,-0.9576,0.2296,3.5,4
273(E2),N,Y,-0.2317,0.259,5,4
274(E1),G,*,-6.341,0,2,4
274(E1),G,-,0.02143,0.1501,1,4
274(E1),G,A,-4.383,0.1784,4,4
274(E1),G,C,-7.226,0,6,4
274(E1),G,D,-7.413,0,8.5,4
274(E1),G,E,-7.63,0,31.5,4
274(E1),G,F,-7.508,0,8,4
274(E1),G,G,0,0,,4
274(E1),G,H,-7.595,0,2.5,4
274(E1),G,I,-7.534,0,7,4
274(E1),G,K,-7.553,0,6.5,4
274(E1),G,L,-7.454,0,10.5,4
274(E1),G,M,-7.639,0,11.5,4
274(E1),G,N,-7.542,0,2.5,4
274(E1),G,P,-7.559,0,5,4
274(E1),G,Q,-7.432,0,7.5,4
274(E1),G,R,-7.674,0,25,4
274(E1),G,S,-1.836,0.2366,9.5,4
274(E1),G,T,-7.281,0,4.5,4
274(E1),G,V,-7.609,0,7.5,4
274(E1),G,W,-7.512,0,5,4
274(E1),G,Y,-7.534,0,3,4
274(E2),P,-,-0.2005,0.02615,0.5,2
274(E2),P,A,-1.568,0.7463,4,4
274(E2),P,C,-7.063,0,6,4
274(E2),P,D,-7.512,0,5,4
274(E2),P,E,-7.487,0,7,4
274(E2),P,F,-1.423,0.09138,4,4
274(E2),P,G,-3.892,0.2492,5,4
274(E2),P,H,-4.686,0,8.5,4
274(E2),P,I,-2.356,0.8389,5.5,4
274(E2),P,K,-7.597,0,4,4
274(E2),P,L,-2.538,0.4814,4.5,4
274(E2),P,M,-2.173,0.3444,5.5,4
274(E2),P,N,-7.464,0,5,4
274(E2),P,P,0,0,,4
274(E2),P,Q,-7.232,0,3.5,4
274(E2),P,R,-7.395,0,4.5,4
274(E2),P,S,-6.901,0,14,4
274(E2),P,T,-7.057,0,8,4
274(E2),P,V,-2.959,0.3831,4.5,4
274(E2),P,W,-2.195,0.5056,4.5,4
274(E2),P,Y,-0.262,0.09498,2.5,4
275(E1),N,-,-0.01872,0.1076,1,4
275(E1),N,A,-0.01805,0.2423,5,4
275(E1),N,C,-7.6,0,6.5,4
275(E1),N,D,-0.9206,0.4362,5.5,4
275(E1),N,E,-1.106,0.1482,5.5,4
275(E1),N,F,-0.8302,0.6028,4.5,4
275(E1),N,G,-0.2289,0.0972,3.5,4
275(E1),N,H,-0.5799,0.4273,7.5,4
275(E1),N,I,-0.1988,0.1421,9.5,4
275(E1),N,K,-7.641,0,9.5,4
275(E1),N,L,-0.4138,0.692,8.75,4
275(E1),N,M,0.08932,0.03805,7,4
275(E1),N,N,0,0,,4
275(E1),N,P,-6.024,0,6,4
275(E1),N,Q,-0.8744,0.4324,3.5,4
275(E1),N,R,-7.566,0,5,4
275(E1),N,S,-0.06339,0.1657,5,4
275(E1),N,T,-0.4569,0.1169,5.5,4
275(E1),N,V,-4.245,0.241,4,4
275(E1),N,W,-3.173,1.089,3,4
275(E1),N,Y,-0.1845,0.3308,5,4
275(E2),T,-,-7.522,0,1,2
275(E2),T,A,-1.19,0.5939,7.5,4
275(E2),T,C,-1.284,0.2246,5,4
275(E2),T,D,-0.4095,0.1182,9,4
275(E2),T,E,-0.2666,0.1516,4.5,4
275(E2),T,F,0.2802,0.134,4.5,4
275(E2),T,G,-1.871,0.1435,8.5,4
275(E2),T,H,-0.874,0.81,7.5,4
275(E2),T,I,-0.8491,0.1934,11.5,4
275(E2),T,K,-0.8584,0.993,4,4
275(E2),T,L,-0.4384,0.2702,4.5,4
275(E2),T,M,-1.416,0.1461,4.5,4
275(E2),T,N,-0.1642,0.1655,10,4
275(E2),T,P,-2.989,0.7574,5,4
275(E2),T,Q,0.4157,0.3625,4,4
275(E2),T,R,-0.7514,0.09175,8,4
275(E2),T,S,-0.5088,0.2374,7,4
275(E2),T,T,0,0,,4
275(E2),T,V,-0.7118,0.3638,6.5,4
275(E2),T,W,-0.8472,0.3045,8,4
275(E2),T,Y,0.4259,0.138,5,4
276(E1),M,-,-0.1044,0.119,3,4
276(E1),M,A,-0.1699,0.2318,7,4
276(E1),M,C,-0.2635,0.2601,6.5,4
276(E1),M,D,-7.593,0,6,4
276(E1),M,E,-7.585,0,7.5,4
276(E1),M,F,-0.7851,0.5098,7,4
276(E1),M,G,-7.548,0,2.5,4
276(E1),M,H,-5.48,0,4.25,4
276(E1),M,I,-0.02183,0.03517,20,4
276(E1),M,K,-7.681,0,7,4
276(E1),M,L,-0.2195,0.5816,8,4
276(E1),M,M,0,0,,4
276(E1),M,N,-7.537,0,2.25,4
276(E1),M,P,-7.424,0,5,4
276(E1),M,Q,-6.588,0,6,4
276(E1),M,R,-7.464,0,4,4
276(E1),M,S,-1.266,0.3476,5,4
276(E1),M,T,-0.3517,0.3447,5,4
276(E1),M,V,-0.08661,0.2309,5,4
276(E1),M,W,-1.015,0.6136,3.5,4
276(E1),M,Y,-1.891,1.302,5,4
276(E2),V,-,0.1744,0.00685,0.5,2
276(E2),V,A,-4.233,0.4643,6.5,4
276(E2),V,C,-3.46,0.4956,5,4
276(E2),V,D,-7.48,0,4,4
276(E2),V,E,-4.041,0.2283,6,4
276(E2),V,F,-0.5425,0.4464,5.5,4
276(E2),V,G,-7.405,0,9.5,4
276(E2),V,H,-5.525,0,7,4
276(E2),V,I,0.3533,0.0853,3.5,4
276(E2),V,K,-6.967,0,4,4
276(E2),V,L,-0.7933,0.2933,11,4
276(E2),V,M,-1.258,0.344,15.5,4
276(E2),V,N,-5.806,0,6,4
276(E2),V,P,-7.184,0,6.5,4
276(E2),V,Q,-3.454,0.2908,6.5,4
276(E2),V,R,-7.162,0,4.5,4
276(E2),V,S,-3.91,0.3139,3,4
276(E2),V,T,-0.7865,0.3433,3.5,4
276(E2),V,V,0,0,,4
276(E2),V,W,-4.45,0,7.5,4
276(E2),V,Y,-4.215,0.241,5.5,4
277(E1),P,-,-0.04799,0.1013,3.5,4
277(E1),P,A,-1.571,0.3996,6,4
277(E1),P,C,-7.494,0,5,4
277(E1),P,D,-7.391,0,4.5,4
277(E1),P,E,-7.619,0,4,4
277(E1),P,F,-7.702,0,7.5,4
277(E1),P,G,-5.383,0,5.5,4
277(E1),P,H,-7.61,0,10,4
277(E1),P,I,-7.089,0,3.5,4
277(E1),P,K,-7.472,0,4.5,4
277(E1),P,L,-7.382,0,10,4
277(E1),P,M,-7.527,0,3.5,4
277(E1),P,N,-7.422,0,5,4
277(E1),P,P,0,0,,4
277(E1),P,Q,-7.253,0.02078,4,4
277(E1),P,R,-7.563,0,5.5,4
277(E1),P,S,-7.735,0,85.25,4
277(E1),P,T,-7.585,0,8,4
277(E1),P,V,-1.449,0.8969,3,4
277(E1),P,W,-7.216,0,4,4
277(E1),P,Y,-7.568,0,4,4
277(E2),T,-,-0.4453,0.052,0.5,2
277(E2),T,A,-0.5545,0.325,8.5,4
277(E2),T,C,-2.25,0.9835,4.5,4
277(E2),T,D,-1.111,0.0747,7,4
277(E2),T,E,-0.7878,0.2363,4,4
277(E2),T,F,-2.228,0.762,5,4
277(E2),T,G,-3.12,1.103,4.5,4
277(E2),T,H,-1.137,0.4039,5.5,4
277(E2),T,I,-0.9686,0.4545,13,4
277(E2),T,K,-0.6703,0.151,5.5,4
277(E2),T,L,-1.373,0.3064,7.5,4
277(E2),T,M,-1.185,0.4293,3.5,4
277(E2),T,N,-0.375,0.1569,9,4
277(E2),T,P,-7.395,0,7,4
277(E2),T,Q,-0.2469,0.4659,3.75,4
277(E2),T,R,-0.332,0.3461,4,4
277(E2),T,S,-0.4271,0.2807,3.5,4
277(E2),T,T,0,0,,4
277(E2),T,V,-0.6256,0.3975,9,4
277(E2),T,W,-2.852,1.945,3.5,4
277(E2),T,Y,-0.6363,0.5521,9,4
278(E1),I,-,-7.516,0,12.5,4
278(E1),I,A,-1.409,0.1946,5,4
278(E1),I,C,-1.408,0.3832,1,4
278(E1),I,D,-7.262,0,4,4
278(E1),I,E,-7.531,0,2.75,4
278(E1),I,F,-0.6565,0.1889,4.5,4
278(E1),I,G,-7.383,0,4.5,4
278(E1),I,H,-6.281,0,6,4
278(E1),I,I,0,0,,4
278(E1),I,K,-6.455,0,2.5,4
278(E1),I,L,-0.3298,0.3277,6,4
278(E1),I,M,-0.1133,0.3029,6.5,4
278(E1),I,N,-7.492,0,12.5,4
278(E1),I,P,-7.402,0,6.5,4
278(E1),I,Q,-7.594,0,7,4
278(E1),I,R,-7.601,0,5.5,4
278(E1),I,S,-7.521,0,5,4
278(E1),I,T,-2.406,0.4573,12,4
278(E1),I,V,0.04044,0.05614,3,4
278(E1),I,W,-4.447,0,7,4
278(E1),I,Y,-6.7,0,6.5,4
278(E2),Y,*,-7.608,0,3.5,4
278(E2),Y,-,-0.0546,0.00808,0.5,2
278(E2),Y,A,-3.606,0.2268,4,4
278(E2),Y,C,-5.526,0,9.5,4
278(E2),Y,D,-5.784,0,7.5,4
278(E2),Y,E,-4.96,0.007794,5,4
278(E2),Y,F,-0.1384,0.196,6.5,4
278(E2),Y,G,-2.798,0.2381,2.5,4
278(E2),Y,H,-2.941,0.2507,12.5,4
278(E2),Y,I,-6.136,0,7,4
278(E2),Y,K,-4.091,0.4272,4.5,4
278(E2),Y,L,-2.917,0.5188,4,4
278(E2),Y,M,-1.279,1.398,3,4
278(E2),Y,N,-3.87,0.4782,6,4
278(E2),Y,P,-3.692,0.4489,8.5,4
278(E2),Y,Q,-2.784,0.2671,1.5,4
278(E2),Y,R,-4.985,0.3728,4.5,4
278(E2),Y,S,-3.566,0.202,7,4
278(E2),Y,T,-1.106,0.1158,2.5,2
278(E2),Y,V,-5.348,0,5.5,4
278(E2),Y,W,-4.189,0.1013,5.5,4
278(E2),Y,Y,0,0,,4
279(E1),S,-,-0.1497,0.2002,7,4
279(E1),S,A,-0.4598,0.04631,5.5,4
279(E1),S,C,-0.952,0.3554,4,4
279(E1),S,D,0.02129,0.3528,5,4
279(E1),S,E,0.2414,0.0613,3.5,4
279(E1),S,F,-6.331,0,5,4
279(E1),S,G,-0.1695,0.4006,4,4
279(E1),S,H,-2.157,0.7288,4,4
279(E1),S,I,-0.129,0.248,10.5,4
279(E1),S,K,-7.249,0,4.5,4
279(E1),S,L,0.1267,0.1521,3.25,4
279(E1),S,M,0.201,0.04086,9,4
279(E1),S,N,-0.1986,0.2389,18,4
279(E1),S,P,-7.491,0,7,4
279(E1),S,Q,-1.869,1.266,6,4
279(E1),S,R,-7.392,0,4.5,4
279(E1),S,S,0,0,,4
279(E1),S,T,-0.08525,0.05543,11.5,4
279(E1),S,V,-0.2207,0.2635,4,4
279(E1),S,W,-7.141,0,4.5,4
279(E1),S,Y,-4.813,0,2.5,4
279(E2),G,A,0.3536,0.1101,5,4
279(E2),G,C,-1.474,0.8265,6.5,4
279(E2),G,D,-0.3347,0.3336,16.5,4
279(E2),G,E,-1.37,0.4018,4.5,4
279(E2),G,F,-1.596,0.1591,8.75,4
279(E2),G,G,0,0,,4
279(E2),G,H,-1.032,0.2917,5.5,4
279(E2),G,I,-2.114,0.3048,8.5,4
279(E2),G,K,-0.5029,0.3131,6.5,4
279(E2),G,L,-0.322,0.4741,5,4
279(E2),G,M,-0.7437,0.1855,5.5,4
279(E2),G,N,-0.6571,0.2341,5,4
279(E2),G,P,-7.45,0,9,4
279(E2),G,Q,-0.375,0.05232,8,4
279(E2),G,R,-0.1116,0.5098,3.5,4
279(E2),G,S,-0.4513,0.5268,6.5,4
279(E2),G,T,-0.2142,0.1913,5.5,4
279(E2),G,V,-1.442,0.1729,12,4
279(E2),G,W,-1.395,0.4751,6.5,4
279(E2),G,Y,-1.384,0.362,3.5,4
28(6K),A,*,-7.498,0,10,4
28(6K),A,-,-0.2377,0.0872,0.5,2
28(6K),A,A,0,0,,4
28(6K),A,C,0.161,0.1692,4.5,4
28(6K),A,D,-1.637,0.4742,8.5,4
28(6K),A,E,-0.3418,0.4303,5,4
28(6K),A,F,0.1404,0.02003,9,4
28(6K),A,G,-0.2503,0.07256,6.5,4
28(6K),A,H,-0.3424,0.4397,6.25,4
28(6K),A,I,-0.3739,0.1878,6,4
28(6K),A,K,-0.1898,0.7928,4,4
28(6K),A,L,-0.1392,0.1599,4.5,4
28(6K),A,M,0.0181,0.2978,10,4
28(6K),A,N,-0.857,1.13,4.5,4
28(6K),A,P,-0.3232,0.4141,9,4
28(6K),A,Q,0.2687,0.0365,2.5,2
28(6K),A,R,-0.2302,0.4203,8.5,4
28(6K),A,S,-0.1932,0.2921,15,4
28(6K),A,T,-0.01395,0.02037,35.25,4
28(6K),A,V,-0.01904,0.0998,12.5,4
28(6K),A,W,-0.02698,0.07338,5.5,4
28(6K),A,Y,0.1217,0.1144,3.5,4
28(E1),V,-,-1.054,1.221,1,4
28(E1),V,A,-1.594,0.2089,7,4
28(E1),V,C,-0.2424,0.4008,6.5,4
28(E1),V,D,-7.359,0,5.5,4
28(E1),V,E,-7.178,0,6.5,4
28(E1),V,F,-7.301,0,7.5,4
28(E1),V,G,-2.292,0.1851,7,4
28(E1),V,H,-7.476,0,2.5,4
28(E1),V,I,-0.6757,0.2638,4,4
28(E1),V,K,-6.228,0,6.5,4
28(E1),V,L,-3.379,0.4799,14,4
28(E1),V,M,-2.119,0.2332,12.25,4
28(E1),V,N,-0.6603,0.4504,7,4
28(E1),V,P,-5.992,0,5.5,4
28(E1),V,Q,-3.223,0.1546,5.75,4
28(E1),V,R,-7.434,0,7,4
28(E1),V,S,-0.9942,0.7202,7.5,4
28(E1),V,T,-0.3493,0.1188,8.5,4
28(E1),V,V,0,0,,4
28(E1),V,W,-7.359,0,8.5,4
28(E1),V,Y,-7.446,0,9.5,4
28(E2),C,*,-7.559,0,1.5,4
28(E2),C,A,-7.489,0,4,4
28(E2),C,C,0,0,,4
28(E2),C,D,-6.721,0,5.5,4
28(E2),C,E,-7.03,0,4.5,4
28(E2),C,F,-7.643,0,14,4
28(E2),C,G,-7.604,0,6.5,4
28(E2),C,H,-7.292,0.2178,5.5,4
28(E2),C,I,-7.623,0,5.5,4
28(E2),C,K,-7.546,0,7,4
28(E2),C,L,-7.578,0,8,4
28(E2),C,M,-7.508,0,9.75,4
28(E2),C,N,-7.438,0,6.5,4
28(E2),C,P,-7.574,0,8,4
28(E2),C,Q,-7.409,0,2.5,4
28(E2),C,R,-7.457,0,8.5,4
28(E2),C,S,-7.156,0,8.5,4
28(E2),C,T,-7.638,0,11,4
28(E2),C,V,-7.431,0,9,4
28(E2),C,W,-7.353,0,8.25,4
28(E2),C,Y,-7.314,0,13.5,4
28(E3),E,*,-7.338,0,23.5,4
28(E3),E,-,-0.5149,0.00305,0.5,2
28(E3),E,A,-0.3297,0.08917,14,4
28(E3),E,C,-1.188,0.3265,11,4
28(E3),E,D,-0.05065,0.3002,13.5,4
28(E3),E,E,0,0,,4
28(E3),E,F,-0.8193,0.7557,11,4
28(E3),E,G,-0.09688,0.1369,12.5,4
28(E3),E,H,-0.4817,0.135,13.5,4
28(E3),E,I,-0.8982,0.1096,16,4
28(E3),E,K,-0.4394,0.1905,11.5,4
28(E3),E,L,-0.5786,0.3511,11.5,4
28(E3),E,M,-0.5746,0.2987,9.5,4
28(E3),E,N,-0.6056,0.03262,9.5,4
28(E3),E,P,-1.341,0.2771,15.5,4
28(E3),E,Q,-0.04405,0.2117,12.5,4
28(E3),E,R,-0.6099,0.09133,10.5,4
28(E3),E,S,-0.713,0.4958,8,4
28(E3),E,T,-0.4536,0.2006,12.5,4
28(E3),E,V,-0.6911,0.2034,6,4
28(E3),E,W,-0.9128,0.1941,12,4
28(E3),E,Y,-0.2067,0.2143,10,4
280(E1),I,-,-0.3699,0.2213,8,4
280(E1),I,A,-3.352,1.584,3.5,4
280(E1),I,C,0.04691,0.5097,4,4
280(E1),I,D,-7.571,0,5.5,4
280(E1),I,E,-7.499,0,5,4
280(E1),I,F,-0.2045,0.1028,8.25,4
280(E1),I,G,-7.516,0,0.25,1
280(E1),I,H,-7.396,0,10,4
280(E1),I,I,0,0,,4
280(E1),I,K,-7.377,0,7,4
280(E1),I,L,-0.8112,0.8221,5,4
280(E1),I,M,-0.03853,0.1399,4,4
280(E1),I,N,-7.308,0,7.5,4
280(E1),I,P,-7.337,0,5,4
280(E1),I,Q,-7.563,0,4,4
280(E1),I,R,-7.569,0,3.5,4
280(E1),I,S,-1.666,0.4312,3,4
280(E1),I,T,-1.583,0.2483,7.5,4
280(E1),I,V,0.1558,0.3302,3.5,4
280(E1),I,W,-1.008,0.5044,5.5,4
280(E1),I,Y,-1.71,0.7204,6.5,4
280(E2),K,-,-0.5506,0.1268,0.5,2
280(E2),K,A,-0.7275,0.3156,5.5,4
280(E2),K,C,-4.665,0,4.5,4
280(E2),K,D,-1.854,0.3337,6,4
280(E2),K,E,-0.5151,0.2693,11,4
280(E2),K,F,-0.9373,0.4161,5,4
280(E2),K,G,-2.748,0.2841,4.5,4
280(E2),K,H,-0.5295,0.3013,5.5,4
280(E2),K,I,-0.4105,0.02902,6,4
280(E2),K,K,0,0,,4
280(E2),K,L,-0.7136,0.4686,5,4
280(E2),K,M,-0.5036,0.3907,5,4
280(E2),K,N,-1.415,0.1624,9.5,4
280(E2),K,P,0.1446,0.05582,10.5,4
280(E2),K,Q,-0.05983,0.1285,5.5,4
280(E2),K,R,-0.00455,0.2132,7.5,4
280(E2),K,S,-1.074,0.2341,5.5,4
280(E2),K,T,-0.561,0.2881,8.5,4
280(E2),K,V,-0.5865,0.1494,10,4
280(E2),K,W,-0.6752,0.4447,4.5,4
280(E2),K,Y,-0.2902,0.3332,6,4
281(E1),D,-,-7.56,0,13,4
281(E1),D,A,-2.603,0.08925,6,4
281(E1),D,C,-7.034,0,3.5,4
281(E1),D,D,0,0,,4
281(E1),D,E,-0.6837,0.741,8.5,4
281(E1),D,F,-7.319,0,5,4
281(E1),D,G,-0.6033,0.8576,5.5,4
281(E1),D,H,-5.756,0,7,4
281(E1),D,I,-6.365,0,7,4
281(E1),D,K,-7.604,0,5.5,4
281(E1),D,L,-6.518,0,5.5,4
281(E1),D,M,-4.802,0,3.5,4
281(E1),D,N,0.00417,0.1503,21,4
281(E1),D,P,-7.49,0,5,4
281(E1),D,Q,-2.381,1.672,5,4
281(E1),D,R,-7.52,0,6.5,4
281(E1),D,S,-1.095,0.0015,4.5,2
281(E1),D,T,-5.544,0,6,4
281(E1),D,V,-7.231,0,7,4
281(E1),D,W,-6.849,0,4.5,4
281(E1),D,Y,-5.74,0,7,4
281(E2),N,A,-1.185,0.3395,7.5,4
281(E2),N,C,-2.012,1.093,5.5,4
281(E2),N,D,-1.273,0.378,5,4
281(E2),N,E,-0.9274,0.3744,5.5,4
281(E2),N,F,-0.8551,0.2644,9,4
281(E2),N,G,-0.1355,0.02766,6,4
281(E2),N,H,-0.1626,0.483,3,4
281(E2),N,I,-7.092,0,6,4
281(E2),N,K,-0.876,0.5083,5,4
281(E2),N,L,-3.417,0.1926,4,4
281(E2),N,M,-0.6482,0.06071,7.5,4
281(E2),N,N,0,0,,4
281(E2),N,P,-7.465,0,8.5,4
281(E2),N,Q,0.05554,0.1586,5,4
281(E2),N,R,0.02385,0.3244,5.5,4
281(E2),N,S,-0.2898,0.2129,7,4
281(E2),N,T,-1.51,0.3556,7,4
281(E2),N,V,-5.87,0,6.5,4
281(E2),N,W,-2.538,0.3056,6,4
281(E2),N,Y,-0.5952,0.06402,9.5,4
282(E1),I,-,-0.00739,0.09433,1.5,4
282(E1),I,A,-5.216,0.08574,6.5,4
282(E1),I,C,-5.704,0,6.5,4
282(E1),I,D,-7.55,0,8,4
282(E1),I,E,-7.598,0,3,4
282(E1),I,F,-1.272,0.3536,6.5,4
282(E1),I,G,-5.129,0.6817,2,4
282(E1),I,H,-7.407,0,5,4
282(E1),I,I,0,0,,4
282(E1),I,K,-7.344,0,1,2
282(E1),I,L,-0.3879,0.01479,6,4
282(E1),I,M,-0.2199,0.4927,2.5,4
282(E1),I,N,-7.532,0,5,4
282(E1),I,P,-7.451,0,8.5,4
282(E1),I,Q,-7.527,0,6,4
282(E1),I,R,-7.469,0,3,4
282(E1),I,S,-7.576,0,3.5,4
282(E1),I,T,-7.158,0,9.25,4
282(E1),I,V,-0.2597,0.3255,6,4
282(E1),I,W,-6.944,0,4,4
282(E1),I,Y,-5.482,0,6,4
282(E2),Q,*,-6.781,0,4.75,4
282(E2),Q,A,0.1958,0.05385,2.5,4
282(E2),Q,C,-0.5807,0.5836,7.5,4
282(E2),Q,D,-2.361,0.4598,6.5,4
282(E2),Q,E,-0.494,0.8048,8.5,4
282(E2),Q,F,-1.505,0.112,9,4
282(E2),Q,G,-4.118,0.05672,7.5,4
282(E2),Q,H,-0.652,0.2948,6.5,4
282(E2),Q,I,-0.577,0.1062,8,4
282(E2),Q,K,-0.00623,0.2031,13,4
282(E2),Q,L,-0.05962,0.2139,8.5,4
282(E2),Q,M,-0.1253,0.172,7.5,4
282(E2),Q,N,-1.346,0.4613,10.5,4
282(E2),Q,P,-7.489,0,8,4
282(E2),Q,Q,0,0,,4
282(E2),Q,R,-0.8423,0.756,11.5,4
282(E2),Q,S,-0.3988,0.04734,6.5,4
282(E2),Q,T,0.3868,0.2135,7.5,4
282(E2),Q,V,-0.4518,0.09908,5,4
282(E2),Q,W,-2.962,0.1599,11,4
282(E2),Q,Y,-0.8656,0.2582,5.5,4
283(E1),P,-,-0.106,0.2439,0.5,2
283(E1),P,A,-1.728,0.9302,3.5,4
283(E1),P,C,-1.091,0.7539,4.5,4
283(E1),P,D,0.2112,0.01538,2,4
283(E1),P,E,-0.6404,1.409,2.75,4
283(E1),P,F,-1.358,1.087,3,4
283(E1),P,G,-0.2569,0.108,1,4
283(E1),P,H,-1.098,0.4714,1.5,4
283(E1),P,I,-1.114,0.2638,4,4
283(E1),P,K,-0.5988,0.5276,4,4
283(E1),P,L,-2.226,0.5115,6.5,4
283(E1),P,M,-1.983,0.2145,3,4
283(E1),P,N,-0.9244,0.2997,3.5,4
283(E1),P,P,0,0,,4
283(E1),P,Q,0.1024,0.2198,4,4
283(E1),P,R,0.2103,0.09674,5,4
283(E1),P,S,-0.262,0.3712,6.5,4
283(E1),P,T,-1.348,0.4081,9,4
283(E1),P,V,-1.305,0.6795,3.5,4
283(E1),P,W,-3.902,1.303,4.75,4
283(E1),P,Y,-1.493,0.6555,4.5,4
283(E2),V,A,-6.413,0,5.5,4
283(E2),V,C,-6.527,0,6,4
283(E2),V,D,-7.553,0,9,4
283(E2),V,E,-7.435,0,5.75,4
283(E2),V,F,-7.364,0,5,4
283(E2),V,G,-7.151,0,6,4
283(E2),V,H,-7.395,0,4.5,4
283(E2),V,I,-0.8495,0.1493,6.5,4
283(E2),V,K,-7.268,0,5,4
283(E2),V,L,-1.027,0.1891,9,4
283(E2),V,M,-3.587,0.3361,9.5,4
283(E2),V,N,-7.457,0,6.5,4
283(E2),V,P,-7.496,0,10,4
283(E2),V,Q,-7.316,0,6.5,4
283(E2),V,R,-7.55,0,4.25,4
283(E2),V,S,-7.627,0,6.5,4
283(E2),V,T,-7.293,1.897,5,4
283(E2),V,V,0,0,,4
283(E2),V,W,-7.512,0,6,4
283(E2),V,Y,-7.542,0,9.5,4
284(E1),D,-,-0.1132,0.1062,0.5,2
284(E1),D,A,-0.2194,0.242,9,4
284(E1),D,C,-2.25,1.003,3.5,4
284(E1),D,D,0,0,,4
284(E1),D,E,0.03158,0.1066,10,4
284(E1),D,F,-2.115,0.65,6.5,4
284(E1),D,G,-0.3085,0.908,3,4
284(E1),D,H,-0.9217,1.305,2.5,4
284(E1),D,I,-0.7072,0.8718,4,4
284(E1),D,K,-1.041,0.4021,6,4
284(E1),D,L,-0.04819,0.247,4.5,4
284(E1),D,M,-0.9746,1.26,4.5,4
284(E1),D,N,0.08987,0.04483,11,4
284(E1),D,P,-1.83,0.7839,3.5,4
284(E1),D,Q,-0.1451,0.1709,4,4
284(E1),D,R,-1.663,0.6058,6,4
284(E1),D,S,-0.09465,0.2203,3.5,4
284(E1),D,T,-1.005,0.5892,2,4
284(E1),D,V,-0.7452,0.5606,6.5,4
284(E1),D,W,-1.149,0.4006,4,4
284(E1),D,Y,-1.865,0.8329,8.5,4
284(E2),I,-,-0.0287,0.1985,0.5,2
284(E2),I,A,-0.2081,0.2625,4,4
284(E2),I,C,-0.858,0.4564,5,4
284(E2),I,D,-2.966,0.3457,4,4
284(E2),I,E,-2.285,0.2251,7,4
284(E2),I,F,-0.08128,0.2638,4.5,4
284(E2),I,G,-3.099,0.3824,3.5,4
284(E2),I,H,-1.269,0.3143,4.5,4
284(E2),I,I,0,0,,4
284(E2),I,K,-0.5884,0.08022,4,4
284(E2),I,L,-0.6397,0.427,10.5,4
284(E2),I,M,-0.6764,0.2365,9.5,4
284(E2),I,N,-0.2842,0.2831,8.25,4
284(E2),I,P,-7.221,0,9.5,4
284(E2),I,Q,-0.5967,0.7703,8.5,4
284(E2),I,R,-0.4507,0.3644,6.5,4
284(E2),I,S,-0.564,0.5361,8,4
284(E2),I,T,-0.02761,0.2279,8.5,4
284(E2),I,V,-0.3643,0.2347,7.5,4
284(E2),I,W,-1.439,0.2885,7,4
284(E2),I,Y,-1.071,0.1116,6.5,4
285(E1),A,-,-6.825,0,1.5,4
285(E1),A,A,0,0,,4
285(E1),A,C,-7.447,0,6,4
285(E1),A,D,-7.507,0,10,4
285(E1),A,E,-7.665,0,7,4
285(E1),A,F,-6.441,0,3.5,4
285(E1),A,G,-0.3164,0.073,3.5,2
285(E1),A,H,-7.325,0,6,4
285(E1),A,I,-6.913,0,6,4
285(E1),A,K,-7.538,0,6,4
285(E1),A,L,-6.461,0,7,4
285(E1),A,M,-5.611,0,7,4
285(E1),A,N,-7.61,0,5.25,4
285(E1),A,P,-7.42,0,1.75,4
285(E1),A,Q,-7.549,0,4.5,4
285(E1),A,R,-7.489,0,7,4
285(E1),A,S,-0.1267,0.07415,9.5,4
285(E1),A,T,-3.605,0.5356,28.5,4
285(E1),A,V,-0.1317,0.3197,11,4
285(E1),A,W,-7.518,0,4.5,4
285(E1),A,Y,-7.03,0,6,4
285(E2),M,-,-0.3825,0.1987,0.5,2
285(E2),M,A,-5.546,0,8.5,4
285(E2),M,C,-5.034,0.8942,6,4
285(E2),M,D,-7.509,0,6,4
285(E2),M,E,-7.668,0,5.5,4
285(E2),M,F,0.07287,0.1521,6.5,4
285(E2),M,G,-7.617,0,6.5,4
285(E2),M,H,-7.545,0,7,4
285(E2),M,I,-2.716,1.072,22.5,4
285(E2),M,K,-7.488,0,4,4
285(E2),M,L,-0.7833,0.2083,4.5,4
285(E2),M,M,0,0,,4
285(E2),M,N,-7.483,0,6,4
285(E2),M,P,-7.561,0,5.5,4
285(E2),M,Q,-7.577,0,7,4
285(E2),M,R,-4.755,1.28,3.5,4
285(E2),M,S,-7.554,0,8.5,4
285(E2),M,T,-7.363,0,6.5,4
285(E2),M,V,-5.102,0,4.5,4
285(E2),M,W,-2.192,0.8256,6.5,4
285(E2),M,Y,-0.7837,0.2825,5,4
286(E1),A,-,0.02721,0.1202,1,4
286(E1),A,A,0,0,,4
286(E1),A,C,-0.2912,0.4484,4,4
286(E1),A,D,-0.1936,0.2375,9,4
286(E1),A,E,-0.5373,0.04215,2.5,2
286(E1),A,F,-0.9537,0.3513,3.5,4
286(E1),A,G,-0.4141,0.6426,6.5,4
286(E1),A,H,0.09237,0.1471,6.5,4
286(E1),A,I,0.1208,0.02996,7.5,4
286(E1),A,K,0.1109,0.03841,6,4
286(E1),A,L,0.09135,0.1279,3.75,4
286(E1),A,M,-1.248,0.3004,3.5,4
286(E1),A,N,-1.837,0.5458,6,4
286(E1),A,P,-7.268,0,5,4
286(E1),A,Q,0.07864,0.2953,5.5,4
286(E1),A,R,-0.4586,0.2958,8,4
286(E1),A,S,0.05546,0.07087,11.5,4
286(E1),A,T,-0.3763,0.2293,54.25,4
286(E1),A,V,0.03963,0.1297,8,4
286(E1),A,W,-1.892,0.4445,4,4
286(E1),A,Y,0.02384,0.1597,6.25,4
286(E2),L,-,-0.3294,0.37,0.5,2
286(E2),L,A,-1.049,0.8107,5.5,4
286(E2),L,C,-0.5609,0.3586,5.5,4
286(E2),L,D,-1.136,0.2113,7.5,4
286(E2),L,E,-0.8536,0.7731,3,4
286(E2),L,F,-0.5989,0.04488,3.5,4
286(E2),L,G,-1.109,0.2857,4,4
286(E2),L,H,-0.7749,0.2129,7.5,4
286(E2),L,I,-0.03364,0.09716,4.5,2
286(E2),L,K,-0.4759,0.1993,4.5,4
286(E2),L,L,0,0,,4
286(E2),L,M,0.2372,0.1537,10,4
286(E2),L,N,-0.4479,0.1019,5,4
286(E2),L,P,-7.291,0,7,4
286(E2),L,Q,-0.185,0.2026,7.5,4
286(E2),L,R,0.405,0.1666,8.5,4
286(E2),L,S,-0.8324,0.3435,3.5,4
286(E2),L,T,0.3649,0.1435,4,4
286(E2),L,V,0.08213,0.16,5.5,4
286(E2),L,W,0.5147,0.1351,5.5,4
286(E2),L,Y,-0.6456,0.478,5,4
287(E1),F,-,-0.2886,0.2061,1,4
287(E1),F,A,-7.528,0,5.5,4
287(E1),F,C,-7.471,0,8.5,4
287(E1),F,D,-7.486,0,4.5,4
287(E1),F,E,-7.48,0,7,4
287(E1),F,F,0,0,,4
287(E1),F,G,-7.611,0,5,4
287(E1),F,H,-7.053,0,5,4
287(E1),F,I,-6.274,0,6.5,4
287(E1),F,K,-7.572,0,4,4
287(E1),F,L,-0.6362,0.5774,8.5,4
287(E1),F,M,-0.2691,0.2208,4,4
287(E1),F,N,-7.362,0,4.5,4
287(E1),F,P,-7.598,0,7.5,4
287(E1),F,Q,-7.454,0,2.5,4
287(E1),F,R,-7.364,0,4,4
287(E1),F,S,-7.37,0,9.5,4
287(E1),F,T,-7.318,0,5.5,4
287(E1),F,V,-7.319,0,8.5,4
287(E1),F,W,0.07622,0.2662,2.25,4
287(E1),F,Y,-2.812,0.6266,3.5,4
287(E2),L,A,-5.35,0,8,4
287(E2),L,C,-5.62,0,4,4
287(E2),L,D,-7.574,0,6.5,4
287(E2),L,E,-7.579,0,5.5,4
287(E2),L,F,-1.129,0.3863,2.75,4
287(E2),L,G,-7.213,0,6,4
287(E2),L,H,-7.534,0,5,4
287(E2),L,I,-3.376,0.3439,6.5,4
287(E2),L,K,-7.378,0,4,4
287(E2),L,L,0,0,,4
287(E2),L,M,-1.383,0.1798,7.5,4
287(E2),L,N,-7.478,0,3,4
287(E2),L,P,-7.473,0,5.5,4
287(E2),L,Q,-7.647,0,7,4
287(E2),L,R,-7.518,0,10,4
287(E2),L,S,-7.531,0,4.5,4
287(E2),L,T,-7.187,0,5.5,4
287(E2),L,V,-1.018,0.1549,6,4
287(E2),L,W,-7.259,0,7.25,4
287(E2),L,Y,-6.864,0,5,4
288(E1),T,-,-3.695,1.933,2,4
288(E1),T,A,-0.9026,0.5729,11,4
288(E1),T,C,0.06504,0.2427,3.5,4
288(E1),T,D,-1.809,0.8499,6.5,4
288(E1),T,E,-0.8213,0.3938,3,4
288(E1),T,F,-2.323,1.221,6.5,4
288(E1),T,G,-6.806,0.2425,3,4
288(E1),T,H,-1.893,0.4623,4,4
288(E1),T,I,-0.03277,0.05149,15,4
288(E1),T,K,-1.053,0.07911,4,4
288(E1),T,L,-0.5039,0.1282,10.25,4
288(E1),T,M,0.04452,0.1842,2.5,4
288(E1),T,N,-1.062,0.3167,8,4
288(E1),T,P,-7.639,0,5.5,4
288(E1),T,Q,-0.1743,0.2999,11.5,4
288(E1),T,R,-0.1409,0.1826,3.5,4
288(E1),T,S,-1.651,0.3271,5.75,4
288(E1),T,T,0,0,,4
288(E1),T,V,-0.1225,0.2588,4,4
288(E1),T,W,-1.458,0.2391,3,4
288(E1),T,Y,-1.905,0.5953,5,4
288(E2),Y,*,-7.444,0,4,4
288(E2),Y,A,-0.2231,0.1582,8.5,4
288(E2),Y,C,-0.7513,0.2998,5.5,4
288(E2),Y,D,-0.8975,0.4707,5,4
288(E2),Y,E,0.284,0.3852,4,4
288(E2),Y,F,0.3383,0.06616,6,4
288(E2),Y,G,-2.127,0.3503,8,4
288(E2),Y,H,-0.4389,0.672,7.5,4
288(E2),Y,I,-0.762,0.5976,6,4
288(E2),Y,K,-1.956,0.962,5.5,4
288(E2),Y,L,-0.5427,0.246,11,4
288(E2),Y,M,-0.09296,0.3701,6,4
288(E2),Y,N,-0.7323,0.6179,4,4
288(E2),Y,P,-5.59,0,5.5,4
288(E2),Y,Q,-0.5871,0.3356,2.5,4
288(E2),Y,R,-0.5521,0.6193,5.5,4
288(E2),Y,S,-0.6087,0.2183,5.5,4
288(E2),Y,T,-1.179,0.2576,4,4
288(E2),Y,V,-0.7219,0.0732,7,4
288(E2),Y,W,-0.4559,0.1042,6.5,4
288(E2),Y,Y,0,0,,4
289(E1),R,*,-5.82,0,1,2
289(E1),R,-,-0.7131,1.429,1,4
289(E1),R,A,-3.698,0.6807,4,4
289(E1),R,C,-6.934,0,6.5,4
289(E1),R,D,-7.355,0,6,4
289(E1),R,E,-7.294,0,6,4
289(E1),R,F,-3.065,0.4773,10,4
289(E1),R,G,-6.572,0,5,4
289(E1),R,H,-0.3379,0.4814,6,4
289(E1),R,I,-2.167,0.2833,17,4
289(E1),R,K,-0.2234,0.3657,5.5,4
289(E1),R,L,-3.77,0.2775,9,4
289(E1),R,M,-3.33,0.5045,4.5,4
289(E1),R,N,-5.122,0.1745,5.5,4
289(E1),R,P,-4.295,0.1064,8,4
289(E1),R,Q,-5.343,0,6,4
289(E1),R,R,0,0,,4
289(E1),R,S,-5.318,0.1338,7,4
289(E1),R,T,-2.731,0.112,7,4
289(E1),R,V,-0.3623,0.3337,4,4
289(E1),R,W,-0.9968,0.2727,8,4
289(E1),R,Y,-4.103,0.005629,4.5,4
289(E2),P,A,-1.952,0.3945,6,4
289(E2),P,C,-6.103,0,4,4
289(E2),P,D,-7.537,0,3,4
289(E2),P,E,-5.133,0,5.5,4
289(E2),P,F,-7.269,0,6,4
289(E2),P,G,-6.877,0,6,4
289(E2),P,H,-7.438,0,11.5,4
289(E2),P,I,-7.351,0,4.5,4
289(E2),P,K,-7.466,0,4.5,4
289(E2),P,L,-7.598,0,10,4
289(E2),P,M,-7.282,0,5.75,4
289(E2),P,N,-6.372,0,4.5,4
289(E2),P,P,0,0,,4
289(E2),P,Q,-7.181,0,5.5,4
289(E2),P,R,-7.486,0,6.5,4
289(E2),P,S,-4.416,0,12,4
289(E2),P,T,-1.521,1.074,8,4
289(E2),P,V,-2.258,0.9799,3.5,4
289(E2),P,W,-7.448,0,9,4
289(E2),P,Y,-6.235,0,5,4
29(6K),L,-,0.06038,0.08459,1.5,4
29(6K),L,A,0.2092,0.1473,5,4
29(6K),L,C,-0.7042,0.9499,6,4
29(6K),L,D,-1.037,0.4509,6,4
29(6K),L,E,-0.1034,0.4507,7,4
29(6K),L,F,-0.5875,0.07677,4,4
29(6K),L,G,0.1809,0.1623,6.5,4
29(6K),L,H,0.01925,0.3311,8.5,4
29(6K),L,I,0.1822,0.02747,4,4
29(6K),L,K,-1.565,0.387,2.5,4
29(6K),L,L,0,0,,4
29(6K),L,M,0.04508,0.548,7.5,4
29(6K),L,N,-0.6251,0.5225,5,4
29(6K),L,P,0.0654,0.07743,13,4
29(6K),L,Q,-0.1682,0.3313,4,4
29(6K),L,R,-2.583,0.5455,6.5,4
29(6K),L,S,0.05004,0.1278,7.5,4
29(6K),L,T,-0.1317,0.2766,6,4
29(6K),L,V,-0.1641,0.1643,7.5,4
29(6K),L,W,-0.00237,0.08637,9.5,4
29(6K),L,Y,-0.08789,0.1467,6,4
29(E1),L,-,-0.7871,0.01895,2,2
29(E1),L,A,-2.454,0.4646,7,4
29(E1),L,C,-1.27,0.4304,10,4
29(E1),L,D,-7.612,0,9.5,4
29(E1),L,E,-7.55,0,4.5,4
29(E1),L,F,-0.981,0.6836,7.5,4
29(E1),L,G,-7.26,0,6.5,4
29(E1),L,H,-7.46,0,7,4
29(E1),L,I,0.1593,0.04878,12.5,4
29(E1),L,K,-7.538,0,6.5,4
29(E1),L,L,0,0,,4
29(E1),L,M,-0.2512,0.1245,10,4
29(E1),L,N,-7.614,0,7.5,4
29(E1),L,P,-7.619,0,18,4
29(E1),L,Q,-7.551,0,12.5,4
29(E1),L,R,-7.539,0,14.5,4
29(E1),L,S,-7.396,0,5.5,4
29(E1),L,T,-3.872,0.237,5.75,4
29(E1),L,V,-0.04643,0.5484,9,4
29(E1),L,W,-1.665,0.5346,5.5,4
29(E1),L,Y,-3.333,0.7603,8.5,4
29(E2),H,A,-2.093,0.665,5,4
29(E2),H,C,-6.711,0,8,4
29(E2),H,D,-0.5576,0.2655,4,4
29(E2),H,E,-2.042,0.9569,5,4
29(E2),H,F,0.04825,0.2889,6.5,4
29(E2),H,G,-3.638,0.3051,6.5,4
29(E2),H,H,0,0,,4
29(E2),H,I,-0.5867,0.3588,6.5,4
29(E2),H,K,-6.132,0,8.5,4
29(E2),H,L,-3.839,0.2126,10.25,4
29(E2),H,M,-4.119,0.01732,9,4
29(E2),H,N,-2.524,0.2436,10.5,4
29(E2),H,P,-2.301,0.2409,8,4
29(E2),H,Q,-1.799,0.3046,11.25,4
29(E2),H,R,-2.429,0.4026,7,4
29(E2),H,S,-2.333,0.2329,6.5,4
29(E2),H,T,-1.886,0.8864,3.5,4
29(E2),H,V,-1.685,0.4898,9,4
29(E2),H,W,-1.21,0.1242,8,4
29(E2),H,Y,-0.41,0.414,8,4
29(E3),K,*,-6.112,0,0.5,2
29(E3),K,-,-0.358,0.00985,0.5,2
29(E3),K,A,0.00268,0.2542,11.5,4
29(E3),K,C,-0.3916,0.1118,14,4
29(E3),K,D,-1.07,0.8475,9,4
29(E3),K,E,-0.201,0.1636,10,4
29(E3),K,F,0.08878,0.1085,11.5,4
29(E3),K,G,-0.1046,0.1058,8,4
29(E3),K,H,-0.1333,0.212,11,4
29(E3),K,I,-0.04735,0.3589,8.75,4
29(E3),K,K,0,0,,4
29(E3),K,L,-0.3259,0.2278,6.5,4
29(E3),K,M,0.1058,0.2207,8,4
29(E3),K,N,0.05119,0.161,13,4
29(E3),K,P,-1.053,0.1095,11,4
29(E3),K,Q,-0.508,0.3072,17.5,4
29(E3),K,R,0.3397,0.1516,7,4
29(E3),K,S,0.1138,0.4387,8.5,4
29(E3),K,T,0.1346,0.07174,12,4
29(E3),K,V,0.1387,0.2145,7.5,4
29(E3),K,W,-0.3876,0.1838,11.5,4
29(E3),K,Y,-0.01875,0.07195,12.5,4
290(E1),V,-,-5.252,1.333,1.5,4
290(E1),V,A,0.04393,0.1171,4.5,4
290(E1),V,C,-0.8056,1.004,3.5,4
290(E1),V,D,-2.182,0.5183,5.5,4
290(E1),V,E,-0.02698,0.07281,6.5,4
290(E1),V,F,-0.1229,0.4011,7.5,4
290(E1),V,G,-2.17,0.4891,5.5,4
290(E1),V,H,-0.7267,0.7317,6,4
290(E1),V,I,0.07861,0.1327,4.5,4
290(E1),V,K,0.06366,0.1282,5.5,4
290(E1),V,L,0.02587,0.4526,5,4
290(E1),V,M,-0.08354,0.07437,13.25,4
290(E1),V,N,-1.139,0.1855,2.5,4
290(E1),V,P,-5.04,0,6.5,4
290(E1),V,Q,-0.03838,0.1358,5.5,4
290(E1),V,R,-0.484,0.0479,6,4
290(E1),V,S,-0.5793,0.9431,4.5,4
290(E1),V,T,-0.1568,0.1829,5.5,4
290(E1),V,V,0,0,,4
290(E1),V,W,0.03105,0.1316,4,2
290(E1),V,Y,0.0441,0.1598,7,4
290(E2),D,-,-4.839,0.547,0.5,2
290(E2),D,A,-1.269,0.4566,5,4
290(E2),D,C,-3.229,0.4247,8.5,4
290(E2),D,D,0,0,,4
290(E2),D,E,-0.7547,0.2167,11,4
290(E2),D,F,-3.941,0.1076,8.5,4
290(E2),D,G,-4.958,0.1482,7.5,4
290(E2),D,H,-2.923,0.1936,10,4
290(E2),D,I,-2.169,0.4096,6.5,4
290(E2),D,K,-4.913,0,2.5,2
290(E2),D,L,-2.284,0.6824,4.5,4
290(E2),D,M,-1.12,0.9388,4.5,4
290(E2),D,N,-1.249,0.4071,22.25,4
290(E2),D,P,-3.258,0.1418,6,4
290(E2),D,Q,-1.59,0.2685,3,2
290(E2),D,R,-4.931,0,9,4
290(E2),D,S,-1.73,0.765,6,4
290(E2),D,T,-1.771,0.3263,2,4
290(E2),D,V,-1.854,0.2789,6,4
290(E2),D,W,-6.462,0,6.5,4
290(E2),D,Y,-4.438,0.1578,10,4
291(E1),V,-,-0.3266,0.0623,0.5,2
291(E1),V,A,-0.3546,0.3571,3,4
291(E1),V,C,-2.232,0.2384,6.5,4
291(E1),V,D,-0.1861,0.3891,7,4
291(E1),V,E,-0.5852,0.2521,7,4
291(E1),V,F,-0.4309,0.6337,4,4
291(E1),V,G,-0.2172,0.3006,5,4
291(E1),V,H,-1.066,1.001,5,4
291(E1),V,I,-0.1796,0.1852,5,4
291(E1),V,K,-0.2852,0.2517,4.5,4
291(E1),V,L,-0.328,0.2832,7.5,4
291(E1),V,M,0.1374,0.103,11,4
291(E1),V,N,-0.553,0.2025,4.5,4
291(E1),V,P,-1.141,1.195,3,4
291(E1),V,Q,-0.01225,0.1882,6,4
291(E1),V,R,-0.2329,0.3997,4.5,4
291(E1),V,S,-0.02807,0.06289,5,4
291(E1),V,T,-0.6648,0.6656,5,4
291(E1),V,V,0,0,,4
291(E1),V,W,0.2281,0.01605,2,2
291(E1),V,Y,0.07005,0.2082,4.5,4
291(E2),H,A,-1.064,0.8982,3,4
291(E2),H,C,-3.533,0.3806,5.5,4
291(E2),H,D,-6.143,0,5.5,4
291(E2),H,E,-3.997,0.2297,5,4
291(E2),H,F,-0.3055,0.3146,2.5,4
291(E2),H,G,-0.6637,0.4307,2.5,4
291(E2),H,H,0,0,,4
291(E2),H,I,-2.756,0.1037,3.5,4
291(E2),H,K,-4.508,0.2819,4.5,4
291(E2),H,L,-4.074,0.1836,6.5,4
291(E2),H,M,-1.796,0.8376,4.5,4
291(E2),H,N,-0.5595,0.2365,8.75,4
291(E2),H,P,-7.362,0,6.5,4
291(E2),H,Q,-1.05,0.3739,8.5,4
291(E2),H,R,-0.8508,0.6451,5,4
291(E2),H,S,-1.84,0.2403,9,4
291(E2),H,T,-1.747,0.1737,4.5,4
291(E2),H,V,-0.9759,0.5794,2,4
291(E2),H,W,-0.6217,0.2435,5.5,4
291(E2),H,Y,-0.5472,0.7541,8.5,4
292(E1),D,-,-0.1427,0.0366,0.5,2
292(E1),D,A,-1.812,0.5895,8.5,4
292(E1),D,C,-3.324,0.3246,6.5,4
292(E1),D,D,0,0,,4
292(E1),D,E,-0.3894,0.3019,7.5,4
292(E1),D,F,-1.194,1.269,5,4
292(E1),D,G,-5.213,0,9.5,4
292(E1),D,H,-1.284,1.083,7,4
292(E1),D,I,-2.454,0.3251,3.5,4
292(E1),D,K,-2.657,0.5746,4,4
292(E1),D,L,-0.2356,0.2279,3,4
292(E1),D,M,-1.292,0.6516,4.25,4
292(E1),D,N,-0.4478,0.1781,25.25,4
292(E1),D,P,-7.624,0,6,4
292(E1),D,Q,-2.393,0.6847,3,4
292(E1),D,R,-3.239,0.309,2.5,4
292(E1),D,S,-2.519,0.9543,3,4
292(E1),D,T,-4.659,0.06712,7,4
292(E1),D,V,-2.276,0.4665,7,4
292(E1),D,W,-1.608,0.2442,4,4
292(E1),D,Y,-0.4293,0.3554,5,4
292(E2),P,-,-0.0171,0.04568,0.5,2
292(E2),P,A,-1.591,1.097,7,4
292(E2),P,C,-7.252,0,7,4
292(E2),P,D,-0.2262,0.1974,5,4
292(E2),P,E,-0.9768,0.6767,5.5,4
292(E2),P,F,-7.553,0,4,4
292(E2),P,G,-6.13,0,6,4
292(E2),P,H,-5.676,0,9.5,4
292(E2),P,I,-7.321,0,2.5,4
292(E2),P,K,-7.461,0,4.5,4
292(E2),P,L,-7.373,0,8.5,4
292(E2),P,M,-7.47,0,6,4
292(E2),P,N,-7.124,0,2,4
292(E2),P,P,0,0,,4
292(E2),P,Q,-6.958,0.4495,4.5,4
292(E2),P,R,-7.553,0,8,4
292(E2),P,S,-3.888,0.2763,14,4
292(E2),P,T,-6.372,0,6.5,4
292(E2),P,V,-6.877,0,6.5,4
292(E2),P,W,-7.357,0,5.5,4
292(E2),P,Y,-7.531,0,4.5,4
293(E1),A,A,0,0,,4
293(E1),A,C,-2.347,1.005,5,4
293(E1),A,D,-1.199,0.1134,6.5,4
293(E1),A,E,-1.019,0.6781,3.5,4
293(E1),A,F,-7.688,0,8.5,4
293(E1),A,G,-2.59,0.5917,3,4
293(E1),A,H,-5.817,0,4.5,4
293(E1),A,I,-3.984,0.1829,5.5,4
293(E1),A,K,-1.268,0.1956,6,4
293(E1),A,L,-2.828,0.6678,5.5,4
293(E1),A,M,-1.101,0.3033,6.5,4
293(E1),A,N,-2.696,0.8096,2.5,4
293(E1),A,P,-7.514,0,2.5,4
293(E1),A,Q,-1.445,0.2077,3.5,4
293(E1),A,R,-3.343,0.4562,3.5,4
293(E1),A,S,-0.3242,0.3803,8,4
293(E1),A,T,-1.783,0.1877,17,4
293(E1),A,V,-3.411,0.4956,13,4
293(E1),A,W,-7.484,0,4,4
293(E1),A,Y,-7.136,0,3.5,4
293(E2),T,-,-0.5767,0.0114,1,2
293(E2),T,A,-4.324,0.132,9.5,4
293(E2),T,C,-6.059,0,7,4
293(E2),T,D,-7.232,0,5,4
293(E2),T,E,-7.53,0,7.5,4
293(E2),T,F,-7.64,0,7,4
293(E2),T,G,-7.575,0,3.25,4
293(E2),T,H,-7.423,0,6.5,4
293(E2),T,I,-7.244,0,12,4
293(E2),T,K,-7.583,0,9,4
293(E2),T,L,-7.438,0,9.5,4
293(E2),T,M,-7.519,0,5.5,4
293(E2),T,N,-7.591,0,8,4
293(E2),T,P,-7.271,0,8.5,4
293(E2),T,Q,-7.433,0,8.5,4
293(E2),T,R,-7.478,0,10,4
293(E2),T,S,-2.786,0.7458,7.75,4
293(E2),T,T,0,0,,4
293(E2),T,V,-2.178,0.6151,3.5,4
293(E2),T,W,-7.402,0,9,4
293(E2),T,Y,-7.421,0,5,4
294(E1),P,A,-0.7069,0.2246,3,2
294(E1),P,C,-2.852,0.3592,8,4
294(E1),P,D,-7.175,0,4.5,4
294(E1),P,E,-7.504,0,4.5,4
294(E1),P,F,-7.617,0,4,4
294(E1),P,G,-5.412,0.3302,1.5,4
294(E1),P,H,-7.017,0,6,4
294(E1),P,I,-5.488,0,6.5,4
294(E1),P,K,-7.427,0,4,4
294(E1),P,L,-6.814,0,7.5,4
294(E1),P,M,-7.429,0,5.5,4
294(E1),P,N,-6.484,0,2.5,4
294(E1),P,P,0,0,,4
294(E1),P,Q,-7.252,0,6,4
294(E1),P,R,-7.527,0,3,4
294(E1),P,S,-1.376,0.6032,7.5,4
294(E1),P,T,-1.52,0.9697,10,4
294(E1),P,V,-0.4253,0.2989,2.5,4
294(E1),P,W,-7.473,0,6.5,4
294(E1),P,Y,-7.239,0,4.25,4
294(E2),L,-,-0.9332,0.00435,1,2
294(E2),L,A,-6.988,0,3,4
294(E2),L,C,-6.274,0,7,4
294(E2),L,D,-7.571,0,3.5,4
294(E2),L,E,-7.422,0,3.5,4
294(E2),L,F,-4.439,0.3637,7,4
294(E2),L,G,-7.53,0,2.5,4
294(E2),L,H,-7.174,0,6.5,4
294(E2),L,I,-3.533,0.4931,5.5,4
294(E2),L,K,-0.9466,0.2364,4.5,4
294(E2),L,L,0,0,,4
294(E2),L,M,-1.752,0.5056,4.5,4
294(E2),L,N,-7.427,0,6.5,4
294(E2),L,P,-7.558,0,8.5,4
294(E2),L,Q,-3.942,0.2882,3.5,4
294(E2),L,R,-7.189,0,3.5,4
294(E2),L,S,-7.51,0,3.5,4
294(E2),L,T,-7.429,0,5.5,4
294(E2),L,V,-5.749,0.009093,5,4
294(E2),L,W,-6.331,0,4,4
294(E2),L,Y,-5.088,0.7831,3,4
295(E1),S,A,0.08865,0.2181,3.5,4
295(E1),S,C,-2.225,0.478,6.5,4
295(E1),S,D,-0.732,0.1873,4.5,4
295(E1),S,E,-0.785,0.3292,6.5,4
295(E1),S,F,-0.08155,0.602,4,4
295(E1),S,G,-0.2574,0.3109,8,4
295(E1),S,H,-0.1905,0.3634,5,4
295(E1),S,I,-0.04305,0.2307,8.5,4
295(E1),S,K,-3,0.2495,3,2
295(E1),S,L,0.03844,0.05068,4.5,4
295(E1),S,M,0.1638,0.0428,4.5,4
295(E1),S,N,0.03805,0.1906,14.25,4
295(E1),S,P,-2.362,1.116,5.5,4
295(E1),S,Q,-0.548,0.3257,4,4
295(E1),S,R,-0.1792,0.1935,6,4
295(E1),S,S,0,0,,4
295(E1),S,T,-0.0325,0.1148,7.5,4
295(E1),S,V,-0.6899,0.6273,6.5,4
295(E1),S,W,0.1307,0.03121,6,4
295(E1),S,Y,0.04081,0.1614,5,4
295(E2),L,-,-1.151,0.0655,0.5,2
295(E2),L,A,-7.633,0,7,4
295(E2),L,C,-7.495,0,7.5,4
295(E2),L,D,-7.562,0,6,4
295(E2),L,E,-5.951,0.472,4.5,4
295(E2),L,F,-0.2812,0.2397,5.5,4
295(E2),L,G,-7.567,0,8,4
295(E2),L,H,-7.579,0,8,4
295(E2),L,I,-0.187,0.2284,2,4
295(E2),L,K,-7.58,0,6,4
295(E2),L,L,0,0,,4
295(E2),L,M,-2.856,0.5667,8.5,4
295(E2),L,N,-7.545,0,6.5,4
295(E2),L,P,-7.569,0,10,4
295(E2),L,Q,-7.627,0,6,4
295(E2),L,R,-7.486,0,7.5,4
295(E2),L,S,-7.581,0,5,4
295(E2),L,T,-7.322,0,3,4
295(E2),L,V,-1.552,0.6538,4.5,4
295(E2),L,W,-7.625,0,5,4
295(E2),L,Y,-7.45,0,5,4
296(E1),L,A,-0.9719,0.4447,5.5,4
296(E1),L,C,-0.006072,0.0003725,2.5,2
296(E1),L,D,-7.601,0,4.75,4
296(E1),L,E,-7.572,0,4.75,4
296(E1),L,F,-0.5458,0.9847,4,4
296(E1),L,G,-7.575,0,4.5,4
296(E1),L,H,-6.351,0,3.5,4
296(E1),L,I,0.1689,0.08212,6.5,4
296(E1),L,K,-4.144,1.759,2,4
296(E1),L,L,0,0,,4
296(E1),L,M,0.03373,0.08741,8.5,4
296(E1),L,N,-6.691,0,3.5,4
296(E1),L,P,-1.029,0.1206,11,4
296(E1),L,Q,-7.47,0,6,4
296(E1),L,R,-7.575,0,10.5,4
296(E1),L,S,-6.934,0,7.5,4
296(E1),L,T,-0.3115,0.4495,4.5,4
296(E1),L,V,0.02673,0.05566,11,4
296(E1),L,W,-7.413,0,5.5,4
296(E1),L,Y,-4.831,0,8,4
296(E2),S,-,-0.6408,0.0822,0.5,2
296(E2),S,A,-4.987,0,7.5,4
296(E2),S,C,-7.114,0,6,4
296(E2),S,D,-7.543,0,6.75,4
296(E2),S,E,-7.598,0,7,4
296(E2),S,F,-7.282,0,7,4
296(E2),S,G,-3.301,0.3872,9,4
296(E2),S,H,-7.199,0,3.5,4
296(E2),S,I,-7.168,0,11.5,4
296(E2),S,K,-6.535,0,5,4
296(E2),S,L,-7.532,0,6,4
296(E2),S,M,-6.191,0,6,4
296(E2),S,N,-7.596,0,17.75,4
296(E2),S,P,-7.306,0,6,4
296(E2),S,Q,-6.745,0,5.5,4
296(E2),S,R,-7.697,0,11,4
296(E2),S,S,0,0,,4
296(E2),S,T,-4.189,0.334,5.5,4
296(E2),S,V,-7.628,0,6.5,4
296(E2),S,W,-7.591,0,4.5,4
296(E2),S,Y,-7.425,0,5.5,4
297(E1),T,A,-0.5108,0.204,8.75,4
297(E1),T,C,-1.666,0.3285,4.5,4
297(E1),T,D,0.1172,0.2593,5,4
297(E1),T,E,-0.1841,0.09627,3.5,4
297(E1),T,F,0.08821,0.04729,4,4
297(E1),T,G,-0.215,0.1538,2.5,4
297(E1),T,H,-0.2642,0.2648,5,4
297(E1),T,I,0.1513,0.05273,12.5,4
297(E1),T,K,-0.01055,0.2695,6,4
297(E1),T,L,-0.5744,0.1738,2.5,4
297(E1),T,M,-0.06758,0.07056,6.5,4
297(E1),T,N,-0.03417,0.3166,10,4
297(E1),T,P,-2.075,0.5831,4.5,4
297(E1),T,Q,0.09513,0.1626,4.5,4
297(E1),T,R,-0.2884,0.1559,7,4
297(E1),T,S,-0.8262,0.7623,5,4
297(E1),T,T,0,0,,4
297(E1),T,V,-0.04716,0.09493,5,4
297(E1),T,W,0.07851,0.1461,6,4
297(E1),T,Y,-0.03405,0.2869,4,4
297(E2),Y,*,-5.021,0.4292,4,4
297(E2),Y,-,-0.1357,0.07127,0.5,2
297(E2),Y,A,-0.4672,0.4581,8.5,4
297(E2),Y,C,-2.841,0.3498,11,4
297(E2),Y,D,-7.374,0,9.5,4
297(E2),Y,E,-7.194,0,9.5,4
297(E2),Y,F,-0.4705,0.1566,8.5,4
297(E2),Y,G,-7.534,0,6.5,4
297(E2),Y,H,-0.1929,0.1706,8.5,4
297(E2),Y,I,-2.017,0.3892,9,4
297(E2),Y,K,-1.912,0.2827,9,4
297(E2),Y,L,-2.135,0.2528,14,4
297(E2),Y,M,-0.7559,0.1416,7.5,4
297(E2),Y,N,-6.351,0.2364,6.5,4
297(E2),Y,P,-7.47,0,5,4
297(E2),Y,Q,-3.002,0.4066,7,4
297(E2),Y,R,-1.233,0.1466,7.5,4
297(E2),Y,S,0.017,0.6544,4,4
297(E2),Y,T,0.3501,0.1272,2.5,4
297(E2),Y,V,-0.8371,0.365,1.5,4
297(E2),Y,W,-0.1996,0.0637,6.5,4
297(E2),Y,Y,0,0,,4
298(E1),D,-,-5.804,0,2.5,4
298(E1),D,A,-0.3578,0.4217,5,4
298(E1),D,C,-6.701,0,7.5,4
298(E1),D,D,0,0,,4
298(E1),D,E,0.07664,0.06484,9.5,4
298(E1),D,F,-0.5648,0.6953,4.5,4
298(E1),D,G,-0.4429,0.4183,6,4
298(E1),D,H,-0.06729,0.2707,8.25,4
298(E1),D,I,-1.051,0.3528,4,4
298(E1),D,K,0.125,0.07531,4,4
298(E1),D,L,0.0052,0.2056,3.5,4
298(E1),D,M,0.1824,0.05438,5,4
298(E1),D,N,-0.6198,0.2727,23.75,4
298(E1),D,P,-1.503,0.7336,8,4
298(E1),D,Q,-0.218,0.1979,4,4
298(E1),D,R,-0.3055,0.3056,3.5,4
298(E1),D,S,-0.05141,0.09645,4,4
298(E1),D,T,-0.4474,0.2544,5,4
298(E1),D,V,-0.5506,0.1209,8,4
298(E1),D,W,-0.4555,0.2564,4.5,4
298(E1),D,Y,-0.7244,0.1419,9,4
298(E2),R,-,-0.6671,0.0774,0.5,2
298(E2),R,A,-7.394,0,6.5,4
298(E2),R,C,-7.313,0,10,4
298(E2),R,D,-7.537,0,6.5,4
298(E2),R,E,-7.516,0,6.5,4
298(E2),R,F,-7.583,0,6,4
298(E2),R,G,-7.656,0,9.5,4
298(E2),R,H,-7.453,0,3.5,4
298(E2),R,I,-7.563,0,8,4
298(E2),R,K,-7.377,0,4.5,4
298(E2),R,L,-7.522,0,12,4
298(E2),R,M,-7.485,0.09007,4.5,4
298(E2),R,N,-7.552,0,6.5,4
298(E2),R,P,-7.239,0,7,4
298(E2),R,Q,-7.365,0,17.75,4
298(E2),R,R,0,0,,4
298(E2),R,S,-7.559,0,8,4
298(E2),R,T,-7.575,0,13,4
298(E2),R,V,-7.572,0,9,4
298(E2),R,W,-7.402,0,22.5,4
298(E2),R,Y,-7.383,0,5.5,4
299(E1),M,-,0.002415,0.08557,0.5,2
299(E1),M,A,-0.6359,0.6863,3.5,4
299(E1),M,C,-0.4895,0.4508,4,4
299(E1),M,D,-3.36,0.8235,3,4
299(E1),M,E,-1.643,0.2928,5,4
299(E1),M,F,-0.8085,0.7521,6,4
299(E1),M,G,-0.881,0.1753,7,4
299(E1),M,H,-1.491,0.2074,7.5,4
299(E1),M,I,-0.2364,0.06992,17.75,4
299(E1),M,K,-1.726,0.4782,4.5,4
299(E1),M,L,0.0334,0.4315,3.5,4
299(E1),M,M,0,0,,4
299(E1),M,N,-1.547,0.4661,4,4
299(E1),M,P,-0.879,0.2809,6.5,4
299(E1),M,Q,-1.258,0.6755,4,4
299(E1),M,R,-2.202,0.4202,6.5,4
299(E1),M,S,-1.037,0.3656,4,4
299(E1),M,T,-0.4271,0.297,6.5,4
299(E1),M,V,-0.05588,0.2882,6,4
299(E1),M,W,-2.931,0.4532,6,4
299(E1),M,Y,-1.552,0.5009,5,4
299(E2),N,-,-0.8383,0.4801,1,4
299(E2),N,A,0.2562,0.3092,5.5,4
299(E2),N,C,-0.2393,0.2079,7,4
299(E2),N,D,-1.384,0.1463,8.5,4
299(E2),N,E,-0.2179,0.4353,7.5,4
299(E2),N,F,-0.1085,0.2414,8,4
299(E2),N,G,-0.03517,0.1439,5,4
299(E2),N,H,-0.08315,0.3635,6.5,4
299(E2),N,I,0.0693,0.2007,10,4
299(E2),N,K,0.2177,0.179,5.75,4
299(E2),N,L,-0.4934,0.2287,11.5,4
299(E2),N,M,-0.122,0.2603,6,4
299(E2),N,N,0,0,,4
299(E2),N,P,-7.443,0,10,4
299(E2),N,Q,-0.1643,0.3327,5.5,4
299(E2),N,R,0.3102,0.04802,5.75,4
299(E2),N,S,-0.4946,0.3433,5,4
299(E2),N,T,0.2448,0.2137,8.5,4
299(E2),N,V,-0.4362,0.238,5.5,4
299(E2),N,W,-0.2137,0.2772,6.5,4
299(E2),N,Y,-0.1151,0.6593,8,4
3(6K),Y,*,-0.397,0.2929,0.5,2
3(6K),Y,-,-0.3781,0.1562,1.5,4
3(6K),Y,A,-0.4592,0.3874,9.75,4
3(6K),Y,C,-0.07215,0.4039,11,4
3(6K),Y,D,-0.0422,0.747,6.5,4
3(6K),Y,E,0.09087,0.09545,10,4
3(6K),Y,F,-0.3016,0.2848,9,4
3(6K),Y,G,0.1887,0.03129,8,4
3(6K),Y,H,0.01661,0.07757,16,4
3(6K),Y,I,0.01222,0.04427,5.5,4
3(6K),Y,K,-0.35,0.2361,4,4
3(6K),Y,L,-0.01735,0.194,11,4
3(6K),Y,M,-0.04607,0.107,9,4
3(6K),Y,N,0.00795,0.2164,9,4
3(6K),Y,P,0.05046,0.291,7,4
3(6K),Y,Q,-0.03694,0.1708,5.5,4
3(6K),Y,R,0.03485,0.08766,10.5,4
3(6K),Y,S,0.1239,0.02694,6,4
3(6K),Y,T,0.147,0.133,8.5,4
3(6K),Y,V,0.05843,0.1465,7.25,4
3(6K),Y,W,0.1497,0.0172,7.5,4
3(6K),Y,Y,0,0,,4
3(E1),H,-,-0.1756,0.0875,1,2
3(E1),H,A,-6.282,0,4,4
3(E1),H,C,-7.537,0,6.25,4
3(E1),H,D,-7.354,0,3.5,4
3(E1),H,E,-6.742,0,4,4
3(E1),H,F,-7.224,0,6.5,4
3(E1),H,G,-6.758,0,4.5,4
3(E1),H,H,0,0,,4
3(E1),H,I,-6.753,0,3.5,4
3(E1),H,K,-5.326,0.2529,6.5,4
3(E1),H,L,-7.328,0,8,4
3(E1),H,M,-5.968,0,4.5,4
3(E1),H,N,-7.633,0,15,4
3(E1),H,P,-7.569,0,7.5,4
3(E1),H,Q,-4.465,0.1117,11,4
3(E1),H,R,-3.962,0.1293,10,4
3(E1),H,S,-5.418,0,7.5,4
3(E1),H,T,-7.203,0,6.5,4
3(E1),H,V,-7.341,0,6.5,4
3(E1),H,W,-3.562,0.5184,8.5,4
3(E1),H,Y,-3.478,0.4554,13,4
3(E2),K,*,-6.043,0,1,2
3(E2),K,-,-0.5901,0.6016,2,4
3(E2),K,A,0.223,0.1641,10,4
3(E2),K,C,-2.068,0.1138,11,4
3(E2),K,D,0.1489,0.1321,8.5,4
3(E2),K,E,0.3997,0.09756,6,4
3(E2),K,F,-0.0281,0.3321,5,4
3(E2),K,G,-0.4215,0.8742,9,4
3(E2),K,H,0.2216,0.1161,12.5,4
3(E2),K,I,0.2125,0.229,4.5,4
3(E2),K,K,0,0,,4
3(E2),K,L,0.1158,0.1508,7.5,4
3(E2),K,M,-0.1118,0.0803,8.5,4
3(E2),K,N,0.3474,0.1326,11.5,4
3(E2),K,P,-0.0886,0.3776,11,4
3(E2),K,Q,0.1472,0.0204,7.5,4
3(E2),K,R,-0.08769,0.0321,13.5,4
3(E2),K,S,-0.1516,0.5624,8.75,4
3(E2),K,T,-0.002857,0.1047,11.5,4
3(E2),K,V,-0.04655,0.3717,8.5,4
3(E2),K,W,-0.563,0.2778,8,4
3(E2),K,Y,-0.7267,0.3038,4.5,4
3(E3),A,-,-0.2515,0.1016,0.5,2
3(E3),A,A,0,0,,4
3(E3),A,C,0.08886,0.2427,7.5,4
3(E3),A,D,-7.635,0,13,4
3(E3),A,E,-3.119,0.3854,7,4
3(E3),A,F,-0.04855,0.207,10.5,4
3(E3),A,G,-0.6617,0.3299,10,4
3(E3),A,H,-1.344,0.5834,13,4
3(E3),A,I,-0.2067,0.1546,4.5,4
3(E3),A,K,-4.953,0.8862,5.5,4
3(E3),A,L,0.2702,0.09697,11,4
3(E3),A,M,0.3502,0.185,6,4
3(E3),A,N,-0.5266,0.1162,7.5,4
3(E3),A,P,-0.09606,0.2841,9,4
3(E3),A,Q,-0.2477,0.1527,7,4
3(E3),A,R,-3.499,0.2858,12.5,4
3(E3),A,S,-0.1982,0.2251,20,4
3(E3),A,T,0.1081,0.08103,38.25,4
3(E3),A,V,0.1981,0.0788,31.5,4
3(E3),A,W,-0.2708,0.2099,7,4
3(E3),A,Y,-0.2355,0.2433,10.5,4
30(6K),I,*,-7.591,0,8.5,4
30(6K),I,-,0.01526,0.1043,1.5,4
30(6K),I,A,-0.08306,0.1514,10,4
30(6K),I,C,0.1334,0.1681,7.5,4
30(6K),I,D,-1.013,0.5074,6,4
30(6K),I,E,-1.286,0.7523,6,4
30(6K),I,F,-0.1522,0.1049,9,4
30(6K),I,G,-0.167,0.2084,6.5,4
30(6K),I,H,-0.4627,0.3962,7,4
30(6K),I,I,0,0,,4
30(6K),I,K,-2.006,0.4744,3,4
30(6K),I,L,-0.2048,0.4659,11.5,4
30(6K),I,M,-0.6989,0.2486,6.5,4
30(6K),I,N,-0.9233,0.2421,8,4
30(6K),I,P,-0.6442,0.3642,6.5,4
30(6K),I,Q,-0.8645,0.7806,7.5,4
30(6K),I,R,-1.615,0.3129,9,4
30(6K),I,S,0.02139,0.1102,7.5,4
30(6K),I,T,-0.4871,0.09306,5.5,4
30(6K),I,V,-0.1672,0.4133,6.5,4
30(6K),I,W,-0.1526,0.1878,9.5,4
30(6K),I,Y,-0.1281,0.2002,6.5,4
30(E1),E,*,-7.393,0,8.5,4
30(E1),E,-,-2.684,0.214,1.5,2
30(E1),E,A,-1.413,0.1839,9,4
30(E1),E,C,-2.465,0.4152,9.5,4
30(E1),E,D,-0.0896,0.1626,10,4
30(E1),E,E,0,0,,4
30(E1),E,F,-6.649,0,7.5,4
30(E1),E,G,-1.181,0.2276,9.5,4
30(E1),E,H,-2.141,1.001,7.5,4
30(E1),E,I,-0.6952,0.167,7,4
30(E1),E,K,-2.066,0.3768,109.2,4
30(E1),E,L,-2.367,0.1995,10.5,4
30(E1),E,M,-4.38,1.399,7,4
30(E1),E,N,-1.669,0.1134,12.5,4
30(E1),E,P,-6.587,0,11.5,4
30(E1),E,Q,-0.9027,0.2048,10.5,4
30(E1),E,R,-1.648,0.4276,7,4
30(E1),E,S,0.09398,0.1563,6.5,4
30(E1),E,T,-0.1903,0.1004,9,4
30(E1),E,V,-0.8322,0.5548,9.5,4
30(E1),E,W,-6.314,0,7,4
30(E1),E,Y,-4.818,0,9.5,4
30(E2),S,*,-7.414,0,1,2
30(E2),S,A,-7.543,0,6,4
30(E2),S,C,-6.8,0,5,4
30(E2),S,D,-7.397,0,4.5,4
30(E2),S,E,-7.513,0,8.5,4
30(E2),S,F,-7.656,0,12,4
30(E2),S,G,-7.41,0,3,4
30(E2),S,H,-7.403,0,4,4
30(E2),S,I,-7.517,0,8,4
30(E2),S,K,-7.522,0,9,4
30(E2),S,L,-7.585,0,9,4
30(E2),S,M,-7.569,0,7,4
30(E2),S,N,-5.592,0,8.5,4
30(E2),S,P,-7.495,0,10.5,4
30(E2),S,Q,-7.578,0,6.5,4
30(E2),S,R,-7.564,0,7.5,4
30(E2),S,S,0,0,,4
30(E2),S,T,-0.03045,0.4125,9.5,4
30(E2),S,V,-7.45,0,5,4
30(E2),S,W,-7.597,0,7.5,4
30(E2),S,Y,-7.478,0,11,4
30(E3),E,*,-7.58,0,21.5,4
30(E3),E,-,-0.7077,0.028,1,2
30(E3),E,A,0.08255,0.06077,11,4
30(E3),E,C,-0.4845,0.4429,8,4
30(E3),E,D,-0.06735,0.5099,17,4
30(E3),E,E,0,0,,4
30(E3),E,F,0.1496,0.2049,10.5,4
30(E3),E,G,-0.4223,0.276,10,4
30(E3),E,H,0.1268,0.1194,11,4
30(E3),E,I,-0.6303,0.3388,9,4
30(E3),E,K,-0.2152,0.1286,14,4
30(E3),E,L,-0.6341,0.3688,7.5,4
30(E3),E,M,-0.4257,0.4667,13.5,4
30(E3),E,N,-0.4179,0.315,6,4
30(E3),E,P,-7.416,0,11,4
30(E3),E,Q,0.04626,0.2223,8,4
30(E3),E,R,-0.3366,0.5377,9.5,4
30(E3),E,S,-0.1651,0.1057,8.5,4
30(E3),E,T,-0.6452,0.2086,10,4
30(E3),E,V,-0.05728,0.1583,7,4
30(E3),E,W,0.2419,0.2972,9,4
30(E3),E,Y,-0.1207,0.3093,10.5,4
300(E1),S,-,-0.06574,0.1198,1,2
300(E1),S,A,-0.1182,0.07076,5.5,4
300(E1),S,C,-0.334,0.1515,6.5,4
300(E1),S,D,0.08405,0.1211,6,4
300(E1),S,E,0.06456,0.08376,6.75,4
300(E1),S,F,-0.3626,0.2593,10,4
300(E1),S,G,-0.2693,0.2544,7.5,4
300(E1),S,H,-0.1893,0.4218,5,4
300(E1),S,I,-0.0913,0.3397,4.5,4
300(E1),S,K,-0.6987,0.4062,6,4
300(E1),S,L,-0.1241,0.2397,5.5,4
300(E1),S,M,-0.09014,0.1092,6,4
300(E1),S,N,-0.8313,1.136,5,4
300(E1),S,P,-7.652,0,5.5,4
300(E1),S,Q,0.1789,0.143,6,4
300(E1),S,R,-0.5803,0.4391,6,4
300(E1),S,S,0,0,,4
300(E1),S,T,-0.0433,0.222,8.5,4
300(E1),S,V,-0.06308,0.06751,7,4
300(E1),S,W,0.04449,0.01829,6.5,4
300(E1),S,Y,-0.01123,0.06965,13,4
300(E2),M,-,0.05904,0.8527,1.5,4
300(E2),M,A,-6.902,0,6,4
300(E2),M,C,-4.862,0,6,4
300(E2),M,D,-7.516,0,5,4
300(E2),M,E,-7.211,0,4.5,4
300(E2),M,F,-1.629,0.2875,13,4
300(E2),M,G,-5.867,0,3,4
300(E2),M,H,-6.578,0,7,4
300(E2),M,I,-4.542,0.3435,25,4
300(E2),M,K,-7.46,0,7,4
300(E2),M,L,0.2147,0.09021,8,4
300(E2),M,M,0,0,,4
300(E2),M,N,-7.166,0,7,4
300(E2),M,P,-6.984,0,6,4
300(E2),M,Q,-4.787,0,12,4
300(E2),M,R,-5.667,0,5,4
300(E2),M,S,-7.603,0,7,4
300(E2),M,T,-7.217,0,6.5,4
300(E2),M,V,-7.433,0,7,4
300(E2),M,W,-7.275,0,7.5,4
300(E2),M,Y,-0.9205,0.485,8.5,4
301(E1),C,*,-7.513,0,7,4
301(E1),C,-,0.02593,0.09497,1.5,4
301(E1),C,A,-7.634,0,9,4
301(E1),C,C,0,0,,4
301(E1),C,D,-7.546,0,8.5,4
301(E1),C,E,-7.294,0,5.5,4
301(E1),C,F,-7.581,0,9.5,4
301(E1),C,G,-7.614,0,7.5,4
301(E1),C,H,-7.494,0,2.5,4
301(E1),C,I,-7.456,0,7.5,4
301(E1),C,K,-7.603,0,5.5,4
301(E1),C,L,-7.477,0,7.5,4
301(E1),C,M,-3.953,1.883,5,4
301(E1),C,N,-7.637,0,8.5,4
301(E1),C,P,-7.663,0,7,4
301(E1),C,Q,-7.335,0,6,4
301(E1),C,R,-7.486,0,11.5,4
301(E1),C,S,-7.256,0,11.75,4
301(E1),C,T,-7.464,0,8.5,4
301(E1),C,V,-7.591,0,9,4
301(E1),C,W,-7.322,0,7,4
301(E1),C,Y,-7.601,0,18.75,4
301(E2),G,-,-4.478,1.76,2,4
301(E2),G,A,-0.7783,0.5949,7.5,4
301(E2),G,C,-6.485,0,16.5,4
301(E2),G,D,-6.988,0,16,4
301(E2),G,E,-7.326,0,7.5,4
301(E2),G,F,-7.498,0,6,4
301(E2),G,G,0,0,,4
301(E2),G,H,-3.359,0.1799,7,4
301(E2),G,I,-7.542,0,7,4
301(E2),G,K,-4.772,0,5,4
301(E2),G,L,-7.554,0,6.5,4
301(E2),G,M,-7.553,0,5,4
301(E2),G,N,-1.814,0.4551,3.5,4
301(E2),G,P,-7.188,0,7,4
301(E2),G,Q,-6.175,0,3,4
301(E2),G,R,-6.32,0,9,4
301(E2),G,S,-6.744,0,16,4
301(E2),G,T,-4.639,2.006,3,4
301(E2),G,V,-7.537,0,10.5,4
301(E2),G,W,-7.338,0,11,4
301(E2),G,Y,-7.558,0,5.5,4
302(E1),E,*,-2.728,1.82,4.5,4
302(E1),E,-,-0.1795,0.4837,3,4
302(E1),E,A,0.0286,0.05056,8,4
302(E1),E,C,-4.861,0.03204,6,4
302(E1),E,D,0.02852,0.09102,10,4
302(E1),E,E,0,0,,4
302(E1),E,F,-0.05603,0.1105,10.25,4
302(E1),E,G,-0.9656,1.005,10.75,4
302(E1),E,H,0.00288,0.1058,9,4
302(E1),E,I,0.09278,0.0594,10.75,4
302(E1),E,K,-0.1396,0.135,16.5,4
302(E1),E,L,0.0379,0.4884,2.5,4
302(E1),E,M,-0.3293,0.2402,8,4
302(E1),E,N,0.07511,0.4267,4,4
302(E1),E,P,-7.4,0,7,4
302(E1),E,Q,-0.2065,0.2717,5.5,4
302(E1),E,R,-0.4957,0.2072,5,4
302(E1),E,S,-0.2049,0.2237,7.5,4
302(E1),E,T,-0.5835,0.9597,5,4
302(E1),E,V,0.1663,0.09484,6.5,4
302(E1),E,W,-0.2319,0.2084,6,4
302(E1),E,Y,-0.666,0.3334,7.5,4
302(E2),E,*,-7.502,0,4.5,4
302(E2),E,-,-0.0515,0.5022,1.5,4
302(E2),E,A,0.3104,0.3521,6,4
302(E2),E,C,-0.8468,0.1271,5,4
302(E2),E,D,-0.7903,0.04708,16.5,4
302(E2),E,E,0,0,,4
302(E2),E,F,0.03995,0.4722,9,4
302(E2),E,G,-0.4043,0.2372,7.5,4
302(E2),E,H,-0.06838,0.3288,6.5,4
302(E2),E,I,-0.5478,0.2327,7.5,4
302(E2),E,K,0.2158,0.06941,43.75,4
302(E2),E,L,0.0146,0.3123,4.5,4
302(E2),E,M,0.0138,0.4603,8,4
302(E2),E,N,-0.9488,0.2787,6,4
302(E2),E,P,0.1503,0.1031,12,4
302(E2),E,Q,0.3271,0.3243,6.5,4
302(E2),E,R,0.4273,0.06798,9,4
302(E2),E,S,0.2324,0.1712,5,4
302(E2),E,T,-1.038,0.6574,6.5,4
302(E2),E,V,-0.3136,0.1064,7,4
302(E2),E,W,-0.5132,0.106,7,4
302(E2),E,Y,-0.5862,0.9434,5,4
303(E1),V,-,-0.4822,0.297,3,4
303(E1),V,A,-0.9424,0.3121,5.5,4
303(E1),V,C,-0.2002,0.3283,6.5,4
303(E1),V,D,-7.627,0,7,4
303(E1),V,E,-7.486,0,5,4
303(E1),V,F,-7.404,0,8.5,4
303(E1),V,G,-4.844,0.3031,5.5,4
303(E1),V,H,-7.588,0,10,4
303(E1),V,I,0.01719,0.2637,6.5,4
303(E1),V,K,-7.643,0,6.5,4
303(E1),V,L,-6.34,0,8,4
303(E1),V,M,-7.434,0,17.5,4
303(E1),V,N,-4.322,0.4088,5.5,4
303(E1),V,P,-7.341,0,6.25,4
303(E1),V,Q,-7.522,0,6.5,4
303(E1),V,R,-5.067,0.7538,6,4
303(E1),V,S,-0.4466,0.115,5.5,4
303(E1),V,T,-0.2046,0.3983,4.5,4
303(E1),V,V,0,0,,4
303(E1),V,W,-7.303,0,6,4
303(E1),V,Y,-5.786,0,6,4
303(E2),E,*,-7.03,0,4,4
303(E2),E,-,-0.05426,0.2114,1.5,4
303(E2),E,A,-0.2503,0.3731,9.5,4
303(E2),E,C,-0.6159,0.5824,3.5,4
303(E2),E,D,0.01828,0.363,6.5,4
303(E2),E,E,0,0,,4
303(E2),E,F,0.4534,0.225,10,4
303(E2),E,G,-2.819,0.4151,10,4
303(E2),E,H,0.4569,0.1238,7,4
303(E2),E,I,-0.0615,0.1607,4.5,4
303(E2),E,K,0.2855,0.1103,25.25,4
303(E2),E,L,-0.1739,0.2014,8,4
303(E2),E,M,-0.01772,0.112,6,4
303(E2),E,N,0.3929,0.1011,6.5,4
303(E2),E,P,-7.266,0,6,4
303(E2),E,Q,0.1447,0.11,9,4
303(E2),E,R,0.2501,0.1091,5.5,4
303(E2),E,S,-0.04043,0.1299,6,4
303(E2),E,T,0.4133,0.1045,6,4
303(E2),E,V,-0.1694,0.06841,9.5,4
303(E2),E,W,0.2851,0.242,9.5,4
303(E2),E,Y,0.2048,0.1132,8.5,4
304(E1),P,*,-0.09435,0.00775,0.5,2
304(E1),P,-,-0.3138,0.2181,3,4
304(E1),P,A,0.0085,0.1275,6,4
304(E1),P,C,-1.342,0.8601,5.5,4
304(E1),P,D,-1.012,0.1337,6.5,4
304(E1),P,E,-0.00287,0.2429,3,4
304(E1),P,F,-0.531,0.7774,5.5,4
304(E1),P,G,-2.155,1.581,4.5,4
304(E1),P,H,-0.7275,0.437,8.5,4
304(E1),P,I,0.1613,0.02032,5,4
304(E1),P,K,-0.5204,1.252,5.25,4
304(E1),P,L,-0.0741,0.43,8.5,4
304(E1),P,M,-0.05355,0.1882,3,4
304(E1),P,N,-0.2779,0.3342,4,4
304(E1),P,P,0,0,,4
304(E1),P,Q,0.04895,0.05004,4.5,4
304(E1),P,R,-0.5873,0.6426,4.5,4
304(E1),P,S,-0.02882,0.1052,52.5,4
304(E1),P,T,-0.1691,0.3011,8.5,4
304(E1),P,V,-0.2125,0.2307,8.5,4
304(E1),P,W,-1.211,0.4974,6,4
304(E1),P,Y,-0.9883,0.4381,3,4
304(E2),P,*,-6.652,0,0.5,2
304(E2),P,-,-0.0736,0.4814,1.5,4
304(E2),P,A,-0.0441,0.1733,4.5,4
304(E2),P,C,-7.005,0,8.5,4
304(E2),P,D,-7.132,0,3,4
304(E2),P,E,-7.107,0,7,4
304(E2),P,F,-7.131,0,7.5,4
304(E2),P,G,-5.199,0,8.5,4
304(E2),P,H,-7.596,0,11.5,4
304(E2),P,I,-7.46,0,8,4
304(E2),P,K,-7.226,0,3.5,4
304(E2),P,L,-7.428,0,8.75,4
304(E2),P,M,-6.962,0,7.5,4
304(E2),P,N,-7.484,0,5,4
304(E2),P,P,0,0,,4
304(E2),P,Q,-6.819,0,5.5,4
304(E2),P,R,-7.486,0,11.5,4
304(E2),P,S,-0.1372,0.1984,11,4
304(E2),P,T,-2.185,0.4116,7,4
304(E2),P,V,-2.302,1.226,5,4
304(E2),P,W,-7.091,0,7,4
304(E2),P,Y,-7.394,0,4.5,4
305(E1),A,-,0.06193,0.1537,3,4
305(E1),A,A,0,0,,4
305(E1),A,C,-4.39,0.07015,4.5,4
305(E1),A,D,-0.9727,0.1852,9,4
305(E1),A,E,-0.58,0.2739,4,4
305(E1),A,F,0.02162,0.1627,6,4
305(E1),A,G,-0.202,0.3219,8,4
305(E1),A,H,-0.298,0.5231,7,4
305(E1),A,I,-0.1867,0.2198,6.75,4
305(E1),A,K,-0.3429,0.5263,3.5,4
305(E1),A,L,-0.2143,0.1789,5,4
305(E1),A,M,-0.2642,0.3931,3.5,4
305(E1),A,N,-0.4283,0.7265,3,4
305(E1),A,P,-2.524,1.733,2.5,4
305(E1),A,Q,-0.04725,0.2402,4,4
305(E1),A,R,-0.1131,0.2698,7.5,4
305(E1),A,S,-0.09775,0.07851,6,4
305(E1),A,T,-0.1499,0.4113,16.5,4
305(E1),A,V,-0.09627,0.1861,17,4
305(E1),A,W,-0.07635,0.3283,6,4
305(E1),A,Y,-1.089,0.1306,3.5,4
305(E2),N,*,-0.5977,0.1623,0.5,2
305(E2),N,-,0.01985,0.2063,1,4
305(E2),N,A,-0.04495,0.4268,7.5,4
305(E2),N,C,-1.377,0.4999,12,4
305(E2),N,D,-0.4193,0.1866,7.5,4
305(E2),N,E,-1.427,0.1959,7.5,4
305(E2),N,F,-2.245,0.2428,7.5,4
305(E2),N,G,-0.7611,0.3674,7.5,4
305(E2),N,H,-0.2977,0.1048,10,4
305(E2),N,I,-5.785,0,8,4
305(E2),N,K,-0.04655,0.5069,10,4
305(E2),N,L,-1.176,0.4158,6,4
305(E2),N,M,-0.4181,0.3125,9,4
305(E2),N,N,0,0,,4
305(E2),N,P,-7.38,0,6.5,4
305(E2),N,Q,-0.5826,0.1077,6,4
305(E2),N,R,-0.4223,0.4658,8.5,4
305(E2),N,S,-0.7248,0.4004,9.5,4
305(E2),N,T,-2.95,0.7,5.5,4
305(E2),N,V,-3.074,0.4373,6,4
305(E2),N,W,-4.386,0.6781,7.5,4
305(E2),N,Y,-1.829,0.354,12,4
306(E1),C,*,-7.446,0,1.5,4
306(E1),C,-,0.1105,0.1219,3,4
306(E1),C,A,-7.461,0,4.5,4
306(E1),C,C,0,0,,4
306(E1),C,D,-6.767,0,6,4
306(E1),C,E,-7.303,0,6.5,4
306(E1),C,F,-7.569,0,11.5,4
306(E1),C,G,-7.543,0,8,4
306(E1),C,H,-7.559,0,5,4
306(E1),C,I,-7.431,0,2,4
306(E1),C,K,-7.59,0,2.5,4
306(E1),C,L,-7.64,0,5.5,4
306(E1),C,M,-7.478,0,5,4
306(E1),C,N,-7.463,0,6,4
306(E1),C,P,-7.396,0,5,4
306(E1),C,Q,-7.603,0,4.5,4
306(E1),C,R,-7.531,0,15.5,4
306(E1),C,S,-7.505,0,10.5,4
306(E1),C,T,-7.379,0,5,4
306(E1),C,V,-7.289,0,8,4
306(E1),C,W,-7.62,0,5.5,4
306(E1),C,Y,-7.742,0,28.5,4
306(E2),Y,*,-7.497,0,2,4
306(E2),Y,-,-3.77,1.707,1.5,4
306(E2),Y,A,-2.094,0.3378,5.5,4
306(E2),Y,C,-7.535,0,3.5,4
306(E2),Y,D,-7.502,0,5,4
306(E2),Y,E,-7.314,0,4.5,4
306(E2),Y,F,-0.2969,0.2002,5.5,4
306(E2),Y,G,-7.42,0,6.5,4
306(E2),Y,H,-1.651,0.1052,10,4
306(E2),Y,I,-7.635,0,6.75,4
306(E2),Y,K,-7.305,0,8.25,4
306(E2),Y,L,-6.724,0,8.5,4
306(E2),Y,M,-6.149,0,9.5,4
306(E2),Y,N,-6.2,0,10,4
306(E2),Y,P,-0.6255,0.528,3.5,4
306(E2),Y,Q,-7.253,0,7.5,4
306(E2),Y,R,-7.177,0,8,4
306(E2),Y,S,-3.703,0.6491,10,4
306(E2),Y,T,-7.457,0,8,4
306(E2),Y,V,-6.904,0,6.5,4
306(E2),Y,W,-4.767,0,7,4
306(E2),Y,Y,0,0,,4
307(E1),T,-,-0.05815,0.06031,3,4
307(E1),T,A,-1.252,0.1673,14.5,4
307(E1),T,C,-3.172,0.05955,7.5,4
307(E1),T,D,-3.78,0.6243,6,4
307(E1),T,E,-0.1527,0.5133,6.5,4
307(E1),T,F,-0.707,0.1332,4,4
307(E1),T,G,-3.59,0.4972,5,4
307(E1),T,H,-1.92,0.6202,5.5,4
307(E1),T,I,0.07925,0.02403,16,4
307(E1),T,K,-2.126,0.2561,13.5,4
307(E1),T,L,-1.088,0.4595,9.5,4
307(E1),T,M,-0.1378,0.1457,6.5,4
307(E1),T,N,-1.996,0.2262,6.5,4
307(E1),T,P,-7.402,0,8.75,4
307(E1),T,Q,0.08235,0.3522,3.25,4
307(E1),T,R,-1.185,0.2243,5,4
307(E1),T,S,-1.059,0.2038,9,4
307(E1),T,T,0,0,,4
307(E1),T,V,-0.1699,0.2512,8.5,4
307(E1),T,W,-1.405,0.2369,6.5,4
307(E1),T,Y,-0.3829,0.3948,6,4
307(E2),Q,*,-6.207,0,3,4
307(E2),Q,-,-2.902,2.123,1.5,4
307(E2),Q,A,-0.03055,0.1894,9.5,4
307(E2),Q,C,-1.052,0.4624,6.5,4
307(E2),Q,D,-2.323,0.2685,5,4
307(E2),Q,E,-0.3125,0.4603,6.5,4
307(E2),Q,F,0.006325,0.2569,4.25,4
307(E2),Q,G,0.0133,0.2361,7,4
307(E2),Q,H,-0.3243,0.3027,8,4
307(E2),Q,I,-0.5942,0.8752,6,4
307(E2),Q,K,-0.1609,0.326,6.5,4
307(E2),Q,L,-2.903,0.4131,7.5,4
307(E2),Q,M,-0.2009,0.09916,6,4
307(E2),Q,N,-0.6929,0.3265,5.5,4
307(E2),Q,P,-7.172,0,7,4
307(E2),Q,Q,0,0,,4
307(E2),Q,R,-0.3045,0.4418,7.5,4
307(E2),Q,S,0.055,0.4621,11,4
307(E2),Q,T,-0.7955,1.034,4,4
307(E2),Q,V,-1.013,0.06272,5.5,4
307(E2),Q,W,-0.6914,0.3064,7,4
307(E2),Q,Y,-0.0465,0.1597,7,4
308(E1),H,-,0.01109,0.09498,3,4
308(E1),H,A,-0.0765,0.2095,2,4
308(E1),H,C,-0.03748,0.126,5.5,4
308(E1),H,D,-5.595,0.4414,4.5,4
308(E1),H,E,-2.801,0.8781,5,4
308(E1),H,F,0.07726,0.1455,5,4
308(E1),H,G,-4.04,0.03724,3.5,4
308(E1),H,H,0,0,,4
308(E1),H,I,-4.941,0.3988,9,4
308(E1),H,K,-1.583,0.4585,6,4
308(E1),H,L,-2.804,0.6226,7,4
308(E1),H,M,-0.6288,0.5703,6.5,4
308(E1),H,N,-7.557,0,10,4
308(E1),H,P,-7.484,0,7,4
308(E1),H,Q,-0.02885,0.4765,9.5,4
308(E1),H,R,0.0283,0.09798,7,4
308(E1),H,S,0.0541,0.3782,4,4
308(E1),H,T,-0.1169,0.2749,8.5,4
308(E1),H,V,-1.782,0.2207,5.5,4
308(E1),H,W,0.02543,0.08809,6.5,4
308(E1),H,Y,-0.001863,0.03008,11.75,4
308(E2),E,*,-6.336,0,5.5,4
308(E2),E,-,-3.215,1.912,1.5,4
308(E2),E,A,-1.88,0.2343,5.5,4
308(E2),E,C,-2.229,0.5883,4,4
308(E2),E,D,-1.793,0.09858,10.5,4
308(E2),E,E,0,0,,4
308(E2),E,F,-2.301,0.6402,6.5,4
308(E2),E,G,-5.47,0,8,4
308(E2),E,H,-3.599,0.5333,4.5,4
308(E2),E,I,-7.562,0,5,4
308(E2),E,K,-5.973,0,17,4
308(E2),E,L,-7.41,0,10,4
308(E2),E,M,-3.736,0.2791,5.5,4
308(E2),E,N,-5.123,0,9.5,4
308(E2),E,P,-7.634,0,12.5,4
308(E2),E,Q,-0.2148,0.4369,3.5,4
308(E2),E,R,-7.242,0,5.5,4
308(E2),E,S,-1.456,0.4173,4,4
308(E2),E,T,-7.168,0,8.5,4
308(E2),E,V,-6.431,0,7.5,4
308(E2),E,W,-2.855,0.5489,4,4
308(E2),E,Y,-3.252,0.6858,7,4
309(E1),S,-,-3.774,1.788,4.5,4
309(E1),S,A,-1.659,0.6902,7,4
309(E1),S,C,-6.662,0,6.5,4
309(E1),S,D,-3.309,0.2291,6,4
309(E1),S,E,-2.614,0.715,4.5,4
309(E1),S,F,-7.381,0,8,4
309(E1),S,G,-0.6336,0.7156,7.5,4
309(E1),S,H,-2.166,0.3085,6,4
309(E1),S,I,-7.084,0,8.5,4
309(E1),S,K,-3.88,0.4393,7.5,4
309(E1),S,L,-5.635,0,7.5,4
309(E1),S,M,-3.647,0.3587,4,4
309(E1),S,N,-2.2,0.5951,18.5,4
309(E1),S,P,-7.415,0,7.25,4
309(E1),S,Q,-3.674,0.5877,7,4
309(E1),S,R,-4.994,0,10.25,4
309(E1),S,S,0,0,,4
309(E1),S,T,-3.159,0.6354,7.5,4
309(E1),S,V,-7.454,0,6,4
309(E1),S,W,-6.796,0,5,4
309(E1),S,Y,-6.602,0,4.5,4
309(E2),E,*,-7.357,0,7,4
309(E2),E,-,-2.643,1.795,1.5,4
309(E2),E,A,-1.671,0.5101,12,4
309(E2),E,C,-1.181,0.2347,10.25,4
309(E2),E,D,-1.426,0.9728,7.5,4
309(E2),E,E,0,0,,4
309(E2),E,F,-0.555,0.1324,8,4
309(E2),E,G,-4.938,0,9,4
309(E2),E,H,-1.056,0.3899,6.5,4
309(E2),E,I,0.08427,0.1845,10,4
309(E2),E,K,-2.681,0.1669,33,4
309(E2),E,L,-1.338,0.8637,5.5,4
309(E2),E,M,-0.3399,0.4396,7.5,4
309(E2),E,N,-2.841,0.1133,6,4
309(E2),E,P,-7.648,0,8,4
309(E2),E,Q,-0.1961,0.1396,5.5,4
309(E2),E,R,-3.476,0.582,6,4
309(E2),E,S,-1.863,0.5035,6.5,4
309(E2),E,T,-1.143,0.6445,5.5,4
309(E2),E,V,-0.4166,0.4708,8.5,4
309(E2),E,W,-2.835,0.0867,11,4
309(E2),E,Y,-1.211,0.3906,9.5,4
31(6K),V,-,0.0154,0.09283,1.5,4
31(6K),V,A,0.1392,0.1387,13.75,4
31(6K),V,C,-0.0586,0.1436,7.5,4
31(6K),V,D,-0.494,0.06954,7.5,4
31(6K),V,E,-0.2191,0.5885,8.5,4
31(6K),V,F,0.006224,0.06886,9.5,4
31(6K),V,G,-0.2374,0.1085,9,4
31(6K),V,H,0.1218,0.18,6,4
31(6K),V,I,-0.06296,0.13,9,4
31(6K),V,K,-0.8118,0.7907,8.5,4
31(6K),V,L,0.01906,0.1339,12.5,4
31(6K),V,M,0.0371,0.07014,21.5,4
31(6K),V,N,-0.06044,0.1725,12.5,4
31(6K),V,P,-0.2841,0.2373,10.5,4
31(6K),V,Q,0.1823,0.312,8,4
31(6K),V,R,-1.206,0.5667,9,4
31(6K),V,S,-0.03834,0.2052,10.5,4
31(6K),V,T,-0.00852,0.1383,10,4
31(6K),V,V,0,0,,4
31(6K),V,W,-0.1377,0.2257,11,4
31(6K),V,Y,0.06936,0.06222,6.5,4
31(E1),M,-,-1.546,0.0765,1,2
31(E1),M,A,-0.3598,0.1562,8.5,4
31(E1),M,C,-0.8494,0.1528,5,4
31(E1),M,D,-7.43,0,7,4
31(E1),M,E,-6.822,0,10,4
31(E1),M,F,-0.4488,0.4082,8,4
31(E1),M,G,-7.255,0,8.5,4
31(E1),M,H,-1.573,0.2817,10,4
31(E1),M,I,0.01581,0.04189,37,4
31(E1),M,K,-7.29,0,6.5,4
31(E1),M,L,0.129,0.2417,10,4
31(E1),M,M,0,0,,4
31(E1),M,N,-4.032,0.2194,11.5,4
31(E1),M,P,-7.558,0,6.5,4
31(E1),M,Q,-1.899,0.518,9,4
31(E1),M,R,-7.479,0,12,4
31(E1),M,S,-2.454,0.2756,11.5,4
31(E1),M,T,-0.2564,0.1864,5,4
31(E1),M,V,-0.1812,0.1587,7.5,4
31(E1),M,W,-0.07376,0.116,9,4
31(E1),M,Y,0.2096,0.05389,3.5,4
31(E2),P,A,0.0201,0.4516,6.5,4
31(E2),P,C,-3.484,0.2723,7,4
31(E2),P,D,-7.381,0,9,4
31(E2),P,E,-5.454,0.2585,6.5,4
31(E2),P,F,-7.181,0,6.5,4
31(E2),P,G,-3.391,0.4196,8,4
31(E2),P,H,-6.778,0,11.5,4
31(E2),P,I,-7.393,0,7.5,4
31(E2),P,K,-2.122,1.123,5,4
31(E2),P,L,-7.187,0,9.75,4
31(E2),P,M,-1.395,0.3492,7.25,4
31(E2),P,N,-2.679,0.103,7.5,4
31(E2),P,P,0,0,,4
31(E2),P,Q,-3.015,0.603,5,4
31(E2),P,R,-2.308,0.396,9.5,4
31(E2),P,S,-0.4607,0.3959,8,4
31(E2),P,T,-2.042,0.6418,8,4
31(E2),P,V,-2.529,0.2489,7,4
31(E2),P,W,-7.662,0,8,4
31(E2),P,Y,-7.305,0,7.5,4
31(E3),P,-,-0.1064,0.01155,1.5,2
31(E3),P,A,-0.1726,0.198,10,4
31(E3),P,C,-0.373,0.3654,9,4
31(E3),P,D,-0.347,0.2268,9,4
31(E3),P,E,-0.147,0.3631,7.5,4
31(E3),P,F,-1.54,0.07099,7.5,4
31(E3),P,G,-0.1758,0.1598,6.5,4
31(E3),P,H,-0.1428,0.1091,11,4
31(E3),P,I,-2.801,0.4971,8,4
31(E3),P,K,-1.128,0.202,5,4
31(E3),P,L,-2.364,0.5965,10.5,4
31(E3),P,M,0.4966,0.2699,10,4
31(E3),P,N,-0.4852,0.2641,6.5,4
31(E3),P,P,0,0,,4
31(E3),P,Q,-0.7671,0.1992,6,4
31(E3),P,R,-1.168,0.3949,5,4
31(E3),P,S,-0.2021,0.2699,34,4
31(E3),P,T,-0.4518,0.07497,14.5,4
31(E3),P,V,-2.234,1.254,5.5,4
31(E3),P,W,-1.774,0.07431,11.5,4
31(E3),P,Y,-1.566,0.1381,8,4
310(E1),S,-,-0.06994,0.1765,3.5,4
310(E1),S,A,0.04833,0.1561,4.5,4
310(E1),S,C,-2.559,0.306,8,4
310(E1),S,D,-2.796,0.4344,10,4
310(E1),S,E,-1.294,0.6283,7.5,4
310(E1),S,F,0.1004,0.2366,8.5,4
310(E1),S,G,-0.9662,0.2258,9.5,4
310(E1),S,H,0.1129,0.1636,11.5,4
310(E1),S,I,-1.932,0.4081,12.5,4
310(E1),S,K,-1.365,0.3011,7.75,4
310(E1),S,L,-0.997,0.2754,7,4
310(E1),S,M,-0.3547,0.2763,8.5,4
310(E1),S,N,0.1637,0.05692,19,4
310(E1),S,P,-7.527,0,5.5,4
310(E1),S,Q,-0.4923,0.3851,4,4
310(E1),S,R,-2.984,0.3688,9,4
310(E1),S,S,0,0,,4
310(E1),S,T,-0.4738,0.896,5.5,4
310(E1),S,V,-0.7943,0.3581,7,4
310(E1),S,W,-0.5494,0.2934,7.5,4
310(E1),S,Y,0.0852,0.3297,11.5,4
310(E2),W,*,-7.457,0,17.5,4
310(E2),W,-,-3.396,2.015,1.5,4
310(E2),W,A,-7.54,0,4.5,4
310(E2),W,C,-7.658,0,23.5,4
310(E2),W,D,-7.226,0,6.5,4
310(E2),W,E,-7.546,0,5,4
310(E2),W,F,-7.48,0,11,4
310(E2),W,G,-7.282,0,6.5,4
310(E2),W,H,-7.633,0,8,4
310(E2),W,I,-7.668,0,8.5,4
310(E2),W,K,-7.539,0,5,4
310(E2),W,L,-7.382,0,11.5,4
310(E2),W,M,-7.244,0,6.5,4
310(E2),W,N,-7.35,0,7,4
310(E2),W,P,-7.505,0,9.5,4
310(E2),W,Q,-7.518,0,5.5,4
310(E2),W,R,-7.506,0,9.5,4
310(E2),W,S,-7.48,0,9,4
310(E2),W,T,-7.294,0,12,4
310(E2),W,V,-7.14,0,5,4
310(E2),W,W,0,0,,4
310(E2),W,Y,-7.355,0,6,4
311(E1),D,-,-0.0982,0.1356,2.5,4
311(E1),D,A,-1.639,0.5703,9,4
311(E1),D,C,-7.498,0,7,4
311(E1),D,D,0,0,,4
311(E1),D,E,-1.506,0.9409,5,4
311(E1),D,F,-0.621,0.4898,7.5,4
311(E1),D,G,-0.305,0.1464,6,4
311(E1),D,H,-4.429,0.5265,6,4
311(E1),D,I,-6.985,0,11,4
311(E1),D,K,-7.457,0,6,4
311(E1),D,L,-7.218,0,5.5,4
311(E1),D,M,-5.812,0.009526,5,4
311(E1),D,N,-0.2285,0.1044,29,4
311(E1),D,P,-7.498,0,9,4
311(E1),D,Q,-2.97,0.1929,6,4
311(E1),D,R,-6.912,0,9,4
311(E1),D,S,-0.4517,0.3329,7.5,4
311(E1),D,T,-2.506,0.3003,12,4
311(E1),D,V,-7.589,0,10,4
311(E1),D,W,-2.888,1.619,3.25,4
311(E1),D,Y,-2.739,0.3494,12,4
311(E2),V,-,-0.485,0.4272,1.5,4
311(E2),V,A,-7.536,0,6.5,4
311(E2),V,C,-6.452,0,6.5,4
311(E2),V,D,-7.549,0,9,4
311(E2),V,E,-7.327,0,7.25,4
311(E2),V,F,-5.857,0,9.5,4
311(E2),V,G,-7.426,0,8.5,4
311(E2),V,H,-7.181,0,9,4
311(E2),V,I,0.00483,0.05785,16,4
311(E2),V,K,-7.569,0,7.5,4
311(E2),V,L,-2.371,0.608,9,4
311(E2),V,M,-4.505,0.03897,4.5,4
311(E2),V,N,-7.546,0,8.5,4
311(E2),V,P,-7.611,0,8.5,4
311(E2),V,Q,-7.398,0,5.5,4
311(E2),V,R,-7.529,0,6,4
311(E2),V,S,-7.597,0,7.5,4
311(E2),V,T,-7.498,0,8.5,4
311(E2),V,V,0,0,,4
311(E2),V,W,-7.413,0,7,4
311(E2),V,Y,-6.844,0,8.5,4
312(E1),F,-,-0.2001,0.1842,3,4
312(E1),F,A,-1.674,0.3031,11,4
312(E1),F,C,-7.367,0,11,4
312(E1),F,D,-6.531,0,9,4
312(E1),F,E,-6.301,0,8,4
312(E1),F,F,0,0,,4
312(E1),F,H,-7.723,0,13.5,4
312(E1),F,I,-3.553,0.1899,10,4
312(E1),F,K,-7.309,0,10,4
312(E1),F,L,-4.415,0,19.5,4
312(E1),F,M,-0.7277,0.1565,7.75,4
312(E1),F,N,-6.652,0,9,4
312(E1),F,P,-4.954,0,8.5,4
312(E1),F,Q,-6.9,0,12,4
312(E1),F,R,-7.503,0,10.5,4
312(E1),F,S,-3.021,0.184,11,4
312(E1),F,T,-6.508,0,9.75,4
312(E1),F,V,-3.332,0.4145,8.5,4
312(E1),F,W,-2.443,0.2975,11,4
312(E1),F,Y,-0.2895,0.4244,11.25,4
312(E2),T,-,0.2424,0.07475,0.5,2
312(E2),T,A,-0.4047,0.3899,4,4
312(E2),T,C,-0.105,0.04413,6.5,4
312(E2),T,D,-0.0918,0.2973,6,4
312(E2),T,E,0.02162,0.05893,7.75,4
312(E2),T,F,-0.371,0.1794,9,4
312(E2),T,G,-1.739,0.3007,7.5,4
312(E2),T,H,-0.46,0.4875,5.5,4
312(E2),T,I,-0.3116,0.08908,9,4
312(E2),T,K,-0.9443,0.3328,4.5,4
312(E2),T,L,-0.7214,0.1275,6,4
312(E2),T,M,-0.2678,0.504,5,4
312(E2),T,N,-0.1643,0.3451,7,4
312(E2),T,P,-3.068,0.3289,11,4
312(E2),T,Q,-0.63,0.2452,4.5,4
312(E2),T,R,-1.343,0.6802,5,4
312(E2),T,S,-0.5057,0.7102,6,4
312(E2),T,T,0,0,,4
312(E2),T,V,-0.1575,0.0832,7,4
312(E2),T,W,-1.212,0.215,5.5,4
312(E2),T,Y,-0.7921,0.25,6,4
313(E1),G,-,-0.1484,0.1694,2.5,2
313(E1),G,A,-0.7252,0.1571,19,4
313(E1),G,C,-0.8105,0.1958,19,4
313(E1),G,D,-0.1652,0.2871,20.5,4
313(E1),G,E,-1.82,0.4045,10,4
313(E1),G,F,-5.255,0,19.5,4
313(E1),G,G,0,0,,4
313(E1),G,H,-5.328,0,18,4
313(E1),G,I,-7.082,0,15.5,4
313(E1),G,K,-1.881,0.3884,15.75,4
313(E1),G,L,-0.8942,0.08266,19.25,4
313(E1),G,M,-1.496,0.646,17,4
313(E1),G,N,-2.843,0.2926,11,4
313(E1),G,P,-7.556,0,16,4
313(E1),G,Q,-2.35,0.5732,21,4
313(E1),G,R,-2.067,0.2721,16.75,4
313(E1),G,S,-1.087,0.3757,22.5,4
313(E1),G,T,-1.397,0.09373,12.25,4
313(E1),G,V,-5.447,0,24,4
313(E1),G,W,-7.379,0,10.5,4
313(E1),G,Y,-6.569,0,15.25,4
313(E2),H,-,0.3571,0.05565,0.5,2
313(E2),H,A,0.1517,0.1282,6.75,4
313(E2),H,C,-0.9694,0.224,6.5,4
313(E2),H,D,0.0444,0.1798,7.5,4
313(E2),H,E,0.4907,0.1547,5,4
313(E2),H,F,-0.7076,0.1554,8.5,4
313(E2),H,G,-0.6274,0.4117,6,4
313(E2),H,H,0,0,,4
313(E2),H,I,-0.062,0.1224,7.5,4
313(E2),H,K,0.2798,0.1662,5.5,4
313(E2),H,L,-0.8057,0.187,4,4
313(E2),H,M,-0.1699,0.1024,6,4
313(E2),H,N,0.04625,0.3879,8,4
313(E2),H,P,-7.166,0,5.5,4
313(E2),H,Q,0.2139,0.1932,12.75,4
313(E2),H,R,0.3781,0.2767,6.5,4
313(E2),H,S,-0.07179,0.1499,4.5,4
313(E2),H,T,-0.1257,0.2712,4,4
313(E2),H,V,0.4088,0.397,4.5,4
313(E2),H,W,0.0403,0.429,8,4
313(E2),H,Y,0.138,0.2252,11.5,4
314(E1),G,*,-7.611,0,8.75,4
314(E1),G,-,0.01376,0.03666,2,2
314(E1),G,A,-1.16,0.23,18.75,4
314(E1),G,C,-7.645,0,16,4
314(E1),G,D,-6.345,0,8,4
314(E1),G,E,-7.668,0,27.5,4
314(E1),G,F,-7.531,0,14.5,4
314(E1),G,G,0,0,,4
314(E1),G,H,-7.599,0,11.25,4
314(E1),G,I,-7.563,0,18.5,4
314(E1),G,K,-7.489,0,19.25,4
314(E1),G,L,-7.484,0,18,4
314(E1),G,M,-7.534,0,21,4
314(E1),G,N,-1.108,0.4914,13,4
314(E1),G,P,-7.244,0,10.5,4
314(E1),G,Q,-7.255,0,14,4
314(E1),G,R,-7.463,0,24,4
314(E1),G,S,-0.4044,0.2649,17.5,4
314(E1),G,T,-6.529,0,17,4
314(E1),G,V,-7.451,0,23.5,4
314(E1),G,W,-7.482,0,22,4
314(E1),G,Y,-7.542,0,10,4
314(E2),K,*,-7.202,0,0.5,2
314(E2),K,-,-0.06277,0.01133,0.5,2
314(E2),K,A,-0.7938,0.3323,7.5,4
314(E2),K,C,-1.143,0.4395,7.5,4
314(E2),K,D,-1.027,0.3947,6.5,4
314(E2),K,E,-0.8521,0.7292,8.5,4
314(E2),K,F,-1.227,0.2693,8,4
314(E2),K,G,-1.484,0.232,9.5,4
314(E2),K,H,-1.04,0.5552,4.5,4
314(E2),K,I,-1.331,0.4857,8,4
314(E2),K,K,0,0,,4
314(E2),K,L,-1.657,0.213,5,4
314(E2),K,M,-0.9154,0.2898,6.75,4
314(E2),K,N,-0.4996,0.2203,9.5,4
314(E2),K,P,-0.9478,0.5913,6.5,4
314(E2),K,Q,-0.9671,0.1185,8,4
314(E2),K,R,0.2875,0.1536,7.5,4
314(E2),K,S,-1.416,0.5384,4.5,4
314(E2),K,T,-0.838,0.4795,6,4
314(E2),K,V,-0.2105,0.5799,8.5,4
314(E2),K,W,-2.032,0.2058,7.5,4
314(E2),K,Y,-0.8754,0.3233,6,4
315(E1),V,*,-6.88,0,0.5,2
315(E1),V,-,-0.03202,0.007445,1.5,2
315(E1),V,A,-0.3814,0.1646,7,4
315(E1),V,C,-0.5381,0.1443,6.5,4
315(E1),V,D,-1.681,1.146,6.5,4
315(E1),V,E,-0.2679,0.2938,8.5,4
315(E1),V,F,-0.3309,0.493,6,4
315(E1),V,G,-0.8759,0.6403,5.5,4
315(E1),V,H,-0.003023,0.08379,6.5,4
315(E1),V,I,0.2207,0.06771,5,4
315(E1),V,K,-0.5333,0.5524,9,4
315(E1),V,L,0.03116,0.1083,12.5,4
315(E1),V,M,-0.1054,0.1771,19,4
315(E1),V,N,-0.4558,0.4529,7,4
315(E1),V,P,-7.516,0,9,4
315(E1),V,Q,-0.1109,0.3463,5.5,4
315(E1),V,R,-0.3372,0.2102,6.5,4
315(E1),V,S,0.06474,0.1004,3.5,4
315(E1),V,T,-0.04755,0.2261,3.75,4
315(E1),V,V,0,0,,4
315(E1),V,W,-0.04573,0.1085,12,4
315(E1),V,Y,-0.6703,0.3119,4.75,4
315(E2),K,-,-0.02846,0.01285,0.5,2
315(E2),K,A,-2.615,0.4827,2.5,4
315(E2),K,C,-2.758,0.3358,7.5,4
315(E2),K,D,-7.416,0,4.5,4
315(E2),K,E,-2.835,0.2782,8.5,4
315(E2),K,F,-7.172,0,7,4
315(E2),K,G,-5.531,0,11.5,4
315(E2),K,H,-2.58,0.1775,8.5,4
315(E2),K,I,-4.691,0.1109,5.5,4
315(E2),K,K,0,0,,4
315(E2),K,L,-5.151,0,5.5,4
315(E2),K,M,-2.981,1.328,4,4
315(E2),K,N,-5.104,0,7.5,4
315(E2),K,P,-7.271,0,7,4
315(E2),K,Q,-1.569,0.7826,7.5,4
315(E2),K,R,-0.7926,0.0791,5.25,2
315(E2),K,S,-1.632,0.3712,3.5,4
315(E2),K,T,-1.879,0.4069,9.5,4
315(E2),K,V,-3.944,0.2306,8.5,4
315(E2),K,W,-7.572,0,6,4
315(E2),K,Y,-3.636,0.2684,6.5,4
316(E1),A,-,-0.1696,0.1319,2.5,2
316(E1),A,A,0,0,,4
316(E1),A,C,-0.5019,0.3168,5.5,4
316(E1),A,D,-7.365,0,9,4
316(E1),A,E,-7.5,0,4.5,4
316(E1),A,F,-5.693,0,3.5,4
316(E1),A,G,0.06293,0.2109,5,4
316(E1),A,H,-7.497,0,4,4
316(E1),A,I,-0.322,0.3822,6,4
316(E1),A,K,-7.561,0,4,4
316(E1),A,L,-0.6829,0.2026,6.25,4
316(E1),A,M,-1.083,0.3868,3.5,4
316(E1),A,N,-7.652,0,4,4
316(E1),A,P,-7.631,0,9.25,4
316(E1),A,Q,-7.521,0,5.5,4
316(E1),A,R,-7.579,0,7.5,4
316(E1),A,S,-0.4683,0.4748,8.5,4
316(E1),A,T,-1.551,0.2057,69.75,4
316(E1),A,V,-1.014,0.1347,39.75,4
316(E1),A,W,-7.052,0,6.5,4
316(E1),A,Y,-7.591,0,5,4
316(E2),E,*,-7.139,0,4,4
316(E2),E,-,-0.03222,0.3246,1.5,4
316(E2),E,A,-1.001,0.6119,8.5,4
316(E2),E,C,-1.013,0.9099,7,4
316(E2),E,D,-2.852,0.3822,9.5,4
316(E2),E,E,0,0,,4
316(E2),E,F,-0.9987,0.03355,6,4
316(E2),E,G,-3.716,0.3837,7,4
316(E2),E,H,-1.152,0.315,5,4
316(E2),E,I,-0.8536,0.3335,7.5,4
316(E2),E,K,-0.7103,0.1496,30.25,4
316(E2),E,L,-0.4294,0.546,4,4
316(E2),E,M,-0.9475,0.2109,6.5,4
316(E2),E,N,-2.119,0.3737,6.5,4
316(E2),E,P,-4.688,0.01516,7.5,4
316(E2),E,Q,-0.7745,0.2037,6.75,4
316(E2),E,R,-1.42,0.5468,6,4
316(E2),E,S,-0.8171,0.7965,3.5,4
316(E2),E,T,-0.5984,0.1264,7.5,4
316(E2),E,V,-0.2065,0.9051,3.5,4
316(E2),E,W,-0.9969,0.3868,8,4
316(E2),E,Y,-0.9548,0.7042,6,4
317(E1),I,-,-7.73,0,4,2
317(E1),I,A,-0.08441,0.1961,3.5,4
317(E1),I,C,-0.4425,0.1355,7.5,4
317(E1),I,D,-0.4194,0.1804,6,4
317(E1),I,E,-0.5362,0.6428,6.5,4
317(E1),I,F,-0.8886,0.5496,5.5,4
317(E1),I,G,-1.676,0.5137,5,4
317(E1),I,H,-0.5969,0.4275,7,4
317(E1),I,I,0,0,,4
317(E1),I,K,-0.1795,0.07224,4.5,4
317(E1),I,L,-0.8427,0.5606,7,4
317(E1),I,M,-0.4289,0.1173,3.5,4
317(E1),I,N,-0.3746,0.6754,6.75,4
317(E1),I,P,-7.544,0,5,4
317(E1),I,Q,-1.817,1.008,4.5,4
317(E1),I,R,-0.5964,0.9256,3,4
317(E1),I,S,-0.006055,0.5491,3.5,4
317(E1),I,T,-0.1036,0.1323,8.5,4
317(E1),I,V,-0.7291,0.4506,5,4
317(E1),I,W,-0.3414,0.4072,4.25,4
317(E1),I,Y,0.1239,0.3423,3.5,4
317(E2),I,-,-0.3719,0.3381,1,4
317(E2),I,A,-2.567,0.8428,4,4
317(E2),I,C,-2.436,0.8936,5.5,4
317(E2),I,D,-7.412,0,4.5,4
317(E2),I,E,-7.401,0,8.5,4
317(E2),I,F,-0.14,0.1729,9,4
317(E2),I,G,-7.55,0,5.5,4
317(E2),I,H,-6.296,0,7.5,4
317(E2),I,I,0,0,,4
317(E2),I,K,-1.5,0.3178,5,4
317(E2),I,L,-0.9129,0.5933,7,4
317(E2),I,M,-0.5968,0.2761,10,4
317(E2),I,N,-7.51,0,8.5,4
317(E2),I,P,-7.473,0,5,4
317(E2),I,Q,-4.83,0,7,4
317(E2),I,R,-3.792,0.5887,5,4
317(E2),I,S,-7.244,0,6,4
317(E2),I,T,-3.178,0.6244,11,4
317(E2),I,V,-0.3439,0.4699,6,4
317(E2),I,W,-6.455,0,9,4
317(E2),I,Y,-1.409,0.1708,7.5,4
318(E1),I,-,-7.688,0,9.5,4
318(E1),I,A,-4.169,0.2319,5,4
318(E1),I,C,-3.105,0.3775,4.5,4
318(E1),I,D,-6.851,0,4.5,4
318(E1),I,E,-7.567,0,4.5,4
318(E1),I,F,-0.7553,0.364,5.5,4
318(E1),I,G,-7.591,0,4.5,4
318(E1),I,H,-7.625,1.826,5.5,4
318(E1),I,I,0,0,,4
318(E1),I,K,-7.658,0,2.5,4
318(E1),I,L,0.2356,0.04614,3,4
318(E1),I,M,0.004915,0.04532,6,4
318(E1),I,N,-7.531,0,6,4
318(E1),I,P,-7.255,0,6.5,4
318(E1),I,Q,-7.611,0,5.5,4
318(E1),I,R,-7.579,0,6.5,4
318(E1),I,S,-7.509,0,7.5,4
318(E1),I,T,-7.438,0,5.5,4
318(E1),I,V,-0.5017,0.1046,6,4
318(E1),I,W,-7.54,0,4,4
318(E1),I,Y,-7.431,0,7,4
318(E2),R,-,-3.08,0.081,1.5,2
318(E2),R,A,-0.5382,0.2539,5.5,4
318(E2),R,C,-0.5655,0.465,4,4
318(E2),R,D,-4.741,0,1.5,2
318(E2),R,E,-0.9642,0.4724,5.5,4
318(E2),R,F,-0.8797,0.2472,7.5,4
318(E2),R,G,-2.813,0.2966,5.5,4
318(E2),R,H,-0.04108,0.2277,9.5,4
318(E2),R,I,-0.0213,0.2198,10,4
318(E2),R,K,0.0417,0.3473,5.5,4
318(E2),R,L,-1.996,0.5252,10,4
318(E2),R,M,-0.5913,0.3334,6,4
318(E2),R,N,0.08593,0.2142,5,4
318(E2),R,P,-3.54,0.214,9.5,4
318(E2),R,Q,-0.662,0.2707,17,4
318(E2),R,R,0,0,,4
318(E2),R,S,-0.214,0.3027,5.5,4
318(E2),R,T,-1.097,0.6631,4.5,4
318(E2),R,V,-0.96,0.5295,3,4
318(E2),R,W,-1.855,0.2837,15.5,4
318(E2),R,Y,-0.9983,0.1653,5,4
319(E1),K,*,-7.468,0,0.5,2
319(E1),K,-,-0.5637,0.6841,4.5,4
319(E1),K,A,-0.5589,0.4752,5,4
319(E1),K,C,-0.3053,0.1435,6,4
319(E1),K,D,-0.647,0.4648,5.5,4
319(E1),K,E,-0.3258,0.3017,10,4
319(E1),K,F,-0.236,0.1697,8,4
319(E1),K,G,-0.3808,0.1649,6.5,4
319(E1),K,H,0.1351,0.09003,7,4
319(E1),K,I,-0.9591,0.2664,2.5,4
319(E1),K,K,0,0,,4
319(E1),K,L,-0.4773,0.5364,6,4
319(E1),K,M,-0.1184,0.2112,4,4
319(E1),K,N,-0.3251,0.1304,8,4
319(E1),K,P,-0.4943,0.3918,6.5,4
319(E1),K,Q,-0.06965,0.2869,6.5,4
319(E1),K,R,0.02488,0.1334,5,4
319(E1),K,S,0.1255,0.142,3,4
319(E1),K,T,-0.3286,0.2473,8,4
319(E1),K,V,-0.00129,0.1159,6.25,4
319(E1),K,W,-0.8411,0.3542,5.5,4
319(E1),K,Y,-0.2594,0.182,5,4
319(E2),L,-,-1.531,0.1335,1,2
319(E2),L,A,-7.166,0,6.5,4
319(E2),L,C,-7.21,0,5,4
319(E2),L,D,-7.256,0,9,4
319(E2),L,E,-7.354,0,8,4
319(E2),L,F,-0.3854,0.1017,4.5,4
319(E2),L,G,-7.502,0,6.5,4
319(E2),L,H,-5.281,0,2.5,4
319(E2),L,I,-0.03315,0.5382,4.5,4
319(E2),L,K,-7.229,0,5.5,4
319(E2),L,L,0,0,,4
319(E2),L,M,-0.118,0.383,9.5,4
319(E2),L,N,-7.447,0,7,4
319(E2),L,P,-7.518,0,9.5,4
319(E2),L,Q,-7.538,0,5,4
319(E2),L,R,-7.537,0,7.5,4
319(E2),L,S,-7.507,0,3.5,4
319(E2),L,T,-6.911,0,7,4
319(E2),L,V,-0.9944,0.7339,3.5,4
319(E2),L,W,-3.102,0.4261,6.25,4
319(E2),L,Y,-4.405,0.1511,1.5,4
32(6K),L,*,-7.643,0,11,4
32(6K),L,-,0.1065,0.2227,1,4
32(6K),L,A,-0.3916,0.5865,6,4
32(6K),L,C,0.08976,0.02847,11.75,4
32(6K),L,D,-0.5432,0.5353,7,4
32(6K),L,E,-0.3765,0.1533,5.5,4
32(6K),L,F,0.1625,0.08212,7,4
32(6K),L,G,0.07538,0.1078,8,4
32(6K),L,H,-0.04657,0.1205,10.75,4
32(6K),L,I,-0.5095,0.5408,10.5,4
32(6K),L,K,0.03301,0.4086,11,4
32(6K),L,L,0,0,,4
32(6K),L,M,0.07861,0.09008,14,4
32(6K),L,N,-0.1085,0.5278,3.5,4
32(6K),L,P,-0.08974,0.2249,22.25,4
32(6K),L,Q,-0.1061,0.05051,8.5,4
32(6K),L,R,-0.06072,0.184,8.5,4
32(6K),L,S,-0.7508,0.7124,6.25,4
32(6K),L,T,0.01186,0.09368,11.5,4
32(6K),L,V,0.1426,0.06666,10.5,4
32(6K),L,W,0.03968,0.1766,8.5,4
32(6K),L,Y,-0.06389,0.08868,7,4
32(E1),E,*,-7.315,0,5,4
32(E1),E,-,-2.463,0.5475,0.5,2
32(E1),E,A,-0.709,0.3141,9.5,4
32(E1),E,C,-1.978,0.2512,8,4
32(E1),E,D,-2.065,0.3339,11.5,4
32(E1),E,E,0,0,,4
32(E1),E,F,-3.644,0.4253,7.5,4
32(E1),E,G,-6.377,0,12.5,4
32(E1),E,H,-0.7378,0.3787,6.5,4
32(E1),E,I,-1.285,0.1796,5,4
32(E1),E,K,-1.256,0.09702,53.5,4
32(E1),E,L,-2.055,0.09531,11.5,4
32(E1),E,M,-0.7456,0.3862,6.25,4
32(E1),E,N,-1.318,0.1933,7,4
32(E1),E,P,-7.637,0,10.5,4
32(E1),E,Q,-0.71,0.189,10.5,4
32(E1),E,R,-0.5073,0.7023,8,4
32(E1),E,S,-2.226,0.7201,5,4
32(E1),E,T,-0.1039,0.169,11,4
32(E1),E,V,-0.4392,0.425,8.25,4
32(E1),E,W,-1.951,0.8659,8,4
32(E1),E,Y,-1.097,0.2225,14,4
32(E2),V,A,-1.031,0.2191,11,4
32(E2),V,C,0.2057,0.1807,4,4
32(E2),V,D,-7.571,0,10,4
32(E2),V,E,-7.319,0,9,4
32(E2),V,F,-7.687,0,8.5,4
32(E2),V,G,-7.601,0,7,4
32(E2),V,H,-7.639,0,14.5,4
32(E2),V,I,0.09197,0.1063,6.5,4
32(E2),V,K,-7.511,0,4.5,4
32(E2),V,L,-6.067,0,13.25,4
32(E2),V,M,-2.37,0.5591,15.5,4
32(E2),V,N,-7.457,0,11,4
32(E2),V,P,-7.407,0,6,4
32(E2),V,Q,-7.588,0,9,4
32(E2),V,R,-7.476,0,7,4
32(E2),V,S,-2.708,0.3081,8.5,4
32(E2),V,T,0.2587,0.07309,6,4
32(E2),V,V,0,0,,4
32(E2),V,W,-7.528,0,8.5,4
32(E2),V,Y,-7.535,0,8.5,4
32(E3),E,*,-7.553,0,20.5,4
32(E3),E,-,-0.547,0.00715,1.5,2
32(E3),E,A,0.0449,0.1108,9,4
32(E3),E,C,-0.3763,0.06901,9,4
32(E3),E,D,-0.369,0.6147,11.5,4
32(E3),E,E,0,0,,4
32(E3),E,F,-0.3141,0.5895,7,4
32(E3),E,G,0.1594,0.1628,11.25,4
32(E3),E,H,-0.4635,0.3821,9.5,4
32(E3),E,I,0.1511,0.2787,7,4
32(E3),E,K,-0.3009,0.1147,12,4
32(E3),E,L,0.007825,0.04074,9,4
32(E3),E,M,0.2409,0.067,9.5,4
32(E3),E,N,0.1928,0.1296,7,4
32(E3),E,P,-0.9984,0.0702,10,4
32(E3),E,Q,-0.2959,0.2151,8.75,4
32(E3),E,R,-0.5524,0.5086,8.75,4
32(E3),E,S,0.02563,0.1798,10.5,4
32(E3),E,T,-0.1499,0.356,6.5,4
32(E3),E,V,0.1602,0.1486,13,4
32(E3),E,W,-0.5095,0.3999,11,4
32(E3),E,Y,0.09341,0.1688,9.5,4
320(E1),Y,*,-7.474,0,7.5,4
320(E1),Y,-,-0.9113,0.433,5,4
320(E1),Y,A,-0.7748,0.2458,7,4
320(E1),Y,C,-0.3338,0.2739,8.5,4
320(E1),Y,D,-7.367,0,6,4
320(E1),Y,E,-7.573,0,6,4
320(E1),Y,F,-0.3302,0.3655,5.5,4
320(E1),Y,G,-0.5418,0.5009,7.5,4
320(E1),Y,H,-2.587,0.3071,8.5,4
320(E1),Y,I,-1.558,0.2881,3.75,4
320(E1),Y,K,-7.373,0,3.5,4
320(E1),Y,L,0.01383,0.1185,5.5,4
320(E1),Y,M,-0.9078,0.3091,4.5,4
320(E1),Y,N,-2.304,0.5846,11.5,4
320(E1),Y,P,-7.577,0,4,4
320(E1),Y,Q,-2.765,0.3589,3,4
320(E1),Y,R,-7.435,0,5,4
320(E1),Y,S,-0.8038,0.2991,6.5,4
320(E1),Y,T,-0.764,0.4026,3.5,4
320(E1),Y,V,-0.1663,0.1609,7.5,4
320(E1),Y,W,-1.547,0.4401,5.5,4
320(E1),Y,Y,0,0,,4
320(E2),T,-,-2.293,0.1725,1,2
320(E2),T,A,-0.1954,0.2894,11,4
320(E2),T,C,-0.1861,1.084,1.5,4
320(E2),T,D,-0.4336,0.2854,5.5,4
320(E2),T,E,-0.02645,0.5758,2,4
320(E2),T,F,0.2168,0.3096,6.5,4
320(E2),T,G,-0.4829,0.1988,5,4
320(E2),T,H,0.3287,0.2071,5.5,4
320(E2),T,I,-0.3221,0.1012,12,4
320(E2),T,K,-0.132,0.2146,3.5,4
320(E2),T,L,-0.01492,0.01034,7,4
320(E2),T,M,0.0107,0.03442,4,4
320(E2),T,N,-0.2109,0.503,10,4
320(E2),T,P,-0.5714,0.2476,3,4
320(E2),T,Q,-0.2098,0.229,6.5,4
320(E2),T,R,-0.1886,0.436,8.5,4
320(E2),T,S,0.04556,0.07385,6,4
320(E2),T,T,0,0,,4
320(E2),T,V,-0.5208,0.1854,4,4
320(E2),T,W,0.01587,0.1663,6,4
320(E2),T,Y,0.2641,0.0727,5,4
321(E1),A,-,-0.34,0.6343,4,4
321(E1),A,A,0,0,,4
321(E1),A,C,-0.0796,0.1595,3.5,4
321(E1),A,D,0.04705,0.03708,11,4
321(E1),A,E,-0.6319,0.3734,3.5,4
321(E1),A,F,0.1577,0.09887,5.5,4
321(E1),A,G,-0.1775,0.04555,18.5,4
321(E1),A,H,-0.03226,0.08746,4.5,4
321(E1),A,I,0.1061,0.3256,7,4
321(E1),A,K,-0.09939,0.3807,5,4
321(E1),A,L,-0.4834,0.7148,4,4
321(E1),A,M,0.1439,0.107,6,4
321(E1),A,N,-0.04704,0.1041,6,4
321(E1),A,P,-7.595,0,5.5,4
321(E1),A,Q,0.1232,0.05313,7.5,4
321(E1),A,R,0.1623,0.01606,4,4
321(E1),A,S,-0.7282,0.645,8,4
321(E1),A,T,-0.002605,0.04799,25.5,4
321(E1),A,V,-0.1968,0.1867,33,4
321(E1),A,W,-1.071,0.9292,7,4
321(E1),A,Y,0.07025,0.2436,9,4
321(E2),V,-,-0.3966,0.00025,0.5,2
321(E2),V,A,-6.772,0,5.5,4
321(E2),V,C,-3.518,0.6417,4.5,4
321(E2),V,D,-7.412,0,1.5,4
321(E2),V,E,-7.567,0,7.5,4
321(E2),V,F,-7.505,0,6.5,4
321(E2),V,G,-7.386,0,5,4
321(E2),V,H,-7.444,0,8,4
321(E2),V,I,-2.442,0.4785,11.5,4
321(E2),V,K,-7.55,0,3.5,4
321(E2),V,L,-5.543,0,10,4
321(E2),V,M,-6.822,0,16.75,4
321(E2),V,N,-7.407,0,5,4
321(E2),V,P,-6.568,0,7,4
321(E2),V,Q,-7.18,0,7,4
321(E2),V,R,-7.262,0,8,4
321(E2),V,S,-7.396,0,6.5,4
321(E2),V,T,-7.475,0,5,4
321(E2),V,V,0,0,,4
321(E2),V,W,-7.502,0,7.5,4
321(E2),V,Y,-3.651,1.837,1.5,4
322(E1),A,-,-0.5774,0.1732,4,4
322(E1),A,A,0,0,,4
322(E1),A,C,-0.1672,0.1923,8.5,4
322(E1),A,D,-6.495,0,10,4
322(E1),A,E,-4.646,0.0394,6,4
322(E1),A,F,-1.882,0.3347,12,4
322(E1),A,G,-0.9996,0.1363,4,4
322(E1),A,H,-2.016,0.3187,6.5,4
322(E1),A,I,-3.887,0.2217,4,4
322(E1),A,K,-2.994,0.8257,6,4
322(E1),A,L,-2.067,0.5651,3,4
322(E1),A,M,-2.408,0.5598,5,4
322(E1),A,N,-1.24,0.3818,6,4
322(E1),A,P,-2.64,0.2761,6,4
322(E1),A,Q,-3.96,0.1098,5,4
322(E1),A,R,-3.508,0.3958,7,4
322(E1),A,S,0.1017,0.2676,12,4
322(E1),A,T,-0.1553,0.08284,29.5,4
322(E1),A,V,-0.1434,0.2698,13,4
322(E1),A,W,-1.994,0.7842,8,4
322(E1),A,Y,-0.9103,0.4746,7,4
322(E2),P,-,0.3359,0.0198,0.5,2
322(E2),P,A,-2.228,0.7688,5.5,4
322(E2),P,C,-3.087,0.1079,5,4
322(E2),P,D,-6.381,1.034,4,4
322(E2),P,E,-3.933,0.2901,4,4
322(E2),P,F,-6.527,0,5.5,4
322(E2),P,G,-1.227,0.373,4,4
322(E2),P,H,-2.823,0.4088,6,4
322(E2),P,I,-7.21,0,1.5,4
322(E2),P,K,-0.8546,0.5481,5.5,4
322(E2),P,L,-2.514,0.7211,7,4
322(E2),P,M,-3.456,0.2766,6,4
322(E2),P,N,-2.331,0.1334,6.5,4
322(E2),P,P,0,0,,4
322(E2),P,Q,-2.912,0.7513,4.5,4
322(E2),P,R,-1.594,1.002,4.25,4
322(E2),P,S,-2.988,0.3154,19,4
322(E2),P,T,-2.442,0.4206,9,4
322(E2),P,V,-4.94,0,7,4
322(E2),P,W,-6.966,0,7.5,4
322(E2),P,Y,-4.514,0.02815,7.5,4
323(E1),S,-,-2.364,1.955,3.5,4
323(E1),S,A,-0.6738,0.7249,7.5,4
323(E1),S,C,-2.796,0.2657,5,4
323(E1),S,D,-0.1044,0.2195,6,4
323(E1),S,E,-0.7768,0.5239,2.5,4
323(E1),S,F,0.0177,0.1595,5,4
323(E1),S,G,-0.5847,0.5158,3,4
323(E1),S,H,-0.7442,0.5066,3.5,4
323(E1),S,I,-0.5948,0.1255,11,4
323(E1),S,K,-0.664,0.7205,3,4
323(E1),S,L,-0.08829,0.2712,6,4
323(E1),S,M,-0.2808,0.3511,7,4
323(E1),S,N,-0.1501,0.02952,34,4
323(E1),S,P,-0.9158,0.1189,6.5,4
323(E1),S,Q,-1.962,1.328,4,4
323(E1),S,R,-0.249,0.3904,11.5,4
323(E1),S,S,0,0,,4
323(E1),S,T,-0.1673,0.3246,6.5,4
323(E1),S,V,0.04843,0.1323,6,4
323(E1),S,W,-0.3094,0.2472,5.25,4
323(E1),S,Y,0.1101,0.2796,2.5,4
323(E2),T,-,-0.3668,0.3125,1,4
323(E2),T,A,0.06953,0.1165,7.5,4
323(E2),T,C,-0.9621,0.2107,6,4
323(E2),T,D,-0.5609,0.3434,6,4
323(E2),T,E,-1.068,0.5008,8,4
323(E2),T,F,0.388,0.05927,6,4
323(E2),T,G,-0.384,0.4092,7,4
323(E2),T,H,-0.0381,0.3405,9,4
323(E2),T,I,0.03034,0.298,10,4
323(E2),T,K,-0.6498,1.158,4.5,4
323(E2),T,L,0.2163,0.2477,10.5,4
323(E2),T,M,-0.2781,0.2807,7.5,4
323(E2),T,N,0.1938,0.1446,6,4
323(E2),T,P,0.211,0.2112,5.5,4
323(E2),T,Q,0.3103,0.1177,10,4
323(E2),T,R,0.2659,0.1094,9,4
323(E2),T,S,0.2112,0.09006,5,4
323(E2),T,T,0,0,,4
323(E2),T,V,0.1071,0.2159,4.5,4
323(E2),T,W,-0.00089,0.1266,9,4
323(E2),T,Y,-0.3695,0.2601,7,4
324(E1),K,*,-6.615,0,0.5,2
324(E1),K,-,-1.928,1.018,2.5,2
324(E1),K,A,-1.838,0.3351,4.5,4
324(E1),K,C,-2.08,0.6342,7.5,4
324(E1),K,D,-1.921,0.2267,5.5,4
324(E1),K,E,-1.312,0.434,5.75,4
324(E1),K,F,-0.3407,0.1396,8.5,4
324(E1),K,G,-1.275,0.6929,8.5,4
324(E1),K,H,-0.553,0.5005,8,4
324(E1),K,I,-0.6224,0.1388,6,4
324(E1),K,K,0,0,,4
324(E1),K,L,-0.93,0.4787,8,4
324(E1),K,M,-0.3668,0.4163,8.5,4
324(E1),K,N,-1.071,0.525,8.5,4
324(E1),K,P,-0.6891,0.08027,5.5,4
324(E1),K,Q,-0.7108,0.6769,6,4
324(E1),K,R,-0.1555,0.05488,8,4
324(E1),K,S,-0.445,0.3054,3,4
324(E1),K,T,-0.9676,0.5009,7.5,4
324(E1),K,V,-0.2889,0.07384,5.5,4
324(E1),K,W,-0.7119,0.1779,5.5,4
324(E1),K,Y,-1.864,1.098,4.5,4
324(E2),E,*,-7.147,0,5.5,4
324(E2),E,-,-0.4615,1.09,1.5,4
324(E2),E,A,-0.8274,0.1881,7.5,4
324(E2),E,C,-0.4152,0.2874,7.5,4
324(E2),E,D,-0.6161,0.3018,8.5,4
324(E2),E,E,0,0,,4
324(E2),E,F,-1.512,0.2947,12,4
324(E2),E,G,-2.558,0.6371,9.5,4
324(E2),E,H,-0.4707,0.3623,5.5,4
324(E2),E,I,-2.782,0.2677,8,4
324(E2),E,K,-1.437,0.2984,25.5,4
324(E2),E,L,-3.97,0.269,6.5,4
324(E2),E,M,-1.204,0.1534,8,4
324(E2),E,N,-1.055,0.2097,5.5,4
324(E2),E,P,-1.019,0.1118,8.5,4
324(E2),E,Q,-0.3307,0.4562,7,4
324(E2),E,R,-2.022,0.6687,6,4
324(E2),E,S,-0.3924,0.3968,7,4
324(E2),E,T,-0.1463,0.09772,6.5,4
324(E2),E,V,-0.3914,0.1438,8,4
324(E2),E,W,-2.228,0.3903,9.5,4
324(E2),E,Y,-0.9066,0.1996,8.5,4
325(E1),K,-,-0.2095,0.2899,2,2
325(E1),K,A,-0.1405,0.234,8.5,4
325(E1),K,C,-0.917,0.6986,3.75,4
325(E1),K,D,-0.3231,0.4141,4.5,4
325(E1),K,E,-0.2671,0.1432,8.5,4
325(E1),K,F,-0.6289,0.3787,8.5,4
325(E1),K,G,-0.002343,0.1145,7,4
325(E1),K,H,-0.0818,0.122,6.5,4
325(E1),K,I,-0.3618,0.455,3.5,4
325(E1),K,K,0,0,,4
325(E1),K,L,-0.4356,0.4534,7,4
325(E1),K,M,-0.3875,0.5985,6,4
325(E1),K,N,-0.4746,0.8998,7,4
325(E1),K,P,-0.29,0.396,7.5,4
325(E1),K,Q,-0.04424,0.08167,9,4
325(E1),K,R,0.1663,0.05488,5,4
325(E1),K,S,-0.1371,0.3222,4.5,4
325(E1),K,T,-0.01945,0.154,6.75,4
325(E1),K,V,0.08251,0.1298,4.5,4
325(E1),K,W,-0.1617,0.1447,7,4
325(E1),K,Y,-0.7521,0.4387,6.5,4
325(E2),G,-,0.09915,0.08485,0.5,2
325(E2),G,A,-7.331,0,9.25,4
325(E2),G,C,-7.567,0,13.25,4
325(E2),G,D,-7.376,0,9.5,4
325(E2),G,E,-7.59,0,5,4
325(E2),G,F,-7.551,0,10,4
325(E2),G,G,0,0,,4
325(E2),G,H,-7.474,0,6,4
325(E2),G,I,-4.683,1.193,4,4
325(E2),G,K,-7.481,0,3.5,4
325(E2),G,L,-7.179,0,4.5,4
325(E2),G,M,-7.677,0,6,4
325(E2),G,N,-7.545,0,8,4
325(E2),G,P,-7.184,0,5.5,4
325(E2),G,Q,-7.619,0,6,4
325(E2),G,R,-7.671,0,6,4
325(E2),G,S,-7.552,0,18.25,4
325(E2),G,T,-7.594,0,6,4
325(E2),G,V,-7.575,0,11.5,4
325(E2),G,W,-7.596,0,6,4
325(E2),G,Y,-7.428,0,10,4
326(E1),G,-,-0.0354,0.1407,1.5,2
326(E1),G,A,-2.498,0.6692,4.5,4
326(E1),G,C,-4.512,0,10.5,4
326(E1),G,D,-2.928,0.3053,32.5,4
326(E1),G,E,-6.614,0,4,4
326(E1),G,F,-0.533,0.3188,7.5,4
326(E1),G,G,0,0,,4
326(E1),G,H,-3.764,0.4042,5,4
326(E1),G,I,-6.892,0,5,4
326(E1),G,K,-6.806,0,3,4
326(E1),G,L,-7.513,0,5,4
326(E1),G,M,-7.248,0,4,4
326(E1),G,N,-4.676,0.401,7,4
326(E1),G,P,-7.627,0,8.5,4
326(E1),G,Q,-6.734,0,4,4
326(E1),G,R,-7.395,0,5.5,4
326(E1),G,S,-1.753,1.007,12,4
326(E1),G,T,-7.72,0,4.5,4
326(E1),G,V,-7.417,0,6.5,4
326(E1),G,W,-0.5832,0.3765,3,4
326(E1),G,Y,-0.7465,0.3271,3,4
326(E2),L,-,-7.402,0,0.5,2
326(E2),L,A,-7.604,0,5.5,4
326(E2),L,C,-6.587,0,9,4
326(E2),L,D,-7.133,0,5,4
326(E2),L,E,-7.56,0,5.75,4
326(E2),L,F,-7.296,0,8.5,4
326(E2),L,G,-6.96,0,5.5,4
326(E2),L,H,-7.678,0,7,4
326(E2),L,I,-0.4895,0.2319,6,4
326(E2),L,K,-7.55,0,4,4
326(E2),L,L,0,0,,4
326(E2),L,M,-2.484,0.3889,14.5,4
326(E2),L,N,-7.559,0,7.5,4
326(E2),L,P,-7.662,0,35,4
326(E2),L,Q,-7.517,0,6.5,4
326(E2),L,R,-7.618,0,10,4
326(E2),L,S,-7.476,0,5,4
326(E2),L,T,-3.712,0.4136,5.5,4
326(E2),L,V,-0.6597,0.5275,2.5,4
326(E2),L,W,-7.328,0,5,4
326(E2),L,Y,-7.328,0,5.5,4
327(E1),K,*,-7.46,0,1,2
327(E1),K,-,-0.1359,0.2201,1,2
327(E1),K,A,-0.7744,0.3835,4,4
327(E1),K,C,-0.7281,0.133,7,4
327(E1),K,D,-0.8442,0.3273,9.5,4
327(E1),K,E,-1.371,0.8273,6,4
327(E1),K,F,-0.4045,0.1733,8,4
327(E1),K,G,-0.52,0.1953,4.5,4
327(E1),K,H,-0.5008,0.2736,7,4
327(E1),K,I,-0.1078,0.1102,9.5,4
327(E1),K,K,0,0,,4
327(E1),K,L,-0.5497,0.2495,7.5,4
327(E1),K,M,-0.04125,0.05769,8,4
327(E1),K,N,-0.803,0.7807,9,4
327(E1),K,P,-0.06319,0.1139,8.5,4
327(E1),K,Q,-0.4932,0.3865,3.5,4
327(E1),K,R,-0.232,0.09373,11.5,4
327(E1),K,S,-0.1241,0.101,3,4
327(E1),K,T,-0.9907,0.7662,6.5,4
327(E1),K,V,-0.4658,0.2651,5,4
327(E1),K,W,-0.6002,0.2221,6,4
327(E1),K,Y,-0.2851,0.4307,8.25,4
327(E2),E,*,-7.111,0,6,4
327(E2),E,-,-0.7188,0.0434,0.5,2
327(E2),E,A,-6.543,0,8,4
327(E2),E,C,-7.481,0,6,4
327(E2),E,D,-6.812,0,8.5,4
327(E2),E,E,0,0,,4
327(E2),E,F,-7.606,0,5.5,4
327(E2),E,G,-7.457,0,8.5,4
327(E2),E,H,-7.335,0,5.5,4
327(E2),E,I,-6.429,0,7.5,4
327(E2),E,K,-7.534,0,35,4
327(E2),E,L,-7.502,0,3.5,4
327(E2),E,M,-7.116,0,7,4
327(E2),E,N,-7.576,0,5.5,4
327(E2),E,P,-7.61,0,5.5,4
327(E2),E,Q,-7.422,0,8,4
327(E2),E,R,-7.649,0,2.5,4
327(E2),E,S,-7.54,0,6,4
327(E2),E,T,-7.402,0,8,4
327(E2),E,V,-6.521,0,5.5,4
327(E2),E,W,-7.107,0,7.5,4
327(E2),E,Y,-7.483,0,7,4
328(E1),C,*,-7.59,0,6,4
328(E1),C,-,-0.05458,0.1551,1,4
328(E1),C,A,-7.304,0,6,4
328(E1),C,C,0,0,,4
328(E1),C,D,-7.659,0,5.5,4
328(E1),C,E,-7.574,0,8,4
328(E1),C,F,-7.324,0,13,4
328(E1),C,G,-7.692,0,7,4
328(E1),C,H,-7.521,0,4,4
328(E1),C,I,-7.437,0,5.5,4
328(E1),C,K,-7.469,0,4,4
328(E1),C,L,-7.356,0,5.5,4
328(E1),C,M,-7.584,0,2.5,4
328(E1),C,N,-7.53,0,4.5,4
328(E1),C,P,-7.55,0,6,4
328(E1),C,Q,-7.576,0,5,4
328(E1),C,R,-7.582,0,8,4
328(E1),C,S,-7.483,0,12,4
328(E1),C,T,-7.213,0,4,4
328(E1),C,V,-7.575,0,5.5,4
328(E1),C,W,-7.604,0,5,4
328(E1),C,Y,-7.572,0,20,4
328(E2),V,-,-4.51,0.6975,0.5,2
328(E2),V,A,-7.288,0,12,4
328(E2),V,C,-7.319,0,12,4
328(E2),V,D,-7.364,0,5,4
328(E2),V,E,-7.269,0,5.5,4
328(E2),V,F,-7.029,0,6.5,4
328(E2),V,G,-7.303,0,7,4
328(E2),V,H,-7.388,0,8,4
328(E2),V,I,-0.7712,0.2794,14,4
328(E2),V,K,-7.591,0,7,4
328(E2),V,L,-3.426,0.3245,6.5,4
328(E2),V,M,-7.107,0,5.5,4
328(E2),V,N,-7.362,0,4,4
328(E2),V,P,-3.223,2.33,5,4
328(E2),V,Q,-6.957,0,3,4
328(E2),V,R,-7.608,0,7.5,4
328(E2),V,S,-7.606,0,5.5,4
328(E2),V,T,-7.567,0,5.5,4
328(E2),V,V,0,0,,4
328(E2),V,W,-7.359,0,5.5,4
328(E2),V,Y,-7.422,0,6.5,4
329(E1),A,*,-2.43,1.469,1,2
329(E1),A,-,-0.1006,0.1818,1,4
329(E1),A,A,0,0,,4
329(E1),A,C,-0.5454,0.4114,6.5,4
329(E1),A,D,-6.376,0,9,4
329(E1),A,E,-6.922,0,5.5,4
329(E1),A,F,-0.8788,0.07028,5.5,4
329(E1),A,G,-0.1041,0.2175,8,4
329(E1),A,H,-1.982,0.2256,5.5,4
329(E1),A,I,-3.636,1.564,6,4
329(E1),A,K,-7.312,0,4,4
329(E1),A,L,-7.234,0,5,4
329(E1),A,M,-4.113,0.1529,6,4
329(E1),A,N,-4.689,0.1269,4.5,4
329(E1),A,P,-1.538,0.1283,5,4
329(E1),A,Q,-7.265,0,3.5,4
329(E1),A,R,-7.526,0,7.5,4
329(E1),A,S,-1.103,0.2766,10.5,4
329(E1),A,T,-3.507,0.608,21.5,4
329(E1),A,V,-3.48,0.4931,18.5,4
329(E1),A,W,-5.571,0.01169,5.5,4
329(E1),A,Y,-0.2718,0.08375,3.5,4
329(E2),T,-,-3.561,1.999,4,4
329(E2),T,A,-3.125,0.2787,9,4
329(E2),T,C,-1.266,0.275,6.5,4
329(E2),T,D,-7.515,0,4,2
329(E2),T,E,-5.155,0,5.5,4
329(E2),T,F,-2.074,0.1328,7,4
329(E2),T,G,-7.384,0,5,4
329(E2),T,H,-2.95,1.018,8.5,4
329(E2),T,I,-3.65,0.3146,10,4
329(E2),T,K,-4.301,0,3.5,4
329(E2),T,L,-4.785,0,8,4
329(E2),T,M,-3.798,0.6716,4,4
329(E2),T,N,-6.463,0,5,4
329(E2),T,P,-7.309,0,7,4
329(E2),T,Q,-1.866,0.7561,7,4
329(E2),T,R,-1.251,0.579,6.75,4
329(E2),T,S,-0.2019,0.1983,8,4
329(E2),T,T,0,0,,4
329(E2),T,V,-1.029,0.5405,6,4
329(E2),T,W,-2.248,0.292,5.5,4
329(E2),T,Y,-3.817,0.1963,3.5,4
33(6K),C,*,-5.11,0.9575,4.5,4
33(6K),C,-,-0.1236,0.2376,1.5,4
33(6K),C,A,-0.0628,0.2747,4.5,4
33(6K),C,C,0,0,,4
33(6K),C,D,0.03806,0.04787,8.75,4
33(6K),C,E,-0.3115,0.3724,5.5,4
33(6K),C,F,0.138,0.0816,10,4
33(6K),C,G,-0.05269,0.1115,7.5,4
33(6K),C,H,-0.0592,0.2672,6,4
33(6K),C,I,-0.1982,0.3353,10,4
33(6K),C,K,-0.9448,1.084,6,4
33(6K),C,L,-0.1002,0.05561,7.5,4
33(6K),C,M,-0.0464,0.399,5.5,4
33(6K),C,N,-0.5536,0.5589,8,4
33(6K),C,P,-0.2993,0.471,7,4
33(6K),C,Q,0.0151,0.1278,8,4
33(6K),C,R,0.06508,0.095,12,4
33(6K),C,S,-0.07903,0.1278,9,4
33(6K),C,T,0.1323,0.04739,8,4
33(6K),C,V,0.09452,0.0696,9.5,4
33(6K),C,W,-0.08828,0.1533,9,4
33(6K),C,Y,-0.1545,0.2342,22.25,4
33(E1),L,-,-3.096,0.5635,0.5,2
33(E1),L,A,-2.312,1.22,8,4
33(E1),L,C,-5.621,0,10,4
33(E1),L,D,-7.454,0,8.5,4
33(E1),L,E,-7.067,0,4,4
33(E1),L,F,0.07458,0.1926,7.5,4
33(E1),L,G,-7.559,0,8.5,4
33(E1),L,H,-7.659,0,8.75,4
33(E1),L,I,-0.184,0.4131,4,4
33(E1),L,K,-7.618,0,6,4
33(E1),L,L,0,0,,4
33(E1),L,M,-0.3706,0.3472,10.75,4
33(E1),L,N,-7.369,0,10,4
33(E1),L,P,-2.818,0.3722,13,4
33(E1),L,Q,-3.784,0.3055,4.5,4
33(E1),L,R,-7.478,0,6.5,4
33(E1),L,S,-7.34,0,11,4
33(E1),L,T,-3.114,0.5599,6.5,4
33(E1),L,V,-0.4294,0.278,9.5,4
33(E1),L,W,-0.5522,0.08914,9.5,4
33(E1),L,Y,-6.63,0,9,4
33(E2),A,*,-7.425,0,0.5,2
33(E2),A,-,-6.162,0,0.5,2
33(E2),A,A,0,0,,4
33(E2),A,C,-4.075,0.2611,4.5,4
33(E2),A,D,-7.558,0,13,4
33(E2),A,E,-7.637,0,9,4
33(E2),A,F,-7.609,0,8,4
33(E2),A,G,-4.155,0.454,4.5,4
33(E2),A,H,-7.563,0,7.25,4
33(E2),A,I,-7.436,0,6,4
33(E2),A,K,-7.429,0,9,4
33(E2),A,L,-7.579,0,5.5,4
33(E2),A,M,-7.074,0,5,4
33(E2),A,N,-7.293,0,7.5,4
33(E2),A,P,-7.554,0,9.5,4
33(E2),A,Q,-7.604,0,8,4
33(E2),A,R,-7.618,0,7.5,4
33(E2),A,S,-1.485,0.4903,9.5,4
33(E2),A,T,-2.576,0.2253,25.5,4
33(E2),A,V,-6.235,0,14,4
33(E2),A,W,-7.571,0,5.5,4
33(E2),A,Y,-7.572,0,4,4
33(E3),K,-,-3.833,1.982,2,4
33(E3),K,A,0.03444,0.07962,10,4
33(E3),K,C,-0.3044,0.1843,14,4
33(E3),K,D,0.05696,0.1656,6.5,4
33(E3),K,E,-0.1821,0.1594,15,4
33(E3),K,F,-0.1048,0.2069,13.5,4
33(E3),K,G,-0.1981,0.2682,11.5,4
33(E3),K,H,-0.2501,0.3522,7.5,4
33(E3),K,I,-0.1483,0.2183,14,4
33(E3),K,K,0,0,,4
33(E3),K,L,0.03013,0.1197,7,4
33(E3),K,M,0.0997,0.09824,7,4
33(E3),K,N,0.01741,0.06054,10.5,4
33(E3),K,P,0.3715,0.419,10,4
33(E3),K,Q,0.1679,0.1985,9,4
33(E3),K,R,0.109,0.2118,7.5,4
33(E3),K,S,-0.2166,0.271,8,4
33(E3),K,T,-0.2697,0.1663,10,4
33(E3),K,V,-0.3391,0.253,11.5,4
33(E3),K,W,0.221,0.1861,8.5,4
33(E3),K,Y,0.06038,0.1033,8,4
330(E1),V,-,-0.1387,0.2615,2,4
330(E1),V,A,-0.6845,0.3518,9.5,4
330(E1),V,C,-0.6179,0.3992,8,4
330(E1),V,D,-7.583,0,7.25,4
330(E1),V,E,-7.577,0,8.5,4
330(E1),V,F,-5.424,1.297,6.5,4
330(E1),V,G,-7.579,0,8,4
330(E1),V,H,-7.678,0,9.5,4
330(E1),V,I,-0.0392,0.297,5.5,4
330(E1),V,K,-7.389,0,9.5,4
330(E1),V,L,-0.7473,0.3047,10.5,4
330(E1),V,M,-0.687,0.3564,24.5,4
330(E1),V,N,-7.444,0,5,4
330(E1),V,P,-3.168,0.8949,8,4
330(E1),V,Q,-7.462,0,9,4
330(E1),V,R,-7.479,0,8.5,4
330(E1),V,S,-2.165,1.333,4,4
330(E1),V,T,-0.5051,0.1514,6.5,4
330(E1),V,V,0,0,,4
330(E1),V,W,-7.471,0,10,4
330(E1),V,Y,-7.361,0,7,4
330(E2),W,*,-7.671,0,16.5,4
330(E2),W,-,-0.1501,0.1407,3.5,4
330(E2),W,A,-7.572,0,4.5,4
330(E2),W,C,-7.47,0,14.5,4
330(E2),W,D,-7.556,0,7.5,4
330(E2),W,E,-7.539,0,4,4
330(E2),W,F,-7.312,0,8,4
330(E2),W,G,-7.387,0,7.5,4
330(E2),W,H,-6.967,0,7,4
330(E2),W,I,-7.425,0,5.5,4
330(E2),W,K,-7.567,0,5.5,4
330(E2),W,L,-7.406,0,13,4
330(E2),W,M,-7.514,0,8.5,4
330(E2),W,N,-7.343,0,7,4
330(E2),W,P,-7.633,0,8,4
330(E2),W,Q,-7.513,0,7.5,4
330(E2),W,R,-7.546,0,19.5,4
330(E2),W,S,-7.291,0,6.5,4
330(E2),W,T,-7.351,0,5.5,4
330(E2),W,V,-7.391,0,3,4
330(E2),W,W,0,0,,4
330(E2),W,Y,-6.272,0,6,4
331(E1),H,-,-0.1786,0.6683,2,4
331(E1),H,A,-0.2179,0.1282,10,4
331(E1),H,C,-1.532,0.9123,7,4
331(E1),H,D,-4.221,0.6727,5,4
331(E1),H,E,-7.335,0,7,4
331(E1),H,F,-1.819,0.1247,7.5,4
331(E1),H,G,-3.169,0.4,6.5,4
331(E1),H,H,0,0,,4
331(E1),H,I,-1.276,0.364,9,4
331(E1),H,K,-6.616,0,5.5,4
331(E1),H,L,-4.063,0.1898,8,4
331(E1),H,M,-2.184,0.4975,8.5,4
331(E1),H,N,-1.44,0.3696,10.5,4
331(E1),H,P,-7.533,0,8.75,4
331(E1),H,Q,-2.701,0.3076,13,4
331(E1),H,R,-6.047,0,8.5,4
331(E1),H,S,-2.971,0.4226,10.5,4
331(E1),H,T,-2.623,1.093,4,4
331(E1),H,V,-0.2182,0.1256,5,4
331(E1),H,W,-2.067,1.252,4.5,4
331(E1),H,Y,-0.3534,0.1524,16.25,4
331(E2),G,-,-0.1436,0.4146,3.5,4
331(E2),G,A,-7.454,0,8,4
331(E2),G,C,-7.512,0,10,4
331(E2),G,D,-7.505,0,24.75,4
331(E2),G,E,-7.373,0,5,4
331(E2),G,F,-7.633,0,7.5,4
331(E2),G,G,0,0,,4
331(E2),G,H,-7.403,0,4.5,4
331(E2),G,I,-7.386,0,6,4
331(E2),G,K,-7.423,0,7,4
331(E2),G,L,-7.512,0,5.5,4
331(E2),G,M,-7.17,0,2.5,4
331(E2),G,N,-7.355,0,5,4
331(E2),G,P,-7.377,0,6,4
331(E2),G,Q,-7.516,0,4.5,4
331(E2),G,R,-6.948,0,7,4
331(E2),G,S,-7.37,0,18.5,4
331(E2),G,T,-7.547,0,6,4
331(E2),G,V,-7.541,0,11.5,4
331(E2),G,W,-7.486,0,5,4
331(E2),G,Y,-7.567,0,6,4
332(E1),S,-,-0.4133,0.2712,1.5,4
332(E1),S,A,0.1321,0.08758,7.5,4
332(E1),S,C,-0.9991,0.3364,8,4
332(E1),S,D,-1.279,0.2077,7,4
332(E1),S,E,-2.615,0.4157,7.5,4
332(E1),S,F,-7.617,0,7.5,4
332(E1),S,G,-1.044,0.1922,10.5,4
332(E1),S,H,-3.062,0.2817,7,4
332(E1),S,I,-4.551,0,8,4
332(E1),S,K,-3.925,0.1921,5,4
332(E1),S,L,-6.928,0,7.75,4
332(E1),S,M,-5.014,0,5.5,4
332(E1),S,N,-7.58,0,44.5,4
332(E1),S,P,0.1018,0.08117,4.5,4
332(E1),S,Q,-1.672,0.473,8.5,4
332(E1),S,R,-3.57,0.6038,15,4
332(E1),S,S,0,0,,4
332(E1),S,T,-0.1679,0.2217,8,4
332(E1),S,V,-2.817,1.376,4,4
332(E1),S,W,-7.566,0,8.5,4
332(E1),S,Y,-7.558,0,7,4
332(E2),N,-,-7.549,0,9,4
332(E2),N,A,-7.388,0,5,4
332(E2),N,C,-7.405,0,6,4
332(E2),N,D,-7.592,0,5.5,4
332(E2),N,E,-7.38,0,5.5,4
332(E2),N,F,-7.591,0,7.5,4
332(E2),N,G,-7.341,0,7.5,4
332(E2),N,H,-7.54,0,9,4
332(E2),N,I,-7.354,0,5,4
332(E2),N,K,-6.933,0,4.5,4
332(E2),N,L,-7.478,0,9,4
332(E2),N,M,-7.489,0,6,4
332(E2),N,N,0,0,,4
332(E2),N,P,-7.672,0,6,4
332(E2),N,Q,-7.534,0,4,4
332(E2),N,R,-7.487,0,3.5,4
332(E2),N,S,-6.582,0.1546,7,4
332(E2),N,T,-7.252,0,4,4
332(E2),N,V,-7.568,0,7.5,4
332(E2),N,W,-7.487,0,6,4
332(E2),N,Y,-7.543,0,6.5,4
333(E1),M,*,-7.228,0,0.5,2
333(E1),M,-,-0.5286,0.5359,1.5,4
333(E1),M,A,-2.681,2.037,4,4
333(E1),M,C,-0.2471,0.2097,9,4
333(E1),M,D,-0.4911,0.4128,9,4
333(E1),M,E,-0.9594,0.5192,9.5,4
333(E1),M,F,-0.2691,0.3272,10.5,4
333(E1),M,G,-0.07615,0.301,7,4
333(E1),M,H,-0.1754,0.03041,6.5,4
333(E1),M,I,-0.3052,0.1759,23.75,4
333(E1),M,K,-0.508,0.2367,7.5,4
333(E1),M,L,-0.1111,0.08014,6.5,4
333(E1),M,M,0,0,,4
333(E1),M,N,-0.5874,0.3357,7.5,4
333(E1),M,P,-0.3315,0.3967,7,4
333(E1),M,Q,0.0371,0.2196,6,4
333(E1),M,R,-1.019,0.6888,3.5,4
333(E1),M,S,-0.3865,0.3374,9,4
333(E1),M,T,-0.2868,0.1989,11.5,4
333(E1),M,V,-0.1013,0.2231,9.5,4
333(E1),M,W,-0.9631,0.3763,11,4
333(E1),M,Y,-0.378,0.4296,8,4
333(E2),N,-,-0.9453,0.5261,3,4
333(E2),N,A,-6.92,0,9.5,4
333(E2),N,C,-6.84,0,6.75,4
333(E2),N,D,-7.557,0,10.5,4
333(E2),N,E,-7.592,0,7,4
333(E2),N,F,-7.357,0,7,4
333(E2),N,G,-5.396,0.04936,5.5,4
333(E2),N,H,-3.929,0.7492,7,4
333(E2),N,I,-7.578,0,7,4
333(E2),N,K,-5.735,0.1799,7.5,4
333(E2),N,L,-5.669,0,3,4
333(E2),N,M,-7.063,0,6,4
333(E2),N,N,0,0,,4
333(E2),N,P,-7.239,0,7.75,4
333(E2),N,Q,-5.416,0,8,4
333(E2),N,R,-5.161,0,6.25,4
333(E2),N,S,-6.981,0,10.5,4
333(E2),N,T,-7.386,0,4.5,4
333(E2),N,V,-6.819,0,7.5,4
333(E2),N,W,-7.32,0,4.5,4
333(E2),N,Y,-7.419,0,9,4
334(E1),T,*,-7.617,0,0.5,2
334(E1),T,-,-2.141,1.703,2,4
334(E1),T,A,-0.007325,0.08577,23,4
334(E1),T,C,0.01038,0.09129,3.5,4
334(E1),T,D,-0.2298,0.5676,5,4
334(E1),T,E,0.09929,0.1643,4.5,4
334(E1),T,F,0.1986,0.01505,4.5,2
334(E1),T,G,-1.038,0.4154,6.25,4
334(E1),T,H,-0.1975,0.1035,3,4
334(E1),T,I,-0.1221,0.2508,12,4
334(E1),T,K,0.07853,0.1603,3.5,4
334(E1),T,L,0.244,0.04684,8,4
334(E1),T,M,-0.03702,0.1088,6,4
334(E1),T,N,0.03775,0.4731,11,4
334(E1),T,P,-0.444,0.3235,7,4
334(E1),T,Q,-0.00855,0.1492,6,4
334(E1),T,R,-0.6544,0.8778,4.5,4
334(E1),T,S,0.06809,0.1063,4,4
334(E1),T,T,0,0,,4
334(E1),T,V,0.1351,0.1314,7,4
334(E1),T,W,-0.1911,0.1276,6,4
334(E1),T,Y,0.03395,0.1252,7,4
334(E2),E,*,-7.361,0,7,4
334(E2),E,-,-0.4817,0.4244,3,4
334(E2),E,A,-0.8145,0.4238,3.5,4
334(E2),E,C,-0.8893,0.2065,9,4
334(E2),E,D,0.331,0.1923,9.5,4
334(E2),E,E,0,0,,4
334(E2),E,F,-1.241,0.5759,7,4
334(E2),E,G,-2.49,0.37,11.5,4
334(E2),E,H,-1.3,0.3742,7.5,4
334(E2),E,I,-1.192,0.5426,6,4
334(E2),E,K,-1.181,0.1204,11.5,4
334(E2),E,L,-1.159,0.5848,8.5,4
334(E2),E,M,-0.8874,0.2211,5.5,4
334(E2),E,N,-0.4172,0.4038,3.5,4
334(E2),E,P,-0.4763,0.1514,3.5,4
334(E2),E,Q,-1.035,0.491,9.5,4
334(E2),E,R,-2.52,0.9967,3,4
334(E2),E,S,-2.901,0.2354,8,4
334(E2),E,T,-7.527,0,9.5,4
334(E2),E,V,-1.665,0.3279,7,4
334(E2),E,W,-2.825,0.8469,7.5,4
334(E2),E,Y,-1.562,0.1598,4.5,4
335(E1),N,-,-0.08717,0.04663,1,2
335(E1),N,A,0.1434,0.06255,3,4
335(E1),N,C,-2.728,0.6441,5.5,4
335(E1),N,D,-0.2061,0.2939,8,4
335(E1),N,E,-0.4095,0.4203,4.5,4
335(E1),N,F,0.08249,0.1929,8.5,4
335(E1),N,G,0.2151,0.0565,3.5,4
335(E1),N,H,0.08838,0.2104,7.5,4
335(E1),N,I,-0.5791,0.1761,7.5,4
335(E1),N,K,-0.0619,0.4249,11.5,4
335(E1),N,L,0.05795,0.07612,5.5,4
335(E1),N,M,-0.4934,0.2482,9.75,4
335(E1),N,N,0,0,,4
335(E1),N,P,0.0571,0.1916,7,4
335(E1),N,Q,-0.6912,0.1883,5.5,4
335(E1),N,R,0.1942,0.1192,4,4
335(E1),N,S,-0.3131,0.4658,4.5,4
335(E1),N,T,0.0671,0.1476,4,4
335(E1),N,V,-0.1614,0.1756,5,4
335(E1),N,W,-0.1875,0.4709,4.5,4
335(E1),N,Y,-0.08292,0.03825,8,4
335(E2),P,-,-0.8447,0.7731,3,4
335(E2),P,A,-0.635,0.1757,8.5,4
335(E2),P,C,-4.434,0,4.5,4
335(E2),P,D,-7.505,0,5,4
335(E2),P,E,-7.398,0,4.5,4
335(E2),P,F,-7.604,0,6,4
335(E2),P,G,-6.088,0,3,4
335(E2),P,H,-7.141,0,6.5,4
335(E2),P,I,-6.671,0,3,4
335(E2),P,K,-6.931,0,4.5,4
335(E2),P,L,-7.278,0,6,4
335(E2),P,M,-7.584,0,6,4
335(E2),P,N,-7.104,0,5.5,4
335(E2),P,P,0,0,,4
335(E2),P,Q,-6.493,0,3.5,4
335(E2),P,R,-7.06,0,6.5,4
335(E2),P,S,-7.534,0,8.5,4
335(E2),P,T,-7.509,0,6,4
335(E2),P,V,-3.762,0.6829,4,4
335(E2),P,W,-7.454,0,6,4
335(E2),P,Y,-7.292,0,3.5,4
336(E1),A,-,-0.1186,0.1149,1.5,4
336(E1),A,A,0,0,,4
336(E1),A,C,-2.045,0.2591,7.5,4
336(E1),A,D,-0.2817,0.1872,10.5,4
336(E1),A,E,0.01421,0.2305,5.5,4
336(E1),A,F,-0.1467,0.3181,5.5,4
336(E1),A,G,0.09886,0.217,4.75,4
336(E1),A,H,0.03087,0.1008,6.5,4
336(E1),A,I,-0.4403,0.3785,9,4
336(E1),A,K,-0.4211,0.3777,3.5,4
336(E1),A,L,-0.02946,0.1446,5.5,4
336(E1),A,M,-0.2337,0.3293,4.5,4
336(E1),A,N,-6.008,0,5.5,4
336(E1),A,P,-0.4414,0.4561,6,4
336(E1),A,Q,-0.139,0.03534,5.5,4
336(E1),A,R,-0.443,0.3952,5,4
336(E1),A,S,0.00555,0.212,10.25,4
336(E1),A,T,0.07599,0.03872,17,4
336(E1),A,V,-0.4183,0.1349,9.5,4
336(E1),A,W,0.1225,0.07938,5.5,4
336(E1),A,Y,0.02525,0.1547,4,4
336(E2),Y,*,-6.694,0,4.5,4
336(E2),Y,-,-1.626,1.234,3,4
336(E2),Y,A,-0.1772,0.8403,7,4
336(E2),Y,C,-0.406,0.2098,9,4
336(E2),Y,D,-0.767,0.77,6,4
336(E2),Y,E,-0.6309,0.4868,4,4
336(E2),Y,F,-0.189,0.04832,5,4
336(E2),Y,G,-3.466,0.7617,3.5,4
336(E2),Y,H,-1.123,0.0848,11.5,4
336(E2),Y,I,0.4552,0.1968,5.5,4
336(E2),Y,K,-0.6435,0.4599,3,4
336(E2),Y,L,0.05444,0.1443,7,4
336(E2),Y,M,0.2696,0.1665,3,4
336(E2),Y,N,-0.495,0.4809,4,4
336(E2),Y,P,-7.488,0,3,4
336(E2),Y,Q,-0.3089,0.2781,5,4
336(E2),Y,R,-0.445,0.3212,6,4
336(E2),Y,S,0.375,0.2784,2,2
336(E2),Y,T,0.2851,0.1079,5.5,4
336(E2),Y,V,0.4037,0.1626,6.5,4
336(E2),Y,W,0.0328,0.3067,6,4
336(E2),Y,Y,0,0,,4
337(E1),V,-,-0.09849,0.2098,1.5,4
337(E1),V,A,-0.1209,0.1537,14.5,4
337(E1),V,C,-0.3551,0.4684,7,4
337(E1),V,D,-7.444,0,5.5,4
337(E1),V,E,-7.668,0,10.5,4
337(E1),V,F,-0.4716,0.7201,8.5,4
337(E1),V,G,-7.576,0,4.5,4
337(E1),V,H,-1.831,0.8374,6,4
337(E1),V,I,-0.1305,0.3485,8,4
337(E1),V,K,-7.5,0,7.5,4
337(E1),V,L,-0.05675,0.1319,11,4
337(E1),V,M,-0.3518,0.1204,17.5,4
337(E1),V,N,-6.694,0,5,4
337(E1),V,P,-7.5,0,7.5,4
337(E1),V,Q,-3.079,0.4216,6.5,4
337(E1),V,R,-7.554,0,5.5,4
337(E1),V,S,-7.429,0,8,4
337(E1),V,T,-2.926,0.2967,5.5,4
337(E1),V,V,0,0,,4
337(E1),V,W,-4.376,0,6.75,4
337(E1),V,Y,-1.188,0.1961,3.5,4
337(E2),K,*,-1.321,0.7005,0.5,2
337(E2),K,A,-1.122,0.2489,2,2
337(E2),K,C,-2.22,0.567,5.75,4
337(E2),K,D,-7.54,0,5,4
337(E2),K,E,-5.736,0.8808,3.5,4
337(E2),K,F,-1.078,1.905,3.5,4
337(E2),K,G,-6.252,0,9,4
337(E2),K,H,-1.322,0.4015,6,4
337(E2),K,I,-6.654,0,6.5,4
337(E2),K,K,0,0,,4
337(E2),K,L,-1.884,0.6091,8.5,4
337(E2),K,M,-1.855,0.3617,5.5,4
337(E2),K,N,-1.944,0.5967,9.5,4
337(E2),K,P,-7.084,0,5.5,4
337(E2),K,Q,-1.355,0.3375,6.5,4
337(E2),K,R,0.3301,0.2221,6.5,4
337(E2),K,S,-1.684,0.3872,4.5,4
337(E2),K,T,-1.285,0.5944,8.5,4
337(E2),K,V,-2.462,0.8786,3.5,4
337(E2),K,W,-3.353,1.828,5,4
337(E2),K,Y,-0.982,0.3713,6,4
338(E1),T,-,-0.2101,0.1453,1,4
338(E1),T,A,-0.2763,0.2784,5,4
338(E1),T,C,-2.225,0.149,6.5,4
338(E1),T,D,-1.208,0.1941,7,4
338(E1),T,E,-1.455,0.2907,6.5,4
338(E1),T,F,-1.432,0.3308,7.5,4
338(E1),T,G,-0.9188,0.1711,9,4
338(E1),T,H,-1.162,0.8038,5,4
338(E1),T,I,-0.1792,0.1332,8.75,4
338(E1),T,K,-7.577,0,3,4
338(E1),T,L,-0.4366,0.461,6.5,4
338(E1),T,M,0.06753,0.1749,2,4
338(E1),T,N,-0.538,0.2884,11.5,4
338(E1),T,P,-2.849,0.3325,6.5,4
338(E1),T,Q,-0.85,0.6342,6,4
338(E1),T,R,-7.727,0,4,4
338(E1),T,S,0.04265,0.1548,4.5,4
338(E1),T,T,0,0,,4
338(E1),T,V,-0.0611,0.2613,7,4
338(E1),T,W,-6.559,0,4.5,4
338(E1),T,Y,-2.396,0.2835,5,4
338(E2),Y,*,-7.306,0,3,4
338(E2),Y,A,-7.162,0,6,4
338(E2),Y,C,-7.369,0,6.5,4
338(E2),Y,D,-7.162,0,7,4
338(E2),Y,E,-7.204,0,5,4
338(E2),Y,F,0.2928,0.266,4.5,4
338(E2),Y,G,-3.76,1.538,2.5,4
338(E2),Y,H,-7.404,0,7,4
338(E2),Y,I,-6.143,0,8,4
338(E2),Y,K,-7.674,0,8,4
338(E2),Y,L,-4.194,0.1702,6.5,4
338(E2),Y,M,-3.196,0.389,6.5,4
338(E2),Y,N,-7.267,0,9,4
338(E2),Y,P,-7.587,0,9,4
338(E2),Y,Q,-7.45,0,7.5,4
338(E2),Y,R,-7.603,0,6,4
338(E2),Y,S,-7.58,0,6.5,4
338(E2),Y,T,-7.325,0,4,4
338(E2),Y,V,-6.263,0,5,4
338(E2),Y,W,-0.1376,0.1915,3.5,4
338(E2),Y,Y,0,0,,4
339(E1),I,-,-3.333,1.981,2.5,4
339(E1),I,A,-0.6181,0.3144,7,4
339(E1),I,C,0.03588,0.1243,7.5,4
339(E1),I,D,-7.514,0,7,4
339(E1),I,E,-7.597,0,7.5,4
339(E1),I,F,-0.4929,0.1553,6,4
339(E1),I,G,-7.452,0,7,4
339(E1),I,H,-7.577,0,8,4
339(E1),I,I,0,0,,4
339(E1),I,K,-7.569,0,7.5,4
339(E1),I,L,-0.6381,0.8825,6,4
339(E1),I,M,-0.7609,0.5293,10.5,4
339(E1),I,N,-3.405,0.3428,9.75,4
339(E1),I,P,-2.571,0.35,7.5,4
339(E1),I,Q,-6.869,0,5.5,4
339(E1),I,R,-7.517,0,5.25,4
339(E1),I,S,-2.259,1.188,6,4
339(E1),I,T,-0.1115,0.04188,7.5,4
339(E1),I,V,-0.0451,0.1481,7,4
339(E1),I,W,-4.688,0.3323,8.5,4
339(E1),I,Y,-7.584,0,4,4
339(E2),W,*,-7.665,0,25.5,4
339(E2),W,A,-7.38,0,5.5,4
339(E2),W,C,-7.067,0,8,4
339(E2),W,D,-7.49,0,4.5,4
339(E2),W,E,-7.197,0,6,4
339(E2),W,F,-0.9831,0.2212,6.5,4
339(E2),W,G,-6.777,0,8,4
339(E2),W,H,-4.803,0.01256,8,4
339(E2),W,I,-6.37,0,10.5,4
339(E2),W,K,-6.187,0,5.5,4
339(E2),W,L,-6.579,0,8.5,4
339(E2),W,M,-6.41,0,7.25,4
339(E2),W,N,-6.973,0,3.5,4
339(E2),W,P,-7.489,0,7,4
339(E2),W,Q,-7.282,0,8,4
339(E2),W,R,-7.25,0,5.5,4
339(E2),W,S,-5.752,0,3.5,4
339(E2),W,T,-5.859,0,5,4
339(E2),W,V,-6.295,0,5.5,4
339(E2),W,W,0,0,,4
339(E2),W,Y,-0.4544,0.2214,7.5,4
34(6K),N,*,-7.622,0,14,4
34(6K),N,-,-0.1877,0.1879,1.5,4
34(6K),N,A,-0.18,0.6147,8.5,4
34(6K),N,C,-0.0212,0.1008,8.5,4
34(6K),N,D,-0.09044,0.2872,10.5,4
34(6K),N,E,-0.101,0.3136,8.25,4
34(6K),N,F,-0.08513,0.03689,10.5,4
34(6K),N,G,0.1365,0.0541,4.5,4
34(6K),N,H,0.151,0.3082,10.5,4
34(6K),N,I,0.1472,0.1067,10,4
34(6K),N,K,0.1371,0.06826,6,4
34(6K),N,L,0.1644,0.1641,9.5,4
34(6K),N,M,-0.4844,0.6976,8,4
34(6K),N,N,0,0,,4
34(6K),N,P,0.06312,0.1824,9.75,4
34(6K),N,Q,0.01547,0.02484,10.5,4
34(6K),N,R,-0.06789,0.3007,9,4
34(6K),N,S,-0.01735,0.2022,9.5,4
34(6K),N,T,-0.4319,0.4264,5,4
34(6K),N,V,-0.1198,0.07867,7.5,4
34(6K),N,W,-0.03141,0.1172,10.5,4
34(6K),N,Y,-0.1875,0.3898,10.5,4
34(E1),L,A,-0.4749,0.1836,8,4
34(E1),L,C,-0.2557,0.4708,3.75,4
34(E1),L,D,-0.3528,0.246,8,4
34(E1),L,E,-0.405,0.4547,7,4
34(E1),L,F,-0.04473,0.2071,7,4
34(E1),L,G,-1.534,0.3186,7,4
34(E1),L,H,-0.1229,0.1959,9,4
34(E1),L,I,0.04707,0.3154,10.5,4
34(E1),L,K,0.07455,0.104,8.5,4
34(E1),L,L,0,0,,4
34(E1),L,M,-0.07207,0.05953,10,4
34(E1),L,N,-0.04025,0.2625,5.5,4
34(E1),L,P,-7.48,0,10,4
34(E1),L,Q,-0.5041,0.2747,6.5,4
34(E1),L,R,-0.1359,0.2219,9,4
34(E1),L,S,-0.7865,0.6038,7,4
34(E1),L,T,-0.2164,0.3163,6.5,4
34(E1),L,V,-0.6002,0.189,6.75,4
34(E1),L,W,-1.225,0.688,5.5,4
34(E1),L,Y,-0.451,0.2105,6,4
34(E2),L,-,-5.176,0,0.5,2
34(E2),L,A,-7.438,0,6,4
34(E2),L,C,-5.805,0,8,4
34(E2),L,D,-7.316,0,5,4
34(E2),L,E,-7.52,0,9.5,4
34(E2),L,F,-4.197,0.1789,5.5,4
34(E2),L,G,-7.604,0,10,4
34(E2),L,H,-7.405,0,9.5,4
34(E2),L,I,-0.4263,0.2602,8,4
34(E2),L,K,-7.392,0,9.5,4
34(E2),L,L,0,0,,4
34(E2),L,M,-0.6316,0.1249,7,4
34(E2),L,N,-7.303,0,9.5,4
34(E2),L,P,-7.317,0,18,4
34(E2),L,Q,-0.9746,0.1459,7.25,4
34(E2),L,R,-7.474,0,7.25,4
34(E2),L,S,-7.57,0,7,4
34(E2),L,T,-2.43,0.6138,7,4
34(E2),L,V,-0.9961,0.7661,6.5,4
34(E2),L,W,-7.364,0,14.5,4
34(E2),L,Y,-7.636,0,9.5,4
34(E3),T,*,-7.587,0,10.5,4
34(E3),T,-,-4.065,1.774,2,4
34(E3),T,A,-0.4138,0.01739,9.5,4
34(E3),T,C,-0.8177,0.4449,7,4
34(E3),T,D,-1.213,0.4756,7,4
34(E3),T,E,-3.591,0.7907,7,4
34(E3),T,F,-4.308,0.1677,9,4
34(E3),T,G,-2.209,0.2955,0.5,2
34(E3),T,H,-4.223,0.06062,11.5,4
34(E3),T,I,-0.2979,0.2005,14.5,4
34(E3),T,K,-7.46,0,7,4
34(E3),T,L,-1.027,0.397,7.5,4
34(E3),T,M,-1.643,0.4814,7,4
34(E3),T,N,-1.766,0.02487,10,4
34(E3),T,P,-4.941,0,9.5,4
34(E3),T,Q,-3.226,0.6931,10,4
34(E3),T,R,-5.345,0,7,4
34(E3),T,S,-1.147,0.434,4,4
34(E3),T,T,0,0,,4
34(E3),T,V,-0.7733,0.7445,9.5,4
34(E3),T,W,-3.397,1.289,8,4
34(E3),T,Y,-1.573,0.1159,8,4
340(E1),R,-,-0.321,0.4198,2,4
340(E1),R,A,-0.751,0.3877,7,4
340(E1),R,C,-0.8828,0.3398,4,4
340(E1),R,D,-7.295,0,7,4
340(E1),R,E,-3.375,0.1969,6,4
340(E1),R,F,-7.618,0,8,4
340(E1),R,G,-5.617,0,5.5,4
340(E1),R,H,-2.282,0.6239,6,4
340(E1),R,I,-6.339,0,6.5,4
340(E1),R,K,0.2185,0.02499,3,4
340(E1),R,L,-0.8588,0.483,12.5,4
340(E1),R,M,-1.03,0.09824,6.5,4
340(E1),R,N,-5.575,0,8,4
340(E1),R,P,-7.391,0,7.5,4
340(E1),R,Q,-0.307,0.2514,33.25,4
340(E1),R,R,0,0,,4
340(E1),R,S,-1.456,0.4578,4.75,4
340(E1),R,T,-7.428,0,6,4
340(E1),R,V,-7.52,0,7,4
340(E1),R,W,-7.324,0,13.5,4
340(E1),R,Y,-6.38,0,4.5,4
340(E2),P,A,-0.1181,0.2732,3.5,4
340(E2),P,C,-0.3539,0.4216,2.5,4
340(E2),P,D,-3.109,0.3191,5.5,4
340(E2),P,E,-5.611,0,5,4
340(E2),P,F,-2.946,1.005,4.5,4
340(E2),P,G,-4.68,0.87,4.5,4
340(E2),P,H,-2.845,0.6087,8.5,4
340(E2),P,I,-0.8903,0.1869,9.5,4
340(E2),P,K,-1.041,1.042,4.5,4
340(E2),P,L,0.07523,0.4551,8,4
340(E2),P,M,-1.345,0.3387,4.5,4
340(E2),P,N,0.355,0.1159,5,4
340(E2),P,P,0,0,,4
340(E2),P,Q,-1.437,0.1942,4.5,4
340(E2),P,R,-1.077,1.169,3,4
340(E2),P,S,-0.5369,0.9964,9,4
340(E2),P,T,-0.6535,0.1918,6.5,4
340(E2),P,V,-1.25,0.7708,5,4
340(E2),P,W,-3.94,0.1553,3.5,4
340(E2),P,Y,-1.451,1.114,6,4
341(E1),E,*,-7.536,0,4,4
341(E1),E,-,-0.2589,0.2214,2,4
341(E1),E,A,-1.846,0.6801,5.25,4
341(E1),E,C,-4.981,0,7.5,4
341(E1),E,D,-1.054,0.5129,11,4
341(E1),E,E,0,0,,4
341(E1),E,F,-6.396,0,11,4
341(E1),E,G,-2.41,0.1889,7.5,4
341(E1),E,H,-3.364,0.4141,7.25,4
341(E1),E,I,-4.536,0.05889,4,4
341(E1),E,K,-5.203,0,50.5,4
341(E1),E,L,-5.643,0,7,4
341(E1),E,M,-6.032,0,11,4
341(E1),E,N,-1.469,0.2439,7.5,4
341(E1),E,P,-6.724,0,11,4
341(E1),E,Q,-0.08983,0.1485,8,4
341(E1),E,R,-3.772,0.3338,8.5,4
341(E1),E,S,-4.168,0.3044,8.5,4
341(E1),E,T,-3.048,0.5074,5.5,4
341(E1),E,V,-3.365,0.6022,6.25,4
341(E1),E,W,-7.417,0,9.75,4
341(E1),E,Y,-6.903,0,6.5,4
341(E2),Q,*,-7.685,0,5,4
341(E2),Q,A,0.4688,0.2262,10.5,4
341(E2),Q,C,-0.8687,0.248,7.5,4
341(E2),Q,D,-3.502,0.4881,5.5,4
341(E2),Q,E,-0.3991,0.3979,3.5,4
341(E2),Q,F,-2.031,0.5165,8.25,4
341(E2),Q,G,-0.8651,0.185,2,2
341(E2),Q,H,-0.8056,0.2568,7,4
341(E2),Q,I,0.4168,0.1381,4,4
341(E2),Q,K,-1.321,0.5051,13,4
341(E2),Q,L,0.3356,0.0699,4,4
341(E2),Q,M,0.04421,0.08388,9.5,4
341(E2),Q,N,-0.07315,0.1546,5.5,4
341(E2),Q,P,-3.72,0.1766,8,4
341(E2),Q,Q,0,0,,4
341(E2),Q,R,-0.005543,0.08432,10.5,4
341(E2),Q,S,-0.1284,0.05768,7.5,4
341(E2),Q,T,0.414,0.1665,8.5,4
341(E2),Q,V,0.4894,0.1193,5.5,4
341(E2),Q,W,-1.305,0.5816,8.25,4
341(E2),Q,Y,-1.276,0.2223,8,4
342(E1),A,-,-0.2212,0.1352,1.5,4
342(E1),A,A,0,0,,4
342(E1),A,C,-0.3828,0.2339,4.25,4
342(E1),A,D,-3.256,0.3506,6.5,4
342(E1),A,E,-6.06,0,3.5,4
342(E1),A,F,-0.9073,0.1738,4,4
342(E1),A,G,0.1009,0.1762,5.5,4
342(E1),A,H,-0.6982,0.3807,8,4
342(E1),A,I,-0.02039,0.5821,5.5,4
342(E1),A,K,-4.12,1.795,4,4
342(E1),A,L,-0.3157,0.1554,6.5,4
342(E1),A,M,-0.4368,0.4487,5,4
342(E1),A,N,-0.2727,0.04588,4,4
342(E1),A,P,0.106,0.06749,7.5,4
342(E1),A,Q,-4.58,0.2611,4,4
342(E1),A,R,-7.268,0,2.75,4
342(E1),A,S,-0.0557,0.08246,5,4
342(E1),A,T,-0.08512,0.3187,11.5,4
342(E1),A,V,-0.3885,0.4564,28.5,4
342(E1),A,W,-0.5076,0.3221,7.5,4
342(E1),A,Y,-0.4541,0.3202,7.5,4
342(E2),L,A,0.1305,0.3701,6.5,4
342(E2),L,C,-0.6831,0.1688,5,4
342(E2),L,D,-0.2173,0.2571,5,4
342(E2),L,E,-0.2938,0.4579,5,4
342(E2),L,F,-0.3059,0.2092,6.5,4
342(E2),L,G,0.3049,0.23,5,4
342(E2),L,H,0.1794,0.2879,5,4
342(E2),L,I,0.06766,0.05936,7.5,4
342(E2),L,K,-0.3093,0.05628,8,4
342(E2),L,L,0,0,,4
342(E2),L,M,0.1737,0.1859,14,4
342(E2),L,N,-3.824,0.3045,5.5,4
342(E2),L,P,0.2137,0.06497,5.5,4
342(E2),L,Q,-0.3997,0.7383,7,4
342(E2),L,R,0.1408,0.1338,4.5,4
342(E2),L,S,0.1895,0.1358,7.5,4
342(E2),L,T,0.3875,0.1419,5.25,4
342(E2),L,V,-0.08735,0.283,8,4
342(E2),L,W,-0.138,0.1806,10.5,4
342(E2),L,Y,-0.04025,0.2204,5.5,4
343(E1),E,*,-7.566,0,6,4
343(E1),E,-,-0.9692,1.114,1.5,4
343(E1),E,A,-0.245,0.297,9.5,4
343(E1),E,C,-1.398,0.4715,9.25,4
343(E1),E,D,-0.06491,0.1887,12.5,4
343(E1),E,E,0,0,,4
343(E1),E,F,-0.02945,0.2262,4.5,4
343(E1),E,G,-0.1491,0.2934,7.5,4
343(E1),E,H,-0.8057,0.4561,8,4
343(E1),E,I,-0.7707,0.08226,8,4
343(E1),E,K,-3.115,0.3284,21.5,4
343(E1),E,L,-0.4608,0.203,8,4
343(E1),E,M,-0.0324,0.1947,6,4
343(E1),E,N,-0.04286,0.09191,10.5,4
343(E1),E,P,-7.569,0,5.5,4
343(E1),E,Q,-0.4678,0.2082,3.5,4
343(E1),E,R,-0.6813,0.7442,4,4
343(E1),E,S,-0.14,0.06375,5.5,4
343(E1),E,T,-0.3862,0.3177,7,4
343(E1),E,V,-0.2819,0.2535,10.5,4
343(E1),E,W,-0.09046,0.0998,7,4
343(E1),E,Y,-0.05995,0.2264,7,4
343(E2),S,A,-0.2158,0.1983,7,4
343(E2),S,C,-1.847,0.7094,7.5,4
343(E2),S,D,-0.7191,0.4309,2.5,4
343(E2),S,E,-0.0452,0.2552,5.5,4
343(E2),S,F,-0.8791,0.2613,9,4
343(E2),S,G,-0.5448,0.3193,6,4
343(E2),S,H,-0.5094,0.4021,5.5,4
343(E2),S,I,0.05771,0.131,3,4
343(E2),S,K,-0.7176,0.3008,6.5,4
343(E2),S,L,-1.293,0.218,5.5,4
343(E2),S,M,-0.5621,0.2082,5,4
343(E2),S,N,-0.337,0.7105,5,4
343(E2),S,P,-0.6217,0.05871,14.5,4
343(E2),S,Q,-0.3271,0.5157,5.5,4
343(E2),S,R,-0.2875,0.4873,8.5,4
343(E2),S,S,0,0,,4
343(E2),S,T,-0.2156,0.2607,8,4
343(E2),S,V,0.2788,0.09554,8.5,4
343(E2),S,W,-0.2273,0.1253,8,4
343(E2),S,Y,-0.744,0.1718,6.5,4
344(E1),I,-,-1.501,1.616,2,4
344(E1),I,A,-0.1826,0.1562,5.5,4
344(E1),I,C,-0.02318,0.1044,6.5,4
344(E1),I,D,-0.1554,0.2783,7.5,4
344(E1),I,E,-0.1234,0.1367,9,4
344(E1),I,F,-0.5366,0.2156,6.5,4
344(E1),I,G,-0.2378,0.1819,5,4
344(E1),I,H,-0.4186,0.5511,4,4
344(E1),I,I,0,0,,4
344(E1),I,K,-0.6585,0.1855,5,4
344(E1),I,L,-0.1633,0.4383,4,4
344(E1),I,M,0.01873,0.05215,3.5,4
344(E1),I,N,-0.3692,0.05207,6.5,4
344(E1),I,P,-2.372,0.898,6,4
344(E1),I,Q,-0.2635,0.2571,5.5,4
344(E1),I,R,-1.602,1.478,3,4
344(E1),I,S,0.1152,0.03442,5.25,4
344(E1),I,T,-0.08378,0.06603,6,4
344(E1),I,V,0.04643,0.08434,10.5,4
344(E1),I,W,-0.3864,0.7017,4,4
344(E1),I,Y,-1.732,0.5156,6,4
344(E2),T,-,-2.8,0.1265,0.5,2
344(E2),T,A,0.2495,0.07923,7.5,4
344(E2),T,C,-1.664,0.1337,7.5,4
344(E2),T,D,-0.5113,0.5477,6.5,4
344(E2),T,E,-0.4482,0.4984,5.5,4
344(E2),T,F,0.06985,0.3197,3,4
344(E2),T,G,-0.2293,0.3726,4.5,4
344(E2),T,H,-0.0757,0.7847,3.5,4
344(E2),T,I,0.339,0.08964,11.5,4
344(E2),T,K,-0.1692,0.2501,6,4
344(E2),T,L,0.02015,0.3108,5,4
344(E2),T,M,0.38,0.1573,5.5,4
344(E2),T,N,-0.1145,0.1802,8.5,4
344(E2),T,P,0.01524,0.04322,7,4
344(E2),T,Q,-0.3865,0.3469,6.5,4
344(E2),T,R,0.2165,0.1655,4.5,4
344(E2),T,S,0.33,0.1738,4,4
344(E2),T,T,0,0,,4
344(E2),T,V,0.1529,0.09579,5,4
344(E2),T,W,-0.3943,0.1567,4,4
344(E2),T,Y,0.257,0.07219,6.5,4
345(E1),E,*,-7.377,0,8.5,4
345(E1),E,-,-0.1476,0.2184,1,4
345(E1),E,A,-0.09581,0.08375,9.5,4
345(E1),E,C,-0.1596,0.2058,6.5,4
345(E1),E,D,-0.04714,0.1398,9.5,4
345(E1),E,E,0,0,,4
345(E1),E,F,0.07358,0.1328,9.5,4
345(E1),E,G,-0.03544,0.1593,13,4
345(E1),E,H,-0.01278,0.1259,9.5,4
345(E1),E,I,-0.05739,0.1218,7,4
345(E1),E,K,0.06035,0.02814,37,4
345(E1),E,L,0.0347,0.08165,6.5,4
345(E1),E,M,-0.2379,0.3345,9.25,4
345(E1),E,N,-0.04425,0.1729,8,4
345(E1),E,P,0.1169,0.0264,7.5,4
345(E1),E,Q,0.1321,0.1444,7,4
345(E1),E,R,-0.06002,0.1886,8,4
345(E1),E,S,0.1751,0.06355,8.5,4
345(E1),E,T,0.1051,0.04604,9,4
345(E1),E,V,0.01525,0.1727,10,4
345(E1),E,W,0.06641,0.1373,12.25,4
345(E1),E,Y,-0.2266,0.5621,10,4
345(E2),N,A,0.3014,0.1585,4.5,4
345(E2),N,C,-1.348,0.2529,6,4
345(E2),N,D,0.5038,0.3216,6,4
345(E2),N,E,-0.0807,0.1161,10,4
345(E2),N,F,0.3607,0.1963,6,4
345(E2),N,G,-0.1405,0.5219,3.5,4
345(E2),N,H,0.0044,1.13,3.5,4
345(E2),N,I,0.0078,0.09484,4.5,4
345(E2),N,K,-0.04685,0.5368,6.5,4
345(E2),N,L,0.1485,0.3046,7,4
345(E2),N,M,0.2638,0.1428,9,4
345(E2),N,N,0,0,,4
345(E2),N,P,0.3403,0.2332,8,4
345(E2),N,Q,-0.1555,0.5299,3,4
345(E2),N,R,-0.5392,0.2754,3,4
345(E2),N,S,0.1744,0.2419,9,4
345(E2),N,T,0.1124,0.1472,8,4
345(E2),N,V,0.2571,0.2418,1.5,4
345(E2),N,W,-0.06671,0.05113,5,4
345(E2),N,Y,0.2157,0.1914,8,4
346(E1),V,-,-0.1827,0.2239,1,4
346(E1),V,A,-0.7791,0.3704,9.5,4
346(E1),V,C,-0.8155,0.3066,4.5,4
346(E1),V,D,-7.617,0,8.5,4
346(E1),V,E,-7.48,0,6,4
346(E1),V,F,-4.006,0.405,9.5,4
346(E1),V,G,-7.63,0,6,4
346(E1),V,H,-7.407,0,7,4
346(E1),V,I,-0.2788,0.3948,7.5,4
346(E1),V,K,-7.626,0,4,4
346(E1),V,L,-0.4324,0.09789,7.5,4
346(E1),V,M,-1.246,0.06514,13,4
346(E1),V,N,-7.571,0,5,4
346(E1),V,P,-5.581,0,8,4
346(E1),V,Q,-7.677,0,8,4
346(E1),V,R,-7.47,0,7.5,4
346(E1),V,S,-6.666,0,7.5,4
346(E1),V,T,-0.7968,0.5421,8.5,4
346(E1),V,V,0,0,,4
346(E1),V,W,-7.453,0,5.5,4
346(E1),V,Y,-7.553,0,7.5,4
346(E2),G,A,0.161,0.1063,7.5,4
346(E2),G,C,-1.539,0.6282,9,4
346(E2),G,D,-0.354,0.1886,52.5,4
346(E2),G,E,-0.7564,0.4295,6,4
346(E2),G,F,-0.3596,0.3779,6.5,4
346(E2),G,G,0,0,,4
346(E2),G,H,-0.2207,0.1972,9,4
346(E2),G,I,0.2619,0.1827,3,4
346(E2),G,K,-0.03127,0.2751,6,4
346(E2),G,L,-0.1031,0.05356,3.5,2
346(E2),G,M,-0.1076,0.6149,4,4
346(E2),G,N,0.266,0.1163,7,4
346(E2),G,P,0.05098,0.07613,4,4
346(E2),G,Q,0.03338,0.1953,7,4
346(E2),G,R,-0.1781,0.4479,5,4
346(E2),G,S,0.2442,0.1191,12,4
346(E2),G,T,0.241,0.04734,9.5,4
346(E2),G,V,0.05305,0.3855,8,4
346(E2),G,W,0.4478,0.07183,4.5,4
346(E2),G,Y,0.2233,0.3749,10,4
347(E1),E,*,-7.518,0,3.5,4
347(E1),E,-,0.05648,0.1239,1,4
347(E1),E,A,-0.6569,0.7385,8,4
347(E1),E,C,-0.3179,0.1675,7,4
347(E1),E,D,-0.3165,0.0485,16,4
347(E1),E,E,0,0,,4
347(E1),E,F,-0.4895,0.128,10,4
347(E1),E,G,-0.1182,0.1941,14.5,4
347(E1),E,H,0.1069,0.1927,9,4
347(E1),E,I,0.04992,0.1063,10,4
347(E1),E,K,-0.2221,0.02261,48.25,4
347(E1),E,L,-0.5214,0.3008,6.5,4
347(E1),E,M,-0.02091,0.06013,7,4
347(E1),E,N,-0.1747,0.1618,9.5,4
347(E1),E,P,-0.4092,0.7399,7.5,4
347(E1),E,Q,0.02418,0.06857,6.5,4
347(E1),E,R,-0.7597,0.2924,9,4
347(E1),E,S,-0.7127,0.3735,7,4
347(E1),E,T,-0.03415,0.3461,9.5,4
347(E1),E,V,-0.03829,0.3566,9,4
347(E1),E,W,-0.2196,0.3079,5.75,4
347(E1),E,Y,0.04982,0.1625,6.75,4
347(E2),T,A,0.3025,0.02338,9,4
347(E2),T,C,-2.39,0.3796,8,4
347(E2),T,D,-0.3082,0.2512,5,4
347(E2),T,E,0.0104,0.2604,5.5,4
347(E2),T,F,0.1971,0.3611,4,4
347(E2),T,G,-0.4042,0.4389,6,4
347(E2),T,H,0.1863,0.09429,8,4
347(E2),T,I,0.1192,0.07618,16.5,4
347(E2),T,K,0.1438,0.1969,8.5,4
347(E2),T,L,-0.03118,0.3231,5,4
347(E2),T,M,0.4266,0.1678,4,4
347(E2),T,N,0.2975,0.04493,6,4
347(E2),T,P,0.2779,0.1533,8,4
347(E2),T,Q,-0.2099,0.3528,4,4
347(E2),T,R,-0.06042,0.175,5.5,4
347(E2),T,S,-0.1748,0.3674,7.5,4
347(E2),T,T,0,0,,4
347(E2),T,V,0.3398,0.1404,7,4
347(E2),T,W,0.4133,0.1543,10.5,4
347(E2),T,Y,0.4315,0.2698,2.5,4
348(E1),G,-,-0.2434,0.222,1,4
348(E1),G,A,-0.2141,0.3683,6,4
348(E1),G,C,-4.004,0.1283,10.5,4
348(E1),G,D,-0.3173,0.1294,33.5,4
348(E1),G,E,-0.3044,0.5531,5,4
348(E1),G,F,0.05982,0.03144,9,4
348(E1),G,G,0,0,,4
348(E1),G,H,-0.1537,0.2024,9.5,4
348(E1),G,I,-0.5677,0.368,5.25,4
348(E1),G,K,-0.1762,0.1508,5.5,4
348(E1),G,L,-0.1369,0.25,8.5,4
348(E1),G,M,-0.0634,0.2409,6,4
348(E1),G,N,-0.1545,0.1057,6.5,4
348(E1),G,P,-0.5264,0.3872,7,4
348(E1),G,Q,-0.1894,0.4564,9.5,4
348(E1),G,R,-0.02145,0.05418,8.5,4
348(E1),G,S,-0.07378,0.09046,18,4
348(E1),G,T,-0.05161,0.06747,5.75,4
348(E1),G,V,-0.9355,0.6364,10,4
348(E1),G,W,-0.1154,0.04526,6.5,4
348(E1),G,Y,0.1953,0.09611,8.5,4
348(E2),A,A,0,0,,4
348(E2),A,C,-3.809,0.3684,4.5,4
348(E2),A,D,-0.71,0.4733,7.5,4
348(E2),A,E,-0.5338,0.4614,4.5,4
348(E2),A,F,0.09982,0.1396,5,4
348(E2),A,G,-0.1687,0.1913,7.75,4
348(E2),A,H,0.1681,0.1919,5,4
348(E2),A,I,-0.1921,0.4352,6,4
348(E2),A,K,0.08138,0.3861,7.75,4
348(E2),A,L,0.2829,0.1854,6,4
348(E2),A,M,0.2024,0.2481,4,4
348(E2),A,N,0.2387,0.2278,8,4
348(E2),A,P,0.2795,0.0208,9.5,4
348(E2),A,Q,0.05936,0.06296,5.5,4
348(E2),A,R,-0.09144,0.2607,7.5,4
348(E2),A,S,-0.0007,0.2339,14,4
348(E2),A,T,0.1752,0.09049,19,4
348(E2),A,V,0.1267,0.04227,17,4
348(E2),A,W,0.3574,0.06164,2.5,4
348(E2),A,Y,0.3775,0.247,4,4
349(E1),N,-,-0.1691,0.02795,1.5,4
349(E1),N,A,0.03294,0.1143,5,4
349(E1),N,C,-1.182,0.7265,6,4
349(E1),N,D,0.08898,0.0953,10,4
349(E1),N,E,0.1142,0.1551,6,4
349(E1),N,F,-0.02202,0.1255,7.25,4
349(E1),N,G,-0.8383,0.4335,7.25,4
349(E1),N,H,-0.4358,0.3475,7.5,4
349(E1),N,I,-0.08345,0.2903,4,4
349(E1),N,K,0.008975,0.1485,16,4
349(E1),N,L,0.2475,0.02013,5.5,4
349(E1),N,M,0.2062,0.03756,6,4
349(E1),N,N,0,0,,4
349(E1),N,P,-0.3295,0.2333,8,4
349(E1),N,Q,0.0503,0.09531,6,4
349(E1),N,R,-0.0032,0.2139,7.5,4
349(E1),N,S,-0.2331,0.1477,12,4
349(E1),N,T,-0.0014,0.299,5.5,4
349(E1),N,V,-0.05017,0.2474,7,4
349(E1),N,W,-0.2237,0.4809,4,4
349(E1),N,Y,0.2041,0.05376,6,4
349(E2),H,-,-0.2458,0.2454,0.5,2
349(E2),H,A,-0.1396,0.1331,5,4
349(E2),H,C,-2.167,0.6749,5,4
349(E2),H,D,-0.2557,0.5079,6,4
349(E2),H,E,0.2093,0.3698,5.5,4
349(E2),H,F,-0.3286,0.3088,10,4
349(E2),H,G,-0.345,0.459,5.5,4
349(E2),H,H,0,0,,4
349(E2),H,I,-0.01438,0.1846,8.5,4
349(E2),H,K,0.0673,0.1841,6.5,4
349(E2),H,L,0.03992,0.2346,6,4
349(E2),H,M,-0.4823,0.4129,6,4
349(E2),H,N,-0.2403,0.2117,10.5,4
349(E2),H,P,0.3731,0.2141,7,4
349(E2),H,Q,-0.1769,0.252,13,4
349(E2),H,R,0.2784,0.5274,6,4
349(E2),H,S,-0.1754,0.2591,7,4
349(E2),H,T,-0.06137,0.1107,10,4
349(E2),H,V,0.4658,0.2893,6.5,4
349(E2),H,W,-0.2356,0.2099,6.5,4
349(E2),H,Y,0.05684,0.1472,9,4
35(6K),C,*,-7.591,0,1.5,2
35(6K),C,-,0.05466,0.1987,1,4
35(6K),C,A,-0.1424,0.1964,8,4
35(6K),C,C,0,0,,4
35(6K),C,D,-0.07339,0.199,8,4
35(6K),C,E,-0.3786,0.2475,7.5,4
35(6K),C,F,0.0814,0.1146,10,4
35(6K),C,G,-0.112,0.361,7,4
35(6K),C,H,0.2146,0.06122,5.25,4
35(6K),C,I,-0.6462,0.31,6.5,4
35(6K),C,K,-0.2175,0.1054,8.5,4
35(6K),C,L,0.04509,0.04633,11.5,4
35(6K),C,M,-0.08302,0.3012,9,4
35(6K),C,N,0.0095,0.1819,10,4
35(6K),C,P,-0.1458,0.1349,5.5,4
35(6K),C,Q,-0.0067,0.1705,9.5,4
35(6K),C,R,-0.06305,0.2653,5.5,4
35(6K),C,S,0.05477,0.1379,12,4
35(6K),C,T,0.02371,0.08541,8.75,4
35(6K),C,V,0.1924,0.03039,7,4
35(6K),C,W,-0.08871,0.1367,9.5,4
35(6K),C,Y,-0.2105,0.3109,17.5,4
35(E1),S,-,-3.612,0.2735,0.5,2
35(E1),S,A,0.1074,0.07106,9.5,4
35(E1),S,C,-0.2672,0.1137,8,4
35(E1),S,D,-0.2116,0.07539,8.5,4
35(E1),S,E,-0.2856,0.4919,6.5,4
35(E1),S,F,-0.6356,0.3443,10.5,4
35(E1),S,G,-0.1091,0.329,7,4
35(E1),S,H,0.06846,0.2057,10,4
35(E1),S,I,0.03748,0.09929,6,4
35(E1),S,K,-0.4379,0.5199,6.5,4
35(E1),S,L,-0.1769,0.1531,5,4
35(E1),S,M,0.1837,0.05606,4,4
35(E1),S,N,0.03125,0.1869,6.5,4
35(E1),S,P,-7.29,0,10,4
35(E1),S,Q,0.1469,0.00321,4.5,4
35(E1),S,R,-0.1198,0.2739,7,4
35(E1),S,S,0,0,,4
35(E1),S,T,-0.1252,0.09301,12.25,4
35(E1),S,V,0.2215,0.2053,4,4
35(E1),S,W,0.03485,0.1563,6.5,4
35(E1),S,Y,-0.2435,0.1401,11.5,4
35(E2),E,*,-7.207,0,5.5,4
35(E2),E,-,-2.871,1.676,1,4
35(E2),E,A,-7.011,0,6.5,4
35(E2),E,C,-7.219,0,12.5,4
35(E2),E,D,-5.499,0,10,4
35(E2),E,E,0,0,,4
35(E2),E,F,-7.466,0,8.5,4
35(E2),E,G,-7.304,0,14,4
35(E2),E,H,-7.575,0,8,4
35(E2),E,I,-7.475,0,8.5,4
35(E2),E,K,-7.526,0,36.5,4
35(E2),E,L,-7.621,0,11,4
35(E2),E,M,-7.24,0,5.5,4
35(E2),E,N,-7.351,0,6.5,4
35(E2),E,P,-7.543,0,9.5,4
35(E2),E,Q,-7.218,0,11,4
35(E2),E,R,-7.62,0,8.75,4
35(E2),E,S,-7.29,0,6.5,4
35(E2),E,T,-7.543,0,10.5,4
35(E2),E,V,-7.122,0,5,4
35(E2),E,W,-7.624,0,5.25,4
35(E2),E,Y,-7.582,0,5,4
35(E3),L,-,-2.433,0.1195,1.5,2
35(E3),L,A,-3.627,0.2686,9,4
35(E3),L,C,-0.8999,0.3084,9.5,4
35(E3),L,D,-7.566,0,6,4
35(E3),L,E,-3.614,0.7474,3.75,4
35(E3),L,F,-2.349,0.3348,15,4
35(E3),L,G,-7.071,0,7.5,4
35(E3),L,H,-5.016,0.6187,4.5,4
35(E3),L,I,-0.1519,0.5007,7.5,4
35(E3),L,K,-5.695,0,8,4
35(E3),L,L,0,0,,4
35(E3),L,M,-0.4278,0.3634,11.5,4
35(E3),L,N,-5.923,0.07794,6.5,4
35(E3),L,P,-7.143,0,9.5,4
35(E3),L,Q,-4.966,0,11.5,4
35(E3),L,R,-4.644,0,9,4
35(E3),L,S,-4.205,0.02468,6.5,4
35(E3),L,T,-3.141,0.7292,7.5,4
35(E3),L,V,-4.089,1.506,8.5,4
35(E3),L,W,-4.461,0,9,4
35(E3),L,Y,-4.55,0.207,12.5,4
350(E1),S,-,-0.1405,0.09807,1,4
350(E1),S,A,0.1243,0.1422,9.5,4
350(E1),S,C,-2.38,0.08165,8.5,4
350(E1),S,D,0.1135,0.199,7.5,4
350(E1),S,E,-0.2485,0.3384,8,4
350(E1),S,F,-0.3792,0.334,4,4
350(E1),S,G,0.1323,0.08554,9,4
350(E1),S,H,-0.2032,0.4145,9,4
350(E1),S,I,-0.9981,0.1246,12,4
350(E1),S,K,-0.0455,0.3955,7.5,4
350(E1),S,L,-0.1588,0.2392,7,4
350(E1),S,M,-0.3488,0.2156,7,4
350(E1),S,N,-0.03141,0.04333,20.5,4
350(E1),S,P,-0.3606,0.5471,4,4
350(E1),S,Q,0.07353,0.3769,8,4
350(E1),S,R,-0.7919,0.9436,13.5,4
350(E1),S,S,0,0,,4
350(E1),S,T,-0.07505,0.4017,7,4
350(E1),S,V,-0.5145,0.1503,6.5,4
350(E1),S,W,0.1449,0.07137,8.5,4
350(E1),S,Y,0.05833,0.229,9,4
350(E2),G,*,-7.461,0,6,4
350(E2),G,-,-0.068,0.2005,0.5,2
350(E2),G,A,0.4118,0.0429,8,4
350(E2),G,C,-3.026,0.5705,6,4
350(E2),G,D,0.1883,0.1693,7.5,4
350(E2),G,E,-0.4589,0.3263,16,4
350(E2),G,F,0.392,0.07589,10.5,4
350(E2),G,G,0,0,,4
350(E2),G,H,0.2112,0.07625,9,4
350(E2),G,I,0.4595,0.04425,9,4
350(E2),G,K,0.2589,0.2625,7.5,4
350(E2),G,L,0.4276,0.08797,6.5,4
350(E2),G,M,0.3614,0.2478,5.5,4
350(E2),G,N,0.04484,0.1101,9.5,4
350(E2),G,P,0.4094,0.05515,4.5,4
350(E2),G,Q,-0.4477,0.6966,4.5,4
350(E2),G,R,0.1959,0.1943,19.5,4
350(E2),G,S,0.2137,0.1578,8.5,4
350(E2),G,T,0.288,0.2508,7.5,4
350(E2),G,V,0.306,0.2291,9,4
350(E2),G,W,0.1834,0.1164,6.5,4
350(E2),G,Y,0.3929,0.06798,4.5,4
351(E1),Q,*,-7.409,0,4.5,4
351(E1),Q,-,-0.1011,0.3388,1,4
351(E1),Q,A,0.2358,0.08745,8,4
351(E1),Q,C,-0.9725,0.3748,8.5,4
351(E1),Q,D,0.1208,0.1769,7.5,4
351(E1),Q,E,-0.8143,0.3365,7,4
351(E1),Q,F,-0.02716,0.1068,9.5,4
351(E1),Q,G,-0.1753,0.1858,7,4
351(E1),Q,H,0.05363,0.05978,7.5,4
351(E1),Q,I,0.2676,0.03774,4,4
351(E1),Q,K,0.1213,0.1074,9.5,4
351(E1),Q,L,0.1895,0.07984,8.5,4
351(E1),Q,M,-0.29,0.4213,5,4
351(E1),Q,N,-0.1912,0.2069,6,4
351(E1),Q,P,-0.3422,0.5178,4.25,4
351(E1),Q,Q,0,0,,4
351(E1),Q,R,-0.1568,0.3789,7.5,4
351(E1),Q,S,-0.8847,0.3666,6.5,4
351(E1),Q,T,-0.4188,0.442,5.5,4
351(E1),Q,V,-0.5298,0.1623,10.5,4
351(E1),Q,W,0.116,0.1351,4,4
351(E1),Q,Y,0.05543,0.0371,6,4
351(E2),H,-,0.3488,0.01155,0.5,2
351(E2),H,A,-0.2644,0.4558,3.5,4
351(E2),H,C,-2.892,0.4603,5,4
351(E2),H,D,-0.6827,0.2243,7.5,4
351(E2),H,E,-0.7638,0.1808,8.5,4
351(E2),H,F,0.4159,0.1567,7.5,4
351(E2),H,G,-0.1425,0.5066,6.5,4
351(E2),H,H,0,0,,4
351(E2),H,I,-0.4384,0.8598,3,4
351(E2),H,K,0.08154,0.123,5.5,4
351(E2),H,L,0.4109,0.09135,5,4
351(E2),H,M,0.1486,0.1288,4.5,4
351(E2),H,N,0.00815,0.2459,6.5,4
351(E2),H,P,-1.05,0.2269,8.5,4
351(E2),H,Q,0.00896,0.1545,9,4
351(E2),H,R,-0.07359,0.1631,7.5,4
351(E2),H,S,0.2453,0.2824,3.75,4
351(E2),H,T,0.1834,0.07816,6,4
351(E2),H,V,-1.349,0.9038,6,4
351(E2),H,W,0.4416,0.03748,3.5,4
351(E2),H,Y,0.368,0.01517,9,4
352(E1),L,*,-7.404,0,0.5,2
352(E1),L,-,-0.7167,0.8488,1.5,4
352(E1),L,A,-0.1795,0.1875,5.5,4
352(E1),L,C,-0.1971,0.4497,5.5,4
352(E1),L,D,-0.1489,0.4139,6.5,4
352(E1),L,E,-0.5227,0.6021,5.5,4
352(E1),L,F,0.177,0.05812,12.5,4
352(E1),L,G,-1.598,1.077,3,4
352(E1),L,H,-0.1317,0.3009,10.5,4
352(E1),L,I,-0.4472,0.08773,4,4
352(E1),L,K,-0.00151,0.1249,4,4
352(E1),L,L,0,0,,4
352(E1),L,M,0.01944,0.04981,10.5,4
352(E1),L,N,-0.0901,0.3355,3,4
352(E1),L,P,-3.436,0.1451,11.5,4
352(E1),L,Q,-0.2653,0.3037,9.5,4
352(E1),L,R,-0.0694,0.1173,8,4
352(E1),L,S,0.04851,0.1231,5.5,4
352(E1),L,T,-0.5304,0.6147,4.5,4
352(E1),L,V,0.1123,0.1111,10.5,4
352(E1),L,W,0.05753,0.07283,5,4
352(E1),L,Y,-0.07508,0.07241,7.5,4
352(E2),P,A,0.1368,0.1022,8,4
352(E2),P,C,-5.067,0,8.5,4
352(E2),P,D,-2.321,0.6671,2,4
352(E2),P,E,-2.02,0.8246,6.5,4
352(E2),P,F,0.3076,0.2655,4.5,4
352(E2),P,G,-1.111,0.3067,7.5,4
352(E2),P,H,-2.276,0.1236,13.75,4
352(E2),P,I,0.4553,0.2371,5,4
352(E2),P,K,-2.453,0.326,7,4
352(E2),P,L,0.4306,0.1486,7.5,4
352(E2),P,M,0.2096,0.2929,6.5,4
352(E2),P,N,-1.86,0.08922,6,4
352(E2),P,P,0,0,,4
352(E2),P,Q,-1.944,0.334,5.25,4
352(E2),P,R,-2.146,0.4721,6.5,4
352(E2),P,S,-1.301,0.663,7.75,4
352(E2),P,T,-1.345,0.21,4,4
352(E2),P,V,-0.1483,1.103,3.5,4
352(E2),P,W,0.2272,0.4325,2.5,4
352(E2),P,Y,-0.7952,0.3591,5,4
353(E1),Q,*,-7.45,0,7.5,4
353(E1),Q,-,-3.196,2.03,1.5,4
353(E1),Q,A,-0.1055,0.2277,4.5,4
353(E1),Q,C,-1.243,0.5383,5,4
353(E1),Q,D,-0.5549,0.1752,5.5,4
353(E1),Q,E,-1.075,0.4491,5,4
353(E1),Q,F,0.1346,0.1676,5,4
353(E1),Q,G,0.04415,0.0594,4,4
353(E1),Q,H,-0.1521,0.2783,10.5,4
353(E1),Q,I,0.000775,0.09257,8.5,4
353(E1),Q,K,-1.158,0.1368,5,4
353(E1),Q,L,-0.2797,0.4897,5,4
353(E1),Q,M,-0.1648,0.3802,6.5,4
353(E1),Q,N,-0.6674,0.2724,6,4
353(E1),Q,P,-0.1356,0.3299,5.5,4
353(E1),Q,Q,0,0,,4
353(E1),Q,R,-0.7561,0.3489,10.5,4
353(E1),Q,S,-0.03018,0.02403,8,4
353(E1),Q,T,-0.4035,0.5596,5.5,4
353(E1),Q,V,0.1748,0.02314,7,4
353(E1),Q,W,-0.4771,0.09966,4.5,4
353(E1),Q,Y,-0.5637,0.2831,5.5,4
353(E2),H,A,0.03374,0.1468,9.5,4
353(E2),H,C,-1.329,0.3093,6.75,4
353(E2),H,D,-1.148,1.29,4.5,4
353(E2),H,E,-0.9001,0.6258,5,4
353(E2),H,F,0.1518,0.038,5.5,4
353(E2),H,G,0.1059,0.9248,4.5,4
353(E2),H,H,0,0,,4
353(E2),H,I,0.2868,0.08754,6.5,4
353(E2),H,K,-0.1382,0.3817,4,4
353(E2),H,L,0.2201,0.1378,9.5,4
353(E2),H,M,0.2022,0.1439,7,4
353(E2),H,N,-0.8989,0.5131,9,4
353(E2),H,P,-2.155,0.9612,8.5,4
353(E2),H,Q,-1.078,0.3857,10,4
353(E2),H,R,-0.17,0.1679,7,4
353(E2),H,S,-0.1384,0.3494,5.5,4
353(E2),H,T,-0.1797,0.3186,2.5,4
353(E2),H,V,-0.05175,0.4416,4.5,4
353(E2),H,W,0.4698,0.7115,5.5,4
353(E2),H,Y,0.3561,0.04612,9,4
354(E1),I,-,-0.08109,0.02992,0.5,2
354(E1),I,A,-0.1417,0.2384,11.5,4
354(E1),I,C,-0.1072,0.4022,6.5,4
354(E1),I,D,-7.532,0,4.5,4
354(E1),I,E,-7.586,0,5,4
354(E1),I,F,-0.04667,0.179,9.5,4
354(E1),I,G,-7.279,0,3.5,4
354(E1),I,H,-7.697,0,7,4
354(E1),I,I,0,0,,4
354(E1),I,K,-7.599,0,5,4
354(E1),I,L,-0.1054,0.07627,6,4
354(E1),I,M,-0.6547,0.4136,4.5,4
354(E1),I,N,-7.621,0,13.5,4
354(E1),I,P,-7.069,0,5,4
354(E1),I,Q,-7.633,0,4,4
354(E1),I,R,-5.596,0.4084,5,4
354(E1),I,S,-3.241,0.4471,8.5,4
354(E1),I,T,-0.6254,0.402,9,4
354(E1),I,V,-0.01995,0.05877,5.5,4
354(E1),I,W,-7.229,1.86,5,4
354(E1),I,Y,-4.06,0.06037,5,4
354(E2),E,*,-7.697,0,6,4
354(E2),E,A,-0.6079,0.4369,8.5,4
354(E2),E,C,-2.381,0.5495,4,4
354(E2),E,D,0.1468,0.2101,12.5,4
354(E2),E,E,0,0,,4
354(E2),E,F,-1.982,0.6592,7,4
354(E2),E,G,-1.087,0.2665,8.25,4
354(E2),E,H,-1.421,0.06429,8,4
354(E2),E,I,-4.78,0,7,4
354(E2),E,K,-0.7068,0.5395,10.5,4
354(E2),E,L,-2.151,0.4119,8,4
354(E2),E,M,-3.372,1.02,5.5,4
354(E2),E,N,-0.8542,0.7267,7,4
354(E2),E,P,-3.362,0.6332,7,4
354(E2),E,Q,-0.4674,0.2772,7,4
354(E2),E,R,-0.8484,0.4746,6,4
354(E2),E,S,-0.341,0.1121,6.5,4
354(E2),E,T,-1.877,0.4789,5,4
354(E2),E,V,-4.936,0,5.5,4
354(E2),E,W,-0.3465,0.348,5.5,4
354(E2),E,Y,-2.95,0.4958,6.5,4
355(E1),S,-,-0.3211,0.2519,1,4
355(E1),S,A,0.0589,0.2822,2,4
355(E1),S,C,-0.6025,0.2031,8,4
355(E1),S,D,-0.0266,0.5259,5.5,4
355(E1),S,E,-0.5091,0.1804,5.5,4
355(E1),S,F,-0.184,0.2719,7.75,4
355(E1),S,G,0.06792,0.2336,8,4
355(E1),S,H,-0.4737,0.6457,4,4
355(E1),S,I,-0.6491,0.5232,5.5,4
355(E1),S,K,-0.09642,0.3557,3.5,4
355(E1),S,L,0.1888,0.03564,7,4
355(E1),S,M,0.05038,0.1654,5,4
355(E1),S,N,-2.229,0.7548,6,4
355(E1),S,P,-7.248,0,11.25,4
355(E1),S,Q,0.1437,0.02432,6.5,4
355(E1),S,R,0.09134,0.2761,3.5,4
355(E1),S,S,0,0,,4
355(E1),S,T,-0.2554,0.5954,8.25,4
355(E1),S,V,-0.1455,0.2891,3.5,4
355(E1),S,W,-0.2319,0.1809,7,4
355(E1),S,Y,-0.3885,0.2221,8.5,4
355(E2),I,A,-1.07,0.1709,7.75,4
355(E2),I,C,-3.659,0.564,7.5,4
355(E2),I,D,-2.38,0.8936,6.5,4
355(E2),I,E,-3.159,0.4618,6.5,4
355(E2),I,F,-0.8638,0.2618,4.5,4
355(E2),I,G,-1.133,0.9281,4.5,4
355(E2),I,H,-2.702,0.1829,7.5,4
355(E2),I,I,0,0,,4
355(E2),I,K,-3.22,0.603,5,4
355(E2),I,L,0.0841,0.1303,7.5,4
355(E2),I,M,-1.3,0.2924,3.5,4
355(E2),I,N,-2.763,0.3286,5.5,4
355(E2),I,P,-1.37,1.107,6,4
355(E2),I,Q,-3.01,0.7542,6,4
355(E2),I,R,-2.458,0.2308,2.5,4
355(E2),I,S,-1.434,0.4526,5,4
355(E2),I,T,-1.715,0.9813,9.5,4
355(E2),I,V,-0.4856,0.1536,6,4
355(E2),I,W,-0.3801,0.2172,5.5,4
355(E2),I,Y,-0.007055,0.6441,5.5,4
356(E1),F,-,-0.1707,0.1597,0.5,2
356(E1),F,A,-7.568,0,4.5,4
356(E1),F,C,-7.506,0,6,4
356(E1),F,D,-7.443,0,6,4
356(E1),F,E,-7.064,0,4.5,4
356(E1),F,F,0,0,,4
356(E1),F,G,-7.497,0,10.5,4
356(E1),F,H,-7.591,0,6.5,4
356(E1),F,I,-0.6357,0.1099,10.5,4
356(E1),F,K,-7.559,0,3,4
356(E1),F,L,-0.9745,0.3153,15,4
356(E1),F,M,-2.146,0.4574,6,4
356(E1),F,N,-7.185,0,8.5,4
356(E1),F,P,-7.402,0,7.5,4
356(E1),F,Q,-7.482,0,5,4
356(E1),F,R,-7.316,0,5.5,4
356(E1),F,S,-7.514,0,10,4
356(E1),F,T,-7.556,0,4.5,4
356(E1),F,V,-3.62,0.4047,7.5,4
356(E1),F,W,-6.224,0,6.5,4
356(E1),F,Y,-6.821,0,5.5,4
356(E2),I,A,-3.219,0.1389,9.5,4
356(E2),I,C,-6.723,0,8,4
356(E2),I,D,-4.893,0.1468,8,4
356(E2),I,E,-5.306,0,7.5,4
356(E2),I,F,-0.04708,0.1146,5.5,4
356(E2),I,G,-3.937,0.3262,5,4
356(E2),I,H,-6.295,0,4,4
356(E2),I,I,0,0,,4
356(E2),I,K,-5.94,0,5.5,4
356(E2),I,L,-0.09896,0.1976,6.5,4
356(E2),I,M,-0.8251,0.1705,8,4
356(E2),I,N,-5.585,0,4.5,4
356(E2),I,P,-5.332,0,7,4
356(E2),I,Q,-6.335,0,3.5,4
356(E2),I,R,-6.312,0,5.5,4
356(E2),I,S,-4.847,0,6.5,4
356(E2),I,T,-4.971,0,11.5,4
356(E2),I,V,-0.6321,0.3747,8.5,4
356(E2),I,W,-0.4304,0.07723,3.25,4
356(E2),I,Y,-3.982,0.1473,1.5,4
357(E1),S,-,0.03903,0.009115,0.5,2
357(E1),S,A,-1.121,0.2048,4,4
357(E1),S,C,-6.598,0,9.5,4
357(E1),S,D,-7.053,0,5.5,4
357(E1),S,E,-7.457,0,7.75,4
357(E1),S,F,-3.221,0.3979,7.5,4
357(E1),S,G,0.08099,0.08727,8,4
357(E1),S,H,-7.293,0,10,4
357(E1),S,I,-7.421,0,8.5,4
357(E1),S,K,-7.676,0,8,4
357(E1),S,L,-7.355,0,9.5,4
357(E1),S,M,-6.857,0,5.5,4
357(E1),S,N,-4.14,0.1026,38,4
357(E1),S,P,-7.556,0,8.5,4
357(E1),S,Q,-7.495,0,6,4
357(E1),S,R,-7.565,0,13,4
357(E1),S,S,0,0,,4
357(E1),S,T,-1.663,0.118,12.5,4
357(E1),S,V,-7.346,0,9,4
357(E1),S,W,-1.75,0.3346,8.5,4
357(E1),S,Y,-2.204,0.8376,4,4
357(E2),L,A,-0.9021,1.056,3,4
357(E2),L,C,-2.035,0.8347,4,4
357(E2),L,D,-1.424,0.6513,4,4
357(E2),L,E,-0.4828,0.4534,6.5,4
357(E2),L,F,-1.5,0.7204,2.5,4
357(E2),L,G,0.1449,0.1134,2.5,4
357(E2),L,H,-1.453,1.2,2,4
357(E2),L,I,-4.466,0.8505,3,4
357(E2),L,K,-0.3682,0.5459,3.5,4
357(E2),L,L,0,0,,4
357(E2),L,M,0.1969,0.08757,13,4
357(E2),L,N,-0.05915,0.5346,2.5,4
357(E2),L,P,-1.462,0.2713,8,4
357(E2),L,Q,0.02875,0.1361,10.5,4
357(E2),L,R,-0.466,0.1421,5,4
357(E2),L,S,-0.2823,0.4712,3,4
357(E2),L,T,-0.1305,0.2835,5,4
357(E2),L,V,-1.057,0.21,5,4
357(E2),L,W,-0.3367,0.1092,5,4
357(E2),L,Y,-0.4918,0.6415,3.5,4
358(E1),T,-,-0.003515,0.08092,0.5,2
358(E1),T,A,-1.611,0.3479,9.5,4
358(E1),T,C,-7.381,0,3.5,4
358(E1),T,D,-7.04,0,5.5,4
358(E1),T,E,-7.113,0,5.5,4
358(E1),T,F,-2.325,0.9743,10,4
358(E1),T,G,-7.188,0,5,4
358(E1),T,H,-7.367,0,6,4
358(E1),T,I,0.004229,0.04524,21,4
358(E1),T,K,-7.265,0,12.5,4
358(E1),T,L,-1.175,0.4991,6,4
358(E1),T,M,-1.081,0.4918,6.5,4
358(E1),T,N,-5.709,0,7,4
358(E1),T,P,-7.517,0,9,4
358(E1),T,Q,-2.433,0.4109,8.5,4
358(E1),T,R,-7.614,0,16.75,4
358(E1),T,S,-1.082,0.9508,5.5,4
358(E1),T,T,0,0,,4
358(E1),T,V,-0.7674,0.3542,3,4
358(E1),T,W,-7.139,0,4.5,4
358(E1),T,Y,-5.399,0,10,4
358(E2),Y,*,-7.166,0,3,4
358(E2),Y,-,-0.3353,1.766,1,4
358(E2),Y,A,-0.8172,0.7421,4,4
358(E2),Y,C,-4.232,1.869,5.5,4
358(E2),Y,D,-3.579,0.6242,5,4
358(E2),Y,E,-2.021,0.5276,4,4
358(E2),Y,F,-0.8966,0.6674,3.5,4
358(E2),Y,G,-2.077,0.3233,3,4
358(E2),Y,H,-0.4004,0.2608,10,4
358(E2),Y,I,-3.118,0.286,7,4
358(E2),Y,K,-2.113,1.405,2.5,4
358(E2),Y,L,-1.337,0.2266,5.5,4
358(E2),Y,M,-1.018,0.5011,4,4
358(E2),Y,N,-2.558,0.9352,4.5,4
358(E2),Y,P,-4.306,0.08054,4,4
358(E2),Y,Q,-0.1642,0.2323,2.5,4
358(E2),Y,R,-0.5258,0.3569,1.5,4
358(E2),Y,S,-1.434,0.8513,4,4
358(E2),Y,T,-1.355,0.7723,4,4
358(E2),Y,V,-3.999,0.2563,3.5,4
358(E2),Y,W,-0.4243,0.3688,3,4
358(E2),Y,Y,0,0,,4
359(E1),A,-,-0.2443,0.2541,0.5,2
359(E1),A,A,0,0,,4
359(E1),A,C,-1.357,0.3719,8,4
359(E1),A,D,-2.966,0.1549,8,4
359(E1),A,E,-2.154,1.325,4.5,4
359(E1),A,F,-0.8467,0.1029,6.75,4
359(E1),A,G,-0.02989,0.02336,9.5,4
359(E1),A,H,-1.179,0.1536,5.5,4
359(E1),A,I,-0.491,0.4239,12,4
359(E1),A,K,-2.328,0.3439,3.5,4
359(E1),A,L,-1.228,0.3684,7,4
359(E1),A,M,-0.6298,0.307,8,4
359(E1),A,N,-0.6475,0.1596,8,4
359(E1),A,P,0.1356,0.03146,8.5,4
359(E1),A,Q,-1.176,0.9536,4.5,4
359(E1),A,R,-0.4101,0.4745,6.5,4
359(E1),A,S,0.03471,0.14,9.75,4
359(E1),A,T,-0.7008,0.09658,21,4
359(E1),A,V,-0.8539,0.1779,23.5,4
359(E1),A,W,-0.316,0.2152,8,4
359(E1),A,Y,-0.2471,0.4808,4.5,4
359(E2),Y,*,-7.336,0,8,4
359(E2),Y,A,-2.669,0.9666,5,4
359(E2),Y,C,-5.296,0,7,4
359(E2),Y,D,-5.944,0,5.5,4
359(E2),Y,E,-5.265,0,3.5,4
359(E2),Y,F,-0.1545,0.3295,3.5,4
359(E2),Y,G,-3.805,0.3418,5,4
359(E2),Y,H,-5.011,0.06322,9,4
359(E2),Y,I,-1.701,0.2784,3.5,4
359(E2),Y,K,-6.428,0,3.5,4
359(E2),Y,L,-1.714,1.15,2.5,4
359(E2),Y,M,-1.141,0.6683,4.5,4
359(E2),Y,N,-4.34,0,5.75,4
359(E2),Y,P,-3.464,1.226,4,4
359(E2),Y,Q,-5.238,0,2.5,4
359(E2),Y,R,-7.405,0,4,4
359(E2),Y,S,-5.15,0,5,4
359(E2),Y,T,-6.201,0,3.5,4
359(E2),Y,V,-6.008,0,3,4
359(E2),Y,W,-1.218,1.381,4.5,4
359(E2),Y,Y,0,0,,4
36(6K),L,*,-7.529,0,8,4
36(6K),L,-,0.1637,0.08037,1,2
36(6K),L,A,0.02605,0.2646,6,4
36(6K),L,C,-0.05101,0.09764,11,4
36(6K),L,D,-0.4895,0.6563,9,4
36(6K),L,E,-0.4162,0.1036,7.5,4
36(6K),L,F,0.06174,0.08299,7,4
36(6K),L,G,-0.1946,0.3388,8.5,4
36(6K),L,H,-0.3832,0.3172,7,4
36(6K),L,I,-0.02229,0.1001,10.5,4
36(6K),L,K,-0.1858,0.4802,4,4
36(6K),L,L,0,0,,4
36(6K),L,M,0.06381,0.1465,11.5,4
36(6K),L,N,0.1107,0.1628,7.5,4
36(6K),L,P,0.03781,0.0928,25.25,4
36(6K),L,Q,-0.1656,0.3233,10,4
36(6K),L,R,-0.04905,0.3034,6.5,4
36(6K),L,S,-0.1558,0.09463,10,4
36(6K),L,T,-0.197,0.2735,12.5,4
36(6K),L,V,-0.07251,0.1728,9.5,4
36(6K),L,W,-0.2173,0.2856,9.5,4
36(6K),L,Y,0.09312,0.1952,6.5,4
36(E1),V,A,-0.7177,0.1482,40.5,4
36(E1),V,C,-1.411,0.5226,7,4
36(E1),V,D,-7.335,0,15,4
36(E1),V,E,-2.322,0.3554,9.75,4
36(E1),V,F,-0.6976,0.5639,6,4
36(E1),V,G,-4.373,0.1511,6,4
36(E1),V,H,-0.6099,0.4693,7,4
36(E1),V,I,-0.6184,0.5757,6,4
36(E1),V,K,-6.89,0,7.5,4
36(E1),V,L,-0.2635,0.1735,20,4
36(E1),V,M,-0.3002,0.06686,19,4
36(E1),V,N,-0.7494,0.3792,16.5,4
36(E1),V,P,-7.617,0,10,4
36(E1),V,Q,-1.442,1.558,6.5,4
36(E1),V,R,-7.127,0,8,4
36(E1),V,S,-0.3594,0.2068,8.5,4
36(E1),V,T,0.1114,0.162,6,4
36(E1),V,V,0,0,,4
36(E1),V,W,-0.9341,0.5163,7,4
36(E1),V,Y,-1.227,0.991,7.5,4
36(E2),R,-,-0.2308,0.09965,0.5,2
36(E2),R,A,0.1603,0.1443,6.75,4
36(E2),R,C,-2.655,0.417,6.5,4
36(E2),R,D,-2.609,0.3854,6,4
36(E2),R,E,-2.037,0.5869,10,4
36(E2),R,F,-0.6715,0.4945,6.5,4
36(E2),R,G,-0.2506,0.1407,5,4
36(E2),R,H,-0.3969,0.2629,7.25,4
36(E2),R,I,-0.5022,0.4006,7,4
36(E2),R,K,-0.07133,0.4339,1.5,4
36(E2),R,L,-0.7812,0.596,11,4
36(E2),R,M,-0.7501,0.3328,4.5,4
36(E2),R,N,0.09356,0.16,9.5,4
36(E2),R,P,-3.367,0.2762,8,4
36(E2),R,Q,-0.1127,0.2595,19.5,4
36(E2),R,R,0,0,,4
36(E2),R,S,-0.6016,0.5616,10.5,4
36(E2),R,T,-0.3118,0.2504,6.5,4
36(E2),R,V,-0.1338,0.6757,6,4
36(E2),R,W,-0.02263,0.2055,26.5,4
36(E2),R,Y,-1.376,0.2719,6,4
36(E3),R,*,-7.537,0,10,4
36(E3),R,-,-0.3921,0.00095,1.5,2
36(E3),R,A,0.3529,0.2887,8.25,4
36(E3),R,C,-0.2926,0.1951,7,4
36(E3),R,D,-0.1094,0.136,7.5,4
36(E3),R,E,-0.2111,0.2668,6.25,4
36(E3),R,F,0.03606,0.1922,9,4
36(E3),R,G,0.0499,0.338,9.5,4
36(E3),R,H,-0.3082,0.2887,7,4
36(E3),R,I,-0.259,0.1598,7,4
36(E3),R,K,-0.4553,0.4549,5,4
36(E3),R,L,-0.148,0.2592,16.5,4
36(E3),R,M,0.09118,0.1797,7,4
36(E3),R,N,-0.9164,0.1797,8.5,4
36(E3),R,P,-1.619,0.1397,11,4
36(E3),R,Q,-0.0299,0.4073,13.5,4
36(E3),R,R,0,0,,4
36(E3),R,S,0.06771,0.1649,8,4
36(E3),R,T,-0.3411,0.1323,8.5,4
36(E3),R,V,-0.2328,0.2662,11.5,4
36(E3),R,W,-0.2005,0.1394,49.75,4
36(E3),R,Y,-0.3851,0.1288,11,4
360(E1),L,-,-0.2503,0.0867,0.5,2
360(E1),L,A,-1.447,0.09074,7,4
360(E1),L,C,-1.455,0.5876,6,4
360(E1),L,D,-1.165,0.0565,1,2
360(E1),L,E,-1.35,0.5902,6.5,4
360(E1),L,F,0.1081,0.414,7,4
360(E1),L,G,-1.779,0.4827,4,4
360(E1),L,H,0.1844,0.1518,2.75,4
360(E1),L,I,-0.7505,0.3293,8,4
360(E1),L,K,-0.3687,0.5113,2.5,4
360(E1),L,L,0,0,,4
360(E1),L,M,0.00855,0.09924,16.5,4
360(E1),L,N,-5.348,0,4.5,4
360(E1),L,P,-3.458,0.5038,12.5,4
360(E1),L,Q,-0.6705,0.5018,4,4
360(E1),L,R,-0.1892,0.3426,4.5,4
360(E1),L,S,-0.0871,1.744,4,4
360(E1),L,T,-0.5045,0.6223,6.5,4
360(E1),L,V,-0.6905,0.141,10,4
360(E1),L,W,0.2704,0.0379,7,4
360(E1),L,Y,0.05741,0.1326,8.5,4
360(E2),Y,*,-7.521,0,6,4
360(E2),Y,-,-0.1641,0.1767,0.5,2
360(E2),Y,A,-1.227,0.3631,5,4
360(E2),Y,C,-5.176,0,8,4
360(E2),Y,D,-6.388,0,4,4
360(E2),Y,E,-4.463,0,3,4
360(E2),Y,F,0.0177,0.2293,3.5,4
360(E2),Y,G,-6.744,0,3,4
360(E2),Y,H,-2.936,0.5179,4.5,4
360(E2),Y,I,-2.242,0.3657,4.5,4
360(E2),Y,K,-5.792,0,1.5,2
360(E2),Y,L,-1.66,0.4969,4.5,4
360(E2),Y,M,-0.4238,0.3443,3.5,4
360(E2),Y,N,-6.63,0,5,4
360(E2),Y,P,-5.441,0,2.5,4
360(E2),Y,Q,-2.437,1.467,1.5,4
360(E2),Y,R,-4.707,0.1303,5.5,4
360(E2),Y,S,-3.146,0.8318,4,4
360(E2),Y,T,-4.282,0.05196,4.5,4
360(E2),Y,V,-3.939,0.3897,6,4
360(E2),Y,W,-0.7835,0.3409,4.5,4
360(E2),Y,Y,0,0,,4
361(E1),A,-,-0.02902,0.01784,0.5,2
361(E1),A,A,0,0,,4
361(E1),A,C,-3.63,0.7043,4,4
361(E1),A,D,-1.735,0.3286,16,4
361(E1),A,E,-1.7,0.3129,5.5,4
361(E1),A,F,-1.215,0.4765,7.5,4
361(E1),A,G,-0.4595,0.03532,8.5,4
361(E1),A,H,0.1746,0.126,4,4
361(E1),A,I,-0.0399,0.1435,8.5,4
361(E1),A,K,-0.1402,0.1743,6.5,4
361(E1),A,L,-0.1919,0.214,6.25,4
361(E1),A,M,-0.4509,0.2282,3,4
361(E1),A,N,-0.2455,0.366,7,4
361(E1),A,P,-0.5203,0.2494,11.5,4
361(E1),A,Q,-0.05093,0.04353,6,4
361(E1),A,R,0.07362,0.283,5.5,4
361(E1),A,S,-0.008167,0.1196,12.5,4
361(E1),A,T,0.03037,0.0742,22.25,4
361(E1),A,V,-0.01254,0.159,23,4
361(E1),A,W,-0.6971,0.3523,4.5,4
361(E1),A,Y,-0.8049,0.7285,2.5,4
361(E2),E,*,-7.569,0,5,4
361(E2),E,-,-0.399,0.08635,0.5,2
361(E2),E,A,-0.1825,0.2364,6,4
361(E2),E,C,-3.79,0.6139,4,4
361(E2),E,D,-1.17,1.117,8,4
361(E2),E,E,0,0,,4
361(E2),E,F,-2.183,0.1392,5,4
361(E2),E,G,-0.0533,0.3953,7,4
361(E2),E,H,0.1709,0.1649,3,4
361(E2),E,I,-2.872,0.26,5.5,4
361(E2),E,K,0.3277,0.07008,8.5,4
361(E2),E,L,-1.135,0.2556,5,4
361(E2),E,M,-0.6446,0.3717,7,4
361(E2),E,N,0.4488,0.2227,3,4
361(E2),E,P,-6.329,0,7,4
361(E2),E,Q,0.159,0.03039,5,4
361(E2),E,R,0.2954,0.1006,4,4
361(E2),E,S,-0.1565,0.3392,3,4
361(E2),E,T,0.3305,0.2441,3.5,4
361(E2),E,V,-2.511,0.2417,5.5,4
361(E2),E,W,-3.115,1.819,2.5,4
361(E2),E,Y,-0.7402,0.3736,5,4
362(E1),S,-,-0.316,0.2112,1,4
362(E1),S,A,-0.3031,0.2185,5.5,4
362(E1),S,C,-3.784,0.2917,7,4
362(E1),S,D,-0.1678,0.3207,9.5,4
362(E1),S,E,-0.07172,0.1413,3.5,4
362(E1),S,F,-0.1016,0.2336,10,4
362(E1),S,G,-0.7069,0.6117,7,4
362(E1),S,H,0.1602,0.08662,7.5,4
362(E1),S,I,-1.762,0.901,7.5,4
362(E1),S,K,0.1807,0.03208,6,4
362(E1),S,L,-0.5941,0.3072,7,4
362(E1),S,M,0.1431,0.4566,7.25,4
362(E1),S,N,-0.3584,0.2406,18,4
362(E1),S,P,-2.422,0.5957,4.5,4
362(E1),S,Q,-0.2289,0.3587,6,4
362(E1),S,R,0.167,0.06017,13.5,4
362(E1),S,S,0,0,,4
362(E1),S,T,-0.0373,0.2579,7.5,4
362(E1),S,V,-0.07702,0.1901,5.5,4
362(E1),S,W,0.2166,0.1113,2.5,4
362(E1),S,Y,0.00175,0.1025,4.5,4
362(E2),L,-,-0.1147,0.2908,1,4
362(E2),L,A,-2.904,1.332,6,4
362(E2),L,C,-4.394,0.01815,4.5,4
362(E2),L,D,-4.267,0,1.5,2
362(E2),L,E,-1.665,0.383,0.5,2
362(E2),L,F,-1.012,0.7361,3,4
362(E2),L,G,-3.884,0.2071,4.5,4
362(E2),L,H,-0.2626,0.2826,5,4
362(E2),L,I,-0.4299,0.3759,3,4
362(E2),L,K,-0.0208,0.1686,5,4
362(E2),L,L,0,0,,4
362(E2),L,M,0.00598,0.1232,8,4
362(E2),L,N,-0.4858,0.1695,2.5,4
362(E2),L,P,-7.183,0,9.5,4
362(E2),L,Q,0.04782,0.1563,7.5,4
362(E2),L,R,-0.03445,0.7218,3,4
362(E2),L,S,-1.419,0.4668,1.5,2
362(E2),L,T,-1.282,0.7222,6,4
362(E2),L,V,-0.9884,0.7739,4.5,4
362(E2),L,W,-2.692,0.3116,6.5,4
362(E2),L,Y,-0.7188,0.05104,6,4
363(E1),A,-,-0.02621,0.1509,1.5,4
363(E1),A,A,0,0,,4
363(E1),A,C,-0.4213,0.1504,3.5,4
363(E1),A,D,-3.742,0.7706,9,4
363(E1),A,E,-1.685,0.4636,6,4
363(E1),A,F,-0.6149,0.277,5.5,4
363(E1),A,G,-0.1345,0.351,4,4
363(E1),A,H,-0.3147,0.2479,7.25,4
363(E1),A,I,-0.1488,0.3423,5,4
363(E1),A,K,-1.721,0.2434,6,4
363(E1),A,L,-0.03718,0.2526,5.5,4
363(E1),A,M,-0.5815,0.09982,9,4
363(E1),A,N,-0.8607,0.08786,6.5,4
363(E1),A,P,0.09303,0.1372,9,4
363(E1),A,Q,-0.5322,0.4459,5,4
363(E1),A,R,-2.03,1.12,5.5,4
363(E1),A,S,-0.3281,0.1901,14.5,4
363(E1),A,T,-0.1644,0.1104,43.25,4
363(E1),A,V,0.1714,0.01774,13,4
363(E1),A,W,-3.332,1.148,6,4
363(E1),A,Y,-0.5894,0.3491,1,4
363(E2),Y,*,-7.173,0,3.5,4
363(E2),Y,A,-2.19,1.137,1.75,4
363(E2),Y,C,-5.99,0,12.5,4
363(E2),Y,D,-2.497,0.2983,3,4
363(E2),Y,E,-2.849,0.4465,4.5,4
363(E2),Y,F,-1.229,1.463,4.5,4
363(E2),Y,G,-6.668,0,3.5,4
363(E2),Y,H,-0.6126,0.3517,6.5,4
363(E2),Y,I,-5.327,0.2295,2.5,4
363(E2),Y,K,-3.756,0.3886,3.5,4
363(E2),Y,L,-5.467,0,6.5,4
363(E2),Y,M,-2.739,0.9434,4,4
363(E2),Y,N,-0.9136,0.3269,7.5,4
363(E2),Y,P,-6.992,0,5,4
363(E2),Y,Q,-4.248,0.7027,4,4
363(E2),Y,R,-4.236,0.5207,5.5,4
363(E2),Y,S,-3.2,0.5262,4.5,4
363(E2),Y,T,-5.405,0,6.5,4
363(E2),Y,V,-5.141,0,4.5,4
363(E2),Y,W,-0.7688,0.7646,4,4
363(E2),Y,Y,0,0,,4
364(E1),E,*,-6.087,0,3.5,4
364(E1),E,-,-0.06914,0.1249,2.5,4
364(E1),E,A,0.1024,0.2192,7.5,4
364(E1),E,C,-0.5029,0.3184,9.5,4
364(E1),E,D,0.1373,0.06799,9.5,4
364(E1),E,E,0,0,,4
364(E1),E,F,0.1956,0.1037,5,4
364(E1),E,G,-0.0769,0.2679,7,4
364(E1),E,H,0.1781,0.03831,6,4
364(E1),E,I,0.145,0.2224,6,4
364(E1),E,K,0.1132,0.5333,18,4
364(E1),E,L,-0.1159,0.6454,5.75,4
364(E1),E,M,0.0366,0.1908,3.5,4
364(E1),E,N,0.2283,0.03699,7,4
364(E1),E,P,-0.01355,0.3222,5.5,4
364(E1),E,Q,0.102,0.2915,6,4
364(E1),E,R,0.1727,0.07031,5,4
364(E1),E,S,0.1915,0.0846,7,4
364(E1),E,T,0.09222,0.1256,9,4
364(E1),E,V,-0.04102,0.1598,8.5,4
364(E1),E,W,0.2117,0.08588,6.5,4
364(E1),E,Y,0.1802,0.02906,7,4
364(E2),P,A,-7.14,0,6,4
364(E2),P,C,-6.76,0,3.5,4
364(E2),P,D,-6.155,0.09353,1.5,4
364(E2),P,E,-4.152,1.282,4,4
364(E2),P,F,-5.744,0,4,4
364(E2),P,G,-4.454,0.05153,6.5,4
364(E2),P,H,-5.838,0,10.5,4
364(E2),P,I,-7.392,0,4,4
364(E2),P,K,-2.284,2.301,3,4
364(E2),P,L,-6.275,0,5.25,4
364(E2),P,M,-6.719,0,4,4
364(E2),P,N,-7.292,0,3,4
364(E2),P,P,0,0,,4
364(E2),P,Q,-6.691,0,3.5,4
364(E2),P,R,-6.232,0,5,4
364(E2),P,S,-5.479,0,12,4
364(E2),P,T,-7.126,0,8,4
364(E2),P,V,-7.059,0,5,4
364(E2),P,W,-6.812,0,4.5,4
364(E2),P,Y,-6.636,0,3,4
365(E1),F,-,-0.1638,0.1475,2.5,4
365(E1),F,A,-2.102,0.2957,6,4
365(E1),F,C,-5.147,0.008227,7,4
365(E1),F,D,-7.21,0,4,4
365(E1),F,E,-7.332,0,6,4
365(E1),F,F,0,0,,4
365(E1),F,G,-7.465,0,12,4
365(E1),F,H,-7.537,0,6,4
365(E1),F,I,-0.2006,0.1946,6.5,4
365(E1),F,K,-7.579,0,8.5,4
365(E1),F,L,-0.2183,0.1721,10,4
365(E1),F,M,-0.0473,0.2865,4.5,4
365(E1),F,N,-7.505,0,7.5,4
365(E1),F,P,-7.385,0,3,4
365(E1),F,Q,-7.537,0,7,4
365(E1),F,R,-7.476,0,3.5,4
365(E1),F,S,-7.609,0,7,4
365(E1),F,T,-7.242,0,6.75,4
365(E1),F,V,-0.06547,0.2042,6.5,4
365(E1),F,W,-0.6542,0.1232,3.5,4
365(E1),F,Y,-1.629,0.6777,7,4
365(E2),T,-,-1.007,0.301,0.5,2
365(E2),T,A,0.2908,0.1501,4.5,4
365(E2),T,C,-0.4745,0.5913,3.5,4
365(E2),T,D,-3.506,0.6268,2.5,4
365(E2),T,E,-0.1744,0.162,3.5,2
365(E2),T,F,-0.536,0.1298,6,4
365(E2),T,G,-0.4255,0.08892,6,4
365(E2),T,H,-1.591,0.969,2.5,4
365(E2),T,I,0.2812,0.104,5.5,4
365(E2),T,K,-0.3065,0.3532,3.5,4
365(E2),T,L,-0.1968,0.1057,6,4
365(E2),T,M,-0.1686,0.3911,4,4
365(E2),T,N,-2.625,1.304,5.5,4
365(E2),T,P,-6.262,0,5,4
365(E2),T,Q,-0.4111,0.2574,3,4
365(E2),T,R,-0.4185,0.1411,2.5,4
365(E2),T,S,-0.4809,1.325,1,4
365(E2),T,T,0,0,,4
365(E2),T,V,0.295,0.1511,5.5,4
365(E2),T,W,-0.7688,0.0058,2,2
365(E2),T,Y,-1.284,0.14,1.5,2
366(E1),R,*,-6.802,0,1,2
366(E1),R,-,-0.6688,0.5737,5,4
366(E1),R,A,-0.536,0.1922,7.5,4
366(E1),R,C,-0.3178,0.4268,9,4
366(E1),R,D,-0.3736,0.2061,9,4
366(E1),R,E,-0.2727,0.3024,6.5,4
366(E1),R,F,0.1726,1.365,6,4
366(E1),R,G,-0.4425,0.388,16.5,4
366(E1),R,H,-0.02076,0.03073,8.5,4
366(E1),R,I,0.1247,0.08874,8,4
366(E1),R,K,-0.2622,0.2114,25.25,4
366(E1),R,L,0.02583,0.5082,5.5,4
366(E1),R,M,0.07849,0.03705,9.5,4
366(E1),R,N,-0.224,0.2834,4,4
366(E1),R,P,-0.03805,0.1902,7.5,4
366(E1),R,Q,-0.1335,0.466,5.25,4
366(E1),R,R,0,0,,4
366(E1),R,S,0.2044,0.0814,7.5,4
366(E1),R,T,0.1574,0.1155,4.5,4
366(E1),R,V,0.06655,0.2506,7,4
366(E1),R,W,-0.2926,0.3644,6.5,4
366(E1),R,Y,0.1703,0.0493,6,4
366(E2),M,-,0.1619,0.1877,1,2
366(E2),M,A,-0.2614,0.07797,3,4
366(E2),M,C,-0.218,0.4952,1.5,4
366(E2),M,D,-4.523,0,2,2
366(E2),M,E,0.3722,0.341,1,4
366(E2),M,F,-0.621,0.1936,3.5,4
366(E2),M,G,-0.1225,0.3255,4,4
366(E2),M,H,-0.8084,0.5083,4,4
366(E2),M,I,-0.1229,0.1018,35.25,4
366(E2),M,K,-0.5103,0.3113,5,4
366(E2),M,L,0.1198,0.1135,3,4
366(E2),M,M,0,0,,4
366(E2),M,N,-2.888,0.3212,3.5,4
366(E2),M,P,-1.317,0.8087,2,4
366(E2),M,Q,-0.4992,0.1148,2,4
366(E2),M,R,-0.5746,0.2659,3,4
366(E2),M,S,-1.214,0.7391,3.5,4
366(E2),M,T,0.1529,0.3577,3.5,4
366(E2),M,V,-0.03759,0.09232,3,4
366(E2),M,W,-0.06515,0.5227,0.5,2
366(E2),M,Y,-0.4526,0.527,3,4
367(E1),V,-,-0.4628,0.2153,5,4
367(E1),V,A,-0.2612,0.2426,8.5,4
367(E1),V,C,0.116,0.3947,5,4
367(E1),V,D,-7.531,0,6.5,4
367(E1),V,E,-7.499,0,8,4
367(E1),V,F,-1.586,0.3157,8.25,4
367(E1),V,G,-6.159,0,9.5,4
367(E1),V,H,-7.589,0,7.5,4
367(E1),V,I,-0.0831,0.1852,6.5,4
367(E1),V,K,-7.457,0,6,4
367(E1),V,L,-0.5618,0.3959,9,4
367(E1),V,M,-1.221,0.9633,10.5,4
367(E1),V,N,-7.556,0,6,4
367(E1),V,P,-0.847,0.2985,5.5,4
367(E1),V,Q,-7.583,0,7.5,4
367(E1),V,R,-7.445,0,6,4
367(E1),V,S,-3.09,0.7526,3.5,4
367(E1),V,T,-0.4435,0.7718,4.5,4
367(E1),V,V,0,0,,4
367(E1),V,W,-7.463,0,5.5,4
367(E1),V,Y,-7.423,0,5.5,4
367(E2),T,A,-5.426,0.3096,9,4
367(E2),T,C,-2.84,0.6555,2,4
367(E2),T,D,-7.315,0,3.5,4
367(E2),T,E,-6.803,0,1.5,4
367(E2),T,F,-1.095,0.2122,4.5,4
367(E2),T,G,-2.669,2.017,5,4
367(E2),T,H,-5.878,0,3,4
367(E2),T,I,-6.033,0.6279,10,4
367(E2),T,K,-5.679,0,2,4
367(E2),T,L,-5.03,0,3.5,4
367(E2),T,M,-3.591,0.6206,6,4
367(E2),T,N,-7.277,1.746,3.5,4
367(E2),T,P,-2.959,2.099,2,4
367(E2),T,Q,-6.477,0,4.5,4
367(E2),T,R,-6.123,0,3,4
367(E2),T,S,-1.95,0.4776,5.5,4
367(E2),T,T,0,0,,4
367(E2),T,V,-2.951,0.1713,4.5,4
367(E2),T,W,-5.72,0,6.5,4
367(E2),T,Y,-5.414,0,3,4
368(E1),Q,*,-7.656,0,11.5,4
368(E1),Q,-,-0.9069,0.3391,5,4
368(E1),Q,A,-0.8267,0.6676,7.5,4
368(E1),Q,C,-1.651,0.2454,6,4
368(E1),Q,D,-2.809,0.824,5,4
368(E1),Q,E,-2.638,0.4627,5.5,4
368(E1),Q,F,-2.539,0.6656,4.5,4
368(E1),Q,G,0.08789,0.06979,3.5,4
368(E1),Q,H,-1.28,0.1148,11.5,4
368(E1),Q,I,0.1805,0.1041,6.5,4
368(E1),Q,K,-0.7324,0.313,9.5,4
368(E1),Q,L,0.1593,0.1366,7.25,4
368(E1),Q,M,0.108,0.06372,6.5,4
368(E1),Q,N,-0.4546,0.9896,3.5,4
368(E1),Q,P,-7.63,0,6,4
368(E1),Q,Q,0,0,,4
368(E1),Q,R,-2.965,0.3311,6.5,4
368(E1),Q,S,-0.4029,0.3216,4,4
368(E1),Q,T,-0.4363,0.6682,5,4
368(E1),Q,V,-0.606,0.5253,8,4
368(E1),Q,W,-2.035,0.4838,7.5,4
368(E1),Q,Y,-0.5952,0.1483,5.5,4
368(E2),V,-,-5.287,0,85.5,4
368(E2),V,A,-1.776,0.5411,6.5,4
368(E2),V,C,-1.198,0.1699,3,4
368(E2),V,D,-6.834,0,3,4
368(E2),V,E,-6.485,0,2.5,4
368(E2),V,F,-2.173,0.2783,3.5,4
368(E2),V,G,-1.474,0.702,4,4
368(E2),V,H,-4.931,0,5.5,4
368(E2),V,I,0.2893,0.3146,3.5,4
368(E2),V,K,-1.917,0.1415,5,4
368(E2),V,L,-0.2707,0.2133,5.5,4
368(E2),V,M,-0.629,0.2316,17.75,4
368(E2),V,N,-5.587,0.476,3.5,4
368(E2),V,P,-2.112,0.6704,2,4
368(E2),V,Q,-4.197,0,2.5,4
368(E2),V,R,-2.04,0.4233,4,4
368(E2),V,S,-2.287,1.456,3,4
368(E2),V,T,-0.9325,0.5218,6,4
368(E2),V,V,0,0,,4
368(E2),V,W,-1.018,1.37,2,4
368(E2),V,Y,-3.135,0.12,1.5,2
369(E1),V,-,-0.8864,0.8224,5,4
369(E1),V,A,0.0162,0.2405,5,4
369(E1),V,C,-0.04974,0.1148,4,4
369(E1),V,D,-7.581,0,11,4
369(E1),V,E,-7.607,0,4,4
369(E1),V,F,0.0144,0.07894,6.5,4
369(E1),V,G,-7.484,0,5.5,4
369(E1),V,H,-7.532,0,7.5,4
369(E1),V,I,0.1429,0.07932,11.5,4
369(E1),V,K,-7.165,0,6,4
369(E1),V,L,0.0855,0.08397,5,4
369(E1),V,M,-0.6671,0.3771,4,4
369(E1),V,N,-7.575,0,5.5,4
369(E1),V,P,-7.532,0,9,4
369(E1),V,Q,-7.595,0,6.5,4
369(E1),V,R,-7.597,0,4,4
369(E1),V,S,-6.624,0,9.25,4
369(E1),V,T,-0.2966,0.2707,6,4
369(E1),V,V,0,0,,4
369(E1),V,W,-7.486,0,5,4
369(E1),V,Y,-7.562,0,6.25,4
369(E2),V,-,0.1852,0.2748,1,4
369(E2),V,A,0.3349,0.052,1.5,4
369(E2),V,C,-0.3534,0.2442,6.5,4
369(E2),V,D,-7.45,0,4,4
369(E2),V,E,-7.363,0,4.5,4
369(E2),V,F,-0.4717,0.2083,6,4
369(E2),V,G,-2.279,0.3492,4.5,4
369(E2),V,H,-5.805,0,5,4
369(E2),V,I,-0.03776,0.1404,5.5,4
369(E2),V,K,-5.51,0.09526,2.5,4
369(E2),V,L,-0.2448,0.1932,6,4
369(E2),V,M,-0.6249,0.3404,9.5,4
369(E2),V,N,-6.415,0.07188,2.5,4
369(E2),V,Q,-5.45,0,3.5,2
369(E2),V,R,-6.362,0,4,4
369(E2),V,S,-2.445,0.7768,3.5,4
369(E2),V,T,0.4521,0.5046,3,4
369(E2),V,V,0,0,,4
369(E2),V,W,-1.492,0.7084,3,4
369(E2),V,Y,-2.33,1.183,2.5,4
37(6K),R,*,-7.505,0,2,2
37(6K),R,-,0.188,0.0672,0.5,2
37(6K),R,A,0.09865,0.1614,8.5,4
37(6K),R,C,-0.2533,0.208,11.5,4
37(6K),R,D,0.00865,0.1508,13,4
37(6K),R,E,0.1031,0.02677,7.5,4
37(6K),R,F,-0.1358,0.08516,14,4
37(6K),R,G,-0.1444,0.05451,11.5,4
37(6K),R,H,-0.06538,0.08163,13,4
37(6K),R,I,-0.1147,0.2094,14,4
37(6K),R,K,-0.04273,0.08256,14.5,4
37(6K),R,L,0.04019,0.1588,7,4
37(6K),R,M,0.07873,0.0504,12.5,4
37(6K),R,N,-0.9091,0.934,11,4
37(6K),R,P,0.04207,0.1432,8.75,4
37(6K),R,Q,0.09787,1.068,7.5,4
37(6K),R,R,0,0,,4
37(6K),R,S,0.2399,0.02272,5.5,4
37(6K),R,T,-0.3682,0.3614,9.5,4
37(6K),R,V,-0.3128,0.3241,5.5,4
37(6K),R,W,-0.06409,0.0508,6.5,4
37(6K),R,Y,-0.5132,0.5046,8,4
37(E1),T,A,-0.01392,0.228,12,4
37(E1),T,C,-0.06034,0.1113,5,4
37(E1),T,D,-0.3614,0.3396,10,4
37(E1),T,E,-0.1726,0.228,9.75,4
37(E1),T,F,-0.4199,0.09253,10,4
37(E1),T,G,-0.1528,0.213,7,4
37(E1),T,H,-0.09617,0.3075,7.5,4
37(E1),T,I,-0.06693,0.1261,9,4
37(E1),T,K,-0.9217,0.396,10,4
37(E1),T,L,-0.3094,0.6125,6,4
37(E1),T,M,0.02872,0.09912,11,4
37(E1),T,N,-0.452,0.5791,7.5,4
37(E1),T,P,-7.47,0,13.5,4
37(E1),T,Q,-0.4189,0.2947,4,4
37(E1),T,R,-0.6051,0.4368,7,4
37(E1),T,S,-0.3905,0.3161,7,4
37(E1),T,T,0,0,,4
37(E1),T,V,-0.9533,0.1284,4.5,4
37(E1),T,W,-0.9801,0.9774,4.25,4
37(E1),T,Y,-0.05885,0.3325,8.5,4
37(E2),I,A,-4.511,0.1178,7,4
37(E2),I,C,-4.619,0.1748,9,4
37(E2),I,D,-7.501,0,6.5,4
37(E2),I,E,-7.603,0,6.5,4
37(E2),I,F,-6.146,0,12.5,4
37(E2),I,G,-6.953,0,5,4
37(E2),I,H,-7.534,0,5,4
37(E2),I,I,0,0,,4
37(E2),I,K,-7.569,0,7,4
37(E2),I,L,-2.18,0.3721,5.5,4
37(E2),I,M,-2.04,0.3148,4,4
37(E2),I,N,-7.491,0,8.5,4
37(E2),I,P,-7.421,0,7.5,4
37(E2),I,Q,-7.323,0,8.5,4
37(E2),I,R,-7.464,0,10.5,4
37(E2),I,S,-7.515,0,8,4
37(E2),I,T,-0.8666,0.4496,5.5,4
37(E2),I,V,0.1636,0.1674,6.5,4
37(E2),I,W,-7.493,0,9,4
37(E2),I,Y,-7.504,0,5,4
37(E3),M,-,-0.6734,0.02225,1.5,2
37(E3),M,A,-1.129,0.08655,15.5,4
37(E3),M,C,-1.762,0.588,6.5,4
37(E3),M,D,-1.614,0.609,10,4
37(E3),M,E,-1.268,0.2186,4,4
37(E3),M,F,-0.7048,0.2904,10.5,4
37(E3),M,G,-1.538,0.2538,11,4
37(E3),M,H,-1.356,0.3046,4,4
37(E3),M,I,-0.4812,0.4683,33.5,4
37(E3),M,K,-1.757,0.509,10,4
37(E3),M,L,-0.02865,0.6297,5.5,4
37(E3),M,M,0,0,,4
37(E3),M,N,-1.058,0.08714,5,4
37(E3),M,P,-6.037,0,12,4
37(E3),M,Q,-1.349,0.3753,0.5,2
37(E3),M,R,-1.182,0.8897,2.5,4
37(E3),M,S,-1.71,0.5177,5.25,4
37(E3),M,T,0.171,0.5353,7,4
37(E3),M,V,-0.3841,0.2869,10,4
37(E3),M,W,-1.204,0.1129,7.5,4
37(E3),M,Y,-0.6063,0.3634,10,4
370(E1),C,*,-3.991,1.901,1.5,4
370(E1),C,-,-2.68,1.535,5.5,4
370(E1),C,A,-7.209,0,5.5,4
370(E1),C,C,0,0,,4
370(E1),C,D,-4.304,0,5.5,4
370(E1),C,E,-7.714,0,6.5,4
370(E1),C,F,-7.61,0,11.5,4
370(E1),C,G,-3.732,0.5114,7.5,4
370(E1),C,H,-7.235,0,2.5,4
370(E1),C,I,-7.559,0,3,4
370(E1),C,K,-7.501,0,7.5,4
370(E1),C,L,-7.248,0,5,4
370(E1),C,M,-7.63,0,8.5,4
370(E1),C,N,-7.565,0,3.5,4
370(E1),C,P,-7.534,0,9,4
370(E1),C,Q,-7.361,0,5.5,4
370(E1),C,R,-7.388,0,15.5,4
370(E1),C,S,-7.494,0,5,4
370(E1),C,T,-7.642,0,9,4
370(E1),C,V,-7.287,0,4,4
370(E1),C,W,-7.637,0,8,4
370(E1),C,Y,-7.592,0,22.5,4
370(E2),V,-,-0.1264,0.06359,0.5,2
370(E2),V,A,-0.3222,0.2698,4,4
370(E2),V,C,-0.1586,1.713,1,4
370(E2),V,D,-6.815,0,1,2
370(E2),V,E,-4.992,0.2317,4,4
370(E2),V,F,-0.7365,1.483,3.5,4
370(E2),V,G,-1.337,0.4278,9.5,4
370(E2),V,H,-5.524,0,2.5,4
370(E2),V,I,0.03975,0.4096,2.5,4
370(E2),V,K,-6.638,0,2.5,4
370(E2),V,L,-0.7842,1.062,9,4
370(E2),V,M,-0.4256,0.0993,12.5,4
370(E2),V,N,-6.663,0,1.5,2
370(E2),V,Q,-7.38,0,4,4
370(E2),V,R,-7.344,0,2.5,4
370(E2),V,S,-0.5087,0.2619,3.5,4
370(E2),V,T,-1.325,0.8,2.5,4
370(E2),V,V,0,0,,4
370(E2),V,W,-0.8877,0.4826,1.5,4
370(E2),V,Y,-1.735,0.1743,5,4
371(E1),S,-,-0.0148,0.146,1.5,4
371(E1),S,A,-1.129,0.4287,8,4
371(E1),S,C,-0.5266,0.2839,9,4
371(E1),S,D,-2.325,1.058,4.5,4
371(E1),S,E,-3.102,0.4162,5,4
371(E1),S,F,-1.871,0.8933,3.75,4
371(E1),S,G,-1.496,0.2295,11.5,4
371(E1),S,H,-0.05705,0.2904,5.5,4
371(E1),S,I,0.08164,0.3077,13,4
371(E1),S,K,-1.578,0.3043,5.5,4
371(E1),S,L,0.02314,0.1227,6.5,4
371(E1),S,M,-0.4249,0.6124,3.5,4
371(E1),S,N,-0.3206,0.218,19,4
371(E1),S,P,-5.496,0,5,4
371(E1),S,Q,-1.083,0.1716,6.5,4
371(E1),S,R,-1.274,0.6758,8.5,4
371(E1),S,S,0,0,,4
371(E1),S,T,-0.02735,0.7634,8.5,4
371(E1),S,V,-0.2899,0.1835,4.5,4
371(E1),S,W,-2.398,0.246,9.5,4
371(E1),S,Y,-2.412,0.7133,5.5,4
371(E2),V,*,-6.841,0,0.5,2
371(E2),V,-,0.01355,0.0345,0.5,2
371(E2),V,A,-1.104,0.3683,5.5,4
371(E2),V,C,-0.09936,0.187,6,4
371(E2),V,D,-7.511,0,4,4
371(E2),V,E,-7.501,0,3,4
371(E2),V,F,-0.8078,0.5462,2.5,4
371(E2),V,G,-0.2598,0.3942,1.5,4
371(E2),V,H,-7.548,0.000866,3.5,4
371(E2),V,I,0.09213,0.3035,3.5,4
371(E2),V,K,-6.457,0,3,4
371(E2),V,L,0.1126,0.1006,6,4
371(E2),V,M,-0.04145,0.3082,11.5,4
371(E2),V,N,-7.342,0,4.5,4
371(E2),V,P,-6.769,0,5,4
371(E2),V,Q,-6.974,0,1,4
371(E2),V,R,-6.107,0,3.5,4
371(E2),V,S,-0.7034,1.514,2.5,4
371(E2),V,T,-0.5248,0.269,5,4
371(E2),V,V,0,0,,4
371(E2),V,W,-4.982,0,6,4
371(E2),V,Y,-3.575,0.3699,2,4
372(E1),T,-,0.02531,0.1365,1,4
372(E1),T,A,-0.3409,0.2449,4.5,4
372(E1),T,C,-0.0293,0.3377,4,4
372(E1),T,D,0.0889,0.1838,6,4
372(E1),T,E,0.1285,0.1376,8,4
372(E1),T,F,0.07997,0.2189,5,4
372(E1),T,G,-0.7985,0.3349,4,4
372(E1),T,H,0.0086,0.2126,6.5,4
372(E1),T,I,-0.3897,0.1978,9,4
372(E1),T,K,-0.5253,0.07421,4.5,4
372(E1),T,L,-0.8231,0.4415,7,4
372(E1),T,M,-0.9925,0.6663,2.5,4
372(E1),T,N,0.1725,0.09547,8,4
372(E1),T,P,-1.95,1.305,2.5,4
372(E1),T,Q,-0.1233,0.04972,5.5,4
372(E1),T,R,-0.08598,0.4211,6,4
372(E1),T,S,0.1326,0.1862,7,4
372(E1),T,T,0,0,,4
372(E1),T,V,-0.1466,0.0798,6.5,4
372(E1),T,W,-0.3208,0.2241,7,4
372(E1),T,Y,0.2345,0.05213,4.5,4
372(E2),S,-,-7.405,0,1.5,2
372(E2),S,A,-0.0555,0.1912,6.5,4
372(E2),S,C,0.03982,0.05023,3.5,4
372(E2),S,D,-7.219,0,6,4
372(E2),S,E,-6.62,0,4,4
372(E2),S,F,-0.04585,0.4351,6.5,4
372(E2),S,G,0.2864,0.07888,4.5,4
372(E2),S,H,-5.016,0,8,4
372(E2),S,I,-0.6856,0.9294,5.5,4
372(E2),S,K,-7.346,0,4.5,4
372(E2),S,L,-0.6521,0.4163,6,4
372(E2),S,M,0.2323,0.3057,3,4
372(E2),S,N,-4.619,0,9,4
372(E2),S,P,-7.234,0,10.5,4
372(E2),S,Q,-5.674,0,5.5,4
372(E2),S,R,-7.361,0,5.5,4
372(E2),S,S,0,0,,4
372(E2),S,T,0.1679,0.3107,5.5,4
372(E2),S,V,0.1471,0.1921,5,4
372(E2),S,W,-3.524,0.7443,6.5,4
372(E2),S,Y,-3.857,0.214,8,4
373(E1),Q,*,-7.534,0,8.5,4
373(E1),Q,-,-0.1263,0.1022,1,4
373(E1),Q,A,-0.1014,0.1427,7.5,4
373(E1),Q,C,-0.6463,0.2134,4,4
373(E1),Q,D,-0.1226,0.3632,6.5,4
373(E1),Q,E,-0.007685,0.1706,6,4
373(E1),Q,F,-0.3321,0.2008,7.5,4
373(E1),Q,G,-0.4711,0.3506,7,4
373(E1),Q,H,-0.2529,0.1421,12.5,4
373(E1),Q,I,-0.1498,0.1213,5,4
373(E1),Q,K,-2.321,1.201,6,4
373(E1),Q,L,-0.2939,0.09235,7.5,4
373(E1),Q,M,-0.07354,0.2467,4.5,4
373(E1),Q,N,-0.5057,0.2786,10,4
373(E1),Q,P,-0.08558,0.09014,7.5,4
373(E1),Q,Q,0,0,,4
373(E1),Q,R,-0.5909,0.5857,10,4
373(E1),Q,S,0.04285,0.5137,5,4
373(E1),Q,T,-0.1128,0.1594,8,4
373(E1),Q,V,-0.5866,0.129,5.5,4
373(E1),Q,W,-0.8662,1.064,2.5,4
373(E1),Q,Y,0.02965,0.1904,3.5,4
373(E2),V,A,-0.2661,0.1423,3.5,4
373(E2),V,C,-0.2594,0.2734,6.5,4
373(E2),V,D,-7.484,0,8,4
373(E2),V,E,-6.549,0,8,4
373(E2),V,F,0.1362,0.2889,5,4
373(E2),V,G,-0.2426,0.1479,5.5,4
373(E2),V,H,-7.466,0,2.5,4
373(E2),V,I,-0.02289,0.08965,4.5,4
373(E2),V,K,-6.817,0,1.5,4
373(E2),V,L,-0.06548,0.1813,15,4
373(E2),V,M,-0.248,0.1705,15.5,4
373(E2),V,N,-7.462,0,9.5,4
373(E2),V,P,-7.582,0,8,4
373(E2),V,Q,-6.994,0,9,4
373(E2),V,R,-7.372,0,7,4
373(E2),V,S,-0.247,0.4045,0.5,2
373(E2),V,T,0.1679,0.2698,6.75,4
373(E2),V,V,0,0,,4
373(E2),V,W,-2.82,0.6104,9,4
373(E2),V,Y,-1.948,0.4373,5,4
374(E1),V,-,-0.05912,0.04448,0.5,2
374(E1),V,A,-0.4218,0.1427,7.5,4
374(E1),V,C,-0.1321,0.07636,5,4
374(E1),V,D,-7.302,0,7,4
374(E1),V,E,-3.69,0.3116,6,4
374(E1),V,F,-0.7629,0.5189,4,4
374(E1),V,G,-1.009,0.4205,6.75,4
374(E1),V,H,-5.8,0.05369,3.5,4
374(E1),V,I,-0.5715,0.213,13,4
374(E1),V,K,-6.623,0,6.5,4
374(E1),V,L,-0.8578,0.8417,8,4
374(E1),V,M,-0.7578,0.1319,20,4
374(E1),V,N,-5.438,0.05283,5.5,4
374(E1),V,P,-7.47,0,9.5,4
374(E1),V,Q,-4.047,0.5196,6.5,4
374(E1),V,R,-5.329,0.4547,2.5,4
374(E1),V,S,-0.4143,0.2413,4,4
374(E1),V,T,0.1532,0.02913,6.5,4
374(E1),V,V,0,0,,4
374(E1),V,W,-2.159,0.3198,8,4
374(E1),V,Y,-7.24,0,5.5,4
374(E2),A,A,0,0,,4
374(E2),A,C,-0.7496,0.4663,7,4
374(E2),A,D,-7.383,0,7,4
374(E2),A,E,-7.543,0,5.5,4
374(E2),A,F,0.1819,0.2768,5,4
374(E2),A,G,0.4668,0.1596,3.5,4
374(E2),A,H,-2.641,0.193,6.5,4
374(E2),A,I,-0.3165,0.258,10.5,4
374(E2),A,K,-6.938,0,4,4
374(E2),A,L,0.3435,0.2456,4.5,4
374(E2),A,M,0.1785,0.1631,5,4
374(E2),A,N,-6.853,0,5,4
374(E2),A,P,-7.448,0,8.5,4
374(E2),A,Q,-5.918,0,4.5,4
374(E2),A,R,-6.985,0,4,4
374(E2),A,S,-0.04618,0.1232,7,4
374(E2),A,T,-0.1842,0.0618,22.5,4
374(E2),A,V,-0.1701,0.108,23.5,4
374(E2),A,W,-0.1544,0.4036,9.5,4
374(E2),A,Y,0.2265,0.127,7.5,4
375(E1),H,*,-6.027,0,0.5,2
375(E1),H,-,-7.434,0,1,2
375(E1),H,A,-1.113,1.311,2.5,4
375(E1),H,C,-0.6688,0.3513,10,4
375(E1),H,D,-0.4576,0.3395,6.5,4
375(E1),H,E,-0.1231,0.2177,9,4
375(E1),H,F,-0.5891,0.5403,4.5,4
375(E1),H,G,-0.0386,0.2998,5,4
375(E1),H,H,0,0,,4
375(E1),H,I,-0.2238,0.2392,6,4
375(E1),H,K,0.0692,0.09235,9.5,4
375(E1),H,L,-0.09079,0.1578,8.75,4
375(E1),H,M,-0.1351,0.2761,5,4
375(E1),H,N,-0.1735,0.08253,14,4
375(E1),H,P,-0.2944,0.4957,5.5,4
375(E1),H,Q,0.01503,0.1122,14.5,4
375(E1),H,R,-0.2472,0.3107,6,4
375(E1),H,S,0.1434,0.09349,7,4
375(E1),H,T,-0.0901,0.3957,7.5,4
375(E1),H,V,-0.2984,0.2773,6.5,4
375(E1),H,W,-0.1539,0.09023,6.5,4
375(E1),H,Y,0.04239,0.04931,29.5,4
375(E2),S,A,-0.3777,0.7542,7.5,4
375(E2),S,C,0.1969,0.1109,6,4
375(E2),S,D,-7.522,0,13,4
375(E2),S,E,-7.083,0,5.5,4
375(E2),S,F,-0.1962,0.1362,9,4
375(E2),S,G,-0.08234,0.1705,6,4
375(E2),S,H,-3.386,0.197,7,4
375(E2),S,I,-0.1826,0.1165,9,4
375(E2),S,K,-6.319,0,8,4
375(E2),S,L,0.05851,0.09868,5,4
375(E2),S,M,-0.8602,0.2681,6,4
375(E2),S,N,-2.788,0.1423,25.25,4
375(E2),S,P,-2.075,0.8599,4,4
375(E2),S,Q,-3.867,0.2526,6,4
375(E2),S,R,-7.576,0,11,4
375(E2),S,S,0,0,,4
375(E2),S,T,-0.06602,0.04391,6,4
375(E2),S,V,-0.07457,0.1588,8,4
375(E2),S,W,-1.885,0.4024,7,4
375(E2),S,Y,-2.745,0.5591,7,4
376(E1),C,*,-7.278,0,6.5,4
376(E1),C,A,-7.524,0,9,4
376(E1),C,C,0,0,,4
376(E1),C,D,-7.61,0,10.5,4
376(E1),C,E,-7.594,0,8,4
376(E1),C,F,-7.444,0,8,4
376(E1),C,G,-7.609,0,10.5,4
376(E1),C,H,-7.611,0,10,4
376(E1),C,I,-7.451,0,6.5,4
376(E1),C,K,-6.316,0.3165,7.5,4
376(E1),C,L,-7.546,0,4.5,4
376(E1),C,M,-7.494,0,6,4
376(E1),C,N,-7.644,0,5,4
376(E1),C,P,-7.606,0,9,4
376(E1),C,Q,-7.587,0,5.5,4
376(E1),C,R,-7.569,0,14.5,4
376(E1),C,S,-7.543,0,8.5,4
376(E1),C,T,-7.399,0,8,4
376(E1),C,V,-7.457,0,8,4
376(E1),C,W,-7.512,0,5,4
376(E1),C,Y,-7.644,0,15.5,4
376(E2),F,A,-0.7586,0.81,6.75,4
376(E2),F,C,-0.3301,0.1525,9,4
376(E2),F,D,-7.6,0,8,4
376(E2),F,E,-7.569,0,4,4
376(E2),F,F,0,0,,4
376(E2),F,G,-0.4252,0.3796,4.5,4
376(E2),F,H,-7.11,0,9,4
376(E2),F,I,0.1101,0.06541,6.5,4
376(E2),F,K,-6.867,0,2.5,4
376(E2),F,L,0.2952,0.2529,9.5,4
376(E2),F,M,0.2253,0.508,6.25,4
376(E2),F,N,-7.591,0,5.5,4
376(E2),F,P,-6.501,0,7,4
376(E2),F,Q,-6.371,0,6.5,4
376(E2),F,R,-6.601,0,3.5,4
376(E2),F,S,-0.4031,0.2101,7,4
376(E2),F,T,-0.6304,0.1874,5.5,4
376(E2),F,V,0.2184,0.1128,5.5,4
376(E2),F,W,-1.424,0.3222,7,4
376(E2),F,Y,-2.938,0.7686,6.5,4
377(E1),A,A,0,0,,4
377(E1),A,C,-0.1196,0.2972,8,4
377(E1),A,D,-0.2221,0.1015,8,4
377(E1),A,E,-0.2697,0.5176,5,4
377(E1),A,F,-0.06142,0.1484,4,4
377(E1),A,G,0.2204,0.04354,5,4
377(E1),A,H,0.0233,0.15,5,4
377(E1),A,I,-0.05786,0.1583,6.5,4
377(E1),A,K,-0.01859,0.1221,6.5,4
377(E1),A,L,-0.4533,0.1954,6.5,4
377(E1),A,M,-0.7775,0.2606,7,4
377(E1),A,N,-0.4838,0.1568,5.5,4
377(E1),A,P,-0.1009,0.1449,6.5,4
377(E1),A,Q,-0.002165,0.09958,5,4
377(E1),A,R,0.1284,0.07399,6.5,4
377(E1),A,S,0.2006,0.06647,13,4
377(E1),A,T,-0.2401,0.3951,18.25,4
377(E1),A,V,-0.1557,0.0802,31,4
377(E1),A,W,-0.9569,1.225,5.5,4
377(E1),A,Y,0.08602,0.2658,5,4
377(E2),V,A,-0.2844,0.2215,6,4
377(E2),V,C,-0.04999,0.09582,7,4
377(E2),V,D,-7.502,0,2.5,4
377(E2),V,E,-5.256,0,5.5,4
377(E2),V,F,0.4012,0.1589,4.5,4
377(E2),V,G,-0.7058,0.1865,3.5,4
377(E2),V,H,-3.694,0.4871,5.5,4
377(E2),V,I,-0.2648,0.1935,3.5,4
377(E2),V,K,-6.356,1.988,4.5,4
377(E2),V,L,-0.2529,0.3939,11.5,4
377(E2),V,M,-0.04079,0.1772,12.5,4
377(E2),V,N,-1.09,0.502,2,4
377(E2),V,P,-7.387,0,4,4
377(E2),V,Q,-4.817,0.1018,6.5,4
377(E2),V,R,-7.415,0,7,4
377(E2),V,S,-3.173,1.636,2.5,4
377(E2),V,T,-0.1162,0.2661,4,4
377(E2),V,V,0,0,,4
377(E2),V,W,-0.3375,0.1925,7,4
377(E2),V,Y,-1.095,0.5632,3.5,4
378(E1),A,A,0,0,,4
378(E1),A,C,-1.433,0.2663,4.5,4
378(E1),A,D,-7.294,0,13,4
378(E1),A,E,-4.533,0.09266,5,4
378(E1),A,F,-2.648,0.7277,5,4
378(E1),A,G,0.1337,0.1581,6,4
378(E1),A,H,-2.144,0.4357,6,4
378(E1),A,I,-3.267,0.7504,5,4
378(E1),A,K,-0.3259,0.4371,2,4
378(E1),A,L,-2.821,1.102,4.5,4
378(E1),A,M,-0.6689,1.545,5.25,4
378(E1),A,N,-4.661,0.4722,7,4
378(E1),A,P,-7.415,0,6.5,4
378(E1),A,Q,-1.139,0.8319,7,4
378(E1),A,R,-3.516,1.278,6,4
378(E1),A,S,-1.268,0.6297,10,4
378(E1),A,T,-0.5135,0.1727,26.5,4
378(E1),A,V,-2.806,0.858,9,4
378(E1),A,W,-7.357,0,4,4
378(E1),A,Y,-3.187,0.6293,9,4
378(E2),L,A,-0.8332,0.8259,4.5,4
378(E2),L,C,-0.09085,0.3015,5,4
378(E2),L,D,-7.297,0,2,4
378(E2),L,E,-3.31,0.3263,4.25,4
378(E2),L,F,0.0166,0.2096,7.5,4
378(E2),L,G,-0.8601,0.3291,5.5,4
378(E2),L,H,-1.605,0.4828,6.5,4
378(E2),L,I,-0.2472,0.5034,4,4
378(E2),L,K,-6.479,0,3.5,4
378(E2),L,L,0,0,,4
378(E2),L,M,-0.3634,0.2132,14.5,4
378(E2),L,N,-4.554,0.8085,5.5,4
378(E2),L,P,-4.139,0.01299,9,4
378(E2),L,Q,-3.577,0.2806,7.5,4
378(E2),L,R,-7.422,0,5.75,4
378(E2),L,S,-1.618,0.1617,6.5,4
378(E2),L,T,-0.8277,0.1233,6,4
378(E2),L,V,-0.08457,0.2334,5,4
378(E2),L,W,0.5153,0.1476,4,4
378(E2),L,Y,-0.2458,0.07599,4,4
379(E1),E,*,-6.376,0,2.5,4
379(E1),E,A,-0.09205,0.3363,7.5,4
379(E1),E,C,-7.308,0,4.5,4
379(E1),E,D,-0.173,0.1343,11.5,4
379(E1),E,E,0,0,,4
379(E1),E,F,-0.00643,0.1484,10.5,4
379(E1),E,G,-1.306,0.394,9,4
379(E1),E,H,-0.03999,0.1131,7.5,4
379(E1),E,I,0.114,0.1171,10,4
379(E1),E,K,0.08942,0.02182,68,4
379(E1),E,L,-0.2232,0.4286,7.5,4
379(E1),E,M,-0.4509,0.2299,5,4
379(E1),E,N,-0.6136,0.1885,9,4
379(E1),E,P,-0.7533,0.5182,7,4
379(E1),E,Q,-0.09055,0.1706,10.25,4
379(E1),E,R,-0.02972,0.3091,6.5,4
379(E1),E,S,0.1654,0.09241,6.5,4
379(E1),E,T,0.0098,0.127,7.5,4
379(E1),E,V,0.1544,0.05277,6.5,4
379(E1),E,W,-0.8946,0.7257,6,4
379(E1),E,Y,-0.1172,0.1761,5.5,4
379(E2),L,A,-0.4258,0.0622,11,4
379(E2),L,C,-0.9772,0.09455,6,4
379(E2),L,D,-7.527,0,5,4
379(E2),L,E,-7.437,0,9,4
379(E2),L,F,-0.4511,0.1684,10,4
379(E2),L,G,-5.867,0,4.5,4
379(E2),L,H,-7.55,0,5.5,4
379(E2),L,I,0.374,0.1148,4.5,4
379(E2),L,K,-7.493,0,2.5,2
379(E2),L,L,0,0,,4
379(E2),L,M,0.07321,0.2465,9.25,4
379(E2),L,N,-6.934,0,7.5,4
379(E2),L,P,-3.881,0.06374,7.5,4
379(E2),L,Q,-6.509,0,5,4
379(E2),L,R,-7.536,0,4.5,4
379(E2),L,S,-2.326,0.659,5,4
379(E2),L,T,-0.912,0.6981,3.5,4
379(E2),L,V,-0.8254,0.4637,6.5,4
379(E2),L,W,-4.769,0.05942,6.5,4
379(E2),L,Y,-5.316,0,6,4
38(6K),L,*,-7.611,0,8,4
38(6K),L,A,0.0034,0.1685,9,4
38(6K),L,C,-0.07301,0.27,6.5,4
38(6K),L,D,0.1062,0.2277,10,4
38(6K),L,E,-0.214,0.2287,9.5,4
38(6K),L,F,0.08802,0.244,9,4
38(6K),L,G,0.04847,0.02462,7.5,4
38(6K),L,H,-0.1396,0.06453,9,4
38(6K),L,I,-0.1469,0.111,11.5,4
38(6K),L,K,0.113,0.198,5,4
38(6K),L,L,0,0,,4
38(6K),L,M,0.1529,0.04747,9.5,4
38(6K),L,N,-0.0779,0.1755,10,4
38(6K),L,P,-0.1531,0.2139,9.5,4
38(6K),L,Q,-0.6202,0.2076,7.5,4
38(6K),L,R,0.1062,0.03608,8,4
38(6K),L,S,0.06928,0.05065,5.5,4
38(6K),L,T,-0.0382,0.148,12,4
38(6K),L,V,-0.1068,0.1523,10.5,4
38(6K),L,W,-0.163,0.1113,6.5,4
38(6K),L,Y,-0.02161,0.09595,6.5,4
38(E1),L,A,-1.236,0.1364,11,4
38(E1),L,C,-3.385,0.4685,11.5,4
38(E1),L,D,-3.981,0.1581,4,4
38(E1),L,E,-2.051,0.07317,5,4
38(E1),L,F,-6.846,0,9.25,4
38(E1),L,G,-6.468,0,11.5,4
38(E1),L,H,-2.33,0.8409,5.25,4
38(E1),L,I,-0.2173,0.4957,6.5,4
38(E1),L,K,-5.585,0,9,4
38(E1),L,L,0,0,,4
38(E1),L,M,-0.3794,0.2353,7,4
38(E1),L,N,-1.3,0.3336,7.5,4
38(E1),L,P,-7.554,0,14.5,4
38(E1),L,Q,-0.3771,0.1267,10,4
38(E1),L,R,-6.621,0,9.25,4
38(E1),L,S,-0.5315,0.7008,6,4
38(E1),L,T,-0.8489,0.2096,5,4
38(E1),L,V,-0.3779,0.2474,8.5,4
38(E1),L,W,-7.653,0,6.5,4
38(E1),L,Y,-7.36,0,9,4
38(E2),R,*,-6.878,0,2.5,2
38(E2),R,-,-2.268,1.355,0.5,2
38(E2),R,A,-1.067,0.4188,6.5,4
38(E2),R,C,-6.371,0,4.5,4
38(E2),R,D,-7.404,0,6.5,4
38(E2),R,E,-6.938,0,7,4
38(E2),R,F,-0.8437,1.216,1.5,4
38(E2),R,G,-3.258,0.6508,16,4
38(E2),R,H,-5.048,0.09873,9,4
38(E2),R,I,-3.213,0.6259,13.5,4
38(E2),R,K,-2.023,0.5613,13,4
38(E2),R,L,-1.527,0.885,6.5,4
38(E2),R,M,-1.608,0.7566,5.5,4
38(E2),R,N,-2.652,0.4232,8.5,4
38(E2),R,P,-7.291,0,14,4
38(E2),R,Q,-0.67,0.4548,9,4
38(E2),R,R,0,0,,4
38(E2),R,S,-2.132,0.5852,9.75,4
38(E2),R,T,-4.662,0.2715,8.5,4
38(E2),R,V,-2.934,0.7742,4.5,4
38(E2),R,W,-2.572,0.2956,6.75,4
38(E2),R,Y,-3.766,0.139,7.5,4
38(E3),L,*,-7.567,0,6,4
38(E3),L,-,-0.767,0.01545,2,2
38(E3),L,A,-0.6326,0.1556,8.5,4
38(E3),L,C,-0.6402,0.1632,10.5,4
38(E3),L,D,-1.283,0.08789,7,4
38(E3),L,E,-2.804,0.348,7.5,4
38(E3),L,F,-0.4377,0.07179,9,4
38(E3),L,G,-1.182,0.3694,6,4
38(E3),L,H,-4.156,0.4848,7.5,4
38(E3),L,I,-0.3008,0.1583,10,4
38(E3),L,K,-7.285,0,8,4
38(E3),L,L,0,0,,4
38(E3),L,M,-0.1708,0.1705,8.5,4
38(E3),L,N,-1.413,0.6348,4,4
38(E3),L,P,-7.572,0,17.5,4
38(E3),L,Q,-1.883,0.2903,12,4
38(E3),L,R,-7.545,0,12.5,4
38(E3),L,S,-1.124,0.2137,8.5,4
38(E3),L,T,-1.47,0.3168,4.5,4
38(E3),L,V,-0.249,0.08476,7.5,4
38(E3),L,W,-3.419,0.2714,7,4
38(E3),L,Y,-5.03,0.2914,7.5,4
380(E1),C,*,-5.854,1.174,5.5,4
380(E1),C,A,-7.588,0,4.5,4
380(E1),C,C,0,0,,4
380(E1),C,D,-7.585,0,3,4
380(E1),C,E,-7.533,0,3.5,4
380(E1),C,F,-7.609,0,8,4
380(E1),C,G,-7.396,0,7.5,4
380(E1),C,H,-7.568,0,5,4
380(E1),C,I,-7.568,0,9,4
380(E1),C,K,-7.579,0,2,4
380(E1),C,L,-7.598,0,7.5,4
380(E1),C,M,-7.621,0,11,4
380(E1),C,N,-7.434,0,4.5,4
380(E1),C,P,-7.618,0,4.75,4
380(E1),C,Q,-6.917,0,3,4
380(E1),C,R,-7.566,0,10,4
380(E1),C,S,-7.545,0,5.5,4
380(E1),C,T,-7.563,0,6,4
380(E1),C,V,-7.505,0,4,4
380(E1),C,W,-7.578,0,4,4
380(E1),C,Y,-7.639,0,16.5,4
380(E2),S,A,-0.1797,0.4274,6.5,4
380(E2),S,C,-0.1337,0.05806,9,4
380(E2),S,D,-2.925,2.284,1.5,4
380(E2),S,E,-2.838,0.3412,6.5,4
380(E2),S,F,-1.122,0.3084,6,4
380(E2),S,G,-0.1833,0.08139,6.5,4
380(E2),S,H,-2.836,0.6914,6,4
380(E2),S,I,-0.3795,0.09203,7.5,4
380(E2),S,K,-3.639,0.3812,6,4
380(E2),S,L,0.2189,0.1526,8,4
380(E2),S,M,0.04125,0.2942,4,4
380(E2),S,N,-0.6743,0.09523,26.25,4
380(E2),S,P,-5.492,0,6.5,4
380(E2),S,Q,-2.334,0.6529,7.5,4
380(E2),S,R,-6.851,0,12.25,4
380(E2),S,S,0,0,,4
380(E2),S,T,-0.601,0.7026,13,4
380(E2),S,V,0.1697,0.2585,6,4
380(E2),S,W,-2.051,0.86,4.5,4
380(E2),S,Y,-3.655,0.1248,5.5,4
381(E1),H,A,0.07684,0.1212,4.5,4
381(E1),H,C,-2.28,0.272,3.5,4
381(E1),H,D,-0.1071,0.13,8,4
381(E1),H,E,0.2283,0.05883,5,4
381(E1),H,F,0.02579,0.1586,6,4
381(E1),H,G,-0.1169,0.169,6,4
381(E1),H,H,0,0,,4
381(E1),H,I,0.1197,0.09223,7,4
381(E1),H,K,-0.3271,0.6274,4,4
381(E1),H,L,-0.2762,0.2286,7.5,4
381(E1),H,M,0.02278,0.3072,5.25,4
381(E1),H,N,-0.1105,0.07983,9,4
381(E1),H,P,-4.332,0.3512,6.5,4
381(E1),H,Q,0.2329,0.04852,7.5,4
381(E1),H,R,0.03632,0.1713,11,4
381(E1),H,S,-0.02021,0.08618,6,4
381(E1),H,T,-0.02479,0.2477,8.25,4
381(E1),H,V,-0.121,0.3698,3.5,4
381(E1),H,W,-0.8027,0.06048,5,4
381(E1),H,Y,-0.5482,0.5339,7,4
381(E2),M,A,-0.2469,0.1967,5.5,4
381(E2),M,C,-0.1729,0.3567,4.5,4
381(E2),M,D,-7.08,0,7,4
381(E2),M,E,-2.197,0.4759,5,4
381(E2),M,F,0.0027,0.1514,4.5,4
381(E2),M,G,-0.1559,0.1928,5.5,4
381(E2),M,H,-2.643,0.537,6,4
381(E2),M,I,-0.2838,0.1834,26.5,4
381(E2),M,K,-3.952,0.2119,3.5,4
381(E2),M,L,0.1612,0.2042,8,4
381(E2),M,M,0,0,,4
381(E2),M,N,-2.902,1.022,5.5,4
381(E2),M,P,-3.341,0.3865,4,4
381(E2),M,Q,-1.821,0.8576,3.5,4
381(E2),M,R,-7.271,0,8,4
381(E2),M,S,-0.01276,0.1087,8.25,4
381(E2),M,T,-0.8387,0.6023,4.5,4
381(E2),M,V,-0.699,0.2239,8,4
381(E2),M,W,-1.69,0.433,7,4
381(E2),M,Y,-1.853,0.1695,3.5,4
382(E1),P,-,-0.6047,0.3963,0.5,2
382(E1),P,A,0.07519,0.04943,5,4
382(E1),P,C,-7.471,0,6,4
382(E1),P,D,-2.718,0.5255,4.5,4
382(E1),P,E,-0.691,0.1873,5,4
382(E1),P,F,-4.219,0.07801,5,4
382(E1),P,G,-2.047,0.3335,7.75,4
382(E1),P,H,-2.071,0.1781,10.75,4
382(E1),P,I,-2.984,0.1648,6.5,4
382(E1),P,K,-2.083,0.7455,5.5,4
382(E1),P,L,-3.512,0.8959,8,4
382(E1),P,M,-1.505,1.323,6,4
382(E1),P,N,-1.944,0.434,5,4
382(E1),P,P,0,0,,4
382(E1),P,Q,-0.7599,0.6381,3,4
382(E1),P,R,-1.215,0.5521,4.5,4
382(E1),P,S,-1.01,0.4534,8,4
382(E1),P,T,-1.698,0.8355,6,4
382(E1),P,V,-2.408,0.4686,6.5,4
382(E1),P,W,-4.769,0,6,4
382(E1),P,Y,-6.329,0,6,4
382(E2),V,A,-0.5072,0.3396,8,4
382(E2),V,C,-0.6883,0.3692,6.5,4
382(E2),V,D,-7.174,0,6.5,4
382(E2),V,E,-5.226,0,5.5,4
382(E2),V,F,-0.1374,0.2802,5.5,4
382(E2),V,G,-0.8327,0.3995,5.5,4
382(E2),V,H,-3.553,0.4247,5,4
382(E2),V,I,0.271,0.3289,16.5,4
382(E2),V,K,-6.789,0,6,4
382(E2),V,L,0.2477,0.09198,8.5,4
382(E2),V,M,-0.1166,0.06441,7.5,4
382(E2),V,N,-3.39,0.8911,5,4
382(E2),V,P,-1.917,0.9128,7,4
382(E2),V,Q,-3.385,0.3561,3.5,4
382(E2),V,R,-7.484,0,5,4
382(E2),V,S,-0.4012,0.5496,5.5,4
382(E2),V,T,-1.064,0.4838,4,4
382(E2),V,V,0,0,,4
382(E2),V,W,-1.453,0.1947,7.5,4
382(E2),V,Y,-4.183,0.2193,6,4
383(E1),P,-,-0.739,0.62,0.5,2
383(E1),P,A,-5.685,0,5.5,4
383(E1),P,C,-7.572,0,6,4
383(E1),P,D,-7.48,0,5,4
383(E1),P,E,-6.683,0,7.5,4
383(E1),P,F,-7.629,0,7,4
383(E1),P,G,-6.88,0,5,4
383(E1),P,H,-7.258,0,11,4
383(E1),P,I,-7.319,0,5,4
383(E1),P,K,-7.592,0,6,4
383(E1),P,L,-7.466,0,9.5,4
383(E1),P,M,-7.279,0,5,4
383(E1),P,N,-7.42,0,5,4
383(E1),P,P,0,0,,4
383(E1),P,Q,-7.331,0,5,4
383(E1),P,R,-7.562,0,4.75,4
383(E1),P,S,-4.126,0.01126,11.5,4
383(E1),P,T,-6.139,0,11.5,4
383(E1),P,V,-7.115,0,8,4
383(E1),P,W,-7.258,0,6,4
383(E1),P,Y,-7.426,0,4,4
383(E2),G,*,-4.029,1.175,2.5,4
383(E2),G,-,-0.4601,0.0874,0.5,2
383(E2),G,A,-0.06521,0.135,5.5,4
383(E2),G,C,-0.6181,0.1644,7.5,4
383(E2),G,D,-6.489,0,5.5,4
383(E2),G,E,-5.502,0,27.75,4
383(E2),G,F,-0.3967,0.22,8.5,4
383(E2),G,G,0,0,,4
383(E2),G,H,-3.556,0.1558,9,4
383(E2),G,I,-0.9344,0.2902,7.5,4
383(E2),G,K,-4.46,0.2344,6,4
383(E2),G,L,-0.6545,0.08501,6.5,4
383(E2),G,M,-0.5569,0.8435,5.5,4
383(E2),G,N,-2.7,0.4498,4,4
383(E2),G,P,-0.8898,0.2103,9.5,4
383(E2),G,Q,-4.085,0.2225,4.75,4
383(E2),G,R,-3.433,0.2913,46.5,4
383(E2),G,S,-0.5295,0.1596,4.5,4
383(E2),G,T,-0.4215,0.2005,6.5,4
383(E2),G,V,-0.2946,0.4575,11.5,4
383(E2),G,W,-1.349,0.5662,3,4
383(E2),G,Y,-2.093,0.6503,8.25,4
384(E1),K,*,-6.244,0,2,4
384(E1),K,-,-1.056,0.86,0.5,2
384(E1),K,A,-1.474,0.06761,4.5,4
384(E1),K,C,-7.415,0,6.5,4
384(E1),K,D,-2.043,0.1979,7,4
384(E1),K,E,-0.261,0.2729,6,4
384(E1),K,F,-4.402,0.02317,9,4
384(E1),K,G,-1.968,0.168,8,4
384(E1),K,H,-0.9557,0.7351,7.5,4
384(E1),K,I,-1.9,1.013,7,4
384(E1),K,K,0,0,,4
384(E1),K,L,-0.7794,0.3894,7.5,4
384(E1),K,M,-0.8071,0.352,8,4
384(E1),K,N,-1.017,0.7821,12,4
384(E1),K,P,-0.5739,0.2509,7.5,4
384(E1),K,Q,-0.1854,0.2655,8,4
384(E1),K,R,-0.4071,0.2805,9,4
384(E1),K,S,-1.204,0.5917,5,4
384(E1),K,T,-0.9433,0.2858,11,4
384(E1),K,V,-0.6101,0.8938,8,4
384(E1),K,W,-5.989,0,9,4
384(E1),K,Y,-4.783,0.3009,5.5,4
384(E2),V,-,-0.5721,0.01585,0.5,2
384(E2),V,A,0.2607,0.01224,10,4
384(E2),V,C,0.3042,0.05872,8.5,4
384(E2),V,D,-6.775,0,3.5,4
384(E2),V,E,-6.228,0,8,4
384(E2),V,F,-0.5543,0.1233,6.5,4
384(E2),V,G,-0.0768,0.1486,4,4
384(E2),V,H,-2.239,2.161,4.5,4
384(E2),V,I,-0.1528,0.2708,2.5,4
384(E2),V,K,-5.676,0,4.5,4
384(E2),V,L,0.1639,0.3564,8,4
384(E2),V,M,-0.247,0.3991,10,4
384(E2),V,N,-3.05,0.345,3.5,2
384(E2),V,P,-4.019,0.1305,8.5,4
384(E2),V,Q,-3.482,0.6648,1.5,4
384(E2),V,R,-6.95,0,4,4
384(E2),V,S,-0.141,0.06951,4.5,4
384(E2),V,T,-0.1882,0.453,7.5,4
384(E2),V,V,0,0,,4
384(E2),V,W,-0.5656,0.6167,6,4
384(E2),V,Y,-1.707,0.4354,5.5,4
385(E1),D,-,-0.6113,0.8233,1.5,4
385(E1),D,A,-0.9791,0.3497,5.5,4
385(E1),D,C,-7.492,0,7.5,4
385(E1),D,D,0,0,,4
385(E1),D,E,-0.08645,0.168,12.5,4
385(E1),D,F,-2.826,0.4785,7,4
385(E1),D,G,-2.529,0.6979,8.5,4
385(E1),D,H,-2.129,0.5531,4.5,4
385(E1),D,I,-0.3175,0.2036,6,4
385(E1),D,K,-1.909,0.2389,6.5,4
385(E1),D,L,-1.069,0.3979,6,4
385(E1),D,M,-2.994,0.7205,4.5,4
385(E1),D,N,-0.4,0.1736,13,4
385(E1),D,P,-4.514,0.4542,8,4
385(E1),D,Q,-0.5307,0.2336,4,4
385(E1),D,R,-2.169,0.2448,7,4
385(E1),D,S,-1.567,0.235,3,4
385(E1),D,T,-1.373,0.37,5.5,4
385(E1),D,V,-0.4824,0.4026,6,4
385(E1),D,W,-2.679,0.2054,9,4
385(E1),D,Y,-2.74,0.2635,8.5,4
385(E2),A,*,-7.698,0,0.5,2
385(E2),A,-,-0.2274,0.152,0.5,2
385(E2),A,A,0,0,,4
385(E2),A,C,-0.2484,0.227,10,4
385(E2),A,D,-3.287,0.2252,10,4
385(E2),A,E,-1.986,0.7215,2.5,4
385(E2),A,F,-0.4191,0.1979,7,4
385(E2),A,G,-0.5534,0.1408,7.5,4
385(E2),A,H,-3.277,1.174,7,4
385(E2),A,I,0.2906,0.06976,4.5,4
385(E2),A,K,-5.258,0.1936,4.5,4
385(E2),A,L,0.1179,0.07016,3.5,4
385(E2),A,M,-1.524,0.5503,6,4
385(E2),A,N,-1.819,0.2714,7,4
385(E2),A,P,-2.473,0.2902,8,4
385(E2),A,Q,-4.667,0.3511,6.5,4
385(E2),A,R,-6.915,0,1.5,2
385(E2),A,S,-0.00312,0.2054,12.75,4
385(E2),A,T,-0.4181,0.1838,28.5,4
385(E2),A,V,-0.5501,0.2558,59.5,4
385(E2),A,W,-2.182,0.5415,5,4
385(E2),A,Y,-0.2894,0.3943,6.5,4
386(E1),H,-,-0.62,0.417,1.5,4
386(E1),H,A,-6.337,0,8.5,4
386(E1),H,C,-7.571,0,8.5,4
386(E1),H,D,-7.167,0,9.25,4
386(E1),H,E,-6.603,0,3.5,4
386(E1),H,F,-4.601,0,7.75,4
386(E1),H,G,-7.259,0,6.5,4
386(E1),H,H,0,0,,4
386(E1),H,I,-6.835,0,7,4
386(E1),H,K,-6.388,0,6,4
386(E1),H,L,-4.451,0.3543,4,4
386(E1),H,M,-5.489,0,7.5,4
386(E1),H,N,-6.079,0,14,4
386(E1),H,P,-4.816,0,7,4
386(E1),H,Q,-5.63,0,6,4
386(E1),H,R,-6.679,0,9.25,4
386(E1),H,S,-5.558,0,7.5,4
386(E1),H,T,-5.004,0,4.5,4
386(E1),H,V,-6.189,0,9,4
386(E1),H,W,-0.1389,0.2799,5,4
386(E1),H,Y,-2.305,0.1183,9.5,4
386(E2),V,-,-0.1624,0.1964,0.5,2
386(E2),V,A,-0.05285,0.125,7.5,4
386(E2),V,C,-0.7312,0.6784,6.5,4
386(E2),V,D,-6.192,0,6,4
386(E2),V,E,-5.338,0,6.5,4
386(E2),V,F,0.06939,0.136,7.5,4
386(E2),V,G,-0.753,0.112,4,4
386(E2),V,H,-4.434,0.3196,4,4
386(E2),V,I,0.2805,0.192,4.5,4
386(E2),V,K,-5.905,0,3.5,4
386(E2),V,L,-0.1766,0.1641,8,4
386(E2),V,M,-0.5917,0.3276,19.75,4
386(E2),V,N,-6.024,0,3,2
386(E2),V,P,-4.236,0.2022,7,4
386(E2),V,Q,-4.742,0.04157,4.5,4
386(E2),V,R,-5.012,0,4.5,4
386(E2),V,S,-2.187,0.2961,8.5,4
386(E2),V,T,-0.8317,0.1977,6.5,4
386(E2),V,V,0,0,,4
386(E2),V,W,-1.595,0.1305,7,4
386(E2),V,Y,-1.38,0.9591,3,4
387(E1),I,-,-0.8776,0.4708,1.5,4
387(E1),I,A,-6.52,0,5.5,4
387(E1),I,C,-7.565,0,8.5,4
387(E1),I,D,-6.45,0,4.5,4
387(E1),I,E,-7.146,0,4.5,4
387(E1),I,F,-5.027,0,6.5,4
387(E1),I,G,-7.085,0,5,4
387(E1),I,H,-6.35,0,5,4
387(E1),I,I,0,0,,4
387(E1),I,K,-7.178,0,4.5,4
387(E1),I,L,-3.484,0.3707,10,4
387(E1),I,M,-4.152,0.0407,6.5,4
387(E1),I,N,-6.413,0,16,4
387(E1),I,P,-6.618,0,6,4
387(E1),I,Q,-5.79,0.223,4.5,4
387(E1),I,R,-6.866,0,8.5,4
387(E1),I,S,-5.953,0,10,4
387(E1),I,T,-5.909,0,9,4
387(E1),I,V,-1.823,0.6772,7,4
387(E1),I,W,-6.649,0,6,4
387(E1),I,Y,-5.135,0,7,4
387(E2),G,-,-0.3037,0.0339,0.5,2
387(E2),G,A,0.1819,0.09993,4,4
387(E2),G,C,-0.2064,0.2161,7,4
387(E2),G,D,-2.727,0.1465,47,4
387(E2),G,E,-2.271,0.4222,4,4
387(E2),G,F,-0.6497,0.1465,8,4
387(E2),G,G,0,0,,4
387(E2),G,H,-0.5679,0.08927,5.5,4
387(E2),G,I,-0.276,0.1481,5,4
387(E2),G,K,0.2373,0.2247,6,4
387(E2),G,L,0.1648,0.2085,7,4
387(E2),G,M,0.0269,0.2785,8,4
387(E2),G,N,-0.3569,0.1683,9,4
387(E2),G,P,-0.9963,0.4041,2,4
387(E2),G,Q,0.1706,0.686,4.5,4
387(E2),G,R,-0.2134,0.1108,7,4
387(E2),G,S,-0.3358,0.21,13,4
387(E2),G,T,0.2122,0.1106,5.5,4
387(E2),G,V,-0.4329,0.4911,8,4
387(E2),G,W,0.1678,0.1109,4.5,4
387(E2),G,Y,0.06896,0.4354,6.5,4
388(E1),V,-,-0.8302,0.5857,2.5,4
388(E1),V,A,-4.495,0.09873,11.5,4
388(E1),V,C,-7.411,0,5.5,4
388(E1),V,D,-7.355,0,7,4
388(E1),V,E,-7.294,0,7,4
388(E1),V,F,-6.946,0,10.5,4
388(E1),V,G,-7.545,0,4.5,4
388(E1),V,H,-6.791,0,10,4
388(E1),V,I,0.01872,0.09721,6,4
388(E1),V,K,-5.533,0.02728,6.5,4
388(E1),V,L,-1.936,0.0881,10,4
388(E1),V,M,-2.12,0.3314,21.5,4
388(E1),V,N,-6.178,0,5.5,4
388(E1),V,P,-7.506,0,6.5,4
388(E1),V,Q,-5.837,0,4.5,4
388(E1),V,R,-3.352,0.5788,4.5,4
388(E1),V,S,-6.345,0,6.5,4
388(E1),V,T,-2.355,1.184,7.5,4
388(E1),V,V,0,0,,4
388(E1),V,W,-6.603,0,6.75,4
388(E1),V,Y,-5.647,0.2308,6,4
388(E2),M,-,0.02299,0.1005,0.5,2
388(E2),M,A,-0.5339,0.5869,4.5,4
388(E2),M,C,-0.7429,0.3606,4,4
388(E2),M,D,-7.311,0,5,4
388(E2),M,E,-3.763,0.3391,5,4
388(E2),M,F,-0.3528,0.1899,4.5,4
388(E2),M,G,-0.5436,0.1001,5,4
388(E2),M,H,-1.994,0.141,0.5,2
388(E2),M,I,-0.4411,0.344,19,4
388(E2),M,K,-2.354,0.07337,8,4
388(E2),M,L,0.1808,0.1058,4,4
388(E2),M,M,0,0,,4
388(E2),M,N,-3.817,0.8333,3,4
388(E2),M,P,-5.382,0,4.5,4
388(E2),M,Q,-3.035,0.7567,4.5,4
388(E2),M,R,-2.821,0.6112,4,4
388(E2),M,S,-1.799,0.324,2,2
388(E2),M,T,-0.4223,0.3908,10.25,4
388(E2),M,V,-0.02864,0.1815,6,4
388(E2),M,W,-1.493,0.9186,8,4
388(E2),M,Y,-2.612,0.7141,5.5,4
389(E1),N,-,-0.794,0.8673,1.5,4
389(E1),N,A,-3.065,0.2637,7,4
389(E1),N,C,-7.425,0,9.25,4
389(E1),N,D,-2.923,0.2458,10.25,4
389(E1),N,E,-1.113,1.123,1,4
389(E1),N,F,-4.21,0.2022,9.75,4
389(E1),N,G,-2.732,0.5202,3.5,4
389(E1),N,H,-2.587,0.4614,9.5,4
389(E1),N,I,-5.502,0,5.5,4
389(E1),N,K,-5.233,0,21,4
389(E1),N,L,-2.604,0.3189,9.5,4
389(E1),N,M,-1.651,0.9715,5.5,4
389(E1),N,N,0,0,,4
389(E1),N,P,-1.597,0.2952,9.5,4
389(E1),N,Q,-1.51,0.2244,8,4
389(E1),N,R,-5.08,0.7729,4,4
389(E1),N,S,-1.659,0.5804,8,4
389(E1),N,T,-2.272,0.4237,8.5,4
389(E1),N,V,-4.112,0.3302,5.75,4
389(E1),N,W,-5.178,0,5,4
389(E1),N,Y,-7.027,0,6.5,4
389(E2),C,-,-0.283,0.0601,0.5,2
389(E2),C,A,-1.604,0.2659,4.5,4
389(E2),C,C,0,0,,4
389(E2),C,D,-7.415,0,6,4
389(E2),C,E,-5.298,0,4.5,4
389(E2),C,F,-0.2567,0.8629,6,4
389(E2),C,G,-2.643,0.3233,6,4
389(E2),C,H,-5.063,0,6,4
389(E2),C,I,0.3734,0.08525,6,4
389(E2),C,K,-4.678,1.038,3,4
389(E2),C,L,-0.2989,0.1059,3,4
389(E2),C,M,-0.7254,0.4977,3,4
389(E2),C,N,-5.748,0.00433,4,4
389(E2),C,P,-5.013,0,3.5,4
389(E2),C,Q,-5.029,0,5.5,4
389(E2),C,R,-5.642,0,7.5,4
389(E2),C,S,-2.925,0.4785,6,4
389(E2),C,T,-0.6824,0.128,5,4
389(E2),C,V,-0.05744,0.2377,7,4
389(E2),C,W,-0.0851,0.3857,6.5,4
389(E2),C,Y,-1.087,0.6175,18,4
39(6K),L,A,-0.1573,0.04812,9.5,4
39(6K),L,C,-0.8626,0.6205,7.5,4
39(6K),L,D,0.2217,0.0835,5.25,4
39(6K),L,E,0.08586,0.09071,6,4
39(6K),L,F,0.1061,0.02461,8.5,4
39(6K),L,G,0.1446,0.0715,7.75,4
39(6K),L,H,0.1149,0.006836,6.5,4
39(6K),L,I,-0.2397,0.3975,4.5,4
39(6K),L,K,-0.3569,0.3022,6.5,4
39(6K),L,L,0,0,,4
39(6K),L,M,0.1049,0.1017,8.75,4
39(6K),L,N,-0.1947,0.2203,6.5,4
39(6K),L,P,-0.2878,0.2998,6.5,4
39(6K),L,Q,0.1438,0.06752,8,4
39(6K),L,R,-0.1087,0.1059,9.5,4
39(6K),L,S,-0.13,0.1264,7.5,4
39(6K),L,T,0.1949,0.01583,8,4
39(6K),L,V,-0.4284,0.7352,7.5,4
39(6K),L,W,-0.01463,0.1689,9.5,4
39(6K),L,Y,-0.01385,0.2602,10,4
39(E1),E,*,-7.233,0,5,4
39(E1),E,A,-0.2555,0.2041,4.5,4
39(E1),E,C,-0.5574,0.4534,9,4
39(E1),E,D,-0.06664,0.1392,6.5,4
39(E1),E,E,0,0,,4
39(E1),E,F,-0.1971,0.3277,9.5,4
39(E1),E,G,-1.566,0.7488,12.5,4
39(E1),E,H,0.02986,0.1969,11,4
39(E1),E,I,-0.2779,0.09556,5.5,4
39(E1),E,K,-0.3552,0.1003,49,4
39(E1),E,L,-0.3029,0.6112,7.5,4
39(E1),E,M,-0.3723,0.4855,11,4
39(E1),E,N,-0.07625,0.2496,8.5,4
39(E1),E,P,-7.104,0,7.5,4
39(E1),E,Q,-0.5253,0.2749,10,4
39(E1),E,R,-0.4755,1.121,6,4
39(E1),E,S,-0.2768,0.3303,6.5,4
39(E1),E,T,-0.04324,0.2101,8.5,4
39(E1),E,V,-0.3329,0.2899,6.5,4
39(E1),E,W,-0.2875,0.1358,6,4
39(E1),E,Y,-0.00493,0.09505,12.5,4
39(E2),N,A,-0.6476,0.2872,10,4
39(E2),N,C,-3.551,0.05998,9,4
39(E2),N,D,0.1231,0.04966,8.75,4
39(E2),N,E,-7.641,0,4,4
39(E2),N,F,-7.048,0,10,4
39(E2),N,G,-1.589,0.2038,7,4
39(E2),N,H,-2.816,0.4334,11.5,4
39(E2),N,I,-7.048,0,8,4
39(E2),N,K,-7.285,0,8.75,4
39(E2),N,L,-7.557,0,10.5,4
39(E2),N,M,-7.557,0,8.5,4
39(E2),N,N,0,0,,4
39(E2),N,P,-7.229,0,7.5,4
39(E2),N,Q,-2.667,0.2552,8,4
39(E2),N,R,-7.473,0,5.5,4
39(E2),N,S,-0.448,0.3802,5,4
39(E2),N,T,-3.667,0.1822,9,4
39(E2),N,V,-7.373,0,8.5,4
39(E2),N,W,-7.519,0,4.5,4
39(E2),N,Y,-6.797,0,6.5,4
39(E3),E,*,-7.377,0,6.5,4
39(E3),E,-,-3.689,1.742,3,4
39(E3),E,A,-0.6525,0.2679,8,4
39(E3),E,C,-0.5471,0.1349,12.5,4
39(E3),E,D,-1.643,0.1327,10,4
39(E3),E,E,0,0,,4
39(E3),E,F,-2.349,0.2579,12.5,4
39(E3),E,G,-1.665,0.1909,11.5,4
39(E3),E,H,-2.301,0.5749,8.5,4
39(E3),E,I,-2.732,0.1799,9.5,4
39(E3),E,K,-6.611,0,48.25,4
39(E3),E,L,-3.838,0.4458,11,4
39(E3),E,M,-0.302,0.2704,8,4
39(E3),E,N,-3.871,0.4549,9,4
39(E3),E,P,-7.508,0,11.5,4
39(E3),E,Q,-0.2615,0.1736,13.5,4
39(E3),E,R,-6.98,0,9.5,4
39(E3),E,S,-1.002,0.1981,7.5,4
39(E3),E,T,-1.71,0.5164,5.5,4
39(E3),E,V,-2.345,0.2269,15.5,4
39(E3),E,W,-5.401,0,10,4
39(E3),E,Y,-4.63,0,14,4
390(E1),Y,*,-7.671,0,4.5,4
390(E1),Y,-,-4.966,1.282,3,4
390(E1),Y,A,-3.761,0.3144,6.25,4
390(E1),Y,C,-7.257,0,12.5,4
390(E1),Y,D,-7.385,0,9.5,4
390(E1),Y,E,-7.035,0,9.5,4
390(E1),Y,F,-0.4378,0.4989,9.5,4
390(E1),Y,G,-6.191,0,5.5,4
390(E1),Y,H,-0.113,0.3007,14.5,4
390(E1),Y,I,-4.669,0.1775,6,4
390(E1),Y,K,-3.78,0.2784,8,4
390(E1),Y,L,-4.361,0,5,4
390(E1),Y,M,-2.7,0.3327,11,4
390(E1),Y,N,-3.358,0.6868,7.25,4
390(E1),Y,P,-7.397,0,10.5,4
390(E1),Y,Q,-2.655,0.3691,5.25,4
390(E1),Y,R,-1.355,0.1996,8.5,4
390(E1),Y,S,-2.128,0.5276,6.5,4
390(E1),Y,T,-7.359,0,12.5,4
390(E1),Y,V,-5.736,0.1126,13,4
390(E1),Y,W,-1.141,0.1632,8,4
390(E1),Y,Y,0,0,,4
390(E2),M,-,-0.4963,0.2967,0.5,2
390(E2),M,A,-0.8376,0.2576,5,4
390(E2),M,C,-0.001385,0.3078,5,4
390(E2),M,D,-3.495,0.5022,5.5,4
390(E2),M,E,-2.458,0.6961,4.5,4
390(E2),M,F,-0.6393,0.385,3.5,4
390(E2),M,G,-1.504,0.9605,5,4
390(E2),M,H,-0.4537,0.9034,5,4
390(E2),M,I,0.09128,0.1715,19,4
390(E2),M,K,-0.8505,0.1958,2.5,4
390(E2),M,L,-0.2097,0.1391,5.5,4
390(E2),M,M,0,0,,4
390(E2),M,N,-1.488,0.3875,5,4
390(E2),M,P,-4.457,0.1645,4.5,4
390(E2),M,Q,-1.161,0.7175,5,4
390(E2),M,R,-1.152,0.3122,8,4
390(E2),M,S,-1.281,0.4605,6,4
390(E2),M,T,-0.9997,0.2014,7,4
390(E2),M,V,0.08197,0.4558,7.5,4
390(E2),M,W,0.1522,0.4947,6,4
390(E2),M,Y,0.3421,0.07481,4.5,4
391(E1),P,-,-0.1276,0.1165,2,4
391(E1),P,A,-3.225,0.1273,12.5,4
391(E1),P,C,-7.484,0,10.5,4
391(E1),P,D,-6.959,0,9.5,4
391(E1),P,E,-6.831,0,3.5,2
391(E1),P,F,-4.786,0.2135,9,4
391(E1),P,G,-6.082,0,6,4
391(E1),P,H,-2.25,0.3216,13,4
391(E1),P,I,-0.8662,0.9129,6,4
391(E1),P,K,-0.938,0.2103,5.5,4
391(E1),P,L,-1.96,0.1998,15,4
391(E1),P,M,-2.19,0.3678,7,4
391(E1),P,N,-7.442,0,7.5,4
391(E1),P,P,0,0,,4
391(E1),P,Q,-1.147,0.7427,6.5,4
391(E1),P,R,0.08179,0.1685,9,4
391(E1),P,S,-5.538,0,17.5,4
391(E1),P,T,-7.681,0,16,4
391(E1),P,V,-2.508,0.4353,7.5,4
391(E1),P,W,-6.75,0,17,4
391(E1),P,Y,-4.635,0.1357,10,4
391(E2),C,-,-0.29,0.2773,0.5,2
391(E2),C,A,-0.1635,0.5582,1.5,4
391(E2),C,C,0,0,,4
391(E2),C,D,-0.8743,0.1842,4.5,4
391(E2),C,E,-0.1799,0.1818,3.5,4
391(E2),C,F,-0.1473,0.1783,7.5,4
391(E2),C,G,-0.8969,0.3781,5.5,4
391(E2),C,H,-1.034,0.4238,3,4
391(E2),C,I,0.297,0.1149,6.5,4
391(E2),C,K,-0.8359,0.5304,5,4
391(E2),C,L,-0.4614,0.2299,5.5,4
391(E2),C,M,0.2658,0.09885,4,4
391(E2),C,N,-0.625,0.174,6.5,4
391(E2),C,P,-4.339,0.1922,2.5,4
391(E2),C,Q,-0.3384,0.2666,3.75,4
391(E2),C,R,-0.4168,0.148,8.5,4
391(E2),C,S,-0.4211,0.1267,6.5,4
391(E2),C,T,-0.3709,0.2867,6,4
391(E2),C,V,-0.118,0.7101,4.5,4
391(E2),C,W,0.1695,0.1339,4.5,4
391(E2),C,Y,0.149,0.06602,12,4
392(E1),A,-,-0.3721,0.6404,1.5,4
392(E1),A,A,0,0,,4
392(E1),A,C,-7.411,0,8,4
392(E1),A,D,-5.998,0,16.5,4
392(E1),A,E,-4.928,0,10,4
392(E1),A,F,-0.768,0.3155,9.5,4
392(E1),A,G,-0.5619,0.2121,9,4
392(E1),A,H,0.1885,0.06774,6.5,4
392(E1),A,I,-0.06639,0.1867,10,4
392(E1),A,K,-0.7665,0.5345,7,4
392(E1),A,L,0.07567,0.06779,8.5,4
392(E1),A,M,-0.04559,0.3616,7,4
392(E1),A,N,-0.9686,0.6059,9.5,4
392(E1),A,P,-2.333,0.4922,7.5,4
392(E1),A,Q,0.03532,0.07588,8,4
392(E1),A,R,0.09948,0.04954,7,4
392(E1),A,S,0.00708,0.05471,24,4
392(E1),A,T,0.1469,0.03356,34,4
392(E1),A,V,0.242,0.1442,14,4
392(E1),A,W,-0.841,0.8086,6.75,4
392(E1),A,Y,0.1903,0.06332,7.5,4
392(E2),A,-,-0.3431,0.07785,0.5,2
392(E2),A,A,0,0,,4
392(E2),A,C,-1.377,0.2671,5.5,4
392(E2),A,D,-3.572,0.2027,8.25,4
392(E2),A,E,-2.367,0.5247,7,4
392(E2),A,F,-1.921,0.6082,4.5,4
392(E2),A,G,-3.591,0.4189,3.5,4
392(E2),A,H,-2.788,0.2617,7,4
392(E2),A,I,-0.1176,0.2106,4,4
392(E2),A,K,-1.539,0.1962,3.5,4
392(E2),A,L,0.0001,0.1985,5,4
392(E2),A,M,-0.7936,0.3917,3,4
392(E2),A,N,-5.13,0.7039,2,4
392(E2),A,P,-3.374,0.5384,6,4
392(E2),A,Q,-2.671,0.5005,3.5,4
392(E2),A,R,-3.436,0.2915,2.5,4
392(E2),A,S,-1.64,0.3705,10,4
392(E2),A,T,-1.223,0.4186,11.5,4
392(E2),A,V,-0.59,0.2504,27.75,4
392(E2),A,W,-2.24,0.3999,3.5,4
392(E2),A,Y,-2.309,0.4604,3.5,4
393(E1),S,*,-4.7,0,0.5,2
393(E1),S,-,0.1039,0.1513,1,4
393(E1),S,A,-0.7072,0.4479,10,4
393(E1),S,C,-7.388,0,11,4
393(E1),S,D,-4.457,0.02901,7,4
393(E1),S,E,-6.11,0,7.5,4
393(E1),S,F,0.1072,0.1474,9,4
393(E1),S,G,-1.468,1.087,8.75,4
393(E1),S,H,0.1759,0.1067,7.5,4
393(E1),S,I,-0.2525,0.1234,7,4
393(E1),S,K,0.186,0.01898,11,4
393(E1),S,L,-0.3032,0.08808,10.5,4
393(E1),S,M,0.1757,0.123,7.5,4
393(E1),S,N,-7.353,0,26.75,4
393(E1),S,P,-2.466,0.4884,8,4
393(E1),S,Q,-0.0583,0.2184,7.5,4
393(E1),S,R,-0.7307,0.07167,9,4
393(E1),S,S,0,0,,4
393(E1),S,T,-0.6943,0.4232,8.5,4
393(E1),S,V,-0.7812,0.2778,12,4
393(E1),S,W,0.1094,0.1559,11,4
393(E1),S,Y,-0.1183,0.1558,10.5,4
393(E2),R,A,-2.609,0.9253,3,4
393(E2),R,C,-1.568,0.2785,8,4
393(E2),R,D,-2.657,1.276,4.5,4
393(E2),R,E,-2.752,0.4097,3,4
393(E2),R,F,-3.105,0.4343,3,4
393(E2),R,G,-4.724,0.3616,4.5,4
393(E2),R,H,-2.543,0.4163,71.25,4
393(E2),R,I,-0.5512,0.3578,4,4
393(E2),R,K,-2.789,0.2767,4.5,4
393(E2),R,L,-2.617,0.5212,8.5,4
393(E2),R,M,-2.272,0.4814,5,4
393(E2),R,N,-3.363,0.2914,4,4
393(E2),R,P,-2.1,1.832,3.5,4
393(E2),R,Q,-3.602,0.6727,6,4
393(E2),R,R,0,0,,4
393(E2),R,S,-3.551,0.119,7.5,4
393(E2),R,T,-2.021,0.5941,6,4
393(E2),R,V,-1.714,0.5733,4.5,4
393(E2),R,W,-2.508,0.504,8.5,4
393(E2),R,Y,-2.9,0.608,4.5,4
394(E1),H,-,0.1488,0.1208,1,4
394(E1),H,A,-1.418,0.1985,10,4
394(E1),H,C,-7.571,0,10.75,4
394(E1),H,D,-5.663,0,9.5,4
394(E1),H,E,-6.374,0,9,4
394(E1),H,F,-0.3498,0.2545,13,4
394(E1),H,G,-1.95,1.029,9.25,4
394(E1),H,H,0,0,,4
394(E1),H,I,-1.737,0.1947,9,4
394(E1),H,K,-2.939,0.472,6.5,4
394(E1),H,L,-2.12,0.05622,9,4
394(E1),H,M,-1.75,0.6443,10,4
394(E1),H,N,-7.392,0,13,4
394(E1),H,P,-5.736,0,10,4
394(E1),H,Q,-1.28,0.3654,11.5,4
394(E1),H,R,-1.379,0.2324,8.5,4
394(E1),H,S,-2.192,0.4039,8,4
394(E1),H,T,-2.144,0.2543,10.75,4
394(E1),H,V,-1.498,0.05288,8.5,4
394(E1),H,W,-0.1603,0.4337,4.5,4
394(E1),H,Y,-0.1027,0.06959,10,4
394(E2),R,*,-4.569,1.076,1,4
394(E2),R,A,0.4219,0.05358,4.5,4
394(E2),R,C,-4.223,0.3317,5.5,4
394(E2),R,D,0.5033,0.1131,5,4
394(E2),R,E,0.3901,0.2963,3.5,4
394(E2),R,F,-3.766,0.3152,7.5,4
394(E2),R,G,-1.551,0.3322,8.5,4
394(E2),R,H,-0.7015,0.8202,3.5,4
394(E2),R,I,-3.087,0.5682,11,4
394(E2),R,K,0.1403,0.1606,16,4
394(E2),R,L,-2.559,0.3106,4,4
394(E2),R,M,-2.27,0.3431,8.5,4
394(E2),R,N,0.0649,0.3614,5.5,4
394(E2),R,P,-4.351,0.2118,7.5,4
394(E2),R,Q,0.3094,0.06722,4,4
394(E2),R,R,0,0,,4
394(E2),R,S,-0.19,0.4869,3.5,4
394(E2),R,T,-0.6582,0.1762,7,4
394(E2),R,V,-2.003,0.6919,9.5,4
394(E2),R,W,-3.029,0.2982,8.5,4
394(E2),R,Y,-2.05,0.3563,6,4
395(E1),T,-,-0.4446,0.1988,3.5,4
395(E1),T,A,0.09283,0.104,9.5,4
395(E1),T,C,-7.431,0,9.5,4
395(E1),T,D,-0.8877,0.1802,8,4
395(E1),T,E,-0.7255,0.2019,6,4
395(E1),T,F,0.05864,0.1095,14,4
395(E1),T,G,0.1078,0.1349,7.5,4
395(E1),T,H,0.0144,0.4258,9.5,4
395(E1),T,I,-0.1568,0.2133,15,4
395(E1),T,K,-1.12,0.7802,7.5,4
395(E1),T,L,-0.1043,0.1507,11,4
395(E1),T,M,0.199,0.1042,6.5,4
395(E1),T,N,-0.06099,0.05858,10.5,4
395(E1),T,P,-0.7037,0.4246,12,4
395(E1),T,Q,-0.01665,0.1264,24.5,4
395(E1),T,R,0.1637,0.02332,9.5,4
395(E1),T,S,-0.02985,0.1849,8.5,4
395(E1),T,T,0,0,,4
395(E1),T,V,-0.2441,0.2217,7,4
395(E1),T,W,-0.1084,0.1443,8,4
395(E1),T,Y,0.08031,0.08325,11.5,4
395(E2),R,*,-3.843,2.023,1,4
395(E2),R,A,-0.3765,0.5943,4,4
395(E2),R,C,-1.854,0.3644,9,4
395(E2),R,D,-1.76,0.3531,8.5,4
395(E2),R,E,-0.1873,0.4862,5.5,4
395(E2),R,F,-0.1944,0.2068,6.5,4
395(E2),R,G,-3.084,0.6241,8,4
395(E2),R,H,-0.1941,0.1072,10.5,4
395(E2),R,I,0.256,0.1034,10.5,4
395(E2),R,K,-0.2834,0.464,24,4
395(E2),R,L,0.2088,0.3882,9,4
395(E2),R,M,0.03495,0.4468,7.5,4
395(E2),R,N,-1.454,0.5882,7,4
395(E2),R,P,-4.756,0,6,4
395(E2),R,Q,-0.286,0.3319,4,4
395(E2),R,R,0,0,,4
395(E2),R,S,-1.344,0.3309,7,4
395(E2),R,T,-0.2301,0.435,4,4
395(E2),R,V,0.2602,0.04859,6.5,4
395(E2),R,W,-0.5406,0.2089,5.5,4
395(E2),R,Y,-0.2267,0.2755,5.5,4
396(E1),T,*,-7.527,0,0.5,2
396(E1),T,-,-0.01175,0.1226,0.5,2
396(E1),T,A,-0.005128,0.08969,13,4
396(E1),T,C,-7.403,0,9.5,4
396(E1),T,D,-0.7137,0.2716,7.5,4
396(E1),T,E,-0.1242,0.2885,8,4
396(E1),T,F,0.00852,0.0619,11,4
396(E1),T,G,-0.1436,0.2576,6,4
396(E1),T,H,0.0141,0.1525,8,4
396(E1),T,I,0.1925,0.0512,14,4
396(E1),T,K,-0.442,0.4453,15,4
396(E1),T,L,-0.0437,0.1836,10.5,4
396(E1),T,M,-0.3997,0.1501,11.5,4
396(E1),T,N,-2.554,1.821,6,4
396(E1),T,P,-0.2776,0.2113,10,4
396(E1),T,Q,-0.4028,0.325,8.5,4
396(E1),T,R,-0.5845,0.5116,8.5,4
396(E1),T,S,-0.04328,0.2948,6.5,4
396(E1),T,T,0,0,,4
396(E1),T,V,0.0533,0.1474,7,4
396(E1),T,W,0.1221,0.1006,10,4
396(E1),T,Y,0.2434,0.0344,6.5,4
396(E2),C,*,-7.457,0,6,4
396(E2),C,A,-1.847,0.5904,4.5,4
396(E2),C,C,0,0,,4
396(E2),C,D,-5.879,0,9,4
396(E2),C,E,-4.909,0,6.5,4
396(E2),C,F,-0.1183,0.134,8,4
396(E2),C,G,-3.412,0.761,5,4
396(E2),C,H,-3.239,0.3245,7.5,4
396(E2),C,I,-0.06565,1.284,4,4
396(E2),C,K,-2.725,0.2815,5,4
396(E2),C,L,0.218,0.4055,4.5,4
396(E2),C,M,-0.4363,0.2711,4,4
396(E2),C,N,-3.647,0.3145,5.5,4
396(E2),C,P,-4.627,0.129,5.5,4
396(E2),C,Q,-4.95,0,4,4
396(E2),C,R,-3.488,0.8292,3,4
396(E2),C,S,-3.104,0.2355,5.5,4
396(E2),C,T,-2.667,0.2864,5,4
396(E2),C,V,-0.5801,1.029,1.5,4
396(E2),C,W,-0.6035,0.1271,4.5,4
396(E2),C,Y,-0.9208,0.2732,46.75,4
397(E1),L,-,-0.08314,0.09506,0.5,2
397(E1),L,A,-0.01365,0.2152,7.5,4
397(E1),L,C,-6.413,0,9.5,4
397(E1),L,D,-0.6102,0.2045,6,4
397(E1),L,E,-0.5134,0.2315,6,4
397(E1),L,F,0.08437,0.09688,9.75,4
397(E1),L,G,-1.1,0.6648,8,4
397(E1),L,H,-0.3198,0.1012,11,4
397(E1),L,I,0.2228,0.03132,5.5,4
397(E1),L,K,-0.5271,0.1893,7.5,4
397(E1),L,L,0,0,,4
397(E1),L,M,0.0675,0.115,16.5,4
397(E1),L,N,-0.879,0.1981,4.5,4
397(E1),L,P,-0.1367,0.1442,7.5,4
397(E1),L,Q,-0.2162,0.1207,10,4
397(E1),L,R,-1.73,0.5247,6,4
397(E1),L,S,-0.6094,0.5512,6,4
397(E1),L,T,-0.1178,0.103,8,4
397(E1),L,V,-0.1263,0.3234,9,4
397(E1),L,W,0.1031,0.04191,8.25,4
397(E1),L,Y,0.1552,0.07173,7.5,4
397(E2),I,A,-0.2152,0.1818,6,4
397(E2),I,C,-3.263,0.8993,8.5,4
397(E2),I,D,-2.682,0.9348,5,4
397(E2),I,E,-0.91,0.333,3.5,4
397(E2),I,F,-1.946,0.2432,6.5,4
397(E2),I,G,-1.853,0.2128,7,4
397(E2),I,H,-2.533,0.5896,5.5,4
397(E2),I,I,0,0,,4
397(E2),I,K,0.3681,0.08959,2.5,4
397(E2),I,L,0.3116,0.04607,4,4
397(E2),I,M,-0.2492,0.1914,7,4
397(E2),I,N,-1.391,0.2322,4,4
397(E2),I,P,-3.378,0.5906,7.5,4
397(E2),I,Q,-0.6241,0.2422,8.5,4
397(E2),I,R,-1.39,0.6176,4,4
397(E2),I,S,-0.1651,0.2128,3,4
397(E2),I,T,-1.071,0.08659,7.5,4
397(E2),I,V,-0.9923,0.6346,6.5,4
397(E2),I,W,-2.352,0.7497,3,4
397(E2),I,Y,-2.04,0.5084,7.5,4
398(E1),G,-,-0.07259,0.3164,1,4
398(E1),G,A,-0.7247,0.6909,9.5,4
398(E1),G,C,-7.613,0,15.5,4
398(E1),G,D,-0.1664,0.06139,24,4
398(E1),G,E,0.1048,0.07941,9.5,4
398(E1),G,F,-1.07,0.2811,6,4
398(E1),G,G,0,0,,4
398(E1),G,H,-1.55,0.5197,7,4
398(E1),G,I,-3.445,0.4657,6,4
398(E1),G,K,-0.8455,0.4316,7.5,4
398(E1),G,L,-1.646,0.1613,9.5,4
398(E1),G,M,-0.6075,0.04889,5,4
398(E1),G,N,-0.3443,0.2084,10,4
398(E1),G,P,-0.4562,0.7707,8.5,4
398(E1),G,Q,-0.5416,0.5232,8,4
398(E1),G,R,-1.755,0.2798,10,4
398(E1),G,S,-0.3972,0.2423,17,4
398(E1),G,T,-0.007117,0.1305,9,4
398(E1),G,V,-2.418,0.2626,11,4
398(E1),G,W,-1.369,0.1747,5.5,4
398(E1),G,Y,-1.869,0.1615,9,4
398(E2),T,-,-0.01485,0.03097,0.5,2
398(E2),T,A,0.1575,0.2067,8.5,4
398(E2),T,C,-1.71,0.6871,5,4
398(E2),T,D,0.08156,0.3535,4,4
398(E2),T,E,0.3003,0.09931,6,4
398(E2),T,F,-1.66,0.695,6,4
398(E2),T,G,-0.2942,0.4299,5,4
398(E2),T,H,-0.6232,0.1063,7.25,4
398(E2),T,I,-0.2271,0.1045,9,4
398(E2),T,K,0.2425,0.2726,3,4
398(E2),T,L,0.04565,0.2755,6.5,4
398(E2),T,M,0.1991,0.1897,7.5,4
398(E2),T,N,-0.3758,0.2588,6.5,4
398(E2),T,P,-1.638,0.2328,6.5,4
398(E2),T,Q,-0.2669,0.1925,3.5,4
398(E2),T,R,0.1996,0.07077,6.5,4
398(E2),T,S,-0.2842,0.4126,3,4
398(E2),T,T,0,0,,4
398(E2),T,V,-0.5705,1.868,2.5,4
398(E2),T,W,-1.162,0.365,10.5,4
398(E2),T,Y,-0.7035,0.5062,6,4
399(E1),V,*,-7.483,0,0.5,2
399(E1),V,-,-0.6577,0.4913,0.5,2
399(E1),V,A,-0.01007,0.1137,11,4
399(E1),V,C,-6.848,0,9.5,4
399(E1),V,D,-0.3144,0.06064,10.5,4
399(E1),V,E,0.01422,0.09451,6,4
399(E1),V,F,-0.2611,0.153,7,4
399(E1),V,G,-0.351,0.3361,9,4
399(E1),V,H,-0.0779,0.5056,7.5,4
399(E1),V,I,-0.01368,0.1828,10,4
399(E1),V,K,-1.181,0.2358,4.5,4
399(E1),V,L,0.0409,0.07018,11,4
399(E1),V,M,0.006325,0.08508,30,4
399(E1),V,N,-0.259,0.2814,7,4
399(E1),V,P,-0.6055,0.1777,8.5,4
399(E1),V,Q,-0.6217,0.508,5.5,4
399(E1),V,R,-0.4999,0.2902,9.5,4
399(E1),V,S,-0.2671,0.5172,5.5,4
399(E1),V,T,0.2233,0.2125,1.5,4
399(E1),V,V,0,0,,4
399(E1),V,W,0.1676,0.06367,9,4
399(E1),V,Y,0.00925,0.246,7.5,4
399(E2),P,-,-0.1526,0.02735,0.5,2
399(E2),P,A,-0.09799,0.1075,8.5,4
399(E2),P,C,-0.3447,0.3057,4.5,4
399(E2),P,D,0.1357,0.08017,5,4
399(E2),P,E,0.0063,0.5355,4,4
399(E2),P,F,0.2344,0.0898,6,4
399(E2),P,G,0.0895,0.1546,2.5,4
399(E2),P,H,0.07995,0.1045,3.5,4
399(E2),P,I,-0.7612,1.184,3,4
399(E2),P,K,-0.01065,0.2651,3,4
399(E2),P,L,0.2141,0.1768,12,4
399(E2),P,M,0.2844,0.1513,2.5,4
399(E2),P,N,0.2055,0.06316,5,4
399(E2),P,P,0,0,,4
399(E2),P,Q,0.001864,0.07178,7,4
399(E2),P,R,0.3007,0.1612,3.5,4
399(E2),P,S,0.105,0.1603,5.5,4
399(E2),P,T,0.1519,0.125,9.5,4
399(E2),P,V,-1.123,0.1347,4,4
399(E2),P,W,0.00385,0.4959,6.5,4
399(E2),P,Y,-0.3255,1.684,3,4
4(6K),Q,*,-7.641,0,13,4
4(6K),Q,-,-0.6652,0.2371,1.5,4
4(6K),Q,A,0.0701,0.1176,8,4
4(6K),Q,C,-0.4389,0.2213,9,4
4(6K),Q,D,0.006936,0.1263,10.5,4
4(6K),Q,E,0.08532,0.04691,10,4
4(6K),Q,F,-0.0494,0.1969,8.5,4
4(6K),Q,G,-0.01105,0.1813,12,4
4(6K),Q,H,0.1748,0.08435,12,4
4(6K),Q,I,0.00465,0.1397,10,4
4(6K),Q,K,0.01104,0.3306,13,4
4(6K),Q,L,0.03299,0.1822,7.5,4
4(6K),Q,M,-0.4267,0.1776,9.5,4
4(6K),Q,N,-0.1034,0.1505,7.5,4
4(6K),Q,P,-0.08402,0.1176,11.5,4
4(6K),Q,Q,0,0,,4
4(6K),Q,R,-0.194,0.1756,11.5,4
4(6K),Q,S,-0.0914,0.03417,7.5,4
4(6K),Q,T,0.1396,0.05347,10,4
4(6K),Q,V,0.06495,0.09477,12,4
4(6K),Q,W,-1.039,1.404,5.5,4
4(6K),Q,Y,-0.1195,0.2129,9,4
4(E1),V,-,-0.1756,0.1804,1.5,4
4(E1),V,A,0.09252,0.01759,9,4
4(E1),V,C,-4.872,0,8.5,4
4(E1),V,D,-1.504,0.8376,3.5,4
4(E1),V,E,0.08033,0.09135,16.5,4
4(E1),V,F,0.1663,0.04169,9,4
4(E1),V,G,-0.1117,0.3528,8.5,4
4(E1),V,H,-4.618,0,8.5,4
4(E1),V,I,0.1115,0.3256,4,4
4(E1),V,K,-7.335,0,9,4
4(E1),V,L,-0.1203,0.1183,11,4
4(E1),V,M,0.122,0.1676,12.5,4
4(E1),V,N,0.2073,0.03055,9.5,4
4(E1),V,P,-0.6489,0.1371,3.5,4
4(E1),V,Q,0.02246,0.1061,3,4
4(E1),V,R,-7.658,0,5.5,4
4(E1),V,S,0.06402,0.05403,6,4
4(E1),V,T,-0.04854,0.2294,3.5,4
4(E1),V,V,0,0,,4
4(E1),V,W,0.06409,0.1649,5.5,4
4(E1),V,Y,-0.1302,0.3596,5.5,4
4(E2),D,-,-0.5946,0.4475,2,4
4(E2),D,A,-0.6177,0.3328,8.5,4
4(E2),D,C,-1.904,0.2067,10,4
4(E2),D,D,0,0,,4
4(E2),D,E,0.1048,0.2108,8.5,4
4(E2),D,F,-1.167,0.1947,10,4
4(E2),D,G,-1.181,0.1344,11.5,4
4(E2),D,H,-1.122,0.1041,7,4
4(E2),D,I,-1.103,0.1317,9,4
4(E2),D,K,-3.462,0.3916,5.5,4
4(E2),D,L,-1.177,0.3478,9,4
4(E2),D,M,-0.7284,0.8784,8,4
4(E2),D,N,-0.3651,0.168,16.5,4
4(E2),D,P,-2.319,0.2722,9.5,4
4(E2),D,Q,-0.6385,0.2969,5.5,4
4(E2),D,R,-3.582,0.3319,7,4
4(E2),D,S,-0.9726,0.0627,6.5,4
4(E2),D,T,-0.8003,0.355,9.5,4
4(E2),D,V,-1.248,0.422,6,4
4(E2),D,W,-1.326,0.2554,8.5,4
4(E2),D,Y,-0.9332,0.2865,11,4
4(E3),I,*,-7.451,0,13,4
4(E3),I,-,0.06059,0.05591,0.5,2
4(E3),I,A,-7.392,0,10,4
4(E3),I,C,-7.593,0,10.5,4
4(E3),I,D,-7.395,0,5.5,4
4(E3),I,E,-7.519,0,13,4
4(E3),I,F,-1.005,0.0463,13,4
4(E3),I,G,-7.304,0,6.5,4
4(E3),I,H,-7.59,0,3.5,4
4(E3),I,I,0,0,,4
4(E3),I,K,-7.457,0,8,4
4(E3),I,L,-0.1515,0.08659,10,4
4(E3),I,M,-0.5927,0.1086,9.75,4
4(E3),I,N,-7.588,0,10,4
4(E3),I,P,-7.417,0,10.5,4
4(E3),I,Q,-7.49,0,14.5,4
4(E3),I,R,-7.543,0,13.5,4
4(E3),I,S,-7.426,0,10.5,4
4(E3),I,T,-7.628,0,11.25,4
4(E3),I,V,-0.9626,0.6346,16,4
4(E3),I,W,-0.9818,0.5056,16.5,4
4(E3),I,Y,-3.386,0.2415,8,4
40(6K),P,*,-7.47,0,5,4
40(6K),P,A,-0.4105,0.2044,6,4
40(6K),P,C,0.05097,0.1912,10.5,4
40(6K),P,D,-0.2049,0.3839,6,4
40(6K),P,E,0.07848,0.1117,7,4
40(6K),P,F,-0.4705,0.3776,9,4
40(6K),P,G,0.1814,0.08206,7,4
40(6K),P,H,-0.06233,0.1087,8,4
40(6K),P,I,-0.744,0.4719,7,4
40(6K),P,K,0.0452,0.06652,8,4
40(6K),P,L,-0.2221,0.3812,13.5,4
40(6K),P,M,-0.161,0.1456,6.5,4
40(6K),P,N,-0.1003,0.2364,9,4
40(6K),P,P,0,0,,4
40(6K),P,Q,-0.01307,0.08989,9.5,4
40(6K),P,R,0.05949,0.101,8,4
40(6K),P,S,0.03541,0.08297,28,4
40(6K),P,T,-0.03121,0.1508,5.5,4
40(6K),P,V,-0.0049,0.8143,7,4
40(6K),P,W,-0.3009,0.1894,6,4
40(6K),P,Y,-1.084,0.5978,8.5,4
40(E1),P,A,-0.0743,0.03769,10.5,4
40(E1),P,C,-6.738,0,10.5,4
40(E1),P,D,-7.356,0,6,4
40(E1),P,E,-7.281,0,6.5,4
40(E1),P,F,-7.467,0,5,4
40(E1),P,G,-7.548,0,4,4
40(E1),P,H,-7.405,0,11,4
40(E1),P,I,-4.364,0.1013,12,4
40(E1),P,K,-7.534,0,8.5,4
40(E1),P,L,-4.738,0.2693,10.5,4
40(E1),P,M,-3.163,0.6826,7,4
40(E1),P,N,-7.357,0,6.5,4
40(E1),P,P,0,0,,4
40(E1),P,Q,-3.578,0.3215,10.75,4
40(E1),P,R,-7.511,0,7,4
40(E1),P,S,-4.128,0.2081,19,4
40(E1),P,T,-1.179,0.2375,10.5,4
40(E1),P,V,-1.603,0.3631,7,4
40(E1),P,W,-7.494,0,7.5,4
40(E1),P,Y,-7.52,0,6,4
40(E2),E,*,-7.561,0,6,4
40(E2),E,A,-1.118,0.6323,7,4
40(E2),E,C,-6.891,0,10,4
40(E2),E,D,-2.558,0.6782,22,4
40(E2),E,E,0,0,,4
40(E2),E,F,-7.383,0,9,4
40(E2),E,G,-0.956,0.1319,11,4
40(E2),E,H,-7.088,0,11,4
40(E2),E,I,-7.409,0,8,4
40(E2),E,K,-7.318,0,10.5,4
40(E2),E,L,-7.513,0,8,4
40(E2),E,M,-6.168,0,9,4
40(E2),E,N,-7.348,0,9.5,4
40(E2),E,P,-7.546,0,10,4
40(E2),E,Q,-3.675,0.4245,6.5,4
40(E2),E,R,-7.466,0,11,4
40(E2),E,S,-0.677,0.2794,8.5,4
40(E2),E,T,-6.2,0,7.5,4
40(E2),E,V,-7.556,0,5,4
40(E2),E,W,-7.514,0,8.5,4
40(E2),E,Y,-7.309,0,10.5,4
40(E3),D,*,-7.383,0,7,4
40(E3),D,-,-0.2576,0.01105,1.5,2
40(E3),D,A,0.1327,0.1445,10,4
40(E3),D,C,-0.2808,0.5959,7.5,4
40(E3),D,D,0,0,,4
40(E3),D,E,0.03415,0.07333,11,4
40(E3),D,F,0.1562,0.09297,6,4
40(E3),D,G,-0.03614,0.1249,11.5,4
40(E3),D,H,-0.5931,0.3507,8.5,4
40(E3),D,I,0.1818,0.09614,11,4
40(E3),D,K,-0.00815,0.3492,6,4
40(E3),D,L,-0.2262,0.1068,5,4
40(E3),D,M,0.1946,0.2553,10,4
40(E3),D,N,-0.3049,0.07112,34.5,4
40(E3),D,P,-1.555,0.4821,6.25,4
40(E3),D,Q,0.1748,0.06901,6,4
40(E3),D,R,-0.07524,0.1302,8.5,4
40(E3),D,S,-0.3679,0.2488,6.5,4
40(E3),D,T,-0.5127,0.9242,9,4
40(E3),D,V,-0.3569,0.332,8.75,4
40(E3),D,W,-0.203,0.2708,10.25,4
40(E3),D,Y,-0.136,0.07524,13,4
400(E1),Q,*,-7.455,0,35.5,4
400(E1),Q,-,-0.3669,0.1174,0.5,2
400(E1),Q,A,-0.1976,0.2046,7,4
400(E1),Q,C,-6.653,0,9,4
400(E1),Q,D,0.07061,0.1856,6.5,4
400(E1),Q,E,-0.005,0.09576,11.5,4
400(E1),Q,F,0.1608,0.04625,9.5,4
400(E1),Q,G,-0.199,0.2411,9,4
400(E1),Q,H,-0.3467,0.1187,13.5,4
400(E1),Q,I,-0.0129,0.2484,3.5,4
400(E1),Q,K,-0.7597,0.2104,13.5,4
400(E1),Q,L,-0.1569,0.09867,13,4
400(E1),Q,M,0.1754,0.1007,5.5,4
400(E1),Q,N,0.03383,0.1368,9.5,4
400(E1),Q,P,0.04976,0.08855,9,4
400(E1),Q,Q,0,0,,4
400(E1),Q,R,-0.6092,0.2187,12.5,4
400(E1),Q,S,-0.3741,0.3451,7,4
400(E1),Q,T,-0.2129,0.2395,9,4
400(E1),Q,V,-0.636,0.5278,6,4
400(E1),Q,W,-0.05748,0.08757,7.5,4
400(E1),Q,Y,-0.5789,0.06348,10,4
400(E2),Y,*,-7.429,0,10.5,4
400(E2),Y,-,0.1627,0.03355,0.5,2
400(E2),Y,A,-1.867,0.7404,4,4
400(E2),Y,C,-1.206,0.4893,6,4
400(E2),Y,D,-1.395,0.6142,6,4
400(E2),Y,E,-0.9742,1.096,3.5,4
400(E2),Y,F,-0.7088,0.5058,4.5,4
400(E2),Y,G,-1.764,0.4224,4,4
400(E2),Y,H,-1.075,1.322,5.5,4
400(E2),Y,I,-0.8059,0.1842,6,4
400(E2),Y,K,-0.9148,0.8289,1.5,4
400(E2),Y,L,-0.3721,0.8811,1.5,4
400(E2),Y,M,-4.631,1.562,2.5,4
400(E2),Y,N,-1.256,0.8229,6.5,4
400(E2),Y,P,0.1417,0.4401,2.5,4
400(E2),Y,Q,-1.919,1.758,5.5,4
400(E2),Y,R,-1.025,0.4143,7.5,4
400(E2),Y,S,-1.268,0.1019,5.5,4
400(E2),Y,T,-0.9666,0.1359,6,4
400(E2),Y,V,-1.681,0.06021,5.5,4
400(E2),Y,W,-0.4692,0.6541,4.5,4
400(E2),Y,Y,0,0,,4
401(E1),D,A,-0.4163,0.2958,9,4
401(E1),D,C,-7.628,0,9,4
401(E1),D,D,0,0,,4
401(E1),D,E,-0.6556,0.5698,8.5,4
401(E1),D,F,-3.445,0.3108,11.5,4
401(E1),D,G,0.1942,0.0578,9.5,4
401(E1),D,H,-0.8196,0.145,9,4
401(E1),D,I,-5.96,0,7.5,4
401(E1),D,K,-1.547,0.8956,10.5,4
401(E1),D,L,-2.558,0.07253,11.5,4
401(E1),D,M,-0.8476,0.03059,10,4
401(E1),D,N,-0.1119,0.04965,74,4
401(E1),D,P,-0.1381,0.3435,11,4
401(E1),D,Q,-0.7038,0.1547,8,4
401(E1),D,R,-0.9594,0.1612,8,4
401(E1),D,S,-0.2598,0.06141,7.5,4
401(E1),D,T,-0.7303,0.3176,8.5,4
401(E1),D,V,-2.985,0.415,13,4
401(E1),D,W,-0.7322,0.2611,7.5,4
401(E1),D,Y,-2.171,0.4642,13.5,4
401(E2),E,*,-7.561,0,5,4
401(E2),E,-,-0.575,0.1173,0.5,2
401(E2),E,A,0.09663,0.1131,6.5,4
401(E2),E,C,-0.9017,0.2048,4,4
401(E2),E,D,-0.9238,0.5219,11.5,4
401(E2),E,E,0,0,,4
401(E2),E,F,0.19,0.09757,7.5,4
401(E2),E,G,-0.07834,0.2481,10,4
401(E2),E,H,-0.4653,0.3129,7.5,4
401(E2),E,I,0.2707,0.03597,5.5,4
401(E2),E,K,0.04197,0.08596,10.5,4
401(E2),E,L,0.1746,0.1822,5.5,4
401(E2),E,M,0.157,0.072,3.5,4
401(E2),E,N,0.1861,0.2336,6.5,4
401(E2),E,P,-0.4537,0.6334,4,4
401(E2),E,Q,0.3964,0.1103,4,4
401(E2),E,R,0.4432,0.08108,4,4
401(E2),E,S,-0.01566,0.3235,4.5,4
401(E2),E,T,-0.3489,0.7217,5,4
401(E2),E,V,-0.7292,0.6163,5,4
401(E2),E,W,-0.1803,0.1086,5.5,4
401(E2),E,Y,0.1163,0.1054,3.5,4
402(E1),I,-,-0.6334,0.6104,1,4
402(E1),I,A,-0.9484,0.1059,10,4
402(E1),I,C,-7.476,0,8.5,4
402(E1),I,D,-2.471,0.3442,5.5,4
402(E1),I,E,-2.644,0.2802,6.5,4
402(E1),I,F,0.0152,0.1282,14.5,4
402(E1),I,G,-2.447,0.5403,7.5,4
402(E1),I,H,-2.248,0.2001,7.5,4
402(E1),I,I,0,0,,4
402(E1),I,K,-2.577,0.3515,6,4
402(E1),I,L,-0.5278,0.1011,13.5,4
402(E1),I,M,-0.4888,0.2398,12.5,4
402(E1),I,N,-1.989,0.3429,7.75,4
402(E1),I,P,-1.568,0.3813,4.5,4
402(E1),I,Q,-2.266,0.4549,4,4
402(E1),I,R,-2.528,0.6279,9,4
402(E1),I,S,-2.104,0.7023,9.5,4
402(E1),I,T,-1.712,0.3377,10,4
402(E1),I,V,-0.4012,0.364,11.5,4
402(E1),I,W,-0.7273,0.5006,5,4
402(E1),I,Y,-0.4474,0.08742,7,4
402(E2),L,-,-0.4086,0.09775,0.5,2
402(E2),L,A,-0.308,0.9966,3,4
402(E2),L,C,-0.09505,0.6351,5.5,4
402(E2),L,D,0.0727,0.2436,4,4
402(E2),L,E,0.296,0.2706,5,4
402(E2),L,F,-0.1487,0.2056,7,4
402(E2),L,G,-0.2692,0.2251,6.5,4
402(E2),L,H,-0.1832,0.367,11.5,4
402(E2),L,I,-0.05266,0.144,11.5,4
402(E2),L,K,-0.8854,0.6078,3.5,4
402(E2),L,L,0,0,,4
402(E2),L,M,0.1943,0.2163,4,4
402(E2),L,N,0.2641,0.1925,3,4
402(E2),L,P,-1.769,0.2691,7.75,4
402(E2),L,Q,-0.1269,0.07986,6,4
402(E2),L,R,-0.02391,0.1361,7,4
402(E2),L,S,0.08095,0.2165,5.5,4
402(E2),L,T,-0.5773,0.3271,9,4
402(E2),L,V,0.05695,0.3143,3,4
402(E2),L,W,-0.8886,1.507,6.5,4
402(E2),L,Y,-0.6115,0.5289,3.5,4
403(E1),S,-,-0.8921,1.376,1,4
403(E1),S,A,0.1972,0.09117,13.5,4
403(E1),S,C,-7.321,0,11,4
403(E1),S,D,-1.129,0.1515,9,4
403(E1),S,E,-0.379,0.1658,9,4
403(E1),S,F,0.07691,0.09443,11,4
403(E1),S,G,-0.08148,0.0777,28.75,4
403(E1),S,H,-0.4537,0.2057,5.5,4
403(E1),S,I,-0.713,0.3361,16,4
403(E1),S,K,-1.19,0.4559,9,4
403(E1),S,L,-0.6494,0.1976,10.25,4
403(E1),S,M,-0.165,0.1635,12,4
403(E1),S,N,-0.2921,0.1388,20,4
403(E1),S,P,-0.3332,0.2096,11.75,4
403(E1),S,Q,-0.09871,0.1248,9.5,4
403(E1),S,R,-0.3327,0.1219,13.5,4
403(E1),S,S,0,0,,4
403(E1),S,T,0.2031,0.08699,9.5,4
403(E1),S,V,-0.2854,0.3787,7.5,4
403(E1),S,W,0.2602,0.03883,7.5,4
403(E1),S,Y,0.2385,0.04423,6.5,4
403(E2),T,-,-0.1462,0.2805,0.5,2
403(E2),T,A,-0.7093,0.303,7,4
403(E2),T,C,-1.643,0.837,6,4
403(E2),T,D,-0.1061,0.3722,6.5,4
403(E2),T,E,-0.09715,0.5223,3,4
403(E2),T,F,-0.6028,0.2309,5,4
403(E2),T,G,0.2998,0.2586,4,4
403(E2),T,H,0.02627,0.3318,5,4
403(E2),T,I,-5.486,0,14.5,4
403(E2),T,K,-1.265,0.695,10,4
403(E2),T,L,-7.143,0,8,4
403(E2),T,M,-4.407,0.1697,7,4
403(E2),T,N,0.3612,0.4158,4.5,4
403(E2),T,P,-0.5785,0.1928,5,4
403(E2),T,Q,0.0524,0.1554,5.5,4
403(E2),T,R,0.07144,0.1192,4.5,4
403(E2),T,S,0.033,0.03229,3.5,4
403(E2),T,T,0,0,,4
403(E2),T,V,-3.181,0.6157,3,4
403(E2),T,W,0.3516,0.1993,4.5,4
403(E2),T,Y,0.5286,0.1376,3.5,4
404(E1),V,-,-0.3297,0.399,2,4
404(E1),V,A,-0.116,0.1563,9,4
404(E1),V,C,-7.476,0,6.5,4
404(E1),V,D,-0.8373,0.2863,5.5,4
404(E1),V,E,-0.2365,0.3144,9,4
404(E1),V,F,-0.2344,0.4659,10,4
404(E1),V,G,0.01861,0.3693,3,4
404(E1),V,H,-0.835,0.5386,9,4
404(E1),V,I,-0.2424,0.2013,5.5,4
404(E1),V,K,-0.8629,0.3012,7.5,4
404(E1),V,L,-0.1624,0.3197,13.5,4
404(E1),V,M,-0.2967,0.39,22.75,4
404(E1),V,N,-0.9351,0.379,10.5,4
404(E1),V,P,-2.593,0.6273,8,4
404(E1),V,Q,-0.4319,0.5316,7.5,4
404(E1),V,R,-0.03815,0.1677,6.5,4
404(E1),V,S,-0.2639,0.3501,3.5,4
404(E1),V,T,-0.4141,0.1131,10,4
404(E1),V,V,0,0,,4
404(E1),V,W,-0.453,0.2953,6.5,4
404(E1),V,Y,0.08873,0.1274,7,4
404(E2),P,-,-0.2323,0.0241,0.5,2
404(E2),P,A,-0.3664,0.855,1.5,4
404(E2),P,C,-1.633,0.7189,6,4
404(E2),P,D,0.2553,0.1575,4,4
404(E2),P,E,0.1366,0.2869,6.75,4
404(E2),P,F,-1.013,0.3985,3,4
404(E2),P,G,-0.5117,0.6004,3,4
404(E2),P,H,-0.3944,0.2894,8,4
404(E2),P,I,-1.461,0.1872,4,4
404(E2),P,K,-2.503,0.7344,1.5,4
404(E2),P,L,-1.652,0.2583,14.25,4
404(E2),P,M,-0.8508,0.4739,3.5,4
404(E2),P,N,-0.2529,0.1591,4.5,4
404(E2),P,P,0,0,,4
404(E2),P,Q,-0.3501,0.4981,2.5,4
404(E2),P,R,-0.09165,0.03148,5.5,4
404(E2),P,S,-0.7283,0.5286,17.5,4
404(E2),P,T,0.2442,0.1213,4.5,4
404(E2),P,V,-1.085,0.1956,1.5,2
404(E2),P,W,-1.023,0.6759,7.5,4
404(E2),P,Y,-1.12,0.1148,6,4
405(E1),T,-,-0.3559,0.1309,2.5,4
405(E1),T,A,0.0952,0.02675,11.5,4
405(E1),T,C,-7.507,0,11,4
405(E1),T,D,-0.349,0.3393,6,4
405(E1),T,E,-0.03903,0.09013,8.5,4
405(E1),T,F,0.1196,0.2617,8.5,4
405(E1),T,G,-0.8617,0.531,9.5,4
405(E1),T,H,0.09693,0.7266,6,4
405(E1),T,I,0.1706,0.09777,17,4
405(E1),T,K,-0.504,0.472,7.5,4
405(E1),T,L,0.2051,0.04643,8,4
405(E1),T,M,0.1022,0.08766,10.25,4
405(E1),T,N,-0.6695,0.1704,16.5,4
405(E1),T,P,-1.967,0.2907,10.5,4
405(E1),T,Q,-0.0261,0.2846,8.5,4
405(E1),T,R,-0.07454,0.2091,9,4
405(E1),T,S,-0.4624,0.0617,9,4
405(E1),T,T,0,0,,4
405(E1),T,V,0.1252,0.05805,6.5,4
405(E1),T,W,-0.283,0.5363,9,4
405(E1),T,Y,0.1724,0.08681,5.5,4
405(E2),G,-,-0.494,0.2593,1,4
405(E2),G,A,-0.1538,0.4731,6.5,4
405(E2),G,C,-1.025,0.3851,11,4
405(E2),G,D,-3.821,0.4057,19.5,4
405(E2),G,E,0.055,0.3125,3,4
405(E2),G,F,-0.8533,1.465,2,4
405(E2),G,G,0,0,,4
405(E2),G,H,-0.173,0.6322,5.5,4
405(E2),G,I,-2.357,0.3206,6,4
405(E2),G,K,-0.4478,0.09513,5,4
405(E2),G,L,-1.363,0.1678,8.5,4
405(E2),G,M,-0.2924,0.237,7.5,4
405(E2),G,N,-0.0053,0.3705,5,4
405(E2),G,P,-0.997,0.1356,6,4
405(E2),G,Q,0.1863,0.2896,4.5,4
405(E2),G,R,-0.07495,0.267,6.5,4
405(E2),G,S,-0.4748,0.1601,15.5,4
405(E2),G,T,-0.3316,0.4486,6,4
405(E2),G,V,-1.01,0.2981,8.5,4
405(E2),G,W,-0.7267,0.2543,6.5,4
405(E2),G,Y,-1.122,0.7114,2.5,4
406(E1),A,-,-0.4312,0.5413,2.5,4
406(E1),A,A,0,0,,4
406(E1),A,C,-7.294,0,10,4
406(E1),A,D,-2.008,0.2596,18.5,4
406(E1),A,E,-1.383,0.3421,7,4
406(E1),A,F,-0.1143,0.3261,9,4
406(E1),A,G,-1.254,0.1087,7.5,4
406(E1),A,H,-1.126,1.072,4.5,4
406(E1),A,I,-0.5071,0.6176,10,4
406(E1),A,K,-2.346,0.5048,11,4
406(E1),A,L,0.1222,0.03238,10,4
406(E1),A,M,0.153,0.1474,10,4
406(E1),A,N,-1.669,0.2144,7,4
406(E1),A,P,-1.378,0.5549,6,4
406(E1),A,Q,-1.406,0.7705,8.5,4
406(E1),A,R,-4.701,0.9939,8.5,4
406(E1),A,S,-1.637,0.1964,12.5,4
406(E1),A,T,-0.197,0.04105,34.25,4
406(E1),A,V,-0.2411,0.2729,14,4
406(E1),A,W,-1.755,0.8901,9,4
406(E1),A,Y,-1.232,0.2423,5.5,4
406(E2),A,-,-0.4676,0.2612,0.5,2
406(E2),A,A,0,0,,4
406(E2),A,C,-1.165,0.6585,5,4
406(E2),A,D,-0.6924,0.9745,7.5,4
406(E2),A,E,-0.7817,0.5509,4.5,4
406(E2),A,F,-0.3613,0.2035,4,4
406(E2),A,G,-1.968,2.132,4.5,4
406(E2),A,H,-0.00205,0.2878,6.5,4
406(E2),A,I,0.06915,0.1453,5,4
406(E2),A,K,0.0521,0.3452,4,4
406(E2),A,L,0.1771,0.353,5,4
406(E2),A,M,0.2844,0.0786,5.5,4
406(E2),A,N,-0.1089,0.05554,7,4
406(E2),A,P,-0.4277,0.2931,6,4
406(E2),A,Q,-1.511,0.7317,3,4
406(E2),A,R,0.4899,0.3626,5.5,4
406(E2),A,S,-0.8555,0.1866,6,4
406(E2),A,T,-0.2147,0.1719,19,4
406(E2),A,V,0.08287,0.08495,8,4
406(E2),A,W,-0.08279,0.2135,4,4
406(E2),A,Y,-0.3215,0.1015,7,4
407(E1),M,-,-0.2166,0.2429,2.5,4
407(E1),M,A,-0.3923,0.6204,5.5,4
407(E1),M,C,-6.965,0,4.5,4
407(E1),M,D,-1.444,0.5895,8.5,4
407(E1),M,E,-1.401,0.5043,6.5,4
407(E1),M,F,0.03187,0.2292,6.5,4
407(E1),M,G,-1.07,0.4062,11,4
407(E1),M,H,-1.639,0.8919,10,4
407(E1),M,I,-0.186,0.1092,35.5,4
407(E1),M,K,-0.1387,0.5138,6.5,4
407(E1),M,L,-0.108,0.4154,7.5,4
407(E1),M,M,0,0,,4
407(E1),M,N,-1.324,0.1018,6,4
407(E1),M,P,-1.518,0.8303,6.5,4
407(E1),M,Q,-0.5766,0.2761,10,4
407(E1),M,R,-0.268,0.2867,4.5,4
407(E1),M,S,-1.149,0.4319,4.5,4
407(E1),M,T,-0.43,0.3708,11.5,4
407(E1),M,V,0.07597,0.07315,5.5,4
407(E1),M,W,0.2233,0.08474,8,4
407(E1),M,Y,-0.2673,0.4144,8,4
407(E2),T,-,-0.2815,0.1696,0.5,2
407(E2),T,A,0.3361,0.08188,8,4
407(E2),T,C,-1.256,0.1384,6.5,4
407(E2),T,D,-0.853,0.4115,7,4
407(E2),T,E,-0.1241,0.4306,2.5,4
407(E2),T,F,-0.6358,0.5359,7,4
407(E2),T,G,0.06032,0.7504,5,4
407(E2),T,H,-1.311,2.001,2.5,4
407(E2),T,I,-0.3532,0.1964,14,4
407(E2),T,K,0.0188,0.5779,4,4
407(E2),T,L,-1.256,0.1212,4.5,4
407(E2),T,M,-0.4959,0.6472,3.5,4
407(E2),T,N,0.1534,0.08796,4,4
407(E2),T,P,-0.5297,0.6162,4.5,4
407(E2),T,Q,-0.2045,0.0906,5,4
407(E2),T,R,0.3669,0.296,5,4
407(E2),T,S,-0.5815,1.12,6,4
407(E2),T,T,0,0,,4
407(E2),T,V,0.1008,0.9449,3.5,4
407(E2),T,W,-2.213,0.7812,5,4
407(E2),T,Y,-0.7579,0.2698,4.75,4
408(E1),S,-,-0.1903,0.00385,2,2
408(E1),S,A,0.147,0.0513,6.5,4
408(E1),S,C,-3.056,0.5937,15.5,4
408(E1),S,D,0.1437,0.1108,10,4
408(E1),S,E,0.2336,0.06248,7.5,4
408(E1),S,F,-0.4872,0.5087,8,4
408(E1),S,G,0.03619,0.3206,15,4
408(E1),S,H,-0.03525,0.5934,8,4
408(E1),S,I,-1.135,0.4433,9.5,4
408(E1),S,K,0.1986,0.2713,9.5,4
408(E1),S,L,0.2092,0.09902,6.5,4
408(E1),S,M,0.1058,0.06318,10,4
408(E1),S,N,-0.04188,0.112,22,4
408(E1),S,P,-0.6427,0.2201,9.25,4
408(E1),S,Q,-0.0929,0.2978,5.5,4
408(E1),S,R,0.08102,0.02429,21.5,4
408(E1),S,S,0,0,,4
408(E1),S,T,-0.09158,0.1418,3.5,4
408(E1),S,V,-0.5534,0.1682,10,4
408(E1),S,W,0.1878,0.04553,7.5,4
408(E1),S,Y,-0.099,0.1166,10,4
408(E2),V,A,0.1215,0.1584,9,4
408(E2),V,C,-0.7436,0.1553,6,4
408(E2),V,D,-3.372,0.07973,7.5,4
408(E2),V,E,-2.887,0.2326,3,4
408(E2),V,F,-2.385,1.057,2,4
408(E2),V,G,-3.134,0.6186,5,4
408(E2),V,H,-1.259,0.7192,5.75,4
408(E2),V,I,-0.1698,0.3309,7.5,4
408(E2),V,K,-2.018,0.5238,4.75,4
408(E2),V,L,-0.3367,0.3274,5.5,4
408(E2),V,M,-0.1805,0.1063,18,4
408(E2),V,N,-3.788,0.828,3.5,4
408(E2),V,P,-0.0235,0.4088,5,4
408(E2),V,Q,-2.578,0.2669,4,4
408(E2),V,R,-2.502,0.5116,6,4
408(E2),V,S,-3.917,0.4416,2,4
408(E2),V,T,-0.5485,0.2857,6.5,4
408(E2),V,V,0,0,,4
408(E2),V,W,-1.273,0.3676,4.5,4
408(E2),V,Y,-1.889,0.3701,2,4
409(E1),W,*,-7.473,0,40.5,4
409(E1),W,-,-0.3957,0.4385,2,2
409(E1),W,A,-1.276,0.5543,6.5,4
409(E1),W,C,-7.114,0,15.5,4
409(E1),W,D,-1.307,0.3411,6.5,4
409(E1),W,E,-0.8549,0.2895,8,4
409(E1),W,F,-0.197,0.3427,8.5,4
409(E1),W,G,-2.676,0.7988,5.5,4
409(E1),W,H,-1.425,0.2244,7,4
409(E1),W,I,-0.8513,0.5322,5.5,4
409(E1),W,K,-2.027,0.7528,7.5,4
409(E1),W,L,-0.05643,0.07922,8,4
409(E1),W,M,-0.3527,0.3746,9.5,4
409(E1),W,N,-1.214,0.3288,5.5,4
409(E1),W,P,-2.504,0.3982,8,4
409(E1),W,Q,-2.071,0.3969,9.25,4
409(E1),W,R,-3.148,0.5174,11.75,4
409(E1),W,S,-2.971,1.685,5.5,4
409(E1),W,T,-1.577,0.7771,6,4
409(E1),W,V,-1.466,0.8533,11,4
409(E1),W,W,0,0,,4
409(E1),W,Y,-0.1655,0.2172,4.5,4
409(E2),P,*,-7.485,0,0.5,2
409(E2),P,A,-3.856,0.436,2.5,4
409(E2),P,C,-2.58,1.755,3,4
409(E2),P,D,-3.002,0.1626,5,4
409(E2),P,E,-3.959,0.2435,4,4
409(E2),P,F,-5.373,0,4,4
409(E2),P,G,-2.945,0.3303,3,4
409(E2),P,H,-2.902,0.1067,5.5,4
409(E2),P,I,-5.575,0,6.5,4
409(E2),P,K,-6.086,0.2776,3.5,4
409(E2),P,L,-4.244,0.2442,8.5,4
409(E2),P,M,-4.248,0,4.5,4
409(E2),P,N,-3.708,0.3692,5.5,4
409(E2),P,P,0,0,,4
409(E2),P,Q,-4.412,0.0511,3.5,4
409(E2),P,R,-2.159,0.2026,5.5,4
409(E2),P,S,-2.11,0.7564,9.5,4
409(E2),P,T,-4.982,0.3261,8.5,4
409(E2),P,V,-5.79,0,5,4
409(E2),P,W,-3.604,0.2186,5,4
409(E2),P,Y,-6.076,0,1.5,4
41(6K),C,*,-7.554,0,5,4
41(6K),C,-,0.2582,0.0371,0.5,2
41(6K),C,A,0.07826,0.1808,9,4
41(6K),C,C,0,0,,4
41(6K),C,D,-0.3169,0.2284,4,4
41(6K),C,E,-0.01745,0.2319,7,4
41(6K),C,F,-0.5302,0.3314,13.75,4
41(6K),C,G,0.02099,0.1654,8,4
41(6K),C,H,-0.3073,0.2364,9.25,4
41(6K),C,I,-0.2531,0.4303,9,4
41(6K),C,K,0.09742,0.07937,4.5,4
41(6K),C,L,-0.01231,0.09172,7,4
41(6K),C,M,0.1385,0.07023,9.5,4
41(6K),C,N,-0.01705,0.081,6,4
41(6K),C,P,-0.2015,0.3248,10,4
41(6K),C,Q,-0.2148,0.08907,8,4
41(6K),C,R,-0.1843,0.2211,11.5,4
41(6K),C,S,-0.01345,0.2149,7,4
41(6K),C,T,-0.5307,0.2629,10.5,4
41(6K),C,V,-0.1006,0.1395,7,4
41(6K),C,W,-0.1053,0.4681,4,4
41(6K),C,Y,-0.09844,0.09193,24.5,4
41(E1),T,A,-0.2543,0.4331,12.75,4
41(E1),T,C,-7.491,0,11.5,4
41(E1),T,D,-4.075,0.1038,8,4
41(E1),T,E,-1.224,0.3117,4,4
41(E1),T,F,-3.001,0.395,9.5,4
41(E1),T,G,-1.632,0.7154,5.5,4
41(E1),T,H,-5.351,0,6.5,4
41(E1),T,I,-0.1636,0.0872,13,4
41(E1),T,K,-6.957,0,8.5,4
41(E1),T,L,-2.422,0.8003,9.75,4
41(E1),T,M,0.07655,0.06652,7.5,4
41(E1),T,N,-0.8346,0.2642,10,4
41(E1),T,P,-7.512,0,8,4
41(E1),T,Q,-1.954,0.05339,7.5,4
41(E1),T,R,-7.434,0,9.5,4
41(E1),T,S,0.1549,0.06462,8.5,4
41(E1),T,T,0,0,,4
41(E1),T,V,0.09487,0.04706,9.5,4
41(E1),T,W,-1.788,0.2,3,4
41(E1),T,Y,-0.3083,0.152,8,4
41(E2),A,-,-0.129,0.4908,0.5,2
41(E2),A,A,0,0,,4
41(E2),A,C,-7.353,0,4.5,4
41(E2),A,D,-7.625,0,10.5,4
41(E2),A,E,-7.595,0,4,4
41(E2),A,F,-7.629,0,10,4
41(E2),A,G,-7.575,0,9,4
41(E2),A,H,-7.666,0,8.5,4
41(E2),A,I,-7.613,0,11,4
41(E2),A,K,-7.581,0,4.5,4
41(E2),A,L,-7.47,0,11,4
41(E2),A,M,-7.562,0,7.5,4
41(E2),A,N,-7.442,0,5,4
41(E2),A,P,-6.194,0,6,4
41(E2),A,Q,-7.261,0,3.5,4
41(E2),A,R,-7.625,0,14.5,4
41(E2),A,S,-6.503,0,9.5,4
41(E2),A,T,-7.474,0,19.75,4
41(E2),A,V,-2.212,0.458,17,4
41(E2),A,W,-7.569,0,4.5,4
41(E2),A,Y,-7.444,0,9,4
41(E3),N,-,-7.207,0,3,4
41(E3),N,A,-0.6482,0.1483,8.5,4
41(E3),N,C,-1.004,0.151,7.5,4
41(E3),N,D,-1.613,0.5231,7,4
41(E3),N,E,-1.961,0.6951,4,4
41(E3),N,F,-1.185,0.1042,12.75,4
41(E3),N,G,-1.784,0.2239,6.5,4
41(E3),N,H,-0.5694,0.6685,7,4
41(E3),N,I,-1.885,0.1337,12.5,4
41(E3),N,K,-2.22,0.07041,8,4
41(E3),N,L,-0.4304,0.2326,7.5,4
41(E3),N,M,-1.293,0.1706,10.5,4
41(E3),N,N,0,0,,4
41(E3),N,P,-7.601,0,7,4
41(E3),N,Q,-2.011,1.335,5,4
41(E3),N,R,-2.354,0.5234,11,4
41(E3),N,S,-0.07678,0.1389,9.5,4
41(E3),N,T,-1.716,0.1888,10,4
41(E3),N,V,-1.027,0.2351,11.5,4
41(E3),N,W,-1.933,0.4495,7,4
41(E3),N,Y,-2.261,0.7714,11,4
410(E1),V,-,-0.01525,0.02982,2.5,2
410(E1),V,A,0.09437,0.079,8,4
410(E1),V,C,-5.383,0,11.5,4
410(E1),V,D,-2.733,0.418,11.5,4
410(E1),V,E,-0.9709,0.5863,5.5,4
410(E1),V,F,-0.4333,0.5217,7.5,4
410(E1),V,G,-1.62,0.148,6.5,4
410(E1),V,H,-3.457,0.5708,4.5,4
410(E1),V,I,-0.1201,0.2959,7.5,4
410(E1),V,K,-1.458,0.2448,7.5,4
410(E1),V,L,0.00772,0.108,12,4
410(E1),V,M,-0.4912,0.1494,14.5,4
410(E1),V,N,-1.97,0.1181,12.5,4
410(E1),V,P,-1.171,0.1569,7,4
410(E1),V,Q,-2.834,1.626,4.5,4
410(E1),V,R,-2.815,0.2132,13.5,4
410(E1),V,S,-0.778,0.1317,9,4
410(E1),V,T,-0.682,0.1301,8,4
410(E1),V,V,0,0,,4
410(E1),V,W,-1.487,0.3124,9,4
410(E1),V,Y,-0.6956,0.6963,10,4
410(E2),F,-,-0.7919,0.1193,0.5,2
410(E2),F,A,-0.5732,0.2713,3,4
410(E2),F,C,-0.08117,0.1205,5,4
410(E2),F,D,-7.319,0,4.5,4
410(E2),F,E,-2.21,0.5206,4,4
410(E2),F,F,0,0,,4
410(E2),F,G,0.1464,0.2013,3,4
410(E2),F,H,-1.303,1.399,6.5,4
410(E2),F,I,-0.2006,0.1827,6,4
410(E2),F,K,-1.056,0.5094,4,4
410(E2),F,L,-0.08172,0.2906,12.5,4
410(E2),F,M,-0.4575,0.2775,4.5,4
410(E2),F,N,-2.928,0.2782,4.5,4
410(E2),F,P,-0.6677,0.279,4,4
410(E2),F,Q,-1.744,0.8292,5.5,4
410(E2),F,R,-0.2669,0.8489,1,4
410(E2),F,S,-0.9375,0.1179,7.5,4
410(E2),F,T,0.1874,0.1774,8,4
410(E2),F,V,-0.1682,0.2089,5,4
410(E2),F,W,0.1537,0.4969,2.5,4
410(E2),F,Y,0.1222,0.1483,8,4
411(E1),Q,*,-7.3,0,25,4
411(E1),Q,-,0.08371,0.09279,2.5,2
411(E1),Q,A,-0.4022,0.1194,8.5,4
411(E1),Q,C,-7.019,0,11,4
411(E1),Q,D,-1.438,0.3057,8,4
411(E1),Q,E,-0.3003,0.2282,8,4
411(E1),Q,F,-0.07552,0.1046,10,4
411(E1),Q,G,-0.09593,0.2845,5,4
411(E1),Q,H,-0.1499,0.08005,14,4
411(E1),Q,I,-1.022,0.6626,10,4
411(E1),Q,K,0.1381,0.01263,16.75,4
411(E1),Q,L,-0.6807,0.4386,10,4
411(E1),Q,M,-0.5929,0.7968,5.5,4
411(E1),Q,N,0.03175,0.1959,9,4
411(E1),Q,P,-0.3426,0.2317,7,4
411(E1),Q,Q,0,0,,4
411(E1),Q,R,0.02383,0.1038,10,4
411(E1),Q,S,0.1911,0.07066,6,4
411(E1),Q,T,0.1495,0.04276,8,4
411(E1),Q,V,-0.7701,0.1865,8,4
411(E1),Q,W,-1.258,0.2277,11,4
411(E1),Q,Y,0.08818,0.2656,9,4
411(E2),L,-,-1.587,0.4075,1,2
411(E2),L,A,0.301,0.1477,5,4
411(E2),L,C,-0.53,0.7058,4,4
411(E2),L,D,-7.535,0,5.5,4
411(E2),L,E,-4.255,1.225,2.5,4
411(E2),L,F,0.08609,0.3292,3,4
411(E2),L,G,-0.9652,0.2177,6.5,4
411(E2),L,H,-3.684,0.5187,5.5,4
411(E2),L,I,0.0078,0.2754,7,4
411(E2),L,K,-6.095,0,7,4
411(E2),L,L,0,0,,4
411(E2),L,M,-0.3764,0.1371,6.5,4
411(E2),L,N,-5.39,0.535,3.5,4
411(E2),L,P,-7.295,0,7,4
411(E2),L,Q,-4.364,0,2.5,4
411(E2),L,R,-6.129,0,3,4
411(E2),L,S,-1.669,1.432,3.5,4
411(E2),L,T,-1.387,0.2437,6.75,4
411(E2),L,V,-0.7767,0.5604,2.5,4
411(E2),L,W,0.2107,0.1141,4.5,4
411(E2),L,Y,-1.638,0.396,3.5,4
412(E1),K,-,-0.1474,0.1444,3,4
412(E1),K,A,-0.6627,0.6955,7.5,4
412(E1),K,C,-6.157,0,11,4
412(E1),K,D,-1.526,0.4164,11,4
412(E1),K,E,-0.9503,0.5284,8,4
412(E1),K,F,-2.346,0.7993,10,4
412(E1),K,G,-0.1592,0.3171,9,4
412(E1),K,H,-0.3572,0.3669,9,4
412(E1),K,I,-4.204,0.2016,6,4
412(E1),K,K,0,0,,4
412(E1),K,L,-3.305,0.2241,5.25,4
412(E1),K,M,-2.269,0.1841,5.5,4
412(E1),K,N,-0.4219,0.1644,10,4
412(E1),K,P,-0.1652,0.0665,8,4
412(E1),K,Q,-0.1083,0.9128,9,4
412(E1),K,R,0.2212,0.0522,10.5,4
412(E1),K,S,0.2097,0.07546,5,4
412(E1),K,T,-0.9456,0.4149,16,4
412(E1),K,V,-1.905,0.1766,9,4
412(E1),K,W,-1.925,0.5292,6.5,4
412(E1),K,Y,-1.305,0.2428,8.5,4
412(E2),L,-,-0.2148,0.05075,0.5,2
412(E2),L,A,-0.4546,0.786,4,4
412(E2),L,C,-1.8,0.8101,5.5,4
412(E2),L,D,-6.299,0.9535,5.5,4
412(E2),L,E,-7.043,0,2.5,4
412(E2),L,F,-1.639,0.4593,5.5,4
412(E2),L,G,-2.075,0.1279,4.5,4
412(E2),L,H,-5.203,0,7,4
412(E2),L,I,-0.06087,0.2269,4.5,4
412(E2),L,K,-7.255,0,4.5,4
412(E2),L,L,0,0,,4
412(E2),L,M,-0.4413,0.2665,7,4
412(E2),L,N,-5.435,0.2086,4,4
412(E2),L,P,-6.57,0,9.5,4
412(E2),L,Q,-6.988,0,6,4
412(E2),L,R,-7.213,0,4.5,4
412(E2),L,S,-3.342,0.7086,6,4
412(E2),L,T,0.00785,0.1774,5,4
412(E2),L,V,-0.5319,0.4154,4,4
412(E2),L,W,-0.3837,0.5491,4,4
412(E2),L,Y,-1.85,0.4055,4.5,4
413(E1),I,-,-0.4879,1.726,2.5,4
413(E1),I,A,-0.3768,0.4061,5.5,4
413(E1),I,C,-4.742,0,3.75,4
413(E1),I,D,-6.726,0,6,4
413(E1),I,E,-5.893,0,6.5,4
413(E1),I,F,-0.3982,0.272,6.5,4
413(E1),I,G,-2.091,0.4707,9.5,4
413(E1),I,H,-3.042,0.5745,9,4
413(E1),I,I,0,0,,4
413(E1),I,K,-4.359,0.1057,7.5,4
413(E1),I,L,-0.308,0.2803,9.5,4
413(E1),I,M,-0.504,0.6264,7,4
413(E1),I,N,-4.377,0.5253,7,4
413(E1),I,P,-4.187,0.2813,6,4
413(E1),I,Q,-3.623,0.1768,8,4
413(E1),I,R,-4.665,0.1369,8.5,4
413(E1),I,S,-2.361,0.4959,8,4
413(E1),I,T,-1.162,0.2275,8.5,4
413(E1),I,V,-0.3044,0.04747,11,4
413(E1),I,W,0.06795,0.1969,4.5,4
413(E1),I,Y,-1.011,0.6882,4.5,4
413(E2),S,-,-0.3294,0.117,1,2
413(E2),S,A,-0.07752,0.1086,4.25,4
413(E2),S,C,-2.698,0.4272,5.5,4
413(E2),S,D,-3.838,0.7712,3,4
413(E2),S,E,-0.564,0.4775,3.5,4
413(E2),S,F,-3.453,0.3346,6,4
413(E2),S,G,-0.05205,0.3219,6,4
413(E2),S,H,-0.4581,0.09427,5,4
413(E2),S,I,-6.011,0,6.5,4
413(E2),S,K,-1.884,0.3446,8.5,4
413(E2),S,L,-3.139,0.82,4.5,4
413(E2),S,M,-0.957,0.2082,3,4
413(E2),S,N,-0.2229,0.392,8,4
413(E2),S,P,-0.822,0.4059,6,4
413(E2),S,Q,0.06712,0.2465,4.5,4
413(E2),S,R,-0.9225,0.569,7,4
413(E2),S,S,0,0,,4
413(E2),S,T,-0.7208,0.2088,5.5,4
413(E2),S,V,-3.87,0.1708,6,4
413(E2),S,W,-0.6706,0.3412,5.5,4
413(E2),S,Y,-0.7331,0.3509,6,4
414(E1),T,-,-0.2076,0.1947,2.5,4
414(E1),T,A,-0.1373,0.3266,12.5,4
414(E1),T,C,-0.6749,0.3527,10.5,4
414(E1),T,D,-3.369,0.3173,7,4
414(E1),T,E,-1.879,0.2288,5.5,4
414(E1),T,F,0.04725,0.08763,3.5,4
414(E1),T,G,0.1917,0.03798,11.75,4
414(E1),T,H,-2.042,0.4253,10.5,4
414(E1),T,I,-1.07,0.6612,13,4
414(E1),T,K,-0.8822,0.4041,16.5,4
414(E1),T,L,-1.711,0.2129,12.25,4
414(E1),T,M,-1.252,1.101,6.5,4
414(E1),T,N,-1.365,0.7892,6.5,4
414(E1),T,P,-1.707,0.08645,5.5,4
414(E1),T,Q,-1.373,0.2061,8,4
414(E1),T,R,-1.203,0.366,6,4
414(E1),T,S,-0.1784,0.4683,6,4
414(E1),T,T,0,0,,4
414(E1),T,V,-0.2148,0.3554,10,4
414(E1),T,W,-1.004,0.9226,8.5,4
414(E1),T,Y,0.1764,0.08986,8.75,4
414(E2),L,-,-0.05115,0.03941,0.5,2
414(E2),L,A,-0.698,0.1836,5,4
414(E2),L,C,-3.2,1.308,2.5,4
414(E2),L,D,-7.413,0,3.5,4
414(E2),L,E,-4.506,0,4.5,4
414(E2),L,F,-1.191,0.1053,4,4
414(E2),L,G,-2.289,1.189,3,4
414(E2),L,H,-4.091,0.429,5,4
414(E2),L,I,-2.446,1.004,4.5,4
414(E2),L,K,-7.399,0,5,4
414(E2),L,L,0,0,,4
414(E2),L,M,-0.172,0.4969,9.25,4
414(E2),L,N,-5.152,0.2745,5.5,4
414(E2),L,P,-7.216,0,28.25,4
414(E2),L,Q,-2.855,0.7894,5,4
414(E2),L,R,-7.143,0,11.5,4
414(E2),L,S,-2.369,0.7442,2.5,4
414(E2),L,T,-1.048,0.5647,7,4
414(E2),L,V,-0.6721,0.3459,5.5,4
414(E2),L,W,-0.4471,0.6408,2.5,4
414(E2),L,Y,-1.18,0.9642,4.5,4
415(E1),G,-,-0.9403,0.5279,2.5,4
415(E1),G,A,-2.83,0.4383,7,4
415(E1),G,C,-5.943,0,19.5,4
415(E1),G,D,-4.099,0.2009,20.5,4
415(E1),G,E,-3.5,0.5434,9.5,4
415(E1),G,F,-2.895,0.4835,11.5,4
415(E1),G,G,0,0,,4
415(E1),G,H,-2.397,1.141,8.5,4
415(E1),G,I,-5.694,0,8.5,4
415(E1),G,K,-1.864,0.5785,4,4
415(E1),G,L,-5.144,0,7.5,4
415(E1),G,M,-3.828,0.244,7.25,4
415(E1),G,N,-2.393,0.8564,8,4
415(E1),G,P,-1.84,0.09145,8.5,4
415(E1),G,Q,-2.534,0.4797,5.5,4
415(E1),G,R,-2.12,0.408,10,4
415(E1),G,S,-0.3837,0.1629,22,4
415(E1),G,T,-2.498,0.9479,6,4
415(E1),G,V,-4.338,0.1598,10.5,4
415(E1),G,W,-2.623,0.2642,6,4
415(E1),G,Y,-2.828,0.1245,10.5,4
415(E2),I,-,-1.026,0.159,1,2
415(E2),I,A,-1.151,1.09,3.5,4
415(E2),I,C,-0.3727,0.2677,6,4
415(E2),I,D,-2.912,0.263,4,4
415(E2),I,E,-3.104,0.3814,4.5,4
415(E2),I,F,-0.07036,0.1312,5,4
415(E2),I,G,-0.6154,0.3946,4,4
415(E2),I,H,-3.782,0.2514,5.5,4
415(E2),I,I,0,0,,4
415(E2),I,K,-4.862,0,2.5,4
415(E2),I,L,0.01047,0.1192,7,4
415(E2),I,M,-1.067,0.7906,1.75,4
415(E2),I,N,-5.681,0,7,4
415(E2),I,P,-4.241,0.2561,6.5,4
415(E2),I,Q,-5.14,0,7.5,4
415(E2),I,R,-7.059,0,5,4
415(E2),I,S,-1.915,0.0155,2.5,2
415(E2),I,T,-1.149,1.043,7,4
415(E2),I,V,0.1446,0.09946,5.5,4
415(E2),I,W,-1.764,0.4196,2.5,4
415(E2),I,Y,-4.769,0.01775,6,4
416(E1),G,*,-5.64,0.1091,4.5,4
416(E1),G,-,0.1177,0.09154,4,4
416(E1),G,A,-1.282,0.2183,7,4
416(E1),G,C,-1.876,0.5969,9.5,4
416(E1),G,D,-2.633,0.6586,9.75,4
416(E1),G,E,-1.599,0.7129,26,4
416(E1),G,F,-2.758,0.5145,7.5,4
416(E1),G,G,0,0,,4
416(E1),G,H,-2.179,0.3017,10,4
416(E1),G,I,-3.167,0.4701,8,4
416(E1),G,K,-0.2151,0.2594,7.5,4
416(E1),G,L,-2.475,0.2037,13.5,4
416(E1),G,M,-2.978,0.1919,9,4
416(E1),G,N,-1.923,0.6184,6.5,4
416(E1),G,P,-1.837,0.2547,9.5,4
416(E1),G,Q,-0.5412,0.1657,8.5,4
416(E1),G,R,-0.7346,0.1343,40,4
416(E1),G,S,0.1018,0.1049,8,4
416(E1),G,T,-0.4472,0.4345,6,4
416(E1),G,V,-3.311,0.08644,9.5,4
416(E1),G,W,-2.609,0.1144,9.5,4
416(E1),G,Y,-1.48,0.5681,10.5,4
416(E2),C,*,-7.465,0,4.5,4
416(E2),C,A,-3.238,0.8625,6.5,4
416(E2),C,C,0,0,,4
416(E2),C,D,-4.365,0,3,4
416(E2),C,E,-4.132,0.3291,5.5,4
416(E2),C,F,-2.134,0.7696,8.5,4
416(E2),C,G,-2.822,0.3847,5,4
416(E2),C,H,-4.865,0.632,4,4
416(E2),C,I,-7.322,0,5.5,4
416(E2),C,K,-5.354,0,5,4
416(E2),C,L,-2.513,0.1987,5.5,4
416(E2),C,M,-3.965,0.1965,4.5,4
416(E2),C,N,-2.989,0.7417,2.5,4
416(E2),C,P,-2.727,2.161,3,4
416(E2),C,Q,-2.391,0.5042,2.5,4
416(E2),C,R,-5.179,0.3386,2.5,4
416(E2),C,S,-3.644,0.5341,6.5,4
416(E2),C,T,-6.474,0.3187,3.5,4
416(E2),C,V,-6.083,0.2957,6.5,4
416(E2),C,W,-2.925,0.5837,6,4
416(E2),C,Y,-3.783,0.208,23,4
417(E1),V,-,-1.757,1.343,2,4
417(E1),V,A,-0.09625,0.267,8.5,4
417(E1),V,C,-2.477,0.9007,7.5,4
417(E1),V,D,-4.362,0.4821,11,4
417(E1),V,E,-3.974,0.3485,6.5,4
417(E1),V,F,0.1038,0.08123,14.5,4
417(E1),V,G,-0.5682,0.6037,6,4
417(E1),V,H,-2.684,0.2994,7,4
417(E1),V,I,-0.3247,0.2552,14,4
417(E1),V,K,-2.189,0.4732,6,4
417(E1),V,L,-0.7965,0.1154,7,4
417(E1),V,M,-0.5698,0.2385,5.5,4
417(E1),V,N,-2.632,1.117,5.5,4
417(E1),V,P,-2.079,0.5055,8,4
417(E1),V,Q,-2.179,0.6622,5.5,4
417(E1),V,R,-3.563,0.2359,7,4
417(E1),V,S,-0.6686,0.4027,6,4
417(E1),V,T,-0.1734,0.1409,7,4
417(E1),V,V,0,0,,4
417(E1),V,W,-0.5179,0.475,8.5,4
417(E1),V,Y,-1.061,0.5227,8.5,4
417(E2),C,*,-7.274,0,2,4
417(E2),C,A,-4.019,0.4969,7.5,4
417(E2),C,C,0,0,,4
417(E2),C,D,-5.47,0,8,4
417(E2),C,E,-5.075,0,6,4
417(E2),C,F,-2.514,0.8773,10,4
417(E2),C,G,-4.448,0.6335,5.5,4
417(E2),C,H,-3.915,0.4274,8.5,4
417(E2),C,I,-4.57,0.1286,6,4
417(E2),C,K,-5.808,0,4,4
417(E2),C,L,-3.971,0.5137,6,4
417(E2),C,M,-3.442,0.2727,11,4
417(E2),C,N,-2.954,0.381,4.5,4
417(E2),C,P,-4.736,0,7,4
417(E2),C,Q,-4.078,0.2992,6,4
417(E2),C,R,-5.553,0,14,4
417(E2),C,S,-3.992,0.2463,11.5,4
417(E2),C,T,-4.636,0,11,4
417(E2),C,V,-5.506,0.1256,8,4
417(E2),C,W,-4.278,0.5886,7,4
417(E2),C,Y,-5.71,0,25.5,4
418(E1),G,*,-7.498,0,6.5,4
418(E1),G,-,-0.235,0.5052,1.5,4
418(E1),G,A,-1.208,0.344,8.5,4
418(E1),G,C,-2.091,0.1778,7.5,4
418(E1),G,D,-6.995,0,9,4
418(E1),G,E,-6.769,0,24.25,4
418(E1),G,F,-0.3806,0.1375,9,4
418(E1),G,G,0,0,,4
418(E1),G,H,-5.275,0,6,4
418(E1),G,I,-0.5667,0.1898,8.5,4
418(E1),G,K,-4.412,0,8.5,4
418(E1),G,L,-2.563,1.126,10.5,4
418(E1),G,M,-2.226,0.3637,10.5,4
418(E1),G,N,-6.494,0,7.5,4
418(E1),G,P,-1.327,0.5463,9,4
418(E1),G,Q,-7.063,0,8.75,4
418(E1),G,R,-6.566,0,59.25,4
418(E1),G,S,-1.431,0.624,5.5,4
418(E1),G,T,-2.487,0.5262,7.5,4
418(E1),G,V,-0.3021,0.09189,15.5,4
418(E1),G,W,-3.002,0.3287,6.5,4
418(E1),G,Y,-2.583,0.6877,9,4
418(E2),I,-,-0.04057,0.1309,1,4
418(E2),I,A,0.1236,0.4446,7.75,4
418(E2),I,C,-1.287,0.8119,5.5,4
418(E2),I,D,-4.72,0,7.5,4
418(E2),I,E,-6.089,0,4,4
418(E2),I,F,-0.0405,0.2064,11,4
418(E2),I,G,-2.338,0.8642,5,4
418(E2),I,H,-3.193,0.8718,7.5,4
418(E2),I,I,0,0,,4
418(E2),I,K,-7.376,0,7,4
418(E2),I,L,-0.5205,0.1265,10,4
418(E2),I,M,0.0996,0.3771,9.5,4
418(E2),I,N,-4.09,0.0528,6.5,4
418(E2),I,P,-2.484,0.3945,9.5,4
418(E2),I,Q,-2.949,0.413,6,4
418(E2),I,R,-6.867,0,10,4
418(E2),I,S,-1.887,0.247,1,4
418(E2),I,T,-0.3106,0.4077,11,4
418(E2),I,V,0.09532,0.2129,8,4
418(E2),I,W,-0.2654,0.152,8.5,4
418(E2),I,Y,-1.239,0.1188,9,4
419(E1),L,-,-1.026,0.5933,1,2
419(E1),L,A,0.2311,0.06311,6,4
419(E1),L,C,-0.08233,0.1209,6.5,4
419(E1),L,D,-7.086,0,7,4
419(E1),L,E,-4.393,0.5132,6,4
419(E1),L,F,0.2032,0.08451,5,4
419(E1),L,G,0.1893,0.02949,6.5,4
419(E1),L,H,-3.077,0.801,5.25,4
419(E1),L,I,-0.1272,0.07935,8,4
419(E1),L,K,-1.198,0.3739,5.5,4
419(E1),L,L,0,0,,4
419(E1),L,M,0.03361,0.04989,15,4
419(E1),L,N,-2.396,0.4508,6,4
419(E1),L,P,-1.357,0.4891,10,4
419(E1),L,Q,-1.91,0.1129,13,4
419(E1),L,R,-2.757,1.438,5.5,4
419(E1),L,S,0.2138,0.0236,7,4
419(E1),L,T,0.2079,0.04793,5,4
419(E1),L,V,0.1162,0.08323,10,4
419(E1),L,W,-0.2259,0.2957,5.5,4
419(E1),L,Y,-0.1561,0.2058,8,4
419(E2),R,*,-7.149,0.9085,2,4
419(E2),R,-,-1.058,0.0285,0.5,2
419(E2),R,A,-2.189,0.274,9.5,4
419(E2),R,C,-2.712,0.7667,9.5,4
419(E2),R,D,-2.048,0.4338,10.75,4
419(E2),R,E,-1.141,0.2005,7,4
419(E2),R,F,-7.351,0,8,4
419(E2),R,G,-0.7275,0.1865,20.25,4
419(E2),R,H,-0.8397,0.3672,5.5,4
419(E2),R,I,-7.505,0,10.5,4
419(E2),R,K,-0.1528,0.1737,22.5,4
419(E2),R,L,-7.273,0,11,4
419(E2),R,M,-4.184,0.1419,12,4
419(E2),R,N,-0.8836,0.2856,8.5,4
419(E2),R,P,0.1107,0.1471,11,4
419(E2),R,Q,-1.344,1.154,5.5,4
419(E2),R,R,0,0,,4
419(E2),R,S,-0.97,0.2594,9,4
419(E2),R,T,-1.566,0.54,10,4
419(E2),R,V,-4.115,0.4089,9.5,4
419(E2),R,W,-3.08,0.6524,7.5,4
419(E2),R,Y,-3.138,0.3288,10.5,4
42(6K),F,A,0.00984,0.1214,7.75,4
42(6K),F,C,-0.08941,0.1039,7.5,4
42(6K),F,D,-0.1628,0.549,5,4
42(6K),F,E,-0.716,0.2202,2.25,4
42(6K),F,F,0,0,,4
42(6K),F,G,0.1293,0.2936,6,4
42(6K),F,H,0.1773,0.04745,6,4
42(6K),F,I,0.1807,0.07539,11.5,4
42(6K),F,K,0.2119,0.02969,6,4
42(6K),F,L,-0.2602,0.2541,12.5,4
42(6K),F,M,-0.2579,0.2303,7.5,4
42(6K),F,N,0.1525,0.06018,5.75,4
42(6K),F,P,0.02645,0.07279,9.5,4
42(6K),F,Q,0.1546,0.1333,7.5,4
42(6K),F,R,-0.08256,0.07357,5,4
42(6K),F,S,0.1619,0.1382,6.5,4
42(6K),F,T,0.1618,0.02873,6,4
42(6K),F,V,0.09332,0.03065,13,4
42(6K),F,W,-0.06075,0.2863,4.5,4
42(6K),F,Y,-0.02499,0.04541,7.5,4
42(E1),L,*,-0.8174,0.0655,0.5,2
42(E1),L,A,-3.617,0.5145,10,4
42(E1),L,C,-0.9968,0.1713,8.5,4
42(E1),L,D,-7.44,0,14,4
42(E1),L,E,-7.559,0,6.5,4
42(E1),L,F,-2.999,0.6984,6.5,4
42(E1),L,G,-7.518,0,7,4
42(E1),L,H,-7.615,0,5,4
42(E1),L,I,-0.01435,0.1323,4,4
42(E1),L,K,-4.768,0.2511,6.5,4
42(E1),L,L,0,0,,4
42(E1),L,M,-0.6025,0.2041,7,4
42(E1),L,N,-7.598,0,5.5,4
42(E1),L,P,-7.638,0,32,4
42(E1),L,Q,-7.171,0,11.25,4
42(E1),L,R,-7.494,0,19,4
42(E1),L,S,-6.994,0,6,4
42(E1),L,T,-0.889,0.303,10,4
42(E1),L,V,-0.3642,0.5492,6,4
42(E1),L,W,-7.587,0,6,4
42(E1),L,Y,-5.402,0,4.5,4
42(E2),T,*,-7.281,0,0.5,2
42(E2),T,A,-4.056,0.0459,4,4
42(E2),T,C,-7.456,0,5.5,4
42(E2),T,D,-5.744,0,6.5,4
42(E2),T,E,-6.491,0,5,4
42(E2),T,F,-6.982,0,8,4
42(E2),T,G,-4.207,0.2947,3.5,4
42(E2),T,H,-4.383,1.469,4.5,4
42(E2),T,I,-6.772,0,12.5,4
42(E2),T,K,-7.16,0,4.5,4
42(E2),T,L,-1.834,1.825,3.5,4
42(E2),T,M,-2.666,0.6827,3.5,4
42(E2),T,N,-6.464,0,6.5,4
42(E2),T,P,-7.386,0,11,4
42(E2),T,Q,-3.301,0.3639,10.5,4
42(E2),T,R,-7.07,0,5.5,4
42(E2),T,S,-0.4458,0.09734,8.5,4
42(E2),T,T,0,0,,4
42(E2),T,V,-5.369,0,6.5,4
42(E2),T,W,-6.758,0,5,4
42(E2),T,Y,-7.239,0,9,4
42(E3),V,-,-0.3506,0.0095,1.5,2
42(E3),V,A,-0.1536,0.2828,10,4
42(E3),V,C,-0.6257,0.409,7.5,4
42(E3),V,D,-0.716,0.3412,12,4
42(E3),V,E,0.1176,0.1311,6.5,4
42(E3),V,F,-0.06417,0.1726,9,4
42(E3),V,G,-0.5359,0.05218,9.5,4
42(E3),V,H,-0.3606,0.6251,6,4
42(E3),V,I,0.0323,0.2955,8.5,4
42(E3),V,K,-0.8699,0.5575,8.5,4
42(E3),V,L,-0.07364,0.2333,16.5,4
42(E3),V,M,-0.293,0.1994,11.5,4
42(E3),V,N,-0.473,0.402,6,4
42(E3),V,P,-1.834,0.2412,7.5,4
42(E3),V,Q,-0.5178,0.4871,9,4
42(E3),V,R,0.0981,0.1199,9,4
42(E3),V,S,-0.4985,0.1319,10,4
42(E3),V,T,-0.3093,0.8378,5,4
42(E3),V,V,0,0,,4
42(E3),V,W,-0.1451,0.4222,6.5,4
42(E3),V,Y,-0.04068,0.2616,10,4
420(E1),V,-,-0.00095,0.5226,2.5,4
420(E1),V,A,-0.438,0.5586,4,4
420(E1),V,C,-0.1451,0.4101,6,4
420(E1),V,D,-6.14,0.1723,3.5,4
420(E1),V,E,-3.493,0.3787,6,4
420(E1),V,F,-0.8096,1.239,3.5,4
420(E1),V,G,-0.05935,0.145,3,4
420(E1),V,H,-3.147,0.2972,3.75,4
420(E1),V,I,0.0315,0.1115,4,4
420(E1),V,K,-2.582,0.5218,5,4
420(E1),V,L,-0.01515,0.2508,8.5,4
420(E1),V,M,0.0364,0.04894,15,4
420(E1),V,N,-2.616,0.4372,4.5,4
420(E1),V,P,-0.7811,0.605,2.5,4
420(E1),V,Q,-3.422,0.6855,3.5,4
420(E1),V,R,-3.808,0.874,2.5,4
420(E1),V,S,0.07374,0.206,4.5,4
420(E1),V,T,-0.232,0.5429,4,4
420(E1),V,V,0,0,,4
420(E1),V,W,-0.4817,0.7494,7,4
420(E1),V,Y,-0.6123,0.3101,4.5,4
420(E2),T,-,-2.561,0.1995,1,2
420(E2),T,A,-0.2265,0.4576,9.5,4
420(E2),T,C,-0.1943,0.1371,14.5,4
420(E2),T,D,-0.2083,0.09613,8.5,4
420(E2),T,E,-0.5826,0.1803,7,4
420(E2),T,F,-2.222,0.4608,7.5,4
420(E2),T,G,0.4164,0.1371,6.5,4
420(E2),T,H,-0.4098,0.4901,5.5,4
420(E2),T,I,-1.984,0.176,24.5,4
420(E2),T,K,-1.096,0.608,1.5,4
420(E2),T,L,-0.8414,0.4013,11.5,4
420(E2),T,M,-0.4778,0.2665,7.5,4
420(E2),T,N,0.1926,0.1099,8,4
420(E2),T,P,0.08349,0.1031,8.5,4
420(E2),T,Q,-0.18,0.1869,7,4
420(E2),T,R,0.2111,0.2755,11.5,4
420(E2),T,S,-0.02803,0.1159,7,4
420(E2),T,T,0,0,,4
420(E2),T,V,-0.8914,0.3411,5.5,4
420(E2),T,W,-1.756,0.06984,9.5,4
420(E2),T,Y,-1.861,1.125,6.5,4
421(E1),V,-,-1.32,1.404,0.5,2
421(E1),V,A,-1.542,1.173,3,4
421(E1),V,C,-0.7123,0.4638,3,4
421(E1),V,D,-3.461,0.298,2.5,2
421(E1),V,E,-3.35,0.5826,1.5,4
421(E1),V,F,0.1066,0.1832,5.5,4
421(E1),V,G,-1.348,0.4581,2,4
421(E1),V,H,-3.898,1.488,1.75,4
421(E1),V,I,-0.157,0.2686,4.5,4
421(E1),V,K,-4.554,0.02771,3.5,4
421(E1),V,L,0.07371,0.1332,7.5,4
421(E1),V,M,-0.4118,0.578,11.5,4
421(E1),V,N,-4.251,0.7975,4.5,4
421(E1),V,P,-1.458,0.7527,2.5,4
421(E1),V,Q,-1.787,1.784,2,4
421(E1),V,R,-6.917,0,2,4
421(E1),V,S,-1.416,0.31,6,4
421(E1),V,T,-0.8031,0.1,4.5,4
421(E1),V,V,0,0,,4
421(E1),V,W,-0.1808,0.2732,6.5,4
421(E1),V,Y,-0.9501,0.8112,7.5,4
421(E2),A,-,-2.558,0.2005,1,2
421(E2),A,A,0,0,,4
421(E2),A,C,-0.5733,0.4769,3.5,4
421(E2),A,D,-7.318,0,10.5,4
421(E2),A,E,-7.524,0,7.5,4
421(E2),A,F,-7.22,0,6.5,4
421(E2),A,G,-0.3189,0.6091,4.5,4
421(E2),A,H,-7.665,0,9,4
421(E2),A,I,-1.981,0.9648,5.5,4
421(E2),A,K,-7.491,0,7.75,4
421(E2),A,L,-7.175,0,5,4
421(E2),A,M,-7.579,0,10,4
421(E2),A,N,-4.412,0.2434,5.5,4
421(E2),A,P,-7.588,0,12.5,4
421(E2),A,Q,-7.53,0,6.5,4
421(E2),A,R,-7.649,0,13,4
421(E2),A,S,0.0954,0.231,8.75,4
421(E2),A,T,-0.01012,0.09992,63,4
421(E2),A,V,-0.8971,1,7.5,4
421(E2),A,W,-7.524,0,7,4
421(E2),A,Y,-7.556,0,3.5,4
422(E1),A,-,-2.038,0.158,1,2
422(E1),A,A,0,0,,4
422(E1),A,C,-0.753,0.5752,6,4
422(E1),A,D,-7.196,0,6.5,4
422(E1),A,E,-5.456,0,7,4
422(E1),A,F,0.2095,0.03546,5,4
422(E1),A,G,0.1097,0.04721,5,4
422(E1),A,H,-6.374,0,4.5,4
422(E1),A,I,0.06549,0.05756,4.5,4
422(E1),A,K,-5.841,0.4616,3.5,4
422(E1),A,L,-0.1771,0.1867,7,4
422(E1),A,M,-1.107,0.4302,4.5,4
422(E1),A,N,-6.292,0,5,4
422(E1),A,P,-0.519,0.7432,4,4
422(E1),A,Q,-6.183,0,1.5,4
422(E1),A,R,-7.57,0,4,4
422(E1),A,S,0.01725,0.239,7,4
422(E1),A,T,-0.2026,0.03966,51.5,4
422(E1),A,V,-0.3075,0.06186,18.5,4
422(E1),A,W,-0.5905,0.1777,3.5,4
422(E1),A,Y,-1.892,0.1823,4.5,4
422(E2),K,-,-0.8509,0.0978,0.5,2
422(E2),K,A,-2.266,0.793,9,4
422(E2),K,C,-3.598,0.2954,5,4
422(E2),K,D,-0.2583,0.3019,7.5,4
422(E2),K,E,-0.4429,0.2772,14,4
422(E2),K,F,-2.88,0.5717,9.5,4
422(E2),K,G,-0.5394,0.3438,7.5,4
422(E2),K,H,-0.1877,0.1915,12.5,4
422(E2),K,I,-5.234,0,11.25,4
422(E2),K,K,0,0,,4
422(E2),K,L,-5.438,0,8,4
422(E2),K,M,-3.612,0.7203,9,4
422(E2),K,N,0.1362,0.5732,11.5,4
422(E2),K,P,-6.933,0,8,4
422(E2),K,Q,-0.9278,0.2405,4.5,4
422(E2),K,R,0.1292,0.1346,9,4
422(E2),K,S,-1.715,0.1281,7.5,4
422(E2),K,T,-1.325,0.8999,11,4
422(E2),K,V,-3.577,0.198,8,4
422(E2),K,W,-0.8899,0.2042,10,4
422(E2),K,Y,-0.7677,0.6261,8.5,4
423(E1),V,-,-0.6736,0.8054,0.5,2
423(E1),V,A,0.212,0.03667,3.5,4
423(E1),V,C,0.1698,0.00615,3,2
423(E1),V,D,-6.343,0,5,4
423(E1),V,E,-1.92,0.9876,2.5,4
423(E1),V,F,-0.2104,0.3554,1,4
423(E1),V,G,0.1201,0.0533,3.5,4
423(E1),V,H,-1.459,0.9804,2.25,4
423(E1),V,I,0.2491,0.02315,1,2
423(E1),V,K,-5.177,0,5.5,4
423(E1),V,L,-0.2842,0.3966,4.5,4
423(E1),V,M,0.1429,0.0711,6.5,4
423(E1),V,N,-1.478,0.583,5,4
423(E1),V,P,-0.04808,0.2212,6.5,4
423(E1),V,Q,-0.8021,0.3282,6,4
423(E1),V,R,-7.431,0,4.5,4
423(E1),V,S,-0.3376,0.2996,2.5,4
423(E1),V,T,0.1878,0.05871,6.5,4
423(E1),V,V,0,0,,4
423(E1),V,W,-1.202,0.3544,3,4
423(E1),V,Y,-0.3034,0.3709,3.5,4
423(E2),A,-,-0.1991,0.1725,1.5,4
423(E2),A,A,0,0,,4
423(E2),A,C,-0.09165,0.1241,9,4
423(E2),A,D,-7.595,0,18,4
423(E2),A,E,-7.31,0,7,4
423(E2),A,F,-7.62,0,8.5,4
423(E2),A,G,-0.2003,0.1197,5,4
423(E2),A,H,-7.636,0,7,4
423(E2),A,I,-7.293,0,7.5,4
423(E2),A,K,-7.383,0,10.5,4
423(E2),A,L,-7.569,0,6,4
423(E2),A,M,-7.278,0,4.5,4
423(E2),A,N,-7.443,0,7.5,4
423(E2),A,P,-6.471,0,8,4
423(E2),A,Q,-6.639,0,8.5,4
423(E2),A,R,-7.667,0,11,4
423(E2),A,S,-1.429,0.7957,10,4
423(E2),A,T,-3.176,0.1991,20.25,4
423(E2),A,V,-7.487,0,22.5,4
423(E2),A,W,-7.386,0,6,4
423(E2),A,Y,-7.446,0,8.5,4
424(E1),A,-,-0.7326,0.7694,1,2
424(E1),A,A,0,0,,4
424(E1),A,C,-0.1615,0.06208,1,2
424(E1),A,D,-3.505,1.198,8.5,4
424(E1),A,E,-2.264,1.843,4.5,4
424(E1),A,F,-0.8626,0.0028,2.5,2
424(E1),A,G,0.06421,0.1836,5,4
424(E1),A,H,-1.662,0.2728,5.5,4
424(E1),A,I,-0.06993,0.4681,4.5,4
424(E1),A,K,-3.959,0.3997,6,4
424(E1),A,L,-0.4346,1.65,2.5,4
424(E1),A,M,-0.3879,0.7258,3,4
424(E1),A,N,-0.1346,0.4112,2,4
424(E1),A,P,0.2313,0.05489,5,4
424(E1),A,Q,-1.843,0.3928,2.5,4
424(E1),A,R,-7.236,0.01732,3,4
424(E1),A,S,0.02658,0.1571,7.5,4
424(E1),A,T,-0.1334,0.1009,21.75,4
424(E1),A,V,-0.8304,0.3937,13,4
424(E1),A,W,-0.575,0.2789,4,4
424(E1),A,Y,-0.1367,0.2224,3.5,4
425(E1),A,-,-0.5971,0.3669,0.5,2
425(E1),A,A,0,0,,4
425(E1),A,C,-0.09373,0.188,3,4
425(E1),A,D,-7.446,0,9.5,4
425(E1),A,E,-7.493,0,4,4
425(E1),A,F,-0.154,0.4907,3.5,4
425(E1),A,G,-0.8863,0.3788,4.5,4
425(E1),A,H,-6.506,0,5.5,4
425(E1),A,I,-0.755,0.5935,2.5,4
425(E1),A,K,-5.709,0,2.5,4
425(E1),A,L,-0.3091,0.1037,5,4
425(E1),A,M,-0.3565,0.3274,6,4
425(E1),A,N,-5.592,0,4,4
425(E1),A,P,-1.449,0.5044,4.5,4
425(E1),A,Q,-5.634,0.3572,3.5,4
425(E1),A,R,-7.546,0,5.5,4
425(E1),A,S,-0.6633,0.1713,7,4
425(E1),A,T,-0.1026,0.05876,25.5,4
425(E1),A,V,-0.2452,0.2457,10,4
425(E1),A,W,0.07569,0.06201,3.25,4
425(E1),A,Y,-0.4357,1.593,4,4
426(E1),L,-,-0.6733,0.7748,1.5,4
426(E1),L,A,0.0264,0.6136,3,4
426(E1),L,C,0.1516,0.03285,6,4
426(E1),L,D,-3.715,0.266,1,2
426(E1),L,E,-1.928,0.2267,5.5,4
426(E1),L,F,-0.00755,0.2009,3,4
426(E1),L,G,-0.0611,0.1449,2,4
426(E1),L,H,-2.487,1.578,2.5,4
426(E1),L,I,0.2194,0.1103,5,4
426(E1),L,K,-4.835,0.05609,5,4
426(E1),L,L,0,0,,4
426(E1),L,M,0.1163,0.05837,6.5,4
426(E1),L,N,-0.2304,0.00465,2,2
426(E1),L,P,-0.378,0.5268,7.5,4
426(E1),L,Q,-0.4166,0.7477,3.5,4
426(E1),L,R,-7.2,0,6,4
426(E1),L,S,0.01553,0.09375,5.5,4
426(E1),L,T,0.08691,0.05879,1.75,2
426(E1),L,V,0.09536,0.02104,2.5,2
426(E1),L,W,-0.4073,0.2614,3,4
426(E1),L,Y,-1.65,0.7138,4.5,4
427(E1),I,-,-0.682,0.3739,1.5,4
427(E1),I,A,-0.2679,0.3796,4,4
427(E1),I,C,0.1608,0.05584,3.5,4
427(E1),I,D,-3.06,0.9073,6,4
427(E1),I,E,-3.178,0.4463,3,4
427(E1),I,F,-0.2048,0.1951,1.5,4
427(E1),I,G,-1.013,0.1381,6,4
427(E1),I,H,-0.9844,0.3701,2.5,4
427(E1),I,I,0,0,,4
427(E1),I,K,-7.349,1.513,2,4
427(E1),I,L,-0.6859,0.6813,5,4
427(E1),I,M,-1.108,1.334,3.5,4
427(E1),I,N,-0.139,0.1089,5.5,4
427(E1),I,P,-0.2558,0.3644,4.5,4
427(E1),I,Q,-0.7607,0.56,2.5,4
427(E1),I,R,-3.729,1.901,3,4
427(E1),I,S,-0.1683,0.4181,4,4
427(E1),I,T,0.1471,0.09885,6.5,4
427(E1),I,V,0.04229,0.106,6,4
427(E1),I,W,-0.00965,0.2054,2.75,4
427(E1),I,Y,0.0648,0.1794,3.5,4
428(E1),L,-,-0.3096,0.2474,1,2
428(E1),L,A,-0.4035,0.4763,5,4
428(E1),L,C,-0.4117,0.4295,2.5,4
428(E1),L,D,-2.337,0.9741,4.5,4
428(E1),L,E,-0.4477,0.3038,2.5,4
428(E1),L,F,0.0475,0.08275,6,4
428(E1),L,G,-0.1836,0.2312,2.25,4
428(E1),L,H,-0.1038,0.4547,5,4
428(E1),L,I,-0.1777,0.3787,4,4
428(E1),L,K,-1.173,0.2588,4,4
428(E1),L,L,0,0,,4
428(E1),L,M,-0.3298,0.2228,9.5,4
428(E1),L,N,-0.3323,0.326,3.5,4
428(E1),L,P,-0.2497,0.199,8,4
428(E1),L,Q,-1.206,0.4205,1.5,4
428(E1),L,R,-2.168,0.7033,5,4
428(E1),L,S,-1.273,0.3329,3,4
428(E1),L,T,-0.0812,0.4216,4.5,4
428(E1),L,V,-0.07608,0.1353,3,4
428(E1),L,W,-0.312,0.1221,5,4
428(E1),L,Y,0.2093,0.1161,3.5,4
429(E1),I,-,-0.2761,0.1969,1,2
429(E1),I,A,-4.036,1.57,2.5,4
429(E1),I,C,-0.4119,0.3881,3,4
429(E1),I,D,-7.47,0.1134,2,4
429(E1),I,E,-6.216,0,3.5,4
429(E1),I,F,0.04929,0.0736,3,4
429(E1),I,G,-3.536,1.754,2.5,4
429(E1),I,H,-4.622,0.2639,6,4
429(E1),I,I,0,0,,4
429(E1),I,K,-5.837,0.2312,3,4
429(E1),I,L,-0.571,1.174,6,4
429(E1),I,M,-0.1601,0.2615,7.5,4
429(E1),I,N,-2.555,0.7015,7,4
429(E1),I,P,-0.9047,1.068,2,4
429(E1),I,Q,-3.168,0.5336,5,4
429(E1),I,R,-7.476,0,3.5,4
429(E1),I,S,-1.879,1.017,4.5,4
429(E1),I,T,-0.5149,0.5753,4,4
429(E1),I,V,-0.5583,0.1797,5.5,4
429(E1),I,W,-0.2021,0.6181,6.5,4
429(E1),I,Y,-0.8423,0.194,2.5,4
43(6K),C,*,-7.384,0,20.5,4
43(6K),C,-,-0.06184,0.02747,0.5,2
43(6K),C,A,0.1298,0.02182,7,4
43(6K),C,C,0,0,,4
43(6K),C,D,0.1129,0.1253,9.5,4
43(6K),C,E,0.1583,0.1545,3.5,4
43(6K),C,F,-0.04977,0.1161,11,4
43(6K),C,G,-0.2382,0.4231,7.5,4
43(6K),C,H,-0.05873,0.09018,8.5,4
43(6K),C,I,0.06049,0.06857,12,4
43(6K),C,K,-0.04175,0.2063,6,4
43(6K),C,L,-0.1594,0.3634,8.5,4
43(6K),C,M,-0.333,0.4161,5,4
43(6K),C,N,-0.1038,0.1602,8,4
43(6K),C,P,0.03195,0.1159,11.5,4
43(6K),C,Q,-0.0548,0.2399,8,4
43(6K),C,R,-0.08216,0.1203,17.25,4
43(6K),C,S,0.117,0.09927,10,4
43(6K),C,T,-0.09775,0.2644,9.5,4
43(6K),C,V,-0.3019,0.2769,9.5,4
43(6K),C,W,-0.6065,0.2847,5,4
43(6K),C,Y,0.07073,0.01762,56,4
43(E1),S,A,0.188,0.06094,12,4
43(E1),S,C,-7.538,0,11.5,4
43(E1),S,D,-0.249,0.2607,8.5,4
43(E1),S,E,0.0118,0.2309,6,4
43(E1),S,F,-0.1144,0.07752,8,4
43(E1),S,G,0.193,0.05349,13.5,4
43(E1),S,H,-0.1071,0.3054,5.5,4
43(E1),S,I,-0.7601,0.1202,11,4
43(E1),S,K,-0.3198,0.2426,7.5,4
43(E1),S,L,0.1167,0.2195,11,4
43(E1),S,M,0.04791,0.05752,8.5,4
43(E1),S,N,0.02724,0.02002,16.5,4
43(E1),S,P,-7.533,0,17.5,4
43(E1),S,Q,-0.01102,0.1165,8,4
43(E1),S,R,-0.1704,0.2299,10,4
43(E1),S,S,0,0,,4
43(E1),S,T,0.02032,0.2188,12,4
43(E1),S,V,0.2264,0.1215,7.5,4
43(E1),S,W,0.04475,0.1483,10,4
43(E1),S,Y,-0.0313,0.09672,7,4
43(E2),D,A,-7.503,0,7.5,4
43(E2),D,C,-7.542,0,9.5,4
43(E2),D,D,0,0,,4
43(E2),D,E,-4.527,0,10,4
43(E2),D,F,-7.434,0,8.5,4
43(E2),D,G,-7.602,0,9,4
43(E2),D,H,-7.502,0,9.25,4
43(E2),D,I,-7.726,0,10.5,4
43(E2),D,K,-7.61,0,6.5,4
43(E2),D,L,-7.652,0,7.5,4
43(E2),D,M,-7.553,0,6.5,4
43(E2),D,N,-7.741,0,27.5,4
43(E2),D,P,-7.574,0,6,4
43(E2),D,Q,-7.622,0,5.5,4
43(E2),D,R,-7.559,0,7,4
43(E2),D,S,-7.252,0,8.5,4
43(E2),D,T,-7.508,0,8.5,4
43(E2),D,V,-7.286,0,11.5,4
43(E2),D,W,-7.525,0,5,4
43(E2),D,Y,-7.441,0,17,4
43(E3),M,-,-3.186,2.003,1.5,4
43(E3),M,A,-0.6674,0.1665,13.5,4
43(E3),M,C,0.1397,0.1281,11.5,4
43(E3),M,D,0.1345,0.2187,10,4
43(E3),M,E,0.3924,0.3962,6.5,4
43(E3),M,F,-0.3732,0.2204,7.5,4
43(E3),M,G,-0.03034,0.198,9,4
43(E3),M,H,-0.04035,0.2319,11,4
43(E3),M,I,-0.3366,0.3058,20.5,4
43(E3),M,K,0.04815,0.3424,3.5,4
43(E3),M,L,-0.2413,0.2532,5.5,4
43(E3),M,M,0,0,,4
43(E3),M,N,0.01325,0.1708,7,4
43(E3),M,P,-0.3412,0.1803,9.5,4
43(E3),M,Q,-0.4572,0.241,7,4
43(E3),M,R,-0.04779,0.06969,11,4
43(E3),M,S,-0.4369,0.2786,8.5,4
43(E3),M,T,-1.3,0.1773,7,4
43(E3),M,V,-0.2316,0.1967,16,4
43(E3),M,W,0.05534,0.113,8,4
43(E3),M,Y,-0.07695,0.07761,9.5,4
430(E1),V,-,-0.2943,0.183,1,2
430(E1),V,A,-0.2474,0.3983,7,4
430(E1),V,C,-0.5881,0.6177,6,4
430(E1),V,D,-2.253,0.5898,5.5,4
430(E1),V,E,-2.503,0.2415,3,4
430(E1),V,F,-0.1536,0.1625,12,4
430(E1),V,G,-1.137,0.252,4.5,4
430(E1),V,H,-1.488,0.5413,4,4
430(E1),V,I,-0.01139,0.1381,17.5,4
430(E1),V,K,-3.107,0.2845,7,4
430(E1),V,L,-1.051,0.1831,1.5,4
430(E1),V,M,-1.143,0.4039,3.5,4
430(E1),V,N,-1.577,0.0725,1,2
430(E1),V,P,-0.2035,0.244,2.5,4
430(E1),V,Q,-0.7739,0.6759,4,4
430(E1),V,R,-1.816,0.9878,5,4
430(E1),V,S,0.01386,0.2565,3,4
430(E1),V,T,-0.419,0.5798,3.5,4
430(E1),V,V,0,0,,4
430(E1),V,W,-0.5593,0.698,3,4
430(E1),V,Y,-0.01444,0.1293,4,4
431(E1),V,-,-0.4149,0.2477,0.5,2
431(E1),V,A,-0.4144,0.09238,8,4
431(E1),V,C,-0.7587,0.2933,5.25,4
431(E1),V,D,-3.891,0.5026,4,4
431(E1),V,E,-2.024,0.7013,3,4
431(E1),V,F,-2.08,1.151,2.5,4
431(E1),V,G,-1.108,0.3864,3,4
431(E1),V,H,-1.21,0.2616,4.5,4
431(E1),V,I,-0.7952,0.7236,5.5,4
431(E1),V,K,-1.659,0.7152,4,4
431(E1),V,L,-0.05345,0.15,6,4
431(E1),V,M,-1.478,0.8058,14,4
431(E1),V,N,-1.726,0.3379,1.5,4
431(E1),V,P,-0.9933,1.532,2,4
431(E1),V,Q,-0.3134,0.3351,4,4
431(E1),V,R,-2.611,0.7352,6.5,4
431(E1),V,S,0.2248,0.05591,3.5,4
431(E1),V,T,0.1554,0.406,3.5,4
431(E1),V,V,0,0,,4
431(E1),V,W,-2.719,1.125,4,4
431(E1),V,Y,-4.867,0,1,2
432(E1),L,-,-0.5202,0.3913,1,4
432(E1),L,A,-0.2916,0.3274,5.5,4
432(E1),L,C,-0.4415,0.1413,3.5,4
432(E1),L,D,-1.575,0.3944,2,4
432(E1),L,E,-1.215,0.8673,2.5,4
432(E1),L,F,0.2145,0.008748,5.5,4
432(E1),L,G,-0.4221,0.1825,5.5,4
432(E1),L,H,-1.984,2.041,2,4
432(E1),L,I,-0.3767,0.1645,1.5,2
432(E1),L,K,-1.268,0.7937,1.5,4
432(E1),L,L,0,0,,4
432(E1),L,M,0.1167,0.07938,7,4
432(E1),L,N,0.1661,0.1892,6,4
432(E1),L,P,-0.9065,0.2775,7.75,4
432(E1),L,Q,0.1585,0.1308,5,4
432(E1),L,R,0.02888,0.06042,5,4
432(E1),L,S,0.1182,0.067,3.5,4
432(E1),L,T,0.2223,0.0494,5,4
432(E1),L,V,0.06672,0.1203,4,4
432(E1),L,W,0.1688,0.08527,4.5,4
432(E1),L,Y,0.000685,0.1141,4.5,4
433(E1),C,*,-7.428,0,10,4
433(E1),C,-,-0.00125,0.07379,0.5,2
433(E1),C,A,-0.5349,0.3229,6,4
433(E1),C,C,0,0,,4
433(E1),C,D,-5.255,0,5,4
433(E1),C,E,-5.244,0,2.5,2
433(E1),C,F,-0.8448,0.4527,13,4
433(E1),C,G,-0.7669,0.2182,6,4
433(E1),C,H,-1.419,0.2356,2,4
433(E1),C,I,-1.929,1.026,3.5,4
433(E1),C,K,-1.278,0.6706,1.5,4
433(E1),C,L,-1.175,0.3823,5,4
433(E1),C,M,-1.883,0.4578,3.5,4
433(E1),C,N,-1.172,0.63,4.75,4
433(E1),C,P,-1.561,0.2407,4,4
433(E1),C,Q,-1.384,0.8218,3.5,4
433(E1),C,R,-0.9278,0.7863,8,4
433(E1),C,S,-0.5312,0.3045,6,4
433(E1),C,T,-1.745,1.29,4,4
433(E1),C,V,-0.8339,0.4408,3.5,4
433(E1),C,W,-2.205,0.2343,3.5,4
433(E1),C,Y,-0.6956,0.4144,16.5,4
434(E1),V,A,-0.01757,0.02179,9.5,4
434(E1),V,C,-0.4651,0.3012,4.5,4
434(E1),V,D,-0.5247,0.5282,3,4
434(E1),V,E,-0.536,0.3717,7,4
434(E1),V,F,-0.03385,0.09754,8,4
434(E1),V,G,-0.05815,0.3965,3.5,4
434(E1),V,H,0.197,0.2752,5.5,4
434(E1),V,I,0.1059,0.154,6.5,4
434(E1),V,K,0.14,0.04674,2.5,2
434(E1),V,L,0.06441,0.0817,9.5,4
434(E1),V,M,-0.01535,0.07547,20,4
434(E1),V,N,0.1979,0.02355,2,4
434(E1),V,P,-0.4553,0.4638,6.25,4
434(E1),V,Q,0.2486,0.03071,4.5,4
434(E1),V,R,0.1139,0.1201,3,4
434(E1),V,S,-0.159,0.3259,7.5,4
434(E1),V,T,-0.2973,0.2816,6.5,4
434(E1),V,V,0,0,,4
434(E1),V,W,0.1976,0.06398,2,4
434(E1),V,Y,-0.6147,0.8065,4,4
435(E1),S,A,0.2898,0.01965,4,2
435(E1),S,C,-0.5189,0.6273,3,4
435(E1),S,D,-0.6536,0.8494,2,4
435(E1),S,E,-0.5922,0.1453,4,4
435(E1),S,F,-1.259,1.212,6.5,4
435(E1),S,G,0.1395,0.1111,3.5,4
435(E1),S,H,-1.226,0.062,1.5,2
435(E1),S,I,-0.9935,0.4146,4,4
435(E1),S,K,-2.46,0.6621,3,4
435(E1),S,L,-0.9358,0.8252,5,4
435(E1),S,M,-1.034,0.4975,1.5,4
435(E1),S,N,0.2543,0.02727,3.5,4
435(E1),S,P,0.1463,0.0732,11.5,4
435(E1),S,Q,-0.1672,0.1097,5,4
435(E1),S,R,-1.196,0.9147,4.5,4
435(E1),S,S,0,0,,4
435(E1),S,T,0.000866,0.09085,4.5,4
435(E1),S,V,-0.5814,0.5186,4.5,4
435(E1),S,W,-0.3226,0.2781,6,4
435(E1),S,Y,-0.488,0.2294,7.5,4
436(E1),F,A,-0.496,0.5661,4,4
436(E1),F,C,-0.0498,0.4051,4.5,4
436(E1),F,D,-0.6786,0.09193,2,4
436(E1),F,E,-0.5412,0.5533,4.5,4
436(E1),F,F,0,0,,4
436(E1),F,G,0.1852,0.07601,6.5,4
436(E1),F,H,0.19,0.04729,4.5,4
436(E1),F,I,-0.1638,0.2254,9,4
436(E1),F,K,0.08794,0.2297,4,4
436(E1),F,L,-0.1571,0.09119,13.5,4
436(E1),F,M,-0.3866,0.551,6.5,4
436(E1),F,N,0.0742,0.1668,5.5,4
436(E1),F,P,0.1316,0.07625,3.5,4
436(E1),F,Q,0.2187,0.05341,5.25,4
436(E1),F,R,0.03356,0.172,1,4
436(E1),F,S,0.0065,0.2689,15.75,4
436(E1),F,T,0.07096,0.06647,7,4
436(E1),F,V,0.04912,0.1356,11.5,4
436(E1),F,W,0.184,0.1338,3,4
436(E1),F,Y,-1.12,0.3707,2,4
437(E1),S,-,0.02491,0.01053,0.5,2
437(E1),S,A,-0.1951,0.4073,4.5,4
437(E1),S,C,-1.203,1.228,4.75,4
437(E1),S,D,-0.08646,0.01634,1,2
437(E1),S,E,-0.3054,0.3885,6.5,4
437(E1),S,F,-0.3267,0.2645,4,4
437(E1),S,G,0.1719,0.0109,7.5,4
437(E1),S,H,-0.07925,0.1977,4,4
437(E1),S,I,-0.3149,0.02487,4.5,4
437(E1),S,K,0.2144,0.04825,3.5,4
437(E1),S,L,-0.121,0.1634,4,4
437(E1),S,M,-0.1988,0.2701,5,4
437(E1),S,N,0.1185,0.0802,11.5,4
437(E1),S,P,-0.06691,0.1864,8,4
437(E1),S,Q,-0.1778,0.4727,7,4
437(E1),S,R,0.101,0.04409,12.5,4
437(E1),S,S,0,0,,4
437(E1),S,T,-0.4389,0.3618,4.5,4
437(E1),S,V,-0.3937,0.05585,9.5,4
437(E1),S,W,-1.89,1.316,4,4
437(E1),S,Y,-1.007,1.522,2.5,4
438(E1),R,A,-0.8892,0.5296,5,4
438(E1),R,C,-1.859,0.3304,2.5,4
438(E1),R,D,-1.769,0.3497,5,4
438(E1),R,E,-0.7895,0.629,2.5,4
438(E1),R,F,-1.168,0.1167,8,4
438(E1),R,G,-0.5846,0.3594,3,4
438(E1),R,H,-0.1533,0.6664,3.5,4
438(E1),R,I,-1.34,0.2235,5.5,4
438(E1),R,K,0.04687,0.1916,7,4
438(E1),R,L,-0.9217,0.2953,10.25,4
438(E1),R,M,-1.174,0.2873,4,4
438(E1),R,N,0.07445,0.1695,4.5,4
438(E1),R,P,-1.378,1.601,2.5,4
438(E1),R,Q,-0.5516,0.2516,17,4
438(E1),R,R,0,0,,4
438(E1),R,S,-0.9596,0.1276,5.5,4
438(E1),R,T,-0.8475,0.4091,4,4
438(E1),R,V,-2.266,0.7799,3.5,4
438(E1),R,W,-0.9925,0.1961,10.25,4
438(E1),R,Y,-0.4722,0.6967,4,4
439(E1),H,A,-0.1361,0.3266,3,4
439(E1),H,C,-0.3432,0.3481,6,4
439(E1),H,D,-1.418,0.7452,4.5,4
439(E1),H,E,-0.8496,0.3702,4.5,4
439(E1),H,F,-0.671,0.5918,4.5,4
439(E1),H,G,-0.5218,0.7583,6,4
439(E1),H,H,0,0,,4
439(E1),H,I,-0.9638,0.2877,4,4
439(E1),H,K,-0.04685,0.2552,3.5,4
439(E1),H,L,-0.714,0.5303,7.5,4
439(E1),H,M,-0.03163,0.1189,2.5,4
439(E1),H,N,-0.02842,0.05172,11.5,4
439(E1),H,P,-0.3832,0.09288,7.5,4
439(E1),H,Q,-0.1691,0.09301,9,4
439(E1),H,R,0.1845,0.07269,6,4
439(E1),H,S,-0.8666,0.4931,5.25,4
439(E1),H,T,-0.399,0.7597,5.5,4
439(E1),H,V,-0.9157,0.7214,2,4
439(E1),H,W,-0.2082,0.2227,5,4
439(E1),H,Y,-0.8701,0.3561,15,4
44(6K),K,A,-0.1852,0.1582,11.5,4
44(6K),K,C,-0.4449,0.362,9,4
44(6K),K,D,-0.3119,0.08464,8,4
44(6K),K,E,0.08038,0.06432,10,4
44(6K),K,F,-0.2332,0.1379,10,4
44(6K),K,G,-0.2623,0.1927,9.75,4
44(6K),K,H,-0.09418,0.008725,11.5,4
44(6K),K,I,-0.3423,0.2352,14.5,4
44(6K),K,K,0,0,,4
44(6K),K,L,0.06702,0.05399,12,4
44(6K),K,M,-0.1519,0.2156,3.5,4
44(6K),K,N,0.04317,0.1132,14,4
44(6K),K,P,-0.1757,0.1103,11,4
44(6K),K,Q,-0.1462,0.05262,10.5,4
44(6K),K,R,0.0471,0.1847,6.5,4
44(6K),K,S,-0.1075,0.1977,14,4
44(6K),K,T,-0.1429,0.1851,9,4
44(6K),K,V,-0.5012,0.5713,13,4
44(6K),K,W,-0.6483,0.2489,9,4
44(6K),K,Y,0.08414,0.3048,6.5,4
44(E1),L,A,-0.8833,0.8321,6,4
44(E1),L,C,-2.258,0.5746,6.5,4
44(E1),L,D,-7.544,0,8.5,4
44(E1),L,E,-2.386,0.7415,6.5,4
44(E1),L,F,-4.127,0.2238,8,4
44(E1),L,G,-6.687,0,6,4
44(E1),L,H,-0.9971,0.1972,7.5,4
44(E1),L,I,-0.3248,0.2669,6,4
44(E1),L,K,-2.245,0.2652,5.5,4
44(E1),L,L,0,0,,4
44(E1),L,M,-0.5964,0.5021,15,4
44(E1),L,N,-5.11,0,4,4
44(E1),L,P,-7.351,0,17,4
44(E1),L,Q,-0.6922,0.114,9,4
44(E1),L,R,-2.046,0.2305,3.75,4
44(E1),L,S,-3.011,0.2862,9.5,4
44(E1),L,T,-2.582,0.5372,7,4
44(E1),L,V,-1.804,0.653,5.5,4
44(E1),L,W,-4.196,0,13,4
44(E1),L,Y,-6.585,0,6.5,4
44(E2),G,A,-2.006,0.4858,6.5,4
44(E2),G,C,-7.318,0,14.5,4
44(E2),G,D,-7.457,0,30,4
44(E2),G,E,-6.97,0,7,4
44(E2),G,F,-7.626,0,7,4
44(E2),G,G,0,0,,4
44(E2),G,H,-4.503,0.2122,5.5,4
44(E2),G,I,-7.576,0,9,4
44(E2),G,K,-7.203,0,7,4
44(E2),G,L,-7.188,0,5.5,4
44(E2),G,M,-6.652,0,10,4
44(E2),G,N,-3.195,0.09847,9,4
44(E2),G,P,-7.427,0,9,4
44(E2),G,Q,-3.562,0.5512,5.5,4
44(E2),G,R,-6.339,0,4.5,4
44(E2),G,S,-2.256,0.251,13,4
44(E2),G,T,-4.281,0,6.5,4
44(E2),G,V,-7.535,0,14,4
44(E2),G,W,-7.444,0,4.5,4
44(E2),G,Y,-6.758,1.067,7,4
44(E3),S,-,0.05115,0.00366,1,2
44(E3),S,A,-0.2656,0.1457,8,4
44(E3),S,C,-0.459,0.4684,10,4
44(E3),S,D,-0.2154,0.1683,9,4
44(E3),S,E,0.266,0.1337,4.5,4
44(E3),S,F,0.03325,0.2783,12,4
44(E3),S,G,0.1789,0.09985,22,4
44(E3),S,H,-0.4458,0.4487,10,4
44(E3),S,I,-0.4083,0.05578,16.5,4
44(E3),S,K,-0.3542,0.2356,6,4
44(E3),S,L,0.04145,0.2503,8.5,4
44(E3),S,M,0.2539,0.342,7,4
44(E3),S,N,-0.1753,0.2694,18.5,4
44(E3),S,P,-2.141,0.2576,11,4
44(E3),S,Q,0.1845,0.2022,8,4
44(E3),S,R,0.2527,0.1105,9.5,4
44(E3),S,S,0,0,,4
44(E3),S,T,0.3306,0.1238,4.5,4
44(E3),S,V,-0.0385,0.3146,11,4
44(E3),S,W,-1.01,0.772,4.5,4
44(E3),S,Y,-0.1524,0.1524,5.5,4
440(E1),*,*,0,0,,4
440(E1),*,K,-0.0951,0.2627,1.25,4
440(E1),*,Q,-3.159,1.343,3,4
440(E1),*,W,0.0095,0.0907,1,2
440(E1),*,Y,-1.591,0.5839,4.5,4
45(6K),T,-,-0.3788,0.1962,1,4
45(6K),T,A,-0.1311,0.1093,9.5,4
45(6K),T,C,0.1712,0.02527,5,4
45(6K),T,D,0.1491,0.03722,7.5,4
45(6K),T,E,0.08815,0.09741,7.5,4
45(6K),T,F,0.0669,0.1044,8.5,4
45(6K),T,G,-0.1072,0.09859,8.5,4
45(6K),T,H,0.0727,0.2818,6.5,4
45(6K),T,I,0.04178,0.1639,12.5,4
45(6K),T,K,-0.09965,0.3207,8,4
45(6K),T,L,-0.1295,0.6818,4,4
45(6K),T,M,0.0147,0.1994,7.5,4
45(6K),T,N,-0.1539,0.274,7,4
45(6K),T,P,-0.06974,0.2385,13.5,4
45(6K),T,Q,-2.277,1.962,3.25,4
45(6K),T,R,0.2195,0.04904,7,4
45(6K),T,S,-0.08555,0.3404,7.5,4
45(6K),T,T,0,0,,4
45(6K),T,V,0.09098,0.08601,9.5,4
45(6K),T,W,0.0326,0.2128,8.5,4
45(6K),T,Y,-0.05592,0.2576,8.5,4
45(E1),D,-,-0.09165,0.00529,0.5,2
45(E1),D,A,-0.0807,0.3617,11,4
45(E1),D,C,-3.306,0.153,14,4
45(E1),D,D,0,0,,4
45(E1),D,E,-0.05488,1.735,12,4
45(E1),D,F,-7.581,0,13.5,4
45(E1),D,G,-5.269,0,10.5,4
45(E1),D,H,-2.984,0.1411,16.5,4
45(E1),D,I,-0.0225,0.2031,12.5,4
45(E1),D,K,-4.393,0,11.5,4
45(E1),D,L,-4.498,0,16,4
45(E1),D,M,-1.027,0.2484,10,4
45(E1),D,N,-1.357,0.1837,22,4
45(E1),D,P,-7.189,0,9.5,4
45(E1),D,Q,0.0188,0.3007,13,4
45(E1),D,R,-4.596,0.1225,6.5,4
45(E1),D,S,-0.07837,0.03602,9.5,4
45(E1),D,T,-0.4475,0.1619,11.5,4
45(E1),D,V,-0.4463,0.2845,13.5,4
45(E1),D,W,-7.593,0,7.5,4
45(E1),D,Y,-6.958,0,19.5,4
45(E2),T,A,-1.468,0.4543,7,4
45(E2),T,C,-1.618,0.2905,4.5,4
45(E2),T,D,-7.628,0,8,4
45(E2),T,E,-5.075,0,7,4
45(E2),T,F,-7.536,0,8,4
45(E2),T,G,-0.4208,0.2939,5,4
45(E2),T,H,-2.79,0.6844,4.5,4
45(E2),T,I,-1.473,0.1973,15.5,4
45(E2),T,K,-3.534,0.4744,6,4
45(E2),T,L,-1.21,0.2427,6.5,4
45(E2),T,M,-0.1371,0.2341,6,4
45(E2),T,N,-7.152,0,5.5,4
45(E2),T,P,-7.556,0,8,4
45(E2),T,Q,-1.886,0.2911,5.5,4
45(E2),T,R,-7.168,0,3,4
45(E2),T,S,0.3155,0.1126,5.5,4
45(E2),T,T,0,0,,4
45(E2),T,V,-1.336,0.488,3.5,4
45(E2),T,W,-7.531,0,8,4
45(E2),T,Y,-6.784,0,5,4
45(E3),P,A,-0.1448,0.4145,8.5,4
45(E3),P,C,-0.07684,0.1722,6,4
45(E3),P,D,-0.0444,0.4944,7.5,4
45(E3),P,E,0.1669,0.1813,9,4
45(E3),P,F,0.05718,0.06555,11,4
45(E3),P,G,0.03719,0.1054,3.5,4
45(E3),P,H,0.08535,0.1552,13,4
45(E3),P,I,-0.4735,0.9527,4,4
45(E3),P,K,0.2416,0.07474,7,4
45(E3),P,L,-0.3735,0.2445,15,4
45(E3),P,M,0.1681,0.1586,6.25,4
45(E3),P,N,-0.07888,0.06279,5,4
45(E3),P,P,0,0,,4
45(E3),P,Q,-0.2404,0.1438,5.75,4
45(E3),P,R,-0.0553,0.3498,10,4
45(E3),P,S,-0.7021,0.178,5,4
45(E3),P,T,0.07725,0.264,8.5,4
45(E3),P,V,0.4779,0.1708,3.5,4
45(E3),P,W,-0.7358,0.2819,6,4
45(E3),P,Y,-0.0063,0.1519,9,4
46(6K),L,-,-3.153,1.625,2,4
46(6K),L,A,-0.4725,0.4643,8.5,4
46(6K),L,C,0.09962,0.0772,9,4
46(6K),L,D,-1.508,0.5539,8.75,4
46(6K),L,E,-0.2376,0.2638,8,4
46(6K),L,F,0.03026,0.07073,13,4
46(6K),L,G,-0.01985,0.2184,13.5,4
46(6K),L,H,-0.01565,0.2682,7.5,4
46(6K),L,I,0.1037,0.1758,9,4
46(6K),L,K,0.01084,0.2155,9.75,4
46(6K),L,L,0,0,,4
46(6K),L,M,-0.1098,0.09167,11.25,4
46(6K),L,N,-0.434,0.2448,10.5,4
46(6K),L,P,-0.1716,0.2522,20.75,4
46(6K),L,Q,0.02122,0.05891,4.5,4
46(6K),L,R,-0.5619,0.1804,12,4
46(6K),L,S,0.0936,0.3699,9,4
46(6K),L,T,0.01747,0.1559,8,4
46(6K),L,V,0.02654,0.248,9.5,4
46(6K),L,W,0.1618,0.03697,9.5,4
46(6K),L,Y,-0.2727,0.2595,7.5,4
46(E1),Y,*,-7.652,0,6,4
46(E1),Y,-,-3.372,1.76,2.5,4
46(E1),Y,A,-7.56,0,14,4
46(E1),Y,C,-7.398,0,11,4
46(E1),Y,D,-7.576,0,15,4
46(E1),Y,E,-7.486,0,10,4
46(E1),Y,F,-1.382,0.3638,10.25,4
46(E1),Y,G,-7.591,0,13.5,4
46(E1),Y,H,-7.58,0,13.5,4
46(E1),Y,I,-7.656,0,12,4
46(E1),Y,K,-7.582,0,9.5,4
46(E1),Y,L,-7.39,0,13,4
46(E1),Y,M,-7.514,0,10.5,4
46(E1),Y,N,-7.505,0,8,4
46(E1),Y,P,-7.604,0,15.5,4
46(E1),Y,Q,-7.407,0,6.25,4
46(E1),Y,R,-7.601,0,11.5,4
46(E1),Y,S,-7.566,0,11,4
46(E1),Y,T,-7.689,0,13,4
46(E1),Y,V,-7.601,0,12,4
46(E1),Y,W,-0.1236,0.1735,9,4
46(E1),Y,Y,0,0,,4
46(E2),L,-,-0.951,0.21,0.5,2
46(E2),L,A,-7.427,0,4,4
46(E2),L,C,-6.993,0,7.5,4
46(E2),L,D,-7.483,0,6,4
46(E2),L,E,-7.663,0,4.5,4
46(E2),L,F,-7.218,0,5.5,4
46(E2),L,G,-7.585,0,3,4
46(E2),L,H,-7.533,0,6,4
46(E2),L,I,-1.421,0.2598,5,4
46(E2),L,K,-7.298,0,8.5,4
46(E2),L,L,0,0,,4
46(E2),L,M,-1.159,0.1741,12,4
46(E2),L,N,-7.518,0,7.5,4
46(E2),L,P,-7.486,0,18.5,4
46(E2),L,Q,-7.441,0,10,4
46(E2),L,R,-7.615,0,9.5,4
46(E2),L,S,-7.639,0,15,4
46(E2),L,T,-7.216,0,6,4
46(E2),L,V,-1.417,0.1772,5,4
46(E2),L,W,-7.64,0,10.5,4
46(E2),L,Y,-7.562,0,8,4
46(E3),G,A,-0.5436,0.1308,8,4
46(E3),G,C,-0.7073,0.1066,13.5,4
46(E3),G,D,-0.3621,0.1871,19.5,4
46(E3),G,E,-0.2156,0.2461,8,4
46(E3),G,F,-0.0013,0.3661,7.5,4
46(E3),G,G,0,0,,4
46(E3),G,H,0.02063,0.1005,10.25,4
46(E3),G,I,-0.9919,0.06025,14.5,4
46(E3),G,K,-1.016,0.7226,5,4
46(E3),G,L,-0.1866,0.2841,12.75,4
46(E3),G,M,-0.5448,0.1476,6.5,4
46(E3),G,N,0.1512,0.1598,14,4
46(E3),G,P,-1.306,0.1207,8.5,4
46(E3),G,Q,-0.1092,0.0639,10.5,4
46(E3),G,R,-0.01043,0.07751,7.5,4
46(E3),G,S,-0.275,0.09288,17.5,4
46(E3),G,T,-1.219,0.2566,8.5,4
46(E3),G,V,-0.9207,1.232,6.5,4
46(E3),G,W,0.1443,0.06523,9.5,4
46(E3),G,Y,-0.2754,0.1026,13.5,4
47(6K),T,-,-0.1967,0.09039,1,4
47(6K),T,A,0.07586,0.1023,7.5,4
47(6K),T,C,-0.086,0.4806,8,4
47(6K),T,D,-0.6262,0.02414,8.5,4
47(6K),T,E,-0.1191,0.09213,8.5,4
47(6K),T,F,0.1718,0.03772,6.25,4
47(6K),T,G,-0.1658,0.1211,8.5,4
47(6K),T,H,-0.1472,0.2313,9,4
47(6K),T,I,-0.1974,0.3181,15,4
47(6K),T,K,-0.1462,0.1792,8.5,4
47(6K),T,L,-0.03621,0.1405,8,4
47(6K),T,M,-0.2109,0.1096,8.25,4
47(6K),T,N,-0.1245,0.1084,4.5,4
47(6K),T,P,-0.3816,0.2002,11.5,4
47(6K),T,Q,-0.5815,0.4835,6.5,4
47(6K),T,R,-0.3992,0.2843,7.5,4
47(6K),T,S,-0.1187,0.1475,9,4
47(6K),T,T,0,0,,4
47(6K),T,V,0.02595,0.2097,5.5,4
47(6K),T,W,0.07489,0.3274,9,4
47(6K),T,Y,-0.1923,0.2018,7.25,4
47(E1),I,-,-0.3968,0.4297,2,4
47(E1),I,A,-2.708,0.2066,15.5,4
47(E1),I,C,-4.396,0,12.5,4
47(E1),I,D,-6.941,0,10.5,4
47(E1),I,E,-4.556,0,10.5,4
47(E1),I,F,-2.037,0.2957,8.5,4
47(E1),I,G,-7.663,0,12,4
47(E1),I,H,-2.675,0.7929,8,4
47(E1),I,I,0,0,,4
47(E1),I,K,-7.383,0,12,4
47(E1),I,L,-3.694,0.1772,11.5,4
47(E1),I,M,-1.456,0.08184,12.5,4
47(E1),I,N,-3.258,0.3202,17,4
47(E1),I,P,-7.54,0,17,4
47(E1),I,Q,-3.306,0.4461,9.5,4
47(E1),I,R,-5.295,0,9.5,4
47(E1),I,S,-2.966,0.602,7,4
47(E1),I,T,-1.331,0.7806,10,4
47(E1),I,V,-0.3182,0.2146,13.75,4
47(E1),I,W,-7.554,0,7.5,4
47(E1),I,Y,-1.839,0.2337,9.5,4
47(E2),K,-,-1.973,0.314,0.5,2
47(E2),K,A,-7.403,0,7.5,4
47(E2),K,C,-6.735,0,7,4
47(E2),K,D,-7.422,0,5.5,4
47(E2),K,E,-7.548,0,11,4
47(E2),K,F,-4.501,0.01689,6.5,4
47(E2),K,G,-7.37,0,5.5,4
47(E2),K,H,-0.1074,0.2097,5.5,4
47(E2),K,I,-7.518,0,12.5,4
47(E2),K,K,0,0,,4
47(E2),K,L,-2.247,0.3002,10.25,4
47(E2),K,M,-2.54,0.2466,8.5,4
47(E2),K,N,-3.028,0.6651,14,4
47(E2),K,P,-7.458,0,12,4
47(E2),K,Q,-4.418,0.1676,10.5,4
47(E2),K,R,-4.522,0,7.5,4
47(E2),K,S,-4.465,0.1433,6.5,4
47(E2),K,T,-7.436,0,5.5,4
47(E2),K,V,-7.122,0,8,4
47(E2),K,W,-2.845,0.2,6.5,4
47(E2),K,Y,-7.373,0,8.5,4
47(E3),Y,*,-7.463,0,3,4
47(E3),Y,-,-2.143,0.282,0.5,2
47(E3),Y,A,-3.052,0.7346,6,4
47(E3),Y,C,-5.964,0,6.5,4
47(E3),Y,D,-7.553,0,9.5,4
47(E3),Y,E,-7.361,0,10,4
47(E3),Y,F,-0.3672,0.4942,10.5,4
47(E3),Y,G,-5.498,0,7,4
47(E3),Y,H,-3.591,0.4181,15.5,4
47(E3),Y,I,-4.479,0.4577,2.5,4
47(E3),Y,K,-5.748,0,6.5,4
47(E3),Y,L,-4.877,0.3481,8.25,4
47(E3),Y,M,-7.098,0,8,4
47(E3),Y,N,-4.267,0.131,11.75,4
47(E3),Y,P,-7.611,0,13.5,4
47(E3),Y,Q,-6.796,0,8,4
47(E3),Y,R,-3.536,0.5034,7.5,4
47(E3),Y,S,-6.287,0,13,4
47(E3),Y,T,-6.841,0,7.5,4
47(E3),Y,V,-4.688,0.2052,11.5,4
47(E3),Y,W,-1.923,0.093,7.5,4
47(E3),Y,Y,0,0,,4
48(6K),F,-,-0.7175,0.2107,1,4
48(6K),F,A,-0.4888,0.6126,6,4
48(6K),F,C,0.0845,0.1386,8,4
48(6K),F,D,-4.843,0,9,4
48(6K),F,E,-2.682,0.3856,7.5,4
48(6K),F,F,0,0,,4
48(6K),F,G,-0.3434,0.6236,6,4
48(6K),F,H,-0.41,0.3561,5.5,4
48(6K),F,I,0.07737,0.09283,11,4
48(6K),F,K,-1.967,1.291,6,4
48(6K),F,L,0.09244,0.1151,12,4
48(6K),F,M,-0.3595,0.03755,3.5,4
48(6K),F,N,-1.512,0.7086,6.5,4
48(6K),F,P,-0.5872,0.1673,8,4
48(6K),F,Q,-0.2974,0.2389,8.5,4
48(6K),F,R,-0.989,0.5699,10,4
48(6K),F,S,-0.1971,0.1954,12.5,4
48(6K),F,T,-0.0516,0.2358,5.5,4
48(6K),F,V,0.1555,0.04043,12.25,4
48(6K),F,W,-0.391,0.02254,6.5,4
48(6K),F,Y,0.217,0.07746,5.25,4
48(E1),T,-,-0.1282,0.05813,2,4
48(E1),T,A,-1.978,0.2292,9.5,4
48(E1),T,C,-5.726,0,9.5,4
48(E1),T,D,-7.527,0,15.5,4
48(E1),T,E,-7.418,0,11.75,4
48(E1),T,F,-7.552,0,18.5,4
48(E1),T,G,-7.534,0,11,4
48(E1),T,H,-7.559,0,11,4
48(E1),T,I,-7.565,0,19.5,4
48(E1),T,K,-7.576,0,17.5,4
48(E1),T,L,-7.524,0,7.5,4
48(E1),T,M,-7.493,0,10.5,4
48(E1),T,N,-7.647,0,12,4
48(E1),T,P,-7.578,0,16.5,4
48(E1),T,Q,-7.641,0,9,4
48(E1),T,R,-7.675,0,13.5,4
48(E1),T,S,-1.035,0.4713,12.5,4
48(E1),T,T,0,0,,4
48(E1),T,V,-1.929,0.3167,13,4
48(E1),T,W,-7.687,0,13.5,4
48(E1),T,Y,-7.592,0,10,4
48(E2),I,-,-0.8738,0.1983,0.5,2
48(E2),I,A,-7.07,0,10,4
48(E2),I,C,-7.34,0,7.5,4
48(E2),I,D,-7.601,0,6.75,4
48(E2),I,E,-7.562,0,11,4
48(E2),I,F,-7.457,0,8.5,4
48(E2),I,G,-7.616,0,9,4
48(E2),I,H,-7.632,0,3.5,4
48(E2),I,I,0,0,,4
48(E2),I,K,-7.601,0,10,4
48(E2),I,L,-0.3922,0.2074,8,4
48(E2),I,M,-2.28,0.6724,2.5,4
48(E2),I,N,-7.346,0,7,4
48(E2),I,P,-7.48,0,8,4
48(E2),I,Q,-7.594,0,8,4
48(E2),I,R,-7.458,0,10.5,4
48(E2),I,S,-7.081,0,10,4
48(E2),I,T,-7.604,0,6.5,4
48(E2),I,V,-0.1027,0.2026,9,4
48(E2),I,W,-7.639,0,7,4
48(E2),I,Y,-7.565,0,6,4
48(E3),Y,*,-7.601,0,2.5,4
48(E3),Y,A,-1.182,0.229,9,4
48(E3),Y,C,-2.122,0.5163,11.5,4
48(E3),Y,D,-0.3111,0.1127,11,4
48(E3),Y,E,-0.433,0.2963,9,4
48(E3),Y,G,-1.768,0.4324,6,4
48(E3),Y,H,-0.5251,0.3936,12.5,4
48(E3),Y,I,-2.535,0.6974,10.5,4
48(E3),Y,K,-2.561,0.6965,3.5,4
48(E3),Y,L,-1.93,0.4832,11.5,4
48(E3),Y,M,-1.836,0.05737,6,4
48(E3),Y,N,-0.5177,0.7372,8.5,4
48(E3),Y,P,-2.054,0.7078,10,4
48(E3),Y,Q,-1.792,0.7541,7.5,4
48(E3),Y,R,-1.817,0.612,8.5,4
48(E3),Y,S,-1.5,0.233,8.5,4
48(E3),Y,T,-1.233,0.08125,10,4
48(E3),Y,V,-1.6,0.1892,8,4
48(E3),Y,W,0.1718,0.1621,7,4
48(E3),Y,Y,0,0,,4
49(6K),L,-,-0.09241,0.005405,0.5,2
49(6K),L,A,-0.04732,0.1346,9.5,4
49(6K),L,C,0.01888,0.1018,5,4
49(6K),L,D,-7.393,0,7.5,4
49(6K),L,E,-5.185,0,11.5,4
49(6K),L,F,0.1437,0.07945,9,4
49(6K),L,G,0.001255,0.0831,8.5,4
49(6K),L,H,-1.558,0.5505,8,4
49(6K),L,I,0.1149,0.03979,6.5,4
49(6K),L,K,-6.819,0,9,4
49(6K),L,L,0,0,,4
49(6K),L,M,-0.4119,0.2217,9,4
49(6K),L,N,-1.915,0.3178,9,4
49(6K),L,P,-3.461,0.2409,12,4
49(6K),L,Q,-1.256,0.1072,5.5,4
49(6K),L,R,-7.426,0,8,4
49(6K),L,S,-0.3616,0.6432,8.5,4
49(6K),L,T,0.1533,0.04484,8,4
49(6K),L,V,-0.4487,0.6482,5.5,4
49(6K),L,W,-0.1999,0.201,8.5,4
49(6K),L,Y,-0.2648,0.1188,6,4
49(E1),C,*,-7.182,0,9,4
49(E1),C,-,-0.2113,0.1028,2.5,4
49(E1),C,A,-7.597,0,7.5,4
49(E1),C,C,0,0,,4
49(E1),C,D,-7.609,0,9,4
49(E1),C,E,-7.451,0,7,4
49(E1),C,F,-7.572,0,17.5,4
49(E1),C,G,-7.502,0,11,4
49(E1),C,H,-7.349,0,13.5,4
49(E1),C,I,-7.591,0,11,4
49(E1),C,K,-7.659,0,10.25,4
49(E1),C,L,-7.603,0,18.5,4
49(E1),C,M,-7.452,0,11,4
49(E1),C,N,-7.435,0,7.5,4
49(E1),C,P,-7.538,0,10,4
49(E1),C,Q,-7.675,0,12.5,4
49(E1),C,R,-7.623,0,18,4
49(E1),C,S,-7.622,0,14.25,4
49(E1),C,T,-7.503,0,9,4
49(E1),C,V,-7.565,0,13,4
49(E1),C,W,-7.58,0,12,4
49(E1),C,Y,-7.649,0,20.5,4
49(E2),Q,*,-7.422,0,9,4
49(E2),Q,-,-1.934,0.5305,1,2
49(E2),Q,A,-7.072,0,9.5,4
49(E2),Q,C,-7.601,0,6.75,4
49(E2),Q,D,-7.598,0,8,4
49(E2),Q,E,-7.604,0,5.5,4
49(E2),Q,F,-1.292,0.2363,10,4
49(E2),Q,G,-7.322,0,5.5,4
49(E2),Q,H,-2.421,0.2607,17,4
49(E2),Q,I,-7.458,0,10,4
49(E2),Q,K,-7.434,0,15,4
49(E2),Q,L,-6.188,0,11.5,4
49(E2),Q,M,0.4478,0.1148,4,4
49(E2),Q,N,-7.66,0,6.5,4
49(E2),Q,P,-7.313,0,9,4
49(E2),Q,Q,0,0,,4
49(E2),Q,R,-5.827,0,18.5,4
49(E2),Q,S,-7.413,0,6.5,4
49(E2),Q,T,-7.489,0,4.5,4
49(E2),Q,V,-7.439,0,8.5,4
49(E2),Q,W,-6.954,0,8.5,4
49(E2),Q,Y,-7.329,0,6.5,4
49(E3),Q,*,-7.456,0,5.5,4
49(E3),Q,A,-0.4823,0.5324,11.5,4
49(E3),Q,C,-0.00871,0.09838,10.5,4
49(E3),Q,D,0.09115,0.5193,7.5,4
49(E3),Q,E,-0.3145,0.2011,7.75,4
49(E3),Q,F,-0.2465,0.1608,9.5,4
49(E3),Q,G,-0.2738,0.1843,6.5,4
49(E3),Q,H,0.06509,0.04269,10.5,4
49(E3),Q,I,0.2954,0.08193,6,4
49(E3),Q,K,0.01976,0.1859,9.5,4
49(E3),Q,L,-0.1293,0.1983,7,4
49(E3),Q,M,0.1601,0.1655,8,4
49(E3),Q,N,0.1311,0.1068,8,4
49(E3),Q,P,0.2282,0.1466,13,4
49(E3),Q,Q,0,0,,4
49(E3),Q,R,-0.05768,0.04638,11,4
49(E3),Q,S,0.06324,0.1235,10.5,4
49(E3),Q,T,0.1147,0.1806,11.5,4
49(E3),Q,V,0.05885,0.3186,12.5,4
49(E3),Q,W,0.0004105,0.1109,7.5,4
49(E3),Q,Y,0.1736,0.1768,8.5,4
5(6K),E,*,-7.568,0,3.5,4
5(6K),E,-,-0.2872,0.209,1.5,4
5(6K),E,A,-0.2061,0.2398,8,4
5(6K),E,C,-0.0787,0.2734,10,4
5(6K),E,D,0.09207,0.05877,10.5,4
5(6K),E,E,0,0,,4
5(6K),E,F,-1.026,0.2714,10.5,4
5(6K),E,G,-0.4344,0.3274,11.5,4
5(6K),E,H,0.1658,0.05012,11.5,4
5(6K),E,I,-0.5927,0.241,10.5,4
5(6K),E,K,-0.4459,0.3896,19,4
5(6K),E,L,-1.107,0.2401,9,4
5(6K),E,M,-0.2851,0.1759,13,4
5(6K),E,N,-0.08223,0.1237,9.5,4
5(6K),E,P,-0.3076,0.3462,14,4
5(6K),E,Q,-0.1121,0.0971,11.5,4
5(6K),E,R,-0.6453,0.08876,9,4
5(6K),E,S,-0.02961,0.1904,12,4
5(6K),E,T,-0.06229,0.1378,9.5,4
5(6K),E,V,-0.1801,0.1425,7.75,4
5(6K),E,W,-1.714,0.235,11,4
5(6K),E,Y,-0.2648,0.192,4.5,4
5(E1),T,-,-0.1444,0.0306,1,2
5(E1),T,A,-0.4601,0.4999,10.5,4
5(E1),T,C,-0.2076,0.5358,6,4
5(E1),T,D,-0.9519,0.129,8,4
5(E1),T,E,-1.781,0.223,4.5,4
5(E1),T,F,-0.4882,0.3583,6.5,4
5(E1),T,G,-0.1831,0.4833,4.5,4
5(E1),T,H,-0.6506,0.1906,7,4
5(E1),T,I,-0.8246,0.4926,11,4
5(E1),T,K,-4.934,0,8,4
5(E1),T,L,-0.9566,0.18,9,4
5(E1),T,M,-0.1365,0.3365,8,4
5(E1),T,N,-1.604,0.399,8.5,4
5(E1),T,P,-3.766,0.3772,15,4
5(E1),T,Q,-1.044,0.4104,4,4
5(E1),T,R,-5.059,0,7.5,4
5(E1),T,S,-0.3294,0.5561,5,4
5(E1),T,T,0,0,,4
5(E1),T,V,-0.288,0.5545,3.5,4
5(E1),T,W,-3.492,0.5472,5,4
5(E1),T,Y,-3.697,0.209,6,4
5(E2),N,-,-0.694,0.1647,3,4
5(E2),N,A,0.1899,0.06725,9.5,4
5(E2),N,C,-1.246,0.3537,6.5,4
5(E2),N,D,0.4156,0.1717,7,4
5(E2),N,E,0.1933,0.1667,5.5,4
5(E2),N,F,0.1794,0.09928,9,4
5(E2),N,G,-0.1886,0.634,6,4
5(E2),N,H,0.3989,0.06506,7.5,4
5(E2),N,I,-0.04711,0.1444,9.25,4
5(E2),N,K,-1.338,0.5492,6.75,4
5(E2),N,L,-0.1183,0.08645,11,4
5(E2),N,M,0.1218,0.2055,8,4
5(E2),N,N,0,0,,4
5(E2),N,P,0.1815,0.1668,9,4
5(E2),N,Q,0.3723,0.1181,10.5,4
5(E2),N,R,-1.179,0.8078,4,4
5(E2),N,S,-0.3041,0.1566,10,4
5(E2),N,T,-0.2018,0.1162,10.5,4
5(E2),N,V,0.2053,0.1424,7.5,4
5(E2),N,W,0.2774,0.1871,7,4
5(E2),N,Y,0.2714,0.1764,4,4
5(E3),P,-,-0.1173,0.08185,0.5,2
5(E3),P,A,-0.2283,0.2465,12,4
5(E3),P,C,-0.7863,0.3961,11.5,4
5(E3),P,D,-6.748,0,9.75,4
5(E3),P,E,-3.746,0.9323,9,4
5(E3),P,F,-0.761,0.07635,9,4
5(E3),P,G,-0.756,0.2837,10,4
5(E3),P,H,-0.5345,0.1784,18,4
5(E3),P,I,-0.5079,0.1951,14,4
5(E3),P,K,-1.808,0.5867,9,4
5(E3),P,L,-1.815,0.1428,25.25,4
5(E3),P,M,-1.911,1.103,7,4
5(E3),P,N,-1.115,1.027,8.5,4
5(E3),P,P,0,0,,4
5(E3),P,Q,-2.007,0.3859,14,4
5(E3),P,R,-1.402,0.2132,14,4
5(E3),P,S,-0.1958,0.1449,14,4
5(E3),P,T,0.1028,0.1346,9,4
5(E3),P,V,-1.022,0.2587,10.5,4
5(E3),P,W,-1.821,0.398,12,4
5(E3),P,Y,-0.669,0.3663,7.5,4
50(6K),A,-,-0.2858,0.0019,0.5,2
50(6K),A,A,0,0,,4
50(6K),A,C,0.1592,0.07974,6.5,4
50(6K),A,D,-4.146,0.01102,12.5,4
50(6K),A,E,-0.4438,0.2268,12,4
50(6K),A,F,-0.1005,0.1169,8.5,4
50(6K),A,G,-0.3661,0.511,9,4
50(6K),A,H,0.02153,0.06891,11,4
50(6K),A,I,-0.125,0.09575,9,4
50(6K),A,K,-4.304,0.3708,8.5,4
50(6K),A,L,0.1169,0.1678,11.5,4
50(6K),A,M,0.02868,0.1157,9,4
50(6K),A,N,-0.749,0.1529,10.5,4
50(6K),A,P,-4.925,0,7,4
50(6K),A,Q,-0.6774,0.2881,9.5,4
50(6K),A,R,-4.119,0.3031,8.25,4
50(6K),A,S,-0.03874,0.1033,12,4
50(6K),A,T,0.01622,0.04105,22.75,4
50(6K),A,V,-0.02229,0.07613,39.5,4
50(6K),A,W,0.08802,0.1786,8.5,4
50(6K),A,Y,0.03896,0.02764,9.5,4
50(E1),E,*,-3.977,1.857,2,4
50(E1),E,-,-3.838,1.77,2.5,4
50(E1),E,A,-0.01684,0.06102,9,4
50(E1),E,C,-1.855,0.5376,14.5,4
50(E1),E,D,-2.542,0.9363,9,4
50(E1),E,E,0,0,,4
50(E1),E,F,-1.7,0.1269,13.5,4
50(E1),E,G,-0.7594,0.344,12,4
50(E1),E,H,-0.1889,0.1367,9.5,4
50(E1),E,I,-1.516,0.1282,16,4
50(E1),E,K,-4.821,0.2087,24.5,4
50(E1),E,L,-2.232,0.3582,8.5,4
50(E1),E,M,-0.7941,0.1939,10.5,4
50(E1),E,N,-0.3512,0.4527,10,4
50(E1),E,P,-2.032,0.1756,18,4
50(E1),E,Q,-0.8551,0.5477,11,4
50(E1),E,R,-1.129,0.1331,10.5,4
50(E1),E,S,0.1278,0.1336,11,4
50(E1),E,T,-0.5403,0.1305,9,4
50(E1),E,V,-2.465,0.7103,13,4
50(E1),E,W,-4.498,0,8.75,4
50(E1),E,Y,-1.525,0.305,13,4
50(E2),V,-,-0.2983,0.2572,1.5,2
50(E2),V,A,-1.251,0.3648,5.5,4
50(E2),V,C,-0.7356,0.2575,5.5,4
50(E2),V,D,-7.399,0,7,4
50(E2),V,E,-7.524,0,8.5,4
50(E2),V,F,-6.897,0,6.5,4
50(E2),V,G,-4.276,1.263,4.5,4
50(E2),V,H,-7.23,0,6.5,4
50(E2),V,I,-1.179,0.1222,8.5,4
50(E2),V,K,-7.106,0,6.5,4
50(E2),V,L,-0.9582,0.239,12.5,4
50(E2),V,M,-2.255,0.3441,13,4
50(E2),V,N,-7.59,0,5.5,4
50(E2),V,P,-7.563,0,7.5,4
50(E2),V,Q,-7.364,0,6.5,4
50(E2),V,R,-7.355,0,4,4
50(E2),V,S,-3.215,0.09105,6.75,4
50(E2),V,T,-1.3,0.5683,7,4
50(E2),V,V,0,0,,4
50(E2),V,W,-7.5,0,7,4
50(E2),V,Y,-7.652,0,7,4
50(E3),L,-,-0.2945,0.1136,0.5,2
50(E3),L,A,-1.143,0.06127,10,4
50(E3),L,C,-1.302,0.3686,6.5,4
50(E3),L,D,-3.386,0.6651,8,4
50(E3),L,E,-2.724,0.6347,6,4
50(E3),L,F,-1.049,0.1001,6.5,4
50(E3),L,G,-1.829,0.1836,7,4
50(E3),L,H,-3.433,0.7217,8,4
50(E3),L,I,-0.1847,0.2569,7.5,4
50(E3),L,K,-4.817,0.2927,8,4
50(E3),L,L,0,0,,4
50(E3),L,M,-0.2025,0.1197,10.5,4
50(E3),L,N,-1.106,0.9318,7,4
50(E3),L,P,-7.585,0,10,4
50(E3),L,Q,-2.034,0.4456,8,4
50(E3),L,R,-6.8,0,9,4
50(E3),L,S,-2.226,0.7966,5.5,4
50(E3),L,T,-2.091,0.5459,4,4
50(E3),L,V,-0.74,0.08481,10.5,4
50(E3),L,W,-2.266,0.3939,6,4
50(E3),L,Y,-2.464,0.21,5,4
51(6K),V,-,-0.5179,0.03185,1,2
51(6K),V,A,-0.08045,0.292,22,4
51(6K),V,C,0.1777,0.05651,7,4
51(6K),V,D,-7.606,0,9.5,4
51(6K),V,E,-3.675,0.3626,13,4
51(6K),V,F,0.2024,0.03927,4.5,4
51(6K),V,G,-0.9428,0.1873,9.5,4
51(6K),V,H,-1.283,0.3885,7,4
51(6K),V,I,-0.5905,0.5579,5,4
51(6K),V,K,-7.56,0,11,4
51(6K),V,L,0.02418,0.06659,33.75,4
51(6K),V,M,0.06568,0.1303,29.5,4
51(6K),V,N,-4.609,0.2922,7.5,4
51(6K),V,P,-2.92,0.1094,10,4
51(6K),V,Q,-1.053,0.5282,8.5,4
51(6K),V,R,-7.417,0,10.5,4
51(6K),V,S,-1.653,0.3032,5.5,4
51(6K),V,T,-0.2843,0.3124,9.5,4
51(6K),V,V,0,0,,4
51(6K),V,W,-0.03414,0.1649,8.5,4
51(6K),V,Y,-0.1064,0.08131,5,4
51(E1),Y,*,-7.434,0,3,4
51(E1),Y,-,-0.0966,0.26,1.5,4
51(E1),Y,A,-3.293,0.1385,13,4
51(E1),Y,C,-7.614,0,13.5,4
51(E1),Y,D,-7.478,0,7,4
51(E1),Y,E,-7.603,0,8.5,4
51(E1),Y,F,-1,0.1545,13.5,4
51(E1),Y,G,-3.094,0.3955,10,4
51(E1),Y,H,-3.032,1.011,9,4
51(E1),Y,I,-5.23,0,9,4
51(E1),Y,K,-7.532,0,10,4
51(E1),Y,L,-7.325,0,13,4
51(E1),Y,M,-4.618,0.05196,13.5,4
51(E1),Y,N,-7.646,0,16.5,4
51(E1),Y,P,-2.798,0.5279,8,4
51(E1),Y,Q,-7.313,0,9,4
51(E1),Y,R,-7.345,0,10,4
51(E1),Y,S,-3.186,0.3307,7,4
51(E1),Y,T,-4.792,0.07188,7.5,4
51(E1),Y,V,-6.973,0,12,4
51(E1),Y,W,-4.073,0.03724,9.5,4
51(E1),Y,Y,0,0,,4
51(E2),S,-,0.2952,0.0517,1.5,2
51(E2),S,A,-0.5499,0.2583,2.5,4
51(E2),S,C,-4.957,0,5.5,4
51(E2),S,D,-7.303,0,13.5,4
51(E2),S,E,-7.646,0,9,4
51(E2),S,F,-7.527,0,12.75,4
51(E2),S,G,-0.77,0.9303,3,4
51(E2),S,H,-7.339,0,6.5,4
51(E2),S,I,-7.463,0,7.75,4
51(E2),S,K,-7.48,0,6,4
51(E2),S,L,-7.521,0,10.5,4
51(E2),S,M,-7.488,0,6,4
51(E2),S,N,-7.335,0,7,4
51(E2),S,P,-7.38,0,6,4
51(E2),S,Q,-7.676,0,4,4
51(E2),S,R,-7.377,0,3.5,4
51(E2),S,S,0,0,,4
51(E2),S,T,-0.9647,0.3817,7.5,4
51(E2),S,V,-0.8985,0.3497,5,4
51(E2),S,Y,-7.649,0,8.5,4
51(E3),L,A,-0.5629,0.713,7,4
51(E3),L,C,-0.4796,0.1133,8.5,4
51(E3),L,D,-5.044,0.1793,6,4
51(E3),L,E,0.00145,0.4204,7.5,4
51(E3),L,F,-0.4728,0.1481,11.25,4
51(E3),L,G,-3.748,0.404,6.5,4
51(E3),L,H,-1.18,0.2715,10,4
51(E3),L,I,-0.213,0.2156,7.5,4
51(E3),L,K,-3.922,0.4742,9,4
51(E3),L,L,0,0,,4
51(E3),L,M,0.009256,0.08513,12.5,4
51(E3),L,N,-1.981,0.8532,7,4
51(E3),L,P,-7.505,0,9,4
51(E3),L,Q,-0.1476,0.2852,10.5,4
51(E3),L,R,-7.25,0,8,4
51(E3),L,S,-0.8168,0.1525,6.5,4
51(E3),L,T,0.122,0.3778,6,4
51(E3),L,V,-0.03821,0.2264,4.5,4
51(E3),L,W,-3.488,0.6058,13,4
51(E3),L,Y,-0.9243,0.3233,4,4
52(6K),M,-,0.1342,0.07523,2,4
52(6K),M,A,-0.6529,0.972,4,4
52(6K),M,C,-0.07543,0.1088,13,4
52(6K),M,D,-7.657,0,9,4
52(6K),M,E,-6.598,0,7.5,4
52(6K),M,F,-0.2611,0.08858,9.5,4
52(6K),M,G,-0.4912,0.4077,5.5,4
52(6K),M,H,-1.137,0.5101,8,4
52(6K),M,I,0.04613,0.07371,14.75,4
52(6K),M,K,-7.476,0,12.5,4
52(6K),M,L,-0.3281,0.2897,8.5,4
52(6K),M,M,0,0,,4
52(6K),M,N,-2.229,0.2692,10,4
52(6K),M,P,-3.734,0.3692,5.5,4
52(6K),M,Q,-0.9614,0.347,8,4
52(6K),M,R,-7.383,0,9,4
52(6K),M,S,-0.4916,0.202,8,4
52(6K),M,T,-0.3568,0.5082,6,4
52(6K),M,V,-0.01568,0.04759,29.25,4
52(6K),M,W,-0.1626,0.09466,7.5,4
52(6K),M,Y,-0.3814,0.5085,6.5,4
52(E1),K,*,-7.23,0,1,4
52(E1),K,-,-1.864,1.957,2,4
52(E1),K,A,-0.1694,0.1084,12,4
52(E1),K,C,-0.9193,0.3879,12.5,4
52(E1),K,D,0.1315,0.1106,10.5,4
52(E1),K,E,0.2414,0.06237,12,4
52(E1),K,F,0.06153,0.1101,13.5,4
52(E1),K,G,-0.3035,0.09953,8.25,4
52(E1),K,H,0.1169,0.038,15.5,4
52(E1),K,I,0.1331,0.06365,10,4
52(E1),K,K,0,0,,4
52(E1),K,L,0.1712,0.1109,10.5,4
52(E1),K,M,-0.1792,0.07042,12.5,4
52(E1),K,N,-0.0529,0.4117,19.5,4
52(E1),K,P,-7.636,0,20,4
52(E1),K,Q,0.2364,0.02932,9.25,4
52(E1),K,R,0.05715,0.06061,11,4
52(E1),K,S,0.1225,0.1114,10.5,4
52(E1),K,T,0.1993,0.1287,11.5,4
52(E1),K,V,-0.1191,0.3494,12,4
52(E1),K,W,-0.2548,0.1674,17.5,4
52(E1),K,Y,0.05572,0.03801,15,4
52(E2),L,-,-0.08015,0.1819,1.5,2
52(E2),L,A,-1.063,0.5842,6.5,4
52(E2),L,C,-0.7968,0.3127,6,4
52(E2),L,D,-7.255,0,7.5,4
52(E2),L,E,-7.581,0,9,4
52(E2),L,F,-2.692,0.6488,5.5,4
52(E2),L,G,-7.245,0,7.5,4
52(E2),L,H,-7.457,0,6,4
52(E2),L,I,-1.334,0.192,6,4
52(E2),L,K,-7.498,0,6,4
52(E2),L,L,0,0,,4
52(E2),L,M,-1.246,0.2094,11,4
52(E2),L,N,-5.895,0,7.5,4
52(E2),L,P,-7.085,0,14,4
52(E2),L,Q,-7.437,0,5.5,4
52(E2),L,R,-7.572,0,8,4
52(E2),L,S,-3.926,0.08103,4,4
52(E2),L,T,-4.483,0.1635,6,4
52(E2),L,V,-2.603,0.237,5,4
52(E2),L,W,-7.299,0,6,4
52(E2),L,Y,-7.481,0,7.5,4
52(E3),Q,*,-7.451,0,19.5,4
52(E3),Q,-,-0.6929,0.1557,0.5,2
52(E3),Q,A,0.181,0.1862,7.5,4
52(E3),Q,C,-0.1357,0.1567,9.5,4
52(E3),Q,D,0.2067,0.1907,8,4
52(E3),Q,E,0.03505,0.195,10,4
52(E3),Q,F,0.13,0.1697,10.5,4
52(E3),Q,G,-0.4118,0.1622,8,4
52(E3),Q,H,-0.2614,0.1636,15.5,4
52(E3),Q,I,0.2235,0.2521,7,4
52(E3),Q,K,0.2211,0.1443,5,4
52(E3),Q,L,-0.122,0.2902,14.5,4
52(E3),Q,M,0.09005,0.18,9,4
52(E3),Q,N,0.2443,0.1256,4,4
52(E3),Q,P,-0.665,0.2946,10.5,4
52(E3),Q,Q,0,0,,4
52(E3),Q,R,-0.1054,0.1442,17.5,4
52(E3),Q,S,0.1889,0.1331,9,4
52(E3),Q,T,-0.03996,0.09883,13,4
52(E3),Q,V,-0.5446,0.4679,8,4
52(E3),Q,W,0.3257,0.1636,9.5,4
52(E3),Q,Y,-0.2788,0.1753,10.5,4
53(6K),S,-,0.1221,0.04067,0.5,2
53(6K),S,A,0.1463,0.05044,8,4
53(6K),S,C,0.1595,0.08437,7,4
53(6K),S,D,-0.084,0.1479,5.5,4
53(6K),S,E,0.2145,0.1211,7.5,4
53(6K),S,F,0.01896,0.07045,11,4
53(6K),S,G,-0.1187,0.2016,5,4
53(6K),S,H,0.1005,0.1409,5,4
53(6K),S,I,-0.2029,0.3527,9,4
53(6K),S,K,-0.2253,0.3696,3.5,4
53(6K),S,L,-0.1324,0.2995,8,4
53(6K),S,M,-0.2961,0.3997,8,4
53(6K),S,N,-0.00665,0.1809,8.75,4
53(6K),S,P,-0.05687,0.07285,8.5,4
53(6K),S,Q,-0.05998,0.02986,8.5,4
53(6K),S,R,-0.4546,0.03948,10.5,4
53(6K),S,S,0,0,,4
53(6K),S,T,-0.02744,0.1245,9,4
53(6K),S,V,0.145,0.05398,7,4
53(6K),S,W,0.07799,0.09145,4.5,4
53(6K),S,Y,-0.0884,0.107,10,4
53(E1),T,-,-0.4969,0.1975,1.5,4
53(E1),T,A,-1.636,0.2717,11,4
53(E1),T,C,-3.42,0.3072,12,4
53(E1),T,D,-3.091,0.2094,10.5,4
53(E1),T,E,-7.55,0,8.5,4
53(E1),T,F,-7.556,0,11,4
53(E1),T,G,-7.613,0,10.5,4
53(E1),T,H,-7.586,0,14,4
53(E1),T,I,-0.6624,0.4257,17.5,4
53(E1),T,K,-7.678,0,7.5,4
53(E1),T,L,-0.9465,0.7627,6,4
53(E1),T,M,-4.085,0.6619,9.5,4
53(E1),T,N,-0.04236,0.07421,13.5,4
53(E1),T,P,-3.101,0.8745,13,4
53(E1),T,Q,-7.212,0,12,4
53(E1),T,R,-5.685,0,7.5,4
53(E1),T,S,-1.234,0.7562,10,4
53(E1),T,T,0,0,,4
53(E1),T,V,-0.1212,0.2809,8,4
53(E1),T,W,-7.54,0,11.5,4
53(E1),T,Y,-7.611,0,14.5,4
53(E2),Q,*,-7.569,0,17,4
53(E2),Q,-,-0.07505,0.1804,1.5,2
53(E2),Q,A,-7.559,0,10.5,4
53(E2),Q,C,-7.46,0,7.5,4
53(E2),Q,D,-7.383,0,6.25,4
53(E2),Q,E,-7.142,0,7.5,4
53(E2),Q,F,-7.553,0,11,4
53(E2),Q,G,-7.377,0,7,4
53(E2),Q,H,-3.22,1.197,14.75,4
53(E2),Q,I,-6.176,0,3,4
53(E2),Q,K,-7.62,0,9,4
53(E2),Q,L,-5.202,0,8,4
53(E2),Q,M,-6.706,0,4.5,4
53(E2),Q,N,-6.867,0,6,4
53(E2),Q,P,-7.19,0,7,4
53(E2),Q,Q,0,0,,4
53(E2),Q,R,-7.637,0,15,4
53(E2),Q,S,-7.409,0,8.5,4
53(E2),Q,T,-7.399,0,6,4
53(E2),Q,V,-7.538,0,9,4
53(E2),Q,W,-4.332,1.663,6,4
53(E2),Q,Y,-7.344,0,7,4
53(E3),A,-,-0.4968,0.1453,0.5,2
53(E3),A,A,0,0,,4
53(E3),A,C,-0.5594,0.3085,6.5,4
53(E3),A,D,-1.012,0.1992,9.5,4
53(E3),A,E,-0.06994,0.2194,5,4
53(E3),A,F,-1.15,0.6541,3.5,4
53(E3),A,G,-0.3046,0.1409,9.5,4
53(E3),A,H,-0.8831,0.1475,7.5,4
53(E3),A,I,-0.02605,0.2633,7,4
53(E3),A,K,-0.1199,0.2947,6,4
53(E3),A,L,-0.2613,0.1993,7.5,4
53(E3),A,M,-0.4301,0.3254,7.5,4
53(E3),A,N,-0.2351,0.2095,7,4
53(E3),A,P,-0.9234,0.1334,9,4
53(E3),A,Q,-0.0087,0.5778,5,4
53(E3),A,R,-0.4351,0.2812,8,4
53(E3),A,S,-0.02726,0.1835,13,4
53(E3),A,T,-0.03771,0.2862,13,4
53(E3),A,V,-0.07786,0.1861,17,4
53(E3),A,W,-0.6698,0.2501,11.5,4
53(E3),A,Y,-0.3714,0.1641,9,4
54(6K),V,-,0.09281,0.01559,0.5,2
54(6K),V,A,-0.4924,0.3646,18.5,4
54(6K),V,C,-0.04891,0.1334,7,4
54(6K),V,D,0.05537,0.06862,9.5,4
54(6K),V,E,-0.5973,0.9069,4.5,4
54(6K),V,F,-0.3107,0.3833,10,4
54(6K),V,G,0.08054,0.06065,10.5,4
54(6K),V,H,-0.346,0.317,6.5,4
54(6K),V,I,-0.2607,0.06792,9.5,4
54(6K),V,K,-1.3,0.2028,4,4
54(6K),V,L,-0.2653,0.2449,16,4
54(6K),V,M,0.09029,0.03116,15,4
54(6K),V,N,-0.1043,0.135,5,4
54(6K),V,P,-0.201,0.1354,12.5,4
54(6K),V,Q,-0.1073,0.1255,7,4
54(6K),V,R,-0.9389,0.9665,9.5,4
54(6K),V,S,0.1575,0.1137,8,4
54(6K),V,T,-0.2252,0.3825,7,4
54(6K),V,V,0,0,,4
54(6K),V,W,0.03665,0.2018,6,4
54(6K),V,Y,0.04182,0.1654,9,4
54(E1),V,-,-0.1831,0.3192,1.5,4
54(E1),V,A,-0.8347,0.2787,22.5,4
54(E1),V,C,-0.8162,0.7822,13.5,4
54(E1),V,D,-1.772,0.1704,13.5,4
54(E1),V,E,-0.00565,0.08129,12,4
54(E1),V,F,-0.7461,0.4257,10.75,4
54(E1),V,G,-7.091,0,14,4
54(E1),V,H,-0.9578,0.1492,10,4
54(E1),V,I,-0.2712,0.1533,10.5,4
54(E1),V,K,-1.857,0.8706,10.5,4
54(E1),V,L,-0.2493,0.3878,15.75,4
54(E1),V,M,-0.375,0.2527,26,4
54(E1),V,N,0.04707,0.1611,8.5,4
54(E1),V,P,-7.629,0,13.5,4
54(E1),V,Q,-0.2732,0.2152,10.5,4
54(E1),V,R,-1.755,0.1604,11,4
54(E1),V,S,-0.6538,0.1513,12.5,4
54(E1),V,T,-0.1858,0.2857,11.5,4
54(E1),V,V,0,0,,4
54(E1),V,W,-2.681,0.6473,14.5,4
54(E1),V,Y,-0.5626,0.5023,10.5,4
54(E2),I,-,0.0239,0.1468,1.5,2
54(E2),I,A,-0.5323,0.2065,9,4
54(E2),I,C,-0.9683,0.5272,6,4
54(E2),I,D,-7.5,0,4.5,4
54(E2),I,E,-7.46,0,8.5,4
54(E2),I,F,-2.71,0.5275,8,4
54(E2),I,G,-3.412,0.8773,8,4
54(E2),I,H,-7.426,0,6,4
54(E2),I,I,0,0,,4
54(E2),I,K,-7.566,0,9,4
54(E2),I,L,-0.291,0.3869,8,4
54(E2),I,M,-0.9464,0.1521,8.5,4
54(E2),I,N,-2.537,0.3695,8,4
54(E2),I,P,-7.434,0,5.5,4
54(E2),I,Q,-7.287,0,11.5,4
54(E2),I,R,-7.497,0,7,4
54(E2),I,S,-0.7924,0.3114,6.5,4
54(E2),I,T,-1.017,0.5204,6.5,4
54(E2),I,V,-0.1865,0.1021,10.5,4
54(E2),I,W,-7.568,0,5.5,4
54(E2),I,Y,-7.454,0,12.5,4
54(E3),S,-,-0.5484,0.1502,0.5,2
54(E3),S,A,0.0722,0.3519,10,4
54(E3),S,C,-0.2776,0.1798,6.5,4
54(E3),S,D,-1.623,0.162,5,4
54(E3),S,E,-0.6312,0.1567,6.5,4
54(E3),S,F,-0.745,0.5752,9.5,4
54(E3),S,G,-0.2113,0.1589,8.5,4
54(E3),S,H,-0.9119,0.9632,2.5,4
54(E3),S,I,-1.321,0.8579,6.5,4
54(E3),S,K,-4.679,0.01126,5.5,4
54(E3),S,L,-0.3968,0.08521,5,4
54(E3),S,M,-0.4097,0.4497,6.5,4
54(E3),S,N,-7.263,0,7.5,4
54(E3),S,P,-7.478,0,13.5,4
54(E3),S,Q,-1.26,0.09396,11.5,4
54(E3),S,R,-7.419,0,1.5,4
54(E3),S,S,0,0,,4
54(E3),S,T,0.0764,0.08975,5,4
54(E3),S,V,-0.06305,0.3057,7,4
54(E3),S,W,-2.957,0.6607,6,4
54(E3),S,Y,-2.022,0.4141,9,4
55(6K),G,*,-7.609,0,3,4
55(6K),G,-,-0.08981,0.07108,0.5,2
55(6K),G,A,0.2305,0.05807,8.5,4
55(6K),G,C,0.1219,0.1534,6.5,4
55(6K),G,D,-0.2641,0.2776,5.5,4
55(6K),G,E,-0.07884,0.1627,17,4
55(6K),G,F,0.07594,0.03508,13,4
55(6K),G,G,0,0,,4
55(6K),G,H,0.07187,0.1343,6.5,4
55(6K),G,I,0.08732,0.04949,6,4
55(6K),G,K,0.1069,0.04057,7.5,4
55(6K),G,L,-0.03799,0.0352,16.75,4
55(6K),G,M,-0.2441,0.3716,6,4
55(6K),G,N,-0.1727,0.351,6,4
55(6K),G,P,-0.1393,0.2411,10,4
55(6K),G,Q,-0.6101,0.2763,11.75,4
55(6K),G,R,-0.407,0.2143,26.75,4
55(6K),G,S,0.1134,0.04847,7,4
55(6K),G,T,-0.2788,0.2322,9.5,4
55(6K),G,V,-0.01135,0.2232,10,4
55(6K),G,W,-0.02953,0.1987,6.5,4
55(6K),G,Y,-0.251,0.3948,11,4
55(E1),I,-,-0.7865,0.6259,2,4
55(E1),I,A,-0.2112,0.0892,12.5,4
55(E1),I,C,-0.8502,0.2967,12.5,4
55(E1),I,D,-7.608,0,10.5,4
55(E1),I,E,-6.79,0,12,4
55(E1),I,F,-2.184,0.4637,12,4
55(E1),I,G,-7.534,0,7.5,4
55(E1),I,H,-4.531,0.02988,14.5,4
55(E1),I,I,0,0,,4
55(E1),I,K,-4.853,0.05066,11,4
55(E1),I,L,-0.4567,0.171,15,4
55(E1),I,M,-1.552,0.7254,12,4
55(E1),I,N,-2.912,0.1749,11.5,4
55(E1),I,P,-7.439,0,18,4
55(E1),I,Q,-3.734,0.3197,9.5,4
55(E1),I,R,-2.506,0.7937,10.5,4
55(E1),I,S,-0.4936,0.3246,12.5,4
55(E1),I,T,-0.1481,0.1459,13,4
55(E1),I,V,0.1121,0.09221,10,4
55(E1),I,W,-7.556,0,12,4
55(E1),I,Y,-7.339,0,11.5,4
55(E2),G,-,0.03155,0.1436,1.5,2
55(E2),G,A,-2.679,0.3615,8,4
55(E2),G,C,-4.591,0.05153,8.5,4
55(E2),G,D,-6.972,0,158.5,4
55(E2),G,E,-2.956,0.3788,5.5,4
55(E2),G,F,-7.226,0,8.5,4
55(E2),G,G,0,0,,4
55(E2),G,H,-4.085,0.09445,4.5,4
55(E2),G,I,-7.469,0,5,4
55(E2),G,K,-6.22,0,7,4
55(E2),G,L,-7.471,0,5.5,4
55(E2),G,M,-7.212,0,5.5,4
55(E2),G,N,-0.4461,0.6622,3.5,4
55(E2),G,P,-7.293,0,7,4
55(E2),G,Q,-5.873,0.1459,9.5,4
55(E2),G,R,-7.242,0,7.5,4
55(E2),G,S,-3.409,0.2044,17.5,4
55(E2),G,T,-5.537,0,9.5,4
55(E2),G,V,-7.468,0,10.5,4
55(E2),G,W,-7.479,0,7.5,4
55(E2),G,Y,-7.253,0,7,4
55(E3),L,-,-0.5585,0.1516,0.5,2
55(E3),L,A,-1.092,0.275,6,4
55(E3),L,C,-0.8476,0.7314,6,4
55(E3),L,D,-5.579,0,10.25,4
55(E3),L,E,-3.464,0.274,9.5,4
55(E3),L,F,0.0276,0.06069,7.5,4
55(E3),L,G,-3.26,0.07004,6.5,4
55(E3),L,H,-3.947,0.5657,5,4
55(E3),L,I,-0.2862,0.2751,4.5,4
55(E3),L,K,-6.767,0,9,4
55(E3),L,L,0,0,,4
55(E3),L,M,-0.005415,0.03387,8.5,4
55(E3),L,N,-2.928,0.3954,11,4
55(E3),L,P,-7.646,0,11,4
55(E3),L,Q,-2.298,0.5942,10,4
55(E3),L,R,-7.276,0,9.5,4
55(E3),L,S,-1.408,0.4048,9.5,4
55(E3),L,T,-0.2733,0.1069,7.5,4
55(E3),L,V,0.2848,0.1146,8,4
55(E3),L,W,-2.303,0.09944,7.5,4
55(E3),L,Y,-2.007,1.274,3,4
56(6K),A,-,-0.1807,0.1433,0.5,2
56(6K),A,A,0,0,,4
56(6K),A,C,0.08219,0.1141,9.5,4
56(6K),A,D,-0.08743,0.2086,9.5,4
56(6K),A,E,0.0314,0.1803,5,4
56(6K),A,F,0.08849,0.1348,8,4
56(6K),A,G,-0.6001,0.8889,6,4
56(6K),A,H,0.1088,0.1161,9.5,4
56(6K),A,I,-0.1036,0.3707,8.5,4
56(6K),A,K,0.06709,0.1694,4,4
56(6K),A,L,-0.2448,0.3224,7,4
56(6K),A,M,-0.0487,0.1958,6,4
56(6K),A,N,0.08866,0.05314,11.5,4
56(6K),A,P,0.09236,0.1382,7.5,4
56(6K),A,Q,-0.271,0.1794,6,4
56(6K),A,R,-0.2891,0.2123,4.5,4
56(6K),A,S,-0.02357,0.1485,14,4
56(6K),A,T,-0.1108,0.1487,22.5,4
56(6K),A,V,0.1799,0.03237,15,4
56(6K),A,W,-0.275,0.2919,5.75,4
56(6K),A,Y,-0.3773,0.3137,7,4
56(E1),P,-,-0.7029,0.727,2,4
56(E1),P,A,-2.745,0.5298,7.5,4
56(E1),P,C,-4.705,0,11,4
56(E1),P,D,-2.636,0.4073,6.5,4
56(E1),P,E,-2.511,0.752,9.5,4
56(E1),P,F,-3.818,0.2653,7,4
56(E1),P,G,-2.587,0.4652,6.5,4
56(E1),P,H,-6.514,0,7,4
56(E1),P,I,-3.193,0.2655,8.5,4
56(E1),P,K,-4.039,0.3888,9.5,4
56(E1),P,L,-5.468,0,15,4
56(E1),P,M,-3.421,0.7459,8.5,4
56(E1),P,N,-1.69,0.7061,6.5,4
56(E1),P,P,0,0,,4
56(E1),P,Q,-1.822,0.3086,6.75,4
56(E1),P,R,-3.191,0.1437,11.25,4
56(E1),P,S,-2.433,0.1261,20.5,4
56(E1),P,T,-0.921,0.1412,8.5,4
56(E1),P,V,-1.945,0.2439,10.5,4
56(E1),P,W,-4.332,0.3276,11,4
56(E1),P,Y,-3.82,0.1693,8.75,4
56(E2),I,-,-0.09025,0.5915,2,4
56(E2),I,A,-6.474,0,7,4
56(E2),I,C,-7.543,0,5.5,4
56(E2),I,D,-7.134,0,6.5,4
56(E2),I,E,-7.245,0,6,4
56(E2),I,F,-0.1494,0.1587,6.5,4
56(E2),I,G,-7.211,0,5.5,4
56(E2),I,H,-7.438,0,6,4
56(E2),I,I,0,0,,4
56(E2),I,K,-7.412,0,7.5,4
56(E2),I,L,-0.3482,0.8515,4,4
56(E2),I,M,-0.9931,0.5084,10,4
56(E2),I,N,-7.423,0,5,4
56(E2),I,P,-7.312,0,8.5,4
56(E2),I,Q,-6.473,0,1.5,4
56(E2),I,R,-7.441,0,5.5,4
56(E2),I,S,-7.594,0,9,4
56(E2),I,T,-7.165,0,9.5,4
56(E2),I,V,-0.4477,0.0622,6,4
56(E2),I,W,-1.627,0.4032,5,4
56(E2),I,Y,-0.7781,0.5414,3,4
56(E3),T,-,-0.3796,0.1439,0.5,2
56(E3),T,A,-0.02066,0.1201,8.5,4
56(E3),T,C,-0.03233,0.04841,8,4
56(E3),T,D,-0.2712,0.1093,5.5,4
56(E3),T,E,0.03501,0.1211,6.5,4
56(E3),T,F,0.1347,0.2443,7.5,4
56(E3),T,G,-0.1895,0.2243,9,4
56(E3),T,H,-0.3457,0.4982,12,4
56(E3),T,I,-0.03606,0.1027,16.75,4
56(E3),T,K,-0.2075,0.2335,9,4
56(E3),T,L,-0.07444,0.1019,10.5,4
56(E3),T,M,-0.0054,0.4405,9,4
56(E3),T,N,-0.0347,0.27,8.5,4
56(E3),T,P,-0.8674,0.2154,5,4
56(E3),T,Q,-0.274,0.1051,7.5,4
56(E3),T,R,-0.8942,0.888,10,4
56(E3),T,S,0.2802,0.1941,7.5,4
56(E3),T,T,0,0,,4
56(E3),T,V,-0.04487,0.1605,7.5,4
56(E3),T,W,0.1898,0.1881,7.5,4
56(E3),T,Y,-0.1925,0.06447,11,4
57(6K),H,-,-0.1003,0.2513,0.5,2
57(6K),H,A,-0.06484,0.0804,14.5,4
57(6K),H,C,-0.08136,0.06622,9,4
57(6K),H,D,-0.1243,0.3625,5.5,4
57(6K),H,E,-0.6886,0.3384,7.5,4
57(6K),H,F,0.1086,0.02984,6.5,4
57(6K),H,G,-0.1933,0.2801,7.5,4
57(6K),H,H,0,0,,4
57(6K),H,I,-0.06207,0.4618,6,4
57(6K),H,K,-0.8483,0.7403,5,4
57(6K),H,L,0.09452,0.1532,6.5,4
57(6K),H,M,0.07028,0.2511,6,4
57(6K),H,N,0.06194,0.04471,5.5,4
57(6K),H,P,-0.1931,0.2509,7.5,4
57(6K),H,Q,0.1401,0.05101,8,4
57(6K),H,R,-0.62,0.2299,5.5,4
57(6K),H,S,0.1148,0.04204,7.25,4
57(6K),H,T,0.08991,0.2204,5,4
57(6K),H,V,0.1316,0.04792,8,4
57(6K),H,W,-0.5089,0.311,9.5,4
57(6K),H,Y,-0.1892,0.1825,9,4
57(E1),S,-,-0.3192,0.04405,1,2
57(E1),S,A,-2.535,0.3474,8,4
57(E1),S,C,-7.432,0,9.5,4
57(E1),S,D,-7.572,0,7.75,4
57(E1),S,E,-7.492,0,7,4
57(E1),S,F,-7.513,0,17.5,4
57(E1),S,G,-2.172,0.4968,9,4
57(E1),S,H,-6.972,0,9.5,4
57(E1),S,I,-7.363,0,6.5,4
57(E1),S,K,-7.5,0,8,4
57(E1),S,L,-7.651,0,7.5,4
57(E1),S,M,-4.276,0.01083,6,4
57(E1),S,N,-4.326,0,4.75,4
57(E1),S,P,-4.213,0.02901,12,4
57(E1),S,Q,-7.338,0,8,4
57(E1),S,R,-6.322,0,7,4
57(E1),S,S,0,0,,4
57(E1),S,T,-7.338,0,10,4
57(E1),S,V,-7.35,0,8,4
57(E1),S,W,-7.158,0,6.5,4
57(E1),S,Y,-7.569,0,9,4
57(E2),K,*,-7.662,0,0.5,2
57(E2),K,-,-0.0578,0.1709,1.5,2
57(E2),K,A,-0.07745,0.126,0.5,2
57(E2),K,C,-0.5266,0.271,2.5,4
57(E2),K,D,-0.4048,0.0112,1,2
57(E2),K,E,-6.637,0,8,4
57(E2),K,F,-7.008,0,5.5,4
57(E2),K,G,0.3241,0.1144,0.5,2
57(E2),K,H,-3.844,0.5863,8,4
57(E2),K,I,-2.854,0.61,6,4
57(E2),K,K,0,0,,4
57(E2),K,L,-2.273,0.2007,6,4
57(E2),K,M,-1.11,0.2159,4,4
57(E2),K,N,-0.5697,0.3226,11.5,4
57(E2),K,P,-7.188,0,5.75,4
57(E2),K,Q,-1.488,0.6922,7.5,4
57(E2),K,R,0.2238,0.1487,9,4
57(E2),K,S,-0.08745,0.5075,3.5,4
57(E2),K,T,-0.1052,0.1023,11,4
57(E2),K,V,-2.403,0.8596,2.5,4
57(E2),K,W,-6.652,0,7.5,4
57(E2),K,Y,-7.255,0,7.5,4
57(E3),C,*,-7.489,0,2.5,4
57(E3),C,-,-1.063,0.1438,0.5,2
57(E3),C,A,-0.599,0.1833,4.5,4
57(E3),C,C,0,0,,4
57(E3),C,D,-0.916,0.1494,7,4
57(E3),C,E,-0.9562,0.1718,6,4
57(E3),C,F,-0.743,0.2592,15.5,4
57(E3),C,G,-0.8508,0.07604,12,4
57(E3),C,H,-2.127,0.1,2,2
57(E3),C,I,-0.7652,0.3658,6.5,4
57(E3),C,K,-1.574,0.3695,10,4
57(E3),C,L,-2.009,0.8618,6,4
57(E3),C,M,-1.084,0.1108,10.5,4
57(E3),C,N,-0.9884,0.2358,7.5,4
57(E3),C,P,-1.116,0.07634,8.5,4
57(E3),C,Q,-1.462,0.4486,11.5,4
57(E3),C,R,-1.117,0.0875,8.5,4
57(E3),C,S,-0.8746,0.1224,5,4
57(E3),C,T,-0.4435,0.4114,5,4
57(E3),C,V,-1.466,0.6647,11,4
57(E3),C,W,-1.247,0.1091,8.5,4
57(E3),C,Y,-1.164,0.2766,28.5,4
58(6K),T,-,-0.1698,0.2608,1,4
58(6K),T,A,0.1517,0.1534,9,4
58(6K),T,C,0.08321,0.08636,10.25,4
58(6K),T,D,0.0304,0.2694,9.5,4
58(6K),T,E,0.008965,0.05897,6,4
58(6K),T,F,-0.2288,0.3612,7.5,4
58(6K),T,G,-0.01325,0.2778,6.5,4
58(6K),T,H,0.02665,0.118,5.5,4
58(6K),T,I,0.03636,0.1409,22.5,4
58(6K),T,K,-0.1114,0.07718,7.5,4
58(6K),T,L,0.1013,0.1169,8,4
58(6K),T,M,-0.02155,0.174,5,4
58(6K),T,N,-0.02748,0.1382,8,4
58(6K),T,P,0.1067,0.0701,8,4
58(6K),T,Q,0.09929,0.06654,8.5,4
58(6K),T,R,-0.09872,0.1346,4.5,4
58(6K),T,S,-0.2247,0.3036,8,4
58(6K),T,T,0,0,,4
58(6K),T,V,0.02094,0.06105,9.5,4
58(6K),T,W,-0.306,0.1753,3.5,4
58(6K),T,Y,0.1535,0.07328,9,4
58(E1),P,-,-0.05609,0.09691,0.5,2
58(E1),P,A,-7.357,0,6.5,4
58(E1),P,C,-7.688,0,12,4
58(E1),P,D,-7.662,0,11.5,4
58(E1),P,E,-7.54,0,12.5,4
58(E1),P,F,-7.642,0,11.5,4
58(E1),P,G,-7.405,0,8.5,4
58(E1),P,H,-7.542,0,8,4
58(E1),P,I,-7.574,0,10.5,4
58(E1),P,K,-7.434,0,10.5,4
58(E1),P,L,-7.508,0,17,4
58(E1),P,M,-7.37,0,10,4
58(E1),P,N,-7.646,0,13,4
58(E1),P,P,0,0,,4
58(E1),P,Q,-7.479,0,15.5,4
58(E1),P,R,-7.484,0,13,4
58(E1),P,S,-7.531,0,14.5,4
58(E1),P,T,-7.481,0,16,4
58(E1),P,V,-6.888,0,12.5,4
58(E1),P,W,-7.625,0,4.5,4
58(E1),P,Y,-7.595,0,10,4
58(E2),T,-,-2.177,1.779,1.5,2
58(E2),T,A,0.4355,0.1193,8,4
58(E2),T,C,-0.489,0.2802,4.5,4
58(E2),T,D,-2.073,0.7607,4,4
58(E2),T,E,-0.09077,0.1578,3.5,4
58(E2),T,F,-2.295,0.6145,4,4
58(E2),T,G,0.3817,0.2251,2.5,4
58(E2),T,H,-0.2688,0.255,7,4
58(E2),T,I,-1.044,0.1739,11.5,4
58(E2),T,K,-1.302,0.5478,4,4
58(E2),T,L,-1.155,0.1685,4.5,4
58(E2),T,M,-0.2836,0.1313,3.5,4
58(E2),T,N,-1.358,0.4944,9.5,4
58(E2),T,P,-3.077,0.6629,8.5,4
58(E2),T,Q,-0.2923,0.45,3,4
58(E2),T,R,-0.6922,0.366,3,4
58(E2),T,S,0.3998,0.1242,5.5,4
58(E2),T,T,0,0,,4
58(E2),T,V,-0.08615,0.08026,7.5,4
58(E2),T,W,-1.343,0.4863,4.5,4
58(E2),T,Y,-1.183,0.5907,6.5,4
58(E3),S,-,-1.276,0.1685,0.5,2
58(E3),S,A,0.1719,0.5222,7,4
58(E3),S,C,-0.2732,0.4569,9,4
58(E3),S,D,0.4048,0.1114,5,4
58(E3),S,E,0.02428,0.1618,6,4
58(E3),S,F,-0.1515,0.07195,8.75,4
58(E3),S,G,0.006815,0.1221,12,4
58(E3),S,H,0.4173,0.2909,8.5,4
58(E3),S,I,-0.1763,0.1056,10,4
58(E3),S,K,0.1678,0.08234,8.5,4
58(E3),S,L,-0.1398,0.08049,7,4
58(E3),S,M,-0.395,0.3601,5,4
58(E3),S,N,-0.04391,0.06437,12.25,4
58(E3),S,P,-0.1942,0.2697,6.5,4
58(E3),S,Q,-0.0422,0.2784,5,4
58(E3),S,R,-0.3864,0.3127,6,4
58(E3),S,S,0,0,,4
58(E3),S,T,-0.2041,0.5047,12,4
58(E3),S,V,0.02235,0.1335,8.5,4
58(E3),S,W,0.03845,0.1557,7,4
58(E3),S,Y,0.1438,0.1468,3,4
59(6K),V,-,-0.3094,0.2531,1,4
59(6K),V,A,0.1301,0.2012,14,4
59(6K),V,C,0.06719,0.05325,8.5,4
59(6K),V,D,-5.13,0.1386,10.5,4
59(6K),V,E,-4.432,0,10.5,4
59(6K),V,F,-5.184,0,15.5,4
59(6K),V,G,0.1579,0.1167,9,4
59(6K),V,H,-3.338,0.5903,7.5,4
59(6K),V,I,-0.03967,0.09519,6.25,4
59(6K),V,K,-4.113,0.4926,6,4
59(6K),V,L,-1.212,0.3312,15,4
59(6K),V,M,-1.742,0.2979,23.5,4
59(6K),V,N,-0.4801,0.1961,5.5,4
59(6K),V,P,-0.1987,0.1993,9.5,4
59(6K),V,Q,-4.09,0.3131,7.5,4
59(6K),V,R,-4.445,0.01429,7.5,4
59(6K),V,S,-0.1216,0.3098,8.5,4
59(6K),V,T,0.07051,0.6813,8.5,4
59(6K),V,V,0,0,,4
59(6K),V,W,-7.53,0,6,4
59(6K),V,Y,-3.269,0.3937,9.5,4
59(E1),Y,*,-7.012,0,4,4
59(E1),Y,A,-4.318,0.1537,8.5,4
59(E1),Y,C,-6.156,0,18,4
59(E1),Y,D,-3.959,0.4171,10,4
59(E1),Y,E,-3.416,0.2565,7.5,4
59(E1),Y,F,-0.1516,0.1167,13,4
59(E1),Y,G,-4.053,0,7,4
59(E1),Y,H,-2.407,0.7798,15,4
59(E1),Y,I,-2.388,0.2977,14,4
59(E1),Y,K,-5.377,0,11.25,4
59(E1),Y,L,-1.645,0.4281,9.5,4
59(E1),Y,M,-2.44,0.4921,4,4
59(E1),Y,N,-3.959,0.1482,12,4
59(E1),Y,P,-7.487,0,10.5,4
59(E1),Y,Q,-4.027,0.2108,9,4
59(E1),Y,R,-5.182,0,10.5,4
59(E1),Y,S,-4.425,0.1078,12.5,4
59(E1),Y,T,-5.136,0,9,4
59(E1),Y,V,-2.781,0.6681,8,4
59(E1),Y,W,0.1168,0.1264,9.75,4
59(E1),Y,Y,0,0,,4
59(E2),D,-,-3.717,2.096,2.5,4
59(E2),D,A,-7.319,0,10,4
59(E2),D,C,-7.327,0,5,4
59(E2),D,D,0,0,,4
59(E2),D,E,-7.216,0,5.5,4
59(E2),D,F,-7.434,0,6,4
59(E2),D,G,-7.329,0,7,4
59(E2),D,H,-7,0,5.5,4
59(E2),D,I,-7.334,0,4,4
59(E2),D,K,-7.469,0,8,4
59(E2),D,L,-7.502,0,4.5,4
59(E2),D,M,-7.583,0,4,4
59(E2),D,N,-3.557,0.3717,21,4
59(E2),D,P,-6.833,0,8,4
59(E2),D,Q,-7.564,0,5,4
59(E2),D,R,-7.051,0,6,4
59(E2),D,S,-5.64,0,3.5,4
59(E2),D,T,-4.872,0,8,4
59(E2),D,V,-7.26,0,7,4
59(E2),D,W,-7.418,0,7,4
59(E2),D,Y,-7.508,0,9,4
59(E3),P,-,-0.04358,0.00495,0.5,2
59(E3),P,A,0.2712,0.154,6,4
59(E3),P,C,0.1846,0.7934,4,4
59(E3),P,D,0.05163,0.1912,8.5,4
59(E3),P,E,-0.2244,0.2525,5,4
59(E3),P,F,0.4465,0.346,8.5,4
59(E3),P,G,-0.009505,0.1643,5.5,4
59(E3),P,H,0.02298,0.08217,13.5,4
59(E3),P,I,0.2039,0.1893,8.5,4
59(E3),P,K,-0.2919,0.3289,6,4
59(E3),P,L,0.01308,0.1083,10.5,4
59(E3),P,M,0.03365,0.2748,6.5,4
59(E3),P,N,0.3941,0.05552,5,4
59(E3),P,P,0,0,,4
59(E3),P,Q,0.07846,0.09844,6.75,4
59(E3),P,R,0.07043,0.09575,7,4
59(E3),P,S,-0.004045,0.1655,10.5,4
59(E3),P,T,0.04288,0.051,11.25,4
59(E3),P,V,0.357,0.03187,5.5,4
59(E3),P,W,0.38,0.03378,2.5,4
59(E3),P,Y,-0.2049,0.4315,8.5,4
6(6K),A,*,-7.473,0,8.5,4
6(6K),A,-,-0.2875,0.3429,1.5,4
6(6K),A,A,0,0,,4
6(6K),A,C,-0.8107,0.6363,8.75,4
6(6K),A,D,-0.4623,0.2873,8,4
6(6K),A,E,-0.9668,0.5709,6.5,4
6(6K),A,F,-0.3271,0.1823,7.5,4
6(6K),A,G,0.03945,0.3098,9,4
6(6K),A,H,-0.03801,0.05453,10.5,4
6(6K),A,I,-0.2309,0.08393,8.5,4
6(6K),A,K,0.08563,0.05569,9.5,4
6(6K),A,L,0.1429,0.101,5,4
6(6K),A,M,-0.1005,0.09257,8.5,4
6(6K),A,N,-0.07533,0.1695,9.5,4
6(6K),A,P,-0.03393,0.1408,9,4
6(6K),A,Q,0.02289,0.03994,7,4
6(6K),A,R,-0.07126,0.08247,7.5,4
6(6K),A,S,-0.04562,0.1407,11,4
6(6K),A,T,0.09984,0.1183,16.5,4
6(6K),A,V,-0.03663,0.1434,30,4
6(6K),A,W,-0.1805,0.1192,7,4
6(6K),A,Y,-0.1446,0.1634,8.5,4
6(E1),V,-,-0.07268,0.02275,1,2
6(E1),V,A,0.1178,0.03945,12,4
6(E1),V,C,-7.213,0,10,4
6(E1),V,D,-0.8862,0.2727,4.5,4
6(E1),V,E,-1.325,0.5734,8.5,4
6(E1),V,F,-0.1098,0.04018,10,4
6(E1),V,G,-1.205,0.5778,6.5,4
6(E1),V,H,0.0269,0.3126,6,4
6(E1),V,I,0.1956,0.08493,10,4
6(E1),V,K,-7.553,0,6,4
6(E1),V,L,-0.2716,0.217,13.5,4
6(E1),V,M,-0.07935,0.1617,22.5,4
6(E1),V,N,0.1366,0.1271,8.5,4
6(E1),V,P,-1.739,0.2068,8,4
6(E1),V,Q,-1.005,0.3901,10,4
6(E1),V,R,-7.609,0,6.5,4
6(E1),V,S,0.2274,0.2004,4.5,4
6(E1),V,T,-0.1983,0.37,8.5,4
6(E1),V,V,0,0,,4
6(E1),V,W,-0.3781,0.1129,6,4
6(E1),V,Y,0.04607,0.04584,5.5,4
6(E2),F,*,-7.487,0,0.5,2
6(E2),F,-,-0.5779,0.4652,2.5,4
6(E2),F,A,-1.372,0.3161,7.5,4
6(E2),F,C,-1.831,0.6689,10.5,4
6(E2),F,D,-3.141,0.3317,5.5,4
6(E2),F,E,-2.018,0.07419,4.5,4
6(E2),F,F,0,0,,4
6(E2),F,G,-2.692,0.8648,5,4
6(E2),F,H,-2.095,0.3777,7.5,4
6(E2),F,I,-0.4748,0.3361,8,4
6(E2),F,K,-4.564,0.2252,4.5,4
6(E2),F,L,-0.2991,0.1489,8.25,4
6(E2),F,M,-0.6896,0.6567,7,4
6(E2),F,N,-3.059,0.107,7,4
6(E2),F,P,-1.756,0.2988,8.5,4
6(E2),F,Q,-3.173,0.636,4.5,4
6(E2),F,R,-4.195,0.2473,6,4
6(E2),F,S,-1.661,0.3461,8.5,4
6(E2),F,T,-1.333,0.456,11,4
6(E2),F,V,-1.13,0.4476,8,4
6(E2),F,W,0.1481,0.4115,6,4
6(E2),F,Y,0.124,0.1925,7,4
6(E3),V,*,-7.429,0,18,4
6(E3),V,-,-0.6001,0.1739,0.5,2
6(E3),V,A,-5.518,0,15.5,4
6(E3),V,C,-4.852,0,14,4
6(E3),V,D,-7.623,0,11,4
6(E3),V,E,-7.591,0,10,4
6(E3),V,F,-0.2555,0.4669,15.5,4
6(E3),V,G,-7.462,0,19,4
6(E3),V,H,-7.552,0,12,4
6(E3),V,I,-0.4688,0.3948,9,4
6(E3),V,K,-7.558,0,7.5,4
6(E3),V,L,0.07753,0.1178,16.5,4
6(E3),V,M,-0.4672,0.3837,20,4
6(E3),V,N,-7.682,0,14,4
6(E3),V,P,-7.551,0,14,4
6(E3),V,Q,-7.582,0,10.5,4
6(E3),V,R,-7.577,0,5,4
6(E3),V,S,-7.649,0,15,4
6(E3),V,T,-7.373,0,18,4
6(E3),V,V,0,0,,4
6(E3),V,W,-0.423,0.4236,8.5,4
6(E3),V,Y,-2.293,0.2499,11.5,4
60(6K),S,*,-7.24,0,0.5,2
60(6K),S,-,-0.4831,0.1608,1,4
60(6K),S,A,-0.0713,0.2072,6.5,4
60(6K),S,C,-0.06191,0.1341,7,4
60(6K),S,D,0.2194,0.6171,5.5,4
60(6K),S,E,-0.02798,0.04838,7,4
60(6K),S,F,0.0781,0.2443,11,4
60(6K),S,G,-0.4307,0.07101,3.5,4
60(6K),S,H,-0.144,0.196,7,4
60(6K),S,I,-0.3099,0.6227,4,4
60(6K),S,K,-0.05407,0.1573,4.5,4
60(6K),S,L,-0.1098,0.1524,3,4
60(6K),S,M,0.1812,0.1697,7.5,4
60(6K),S,N,0.06341,0.16,4,4
60(6K),S,P,-1.068,0.2833,15.5,4
60(6K),S,Q,-0.5355,0.3151,5.5,4
60(6K),S,R,-1.095,1.177,9,4
60(6K),S,S,0,0,,4
60(6K),S,T,-0.05004,0.1866,7,4
60(6K),S,V,-0.1072,0.3546,8,4
60(6K),S,W,-0.2608,0.3469,6.5,4
60(6K),S,Y,-0.3599,0.1227,9.5,4
60(E1),V,-,-0.08719,0.1441,0.5,2
60(E1),V,A,-7.633,0,22.5,4
60(E1),V,C,-7.597,0,5.5,4
60(E1),V,D,-7.45,0,6.5,4
60(E1),V,E,-7.47,0,9.25,4
60(E1),V,F,-7.059,0,5,4
60(E1),V,G,-7.551,0,8.5,4
60(E1),V,H,-7.626,0,8.5,4
60(E1),V,I,0.1893,0.1795,9,4
60(E1),V,K,-7.388,0,5.5,4
60(E1),V,L,-2.375,0.1923,15,4
60(E1),V,M,-6.813,0,15.5,4
60(E1),V,N,-7.535,0,6.5,4
60(E1),V,P,-7.577,0,9.5,4
60(E1),V,Q,-7.142,0,3,4
60(E1),V,R,-7.421,0,10.5,4
60(E1),V,S,-7.415,0,7.5,4
60(E1),V,T,-7.283,0,10,4
60(E1),V,V,0,0,,4
60(E1),V,W,-7.423,0,8,4
60(E1),V,Y,-7.633,0,7.5,4
60(E2),D,*,-7.425,0,0.5,2
60(E2),D,-,-0.7189,1.59,2,4
60(E2),D,A,-3.295,0.6767,5.5,4
60(E2),D,C,-6.681,0,1.5,4
60(E2),D,D,0,0,,4
60(E2),D,E,-2.013,0.435,7.5,4
60(E2),D,F,-7.33,0,8.5,4
60(E2),D,G,0.292,0.2418,4.5,4
60(E2),D,H,-2.844,0.2296,10.5,4
60(E2),D,I,-7.177,0,3.5,4
60(E2),D,K,-7.544,0,5.5,4
60(E2),D,L,-7.457,0,7,4
60(E2),D,M,-6.575,0,6,4
60(E2),D,N,-0.301,0.2271,9,4
60(E2),D,P,-7.545,0,7,4
60(E2),D,Q,-6.17,0.6287,5,4
60(E2),D,R,-7.583,0,5.75,4
60(E2),D,S,-2.143,0.8676,6.5,4
60(E2),D,T,-7.119,0,6,4
60(E2),D,V,-7.283,0,4.5,4
60(E2),D,W,-7.516,0,6.5,4
60(E2),D,Y,-7.214,0,8,4
60(E3),R,*,-7.482,0,2.5,4
60(E3),R,A,-0.3423,0.185,8.5,4
60(E3),R,C,-0.84,0.2553,7.5,4
60(E3),R,D,-0.1903,0.07329,7,4
60(E3),R,E,-0.6434,0.5215,4.5,4
60(E3),R,F,-0.1041,0.2661,10.5,4
60(E3),R,G,0.09115,0.1355,9.5,4
60(E3),R,H,-0.0336,0.2427,7.5,4
60(E3),R,I,-0.08525,0.2903,13.5,4
60(E3),R,K,0.2698,0.1518,7.5,4
60(E3),R,L,-0.04105,0.2422,6,4
60(E3),R,M,-0.1061,0.201,3,4
60(E3),R,N,-0.1905,0.1226,7.5,4
60(E3),R,P,0.0326,0.3332,11,4
60(E3),R,Q,0.3137,0.07914,3.5,4
60(E3),R,R,0,0,,4
60(E3),R,S,0.086,0.07198,8.5,4
60(E3),R,T,0.4362,0.7516,7.5,4
60(E3),R,V,0.17,0.6764,4,4
60(E3),R,W,-0.391,0.5398,5,4
60(E3),R,Y,0.1062,0.1244,6.5,4
61(6K),A,-,-0.3317,0.1201,1,4
61(6K),A,A,0,0,,4
61(6K),A,C,0.1358,0.04695,5.5,4
61(6K),A,D,-5.591,0,8,4
61(6K),A,E,-7.139,0,6,4
61(6K),A,F,-7.239,0,8.25,4
61(6K),A,G,-0.00593,0.1346,6,4
61(6K),A,H,-1.933,0.5081,4,4
61(6K),A,I,-7.039,0,7.5,4
61(6K),A,K,-7.631,0,4.5,4
61(6K),A,L,-4.481,0.3599,6,4
61(6K),A,M,-1.477,0.5697,6.5,4
61(6K),A,N,-2.723,0.3587,7,4
61(6K),A,P,0.1393,0.2341,3.5,4
61(6K),A,Q,-6.599,0,4.5,4
61(6K),A,R,-6.522,0,7.5,4
61(6K),A,S,-0.01344,0.1585,11,4
61(6K),A,T,-0.2481,0.3227,24.75,4
61(6K),A,V,-5.999,0,43,4
61(6K),A,W,-7.528,0,4,4
61(6K),A,Y,-7.604,0,7,4
61(E1),K,*,0.1725,0.09201,0.5,2
61(E1),K,-,-0.106,0.1304,1.5,2
61(E1),K,A,-0.7523,0.5787,4,4
61(E1),K,C,-2.355,0.2305,7.5,4
61(E1),K,D,-3.569,0.4878,8,4
61(E1),K,E,-2.446,0.9936,8.5,4
61(E1),K,F,-1.036,0.3582,7,4
61(E1),K,G,-6.3,0,7.5,4
61(E1),K,H,-1.296,0.4052,6.25,4
61(E1),K,I,-2.425,0.7588,5.75,4
61(E1),K,K,0,0,,4
61(E1),K,L,-0.9571,0.5767,10,4
61(E1),K,M,-0.8707,0.4425,8,4
61(E1),K,N,-1.153,0.1961,12,4
61(E1),K,P,-7.514,0,8,4
61(E1),K,Q,-1.113,0.3361,9.5,4
61(E1),K,R,-0.5674,0.221,3,4
61(E1),K,S,-0.8907,0.3469,4,4
61(E1),K,T,-2.17,0.3235,9.5,4
61(E1),K,V,-0.8293,0.3653,12.5,4
61(E1),K,W,-4.443,0,8,4
61(E1),K,Y,-1.668,0.2732,7.5,4
61(E2),S,-,-0.7154,0.1728,2.5,4
61(E2),S,A,-0.6492,0.3595,8,4
61(E2),S,C,-0.9864,0.4996,7,4
61(E2),S,D,-1.251,0.1104,7,4
61(E2),S,E,0.0103,0.3617,4.5,4
61(E2),S,F,-2.688,0.3419,7,4
61(E2),S,G,-2.415,0.1873,12.5,4
61(E2),S,H,-1.073,0.3246,8,4
61(E2),S,I,-0.4719,0.3635,11.5,4
61(E2),S,K,-1.749,0.1077,8,4
61(E2),S,L,-0.7916,0.3239,6.5,4
61(E2),S,M,-0.4026,0.1632,7,4
61(E2),S,N,-0.2729,0.2363,18.25,4
61(E2),S,P,-7.572,0,7,4
61(E2),S,Q,-0.1502,0.2081,7.5,4
61(E2),S,R,-2.992,0.8494,6,4
61(E2),S,S,0,0,,4
61(E2),S,T,0.4022,0.1058,5.5,4
61(E2),S,V,-0.3552,0.09957,5.5,4
61(E2),S,W,-5.566,0.6201,2.75,4
61(E2),S,Y,-2.441,1.166,5,4
61(E3),R,-,-0.6301,0.0064,0.5,2
61(E3),R,A,-3.255,0.4591,8.5,4
61(E3),R,C,-2.035,0.8575,6.5,4
61(E3),R,D,-5.033,0,7.5,4
61(E3),R,E,-3.804,0.3497,11,4
61(E3),R,F,-1.741,0.6341,8.5,4
61(E3),R,G,-1.502,1.87,1.5,4
61(E3),R,H,-2.799,0.2798,10,4
61(E3),R,I,0.1293,0.3882,9,4
61(E3),R,K,-0.2143,0.1915,9,4
61(E3),R,L,-0.1007,0.08041,15.5,4
61(E3),R,M,-1.02,0.1478,11,4
61(E3),R,N,-3.686,0.2262,5,4
61(E3),R,P,-2.082,0.3777,8,4
61(E3),R,Q,-2.472,0.07884,24.5,4
61(E3),R,R,0,0,,4
61(E3),R,S,-3.96,0.3614,5.5,4
61(E3),R,T,-3.306,0.7362,5,4
61(E3),R,V,0.07775,0.8277,5,4
61(E3),R,W,-3.042,0.1691,19,4
61(E3),R,Y,-2.192,0.1059,8.5,4
62(E1),C,*,-7.438,0,6,4
62(E1),C,-,-0.9141,1.561,3,4
62(E1),C,A,-7.328,0,5.75,4
62(E1),C,C,0,0,,4
62(E1),C,D,-7.671,0,6.25,4
62(E1),C,E,-7.565,0,8.5,4
62(E1),C,F,-7.663,0,14.5,4
62(E1),C,G,-7.532,0,6,4
62(E1),C,H,-7.261,0,7.5,4
62(E1),C,I,-7.598,0,10.5,4
62(E1),C,K,-7.512,0,8,4
62(E1),C,L,-7.642,0,12.25,4
62(E1),C,M,-7.582,0,8.5,4
62(E1),C,N,-7.615,0,10,4
62(E1),C,P,-7.424,0,10,4
62(E1),C,Q,-7.561,0,6,4
62(E1),C,R,-7.594,0,9.5,4
62(E1),C,S,-7.563,0,6,4
62(E1),C,T,-7.57,0,9.5,4
62(E1),C,V,-7.536,0,8,4
62(E1),C,W,-7.647,0,9.5,4
62(E1),C,Y,-7.633,0,33.5,4
62(E2),H,-,-0.6245,0.2995,2,4
62(E2),H,A,0.0566,0.7035,4.5,4
62(E2),H,C,-0.1481,0.06306,2,4
62(E2),H,D,-1.027,0.3307,5.5,4
62(E2),H,E,0.1456,0.03813,6.5,4
62(E2),H,F,0.3096,0.1316,5.5,4
62(E2),H,G,-2.665,0.294,5,4
62(E2),H,H,0,0,,4
62(E2),H,I,-0.5263,0.6347,6.5,4
62(E2),H,K,-0.812,0.1968,5.5,4
62(E2),H,L,0.3599,0.01517,9,4
62(E2),H,M,-0.9457,1.707,7,4
62(E2),H,N,-0.4234,0.357,7.5,4
62(E2),H,P,0.1963,0.1231,3.5,4
62(E2),H,Q,-0.459,0.09763,7,4
62(E2),H,R,-0.8004,0.2588,7.5,4
62(E2),H,S,-0.5907,0.271,3,4
62(E2),H,T,-0.7374,0.7609,5.5,4
62(E2),H,V,0.04326,0.2895,4.25,4
62(E2),H,W,-0.1052,0.1613,7,4
62(E2),H,Y,-0.02098,0.0438,9.5,4
62(E3),Q,*,-7.557,0,11,4
62(E3),Q,-,-0.5307,0.0105,0.5,2
62(E3),Q,A,-0.1941,0.3087,9,4
62(E3),Q,C,-0.3045,0.2185,12.5,4
62(E3),Q,D,-0.1464,0.1406,7,4
62(E3),Q,E,0.2137,0.3091,6,4
62(E3),Q,F,0.3286,0.09677,7,4
62(E3),Q,G,0.2596,0.1284,10.5,4
62(E3),Q,H,-0.0037,0.2397,15.5,4
62(E3),Q,I,0.07573,0.06414,7,4
62(E3),Q,K,-0.2006,0.4084,8.5,4
62(E3),Q,L,-0.001064,0.09199,5,4
62(E3),Q,M,-0.0217,0.2343,8.5,4
62(E3),Q,N,0.07879,0.1842,9.5,4
62(E3),Q,P,-0.2732,0.4577,5,4
62(E3),Q,Q,0,0,,4
62(E3),Q,R,-0.6422,0.6417,8.5,4
62(E3),Q,S,-0.09932,0.04981,9,4
62(E3),Q,T,0.4128,0.2976,5.5,4
62(E3),Q,V,0.2084,0.1504,7.5,4
62(E3),Q,W,-0.1115,0.0803,9,4
62(E3),Q,Y,-0.4526,0.5418,9,4
63(E1),C,*,-0.2703,0.1111,0.5,2
63(E1),C,-,-1.092,1.544,3,4
63(E1),C,A,-7.692,0,9.5,4
63(E1),C,C,0,0,,4
63(E1),C,D,-7.618,0,7.25,4
63(E1),C,E,-7.623,0,6.5,4
63(E1),C,F,-7.59,0,11.5,4
63(E1),C,G,-7.48,0,7.5,4
63(E1),C,H,-7.585,0,5,4
63(E1),C,I,-7.507,0,8,4
63(E1),C,K,-7.57,0,7.5,4
63(E1),C,L,-7.666,0,13,4
63(E1),C,M,-7.556,0,5.5,4
63(E1),C,N,-7.452,0,9.5,4
63(E1),C,P,-7.592,0,8,4
63(E1),C,Q,-7.586,0,7,4
63(E1),C,R,-7.566,0,15.5,4
63(E1),C,S,-7.585,0,10.5,4
63(E1),C,T,-7.47,0,7,4
63(E1),C,V,-7.316,0,10.5,4
63(E1),C,W,-7.49,0,12.5,4
63(E1),C,Y,-7.647,0,20,4
63(E2),D,-,-1.066,0.1737,2,4
63(E2),D,A,-6.151,0,3,4
63(E2),D,C,-4.761,0,5.5,4
63(E2),D,D,0,0,,4
63(E2),D,E,-3.661,0.1714,12.5,4
63(E2),D,F,-7.446,0,8,4
63(E2),D,G,-7.473,0,9.5,4
63(E2),D,H,-7.165,0,7,4
63(E2),D,I,-7.445,0,4.5,4
63(E2),D,K,-7.492,0,5.5,4
63(E2),D,L,-6.782,0,7.5,4
63(E2),D,M,-7.292,0,6,4
63(E2),D,N,-3.341,0.3802,8,4
63(E2),D,P,-7.473,0,2,4
63(E2),D,Q,-7.467,0,6.5,4
63(E2),D,R,-7.73,0,5,4
63(E2),D,S,-5.075,0,4.5,4
63(E2),D,V,-5.771,0,8.5,4
63(E2),D,W,-7.63,0,5,4
63(E2),D,Y,-7.377,0,13.5,4
63(E3),R,-,-0.03822,0.02751,0.5,2
63(E3),R,A,0.06259,0.1361,8.5,4
63(E3),R,C,-0.03562,0.06116,6.5,4
63(E3),R,D,-1.564,0.3367,6.5,4
63(E3),R,E,0.1757,0.07359,5,4
63(E3),R,F,-0.2332,0.08461,7.5,4
63(E3),R,G,-0.376,0.5261,8.5,4
63(E3),R,H,-0.235,0.08637,7.5,4
63(E3),R,I,0.3864,0.2603,6.5,4
63(E3),R,K,-0.01195,0.4283,6,4
63(E3),R,L,-0.0127,0.1656,13,4
63(E3),R,M,-0.1756,0.6086,7,4
63(E3),R,N,-0.2822,0.3488,6,4
63(E3),R,P,-0.06803,0.04607,6,4
63(E3),R,Q,0.09907,0.06963,15,4
63(E3),R,R,0,0,,4
63(E3),R,S,0.0365,0.3324,6,4
63(E3),R,T,0.2183,0.2073,6.5,4
63(E3),R,V,-0.386,0.3752,12.75,4
63(E3),R,W,0.171,0.1428,19.5,4
63(E3),R,Y,-0.2542,0.2424,10,4
64(E1),G,-,-0.2261,0.1254,2,4
64(E1),G,A,-2.069,0.6722,4.5,4
64(E1),G,C,-7.515,0,13.75,4
64(E1),G,D,-7.003,0,21,4
64(E1),G,E,-3.429,0.3465,8.5,4
64(E1),G,F,-7.504,0,8.5,4
64(E1),G,G,0,0,,4
64(E1),G,H,-3.554,0.2556,6.25,4
64(E1),G,I,-7.503,0,7,4
64(E1),G,K,-3.563,0.261,7.5,4
64(E1),G,L,-7.575,0,9.5,4
64(E1),G,M,-4.391,0.08011,8.5,4
64(E1),G,N,-4.931,0,8.5,4
64(E1),G,P,-7.677,0,7,4
64(E1),G,Q,-2.983,0.2906,5,4
64(E1),G,R,-4.557,0,5,4
64(E1),G,S,-0.9476,0.2793,14,4
64(E1),G,T,-6.217,0,11.5,4
64(E1),G,V,-7.596,0,12,4
64(E1),G,W,-7.591,0,5.5,4
64(E1),G,Y,-7.581,0,9,4
64(E2),W,*,-7.601,0,31.75,4
64(E2),W,-,-0.4525,0.5488,2,4
64(E2),W,A,0.3523,0.195,8,4
64(E2),W,C,0.2633,0.3684,6,4
64(E2),W,D,0.4927,0.1416,8.5,4
64(E2),W,E,0.3942,0.1043,6,4
64(E2),W,F,0.3116,0.2095,6,4
64(E2),W,G,0.1397,0.09784,5.5,4
64(E2),W,H,-0.07785,0.2638,8,4
64(E2),W,I,0.2184,0.2673,8.5,4
64(E2),W,K,-1.078,0.4206,5.5,4
64(E2),W,L,0.2364,0.1468,10.5,4
64(E2),W,M,0.1974,0.1903,6,4
64(E2),W,N,0.4226,0.1782,3.5,4
64(E2),W,P,-0.07365,0.2795,2.5,4
64(E2),W,Q,-0.96,1.002,6,4
64(E2),W,R,-0.7405,0.4996,15.5,4
64(E2),W,S,0.1674,0.1169,7.5,4
64(E2),W,T,0.2243,0.1739,7,4
64(E2),W,V,-0.2958,0.1369,2.5,4
64(E2),W,W,0,0,,4
64(E2),W,Y,0.0872,0.3808,6.5,4
64(E3),R,*,-7.268,0,2,2
64(E3),R,-,-1.513,1.795,1,4
64(E3),R,A,-2.925,0.2549,9.5,4
64(E3),R,C,-5.614,0,8.5,4
64(E3),R,D,-3.1,0.2319,9,4
64(E3),R,E,-3.72,0.1458,11.5,4
64(E3),R,F,-3.147,0.244,12.5,4
64(E3),R,G,-4.973,0,17.75,4
64(E3),R,H,-3.069,0.095,6,4
64(E3),R,I,-1.956,0.1946,11,4
64(E3),R,K,-0.4514,0.1436,18.25,4
64(E3),R,L,-3.769,0.3917,9.5,4
64(E3),R,M,-0.7661,0.2471,9.5,4
64(E3),R,N,-2.831,0.2128,10,4
64(E3),R,P,-6.9,0,13,4
64(E3),R,Q,-1.789,0.3222,8.5,4
64(E3),R,R,0,0,,4
64(E3),R,S,-1.696,0.1852,14,4
64(E3),R,T,-2.981,0.3562,12.5,4
64(E3),R,V,-3.275,0.1527,8.5,4
64(E3),R,W,-3.079,0.5385,16.5,4
64(E3),R,Y,-3.276,0.4427,6,4
65(E1),T,-,0.02041,0.09377,2,4
65(E1),T,A,-0.12,0.08551,7.5,4
65(E1),T,C,-7.56,0,7.5,4
65(E1),T,D,-0.9321,0.1117,7.5,4
65(E1),T,E,-0.4824,0.2393,6,4
65(E1),T,F,-0.7173,0.1632,5,4
65(E1),T,G,-0.8905,0.9504,7.5,4
65(E1),T,H,-2.11,0.4865,5,4
65(E1),T,I,-0.3368,0.1422,16.5,4
65(E1),T,K,-7.466,0,5,4
65(E1),T,L,-0.7566,0.3095,4.5,4
65(E1),T,M,0.02671,0.1283,6.5,4
65(E1),T,N,-1.531,0.619,7.5,4
65(E1),T,P,-2.147,1.089,5.5,4
65(E1),T,Q,0.01916,0.05606,6.5,4
65(E1),T,R,-7.423,0,5,4
65(E1),T,S,-0.0269,0.07736,5,4
65(E1),T,T,0,0,,4
65(E1),T,V,-1.405,0.1415,8.5,4
65(E1),T,W,-3.399,0.5354,6,4
65(E1),T,Y,-1.773,0.7243,8.5,4
65(E2),T,-,-0.2576,0.1448,1.5,4
65(E2),T,A,-0.4849,0.135,14,4
65(E2),T,C,-2.176,0.2188,7.5,4
65(E2),T,D,-0.6824,0.07278,8.5,4
65(E2),T,E,-0.00924,0.1938,6,4
65(E2),T,F,-6.881,0,5.5,4
65(E2),T,G,-0.6114,0.1596,5.5,4
65(E2),T,H,-3.623,0.2628,6,4
65(E2),T,I,-7.564,0,8,4
65(E2),T,K,-2.387,0.6559,9.75,4
65(E2),T,L,-3.813,0.3904,5,4
65(E2),T,M,-1.972,0.4175,5.5,4
65(E2),T,N,-0.0914,0.2575,9.5,4
65(E2),T,P,-7.584,0,6,4
65(E2),T,Q,0.1333,0.3146,3.5,4
65(E2),T,R,-3.024,0.3368,6.5,4
65(E2),T,S,-0.02925,0.3166,5,4
65(E2),T,T,0,0,,4
65(E2),T,V,-7.148,0,7.5,4
65(E2),T,W,-7.427,0,2.5,4
65(E2),T,Y,-7.28,0,4,4
66(E1),A,-,-0.001775,0.07175,2,2
66(E1),A,A,0,0,,4
66(E1),A,C,-2.054,0.4904,5,4
66(E1),A,D,-3.657,0.7486,10.5,4
66(E1),A,E,-1.45,0.7001,4.5,4
66(E1),A,F,-3.416,0.2526,8.5,4
66(E1),A,G,-0.868,0.2594,3.5,4
66(E1),A,H,-2.071,0.5499,5.5,4
66(E1),A,I,-0.203,0.5782,7.5,4
66(E1),A,K,-5.298,0,6.5,4
66(E1),A,L,-2.55,0.3904,5.5,4
66(E1),A,M,-3.186,0.5827,5,4
66(E1),A,N,-2.241,0.2742,9,4
66(E1),A,P,-2.654,0.2622,9.5,4
66(E1),A,Q,-3.498,0.1198,9.25,4
66(E1),A,R,-5.115,0,7.5,4
66(E1),A,S,-0.9075,0.3602,11.5,4
66(E1),A,T,-0.0923,0.01206,71.5,4
66(E1),A,V,-0.03635,0.1085,13,4
66(E1),A,W,-3.975,0.2527,8.5,4
66(E1),A,Y,-3.162,1.085,7,4
66(E2),K,*,-7.344,0,0.5,2
66(E2),K,-,-0.5758,0.1625,1.5,4
66(E2),K,A,0.01665,0.341,9,4
66(E2),K,C,-0.5702,0.1432,7,4
66(E2),K,D,-6.969,0,5.75,4
66(E2),K,E,-5.809,0,5.5,4
66(E2),K,F,-0.4622,0.04148,9,4
66(E2),K,G,-1.649,0.5321,5.5,4
66(E2),K,H,-2.534,0.8664,5.5,4
66(E2),K,I,-0.185,0.1445,8,4
66(E2),K,K,0,0,,4
66(E2),K,L,-1.705,0.6136,6,4
66(E2),K,M,-0.2996,0.3564,10,4
66(E2),K,N,-0.5435,0.7683,10,4
66(E2),K,P,-7.179,0,8.5,4
66(E2),K,Q,-1.15,0.5689,8,4
66(E2),K,R,-0.9988,0.2029,6.5,4
66(E2),K,S,-1.251,0.4808,6,4
66(E2),K,T,-0.5884,0.2213,4.5,4
66(E2),K,V,0.03811,0.1898,4.5,4
66(E2),K,W,-1.036,0.2462,5.75,4
66(E2),K,Y,0.1948,0.2296,7.5,4
67(E1),E,*,-3.825,1.919,2.75,4
67(E1),E,-,-2.657,1.95,3,4
67(E1),E,A,-2.384,0.1909,8.5,4
67(E1),E,C,-7.554,0,10.5,4
67(E1),E,D,-3.381,0.2244,9.25,4
67(E1),E,E,0,0,,4
67(E1),E,F,-4.36,0,7.5,4
67(E1),E,G,-3.123,0.3727,11.5,4
67(E1),E,H,-5.064,0,5.5,4
67(E1),E,I,-2.571,0.4989,7,4
67(E1),E,K,-6.734,0,11,4
67(E1),E,L,-4.153,0.08097,6.5,4
67(E1),E,M,-3.625,0.5765,6,4
67(E1),E,N,-3.446,0.5956,5.5,4
67(E1),E,P,-5.216,0,7.5,4
67(E1),E,Q,-1.214,0.3177,5,4
67(E1),E,R,-5.213,0,6.5,4
67(E1),E,S,-1.214,0.3278,5,4
67(E1),E,T,-2.276,0.1822,8.5,4
67(E1),E,V,-2.459,0.1844,7.5,4
67(E1),E,W,-3.826,0.2058,11.5,4
67(E1),E,Y,-5.325,0,5.5,4
67(E2),L,-,-0.3964,0.1443,1.5,4
67(E2),L,A,-5.792,0,7.5,4
67(E2),L,C,-5.901,0,8.5,4
67(E2),L,D,-7.256,0,6,4
67(E2),L,E,-7.133,0,9,4
67(E2),L,F,-2.182,0.5577,6,4
67(E2),L,G,-7.175,0,5,4
67(E2),L,H,-7.371,0,3.5,4
67(E2),L,I,-0.8027,0.3309,5,4
67(E2),L,K,-7.532,0,4,4
67(E2),L,L,0,0,,4
67(E2),L,M,-0.09395,0.4948,4.5,4
67(E2),L,N,-7.48,0,6,4
67(E2),L,P,-7.588,0,10,4
67(E2),L,Q,-7.553,0,7,4
67(E2),L,R,-7.567,0,8,4
67(E2),L,S,-7.665,0,9,4
67(E2),L,T,-7.174,0,7.5,4
67(E2),L,V,-1.853,0.5519,7,4
67(E2),L,W,-5.164,0.5609,3.5,4
67(E2),L,Y,-7.548,0,6,4
68(E1),C,*,-6.462,0,3,4
68(E1),C,-,-0.1368,0.1066,2.5,4
68(E1),C,A,-7.309,0,4,4
68(E1),C,C,0,0,,4
68(E1),C,D,-7.473,0,1.5,2
68(E1),C,E,-7.568,0,5.5,4
68(E1),C,F,-7.598,0,14,4
68(E1),C,G,-7.337,0,6,4
68(E1),C,H,-7.569,0,7.5,4
68(E1),C,I,-7.524,0,8,4
68(E1),C,K,-7.612,0,5,4
68(E1),C,L,-7.41,0,10,4
68(E1),C,M,-7.546,0,7,4
68(E1),C,N,-7.369,0,8,4
68(E1),C,P,-7.49,0,5,4
68(E1),C,Q,-7.468,0,7.5,4
68(E1),C,R,-7.69,0,11.5,4
68(E1),C,S,-7.58,0,10,4
68(E1),C,T,-7.512,0,7.5,4
68(E1),C,V,-7.373,0,6,4
68(E1),C,W,-7.323,0,5,4
68(E1),C,Y,-7.546,0,27.75,4
68(E2),R,-,-1.058,0.4973,1.5,4
68(E2),R,A,-7.406,0,6,4
68(E2),R,C,-7.207,0,8,4
68(E2),R,D,-7.579,0,4,4
68(E2),R,E,-7.433,0,8,4
68(E2),R,F,-7.244,0,4.5,4
68(E2),R,G,-6.917,0,4,4
68(E2),R,H,-7.565,0,6.5,4
68(E2),R,I,-7.094,0,4.5,4
68(E2),R,K,-6.859,0,8.5,4
68(E2),R,L,-7.532,0,11,4
68(E2),R,M,-7.541,0,5.5,4
68(E2),R,N,-7.399,0,4,4
68(E2),R,P,-7.546,0,7.5,4
68(E2),R,Q,-7.492,0,14.5,4
68(E2),R,R,0,0,,4
68(E2),R,S,-7.596,0,7,4
68(E2),R,T,-6.912,0,5,4
68(E2),R,V,-7.065,0,10,4
68(E2),R,W,-7.446,0,31,4
68(E2),R,Y,-7.165,0,6,4
69(E1),K,-,-1.427,0.9741,2.5,4
69(E1),K,A,-0.7483,0.08145,6.5,4
69(E1),K,C,-1.172,0.1669,11,4
69(E1),K,D,-0.7853,0.219,10,4
69(E1),K,E,-0.34,0.3714,11,4
69(E1),K,F,-0.01722,0.08449,6,4
69(E1),K,G,0.1383,0.1217,11.5,4
69(E1),K,H,0.1295,0.04189,11.75,4
69(E1),K,I,-0.5321,0.1605,7,4
69(E1),K,K,0,0,,4
69(E1),K,L,0.2032,0.03396,10,4
69(E1),K,M,-5e-05,0.07737,11,4
69(E1),K,N,-0.08581,0.1188,12,4
69(E1),K,P,-0.7623,0.2603,9.5,4
69(E1),K,Q,-0.3647,0.1827,8,4
69(E1),K,R,0.03677,0.04511,10.5,4
69(E1),K,S,-1.215,1.604,4,4
69(E1),K,T,0.07292,0.1473,8,4
69(E1),K,V,-0.1938,0.2144,10,4
69(E1),K,W,-0.1781,0.2254,6.5,4
69(E1),K,Y,-0.07486,0.07678,6.5,4
69(E2),Y,*,-6.311,0.223,3.5,4
69(E2),Y,-,-0.1828,0.0294,1,2
69(E2),Y,A,-4.096,0.1632,5.5,4
69(E2),Y,C,-7.433,0,7.5,4
69(E2),Y,D,-7.577,0,5.5,4
69(E2),Y,E,-7.521,0,4,4
69(E2),Y,F,-0.9326,0.8413,4.25,4
69(E2),Y,G,-7.515,0,3,4
69(E2),Y,H,-1.048,0.1877,7,4
69(E2),Y,I,-7.518,0,4.5,4
69(E2),Y,K,-7.202,0,4.5,4
69(E2),Y,L,-7.245,0,11.5,4
69(E2),Y,M,-6.88,0,6,4
69(E2),Y,N,-7.604,0,9.5,4
69(E2),Y,P,-7.463,0,3.5,4
69(E2),Y,Q,-7.585,0,6,4
69(E2),Y,R,-7.293,0,5,4
69(E2),Y,S,-7.25,0,4,4
69(E2),Y,T,-7.454,0,7,4
69(E2),Y,V,-7.457,0,6.5,4
69(E2),Y,W,-1.153,0.1834,4.5,4
69(E2),Y,Y,0,0,,4
7(6K),A,-,0.09695,0.01795,0.5,2
7(6K),A,A,0,0,,4
7(6K),A,C,-0.2629,0.334,10,4
7(6K),A,D,-0.105,0.1889,13,4
7(6K),A,E,-0.00825,0.2152,4.5,4
7(6K),A,F,-0.1209,0.3559,8,4
7(6K),A,G,-0.07619,0.1218,7.5,4
7(6K),A,H,-0.2936,0.2539,5.5,4
7(6K),A,I,-0.2844,0.2363,6.5,4
7(6K),A,K,-0.07534,0.2265,7.5,4
7(6K),A,L,0.117,0.1056,8,4
7(6K),A,M,0.1193,0.1244,9,4
7(6K),A,N,-0.1677,0.2715,8.5,4
7(6K),A,P,0.1038,0.1263,12.5,4
7(6K),A,Q,-0.7509,0.3099,3,4
7(6K),A,R,0.001471,0.1746,8,4
7(6K),A,S,0.1064,0.03873,8.5,4
7(6K),A,T,0.06599,0.0741,33.25,4
7(6K),A,V,-0.08768,0.09349,20,4
7(6K),A,W,-0.621,0.3397,5.5,4
7(6K),A,Y,-0.3353,0.3428,8.5,4
7(E1),I,-,0.009034,0.01321,1,2
7(E1),I,A,-1.345,0.3127,3,4
7(E1),I,C,-1.441,0.6468,6,4
7(E1),I,D,-7.429,0,7.75,4
7(E1),I,E,-7.54,0,6,4
7(E1),I,F,-0.4098,0.7497,9,4
7(E1),I,G,-4.728,0,5,4
7(E1),I,H,-1.194,0.1399,8.5,4
7(E1),I,I,0,0,,4
7(E1),I,K,-7.222,0,5.5,4
7(E1),I,L,-0.1549,0.1383,10.5,4
7(E1),I,M,-0.1172,0.1103,4,4
7(E1),I,N,-4.746,0.07967,6,4
7(E1),I,P,-7.068,0,10,4
7(E1),I,Q,-2.027,0.6619,4,4
7(E1),I,R,-7.279,0,9,4
7(E1),I,S,-4.734,0,6.5,4
7(E1),I,T,-1.635,0.4745,8,4
7(E1),I,V,-0.1072,0.5353,9.5,4
7(E1),I,W,-2.732,0.8389,7,4
7(E1),I,Y,-3.74,0.1689,7,4
7(E2),N,-,-0.3108,0.2531,2.5,4
7(E2),N,A,-0.3755,0.1681,7.5,4
7(E2),N,C,-1.978,0.2657,10.5,4
7(E2),N,D,0.05783,0.3551,4,4
7(E2),N,E,0.00055,0.4227,7,4
7(E2),N,F,-0.6252,0.6861,8,4
7(E2),N,G,-1.413,0.3958,7.5,4
7(E2),N,H,-0.6266,0.2552,7,4
7(E2),N,I,-0.4247,0.6161,10,4
7(E2),N,K,-2.063,0.3401,6,4
7(E2),N,L,-0.2148,0.2538,11,4
7(E2),N,M,-0.641,0.1101,4.5,4
7(E2),N,N,0,0,,4
7(E2),N,P,-5.67,0,11.5,4
7(E2),N,Q,-0.4353,0.5168,8,4
7(E2),N,R,-3.13,0.3928,6,4
7(E2),N,S,-0.3083,0.186,8.25,4
7(E2),N,T,-0.6813,0.143,9,4
7(E2),N,V,-0.9933,0.1206,9,4
7(E2),N,W,-1.597,0.5135,10.75,4
7(E2),N,Y,-0.4979,0.4034,4.5,4
7(E3),M,-,-0.6002,0.1999,0.5,2
7(E3),M,A,-2.908,0.623,8.5,4
7(E3),M,C,-2.972,0.2565,11.5,4
7(E3),M,D,-7.484,0,3.5,4
7(E3),M,E,-7.566,0,8.5,4
7(E3),M,F,-0.2369,0.4702,9.5,4
7(E3),M,G,-7.606,0,10.5,4
7(E3),M,H,-7.45,0,12,4
7(E3),M,I,0.08476,0.05155,19,4
7(E3),M,K,-7.03,0,6.5,4
7(E3),M,L,-0.209,0.2122,11.5,4
7(E3),M,M,0,0,,4
7(E3),M,N,-7.528,0,10,4
7(E3),M,P,-7.481,0,9.25,4
7(E3),M,Q,-7.337,0,10,4
7(E3),M,R,-7.623,0,9.5,4
7(E3),M,S,-7.261,0,10.5,4
7(E3),M,T,-7.363,0,11.5,4
7(E3),M,V,-1.48,0.3023,16.5,4
7(E3),M,W,-0.2945,0.1958,11.5,4
7(E3),M,Y,-0.1657,0.03828,6.5,4
70(E1),D,-,-2.016,0.151,1.5,2
70(E1),D,A,0.2087,0.05278,4.75,4
70(E1),D,C,-2.847,0.5036,8.5,4
70(E1),D,D,0,0,,4
70(E1),D,E,0.1432,0.1441,6.25,4
70(E1),D,F,-0.00295,0.2809,8.5,4
70(E1),D,G,0.003895,0.05472,7.5,4
70(E1),D,H,-0.7039,0.8066,5.5,4
70(E1),D,I,-0.0744,0.2117,5.5,4
70(E1),D,K,-1.184,1.023,2.5,4
70(E1),D,L,-0.2636,0.5007,5,4
70(E1),D,M,-0.1613,0.1611,5.5,4
70(E1),D,N,0.1235,0.04682,14.5,4
70(E1),D,P,-0.3988,0.8071,5.5,4
70(E1),D,Q,-0.07694,0.2173,6,4
70(E1),D,R,-0.1479,0.4264,4,4
70(E1),D,S,0.01054,0.1878,3,4
70(E1),D,T,-1.02,0.3249,5,4
70(E1),D,V,0.1185,0.07161,7,4
70(E1),D,W,0.1024,0.3216,8,4
70(E1),D,Y,0.07502,0.05072,13.5,4
70(E2),M,-,0.2544,0.1691,0.5,2
70(E2),M,A,-0.03567,0.06742,4.5,4
70(E2),M,C,-2.221,0.2561,6.5,4
70(E2),M,D,-5.095,0,2,4
70(E2),M,E,-3.841,0.1483,4.5,4
70(E2),M,F,-3.103,0.6056,5.5,4
70(E2),M,G,-6.465,0,4.5,4
70(E2),M,H,-6.579,0,5.5,4
70(E2),M,I,-4.882,0.09829,21,4
70(E2),M,K,-5.489,0,8.5,4
70(E2),M,L,-0.9823,0.3763,6,4
70(E2),M,M,0,0,,4
70(E2),M,N,-6.169,0,9.5,4
70(E2),M,P,-7.378,0,5.5,4
70(E2),M,Q,-0.4489,0.4177,3.5,4
70(E2),M,R,-4.008,0.4046,8,4
70(E2),M,S,-2.593,1.729,3.5,4
70(E2),M,T,-3.55,0.4648,9,4
70(E2),M,V,-5.844,0,8,4
70(E2),M,W,-2.114,0.5542,6.5,4
70(E2),M,Y,-3.58,0.392,5,4
71(E1),K,*,-0.3928,0.0317,0.5,2
71(E1),K,-,-0.06834,0.00874,0.5,2
71(E1),K,A,-0.364,0.4366,6,4
71(E1),K,C,-2.473,0.2164,8,4
71(E1),K,D,-1.719,0.4213,8,4
71(E1),K,E,-0.2674,0.2208,13.5,4
71(E1),K,F,-1.175,0.8822,6,4
71(E1),K,G,-2.054,0.1764,7,4
71(E1),K,H,0.06062,0.06698,12.5,4
71(E1),K,I,-0.2022,0.2656,7,4
71(E1),K,K,0,0,,4
71(E1),K,L,-1.294,0.9422,6.5,4
71(E1),K,M,-0.3531,0.3418,8,4
71(E1),K,N,-0.9829,0.6948,14.25,4
71(E1),K,P,-3.473,0.3802,9,4
71(E1),K,Q,-0.3034,0.3443,8,4
71(E1),K,R,-0.05561,0.07329,14.25,4
71(E1),K,S,-0.9578,0.09817,8.5,4
71(E1),K,T,-0.4726,0.1633,11,4
71(E1),K,V,-0.1548,0.08622,7.5,4
71(E1),K,W,-0.8886,0.1293,10.5,4
71(E1),K,Y,0.1175,0.127,6.5,4
71(E2),D,A,0.2027,0.2702,6.5,4
71(E2),D,C,-0.7328,0.4648,6.5,4
71(E2),D,D,0,0,,4
71(E2),D,E,0.2267,0.1415,10,4
71(E2),D,F,-1.218,0.124,13.5,4
71(E2),D,G,-2.007,0.4868,9.5,4
71(E2),D,H,-0.0589,0.3928,7.25,4
71(E2),D,I,-1.472,0.4019,6,4
71(E2),D,K,-2.181,0.1761,5,4
71(E2),D,L,0.2508,0.1956,5.5,4
71(E2),D,M,-0.1819,0.5093,3.5,4
71(E2),D,N,-0.1031,0.2548,15.5,4
71(E2),D,P,-3.425,0.2218,7,4
71(E2),D,Q,0.02755,0.5768,6,4
71(E2),D,R,-1.784,0.1505,6.5,4
71(E2),D,S,-0.2104,0.2653,4,4
71(E2),D,T,-1.389,0.05254,4.5,4
71(E2),D,V,0.1609,0.3721,3.5,4
71(E2),D,W,-0.6257,0.3124,3.5,4
71(E2),D,Y,-0.3546,0.3944,7,4
72(E1),S,-,-0.1466,0.00795,0.5,2
72(E1),S,A,-0.4119,0.4664,9,4
72(E1),S,C,-0.6897,0.3176,7.5,4
72(E1),S,D,-0.2967,0.1455,6,4
72(E1),S,E,-0.1171,0.3391,6.5,4
72(E1),S,F,-0.2588,0.3163,7,4
72(E1),S,G,-0.1996,0.1297,10.75,4
72(E1),S,H,-0.4194,0.1171,5.5,4
72(E1),S,I,-0.2782,0.1579,9.5,4
72(E1),S,K,-0.3734,0.7992,6.5,4
72(E1),S,L,-0.08414,0.07335,7.5,4
72(E1),S,M,0.1351,0.1004,10,4
72(E1),S,N,0.1462,0.05448,8.25,4
72(E1),S,P,0.2249,0.02775,7.5,4
72(E1),S,Q,0.08341,0.09097,5,4
72(E1),S,R,-0.4202,0.08271,13.5,4
72(E1),S,S,0,0,,4
72(E1),S,T,0.1889,0.05447,7.5,4
72(E1),S,V,0.05226,0.02695,8.5,4
72(E1),S,W,0.1002,0.2325,7.5,4
72(E1),S,Y,0.00443,1.293,4,4
72(E2),N,A,0.2433,0.2078,9,4
72(E2),N,C,-0.832,0.6772,4,4
72(E2),N,D,-0.5087,0.06553,7,4
72(E2),N,E,-0.3784,0.5701,5.5,4
72(E2),N,F,-1.472,0.8534,6,4
72(E2),N,G,0.3533,0.1698,8,4
72(E2),N,H,0.2266,0.2154,8,4
72(E2),N,I,-3.431,0.4257,5,4
72(E2),N,K,0.1345,0.298,12.5,4
72(E2),N,L,-0.9564,0.6134,7.5,4
72(E2),N,M,-0.1833,0.1269,7,4
72(E2),N,N,0,0,,4
72(E2),N,P,-4.61,0.2031,9,4
72(E2),N,Q,0.06566,0.1261,10,4
72(E2),N,R,0.06155,0.4986,7,4
72(E2),N,S,-0.3005,0.382,5.25,4
72(E2),N,T,-0.7758,0.4039,6.5,4
72(E2),N,V,-3.25,0.3865,3.5,4
72(E2),N,W,-0.5879,0.321,6,4
72(E2),N,Y,-0.351,0.271,9,4
73(E1),L,-,-0.01818,0.05238,0.5,2
73(E1),L,A,-0.1091,0.1607,7.5,4
73(E1),L,C,-3.47,0.4742,5.5,4
73(E1),L,D,-0.6603,0.1451,5,4
73(E1),L,E,-0.06066,0.04048,7,4
73(E1),L,F,-0.6613,0.5002,7.75,4
73(E1),L,G,-1.922,0.1827,5.5,4
73(E1),L,H,-0.6252,0.9665,5.5,4
73(E1),L,I,-0.3464,0.1256,9,4
73(E1),L,K,-0.343,0.08777,7.5,4
73(E1),L,L,0,0,,4
73(E1),L,M,-0.05701,0.03689,12.5,4
73(E1),L,N,-1.047,0.1176,6,4
73(E1),L,P,-4.554,0.07015,14.5,4
73(E1),L,Q,-0.9189,0.5998,7.5,4
73(E1),L,R,-1.036,0.2536,8,4
73(E1),L,S,-0.6915,0.07916,6,4
73(E1),L,T,-0.3978,0.1627,6,4
73(E1),L,V,-0.1784,0.09847,9,4
73(E1),L,W,-0.2741,0.2148,7,4
73(E1),L,Y,-0.3877,0.2062,8,4
73(E2),H,-,-4.401,0,0.5,2
73(E2),H,A,-3.259,0.2682,3.5,4
73(E2),H,C,-6.916,0,8.5,4
73(E2),H,D,-6.005,0,8,4
73(E2),H,E,-6.718,0,4.5,4
73(E2),H,F,-6.825,0,8,4
73(E2),H,G,-3.679,0.2804,6,4
73(E2),H,H,0,0,,4
73(E2),H,I,-3.869,0.2125,10.5,4
73(E2),H,K,-4.314,0.07838,6.25,4
73(E2),H,L,-3.477,0.2535,7,4
73(E2),H,M,-2.811,0.4041,5,4
73(E2),H,N,-3.492,0.5952,7,4
73(E2),H,P,-5.585,0,9.5,4
73(E2),H,Q,-3.104,0.5979,4.5,4
73(E2),H,R,-2.977,0.1959,10.5,4
73(E2),H,S,-3.657,0.3224,7,4
73(E2),H,T,-2.983,0.1282,7,4
73(E2),H,V,-4.088,1.529,3,4
73(E2),H,W,-3.825,0.1971,9.5,4
73(E2),H,Y,-4.192,0.2716,10,4
74(E1),P,A,-0.2585,0.192,5.75,4
74(E1),P,C,-7.325,0,6.5,4
74(E1),P,D,-7.486,0,7.5,4
74(E1),P,E,-5.646,0.05326,7,4
74(E1),P,F,-5.106,0.09007,7,4
74(E1),P,G,-2.411,0.1681,4,4
74(E1),P,H,-2.579,0.2122,13,4
74(E1),P,I,-2.912,0.2191,6.5,4
74(E1),P,K,-6.378,0,6.5,4
74(E1),P,L,-7.139,0,11,4
74(E1),P,M,-5.44,0,8.5,4
74(E1),P,N,-3.681,0.2384,6,4
74(E1),P,P,0,0,,4
74(E1),P,Q,-3.841,0.5197,7,4
74(E1),P,R,-6.944,0,5.5,4
74(E1),P,S,-0.5022,0.186,21.5,4
74(E1),P,T,-0.8142,0.08792,9,4
74(E1),P,V,-1.488,0.183,6.5,4
74(E1),P,W,-5.5,0.0485,6.5,4
74(E1),P,Y,-5.093,0,10,4
74(E2),M,-,-2.552,0.02,0.5,2
74(E2),M,A,-0.1189,0.5147,5,4
74(E2),M,C,-0.2161,0.2302,9.5,4
74(E2),M,D,-0.05977,0.08691,5.5,4
74(E2),M,E,-0.1783,0.1547,7,4
74(E2),M,F,0.0483,0.3692,7,4
74(E2),M,G,-2.797,0.2671,9,4
74(E2),M,H,0.216,0.1686,9,4
74(E2),M,I,-0.1224,0.1253,26.5,4
74(E2),M,K,-0.5138,0.09378,7.25,4
74(E2),M,L,0.3647,0.03581,10.5,4
74(E2),M,M,0,0,,4
74(E2),M,N,0.4641,0.1891,9.5,4
74(E2),M,P,-7.53,0,3,2
74(E2),M,Q,-0.1941,0.3686,7,4
74(E2),M,R,-0.01766,0.3089,8.5,4
74(E2),M,S,-0.111,0.3746,4,4
74(E2),M,T,-0.05226,0.1939,7.5,4
74(E2),M,V,-0.1001,0.2594,8,4
74(E2),M,W,0.05374,0.2226,8,4
74(E2),M,Y,0.2881,0.2535,9.5,4
75(E1),D,A,-1.379,0.3439,8.5,4
75(E1),D,C,-7.531,0,10.5,4
75(E1),D,D,0,0,,4
75(E1),D,E,-0.8102,0.4111,5.5,4
75(E1),D,F,-7.566,0,9,4
75(E1),D,G,-0.6399,0.6759,5,4
75(E1),D,H,-4.504,0,9.5,4
75(E1),D,I,-7.542,0,10.5,4
75(E1),D,K,-7.687,0,5.5,4
75(E1),D,L,-7.667,0,9,4
75(E1),D,M,-5.184,0,6,4
75(E1),D,N,-0.5067,0.1907,14.5,4
75(E1),D,P,-7.403,0,8.5,4
75(E1),D,Q,-2.483,0.1658,6,4
75(E1),D,R,-7.314,0,6,4
75(E1),D,S,-0.8082,0.1083,7,4
75(E1),D,T,-7.506,0,7,4
75(E1),D,V,-7.561,0,8.5,4
75(E1),D,W,-7.495,0,6.5,4
75(E1),D,Y,-7.59,0,11.5,4
75(E2),P,A,-0.1116,0.2224,6.5,4
75(E2),P,C,-0.102,0.2756,7.5,4
75(E2),P,D,-0.3889,0.4614,3,4
75(E2),P,E,-0.3427,0.3241,5.5,4
75(E2),P,F,-0.7154,0.5177,7,4
75(E2),P,G,-2.441,1.054,5.5,4
75(E2),P,H,-1.776,0.3025,8.5,4
75(E2),P,I,0.02533,0.1813,7,4
75(E2),P,K,-3.603,0.4334,3,4
75(E2),P,L,-0.5352,0.6506,7,4
75(E2),P,M,0.2935,0.08477,5.5,4
75(E2),P,N,-0.6738,0.5037,9.5,4
75(E2),P,P,0,0,,4
75(E2),P,Q,-0.8112,0.5828,4.5,4
75(E2),P,R,-5.462,0,4,4
75(E2),P,S,0.2621,0.04942,11,4
75(E2),P,T,0.1295,0.3583,7.5,4
75(E2),P,V,-0.0378,0.2835,6.5,4
75(E2),P,W,-1.534,0.649,3,4
75(E2),P,Y,-1.961,0.2157,5.5,4
76(E1),Y,*,-4.071,1.821,1.5,4
76(E1),Y,-,0.1993,0.01255,0.5,2
76(E1),Y,A,-6.542,0,6.5,4
76(E1),Y,C,-7.284,0,6.5,4
76(E1),Y,D,-7.205,0,5.5,4
76(E1),Y,E,-7.46,0,5.5,4
76(E1),Y,F,-0.4346,0.2859,8,4
76(E1),Y,G,-7.413,0,4.25,4
76(E1),Y,H,-4.658,0.4518,9,4
76(E1),Y,I,-7.672,0,6.25,4
76(E1),Y,K,-7.509,0,7.5,4
76(E1),Y,L,-7.567,0,11,4
76(E1),Y,M,-7.492,0,8,4
76(E1),Y,N,-6.958,0,8,4
76(E1),Y,P,-7.627,0,4,4
76(E1),Y,Q,-7.486,0,10,4
76(E1),Y,R,-6.759,0,10,4
76(E1),Y,S,-6.6,0,5.5,4
76(E1),Y,T,-7.466,0,4.5,4
76(E1),Y,V,-7.303,0,6,4
76(E1),Y,W,-1.712,0.4777,7,4
76(E1),Y,Y,0,0,,4
76(E2),A,-,-0.5847,0.17,1,2
76(E2),A,A,0,0,,4
76(E2),A,C,-0.5432,0.2937,6,4
76(E2),A,D,-0.5609,0.1601,8.5,4
76(E2),A,E,0.2349,0.1321,7.5,4
76(E2),A,F,-0.8364,0.2973,8,4
76(E2),A,G,-0.1379,0.1242,7.5,4
76(E2),A,H,-0.3604,0.2368,5,4
76(E2),A,I,-2.591,0.5099,4.5,4
76(E2),A,K,-1.323,0.4556,3.5,4
76(E2),A,L,-1.143,0.7107,4.5,4
76(E2),A,M,0.06495,0.3698,5.5,4
76(E2),A,N,-0.3376,0.3171,6.5,4
76(E2),A,P,-7.345,0,7,4
76(E2),A,Q,-0.1115,0.3403,9,4
76(E2),A,R,-0.2147,0.247,3.5,4
76(E2),A,S,-0.06712,0.2721,9,4
76(E2),A,T,-1.075,0.3517,29.5,4
76(E2),A,V,-2.207,0.4618,41.5,4
76(E2),A,W,-0.8551,0.2822,4,4
76(E2),A,Y,-1.018,0.2274,6.5,4
77(E1),S,A,0.1358,0.08793,6.5,4
77(E1),S,C,-0.2285,0.4276,7.5,4
77(E1),S,D,-0.5109,0.7968,4,4
77(E1),S,E,-0.0321,0.2651,5,4
77(E1),S,F,-0.9289,0.1607,10.5,4
77(E1),S,G,-0.177,0.2714,7.5,4
77(E1),S,H,-0.8092,0.6555,6,4
77(E1),S,I,-0.3543,0.1806,8,4
77(E1),S,K,-1.548,0.6427,2.5,4
77(E1),S,L,-1.534,0.169,10.5,4
77(E1),S,M,0.00346,0.3698,11.5,4
77(E1),S,N,-0.3597,0.3249,6.5,4
77(E1),S,P,-7.338,0,7.5,4
77(E1),S,Q,-0.3883,0.6688,7.5,4
77(E1),S,R,-0.07184,0.1268,5,4
77(E1),S,S,0,0,,4
77(E1),S,T,0.192,0.06822,7,4
77(E1),S,V,0.02717,0.1929,7.5,4
77(E1),S,W,-3.437,0.4841,8.5,4
77(E1),S,Y,-0.8769,0.05417,11,4
77(E2),D,-,0.09234,0.11,0.5,2
77(E2),D,A,-2.409,0.308,8,4
77(E2),D,C,-3.157,0.8332,7,4
77(E2),D,D,0,0,,4
77(E2),D,E,-0.5999,0.5584,7.5,4
77(E2),D,F,-6.557,0,9.5,4
77(E2),D,G,-3.069,0.4675,9,4
77(E2),D,H,-2.935,0.3241,5,4
77(E2),D,I,-5.358,0.2576,4,4
77(E2),D,K,-7.221,0,9,4
77(E2),D,L,-2.83,0.4182,5,4
77(E2),D,M,-1.045,1.19,4,4
77(E2),D,N,-1.051,0.527,14,4
77(E2),D,P,-3.263,0.3682,7.5,4
77(E2),D,Q,-1.987,0.3059,3.5,4
77(E2),D,R,-7.494,0,10,4
77(E2),D,S,-2.755,0.8632,4.5,4
77(E2),D,T,-3.167,0.2621,7,4
77(E2),D,V,-3.611,0.323,9.5,4
77(E2),D,W,-6.131,0,7,4
77(E2),D,Y,-7.171,0,7,4
78(E1),C,*,-7.69,0,7.5,4
78(E1),C,A,-7.26,0,8,4
78(E1),C,C,0,0,,4
78(E1),C,D,-7.474,0,4,4
78(E1),C,E,-7.387,0,7.5,4
78(E1),C,F,-7.036,0,11,4
78(E1),C,G,-7.569,0,4.5,4
78(E1),C,H,-7.462,0,9,4
78(E1),C,I,-7.333,0,8.5,4
78(E1),C,K,-7.619,0,6.5,4
78(E1),C,L,-7.546,0,5,4
78(E1),C,M,-7.514,0,6,4
78(E1),C,N,-7.623,0,7.5,4
78(E1),C,P,-7.611,0,12,4
78(E1),C,Q,-7.432,0,11.25,4
78(E1),C,R,-7.55,0,10.5,4
78(E1),C,S,-7.469,0,10.5,4
78(E1),C,T,-7.463,0,8,4
78(E1),C,V,-7.505,0,4,4
78(E1),C,W,-7.62,0,8.5,4
78(E1),C,Y,-7.68,0,24.5,4
78(E2),A,-,-0.3122,0.1409,0.5,2
78(E2),A,A,0,0,,4
78(E2),A,C,-5.015,0,8.5,4
78(E2),A,D,-3.152,0.4099,9.5,4
78(E2),A,E,-3.575,0.1399,5.5,4
78(E2),A,F,-6.443,0,10,4
78(E2),A,G,0.02934,0.1497,8.5,4
78(E2),A,H,-6.752,0,6,4
78(E2),A,I,-7.197,0,6.5,4
78(E2),A,K,-7.382,0,7.5,4
78(E2),A,L,-7.426,0,6.5,4
78(E2),A,M,-7.591,0,8,4
78(E2),A,N,-4.538,0,7.5,4
78(E2),A,P,-7.226,0,4,4
78(E2),A,Q,-5.478,0,6,4
78(E2),A,R,-7.614,0,5,4
78(E2),A,S,-1.398,0.5972,13,4
78(E2),A,T,-2.994,0.4228,16.5,4
78(E2),A,V,-7.354,0,38.5,4
78(E2),A,W,-7.612,0,4.5,4
78(E2),A,Y,-7.38,0,10.5,4
79(E1),K,*,-0.1126,0.03127,0.5,2
79(E1),K,A,-0.3157,0.1818,7.25,4
79(E1),K,C,-1.238,0.4318,13,4
79(E1),K,D,-0.3821,0.4858,8,4
79(E1),K,E,0.2051,0.1443,7,4
79(E1),K,F,-0.377,0.1692,12,4
79(E1),K,G,-0.4356,0.6276,6,4
79(E1),K,H,-0.08375,0.2523,10.5,4
79(E1),K,I,-0.9436,0.6233,4.5,4
79(E1),K,K,0,0,,4
79(E1),K,L,0.02681,0.0544,7.5,4
79(E1),K,M,0.1252,0.1265,8,4
79(E1),K,N,-0.3901,0.2592,13.5,4
79(E1),K,P,-7.643,0,10,4
79(E1),K,Q,-0.4453,0.1588,8.5,4
79(E1),K,R,-0.0002,0.2449,13,4
79(E1),K,S,-0.8962,0.5961,4,4
79(E1),K,T,0.1705,0.04435,5,4
79(E1),K,V,-0.2013,0.254,7,4
79(E1),K,W,-1.46,0.4243,11,4
79(E1),K,Y,-0.06996,0.2756,4,4
79(E2),E,*,-7.405,0,5,4
79(E2),E,-,-0.22,0.1377,0.5,2
79(E2),E,A,-3.285,0.7607,7,4
79(E2),E,C,-3.213,0.8179,7,4
79(E2),E,D,-0.02467,0.1549,11.25,4
79(E2),E,E,0,0,,4
79(E2),E,F,-5.762,0,9.5,4
79(E2),E,G,-5.012,0,10,4
79(E2),E,H,-5.123,0,9,4
79(E2),E,I,-7.031,0,9,4
79(E2),E,K,-7.231,0,15.75,4
79(E2),E,L,-3.731,0.1587,11,4
79(E2),E,M,-4.262,0.1225,7.5,4
79(E2),E,N,-3.605,0.32,8.5,4
79(E2),E,P,-3.683,0.5256,4.5,4
79(E2),E,Q,-3.837,0.4957,8,4
79(E2),E,R,-6.58,0,6.5,4
79(E2),E,S,-4.514,0,8,4
79(E2),E,T,-5.323,0,7.5,4
79(E2),E,V,-6.114,0,10.5,4
79(E2),E,W,-5.014,0,10,4
79(E2),E,Y,-5.832,0,10.5,4
8(6K),V,*,-7.585,0,15,4
8(6K),V,-,-0.006415,0.04223,0.5,2
8(6K),V,A,0.07598,0.0461,12,4
8(6K),V,C,-0.334,0.3054,8,4
8(6K),V,D,0.2316,0.03962,8.5,4
8(6K),V,E,0.1549,0.0669,9.5,4
8(6K),V,F,-0.3545,0.05842,11,4
8(6K),V,G,0.08945,0.09318,7,4
8(6K),V,H,0.041,0.07406,7.5,4
8(6K),V,I,-0.164,0.256,8.5,4
8(6K),V,K,-0.2525,0.1468,7.5,4
8(6K),V,L,0.09496,0.1448,17.5,4
8(6K),V,M,-0.06643,0.0442,23,4
8(6K),V,N,-0.2757,0.365,11,4
8(6K),V,P,-0.4421,0.4172,10.5,4
8(6K),V,Q,0.02259,0.1333,7,4
8(6K),V,R,-0.08213,0.1808,7.5,4
8(6K),V,S,-0.5263,0.546,7,4
8(6K),V,T,0.05314,0.1422,7.75,4
8(6K),V,V,0,0,,4
8(6K),V,W,-0.0491,0.1268,7.5,4
8(6K),V,Y,-0.00525,0.2285,9.5,4
8(E1),P,-,-0.0786,0.02339,1,2
8(E1),P,A,-3.421,1.174,6,4
8(E1),P,C,-7.539,0,8.5,4
8(E1),P,D,-3.486,0.7323,8.75,4
8(E1),P,E,-3.559,0.3181,6.25,4
8(E1),P,F,-7.422,0,6.5,4
8(E1),P,G,-0.3733,0.4375,4.5,4
8(E1),P,H,-7.415,0,12.5,4
8(E1),P,I,-7.523,0,9.5,4
8(E1),P,K,-0.8425,1.221,3.5,4
8(E1),P,L,-7.642,0,11.5,4
8(E1),P,M,-7.557,0,6.5,4
8(E1),P,N,-7.63,0,4.5,4
8(E1),P,P,0,0,,4
8(E1),P,Q,-0.2398,0.2063,7.5,4
8(E1),P,R,-7.246,0,7,4
8(E1),P,S,-0.3386,0.5822,9.5,4
8(E1),P,T,-0.6269,0.09813,10.5,4
8(E1),P,V,-7.574,0,5,4
8(E1),P,W,-7.005,0,7,4
8(E1),P,Y,-7.314,0,9.5,4
8(E2),V,*,-7.447,0,0.5,2
8(E2),V,-,-3.296,1.809,3,4
8(E2),V,A,-0.3383,0.2296,6.5,4
8(E2),V,C,-2.48,0.2244,8,4
8(E2),V,D,-0.7773,0.847,8,4
8(E2),V,E,-0.06795,0.5704,7,4
8(E2),V,F,-1.992,0.3384,10.5,4
8(E2),V,G,-1.896,0.7729,5,4
8(E2),V,H,-1.768,0.108,4.5,4
8(E2),V,I,-0.01555,0.6691,6.5,4
8(E2),V,K,-3.132,0.4534,6,4
8(E2),V,L,-0.6435,0.2622,15.5,4
8(E2),V,M,-0.2908,0.2266,21,4
8(E2),V,N,-2.529,0.7125,9.5,4
8(E2),V,P,0.00047,0.1107,7.5,4
8(E2),V,Q,-0.1225,0.4384,8,4
8(E2),V,R,-6.168,0,7.5,4
8(E2),V,S,-1.737,0.9025,6,4
8(E2),V,T,-1.48,0.8443,6.5,4
8(E2),V,V,0,0,,4
8(E2),V,W,-3.979,0.07186,9.5,4
8(E2),V,Y,-2.439,0.5531,6.5,4
8(E3),C,*,-7.311,0,9.5,4
8(E3),C,-,-0.3444,0.123,0.5,2
8(E3),C,A,-2.516,0.2886,13,4
8(E3),C,C,0,0,,4
8(E3),C,D,-7.409,0,9,4
8(E3),C,E,-7.522,0,9.5,4
8(E3),C,F,-0.8192,0.2025,9.5,4
8(E3),C,G,-7.61,0,9.25,4
8(E3),C,H,-6.936,0,8,4
8(E3),C,I,-1.5,0.1544,6,4
8(E3),C,K,-7.595,0,8.5,4
8(E3),C,L,-0.2425,0.2011,5,4
8(E3),C,M,-0.7549,0.9347,3.5,4
8(E3),C,N,-7.601,0,4,4
8(E3),C,P,-7.615,0,4.5,4
8(E3),C,Q,-7.566,0,7.5,4
8(E3),C,R,-7.487,0,11.5,4
8(E3),C,S,-6.606,0,17.5,4
8(E3),C,T,-1.591,0.2199,6.5,4
8(E3),C,V,-1.427,0.2852,7,4
8(E3),C,W,-2.423,0.2218,12,4
8(E3),C,Y,-2.855,0.4197,22,4
80(E1),V,A,-0.9418,0.6036,9,4
80(E1),V,C,-7.46,0,3.5,4
80(E1),V,D,-4.343,0.2569,9,4
80(E1),V,E,-2.151,0.3848,5.5,4
80(E1),V,F,-7.566,0,10,4
80(E1),V,G,-2.144,0.2047,2.5,4
80(E1),V,H,-7.199,0,5,4
80(E1),V,I,-0.08584,0.2069,5,4
80(E1),V,K,-7.338,0,6.5,4
80(E1),V,L,-1.607,0.2371,12.5,4
80(E1),V,M,-3.638,0.3106,18,4
80(E1),V,N,-7.577,0,4.5,4
80(E1),V,P,-2.949,0.3441,7.5,4
80(E1),V,Q,-3.58,0.3528,9,4
80(E1),V,R,-7.593,0,5,4
80(E1),V,S,-2.139,0.3517,7.5,4
80(E1),V,T,-0.8965,0.2567,5,4
80(E1),V,V,0,0,,4
80(E1),V,W,-7.608,0,9,4
80(E1),V,Y,-7.498,0,6.5,4
80(E2),R,-,-0.6968,0.2029,0.5,2
80(E2),R,A,0.2859,0.07223,8,4
80(E2),R,C,-1.401,0.2013,5.5,4
80(E2),R,D,-5.307,0,8,4
80(E2),R,E,-3.157,0.4504,6.5,4
80(E2),R,F,-0.02642,0.2236,10.5,4
80(E2),R,G,-1.389,0.3696,19,4
80(E2),R,H,-2.293,1.259,5.5,4
80(E2),R,I,0.08675,0.08119,9.5,4
80(E2),R,K,-0.09269,0.155,12.25,4
80(E2),R,L,0.2412,0.2409,10.25,4
80(E2),R,M,-0.1178,0.04665,15,4
80(E2),R,N,-0.8198,0.5045,4,4
80(E2),R,P,-7.088,0,10.5,4
80(E2),R,Q,-1.174,0.3455,4.5,4
80(E2),R,R,0,0,,4
80(E2),R,S,0.09785,0.4555,10,4
80(E2),R,T,0.2873,0.07399,5.5,4
80(E2),R,V,0.2702,0.116,5.5,4
80(E2),R,W,-2.379,0.6185,8,4
80(E2),R,Y,-0.00479,0.2199,5.75,4
81(E1),F,A,-7.584,0,6,4
81(E1),F,C,-7.631,0,11.5,4
81(E1),F,D,-4.957,0,8.5,4
81(E1),F,E,-2.898,0.2318,3.5,4
81(E1),F,F,0,0,,4
81(E1),F,G,-7.399,0,6,4
81(E1),F,H,-1.5,0.5387,4,4
81(E1),F,I,-4.406,0,8,4
81(E1),F,K,-7.199,0,6.5,4
81(E1),F,L,-7.455,0,17.75,4
81(E1),F,M,-5.232,0,10,4
81(E1),F,N,-7.531,0,6,4
81(E1),F,P,-7.535,0,8.5,4
81(E1),F,Q,-7.571,0,8.5,4
81(E1),F,R,-7.492,0,7,4
81(E1),F,S,-7.434,0,4,4
81(E1),F,T,-7.647,0,10,4
81(E1),F,V,-7.008,0,7,4
81(E1),F,W,-0.5708,0.6193,5,4
81(E1),F,Y,0.005645,0.1591,10,4
81(E2),A,-,-0.8326,0.1783,0.5,2
81(E2),A,A,0,0,,4
81(E2),A,C,-0.3721,0.4867,6.5,4
81(E2),A,D,0.2996,0.2542,8.5,4
81(E2),A,E,0.3404,0.1882,3,4
81(E2),A,F,-1.179,0.1025,5,4
81(E2),A,G,-0.3709,0.3918,5.5,4
81(E2),A,H,-0.4555,0.5071,4.5,4
81(E2),A,I,-0.8724,0.05532,7,4
81(E2),A,K,-2.994,0.3491,7,4
81(E2),A,L,-1.028,0.1946,7.5,4
81(E2),A,M,-1.234,0.2344,3.5,4
81(E2),A,N,0.2689,0.07909,10,4
81(E2),A,P,-1.627,0.5198,9.5,4
81(E2),A,Q,0.3178,0.1952,3.5,4
81(E2),A,R,-3.265,0.4338,5,4
81(E2),A,S,-0.0331,0.1788,9,4
81(E2),A,T,-0.00789,0.07809,27.75,4
81(E2),A,V,-1.369,0.1278,28.5,4
81(E2),A,W,-2.585,0.7292,8.5,4
81(E2),A,Y,-1.469,0.09813,5.5,4
82(E1),T,A,0.1257,0.07641,12,4
82(E1),T,C,-5.463,0,5,4
82(E1),T,D,-0.7842,0.7006,5.5,4
82(E1),T,E,-0.5439,0.4783,5,4
82(E1),T,F,-0.3642,0.4849,6,4
82(E1),T,G,0.0988,0.05287,8.5,4
82(E1),T,H,0.04611,0.2577,6.5,4
82(E1),T,I,-0.2216,0.2617,13,4
82(E1),T,K,-1.554,0.2361,5,4
82(E1),T,L,-0.1,0.2191,8,4
82(E1),T,M,0.1204,0.1451,7,4
82(E1),T,N,-0.1168,0.4103,9,4
82(E1),T,P,0.2268,0.0532,9,4
82(E1),T,Q,0.1485,0.103,5,4
82(E1),T,R,-2.731,0.6501,5.5,4
82(E1),T,S,0.1351,0.04189,10.25,4
82(E1),T,T,0,0,,4
82(E1),T,V,-0.2089,0.4518,9,4
82(E1),T,W,-0.2348,0.1986,7,4
82(E1),T,Y,0.06453,0.05087,8,4
82(E2),R,*,-5.599,0.7288,2,4
82(E2),R,-,-0.2964,0.1472,0.5,2
82(E2),R,A,0.1441,0.09011,5.5,4
82(E2),R,C,-0.01175,0.2732,4.5,4
82(E2),R,D,0.4373,0.2177,5.5,4
82(E2),R,E,0.3413,0.1816,9,4
82(E2),R,F,0.2137,0.1245,12.5,4
82(E2),R,G,0.4263,0.1809,7,4
82(E2),R,H,-0.00655,0.2401,8,4
82(E2),R,I,-4.87,0,9,4
82(E2),R,K,0.1237,0.2872,10.5,4
82(E2),R,L,0.3853,0.02561,7.5,4
82(E2),R,M,0.312,0.2087,7.5,4
82(E2),R,N,0.3809,0.1448,8.5,4
82(E2),R,P,0.4849,0.309,6.5,4
82(E2),R,Q,0.3039,0.2197,3,4
82(E2),R,R,0,0,,4
82(E2),R,S,0.2319,0.4716,5.5,4
82(E2),R,T,0.2056,0.1488,7.5,4
82(E2),R,V,-0.7641,0.2528,4.5,4
82(E2),R,W,0.233,0.1316,8,4
82(E2),R,Y,0.09051,0.08316,9,4
83(E1),G,-,-7.569,0,0.5,2
83(E1),G,A,-0.9988,1.413,10.25,4
83(E1),G,C,-7.679,0,12,4
83(E1),G,D,-0.0866,0.1275,35.5,4
83(E1),G,E,-1.851,0.179,6.5,4
83(E1),G,F,-5.874,0,5,4
83(E1),G,G,0,0,,4
83(E1),G,H,-2.248,0.6732,4.5,4
83(E1),G,I,-7.625,0,9,4
83(E1),G,K,-7.574,0,4,4
83(E1),G,L,-7.22,0,7,4
83(E1),G,M,-1.905,0.2807,5,4
83(E1),G,N,-0.4611,0.2091,7,4
83(E1),G,P,-4.621,0,7,4
83(E1),G,Q,-1.096,0.1872,5.5,4
83(E1),G,R,-5.954,0,8,4
83(E1),G,S,-0.5187,0.1209,13,4
83(E1),G,T,-2.191,0.1904,6,4
83(E1),G,V,-7.28,0,6,4
83(E1),G,W,-7.29,0,9.5,4
83(E1),G,Y,-2.29,0.0428,8.5,4
83(E2),L,-,-0.8572,0.1488,0.5,2
83(E2),L,A,-3.107,0.2108,8,4
83(E2),L,C,-4.135,0.2691,4,4
83(E2),L,D,-7.344,0,8.5,4
83(E2),L,E,-7.593,0,10.5,4
83(E2),L,F,0.4,0.09741,4,4
83(E2),L,G,-7.611,0,9,4
83(E2),L,H,-7.376,0,7.5,4
83(E2),L,I,-1.425,0.7658,6,4
83(E2),L,K,-7.385,0,3.5,4
83(E2),L,L,0,0,,4
83(E2),L,M,-0.3099,0.5683,3.75,4
83(E2),L,N,-7.511,0,8,4
83(E2),L,P,-7.497,0,8,4
83(E2),L,Q,-7.489,0,8.5,4
83(E2),L,R,-7.543,0,12.5,4
83(E2),L,S,-7.343,0,6,4
83(E2),L,T,-6.127,0,7,4
83(E2),L,V,-2.804,0.5531,3.5,4
83(E2),L,W,-7.022,0,5.5,4
83(E2),L,Y,-7.388,0,7.5,4
84(E1),V,A,-7.24,0,7.5,4
84(E1),V,C,-7.596,0,9.5,4
84(E1),V,D,-7.64,0,6,4
84(E1),V,E,-7.619,0,8,4
84(E1),V,F,-7.421,0,5.5,4
84(E1),V,G,-7.491,0,7.5,4
84(E1),V,H,-7.439,0,8.5,4
84(E1),V,I,-2.279,0.3432,10,4
84(E1),V,K,-4.746,1.109,3,4
84(E1),V,L,-7.519,0,7.5,4
84(E1),V,M,-6.103,0,20.5,4
84(E1),V,N,-7.608,0,4.5,4
84(E1),V,P,-7.499,0,5,4
84(E1),V,Q,-7.617,0,7,4
84(E1),V,R,-7.511,0,9.5,4
84(E1),V,S,-7.521,0,5.5,4
84(E1),V,T,-6.846,0,7,4
84(E1),V,V,0,0,,4
84(E1),V,W,-7.49,0,7,4
84(E1),V,Y,-7.565,0,5.5,4
84(E2),F,-,-1.056,0.2145,0.5,2
84(E2),F,A,-0.2995,0.04949,4.5,4
84(E2),F,C,-0.9948,0.1901,6,4
84(E2),F,D,-0.5053,0.2626,7,4
84(E2),F,E,-0.3429,0.3553,3.5,4
84(E2),F,F,0,0,,4
84(E2),F,G,-0.8632,0.5505,5.5,4
84(E2),F,H,-0.1576,0.4218,4.5,4
84(E2),F,I,-0.3221,0.7399,4,4
84(E2),F,K,-2.157,0.189,7.5,4
84(E2),F,L,-0.1792,0.2001,6.5,4
84(E2),F,M,0.2348,0.3271,4,4
84(E2),F,N,-0.2646,0.4,8,4
84(E2),F,P,-7.421,0,8,4
84(E2),F,Q,0.3765,0.2326,2.5,4
84(E2),F,R,-1.675,0.7285,6.5,4
84(E2),F,S,0.3446,0.301,6,4
84(E2),F,T,0.1047,0.2291,4,4
84(E2),F,V,0.07612,0.1481,3,4
84(E2),F,W,-0.4597,0.2983,6.75,4
84(E2),F,Y,0.02465,0.3049,10.5,4
85(E1),Y,*,-7.545,0,3.5,4
85(E1),Y,A,-7.599,0,6.5,4
85(E1),Y,C,-7.585,0,9,4
85(E1),Y,D,-7.545,0,6,4
85(E1),Y,E,-7.592,0,5.5,4
85(E1),Y,F,-7.193,0,8.5,4
85(E1),Y,G,-7.569,0,11,4
85(E1),Y,H,-7.643,0,19.5,4
85(E1),Y,I,-7.521,0,9,4
85(E1),Y,K,-7.521,0,3.5,4
85(E1),Y,L,-7.58,0,6.5,4
85(E1),Y,M,-7.532,0,5,4
85(E1),Y,N,-7.549,0,9,4
85(E1),Y,P,-7.456,0,2.5,4
85(E1),Y,Q,-7.572,0,6,4
85(E1),Y,R,-7.485,0,6.5,4
85(E1),Y,S,-7.106,0,6.5,4
85(E1),Y,T,-7.579,0,8,4
85(E1),Y,V,-7.605,0,5.5,4
85(E1),Y,W,-7.633,0,8.5,4
85(E1),Y,Y,0,0,,4
85(E2),V,A,-0.6197,0.1053,5.5,4
85(E2),V,C,-0.344,1.105,7.5,4
85(E2),V,D,-7.369,0,7,4
85(E2),V,E,-7.625,0,6.5,4
85(E2),V,F,-7.431,0,17.5,4
85(E2),V,G,-7.412,0,8,4
85(E2),V,H,-7.541,0,10,4
85(E2),V,I,-0.9949,0.194,8,4
85(E2),V,K,-7.536,0,7.5,4
85(E2),V,L,-0.8551,0.2134,5,4
85(E2),V,M,-1.517,0.6296,4,4
85(E2),V,N,-7.595,0,6.5,4
85(E2),V,P,-7.427,0,8.5,4
85(E2),V,Q,-6.621,0,3,4
85(E2),V,R,-7.615,0,7,4
85(E2),V,S,-3.666,0.3989,4,4
85(E2),V,T,-0.6292,0.2041,5.5,4
85(E2),V,V,0,0,,4
85(E2),V,W,-7.614,0,6.5,4
85(E2),V,Y,-7.342,0,9,4
86(E1),P,A,-4.731,0,7,4
86(E1),P,C,-7.544,0,4.5,4
86(E1),P,D,-7.348,0,8,4
86(E1),P,E,-7.404,0,5.5,4
86(E1),P,F,-7.606,0,9,4
86(E1),P,G,-7.644,0,6.5,4
86(E1),P,H,-7.574,0,8,4
86(E1),P,I,-7.694,0,4.5,4
86(E1),P,K,-7.429,0,4.5,4
86(E1),P,L,-7.622,0,8,4
86(E1),P,M,-7.61,0,8.5,4
86(E1),P,N,-7.428,0,7.5,4
86(E1),P,P,0,0,,4
86(E1),P,Q,-7.09,0,3.5,4
86(E1),P,R,-7.516,0,3,4
86(E1),P,S,-7.543,0,5,4
86(E1),P,T,-7.67,0,6,4
86(E1),P,V,-7.454,0,6,4
86(E1),P,W,-7.588,0,4.75,4
86(E1),P,Y,-7.601,0,7.5,4
86(E2),R,*,-0.8683,0.7244,1,4
86(E2),R,-,-0.632,0.374,0.5,2
86(E2),R,A,0.3304,0.1535,6.5,4
86(E2),R,C,-1.387,1.174,6,4
86(E2),R,D,-0.5889,0.2915,8,4
86(E2),R,E,-0.6838,0.09562,6.5,4
86(E2),R,F,-0.1451,0.1699,10.5,4
86(E2),R,G,-1.017,0.6903,13,4
86(E2),R,H,-0.3306,0.2608,5.5,4
86(E2),R,I,-0.4171,0.3978,12,4
86(E2),R,K,-0.05865,0.2202,15.5,4
86(E2),R,L,-0.04592,0.06509,8.5,4
86(E2),R,M,0.1138,0.2094,7,4
86(E2),R,N,-1.573,0.8894,7,4
86(E2),R,P,-7.554,0,8,4
86(E2),R,Q,-0.0745,0.06584,2,4
86(E2),R,R,0,0,,4
86(E2),R,S,-0.3112,0.2362,8,4
86(E2),R,T,-0.1593,0.3548,5,4
86(E2),R,V,-0.4076,0.3869,6.5,4
86(E2),R,W,-0.7474,0.7782,5.25,4
86(E2),R,Y,-0.4651,0.3726,9,4
87(E1),F,-,-6.559,0,0.5,2
87(E1),F,A,-7.543,0,9,4
87(E1),F,C,-7.528,0,6,4
87(E1),F,D,-7.565,0,7,4
87(E1),F,E,-7.527,0,8.5,4
87(E1),F,F,0,0,,4
87(E1),F,G,-6.949,0,5,4
87(E1),F,H,-7.582,0,8,4
87(E1),F,I,-7.651,0,16,4
87(E1),F,K,-7.643,0,5.5,4
87(E1),F,L,-1.644,0.5889,16,4
87(E1),F,M,-1.728,0.253,4.5,4
87(E1),F,N,-7.571,0,6,4
87(E1),F,P,-7.561,0,4.5,4
87(E1),F,Q,-7.467,0,4,4
87(E1),F,R,-7.42,0,5.5,4
87(E1),F,S,-7.702,0,7,4
87(E1),F,T,-7.646,0,8.5,4
87(E1),F,V,-7.624,0,10.75,4
87(E1),F,W,-6.084,0,4.5,4
87(E1),F,Y,-3.141,0.4358,5.5,4
87(E2),T,A,-3.68,0.4403,7.5,4
87(E2),T,C,-7.325,0,6,4
87(E2),T,D,-7.508,0,8.75,4
87(E2),T,E,-7.497,0,9,4
87(E2),T,F,-7.556,0,18.5,4
87(E2),T,G,-1.411,0.4485,8,4
87(E2),T,H,-7.44,0,7,4
87(E2),T,I,-7.536,0,12,4
87(E2),T,K,-7.501,0,8,4
87(E2),T,L,-7.552,0,8.5,4
87(E2),T,M,-6.88,0.06322,5.5,4
87(E2),T,N,-6.068,0,6.5,4
87(E2),T,P,-7.306,0,7.5,4
87(E2),T,Q,-7.349,0,7.5,4
87(E2),T,R,-7.553,0,6.5,4
87(E2),T,S,0.2316,0.04699,4.5,4
87(E2),T,T,0,0,,4
87(E2),T,V,-6.961,0.009093,6.5,4
87(E2),T,W,-7.591,0,8,4
87(E2),T,Y,-7.374,0,5.5,4
88(E1),M,A,-3.29,0.6711,5,4
88(E1),M,C,-7.423,0,7,4
88(E1),M,D,-7.603,0,6,4
88(E1),M,E,-7.487,0,9.5,4
88(E1),M,F,-4.651,0,6.5,4
88(E1),M,G,-7.47,0,5,4
88(E1),M,H,-7.506,0,7,4
88(E1),M,I,-5.697,0,18,4
88(E1),M,K,-7.571,0,11.5,4
88(E1),M,L,-1.344,0.3096,5,4
88(E1),M,M,0,0,,4
88(E1),M,N,-7.575,0,9.5,4
88(E1),M,P,-7.62,0,8.5,4
88(E1),M,Q,-7.639,0,8.5,4
88(E1),M,R,-7.546,0,12,4
88(E1),M,S,-7.495,0,6,4
88(E1),M,T,-7.036,0,9.5,4
88(E1),M,V,-2.636,0.8294,6.25,4
88(E1),M,W,-6.273,0,6.5,4
88(E1),M,Y,-2.555,0.2633,8,4
88(E2),S,A,0.19,0.1944,8.5,4
88(E2),S,C,-0.9352,0.366,7.5,4
88(E2),S,D,0.1259,0.3868,7.5,4
88(E2),S,E,-0.8781,0.1993,10.75,4
88(E2),S,F,0.2988,0.3528,6.5,4
88(E2),S,G,0.09293,0.2038,8,4
88(E2),S,H,-0.2662,0.2439,7.5,4
88(E2),S,I,0.3451,0.1562,5.5,4
88(E2),S,K,-0.915,0.3274,6,4
88(E2),S,L,-0.885,0.6185,4,4
88(E2),S,M,-0.3732,0.4432,6.5,4
88(E2),S,N,-0.02244,0.09817,10,4
88(E2),S,P,-2.743,0.1043,8,4
88(E2),S,Q,0.1621,0.1896,7.5,4
88(E2),S,R,-1.188,0.8314,11,4
88(E2),S,S,0,0,,4
88(E2),S,T,-0.2717,0.3846,10,4
88(E2),S,V,0.1552,0.1796,8.5,4
88(E2),S,W,0.04236,0.1457,7,4
88(E2),S,Y,-0.09461,0.463,6,4
89(E1),W,*,-7.482,0,13,4
89(E1),W,-,-0.1156,0.05579,0.5,2
89(E1),W,A,-7.584,0,8,4
89(E1),W,C,-7.582,0,11.5,4
89(E1),W,D,-7.663,0,2.5,4
89(E1),W,E,-7.653,0,5,4
89(E1),W,F,-7.585,0,11,4
89(E1),W,G,-7.48,0,8,4
89(E1),W,H,-7.607,0,12.5,4
89(E1),W,I,-7.644,0,8,4
89(E1),W,K,-7.647,0,7.5,4
89(E1),W,L,-7.588,0,13.5,4
89(E1),W,M,-7.436,0,4,4
89(E1),W,N,-7.562,0,8,4
89(E1),W,P,-7.645,0,10.5,4
89(E1),W,Q,-7.599,0,5,4
89(E1),W,R,-7.588,0,10.5,4
89(E1),W,S,-7.597,0,7,4
89(E1),W,T,-7.612,0,6,4
89(E1),W,V,-7.609,0,5,4
89(E1),W,W,0,0,,4
89(E1),W,Y,-7.328,0,7.5,4
89(E2),A,A,0,0,,4
89(E2),A,C,0.4301,0.1949,9,4
89(E2),A,D,0.2598,0.42,10,4
89(E2),A,E,-0.553,0.1028,7,4
89(E2),A,F,-0.014,0.4884,6.5,4
89(E2),A,G,0.1825,0.1219,8,4
89(E2),A,H,-0.5253,0.2356,4.5,4
89(E2),A,I,-0.8325,0.3545,7.75,4
89(E2),A,K,-1.185,0.6859,4,4
89(E2),A,L,-0.1645,0.2649,4.25,4
89(E2),A,M,0.05779,0.1187,6.5,4
89(E2),A,N,-0.0704,0.3319,6.5,4
89(E2),A,P,-7.376,0,8.5,4
89(E2),A,Q,-0.1971,0.1945,8.25,4
89(E2),A,R,-1.583,0.2812,7.5,4
89(E2),A,S,-0.3816,0.1687,13.5,4
89(E2),A,T,-0.01671,0.1409,20,4
89(E2),A,V,0.1466,0.1081,10.5,4
89(E2),A,W,0.0004,0.315,7,4
89(E2),A,Y,-0.225,0.1751,5.5,4
9(6K),Y,*,-7.508,0,2.5,2
9(6K),Y,-,-0.8671,0.1389,1,2
9(6K),Y,A,0.04773,0.09107,9,4
9(6K),Y,C,0.1653,0.1854,9.5,4
9(6K),Y,D,-0.0706,0.3181,5.5,4
9(6K),Y,E,0.1689,0.07976,5.5,4
9(6K),Y,F,0.04843,0.3118,7,4
9(6K),Y,G,-0.1582,0.1935,8,4
9(6K),Y,H,0.06045,0.0719,9,4
9(6K),Y,I,0.04358,0.109,8,4
9(6K),Y,K,-0.3682,0.2103,12,4
9(6K),Y,L,0.1218,0.2313,8,4
9(6K),Y,M,-0.2213,0.08695,7.5,4
9(6K),Y,N,0.03645,0.08974,9.5,4
9(6K),Y,P,-0.07909,0.1787,11.5,4
9(6K),Y,Q,0.07606,0.1316,7,4
9(6K),Y,R,-0.08713,0.3559,9,4
9(6K),Y,S,-0.01034,0.2345,8.5,4
9(6K),Y,T,-0.03634,0.2345,9.5,4
9(6K),Y,V,-0.1152,0.2646,3,4
9(6K),Y,W,-0.107,0.328,8.5,4
9(6K),Y,Y,0,0,,4
9(E1),N,-,-0.8924,0.09505,1,2
9(E1),N,A,-0.1957,0.1138,7,4
9(E1),N,C,-0.5404,0.4516,8.5,4
9(E1),N,D,-3.036,0.5425,8.5,4
9(E1),N,E,-5.421,0,4,4
9(E1),N,F,-4.332,0.03724,10,4
9(E1),N,G,-0.9144,0.3717,8,4
9(E1),N,H,-1.496,0.1241,7,4
9(E1),N,I,-0.1304,0.3458,9,4
9(E1),N,K,-2.095,0.3804,9,4
9(E1),N,L,-1.07,0.1875,9,4
9(E1),N,M,-1.204,0.3108,8.5,4
9(E1),N,N,0,0,,4
9(E1),N,P,-1.963,0.3293,9,4
9(E1),N,Q,-1.07,1.055,3.5,4
9(E1),N,R,-0.8568,0.2934,5,4
9(E1),N,S,-0.4336,0.8784,5,4
9(E1),N,T,-0.06161,0.1383,7.5,4
9(E1),N,V,-0.2692,0.3219,8.5,4
9(E1),N,W,-7.591,0,8.5,4
9(E1),N,Y,-4.458,0.106,9.5,4
9(E2),Y,*,-6.72,0,2,4
9(E2),Y,-,-0.7968,0.714,2.5,4
9(E2),Y,A,-3.946,1.27,6.5,4
9(E2),Y,C,-7.284,0,14,4
9(E2),Y,D,-7.151,0,9.5,4
9(E2),Y,E,-6.197,0,6,4
9(E2),Y,F,-1.673,0.3973,6,4
9(E2),Y,G,-7.538,0,9.5,4
9(E2),Y,H,-5.764,0,13,4
9(E2),Y,I,-6.407,0,9.5,4
9(E2),Y,K,-7.261,0,9,4
9(E2),Y,L,-2.368,0.3697,8,4
9(E2),Y,M,-3.144,0.5129,8.5,4
9(E2),Y,N,-7.381,0,6.5,4
9(E2),Y,P,-7.564,0,11.5,4
9(E2),Y,Q,-6.833,0,4.5,4
9(E2),Y,R,-7.598,0,8.5,4
9(E2),Y,S,-7.255,0,9.5,4
9(E2),Y,T,-7.521,0,4.5,4
9(E2),Y,V,-7.321,0,8.75,4
9(E2),Y,W,-0.4837,0.07499,8.5,4
9(E2),Y,Y,0,0,,4
9(E3),L,-,-0.09695,0.07855,0.5,2
9(E3),L,A,-4.002,0.04499,8.5,4
9(E3),L,C,-3.702,0.1736,11,4
9(E3),L,D,-7.559,0,6.5,4
9(E3),L,E,-7.537,0,7.5,4
9(E3),L,F,0.1487,0.05186,7,4
9(E3),L,G,-7.565,0,10.5,4
9(E3),L,H,-7.47,0,12.5,4
9(E3),L,I,-0.00257,0.1571,8,4
9(E3),L,K,-7.447,0,5.5,4
9(E3),L,L,0,0,,4
9(E3),L,M,-0.5701,0.2466,7.5,4
9(E3),L,N,-7.55,0,9.5,4
9(E3),L,P,-7.554,0,12,4
9(E3),L,Q,-7.622,0,8,4
9(E3),L,R,-7.63,0,12,4
9(E3),L,S,-7.565,0,8.5,4
9(E3),L,T,-7.498,0,13.5,4
9(E3),L,V,-0.6433,0.1814,12,4
9(E3),L,W,-0.9917,0.1279,8.5,4
9(E3),L,Y,-0.994,0.6528,8.5,4
90(E1),G,-,0.1054,0.007685,0.5,2
90(E1),G,A,-7.615,0,6.5,4
90(E1),G,C,-7.583,0,11.5,4
90(E1),G,D,-7.661,0,19,4
90(E1),G,E,-7.518,0,6,4
90(E1),G,F,-7.524,0,5.5,4
90(E1),G,G,0,0,,4
90(E1),G,H,-7.559,0,8,4
90(E1),G,I,-7.722,0,9,4
90(E1),G,K,-7.508,0,11.5,4
90(E1),G,L,-7.615,0,8.5,4
90(E1),G,M,-7.571,0,7.5,4
90(E1),G,N,-7.542,0,6.5,4
90(E1),G,P,-7.648,0,7,4
90(E1),G,Q,-7.631,0,8.5,4
90(E1),G,R,-7.711,0,11.5,4
90(E1),G,S,-7.605,0,18.5,4
90(E1),G,T,-7.296,0,8.5,4
90(E1),G,V,-7.551,0,14,4
90(E1),G,W,-7.556,0,4.5,4
90(E1),G,Y,-7.665,0,11.5,4
90(E2),P,*,-7.322,0,0.5,2
90(E2),P,A,0.01335,0.2893,10,4
90(E2),P,C,-0.1052,0.1487,7,4
90(E2),P,D,0.282,0.1989,10.5,4
90(E2),P,E,-0.0582,0.2903,5,4
90(E2),P,F,-0.045,0.2491,5.5,4
90(E2),P,G,0.06594,0.124,2.5,4
90(E2),P,H,-0.1255,0.1704,8.75,4
90(E2),P,I,0.06381,0.1634,8.5,4
90(E2),P,K,-1.796,0.3072,6.5,4
90(E2),P,L,-0.02145,0.4604,10.5,4
90(E2),P,M,0.0204,0.1848,5.5,4
90(E2),P,N,-0.0162,0.3657,7.5,4
90(E2),P,P,0,0,,4
90(E2),P,Q,-0.5024,1.118,5.5,4
90(E2),P,R,-2.481,0.4411,4,4
90(E2),P,S,0.3841,0.2607,9,4
90(E2),P,T,-0.3531,0.1588,7.5,4
90(E2),P,V,-0.2505,0.2102,7.5,4
90(E2),P,W,-0.7976,0.5364,3.5,4
90(E2),P,Y,0.1932,0.1265,5,4
91(E1),G,*,-4.256,1.671,4,4
91(E1),G,-,-0.1298,0.0106,0.5,2
91(E1),G,A,-7.479,0,7,4
91(E1),G,C,-7.585,0,3.5,4
91(E1),G,D,-7.562,0,9,4
91(E1),G,E,-7.529,0,8.75,4
91(E1),G,F,-7.46,0,9.75,4
91(E1),G,G,0,0,,4
91(E1),G,H,-6.915,0,1.5,4
91(E1),G,I,-7.72,0,9,4
91(E1),G,K,-7.582,0,5,4
91(E1),G,L,-7.601,0,7,4
91(E1),G,M,-7.651,0,10.5,4
91(E1),G,N,-7.629,0,10,4
91(E1),G,P,-6.755,0,4.5,4
91(E1),G,Q,-7.575,0,11,4
91(E1),G,R,-7.611,0,24.75,4
91(E1),G,S,-7.429,0,7,4
91(E1),G,T,-7.371,0,6.5,4
91(E1),G,V,-7.601,0,12.5,4
91(E1),G,W,-7.624,0,7,4
91(E1),G,Y,-7.595,0,11,4
91(E2),C,*,-7.405,0,3.5,4
91(E2),C,A,-7.559,0,6.5,4
91(E2),C,C,0,0,,4
91(E2),C,D,-7.55,0,10,4
91(E2),C,E,-7.511,0,4.5,4
91(E2),C,F,-7.349,0,14,4
91(E2),C,G,-7.447,0,9.5,4
91(E2),C,H,-7.617,0,7.5,4
91(E2),C,I,-7.612,0,7.5,4
91(E2),C,K,-7.285,0,9.5,4
91(E2),C,L,-7.513,0,8,4
91(E2),C,M,-7.366,0,5.5,4
91(E2),C,N,-7.543,0,7.5,4
91(E2),C,P,-7.568,0,7,4
91(E2),C,Q,-7.444,0,4.5,4
91(E2),C,R,-7.546,0,8,4
91(E2),C,S,-7.534,0,14,4
91(E2),C,T,-7.38,0,6.5,4
91(E2),C,V,-7.47,0,7.5,4
91(E2),C,W,-7.546,0,9.75,4
91(E2),C,Y,-7.467,0,19.5,4
92(E1),A,-,-0.06696,0.00557,0.5,2
92(E1),A,A,0,0,,4
92(E1),A,C,-7.515,0,5,4
92(E1),A,D,-4.213,0.1852,15,4
92(E1),A,E,-7.477,0,12,4
92(E1),A,F,-7.543,0,7.75,4
92(E1),A,G,-1.494,0.1514,4.5,4
92(E1),A,H,-5.434,0,6.5,4
92(E1),A,I,-7.587,0,6,4
92(E1),A,K,-7.595,0,11.5,4
92(E1),A,L,-7.649,0,10.5,4
92(E1),A,M,-6.276,0,7.5,4
92(E1),A,N,-1.67,0.3399,8.25,4
92(E1),A,P,-7.417,0,7.5,4
92(E1),A,Q,-5.152,0,5.5,4
92(E1),A,R,-6.983,0,7.5,4
92(E1),A,S,-1.451,0.7105,10.5,4
92(E1),A,T,-7.566,0,9.5,4
92(E1),A,V,-7.633,0,14.5,4
92(E1),A,W,-7.359,0,4.75,4
92(E1),A,Y,-5.742,0,6.5,4
92(E2),T,-,-2.931,1.59,1.5,4
92(E2),T,A,0.03416,0.139,7.5,4
92(E2),T,C,-0.3938,0.2646,7.5,4
92(E2),T,D,-0.2391,0.1495,7,4
92(E2),T,E,-0.5096,0.2169,4.5,4
92(E2),T,F,-0.192,0.08498,7.5,4
92(E2),T,G,-0.8983,0.5895,5.5,4
92(E2),T,H,-0.095,0.2105,4.5,4
92(E2),T,I,-0.3371,0.1665,12,4
92(E2),T,K,-1.681,0.08958,7,4
92(E2),T,L,-0.03933,0.07924,5,4
92(E2),T,M,-0.3381,0.3082,5,4
92(E2),T,N,-0.5773,0.3603,10.5,4
92(E2),T,P,-1.002,0.2221,3,4
92(E2),T,Q,-0.4229,0.3319,8,4
92(E2),T,R,-1.808,0.5765,7.5,4
92(E2),T,S,-0.2962,0.215,6.5,4
92(E2),T,T,0,0,,4
92(E2),T,V,0.3566,0.1546,6.5,4
92(E2),T,W,-1.482,0.1279,7,4
92(E2),T,Y,-0.1182,0.3538,6.5,4
93(E1),Y,*,-7.454,0,1.5,4
93(E1),Y,-,0.1626,0.0127,0.5,2
93(E1),Y,A,-4.436,0.4528,7,4
93(E1),Y,C,-7.542,0,4.5,4
93(E1),Y,D,-7.184,0,7.5,4
93(E1),Y,E,-6.325,0,8.25,4
93(E1),Y,F,-0.6105,0.5414,7.5,4
93(E1),Y,G,-7.376,0,8.5,4
93(E1),Y,H,-6.796,0,10.5,4
93(E1),Y,I,-2.591,0.3558,8.25,4
93(E1),Y,K,-7.351,0,10,4
93(E1),Y,L,-1.464,0.2214,6.5,4
93(E1),Y,M,-1.779,0.2747,9,4
93(E1),Y,N,-7.336,0,7.5,4
93(E1),Y,P,-7.401,0,9.5,4
93(E1),Y,Q,-5.574,0,2,4
93(E1),Y,R,-7.566,0,4,4
93(E1),Y,S,-6.768,0,5,4
93(E1),Y,T,-3.551,0.6713,7,4
93(E1),Y,V,-1.061,0.503,9,4
93(E1),Y,W,-4.473,0.4806,3,4
93(E1),Y,Y,0,0,,4
93(E2),I,-,-5.374,0.3378,1.5,4
93(E2),I,A,-3.382,0.3234,6.5,4
93(E2),I,C,-2.437,0.1667,7,4
93(E2),I,D,-7.296,0,8,4
93(E2),I,E,-3.465,0.5081,3.5,4
93(E2),I,F,-4,0.349,4.5,4
93(E2),I,G,-7.559,0,7,4
93(E2),I,H,-6.447,0,8,4
93(E2),I,I,0,0,,4
93(E2),I,K,-5.271,0,5,4
93(E2),I,L,-0.1467,0.2859,9,4
93(E2),I,M,0.05734,0.2272,5,4
93(E2),I,N,-6.881,0,9,4
93(E2),I,P,-3.172,0.5786,6,4
93(E2),I,Q,-0.9528,0.4076,6,4
93(E2),I,R,-7.244,0,4.5,4
93(E2),I,S,-5.325,0,8,4
93(E2),I,T,-0.2287,0.3182,9,4
93(E2),I,V,-0.05535,0.1808,7.5,4
93(E2),I,W,-7.186,0,6.5,4
93(E2),I,Y,-5.553,0,9,4
94(E1),C,*,-7.478,0,3,4
94(E1),C,-,-5.652,0,2.5,4
94(E1),C,A,-7.623,0,4,4
94(E1),C,C,0,0,,4
94(E1),C,D,-7.442,0,6.5,4
94(E1),C,E,-7.589,0,6,4
94(E1),C,F,-7.619,0,14.5,4
94(E1),C,G,-7.566,0,9,4
94(E1),C,H,-7.478,0,7.5,4
94(E1),C,I,-7.665,0,7,4
94(E1),C,K,-7.574,0,7.5,4
94(E1),C,L,-7.155,0,7.5,4
94(E1),C,M,-7.541,0,8.5,4
94(E1),C,N,-7.38,0,7.5,4
94(E1),C,P,-7.552,0,9.5,4
94(E1),C,Q,-7.483,0,6,4
94(E1),C,R,-7.456,0,9.5,4
94(E1),C,S,-7.432,0,9,4
94(E1),C,T,-7.596,0,7,4
94(E1),C,V,-7.582,0,10,4
94(E1),C,W,-7.581,0,7,4
94(E1),C,Y,-7.652,0,17,4
94(E2),T,*,-7.781,0,0.5,2
94(E2),T,-,-0.006885,0.1022,1,4
94(E2),T,A,-0.5624,0.7044,8.5,4
94(E2),T,C,0.02584,0.2317,2.5,4
94(E2),T,D,-0.6157,0.7222,9.5,4
94(E2),T,E,-0.5297,0.6673,2.5,4
94(E2),T,F,-0.5091,0.4299,7.5,4
94(E2),T,G,-0.7511,1.378,3,4
94(E2),T,H,-0.2829,0.04723,4,4
94(E2),T,I,-0.1204,0.1735,12,4
94(E2),T,K,-0.6588,0.2675,3.5,4
94(E2),T,L,-0.2865,0.2674,6,4
94(E2),T,M,-0.405,0.08474,8,4
94(E2),T,N,-0.5081,0.5496,5,4
94(E2),T,P,-0.1262,0.2514,7,4
94(E2),T,Q,-0.7331,0.2595,9.5,4
94(E2),T,R,-0.8294,0.8043,7.5,4
94(E2),T,S,-0.4441,0.2125,4,4
94(E2),T,T,0,0,,4
94(E2),T,V,-0.1016,0.2354,5.5,4
94(E2),T,W,-0.8343,0.1319,4.5,4
94(E2),T,Y,-0.07283,0.1231,7,4
95(E1),F,-,-0.1977,0.0168,0.5,2
95(E1),F,A,-7.42,0,12,4
95(E1),F,C,-6.064,0,4,4
95(E1),F,D,-7.287,0,8,4
95(E1),F,E,-7.604,0,5.5,4
95(E1),F,F,0,0,,4
95(E1),F,G,-7.646,0,10.5,4
95(E1),F,H,-7.53,0,7,4
95(E1),F,I,-4.518,0,12.5,4
95(E1),F,K,-7.556,0,8.5,4
95(E1),F,L,-3.356,0.7195,12,4
95(E1),F,M,-7.095,0,8,4
95(E1),F,N,-7.558,0,8.5,4
95(E1),F,P,-7.501,0,4.5,4
95(E1),F,Q,-7.626,0,8.5,4
95(E1),F,S,-7.56,0,9.5,4
95(E1),F,T,-7.53,0,4.5,4
95(E1),F,V,-4.462,0.1078,8,4
95(E1),F,W,0.05945,0.1661,3.5,4
95(E1),F,Y,-7.631,0,8.5,4
95(E2),G,-,-0.2298,0.07963,1,4
95(E2),G,A,0.2141,0.1393,10,4
95(E2),G,C,-0.5327,0.4215,8.5,4
95(E2),G,D,-0.6555,0.361,43,4
95(E2),G,E,-0.883,0.1158,7.5,4
95(E2),G,F,-1.977,0.4494,5.5,4
95(E2),G,G,0,0,,4
95(E2),G,H,-0.7954,0.4039,6,4
95(E2),G,I,-0.5554,0.5963,3.5,4
95(E2),G,K,-1.766,0.4505,6.5,4
95(E2),G,L,-1.794,0.2089,10,4
95(E2),G,M,-0.3402,0.1718,7,4
95(E2),G,N,-0.5074,0.4443,11,4
95(E2),G,P,-7.307,0,7.5,4
95(E2),G,Q,-0.8643,0.2573,6.5,4
95(E2),G,R,-2.166,0.3425,8,4
95(E2),G,S,-0.08725,0.1661,19,4
95(E2),G,T,-0.6064,0.342,5.5,4
95(E2),G,V,-1.176,0.462,10,4
95(E2),G,W,-3.706,0.3047,9.5,4
95(E2),G,Y,-0.9047,0.5505,7.5,4
96(E1),C,*,-1.977,1.701,1,4
96(E1),C,-,-0.2504,0.02135,0.5,2
96(E1),C,A,-7.619,0,7,4
96(E1),C,C,0,0,,4
96(E1),C,D,-7.577,0,6,4
96(E1),C,E,-7.574,0,6,4
96(E1),C,F,-7.657,0,10.5,4
96(E1),C,G,-7.518,0,4.5,4
96(E1),C,H,-7.511,0,7.5,4
96(E1),C,I,-7.73,0,9,4
96(E1),C,K,-7.608,0,6,4
96(E1),C,L,-7.513,0,9.5,4
96(E1),C,M,-7.588,0,5.5,4
96(E1),C,N,-7.547,0,7.5,4
96(E1),C,P,-7.37,0,9,4
96(E1),C,Q,-7.55,0,8,4
96(E1),C,R,-7.522,0,10,4
96(E1),C,S,-7.57,0,11,4
96(E1),C,T,-7.601,0,5.5,4
96(E1),C,V,-7.421,0,5,4
96(E1),C,W,-7.617,0,10.5,4
96(E1),C,Y,-7.594,0,14.5,4
96(E2),T,-,-0.2503,0.04315,1,2
96(E2),T,A,-0.2997,0.1119,8,4
96(E2),T,C,0.2714,0.106,5.5,4
96(E2),T,D,-0.1926,0.3068,8,4
96(E2),T,E,-0.9439,0.5616,4.5,4
96(E2),T,F,-1.271,1.005,2.5,4
96(E2),T,G,-0.4246,0.1083,5,4
96(E2),T,H,-2.981,0.8573,7,4
96(E2),T,I,-1.023,0.5696,12.5,4
96(E2),T,K,-7.252,0,5.5,4
96(E2),T,L,-1.157,0.1875,8.25,4
96(E2),T,M,-1.146,0.2893,6.5,4
96(E2),T,N,-0.6724,0.1849,7,4
96(E2),T,P,-7.534,0,11,4
96(E2),T,Q,-2.194,0.1414,7,4
96(E2),T,R,-7.584,0,7.5,4
96(E2),T,S,-0.138,0.3647,4,4
96(E2),T,T,0,0,,4
96(E2),T,V,0.203,0.1957,8.5,4
96(E2),T,W,-1.804,0.1654,5.5,4
96(E2),T,Y,-0.7217,0.09949,5,4
97(E1),D,-,-0.3766,0.0284,0.5,2
97(E1),D,A,-3.496,0.5346,8,4
97(E1),D,C,-7.572,0,8.5,4
97(E1),D,D,0,0,,4
97(E1),D,E,0.04174,0.1041,13.5,4
97(E1),D,F,-7.277,0,6.5,4
97(E1),D,G,-6.977,0,10.5,4
97(E1),D,H,-3.575,0.5679,10,4
97(E1),D,I,-3.122,0.6855,3.5,4
97(E1),D,K,-7.336,0,6.5,4
97(E1),D,L,-3.047,0.8407,3.5,4
97(E1),D,M,-2.897,0.3769,8,4
97(E1),D,N,-1.073,0.2397,12.25,4
97(E1),D,P,-7.374,0,8,4
97(E1),D,Q,-3.807,0.1887,6.5,4
97(E1),D,R,-7.579,0,9.5,4
97(E1),D,S,-2.285,0.1816,7,4
97(E1),D,T,-2.026,0.07431,9,4
97(E1),D,V,-2.671,0.505,7,4
97(E1),D,W,-6.586,0,6.5,4
97(E1),D,Y,-5.643,0,6,4
97(E2),M,A,-1.044,0.5773,8,4
97(E2),M,C,-2.28,0.4037,7,4
97(E2),M,D,-1.266,0.5461,3,4
97(E2),M,E,-0.5499,0.07571,7,4
97(E2),M,F,-0.1891,0.1718,7.5,4
97(E2),M,G,-3.606,0.3381,6,4
97(E2),M,H,0.1673,0.1402,7.75,4
97(E2),M,I,-0.6284,0.0976,16,4
97(E2),M,K,-1.826,0.7337,6.25,4
97(E2),M,L,-1.005,0.3454,5.5,4
97(E2),M,M,0,0,,4
97(E2),M,N,-2.413,0.2176,4,4
97(E2),M,P,-7.415,0,7.5,4
97(E2),M,Q,-0.8404,0.2488,6,4
97(E2),M,R,-2.718,0.311,9.5,4
97(E2),M,S,-1.023,0.2638,6.5,4
97(E2),M,T,-1.823,0.1832,8.5,4
97(E2),M,V,-1.127,1.051,7.25,4
97(E2),M,W,-1.102,0.2867,6.5,4
97(E2),M,Y,-0.2544,0.2571,10,4
98(E1),T,-,-2.373,1.936,1,4
98(E1),T,A,-0.2388,0.2815,7.5,4
98(E1),T,C,-7.367,0,6,4
98(E1),T,D,-1.4,1.254,3.5,4
98(E1),T,E,-2.701,0.5619,6.5,4
98(E1),T,F,-1.282,0.206,6.5,4
98(E1),T,G,-0.8735,0.7011,4,4
98(E1),T,H,-2.335,0.5592,3,4
98(E1),T,I,-1.705,0.7756,16,4
98(E1),T,K,-4.93,0,5,4
98(E1),T,L,-1.496,0.6628,4.5,4
98(E1),T,M,-0.5698,0.2836,5.5,4
98(E1),T,N,-0.11,0.2374,6,4
98(E1),T,P,-2.269,0.06684,10.5,4
98(E1),T,Q,-0.6144,0.3759,6,4
98(E1),T,R,-3.393,0.3589,2.5,4
98(E1),T,S,-0.4254,0.3532,6.5,4
98(E1),T,T,0,0,,4
98(E1),T,V,-0.443,0.1051,11,4
98(E1),T,W,-2.615,0.3368,7,4
98(E1),T,Y,-1.451,0.2471,6,4
98(E2),G,A,-1.298,0.3027,6,4
98(E2),G,C,-7.19,0,13.5,4
98(E2),G,D,-7.278,0,25,4
98(E2),G,E,-6.348,0,6.5,4
98(E2),G,F,-0.266,0.394,9.5,4
98(E2),G,G,0,0,,4
98(E2),G,H,-4.402,0.4272,7.5,4
98(E2),G,I,-4.204,0.1256,9.5,4
98(E2),G,K,-7.38,0,8,4
98(E2),G,L,-2.463,0.7198,8.5,4
98(E2),G,M,-1.423,0.7719,6.5,4
98(E2),G,N,-6.583,0,6,4
98(E2),G,P,-7.601,0,11.5,4
98(E2),G,Q,-4.85,0,5.5,4
98(E2),G,R,-6.718,0,7.25,4
98(E2),G,S,-0.9786,0.3667,15,4
98(E2),G,T,-4.707,0.1962,9,4
98(E2),G,V,-4.128,0.2646,11,4
98(E2),G,W,-1.663,0.2277,5.5,4
98(E2),G,Y,-0.5957,0.3906,4.5,4
99(E1),E,*,-7.319,0,6.5,4
99(E1),E,A,-5.838,0,7,4
99(E1),E,C,-7.636,0,8,4
99(E1),E,D,-2.251,0.3222,10,4
99(E1),E,E,0,0,,4
99(E1),E,F,-2.21,0.4127,7.5,4
99(E1),E,G,-7.531,0,11.5,4
99(E1),E,H,-3.833,0.3605,7.5,4
99(E1),E,I,-6.415,0,7,4
99(E1),E,K,-7.653,0,18.5,4
99(E1),E,L,-6.055,0,6.75,4
99(E1),E,M,-6.971,0,6,4
99(E1),E,N,-7.487,0,7,4
99(E1),E,P,-7.532,0,8.5,4
99(E1),E,Q,-2.014,0.2133,4.5,4
99(E1),E,R,-7.423,0,6,4
99(E1),E,S,-6.164,0,8,4
99(E1),E,T,-7.418,0,7.5,4
99(E1),E,V,-7.041,0,12.5,4
99(E1),E,W,-4.226,0.08444,4.5,4
99(E1),E,Y,-6.284,0,9,4
99(E2),H,A,-7.511,0,8.5,4
99(E2),H,C,-7.105,0,7.5,4
99(E2),H,D,-7.627,0,8,4
99(E2),H,E,-7.455,0,4,4
99(E2),H,F,-5.441,0,4.5,4
99(E2),H,G,-7.354,0,5.5,4
99(E2),H,H,0,0,,4
99(E2),H,I,-7.636,0,7,4
99(E2),H,K,-7.551,0,10.5,4
99(E2),H,L,-7.488,0,7,4
99(E2),H,M,-7.415,0,5.5,4
99(E2),H,N,-7.481,0,7,4
99(E2),H,P,-7.415,0,5,4
99(E2),H,Q,-7.21,0,12,4
99(E2),H,R,-7.258,0,4,4
99(E2),H,S,-6.617,0,7,4
99(E2),H,T,-6.991,0,5.5,4
99(E2),H,V,-7.418,0,7.5,4
99(E2),H,W,-5.623,0,11.5,4
99(E2),H,Y,-1.224,0.3306,10,4
