mutation,Mxra8 binding by DMS,IC50 measured by RVP,1/IC50
unmutated,0,0.363,2.754820937
E2-E18A,1.638,0.31,3.225806452
E2-E24Y,1.938,1.15,0.869565217
E2-R119K,-3.491,20,0.05
E2-K120D,-2.501,5.72,0.174825175
E2-I121E,-3.079,20,0.05
E2-A157S,0.8761,0.103,9.708737864
E2-Q158T,-0.1927,0.46,2.173913043
E2-Q158V,-0.09846,0.29,3.448275862
E2-R178S,-2.353,0.972,1.028806584
E2-K189Y,2.431,0.00651,153.609831
E1-K132N,-2.621,3.23,0.309597523
E1-K157C,-1.721,1.33,0.751879699
E1-D158R,1.275,0.0599,16.69449082
