latent_phenotype_effect,functional_effect,times_seen,wildtype,site,mutant,functional_effect_singlemut,times_seen_singlemut
-7.253,-7.601,21,M,-1(E3),I,-8,2
-0.4952,-0.1609,1,M,-1(E3),L,,
0,0,,M,-1(E3),M,0,
-1.319,-0.6441,1,M,-1(E3),R,,
-7.475,-7.633,4,M,-1(E3),T,,
-4.223,-5.353,1,S,1(E3),C,,
0.06475,0.01611,3,S,1(E3),G,-0.7542,1
-1.03,-0.436,2,S,1(E3),I,,
-0.3327,-0.09989,5,S,1(E3),N,,
-0.1341,-0.03661,4,S,1(E3),R,-0.863,1
0,0,,S,1(E3),S,0,
0,0,,L,2(E3),L,0,
-0.6091,-0.2092,6,L,2(E3),M,-3.738,1
-2.795,-2.613,6,L,2(E3),P,,
-0.7182,-0.2603,2,L,2(E3),Q,,
-3.356,-3.707,1,L,2(E3),R,,
0,0,,A,3(E3),A,0,
-7.841,-7.673,3,A,3(E3),D,,
0.6062,0.1183,1,A,3(E3),E,,
-1.424,-0.732,3,A,3(E3),S,,
-0.2669,-0.07763,49,A,3(E3),T,-0.4082,6
0.2676,0.06066,31,A,3(E3),V,-0.1925,5
0,0,,I,4(E3),I,0,
-0.9512,-0.387,2,I,4(E3),T,,
-1.001,-0.4175,1,I,4(E3),V,,
-1.07,-0.4615,2,P,5(E3),H,,
-1.4,-0.7117,5,P,5(E3),L,-0.9211,2
0,0,,P,5(E3),P,0,
0.5658,0.1124,5,P,5(E3),S,,
0.2236,0.05171,2,P,5(E3),T,,
-4.245,-5.39,2,V,6(E3),A,-6.337,2
-4.824,-6.235,2,V,6(E3),E,,
-0.762,-0.2823,6,V,6(E3),L,0.1263,3
-0.1809,-0.0505,7,V,6(E3),M,,
0,0,,V,6(E3),V,0,
1.037,0.169,3,M,7(E3),I,,
0,0,,M,7(E3),M,0,
-5.747,-7.078,1,M,7(E3),T,,
-4.921,-6.352,4,M,7(E3),V,,
-6.043,-7.242,4,C,8(E3),*,-8,1
0,0,,C,8(E3),C,0,
0.611,0.119,3,C,8(E3),F,,
-1.707,-1.007,1,C,8(E3),G,,
-2.839,-2.694,6,C,8(E3),Y,,
0,0,,L,9(E3),L,0,
-1.317,-0.6424,2,L,9(E3),M,,
-6.8,-7.511,6,L,9(E3),P,-8,1
-6.267,-7.342,1,L,9(E3),Q,,
-6.461,-7.413,1,L,9(E3),R,,
-0.7302,-0.2662,2,L,9(E3),V,,
0,0,,L,10(E3),L,0,
-3.206,-3.406,4,L,10(E3),M,-3.732,1
-0.6622,-0.2335,1,L,10(E3),P,,
-7.277,-7.605,2,L,10(E3),Q,,
0,0,,A,11(E3),A,0,
-7.556,-7.643,5,A,11(E3),D,-8,1
-2.942,-2.89,2,A,11(E3),G,,
0.6343,0.1223,4,A,11(E3),S,,
-0.9562,-0.39,26,A,11(E3),T,-0.3566,4
0.1656,0.03931,9,A,11(E3),V,1.262,2
-4.708,-6.086,1,N,12(E3),D,,
-0.8547,-0.3314,1,N,12(E3),I,,
-8.887,-7.732,1,N,12(E3),K,,
0,0,,N,12(E3),N,0,
0.4673,0.09689,2,N,12(E3),S,,
-0.2887,-0.08487,1,T,13(E3),A,,
0.4832,0.09949,6,T,13(E3),I,,
-3.124,-3.245,1,T,13(E3),N,,
0,0,,T,13(E3),T,0,
0.1012,0.02476,3,T,14(E3),A,,
-2.301,-1.776,4,T,14(E3),I,,
0,0,,T,14(E3),T,0,
0,0,,F,15(E3),F,0,
0.3739,0.0808,4,F,15(E3),I,-0.0153,1
-0.8562,-0.3322,4,F,15(E3),L,-0.3443,1
-0.634,-0.2204,1,F,15(E3),V,,
0.1645,0.03907,5,F,15(E3),Y,-0.5487,1
-1.066,-0.4589,1,P,16(E3),-,,
2.758,0.2477,4,P,16(E3),L,,
0,0,,P,16(E3),P,0,
3.127,0.2531,2,P,16(E3),Q,,
-0.5887,-0.2002,7,P,16(E3),S,,
-4.161,-5.247,1,P,16(E3),T,,
-2.635,-2.324,1,C,17(E3),*,,
-0.2916,-0.08582,1,C,17(E3),-,,
0,0,,C,17(E3),C,0,
-0.5203,-0.1711,7,C,17(E3),F,-2.175,1
-3.891,-4.758,1,C,17(E3),R,,
-0.6386,-0.2226,1,C,17(E3),S,,
-1.843,-1.16,34,C,17(E3),Y,-3.784,3
-0.7413,-0.2717,1,S,18(E3),-,,
2.288,0.2374,1,S,18(E3),I,,
-0.18,-0.05021,8,S,18(E3),N,-1.481,1
-0.3249,-0.09717,1,S,18(E3),R,,
0,0,,S,18(E3),S,0,
-1.998,-1.35,1,S,18(E3),T,,
-7.518,-7.639,4,Q,19(E3),*,,
-0.2133,-0.06046,1,Q,19(E3),-,,
-0.2108,-0.05969,10,Q,19(E3),H,-0.867,1
0,0,,Q,19(E3),Q,0,
-0.3247,-0.09711,1,P,20(E3),-,,
-1.896,-1.223,2,P,20(E3),H,-1.495,1
-1.255,-0.5937,2,P,20(E3),L,,
0,0,,P,20(E3),P,0,
-0.5035,-0.1642,16,P,20(E3),S,,
-1.376,-0.6906,2,P,20(E3),T,-0.3571,1
2.058,0.2302,1,P,21(E3),L,,
0,0,,P,21(E3),P,0,
0.4259,0.08993,1,P,21(E3),Q,,
-0.5824,-0.1974,1,P,21(E3),S,,
-0.526,-0.1735,2,P,21(E3),T,,
-4.914,-6.343,3,C,22(E3),*,,
0,0,,C,22(E3),C,0,
-0.9645,-0.395,4,C,22(E3),F,,
-0.4232,-0.1327,2,C,22(E3),S,1.381,1
-0.565,-0.1899,1,C,22(E3),W,,
-1.464,-0.768,14,C,22(E3),Y,-0.1027,2
0.5311,0.1071,1,T,23(E3),A,,
-0.8349,-0.3206,4,T,23(E3),I,,
-2.98,-2.962,2,T,23(E3),K,-3.41,1
0,0,,T,23(E3),T,0,
-0.5544,-0.1854,2,P,24(E3),A,0.1822,1
-2.211,-1.642,4,P,24(E3),H,,
-1.89,-1.215,3,P,24(E3),L,-1.461,2
0,0,,P,24(E3),P,0,
0.3051,0.068,5,P,24(E3),S,,
-0.6058,-0.2077,1,P,24(E3),T,,
-6.82,-7.516,7,C,25(E3),*,-8,1
0,0,,C,25(E3),C,0,
-1.166,-0.528,7,C,25(E3),F,-1.237,1
-0.0709,-0.01879,3,C,25(E3),R,-0.793,1
-4.606,-5.946,1,C,25(E3),W,,
-0.9186,-0.3677,16,C,25(E3),Y,-1.737,1
-6.419,-7.399,1,C,26(E3),*,-8,1
0,0,,C,26(E3),C,0,
-2.841,-2.698,4,C,26(E3),F,-2.309,1
-0.775,-0.2889,1,C,26(E3),W,,
-3.195,-3.385,9,C,26(E3),Y,-3.035,2
-2.58,-2.229,1,Y,27(E3),*,,
-2.547,-2.172,2,Y,27(E3),H,,
-3.397,-3.789,1,Y,27(E3),N,,
0.5037,0.1028,1,Y,27(E3),W,,
0,0,,Y,27(E3),Y,0,
-4.189,-5.295,3,E,28(E3),*,,
1.962,0.2267,3,E,28(E3),D,0.115,1
0,0,,E,28(E3),E,0,
-0.9862,-0.4082,8,E,28(E3),K,,
0.3845,0.0827,1,E,28(E3),Q,,
-1.192,-0.5463,1,E,28(E3),V,,
-1.141,-0.5098,1,K,29(E3),E,,
0,0,,K,29(E3),K,0,
-6.496,-7.425,6,E,30(E3),*,-8,3
0,0,,E,30(E3),E,0,
-0.06562,-0.01735,1,E,30(E3),G,,
0.5236,0.1059,6,E,30(E3),K,0.4983,1
-0.1391,-0.03807,2,P,31(E3),A,,
-0.1105,-0.02983,3,P,31(E3),H,,
-1.284,-0.6161,1,P,31(E3),L,,
0,0,,P,31(E3),P,0,
0.2933,0.0657,28,P,31(E3),S,0.2186,6
-4.218,-5.344,2,P,31(E3),T,,
-8.615,-7.722,5,E,32(E3),*,,
-0.2451,-0.07055,2,E,32(E3),D,-2.342,1
0,0,,E,32(E3),E,0,
0.4534,0.09459,3,E,32(E3),G,-0.6718,2
0.0238,0.006034,7,E,32(E3),K,-0.6293,2
-1.264,-0.6003,1,E,32(E3),V,,
-6.353,-7.375,1,K,33(E3),*,-8,1
0.3675,0.07965,2,K,33(E3),E,,
0,0,,K,33(E3),K,0,
-2.156,-1.563,3,T,34(E3),I,,
0,0,,T,34(E3),T,0,
0,0,,L,35(E3),L,0,
-0.7923,-0.2979,3,L,35(E3),M,-0.2764,3
-1.901,-1.229,2,L,35(E3),P,,
-7.534,-7.641,2,L,35(E3),Q,-3.912,1
1.829,0.2213,1,R,36(E3),G,0.4073,1
-2.452,-2.014,2,R,36(E3),L,,
2.028,0.2292,11,R,36(E3),Q,,
0,0,,R,36(E3),R,0,
-0.03207,-0.008345,38,R,36(E3),W,-0.487,3
0.4199,0.0889,21,M,37(E3),I,-0.05355,1
-1.554,-0.8518,2,M,37(E3),K,,
0,0,,M,37(E3),M,0,
0,0,,L,38(E3),L,0,
-0.7245,-0.2634,4,L,38(E3),M,-0.692,1
-7.108,-7.577,5,L,38(E3),P,-7.9,2
-3.233,-3.46,1,L,38(E3),Q,,
1.221,0.185,1,L,38(E3),V,,
-6.884,-7.531,4,E,39(E3),*,,
-0.9706,-0.3987,1,E,39(E3),D,,
0,0,,E,39(E3),E,0,
-2.141,-1.542,5,E,39(E3),G,-1.748,2
-11.79,-7.763,23,E,39(E3),K,-8,1
-1.21,-0.5598,1,E,39(E3),V,,
0,0,,D,40(E3),D,0,
0.3057,0.0681,3,D,40(E3),E,-0.5282,1
-1.031,-0.4363,30,D,40(E3),N,-0.745,4
2.234,0.2358,2,D,40(E3),Y,-0.2242,1
-0.03011,-0.007828,1,N,41(E3),-,,
-3.959,-4.885,3,N,41(E3),D,,
-1.142,-0.5108,1,N,41(E3),I,,
-2.625,-2.306,5,N,41(E3),K,-2.404,1
0,0,,N,41(E3),N,0,
0.386,0.08296,4,N,41(E3),S,,
-1.131,-0.5029,2,V,42(E3),-,,
-1.51,-0.8095,2,V,42(E3),A,,
-1.377,-0.6921,1,V,42(E3),E,-0.9275,1
1.535,0.2064,7,V,42(E3),L,,
0.4926,0.101,8,V,42(E3),M,-1.182,2
0,0,,V,42(E3),V,0,
-0.6063,-0.208,2,M,43(E3),-,,
-0.4099,-0.1277,16,M,43(E3),I,0.5193,2
-1.15,-0.5161,1,M,43(E3),L,,
0,0,,M,43(E3),M,0,
-0.8684,-0.3391,1,M,43(E3),T,,
-0.02907,-0.007553,1,M,43(E3),V,,
-0.8201,-0.3126,2,S,44(E3),-,,
0.3117,0.06926,7,S,44(E3),C,,
0.152,0.03632,10,S,44(E3),G,-0.09421,2
0.8118,0.1452,4,S,44(E3),I,,
0.2621,0.05955,5,S,44(E3),N,,
0,0,,S,44(E3),S,0,
-0.08733,-0.02332,1,P,45(E3),-,,
-0.07977,-0.02123,6,P,45(E3),H,,
0,0,,P,45(E3),P,0,
-1.606,-0.9018,2,P,45(E3),R,,
-0.007351,-0.00189,2,P,45(E3),S,,
-1.445,-0.7504,2,P,45(E3),T,,
-0.8783,-0.3446,5,G,46(E3),C,-0.363,1
-0.1823,-0.05094,17,G,46(E3),D,-0.6803,1
0,0,,G,46(E3),G,0,
0.5878,0.1156,6,G,46(E3),S,,
0.2859,0.06427,2,G,46(E3),V,0.4238,1
-5.789,-7.104,6,Y,47(E3),*,-5.329,1
-0.5448,-0.1813,1,Y,47(E3),H,,
0,0,,Y,47(E3),Y,0,
-9.535,-7.748,5,Y,48(E3),*,,
-0.06628,-0.01752,1,Y,48(E3),C,,
-1.133,-0.5042,3,Y,48(E3),H,-0.9999,1
0,0,,Y,48(E3),Y,0,
-5.01,-6.452,3,Q,49(E3),*,,
-2.077,-1.454,5,Q,49(E3),H,,
0.7734,0.1405,1,Q,49(E3),K,,
0,0,,Q,49(E3),Q,0,
0.2051,0.04782,2,Q,49(E3),R,,
0,0,,L,50(E3),L,0,
-1.874,-1.196,3,L,50(E3),M,,
-6.595,-7.455,2,L,50(E3),P,-8,1
0,0,,L,51(E3),L,0,
0.2913,0.06533,3,L,51(E3),M,,
-6.406,-7.394,3,L,51(E3),P,,
-1.865,-1.186,1,L,51(E3),R,,
-0.4948,-0.1607,1,L,51(E3),S,,
-6.339,-7.37,22,Q,52(E3),*,-5.759,1
-0.6601,-0.2325,1,Q,52(E3),E,,
0.2309,0.05321,5,Q,52(E3),H,-0.1021,1
0.1129,0.02747,1,Q,52(E3),K,,
-1.216,-0.5641,2,Q,52(E3),L,,
-0.9046,-0.3596,1,Q,52(E3),P,,
0,0,,Q,52(E3),Q,0,
0.1917,0.04496,14,Q,52(E3),R,-0.5916,3
0,0,,A,53(E3),A,0,
-1.935,-1.27,1,A,53(E3),D,-1.516,1
-1.984,-1.332,6,A,53(E3),S,,
-0.9259,-0.372,5,A,53(E3),T,0.07925,1
1.798,0.2199,4,A,53(E3),V,,
-1.203,-0.5545,2,S,54(E3),F,,
-6.015,-7.228,2,S,54(E3),P,,
0,0,,S,54(E3),S,0,
-0.8752,-0.3429,1,S,54(E3),Y,,
0,0,,L,55(E3),L,0,
0.8557,0.1502,1,L,55(E3),M,,
-5.734,-7.07,5,L,55(E3),P,,
-0.3133,-0.09317,3,T,56(E3),A,,
2.473,0.242,1,T,56(E3),I,,
1.451,0.2014,3,T,56(E3),K,,
0,0,,T,56(E3),T,0,
-5.096,-6.544,3,C,57(E3),*,,
0,0,,C,57(E3),C,0,
-2.725,-2.484,3,C,57(E3),F,,
-1.554,-0.8515,2,C,57(E3),R,,
-0.7488,-0.2756,1,C,57(E3),S,,
-1.333,-0.6551,19,C,57(E3),Y,-1.394,2
-3.81,-4.604,2,S,58(E3),-,,
0.4404,0.09239,18,S,58(E3),G,-1.001,1
-0.3155,-0.09395,8,S,58(E3),I,,
-1.113,-0.4904,5,S,58(E3),N,,
0,0,,S,58(E3),S,0,
-0.1909,-0.05356,1,P,59(E3),-,,
0.7395,0.1363,12,P,59(E3),H,0.4647,1
3.201,0.2539,1,P,59(E3),L,,
0,0,,P,59(E3),P,0,
-0.1252,-0.03403,2,P,59(E3),S,,
-3.771,-4.529,2,P,59(E3),T,,
-5.712,-7.056,3,R,60(E3),*,-8,1
0.2683,0.0608,10,R,60(E3),G,-4.152,1
-0.5819,-0.1972,4,R,60(E3),K,-0.4074,1
0,0,,R,60(E3),R,0,
0.4454,0.09325,2,R,61(E3),L,0.7372,1
-3.842,-4.667,1,R,61(E3),P,,
-2.576,-2.222,3,R,61(E3),Q,-2.497,1
0,0,,R,61(E3),R,0,
-1.646,-0.9424,4,R,61(E3),W,,
-6.644,-7.47,18,Q,62(E3),*,,
1.142,0.1785,1,Q,62(E3),E,,
-0.343,-0.1035,8,Q,62(E3),H,,
-1.485,-0.7864,3,Q,62(E3),K,,
0,0,,Q,62(E3),Q,0,
-2.545,-2.169,1,Q,62(E3),R,,
-1.313,-0.6395,4,R,63(E3),L,-1.165,1
0.28,0.06312,11,R,63(E3),Q,-0.3919,3
0,0,,R,63(E3),R,0,
0.2141,0.04971,13,R,63(E3),W,0.5934,1
-2.571,-2.213,3,R,64(E3),G,,
0.05746,0.01434,3,R,64(E3),I,-2.384,1
-1.297,-0.6261,11,R,64(E3),K,-0.5613,1
0,0,,R,64(E3),R,0,
-0.3393,-0.1022,4,S,1(E2),F,,
0,0,,S,1(E2),S,0,
3.895,0.2595,1,S,1(E2),T,,
-0.8227,-0.314,2,S,1(E2),Y,,
0,0,,I,2(E2),I,0,
-1.281,-0.614,1,I,2(E2),M,,
-2.487,-2.072,2,I,2(E2),T,,
1.734,0.217,2,K,3(E2),E,,
0,0,,K,3(E2),K,0,
0.2899,0.06506,7,K,3(E2),N,-8,1
0.909,0.1561,1,K,3(E2),Q,,
-2.279,-1.743,1,K,3(E2),R,,
0,0,,D,4(E2),D,0,
-0.6796,-0.2417,1,D,4(E2),E,,
-2.526,-2.138,2,D,4(E2),G,,
1.454,0.2016,1,D,4(E2),H,,
-1.079,-0.4679,1,D,4(E2),N,,
-1.02,-0.4291,1,N,5(E2),D,-0.7327,1
0.4358,0.09163,1,N,5(E2),K,,
0,0,,N,5(E2),N,0,
-4.383,-5.613,1,F,6(E2),C,,
0,0,,F,6(E2),F,0,
-0.6601,-0.2325,2,F,6(E2),I,,
-0.9869,-0.4087,3,F,6(E2),L,,
0.2847,0.06404,1,N,7(E2),-,,
2.684,0.2464,3,N,7(E2),D,0.394,2
-1.529,-0.8275,6,N,7(E2),K,,
0,0,,N,7(E2),N,0,
4.207,0.261,4,N,7(E2),S,,
-0.009367,-0.002412,1,V,8(E2),-,,
1.02,0.1675,2,V,8(E2),A,-0.9466,1
-2.007,-1.361,5,V,8(E2),L,,
-1.523,-0.8217,5,V,8(E2),M,-0.7491,2
0,0,,V,8(E2),V,0,
-4.929,-6.36,1,Y,9(E2),*,,
0.2643,0.06,2,Y,9(E2),-,,
-0.7497,-0.276,1,Y,9(E2),C,,
-3.405,-3.806,4,Y,9(E2),H,-4.027,1
0,0,,Y,9(E2),Y,0,
-6.002,-7.222,1,K,10(E2),*,,
-0.2864,-0.08408,1,K,10(E2),-,,
-4.171,-5.264,4,K,10(E2),E,-5.597,1
0,0,,K,10(E2),K,0,
-3.566,-4.127,16,K,10(E2),M,-4.636,2
-3.866,-4.712,8,K,10(E2),N,,
-1.299,-0.6279,9,K,10(E2),R,-1.712,1
-2.537,-2.156,12,K,10(E2),T,-2.334,2
-0.5007,-0.1631,1,A,11(E2),-,,
0,0,,A,11(E2),A,0,
0.2798,0.06307,3,A,11(E2),S,,
-0.843,-0.325,12,A,11(E2),T,,
-1.19,-0.5453,5,A,11(E2),V,,
-1.162,-0.5246,1,I,12(E2),-,,
0,0,,I,12(E2),I,0,
-0.9373,-0.3787,3,I,12(E2),T,,
-3.276,-3.547,1,I,12(E2),V,,
-6.127,-7.282,2,R,13(E2),*,,
-1.362,-0.6795,1,R,13(E2),-,,
-0.1615,-0.04467,8,R,13(E2),G,-0.5823,1
-2.07,-1.445,3,R,13(E2),K,,
0,0,,R,13(E2),R,0,
0.5832,0.115,1,R,13(E2),T,,
-1.348,-0.6673,1,P,14(E2),-,,
-7.336,-7.614,3,P,14(E2),H,,
-7.032,-7.562,5,P,14(E2),L,-8,1
0,0,,P,14(E2),P,0,
-6.432,-7.403,2,P,14(E2),R,-8,1
2.265,0.2367,2,P,14(E2),S,,
-0.1825,-0.05099,1,P,14(E2),T,,
-6.935,-7.542,3,Y,15(E2),*,-8,1
0.03593,0.009058,1,Y,15(E2),C,,
-1.259,-0.5964,1,Y,15(E2),F,,
-4.892,-6.318,3,Y,15(E2),H,-6.253,1
0,0,,Y,15(E2),Y,0,
0,0,,L,16(E2),L,0,
-1.521,-0.8203,1,L,16(E2),M,,
-3.226,-3.447,5,L,16(E2),P,-3.691,1
-2.463,-2.033,1,L,16(E2),Q,,
0,0,,A,17(E2),A,0,
-6.422,-7.4,5,A,17(E2),D,-8,1
-5.52,-6.922,6,A,17(E2),S,-6.966,1
-2.719,-2.474,42,A,17(E2),T,,
-4.112,-5.161,2,A,17(E2),V,,
0,0,,H,18(E2),H,0,
-3.251,-3.496,1,H,18(E2),N,,
3.591,0.2575,4,H,18(E2),Q,,
-3.007,-3.016,1,C,19(E2),*,,
0,0,,C,19(E2),C,0,
-4.969,-6.407,4,C,19(E2),F,-6.429,1
-4.855,-6.273,3,C,19(E2),R,-6.893,2
-3.456,-3.907,1,C,19(E2),S,,
-6.251,-7.335,13,C,19(E2),Y,-8,2
-2.109,-1.498,5,P,20(E2),H,,
0.8652,0.1513,1,P,20(E2),L,,
0,0,,P,20(E2),P,0,
-0.04892,-0.01283,2,P,20(E2),S,,
-3.191,-3.378,2,P,20(E2),T,,
0,0,,D,21(E2),D,0,
0.467,0.09683,1,D,21(E2),G,,
-1.183,-0.5399,20,D,21(E2),N,-0.9643,1
0.05538,0.01383,3,D,21(E2),Y,,
-2.128,-1.525,2,C,22(E2),*,,
0,0,,C,22(E2),C,0,
-6.37,-7.381,5,C,22(E2),F,,
-7.272,-7.604,2,C,22(E2),R,,
-0.8313,-0.3187,1,C,22(E2),S,,
-6.673,-7.478,2,C,22(E2),W,-8,1
-8.685,-7.725,10,C,22(E2),Y,-8,1
-6.778,-7.505,4,G,23(E2),C,,
0.4604,0.09574,12,G,23(E2),D,-0.1819,1
0,0,,G,23(E2),G,0,
0.4951,0.1014,6,G,23(E2),S,0.2745,2
-6.635,-7.467,4,E,24(E2),*,-8,1
0.1751,0.04138,5,E,24(E2),D,-1,1
0,0,,E,24(E2),E,0,
-0.06272,-0.01656,1,E,24(E2),G,,
-0.5003,-0.1629,14,E,24(E2),K,,
-2.346,-1.845,4,G,25(E2),C,,
-0.8116,-0.3081,21,G,25(E2),D,-0.4974,4
0,0,,G,25(E2),G,0,
0.2004,0.04684,1,G,25(E2),R,,
2.371,0.2396,1,G,25(E2),S,,
1.718,0.2162,5,G,25(E2),V,0.1458,1
0,0,,H,26(E2),H,0,
0.1499,0.03586,1,H,26(E2),L,,
-0.02223,-0.005757,2,H,26(E2),Y,,
-2.207,-1.636,1,S,27(E2),F,-1.986,1
0.4404,0.0924,2,S,27(E2),P,,
0,0,,S,27(E2),S,0,
-1.881,-1.204,4,S,27(E2),Y,-1.453,2
-5.277,-6.719,2,C,28(E2),*,,
0,0,,C,28(E2),C,0,
-5.717,-7.059,4,C,28(E2),F,-6.648,1
-6.604,-7.458,7,C,28(E2),R,-7.936,1
-3.728,-4.447,1,C,28(E2),S,,
-5.664,-7.024,5,C,28(E2),Y,,
-0.8574,-0.3329,1,H,29(E2),D,,
0,0,,H,29(E2),H,0,
-1.952,-1.292,1,H,29(E2),L,,
-3.589,-4.174,2,H,29(E2),N,,
-1.634,-0.9304,2,H,29(E2),Q,,
-0.5935,-0.2023,8,H,29(E2),Y,,
0.865,0.1513,1,S,30(E2),C,,
-2.783,-2.59,5,S,30(E2),F,,
-5.245,-6.69,2,S,30(E2),P,,
0,0,,S,30(E2),S,0,
0.7225,0.1341,1,S,30(E2),T,,
-7.069,-7.569,4,S,30(E2),Y,-8,1
1.244,0.1868,2,P,31(E2),H,,
-3.766,-4.52,7,P,31(E2),L,-4.431,1
0,0,,P,31(E2),P,0,
1.182,0.1819,3,P,31(E2),S,,
-0.09435,-0.02528,1,P,31(E2),T,,
-1.842,-1.158,2,V,32(E2),E,,
-1.496,-0.7972,3,V,32(E2),L,,
-2.794,-2.611,12,V,32(E2),M,-2.188,1
0,0,,V,32(E2),V,0,
0,0,,A,33(E2),A,0,
-7.131,-7.581,3,A,33(E2),D,-8,2
-3.265,-3.525,1,A,33(E2),P,,
-1.161,-0.5245,3,A,33(E2),S,,
-1.257,-0.595,11,A,33(E2),T,,
-5.863,-7.148,8,A,33(E2),V,,
0,0,,L,34(E2),L,0,
-0.3846,-0.1184,4,L,34(E2),M,-0.006038,1
-10.45,-7.758,10,L,34(E2),P,-5.697,1
-0.7728,-0.2878,1,L,34(E2),Q,,
-0.3954,-0.1223,1,L,34(E2),R,,
-4.212,-5.334,1,E,35(E2),A,,
-0.6087,-0.209,1,E,35(E2),C,,
0,0,,E,35(E2),E,0,
-5.054,-6.5,3,E,35(E2),G,,
-7.187,-7.59,24,E,35(E2),K,-8,3
-6.66,-7.474,3,E,35(E2),Q,,
-0.2456,-0.07072,4,R,36(E2),L,-0.3258,3
-0.6616,-0.2332,10,R,36(E2),Q,-0.1037,3
0,0,,R,36(E2),R,0,
0.8526,0.1499,18,R,36(E2),W,0.8324,3
-4.734,-6.12,1,I,37(E2),F,,
0,0,,I,37(E2),I,0,
2.494,0.2425,1,I,37(E2),N,,
-1.586,-0.8822,4,I,37(E2),T,,
-2.013,-1.369,5,R,38(E2),G,-1.486,1
-3.745,-4.48,4,R,38(E2),I,,
-0.8366,-0.3215,5,R,38(E2),K,,
0,0,,R,38(E2),R,0,
-0.578,-0.1955,1,N,39(E2),I,,
-4.113,-5.163,2,N,39(E2),K,-5.504,1
0,0,,N,39(E2),N,0,
-0.2003,-0.05645,2,N,39(E2),S,,
-7.307,-7.61,4,E,40(E2),*,,
-4.899,-6.325,12,E,40(E2),D,,
0,0,,E,40(E2),E,0,
-0.1453,-0.03988,6,E,40(E2),G,0.06507,1
-6.563,-7.446,5,E,40(E2),K,-8,1
0,0,,A,41(E2),A,0,
-5.975,-7.208,2,A,41(E2),D,-7.593,1
-6.695,-7.484,9,A,41(E2),T,-8,3
-0.6982,-0.2506,6,A,41(E2),V,,
-3.498,-3.991,4,T,42(E2),I,,
-4.494,-5.784,2,T,42(E2),N,-6.157,1
0,0,,T,42(E2),T,0,
0,0,,D,43(E2),D,0,
-2.7,-2.44,2,D,43(E2),E,,
-10.23,-7.756,1,D,43(E2),G,-8,1
-6.222,-7.324,18,D,43(E2),N,-8,3
-6.716,-7.489,2,D,43(E2),Y,-8,1
-4.875,-6.297,6,G,44(E2),C,-6.333,2
-9.202,-7.741,17,G,44(E2),D,-8,1
0,0,,G,44(E2),G,0,
-5.005,-6.447,5,G,44(E2),S,,
-4.164,-5.252,6,G,44(E2),V,-8,1
-1.247,-0.5874,2,T,45(E2),A,-0.8327,1
-0.4657,-0.1491,3,T,45(E2),I,,
-5.736,-7.071,1,T,45(E2),N,,
0,0,,T,45(E2),T,0,
0,0,,L,46(E2),L,0,
-1.867,-1.188,8,L,46(E2),M,-1.73,1
-6.571,-7.448,16,L,46(E2),P,-8,3
-6.629,-7.465,1,L,46(E2),Q,-8,1
-1.61,-0.9062,1,L,46(E2),R,,
0.1501,0.03589,1,K,47(E2),*,,
-6.912,-7.537,4,K,47(E2),E,-8,1
0,0,,K,47(E2),K,0,
-2.417,-1.958,3,K,47(E2),N,-2.207,1
0,0,,I,48(E2),I,0,
-1.441,-0.7474,1,I,48(E2),M,,
-7.173,-7.588,5,Q,49(E2),*,-8,2
-2.495,-2.086,8,Q,49(E2),H,,
-6.216,-7.321,3,Q,49(E2),K,,
-6.139,-7.287,3,Q,49(E2),P,,
0,0,,Q,49(E2),Q,0,
-4.407,-5.651,14,Q,49(E2),R,-8,2
-4.035,-5.024,1,V,50(E2),E,-5.287,1
-0.3985,-0.1235,2,V,50(E2),L,,
-1.913,-1.243,5,V,50(E2),M,,
0,0,,V,50(E2),V,0,
-6.354,-7.375,6,S,51(E2),F,-8,1
-5.251,-6.696,3,S,51(E2),P,,
0,0,,S,51(E2),S,0,
-3.593,-4.18,2,S,51(E2),Y,,
0,0,,L,52(E2),L,0,
-2.583,-2.233,6,L,52(E2),M,,
-5.751,-7.08,10,L,52(E2),P,-8,3
-6.316,-7.361,1,L,52(E2),Q,-8,1
-5.437,-6.857,15,Q,53(E2),*,-6.779,2
-0.8,-0.3019,2,Q,53(E2),H,,
-4.563,-5.885,1,Q,53(E2),K,,
-3.312,-3.619,1,Q,53(E2),L,-3.879,1
0,0,,Q,53(E2),Q,0,
-6.236,-7.329,7,Q,53(E2),R,-7.316,2
0,0,,I,54(E2),I,0,
-1.309,-0.6357,4,I,54(E2),N,,
-1.056,-0.4525,1,I,54(E2),S,,
-3.372,-3.739,1,G,55(E2),A,,
-0.4704,-0.151,1,G,55(E2),C,,
-4.568,-5.893,160,G,55(E2),D,-5.734,16
0,0,,G,55(E2),G,0,
-0.796,-0.2998,6,G,55(E2),S,,
-4.632,-5.983,4,G,55(E2),V,-6.864,1
0,0,,I,56(E2),I,0,
-6.683,-7.48,4,I,56(E2),T,-8,1
-1.391,-0.7041,1,K,57(E2),*,,
-5.336,-6.772,7,K,57(E2),E,,
0,0,,K,57(E2),K,0,
2.25,0.2363,2,K,57(E2),M,,
1.118,0.1764,7,K,57(E2),N,0.4907,1
0.1884,0.04426,4,K,57(E2),R,,
-0.5192,-0.1707,5,T,58(E2),A,,
-2.227,-1.665,5,T,58(E2),I,,
0.4463,0.0934,1,T,58(E2),N,,
0,0,,T,58(E2),T,0,
0,0,,D,59(E2),D,0,
-6.322,-7.363,1,D,59(E2),E,-8,1
-6.288,-7.35,2,D,59(E2),G,,
-2.617,-2.293,6,D,59(E2),N,,
-7.594,-7.648,2,D,59(E2),Y,,
0,0,,D,60(E2),D,0,
-1.607,-0.9035,3,D,60(E2),E,,
-0.4336,-0.1367,1,D,60(E2),G,,
2.113,0.2321,6,D,60(E2),N,,
-4.885,-6.309,7,D,60(E2),Y,-6.703,1
-5.296,-6.737,4,S,61(E2),G,,
-0.9279,-0.3731,10,S,61(E2),I,-0.492,3
-1.85,-1.167,11,S,61(E2),N,-0.8525,2
-5.989,-7.215,3,S,61(E2),R,,
0,0,,S,61(E2),S,0,
3.548,0.2572,2,S,61(E2),T,,
0,0,,H,62(E2),H,0,
0.01706,0.004337,1,H,62(E2),N,,
-0.963,-0.394,2,H,62(E2),Q,-0.4711,1
-2.492,-2.08,2,H,62(E2),Y,,
0,0,,D,63(E2),D,0,
-6.039,-7.24,4,D,63(E2),G,-6.957,1
-5.745,-7.077,4,D,63(E2),N,,
-4.743,-6.132,2,D,63(E2),Y,,
-5.854,-7.142,25,W,64(E2),*,-8,3
3.721,0.2585,7,W,64(E2),C,0.5084,2
0.8494,0.1495,3,W,64(E2),L,,
2.045,0.2298,1,W,64(E2),R,,
0,0,,W,64(E2),W,0,
-0.2479,-0.07145,1,T,65(E2),A,,
-0.7833,-0.2932,1,T,65(E2),I,,
-1.938,-1.274,1,T,65(E2),K,,
0,0,,T,65(E2),T,0,
-5.29,-6.731,1,K,66(E2),*,,
0,0,,K,66(E2),K,0,
-0.1321,-0.03604,2,K,66(E2),M,,
-1.459,-0.7634,9,K,66(E2),N,,
-2.582,-2.232,1,K,66(E2),R,,
0.0975,0.02389,2,K,66(E2),T,,
0,0,,L,67(E2),L,0,
-0.1811,-0.05056,3,L,67(E2),M,,
-0.8352,-0.3208,1,R,68(E2),G,,
-5.924,-7.181,6,R,68(E2),L,-7.898,2
-5.221,-6.668,1,R,68(E2),P,,
-5.221,-6.667,8,R,68(E2),Q,,
0,0,,R,68(E2),R,0,
-7.622,-7.651,26,R,68(E2),W,-7.776,4
-5.675,-7.031,2,Y,69(E2),*,,
-2.932,-2.869,1,Y,69(E2),C,,
-3.625,-4.244,1,Y,69(E2),D,,
1.3,0.1911,1,Y,69(E2),H,,
0,0,,Y,69(E2),Y,0,
-4.203,-5.319,1,M,70(E2),-,,
-4.544,-5.858,12,M,70(E2),I,,
-2.16,-1.57,2,M,70(E2),L,,
0,0,,M,70(E2),M,0,
-4.396,-5.634,3,M,70(E2),T,,
-4.274,-5.439,1,D,71(E2),-,,
0,0,,D,71(E2),D,0,
-1.727,-1.029,1,D,71(E2),E,,
-1.553,-0.8501,10,D,71(E2),G,-1.551,2
0.2446,0.05602,1,D,71(E2),H,,
-1.268,-0.6036,9,D,71(E2),N,-0.3613,1
0.2056,0.04792,7,D,71(E2),Y,1.074,1
0.1716,0.04063,2,N,72(E2),K,,
0,0,,N,72(E2),N,0,
-0.3627,-0.1105,1,N,72(E2),S,,
1.166,0.1806,3,N,72(E2),Y,,
0,0,,H,73(E2),H,0,
-4.219,-5.346,1,H,73(E2),L,,
-2.036,-1.4,4,H,73(E2),N,,
0.7719,0.1404,2,H,73(E2),Q,,
-0.02022,-0.005232,1,H,73(E2),R,,
-2.829,-2.676,4,H,73(E2),Y,-3.315,1
0.3276,0.07228,22,M,74(E2),I,-0.3629,2
2.494,0.2425,2,M,74(E2),L,,
0,0,,M,74(E2),M,0,
3.006,0.2515,2,M,74(E2),T,-0.3386,1
0.2688,0.0609,4,M,74(E2),V,-0.2922,2
0.02895,0.00732,1,P,75(E2),H,,
-0.3421,-0.1032,5,P,75(E2),L,-0.1497,1
0,0,,P,75(E2),P,0,
-6.445,-7.408,1,P,75(E2),R,-8,1
-0.2472,-0.07122,10,P,75(E2),S,-0.2009,2
0,0,,A,76(E2),A,0,
-0.9381,-0.3791,4,A,76(E2),D,,
-0.6278,-0.2176,1,A,76(E2),S,,
-1.456,-0.76,26,A,76(E2),T,-1.249,5
-1.852,-1.17,30,A,76(E2),V,-1.752,4
0,0,,D,77(E2),D,0,
-2.296,-1.769,2,D,77(E2),G,-2.072,1
-1.741,-1.043,5,D,77(E2),N,-0.3169,2
-1.825,-1.138,3,D,77(E2),Y,-0.7309,1
0,0,,A,78(E2),A,0,
-1.538,-0.8364,1,A,78(E2),D,,
-2.308,-1.786,8,A,78(E2),S,,
-1.827,-1.141,4,A,78(E2),T,,
-5.205,-6.653,36,A,78(E2),V,-8,3
-5.036,-6.48,7,E,79(E2),*,-6.411,1
1.046,0.1699,3,E,79(E2),D,,
0,0,,E,79(E2),E,0,
-3.765,-4.519,1,E,79(E2),G,,
-7.967,-7.684,10,E,79(E2),K,,
0.6178,0.12,1,E,79(E2),V,,
-0.8743,-0.3423,2,R,80(E2),G,-0.6852,1
0.6444,0.1237,7,R,80(E2),K,,
0.8105,0.145,4,R,80(E2),M,1.322,1
0,0,,R,80(E2),R,0,
0.1413,0.03394,3,R,80(E2),S,,
-0.06623,-0.01751,2,R,80(E2),W,,
0,0,,A,81(E2),A,0,
0.8187,0.146,1,A,81(E2),D,,
-1.986,-1.334,1,A,81(E2),P,,
-0.6872,-0.2453,1,A,81(E2),S,,
0.05002,0.01253,19,A,81(E2),T,-0.1865,5
-1.317,-0.6427,14,A,81(E2),V,,
-0.2942,-0.08671,1,R,82(E2),*,,
1.836,0.2216,2,R,82(E2),G,,
-2.277,-1.74,3,R,82(E2),I,,
0.6034,0.1179,5,R,82(E2),K,,
0,0,,R,82(E2),R,0,
0.344,0.07533,1,R,82(E2),S,,
0,0,,L,83(E2),L,0,
0.1939,0.04545,2,L,83(E2),M,,
2.467,0.2419,1,L,83(E2),P,,
-4.75,-6.142,1,L,83(E2),Q,,
0,0,,F,84(E2),F,0,
-0.3912,-0.1208,1,F,84(E2),S,,
-2.28,-1.744,1,F,84(E2),V,,
-1.452,-0.757,4,F,84(E2),Y,-0.1219,1
-6.292,-7.351,2,V,85(E2),D,-8,1
-6.706,-7.487,3,V,85(E2),F,,
-0.03995,-0.01043,5,V,85(E2),I,,
0,0,,V,85(E2),V,0,
1.722,0.2164,1,R,86(E2),G,,
-2.502,-2.097,1,R,86(E2),I,,
-1.682,-0.98,4,R,86(E2),K,-1.297,1
0,0,,R,86(E2),R,0,
-6.632,-7.466,1,T,87(E2),K,-8,1
0,0,,T,87(E2),T,0,
-1.937,-1.273,1,S,88(E2),C,,
-2.238,-1.682,4,S,88(E2),G,,
0.3009,0.06718,3,S,88(E2),I,0.6434,1
2.41,0.2405,4,S,88(E2),N,-0.463,1
0.3446,0.07545,2,S,88(E2),R,,
0,0,,S,88(E2),S,0,
0,0,,A,89(E2),A,0,
-1.384,-0.6976,3,A,89(E2),D,,
-1.44,-0.7463,1,A,89(E2),P,,
1.387,0.1971,3,A,89(E2),S,,
0.3087,0.06868,14,A,89(E2),T,,
-0.3662,-0.1117,3,A,89(E2),V,0.4998,2
0.6389,0.1229,4,P,90(E2),H,,
0.07049,0.01749,6,P,90(E2),L,,
0,0,,P,90(E2),P,0,
-0.607,-0.2083,1,P,90(E2),R,,
3.519,0.257,2,P,90(E2),T,0.7454,1
-2.684,-2.411,3,C,91(E2),*,,
0,0,,C,91(E2),C,0,
-7.745,-7.664,10,C,91(E2),F,-8,2
-5.717,-7.059,5,C,91(E2),R,,
-3.605,-4.206,1,C,91(E2),S,,
-7.254,-7.602,11,C,91(E2),Y,-6.542,1
1.404,0.1983,1,T,92(E2),A,,
0.8027,0.1441,3,T,92(E2),I,,
-0.9062,-0.3605,7,T,92(E2),N,-2.033,1
2.984,0.2512,1,T,92(E2),S,,
0,0,,T,92(E2),T,0,
-7.811,-7.67,1,I,93(E2),-,,
0,0,,I,93(E2),I,0,
-0.882,-0.3467,4,I,93(E2),T,-0.5503,1
0.04203,0.01057,9,T,94(E2),I,-0.941,1
-1.662,-0.9596,4,T,94(E2),N,-2.081,1
0,0,,T,94(E2),T,0,
0.5047,0.1029,1,T,94(E2),W,-0.1108,1
1.841,0.2218,1,G,95(E2),A,,
2.859,0.2494,2,G,95(E2),C,,
-0.885,-0.3484,52,G,95(E2),D,-1.829,4
0,0,,G,95(E2),G,0,
1.041,0.1694,7,G,95(E2),S,-1.644,1
-1.681,-0.9787,3,G,95(E2),V,-1.523,1
-1.757,-1.062,2,T,96(E2),I,,
-0.4453,-0.1412,2,T,96(E2),N,,
-1.567,-0.8636,1,T,96(E2),S,,
0,0,,T,96(E2),T,0,
-2.075,-1.452,1,M,97(E2),-,,
-0.4356,-0.1374,17,M,97(E2),I,-2.594,1
-1.919,-1.25,1,M,97(E2),K,-1.477,1
0.5716,0.1132,1,M,97(E2),L,,
0,0,,M,97(E2),M,0,
-2.001,-1.354,2,M,97(E2),T,,
-0.5124,-0.1679,2,M,97(E2),V,,
-1.423,-0.7317,1,G,98(E2),-,,
-0.949,-0.3857,1,G,98(E2),A,,
-0.8139,-0.3093,2,G,98(E2),C,,
-5.99,-7.216,27,G,98(E2),D,-8,2
0,0,,G,98(E2),G,0,
-1.792,-1.1,3,G,98(E2),S,,
-3.388,-3.77,8,G,98(E2),V,-2.338,1
-2.077,-1.454,1,H,99(E2),-,,
0,0,,H,99(E2),H,0,
-4.314,-5.504,1,H,99(E2),N,,
0.9004,0.1552,1,H,99(E2),Y,,
-1.835,-1.15,1,F,100(E2),-,,
0,0,,F,100(E2),F,0,
-3.845,-4.672,1,F,100(E2),I,,
-5.011,-6.453,6,F,100(E2),L,,
-2.838,-2.693,4,F,100(E2),S,,
-3.477,-3.95,1,F,100(E2),V,,
0,0,,I,101(E2),I,0,
1.97,0.227,1,I,101(E2),N,,
-0.849,-0.3283,1,I,101(E2),S,,
0.6159,0.1197,1,I,101(E2),T,,
-1.167,-0.5288,1,I,101(E2),V,,
-2.392,-1.918,1,L,102(E2),A,-2.167,1
0,0,,L,102(E2),L,0,
-2.422,-1.966,2,L,102(E2),M,,
-6.486,-7.421,6,L,102(E2),P,-8,1
0.321,0.07103,1,L,102(E2),V,,
0,0,,A,103(E2),A,0,
-2.808,-2.637,2,A,103(E2),D,-1.926,1
-1.975,-1.32,3,A,103(E2),S,,
-0.4293,-0.135,37,A,103(E2),T,-0.537,4
-0.8857,-0.3488,5,A,103(E2),V,-0.0527,2
0.03923,0.009874,1,R,104(E2),G,,
-0.6042,-0.207,2,R,104(E2),I,0.5234,1
0.6749,0.1279,5,R,104(E2),K,,
0,0,,R,104(E2),R,0,
-1.313,-0.6394,1,R,104(E2),S,,
-0.1269,-0.03453,1,R,104(E2),T,,
-1.372,-0.6876,1,C,105(E2),*,,
0,0,,C,105(E2),C,0,
-6.962,-7.548,5,C,105(E2),F,-8,2
-5.023,-6.466,1,C,105(E2),R,,
-6.011,-7.226,7,C,105(E2),Y,,
-2.416,-1.956,2,P,106(E2),L,,
0,0,,P,106(E2),P,0,
4.905,0.2631,2,P,106(E2),S,,
-6.488,-7.422,1,K,107(E2),*,-8,1
-0.9052,-0.3599,1,K,107(E2),-,,
-0.2547,-0.07365,3,K,107(E2),E,,
0,0,,K,107(E2),K,0,
-0.3862,-0.119,2,K,107(E2),M,,
-0.5217,-0.1717,3,K,107(E2),N,,
0.9101,0.1562,4,K,107(E2),R,0.8186,1
-0.2914,-0.08577,1,G,108(E2),-,,
-7.625,-7.651,4,G,108(E2),C,,
-5.988,-7.215,6,G,108(E2),D,-7.696,1
0,0,,G,108(E2),G,0,
-1.314,-0.6403,1,G,108(E2),R,,
-1.807,-1.117,4,G,108(E2),S,-1.614,1
-6.098,-7.269,4,G,108(E2),V,,
-4.6,-5.938,3,E,109(E2),*,-6.231,1
-1.392,-0.7043,1,E,109(E2),-,,
-0.1631,-0.04514,4,E,109(E2),D,-0.2521,1
0,0,,E,109(E2),E,0,
-0.9018,-0.358,2,E,109(E2),G,,
-1.97,-1.314,10,E,109(E2),K,-2.857,1
-0.2914,-0.08578,1,T,110(E2),-,,
-0.1889,-0.05294,2,T,110(E2),A,-0.3794,1
1.792,0.2197,1,T,110(E2),I,,
-2.111,-1.5,2,T,110(E2),K,,
-2.262,-1.717,1,T,110(E2),R,,
0,0,,T,110(E2),T,0,
-1.288,-0.6193,1,L,111(E2),-,,
0,0,,L,111(E2),L,0,
-0.3778,-0.1159,1,L,111(E2),M,,
-8.693,-7.725,5,L,111(E2),P,-8,1
-5.716,-7.058,2,L,111(E2),R,,
-0.2889,-0.08493,1,T,112(E2),-,,
-6.359,-7.377,7,T,112(E2),I,,
-4.773,-6.17,1,T,112(E2),N,,
-6.475,-7.418,1,T,112(E2),P,-8,1
0,0,,T,112(E2),T,0,
-0.6442,-0.2251,1,V,113(E2),-,,
-2.039,-1.404,3,V,113(E2),A,,
-0.5589,-0.1873,1,V,113(E2),E,,
-2.001,-1.353,2,V,113(E2),L,,
-1.99,-1.339,10,V,113(E2),M,-1.962,2
0,0,,V,113(E2),V,0,
-0.2993,-0.08843,1,G,114(E2),-,,
-3.516,-4.027,6,G,114(E2),C,,
-2.843,-2.702,13,G,114(E2),D,,
0,0,,G,114(E2),G,0,
-2.731,-2.497,1,G,114(E2),R,,
-0.566,-0.1903,2,G,114(E2),S,,
-4.393,-5.63,3,G,114(E2),V,,
-0.8068,-0.3055,1,F,115(E2),-,,
-12.18,-7.763,1,F,115(E2),C,,
0,0,,F,115(E2),F,0,
-3.556,-4.108,4,F,115(E2),I,-4.136,1
-2.202,-1.629,2,F,115(E2),L,,
-6.649,-7.471,4,F,115(E2),S,,
-5.162,-6.61,2,F,115(E2),V,,
-0.4457,-0.1413,5,T,116(E2),A,,
-0.5497,-0.1834,16,T,116(E2),I,-0.674,1
-2.426,-1.972,3,T,116(E2),K,,
-0.6989,-0.2509,1,T,116(E2),S,,
0,0,,T,116(E2),T,0,
0,0,,D,117(E2),D,0,
-4.653,-6.011,2,D,117(E2),E,,
-3.516,-4.029,1,D,117(E2),G,,
4.06,0.2604,2,D,117(E2),N,,
-0.1869,-0.05234,6,D,117(E2),Y,,
1.016,0.1671,5,G,118(E2),C,,
-0.6065,-0.2081,32,G,118(E2),D,-0.4931,3
0,0,,G,118(E2),G,0,
0.6571,0.1255,5,G,118(E2),S,,
0.2836,0.06382,3,G,118(E2),V,,
-1.77,-1.076,2,R,119(E2),I,-1.325,1
0.2019,0.04714,6,R,119(E2),K,-3.012,1
0,0,,R,119(E2),R,0,
0.2848,0.06405,1,K,120(E2),*,,
1.989,0.2278,2,K,120(E2),E,1.288,1
0,0,,K,120(E2),K,0,
-1.126,-0.4995,1,K,120(E2),M,,
-0.5206,-0.1712,1,K,120(E2),N,-0.4148,1
-0.3548,-0.1076,1,K,120(E2),T,,
-0.8746,-0.3425,1,I,121(E2),F,,
0,0,,I,121(E2),I,0,
-0.2496,-0.07199,1,I,121(E2),S,-0.334,1
6.769,0.2648,1,I,121(E2),T,,
0.5283,0.1066,2,I,121(E2),V,-0.06523,1
-0.2903,-0.08539,1,S,122(E2),C,,
-0.07458,-0.0198,18,S,122(E2),G,0.2837,1
1.075,0.1726,3,S,122(E2),I,,
0.05198,0.01301,6,S,122(E2),N,,
-3.564,-4.123,1,S,122(E2),R,,
0,0,,S,122(E2),S,0,
1.523,0.2058,1,S,122(E2),T,,
0,0,,H,123(E2),H,0,
-2.423,-1.967,2,H,123(E2),N,,
-0.3627,-0.1105,1,H,123(E2),Q,,
-0.9457,-0.3837,1,H,123(E2),Y,,
-2.681,-2.405,1,S,124(E2),C,,
-0.1508,-0.04149,7,S,124(E2),G,,
1.452,0.2014,2,S,124(E2),I,,
-3.089,-3.176,5,S,124(E2),N,-3.849,1
-1.577,-0.8734,1,S,124(E2),R,,
0,0,,S,124(E2),S,0,
-2.517,-2.122,2,C,125(E2),*,,
0,0,,C,125(E2),C,0,
-4.06,-5.069,4,C,125(E2),F,-4.957,1
-5.335,-6.771,4,C,125(E2),R,,
-7.011,-7.558,39,C,125(E2),Y,-8,6
0.0324,0.008181,1,T,126(E2),A,,
0.5845,0.1151,9,T,126(E2),I,0.378,4
0.1396,0.03354,1,T,126(E2),Q,,
0,0,,T,126(E2),T,0,
0,0,,H,127(E2),H,0,
0.8748,0.1524,3,H,127(E2),N,,
-1.653,-0.9502,3,H,127(E2),Q,,
-3.766,-4.521,1,H,127(E2),R,,
-1.416,-0.7254,11,H,127(E2),Y,,
-0.5643,-0.1896,1,P,128(E2),-,,
0,0,,P,128(E2),P,0,
0.6212,0.1204,4,P,128(E2),S,,
0.7808,0.1415,1,P,128(E2),T,,
-4.042,-5.037,2,F,129(E2),-,,
0,0,,F,129(E2),F,0,
-7,-7.556,3,F,129(E2),I,-7.045,1
-2.645,-2.343,8,F,129(E2),L,-2.403,1
-6.668,-7.476,14,F,129(E2),S,,
-1.227,-0.5726,1,F,129(E2),Y,,
-4.189,-5.294,1,H,130(E2),-,,
0,0,,H,130(E2),H,0,
-0.552,-0.1843,3,H,130(E2),N,,
-1.612,-0.9079,1,H,130(E2),Q,,
2.018,0.2288,7,H,130(E2),Y,-0.6466,4
-0.3102,-0.09212,1,H,131(E2),D,,
0,0,,H,131(E2),H,0,
-0.8122,-0.3084,2,H,131(E2),N,,
1.072,0.1723,1,H,131(E2),P,,
-3.331,-3.656,3,H,131(E2),Q,,
-1.962,-1.304,3,H,131(E2),R,,
-4.626,-5.975,3,H,131(E2),Y,,
0,0,,D,132(E2),D,0,
-0.5889,-0.2003,1,D,132(E2),E,,
-3.212,-3.419,1,D,132(E2),G,,
-0.5776,-0.1954,1,D,132(E2),H,,
-0.605,-0.2074,2,D,132(E2),N,,
0.08064,0.01991,1,D,132(E2),V,,
-0.6876,-0.2455,3,D,132(E2),Y,,
-1.295,-0.6249,9,P,133(E2),L,,
0,0,,P,133(E2),P,0,
-0.8203,-0.3127,3,P,133(E2),S,,
-0.3462,-0.1046,1,P,133(E2),T,,
0.7536,0.1381,6,P,134(E2),L,0.659,1
0,0,,P,134(E2),P,0,
-3.693,-4.378,1,P,134(E2),Q,,
-0.05606,-0.01475,1,P,134(E2),R,,
-0.8733,-0.3418,4,P,134(E2),S,-0.5089,1
-1.855,-1.173,4,P,134(E2),T,-0.6344,1
-2.636,-2.326,1,V,135(E2),A,-2.591,1
-4.183,-5.285,1,V,135(E2),E,,
-0.865,-0.3371,1,V,135(E2),G,,
-1.339,-0.6606,3,V,135(E2),L,-3.81,2
-2.633,-2.321,2,V,135(E2),M,-2.597,1
0,0,,V,135(E2),V,0,
0,0,,I,136(E2),I,0,
-0.3697,-0.113,1,I,136(E2),L,,
-6.602,-7.458,1,I,136(E2),N,,
-0.9286,-0.3735,1,I,136(E2),T,,
-0.3117,-0.09262,1,I,136(E2),V,,
-6.592,-7.455,1,G,137(E2),A,-8,1
-5.876,-7.155,2,G,137(E2),C,,
-8.416,-7.713,15,G,137(E2),D,-6.587,1
0,0,,G,137(E2),G,0,
-6.903,-7.535,2,G,137(E2),S,-8,1
-4.49,-5.778,3,G,137(E2),V,,
0.5742,0.1136,1,R,138(E2),-,,
-6.18,-7.305,3,R,138(E2),G,,
-9.7,-7.75,7,R,138(E2),I,-6.404,1
-4.602,-5.941,2,R,138(E2),K,,
0,0,,R,138(E2),R,0,
-8.25,-7.704,5,E,139(E2),*,,
1.236,0.1862,1,E,139(E2),-,,
-7.052,-7.566,4,E,139(E2),D,,
0,0,,E,139(E2),E,0,
-6.766,-7.502,4,E,139(E2),K,-8,1
1.733,0.2169,1,K,140(E2),-,,
-1.479,-0.7808,6,K,140(E2),E,-1.374,1
0,0,,K,140(E2),K,0,
0.8861,0.1536,1,K,140(E2),M,,
-1.511,-0.8104,5,K,140(E2),N,,
-5.052,-6.498,1,K,140(E2),Q,,
1.749,0.2177,3,K,140(E2),R,,
0.8865,0.1537,1,F,141(E2),-,,
0,0,,F,141(E2),F,0,
-3.131,-3.257,5,F,141(E2),L,-3.54,1
-1.27,-0.605,2,F,141(E2),S,,
0,0,,H,142(E2),H,0,
2.073,0.2308,1,H,142(E2),N,,
-1.451,-0.7558,2,H,142(E2),Q,-1.331,1
-0.8253,-0.3154,1,H,142(E2),R,,
0.7485,0.1375,5,H,142(E2),Y,0.6062,1
-0.7496,-0.2759,1,S,143(E2),-,,
0.5387,0.1083,7,S,143(E2),G,0.378,4
-0.9109,-0.3633,5,S,143(E2),I,-0.4489,1
-0.6505,-0.228,15,S,143(E2),N,-0.7339,2
-0.8479,-0.3277,1,S,143(E2),R,,
0,0,,S,143(E2),S,0,
-6.353,-7.375,1,R,144(E2),*,,
0.3486,0.07619,4,R,144(E2),G,-0.02501,1
0.957,0.1612,2,R,144(E2),K,,
0,0,,R,144(E2),R,0,
-1.904,-1.232,1,P,145(E2),H,,
0.017,0.004322,2,P,145(E2),L,,
0,0,,P,145(E2),P,0,
-1.211,-0.5608,2,P,145(E2),S,,
-1.419,-0.7276,3,P,145(E2),T,,
0.1729,0.0409,5,Q,146(E2),H,0.1181,1
-2.315,-1.797,2,Q,146(E2),K,,
1.624,0.2114,1,Q,146(E2),L,,
2.27,0.2369,2,Q,146(E2),P,,
0,0,,Q,146(E2),Q,0,
-2.5,-2.094,5,Q,146(E2),R,,
0,0,,H,147(E2),H,0,
0.1105,0.02692,5,H,147(E2),Q,,
2.318,0.2382,9,H,147(E2),Y,0.5591,1
-8.215,-7.701,6,G,148(E2),*,,
-2.165,-1.576,1,G,148(E2),A,,
-3.025,-3.049,14,G,148(E2),E,-4.251,1
0,0,,G,148(E2),G,0,
-8.293,-7.706,4,G,148(E2),R,,
-2.224,-1.661,4,G,148(E2),V,,
2.106,0.2319,2,R,149(E2),I,,
-1.056,-0.4527,7,R,149(E2),K,,
0,0,,R,149(E2),R,0,
4.632,0.2624,2,E,150(E2),*,,
1.164,0.1804,3,E,150(E2),D,-0.0066,2
0,0,,E,150(E2),E,0,
-3.599,-4.194,8,E,150(E2),K,-4.361,2
0,0,,L,151(E2),L,0,
-1.038,-0.4408,1,L,151(E2),M,,
-6.703,-7.486,1,L,151(E2),R,-8,1
-0.03696,-0.00964,1,P,152(E2),A,,
-1.067,-0.46,3,P,152(E2),H,-0.7834,1
0,0,,P,152(E2),P,0,
-0.5335,-0.1766,11,P,152(E2),S,-0.9515,2
-5.114,-6.563,2,C,153(E2),*,,
0,0,,C,153(E2),C,0,
-7.378,-7.62,9,C,153(E2),F,-8,2
-5.445,-6.863,2,C,153(E2),R,,
-7.167,-7.587,4,C,153(E2),Y,,
-6.782,-7.506,4,S,154(E2),G,,
-6.045,-7.244,4,S,154(E2),I,-7.628,1
-7.981,-7.685,7,S,154(E2),N,,
-6.867,-7.527,2,S,154(E2),R,-8,1
0,0,,S,154(E2),S,0,
-0.1692,-0.04696,1,S,154(E2),T,,
0.5519,0.1103,1,T,155(E2),A,,
-3.994,-4.951,4,T,155(E2),I,-5.738,1
0,0,,T,155(E2),T,0,
-8.828,-7.73,8,Y,156(E2),*,,
-7.074,-7.57,9,Y,156(E2),C,,
-7.369,-7.619,3,Y,156(E2),H,-8,1
0,0,,Y,156(E2),Y,0,
0,0,,A,157(E2),A,0,
0.5703,0.113,1,A,157(E2),S,,
0.4233,0.08948,7,A,157(E2),T,,
1.827,0.2212,7,A,157(E2),V,,
-2.603,-2.269,5,Q,158(E2),*,,
0.3789,0.0817,1,Q,158(E2),-,,
-0.6673,-0.2358,1,Q,158(E2),E,,
-1.02,-0.4292,2,Q,158(E2),H,,
-1.784,-1.091,3,Q,158(E2),K,,
0,0,,Q,158(E2),Q,0,
-1.437,-0.7436,3,Q,158(E2),R,,
0.2726,0.06165,1,S,159(E2),-,,
-0.6684,-0.2364,2,S,159(E2),G,,
-0.1178,-0.0319,1,S,159(E2),I,,
-0.3796,-0.1166,20,S,159(E2),N,-1.316,2
-3.116,-3.228,3,S,159(E2),R,,
0,0,,S,159(E2),S,0,
-0.9289,-0.3737,1,T,160(E2),-,,
0.4726,0.09775,2,T,160(E2),A,,
-0.8977,-0.3556,5,T,160(E2),I,-0.03819,1
-2.932,-2.871,3,T,160(E2),K,-2.88,1
-0.604,-0.2069,1,T,160(E2),P,,
0.3474,0.07597,1,T,160(E2),R,,
0,0,,T,160(E2),T,0,
-0.01856,-0.0048,1,A,161(E2),-,,
0,0,,A,161(E2),A,0,
2.405,0.2404,3,A,161(E2),D,,
-2.154,-1.56,1,A,161(E2),G,,
-1.062,-0.4568,2,A,161(E2),S,,
0.8408,0.1485,13,A,161(E2),T,0.08591,2
-0.4286,-0.1348,18,A,161(E2),V,0.1675,1
0.2765,0.06243,1,A,162(E2),-,,
0,0,,A,162(E2),A,0,
-0.5613,-0.1883,4,A,162(E2),D,-0.183,1
0.4693,0.09721,1,A,162(E2),S,,
-0.6328,-0.2199,36,A,162(E2),T,-1.183,7
2.04,0.2296,3,A,162(E2),V,-0.8133,1
-0.2601,-0.07542,1,T,163(E2),-,,
-0.765,-0.2838,2,T,163(E2),A,-1.526,1
-2.337,-1.832,7,T,163(E2),I,,
-1.612,-0.9084,2,T,163(E2),K,-1.12,1
0,0,,T,163(E2),T,0,
-0.1287,-0.03505,1,A,164(E2),-,,
0,0,,A,164(E2),A,0,
-0.09739,-0.02613,7,A,164(E2),S,,
2.18,0.2342,10,A,164(E2),T,-4.229,2
-1.882,-1.206,14,A,164(E2),V,-1.771,1
-5.901,-7.169,2,E,165(E2),*,,
-0.5534,-0.185,1,E,165(E2),-,,
-0.09601,-0.02574,4,E,165(E2),D,0.5121,1
0,0,,E,165(E2),E,0,
0.21,0.04885,1,E,165(E2),G,,
-7.483,-7.634,8,E,165(E2),K,-8,1
-6.271,-7.343,3,E,166(E2),*,,
0.4386,0.0921,1,E,166(E2),-,,
-3.21,-3.414,5,E,166(E2),D,,
0,0,,E,166(E2),E,0,
-3.582,-4.159,3,E,166(E2),G,,
-3.037,-3.074,4,E,166(E2),K,,
0.3046,0.06789,1,I,167(E2),-,,
0,0,,I,167(E2),I,0,
-7.09,-7.573,3,E,168(E2),*,-8,1
0.07793,0.01927,1,E,168(E2),-,,
-1.685,-0.9839,2,E,168(E2),A,-1.26,1
-0.1067,-0.02875,3,E,168(E2),D,,
0,0,,E,168(E2),E,0,
-2.878,-2.767,14,E,168(E2),G,-3.144,1
-6.831,-7.518,4,E,168(E2),K,-7.925,1
-4.068,-5.083,4,E,168(E2),V,,
-0.4236,-0.1329,1,V,169(E2),-,,
-0.9875,-0.409,1,V,169(E2),A,,
-3.372,-3.74,1,V,169(E2),E,,
2.245,0.2361,1,V,169(E2),L,,
-2.473,-2.049,5,V,169(E2),M,,
0,0,,V,169(E2),V,0,
-0.6967,-0.2498,1,H,170(E2),-,,
0,0,,H,170(E2),H,0,
1.448,0.2012,1,H,170(E2),L,,
-0.6904,-0.2468,2,H,170(E2),N,,
-0.09086,-0.0243,3,H,170(E2),Q,-1.159,1
-2.165,-1.575,1,H,170(E2),R,,
-1.132,-0.5036,19,H,170(E2),Y,-0.758,4
-0.3462,-0.1046,1,M,171(E2),-,,
-5.289,-6.73,13,M,171(E2),I,-6.508,1
-1.982,-1.329,3,M,171(E2),K,,
0,0,,M,171(E2),M,0,
-0.7083,-0.2555,1,M,171(E2),R,,
0.1587,0.03781,1,P,172(E2),-,,
-3.209,-3.413,1,P,172(E2),H,,
-4.509,-5.807,4,P,172(E2),L,-5.691,1
0,0,,P,172(E2),P,0,
-2.834,-2.686,11,P,172(E2),S,-2.19,5
-3.356,-3.708,1,P,172(E2),T,-3.908,1
0.1645,0.03909,1,P,173(E2),-,,
-4.417,-5.667,9,P,173(E2),L,,
0,0,,P,173(E2),P,0,
-4.969,-6.406,4,P,173(E2),Q,-6.413,1
-2.028,-1.39,1,P,173(E2),T,,
-1.952,-1.292,1,D,174(E2),-,,
-4.354,-5.568,2,D,174(E2),A,,
0,0,,D,174(E2),D,0,
-1.946,-1.284,3,D,174(E2),E,,
-4.897,-6.323,5,D,174(E2),G,,
-1.744,-1.047,1,D,174(E2),H,,
-3.803,-4.591,6,D,174(E2),N,-3.954,1
-3.175,-3.345,1,D,174(E2),Y,,
-0.273,-0.07964,1,T,175(E2),-,,
-1.319,-0.6443,2,T,175(E2),I,,
0,0,,T,175(E2),T,0,
-0.8966,-0.355,1,P,176(E2),-,,
-3.211,-3.418,3,P,176(E2),H,,
-5.128,-6.576,2,P,176(E2),L,,
0,0,,P,176(E2),P,0,
-6.681,-7.48,9,P,176(E2),S,-7.784,2
-4.518,-5.82,1,P,176(E2),T,,
-0.2415,-0.0694,1,D,177(E2),-,,
0,0,,D,177(E2),D,0,
-3.611,-4.217,1,D,177(E2),E,-5.052,1
-5.653,-7.016,10,D,177(E2),N,-8,1
-4.267,-5.426,6,D,177(E2),Y,-5.836,1
-0.5341,-0.1768,1,R,178(E2),-,,
-2.158,-1.567,4,R,178(E2),G,-0.9546,1
0.9274,0.1581,3,R,178(E2),I,,
-1.096,-0.4791,7,R,178(E2),K,,
0,0,,R,178(E2),R,0,
-0.9808,-0.405,1,R,178(E2),T,,
-0.8295,-0.3177,1,T,179(E2),-,,
-6.327,-7.365,2,T,179(E2),A,,
-4.089,-5.12,7,T,179(E2),I,-4.728,1
0.6143,0.1195,2,T,179(E2),N,,
0,0,,T,179(E2),T,0,
0.08643,0.02128,1,L,180(E2),-,,
0,0,,L,180(E2),L,0,
0.455,0.09484,9,L,180(E2),M,-1.068,3
-6.132,-7.284,12,L,180(E2),P,-8,1
-1.845,-1.161,4,L,180(E2),Q,,
-4.313,-5.503,3,L,180(E2),R,-5.758,1
-0.7627,-0.2826,1,M,181(E2),-,,
0.2819,0.06349,7,M,181(E2),I,,
-5.907,-7.172,5,M,181(E2),K,-7.509,1
0,0,,M,181(E2),M,0,
-6.335,-7.368,1,M,181(E2),R,,
-0.8312,-0.3186,4,M,181(E2),V,-0.566,1
-0.06813,-0.01803,1,S,182(E2),-,,
-0.1944,-0.05462,3,S,182(E2),F,-0.308,1
-5.418,-6.842,2,S,182(E2),P,,
0,0,,S,182(E2),S,0,
-3.307,-3.609,1,S,182(E2),Y,,
-6.877,-7.529,6,Q,183(E2),*,-8,1
0.1332,0.03209,2,Q,183(E2),H,,
-3.477,-3.949,1,Q,183(E2),K,,
0,0,,Q,183(E2),Q,0,
-4.645,-6.002,2,Q,183(E2),R,,
-7.342,-7.615,12,Q,184(E2),*,-8,1
-0.853,-0.3305,1,Q,184(E2),H,,
-1.127,-0.5001,4,Q,184(E2),K,-7.622,1
-1.153,-0.5188,1,Q,184(E2),L,-0.7907,1
-0.05505,-0.01448,1,Q,184(E2),P,,
0,0,,Q,184(E2),Q,0,
-2.921,-2.85,1,Q,184(E2),R,,
-2.529,-2.142,1,S,185(E2),C,-2.412,1
1.285,0.1899,1,S,185(E2),G,,
-0.5395,-0.1791,6,S,185(E2),I,,
2.023,0.229,6,S,185(E2),N,,
-1.362,-0.6793,2,S,185(E2),R,,
0,0,,S,185(E2),S,0,
-3.575,-4.144,1,G,186(E2),C,-4.402,1
0.4448,0.09315,22,G,186(E2),D,-0.4599,2
0,0,,G,186(E2),G,0,
0.162,0.03852,6,G,186(E2),S,-0.1901,1
-0.7276,-0.265,2,G,186(E2),V,,
-0.8317,-0.3189,2,N,187(E2),D,,
-0.9397,-0.3801,1,N,187(E2),G,-0.6511,1
-2.788,-2.599,2,N,187(E2),K,-2.843,1
0,0,,N,187(E2),N,0,
-1.343,-0.6637,1,N,187(E2),S,-0.9088,1
-4.195,-5.306,3,V,188(E2),A,,
-4.801,-6.206,7,V,188(E2),L,,
-3.945,-4.86,16,V,188(E2),M,-5.087,1
0,0,,V,188(E2),V,0,
-3.045,-3.088,3,K,189(E2),E,,
0,0,,K,189(E2),K,0,
-0.629,-0.2182,2,K,189(E2),N,,
0,0,,I,190(E2),I,0,
-6.656,-7.473,1,I,190(E2),T,-8,1
-0.7512,-0.2767,10,T,191(E2),A,-0.5732,1
-0.8322,-0.3191,16,T,191(E2),I,-2.696,1
-0.6886,-0.246,1,T,191(E2),N,,
0,0,,T,191(E2),T,0,
1.809,0.2204,2,V,192(E2),A,0.09146,1
-6.517,-7.431,8,V,192(E2),L,-8,1
-4.024,-5.005,12,V,192(E2),M,,
0,0,,V,192(E2),V,0,
0.4184,0.08864,2,N,193(E2),K,-1.059,1
0,0,,N,193(E2),N,0,
0.3913,0.08391,2,N,193(E2),S,,
-6.414,-7.397,1,S,194(E2),-,,
1.891,0.2239,2,S,194(E2),G,,
-0.5232,-0.1723,3,S,194(E2),I,,
1.849,0.2222,31,S,194(E2),N,0.1959,5
-2.548,-2.175,1,S,194(E2),R,,
0,0,,S,194(E2),S,0,
2.154,0.2334,1,S,194(E2),T,,
-7.049,-7.566,4,Q,195(E2),*,-8,2
-1.329,-0.652,4,Q,195(E2),H,,
2.266,0.2367,2,Q,195(E2),K,,
2.304,0.2378,2,Q,195(E2),L,,
0,0,,Q,195(E2),Q,0,
-3.809,-4.602,2,Q,195(E2),R,,
-0.7421,-0.2722,7,T,196(E2),A,-1.594,1
-1.161,-0.5241,5,T,196(E2),I,-0.9484,1
-2.309,-1.788,1,T,196(E2),N,,
1.569,0.2084,1,T,196(E2),S,,
0,0,,T,196(E2),T,0,
-6.294,-7.352,1,V,197(E2),A,-8,1
-4.232,-5.369,4,V,197(E2),L,-5.512,1
-6.191,-7.31,17,V,197(E2),M,-7.373,2
0,0,,V,197(E2),V,0,
-8.904,-7.733,1,R,198(E2),G,,
-5.892,-7.164,2,R,198(E2),L,,
-3.479,-3.953,6,R,198(E2),Q,-4.601,1
0,0,,R,198(E2),R,0,
-2.648,-2.347,27,R,198(E2),W,-2.844,3
-0.7836,-0.2933,2,Y,199(E2),C,,
-3.079,-3.156,2,Y,199(E2),H,,
0,0,,Y,199(E2),Y,0,
-0.9167,-0.3666,1,K,200(E2),*,,
0,0,,K,200(E2),K,0,
-2.488,-2.074,2,K,200(E2),M,-1.634,1
-2.832,-2.682,1,K,200(E2),N,,
-0.4375,-0.1382,3,K,200(E2),R,0.0484,1
-6.624,-7.464,2,K,200(E2),T,,
0,0,,C,201(E2),C,0,
-3.202,-3.398,2,C,201(E2),F,,
-1.236,-0.5794,1,C,201(E2),G,,
-3.867,-4.714,1,C,201(E2),R,,
-5.756,-7.084,2,C,201(E2),S,,
-4.561,-5.882,13,C,201(E2),Y,-5.15,1
-0.03152,-0.008199,8,N,202(E2),D,,
-1.047,-0.4469,1,N,202(E2),I,,
0.2968,0.06639,3,N,202(E2),K,,
0,0,,N,202(E2),N,0,
1.801,0.2201,2,N,202(E2),S,0.1846,2
-3.044,-3.088,2,C,203(E2),*,,
0,0,,C,203(E2),C,0,
-4.471,-5.75,5,C,203(E2),F,-5.963,1
-4.904,-6.332,1,C,203(E2),G,,
-2.172,-1.586,4,C,203(E2),R,,
-6.028,-7.235,3,C,203(E2),S,,
-3.814,-4.614,2,C,203(E2),Y,,
-2.998,-2.997,6,G,204(E2),C,,
-1.612,-0.9087,8,G,204(E2),D,-2.225,1
0,0,,G,204(E2),G,0,
0.7642,0.1394,9,G,204(E2),S,0.5849,3
4.019,0.2602,1,G,204(E2),V,,
0,0,,D,205(E2),D,0,
1.312,0.1919,1,D,205(E2),E,,
0.9456,0.16,11,D,205(E2),N,-0.534,2
-0.06746,-0.01785,3,D,205(E2),Y,,
-0.5026,-0.1639,4,S,206(E2),-,-0.639,1
-0.8059,-0.305,1,S,206(E2),C,,
0.7579,0.1386,5,S,206(E2),G,1.596,1
1.495,0.2041,4,S,206(E2),I,,
0.7568,0.1385,4,S,206(E2),N,,
1.115,0.1762,2,S,206(E2),R,,
0,0,,S,206(E2),S,0,
-0.7164,-0.2594,2,S,206(E2),T,,
-0.1069,-0.02883,5,N,207(E2),D,0.3979,1
-0.5268,-0.1738,1,N,207(E2),I,,
2.474,0.2421,2,N,207(E2),K,,
0,0,,N,207(E2),N,0,
-6.591,-7.454,3,E,208(E2),*,,
-0.5832,-0.1978,13,E,208(E2),D,0.05942,1
0,0,,E,208(E2),E,0,
0.08518,0.02099,9,E,208(E2),G,-0.5178,1
-2.151,-1.556,4,E,208(E2),K,-1.825,1
-6.166,-7.3,5,G,209(E2),C,,
-1.965,-1.307,22,G,209(E2),D,-1.751,4
0,0,,G,209(E2),G,0,
-1.718,-1.018,11,G,209(E2),S,-1.008,1
-1.122,-0.497,3,G,209(E2),V,-0.7748,2
0,0,,L,210(E2),L,0,
0.7889,0.1424,2,L,210(E2),M,,
-4.155,-5.237,5,L,210(E2),P,,
-0.5517,-0.1843,1,L,210(E2),Q,,
-0.3666,-0.1119,1,L,210(E2),R,,
-1.729,-1.031,3,T,211(E2),A,-1.281,2
-0.4047,-0.1258,11,T,211(E2),I,,
-7.491,-7.635,4,T,211(E2),N,,
-2.722,-2.48,1,T,211(E2),S,,
0,0,,T,211(E2),T,0,
0.2929,0.06564,4,T,212(E2),I,,
1.164,0.1804,1,T,212(E2),N,,
-5.936,-7.188,1,T,212(E2),P,,
-0.9443,-0.3828,1,T,212(E2),S,,
0,0,,T,212(E2),T,0,
1.63,0.2117,1,T,213(E2),A,,
-1.014,-0.4256,1,T,213(E2),I,,
-0.5603,-0.1879,3,T,213(E2),N,,
0,0,,T,213(E2),T,0,
0,0,,D,214(E2),D,0,
-1.27,-0.6053,3,D,214(E2),E,,
-1.173,-0.5328,1,D,214(E2),G,,
-1.871,-1.193,12,D,214(E2),N,,
-6.153,-7.293,6,D,214(E2),Y,-8,1
-1.264,-0.6005,2,K,215(E2),-,,
-3.123,-3.243,4,K,215(E2),E,,
1.707,0.2157,1,K,215(E2),I,,
0,0,,K,215(E2),K,0,
-3.317,-3.629,2,K,215(E2),N,,
-2.173,-1.588,1,K,215(E2),R,,
-2.37,-1.883,1,K,215(E2),S,-2.115,1
-1.323,-0.6476,2,V,216(E2),-,,
-0.6318,-0.2194,1,V,216(E2),L,,
0.2227,0.05151,6,V,216(E2),M,,
0,0,,V,216(E2),V,0,
-1.187,-0.5432,2,I,217(E2),-,,
-3.062,-3.122,1,I,217(E2),F,,
0,0,,I,217(E2),I,0,
-6.655,-7.473,1,I,217(E2),S,-8,1
-1.297,-0.6266,2,I,217(E2),V,,
-3.052,-3.102,4,N,218(E2),-,,
1.837,0.2217,1,N,218(E2),D,,
-0.06571,-0.01737,1,N,218(E2),I,,
-1.947,-1.285,1,N,218(E2),K,,
0,0,,N,218(E2),N,0,
-1.875,-1.197,1,N,218(E2),S,,
-1.101,-0.4828,1,N,219(E2),-,,
-0.4482,-0.1423,1,N,219(E2),D,,
-4.812,-6.221,1,N,219(E2),K,,
0,0,,N,219(E2),N,0,
-6.825,-7.517,3,C,220(E2),*,-8,1
-1.566,-0.863,1,C,220(E2),-,,
0,0,,C,220(E2),C,0,
-3.156,-3.306,4,C,220(E2),F,,
-6.398,-7.391,3,C,220(E2),R,,
-1.064,-0.4577,1,C,220(E2),S,,
-7.233,-7.598,14,C,220(E2),Y,-8,2
0.4769,0.09846,1,K,221(E2),E,,
0,0,,K,221(E2),K,0,
-0.8644,-0.3368,1,K,221(E2),M,,
-1.283,-0.6151,3,K,221(E2),N,,
-2.602,-2.268,2,K,221(E2),R,,
-0.54,-0.1793,1,V,222(E2),A,,
-2.684,-2.411,3,V,222(E2),L,,
0,0,,V,222(E2),V,0,
0,0,,D,223(E2),D,0,
-1.069,-0.4608,3,D,223(E2),E,,
0.4505,0.0941,3,D,223(E2),G,,
1.405,0.1984,5,D,223(E2),N,-0.4183,2
-2.761,-2.55,5,D,223(E2),Y,-2.84,2
-7.136,-7.582,7,Q,224(E2),*,-8,1
-0.3899,-0.1203,3,Q,224(E2),H,,
-0.8628,-0.336,2,Q,224(E2),K,,
0.803,0.1441,1,Q,224(E2),L,,
-5.483,-6.893,1,Q,224(E2),P,,
0,0,,Q,224(E2),Q,0,
1.508,0.2048,1,C,225(E2),*,,
0,0,,C,225(E2),C,0,
-6.722,-7.491,4,C,225(E2),F,-8,1
-7.666,-7.656,2,C,225(E2),S,-8,1
-7.381,-7.621,15,C,225(E2),Y,-8,1
-5.753,-7.082,1,H,226(E2),D,,
0,0,,H,226(E2),H,0,
-3,-3.002,3,H,226(E2),L,,
-0.4644,-0.1486,1,H,226(E2),N,,
-2.518,-2.124,4,H,226(E2),Q,-2.429,2
-1.894,-1.22,2,H,226(E2),R,,
-0.2772,-0.08102,1,H,226(E2),Y,,
0,0,,A,227(E2),A,0,
-1.872,-1.194,1,A,227(E2),D,,
-2.079,-1.457,7,A,227(E2),S,,
-1.041,-0.4429,16,A,227(E2),T,-0.9201,4
1.439,0.2006,8,A,227(E2),V,-0.07242,1
0,0,,A,228(E2),A,0,
-0.9754,-0.4016,3,A,228(E2),D,,
-0.5128,-0.168,1,A,228(E2),P,,
-0.7615,-0.282,5,A,228(E2),S,,
-1.882,-1.205,16,A,228(E2),T,-1.833,2
0.4783,0.09869,3,A,228(E2),V,-2.802,1
-2.663,-2.373,1,V,229(E2),A,,
-2.645,-2.342,3,V,229(E2),E,,
2.315,0.2381,1,V,229(E2),G,,
-2.506,-2.104,5,V,229(E2),L,,
-3.878,-4.734,13,V,229(E2),M,-4.71,1
0,0,,V,229(E2),V,0,
-3.131,-3.257,9,T,230(E2),A,-3.396,1
-6.464,-7.414,8,T,230(E2),I,-8,1
0,0,,T,230(E2),T,0,
1.502,0.2045,2,N,231(E2),D,,
-1.779,-1.086,1,N,231(E2),H,-1.336,1
-4.027,-5.011,1,N,231(E2),I,,
0,0,,N,231(E2),N,0,
0,0,,H,232(E2),H,0,
-4.374,-5.6,2,H,232(E2),N,,
-0.652,-0.2287,1,H,232(E2),Q,,
-1.094,-0.4778,3,H,232(E2),Y,-2.649,1
-5.637,-7.006,3,K,233(E2),*,,
-1.941,-1.278,6,K,233(E2),E,-1.173,2
0,0,,K,233(E2),K,0,
-1.962,-1.304,3,K,233(E2),M,,
-3.856,-4.692,3,K,233(E2),N,,
-0.568,-0.1912,4,K,233(E2),R,-0.7122,1
-2.312,-1.792,1,K,234(E2),E,,
0.2867,0.06442,1,K,234(E2),H,-0.1756,1
0,0,,K,234(E2),K,0,
-4.05,-5.051,3,K,234(E2),N,,
-0.9068,-0.3609,1,K,234(E2),T,,
-7.387,-7.622,13,W,235(E2),*,-7.92,3
-7.911,-7.679,5,W,235(E2),C,,
-4.457,-5.728,1,W,235(E2),F,,
-3.535,-4.066,2,W,235(E2),L,,
-3.695,-4.381,1,W,235(E2),R,,
0,0,,W,235(E2),W,0,
-9.55,-7.748,55,Q,236(E2),*,-8,6
-0.4667,-0.1495,1,Q,236(E2),H,,
-8.446,-7.714,2,Q,236(E2),K,-8,1
0,0,,Q,236(E2),Q,0,
-4.64,-5.995,4,Q,236(E2),R,,
1.753,0.2178,1,Y,237(E2),*,,
-3.892,-4.761,1,Y,237(E2),H,,
0,0,,Y,237(E2),Y,0,
-0.9615,-0.3932,2,N,238(E2),D,,
-1.918,-1.249,1,N,238(E2),I,,
-2.466,-2.037,5,N,238(E2),K,,
0,0,,N,238(E2),N,0,
-6.546,-7.441,4,S,239(E2),G,,
-6.778,-7.506,2,S,239(E2),I,,
-6.367,-7.38,7,S,239(E2),N,,
-0.7045,-0.2536,1,S,239(E2),R,,
0,0,,S,239(E2),S,0,
0.06119,0.01524,1,S,239(E2),T,,
-2.415,-1.955,2,P,240(E2),H,,
0,0,,P,240(E2),P,0,
-2.864,-2.741,2,P,240(E2),S,,
0,0,,L,241(E2),L,0,
0.5218,0.1056,4,L,241(E2),M,,
-5.24,-6.685,5,L,241(E2),P,,
-2.453,-2.016,2,L,241(E2),Q,,
-2.467,-2.039,2,V,242(E2),A,,
0.4199,0.08891,3,V,242(E2),L,,
-0.2897,-0.08519,5,V,242(E2),M,,
0,0,,V,242(E2),V,0,
-1.548,-0.846,1,P,243(E2),A,,
-5.03,-6.474,2,P,243(E2),H,-6.808,1
-0.5628,-0.189,1,P,243(E2),L,,
0,0,,P,243(E2),P,0,
-5.331,-6.767,10,P,243(E2),S,-7.45,2
0.4943,0.1013,1,P,243(E2),T,,
-6.37,-7.381,1,R,244(E2),*,,
-6.223,-7.324,4,R,244(E2),G,,
-3.839,-4.661,6,R,244(E2),I,,
-2.889,-2.788,6,R,244(E2),K,-4.902,2
0,0,,R,244(E2),R,0,
-3.01,-3.02,1,R,244(E2),S,,
-0.2001,-0.05637,1,N,245(E2),D,,
-0.6119,-0.2105,1,N,245(E2),K,,
0,0,,N,245(E2),N,0,
-2.263,-1.719,1,N,245(E2),S,,
0.4841,0.09964,1,A,246(E2),-,,
0,0,,A,246(E2),A,0,
-1.618,-0.9145,3,A,246(E2),D,,
1.49,0.2038,3,A,246(E2),S,0.09235,1
0.9186,0.1572,5,A,246(E2),T,1.229,1
-0.9552,-0.3894,25,A,246(E2),V,-0.01355,2
-6.491,-7.423,2,E,247(E2),*,-8,1
-0.3202,-0.09554,1,E,247(E2),A,,
-1.601,-0.8968,7,E,247(E2),D,-1.226,1
0,0,,E,247(E2),E,0,
-0.4129,-0.1289,1,E,247(E2),G,,
-2.454,-2.017,6,E,247(E2),K,-2.445,2
-0.5937,-0.2024,1,E,247(E2),Q,,
0,0,,L,248(E2),L,0,
-0.3779,-0.116,1,L,248(E2),M,,
-0.9864,-0.4084,2,L,248(E2),P,,
-2.604,-2.27,1,L,248(E2),Q,,
-0.3639,-0.1109,1,L,248(E2),R,,
-2.963,-2.93,4,G,249(E2),C,,
-0.02988,-0.007766,3,G,249(E2),D,-0.29,1
0,0,,G,249(E2),G,0,
0.7334,0.1356,1,G,249(E2),S,,
-0.1206,-0.03271,2,G,249(E2),V,,
0,0,,D,250(E2),D,0,
-0.8973,-0.3554,2,D,250(E2),E,,
0.02304,0.005844,4,D,250(E2),N,,
-3.073,-3.143,1,D,250(E2),V,,
-1.094,-0.4778,4,R,251(E2),G,,
-0.8557,-0.332,1,R,251(E2),I,,
-1.991,-1.341,6,R,251(E2),K,,
0,0,,R,251(E2),R,0,
-0.8689,-0.3393,1,R,251(E2),S,,
-4.116,-5.169,2,K,252(E2),*,,
0,0,,K,252(E2),K,0,
-0.0539,-0.01417,3,K,252(E2),M,,
-2.258,-1.712,7,K,252(E2),N,-2.569,3
-2.389,-1.912,3,K,252(E2),Q,-2.326,1
0.3252,0.07183,6,K,252(E2),R,0.1722,2
-4.414,-5.663,2,K,252(E2),T,,
-4.098,-5.138,2,G,253(E2),C,,
-7.055,-7.567,21,G,253(E2),D,-7.995,2
0,0,,G,253(E2),G,0,
-3.075,-3.148,2,G,253(E2),S,,
-2.231,-1.671,2,G,253(E2),V,,
-8.658,-7.724,1,K,254(E2),*,,
-3.67,-4.333,2,K,254(E2),E,,
0,0,,K,254(E2),K,0,
-0.7553,-0.2788,1,K,254(E2),N,,
-2.867,-2.747,1,K,254(E2),R,,
-0.7126,-0.2575,1,V,255(E2),A,,
-1.29,-0.6205,1,V,255(E2),L,,
-0.8314,-0.3187,5,V,255(E2),M,,
0,0,,V,255(E2),V,0,
-1.31,-0.6367,1,H,256(E2),D,,
0,0,,H,256(E2),H,0,
-0.7063,-0.2545,3,H,256(E2),N,0.738,1
0.513,0.1043,2,H,256(E2),R,,
-0.593,-0.2021,22,H,256(E2),Y,0.1946,2
0,0,,I,257(E2),I,0,
-0.3391,-0.1021,7,I,257(E2),T,,
-0.2696,-0.0785,1,P,258(E2),H,,
-4.67,-6.035,2,P,258(E2),L,-6.368,1
0,0,,P,258(E2),P,0,
0.56,0.1115,7,P,258(E2),S,,
-5.235,-6.681,2,P,258(E2),T,-6.307,1
0,0,,F,259(E2),F,0,
2.074,0.2308,2,F,259(E2),I,,
-7.239,-7.599,2,F,259(E2),L,,
-5.407,-6.832,2,F,259(E2),S,,
-7.77,-7.667,3,F,259(E2),V,-8,1
-1.538,-0.8357,3,F,259(E2),Y,-1.233,1
-2.682,-2.408,4,P,260(E2),L,,
0,0,,P,260(E2),P,0,
-0.6853,-0.2444,4,P,260(E2),Q,-0.8312,1
-0.9432,-0.3822,4,P,260(E2),S,0.1315,1
-2.409,-1.944,3,P,260(E2),T,,
0,0,,L,261(E2),L,0,
-0.8518,-0.3299,1,L,261(E2),M,,
-4.157,-5.24,4,L,261(E2),P,-5.492,1
-0.7669,-0.2847,1,L,261(E2),Q,,
-1.681,-0.979,1,L,261(E2),R,,
0,0,,A,262(E2),A,0,
-2.801,-2.623,2,A,262(E2),D,,
-1.655,-0.9525,2,A,262(E2),S,,
-0.2809,-0.08226,48,A,262(E2),T,-0.274,4
-0.3536,-0.1072,14,A,262(E2),V,0.0646,3
-0.6833,-0.2434,1,N,263(E2),D,,
3.128,0.2531,1,N,263(E2),H,,
-0.7591,-0.2808,4,N,263(E2),K,,
0,0,,N,263(E2),N,0,
1.938,0.2258,3,N,263(E2),S,,
-0.6775,-0.2407,1,V,264(E2),-,,
-3.499,-3.993,2,V,264(E2),L,,
-0.4084,-0.1272,6,V,264(E2),M,-2.28,1
0,0,,V,264(E2),V,0,
-1.706,-1.006,1,T,265(E2),-,,
-1.805,-1.116,3,T,265(E2),A,,
-0.5406,-0.1796,8,T,265(E2),I,,
0.3314,0.07298,1,T,265(E2),N,,
0,0,,T,265(E2),T,0,
-6.838,-7.52,4,C,266(E2),*,,
-1.445,-0.751,1,C,266(E2),-,,
0,0,,C,266(E2),C,0,
-0.1573,-0.04342,2,C,266(E2),F,,
-8.42,-7.713,11,C,266(E2),R,-8,2
-6.449,-7.409,2,C,266(E2),S,-8,1
-8.345,-7.709,67,C,266(E2),Y,-8,8
-5.456,-6.872,1,R,267(E2),*,,
-2.04,-1.404,7,R,267(E2),G,-1.925,1
-0.9199,-0.3685,7,R,267(E2),I,-2.211,2
0,0,,R,267(E2),R,0,
-3.37,-3.735,1,R,267(E2),T,,
-5.583,-6.967,1,V,268(E2),E,,
-5.005,-6.446,1,V,268(E2),L,,
-3.023,-3.047,8,V,268(E2),M,,
0,0,,V,268(E2),V,0,
-2.005,-1.359,3,P,269(E2),H,,
-2.86,-2.733,1,P,269(E2),L,-2.972,1
0,0,,P,269(E2),P,0,
-1.029,-0.4348,11,P,269(E2),S,-0.2603,3
-2.377,-1.895,1,P,269(E2),T,-2.126,1
-3.948,-4.864,2,K,270(E2),*,,
-1.986,-1.335,1,K,270(E2),E,,
0,0,,K,270(E2),K,0,
-1.113,-0.491,1,K,270(E2),M,,
-0.958,-0.391,1,K,270(E2),N,,
1.411,0.1988,3,K,270(E2),R,,
0.297,0.06643,1,K,270(E2),T,-0.1773,1
0,0,,A,271(E2),A,0,
-3.437,-3.869,1,A,271(E2),D,,
-0.9344,-0.377,1,A,271(E2),S,,
-1.969,-1.313,7,A,271(E2),T,,
-4.879,-6.301,3,A,271(E2),V,,
0.7306,0.1352,1,R,272(E2),G,,
-1.472,-0.7748,4,R,272(E2),I,,
-2.105,-1.493,6,R,272(E2),K,-2.258,2
0,0,,R,272(E2),R,0,
2.167,0.2338,3,N,273(E2),I,,
-2.274,-1.736,1,N,273(E2),K,-1.985,1
0,0,,N,273(E2),N,0,
0.06323,0.01574,2,N,273(E2),S,,
-3.929,-4.83,2,P,274(E2),H,-4.81,1
-0.5985,-0.2045,1,P,274(E2),L,,
0,0,,P,274(E2),P,0,
-4.466,-5.743,11,P,274(E2),S,-5.614,3
-4.841,-6.256,2,P,274(E2),T,,
-3.211,-3.417,1,T,275(E2),A,,
0.6935,0.1304,6,T,275(E2),I,-0.1594,2
-3.717,-4.425,1,T,275(E2),N,,
-0.2707,-0.07888,1,T,275(E2),P,,
0,0,,T,275(E2),T,0,
-1.533,-0.8318,2,V,276(E2),E,,
-1.101,-0.4824,6,V,276(E2),L,-0.7922,1
-1.457,-0.7613,15,V,276(E2),M,-0.632,1
0,0,,V,276(E2),V,0,
-2.181,-1.599,2,T,277(E2),A,-1.921,1
-1.612,-0.9083,3,T,277(E2),I,-0.7529,1
0.01317,0.003356,2,T,277(E2),N,,
1.807,0.2203,1,T,277(E2),S,,
0,0,,T,277(E2),T,0,
-6.87,-7.528,6,Y,278(E2),*,,
-6.063,-7.252,1,Y,278(E2),D,,
-2.042,-1.407,2,Y,278(E2),H,,
2.414,0.2406,2,Y,278(E2),N,,
0,0,,Y,278(E2),Y,0,
-1.04,-0.4419,2,G,279(E2),C,,
-0.4548,-0.1449,22,G,279(E2),D,-0.7936,3
0,0,,G,279(E2),G,0,
-0.02946,-0.007656,4,G,279(E2),S,0.6122,1
-0.5433,-0.1807,1,G,279(E2),V,,
0,0,,K,280(E2),K,0,
-1.437,-0.7438,1,K,280(E2),M,,
-3.81,-4.606,3,K,280(E2),N,,
-1.936,-1.271,2,K,280(E2),R,-1.475,1
-0.4197,-0.1314,1,N,281(E2),I,,
0,0,,N,281(E2),N,0,
-1.607,-0.9034,5,Q,282(E2),*,,
-0.8933,-0.3531,1,Q,282(E2),-,,
-0.2048,-0.05784,1,Q,282(E2),H,,
0.4314,0.09087,6,Q,282(E2),K,-0.8122,1
0.104,0.02541,1,Q,282(E2),L,,
0,0,,Q,282(E2),Q,0,
1.183,0.182,4,Q,282(E2),R,,
-0.5487,-0.183,1,V,283(E2),-,,
-0.5576,-0.1867,3,V,283(E2),L,,
-4.802,-6.208,3,V,283(E2),M,-6.484,1
0,0,,V,283(E2),V,0,
-0.4945,-0.1606,1,I,284(E2),-,,
0,0,,I,284(E2),I,0,
-3.011,-3.023,1,I,284(E2),N,,
0.589,0.1158,1,M,285(E2),-,,
-2.12,-1.513,11,M,285(E2),I,-1.77,4
0,0,,M,285(E2),M,0,
-5.468,-6.881,1,M,285(E2),R,,
-4.204,-5.322,2,M,285(E2),V,,
0.1553,0.03705,1,L,286(E2),-,,
0,0,,L,286(E2),L,0,
2.162,0.2337,3,L,286(E2),M,,
-4.129,-5.191,2,L,286(E2),P,,
-0.4006,-0.1243,1,L,286(E2),V,,
-0.5277,-0.1742,1,L,287(E2),-,,
0,0,,L,287(E2),L,0,
-1.629,-0.9255,3,L,287(E2),M,,
-4.418,-5.668,2,L,287(E2),P,,
-6.99,-7.554,2,L,287(E2),Q,-8,1
-5.195,-6.643,1,L,287(E2),R,,
-0.8284,-0.3171,1,L,287(E2),V,,
-6.661,-7.474,1,L,287(E2),W,-8,1
-6.431,-7.403,5,Y,288(E2),*,,
-0.338,-0.1017,1,Y,288(E2),-,,
-0.9855,-0.4078,5,Y,288(E2),C,,
2.578,0.2443,2,Y,288(E2),H,,
-0.1723,-0.0479,1,Y,288(E2),N,,
0,0,,Y,288(E2),Y,0,
-7.205,-7.594,5,P,289(E2),H,-8,2
-4.093,-5.128,3,P,289(E2),L,,
0,0,,P,289(E2),P,0,
-3.726,-4.442,1,P,289(E2),R,,
-3.053,-3.105,3,P,289(E2),S,,
-0.5027,-0.1639,1,P,289(E2),T,,
0,0,,D,290(E2),D,0,
-0.7601,-0.2813,2,D,290(E2),E,,
-3.064,-3.126,1,D,290(E2),G,,
-1.994,-1.345,14,D,290(E2),N,-1.588,2
-2.678,-2.4,7,D,290(E2),Y,,
0,0,,H,291(E2),H,0,
0.5328,0.1073,1,H,291(E2),N,,
-3.164,-3.323,1,H,291(E2),P,,
-0.5004,-0.163,2,H,291(E2),Q,,
-1.564,-0.8608,2,H,291(E2),R,-0.9416,1
0.4006,0.08554,8,H,291(E2),Y,-2.36,1
-3.859,-4.699,11,P,292(E2),H,-5.191,2
-7.018,-7.559,4,P,292(E2),L,,
0,0,,P,292(E2),P,0,
-3.485,-3.965,1,P,292(E2),R,,
-4.292,-5.469,7,P,292(E2),S,-6.27,1
-5.75,-7.08,2,P,292(E2),T,,
-2.943,-2.892,1,T,293(E2),A,,
-4.494,-5.784,1,T,293(E2),C,-6.065,1
-3.677,-4.346,3,T,293(E2),I,-4.099,1
-5.135,-6.584,2,T,293(E2),K,,
0,0,,T,293(E2),T,0,
0,0,,L,294(E2),L,0,
-2.389,-1.914,2,L,294(E2),M,-1.955,1
1.364,0.1956,1,L,294(E2),P,,
-2.562,-2.199,2,L,294(E2),Q,,
0,0,,L,295(E2),L,0,
-2.902,-2.814,4,L,295(E2),M,,
-6.72,-7.49,4,L,295(E2),P,-8,1
-0.02134,-0.005525,1,L,295(E2),V,,
-0.7016,-0.2522,2,S,296(E2),G,,
-6.4,-7.392,4,S,296(E2),I,-8,1
-8.013,-7.687,13,S,296(E2),N,,
-6.305,-7.357,2,S,296(E2),R,,
0,0,,S,296(E2),S,0,
-6.329,-7.366,3,Y,297(E2),*,-7.772,1
1.761,0.2182,2,Y,297(E2),C,,
0,0,,Y,297(E2),Y,0,
-4.022,-5.002,1,R,298(E2),G,,
-7.22,-7.596,3,R,298(E2),L,,
-3.676,-4.345,13,R,298(E2),Q,-4.913,1
0,0,,R,298(E2),R,0,
-5.241,-6.687,12,R,298(E2),W,-6.883,2
-6.025,-7.234,3,N,299(E2),K,,
0,0,,N,299(E2),N,0,
0.6704,0.1273,1,M,300(E2),-,,
-4.478,-5.761,16,M,300(E2),I,,
-5.238,-6.684,3,M,300(E2),K,,
0,0,,M,300(E2),M,0,
-1.778,-1.084,1,M,300(E2),T,,
-6.504,-7.427,5,M,300(E2),V,-7.979,2
-0.8262,-0.3159,1,G,301(E2),-,,
-4.908,-6.336,4,G,301(E2),C,,
-4.621,-5.968,9,G,301(E2),D,-4.334,1
0,0,,G,301(E2),G,0,
-0.8082,-0.3063,1,G,301(E2),R,,
-3.201,-3.396,3,G,301(E2),S,,
-5.147,-6.596,3,G,301(E2),V,,
-4.172,-5.266,5,E,302(E2),*,,
-0.7633,-0.2829,1,E,302(E2),-,,
-3.205,-3.405,2,E,302(E2),D,,
0,0,,E,302(E2),E,0,
2.867,0.2495,1,E,302(E2),G,,
0.7932,0.1429,28,E,302(E2),K,0.1855,3
-2.6,-2.264,6,E,303(E2),*,,
-0.7609,-0.2816,1,E,303(E2),-,,
-1.594,-0.8903,2,E,303(E2),D,,
0,0,,E,303(E2),E,0,
-1.243,-0.5847,1,E,303(E2),G,,
1.246,0.187,20,E,303(E2),K,0.4214,3
0.5267,0.1064,1,P,304(E2),-,,
-3.678,-4.348,2,P,304(E2),L,,
0,0,,P,304(E2),P,0,
1.517,0.2054,2,P,304(E2),T,,
-0.8298,-0.3179,1,N,305(E2),-,,
-1.215,-0.5633,2,N,305(E2),K,,
0,0,,N,305(E2),N,0,
4.073,0.2604,1,N,305(E2),S,,
-4.309,-5.496,4,Y,306(E2),*,,
-0.5221,-0.1718,1,Y,306(E2),-,,
0,0,,Y,306(E2),Y,0,
0.8154,0.1456,2,Q,307(E2),*,,
-0.1714,-0.04762,1,Q,307(E2),-,,
0.371,0.08028,1,Q,307(E2),H,,
0.4149,0.08804,2,Q,307(E2),K,,
0,0,,Q,307(E2),Q,0,
0.454,0.09468,3,Q,307(E2),R,-0.6457,2
-0.9305,-0.3747,2,E,308(E2),*,,
0.191,0.04482,1,E,308(E2),-,,
-2.429,-1.977,1,E,308(E2),A,,
-1.48,-0.7819,2,E,308(E2),D,,
0,0,,E,308(E2),E,0,
-4.106,-5.152,3,E,308(E2),K,-5.442,1
-5.603,-6.982,2,E,309(E2),*,,
-1.267,-0.6026,1,E,309(E2),-,,
-3.251,-3.497,1,E,309(E2),D,,
0,0,,E,309(E2),E,0,
-1.1,-0.4821,12,E,309(E2),K,,
-0.3005,-0.08881,1,E,309(E2),V,,
-5.851,-7.141,10,W,310(E2),*,-8,3
-0.5483,-0.1828,1,W,310(E2),-,,
-5.605,-6.984,2,W,310(E2),C,-7.324,1
-5.914,-7.176,6,W,310(E2),L,-8,1
-7.03,-7.562,5,W,310(E2),R,-8,1
0,0,,W,310(E2),W,0,
-1.014,-0.4256,1,V,311(E2),-,,
-1.907,-1.235,3,V,311(E2),A,,
0.2474,0.05659,1,V,311(E2),D,,
-5.324,-6.762,1,V,311(E2),F,,
-0.3585,-0.109,7,V,311(E2),I,-0.4186,1
-3.637,-4.268,2,V,311(E2),L,,
0,0,,V,311(E2),V,0,
-0.4148,-0.1296,1,T,312(E2),-,,
-0.4071,-0.1267,5,T,312(E2),I,,
-4.115,-5.168,1,T,312(E2),N,,
-3.095,-3.187,1,T,312(E2),S,,
0,0,,T,312(E2),T,0,
0.06455,0.01606,1,H,313(E2),-,,
0,0,,H,313(E2),H,0,
0.2393,0.05493,3,H,313(E2),N,,
0.2449,0.05609,3,H,313(E2),Q,-0.47,1
0.5863,0.1154,2,H,313(E2),Y,,
-0.8986,-0.3561,3,K,314(E2),E,,
0,0,,K,314(E2),K,0,
-5.221,-6.668,1,K,314(E2),N,,
-2.674,-2.393,1,K,315(E2),E,,
0,0,,K,315(E2),K,0,
0.1041,0.02542,1,K,315(E2),N,-0.235,1
-6.243,-7.332,3,E,316(E2),*,,
0,0,,E,316(E2),E,0,
-3.13,-3.257,1,E,316(E2),G,-3.518,1
-2.574,-2.218,15,E,316(E2),K,-1.686,1
-3.728,-4.447,2,E,316(E2),Q,,
-8.114,-7.695,1,I,317(E2),D,,
0,0,,I,317(E2),I,0,
-1.342,-0.6627,1,I,317(E2),T,,
-1.966,-1.309,6,R,318(E2),Q,-0.6295,1
0,0,,R,318(E2),R,0,
-1.07,-0.462,8,R,318(E2),W,-1.872,1
0,0,,L,319(E2),L,0,
-6.677,-7.479,1,L,319(E2),P,-8,1
-1.201,-0.5532,1,T,320(E2),A,-0.8247,1
0.539,0.1083,12,T,320(E2),I,-0.4939,2
0.9091,0.1561,4,T,320(E2),N,,
0,0,,T,320(E2),T,0,
-8.159,-7.698,2,V,321(E2),A,,
-7.032,-7.562,4,V,321(E2),E,,
-0.4525,-0.144,1,V,321(E2),I,,
-2.68,-2.404,8,V,321(E2),L,,
-5.472,-6.885,16,V,321(E2),M,-6.894,1
0,0,,V,321(E2),V,0,
-2.848,-2.711,1,P,322(E2),A,-2.949,1
0.9033,0.1555,3,P,322(E2),L,-3.37,1
0,0,,P,322(E2),P,0,
-2.508,-2.107,13,P,322(E2),S,-0.6306,1
-2.263,-1.718,3,P,322(E2),T,,
-5.199,-6.647,1,T,323(E2),-,,
0.8377,0.1482,7,T,323(E2),I,0.06298,1
-0.9387,-0.3795,2,T,323(E2),N,,
-0.274,-0.07997,1,T,323(E2),S,,
0,0,,T,323(E2),T,0,
-7.146,-7.583,2,E,324(E2),*,,
-1.631,-0.9272,5,E,324(E2),D,,
0,0,,E,324(E2),E,0,
-3.162,-3.319,2,E,324(E2),G,,
-1.244,-0.5853,15,E,324(E2),K,-1.482,4
-1.687,-0.9853,3,G,325(E2),C,,
-7.07,-7.569,5,G,325(E2),D,,
0,0,,G,325(E2),G,0,
-0.9782,-0.4033,1,G,325(E2),R,,
-7.688,-7.658,12,G,325(E2),S,-8,1
-7.651,-7.654,5,G,325(E2),V,,
0,0,,L,326(E2),L,0,
-1.856,-1.174,6,L,326(E2),M,-1.923,1
-7.072,-7.57,34,L,326(E2),P,,
-6.663,-7.475,3,L,326(E2),Q,,
-6.897,-7.534,2,L,326(E2),R,,
-1.622,-0.918,1,L,326(E2),V,,
-4.925,-6.356,2,E,327(E2),*,-6.579,1
0.03047,0.007701,1,E,327(E2),D,,
0,0,,E,327(E2),E,0,
-1.03,-0.4359,4,E,327(E2),G,,
-5.221,-6.667,21,E,327(E2),K,,
-6.868,-7.527,2,E,327(E2),V,,
-6.408,-7.395,1,V,328(E2),A,,
-6.481,-7.42,2,V,328(E2),D,,
-6.691,-7.483,4,V,328(E2),F,,
-0.8539,-0.331,5,V,328(E2),I,,
0,0,,V,328(E2),V,0,
0.8355,0.1479,2,T,329(E2),-,,
-3.944,-4.857,2,T,329(E2),A,,
-1.793,-1.101,4,T,329(E2),I,-3.198,1
-3.185,-3.364,3,T,329(E2),N,,
0,0,,T,329(E2),T,0,
-6.962,-7.548,18,W,330(E2),*,-8,1
-0.3468,-0.1048,2,W,330(E2),-,,
-6.702,-7.486,4,W,330(E2),C,,
-3.433,-3.861,4,W,330(E2),L,,
-8.762,-7.728,11,W,330(E2),R,-8,1
-0.8904,-0.3514,1,W,330(E2),S,,
0,0,,W,330(E2),W,0,
-0.6097,-0.2095,2,G,331(E2),-,,
-7.549,-7.643,4,G,331(E2),C,-8,1
-5.452,-6.869,20,G,331(E2),D,-5.554,2
0,0,,G,331(E2),G,0,
-7.708,-7.66,9,G,331(E2),S,,
-6.675,-7.478,3,G,331(E2),V,-8,1
-7.329,-7.613,9,N,332(E2),-,-8,3
-6.932,-7.541,1,N,332(E2),D,,
-0.4681,-0.1501,1,N,332(E2),K,,
0,0,,N,332(E2),N,0,
-1.477,-0.7793,2,N,333(E2),-,,
-1.194,-0.5481,2,N,333(E2),D,,
-4.508,-5.806,5,N,333(E2),K,-5.688,1
0,0,,N,333(E2),N,0,
-3.548,-4.092,1,N,333(E2),S,,
-9.634,-7.749,1,N,333(E2),Y,,
-6.833,-7.519,6,E,334(E2),*,-8,1
-1.076,-0.466,2,E,334(E2),-,,
0.08706,0.02143,2,E,334(E2),D,,
0,0,,E,334(E2),E,0,
-0.3245,-0.09703,1,E,334(E2),G,,
-2.806,-2.633,8,E,334(E2),K,-2.711,3
-0.3029,-0.08965,1,E,334(E2),V,,
-0.5093,-0.1666,2,P,335(E2),-,,
-1.058,-0.4538,1,P,335(E2),H,,
-5.988,-7.215,4,P,335(E2),L,-8,3
0,0,,P,335(E2),P,0,
-7.013,-7.558,5,P,335(E2),S,-8,1
-4.51,-5.809,1,P,335(E2),T,,
-7.236,-7.599,3,Y,336(E2),*,,
-0.4995,-0.1626,2,Y,336(E2),-,,
0.2122,0.04932,1,Y,336(E2),C,,
-1.452,-0.7567,1,Y,336(E2),D,,
0.1939,0.04545,3,Y,336(E2),H,,
0,0,,Y,336(E2),Y,0,
-0.2231,-0.06355,1,K,337(E2),E,,
0,0,,K,337(E2),K,0,
-1.62,-0.9162,6,K,337(E2),N,-1.107,1
2.71,0.2469,2,K,337(E2),R,0.7666,1
-6.702,-7.486,3,Y,338(E2),*,,
-5.014,-6.456,1,Y,338(E2),C,,
-6.604,-7.458,1,Y,338(E2),H,-8,1
-6.477,-7.418,1,Y,338(E2),N,,
0,0,,Y,338(E2),Y,0,
-9.607,-7.749,19,W,339(E2),*,-8,3
-5.914,-7.176,6,W,339(E2),C,-6.158,1
-3.524,-4.043,5,W,339(E2),L,-4.503,1
-5.074,-6.521,3,W,339(E2),R,,
0,0,,W,339(E2),W,0,
2.348,0.239,2,P,340(E2),H,,
1.437,0.2005,2,P,340(E2),L,,
0,0,,P,340(E2),P,0,
0.8112,0.1451,4,P,340(E2),S,,
-0.7137,-0.2581,2,P,340(E2),T,,
-5.607,-6.985,3,Q,341(E2),*,,
-1.395,-0.7074,6,Q,341(E2),H,-1.277,1
0,0,,Q,341(E2),Q,0,
3.55,0.2572,2,Q,341(E2),R,,
0,0,,L,342(E2),L,0,
2.359,0.2393,3,L,342(E2),M,0.4875,3
-3.037,-3.074,1,L,342(E2),P,,
0.5719,0.1133,1,L,342(E2),Q,,
-1.48,-0.7821,2,S,343(E2),A,,
-0.1724,-0.04792,5,S,343(E2),F,-0.6392,1
-1.645,-0.9422,8,S,343(E2),P,-2.637,2
0,0,,S,343(E2),S,0,
-0.6073,-0.2084,3,S,343(E2),Y,,
-0.6161,-0.2123,3,T,344(E2),A,,
0.6403,0.1231,6,T,344(E2),I,,
-1.805,-1.115,2,T,344(E2),N,,
4.99,0.2632,1,T,344(E2),S,,
0,0,,T,344(E2),T,0,
2.575,0.2443,1,N,345(E2),D,,
-1.349,-0.6681,1,N,345(E2),K,-0.9035,1
0,0,,N,345(E2),N,0,
2.808,0.2486,2,N,345(E2),S,,
-0.123,-0.03341,2,G,346(E2),A,,
-2.712,-2.462,2,G,346(E2),C,,
-0.3484,-0.1054,39,G,346(E2),D,-1.775,5
0,0,,G,346(E2),G,0,
-0.4061,-0.1263,1,G,346(E2),R,,
0.03517,0.00887,2,G,346(E2),S,0.4684,1
-2.301,-1.776,2,G,346(E2),V,,
-1.86,-1.179,2,T,347(E2),A,,
0.03995,0.01005,9,T,347(E2),I,2.355,1
2.424,0.2409,2,T,347(E2),K,0.6732,1
-1.113,-0.4906,1,T,347(E2),S,,
0,0,,T,347(E2),T,0,
0,0,,A,348(E2),A,0,
0.1133,0.02757,1,A,348(E2),D,,
0.1611,0.03834,5,A,348(E2),S,-0.7071,1
0.6089,0.1187,8,A,348(E2),T,,
-0.06208,-0.01638,10,A,348(E2),V,,
0,0,,H,349(E2),H,0,
1.83,0.2214,3,H,349(E2),N,,
0.7773,0.141,3,H,349(E2),Q,-3.278,1
-1.047,-0.4468,2,H,349(E2),Y,,
-7.245,-7.6,11,G,350(E2),*,-8,1
1.864,0.2228,1,G,350(E2),A,,
0.216,0.05011,3,G,350(E2),E,,
0,0,,G,350(E2),G,0,
1.448,0.2012,11,G,350(E2),R,0.8479,2
2.835,0.249,1,G,350(E2),V,,
-1.497,-0.7978,1,H,351(E2),D,,
0,0,,H,351(E2),H,0,
-1.155,-0.5197,1,H,351(E2),N,,
0.3295,0.07262,1,H,351(E2),P,,
0.2744,0.062,1,H,351(E2),Q,,
0.1631,0.03877,2,H,351(E2),Y,,
0.7744,0.1407,1,P,352(E2),-,,
-2.124,-1.519,1,P,352(E2),A,,
-2.599,-2.262,5,P,352(E2),H,-2.797,1
0,0,,P,352(E2),P,0,
-0.763,-0.2827,2,P,352(E2),S,-1.199,1
-1.263,-0.6,2,P,352(E2),T,,
0.7465,0.1372,1,H,353(E2),-,,
0,0,,H,353(E2),H,0,
-1.311,-0.6377,1,H,353(E2),N,,
0.3087,0.06868,1,H,353(E2),Q,,
-1.644,-0.9404,1,H,353(E2),R,,
-0.6993,-0.2511,2,H,353(E2),Y,,
-7.213,-7.595,5,E,354(E2),*,-8,1
1.157,0.1798,1,E,354(E2),-,,
-0.5954,-0.2031,3,E,354(E2),D,,
0,0,,E,354(E2),E,0,
1.985,0.2276,1,E,354(E2),G,,
-0.8343,-0.3203,1,E,354(E2),K,,
-1.104,-0.4845,1,E,354(E2),V,,
1.015,0.167,1,I,355(E2),-,,
0,0,,I,355(E2),I,0,
-5.487,-6.896,2,I,355(E2),N,,
-0.7083,-0.2555,2,I,355(E2),T,,
-1.937,-1.273,2,I,355(E2),V,,
-0.3697,-0.113,1,I,356(E2),-,,
-4.855,-6.272,1,I,356(E2),G,,
0,0,,I,356(E2),I,0,
-1.732,-1.034,1,I,356(E2),M,-1.305,1
-2.926,-2.859,1,I,356(E2),N,,
-4.796,-6.2,5,I,356(E2),T,-6.506,1
-0.315,-0.09378,3,L,357(E2),-,,
-0.674,-0.239,1,L,357(E2),G,,
0,0,,L,357(E2),L,0,
-1.474,-0.7763,8,L,357(E2),M,,
-1.115,-0.4923,2,L,357(E2),P,,
0.1507,0.03602,3,L,357(E2),Q,,
-0.06011,-0.01585,1,L,357(E2),R,,
-6.915,-7.538,3,Y,358(E2),*,,
-2.86,-2.734,4,Y,358(E2),-,,
-5.237,-6.683,4,Y,358(E2),C,,
-0.2344,-0.06712,3,Y,358(E2),H,,
0,0,,Y,358(E2),Y,0,
-6.682,-7.48,4,Y,359(E2),*,,
0.3521,0.07682,3,Y,359(E2),-,,
-3.381,-3.757,4,Y,359(E2),H,,
0,0,,Y,359(E2),Y,0,
-6.893,-7.533,4,Y,360(E2),*,-8,1
1.274,0.1891,1,Y,360(E2),-,,
1.258,0.1879,1,Y,360(E2),C,,
-6.148,-7.291,2,Y,360(E2),H,,
0,0,,Y,360(E2),Y,0,
-8.444,-7.714,4,E,361(E2),*,-8,1
0.05913,0.01474,1,E,361(E2),-,,
-0.594,-0.2025,2,E,361(E2),D,-0.7198,1
0,0,,E,361(E2),E,0,
1.972,0.2271,1,E,361(E2),G,,
1.618,0.2111,6,E,361(E2),K,-0.118,1
0.6351,0.1224,1,L,362(E2),-,,
0,0,,L,362(E2),L,0,
1.703,0.2155,4,L,362(E2),M,-0.01495,2
-5.298,-6.738,3,L,362(E2),P,,
1.155,0.1796,1,L,362(E2),Q,,
1.527,0.206,1,L,362(E2),R,0.2617,1
0.5269,0.1064,1,Y,363(E2),*,,
0.1994,0.04662,1,Y,363(E2),-,,
-4.914,-6.343,7,Y,363(E2),C,-6.77,1
-2.445,-2.004,1,Y,363(E2),H,,
3.159,0.2535,1,Y,363(E2),N,,
0,0,,Y,363(E2),Y,0,
-0.7133,-0.2579,1,P,364(E2),-,,
-3.002,-3.005,5,P,364(E2),H,,
-6.514,-7.431,3,P,364(E2),L,-7.898,1
0,0,,P,364(E2),P,0,
-7.747,-7.664,10,P,364(E2),S,-8,2
-3.589,-4.173,3,P,364(E2),T,,
-0.9527,-0.3879,1,T,365(E2),A,,
-3.233,-3.461,3,T,365(E2),I,,
-1.36,-0.6778,3,T,365(E2),N,,
0,0,,T,365(E2),T,0,
-0.4461,-0.1415,27,M,366(E2),I,-0.1047,2
0,0,,M,366(E2),M,0,
-0.8083,-0.3063,3,M,366(E2),T,,
-1.332,-0.6549,2,M,366(E2),V,,
-3.986,-4.935,7,T,367(E2),A,,
-3.971,-4.907,10,T,367(E2),I,-5.091,4
-6.641,-7.469,4,T,367(E2),N,-8,1
-1.272,-0.6072,2,T,367(E2),S,,
0,0,,T,367(E2),T,0,
2.198,0.2348,1,T,367(E2),V,,
-4.494,-5.785,89,V,368(E2),-,-6.804,11
-1.041,-0.443,1,V,368(E2),A,,
-5.854,-7.142,1,V,368(E2),E,,
-2.137,-1.537,6,V,368(E2),L,,
-1.799,-1.108,14,V,368(E2),M,-1.145,1
0,0,,V,368(E2),V,0,
-4.677,-6.045,1,V,369(E2),A,,
-0.6655,-0.235,1,V,369(E2),L,,
1.313,0.192,3,V,369(E2),M,,
0,0,,V,369(E2),V,0,
-2.7,-2.439,1,V,370(E2),A,,
-4.815,-6.224,1,V,370(E2),E,,
-1.688,-0.9863,3,V,370(E2),L,,
-0.7339,-0.2681,3,V,370(E2),M,,
0,0,,V,370(E2),V,0,
-0.1093,-0.0295,3,V,371(E2),L,,
0.5901,0.116,9,V,371(E2),M,-0.4249,2
0,0,,V,371(E2),V,0,
-0.3508,-0.1062,9,S,372(E2),F,,
-4.755,-6.148,5,S,372(E2),P,,
0,0,,S,372(E2),S,0,
0.8744,0.1523,3,S,372(E2),Y,,
-1.832,-1.147,1,V,373(E2),A,,
-3.064,-3.126,1,V,373(E2),E,,
-3.979,-4.923,1,V,373(E2),G,,
-1.76,-1.065,8,V,373(E2),L,,
-0.9637,-0.3945,8,V,373(E2),M,-0.5238,3
0,0,,V,373(E2),V,0,
0,0,,A,374(E2),A,0,
-5.298,-6.738,2,A,374(E2),D,,
-0.5789,-0.1959,3,A,374(E2),S,0.6008,2
-0.8809,-0.346,14,A,374(E2),T,0.2863,4
-1.077,-0.4664,12,A,374(E2),V,-0.6335,1
2.371,0.2396,1,S,375(E2),I,0.8098,1
-2.519,-2.125,12,S,375(E2),N,,
-6.697,-7.484,2,S,375(E2),R,,
0,0,,S,375(E2),S,0,
0,0,,F,376(E2),F,0,
1.32,0.1925,2,F,376(E2),I,,
0.2597,0.05907,3,F,376(E2),L,,
-2.869,-2.75,3,F,376(E2),S,-3.008,1
1.9,0.2243,1,F,376(E2),V,,
-3.264,-3.522,5,F,376(E2),Y,-2.652,1
-1.593,-0.8889,1,V,377(E2),E,,
-1.105,-0.4854,2,V,377(E2),L,-0.7255,1
3.291,0.2549,2,V,377(E2),M,,
0,0,,V,377(E2),V,0,
0,0,,L,378(E2),L,0,
-0.59,-0.2008,4,L,378(E2),M,,
-3.112,-3.221,1,L,378(E2),P,,
0.5761,0.1139,1,L,378(E2),R,,
-2.125,-1.52,1,L,378(E2),V,,
0,0,,L,379(E2),L,0,
-1.723,-1.024,5,L,379(E2),M,-1.32,1
-6.657,-7.473,1,L,379(E2),N,-8,1
-3.061,-3.12,5,L,379(E2),P,-3.342,1
-6.383,-7.386,1,L,379(E2),Q,,
-0.2033,-0.05737,1,S,380(E2),C,,
0.425,0.08977,1,S,380(E2),G,-0.1326,1
-0.1455,-0.03993,2,S,380(E2),I,,
-0.5958,-0.2033,19,S,380(E2),N,-0.4707,2
-4.065,-5.079,2,S,380(E2),R,-4.521,1
0,0,,S,380(E2),S,0,
-0.8723,-0.3412,13,M,381(E2),I,-0.02215,2
0,0,,M,381(E2),M,0,
-0.4515,-0.1436,1,M,381(E2),T,,
0.4108,0.08732,1,M,381(E2),V,,
-0.901,-0.3575,4,V,382(E2),A,,
-1.368,-0.6846,4,V,382(E2),F,,
-1.439,-0.7455,1,V,382(E2),G,,
-0.5579,-0.1869,8,V,382(E2),I,,
0,0,,V,382(E2),V,0,
-7.513,-7.638,2,G,383(E2),*,,
-1.587,-0.8838,1,G,383(E2),A,-1.17,1
-4.458,-5.73,13,G,383(E2),E,-6.219,2
0,0,,G,383(E2),G,0,
-2.355,-1.86,1,G,383(E2),K,,
-2.668,-2.382,26,G,383(E2),R,-3.18,4
0.4832,0.09948,3,G,383(E2),V,-1.264,1
0.8473,0.1493,6,V,384(E2),M,-0.1943,1
0,0,,V,384(E2),V,0,
0,0,,A,385(E2),A,0,
-2.868,-2.749,2,A,385(E2),D,,
-4.185,-5.289,1,A,385(E2),P,,
-0.1519,-0.04183,5,A,385(E2),S,,
-0.6867,-0.245,19,A,385(E2),T,-0.5669,3
-0.934,-0.3767,63,A,385(E2),V,-1.724,5
1.997,0.228,2,V,386(E2),A,,
1.909,0.2247,2,V,386(E2),E,,
-0.1993,-0.05613,1,V,386(E2),G,,
-0.6301,-0.2187,6,V,386(E2),L,,
-0.4582,-0.1462,15,V,386(E2),M,-0.6446,2
0,0,,V,386(E2),V,0,
1.241,0.1866,2,G,387(E2),A,,
2.429,0.241,4,G,387(E2),C,-2.027,1
-2.519,-2.125,33,G,387(E2),D,-2.969,5
0,0,,G,387(E2),G,0,
-1.295,-0.6246,5,G,387(E2),S,-1.729,1
-1.626,-0.9222,1,G,387(E2),V,,
-0.1783,-0.04973,3,M,388(E2),I,,
0.404,0.08614,1,M,388(E2),L,,
0,0,,M,388(E2),M,0,
-2.283,-1.749,1,M,388(E2),R,,
0.0346,0.008727,1,M,388(E2),T,,
-0.01617,-0.004178,1,M,388(E2),V,,
0,0,,C,389(E2),C,0,
0.338,0.07421,5,C,389(E2),F,-0.0531,1
-3.467,-3.93,3,C,389(E2),R,-3.972,1
-2.964,-2.931,1,C,389(E2),S,,
-1.613,-0.9093,10,C,389(E2),Y,,
0.5017,0.1025,10,M,390(E2),I,1.339,1
-3.438,-3.871,2,M,390(E2),K,,
0,0,,M,390(E2),M,0,
-0.423,-0.1327,5,M,390(E2),V,,
0,0,,C,391(E2),C,0,
-0.2748,-0.08024,2,C,391(E2),F,-0.2903,1
2.14,0.233,1,C,391(E2),G,,
0.5094,0.1037,2,C,391(E2),R,,
3.11,0.2529,2,C,391(E2),S,,
0.7132,0.133,13,C,391(E2),Y,-0.1632,1
0,0,,A,392(E2),A,0,
-3.074,-3.146,3,A,392(E2),D,-2.976,1
-0.5255,-0.1733,1,A,392(E2),L,,
-3.678,-4.35,4,A,392(E2),S,-5.583,1
-2.568,-2.208,3,A,392(E2),T,,
-1.025,-0.4324,26,A,392(E2),V,-0.5227,1
-4.137,-5.206,3,R,393(E2),C,,
-2.984,-2.971,63,R,393(E2),H,-5.113,5
-2.584,-2.236,5,R,393(E2),L,-1.921,1
0,0,,R,393(E2),R,0,
-2.691,-2.423,3,R,393(E2),S,,
-2.468,-2.04,4,R,394(E2),G,-2.18,1
-4.064,-5.077,2,R,394(E2),I,,
2.15,0.2333,10,R,394(E2),K,0.6492,1
0,0,,R,394(E2),R,0,
-7.06,-7.568,2,R,395(E2),*,-8,1
-2.278,-1.742,1,R,395(E2),C,-1.989,1
4.205,0.261,3,R,395(E2),I,,
-2.057,-1.427,14,R,395(E2),K,,
0,0,,R,395(E2),R,0,
-1.408,-0.7186,1,R,395(E2),S,,
-0.5443,-0.1811,3,R,395(E2),T,,
-6.715,-7.489,3,C,396(E2),*,-8,1
0,0,,C,396(E2),C,0,
1.295,0.1907,2,C,396(E2),F,-0.127,1
-10.55,-7.758,1,C,396(E2),R,-8,1
-1.714,-1.014,3,C,396(E2),S,,
-1.57,-0.8672,25,C,396(E2),Y,-1.511,3
0,0,,I,397(E2),I,0,
-2.825,-2.668,3,I,397(E2),N,,
-0.5192,-0.1707,2,T,398(E2),A,,
-2.978,-2.959,1,T,398(E2),I,,
-1.918,-1.249,3,T,398(E2),N,,
0,0,,T,398(E2),T,0,
-0.7797,-0.2913,5,P,399(E2),H,-0.456,1
3.376,0.2557,3,P,399(E2),L,,
0,0,,P,399(E2),P,0,
-1.371,-0.6871,1,P,399(E2),R,,
-1.174,-0.5337,5,P,399(E2),S,-0.4535,1
-1.01,-0.4232,4,P,399(E2),T,0.6522,1
-0.122,-0.03312,1,P,399(E2),W,-0.3001,1
-5.232,-6.678,7,Y,400(E2),*,-8,1
-0.2805,-0.08211,1,Y,400(E2),N,,
0,0,,Y,400(E2),Y,0,
-9.98,-7.754,4,E,401(E2),*,,
-1.655,-0.9525,1,E,401(E2),-,,
1.491,0.2039,1,E,401(E2),A,,
-0.6623,-0.2335,9,E,401(E2),D,-0.6966,2
0,0,,E,401(E2),E,0,
2.588,0.2445,1,E,401(E2),G,,
4.206,0.261,3,E,401(E2),K,,
-0.9583,-0.3912,1,E,401(E2),V,,
-1.932,-1.266,1,L,402(E2),-,,
2.561,0.244,2,L,402(E2),F,-1.718,1
-1.842,-1.158,6,L,402(E2),H,-0.8438,2
2.163,0.2337,3,L,402(E2),I,,
0,0,,L,402(E2),L,0,
-6.755,-7.5,3,L,402(E2),P,,
-2.655,-2.36,1,L,402(E2),R,,
0.3807,0.08201,3,T,403(E2),A,-0.4463,1
-4.17,-5.262,16,T,403(E2),I,-3.605,1
-0.554,-0.1852,5,T,403(E2),K,,
0,0,,T,403(E2),T,0,
1.917,0.225,1,P,404(E2),A,,
-0.4596,-0.1467,5,P,404(E2),H,,
-1.32,-0.6445,11,P,404(E2),L,-2.308,1
0,0,,P,404(E2),P,0,
-1.845,-1.162,18,P,404(E2),S,,
-0.079,-0.02101,1,G,405(E2),A,,
-9.235,-7.742,3,G,405(E2),C,,
-3.205,-3.405,19,G,405(E2),D,-3.451,3
0,0,,G,405(E2),G,0,
0.7235,0.1343,7,G,405(E2),S,,
-0.03756,-0.009798,3,G,405(E2),V,-0.1529,1
0,0,,A,406(E2),A,0,
-1.138,-0.5078,2,A,406(E2),D,,
-1.653,-0.9499,2,A,406(E2),S,,
-1.738,-1.041,8,A,406(E2),T,-0.4736,4
-0.2954,-0.0871,2,A,406(E2),V,,
-0.9272,-0.3727,8,T,407(E2),I,-8,1
0,0,,T,407(E2),T,0,
-0.9765,-0.4023,4,V,408(E2),A,,
-5.169,-6.617,3,V,408(E2),E,,
-2.659,-2.367,1,V,408(E2),K,-2.839,1
-1.516,-0.8155,2,V,408(E2),L,,
-0.734,-0.2681,21,V,408(E2),M,-1.638,2
0,0,,V,408(E2),V,0,
0.1284,0.031,1,P,409(E2),A,,
-4.587,-5.92,6,P,409(E2),H,-8,1
-2.917,-2.842,2,P,409(E2),L,,
0,0,,P,409(E2),P,0,
-2.72,-2.476,8,P,409(E2),S,-3.634,1
-0.05507,-0.01449,1,P,409(E2),T,,
0,0,,F,410(E2),F,0,
-1.129,-0.5015,2,F,410(E2),I,,
1.158,0.1799,1,F,410(E2),L,,
0,0,,L,411(E2),L,0,
0.8259,0.1468,2,L,411(E2),M,,
1.156,0.1797,1,L,411(E2),P,,
-0.5134,-0.1683,1,L,411(E2),V,,
-3.582,-4.16,1,L,412(E2),H,-4.434,1
0,0,,L,412(E2),L,0,
1.091,0.174,1,L,412(E2),M,,
-5.737,-7.072,3,L,412(E2),P,,
-8.254,-7.704,3,L,412(E2),Q,,
-3.168,-3.332,2,S,413(E2),I,,
-1.995,-1.346,8,S,413(E2),N,-1.459,2
-0.6974,-0.2502,2,S,413(E2),R,,
0,0,,S,413(E2),S,0,
0,0,,L,414(E2),L,0,
0.8088,0.1448,4,L,414(E2),M,-0.8558,1
-7.461,-7.632,27,L,414(E2),P,-7.832,2
-3.424,-3.844,5,L,414(E2),Q,-4.214,1
-4.789,-6.191,2,L,414(E2),R,,
-4.578,-5.907,3,C,416(E2),*,-8,1
0,0,,C,416(E2),C,0,
-2.51,-2.11,2,C,416(E2),F,,
-0.262,-0.07603,1,C,416(E2),R,,
-3.759,-4.506,2,C,416(E2),S,,
-3.091,-3.18,12,C,416(E2),Y,-4.017,3
-7.075,-7.57,4,C,417(E2),*,-8,1
0,0,,C,417(E2),C,0,
-2.106,-1.494,5,C,417(E2),F,,
-8.067,-7.691,1,C,417(E2),N,,
-4.308,-5.494,2,C,417(E2),R,,
-2.515,-2.119,2,C,417(E2),S,,
-5.179,-6.627,16,C,417(E2),Y,-6.415,2
-1.395,-0.7069,1,I,418(E2),-,,
2.732,0.2473,2,I,418(E2),F,,
0,0,,I,418(E2),I,0,
0.223,0.05157,1,I,418(E2),L,-0.193,1
-3.855,-4.691,2,I,418(E2),N,,
0.5827,0.1149,3,I,418(E2),T,-1.75,1
-3.718,-4.428,2,R,419(E2),*,,
-1.204,-0.5552,1,R,419(E2),A,,
0.2254,0.05207,5,R,419(E2),G,,
-8.819,-7.73,3,R,419(E2),I,,
0.4169,0.08839,6,R,419(E2),K,0.3111,1
-0.7145,-0.2585,1,R,419(E2),P,,
0,0,,R,419(E2),R,0,
-4.408,-5.653,1,R,419(E2),S,,
0.5788,0.1143,2,T,420(E2),A,,
2.465,0.2419,1,T,420(E2),H,,
-1.868,-1.189,10,T,420(E2),I,-1.151,1
0.03643,0.00918,1,T,420(E2),N,,
0,0,,T,420(E2),T,0,
-6.709,-7.488,1,A,421(E2),-,,
0,0,,A,421(E2),A,0,
-0.993,-0.4124,1,A,421(E2),C,-0.6889,1
-6.804,-7.512,2,A,421(E2),D,-7.997,1
-6.595,-7.455,1,A,421(E2),F,-8,1
0.1108,0.02697,1,A,421(E2),G,,
-1.412,-0.7216,1,A,421(E2),P,,
0.1517,0.03625,5,A,421(E2),S,,
0.1239,0.02998,47,A,421(E2),T,-0.6718,4
-0.2611,-0.07574,4,A,421(E2),V,,
-3.169,-3.334,2,K,422(E2),A,-3.554,1
-0.5134,-0.1683,6,K,422(E2),E,,
0,0,,K,422(E2),K,0,
-3.986,-4.935,1,K,422(E2),M,-5.191,1
-0.2649,-0.07698,4,K,422(E2),N,,
0.2915,0.06536,1,K,422(E2),S,,
2.773,0.248,1,K,422(E2),T,,
0,0,,A,423(E2),A,0,
-5.746,-7.077,3,A,423(E2),D,-8,1
-0.8606,-0.3347,1,A,423(E2),P,,
7.369,0.2649,4,A,423(E2),S,-0.5302,2
-5.709,-7.054,12,A,423(E2),T,-8,1
-11.61,-7.762,16,A,423(E2),V,-6.785,1
-4.974,-6.413,1,A,423(E2),W,-6.774,1
0,0,,A,1(6K),A,0,
0.198,0.04633,9,A,1(6K),C,-0.05579,7
-2.425,-1.97,9,A,1(6K),D,-2.241,1
-0.4663,-0.1494,10,A,1(6K),E,0.2584,4
-1.212,-0.5615,7,A,1(6K),F,0.4315,2
0.05674,0.01416,6,A,1(6K),G,0.4924,2
-1.065,-0.4583,7,A,1(6K),H,-0.83,3
1.747,0.2176,5,A,1(6K),I,-1.337,1
-0.5382,-0.1785,8,A,1(6K),K,-1.557,2
0.5444,0.1091,3,A,1(6K),L,-0.245,2
0.1081,0.02636,7,A,1(6K),M,-0.05835,2
0.8076,0.1447,4,A,1(6K),N,0.1616,4
-6.149,-7.292,9,A,1(6K),P,-7.606,1
-0.7122,-0.2574,6,A,1(6K),Q,-0.7648,2
0.166,0.03941,18,A,1(6K),R,-0.5727,10
0.3857,0.0829,14,A,1(6K),S,-0.249,6
0.1501,0.03588,98,A,1(6K),T,-0.3476,10
1.248,0.1872,18,A,1(6K),V,0.01892,8
-0.8149,-0.3098,7,A,1(6K),W,-0.8421,2
0.111,0.02703,6,A,1(6K),Y,-0.8049,3
-6.837,-7.52,15,T,2(6K),*,-8,10
0.3625,0.07874,14,T,2(6K),A,0.3821,7
-1.84,-1.156,6,T,2(6K),C,-1.402,4
0.6412,0.1233,9,T,2(6K),D,0.4949,4
-0.3834,-0.118,13,T,2(6K),E,-0.3928,9
-1.745,-1.048,14,T,2(6K),F,-1.462,8
2.34,0.2388,6,T,2(6K),G,0.1605,4
-0.8692,-0.3395,7,T,2(6K),H,-1.091,3
-0.2338,-0.06692,9,T,2(6K),I,-0.7215,2
0.4387,0.09211,6,T,2(6K),K,-0.6262,1
-0.5876,-0.1997,9,T,2(6K),L,-0.4338,5
-0.7794,-0.2912,8,T,2(6K),M,-0.4408,5
0.1558,0.03716,12,T,2(6K),N,-0.1838,4
0.2065,0.04812,12,T,2(6K),P,-0.1024,5
1.871,0.2231,7,T,2(6K),Q,0.1039,2
0.799,0.1436,10,T,2(6K),R,0.0737,4
-0.9427,-0.3819,3,T,2(6K),S,-0.2901,3
0,0,,T,2(6K),T,0,
1.779,0.2191,4,T,2(6K),V,-0.2645,1
-2.517,-2.122,12,T,2(6K),W,-2.514,7
-1.324,-0.6484,8,T,2(6K),Y,,
-0.3111,-0.09242,1,Y,3(6K),-,,
-0.1656,-0.04588,12,Y,3(6K),A,0.2269,5
-1.368,-0.6844,9,Y,3(6K),C,-1.141,8
1.622,0.2113,4,Y,3(6K),D,0.09153,3
0.6612,0.126,14,Y,3(6K),E,0.2,9
0.3889,0.08348,9,Y,3(6K),F,-0.8765,2
1.097,0.1746,9,Y,3(6K),G,-0.3961,7
-0.2901,-0.08533,11,Y,3(6K),H,-0.4955,1
-0.2074,-0.05864,5,Y,3(6K),I,-0.6623,3
-0.8867,-0.3494,5,Y,3(6K),K,-0.4416,1
0.8569,0.1504,13,Y,3(6K),L,0.086,6
-0.3791,-0.1164,9,Y,3(6K),M,-0.01845,4
2.891,0.2499,8,Y,3(6K),N,0.1201,3
0.02481,0.006285,7,Y,3(6K),P,-0.4478,3
0.1912,0.04487,6,Y,3(6K),Q,0.6271,2
0.09898,0.02423,11,Y,3(6K),R,-0.4206,3
0.8494,0.1495,6,Y,3(6K),S,0.6967,4
5.482,0.2639,5,Y,3(6K),T,-0.0189,1
0.824,0.1466,6,Y,3(6K),V,-0.5967,3
0.9429,0.1597,10,Y,3(6K),W,-0.7846,6
0,0,,Y,3(6K),Y,0,
-7.512,-7.638,11,Q,4(6K),*,-7.952,4
-1.793,-1.102,1,Q,4(6K),-,,
1.28,0.1896,8,Q,4(6K),A,-1.82,4
-1.294,-0.6239,9,Q,4(6K),C,-0.5157,3
0.1116,0.02716,11,Q,4(6K),D,-0.9919,3
0.07714,0.01908,9,Q,4(6K),E,0.05645,4
0.408,0.08684,7,Q,4(6K),F,0.2013,3
1.97,0.227,8,Q,4(6K),G,-1.105,4
2.896,0.25,11,Q,4(6K),H,-0.6174,4
1.124,0.177,6,Q,4(6K),I,-0.5419,3
0.1308,0.03155,10,Q,4(6K),K,-0.1929,5
0.7306,0.1352,6,Q,4(6K),L,0.5451,2
-0.901,-0.3575,9,Q,4(6K),M,-0.7978,5
-0.5682,-0.1913,6,Q,4(6K),N,-0.09139,3
-0.7351,-0.2687,12,Q,4(6K),P,-0.638,9
0,0,,Q,4(6K),Q,0,
0.09533,0.02338,11,Q,4(6K),R,-0.4359,5
-0.4057,-0.1262,6,Q,4(6K),S,-1.11,3
0.6592,0.1257,10,Q,4(6K),T,-0.03096,5
0.3928,0.08418,8,Q,4(6K),V,-0.2534,4
0.5231,0.1058,6,Q,4(6K),W,-1.716,1
-0.4739,-0.1524,10,Q,4(6K),Y,-0.2174,6
-9.389,-7.745,4,E,5(6K),*,,
-1.172,-0.5319,1,E,5(6K),-,,
0.04431,0.01113,5,E,5(6K),A,0.3841,1
-0.868,-0.3388,9,E,5(6K),C,-0.94,3
0.00954,0.002435,9,E,5(6K),D,-0.6554,1
0,0,,E,5(6K),E,0,
-2.176,-1.592,8,E,5(6K),F,-1.558,7
-0.0406,-0.01061,16,E,5(6K),G,-0.7124,6
2.214,0.2352,10,E,5(6K),H,0.2747,10
-1.676,-0.974,5,E,5(6K),I,-1.224,4
-0.5268,-0.1738,13,E,5(6K),K,-1.145,3
-2.072,-1.447,9,E,5(6K),L,-1.271,5
-1.195,-0.5484,10,E,5(6K),M,-1.335,4
-0.09821,-0.02636,11,E,5(6K),N,-0.3141,4
0.0976,0.02391,12,E,5(6K),P,-0.1059,6
-0.4288,-0.1349,13,E,5(6K),Q,-0.7767,10
-1.327,-0.6502,9,E,5(6K),R,-0.3325,3
-0.01055,-0.002719,10,E,5(6K),S,-0.3377,5
0.07226,0.01791,10,E,5(6K),T,-0.3206,8
-0.3728,-0.1141,5,E,5(6K),V,-0.3297,1
-1.869,-1.19,12,E,5(6K),W,-1.434,8
-0.8984,-0.356,4,E,5(6K),Y,-0.8612,2
-7.191,-7.591,11,A,6(6K),*,-8,3
-0.6382,-0.2224,1,A,6(6K),-,,
0,0,,A,6(6K),A,0,
-1.99,-1.339,6,A,6(6K),C,-1.125,5
-1.406,-0.7168,8,A,6(6K),D,-1.984,2
-1.305,-0.6326,2,A,6(6K),E,-0.871,2
-0.799,-0.3014,11,A,6(6K),F,-0.5141,7
-0.3553,-0.1078,9,A,6(6K),G,0.6284,3
-0.04388,-0.01148,9,A,6(6K),H,-0.09297,5
-0.7219,-0.2621,7,A,6(6K),I,-0.5188,5
0.1472,0.03526,7,A,6(6K),K,-0.0642,3
1.104,0.1752,3,A,6(6K),L,-0.183,2
-0.5701,-0.1921,7,A,6(6K),M,0.7378,2
-0.5165,-0.1695,7,A,6(6K),N,0.5165,4
0.374,0.08082,8,A,6(6K),P,-0.0815,6
0.204,0.04758,7,A,6(6K),Q,-0.1641,3
-0.5544,-0.1854,10,A,6(6K),R,-0.054,4
-0.8598,-0.3343,9,A,6(6K),S,-1.042,4
0.693,0.1303,16,A,6(6K),T,-0.4894,7
0.2126,0.0494,34,A,6(6K),V,-0.2554,7
-0.2718,-0.07925,3,A,6(6K),W,,
-0.5765,-0.1949,9,A,6(6K),Y,-0.4268,5
0,0,,A,7(6K),A,0,
0.6152,0.1196,13,A,7(6K),C,-1.355,4
-0.7571,-0.2797,17,A,7(6K),D,0.0945,6
1.253,0.1875,6,A,7(6K),E,-0.07345,4
1.609,0.2106,10,A,7(6K),F,-0.5238,9
-0.3723,-0.1139,6,A,7(6K),G,-0.2096,3
-1.135,-0.506,4,A,7(6K),H,-1.119,3
-0.3566,-0.1083,7,A,7(6K),I,-0.0362,2
-0.5639,-0.1894,9,A,7(6K),K,-0.343,3
1.458,0.2018,9,A,7(6K),L,-0.3543,3
3.384,0.2558,8,A,7(6K),M,-0.4805,5
-1.261,-0.598,8,A,7(6K),N,-1.03,4
0.005229,0.001337,11,A,7(6K),P,-0.411,7
-1.417,-0.7257,1,A,7(6K),Q,-0.9449,1
-0.02848,-0.007399,6,A,7(6K),R,-0.6732,1
0.07411,0.01835,9,A,7(6K),S,-1.066,3
0.2403,0.05514,35,A,7(6K),T,0.3401,6
-0.468,-0.15,17,A,7(6K),V,0.1249,8
-0.6528,-0.2291,4,A,7(6K),W,-0.6162,2
-1.316,-0.6414,5,A,7(6K),Y,-0.9498,4
-7.693,-7.659,13,V,8(6K),*,-8,7
0.912,0.1565,10,V,8(6K),A,-0.4664,5
-1.42,-0.7286,6,V,8(6K),C,0.02106,3
1.8,0.22,7,V,8(6K),D,-0.0347,6
1.48,0.2032,9,V,8(6K),E,-0.787,3
-1.006,-0.4206,11,V,8(6K),F,-0.4721,6
2.001,0.2282,3,V,8(6K),G,0.5147,2
0.3939,0.08436,10,V,8(6K),H,0.1247,4
-1.223,-0.5693,7,V,8(6K),I,-0.5703,3
0.2939,0.06582,5,V,8(6K),K,-0.2029,4
2.761,0.2478,16,V,8(6K),L,-0.03923,7
-0.101,-0.02716,24,V,8(6K),M,-0.1948,5
-1.283,-0.6153,7,V,8(6K),N,-0.4294,4
-0.4611,-0.1473,8,V,8(6K),P,-0.3246,7
-0.4273,-0.1343,11,V,8(6K),Q,-0.06621,4
-0.6752,-0.2396,7,V,8(6K),R,0.02334,3
-1.791,-1.1,3,V,8(6K),S,-1.607,1
-0.0916,-0.02451,7,V,8(6K),T,-0.4957,4
0,0,,V,8(6K),V,0,
0.2246,0.05191,5,V,8(6K),W,-0.8646,3
0.6556,0.1253,9,V,8(6K),Y,-1.296,4
-6.808,-7.513,5,Y,9(6K),*,,
-0.1634,-0.04524,8,Y,9(6K),A,-0.3093,4
1.191,0.1826,12,Y,9(6K),C,-0.1306,6
-0.8156,-0.3102,5,Y,9(6K),D,0.6889,1
2.273,0.2369,5,Y,9(6K),E,-0.1257,2
-1.216,-0.5645,10,Y,9(6K),F,-0.3968,6
-0.5025,-0.1638,8,Y,9(6K),G,-0.5836,4
0.4006,0.08555,10,Y,9(6K),H,-0.0875,4
0.8793,0.1529,6,Y,9(6K),I,0.01551,1
-0.9362,-0.378,10,Y,9(6K),K,-0.5745,4
0.4014,0.08568,9,Y,9(6K),L,0.7212,3
-0.9328,-0.376,7,Y,9(6K),M,-0.6037,5
0.4039,0.08612,10,Y,9(6K),N,-0.0365,5
-1.032,-0.4372,14,Y,9(6K),P,-1.022,5
0.8379,0.1482,8,Y,9(6K),Q,-0.5388,5
0.976,0.1631,5,Y,9(6K),R,-0.2086,1
-0.947,-0.3845,9,Y,9(6K),S,-0.8249,5
3.385,0.2558,11,Y,9(6K),T,-0.1378,5
-0.888,-0.3501,4,Y,9(6K),V,0.1636,2
-0.8811,-0.3462,8,Y,9(6K),W,-1.522,2
0,0,,Y,9(6K),Y,0,
-7.007,-7.557,13,L,10(6K),*,-8,8
-0.4337,-0.1367,1,L,10(6K),-,,
-0.7802,-0.2916,5,L,10(6K),A,0.08488,3
0.7216,0.134,14,L,10(6K),C,-1.037,6
1.053,0.1706,5,L,10(6K),D,-0.1929,3
0.9521,0.1607,8,L,10(6K),E,0.3931,3
0.1264,0.03055,10,L,10(6K),F,-0.1038,7
1.773,0.2188,4,L,10(6K),G,0.8429,2
1.607,0.2105,7,L,10(6K),H,0.3469,5
-0.08979,-0.02401,7,L,10(6K),I,-0.9383,3
0.3935,0.08429,7,L,10(6K),K,-0.2784,4
0,0,,L,10(6K),L,0,
0.6634,0.1263,15,L,10(6K),M,-0.3252,8
-1.066,-0.4589,10,L,10(6K),N,-0.1795,4
-0.2576,-0.0746,32,L,10(6K),P,-0.6006,8
-0.1286,-0.03503,16,L,10(6K),Q,0.2564,3
1.213,0.1844,11,L,10(6K),R,-0.03169,4
1.144,0.1787,9,L,10(6K),S,-0.123,4
-0.03528,-0.009194,16,L,10(6K),T,-0.2395,8
0.4767,0.09843,6,L,10(6K),V,-0.08235,4
1.699,0.2152,2,L,10(6K),W,1.204,1
0.1002,0.02452,7,L,10(6K),Y,-0.07185,4
-8.048,-7.69,48,W,11(6K),*,-8,3
-0.3234,-0.09664,1,W,11(6K),-,,
0.4173,0.08846,9,W,11(6K),A,-0.3596,3
0.1722,0.04077,11,W,11(6K),C,-0.2833,5
-0.6168,-0.2126,4,W,11(6K),D,-0.3568,1
-0.2164,-0.06144,8,W,11(6K),E,-0.8425,6
1.046,0.17,14,W,11(6K),F,-0.4772,5
2.405,0.2404,10,W,11(6K),G,-0.7913,5
1.297,0.1909,9,W,11(6K),H,-0.05132,9
0.3305,0.07282,6,W,11(6K),I,0.8071,3
0.0662,0.01645,6,W,11(6K),K,-0.5451,3
0.9147,0.1567,15,W,11(6K),L,-0.05135,4
0.2929,0.06564,13,W,11(6K),M,-0.4533,7
0.04943,0.01238,5,W,11(6K),N,0.00335,4
-0.244,-0.07019,17,W,11(6K),P,-0.3878,10
-0.6759,-0.2399,8,W,11(6K),Q,-0.6377,4
-1.251,-0.5908,7,W,11(6K),R,-0.3983,2
0.4292,0.0905,4,W,11(6K),S,,
0.9752,0.163,8,W,11(6K),T,0.1179,3
0.1841,0.04335,10,W,11(6K),V,-0.1438,5
0,0,,W,11(6K),W,0,
0.6755,0.128,3,W,11(6K),Y,,
-6.289,-7.35,9,N,12(6K),*,-8,7
-0.1326,-0.03617,1,N,12(6K),-,,
-0.5455,-0.1816,11,N,12(6K),A,-0.5806,6
-0.1533,-0.04225,10,N,12(6K),C,-0.2734,3
0.243,0.05569,7,N,12(6K),D,0.2087,2
2.869,0.2496,6,N,12(6K),E,0.5894,4
0.1723,0.04078,11,N,12(6K),F,-0.137,3
-0.6669,-0.2357,8,N,12(6K),G,-0.8179,4
-1.436,-0.7423,5,N,12(6K),H,-0.3743,2
1.622,0.2113,6,N,12(6K),I,-0.09875,4
-0.136,-0.03716,7,N,12(6K),K,-0.6103,1
-0.5661,-0.1904,13,N,12(6K),L,-0.7517,3
0.4344,0.09138,7,N,12(6K),M,-0.6786,4
0,0,,N,12(6K),N,0,
-1.276,-0.6098,10,N,12(6K),P,-0.9654,5
0.3656,0.0793,11,N,12(6K),Q,-0.2642,7
0.2642,0.05997,5,N,12(6K),R,-0.2548,3
-0.6851,-0.2443,10,N,12(6K),S,-0.6565,5
-1.903,-1.231,3,N,12(6K),T,-0.5333,2
5.555,0.264,5,N,12(6K),V,0.8498,1
0.2006,0.04687,5,N,12(6K),W,-0.6933,3
2.205,0.235,6,N,12(6K),Y,0.5049,3
-7.021,-7.56,6,E,13(6K),*,-8,1
1.546,0.2071,1,E,13(6K),-,,
-0.1946,-0.05467,5,E,13(6K),A,-0.009107,1
-1.366,-0.6824,9,E,13(6K),C,-1.14,5
-0.8764,-0.3436,17,E,13(6K),D,-0.7407,6
0,0,,E,13(6K),E,0,
-0.3735,-0.1144,15,E,13(6K),F,-0.4442,6
0.5749,0.1137,11,E,13(6K),G,-0.3615,3
2.618,0.2451,11,E,13(6K),H,-0.01097,5
-0.3749,-0.1149,10,E,13(6K),I,0.3482,4
-1.767,-1.072,14,E,13(6K),K,-1.083,6
-1.34,-0.6612,7,E,13(6K),L,-0.7221,3
0.1681,0.03987,3,E,13(6K),M,,
-0.2623,-0.07613,11,E,13(6K),N,0.2942,5
0.01673,0.004255,13,E,13(6K),P,0.527,6
-0.8763,-0.3435,41,E,13(6K),Q,-0.4616,25
-1.524,-0.823,5,E,13(6K),R,-1.477,1
-0.1512,-0.04163,9,E,13(6K),S,0.3925,3
1.458,0.2018,9,E,13(6K),T,0.1114,3
0.5508,0.1101,10,E,13(6K),V,0.2722,6
0.9525,0.1607,8,E,13(6K),W,-0.8788,3
-1.31,-0.6372,11,E,13(6K),Y,-0.8565,6
-7.893,-7.678,22,Q,14(6K),*,-8,8
0.8031,0.1441,1,Q,14(6K),-,,
0.2824,0.06358,4,Q,14(6K),A,-0.1372,2
-1.508,-0.8076,7,Q,14(6K),C,-1.331,2
1.694,0.215,5,Q,14(6K),D,0.2672,1
0.1965,0.046,8,Q,14(6K),E,-0.7443,5
0.21,0.04886,6,Q,14(6K),F,,
-1.099,-0.481,7,Q,14(6K),G,-1.148,3
-0.5766,-0.1949,10,Q,14(6K),H,0.9098,2
1.608,0.2106,1,Q,14(6K),I,,
-1.031,-0.4362,13,Q,14(6K),K,-0.7062,6
-1.266,-0.6021,10,Q,14(6K),L,-0.7173,6
0.2498,0.05707,10,Q,14(6K),M,-0.7213,4
0.9703,0.1625,6,Q,14(6K),N,-0.3336,3
-0.1097,-0.0296,6,Q,14(6K),P,-0.2555,2
0,0,,Q,14(6K),Q,0,
-1.196,-0.5493,6,Q,14(6K),R,-1.212,2
0.02534,0.00642,9,Q,14(6K),S,0.05946,7
2.177,0.2341,10,Q,14(6K),T,0.02522,6
-0.01085,-0.002796,8,Q,14(6K),V,-0.4735,2
0.6158,0.1197,8,Q,14(6K),W,-0.8963,3
-0.08501,-0.02268,8,Q,14(6K),Y,0.2202,4
-7.503,-7.637,11,Q,15(6K),*,,
2.479,0.2422,9,Q,15(6K),A,-0.2545,4
0.4131,0.08772,5,Q,15(6K),C,-0.5238,1
-0.792,-0.2978,9,Q,15(6K),D,-0.4409,4
0.5944,0.1166,7,Q,15(6K),E,0.5329,3
2.967,0.251,4,Q,15(6K),F,-1.475,2
0.511,0.1039,5,Q,15(6K),G,-0.8874,4
1.547,0.2071,8,Q,15(6K),H,0.3229,2
0.5629,0.1119,8,Q,15(6K),I,-0.05957,5
-1.218,-0.5661,13,Q,15(6K),K,-0.5748,7
-0.5536,-0.185,9,Q,15(6K),L,0.6199,2
0.582,0.1148,9,Q,15(6K),M,0.8036,3
-0.3221,-0.09622,5,Q,15(6K),N,0.0893,2
-1.166,-0.5275,9,Q,15(6K),P,-0.6507,5
0,0,,Q,15(6K),Q,0,
-0.5608,-0.1881,6,Q,15(6K),R,-0.1733,3
0.491,0.1007,4,Q,15(6K),S,-0.6674,2
-0.6782,-0.241,9,Q,15(6K),T,-0.5238,5
0.6659,0.1267,8,Q,15(6K),V,1.021,1
-1.959,-1.3,4,Q,15(6K),W,-1.309,3
0.1343,0.03235,5,Q,15(6K),Y,-0.205,1
-8.365,-7.71,10,P,16(6K),*,-8,4
-0.251,-0.07246,8,P,16(6K),A,-0.235,4
0.2338,0.0538,5,P,16(6K),C,0.001132,1
-0.5715,-0.1927,7,P,16(6K),D,-0.5628,3
2.707,0.2468,3,P,16(6K),E,0.8386,1
0.7259,0.1346,8,P,16(6K),F,-0.7245,2
1.563,0.2081,6,P,16(6K),G,-0.7382,4
0.02444,0.006194,10,P,16(6K),H,0.3068,4
-0.4878,-0.1579,4,P,16(6K),I,0.3352,1
0.8576,0.1505,4,P,16(6K),K,-0.3329,2
-0.4423,-0.14,12,P,16(6K),L,-0.3003,4
3.216,0.2541,2,P,16(6K),M,0.236,1
-1.109,-0.4882,5,P,16(6K),N,0.2175,3
0,0,,P,16(6K),P,0,
-1.082,-0.4695,7,P,16(6K),Q,-0.3557,4
-0.96,-0.3923,5,P,16(6K),R,0.02972,3
0.2973,0.0665,6,P,16(6K),S,-0.4757,2
-0.1431,-0.03923,12,P,16(6K),T,-0.7739,5
-1.034,-0.4384,5,P,16(6K),V,-0.6141,3
-1.672,-0.97,4,P,16(6K),W,-1.18,2
-1.631,-0.928,5,P,16(6K),Y,-1.656,1
0.7106,0.1326,4,L,17(6K),A,0.2471,2
-0.6287,-0.218,10,L,17(6K),C,-0.4586,4
-1.217,-0.5652,6,L,17(6K),D,-1.151,3
0.4837,0.09957,7,L,17(6K),E,-0.09733,5
1.348,0.1945,6,L,17(6K),F,0.1414,1
-0.3712,-0.1135,8,L,17(6K),G,-0.3991,5
1.516,0.2053,6,L,17(6K),H,-0.3016,3
-0.1564,-0.04316,10,L,17(6K),I,-0.09564,7
-1.248,-0.5883,4,L,17(6K),K,-1.033,4
0,0,,L,17(6K),L,0,
-2.04,-1.405,6,L,17(6K),M,-1.549,1
-0.3078,-0.0913,4,L,17(6K),N,-0.278,2
-0.1492,-0.04102,14,L,17(6K),P,0.3932,7
-1.304,-0.6322,7,L,17(6K),Q,-1.38,3
0.8009,0.1439,10,L,17(6K),R,-0.929,4
-0.6107,-0.2099,4,L,17(6K),S,-0.9731,2
-0.5311,-0.1756,6,L,17(6K),T,-1.376,3
0.2897,0.06502,10,L,17(6K),V,-0.1026,7
0.4214,0.08916,10,L,17(6K),W,0.7935,2
-1.46,-0.7645,4,L,17(6K),Y,-1.006,3
-7.116,-7.578,2,F,18(6K),*,-8,2
-0.03568,-0.009301,3,F,18(6K),A,,
-0.8498,-0.3288,5,F,18(6K),C,-0.8601,3
0.2937,0.0658,15,F,18(6K),D,-0.1325,5
1.16,0.1801,11,F,18(6K),E,-0.06913,7
0,0,,F,18(6K),F,0,
-0.5424,-0.1803,10,F,18(6K),G,0.3498,2
0.9752,0.163,7,F,18(6K),H,0.1291,3
-0.4121,-0.1285,9,F,18(6K),I,-0.2785,6
-1.753,-1.056,4,F,18(6K),K,-0.7336,2
-0.5551,-0.1857,6,F,18(6K),L,-0.3678,2
-0.4816,-0.1554,7,F,18(6K),M,0.1244,3
-0.07587,-0.02015,7,F,18(6K),N,-0.05857,5
-0.2314,-0.06619,7,F,18(6K),P,-0.219,4
1.32,0.1925,4,F,18(6K),Q,,
3.018,0.2517,5,F,18(6K),R,0.4325,1
0.2033,0.04745,6,F,18(6K),S,0.3981,3
-0.2918,-0.08589,5,F,18(6K),T,-0.2042,3
0.7003,0.1313,4,F,18(6K),V,-0.1488,2
2.138,0.2329,3,F,18(6K),W,-0.3657,1
2.344,0.2389,7,F,18(6K),Y,-1.367,2
-8.221,-7.702,41,W,19(6K),*,-8,7
1.26,0.1881,2,W,19(6K),A,0.5273,1
1.055,0.1708,10,W,19(6K),C,0.1218,6
0.5765,0.114,7,W,19(6K),D,-0.8206,4
-0.8423,-0.3246,8,W,19(6K),E,-0.545,5
1.636,0.212,8,W,19(6K),F,-0.7419,4
-0.2278,-0.06504,7,W,19(6K),G,0.5925,2
-1.943,-1.281,2,W,19(6K),H,,
0.2283,0.05268,6,W,19(6K),I,-0.07675,2
1.037,0.1691,5,W,19(6K),K,-0.4171,2
-1.131,-0.5029,9,W,19(6K),L,-0.6256,3
-0.3508,-0.1062,11,W,19(6K),M,-0.6789,6
-1.301,-0.6295,6,W,19(6K),N,0.3847,2
-0.3324,-0.09978,5,W,19(6K),P,-3.935,2
-0.8353,-0.3208,12,W,19(6K),Q,-0.3796,8
1.862,0.2227,7,W,19(6K),R,-0.5328,3
-0.4559,-0.1453,11,W,19(6K),S,-0.3942,8
-0.3888,-0.1199,8,W,19(6K),T,-0.2711,4
-0.7915,-0.2975,9,W,19(6K),V,-0.575,4
0,0,,W,19(6K),W,0,
1.758,0.2181,3,W,19(6K),Y,-0.5537,1
-6.673,-7.478,8,L,20(6K),*,-8,2
-0.1524,-0.04197,9,L,20(6K),A,-0.1817,7
-1.262,-0.5994,3,L,20(6K),C,-0.001183,1
0.3626,0.07875,5,L,20(6K),D,-0.04559,3
-0.2288,-0.06534,4,L,20(6K),E,-0.2372,2
-0.3215,-0.096,6,L,20(6K),F,-0.5238,3
-0.1638,-0.04537,8,L,20(6K),G,-0.5826,5
-1.74,-1.042,3,L,20(6K),H,-0.9494,3
0.6292,0.1216,8,L,20(6K),I,-0.5753,2
-0.7394,-0.2708,4,L,20(6K),K,-0.3841,2
0,0,,L,20(6K),L,0,
0.2808,0.06327,13,L,20(6K),M,0.5204,6
0.971,0.1626,9,L,20(6K),N,0.07472,3
-0.1406,-0.03851,16,L,20(6K),P,-0.2213,5
0.4876,0.1002,3,L,20(6K),Q,-1.264,1
-0.9462,-0.384,2,L,20(6K),R,-0.4949,1
-0.5425,-0.1803,5,L,20(6K),S,-0.3147,2
-0.2462,-0.07089,7,L,20(6K),T,0.3277,4
0.02973,0.007516,6,L,20(6K),V,0.4458,4
-0.4551,-0.145,8,L,20(6K),W,-0.006625,4
0.8485,0.1494,5,L,20(6K),Y,-0.6599,2
-8.771,-7.728,10,Q,21(6K),*,,
0.6683,0.127,1,Q,21(6K),A,,
3.175,0.2536,10,Q,21(6K),C,-0.1353,4
-1.093,-0.4771,3,Q,21(6K),D,-0.8591,2
0.4201,0.08893,5,Q,21(6K),E,0.2258,2
2.866,0.2495,3,Q,21(6K),F,0.603,3
-0.0281,-0.007298,10,Q,21(6K),G,-0.4778,4
0.1558,0.03716,6,Q,21(6K),H,0.0343,2
0.4292,0.09049,7,Q,21(6K),I,-0.9442,4
1.273,0.1891,6,Q,21(6K),K,-0.276,2
0.6768,0.1281,6,Q,21(6K),L,-0.5502,2
0.627,0.1213,7,Q,21(6K),M,-0.2728,5
0.7012,0.1314,7,Q,21(6K),N,0.0228,4
1.974,0.2272,5,Q,21(6K),P,0.5555,1
0,0,,Q,21(6K),Q,0,
0.32,0.07084,15,Q,21(6K),R,-0.05226,5
-0.1719,-0.04779,7,Q,21(6K),S,-0.0842,2
-1.037,-0.4405,6,Q,21(6K),T,-0.4031,5
0.04956,0.01241,6,Q,21(6K),V,0.5279,1
-0.1548,-0.04269,7,Q,21(6K),W,1.03,1
-0.1426,-0.03908,6,Q,21(6K),Y,-0.3221,5
-7.572,-7.645,6,A,22(6K),*,-8,2
0,0,,A,22(6K),A,0,
-0.5322,-0.176,10,A,22(6K),C,-0.3576,6
-1.248,-0.5881,6,A,22(6K),D,-0.941,4
-1.536,-0.8343,7,A,22(6K),E,0.6499,1
-0.4332,-0.1365,7,A,22(6K),F,-0.7971,2
1.326,0.193,4,A,22(6K),G,-0.01022,1
0.6792,0.1285,6,A,22(6K),H,-1.339,3
-0.4831,-0.156,8,A,22(6K),I,-0.4602,5
-0.735,-0.2686,6,A,22(6K),K,0.02217,4
0.5266,0.1064,5,A,22(6K),L,,
-1.05,-0.4487,5,A,22(6K),M,-1.447,3
0.04378,0.011,9,A,22(6K),N,-0.5577,4
-1.476,-0.7785,7,A,22(6K),P,-0.8305,3
-1.178,-0.5362,5,A,22(6K),Q,-0.1654,2
0.407,0.08667,4,A,22(6K),R,,
-0.9913,-0.4114,12,A,22(6K),S,0.4385,2
-0.6415,-0.2239,12,A,22(6K),T,-0.2765,4
0.1419,0.03405,14,A,22(6K),V,-0.8337,3
0.3386,0.07434,10,A,22(6K),W,-0.09769,5
0.07825,0.01934,5,A,22(6K),Y,-1.786,2
1.039,0.1693,2,L,23(6K),A,-0.5945,1
0.1085,0.02645,9,L,23(6K),C,-0.6319,4
0.4745,0.09807,4,L,23(6K),D,0.2904,3
0.1018,0.02489,7,L,23(6K),E,-0.0747,2
-0.6035,-0.2067,8,L,23(6K),F,-0.1709,4
1.602,0.2102,5,L,23(6K),G,-0.1688,3
-0.1406,-0.0385,7,L,23(6K),H,-1.112,2
0.5195,0.1053,6,L,23(6K),I,-0.1603,4
-2.047,-1.414,6,L,23(6K),K,-1.98,3
0,0,,L,23(6K),L,0,
-0.4546,-0.1448,17,L,23(6K),M,-0.3754,4
0.156,0.0372,8,L,23(6K),N,-0.975,5
-0.2275,-0.06494,27,L,23(6K),P,0.7383,2
-1.29,-0.621,7,L,23(6K),Q,-1.446,3
-2.137,-1.536,10,L,23(6K),R,-3.002,5
1.872,0.2232,7,L,23(6K),S,0.416,4
1.809,0.2204,8,L,23(6K),T,-0.4584,4
0.5104,0.1038,6,L,23(6K),V,-0.5944,2
-1.221,-0.5682,9,L,23(6K),W,0.04138,5
-1.137,-0.5074,6,L,23(6K),Y,-0.5021,4
-7.467,-7.632,9,I,24(6K),*,-8,5
0.3795,0.0818,1,I,24(6K),-,,
0.3334,0.07337,7,I,24(6K),A,-0.5638,2
0.3612,0.0785,7,I,24(6K),C,0.2702,5
-1.139,-0.5084,10,I,24(6K),D,-0.7314,5
-1.296,-0.6254,8,I,24(6K),E,-1.142,5
2.785,0.2482,4,I,24(6K),F,-0.263,2
1.612,0.2107,6,I,24(6K),G,0.7508,2
-1.722,-1.023,7,I,24(6K),H,-1.078,1
0,0,,I,24(6K),I,0,
-1.913,-1.243,6,I,24(6K),K,-1.86,3
-1.439,-0.7457,9,I,24(6K),L,-0.5975,6
-0.07087,-0.01878,5,I,24(6K),M,-0.6796,3
-1.377,-0.6922,4,I,24(6K),N,-1.011,1
-0.07358,-0.01952,8,I,24(6K),P,-0.3874,3
0.02758,0.006978,3,I,24(6K),Q,,
-2.904,-2.817,2,I,24(6K),R,-3.139,1
0.8694,0.1518,3,I,24(6K),S,-1.634,1
0.4163,0.08829,8,I,24(6K),T,0.2217,2
0.6032,0.1179,4,I,24(6K),V,,
-0.2308,-0.06599,7,I,24(6K),W,0.5828,2
-0.09329,-0.02499,6,I,24(6K),Y,-1.781,3
-0.893,-0.3529,1,P,25(6K),-,,
-0.1919,-0.05385,3,P,25(6K),A,-0.07873,1
1.987,0.2277,5,P,25(6K),C,0.7633,3
-0.5681,-0.1912,3,P,25(6K),D,0.9556,1
-2.447,-2.006,2,P,25(6K),E,,
-0.4992,-0.1625,10,P,25(6K),F,-0.9836,1
-0.05489,-0.01444,9,P,25(6K),G,-0.1309,3
1.653,0.2129,9,P,25(6K),H,-3.779,1
-0.3289,-0.09858,11,P,25(6K),I,-0.1524,8
-3.82,-4.624,2,P,25(6K),K,,
0.5956,0.1168,10,P,25(6K),L,0.0156,3
0.3096,0.06886,7,P,25(6K),M,-0.02269,3
-0.007296,-0.001877,6,P,25(6K),N,-0.6026,2
0,0,,P,25(6K),P,0,
0.4504,0.09407,9,P,25(6K),Q,-0.5941,5
0.6226,0.1206,3,P,25(6K),R,0.1594,1
0.4135,0.08779,6,P,25(6K),S,-0.1037,3
0.1102,0.02684,12,P,25(6K),T,0.06045,4
-0.4375,-0.1382,5,P,25(6K),V,-0.1314,4
0.4886,0.1004,8,P,25(6K),W,0.1959,5
-0.7939,-0.2987,7,P,25(6K),Y,-0.417,3
-7.459,-7.631,9,L,26(6K),*,-8,6
0.121,0.02932,1,L,26(6K),-,,
0.2167,0.05026,3,L,26(6K),A,,
0.3496,0.07638,8,L,26(6K),C,-0.1418,5
-3.193,-3.381,7,L,26(6K),D,-3.794,3
-1.625,-0.9214,8,L,26(6K),E,-1.427,3
-0.7946,-0.2991,2,L,26(6K),F,-0.1097,1
-0.5037,-0.1643,4,L,26(6K),G,,
-1.546,-0.8435,8,L,26(6K),H,-1.245,1
-1.274,-0.6086,4,L,26(6K),I,,
-3.693,-4.378,7,L,26(6K),K,-5.443,4
0,0,,L,26(6K),L,0,
-1.469,-0.7718,15,L,26(6K),M,-0.4654,4
-1.485,-0.787,8,L,26(6K),N,-2.472,3
-1.218,-0.5656,7,L,26(6K),P,-0.9193,2
-2.135,-1.534,7,L,26(6K),Q,-2.093,5
-5.121,-6.57,8,L,26(6K),R,-6.248,5
0.1917,0.04498,14,L,26(6K),S,-1.74,6
-1.985,-1.333,3,L,26(6K),T,-1.603,1
0.5672,0.1126,10,L,26(6K),V,0.1363,5
1.089,0.1739,9,L,26(6K),W,-0.5068,6
0.2281,0.05264,2,L,26(6K),Y,,
-1.124,-0.4981,1,A,27(6K),-,,
0,0,,A,27(6K),A,0,
-0.3551,-0.1077,6,A,27(6K),C,-0.6124,4
-2.668,-2.383,8,A,27(6K),D,-2.12,5
-1.849,-1.167,4,A,27(6K),E,-1.493,3
-0.5428,-0.1805,17,A,27(6K),F,-0.2444,9
-0.7336,-0.2679,8,A,27(6K),G,0.2921,2
0.4613,0.09589,8,A,27(6K),H,-1.191,4
1.834,0.2215,3,A,27(6K),I,-0.06445,3
-4.483,-5.768,8,A,27(6K),K,-5.793,3
0.7714,0.1403,11,A,27(6K),L,0.118,7
-0.4725,-0.1518,7,A,27(6K),M,-0.3587,4
-2.158,-1.566,9,A,27(6K),N,-2.083,3
-2.87,-2.753,4,A,27(6K),P,-3.289,2
-5.138,-6.586,1,A,27(6K),Q,,
-4.288,-5.462,10,A,27(6K),R,-5.443,6
-0.3139,-0.09338,12,A,27(6K),S,0.3629,3
0.2313,0.05331,19,A,27(6K),T,-0.5627,5
0.1872,0.044,72,A,27(6K),V,-0.2655,11
-0.6009,-0.2056,7,A,27(6K),W,-0.24,4
0.8748,0.1524,6,A,27(6K),Y,-0.1001,4
-6.584,-7.452,11,A,28(6K),*,-8,6
-0.4693,-0.1505,1,A,28(6K),-,,
0,0,,A,28(6K),A,0,
0.7094,0.1325,6,A,28(6K),C,,
-1.647,-0.9442,9,A,28(6K),D,-1.542,5
-0.6344,-0.2206,6,A,28(6K),E,-1.815,1
1.042,0.1695,5,A,28(6K),F,0.5925,3
-0.7012,-0.252,7,A,28(6K),G,-1.461,3
-1.723,-1.024,6,A,28(6K),H,-2.076,2
-1.386,-0.6991,7,A,28(6K),I,-1.06,4
-0.5519,-0.1843,4,A,28(6K),K,-0.5737,2
-0.772,-0.2874,3,A,28(6K),L,-0.09545,2
1.143,0.1786,11,A,28(6K),M,0.2541,6
-2.561,-2.197,1,A,28(6K),N,-2.469,1
-1.543,-0.8409,8,A,28(6K),P,-0.5297,3
-0.7412,-0.2717,9,A,28(6K),R,-0.5202,3
-1.061,-0.4556,12,A,28(6K),S,-0.3921,4
-0.1138,-0.03077,37,A,28(6K),T,-0.3388,6
-0.4819,-0.1555,16,A,28(6K),V,0.07446,5
-0.3218,-0.0961,6,A,28(6K),W,-0.2771,5
0.6329,0.1221,2,A,28(6K),Y,0.1403,1
0.008407,0.002146,1,L,29(6K),-,,
1.948,0.2262,3,L,29(6K),A,0.185,2
-2.164,-1.575,5,L,29(6K),C,-1.839,2
-1.96,-1.301,9,L,29(6K),D,-1.278,6
-1.787,-1.094,7,L,29(6K),E,-1.189,3
-1.109,-0.4878,2,L,29(6K),F,-0.4947,1
-0.4272,-0.1342,7,L,29(6K),G,-0.3484,5
-0.5948,-0.2029,6,L,29(6K),H,-0.6293,4
1.538,0.2066,4,L,29(6K),I,-0.5925,2
-1.885,-1.208,3,L,29(6K),K,-4.547,1
0,0,,L,29(6K),L,0,
-1.882,-1.206,7,L,29(6K),M,-1.342,3
-0.7288,-0.2655,5,L,29(6K),N,-0.6745,2
1.027,0.1681,10,L,29(6K),P,0.4641,1
0.6189,0.1201,1,L,29(6K),Q,-0.06587,1
-2.494,-2.084,8,L,29(6K),R,-2.432,5
-0.3614,-0.11,8,L,29(6K),S,-0.7245,5
0.7192,0.1337,7,L,29(6K),T,-0.3973,3
-0.3229,-0.09647,7,L,29(6K),V,0.4693,1
0.09988,0.02444,4,L,29(6K),W,-0.3688,1
-0.5718,-0.1928,6,L,29(6K),Y,-0.382,4
-7.541,-7.642,11,I,30(6K),*,-8,6
-0.3379,-0.1017,1,I,30(6K),-,,
-0.3065,-0.09087,12,I,30(6K),A,-0.759,7
3.598,0.2576,3,I,30(6K),C,-3.557,1
-1.29,-0.6205,4,I,30(6K),D,-1.156,2
-2.867,-2.747,5,I,30(6K),E,-2.125,3
0.1703,0.04034,9,I,30(6K),F,-0.6125,5
-0.01614,-0.004169,6,I,30(6K),G,-1.269,1
-0.5135,-0.1683,7,I,30(6K),H,-0.8273,2
0,0,,I,30(6K),I,0,
-2.479,-2.059,4,I,30(6K),K,-1.261,1
2.287,0.2373,9,I,30(6K),L,0.1457,1
-1.239,-0.5813,4,I,30(6K),M,0.2853,2
-1.649,-0.9461,6,I,30(6K),N,-1.409,3
-1.792,-1.101,6,I,30(6K),P,-0.7071,1
-1.694,-0.9925,7,I,30(6K),Q,-5.127,2
-2.439,-1.994,9,I,30(6K),R,-1.968,4
0.01475,0.003755,4,I,30(6K),S,0.5202,1
-0.7895,-0.2964,4,I,30(6K),T,-0.5477,2
-0.1521,-0.04188,8,I,30(6K),V,-0.775,4
-0.1218,-0.03306,9,I,30(6K),W,-0.1486,3
-0.09849,-0.02644,10,I,30(6K),Y,-0.2633,3
-0.1506,-0.04144,1,V,31(6K),-,,
-0.2681,-0.07804,18,V,31(6K),A,-0.416,7
0.5627,0.1119,7,V,31(6K),C,,
-1.112,-0.4901,6,V,31(6K),D,-0.623,1
-1.27,-0.6054,5,V,31(6K),E,-0.9992,1
0.2474,0.05659,8,V,31(6K),F,-0.6358,4
-0.4327,-0.1363,7,V,31(6K),G,-0.879,2
-0.1004,-0.02699,5,V,31(6K),H,-0.5771,2
-0.518,-0.1702,9,V,31(6K),I,-0.5728,4
-2.132,-1.53,8,V,31(6K),K,-2.031,3
1.516,0.2053,11,V,31(6K),L,-0.2312,4
-0.2176,-0.0618,15,V,31(6K),M,-0.7156,8
0.2826,0.06361,10,V,31(6K),N,-0.9739,6
-0.7285,-0.2654,8,V,31(6K),P,-0.614,5
-1.103,-0.4842,9,V,31(6K),Q,-1.001,4
-2.214,-1.646,8,V,31(6K),R,-1.9,4
0.06774,0.01682,10,V,31(6K),S,-0.8179,5
-0.4478,-0.1421,11,V,31(6K),T,-0.4799,6
0,0,,V,31(6K),V,0,
-0.9015,-0.3578,8,V,31(6K),W,-0.0586,4
0.5858,0.1153,9,V,31(6K),Y,0.4389,3
-7.449,-7.63,12,L,32(6K),*,-8,7
-0.8568,-0.3326,1,L,32(6K),-,,
0.5265,0.1064,5,L,32(6K),A,0.1897,3
0.3849,0.08277,11,L,32(6K),C,-0.0002,6
-1.578,-0.8744,6,L,32(6K),D,-1.009,4
-0.5196,-0.1708,6,L,32(6K),E,-0.8062,4
0.4476,0.09361,12,L,32(6K),F,-0.4773,9
1.034,0.1688,6,L,32(6K),G,0.2864,4
0.06624,0.01646,12,L,32(6K),H,-0.4236,8
-0.1616,-0.04469,9,L,32(6K),I,-0.1935,4
0.905,0.1557,10,L,32(6K),K,-0.3453,6
0,0,,L,32(6K),L,0,
0.854,0.1501,11,L,32(6K),M,0.4706,4
-1.708,-1.008,3,L,32(6K),N,-1.602,1
0.3598,0.07823,21,L,32(6K),P,-0.9731,2
-0.3165,-0.09427,7,L,32(6K),Q,-0.651,5
-0.9296,-0.3742,8,L,32(6K),R,0.7196,3
-0.6731,-0.2386,8,L,32(6K),S,-0.1871,5
0.1409,0.03385,8,L,32(6K),T,0.5334,4
0.3888,0.08346,12,L,32(6K),V,-0.08225,5
-0.2821,-0.08265,9,L,32(6K),W,-0.5238,5
-0.3759,-0.1152,6,L,32(6K),Y,0.07295,2
-8.413,-7.713,7,C,33(6K),*,-8,1
0.1141,0.02774,1,C,33(6K),-,,
1.024,0.1678,2,C,33(6K),A,0.3226,1
0,0,,C,33(6K),C,0,
-0.179,-0.04992,6,C,33(6K),D,-0.8837,3
0.9427,0.1597,6,C,33(6K),E,-0.5672,3
0.6567,0.1254,9,C,33(6K),F,-0.04283,5
-0.6068,-0.2082,10,C,33(6K),G,-0.9946,5
0.9522,0.1607,4,C,33(6K),H,-0.2491,1
-1.553,-0.85,11,C,33(6K),I,-1.211,5
-2.447,-2.007,2,C,33(6K),K,-2.296,1
-0.44,-0.1391,7,C,33(6K),L,-0.3953,4
-1.366,-0.6823,1,C,33(6K),M,-0.9183,1
-1.848,-1.165,9,C,33(6K),N,-0.4672,3
0.4194,0.08881,6,C,33(6K),P,-0.2116,6
-0.3518,-0.1066,5,C,33(6K),Q,-0.7487,1
-0.025,-0.006484,13,C,33(6K),R,-0.3785,7
-0.6166,-0.2126,8,C,33(6K),S,-0.4374,2
1.684,0.2145,10,C,33(6K),T,0.1248,6
2.1,0.2317,11,C,33(6K),V,0.2782,8
-0.1493,-0.04105,10,C,33(6K),W,-0.4385,4
-0.4317,-0.136,19,C,33(6K),Y,-0.05499,3
-8.172,-7.699,14,N,34(6K),*,-8,8
-0.4783,-0.1541,1,N,34(6K),-,,
0.4569,0.09517,1,N,34(6K),A,,
0.01057,0.002696,7,N,34(6K),C,0.0447,6
0.3347,0.07361,10,N,34(6K),D,-0.2477,5
0.4336,0.09125,10,N,34(6K),E,-0.5495,6
-0.3725,-0.114,11,N,34(6K),F,-0.6673,7
1.885,0.2237,3,N,34(6K),G,-0.2337,3
0.6044,0.118,14,N,34(6K),H,-0.0282,6
0.1244,0.03011,6,N,34(6K),I,-0.693,2
0.1067,0.02603,8,N,34(6K),K,-0.5259,3
-0.5024,-0.1638,10,N,34(6K),L,0.00636,5
-1.73,-1.031,7,N,34(6K),M,-2.257,3
0,0,,N,34(6K),N,0,
-0.8111,-0.3078,9,N,34(6K),P,-0.1862,2
-0.1137,-0.03076,7,N,34(6K),Q,-0.8711,3
-0.3421,-0.1032,6,N,34(6K),R,-0.7445,3
0.8398,0.1484,8,N,34(6K),S,0.7547,2
-0.4582,-0.1462,6,N,34(6K),T,-0.3612,3
-0.4883,-0.1581,5,N,34(6K),V,-0.07853,3
-0.1126,-0.03043,8,N,34(6K),W,-0.4035,6
-1.166,-0.528,8,N,34(6K),Y,-1.152,3
-7.378,-7.62,3,C,35(6K),*,,
-0.8255,-0.3155,1,C,35(6K),-,,
-0.1516,-0.04173,8,C,35(6K),A,-0.1356,3
0,0,,C,35(6K),C,0,
-0.7212,-0.2618,3,C,35(6K),D,-1.531,2
-1.421,-0.7296,4,C,35(6K),E,-1.949,2
1.27,0.1888,9,C,35(6K),F,0.5824,5
1.304,0.1914,6,C,35(6K),G,0.04264,4
2.605,0.2449,3,C,35(6K),H,,
-1.671,-0.9689,7,C,35(6K),I,-0.9909,5
-0.2308,-0.06597,6,C,35(6K),K,-1.362,1
0.1804,0.04254,11,C,35(6K),L,-0.1554,8
0.5106,0.1039,8,C,35(6K),M,-0.2252,4
1.159,0.1799,8,C,35(6K),N,0.4428,7
-0.1131,-0.03057,4,C,35(6K),P,-0.2056,2
-0.4266,-0.134,4,C,35(6K),Q,-0.6369,3
1.283,0.1898,4,C,35(6K),R,1.003,3
-0.1067,-0.02876,11,C,35(6K),S,-1.157,4
-0.2577,-0.07464,10,C,35(6K),T,-0.8285,5
1.816,0.2208,6,C,35(6K),V,0.5387,4
-0.3266,-0.09776,9,C,35(6K),W,0.1097,4
0.09084,0.02232,16,C,35(6K),Y,-1.146,5
-6.558,-7.444,8,L,36(6K),*,-8,5
-0.5544,-0.1854,3,L,36(6K),A,-0.3919,2
-0.08844,-0.02363,10,L,36(6K),C,-1.19,3
1.683,0.2145,8,L,36(6K),D,0.05469,3
-0.6,-0.2052,7,L,36(6K),E,-0.4643,7
2.006,0.2284,6,L,36(6K),F,-0.6272,3
0.5752,0.1138,9,L,36(6K),G,-0.6748,3
-0.9061,-0.3604,9,L,36(6K),H,-0.9244,4
-0.6854,-0.2444,11,L,36(6K),I,-0.36,5
1.977,0.2273,3,L,36(6K),K,-0.5989,2
0,0,,L,36(6K),L,0,
1.606,0.2104,10,L,36(6K),M,0.4462,3
-0.6821,-0.2429,7,L,36(6K),N,0.1601,4
0.6368,0.1226,22,L,36(6K),P,-1.044,4
0.5455,0.1093,6,L,36(6K),Q,-2.446,1
1.271,0.1889,6,L,36(6K),R,-1.585,1
-0.7463,-0.2743,11,L,36(6K),S,0.01805,6
-0.2792,-0.08169,8,L,36(6K),T,-0.2233,6
0.1305,0.03149,10,L,36(6K),V,-1.08,3
-1.178,-0.5361,8,L,36(6K),W,-0.8398,5
-0.4477,-0.1421,7,L,36(6K),Y,-0.3594,6
1.192,0.1827,6,R,37(6K),A,-0.8662,4
-1.334,-0.656,9,R,37(6K),C,-0.4418,6
0.989,0.1644,7,R,37(6K),D,-0.4713,5
0.3978,0.08505,6,R,37(6K),E,0.1082,3
0.02634,0.006669,15,R,37(6K),F,-0.238,9
-0.4158,-0.13,11,R,37(6K),G,-0.2686,6
-0.3093,-0.09183,13,R,37(6K),H,-0.4158,5
-0.609,-0.2092,12,R,37(6K),I,-0.7848,4
-0.2922,-0.08604,15,R,37(6K),K,-0.2219,3
1.39,0.1974,5,R,37(6K),L,-0.1632,4
0.2384,0.05476,11,R,37(6K),M,-0.5983,5
-2.506,-2.104,6,R,37(6K),N,-2.264,2
0.07774,0.01922,8,R,37(6K),P,0.05765,2
-2.65,-2.351,4,R,37(6K),Q,,
0,0,,R,37(6K),R,0,
2.487,0.2423,4,R,37(6K),S,-0.2582,2
-1.41,-0.7201,10,R,37(6K),T,-1.018,7
0.4634,0.09624,6,R,37(6K),V,-0.108,4
-0.2042,-0.05765,6,R,37(6K),W,-0.6418,3
0.01972,0.005008,9,R,37(6K),Y,-0.6798,5
-5.982,-7.212,9,L,38(6K),*,-7.822,6
-0.448,-0.1422,12,L,38(6K),A,-0.5483,4
-1.242,-0.5841,4,L,38(6K),C,-1.526,1
3.663,0.2581,8,L,38(6K),D,-1.045,5
0.2525,0.05762,10,L,38(6K),E,-0.2653,6
0.5117,0.104,10,L,38(6K),F,-0.3575,9
0.2512,0.05736,7,L,38(6K),G,0.04093,3
-0.5111,-0.1673,11,L,38(6K),H,0.0165,4
-0.5656,-0.1902,12,L,38(6K),I,0.5794,6
-0.6259,-0.2168,4,L,38(6K),K,-0.1412,2
0,0,,L,38(6K),L,0,
0.3752,0.08104,9,L,38(6K),M,0.1912,4
1.49,0.2038,13,L,38(6K),N,-0.5829,5
0.2334,0.05374,5,L,38(6K),P,-1.226,2
-1.632,-0.9284,6,L,38(6K),Q,-1.352,3
0.7268,0.1347,8,L,38(6K),R,0.4415,2
0.5879,0.1156,1,L,38(6K),S,-0.07896,1
0.6475,0.1241,6,L,38(6K),T,0.4511,4
0.00372,0.0009515,14,L,38(6K),V,0.2768,8
-0.9058,-0.3603,2,L,38(6K),W,,
0.8049,0.1444,6,L,38(6K),Y,-0.5679,3
-0.3906,-0.1206,9,L,39(6K),A,-0.7166,5
-2.018,-1.375,7,L,39(6K),C,-1.972,4
0.2045,0.04769,5,L,39(6K),D,-0.846,2
0.9579,0.1613,7,L,39(6K),E,0.3528,3
0.5482,0.1097,6,L,39(6K),F,-0.5238,3
1.871,0.2231,6,L,39(6K),G,0.3231,3
0.4873,0.1001,4,L,39(6K),H,0.02485,2
0.7294,0.135,1,L,39(6K),I,,
-1.222,-0.5687,7,L,39(6K),K,-0.3334,6
0,0,,L,39(6K),L,0,
0.5501,0.11,10,L,39(6K),M,-0.7497,4
-1.143,-0.5113,8,L,39(6K),N,-0.8535,6
0.3321,0.07312,5,L,39(6K),P,0.8003,3
1.451,0.2013,6,L,39(6K),Q,0.1927,4
-0.2087,-0.05905,7,L,39(6K),R,-0.5469,2
-0.1557,-0.04296,6,L,39(6K),S,-0.3326,4
1.207,0.184,6,L,39(6K),T,0.02805,4
-1.934,-1.269,3,L,39(6K),V,0.07871,1
0.528,0.1066,8,L,39(6K),W,-0.1598,6
-0.6026,-0.2063,11,L,39(6K),Y,-0.1376,6
-8.087,-7.693,6,P,40(6K),*,-8,3
-0.1274,-0.03467,8,P,40(6K),A,-0.3263,6
0.1388,0.03336,12,P,40(6K),C,0.28,3
-1.615,-0.9117,7,P,40(6K),D,-1.596,5
0.1423,0.03416,9,P,40(6K),E,0.644,3
-1.526,-0.8245,13,P,40(6K),F,-1.136,7
0.8816,0.1531,7,P,40(6K),G,-0.0632,4
0.09149,0.02248,11,P,40(6K),H,-0.3626,3
-0.8059,-0.3051,5,P,40(6K),I,0.3084,3
0.5183,0.1051,10,P,40(6K),K,0.1133,4
0.471,0.09749,17,P,40(6K),L,-0.8407,7
0.4304,0.09071,4,P,40(6K),M,-0.3043,2
0.5238,0.1059,8,P,40(6K),N,0.1425,1
0,0,,P,40(6K),P,0,
0.221,0.05116,8,P,40(6K),Q,-0.4826,3
0.8334,0.1477,10,P,40(6K),R,-0.6786,5
0.0854,0.02104,30,P,40(6K),S,-0.6489,8
-0.4414,-0.1397,5,P,40(6K),T,-0.9485,3
-2.307,-1.786,5,P,40(6K),V,,
-1.232,-0.576,9,P,40(6K),W,-0.6464,5
-1.384,-0.6975,9,P,40(6K),Y,-0.655,5
-8.05,-7.69,7,C,41(6K),*,-8,1
2.063,0.2304,8,C,41(6K),A,0.537,3
0,0,,C,41(6K),C,0,
-1.064,-0.458,3,C,41(6K),D,-0.5952,1
1.326,0.193,4,C,41(6K),E,-0.4052,3
-1.604,-0.9007,11,C,41(6K),F,-0.9447,5
0.0798,0.01971,8,C,41(6K),G,0.2156,4
-1.476,-0.7786,7,C,41(6K),H,-0.8198,1
-1.38,-0.6942,10,C,41(6K),I,-0.328,6
2.189,0.2345,7,C,41(6K),K,-0.1056,4
-0.4668,-0.1496,10,C,41(6K),L,-0.0003929,5
0.7581,0.1387,12,C,41(6K),M,-0.3966,6
-0.03692,-0.009629,4,C,41(6K),N,-0.0722,2
0.4056,0.08643,13,C,41(6K),P,0.2841,6
-0.4371,-0.138,7,C,41(6K),Q,0.4701,3
-0.914,-0.365,7,C,41(6K),R,-1,3
-0.7313,-0.2668,3,C,41(6K),S,0.3129,1
-1.732,-1.034,8,C,41(6K),T,-1.249,6
-0.2018,-0.05689,6,C,41(6K),V,0.6584,2
-0.9453,-0.3834,3,C,41(6K),W,,
-0.6457,-0.2258,24,C,41(6K),Y,0.1667,7
0.1288,0.03109,7,F,42(6K),A,-0.09281,4
-0.3095,-0.09187,8,F,42(6K),C,-0.1606,4
0.3845,0.08269,4,F,42(6K),D,-6.371,1
-1.68,-0.9785,2,F,42(6K),E,-1.214,2
0,0,,F,42(6K),F,0,
1.152,0.1794,8,F,42(6K),G,-0.4148,4
1.161,0.1801,5,F,42(6K),H,0.1916,2
0.0379,0.009545,6,F,42(6K),I,-0.2679,4
3.131,0.2531,4,F,42(6K),K,-0.152,3
0.3596,0.0782,12,F,42(6K),L,-0.423,1
0.003917,0.001002,3,F,42(6K),M,-0.3763,3
0.6668,0.1268,4,F,42(6K),N,,
0.436,0.09165,8,F,42(6K),P,-0.4788,6
0.1476,0.03533,11,F,42(6K),Q,0.1815,3
-0.6209,-0.2145,2,F,42(6K),R,-0.3997,2
0.09013,0.02215,7,F,42(6K),S,-0.6104,4
0.737,0.136,7,F,42(6K),T,-0.06659,1
0.5155,0.1046,12,F,42(6K),V,-0.02586,8
-1.144,-0.5119,6,F,42(6K),W,-0.8405,4
-0.2858,-0.0839,9,F,42(6K),Y,0.1562,3
-5.965,-7.203,26,C,43(6K),*,-5.619,2
-0.1264,-0.03437,1,C,43(6K),-,,
0.8931,0.1544,7,C,43(6K),A,-0.7331,3
0,0,,C,43(6K),C,0,
-0.429,-0.1349,8,C,43(6K),D,-0.1766,5
1.312,0.192,3,C,43(6K),E,0.2749,1
0.21,0.04886,10,C,43(6K),F,-0.3423,4
-1.643,-0.9397,6,C,43(6K),G,-1.175,3
-0.3712,-0.1135,5,C,43(6K),H,,
-0.07748,-0.0206,10,C,43(6K),I,-0.2578,8
0.5605,0.1116,5,C,43(6K),K,-0.4582,2
0.07426,0.01839,11,C,43(6K),L,-0.4234,6
-1.388,-0.7012,5,C,43(6K),M,-0.4613,3
-0.6088,-0.2091,10,C,43(6K),N,-0.261,4
-0.144,-0.03951,12,C,43(6K),P,-0.03738,3
-0.7391,-0.2706,11,C,43(6K),Q,0.4372,5
0.2773,0.06257,13,C,43(6K),R,0.1717,5
-0.03218,-0.008373,9,C,43(6K),S,-0.09474,6
-0.9258,-0.3719,8,C,43(6K),T,-0.399,4
-1.251,-0.5907,7,C,43(6K),V,-0.6328,4
-0.9601,-0.3923,5,C,43(6K),W,-0.948,3
0.4375,0.09191,61,C,43(6K),Y,-0.06695,10
-0.3957,-0.1225,9,K,44(6K),A,0.2609,5
-0.5659,-0.1903,14,K,44(6K),C,0.6727,5
-0.8399,-0.3233,8,K,44(6K),D,0.06411,5
1.29,0.1903,4,K,44(6K),E,-0.2756,1
-1.095,-0.4785,10,K,44(6K),F,0.2151,3
-0.495,-0.1608,10,K,44(6K),G,-0.2179,6
-0.3147,-0.09367,9,K,44(6K),H,-1.474,5
-0.5363,-0.1778,19,K,44(6K),I,-0.00195,12
0,0,,K,44(6K),K,0,
0.424,0.08961,10,K,44(6K),L,0.5465,3
-0.04221,-0.01104,3,K,44(6K),M,-0.1478,1
0.756,0.1384,11,K,44(6K),N,-0.6342,2
-0.7212,-0.2618,7,K,44(6K),P,-0.5278,2
-0.5361,-0.1777,6,K,44(6K),Q,,
6.024,0.2644,6,K,44(6K),R,0.2889,3
-0.4007,-0.1243,16,K,44(6K),S,-0.331,7
-0.2928,-0.08622,5,K,44(6K),T,0.4274,4
0.2218,0.05132,14,K,44(6K),V,-0.5057,7
-1.557,-0.8546,8,K,44(6K),W,-1.044,1
1.917,0.225,8,K,44(6K),Y,0.08353,7
-0.4748,-0.1527,1,T,45(6K),-,,
-0.7611,-0.2818,13,T,45(6K),A,-0.8684,8
0.7777,0.1411,4,T,45(6K),C,-0.3269,2
1.618,0.2111,7,T,45(6K),D,-0.6554,2
0.01727,0.004393,12,T,45(6K),E,0.1694,6
0.3559,0.07753,10,T,45(6K),F,-0.3817,8
-0.5939,-0.2025,8,T,45(6K),G,-1.767,4
-1.175,-0.5341,6,T,45(6K),H,-0.9747,4
-0.5685,-0.1914,8,T,45(6K),I,0.2659,1
2.41,0.2405,7,T,45(6K),K,0.1227,3
-0.5621,-0.1887,3,T,45(6K),L,-1.768,1
2.548,0.2437,10,T,45(6K),M,-0.6516,4
-1.298,-0.6272,8,T,45(6K),N,-0.3273,3
-1.108,-0.4871,6,T,45(6K),P,-0.5875,4
-0.04983,-0.01307,5,T,45(6K),Q,-1.277,2
3.041,0.252,9,T,45(6K),R,0.6755,6
1.464,0.2022,9,T,45(6K),S,-0.2343,2
0,0,,T,45(6K),T,0,
0.4016,0.08571,9,T,45(6K),V,0.2853,6
-0.9143,-0.3652,7,T,45(6K),W,0.0766,5
-0.5501,-0.1836,10,T,45(6K),Y,-0.3491,5
-1.677,-0.9754,2,L,46(6K),-,,
-0.1555,-0.0429,10,L,46(6K),A,0.07231,5
0.3774,0.08143,7,L,46(6K),C,0.4945,3
-1.984,-1.333,9,L,46(6K),D,-1.895,5
-1.038,-0.4406,4,L,46(6K),E,-1.085,3
-0.00228,-0.0005853,16,L,46(6K),F,-0.2172,10
-0.5472,-0.1823,19,L,46(6K),G,-0.4983,12
2.818,0.2487,7,L,46(6K),H,-0.2132,3
-0.633,-0.22,9,L,46(6K),I,0.119,2
-1.04,-0.4421,9,L,46(6K),K,-0.7007,3
0,0,,L,46(6K),L,0,
-0.3295,-0.09875,10,L,46(6K),M,-0.1712,2
-0.9679,-0.3971,10,L,46(6K),N,-0.7845,4
-1.243,-0.5846,23,L,46(6K),P,-0.6846,6
0.1867,0.0439,4,L,46(6K),Q,0.1371,2
-1.342,-0.663,9,L,46(6K),R,-0.4666,4
0.5069,0.1033,11,L,46(6K),S,0.0264,6
0.1358,0.03269,10,L,46(6K),T,0.1233,4
0.03572,0.009005,4,L,46(6K),V,-0.16,1
1.458,0.2018,4,L,46(6K),W,-1.76,2
2.413,0.2406,6,L,46(6K),Y,,
-0.4932,-0.16,1,T,47(6K),-,,
0.2307,0.05317,10,T,47(6K),A,-0.4894,7
-1.549,-0.8465,8,T,47(6K),C,-1.062,7
-1.319,-0.6439,7,T,47(6K),D,0.8473,2
-0.5282,-0.1744,10,T,47(6K),E,-0.5887,4
1.288,0.1902,7,T,47(6K),F,0.08516,3
-0.7464,-0.2743,10,T,47(6K),G,0.5126,3
-1.232,-0.576,6,T,47(6K),H,-1.22,2
0.5234,0.1059,12,T,47(6K),I,-0.506,4
-0.6628,-0.2338,10,T,47(6K),K,-0.3445,5
-0.4872,-0.1576,6,T,47(6K),L,-0.3657,5
-0.5617,-0.1885,7,T,47(6K),M,-0.215,3
0.01101,0.002806,5,T,47(6K),N,0.5026,1
-1.316,-0.6419,9,T,47(6K),P,-0.3239,3
0.8215,0.1463,6,T,47(6K),Q,-1.673,1
-0.8392,-0.3229,5,T,47(6K),R,0.1871,1
0.1529,0.03651,9,T,47(6K),S,-0.6277,3
0,0,,T,47(6K),T,0,
-0.7178,-0.2601,5,T,47(6K),V,-0.7637,2
-0.0167,-0.004314,8,T,47(6K),W,-0.3113,4
-0.1031,-0.02775,9,T,47(6K),Y,-0.7963,5
-1.591,-0.8871,1,F,48(6K),-,,
0.5849,0.1152,4,F,48(6K),A,0.3751,2
2.061,0.2303,7,F,48(6K),C,0.05052,3
-3.885,-4.747,11,F,48(6K),D,-5.023,7
-2.645,-2.341,9,F,48(6K),E,-2.788,2
0,0,,F,48(6K),F,0,
-1.625,-0.9216,6,F,48(6K),G,-0.03795,2
-1.864,-1.184,6,F,48(6K),H,-1.387,2
-0.3049,-0.09033,9,F,48(6K),I,-0.7702,6
-2.03,-1.392,5,F,48(6K),K,-2.24,2
0.5683,0.1127,7,F,48(6K),L,,
-0.8823,-0.3468,3,F,48(6K),M,-0.199,2
-2.539,-2.16,6,F,48(6K),N,-2.064,3
-1.461,-0.7646,7,F,48(6K),P,-0.5904,6
-1.104,-0.4846,7,F,48(6K),Q,-0.6111,4
-1.003,-0.4184,10,F,48(6K),R,-0.6944,2
-0.5719,-0.1929,9,F,48(6K),S,-1.018,4
0.7285,0.1349,7,F,48(6K),T,-0.09695,4
0.839,0.1483,9,F,48(6K),V,0.2913,3
-0.9562,-0.39,7,F,48(6K),W,-0.686,6
0.9679,0.1623,4,F,48(6K),Y,,
-0.7376,-0.2699,8,L,49(6K),A,-0.2235,5
0.07131,0.01768,5,L,49(6K),C,-1.591,1
-5.238,-6.683,8,L,49(6K),D,-6.567,3
-3.996,-4.954,15,L,49(6K),E,-5.405,5
0.5118,0.1041,8,L,49(6K),F,0.4019,3
-0.03239,-0.00843,8,L,49(6K),G,-0.3513,6
-2.001,-1.354,8,L,49(6K),H,-1.459,3
0.3604,0.07835,5,L,49(6K),I,-1.574,2
-4.895,-6.321,9,L,49(6K),K,-6.347,5
0,0,,L,49(6K),L,0,
-0.74,-0.2711,10,L,49(6K),M,-0.4212,2
-2.122,-1.516,5,L,49(6K),N,,
-3.347,-3.688,10,L,49(6K),P,-3.6,7
-1.988,-1.337,5,L,49(6K),Q,-1.862,3
-6.25,-7.335,6,L,49(6K),R,-8,3
-0.2601,-0.07542,7,L,49(6K),S,-0.4645,2
1.671,0.2139,6,L,49(6K),T,-0.3922,1
0.3805,0.08199,7,L,49(6K),V,0.3361,3
-1.07,-0.4616,7,L,49(6K),W,-0.5837,4
-0.4937,-0.1603,5,L,49(6K),Y,-1.432,2
0,0,,A,50(6K),A,0,
0.5766,0.114,8,A,50(6K),C,-0.4066,4
-3.66,-4.314,14,A,50(6K),D,-4.175,6
-0.3531,-0.1071,11,A,50(6K),E,-0.8549,6
-0.2567,-0.07429,11,A,50(6K),F,-1.032,6
1.003,0.1657,11,A,50(6K),G,-0.07224,7
-0.1048,-0.02821,5,A,50(6K),H,,
-0.6012,-0.2057,9,A,50(6K),I,-0.8288,4
-3.276,-3.546,10,A,50(6K),K,-3.94,7
-0.2739,-0.07994,13,A,50(6K),L,-0.3795,8
0.4365,0.09173,9,A,50(6K),M,-0.7335,4
-1.651,-0.9481,9,A,50(6K),N,-0.9552,5
-4.496,-5.788,7,A,50(6K),P,-5.155,2
-1.46,-0.7642,9,A,50(6K),Q,-0.06949,5
-3.152,-3.3,5,A,50(6K),R,-3.744,3
-0.2595,-0.0752,7,A,50(6K),S,-0.7929,2
0.2359,0.05424,18,A,50(6K),T,-0.105,4
-0.2261,-0.0645,38,A,50(6K),V,-0.5684,11
0.1878,0.04415,6,A,50(6K),W,-0.1885,3
0.2551,0.05814,10,A,50(6K),Y,0.0694,7
0.1465,0.03508,22,V,51(6K),A,-1.13,7
0.7529,0.138,6,V,51(6K),C,-0.6607,1
-7.215,-7.595,8,V,51(6K),D,-8,4
-3.339,-3.673,14,V,51(6K),E,-4.04,8
3.136,0.2532,2,V,51(6K),F,,
-1.527,-0.8256,11,V,51(6K),G,-0.8526,7
-2.526,-2.137,5,V,51(6K),H,-3.006,2
-1.752,-1.056,5,V,51(6K),I,-1.605,1
-7.47,-7.633,11,V,51(6K),K,-8,6
0.06997,0.01736,25,V,51(6K),L,-0.1192,12
-0.5773,-0.1952,35,V,51(6K),M,-1.172,6
-4.466,-5.743,4,V,51(6K),N,-5.967,2
-2.981,-2.964,8,V,51(6K),P,-3.573,5
-2.118,-1.51,5,V,51(6K),Q,-1.498,2
-6.875,-7.529,11,V,51(6K),R,-8,3
-2.49,-2.077,8,V,51(6K),S,-1.116,2
0.246,0.05631,8,V,51(6K),T,-0.4763,5
0,0,,V,51(6K),V,0,
1.122,0.1768,7,V,51(6K),W,0.1908,2
-0.3794,-0.1165,3,V,51(6K),Y,0.1229,1
1.751,0.2178,1,M,52(6K),-,,
-1.512,-0.812,6,M,52(6K),A,-1.516,2
-0.2648,-0.07694,10,M,52(6K),C,-0.3008,5
-7.507,-7.637,9,M,52(6K),D,-8,3
-5.188,-6.636,5,M,52(6K),E,-6.966,2
-0.5911,-0.2012,10,M,52(6K),F,-1.152,6
-1.279,-0.6122,5,M,52(6K),G,-0.9885,3
-2.082,-1.461,8,M,52(6K),H,-1.707,4
0.6564,0.1254,17,M,52(6K),I,-0.5014,4
-6.904,-7.535,9,M,52(6K),K,-8,4
-1.206,-0.5565,9,M,52(6K),L,-1.056,3
0,0,,M,52(6K),M,0,
-2.829,-2.677,11,M,52(6K),N,-3.59,5
-3.019,-3.037,1,M,52(6K),P,-3.282,1
-1.792,-1.1,11,M,52(6K),Q,-1.061,7
-6.771,-7.504,6,M,52(6K),R,-8,3
-1.261,-0.5982,5,M,52(6K),S,-0.6289,2
1.127,0.1773,4,M,52(6K),T,0.0649,2
-0.04071,-0.01064,31,M,52(6K),V,-0.07136,10
-0.1635,-0.04526,6,M,52(6K),W,0.02322,3
-0.9601,-0.3923,7,M,52(6K),Y,-1.439,2
0.9734,0.1628,1,S,53(6K),-,,
0.4366,0.09175,5,S,53(6K),A,-1.161,4
2.493,0.2425,6,S,53(6K),C,0.45,3
-0.6085,-0.2089,6,S,53(6K),D,-0.5806,6
1.151,0.1793,10,S,53(6K),E,0.4073,5
0.01089,0.002777,11,S,53(6K),F,-0.07991,4
0.1061,0.02589,6,S,53(6K),G,0.4488,4
2.069,0.2306,7,S,53(6K),H,-0.4526,1
-1.269,-0.6042,11,S,53(6K),I,-0.8844,6
1.159,0.18,4,S,53(6K),K,0.1326,2
-0.9871,-0.4088,9,S,53(6K),L,0.01342,2
-1.661,-0.9588,4,S,53(6K),M,-1.007,2
0.7009,0.1313,9,S,53(6K),N,-0.4797,6
-0.2225,-0.06336,9,S,53(6K),P,-0.6649,5
-0.2272,-0.06483,8,S,53(6K),Q,-0.3634,4
-1.031,-0.4362,9,S,53(6K),R,-0.3893,3
0,0,,S,53(6K),S,0,
-0.7662,-0.2844,5,S,53(6K),T,-0.5815,3
0.6594,0.1258,3,S,53(6K),V,,
0.4273,0.09018,3,S,53(6K),W,0.3205,1
-0.6165,-0.2125,7,S,53(6K),Y,-0.5431,5
0.3542,0.07722,1,V,54(6K),-,,
-1.096,-0.4794,16,V,54(6K),A,-0.3745,2
1.149,0.1791,7,V,54(6K),C,0.2678,5
-0.1247,-0.03391,13,V,54(6K),D,-1.04,7
0.1036,0.0253,4,V,54(6K),E,-0.3168,2
-1.227,-0.5722,10,V,54(6K),F,-0.7856,5
0.7128,0.1329,8,V,54(6K),G,0.04912,2
-0.4395,-0.139,6,V,54(6K),H,0.2348,3
-0.9387,-0.3795,9,V,54(6K),I,-0.06344,5
-1.963,-1.306,4,V,54(6K),K,-1.073,3
-1.295,-0.6247,14,V,54(6K),L,-1.459,6
0.5769,0.114,15,V,54(6K),M,-1.12,4
-0.5865,-0.1992,5,V,54(6K),N,-0.4199,3
-0.7841,-0.2936,14,V,54(6K),P,-0.6178,12
-0.5043,-0.1646,7,V,54(6K),Q,-0.00865,2
-2.343,-1.841,7,V,54(6K),R,-1.486,3
1.9,0.2243,7,V,54(6K),S,0.4049,5
-0.7053,-0.254,9,V,54(6K),T,-0.719,3
0,0,,V,54(6K),V,0,
-0.4543,-0.1447,6,V,54(6K),W,0.1824,3
-0.8012,-0.3026,8,V,54(6K),Y,-0.8217,2
-4.614,-5.958,1,G,55(6K),*,,
-0.07069,-0.01873,1,G,55(6K),-,,
1.229,0.1856,7,G,55(6K),A,-0.06807,4
-0.3338,-0.1003,7,G,55(6K),C,0.07909,2
-0.4857,-0.157,5,G,55(6K),D,-1.176,2
0.1647,0.03913,11,G,55(6K),E,-1.081,2
0.3641,0.07903,11,G,55(6K),F,-0.3901,6
0,0,,G,55(6K),G,0,
0.7248,0.1344,8,G,55(6K),H,-1.245,4
0.05317,0.0133,4,G,55(6K),I,-0.1955,2
0.878,0.1527,8,G,55(6K),K,-0.6419,3
-0.2877,-0.08451,11,G,55(6K),L,0.1359,7
-1.459,-0.7635,3,G,55(6K),M,-0.9948,2
2.4,0.2403,5,G,55(6K),N,0.1447,2
-0.7453,-0.2738,8,G,55(6K),P,-0.2182,4
-1.521,-0.8198,4,G,55(6K),Q,0.1841,1
-0.7721,-0.2874,21,G,55(6K),R,-0.8465,5
0.9738,0.1629,9,G,55(6K),S,-0.3627,5
-0.9864,-0.4084,11,G,55(6K),T,-1.552,6
-0.5079,-0.166,16,G,55(6K),V,-0.1333,8
0.5636,0.112,4,G,55(6K),W,-0.2372,1
1.046,0.1699,9,G,55(6K),Y,-0.2376,4
-0.8411,-0.324,1,A,56(6K),-,,
0,0,,A,56(6K),A,0,
2.186,0.2344,3,A,56(6K),C,,
0.1668,0.03958,10,A,56(6K),D,-0.4756,3
2.164,0.2337,2,A,56(6K),E,0.352,2
-0.06897,-0.01826,5,A,56(6K),F,0.3332,2
-2.052,-1.421,6,A,56(6K),G,-1.552,5
0.4182,0.08861,10,A,56(6K),H,-0.02152,6
1.856,0.2225,10,A,56(6K),I,-0.7399,4
0.6418,0.1233,4,A,56(6K),K,0.5659,1
-1.175,-0.5341,7,A,56(6K),L,-0.7857,5
0.9034,0.1555,3,A,56(6K),M,-0.2754,1
0.3109,0.06911,9,A,56(6K),N,-0.7761,5
2.172,0.234,8,A,56(6K),P,-0.2449,2
-0.8438,-0.3254,7,A,56(6K),Q,-0.9452,3
-1.035,-0.4391,4,A,56(6K),R,-0.9744,2
-0.4374,-0.1381,18,A,56(6K),S,-0.5254,4
0.1714,0.04059,21,A,56(6K),T,-0.1625,2
1.147,0.1789,16,A,56(6K),V,-0.3872,5
-0.2609,-0.07567,5,A,56(6K),W,0.02287,2
-1.328,-0.6516,7,A,56(6K),Y,-0.9321,4
0.8622,0.151,1,H,57(6K),-,,
-0.6655,-0.235,12,H,57(6K),A,-0.2521,5
-0.2801,-0.08198,9,H,57(6K),C,-0.1342,6
-1.479,-0.7816,5,H,57(6K),D,-1.578,2
-1.184,-0.5404,7,H,57(6K),E,-0.4776,4
1.077,0.1728,7,H,57(6K),F,-1.466,2
-0.9986,-0.4159,7,H,57(6K),G,-0.02755,2
0,0,,H,57(6K),H,0,
-0.4683,-0.1501,4,H,57(6K),I,-1.101,1
-2.452,-2.014,6,H,57(6K),K,-2.301,3
-0.2731,-0.07966,7,H,57(6K),L,-0.04335,3
-0.1754,-0.04884,7,H,57(6K),M,0.1217,5
0.2444,0.05599,5,H,57(6K),N,0.0645,4
1.003,0.1658,7,H,57(6K),P,-1.081,4
0.7722,0.1404,5,H,57(6K),Q,-1.229,3
-1.433,-0.7397,3,H,57(6K),R,-1.01,2
1.594,0.2098,8,H,57(6K),S,-0.0187,4
-0.238,-0.06828,3,H,57(6K),T,-1.35,1
0.1125,0.02738,6,H,57(6K),V,-1.512,2
-1.435,-0.7421,3,H,57(6K),W,-0.9738,2
-0.1442,-0.03957,9,H,57(6K),Y,-0.05739,3
0.08744,0.02152,1,T,58(6K),-,,
0.768,0.1399,7,T,58(6K),A,-0.6667,3
0.3406,0.0747,9,T,58(6K),C,-0.7861,5
-0.129,-0.03513,9,T,58(6K),D,-0.3302,4
0.2844,0.06398,6,T,58(6K),E,-0.4803,1
-1.243,-0.5846,11,T,58(6K),F,-1.136,5
-0.8363,-0.3214,10,T,58(6K),G,-1.161,4
4.275,0.2613,4,T,58(6K),H,-0.5099,2
1.162,0.1802,20,T,58(6K),I,-0.3623,5
-0.4008,-0.1243,4,T,58(6K),K,-0.4666,2
-0.4302,-0.1354,11,T,58(6K),L,0.5208,6
0.7652,0.1395,3,T,58(6K),M,0.2694,2
1.633,0.2119,6,T,58(6K),N,-0.9549,2
0.4238,0.08956,8,T,58(6K),P,-0.169,6
1.295,0.1907,6,T,58(6K),Q,-0.4948,4
-0.5927,-0.2019,6,T,58(6K),R,0.316,3
-0.03004,-0.00781,9,T,58(6K),S,-0.5816,4
0,0,,T,58(6K),T,0,
-0.2684,-0.07812,14,T,58(6K),V,-0.6491,7
-1.22,-0.5669,2,T,58(6K),W,,
2.868,0.2495,5,T,58(6K),Y,-0.9771,2
-0.4753,-0.1529,1,V,59(6K),-,,
2.333,0.2386,15,V,59(6K),A,0.08345,7
0.5734,0.1135,9,V,59(6K),C,0.2485,4
-3.991,-4.944,13,V,59(6K),D,-4.872,9
-3.746,-4.482,9,V,59(6K),E,-4.7,4
-4.162,-5.249,14,V,59(6K),F,-5.194,6
0.3267,0.0721,5,V,59(6K),G,-0.9382,2
-3.377,-3.749,6,V,59(6K),H,-4.249,3
-0.1925,-0.05404,5,V,59(6K),I,0.008892,3
-3.648,-4.289,7,V,59(6K),K,-4.423,4
-1.983,-1.331,17,V,59(6K),L,-1.191,4
-2.536,-2.154,28,V,59(6K),M,-1.417,6
-0.7463,-0.2743,5,V,59(6K),N,-0.8294,4
-0.7818,-0.2924,9,V,59(6K),P,-0.4574,4
-3.677,-4.348,6,V,59(6K),Q,-4.74,5
-3.484,-3.965,5,V,59(6K),R,-4.395,4
1.372,0.1961,1,V,59(6K),S,,
0.3456,0.07562,14,V,59(6K),T,-0.8697,6
0,0,,V,59(6K),V,0,
-5.777,-7.097,5,V,59(6K),W,-5.224,2
-3.939,-4.848,7,V,59(6K),Y,-5.147,5
-0.8313,-0.3186,1,S,60(6K),-,,
-0.3902,-0.1204,10,S,60(6K),A,-0.7077,4
-0.6535,-0.2294,6,S,60(6K),C,-1.956,1
2.252,0.2364,6,S,60(6K),D,-0.005879,1
-0.3375,-0.1016,4,S,60(6K),E,-0.3402,3
3.148,0.2533,9,S,60(6K),F,-0.3933,1
-0.9651,-0.3953,3,S,60(6K),G,-0.3182,2
-0.5753,-0.1944,4,S,60(6K),H,-0.5506,2
0.8419,0.1487,3,S,60(6K),I,-1.456,1
1.276,0.1893,3,S,60(6K),K,0.2909,3
-0.8024,-0.3032,5,S,60(6K),L,-1.074,3
1.275,0.1892,9,S,60(6K),M,0.3715,4
0.5291,0.1068,3,S,60(6K),N,-0.973,1
-1.644,-0.9409,20,S,60(6K),P,-0.9133,8
-1.793,-1.102,6,S,60(6K),Q,-0.937,4
-3.04,-3.079,7,S,60(6K),R,-2.264,2
0,0,,S,60(6K),S,0,
-0.6382,-0.2224,6,S,60(6K),T,-0.3168,3
-0.8536,-0.3308,9,S,60(6K),V,-1.005,5
-1.561,-0.8582,2,S,60(6K),W,-1.12,2
-0.958,-0.3911,10,S,60(6K),Y,-0.332,4
-0.8978,-0.3557,1,A,61(6K),-,,
0,0,,A,61(6K),A,0,
0.5897,0.1159,3,A,61(6K),C,,
-6.07,-7.255,9,A,61(6K),D,-8,5
-5.792,-7.106,8,A,61(6K),E,-7.583,4
-7.038,-7.563,11,A,61(6K),F,-8,5
0.06008,0.01498,6,A,61(6K),G,-0.4312,1
-2.105,-1.492,7,A,61(6K),H,-1.714,2
-6.119,-7.278,8,A,61(6K),I,-8,5
-7.342,-7.615,6,A,61(6K),K,-8,3
-3.266,-3.527,4,A,61(6K),L,-3.82,1
-2.649,-2.35,6,A,61(6K),M,-2.747,1
-2.631,-2.317,6,A,61(6K),N,-2.526,2
1.304,0.1914,6,A,61(6K),P,0.09964,3
-7.238,-7.599,5,A,61(6K),Q,-8,3
-5.755,-7.083,7,A,61(6K),R,-8,3
0.2487,0.05685,10,A,61(6K),S,-0.1483,1
0.3439,0.07532,22,A,61(6K),T,-0.409,6
-4.672,-6.037,47,A,61(6K),V,-6.252,6
-6.704,-7.486,4,A,61(6K),W,-8,1
-6.624,-7.464,8,A,61(6K),Y,-8,2
-8.254,-7.704,12,Y,1(E1),*,-7.791,1
-1.776,-1.083,7,Y,1(E1),A,-1.355,5
-2.573,-2.217,9,Y,1(E1),C,-1.666,3
-2.284,-1.75,13,Y,1(E1),D,-1.822,7
-1.842,-1.158,8,Y,1(E1),E,-1.557,3
1.695,0.2151,9,Y,1(E1),F,0.4461,4
-2.014,-1.37,8,Y,1(E1),G,-1.484,4
-0.8843,-0.348,18,Y,1(E1),H,0.2822,4
-0.9281,-0.3733,5,Y,1(E1),I,-0.1894,4
-0.9741,-0.4008,3,Y,1(E1),K,-1.118,3
-2.046,-1.412,6,Y,1(E1),L,,
-0.7545,-0.2784,13,Y,1(E1),M,-0.9038,6
-2.473,-2.048,14,Y,1(E1),N,-2.525,4
-3.951,-4.871,11,Y,1(E1),P,-4.786,4
-1.759,-1.063,8,Y,1(E1),Q,-1.334,2
-1.934,-1.269,4,Y,1(E1),R,-0.1477,1
-2.372,-1.886,6,Y,1(E1),S,-2.004,3
4.753,0.2627,5,Y,1(E1),T,-0.4741,3
-1.505,-0.8052,8,Y,1(E1),V,0.03523,5
1.004,0.1659,3,Y,1(E1),W,-1.115,1
0,0,,Y,1(E1),Y,0,
-7.736,-7.663,4,E,2(E1),*,-8,1
-4.057,-5.064,3,E,2(E1),A,,
-5.63,-7.001,8,E,2(E1),C,-7.287,2
0.2497,0.05706,8,E,2(E1),D,0.4105,1
0,0,,E,2(E1),E,0,
-6.235,-7.329,5,E,2(E1),F,-8,3
-6.299,-7.354,7,E,2(E1),G,-7.255,2
-7.496,-7.636,7,E,2(E1),H,-8,5
-5.418,-6.841,5,E,2(E1),I,,
-7.332,-7.614,7,E,2(E1),K,-8,5
-7.403,-7.624,7,E,2(E1),L,-8,4
-7.277,-7.605,4,E,2(E1),M,-8,3
-4.604,-5.944,8,E,2(E1),N,-5.512,4
-7.372,-7.619,5,E,2(E1),P,-8,4
-7.349,-7.616,6,E,2(E1),Q,-8,4
-7.212,-7.595,5,E,2(E1),R,-8,3
-4.536,-5.846,6,E,2(E1),S,-6.184,3
-6.605,-7.458,8,E,2(E1),T,-8,4
-5.939,-7.189,4,E,2(E1),V,-8,3
-5.473,-6.885,9,E,2(E1),W,-7.164,3
-4.273,-5.437,7,E,2(E1),Y,-5.712,1
-7.548,-7.643,6,H,3(E1),A,-8,4
-7.517,-7.639,7,H,3(E1),C,-8,3
-6.335,-7.368,1,H,3(E1),D,-8,1
-6.107,-7.273,6,H,3(E1),E,-7.569,3
-6.039,-7.24,8,H,3(E1),F,-7.927,3
-7.125,-7.58,5,H,3(E1),G,-8,2
0,0,,H,3(E1),H,0,
-4.555,-5.873,1,H,3(E1),I,,
-3.897,-4.769,5,H,3(E1),K,-5.013,2
-6.105,-7.272,11,H,3(E1),L,-8,7
-5.502,-6.908,6,H,3(E1),M,-7.269,4
-7.416,-7.626,12,H,3(E1),N,-7.384,6
-7.488,-7.635,9,H,3(E1),P,-8,5
-3.958,-4.884,11,H,3(E1),Q,-4.904,4
-3.435,-3.865,12,H,3(E1),R,-4.007,3
-4.144,-5.217,8,H,3(E1),S,-5.4,5
-5.504,-6.909,5,H,3(E1),T,-6.988,1
-5.391,-6.819,7,H,3(E1),V,-8,1
-3.48,-3.955,9,H,3(E1),W,-3.355,3
-3.365,-3.726,17,H,3(E1),Y,-3.766,5
0.17,0.04028,1,V,4(E1),-,,
0.4536,0.09462,10,V,4(E1),A,-0.5075,2
-4.711,-6.089,7,V,4(E1),C,-5.056,2
-2.572,-2.215,5,V,4(E1),D,-1.881,3
1.02,0.1674,10,V,4(E1),E,-0.6825,3
0.8142,0.1455,9,V,4(E1),F,-0.4545,2
-1.12,-0.4953,12,V,4(E1),G,0.07417,7
-4.068,-5.084,8,V,4(E1),H,-5.049,3
-1.163,-0.5259,4,V,4(E1),I,,
-7.185,-7.59,7,V,4(E1),K,-8,5
-0.8692,-0.3395,10,V,4(E1),L,-0.4685,3
0.1473,0.03528,10,V,4(E1),M,0.8003,3
3.851,0.2593,11,V,4(E1),N,-0.1028,9
-1.247,-0.5873,3,V,4(E1),P,0.8318,1
-0.2713,-0.07907,2,V,4(E1),Q,-0.3135,2
-7.306,-7.61,6,V,4(E1),R,-8,2
0.1836,0.04324,5,V,4(E1),S,-1.13,1
0.1271,0.03072,5,V,4(E1),T,0.006037,5
0,0,,V,4(E1),V,0,
3.842,0.2592,6,V,4(E1),W,-0.4145,2
1.591,0.2097,6,V,4(E1),Y,0.59,3
0.2702,0.06117,10,T,5(E1),A,0.09369,4
-1.58,-0.8766,5,T,5(E1),C,-1.225,4
-1.521,-0.8203,8,T,5(E1),D,-1.684,6
-2.1,-1.485,6,T,5(E1),E,-1.631,4
-0.5914,-0.2014,9,T,5(E1),F,-0.4625,8
-1.262,-0.599,6,T,5(E1),G,-0.1704,4
-1.371,-0.687,5,T,5(E1),H,-1.924,1
-1.282,-0.6143,13,T,5(E1),I,-1.206,3
-3.667,-4.327,5,T,5(E1),K,-4.717,1
-1.387,-0.7002,9,T,5(E1),L,-1.159,3
-1.126,-0.4994,9,T,5(E1),M,-0.4012,6
-2.02,-1.378,8,T,5(E1),N,-2.13,3
-3.626,-4.246,11,T,5(E1),P,-4.496,3
-0.7352,-0.2687,4,T,5(E1),Q,-0.4102,2
-3.799,-4.584,6,T,5(E1),R,-5.047,3
-0.6229,-0.2154,4,T,5(E1),S,-0.1356,2
0,0,,T,5(E1),T,0,
1.157,0.1798,3,T,5(E1),V,-0.335,2
-3.223,-3.441,2,T,5(E1),W,-3.644,1
-3.246,-3.486,3,T,5(E1),Y,-2.98,1
0.7397,0.1363,14,V,6(E1),A,-0.3564,6
-6.131,-7.284,11,V,6(E1),C,-8,8
-1.364,-0.6807,7,V,6(E1),D,-0.9784,3
-2.139,-1.539,6,V,6(E1),E,-0.9362,2
-0.4362,-0.1377,9,V,6(E1),F,-0.3326,3
-1.647,-0.9438,7,V,6(E1),G,-0.8379,4
-1.175,-0.5339,5,V,6(E1),H,0.3737,3
2.623,0.2452,8,V,6(E1),I,0.2677,3
-5.728,-7.066,6,V,6(E1),K,-8,5
-1.272,-0.607,12,V,6(E1),L,0.012,2
0.4308,0.09076,17,V,6(E1),M,-1.351,6
2.177,0.2341,8,V,6(E1),N,0.4382,6
-2.452,-2.014,6,V,6(E1),P,-2.111,2
-1.366,-0.6828,15,V,6(E1),Q,-0.4152,10
-7.265,-7.603,6,V,6(E1),R,-8,3
2.846,0.2492,6,V,6(E1),S,0.4841,3
-1.52,-0.8189,5,V,6(E1),T,-1.7,1
0,0,,V,6(E1),V,0,
-0.5493,-0.1832,8,V,6(E1),W,0.1814,5
-0.05278,-0.01387,6,V,6(E1),Y,0.4785,3
-2.083,-1.463,3,I,7(E1),A,-1.666,2
-2.283,-1.749,5,I,7(E1),C,-2.521,2
-6.917,-7.538,8,I,7(E1),D,-8,4
-7.108,-7.577,5,I,7(E1),E,-8,2
1.138,0.1782,9,I,7(E1),F,0.3423,4
-3.555,-4.105,5,I,7(E1),G,-3.667,2
-1.815,-1.127,9,I,7(E1),H,-1.141,3
0,0,,I,7(E1),I,0,
-5.893,-7.164,5,I,7(E1),K,-8,3
-0.2103,-0.05955,14,I,7(E1),L,-0.4304,5
-0.1316,-0.03589,3,I,7(E1),M,-2.998,1
-3.66,-4.314,7,I,7(E1),N,-4.578,4
-5.57,-6.958,11,I,7(E1),P,-8,7
-2.241,-1.686,4,I,7(E1),Q,-1.964,2
-5.336,-6.772,6,I,7(E1),R,-6.361,1
-3.794,-4.574,7,I,7(E1),S,-4.405,2
-2.23,-1.67,9,I,7(E1),T,-1.707,6
0.6007,0.1175,9,I,7(E1),V,-0.6662,4
-2.503,-2.098,6,I,7(E1),W,-2.655,2
-3.223,-3.441,8,I,7(E1),Y,-3.769,4
-3.809,-4.603,6,P,8(E1),A,-2.908,2
-6.669,-7.477,10,P,8(E1),C,-8,6
-3.81,-4.605,8,P,8(E1),D,-4.088,4
-3.317,-3.629,7,P,8(E1),E,-4.235,3
-6.593,-7.455,7,P,8(E1),F,-8,5
-0.1633,-0.0452,6,P,8(E1),G,-0.366,3
-6.464,-7.414,11,P,8(E1),H,-8,3
-7.432,-7.628,9,P,8(E1),I,-8,4
0.3643,0.07907,1,P,8(E1),K,-0.1526,1
-6.631,-7.466,13,P,8(E1),L,-8,3
-6.702,-7.486,5,P,8(E1),M,-7.617,2
-6.962,-7.548,5,P,8(E1),N,-8,2
0,0,,P,8(E1),P,0,
-1.17,-0.5305,5,P,8(E1),Q,-0.1645,2
-7.055,-7.567,2,P,8(E1),R,-7.982,2
-1.755,-1.059,14,P,8(E1),S,-0.01797,4
-1.263,-0.5999,11,P,8(E1),T,-0.4711,7
-7.386,-7.621,6,P,8(E1),V,-8,3
-7.156,-7.585,8,P,8(E1),W,-8,2
-5.612,-6.989,9,P,8(E1),Y,-7.407,4
-1.034,-0.4383,5,N,9(E1),A,-0.3105,3
-1.678,-0.9763,7,N,9(E1),C,-1.511,3
-3.17,-3.335,7,N,9(E1),D,-3.523,3
-4.53,-5.838,4,N,9(E1),E,-6.543,2
-3.459,-3.914,11,N,9(E1),F,-4.061,7
-1.935,-1.271,11,N,9(E1),G,-1.374,9
-2.011,-1.366,11,N,9(E1),H,-1.617,7
3.778,0.2588,8,N,9(E1),I,-0.44,4
-2.908,-2.824,11,N,9(E1),K,-3.413,4
-1.513,-0.8128,10,N,9(E1),L,-1.162,5
-1.553,-0.8501,8,N,9(E1),M,-0.8831,4
0,0,,N,9(E1),N,0,
-2.411,-1.949,8,N,9(E1),P,-2.094,4
-0.8148,-0.3098,5,N,9(E1),Q,-1.16,4
-1.633,-0.9293,5,N,9(E1),R,-1.193,3
-0.2284,-0.06521,4,N,9(E1),S,-0.3388,3
-0.5917,-0.2015,5,N,9(E1),T,-0.6657,2
0.4547,0.0948,10,N,9(E1),V,-0.1546,5
-7.221,-7.596,9,N,9(E1),W,-8,5
-3.374,-3.744,10,N,9(E1),Y,-3.674,4
-0.01982,-0.005128,14,T,10(E1),A,-0.2162,9
-0.06016,-0.01586,4,T,10(E1),C,0.1213,2
-1.597,-0.8932,2,T,10(E1),D,,
-0.3547,-0.1076,4,T,10(E1),E,-0.00885,2
2.55,0.2437,5,T,10(E1),F,0.9113,3
-1.625,-0.9215,5,T,10(E1),G,-0.9333,2
2.412,0.2406,7,T,10(E1),H,0.1069,4
6.288,0.2646,19,T,10(E1),I,-0.4681,8
-6.063,-7.252,5,T,10(E1),K,-8,1
-1.071,-0.4627,6,T,10(E1),L,-0.4921,1
-0.1622,-0.04488,4,T,10(E1),M,0.2635,2
0.06948,0.01724,6,T,10(E1),N,,
-2.661,-2.37,4,T,10(E1),P,-2.742,2
6.26,0.2646,4,T,10(E1),Q,-0.5961,2
-0.3952,-0.1223,7,T,10(E1),R,-0.1559,5
-1.191,-0.5456,3,T,10(E1),S,-0.7956,2
0,0,,T,10(E1),T,0,
0.6314,0.1219,4,T,10(E1),V,-0.1073,2
-0.3767,-0.1155,6,T,10(E1),W,-0.8809,2
2.291,0.2374,5,T,10(E1),Y,0.0874,5
-1.322,-0.6462,11,V,11(E1),A,-1.083,2
2.204,0.2349,3,V,11(E1),C,1.053,2
-6.558,-7.444,4,V,11(E1),D,-5.856,2
-2.279,-1.743,8,V,11(E1),E,-1.739,3
-2.092,-1.475,3,V,11(E1),F,-1.098,2
-2.772,-2.571,6,V,11(E1),G,,
-0.5081,-0.1661,2,V,11(E1),H,-1.228,1
-1.834,-1.148,5,V,11(E1),I,-0.0402,2
-1.768,-1.074,9,V,11(E1),K,-0.9706,4
-3.416,-3.828,15,V,11(E1),L,-1.871,3
-0.9498,-0.3861,19,V,11(E1),M,-0.3168,6
-1.613,-0.9089,6,V,11(E1),N,-0.8466,3
0.359,0.0781,4,V,11(E1),P,-0.001,2
0.2192,0.0508,5,V,11(E1),Q,0.01212,3
-1.63,-0.9265,8,V,11(E1),R,-0.8518,4
-0.766,-0.2843,4,V,11(E1),S,-0.5292,4
-4.615,-5.959,8,V,11(E1),T,-5.57,5
0,0,,V,11(E1),V,0,
-1.508,-0.808,5,V,11(E1),W,-0.8933,3
-2.826,-2.67,6,V,11(E1),Y,-2.988,3
-5.716,-7.058,4,G,12(E1),*,-7.472,1
-1.547,-0.8451,5,G,12(E1),A,-1.261,3
-1.495,-0.796,2,G,12(E1),C,-1.06,2
-1.401,-0.7121,6,G,12(E1),D,-0.09935,3
-1.099,-0.4812,20,G,12(E1),E,-0.9887,4
0.4539,0.09466,8,G,12(E1),F,-0.8858,4
0,0,,G,12(E1),G,0,
-0.06453,-0.01705,6,G,12(E1),H,-0.3041,3
-3.769,-4.525,12,G,12(E1),I,-4.328,4
2.814,0.2487,2,G,12(E1),K,-0.956,1
-0.3387,-0.102,12,G,12(E1),L,-0.2027,6
-0.4185,-0.131,2,G,12(E1),M,-0.3963,2
0.1602,0.03813,4,G,12(E1),N,-0.7816,3
-7.384,-7.621,5,G,12(E1),P,-8,2
-0.3051,-0.09039,7,G,12(E1),Q,0.5118,4
-0.9478,-0.385,40,G,12(E1),R,-0.8862,13
-1.157,-0.5216,5,G,12(E1),S,-0.7911,2
-0.7625,-0.2825,7,G,12(E1),T,-0.1212,4
-4.665,-6.028,8,G,12(E1),V,-5.957,4
-2.577,-2.223,7,G,12(E1),W,-1.802,2
0.6295,0.1216,7,G,12(E1),Y,-0.3747,2
-2.43,-1.979,7,V,13(E1),A,-2.3,2
-2.019,-1.377,4,V,13(E1),C,-1.492,1
-4.482,-5.767,6,V,13(E1),D,-7.053,2
-4.37,-5.594,7,V,13(E1),E,-5.393,2
0.5588,0.1113,4,V,13(E1),F,-0.5833,2
-2.786,-2.597,6,V,13(E1),G,-2.156,3
-1.903,-1.231,7,V,13(E1),H,-1.622,5
-0.5749,-0.1942,9,V,13(E1),I,0.6627,5
-1.736,-1.038,9,V,13(E1),K,-1.496,5
0.7988,0.1436,14,V,13(E1),L,0.7888,3
-0.7779,-0.2904,20,V,13(E1),M,-0.3582,5
-2.808,-2.637,5,V,13(E1),N,-3.358,3
-1.524,-0.8232,5,V,13(E1),P,-0.2604,2
-2.561,-2.197,3,V,13(E1),Q,-2.45,2
-2.598,-2.259,4,V,13(E1),R,-2.68,3
2.18,0.2342,3,V,13(E1),S,-0.8734,1
-1.547,-0.8449,6,V,13(E1),T,-1.064,5
0,0,,V,13(E1),V,0,
-2.191,-1.613,7,V,13(E1),W,-1.597,5
-2.143,-1.545,7,V,13(E1),Y,-2.1,5
1.713,0.2159,7,P,14(E1),A,0.321,4
0.5097,0.1037,2,P,14(E1),C,,
-2.132,-1.529,6,P,14(E1),D,-0.8988,2
-1.735,-1.037,3,P,14(E1),E,-1.284,2
-1.568,-0.8653,5,P,14(E1),F,-1.099,3
0.03274,0.008266,9,P,14(E1),G,0.4756,2
1.363,0.1955,9,P,14(E1),H,-0.9197,2
0.7047,0.1318,4,P,14(E1),I,-0.1916,3
0.09244,0.0227,6,P,14(E1),K,0.01414,5
-0.7223,-0.2623,12,P,14(E1),L,-0.3531,6
0.2687,0.06087,6,P,14(E1),M,-0.3559,1
0.0684,0.01698,7,P,14(E1),N,-0.3902,2
0,0,,P,14(E1),P,0,
-2.66,-2.368,1,P,14(E1),Q,-2.635,1
-2.11,-1.499,4,P,14(E1),R,-1.491,2
0.5557,0.1108,25,P,14(E1),S,0.4943,5
-0.3702,-0.1132,7,P,14(E1),T,-0.8169,2
-0.1494,-0.04107,4,P,14(E1),V,,
-0.6254,-0.2165,6,P,14(E1),W,0.4717,5
-1.548,-0.846,4,P,14(E1),Y,-0.6233,2
-7.236,-7.599,5,Y,15(E1),*,,
-0.9008,-0.3574,4,Y,15(E1),-,,
-0.4606,-0.1471,9,Y,15(E1),A,-0.6142,6
-1.878,-1.201,7,Y,15(E1),C,-2.274,3
-3.128,-3.252,18,Y,15(E1),D,-3.389,8
-2.342,-1.839,3,Y,15(E1),E,-2.082,2
-1.151,-0.5172,8,Y,15(E1),F,-0.432,6
-1.959,-1.3,8,Y,15(E1),G,-1.639,3
-1.19,-0.5449,13,Y,15(E1),H,-1.473,7
-1.393,-0.7057,12,Y,15(E1),I,-1.372,6
-1.475,-0.7772,12,Y,15(E1),K,-0.8956,9
-1.732,-1.034,9,Y,15(E1),L,-0.8781,5
-0.04083,-0.01067,6,Y,15(E1),M,-0.2884,5
-4.86,-6.279,9,Y,15(E1),N,-6.255,6
-7.389,-7.622,7,Y,15(E1),P,-8,4
-1.333,-0.6557,10,Y,15(E1),Q,-0.9089,6
-0.8516,-0.3297,4,Y,15(E1),R,-0.6068,2
-0.9422,-0.3816,9,Y,15(E1),S,-0.6309,6
-1.344,-0.6646,8,Y,15(E1),T,-0.3872,4
4.975,0.2632,5,Y,15(E1),V,-0.5208,3
0.8796,0.1529,6,Y,15(E1),W,-1.139,2
0,0,,Y,15(E1),Y,0,
-0.3362,-0.1011,5,K,16(E1),-,,
-3.554,-4.105,20,K,16(E1),A,-4.347,11
-5.648,-7.013,8,K,16(E1),C,-6.163,2
-4.063,-5.075,4,K,16(E1),D,,
-5.435,-6.855,5,K,16(E1),E,-7.143,2
-3.107,-3.21,7,K,16(E1),F,-3.45,6
-3.417,-3.829,7,K,16(E1),G,-4.235,2
0.7278,0.1348,8,K,16(E1),H,-0.1562,6
-4.025,-5.006,7,K,16(E1),I,-5.114,4
0,0,,K,16(E1),K,0,
-3.764,-4.517,4,K,16(E1),L,-4.446,2
-2.754,-2.537,13,K,16(E1),M,-3.219,6
-2.106,-1.493,11,K,16(E1),N,-1.144,3
-3.724,-4.438,10,K,16(E1),P,-4.22,4
-3.771,-4.53,7,K,16(E1),Q,-4.611,5
-2.872,-2.757,8,K,16(E1),R,-2.909,2
-3.311,-3.616,6,K,16(E1),S,-3.784,3
-2.952,-2.908,10,K,16(E1),T,-2.805,5
-5.957,-7.199,6,K,16(E1),V,-8,3
-2.821,-2.662,7,K,16(E1),W,-2.593,6
-2.19,-1.612,4,K,16(E1),Y,-1.755,3
-0.8257,-0.3156,5,T,17(E1),-,,
0.2896,0.065,6,T,17(E1),A,-0.3108,5
-0.03637,-0.009484,8,T,17(E1),C,-1.088,3
0.7733,0.1405,8,T,17(E1),D,-1.336,3
-2.925,-2.857,9,T,17(E1),E,-3.093,5
-2.52,-2.126,4,T,17(E1),F,-2.816,3
-1.911,-1.241,5,T,17(E1),G,-2.015,3
-2.171,-1.584,6,T,17(E1),H,-1.75,2
-1.441,-0.7467,10,T,17(E1),I,-1.073,5
-6.307,-7.357,3,T,17(E1),K,-8,1
-1.567,-0.8637,11,T,17(E1),L,-1.466,6
-2.194,-1.618,7,T,17(E1),M,-1.759,6
-0.7804,-0.2917,15,T,17(E1),N,-1.02,9
-7.028,-7.561,10,T,17(E1),P,-8,6
-3.156,-3.307,10,T,17(E1),Q,-3.6,4
0.4764,0.09838,3,T,17(E1),R,0.022,2
2.984,0.2512,7,T,17(E1),S,-0.1527,6
0,0,,T,17(E1),T,0,
-1.085,-0.4719,4,T,17(E1),V,-0.8603,4
-6.05,-7.246,6,T,17(E1),W,-8,3
-3.294,-3.583,5,T,17(E1),Y,-3.436,2
-0.5002,-0.1629,7,L,18(E1),-,,
0.1927,0.04518,8,L,18(E1),A,0.01175,4
1.45,0.2013,10,L,18(E1),C,0.2764,8
-3.814,-4.612,9,L,18(E1),D,-5.979,2
-3.216,-3.426,9,L,18(E1),E,-3.213,5
1.112,0.1759,8,L,18(E1),F,-0.3822,5
-2.37,-1.883,8,L,18(E1),G,-1.317,7
-0.1345,-0.03673,8,L,18(E1),H,-1.298,5
-1.471,-0.7739,5,L,18(E1),I,-0.3933,1
-2.359,-1.866,8,L,18(E1),K,-2.365,7
0,0,,L,18(E1),L,0,
1.503,0.2045,19,L,18(E1),M,-0.3332,9
-2.502,-2.098,3,L,18(E1),N,-2.323,3
-6.666,-7.476,16,L,18(E1),P,-8,4
-0.5449,-0.1814,11,L,18(E1),Q,-0.2364,3
-2.01,-1.366,8,L,18(E1),R,-1.393,3
-1.371,-0.6865,7,L,18(E1),S,-0.521,5
-2.355,-1.86,6,L,18(E1),T,-2.148,2
-1.389,-0.7023,4,L,18(E1),V,-0.9126,4
-1.143,-0.5113,4,L,18(E1),W,-0.4869,1
-0.5696,-0.1919,5,L,18(E1),Y,-0.5289,2
-1.639,-0.9352,7,V,19(E1),-,,
-1.597,-0.8936,7,V,19(E1),A,-0.6233,2
-1.209,-0.5591,11,V,19(E1),C,-2.556,5
-6.9,-7.534,7,V,19(E1),D,-8,1
-7.307,-7.61,6,V,19(E1),E,-8,3
-2.605,-2.273,8,V,19(E1),F,-0.5168,2
-7.029,-7.562,10,V,19(E1),G,-8,4
-6.442,-7.407,3,V,19(E1),H,-8,1
-1.296,-0.6259,7,V,19(E1),I,-0.6179,3
-7.141,-7.583,11,V,19(E1),K,-8,4
-1.102,-0.4832,8,V,19(E1),L,-1.053,3
-1.859,-1.178,8,V,19(E1),M,-1.029,3
-8.662,-7.724,8,V,19(E1),N,-8,5
-6.537,-7.438,17,V,19(E1),P,-8,6
-6.971,-7.55,12,V,19(E1),Q,-8,10
-6.879,-7.53,8,V,19(E1),R,-8,7
-4.78,-6.18,7,V,19(E1),S,-6.555,3
-2.734,-2.501,6,V,19(E1),T,-3.159,3
0,0,,V,19(E1),V,0,
-6.705,-7.487,3,V,19(E1),W,-8,1
-5.37,-6.802,9,V,19(E1),Y,-6.956,5
-0.5171,-0.1698,7,N,20(E1),-,,
0.7701,0.1401,15,N,20(E1),A,0.005113,11
-0.5952,-0.2031,7,N,20(E1),C,-1.267,3
2.21,0.2351,10,N,20(E1),D,-0.427,5
1.328,0.1931,4,N,20(E1),E,1.11,1
-1.225,-0.5708,8,N,20(E1),F,-0.6262,6
1.227,0.1855,6,N,20(E1),G,0.3976,4
-1.209,-0.559,8,N,20(E1),H,-0.689,4
0.5572,0.1111,7,N,20(E1),I,-0.1527,2
-0.9087,-0.3619,9,N,20(E1),K,-0.9981,2
-0.5863,-0.1991,7,N,20(E1),L,-0.1275,4
-0.2373,-0.06804,9,N,20(E1),M,-0.3385,7
0,0,,N,20(E1),N,0,
-4.253,-5.404,7,N,20(E1),P,-6.54,6
-0.2131,-0.06041,7,N,20(E1),Q,-0.2838,6
-0.1405,-0.03848,10,N,20(E1),R,-1.48,2
0.1354,0.0326,9,N,20(E1),S,-1.526,2
0.7852,0.142,7,N,20(E1),T,-1.033,3
0.6962,0.1307,6,N,20(E1),V,0.2375,4
0.7051,0.1319,10,N,20(E1),W,0.243,4
-1.761,-1.066,3,N,20(E1),Y,-1.352,1
-7.255,-7.602,3,R,21(E1),*,-8,1
-1.833,-1.148,6,R,21(E1),-,,
-0.9198,-0.3684,10,R,21(E1),A,0.1166,7
-1.994,-1.345,8,R,21(E1),C,-1.386,3
-7.62,-7.651,12,R,21(E1),D,-8,7
-3.353,-3.701,8,R,21(E1),E,-4.759,3
-1.593,-0.8898,8,R,21(E1),F,-0.9762,4
-3.453,-3.901,7,R,21(E1),G,-4.204,4
-2.347,-1.846,8,R,21(E1),H,-2.251,4
-1.065,-0.4585,9,R,21(E1),I,0.002686,3
0.1904,0.04471,7,R,21(E1),K,-3.365,2
-1.366,-0.6825,7,R,21(E1),L,-0.4445,7
-2.424,-1.969,6,R,21(E1),M,-0.62,1
-0.7112,-0.2569,8,R,21(E1),N,-0.9372,6
-6.322,-7.363,10,R,21(E1),P,-8,6
-1.238,-0.581,12,R,21(E1),Q,-0.3463,6
0,0,,R,21(E1),R,0,
-1.881,-1.204,5,R,21(E1),S,-1.29,3
-3.376,-3.747,9,R,21(E1),T,-3.217,5
0.2246,0.0519,6,R,21(E1),V,0.3838,5
-2.463,-2.033,9,R,21(E1),W,-2.348,6
-2.185,-1.605,10,R,21(E1),Y,-1.727,3
-1.903,-1.23,6,P,22(E1),-,,
-0.08164,-0.02174,7,P,22(E1),A,-0.4595,3
4.38,0.2617,4,P,22(E1),C,-2.147,3
-1.036,-0.4396,11,P,22(E1),D,-0.4006,4
0.4017,0.08574,4,P,22(E1),E,0.2652,1
0.3645,0.07909,11,P,22(E1),F,-0.03589,5
2.774,0.248,7,P,22(E1),G,0.01671,3
0.4511,0.09419,10,P,22(E1),H,0.4984,3
-0.7799,-0.2914,12,P,22(E1),I,-0.7557,9
-1.122,-0.4969,6,P,22(E1),K,-0.3183,5
-1.091,-0.4758,9,P,22(E1),L,-0.1915,5
0.5432,0.1089,6,P,22(E1),M,-0.1258,3
-0.7715,-0.2871,7,P,22(E1),N,-0.8664,5
0,0,,P,22(E1),P,0,
-0.8386,-0.3226,5,P,22(E1),Q,-0.9242,1
-1.132,-0.5039,11,P,22(E1),R,-0.6548,6
-1.209,-0.5593,9,P,22(E1),S,-0.6396,5
-0.74,-0.2711,10,P,22(E1),T,-1.865,6
-0.1475,-0.04054,5,P,22(E1),V,-0.4175,2
-0.9849,-0.4075,5,P,22(E1),W,-0.1247,1
-0.446,-0.1415,5,P,22(E1),Y,0.7456,2
-1.912,-1.242,6,G,23(E1),-,,
0.4489,0.09383,8,G,23(E1),A,-0.2738,4
-1.715,-1.015,9,G,23(E1),C,-1.49,5
-0.5616,-0.1885,40,G,23(E1),D,-0.6055,8
0.08486,0.02091,6,G,23(E1),E,-1.439,2
0.08329,0.02054,6,G,23(E1),F,-0.9674,3
0,0,,G,23(E1),G,0,
-0.9675,-0.3968,5,G,23(E1),H,-2.769,2
-2.319,-1.803,6,G,23(E1),I,-1.403,1
-0.7541,-0.2782,5,G,23(E1),K,-0.6705,4
-0.7617,-0.2821,8,G,23(E1),L,-0.3328,7
-0.4719,-0.1516,7,G,23(E1),M,-0.2017,6
-0.5338,-0.1767,7,G,23(E1),N,-1.066,3
0.4374,0.09189,8,G,23(E1),P,-0.3083,5
-1.295,-0.6245,13,G,23(E1),Q,-1.081,6
3.488,0.2567,6,G,23(E1),R,-0.8725,5
-0.4484,-0.1424,9,G,23(E1),S,-0.6025,2
1.721,0.2163,4,G,23(E1),T,0.9806,3
-2.43,-1.979,8,G,23(E1),V,-1.001,1
-2.036,-1.4,6,G,23(E1),W,-1.228,2
-1.164,-0.5266,2,G,23(E1),Y,-0.7739,2
-8.783,-7.729,4,Y,24(E1),*,,
-0.04437,-0.01161,3,Y,24(E1),-,,
-1.67,-0.9678,14,Y,24(E1),A,-1.085,10
-1.198,-0.5506,14,Y,24(E1),C,-0.6129,9
-3.239,-3.472,7,Y,24(E1),D,-3.762,5
-7.172,-7.588,6,Y,24(E1),E,-8,3
0.4542,0.09472,8,Y,24(E1),F,-0.2261,6
-6.214,-7.32,9,Y,24(E1),G,-8,4
-1.504,-0.8038,8,Y,24(E1),H,-1.022,6
-3.343,-3.681,12,Y,24(E1),I,-3.973,8
-2.685,-2.412,7,Y,24(E1),K,-2.165,3
-1.453,-0.7575,6,Y,24(E1),L,-0.8738,4
-0.08958,-0.02395,6,Y,24(E1),M,-0.5004,3
-2.835,-2.688,6,Y,24(E1),N,-3.684,4
-7.856,-7.674,9,Y,24(E1),P,-8,9
-3.142,-3.28,9,Y,24(E1),Q,-3.695,6
-2.395,-1.922,7,Y,24(E1),R,-2.25,4
-1.733,-1.035,5,Y,24(E1),S,-1.381,2
-2.516,-2.12,6,Y,24(E1),T,-2.226,2
-3.176,-3.347,7,Y,24(E1),V,-3.389,4
-0.8193,-0.3122,5,Y,24(E1),W,-1.056,3
0,0,,Y,24(E1),Y,0,
0.5943,0.1166,2,S,25(E1),-,,
-0.9283,-0.3734,11,S,25(E1),A,-0.3462,6
-2.682,-2.408,3,S,25(E1),C,-3.376,1
-3.261,-3.516,4,S,25(E1),D,-3.93,3
-3.557,-4.109,3,S,25(E1),E,,
-5.95,-7.195,8,S,25(E1),F,-8,4
-2.858,-2.729,15,S,25(E1),G,-2.873,5
-5.882,-7.158,5,S,25(E1),H,-8,3
-3.256,-3.507,12,S,25(E1),I,-4.016,3
-6.615,-7.461,4,S,25(E1),K,-8,3
-3.026,-3.052,10,S,25(E1),L,-3.136,5
-2.417,-1.958,6,S,25(E1),M,-3.583,1
-1.935,-1.27,16,S,25(E1),N,-2.153,3
-6.644,-7.47,6,S,25(E1),P,-7.019,2
-3.344,-3.683,4,S,25(E1),Q,-3.562,3
-3.765,-4.518,3,S,25(E1),R,,
0,0,,S,25(E1),S,0,
2.501,0.2427,5,S,25(E1),T,0.2487,2
-2.681,-2.406,8,S,25(E1),V,-2.727,6
-7.737,-7.663,7,S,25(E1),W,-8,4
-5.934,-7.187,10,S,25(E1),Y,-8,6
0.1723,0.04077,2,P,26(E1),-,,
-2.385,-1.907,5,P,26(E1),A,-2.163,4
-3.199,-3.393,8,P,26(E1),C,-4.258,4
-3.045,-3.09,7,P,26(E1),D,-3.243,6
-3.814,-4.613,7,P,26(E1),E,-4.301,5
-2.741,-2.514,13,P,26(E1),F,-2.785,9
-2.226,-1.663,3,P,26(E1),G,-1.929,1
-3.462,-3.919,5,P,26(E1),H,-3.073,2
-1.381,-0.6955,2,P,26(E1),I,-0.9309,2
-3.495,-3.986,4,P,26(E1),K,-5.8,2
-2.752,-2.534,8,P,26(E1),L,-2.63,1
-2.367,-1.878,9,P,26(E1),M,-1.914,2
-1.738,-1.041,9,P,26(E1),N,-1.44,4
0,0,,P,26(E1),P,0,
-3.616,-4.227,5,P,26(E1),Q,-4.96,2
-3.513,-4.021,6,P,26(E1),R,-3.98,3
-2.089,-1.47,11,P,26(E1),S,-2.03,6
-2.84,-2.696,10,P,26(E1),T,-3.262,3
-3.039,-3.078,5,P,26(E1),V,-3.338,2
-3.133,-3.262,7,P,26(E1),W,-3.309,5
-2.599,-2.261,14,P,26(E1),Y,-2.44,11
0.312,0.06931,1,M,27(E1),-,,
-2.702,-2.444,10,M,27(E1),A,-2.873,2
-2.496,-2.086,5,M,27(E1),C,-2.381,1
-7.475,-7.633,8,M,27(E1),D,-8,4
-2.93,-2.866,8,M,27(E1),E,-2.752,5
-0.9763,-0.4021,10,M,27(E1),F,-0.8457,6
-6.718,-7.49,12,M,27(E1),G,-8,6
-2.214,-1.646,6,M,27(E1),H,-2.785,4
0.1912,0.04487,29,M,27(E1),I,-0.02821,5
-2.196,-1.62,5,M,27(E1),K,-1.716,1
0.4434,0.09291,7,M,27(E1),L,0.2365,4
0,0,,M,27(E1),M,0,
-3.591,-4.177,7,M,27(E1),N,-4.159,4
-7.32,-7.612,8,M,27(E1),P,-8,5
-1.627,-0.9233,13,M,27(E1),Q,-1.594,5
-2.283,-1.748,13,M,27(E1),R,-1.655,3
-2.893,-2.796,11,M,27(E1),S,-3.251,4
-1.376,-0.6909,8,M,27(E1),T,-1.003,6
1.33,0.1933,2,M,27(E1),V,,
-1.041,-0.4427,4,M,27(E1),W,-1.195,2
-1.995,-1.346,7,M,27(E1),Y,-1.577,1
-0.1119,-0.03022,1,V,28(E1),-,,
-2.358,-1.864,6,V,28(E1),A,-1.676,3
1.466,0.2023,5,V,28(E1),C,-0.1201,2
-5.809,-7.116,5,V,28(E1),D,-8,5
-4.619,-5.965,4,V,28(E1),E,-6.257,1
-5.671,-7.029,5,V,28(E1),F,-7.34,4
-2.826,-2.671,5,V,28(E1),G,-2.111,1
-5.976,-7.209,3,V,28(E1),H,-8,3
-1.07,-0.462,4,V,28(E1),I,-0.7064,4
-3.962,-4.891,5,V,28(E1),K,-5.266,2
-2.9,-2.809,17,V,28(E1),L,-3.278,7
-2.637,-2.328,10,V,28(E1),M,-2.992,1
-0.8312,-0.3186,5,V,28(E1),N,-0.2385,4
-4.504,-5.8,3,V,28(E1),P,-5.976,1
-3.05,-3.098,5,V,28(E1),Q,-2.816,2
-6.08,-7.26,8,V,28(E1),R,-8,3
-1.161,-0.5245,6,V,28(E1),S,-0.4943,2
-0.7794,-0.2912,8,V,28(E1),T,-0.4485,5
0,0,,V,28(E1),V,0,
-5.605,-6.983,7,V,28(E1),W,-7.152,4
-4.983,-6.423,13,V,28(E1),Y,-6.98,5
-2.277,-1.74,8,L,29(E1),A,-2.665,5
-2.002,-1.355,12,L,29(E1),C,-2.398,5
-7.168,-7.587,7,L,29(E1),D,-8,6
-7.849,-7.674,6,L,29(E1),E,-8,2
-0.7665,-0.2845,7,L,29(E1),F,0.1768,5
-7.389,-7.622,6,L,29(E1),G,-8,4
-6.079,-7.26,8,L,29(E1),H,-8,3
0.8747,0.1524,14,L,29(E1),I,0.1447,9
-8.359,-7.71,7,L,29(E1),K,-8,3
0,0,,L,29(E1),L,0,
-0.2582,-0.07479,10,L,29(E1),M,-0.7305,2
-7.33,-7.613,6,L,29(E1),N,-8,1
-6.705,-7.487,15,L,29(E1),P,-8,9
-6.949,-7.545,9,L,29(E1),Q,-8,4
-6.824,-7.517,18,L,29(E1),R,-8,6
-5.676,-7.032,4,L,29(E1),S,-7.451,2
-5.606,-6.984,2,L,29(E1),T,,
0.1277,0.03085,8,L,29(E1),V,-0.4448,2
-2.223,-1.66,6,L,29(E1),W,-1.039,4
-2.699,-2.438,9,L,29(E1),Y,-2.414,4
-6.334,-7.368,7,E,30(E1),*,,
-1.948,-1.287,10,E,30(E1),A,-1.345,6
-2.921,-2.848,6,E,30(E1),C,-3.837,3
0.6322,0.122,11,E,30(E1),D,-0.1257,7
0,0,,E,30(E1),E,0,
-4.888,-6.312,9,E,30(E1),F,-6.548,5
-1.85,-1.167,9,E,30(E1),G,-1.135,6
-1.923,-1.255,5,E,30(E1),H,,
-1.483,-0.785,8,E,30(E1),I,-0.7617,2
-2.532,-2.146,98,E,30(E1),K,-2.348,13
-2.52,-2.127,11,E,30(E1),L,-2,5
-2.088,-1.469,8,E,30(E1),M,-1.112,4
-2.382,-1.901,12,E,30(E1),N,-1.013,5
-4.791,-6.194,7,E,30(E1),P,-6.444,3
-1.716,-1.016,11,E,30(E1),Q,-1.201,6
-2.008,-1.363,8,E,30(E1),R,-1.618,5
-0.5876,-0.1997,5,E,30(E1),S,-1.134,2
-0.8232,-0.3143,10,E,30(E1),T,-0.6445,7
-0.5222,-0.1719,10,E,30(E1),V,-0.3945,5
-5.882,-7.158,4,E,30(E1),W,-7.698,4
-3.515,-4.027,10,E,30(E1),Y,-4.387,3
-1.078,-0.467,8,M,31(E1),A,-0.03105,6
-1.815,-1.127,1,M,31(E1),C,,
-6.618,-7.462,11,M,31(E1),D,-8,7
-4.307,-5.493,13,M,31(E1),E,-5.997,9
-1.306,-0.6338,10,M,31(E1),F,-0.6367,5
-5.598,-6.978,6,M,31(E1),G,-7.705,5
-1.805,-1.115,13,M,31(E1),H,-1.387,7
-0.1875,-0.0525,29,M,31(E1),I,-0.7253,4
-6.902,-7.535,7,M,31(E1),K,-8,1
-0.9468,-0.3844,10,M,31(E1),L,-1.256,3
0,0,,M,31(E1),M,0,
-3.251,-3.497,13,M,31(E1),N,-3.63,11
-7.469,-7.633,7,M,31(E1),P,-8,4
-2.21,-1.641,11,M,31(E1),Q,-1.487,7
-6.421,-7.399,9,M,31(E1),R,-8,8
-2.791,-2.606,10,M,31(E1),S,-2.332,6
-0.6916,-0.2474,5,M,31(E1),T,-0.3963,3
-0.9741,-0.4008,8,M,31(E1),V,-0.4531,4
0.4374,0.09189,8,M,31(E1),W,0.2702,6
2.494,0.2425,3,M,31(E1),Y,-0.6488,2
-3.991,-4.945,3,E,32(E1),*,,
-1.13,-0.5022,11,E,32(E1),A,-0.1748,6
-2.505,-2.102,6,E,32(E1),C,-1.891,5
-2.304,-1.781,11,E,32(E1),D,-1.938,7
0,0,,E,32(E1),E,0,
-3.206,-3.406,10,E,32(E1),F,-4.011,7
-5.992,-7.217,8,E,32(E1),G,-7.317,2
-1.668,-0.9653,7,E,32(E1),H,-1.873,3
-1.97,-1.314,6,E,32(E1),I,-1.128,3
-2.027,-1.388,47,E,32(E1),K,-1.514,5
-2.4,-1.931,11,E,32(E1),L,-2.003,7
-0.9275,-0.3729,6,E,32(E1),M,-2.061,2
-2.196,-1.621,7,E,32(E1),N,-0.6853,3
-7.524,-7.64,10,E,32(E1),P,-8,6
-1.532,-0.8307,14,E,32(E1),Q,-2.961,4
2.329,0.2385,5,E,32(E1),R,,
-3.104,-3.204,4,E,32(E1),S,-3.694,1
-0.7402,-0.2712,12,E,32(E1),T,0.4782,6
-0.1884,-0.05277,7,E,32(E1),V,-0.5809,2
-1.933,-1.268,7,E,32(E1),W,-1.761,2
-1.932,-1.266,8,E,32(E1),Y,-1.28,4
-2.037,-1.4,8,L,33(E1),A,-1.822,6
-6.887,-7.531,12,L,33(E1),C,-6.948,3
-6.663,-7.475,6,L,33(E1),D,-8,4
-6.138,-7.287,3,L,33(E1),E,-7.165,1
-0.2151,-0.06104,5,L,33(E1),F,0.4856,4
-6.467,-7.415,9,L,33(E1),G,-8,6
-7.815,-7.671,6,L,33(E1),H,-7.734,1
1.404,0.1983,3,L,33(E1),I,-1.164,1
-7.656,-7.655,6,L,33(E1),K,-7.221,2
0,0,,L,33(E1),L,0,
-1.338,-0.6597,12,L,33(E1),M,-0.1332,5
-5.888,-7.162,12,L,33(E1),N,-8,7
-2.803,-2.627,14,L,33(E1),P,-2.402,6
-3.843,-4.669,5,L,33(E1),Q,-2.775,1
-6.71,-7.488,6,L,33(E1),R,-8,3
-5.859,-7.145,10,L,33(E1),S,-7.976,3
-2.799,-2.62,8,L,33(E1),T,-2.35,5
-1.511,-0.8109,12,L,33(E1),V,-0.6624,6
-1.132,-0.5039,12,L,33(E1),W,-0.1195,4
-4.487,-5.774,8,L,33(E1),Y,-6.051,5
-0.9848,-0.4074,7,L,34(E1),A,-1.243,2
0.03302,0.008335,2,L,34(E1),C,-0.2321,2
-1.347,-0.6668,7,L,34(E1),D,-1.45,4
-1.484,-0.7856,9,L,34(E1),E,-1.643,5
0.4662,0.0967,6,L,34(E1),F,-1.032,3
-2.195,-1.619,8,L,34(E1),G,-1.511,4
0.06189,0.01541,8,L,34(E1),H,0.08941,4
1.246,0.187,11,L,34(E1),I,-0.2286,5
0.8367,0.1481,11,L,34(E1),K,0.161,3
0,0,,L,34(E1),L,0,
-0.5179,-0.1701,11,L,34(E1),M,-0.2243,4
-0.654,-0.2297,5,L,34(E1),N,-0.6936,2
-6.272,-7.344,10,L,34(E1),P,-8,3
-1.385,-0.6989,5,L,34(E1),Q,-0.1855,4
-0.1748,-0.04867,9,L,34(E1),R,-0.06983,5
-1.801,-1.111,6,L,34(E1),S,-1.38,4
-1.124,-0.4979,7,L,34(E1),T,-0.8813,4
-1.65,-0.9464,5,L,34(E1),V,,
-2.321,-1.807,5,L,34(E1),W,-1.352,2
-0.1668,-0.04626,7,L,34(E1),Y,-0.2592,6
1.318,0.1924,5,S,35(E1),A,-0.0855,2
-0.7778,-0.2904,6,S,35(E1),C,-1.189,3
-0.3967,-0.1228,6,S,35(E1),D,0.003382,3
1.041,0.1694,6,S,35(E1),E,-0.6466,4
0.7092,0.1324,6,S,35(E1),F,0.8174,2
0.545,0.1092,7,S,35(E1),G,-0.8264,3
-0.3234,-0.09667,7,S,35(E1),H,0.04008,3
-0.158,-0.04363,5,S,35(E1),I,0.1042,3
-1.712,-1.012,4,S,35(E1),K,-0.9828,3
0.01425,0.003628,4,S,35(E1),L,0.4704,1
1.452,0.2014,3,S,35(E1),M,0.8021,2
1.259,0.188,5,S,35(E1),N,0.2494,5
-7.135,-7.582,9,S,35(E1),P,-8,7
0.8556,0.1502,3,S,35(E1),Q,,
1.109,0.1757,6,S,35(E1),R,6.919e-05,3
0,0,,S,35(E1),S,0,
-0.2997,-0.08857,11,S,35(E1),T,0.8531,3
2.632,0.2454,4,S,35(E1),V,0.5639,3
0.5985,0.1172,7,S,35(E1),W,0.6239,5
-0.951,-0.3868,8,S,35(E1),Y,-0.5518,2
-1.533,-0.8309,38,V,36(E1),A,-0.8079,14
-1.644,-0.9405,5,V,36(E1),C,-1.204,4
-6.236,-7.329,18,V,36(E1),D,-8,11
-2.709,-2.455,12,V,36(E1),E,-2.27,9
-1.845,-1.162,6,V,36(E1),F,-0.7154,3
-3.724,-4.438,4,V,36(E1),G,-4.448,2
-1.793,-1.101,8,V,36(E1),H,-0.7576,5
-1.959,-1.3,5,V,36(E1),I,-0.7928,2
-4.69,-6.062,8,V,36(E1),K,-6.427,4
-1.097,-0.4801,21,V,36(E1),L,-0.6268,4
-0.6028,-0.2064,19,V,36(E1),M,-0.3994,5
-1.894,-1.22,16,V,36(E1),N,-1.434,8
-7.007,-7.557,11,V,36(E1),P,-8,7
0.01925,0.004889,9,V,36(E1),Q,-0.6183,4
-5.507,-6.911,5,V,36(E1),R,-7.367,3
-0.6663,-0.2354,9,V,36(E1),S,-0.487,5
-0.1122,-0.03032,9,V,36(E1),T,0.169,4
0,0,,V,36(E1),V,0,
-0.6674,-0.2359,5,V,36(E1),W,-1.131,3
-0.774,-0.2884,9,V,36(E1),Y,-0.856,3
-1.111,-0.4896,13,T,37(E1),A,-0.07481,4
-0.4528,-0.1441,5,T,37(E1),C,-0.2274,5
-1.309,-0.6356,12,T,37(E1),D,-0.3586,5
0.08558,0.02108,8,T,37(E1),E,-0.3221,4
-0.9912,-0.4114,11,T,37(E1),F,-0.03872,7
-0.2018,-0.0569,8,T,37(E1),G,-0.931,3
-0.1961,-0.05513,9,T,37(E1),H,-0.6245,4
0.1607,0.03823,9,T,37(E1),I,-0.6577,2
-1.211,-0.5605,9,T,37(E1),K,-0.8716,3
1.069,0.172,7,T,37(E1),L,-0.07092,3
-0.2447,-0.07043,13,T,37(E1),M,-0.1745,9
-1.64,-0.9369,8,T,37(E1),N,-1.227,6
-6.674,-7.478,13,T,37(E1),P,-8,7
-0.9349,-0.3773,3,T,37(E1),Q,0.4226,2
-1.764,-1.069,4,T,37(E1),R,0.7591,2
-1.288,-0.6194,6,T,37(E1),S,-1.398,2
0,0,,T,37(E1),T,0,
-1.704,-1.003,3,T,37(E1),V,-1.262,2
-0.9915,-0.4115,5,T,37(E1),W,-0.2167,3
1.105,0.1753,6,T,37(E1),Y,-0.2765,3
-1.928,-1.262,10,L,38(E1),A,-1.19,4
-2.987,-2.977,11,L,38(E1),C,-3.023,7
-3.625,-4.245,3,L,38(E1),D,-5.702,2
-2.486,-2.07,8,L,38(E1),E,-1.967,5
-4.518,-5.819,4,L,38(E1),F,-6.553,2
-5.504,-6.909,12,L,38(E1),G,-7.136,6
-2.245,-1.692,6,L,38(E1),H,-1.316,2
-0.03227,-0.008398,7,L,38(E1),I,-0.3054,5
-4.493,-5.784,9,L,38(E1),K,-6.109,8
0,0,,L,38(E1),L,0,
-0.7633,-0.2829,9,L,38(E1),M,-1.849,4
-1.987,-1.336,11,L,38(E1),N,-0.3249,4
-7.653,-7.655,13,L,38(E1),P,-8,6
-1.326,-0.6497,6,L,38(E1),Q,-0.5539,1
-5.442,-6.861,6,L,38(E1),R,-7.037,2
-0.04222,-0.01104,6,L,38(E1),S,-0.1154,4
-1.242,-0.5837,4,L,38(E1),T,-0.6909,3
-0.4982,-0.1621,9,L,38(E1),V,-0.1754,4
-7.616,-7.65,10,L,38(E1),W,-8,6
-6.202,-7.315,8,L,38(E1),Y,-8,3
-5.767,-7.09,5,E,39(E1),*,,
-0.7313,-0.2668,6,E,39(E1),A,0.0869,2
-1.681,-0.9792,8,E,39(E1),C,-0.7805,5
0.1748,0.04132,7,E,39(E1),D,-0.9185,4
0,0,,E,39(E1),E,0,
-1.23,-0.5751,10,E,39(E1),F,-1.029,3
-2.483,-2.065,13,E,39(E1),G,-1.461,2
0.2538,0.0579,8,E,39(E1),H,-0.6411,5
-0.7357,-0.269,5,E,39(E1),I,-0.0609,2
-0.9805,-0.4048,46,E,39(E1),K,-0.4922,7
0.5441,0.1091,7,E,39(E1),L,-1.824,3
-1.76,-1.064,5,E,39(E1),M,-1.349,4
0.7393,0.1363,8,E,39(E1),N,0.1122,5
-6.639,-7.468,4,E,39(E1),P,-8,3
-1.343,-0.6637,12,E,39(E1),Q,-0.7779,5
0.3105,0.06902,9,E,39(E1),R,-0.1521,5
-1.672,-0.9693,5,E,39(E1),S,-1.076,4
-0.8785,-0.3447,10,E,39(E1),T,-0.6083,8
-0.1427,-0.03911,8,E,39(E1),V,0.1988,2
-0.7165,-0.2595,7,E,39(E1),W,-0.3472,6
-0.4201,-0.1316,14,E,39(E1),Y,-0.1044,7
-0.4352,-0.1373,13,P,40(E1),A,-0.1906,10
-5.113,-6.561,11,P,40(E1),C,-6.665,6
-7.122,-7.579,5,P,40(E1),D,-8,5
-5.655,-7.018,7,P,40(E1),E,-7.239,6
-7.349,-7.616,5,P,40(E1),F,-8,2
-6.966,-7.549,3,P,40(E1),G,-8,1
-6.348,-7.373,11,P,40(E1),H,-8,3
-3.385,-3.766,17,P,40(E1),I,-3.805,13
-6.69,-7.482,10,P,40(E1),K,-8,4
-4.31,-5.497,12,P,40(E1),L,-5.874,2
-3.11,-3.216,7,P,40(E1),M,-3.263,3
-6.133,-7.285,3,P,40(E1),N,-7.606,2
0,0,,P,40(E1),P,0,
-3.576,-4.147,8,P,40(E1),Q,-4.405,2
-8.112,-7.695,8,P,40(E1),R,-8,4
-3.896,-4.768,21,P,40(E1),S,-4.694,6
-1.43,-0.7378,12,P,40(E1),T,-2.177,2
-2.124,-1.519,7,P,40(E1),V,-1.366,4
-6.494,-7.424,7,P,40(E1),W,-8,5
-7.467,-7.632,8,P,40(E1),Y,-8,3
-1.755,-1.059,14,T,41(E1),A,-1.037,6
-6.969,-7.549,15,T,41(E1),C,-8,9
-4.125,-5.185,8,T,41(E1),D,-5.006,3
-1.467,-0.77,5,T,41(E1),E,-0.1942,3
-3.167,-3.329,12,T,41(E1),F,-3.509,8
-2.607,-2.276,5,T,41(E1),G,-2.458,1
-5.868,-7.15,7,T,41(E1),H,-8,1
-0.1089,-0.02938,12,T,41(E1),I,-2.388,3
-5.699,-7.047,8,T,41(E1),K,-7.162,4
-2.907,-2.823,11,T,41(E1),L,-3.19,5
0.1087,0.02649,5,T,41(E1),M,-0.4225,2
-1.936,-1.271,14,T,41(E1),N,-2.087,7
-7.764,-7.666,6,T,41(E1),P,-8,2
-2.45,-2.011,8,T,41(E1),Q,-2.568,2
-6.846,-7.522,13,T,41(E1),R,-8,5
0.3359,0.07383,8,T,41(E1),S,0.498,4
0,0,,T,41(E1),T,0,
1.211,0.1842,6,T,41(E1),V,-0.3552,2
-2.215,-1.648,2,T,41(E1),W,-1.836,1
-0.1616,-0.0447,6,T,41(E1),Y,-0.8332,2
-3.006,-3.013,5,L,42(E1),A,-3.002,2
-1.694,-0.9925,7,L,42(E1),C,-1.242,3
-7.621,-7.651,13,L,42(E1),D,-8,4
-7.012,-7.558,10,L,42(E1),E,-8,8
-2.594,-2.254,7,L,42(E1),F,-1.917,2
-7.338,-7.614,9,L,42(E1),G,-8,3
-8.976,-7.735,5,L,42(E1),H,-8,2
0.7947,0.1431,5,L,42(E1),I,-0.2291,2
-3.213,-3.42,5,L,42(E1),K,-3.733,3
0,0,,L,42(E1),L,0,
-0.6945,-0.2488,7,L,42(E1),M,0.0238,2
-7.03,-7.562,5,L,42(E1),N,-8,2
-6.689,-7.482,25,L,42(E1),P,-8,16
-5.495,-6.902,18,L,42(E1),Q,-7.586,9
-5.756,-7.084,15,L,42(E1),R,-7.645,9
-5.551,-6.945,10,L,42(E1),S,-7.006,7
-1.779,-1.085,9,L,42(E1),T,-0.5005,5
1.168,0.1808,7,L,42(E1),V,0.2491,6
-7.828,-7.672,4,L,42(E1),W,-8,2
-3.715,-4.421,1,L,42(E1),Y,-4.679,1
4.113,0.2606,11,S,43(E1),A,-0.1951,7
-7.433,-7.628,12,S,43(E1),C,-8,6
-0.4399,-0.1391,6,S,43(E1),D,-0.2412,5
2.192,0.2346,5,S,43(E1),E,-0.4641,4
-0.5796,-0.1962,7,S,43(E1),F,0.033,5
0.9018,0.1554,8,S,43(E1),G,0.3654,3
-0.4869,-0.1575,4,S,43(E1),H,-0.2843,2
-1.587,-0.8834,10,S,43(E1),I,-1.031,5
-0.7984,-0.3011,10,S,43(E1),K,-0.4508,6
0.9967,0.1652,13,S,43(E1),L,0.3402,3
0.1704,0.04038,4,S,43(E1),M,-0.744,2
-0.01604,-0.004144,14,S,43(E1),N,0.1864,5
-6.696,-7.484,12,S,43(E1),P,-8,10
-0.001465,-0.0003757,5,S,43(E1),Q,0.2253,3
-0.7551,-0.2787,16,S,43(E1),R,0.595,4
0,0,,S,43(E1),S,0,
1.754,0.2179,11,S,43(E1),T,0.5189,2
-0.06661,-0.01761,7,S,43(E1),V,-0.8683,2
-0.03874,-0.01011,14,S,43(E1),W,0.4496,5
0.2033,0.04744,6,S,43(E1),Y,-0.03065,2
-0.1736,-0.04829,7,L,44(E1),A,-0.6816,5
-2.411,-1.948,6,L,44(E1),C,-1.792,4
-7.013,-7.558,10,L,44(E1),D,-8,5
-2.547,-2.173,5,L,44(E1),E,-2.182,2
-3.758,-4.505,7,L,44(E1),F,-4.898,3
-4.76,-6.155,8,L,44(E1),G,-6.691,4
-1.732,-1.034,5,L,44(E1),H,-0.6107,3
-1.25,-0.5899,7,L,44(E1),I,-0.1468,4
-2.481,-2.061,5,L,44(E1),K,-2,3
0,0,,L,44(E1),L,0,
-1.82,-1.133,17,L,44(E1),M,-1.762,6
-4.028,-5.012,2,L,44(E1),N,-5.236,1
-6.185,-7.308,20,L,44(E1),P,-7.72,8
-1.507,-0.8073,11,L,44(E1),Q,-1.324,4
-2.55,-2.178,4,L,44(E1),R,-2.24,3
-3.003,-3.007,11,L,44(E1),S,-3.481,6
-2.703,-2.445,5,L,44(E1),T,-3.069,2
-2.572,-2.215,3,L,44(E1),V,-1.142,1
-3.597,-4.189,13,L,44(E1),W,-4.374,8
-5.272,-6.715,8,L,44(E1),Y,-6.98,4
-0.3242,-0.09694,1,D,45(E1),-,,
-1.009,-0.4225,11,D,45(E1),A,-0.5238,3
-3.171,-3.337,15,D,45(E1),C,-3.191,9
0,0,,D,45(E1),D,0,
-0.2964,-0.08745,8,D,45(E1),E,,
-7.188,-7.591,10,D,45(E1),F,-8,7
-4.21,-5.332,11,D,45(E1),G,-5,5
-2.951,-2.907,16,D,45(E1),H,-3.341,10
-0.7902,-0.2968,13,D,45(E1),I,-0.5313,8
-3.541,-4.078,12,D,45(E1),K,-4.105,8
-3.865,-4.711,12,D,45(E1),L,-4.764,10
-1.475,-0.7775,11,D,45(E1),M,-0.5025,7
-1.869,-1.19,22,D,45(E1),N,-0.8425,4
-5.694,-7.044,7,D,45(E1),P,-5.587,4
-0.9339,-0.3767,17,D,45(E1),Q,-0.2682,10
-3.691,-4.375,3,D,45(E1),R,-4.617,2
-0.2578,-0.07465,9,D,45(E1),S,0.1095,6
-0.3285,-0.09843,4,D,45(E1),T,,
-1.384,-0.6981,9,D,45(E1),V,-0.7907,8
-7.671,-7.656,10,D,45(E1),W,-8,8
-5.787,-7.103,14,D,45(E1),Y,-6.856,4
-8.035,-7.689,6,Y,46(E1),*,,
-4.815,-6.223,2,Y,46(E1),-,,
-10.49,-7.758,15,Y,46(E1),A,-8,6
-6.204,-7.316,8,Y,46(E1),C,-8,3
-7.4,-7.623,14,Y,46(E1),D,-8,6
-6.535,-7.437,10,Y,46(E1),E,-8,7
-1.697,-0.9965,11,Y,46(E1),F,-1.073,6
-7.844,-7.673,15,Y,46(E1),G,-8,8
-6.316,-7.361,11,Y,46(E1),H,-8,4
-9.392,-7.745,11,Y,46(E1),I,-8,5
-6.634,-7.467,8,Y,46(E1),K,-8,5
-6.069,-7.255,14,Y,46(E1),L,-8,9
-6.782,-7.506,11,Y,46(E1),M,-8,9
-6.969,-7.549,10,Y,46(E1),N,-7.688,3
-6.949,-7.545,19,Y,46(E1),P,-8,7
-6.305,-7.357,4,Y,46(E1),Q,-8,4
-7.982,-7.685,14,Y,46(E1),R,-8,5
-7.705,-7.66,7,Y,46(E1),S,-8,2
-7.525,-7.64,11,Y,46(E1),T,-8,6
-6.995,-7.555,10,Y,46(E1),V,-8,3
-0.1697,-0.04713,8,Y,46(E1),W,-0.08444,5
0,0,,Y,46(E1),Y,0,
0.4613,0.09589,1,I,47(E1),-,,
-2.802,-2.627,13,I,47(E1),A,-2.772,10
-3.625,-4.244,14,I,47(E1),C,-4.943,5
-4.657,-6.017,14,I,47(E1),D,-6.183,6
-3.671,-4.336,10,I,47(E1),E,-4.304,7
-2.739,-2.511,9,I,47(E1),F,-2.714,6
-7.362,-7.618,9,I,47(E1),G,-8,5
-3.073,-3.144,6,I,47(E1),H,-3.433,2
0,0,,I,47(E1),I,0,
-5.944,-7.192,16,I,47(E1),K,-7.614,8
-3.359,-3.714,13,I,47(E1),L,-4.117,8
-1.987,-1.336,13,I,47(E1),M,-1.617,9
-3.011,-3.022,11,I,47(E1),N,-2.554,3
-6.02,-7.231,15,I,47(E1),P,-7.672,8
-3.285,-3.564,9,I,47(E1),Q,-3.814,6
-4.589,-5.923,7,I,47(E1),R,-6.135,2
-2.865,-2.744,7,I,47(E1),S,-3.579,4
-1.123,-0.4978,10,I,47(E1),T,-0.000369,3
-0.7763,-0.2896,16,I,47(E1),V,-0.3556,5
-6.681,-7.48,6,I,47(E1),W,-8,4
-2.477,-2.055,5,I,47(E1),Y,-2.263,2
-0.5275,-0.1741,1,T,48(E1),-,,
-2.386,-1.908,7,T,48(E1),A,-1.583,3
-4.181,-5.282,7,T,48(E1),C,-5.507,4
-7.2,-7.593,13,T,48(E1),D,-8,8
-6.863,-7.526,14,T,48(E1),E,-7.861,6
-7.771,-7.667,16,T,48(E1),F,-8,7
-6.707,-7.487,8,T,48(E1),G,-8,3
-6.615,-7.461,11,T,48(E1),H,-8,8
-9.209,-7.741,19,T,48(E1),I,-8,8
-8.284,-7.706,18,T,48(E1),K,-8,6
-7.384,-7.621,10,T,48(E1),L,-8,7
-6.857,-7.525,9,T,48(E1),M,-8,5
-7.548,-7.642,14,T,48(E1),N,-8,7
-6.798,-7.51,15,T,48(E1),P,-8,10
-7.62,-7.651,8,T,48(E1),Q,-8,7
-5.716,-7.058,14,T,48(E1),R,-8,5
-2.099,-1.484,11,T,48(E1),S,-1.368,4
0,0,,T,48(E1),T,0,
-2.318,-1.803,11,T,48(E1),V,-2.462,3
-8.292,-7.706,9,T,48(E1),W,-8,4
-7.525,-7.64,12,T,48(E1),Y,-8,5
-6.352,-7.375,10,C,49(E1),*,-8,1
-0.9008,-0.3574,2,C,49(E1),-,,
-7.692,-7.659,12,C,49(E1),A,-8,6
0,0,,C,49(E1),C,0,
-7.776,-7.667,6,C,49(E1),D,-8,4
-6.562,-7.445,6,C,49(E1),E,-8,5
-7.377,-7.62,19,C,49(E1),F,-8,9
-7.221,-7.596,9,C,49(E1),G,-8,7
-6.524,-7.434,13,C,49(E1),H,-8,5
-7.274,-7.605,12,C,49(E1),I,-8,5
-6.869,-7.527,10,C,49(E1),K,-8,5
-8.047,-7.69,16,C,49(E1),L,-8,7
-7.169,-7.588,11,C,49(E1),M,-8,6
-6.246,-7.333,11,C,49(E1),N,-8,7
-7.589,-7.647,10,C,49(E1),P,-8,6
-8.283,-7.706,15,C,49(E1),Q,-8,8
-7.478,-7.634,23,C,49(E1),R,-8,6
-7.29,-7.607,11,C,49(E1),S,-8,6
-6.319,-7.362,10,C,49(E1),T,-8,6
-6.1,-7.27,12,C,49(E1),V,-8,6
-8.356,-7.71,10,C,49(E1),W,-8,7
-7.641,-7.653,20,C,49(E1),Y,-8,3
-18.06,-7.765,3,E,50(E1),*,-8,1
-5.925,-7.182,2,E,50(E1),-,,
-0.3003,-0.08876,7,E,50(E1),A,0.2542,1
-1.969,-1.312,17,E,50(E1),C,-1.482,10
-2.182,-1.6,7,E,50(E1),D,-1.556,4
0,0,,E,50(E1),E,0,
-2.261,-1.715,17,E,50(E1),F,-2.203,11
-1.153,-0.5188,9,E,50(E1),G,-1.435,4
-0.1301,-0.03547,10,E,50(E1),H,-0.6074,3
-2.277,-1.739,20,E,50(E1),I,-1.667,11
-3.262,-3.518,21,E,50(E1),K,-3.431,4
-2.874,-2.761,8,E,50(E1),L,-2.857,4
-1.513,-0.8121,9,E,50(E1),M,-0.465,7
1.247,0.1871,10,E,50(E1),N,-0.6322,3
-2.529,-2.142,13,E,50(E1),P,-1.889,6
-1.062,-0.4562,9,E,50(E1),Q,-0.707,6
-1.643,-0.94,11,E,50(E1),R,-1.177,5
1.752,0.2178,14,E,50(E1),S,0.2829,9
-1.471,-0.7737,10,E,50(E1),T,-1.258,4
-3.24,-3.475,14,E,50(E1),V,-5.077,2
-4.104,-5.147,10,E,50(E1),W,-4.441,5
-1.759,-1.063,12,E,50(E1),Y,-1.672,4
-6.528,-7.435,2,Y,51(E1),*,-8,1
-1.276,-0.6098,2,Y,51(E1),-,,
-3.09,-3.177,14,Y,51(E1),A,-3.153,10
-7.426,-7.627,15,Y,51(E1),C,-8,5
-6.574,-7.449,7,Y,51(E1),D,-7.885,6
-7.776,-7.667,9,Y,51(E1),E,-8,5
-1.501,-0.8015,13,Y,51(E1),F,-1.293,8
-2.907,-2.822,10,Y,51(E1),G,-2.84,5
-2.393,-1.92,8,Y,51(E1),H,-2.588,4
-4.385,-5.617,6,Y,51(E1),I,-5.702,3
-7.032,-7.562,11,Y,51(E1),K,-8,8
-8.336,-7.709,10,Y,51(E1),L,-7.195,5
-4.324,-5.52,14,Y,51(E1),M,-5.332,6
-7.926,-7.681,16,Y,51(E1),N,-8,7
-3.223,-3.441,8,Y,51(E1),P,-3.434,7
-6.558,-7.444,8,Y,51(E1),Q,-8,5
-7.15,-7.584,15,Y,51(E1),R,-8,10
-3.15,-3.296,10,Y,51(E1),S,-4.243,5
-5.333,-6.769,8,Y,51(E1),T,-4.891,3
-5.331,-6.768,12,Y,51(E1),V,-7.271,7
-3.515,-4.025,12,Y,51(E1),W,-4.222,11
0,0,,Y,51(E1),Y,0,
-5.664,-7.024,1,K,52(E1),*,,
-9.511,-7.747,3,K,52(E1),-,,
-0.03652,-0.009523,9,K,52(E1),A,0.5441,4
-1.834,-1.148,16,K,52(E1),C,-1.391,7
2.794,0.2483,9,K,52(E1),D,0.3754,8
1.652,0.2129,13,K,52(E1),E,0.7858,8
-0.2759,-0.08058,17,K,52(E1),F,0.07499,12
-1.018,-0.4281,7,K,52(E1),G,-0.003819,3
0.4117,0.08748,14,K,52(E1),H,0.4047,8
0.9169,0.157,12,K,52(E1),I,0.5955,4
0,0,,K,52(E1),K,0,
0.0675,0.01677,13,K,52(E1),L,0.3347,6
-0.7448,-0.2735,11,K,52(E1),M,-0.3961,7
-0.9185,-0.3677,14,K,52(E1),N,1.175,4
-7.702,-7.66,23,K,52(E1),P,-8,16
3.522,0.257,10,K,52(E1),Q,0.8822,2
0.5439,0.1091,10,K,52(E1),R,-0.6181,5
-0.3654,-0.1114,12,K,52(E1),S,-0.04084,6
0.6745,0.1278,7,K,52(E1),T,0.7844,2
3.306,0.255,11,K,52(E1),V,0.1661,10
-0.9661,-0.3959,18,K,52(E1),W,-0.1958,9
0.2765,0.06243,16,K,52(E1),Y,0.3897,8
-0.9888,-0.4098,2,T,53(E1),-,,
-2.425,-1.971,10,T,53(E1),A,-2.346,6
-3.473,-3.943,12,T,53(E1),C,-4.074,6
-3.099,-3.195,10,T,53(E1),D,-3.614,5
-8.028,-7.689,8,T,53(E1),E,-8,6
-7.604,-7.649,9,T,53(E1),F,-8,3
-6.86,-7.525,12,T,53(E1),G,-8,7
-7.777,-7.667,12,T,53(E1),H,-8,6
-0.7151,-0.2588,18,T,53(E1),I,0.08919,4
-7.358,-7.617,11,T,53(E1),K,-8,4
-0.8095,-0.307,6,T,53(E1),L,-0.6904,3
-5.75,-7.08,4,T,53(E1),M,-8,1
-0.4888,-0.1583,12,T,53(E1),N,0.3132,6
-2.66,-2.368,12,T,53(E1),P,-1.952,5
-6.716,-7.489,11,T,53(E1),Q,-8,6
-3.89,-4.756,7,T,53(E1),R,-4.676,1
-1.277,-0.6108,11,T,53(E1),S,-1.115,7
0,0,,T,53(E1),T,0,
1.451,0.2014,11,T,53(E1),V,-0.7035,5
-7.83,-7.672,17,T,53(E1),W,-8,8
-7.236,-7.599,16,T,53(E1),Y,-8,10
-0.9194,-0.3682,2,V,54(E1),-,,
-1.75,-1.053,23,V,54(E1),A,-0.0387,7
-2.365,-1.875,11,V,54(E1),C,-1.979,6
-2.306,-1.784,11,V,54(E1),D,-1.746,3
0.06652,0.01653,9,V,54(E1),E,0.585,4
-1.825,-1.138,12,V,54(E1),F,-1.371,9
-6.982,-7.552,12,V,54(E1),G,-8,9
-1.392,-0.7046,13,V,54(E1),H,-1.506,4
-1.015,-0.4261,9,V,54(E1),I,-0.8722,5
-1.963,-1.305,10,V,54(E1),K,-1.85,4
0.8626,0.151,11,V,54(E1),L,-0.7064,6
-0.7606,-0.2815,26,V,54(E1),M,0.235,5
1.733,0.2169,9,V,54(E1),N,0.008915,7
-7.122,-7.579,14,V,54(E1),P,-8,8
-1.157,-0.5215,13,V,54(E1),Q,-0.3337,5
-2.343,-1.84,13,V,54(E1),R,-2.109,9
-1.445,-0.7509,12,V,54(E1),S,-0.4977,6
-1.015,-0.4265,13,V,54(E1),T,-0.4709,8
0,0,,V,54(E1),V,0,
-2.531,-2.146,15,V,54(E1),W,-2.347,10
-0.4187,-0.1311,7,V,54(E1),Y,-1.225,5
-0.3862,-0.119,2,I,55(E1),-,,
-0.6884,-0.2459,11,I,55(E1),A,-0.8332,4
-1.7,-0.9994,11,I,55(E1),C,-1.393,5
-7.701,-7.66,9,I,55(E1),D,-8,3
-4.557,-5.876,10,I,55(E1),E,-5.635,4
-2.883,-2.778,10,I,55(E1),F,-3.091,6
-7.923,-7.68,6,I,55(E1),G,-8,2
-3.874,-4.728,15,I,55(E1),H,-4.686,9
0,0,,I,55(E1),I,0,
-4.36,-5.577,10,I,55(E1),K,-6.042,4
-1.186,-0.5422,16,I,55(E1),L,-0.3313,7
-2.542,-2.163,16,I,55(E1),M,-2.665,5
-2.95,-2.905,14,I,55(E1),N,-3.035,7
-6.472,-7.417,16,I,55(E1),P,-8,11
-3.542,-4.081,6,I,55(E1),Q,-3.792,2
-3.154,-3.303,13,I,55(E1),R,-3.696,7
-0.4362,-0.1377,12,I,55(E1),S,0.01386,7
-0.1597,-0.04413,15,I,55(E1),T,0.3514,7
0.1326,0.03196,10,I,55(E1),V,-0.05425,8
-8.351,-7.709,14,I,55(E1),W,-8,7
-5.462,-6.877,12,I,55(E1),Y,-7.316,6
-0.2673,-0.07776,2,P,56(E1),-,,
-2.764,-2.556,9,P,56(E1),A,-2.958,6
-3.743,-4.476,10,P,56(E1),C,-4.636,6
-2.411,-1.947,4,P,56(E1),D,-1.061,3
-2.449,-2.01,7,P,56(E1),E,-2.651,5
-3.204,-3.403,8,P,56(E1),F,-3.624,5
-2.718,-2.472,5,P,56(E1),G,-3.264,1
-4.597,-5.934,5,P,56(E1),H,-6.247,4
-3.071,-3.139,9,P,56(E1),I,-2.691,4
-3.079,-3.155,10,P,56(E1),K,-3.51,6
-4.403,-5.645,12,P,56(E1),L,-5.465,5
-2.818,-2.656,5,P,56(E1),M,-3.204,2
-1.74,-1.043,4,P,56(E1),N,-2.072,1
0,0,,P,56(E1),P,0,
-2.457,-2.022,5,P,56(E1),Q,-2.704,3
-3.213,-3.42,10,P,56(E1),R,-3.558,4
-2.573,-2.217,19,P,56(E1),S,-1.954,4
-1.737,-1.039,7,P,56(E1),T,-1.094,4
-2.411,-1.949,14,P,56(E1),V,-2.502,8
-3.107,-3.21,7,P,56(E1),W,-3.407,3
-3.464,-3.923,6,P,56(E1),Y,-4.264,3
-2.671,-2.388,6,S,57(E1),A,-2.302,3
-8.946,-7.734,8,S,57(E1),C,-8,3
-8.414,-7.713,9,S,57(E1),D,-8,4
-6.915,-7.538,7,S,57(E1),E,-8,3
-6.268,-7.342,15,S,57(E1),F,-8,5
-2.336,-1.83,10,S,57(E1),G,-2.027,5
-5.475,-6.887,9,S,57(E1),H,-7.903,4
-6.095,-7.267,7,S,57(E1),I,-6.796,3
-7.486,-7.635,8,S,57(E1),K,-8,5
-7.708,-7.66,6,S,57(E1),L,-7.248,2
-3.656,-4.306,5,S,57(E1),M,-4.855,1
-3.696,-4.385,4,S,57(E1),N,-4.613,4
-3.617,-4.228,14,S,57(E1),P,-4.379,5
-6.334,-7.368,7,S,57(E1),Q,-8,4
-4.491,-5.78,6,S,57(E1),R,-6.001,1
0,0,,S,57(E1),S,0,
-7.473,-7.633,10,S,57(E1),T,-8,6
-6.38,-7.385,5,S,57(E1),V,-7.124,1
-5.431,-6.852,6,S,57(E1),W,-7.154,4
-7.126,-7.58,9,S,57(E1),Y,-8,3
-6.374,-7.383,6,P,58(E1),A,-8,1
-8.705,-7.726,11,P,58(E1),C,-8,5
-6.534,-7.437,8,P,58(E1),D,-8,5
-6.888,-7.532,13,P,58(E1),E,-8,7
-7.821,-7.671,15,P,58(E1),F,-8,8
-7.317,-7.611,10,P,58(E1),G,-8,5
-6.57,-7.448,6,P,58(E1),H,-8,1
-7.587,-7.647,12,P,58(E1),I,-8,5
-7.502,-7.637,9,P,58(E1),K,-8,6
-6.664,-7.475,17,P,58(E1),L,-8,4
-6.671,-7.477,9,P,58(E1),M,-8,6
-8.291,-7.706,9,P,58(E1),N,-8,6
0,0,,P,58(E1),P,0,
-7.294,-7.608,18,P,58(E1),Q,-8,8
-6.96,-7.548,17,P,58(E1),R,-8,13
-7.727,-7.662,16,P,58(E1),S,-8,7
-7.624,-7.651,16,P,58(E1),T,-8,7
-5.454,-6.87,9,P,58(E1),V,-7.423,8
-7.613,-7.65,5,P,58(E1),W,-8,3
-7.514,-7.638,9,P,58(E1),Y,-8,3
-4.405,-5.649,5,Y,59(E1),*,,
-3.325,-3.645,10,Y,59(E1),A,-3.604,4
-4.19,-5.297,18,Y,59(E1),C,-5.348,5
-3.373,-3.742,9,Y,59(E1),D,-4.08,1
-3.241,-3.477,6,Y,59(E1),E,-4.326,2
-0.271,-0.07899,12,Y,59(E1),F,-0.4201,7
-3.634,-4.263,6,Y,59(E1),G,-4.815,3
-2.517,-2.122,18,Y,59(E1),H,-2.466,6
-2.808,-2.637,13,Y,59(E1),I,-2.894,10
-4.116,-5.168,9,Y,59(E1),K,-5.433,4
-1.929,-1.263,6,Y,59(E1),L,-1.323,3
-2.907,-2.823,5,Y,59(E1),M,-2.854,3
-3.321,-3.637,10,Y,59(E1),N,-3.804,4
-5.05,-6.495,9,Y,59(E1),P,-6.426,4
-3.703,-4.397,13,Y,59(E1),Q,-5.585,4
-3.571,-4.137,7,Y,59(E1),R,-4.419,3
-3.783,-4.554,10,Y,59(E1),S,-5.021,4
-3.511,-4.018,13,Y,59(E1),T,-4.342,5
-2.565,-2.203,6,Y,59(E1),V,-2.362,4
-0.07391,-0.01961,9,Y,59(E1),W,0.05326,7
0,0,,Y,59(E1),Y,0,
0.249,0.05692,1,V,60(E1),-,,
-7.566,-7.645,27,V,60(E1),A,-8,9
-5.265,-6.708,6,V,60(E1),C,-7.043,1
-4.907,-6.335,5,V,60(E1),D,-6.262,3
-6.792,-7.509,12,V,60(E1),E,-8,4
-5.995,-7.219,3,V,60(E1),F,-8,3
-6.604,-7.458,6,V,60(E1),G,-7.84,2
-7.271,-7.604,3,V,60(E1),H,-8,3
-0.4439,-0.1406,8,V,60(E1),I,-0.1281,6
-6.266,-7.341,4,V,60(E1),K,-8,3
-2.731,-2.496,16,V,60(E1),L,-2.534,7
-6.083,-7.262,17,V,60(E1),M,-7.611,6
-7.806,-7.67,10,V,60(E1),N,-8,5
-6.895,-7.533,8,V,60(E1),P,-8,4
-5.527,-6.927,2,V,60(E1),Q,,
-6.828,-7.518,12,V,60(E1),R,-8,6
-6.199,-7.314,9,V,60(E1),S,-8,4
-5.76,-7.086,7,V,60(E1),T,-6.711,3
0,0,,V,60(E1),V,0,
-6.328,-7.366,6,V,60(E1),W,-8,3
-7.247,-7.6,9,V,60(E1),Y,-8,5
6.103,0.2645,1,K,61(E1),*,,
-0.6685,-0.2364,3,K,61(E1),-,,
-1.935,-1.27,2,K,61(E1),A,-1.353,1
-2.934,-2.874,9,K,61(E1),C,-2.595,6
-3.604,-4.202,8,K,61(E1),D,-3.789,5
-1.928,-1.261,9,K,61(E1),E,-2.415,2
-2.285,-1.752,7,K,61(E1),F,-1.901,5
-7.879,-7.677,9,K,61(E1),G,-8,5
-2.171,-1.585,7,K,61(E1),H,-1.924,5
-2.247,-1.695,4,K,61(E1),I,-2.649,2
0,0,,K,61(E1),K,0,
-1.171,-0.5313,11,K,61(E1),L,-0.7465,5
-2.325,-1.812,6,K,61(E1),M,-2.163,4
-2.107,-1.495,12,K,61(E1),N,-1.631,5
-6.41,-7.396,8,K,61(E1),P,-8,5
-1.672,-0.9702,10,K,61(E1),Q,-1.155,6
-0.9193,-0.3681,1,K,61(E1),R,,
-1.656,-0.953,4,K,61(E1),S,-1.964,2
-2.194,-1.618,12,K,61(E1),T,-2.014,3
-1.229,-0.5736,14,K,61(E1),V,-0.7453,4
-3.773,-4.533,7,K,61(E1),W,-4.766,5
-2.173,-1.587,8,K,61(E1),Y,-1.911,6
-6.78,-7.506,5,C,62(E1),*,-8,1
-0.5953,-0.2031,3,C,62(E1),-,,
-6.392,-7.389,5,C,62(E1),A,-8,4
0,0,,C,62(E1),C,0,
-6.632,-7.466,5,C,62(E1),D,-8,4
-6.893,-7.533,5,C,62(E1),E,-8,3
-9.547,-7.748,11,C,62(E1),F,-8,6
-7.347,-7.616,5,C,62(E1),G,-8,4
-5.782,-7.1,6,C,62(E1),H,-7.36,4
-7.238,-7.599,6,C,62(E1),I,-8,3
-7.235,-7.599,7,C,62(E1),K,-8,3
-7.491,-7.635,13,C,62(E1),L,-8,8
-6.541,-7.439,8,C,62(E1),M,-8,5
-7.005,-7.557,11,C,62(E1),N,-7.891,3
-6.283,-7.348,10,C,62(E1),P,-8,7
-5.973,-7.207,6,C,62(E1),Q,-7.751,4
-6.538,-7.438,7,C,62(E1),R,-7.717,4
-7.111,-7.577,7,C,62(E1),S,-8,2
-8.533,-7.719,8,C,62(E1),T,-8,6
-6.743,-7.497,8,C,62(E1),V,-8,4
-8.086,-7.693,8,C,62(E1),W,-8,5
-7.764,-7.666,23,C,62(E1),Y,-8,5
-1.172,-0.5324,3,C,63(E1),-,,
-8.571,-7.72,14,C,63(E1),A,-8,4
0,0,,C,63(E1),C,0,
-6.644,-7.47,10,C,63(E1),D,-8,6
-7.285,-7.606,5,C,63(E1),E,-8,2
-7.28,-7.606,12,C,63(E1),F,-8,5
-7.259,-7.602,10,C,63(E1),G,-8,4
-7.131,-7.581,4,C,63(E1),H,-8,2
-7.754,-7.665,11,C,63(E1),I,-8,9
-7.164,-7.587,10,C,63(E1),K,-8,7
-8.156,-7.698,14,C,63(E1),L,-8,9
-7.407,-7.624,5,C,63(E1),M,-8,3
-7.601,-7.649,10,C,63(E1),N,-8,6
-7.324,-7.612,9,C,63(E1),P,-8,4
-8.509,-7.717,5,C,63(E1),Q,-8,3
-7.863,-7.675,15,C,63(E1),R,-8,7
-7.388,-7.622,9,C,63(E1),S,-8,3
-6.538,-7.438,6,C,63(E1),T,-8,4
-7.67,-7.656,11,C,63(E1),V,-8,7
-6.133,-7.285,10,C,63(E1),W,-7.458,2
-7.361,-7.618,15,C,63(E1),Y,-8,5
0.04655,0.01168,3,G,64(E1),-,,
-2.652,-2.354,5,G,64(E1),A,-2.411,3
-6.771,-7.504,13,G,64(E1),C,-8,7
-6.584,-7.452,17,G,64(E1),D,-8,1
-3.693,-4.378,11,G,64(E1),E,-4.571,6
-5.988,-7.215,6,G,64(E1),F,-7.6,4
0,0,,G,64(E1),G,0,
-3.251,-3.496,8,G,64(E1),H,-3.73,5
-6.225,-7.325,5,G,64(E1),I,-7.514,2
-3.066,-3.129,5,G,64(E1),K,-3.086,2
-7.022,-7.56,10,G,64(E1),L,-8,8
-4.004,-4.968,8,G,64(E1),M,-5.079,4
-4.179,-5.278,6,G,64(E1),N,-5.25,3
-6.72,-7.491,7,G,64(E1),P,-8,4
-2.774,-2.574,6,G,64(E1),Q,-2.808,4
-3.738,-4.466,3,G,64(E1),R,-4.481,1
-1.96,-1.301,14,G,64(E1),S,-1.994,5
-3.925,-4.823,10,G,64(E1),T,-5.485,7
-7.009,-7.557,8,G,64(E1),V,-8,3
-7.478,-7.634,7,G,64(E1),W,-8,4
-7.195,-7.592,7,G,64(E1),Y,-8,4
0.1051,0.02566,3,T,65(E1),-,,
-0.2408,-0.06917,10,T,65(E1),A,-0.3147,6
-6.539,-7.438,7,T,65(E1),C,-8,3
-1.781,-1.088,8,T,65(E1),D,-1.231,4
-1.086,-0.4722,8,T,65(E1),E,0.06348,5
-1.42,-0.7288,9,T,65(E1),F,-1.189,3
0.1451,0.03478,6,T,65(E1),G,0.3371,1
-2.284,-1.751,3,T,65(E1),H,-2.002,2
-1.289,-0.6203,20,T,65(E1),I,-1.466,7
-6.508,-7.429,4,T,65(E1),K,-8,2
-1.254,-0.5932,5,T,65(E1),L,-0.6281,4
0.04349,0.01092,6,T,65(E1),M,0.4592,3
-1.529,-0.8276,8,T,65(E1),N,-1.191,3
-1.703,-1.002,4,T,65(E1),P,,
0.2807,0.06326,9,T,65(E1),Q,-0.04992,3
-6.592,-7.454,1,T,65(E1),R,-8,1
-0.1949,-0.05476,3,T,65(E1),S,0.5039,2
0,0,,T,65(E1),T,0,
-2.121,-1.514,8,T,65(E1),V,-2.001,5
-2.951,-2.906,7,T,65(E1),W,-3.575,5
-2.027,-1.387,9,T,65(E1),Y,-0.6205,2
0.3155,0.06998,4,A,66(E1),-,,
0,0,,A,66(E1),A,0,
-1.728,-1.029,5,A,66(E1),C,-2.939,1
-2.819,-2.656,8,A,66(E1),D,-2.982,3
-2.276,-1.738,5,A,66(E1),E,-2.107,1
-3.032,-3.063,6,A,66(E1),F,-3.901,3
-1.316,-0.642,1,A,66(E1),G,-0.888,1
-1.696,-0.9949,3,A,66(E1),H,-3.747,1
0.5125,0.1042,5,A,66(E1),I,-2.039,2
-4.548,-5.864,5,A,66(E1),K,-6.183,2
-2.811,-2.642,5,A,66(E1),L,-2.922,3
-3.485,-3.965,4,A,66(E1),M,-4.038,3
-2.823,-2.664,9,A,66(E1),N,-3.293,4
-2.888,-2.787,12,A,66(E1),P,-3.1,5
-3.183,-3.36,7,A,66(E1),Q,-3.301,4
-3.748,-4.486,8,A,66(E1),R,-4.682,7
-1.835,-1.15,10,A,66(E1),S,-0.9603,1
-0.2299,-0.06569,69,A,66(E1),T,-0.2191,8
0.06367,0.01584,10,A,66(E1),V,-1.028,1
-3.62,-4.235,11,A,66(E1),W,-4.432,8
-2.671,-2.389,4,A,66(E1),Y,-2.413,2
-0.5576,-0.1868,2,E,67(E1),*,,
-4.157,-5.24,5,E,67(E1),-,,
-2.698,-2.436,12,E,67(E1),A,-2.818,9
-8.474,-7.716,11,E,67(E1),C,-8,6
-3.021,-3.042,8,E,67(E1),D,-3.132,2
0,0,,E,67(E1),E,0,
-3.634,-4.263,5,E,67(E1),F,-4.595,3
-2.968,-2.94,14,E,67(E1),G,-3.017,5
-3.579,-4.154,6,E,67(E1),H,-4.201,6
-2.54,-2.161,6,E,67(E1),I,-2.26,3
-4.018,-4.993,10,E,67(E1),K,-5.62,1
-3.537,-4.07,7,E,67(E1),L,-4.351,4
-3.577,-4.15,4,E,67(E1),M,-4.095,2
-3.672,-4.336,7,E,67(E1),N,-4.703,4
-4.789,-6.191,9,E,67(E1),P,-6.116,3
-2.302,-1.778,4,E,67(E1),Q,-2.035,3
-4.426,-5.682,5,E,67(E1),R,-6.087,4
-1.592,-0.8883,3,E,67(E1),S,-2.119,1
-2.593,-2.251,7,E,67(E1),T,-2.233,5
-2.878,-2.767,9,E,67(E1),V,-3.284,4
-3.344,-3.683,4,E,67(E1),W,-3.755,2
-5.097,-6.545,5,E,67(E1),Y,-6.664,3
-7.394,-7.623,5,C,68(E1),*,-8,2
-0.6318,-0.2194,4,C,68(E1),-,,
-6.321,-7.363,5,C,68(E1),A,-8,4
0,0,,C,68(E1),C,0,
-6.332,-7.367,5,C,68(E1),E,-8,1
-6.941,-7.543,13,C,68(E1),F,-8,5
-6.713,-7.489,7,C,68(E1),G,-8,6
-7.241,-7.6,7,C,68(E1),H,-8,3
-7.564,-7.644,12,C,68(E1),I,-8,6
-7.815,-7.671,5,C,68(E1),K,-8,1
-6.018,-7.23,12,C,68(E1),L,-7.745,4
-6.743,-7.497,11,C,68(E1),M,-8,5
-5.62,-6.994,5,C,68(E1),N,-7.402,4
-6.601,-7.457,1,C,68(E1),P,-8,1
-6.93,-7.541,9,C,68(E1),Q,-7.584,3
-8.783,-7.729,11,C,68(E1),R,-8,5
-6.807,-7.513,13,C,68(E1),S,-8,6
-6.216,-7.321,9,C,68(E1),T,-8,5
-4.883,-6.306,7,C,68(E1),V,-6.58,3
-6.544,-7.44,6,C,68(E1),W,-8,3
-7.075,-7.57,23,C,68(E1),Y,-8,3
-2.78,-2.585,4,K,69(E1),-,,
-1.533,-0.831,9,K,69(E1),A,-0.02216,5
-1.8,-1.109,9,K,69(E1),C,-1.396,4
-1.52,-0.8193,8,K,69(E1),D,-1.134,7
0.9375,0.1591,12,K,69(E1),E,-0.9095,5
-0.08673,-0.02315,7,K,69(E1),F,-0.9899,4
6.419,0.2646,12,K,69(E1),G,0.02675,8
0.2767,0.06247,10,K,69(E1),H,0.4114,6
-1.207,-0.5574,5,K,69(E1),I,,
0,0,,K,69(E1),K,0,
1.677,0.2142,5,K,69(E1),L,0.3407,4
0.09436,0.02315,9,K,69(E1),M,0.8239,1
0.1315,0.03171,15,K,69(E1),N,-1.245,9
-1.016,-0.4267,8,K,69(E1),P,-0.2008,5
-1.448,-0.7536,5,K,69(E1),Q,-4.643,2
0.329,0.07253,7,K,69(E1),R,-0.3003,2
-0.2187,-0.06217,3,K,69(E1),S,0.004872,1
0.9153,0.1568,7,K,69(E1),T,-0.82,4
0.196,0.04589,9,K,69(E1),V,-0.8936,3
-0.1637,-0.04532,9,K,69(E1),W,0.2489,5
-0.3304,-0.09907,10,K,69(E1),Y,-0.06317,5
-2.358,-1.865,3,D,70(E1),-,,
3.083,0.2525,5,D,70(E1),A,-0.1332,3
-2.888,-2.787,7,D,70(E1),C,-2.964,2
0,0,,D,70(E1),D,0,
2.836,0.249,8,D,70(E1),E,-0.1925,4
1.422,0.1995,12,D,70(E1),F,0.1985,10
-0.3202,-0.09556,7,D,70(E1),G,-0.7228,2
0.5555,0.1108,5,D,70(E1),H,0.07115,4
-0.9681,-0.3972,7,D,70(E1),I,-0.505,5
-2.883,-2.776,4,D,70(E1),K,-2.317,1
-1.917,-1.248,4,D,70(E1),L,-2.249,2
-1.022,-0.4305,8,D,70(E1),M,-0.7997,6
0.5272,0.1065,12,D,70(E1),N,-0.4347,2
-2.256,-1.708,7,D,70(E1),P,-1.405,5
0.94,0.1594,6,D,70(E1),Q,-0.2632,2
-1.13,-0.5022,3,D,70(E1),R,-0.00565,2
1.138,0.1782,2,D,70(E1),S,-0.4652,1
-2.142,-1.543,5,D,70(E1),T,-0.4468,3
0.2828,0.06367,6,D,70(E1),V,-0.7888,2
2.351,0.2391,7,D,70(E1),W,1.541,3
0.3402,0.07463,13,D,70(E1),Y,-0.04818,4
-0.2652,-0.07708,1,K,71(E1),-,,
-1.128,-0.5011,4,K,71(E1),A,-1.074,2
-2.753,-2.537,5,K,71(E1),C,-2.529,3
-2.407,-1.942,8,K,71(E1),D,-2.251,5
-0.2014,-0.05677,10,K,71(E1),E,0.8327,3
-2.6,-2.263,8,K,71(E1),F,-2.093,2
-2.566,-2.205,4,K,71(E1),G,-2.9,3
-0.04108,-0.01074,12,K,71(E1),H,0.3394,6
0.1285,0.03103,8,K,71(E1),I,-0.7949,6
0,0,,K,71(E1),K,0,
-1.206,-0.5568,11,K,71(E1),L,-0.2852,5
-0.7227,-0.2625,7,K,71(E1),M,,
-0.9458,-0.3837,12,K,71(E1),N,-0.1143,1
-3.399,-3.793,11,K,71(E1),P,-3.725,9
0.6239,0.1208,7,K,71(E1),Q,0.3699,3
-0.2212,-0.06294,12,K,71(E1),R,-1.282,3
-1.601,-0.8976,7,K,71(E1),S,-0.979,4
-0.8067,-0.3055,9,K,71(E1),T,-0.3765,1
-0.7422,-0.2722,6,K,71(E1),V,,
-1.73,-1.031,10,K,71(E1),W,-0.1911,2
0.6499,0.1245,8,K,71(E1),Y,-0.26,4
-0.4386,-0.1386,1,S,72(E1),-,,
-1.851,-1.169,7,S,72(E1),A,-1.012,4
-1.561,-0.8585,9,S,72(E1),C,-0.6437,5
-0.57,-0.1921,5,S,72(E1),D,0.3011,2
3.039,0.252,5,S,72(E1),E,-0.2202,3
-0.01556,-0.004017,8,S,72(E1),F,-0.3955,4
-0.7961,-0.2999,12,S,72(E1),G,-0.7352,5
-1.16,-0.5234,5,S,72(E1),H,-0.7802,4
-0.5634,-0.1892,9,S,72(E1),I,0.07436,3
1.326,0.193,8,S,72(E1),K,-0.6912,5
-0.6731,-0.2386,7,S,72(E1),L,-0.1222,5
0.3232,0.07145,11,S,72(E1),M,0.1209,6
0.8718,0.1521,8,S,72(E1),N,-0.4063,3
2.691,0.2465,6,S,72(E1),P,0.5235,5
1.433,0.2002,5,S,72(E1),Q,-0.3039,3
-0.9601,-0.3923,11,S,72(E1),R,-1.279,2
0,0,,S,72(E1),S,0,
3.737,0.2586,7,S,72(E1),T,-0.01645,4
0.1725,0.04084,8,S,72(E1),V,0.2429,5
-1.004,-0.419,8,S,72(E1),W,-0.2526,5
0.3229,0.07138,5,S,72(E1),Y,-0.376,4
-0.2451,-0.07056,1,L,73(E1),-,,
0.49,0.1006,8,L,73(E1),A,-0.8458,6
-3.395,-3.785,8,L,73(E1),C,-4.347,5
-1.191,-0.5459,6,L,73(E1),D,-1.41,3
-0.1139,-0.03081,7,L,73(E1),E,0.2677,5
-1.788,-1.096,7,L,73(E1),F,-0.888,2
-2.273,-1.734,2,L,73(E1),G,-1.773,1
-1.022,-0.4308,5,L,73(E1),H,-1.075,3
-0.7192,-0.2608,5,L,73(E1),I,-0.1187,3
-0.9365,-0.3782,12,L,73(E1),K,-0.3919,5
0,0,,L,73(E1),L,0,
-0.2607,-0.07561,12,L,73(E1),M,-0.2928,3
-1.751,-1.055,5,L,73(E1),N,-1.26,4
-3.868,-4.716,12,L,73(E1),P,-5.281,4
-0.8176,-0.3113,8,L,73(E1),Q,-0.0084,4
-1.897,-1.224,10,L,73(E1),R,-1.008,3
-1.373,-0.6883,6,L,73(E1),S,-0.5697,5
-1.216,-0.5642,5,L,73(E1),T,-1.124,3
-0.6552,-0.2302,8,L,73(E1),V,-0.2152,4
-1.168,-0.5293,2,L,73(E1),W,-1.217,1
-1.412,-0.7214,11,L,73(E1),Y,-1.519,7
-0.9088,-0.362,3,P,74(E1),A,-1.251,1
-6.355,-7.376,6,P,74(E1),C,-7.702,4
-6.673,-7.478,8,P,74(E1),D,-8,5
-5.575,-6.962,6,P,74(E1),E,-5.738,2
-5.455,-6.871,6,P,74(E1),F,-7.191,4
-2.51,-2.11,4,P,74(E1),G,-2.186,2
-2.816,-2.652,12,P,74(E1),H,-2.801,5
-2.849,-2.713,6,P,74(E1),I,-3.627,4
-4.98,-6.418,5,P,74(E1),K,-6.628,2
-6.45,-7.409,12,P,74(E1),L,-7.872,6
-5.29,-6.731,7,P,74(E1),M,-7.027,3
-3.288,-3.571,9,P,74(E1),N,-4.089,3
0,0,,P,74(E1),P,0,
-3.435,-3.865,9,P,74(E1),Q,-3.635,6
-4.335,-5.537,7,P,74(E1),R,-5.628,4
-0.751,-0.2766,19,P,74(E1),S,-0.03509,6
-1.461,-0.7653,10,P,74(E1),T,-1.106,7
-2.003,-1.356,5,P,74(E1),V,-1.429,4
-4.197,-5.308,3,P,74(E1),W,,
-3.566,-4.127,13,P,74(E1),Y,-4.34,6
-1.889,-1.214,11,D,75(E1),A,-1.433,4
-7.622,-7.651,8,D,75(E1),C,-8,4
0,0,,D,75(E1),D,0,
-2.179,-1.597,3,D,75(E1),E,,
-5.953,-7.197,9,D,75(E1),F,-7.345,2
-1.766,-1.071,6,D,75(E1),G,-0.6359,1
-3.692,-4.376,10,D,75(E1),H,-4.601,4
-7.173,-7.588,12,D,75(E1),I,-8,6
-8.368,-7.71,5,D,75(E1),K,-8,1
-6.638,-7.468,13,D,75(E1),L,-8,7
-3.782,-4.551,5,D,75(E1),M,-4.684,4
-1.299,-0.628,13,D,75(E1),N,-0.9935,6
-6.281,-7.347,10,D,75(E1),P,-8,4
-2.733,-2.499,6,D,75(E1),Q,-2.869,5
-7.141,-7.582,6,D,75(E1),R,-8,2
-1.32,-0.6446,7,D,75(E1),S,-0.8614,6
-6.44,-7.406,6,D,75(E1),T,-8,1
-6.724,-7.492,11,D,75(E1),V,-8,5
-7.313,-7.611,5,D,75(E1),W,-8,2
-6.569,-7.448,15,D,75(E1),Y,-7.757,6
-7.198,-7.592,2,Y,76(E1),*,,
-4.048,-5.047,10,Y,76(E1),A,-4.994,6
-7.01,-7.558,4,Y,76(E1),C,-8,1
-5.385,-6.814,4,Y,76(E1),D,-5.648,2
-6.488,-7.422,6,Y,76(E1),E,,
0.6654,0.1266,5,Y,76(E1),F,0.2641,2
-5.99,-7.216,4,Y,76(E1),G,-8,3
-4.326,-5.523,5,Y,76(E1),H,-6.91,1
-7.401,-7.624,7,Y,76(E1),I,-8,3
-7.688,-7.658,5,Y,76(E1),K,-8,4
-6.024,-7.233,7,Y,76(E1),L,-7.244,2
-6.34,-7.37,10,Y,76(E1),M,-8,6
-5.308,-6.747,9,Y,76(E1),N,-6.373,5
-7.176,-7.589,4,Y,76(E1),P,-8,2
-7.627,-7.652,8,Y,76(E1),Q,-8,4
-6.954,-7.546,7,Y,76(E1),R,-8,5
-5.739,-7.073,5,Y,76(E1),S,-7.785,3
-6.287,-7.35,4,Y,76(E1),T,,
-7.366,-7.619,5,Y,76(E1),V,-8,3
-2.564,-2.202,6,Y,76(E1),W,-2.26,5
0,0,,Y,76(E1),Y,0,
1.391,0.1974,7,S,77(E1),A,0.4002,2
0.4765,0.09839,9,S,77(E1),C,-0.9576,6
-2.225,-1.662,1,S,77(E1),D,,
-1.039,-0.4413,5,S,77(E1),E,-0.7873,3
-1.586,-0.8822,9,S,77(E1),F,-0.6027,3
0.2275,0.05251,7,S,77(E1),G,-0.1338,4
1.598,0.21,6,S,77(E1),H,-1.229,3
-1.069,-0.4608,7,S,77(E1),I,-0.444,4
-1.958,-1.299,1,S,77(E1),K,,
-2.02,-1.379,11,S,77(E1),L,-1.386,6
-1.436,-0.7426,13,S,77(E1),M,-0.9165,6
-0.2167,-0.06154,6,S,77(E1),N,,
-6.628,-7.465,6,S,77(E1),P,-8,3
-1.963,-1.306,7,S,77(E1),Q,-0.6232,1
-0.343,-0.1035,7,S,77(E1),R,-0.3725,7
0,0,,S,77(E1),S,0,
2.753,0.2477,6,S,77(E1),T,-0.5827,2
1.881,0.2235,8,S,77(E1),V,-0.1622,5
-3.78,-4.548,6,S,77(E1),W,-3.367,2
-1.579,-0.8757,10,S,77(E1),Y,-1.232,2
-8.813,-7.73,7,C,78(E1),*,-8,1
-5.698,-7.046,5,C,78(E1),A,-7.37,2
0,0,,C,78(E1),C,0,
-5.757,-7.084,3,C,78(E1),D,-7.245,2
-7.339,-7.615,6,C,78(E1),E,-8,4
-5.818,-7.121,13,C,78(E1),F,-8,4
-7.139,-7.582,4,C,78(E1),G,-8,2
-6.376,-7.383,8,C,78(E1),H,-8,6
-7.37,-7.619,5,C,78(E1),I,-8,2
-7.353,-7.617,5,C,78(E1),K,-8,1
-6.813,-7.514,6,C,78(E1),L,-8,4
-7.412,-7.625,4,C,78(E1),M,-8,2
-7.254,-7.602,7,C,78(E1),N,-8,4
-7.057,-7.567,11,C,78(E1),P,-8,4
-6.835,-7.519,6,C,78(E1),Q,-8,3
-6.833,-7.519,11,C,78(E1),R,-8,6
-5.586,-6.97,10,C,78(E1),S,-7.401,6
-7.021,-7.56,6,C,78(E1),T,-8,5
-6.795,-7.51,2,C,78(E1),V,-8,1
-7.256,-7.602,9,C,78(E1),W,-8,1
-8.497,-7.717,28,C,78(E1),Y,-6.884,1
-0.7704,-0.2865,8,K,79(E1),A,-0.784,6
-2.18,-1.598,17,K,79(E1),C,-1.409,8
1.833,0.2215,11,K,79(E1),D,0.2922,6
1.414,0.199,6,K,79(E1),E,0.189,3
-0.9935,-0.4128,13,K,79(E1),F,-0.9996,9
0.2677,0.06067,1,K,79(E1),G,,
0.5146,0.1045,12,K,79(E1),H,-0.252,6
-2.067,-1.44,2,K,79(E1),I,,
0,0,,K,79(E1),K,0,
0.4277,0.09025,9,K,79(E1),L,-1.034,5
0.1711,0.04053,8,K,79(E1),M,-0.04552,4
-1.516,-0.815,10,K,79(E1),N,0.1568,2
-7.919,-7.68,7,K,79(E1),P,-8,6
-1.068,-0.4606,10,K,79(E1),Q,-0.05582,7
5.507,0.264,13,K,79(E1),R,-0.8075,10
-2.046,-1.413,2,K,79(E1),S,-1.641,1
1.146,0.1789,6,K,79(E1),T,0.5182,2
1.975,0.2272,6,K,79(E1),V,-0.0619,2
-2.257,-1.709,14,K,79(E1),W,-1.441,4
-1.245,-0.5857,4,K,79(E1),Y,-0.6614,2
-1.753,-1.056,7,V,80(E1),A,-2.09,3
-6.741,-7.496,6,V,80(E1),C,-5.398,1
-3.433,-3.861,5,V,80(E1),D,-4.06,2
-2.555,-2.187,8,V,80(E1),E,-2.336,5
-7.098,-7.575,10,V,80(E1),F,-8,2
-2.47,-2.044,4,V,80(E1),G,-2.235,2
-5.509,-6.913,4,V,80(E1),H,-7.116,3
-0.626,-0.2168,7,V,80(E1),I,-0.2944,4
-7.087,-7.573,7,V,80(E1),K,-8,4
-2.196,-1.621,13,V,80(E1),L,-2.776,3
-3.663,-4.319,13,V,80(E1),M,-4.423,6
-7.215,-7.595,5,V,80(E1),N,-8,3
-3.126,-3.247,9,V,80(E1),P,-3.718,5
-3.392,-3.779,8,V,80(E1),Q,-3.979,5
-7.212,-7.595,6,V,80(E1),R,-8,3
-2.494,-2.083,7,V,80(E1),S,-2.532,3
-1.278,-0.6113,7,V,80(E1),T,-1.175,2
0,0,,V,80(E1),V,0,
-6.193,-7.311,8,V,80(E1),W,-8,7
-6.642,-7.469,8,V,80(E1),Y,-8,6
-7.133,-7.581,5,F,81(E1),A,-8,2
-7.159,-7.586,14,F,81(E1),C,-8,12
-3.908,-4.791,10,F,81(E1),D,-4.951,4
-3.128,-3.251,5,F,81(E1),E,-2.778,3
0,0,,F,81(E1),F,0,
-5,-6.441,4,F,81(E1),G,-6.376,1
-1.996,-1.348,2,F,81(E1),H,,
-3.547,-4.089,9,F,81(E1),I,-3.827,3
-6.932,-7.541,7,F,81(E1),K,-8,4
-6.844,-7.522,14,F,81(E1),L,-7.942,5
-3.91,-4.794,9,F,81(E1),M,-4.989,2
-11.97,-7.763,8,F,81(E1),N,-8,7
-7.326,-7.613,5,F,81(E1),P,-8,3
-7.369,-7.619,5,F,81(E1),Q,-8,2
-6.487,-7.422,5,F,81(E1),R,-8,5
-7.095,-7.574,3,F,81(E1),S,-8,2
-7.834,-7.673,13,F,81(E1),T,-8,5
-6.006,-7.224,4,F,81(E1),V,-7.541,3
-2.24,-1.684,7,F,81(E1),W,-2.1,3
0.172,0.04071,11,F,81(E1),Y,-0.632,5
0.02,0.005079,12,T,82(E1),A,-0.8276,3
-4.76,-6.154,3,T,82(E1),C,-6.309,2
-0.05393,-0.01418,8,T,82(E1),D,-0.3027,6
-1.559,-0.8564,3,T,82(E1),E,-0.9718,3
-1.413,-0.7224,6,T,82(E1),F,-0.7114,3
0.3596,0.0782,8,T,82(E1),G,-0.9948,3
-0.002447,-0.0006284,7,T,82(E1),H,-0.6442,4
0.007199,0.001839,13,T,82(E1),I,0.2883,2
-2.488,-2.074,4,T,82(E1),K,-2.348,1
0.3102,0.06897,9,T,82(E1),L,-0.1627,5
0.5042,0.1029,6,T,82(E1),M,-0.9903,3
-1.421,-0.7299,6,T,82(E1),N,-1.584,1
1.212,0.1843,11,T,82(E1),P,-0.5223,7
3.374,0.2557,4,T,82(E1),Q,0.2924,2
-2.579,-2.227,5,T,82(E1),R,-5.551,2
0.7407,0.1365,9,T,82(E1),S,-0.432,6
0,0,,T,82(E1),T,0,
-0.04578,-0.01199,10,T,82(E1),V,-0.1992,6
0.2657,0.06028,4,T,82(E1),W,-0.8785,1
0.8602,0.1508,5,T,82(E1),Y,-0.2364,2
-9.463,-7.746,1,G,83(E1),-,,
-0.5358,-0.1776,12,G,83(E1),A,-0.6664,8
-7.384,-7.621,13,G,83(E1),C,-8,4
-0.134,-0.0366,33,G,83(E1),D,-1.421,7
-2.184,-1.604,7,G,83(E1),E,-1.831,3
-5.324,-6.761,5,G,83(E1),F,-7.087,3
0,0,,G,83(E1),G,0,
-1.941,-1.278,6,G,83(E1),H,-1.986,1
-7.294,-7.608,9,G,83(E1),I,-8,5
-6.876,-7.529,3,G,83(E1),K,-7.178,1
-6.714,-7.489,3,G,83(E1),L,-8,1
-2.329,-1.819,5,G,83(E1),M,-1.642,3
-0.7869,-0.2951,9,G,83(E1),N,-0.4488,4
-3.851,-4.683,9,G,83(E1),P,-4.713,8
-1.597,-0.8938,4,G,83(E1),Q,,
-5.901,-7.168,7,G,83(E1),R,-7.665,2
-1.359,-0.6767,10,G,83(E1),S,-0.09805,1
-2.521,-2.128,5,G,83(E1),T,-2.261,2
-6.746,-7.497,3,G,83(E1),V,-8,1
-6.382,-7.386,12,G,83(E1),W,-8,8
-2.619,-2.296,8,G,83(E1),Y,-2.756,6
-7.157,-7.585,4,V,84(E1),A,,
-8.127,-7.696,6,V,84(E1),C,-8,1
-7.829,-7.672,7,V,84(E1),D,-8,5
-7.349,-7.616,7,V,84(E1),E,-8,4
-6.3,-7.355,6,V,84(E1),F,-8,2
-9.359,-7.744,6,V,84(E1),G,-8,2
-7.02,-7.56,10,V,84(E1),H,-8,7
-2.854,-2.722,9,V,84(E1),I,-3.109,6
-6.597,-7.456,3,V,84(E1),K,-7.921,2
-7.534,-7.641,5,V,84(E1),L,-8,1
-6.05,-7.246,21,V,84(E1),M,,
-7.27,-7.604,4,V,84(E1),N,-8,3
-6.587,-7.453,4,V,84(E1),P,-8,3
-6.816,-7.515,8,V,84(E1),Q,-8,4
-6.59,-7.454,9,V,84(E1),R,-8,4
-8.236,-7.703,3,V,84(E1),S,-8,1
-5.525,-6.925,7,V,84(E1),T,-7.101,6
0,0,,V,84(E1),V,0,
-5.901,-7.169,6,V,84(E1),W,-8,4
-7.101,-7.575,5,V,84(E1),Y,-8,2
-7.456,-7.631,6,Y,85(E1),*,-8,1
-7.537,-7.641,8,Y,85(E1),A,-8,4
-7.36,-7.618,8,Y,85(E1),C,-8,4
-7.365,-7.618,7,Y,85(E1),D,-8,4
-7.32,-7.612,8,Y,85(E1),E,-8,4
-6.983,-7.552,8,Y,85(E1),F,-8,5
-6.319,-7.362,13,Y,85(E1),G,-8,7
-8.27,-7.705,21,Y,85(E1),H,-8,7
-6.441,-7.406,12,Y,85(E1),I,-8,5
-6.607,-7.459,2,Y,85(E1),K,-8,2
-7.134,-7.581,2,Y,85(E1),L,-8,2
-6.776,-7.505,4,Y,85(E1),M,-8,2
-7.468,-7.633,10,Y,85(E1),N,-8,7
-8.234,-7.703,2,Y,85(E1),P,,
-5.938,-7.189,5,Y,85(E1),Q,-7.315,2
-4.853,-6.271,5,Y,85(E1),R,-6.531,1
-5.86,-7.146,6,Y,85(E1),S,-8,5
-5.579,-6.965,7,Y,85(E1),T,-7.14,4
-7.288,-7.607,4,Y,85(E1),V,-8,1
-6.09,-7.265,8,Y,85(E1),W,-8,4
0,0,,Y,85(E1),Y,0,
-3.961,-4.889,7,P,86(E1),A,-4.756,6
-6.795,-7.51,6,P,86(E1),C,-8,4
-8.663,-7.724,10,P,86(E1),D,-8,5
-6.172,-7.302,4,P,86(E1),E,-7.473,2
-7.548,-7.642,12,P,86(E1),F,-8,6
-7.935,-7.681,5,P,86(E1),G,-8,3
-7.483,-7.634,8,P,86(E1),H,-8,3
-7.449,-7.63,6,P,86(E1),I,-8,2
-8.866,-7.732,4,P,86(E1),K,-7.741,1
-7.526,-7.64,11,P,86(E1),L,-8,5
-7.433,-7.628,7,P,86(E1),M,-8,5
-5.509,-6.913,10,P,86(E1),N,-7.097,7
0,0,,P,86(E1),P,0,
-5.826,-7.126,3,P,86(E1),Q,,
-7.133,-7.581,3,P,86(E1),R,-8,2
-7.441,-7.629,7,P,86(E1),S,-8,1
-8.516,-7.718,7,P,86(E1),T,-8,1
-7.936,-7.681,8,P,86(E1),V,-8,3
-7.374,-7.62,6,P,86(E1),W,-8,3
-7.452,-7.63,9,P,86(E1),Y,-8,4
-6.87,-7.527,10,F,87(E1),A,-8,6
-7.428,-7.627,6,F,87(E1),C,-8,2
-6.945,-7.544,4,F,87(E1),D,-8,2
-10.03,-7.754,8,F,87(E1),E,-8,3
0,0,,F,87(E1),F,0,
-7.995,-7.686,7,F,87(E1),G,-8,3
-7.483,-7.634,8,F,87(E1),H,-8,4
-6.409,-7.395,15,F,87(E1),I,-8,7
-6.962,-7.548,6,F,87(E1),K,-8,3
-1.37,-0.686,18,F,87(E1),L,-2.105,5
-2.459,-2.026,6,F,87(E1),M,-2.236,4
-5.966,-7.203,6,F,87(E1),N,-8,4
-7.339,-7.615,3,F,87(E1),P,-7.381,2
-6.972,-7.55,6,F,87(E1),Q,-8,3
-7.573,-7.645,6,F,87(E1),R,-8,1
-7.877,-7.676,6,F,87(E1),S,-8,3
-7.907,-7.679,8,F,87(E1),T,-8,4
-7.05,-7.566,10,F,87(E1),V,-8,3
-3.806,-4.598,4,F,87(E1),W,-4.818,3
-3.726,-4.443,6,F,87(E1),Y,-4.996,1
-2.779,-2.583,4,M,88(E1),A,-2.998,2
-7.914,-7.68,5,M,88(E1),C,,
-7.425,-7.627,5,M,88(E1),D,-8,3
-6.322,-7.363,8,M,88(E1),E,-7.856,4
-3.509,-4.013,7,M,88(E1),F,-4.762,3
-7.049,-7.565,4,M,88(E1),G,-8,3
-7.178,-7.589,4,M,88(E1),H,-8,2
-3.962,-4.891,18,M,88(E1),I,-5.148,9
-7.352,-7.617,14,M,88(E1),K,-8,7
-1.974,-1.319,4,M,88(E1),L,-1.535,3
0,0,,M,88(E1),M,0,
-6.905,-7.536,8,M,88(E1),N,-8,4
-7.401,-7.624,10,M,88(E1),P,-8,5
-7.574,-7.646,7,M,88(E1),Q,-8,5
-6.794,-7.509,12,M,88(E1),R,-8,7
-7.662,-7.655,8,M,88(E1),S,-8,6
-5.84,-7.134,7,M,88(E1),T,-7.233,1
-3.077,-3.151,7,M,88(E1),V,-3.265,5
-6.049,-7.245,6,M,88(E1),W,-7.072,3
-2.814,-2.648,5,M,88(E1),Y,-3.283,3
-7.671,-7.656,13,W,89(E1),*,-8,1
-0.2112,-0.05983,1,W,89(E1),-,,
-7.23,-7.598,10,W,89(E1),A,-8,7
-5.92,-7.179,14,W,89(E1),C,-8,4
-6.76,-7.501,4,W,89(E1),D,-7.893,2
-6.502,-7.427,7,W,89(E1),E,-8,4
-7.017,-7.559,9,W,89(E1),F,-7.814,4
-6.721,-7.491,4,W,89(E1),G,-8,2
-7.498,-7.636,7,W,89(E1),H,-8,4
-7.665,-7.656,7,W,89(E1),I,-8,1
-7.557,-7.644,6,W,89(E1),K,-8,6
-6.773,-7.504,9,W,89(E1),L,-8,4
-6.585,-7.453,2,W,89(E1),M,-8,1
-6.721,-7.491,7,W,89(E1),N,-8,4
-7.06,-7.568,12,W,89(E1),P,-8,7
-6.201,-7.314,5,W,89(E1),Q,-8,3
-7.234,-7.598,10,W,89(E1),R,-8,6
-7.34,-7.615,10,W,89(E1),S,-8,5
-7.66,-7.655,7,W,89(E1),T,-8,7
-7.351,-7.616,4,W,89(E1),V,-8,4
0,0,,W,89(E1),W,0,
-5.778,-7.097,9,W,89(E1),Y,-7.114,3
-7.539,-7.641,5,G,90(E1),A,-8,3
-7.537,-7.641,10,G,90(E1),C,-8,5
-8.02,-7.688,21,G,90(E1),D,-8,7
-6.695,-7.484,3,G,90(E1),E,-8,3
-7.544,-7.642,7,G,90(E1),F,-8,5
0,0,,G,90(E1),G,0,
-7.296,-7.608,6,G,90(E1),H,-8,2
-8.012,-7.687,11,G,90(E1),I,-8,9
-6.025,-7.234,10,G,90(E1),K,-8,5
-7.492,-7.636,11,G,90(E1),L,-8,4
-5.942,-7.191,3,G,90(E1),M,-6.856,2
-6.939,-7.543,3,G,90(E1),N,-8,1
-6.624,-7.464,9,G,90(E1),P,-8,6
-8.131,-7.696,5,G,90(E1),Q,-8,2
-7.8,-7.669,15,G,90(E1),R,-8,10
-8.046,-7.69,22,G,90(E1),S,-8,4
-7.251,-7.601,7,G,90(E1),T,-8,3
-7.199,-7.593,16,G,90(E1),V,-8,8
-6.913,-7.537,5,G,90(E1),W,-8,3
-6.933,-7.542,11,G,90(E1),Y,-8,6
-6.886,-7.531,5,G,91(E1),*,,
-6.32,-7.362,4,G,91(E1),A,-7.598,2
-7.072,-7.57,3,G,91(E1),C,-8,2
-7.73,-7.663,9,G,91(E1),D,-8,6
-7.237,-7.599,9,G,91(E1),E,-8,4
-6.601,-7.457,5,G,91(E1),F,-8,3
0,0,,G,91(E1),G,0,
-6.447,-7.408,2,G,91(E1),H,-8,1
-8.755,-7.728,11,G,91(E1),I,-8,3
-7.021,-7.56,5,G,91(E1),K,-7.415,2
-7.795,-7.669,9,G,91(E1),L,-8,5
-7.522,-7.639,12,G,91(E1),M,-8,8
-7.475,-7.633,12,G,91(E1),N,-8,8
-4.563,-5.886,5,G,91(E1),P,-6.037,4
-8.51,-7.717,10,G,91(E1),Q,-8,2
-7.269,-7.604,29,G,91(E1),R,-8,3
-7.057,-7.567,5,G,91(E1),S,-8,2
-7.159,-7.586,5,G,91(E1),T,-8,3
-7.605,-7.649,16,G,91(E1),V,-8,5
-7.069,-7.569,9,G,91(E1),W,-8,5
-7.392,-7.622,13,G,91(E1),Y,-8,11
0,0,,A,92(E1),A,0,
-7.541,-7.642,8,A,92(E1),C,-8,6
-3.844,-4.669,13,A,92(E1),D,-4.64,8
-6.531,-7.436,11,A,92(E1),E,-8,7
-5.058,-6.504,6,A,92(E1),F,-6.553,1
-2.048,-1.416,3,A,92(E1),G,-1.519,1
-4.634,-5.986,7,A,92(E1),H,-5.728,4
-6.072,-7.256,6,A,92(E1),I,-7.705,3
-7.622,-7.651,17,A,92(E1),K,-8,5
-8.259,-7.704,8,A,92(E1),L,-8,4
-5.786,-7.102,6,A,92(E1),M,-6.431,2
-1.718,-1.019,7,A,92(E1),N,-1.57,3
-6.095,-7.267,7,A,92(E1),P,-8,1
-3.917,-4.808,6,A,92(E1),Q,-5.393,1
-5.717,-7.059,9,A,92(E1),R,-8,5
-1.76,-1.065,10,A,92(E1),S,-1.177,5
-6.985,-7.553,8,A,92(E1),T,-8,4
-7.303,-7.609,14,A,92(E1),V,-8,4
-6.843,-7.521,6,A,92(E1),W,-8,4
-4.571,-5.897,6,A,92(E1),Y,-6.311,4
-6.258,-7.338,1,Y,93(E1),*,,
-3.316,-3.626,7,Y,93(E1),A,-1.67,1
-6.101,-7.27,6,Y,93(E1),C,-8,5
-5.89,-7.162,3,Y,93(E1),D,-8,1
-4.452,-5.72,5,Y,93(E1),E,-6.361,3
-0.2291,-0.06543,10,Y,93(E1),F,-0.8722,5
-6.939,-7.543,8,Y,93(E1),G,-8,3
-5.368,-6.8,13,Y,93(E1),H,-7.197,6
-2.964,-2.931,8,Y,93(E1),I,-3.272,3
-5.561,-6.952,9,Y,93(E1),K,-7.31,7
-2.061,-1.433,8,Y,93(E1),L,-1.744,7
-2.672,-2.389,9,Y,93(E1),M,-2.238,5
-6.074,-7.257,7,Y,93(E1),N,-8,4
-7.642,-7.653,14,Y,93(E1),P,-8,7
-3.828,-4.64,2,Y,93(E1),Q,-5.141,2
-7.139,-7.582,4,Y,93(E1),R,-8,2
-4.836,-6.25,4,Y,93(E1),S,,
-2.825,-2.669,7,Y,93(E1),T,-2.861,6
-2.114,-1.504,6,Y,93(E1),V,-1.91,2
-3.398,-3.791,2,Y,93(E1),W,,
0,0,,Y,93(E1),Y,0,
-8.383,-7.711,3,C,94(E1),*,,
-5.895,-7.165,1,C,94(E1),-,,
-6.969,-7.549,3,C,94(E1),A,-8,2
0,0,,C,94(E1),C,0,
-6.401,-7.392,7,C,94(E1),D,-8,5
-7.145,-7.583,4,C,94(E1),E,-8,2
-7.028,-7.561,17,C,94(E1),F,-8,6
-6.354,-7.375,12,C,94(E1),G,-8,8
-6.289,-7.35,11,C,94(E1),H,-8,6
-8.974,-7.735,11,C,94(E1),I,-8,5
-7.98,-7.685,7,C,94(E1),K,-8,5
-8.723,-7.726,7,C,94(E1),L,-6.04,2
-7.605,-7.649,7,C,94(E1),M,-8,2
-6.118,-7.278,6,C,94(E1),N,-7.551,5
-6.266,-7.341,8,C,94(E1),P,-8,3
-6.25,-7.335,5,C,94(E1),Q,-7.613,2
-6.252,-7.336,5,C,94(E1),R,-8,4
-6.458,-7.412,9,C,94(E1),S,-8,4
-7.272,-7.604,9,C,94(E1),T,-8,5
-6.529,-7.435,10,C,94(E1),V,-8,6
-7.497,-7.636,7,C,94(E1),W,-8,5
-7.944,-7.682,16,C,94(E1),Y,-8,4
-6.321,-7.363,9,F,95(E1),A,-8,4
-6.59,-7.454,3,F,95(E1),C,-7.816,2
-5.639,-7.007,7,F,95(E1),D,-8,3
-7.342,-7.615,7,F,95(E1),E,-8,4
0,0,,F,95(E1),F,0,
-7.578,-7.646,12,F,95(E1),G,-8,7
-6.594,-7.455,7,F,95(E1),H,-8,5
-3.745,-4.481,12,F,95(E1),I,-5.136,3
-6.991,-7.554,10,F,95(E1),K,-8,8
-3.285,-3.565,12,F,95(E1),L,-3.396,5
-6.736,-7.495,5,F,95(E1),M,-8,5
-7.175,-7.589,10,F,95(E1),N,-8,3
-6.677,-7.479,4,F,95(E1),P,-8,1
-7.536,-7.641,8,F,95(E1),Q,-8,4
-7.13,-7.58,13,F,95(E1),S,-8,3
-6.764,-7.502,4,F,95(E1),T,-8,2
-3.378,-3.751,6,F,95(E1),V,-4.298,4
2.778,0.2481,1,F,95(E1),W,,
-8.764,-7.728,5,F,95(E1),Y,-8,1
-3.263,-3.52,1,C,96(E1),*,,
-7.546,-7.642,6,C,96(E1),A,-8,5
0,0,,C,96(E1),C,0,
-6.903,-7.535,6,C,96(E1),D,-8,3
-7.156,-7.585,8,C,96(E1),E,-8,5
-10.18,-7.756,10,C,96(E1),F,-8,5
-6.584,-7.452,6,C,96(E1),G,-8,3
-6.818,-7.515,5,C,96(E1),H,-8,1
-8.891,-7.732,8,C,96(E1),I,-8,1
-6.837,-7.52,6,C,96(E1),K,-8,3
-6.603,-7.458,12,C,96(E1),L,-8,7
-6.311,-7.359,5,C,96(E1),M,-7.466,2
-6.834,-7.519,8,C,96(E1),N,-8,3
-5.997,-7.22,9,C,96(E1),P,-8,6
-6.579,-7.451,7,C,96(E1),Q,-8,5
-7.156,-7.585,9,C,96(E1),R,-8,2
-6.883,-7.53,14,C,96(E1),S,-8,4
-7.149,-7.584,6,C,96(E1),T,-6.671,2
-6.332,-7.367,5,C,96(E1),V,-8,4
-7.327,-7.613,7,C,96(E1),W,-8,5
-6.73,-7.493,12,C,96(E1),Y,-8,5
-2.681,-2.405,10,D,97(E1),A,-2.957,3
-7.509,-7.638,5,D,97(E1),C,-8,1
0,0,,D,97(E1),D,0,
0.9104,0.1563,13,D,97(E1),E,-0.3726,7
-6.093,-7.266,9,D,97(E1),F,-8,3
-4.506,-5.802,14,D,97(E1),G,-5.552,3
-3.499,-3.994,9,D,97(E1),H,-4.267,5
-2.89,-2.79,2,D,97(E1),I,-3.035,2
-7.908,-7.679,5,D,97(E1),K,-8,2
-2.614,-2.287,5,D,97(E1),L,-2.303,3
-2.989,-2.979,10,D,97(E1),M,-2.936,5
-1.339,-0.66,12,D,97(E1),N,-1.206,5
-6.596,-7.456,7,D,97(E1),P,-8,5
-3.252,-3.498,5,D,97(E1),Q,-3.297,3
-6.684,-7.481,6,D,97(E1),R,-8,4
-2.497,-2.088,3,D,97(E1),S,-2.833,2
-2.401,-1.933,9,D,97(E1),T,-2.953,6
-2.973,-2.949,5,D,97(E1),V,-3.141,1
-4.756,-6.149,4,D,97(E1),W,-6.444,2
-4.255,-5.407,5,D,97(E1),Y,-6.009,3
-3.811,-4.608,1,T,98(E1),-,,
-1.34,-0.661,10,T,98(E1),A,-0.0664,5
-6.313,-7.36,3,T,98(E1),C,-8,3
-2.912,-2.833,2,T,98(E1),D,-3.073,1
-3.183,-3.362,7,T,98(E1),E,-3.725,5
-2.078,-1.455,6,T,98(E1),F,-2.265,4
-0.8246,-0.3151,2,T,98(E1),G,,
-2.179,-1.597,4,T,98(E1),H,-1.814,3
-2.822,-2.662,15,T,98(E1),I,-3.466,6
-4.179,-5.278,4,T,98(E1),K,-6.29,2
-2.214,-1.646,4,T,98(E1),L,-4.945,2
-0.1734,-0.04823,5,T,98(E1),M,-1.408,3
1.091,0.174,3,T,98(E1),N,,
-2.609,-2.279,7,T,98(E1),P,-2.271,5
-0.4864,-0.1573,7,T,98(E1),Q,-0.1975,5
-3.238,-3.472,2,T,98(E1),R,-3.734,1
-0.5542,-0.1853,9,T,98(E1),S,-0.1747,7
0,0,,T,98(E1),T,0,
-0.7536,-0.278,6,T,98(E1),V,-0.2139,3
-2.956,-2.917,6,T,98(E1),W,-3.126,4
-2.155,-1.561,4,T,98(E1),Y,-1.371,3
-7.47,-7.633,8,E,99(E1),*,,
-3.996,-4.954,6,E,99(E1),A,-4.842,4
-6.4,-7.392,8,E,99(E1),C,-5.443,2
-2.869,-2.75,10,E,99(E1),D,-2.617,4
0,0,,E,99(E1),E,0,
-2.903,-2.815,10,E,99(E1),F,-2.622,4
-4.443,-5.707,15,E,99(E1),G,-5.285,4
-3.443,-3.881,7,E,99(E1),H,-5.044,1
-5.958,-7.199,8,E,99(E1),I,-7.076,5
-6.968,-7.549,18,E,99(E1),K,-8,2
-6.228,-7.326,8,E,99(E1),L,-7.769,4
-4.993,-6.433,8,E,99(E1),M,-6.321,3
-5.881,-7.158,10,E,99(E1),N,-7.489,4
-6.393,-7.389,7,E,99(E1),P,-8,4
-2.64,-2.333,5,E,99(E1),Q,-2.307,4
-6.11,-7.274,5,E,99(E1),R,-6.453,2
-4.646,-6.002,11,E,99(E1),S,-6.639,4
-7.566,-7.645,6,E,99(E1),T,-8,1
-6.684,-7.481,8,E,99(E1),V,-8,5
-4.006,-4.971,4,E,99(E1),W,-5.46,4
-4.531,-5.839,11,E,99(E1),Y,-5.65,5
-0.9883,-0.4096,1,N,100(E1),-,,
-6.583,-7.452,7,N,100(E1),A,-8,4
-8.695,-7.725,6,N,100(E1),C,-8,3
-6.178,-7.305,13,N,100(E1),D,-8,5
-6.869,-7.527,7,N,100(E1),E,-8,1
-9.788,-7.751,8,N,100(E1),F,-8,3
-7.081,-7.572,5,N,100(E1),G,-8,2
-9.207,-7.741,6,N,100(E1),H,-8,5
-6.646,-7.47,5,N,100(E1),I,-8,3
-7.303,-7.609,9,N,100(E1),K,-8,2
-6.349,-7.373,8,N,100(E1),L,-7.845,6
-10.59,-7.759,11,N,100(E1),M,-8,4
0,0,,N,100(E1),N,0,
-5.596,-6.977,7,N,100(E1),P,-7.069,2
-6.852,-7.523,7,N,100(E1),Q,-8,4
-7.914,-7.68,7,N,100(E1),R,-8,4
-5.473,-6.885,8,N,100(E1),S,-6.938,3
-6.654,-7.473,13,N,100(E1),T,-8,8
-7.926,-7.681,5,N,100(E1),V,-8,3
-7.222,-7.596,8,N,100(E1),W,-8,5
-6.013,-7.228,3,N,100(E1),Y,,
-1.613,-0.9096,2,T,101(E1),-,,
-1.235,-0.5784,8,T,101(E1),A,-0.8172,4
-3.152,-3.299,4,T,101(E1),C,-3.841,2
0.1441,0.03454,7,T,101(E1),D,-0.9869,3
-1.324,-0.6477,5,T,101(E1),E,0.9346,1
-7.231,-7.598,6,T,101(E1),F,-8,3
-2.896,-2.801,9,T,101(E1),G,-2.787,6
-2.403,-1.936,6,T,101(E1),H,-2.118,5
-1.36,-0.6779,13,T,101(E1),I,-0.9991,9
-5.523,-6.924,9,T,101(E1),K,-8,3
-4.441,-5.705,2,T,101(E1),L,,
-1.651,-0.9478,4,T,101(E1),M,-1.18,1
-1.896,-1.222,7,T,101(E1),N,-2.475,1
-7.561,-7.644,10,T,101(E1),P,-8,5
1.81,0.2205,3,T,101(E1),Q,-0.1145,2
-5.668,-7.027,4,T,101(E1),R,-7.68,3
-1.534,-0.8318,4,T,101(E1),S,-0.923,1
0,0,,T,101(E1),T,0,
1.997,0.228,7,T,101(E1),V,-0.6137,5
-7.102,-7.575,4,T,101(E1),W,-8,2
-4.921,-6.351,3,T,101(E1),Y,-6.744,2
-4.388,-5.623,4,Q,102(E1),*,,
-1.164,-0.5265,1,Q,102(E1),-,,
-7.103,-7.576,7,Q,102(E1),A,-8,3
-8.683,-7.725,6,Q,102(E1),C,-7.393,2
-7.041,-7.564,4,Q,102(E1),D,-8,2
-6.825,-7.517,3,Q,102(E1),E,-8,1
-6.582,-7.452,5,Q,102(E1),F,-8,4
-6.49,-7.423,7,Q,102(E1),G,-8,3
-6.721,-7.491,18,Q,102(E1),H,-8,8
-7.603,-7.649,12,Q,102(E1),I,-7.986,3
-6.661,-7.474,8,Q,102(E1),K,-7.795,4
-6.546,-7.441,11,Q,102(E1),L,-8,9
-7.716,-7.661,9,Q,102(E1),M,-8,5
-7.458,-7.631,8,Q,102(E1),N,-8,3
-7.854,-7.674,14,Q,102(E1),P,-8,9
0,0,,Q,102(E1),Q,0,
-7.073,-7.57,8,Q,102(E1),R,-8,2
-6.337,-7.369,7,Q,102(E1),S,-8,4
-6.93,-7.541,6,Q,102(E1),T,-8,1
-6.777,-7.505,11,Q,102(E1),V,-8,8
-7.183,-7.59,4,Q,102(E1),W,-8,2
-7.547,-7.642,10,Q,102(E1),Y,-8,5
-0.7525,-0.2774,1,L,103(E1),-,,
-4.028,-5.011,4,L,103(E1),A,-6.159,2
-8.8,-7.729,4,L,103(E1),C,-8,1
-6.2,-7.314,7,L,103(E1),D,-7.307,4
-3.638,-4.271,6,L,103(E1),E,-5.216,1
-5.08,-6.527,6,L,103(E1),F,-6.397,3
-6.694,-7.483,6,L,103(E1),G,-8,4
-3.639,-4.272,2,L,103(E1),H,,
-0.1253,-0.03407,6,L,103(E1),I,-0.9529,3
-2.285,-1.751,4,L,103(E1),K,,
0,0,,L,103(E1),L,0,
0.5683,0.1127,15,L,103(E1),M,0.1408,5
-7.466,-7.632,7,L,103(E1),N,-8,5
-7.423,-7.627,8,L,103(E1),P,-8,3
-0.7888,-0.2961,6,L,103(E1),Q,-0.6076,1
-2.977,-2.958,1,L,103(E1),R,,
-3.395,-3.784,5,L,103(E1),S,-3.807,3
-2.838,-2.692,5,L,103(E1),T,-2.917,4
-2.235,-1.678,7,L,103(E1),V,-1.903,4
-5.303,-6.743,5,L,103(E1),W,-7.075,1
-3.932,-4.836,9,L,103(E1),Y,-4.331,5
-2.691,-2.423,3,S,104(E1),A,-5.253,2
-1.45,-0.7551,4,S,104(E1),C,-2.811,1
-6.284,-7.349,4,S,104(E1),D,-8,3
-1.979,-1.325,2,S,104(E1),E,-1.596,1
-7.412,-7.625,9,S,104(E1),F,-8,7
-3.138,-3.271,7,S,104(E1),G,-3.185,4
-7.144,-7.583,4,S,104(E1),H,-8,2
-8.436,-7.714,8,S,104(E1),I,-8,1
-6.726,-7.492,9,S,104(E1),K,-8,4
-6.704,-7.486,9,S,104(E1),L,-8,4
-7.137,-7.582,6,S,104(E1),M,-8,2
-7.531,-7.64,9,S,104(E1),N,-8,3
-7.868,-7.676,16,S,104(E1),P,-8,10
-5.235,-6.681,7,S,104(E1),Q,-7.032,1
-8.384,-7.711,14,S,104(E1),R,-8,11
0,0,,S,104(E1),S,0,
-2.915,-2.837,5,S,104(E1),T,-3.221,2
-6.475,-7.418,7,S,104(E1),V,-8,3
-7.298,-7.608,7,S,104(E1),W,-8,3
-6.987,-7.553,5,S,104(E1),Y,-8,3
-7.16,-7.586,5,E,105(E1),*,-8,2
0.9104,0.1563,1,E,105(E1),-,,
-3.512,-4.02,7,E,105(E1),A,-4.21,4
-7.249,-7.601,6,E,105(E1),C,-8,3
-3.668,-4.329,13,E,105(E1),D,-5.155,5
0,0,,E,105(E1),E,0,
-3.736,-4.463,3,E,105(E1),F,-4.584,1
-6.65,-7.471,14,E,105(E1),G,-8,5
-5.687,-7.039,6,E,105(E1),H,,
-1.859,-1.178,1,E,105(E1),I,,
-6.756,-7.5,21,E,105(E1),K,-8,8
-4.014,-4.987,12,E,105(E1),L,-5.668,7
-3.859,-4.699,5,E,105(E1),M,-5.167,2
-5.865,-7.148,7,E,105(E1),N,-8,3
-7.589,-7.647,7,E,105(E1),P,-8,5
-3.09,-3.177,7,E,105(E1),Q,-2.508,3
-6.976,-7.551,3,E,105(E1),R,-8,1
-4.033,-5.02,7,E,105(E1),S,-5.726,2
-3.164,-3.323,10,E,105(E1),T,-3.459,4
-3.167,-3.33,6,E,105(E1),V,-3.292,2
-4.183,-5.286,2,E,105(E1),W,,
-4.471,-5.75,10,E,105(E1),Y,-6.138,6
0.06956,0.01726,1,A,106(E1),-,,
0,0,,A,106(E1),A,0,
-3.419,-3.834,9,A,106(E1),C,-4.127,4
-6.964,-7.548,12,A,106(E1),D,-8,8
-5.448,-6.866,8,A,106(E1),E,-6.932,5
-6.584,-7.452,8,A,106(E1),F,-8,5
-1.357,-0.6752,5,A,106(E1),G,-0.9908,3
-6.383,-7.386,4,A,106(E1),H,-7.614,1
-1.558,-0.8556,8,A,106(E1),I,-0.984,4
-5.104,-6.552,5,A,106(E1),K,-6.094,1
-2.969,-2.941,12,A,106(E1),L,-3.192,7
-2.334,-1.827,12,A,106(E1),M,-1.943,5
-5.685,-7.038,6,A,106(E1),N,-8,3
-6.851,-7.523,6,A,106(E1),P,-8,1
-7.072,-7.57,5,A,106(E1),Q,-8,2
-6.038,-7.24,8,A,106(E1),R,-8,7
-2.683,-2.41,12,A,106(E1),S,-1.315,3
-3.706,-4.405,27,A,106(E1),T,-3.702,5
-0.9721,-0.3996,21,A,106(E1),V,-0.2688,7
-7.75,-7.665,10,A,106(E1),W,-8,6
-6.898,-7.534,9,A,106(E1),Y,-8,5
-5.452,-6.869,4,H,107(E1),-,,
-2.83,-2.678,6,H,107(E1),A,-2.656,4
-5.516,-6.918,2,H,107(E1),C,-7.621,1
-5.948,-7.194,9,H,107(E1),D,-8,5
-7.235,-7.598,4,H,107(E1),E,-8,3
-1.836,-1.151,6,H,107(E1),F,-1.029,5
-5.667,-7.026,5,H,107(E1),G,-7.479,2
0,0,,H,107(E1),H,0,
-7.298,-7.608,7,H,107(E1),I,-8,4
-5.375,-6.805,5,H,107(E1),K,-7.156,2
-3.532,-4.06,7,H,107(E1),L,-4.168,2
-3.239,-3.473,7,H,107(E1),M,,
-2.603,-2.268,3,H,107(E1),N,,
-7.419,-7.626,27,H,107(E1),P,-8,23
-3.753,-4.495,15,H,107(E1),Q,-4.727,5
-4.066,-5.081,6,H,107(E1),R,-5.914,1
-1.268,-0.6039,3,H,107(E1),S,,
-4.915,-6.345,7,H,107(E1),T,-6.867,2
-6.525,-7.434,16,H,107(E1),V,-8,7
0.2811,0.06332,3,H,107(E1),W,-0.2549,1
-0.5043,-0.1645,4,H,107(E1),Y,-0.5441,1
0.9356,0.159,3,V,108(E1),-,,
-3.236,-3.468,8,V,108(E1),A,-3.527,2
-3.265,-3.525,7,V,108(E1),C,-4.163,5
-6.551,-7.442,12,V,108(E1),D,-8,7
-7.543,-7.642,8,V,108(E1),E,-8,3
-7.07,-7.569,7,V,108(E1),F,-8,2
-6.685,-7.481,6,V,108(E1),G,-8,4
-6.465,-7.414,6,V,108(E1),H,-8,5
-0.5067,-0.1655,7,V,108(E1),I,-0.2607,5
-6.459,-7.412,8,V,108(E1),K,-8,7
-2.657,-2.364,12,V,108(E1),L,-2.292,8
-7.348,-7.616,23,V,108(E1),M,-8,6
-7.644,-7.654,10,V,108(E1),N,-6.799,2
-6.294,-7.353,6,V,108(E1),P,-8,4
-6.745,-7.497,16,V,108(E1),Q,-8,6
-6.115,-7.277,9,V,108(E1),R,-8,5
-7.329,-7.613,8,V,108(E1),S,-8,3
-1.938,-1.274,7,V,108(E1),T,-1.26,4
0,0,,V,108(E1),V,0,
-7.039,-7.564,7,V,108(E1),W,-8,2
-6.209,-7.318,11,V,108(E1),Y,-7.716,6
-3.412,-3.82,4,E,109(E1),*,,
1.03,0.1683,3,E,109(E1),-,,
-0.6924,-0.2478,9,E,109(E1),A,-0.4768,6
-1.983,-1.331,7,E,109(E1),C,-1.466,6
-0.586,-0.199,2,E,109(E1),D,,
0,0,,E,109(E1),E,0,
-1.756,-1.06,3,E,109(E1),F,-0.8096,2
-1.365,-0.6818,5,E,109(E1),G,-0.9644,3
1.88,0.2235,6,E,109(E1),H,0.9999,1
-1.359,-0.677,7,E,109(E1),I,-1.418,3
-1.97,-1.314,59,E,109(E1),K,-1.306,7
0.297,0.06644,9,E,109(E1),L,-0.8534,5
-1.263,-0.5998,8,E,109(E1),M,-0.9258,5
-1.667,-0.9644,11,E,109(E1),N,-0.7492,5
-5.955,-7.198,7,E,109(E1),P,-7.348,2
-1.182,-0.5394,3,E,109(E1),Q,,
-2.078,-1.456,7,E,109(E1),R,-2.456,3
-1.149,-0.5157,4,E,109(E1),S,-0.232,2
-0.2169,-0.06159,3,E,109(E1),T,0.5845,1
-1.658,-0.9552,2,E,109(E1),V,-1.188,2
-1.857,-1.175,11,E,109(E1),W,-1.103,5
-1.854,-1.172,12,E,109(E1),Y,-1.24,8
0.8778,0.1527,3,K,110(E1),-,,
-2.621,-2.3,5,K,110(E1),A,-2.609,3
-4.556,-5.875,10,K,110(E1),C,-6.03,6
-5.896,-7.166,9,K,110(E1),D,-8,5
-2.885,-2.781,8,K,110(E1),E,-2.357,4
-3.236,-3.466,6,K,110(E1),F,-3.719,2
-2.493,-2.081,4,K,110(E1),G,-2.676,2
-2.305,-1.782,8,K,110(E1),H,-2.091,7
-2.936,-2.877,5,K,110(E1),I,-2.66,1
0,0,,K,110(E1),K,0,
-3.824,-4.632,4,K,110(E1),L,-5.13,2
-2.326,-1.814,3,K,110(E1),M,,
-3.632,-4.258,12,K,110(E1),N,-4.988,1
-2.986,-2.974,7,K,110(E1),P,-3.347,3
-2.99,-2.982,7,K,110(E1),Q,-3.477,3
-0.7925,-0.298,6,K,110(E1),R,-2.877,2
-2.55,-2.177,6,K,110(E1),S,-2.209,4
-2.997,-2.996,12,K,110(E1),T,-2.996,8
-3.736,-4.462,5,K,110(E1),V,-4.601,4
-3.561,-4.117,4,K,110(E1),W,-4.451,3
-3.183,-3.361,11,K,110(E1),Y,-3.74,5
1.153,0.1795,2,S,111(E1),-,,
-2.109,-1.497,8,S,111(E1),A,-1.169,5
-1.881,-1.205,8,S,111(E1),C,-1.144,4
-4.005,-4.969,4,S,111(E1),D,-5.231,2
-1.481,-0.7832,6,S,111(E1),E,-1.765,2
-7.088,-7.573,4,S,111(E1),F,-8,2
0.5361,0.1079,6,S,111(E1),G,,
-8.545,-7.719,3,S,111(E1),H,-8,1
-3.21,-3.414,13,S,111(E1),I,-3.724,6
-3.437,-3.869,3,S,111(E1),K,-4.104,2
-2.82,-2.66,6,S,111(E1),L,-2.881,4
-1.177,-0.5354,10,S,111(E1),M,-0.8367,1
-3.791,-4.568,15,S,111(E1),N,-4.611,5
1.234,0.1861,5,S,111(E1),P,,
-2.409,-1.946,4,S,111(E1),Q,-1.393,2
-2.955,-2.914,9,S,111(E1),R,-3.258,2
0,0,,S,111(E1),S,0,
-1.701,-1,12,S,111(E1),T,-1.157,6
-3.208,-3.411,8,S,111(E1),V,-3.697,4
-5.972,-7.207,11,S,111(E1),W,-8,8
-4.581,-5.911,6,S,111(E1),Y,-6.909,2
-5.592,-6.974,3,E,112(E1),*,,
1.064,0.1716,2,E,112(E1),-,,
-0.7406,-0.2714,9,E,112(E1),A,-0.6045,3
-2.198,-1.624,8,E,112(E1),C,-1.94,5
-0.6701,-0.2372,9,E,112(E1),D,-0.8872,4
0,0,,E,112(E1),E,0,
-0.3295,-0.09878,8,E,112(E1),F,0.6079,4
-0.5921,-0.2017,6,E,112(E1),G,0.5506,1
-0.2809,-0.08225,7,E,112(E1),H,-0.334,5
-1.916,-1.246,4,E,112(E1),I,-0.1748,1
-3.56,-4.116,17,E,112(E1),K,-4.703,1
-2.954,-2.912,6,E,112(E1),L,-3.025,3
-2.062,-1.434,3,E,112(E1),M,-1.653,2
-1.345,-0.6654,3,E,112(E1),N,-0.9644,2
-1.913,-1.243,6,E,112(E1),P,-1.344,2
-0.6845,-0.244,10,E,112(E1),Q,-0.5329,6
-3.765,-4.519,4,E,112(E1),R,-4.504,2
-0.4602,-0.147,4,E,112(E1),S,0.186,1
-1.724,-1.025,8,E,112(E1),T,-1.135,3
-1.351,-0.6698,8,E,112(E1),V,-1.274,5
0.04217,0.0106,5,E,112(E1),W,-0.2032,3
1.111,0.1758,4,E,112(E1),Y,1.326,3
-4.996,-6.436,3,S,113(E1),-,,
-2.003,-1.356,7,S,113(E1),A,-1.363,3
-3.332,-3.659,5,S,113(E1),C,-3.866,3
-6.495,-7.424,5,S,113(E1),D,-8,3
-6.175,-7.303,8,S,113(E1),E,-7.633,4
-5.856,-7.143,9,S,113(E1),F,-8,5
1.052,0.1705,6,S,113(E1),G,-0.3131,3
-6.25,-7.335,5,S,113(E1),H,-8,1
-4.308,-5.495,11,S,113(E1),I,-5.61,6
-7.482,-7.634,7,S,113(E1),K,-8,2
-7.166,-7.587,10,S,113(E1),L,-8,1
-5.555,-6.947,4,S,113(E1),M,,
-5.405,-6.831,17,S,113(E1),N,-7.263,3
-8.925,-7.733,26,S,113(E1),P,-8,12
-6.132,-7.284,3,S,113(E1),Q,-7.449,1
-5.661,-7.022,12,S,113(E1),R,-8,5
0,0,,S,113(E1),S,0,
-4.318,-5.511,6,S,113(E1),T,-6.046,3
-2.13,-1.527,8,S,113(E1),V,-1.475,5
-8.26,-7.704,4,S,113(E1),W,-8,1
-6.751,-7.499,4,S,113(E1),Y,-8,1
-7.28,-7.606,2,C,114(E1),*,,
0.6101,0.1189,1,C,114(E1),-,,
-6.827,-7.517,11,C,114(E1),A,-8,6
0,0,,C,114(E1),C,0,
-7.378,-7.62,7,C,114(E1),D,-8,3
-6.358,-7.377,6,C,114(E1),E,-7.531,2
-7.365,-7.618,16,C,114(E1),F,-8,4
-4.717,-6.098,4,C,114(E1),G,,
-7.205,-7.594,4,C,114(E1),H,-8,3
-6.162,-7.298,7,C,114(E1),I,-8,3
-6.297,-7.354,6,C,114(E1),K,-8,4
-6.679,-7.48,6,C,114(E1),L,-8,1
-6.675,-7.478,6,C,114(E1),M,-8,2
-7.239,-7.599,6,C,114(E1),N,-8,6
-8.155,-7.698,5,C,114(E1),P,-8,4
-6.699,-7.485,7,C,114(E1),Q,-8,6
-7.251,-7.601,11,C,114(E1),R,-8,2
-9.303,-7.743,10,C,114(E1),S,-8,6
-6.359,-7.377,6,C,114(E1),T,-7.688,2
-8.572,-7.72,8,C,114(E1),V,-8,3
-7.314,-7.611,3,C,114(E1),W,-8,2
-6.251,-7.335,60,C,114(E1),Y,-8,10
-5.001,-6.443,1,K,115(E1),*,,
1.789,0.2195,1,K,115(E1),-,,
-1.437,-0.7438,4,K,115(E1),A,-1.024,2
0.2303,0.05309,4,K,115(E1),C,-0.2268,3
-1.809,-1.12,6,K,115(E1),D,-0.9006,5
-1.402,-0.713,5,K,115(E1),E,-0.6674,1
1.07,0.1722,5,K,115(E1),F,0.6071,3
0.09324,0.02289,4,K,115(E1),G,-0.1327,2
-0.9912,-0.4113,5,K,115(E1),H,-0.2934,5
-1.716,-1.016,5,K,115(E1),I,-1.312,3
0,0,,K,115(E1),K,0,
-1.52,-0.8189,7,K,115(E1),L,-1.134,3
-0.9465,-0.3841,5,K,115(E1),M,-0.8143,3
-1.283,-0.6152,9,K,115(E1),N,-0.7274,3
0.9433,0.1597,9,K,115(E1),P,-0.7528,5
-1.653,-0.9499,4,K,115(E1),Q,-0.9808,4
-0.04685,-0.01228,8,K,115(E1),R,-0.2535,3
-1.153,-0.5189,8,K,115(E1),S,-0.3978,5
-2.209,-1.639,6,K,115(E1),T,-1.913,3
-1.91,-1.24,6,K,115(E1),V,-3.247,1
-1.823,-1.136,9,K,115(E1),W,-1.181,5
-0.2599,-0.07534,6,K,115(E1),Y,-0.8571,2
0.04175,0.0105,1,T,116(E1),-,,
-2.704,-2.447,3,T,116(E1),A,,
-2.453,-2.015,6,T,116(E1),C,-2.115,2
-3.977,-4.918,5,T,116(E1),D,-5.2,3
-1.336,-0.6576,3,T,116(E1),E,-0.7762,1
-0.5724,-0.1931,6,T,116(E1),F,-0.09178,3
-0.05748,-0.01514,6,T,116(E1),G,-1.746,3
-0.9241,-0.3709,4,T,116(E1),H,-0.5927,2
-0.6683,-0.2363,15,T,116(E1),I,-0.916,6
-1.298,-0.6272,1,T,116(E1),K,,
-0.1648,-0.04565,3,T,116(E1),L,-0.3682,1
-1.153,-0.5187,7,T,116(E1),M,-1.264,3
-1.084,-0.4708,6,T,116(E1),N,-0.4394,3
-6.531,-7.436,8,T,116(E1),P,-8,4
-1.029,-0.4352,7,T,116(E1),Q,0.2033,3
-2.621,-2.301,5,T,116(E1),R,-2.26,3
0.2737,0.06187,5,T,116(E1),S,-0.1815,3
0,0,,T,116(E1),T,0,
0.6425,0.1234,5,T,116(E1),V,-0.3896,3
-0.7561,-0.2792,7,T,116(E1),W,-0.2367,1
-0.3263,-0.09766,9,T,116(E1),Y,-1.279,5
-9.723,-7.751,6,E,117(E1),*,,
-5.771,-7.093,11,E,117(E1),A,-8,6
-7.342,-7.615,9,E,117(E1),C,-8,3
-3.904,-4.784,10,E,117(E1),D,-5,7
0,0,,E,117(E1),E,0,
-6.242,-7.332,9,E,117(E1),F,-8,6
-5.918,-7.178,4,E,117(E1),G,-8,3
-6.964,-7.548,5,E,117(E1),H,-8,1
-7.044,-7.564,7,E,117(E1),I,-8,3
-7.965,-7.684,21,E,117(E1),K,-8,8
-6.61,-7.46,10,E,117(E1),L,-8,3
-4.034,-5.023,8,E,117(E1),M,-5.226,4
-7.815,-7.671,5,E,117(E1),N,,
-6.604,-7.458,9,E,117(E1),P,-8,6
-3.267,-3.529,13,E,117(E1),Q,-3.81,7
-6.91,-7.537,5,E,117(E1),R,-7.481,2
-7.163,-7.586,10,E,117(E1),S,-6.954,4
-4.926,-6.357,6,E,117(E1),T,-6.228,4
-7.929,-7.681,7,E,117(E1),V,-8,4
-7.363,-7.618,2,E,117(E1),W,-8,1
-6.692,-7.483,11,E,117(E1),Y,-8,6
-6.599,-7.457,3,F,118(E1),A,-8,1
-6.387,-7.387,7,F,118(E1),C,-8,3
-6.778,-7.506,5,F,118(E1),D,-8,4
-6.304,-7.356,5,F,118(E1),E,-8,4
0,0,,F,118(E1),F,0,
-5.401,-6.827,1,F,118(E1),G,,
-1.501,-0.8015,2,F,118(E1),H,-3.492,1
-3.686,-4.364,8,F,118(E1),I,-4.123,2
-2.229,-1.668,6,F,118(E1),K,-2.639,1
-2.709,-2.456,6,F,118(E1),L,-2.775,2
-2.961,-2.926,10,F,118(E1),M,-2.613,2
-2.975,-2.953,6,F,118(E1),N,-3.389,2
-7.823,-7.671,6,F,118(E1),P,-8,4
-3.017,-3.035,6,F,118(E1),Q,-3.285,3
-3.531,-4.058,4,F,118(E1),R,-4.823,1
-3.077,-3.152,4,F,118(E1),S,-2.336,2
-6.831,-7.518,9,F,118(E1),T,-6.649,3
-2.272,-1.733,14,F,118(E1),V,-1.441,5
-0.5713,-0.1926,3,F,118(E1),W,-1.674,1
-1.329,-0.6523,3,F,118(E1),Y,-0.7083,2
0,0,,A,119(E1),A,0,
-3.692,-4.376,5,A,119(E1),C,-4.507,3
-6.387,-7.387,9,A,119(E1),D,-8,5
-6.319,-7.362,5,A,119(E1),E,-8,1
-6.194,-7.311,4,A,119(E1),F,-7.441,1
-2.072,-1.448,6,A,119(E1),G,-1.308,3
-5.385,-6.814,1,A,119(E1),H,-6.45,1
-5.778,-7.097,8,A,119(E1),I,-8,4
-6.467,-7.415,9,A,119(E1),K,-8,5
-6.873,-7.528,5,A,119(E1),L,-8,5
-6.96,-7.547,5,A,119(E1),M,-8,3
-7.239,-7.599,6,A,119(E1),N,-8,3
-6.419,-7.399,6,A,119(E1),P,-8,4
-3.041,-3.082,2,A,119(E1),Q,,
-7.619,-7.651,9,A,119(E1),R,-8,6
-2.487,-2.072,12,A,119(E1),S,-1.462,4
-6.704,-7.486,26,A,119(E1),T,-8,7
-1.834,-1.149,31,A,119(E1),V,0.2908,4
-7.129,-7.58,6,A,119(E1),W,-8,3
-6.724,-7.492,6,A,119(E1),Y,-7.721,2
0.6498,0.1244,5,S,120(E1),A,0.07867,4
0.5347,0.1076,5,S,120(E1),C,-0.4431,2
-3.154,-3.303,12,S,120(E1),D,-3.394,9
-0.9934,-0.4127,9,S,120(E1),E,-0.6376,4
-1.244,-0.5851,6,S,120(E1),F,-0.05265,3
-0.2237,-0.06373,12,S,120(E1),G,0.2979,4
-1.185,-0.5411,8,S,120(E1),H,-0.9779,4
-0.3163,-0.0942,9,S,120(E1),I,0.1662,5
-2.192,-1.615,4,S,120(E1),K,-1.859,4
-0.9369,-0.3785,7,S,120(E1),L,-0.6091,5
-1.048,-0.4476,5,S,120(E1),M,-0.43,3
-1.617,-0.9133,13,S,120(E1),N,-2.216,1
-7.099,-7.575,6,S,120(E1),P,-8,2
-0.4281,-0.1346,5,S,120(E1),Q,-0.3842,2
-1.022,-0.4304,10,S,120(E1),R,-0.2414,4
0,0,,S,120(E1),S,0,
0.6221,0.1206,5,S,120(E1),T,-0.218,2
4.577,0.2623,3,S,120(E1),V,-0.7112,1
-0.5391,-0.1789,3,S,120(E1),W,-1.288,1
-1.593,-0.8893,3,S,120(E1),Y,-1.068,1
-0.9081,-0.3616,1,A,121(E1),-,,
0,0,,A,121(E1),A,0,
-1.199,-0.5517,5,A,121(E1),C,-0.4771,3
-6.264,-7.34,15,A,121(E1),D,-8,5
-7.073,-7.57,4,A,121(E1),E,-8,3
-7.208,-7.594,5,A,121(E1),F,-8,2
-1.467,-0.7708,10,A,121(E1),G,-1.348,6
-6.552,-7.442,8,A,121(E1),H,-8,3
-6.34,-7.37,1,A,121(E1),I,,
-6.055,-7.248,6,A,121(E1),K,-8,3
-3.325,-3.645,7,A,121(E1),L,-4.095,4
-3.826,-4.635,6,A,121(E1),M,-4.513,2
-8.396,-7.712,9,A,121(E1),N,-8,3
-7.413,-7.625,8,A,121(E1),P,-8,4
-4.896,-6.322,7,A,121(E1),Q,-5.986,5
-5.859,-7.145,8,A,121(E1),R,-8,6
-1.31,-0.6369,12,A,121(E1),S,0.4203,3
-0.8399,-0.3233,29,A,121(E1),T,0.07047,8
-2.6,-2.263,10,A,121(E1),V,-1.911,2
-7.098,-7.575,7,A,121(E1),W,-8,2
-6.994,-7.555,7,A,121(E1),Y,-8,3
-0.6673,-0.2359,1,Y,122(E1),-,,
-1.551,-0.8488,7,Y,122(E1),A,-1.314,5
-0.7845,-0.2938,9,Y,122(E1),C,-0.5728,6
-7.119,-7.579,9,Y,122(E1),D,-8,6
-3.943,-4.856,10,Y,122(E1),E,-5.003,1
-1.326,-0.6496,6,Y,122(E1),F,-0.9126,5
-7.215,-7.595,4,Y,122(E1),G,-8,3
-1.469,-0.772,21,Y,122(E1),H,-0.1275,7
-1.546,-0.8439,8,Y,122(E1),I,-0.8922,3
-9.853,-7.752,6,Y,122(E1),K,-8,2
-1.476,-0.7785,8,Y,122(E1),L,-0.377,5
-1.014,-0.4256,5,Y,122(E1),M,0.2469,1
-1.732,-1.034,11,Y,122(E1),N,-1.927,2
-7.314,-7.611,4,Y,122(E1),P,-8,3
-1.679,-0.977,6,Y,122(E1),Q,-0.8968,3
-6.373,-7.382,10,Y,122(E1),R,-8,7
-1.307,-0.6345,6,Y,122(E1),S,-1.484,3
-3.427,-3.85,8,Y,122(E1),T,-3.917,4
-1.124,-0.4985,8,Y,122(E1),V,-0.3126,4
-1.627,-0.9232,4,Y,122(E1),W,-1.156,4
0,0,,Y,122(E1),Y,0,
-5.588,-6.971,2,R,123(E1),*,,
-1.327,-0.6506,1,R,123(E1),-,,
-0.9336,-0.3765,8,R,123(E1),A,-0.9125,4
-0.02489,-0.006454,4,R,123(E1),C,-1.284,2
-2.134,-1.532,6,R,123(E1),D,-1.522,4
-0.8561,-0.3322,3,R,123(E1),E,-0.4933,1
-1.066,-0.4593,9,R,123(E1),F,-0.6622,3
0.1562,0.03725,14,R,123(E1),G,-0.3125,4
-1.547,-0.8448,11,R,123(E1),H,-1.432,7
-1.1,-0.4822,11,R,123(E1),I,-0.06788,3
0.5444,0.1091,14,R,123(E1),K,0.3875,5
-0.6365,-0.2216,6,R,123(E1),L,0.452,4
-1.308,-0.6353,3,R,123(E1),M,,
0.4277,0.09024,7,R,123(E1),N,-0.01142,5
-6.901,-7.535,17,R,123(E1),P,-8,13
0.7012,0.1314,13,R,123(E1),Q,-0.3413,6
0,0,,R,123(E1),R,0,
-1.043,-0.4441,14,R,123(E1),S,-0.6253,9
-1.488,-0.7898,8,R,123(E1),T,-0.6006,5
-0.5854,-0.1987,5,R,123(E1),V,-0.3362,4
-1.389,-0.7024,5,R,123(E1),W,-1.035,4
-1.203,-0.5545,6,R,123(E1),Y,-0.3774,4
-1.743,-1.045,3,A,124(E1),-,,
0,0,,A,124(E1),A,0,
-0.2007,-0.05657,6,A,124(E1),C,-0.3811,5
-7.743,-7.664,8,A,124(E1),D,-8,3
-4.498,-5.79,3,A,124(E1),E,-5.972,1
-7.039,-7.563,12,A,124(E1),F,-8,8
-0.005333,-0.001371,4,A,124(E1),G,-0.2307,2
-7.271,-7.604,5,A,124(E1),H,-8,3
-2.235,-1.678,3,A,124(E1),I,-2.013,2
-7.159,-7.586,4,A,124(E1),K,-7.922,1
-1.13,-0.5026,6,A,124(E1),L,-1.202,2
-6.281,-7.347,4,A,124(E1),M,-8,2
-7.356,-7.617,6,A,124(E1),N,-8,2
-3.941,-4.851,6,A,124(E1),P,-4.886,4
-0.9046,-0.3596,4,A,124(E1),Q,-0.4815,1
-6.548,-7.441,7,A,124(E1),R,-8,5
-1.504,-0.804,8,A,124(E1),S,-0.1923,4
-2.013,-1.369,17,A,124(E1),T,-1.178,5
-0.422,-0.1323,13,A,124(E1),V,-0.3066,5
-6.53,-7.436,9,A,124(E1),W,-8,7
-6.07,-7.255,7,A,124(E1),Y,-8,2
-1.638,-0.9342,3,H,125(E1),-,,
-4.909,-6.337,2,H,125(E1),A,,
-6.461,-7.413,2,H,125(E1),C,-8,1
-6.765,-7.502,10,H,125(E1),D,-8,7
-1.991,-1.34,9,H,125(E1),E,-1.234,4
-3.265,-3.524,7,H,125(E1),F,-3.516,6
-7.655,-7.655,4,H,125(E1),G,-8,2
0,0,,H,125(E1),H,0,
2.314,0.2381,7,H,125(E1),I,0.0538,3
-1.548,-0.8455,7,H,125(E1),K,-0.6293,3
-2.395,-1.923,5,H,125(E1),L,-2.683,2
-0.9804,-0.4047,10,H,125(E1),M,-0.2207,7
-2.326,-1.814,10,H,125(E1),N,-1.679,5
-6.962,-7.548,9,H,125(E1),P,-8,5
-0.8947,-0.3539,8,H,125(E1),Q,-0.3376,4
-0.7144,-0.2584,7,H,125(E1),R,-0.5198,4
-2.424,-1.968,4,H,125(E1),S,-3.324,2
-0.505,-0.1648,5,H,125(E1),T,-0.7498,3
-2.244,-1.691,1,H,125(E1),V,-1.947,1
-1.688,-0.9865,5,H,125(E1),W,-1.817,3
-3.511,-4.017,13,H,125(E1),Y,-3.952,5
-1.444,-0.7495,3,T,126(E1),-,,
-7.313,-7.611,10,T,126(E1),A,-8,3
-5.893,-7.164,4,T,126(E1),C,-7.675,4
-6.685,-7.481,7,T,126(E1),D,-8,4
-6.855,-7.524,2,T,126(E1),E,-8,1
-7.35,-7.616,4,T,126(E1),F,-8,2
-6.965,-7.549,4,T,126(E1),G,-8,2
-7.689,-7.658,6,T,126(E1),H,-8,5
-0.557,-0.1865,10,T,126(E1),I,0.3566,2
-7.049,-7.565,7,T,126(E1),K,-8,6
-5.145,-6.593,5,T,126(E1),L,-5.859,2
-6.592,-7.454,7,T,126(E1),M,-8,2
-6.703,-7.486,4,T,126(E1),N,-8,2
-6.389,-7.388,2,T,126(E1),P,-8,1
-5.919,-7.178,8,T,126(E1),Q,-8,3
-6.573,-7.449,7,T,126(E1),R,-8,3
-1.279,-0.6123,10,T,126(E1),S,-0.8389,8
0,0,,T,126(E1),T,0,
-2.554,-2.185,4,T,126(E1),V,-3.057,2
-7.226,-7.597,7,T,126(E1),W,-8,3
-5.79,-7.104,8,T,126(E1),Y,-6.947,4
-3.603,-4.202,5,A,127(E1),-,,
0,0,,A,127(E1),A,0,
-4.386,-5.618,3,A,127(E1),C,-6.418,2
-3.547,-4.09,14,A,127(E1),D,-4.444,9
-4.91,-6.339,2,A,127(E1),E,-6.004,1
-7.565,-7.645,8,A,127(E1),F,-8,5
-0.7675,-0.2851,7,A,127(E1),G,-0.3386,6
-7.594,-7.648,5,A,127(E1),H,-8,2
-6.425,-7.401,5,A,127(E1),I,-8,4
-7.059,-7.567,5,A,127(E1),K,-8,1
-5.456,-6.871,3,A,127(E1),L,-7.103,2
-7.506,-7.637,12,A,127(E1),M,-8,8
-6.46,-7.413,7,A,127(E1),N,-8,6
-7.046,-7.565,6,A,127(E1),P,-8,4
-7.437,-7.628,6,A,127(E1),Q,-8,4
-8.194,-7.7,7,A,127(E1),R,-8,2
-1.252,-0.5915,8,A,127(E1),S,0.4788,3
-5.723,-7.063,18,A,127(E1),T,-7.518,4
-3.714,-4.419,9,A,127(E1),V,-4.073,1
-7.467,-7.632,11,A,127(E1),W,-8,5
-5.169,-6.617,5,A,127(E1),Y,-5.776,2
-3.779,-4.546,5,S,128(E1),-,,
-0.5986,-0.2045,3,S,128(E1),A,0.1534,1
-0.9343,-0.3769,3,S,128(E1),C,-0.4734,3
-2.175,-1.591,3,S,128(E1),D,-0.9876,2
0.8294,0.1472,6,S,128(E1),E,-0.6721,5
-0.4287,-0.1348,6,S,128(E1),F,0.3011,4
0.2902,0.0651,6,S,128(E1),G,0.2023,5
3.245,0.2544,4,S,128(E1),H,-0.8328,2
0.3702,0.08014,8,S,128(E1),I,-0.4822,4
0.03786,0.009535,3,S,128(E1),K,0.0155,2
-0.007618,-0.00196,8,S,128(E1),L,0.3145,5
2.187,0.2344,9,S,128(E1),M,0.5328,6
-0.07552,-0.02006,3,S,128(E1),N,,
-6.998,-7.555,11,S,128(E1),P,-8,4
0.1576,0.03757,5,S,128(E1),Q,0.1331,3
-0.4884,-0.1581,9,S,128(E1),R,-0.2165,7
0,0,,S,128(E1),S,0,
0.651,0.1246,17,S,128(E1),T,-0.1063,5
-0.8925,-0.3527,10,S,128(E1),V,-0.07076,6
0.603,0.1178,4,S,128(E1),Y,0.9889,1
-0.5222,-0.1719,2,A,129(E1),-,,
0,0,,A,129(E1),A,0,
-1.851,-1.169,1,A,129(E1),C,,
-2.787,-2.598,9,A,129(E1),D,-2.126,2
-1.598,-0.8942,3,A,129(E1),E,-0.2675,2
-1.413,-0.723,6,A,129(E1),F,-0.6909,5
3.851,0.2593,7,A,129(E1),G,-0.4902,3
-0.5726,-0.1932,8,A,129(E1),H,-0.1978,7
-1.185,-0.5417,4,A,129(E1),I,-0.2536,3
0.4843,0.09966,5,A,129(E1),K,-0.1662,4
-1.144,-0.5119,2,A,129(E1),L,-0.4185,1
0.4927,0.101,8,A,129(E1),M,-0.1954,6
-0.1459,-0.04007,3,A,129(E1),N,-0.09074,3
-5.891,-7.163,7,A,129(E1),P,-7.588,4
-1.692,-0.9909,6,A,129(E1),Q,-1.042,4
-3.14,-3.276,2,A,129(E1),R,-3.736,1
0.1441,0.03454,9,A,129(E1),S,-0.3323,2
-0.8536,-0.3308,16,A,129(E1),T,0.04461,6
0.2994,0.06689,30,A,129(E1),V,-0.3811,5
-6.708,-7.487,4,A,129(E1),W,-7.873,2
0.7384,0.1362,2,A,129(E1),Y,0.5039,1
0.6208,0.1204,2,S,130(E1),-,,
-0.6855,-0.2445,6,S,130(E1),A,-0.5955,4
-2.344,-1.842,4,S,130(E1),C,0.03348,1
1.666,0.2136,4,S,130(E1),D,-0.1638,4
-0.9724,-0.3998,10,S,130(E1),F,-0.9744,3
1.798,0.2199,5,S,130(E1),G,-1.223,3
-0.2037,-0.05749,3,S,130(E1),I,-0.6521,1
1.654,0.213,4,S,130(E1),K,0.0902,2
-1.859,-1.178,8,S,130(E1),L,-1.268,6
-1.314,-0.6402,13,S,130(E1),M,-0.5349,10
-1.36,-0.678,3,S,130(E1),N,-1.288,2
-3.214,-3.423,11,S,130(E1),P,-3.35,6
-0.7125,-0.2575,6,S,130(E1),Q,-0.1542,3
-1.05,-0.4486,5,S,130(E1),R,-0.1521,4
0,0,,S,130(E1),S,0,
-0.1064,-0.02867,13,S,130(E1),T,-0.2161,6
-1.254,-0.593,5,S,130(E1),V,-1.052,3
-2.132,-1.53,4,S,130(E1),W,-1.448,2
-0.8093,-0.3068,13,S,130(E1),Y,-0.3765,6
-3.928,-4.828,3,A,131(E1),-,,
0,0,,A,131(E1),A,0,
-0.2634,-0.07648,5,A,131(E1),C,-0.2673,4
-5.361,-6.794,8,A,131(E1),D,-6.762,3
-7.626,-7.651,8,A,131(E1),E,-8,6
-0.7998,-0.3018,3,A,131(E1),F,-0.4358,3
-1.435,-0.7417,4,A,131(E1),G,-1.195,3
-3.915,-4.804,8,A,131(E1),H,-4.397,3
-6.746,-7.497,2,A,131(E1),I,-8,1
-7.351,-7.616,4,A,131(E1),K,-8,4
-2.899,-2.807,8,A,131(E1),L,-3.216,6
1.222,0.1851,6,A,131(E1),M,-0.4291,3
-4.634,-5.985,5,A,131(E1),N,-5.478,3
-7.603,-7.649,10,A,131(E1),P,-8,7
-3.642,-4.278,8,A,131(E1),Q,-4.886,3
-5.731,-7.068,4,A,131(E1),R,-7.521,4
0.8969,0.1548,5,A,131(E1),S,,
-2.225,-1.662,33,A,131(E1),T,-1.87,5
-5.331,-6.768,6,A,131(E1),V,,
-6.702,-7.486,2,A,131(E1),W,-4.207,1
-6.663,-7.475,5,A,131(E1),Y,-7.961,2
-0.5294,-0.1749,2,K,132(E1),-,,
-0.2296,-0.0656,5,K,132(E1),A,0.1172,3
0.111,0.02704,5,K,132(E1),C,-0.5482,2
-1.106,-0.4861,10,K,132(E1),D,-0.9685,5
-1.34,-0.6608,2,K,132(E1),E,-0.8876,2
-0.8301,-0.318,7,K,132(E1),F,0.08448,4
-0.873,-0.3416,9,K,132(E1),G,-0.1704,6
1.237,0.1863,4,K,132(E1),H,0.1549,3
-0.087,-0.02323,10,K,132(E1),I,-2.294,5
0,0,,K,132(E1),K,0,
-0.3195,-0.0953,8,K,132(E1),L,0.3643,4
0.1227,0.02972,5,K,132(E1),M,0.03069,1
0.1663,0.03947,11,K,132(E1),N,0.08877,5
-7.604,-7.649,12,K,132(E1),P,-8,8
-0.658,-0.2315,6,K,132(E1),Q,-0.1406,2
-0.9771,-0.4026,8,K,132(E1),R,-0.535,3
-0.8571,-0.3328,7,K,132(E1),S,0.3265,5
1.887,0.2238,7,K,132(E1),T,-0.3666,3
-0.9381,-0.3791,12,K,132(E1),V,-0.335,6
0.1726,0.04085,8,K,132(E1),W,-0.5334,6
-0.3372,-0.1014,9,K,132(E1),Y,0.1684,4
-0.2412,-0.06928,2,L,133(E1),-,,
-0.4698,-0.1507,6,L,133(E1),A,-0.4154,3
-1.947,-1.286,5,L,133(E1),C,-1.826,4
-7.161,-7.586,4,L,133(E1),D,-8,2
-6.379,-7.384,7,L,133(E1),E,-8,6
-0.9647,-0.3951,9,L,133(E1),F,-0.4497,6
-6.314,-7.36,5,L,133(E1),G,-7.659,2
-5.244,-6.69,4,L,133(E1),H,-7.188,2
-0.1044,-0.02812,6,L,133(E1),I,-0.4931,3
-7.273,-7.605,6,L,133(E1),K,-8,3
0,0,,L,133(E1),L,0,
0.8247,0.1467,5,L,133(E1),M,-2.681,1
-7.709,-7.66,5,L,133(E1),N,-7.757,3
-7.823,-7.672,20,L,133(E1),P,-8,6
-7.342,-7.615,7,L,133(E1),Q,-8,4
-8.096,-7.694,6,L,133(E1),R,-8,3
-7.15,-7.584,3,L,133(E1),S,-8,2
-2.693,-2.427,11,L,133(E1),T,-2.567,6
0.3047,0.06792,6,L,133(E1),V,-0.0107,4
-1.984,-1.332,9,L,133(E1),W,-1.577,5
-3.09,-3.177,2,L,133(E1),Y,-3.411,1
-5.349,-6.784,1,R,134(E1),*,,
-3.457,-3.911,5,R,134(E1),A,-3.936,4
-3.647,-4.288,5,R,134(E1),C,-4.826,3
-5.773,-7.094,7,R,134(E1),D,-8,5
-5.44,-6.859,4,R,134(E1),E,-7.167,4
-3.271,-3.536,10,R,134(E1),F,-3.881,6
-4.151,-5.23,9,R,134(E1),G,-4.861,3
-2.485,-2.069,6,R,134(E1),H,-2.169,4
-2.43,-1.978,19,R,134(E1),I,-2.391,6
-1.517,-0.8162,13,R,134(E1),K,0.06171,5
-1.869,-1.19,10,R,134(E1),L,-0.9246,5
-3.076,-3.149,6,R,134(E1),M,-1.786,2
-2.975,-2.952,5,R,134(E1),N,-3.043,2
-7.419,-7.626,9,R,134(E1),P,-8,3
-1.928,-1.261,10,R,134(E1),Q,-0.8129,4
0,0,,R,134(E1),R,0,
-2.693,-2.427,8,R,134(E1),S,-2.866,3
-2.206,-1.635,8,R,134(E1),T,-1.857,5
-2.481,-2.062,8,R,134(E1),V,-2.009,5
-2.459,-2.026,3,R,134(E1),W,-2.286,2
-3.945,-4.861,3,R,134(E1),Y,-4.763,1
-0.6985,-0.2507,12,V,135(E1),A,-0.0415,6
-2.205,-1.633,7,V,135(E1),C,-0.6498,3
-6.948,-7.545,8,V,135(E1),D,-8,6
-6.894,-7.533,12,V,135(E1),E,-8,9
-2.214,-1.647,6,V,135(E1),F,-1.747,3
-5.205,-6.652,6,V,135(E1),G,-6.978,4
-8.429,-7.714,12,V,135(E1),H,-8,4
0.1417,0.03401,6,V,135(E1),I,-0.7208,3
-5.93,-7.184,5,V,135(E1),K,-8,3
0.07525,0.01862,6,V,135(E1),L,0.1287,1
-1.15,-0.5165,18,V,135(E1),M,-1.192,4
-7.006,-7.557,14,V,135(E1),N,-8,8
-7.631,-7.652,8,V,135(E1),P,-8,6
-8.745,-7.727,6,V,135(E1),Q,-8,3
-7.364,-7.618,5,V,135(E1),R,-8,2
-5.554,-6.947,9,V,135(E1),S,-6.824,3
-1.327,-0.6505,23,V,135(E1),T,-0.6827,13
0,0,,V,135(E1),V,0,
-1.98,-1.327,3,V,135(E1),W,-1.363,2
-2.336,-1.83,18,V,135(E1),Y,-2.144,6
0.5436,0.109,5,L,136(E1),A,-0.7718,2
-0.2118,-0.06,7,L,136(E1),C,0.6187,3
-3.462,-3.919,5,L,136(E1),D,-4.43,2
-1.445,-0.7506,9,L,136(E1),E,-0.8795,5
-1.822,-1.135,5,L,136(E1),F,-1.543,1
-0.7772,-0.2901,4,L,136(E1),G,-0.8212,3
-2.172,-1.586,5,L,136(E1),H,-1.448,2
-1.546,-0.8436,4,L,136(E1),I,,
0.2083,0.04851,12,L,136(E1),K,-0.4641,5
0,0,,L,136(E1),L,0,
0.08654,0.02131,13,L,136(E1),M,0.238,7
1.042,0.1696,6,L,136(E1),N,0.07016,3
-6.148,-7.292,10,L,136(E1),P,-8,3
1.579,0.2089,10,L,136(E1),Q,-0.5299,5
-0.5718,-0.1929,8,L,136(E1),R,-0.1072,2
-0.3382,-0.1018,4,L,136(E1),S,0.5423,2
0.3916,0.08395,5,L,136(E1),T,-1.831,2
-0.717,-0.2597,7,L,136(E1),V,0.6595,1
-2.423,-1.968,3,L,136(E1),W,-2.217,1
-0.5751,-0.1943,6,L,136(E1),Y,-0.01472,3
-7.562,-7.644,10,Y,137(E1),*,-8,2
-1.366,-0.6829,8,Y,137(E1),A,-0.3739,6
-2.331,-1.821,6,Y,137(E1),C,-2.003,2
-6.89,-7.532,7,Y,137(E1),D,-8,5
-6.285,-7.349,3,Y,137(E1),E,-8,1
-0.1374,-0.03758,10,Y,137(E1),F,-0.2576,5
-3.966,-4.898,5,Y,137(E1),G,-6.07,1
-1.825,-1.138,10,Y,137(E1),H,-0.2391,5
0.3206,0.07096,9,Y,137(E1),I,0.05163,5
-3.267,-3.529,5,Y,137(E1),K,-3.562,4
-0.7421,-0.2722,6,Y,137(E1),L,-0.1793,2
-1.286,-0.6178,3,Y,137(E1),M,-1.188,3
-2.818,-2.655,3,Y,137(E1),N,-3.099,1
-7.9,-7.678,10,Y,137(E1),P,-8,5
-1.904,-1.232,7,Y,137(E1),Q,-0.9392,4
-8.002,-7.687,6,Y,137(E1),R,-5.203,3
-1.947,-1.285,3,Y,137(E1),S,-1.497,2
2.314,0.2381,2,Y,137(E1),T,0.4244,2
-1.267,-0.6033,10,Y,137(E1),V,-0.3804,7
-0.673,-0.2385,6,Y,137(E1),W,-0.3958,2
0,0,,Y,137(E1),Y,0,
-4.744,-6.134,6,Q,138(E1),*,,
-1.141,-0.5099,8,Q,138(E1),A,-0.5775,3
-0.1056,-0.02845,6,Q,138(E1),C,-0.2434,3
-0.9141,-0.3651,7,Q,138(E1),D,0.727,3
-1.305,-0.6331,5,Q,138(E1),E,-0.6486,1
-0.7068,-0.2548,8,Q,138(E1),F,-0.3426,8
0.03788,0.009541,6,Q,138(E1),G,-0.2524,3
-0.3133,-0.09317,16,Q,138(E1),H,-0.2574,6
-1.538,-0.8364,4,Q,138(E1),I,-2.219,2
0.08585,0.02114,14,Q,138(E1),K,-0.5821,4
3.164,0.2535,7,Q,138(E1),L,0.6155,3
-0.9639,-0.3946,5,Q,138(E1),M,-0.9835,3
-0.6548,-0.23,5,Q,138(E1),N,-0.2469,3
-0.3406,-0.1027,13,Q,138(E1),P,-0.6419,7
0,0,,Q,138(E1),Q,0,
0.5026,0.1026,21,Q,138(E1),R,0.6638,5
-1.645,-0.9418,6,Q,138(E1),S,-0.3019,3
-1.27,-0.6056,11,Q,138(E1),T,-0.1416,8
0.6384,0.1229,6,Q,138(E1),V,-0.6808,2
-0.3106,-0.09224,8,Q,138(E1),W,-0.3343,2
0.4343,0.09136,9,Q,138(E1),Y,-0.388,4
-0.3835,-0.118,7,G,139(E1),A,0.1469,4
-0.4472,-0.1419,5,G,139(E1),C,-0.8761,1
-1.526,-0.8244,49,G,139(E1),D,-0.6858,11
-1.842,-1.157,4,G,139(E1),E,-3.466,1
-1.671,-0.9684,6,G,139(E1),F,-1.151,3
0,0,,G,139(E1),G,0,
1.214,0.1844,8,G,139(E1),H,-0.2906,3
-3.203,-3.401,5,G,139(E1),I,-3.863,3
-0.6894,-0.2463,6,G,139(E1),K,-0.2166,4
-2.114,-1.505,6,G,139(E1),L,-1.114,2
-1.616,-0.9119,6,G,139(E1),M,-1.018,4
0.6186,0.1201,7,G,139(E1),N,0.068,2
-7.074,-7.57,5,G,139(E1),P,-8,5
-1.519,-0.8182,4,G,139(E1),Q,-1.412,2
-1.202,-0.5541,10,G,139(E1),R,0.1547,5
0.7654,0.1396,16,G,139(E1),S,-0.2242,5
0.3618,0.0786,8,G,139(E1),T,0.1091,4
-2.907,-2.822,7,G,139(E1),V,-3.212,2
-2.29,-1.76,7,G,139(E1),W,-1.261,3
-1.684,-0.9819,14,G,139(E1),Y,-1.132,8
-0.2214,-0.06301,4,N,140(E1),A,0.3979,2
1.14,0.1784,6,N,140(E1),C,0.2146,1
-0.5598,-0.1877,6,N,140(E1),D,-0.5979,4
0.4714,0.09757,7,N,140(E1),E,0.2802,4
-0.4087,-0.1273,10,N,140(E1),F,0.01758,7
0.1262,0.03051,7,N,140(E1),G,-0.3196,5
-0.1313,-0.0358,10,N,140(E1),H,-0.3394,7
0.1795,0.04234,12,N,140(E1),I,-0.501,2
1.352,0.1948,5,N,140(E1),K,0.4552,1
-0.7017,-0.2523,7,N,140(E1),L,-0.34,2
-1.172,-0.5319,9,N,140(E1),M,-0.5281,5
0,0,,N,140(E1),N,0,
-4.405,-5.649,9,N,140(E1),P,-5.456,7
0.8594,0.1507,5,N,140(E1),Q,0.5396,4
0.04013,0.0101,5,N,140(E1),R,0.1593,3
0.8782,0.1528,6,N,140(E1),S,-0.2203,3
-0.347,-0.1049,5,N,140(E1),T,0.5469,2
0.3965,0.08481,3,N,140(E1),V,-0.3154,1
-0.9028,-0.3585,9,N,140(E1),W,-0.1682,7
1.541,0.2068,4,N,140(E1),Y,-0.862,3
-2.12,-1.514,8,N,141(E1),A,-1.513,3
-4.964,-6.401,5,N,141(E1),C,-6.755,3
-1.659,-0.9558,7,N,141(E1),D,-1.519,3
-2.837,-2.692,3,N,141(E1),E,-2.691,1
-2.816,-2.652,10,N,141(E1),F,-3.269,6
-4.365,-5.585,11,N,141(E1),G,-5.954,6
-2.126,-1.522,8,N,141(E1),H,-1.329,5
-3.094,-3.186,12,N,141(E1),I,-3.357,7
-2.558,-2.191,5,N,141(E1),K,-1.982,2
-2.95,-2.905,11,N,141(E1),L,-3.278,5
-2.933,-2.873,7,N,141(E1),M,-3.434,5
0,0,,N,141(E1),N,0,
-3.524,-4.044,9,N,141(E1),P,-3.604,7
-1.419,-0.7282,12,N,141(E1),Q,-0.6634,3
-1.629,-0.925,5,N,141(E1),R,-1.389,2
-2.312,-1.793,5,N,141(E1),S,-2.219,4
-3.26,-3.514,9,N,141(E1),T,-4.006,3
-2.455,-2.02,8,N,141(E1),V,-2.518,5
-2.944,-2.894,8,N,141(E1),W,-2.819,3
-1.835,-1.149,7,N,141(E1),Y,-1.458,5
0.02852,0.007214,11,V,142(E1),A,-0.1691,8
-0.4964,-0.1613,9,V,142(E1),C,-0.2417,7
-0.8512,-0.3295,3,V,142(E1),D,-0.2235,2
-0.378,-0.116,7,V,142(E1),E,-0.4181,4
-0.2886,-0.08482,8,V,142(E1),F,-0.1651,5
-1.611,-0.9069,6,V,142(E1),G,-0.9719,1
-1.165,-0.5269,9,V,142(E1),H,-0.4783,5
-1.475,-0.7772,5,V,142(E1),I,-0.6661,2
2.392,0.2401,7,V,142(E1),K,0.08274,5
1.121,0.1767,12,V,142(E1),L,-0.8491,4
-0.5592,-0.1874,10,V,142(E1),M,0.2602,4
-2.109,-1.498,5,V,142(E1),N,-1.784,2
-6.739,-7.496,2,V,142(E1),P,-7.918,1
0.3634,0.0789,5,V,142(E1),Q,0.06422,3
-0.4597,-0.1468,6,V,142(E1),R,0.07996,4
-3.582,-4.159,3,V,142(E1),S,,
-1.025,-0.4324,4,V,142(E1),T,-1,2
0,0,,V,142(E1),V,0,
0.9885,0.1644,4,V,142(E1),W,-4.96,2
1.366,0.1957,9,V,142(E1),Y,-0.07087,5
-3.503,-4.002,17,T,143(E1),A,-4.239,6
-3.347,-3.689,6,T,143(E1),C,-3.552,3
-3.259,-3.513,7,T,143(E1),D,-3.289,2
-1.534,-0.8319,7,T,143(E1),E,-1.053,6
-1.659,-0.9558,9,T,143(E1),F,-1.078,6
-6.507,-7.428,11,T,143(E1),G,-8,7
-2.485,-2.069,6,T,143(E1),H,-2.323,4
-1.74,-1.042,21,T,143(E1),I,-1.134,7
-3.273,-3.541,8,T,143(E1),K,-3.535,3
-2.295,-1.768,6,T,143(E1),L,-1.733,5
-1.899,-1.225,5,T,143(E1),M,-1.301,4
-0.1951,-0.05482,2,T,143(E1),N,-5.957,1
-7.438,-7.629,8,T,143(E1),P,-8,3
-2.612,-2.284,3,T,143(E1),Q,-1.767,1
-4.111,-5.16,8,T,143(E1),R,-4.629,2
0.01778,0.00452,7,T,143(E1),S,-0.07395,4
0,0,,T,143(E1),T,0,
-1.575,-0.8713,8,T,143(E1),V,-1.519,4
-2.29,-1.76,9,T,143(E1),W,-2.201,5
-1.771,-1.076,9,T,143(E1),Y,-0.8937,5
-0.3564,-0.1082,7,V,144(E1),A,-0.7163,4
-1.308,-0.6354,8,V,144(E1),C,-0.09519,4
-7.268,-7.604,6,V,144(E1),D,-8,3
-5.11,-6.559,2,V,144(E1),E,,
-1.218,-0.5658,2,V,144(E1),F,-0.5098,1
-3.13,-3.256,4,V,144(E1),G,-3.642,3
-3.645,-4.283,8,V,144(E1),H,-3.94,5
0.3538,0.07714,1,V,144(E1),I,,
-3.749,-4.487,7,V,144(E1),K,-4.51,4
1.392,0.1975,12,V,144(E1),L,-0.0657,5
0.4877,0.1002,15,V,144(E1),M,-0.4384,6
-4.387,-5.62,5,V,144(E1),N,-7.384,1
-6.107,-7.273,5,V,144(E1),P,-8,3
-1.947,-1.285,2,V,144(E1),Q,-1.539,1
-3.631,-4.257,11,V,144(E1),R,-4.894,7
-3.339,-3.673,5,V,144(E1),S,-3.773,3
-1.332,-0.6545,3,V,144(E1),T,-1.529,1
0,0,,V,144(E1),V,0,
-0.882,-0.3467,12,V,144(E1),W,-0.02658,5
-1.425,-0.7332,5,V,144(E1),Y,-0.8465,2
-0.4985,-0.1622,1,S,145(E1),-,,
-0.869,-0.3394,1,S,145(E1),A,,
0.05445,0.01361,9,S,145(E1),C,0.1065,5
2.162,0.2337,5,S,145(E1),D,0.1105,4
0.4353,0.09153,8,S,145(E1),E,-4.212,2
0.109,0.02656,13,S,145(E1),F,-1.199,4
2.896,0.25,5,S,145(E1),G,0.2037,4
-0.4101,-0.1278,5,S,145(E1),H,-0.3125,2
-1.065,-0.4582,3,S,145(E1),I,-0.7765,3
-1.059,-0.4546,5,S,145(E1),K,-0.5008,2
-0.1901,-0.05329,3,S,145(E1),L,-1.088,2
-0.3324,-0.09977,5,S,145(E1),M,-0.7463,3
0.5214,0.1056,7,S,145(E1),N,-0.422,4
-0.5628,-0.189,8,S,145(E1),P,-0.05222,1
-0.8549,-0.3315,5,S,145(E1),Q,-0.7351,2
-0.7512,-0.2767,7,S,145(E1),R,-0.4674,4
0,0,,S,145(E1),S,0,
-0.3082,-0.09144,9,S,145(E1),T,-0.2813,3
2.193,0.2346,4,S,145(E1),V,0.009128,3
-1.524,-0.8233,7,S,145(E1),W,-0.4148,3
-1.121,-0.4963,8,S,145(E1),Y,-0.7502,3
0.5655,0.1123,2,A,146(E1),-,,
0,0,,A,146(E1),A,0,
1.741,0.2173,1,A,146(E1),C,0.3867,1
-4.15,-5.227,4,A,146(E1),D,-5.63,2
-7.407,-7.624,1,A,146(E1),E,-8,1
-2.232,-1.673,5,A,146(E1),F,-1.369,2
0.7419,0.1366,7,A,146(E1),G,0.173,4
-3.582,-4.159,8,A,146(E1),H,-2.644,3
-1.183,-0.5398,6,A,146(E1),I,-0.6605,3
-7.534,-7.641,8,A,146(E1),K,-8,3
0.3666,0.07948,2,A,146(E1),L,,
-0.8191,-0.3121,5,A,146(E1),M,-0.5271,2
-1.489,-0.7899,7,A,146(E1),N,-0.5246,5
-1.951,-1.29,6,A,146(E1),P,-1.231,2
-2.069,-1.443,1,A,146(E1),Q,,
-12.99,-7.764,10,A,146(E1),R,-8,7
-1.867,-1.187,6,A,146(E1),S,-1.738,2
-1.55,-0.8477,43,A,146(E1),T,-0.5688,8
-0.3746,-0.1148,10,A,146(E1),V,-0.2606,4
-6.287,-7.35,4,A,146(E1),W,-8,3
-2.849,-2.714,5,A,146(E1),Y,-3.093,2
-5.074,-6.521,10,Y,147(E1),*,-6.358,1
-3.708,-4.408,10,Y,147(E1),A,-2.315,5
-7.1,-7.575,12,Y,147(E1),C,-8,4
-3.367,-3.729,9,Y,147(E1),D,-4.14,8
-3.189,-3.373,6,Y,147(E1),E,-3.327,4
1.059,0.1711,5,Y,147(E1),F,0.1397,3
-6.847,-7.522,2,Y,147(E1),G,-8,1
0.3761,0.08119,11,Y,147(E1),H,-0.2364,5
-7.325,-7.613,3,Y,147(E1),I,-8,1
-7.637,-7.653,5,Y,147(E1),K,-8,3
-7.247,-7.6,5,Y,147(E1),L,-8,3
-3.118,-3.231,4,Y,147(E1),M,-3.259,1
-2.597,-2.258,7,Y,147(E1),N,-2.258,6
-6.001,-7.222,4,Y,147(E1),P,-8,3
-3.197,-3.389,7,Y,147(E1),Q,-3.59,7
-2.661,-2.371,5,Y,147(E1),R,-2.746,4
-3.153,-3.301,7,Y,147(E1),S,-3.748,4
-3.048,-3.094,5,Y,147(E1),T,-3.135,3
-5.941,-7.19,3,Y,147(E1),V,-7.457,2
1.267,0.1886,5,Y,147(E1),W,-1.121,3
0,0,,Y,147(E1),Y,0,
1.423,0.1995,1,A,148(E1),-,,
0,0,,A,148(E1),A,0,
-0.7385,-0.2704,5,A,148(E1),C,0.4065,1
-2.853,-2.721,18,A,148(E1),D,-2.443,6
-3.17,-3.334,4,A,148(E1),E,-3.829,2
-1.863,-1.182,11,A,148(E1),F,-1.504,7
-1.195,-0.549,8,A,148(E1),G,-0.2693,3
-3.78,-4.547,11,A,148(E1),H,-4.078,4
0.8313,0.1475,5,A,148(E1),I,0.4782,3
-6.825,-7.517,10,A,148(E1),K,-8,8
-1.362,-0.6796,10,A,148(E1),L,-0.4062,3
-0.828,-0.3169,4,A,148(E1),M,-0.2841,2
-2.971,-2.945,4,A,148(E1),N,-3.577,1
-1.492,-0.7931,8,A,148(E1),P,-0.2946,4
-2.597,-2.259,7,A,148(E1),Q,-2.34,6
-4.818,-6.227,6,A,148(E1),R,-6.443,3
-1.883,-1.207,11,A,148(E1),S,-1.171,4
-1.237,-0.5799,25,A,148(E1),T,-0.3072,5
-0.7717,-0.2872,9,A,148(E1),V,-2.026,2
-5.366,-6.798,6,A,148(E1),W,-7.008,4
-7.12,-7.579,3,A,148(E1),Y,-8,2
2.406,0.2404,1,N,149(E1),-,,
-2.239,-1.683,5,N,149(E1),A,-1.78,2
-1.638,-0.9344,1,N,149(E1),C,-1.216,1
-1.436,-0.7427,6,N,149(E1),D,-1.24,4
-1.059,-0.4548,5,N,149(E1),E,0.0781,2
-2.307,-1.785,8,N,149(E1),F,-1.365,5
1.306,0.1915,2,N,149(E1),G,0.02695,2
-2.772,-2.57,3,N,149(E1),H,-3.686,1
-2.184,-1.603,6,N,149(E1),I,-1.861,2
-1.361,-0.6786,6,N,149(E1),K,-0.07383,2
-1.649,-0.9455,6,N,149(E1),L,-1.671,2
-1.15,-0.5162,3,N,149(E1),M,-0.872,2
0,0,,N,149(E1),N,0,
-2.356,-1.861,5,N,149(E1),P,-1.557,1
-0.8371,-0.3218,6,N,149(E1),Q,0.1751,2
-1.357,-0.6748,13,N,149(E1),R,-0.6101,7
-1.762,-1.067,2,N,149(E1),S,-1.315,2
-0.3885,-0.1198,6,N,149(E1),T,-0.6915,3
-1.346,-0.6659,8,N,149(E1),V,-1.043,4
-0.9081,-0.3616,6,N,149(E1),W,-0.07875,5
2.676,0.2463,3,N,149(E1),Y,-1.722,1
-5.246,-6.691,2,G,150(E1),-,,
-0.7537,-0.278,6,G,150(E1),A,,
-6.229,-7.326,9,G,150(E1),C,-7.609,1
-2.084,-1.463,16,G,150(E1),D,-1.468,6
-3.1,-3.197,5,G,150(E1),E,-3.213,4
-2.097,-1.482,5,G,150(E1),F,-2.024,2
0,0,,G,150(E1),G,0,
-3.186,-3.368,7,G,150(E1),H,-2.744,1
-3.201,-3.397,10,G,150(E1),I,-3.12,7
-7.576,-7.646,10,G,150(E1),K,-8,5
-3.844,-4.67,6,G,150(E1),L,-5.16,3
-2.671,-2.389,5,G,150(E1),M,-3.045,1
-3.315,-3.625,2,G,150(E1),N,,
-7.49,-7.635,12,G,150(E1),P,-8,8
-1.917,-1.248,9,G,150(E1),Q,-1.659,7
-5.81,-7.116,4,G,150(E1),R,-7.561,4
-2.08,-1.458,13,G,150(E1),S,-1.525,8
-2.786,-2.595,6,G,150(E1),T,-3.405,5
-2.739,-2.51,9,G,150(E1),V,-3.494,2
-2.709,-2.456,6,G,150(E1),W,-3.147,2
-2.759,-2.547,14,G,150(E1),Y,-2.944,5
-1.006,-0.4204,6,D,151(E1),A,-0.6982,3
-3.35,-3.694,5,D,151(E1),C,-5.25,2
0,0,,D,151(E1),D,0,
-0.945,-0.3833,9,D,151(E1),E,-0.9387,2
0.8733,0.1522,3,D,151(E1),F,-0.2743,3
-0.8755,-0.343,11,D,151(E1),G,-0.5196,6
0.1614,0.0384,9,D,151(E1),H,0.3757,6
0.06568,0.01633,9,D,151(E1),I,-0.1479,6
-7.543,-7.642,11,D,151(E1),K,-8,7
-0.2039,-0.05755,9,D,151(E1),L,-0.04879,4
0.02437,0.006176,8,D,151(E1),M,-0.5971,5
0.8576,0.1505,18,D,151(E1),N,0.237,5
-2.745,-2.521,7,D,151(E1),P,-2.754,5
-1.49,-0.7917,5,D,151(E1),Q,-0.9487,4
-5.991,-7.217,4,D,151(E1),R,-7.329,2
-6.749,-7.498,4,D,151(E1),S,-7.755,2
-7.848,-7.674,7,D,151(E1),T,-8,5
1.026,0.168,6,D,151(E1),V,0.4901,3
3.122,0.253,7,D,151(E1),W,-0.2245,3
1.901,0.2243,17,D,151(E1),Y,0.5553,8
-2.275,-1.737,4,H,152(E1),A,-1.525,2
-1.66,-0.9573,5,H,152(E1),C,-1.446,2
-0.6167,-0.2126,6,H,152(E1),D,-0.2089,2
-1.263,-0.6,4,H,152(E1),E,-0.7692,1
-1.025,-0.4325,5,H,152(E1),F,0.2733,2
-0.03632,-0.009471,8,H,152(E1),G,-0.3506,7
0,0,,H,152(E1),H,0,
-1.471,-0.7742,11,H,152(E1),I,-0.8566,5
0.2451,0.05613,4,H,152(E1),K,-1.485,2
-0.2997,-0.08855,8,H,152(E1),L,-1.404,4
0.01222,0.003114,4,H,152(E1),M,-0.08611,3
-0.4246,-0.1333,9,H,152(E1),N,-1.096,5
-3.087,-3.171,5,H,152(E1),P,-3.401,4
-0.3292,-0.09868,6,H,152(E1),Q,-0.4934,1
-0.134,-0.0366,7,H,152(E1),R,-0.9106,6
-0.87,-0.3399,10,H,152(E1),S,0.03973,5
0.951,0.1605,3,H,152(E1),T,,
-1.704,-1.004,4,H,152(E1),V,-1.374,1
1.972,0.2271,7,H,152(E1),W,-0.2834,4
-1.448,-0.7531,7,H,152(E1),Y,-0.3748,4
0,0,,A,153(E1),A,0,
-1.734,-1.036,3,A,153(E1),C,-1.472,1
-0.4053,-0.126,8,A,153(E1),D,-0.1346,1
-0.6509,-0.2282,41,A,153(E1),E,0.04643,1
-0.8149,-0.3098,5,A,153(E1),F,-0.482,2
-0.5511,-0.184,2,A,153(E1),G,-1.3,1
0.4043,0.0862,13,A,153(E1),H,0.4887,9
0.6949,0.1305,6,A,153(E1),I,0.6569,2
3.89,0.2595,5,A,153(E1),K,0.5135,2
3.073,0.2524,3,A,153(E1),L,0.9364,3
-0.2488,-0.07175,9,A,153(E1),M,-0.7268,4
-2.012,-1.369,7,A,153(E1),N,-2.078,4
0.2011,0.04698,12,A,153(E1),P,-0.5361,4
3.085,0.2526,5,A,153(E1),Q,0.7745,5
1.679,0.2142,7,A,153(E1),R,0.4357,4
0.9412,0.1595,7,A,153(E1),S,-0.143,5
-0.5084,-0.1662,15,A,153(E1),T,-0.1716,7
0.4661,0.09669,56,A,153(E1),V,0.6024,10
-0.3825,-0.1176,6,A,153(E1),W,-0.6634,5
2.429,0.241,3,A,153(E1),Y,0.524,2
-1.26,-0.5978,1,V,154(E1),-,,
-1.767,-1.073,2,V,154(E1),A,,
-0.6757,-0.2398,6,V,154(E1),C,-0.7104,4
-0.8588,-0.3337,6,V,154(E1),E,-0.6462,4
-0.4635,-0.1483,8,V,154(E1),F,-0.3258,3
-1.352,-0.6707,39,V,154(E1),G,0.09753,1
-1.951,-1.29,1,V,154(E1),H,,
-1.582,-0.8787,4,V,154(E1),I,-1.197,4
-0.04724,-0.01238,7,V,154(E1),K,-0.3368,4
-1.397,-0.7086,11,V,154(E1),L,-1.05,2
-1.807,-1.118,11,V,154(E1),M,-1.492,5
-2.966,-2.935,3,V,154(E1),N,-2.452,2
-5.76,-7.086,6,V,154(E1),P,-7.537,4
-0.8477,-0.3276,9,V,154(E1),Q,-1.738,5
-1.409,-0.7194,5,V,154(E1),R,-0.1861,1
-1.193,-0.5471,3,V,154(E1),S,-0.9221,1
-0.5152,-0.169,10,V,154(E1),T,-0.2246,3
0,0,,V,154(E1),V,0,
-0.6533,-0.2293,8,V,154(E1),W,-0.5328,6
-0.5327,-0.1762,1,V,154(E1),Y,,
-1.169,-0.5302,1,T,155(E1),-,,
0.3342,0.07351,11,T,155(E1),A,0.06856,3
-0.3276,-0.09812,3,T,155(E1),C,,
-0.0501,-0.01315,5,T,155(E1),D,-2.044,1
-1.474,-0.7765,3,T,155(E1),E,,
-3.166,-3.328,7,T,155(E1),F,-4.245,2
-1.203,-0.5546,6,T,155(E1),G,-0.599,4
1.995,0.228,6,T,155(E1),H,0.2849,6
-0.4063,-0.1264,14,T,155(E1),I,-0.3587,3
-0.5584,-0.1871,3,T,155(E1),K,-0.3855,2
-1.206,-0.5568,1,T,155(E1),L,-0.8202,1
-0.5733,-0.1935,3,T,155(E1),M,0.7055,1
0.01354,0.003449,6,T,155(E1),N,-0.2099,3
-0.67,-0.2371,6,T,155(E1),P,-0.1695,1
-0.9203,-0.3687,5,T,155(E1),Q,-0.6556,2
2.697,0.2466,3,T,155(E1),R,0.6805,3
-1.984,-1.332,8,T,155(E1),S,-1.714,4
0,0,,T,155(E1),T,0,
-0.4798,-0.1547,4,T,155(E1),V,-0.339,2
-1.937,-1.272,2,T,155(E1),W,,
-0.1854,-0.05187,5,T,155(E1),Y,,
-0.7446,-0.2734,9,V,156(E1),A,-0.03693,5
-0.5183,-0.1703,4,V,156(E1),C,-0.3246,3
0.2742,0.06197,4,V,156(E1),D,-0.4673,2
-0.09742,-0.02614,2,V,156(E1),E,0.2897,1
-0.8993,-0.3566,10,V,156(E1),F,-0.5504,5
-0.9661,-0.3959,5,V,156(E1),G,-1.116,2
1.722,0.2164,7,V,156(E1),H,0.1048,2
-0.3749,-0.1149,5,V,156(E1),I,-0.3528,4
-1.819,-1.131,9,V,156(E1),K,-1.483,5
-0.0322,-0.008379,9,V,156(E1),L,-0.3892,3
-0.9443,-0.3829,21,V,156(E1),M,0.4852,3
-2.253,-1.704,9,V,156(E1),N,-2.463,5
-3.17,-3.336,5,V,156(E1),P,-3.265,3
2.328,0.2384,4,V,156(E1),Q,-0.3238,2
1.168,0.1807,1,V,156(E1),R,,
-0.7802,-0.2916,3,V,156(E1),S,-0.5238,3
0.06966,0.01729,7,V,156(E1),T,-0.5678,5
0,0,,V,156(E1),V,0,
-0.853,-0.3305,5,V,156(E1),W,-0.3844,3
-0.5879,-0.1998,7,V,156(E1),Y,0.1215,2
-3.955,-4.878,1,K,157(E1),*,,
-1.186,-0.5419,1,K,157(E1),-,,
1.825,0.2211,3,K,157(E1),A,0.1141,1
-0.7632,-0.2829,9,K,157(E1),C,-1.318,3
-0.332,-0.09964,4,K,157(E1),D,0.3192,3
-0.2551,-0.07378,11,K,157(E1),E,0.1939,2
-0.8562,-0.3323,10,K,157(E1),F,-1.091,5
-0.6024,-0.2062,6,K,157(E1),G,-0.4452,4
2.612,0.245,2,K,157(E1),H,0.6583,2
-0.4789,-0.1543,3,K,157(E1),I,-0.9544,2
0,0,,K,157(E1),K,0,
-1.105,-0.4852,9,K,157(E1),L,-0.487,4
-0.3833,-0.1179,13,K,157(E1),M,-0.1293,7
-0.7986,-0.3012,12,K,157(E1),N,-0.5344,4
-1.904,-1.232,10,K,157(E1),P,-1.885,6
-1.207,-0.5573,8,K,157(E1),Q,-0.69,3
0.01081,0.002757,13,K,157(E1),R,-0.7301,2
-0.4691,-0.1505,8,K,157(E1),S,-0.7143,3
-0.06136,-0.01619,11,K,157(E1),T,0.3508,4
0.4694,0.09724,3,K,157(E1),V,,
-0.07312,-0.0194,4,K,157(E1),W,-0.3868,3
-1.099,-0.4812,6,K,157(E1),Y,-1.741,3
-1.327,-0.6503,1,D,158(E1),-,,
0.2503,0.05718,8,D,158(E1),A,0.8063,4
-2.561,-2.197,10,D,158(E1),C,-2.667,6
0,0,,D,158(E1),D,0,
-0.5796,-0.1962,12,D,158(E1),E,-0.394,4
-1.349,-0.6686,5,D,158(E1),F,-1.35,2
0.6029,0.1178,8,D,158(E1),G,-0.6028,2
0.5262,0.1063,3,D,158(E1),H,0.6537,2
-2.972,-2.948,9,D,158(E1),I,-3.013,7
0.2935,0.06576,6,D,158(E1),K,0.00315,4
-2.062,-1.435,4,D,158(E1),L,-1.777,4
-1.342,-0.6629,10,D,158(E1),M,0.8781,7
-0.3881,-0.1197,9,D,158(E1),N,-0.1548,4
-3.718,-4.427,6,D,158(E1),P,-4.322,4
1.583,0.2092,6,D,158(E1),Q,0.3904,3
-0.5528,-0.1847,7,D,158(E1),R,-0.0524,4
0.07983,0.01972,5,D,158(E1),S,0.8038,4
0.9674,0.1622,8,D,158(E1),T,0.1025,7
-2.261,-1.716,6,D,158(E1),V,-1.947,3
2.862,0.2494,10,D,158(E1),W,0.1037,6
2.51,0.2429,7,D,158(E1),Y,1.13,3
-0.1867,-0.05228,1,A,159(E1),-,,
0,0,,A,159(E1),A,0,
-0.9578,-0.3909,7,A,159(E1),C,-0.7991,4
-4.677,-6.045,17,A,159(E1),D,-5.739,7
-3.7,-4.392,5,A,159(E1),E,-3.688,2
-0.8199,-0.3125,4,A,159(E1),F,,
-2.232,-1.673,7,A,159(E1),G,-1.67,1
-0.941,-0.3809,3,A,159(E1),H,-0.7505,3
0.2164,0.05019,12,A,159(E1),I,0.07331,5
-1.116,-0.4927,2,A,159(E1),K,,
-2.692,-2.426,6,A,159(E1),L,-2.252,5
0.1589,0.03785,4,A,159(E1),M,0.4017,2
-0.6255,-0.2166,1,A,159(E1),N,,
-7.859,-7.675,8,A,159(E1),P,-8,5
-2.628,-2.312,4,A,159(E1),Q,-2.556,4
-1.043,-0.4439,13,A,159(E1),R,-0.864,8
-0.7026,-0.2527,4,A,159(E1),S,-0.3898,3
-0.6196,-0.2139,102,A,159(E1),T,-0.04053,13
-1.971,-1.315,7,A,159(E1),V,-0.2527,3
-6.163,-7.298,3,A,159(E1),W,-8,1
-0.9902,-0.4107,8,A,159(E1),Y,-0.3205,4
-0.9116,-0.3636,1,K,160(E1),-,,
-0.6768,-0.2403,5,K,160(E1),A,-0.4229,4
-1.232,-0.5761,4,K,160(E1),C,-1.444,2
-1.861,-1.181,10,K,160(E1),D,-2.296,6
-1.769,-1.074,7,K,160(E1),E,-0.9923,3
-2.074,-1.45,4,K,160(E1),F,-1.983,2
-0.5902,-0.2008,13,K,160(E1),G,-2.179,4
0.5557,0.1108,4,K,160(E1),H,-0.05736,4
-0.6795,-0.2416,8,K,160(E1),I,-0.1765,5
0,0,,K,160(E1),K,0,
-0.06206,-0.01638,4,K,160(E1),L,-0.5666,1
-1.944,-1.281,8,K,160(E1),M,-1.809,3
-0.1232,-0.03347,7,K,160(E1),N,0.1256,2
-2.067,-1.441,13,K,160(E1),P,-1.391,8
-0.02598,-0.006742,9,K,160(E1),Q,-0.4941,4
0.2223,0.05142,11,K,160(E1),R,0.1159,7
-1.112,-0.4902,6,K,160(E1),S,-0.7343,4
-1.61,-0.906,9,K,160(E1),T,-1.958,4
1.41,0.1987,7,K,160(E1),V,-0.5691,4
-1.993,-1.344,6,K,160(E1),W,-1.169,2
-0.3895,-0.1202,6,K,160(E1),Y,0.1679,2
-0.7604,-0.2814,1,F,161(E1),-,,
-1.399,-0.7104,5,F,161(E1),A,-0.0757,2
0.2103,0.04893,4,F,161(E1),C,-0.4771,3
-8.302,-7.707,5,F,161(E1),D,-8,3
-7.127,-7.58,3,F,161(E1),E,-8,2
0,0,,F,161(E1),F,0,
-5.773,-7.094,5,F,161(E1),G,-6.782,3
-7.735,-7.663,6,F,161(E1),H,-8,2
-1.303,-0.6312,4,F,161(E1),I,-1.105,4
-6.836,-7.52,4,F,161(E1),K,,
-1.299,-0.6283,8,F,161(E1),L,-0.7866,5
-0.1022,-0.02749,3,F,161(E1),M,-0.04487,1
-7.786,-7.668,8,F,161(E1),N,-8,6
-7.668,-7.656,1,F,161(E1),P,-8,1
-6.048,-7.245,1,F,161(E1),Q,,
-8.765,-7.728,2,F,161(E1),R,-8,1
-6.894,-7.533,6,F,161(E1),S,-8,1
0.4076,0.08676,4,F,161(E1),T,-1.04,2
-0.9746,-0.4011,5,F,161(E1),V,-0.8726,2
0.09176,0.02254,7,F,161(E1),W,0.08154,5
-1.958,-1.299,7,F,161(E1),Y,-0.9956,1
-1.899,-1.225,4,I,162(E1),A,-1.151,3
0.2632,0.05977,3,I,162(E1),C,,
-2.617,-2.293,8,I,162(E1),D,-2.546,4
-1.233,-0.5766,8,I,162(E1),E,-0.8521,6
1.259,0.188,9,I,162(E1),F,0.4619,1
-1.522,-0.8214,5,I,162(E1),G,-2.379,2
-0.1785,-0.04976,7,I,162(E1),H,-0.5337,4
0,0,,I,162(E1),I,0,
-7.31,-7.61,6,I,162(E1),K,-8,3
0.2231,0.05161,8,I,162(E1),L,-0.851,4
-0.3525,-0.1068,5,I,162(E1),M,0.2027,2
-0.4549,-0.1449,4,I,162(E1),N,-0.009745,1
-6.726,-7.492,4,I,162(E1),P,-8,1
0.3422,0.07501,9,I,162(E1),Q,-0.03544,5
-4.117,-5.17,4,I,162(E1),R,-3.579,2
-0.09232,-0.02471,6,I,162(E1),S,-0.338,3
-0.3092,-0.0918,6,I,162(E1),T,-1.668,2
-0.9535,-0.3884,6,I,162(E1),V,-0.4093,2
-0.4731,-0.152,5,I,162(E1),W,0.1767,3
2.262,0.2366,1,I,162(E1),Y,,
-8.759,-7.728,1,V,163(E1),-,,
-1.593,-0.889,4,V,163(E1),A,-1.675,1
2.239,0.236,2,V,163(E1),C,0.4058,2
-7.083,-7.572,4,V,163(E1),D,-8,2
-7.796,-7.669,4,V,163(E1),E,-8,3
1.024,0.1678,8,V,163(E1),F,-0.007813,5
-4.369,-5.593,6,V,163(E1),G,-5.141,2
-7.552,-7.643,6,V,163(E1),H,-8,3
0.8653,0.1513,6,V,163(E1),I,0.5368,5
-6.769,-7.503,4,V,163(E1),K,-8,2
-0.3463,-0.1046,7,V,163(E1),L,,
-1.473,-0.776,17,V,163(E1),M,-0.9776,6
-6.673,-7.478,2,V,163(E1),N,-8,1
-1.636,-0.9328,8,V,163(E1),P,-1.359,4
-7.32,-7.612,6,V,163(E1),Q,-8,3
-5.81,-7.116,6,V,163(E1),R,-7.294,5
-3.338,-3.672,7,V,163(E1),S,-3.997,4
-0.7172,-0.2598,9,V,163(E1),T,-0.8165,5
0,0,,V,163(E1),V,0,
-2.571,-2.214,10,V,163(E1),W,-1.614,2
-2.074,-1.45,6,V,163(E1),Y,-1.117,3
-5.861,-7.146,7,G,164(E1),A,-7.455,3
-6.672,-7.477,12,G,164(E1),C,-7.732,2
-9.873,-7.752,22,G,164(E1),D,-8,4
-5.595,-6.976,5,G,164(E1),E,-7.346,4
-3.652,-4.298,6,G,164(E1),F,-4.204,3
0,0,,G,164(E1),G,0,
-2.736,-2.505,8,G,164(E1),H,-2.857,2
-7.638,-7.653,5,G,164(E1),I,-8,2
-6.299,-7.354,5,G,164(E1),K,-7.35,2
-3.166,-3.328,6,G,164(E1),L,-3.29,4
-2.698,-2.436,6,G,164(E1),M,-2.54,4
-6.372,-7.382,6,G,164(E1),N,-8,3
-5.467,-6.881,4,G,164(E1),P,-7.009,3
-3.693,-4.379,6,G,164(E1),Q,-4.446,3
-6.639,-7.468,9,G,164(E1),R,-8,6
-4.409,-5.655,20,G,164(E1),S,-5.97,4
-7.238,-7.599,5,G,164(E1),T,-8,2
-6.997,-7.555,9,G,164(E1),V,-8,6
-3.189,-3.372,2,G,164(E1),W,-3.005,1
-3.824,-4.632,2,G,164(E1),Y,-5.105,1
-5.32,-6.758,1,P,165(E1),-,,
-1.735,-1.037,5,P,165(E1),A,-0.9804,2
-6.829,-7.518,12,P,165(E1),C,-8,6
-7.018,-7.559,9,P,165(E1),D,-8,2
-4.94,-6.373,2,P,165(E1),E,-7.194,1
-7.166,-7.587,4,P,165(E1),F,-8,2
-3.784,-4.554,5,P,165(E1),G,-3.861,2
-13.13,-7.764,17,P,165(E1),H,-8,5
-7.44,-7.629,7,P,165(E1),I,-8,4
-7.494,-7.636,6,P,165(E1),K,-8,4
-7.21,-7.594,1,P,165(E1),L,-8,1
-6.918,-7.538,2,P,165(E1),M,-8,2
-7.618,-7.651,7,P,165(E1),N,-8,4
0,0,,P,165(E1),P,0,
-6.554,-7.443,5,P,165(E1),Q,-8,3
-6.111,-7.275,9,P,165(E1),R,-8,3
-1.372,-0.6876,7,P,165(E1),S,-1.509,4
-2.168,-1.58,16,P,165(E1),T,-1.691,8
-6.046,-7.244,6,P,165(E1),V,-8,5
-6.327,-7.365,6,P,165(E1),W,-8,4
-7.753,-7.665,7,P,165(E1),Y,-8,5
-1.326,-0.65,5,M,166(E1),A,-0.7471,2
-8.513,-7.718,5,M,166(E1),C,-3.873,1
-6.432,-7.403,7,M,166(E1),D,-8,4
-3.101,-3.198,3,M,166(E1),E,-2.557,1
-0.7233,-0.2628,7,M,166(E1),F,-1.234,4
-3.362,-3.718,5,M,166(E1),G,-4.464,3
-3.889,-4.754,12,M,166(E1),H,-5.924,7
0.1203,0.02915,14,M,166(E1),I,0.8654,2
-4.072,-5.091,3,M,166(E1),K,-5.441,1
-0.1632,-0.04517,6,M,166(E1),L,-1.294,1
0,0,,M,166(E1),M,0,
-6.608,-7.459,7,M,166(E1),N,-8,5
-6.25,-7.335,7,M,166(E1),P,-7.44,2
1.215,0.1846,2,M,166(E1),Q,,
-8.126,-7.696,7,M,166(E1),R,-8,3
-1.927,-1.261,4,M,166(E1),S,-1.549,2
-2.203,-1.63,9,M,166(E1),T,-2.073,3
-0.2039,-0.05755,9,M,166(E1),V,-0.3417,5
-3.674,-4.342,5,M,166(E1),W,-3.672,1
-2.191,-1.614,3,M,166(E1),Y,-1.786,3
-1.558,-0.8554,6,S,167(E1),A,-0.8898,4
-6.473,-7.417,14,S,167(E1),C,-8,7
-6.656,-7.473,2,S,167(E1),D,-8,1
-6.706,-7.487,3,S,167(E1),E,-8,1
-7.103,-7.576,8,S,167(E1),F,-8,2
-0.6963,-0.2497,3,S,167(E1),G,-0.4909,2
-7.243,-7.6,7,S,167(E1),H,-8,2
-7.414,-7.625,4,S,167(E1),I,-8,2
-5.928,-7.183,6,S,167(E1),K,-8,3
-5.992,-7.217,6,S,167(E1),L,-8,3
-6.536,-7.437,6,S,167(E1),M,-8,3
-6.447,-7.408,2,S,167(E1),N,-8,1
-1.512,-0.812,7,S,167(E1),P,-0.2513,3
-6.895,-7.533,8,S,167(E1),Q,-8,5
-5.775,-7.096,7,S,167(E1),R,-7.745,4
0,0,,S,167(E1),S,0,
-1.552,-0.8493,7,S,167(E1),T,-1.3,4
-7.219,-7.596,6,S,167(E1),V,-8,3
-6.554,-7.443,7,S,167(E1),W,-8,3
-7.048,-7.565,14,S,167(E1),Y,-8,1
1.927,0.2254,1,S,168(E1),A,0.4712,1
-5.317,-6.755,6,S,168(E1),C,-6.641,4
-2.231,-1.672,7,S,168(E1),D,-2.001,4
-2.075,-1.452,5,S,168(E1),E,-1.38,5
-2.542,-2.164,5,S,168(E1),F,-2.627,2
-0.9339,-0.3767,9,S,168(E1),G,-0.7187,4
-2.01,-1.366,8,S,168(E1),H,-1.748,6
-1.715,-1.015,10,S,168(E1),I,-0.9985,3
-7.999,-7.686,7,S,168(E1),K,-8,4
-0.7396,-0.2709,4,S,168(E1),L,-0.347,2
-0.7837,-0.2934,9,S,168(E1),M,-0.6902,5
1.228,0.1856,11,S,168(E1),N,0.3898,5
-6.906,-7.536,4,S,168(E1),P,-8,1
-1.574,-0.8712,8,S,168(E1),Q,-1.354,3
-6.718,-7.49,10,S,168(E1),R,-8,3
0,0,,S,168(E1),S,0,
-0.2331,-0.06671,12,S,168(E1),T,-0.2884,7
2.803,0.2485,2,S,168(E1),V,-0.5352,1
-3.651,-4.296,7,S,168(E1),W,-4.588,4
-3.379,-3.754,4,S,168(E1),Y,-4.861,3
0,0,,A,169(E1),A,0,
-7.141,-7.583,8,A,169(E1),C,-8,3
-7.039,-7.563,11,A,169(E1),D,-8,3
-6.128,-7.282,8,A,169(E1),E,-8,5
1.973,0.2271,4,A,169(E1),F,0.731,3
-4.446,-5.712,6,A,169(E1),G,-5.958,2
-6.709,-7.488,1,A,169(E1),H,-8,1
-1.09,-0.4748,13,A,169(E1),I,-0.4455,7
-7.027,-7.561,2,A,169(E1),K,-8,1
2.574,0.2442,2,A,169(E1),L,-0.09557,1
-0.4892,-0.1585,5,A,169(E1),M,-1.68,1
-6.413,-7.397,2,A,169(E1),N,-7.762,1
1.633,0.2119,6,A,169(E1),P,0.3284,6
-7.519,-7.639,5,A,169(E1),Q,-8,4
-6.765,-7.502,4,A,169(E1),R,-8,2
-4.468,-5.745,5,A,169(E1),S,,
-1.604,-0.9003,18,A,169(E1),T,-1.2,6
-0.4853,-0.1569,11,A,169(E1),V,-1.275,2
-2.994,-2.989,8,A,169(E1),W,-3.363,5
-7.353,-7.617,5,A,169(E1),Y,-8,4
-6.719,-7.49,35,W,170(E1),*,-8,5
-5.955,-7.198,5,W,170(E1),A,-7.85,4
-6.412,-7.396,8,W,170(E1),C,-7.444,5
-7.001,-7.556,7,W,170(E1),D,-7.994,4
-5.599,-6.979,11,W,170(E1),E,-7.356,5
-0.209,-0.05913,4,W,170(E1),F,0.4029,1
-6.743,-7.496,6,W,170(E1),G,-8,4
0.7123,0.1328,1,W,170(E1),H,,
-6.304,-7.356,5,W,170(E1),I,-8,4
-7.069,-7.569,7,W,170(E1),K,-8,4
-5.779,-7.098,7,W,170(E1),L,-7.205,5
-3.456,-3.908,3,W,170(E1),M,-4.24,2
-7.516,-7.639,9,W,170(E1),N,-8,5
-7.372,-7.619,6,W,170(E1),P,-8,4
-6.44,-7.406,5,W,170(E1),Q,-8,3
-6.99,-7.554,18,W,170(E1),R,-5.582,2
-5.427,-6.848,4,W,170(E1),S,-6.616,3
-3.557,-4.109,6,W,170(E1),T,-4.196,5
-5.371,-6.802,4,W,170(E1),V,-6.828,3
0,0,,W,170(E1),W,0,
-1.435,-0.7417,7,W,170(E1),Y,-0.8654,4
-2.853,-2.72,4,T,171(E1),A,,
-6.322,-7.363,10,T,171(E1),C,-8,5
-3.221,-3.437,11,T,171(E1),D,-3.601,5
-7.373,-7.62,4,T,171(E1),E,-8,2
-5.527,-6.927,3,T,171(E1),F,-7.365,2
-1.457,-0.761,2,T,171(E1),G,-1.039,2
-7.224,-7.597,6,T,171(E1),H,-8,1
-10.81,-7.76,11,T,171(E1),I,-8,6
-6.219,-7.322,6,T,171(E1),K,-8,4
-6.233,-7.328,6,T,171(E1),L,-8,5
-6.576,-7.45,7,T,171(E1),M,-8,3
-2.384,-1.905,3,T,171(E1),N,,
-7.335,-7.614,4,T,171(E1),P,-8,3
-7.219,-7.596,7,T,171(E1),Q,-8,3
-6.4,-7.392,2,T,171(E1),R,-8,1
-0.8685,-0.3391,4,T,171(E1),S,0.9509,1
0,0,,T,171(E1),T,0,
-5.698,-7.047,8,T,171(E1),V,-7.997,5
-7.036,-7.563,8,T,171(E1),W,-8,4
-6.307,-7.357,10,T,171(E1),Y,-8,6
-3.273,-3.541,6,P,172(E1),A,-3.618,4
-3.955,-4.878,16,P,172(E1),C,-4.851,9
-5.948,-7.194,7,P,172(E1),D,-8,2
-6.559,-7.445,5,P,172(E1),E,-8,5
-6.579,-7.451,7,P,172(E1),F,-8,5
-7.022,-7.56,8,P,172(E1),G,-8,1
-6.46,-7.413,9,P,172(E1),H,-8,4
-6.551,-7.442,6,P,172(E1),I,-8,3
-7.513,-7.638,11,P,172(E1),K,-8,7
-6.59,-7.454,7,P,172(E1),L,-8,1
-7.302,-7.609,3,P,172(E1),M,-8,3
-6.881,-7.53,5,P,172(E1),N,-8,4
0,0,,P,172(E1),P,0,
-8.736,-7.727,7,P,172(E1),Q,-8,2
-7.067,-7.569,4,P,172(E1),R,-8,2
-6.773,-7.504,17,P,172(E1),S,-8,7
-6.713,-7.489,2,P,172(E1),T,-8,1
-3.935,-4.842,3,P,172(E1),V,-5.926,1
-7.481,-7.634,7,P,172(E1),W,-8,5
-5.973,-7.207,10,P,172(E1),Y,-7.47,4
-0.6831,-0.2433,1,F,173(E1),*,,
-6.218,-7.322,5,F,173(E1),A,-8,3
-5.127,-6.576,5,F,173(E1),C,-6.943,2
-8.099,-7.694,3,F,173(E1),D,-8,1
-6.918,-7.538,8,F,173(E1),E,-8,5
0,0,,F,173(E1),F,0,
-7.636,-7.653,6,F,173(E1),G,-8,4
-7.107,-7.576,6,F,173(E1),H,,
-3.983,-4.93,15,F,173(E1),I,-5.207,6
-6.455,-7.411,7,F,173(E1),K,-8,3
-3.361,-3.717,27,F,173(E1),L,-3.704,12
-4.915,-6.344,5,F,173(E1),M,-6.511,4
-6.356,-7.376,8,F,173(E1),N,-8,3
-6.063,-7.252,8,F,173(E1),P,-8,5
-6.259,-7.339,8,F,173(E1),Q,-7.611,4
-5.812,-7.117,7,F,173(E1),R,-8,5
-7.948,-7.682,13,F,173(E1),S,-8,3
-6.789,-7.508,8,F,173(E1),T,-8,5
-7.592,-7.648,13,F,173(E1),V,-8,2
-6.635,-7.467,1,F,173(E1),W,-8,1
-4.058,-5.066,7,F,173(E1),Y,-4.674,3
-6.762,-7.501,1,D,174(E1),-,-8,1
-2.045,-1.412,10,D,174(E1),A,-1.748,6
-6.847,-7.522,3,D,174(E1),C,-8,1
0,0,,D,174(E1),D,0,
-1.965,-1.307,9,D,174(E1),E,0.2274,3
-2.321,-1.807,7,D,174(E1),F,-2.196,2
-3.498,-3.993,10,D,174(E1),G,-3.867,5
-3.352,-3.7,5,D,174(E1),H,-3.599,1
-2.796,-2.615,10,D,174(E1),I,-3.082,8
-6.312,-7.359,6,D,174(E1),K,-7.8,4
-3.479,-3.954,9,D,174(E1),L,-4.086,3
-2.85,-2.716,6,D,174(E1),M,-2.912,4
-0.3318,-0.09958,18,D,174(E1),N,-0.4611,5
-3.46,-3.916,5,D,174(E1),P,-4.113,3
-1.991,-1.341,8,D,174(E1),Q,-1.339,8
-7.131,-7.581,3,D,174(E1),R,-8,2
-1.901,-1.228,12,D,174(E1),S,-1.62,6
-1.565,-0.8618,6,D,174(E1),T,-1.212,5
-5.903,-7.17,7,D,174(E1),V,-8,4
2.021,0.2289,4,D,174(E1),W,0.3535,3
-5.089,-6.536,8,D,174(E1),Y,-8,1
-6.976,-7.551,10,N,175(E1),-,-8,2
-0.4312,-0.1358,8,N,175(E1),A,-0.667,5
-2.522,-2.13,6,N,175(E1),C,-2.228,4
-2.182,-1.6,4,N,175(E1),D,,
0.4102,0.08723,7,N,175(E1),E,0.5363,5
2.902,0.2501,11,N,175(E1),F,0.446,6
-1.476,-0.7786,7,N,175(E1),G,-0.8827,4
1.373,0.1963,16,N,175(E1),H,0.3942,6
-0.7422,-0.2722,10,N,175(E1),I,-0.7765,6
0.1894,0.04447,19,N,175(E1),K,-0.7335,8
-1.663,-0.9607,5,N,175(E1),L,-0.3228,1
-0.1797,-0.05013,3,N,175(E1),M,-0.505,3
0,0,,N,175(E1),N,0,
1.502,0.2045,5,N,175(E1),P,0.07294,4
-1.234,-0.5775,5,N,175(E1),Q,-1.062,4
3.052,0.2522,4,N,175(E1),R,-0.2136,3
-0.5474,-0.1824,5,N,175(E1),S,-0.2905,3
-0.1755,-0.04887,7,N,175(E1),T,-0.6555,2
-1.102,-0.4831,5,N,175(E1),V,-0.6739,4
-1.583,-0.8797,9,N,175(E1),W,-1.059,9
-0.5268,-0.1738,8,N,175(E1),Y,-0.7889,2
-0.6916,-0.2474,1,K,176(E1),-,,
-1.292,-0.6222,6,K,176(E1),A,-0.4529,2
-2.833,-2.683,10,K,176(E1),C,-2.561,3
-7.109,-7.577,7,K,176(E1),D,-8,7
-2.319,-1.804,12,K,176(E1),E,-0.7725,5
-0.543,-0.1805,7,K,176(E1),F,0.1032,3
-2.263,-1.718,7,K,176(E1),G,-2.378,3
-1.232,-0.576,8,K,176(E1),H,-0.1877,5
-7.061,-7.568,8,K,176(E1),I,-8,6
0,0,,K,176(E1),K,0,
-2.021,-1.379,10,K,176(E1),L,-1.52,7
-1.391,-0.7037,5,K,176(E1),M,0.5061,3
-1.752,-1.056,9,K,176(E1),N,-1.18,6
-6.91,-7.537,6,K,176(E1),P,-8,5
-0.672,-0.2381,6,K,176(E1),Q,-0.2815,5
-0.3927,-0.1214,12,K,176(E1),R,0.02078,7
-1.435,-0.7422,12,K,176(E1),S,-0.8856,6
-1.56,-0.8569,10,K,176(E1),T,-0.7163,3
-6.001,-7.221,6,K,176(E1),V,-7.954,4
-3.69,-4.373,8,K,176(E1),W,-5.108,5
-4.735,-6.121,7,K,176(E1),Y,-7.01,1
-0.2514,-0.0726,1,I,177(E1),-,,
-7.22,-7.596,5,I,177(E1),A,-8,3
-5.693,-7.043,8,I,177(E1),C,-6.95,3
-8.221,-7.702,3,I,177(E1),D,-8,1
-7.072,-7.57,5,I,177(E1),E,-8,2
-2.285,-1.752,5,I,177(E1),F,-1.632,5
-5.955,-7.198,4,I,177(E1),G,-8,3
-6.582,-7.452,6,I,177(E1),H,-8,5
0,0,,I,177(E1),I,0,
-7.584,-7.647,8,I,177(E1),K,-8,5
0.01106,0.002819,4,I,177(E1),L,-1.078,2
-2.075,-1.452,7,I,177(E1),M,-1.663,4
-7.354,-7.617,8,I,177(E1),N,-8,4
-7.553,-7.643,6,I,177(E1),P,-7.656,2
-6.61,-7.46,6,I,177(E1),Q,-8,5
-7.239,-7.599,7,I,177(E1),R,-7.72,4
-8.143,-7.697,10,I,177(E1),S,-8,6
-7.087,-7.573,6,I,177(E1),T,-8,4
0.2137,0.04964,10,I,177(E1),V,0.2459,6
-6.164,-7.299,9,I,177(E1),W,-8,5
-6.39,-7.388,8,I,177(E1),Y,-8,5
-0.4389,-0.1387,1,V,178(E1),-,,
-3.126,-3.248,8,V,178(E1),A,-2.88,1
-3.726,-4.442,11,V,178(E1),C,-4.366,7
-8.432,-7.714,7,V,178(E1),D,-8,3
-5.641,-7.008,3,V,178(E1),E,-7.296,2
-7.352,-7.616,5,V,178(E1),F,-8,2
-8.451,-7.715,3,V,178(E1),G,-8,1
-7.188,-7.591,7,V,178(E1),H,-8,4
0.728,0.1349,8,V,178(E1),I,-0.237,3
-7.36,-7.618,9,V,178(E1),K,-8,4
-3.062,-3.123,11,V,178(E1),L,-3.458,7
-6.235,-7.329,17,V,178(E1),M,-8,3
-7.615,-7.65,12,V,178(E1),N,-8,6
-9.222,-7.741,11,V,178(E1),P,-8,5
-5.691,-7.042,5,V,178(E1),Q,-7.14,2
-6.682,-7.48,6,V,178(E1),R,-8,3
-4.85,-6.267,5,V,178(E1),S,-5.971,1
-2.355,-1.86,5,V,178(E1),T,-1.926,2
0,0,,V,178(E1),V,0,
-6.889,-7.532,9,V,178(E1),W,-8,7
-7.49,-7.635,7,V,178(E1),Y,-8,5
0.4214,0.08916,1,V,179(E1),-,,
-2.803,-2.628,9,V,179(E1),A,,
-1.747,-1.05,7,V,179(E1),C,-1.254,5
-4.167,-5.257,7,V,179(E1),D,-5.254,4
-1.665,-0.9622,5,V,179(E1),E,,
-6.842,-7.521,10,V,179(E1),F,-8,6
-6.752,-7.499,4,V,179(E1),G,-7.806,2
-3.458,-3.912,4,V,179(E1),H,-3.725,3
-1.068,-0.4602,4,V,179(E1),I,-0.9212,3
-3.109,-3.215,7,V,179(E1),K,-3.49,4
-1.722,-1.023,7,V,179(E1),L,-1.379,3
-2.203,-1.631,17,V,179(E1),M,-1.159,6
-5.546,-6.941,9,V,179(E1),N,-7.345,6
-7.798,-7.669,8,V,179(E1),P,-8,4
-1.5,-0.8001,9,V,179(E1),Q,-1.032,4
-4.024,-5.005,8,V,179(E1),R,-5.018,7
-2.358,-1.864,11,V,179(E1),S,-2.098,5
4.349,0.2615,7,V,179(E1),T,-0.07285,5
0,0,,V,179(E1),V,0,
-5.836,-7.132,3,V,179(E1),W,-7.422,2
-6.887,-7.531,8,V,179(E1),Y,-7.97,4
-1.42,-0.7284,1,Y,180(E1),*,,
-0.00597,-0.001534,1,Y,180(E1),-,,
-7.06,-7.567,5,Y,180(E1),A,-8,2
-6.092,-7.266,10,Y,180(E1),C,-8,4
-6.31,-7.359,7,Y,180(E1),D,-8,5
-7.43,-7.627,10,Y,180(E1),E,-8,7
-3.563,-4.121,7,Y,180(E1),F,-4.744,2
-7.239,-7.599,5,Y,180(E1),G,-8,2
-2.331,-1.823,6,Y,180(E1),H,-1.998,2
-6.231,-7.327,10,Y,180(E1),I,-7.696,5
-6.445,-7.408,4,Y,180(E1),K,-7.606,2
-6.896,-7.533,12,Y,180(E1),L,-8,8
-4.569,-5.894,6,Y,180(E1),M,-5.662,4
-5.154,-6.603,7,Y,180(E1),N,-6.472,3
-6.927,-7.54,8,Y,180(E1),P,-8,4
-6.978,-7.551,11,Y,180(E1),Q,-8,8
-7.306,-7.61,10,Y,180(E1),R,-8,6
-7.007,-7.557,5,Y,180(E1),S,-8,1
-7.554,-7.643,9,Y,180(E1),T,-8,4
-5.924,-7.181,15,Y,180(E1),V,-7.945,7
-3.452,-3.9,16,Y,180(E1),W,-4.475,9
0,0,,Y,180(E1),Y,0,
-0.9955,-0.414,1,K,181(E1),-,,
-1.338,-0.6593,8,K,181(E1),A,-0.6315,3
-2.113,-1.503,8,K,181(E1),C,-1.932,5
-2.386,-1.909,5,K,181(E1),D,-3.106,2
-2.102,-1.488,9,K,181(E1),E,-2.396,5
-1.766,-1.071,9,K,181(E1),F,-1.185,5
-0.9073,-0.3612,13,K,181(E1),G,-0.477,8
-0.7324,-0.2673,10,K,181(E1),H,-0.3324,6
-2.527,-2.139,8,K,181(E1),I,-1.652,3
0,0,,K,181(E1),K,0,
-1.429,-0.7366,8,K,181(E1),L,-0.4255,5
-1.179,-0.537,6,K,181(E1),M,-0.1726,1
-1.683,-0.9811,8,K,181(E1),N,-1.903,4
-6.771,-7.504,19,K,181(E1),P,-8,6
-1.427,-0.7345,11,K,181(E1),Q,-0.859,6
1.586,0.2094,20,K,181(E1),R,0.471,7
-0.8607,-0.3348,10,K,181(E1),S,-0.7113,6
-2.371,-1.885,16,K,181(E1),T,-2.028,7
-2.484,-2.067,9,K,181(E1),V,-2.194,6
-2.493,-2.082,5,K,181(E1),W,-2.628,3
-1.746,-1.049,5,K,181(E1),Y,-0.419,1
-0.5814,-0.197,1,G,182(E1),-,,
0.6421,0.1234,6,G,182(E1),A,-0.7756,2
0.1647,0.03911,9,G,182(E1),C,-0.2862,3
0.1308,0.03155,17,G,182(E1),D,0.8654,6
0.6054,0.1182,10,G,182(E1),E,0.07235,4
-1.752,-1.055,5,G,182(E1),F,-0.3505,1
0,0,,G,182(E1),G,0,
-1.33,-0.6525,3,G,182(E1),H,0.8801,1
-1.458,-0.7622,5,G,182(E1),I,-0.5176,2
1.03,0.1684,4,G,182(E1),K,,
-0.2862,-0.08401,5,G,182(E1),L,0.2324,3
1.554,0.2076,6,G,182(E1),M,-1.026,4
-1.523,-0.8217,9,G,182(E1),N,-1.335,5
-6.495,-7.424,14,G,182(E1),P,-8,12
2.596,0.2447,8,G,182(E1),Q,-0.03974,5
0.6847,0.1292,5,G,182(E1),R,0.07395,2
-0.9275,-0.3729,7,G,182(E1),S,-0.7434,3
0.4002,0.08547,5,G,182(E1),T,-0.4111,2
-0.08243,-0.02196,7,G,182(E1),V,0.07625,3
0.8121,0.1452,6,G,182(E1),W,-1.054,2
-0.08824,-0.02357,9,G,182(E1),Y,0.1045,6
-0.6285,-0.218,1,D,183(E1),-,,
-1.76,-1.065,7,D,183(E1),A,-1.986,5
-2.005,-1.359,6,D,183(E1),C,-0.4578,3
0,0,,D,183(E1),D,0,
-0.1954,-0.05492,12,D,183(E1),E,-0.2784,5
-2.138,-1.538,12,D,183(E1),F,-1.95,6
-1.822,-1.135,8,D,183(E1),G,-1.996,5
-0.03226,-0.008396,6,D,183(E1),H,-1.888,2
-4.743,-6.132,7,D,183(E1),I,-5.97,3
-2.857,-2.729,6,D,183(E1),K,-2.985,3
-2.949,-2.902,8,D,183(E1),L,-2.943,5
-2.349,-1.85,8,D,183(E1),M,-2.086,6
-1.784,-1.092,22,D,183(E1),N,-1.593,4
-7.79,-7.668,15,D,183(E1),P,-8,9
1.628,0.2116,1,D,183(E1),Q,,
-3.925,-4.822,12,D,183(E1),R,-4.716,8
-2.168,-1.581,8,D,183(E1),S,-0.8679,4
-1.697,-0.9964,7,D,183(E1),T,-1.097,5
-1.6,-0.8963,8,D,183(E1),V,-0.9924,5
-1.514,-0.8131,6,D,183(E1),W,-0.8554,4
0.2398,0.05504,13,D,183(E1),Y,-0.2108,8
-1.684,-0.9819,1,V,184(E1),-,,
-1.515,-0.8145,13,V,184(E1),A,-0.08182,5
-0.6631,-0.2339,7,V,184(E1),C,-1.176,4
-5.686,-7.039,3,V,184(E1),D,-8,1
-7.075,-7.57,5,V,184(E1),E,-7.63,3
-6.61,-7.46,11,V,184(E1),F,-6.527,2
-7.632,-7.652,11,V,184(E1),G,-8,5
-6.315,-7.361,4,V,184(E1),H,-8,4
-1.02,-0.4292,13,V,184(E1),I,-1.193,5
-6.813,-7.514,10,V,184(E1),K,-8,6
-2.893,-2.797,6,V,184(E1),L,-2.562,2
-4.548,-5.864,8,V,184(E1),M,-5.722,5
-6.905,-7.535,9,V,184(E1),N,-8,6
-6.39,-7.388,1,V,184(E1),P,-8,1
-6.655,-7.473,10,V,184(E1),Q,-7.421,5
-6.074,-7.258,8,V,184(E1),R,-8,5
-5.857,-7.144,7,V,184(E1),S,-7.365,3
-2.183,-1.601,5,V,184(E1),T,-2.071,3
0,0,,V,184(E1),V,0,
-7.741,-7.664,10,V,184(E1),W,-8,5
-6.665,-7.476,9,V,184(E1),Y,-8,6
-6.737,-7.495,5,Y,185(E1),*,,
-1.333,-0.6551,1,Y,185(E1),-,,
-7.11,-7.577,3,Y,185(E1),A,-8,2
-7.028,-7.561,14,Y,185(E1),C,-8,8
-6.633,-7.467,11,Y,185(E1),D,-7.053,2
-7.304,-7.609,10,Y,185(E1),E,-8,4
-1.28,-0.6129,8,Y,185(E1),F,-1.329,3
-7.014,-7.558,5,Y,185(E1),G,-8,4
0.423,0.08944,10,Y,185(E1),H,-0.1509,2
-5.471,-6.884,7,Y,185(E1),I,-8,3
-7.378,-7.62,14,Y,185(E1),K,-8,10
-6.036,-7.239,10,Y,185(E1),L,-8,8
-3.914,-4.801,11,Y,185(E1),M,-4.74,7
-6.951,-7.545,4,Y,185(E1),N,-8,4
-7.613,-7.65,9,Y,185(E1),P,-8,6
-6.209,-7.318,11,Y,185(E1),Q,-7.705,8
-6.289,-7.351,6,Y,185(E1),R,-7.547,4
-7.398,-7.623,7,Y,185(E1),S,-8,4
-6.821,-7.516,6,Y,185(E1),T,-8,5
-6.308,-7.358,9,Y,185(E1),V,-8,5
-0.1818,-0.05076,1,Y,185(E1),W,,
0,0,,Y,185(E1),Y,0,
-1.323,-0.6476,1,N,186(E1),-,,
-6.653,-7.472,11,N,186(E1),A,-8,7
-5.418,-6.841,5,N,186(E1),C,-7.273,5
-6.003,-7.222,9,N,186(E1),D,-8,6
-8.242,-7.703,14,N,186(E1),E,-8,9
-6.908,-7.536,16,N,186(E1),F,-8,9
-5.969,-7.205,7,N,186(E1),G,-7.697,4
-7.382,-7.621,6,N,186(E1),H,-8,3
-9.167,-7.74,7,N,186(E1),I,-8,4
-7.32,-7.612,7,N,186(E1),K,-8,2
-3.306,-3.606,7,N,186(E1),L,-3.631,5
-7.583,-7.647,10,N,186(E1),M,-8,6
0,0,,N,186(E1),N,0,
-7.236,-7.599,9,N,186(E1),P,-8,4
-8.793,-7.729,4,N,186(E1),Q,-8,4
-6.748,-7.498,4,N,186(E1),R,-8,4
-4.095,-5.131,5,N,186(E1),S,-5.598,3
-7.223,-7.597,7,N,186(E1),T,-8,3
-9.593,-7.749,9,N,186(E1),V,-8,4
-7.048,-7.565,14,N,186(E1),W,-7.99,7
-7.095,-7.574,6,N,186(E1),Y,-8,3
-0.3768,-0.1156,8,M,187(E1),A,-0.6786,6
1.76,0.2182,7,M,187(E1),C,-0.7192,3
-2.304,-1.781,10,M,187(E1),D,-1.791,5
-1.156,-0.5203,6,M,187(E1),E,0.2217,3
-1.032,-0.4373,11,M,187(E1),F,-0.6127,7
-6.243,-7.332,4,M,187(E1),G,-7.614,2
-0.7577,-0.2801,11,M,187(E1),H,-0.6171,6
-0.4146,-0.1295,28,M,187(E1),I,-0.2801,12
-1.654,-0.9515,9,M,187(E1),K,-1.173,6
-1.542,-0.8398,5,M,187(E1),L,-0.3624,1
0,0,,M,187(E1),M,0,
-1.668,-0.9659,8,M,187(E1),N,-1.418,3
-6.269,-7.342,8,M,187(E1),P,-8,5
-0.715,-0.2587,7,M,187(E1),Q,-0.7566,4
-2.163,-1.574,7,M,187(E1),R,-1.921,4
-1.131,-0.503,7,M,187(E1),S,-0.2917,4
-1.703,-1.002,11,M,187(E1),T,-0.5447,5
-1.613,-0.9089,5,M,187(E1),V,-1.778,4
-1.979,-1.326,5,M,187(E1),W,-1.964,2
-1.044,-0.4446,7,M,187(E1),Y,-0.8532,4
-0.9812,-0.4052,9,D,188(E1),A,0.1021,5
-4.225,-5.357,7,D,188(E1),C,-5.44,5
0,0,,D,188(E1),D,0,
0.8016,0.144,9,D,188(E1),E,-0.8389,5
-1.632,-0.9281,13,D,188(E1),F,-1.048,8
-0.633,-0.22,8,D,188(E1),G,-0.7927,4
1.315,0.1921,7,D,188(E1),H,-0.1019,6
-0.7485,-0.2754,7,D,188(E1),I,-0.6328,3
-7.029,-7.561,3,D,188(E1),K,,
-0.2255,-0.06431,4,D,188(E1),L,-0.8848,1
-0.8763,-0.3435,4,D,188(E1),M,1.33,1
-0.3623,-0.1103,18,D,188(E1),N,-0.1931,6
1.234,0.186,6,D,188(E1),P,-0.5625,3
-1.396,-0.7083,3,D,188(E1),Q,0.3277,2
-9,-7.736,8,D,188(E1),R,-7.502,4
-6.313,-7.36,5,D,188(E1),S,-8,4
-6.049,-7.245,6,D,188(E1),T,-7.228,2
-1.518,-0.8175,2,D,188(E1),V,0.001252,1
-0.6002,-0.2052,6,D,188(E1),W,-0.3684,6
-0.08855,-0.02366,8,D,188(E1),Y,0.1301,4
-4.815,-6.224,3,Y,189(E1),*,,
-7.549,-7.643,10,Y,189(E1),A,-8,5
-7.251,-7.601,12,Y,189(E1),C,-8,4
-7.432,-7.628,9,Y,189(E1),D,-8,5
-6.04,-7.241,8,Y,189(E1),E,-6.951,4
-0.3625,-0.1104,11,Y,189(E1),F,0.1068,4
-7.364,-7.618,9,Y,189(E1),G,-8,4
-5.508,-6.912,6,Y,189(E1),H,-7.242,1
-6.778,-7.505,3,Y,189(E1),I,-8,1
-6.573,-7.449,5,Y,189(E1),K,-8,5
-8.169,-7.699,6,Y,189(E1),L,-8,5
-7.863,-7.675,8,Y,189(E1),M,-8,4
-7.009,-7.557,13,Y,189(E1),N,-8,8
-7.326,-7.613,14,Y,189(E1),P,-8,7
-6.293,-7.352,4,Y,189(E1),Q,-8,4
-6.502,-7.426,5,Y,189(E1),R,-8,2
-6.435,-7.404,5,Y,189(E1),S,,
-7.502,-7.637,10,Y,189(E1),T,-8,5
-8.444,-7.714,5,Y,189(E1),V,-8,1
2.643,0.2456,6,Y,189(E1),W,0.2822,4
0,0,,Y,189(E1),Y,0,
-1.568,-0.8646,4,P,190(E1),A,-0.1094,2
-4.597,-5.934,6,P,190(E1),C,-5.223,1
-2.112,-1.502,6,P,190(E1),D,-2.69,3
-1.523,-0.8216,8,P,190(E1),E,-0.9991,4
-2.255,-1.707,10,P,190(E1),F,-1.812,7
-5.121,-6.57,8,P,190(E1),G,-6.746,4
-3.397,-3.789,18,P,190(E1),H,-2.694,4
-2.633,-2.321,10,P,190(E1),I,-1.941,5
-4.451,-5.72,2,P,190(E1),K,,
-3.406,-3.808,11,P,190(E1),L,-4.491,3
-2.789,-2.602,6,P,190(E1),M,-3.226,4
-2.93,-2.867,8,P,190(E1),N,-2.865,7
0,0,,P,190(E1),P,0,
-2.105,-1.492,10,P,190(E1),Q,-1.828,6
-5.957,-7.199,8,P,190(E1),R,-7.55,7
-1.044,-0.4445,3,P,190(E1),S,-1.403,1
-1.411,-0.7211,10,P,190(E1),T,-0.7261,7
-1.667,-0.9642,6,P,190(E1),V,-1.509,4
-6.161,-7.297,5,P,190(E1),W,-7.551,4
-7.47,-7.633,8,P,190(E1),Y,-8,5
0.0822,0.02028,5,P,191(E1),A,-0.7141,1
-2.875,-2.762,10,P,191(E1),C,-3.032,4
-0.5865,-0.1992,5,P,191(E1),D,-0.6423,3
-1.826,-1.139,4,P,191(E1),E,-1.416,2
-0.5527,-0.1846,9,P,191(E1),F,-0.4891,4
4.147,0.2608,4,P,191(E1),G,0.3834,1
-1.181,-0.5383,7,P,191(E1),H,0.5765,2
1.64,0.2123,11,P,191(E1),I,0.3105,5
-1.396,-0.7082,11,P,191(E1),K,-1.209,7
0.4769,0.09845,11,P,191(E1),L,-0.6144,2
-1.025,-0.4325,3,P,191(E1),M,-0.5375,3
-0.1686,-0.0468,7,P,191(E1),N,0.2152,4
0,0,,P,191(E1),P,0,
3.626,0.2578,9,P,191(E1),Q,-0.5563,6
-1.183,-0.54,8,P,191(E1),R,-0.2761,3
0.5162,0.1047,10,P,191(E1),S,0.2826,4
-0.8575,-0.333,13,P,191(E1),T,-0.2525,9
-0.8708,-0.3404,6,P,191(E1),V,-1.031,4
-1.529,-0.8274,7,P,191(E1),W,-1.103,6
-1.174,-0.5335,10,P,191(E1),Y,-0.4612,7
-3.059,-3.117,6,F,192(E1),A,-2.929,2
-4.529,-5.836,9,F,192(E1),C,-6.01,6
-4.517,-5.818,12,F,192(E1),D,-5.569,5
-4.707,-6.085,3,F,192(E1),E,-6.245,2
0,0,,F,192(E1),F,0,
-13.21,-7.764,6,F,192(E1),G,-5.667,3
-2.195,-1.619,8,F,192(E1),H,-1.629,5
-3.003,-3.007,10,F,192(E1),I,-3.295,5
-5.166,-6.614,4,F,192(E1),K,-6.242,2
-3.595,-4.185,8,F,192(E1),L,-4.362,5
-3.072,-3.141,8,F,192(E1),M,-3.134,4
-3.339,-3.674,6,F,192(E1),N,-3.554,2
-1.957,-1.297,6,F,192(E1),P,-1.576,5
-4.153,-5.234,6,F,192(E1),Q,-5.524,4
-6.045,-7.243,6,F,192(E1),R,-8,6
-2.216,-1.65,8,F,192(E1),S,-1.436,7
-3.107,-3.21,6,F,192(E1),T,-3.313,2
-2.155,-1.562,2,F,192(E1),V,-1.907,2
0.02672,0.006764,5,F,192(E1),W,-1.12,1
2.984,0.2512,6,F,192(E1),Y,0.7958,2
-4.64,-5.994,2,G,193(E1),*,,
-3.269,-3.533,1,G,193(E1),-,,
-1.268,-0.6034,7,G,193(E1),A,-2.018,2
-3.415,-3.826,8,G,193(E1),C,-4.085,5
-3.009,-3.019,4,G,193(E1),D,-3.291,2
-3.92,-4.814,15,G,193(E1),E,-5.306,6
-1.741,-1.044,13,G,193(E1),F,-1.163,4
0,0,,G,193(E1),G,0,
-4.017,-4.992,8,G,193(E1),H,-5.579,3
-7.258,-7.602,7,G,193(E1),I,-8,3
-6.439,-7.405,6,G,193(E1),K,-5.425,3
-2.935,-2.876,3,G,193(E1),L,-3,2
-1.43,-0.7372,5,G,193(E1),M,-1.446,4
-0.5465,-0.182,6,G,193(E1),N,-0.6607,4
-6.756,-7.5,10,G,193(E1),P,-8,4
-1.311,-0.6374,4,G,193(E1),Q,-0.8255,3
-5.709,-7.054,20,G,193(E1),R,-7.165,4
-1.845,-1.162,7,G,193(E1),S,-1.535,5
-5.876,-7.155,4,G,193(E1),T,-7.296,2
-5.905,-7.171,10,G,193(E1),V,-7.658,4
-1.225,-0.571,10,G,193(E1),W,-0.06593,7
-3.462,-3.92,8,G,193(E1),Y,-3.678,6
-3.276,-3.546,1,A,194(E1),-,,
0,0,,A,194(E1),A,0,
-6.127,-7.282,5,A,194(E1),C,-8,4
-1.331,-0.6536,7,A,194(E1),D,-2.712,2
-1.453,-0.7575,3,A,194(E1),E,-0.3365,2
-2.454,-2.018,11,A,194(E1),F,-2.643,7
1.853,0.2224,3,A,194(E1),G,0.7489,2
-1.918,-1.249,8,A,194(E1),H,-1.858,3
-2.34,-1.836,6,A,194(E1),I,-2.707,2
-6.254,-7.336,5,A,194(E1),K,-7.726,1
-2.21,-1.641,6,A,194(E1),L,-1.794,3
-1.186,-0.542,8,A,194(E1),M,-1.064,5
-2.037,-1.401,5,A,194(E1),N,-1.771,4
-7.532,-7.641,9,A,194(E1),P,-7.546,2
-1.974,-1.319,2,A,194(E1),Q,-1.773,2
3.54,0.2571,2,A,194(E1),R,,
-1.414,-0.7232,13,A,194(E1),S,-4.615,4
-0.7266,-0.2645,27,A,194(E1),T,-0.8765,8
-2.738,-2.508,20,A,194(E1),V,-2.675,4
-1.821,-1.133,3,A,194(E1),W,-1.072,2
-2.584,-2.235,8,A,194(E1),Y,-2.615,5
-0.2897,-0.08519,1,G,195(E1),-,,
-2.05,-1.419,2,G,195(E1),A,,
-1.3,-0.6291,17,G,195(E1),C,-0.1234,8
-4.414,-5.663,109,G,195(E1),D,-5.597,17
-4.979,-6.418,6,G,195(E1),E,,
-7.398,-7.623,7,G,195(E1),F,-8,2
0,0,,G,195(E1),G,0,
-5.616,-6.991,6,G,195(E1),H,-6.899,2
-5.669,-7.027,15,G,195(E1),I,-7.301,5
-4.284,-5.455,5,G,195(E1),K,-6.006,3
-2.809,-2.638,10,G,195(E1),L,-2.966,4
-0.4915,-0.1594,6,G,195(E1),M,-0.6318,3
-1.675,-0.9725,6,G,195(E1),N,-0.2268,2
-1.506,-0.8061,6,G,195(E1),P,-1.304,4
-2.765,-2.557,10,G,195(E1),Q,-2.302,3
-4.595,-5.932,6,G,195(E1),R,-6.252,2
-2.803,-2.628,23,G,195(E1),S,-3.556,5
-1.73,-1.032,6,G,195(E1),T,-2.077,2
-2.901,-2.811,5,G,195(E1),V,,
-8.455,-7.715,8,G,195(E1),W,-8,5
-6.085,-7.263,7,G,195(E1),Y,-7.302,3
-0.3957,-0.1225,1,R,196(E1),-,,
-0.1616,-0.04469,7,R,196(E1),A,-0.4991,2
-3.104,-3.205,5,R,196(E1),C,-3.511,4
-1.337,-0.6584,7,R,196(E1),D,-0.5024,7
-2.95,-2.906,3,R,196(E1),E,,
-1.908,-1.237,14,R,196(E1),F,-1.192,7
0.5273,0.1065,7,R,196(E1),G,-0.8953,4
-0.1003,-0.02694,6,R,196(E1),H,0.1716,4
-2.51,-2.11,8,R,196(E1),I,-2.304,6
-1.613,-0.9092,12,R,196(E1),K,-0.5839,5
0.1557,0.03713,3,R,196(E1),L,-0.3802,2
-1.89,-1.215,2,R,196(E1),M,-1.464,2
1.155,0.1796,12,R,196(E1),N,-0.6753,4
2.316,0.2381,2,R,196(E1),P,0.5666,1
-0.247,-0.07116,4,R,196(E1),Q,-0.7109,2
0,0,,R,196(E1),R,0,
-0.3706,-0.1133,5,R,196(E1),S,-0.1423,5
-0.6345,-0.2207,4,R,196(E1),T,-0.6452,2
1.733,0.2169,2,R,196(E1),V,0.3512,1
-1.638,-0.9344,8,R,196(E1),W,-1.177,6
-1.231,-0.5755,8,R,196(E1),Y,-0.4607,5
-0.3667,-0.1119,1,P,197(E1),-,,
-1.067,-0.4595,6,P,197(E1),A,-1.318,2
-3.222,-3.438,5,P,197(E1),C,-3.533,3
-3.941,-4.853,5,P,197(E1),D,-4.812,2
-2.605,-2.272,6,P,197(E1),E,-2.859,5
-2.91,-2.828,4,P,197(E1),F,-2.964,1
-1.352,-0.6708,3,P,197(E1),G,,
-2.345,-1.844,10,P,197(E1),H,-1.746,6
-7.352,-7.617,5,P,197(E1),I,-8,4
-3.809,-4.604,8,P,197(E1),K,-3.711,3
-7.462,-7.632,10,P,197(E1),L,-8,5
-2.529,-2.142,8,P,197(E1),M,-2.32,7
-3.279,-3.553,9,P,197(E1),N,-3.604,7
0,0,,P,197(E1),P,0,
-0.6632,-0.2339,8,P,197(E1),Q,-2.965,3
-3.964,-4.894,6,P,197(E1),R,-4.994,5
-1.874,-1.196,23,P,197(E1),S,-1.504,9
-5.2,-6.648,12,P,197(E1),T,-6.869,7
-1.055,-0.4521,1,P,197(E1),V,,
-2.756,-2.54,6,P,197(E1),W,-3.236,3
-2.676,-2.396,6,P,197(E1),Y,-2.617,2
-0.302,-0.08933,1,G,198(E1),-,,
-1.378,-0.6928,8,G,198(E1),A,-1.617,4
-6.513,-7.43,13,G,198(E1),C,-8,6
-7.582,-7.647,64,G,198(E1),D,-8,14
-4.814,-6.223,7,G,198(E1),E,-6.406,3
-3.41,-3.816,7,G,198(E1),F,-3.955,5
0,0,,G,198(E1),G,0,
-6.012,-7.227,8,G,198(E1),H,-8,5
-6.135,-7.285,5,G,198(E1),I,-7.315,3
-7.605,-7.649,4,G,198(E1),K,-8,1
-3.849,-4.679,8,G,198(E1),L,-4.822,4
-4.654,-6.013,7,G,198(E1),M,-6.107,2
-5.043,-6.488,10,G,198(E1),N,-6.717,6
-5.678,-7.034,10,G,198(E1),P,-7.377,7
-4.453,-5.723,7,G,198(E1),Q,-5.712,3
-7.56,-7.644,8,G,198(E1),R,-8,5
-2.612,-2.284,16,G,198(E1),S,-3.091,4
-4.11,-5.158,8,G,198(E1),T,-5.524,6
-6.113,-7.276,8,G,198(E1),V,-7.663,3
-6.371,-7.382,4,G,198(E1),W,-8,3
-5.4,-6.826,3,G,198(E1),Y,-7.088,2
-3.942,-4.854,3,Q,199(E1),*,-4.23,1
-0.4837,-0.1562,2,Q,199(E1),-,,
1.247,0.1871,3,Q,199(E1),A,-0.1847,1
2.411,0.2406,1,Q,199(E1),C,0.885,1
-0.6188,-0.2136,5,Q,199(E1),D,,
-1.323,-0.6472,2,Q,199(E1),E,-1.002,2
-1.822,-1.134,3,Q,199(E1),F,-1.354,2
-1.898,-1.224,4,Q,199(E1),G,-2.531,1
-0.9974,-0.4152,8,Q,199(E1),H,-0.4936,5
-1.128,-0.5011,6,Q,199(E1),I,-0.65,4
-2.533,-2.149,6,Q,199(E1),K,-2.989,1
-1.635,-0.932,4,Q,199(E1),L,-1.784,3
0.1728,0.0409,5,Q,199(E1),M,-0.2077,4
0.545,0.1092,6,Q,199(E1),N,-0.328,4
-6.695,-7.484,6,Q,199(E1),P,-8,5
0,0,,Q,199(E1),Q,0,
-2.936,-2.877,6,Q,199(E1),R,-2.955,2
3.923,0.2597,10,Q,199(E1),S,0.6787,7
-0.6022,-0.2062,6,Q,199(E1),T,0.0016,2
-1.372,-0.6872,8,Q,199(E1),V,-1.026,6
-1.148,-0.5152,6,Q,199(E1),W,-0.7243,4
-2.267,-1.725,4,Q,199(E1),Y,-1.993,2
-6.508,-7.429,1,F,200(E1),*,-8,1
-0.09014,-0.0241,2,F,200(E1),-,,
-7.536,-7.641,8,F,200(E1),A,-8,4
-7.795,-7.669,12,F,200(E1),C,-8,10
-8.089,-7.693,6,F,200(E1),D,-8,2
-7.556,-7.643,8,F,200(E1),E,-7.703,2
0,0,,F,200(E1),F,0,
-7.433,-7.628,4,F,200(E1),G,-8,2
-7.228,-7.597,5,F,200(E1),H,-8,3
-5.371,-6.802,6,F,200(E1),I,-7.116,4
-5.703,-7.05,10,F,200(E1),K,-7.523,7
0.357,0.07773,12,F,200(E1),L,-0.5293,2
-7.023,-7.56,5,F,200(E1),M,-8,3
-7.112,-7.577,7,F,200(E1),N,-8,3
-7.576,-7.646,6,F,200(E1),P,-8,5
-7.382,-7.621,7,F,200(E1),Q,-8,4
-4.438,-5.7,3,F,200(E1),R,,
-6.544,-7.44,8,F,200(E1),S,-7.687,4
-7.159,-7.586,4,F,200(E1),T,-8,2
-7.073,-7.57,12,F,200(E1),V,-8,6
-2.728,-2.491,5,F,200(E1),W,-2.106,2
-1.701,-0.9998,8,F,200(E1),Y,-1.391,3
-0.06328,-0.01671,3,G,201(E1),-,,
-2.172,-1.587,10,G,201(E1),A,-1.582,5
-9.052,-7.737,15,G,201(E1),C,-8,5
-6.928,-7.541,20,G,201(E1),D,-7.776,5
-7.055,-7.567,6,G,201(E1),E,-8,4
-7.058,-7.567,3,G,201(E1),F,-8,1
0,0,,G,201(E1),G,0,
-6.905,-7.535,9,G,201(E1),H,-8,6
-6.724,-7.492,6,G,201(E1),I,-8,1
-6.575,-7.449,7,G,201(E1),K,-8,3
-6.283,-7.348,7,G,201(E1),L,-8,5
-6.357,-7.376,5,G,201(E1),M,-7.918,4
-6.523,-7.433,9,G,201(E1),N,-8,5
-7.165,-7.587,7,G,201(E1),P,-8,4
-6.141,-7.288,8,G,201(E1),Q,-7.745,6
-5.971,-7.206,6,G,201(E1),R,-8,5
-6.327,-7.365,16,G,201(E1),S,-8,9
-7.511,-7.638,6,G,201(E1),T,-8,4
-7.133,-7.581,11,G,201(E1),V,-8,2
-4.088,-5.119,4,G,201(E1),W,-6.525,2
-6.326,-7.365,4,G,201(E1),Y,-8,1
-0.6353,-0.221,3,D,202(E1),-,,
-6.795,-7.51,11,D,202(E1),A,-8,6
-7.327,-7.613,6,D,202(E1),C,-8,3
0,0,,D,202(E1),D,0,
-8.478,-7.716,2,D,202(E1),E,-8,1
-7.513,-7.638,7,D,202(E1),F,-8,4
-6.271,-7.343,15,D,202(E1),G,-8,6
-7.25,-7.601,7,D,202(E1),H,-8,6
-6.536,-7.437,8,D,202(E1),I,-8,3
-6.713,-7.489,8,D,202(E1),K,-8,4
-6.478,-7.419,8,D,202(E1),L,-8,3
-5.862,-7.147,9,D,202(E1),M,-8,4
-6.687,-7.482,34,D,202(E1),N,-7.684,6
-6.671,-7.477,2,D,202(E1),P,,
-6.869,-7.527,6,D,202(E1),Q,-8,4
-6.36,-7.377,6,D,202(E1),R,-8,4
-7.155,-7.585,6,D,202(E1),S,-8,5
-5.927,-7.183,5,D,202(E1),T,-8,3
-7.049,-7.565,14,D,202(E1),V,-8,4
-6.636,-7.467,6,D,202(E1),W,-8,2
-7.286,-7.607,18,D,202(E1),Y,-8,10
-6.108,-7.273,4,I,203(E1),-,,
-7.711,-7.661,6,I,203(E1),A,-8,3
-2.524,-2.133,9,I,203(E1),C,-2.06,5
-10.5,-7.758,6,I,203(E1),D,-8,3
-6.532,-7.436,11,I,203(E1),E,-8,7
-3.211,-3.416,8,I,203(E1),F,-3.848,4
-6.305,-7.357,6,I,203(E1),G,-8,4
-7.405,-7.624,8,I,203(E1),H,-8,7
0,0,,I,203(E1),I,0,
-6.862,-7.526,6,I,203(E1),K,-8,3
-0.8316,-0.3188,5,I,203(E1),L,-1.427,2
-2.237,-1.681,6,I,203(E1),M,-1.944,4
-7.148,-7.584,9,I,203(E1),N,-8,5
-6.981,-7.552,15,I,203(E1),P,-8,9
-5.803,-7.112,9,I,203(E1),Q,-8,3
-6.783,-7.507,9,I,203(E1),R,-8,6
-7.661,-7.655,9,I,203(E1),S,-8,7
-5.428,-6.849,2,I,203(E1),T,-7.117,2
1.377,0.1965,6,I,203(E1),V,-0.2741,4
-5.512,-6.915,9,I,203(E1),W,-8,3
-5.206,-6.653,9,I,203(E1),Y,-7.632,4
-3.536,-4.067,10,Q,204(E1),*,-2.734,2
-0.4738,-0.1523,2,Q,204(E1),-,,
-1.917,-1.248,11,Q,204(E1),A,-1.261,4
-3.011,-3.022,3,Q,204(E1),C,-2.837,1
-7.668,-7.656,4,Q,204(E1),D,,
-7.582,-7.646,4,Q,204(E1),E,-8,2
-7.435,-7.628,12,Q,204(E1),F,-8,4
-10.62,-7.759,13,Q,204(E1),G,-8,4
-5.889,-7.162,13,Q,204(E1),H,-7.216,3
-7.004,-7.556,8,Q,204(E1),I,-7.484,3
-6.498,-7.425,9,Q,204(E1),K,-8,7
-6.003,-7.223,7,Q,204(E1),L,-8,3
-1.782,-1.089,8,Q,204(E1),M,-1.157,2
-7.63,-7.652,8,Q,204(E1),N,-7.441,2
-6.426,-7.401,18,Q,204(E1),P,-8,11
0,0,,Q,204(E1),Q,0,
-7.258,-7.602,11,Q,204(E1),R,-8,3
-3.224,-3.442,5,Q,204(E1),S,-3.779,4
-3.993,-4.948,5,Q,204(E1),T,-5.023,3
-3.928,-4.828,4,Q,204(E1),V,-4.916,1
-6.061,-7.251,5,Q,204(E1),W,-8,1
-7.318,-7.612,4,Q,204(E1),Y,-8,1
0.9122,0.1565,2,S,205(E1),-,,
-2.297,-1.769,4,S,205(E1),A,-2.265,2
-0.9838,-0.4068,4,S,205(E1),C,-0.6018,3
-5.593,-6.975,5,S,205(E1),D,-6.664,2
-3.732,-4.454,10,S,205(E1),E,-6.159,4
-2.561,-2.197,5,S,205(E1),F,-2.402,2
-3.128,-3.252,6,S,205(E1),G,-3.714,3
-2.158,-1.566,6,S,205(E1),H,-4.877,2
-3.964,-4.894,10,S,205(E1),I,-4.882,3
-3.737,-4.464,5,S,205(E1),K,-4.462,3
-3.053,-3.104,4,S,205(E1),L,-4.324,1
-0.001977,-0.0005073,8,S,205(E1),M,-0.7527,3
-6.69,-7.483,26,S,205(E1),N,-8,4
-7.248,-7.601,3,S,205(E1),P,-8,3
-3.693,-4.379,5,S,205(E1),Q,-4.404,3
-7.162,-7.586,11,S,205(E1),R,-8,6
0,0,,S,205(E1),S,0,
0.06029,0.01503,7,S,205(E1),T,0.6047,4
-3.149,-3.293,4,S,205(E1),V,-3.091,2
-5.316,-6.754,7,S,205(E1),W,-6.502,2
-3.5,-3.996,5,S,205(E1),Y,-5.223,1
-0.6983,-0.2506,1,R,206(E1),*,,
-0.2241,-0.06386,1,R,206(E1),-,,
-2.081,-1.46,6,R,206(E1),A,-1.264,4
-3.718,-4.427,8,R,206(E1),C,-4.701,4
-3.04,-3.08,8,R,206(E1),D,-3.418,6
-1.344,-0.6641,9,R,206(E1),E,-1.876,4
-2.245,-1.692,9,R,206(E1),F,-1.983,6
-1.211,-0.5602,10,R,206(E1),G,-0.09958,7
-1.36,-0.6777,7,R,206(E1),H,-2.146,3
-1.528,-0.8268,10,R,206(E1),I,-1.336,7
-1.791,-1.099,20,R,206(E1),K,-1.833,6
1.004,0.1659,8,R,206(E1),L,0.2146,7
0.4971,0.1017,9,R,206(E1),M,-0.2929,3
-4.512,-5.811,2,R,206(E1),N,,
-4.31,-5.497,9,R,206(E1),P,-5.907,6
-1.521,-0.8197,1,R,206(E1),Q,-1.094,1
0,0,,R,206(E1),R,0,
-0.3914,-0.1209,10,R,206(E1),S,-0.5197,4
1.09,0.1739,5,R,206(E1),T,0.2833,3
-2.439,-1.992,9,R,206(E1),V,-2.245,4
-4.855,-6.272,7,R,206(E1),W,-6.813,4
-3.09,-3.177,10,R,206(E1),Y,-3.343,6
-3.922,-4.817,2,T,207(E1),-,,
0.7878,0.1423,8,T,207(E1),A,-0.1114,4
-2.177,-1.593,6,T,207(E1),C,-1.747,3
-2.404,-1.937,4,T,207(E1),D,-0.6271,1
-2.144,-1.546,4,T,207(E1),E,-0.9209,1
-1.238,-0.5804,5,T,207(E1),F,-0.4708,3
-2.35,-1.852,6,T,207(E1),G,-2.019,6
1.051,0.1704,7,T,207(E1),H,0.2162,5
-1.144,-0.5123,13,T,207(E1),I,-0.7283,6
0.03503,0.008835,3,T,207(E1),K,0.026,2
-0.4651,-0.1489,3,T,207(E1),L,-0.164,1
-0.4456,-0.1413,4,T,207(E1),M,-1.745,1
-0.6209,-0.2145,8,T,207(E1),N,-1.076,3
-6.599,-7.457,5,T,207(E1),P,-8,2
-1.042,-0.4436,1,T,207(E1),Q,,
3.113,0.2529,5,T,207(E1),R,0.9484,3
0.2026,0.0473,6,T,207(E1),S,0.04261,5
0,0,,T,207(E1),T,0,
-1.159,-0.5228,7,T,207(E1),V,-1.221,6
-1.595,-0.8917,11,T,207(E1),W,-0.2001,3
-1.867,-1.188,4,T,207(E1),Y,-1.277,1
-3.07,-3.138,2,P,208(E1),-,,
-1.261,-0.5982,6,P,208(E1),A,-1.298,2
-2.247,-1.694,4,P,208(E1),C,-1.613,3
-3.003,-3.008,12,P,208(E1),D,-3.644,4
-1.903,-1.231,5,P,208(E1),E,-1.426,3
-0.5748,-0.1941,4,P,208(E1),F,-2.38,1
-3.242,-3.478,6,P,208(E1),G,-3.451,2
-2.065,-1.438,17,P,208(E1),H,-1.275,6
-0.6238,-0.2158,5,P,208(E1),I,-0.9108,2
-1.782,-1.089,2,P,208(E1),K,-1.252,1
-1.409,-0.7194,5,P,208(E1),L,-0.7491,1
-2.535,-2.152,4,P,208(E1),M,-2.383,2
-3.564,-4.124,3,P,208(E1),N,-4.644,1
0,0,,P,208(E1),P,0,
-0.3441,-0.1039,4,P,208(E1),Q,-0.9366,3
-2.735,-2.503,5,P,208(E1),R,-2.169,2
-1.61,-0.9065,5,P,208(E1),S,-0.9759,2
-0.6963,-0.2497,7,P,208(E1),T,0.2029,4
-0.1712,-0.04759,3,P,208(E1),V,-0.704,1
-1.86,-1.179,5,P,208(E1),W,-0.8295,3
-2.257,-1.709,3,P,208(E1),Y,-1.695,1
-5.641,-7.008,5,E,209(E1),*,,
-0.6105,-0.2098,1,E,209(E1),-,,
-0.7744,-0.2886,10,E,209(E1),A,-0.505,5
-2.015,-1.372,9,E,209(E1),C,-1.059,4
-0.523,-0.1722,11,E,209(E1),D,-0.8792,4
0,0,,E,209(E1),E,0,
-0.3632,-0.1106,7,E,209(E1),F,-0.62,5
-1.192,-0.5462,8,E,209(E1),G,-1.163,4
0.8488,0.1495,4,E,209(E1),H,-0.9388,2
-1,-0.4171,5,E,209(E1),I,-0.7557,2
-2.094,-1.477,17,E,209(E1),K,-1.379,2
-1.6,-0.8963,8,E,209(E1),L,-1.764,1
-0.6726,-0.2383,10,E,209(E1),M,-0.6215,5
-0.9708,-0.3988,6,E,209(E1),N,-1.312,2
-2.694,-2.428,4,E,209(E1),P,,
0.244,0.0559,4,E,209(E1),Q,-0.6703,1
0.897,0.1548,7,E,209(E1),R,-0.646,4
1.105,0.1753,7,E,209(E1),S,-0.09434,5
-1.899,-1.226,2,E,209(E1),T,-1.449,1
2.681,0.2464,12,E,209(E1),V,-0.5648,8
0.1978,0.04628,8,E,209(E1),W,-0.3118,7
-1.003,-0.4185,7,E,209(E1),Y,-0.5989,6
0.4241,0.08962,1,S,210(E1),-,,
-1.421,-0.7295,7,S,210(E1),A,-0.7262,3
-5.449,-6.866,4,S,210(E1),C,-6.949,2
-4.368,-5.591,5,S,210(E1),D,-5.904,2
-4.007,-4.973,8,S,210(E1),E,-5.179,5
-3.257,-3.509,1,S,210(E1),F,,
-0.8825,-0.347,7,S,210(E1),G,-0.6913,5
-3.02,-3.039,7,S,210(E1),H,-2.913,4
-5.953,-7.197,9,S,210(E1),I,-7.466,4
-3.024,-3.048,4,S,210(E1),K,-3.592,3
-4.563,-5.885,2,S,210(E1),L,-5.789,1
-3.256,-3.507,2,S,210(E1),M,-3.241,1
-3.278,-3.551,9,S,210(E1),N,,
-7.059,-7.567,4,S,210(E1),P,,
-3.325,-3.645,4,S,210(E1),Q,-3.713,3
-2.914,-2.835,7,S,210(E1),R,-2.827,4
0,0,,S,210(E1),S,0,
-0.9133,-0.3646,4,S,210(E1),T,-0.9358,2
-4.63,-5.981,5,S,210(E1),V,-6.1,4
-6.78,-7.506,4,S,210(E1),W,-8,1
-4.792,-6.194,5,S,210(E1),Y,-5.125,2
-4.732,-6.117,3,E,211(E1),*,,
1.188,0.1823,2,E,211(E1),A,0.8879,1
-0.2052,-0.05795,5,E,211(E1),C,-1.133,1
-0.5334,-0.1765,13,E,211(E1),D,-1.383,4
0,0,,E,211(E1),E,0,
0.4244,0.08967,5,E,211(E1),F,-0.9573,2
-1.279,-0.6124,7,E,211(E1),G,0.0121,2
-0.4946,-0.1606,6,E,211(E1),H,-0.4389,3
0.1651,0.0392,1,E,211(E1),I,,
-0.01383,-0.003567,12,E,211(E1),K,-1.404,2
0.2144,0.04977,4,E,211(E1),L,-0.2967,2
0.1367,0.0329,5,E,211(E1),M,-0.0329,4
-0.06937,-0.01837,9,E,211(E1),N,-1.27,6
-2.669,-2.385,5,E,211(E1),P,-2.223,2
-0.8652,-0.3373,8,E,211(E1),Q,0.4114,5
-0.3444,-0.104,5,E,211(E1),R,-1.44,2
-1.689,-0.9881,6,E,211(E1),S,-1.115,2
-0.499,-0.1624,6,E,211(E1),T,-0.6231,3
0.4655,0.09658,3,E,211(E1),V,0.0758,2
-1.736,-1.038,3,E,211(E1),W,-1.417,3
0.8476,0.1493,4,E,211(E1),Y,-0.112,3
-1.671,-0.9686,5,D,212(E1),A,-1.187,3
-3.981,-4.926,8,D,212(E1),C,-4.567,5
0,0,,D,212(E1),D,0,
-2.853,-2.72,13,D,212(E1),E,-3.415,4
-2.436,-1.988,6,D,212(E1),F,-2.328,2
-1.623,-0.9197,8,D,212(E1),G,-1.555,1
-1.688,-0.9863,6,D,212(E1),H,-1.576,3
-3.814,-4.612,5,D,212(E1),I,-4.57,3
-2.524,-2.133,8,D,212(E1),K,-2.467,4
-3.756,-4.5,9,D,212(E1),L,-4.636,6
-2.467,-2.038,8,D,212(E1),M,-2.154,7
-1.933,-1.268,10,D,212(E1),N,-0.513,3
-2.927,-2.861,3,D,212(E1),P,-3.136,2
-2.417,-1.958,5,D,212(E1),R,-1.702,2
-2.46,-2.028,5,D,212(E1),S,-2.183,4
-3.089,-3.175,4,D,212(E1),T,-4.315,1
-2.669,-2.385,3,D,212(E1),V,-2.375,3
-3.476,-3.949,8,D,212(E1),W,-4.636,6
-3.334,-3.662,6,D,212(E1),Y,-3.073,4
-2.315,-1.797,12,V,213(E1),A,-2.255,7
0.7225,0.1342,6,V,213(E1),C,-0.7809,2
-3.666,-4.325,4,V,213(E1),D,-4.62,4
-3.127,-3.25,3,V,213(E1),E,-3.349,1
-2.78,-2.586,4,V,213(E1),F,-2.886,1
-3.685,-4.362,10,V,213(E1),G,-4.419,6
-3.497,-3.99,5,V,213(E1),H,-3.822,4
0.9976,0.1652,8,V,213(E1),I,0.3751,3
-5.636,-7.005,5,V,213(E1),K,-7.376,4
-1.848,-1.165,7,V,213(E1),L,-1.091,3
-2.332,-1.824,14,V,213(E1),M,-1.886,7
-2.931,-2.868,6,V,213(E1),N,-3.284,4
-2.765,-2.558,4,V,213(E1),P,-2.805,3
-3.173,-3.342,1,V,213(E1),Q,-3.601,1
-9.127,-7.739,3,V,213(E1),R,-8,1
-2.577,-2.225,8,V,213(E1),S,-2.654,4
0.02939,0.00743,1,V,213(E1),T,,
0,0,,V,213(E1),V,0,
-2.31,-1.789,6,V,213(E1),W,-2.081,2
-3.16,-3.315,4,V,213(E1),Y,-3.318,3
-3.877,-4.733,1,Y,214(E1),*,-5.098,1
-1.221,-0.5681,5,Y,214(E1),A,-1.157,3
-1.36,-0.678,5,Y,214(E1),C,-0.7404,2
-3.997,-4.955,3,Y,214(E1),D,-5.256,2
-2.097,-1.482,5,Y,214(E1),E,-1.789,4
-0.6223,-0.2152,3,Y,214(E1),F,-0.2813,1
-5.702,-7.049,5,Y,214(E1),G,-7.366,3
-0.4453,-0.1412,7,Y,214(E1),H,-1.244,2
-1.229,-0.574,4,Y,214(E1),I,-0.8355,2
-6.059,-7.25,6,Y,214(E1),K,-7.466,4
-2.376,-1.893,7,Y,214(E1),L,-3.139,4
1.257,0.1878,9,Y,214(E1),M,0.1815,6
-2.109,-1.499,6,Y,214(E1),N,-1.715,2
-6.811,-7.514,5,Y,214(E1),P,-8,2
-1.662,-0.9595,3,Y,214(E1),Q,-1.474,2
-5.182,-6.631,2,Y,214(E1),R,,
-2.033,-1.395,5,Y,214(E1),S,-1.212,2
-2.54,-2.161,6,Y,214(E1),T,-2.191,4
-1.478,-0.7802,5,Y,214(E1),V,-1.88,1
-0.9219,-0.3696,2,Y,214(E1),W,,
0,0,,Y,214(E1),Y,0,
0,0,,A,215(E1),A,0,
-1.484,-0.7855,7,A,215(E1),C,-0.8889,5
-6.567,-7.447,12,A,215(E1),D,-8,4
-5.915,-7.176,6,A,215(E1),E,-8,3
-5.312,-6.751,4,A,215(E1),F,-7.085,2
-2.622,-2.302,7,A,215(E1),G,-3.208,2
-7.579,-7.646,7,A,215(E1),H,-8,4
-3.409,-3.813,5,A,215(E1),I,,
-6.546,-7.441,4,A,215(E1),K,-7.808,2
-7.278,-7.605,4,A,215(E1),L,-8,3
-7.165,-7.587,3,A,215(E1),M,-8,2
-7.882,-7.677,4,A,215(E1),N,-7.798,3
-6.96,-7.547,7,A,215(E1),P,-8,3
-6.541,-7.439,7,A,215(E1),Q,-8,4
-7.001,-7.556,4,A,215(E1),R,-8,3
-1.658,-0.9547,7,A,215(E1),S,-0.661,3
-5.081,-6.529,20,A,215(E1),T,-6.2,5
-1.901,-1.228,23,A,215(E1),V,-0.6158,2
-8.552,-7.719,5,A,215(E1),W,-8,3
-6.37,-7.381,4,A,215(E1),Y,-8,4
-1.662,-0.9591,5,N,216(E1),A,-1.231,4
2.604,0.2449,5,N,216(E1),C,-0.4456,2
-1.408,-0.7184,4,N,216(E1),D,-0.7035,2
-0.9844,-0.4071,3,N,216(E1),E,-0.588,3
0.2124,0.04937,6,N,216(E1),F,-1.034,4
-3.36,-3.715,6,N,216(E1),G,-3.92,6
-1.384,-0.6976,2,N,216(E1),H,-0.9568,2
-1.906,-1.234,3,N,216(E1),I,-1.239,1
-1.386,-0.6998,7,N,216(E1),K,-1.188,1
-1.491,-0.7918,1,N,216(E1),L,-1.052,1
-1.833,-1.147,5,N,216(E1),M,-1.081,3
0,0,,N,216(E1),N,0,
-6.545,-7.44,5,N,216(E1),P,-8,3
-0.8103,-0.3074,6,N,216(E1),Q,-0.324,3
-0.8281,-0.3169,4,N,216(E1),R,-0.1959,3
-0.05532,-0.01455,10,N,216(E1),S,0.08417,4
-1.389,-0.7021,4,N,216(E1),T,-0.838,3
-1.51,-0.8094,3,N,216(E1),V,-1.203,2
-0.993,-0.4124,3,N,216(E1),W,-0.3925,2
-0.8254,-0.3154,4,N,216(E1),Y,-0.6416,3
-6.437,-7.405,7,T,217(E1),A,-8,3
-4.969,-6.406,7,T,217(E1),C,-6.75,4
-6.232,-7.327,7,T,217(E1),D,-8,5
-6.708,-7.487,3,T,217(E1),E,-8,1
-6.773,-7.504,5,T,217(E1),F,-8,3
-6.541,-7.439,7,T,217(E1),G,-8,5
-9.055,-7.737,8,T,217(E1),H,-8,3
-9.169,-7.74,14,T,217(E1),I,-8,6
-6.865,-7.526,6,T,217(E1),K,-8,1
-7.381,-7.621,9,T,217(E1),L,-8,6
-7.086,-7.573,5,T,217(E1),M,-8,3
-5.625,-6.998,2,T,217(E1),N,-7.303,2
-5.649,-7.014,4,T,217(E1),P,-7.414,4
-7.126,-7.58,2,T,217(E1),Q,-8,2
-6.707,-7.487,1,T,217(E1),R,-8,1
-2.196,-1.62,3,T,217(E1),S,-1.919,2
0,0,,T,217(E1),T,0,
-6.292,-7.352,4,T,217(E1),V,-8,1
-7.384,-7.621,5,T,217(E1),W,-8,4
-6.971,-7.55,8,T,217(E1),Y,-8,6
-6.086,-7.263,5,Q,218(E1),*,,
-1.35,-0.6697,4,Q,218(E1),A,-0.7738,1
-1.804,-1.114,6,Q,218(E1),C,-1.883,3
-1.251,-0.5903,5,Q,218(E1),D,-0.5319,3
4.194,0.261,3,Q,218(E1),E,-0.4663,2
1.32,0.1925,1,Q,218(E1),F,0.1784,1
-1.821,-1.134,2,Q,218(E1),G,-2.516,2
-2.043,-1.409,8,Q,218(E1),H,-1.638,3
-2.38,-1.898,4,Q,218(E1),I,-2.17,4
-0.709,-0.2558,7,Q,218(E1),K,-1.082,3
-0.5759,-0.1946,6,Q,218(E1),L,-0.6203,3
-1.681,-0.9789,6,Q,218(E1),M,-1.22,4
-2.267,-1.725,7,Q,218(E1),N,-1.937,1
-6.381,-7.385,4,Q,218(E1),P,-7.723,4
0,0,,Q,218(E1),Q,0,
-2.573,-2.218,6,Q,218(E1),R,,
-5.454,-6.87,4,Q,218(E1),S,-7.272,2
-7.041,-7.564,3,Q,218(E1),T,-8,2
-2.775,-2.577,6,Q,218(E1),V,-2.893,2
-2.535,-2.152,3,Q,218(E1),W,-2.372,2
-0.9105,-0.363,6,Q,218(E1),Y,-0.8098,5
-4.91,-6.339,1,L,219(E1),*,,
-6.302,-7.356,5,L,219(E1),A,-8,4
-7.113,-7.577,3,L,219(E1),C,-8,2
-15.16,-7.765,2,L,219(E1),D,-7.838,2
-7.079,-7.571,5,L,219(E1),E,-8,2
-3.067,-3.132,4,L,219(E1),F,-2.95,3
-7.224,-7.597,10,L,219(E1),G,-8,4
-7.232,-7.598,5,L,219(E1),H,-8,3
-1.353,-0.672,5,L,219(E1),I,-0.8072,3
-7.084,-7.572,4,L,219(E1),K,-8,2
0,0,,L,219(E1),L,0,
-1.553,-0.8507,8,L,219(E1),M,-1.076,5
-5.84,-7.134,6,L,219(E1),N,-8,4
-6.509,-7.429,7,L,219(E1),P,-7.937,3
-7.906,-7.679,6,L,219(E1),Q,-7.527,1
-6.284,-7.349,6,L,219(E1),R,-8,5
-5.82,-7.123,2,L,219(E1),S,-7.289,2
-7.261,-7.603,5,L,219(E1),T,-8,4
-2.765,-2.557,2,L,219(E1),V,-3.147,2
-4.828,-6.239,3,L,219(E1),W,-6.181,2
-7.347,-7.616,5,L,219(E1),Y,-8,4
-1.899,-1.225,7,V,220(E1),A,-1.757,4
-1.708,-1.008,8,V,220(E1),C,-1.35,2
0.2778,0.06267,7,V,220(E1),D,0.2093,3
-2.771,-2.569,3,V,220(E1),E,-2.733,1
-0.5365,-0.1778,3,V,220(E1),F,,
-1.968,-1.311,5,V,220(E1),G,-1.863,2
-1.381,-0.6948,4,V,220(E1),H,0.09389,3
1.403,0.1982,4,V,220(E1),I,-0.1076,4
-0.4858,-0.1571,3,V,220(E1),K,-1.077,1
-0.6416,-0.2239,8,V,220(E1),L,-1.479,1
-0.9889,-0.4099,10,V,220(E1),M,-1.367,4
-1.267,-0.6027,6,V,220(E1),N,-0.7423,3
-6.248,-7.334,5,V,220(E1),P,-8,2
-1.115,-0.4921,5,V,220(E1),Q,-0.2474,3
-1.788,-1.096,9,V,220(E1),R,-1.458,4
-1.448,-0.7534,1,V,220(E1),S,,
0.3698,0.08006,4,V,220(E1),T,0.09553,4
0,0,,V,220(E1),V,0,
0.9983,0.1653,1,V,220(E1),W,0.06549,1
2.448,0.2414,1,V,220(E1),Y,1.15,1
-3.739,-4.468,3,L,221(E1),A,-4.549,3
-1.427,-0.7345,3,L,221(E1),C,-0.5998,2
-7.407,-7.624,5,L,221(E1),D,-8,4
-5.984,-7.213,5,L,221(E1),E,-8,2
-3.576,-4.148,5,L,221(E1),F,-4.36,3
-5.099,-6.547,4,L,221(E1),G,-6.441,3
-7.041,-7.564,3,L,221(E1),H,-8,2
-2.192,-1.615,4,L,221(E1),I,-2.048,1
-7.159,-7.586,2,L,221(E1),K,-8,2
0,0,,L,221(E1),L,0,
-0.8418,-0.3243,7,L,221(E1),M,-0.2885,1
-8.336,-7.709,2,L,221(E1),N,-8,2
-3.453,-3.901,8,L,221(E1),P,,
-7.328,-7.613,8,L,221(E1),Q,-8,6
-6.305,-7.357,8,L,221(E1),R,-8,4
-2.111,-1.501,3,L,221(E1),T,-1.73,2
-1.459,-0.7628,2,L,221(E1),V,-1.044,2
-7.497,-7.636,5,L,221(E1),W,-8,4
-6.967,-7.549,4,L,221(E1),Y,-8,2
-7.837,-7.673,5,Q,222(E1),*,,
-1.792,-1.101,2,Q,222(E1),A,-1.328,2
-1.455,-0.76,5,Q,222(E1),C,-0.831,3
-1.552,-0.849,3,Q,222(E1),D,-1.184,2
-0.9958,-0.4142,5,Q,222(E1),E,-0.08395,4
3.144,0.2533,4,Q,222(E1),F,1.052,3
-1.127,-0.5,4,Q,222(E1),G,-1.139,3
-0.9725,-0.3998,5,Q,222(E1),H,-1.063,1
3.336,0.2553,5,Q,222(E1),I,0.9871,4
-1.726,-1.027,8,Q,222(E1),K,-3.982,2
2.534,0.2434,1,Q,222(E1),L,1.121,1
-0.5471,-0.1823,3,Q,222(E1),M,-0.2239,3
-0.5569,-0.1864,4,Q,222(E1),N,-0.3782,2
-7.13,-7.581,8,Q,222(E1),P,-8,4
0,0,,Q,222(E1),Q,0,
0.1392,0.03346,5,Q,222(E1),R,-0.5991,2
-1.718,-1.019,5,Q,222(E1),S,-1.432,2
-1.765,-1.07,4,Q,222(E1),T,-1.448,3
-1.503,-0.8035,3,Q,222(E1),V,1.175,1
-0.5431,-0.1806,4,Q,222(E1),W,-0.2971,1
-1.158,-0.522,3,Q,222(E1),Y,-0.5516,1
-1.394,-0.7061,5,R,223(E1),A,-1.113,3
-3.56,-4.115,4,R,223(E1),C,-4.303,2
-8.059,-7.691,4,R,223(E1),D,-8,3
-5.368,-6.799,8,R,223(E1),E,-8,5
-1.915,-1.245,10,R,223(E1),F,-2.244,5
-3.601,-4.197,5,R,223(E1),G,-3.77,1
0.3511,0.07665,3,R,223(E1),H,-0.6242,2
-3.569,-4.133,6,R,223(E1),I,-5.729,4
-1.365,-0.6818,7,R,223(E1),K,-1.947,1
-3.047,-3.092,5,R,223(E1),L,-2.918,3
-1.101,-0.4825,11,R,223(E1),M,-1.454,3
-2.61,-2.281,3,R,223(E1),N,-2.559,1
-4.712,-6.092,5,R,223(E1),P,-5.971,3
-1.175,-0.5346,6,R,223(E1),Q,-0.9076,4
0,0,,R,223(E1),R,0,
-1.821,-1.134,7,R,223(E1),S,-1.3,6
-3.075,-3.147,4,R,223(E1),T,-3.387,3
-3.164,-3.323,5,R,223(E1),V,-4.33,1
-8.707,-7.726,3,R,223(E1),W,,
-2.007,-1.362,3,R,223(E1),Y,-2.201,2
-6.524,-7.434,5,P,224(E1),A,-8,4
-6.8,-7.511,5,P,224(E1),C,-8,3
-7.27,-7.604,4,P,224(E1),D,-8,3
-6.22,-7.323,5,P,224(E1),E,-8,2
-7.08,-7.571,6,P,224(E1),F,-8,2
-6.708,-7.487,3,P,224(E1),G,-8,1
-6.981,-7.552,9,P,224(E1),H,-8,3
-7.629,-7.652,5,P,224(E1),I,-7.544,2
-4.905,-6.332,3,P,224(E1),K,-6.612,2
-7.353,-7.617,18,P,224(E1),L,-8,5
-6.454,-7.411,4,P,224(E1),M,-8,2
-6.478,-7.419,3,P,224(E1),N,-8,1
0,0,,P,224(E1),P,0,
-6.494,-7.424,3,P,224(E1),Q,-8,1
-6.529,-7.435,5,P,224(E1),R,-8,4
-7.339,-7.615,11,P,224(E1),S,-8,4
-4.898,-6.324,3,P,224(E1),T,,
-7.111,-7.577,3,P,224(E1),V,-8,2
-6.615,-7.461,4,P,224(E1),W,-8,1
-6.46,-7.413,6,P,224(E1),Y,-8,5
0.5995,0.1173,6,S,225(E1),A,-0.0326,4
-0.3027,-0.08959,9,S,225(E1),C,0.4221,5
-1.113,-0.4904,7,S,225(E1),D,-0.7309,6
-0.9626,-0.3938,6,S,225(E1),E,-0.708,3
-2.598,-2.26,8,S,225(E1),F,-2.353,5
0.2428,0.05565,4,S,225(E1),G,-0.4693,3
-1.939,-1.275,5,S,225(E1),H,-1.434,2
-2.064,-1.437,11,S,225(E1),I,-2.13,5
-2.114,-1.504,3,S,225(E1),K,-1.645,1
-1.562,-0.8591,3,S,225(E1),L,-1.004,1
3.004,0.2515,2,S,225(E1),M,,
0.4097,0.08713,4,S,225(E1),N,-1.166,2
-6.774,-7.504,8,S,225(E1),P,-7.76,4
2.229,0.2357,4,S,225(E1),Q,-0.5464,3
-1.647,-0.9443,4,S,225(E1),R,-1.219,2
0,0,,S,225(E1),S,0,
-1.57,-0.8665,5,S,225(E1),T,-0.8756,5
-1.079,-0.4675,5,S,225(E1),V,-0.7557,2
-2.726,-2.487,7,S,225(E1),W,-2.507,5
-2.141,-1.542,11,S,225(E1),Y,-2.606,5
0,0,,A,226(E1),A,0,
-7.523,-7.639,7,A,226(E1),C,-8,4
-3.408,-3.812,14,A,226(E1),D,-4.103,7
-3.648,-4.291,4,A,226(E1),E,-4.882,1
-3.326,-3.646,7,A,226(E1),F,-3.754,2
-2.391,-1.917,8,A,226(E1),G,-2.121,7
-3.8,-4.586,6,A,226(E1),H,-6.07,4
-2.399,-1.929,8,A,226(E1),I,-2.374,3
-4.077,-5.1,4,A,226(E1),K,-5.139,2
-4.053,-5.057,3,A,226(E1),L,-5.269,2
-3.368,-3.731,10,A,226(E1),M,-3.691,4
-6.61,-7.46,4,A,226(E1),N,-8,2
-0.2711,-0.079,9,A,226(E1),P,0.1617,6
-2.592,-2.249,5,A,226(E1),Q,-2.666,3
-3.867,-4.713,3,A,226(E1),R,-4.812,3
-0.5678,-0.1911,8,A,226(E1),S,,
0.163,0.03874,15,A,226(E1),T,0.6649,3
-0.7043,-0.2535,39,A,226(E1),V,-0.3912,8
-1.973,-1.318,5,A,226(E1),W,-2.174,2
-2.42,-1.963,6,A,226(E1),Y,-4.708,1
-5.097,-6.545,3,G,227(E1),*,,
-3.058,-3.113,10,G,227(E1),A,-3.801,7
-7.223,-7.597,4,G,227(E1),C,-8,3
-2.54,-2.161,20,G,227(E1),E,-5.612,4
-3.188,-3.37,9,G,227(E1),F,-3.424,7
0,0,,G,227(E1),G,0,
-4.238,-5.377,5,G,227(E1),H,-6.179,3
-5.549,-6.943,6,G,227(E1),I,-6.689,2
-3.871,-4.721,5,G,227(E1),K,-4.86,3
-4.825,-6.236,4,G,227(E1),L,-6.954,2
-3.549,-4.095,3,G,227(E1),M,-4.402,2
-3.088,-3.174,4,G,227(E1),N,-3.662,2
-6.215,-7.321,6,G,227(E1),P,-8,4
-3.087,-3.171,9,G,227(E1),Q,-3.279,6
-4.243,-5.387,25,G,227(E1),R,-6.883,2
-3.263,-3.52,7,G,227(E1),S,-3.737,6
-3.02,-3.04,9,G,227(E1),T,-2.284,3
-3.857,-4.694,9,G,227(E1),V,-4.95,4
-3.668,-4.33,7,G,227(E1),W,-4.645,6
-2.873,-2.759,9,G,227(E1),Y,-2.777,5
-1.22,-0.5673,9,T,228(E1),A,-1.074,6
-1.969,-1.312,6,T,228(E1),C,-1.293,4
-1.564,-0.8611,10,T,228(E1),D,-0.7404,5
0.8198,0.1461,8,T,228(E1),E,-0.1715,4
-2.222,-1.658,3,T,228(E1),F,-1.901,2
-2.213,-1.645,4,T,228(E1),G,-2.147,2
-1.884,-1.208,5,T,228(E1),H,-2.769,2
4.504,0.2621,11,T,228(E1),I,0.1832,6
-3.509,-4.014,8,T,228(E1),K,-4.269,5
3.635,0.2579,7,T,228(E1),L,1.023,3
2.122,0.2324,3,T,228(E1),M,0.2956,2
-2.679,-2.403,9,T,228(E1),N,-2.734,8
-3.041,-3.082,9,T,228(E1),P,-3.605,5
0.01107,0.002824,3,T,228(E1),Q,1.272,1
-2.872,-2.757,7,T,228(E1),R,-2.879,5
-1.595,-0.8913,8,T,228(E1),S,-1.611,2
0,0,,T,228(E1),T,0,
2.792,0.2483,10,T,228(E1),V,0.5605,7
0.5803,0.1145,2,T,228(E1),W,,
-2.371,-1.885,4,T,228(E1),Y,-2.025,3
-2.736,-2.504,6,V,229(E1),A,-3.011,3
-3.74,-4.471,10,V,229(E1),C,-4.561,7
-6.06,-7.251,5,V,229(E1),D,-7.287,4
-5.003,-6.445,9,V,229(E1),E,-7.104,4
-7.609,-7.65,13,V,229(E1),F,-8,8
-6.634,-7.467,8,V,229(E1),G,-8,6
-7.035,-7.563,7,V,229(E1),H,-8,4
2.724,0.2471,3,V,229(E1),I,-2.328,1
-5.823,-7.124,5,V,229(E1),K,-7.46,3
-2.36,-1.867,14,V,229(E1),L,-1.192,3
-2.303,-1.779,8,V,229(E1),M,-1.591,2
-6.636,-7.467,2,V,229(E1),N,-8,1
-4.54,-5.852,4,V,229(E1),P,-6.556,2
-7.336,-7.614,7,V,229(E1),Q,-8,3
-5.104,-6.552,2,V,229(E1),R,-6.987,1
-3.647,-4.287,3,V,229(E1),S,-5.206,1
-2.282,-1.747,5,V,229(E1),T,-2.153,1
0,0,,V,229(E1),V,0,
-6.425,-7.401,6,V,229(E1),W,-8,4
-6.81,-7.513,6,V,229(E1),Y,-8,3
-3.576,-4.148,2,H,230(E1),A,-4.985,1
-4.608,-5.95,7,H,230(E1),C,-6.393,5
-3.764,-4.517,4,H,230(E1),D,-5.045,1
-4.703,-6.079,5,H,230(E1),E,-6.339,2
-6.364,-7.379,8,H,230(E1),F,-7.633,2
-3.942,-4.854,7,H,230(E1),G,-5.1,3
0,0,,H,230(E1),H,0,
-4.052,-5.055,7,H,230(E1),I,-5.613,5
-6.595,-7.455,1,H,230(E1),K,-8,1
-4.207,-5.325,8,H,230(E1),L,-5.648,4
-3.954,-4.877,8,H,230(E1),M,-6.18,4
-5.473,-6.885,9,H,230(E1),N,-7.362,1
-7.144,-7.583,6,H,230(E1),P,-8,2
-3.889,-4.756,12,H,230(E1),Q,-4.624,7
-4.076,-5.098,10,H,230(E1),R,-5.353,4
-4.434,-5.694,4,H,230(E1),S,-5.324,3
-5.011,-6.453,8,H,230(E1),T,-6.549,3
-5.18,-6.628,10,H,230(E1),V,-6.849,5
-6.768,-7.503,4,H,230(E1),W,-7.803,2
-3.54,-4.076,23,H,230(E1),Y,-3.317,6
-0.3506,-0.1062,1,V,231(E1),-,,
-2.756,-2.542,11,V,231(E1),A,-2.636,3
-2.873,-2.759,4,V,231(E1),C,-3.068,4
-6.907,-7.536,7,V,231(E1),D,-8,4
-7.164,-7.587,8,V,231(E1),E,-8,1
-4.659,-6.02,6,V,231(E1),F,-5.644,3
-7.247,-7.601,7,V,231(E1),G,-8,3
-7.144,-7.583,6,V,231(E1),H,-8,4
-1.748,-1.051,7,V,231(E1),I,-1.478,6
-5.493,-6.901,13,V,231(E1),K,-7.288,10
-3.752,-4.494,10,V,231(E1),L,-4.916,7
-3.552,-4.1,26,V,231(E1),M,-4.903,4
-3.197,-3.388,5,V,231(E1),N,-3.534,2
-7.381,-7.621,5,V,231(E1),P,-8,4
-2.321,-1.807,3,V,231(E1),Q,-2.591,2
-6.839,-7.52,7,V,231(E1),R,-8,4
-2.756,-2.541,5,V,231(E1),S,-2.567,3
-2.464,-2.034,4,V,231(E1),T,-2.087,2
0,0,,V,231(E1),V,0,
-7.175,-7.589,2,V,231(E1),W,-8,2
-7.737,-7.663,8,V,231(E1),Y,-8,2
0.1151,0.02797,1,P,232(E1),-,,
-1.598,-0.894,6,P,232(E1),A,-1.634,4
-5.629,-7,11,P,232(E1),C,-8,3
-4.772,-6.17,4,P,232(E1),D,-6.12,2
-3.257,-3.51,2,P,232(E1),E,,
-6.891,-7.532,15,P,232(E1),F,-8,5
-2.208,-1.638,5,P,232(E1),G,-1.636,3
-5.108,-6.556,6,P,232(E1),H,-6.171,2
-4.833,-6.246,8,P,232(E1),I,-6.357,5
-3.844,-4.671,4,P,232(E1),K,-4.451,3
-3.083,-3.163,5,P,232(E1),L,-3.677,2
-3.157,-3.309,2,P,232(E1),M,-3.7,1
-6.753,-7.499,5,P,232(E1),N,-8,2
0,0,,P,232(E1),P,0,
-3.019,-3.038,13,P,232(E1),Q,-2.534,3
-3.134,-3.264,8,P,232(E1),R,-3.999,5
-2.554,-2.184,22,P,232(E1),S,-2.497,3
-4.391,-5.627,21,P,232(E1),T,-6.714,7
-5.024,-6.467,4,P,232(E1),V,-6.349,1
-7.091,-7.573,10,P,232(E1),W,-8,6
-6.159,-7.296,2,P,232(E1),Y,-7.611,2
-4.882,-6.305,5,Y,233(E1),*,,
-0.4717,-0.1515,2,Y,233(E1),-,,
-2.168,-1.58,5,Y,233(E1),A,-2.029,1
-2.92,-2.847,5,Y,233(E1),C,-2.889,4
-8.21,-7.701,4,Y,233(E1),D,-8,1
-7.522,-7.639,6,Y,233(E1),E,-8,4
-1.136,-0.5065,4,Y,233(E1),F,-0.4739,2
-7.445,-7.629,9,Y,233(E1),G,-8,4
-3.201,-3.397,6,Y,233(E1),H,-0.7177,1
-1.014,-0.4255,13,Y,233(E1),I,-0.7488,8
-2.181,-1.599,4,Y,233(E1),K,-3.744,2
-0.9712,-0.3991,7,Y,233(E1),L,-0.4411,5
0.1198,0.02904,4,Y,233(E1),M,-0.09465,4
-3.18,-3.355,11,Y,233(E1),N,-3.643,6
-10.09,-7.755,8,Y,233(E1),P,-8,4
-7.344,-7.615,6,Y,233(E1),Q,-8,4
-3.251,-3.496,4,Y,233(E1),R,-3.676,4
-2.355,-1.86,5,Y,233(E1),S,-1.864,3
-2.199,-1.624,6,Y,233(E1),T,-1.248,3
-1.599,-0.8949,4,Y,233(E1),V,-1.154,4
-1.269,-0.6048,5,Y,233(E1),W,-0.8805,4
0,0,,Y,233(E1),Y,0,
0.652,0.1248,2,S,234(E1),-,,
-2.668,-2.382,8,S,234(E1),A,-3.039,5
-4.709,-6.087,4,S,234(E1),C,-8,1
1.582,0.2091,2,S,234(E1),D,0.1031,2
-1.605,-0.9015,4,S,234(E1),E,-1.026,2
-2.46,-2.027,8,S,234(E1),F,-2.336,4
-1.879,-1.202,6,S,234(E1),G,-2.869,1
-2.935,-2.876,7,S,234(E1),H,-3.367,2
-1.98,-1.326,7,S,234(E1),I,-2.409,3
-3.136,-3.267,4,S,234(E1),K,-5.309,2
-2.139,-1.54,5,S,234(E1),L,-1.567,4
-1.036,-0.4396,9,S,234(E1),M,-1.434,5
-2.892,-2.795,1,S,234(E1),N,,
-7.449,-7.63,4,S,234(E1),P,-8,3
-2.353,-1.857,6,S,234(E1),Q,-2.304,4
-3.13,-3.256,4,S,234(E1),R,-3.622,2
0,0,,S,234(E1),S,0,
-2.03,-1.391,5,S,234(E1),T,-2.103,2
-2.329,-1.819,10,S,234(E1),V,-1.742,4
-1.961,-1.303,2,S,234(E1),W,-1.542,1
-1.239,-0.5812,3,S,234(E1),Y,-3.37,1
-5.468,-6.881,8,Q,235(E1),*,,
0.06712,0.01668,2,Q,235(E1),-,,
-3.175,-3.344,8,Q,235(E1),A,-3.669,5
-5.278,-6.72,8,Q,235(E1),C,-6.944,6
-6.282,-7.348,12,Q,235(E1),D,-8,7
-3.816,-4.616,3,Q,235(E1),E,-4.14,2
-6.756,-7.5,10,Q,235(E1),F,-8,6
-8.764,-7.728,7,Q,235(E1),G,-8,4
-6.845,-7.522,12,Q,235(E1),H,-8,2
-2.005,-1.358,12,Q,235(E1),I,-1.61,6
-6.934,-7.542,7,Q,235(E1),K,-8,3
-7.772,-7.667,15,Q,235(E1),L,-8,8
-4.272,-5.436,5,Q,235(E1),M,-5.542,2
-2.826,-2.67,6,Q,235(E1),N,-2.832,4
-6.68,-7.48,9,Q,235(E1),P,-8,9
0,0,,Q,235(E1),Q,0,
-7.914,-7.68,53,Q,235(E1),R,-8,9
-2.92,-2.847,6,Q,235(E1),S,-2.945,5
-4.04,-5.033,4,Q,235(E1),T,-4.879,1
-2.86,-2.735,6,Q,235(E1),V,-2.485,5
-7.371,-7.619,6,Q,235(E1),W,-8,4
-6.436,-7.405,2,Q,235(E1),Y,-8,1
-1.045,-0.4453,2,A,236(E1),-,,
0,0,,A,236(E1),A,0,
-2.22,-1.656,1,A,236(E1),C,,
-2.346,-1.846,14,A,236(E1),D,-1.868,6
-2.15,-1.555,1,A,236(E1),E,-1.391,1
-2.198,-1.623,6,A,236(E1),F,-2.728,3
-2.128,-1.524,8,A,236(E1),G,-1.784,5
-2.269,-1.728,6,A,236(E1),H,-2.486,3
2.604,0.2448,8,A,236(E1),I,0.1512,5
-2.978,-2.959,3,A,236(E1),K,-3.503,2
-0.9328,-0.376,1,A,236(E1),L,-0.6479,1
-1.15,-0.5166,2,A,236(E1),M,-0.5998,1
-2.125,-1.52,6,A,236(E1),N,-1.337,2
-5.69,-7.041,10,A,236(E1),P,-7.084,5
-2.786,-2.597,3,A,236(E1),Q,-2.812,2
-2.469,-2.042,1,A,236(E1),R,-2.329,1
-2.346,-1.845,10,A,236(E1),S,-2.329,4
-2.1,-1.486,16,A,236(E1),T,-2.26,4
-0.7108,-0.2567,10,A,236(E1),V,-1.14,1
-2.546,-2.171,5,A,236(E1),W,-2.21,2
-0.4956,-0.161,7,A,236(E1),Y,-0.8572,5
0.2027,0.04733,2,P,237(E1),-,,
-1.512,-0.812,1,P,237(E1),A,-1.086,1
-2.729,-2.492,6,P,237(E1),C,-2.362,4
-1.825,-1.139,2,P,237(E1),D,,
-2.502,-2.098,3,P,237(E1),E,-2.417,2
-1.782,-1.089,4,P,237(E1),F,,
-2.424,-1.969,7,P,237(E1),G,-1.627,1
-4.945,-6.379,5,P,237(E1),H,,
-3.311,-3.616,9,P,237(E1),I,-3.915,1
-2.197,-1.621,3,P,237(E1),K,-1.875,2
-1.934,-1.269,6,P,237(E1),L,-2.023,2
-2.515,-2.119,4,P,237(E1),M,-2.234,2
-3.327,-3.649,3,P,237(E1),N,,
0,0,,P,237(E1),P,0,
-2.239,-1.683,4,P,237(E1),Q,-2.713,2
-3.1,-3.196,2,P,237(E1),R,-3.43,2
-2.184,-1.603,5,P,237(E1),S,-1.626,1
-1.806,-1.116,7,P,237(E1),T,-2.947,3
-2.11,-1.499,4,P,237(E1),V,-3.192,1
-3.081,-3.159,6,P,237(E1),W,-3.308,4
-3.647,-4.289,4,P,237(E1),Y,-4.595,1
-1.544,-0.8418,3,S,238(E1),-,,
-1.998,-1.35,5,S,238(E1),A,-1.597,2
-2.871,-2.754,8,S,238(E1),C,-2.861,2
-6.462,-7.413,5,S,238(E1),D,-7.997,3
-6.51,-7.429,7,S,238(E1),E,-7.758,4
-7.262,-7.603,4,S,238(E1),F,-8,3
-3.269,-3.533,7,S,238(E1),G,-4.257,3
-5.714,-7.057,6,S,238(E1),H,-8,3
-5.216,-6.663,13,S,238(E1),I,-7.705,3
-4.462,-5.735,7,S,238(E1),K,-5.385,3
-5.551,-6.944,6,S,238(E1),L,-8,4
-2.608,-2.278,3,S,238(E1),M,,
-3.61,-4.216,14,S,238(E1),N,-4.989,3
-2.056,-1.425,5,S,238(E1),P,-1.663,4
-3.919,-4.812,3,S,238(E1),Q,-4.923,3
-7.606,-7.649,10,S,238(E1),R,-8,3
0,0,,S,238(E1),S,0,
-2.438,-1.991,3,S,238(E1),T,-2.963,1
-4.03,-5.015,7,S,238(E1),V,-6.046,4
-6.834,-7.519,4,S,238(E1),W,-8,1
-6.599,-7.457,10,S,238(E1),Y,-8,7
-2.073,-1.448,4,G,239(E1),-,,
-7.138,-7.582,4,G,239(E1),A,,
-7.28,-7.606,7,G,239(E1),C,-8,4
-8.321,-7.708,41,G,239(E1),D,-8,8
-7.24,-7.599,3,G,239(E1),E,-8,3
-6.268,-7.342,5,G,239(E1),F,-8,1
0,0,,G,239(E1),G,0,
-7.922,-7.68,10,G,239(E1),H,-8,5
-5.57,-6.959,3,G,239(E1),I,-7.252,2
-6.642,-7.469,7,G,239(E1),K,-8,2
-4.788,-6.19,4,G,239(E1),L,-6.018,1
-8.34,-7.709,3,G,239(E1),M,-8,2
-7,-7.556,3,G,239(E1),N,-8,2
-7.376,-7.62,7,G,239(E1),P,-8,1
-7.252,-7.601,6,G,239(E1),Q,-8,3
-5.91,-7.173,4,G,239(E1),R,-8,3
-7.009,-7.558,7,G,239(E1),S,-8,1
-7.34,-7.615,6,G,239(E1),T,-8,3
-7.661,-7.655,17,G,239(E1),V,-8,7
-1.277,-0.6104,1,G,239(E1),W,-0.8581,1
-5.855,-7.143,7,G,239(E1),Y,-7.189,5
-0.09796,-0.02629,2,F,240(E1),-,,
-7.367,-7.619,4,F,240(E1),A,-8,3
-5.98,-7.211,5,F,240(E1),C,-7.627,4
-5.877,-7.156,4,F,240(E1),D,-8,3
-7.362,-7.618,4,F,240(E1),E,-8,3
0,0,,F,240(E1),F,0,
-6.868,-7.527,4,F,240(E1),G,-8,1
-6.982,-7.552,2,F,240(E1),H,-8,2
-6.957,-7.547,7,F,240(E1),I,-8,1
-5.658,-7.02,3,F,240(E1),K,-7.354,1
-6.591,-7.454,14,F,240(E1),L,-8,1
-7.04,-7.564,3,F,240(E1),M,-8,2
-0.8079,-0.3061,1,F,240(E1),P,,
-6.753,-7.499,2,F,240(E1),Q,-8,1
-6.699,-7.485,3,F,240(E1),R,-8,1
-6.333,-7.367,4,F,240(E1),S,-8,1
-6.855,-7.524,4,F,240(E1),T,-8,2
-4.319,-5.512,3,F,240(E1),V,-6.362,2
-2.552,-2.182,2,F,240(E1),W,,
0.8508,0.1497,2,F,240(E1),Y,,
-7.314,-7.611,1,K,241(E1),*,,
1.067,0.1719,1,K,241(E1),-,,
-2.905,-2.819,2,K,241(E1),A,-5.041,2
-3.175,-3.345,5,K,241(E1),C,-2.765,2
-5.988,-7.215,4,K,241(E1),D,-8,3
-3.638,-4.269,7,K,241(E1),E,-3.261,2
-3.382,-3.76,2,K,241(E1),F,-4.025,1
-1.87,-1.191,3,K,241(E1),G,,
-2.102,-1.488,3,K,241(E1),H,-1.258,3
-3.546,-4.088,2,K,241(E1),I,-4.339,1
0,0,,K,241(E1),K,0,
-3.951,-4.871,3,K,241(E1),L,-4.847,3
-2.615,-2.289,2,K,241(E1),M,-2.527,1
-3.577,-4.15,6,K,241(E1),N,-3.994,2
-3.792,-4.571,3,K,241(E1),P,-5.168,1
-2.876,-2.765,1,K,241(E1),Q,-3.002,1
0.2483,0.05676,3,K,241(E1),R,-0.2166,1
-2.342,-1.839,2,K,241(E1),S,-2.094,2
-2.43,-1.978,3,K,241(E1),T,-2.807,1
-2.97,-2.943,1,K,241(E1),V,,
-4.044,-5.041,5,K,241(E1),W,-5.068,4
-2.881,-2.773,2,K,241(E1),Y,,
-3.034,-3.068,2,Y,242(E1),A,-3.357,2
-3.274,-3.543,5,Y,242(E1),C,-3.639,3
-4.209,-5.33,5,Y,242(E1),D,-6.306,2
-3.211,-3.416,3,Y,242(E1),E,-3.449,3
-2.714,-2.466,1,Y,242(E1),F,,
-3.718,-4.427,2,Y,242(E1),G,-4.552,1
-2.009,-1.364,2,Y,242(E1),H,,
-4.578,-5.907,4,Y,242(E1),K,-6.949,2
-2.472,-2.047,3,Y,242(E1),L,-2.42,2
-2.124,-1.519,6,Y,242(E1),N,-2.381,2
-6.094,-7.267,3,Y,242(E1),P,-6.599,1
-3.323,-3.642,2,Y,242(E1),Q,-3.895,1
-3.107,-3.211,1,Y,242(E1),S,-3.464,1
-3.131,-3.257,4,Y,242(E1),T,-3.389,3
-3.798,-4.581,1,Y,242(E1),V,-4.837,1
-0.2078,-0.05877,4,Y,242(E1),W,0.3592,1
0,0,,Y,242(E1),Y,0,
-11.8,-7.763,42,W,243(E1),*,-8,9
-5.344,-6.779,2,W,243(E1),A,-7.107,2
-9.114,-7.739,9,W,243(E1),C,-8,4
-10.22,-7.756,1,W,243(E1),D,-8,1
-7.942,-7.682,4,W,243(E1),E,-7.45,2
-1.356,-0.6747,3,W,243(E1),F,-0.7882,3
-6.302,-7.356,2,W,243(E1),H,-8,1
-6.523,-7.433,3,W,243(E1),I,-7.753,2
-4.953,-6.388,2,W,243(E1),K,-6.586,1
-6.738,-7.495,8,W,243(E1),L,-8,3
-5.837,-7.132,4,W,243(E1),M,,
-7.132,-7.581,2,W,243(E1),N,-8,2
-7.239,-7.599,5,W,243(E1),P,-8,3
-7.34,-7.615,5,W,243(E1),Q,-8,2
-6.66,-7.474,3,W,243(E1),R,-8,1
-7.123,-7.579,3,W,243(E1),S,-8,2
-7.526,-7.64,5,W,243(E1),T,-8,4
-6.474,-7.417,5,W,243(E1),V,-8,4
0,0,,W,243(E1),W,0,
5.079,0.2634,1,L,244(E1),A,,
-2.863,-2.739,1,L,244(E1),C,,
-5.258,-6.703,4,L,244(E1),D,-7.033,2
-2.787,-2.598,5,L,244(E1),E,-2.982,4
-0.9875,-0.409,3,L,244(E1),F,-0.006201,1
-3.579,-4.154,4,L,244(E1),G,-2.709,1
-0.6349,-0.2208,2,L,244(E1),H,,
-0.1153,-0.0312,3,L,244(E1),I,,
-2.369,-1.881,1,L,244(E1),K,,
0,0,,L,244(E1),L,0,
-0.2191,-0.06228,7,L,244(E1),M,-0.3093,3
-2.449,-2.01,4,L,244(E1),N,,
-5.812,-7.118,5,L,244(E1),P,,
1.82,0.2209,2,L,244(E1),Q,0.4178,1
-2.178,-1.595,2,L,244(E1),S,-1.861,1
1.012,0.1667,1,L,244(E1),T,,
-3.654,-4.303,2,L,244(E1),W,,
0.3197,0.07079,2,L,244(E1),Y,-0.1904,1
-4.03,-5.016,1,K,245(E1),*,,
1.092,0.1742,1,K,245(E1),A,,
2.829,0.2489,3,K,245(E1),D,0.6345,3
-0.9463,-0.384,7,K,245(E1),G,,
2.628,0.2453,1,K,245(E1),H,1.561,1
1.585,0.2093,7,K,245(E1),I,1.631,4
0,0,,K,245(E1),K,0,
-0.4962,-0.1613,4,K,245(E1),L,1.014,3
-0.2786,-0.08151,7,K,245(E1),M,,
2.886,0.2498,7,K,245(E1),N,0.7246,4
-3.538,-4.073,2,K,245(E1),P,-4.11,1
2.487,0.2423,2,K,245(E1),Q,1.22,1
-0.2377,-0.06817,1,K,245(E1),R,,
3.769,0.2588,2,K,245(E1),S,,
-2.343,-1.841,1,K,245(E1),T,-2.087,1
0.2007,0.04689,3,K,245(E1),V,,
3.012,0.2516,2,K,245(E1),W,-1.551,1
2.916,0.2503,6,K,245(E1),Y,0.9617,3
-9.449,-7.746,1,E,246(E1),*,,
-3.144,-3.284,4,E,246(E1),A,,
-2.103,-1.49,2,E,246(E1),C,,
0.5057,0.1031,7,E,246(E1),D,-1.063,3
0,0,,E,246(E1),E,0,
-2.241,-1.687,1,E,246(E1),F,-1.942,1
-2.248,-1.696,7,E,246(E1),G,-2.093,2
-4.085,-5.114,1,E,246(E1),H,-5.401,1
-4.379,-5.608,4,E,246(E1),K,-4.956,1
-3.185,-3.365,2,E,246(E1),L,-3.961,2
-2.651,-2.352,6,E,246(E1),M,-2.706,3
-2.321,-1.806,1,E,246(E1),N,-2.043,1
-7.092,-7.574,5,E,246(E1),P,-8,3
-2.261,-1.716,3,E,246(E1),Q,-2.233,1
-4.094,-5.13,2,E,246(E1),R,-5.383,1
-2.073,-1.449,3,E,246(E1),S,-1.691,2
-2.71,-2.458,3,E,246(E1),T,-2.564,2
-0.7398,-0.271,2,E,246(E1),V,-1.837,1
-3.85,-4.681,3,E,246(E1),W,,
-1.144,-0.5121,1,E,246(E1),Y,,
-4.305,-5.49,1,R,247(E1),*,,
-1.391,-0.7038,1,R,247(E1),A,,
-2.956,-2.916,5,R,247(E1),C,-2.764,1
-7.578,-7.646,4,R,247(E1),D,-8,2
-6.747,-7.498,2,R,247(E1),E,-8,1
-7.645,-7.654,6,R,247(E1),F,-8,4
-3.223,-3.44,3,R,247(E1),G,,
-0.1989,-0.05599,2,R,247(E1),H,,
-2.591,-2.247,4,R,247(E1),I,-1.474,2
-0.6665,-0.2355,6,R,247(E1),K,,
-3.953,-4.874,2,R,247(E1),M,,
-2.744,-2.519,6,R,247(E1),N,-2.913,4
-2.526,-2.138,1,R,247(E1),P,-2.418,1
-2.774,-2.573,6,R,247(E1),Q,-2.526,4
0,0,,R,247(E1),R,0,
-3.168,-3.33,5,R,247(E1),S,-3.025,3
-3.467,-3.929,2,R,247(E1),T,,
-1.977,-1.323,1,R,247(E1),V,-1.58,1
0.69,0.1299,2,R,247(E1),W,,
-7.618,-7.651,4,R,247(E1),Y,-8,2
-2.714,-2.465,5,G,248(E1),C,,
-1.581,-0.8776,7,G,248(E1),D,-1.134,1
-1.542,-0.8402,2,G,248(E1),E,,
-2.329,-1.819,3,G,248(E1),F,-2.034,3
0,0,,G,248(E1),G,0,
-1.578,-0.8747,3,G,248(E1),H,-0.6049,2
-2.223,-1.659,8,G,248(E1),I,-1.66,6
0.9803,0.1635,1,G,248(E1),K,,
-0.6927,-0.2479,1,G,248(E1),L,,
-1.012,-0.4244,3,G,248(E1),M,-0.1197,1
-1.615,-0.9112,3,G,248(E1),N,-1.152,3
-1.302,-0.6301,6,G,248(E1),S,-2.182,1
-1.492,-0.7932,1,G,248(E1),T,-1.049,1
-0.419,-0.1311,3,G,248(E1),V,-1.595,1
-2.526,-2.137,2,G,248(E1),W,-2.385,1
-4.163,-5.251,1,G,248(E1),Y,,
0,0,,A,249(E1),A,0,
-6.764,-7.502,4,A,249(E1),D,-8,1
-3.023,-3.046,3,A,249(E1),E,-3.484,1
-4.582,-5.913,3,A,249(E1),F,-6.156,3
-2.657,-2.364,3,A,249(E1),G,-1.537,1
-7.674,-7.657,5,A,249(E1),H,-6.18,1
1.006,0.1661,1,A,249(E1),I,,
-2.909,-2.826,2,A,249(E1),K,,
-4.055,-5.061,3,A,249(E1),L,-5.713,3
-2.551,-2.18,1,A,249(E1),M,-2.455,1
-0.4754,-0.1529,7,A,249(E1),P,-0.8672,2
1.958,0.2266,2,A,249(E1),Q,0.2717,1
-1.474,-0.7762,3,A,249(E1),R,0.0802,2
6.923,0.2648,7,A,249(E1),S,-0.06171,3
-1.602,-0.8987,17,A,249(E1),T,-0.7291,3
-1.31,-0.6369,6,A,249(E1),V,,
-6.535,-7.437,3,A,249(E1),W,,
-9.189,-7.741,1,A,249(E1),Y,-7.215,1
0.2197,0.05089,2,S,250(E1),A,-0.1857,2
-2.259,-1.713,3,S,250(E1),C,-2.028,3
0.3958,0.08469,1,S,250(E1),D,-0.1245,1
-7.162,-7.586,11,S,250(E1),F,-8,3
-2.829,-2.677,2,S,250(E1),G,-2.922,1
-2.571,-2.213,4,S,250(E1),H,-2.312,2
-6.76,-7.501,1,S,250(E1),I,-8,1
-3.875,-4.728,4,S,250(E1),K,-4.486,2
-2.223,-1.66,2,S,250(E1),M,-1.45,1
-1.984,-1.332,2,S,250(E1),N,-1.564,1
-0.2269,-0.06476,5,S,250(E1),P,-0.2373,3
-5.001,-6.442,2,S,250(E1),Q,,
-6.505,-7.428,2,S,250(E1),R,-8,1
0,0,,S,250(E1),S,0,
-0.3631,-0.1106,2,S,250(E1),T,,
-6.34,-7.37,4,S,250(E1),V,-7.738,2
-7.182,-7.59,4,S,250(E1),W,-8,2
-7.37,-7.619,4,S,250(E1),Y,-8,2
-3.845,-4.672,3,L,251(E1),A,-4.732,3
-7.756,-7.665,6,L,251(E1),C,-8,2
-5.26,-6.704,3,L,251(E1),D,-6.983,1
-6.466,-7.415,1,L,251(E1),E,-8,1
-2.046,-1.413,3,L,251(E1),F,,
-6.077,-7.259,3,L,251(E1),G,-7.699,2
-7.03,-7.562,5,L,251(E1),H,-8,1
-1.492,-0.7935,6,L,251(E1),I,-1.047,3
-6.292,-7.352,1,L,251(E1),K,-8,1
0,0,,L,251(E1),L,0,
0.278,0.06271,9,L,251(E1),M,-0.642,1
-6.978,-7.551,9,L,251(E1),P,-8,2
-6.586,-7.453,7,L,251(E1),Q,-8,3
-7.524,-7.64,1,L,251(E1),R,-8,1
-7.473,-7.633,8,L,251(E1),S,-8,4
-3.969,-4.905,4,L,251(E1),T,-5.196,2
-2.207,-1.636,2,L,251(E1),V,-2.139,2
-6.359,-7.377,4,L,251(E1),Y,-8,2
-4.79,-6.192,10,Q,252(E1),*,-6.691,2
1.796,0.2198,3,Q,252(E1),A,0.3303,1
-2.145,-1.548,4,Q,252(E1),C,0.02113,3
-0.985,-0.4075,3,Q,252(E1),D,0.3872,2
0.4986,0.102,4,Q,252(E1),E,-0.9739,2
-0.5017,-0.1635,1,Q,252(E1),F,,
-1.343,-0.6632,2,Q,252(E1),G,-0.1081,1
3.23,0.2543,7,Q,252(E1),H,0.1787,2
-0.3769,-0.1156,1,Q,252(E1),I,,
0.0812,0.02004,5,Q,252(E1),K,0.08392,1
4.053,0.2603,3,Q,252(E1),L,-0.8336,1
0.2519,0.05751,2,Q,252(E1),M,0.8345,1
0.903,0.1555,1,Q,252(E1),N,,
-3.253,-3.501,6,Q,252(E1),P,-3.69,3
0,0,,Q,252(E1),Q,0,
3.195,0.2539,1,Q,252(E1),R,,
0.6381,0.1228,2,Q,252(E1),T,-0.1146,2
-1.476,-0.7781,7,Q,252(E1),V,-1.034,7
-2.084,-1.464,2,Q,252(E1),Y,-1.621,1
-1.073,-0.4636,2,H,253(E1),A,-0.738,2
-2.272,-1.733,5,H,253(E1),C,-1.803,1
-3.429,-3.854,1,H,253(E1),D,-4.133,1
-1.597,-0.8938,1,H,253(E1),E,,
1.13,0.1775,3,H,253(E1),F,0.1774,1
0,0,,H,253(E1),H,0,
-3.894,-4.764,2,H,253(E1),I,,
-4.272,-5.435,3,H,253(E1),K,,
-1.527,-0.8259,3,H,253(E1),L,,
-0.2163,-0.0614,3,H,253(E1),M,-0.1815,3
-0.4161,-0.1301,5,H,253(E1),N,-0.2924,2
-5.231,-6.677,7,H,253(E1),P,-7.153,3
-0.9083,-0.3617,4,H,253(E1),Q,-0.7771,2
-2.197,-1.622,1,H,253(E1),R,-1.951,1
0.161,0.03831,3,H,253(E1),S,-0.1878,3
-3.871,-4.721,3,H,253(E1),V,-4.867,1
6.587,0.2647,3,H,253(E1),W,-4.852,1
1.123,0.1769,12,H,253(E1),Y,1.189,2
-5.827,-7.127,1,T,254(E1),*,,
0.9668,0.1622,1,T,254(E1),A,0.04372,1
-2.591,-2.248,2,T,254(E1),C,-2.529,2
-6.479,-7.419,2,T,254(E1),D,-7.807,1
-4.606,-5.947,4,T,254(E1),E,-6.219,2
-5.85,-7.14,4,T,254(E1),G,-8,2
-1.397,-0.7086,2,T,254(E1),H,-0.9735,2
-2.455,-2.019,6,T,254(E1),I,-2.26,3
-1.432,-0.7391,3,T,254(E1),K,-0.9814,1
-1.972,-1.317,2,T,254(E1),M,-1.573,1
-2.612,-2.285,3,T,254(E1),N,,
-6.575,-7.449,4,T,254(E1),P,-8,1
-2.369,-1.881,4,T,254(E1),Q,-2.391,2
-0.7266,-0.2644,1,T,254(E1),R,-0.4911,1
-2.043,-1.409,5,T,254(E1),S,-2.435,2
0,0,,T,254(E1),T,0,
-3.493,-3.982,3,T,254(E1),W,-3.834,1
-3.555,-4.106,4,T,254(E1),Y,-4.359,2
0,0,,A,255(E1),A,0,
1.096,0.1745,4,A,255(E1),C,-0.8371,3
-7.016,-7.559,9,A,255(E1),D,-8,6
-6.458,-7.412,3,A,255(E1),E,-8,2
-5.505,-6.91,4,A,255(E1),F,-7.133,2
-0.4992,-0.1625,5,A,255(E1),G,-0.4987,3
-5.853,-7.142,10,A,255(E1),H,-8,7
-5.871,-7.152,5,A,255(E1),I,-8,3
-6.273,-7.344,6,A,255(E1),K,-8,3
-1.852,-1.169,6,A,255(E1),L,-1.242,4
-3.042,-3.083,7,A,255(E1),M,-3.051,4
-7.17,-7.588,4,A,255(E1),N,-8,2
-7.727,-7.662,7,A,255(E1),P,-8,3
-4.89,-6.315,6,A,255(E1),Q,-7.304,1
-5.868,-7.15,4,A,255(E1),R,-7.519,2
1.511,0.205,3,A,255(E1),S,-0.4287,1
-0.7169,-0.2597,28,A,255(E1),T,-0.1082,7
-3.752,-4.493,31,A,255(E1),V,-4.115,6
-7.909,-7.679,8,A,255(E1),W,-8,5
-7.106,-7.576,6,A,255(E1),Y,-8,2
0.4347,0.09143,1,P,256(E1),-,,
0.5262,0.1063,6,P,256(E1),A,-0.5878,4
-7.201,-7.593,7,P,256(E1),C,-8,5
-7.144,-7.583,4,P,256(E1),D,-8,2
-3.585,-4.165,5,P,256(E1),E,-4.076,3
-6.755,-7.5,3,P,256(E1),F,-6.979,1
-2.023,-1.382,4,P,256(E1),G,-0.9164,1
-7.011,-7.558,6,P,256(E1),H,-8,2
-7.022,-7.56,5,P,256(E1),I,-8,2
-6.755,-7.5,5,P,256(E1),K,-8,4
-7.277,-7.605,5,P,256(E1),L,-8,1
-4.134,-5.201,9,P,256(E1),M,-5.665,5
-4.61,-5.952,9,P,256(E1),N,-6.47,4
0,0,,P,256(E1),P,0,
-2.125,-1.519,6,P,256(E1),Q,-1.029,2
-6.35,-7.374,9,P,256(E1),R,-8,3
-0.8106,-0.3076,4,P,256(E1),S,0.08038,3
-6.881,-7.53,3,P,256(E1),T,-8,1
-5.664,-7.024,4,P,256(E1),V,-7.246,2
-6.999,-7.556,4,P,256(E1),W,-8,2
-6.526,-7.434,5,P,256(E1),Y,-8,2
-1.668,-0.9651,2,F,257(E1),-,,
-6.678,-7.479,3,F,257(E1),A,-8,1
-7.459,-7.631,4,F,257(E1),C,-8,1
-5.716,-7.058,2,F,257(E1),D,-7.241,1
-6.646,-7.47,8,F,257(E1),E,-8,4
0,0,,F,257(E1),F,0,
-6.261,-7.339,4,F,257(E1),G,-8,3
-7.702,-7.66,7,F,257(E1),I,-6.971,2
-7.034,-7.563,3,F,257(E1),K,-8,2
-3.04,-3.079,17,F,257(E1),L,-2.314,2
-1.71,-1.01,5,F,257(E1),M,-1.204,2
-4.555,-5.875,5,F,257(E1),N,-6.137,2
-7.344,-7.615,8,F,257(E1),P,-8,3
-7.135,-7.581,3,F,257(E1),Q,-8,2
-7.34,-7.615,4,F,257(E1),R,-8,3
-5.479,-6.89,6,F,257(E1),S,-8,3
5.791,0.2642,4,F,257(E1),T,-8,1
-7.157,-7.585,3,F,257(E1),V,-8,2
-2.486,-2.07,3,F,257(E1),W,,
-6.936,-7.542,9,F,257(E1),Y,-8,5
-1.762,-1.067,4,G,258(E1),-,,
-1.523,-0.8222,6,G,258(E1),A,0.3984,2
-3.68,-4.352,10,G,258(E1),C,-4.463,4
-6.178,-7.305,14,G,258(E1),D,-8,5
-5.833,-7.13,10,G,258(E1),E,-7.269,6
-6.425,-7.401,5,G,258(E1),F,-7.605,3
0,0,,G,258(E1),G,0,
-3.192,-3.378,3,G,258(E1),H,-3.041,1
-6.264,-7.34,5,G,258(E1),I,-8,4
-6.599,-7.457,7,G,258(E1),K,-8,3
-5.649,-7.014,4,G,258(E1),L,-8,1
-2.348,-1.849,7,G,258(E1),M,-2.668,2
-4.606,-5.946,5,G,258(E1),N,-6.144,2
-7.884,-7.677,9,G,258(E1),P,-7.375,2
-2.824,-2.666,5,G,258(E1),Q,-2.897,2
-5.355,-6.789,7,G,258(E1),R,-7.162,3
-3.069,-3.136,6,G,258(E1),S,-3.478,2
-4.367,-5.589,10,G,258(E1),T,-5.662,8
-6.156,-7.295,8,G,258(E1),V,-8,3
-6.561,-7.445,7,G,258(E1),W,-8,1
-6.314,-7.36,6,G,258(E1),Y,-8,2
-6.604,-7.458,8,C,259(E1),*,-7.626,2
-1.915,-1.245,3,C,259(E1),-,,
-7.387,-7.621,5,C,259(E1),A,-8,4
0,0,,C,259(E1),C,0,
-7.028,-7.561,8,C,259(E1),D,-8,4
-6.165,-7.299,4,C,259(E1),E,-7.546,2
-7.411,-7.625,11,C,259(E1),F,-8,4
-6.577,-7.45,2,C,259(E1),G,-7.819,2
-6.768,-7.503,7,C,259(E1),H,-8,6
-7.61,-7.65,7,C,259(E1),I,-8,6
-6.849,-7.523,3,C,259(E1),K,-8,1
-6.774,-7.504,7,C,259(E1),L,-8,2
-5.954,-7.197,3,C,259(E1),M,-8,3
-4.53,-5.838,1,C,259(E1),N,-6.186,1
-8.513,-7.718,8,C,259(E1),P,-8,6
-5.252,-6.696,2,C,259(E1),Q,-6.95,2
-7.508,-7.638,11,C,259(E1),R,-8,4
-5.923,-7.181,7,C,259(E1),S,-6.317,1
-7.834,-7.673,6,C,259(E1),T,-8,3
-5.934,-7.186,8,C,259(E1),V,-7.697,4
-7.665,-7.656,10,C,259(E1),W,-8,5
-8.244,-7.703,70,C,259(E1),Y,-8,10
-8.409,-7.712,8,Q,260(E1),*,-8,1
4.72,0.2626,4,Q,260(E1),-,,
0.2572,0.05858,10,Q,260(E1),A,-0.1715,3
-1.7,-0.9987,6,Q,260(E1),C,-0.3704,2
-0.5115,-0.1675,5,Q,260(E1),D,-0.4996,2
-1.756,-1.06,3,Q,260(E1),E,-1.265,1
-0.8534,-0.3308,5,Q,260(E1),F,-0.1959,2
-2.301,-1.776,4,Q,260(E1),G,,
-0.862,-0.3355,4,Q,260(E1),H,,
-1.45,-0.7548,4,Q,260(E1),I,-0.7929,3
-1.077,-0.4665,5,Q,260(E1),K,-1.403,1
-0.4376,-0.1382,5,Q,260(E1),L,-0.8448,3
0.8559,0.1503,8,Q,260(E1),M,-0.1951,5
0.8971,0.1548,5,Q,260(E1),N,0.3308,2
-7.861,-7.675,7,Q,260(E1),P,-8,2
0,0,,Q,260(E1),Q,0,
-1.027,-0.434,4,Q,260(E1),R,-1.357,1
1.144,0.1787,3,Q,260(E1),S,0.00708,2
1.071,0.1723,7,Q,260(E1),T,-0.05943,5
0.08484,0.02091,5,Q,260(E1),V,0.4118,3
-0.6341,-0.2205,7,Q,260(E1),W,-0.1641,5
-0.5627,-0.1889,5,Q,260(E1),Y,-0.4093,5
-2.403,-1.936,3,I,261(E1),-,,
-7.175,-7.589,3,I,261(E1),A,-8,2
-3.449,-3.893,2,I,261(E1),C,,
-5.445,-6.863,3,I,261(E1),D,-7.181,2
-5.532,-6.93,4,I,261(E1),E,-6.951,2
-0.9804,-0.4047,9,I,261(E1),F,0.3565,5
-4.632,-5.983,4,I,261(E1),G,-5.926,1
-7.446,-7.63,10,I,261(E1),H,-8,5
0,0,,I,261(E1),I,0,
-8.583,-7.721,18,I,261(E1),K,-8,10
-1.34,-0.6609,6,I,261(E1),L,-0.4799,3
0.06836,0.01697,4,I,261(E1),M,-0.1177,2
-6.882,-7.53,11,I,261(E1),N,-8,7
-7.209,-7.594,7,I,261(E1),P,-8,3
-7.509,-7.638,7,I,261(E1),Q,-8,4
-6.7,-7.485,4,I,261(E1),R,-8,1
-4.508,-5.806,5,I,261(E1),S,-6.519,1
-2.593,-2.251,6,I,261(E1),T,-2.911,3
-1.015,-0.426,7,I,261(E1),V,0.5962,4
-7.489,-7.635,8,I,261(E1),W,-8,4
-6.144,-7.29,5,I,261(E1),Y,-8,3
-1.486,-0.7874,3,A,262(E1),-,,
0,0,,A,262(E1),A,0,
-2.441,-1.996,3,A,262(E1),C,-0.6078,1
-0.4481,-0.1423,5,A,262(E1),D,0.8239,2
-0.5872,-0.1995,4,A,262(E1),E,-0.7923,3
-1.946,-1.284,4,A,262(E1),F,-1.705,2
1.492,0.2039,2,A,262(E1),G,0.08145,2
-0.4454,-0.1412,9,A,262(E1),H,-0.03386,4
-0.2545,-0.0736,8,A,262(E1),I,-0.907,2
-1.264,-0.6007,3,A,262(E1),K,-0.7477,2
-0.4061,-0.1263,5,A,262(E1),L,-1.191,3
-0.2145,-0.06085,2,A,262(E1),M,-0.178,1
1.524,0.2058,3,A,262(E1),N,0.2379,2
-2.977,-2.956,15,A,262(E1),P,-3.634,8
1.439,0.2006,5,A,262(E1),Q,-0.1253,5
0.7775,0.141,5,A,262(E1),R,-1.134,3
0.9357,0.159,6,A,262(E1),S,-1.238,1
-1.142,-0.5109,44,A,262(E1),T,-0.416,6
-1.849,-1.167,12,A,262(E1),V,-2.05,3
-3.377,-3.749,2,A,262(E1),W,,
-1.29,-0.6207,7,A,262(E1),Y,-0.9788,4
-1.896,-1.223,3,T,263(E1),-,,
-0.05616,-0.01478,8,T,263(E1),A,-0.06056,5
-2.219,-1.654,4,T,263(E1),C,-1.391,2
-7.186,-7.59,4,T,263(E1),D,,
-2.336,-1.831,9,T,263(E1),E,-2.176,4
-1.648,-0.9445,3,T,263(E1),F,-1.829,2
-1.52,-0.8193,7,T,263(E1),G,-0.2771,4
-2.832,-2.682,4,T,263(E1),H,-2.92,3
1.498,0.2043,12,T,263(E1),I,-0.6695,7
-3.078,-3.154,6,T,263(E1),K,-3.489,4
-1.64,-0.9369,3,T,263(E1),L,-1.179,2
-1.175,-0.5342,9,T,263(E1),M,-1.417,4
-1.545,-0.8429,3,T,263(E1),N,-0.1594,1
-1.889,-1.214,4,T,263(E1),P,-0.9574,3
-2.318,-1.803,2,T,263(E1),Q,-4.526,2
-3.186,-3.367,1,T,263(E1),R,-3.626,1
-0.379,-0.1164,5,T,263(E1),S,-0.06024,4
0,0,,T,263(E1),T,0,
-0.4875,-0.1578,7,T,263(E1),V,-0.248,6
1.986,0.2276,3,T,263(E1),W,-1.376,2
-1.835,-1.15,8,T,263(E1),Y,-1.023,5
-2.709,-2.457,1,N,264(E1),*,-2.612,1
-0.9923,-0.412,3,N,264(E1),-,,
0.04249,0.01068,7,N,264(E1),A,0.2976,4
-2.3,-1.774,1,N,264(E1),C,-2.013,1
2.201,0.2349,5,N,264(E1),D,-0.5507,2
-1.091,-0.4755,3,N,264(E1),E,-0.5165,1
-1.05,-0.4485,9,N,264(E1),F,-0.0615,4
3.584,0.2575,5,N,264(E1),G,0.5484,2
0.2923,0.06552,5,N,264(E1),H,-1.351,2
-2.027,-1.388,1,N,264(E1),I,-1.674,1
-0.7458,-0.274,12,N,264(E1),K,-0.5355,6
-0.5642,-0.1896,9,N,264(E1),L,-0.2618,3
-0.1521,-0.04189,7,N,264(E1),M,0.3665,5
0,0,,N,264(E1),N,0,
-1.886,-1.21,4,N,264(E1),P,-1.522,3
0.9222,0.1575,3,N,264(E1),Q,0.1084,2
-2.017,-1.375,4,N,264(E1),R,-0.6878,2
1.569,0.2084,2,N,264(E1),S,0.0984,2
1.706,0.2156,4,N,264(E1),T,0.7272,3
1.504,0.2046,4,N,264(E1),V,-1.042,1
-1.786,-1.094,2,N,264(E1),W,-1.335,2
-2.2,-1.626,8,N,264(E1),Y,-1.823,1
-1.897,-1.223,2,P,265(E1),-,,
-2.921,-2.849,8,P,265(E1),A,-3.623,4
-6.743,-7.496,4,P,265(E1),C,-8,2
-8.581,-7.721,1,P,265(E1),D,-8,1
-4.894,-6.32,6,P,265(E1),E,-6.179,3
-6.344,-7.372,4,P,265(E1),F,-8,1
-3.898,-4.771,8,P,265(E1),G,-4.781,5
-6.092,-7.266,8,P,265(E1),H,-8,3
-5.169,-6.617,5,P,265(E1),I,,
-6.396,-7.391,4,P,265(E1),K,-8,1
-6.935,-7.542,8,P,265(E1),L,-8,4
-5.385,-6.814,8,P,265(E1),M,-7.072,6
-2.47,-2.044,4,P,265(E1),N,-2.824,2
0,0,,P,265(E1),P,0,
-3.706,-4.403,6,P,265(E1),Q,-4.406,6
-4.782,-6.183,3,P,265(E1),R,-6.448,2
-5.464,-6.878,7,P,265(E1),S,,
-4.343,-5.55,13,P,265(E1),T,-5.773,1
-4.439,-5.702,5,P,265(E1),V,-6.26,3
-4.973,-6.411,4,P,265(E1),W,,
-7.142,-7.583,2,P,265(E1),Y,-8,2
-0.009258,-0.002383,1,V,266(E1),-,,
-4.234,-5.372,4,V,266(E1),A,-1.404,1
-3.692,-4.376,14,V,266(E1),C,-4.794,11
-7.517,-7.639,9,V,266(E1),D,-8,9
-7.535,-7.641,7,V,266(E1),E,-8,4
-6.896,-7.533,6,V,266(E1),F,-8,3
-7.169,-7.587,2,V,266(E1),G,-8,2
-8.106,-7.694,9,V,266(E1),H,-8,3
-1.362,-0.6789,4,V,266(E1),I,-0.8867,4
-6.774,-7.504,2,V,266(E1),K,-8,1
-1.48,-0.7823,9,V,266(E1),L,-0.8263,4
-3.006,-3.013,12,V,266(E1),M,-3.465,5
-6.313,-7.36,8,V,266(E1),N,-8,3
-0.6274,-0.2175,6,V,266(E1),P,-0.1267,4
-7.706,-7.66,6,V,266(E1),Q,-8,2
-6.242,-7.332,11,V,266(E1),R,-8,8
-6.332,-7.367,5,V,266(E1),S,-8,3
-1.528,-0.8262,5,V,266(E1),T,-0.9739,2
0,0,,V,266(E1),V,0,
-6.517,-7.431,5,V,266(E1),W,-7.654,2
-7.136,-7.582,6,V,266(E1),Y,-8,2
-0.8562,-0.3323,1,R,267(E1),-,,
-1.851,-1.169,4,R,267(E1),A,-1.417,4
-2.31,-1.79,7,R,267(E1),C,-2.602,1
-7.157,-7.585,3,R,267(E1),E,-8,2
-3.738,-4.466,5,R,267(E1),F,-5.095,2
-3.146,-3.288,7,R,267(E1),G,-3.3,3
-2.341,-1.837,2,R,267(E1),H,-1.188,1
-2.235,-1.677,6,R,267(E1),I,-1.617,3
-2.135,-1.533,2,R,267(E1),K,-1.794,2
-1.519,-0.818,8,R,267(E1),L,-1.408,2
-1.803,-1.113,3,R,267(E1),M,-1.071,2
-3.733,-4.456,3,R,267(E1),N,-4.737,3
-7.602,-7.649,7,R,267(E1),P,-8,6
-2.222,-1.659,13,R,267(E1),Q,-0.1704,2
0,0,,R,267(E1),R,0,
-0.7178,-0.2601,4,R,267(E1),S,-0.7133,3
-1.347,-0.6671,7,R,267(E1),T,-0.3459,3
-1.277,-0.6105,3,R,267(E1),V,,
-5.403,-6.829,75,R,267(E1),W,-6.409,13
-3.199,-3.393,12,R,267(E1),Y,-3.319,5
-0.2551,-0.07378,1,A,268(E1),-,,
0,0,,A,268(E1),A,0,
-1.524,-0.8225,10,A,268(E1),C,-1.026,6
-5.97,-7.205,16,A,268(E1),D,-8,5
-6.634,-7.467,2,A,268(E1),E,-8,1
-6.953,-7.546,6,A,268(E1),F,-8,4
-1.485,-0.7869,1,A,268(E1),G,,
-7.05,-7.566,3,A,268(E1),H,-8,2
-4.498,-5.79,4,A,268(E1),I,-6.072,3
-5.825,-7.125,6,A,268(E1),K,-7.022,2
-6.565,-7.446,5,A,268(E1),L,-8,5
-7.039,-7.564,8,A,268(E1),M,-8,2
-6.166,-7.299,3,A,268(E1),N,-6.596,1
-6.702,-7.486,3,A,268(E1),P,-8,1
-5.588,-6.971,2,A,268(E1),Q,-8,1
-7.212,-7.595,4,A,268(E1),R,-8,3
-0.3543,-0.1075,5,A,268(E1),S,0.2362,1
-3.187,-3.369,35,A,268(E1),T,-2.634,11
-2.861,-2.736,19,A,268(E1),V,-2.607,5
-7.098,-7.575,5,A,268(E1),W,-8,2
-6.256,-7.337,8,A,268(E1),Y,-8,1
0.0637,0.01585,2,M,269(E1),-,,
-0.3969,-0.1229,5,M,269(E1),A,-0.8266,2
2.101,0.2317,5,M,269(E1),C,0.6703,3
-0.8182,-0.3116,5,M,269(E1),D,-0.1938,3
1.6,0.2101,9,M,269(E1),E,-2.187,3
-1.194,-0.5477,8,M,269(E1),F,-1.275,5
-2.306,-1.783,5,M,269(E1),G,-2.022,4
-1.696,-0.9952,3,M,269(E1),H,-1.184,3
-0.1208,-0.03278,124,M,269(E1),I,-0.5651,17
-0.5746,-0.1941,1,M,269(E1),K,,
-0.7123,-0.2574,7,M,269(E1),L,-0.5737,3
0,0,,M,269(E1),M,0,
0.3099,0.06892,3,M,269(E1),N,0.1647,1
-5.25,-6.695,4,M,269(E1),P,-6.896,3
-0.08108,-0.02159,3,M,269(E1),Q,-1.216,1
-0.6045,-0.2072,5,M,269(E1),R,-0.1403,2
0.01193,0.003041,2,M,269(E1),S,0.1468,1
-0.5784,-0.1957,9,M,269(E1),T,-0.4809,3
0.9268,0.158,3,M,269(E1),V,,
-2.782,-2.589,2,M,269(E1),W,-1.538,1
-0.1645,-0.04556,4,M,269(E1),Y,-0.3175,4
-0.5173,-0.1699,2,N,270(E1),-,,
-1.744,-1.046,6,N,270(E1),A,-1.421,3
-3.544,-4.083,4,N,270(E1),C,-3.856,3
-0.69,-0.2466,6,N,270(E1),D,-1.749,1
-2.721,-2.478,4,N,270(E1),E,-2.893,1
-7.083,-7.572,9,N,270(E1),F,-8,2
0.4435,0.09292,3,N,270(E1),G,0.298,1
-1.131,-0.5032,5,N,270(E1),H,-0.3957,3
-6.217,-7.321,8,N,270(E1),I,-8,7
-2.944,-2.893,8,N,270(E1),K,-2.538,3
-6.805,-7.512,7,N,270(E1),L,-8,3
-2.587,-2.241,5,N,270(E1),M,-3.022,3
0,0,,N,270(E1),N,0,
-5.835,-7.131,1,N,270(E1),P,,
-1.942,-1.279,2,N,270(E1),Q,-2.304,2
-2.933,-2.871,2,N,270(E1),R,-3.123,1
2.789,0.2483,4,N,270(E1),S,-0.4866,1
-6.251,-7.335,8,N,270(E1),T,-8,2
-6.483,-7.42,7,N,270(E1),V,-8,4
-7.198,-7.592,9,N,270(E1),W,-8,5
-4.956,-6.392,12,N,270(E1),Y,-6.675,7
-3.987,-4.937,8,C,271(E1),*,-2.861,1
-1.096,-0.4788,1,C,271(E1),-,,
-5.416,-6.84,5,C,271(E1),A,-7.046,2
0,0,,C,271(E1),C,0,
-6.482,-7.42,1,C,271(E1),D,,
-7.581,-7.646,4,C,271(E1),E,-7.708,2
-5.453,-6.87,8,C,271(E1),F,-8,2
-7.115,-7.578,5,C,271(E1),G,-8,2
-6.46,-7.413,6,C,271(E1),H,-8,3
-7.331,-7.613,5,C,271(E1),I,-8,3
-6.369,-7.381,5,C,271(E1),K,-8,1
-6.588,-7.453,2,C,271(E1),M,-8,1
-7.201,-7.593,4,C,271(E1),N,-8,3
-7.52,-7.639,4,C,271(E1),P,-8,3
-7.226,-7.597,4,C,271(E1),Q,-8,2
-7.26,-7.603,9,C,271(E1),R,-8,3
-8.126,-7.696,9,C,271(E1),S,-8,3
-7.126,-7.58,4,C,271(E1),T,-8,2
-5.923,-7.181,4,C,271(E1),V,-8,3
-7.749,-7.664,8,C,271(E1),W,-8,7
-7.764,-7.666,18,C,271(E1),Y,-8,4
-0.4464,-0.1416,1,A,272(E1),-,,
0,0,,A,272(E1),A,0,
-1.584,-0.88,2,A,272(E1),C,-2.077,1
-1.761,-1.065,9,A,272(E1),D,-1.872,4
-3.136,-3.268,5,A,272(E1),E,-2.891,1
-0.3735,-0.1143,7,A,272(E1),F,0.4065,3
0.5317,0.1072,4,A,272(E1),G,0.008523,3
-1.698,-0.9974,7,A,272(E1),H,-1.498,2
0.4902,0.1006,8,A,272(E1),I,-0.4457,5
-2.036,-1.399,3,A,272(E1),K,-1.613,2
-1.328,-0.6514,5,A,272(E1),L,-0.4662,1
0.04827,0.0121,6,A,272(E1),M,-0.1559,1
0.08193,0.02022,4,A,272(E1),N,-0.2647,2
-5.998,-7.22,4,A,272(E1),P,-7.671,4
-2.465,-2.035,3,A,272(E1),Q,-2.341,2
-4.678,-6.046,3,A,272(E1),R,-5.943,1
-0.7966,-0.3002,11,A,272(E1),S,0.3184,4
-1.128,-0.5009,16,A,272(E1),T,0.0434,6
-0.01178,-0.003037,7,A,272(E1),V,0.3371,1
-4.646,-6.002,3,A,272(E1),W,-6.247,3
-0.6913,-0.2473,3,A,272(E1),Y,-0.2245,3
0.04087,0.01028,1,V,273(E1),-,,
-1.957,-1.297,10,V,273(E1),A,0.2219,2
-2.299,-1.773,5,V,273(E1),C,-2.199,2
-5.501,-6.907,6,V,273(E1),D,-6.636,2
-2,-1.353,6,V,273(E1),E,-0.6174,2
-2.283,-1.748,4,V,273(E1),F,-1.807,4
-4.581,-5.911,5,V,273(E1),G,-6.29,4
-2.567,-2.206,1,V,273(E1),H,,
-3.329,-3.653,2,V,273(E1),I,-3.952,1
-7.201,-7.593,7,V,273(E1),K,-8,6
-2.536,-2.154,7,V,273(E1),L,-1.991,3
-1.114,-0.4913,18,V,273(E1),M,-1.777,2
-2.553,-2.183,5,V,273(E1),N,-2.123,2
-4.477,-5.758,7,V,273(E1),P,-6.002,6
-1.66,-0.9573,8,V,273(E1),Q,-1.176,4
-6.926,-7.54,3,V,273(E1),R,-8,1
-2.056,-1.427,5,V,273(E1),S,-1.653,3
1.751,0.2178,1,V,273(E1),T,0.3671,1
0,0,,V,273(E1),V,0,
-1.861,-1.18,1,V,273(E1),W,,
-2.394,-1.921,5,V,273(E1),Y,-2.263,5
-4.517,-5.819,2,G,274(E1),*,,
0.3726,0.08056,1,G,274(E1),-,,
-3.684,-4.361,3,G,274(E1),A,-4.646,3
-6.812,-7.514,7,G,274(E1),C,-8,3
-6.596,-7.456,8,G,274(E1),D,-8,5
-7.527,-7.64,31,G,274(E1),E,-8,6
-7.528,-7.64,8,G,274(E1),F,-8,3
0,0,,G,274(E1),G,0,
-7.055,-7.567,2,G,274(E1),H,-8,2
-5.505,-6.91,9,G,274(E1),I,-6.837,6
-6.419,-7.399,6,G,274(E1),K,-8,5
-7.872,-7.676,13,G,274(E1),L,-8,7
-8.172,-7.699,13,G,274(E1),M,-8,8
-5.208,-6.656,2,G,274(E1),N,-6.973,2
-7.302,-7.609,6,G,274(E1),P,-8,3
-6.311,-7.359,8,G,274(E1),Q,-8,5
-7.814,-7.671,24,G,274(E1),R,-8,5
-2.254,-1.706,8,G,274(E1),S,-2.282,5
-7.887,-7.677,3,G,274(E1),T,,
-7.037,-7.563,6,G,274(E1),V,-8,5
-6.796,-7.51,3,G,274(E1),W,-8,1
-7.179,-7.589,4,G,274(E1),Y,-8,2
-0.06605,-0.01746,1,N,275(E1),-,,
-0.9854,-0.4077,6,N,275(E1),A,0.7684,3
-6.209,-7.318,7,N,275(E1),C,-8,3
-0.008495,-0.002187,6,N,275(E1),D,-1.438,2
-1.809,-1.12,8,N,275(E1),E,-1.19,5
-0.1297,-0.03533,4,N,275(E1),F,0.03319,3
-0.7213,-0.2618,5,N,275(E1),G,0.4313,2
-0.7845,-0.2938,8,N,275(E1),H,-0.2967,4
-0.7592,-0.2808,9,N,275(E1),I,0.1454,3
-8.411,-7.713,11,N,275(E1),K,-8,4
0.4634,0.09624,9,N,275(E1),L,-0.05053,7
0.8695,0.1518,6,N,275(E1),M,-0.4238,3
0,0,,N,275(E1),N,0,
-7.983,-7.685,8,N,275(E1),P,-8,3
-1.846,-1.162,3,N,275(E1),Q,-0.9829,1
-7.236,-7.599,4,N,275(E1),R,-8,3
-0.6745,-0.2392,8,N,275(E1),S,-0.4107,4
-1.269,-0.6044,5,N,275(E1),T,-0.953,5
-3.816,-4.617,2,N,275(E1),V,-5.938,2
-3.909,-4.793,3,N,275(E1),W,-4.496,1
-1.306,-0.6334,6,N,275(E1),Y,-0.8069,2
0.8129,0.1453,3,M,276(E1),-,,
0.5313,0.1071,7,M,276(E1),A,-1.2,4
0.2893,0.06494,5,M,276(E1),C,,
-7.786,-7.668,5,M,276(E1),D,-8,3
-7.474,-7.633,8,M,276(E1),E,-8,4
-2.138,-1.539,4,M,276(E1),F,-0.6905,2
-6.321,-7.363,4,M,276(E1),G,,
-4.663,-6.026,5,M,276(E1),H,-5.71,2
-0.1612,-0.04458,20,M,276(E1),I,-0.4638,6
-7.92,-7.68,5,M,276(E1),K,-8,4
-1.994,-1.344,6,M,276(E1),L,-2.091,2
0,0,,M,276(E1),M,0,
-7.082,-7.572,2,M,276(E1),N,-8,1
-6.68,-7.48,3,M,276(E1),P,-8,2
-4.114,-5.166,8,M,276(E1),Q,-4.673,4
-6.796,-7.51,7,M,276(E1),R,-8,4
-2.175,-1.59,4,M,276(E1),S,-1.971,3
-0.6894,-0.2464,5,M,276(E1),T,-0.2495,1
-0.4229,-0.1326,6,M,276(E1),V,-0.3968,4
-2.324,-1.812,4,M,276(E1),W,-0.6785,2
-3.102,-3.201,7,M,276(E1),Y,-2.999,3
-0.03878,-0.01012,4,P,277(E1),-,,
-1.745,-1.048,5,P,277(E1),A,-0.6909,2
-6.772,-7.504,7,P,277(E1),C,-8,5
-6.447,-7.408,8,P,277(E1),D,-8,4
-7.289,-7.607,3,P,277(E1),E,-8,3
-8.316,-7.707,9,P,277(E1),F,-7.457,4
-3.851,-4.684,4,P,277(E1),G,-4.991,2
-7.177,-7.589,11,P,277(E1),H,-7.573,2
-5.703,-7.05,4,P,277(E1),I,-6.864,2
-6.298,-7.354,4,P,277(E1),K,-8,3
-7.147,-7.584,11,P,277(E1),L,-7.545,4
-7.245,-7.6,3,P,277(E1),M,-8,3
-6.606,-7.459,2,P,277(E1),N,-8,1
0,0,,P,277(E1),P,0,
-6.783,-7.507,3,P,277(E1),Q,,
-6.907,-7.536,6,P,277(E1),R,-7.526,5
-8.243,-7.703,89,P,277(E1),S,-8,14
-9.616,-7.749,8,P,277(E1),T,-8,2
-2.816,-2.653,1,P,277(E1),V,-2.88,1
-6.089,-7.264,3,P,277(E1),W,-8,3
-6.714,-7.489,2,P,277(E1),Y,-7.825,2
-9.156,-7.74,13,I,278(E1),-,-8,1
-1.984,-1.332,6,I,278(E1),A,-1.955,4
-2.107,-1.495,1,I,278(E1),C,,
-6.562,-7.445,5,I,278(E1),D,-8,5
-7.242,-7.6,3,I,278(E1),E,-8,3
-1.55,-0.8471,1,I,278(E1),F,-1.301,1
-6.156,-7.295,5,I,278(E1),G,-8,5
-6.349,-7.373,9,I,278(E1),H,-8,7
0,0,,I,278(E1),I,0,
-4.825,-6.236,4,I,278(E1),K,-6.759,2
-1.231,-0.5753,7,I,278(E1),L,0.3253,4
0.9765,0.1631,7,I,278(E1),M,0.03085,4
-6.865,-7.526,7,I,278(E1),N,-8,1
-6.541,-7.439,5,I,278(E1),P,-8,5
-6.668,-7.476,9,I,278(E1),Q,-8,7
-7.213,-7.595,5,I,278(E1),R,-8,3
-7.2,-7.593,6,I,278(E1),S,-8,3
-2.387,-1.909,11,I,278(E1),T,-2.304,2
0.6888,0.1297,3,I,278(E1),V,-0.5075,1
-3.711,-4.413,8,I,278(E1),W,-4.574,3
-7.846,-7.674,5,I,278(E1),Y,-6.982,2
-0.3882,-0.1197,8,S,279(E1),-,,
-1.017,-0.4278,5,S,279(E1),A,-0.9202,3
-1.553,-0.85,5,S,279(E1),C,-0.3613,3
0.4023,0.08584,6,S,279(E1),D,-0.2928,3
1.64,0.2123,2,S,279(E1),E,0.3679,1
-4.65,-6.008,4,S,279(E1),F,-5.709,1
-1.249,-0.589,5,S,279(E1),G,-0.5854,3
-2.926,-2.859,3,S,279(E1),H,-3.458,1
-0.8889,-0.3506,11,S,279(E1),I,-0.03586,5
-6.409,-7.395,4,S,279(E1),K,-8,1
-0.4397,-0.139,3,S,279(E1),L,-0.05163,1
3.287,0.2549,8,S,279(E1),M,0.3952,6
0.1719,0.04069,24,S,279(E1),N,0.179,2
-6.354,-7.375,10,S,279(E1),P,-8,5
-3.795,-4.576,3,S,279(E1),Q,-3.772,2
-5.636,-7.005,5,S,279(E1),R,-7.551,3
0,0,,S,279(E1),S,0,
0.05573,0.01392,15,S,279(E1),T,0.1545,5
0.2005,0.04685,4,S,279(E1),V,-0.4428,3
-5.534,-6.932,6,S,279(E1),W,-7.322,3
-3.691,-4.373,1,S,279(E1),Y,-4.623,1
-0.8895,-0.351,9,I,280(E1),-,,
-5.709,-7.054,1,I,280(E1),A,,
0.007468,0.001908,4,I,280(E1),C,0.162,1
-6.988,-7.553,3,I,280(E1),D,-8,2
-6.83,-7.518,5,I,280(E1),E,-8,3
-0.9587,-0.3915,7,I,280(E1),F,-0.004142,3
-6.354,-7.375,10,I,280(E1),H,-8,7
0,0,,I,280(E1),I,0,
-6.662,-7.475,8,I,280(E1),K,-8,5
-0.6958,-0.2494,6,I,280(E1),L,-0.3884,4
1.454,0.2015,2,I,280(E1),M,0.0805,2
-5.684,-7.037,7,I,280(E1),N,-7.369,4
-6.835,-7.519,7,I,280(E1),P,-8,3
-7.09,-7.573,4,I,280(E1),Q,-8,2
-6.878,-7.529,3,I,280(E1),R,-8,1
-2.526,-2.137,4,I,280(E1),S,-2.338,3
-2.021,-1.379,6,I,280(E1),T,-0.933,1
1.998,0.2281,4,I,280(E1),V,-0.0345,4
-2.342,-1.839,6,I,280(E1),W,-2.223,3
-1.93,-1.264,7,I,280(E1),Y,-1.587,5
-7.184,-7.59,17,D,281(E1),-,,
-2.863,-2.74,4,D,281(E1),A,-1.953,1
-6.438,-7.405,5,D,281(E1),C,-8,3
0,0,,D,281(E1),D,0,
-1.909,-1.238,7,D,281(E1),E,-0.7604,1
-6.647,-7.47,8,D,281(E1),F,-8,5
-2.217,-1.651,6,D,281(E1),G,-1.669,2
-4.78,-6.18,8,D,281(E1),H,-6.784,6
-5.138,-6.586,5,D,281(E1),I,-6.934,4
-7.391,-7.622,4,D,281(E1),K,-8,1
-5.978,-7.21,6,D,281(E1),L,-7.768,4
-3.569,-4.134,4,D,281(E1),M,-4.5,3
-0.2917,-0.08586,21,D,281(E1),N,-0.3605,3
-7.026,-7.561,4,D,281(E1),P,-8,2
-3.649,-4.291,5,D,281(E1),Q,-4.396,1
-7.177,-7.589,5,D,281(E1),R,-8,2
-4.687,-6.059,6,D,281(E1),T,-6.534,3
-6.666,-7.476,6,D,281(E1),V,-7.825,2
-4.431,-5.689,2,D,281(E1),W,-5.931,2
-6.265,-7.341,7,D,281(E1),Y,-7.913,4
0.6934,0.1303,2,I,282(E1),-,,
-4.817,-6.226,10,I,282(E1),A,-7.003,4
-4.318,-5.51,4,I,282(E1),C,-5.978,1
-6.856,-7.524,9,I,282(E1),D,-8,3
-7.156,-7.585,3,I,282(E1),E,-8,1
-2.176,-1.592,5,I,282(E1),F,-1.239,4
-6.181,-7.306,3,I,282(E1),G,-8,2
-6.936,-7.542,3,I,282(E1),H,-7.909,2
0,0,,I,282(E1),I,0,
-7.024,-7.561,2,I,282(E1),K,-8,2
-0.989,-0.4099,5,I,282(E1),L,0.6159,4
-1.682,-0.9804,1,I,282(E1),M,-1.258,1
-4.278,-5.444,3,I,282(E1),N,-5.737,1
-7.638,-7.653,6,I,282(E1),P,-8,4
-8.964,-7.735,9,I,282(E1),Q,-8,4
-7,-7.556,4,I,282(E1),R,-8,1
-6.803,-7.512,3,I,282(E1),S,-7.904,2
-5.725,-7.064,4,I,282(E1),T,-8,1
-1.255,-0.5938,6,I,282(E1),V,-0.3669,2
-5.942,-7.191,5,I,282(E1),W,-7.513,2
-4.245,-5.39,5,I,282(E1),Y,-4.836,3
0.7521,0.1379,1,P,283(E1),-,,
-2.512,-2.114,3,P,283(E1),A,-2.391,1
-1.09,-0.4748,6,P,283(E1),C,-0.5965,6
1.858,0.2225,2,P,283(E1),D,0.4908,1
-1.075,-0.4649,2,P,283(E1),E,-1.092,1
-2.638,-2.331,2,P,283(E1),F,-3.095,2
-0.5202,-0.171,1,P,283(E1),G,,
-1.359,-0.677,2,P,283(E1),H,,
-1.669,-0.9668,4,P,283(E1),I,-1.125,1
-1.681,-0.9793,3,P,283(E1),K,-1.103,1
-2.073,-1.449,8,P,283(E1),L,-0.9845,3
-2.252,-1.703,3,P,283(E1),M,-1.739,3
-1.919,-1.251,3,P,283(E1),N,-1.666,2
0,0,,P,283(E1),P,0,
-0.03128,-0.008137,7,P,283(E1),Q,-0.2688,3
1.838,0.2217,5,P,283(E1),R,-1.355,3
0.1154,0.02803,8,P,283(E1),S,-0.1988,3
-1.696,-0.9947,13,P,283(E1),T,0.2331,3
-2.158,-1.567,3,P,283(E1),V,,
-1.897,-1.224,7,P,283(E1),W,-1.107,2
-2.519,-2.126,4,P,283(E1),Y,-2.982,2
4.447,0.2619,11,D,284(E1),A,0.6783,3
-2.518,-2.124,3,D,284(E1),C,-2.396,2
0,0,,D,284(E1),D,0,
1.168,0.1807,9,D,284(E1),E,0.2994,1
-2.611,-2.282,8,D,284(E1),F,-2.456,5
0.4788,0.09876,3,D,284(E1),G,-1.17,1
-2.766,-2.559,2,D,284(E1),H,-2.138,1
0.1701,0.0403,5,D,284(E1),I,-0.8855,1
-2.093,-1.476,6,D,284(E1),K,-1.437,3
-0.5726,-0.1932,4,D,284(E1),L,-0.9424,1
-3.071,-3.139,2,D,284(E1),M,,
0.5632,0.112,13,D,284(E1),N,-0.2492,4
-1.892,-1.218,4,D,284(E1),P,-1.334,1
0.06938,0.01722,2,D,284(E1),Q,-0.5532,1
-2.382,-1.902,5,D,284(E1),R,-0.8901,2
-0.7997,-0.3018,3,D,284(E1),S,-0.4444,2
-0.9938,-0.4129,3,D,284(E1),T,0.2115,1
0.4411,0.09252,3,D,284(E1),V,-0.6993,1
-1.31,-0.6368,4,D,284(E1),W,-0.8246,2
-3.036,-3.072,6,D,284(E1),Y,-3.592,1
-4.898,-6.324,1,A,285(E1),-,,
0,0,,A,285(E1),A,0,
-6.28,-7.347,8,A,285(E1),C,-8,5
-5.32,-6.758,9,A,285(E1),D,-6.894,4
-8.552,-7.719,8,A,285(E1),E,-8,3
-4.327,-5.525,4,A,285(E1),F,-5.831,2
-6.561,-7.445,8,A,285(E1),H,-8,3
-5.988,-7.215,4,A,285(E1),I,-8,3
-7.3,-7.609,5,A,285(E1),K,-8,1
-5.068,-6.514,7,A,285(E1),L,-6.508,2
-4.397,-5.636,10,A,285(E1),M,-6.174,4
-7.453,-7.631,6,A,285(E1),N,-8,6
-6.852,-7.523,2,A,285(E1),P,-8,1
-7.378,-7.62,4,A,285(E1),Q,-8,2
-6.608,-7.459,3,A,285(E1),R,-8,1
-0.1239,-0.03366,9,A,285(E1),S,-0.5949,4
-3.661,-4.316,33,A,285(E1),T,-4.665,6
-0.0473,-0.0124,14,A,285(E1),V,-0.08697,3
-6.762,-7.501,5,A,285(E1),W,-8,3
-5.889,-7.162,4,A,285(E1),Y,,
-0.6782,-0.241,1,A,286(E1),-,,
0,0,,A,286(E1),A,0,
-1.311,-0.6378,4,A,286(E1),C,-0.9969,4
-0.1082,-0.02918,9,A,286(E1),D,0.005569,5
-1.316,-0.6413,2,A,286(E1),F,,
-2.165,-1.576,5,A,286(E1),G,-2.56,1
1.23,0.1858,7,A,286(E1),H,0.3433,3
0.6406,0.1232,7,A,286(E1),I,0.05575,6
0.7291,0.135,6,A,286(E1),K,-0.9029,2
-0.178,-0.04962,3,A,286(E1),L,,
-1.803,-1.112,2,A,286(E1),M,-1.359,2
-2.063,-1.436,6,A,286(E1),N,-1.313,3
-5.022,-6.466,5,A,286(E1),P,-6.402,3
-1.18,-0.5376,4,A,286(E1),Q,-1.097,3
-0.5992,-0.2048,11,A,286(E1),R,0.1119,2
-0.01042,-0.002683,11,A,286(E1),S,-0.5236,2
-1.479,-0.7814,53,A,286(E1),T,-3.352,5
0.2427,0.05564,9,A,286(E1),V,0.6769,2
-2.774,-2.575,3,A,286(E1),W,-2.375,3
0.01616,0.00411,7,A,286(E1),Y,-0.2411,4
-1.065,-0.4583,1,F,287(E1),-,,
-6.631,-7.466,6,F,287(E1),A,-8,1
-7.105,-7.576,6,F,287(E1),C,-8,4
-6.836,-7.52,3,F,287(E1),D,-8,1
-6.455,-7.411,1,F,287(E1),E,-8,1
0,0,,F,287(E1),F,0,
-7.493,-7.636,5,F,287(E1),G,-8,1
-4.976,-6.414,4,F,287(E1),H,-6.179,1
-7.255,-7.602,10,F,287(E1),I,-8,3
-6.872,-7.528,2,F,287(E1),K,-8,1
-0.9331,-0.3762,8,F,287(E1),L,-0.5238,1
-0.1668,-0.04625,4,F,287(E1),M,-1.07,1
-5.983,-7.212,5,F,287(E1),N,-8,1
-7.554,-7.643,8,F,287(E1),P,-8,1
-6.696,-7.484,2,F,287(E1),Q,-7.854,1
-7.291,-7.607,3,F,287(E1),R,-8,3
-6.235,-7.329,8,F,287(E1),S,-8,2
-6.781,-7.506,2,F,287(E1),T,-8,1
-8.085,-7.693,9,F,287(E1),V,-8,4
1.561,0.208,3,F,287(E1),W,,
-3.165,-3.326,3,F,287(E1),Y,-3.137,2
-5.788,-7.103,2,T,288(E1),-,,
-2.555,-2.187,8,T,288(E1),A,-3.133,1
5.085,0.2634,4,T,288(E1),C,1.048,1
-1.658,-0.9555,7,T,288(E1),D,-1.311,5
-1.252,-0.5916,2,T,288(E1),E,-0.6006,1
-3.097,-3.192,7,T,288(E1),F,-3.58,3
-3.223,-3.44,4,T,288(E1),G,-3.726,1
-2.297,-1.771,4,T,288(E1),H,-2.361,1
-0.1041,-0.02803,14,T,288(E1),I,0.1219,3
-1.83,-1.144,3,T,288(E1),K,-1.703,1
-1.055,-0.4519,9,T,288(E1),L,0.1825,3
1.335,0.1936,3,T,288(E1),M,-0.1121,1
-1.747,-1.05,10,T,288(E1),N,-2.267,1
-7.071,-7.57,3,T,288(E1),P,-8,1
-0.9423,-0.3817,16,T,288(E1),Q,-0.709,12
-0.6954,-0.2492,1,T,288(E1),R,-0.4784,1
-2.335,-1.828,4,T,288(E1),S,-4.338,2
0,0,,T,288(E1),T,0,
0.0436,0.01095,2,T,288(E1),V,1.725,1
-2.263,-1.718,3,T,288(E1),W,-1.885,3
-2.076,-1.453,7,T,288(E1),Y,-1.882,2
-1.854,-1.172,1,R,289(E1),-,,
-4.798,-6.203,6,R,289(E1),A,-6.516,3
-6.817,-7.515,9,R,289(E1),C,-8,6
-7.235,-7.599,8,R,289(E1),D,-8,3
-6.296,-7.353,6,R,289(E1),E,-8,3
-2.998,-2.997,7,R,289(E1),F,-3.046,4
-5.669,-7.028,7,R,289(E1),G,-8,3
-0.0615,-0.01623,6,R,289(E1),H,0.09665,5
-2.258,-1.712,18,R,289(E1),I,-2.558,9
-0.5079,-0.166,5,R,289(E1),K,-0.2157,1
-3.286,-3.567,6,R,289(E1),L,-3.835,4
-3.234,-3.464,5,R,289(E1),M,-3.015,3
-5.552,-6.945,7,R,289(E1),N,-4.828,3
-3.868,-4.716,8,R,289(E1),P,-4.642,5
-4.388,-5.621,6,R,289(E1),Q,-6.694,4
0,0,,R,289(E1),R,0,
-3.348,-3.691,2,R,289(E1),S,-3.942,1
-2.89,-2.791,6,R,289(E1),T,-2.836,3
-0.3041,-0.09005,2,R,289(E1),V,0.1099,1
-2.071,-1.446,9,R,289(E1),W,-0.8641,2
-3.573,-4.141,4,R,289(E1),Y,-4.044,3
-1.458,-0.7622,1,V,290(E1),-,,
2.346,0.2389,4,V,290(E1),A,-0.2315,2
1.033,0.1687,3,V,290(E1),C,0.07405,3
-2.69,-2.423,5,V,290(E1),D,,
-0.2654,-0.07713,7,V,290(E1),E,0.01197,1
-1.097,-0.4797,9,V,290(E1),F,-1.389,5
-3.08,-3.157,4,V,290(E1),G,-3.411,2
-0.5235,-0.1724,5,V,290(E1),H,-0.5051,3
1.479,0.2031,3,V,290(E1),I,,
-0.3439,-0.1038,3,V,290(E1),K,0.4967,1
0.01267,0.003229,6,V,290(E1),L,,
-0.5779,-0.1955,12,V,290(E1),M,-0.2881,6
-1.921,-1.253,3,V,290(E1),N,-1.115,1
-4.147,-5.222,8,V,290(E1),P,-5.865,4
-0.004672,-0.0012,5,V,290(E1),Q,0.01705,3
-1.245,-0.5861,4,V,290(E1),R,-1.019,1
-1.398,-0.7094,4,V,290(E1),S,-0.9521,3
-0.1735,-0.04825,7,V,290(E1),T,-0.2409,5
0,0,,V,290(E1),V,0,
1.041,0.1695,2,V,290(E1),Y,-0.03235,2
-0.7092,-0.2559,3,V,291(E1),A,-4.619,1
-2.63,-2.315,5,V,291(E1),C,-3.008,3
-1.42,-0.7288,5,V,291(E1),D,-0.7595,3
-1.023,-0.4312,7,V,291(E1),E,-0.7846,7
0.9098,0.1562,5,V,291(E1),F,0.09235,3
-0.8191,-0.3121,4,V,291(E1),G,-0.5479,3
-2.558,-2.192,2,V,291(E1),H,-2.447,1
-0.4331,-0.1365,3,V,291(E1),I,0.07538,1
-0.4336,-0.1367,2,V,291(E1),K,0.1032,1
-0.5516,-0.1842,6,V,291(E1),L,-0.5864,3
0.7055,0.1319,10,V,291(E1),M,-2.391,1
-1.563,-0.8596,6,V,291(E1),N,-1.317,2
-0.6343,-0.2206,3,V,291(E1),P,-0.338,3
-0.5641,-0.1895,9,V,291(E1),Q,0.3928,6
-1.269,-0.6047,6,V,291(E1),R,0.3898,2
-0.2251,-0.06418,2,V,291(E1),S,-0.3256,1
0.1507,0.03602,5,V,291(E1),T,-0.0644,4
0,0,,V,291(E1),V,0,
2.568,0.2441,4,V,291(E1),W,0.5185,2
-0.3749,-0.1149,2,V,291(E1),Y,-0.2707,1
-2.149,-1.553,3,D,292(E1),A,-2.143,2
-3.12,-3.235,4,D,292(E1),C,-3.522,3
0,0,,D,292(E1),D,0,
-0.8035,-0.3038,2,D,292(E1),E,,
-0.1241,-0.03372,4,D,292(E1),F,-0.0619,2
-3.789,-4.564,9,D,292(E1),G,-4.767,5
-0.9218,-0.3696,8,D,292(E1),H,-1.234,3
-2.904,-2.818,5,D,292(E1),I,-1.932,1
-2.634,-2.322,4,D,292(E1),K,-2.1,2
-0.1778,-0.04956,3,D,292(E1),L,-0.2756,1
-1.398,-0.71,3,D,292(E1),M,-0.9022,1
-1.094,-0.4775,23,D,292(E1),N,-0.6224,5
-7.145,-7.583,6,D,292(E1),P,-8,2
-2.706,-2.451,1,D,292(E1),Q,,
-3.019,-3.039,3,D,292(E1),R,-2.73,1
-2.187,-1.608,1,D,292(E1),S,-1.872,1
-3.596,-4.186,8,D,292(E1),T,-3.767,4
-2.602,-2.267,6,D,292(E1),V,-2.095,2
-1.993,-1.343,1,D,292(E1),W,-1.603,1
-0.7627,-0.2826,4,D,292(E1),Y,-1.448,2
0,0,,A,293(E1),A,0,
-2.607,-2.275,8,A,293(E1),C,-2.655,5
-1.912,-1.242,4,A,293(E1),D,,
-1.661,-0.9587,5,A,293(E1),E,-1.119,3
-6.366,-7.38,8,A,293(E1),F,-8,5
-2.555,-2.185,4,A,293(E1),G,-1.961,3
-3.972,-4.909,4,A,293(E1),H,-5.385,1
-3.469,-3.933,7,A,293(E1),I,-3.908,3
-1.882,-1.206,7,A,293(E1),K,-1.209,3
-2.479,-2.059,7,A,293(E1),L,-1.962,5
-1.569,-0.8659,8,A,293(E1),M,-1.465,7
-3.107,-3.211,2,A,293(E1),N,-3.487,1
-4.97,-6.408,2,A,293(E1),P,-6.173,1
-2.109,-1.498,5,A,293(E1),Q,-1.677,3
-2.946,-2.896,3,A,293(E1),R,-4.23,1
1.271,0.1889,6,A,293(E1),S,-0.1371,1
-2.259,-1.713,16,A,293(E1),T,-2.73,1
-2.867,-2.748,10,A,293(E1),V,-3.114,4
-5.913,-7.176,5,A,293(E1),W,-8,5
-5.861,-7.146,3,A,293(E1),Y,-7.37,2
-3.155,-3.306,7,P,294(E1),C,-3.678,1
-6.174,-7.303,7,P,294(E1),D,-8,6
-6.7,-7.485,4,P,294(E1),E,-8,1
-7.369,-7.619,3,P,294(E1),F,-8,3
-6.636,-7.467,2,P,294(E1),G,-8,1
-5.627,-6.999,9,P,294(E1),H,-7.426,4
-3.881,-4.74,7,P,294(E1),I,-4.76,2
-7.186,-7.59,2,P,294(E1),K,-8,1
-5.436,-6.856,8,P,294(E1),L,-8,3
-7.018,-7.559,7,P,294(E1),M,-8,3
-3.521,-4.038,2,P,294(E1),N,,
0,0,,P,294(E1),P,0,
-5.783,-7.1,4,P,294(E1),Q,-8,3
-3.899,-4.775,2,P,294(E1),R,-5.047,1
-1.583,-0.8798,9,P,294(E1),S,-1.957,1
-0.7206,-0.2615,9,P,294(E1),T,-0.3889,1
-1.097,-0.4797,3,P,294(E1),V,-0.3903,1
-6.359,-7.377,5,P,294(E1),W,-7.667,4
-5.728,-7.066,7,P,294(E1),Y,-8,5
3.268,0.2547,2,S,295(E1),A,0.4054,1
-2.806,-2.634,4,S,295(E1),C,-2.228,2
-1.595,-0.8913,7,S,295(E1),D,-1.352,4
-1.663,-0.9605,6,S,295(E1),E,-1.276,3
-0.8645,-0.3369,4,S,295(E1),F,-1.062,3
-1.342,-0.6629,8,S,295(E1),G,-0.8465,7
0.1327,0.03199,6,S,295(E1),H,0.003266,3
1.154,0.1795,8,S,295(E1),I,-0.9283,3
-3.127,-3.249,6,S,295(E1),K,-3.475,1
-0.1176,-0.03185,4,S,295(E1),L,0.03304,4
0.8642,0.1512,3,S,295(E1),M,0.01485,1
-0.3758,-0.1152,18,S,295(E1),N,-0.6706,8
-1.748,-1.051,3,S,295(E1),P,-1.115,2
-0.9073,-0.3612,6,S,295(E1),Q,-0.6151,4
0.2157,0.05005,7,S,295(E1),R,-0.065,4
0,0,,S,295(E1),S,0,
0.9511,0.1606,4,S,295(E1),T,1.437,2
-1.957,-1.298,6,S,295(E1),V,-1.475,5
0.6336,0.1222,5,S,295(E1),W,0.0108,2
1.019,0.1673,4,S,295(E1),Y,0.08086,3
-1.111,-0.4894,4,L,296(E1),A,0.1452,3
-6.975,-7.551,4,L,296(E1),D,-8,2
-7.026,-7.561,4,L,296(E1),E,-8,2
-1.982,-1.329,5,L,296(E1),F,-1.562,1
-7.056,-7.567,4,L,296(E1),G,-8,2
-5.177,-6.625,5,L,296(E1),H,-6.558,3
1.129,0.1774,8,L,296(E1),I,-0.2601,4
-1.421,-0.7293,1,L,296(E1),K,,
0,0,,L,296(E1),L,0,
-0.003849,-0.0009888,7,L,296(E1),M,,
-3.516,-4.028,2,L,296(E1),N,-4.281,1
-1.736,-1.038,11,L,296(E1),P,-1.396,5
-7.036,-7.563,9,L,296(E1),Q,-8,4
-9.066,-7.738,12,L,296(E1),R,-8,5
-5.397,-6.824,9,L,296(E1),S,-6.674,4
-1.242,-0.5836,6,L,296(E1),T,-0.2741,3
0.3676,0.07967,8,L,296(E1),V,-0.09602,5
-5.97,-7.206,6,L,296(E1),W,-8,5
-4.506,-5.802,6,L,296(E1),Y,-6.143,3
-1.56,-0.8568,7,T,297(E1),A,-1.014,3
-2.14,-1.541,7,T,297(E1),C,-1.703,5
0.7106,0.1326,7,T,297(E1),D,-1.005,2
-0.1525,-0.04199,2,T,297(E1),E,-0.5514,1
-0.04913,-0.01289,6,T,297(E1),F,0.4531,1
-0.3761,-0.1153,3,T,297(E1),G,-0.6807,1
-1.146,-0.5138,4,T,297(E1),H,-0.7997,2
0.2464,0.0564,10,T,297(E1),I,-0.8194,2
-0.6147,-0.2117,7,T,297(E1),K,-0.4656,3
-1.125,-0.4988,3,T,297(E1),L,-0.6269,2
-0.2624,-0.07615,8,T,297(E1),M,-0.4628,4
-1.375,-0.6898,10,T,297(E1),N,-0.3173,3
-2.097,-1.481,7,T,297(E1),P,-1.875,6
-0.09887,-0.02655,3,T,297(E1),Q,-0.5725,1
-0.5704,-0.1922,8,T,297(E1),R,-0.2162,2
-2.141,-1.543,4,T,297(E1),S,-0.7699,2
0,0,,T,297(E1),T,0,
-0.03783,-0.00987,6,T,297(E1),V,-1.322,3
-0.134,-0.03658,6,T,297(E1),W,-0.4926,4
2.081,0.231,5,T,297(E1),Y,0.2107,4
-3.988,-4.939,3,D,298(E1),-,,
-1.51,-0.8101,4,D,298(E1),A,-1.52,3
-5.176,-6.625,8,D,298(E1),C,-7.691,6
0,0,,D,298(E1),D,0,
0.4117,0.08748,7,D,298(E1),E,-0.6147,2
-1.848,-1.165,6,D,298(E1),F,-1.411,6
-1.727,-1.029,4,D,298(E1),G,-1.244,2
-0.2059,-0.05816,6,D,298(E1),H,-0.1119,2
-1.441,-0.7471,3,D,298(E1),I,-0.6059,2
0.6371,0.1227,5,D,298(E1),K,0.424,2
-0.7793,-0.2911,4,D,298(E1),L,-0.2079,3
1.132,0.1777,3,D,298(E1),M,0.2579,2
-1.191,-0.5458,24,D,298(E1),N,-1.478,8
-1.357,-0.6749,8,D,298(E1),P,-1.174,6
-0.3532,-0.1071,3,D,298(E1),Q,,
-0.5984,-0.2044,4,D,298(E1),R,-0.1309,1
-0.6145,-0.2116,4,D,298(E1),S,-0.4308,2
-0.8339,-0.3201,5,D,298(E1),T,-1.065,1
-1.138,-0.508,7,D,298(E1),V,-1.068,3
-1.349,-0.6687,6,D,298(E1),W,-0.9944,4
-1.687,-0.985,11,D,298(E1),Y,-1.319,5
-0.2836,-0.08316,1,M,299(E1),-,,
-2.019,-1.377,4,M,299(E1),A,-1.702,3
0.08074,0.01993,3,M,299(E1),C,-0.7378,1
-2.557,-2.189,1,M,299(E1),D,-2.353,1
-2.308,-1.786,7,M,299(E1),E,-1.765,5
-0.3024,-0.08948,3,M,299(E1),F,-0.332,2
-1.39,-0.7032,5,M,299(E1),G,-1.024,4
-1.938,-1.273,8,M,299(E1),H,-1.821,4
-0.6382,-0.2224,17,M,299(E1),I,-0.5631,2
-2.082,-1.461,6,M,299(E1),K,-1.867,3
-0.2261,-0.06449,4,M,299(E1),L,-0.9997,2
0,0,,M,299(E1),M,0,
-1.988,-1.338,2,M,299(E1),N,-1.987,2
-1.516,-0.815,8,M,299(E1),P,-1.407,4
-1.413,-0.7225,4,M,299(E1),Q,-1.363,2
-2.362,-1.871,7,M,299(E1),R,-2.135,6
-1.508,-0.8083,2,M,299(E1),S,-1.076,2
-1.216,-0.564,5,M,299(E1),T,-1.064,2
-0.08485,-0.02263,6,M,299(E1),V,-0.8719,2
-2.759,-2.546,6,M,299(E1),W,-2.604,4
-2.601,-2.265,4,M,299(E1),Y,-2.528,3
-0.5547,-0.1855,2,S,300(E1),-,,
-0.3567,-0.1083,7,S,300(E1),A,-0.3072,2
-0.5015,-0.1634,4,S,300(E1),C,-0.8292,3
0.3739,0.0808,7,S,300(E1),D,0.07243,4
0.07189,0.01782,7,S,300(E1),E,-0.291,5
-1.239,-0.5814,13,S,300(E1),F,-0.6226,6
0.8934,0.1544,8,S,300(E1),G,-0.3101,3
-1.405,-0.7155,3,S,300(E1),H,-1.088,3
-1.253,-0.5922,4,S,300(E1),I,-0.9663,4
-1.198,-0.5506,8,S,300(E1),K,-0.3588,3
-0.8567,-0.3325,3,S,300(E1),L,0.8313,2
0.169,0.04006,5,S,300(E1),M,-0.04263,3
1.523,0.2057,6,S,300(E1),N,0.3941,3
-8.952,-7.734,7,S,300(E1),P,,
1.759,0.2181,4,S,300(E1),Q,-0.2589,2
-0.9245,-0.3711,2,S,300(E1),R,-0.1109,1
0,0,,S,300(E1),S,0,
1.546,0.2071,7,S,300(E1),T,-0.1515,3
-0.1302,-0.03548,5,S,300(E1),V,0.177,3
0.04669,0.01171,10,S,300(E1),W,-0.4309,6
0.2328,0.0536,13,S,300(E1),Y,0.4161,6
-7.084,-7.572,8,C,301(E1),*,,
0.21,0.04887,2,C,301(E1),-,,
-7.568,-7.645,10,C,301(E1),A,-8,6
0,0,,C,301(E1),C,0,
-5.785,-7.102,8,C,301(E1),D,-8,1
-5.342,-6.777,4,C,301(E1),E,-7.093,1
-8.211,-7.701,11,C,301(E1),F,-7.675,2
-7.187,-7.59,9,C,301(E1),G,-8,2
-6.661,-7.474,1,C,301(E1),H,-8,1
-7.595,-7.648,5,C,301(E1),I,-8,4
-6.712,-7.488,6,C,301(E1),K,-7.167,3
-7.506,-7.637,7,C,301(E1),L,-8,2
-7.233,-7.598,7,C,301(E1),M,-8,3
-7.388,-7.622,7,C,301(E1),N,-8,5
-7.776,-7.667,9,C,301(E1),P,-8,3
-7.578,-7.646,10,C,301(E1),Q,-8,7
-7.106,-7.576,15,C,301(E1),R,-8,7
-5.619,-6.993,14,C,301(E1),S,-7.856,3
-6.95,-7.545,10,C,301(E1),T,-7.507,5
-7.178,-7.589,5,C,301(E1),V,-8,2
-4.479,-5.762,11,C,301(E1),W,-6.021,5
-6.793,-7.509,18,C,301(E1),Y,-8,8
3.178,0.2537,3,E,302(E1),*,,
-1.926,-1.259,4,E,302(E1),-,,
0.7764,0.1409,6,E,302(E1),A,-0.5161,3
-4.212,-5.334,7,E,302(E1),C,-4.881,2
-0.187,-0.05235,10,E,302(E1),D,-0.2926,3
0,0,,E,302(E1),E,0,
0.7173,0.1335,12,E,302(E1),F,-0.07524,7
-0.843,-0.325,14,E,302(E1),G,-0.8089,2
0.4771,0.09849,5,E,302(E1),H,0.006168,3
0.3127,0.06946,13,E,302(E1),I,0.06524,7
-0.9619,-0.3934,14,E,302(E1),K,-0.9923,3
2.024,0.229,2,E,302(E1),L,0.015,1
-0.5239,-0.1726,12,E,302(E1),M,-0.3358,8
0.7449,0.137,4,E,302(E1),N,0.2598,1
-6.377,-7.384,7,E,302(E1),P,-8,4
1.666,0.2136,4,E,302(E1),Q,1.021,3
-1.336,-0.6576,4,E,302(E1),R,-0.9105,2
-0.2117,-0.05996,5,E,302(E1),S,0.09328,1
-2.024,-1.384,3,E,302(E1),T,-1.773,1
0.373,0.08064,4,E,302(E1),V,1.001,2
-0.9964,-0.4146,3,E,302(E1),W,-0.2395,1
-1.458,-0.7619,8,E,302(E1),Y,-0.4907,4
-1.616,-0.9122,4,V,303(E1),-,,
-2.04,-1.405,7,V,303(E1),A,-0.9978,1
-0.244,-0.0702,7,V,303(E1),C,0.09063,5
-6.903,-7.535,7,V,303(E1),D,-8,3
-7.134,-7.581,3,V,303(E1),E,,
-7.09,-7.573,9,V,303(E1),F,-8,4
-4.039,-5.032,6,V,303(E1),G,-5.694,2
-7.068,-7.569,10,V,303(E1),H,-8,5
0.7722,0.1404,5,V,303(E1),I,0.5053,2
-5.978,-7.21,6,V,303(E1),K,-6.827,2
-4.991,-6.431,6,V,303(E1),L,-6.56,3
-10.79,-7.76,14,V,303(E1),M,-8,3
-3.515,-4.027,3,V,303(E1),N,-4.795,1
-6.979,-7.551,5,V,303(E1),P,-8,2
-6.553,-7.443,6,V,303(E1),Q,-8,4
-2.642,-2.336,5,V,303(E1),R,-4.809,2
-1.114,-0.4912,5,V,303(E1),S,-0.9602,4
-1.554,-0.851,5,V,303(E1),T,-1.412,2
0,0,,V,303(E1),V,0,
-6.35,-7.374,8,V,303(E1),W,-7.72,5
-3.657,-4.307,3,V,303(E1),Y,-3.76,1
-0.3392,-0.1021,1,P,304(E1),*,,
0.2474,0.0566,4,P,304(E1),-,,
1.89,0.2239,6,P,304(E1),A,0.3538,3
-0.1626,-0.04499,6,P,304(E1),C,-0.3699,4
-1.724,-1.025,4,P,304(E1),D,-3.861,2
-1.038,-0.4409,4,P,304(E1),E,-0.6764,4
-2.412,-1.95,6,P,304(E1),F,-2.369,2
-1.328,-0.6513,6,P,304(E1),G,-0.7003,3
-1.149,-0.5157,9,P,304(E1),H,-1.016,4
1.154,0.1796,7,P,304(E1),I,0.2881,5
-0.9093,-0.3623,7,P,304(E1),K,-0.2147,4
-0.8186,-0.3118,7,P,304(E1),L,0.7579,1
0.4889,0.1004,2,P,304(E1),M,0.087,2
0.2335,0.05376,4,P,304(E1),N,-1.317,2
0,0,,P,304(E1),P,0,
0.1041,0.02542,4,P,304(E1),Q,1.149,1
-1.835,-1.15,4,P,304(E1),R,-1.748,3
-0.6705,-0.2374,58,P,304(E1),S,-1.065,9
-1.1,-0.4817,6,P,304(E1),T,0.4987,1
-1.065,-0.4585,6,P,304(E1),V,-0.632,4
-1.4,-0.7117,9,P,304(E1),W,-1.146,4
-2.175,-1.59,2,P,304(E1),Y,-1.85,2
0.4866,0.1,4,A,305(E1),-,,
0,0,,A,305(E1),A,0,
-5.174,-6.622,7,A,305(E1),C,-7.206,3
-1.733,-1.035,8,A,305(E1),D,-0.4192,3
-1.121,-0.4961,6,A,305(E1),E,-0.6508,4
0.1003,0.02453,3,A,305(E1),F,-0.8786,1
-1.051,-0.4492,6,A,305(E1),G,0.02925,2
-1.502,-0.8026,5,A,305(E1),H,-0.8565,4
2.404,0.2404,7,A,305(E1),I,-0.8064,4
1.173,0.1812,4,A,305(E1),K,0.143,3
-0.7873,-0.2953,5,A,305(E1),L,0.08465,1
-1.128,-0.5013,2,A,305(E1),M,-0.7117,1
-1.783,-1.09,3,A,305(E1),N,-1.347,2
-1.249,-0.589,2,A,305(E1),P,-0.8516,1
1.286,0.1901,3,A,305(E1),Q,,
1.023,0.1677,4,A,305(E1),R,-0.1313,2
-0.3987,-0.1236,4,A,305(E1),S,-1.731,3
0.4158,0.08819,15,A,305(E1),T,-0.7158,5
-0.7158,-0.2591,11,A,305(E1),V,-0.2809,2
2.302,0.2378,8,A,305(E1),W,0.4132,5
-1.655,-0.9517,3,A,305(E1),Y,0.5942,1
-6.652,-7.472,2,C,306(E1),*,-8,1
1.288,0.1902,4,C,306(E1),-,,
-7.058,-7.567,4,C,306(E1),A,-8,2
0,0,,C,306(E1),C,0,
-4.558,-5.879,4,C,306(E1),D,-6.37,1
-6.651,-7.472,7,C,306(E1),E,-8,3
-7.527,-7.64,11,C,306(E1),F,-8,3
-7.177,-7.589,5,C,306(E1),G,-8,3
-7.144,-7.583,7,C,306(E1),H,-8,2
-6.657,-7.473,2,C,306(E1),I,-8,1
-7.024,-7.561,2,C,306(E1),K,-8,2
-8.395,-7.712,8,C,306(E1),L,-8,4
-6.253,-7.336,4,C,306(E1),M,-7.7,2
-6.294,-7.352,5,C,306(E1),N,-7.829,3
-7.518,-7.639,4,C,306(E1),P,-8,4
-7.68,-7.657,4,C,306(E1),Q,-8,1
-6.986,-7.553,9,C,306(E1),R,-8,3
-8.675,-7.725,10,C,306(E1),S,-8,2
-7.349,-7.616,8,C,306(E1),T,-8,4
-6.124,-7.281,6,C,306(E1),V,-8,3
-7.368,-7.619,6,C,306(E1),W,-8,4
-10.07,-7.755,31,C,306(E1),Y,-8,5
-0.05552,-0.01461,4,T,307(E1),-,,
-2.171,-1.585,11,T,307(E1),A,-2.338,3
-3.097,-3.191,7,T,307(E1),C,-3.509,7
-2.763,-2.554,6,T,307(E1),D,-2.333,2
1.123,0.1769,5,T,307(E1),E,-0.1224,2
-1.384,-0.6975,5,T,307(E1),F,-1.278,3
-3.16,-3.315,6,T,307(E1),G,-3.471,3
-2.015,-1.372,2,T,307(E1),H,-1.577,1
0.2845,0.064,14,T,307(E1),I,0.236,6
-2.465,-2.035,12,T,307(E1),K,-2.228,3
-1.213,-0.5623,9,T,307(E1),L,-0.5625,6
-0.3765,-0.1155,6,T,307(E1),M,0.1011,4
-2.523,-2.132,5,T,307(E1),N,-1.786,3
-8.339,-7.709,6,T,307(E1),P,-8,3
-1.349,-0.6689,4,T,307(E1),Q,,
-1.886,-1.21,7,T,307(E1),R,-1.749,3
-1.813,-1.124,10,T,307(E1),S,-1.285,6
0,0,,T,307(E1),T,0,
0.6512,0.1246,12,T,307(E1),V,-0.5757,3
-2.139,-1.54,5,T,307(E1),W,-1.897,4
-1.563,-0.8598,6,T,307(E1),Y,-0.8507,5
0.2354,0.05414,4,H,308(E1),-,,
-0.3279,-0.0982,2,H,308(E1),A,-0.3314,2
-0.2329,-0.06664,3,H,308(E1),C,-1.661,1
-6.447,-7.408,2,H,308(E1),D,-8,1
-2.461,-2.029,5,H,308(E1),E,-2.271,4
-0.4643,-0.1486,5,H,308(E1),F,,
-3.523,-4.042,3,H,308(E1),G,-4.052,1
0,0,,H,308(E1),H,0,
-3.803,-4.592,12,H,308(E1),I,-4.638,10
-1.931,-1.265,8,H,308(E1),K,-1.379,4
-2.494,-2.083,9,H,308(E1),L,-3.617,4
-0.5311,-0.1756,8,H,308(E1),M,-0.5292,4
-6.16,-7.297,11,H,308(E1),N,-8,1
-6.604,-7.458,6,H,308(E1),P,-8,2
-1.565,-0.8619,8,H,308(E1),Q,-0.6068,4
0.1815,0.04279,6,H,308(E1),R,-0.0055,2
2.969,0.251,4,H,308(E1),S,0.4222,1
0.5896,0.1159,7,H,308(E1),T,-1.452,2
-2.287,-1.754,5,H,308(E1),V,-2.264,3
0.6706,0.1273,5,H,308(E1),W,0.4311,2
-0.2179,-0.0619,6,H,308(E1),Y,-0.4096,2
-5.689,-7.04,6,S,309(E1),-,,
-1.935,-1.27,7,S,309(E1),A,-2.293,3
-5.247,-6.692,8,S,309(E1),C,-7.259,3
-3.232,-3.458,5,S,309(E1),D,-3.356,2
-2.656,-2.361,6,S,309(E1),E,-2.827,4
-5.92,-7.179,11,S,309(E1),F,-8,3
-2.475,-2.052,3,S,309(E1),G,,
-2.098,-1.482,6,S,309(E1),H,-1.69,4
-7.773,-7.667,7,S,309(E1),I,-8,4
-3.006,-3.013,9,S,309(E1),K,-3.543,4
-4.65,-6.008,7,S,309(E1),L,-6.278,5
-3.243,-3.482,3,S,309(E1),M,-3.728,2
-2.498,-2.09,21,S,309(E1),N,-2.574,5
-7.992,-7.686,6,S,309(E1),P,-7.503,4
-3.165,-3.326,6,S,309(E1),Q,-3.189,2
-4.082,-5.109,9,S,309(E1),R,-4.96,4
0,0,,S,309(E1),S,0,
-2.725,-2.486,10,S,309(E1),T,-2.587,5
-5.393,-6.821,3,S,309(E1),V,-6.995,2
-5.322,-6.76,4,S,309(E1),W,-7.071,1
-5.135,-6.583,2,S,309(E1),Y,-6.868,2
-1.006,-0.4206,5,S,310(E1),-,,
-0.3318,-0.09955,4,S,310(E1),A,-0.067,4
-2.751,-2.532,8,S,310(E1),C,-2.753,3
-3.015,-3.031,9,S,310(E1),D,-3.734,5
-1.671,-0.9686,7,S,310(E1),E,-2.007,3
2.923,0.2504,9,S,310(E1),F,0.3463,8
-1.525,-0.8234,8,S,310(E1),G,-1.413,3
-0.5563,-0.1862,8,S,310(E1),H,-0.7829,5
-2.075,-1.451,13,S,310(E1),I,-1.74,5
-1.935,-1.271,3,S,310(E1),K,-0.5238,1
-1.84,-1.156,6,S,310(E1),L,-1.067,4
-1.499,-0.7994,7,S,310(E1),M,-0.5781,5
1.558,0.2078,16,S,310(E1),N,0.1999,5
-6.719,-7.49,6,S,310(E1),P,-8,3
-0.9624,-0.3937,2,S,310(E1),Q,-0.6456,2
-2.935,-2.875,9,S,310(E1),R,-2.926,1
0,0,,S,310(E1),S,0,
1.628,0.2116,4,S,310(E1),T,0.5816,2
-1.653,-0.9501,7,S,310(E1),V,-1.209,4
-1.403,-0.714,5,S,310(E1),W,-1.075,1
3.523,0.257,9,S,310(E1),Y,-0.4675,6
0.2805,0.06322,4,D,311(E1),-,,
-2.9,-2.81,7,D,311(E1),A,-2.861,1
-7.134,-7.581,4,D,311(E1),C,-8,2
0,0,,D,311(E1),D,0,
-1.335,-0.6569,1,D,311(E1),E,,
-1.58,-0.8762,8,D,311(E1),F,-1.245,4
-0.6823,-0.2429,4,D,311(E1),G,0.7008,1
-4.278,-5.445,6,D,311(E1),H,-6.358,2
-6.226,-7.325,12,D,311(E1),I,-8,9
-4.881,-6.304,1,D,311(E1),K,-6.563,1
-5.858,-7.145,6,D,311(E1),L,-7.701,4
-7.052,-7.566,5,D,311(E1),M,-7.438,3
-0.8522,-0.3301,30,D,311(E1),N,-0.6257,8
-4.996,-6.437,13,D,311(E1),P,-7.044,5
-3.042,-3.083,4,D,311(E1),Q,-3.316,2
-5.26,-6.704,5,D,311(E1),R,-6.167,1
-1.699,-0.9984,9,D,311(E1),S,-1.334,7
-2.938,-2.882,12,D,311(E1),T,-3.163,6
-7.372,-7.619,7,D,311(E1),V,-7.163,2
-2.074,-1.451,1,D,311(E1),W,,
-2.965,-2.934,14,D,311(E1),Y,-3.167,5
-0.2388,-0.06852,5,F,312(E1),-,,
-2.047,-1.414,12,F,312(E1),A,-1.88,7
-7.256,-7.602,10,F,312(E1),C,-8,3
-5.258,-6.702,10,F,312(E1),D,-6.572,7
-5.292,-6.733,10,F,312(E1),E,-6.829,4
0,0,,F,312(E1),F,0,
-9.195,-7.741,13,F,312(E1),H,-8,7
-3.294,-3.583,7,F,312(E1),I,-3.871,3
-7.284,-7.606,12,F,312(E1),K,-8,7
-3.8,-4.586,20,F,312(E1),L,-4.777,7
-1.535,-0.8328,7,F,312(E1),M,-1.824,1
-5.218,-6.665,9,F,312(E1),N,-6.549,5
-4.839,-6.253,8,F,312(E1),P,-6.484,5
-5.605,-6.983,9,F,312(E1),Q,-8,7
-7.212,-7.595,15,F,312(E1),R,-8,10
-3.09,-3.176,5,F,312(E1),S,-3.211,4
-4.799,-6.204,11,F,312(E1),T,-6.633,5
-3.213,-3.422,7,F,312(E1),V,-3.375,3
-2.36,-1.867,10,F,312(E1),W,-2.085,6
-1.388,-0.7012,7,F,312(E1),Y,-1.301,3
-0.8297,-0.3178,5,G,313(E1),-,,
-1.129,-0.5021,16,G,313(E1),A,-0.5317,8
-1.628,-0.9241,17,G,313(E1),C,-1.323,7
0.6267,0.1212,19,G,313(E1),D,0.1613,7
-2.666,-2.379,10,G,313(E1),E,-2.814,8
-3.829,-4.642,19,G,313(E1),F,-4.7,13
0,0,,G,313(E1),G,0,
-4.143,-5.216,12,G,313(E1),H,-5.649,10
-5.721,-7.062,21,G,313(E1),I,-7.804,10
-2.11,-1.499,12,G,313(E1),K,-2.179,3
-1.545,-0.8431,20,G,313(E1),L,-1.088,9
-1.31,-0.6369,18,G,313(E1),M,-1.364,9
-2.73,-2.494,8,G,313(E1),N,-2.831,7
-7.303,-7.609,18,G,313(E1),P,-8,5
-3.011,-3.022,14,G,313(E1),Q,-3.397,9
-2.416,-1.956,14,G,313(E1),R,-2.152,6
-1.354,-0.6727,20,G,313(E1),S,-1.168,4
-2.042,-1.407,17,G,313(E1),T,-1.693,11
-3.892,-4.761,22,G,313(E1),V,-4.999,7
-6.712,-7.488,9,G,313(E1),W,-8,4
-4.456,-5.726,12,G,313(E1),Y,-8,7
-7.666,-7.656,7,G,314(E1),*,,
-0.08578,-0.02289,4,G,314(E1),-,,
-1.975,-1.32,19,G,314(E1),A,-1.25,9
-7.546,-7.642,10,G,314(E1),C,-8,6
-5.325,-6.762,7,G,314(E1),D,-7.199,5
-8.713,-7.726,28,G,314(E1),E,-8,12
-10.03,-7.754,10,G,314(E1),F,-8,6
0,0,,G,314(E1),G,0,
-7.46,-7.631,15,G,314(E1),H,-8,8
-6.607,-7.459,17,G,314(E1),I,-8,9
-6.564,-7.446,21,G,314(E1),K,-8,11
-6.375,-7.383,22,G,314(E1),L,-8,12
-6.438,-7.405,20,G,314(E1),M,-8,13
-1.416,-0.7253,14,G,314(E1),N,-1.153,10
-7.316,-7.611,8,G,314(E1),P,-8,3
-5.941,-7.19,10,G,314(E1),Q,-7.428,4
-5.809,-7.116,23,G,314(E1),R,-7.187,6
0.2509,0.05729,16,G,314(E1),S,-0.2139,9
-4.782,-6.182,18,G,314(E1),T,-6.064,9
-6.45,-7.409,15,G,314(E1),V,-7.984,5
-6.301,-7.355,20,G,314(E1),W,-8,11
-6.468,-7.415,13,G,314(E1),Y,-8,7
-6.573,-7.449,1,V,315(E1),*,,
-0.09185,-0.02458,3,V,315(E1),-,,
-1.224,-0.5705,9,V,315(E1),A,-0.1033,6
-1.185,-0.5413,8,V,315(E1),C,-0.7351,4
-3.048,-3.096,4,V,315(E1),D,,
-0.203,-0.05728,7,V,315(E1),E,-0.1295,2
-1.68,-0.9776,5,V,315(E1),F,-0.5361,1
-2.179,-1.596,5,V,315(E1),G,-1.829,4
0.2535,0.05783,9,V,315(E1),H,-0.366,4
0.985,0.164,8,V,315(E1),I,0.715,4
-1.596,-0.8927,4,V,315(E1),K,-1.183,1
0.2994,0.06689,11,V,315(E1),L,-0.5506,3
0.3624,0.07871,18,V,315(E1),M,-0.4576,7
-0.7384,-0.2703,10,V,315(E1),N,-0.8587,7
-7.267,-7.604,8,V,315(E1),P,-8,3
-1.178,-0.5363,6,V,315(E1),Q,-0.7468,2
-1.145,-0.5127,3,V,315(E1),R,-0.7001,3
0.09276,0.02277,4,V,315(E1),S,-0.1973,3
-0.7946,-0.2991,2,V,315(E1),T,-0.5304,2
0,0,,V,315(E1),V,0,
0.7198,0.1338,8,V,315(E1),W,-0.2383,6
-0.6918,-0.2475,5,V,315(E1),Y,-1.098,2
-0.1375,-0.03761,5,A,316(E1),-,,
0,0,,A,316(E1),A,0,
-1.352,-0.6711,6,A,316(E1),C,-0.4254,3
-5.688,-7.04,7,A,316(E1),D,-7.324,2
-7.151,-7.584,7,A,316(E1),E,-8,4
-4.635,-5.988,2,A,316(E1),F,-6.377,1
0.6904,0.1299,1,A,316(E1),G,,
-6.794,-7.509,2,A,316(E1),H,-8,2
-1.429,-0.7368,10,A,316(E1),I,-1.348,6
-7.61,-7.65,2,A,316(E1),K,,
-1.555,-0.8523,3,A,316(E1),L,-1.098,2
-2.079,-1.458,4,A,316(E1),M,-1.356,2
-7.488,-7.635,7,A,316(E1),N,-8,4
-7.178,-7.589,9,A,316(E1),P,-8,5
-6.571,-7.448,8,A,316(E1),Q,-8,5
-7.745,-7.664,8,A,316(E1),R,-8,5
-0.4897,-0.1587,5,A,316(E1),S,-0.2648,1
-2.26,-1.715,75,A,316(E1),T,-1.379,7
-1.694,-0.9929,45,A,316(E1),V,-0.6933,11
-5.104,-6.552,4,A,316(E1),W,-6.561,2
-7.108,-7.577,4,A,316(E1),Y,-8,2
-10.43,-7.758,8,I,317(E1),-,,
-0.5641,-0.1895,1,I,317(E1),A,,
-0.6957,-0.2494,8,I,317(E1),C,-0.2348,3
-0.6668,-0.2356,4,I,317(E1),D,-0.689,2
0.247,0.0565,6,I,317(E1),E,-0.09287,3
-2.066,-1.44,4,I,317(E1),F,-1.141,3
-1.807,-1.117,4,I,317(E1),G,-1.387,2
-1.541,-0.8389,6,I,317(E1),H,-0.3757,3
0,0,,I,317(E1),I,0,
-0.5603,-0.1879,5,I,317(E1),K,-0.9836,3
-1.939,-1.275,6,I,317(E1),L,-1.495,3
-0.8761,-0.3434,4,I,317(E1),M,-0.5868,2
2.923,0.2504,8,I,317(E1),N,-0.3448,2
-6.103,-7.271,5,I,317(E1),P,-7.699,4
-3.172,-3.339,1,I,317(E1),Q,,
2.168,0.2338,4,I,317(E1),R,0.2629,4
0.1579,0.03763,5,I,317(E1),S,-0.762,3
-0.2453,-0.07062,5,I,317(E1),T,-1.004,1
-1.287,-0.6187,5,I,317(E1),V,0.8727,1
-0.7494,-0.2759,4,I,317(E1),W,-0.5294,2
2.32,0.2382,2,I,317(E1),Y,-0.7268,1
-9.385,-7.745,11,I,318(E1),-,,
-3.237,-3.469,4,I,318(E1),A,-3.457,2
-3.127,-3.251,4,I,318(E1),C,,
-6.143,-7.289,3,I,318(E1),D,-7.589,2
-6.267,-7.342,5,I,318(E1),E,-7.487,3
-1.4,-0.7112,4,I,318(E1),F,,
-7.098,-7.575,3,I,318(E1),G,-8,2
1.72,0.2163,3,I,318(E1),H,-8,1
0,0,,I,318(E1),I,0,
-12.89,-7.764,3,I,318(E1),K,-7.406,2
1.413,0.1989,3,I,318(E1),L,-0.08644,1
0.1317,0.03176,7,I,318(E1),M,,
-6.073,-7.257,7,I,318(E1),N,-7.419,3
-6.733,-7.494,6,I,318(E1),P,-8,4
-7.246,-7.6,4,I,318(E1),Q,-8,3
-7.159,-7.586,5,I,318(E1),R,-8,3
-6.889,-7.532,5,I,318(E1),S,-8,4
-6.364,-7.379,6,I,318(E1),T,-8,3
-1.024,-0.4317,6,I,318(E1),V,0.6567,2
-5.816,-7.12,5,I,318(E1),W,-6.692,2
-6.342,-7.371,7,I,318(E1),Y,-8,4
-6.602,-7.457,1,K,319(E1),*,-7.925,1
0.2981,0.06664,6,K,319(E1),-,,
0.2407,0.05523,6,K,319(E1),A,-0.1081,2
-1.138,-0.5079,6,K,319(E1),C,-0.5862,5
-1.264,-0.6003,5,K,319(E1),D,-0.8644,4
-0.552,-0.1844,10,K,319(E1),E,0.1647,3
-0.1221,-0.03315,8,K,319(E1),F,0.0572,6
-0.5383,-0.1786,7,K,319(E1),G,-0.4309,2
2.74,0.2474,7,K,319(E1),H,-0.4855,6
-1.803,-1.112,3,K,319(E1),I,-1.378,2
0,0,,K,319(E1),K,0,
-1.687,-0.9857,6,K,319(E1),L,-1.403,3
-1.056,-0.4528,4,K,319(E1),M,-0.5119,2
-1.173,-0.5325,9,K,319(E1),N,-1.007,3
-1.564,-0.8613,11,K,319(E1),P,-0.8076,7
2.564,0.244,6,K,319(E1),Q,-0.5426,2
0.6183,0.12,5,K,319(E1),R,,
-0.01251,-0.003227,4,K,319(E1),S,-0.9959,3
1.176,0.1814,5,K,319(E1),T,0.06972,3
0.0404,0.01016,5,K,319(E1),V,-0.6926,2
-1.412,-0.7218,6,K,319(E1),W,-1.566,5
-0.5694,-0.1918,3,K,319(E1),Y,0.05837,1
-5.37,-6.801,5,Y,320(E1),*,,
-1.256,-0.5946,7,Y,320(E1),-,,
-1.412,-0.7217,6,Y,320(E1),A,0.01703,1
-1.567,-0.864,5,Y,320(E1),C,-0.7044,1
-5.693,-7.043,3,Y,320(E1),D,-8,1
-7.401,-7.623,8,Y,320(E1),E,-8,6
-0.2941,-0.08667,5,Y,320(E1),F,-0.5878,1
-1.023,-0.4316,11,Y,320(E1),G,-0.1114,6
-2.69,-2.422,6,Y,320(E1),H,-2.965,3
-2.06,-1.431,2,Y,320(E1),I,,
-5.166,-6.615,3,Y,320(E1),K,-8,1
-0.2167,-0.06153,8,Y,320(E1),L,-0.5238,5
-1.718,-1.018,6,Y,320(E1),M,-0.6519,3
-2.985,-2.973,10,Y,320(E1),N,-3.279,2
-7.325,-7.613,5,Y,320(E1),P,-8,2
-2.77,-2.566,2,Y,320(E1),Q,-2.765,2
-6.531,-7.436,2,Y,320(E1),R,-8,1
-1.35,-0.669,6,Y,320(E1),S,,
-0.742,-0.2721,5,Y,320(E1),T,-0.3947,4
-0.4909,-0.1591,8,Y,320(E1),V,-0.3805,3
-2.063,-1.436,5,Y,320(E1),W,-1.297,2
0,0,,Y,320(E1),Y,0,
-0.482,-0.1556,5,A,321(E1),-,,
0,0,,A,321(E1),A,0,
-0.3675,-0.1122,5,A,321(E1),C,-0.5631,2
-0.1389,-0.038,10,A,321(E1),D,-1.216,2
-1.836,-1.151,4,A,321(E1),E,-1.297,3
0.5518,0.1102,6,A,321(E1),F,-1.408,1
-0.5039,-0.1644,18,A,321(E1),G,-0.7306,11
-0.1432,-0.03926,3,A,321(E1),H,0.03913,1
1.506,0.2048,8,A,321(E1),I,-0.02656,5
-0.04334,-0.01134,3,A,321(E1),K,-0.1897,2
3.325,0.2552,5,A,321(E1),L,-0.4856,3
0.5939,0.1165,6,A,321(E1),M,0.6515,2
0.4539,0.09466,5,A,321(E1),N,-0.1275,2
-7.24,-7.599,7,A,321(E1),P,-8,3
0.8065,0.1445,6,A,321(E1),Q,-0.11,3
0.9371,0.1591,2,A,321(E1),R,-1.173,1
-0.6914,-0.2473,8,A,321(E1),S,-0.706,2
-0.1645,-0.04555,22,A,321(E1),T,-0.9506,4
-0.2119,-0.06002,33,A,321(E1),V,-0.4659,9
-0.7885,-0.2959,8,A,321(E1),W,1.053,3
-0.4267,-0.1341,9,A,321(E1),Y,0.1016,6
-1.141,-0.5102,5,A,322(E1),-,,
0,0,,A,322(E1),A,0,
-1.181,-0.5382,6,A,322(E1),C,-1.07,2
-4.476,-5.757,10,A,322(E1),D,-5.986,3
-3.671,-4.335,7,A,322(E1),E,-4.44,4
-1.937,-1.273,11,A,322(E1),F,-1.55,2
-1.694,-0.9927,5,A,322(E1),G,-1.918,2
-2.262,-1.717,7,A,322(E1),H,-2.838,3
-3.544,-4.084,4,A,322(E1),I,,
-2.603,-2.268,4,A,322(E1),K,-2.404,1
-2.648,-2.348,4,A,322(E1),L,-2.59,2
-2.429,-1.977,4,A,322(E1),M,-1.705,1
-2.034,-1.396,4,A,322(E1),N,-1.594,2
-2.725,-2.485,5,A,322(E1),P,-2.757,4
-3.367,-3.728,7,A,322(E1),Q,-3.5,2
-3.198,-3.391,7,A,322(E1),R,-3.172,3
0.8959,0.1547,8,A,322(E1),S,0.2699,5
-0.5099,-0.1668,29,A,322(E1),T,-0.2717,8
-0.9232,-0.3704,16,A,322(E1),V,-0.9627,4
-2.026,-1.386,6,A,322(E1),W,-1.814,3
-1.211,-0.5607,4,A,322(E1),Y,-0.8627,2
-3.738,-4.466,6,S,323(E1),-,,
-0.09953,-0.02673,10,S,323(E1),A,-0.1205,5
-2.794,-2.612,5,S,323(E1),C,-2.672,2
-1.018,-0.4282,6,S,323(E1),D,,
-1.825,-1.138,3,S,323(E1),E,-0.9505,2
0.6486,0.1243,3,S,323(E1),F,-1.853,1
-0.6398,-0.2231,3,S,323(E1),G,-0.371,2
-1.743,-1.046,2,S,323(E1),H,-1.305,2
-1.253,-0.5919,12,S,323(E1),I,0.2239,3
0.0122,0.00311,1,S,323(E1),K,,
0.5742,0.1136,5,S,323(E1),L,0.08284,3
0.4816,0.09923,7,S,323(E1),M,-0.1431,6
-0.5352,-0.1773,34,S,323(E1),N,0.01622,11
-1.457,-0.7609,5,S,323(E1),P,-0.6886,4
-1.342,-0.663,6,S,323(E1),Q,-1.611,1
0.6534,0.1249,10,S,323(E1),R,-0.4574,4
0,0,,S,323(E1),S,0,
0.2397,0.05501,7,S,323(E1),T,-0.8491,4
-0.3238,-0.0968,7,S,323(E1),V,-0.6603,3
-0.6998,-0.2513,6,S,323(E1),W,-0.1017,4
-0.07839,-0.02085,3,S,323(E1),Y,-0.1417,2
-2.971,-2.946,5,K,324(E1),-,,
-2.093,-1.476,4,K,324(E1),A,0.3546,1
-2.702,-2.443,10,K,324(E1),C,-3.256,3
-2.504,-2.099,3,K,324(E1),D,-2.286,1
-1.657,-0.9544,4,K,324(E1),E,,
-0.7119,-0.2572,4,K,324(E1),F,-0.5975,1
-1.632,-0.9284,8,K,324(E1),G,-1.337,2
-1.721,-1.022,5,K,324(E1),H,-1.239,3
-1.161,-0.5242,4,K,324(E1),I,-0.5418,2
0,0,,K,324(E1),K,0,
-0.4946,-0.1606,8,K,324(E1),L,-0.2384,5
0.4525,0.09443,8,K,324(E1),M,-0.9164,4
-1.465,-0.7689,9,K,324(E1),N,-1.821,2
-1.421,-0.7295,7,K,324(E1),P,-0.9149,4
-1.219,-0.5666,4,K,324(E1),Q,-0.1379,2
-0.5583,-0.1871,8,K,324(E1),R,-0.3527,5
-0.8698,-0.3398,3,K,324(E1),S,-0.5805,2
-1.67,-0.968,5,K,324(E1),T,-0.6228,1
-0.7713,-0.287,5,K,324(E1),V,-0.6783,4
-1.488,-0.7895,3,K,324(E1),W,-1.042,1
-2.817,-2.654,7,K,324(E1),Y,-2.545,2
0.372,0.08045,4,K,325(E1),-,,
0.07086,0.01757,11,K,325(E1),A,0.6562,4
-0.6424,-0.2243,3,K,325(E1),C,-0.5194,2
0.08371,0.02064,4,K,325(E1),D,-0.08278,2
-0.9936,-0.4128,11,K,325(E1),E,-0.9065,6
-0.7785,-0.2907,9,K,325(E1),F,0.0104,5
-0.04425,-0.01158,7,K,325(E1),G,-0.7226,3
0.6861,0.1294,7,K,325(E1),H,0.3194,4
-0.6243,-0.216,3,K,325(E1),I,,
0,0,,K,325(E1),K,0,
-0.2095,-0.05928,8,K,325(E1),L,0.3528,1
1.207,0.1839,6,K,325(E1),M,0.4649,5
0.1271,0.03072,7,K,325(E1),N,-0.2629,3
-1.643,-0.9399,8,K,325(E1),P,-0.4742,5
-0.2772,-0.08103,11,K,325(E1),Q,-0.2202,7
0.8625,0.151,8,K,325(E1),R,0.3366,3
-1.446,-0.7514,1,K,325(E1),S,,
-0.08806,-0.02353,4,K,325(E1),T,-0.1261,4
-0.1331,-0.03633,4,K,325(E1),V,-0.2651,4
-0.7591,-0.2808,5,K,325(E1),W,-0.2207,3
-1.065,-0.4583,9,K,325(E1),Y,-1.028,3
0.5199,0.1053,3,G,326(E1),-,,
-2.195,-1.619,4,G,326(E1),A,-1.697,2
-5.66,-7.021,8,G,326(E1),C,-8,1
-3.051,-3.101,28,G,326(E1),D,-3.993,2
-7.176,-7.589,4,G,326(E1),E,-8,2
-0.6037,-0.2068,8,G,326(E1),F,-0.00883,3
0,0,,G,326(E1),G,0,
-3.046,-3.09,4,G,326(E1),H,-3.377,2
-3.734,-4.457,3,G,326(E1),I,-4.769,2
-4.524,-5.829,4,G,326(E1),K,-6.554,2
-6.778,-7.506,3,G,326(E1),L,-8,1
-6.63,-7.466,4,G,326(E1),M,-8,1
-3.037,-3.074,6,G,326(E1),N,-3.253,3
-7.465,-7.632,9,G,326(E1),P,-8,4
-4.596,-5.933,5,G,326(E1),Q,-6.519,3
-6.546,-7.441,6,G,326(E1),R,-8,2
-1.314,-0.6401,6,G,326(E1),S,-3.316,1
-4.042,-5.036,4,G,326(E1),T,-5.514,2
-5.024,-6.467,5,G,326(E1),V,-7.003,3
-0.7893,-0.2963,5,G,326(E1),W,-0.4895,4
-1.153,-0.5187,4,G,326(E1),Y,-0.6863,1
-6.121,-7.279,2,K,327(E1),*,,
-0.8983,-0.356,2,K,327(E1),-,,
-1.166,-0.528,3,K,327(E1),A,-0.7819,1
-1.42,-0.7287,5,K,327(E1),C,-0.9934,2
-1.068,-0.4608,13,K,327(E1),D,-0.8054,5
-1.412,-0.7221,5,K,327(E1),E,-0.7152,1
-0.3916,-0.121,8,K,327(E1),F,0.1474,5
-0.91,-0.3627,6,K,327(E1),G,-0.4081,4
-0.9176,-0.3671,6,K,327(E1),H,-1.029,4
-0.4528,-0.1441,12,K,327(E1),I,-0.04997,5
0,0,,K,327(E1),K,0,
-0.9054,-0.36,6,K,327(E1),L,-1.491,5
0.1338,0.03224,5,K,327(E1),M,-1.069,2
-1.967,-1.31,8,K,327(E1),N,-1.101,5
0.1409,0.03383,7,K,327(E1),P,0.07206,3
-0.3664,-0.1118,4,K,327(E1),Q,,
-0.7886,-0.2959,15,K,327(E1),R,-0.02226,7
-0.1922,-0.05395,3,K,327(E1),S,0.06185,2
-1.038,-0.4407,10,K,327(E1),T,-0.6159,8
-1.03,-0.4358,4,K,327(E1),V,-0.3213,2
-1.223,-0.5693,7,K,327(E1),W,-0.761,3
0.08933,0.02197,8,K,327(E1),Y,0.0824,2
-7.811,-7.67,5,C,328(E1),*,-8,1
-0.9268,-0.3725,1,C,328(E1),-,,
-6.599,-7.457,8,C,328(E1),A,-7.127,2
0,0,,C,328(E1),C,0,
-7.74,-7.664,6,C,328(E1),D,-8,4
-7.527,-7.64,7,C,328(E1),E,-8,3
-6.093,-7.266,14,C,328(E1),F,-7.285,4
-7.649,-7.654,8,C,328(E1),G,-8,6
-6.665,-7.475,6,C,328(E1),H,-8,3
-6.213,-7.319,7,C,328(E1),I,-8,5
-4.399,-5.639,6,C,328(E1),K,-5.849,1
-7.322,-7.612,3,C,328(E1),L,-8,2
-7.144,-7.583,3,C,328(E1),M,-8,2
-5.343,-6.778,3,C,328(E1),N,-6.806,1
-6.789,-7.508,8,C,328(E1),P,-8,4
-6.922,-7.539,5,C,328(E1),Q,-8,4
-7.084,-7.572,5,C,328(E1),R,-8,2
-6.323,-7.364,17,C,328(E1),S,-8,6
-5.911,-7.174,4,C,328(E1),T,-8,3
-7.843,-7.673,9,C,328(E1),V,-8,4
-6.842,-7.521,4,C,328(E1),W,-8,3
-7.043,-7.564,20,C,328(E1),Y,-8,7
-3.452,-3.899,2,A,329(E1),*,,
-0.1426,-0.0391,1,A,329(E1),-,,
0,0,,A,329(E1),A,0,
-1.553,-0.8505,5,A,329(E1),C,-0.5274,3
-4.642,-5.997,8,A,329(E1),D,-5.781,1
-4.9,-6.327,6,A,329(E1),E,-6.375,4
-1.543,-0.8411,6,A,329(E1),F,-0.7967,5
-0.3479,-0.1052,7,A,329(E1),G,-0.4234,4
-2.089,-1.471,4,A,329(E1),H,-1.728,2
-0.6869,-0.2451,6,A,329(E1),I,-2.72,3
-6.524,-7.434,5,A,329(E1),K,-8,3
-6.472,-7.417,2,A,329(E1),L,-8,1
-3.448,-3.892,3,A,329(E1),M,-4.119,2
-3.356,-3.707,2,A,329(E1),N,-4.033,1
-2.237,-1.681,4,A,329(E1),P,-1.94,2
-6.185,-7.308,4,A,329(E1),Q,-8,4
-6.323,-7.363,6,A,329(E1),R,-8,4
-1.729,-1.031,9,A,329(E1),S,-1.566,3
-2.815,-2.65,20,A,329(E1),T,-3.011,4
-3.27,-3.534,16,A,329(E1),V,-2.883,2
-3.492,-3.98,6,A,329(E1),W,-3.834,3
-0.6864,-0.2449,2,A,329(E1),Y,-0.4859,2
-0.5295,-0.1749,3,V,330(E1),-,,
0.4334,0.09122,9,V,330(E1),A,-0.3169,2
-1.773,-1.079,8,V,330(E1),C,-0.6684,7
-7.225,-7.597,12,V,330(E1),D,-8,5
-7.173,-7.588,5,V,330(E1),E,-8,2
-1.705,-1.005,4,V,330(E1),F,,
-7.054,-7.566,7,V,330(E1),G,-8,4
-8.157,-7.698,10,V,330(E1),H,-8,3
-1.245,-0.5859,4,V,330(E1),I,-1.448,2
-6.514,-7.43,8,V,330(E1),K,-8,3
-1.62,-0.9168,9,V,330(E1),L,-1.047,3
-1.869,-1.19,26,V,330(E1),M,-0.6289,6
-7.124,-7.579,7,V,330(E1),N,-8,5
-2.548,-2.174,6,V,330(E1),P,-1.553,3
-8.005,-7.687,8,V,330(E1),Q,-8,2
-7.261,-7.603,8,V,330(E1),R,-8,4
-3.087,-3.171,4,V,330(E1),S,-3.714,1
-0.9735,-0.4005,10,V,330(E1),T,-0.8423,6
0,0,,V,330(E1),V,0,
-7.578,-7.646,12,V,330(E1),W,-8,3
-6.286,-7.349,8,V,330(E1),Y,-8,5
-0.08968,-0.02397,3,H,331(E1),-,,
-0.6701,-0.2372,7,H,331(E1),A,-0.657,3
-2.909,-2.826,8,H,331(E1),C,-3.166,5
-4.278,-5.445,6,H,331(E1),D,-4.82,3
-6.507,-7.428,6,H,331(E1),E,-8,4
-2.294,-1.765,6,H,331(E1),F,-2.343,1
-3.66,-4.313,6,H,331(E1),G,-4.742,2
0,0,,H,331(E1),H,0,
-1.487,-0.7886,6,H,331(E1),I,-1.347,1
-6.359,-7.377,4,H,331(E1),K,-8,4
-3.412,-3.819,8,H,331(E1),L,-4.367,2
-2.747,-2.525,7,H,331(E1),M,-2.849,5
-1.609,-0.905,7,H,331(E1),N,-0.867,2
-7.272,-7.604,11,H,331(E1),P,-8,5
-2.769,-2.564,19,H,331(E1),Q,-2.708,8
-5.087,-6.534,10,H,331(E1),R,-5.528,4
-2.899,-2.808,7,H,331(E1),S,-3.069,2
-2.361,-1.869,3,H,331(E1),T,,
-1.115,-0.4918,5,H,331(E1),V,-1.291,2
-3.389,-3.773,3,H,331(E1),W,-3.799,1
-0.8628,-0.3359,17,H,331(E1),Y,-1.46,2
-0.5862,-0.1991,2,S,332(E1),-,,
0.7036,0.1317,4,S,332(E1),A,-0.1999,2
-1.465,-0.7682,6,S,332(E1),C,-0.8363,3
-1.699,-0.9981,6,S,332(E1),D,-1.138,2
-2.66,-2.369,7,S,332(E1),E,-2.802,3
-6.98,-7.552,8,S,332(E1),F,-8,4
-1.62,-0.9163,11,S,332(E1),G,-0.7443,3
-3.11,-3.216,5,S,332(E1),H,-4.211,3
-3.511,-4.019,6,S,332(E1),I,-5.286,2
-4.096,-5.134,7,S,332(E1),K,-5.42,3
-5.461,-6.876,5,S,332(E1),L,-8,1
-3.705,-4.402,4,S,332(E1),M,-4.64,4
-6.761,-7.501,37,S,332(E1),N,-7.855,4
0.08345,0.02058,4,S,332(E1),P,-0.9837,1
-1.881,-1.204,5,S,332(E1),Q,-1.434,4
-3.037,-3.072,15,S,332(E1),R,-2.032,2
0,0,,S,332(E1),S,0,
0.1357,0.03266,5,S,332(E1),T,-0.1189,2
-1.261,-0.5987,5,S,332(E1),V,-4.349,1
-7.385,-7.621,7,S,332(E1),W,-8,4
-7.546,-7.642,6,S,332(E1),Y,-3.629,2
-5.556,-6.948,1,M,333(E1),*,-7.265,1
-0.6903,-0.2468,2,M,333(E1),-,,
1.281,0.1897,5,M,333(E1),A,0.2504,4
0.6596,0.1258,7,M,333(E1),C,-0.4733,2
-0.8098,-0.3071,9,M,333(E1),D,-0.66,5
-0.8048,-0.3044,8,M,333(E1),E,-0.8438,1
0.05855,0.0146,12,M,333(E1),F,-0.3196,6
3.012,0.2516,6,M,333(E1),G,-0.4258,4
-0.6666,-0.2355,8,M,333(E1),H,-0.5009,4
-0.8469,-0.3272,26,M,333(E1),I,-1.246,6
-0.686,-0.2447,5,M,333(E1),K,-0.145,4
-0.2237,-0.06374,10,M,333(E1),L,-0.7444,6
0,0,,M,333(E1),M,0,
-1.92,-1.251,5,M,333(E1),N,-1.335,1
-1.43,-0.737,4,M,333(E1),P,-0.7396,3
-0.5147,-0.1688,5,M,333(E1),Q,-1.384,2
-2.464,-2.034,1,M,333(E1),R,-2.352,1
-0.17,-0.04722,9,M,333(E1),S,-0.4584,5
0.7037,0.1317,10,M,333(E1),T,-0.4874,5
-0.6059,-0.2078,12,M,333(E1),V,-0.3095,10
-1.971,-1.316,14,M,333(E1),W,-1.93,5
-1.609,-0.9053,11,M,333(E1),Y,-0.7168,7
-3.371,-3.738,3,T,334(E1),-,,
0.4442,0.09304,23,T,334(E1),A,0.2173,6
0.3748,0.08097,5,T,334(E1),C,1.06,1
-1.787,-1.095,4,T,334(E1),D,-0.9854,2
1.589,0.2095,2,T,334(E1),E,-0.8296,1
-1.833,-1.148,5,T,334(E1),G,-2.067,2
0.1238,0.02995,5,T,334(E1),H,-0.181,2
-0.4355,-0.1374,13,T,334(E1),I,0.3406,5
1.357,0.1951,3,T,334(E1),K,0.0885,2
1.979,0.2274,7,T,334(E1),L,0.5292,4
-0.2749,-0.08026,6,T,334(E1),M,0.6263,3
2.055,0.2301,14,T,334(E1),N,-0.146,2
-0.4021,-0.1248,5,T,334(E1),P,-0.2739,4
1.382,0.1968,5,T,334(E1),Q,-0.3684,2
0.226,0.05219,6,T,334(E1),R,-0.448,4
1.081,0.1732,3,T,334(E1),S,-0.1652,1
0,0,,T,334(E1),T,0,
0.09657,0.02367,8,T,334(E1),V,-0.1963,3
-0.7282,-0.2652,7,T,334(E1),W,-0.3325,2
1.01,0.1665,5,T,334(E1),Y,-0.1247,2
-0.1475,-0.04054,2,N,335(E1),-,,
2.124,0.2324,2,N,335(E1),A,0.2052,1
-2.644,-2.34,4,N,335(E1),C,,
-1.093,-0.4772,7,N,335(E1),D,-0.7952,4
-0.1817,-0.05075,3,N,335(E1),E,0.1334,1
-0.633,-0.22,8,N,335(E1),F,-1.183,2
0.8804,0.153,5,N,335(E1),G,-0.1711,5
1.025,0.168,7,N,335(E1),H,-0.7358,2
-1.286,-0.618,8,N,335(E1),I,-0.8116,5
2.311,0.238,9,N,335(E1),K,-0.654,3
0.01965,0.004991,8,N,335(E1),L,0.1368,4
-0.7701,-0.2864,14,N,335(E1),M,-0.1829,5
0,0,,N,335(E1),N,0,
2.962,0.2509,5,N,335(E1),P,0.8554,5
-1.665,-0.9625,6,N,335(E1),Q,-1.925,4
0.0995,0.02435,5,N,335(E1),R,0.3461,2
-1.818,-1.13,4,N,335(E1),S,-1.325,2
0.6337,0.1222,3,N,335(E1),T,,
-0.5073,-0.1658,4,N,335(E1),V,0.1673,3
0.1345,0.03239,4,N,335(E1),W,-0.1321,2
-0.2109,-0.05972,9,N,335(E1),Y,-0.1386,4
-0.1896,-0.05313,2,A,336(E1),-,,
0,0,,A,336(E1),A,0,
-2.422,-1.966,6,A,336(E1),C,-1.299,2
-0.7796,-0.2913,9,A,336(E1),D,-0.671,4
0.2129,0.04948,3,A,336(E1),E,0.2641,1
-1.363,-0.6798,6,A,336(E1),F,0.1401,2
1.487,0.2036,5,A,336(E1),G,0.1569,1
0.6231,0.1207,6,A,336(E1),H,-1.282,1
-0.4785,-0.1542,10,A,336(E1),I,-0.9519,7
-0.2077,-0.05872,5,A,336(E1),K,0.1026,1
0.4024,0.08586,6,A,336(E1),L,-3.868,1
-0.06853,-0.01814,5,A,336(E1),M,0.9196,2
-4.113,-5.163,2,A,336(E1),N,-5.486,1
0.2464,0.05639,6,A,336(E1),P,-0.1196,4
-0.3733,-0.1143,5,A,336(E1),Q,,
-0.429,-0.1349,2,A,336(E1),R,-0.3916,2
1.344,0.1942,7,A,336(E1),S,0.0621,2
0.8856,0.1536,19,A,336(E1),T,0.0178,3
-1.352,-0.6709,10,A,336(E1),V,-0.1472,1
2.09,0.2313,6,A,336(E1),W,0.8984,3
1.895,0.2241,5,A,336(E1),Y,0.1728,3
-0.6688,-0.2366,2,V,337(E1),-,,
-0.5587,-0.1872,19,V,337(E1),A,-0.4019,5
-1.485,-0.7866,4,V,337(E1),C,0.1971,2
-6.653,-7.472,6,V,337(E1),D,-7.684,2
-10.04,-7.754,13,V,337(E1),E,-8,5
0.5099,0.1038,9,V,337(E1),F,-0.413,2
-6.938,-7.543,5,V,337(E1),G,-8,4
-2.018,-1.375,6,V,337(E1),H,-2.287,2
-0.4612,-0.1474,9,V,337(E1),I,-0.111,4
-6.103,-7.271,6,V,337(E1),K,-7.521,2
-0.1191,-0.03229,10,V,337(E1),L,-0.1593,3
-0.8576,-0.3331,22,V,337(E1),M,-0.1842,4
-5.382,-6.812,5,V,337(E1),N,-6.801,1
-7.279,-7.606,7,V,337(E1),P,-8,3
-3.412,-3.82,6,V,337(E1),Q,-3.694,5
-6.94,-7.543,5,V,337(E1),R,-8,3
-6.377,-7.384,10,V,337(E1),S,-7.917,5
-2.957,-2.917,3,V,337(E1),T,-3.171,1
0,0,,V,337(E1),V,0,
-3.594,-4.183,8,V,337(E1),W,-3.802,4
-2.123,-1.517,4,V,337(E1),Y,-0.3526,1
-0.6185,-0.2134,1,T,338(E1),-,,
-1.235,-0.5784,5,T,338(E1),A,-1.091,2
-2.642,-2.337,5,T,338(E1),C,-2.528,2
-1.809,-1.12,8,T,338(E1),D,-2.022,5
-1.794,-1.102,6,T,338(E1),E,-1.323,4
-2.093,-1.475,7,T,338(E1),F,-2.276,4
-1.571,-0.8676,10,T,338(E1),G,-1.112,5
-2.324,-1.812,6,T,338(E1),H,-1.839,3
-0.3708,-0.1134,13,T,338(E1),I,-0.4877,3
-7.17,-7.588,3,T,338(E1),K,-8,2
-1.61,-0.9062,6,T,338(E1),L,-1.092,3
-0.5496,-0.1833,1,T,338(E1),M,,
-0.4703,-0.1509,7,T,338(E1),N,-0.4068,2
-2.599,-2.261,6,T,338(E1),P,-2.771,3
-0.06524,-0.01724,6,T,338(E1),Q,-0.9855,3
-9.083,-7.738,3,T,338(E1),R,-8,3
0.4488,0.09381,4,T,338(E1),S,-0.2023,3
0,0,,T,338(E1),T,0,
0.9949,0.165,3,T,338(E1),V,-0.363,2
-5.387,-6.815,6,T,338(E1),W,-6.479,3
-2.68,-2.405,3,T,338(E1),Y,-2.632,2
-0.1722,-0.04789,2,I,339(E1),-,,
-0.8146,-0.3097,5,I,339(E1),A,-0.5556,4
1.24,0.1866,6,I,339(E1),C,0.4122,5
-5.846,-7.137,8,I,339(E1),D,-6.886,3
-7.235,-7.598,4,I,339(E1),E,-8,3
-1.062,-0.4562,9,I,339(E1),F,-0.7455,4
-6.423,-7.4,7,I,339(E1),G,-8,4
-6.615,-7.461,11,I,339(E1),H,-8,7
0,0,,I,339(E1),I,0,
-6.568,-7.447,9,I,339(E1),K,-7.97,8
1.31,0.1918,6,I,339(E1),L,0.1004,3
-1.952,-1.292,9,I,339(E1),M,-1.283,5
-3.057,-3.113,12,I,339(E1),N,-3.449,7
-2.538,-2.157,6,I,339(E1),P,-2.502,4
-4.366,-5.587,2,I,339(E1),Q,,
-6.802,-7.511,5,I,339(E1),R,-8,1
-3.157,-3.31,6,I,339(E1),S,-2.843,4
-0.442,-0.1399,6,I,339(E1),T,-1.037,2
-0.5237,-0.1725,7,I,339(E1),V,0.24,1
-3.098,-3.193,7,I,339(E1),W,-3.504,4
-7.225,-7.597,4,I,339(E1),Y,-8,1
-0.05198,-0.01365,2,R,340(E1),-,,
-1.259,-0.5969,8,R,340(E1),A,-0.9355,5
-2.138,-1.538,4,R,340(E1),C,-1.281,1
-6.25,-7.335,10,R,340(E1),D,-8,7
-3.349,-3.693,4,R,340(E1),E,-3.98,3
-6.372,-7.382,10,R,340(E1),F,-8,4
-4.652,-6.011,6,R,340(E1),G,-6.058,2
-2.258,-1.711,6,R,340(E1),H,-2.075,4
-4.416,-5.665,9,R,340(E1),I,-5.833,7
1.87,0.223,3,R,340(E1),K,-0.0645,2
0.3678,0.0797,4,R,340(E1),L,-0.65,1
-1.584,-0.8808,10,R,340(E1),M,-1.003,9
-4.652,-6.011,6,R,340(E1),N,-6.647,4
-7.377,-7.62,7,R,340(E1),P,-8,4
-0.3145,-0.09359,27,R,340(E1),Q,0.1469,4
0,0,,R,340(E1),R,0,
-1.94,-1.276,6,R,340(E1),S,-1.001,3
-8.07,-7.692,6,R,340(E1),T,-8,4
-6.424,-7.4,7,R,340(E1),V,-8,4
-6.043,-7.242,15,R,340(E1),W,-7.325,4
-4.73,-6.115,6,R,340(E1),Y,-6.527,5
-6.759,-7.501,5,E,341(E1),*,,
-0.05364,-0.0141,2,E,341(E1),-,,
-2.039,-1.404,2,E,341(E1),A,-1.686,1
-3.826,-4.635,9,E,341(E1),C,-5.175,3
-2.075,-1.452,8,E,341(E1),D,-1.014,4
0,0,,E,341(E1),E,0,
-4.91,-6.339,15,E,341(E1),F,-6.51,9
-2.801,-2.624,6,E,341(E1),G,-2.421,2
-2.981,-2.964,6,E,341(E1),H,-3.172,3
-3.75,-4.49,2,E,341(E1),I,-4.697,2
-3.98,-4.924,42,E,341(E1),K,-4.925,4
-4.538,-5.849,4,E,341(E1),L,-5.739,2
-4.359,-5.576,9,E,341(E1),M,-5.468,4
-2.228,-1.667,11,E,341(E1),N,-2.267,3
-5.484,-6.894,9,E,341(E1),P,-7.226,4
-0.08963,-0.02396,12,E,341(E1),Q,-0.7307,9
-3.264,-3.523,6,E,341(E1),R,-3.538,6
-3.878,-4.735,8,E,341(E1),S,-2.883,2
-2.657,-2.363,6,E,341(E1),T,-2.538,2
-2.749,-2.528,5,E,341(E1),V,-3.07,3
-6.646,-7.47,9,E,341(E1),W,-8,6
-5.294,-6.735,6,E,341(E1),Y,-6.981,4
-0.5226,-0.1721,2,A,342(E1),-,,
0,0,,A,342(E1),A,0,
-1.552,-0.8493,4,A,342(E1),C,-0.5605,3
-2.959,-2.923,4,A,342(E1),D,-2.782,3
-4.838,-6.252,4,A,342(E1),E,-5.845,1
-1.327,-0.6503,5,A,342(E1),F,-1.728,2
0.6366,0.1226,5,A,342(E1),G,-1.386,2
-0.6048,-0.2073,3,A,342(E1),H,-1.269,2
0.3691,0.07993,4,A,342(E1),I,-0.8156,3
-1.197,-0.55,1,A,342(E1),K,,
-0.7439,-0.273,5,A,342(E1),L,-0.1317,3
-0.4947,-0.1606,3,A,342(E1),M,-1.647,1
-0.8913,-0.352,4,A,342(E1),N,0.6105,2
0.5773,0.1141,8,A,342(E1),P,-0.06891,3
-3.201,-3.397,2,A,342(E1),Q,-3.566,1
-6.723,-7.491,3,A,342(E1),R,-8,2
-0.2884,-0.08474,4,A,342(E1),S,-0.1932,2
1.51,0.205,11,A,342(E1),T,-0.5168,4
-0.2699,-0.07862,33,A,342(E1),V,-1.107,5
-0.459,-0.1465,5,A,342(E1),W,-2.586,2
-1.506,-0.8058,8,A,342(E1),Y,-0.9586,3
-7.328,-7.613,8,E,343(E1),*,-8,1
-0.1605,-0.04437,2,E,343(E1),-,,
-1.29,-0.6213,10,E,343(E1),A,-0.5629,6
-2.544,-2.168,5,E,343(E1),C,-3.072,1
0.09768,0.02393,12,E,343(E1),D,0.008569,3
0,0,,E,343(E1),E,0,
-0.7431,-0.2727,5,E,343(E1),F,-0.7529,2
1.673,0.214,6,E,343(E1),G,0.9523,1
-0.9086,-0.3619,10,E,343(E1),H,-0.5558,6
-1.441,-0.7469,8,E,343(E1),I,-1.112,5
-3.106,-3.209,20,E,343(E1),K,-3.356,8
-0.3079,-0.09135,9,E,343(E1),L,-0.8771,3
0.9535,0.1608,8,E,343(E1),M,0.1986,4
-0.3173,-0.09455,14,E,343(E1),N,0.5735,7
-7.123,-7.579,4,E,343(E1),P,-8,2
-1.223,-0.5691,2,E,343(E1),Q,-0.8051,2
-0.4347,-0.1371,5,E,343(E1),R,-0.04612,3
-0.1671,-0.04634,7,E,343(E1),S,-0.2079,6
-1.327,-0.6505,4,E,343(E1),T,-0.3569,3
-0.361,-0.1099,7,E,343(E1),V,0.1526,2
-0.8126,-0.3086,8,E,343(E1),W,-0.4258,4
2.69,0.2465,8,E,343(E1),Y,0.1936,2
0.08339,0.02056,2,I,344(E1),-,,
-0.7283,-0.2653,7,I,344(E1),A,-0.3344,3
-0.4262,-0.1339,7,I,344(E1),C,-0.6649,4
-0.5361,-0.1776,6,I,344(E1),D,-0.1947,3
-0.4869,-0.1575,8,I,344(E1),E,-0.2839,4
-1.43,-0.7373,8,I,344(E1),F,-0.8667,3
-0.3039,-0.08998,6,I,344(E1),G,0.1875,4
0.2946,0.06597,4,I,344(E1),H,0.4741,1
0,0,,I,344(E1),I,0,
-1.231,-0.5757,6,I,344(E1),K,-0.8347,4
-1.52,-0.8194,4,I,344(E1),L,-1.21,4
0.2278,0.05258,4,I,344(E1),M,-0.2481,3
-0.9936,-0.4128,7,I,344(E1),N,0.1331,2
-2.283,-1.749,5,I,344(E1),P,-2.38,3
-1.206,-0.5571,2,I,344(E1),Q,-0.7956,2
-1.391,-0.7035,5,I,344(E1),R,-1.585,2
0.8017,0.144,6,I,344(E1),S,0.5153,4
-0.5828,-0.1976,4,I,344(E1),T,0.3904,3
0.2668,0.06048,8,I,344(E1),V,-0.4061,4
-1.53,-0.8281,2,I,344(E1),W,,
-2.578,-2.226,3,I,344(E1),Y,-2.521,2
-8.192,-7.7,11,E,345(E1),*,,
-0.2372,-0.06802,1,E,345(E1),-,,
-0.2337,-0.06691,6,E,345(E1),A,-0.2023,3
-0.6411,-0.2237,8,E,345(E1),C,-0.3742,5
0.004429,0.001132,7,E,345(E1),D,-0.9729,3
0,0,,E,345(E1),E,0,
2.932,0.2505,12,E,345(E1),F,0.3508,6
0.8397,0.1484,14,E,345(E1),G,0.2191,6
0.3392,0.07445,10,E,345(E1),H,-0.3148,6
-0.1913,-0.05367,7,E,345(E1),I,-0.4134,5
0.294,0.06584,44,E,345(E1),K,0.06663,12
0.2672,0.06057,7,E,345(E1),L,-0.2057,6
-1.131,-0.5029,8,E,345(E1),M,-0.3082,4
0.6996,0.1312,10,E,345(E1),N,-0.901,2
0.618,0.12,6,E,345(E1),P,-0.4663,1
0.02351,0.005961,8,E,345(E1),Q,-0.9107,4
0.1177,0.02857,9,E,345(E1),R,-1.312,3
0.6832,0.129,6,E,345(E1),S,-0.8897,3
0.2265,0.05231,7,E,345(E1),T,-0.7758,3
2.045,0.2298,11,E,345(E1),V,-1.085,5
-0.3578,-0.1087,13,E,345(E1),W,-0.06483,5
-1.289,-0.6197,9,E,345(E1),Y,-0.3858,5
0.2125,0.04938,1,V,346(E1),-,,
-1.831,-1.145,10,V,346(E1),A,-0.6222,5
-1.716,-1.017,6,V,346(E1),C,-1.471,3
-8.12,-7.695,7,V,346(E1),D,-8,4
-6.781,-7.506,6,V,346(E1),E,-8,3
-3.18,-3.356,8,V,346(E1),F,-3.567,3
-8.549,-7.719,5,V,346(E1),G,-7.963,4
-7.071,-7.57,5,V,346(E1),H,-8,2
0.4073,0.08671,8,V,346(E1),I,-0.02889,5
-7.059,-7.567,4,V,346(E1),K,-8,2
-0.7058,-0.2542,8,V,346(E1),L,-0.6853,4
-1.893,-1.219,9,V,346(E1),M,-0.7007,4
-6.359,-7.377,5,V,346(E1),N,-8,4
-4.082,-5.109,9,V,346(E1),P,-5.23,5
-12.31,-7.764,10,V,346(E1),Q,-8,3
-7.667,-7.656,6,V,346(E1),R,-8,2
-5.473,-6.885,8,V,346(E1),S,-8,3
-0.7648,-0.2836,9,V,346(E1),T,-0.2452,3
0,0,,V,346(E1),V,0,
-7.126,-7.58,4,V,346(E1),W,-8,2
-6.445,-7.407,10,V,346(E1),Y,-8,5
-6.98,-7.552,3,E,347(E1),*,,
0.4951,0.1014,1,E,347(E1),-,,
-0.1866,-0.05222,10,E,347(E1),A,-1.767,5
-0.4071,-0.1267,6,E,347(E1),C,-0.7786,3
-0.8102,-0.3074,17,E,347(E1),D,-0.2585,7
0,0,,E,347(E1),E,0,
-1.145,-0.5131,8,E,347(E1),F,-0.3266,1
-0.1127,-0.03047,15,E,347(E1),G,0.1483,5
0.5806,0.1146,8,E,347(E1),H,-0.2043,5
0.2967,0.06637,11,E,347(E1),I,0.03138,5
-0.659,-0.232,47,E,347(E1),K,-0.5622,10
-0.8082,-0.3063,4,E,347(E1),L,0.434,2
0.2647,0.06007,8,E,347(E1),M,0.3459,7
-0.7757,-0.2893,9,E,347(E1),N,0.415,6
-1.964,-1.306,7,E,347(E1),P,-1.48,4
-0.1002,-0.02693,7,E,347(E1),Q,-0.4021,3
-1.689,-0.9878,8,E,347(E1),R,-0.1889,3
-0.8723,-0.3412,6,E,347(E1),S,-0.7186,3
-0.875,-0.3428,9,E,347(E1),T,0.3193,4
-1.524,-0.8227,9,E,347(E1),V,-1.24,4
0.9675,0.1622,2,E,347(E1),W,,
-0.2339,-0.06696,8,E,347(E1),Y,-0.4506,3
-1.131,-0.5031,1,G,348(E1),-,,
0.3095,0.06884,5,G,348(E1),A,-0.0961,2
-3.617,-4.228,9,G,348(E1),C,-4.323,3
-0.9222,-0.3698,29,G,348(E1),D,-0.8298,4
1.679,0.2143,2,G,348(E1),E,-1.075,1
0.5144,0.1045,10,G,348(E1),F,-0.8243,6
0,0,,G,348(E1),G,0,
-1.138,-0.508,8,G,348(E1),H,-0.5063,7
0.118,0.02863,6,G,348(E1),I,-0.3662,3
-0.5527,-0.1847,4,G,348(E1),K,-0.8058,2
0.356,0.07755,9,G,348(E1),L,0.0828,5
-0.1794,-0.05006,7,G,348(E1),M,-0.4889,4
-0.8168,-0.3108,6,G,348(E1),N,-0.8448,3
0.08863,0.0218,6,G,348(E1),P,0.6981,2
-1.283,-0.6157,12,G,348(E1),Q,-0.4893,4
0.2457,0.05625,8,G,348(E1),R,-0.5996,5
-0.3749,-0.1149,25,G,348(E1),S,0.73,9
0.01508,0.003837,4,G,348(E1),T,0.3981,1
-0.9003,-0.3571,11,G,348(E1),V,-0.9358,3
-0.3446,-0.1041,6,G,348(E1),W,-0.07745,3
0.6639,0.1264,7,G,348(E1),Y,-0.3069,2
-0.565,-0.1899,2,N,349(E1),-,,
0.4209,0.08907,7,N,349(E1),A,0.2832,4
-2.424,-1.97,6,N,349(E1),C,-2.557,3
0.3623,0.0787,14,N,349(E1),D,0.2132,5
0.3391,0.07443,7,N,349(E1),E,0.04093,4
0.2632,0.05977,5,N,349(E1),F,-0.04881,5
-1.692,-0.9911,7,N,349(E1),G,-0.3845,3
0.23,0.05303,10,N,349(E1),H,-1.011,7
2.749,0.2476,6,N,349(E1),I,-0.149,1
0.4031,0.08599,24,N,349(E1),K,-0.3175,6
2.823,0.2488,5,N,349(E1),L,0.542,4
0.6324,0.122,7,N,349(E1),M,0.2989,4
0,0,,N,349(E1),N,0,
-0.674,-0.239,9,N,349(E1),P,-0.2364,2
0.3646,0.07911,7,N,349(E1),Q,0.2767,3
2.15,0.2333,10,N,349(E1),R,0.1221,3
-0.8656,-0.3375,11,N,349(E1),S,-0.6772,4
-0.8187,-0.3119,6,N,349(E1),T,0.05673,5
0.609,0.1187,4,N,349(E1),V,-0.391,3
-1.957,-1.297,1,N,349(E1),W,,
1.839,0.2218,7,N,349(E1),Y,-0.5464,4
-0.5614,-0.1884,1,S,350(E1),-,,
-0.2776,-0.08114,10,S,350(E1),A,-0.1839,5
-2.731,-2.496,6,S,350(E1),C,-2.732,4
3.817,0.2591,8,S,350(E1),D,0.1375,4
-0.6903,-0.2468,7,S,350(E1),E,0.02369,3
-1.318,-0.6429,5,S,350(E1),F,-1.287,3
0.107,0.02609,10,S,350(E1),G,-0.6117,4
-1.745,-1.048,5,S,350(E1),H,-1.252,2
-1.656,-0.9533,14,S,350(E1),I,-1.317,8
3.349,0.2555,7,S,350(E1),K,-0.4495,6
-0.6585,-0.2317,7,S,350(E1),L,-0.4809,4
-1.286,-0.6177,9,S,350(E1),M,-0.713,5
-0.01373,-0.003543,22,S,350(E1),N,-0.5736,4
1.451,0.2014,2,S,350(E1),P,-0.2756,1
1.709,0.2158,10,S,350(E1),Q,0.1816,4
-2.366,-1.877,6,S,350(E1),R,-2.479,1
0,0,,S,350(E1),S,0,
-1.021,-0.4302,8,S,350(E1),T,-0.8177,4
-0.9121,-0.3639,6,S,350(E1),V,-0.4188,4
0.2537,0.05788,9,S,350(E1),W,0.04875,4
1.032,0.1686,5,S,350(E1),Y,-0.1686,3
-6.338,-7.369,4,Q,351(E1),*,,
-1.496,-0.7971,1,Q,351(E1),-,,
3.49,0.2567,8,Q,351(E1),A,-0.2653,4
-1.889,-1.214,10,Q,351(E1),C,-1.934,5
2.461,0.2418,6,Q,351(E1),D,-0.04759,4
-1.44,-0.7463,8,Q,351(E1),E,-2.418,2
0.05395,0.01349,10,Q,351(E1),F,0.0866,4
-0.7427,-0.2724,5,Q,351(E1),G,0.1264,3
0.2298,0.05298,10,Q,351(E1),H,-0.02815,6
4.786,0.2628,3,Q,351(E1),I,-0.8833,2
-0.2879,-0.08459,11,Q,351(E1),K,-0.6068,4
0.07506,0.01858,7,Q,351(E1),L,-0.2915,3
-0.07425,-0.01971,6,Q,351(E1),M,0.5669,2
-0.8602,-0.3345,4,Q,351(E1),N,-0.8121,3
0.5855,0.1153,3,Q,351(E1),P,,
0,0,,Q,351(E1),Q,0,
0.3987,0.08522,10,Q,351(E1),R,0.6139,2
-1.261,-0.5984,7,Q,351(E1),S,-0.9154,4
-1.12,-0.4954,5,Q,351(E1),T,-0.5793,3
-0.9859,-0.4081,8,Q,351(E1),V,-0.5217,4
0.09628,0.0236,4,Q,351(E1),W,-1.669,1
-0.07199,-0.01909,4,Q,351(E1),Y,0.4405,1
-6.625,-7.464,1,L,352(E1),*,-8,1
0.1472,0.03524,1,L,352(E1),-,,
0.1561,0.03723,6,L,352(E1),A,-1.105,2
2.277,0.2371,4,L,352(E1),C,-2.879,2
-0.07331,-0.01945,6,L,352(E1),D,-0.1134,4
0.9273,0.1581,4,L,352(E1),E,0.2128,2
2.078,0.2309,10,L,352(E1),F,-0.5802,5
-2.043,-1.409,2,L,352(E1),G,-1.699,1
-1.349,-0.6687,9,L,352(E1),H,-0.8832,6
-1.023,-0.4315,4,L,352(E1),I,-0.4566,1
-0.6147,-0.2117,1,L,352(E1),K,,
0,0,,L,352(E1),L,0,
0.1344,0.03237,9,L,352(E1),M,-0.1066,2
-0.8981,-0.3559,5,L,352(E1),N,-0.0357,3
-3.252,-3.498,11,L,352(E1),P,-3.433,4
0.5322,0.1072,9,L,352(E1),Q,0.05343,5
0.1609,0.03828,9,L,352(E1),R,-0.9355,5
0.8477,0.1493,6,L,352(E1),S,-1.01,2
-1.008,-0.4218,4,L,352(E1),T,-0.7155,3
1.045,0.1698,7,L,352(E1),V,-0.1379,4
0.06099,0.0152,3,L,352(E1),W,0.3502,1
-0.2372,-0.06801,10,L,352(E1),Y,-0.8734,3
-7.549,-7.643,9,Q,353(E1),*,,
-5.151,-6.599,2,Q,353(E1),-,,
0.2121,0.0493,3,Q,353(E1),A,0.4686,1
-1.674,-0.9718,2,Q,353(E1),C,-1.429,1
-1.096,-0.4791,7,Q,353(E1),D,-0.6775,5
-1.304,-0.6318,7,Q,353(E1),E,-0.828,4
-0.326,-0.09755,5,Q,353(E1),F,-0.4704,1
0.5653,0.1123,3,Q,353(E1),G,0.6912,1
0.007891,0.002015,11,Q,353(E1),H,-0.4157,6
0.2123,0.04935,4,Q,353(E1),I,0.7541,1
-2.079,-1.456,4,Q,353(E1),K,-1.7,3
-0.7533,-0.2778,8,Q,353(E1),L,-0.5201,3
-1.057,-0.4529,8,Q,353(E1),M,-0.7669,5
-1.202,-0.5537,7,Q,353(E1),N,-1.274,2
0.1742,0.04119,8,Q,353(E1),P,-0.6039,4
0,0,,Q,353(E1),Q,0,
-1.494,-0.7947,7,Q,353(E1),R,-4.139,3
-0.09368,-0.02509,5,Q,353(E1),S,-0.282,3
0.7878,0.1423,6,Q,353(E1),T,0.1553,5
1.277,0.1894,7,Q,353(E1),V,0.01084,3
-1.168,-0.5289,2,Q,353(E1),W,0.5058,1
-1.844,-1.16,3,Q,353(E1),Y,-1.702,3
-0.3643,-0.111,1,I,354(E1),-,,
0.2923,0.06552,12,I,354(E1),A,-0.8137,4
2.951,0.2508,8,I,354(E1),C,0.3767,3
-6.949,-7.545,5,I,354(E1),D,,
-5.484,-6.894,4,I,354(E1),E,-7.071,2
1.848,0.2221,5,I,354(E1),F,-1.413,1
-6.728,-7.493,6,I,354(E1),G,-8,2
-7.949,-7.682,7,I,354(E1),H,-8,3
0,0,,I,354(E1),I,0,
-7.238,-7.599,5,I,354(E1),K,-8,3
-0.04612,-0.01208,3,I,354(E1),L,0.1158,1
-0.7691,-0.2859,6,I,354(E1),M,-1.665,2
-7.277,-7.605,12,I,354(E1),N,-8,3
-4.254,-5.404,4,I,354(E1),P,-5.392,2
-6.992,-7.554,3,I,354(E1),Q,-8,2
-6.44,-7.406,6,I,354(E1),R,-8,4
-2.974,-2.95,6,I,354(E1),S,-2.954,3
-0.9199,-0.3684,9,I,354(E1),T,-0.5936,3
0.1406,0.03377,4,I,354(E1),V,-0.3133,3
-5.497,-6.904,5,I,354(E1),W,-7.165,2
-3.607,-4.209,4,I,354(E1),Y,-4.46,4
-0.02124,-0.005499,1,S,355(E1),-,,
1.881,0.2235,2,S,355(E1),A,0.2209,2
-1.489,-0.7906,4,S,355(E1),C,-1.516,2
-0.8409,-0.3239,9,S,355(E1),D,-1.432,6
-1.32,-0.6445,5,S,355(E1),E,-0.4336,3
-0.9173,-0.3669,9,S,355(E1),F,-1.177,4
0.01943,0.004935,4,S,355(E1),G,-0.8597,3
0.9992,0.1654,1,S,355(E1),H,0.06792,1
-1.821,-1.134,9,S,355(E1),I,-1.392,4
0.2433,0.05575,2,S,355(E1),K,,
0.6321,0.122,8,S,355(E1),L,-0.1417,5
-0.6025,-0.2063,4,S,355(E1),M,0.1565,2
-2.527,-2.138,4,S,355(E1),N,-2.603,2
-6.11,-7.274,10,S,355(E1),P,-7.859,6
1.2,0.1834,5,S,355(E1),Q,0.3546,3
0.8578,0.1505,1,S,355(E1),R,,
0,0,,S,355(E1),S,0,
-2.195,-1.619,7,S,355(E1),T,-4.599,2
0.3186,0.07058,2,S,355(E1),V,,
-1.216,-0.5639,7,S,355(E1),W,0.1413,5
-0.1325,-0.03615,7,S,355(E1),Y,-1.159,1
-0.04176,-0.01092,1,F,356(E1),-,,
-7.771,-7.667,6,F,356(E1),A,-8,4
-6.042,-7.242,8,F,356(E1),C,-7.243,2
-5.921,-7.18,4,F,356(E1),D,-8,3
-7.388,-7.622,7,F,356(E1),E,-8,5
0,0,,F,356(E1),F,0,
-6.665,-7.475,11,F,356(E1),G,-8,8
-6.779,-7.506,8,F,356(E1),H,-8,4
-1.49,-0.7916,12,F,356(E1),I,-0.704,2
-6.435,-7.404,2,F,356(E1),K,-7.74,2
-2.017,-1.375,17,F,356(E1),L,-0.785,2
-3.029,-3.058,5,F,356(E1),M,-1.424,2
-7.01,-7.558,10,F,356(E1),N,-8,6
-6.403,-7.393,9,F,356(E1),P,-8,7
-5.484,-6.894,6,F,356(E1),Q,-6.833,3
-7.669,-7.656,8,F,356(E1),R,-8,6
-7.178,-7.589,8,F,356(E1),S,-8,1
-6.985,-7.553,7,F,356(E1),T,,
-3.448,-3.892,10,F,356(E1),V,-4.3,4
-4.52,-5.822,7,F,356(E1),W,-6.213,4
-5.634,-7.004,4,F,356(E1),Y,-7.503,2
0.2066,0.04814,1,S,357(E1),-,,
-1.935,-1.271,3,S,357(E1),A,,
-4.325,-5.522,8,S,357(E1),C,-5.666,3
-6.078,-7.259,4,S,357(E1),D,-7.921,3
-7.445,-7.63,9,S,357(E1),E,-8,5
-2.824,-2.666,9,S,357(E1),F,-2.699,4
0.1169,0.02838,6,S,357(E1),G,-3.68,2
-4.409,-5.655,9,S,357(E1),H,-6.624,6
-6.986,-7.553,3,S,357(E1),I,-8,1
-7.433,-7.628,7,S,357(E1),K,-8,3
-6.288,-7.35,12,S,357(E1),L,-8,5
-5.703,-7.05,6,S,357(E1),M,-7.42,4
-3.667,-4.327,37,S,357(E1),N,-4.101,11
-6.593,-7.455,10,S,357(E1),P,-8,3
-5.653,-7.016,5,S,357(E1),Q,-7.635,3
-7.756,-7.665,12,S,357(E1),R,-8,4
0,0,,S,357(E1),S,0,
-2.146,-1.549,10,S,357(E1),T,-2.083,3
-5.77,-7.092,7,S,357(E1),V,-6.876,2
-1.846,-1.163,7,S,357(E1),W,-1.139,5
-2.666,-2.379,4,S,357(E1),Y,-3.562,2
-2.599,-2.261,9,T,358(E1),A,-2.727,3
-5.377,-6.808,4,T,358(E1),C,-8,2
-5.968,-7.204,4,T,358(E1),D,-8,3
-9.023,-7.736,4,T,358(E1),E,-8,3
-2.797,-2.617,12,T,358(E1),F,-3.199,3
-5.042,-6.487,5,T,358(E1),G,-6.308,3
-6.657,-7.473,4,T,358(E1),H,-7.914,1
-0.1221,-0.03314,18,T,358(E1),I,-0.6655,1
-6.297,-7.354,13,T,358(E1),K,-6.701,2
-1.592,-0.8883,8,T,358(E1),L,-1.361,5
-2.068,-1.443,8,T,358(E1),M,-1.827,6
-4.12,-5.175,5,T,358(E1),N,,
-5.434,-6.855,8,T,358(E1),P,-6.761,4
-2.684,-2.411,5,T,358(E1),Q,-3.05,3
-9.467,-7.746,16,T,358(E1),R,-8,7
-2.308,-1.787,2,T,358(E1),S,-2.027,1
0,0,,T,358(E1),T,0,
-1.789,-1.097,4,T,358(E1),V,-1.355,2
-5.332,-6.769,7,T,358(E1),W,-7.263,4
-4.523,-5.827,4,T,358(E1),Y,-6.115,4
0,0,,A,359(E1),A,0,
-2.01,-1.365,9,A,359(E1),C,-1.205,5
-3.03,-3.06,3,A,359(E1),D,-3.128,1
-1.428,-0.7357,2,A,359(E1),E,,
-1.608,-0.9041,9,A,359(E1),F,-1.029,6
0.0678,0.01684,13,A,359(E1),G,0.4706,6
-1.95,-1.288,3,A,359(E1),H,-1.505,2
0.5063,0.1032,15,A,359(E1),I,-0.879,8
-2.584,-2.237,3,A,359(E1),K,,
-1.745,-1.048,6,A,359(E1),L,-1.193,4
-1.041,-0.4428,8,A,359(E1),M,-0.8354,3
-1.613,-0.909,10,A,359(E1),N,-1.041,5
1.441,0.2007,7,A,359(E1),P,0.0866,3
-0.8738,-0.3421,6,A,359(E1),Q,-0.8128,4
-0.2435,-0.07002,4,A,359(E1),R,-0.5067,2
0.1331,0.03209,7,A,359(E1),S,-0.4397,2
-1.332,-0.6544,23,A,359(E1),T,-1.141,6
-1.336,-0.6582,21,A,359(E1),V,-0.3916,2
-0.8263,-0.3159,7,A,359(E1),W,-1.097,4
-1.274,-0.6084,3,A,359(E1),Y,-0.342,2
-2.029,-1.39,5,L,360(E1),A,-0.879,1
-2.104,-1.491,7,L,360(E1),C,-1.474,2
-1.208,-0.5585,4,L,360(E1),E,-0.8619,2
1.512,0.2051,7,L,360(E1),F,-0.0389,2
-2.498,-2.09,4,L,360(E1),G,-2.35,3
0.4062,0.08652,4,L,360(E1),H,-0.3667,2
-1.849,-1.166,10,L,360(E1),I,-1.285,2
0.3179,0.07044,4,L,360(E1),K,0.4861,1
0,0,,L,360(E1),L,0,
-0.4634,-0.1482,10,L,360(E1),M,-0.05505,4
-4.311,-5.498,3,L,360(E1),N,-5.8,3
-3.338,-3.67,15,L,360(E1),P,-3.477,3
-1.338,-0.6596,6,L,360(E1),Q,-0.8206,2
0.3236,0.07152,3,L,360(E1),R,-1.773,1
-1.008,-0.4218,5,L,360(E1),S,,
-1.815,-1.127,4,L,360(E1),T,-1.287,3
-1.411,-0.7205,5,L,360(E1),V,-0.7917,3
5.491,0.264,11,L,360(E1),W,-0.3729,5
0.1765,0.04169,7,L,360(E1),Y,-0.5867,2
0,0,,A,361(E1),A,0,
-2.693,-2.428,3,A,361(E1),C,,
-2.26,-1.714,12,A,361(E1),D,-3.314,3
-1.838,-1.154,6,A,361(E1),E,-2.497,1
-1.785,-1.093,9,A,361(E1),F,-0.9633,5
-1.084,-0.4711,12,A,361(E1),G,-0.281,5
0.5864,0.1154,4,A,361(E1),H,-0.8039,2
-0.06645,-0.01757,9,A,361(E1),I,-0.2921,3
1.694,0.215,7,A,361(E1),K,-0.2035,3
-0.3661,-0.1117,5,A,361(E1),L,-0.04376,1
-1.176,-0.5346,3,A,361(E1),M,-0.8454,1
-0.3596,-0.1094,8,A,361(E1),N,-0.4892,3
-1.428,-0.7358,11,A,361(E1),P,,
-0.1179,-0.03195,4,A,361(E1),Q,-0.006165,4
0.2208,0.05112,5,A,361(E1),R,0.2524,2
-0.08523,-0.02274,8,A,361(E1),S,0.714,1
-0.2239,-0.06378,23,A,361(E1),T,-0.6171,5
-0.4659,-0.1492,26,A,361(E1),V,0.01716,7
-1.212,-0.5613,3,A,361(E1),W,-0.555,2
-2.26,-1.715,4,A,361(E1),Y,-2.421,3
-0.605,-0.2074,1,S,362(E1),-,,
-0.8897,-0.3511,5,S,362(E1),A,-0.5485,1
-3.591,-4.178,7,S,362(E1),C,-4.753,2
0.01671,0.004249,7,S,362(E1),D,-0.5694,3
0.09038,0.02221,4,S,362(E1),E,-0.26,3
0.4831,0.09946,9,S,362(E1),F,-0.2545,5
-1.831,-1.146,7,S,362(E1),G,-1.653,2
0.3565,0.07763,10,S,362(E1),H,0.5364,3
-1.563,-0.8602,11,S,362(E1),I,-0.6993,2
2.708,0.2468,5,S,362(E1),K,0.5347,2
-1.322,-0.6464,7,S,362(E1),L,-0.5214,3
-1.549,-0.8463,8,S,362(E1),M,-1.091,4
-1.182,-0.5394,19,S,362(E1),N,-0.38,3
-3.339,-3.673,5,S,362(E1),P,-3.868,3
0.4355,0.09157,8,S,362(E1),Q,-0.3458,4
0.4487,0.0938,10,S,362(E1),R,-0.3422,4
0,0,,S,362(E1),S,0,
-0.1817,-0.05074,6,S,362(E1),T,-1.236,4
-0.5595,-0.1876,8,S,362(E1),V,-0.3829,4
1.285,0.1899,3,S,362(E1),W,0.3881,1
0.07925,0.01958,2,S,362(E1),Y,-0.3288,1
-0.2885,-0.08479,1,A,363(E1),-,,
0,0,,A,363(E1),A,0,
-1.214,-0.5625,5,A,363(E1),C,-0.914,4
-3.878,-4.735,5,A,363(E1),D,-5.817,1
-2.431,-1.98,4,A,363(E1),E,-2.188,1
-0.6446,-0.2253,5,A,363(E1),F,-0.6833,2
-1.476,-0.7782,3,A,363(E1),G,-0.8468,2
-1.415,-0.7241,7,A,363(E1),H,-1.5,3
1.825,0.2211,4,A,363(E1),I,0.3053,3
-2.128,-1.525,7,A,363(E1),K,-1.651,2
-0.1304,-0.03553,5,A,363(E1),L,-0.6449,4
-1.153,-0.5185,10,A,363(E1),M,-0.8875,8
-1.401,-0.7119,3,A,363(E1),N,-0.9728,2
-0.2749,-0.08027,8,A,363(E1),P,0.3648,2
-0.0669,-0.0177,4,A,363(E1),Q,-0.5722,1
-1.787,-1.095,2,A,363(E1),R,-1.174,1
-0.5548,-0.1856,12,A,363(E1),S,-1.014,6
-0.5578,-0.1868,49,A,363(E1),T,-0.6751,10
1.536,0.2065,13,A,363(E1),V,0.6176,2
-1.88,-1.203,4,A,363(E1),W,-1.707,1
-1.45,-0.7553,1,A,363(E1),Y,-0.9913,1
-3.886,-4.75,5,E,364(E1),*,,
-0.1976,-0.05561,3,E,364(E1),-,,
-0.1794,-0.05004,10,E,364(E1),A,0.9425,2
-0.8047,-0.3044,11,E,364(E1),C,-1.027,2
0.1048,0.02558,9,E,364(E1),D,-0.3344,3
0,0,,E,364(E1),E,0,
1.33,0.1932,4,E,364(E1),F,1.387,1
1.314,0.1921,7,E,364(E1),G,0.3058,1
1.315,0.1921,5,E,364(E1),H,-0.4105,1
1.242,0.1867,5,E,364(E1),I,0.8888,2
1.048,0.1701,20,E,364(E1),K,0.1707,6
1.839,0.2217,5,E,364(E1),L,0.529,2
3.265,0.2546,3,E,364(E1),M,0.765,2
2.823,0.2488,5,E,364(E1),N,0.00672,3
0.06504,0.01617,3,E,364(E1),P,-0.1734,3
-1.136,-0.5066,3,E,364(E1),Q,,
2.729,0.2472,4,E,364(E1),R,-0.9416,2
0.4901,0.1006,6,E,364(E1),S,-0.2994,2
-0.02112,-0.005467,9,E,364(E1),T,-0.4097,7
0.09351,0.02295,8,E,364(E1),V,0.6928,4
3.421,0.2561,5,E,364(E1),W,0.5381,3
1.483,0.2033,6,E,364(E1),Y,0.7757,3
-0.8762,-0.3434,3,F,365(E1),-,,
-2.407,-1.942,8,F,365(E1),A,-0.9383,3
-5.897,-7.166,6,F,365(E1),C,-5.356,4
-5.426,-6.848,5,F,365(E1),D,-7.191,3
-6.224,-7.324,5,F,365(E1),E,-7.33,3
0,0,,F,365(E1),F,0,
-6.207,-7.317,12,F,365(E1),G,-8,7
-6.223,-7.324,5,F,365(E1),H,-7.076,2
-0.1699,-0.04719,5,F,365(E1),I,,
-6.899,-7.534,10,F,365(E1),K,-8,5
-0.5038,-0.1643,10,F,365(E1),L,-1.664,3
-0.1407,-0.03855,4,F,365(E1),M,1.25,2
-6.263,-7.34,8,F,365(E1),N,-8,4
-4.801,-6.206,3,F,365(E1),P,-6.749,2
-7.028,-7.561,7,F,365(E1),Q,-8,2
-6.437,-7.405,3,F,365(E1),R,-8,1
-7.512,-7.638,5,F,365(E1),S,-8,3
-5.506,-6.911,7,F,365(E1),T,,
0.9104,0.1563,7,F,365(E1),V,-0.1169,2
-1.218,-0.5656,4,F,365(E1),W,-1.044,2
-3.007,-3.015,4,F,365(E1),Y,-2.216,2
-1.186,-0.5421,6,R,366(E1),-,,
-1.179,-0.5371,4,R,366(E1),A,0.6884,1
-0.6424,-0.2243,6,R,366(E1),C,0.4191,3
-0.8925,-0.3527,10,R,366(E1),D,-2.856,2
-0.7708,-0.2867,9,R,366(E1),E,-0.2562,6
3.116,0.2529,7,R,366(E1),F,0.2034,4
-0.4907,-0.159,14,R,366(E1),G,-1.85,4
0.1639,0.03894,10,R,366(E1),H,-0.3559,4
-0.0235,-0.00609,6,R,366(E1),I,0.2667,3
0.1981,0.04635,22,R,366(E1),K,0.5848,2
1.411,0.1988,4,R,366(E1),L,-0.2866,1
0.5635,0.112,7,R,366(E1),M,-0.2732,4
-0.1675,-0.04647,3,R,366(E1),N,,
0.6139,0.1194,8,R,366(E1),P,0.1986,4
2.253,0.2364,3,R,366(E1),Q,0.1632,1
0,0,,R,366(E1),R,0,
0.161,0.0383,8,R,366(E1),S,-0.3887,6
1.957,0.2265,2,R,366(E1),T,,
0.1928,0.04522,9,R,366(E1),V,-0.3453,5
-1.399,-0.7102,8,R,366(E1),W,-0.9748,1
2.52,0.2431,4,R,366(E1),Y,-0.00165,2
-1.47,-0.7727,6,V,367(E1),-,,
-1.212,-0.561,9,V,367(E1),A,-0.1061,4
0.02902,0.007339,3,V,367(E1),C,,
-8.442,-7.714,5,V,367(E1),D,-8,4
-6.98,-7.552,8,V,367(E1),E,-8,4
-1.884,-1.208,6,V,367(E1),F,-1.607,6
-5.633,-7.003,11,V,367(E1),G,-7.285,6
-7.34,-7.615,10,V,367(E1),H,-8,3
-0.732,-0.2671,7,V,367(E1),I,0.1821,3
-6.866,-7.527,8,V,367(E1),K,-8,6
-0.8169,-0.3109,7,V,367(E1),L,-2.336,1
-1.309,-0.6364,9,V,367(E1),M,0.2536,3
-7.803,-7.67,9,V,367(E1),N,-8,3
-1.697,-0.9955,8,V,367(E1),P,-1.077,5
-6.961,-7.548,9,V,367(E1),Q,-8,3
-5.355,-6.789,5,V,367(E1),R,-8,1
-3.287,-3.569,4,V,367(E1),S,-3.771,2
-1.841,-1.156,4,V,367(E1),T,-0.7671,3
0,0,,V,367(E1),V,0,
-6.44,-7.406,6,V,367(E1),W,-8,3
-6.208,-7.317,5,V,367(E1),Y,-8,2
-9.177,-7.74,11,Q,368(E1),*,-8,3
-1.455,-0.7597,6,Q,368(E1),-,,
-0.9113,-0.3635,9,Q,368(E1),A,-1.147,4
-2.144,-1.547,6,Q,368(E1),C,-2.016,5
-2.519,-2.125,6,Q,368(E1),D,-2.631,4
-2.381,-1.901,6,Q,368(E1),E,-2.378,2
-2.714,-2.464,5,Q,368(E1),F,-2.99,3
0.303,0.06758,1,Q,368(E1),G,,
-1.957,-1.298,12,Q,368(E1),H,-1.406,3
0.2518,0.05748,8,Q,368(E1),I,0.3507,2
-1.083,-0.4705,9,Q,368(E1),K,-0.3299,4
0.1888,0.04435,6,Q,368(E1),L,,
0.03606,0.009089,7,Q,368(E1),M,0.1988,5
0.02521,0.006385,3,Q,368(E1),N,-0.2748,1
-7.607,-7.649,7,Q,368(E1),P,-8,3
0,0,,Q,368(E1),Q,0,
-2.811,-2.642,6,Q,368(E1),R,-3.756,1
-0.6442,-0.2251,4,Q,368(E1),S,-0.8982,2
-2.044,-1.41,4,Q,368(E1),T,-1.671,1
-2.216,-1.649,6,Q,368(E1),V,-1.71,3
-2.43,-1.979,7,Q,368(E1),W,-2.551,4
-1.312,-0.6381,5,Q,368(E1),Y,-2.181,2
0.1021,0.02496,6,V,369(E1),-,,
-1.099,-0.4813,6,V,369(E1),A,-0.7667,2
-0.1863,-0.05214,1,V,369(E1),C,-0.3432,1
-7.089,-7.573,9,V,369(E1),D,-8,3
-7.659,-7.655,6,V,369(E1),E,-8,3
-0.2669,-0.07763,7,V,369(E1),F,0.1043,2
-7.286,-7.607,3,V,369(E1),G,-8,3
-7.276,-7.605,5,V,369(E1),H,-8,3
0.5312,0.1071,11,V,369(E1),I,0.1589,5
-6.372,-7.382,6,V,369(E1),K,-8,2
2.107,0.2319,4,V,369(E1),L,-0.04765,2
-1.247,-0.5879,3,V,369(E1),M,-1.027,1
-6.286,-7.349,5,V,369(E1),N,-8,3
-7.64,-7.653,7,V,369(E1),P,-8,4
-6.975,-7.551,7,V,369(E1),Q,-8,1
-8.347,-7.709,2,V,369(E1),R,,
-4.794,-6.197,8,V,369(E1),S,-6.435,6
-0.9635,-0.3944,6,V,369(E1),T,-0.02105,2
0,0,,V,369(E1),V,0,
-6.095,-7.267,5,V,369(E1),W,-7.609,4
-7.629,-7.652,6,V,369(E1),Y,-8,3
-0.6721,-0.2381,2,C,370(E1),*,,
-3.581,-4.158,7,C,370(E1),-,,
-5.679,-7.034,5,C,370(E1),A,-4.548,2
0,0,,C,370(E1),C,0,
-3.543,-4.081,5,C,370(E1),D,-4.184,3
-9.137,-7.739,7,C,370(E1),E,-8,4
-7.371,-7.619,12,C,370(E1),F,-8,2
-3.544,-4.084,8,C,370(E1),G,-4.162,4
-5.512,-6.915,2,C,370(E1),H,-6.055,1
-6.559,-7.445,3,C,370(E1),I,-7.76,2
-5.94,-7.19,8,C,370(E1),K,-7.983,5
-5.514,-6.917,5,C,370(E1),L,-5.23,2
-7.323,-7.612,8,C,370(E1),M,-8,5
-6.175,-7.303,4,C,370(E1),N,-8,4
-5.904,-7.17,9,C,370(E1),P,-7.376,2
-7.444,-7.629,5,C,370(E1),Q,-8,2
-7.243,-7.6,13,C,370(E1),R,-8,4
-6.713,-7.489,7,C,370(E1),S,-7.806,6
-8.855,-7.731,11,C,370(E1),T,-8,6
-6.343,-7.371,4,C,370(E1),V,-7.848,2
-7.512,-7.638,7,C,370(E1),W,-8,6
-6.655,-7.473,25,C,370(E1),Y,-8,9
-0.09123,-0.02441,2,S,371(E1),-,,
-1.2,-0.5525,6,S,371(E1),A,-1.341,4
-1.792,-1.1,8,S,371(E1),C,-1.191,4
-1.798,-1.107,6,S,371(E1),D,-0.9565,3
-3.388,-3.772,5,S,371(E1),E,-4.637,1
-1.969,-1.313,2,S,371(E1),F,,
-2.034,-1.397,12,S,371(E1),G,-2.129,5
-1.076,-0.466,10,S,371(E1),H,-0.5068,6
-0.1386,-0.03791,9,S,371(E1),I,-0.6371,5
-1.984,-1.332,4,S,371(E1),K,-1.578,3
-0.2032,-0.05732,5,S,371(E1),L,0.1004,2
0.8952,0.1546,2,S,371(E1),M,-0.06595,2
-0.08888,-0.02375,13,S,371(E1),N,-0.105,3
-4.102,-5.145,3,S,371(E1),P,-3.433,1
-1.918,-1.249,4,S,371(E1),Q,-0.8769,2
-1.542,-0.84,6,S,371(E1),R,-1.284,4
0,0,,S,371(E1),S,0,
-2.232,-1.673,5,S,371(E1),T,-0.9898,1
-0.5731,-0.1934,5,S,371(E1),V,-0.5132,2
-2.64,-2.334,10,S,371(E1),W,-2.849,3
-2.163,-1.573,7,S,371(E1),Y,-1.592,4
0.6841,0.1291,1,T,372(E1),-,,
-0.679,-0.2414,6,T,372(E1),A,0.4902,4
2.491,0.2424,2,T,372(E1),C,0.4966,2
1.39,0.1974,5,T,372(E1),D,0.01836,4
0.8101,0.145,10,T,372(E1),E,-0.9966,3
1.422,0.1995,5,T,372(E1),F,-0.6817,3
-2.049,-1.417,3,T,372(E1),G,-2.525,2
-0.6333,-0.2201,9,T,372(E1),H,-0.3282,4
-1.379,-0.6939,10,T,372(E1),I,-0.6096,3
-1.144,-0.5123,5,T,372(E1),K,-0.05785,3
-1.478,-0.78,10,T,372(E1),L,-1.502,7
-2.139,-1.54,1,T,372(E1),M,-1.816,1
0.4024,0.08586,10,T,372(E1),N,-0.3111,4
-3.52,-4.035,1,T,372(E1),P,,
-0.4468,-0.1418,4,T,372(E1),Q,-0.5867,1
0.3933,0.08426,8,T,372(E1),R,-0.3335,3
2.321,0.2383,3,T,372(E1),S,0.5145,2
0,0,,T,372(E1),T,0,
-0.6047,-0.2072,4,T,372(E1),V,-0.161,2
-1.144,-0.512,4,T,372(E1),W,-1.094,2
1.888,0.2238,6,T,372(E1),Y,-0.2778,2
-6.843,-7.521,6,Q,373(E1),*,,
-0.349,-0.1056,1,Q,373(E1),-,,
0.1546,0.0369,7,Q,373(E1),A,-0.2191,6
-0.9873,-0.4089,4,Q,373(E1),C,0.2321,3
-1.417,-0.7265,7,Q,373(E1),D,-0.7079,2
1.507,0.2048,5,Q,373(E1),E,-0.9724,1
-0.6541,-0.2297,10,Q,373(E1),F,-0.7177,6
-1.39,-0.703,3,Q,373(E1),G,0.5952,2
0.3024,0.06746,10,Q,373(E1),H,-2.777,1
-0.5289,-0.1747,2,Q,373(E1),I,-0.6898,2
-3.268,-3.53,5,Q,373(E1),K,,
-0.5665,-0.1906,9,Q,373(E1),L,-0.05066,7
0.1831,0.04312,5,Q,373(E1),M,-1.345,2
-0.9913,-0.4114,11,Q,373(E1),N,-1.343,3
-0.7288,-0.2655,6,Q,373(E1),P,-0.6346,2
0,0,,Q,373(E1),Q,0,
0.1944,0.04555,9,Q,373(E1),R,-0.4449,2
-1.676,-0.9743,7,Q,373(E1),S,-2.257,3
-0.562,-0.1886,10,Q,373(E1),T,-2.081,2
-1.258,-0.596,2,Q,373(E1),V,-0.8319,2
-0.8747,-0.3426,3,Q,373(E1),W,0.5141,1
0.3123,0.06937,3,Q,373(E1),Y,-8,1
-0.05566,-0.01464,1,V,374(E1),-,,
-1.132,-0.504,8,V,374(E1),A,-0.6368,5
-0.6609,-0.2328,4,V,374(E1),C,-0.9312,3
-5.944,-7.192,11,V,374(E1),D,-7.706,7
-3.206,-3.406,6,V,374(E1),E,-3.514,2
-1.129,-0.5018,4,V,374(E1),F,-2.132,1
-1.775,-1.081,7,V,374(E1),G,-0.7899,3
-3.44,-3.876,4,V,374(E1),H,-5.126,4
-1.489,-0.7904,12,V,374(E1),I,-1.273,7
-4.704,-6.081,6,V,374(E1),K,-6.696,2
-0.07539,-0.02002,12,V,374(E1),L,-0.5655,2
-1.437,-0.7437,17,V,374(E1),M,-1.539,5
-4.017,-4.991,3,V,374(E1),N,,
-6.277,-7.346,9,V,374(E1),P,-8,3
-3.7,-4.393,5,V,374(E1),Q,0.08749,1
-4.209,-5.329,2,V,374(E1),R,,
-0.1621,-0.04484,2,V,374(E1),S,-0.3914,1
0.8041,0.1443,5,V,374(E1),T,,
0,0,,V,374(E1),V,0,
-2.554,-2.185,6,V,374(E1),W,-2.957,2
-5.873,-7.153,6,V,374(E1),Y,-5.572,2
-5.046,-6.492,1,H,375(E1),*,-6.825,1
-5.838,-7.133,2,H,375(E1),-,,
-0.5016,-0.1635,2,H,375(E1),A,-0.1529,1
-1.21,-0.56,10,H,375(E1),C,-0.5526,7
-0.6813,-0.2425,6,H,375(E1),D,-0.5906,4
-0.3386,-0.1019,6,H,375(E1),E,0.4924,3
-0.3072,-0.09111,4,H,375(E1),F,-1.297,2
1.907,0.2246,4,H,375(E1),G,0.6344,3
0,0,,H,375(E1),H,0,
-0.9262,-0.3722,7,H,375(E1),I,-0.5193,4
0.07336,0.01817,11,H,375(E1),K,0.1748,5
0.006719,0.001716,8,H,375(E1),L,-0.09142,2
-0.8209,-0.313,2,H,375(E1),M,-0.5543,1
-0.6373,-0.222,12,H,375(E1),N,-0.2065,4
-1.971,-1.316,5,H,375(E1),P,-1.237,2
0.7562,0.1384,13,H,375(E1),Q,-0.6051,3
-0.9505,-0.3865,5,H,375(E1),R,0.1972,3
0.3479,0.07606,12,H,375(E1),S,-0.09589,4
2.641,0.2456,8,H,375(E1),T,-0.6814,5
2.044,0.2298,7,H,375(E1),V,0.02547,6
-0.5417,-0.18,5,H,375(E1),W,0.3783,2
-0.008126,-0.002091,27,H,375(E1),Y,-0.0788,5
-6.765,-7.502,9,C,376(E1),*,-8,1
-6.613,-7.461,8,C,376(E1),A,-8,3
0,0,,C,376(E1),C,0,
-7.906,-7.679,13,C,376(E1),D,-8,5
-6.747,-7.498,9,C,376(E1),E,-8,5
-7.154,-7.585,6,C,376(E1),F,-8,3
-7.558,-7.644,10,C,376(E1),G,-8,6
-7.652,-7.654,11,C,376(E1),H,-8,4
-7.095,-7.574,4,C,376(E1),I,-8,2
-8.167,-7.698,13,C,376(E1),K,-8,8
-7.288,-7.607,7,C,376(E1),L,-8,3
-7.099,-7.575,4,C,376(E1),M,-8,2
-7.044,-7.564,6,C,376(E1),N,-8,2
-7.24,-7.599,7,C,376(E1),P,-8,3
-6.935,-7.542,7,C,376(E1),Q,-8,3
-6.318,-7.362,19,C,376(E1),R,-7.61,4
-8.219,-7.702,9,C,376(E1),S,-8,3
-6.642,-7.469,9,C,376(E1),T,-8,5
-6.231,-7.327,9,C,376(E1),V,-8,4
-6.465,-7.414,5,C,376(E1),W,-7.6,3
-7.771,-7.667,14,C,376(E1),Y,-8,2
0,0,,A,377(E1),A,0,
0.1418,0.03404,9,A,377(E1),C,-0.532,6
-0.9376,-0.3789,7,A,377(E1),D,-1.372,2
-1.465,-0.7683,4,A,377(E1),E,-0.5624,3
-0.486,-0.1572,4,A,377(E1),F,-0.0635,2
2.561,0.244,7,A,377(E1),G,0.3792,3
-0.3411,-0.1028,4,A,377(E1),H,0.0811,2
-0.3733,-0.1143,8,A,377(E1),I,0.1131,2
-0.4605,-0.1471,7,A,377(E1),K,-3.297,2
-0.636,-0.2214,6,A,377(E1),L,-0.9151,2
-1.759,-1.063,4,A,377(E1),M,-1.248,2
-1.106,-0.486,4,A,377(E1),N,-0.6859,2
-0.436,-0.1376,6,A,377(E1),P,-0.1743,5
0.1944,0.04555,4,A,377(E1),Q,-0.8109,3
0.5184,0.1051,4,A,377(E1),R,-0.5627,1
2.903,0.2501,11,A,377(E1),S,0.04423,5
-1.622,-0.9179,14,A,377(E1),T,-1.158,6
-0.01981,-0.005126,31,A,377(E1),V,-0.6672,5
-2.506,-2.104,3,A,377(E1),W,-2.048,3
-1.034,-0.4383,4,A,377(E1),Y,,
0,0,,A,378(E1),A,0,
-2.24,-1.684,5,A,378(E1),C,-2.136,3
-5.035,-6.48,10,A,378(E1),D,-5.683,3
-4.358,-5.574,6,A,378(E1),E,-5.457,4
-2.371,-1.885,3,A,378(E1),F,-1.982,3
0.05201,0.01301,5,A,378(E1),G,0.04952,3
-2.956,-2.917,6,A,378(E1),H,-3.101,5
-3.507,-4.009,5,A,378(E1),I,-4.224,3
4.164,0.2608,3,A,378(E1),K,-2.389,1
-2.872,-2.756,8,A,378(E1),L,-2.919,5
-0.892,-0.3524,5,A,378(E1),M,-1.3,1
-3.109,-3.214,7,A,378(E1),N,-2.667,3
-5.067,-6.514,5,A,378(E1),P,-6.788,2
-1.867,-1.188,7,A,378(E1),Q,-2.13,3
-2.35,-1.852,7,A,378(E1),R,-2.579,2
-1.559,-0.856,12,A,378(E1),S,-0.6545,4
-1.07,-0.4617,30,A,378(E1),T,-0.8811,7
-2.413,-1.951,8,A,378(E1),V,-2.378,4
-6.17,-7.301,4,A,378(E1),W,-7.575,2
-2.818,-2.656,11,A,378(E1),Y,-2.509,2
-4.648,-6.005,3,E,379(E1),*,,
-1.509,-0.8092,8,E,379(E1),A,-0.9189,2
-6.203,-7.315,6,E,379(E1),C,-7.822,4
-0.2729,-0.0796,10,E,379(E1),D,0.5073,1
0,0,,E,379(E1),E,0,
1.865,0.2228,11,E,379(E1),F,-0.03571,5
-1.545,-0.8427,13,E,379(E1),G,-0.9625,8
-0.1051,-0.02832,10,E,379(E1),H,-0.083,7
1.998,0.2281,8,E,379(E1),I,-0.1302,4
0.484,0.09961,61,E,379(E1),K,-0.1127,6
-1.409,-0.7193,7,E,379(E1),L,-0.7139,4
-0.7287,-0.2655,7,E,379(E1),M,-0.1558,5
-0.6067,-0.2081,9,E,379(E1),N,-0.6267,1
-0.8258,-0.3157,8,E,379(E1),P,-0.4974,2
0.2989,0.0668,9,E,379(E1),Q,0.05587,3
-0.2522,-0.07285,8,E,379(E1),R,-0.3524,5
0.8402,0.1485,4,E,379(E1),S,-0.9185,1
0.4869,0.1001,5,E,379(E1),T,-0.5742,3
1.023,0.1677,7,E,379(E1),V,-0.2686,4
-0.9764,-0.4022,5,E,379(E1),W,-0.7323,4
0.3629,0.07881,5,E,379(E1),Y,-0.2171,4
-1.95,-1.289,2,C,380(E1),*,,
-6.953,-7.546,6,C,380(E1),A,-8,3
0,0,,C,380(E1),C,0,
-5.237,-6.683,1,C,380(E1),D,,
-7.176,-7.589,4,C,380(E1),E,-8,2
-7.27,-7.604,10,C,380(E1),F,-8,3
-7.133,-7.581,3,C,380(E1),G,-8,2
-5.974,-7.208,6,C,380(E1),H,-7.875,3
-9.187,-7.741,9,C,380(E1),I,-8,5
-8.959,-7.734,3,C,380(E1),K,-8,1
-7.52,-7.639,7,C,380(E1),L,-8,3
-7.465,-7.632,10,C,380(E1),M,-8,4
-7.354,-7.617,5,C,380(E1),N,-8,3
-7.211,-7.595,4,C,380(E1),P,-8,2
-6.636,-7.468,3,C,380(E1),Q,,
-6.661,-7.475,9,C,380(E1),R,-8,5
-7.351,-7.616,6,C,380(E1),S,-8,1
-6.698,-7.485,3,C,380(E1),T,-8,1
-6.777,-7.505,2,C,380(E1),V,-8,1
-6.576,-7.45,2,C,380(E1),W,-8,1
-8.966,-7.735,20,C,380(E1),Y,-8,5
0.1857,0.04368,5,H,381(E1),A,-0.8819,2
-2.827,-2.673,4,H,381(E1),C,-3.145,3
-0.8008,-0.3023,7,H,381(E1),D,-0.6936,4
1.677,0.2141,5,H,381(E1),E,0.1669,3
0.9307,0.1584,3,H,381(E1),F,0.1133,1
-0.6679,-0.2361,5,H,381(E1),G,-1.335,2
0,0,,H,381(E1),H,0,
5.531,0.264,8,H,381(E1),I,0.7286,5
1.212,0.1843,7,H,381(E1),K,0.7197,2
-1.075,-0.4654,8,H,381(E1),L,-0.1548,5
0.4258,0.08991,3,H,381(E1),M,1.367,1
-0.485,-0.1568,11,H,381(E1),N,-1.154,7
-3.767,-4.523,5,H,381(E1),P,-4.787,1
1.881,0.2235,6,H,381(E1),Q,-0.1936,2
-0.6792,-0.2415,14,H,381(E1),R,1.157,3
0.8356,0.1479,3,H,381(E1),S,0.0582,2
-0.124,-0.0337,6,H,381(E1),T,-0.314,4
-1.041,-0.443,3,H,381(E1),V,-0.7186,1
-1.437,-0.7433,5,H,381(E1),W,-1.004,3
-0.3541,-0.1074,9,H,381(E1),Y,0.07153,3
-1.702,-1.001,1,P,382(E1),-,,
0.3265,0.07207,2,P,382(E1),A,-1.016,1
-7.167,-7.587,4,P,382(E1),C,-8,1
-2.985,-2.972,3,P,382(E1),D,-3.227,2
-1.025,-0.4327,3,P,382(E1),E,-1.699,1
-3.753,-4.496,7,P,382(E1),F,-5.087,3
-2.163,-1.574,4,P,382(E1),G,-2.46,1
-2.498,-2.09,10,P,382(E1),H,-2.692,2
-3.002,-3.004,7,P,382(E1),I,-3.224,6
-2.407,-1.941,3,P,382(E1),K,,
-3.185,-3.364,4,P,382(E1),L,,
-1.483,-0.7847,6,P,382(E1),M,-0.8861,2
-1.797,-1.106,3,P,382(E1),N,,
0,0,,P,382(E1),P,0,
-0.6541,-0.2297,3,P,382(E1),Q,,
-1.508,-0.8076,5,P,382(E1),R,-1.009,2
-1.44,-0.7459,5,P,382(E1),S,-0.7766,2
-0.9834,-0.4065,7,P,382(E1),T,-1.983,1
-2.452,-2.015,4,P,382(E1),V,-2.431,2
-3.553,-4.101,6,P,382(E1),W,-4.467,3
-4.433,-5.691,5,P,382(E1),Y,,
-2.005,-1.359,1,P,383(E1),-,,
-3.802,-4.59,7,P,383(E1),A,-4.734,3
-5.989,-7.215,5,P,383(E1),C,-7.464,4
-7.189,-7.591,5,P,383(E1),D,-8,2
-5.716,-7.058,8,P,383(E1),E,-7.21,3
-8.133,-7.696,4,P,383(E1),F,-8,1
-6.064,-7.253,5,P,383(E1),G,-7.592,4
-6.927,-7.54,16,P,383(E1),H,-8,3
-6.288,-7.35,3,P,383(E1),I,-8,3
-6.942,-7.543,5,P,383(E1),K,-7.956,2
-4.629,-5.979,8,P,383(E1),L,-6.843,3
-4.499,-5.792,4,P,383(E1),M,-5.875,1
-4.853,-6.271,7,P,383(E1),N,-6.333,3
0,0,,P,383(E1),P,0,
-6.171,-7.301,6,P,383(E1),Q,-7.792,4
-7.06,-7.567,5,P,383(E1),R,-8,3
-3.558,-4.112,9,P,383(E1),S,-5.093,4
-4.969,-6.407,13,P,383(E1),T,-6.707,3
-6.855,-7.524,9,P,383(E1),V,-7.902,4
-7.004,-7.557,5,P,383(E1),W,-8,3
-5.895,-7.165,3,P,383(E1),Y,-7.318,1
-5.164,-6.612,1,K,384(E1),*,,
-2.391,-1.916,1,K,384(E1),-,,
-2.132,-1.53,5,K,384(E1),A,-1.776,4
-7.033,-7.562,8,K,384(E1),C,-8,4
-2.564,-2.201,8,K,384(E1),D,-2.277,4
-1.405,-0.7157,7,K,384(E1),E,0.2686,3
-3.477,-3.95,8,K,384(E1),F,-4.357,4
-2.5,-2.093,12,K,384(E1),G,-2.776,5
-2.436,-1.989,7,K,384(E1),H,-1.975,3
-1.77,-1.075,9,K,384(E1),I,-1.429,6
0,0,,K,384(E1),K,0,
-0.3384,-0.1019,9,K,384(E1),L,-0.9969,3
-1.295,-0.6252,9,K,384(E1),M,-1.146,5
-1.54,-0.8377,15,K,384(E1),N,-1.067,3
-1.294,-0.6244,4,K,384(E1),P,-0.9895,3
0.7534,0.1381,7,K,384(E1),Q,0.2113,4
-1.325,-0.6491,8,K,384(E1),R,-0.6245,5
-2.089,-1.471,3,K,384(E1),S,-1.666,1
-1.797,-1.106,6,K,384(E1),T,-1.382,3
2.157,0.2335,6,K,384(E1),V,-0.4212,4
-5.914,-7.176,9,K,384(E1),W,-8,5
-3.61,-4.214,5,K,384(E1),Y,-4.793,1
-1.778,-1.085,1,D,385(E1),-,,
-2.198,-1.623,3,D,385(E1),A,-1.313,2
-4.874,-6.295,8,D,385(E1),C,-7.071,2
0,0,,D,385(E1),D,0,
-0.7771,-0.29,15,D,385(E1),E,0.3606,3
-2.979,-2.961,5,D,385(E1),F,-2.854,3
-2.585,-2.237,5,D,385(E1),G,-2.477,4
-2.329,-1.82,5,D,385(E1),H,-1.662,3
-1.263,-0.5996,5,D,385(E1),I,-0.8472,3
-2.255,-1.707,5,D,385(E1),K,-1.904,2
-0.495,-0.1608,9,D,385(E1),L,-1.635,3
-2.901,-2.812,5,D,385(E1),M,-2.787,3
-0.8995,-0.3567,11,D,385(E1),N,-0.896,3
-3.754,-4.497,6,D,385(E1),P,-5.025,3
-1.541,-0.8393,4,D,385(E1),Q,-0.9948,2
-2.44,-1.995,7,D,385(E1),R,-2.485,2
-2.452,-2.014,2,D,385(E1),S,-2.244,2
-1.867,-1.187,5,D,385(E1),T,-1.441,2
-1.9,-1.227,6,D,385(E1),V,-2.03,2
-2.777,-2.58,14,D,385(E1),W,-3.747,5
-3.064,-3.126,6,D,385(E1),Y,-5.338,2
-1.83,-1.144,1,H,386(E1),-,,
-4.013,-4.984,11,H,386(E1),A,-5.319,6
-7.014,-7.559,4,H,386(E1),C,-8,1
-5.48,-6.891,9,H,386(E1),D,-7.106,2
-4.821,-6.231,4,H,386(E1),E,-6.43,3
-3.743,-4.476,7,H,386(E1),F,-5.474,3
-5.016,-6.459,9,H,386(E1),G,-6.639,5
0,0,,H,386(E1),H,0,
-5.351,-6.785,6,H,386(E1),I,-6.982,3
-5.527,-6.927,3,H,386(E1),K,-7.115,3
-4.679,-6.047,3,H,386(E1),L,-6.372,1
-4.493,-5.783,11,H,386(E1),M,-6.745,5
-4.903,-6.33,16,H,386(E1),N,-6.194,4
-3.68,-4.353,8,H,386(E1),P,-4.601,2
-3.639,-4.273,5,H,386(E1),Q,-4.744,2
-4.813,-6.221,13,H,386(E1),R,-6.29,9
-4.154,-5.234,10,H,386(E1),S,-5.302,4
-4.276,-5.441,4,H,386(E1),T,-5.529,3
-4.78,-6.18,9,H,386(E1),V,-6.819,3
2.524,0.2432,3,H,386(E1),W,,
-2.649,-2.349,11,H,386(E1),Y,-2.964,1
-2.103,-1.49,1,I,387(E1),-,,
-4.591,-5.926,3,I,387(E1),A,-7.184,1
-7.454,-7.631,8,I,387(E1),C,-8,5
-6.795,-7.51,4,I,387(E1),D,-8,1
-7.133,-7.581,2,I,387(E1),E,-8,2
-4.838,-6.252,7,I,387(E1),F,-6.948,4
-6.276,-7.345,6,I,387(E1),G,-5.883,2
-4.701,-6.076,6,I,387(E1),H,-6.304,4
0,0,,I,387(E1),I,0,
-3.598,-4.191,3,I,387(E1),K,-4.68,1
-2.983,-2.969,12,I,387(E1),L,-4.196,3
-3.513,-4.022,9,I,387(E1),M,-4.364,6
-4.314,-5.503,19,I,387(E1),N,-5.917,7
-5.203,-6.65,5,I,387(E1),P,-6.976,4
-3.245,-3.485,3,I,387(E1),Q,,
-5.051,-6.496,8,I,387(E1),R,-6.835,4
-4.395,-5.634,6,I,387(E1),S,-5.859,5
-3.916,-4.807,9,I,387(E1),T,-5.299,4
-2.814,-2.648,4,I,387(E1),V,-2.871,1
-5.581,-6.967,5,I,387(E1),W,-6.741,3
-4.094,-5.13,10,I,387(E1),Y,-5.349,4
-2.333,-1.825,2,V,388(E1),-,,
-3.874,-4.727,13,V,388(E1),A,-5.103,3
-9.618,-7.749,2,V,388(E1),C,,
-6.223,-7.324,6,V,388(E1),D,-8,3
-5.671,-7.029,5,V,388(E1),E,-7.332,2
-6.321,-7.363,7,V,388(E1),F,-8,2
-5.27,-6.713,4,V,388(E1),G,-6.988,3
-4.648,-6.005,10,V,388(E1),H,-6,3
-0.1646,-0.0456,3,V,388(E1),I,,
-4.217,-5.344,9,V,388(E1),K,-5.886,3
-2.499,-2.092,9,V,388(E1),L,-0.3643,1
-2.621,-2.3,24,V,388(E1),M,-2.627,4
-4.135,-5.201,5,V,388(E1),N,-5.525,4
-6.796,-7.51,9,V,388(E1),P,-8,6
-4.934,-6.366,6,V,388(E1),Q,-6.639,4
-3.793,-4.573,4,V,388(E1),R,-6.049,2
-9.066,-7.737,5,V,388(E1),S,-8,1
-3.607,-4.209,5,V,388(E1),T,-5.356,1
0,0,,V,388(E1),V,0,
-6.417,-7.398,9,V,388(E1),W,-8,4
-5.372,-6.803,8,V,388(E1),Y,-6.527,3
-2.452,-2.015,2,N,389(E1),-,,
-3.066,-3.129,8,N,389(E1),A,-3.469,5
-7.1,-7.575,4,N,389(E1),C,-8,2
-3.106,-3.209,9,N,389(E1),D,-3.039,5
-2.444,-2.002,1,N,389(E1),E,-2.269,1
-3.411,-3.817,9,N,389(E1),F,-4.208,6
-2.567,-2.207,3,N,389(E1),G,-2.558,2
-3.172,-3.339,6,N,389(E1),H,-3.797,3
-4.518,-5.82,5,N,389(E1),I,-4.838,2
-4.289,-5.464,20,N,389(E1),K,-5.418,4
-2.752,-2.535,9,N,389(E1),L,-2.594,5
-2.873,-2.759,5,N,389(E1),M,-3,4
0,0,,N,389(E1),N,0,
-1.868,-1.189,8,N,389(E1),P,-1.739,3
-2.319,-1.804,5,N,389(E1),Q,-2.484,3
-4.282,-5.451,4,N,389(E1),R,-5.511,3
-1.6,-0.8966,8,N,389(E1),S,-1.7,4
-2.815,-2.65,9,N,389(E1),T,-3.029,8
-3.198,-3.391,6,N,389(E1),V,-4.649,4
-4.202,-5.317,5,N,389(E1),W,-5.134,3
-6.788,-7.508,3,N,389(E1),Y,-8,1
-8.526,-7.718,7,Y,390(E1),*,-8,2
-2.62,-2.298,2,Y,390(E1),-,,
-3.08,-3.158,8,Y,390(E1),A,-4.827,2
-5.333,-6.769,12,Y,390(E1),C,-6.796,4
-6.606,-7.459,7,Y,390(E1),D,-8,1
-5.199,-6.647,6,Y,390(E1),E,-6.942,4
-0.03188,-0.008294,12,Y,390(E1),F,-0.002829,3
-5.178,-6.627,7,Y,390(E1),G,-6.945,2
-1.425,-0.7326,13,Y,390(E1),H,-1.134,5
-3.973,-4.912,6,Y,390(E1),I,-6.578,2
-3.144,-3.283,9,Y,390(E1),K,-3.565,4
-3.634,-4.263,5,Y,390(E1),L,-4.543,2
-2.641,-2.336,10,Y,390(E1),M,-2.393,4
-3.545,-4.086,4,Y,390(E1),N,-6.164,1
-6.736,-7.495,11,Y,390(E1),P,-8,8
-3.167,-3.329,5,Y,390(E1),Q,-5.284,2
-1.88,-1.203,6,Y,390(E1),R,-1.445,1
-2.902,-2.814,5,Y,390(E1),S,,
-6.067,-7.254,13,Y,390(E1),T,-7.414,6
-4.629,-5.979,14,Y,390(E1),V,-6.157,6
-1.536,-0.8343,7,Y,390(E1),W,-1.038,4
0,0,,Y,390(E1),Y,0,
0.06311,0.01571,1,P,391(E1),-,,
-3.086,-3.17,13,P,391(E1),A,-3.611,8
-7.527,-7.64,7,P,391(E1),C,-8,4
-5.445,-6.863,11,P,391(E1),D,-6.956,3
-5.994,-7.218,7,P,391(E1),E,-6.915,2
-3.241,-3.478,10,P,391(E1),F,-3.83,5
-4.67,-6.035,4,P,391(E1),G,-6.196,3
-2.632,-2.32,11,P,391(E1),H,-2.226,2
-0.04764,-0.01249,4,P,391(E1),I,-1.59,1
-1.777,-1.084,4,P,391(E1),K,-1.339,1
-2.411,-1.948,14,P,391(E1),L,-2.39,7
-2.641,-2.335,8,P,391(E1),M,-4.396,2
-6.969,-7.549,10,P,391(E1),N,-8,3
0,0,,P,391(E1),P,0,
-2.293,-1.764,6,P,391(E1),Q,-1.81,2
-0.5671,-0.1908,7,P,391(E1),R,-1,4
-3.834,-4.65,11,P,391(E1),S,-4.343,3
-9.688,-7.75,21,P,391(E1),T,-8,7
-2.714,-2.466,8,P,391(E1),V,-2.43,7
-5.286,-6.728,18,P,391(E1),W,-7.258,11
-3.343,-3.681,12,P,391(E1),Y,-4.117,4
-1.683,-0.9808,2,A,392(E1),-,,
0,0,,A,392(E1),A,0,
-7.206,-7.594,7,A,392(E1),C,-8,4
-4.349,-5.561,15,A,392(E1),D,-5.984,5
-3.63,-4.255,12,A,392(E1),E,-4.625,5
-1.986,-1.335,7,A,392(E1),F,-1.796,2
-0.8182,-0.3116,12,A,392(E1),G,-0.9723,5
0.1974,0.04618,6,A,392(E1),H,-0.1447,4
-0.7438,-0.273,9,A,392(E1),I,-0.2148,5
1.96,0.2267,6,A,392(E1),K,-1.219,3
0.3922,0.08407,10,A,392(E1),L,0.4145,5
-0.09012,-0.0241,8,A,392(E1),M,-0.3667,4
0.1752,0.04142,11,A,392(E1),N,-0.6992,4
-2.783,-2.591,9,A,392(E1),P,-3.007,5
0.5844,0.1151,10,A,392(E1),Q,-0.007854,5
0.4208,0.08905,4,A,392(E1),R,0.7046,1
0.448,0.09368,27,A,392(E1),S,0.6865,10
1.753,0.2178,28,A,392(E1),T,0.03755,6
-0.1913,-0.05367,10,A,392(E1),V,-0.4715,1
-2.054,-1.423,5,A,392(E1),W,-2.352,3
2.082,0.231,9,A,392(E1),Y,-0.2877,5
-4.11,-5.159,1,S,393(E1),*,,
-0.1495,-0.04111,1,S,393(E1),-,,
0.6388,0.1229,6,S,393(E1),A,-1.167,1
-7.041,-7.564,11,S,393(E1),C,-8,4
-3.469,-3.933,4,S,393(E1),D,-3.965,2
-4.22,-5.348,5,S,393(E1),E,-5.722,4
4.005,0.2601,8,S,393(E1),F,0.1889,1
-1.08,-0.4681,8,S,393(E1),G,-1.181,5
1.798,0.22,10,S,393(E1),H,-0.8702,5
-0.3691,-0.1128,6,S,393(E1),I,-0.8896,1
1.381,0.1968,13,S,393(E1),K,-0.764,4
-0.399,-0.1237,10,S,393(E1),L,-0.6844,4
0.6397,0.123,8,S,393(E1),M,-0.1684,7
-6.834,-7.519,28,S,393(E1),N,-8,9
-2.817,-2.654,9,S,393(E1),P,-2.363,7
0.6883,0.1297,9,S,393(E1),Q,0.122,5
-1.417,-0.7257,12,S,393(E1),R,-0.9737,3
0,0,,S,393(E1),S,0,
-1.617,-0.913,6,S,393(E1),T,-1.151,1
-1.957,-1.297,10,S,393(E1),V,-1.712,4
1.695,0.2151,10,S,393(E1),W,0.1425,4
0.2861,0.06432,11,S,393(E1),Y,0.7057,6
0.1454,0.03485,1,H,394(E1),-,,
-2.188,-1.608,8,H,394(E1),A,-1.518,4
-7.313,-7.611,13,H,394(E1),C,-8,9
-4.42,-5.672,9,H,394(E1),D,-6.45,2
-4.681,-6.05,9,H,394(E1),E,-6.246,4
-0.4341,-0.1369,13,H,394(E1),F,0.07058,8
-2.003,-1.357,8,H,394(E1),G,-2.318,5
0,0,,H,394(E1),H,0,
-2.238,-1.682,9,H,394(E1),I,-1.641,3
-3.069,-3.136,6,H,394(E1),K,-3.243,4
-2.523,-2.132,11,H,394(E1),L,-2.462,6
-1.848,-1.165,12,H,394(E1),M,-1.847,5
-7.875,-7.676,16,H,394(E1),N,-8,4
-5.689,-7.041,7,H,394(E1),P,-5.682,1
-2.172,-1.587,10,H,394(E1),Q,-1.856,2
-2.147,-1.551,8,H,394(E1),R,-1.998,5
-2.107,-1.495,7,H,394(E1),S,-4.38,2
-2.458,-2.025,10,H,394(E1),T,-2.49,8
-2.078,-1.456,10,H,394(E1),V,-2.026,8
0.7132,0.133,5,H,394(E1),W,-0.1343,5
-0.3826,-0.1177,8,H,394(E1),Y,0.09676,3
-0.9403,-0.3805,3,T,395(E1),-,-0.1892,1
1.948,0.2262,7,T,395(E1),A,0.4975,2
-8.322,-7.708,10,T,395(E1),C,-8,6
-1.587,-0.8831,4,T,395(E1),D,-0.4347,1
-1.413,-0.7224,5,T,395(E1),E,-0.8915,2
0.01013,0.002584,14,T,395(E1),F,-0.2189,6
0.1651,0.03921,9,T,395(E1),G,-0.1788,6
-1.584,-0.8802,8,T,395(E1),H,-1.325,4
-0.4411,-0.1395,19,T,395(E1),I,-0.5034,7
-2.103,-1.49,6,T,395(E1),K,-1.343,3
-0.6602,-0.2326,9,T,395(E1),L,-0.2918,5
1.734,0.217,8,T,395(E1),M,0.1205,6
-0.1851,-0.05177,9,T,395(E1),N,0.0384,4
-0.8382,-0.3224,5,T,395(E1),P,-1.629,3
-0.3952,-0.1223,27,T,395(E1),Q,-0.3609,12
1.094,0.1743,9,T,395(E1),R,-1.439,4
1.056,0.1708,6,T,395(E1),S,0.6628,1
0,0,,T,395(E1),T,0,
2.449,0.2415,4,T,395(E1),V,-0.3298,2
0.5993,0.1173,4,T,395(E1),W,-0.1757,3
0.0009178,0.0002345,14,T,395(E1),Y,0.4177,8
-6.993,-7.554,1,T,396(E1),*,,
0.5562,0.1109,1,T,396(E1),-,,
-0.0745,-0.01978,12,T,396(E1),A,-0.4501,6
-6.298,-7.354,10,T,396(E1),C,-7.735,3
-1.339,-0.6603,8,T,396(E1),D,-1.417,4
1.625,0.2114,8,T,396(E1),E,-0.8761,3
0.1174,0.0285,12,T,396(E1),F,0.1793,8
0.06042,0.01506,5,T,396(E1),G,-0.3724,2
0.4236,0.08954,8,T,396(E1),H,-0.4256,3
1.524,0.2058,14,T,396(E1),I,-0.0405,5
-0.1608,-0.04445,14,T,396(E1),K,-0.9904,1
0.1832,0.04315,10,T,396(E1),L,0.01137,5
-1.408,-0.7186,8,T,396(E1),M,-0.2463,2
-1.012,-0.4246,10,T,396(E1),N,0.0826,6
-0.5886,-0.2002,12,T,396(E1),P,-1.35,5
-0.63,-0.2186,11,T,396(E1),Q,-0.6219,5
-1.809,-1.119,6,T,396(E1),R,-1.383,3
-1.273,-0.6076,4,T,396(E1),S,-0.9374,2
0,0,,T,396(E1),T,0,
1.456,0.2017,4,T,396(E1),V,-0.4615,3
-0.2338,-0.06692,14,T,396(E1),W,-0.7312,5
2.465,0.2418,2,T,396(E1),Y,1.495,1
-0.5375,-0.1782,1,L,397(E1),-,,
0.8914,0.1542,5,L,397(E1),A,0.05803,1
-4.665,-6.028,10,L,397(E1),C,-6.258,4
-1.315,-0.6406,6,L,397(E1),D,-0.9503,3
-0.9171,-0.3668,9,L,397(E1),E,-0.4865,3
1.575,0.2088,8,L,397(E1),F,0.1845,3
-2.496,-2.087,8,L,397(E1),G,-2.122,4
-0.8038,-0.3039,11,L,397(E1),H,-2.5,3
2.219,0.2354,4,L,397(E1),I,0.1443,4
-1.064,-0.4579,6,L,397(E1),K,-1.702,1
0,0,,L,397(E1),L,0,
0.8273,0.147,15,L,397(E1),M,-0.01483,5
-1.149,-0.5159,5,L,397(E1),N,-0.4292,4
-0.7306,-0.2664,7,L,397(E1),P,0.564,2
-0.9546,-0.389,12,L,397(E1),Q,-0.6293,8
-2.108,-1.496,7,L,397(E1),R,-1.509,2
-1.914,-1.245,5,L,397(E1),S,-1.798,4
-0.855,-0.3316,7,L,397(E1),T,-0.9959,1
-0.981,-0.4051,11,L,397(E1),V,-0.126,7
0.4751,0.09817,9,L,397(E1),W,-0.7901,6
0.6832,0.129,6,L,397(E1),Y,0.7477,2
-0.1582,-0.04368,1,G,398(E1),-,,
-0.1146,-0.03099,8,G,398(E1),A,-2.313,3
-7.582,-7.646,15,G,398(E1),C,-8,4
-0.7914,-0.2974,25,G,398(E1),D,-0.4438,5
1.884,0.2236,7,G,398(E1),E,-0.1831,1
-1.716,-1.016,7,G,398(E1),F,-1.117,7
0,0,,G,398(E1),G,0,
-2.81,-2.641,7,G,398(E1),H,-2.965,4
-3.154,-3.304,5,G,398(E1),I,,
-1.664,-0.9617,7,G,398(E1),K,-0.9442,3
-2.117,-1.509,6,G,398(E1),L,-2.588,3
-1.287,-0.6188,6,G,398(E1),M,-1.181,4
0.361,0.07845,8,G,398(E1),N,-0.7372,4
-2.544,-2.168,9,G,398(E1),P,-3.073,3
-0.007712,-0.001985,4,G,398(E1),Q,-0.1142,1
-2.227,-1.665,11,G,398(E1),R,-2.104,4
-0.6709,-0.2375,16,G,398(E1),S,-0.2663,4
-0.5548,-0.1856,10,G,398(E1),T,-1.135,5
-2.692,-2.425,12,G,398(E1),V,-2.705,6
-2.071,-1.447,2,G,398(E1),W,-1.664,2
-2.262,-1.717,10,G,398(E1),Y,-1.92,4
-6.621,-7.463,1,V,399(E1),*,-8,1
0.1998,0.0467,10,V,399(E1),A,-1.082,5
-5.759,-7.085,10,V,399(E1),C,-7.942,5
-1.009,-0.4227,11,V,399(E1),D,0.2738,5
0.3967,0.08485,8,V,399(E1),E,-0.2207,2
-0.4044,-0.1257,7,V,399(E1),F,,
0.3475,0.07598,13,V,399(E1),G,0.273,4
1.861,0.2227,6,V,399(E1),H,0.1445,4
2.924,0.2504,13,V,399(E1),I,0.003536,3
-2.242,-1.688,5,V,399(E1),K,-2.149,1
0.8317,0.1475,11,V,399(E1),L,-0.04122,1
-0.1935,-0.05435,29,V,399(E1),M,-0.38,6
0.6476,0.1242,9,V,399(E1),N,-0.1443,3
-1.339,-0.6605,10,V,399(E1),P,-0.5952,7
-0.1432,-0.03926,6,V,399(E1),Q,-1.111,3
-1.366,-0.6826,9,V,399(E1),R,-0.6477,6
-1.443,-0.7492,6,V,399(E1),S,-0.9329,3
1.226,0.1854,1,V,399(E1),T,0.1435,1
0,0,,V,399(E1),V,0,
3.161,0.2535,5,V,399(E1),W,0.4367,4
-0.5749,-0.1942,10,V,399(E1),Y,-1.028,2
-6.456,-7.411,44,Q,400(E1),*,-8,5
0.06441,0.01602,4,Q,400(E1),A,-2.027,1
-5.531,-6.93,7,Q,400(E1),C,-8,3
3.131,0.2531,3,Q,400(E1),D,0.2832,2
-0.2266,-0.06466,9,Q,400(E1),E,-0.3596,5
0.8432,0.1488,8,Q,400(E1),F,-0.1698,3
-1.02,-0.4292,5,Q,400(E1),G,-0.3968,2
-0.9344,-0.377,13,Q,400(E1),H,-1.652,3
-0.8213,-0.3133,4,Q,400(E1),I,0.03428,3
-1.39,-0.7031,12,Q,400(E1),K,-0.6253,5
0.03933,0.009898,11,Q,400(E1),L,-0.8698,5
-0.01221,-0.003149,7,Q,400(E1),M,0.7348,5
-0.6467,-0.2263,11,Q,400(E1),N,-0.1442,6
0.6885,0.1297,8,Q,400(E1),P,-0.01648,3
0,0,,Q,400(E1),Q,0,
-1.556,-0.8534,12,Q,400(E1),R,-4.452,2
0.2667,0.06047,9,Q,400(E1),S,-0.6614,4
-1.179,-0.5369,6,Q,400(E1),T,-0.326,3
-2.118,-1.511,3,Q,400(E1),V,,
-0.2673,-0.07776,8,Q,400(E1),W,0.4192,5
-1.196,-0.5498,7,Q,400(E1),Y,-0.8703,5
0.01921,0.004879,9,D,401(E1),A,-1.255,3
-7.479,-7.634,11,D,401(E1),C,-8,6
0,0,,D,401(E1),D,0,
-1.195,-0.5488,12,D,401(E1),E,-0.6618,3
-3.115,-3.226,13,D,401(E1),F,-3.274,8
0.2918,0.06542,6,D,401(E1),G,-0.3941,3
-1.66,-0.957,10,D,401(E1),H,-1.438,2
-4.006,-4.973,3,D,401(E1),I,-5.221,2
-2.773,-2.572,11,D,401(E1),K,-2.933,5
-2.741,-2.514,14,D,401(E1),L,-3.009,7
-1.575,-0.8722,6,D,401(E1),M,-1.017,4
-0.3986,-0.1235,62,D,401(E1),N,-0.8236,13
-0.9387,-0.3795,8,D,401(E1),P,-0.8044,5
-1.043,-0.4441,6,D,401(E1),Q,-0.3315,4
-1.926,-1.259,9,D,401(E1),R,-1.46,6
-0.678,-0.2409,10,D,401(E1),S,-0.2666,5
-1.911,-1.24,9,D,401(E1),T,-1.544,6
-2.856,-2.726,13,D,401(E1),V,-3.08,6
-1.131,-0.5031,7,D,401(E1),W,-0.1877,3
-1.963,-1.305,13,D,401(E1),Y,-2.593,5
-2.275,-1.736,1,I,402(E1),-,,
-1.667,-0.9644,6,I,402(E1),A,-1.509,4
-8.605,-7.722,7,I,402(E1),C,-8,1
-2.819,-2.658,5,I,402(E1),D,-2.146,1
-2.798,-2.619,8,I,402(E1),E,-2.364,1
0.7158,0.1333,12,I,402(E1),F,0.8394,4
-2.487,-2.071,12,I,402(E1),G,-2.165,5
-2.491,-2.079,9,I,402(E1),H,-2.357,4
0,0,,I,402(E1),I,0,
-2.619,-2.296,8,I,402(E1),K,-3.354,1
-1.21,-0.5599,10,I,402(E1),L,-1.198,5
-1.261,-0.5984,13,I,402(E1),M,-0.6603,6
-2.595,-2.254,5,I,402(E1),N,-2.376,2
-1.833,-1.147,3,I,402(E1),P,-1.405,2
-2.938,-2.882,3,I,402(E1),Q,-3.09,1
-3.088,-3.174,10,I,402(E1),R,-3.998,5
-2.895,-2.8,11,I,402(E1),S,-3.131,6
-2.317,-1.8,13,I,402(E1),T,-2.189,8
-1.092,-0.4764,9,I,402(E1),V,-0.8137,4
0.04587,0.01151,5,I,402(E1),W,-0.06255,2
-0.8905,-0.3515,6,I,402(E1),Y,-2.006,4
-3.689,-4.37,1,S,403(E1),-,,
2.165,0.2338,12,S,403(E1),A,0.1474,7
-5.858,-7.145,9,S,403(E1),C,-7.506,4
-1.523,-0.8215,10,S,403(E1),D,-1.425,6
-0.6334,-0.2202,9,S,403(E1),E,-0.3602,2
-0.1221,-0.03313,8,S,403(E1),F,0.3335,3
-0.5877,-0.1997,24,S,403(E1),G,-0.5776,7
-0.8223,-0.3138,6,S,403(E1),H,-0.03636,3
-1.117,-0.4935,10,S,403(E1),I,-1.042,2
-2.113,-1.504,10,S,403(E1),K,-1.733,5
-1.183,-0.5401,10,S,403(E1),L,-0.3036,6
-0.7039,-0.2533,12,S,403(E1),M,-0.455,6
-0.9416,-0.3812,16,S,403(E1),N,-2.526,1
-1.062,-0.4564,11,S,403(E1),P,-1.089,6
-0.3366,-0.1013,11,S,403(E1),Q,-0.07619,10
-0.7519,-0.2771,11,S,403(E1),R,-0.7085,1
0,0,,S,403(E1),S,0,
2.998,0.2514,8,S,403(E1),T,0.2502,2
0.7426,0.1367,7,S,403(E1),V,-0.9541,3
2.791,0.2483,3,S,403(E1),W,0.4434,3
2.147,0.2332,6,S,403(E1),Y,1.004,3
-0.3014,-0.08914,3,V,404(E1),-,,
-0.172,-0.04781,8,V,404(E1),A,-0.4623,2
-6.033,-7.238,5,V,404(E1),C,-8,3
-1.805,-1.115,5,V,404(E1),D,-3.143,1
0.1597,0.03801,5,V,404(E1),E,-0.1192,2
0.5882,0.1157,12,V,404(E1),F,-0.08955,10
0.5591,0.1114,2,V,404(E1),G,-0.09178,1
-1.665,-0.9621,12,V,404(E1),H,-1.328,9
-0.3131,-0.0931,7,V,404(E1),I,-0.265,4
-0.6393,-0.2229,5,V,404(E1),K,-0.5167,1
-0.1651,-0.04573,10,V,404(E1),L,,
-1.75,-1.054,23,V,404(E1),M,-1.672,7
-0.8941,-0.3536,5,V,404(E1),N,-0.4648,4
-3.153,-3.3,9,V,404(E1),P,-3.934,3
-1.914,-1.244,3,V,404(E1),Q,-1.496,2
-0.5601,-0.1878,7,V,404(E1),R,-0.1363,3
1.222,0.1851,5,V,404(E1),S,-0.8281,2
-1.288,-0.6191,10,V,404(E1),T,-0.8009,7
0,0,,V,404(E1),V,0,
-0.6867,-0.2451,8,V,404(E1),W,-1.149,6
1.569,0.2084,6,V,404(E1),Y,-0.8118,4
-1.301,-0.6294,4,T,405(E1),-,,
0.1891,0.04442,12,T,405(E1),A,0.07595,5
-9.315,-7.743,11,T,405(E1),C,-7.387,4
-1.205,-0.556,4,T,405(E1),D,-0.6602,2
-0.2986,-0.08818,6,T,405(E1),E,0.5207,1
1.241,0.1866,6,T,405(E1),F,0.2471,4
-1.983,-1.331,10,T,405(E1),G,-1.752,2
-2.127,-1.523,6,T,405(E1),H,-2.124,3
0.4446,0.0931,11,T,405(E1),I,-0.2447,4
-1.709,-1.009,8,T,405(E1),K,-0.5391,2
2.821,0.2488,7,T,405(E1),L,0.1578,3
-0.06683,-0.01768,10,T,405(E1),M,1.479,1
-1.534,-0.8321,15,T,405(E1),N,-1.696,5
-2.09,-1.472,8,T,405(E1),P,-1.662,4
1.003,0.1657,9,T,405(E1),Q,0.249,6
0.5182,0.1051,10,T,405(E1),R,-0.3443,5
-1.033,-0.4379,10,T,405(E1),S,-0.6958,6
0,0,,T,405(E1),T,0,
2.835,0.249,5,T,405(E1),V,-0.5031,1
3.59,0.2575,9,T,405(E1),W,0.6609,5
0.5153,0.1046,8,T,405(E1),Y,0.05746,5
0.06663,0.01656,3,A,406(E1),-,,
0,0,,A,406(E1),A,0,
-6.622,-7.463,16,A,406(E1),C,-8,9
-2.26,-1.714,20,A,406(E1),D,-1.328,5
-2.232,-1.672,4,A,406(E1),E,-1.867,4
-1.065,-0.4583,9,A,406(E1),F,-0.257,5
-1.95,-1.289,7,A,406(E1),G,-1.675,4
-0.4073,-0.1268,1,A,406(E1),H,,
1.8,0.22,12,A,406(E1),I,-0.2374,6
-2.805,-2.631,15,A,406(E1),K,-3.091,6
0.2662,0.06038,9,A,406(E1),L,0.1142,4
0.5182,0.1051,8,A,406(E1),M,-0.3381,5
-2.322,-1.809,10,A,406(E1),N,-2,4
-1.596,-0.8924,3,A,406(E1),P,,
-1.574,-0.8704,9,A,406(E1),Q,-1.442,4
-2.715,-2.467,8,A,406(E1),R,-2.31,4
-2.195,-1.62,11,A,406(E1),S,-1.48,8
-0.5201,-0.171,32,A,406(E1),T,-0.58,1
-0.04998,-0.01312,12,A,406(E1),V,0.312,4
-1.67,-0.9672,7,A,406(E1),W,-1.066,2
-1.688,-0.986,6,A,406(E1),Y,-1.359,4
0.01648,0.004191,4,M,407(E1),-,,
-1.794,-1.103,6,M,407(E1),A,-0.8897,1
-5.095,-6.543,6,M,407(E1),C,-6.427,3
-1.607,-0.9029,7,M,407(E1),D,-1.498,6
-1.473,-0.7758,5,M,407(E1),E,-0.04039,1
1.747,0.2176,5,M,407(E1),F,-1.573,1
-1.343,-0.6635,9,M,407(E1),G,-0.9307,4
-2.128,-1.525,9,M,407(E1),H,-1.768,6
-0.7071,-0.2549,28,M,407(E1),I,0.1385,3
-1.895,-1.221,4,M,407(E1),K,,
-0.2046,-0.05776,11,M,407(E1),L,0.5796,4
0,0,,M,407(E1),M,0,
-2.013,-1.37,6,M,407(E1),N,-1.863,5
-1.903,-1.231,5,M,407(E1),P,-1.427,3
-1.364,-0.6806,13,M,407(E1),Q,-1.471,5
-0.2263,-0.06455,2,M,407(E1),R,-0.9236,2
-1.629,-0.9254,5,M,407(E1),S,-0.742,4
-1.407,-0.7173,12,M,407(E1),T,-0.9045,8
0.854,0.1501,6,M,407(E1),V,0.1403,2
1.277,0.1894,7,M,407(E1),W,0.3576,4
0.6061,0.1183,8,M,407(E1),Y,-0.295,3
-0.5748,-0.1941,4,S,408(E1),-,,
2.902,0.2501,5,S,408(E1),A,0.5974,2
-2.784,-2.592,16,S,408(E1),C,-2.494,8
3.986,0.26,6,S,408(E1),D,-0.1775,3
1.344,0.1942,5,S,408(E1),E,0.5814,1
-0.0584,-0.01538,4,S,408(E1),F,0.3938,3
0.3521,0.07682,21,S,408(E1),G,-0.1612,9
-1.929,-1.262,5,S,408(E1),H,-1.73,2
-1.21,-0.5599,9,S,408(E1),I,-1.135,3
1.547,0.2072,8,S,408(E1),K,0.7756,3
3.242,0.2544,5,S,408(E1),L,0.3783,4
0.114,0.02771,10,S,408(E1),M,0.3802,7
-0.6345,-0.2207,22,S,408(E1),N,0.4334,3
-0.8157,-0.3103,11,S,408(E1),P,-1.958,3
-1.279,-0.6123,5,S,408(E1),Q,-0.1587,3
0.5627,0.1119,19,S,408(E1),R,0.1325,6
0,0,,S,408(E1),S,0,
0.3514,0.07671,2,S,408(E1),T,,
-1.304,-0.6322,8,S,408(E1),V,-0.2608,4
0.9772,0.1632,4,S,408(E1),W,0.9775,2
-0.5682,-0.1913,9,S,408(E1),Y,-0.5863,4
-7.189,-7.591,41,W,409(E1),*,-8,4
-1.536,-0.8342,4,W,409(E1),-,,
-0.2931,-0.08632,4,W,409(E1),A,-1.293,3
-5.656,-7.019,15,W,409(E1),C,-6.977,6
-2.048,-1.415,4,W,409(E1),D,-1.978,1
-1.459,-0.763,5,W,409(E1),E,-0.8098,3
-0.9419,-0.3814,5,W,409(E1),F,-0.5385,3
-2.293,-1.764,4,W,409(E1),G,-1.964,3
-2.208,-1.638,8,W,409(E1),H,-2.16,6
-2.203,-1.631,5,W,409(E1),I,,
-2.652,-2.354,9,W,409(E1),K,-2.591,3
-0.2379,-0.06825,11,W,409(E1),L,-0.9671,3
-0.07027,-0.01862,13,W,409(E1),M,-0.488,4
-1.753,-1.057,3,W,409(E1),N,-1.504,3
-2.844,-2.704,7,W,409(E1),P,-3.192,4
-2.837,-2.691,9,W,409(E1),Q,-2.795,6
-3.166,-3.327,10,W,409(E1),R,-4.155,4
-2.08,-1.459,5,W,409(E1),S,-1.48,1
-2.731,-2.496,8,W,409(E1),T,-2.247,1
-2.715,-2.466,6,W,409(E1),V,-2.705,4
0,0,,W,409(E1),W,0,
-1.079,-0.4679,3,W,409(E1),Y,0.8254,1
0.05842,0.01457,5,V,410(E1),-,,
-0.05033,-0.01321,9,V,410(E1),A,0.1979,4
-3.993,-4.948,7,V,410(E1),C,-5.629,5
-2.734,-2.502,11,V,410(E1),D,-2.679,3
-1.088,-0.4739,6,V,410(E1),E,0.009272,1
0.2133,0.04955,7,V,410(E1),F,-0.3173,3
-2.097,-1.482,8,V,410(E1),G,-2.196,1
-3.457,-3.909,3,V,410(E1),H,-5.684,1
0.5562,0.1109,6,V,410(E1),I,-0.789,3
-1.862,-1.182,4,V,410(E1),K,-1.234,2
0.6034,0.1179,12,V,410(E1),L,-0.5246,4
-0.8938,-0.3534,13,V,410(E1),M,-0.7366,2
-2.327,-1.816,10,V,410(E1),N,-2.307,7
-2.056,-1.426,5,V,410(E1),P,-4.92,2
-3.401,-3.798,2,V,410(E1),Q,-4.384,1
-2.881,-2.773,9,V,410(E1),R,-3.442,6
-1.5,-0.8003,7,V,410(E1),S,-1.353,4
-1.215,-0.5637,9,V,410(E1),T,-0.8629,6
0,0,,V,410(E1),V,0,
-2.244,-1.69,3,V,410(E1),W,-1.03,1
-0.1668,-0.04624,5,V,410(E1),Y,-1.255,2
-5.464,-6.879,30,Q,411(E1),*,-6.674,5
1.118,0.1765,5,Q,411(E1),-,,
-0.9412,-0.381,5,Q,411(E1),A,-1.242,3
-5.936,-7.188,15,Q,411(E1),C,-8,6
-1.978,-1.324,7,Q,411(E1),D,-3.355,2
-1.028,-0.4345,10,Q,411(E1),E,-0.8041,5
-0.312,-0.09272,8,Q,411(E1),F,-0.8393,3
-1.274,-0.6081,5,Q,411(E1),G,-1.041,1
-0.354,-0.1074,19,Q,411(E1),H,-0.2865,8
-1.244,-0.5854,10,Q,411(E1),I,-1.217,5
0.5589,0.1113,14,Q,411(E1),K,0.2938,8
-1.707,-1.007,11,Q,411(E1),L,-0.8738,9
0.1334,0.03214,8,Q,411(E1),M,-0.2423,4
-0.9347,-0.3772,6,Q,411(E1),N,-1.325,3
-0.7483,-0.2753,4,Q,411(E1),P,0.05839,1
0,0,,Q,411(E1),Q,0,
0.4212,0.08912,7,Q,411(E1),R,0.253,2
1.861,0.2227,4,Q,411(E1),S,0.8425,1
1.637,0.2121,3,Q,411(E1),T,0.8566,1
-1.497,-0.7973,9,Q,411(E1),V,-1.802,4
-1.95,-1.289,9,Q,411(E1),W,-1.869,4
0.9629,0.1618,5,Q,411(E1),Y,-0.4471,2
0.6814,0.1288,5,K,412(E1),-,,
0.2551,0.05815,5,K,412(E1),A,-2.31,1
-4.291,-5.466,13,K,412(E1),C,-5.082,7
-1.484,-0.7854,10,K,412(E1),D,-1.102,5
-0.8769,-0.3438,8,K,412(E1),E,-0.6251,4
-3.133,-3.263,11,K,412(E1),F,-2.804,1
-1.152,-0.5179,6,K,412(E1),G,-0.7425,5
-0.1208,-0.03277,11,K,412(E1),H,-0.5371,4
-3.262,-3.519,8,K,412(E1),I,-3.324,3
0,0,,K,412(E1),K,0,
-3.246,-3.487,5,K,412(E1),L,-3.977,2
-2.603,-2.268,7,K,412(E1),M,-3.292,2
-1.229,-0.5739,12,K,412(E1),N,-0.7673,8
-0.5005,-0.163,6,K,412(E1),P,-0.2761,3
0.4957,0.1015,9,K,412(E1),Q,-0.3007,3
2.701,0.2467,9,K,412(E1),R,-0.5024,6
0.9433,0.1598,6,K,412(E1),S,0.1335,3
-1.755,-1.059,17,K,412(E1),T,-2.06,7
-2.427,-1.974,7,K,412(E1),V,-2.488,4
-2.556,-2.188,5,K,412(E1),W,-2.866,2
-2.062,-1.435,6,K,412(E1),Y,,
4.114,0.2606,3,I,413(E1),-,,
-1.529,-0.8273,5,I,413(E1),A,-0.9053,3
-4.597,-5.935,4,I,413(E1),C,-6.223,3
-4.703,-6.079,5,I,413(E1),D,-6.767,3
-4.626,-5.974,6,I,413(E1),E,-6.249,6
-1.623,-0.919,5,I,413(E1),F,-2.293,2
-2.414,-1.953,7,I,413(E1),G,-2.864,3
-2.79,-2.604,7,I,413(E1),H,-3.017,3
0,0,,I,413(E1),I,0,
-3.381,-3.756,7,I,413(E1),K,-4.004,5
0.9716,0.1627,7,I,413(E1),L,-0.7751,4
-1.688,-0.9869,9,I,413(E1),M,-0.9839,4
-4.506,-5.802,3,I,413(E1),N,,
-3.247,-3.489,7,I,413(E1),P,-3.8,3
-3.289,-3.573,7,I,413(E1),Q,-4.184,5
-3.351,-3.698,8,I,413(E1),R,-3.987,4
-2.528,-2.141,7,I,413(E1),S,-2.359,4
-1.871,-1.193,6,I,413(E1),T,-0.8864,2
-0.5951,-0.203,13,I,413(E1),V,-0.6931,6
-0.3691,-0.1128,8,I,413(E1),W,-0.4095,4
-1.287,-0.6185,4,I,413(E1),Y,-2.488,2
-0.8227,-0.314,4,T,414(E1),-,,
-0.4512,-0.1434,14,T,414(E1),A,-0.6188,4
-1.993,-1.343,9,T,414(E1),C,-2.208,2
-3.062,-3.122,3,T,414(E1),D,-3.008,2
-2.282,-1.747,4,T,414(E1),E,-1.912,2
0.5045,0.1029,4,T,414(E1),F,0.6425,1
1.485,0.2034,11,T,414(E1),G,0.2192,6
-2.409,-1.945,7,T,414(E1),H,-2.088,4
-2.028,-1.389,8,T,414(E1),I,-2.696,2
-1.395,-0.7074,18,T,414(E1),K,-1.64,6
-2.328,-1.818,13,T,414(E1),L,-2.282,6
-0.6827,-0.2432,8,T,414(E1),M,-1.388,4
-1.366,-0.6825,6,T,414(E1),N,-1.332,4
-2.293,-1.764,5,T,414(E1),P,-2.737,3
-2.004,-1.358,7,T,414(E1),Q,-2.018,4
-1.887,-1.211,7,T,414(E1),R,-1.606,4
1.865,0.2228,4,T,414(E1),S,-0.1153,3
0,0,,T,414(E1),T,0,
-1.295,-0.6245,10,T,414(E1),V,-1.798,3
-1.567,-0.864,7,T,414(E1),W,-1.02,5
0.5005,0.1023,8,T,414(E1),Y,0.0048,4
-1.929,-1.262,4,G,415(E1),-,,
-3.098,-3.192,2,G,415(E1),A,-3.378,1
-4.35,-5.562,19,G,415(E1),C,-5.634,3
-3.271,-3.536,15,G,415(E1),D,-3.94,7
-3.636,-4.266,12,G,415(E1),E,-4.414,9
-3.065,-3.129,10,G,415(E1),F,-3.417,3
0,0,,G,415(E1),G,0,
-2.026,-1.386,10,G,415(E1),H,-2.15,6
-4.154,-5.235,8,G,415(E1),I,-5.208,7
-2.058,-1.428,3,G,415(E1),K,-1.978,1
-4.094,-5.129,8,G,415(E1),L,-5.573,2
-3.669,-4.331,8,G,415(E1),M,-4.256,3
-2.225,-1.662,5,G,415(E1),N,-1.743,3
-2.391,-1.916,10,G,415(E1),P,-1.962,6
-2.605,-2.272,5,G,415(E1),Q,-2.5,1
-2.289,-1.758,8,G,415(E1),R,-1.71,4
-1.317,-0.6425,26,G,415(E1),S,-1.034,10
-2.264,-1.72,7,G,415(E1),T,-1.879,6
-3.711,-4.413,10,G,415(E1),V,-4.617,5
-2.866,-2.745,9,G,415(E1),W,-2.906,7
-2.854,-2.722,11,G,415(E1),Y,-4.274,4
-3.76,-4.508,3,G,416(E1),*,,
-0.1538,-0.04239,5,G,416(E1),-,,
-2.175,-1.59,4,G,416(E1),A,-1.968,3
-2.846,-2.708,7,G,416(E1),C,-3.006,1
-2.305,-1.783,10,G,416(E1),D,-2.973,3
-1.444,-0.7499,26,G,416(E1),E,-1.674,5
-2.531,-2.145,7,G,416(E1),F,-2.467,3
0,0,,G,416(E1),G,0,
-2.156,-1.563,12,G,416(E1),H,-2.151,4
-3.39,-3.776,9,G,416(E1),I,-4.01,4
-0.3443,-0.104,9,G,416(E1),K,-1.693,5
-2.806,-2.633,16,G,416(E1),L,-3.181,9
-3.182,-3.36,10,G,416(E1),M,-3.626,4
-2.019,-1.377,4,G,416(E1),N,-1.645,2
-2.208,-1.638,4,G,416(E1),P,-2.06,3
-1.46,-0.764,8,G,416(E1),Q,-0.793,6
-1.104,-0.4846,43,G,416(E1),R,-1.415,6
0.1147,0.02788,9,G,416(E1),S,-0.6301,4
-0.6623,-0.2335,6,G,416(E1),T,-0.9432,4
-3.113,-3.223,5,G,416(E1),V,-3.282,2
-2.822,-2.663,9,G,416(E1),W,-6.899,3
-2.46,-2.027,10,G,416(E1),Y,-2.386,8
-6.569,-7.448,2,V,417(E1),-,,
-0.7884,-0.2958,11,V,417(E1),A,-1.192,6
-2.294,-1.766,9,V,417(E1),C,-1.79,3
-3.396,-3.787,13,V,417(E1),D,-4.135,3
-3.078,-3.153,6,V,417(E1),E,-3.829,2
1.177,0.1814,9,V,417(E1),F,0.3163,3
-0.1296,-0.0353,8,V,417(E1),G,-1.371,2
-2.875,-2.761,5,V,417(E1),H,-3.134,3
-0.1532,-0.04221,15,V,417(E1),I,-0.4117,4
-2.258,-1.712,5,V,417(E1),K,-2.082,3
-1.371,-0.687,8,V,417(E1),L,-1.178,3
-1.204,-0.5555,8,V,417(E1),M,-1.041,4
-2.27,-1.729,6,V,417(E1),N,-2.118,2
-2.493,-2.082,5,V,417(E1),P,-1.964,3
-2.209,-1.639,6,V,417(E1),Q,-2.279,3
-3.348,-3.692,7,V,417(E1),R,-3.158,5
-1.538,-0.8362,4,V,417(E1),S,-1.632,3
-0.6813,-0.2425,8,V,417(E1),T,-0.3474,4
0,0,,V,417(E1),V,0,
-1.254,-0.5927,8,V,417(E1),W,-0.5421,4
-1.308,-0.6354,10,V,417(E1),Y,-0.5497,5
-7.871,-7.676,7,G,418(E1),*,0.2035,1
1.233,0.1859,1,G,418(E1),-,,
-1.66,-0.9572,8,G,418(E1),A,-1.391,3
-2.546,-2.171,8,G,418(E1),C,-2.81,5
-5.256,-6.7,8,G,418(E1),D,-6.012,2
-4.775,-6.173,24,G,418(E1),E,-6.773,5
-1.355,-0.6737,9,G,418(E1),F,-0.9428,6
0,0,,G,418(E1),G,0,
-4.075,-5.095,7,G,418(E1),H,-5.351,4
-1.688,-0.9864,10,G,418(E1),I,-0.9269,4
-3.637,-4.268,9,G,418(E1),K,-4.261,5
-3.33,-3.654,8,G,418(E1),L,-3.67,3
-2.709,-2.456,14,G,418(E1),M,-2.261,6
-3.672,-4.338,6,G,418(E1),N,-5.863,1
-1.63,-0.9267,11,G,418(E1),P,-1.167,6
-5.737,-7.072,9,G,418(E1),Q,-8,5
-4.856,-6.274,55,G,418(E1),R,-6.713,14
-1.813,-1.124,7,G,418(E1),S,-1.67,5
-2.287,-1.755,8,G,418(E1),T,-1.887,4
-0.5347,-0.1771,14,G,418(E1),V,,
-3.249,-3.493,8,G,418(E1),W,-3.205,2
-3.496,-3.989,10,G,418(E1),Y,-4.333,1
3.569,0.2574,7,L,419(E1),A,,
-0.3909,-0.1207,7,L,419(E1),C,-0.9284,2
-6.883,-7.53,8,L,419(E1),D,-6.962,2
-2.964,-2.932,7,L,419(E1),E,-3.025,5
1.738,0.2172,6,L,419(E1),F,0.06638,6
0.7802,0.1414,6,L,419(E1),G,1.433,2
-2.66,-2.368,5,L,419(E1),H,-2.62,4
-0.5303,-0.1753,9,L,419(E1),I,0.07599,1
-2.087,-1.468,10,L,419(E1),K,-2.01,5
0,0,,L,419(E1),L,0,
0.1436,0.03445,16,L,419(E1),M,0.1722,6
-2.228,-1.667,6,L,419(E1),N,-2.145,4
-1.764,-1.068,7,L,419(E1),P,-4.371,1
-2.407,-1.942,10,L,419(E1),Q,-1.97,6
-1.149,-0.516,5,L,419(E1),R,-1.103,3
1.419,0.1993,8,L,419(E1),S,0.4238,3
1.187,0.1823,4,L,419(E1),T,0.9152,3
1.314,0.1921,6,L,419(E1),V,0.3279,3
0.281,0.0633,8,L,419(E1),W,-1.072,3
-0.2979,-0.08796,8,L,419(E1),Y,-0.1928,3
0.6462,0.124,2,V,420(E1),-,,
1.119,0.1766,4,V,420(E1),A,-0.5129,2
-0.9629,-0.394,8,V,420(E1),C,-1.142,3
-6.054,-7.248,4,V,420(E1),D,,
-2.956,-2.917,7,V,420(E1),E,-2.885,4
-2.688,-2.419,2,V,420(E1),F,-2.915,1
-0.3421,-0.1032,2,V,420(E1),G,-0.09751,1
-3.094,-3.184,3,V,420(E1),H,-3.563,3
0.2367,0.05441,3,V,420(E1),I,0.4839,2
-2.733,-2.5,5,V,420(E1),K,-2.708,2
-0.7554,-0.2789,7,V,420(E1),L,0.2932,3
-0.08358,-0.02228,19,V,420(E1),M,-1.326,3
-2.703,-2.445,3,V,420(E1),N,-2.822,1
-0.756,-0.2792,2,V,420(E1),P,,
-3.447,-3.89,5,V,420(E1),Q,-3.996,3
-2.619,-2.296,3,V,420(E1),R,-2.481,1
-0.06331,-0.01672,4,V,420(E1),S,,
0.816,0.1457,5,V,420(E1),T,0.04344,1
0,0,,V,420(E1),V,0,
0.5605,0.1116,6,V,420(E1),W,-1.634,2
-1.373,-0.6888,5,V,420(E1),Y,-0.6175,3
0.3926,0.08414,1,V,421(E1),-,,
-1.401,-0.7126,5,V,421(E1),A,-1.064,1
-0.4811,-0.1552,3,V,421(E1),C,-0.6823,1
-3.083,-3.163,5,V,421(E1),D,-3.674,1
-3.88,-4.738,1,V,421(E1),E,-4.98,1
-0.6865,-0.245,4,V,421(E1),F,-0.4302,2
-2.393,-1.919,1,V,421(E1),G,-2.175,1
-3.441,-3.878,2,V,421(E1),H,-4.188,2
-0.9903,-0.4108,1,V,421(E1),I,,
-5.092,-6.54,2,V,421(E1),K,-6.893,1
-0.03143,-0.008177,10,V,421(E1),L,-0.1192,3
0.0595,0.01484,15,V,421(E1),M,0.03278,2
-3.157,-3.309,5,V,421(E1),N,-3.504,1
-2.55,-2.178,1,V,421(E1),P,-2.453,1
3.125,0.2531,1,V,421(E1),Q,,
-4.517,-5.818,2,V,421(E1),R,-6.071,2
-1.589,-0.8854,3,V,421(E1),S,-1.134,2
-1.402,-0.7132,3,V,421(E1),T,-0.8714,3
0,0,,V,421(E1),V,0,
-0.2174,-0.06176,7,V,421(E1),W,-0.06333,3
-0.7399,-0.2711,8,V,421(E1),Y,-0.7447,5
-2.561,-2.196,2,A,422(E1),-,,
0,0,,A,422(E1),A,0,
-0.8011,-0.3025,6,A,422(E1),C,-0.6556,4
-5.936,-7.188,8,A,422(E1),D,-8,6
-3.899,-4.773,8,A,422(E1),E,-4.866,4
1.293,0.1905,2,A,422(E1),F,1.178,1
0.5731,0.1135,2,A,422(E1),G,-0.08584,1
-4.925,-6.356,4,A,422(E1),H,-6.595,3
0.4526,0.09445,3,A,422(E1),I,0.3047,2
-3.523,-4.043,3,A,422(E1),K,-3.915,1
-0.2224,-0.06333,3,A,422(E1),L,-0.1647,3
-2.234,-1.675,4,A,422(E1),M,-2.327,3
-4.394,-5.632,3,A,422(E1),N,-5.544,2
2.396,0.2402,1,A,422(E1),P,0.929,1
-3.919,-4.811,1,A,422(E1),Q,,
-6.6,-7.457,1,A,422(E1),R,-8,1
-0.6409,-0.2236,7,A,422(E1),S,-0.3993,1
-0.4848,-0.1567,47,A,422(E1),T,-0.5651,7
-0.9295,-0.3741,24,A,422(E1),V,-0.1012,5
-1.086,-0.4721,4,A,422(E1),W,-0.8597,2
-2.322,-1.808,3,A,422(E1),Y,-2.084,1
0.7052,0.1319,1,V,423(E1),-,,
2.043,0.2297,2,V,423(E1),A,0.2826,2
-3.812,-4.61,5,V,423(E1),D,-5.075,3
-1.894,-1.22,2,V,423(E1),E,-1.679,1
1.384,0.197,1,V,423(E1),F,0.1969,1
0.3302,0.07276,1,V,423(E1),G,-0.1678,1
-2.423,-1.968,3,V,423(E1),H,-2.226,2
-3.798,-4.582,5,V,423(E1),K,-4.37,2
-1.122,-0.4969,6,V,423(E1),L,,
0.08433,0.02079,7,V,423(E1),M,-0.7265,1
-1.738,-1.041,4,V,423(E1),N,-2.04,3
0.2224,0.05146,6,V,423(E1),P,0.7358,1
-1.299,-0.6283,7,V,423(E1),Q,-0.7952,3
-6.162,-7.298,5,V,423(E1),R,-7.979,4
0.2377,0.05461,1,V,423(E1),S,,
1.697,0.2151,5,V,423(E1),T,-0.641,4
0,0,,V,423(E1),V,0,
-1.965,-1.308,2,V,423(E1),W,-1.55,2
-0.4173,-0.1305,1,V,423(E1),Y,,
0.1541,0.03677,2,A,424(E1),-,,
0,0,,A,424(E1),A,0,
-2.321,-1.806,8,A,424(E1),D,-2.204,4
-0.8493,-0.3284,3,A,424(E1),E,,
2.866,0.2495,3,A,424(E1),G,1.011,2
-2.303,-1.78,6,A,424(E1),H,-2.032,4
-1.741,-1.043,4,A,424(E1),I,-1.797,1
-3.318,-3.632,6,A,424(E1),K,-4.014,3
-1.109,-0.488,2,A,424(E1),L,-0.795,2
-0.9056,-0.3602,4,A,424(E1),M,-1.712,1
0.6815,0.1288,2,A,424(E1),N,0.06149,1
1.188,0.1824,5,A,424(E1),P,-0.2721,2
-2.519,-2.125,2,A,424(E1),Q,-2.402,1
-5.845,-7.137,3,A,424(E1),R,,
-0.2782,-0.08134,8,A,424(E1),S,-0.3567,2
-0.3855,-0.1187,21,A,424(E1),T,0.02869,1
-1.774,-1.08,8,A,424(E1),V,-1.448,5
-1.187,-0.543,5,A,424(E1),W,-0.3951,2
-0.7051,-0.2539,3,A,424(E1),Y,-0.494,2
-0.6553,-0.2302,1,A,425(E1),-,,
0,0,,A,425(E1),A,0,
-0.1853,-0.05185,3,A,425(E1),C,0.008834,1
-7.195,-7.592,9,A,425(E1),D,-8,1
-6.91,-7.537,5,A,425(E1),E,-8,1
1.371,0.1961,3,A,425(E1),F,,
-2.095,-1.478,4,A,425(E1),G,0.7739,1
-3.689,-4.371,5,A,425(E1),H,-4.879,3
-0.6989,-0.2509,3,A,425(E1),I,0.3641,2
-4.378,-5.607,2,A,425(E1),K,-6.446,2
-1.053,-0.4506,6,A,425(E1),L,-0.9924,3
-0.09494,-0.02544,7,A,425(E1),M,0.1454,4
-4.148,-5.224,4,A,425(E1),N,-5.341,2
-2.089,-1.47,1,A,425(E1),P,-1.755,1
-3.633,-4.26,4,A,425(E1),Q,-4.8,3
-5.602,-6.981,4,A,425(E1),R,-8,1
-1.599,-0.8957,7,A,425(E1),S,-0.1805,4
-0.1905,-0.05342,25,A,425(E1),T,-1.485,2
0.4151,0.08807,9,A,425(E1),V,-0.01995,2
0.2362,0.0543,2,A,425(E1),W,,
-3.9,-4.775,1,A,425(E1),Y,,
-0.01515,-0.00391,1,L,426(E1),-,,
1.073,0.1725,3,L,426(E1),A,,
0.8954,0.1547,6,L,426(E1),C,-2.293,1
-2.434,-1.986,6,L,426(E1),E,-2.077,4
2.223,0.2355,2,L,426(E1),F,,
0.6444,0.1237,3,L,426(E1),G,,
-1.66,-0.957,2,L,426(E1),H,-1.197,2
1.003,0.1658,3,L,426(E1),I,1.163,1
-3.484,-3.964,5,L,426(E1),K,-4.234,1
0,0,,L,426(E1),L,0,
1.881,0.2235,5,L,426(E1),M,0.4528,5
-0.6456,-0.2258,4,L,426(E1),N,0.3882,1
-0.99,-0.4106,10,L,426(E1),P,-0.8351,3
1.071,0.1722,1,L,426(E1),Q,0.09178,1
-7.431,-7.628,7,L,426(E1),R,-8,2
-0.2297,-0.06563,2,L,426(E1),S,0.7003,1
-0.6417,-0.224,1,L,426(E1),W,,
-1.785,-1.092,6,L,426(E1),Y,-1.826,4
-0.5181,-0.1702,1,I,427(E1),-,,
-1.641,-0.9377,3,I,427(E1),A,-1.439,1
2.316,0.2381,1,I,427(E1),C,0.8268,1
-2.691,-2.424,4,I,427(E1),D,-2.506,3
-2.947,-2.9,2,I,427(E1),E,,
-0.5413,-0.1798,1,I,427(E1),F,,
-1.67,-0.9674,5,I,427(E1),G,-1.044,4
-1.829,-1.143,1,I,427(E1),H,,
0,0,,I,427(E1),I,0,
-6.916,-7.538,3,I,427(E1),K,,
-1.98,-1.327,4,I,427(E1),L,,
-1.516,-0.815,3,I,427(E1),M,-4.367,2
-0.4034,-0.1253,6,I,427(E1),N,-0.3286,1
0.1726,0.04084,4,I,427(E1),P,,
-0.8308,-0.3184,2,I,427(E1),Q,-0.4657,1
-7.219,-7.596,5,I,427(E1),R,-8,3
-0.3559,-0.1081,5,I,427(E1),S,-0.6835,3
0.3441,0.07536,7,I,427(E1),T,1,3
1,0.1655,2,I,427(E1),V,-0.8648,1
-0.6532,-0.2293,4,I,427(E1),W,0.2503,1
0.6088,0.1187,2,I,427(E1),Y,-1.023,1
-1.206,-0.557,2,L,428(E1),-,,
0.6268,0.1212,7,L,428(E1),A,-2.038,3
1.875,0.2233,3,L,428(E1),C,0.6513,2
-2.908,-2.824,3,L,428(E1),D,-2.997,1
-1.397,-0.7084,2,L,428(E1),E,-0.9487,2
0.08392,0.02069,5,L,428(E1),F,-0.3427,2
-0.1686,-0.04679,3,L,428(E1),G,-0.2071,3
-1.715,-1.015,7,L,428(E1),H,-1.242,4
1.737,0.2171,4,L,428(E1),I,0.555,3
-1.584,-0.8801,2,L,428(E1),K,-1.589,2
0,0,,L,428(E1),L,0,
-1.112,-0.4899,12,L,428(E1),M,-1.073,3
-1.092,-0.4763,3,L,428(E1),N,-0.7114,2
-0.8317,-0.3189,8,L,428(E1),P,,
-1.794,-1.103,2,L,428(E1),Q,-1.377,2
-2.412,-1.949,7,L,428(E1),R,-1.663,3
-2.092,-1.474,3,L,428(E1),S,-3.59,2
2.137,0.2329,4,L,428(E1),T,,
-0.1064,-0.02867,4,L,428(E1),V,0.2197,1
-1.028,-0.4348,5,L,428(E1),W,,
0.9567,0.1611,3,L,428(E1),Y,0.3919,1
-0.2716,-0.07917,2,I,429(E1),-,,
-5.965,-7.203,2,I,429(E1),A,-8,1
-1.094,-0.4776,2,I,429(E1),C,-0.1825,1
-3.371,-3.738,2,I,429(E1),D,-3.971,1
-4.946,-6.381,3,I,429(E1),E,-6.651,1
-0.09712,-0.02606,5,I,429(E1),F,-0.2481,4
-2.277,-1.74,1,I,429(E1),G,,
-4.843,-6.258,5,I,429(E1),H,-7.023,1
0,0,,I,429(E1),I,0,
-3.633,-4.26,3,I,429(E1),K,,
-0.5465,-0.182,6,I,429(E1),L,0.4986,2
0.56,0.1115,10,I,429(E1),M,-1.884,5
-2.476,-2.054,7,I,429(E1),N,-2.152,3
-2.602,-2.266,1,I,429(E1),P,,
-2.811,-2.642,3,I,429(E1),Q,-2.885,2
-6.636,-7.467,3,I,429(E1),R,-8,1
-1.686,-0.9849,5,I,429(E1),S,-1.068,5
-0.5383,-0.1786,2,I,429(E1),T,-0.4528,2
-1.181,-0.5386,3,I,429(E1),V,-0.03963,2
-0.631,-0.2191,9,I,429(E1),W,-1.187,3
-1.781,-1.088,3,I,429(E1),Y,-1.341,2
-1.093,-0.4772,2,V,430(E1),-,,
-1.043,-0.4439,4,V,430(E1),A,-0.07555,2
-2.077,-1.455,5,V,430(E1),C,-1.599,2
-2.133,-1.532,5,V,430(E1),D,-2.681,2
-2.614,-2.288,4,V,430(E1),E,-2.765,3
-0.6376,-0.2221,10,V,430(E1),F,-0.3577,6
-1.884,-1.207,4,V,430(E1),G,-1.457,1
-1.35,-0.669,4,V,430(E1),H,-1.855,2
0.1738,0.04111,13,V,430(E1),I,-0.7243,2
-2.946,-2.898,8,V,430(E1),K,-2.619,3
-1.829,-1.143,1,V,430(E1),L,,
-2.224,-1.662,1,V,430(E1),M,-1.921,1
-0.5901,-0.2008,2,V,430(E1),P,,
-0.02228,-0.005772,3,V,430(E1),Q,,
-1.549,-0.8466,5,V,430(E1),R,-2.622,2
1.75,0.2177,3,V,430(E1),S,-2.024,1
0.3892,0.08353,5,V,430(E1),T,0.5361,2
0,0,,V,430(E1),V,0,
0.4459,0.09332,4,V,430(E1),W,-0.3854,1
0.2955,0.06613,5,V,430(E1),Y,-0.3287,5
-0.5108,-0.1672,1,V,431(E1),-,,
-1.184,-0.5408,9,V,431(E1),A,-2.786,2
-1.335,-0.6572,3,V,431(E1),C,-1.175,2
-3.695,-4.382,4,V,431(E1),D,-4.155,2
-2.92,-2.847,2,V,431(E1),E,,
-2.911,-2.83,2,V,431(E1),F,-4.022,1
-2.205,-1.634,1,V,431(E1),G,,
-1.915,-1.246,4,V,431(E1),H,-1.475,1
-0.233,-0.0667,4,V,431(E1),I,-0.1153,1
-2.233,-1.674,6,V,431(E1),K,-2.123,4
-0.0549,-0.01444,8,V,431(E1),L,-0.7587,2
-3.124,-3.244,14,V,431(E1),M,-3.794,3
-2.368,-1.88,1,V,431(E1),N,-2.109,1
-4.474,-5.755,2,V,431(E1),P,,
0.07122,0.01766,5,V,431(E1),Q,0.04055,2
-1.934,-1.269,7,V,431(E1),R,-1.415,3
2.106,0.2318,5,V,431(E1),S,0.4574,1
-1.421,-0.73,2,V,431(E1),T,-0.9895,1
0,0,,V,431(E1),V,0,
-2.29,-1.76,5,V,431(E1),W,-1.74,3
-1.863,-1.183,1,L,432(E1),-,,
-1.556,-0.8536,6,L,432(E1),A,-0.6936,1
-1.113,-0.4904,4,L,432(E1),C,0.6649,1
-1.92,-1.251,1,L,432(E1),D,,
-1.464,-0.7675,3,L,432(E1),E,-1.08,3
2.116,0.2322,8,L,432(E1),F,0.3284,3
-1.121,-0.4964,5,L,432(E1),G,-0.3808,1
0.6325,0.122,2,L,432(E1),H,-1.387,1
-2.879,-2.769,1,L,432(E1),K,-2.991,1
0,0,,L,432(E1),L,0,
0.6473,0.1241,7,L,432(E1),M,-2.109,1
0.2173,0.05039,4,L,432(E1),N,1.587,1
-1.797,-1.106,8,L,432(E1),P,-1.565,1
0.6979,0.1309,3,L,432(E1),Q,-1.104,1
0.7064,0.1321,5,L,432(E1),R,-0.008127,1
0.9267,0.158,4,L,432(E1),S,-0.5974,3
2.461,0.2418,3,L,432(E1),T,,
-0.366,-0.1116,5,L,432(E1),V,-1.462,1
1.85,0.2222,4,L,432(E1),W,0.1248,4
0.174,0.04116,6,L,432(E1),Y,0.7768,3
-6.626,-7.464,10,C,433(E1),*,,
-1.275,-0.6091,6,C,433(E1),A,-3.854,2
0,0,,C,433(E1),C,0,
-3.834,-4.651,5,C,433(E1),D,-5.184,3
-1.936,-1.271,13,C,433(E1),F,-1.413,3
-1.43,-0.7372,3,C,433(E1),G,-0.5161,2
-1.958,-1.299,1,C,433(E1),H,,
-2.84,-2.696,2,C,433(E1),I,-2.256,1
-1.044,-0.4449,2,C,433(E1),K,-1.133,1
-2.135,-1.533,3,C,433(E1),L,-1.777,2
-2.8,-2.622,2,C,433(E1),M,-3.047,1
-1.223,-0.5692,5,C,433(E1),N,-0.3209,3
-2.001,-1.354,3,C,433(E1),P,-1.156,1
-2.443,-2,2,C,433(E1),Q,-2.746,2
0.254,0.05793,8,C,433(E1),R,-0.7912,2
-1.841,-1.156,4,C,433(E1),S,0.6572,1
-1.185,-0.5417,5,C,433(E1),T,-0.9646,1
1.047,0.17,1,C,433(E1),V,,
-2.516,-2.121,1,C,433(E1),W,-2.411,1
-1.288,-0.6195,20,C,433(E1),Y,-1.385,3
-0.0626,-0.01652,9,V,434(E1),A,0.8161,2
-0.5196,-0.1708,5,V,434(E1),C,0.5926,1
-0.6138,-0.2113,3,V,434(E1),D,0.294,1
-0.6244,-0.2161,4,V,434(E1),E,-0.4001,2
-0.1502,-0.04131,8,V,434(E1),F,0.1135,5
-0.9421,-0.3815,2,V,434(E1),G,-0.5586,1
1.367,0.1958,5,V,434(E1),H,0.8107,1
-0.5091,-0.1665,8,V,434(E1),I,-0.05588,3
0.4107,0.08731,10,V,434(E1),L,0.06593,4
-0.1776,-0.04949,22,V,434(E1),M,-0.2939,4
2.695,0.2466,2,V,434(E1),N,1.031,2
-0.07466,-0.01982,10,V,434(E1),P,-1.104,3
2.522,0.2431,2,V,434(E1),Q,0.5216,2
0.6654,0.1266,5,V,434(E1),R,1.678,1
1.174,0.1812,11,V,434(E1),S,0.3384,7
-0.3089,-0.09167,9,V,434(E1),T,-0.3527,3
0,0,,V,434(E1),V,0,
0.9325,0.1586,1,V,434(E1),W,0.04554,1
-0.7379,-0.2701,7,V,434(E1),Y,-0.7453,4
-0.7885,-0.2959,4,S,435(E1),C,-1.795,1
-2.081,-1.459,2,S,435(E1),D,-1.732,2
-1.024,-0.4321,5,S,435(E1),E,-0.9134,1
-0.5598,-0.1877,6,S,435(E1),F,-0.7586,3
-0.001341,-0.0003446,2,S,435(E1),G,-0.7574,1
-2.152,-1.558,4,S,435(E1),I,-1.508,2
-2.933,-2.873,3,S,435(E1),K,-3.455,2
-0.5229,-0.1722,7,S,435(E1),L,-0.7811,4
-1.874,-1.195,1,S,435(E1),M,-1.418,1
2.593,0.2446,3,S,435(E1),N,0.3346,3
2.333,0.2386,13,S,435(E1),P,-0.599,2
-0.4338,-0.1368,4,S,435(E1),Q,-0.3108,3
-2.352,-1.855,4,S,435(E1),R,-2.646,2
0,0,,S,435(E1),S,0,
-0.3075,-0.0912,2,S,435(E1),T,0.6323,1
-1.644,-0.9403,4,S,435(E1),V,-0.8242,1
-1.518,-0.8175,4,S,435(E1),W,,
-1.081,-0.469,11,S,435(E1),Y,-0.6364,2
-1.722,-1.022,4,F,436(E1),A,-0.6287,2
2.169,0.2339,2,F,436(E1),C,,
-1.348,-0.6678,1,F,436(E1),D,-0.906,1
-0.2664,-0.07746,4,F,436(E1),E,-1.174,2
0,0,,F,436(E1),F,0,
0.4901,0.1006,3,F,436(E1),G,,
0.876,0.1525,5,F,436(E1),H,-0.06348,1
-0.1764,-0.04914,8,F,436(E1),I,-0.6211,3
-0.07028,-0.01862,5,F,436(E1),K,0.07449,3
-0.8491,-0.3284,9,F,436(E1),L,-0.8674,2
-1.928,-1.262,6,F,436(E1),M,0.3492,1
-0.4514,-0.1435,9,F,436(E1),N,0.1703,3
2.365,0.2394,3,F,436(E1),P,1.341,1
1.459,0.2019,3,F,436(E1),Q,0.6258,2
0.7227,0.1342,1,F,436(E1),R,,
-0.7396,-0.2709,13,F,436(E1),S,-0.2555,5
0.03819,0.009617,3,F,436(E1),T,-0.2987,1
1.386,0.1971,12,F,436(E1),V,-0.8486,5
2.05,0.2299,3,F,436(E1),W,0.0783,2
-1.943,-1.28,2,F,436(E1),Y,,
1.721,0.2163,3,S,437(E1),A,0.2281,2
-0.2299,-0.06569,6,S,437(E1),C,-0.6666,1
-1.433,-0.7402,8,S,437(E1),E,-1.269,3
-1.503,-0.803,6,S,437(E1),F,-0.5547,3
1.01,0.1665,6,S,437(E1),G,-0.09041,1
1.826,0.2212,4,S,437(E1),H,0.269,4
-0.9093,-0.3623,5,S,437(E1),I,-1.979,3
1.908,0.2246,3,S,437(E1),K,,
-0.7436,-0.2729,5,S,437(E1),L,-0.7478,2
-1.273,-0.6079,5,S,437(E1),M,-0.7837,3
0.4267,0.09007,15,S,437(E1),N,0.1067,2
0.05885,0.01468,9,S,437(E1),P,0.5573,4
-1.292,-0.6226,8,S,437(E1),Q,-0.7286,3
0.4069,0.08665,9,S,437(E1),R,-0.07905,2
0,0,,S,437(E1),S,0,
-0.4487,-0.1425,1,S,437(E1),T,,
-1.065,-0.4583,9,S,437(E1),V,-0.7666,7
-1.8,-1.109,6,S,437(E1),W,-1.466,4
-2.172,-1.586,2,S,437(E1),Y,-1.903,1
-0.9974,-0.4152,5,R,438(E1),A,-0.2602,1
-2.407,-1.942,4,R,438(E1),C,-2.654,3
-2.254,-1.706,5,R,438(E1),D,-2.146,2
-0.6439,-0.225,1,R,438(E1),E,,
-1.703,-1.003,6,R,438(E1),F,-1.491,2
-0.8932,-0.3531,3,R,438(E1),G,,
0.2584,0.05882,5,R,438(E1),H,-0.4178,2
-1.616,-0.9122,1,R,438(E1),I,-1.197,1
-0.1962,-0.05516,6,R,438(E1),K,-0.77,1
-1.42,-0.7283,8,R,438(E1),L,-1.032,4
-1.751,-1.055,3,R,438(E1),M,-1.004,1
-0.03382,-0.008807,5,R,438(E1),N,-0.7133,4
2.347,0.239,1,R,438(E1),P,0.795,1
-1.313,-0.6394,18,R,438(E1),Q,-1.258,7
0,0,,R,438(E1),R,0,
-1.585,-0.8811,4,R,438(E1),S,-0.68,3
-1.337,-0.6589,2,R,438(E1),T,-0.8215,1
-2.4,-1.931,4,R,438(E1),V,-2.222,3
-1.694,-0.9927,8,R,438(E1),W,-3.63,1
-1.317,-0.6425,3,R,438(E1),Y,-1.924,1
-0.4425,-0.1401,4,H,439(E1),A,-1.256,1
-1.466,-0.7691,6,H,439(E1),C,-1.171,4
-2.507,-2.105,6,H,439(E1),D,-2.265,5
-1.267,-0.6032,4,H,439(E1),E,-0.7901,2
-1.01,-0.423,2,H,439(E1),F,,
-2.147,-1.55,5,H,439(E1),G,-1.591,4
0,0,,H,439(E1),H,0,
-1.551,-0.8486,4,H,439(E1),I,-0.5901,1
1.309,0.1917,4,H,439(E1),K,0.1301,1
-0.9037,-0.3591,3,H,439(E1),L,0.1428,1
-0.1547,-0.04265,2,H,439(E1),M,,
-0.1133,-0.03062,8,H,439(E1),N,-0.2491,2
-0.8682,-0.3389,9,H,439(E1),P,-0.906,4
-0.7701,-0.2864,10,H,439(E1),Q,-1.499,2
1.497,0.2042,6,H,439(E1),R,-0.2792,3
-1.836,-1.151,6,H,439(E1),S,-1.264,2
0.5345,0.1076,7,H,439(E1),T,0.9804,1
-1.729,-1.03,2,H,439(E1),V,-1.183,1
-0.1453,-0.03989,6,H,439(E1),W,-0.8726,2
-0.5975,-0.2041,15,H,439(E1),Y,-1.36,3
0,0,,*,440(E1),*,0,
-0.8533,-0.3307,1,*,440(E1),K,,
-3.996,-4.953,3,*,440(E1),Q,-5.131,1
-1.941,-1.277,4,*,440(E1),Y,-2.097,1
