latent_phenotype_effect,functional_effect,times_seen,wildtype,site,mutant,functional_effect_singlemut,times_seen_singlemut
-6.304,-7.424,15,M,-1(E3),I,-8,3
-5.212,-6.84,1,M,-1(E3),K,-6.071,1
0,0,,M,-1(E3),M,0,
-5.727,-7.183,4,M,-1(E3),T,,
-6.902,-7.571,1,M,-1(E3),V,,
-2.362,-2.187,6,S,1(E3),G,,
0.6945,0.1619,11,S,1(E3),I,0.9512,3
0.8624,0.1875,6,S,1(E3),N,,
-0.6592,-0.2848,2,S,1(E3),R,,
0,0,,S,1(E3),S,0,
0,0,,L,2(E3),L,0,
-1.942,-1.52,7,L,2(E3),M,,
-0.002258,-0.0007154,2,L,2(E3),P,,
-0.6095,-0.2571,1,L,2(E3),Q,,
0,0,,A,3(E3),A,0,
-7.761,-7.677,3,A,3(E3),D,,
-0.1072,-0.03567,1,A,3(E3),G,,
-0.6303,-0.2685,3,A,3(E3),S,-1.572,1
0.3435,0.09318,43,A,3(E3),T,0.2991,7
1.04,0.2103,28,A,3(E3),V,0.2931,2
0,0,,I,4(E3),I,0,
-5.634,-7.131,3,I,4(E3),N,,
0.1293,0.03862,1,P,5(E3),H,,
-2.263,-2.018,10,P,5(E3),L,,
0,0,,P,5(E3),P,0,
-1.724,-1.228,3,P,5(E3),S,-1.317,1
-1.763,-1.278,3,P,5(E3),T,,
-3.307,-4.017,4,V,6(E3),A,-4.088,1
-0.2367,-0.08368,7,V,6(E3),L,,
-0.4172,-0.1606,7,V,6(E3),M,0.753,1
0,0,,V,6(E3),V,0,
-0.4611,-0.1812,6,M,7(E3),I,-0.6131,1
-1.647,-1.133,1,M,7(E3),K,,
0,0,,M,7(E3),M,0,
-6.015,-7.319,1,M,7(E3),T,,
-1.4,-0.8606,6,M,7(E3),V,,
-3.616,-4.627,2,C,8(E3),*,,
0,0,,C,8(E3),C,0,
-3.955,-5.247,6,C,8(E3),F,,
-6.272,-7.414,1,C,8(E3),G,-8,1
-1.421,-0.8814,3,C,8(E3),S,,
-3.255,-3.912,7,C,8(E3),Y,-3.67,1
0,0,,L,9(E3),L,0,
0.01107,0.003488,5,L,9(E3),M,,
-8.528,-7.72,8,L,9(E3),P,,
-5.074,-6.721,2,L,9(E3),Q,,
0,0,,L,10(E3),L,0,
-3.052,-3.503,3,L,10(E3),M,,
-5.5,-7.049,4,L,10(E3),P,,
-5.507,-7.053,1,L,10(E3),Q,,
0,0,,A,11(E3),A,0,
-6.631,-7.514,2,A,11(E3),D,-8,1
-1.073,-0.5651,4,A,11(E3),S,-1.875,1
-1.493,-0.9581,17,A,11(E3),T,-0.5541,1
1.427,0.2484,5,A,11(E3),V,0.7182,1
-0.8156,-0.3797,2,N,12(E3),I,,
-4.811,-6.46,4,N,12(E3),K,,
0,0,,N,12(E3),N,0,
2.447,0.3006,1,N,12(E3),T,,
-0.7039,-0.3106,1,T,13(E3),A,,
-0.409,-0.1568,6,T,13(E3),I,,
-1.418,-0.8784,1,T,13(E3),S,,
0,0,,T,13(E3),T,0,
-0.008205,-0.002608,1,T,14(E3),A,,
-1.244,-0.7107,1,T,14(E3),I,,
-0.4032,-0.1542,1,T,14(E3),N,,
-0.5129,-0.2066,2,T,14(E3),S,,
0,0,,T,14(E3),T,0,
0,0,,F,15(E3),F,0,
-2.631,-2.674,1,F,15(E3),L,,
-2.671,-2.75,4,F,15(E3),S,-3.015,2
-0.3828,-0.145,1,F,15(E3),V,,
-0.7857,-0.3606,8,P,16(E3),L,0.3988,1
0,0,,P,16(E3),P,0,
1.081,0.2151,4,P,16(E3),Q,-2.312,1
-0.2092,-0.07302,5,P,16(E3),S,0.8395,1
2.452,0.3007,4,P,16(E3),T,,
-1.279,-0.7427,1,C,17(E3),*,,
0,0,,C,17(E3),C,0,
-1.14,-0.6194,8,C,17(E3),F,-2.493,2
-3.638,-4.669,1,C,17(E3),R,,
2.762,0.3085,1,C,17(E3),S,,
-8.322,-7.712,1,C,17(E3),W,,
-1.486,-0.9503,24,C,17(E3),Y,-0.8097,4
0.5201,0.1306,3,S,18(E3),G,-0.09339,1
1.19,0.2268,5,S,18(E3),I,,
-1.484,-0.9482,11,S,18(E3),N,,
-2.35,-2.166,1,S,18(E3),P,,
-0.09906,-0.03284,1,S,18(E3),R,-0.3133,1
0,0,,S,18(E3),S,0,
-3.754,-4.886,5,Q,19(E3),*,-4.397,3
-0.07269,-0.02381,6,Q,19(E3),H,-0.334,1
1.535,0.2567,3,Q,19(E3),L,,
0,0,,Q,19(E3),Q,0,
-1.197,-0.6688,2,Q,19(E3),R,,
-2.605,-2.626,3,P,20(E3),H,-2.812,1
-2.864,-3.126,4,P,20(E3),L,-3.739,1
0,0,,P,20(E3),P,0,
-1.453,-0.9155,11,P,20(E3),S,-1.244,5
-2.101,-1.758,5,P,20(E3),T,-1.412,1
-0.6899,-0.3024,8,P,21(E3),L,-1.721,1
0,0,,P,21(E3),P,0,
-1.133,-0.6137,2,P,21(E3),Q,,
2.085,0.2877,1,P,21(E3),R,,
-0.3895,-0.148,1,P,21(E3),T,,
-6.077,-7.344,1,C,22(E3),*,-8,1
0,0,,C,22(E3),C,0,
-0.3388,-0.1256,6,C,22(E3),F,-0.7379,2
-1.483,-0.9469,1,C,22(E3),R,,
-1.664,-1.154,1,C,22(E3),S,,
-1.493,-0.9577,22,C,22(E3),Y,-0.3456,2
-0.5565,-0.2289,7,T,23(E3),I,-2.568,1
1.811,0.2743,1,T,23(E3),K,,
-0.9665,-0.4837,2,T,23(E3),R,,
0,0,,T,23(E3),T,0,
-0.7435,-0.3344,1,P,24(E3),H,,
-1.123,-0.6061,5,P,24(E3),L,,
0,0,,P,24(E3),P,0,
0.5183,0.1303,11,P,24(E3),S,-1.724,2
-6.023,-7.322,1,P,24(E3),T,,
-4.963,-6.617,2,C,25(E3),*,,
0,0,,C,25(E3),C,0,
-2.559,-2.539,7,C,25(E3),F,,
-2.017,-1.63,11,C,25(E3),R,-1.722,2
-0.5856,-0.2442,4,C,25(E3),S,-1.979,2
2.713,0.3075,1,C,25(E3),W,,
-2.035,-1.658,14,C,25(E3),Y,-2.308,2
-4.552,-6.152,5,C,26(E3),*,-4.912,2
0,0,,C,26(E3),C,0,
-2.338,-2.145,5,C,26(E3),F,,
-0.5433,-0.2221,1,C,26(E3),S,,
-0.3164,-0.1161,1,C,26(E3),W,,
-3.671,-4.732,13,C,26(E3),Y,-4.91,1
-8.54,-7.721,2,Y,27(E3),*,,
-3.17,-3.741,1,Y,27(E3),C,-3.995,1
-0.3628,-0.1361,3,Y,27(E3),H,-1.008,1
-3.236,-3.875,1,Y,27(E3),N,,
0,0,,Y,27(E3),Y,0,
-6.624,-7.513,8,E,28(E3),*,-8,1
-0.4859,-0.1933,4,E,28(E3),D,-2.286,1
0,0,,E,28(E3),E,0,
-0.7374,-0.3307,1,E,28(E3),G,,
-1.004,-0.5113,5,E,28(E3),K,-0.5368,1
-0.4008,-0.1531,1,E,28(E3),V,,
-0.08383,-0.0276,1,K,29(E3),I,,
0,0,,K,29(E3),K,0,
-1.052,-0.5486,1,K,29(E3),N,,
0.6402,0.1527,1,K,29(E3),Y,,
-8.005,-7.695,4,E,30(E3),*,,
-0.04675,-0.01513,1,E,30(E3),A,,
0.8818,0.1902,6,E,30(E3),D,,
0,0,,E,30(E3),E,0,
0.002292,0.000725,5,E,30(E3),G,-0.1021,3
-0.8708,-0.4163,4,E,30(E3),K,-0.1423,1
0.4575,0.1181,1,E,30(E3),Q,,
-1.212,-0.6819,1,E,30(E3),V,,
-1.11,-0.5949,2,P,31(E3),H,-0.8471,1
-1.209,-0.6796,5,P,31(E3),L,,
0,0,,P,31(E3),P,0,
-0.1792,-0.06167,31,P,31(E3),S,-0.02411,9
2.135,0.2897,1,P,31(E3),T,,
-6.917,-7.574,9,E,32(E3),*,-3.703,2
-0.2349,-0.08298,3,E,32(E3),D,-0.5757,1
0,0,,E,32(E3),E,0,
1.714,0.2687,2,E,32(E3),G,,
0.01919,0.006025,7,E,32(E3),K,0.3788,1
-0.41,-0.1573,1,K,33(E3),E,,
0,0,,K,33(E3),K,0,
-0.1085,-0.03614,7,T,34(E3),I,-1.874,1
-5.859,-7.249,2,T,34(E3),P,,
-1.292,-0.7551,1,T,34(E3),S,,
0,0,,T,34(E3),T,0,
0,0,,L,35(E3),L,0,
-1.403,-0.8636,3,L,35(E3),M,,
-6.463,-7.472,1,L,35(E3),R,-8,1
-2.656,-2.723,1,L,35(E3),V,-2.988,1
-0.0383,-0.01235,4,R,36(E3),L,,
-1.092,-0.5803,2,R,36(E3),P,,
-0.6801,-0.2967,5,R,36(E3),Q,,
0,0,,R,36(E3),R,0,
0.1005,0.03041,50,R,36(E3),W,-0.3918,2
-0.511,-0.2057,24,M,37(E3),I,-2.229,1
-1.303,-0.7651,1,M,37(E3),K,,
0,0,,M,37(E3),M,0,
-3.114,-3.628,1,M,37(E3),R,-3.851,1
-0.3953,-0.1506,1,M,37(E3),T,,
-0.7625,-0.3461,1,M,37(E3),V,-0.5572,1
0,0,,L,38(E3),L,0,
-0.07926,-0.02604,2,L,38(E3),M,,
-5.283,-6.896,6,L,38(E3),P,,
-2.263,-2.018,2,L,38(E3),Q,-1.302,1
-1.075,-0.5664,2,L,38(E3),V,,
-2.417,-2.283,1,L,38(E3),W,-2.558,1
-9.511,-7.744,3,E,39(E3),*,,
0,0,,E,39(E3),E,0,
0.2778,0.07759,1,E,39(E3),G,,
-6.222,-7.397,36,E,39(E3),K,-6.685,1
-1.194,-0.6664,1,E,39(E3),Q,,
-0.7298,-0.3261,1,E,39(E3),V,,
0,0,,D,40(E3),D,0,
-0.4709,-0.186,2,D,40(E3),E,,
-1.329,-0.7899,1,D,40(E3),G,,
-0.579,-0.2407,32,D,40(E3),N,1.085,1
-1.404,-0.8647,2,D,40(E3),Y,,
-1.994,-1.596,1,N,41(E3),I,,
-0.4589,-0.1802,6,N,41(E3),K,,
0,0,,N,41(E3),N,0,
-0.3688,-0.1387,2,N,41(E3),S,,
-0.5064,-0.2034,7,V,42(E3),L,,
-1.039,-0.5383,7,V,42(E3),M,-0.7744,1
0,0,,V,42(E3),V,0,
-0.2932,-0.1064,10,M,43(E3),I,-0.6284,1
-1.285,-0.748,1,M,43(E3),K,,
0,0,,M,43(E3),M,0,
-0.778,-0.3558,1,M,43(E3),R,-0.6211,1
-1.054,-0.5504,2,M,43(E3),T,,
-0.3886,-0.1476,3,M,43(E3),V,,
3.07,0.3143,2,S,44(E3),C,,
-0.02912,-0.009348,15,S,44(E3),G,0.2424,2
0.2071,0.05972,6,S,44(E3),I,,
-0.2475,-0.08796,8,S,44(E3),N,,
-0.9324,-0.4591,3,S,44(E3),R,,
0,0,,S,44(E3),S,0,
2.543,0.3033,3,P,45(E3),H,-0.368,1
0.04569,0.01417,4,P,45(E3),L,-1.21,1
0,0,,P,45(E3),P,0,
-0.03038,-0.00976,2,P,45(E3),S,,
0.8823,0.1902,1,P,45(E3),T,0.02358,1
-0.2527,-0.09003,8,G,46(E3),C,,
-0.2904,-0.1053,10,G,46(E3),D,-0.177,1
0,0,,G,46(E3),G,0,
0.01942,0.006096,1,G,46(E3),R,,
0.5662,0.1394,9,G,46(E3),S,0.04045,2
1.766,0.2718,5,G,46(E3),V,,
-5.515,-7.059,3,Y,47(E3),*,,
-2.505,-2.441,3,Y,47(E3),H,-2.575,1
0,0,,Y,47(E3),Y,0,
-6.781,-7.548,3,Y,48(E3),*,,
-0.343,-0.1275,2,Y,48(E3),C,,
0.06677,0.02051,1,Y,48(E3),H,,
0,0,,Y,48(E3),Y,0,
-11.55,-7.756,2,Q,49(E3),*,-8,1
1.404,0.2466,5,Q,49(E3),H,,
-1.411,-0.872,1,Q,49(E3),K,-1.163,1
0.61,0.1474,1,Q,49(E3),L,,
0,0,,Q,49(E3),Q,0,
-0.6707,-0.2913,4,Q,49(E3),R,-0.1754,3
0,0,,L,50(E3),L,0,
-4.568,-6.172,1,L,50(E3),M,,
-5.134,-6.774,1,L,50(E3),P,,
-0.9752,-0.4901,1,L,50(E3),R,,
0,0,,L,51(E3),L,0,
5.023,0.328,3,L,51(E3),M,,
-8.88,-7.731,8,L,51(E3),P,,
-7.46,-7.65,27,Q,52(E3),*,-8,6
2.84,0.3102,1,Q,52(E3),E,,
-4.914,-6.567,2,Q,52(E3),H,,
1.697,0.2677,1,Q,52(E3),K,,
-0.2947,-0.1071,2,Q,52(E3),L,,
-0.06279,-0.02047,1,Q,52(E3),P,,
0,0,,Q,52(E3),Q,0,
-0.3,-0.1093,15,Q,52(E3),R,,
0,0,,A,53(E3),A,0,
0.451,0.1167,7,A,53(E3),D,-0.6378,2
-0.9976,-0.5068,2,A,53(E3),S,,
-0.1298,-0.04365,7,A,53(E3),T,-0.7776,2
-0.1368,-0.04615,5,A,53(E3),V,-1.487,1
-0.8434,-0.3979,1,S,54(E3),F,,
-6.159,-7.375,4,S,54(E3),P,-8,1
0,0,,S,54(E3),S,0,
2.799,0.3093,1,S,54(E3),T,,
-2.572,-2.565,4,S,54(E3),Y,,
0,0,,L,55(E3),L,0,
-0.2003,-0.06964,1,L,55(E3),M,,
-6.221,-7.397,8,L,55(E3),P,-8,1
-3.427,-4.256,2,L,55(E3),Q,-4.595,1
1.745,0.2706,3,T,56(E3),A,,
0.09013,0.0274,7,T,56(E3),I,0.6416,1
-1.362,-0.8222,3,T,56(E3),K,-0.3828,1
0,0,,T,56(E3),T,0,
-6.123,-7.362,2,C,57(E3),*,,
0,0,,C,57(E3),C,0,
-1.264,-0.7288,1,C,57(E3),F,,
-3.308,-4.019,3,C,57(E3),R,,
-0.4409,-0.1716,2,C,57(E3),S,,
-1.966,-1.555,15,C,57(E3),Y,-1.108,2
-4.765,-6.408,1,S,58(E3),C,,
-0.04903,-0.01589,10,S,58(E3),G,,
1.388,0.2452,6,S,58(E3),I,0.4271,1
0.411,0.1082,9,S,58(E3),N,,
-1.859,-1.405,2,S,58(E3),R,,
0,0,,S,58(E3),S,0,
0.9615,0.2007,9,P,59(E3),H,0.5762,1
-2.3,-2.081,1,P,59(E3),L,,
0,0,,P,59(E3),P,0,
0.8519,0.186,5,P,59(E3),S,,
3.645,0.3213,1,P,59(E3),T,,
1.236,0.2314,4,R,60(E3),G,-0.3196,1
-0.2995,-0.1091,3,R,60(E3),I,-0.7957,1
-0.04261,-0.01377,7,R,60(E3),K,0.05649,1
0,0,,R,60(E3),R,0,
1.809,0.2742,1,R,60(E3),T,,
0.5428,0.135,2,R,61(E3),L,,
-3.133,-3.666,7,R,61(E3),Q,-3.805,1
0,0,,R,61(E3),R,0,
-2.403,-2.257,8,R,61(E3),W,-2.534,1
-4.316,-5.826,9,Q,62(E3),*,,
-3.272,-3.947,1,Q,62(E3),E,-4.2,1
4.691,0.3271,4,Q,62(E3),H,-0.1797,1
-0.3659,-0.1375,1,Q,62(E3),L,,
0,0,,Q,62(E3),Q,0,
3.147,0.3155,2,R,63(E3),L,,
-0.2544,-0.0907,13,R,63(E3),Q,0.05246,5
0,0,,R,63(E3),R,0,
-0.6947,-0.3052,14,R,63(E3),W,-0.2942,1
-4.807,-6.455,2,R,64(E3),*,,
-4.323,-5.837,9,R,64(E3),G,-5.388,2
-1.71,-1.211,4,R,64(E3),I,-2.482,2
-2.424,-2.295,13,R,64(E3),K,,
0,0,,R,64(E3),R,0,
-0.0364,-0.01173,1,R,64(E3),S,,
-2.79,-2.98,1,R,64(E3),Y,-3.234,1
2.237,0.2936,1,S,1(E2),A,,
-0.1386,-0.0468,2,S,1(E2),F,-0.283,1
-3.513,-4.426,2,S,1(E2),P,,
0,0,,S,1(E2),S,0,
0.2617,0.07363,1,S,1(E2),T,,
0.3238,0.08862,3,S,1(E2),Y,,
0,0,,I,2(E2),I,0,
-1.89,-1.447,2,I,2(E2),M,,
0,0,,K,3(E2),K,0,
-1.953,-1.537,5,K,3(E2),N,-2.194,1
-1.732,-1.239,1,K,3(E2),Q,,
0.1345,0.04007,1,K,3(E2),R,,
-0.2229,-0.0783,1,K,3(E2),T,,
0,0,,D,4(E2),D,0,
-0.7388,-0.3315,8,D,4(E2),N,-1.08,1
-0.9038,-0.439,3,D,4(E2),Y,,
-0.7425,-0.3338,1,N,5(E2),D,,
-1.412,-0.873,1,N,5(E2),H,,
-2.135,-1.81,3,N,5(E2),K,-2.076,1
0,0,,N,5(E2),N,0,
0,0,,F,6(E2),F,0,
1.112,0.2186,1,F,6(E2),I,0.1083,1
-1.291,-0.7538,4,F,6(E2),L,,
-1.159,-0.6358,1,F,6(E2),S,,
0.4934,0.1254,3,N,7(E2),D,,
0.1634,0.04805,1,N,7(E2),H,,
-1.088,-0.5768,3,N,7(E2),K,,
0,0,,N,7(E2),N,0,
-1.156,-0.6331,2,N,7(E2),S,,
0.5815,0.1422,1,N,7(E2),T,,
1.879,0.278,2,V,8(E2),A,,
-2.103,-1.761,6,V,8(E2),L,-2.388,1
-0.9103,-0.4435,3,V,8(E2),M,-1.038,1
0,0,,V,8(E2),V,0,
-5.281,-6.894,2,Y,9(E2),*,,
-1.311,-0.773,1,Y,9(E2),C,,
-5.65,-7.14,6,Y,9(E2),H,,
-1.598,-1.076,1,Y,9(E2),N,,
0,0,,Y,9(E2),Y,0,
-5.982,-7.305,3,K,10(E2),*,-7.582,1
-3.828,-5.022,8,K,10(E2),E,,
0,0,,K,10(E2),K,0,
-3.055,-3.508,12,K,10(E2),M,-8,1
-3.563,-4.524,12,K,10(E2),N,-5.081,3
-1.447,-0.9091,11,K,10(E2),R,-2.095,2
-4.821,-6.471,7,K,10(E2),T,,
-0.1829,-0.06306,1,A,11(E2),-,,
0,0,,A,11(E2),A,0,
-0.4487,-0.1753,2,A,11(E2),D,,
-0.05552,-0.01804,1,A,11(E2),P,,
0.6389,0.1525,5,A,11(E2),S,,
-0.7275,-0.3247,12,A,11(E2),T,,
0.2238,0.06405,6,A,11(E2),V,-4.087,1
0.07492,0.02293,1,I,12(E2),-,,
0,0,,I,12(E2),I,0,
0.6672,0.1573,3,I,12(E2),T,,
-4.923,-6.577,1,R,13(E2),*,,
-0.4973,-0.1988,1,R,13(E2),-,,
-1.925,-1.497,10,R,13(E2),G,,
-2.572,-2.565,6,R,13(E2),I,-2.595,1
-1.348,-0.8088,5,R,13(E2),K,-1.845,1
0,0,,R,13(E2),R,0,
0.0551,0.01702,1,P,14(E2),-,,
-2.751,-2.905,1,P,14(E2),A,,
-5.635,-7.132,1,P,14(E2),H,,
-5.774,-7.207,3,P,14(E2),L,-8,1
0,0,,P,14(E2),P,0,
-1.361,-0.8218,1,P,14(E2),S,,
-6.434,-7.464,2,Y,15(E2),*,-8,1
-0.6832,-0.2986,1,Y,15(E2),-,,
-2.275,-2.038,1,Y,15(E2),C,,
-6.618,-7.512,5,Y,15(E2),H,-8,1
0,0,,Y,15(E2),Y,0,
-0.1858,-0.06413,1,L,16(E2),-,,
0,0,,L,16(E2),L,0,
0.06039,0.01861,4,L,16(E2),M,,
-5.639,-7.134,3,L,16(E2),P,,
-0.4536,-0.1777,1,L,16(E2),Q,,
-0.4087,-0.1567,1,L,16(E2),R,,
1.779,0.2725,1,L,16(E2),V,0.3972,1
0.2616,0.0736,1,A,17(E2),-,,
0,0,,A,17(E2),A,0,
-2.486,-2.406,1,A,17(E2),D,,
-4.249,-5.727,3,A,17(E2),S,,
-3.356,-4.116,46,A,17(E2),T,-3.569,7
-5.558,-7.086,4,A,17(E2),V,,
-0.8256,-0.3862,1,H,18(E2),-,,
0,0,,H,18(E2),H,0,
0.7159,0.1654,5,H,18(E2),N,1.576,1
0.8452,0.185,2,H,18(E2),Q,,
-1.278,-0.7419,5,H,18(E2),Y,-0.1242,1
-1.237,-0.704,2,C,19(E2),-,,
0,0,,C,19(E2),C,0,
-7.226,-7.622,6,C,19(E2),F,-8,1
-4.798,-6.445,2,C,19(E2),R,,
-7.15,-7.611,13,C,19(E2),Y,-8,2
-3.891,-5.135,3,P,20(E2),-,,
-2.313,-2.102,5,P,20(E2),H,,
-1.6,-1.079,2,P,20(E2),L,,
0,0,,P,20(E2),P,0,
-0.4869,-0.1937,4,P,20(E2),S,,
-4.239,-5.71,2,P,20(E2),T,,
-2.874,-3.147,2,D,21(E2),-,,
0,0,,D,21(E2),D,0,
-1.156,-0.6337,1,D,21(E2),E,,
-4.054,-5.416,1,D,21(E2),G,,
-1.215,-0.6845,22,D,21(E2),N,-0.9025,2
-1.468,-0.9314,1,D,21(E2),V,-1.071,1
-1.059,-0.5541,5,D,21(E2),Y,,
-4.962,-6.616,1,C,22(E2),*,,
-0.1245,-0.04176,1,C,22(E2),-,,
0,0,,C,22(E2),C,0,
-5.552,-7.082,7,C,22(E2),F,,
-5.846,-7.243,1,C,22(E2),R,,
-5.26,-6.878,5,C,22(E2),S,-8,1
-6.088,-7.348,2,C,22(E2),Y,,
-6.339,-7.435,6,G,23(E2),C,-7.467,2
1.283,0.2359,16,G,23(E2),D,-3.809,1
0,0,,G,23(E2),G,0,
1.163,0.224,5,G,23(E2),S,-1.151,1
-2.542,-2.509,2,G,23(E2),V,-2.927,1
-7.104,-7.604,7,E,24(E2),*,-8,1
1.942,0.2812,3,E,24(E2),D,0.8613,1
0,0,,E,24(E2),E,0,
-0.5231,-0.2118,19,E,24(E2),K,-1.247,1
0.06823,0.02095,1,G,25(E2),C,,
1.044,0.2108,21,G,25(E2),D,1.237,1
0,0,,G,25(E2),G,0,
-3.428,-4.258,2,G,25(E2),V,,
0,0,,H,26(E2),H,0,
-0.4219,-0.1628,3,H,26(E2),N,,
-4.462,-6.033,2,H,26(E2),Q,,
0.2535,0.07158,5,H,26(E2),Y,0.186,1
2.278,0.2951,2,S,27(E2),P,,
0,0,,S,27(E2),S,0,
-1.162,-0.6383,8,S,27(E2),Y,,
-4.407,-5.957,1,C,28(E2),*,,
0,0,,C,28(E2),C,0,
-1.092,-0.58,2,C,28(E2),F,,
-3.48,-4.363,1,C,28(E2),G,,
-6.7,-7.53,6,C,28(E2),R,,
-6.365,-7.443,2,C,28(E2),S,-8,1
-6.185,-7.384,2,C,28(E2),Y,-8,1
-1.662,-1.152,1,H,29(E2),D,,
0,0,,H,29(E2),H,0,
-2.972,-3.341,4,H,29(E2),N,-3.848,1
0.2849,0.07933,2,H,29(E2),Q,,
-2.19,-1.899,6,H,29(E2),Y,-1.484,1
-6.879,-7.567,1,S,30(E2),A,,
-7.412,-7.644,1,S,30(E2),F,,
-6.365,-7.443,3,S,30(E2),P,-8,1
0,0,,S,30(E2),S,0,
-0.9491,-0.4711,1,S,30(E2),T,,
-2.344,-2.155,4,S,30(E2),Y,,
-6.347,-7.438,3,P,31(E2),H,-8,1
-7.329,-7.635,6,P,31(E2),L,-8,1
0,0,,P,31(E2),P,0,
2.394,0.2989,1,P,31(E2),R,,
-1.776,-1.295,5,P,31(E2),S,,
-1.283,-0.7468,5,P,31(E2),T,,
-1.646,-1.132,1,V,32(E2),A,-1.388,1
-6.428,-7.462,5,V,32(E2),L,-8,1
-2.39,-2.236,12,V,32(E2),M,-2.869,3
0,0,,V,32(E2),V,0,
0,0,,A,33(E2),A,0,
-6.31,-7.426,4,A,33(E2),D,,
-0.5887,-0.2459,1,A,33(E2),G,,
-0.2921,-0.106,5,A,33(E2),S,,
-2.202,-1.918,8,A,33(E2),T,,
-3.501,-4.403,3,A,33(E2),V,,
0,0,,L,34(E2),L,0,
-0.2712,-0.09742,1,L,34(E2),M,,
-5.81,-7.226,10,L,34(E2),P,,
-2.942,-3.281,5,L,34(E2),Q,,
-13.35,-7.757,1,E,35(E2),*,-8,1
-1.127,-0.609,1,E,35(E2),D,,
0,0,,E,35(E2),E,0,
-5.335,-6.935,6,E,35(E2),G,,
-7.879,-7.686,25,E,35(E2),K,-8,2
-2.77,-2.942,2,E,35(E2),V,,
0.704,0.1635,1,R,36(E2),G,,
-0.1619,-0.05526,3,R,36(E2),L,,
-1.52,-0.9874,6,R,36(E2),Q,-0.3048,1
0,0,,R,36(E2),R,0,
-0.009757,-0.003105,8,R,36(E2),W,1.555,1
-6.681,-7.526,1,I,37(E2),F,,
0,0,,I,37(E2),I,0,
-1.492,-0.9573,1,I,37(E2),L,-1.254,1
-4.694,-6.326,1,I,37(E2),N,,
-5.275,-6.889,1,I,37(E2),S,,
-2.329,-2.129,3,I,37(E2),T,,
-2.851,-3.101,1,R,38(E2),*,,
-3.03,-3.458,7,R,38(E2),G,-2.962,3
-2.097,-1.751,6,R,38(E2),I,,
-2.012,-1.623,2,R,38(E2),K,-1.896,1
0,0,,R,38(E2),R,0,
-1.511,-0.978,2,R,38(E2),S,,
-7.065,-7.598,3,N,39(E2),K,,
0,0,,N,39(E2),N,0,
-4.325,-5.84,1,N,39(E2),S,,
-6.852,-7.562,7,E,40(E2),*,-8,1
-2.799,-2.999,11,E,40(E2),D,-3.454,1
0,0,,E,40(E2),E,0,
-1.258,-0.7232,5,E,40(E2),G,,
-7,-7.588,6,E,40(E2),K,,
2.473,0.3013,1,E,40(E2),Q,,
-5.472,-7.031,1,E,40(E2),V,,
0,0,,A,41(E2),A,0,
0.4351,0.1134,1,A,41(E2),D,,
-5.756,-7.198,4,A,41(E2),S,,
-4.636,-6.257,7,A,41(E2),T,-4.572,2
-2.535,-2.496,6,A,41(E2),V,,
-3.111,-3.621,2,T,42(E2),I,,
-0.6433,-0.2758,1,T,42(E2),N,,
0,0,,T,42(E2),T,0,
0,0,,D,43(E2),D,0,
-4.601,-6.214,2,D,43(E2),E,,
-1.131,-0.6125,1,D,43(E2),G,,
-7.266,-7.627,14,D,43(E2),N,-8,1
-5.68,-7.157,8,D,43(E2),Y,-7.987,2
-1.729,-1.234,1,G,44(E2),A,,
-7.701,-7.673,4,G,44(E2),C,,
-4.722,-6.359,26,G,44(E2),D,-6.615,1
0,0,,G,44(E2),G,0,
-2.487,-2.408,4,G,44(E2),S,-2.404,1
-7.202,-7.618,3,G,44(E2),V,,
-2.164,-1.856,2,T,45(E2),A,-2.11,1
-1.649,-1.136,4,T,45(E2),I,-2.161,1
-4.344,-5.867,1,T,45(E2),N,-6.304,1
2.505,0.3022,1,T,45(E2),S,,
0,0,,T,45(E2),T,0,
0,0,,L,46(E2),L,0,
0.9873,0.204,2,L,46(E2),M,,
-7.623,-7.666,18,L,46(E2),P,-8,1
-3.349,-4.102,1,L,46(E2),Q,,
-5.935,-7.284,1,K,47(E2),*,,
-8.381,-7.714,6,K,47(E2),E,,
0,0,,K,47(E2),K,0,
-1.764,-1.28,1,K,47(E2),M,,
-1.632,-1.116,4,K,47(E2),N,,
-4.378,-5.916,1,K,47(E2),T,,
0,0,,I,48(E2),I,0,
-1.743,-1.253,1,I,48(E2),L,,
-4.221,-5.683,1,I,48(E2),M,,
-3.252,-3.906,1,I,48(E2),S,,
-5.231,-6.855,4,Q,49(E2),*,,
-2.078,-1.722,3,Q,49(E2),H,,
-5.111,-6.754,2,Q,49(E2),K,,
-5.206,-6.834,3,Q,49(E2),P,,
0,0,,Q,49(E2),Q,0,
-4.403,-5.951,13,Q,49(E2),R,-5.46,1
-0.3747,-0.1414,1,V,50(E2),A,,
-6.098,-7.352,1,V,50(E2),G,,
-2.716,-2.837,2,V,50(E2),L,,
-2.137,-1.814,4,V,50(E2),M,-1.696,1
0,0,,V,50(E2),V,0,
-7.191,-7.617,5,S,51(E2),F,-8,1
-7.027,-7.592,3,S,51(E2),P,-8,1
0,0,,S,51(E2),S,0,
-6.761,-7.543,3,S,51(E2),Y,-8,1
0,0,,L,52(E2),L,0,
-1.794,-1.318,4,L,52(E2),M,-1.415,1
-5.828,-7.235,6,L,52(E2),P,-7.535,1
3.591,0.3208,1,L,52(E2),Q,,
-6.405,-7.455,20,Q,53(E2),*,-8,1
-3.368,-4.139,4,Q,53(E2),H,-4.587,1
-6.444,-7.466,3,Q,53(E2),K,,
0.1292,0.03859,1,Q,53(E2),P,,
0,0,,Q,53(E2),Q,0,
-5.588,-7.104,7,Q,53(E2),R,-6.638,2
0,0,,I,54(E2),I,0,
1.329,0.2401,1,I,54(E2),N,,
-0.5632,-0.2324,2,I,54(E2),V,,
-2.931,-3.26,2,G,55(E2),A,,
-2.148,-1.831,3,G,55(E2),C,-1.319,1
-5.412,-6.99,159,G,55(E2),D,-7.685,26
0,0,,G,55(E2),G,0,
-6.765,-7.544,1,G,55(E2),R,,
-3.827,-5.02,8,G,55(E2),S,,
-6.72,-7.535,5,G,55(E2),V,,
-1.186,-0.6594,1,I,56(E2),F,,
0,0,,I,56(E2),I,0,
-0.8916,-0.4305,1,I,56(E2),S,,
-1.018,-0.522,1,I,56(E2),T,,
-5.493,-7.045,3,K,57(E2),*,,
-3.279,-3.96,5,K,57(E2),E,-3.708,1
0,0,,K,57(E2),K,0,
-1.269,-0.7338,2,K,57(E2),M,,
3.062,0.3142,2,K,57(E2),N,,
1.369,0.2436,4,K,57(E2),R,,
1.538,0.2569,2,K,57(E2),T,-0.6511,1
0.5055,0.1278,2,T,58(E2),A,,
-1.434,-0.8953,5,T,58(E2),I,-1.01,1
-1.902,-1.465,1,T,58(E2),N,,
-0.4541,-0.1779,1,T,58(E2),P,,
2.626,0.3054,1,T,58(E2),S,1.464,1
0,0,,T,58(E2),T,0,
0,0,,D,59(E2),D,0,
-0.5363,-0.2185,1,D,59(E2),E,,
-6.412,-7.457,2,D,59(E2),G,-8,1
-0.5643,-0.233,1,D,59(E2),H,,
-3.516,-4.433,15,D,59(E2),N,-2.942,2
-4.125,-5.533,2,D,59(E2),Y,,
0,0,,D,60(E2),D,0,
-0.7258,-0.3237,2,D,60(E2),E,,
-2.87,-3.137,2,D,60(E2),G,,
-2.259,-2.011,6,D,60(E2),N,-2.189,1
-7.895,-7.687,9,D,60(E2),Y,-8,1
-1.967,-1.557,2,S,61(E2),C,-1.811,2
-2.474,-2.384,4,S,61(E2),G,-2.519,1
-1.305,-0.7674,15,S,61(E2),I,,
-0.5359,-0.2183,10,S,61(E2),N,0.2395,1
-2.202,-1.917,4,S,61(E2),R,,
0,0,,S,61(E2),S,0,
0,0,,H,62(E2),H,0,
-0.7361,-0.3299,3,H,62(E2),Q,-3.828,2
-0.2231,-0.07838,2,H,62(E2),R,,
1.233,0.2311,4,H,62(E2),Y,-0.2992,1
0,0,,D,63(E2),D,0,
-3.538,-4.477,4,D,63(E2),E,-4.5,1
-3.723,-4.829,2,D,63(E2),G,,
-1.289,-0.7523,2,D,63(E2),N,,
-8.154,-7.703,6,D,63(E2),Y,-8,1
-8.535,-7.72,24,W,64(E2),*,-6.752,2
0.5603,0.1383,2,W,64(E2),C,0.2554,1
-0.6392,-0.2735,3,W,64(E2),L,,
-1.436,-0.8974,2,W,64(E2),R,,
0,0,,W,64(E2),W,0,
4.419,0.3261,2,T,65(E2),A,0.3507,1
-4.347,-5.872,7,T,65(E2),I,-6.656,2
-3.292,-3.988,1,T,65(E2),K,,
0,0,,T,65(E2),T,0,
-5.52,-7.062,1,K,66(E2),*,,
-2.453,-2.347,2,K,66(E2),E,-1.008,1
0,0,,K,66(E2),K,0,
0.07685,0.0235,2,K,66(E2),M,,
-1.591,-1.067,2,K,66(E2),N,-1.37,1
-0.638,-0.2728,3,K,66(E2),R,-0.5138,1
0,0,,L,67(E2),L,0,
-0.5995,-0.2517,3,L,67(E2),M,-0.3383,2
-1.588,-1.064,1,L,67(E2),P,,
-2.837,-3.072,3,R,68(E2),L,,
-6.896,-7.57,6,R,68(E2),Q,-8,1
0,0,,R,68(E2),R,0,
-6.09,-7.349,37,R,68(E2),W,-7.987,2
-5.619,-7.122,3,Y,69(E2),*,,
-3.903,-5.157,1,Y,69(E2),C,,
-0.9637,-0.4817,2,Y,69(E2),H,-0.7772,1
0,0,,Y,69(E2),Y,0,
-4.596,-6.208,13,M,70(E2),I,-3.723,2
-3.366,-4.136,2,M,70(E2),K,,
0,0,,M,70(E2),M,0,
-0.5827,-0.2427,1,M,70(E2),R,,
-3.151,-3.702,1,M,70(E2),T,,
0,0,,D,71(E2),D,0,
-1.596,-1.073,2,D,71(E2),G,,
-0.3779,-0.1428,2,D,71(E2),H,-0.4192,2
-0.6195,-0.2626,11,D,71(E2),N,,
-0.4833,-0.192,3,D,71(E2),Y,-0.4092,1
1.151,0.2228,1,N,72(E2),-,,
1.625,0.263,1,N,72(E2),K,,
0,0,,N,72(E2),N,0,
0.4517,0.1169,2,N,72(E2),S,-1.38,1
0.4453,0.1155,1,N,72(E2),Y,,
0.2103,0.06054,1,H,73(E2),-,,
0,0,,H,73(E2),H,0,
-0.6463,-0.2775,1,H,73(E2),L,,
-3.482,-4.366,3,H,73(E2),N,-5.568,2
-5.348,-6.945,4,H,73(E2),Q,,
-2.125,-1.795,2,H,73(E2),R,-1.35,1
-5.173,-6.807,6,H,73(E2),Y,,
-0.9074,-0.4415,12,M,74(E2),I,-0.5593,1
-1.059,-0.5543,1,M,74(E2),K,,
0,0,,M,74(E2),M,0,
0.1779,0.05198,2,M,74(E2),T,,
0.0148,0.004655,2,M,74(E2),V,,
-2.516,-2.462,2,P,75(E2),H,,
-1.323,-0.7842,2,P,75(E2),L,,
0,0,,P,75(E2),P,0,
-0.32,-0.1176,12,P,75(E2),S,-0.4568,2
-1.175,-0.6492,3,P,75(E2),T,-0.931,1
0,0,,A,76(E2),A,0,
-0.558,-0.2297,3,A,76(E2),D,,
0.07206,0.02209,9,A,76(E2),S,-7.539,1
-1.819,-1.352,27,A,76(E2),T,-2.813,3
-1.678,-1.171,26,A,76(E2),V,-2.443,2
0,0,,D,77(E2),D,0,
-1.896,-1.456,1,D,77(E2),E,-1.707,1
-1.277,-0.741,10,D,77(E2),N,-0.8569,2
-6.816,-7.554,5,D,77(E2),Y,-8,2
0,0,,A,78(E2),A,0,
-3.394,-4.192,3,A,78(E2),D,-4.35,1
-1.192,-0.6647,9,A,78(E2),S,-1.093,1
-3.107,-3.613,10,A,78(E2),T,-3.826,1
-6.498,-7.481,32,A,78(E2),V,-8,5
-6.438,-7.465,5,E,79(E2),*,-8,1
0.3726,0.09979,1,E,79(E2),-,,
0.7511,0.171,4,E,79(E2),D,,
0,0,,E,79(E2),E,0,
-4.487,-6.066,4,E,79(E2),G,,
-6.195,-7.388,12,E,79(E2),K,-7.72,4
-0.2999,-0.1092,1,E,79(E2),Q,,
-3.996,-5.318,1,E,79(E2),V,,
-0.02196,-0.007026,1,R,80(E2),-,,
-1.34,-0.8013,6,R,80(E2),G,,
0.3793,0.1013,2,R,80(E2),K,,
-0.6154,-0.2603,7,R,80(E2),M,-0.4773,2
0,0,,R,80(E2),R,0,
0.5594,0.1381,5,R,80(E2),S,,
0.06359,0.01956,1,A,81(E2),-,,
0,0,,A,81(E2),A,0,
1.747,0.2707,1,A,81(E2),D,0.4069,1
-0.9324,-0.4591,1,A,81(E2),P,,
1.133,0.2209,6,A,81(E2),S,,
0.1172,0.03519,23,A,81(E2),T,-0.267,2
-1.185,-0.6584,17,A,81(E2),V,,
-0.1172,-0.03919,1,R,82(E2),-,,
-0.2912,-0.1056,1,R,82(E2),G,,
-1.975,-1.569,2,R,82(E2),I,,
0.3557,0.09599,5,R,82(E2),K,0.47,1
0,0,,R,82(E2),R,0,
0.1394,0.04143,1,L,83(E2),-,,
0,0,,L,83(E2),L,0,
1.593,0.2608,2,L,83(E2),M,,
-3.546,-4.492,1,L,83(E2),P,-4.762,1
-6.131,-7.364,3,L,83(E2),Q,-8,1
0.1912,0.05553,1,F,84(E2),-,,
-2.571,-2.562,1,F,84(E2),C,-2.85,1
0,0,,F,84(E2),F,0,
-0.5918,-0.2475,1,F,84(E2),I,,
-0.4175,-0.1607,2,F,84(E2),L,,
-0.5286,-0.2145,1,F,84(E2),S,,
-1.162,-0.6384,3,F,84(E2),Y,,
1.759,0.2714,2,V,85(E2),-,,
-1.481,-0.945,3,V,85(E2),A,-1.207,1
-6.405,-7.455,7,V,85(E2),F,,
-0.7596,-0.3443,2,V,85(E2),I,,
0,0,,V,85(E2),V,0,
-0.4,-0.1527,1,R,86(E2),-,,
0.162,0.04767,9,R,86(E2),G,,
-0.1041,-0.03458,8,R,86(E2),I,,
-1.688,-1.183,5,R,86(E2),K,-0.4992,1
0,0,,R,86(E2),R,0,
0.2389,0.06791,1,T,87(E2),-,,
-2.525,-2.477,3,T,87(E2),I,-0.7092,1
0,0,,T,87(E2),T,0,
0.2524,0.0713,1,S,88(E2),-,,
-0.07443,-0.0244,1,S,88(E2),G,,
1.418,0.2477,4,S,88(E2),I,,
0.09206,0.02796,6,S,88(E2),N,,
-1.226,-0.6942,4,S,88(E2),R,,
0,0,,S,88(E2),S,0,
4.112,0.3246,1,S,88(E2),T,,
-0.1738,-0.05967,1,A,89(E2),-,,
0,0,,A,89(E2),A,0,
-4.213,-5.672,1,A,89(E2),P,,
-0.084,-0.02766,6,A,89(E2),S,-0.5026,1
1.155,0.2232,10,A,89(E2),T,-0.004,2
3.632,0.3211,4,A,89(E2),V,-0.006944,1
-0.1851,-0.06387,1,P,90(E2),-,,
-3.041,-3.48,4,P,90(E2),H,,
-0.6776,-0.2953,2,P,90(E2),L,-1.539,1
0,0,,P,90(E2),P,0,
-0.3205,-0.1179,3,P,90(E2),S,-0.9641,1
-6.202,-7.39,1,C,91(E2),*,-8,1
-0.5903,-0.2468,1,C,91(E2),-,,
0,0,,C,91(E2),C,0,
-7.653,-7.668,5,C,91(E2),F,,
-5.992,-7.309,1,C,91(E2),R,,
-3.262,-3.926,1,C,91(E2),S,,
-0.5496,-0.2253,1,C,91(E2),W,,
-6.318,-7.429,9,C,91(E2),Y,-6.792,1
0.1297,0.03873,3,T,92(E2),A,,
-1.292,-0.7552,11,T,92(E2),I,-0.7835,2
0.4543,0.1174,2,T,92(E2),N,,
-0.1171,-0.03916,2,T,92(E2),S,0.2229,1
0,0,,T,92(E2),T,0,
-5.294,-6.904,1,I,93(E2),-,,
0,0,,I,93(E2),I,0,
-1.807,-1.335,1,I,93(E2),N,,
-1.191,-0.6633,5,I,93(E2),T,,
-1.532,-1.001,2,I,93(E2),V,-0.9885,1
-0.8755,-0.4195,1,T,94(E2),-,,
-2.556,-2.535,2,T,94(E2),A,,
0.6884,0.1609,5,T,94(E2),I,,
0.8632,0.1876,1,T,94(E2),N,0.01467,1
0,0,,T,94(E2),T,0,
-2.372,-2.205,1,G,95(E2),-,,
-0.3746,-0.1413,5,G,95(E2),C,-2.506,1
-1.237,-0.7039,56,G,95(E2),D,-2.014,7
0,0,,G,95(E2),G,0,
0.3205,0.08785,8,G,95(E2),S,-1.078,1
0.506,0.1279,2,G,95(E2),V,,
-0.8711,-0.4165,2,T,96(E2),A,,
-2.575,-2.57,2,T,96(E2),I,,
1.726,0.2694,1,T,96(E2),N,,
0,0,,T,96(E2),T,0,
-0.8306,-0.3895,11,M,97(E2),I,-0.6036,1
0,0,,M,97(E2),M,0,
-2.663,-2.736,1,M,97(E2),V,,
-5.011,-6.662,3,G,98(E2),C,,
-8.84,-7.73,25,G,98(E2),D,-8,3
0,0,,G,98(E2),G,0,
-0.981,-0.4945,3,G,98(E2),S,,
-4.829,-6.478,5,G,98(E2),V,,
-0.3242,-0.1194,1,H,99(E2),D,,
0,0,,H,99(E2),H,0,
-4.803,-6.451,8,H,99(E2),Q,-5.923,1
0.06285,0.01934,1,H,99(E2),R,,
-1.849,-1.391,3,H,99(E2),Y,-0.7471,1
0,0,,F,100(E2),F,0,
-6.203,-7.391,4,F,100(E2),L,-8,1
-8.044,-7.697,3,F,100(E2),S,,
0.8341,0.1834,1,F,100(E2),V,,
-2.417,-2.283,5,F,100(E2),Y,-2.494,1
0.1579,0.04653,1,I,101(E2),F,,
0,0,,I,101(E2),I,0,
-0.828,-0.3878,1,I,101(E2),M,,
-3.567,-4.532,1,I,101(E2),N,-4.786,1
0,0,,L,102(E2),L,0,
-4.817,-6.466,2,L,102(E2),M,-8,1
-6.467,-7.473,9,L,102(E2),P,-8,1
0,0,,A,103(E2),A,0,
-7.145,-7.61,2,A,103(E2),D,,
-0.3896,-0.148,1,A,103(E2),P,,
0.08529,0.02598,2,A,103(E2),S,,
-0.7004,-0.3086,34,A,103(E2),T,-0.2241,5
-0.9177,-0.4487,11,A,103(E2),V,-1.314,3
-6.853,-7.562,2,R,104(E2),*,-8,2
-0.9618,-0.4803,4,R,104(E2),G,,
-0.718,-0.319,1,R,104(E2),I,,
-0.8395,-0.3954,8,R,104(E2),K,-0.5147,2
0,0,,R,104(E2),R,0,
0.9679,0.2015,1,R,104(E2),S,,
-0.2542,-0.09063,1,R,104(E2),T,,
0,0,,C,105(E2),C,0,
-7.055,-7.597,8,C,105(E2),F,-8,1
-5.966,-7.298,4,C,105(E2),R,-7.904,1
-6.507,-7.484,3,C,105(E2),S,-8,1
-6.718,-7.534,8,C,105(E2),Y,-8,1
-2.267,-2.024,2,P,106(E2),H,-2.897,1
0.003882,0.001228,2,P,106(E2),L,,
0,0,,P,106(E2),P,0,
-0.2417,-0.08566,5,P,106(E2),S,,
1.865,0.2773,2,P,106(E2),T,0.707,1
-4.367,-5.9,1,K,107(E2),*,,
-0.7903,-0.3635,4,K,107(E2),E,,
0,0,,K,107(E2),K,0,
1.653,0.2648,4,K,107(E2),N,1.514,1
0.1547,0.04567,3,K,107(E2),R,,
-4.644,-6.267,2,G,108(E2),C,,
-3.829,-5.024,3,G,108(E2),D,,
0,0,,G,108(E2),G,0,
-0.8042,-0.3724,4,G,108(E2),S,,
3.003,0.3132,1,G,108(E2),V,,
-4.352,-5.879,3,E,109(E2),*,,
0.1544,0.0456,2,E,109(E2),D,,
0,0,,E,109(E2),E,0,
-1.765,-1.28,2,E,109(E2),G,,
-1.853,-1.397,9,E,109(E2),K,-1.59,2
-0.05762,-0.01874,4,T,110(E2),A,,
-2.9,-3.197,3,T,110(E2),I,,
0,0,,T,110(E2),T,0,
0,0,,L,111(E2),L,0,
-0.1752,-0.06017,5,L,111(E2),M,,
-6.819,-7.555,4,L,111(E2),P,,
-6.494,-7.48,1,L,111(E2),Q,,
-2.959,-3.315,3,T,112(E2),A,,
-6.424,-7.461,6,T,112(E2),I,,
-3.696,-4.779,2,T,112(E2),N,-5.711,1
-1.524,-0.9918,3,T,112(E2),S,-1.669,1
0,0,,T,112(E2),T,0,
-0.2554,-0.09109,1,V,113(E2),A,,
-2.627,-2.668,5,V,113(E2),L,-2.438,1
-4.663,-6.289,14,V,113(E2),M,-5.989,1
0,0,,V,113(E2),V,0,
-1.671,-1.162,1,G,114(E2),A,,
-2.143,-1.824,8,G,114(E2),C,,
-1.783,-1.303,17,G,114(E2),D,,
0,0,,G,114(E2),G,0,
-1.281,-0.7442,4,G,114(E2),S,,
-2.645,-2.701,4,G,114(E2),V,,
0,0,,F,115(E2),F,0,
-3.644,-4.68,2,F,115(E2),I,,
-3.896,-5.144,6,F,115(E2),L,-3.966,1
-4.876,-6.529,3,F,115(E2),S,-8,1
-1.797,-1.323,4,F,115(E2),Y,,
0.2926,0.0812,6,T,116(E2),A,0.5006,1
0.09067,0.02755,10,T,116(E2),I,-0.1418,3
-3.534,-4.469,1,T,116(E2),K,,
0,0,,T,116(E2),T,0,
0,0,,D,117(E2),D,0,
-2.108,-1.769,2,D,117(E2),E,,
-0.6938,-0.3047,2,D,117(E2),G,,
-1.068,-0.5613,3,D,117(E2),N,,
-5.478,-7.035,5,D,117(E2),Y,-8,1
-1.629,-1.113,6,G,118(E2),C,-0.8414,3
-0.1748,-0.06004,46,G,118(E2),D,-0.3868,2
0,0,,G,118(E2),G,0,
0.8766,0.1894,3,G,118(E2),S,-1.322,1
-1.099,-0.586,3,G,118(E2),V,,
-4.744,-6.385,1,R,119(E2),*,,
0.3999,0.1058,1,R,119(E2),G,,
-1.718,-1.221,1,R,119(E2),I,,
-2.514,-2.458,7,R,119(E2),K,-4.294,2
0,0,,R,119(E2),R,0,
-1.835,-1.373,2,R,119(E2),S,-1.233,1
1.734,0.2699,1,K,120(E2),E,,
0,0,,K,120(E2),K,0,
-0.2071,-0.07222,5,K,120(E2),N,,
0,0,,I,121(E2),I,0,
-1.618,-1.099,1,I,121(E2),N,,
0.865,0.1878,1,I,121(E2),T,0.02378,1
-0.3394,-0.1259,1,S,122(E2),C,,
0.6499,0.1544,15,S,122(E2),G,-0.8396,1
0.8438,0.1848,3,S,122(E2),I,0.6664,1
0.4724,0.1211,9,S,122(E2),N,-0.8997,3
0.1888,0.05487,6,S,122(E2),R,0.1723,1
0,0,,S,122(E2),S,0,
0.7029,0.1633,1,S,122(E2),T,,
0,0,,H,123(E2),H,0,
0.7068,0.1639,2,H,123(E2),N,,
-0.4204,-0.1621,1,H,123(E2),Q,,
-1.863,-1.41,2,H,123(E2),Y,,
-0.8982,-0.4351,3,S,124(E2),C,-0.6009,1
-1.574,-1.048,5,S,124(E2),G,,
0.4763,0.1219,6,S,124(E2),I,,
-0.02969,-0.009534,4,S,124(E2),N,,
-0.592,-0.2477,7,S,124(E2),R,,
0,0,,S,124(E2),S,0,
-6.33,-7.433,4,C,125(E2),*,,
0,0,,C,125(E2),C,0,
-8.425,-7.716,8,C,125(E2),F,,
-5.774,-7.207,4,C,125(E2),R,,
-6.004,-7.314,3,C,125(E2),S,,
-6.734,-7.538,2,C,125(E2),W,,
-6.822,-7.556,37,C,125(E2),Y,-8,8
-0.243,-0.08617,9,T,126(E2),I,,
-1.039,-0.5381,1,T,126(E2),K,,
-2.532,-2.49,1,T,126(E2),P,,
0,0,,T,126(E2),T,0,
0,0,,H,127(E2),H,0,
-0.2236,-0.07856,1,H,127(E2),N,,
-2.423,-2.294,1,H,127(E2),P,,
-1.06,-0.5545,2,H,127(E2),Q,-1.268,1
-3.078,-3.555,4,H,127(E2),R,-3.172,1
-2.914,-3.226,4,H,127(E2),Y,,
-0.5011,-0.2007,1,P,128(E2),H,,
-0.5134,-0.2069,2,P,128(E2),L,,
0,0,,P,128(E2),P,0,
-0.6853,-0.2997,1,P,128(E2),R,,
3.203,0.3163,2,P,128(E2),S,0.2219,1
-0.3375,-0.1251,2,P,128(E2),T,,
0,0,,F,129(E2),F,0,
-1.929,-1.502,2,F,129(E2),I,,
-1.943,-1.522,11,F,129(E2),L,,
0.06751,0.02073,1,F,129(E2),N,,
0.5261,0.1318,3,F,129(E2),S,,
-1.756,-1.269,1,F,129(E2),Y,,
0,0,,H,130(E2),H,0,
-2.575,-2.57,2,H,130(E2),N,,
1.152,0.2229,1,H,130(E2),Q,,
-2.068,-1.707,1,H,130(E2),R,,
0.7572,0.1719,5,H,130(E2),Y,-0.3926,2
0,0,,H,131(E2),H,0,
-1.435,-0.896,1,H,131(E2),N,,
-6.441,-7.465,2,H,131(E2),Q,-8,1
-1.062,-0.5565,2,H,131(E2),R,,
-3.073,-3.544,6,H,131(E2),Y,,
0,0,,D,132(E2),D,0,
-0.913,-0.4454,1,D,132(E2),G,,
-1.683,-1.178,10,D,132(E2),N,-0.386,1
-1.281,-0.7445,3,D,132(E2),Y,-1.616,1
0.2355,0.06703,2,P,133(E2),H,,
-1.182,-0.6557,4,P,133(E2),L,,
0,0,,P,133(E2),P,0,
-0.8137,-0.3785,1,P,133(E2),R,-0.6712,1
0.08231,0.02511,5,P,133(E2),S,,
-1.615,-1.096,4,P,133(E2),T,0.3399,1
-0.03248,-0.01044,9,P,134(E2),L,0.3498,1
0,0,,P,134(E2),P,0,
0.5703,0.1402,1,P,134(E2),Q,,
-1.884,-1.44,6,P,134(E2),S,-1.237,1
-1.897,-1.458,2,P,134(E2),T,,
-0.4893,-0.1949,6,V,135(E2),L,,
0.06393,0.01967,2,V,135(E2),M,,
0,0,,V,135(E2),V,0,
-3.56,-4.518,2,I,136(E2),F,,
0,0,,I,136(E2),I,0,
-6.646,-7.518,5,I,136(E2),N,,
-3.731,-4.843,1,I,136(E2),T,-5.376,1
0.8613,0.1873,1,I,136(E2),V,,
1.946,0.2813,1,G,137(E2),C,,
-6.791,-7.549,20,G,137(E2),D,-8,1
0,0,,G,137(E2),G,0,
-0.2956,-0.1074,1,G,137(E2),R,,
-0.7323,-0.3276,3,G,137(E2),S,,
-1.881,-1.435,4,G,137(E2),V,-1.709,1
0.3414,0.09272,1,R,138(E2),*,,
-0.8147,-0.3792,1,R,138(E2),G,,
-2.942,-3.282,3,R,138(E2),K,,
0,0,,R,138(E2),R,0,
-6.789,-7.549,6,E,139(E2),*,-8,1
0,0,,E,139(E2),E,0,
-2.285,-2.055,1,E,139(E2),G,,
-8.096,-7.7,6,E,139(E2),K,-8,1
0.3869,0.103,1,E,139(E2),Q,,
-7.036,-7.594,2,K,140(E2),*,,
-0.8226,-0.3843,6,K,140(E2),E,,
0,0,,K,140(E2),K,0,
0.09191,0.02792,1,K,140(E2),M,,
-1.187,-0.6602,1,K,140(E2),N,,
-1.88,-1.435,1,K,140(E2),Q,,
-1.086,-0.5756,2,K,140(E2),R,,
-2.337,-2.144,1,K,140(E2),T,,
0,0,,F,141(E2),F,0,
-5.047,-6.696,2,F,141(E2),I,-6.236,1
2.63,0.3055,2,F,141(E2),L,,
1.009,0.2066,1,F,141(E2),S,,
-0.2122,-0.07417,1,F,141(E2),Y,,
0,0,,H,142(E2),H,0,
-0.3613,-0.1355,5,H,142(E2),Q,-2.15,1
-0.5745,-0.2383,2,H,142(E2),R,,
0.196,0.05678,3,H,142(E2),Y,,
-3.415,-4.233,1,S,143(E2),-,,
-1.449,-0.9112,2,S,143(E2),C,,
1.855,0.2767,6,S,143(E2),G,0.3053,1
0.1414,0.04198,1,S,143(E2),I,,
-1.57,-1.043,11,S,143(E2),N,-5.324,1
0,0,,S,143(E2),S,0,
-2.24,-1.98,4,R,144(E2),I,,
-1.199,-0.6706,6,R,144(E2),K,-3.98,1
0,0,,R,144(E2),R,0,
-0.7373,-0.3306,1,R,144(E2),T,,
-0.8433,-0.3979,5,P,145(E2),H,-1.238,1
-2.612,-2.639,2,P,145(E2),L,-2.721,1
0,0,,P,145(E2),P,0,
-0.7624,-0.3461,3,P,145(E2),S,-0.4793,1
-1.319,-0.7803,2,P,145(E2),T,,
-6.29,-7.42,4,Q,146(E2),*,-8,1
-0.7912,-0.3641,2,Q,146(E2),E,-0.6149,1
0.4396,0.1143,8,Q,146(E2),H,,
-4.903,-6.556,1,Q,146(E2),K,,
0.8794,0.1898,2,Q,146(E2),L,,
0.01959,0.006149,1,Q,146(E2),P,,
0,0,,Q,146(E2),Q,0,
-2.572,-2.564,7,Q,146(E2),R,-2.829,2
0,0,,H,147(E2),H,0,
1.665,0.2657,1,H,147(E2),L,,
-1.029,-0.5307,1,H,147(E2),N,,
-1.34,-0.8005,3,H,147(E2),Q,-0.9918,1
-0.3505,-0.1307,6,H,147(E2),Y,,
-6.072,-7.342,8,G,148(E2),*,-7.295,1
-1.862,-1.41,12,G,148(E2),E,-2.201,1
0,0,,G,148(E2),G,0,
-7.542,-7.658,7,G,148(E2),R,,
-0.707,-0.3125,1,G,148(E2),V,,
2.152,0.2904,2,R,149(E2),I,1.172,1
0.09864,0.02987,8,R,149(E2),K,,
0,0,,R,149(E2),R,0,
0.5596,0.1382,1,R,149(E2),S,,
-0.3125,-0.1145,1,R,149(E2),T,,
-6.66,-7.521,4,E,150(E2),*,,
1.519,0.2555,3,E,150(E2),D,,
0,0,,E,150(E2),E,0,
-2.252,-2,3,E,150(E2),G,,
-5.142,-6.781,4,E,150(E2),K,,
-1.137,-0.6173,1,E,150(E2),V,,
0,0,,L,151(E2),L,0,
1.857,0.2768,2,L,151(E2),M,,
-0.538,-0.2193,3,L,151(E2),V,,
-2.46,-2.359,7,P,152(E2),H,-3.384,3
-1.639,-1.124,2,P,152(E2),L,-1.376,1
0,0,,P,152(E2),P,0,
-0.5272,-0.2138,13,P,152(E2),S,-0.8218,4
0,0,,C,153(E2),C,0,
-6.824,-7.556,2,C,153(E2),F,-8,1
-1.25,-0.7158,1,C,153(E2),R,,
-8.013,-7.695,5,C,153(E2),Y,,
-7.206,-7.619,2,S,154(E2),G,-8,1
-4.611,-6.227,2,S,154(E2),I,,
-5.974,-7.302,6,S,154(E2),N,-7.113,1
-3.216,-3.833,3,S,154(E2),R,,
0,0,,S,154(E2),S,0,
0.1295,0.03866,1,T,155(E2),A,,
-3.614,-4.623,4,T,155(E2),I,-4.556,1
-2.213,-1.936,1,T,155(E2),K,,
0,0,,T,155(E2),T,0,
-5.778,-7.209,11,Y,156(E2),*,-6.538,3
-7.422,-7.646,16,Y,156(E2),C,,
0,0,,Y,156(E2),Y,0,
0,0,,A,157(E2),A,0,
0.1322,0.03943,5,A,157(E2),D,,
2.024,0.285,9,A,157(E2),S,-0.3361,2
1.179,0.2257,17,A,157(E2),T,,
-0.07846,-0.02577,10,A,157(E2),V,-0.4358,1
-1.623,-1.105,3,Q,158(E2),*,-1.017,1
-0.3966,-0.1512,5,Q,158(E2),H,0.2847,1
-0.204,-0.07102,2,Q,158(E2),K,,
-0.6861,-0.3002,1,Q,158(E2),L,,
-0.2284,-0.08044,1,Q,158(E2),P,,
0,0,,Q,158(E2),Q,0,
-1.498,-0.9635,2,Q,158(E2),R,,
-0.8038,-0.3722,1,S,159(E2),G,-0.6689,1
0.2286,0.06527,18,S,159(E2),N,-1.108,3
-0.4238,-0.1636,1,S,159(E2),R,,
0,0,,S,159(E2),S,0,
-1.319,-0.7804,1,T,160(E2),A,,
-0.05339,-0.01733,14,T,160(E2),I,,
-1.51,-0.9763,1,T,160(E2),K,-1.197,1
0,0,,T,160(E2),T,0,
-1.431,-0.8925,1,A,161(E2),-,-1.184,1
0,0,,A,161(E2),A,0,
0.2176,0.06244,2,A,161(E2),D,,
-5.216,-6.843,1,A,161(E2),P,,
-0.7187,-0.3194,6,A,161(E2),S,,
-1.299,-0.7617,15,A,161(E2),T,-1.55,3
-0.6694,-0.2906,17,A,161(E2),V,-0.8857,3
0,0,,A,162(E2),A,0,
-1.346,-0.8063,6,A,162(E2),D,-0.8239,1
-0.5246,-0.2125,1,A,162(E2),G,,
-1.684,-1.178,3,A,162(E2),S,-0.9412,1
-0.3541,-0.1323,18,A,162(E2),T,-0.9758,2
-1.02,-0.5238,3,A,162(E2),V,,
-0.1218,-0.04081,2,T,163(E2),A,,
-0.03833,-0.01236,4,T,163(E2),I,,
-0.4134,-0.1589,1,T,163(E2),K,,
0,0,,T,163(E2),T,0,
0,0,,A,164(E2),A,0,
0.9714,0.202,2,A,164(E2),D,,
3.788,0.3225,1,A,164(E2),G,,
-0.6967,-0.3064,3,A,164(E2),S,,
0.2202,0.06311,11,A,164(E2),T,,
-1.967,-1.557,3,A,164(E2),V,-1.824,1
-2.992,-3.382,1,E,165(E2),A,-3.646,1
1.169,0.2247,2,E,165(E2),D,,
0,0,,E,165(E2),E,0,
-5.906,-7.271,2,E,165(E2),G,-7.659,1
-8.515,-7.72,14,E,165(E2),K,-7.375,4
-5.291,-6.902,4,E,166(E2),*,-8,1
0,0,,E,166(E2),E,0,
-6.335,-7.434,2,E,166(E2),G,-8,1
-3.639,-4.671,3,E,166(E2),K,,
-0.8914,-0.4304,1,E,166(E2),Q,,
0,0,,I,167(E2),I,0,
-1.602,-1.08,1,I,167(E2),T,,
-0.4595,-0.1805,1,I,167(E2),V,,
-2.783,-2.967,1,E,168(E2),*,,
-2.733,-2.871,1,E,168(E2),A,,
-2.882,-3.162,6,E,168(E2),D,-3.523,1
0,0,,E,168(E2),E,0,
-3.651,-4.694,19,E,168(E2),G,-4.842,2
-2.922,-3.242,4,E,168(E2),K,-8,1
-2.333,-2.136,5,E,168(E2),V,,
-7.101,-7.604,4,V,169(E2),A,,
-3.025,-3.448,2,V,169(E2),E,,
-6.662,-7.522,1,V,169(E2),G,-8,1
-0.1512,-0.05137,2,V,169(E2),L,,
-1.954,-1.539,6,V,169(E2),M,-1.443,1
0,0,,V,169(E2),V,0,
-4.555,-6.156,1,H,170(E2),D,,
0,0,,H,170(E2),H,0,
-0.6826,-0.2982,1,H,170(E2),L,,
-0.7012,-0.3091,1,H,170(E2),N,,
-0.7953,-0.3667,4,H,170(E2),Q,,
-4.962,-6.616,3,H,170(E2),R,,
-1.226,-0.6942,6,H,170(E2),Y,-1.51,2
-2.862,-3.122,12,M,171(E2),I,-3.284,2
-1.327,-0.7883,1,M,171(E2),L,-1.03,1
0,0,,M,171(E2),M,0,
-0.8468,-0.4002,1,M,171(E2),R,,
-1.299,-0.7617,1,M,171(E2),T,,
-3.496,-4.394,5,M,171(E2),V,-5.158,1
-4.272,-5.761,2,P,172(E2),H,,
-5.99,-7.308,2,P,172(E2),L,-8,1
0,0,,P,172(E2),P,0,
-2.616,-2.647,10,P,172(E2),S,-3.658,1
0.2295,0.06551,3,P,172(E2),T,,
-3.184,-3.769,1,P,173(E2),A,,
-6.486,-7.478,3,P,173(E2),L,,
0,0,,P,173(E2),P,0,
-4.649,-6.273,1,P,173(E2),S,,
-5.721,-7.18,4,P,173(E2),T,,
0,0,,D,174(E2),D,0,
-2.338,-2.144,2,D,174(E2),E,,
-0.9524,-0.4735,1,D,174(E2),G,,
2.274,0.295,2,D,174(E2),N,-2.075,1
-5.183,-6.816,3,D,174(E2),Y,,
-0.5197,-0.21,1,T,175(E2),-,,
-2.147,-1.83,6,T,175(E2),I,-1.233,1
-3.235,-3.873,1,T,175(E2),R,,
0,0,,T,175(E2),T,0,
-0.5834,-0.243,1,P,176(E2),-,,
-7.08,-7.601,2,P,176(E2),H,,
-4.759,-6.402,3,P,176(E2),L,,
0,0,,P,176(E2),P,0,
-6.648,-7.519,6,P,176(E2),S,,
-7.153,-7.612,1,P,176(E2),T,,
-0.6616,-0.2861,1,D,177(E2),-,,
0,0,,D,177(E2),D,0,
-6.351,-7.439,1,D,177(E2),E,,
-4.737,-6.377,2,D,177(E2),G,,
-3.586,-4.569,1,D,177(E2),H,,
-5.149,-6.787,13,D,177(E2),N,-6.691,2
-1.293,-0.7555,2,D,177(E2),Y,,
0.4399,0.1144,1,R,178(E2),-,,
-2.813,-3.025,5,R,178(E2),G,,
-1.134,-0.6148,2,R,178(E2),I,,
-0.3609,-0.1353,11,R,178(E2),K,,
0,0,,R,178(E2),R,0,
-0.08943,-0.02952,1,R,178(E2),T,,
-0.2826,-0.1021,1,T,179(E2),-,,
-6.176,-7.381,5,T,179(E2),I,,
0.2518,0.07117,1,T,179(E2),N,,
0,0,,T,179(E2),T,0,
0.121,0.03628,1,L,180(E2),-,,
0,0,,L,180(E2),L,0,
1.145,0.2221,3,L,180(E2),M,-1.904,1
-6.513,-7.485,12,L,180(E2),P,-8,1
-6.253,-7.408,3,L,180(E2),Q,-8,1
-0.3887,-0.1476,1,M,181(E2),-,,
-0.8146,-0.3791,5,M,181(E2),I,-1.125,1
2.599,0.3047,2,M,181(E2),K,,
2.434,0.3002,1,M,181(E2),L,0.8306,1
0,0,,M,181(E2),M,0,
-0.8337,-0.3916,3,M,181(E2),V,,
0.825,0.1821,1,S,182(E2),-,,
-0.8492,-0.4018,2,S,182(E2),C,,
-1.469,-0.932,4,S,182(E2),F,-1.531,1
-8.672,-7.725,1,S,182(E2),P,,
0,0,,S,182(E2),S,0,
-0.3701,-0.1393,1,S,182(E2),T,,
-1.626,-1.108,3,S,182(E2),Y,,
-3.646,-4.684,7,Q,183(E2),*,,
-3.584,-4.564,7,Q,183(E2),H,,
-6.532,-7.49,1,Q,183(E2),K,,
0,0,,Q,183(E2),Q,0,
-3.783,-4.941,2,Q,183(E2),R,,
-6.031,-7.325,9,Q,184(E2),*,-7.671,2
0.03401,0.01061,9,Q,184(E2),H,,
-1.453,-0.9155,2,Q,184(E2),K,-0.7474,1
1.421,0.2479,1,Q,184(E2),L,,
0,0,,Q,184(E2),Q,0,
-2.922,-3.242,3,Q,184(E2),R,-3.523,1
3.303,0.3176,1,S,185(E2),G,,
-0.7288,-0.3255,8,S,185(E2),I,-2.547,1
-0.009758,-0.003105,6,S,185(E2),N,1.488,1
-1.432,-0.8938,1,S,185(E2),R,-1.191,1
0,0,,S,185(E2),S,0,
-4.884,-6.537,3,G,186(E2),C,,
0.444,0.1153,21,G,186(E2),D,,
0,0,,G,186(E2),G,0,
-0.1868,-0.06452,5,G,186(E2),S,,
-1.463,-0.926,1,G,186(E2),V,,
0.2731,0.07645,4,N,187(E2),D,-0.5856,1
-0.03963,-0.01278,3,N,187(E2),K,,
0,0,,N,187(E2),N,0,
-0.677,-0.295,1,N,187(E2),S,,
-6.764,-7.544,6,V,188(E2),A,-8,1
-4.164,-5.594,5,V,188(E2),L,,
-4.174,-5.61,13,V,188(E2),M,,
0,0,,V,188(E2),V,0,
0,0,,K,189(E2),K,0,
1.607,0.2618,2,K,189(E2),M,,
-3.178,-3.756,5,K,189(E2),N,-3.752,1
-0.8665,-0.4134,3,K,189(E2),R,-0.3891,1
0,0,,I,190(E2),I,0,
-1.369,-0.8291,1,I,190(E2),M,,
-4.783,-6.429,1,I,190(E2),N,,
-6.124,-7.362,2,I,190(E2),T,,
-3.218,-3.838,1,I,190(E2),V,,
-1.547,-1.017,6,T,191(E2),A,,
-1.143,-0.6226,16,T,191(E2),I,-0.8095,2
-0.9114,-0.4443,3,T,191(E2),N,,
0,0,,T,191(E2),T,0,
-0.784,-0.3595,3,V,192(E2),A,0.5107,1
0.02511,0.007863,1,V,192(E2),E,,
-0.5831,-0.2429,1,V,192(E2),L,,
-4.87,-6.523,15,V,192(E2),M,-6.614,4
0,0,,V,192(E2),V,0,
-1.035,-0.5352,3,N,193(E2),K,-0.7882,2
0,0,,N,193(E2),N,0,
-3.185,-3.771,2,S,194(E2),C,-4.39,1
4.481,0.3263,1,S,194(E2),G,,
-5.287,-6.899,2,S,194(E2),I,,
1.445,0.2499,28,S,194(E2),N,-0.2756,4
0.1018,0.03078,1,S,194(E2),R,,
0,0,,S,194(E2),S,0,
-1.004,-0.5114,1,S,194(E2),T,,
-6.591,-7.505,5,Q,195(E2),*,-8,1
0.5163,0.1299,3,Q,195(E2),H,,
-0.08698,-0.02868,1,Q,195(E2),K,,
0,0,,Q,195(E2),Q,0,
0.2206,0.06321,3,Q,195(E2),R,0.4445,1
-1.55,-1.021,9,T,196(E2),A,0.2464,1
-2.468,-2.374,5,T,196(E2),I,-2.81,1
-3.76,-4.898,2,T,196(E2),N,,
-0.0691,-0.0226,1,T,196(E2),S,,
0,0,,T,196(E2),T,0,
-3.778,-4.932,7,V,197(E2),L,,
-5.081,-6.727,8,V,197(E2),M,,
0,0,,V,197(E2),V,0,
-1.414,-0.8751,3,R,198(E2),L,,
-2.911,-3.219,7,R,198(E2),Q,,
0,0,,R,198(E2),R,0,
-2.87,-3.139,43,R,198(E2),W,-4.224,7
-1.915,-1.483,1,Y,199(E2),*,,
-4.628,-6.248,1,Y,199(E2),C,,
-6.768,-7.545,8,Y,199(E2),H,,
-2.006,-1.615,1,Y,199(E2),N,,
0,0,,Y,199(E2),Y,0,
-4.032,-5.379,1,K,200(E2),E,,
-4.416,-5.97,1,K,200(E2),G,,
0,0,,K,200(E2),K,0,
-3.055,-3.509,1,K,200(E2),N,,
-0.7194,-0.3198,1,K,200(E2),Q,,
0.07352,0.02252,4,K,200(E2),R,,
-6.114,-7.358,3,C,201(E2),*,,
0,0,,C,201(E2),C,0,
-6.876,-7.566,3,C,201(E2),F,-8,2
-7.216,-7.62,6,C,201(E2),R,,
-5.27,-6.886,1,C,201(E2),S,,
-5.653,-7.142,20,C,201(E2),Y,-8,4
-0.7817,-0.3581,4,N,202(E2),D,,
0.3474,0.09409,1,N,202(E2),H,,
0.7779,0.1751,4,N,202(E2),K,-0.8219,1
0,0,,N,202(E2),N,0,
-0.054,-0.01754,2,N,202(E2),S,,
-6.484,-7.477,6,C,203(E2),*,,
0,0,,C,203(E2),C,0,
-7.911,-7.688,4,C,203(E2),F,-8,1
-6.017,-7.32,3,C,203(E2),R,,
-8.287,-7.71,1,C,203(E2),S,-8,1
-4.629,-6.248,5,C,203(E2),Y,-6.718,2
-3.556,-4.511,1,G,204(E2),C,-4.852,1
0.1126,0.03389,14,G,204(E2),D,,
0,0,,G,204(E2),G,0,
1.442,0.2496,4,G,204(E2),S,,
-1.567,-1.04,6,G,204(E2),V,,
0,0,,D,205(E2),D,0,
1.021,0.2081,1,D,205(E2),E,,
-0.2191,-0.07682,1,D,205(E2),H,,
0.02998,0.009367,13,D,205(E2),N,0.3079,2
2.239,0.2937,1,D,205(E2),V,,
-2.053,-1.684,3,D,205(E2),Y,,
-0.04957,-0.01606,5,S,206(E2),-,,
-0.08306,-0.02734,4,S,206(E2),G,0.3459,1
-0.8474,-0.4006,5,S,206(E2),I,,
-2.303,-2.086,7,S,206(E2),N,-1.416,2
2.554,0.3036,1,S,206(E2),R,1.162,1
0,0,,S,206(E2),S,0,
-2.757,-2.916,1,N,207(E2),-,,
0.78,0.1754,3,N,207(E2),D,,
1.547,0.2576,2,N,207(E2),K,,
0,0,,N,207(E2),N,0,
-0.5904,-0.2468,1,N,207(E2),T,,
-5.733,-7.186,2,E,208(E2),*,-8,1
-2.624,-2.661,9,E,208(E2),D,-4.138,2
0,0,,E,208(E2),E,0,
-2.308,-2.094,7,E,208(E2),G,,
-1.582,-1.057,3,E,208(E2),K,,
-4.356,-5.884,7,G,209(E2),C,-5.596,2
-2.468,-2.375,15,G,209(E2),D,,
0,0,,G,209(E2),G,0,
-0.9708,-0.4869,7,G,209(E2),S,,
1.185,0.2263,6,G,209(E2),V,-8,1
0,0,,L,210(E2),L,0,
0.05903,0.0182,6,L,210(E2),M,-1.519,1
-5.829,-7.235,5,L,210(E2),P,,
-0.3754,-0.1417,4,L,210(E2),Q,-0.6888,1
-1.511,-0.9779,6,T,211(E2),A,-1.292,2
-0.8717,-0.417,4,T,211(E2),I,-0.8478,1
-6.958,-7.581,2,T,211(E2),N,-8,1
-1.12,-0.603,1,T,211(E2),S,,
0,0,,T,211(E2),T,0,
0.4699,0.1206,5,T,212(E2),I,-0.9594,1
-1.105,-0.5905,2,T,212(E2),N,,
0,0,,T,212(E2),T,0,
-0.6386,-0.2731,7,T,213(E2),I,,
-1.753,-1.265,5,T,213(E2),N,,
0,0,,T,213(E2),T,0,
0,0,,D,214(E2),D,0,
-2.062,-1.698,3,D,214(E2),E,,
-6.262,-7.411,1,D,214(E2),G,,
-2.087,-1.736,17,D,214(E2),N,-1.878,1
-0.6609,-0.2857,1,D,214(E2),Y,,
-6.235,-7.402,1,K,215(E2),*,,
-0.7653,-0.3478,2,K,215(E2),-,,
-0.2747,-0.09886,1,K,215(E2),I,,
0,0,,K,215(E2),K,0,
-1.043,-0.5417,2,K,215(E2),N,,
0.2155,0.0619,2,V,216(E2),-,,
-5.264,-6.881,1,V,216(E2),A,,
-0.7891,-0.3627,1,V,216(E2),E,,
-1.13,-0.6114,3,V,216(E2),L,,
-1.061,-0.5552,8,V,216(E2),M,,
0,0,,V,216(E2),V,0,
0.7909,0.1771,2,I,217(E2),-,,
0,0,,I,217(E2),I,0,
4.042,0.3242,1,I,217(E2),N,,
-4.656,-6.282,1,I,217(E2),T,,
2.255,0.2943,1,I,217(E2),V,,
-6.972,-7.583,6,N,218(E2),-,,
2.717,0.3076,2,N,218(E2),D,,
0.451,0.1167,2,N,218(E2),K,,
0,0,,N,218(E2),N,0,
-1.239,-0.7059,2,N,218(E2),S,,
-3.693,-4.772,7,N,219(E2),-,,
0.5818,0.1423,2,N,219(E2),D,,
1.436,0.2491,1,N,219(E2),H,,
-2.394,-2.242,3,N,219(E2),K,,
0,0,,N,219(E2),N,0,
-3.245,-3.892,1,N,219(E2),S,,
-3.41,-4.224,7,C,220(E2),-,,
0,0,,C,220(E2),C,0,
-6.651,-7.519,4,C,220(E2),F,,
-5.237,-6.859,1,C,220(E2),G,,
-2.555,-2.533,2,C,220(E2),R,,
-3.655,-4.702,2,C,220(E2),S,,
-6.947,-7.579,14,C,220(E2),Y,-8,2
-6.216,-7.395,1,K,221(E2),*,,
0.8906,0.1914,2,K,221(E2),E,0.9627,1
0,0,,K,221(E2),K,0,
-0.9302,-0.4576,2,K,221(E2),M,,
1.246,0.2324,6,K,221(E2),N,,
-1.609,-1.089,1,K,221(E2),R,,
2.196,0.2921,1,K,221(E2),T,,
-3.286,-3.976,2,V,222(E2),A,,
-1.188,-0.6612,1,V,222(E2),E,,
-1.737,-1.245,1,V,222(E2),L,-1.483,1
-1.542,-1.012,4,V,222(E2),M,,
0,0,,V,222(E2),V,0,
0,0,,D,223(E2),D,0,
-0.8669,-0.4137,4,D,223(E2),E,,
-0.137,-0.04623,7,D,223(E2),G,,
-0.2723,-0.09789,10,D,223(E2),N,0.3364,3
-2.547,-2.518,4,D,223(E2),Y,,
-5.607,-7.116,7,Q,224(E2),*,-6.181,1
-1.42,-0.8807,2,Q,224(E2),E,,
-1.45,-0.9118,3,Q,224(E2),H,-1.827,1
-1.209,-0.6796,1,Q,224(E2),K,,
-0.8316,-0.3902,1,Q,224(E2),L,,
0,0,,Q,224(E2),Q,0,
0.4069,0.1074,3,Q,224(E2),R,0.1897,1
-5.03,-6.68,3,C,225(E2),*,-5.997,1
0,0,,C,225(E2),C,0,
-3.501,-4.402,4,C,225(E2),F,,
-5.494,-7.045,1,C,225(E2),G,,
-2.445,-2.332,1,C,225(E2),R,,
0.361,0.09718,2,C,225(E2),S,,
-6.672,-7.524,11,C,225(E2),Y,-8,1
0,0,,H,226(E2),H,0,
-0.5306,-0.2156,1,H,226(E2),L,,
0.7109,0.1646,2,H,226(E2),Q,,
-6.548,-7.494,4,H,226(E2),R,-8,2
-1.209,-0.6793,5,H,226(E2),Y,-0.9076,2
0,0,,A,227(E2),A,0,
-4.068,-5.438,3,A,227(E2),D,,
-0.2956,-0.1075,2,A,227(E2),S,,
-0.8554,-0.406,10,A,227(E2),T,-1.059,1
-0.1056,-0.03511,9,A,227(E2),V,-0.8927,3
0,0,,A,228(E2),A,0,
-0.5811,-0.2418,1,A,228(E2),D,,
-5.42,-6.996,2,A,228(E2),G,,
-4.865,-6.518,2,A,228(E2),P,,
-2.054,-1.686,3,A,228(E2),S,,
-2.308,-2.094,18,A,228(E2),T,-2.913,2
-1.632,-1.116,8,A,228(E2),V,-0.3227,1
-2.94,-3.277,4,V,229(E2),A,-3.124,1
-7.736,-7.675,2,V,229(E2),E,-7.966,1
-6.299,-7.423,2,V,229(E2),G,-8,1
-1.847,-1.389,2,V,229(E2),L,,
-4.109,-5.505,18,V,229(E2),M,-5.525,3
0,0,,V,229(E2),V,0,
-5.802,-7.222,4,T,230(E2),A,,
-2.858,-3.114,3,T,230(E2),I,,
-6.761,-7.543,2,T,230(E2),N,-8,1
-1.583,-1.058,1,T,230(E2),S,-1.332,1
0,0,,T,230(E2),T,0,
-0.8921,-0.4309,1,N,231(E2),-,,
1.14,0.2216,1,N,231(E2),D,,
0,0,,N,231(E2),N,0,
-1.625,-1.107,1,N,231(E2),Y,,
-0.7758,-0.3544,1,H,232(E2),-,,
-4.309,-5.816,1,H,232(E2),D,,
0,0,,H,232(E2),H,0,
-6.406,-7.456,3,H,232(E2),N,,
-3.785,-4.944,1,H,232(E2),Q,,
-0.5254,-0.2129,1,H,232(E2),R,,
-3.508,-4.418,2,H,232(E2),Y,,
-0.604,-0.2541,1,K,233(E2),*,,
-1.355,-0.8151,4,K,233(E2),E,,
0,0,,K,233(E2),K,0,
0.4986,0.1264,4,K,233(E2),M,-0.2451,1
1.24,0.2318,4,K,233(E2),N,0.2798,2
3.044,0.3139,1,K,233(E2),Q,,
-0.7453,-0.3355,2,K,233(E2),R,-0.4474,1
2.668,0.3064,2,K,233(E2),T,,
-0.7137,-0.3165,1,K,234(E2),*,,
-0.386,-0.1464,1,K,234(E2),E,,
0,0,,K,234(E2),K,0,
-7.278,-7.628,16,W,235(E2),*,-8,1
-6.872,-7.565,2,W,235(E2),C,,
-5.592,-7.106,1,W,235(E2),L,,
-5.761,-7.201,2,W,235(E2),R,,
0,0,,W,235(E2),W,0,
-7.763,-7.678,37,Q,236(E2),*,-8,3
0.2499,0.07069,1,Q,236(E2),H,,
-7.562,-7.66,2,Q,236(E2),K,,
0,0,,Q,236(E2),Q,0,
-7.036,-7.594,1,Q,236(E2),R,,
-3.483,-4.367,1,Q,236(E2),S,,
-3.524,-4.448,2,Y,237(E2),*,-4.508,1
-3.582,-4.561,1,Y,237(E2),C,,
-4.448,-6.013,1,Y,237(E2),H,,
0,0,,Y,237(E2),Y,0,
-1.52,-0.9872,1,N,238(E2),K,,
0,0,,N,238(E2),N,0,
-0.05939,-0.01934,4,N,238(E2),S,,
-0.3473,-0.1293,1,N,238(E2),T,,
1.805,0.274,1,N,238(E2),Y,,
-0.5805,-0.2415,1,S,239(E2),C,,
-6.617,-7.511,4,S,239(E2),I,,
-5.432,-7.004,9,S,239(E2),N,-8,1
-4.892,-6.545,3,S,239(E2),R,,
0,0,,S,239(E2),S,0,
-3.226,-3.854,4,P,240(E2),H,-3.825,1
-3.587,-4.571,2,P,240(E2),L,,
0,0,,P,240(E2),P,0,
0,0,,L,241(E2),L,0,
-1.858,-1.404,5,L,241(E2),M,-2.26,1
-6.319,-7.429,3,L,241(E2),P,,
-4.005,-5.334,1,L,241(E2),Q,,
-0.6699,-0.2909,1,L,241(E2),V,,
-4.62,-6.238,3,V,242(E2),A,,
0.4784,0.1223,1,V,242(E2),E,,
0.1066,0.03217,6,V,242(E2),L,0.3963,1
-1.304,-0.7661,6,V,242(E2),M,,
0,0,,V,242(E2),V,0,
0,0,,P,243(E2),P,0,
-5.533,-7.07,22,P,243(E2),S,-6.395,4
-5.808,-7.224,1,R,244(E2),*,,
-4.401,-5.949,4,R,244(E2),G,,
-2.512,-2.454,4,R,244(E2),I,,
-2.986,-3.369,8,R,244(E2),K,-3.336,1
-3.247,-3.896,1,R,244(E2),N,,
0,0,,R,244(E2),R,0,
-2.009,-1.618,1,R,244(E2),S,,
-0.558,-0.2297,1,N,245(E2),D,,
-1.235,-0.7024,5,N,245(E2),K,,
0,0,,N,245(E2),N,0,
-1.799,-1.325,1,N,245(E2),T,-1.548,1
-0.7941,-0.3659,1,A,246(E2),-,,
0,0,,A,246(E2),A,0,
-0.1333,-0.04492,1,A,246(E2),D,,
-0.05667,-0.01843,5,A,246(E2),S,,
0.8523,0.186,8,A,246(E2),T,,
-0.5682,-0.235,25,A,246(E2),V,-0.01665,4
-6.465,-7.472,3,E,247(E2),*,-8,1
-2.561,-2.544,3,E,247(E2),D,-3.55,1
0,0,,E,247(E2),E,0,
-2.34,-2.148,2,E,247(E2),G,,
-2.301,-2.083,8,E,247(E2),K,-1.973,2
0,0,,L,248(E2),L,0,
-4.542,-6.138,3,L,248(E2),M,,
-2.958,-3.312,2,L,248(E2),P,-3.553,1
-0.9256,-0.4543,1,L,248(E2),Q,,
-7.894,-7.687,3,G,249(E2),C,,
-1.446,-0.9078,4,G,249(E2),D,-0.6023,1
0,0,,G,249(E2),G,0,
1.454,0.2506,2,G,249(E2),S,,
-1.089,-0.5779,3,G,249(E2),V,-0.9087,1
0,0,,D,250(E2),D,0,
-0.5332,-0.2169,3,D,250(E2),E,1.322,1
0.222,0.06358,5,D,250(E2),N,,
-1.674,-1.167,1,D,250(E2),V,,
-1.602,-1.08,3,D,250(E2),Y,,
-1.899,-1.46,4,R,251(E2),G,,
0.4033,0.1066,4,R,251(E2),I,,
0.9047,0.1933,5,R,251(E2),K,0.008321,1
0,0,,R,251(E2),R,0,
0.9662,0.2013,1,K,252(E2),*,,
-5.96,-7.295,5,K,252(E2),E,,
0,0,,K,252(E2),K,0,
-1.84,-1.38,2,K,252(E2),M,-1.491,1
-1.531,-1,2,K,252(E2),N,,
-0.05047,-0.01636,6,K,252(E2),R,0.6381,1
-2.498,-2.427,4,K,252(E2),T,,
-6.037,-7.328,20,G,253(E2),D,-8,2
0,0,,G,253(E2),G,0,
-3.174,-3.749,7,G,253(E2),S,,
-5.376,-6.965,3,G,253(E2),V,-8,1
-5.378,-6.966,1,K,254(E2),I,,
0,0,,K,254(E2),K,0,
-2.737,-2.878,1,K,254(E2),N,,
-4.917,-6.57,3,V,255(E2),E,,
-0.2582,-0.09221,2,V,255(E2),L,,
-1.62,-1.102,10,V,255(E2),M,-2.503,1
0,0,,V,255(E2),V,0,
0,0,,H,256(E2),H,0,
-0.3706,-0.1396,1,H,256(E2),L,,
-0.3211,-0.1181,2,H,256(E2),N,,
-1.264,-0.7286,1,H,256(E2),Q,,
-0.6151,-0.2602,1,H,256(E2),R,,
0.8154,0.1807,18,H,256(E2),Y,,
-1.251,-0.7167,2,I,257(E2),F,,
0,0,,I,257(E2),I,0,
-2.33,-2.132,6,I,257(E2),T,-1.696,3
-5.018,-6.669,3,P,258(E2),H,,
-1.427,-0.888,1,P,258(E2),L,,
0,0,,P,258(E2),P,0,
-4.253,-5.732,8,P,258(E2),S,-5.519,1
-4.079,-5.456,1,P,258(E2),T,,
0,0,,F,259(E2),F,0,
-5.617,-7.121,5,F,259(E2),I,-8,1
-6.442,-7.466,5,F,259(E2),L,,
-5.063,-6.711,2,F,259(E2),S,,
-3.409,-4.222,1,F,259(E2),Y,,
-1.64,-1.125,2,P,260(E2),L,,
0,0,,P,260(E2),P,0,
-1.987,-1.587,1,P,260(E2),Q,-1.884,1
-0.016,-0.005106,5,P,260(E2),S,-0.4711,1
0,0,,L,261(E2),L,0,
0.3247,0.08882,3,L,261(E2),M,-1.375,1
-1.685,-1.18,1,L,261(E2),P,,
-2.931,-3.26,1,L,261(E2),Q,,
0,0,,A,262(E2),A,0,
-1.126,-0.6081,2,A,262(E2),D,,
-0.1789,-0.06155,1,A,262(E2),P,,
1.337,0.2408,3,A,262(E2),S,,
0.2985,0.08262,53,A,262(E2),T,-0.2997,7
-1.153,-0.6307,14,A,262(E2),V,-2.097,1
-0.1976,-0.06861,1,N,263(E2),I,,
-0.7985,-0.3687,5,N,263(E2),K,,
0,0,,N,263(E2),N,0,
1.057,0.2124,6,N,263(E2),S,-0.7055,2
-0.1504,-0.05105,1,N,263(E2),T,,
-0.1163,-0.03889,3,V,264(E2),A,,
-3.451,-4.305,5,V,264(E2),L,,
-1.344,-0.8048,20,V,264(E2),M,-0.4624,4
0,0,,V,264(E2),V,0,
-1.398,-0.8585,4,T,265(E2),A,,
-0.3678,-0.1383,5,T,265(E2),I,,
0,0,,T,265(E2),T,0,
-6.859,-7.563,2,C,266(E2),*,,
0,0,,C,266(E2),C,0,
-5.379,-6.967,2,C,266(E2),F,,
-5.563,-7.089,9,C,266(E2),R,-8,1
-5.659,-7.145,4,C,266(E2),S,-7.303,1
-7.203,-7.619,79,C,266(E2),Y,-8,9
-1.631,-1.115,1,R,267(E2),*,,
-2.429,-2.304,8,R,267(E2),G,-2.143,2
0.6279,0.1506,4,R,267(E2),I,,
1.243,0.2321,3,R,267(E2),K,0.3084,1
0,0,,R,267(E2),R,0,
1.948,0.2815,1,R,267(E2),T,0.4929,1
-1.877,-1.43,2,V,268(E2),A,,
-4.46,-6.03,2,V,268(E2),E,,
-3.6,-4.596,3,V,268(E2),L,,
-3.851,-5.064,11,V,268(E2),M,-5.576,1
0,0,,V,268(E2),V,0,
-3.793,-4.959,5,P,269(E2),H,-5.258,1
-2.434,-2.313,1,P,269(E2),L,,
0,0,,P,269(E2),P,0,
-1.152,-0.6298,15,P,269(E2),S,-0.81,3
0.5353,0.1336,2,P,269(E2),T,,
-1.974,-1.567,2,K,270(E2),E,,
0,0,,K,270(E2),K,0,
-3.028,-3.453,2,K,270(E2),M,,
-0.1602,-0.05465,3,K,270(E2),N,,
-0.9308,-0.458,1,K,270(E2),T,,
0,0,,A,271(E2),A,0,
-2.885,-3.168,1,A,271(E2),D,,
-2.36,-2.182,3,A,271(E2),S,-2.151,1
-2.457,-2.355,7,A,271(E2),T,,
-2.967,-3.332,9,A,271(E2),V,-3.186,3
-1.962,-1.549,1,R,272(E2),*,,
-1.155,-0.6322,7,R,272(E2),G,-1.404,1
-0.8521,-0.4038,2,R,272(E2),I,,
-1.132,-0.6131,11,R,272(E2),K,,
0,0,,R,272(E2),R,0,
0.6462,0.1537,1,N,273(E2),D,,
1.304,0.2378,1,N,273(E2),K,,
0,0,,N,273(E2),N,0,
-0.8503,-0.4025,1,P,274(E2),F,,
-4.587,-6.196,2,P,274(E2),H,,
-2.42,-2.287,1,P,274(E2),L,,
0,0,,P,274(E2),P,0,
-4.323,-5.836,1,P,274(E2),R,,
-6.165,-7.377,5,P,274(E2),S,-8,1
-0.1991,-0.06915,1,P,274(E2),T,,
5.05,0.328,4,T,275(E2),I,,
-0.008026,-0.002552,5,T,275(E2),N,,
0,0,,T,275(E2),T,0,
-0.2765,-0.09958,5,V,276(E2),L,,
-2.05,-1.68,7,V,276(E2),M,,
0,0,,V,276(E2),V,0,
-0.7091,-0.3137,1,T,277(E2),A,-0.5659,1
0.1599,0.04708,1,T,277(E2),I,,
-0.6329,-0.27,1,T,277(E2),N,,
0,0,,T,277(E2),T,0,
-6.859,-7.563,5,Y,278(E2),*,-8,2
-1.191,-0.6639,2,Y,278(E2),C,,
-3.293,-3.988,8,Y,278(E2),H,-4.533,1
-1.987,-1.587,3,Y,278(E2),N,,
0,0,,Y,278(E2),Y,0,
-0.6014,-0.2527,1,G,279(E2),A,,
-2.622,-2.658,5,G,279(E2),C,-2.876,1
-1.416,-0.8766,14,G,279(E2),D,-1.384,3
0,0,,G,279(E2),G,0,
-0.273,-0.09819,5,G,279(E2),S,0.5981,1
-1.935,-1.51,5,G,279(E2),V,,
1.029,0.209,1,K,280(E2),E,,
0,0,,K,280(E2),K,0,
-0.8689,-0.415,3,K,280(E2),N,,
-0.638,-0.2728,1,K,280(E2),R,,
3.096,0.3147,1,N,281(E2),D,,
0.3508,0.09488,1,N,281(E2),K,-0.1636,1
0,0,,N,281(E2),N,0,
-0.8198,-0.3825,1,N,281(E2),S,,
-8.389,-7.715,6,Q,282(E2),*,,
-1.636,-1.121,2,Q,282(E2),E,,
0.6232,0.1497,3,Q,282(E2),H,-3.009,1
0.008173,0.002579,2,Q,282(E2),K,-0.3839,1
8.152,0.3301,1,Q,282(E2),L,,
-1.024,-0.5268,1,Q,282(E2),P,,
0,0,,Q,282(E2),Q,0,
-1.342,-0.8027,6,Q,282(E2),R,-0.9845,2
-6.214,-7.394,2,V,283(E2),A,-8,1
-4.268,-5.754,6,V,283(E2),M,,
0,0,,V,283(E2),V,0,
-2.189,-1.897,1,I,284(E2),F,-2.227,1
0,0,,I,284(E2),I,0,
-6.181,-7.383,1,I,284(E2),P,-8,1
1.073,0.2142,1,I,284(E2),V,0.09498,1
-2.612,-2.638,16,M,285(E2),I,-3.29,5
0,0,,M,285(E2),M,0,
-5.216,-6.843,1,M,285(E2),R,,
-6.306,-7.425,1,M,285(E2),T,-8,1
-5.891,-7.265,2,M,285(E2),V,,
0,0,,L,286(E2),L,0,
-1.633,-1.117,3,L,286(E2),M,1.38,1
-3.336,-4.075,2,L,286(E2),P,,
0.3959,0.105,1,L,286(E2),R,,
0,0,,L,287(E2),L,0,
-1.383,-0.8428,3,L,287(E2),M,,
-8.442,-7.717,1,L,287(E2),P,,
-8.336,-7.712,1,L,287(E2),Q,,
-6.193,-7.387,1,L,287(E2),R,-8,1
-7.084,-7.601,5,Y,288(E2),*,-8,1
-2.311,-2.099,1,Y,288(E2),C,,
-0.9149,-0.4468,1,Y,288(E2),D,,
0,0,,Y,288(E2),Y,0,
-8.587,-7.722,10,P,289(E2),H,,
-8.85,-7.73,5,P,289(E2),L,-8,1
0,0,,P,289(E2),P,0,
-3.599,-4.593,4,P,289(E2),S,-4.739,1
-2.701,-2.808,1,P,289(E2),T,-3.131,1
-0.08388,-0.02762,1,P,289(E2),W,,
0,0,,D,290(E2),D,0,
-1.244,-0.7104,3,D,290(E2),E,,
2.424,0.2999,2,D,290(E2),G,,
-2.54,-2.505,16,D,290(E2),N,-2.022,1
-3.188,-3.776,1,D,290(E2),V,,
-2.88,-3.157,4,D,290(E2),Y,-3.411,2
0,0,,H,291(E2),H,0,
-6.894,-7.569,1,H,291(E2),N,,
-0.8959,-0.4335,2,H,291(E2),Q,-1.261,1
-0.5844,-0.2436,6,H,291(E2),Y,,
-5.722,-7.18,12,P,292(E2),H,-6.042,1
-5.348,-6.944,6,P,292(E2),L,,
0,0,,P,292(E2),P,0,
-3.708,-4.802,12,P,292(E2),S,-5.35,1
-5.118,-6.76,2,P,292(E2),T,,
-2.914,-3.225,1,T,293(E2),A,,
-6.471,-7.474,6,T,293(E2),I,-8,1
-7.328,-7.635,3,T,293(E2),K,,
0,0,,T,293(E2),T,0,
0,0,,L,294(E2),L,0,
0.7302,0.1677,1,L,294(E2),M,,
-6.592,-7.505,3,L,294(E2),P,,
-3.463,-4.328,2,L,294(E2),Q,,
-4.11,-5.508,1,L,294(E2),T,,
-4.492,-6.073,1,L,294(E2),V,,
0,0,,L,295(E2),L,0,
-1.818,-1.351,2,L,295(E2),M,,
-5.54,-7.074,4,L,295(E2),P,,
-4.26,-5.743,2,L,295(E2),Q,,
-4.717,-6.353,1,S,296(E2),G,,
-5.673,-7.153,5,S,296(E2),I,-7.399,2
-6.928,-7.576,13,S,296(E2),N,,
-6.593,-7.505,3,S,296(E2),R,,
0,0,,S,296(E2),S,0,
-5.339,-6.938,1,S,296(E2),T,,
-0.6767,-0.2948,1,Y,297(E2),C,,
-5.817,-7.229,1,Y,297(E2),H,,
-5.951,-7.292,1,Y,297(E2),N,-7.715,1
0,0,,Y,297(E2),Y,0,
-5.734,-7.187,1,R,298(E2),L,,
-6.742,-7.539,5,R,298(E2),Q,,
0,0,,R,298(E2),R,0,
-5.878,-7.258,11,R,298(E2),W,-8,1
-2.399,-2.251,2,N,299(E2),D,,
-0.01553,-0.004953,1,N,299(E2),K,,
0,0,,N,299(E2),N,0,
-3.161,-3.722,3,N,299(E2),S,-4.276,1
2.667,0.3064,1,N,299(E2),Y,,
-4.101,-5.493,10,M,300(E2),I,,
-5.361,-6.954,1,M,300(E2),K,,
2.268,0.2948,1,M,300(E2),L,,
0,0,,M,300(E2),M,0,
-0.1042,-0.03464,1,M,300(E2),T,,
-6.865,-7.564,2,M,300(E2),V,-8,2
-5.668,-7.15,10,G,301(E2),C,,
-7.914,-7.689,9,G,301(E2),D,-8,1
0,0,,G,301(E2),G,0,
-1.573,-1.047,4,G,301(E2),S,,
-5.681,-7.158,3,G,301(E2),V,,
-6,-7.312,3,E,302(E2),*,,
-0.6652,-0.2882,4,E,302(E2),D,-1.804,1
0,0,,E,302(E2),E,0,
0.5785,0.1417,27,E,302(E2),K,-0.155,3
-6.47,-7.473,3,E,303(E2),*,,
0,0,,E,303(E2),E,0,
0.9882,0.2041,26,E,303(E2),K,-0.4707,2
4.694,0.3271,2,E,303(E2),Q,,
-5.356,-6.95,4,P,304(E2),H,,
-6.649,-7.519,1,P,304(E2),L,,
0,0,,P,304(E2),P,0,
-0.5047,-0.2025,3,P,304(E2),S,,
-1.978,-1.573,1,P,304(E2),T,,
-0.9421,-0.4661,5,N,305(E2),K,,
0,0,,N,305(E2),N,0,
-2.918,-3.233,3,Y,306(E2),*,,
-5.651,-7.141,1,Y,306(E2),D,-7.437,1
-0.5748,-0.2385,1,Y,306(E2),N,,
0,0,,Y,306(E2),Y,0,
-4.555,-6.155,3,Q,307(E2),*,,
-0.9607,-0.4795,1,Q,307(E2),H,,
0,0,,Q,307(E2),Q,0,
-0.2168,-0.07594,3,Q,307(E2),R,,
-6.259,-7.41,6,E,308(E2),*,-7.364,2
-1.113,-0.5974,1,E,308(E2),A,,
-0.4356,-0.1692,5,E,308(E2),D,-0.3251,1
0,0,,E,308(E2),E,0,
-6.668,-7.523,12,E,308(E2),K,-8,1
-6.478,-7.476,3,E,309(E2),*,,
-3.84,-5.045,1,E,309(E2),D,,
0,0,,E,309(E2),E,0,
-2.394,-2.243,14,E,309(E2),K,-2.86,2
-8.011,-7.695,16,W,310(E2),*,-8,3
-4.827,-6.476,7,W,310(E2),C,-6.981,1
-6.523,-7.488,7,W,310(E2),L,-8,2
-6.759,-7.543,4,W,310(E2),R,,
0,0,,W,310(E2),W,0,
-4.997,-6.649,4,V,311(E2),A,,
-5.429,-7.002,3,V,311(E2),D,,
-4.175,-5.612,1,V,311(E2),F,,
-4.789,-6.435,2,V,311(E2),G,,
1.032,0.2094,9,V,311(E2),I,-4.08,1
0,0,,V,311(E2),V,0,
-1.083,-0.5732,3,T,312(E2),I,-0.5222,1
0.729,0.1675,1,T,312(E2),N,-0.03444,1
0.6694,0.1577,1,T,312(E2),S,,
0,0,,T,312(E2),T,0,
0,0,,H,313(E2),H,0,
0.09993,0.03024,1,H,313(E2),N,,
1.272,0.2349,1,H,313(E2),Q,,
-2.775,-2.95,1,H,313(E2),R,-3.213,1
-0.1691,-0.05792,4,H,313(E2),Y,,
-0.7471,-0.3366,2,K,314(E2),E,,
0,0,,K,314(E2),K,0,
0.4652,0.1197,1,K,314(E2),M,,
-0.7427,-0.3339,2,K,314(E2),N,,
2.354,0.2977,1,K,314(E2),R,,
0,0,,K,315(E2),K,0,
-1.249,-0.7155,1,K,315(E2),R,,
-3.688,-4.764,3,E,316(E2),*,,
-1.999,-1.604,1,E,316(E2),D,,
0,0,,E,316(E2),E,0,
-1.85,-1.393,21,E,316(E2),K,-1.866,1
0,0,,I,317(E2),I,0,
-0.5079,-0.2041,1,I,317(E2),M,,
-3.567,-4.532,2,I,317(E2),T,,
-2.477,-2.389,3,R,318(E2),L,-3.023,1
-0.4468,-0.1744,11,R,318(E2),Q,,
0,0,,R,318(E2),R,0,
-1.799,-1.325,15,R,318(E2),W,-2.448,1
-1.12,-0.6029,1,R,318(E2),Y,,
0,0,,L,319(E2),L,0,
-6.454,-7.469,2,L,319(E2),P,-8,1
-0.5273,-0.2139,2,T,320(E2),A,-1.128,1
-1.308,-0.7704,12,T,320(E2),I,-1.221,1
-1.537,-1.006,1,T,320(E2),N,,
0,0,,T,320(E2),T,0,
-1.122,-0.6052,1,V,321(E2),-,,
0.502,0.1271,1,V,321(E2),A,,
-4.725,-6.363,3,V,321(E2),E,,
-0.7665,-0.3486,1,V,321(E2),L,,
-4.825,-6.474,19,V,321(E2),M,-7.095,4
0,0,,V,321(E2),V,0,
-1.305,-0.7672,1,P,322(E2),-,,
0.01926,0.006046,1,P,322(E2),L,,
0,0,,P,322(E2),P,0,
-2.352,-2.169,12,P,322(E2),S,-2.622,4
-1.203,-0.6736,1,T,323(E2),-,,
-0.8101,-0.3762,1,T,323(E2),A,,
1.054,0.2119,6,T,323(E2),I,-0.221,1
-1.147,-0.6259,1,T,323(E2),N,-0.8767,1
0,0,,T,323(E2),T,0,
-8.529,-7.72,1,E,324(E2),*,,
-2.203,-1.92,1,E,324(E2),-,,
-0.448,-0.175,3,E,324(E2),D,0.3426,1
0,0,,E,324(E2),E,0,
-1.715,-1.217,3,E,324(E2),G,-1.973,1
-1.788,-1.311,18,E,324(E2),K,-1.528,2
-1.333,-0.7942,1,G,325(E2),-,,
-2.658,-2.725,1,G,325(E2),A,,
-4.785,-6.431,3,G,325(E2),C,,
-4.596,-6.208,5,G,325(E2),D,,
0,0,,G,325(E2),G,0,
-5.776,-7.208,1,G,325(E2),R,,
-6.856,-7.562,5,G,325(E2),S,-8,2
-2.829,-3.058,3,G,325(E2),V,,
0,0,,L,326(E2),L,0,
-3.153,-3.706,10,L,326(E2),M,-4.437,1
-7.883,-7.687,27,L,326(E2),P,-8,3
-7.198,-7.618,6,L,326(E2),Q,-8,2
-5.339,-6.938,3,L,326(E2),R,-7.037,1
-0.04855,-0.01573,1,L,326(E2),V,,
-6.098,-7.352,3,E,327(E2),*,,
0,0,,E,327(E2),E,0,
-5.663,-7.147,3,E,327(E2),G,-8,1
-10.16,-7.75,27,E,327(E2),K,-8,4
-3.867,-5.092,1,V,328(E2),A,,
-5.349,-6.945,2,V,328(E2),D,,
-8.382,-7.714,3,V,328(E2),F,-8,1
-3.653,-4.696,6,V,328(E2),I,,
0,0,,V,328(E2),V,0,
-0.08983,-0.02966,1,T,329(E2),-,,
-3.358,-4.119,2,T,329(E2),A,,
-3.804,-4.979,6,T,329(E2),I,,
-8.162,-7.704,2,T,329(E2),N,,
-5.416,-6.993,1,T,329(E2),P,,
0,0,,T,329(E2),T,0,
-5.865,-7.252,15,W,330(E2),*,,
-0.3827,-0.1449,1,W,330(E2),-,,
-8.353,-7.713,12,W,330(E2),C,-8,3
-7.678,-7.671,5,W,330(E2),L,,
-9.389,-7.742,11,W,330(E2),R,-8,2
0,0,,W,330(E2),W,0,
-0.451,-0.1764,1,G,331(E2),-,,
-4.955,-6.609,1,G,331(E2),C,,
-9.189,-7.738,18,G,331(E2),D,-8,5
0,0,,G,331(E2),G,0,
-5.043,-6.693,8,G,331(E2),S,-7.49,2
-5.861,-7.25,4,G,331(E2),V,-5.801,1
-6.247,-7.406,7,N,332(E2),-,,
-1.041,-0.5398,1,N,332(E2),K,,
0,0,,N,332(E2),N,0,
0.1058,0.03193,1,N,333(E2),-,,
-6.202,-7.39,3,N,333(E2),D,,
-5.832,-7.236,4,N,333(E2),K,,
0,0,,N,333(E2),N,0,
-0.5409,-0.2208,1,N,333(E2),S,,
-7.487,-7.652,5,E,334(E2),*,,
-3.656,-4.702,2,E,334(E2),-,,
-1.907,-1.471,3,E,334(E2),A,,
-0.9861,-0.4982,2,E,334(E2),D,,
0,0,,E,334(E2),E,0,
-2.451,-2.343,4,E,334(E2),G,-4.79,2
-3.104,-3.607,6,E,334(E2),K,,
-2.167,-1.862,2,E,334(E2),V,,
-1.885,-1.442,3,P,335(E2),-,,
-2.859,-3.117,1,P,335(E2),L,,
0,0,,P,335(E2),P,0,
-6.948,-7.579,5,P,335(E2),S,-8,2
-1.864,-1.412,3,P,335(E2),T,,
-3.864,-5.087,4,Y,336(E2),*,,
-1.125,-0.6075,4,Y,336(E2),-,,
0.2492,0.0705,1,Y,336(E2),D,,
-2.001,-1.606,10,Y,336(E2),H,-1.726,1
0,0,,Y,336(E2),Y,0,
-0.8807,-0.4231,1,K,337(E2),-,,
-6.337,-7.435,1,K,337(E2),E,-8,1
0,0,,K,337(E2),K,0,
-3.109,-3.617,3,K,337(E2),N,-4.327,1
1.866,0.2773,1,K,337(E2),R,,
-6.138,-7.367,4,Y,338(E2),*,-8,1
-1.104,-0.59,1,Y,338(E2),C,,
-7.15,-7.611,2,Y,338(E2),H,,
-4.155,-5.58,1,Y,338(E2),N,,
0,0,,Y,338(E2),Y,0,
-6.782,-7.548,13,W,339(E2),*,-8,1
-6.557,-7.496,4,W,339(E2),C,-8,1
-6.66,-7.521,6,W,339(E2),L,,
-0.2497,-0.08884,1,W,339(E2),R,,
-5.36,-6.953,1,W,339(E2),S,,
0,0,,W,339(E2),W,0,
2.409,0.2994,1,P,340(E2),L,,
0,0,,P,340(E2),P,0,
-0.2495,-0.08872,1,P,340(E2),S,,
-3.674,-4.738,4,Q,341(E2),*,,
0.1333,0.03974,1,Q,341(E2),H,,
-2.676,-2.76,4,Q,341(E2),K,-2.286,1
-3.069,-3.537,1,Q,341(E2),P,,
0,0,,Q,341(E2),Q,0,
-0.4296,-0.1664,8,Q,341(E2),R,,
0,0,,L,342(E2),L,0,
1.474,0.2522,4,L,342(E2),M,0.2403,1
-1.612,-1.092,2,L,342(E2),P,,
-0.01906,-0.006091,1,L,342(E2),V,,
-1.115,-0.5988,3,S,343(E2),F,,
-1.939,-1.517,12,S,343(E2),P,-1.998,1
0,0,,S,343(E2),S,0,
-1.063,-0.5568,1,S,343(E2),T,,
-1.41,-0.8702,4,S,343(E2),Y,,
2.271,0.2949,2,T,344(E2),A,-0.06116,1
1.556,0.2582,5,T,344(E2),I,,
0,0,,T,344(E2),T,0,
0.8036,0.179,1,N,345(E2),D,,
1.282,0.2358,1,N,345(E2),I,,
-0.4493,-0.1756,1,N,345(E2),K,,
0,0,,N,345(E2),N,0,
2.415,0.2996,1,N,345(E2),S,,
0.4765,0.122,1,N,345(E2),Y,,
-3.918,-5.183,2,G,346(E2),C,,
-0.7653,-0.3478,56,G,346(E2),D,-0.4943,8
0,0,,G,346(E2),G,0,
-0.06289,-0.02051,6,G,346(E2),S,-2.51,2
1.656,0.265,2,T,347(E2),A,,
0.6348,0.1518,12,T,347(E2),I,,
-2.367,-2.195,2,T,347(E2),K,,
0,0,,T,347(E2),T,0,
0,0,,A,348(E2),A,0,
-0.6012,-0.2526,1,A,348(E2),D,,
0.2616,0.0736,4,A,348(E2),S,0.7202,1
-0.4955,-0.198,12,A,348(E2),T,-1.933,1
0.1566,0.04619,10,A,348(E2),V,,
0,0,,H,349(E2),H,0,
-1.315,-0.7771,4,H,349(E2),Q,,
-1.644,-1.13,1,H,349(E2),R,-1.399,1
-1.035,-0.5356,1,H,349(E2),Y,,
-10.54,-7.753,7,G,350(E2),*,-7.855,1
0.371,0.09943,7,G,350(E2),E,,
0,0,,G,350(E2),G,0,
0.312,0.08583,7,G,350(E2),R,,
2.209,0.2926,2,G,350(E2),V,,
0,0,,H,351(E2),H,0,
-0.7416,-0.3333,3,H,351(E2),N,,
-2.01,-1.62,3,H,351(E2),Q,,
-0.149,-0.05055,1,H,351(E2),R,,
0.1507,0.04457,5,H,351(E2),Y,,
-3.633,-4.659,2,P,352(E2),H,,
2.755,0.3084,2,P,352(E2),L,,
0,0,,P,352(E2),P,0,
-1.733,-1.239,4,P,352(E2),S,,
-2.222,-1.951,3,P,352(E2),T,,
0,0,,H,353(E2),H,0,
-1.585,-1.06,2,H,353(E2),N,-1.075,1
-0.5123,-0.2063,7,H,353(E2),Q,0.3564,2
-0.1641,-0.05607,2,H,353(E2),R,,
1.374,0.244,4,H,353(E2),Y,,
-6.926,-7.575,2,E,354(E2),*,,
-1.214,-0.684,1,E,354(E2),-,,
-0.9175,-0.4486,3,E,354(E2),D,,
0,0,,E,354(E2),E,0,
-1.703,-1.202,2,E,354(E2),G,,
-1.482,-0.9456,5,E,354(E2),K,,
-1.502,-0.9677,1,E,354(E2),Q,,
-2.482,-2.399,1,E,354(E2),V,,
-2.742,-2.887,2,I,355(E2),-,-3.158,1
0,0,,I,355(E2),I,0,
-1.224,-0.6924,1,I,355(E2),M,,
-1.449,-0.9113,1,I,355(E2),N,,
-2.058,-1.691,2,I,355(E2),T,,
-1.482,-0.9456,2,I,356(E2),-,,
0,0,,I,356(E2),I,0,
-7.455,-7.649,2,I,356(E2),N,,
-2.563,-2.547,4,I,356(E2),T,-2.832,1
-1.448,-0.9101,1,I,356(E2),V,,
-1.26,-0.7249,3,L,357(E2),-,,
-0.652,-0.2807,1,L,357(E2),I,,
0,0,,L,357(E2),L,0,
-1.19,-0.6624,6,L,357(E2),M,,
-1.192,-0.6644,4,L,357(E2),P,,
-1.117,-0.6005,1,L,357(E2),Q,,
-6.098,-7.352,3,Y,358(E2),*,-7.097,1
-0.4789,-0.1898,3,Y,358(E2),-,,
-3.3,-4.002,3,Y,358(E2),N,,
0,0,,Y,358(E2),Y,0,
-9.695,-7.746,6,Y,359(E2),*,,
-1.217,-0.686,3,Y,359(E2),-,,
-2.99,-3.377,2,Y,359(E2),H,,
0,0,,Y,359(E2),Y,0,
-2.08,-1.725,5,Y,360(E2),-,,
-3.332,-4.067,2,Y,360(E2),C,,
-3.055,-3.509,2,Y,360(E2),H,,
0,0,,Y,360(E2),Y,0,
-3.076,-3.55,2,E,361(E2),*,,
-1.929,-1.502,4,E,361(E2),-,,
0.1472,0.04359,4,E,361(E2),D,,
0,0,,E,361(E2),E,0,
0.2374,0.06751,1,E,361(E2),G,,
0.5788,0.1417,3,E,361(E2),K,,
-1.512,-0.9784,4,L,362(E2),-,,
0,0,,L,362(E2),L,0,
0.1023,0.03091,3,L,362(E2),M,0.4525,1
-6.494,-7.48,5,L,362(E2),P,-8,1
-0.221,-0.07756,4,L,362(E2),Q,-1.501,1
1.804,0.2739,1,L,362(E2),R,,
-6.101,-7.353,3,Y,363(E2),*,-8,1
-0.5119,-0.2061,3,Y,363(E2),-,,
-3.892,-5.137,6,Y,363(E2),C,-5.285,1
-1.004,-0.5118,1,Y,363(E2),H,,
-2.685,-2.778,2,Y,363(E2),N,-3.028,1
0,0,,Y,363(E2),Y,0,
0.3945,0.1047,3,P,364(E2),-,,
-6.916,-7.573,6,P,364(E2),H,,
-5.744,-7.192,8,P,364(E2),L,-8,2
0,0,,P,364(E2),P,0,
-3.76,-4.898,8,P,364(E2),S,-4.973,2
-6.136,-7.366,1,P,364(E2),T,,
-4.535,-6.129,3,T,365(E2),-,,
-0.1125,-0.03755,1,T,365(E2),A,,
-0.3935,-0.1498,2,T,365(E2),I,,
-1.466,-0.9288,6,T,365(E2),N,,
0,0,,T,365(E2),T,0,
-0.582,-0.2423,2,M,366(E2),-,,
-1.024,-0.5267,34,M,366(E2),I,-0.996,2
0,0,,M,366(E2),M,0,
1.075,0.2144,5,M,366(E2),T,1.165,1
-4.182,-5.622,9,T,367(E2),A,,
-4.375,-5.912,13,T,367(E2),I,-5.187,3
-5.818,-7.229,2,T,367(E2),N,-8,1
-6.713,-7.533,2,T,367(E2),P,,
-3.162,-3.724,1,T,367(E2),S,,
0,0,,T,367(E2),T,0,
-4.598,-6.211,86,V,368(E2),-,-6.576,10
-2.825,-3.05,2,V,368(E2),A,,
-2.98,-3.357,1,V,368(E2),E,,
-2.018,-1.632,8,V,368(E2),L,-2.877,1
-1.26,-0.7248,12,V,368(E2),M,-2.975,1
0,0,,V,368(E2),V,0,
-1.171,-0.6465,1,V,369(E2),A,,
1.22,0.2299,3,V,369(E2),L,-0.5642,1
-1.211,-0.6809,2,V,369(E2),M,,
0,0,,V,369(E2),V,0,
-1.025,-0.5275,1,V,370(E2),A,,
-1.702,-1.201,3,V,370(E2),L,-1.875,1
-0.7199,-0.3202,9,V,370(E2),M,-2.248,2
0,0,,V,370(E2),V,0,
-0.1218,-0.04082,1,V,371(E2),A,,
0.7301,0.1677,4,V,371(E2),L,0.07645,2
0.04816,0.01492,8,V,371(E2),M,,
-6.312,-7.427,1,V,371(E2),P,-8,1
0,0,,V,371(E2),V,0,
2.995,0.313,1,S,372(E2),A,,
0.3533,0.09543,1,S,372(E2),C,,
-2.864,-3.127,3,S,372(E2),F,,
-3.138,-3.677,4,S,372(E2),P,,
0,0,,S,372(E2),S,0,
-3.111,-3.622,6,S,372(E2),Y,,
2.562,0.3038,1,V,373(E2),E,,
3.179,0.3159,7,V,373(E2),L,-0.8214,2
-0.2265,-0.07968,8,V,373(E2),M,-2.095,2
0,0,,V,373(E2),V,0,
0,0,,A,374(E2),A,0,
-7.425,-7.646,3,A,374(E2),D,,
-0.5623,-0.2319,5,A,374(E2),S,0.2091,2
0.2769,0.07739,10,A,374(E2),T,0.08245,1
-0.6785,-0.2958,11,A,374(E2),V,-5.099,2
0.2228,0.06378,2,S,375(E2),G,,
3.572,0.3206,1,S,375(E2),I,,
-3.269,-3.94,20,S,375(E2),N,-4.008,1
3.116,0.315,3,S,375(E2),R,,
0,0,,S,375(E2),S,0,
2.357,0.2978,1,S,375(E2),T,,
0,0,,F,376(E2),F,0,
-0.7918,-0.3645,1,F,376(E2),I,,
0.1576,0.04645,4,F,376(E2),L,,
-0.7794,-0.3566,1,F,376(E2),S,,
-1.998,-1.602,6,F,376(E2),Y,-2.119,1
-0.02217,-0.007096,1,V,377(E2),A,,
-5.44,-7.01,2,V,377(E2),E,,
0.2731,0.07644,3,V,377(E2),L,,
-2.958,-3.314,6,V,377(E2),M,,
0,0,,V,377(E2),V,0,
0,0,,L,378(E2),L,0,
0.1881,0.05471,4,L,378(E2),M,-0.3157,1
-0.04295,-0.01388,1,L,378(E2),P,,
-2.968,-3.333,2,L,378(E2),Q,-3.871,1
-2.468,-2.374,1,L,378(E2),R,,
2.073,0.2872,1,L,378(E2),V,,
0,0,,L,379(E2),L,0,
-1.039,-0.5384,2,L,379(E2),M,-1.747,1
-4.034,-5.382,3,L,379(E2),P,,
-1.962,-1.55,2,L,379(E2),Q,,
-0.5671,-0.2344,4,S,380(E2),G,,
0.5289,0.1323,3,S,380(E2),I,,
-0.6176,-0.2615,1,S,380(E2),K,,
-1.571,-1.045,9,S,380(E2),N,-1.532,3
-4.92,-6.573,4,S,380(E2),R,,
0,0,,S,380(E2),S,0,
1.042,0.2106,1,S,380(E2),T,,
0.3072,0.08469,28,M,381(E2),I,-0.7656,9
-0.6393,-0.2735,2,M,381(E2),K,,
1.534,0.2567,1,M,381(E2),L,,
0,0,,M,381(E2),M,0,
-4.489,-6.069,1,M,381(E2),R,,
-3.206,-3.813,1,M,381(E2),T,,
-2.312,-2.1,2,V,382(E2),A,-2.327,1
-4.125,-5.532,1,V,382(E2),D,,
-0.5955,-0.2495,2,V,382(E2),F,,
-0.2801,-0.1011,18,V,382(E2),I,-0.299,2
0,0,,V,382(E2),V,0,
-0.7986,-0.3688,2,G,383(E2),*,,
-6.526,-7.489,17,G,383(E2),E,,
0,0,,G,383(E2),G,0,
-2.658,-2.727,1,G,383(E2),N,-3.04,1
-2.536,-2.497,39,G,383(E2),R,-3.533,1
0.5197,0.1306,7,G,383(E2),V,-1.367,1
-2.103,-1.76,1,V,384(E2),G,,
-0.6557,-0.2828,2,V,384(E2),L,-0.6144,1
1.867,0.2774,4,V,384(E2),M,-4.415,1
0,0,,V,384(E2),V,0,
0,0,,A,385(E2),A,0,
-4.008,-5.339,3,A,385(E2),D,-7.758,1
-1.046,-0.544,1,A,385(E2),G,,
-0.4465,-0.1743,1,A,385(E2),I,,
-1.557,-1.029,18,A,385(E2),T,-1.5,2
-0.6511,-0.2802,50,A,385(E2),V,-1.074,10
-2.631,-2.674,1,V,386(E2),A,,
2.876,0.3109,1,V,386(E2),E,,
1.196,0.2274,8,V,386(E2),L,,
-0.8077,-0.3747,20,V,386(E2),M,-0.8562,2
0,0,,V,386(E2),V,0,
-0.277,-0.09979,5,G,387(E2),C,,
-2.749,-2.901,45,G,387(E2),D,-3.166,9
0,0,,G,387(E2),G,0,
-0.05421,-0.01761,7,G,387(E2),S,-0.178,1
-1.234,-0.7011,2,G,387(E2),V,,
-0.3373,-0.125,7,M,388(E2),I,-1.987,1
-2.475,-2.386,2,M,388(E2),K,-1.981,1
2.01,0.2844,1,M,388(E2),L,0.5221,1
0,0,,M,388(E2),M,0,
1.862,0.2771,1,M,388(E2),R,,
-0.2949,-0.1071,3,M,388(E2),T,,
0.1731,0.05067,3,M,388(E2),V,,
0,0,,C,389(E2),C,0,
-1.408,-0.8683,3,C,389(E2),F,,
-3.181,-3.763,3,C,389(E2),R,,
-2.175,-1.874,9,C,389(E2),Y,-2.015,3
0.5967,0.145,13,M,390(E2),I,,
0,0,,M,390(E2),M,0,
-1.957,-1.542,1,M,390(E2),T,,
0.7615,0.1726,4,M,390(E2),V,,
0,0,,C,391(E2),C,0,
-0.5795,-0.241,3,C,391(E2),F,,
0.227,0.06486,2,C,391(E2),R,,
0.6383,0.1524,8,C,391(E2),Y,,
0,0,,A,392(E2),A,0,
-2.717,-2.84,5,A,392(E2),S,-2.717,1
-2.91,-3.218,7,A,392(E2),T,,
-0.9735,-0.4889,22,A,392(E2),V,-1.878,3
-1.264,-0.7289,5,R,393(E2),C,,
-3.131,-3.662,73,R,393(E2),H,-3.652,13
-5.226,-6.851,3,R,393(E2),L,,
-0.01604,-0.005119,1,R,393(E2),P,,
0,0,,R,393(E2),R,0,
-2.304,-2.087,1,R,393(E2),S,,
-1.55,-1.021,4,R,394(E2),G,,
-2.053,-1.684,4,R,394(E2),I,,
-5.147,-6.785,9,R,394(E2),K,,
0,0,,R,394(E2),R,0,
-11.89,-7.756,3,R,395(E2),*,,
-0.6944,-0.3051,3,R,395(E2),I,,
0.2229,0.0638,16,R,395(E2),K,0.9065,2
0,0,,R,395(E2),R,0,
-5.063,-6.711,2,C,396(E2),*,,
0,0,,C,396(E2),C,0,
1.244,0.2323,3,C,396(E2),F,,
-4.518,-6.107,3,C,396(E2),R,,
-2.383,-2.222,1,C,396(E2),S,,
-1.201,-0.6723,1,C,396(E2),W,,
-1.909,-1.474,36,C,396(E2),Y,-1.639,4
0,0,,I,397(E2),I,0,
-2.571,-2.563,3,I,397(E2),N,-2.522,1
-2.229,-1.962,1,I,397(E2),T,,
-2.141,-1.821,1,I,397(E2),V,,
0.08114,0.02477,2,T,398(E2),A,,
-1.098,-0.5855,6,T,398(E2),I,,
-0.1596,-0.05442,1,T,398(E2),P,,
0,0,,T,398(E2),T,0,
-0.4035,-0.1543,4,P,399(E2),H,,
1.075,0.2144,3,P,399(E2),L,0.3278,1
0,0,,P,399(E2),P,0,
-7.546,-7.658,2,P,399(E2),S,,
-1.681,-1.175,5,Y,400(E2),*,,
2.787,0.3091,2,Y,400(E2),H,,
-1.033,-0.5341,1,Y,400(E2),N,,
0,0,,Y,400(E2),Y,0,
-7.222,-7.621,3,E,401(E2),*,-8,1
-0.5164,-0.2084,2,E,401(E2),D,,
0,0,,E,401(E2),E,0,
-1.066,-0.5596,3,E,401(E2),G,,
-2.132,-1.806,5,E,401(E2),K,,
-1.155,-0.6329,2,E,401(E2),Q,-0.7983,1
-0.4114,-0.1579,7,L,402(E2),F,-0.8365,2
2.225,0.2932,2,L,402(E2),H,,
1.962,0.2821,1,L,402(E2),I,,
0,0,,L,402(E2),L,0,
-2.49,-2.414,4,L,402(E2),P,-3.078,1
0.3785,0.1011,3,L,402(E2),R,,
-0.4095,-0.1571,3,T,403(E2),A,,
-3.529,-4.459,18,T,403(E2),I,-4.373,1
0.04626,0.01435,6,T,403(E2),K,,
0,0,,T,403(E2),T,0,
-2.119,-1.785,6,P,404(E2),H,-0.6768,1
-1.77,-1.287,7,P,404(E2),L,-2.405,1
0,0,,P,404(E2),P,0,
-0.2587,-0.09241,22,P,404(E2),S,-0.03955,3
-1.323,-0.7844,3,P,404(E2),T,-1.045,2
-1.578,-1.052,4,G,405(E2),C,,
-3.582,-4.562,19,G,405(E2),D,-4.535,4
0,0,,G,405(E2),G,0,
0.5409,0.1346,2,G,405(E2),R,,
-0.3146,-0.1154,13,G,405(E2),S,-0.2807,2
0.8803,0.19,1,G,405(E2),V,,
0,0,,A,406(E2),A,0,
1.421,0.2479,4,A,406(E2),D,,
-0.6284,-0.2675,4,A,406(E2),S,,
-1.177,-0.6516,12,A,406(E2),T,-0.9111,2
0.4015,0.1062,3,A,406(E2),V,,
-0.2872,-0.104,2,T,407(E2),A,,
-1.647,-1.134,13,T,407(E2),I,-0.8391,2
1.485,0.253,1,T,407(E2),N,,
2.218,0.2929,1,T,407(E2),S,0.626,1
0,0,,T,407(E2),T,0,
-2.308,-2.094,1,V,408(E2),A,-2.361,1
-1.049,-0.5459,1,V,408(E2),E,,
-0.7009,-0.3089,2,V,408(E2),L,-0.8746,1
-0.7467,-0.3364,17,V,408(E2),M,-0.9918,3
0,0,,V,408(E2),V,0,
-3.34,-4.083,1,P,409(E2),A,,
-6.244,-7.405,5,P,409(E2),H,,
-5.751,-7.195,2,P,409(E2),L,,
0,0,,P,409(E2),P,0,
-2.365,-2.192,6,P,409(E2),S,-3.045,1
-1.929,-1.502,3,P,409(E2),T,,
0,0,,F,410(E2),F,0,
1.672,0.2661,2,F,410(E2),L,,
-2.155,-1.842,1,F,410(E2),V,,
0.1136,0.03415,1,F,410(E2),Y,,
0,0,,L,411(E2),L,0,
-0.5252,-0.2128,1,L,411(E2),M,,
-2.799,-2.998,3,L,411(E2),P,-1.856,1
-2.389,-2.234,1,L,411(E2),Q,,
0,0,,L,412(E2),L,0,
-0.7203,-0.3204,2,L,412(E2),M,,
-1.519,-0.9865,1,S,413(E2),C,,
0.9562,0.2,2,S,413(E2),G,,
-1.082,-0.5725,3,S,413(E2),I,,
-2.808,-3.015,4,S,413(E2),N,,
0,0,,S,413(E2),S,0,
-0.628,-0.2673,1,S,413(E2),T,,
-3.462,-4.326,1,L,414(E2),H,,
0,0,,L,414(E2),L,0,
-2.057,-1.691,1,L,414(E2),M,,
-4.523,-6.114,21,L,414(E2),P,-8,1
-5.224,-6.849,5,L,414(E2),Q,-5.641,2
-4.715,-6.351,3,L,414(E2),R,,
-1.042,-0.5403,1,L,414(E2),V,,
0,0,,I,415(E2),I,0,
0.1561,0.04604,1,I,415(E2),M,,
-6.921,-7.574,1,I,415(E2),N,,
-0.9133,-0.4456,1,I,415(E2),T,,
-1.656,-1.144,3,I,415(E2),V,,
-0.865,-0.4124,1,C,416(E2),*,,
0,0,,C,416(E2),C,0,
-2.197,-1.91,6,C,416(E2),F,-1.612,1
-0.5637,-0.2326,1,C,416(E2),G,,
-2.549,-2.522,2,C,416(E2),S,,
-3.361,-4.125,13,C,416(E2),Y,-4.128,3
-7.164,-7.613,3,C,417(E2),*,-8,1
-3.279,-3.96,1,C,417(E2),A,-4.215,1
0,0,,C,417(E2),C,0,
-2.836,-3.071,3,C,417(E2),F,-3.436,1
-1.005,-0.512,1,C,417(E2),H,,
-5.914,-7.275,1,C,417(E2),K,,
-3.965,-5.265,4,C,417(E2),R,,
-3.196,-3.794,1,C,417(E2),S,,
-3.591,-4.578,15,C,417(E2),Y,-4.991,1
0,0,,I,418(E2),I,0,
-0.9971,-0.5064,1,I,418(E2),M,,
-3.482,-4.366,2,I,418(E2),N,,
-0.627,-0.2667,1,I,418(E2),S,,
-1.975,-1.569,2,I,418(E2),Y,,
-3.488,-4.377,1,R,419(E2),*,,
-2.426,-2.299,1,R,419(E2),E,,
-0.4902,-0.1953,3,R,419(E2),G,,
-6.615,-7.511,2,R,419(E2),I,-8,1
0.1944,0.05636,15,R,419(E2),K,-0.9849,2
-1.881,-1.436,2,R,419(E2),P,,
0,0,,R,419(E2),R,0,
-1.06,-0.5546,1,R,419(E2),S,-0.8253,1
-3.935,-5.214,1,R,419(E2),W,,
0.04264,0.01324,1,T,420(E2),A,-0.2635,1
-2.103,-1.761,11,T,420(E2),I,-2.384,2
0.1128,0.03394,3,T,420(E2),N,,
0.2393,0.06801,1,T,420(E2),P,,
0,0,,T,420(E2),T,0,
0,0,,A,421(E2),A,0,
-5.613,-7.119,2,A,421(E2),D,,
0.2248,0.0643,2,A,421(E2),S,,
0.06171,0.019,59,A,421(E2),T,-0.5196,6
0.8967,0.1922,3,A,421(E2),V,0.5538,1
0.3162,0.08684,4,K,422(E2),E,,
1.252,0.233,1,K,422(E2),H,,
-4.142,-5.56,1,K,422(E2),I,-5.832,1
0,0,,K,422(E2),K,0,
-0.5458,-0.2233,9,K,422(E2),N,-2.397,1
-0.6291,-0.2679,1,K,422(E2),Q,,
2.216,0.2929,2,K,422(E2),R,,
-0.2066,-0.07201,1,K,422(E2),S,-0.3489,1
1.047,0.2112,1,K,422(E2),T,,
-2.352,-2.169,1,K,422(E2),V,,
-0.8013,-0.3705,2,A,423(E2),-,,
0,0,,A,423(E2),A,0,
-0.6932,-0.3043,1,A,423(E2),C,-0.5435,1
-3.92,-5.186,5,A,423(E2),D,-5.171,1
1.69,0.2672,1,A,423(E2),E,,
-6.077,-7.344,1,A,423(E2),I,-8,1
-0.9014,-0.4373,1,A,423(E2),L,,
-0.01458,-0.00465,4,A,423(E2),S,,
-3.956,-5.25,9,A,423(E2),T,-6.467,2
-8.028,-7.696,17,A,423(E2),V,-8,3
-0.1232,-0.04132,2,A,1(6K),-,,
0,0,,A,1(6K),A,0,
0.5893,0.1437,9,A,1(6K),C,0.226,3
-0.1452,-0.0492,15,A,1(6K),D,0.3648,4
-0.4279,-0.1655,7,A,1(6K),E,-1.097,3
-0.01404,-0.004476,13,A,1(6K),F,0.3621,6
0.9428,0.1983,9,A,1(6K),G,-1.368,3
0.9851,0.2037,5,A,1(6K),H,0.775,3
0.3763,0.1006,12,A,1(6K),I,0.1848,4
-1.051,-0.5475,10,A,1(6K),K,-1.194,8
-0.427,-0.1652,9,A,1(6K),L,-1.12,2
-0.3539,-0.1322,5,A,1(6K),M,-0.03055,2
-0.4823,-0.1915,4,A,1(6K),N,-0.1168,3
-7.885,-7.687,8,A,1(6K),P,-8,3
0.4694,0.1205,6,A,1(6K),Q,0.5615,4
0.4796,0.1226,18,A,1(6K),R,-0.8278,7
-0.6029,-0.2535,9,A,1(6K),S,-0.2901,6
-0.0528,-0.01714,140,A,1(6K),T,-0.2261,19
-0.4801,-0.1904,23,A,1(6K),V,-0.1409,6
-1.676,-1.168,8,A,1(6K),W,-1.926,4
-0.8549,-0.4056,10,A,1(6K),Y,-0.2945,7
-7.168,-7.614,10,T,2(6K),*,-8,6
-2.219,-1.945,3,T,2(6K),-,,
-0.6483,-0.2786,15,T,2(6K),A,-0.2897,7
-1.443,-0.9053,6,T,2(6K),C,-1.406,2
-0.5744,-0.2383,8,T,2(6K),D,-0.293,2
1.487,0.2531,5,T,2(6K),E,-0.2109,1
-0.2296,-0.08091,10,T,2(6K),F,-0.03115,4
0.2777,0.07757,7,T,2(6K),G,-0.06923,5
-0.7916,-0.3643,8,T,2(6K),H,-0.2359,3
-0.3525,-0.1316,10,T,2(6K),I,-0.5954,5
-0.3055,-0.1115,13,T,2(6K),K,-0.5577,5
3.981,0.3238,10,T,2(6K),L,-0.1072,4
-0.8015,-0.3707,8,T,2(6K),M,-0.8589,4
0.05682,0.01754,15,T,2(6K),N,0.1671,7
-0.6995,-0.3081,12,T,2(6K),P,-1.373,4
0.2766,0.07731,6,T,2(6K),Q,-0.1988,6
-1.081,-0.5716,11,T,2(6K),R,-0.3559,5
0.4615,0.1189,10,T,2(6K),S,0.8688,4
0,0,,T,2(6K),T,0,
-0.3906,-0.1485,8,T,2(6K),V,0.1768,3
-1.424,-0.8845,3,T,2(6K),W,-1.124,2
-1.323,-0.7844,4,T,2(6K),Y,,
-0.2876,-0.1041,1,Y,3(6K),*,,
-1.013,-0.5181,2,Y,3(6K),-,,
-1.42,-0.8812,8,Y,3(6K),A,-0.7395,5
1.284,0.236,13,Y,3(6K),C,0.3148,6
-0.6625,-0.2866,9,Y,3(6K),D,-1.645,1
-0.2068,-0.07211,6,Y,3(6K),E,-0.5136,4
-1.114,-0.5985,9,Y,3(6K),F,-0.2713,1
0.9971,0.2052,7,Y,3(6K),G,-0.8596,3
0.368,0.09877,21,Y,3(6K),H,0.7346,7
-0.0002487,-7.856e-05,6,Y,3(6K),I,-0.5442,5
-1.004,-0.5113,3,Y,3(6K),K,0.5589,2
-0.4559,-0.1788,9,Y,3(6K),L,0.2508,5
-0.2853,-0.1032,9,Y,3(6K),M,-0.1877,4
-0.4559,-0.1787,10,Y,3(6K),N,-0.08845,8
-1.078,-0.5694,7,Y,3(6K),P,-0.9837,6
0.08045,0.02456,5,Y,3(6K),Q,0.2124,2
0.154,0.04547,10,Y,3(6K),R,0.6642,3
0.44,0.1144,6,Y,3(6K),S,-0.1439,5
0.4123,0.1085,12,Y,3(6K),T,-0.1417,4
0.3416,0.09276,8,Y,3(6K),V,-0.4394,3
0.5077,0.1282,5,Y,3(6K),W,-0.2934,4
0,0,,Y,3(6K),Y,0,
-7.474,-7.651,15,Q,4(6K),*,-7.36,4
-1.203,-0.6738,2,Q,4(6K),-,,
-0.2312,-0.08153,8,Q,4(6K),A,-0.2101,5
-0.6033,-0.2538,9,Q,4(6K),C,0.09728,2
0.03297,0.01029,10,Q,4(6K),D,-0.3718,4
0.4946,0.1256,11,Q,4(6K),E,0.1202,6
-0.3726,-0.1404,10,Q,4(6K),F,-0.1786,4
-0.4581,-0.1798,16,Q,4(6K),G,-1.136,4
0.7188,0.1659,13,Q,4(6K),H,0.1122,7
-0.2901,-0.1051,14,Q,4(6K),I,-0.702,5
0.4097,0.108,16,Q,4(6K),K,-1.27,8
-0.1992,-0.06921,9,Q,4(6K),L,0.09683,3
-1.259,-0.7239,10,Q,4(6K),M,-0.8802,7
0.2812,0.07842,9,Q,4(6K),N,-0.2337,2
-0.02446,-0.007836,11,Q,4(6K),P,-0.1401,6
0,0,,Q,4(6K),Q,0,
-0.8721,-0.4172,12,Q,4(6K),R,-1.076,6
-0.2842,-0.1027,9,Q,4(6K),S,-0.4143,3
1.209,0.2288,10,Q,4(6K),T,0.2294,7
0.2086,0.06009,16,Q,4(6K),V,-0.2388,7
-2.931,-3.26,5,Q,4(6K),W,,
-0.2443,-0.08666,8,Q,4(6K),Y,0.07503,3
-6.896,-7.57,3,E,5(6K),*,-8,2
-0.3235,-0.1192,2,E,5(6K),-,,
-1.078,-0.569,11,E,5(6K),A,-0.678,5
0.8201,0.1814,11,E,5(6K),C,-0.2687,5
0.2899,0.08054,12,E,5(6K),D,-0.6783,2
0,0,,E,5(6K),E,0,
-1.619,-1.101,13,E,5(6K),F,-1.855,8
-1.457,-0.9195,7,E,5(6K),G,-1.352,3
0.8703,0.1886,13,E,5(6K),H,-0.1706,8
-0.6785,-0.2958,16,E,5(6K),I,-0.4045,5
-1.574,-1.048,25,E,5(6K),K,-1.264,9
-1.514,-0.9805,9,E,5(6K),L,-1.258,6
-0.2555,-0.09114,16,E,5(6K),M,-0.352,7
-0.6699,-0.2909,8,E,5(6K),N,-1.194,3
-1.105,-0.5906,16,E,5(6K),P,-0.6819,9
-0.251,-0.08932,10,E,5(6K),Q,-0.07995,4
-1.164,-0.6405,9,E,5(6K),R,-0.4981,3
-0.6762,-0.2945,14,E,5(6K),S,-0.8139,7
-0.7061,-0.312,9,E,5(6K),T,-0.7258,4
-0.9137,-0.4459,10,E,5(6K),V,-1.254,5
-2.066,-1.703,10,E,5(6K),W,-2.738,7
-0.4452,-0.1736,5,E,5(6K),Y,-0.5655,1
-6.103,-7.354,6,A,6(6K),*,-8,5
-1.523,-0.9911,2,A,6(6K),-,,
0,0,,A,6(6K),A,0,
-0.6551,-0.2824,11,A,6(6K),C,-0.3218,7
0.05848,0.01804,8,A,6(6K),D,0.0472,4
-1.78,-1.301,11,A,6(6K),E,-0.5602,2
0.2141,0.06155,4,A,6(6K),F,-0.02855,2
0.8567,0.1867,9,A,6(6K),G,0.08912,1
-0.2538,-0.09047,12,A,6(6K),H,-0.04143,3
-0.3307,-0.1222,10,A,6(6K),I,-0.6022,6
0.5482,0.136,12,A,6(6K),K,-0.5705,6
-0.1952,-0.06768,7,A,6(6K),L,-0.3184,3
-0.3587,-0.1343,10,A,6(6K),M,0.08396,7
0.06121,0.01885,12,A,6(6K),N,0.03517,5
-0.2024,-0.0704,10,A,6(6K),P,-1.017,3
0.3372,0.09175,7,A,6(6K),Q,-0.3944,5
0.1084,0.03267,5,A,6(6K),R,0.3276,4
0.07864,0.02403,13,A,6(6K),S,0.05922,5
0.4542,0.1174,17,A,6(6K),T,0.2605,3
-0.7148,-0.3171,26,A,6(6K),V,-0.2857,7
-0.654,-0.2818,11,A,6(6K),W,-0.2117,7
-0.4978,-0.1991,8,A,6(6K),Y,0.009895,5
0.2836,0.07901,1,A,7(6K),-,,
0,0,,A,7(6K),A,0,
-1.043,-0.5418,7,A,7(6K),C,-1.633,1
0.2459,0.06966,9,A,7(6K),D,-0.1931,4
-0.6492,-0.2791,3,A,7(6K),E,-0.5502,3
0.4967,0.126,6,A,7(6K),F,-0.0249,3
-0.1152,-0.03848,9,A,7(6K),G,0.5033,5
0.1567,0.04622,7,A,7(6K),H,-1.242,4
-1.163,-0.6389,6,A,7(6K),I,-0.9122,4
0.1297,0.03872,6,A,7(6K),K,-0.4281,2
-0.08337,-0.02744,7,A,7(6K),L,0.0812,4
0.07801,0.02385,10,A,7(6K),M,-0.5029,1
-0.3531,-0.1319,9,A,7(6K),N,-0.15,3
2.027,0.2852,14,A,7(6K),P,-0.6727,8
-0.2862,-0.1036,5,A,7(6K),Q,-0.3959,3
0.03316,0.01034,10,A,7(6K),R,-0.7001,7
0.4058,0.1071,8,A,7(6K),S,0.043,2
0.3667,0.09847,31,A,7(6K),T,-0.3125,5
-0.07725,-0.02536,23,A,7(6K),V,-0.4158,6
-1.551,-1.022,7,A,7(6K),W,-1.683,5
1.6,0.2613,12,A,7(6K),Y,0.3855,7
-6.232,-7.401,17,V,8(6K),*,-8,8
-0.1437,-0.04865,1,V,8(6K),-,,
0.1683,0.04937,14,V,8(6K),A,-0.5408,3
-0.1975,-0.06855,10,V,8(6K),C,-0.2636,3
2.706,0.3073,10,V,8(6K),D,-0.2487,6
0.07957,0.0243,10,V,8(6K),E,-0.4144,6
-0.8188,-0.3818,11,V,8(6K),F,-0.5005,5
0.1425,0.0423,11,V,8(6K),G,-0.02497,3
0.2514,0.07106,5,V,8(6K),H,-0.2965,4
0.1452,0.04306,10,V,8(6K),I,-0.2541,5
-0.6463,-0.2775,10,V,8(6K),K,-0.2187,4
0.02209,0.006927,19,V,8(6K),L,0.1554,10
-0.2863,-0.1036,22,V,8(6K),M,-0.7781,4
0.3991,0.1057,15,V,8(6K),N,0.01152,11
-1.273,-0.7369,13,V,8(6K),P,-0.04377,3
0.4922,0.1251,3,V,8(6K),Q,-1.21,2
0.6989,0.1626,8,V,8(6K),R,-0.335,3
-0.0895,-0.02955,11,V,8(6K),S,-0.1606,5
0.5211,0.1308,8,V,8(6K),T,-0.5027,6
0,0,,V,8(6K),V,0,
-0.486,-0.1933,10,V,8(6K),W,-0.2827,3
-0.362,-0.1358,10,V,8(6K),Y,-0.385,4
-1.537,-1.006,2,Y,9(6K),-,,
0.4243,0.1111,10,Y,9(6K),A,-0.3375,5
-0.5296,-0.215,7,Y,9(6K),C,-0.08792,3
0.7386,0.169,6,Y,9(6K),D,0.6352,4
0.09766,0.02958,6,Y,9(6K),E,0.2025,2
-0.1301,-0.04375,4,Y,9(6K),F,-0.1298,2
-0.3997,-0.1526,8,Y,9(6K),G,-0.1347,5
0.1178,0.03535,8,Y,9(6K),H,-0.1471,2
-0.1604,-0.05473,10,Y,9(6K),I,-0.4437,5
-1.154,-0.6316,14,Y,9(6K),K,-0.6968,4
2.261,0.2945,7,Y,9(6K),L,-0.3317,4
-0.4715,-0.1862,8,Y,9(6K),M,-0.2295,4
-0.04094,-0.01322,9,Y,9(6K),N,-0.3143,3
-0.2095,-0.07312,9,Y,9(6K),P,-0.2238,3
0.01243,0.003915,6,Y,9(6K),Q,0.3792,3
-1.284,-0.7473,13,Y,9(6K),R,-1.151,7
1.839,0.2759,8,Y,9(6K),S,0.1073,5
-0.2495,-0.08874,8,Y,9(6K),T,-0.1458,3
1.031,0.2093,2,Y,9(6K),V,0.9133,1
1.6,0.2613,9,Y,9(6K),W,-0.886,6
0,0,,Y,9(6K),Y,0,
-7.286,-7.629,10,L,10(6K),*,-8,6
0.4051,0.107,3,L,10(6K),-,,
1.098,0.2171,5,L,10(6K),A,-0.754,4
-1.291,-0.7535,7,L,10(6K),C,-1.561,3
-0.4717,-0.1863,5,L,10(6K),D,-0.5351,2
2.612,0.3051,5,L,10(6K),E,0.7139,3
-0.3224,-0.1187,5,L,10(6K),F,1.394,2
-0.5385,-0.2196,8,L,10(6K),G,-0.309,5
0.2403,0.06826,10,L,10(6K),H,-0.2168,4
1.4,0.2462,7,L,10(6K),I,-1.49,2
-0.774,-0.3533,9,L,10(6K),K,-1.361,4
0,0,,L,10(6K),L,0,
0.97,0.2018,15,L,10(6K),M,-0.09776,5
-0.5554,-0.2283,7,L,10(6K),N,-1.082,5
-0.3616,-0.1356,29,L,10(6K),P,-0.09894,3
4.013,0.324,11,L,10(6K),Q,-1.5,4
-0.1332,-0.04487,15,L,10(6K),R,-0.2843,3
1.845,0.2762,10,L,10(6K),S,0.1631,6
2.06,0.2866,9,L,10(6K),T,-0.1144,3
0.3338,0.09096,8,L,10(6K),V,-0.5862,5
0.7754,0.1747,3,L,10(6K),W,0.0268,1
0.1767,0.05165,4,L,10(6K),Y,-0.1188,3
-8.248,-7.708,45,W,11(6K),*,-8,3
-0.5436,-0.2222,1,W,11(6K),-,,
0.1031,0.03114,4,W,11(6K),A,0.2158,1
-1.501,-0.9671,11,W,11(6K),C,-0.9957,4
-0.04497,-0.01454,8,W,11(6K),D,-0.7913,3
-1.048,-0.5453,8,W,11(6K),E,-0.6986,4
0.07142,0.0219,11,W,11(6K),F,-0.4964,6
-0.2885,-0.1045,9,W,11(6K),G,-1.193,5
-1.02,-0.524,7,W,11(6K),H,-0.5957,3
-0.2787,-0.1005,13,W,11(6K),I,-0.4435,7
0.9651,0.2012,4,W,11(6K),K,0.2028,3
0.09775,0.02961,15,W,11(6K),L,-0.4436,4
-0.08962,-0.02959,8,W,11(6K),M,0.01025,4
0.543,0.135,8,W,11(6K),N,-0.0347,4
0.4639,0.1194,10,W,11(6K),P,0.1924,5
0.6743,0.1585,10,W,11(6K),Q,0.4208,1
-0.296,-0.1076,12,W,11(6K),R,-0.4522,4
0.9304,0.1967,8,W,11(6K),S,-0.3806,5
0.3182,0.08731,4,W,11(6K),T,-0.7992,1
-0.1255,-0.04211,12,W,11(6K),V,0.2641,2
0,0,,W,11(6K),W,0,
-0.294,-0.1068,6,W,11(6K),Y,0.1507,2
-7.405,-7.644,7,N,12(6K),*,-8,3
-0.1244,-0.04175,1,N,12(6K),-,,
0.5223,0.131,9,N,12(6K),A,0.3374,2
1.31,0.2384,12,N,12(6K),C,-0.09757,4
1.322,0.2394,10,N,12(6K),D,-0.3553,4
-0.3682,-0.1385,9,N,12(6K),E,-0.247,4
-0.6558,-0.2828,11,N,12(6K),F,-0.1312,8
3.487,0.3197,3,N,12(6K),G,-0.4131,1
-0.1866,-0.06446,17,N,12(6K),H,-1.192,3
0.5814,0.1422,11,N,12(6K),I,-0.1132,7
0.1714,0.05021,10,N,12(6K),K,-1.352,4
-0.5262,-0.2133,5,N,12(6K),L,-0.4511,2
-0.09475,-0.03135,11,N,12(6K),M,,
0,0,,N,12(6K),N,0,
-1.009,-0.5154,9,N,12(6K),P,-0.1114,3
-1.022,-0.5256,14,N,12(6K),Q,-0.764,9
-1.041,-0.54,11,N,12(6K),R,-0.4496,5
-0.3707,-0.1396,9,N,12(6K),S,-0.3567,1
-0.2006,-0.06974,10,N,12(6K),T,0.3727,3
-0.5273,-0.2139,10,N,12(6K),V,-0.3789,5
-1.028,-0.5302,15,N,12(6K),W,-0.5826,8
1.139,0.2214,9,N,12(6K),Y,0.1614,5
-5.133,-6.773,6,E,13(6K),*,,
-0.7749,-0.3538,1,E,13(6K),-,,
0.3101,0.08538,10,E,13(6K),A,,
-0.4054,-0.1552,8,E,13(6K),C,-2.206,4
0.7179,0.1657,13,E,13(6K),D,0.1154,3
0,0,,E,13(6K),E,0,
-0.2867,-0.1037,11,E,13(6K),F,-0.3006,7
-0.8371,-0.3938,14,E,13(6K),G,-0.4501,8
-0.4915,-0.196,13,E,13(6K),H,-0.7074,6
0.0501,0.01551,13,E,13(6K),I,-0.5065,6
-1.339,-0.7996,12,E,13(6K),K,-1.111,5
2.062,0.2867,7,E,13(6K),L,0.2107,3
2.341,0.2972,5,E,13(6K),M,-0.1747,3
-0.8835,-0.425,13,E,13(6K),N,-0.0964,9
0.03119,0.009738,16,E,13(6K),P,-0.1295,10
1.004,0.2061,29,E,13(6K),Q,-0.4038,13
-0.00175,-0.0005549,6,E,13(6K),R,-0.5384,4
-0.2317,-0.08174,6,E,13(6K),S,-0.5448,3
2.156,0.2906,13,E,13(6K),T,0.2383,6
-0.2351,-0.08305,13,E,13(6K),V,-0.4135,6
-0.7193,-0.3198,7,E,13(6K),W,-0.6657,4
0.9797,0.203,11,E,13(6K),Y,-0.1433,4
-6.743,-7.54,27,Q,14(6K),*,-8,9
-2.963,-3.323,3,Q,14(6K),-,-3.653,1
-0.3548,-0.1326,9,Q,14(6K),A,0.03953,3
0.1689,0.04953,6,Q,14(6K),C,-1.441,2
-0.6071,-0.2558,10,Q,14(6K),D,-0.6163,3
0.9079,0.1937,11,Q,14(6K),E,0.1406,8
-1.929,-1.503,10,Q,14(6K),F,-0.9141,3
-1.092,-0.5802,13,Q,14(6K),G,-0.198,8
0.6317,0.1512,17,Q,14(6K),H,0.2852,9
-0.8325,-0.3908,9,Q,14(6K),I,-0.08586,7
-0.705,-0.3113,10,Q,14(6K),K,-0.7415,3
0.7807,0.1755,8,Q,14(6K),L,-0.02458,5
-0.5261,-0.2132,9,Q,14(6K),M,-0.58,3
0.05778,0.01783,10,Q,14(6K),N,-0.1857,4
-1.285,-0.7484,8,Q,14(6K),P,-0.6124,4
0,0,,Q,14(6K),Q,0,
1.101,0.2173,13,Q,14(6K),R,0.3659,3
-0.8832,-0.4248,9,Q,14(6K),S,-1.292,4
-0.5614,-0.2315,11,Q,14(6K),T,-0.7936,5
2.406,0.2993,7,Q,14(6K),V,-0.04385,2
-0.06316,-0.0206,7,Q,14(6K),W,0.2215,4
-0.8478,-0.4009,12,Q,14(6K),Y,-0.4512,10
-8.115,-7.701,7,Q,15(6K),*,-8,2
-1.233,-0.7003,1,Q,15(6K),-,,
0.7566,0.1718,5,Q,15(6K),A,-0.8349,3
-0.1547,-0.05263,9,Q,15(6K),C,0.01265,4
0.1381,0.04106,12,Q,15(6K),D,-0.5305,5
1.195,0.2273,17,Q,15(6K),E,-0.54,11
-0.1675,-0.05735,7,Q,15(6K),F,-0.0205,2
-0.7415,-0.3332,10,Q,15(6K),G,-0.3848,5
-0.7948,-0.3664,5,Q,15(6K),H,-0.5789,3
-0.9064,-0.4408,11,Q,15(6K),I,-0.3264,6
0.5262,0.1318,7,Q,15(6K),K,-1.062,3
-0.5958,-0.2497,7,Q,15(6K),L,-0.2895,4
-1.022,-0.5252,16,Q,15(6K),M,-0.4279,8
0.278,0.07766,11,Q,15(6K),N,0.04943,6
0.4259,0.1114,16,Q,15(6K),P,-0.1292,9
0,0,,Q,15(6K),Q,0,
2.94,0.3121,2,Q,15(6K),R,0.9366,2
1.249,0.2326,10,Q,15(6K),S,0.1053,4
-0.1429,-0.04835,9,Q,15(6K),T,0.07347,3
0.611,0.1476,9,Q,15(6K),V,0.03753,5
0.4219,0.1106,8,Q,15(6K),W,-0.4775,4
-0.1804,-0.06212,6,Q,15(6K),Y,-1.904,1
-7.181,-7.616,12,P,16(6K),*,-8,5
0.8314,0.183,5,P,16(6K),A,0.3556,3
-0.1519,-0.05162,7,P,16(6K),C,-0.6491,2
-0.5602,-0.2308,8,P,16(6K),D,-0.1339,6
-1.7,-1.198,6,P,16(6K),E,-1.569,4
0.1555,0.04589,5,P,16(6K),F,0.1066,2
-1.061,-0.5553,6,P,16(6K),G,-0.2375,3
-0.19,-0.06573,14,P,16(6K),H,-0.596,5
-0.7916,-0.3643,9,P,16(6K),I,-0.2508,3
-1.763,-1.278,5,P,16(6K),K,-2.318,1
0.5034,0.1273,12,P,16(6K),L,-0.4362,4
-0.3843,-0.1456,3,P,16(6K),M,-0.2232,1
0.3379,0.0919,10,P,16(6K),N,0.1433,5
0,0,,P,16(6K),P,0,
-0.6781,-0.2956,8,P,16(6K),Q,-0.6547,4
-1.168,-0.6438,7,P,16(6K),R,-1.041,3
-1.089,-0.5777,10,P,16(6K),S,-0.5314,1
-0.9766,-0.4911,6,P,16(6K),T,-0.4481,2
0.5792,0.1418,7,P,16(6K),V,0.5725,2
0.9359,0.1974,8,P,16(6K),W,-0.03911,5
-0.8043,-0.3724,10,P,16(6K),Y,-0.65,7
-0.5369,-0.2188,6,L,17(6K),A,-0.3974,2
-0.3622,-0.1358,6,L,17(6K),C,-0.09681,5
-1.758,-1.272,5,L,17(6K),D,,
-0.3261,-0.1202,7,L,17(6K),E,0.639,4
3.335,0.318,10,L,17(6K),F,0.3774,6
1.345,0.2415,4,L,17(6K),G,0.5248,1
0.7423,0.1696,9,L,17(6K),H,-0.2833,5
-0.8485,-0.4014,7,L,17(6K),I,-0.487,4
-0.5403,-0.2205,2,L,17(6K),K,,
0,0,,L,17(6K),L,0,
1.747,0.2707,11,L,17(6K),M,-0.5819,4
-0.03439,-0.01107,10,L,17(6K),N,0.4303,3
0.5781,0.1416,6,L,17(6K),P,-0.417,2
0.841,0.1844,11,L,17(6K),Q,0.9047,6
-0.9168,-0.4481,7,L,17(6K),R,-0.8271,3
1.196,0.2275,6,L,17(6K),S,0.477,2
0.09432,0.02861,8,L,17(6K),T,0.004965,6
0.2416,0.0686,9,L,17(6K),V,0.1299,5
-1.39,-0.8504,2,L,17(6K),W,,
1.918,0.28,7,L,17(6K),Y,0.0674,4
-6.087,-7.348,6,F,18(6K),*,-8,4
1.426,0.2484,4,F,18(6K),A,-1.376,2
1.573,0.2594,7,F,18(6K),C,-0.0691,2
0.6479,0.154,4,F,18(6K),D,0.7498,1
2.764,0.3086,5,F,18(6K),E,0.2548,5
0,0,,F,18(6K),F,0,
-0.3227,-0.1188,6,F,18(6K),G,-0.6967,5
3.438,0.3192,5,F,18(6K),H,-0.4796,2
0.3585,0.09662,7,F,18(6K),I,0.3469,1
1.648,0.2645,4,F,18(6K),K,-0.7212,2
-0.9358,-0.4616,10,F,18(6K),L,-0.1608,4
-0.1379,-0.04655,6,F,18(6K),M,-0.4223,4
0.06875,0.0211,13,F,18(6K),N,0.1878,6
0.3683,0.09884,11,F,18(6K),P,-0.5212,3
-0.2673,-0.09588,6,F,18(6K),Q,-0.05023,3
-1.415,-0.8762,8,F,18(6K),R,-0.9152,5
-1.224,-0.6925,16,F,18(6K),S,-1.22,8
-1.016,-0.5207,3,F,18(6K),T,-1.263,1
0.1859,0.05411,9,F,18(6K),V,-0.4012,6
0.4966,0.126,4,F,18(6K),W,-3.497,2
0.171,0.05011,9,F,18(6K),Y,-1.017,3
-8.311,-7.711,46,W,19(6K),*,-8,7
0.457,0.118,11,W,19(6K),A,-1.244,5
0.2332,0.06646,9,W,19(6K),C,0.3616,2
-0.836,-0.3931,8,W,19(6K),D,0.5311,3
-0.5886,-0.2458,4,W,19(6K),E,-1.991,1
-0.9234,-0.4528,9,W,19(6K),F,-0.2685,4
-0.2653,-0.09506,4,W,19(6K),G,-0.5085,3
-0.5802,-0.2414,4,W,19(6K),H,-0.5348,2
-2.871,-3.14,4,W,19(6K),I,,
-0.3602,-0.135,6,W,19(6K),K,0.0384,4
-0.582,-0.2423,8,W,19(6K),L,-0.4345,3
0.1911,0.05549,11,W,19(6K),M,0.6633,3
-1.074,-0.5659,9,W,19(6K),N,-0.7916,6
1.359,0.2428,5,W,19(6K),P,0.8444,1
-0.1142,-0.03814,9,W,19(6K),Q,-0.9491,6
-1.405,-0.8652,11,W,19(6K),R,-0.6986,4
0.3034,0.0838,13,W,19(6K),S,-0.1957,8
-0.1842,-0.06356,2,W,19(6K),T,-0.3355,2
-0.7472,-0.3366,3,W,19(6K),V,,
0,0,,W,19(6K),W,0,
-0.07517,-0.02465,3,W,19(6K),Y,-0.422,3
-7.242,-7.624,10,L,20(6K),*,-8,6
-0.708,-0.3131,7,L,20(6K),A,-0.9831,2
0.2632,0.07399,8,L,20(6K),C,-1.849,1
-0.9676,-0.4846,6,L,20(6K),D,-0.4958,3
0.4077,0.1075,8,L,20(6K),E,-0.01177,5
-1.06,-0.5551,7,L,20(6K),F,-0.1532,5
-0.4434,-0.1728,7,L,20(6K),G,-0.7263,2
-0.6012,-0.2526,6,L,20(6K),H,-0.7162,3
-1.165,-0.6413,10,L,20(6K),I,-1.036,3
-0.9665,-0.4838,3,L,20(6K),K,,
0,0,,L,20(6K),L,0,
-0.6712,-0.2916,10,L,20(6K),M,-0.4345,5
-0.1271,-0.04269,6,L,20(6K),N,-0.9,5
-1.195,-0.667,11,L,20(6K),P,-0.1803,5
1.307,0.2382,6,L,20(6K),Q,0.7786,4
-0.5122,-0.2063,10,L,20(6K),R,0.1253,4
-0.8782,-0.4213,8,L,20(6K),S,-1.083,6
-1.11,-0.5948,9,L,20(6K),T,-0.2057,4
0.5442,0.1353,7,L,20(6K),V,0.8763,3
1.196,0.2274,6,L,20(6K),W,0.066,1
3.233,0.3167,7,L,20(6K),Y,0.155,3
-5.961,-7.296,11,Q,21(6K),*,-6.131,1
0.6988,0.1626,14,Q,21(6K),A,0.481,4
2.17,0.2911,2,Q,21(6K),C,0.3555,2
0.4013,0.1061,9,Q,21(6K),D,-0.3092,3
0.8786,0.1897,12,Q,21(6K),E,-0.255,4
-1.72,-1.224,6,Q,21(6K),F,-2.148,4
-0.5904,-0.2468,12,Q,21(6K),G,-0.1032,6
0.9273,0.1963,9,Q,21(6K),H,-0.2724,3
-1.063,-0.5568,6,Q,21(6K),I,0.3821,2
0.4159,0.1093,12,Q,21(6K),K,0.3316,6
-0.805,-0.3729,8,Q,21(6K),L,0.2334,4
0.6062,0.1467,10,Q,21(6K),M,-0.2973,5
4.639,0.3269,7,Q,21(6K),N,0.1421,4
-0.06183,-0.02015,7,Q,21(6K),P,0.2261,4
0,0,,Q,21(6K),Q,0,
-1.594,-1.071,4,Q,21(6K),R,,
-0.8802,-0.4227,7,Q,21(6K),S,-1.141,3
0.672,0.1582,11,Q,21(6K),T,0.5319,2
0.1617,0.04757,9,Q,21(6K),V,-0.1132,5
-0.166,-0.05679,14,Q,21(6K),W,-0.08485,9
0.1566,0.0462,9,Q,21(6K),Y,-0.4317,2
-6.468,-7.473,9,A,22(6K),*,-8,6
0,0,,A,22(6K),A,0,
-1.01,-0.5164,8,A,22(6K),C,-0.4225,3
-0.5664,-0.2341,15,A,22(6K),D,-0.1744,3
-0.2815,-0.1016,11,A,22(6K),E,-0.2808,6
-0.8509,-0.4029,4,A,22(6K),F,-3.242,1
-0.7148,-0.3171,6,A,22(6K),G,0.033,4
1.017,0.2076,3,A,22(6K),H,0.5549,2
0.1004,0.03038,7,A,22(6K),I,0.0822,2
-0.2194,-0.07694,7,A,22(6K),K,0.05365,2
0.4937,0.1254,8,A,22(6K),L,0.0871,4
0.5224,0.1311,10,A,22(6K),M,-0.2289,2
-0.5375,-0.2191,5,A,22(6K),N,0.484,1
-1.219,-0.6878,6,A,22(6K),P,-1.439,3
-1.177,-0.6512,6,A,22(6K),Q,-0.6264,3
-1.409,-0.87,7,A,22(6K),R,-1.153,6
0.2006,0.05802,14,A,22(6K),S,0.7434,5
0.04232,0.01315,16,A,22(6K),T,-0.5454,6
-0.08269,-0.02721,19,A,22(6K),V,-0.964,5
1.055,0.2122,4,A,22(6K),W,,
-1.277,-0.741,6,A,22(6K),Y,-0.4134,2
2.6,0.3048,4,L,23(6K),A,-0.6699,3
0.3718,0.09962,6,L,23(6K),C,-0.6216,2
-0.5025,-0.2014,7,L,23(6K),D,-0.094,2
0.2333,0.06647,14,L,23(6K),E,0.3922,7
1.595,0.261,14,L,23(6K),F,-0.4203,9
1.17,0.2248,9,L,23(6K),G,-0.224,4
-1.794,-1.319,7,L,23(6K),H,-1.838,4
-0.1586,-0.05407,3,L,23(6K),I,0.4905,1
-2.089,-1.74,9,L,23(6K),K,-2.042,4
0,0,,L,23(6K),L,0,
0.4479,0.1161,14,L,23(6K),M,-0.6444,3
0.9826,0.2034,8,L,23(6K),N,-0.3385,5
-0.6002,-0.252,34,L,23(6K),P,0.09877,11
-0.2688,-0.09649,11,L,23(6K),Q,-0.09489,2
-1.579,-1.054,5,L,23(6K),R,-8,1
0.2681,0.07522,6,L,23(6K),S,0.4107,2
-0.8935,-0.4318,6,L,23(6K),T,-0.9012,2
-0.8378,-0.3943,7,L,23(6K),V,0.7292,5
0.8827,0.1903,8,L,23(6K),W,0.1764,4
-0.2261,-0.07952,6,L,23(6K),Y,0.1603,2
-7.109,-7.605,4,I,24(6K),*,-8,4
0.8371,0.1839,5,I,24(6K),A,-0.2504,3
-1.149,-0.6278,8,I,24(6K),C,-0.4086,3
-0.9117,-0.4445,10,I,24(6K),D,-0.7003,7
2.077,0.2873,4,I,24(6K),E,0.6293,1
1.318,0.2391,10,I,24(6K),F,-0.3492,5
1.666,0.2657,4,I,24(6K),G,0.363,3
-0.7202,-0.3203,8,I,24(6K),H,-0.0439,4
0,0,,I,24(6K),I,0,
-0.9046,-0.4396,4,I,24(6K),K,-0.3982,3
-0.2252,-0.0792,5,I,24(6K),L,0.4299,2
-0.7,-0.3083,10,I,24(6K),M,0.1553,3
-0.359,-0.1344,11,I,24(6K),N,-1.458,6
-0.6351,-0.2712,8,I,24(6K),P,0.5821,1
0.1152,0.03462,6,I,24(6K),Q,,
-1.317,-0.7787,6,I,24(6K),R,-1.123,3
-0.08094,-0.02661,8,I,24(6K),S,-0.3826,4
-0.2054,-0.07156,6,I,24(6K),T,-0.5131,3
-0.7537,-0.3407,7,I,24(6K),V,-1.296,1
0.02301,0.007211,7,I,24(6K),W,-0.3228,6
0.08044,0.02456,8,I,24(6K),Y,-0.8282,4
-0.02048,-0.006547,9,P,25(6K),A,-0.2293,7
-0.4107,-0.1576,5,P,25(6K),C,-0.137,3
0.828,0.1826,9,P,25(6K),D,0.001828,3
-0.33,-0.1219,7,P,25(6K),E,-0.1839,5
-1.078,-0.5694,2,P,25(6K),F,-0.3347,1
0.7081,0.1641,6,P,25(6K),G,0.1993,3
-0.01628,-0.005196,4,P,25(6K),H,,
-0.3535,-0.132,6,P,25(6K),I,-0.1371,4
-0.8686,-0.4148,8,P,25(6K),K,-0.7022,4
0.2189,0.06277,10,P,25(6K),L,0.3196,3
-0.4608,-0.1811,3,P,25(6K),M,-0.3468,2
-0.1004,-0.03331,7,P,25(6K),N,-0.8474,4
0,0,,P,25(6K),P,0,
0.233,0.06641,5,P,25(6K),Q,0.8868,1
-1.246,-0.7121,9,P,25(6K),R,-0.7692,4
0.1634,0.04804,16,P,25(6K),S,0.2221,5
-0.1806,-0.0622,8,P,25(6K),T,-0.1643,4
-0.248,-0.08813,9,P,25(6K),V,0.0049,2
-0.5348,-0.2177,10,P,25(6K),W,-0.3693,2
-1.606,-1.085,5,P,25(6K),Y,-1.426,3
-7.675,-7.67,9,L,26(6K),*,-8,5
-0.3093,-0.1132,7,L,26(6K),A,-0.7367,3
1.374,0.244,6,L,26(6K),C,-0.9399,4
2.172,0.2912,5,L,26(6K),D,-2.332,2
-1.374,-0.8341,11,L,26(6K),E,-1.144,6
0.09279,0.02817,11,L,26(6K),F,-0.5255,5
-0.9754,-0.4903,7,L,26(6K),G,-0.6507,3
0.188,0.05466,6,L,26(6K),H,-0.4477,3
2.021,0.2849,6,L,26(6K),I,-0.6853,3
-3.021,-3.439,2,L,26(6K),K,-3.728,2
0,0,,L,26(6K),L,0,
1.027,0.2088,15,L,26(6K),M,-0.05125,4
-2.349,-2.165,5,L,26(6K),N,-1.308,3
0.2142,0.06157,8,L,26(6K),P,-1.807,4
-2.429,-2.304,11,L,26(6K),Q,-2.332,4
-3.336,-4.075,12,L,26(6K),R,-4.047,6
-0.6028,-0.2534,6,L,26(6K),S,-2.28,2
-0.09936,-0.03295,12,L,26(6K),T,-0.5248,8
0.3491,0.09447,6,L,26(6K),V,0.359,4
1.742,0.2704,3,L,26(6K),W,0.6204,3
-0.9759,-0.4906,6,L,26(6K),Y,-0.3123,2
-1.625,-1.107,3,A,27(6K),-,,
0,0,,A,27(6K),A,0,
0.2243,0.06416,11,A,27(6K),C,-0.2877,5
-1.364,-0.824,14,A,27(6K),D,-1.411,6
-0.08103,-0.02664,2,A,27(6K),E,-0.2707,2
0.757,0.1719,3,A,27(6K),F,-1.992,1
-1.597,-1.074,4,A,27(6K),G,-0.7491,2
-0.4812,-0.191,13,A,27(6K),H,-1.007,7
-1.598,-1.076,6,A,27(6K),I,-1.869,3
-3.078,-3.555,9,A,27(6K),K,-3.293,4
0.08105,0.02474,7,A,27(6K),L,0.3125,3
0.4361,0.1136,7,A,27(6K),M,-0.04985,3
-0.1645,-0.05622,7,A,27(6K),N,-1.764,3
-0.604,-0.2541,6,A,27(6K),P,-0.2637,2
-1.161,-0.6379,4,A,27(6K),Q,-0.7692,3
-4.833,-6.483,6,A,27(6K),R,-6.716,4
0.2405,0.06831,13,A,27(6K),S,-0.3261,4
0.1778,0.05194,33,A,27(6K),T,-0.1224,9
-0.0765,-0.0251,69,A,27(6K),V,-0.6503,7
-0.3008,-0.1096,7,A,27(6K),W,0.2354,4
-1.085,-0.5749,5,A,27(6K),Y,-1.086,5
-6.759,-7.543,9,A,28(6K),*,-8,7
0,0,,A,28(6K),A,0,
-0.5297,-0.2151,3,A,28(6K),C,-0.4977,2
-2.281,-2.049,8,A,28(6K),D,-5.088,2
-0.9379,-0.4631,4,A,28(6K),E,-2.232,1
0.4667,0.1199,13,A,28(6K),F,-0.2398,4
-0.6802,-0.2968,6,A,28(6K),G,-0.8607,3
-0.6579,-0.284,7,A,28(6K),H,-0.6979,4
-0.632,-0.2695,5,A,28(6K),I,-0.2683,3
-2.235,-1.971,4,A,28(6K),K,-1.489,1
-0.1008,-0.03344,6,A,28(6K),L,0.3462,3
-1.02,-0.5235,9,A,28(6K),M,-0.7467,8
1.926,0.2804,8,A,28(6K),N,-0.4082,3
0.1456,0.04316,10,A,28(6K),P,-0.7369,4
2.617,0.3052,5,A,28(6K),Q,-0.3749,2
0.2675,0.07507,8,A,28(6K),R,-1.186,4
-0.007632,-0.002426,18,A,28(6K),S,-0.54,5
-0.03164,-0.01017,34,A,28(6K),T,-0.2322,7
0.491,0.1249,9,A,28(6K),V,0.1307,2
0.1419,0.04214,5,A,28(6K),W,-1.696,1
0.7491,0.1707,5,A,28(6K),Y,-0.0002847,3
1.196,0.2275,2,L,29(6K),-,,
-0.3027,-0.1104,7,L,29(6K),A,-0.3251,5
0.7234,0.1666,7,L,29(6K),C,0.3753,5
-0.6241,-0.2651,3,L,29(6K),D,,
-0.1189,-0.03977,7,L,29(6K),E,-0.6062,4
-1.105,-0.5908,6,L,29(6K),F,-0.308,4
1.935,0.2808,6,L,29(6K),G,-0.1116,3
1.344,0.2414,11,L,29(6K),H,-0.9725,5
0.5341,0.1333,4,L,29(6K),I,0.2865,3
-2.205,-1.922,2,L,29(6K),K,-2.657,2
0,0,,L,29(6K),L,0,
0.3141,0.08633,8,L,29(6K),M,0.2481,3
-1.091,-0.5799,5,L,29(6K),N,-4.276,3
0.1484,0.04392,16,L,29(6K),P,-1.341,4
-1.109,-0.5938,7,L,29(6K),Q,-0.3238,2
-2.841,-3.082,5,L,29(6K),R,-3.521,4
1.126,0.2201,7,L,29(6K),S,0.3198,6
-0.8421,-0.3971,5,L,29(6K),T,-0.4034,2
-0.5569,-0.2291,8,L,29(6K),V,-0.3111,6
-0.47,-0.1855,15,L,29(6K),W,0.06739,10
0.05509,0.01702,6,L,29(6K),Y,-0.8839,4
-7.01,-7.59,6,I,30(6K),*,-8,3
0.7884,0.1767,2,I,30(6K),-,,
1.555,0.2582,8,I,30(6K),A,-0.03634,5
-0.4351,-0.1689,12,I,30(6K),C,-0.2938,7
-2.038,-1.661,8,I,30(6K),D,-2.044,1
-1.439,-0.9009,7,I,30(6K),E,-0.7134,4
-0.5857,-0.2443,9,I,30(6K),F,0.02692,3
-0.5194,-0.2099,7,I,30(6K),G,-0.1931,5
-1.294,-0.757,7,I,30(6K),H,-0.9134,6
0,0,,I,30(6K),I,0,
-2.224,-1.954,2,I,30(6K),K,-2.635,2
-1.381,-0.8415,14,I,30(6K),L,-0.9699,8
-1.356,-0.8166,9,I,30(6K),M,-1.611,5
-1.553,-1.024,10,I,30(6K),N,-1.577,3
-1.054,-0.5498,7,I,30(6K),P,-0.2086,3
-1.271,-0.7355,8,I,30(6K),Q,-0.7967,7
-1.744,-1.253,9,I,30(6K),R,-4.158,4
0.1308,0.03903,11,I,30(6K),S,-0.376,5
-0.9776,-0.4919,7,I,30(6K),T,-0.7266,3
-1.555,-1.026,5,I,30(6K),V,-1.481,1
-0.6367,-0.2721,10,I,30(6K),W,-0.6536,4
1.561,0.2586,3,I,30(6K),Y,,
0.6116,0.1477,2,V,31(6K),-,,
2.363,0.298,9,V,31(6K),A,0.1986,3
-0.4081,-0.1564,8,V,31(6K),C,0.0994,3
-0.9857,-0.4979,9,V,31(6K),D,-0.5363,3
0.8498,0.1857,12,V,31(6K),E,-0.8935,2
-0.3429,-0.1274,11,V,31(6K),F,0.1009,5
-0.6238,-0.265,11,V,31(6K),G,-0.5213,9
2.472,0.3013,7,V,31(6K),H,-0.4864,5
0.5092,0.1285,9,V,31(6K),I,-0.5001,4
-0.1217,-0.04077,9,V,31(6K),K,-0.6191,5
0.412,0.1085,14,V,31(6K),L,0.08344,5
0.4286,0.112,28,V,31(6K),M,-0.5819,10
-0.3413,-0.1267,15,V,31(6K),N,-0.5814,9
-1.026,-0.5287,13,V,31(6K),P,-0.8742,6
2.372,0.2983,7,V,31(6K),Q,-0.3961,1
-1.302,-0.7641,10,V,31(6K),R,-2.25,3
-0.2614,-0.09351,11,V,31(6K),S,-0.2495,6
-0.2228,-0.07826,9,V,31(6K),T,-0.5581,5
0,0,,V,31(6K),V,0,
0.8127,0.1803,14,V,31(6K),W,-0.5036,5
0.01932,0.006064,4,V,31(6K),Y,0.1619,2
-7.265,-7.627,10,L,32(6K),*,-8,4
1.607,0.2618,1,L,32(6K),-,,
-1.41,-0.8711,7,L,32(6K),A,-0.6909,4
0.5086,0.1284,12,L,32(6K),C,0.383,4
-0.5236,-0.212,8,L,32(6K),D,-0.8058,6
-0.6548,-0.2823,5,L,32(6K),E,-0.5348,2
1.236,0.2314,2,L,32(6K),F,0.1882,1
-0.3396,-0.126,10,L,32(6K),G,-0.2934,4
-0.582,-0.2423,10,L,32(6K),H,-0.2026,5
-1.485,-0.9489,12,L,32(6K),I,-1.02,7
-1.361,-0.8215,12,L,32(6K),K,-0.9912,6
0,0,,L,32(6K),L,0,
0.02273,0.007126,17,L,32(6K),M,-0.3052,10
1.575,0.2596,4,L,32(6K),N,0.00695,4
-1.003,-0.5109,24,L,32(6K),P,-0.4182,8
-0.4241,-0.1638,10,L,32(6K),Q,-1.265,5
0.5177,0.1302,9,L,32(6K),R,-0.2711,3
-2.168,-1.863,5,L,32(6K),S,-1.615,4
-0.4543,-0.178,15,L,32(6K),T,0.1434,5
1.47,0.2518,9,L,32(6K),V,0.03521,3
0.6948,0.162,8,L,32(6K),W,-0.1703,4
-0.5307,-0.2156,8,L,32(6K),Y,0.1162,4
-2.541,-2.507,2,C,33(6K),*,,
-0.935,-0.461,2,C,33(6K),-,,
-0.9925,-0.503,7,C,33(6K),A,-1.115,2
0,0,,C,33(6K),C,0,
0.1056,0.03188,12,C,33(6K),D,-0.2346,6
-1.092,-0.5801,5,C,33(6K),E,-0.7225,3
0.6279,0.1506,11,C,33(6K),F,-0.34,6
-0.07038,-0.02303,5,C,33(6K),G,-0.4083,1
-0.955,-0.4754,8,C,33(6K),H,0.5518,3
-0.6863,-0.3004,10,C,33(6K),I,-0.2342,8
3.153,0.3156,10,C,33(6K),K,-0.1893,2
-0.1255,-0.04212,8,C,33(6K),L,-0.1286,5
2.354,0.2977,10,C,33(6K),M,0.03129,6
-0.1591,-0.05425,7,C,33(6K),N,-0.03333,5
-1.439,-0.9011,8,C,33(6K),P,-1.362,4
-0.306,-0.1118,11,C,33(6K),Q,-0.08346,5
1.403,0.2465,11,C,33(6K),R,0.1206,4
-0.5052,-0.2028,10,C,33(6K),S,0.6564,4
0.6114,0.1476,6,C,33(6K),T,0.3395,4
0.3616,0.09733,8,C,33(6K),V,-0.8337,2
-0.3613,-0.1355,8,C,33(6K),W,0.1244,6
1.085,0.2156,26,C,33(6K),Y,-0.1557,6
-6.441,-7.466,14,N,34(6K),*,-8,9
-0.7875,-0.3618,2,N,34(6K),-,,
-0.2088,-0.07287,16,N,34(6K),A,0.1025,6
0.2627,0.07387,10,N,34(6K),C,0.1633,5
-1.036,-0.536,11,N,34(6K),D,0.1092,3
-1.167,-0.6425,7,N,34(6K),E,-0.6489,4
-0.1853,-0.06395,10,N,34(6K),F,0.5651,5
0.4693,0.1205,6,N,34(6K),G,-0.0862,4
1.258,0.2336,7,N,34(6K),H,-1.43,2
1.843,0.2761,14,N,34(6K),I,-0.4032,5
0.9074,0.1936,4,N,34(6K),K,-0.9236,1
1.017,0.2076,9,N,34(6K),L,0.01641,4
0.5795,0.1419,9,N,34(6K),M,-0.0147,6
0,0,,N,34(6K),N,0,
0.3876,0.1031,10,N,34(6K),P,0.03974,4
0.1209,0.03623,14,N,34(6K),Q,-0.1427,6
1.244,0.2322,12,N,34(6K),R,-0.5314,5
-0.6743,-0.2934,11,N,34(6K),S,-0.7219,7
-1.252,-0.7176,4,N,34(6K),T,-1.714,2
-0.3851,-0.146,10,N,34(6K),V,-0.2072,5
-0.09774,-0.03239,13,N,34(6K),W,-0.3609,9
1.227,0.2306,13,N,34(6K),Y,-0.4141,4
1.207,0.2286,1,C,35(6K),-,,
-0.5833,-0.243,8,C,35(6K),A,-0.4003,4
0,0,,C,35(6K),C,0,
0.8921,0.1916,13,C,35(6K),D,-0.2678,6
-0.3613,-0.1355,11,C,35(6K),E,-0.1562,4
-0.07913,-0.026,11,C,35(6K),F,-0.2687,2
-1.125,-0.6075,8,C,35(6K),G,-0.5357,4
1.176,0.2254,7,C,35(6K),H,-0.07931,5
-0.8182,-0.3815,6,C,35(6K),I,0.1125,4
-0.6034,-0.2538,11,C,35(6K),K,-0.3585,4
-0.1326,-0.04466,12,C,35(6K),L,-0.1679,9
-1.209,-0.6793,10,C,35(6K),M,-0.9436,5
-0.5156,-0.208,12,C,35(6K),N,-0.912,9
-0.6497,-0.2794,7,C,35(6K),P,-0.6822,2
0.6725,0.1582,15,C,35(6K),Q,0.007342,7
-0.884,-0.4253,7,C,35(6K),R,-0.3096,5
1.18,0.2258,13,C,35(6K),S,-2.814,3
0.004751,0.001501,8,C,35(6K),T,-0.2318,4
0.8655,0.1879,8,C,35(6K),V,0.04745,7
-0.3229,-0.1189,10,C,35(6K),W,-0.3531,6
-0.91,-0.4433,19,C,35(6K),Y,-0.7053,7
-7.412,-7.644,8,L,36(6K),*,-8,3
1.375,0.2441,2,L,36(6K),-,,
1.3,0.2375,9,L,36(6K),A,-0.06399,5
-0.2529,-0.09008,12,L,36(6K),C,-0.655,6
-1.611,-1.09,10,L,36(6K),D,-1.468,7
-0.9512,-0.4726,8,L,36(6K),E,-0.2802,4
0.02714,0.008489,8,L,36(6K),F,-0.4825,5
-0.8204,-0.3829,8,L,36(6K),G,-0.6702,6
-0.8556,-0.4061,5,L,36(6K),H,-0.8862,3
-0.01572,-0.005017,10,L,36(6K),I,-0.06338,4
-1.074,-0.5657,5,L,36(6K),K,-0.9318,4
0,0,,L,36(6K),L,0,
-0.3848,-0.1459,13,L,36(6K),M,-0.4999,7
0.6722,0.1582,8,L,36(6K),N,0.7458,5
-0.1234,-0.04138,28,L,36(6K),P,0.3728,5
1.385,0.2449,14,L,36(6K),Q,-1.011,2
-0.3097,-0.1133,7,L,36(6K),R,-0.1932,5
-0.2283,-0.08039,9,L,36(6K),S,-0.1686,8
-0.7069,-0.3124,17,L,36(6K),T,-0.7728,11
-0.6405,-0.2742,9,L,36(6K),V,-0.5121,5
0.08929,0.02715,11,L,36(6K),W,-0.5637,4
2.329,0.2969,6,L,36(6K),Y,-0.0511,2
-6.61,-7.509,4,R,37(6K),*,,
1.515,0.2552,1,R,37(6K),-,,
0.04708,0.0146,11,R,37(6K),A,-0.2149,6
-0.4939,-0.1972,14,R,37(6K),C,-0.2423,5
-0.3606,-0.1351,19,R,37(6K),D,-0.3756,11
0.2078,0.05988,9,R,37(6K),E,-0.1435,5
-0.3431,-0.1275,13,R,37(6K),F,0.4404,5
-0.4131,-0.1587,12,R,37(6K),G,0.091,2
-0.4225,-0.163,13,R,37(6K),H,-0.6622,9
-0.9263,-0.4548,16,R,37(6K),I,-1.338,5
-0.2353,-0.08313,15,R,37(6K),K,-1.228,2
-0.2158,-0.07553,9,R,37(6K),L,-0.181,8
0.7728,0.1743,14,R,37(6K),M,0.01093,8
-0.2174,-0.07617,16,R,37(6K),N,-0.06325,8
-0.6208,-0.2633,10,R,37(6K),P,0.6105,6
0.5839,0.1427,11,R,37(6K),Q,0.4363,4
0,0,,R,37(6K),R,0,
1.3,0.2375,7,R,37(6K),S,0.2907,2
-0.05036,-0.01633,9,R,37(6K),T,-0.1378,3
-1.216,-0.6857,5,R,37(6K),V,-0.8801,5
-0.295,-0.1072,7,R,37(6K),W,-1.025,4
-1.209,-0.6792,7,R,37(6K),Y,-0.7297,2
-7.299,-7.631,7,L,38(6K),*,-7.953,3
1.52,0.2557,6,L,38(6K),A,0.447,2
0.06328,0.01947,9,L,38(6K),C,-0.1895,6
-0.01323,-0.004216,12,L,38(6K),D,-0.5701,5
-0.6878,-0.3012,9,L,38(6K),E,-0.4177,5
1.639,0.2639,8,L,38(6K),F,0.03767,4
0.2143,0.06158,8,L,38(6K),G,0.0932,5
-0.2379,-0.08417,7,L,38(6K),H,-0.196,6
0.2628,0.07391,11,L,38(6K),I,0.01742,5
1.409,0.2469,6,L,38(6K),K,0.5065,3
0,0,,L,38(6K),L,0,
0.9149,0.1946,10,L,38(6K),M,-0.07205,3
-0.666,-0.2886,7,L,38(6K),N,-0.2458,5
-0.6365,-0.272,14,L,38(6K),P,0.321,5
-0.8264,-0.3868,9,L,38(6K),Q,-1.105,4
0.5967,0.145,8,L,38(6K),R,-0.8978,3
0.3048,0.08413,10,L,38(6K),S,0.04334,7
-0.4527,-0.1772,18,L,38(6K),T,0.1269,9
-0.6943,-0.305,7,L,38(6K),V,0.3409,3
-0.3098,-0.1133,11,L,38(6K),W,-0.9717,4
-0.2322,-0.08191,7,L,38(6K),Y,-0.4841,4
-0.4548,-0.1782,10,L,39(6K),A,-0.23,7
-0.7689,-0.3501,8,L,39(6K),C,-0.253,2
1.374,0.244,6,L,39(6K),D,-0.04044,6
0.06442,0.01981,5,L,39(6K),E,-0.2247,2
0.3841,0.1024,11,L,39(6K),F,-0.04145,6
0.3868,0.1029,9,L,39(6K),G,-0.2123,7
0.4414,0.1147,9,L,39(6K),H,0.6246,4
-1.388,-0.8478,8,L,39(6K),I,-2.05,5
-0.6389,-0.2734,6,L,39(6K),K,-0.2507,3
0,0,,L,39(6K),L,0,
0.3723,0.09973,7,L,39(6K),M,-0.206,1
0.006468,0.002043,5,L,39(6K),N,0.1284,5
-1.227,-0.6956,8,L,39(6K),P,-1.956,1
0.3136,0.08622,10,L,39(6K),Q,-0.1598,6
-0.6619,-0.2863,12,L,39(6K),R,-0.8841,5
-0.5386,-0.2197,9,L,39(6K),S,0.0105,4
1.183,0.2262,10,L,39(6K),T,0.1551,7
2.346,0.2974,12,L,39(6K),V,0.6261,4
-0.7633,-0.3466,11,L,39(6K),W,-0.1276,4
1.314,0.2388,9,L,39(6K),Y,-0.3396,4
-5.851,-7.245,4,P,40(6K),*,,
-1.064,-0.5579,4,P,40(6K),A,0.2188,2
0.9223,0.1956,9,P,40(6K),C,0.6552,5
0.01408,0.004433,5,P,40(6K),D,-0.2002,2
2.5,0.3021,5,P,40(6K),E,-0.3935,2
-0.3174,-0.1165,5,P,40(6K),F,0.0012,2
1.034,0.2097,7,P,40(6K),G,-0.1535,4
-0.6363,-0.2719,5,P,40(6K),H,-0.7469,2
-1.688,-1.183,9,P,40(6K),I,-1.444,2
-0.08319,-0.02738,6,P,40(6K),K,-0.5469,2
-1.453,-0.9148,10,P,40(6K),L,-0.7398,4
-0.303,-0.1105,9,P,40(6K),M,0.1684,3
-0.9284,-0.4563,10,P,40(6K),N,-0.6074,5
0,0,,P,40(6K),P,0,
0.4841,0.1235,11,P,40(6K),Q,0.2583,8
0.3588,0.09669,6,P,40(6K),R,-0.4759,3
0.1698,0.04978,26,P,40(6K),S,-0.1481,8
1.122,0.2197,6,P,40(6K),T,0.173,3
1.036,0.2098,9,P,40(6K),V,-0.7744,6
-0.6946,-0.3052,3,P,40(6K),W,0.4336,1
-1.906,-1.471,8,P,40(6K),Y,-1.751,5
-5.602,-7.112,3,C,41(6K),*,,
2.284,0.2953,1,C,41(6K),-,,
0.01852,0.005818,10,C,41(6K),A,0.4441,5
0,0,,C,41(6K),C,0,
0.1173,0.03522,5,C,41(6K),D,0.07575,2
-0.6801,-0.2967,10,C,41(6K),E,-0.7287,3
-0.7924,-0.3649,17,C,41(6K),F,-0.5201,10
0.7422,0.1696,8,C,41(6K),G,-0.9085,2
-0.4235,-0.1635,11,C,41(6K),H,-0.4675,5
0.6102,0.1474,8,C,41(6K),I,-0.6881,3
0.0956,0.02899,2,C,41(6K),K,-0.4699,1
0.3293,0.08991,4,C,41(6K),L,-0.6012,2
-0.03374,-0.01086,7,C,41(6K),M,-0.2656,4
-0.3629,-0.1361,8,C,41(6K),N,0.5765,3
-1.043,-0.5416,7,C,41(6K),P,-0.227,2
-0.6144,-0.2598,9,C,41(6K),Q,-0.2429,5
-0.01152,-0.00367,16,C,41(6K),R,0.9647,4
-0.4074,-0.1561,11,C,41(6K),S,0.06426,7
-1.195,-0.6667,13,C,41(6K),T,-0.8999,9
-0.7028,-0.31,8,C,41(6K),V,-0.3644,6
0.763,0.1728,5,C,41(6K),W,0.0512,1
0.0536,0.01657,25,C,41(6K),Y,-0.3816,4
-0.03543,-0.01141,8,F,42(6K),A,0.6662,3
-0.5417,-0.2212,7,F,42(6K),C,0.5569,4
-1.755,-1.267,6,F,42(6K),D,-0.1834,3
-0.7834,-0.3592,2,F,42(6K),E,-0.605,2
0,0,,F,42(6K),F,0,
0.4129,0.1087,4,F,42(6K),G,-0.2608,1
0.9904,0.2043,7,F,42(6K),H,-0.675,3
0.8702,0.1886,17,F,42(6K),I,-0.2786,8
0.7427,0.1697,8,F,42(6K),K,-0.6645,3
-0.9526,-0.4736,13,F,42(6K),L,-0.6907,5
-1.168,-0.644,12,F,42(6K),M,-0.5393,6
1.478,0.2525,8,F,42(6K),N,0.1311,7
0.3918,0.1041,11,F,42(6K),P,0.5358,4
3.124,0.3151,4,F,42(6K),Q,-0.07565,2
-0.1445,-0.04892,8,F,42(6K),R,-0.2037,5
6.209,0.3296,6,F,42(6K),S,-0.6631,4
0.9423,0.1982,5,F,42(6K),T,-1.066,2
0.2022,0.05843,14,F,42(6K),V,-0.2309,8
0.6616,0.1564,3,F,42(6K),W,,
0.06307,0.01941,6,F,42(6K),Y,-0.2861,3
-6.442,-7.466,15,C,43(6K),*,,
0.3459,0.09376,7,C,43(6K),A,-0.1456,4
0,0,,C,43(6K),C,0,
0.9408,0.1981,11,C,43(6K),D,-0.07355,6
0.6573,0.1557,4,C,43(6K),E,-1.584,1
0.158,0.04657,12,C,43(6K),F,0.1659,5
0.46,0.1186,9,C,43(6K),G,-0.2561,3
-0.5234,-0.2119,12,C,43(6K),H,-0.616,6
0.1385,0.04119,14,C,43(6K),I,0.816,3
-0.4781,-0.1894,7,C,43(6K),K,-0.4314,4
-1.285,-0.7486,6,C,43(6K),L,-1.217,2
0.5982,0.1453,5,C,43(6K),M,-0.4541,1
-0.1365,-0.04605,6,C,43(6K),N,-0.08729,5
1.102,0.2175,11,C,43(6K),P,0.4861,6
2.914,0.3116,5,C,43(6K),Q,0.1997,4
-0.412,-0.1582,21,C,43(6K),R,-0.1878,7
1.396,0.2459,11,C,43(6K),S,-1.175,2
0.7918,0.1772,11,C,43(6K),T,0.1172,7
-0.1684,-0.05767,12,C,43(6K),V,-0.4666,5
-1.36,-0.8208,5,C,43(6K),W,0.01745,2
0.1647,0.0484,51,C,43(6K),Y,-0.2723,8
-0.9764,-0.491,14,K,44(6K),A,-0.6568,8
-1.232,-0.6995,4,K,44(6K),C,-0.1069,3
-0.7076,-0.3128,8,K,44(6K),D,-1.187,4
0.07668,0.02345,16,K,44(6K),E,-0.2797,8
-0.3974,-0.1515,10,K,44(6K),F,-0.2679,4
-0.9925,-0.503,10,K,44(6K),G,-1.002,4
-0.2154,-0.07541,14,K,44(6K),H,-0.4292,6
-1.266,-0.7303,10,K,44(6K),I,-1.063,8
0,0,,K,44(6K),K,0,
0.07671,0.02346,14,K,44(6K),L,-0.6172,6
-0.673,-0.2927,4,K,44(6K),M,-0.2865,2
-0.1531,-0.05206,17,K,44(6K),N,0.09309,10
-0.7546,-0.3412,15,K,44(6K),P,-0.4591,9
-0.5123,-0.2063,15,K,44(6K),Q,-0.551,7
-0.3494,-0.1302,7,K,44(6K),R,-1.842,3
2.138,0.2899,12,K,44(6K),S,0.03303,5
-0.4987,-0.1995,13,K,44(6K),T,-0.0792,5
-1.674,-1.166,12,K,44(6K),V,-1.596,6
-0.9081,-0.442,10,K,44(6K),W,-0.6272,5
0.1757,0.05137,5,K,44(6K),Y,-0.9023,2
-1.062,-0.556,1,T,45(6K),-,,
-0.4168,-0.1604,6,T,45(6K),A,-0.5165,1
1.003,0.2059,6,T,45(6K),C,-0.4414,5
0.655,0.1553,8,T,45(6K),D,-1.333,3
1.051,0.2116,3,T,45(6K),E,,
0.194,0.05627,7,T,45(6K),F,-0.2509,5
-0.007627,-0.002424,9,T,45(6K),G,-0.6163,2
0.2772,0.07746,7,T,45(6K),H,0.8478,3
0.6573,0.1557,17,T,45(6K),I,0.2098,3
-0.8314,-0.39,9,T,45(6K),K,-0.4445,6
0.5111,0.1289,5,T,45(6K),L,-0.2772,3
-0.6202,-0.2629,5,T,45(6K),M,-4.266,4
-0.06632,-0.02166,6,T,45(6K),N,-0.4802,4
0.4405,0.1145,21,T,45(6K),P,-0.1957,10
-3.844,-5.052,1,T,45(6K),Q,-5.368,1
1.175,0.2253,5,T,45(6K),R,-0.2314,2
-0.7338,-0.3285,6,T,45(6K),S,-0.4073,3
0,0,,T,45(6K),T,0,
-0.09125,-0.03015,10,T,45(6K),V,0.1552,7
0.7663,0.1733,10,T,45(6K),W,0.2181,4
-0.8479,-0.4009,7,T,45(6K),Y,-0.6944,1
-4.004,-5.331,2,L,46(6K),-,,
-1.44,-0.902,7,L,46(6K),A,0.1507,3
1.168,0.2246,11,L,46(6K),C,-0.1752,7
-2.47,-2.377,9,L,46(6K),D,-2.924,5
-0.1041,-0.03459,12,L,46(6K),E,-0.3171,4
0.6731,0.1583,10,L,46(6K),F,-2.526,2
2.64,0.3057,8,L,46(6K),G,0.03887,7
-0.8063,-0.3737,8,L,46(6K),H,-0.46,3
0.9316,0.1969,9,L,46(6K),I,-0.1023,6
0.3214,0.08805,10,L,46(6K),K,0.4573,6
0,0,,L,46(6K),L,0,
-0.3277,-0.1209,12,L,46(6K),M,-0.8867,1
-0.9487,-0.4708,11,L,46(6K),N,-0.859,8
-0.008246,-0.002622,18,L,46(6K),P,-0.05055,4
0.4881,0.1243,5,L,46(6K),Q,,
-1.238,-0.7047,15,L,46(6K),R,-0.1235,6
0.3927,0.1043,7,L,46(6K),S,0.238,2
-0.5938,-0.2486,6,L,46(6K),T,-0.9645,1
0.9665,0.2014,15,L,46(6K),V,-0.7418,7
0.7525,0.1712,15,L,46(6K),W,-0.7099,9
-0.791,-0.364,9,L,46(6K),Y,-0.8542,3
-0.6147,-0.26,1,T,47(6K),-,,
1.757,0.2712,5,T,47(6K),A,-0.874,2
1.978,0.2829,8,T,47(6K),C,0.1033,4
-1.135,-0.6157,10,T,47(6K),D,-0.7852,8
-0.1849,-0.06382,7,T,47(6K),E,-0.2865,4
0.6435,0.1533,6,T,47(6K),F,-0.06615,3
-0.5949,-0.2492,7,T,47(6K),G,-0.7388,3
0.1721,0.05039,12,T,47(6K),H,-0.6129,8
-0.9894,-0.5006,18,T,47(6K),I,-1.098,4
-0.01495,-0.004768,7,T,47(6K),K,-0.2657,5
0.4785,0.1224,10,T,47(6K),L,0.1082,7
-0.1249,-0.04191,10,T,47(6K),M,-0.1941,1
-0.6826,-0.2982,4,T,47(6K),N,-0.181,3
-0.5965,-0.25,14,T,47(6K),P,-0.3913,4
-1.61,-1.09,7,T,47(6K),Q,-1.308,2
-0.9554,-0.4756,10,T,47(6K),R,-0.3137,5
-0.8065,-0.3739,9,T,47(6K),S,0.2415,7
0,0,,T,47(6K),T,0,
1.794,0.2734,6,T,47(6K),V,-0.6653,4
-1.134,-0.6148,10,T,47(6K),W,-0.2578,3
-0.7798,-0.3569,5,T,47(6K),Y,-0.6525,3
-1.28,-0.7438,1,F,48(6K),-,,
-1.575,-1.049,8,F,48(6K),A,-1.239,4
0.1919,0.0557,9,F,48(6K),C,0.04364,3
-3.94,-5.221,7,F,48(6K),D,-5.172,5
-2.769,-2.94,6,F,48(6K),E,-3.223,2
0,0,,F,48(6K),F,0,
1.645,0.2643,6,F,48(6K),G,-0.7877,2
-0.6832,-0.2985,5,F,48(6K),H,0.1278,2
0.5893,0.1437,13,F,48(6K),I,0.05214,5
-2.56,-2.542,7,F,48(6K),K,-3.215,3
-0.4041,-0.1546,17,F,48(6K),L,-0.7904,4
-0.804,-0.3722,4,F,48(6K),M,-0.6344,2
-1.364,-0.8244,7,F,48(6K),N,-1.443,3
-1.245,-0.7114,9,F,48(6K),P,-1.53,3
0.09421,0.02858,10,F,48(6K),Q,-0.4336,3
-2.119,-1.785,10,F,48(6K),R,-1.788,6
0.2553,0.07202,16,F,48(6K),S,-0.3094,4
-0.3825,-0.1448,4,F,48(6K),T,-0.4238,2
1.074,0.2143,16,F,48(6K),V,0.2176,8
-0.8956,-0.4333,6,F,48(6K),W,-0.5697,4
3.017,0.3134,7,F,48(6K),Y,0.2471,5
-0.2451,-0.08701,1,L,49(6K),-,,
0.05553,0.01715,11,L,49(6K),A,-0.1337,4
-0.488,-0.1943,5,L,49(6K),C,-0.02575,2
-6.091,-7.349,7,L,49(6K),D,-8,3
-4.105,-5.499,8,L,49(6K),E,-5.527,3
0.9191,0.1952,10,L,49(6K),F,0.5038,4
0.2863,0.07966,9,L,49(6K),G,-0.05505,5
-1.67,-1.161,8,L,49(6K),H,,
0.6856,0.1604,8,L,49(6K),I,0.2359,5
-5.261,-6.879,9,L,49(6K),K,-7.228,4
0,0,,L,49(6K),L,0,
-1.057,-0.5528,8,L,49(6K),M,-1.128,4
-2.488,-2.411,13,L,49(6K),N,-2.446,6
-2.967,-3.331,14,L,49(6K),P,-3.303,3
-1.615,-1.095,6,L,49(6K),Q,-1.634,2
-5.982,-7.305,10,L,49(6K),R,-8,5
-1.173,-0.6477,10,L,49(6K),S,-0.6624,3
0.3488,0.09442,10,L,49(6K),T,0.0547,4
-1.831,-1.367,4,L,49(6K),V,-0.7649,1
-0.1343,-0.04526,10,L,49(6K),W,0.2149,4
-0.5,-0.2002,7,L,49(6K),Y,0.004092,5
-0.6644,-0.2877,1,A,50(6K),-,,
0,0,,A,50(6K),A,0,
0.9898,0.2043,5,A,50(6K),C,-0.1113,5
-3.288,-3.979,11,A,50(6K),D,-3.919,5
-1.263,-0.7276,13,A,50(6K),E,-0.5354,8
-0.7838,-0.3594,6,A,50(6K),F,-0.196,3
-1.593,-1.07,7,A,50(6K),G,-1.3,2
0.4303,0.1124,17,A,50(6K),H,0.226,5
-0.4924,-0.1964,9,A,50(6K),I,0.3704,3
-3.85,-5.063,7,A,50(6K),K,-4.537,3
3.336,0.318,10,A,50(6K),L,-0.4134,5
-0.1034,-0.03437,9,A,50(6K),M,-0.1739,4
-1.172,-0.6472,12,A,50(6K),N,-0.9361,6
-3.333,-4.069,7,A,50(6K),P,-4.337,4
-1.586,-1.062,10,A,50(6K),Q,-1.115,6
-3.304,-4.01,11,A,50(6K),R,-4.393,8
0.3053,0.08425,17,A,50(6K),S,0.5304,3
0.02217,0.006952,27,A,50(6K),T,0.02027,7
0.06479,0.01992,41,A,50(6K),V,0.1338,5
0.5266,0.1319,11,A,50(6K),W,0.5968,4
0.06193,0.01907,9,A,50(6K),Y,-0.5265,3
-1.054,-0.5498,2,V,51(6K),-,,
-0.3341,-0.1237,22,V,51(6K),A,0.303,5
1.57,0.2592,8,V,51(6K),C,0.3004,6
-7.193,-7.617,11,V,51(6K),D,-8,4
-2.802,-3.004,12,V,51(6K),E,-3.588,3
1.022,0.2082,7,V,51(6K),F,-0.3313,5
-1.604,-1.083,8,V,51(6K),G,-1.153,4
-1.824,-1.358,9,V,51(6K),H,-1.767,5
-0.337,-0.1249,5,V,51(6K),I,0.5614,2
-6.519,-7.487,11,V,51(6K),K,-7.308,6
0.2075,0.05982,42,V,51(6K),L,0.381,14
0.4431,0.1151,24,V,51(6K),M,0.0008321,3
-3.038,-3.474,11,V,51(6K),N,-4.335,5
-2.827,-3.053,12,V,51(6K),P,-3.468,7
-1.111,-0.5956,12,V,51(6K),Q,-1.38,7
-6.239,-7.403,10,V,51(6K),R,-8,6
-1.717,-1.22,3,V,51(6K),S,-2.296,1
-1.028,-0.5296,11,V,51(6K),T,-1.05,5
0,0,,V,51(6K),V,0,
-0.6116,-0.2583,10,V,51(6K),W,-0.645,7
-0.04468,-0.01445,7,V,51(6K),Y,-0.9348,2
0.07399,0.02266,3,M,52(6K),-,,
-2.531,-2.488,2,M,52(6K),A,,
-0.2116,-0.07392,16,M,52(6K),C,0.1283,8
-7.773,-7.678,9,M,52(6K),D,-8,1
-4.333,-5.852,10,M,52(6K),E,-6.787,6
-0.7215,-0.3211,9,M,52(6K),F,-0.5814,8
-0.8007,-0.3702,6,M,52(6K),G,-0.8525,4
-1.057,-0.5523,8,M,52(6K),H,-0.7409,2
-0.02849,-0.009144,12,M,52(6K),I,0.041,2
-5.369,-6.96,16,M,52(6K),K,-6.759,4
0.2681,0.07521,8,M,52(6K),L,-0.01199,3
0,0,,M,52(6K),M,0,
-2.271,-2.032,9,M,52(6K),N,-2.396,2
-3.276,-3.954,10,M,52(6K),P,-4.078,6
-2.026,-1.643,5,M,52(6K),Q,-1.993,2
-4.989,-6.641,12,M,52(6K),R,-7.268,5
-0.8238,-0.385,11,M,52(6K),S,-0.2888,3
-1.389,-0.8488,8,M,52(6K),T,-0.222,5
0.128,0.03825,27,M,52(6K),V,0.5305,15
-0.6966,-0.3064,9,M,52(6K),W,0.1213,3
2.336,0.2971,6,M,52(6K),Y,-0.3045,2
1.034,0.2097,11,S,53(6K),A,-0.4372,4
0.06063,0.01868,8,S,53(6K),C,0.4328,3
0.2574,0.07255,5,S,53(6K),D,-0.9397,2
1.92,0.2801,5,S,53(6K),E,-0.2598,3
0.4954,0.1257,11,S,53(6K),F,-0.2851,3
-0.8714,-0.4167,4,S,53(6K),G,0.106,1
0.04336,0.01346,3,S,53(6K),H,0.7672,2
0.9352,0.1973,7,S,53(6K),I,-0.2913,2
-1.128,-0.6094,3,S,53(6K),K,-0.9431,2
1.528,0.2563,7,S,53(6K),L,0.6633,3
-0.05741,-0.01867,12,S,53(6K),M,-0.2524,6
-0.3803,-0.1439,8,S,53(6K),N,-0.2188,4
-0.4478,-0.1749,8,S,53(6K),P,-0.9493,4
-0.09834,-0.0326,9,S,53(6K),Q,-0.03623,3
-0.8582,-0.4078,12,S,53(6K),R,-1.401,5
0,0,,S,53(6K),S,0,
-0.08697,-0.02868,13,S,53(6K),T,0.01012,1
0.9578,0.2003,11,S,53(6K),V,0.6839,5
-0.2915,-0.1057,6,S,53(6K),W,-3.31,1
0.02683,0.008395,13,S,53(6K),Y,-0.03333,5
-1.515,-0.9825,21,V,54(6K),A,-0.9671,11
-0.2638,-0.09445,7,V,54(6K),C,0.2638,4
0.5718,0.1404,6,V,54(6K),D,-0.5437,3
-2.285,-2.055,5,V,54(6K),E,-1.956,2
3.239,0.3168,10,V,54(6K),F,0.1881,8
0.05669,0.0175,13,V,54(6K),G,-0.4363,6
-1.058,-0.553,7,V,54(6K),H,-1.015,4
-0.5875,-0.2453,10,V,54(6K),I,0.4191,5
-1.7,-1.198,4,V,54(6K),K,,
-0.07621,-0.025,18,V,54(6K),L,0.02303,7
0.2404,0.06827,15,V,54(6K),M,0.1993,7
-0.1055,-0.0351,5,V,54(6K),N,0.2597,2
0.08757,0.02665,11,V,54(6K),P,-0.4235,7
0.1443,0.04281,7,V,54(6K),Q,-0.1586,3
-0.1107,-0.03689,12,V,54(6K),R,-0.9022,4
-0.1945,-0.06741,9,V,54(6K),S,-0.3371,6
-1.58,-1.055,5,V,54(6K),T,-1.439,2
0,0,,V,54(6K),V,0,
2.544,0.3033,6,V,54(6K),W,0.6774,3
0.3646,0.09799,10,V,54(6K),Y,0.1869,6
-7.175,-7.615,5,G,55(6K),*,,
2.158,0.2906,10,G,55(6K),A,-0.5056,5
2.456,0.3008,6,G,55(6K),C,0.1939,3
-1.264,-0.7292,6,G,55(6K),D,-0.9169,4
-0.7108,-0.3147,23,G,55(6K),E,-0.08725,6
0.2586,0.07285,15,G,55(6K),F,0.5053,6
0,0,,G,55(6K),G,0,
-0.4748,-0.1878,5,G,55(6K),H,0.303,1
0.2469,0.06994,8,G,55(6K),I,-0.3767,5
0.3393,0.09222,7,G,55(6K),K,-0.3125,3
-0.1484,-0.05034,23,G,55(6K),L,-0.3712,12
0.271,0.07593,9,G,55(6K),M,-0.144,6
-1.072,-0.5645,7,G,55(6K),N,-0.791,5
-0.01497,-0.004775,12,G,55(6K),P,-1.05,4
-0.8472,-0.4005,20,G,55(6K),Q,-0.731,11
-1.024,-0.5266,32,G,55(6K),R,-0.9416,8
0.3348,0.09119,5,G,55(6K),S,0.6577,2
0.342,0.09285,8,G,55(6K),T,-0.8932,3
1.061,0.2129,4,G,55(6K),V,0.7695,1
-0.03084,-0.009908,9,G,55(6K),W,-1.307,3
-1.133,-0.6143,13,G,55(6K),Y,0.06796,7
0,0,,A,56(6K),A,0,
-0.1843,-0.06359,16,A,56(6K),C,-0.3634,5
-0.9814,-0.4947,9,A,56(6K),D,-1.729,1
-0.3377,-0.1252,8,A,56(6K),E,-0.6993,2
2.753,0.3084,11,A,56(6K),F,-0.8387,6
1.579,0.2599,6,A,56(6K),G,1.167,3
0.8384,0.1841,9,A,56(6K),H,-0.2492,3
-0.7834,-0.3592,7,A,56(6K),I,-1.451,4
0.196,0.0568,4,A,56(6K),K,-1.505,1
1.324,0.2396,7,A,56(6K),L,-0.5003,3
-0.5586,-0.23,9,A,56(6K),M,-0.1199,4
0.4108,0.1082,14,A,56(6K),N,-0.1144,5
-0.05743,-0.01868,7,A,56(6K),P,-0.2594,4
-0.1355,-0.04571,5,A,56(6K),Q,0.2105,3
-0.3697,-0.1391,5,A,56(6K),R,-1.672,1
0.3338,0.09096,10,A,56(6K),S,-0.3293,3
-0.592,-0.2477,24,A,56(6K),T,-0.2697,7
0.8176,0.181,14,A,56(6K),V,0.4252,3
-1.24,-0.7068,7,A,56(6K),W,-0.7999,3
-0.03823,-0.01232,7,A,56(6K),Y,-0.9659,4
-0.1507,-0.05118,17,H,57(6K),A,-0.05623,13
-0.5288,-0.2146,9,H,57(6K),C,0.1453,7
0.8986,0.1925,6,H,57(6K),D,0.06865,5
-1.591,-1.067,8,H,57(6K),E,-1.331,4
0.363,0.09764,6,H,57(6K),F,0.1695,3
0.0969,0.02937,8,H,57(6K),G,-0.3198,5
0,0,,H,57(6K),H,0,
0.08523,0.02596,8,H,57(6K),I,0.432,1
-0.7729,-0.3526,4,H,57(6K),K,-0.1917,3
1.808,0.2742,6,H,57(6K),L,-0.1584,2
1.667,0.2657,5,H,57(6K),M,-0.718,4
0.2389,0.06789,6,H,57(6K),N,-3.23,1
-0.8542,-0.4051,8,H,57(6K),P,-0.4291,4
0.4671,0.12,11,H,57(6K),Q,0.706,3
-0.7705,-0.3511,8,H,57(6K),R,-1.418,3
0.4176,0.1097,6,H,57(6K),S,-0.4851,2
2.024,0.285,7,H,57(6K),T,-3.498,2
0.5418,0.1348,10,H,57(6K),V,0.1316,4
-0.03315,-0.01066,16,H,57(6K),W,0.4075,5
-0.7532,-0.3404,9,H,57(6K),Y,-0.5154,1
-1.085,-0.5744,1,T,58(6K),-,,
1.753,0.271,11,T,58(6K),A,-0.9296,5
1.533,0.2566,11,T,58(6K),C,-0.232,4
0.3945,0.1047,10,T,58(6K),D,-0.8128,6
-0.1365,-0.04605,6,T,58(6K),E,0.367,3
0.5018,0.127,4,T,58(6K),F,0.5719,1
2.976,0.3127,3,T,58(6K),G,-1.782,1
-0.06632,-0.02166,7,T,58(6K),H,-0.2387,5
-0.2392,-0.08468,25,T,58(6K),I,-0.2532,2
-0.2735,-0.0984,11,T,58(6K),K,0.6383,4
0.6979,0.1625,5,T,58(6K),L,-1.61,3
0.3929,0.1043,7,T,58(6K),M,-1.819,3
-0.1892,-0.06542,10,T,58(6K),N,-0.5083,3
0.4863,0.1239,8,T,58(6K),P,-0.2595,1
0.1813,0.05288,11,T,58(6K),Q,0.5543,5
0.5229,0.1312,3,T,58(6K),R,,
-1.199,-0.6702,7,T,58(6K),S,0.06535,2
0,0,,T,58(6K),T,0,
0.1803,0.05261,5,T,58(6K),V,0.3269,1
-0.9097,-0.4431,5,T,58(6K),W,0.1177,3
0.3953,0.1048,13,T,58(6K),Y,-0.6339,6
-1.246,-0.7122,1,V,59(6K),-,,
-0.592,-0.2477,13,V,59(6K),A,0.1925,2
0.09973,0.03018,8,V,59(6K),C,-0.9804,2
-4.274,-5.764,8,V,59(6K),D,-6.79,2
-3.712,-4.808,12,V,59(6K),E,-5.175,3
-3.882,-5.119,17,V,59(6K),F,-5.543,8
2.773,0.3088,13,V,59(6K),G,0.2573,4
-2.564,-2.549,9,V,59(6K),H,-3.077,3
0.5704,0.1402,8,V,59(6K),I,-0.01304,3
-2.719,-2.843,5,V,59(6K),K,-4.016,2
-0.982,-0.4952,13,V,59(6K),L,-0.7816,3
-1.794,-1.318,19,V,59(6K),M,-1.886,4
-0.8577,-0.4075,6,V,59(6K),N,-1.189,3
-0.29,-0.1051,10,V,59(6K),P,0.06804,5
-3.435,-4.274,9,V,59(6K),Q,-4.084,6
-3.762,-4.902,10,V,59(6K),R,-5.42,5
-0.9175,-0.4486,16,V,59(6K),S,-0.03795,12
-1.877,-1.429,3,V,59(6K),T,-2.578,2
0,0,,V,59(6K),V,0,
-7.102,-7.604,7,V,59(6K),W,-8,2
-2.87,-3.139,12,V,59(6K),Y,-2.952,7
-6.116,-7.359,1,S,60(6K),*,,
-1.3,-0.7622,1,S,60(6K),-,,
-0.06791,-0.0222,3,S,60(6K),A,-0.7475,2
-0.2896,-0.105,8,S,60(6K),C,0.05913,4
1.213,0.2291,5,S,60(6K),D,-1.723,1
0.08229,0.0251,10,S,60(6K),E,-0.5252,5
-0.1798,-0.06189,13,S,60(6K),F,-0.374,5
-1.083,-0.573,4,S,60(6K),G,-0.4139,3
-0.754,-0.3408,10,S,60(6K),H,-0.5692,7
-1.747,-1.257,5,S,60(6K),I,-2.818,2
-0.4606,-0.181,6,S,60(6K),K,-1.53,2
0.2342,0.0667,1,S,60(6K),L,,
0.7663,0.1733,6,S,60(6K),M,-3.445,1
-0.6171,-0.2613,5,S,60(6K),N,0.1634,3
-1.937,-1.514,11,S,60(6K),P,-0.7196,1
-0.8686,-0.4148,5,S,60(6K),Q,-0.5801,3
-0.6821,-0.2979,11,S,60(6K),R,-0.4655,7
0,0,,S,60(6K),S,0,
-0.4685,-0.1848,8,S,60(6K),T,-0.7785,3
0.4496,0.1164,7,S,60(6K),V,0.1736,5
-0.1714,-0.05877,11,S,60(6K),W,-0.3079,4
-0.3101,-0.1135,9,S,60(6K),Y,-0.1623,2
-0.9703,-0.4866,1,A,61(6K),-,,
0,0,,A,61(6K),A,0,
0.9029,0.193,8,A,61(6K),C,-0.6921,6
-4.079,-5.457,7,A,61(6K),D,-4.782,2
-4.597,-6.209,4,A,61(6K),E,-5.852,2
-5.308,-6.915,6,A,61(6K),F,-4.149,2
-0.67,-0.2909,6,A,61(6K),G,-1.189,4
-2.467,-2.373,1,A,61(6K),H,-2.68,1
-5.165,-6.8,7,A,61(6K),I,-6.305,5
-7.473,-7.651,3,A,61(6K),K,-7.983,2
-4.316,-5.826,8,A,61(6K),L,-5.885,7
-1.386,-0.8466,7,A,61(6K),M,-0.2847,2
-2.953,-3.304,8,A,61(6K),N,-3.793,4
1.197,0.2276,1,A,61(6K),P,,
-4.396,-5.942,4,A,61(6K),Q,,
-5.096,-6.741,8,A,61(6K),R,-6.961,3
-0.1136,-0.03794,12,A,61(6K),S,-0.5845,9
-1.142,-0.6217,28,A,61(6K),T,-0.9701,8
-4.386,-5.928,39,A,61(6K),V,-5.844,9
-6.895,-7.57,4,A,61(6K),W,-8,2
-7.121,-7.607,6,A,61(6K),Y,-8,3
-4.983,-6.636,5,Y,1(E1),*,,
-0.7688,-0.35,8,Y,1(E1),A,-1.758,4
-2.478,-2.392,11,Y,1(E1),C,-2.606,5
-1.206,-0.6763,5,Y,1(E1),D,-0.9867,3
-0.9951,-0.5049,3,Y,1(E1),F,-0.9002,2
-1.661,-1.15,5,Y,1(E1),G,-1.621,4
-0.1017,-0.03376,7,Y,1(E1),H,0.03817,1
-0.2322,-0.08192,7,Y,1(E1),I,-0.2831,2
-2.614,-2.643,8,Y,1(E1),K,-6.7,1
2.265,0.2946,5,Y,1(E1),L,0.5797,4
-1.205,-0.6761,6,Y,1(E1),M,-0.4623,3
-2.422,-2.292,10,Y,1(E1),N,-2.524,7
-3.521,-4.442,10,Y,1(E1),P,-4.677,3
-2.441,-2.325,11,Y,1(E1),Q,-2.24,7
-1.344,-0.8042,10,Y,1(E1),R,-1.177,6
-1.731,-1.237,5,Y,1(E1),S,-1.435,1
-1.666,-1.156,11,Y,1(E1),T,-0.5534,5
-0.9814,-0.4947,7,Y,1(E1),V,-0.1841,2
-0.5284,-0.2144,1,Y,1(E1),W,,
0,0,,Y,1(E1),Y,0,
-2.405,-2.262,7,E,2(E1),*,-2.517,1
1.06,0.2127,2,E,2(E1),-,,
-3.437,-4.276,6,E,2(E1),A,-4.237,3
-6.965,-7.582,4,E,2(E1),C,-8,3
1.553,0.258,17,E,2(E1),D,0.04419,9
0,0,,E,2(E1),E,0,
-7.429,-7.646,7,E,2(E1),F,-8,4
-3.981,-5.292,12,E,2(E1),G,-5.67,5
-5.432,-7.004,5,E,2(E1),H,-8,4
-6.266,-7.412,15,E,2(E1),I,-8,7
-6.181,-7.383,11,E,2(E1),K,-8,5
-6.77,-7.545,4,E,2(E1),L,-8,2
-6.065,-7.339,11,E,2(E1),M,-7.894,6
-6.24,-7.403,9,E,2(E1),N,-8,3
-4.725,-6.363,7,E,2(E1),P,-6.298,5
-5.04,-6.69,8,E,2(E1),Q,-6.701,7
-6.568,-7.499,3,E,2(E1),R,-8,1
-5.755,-7.197,14,E,2(E1),S,-4.629,3
-4.534,-6.129,8,E,2(E1),T,-6.474,6
-6.289,-7.419,10,E,2(E1),V,-8,5
-7.118,-7.606,6,E,2(E1),W,-8,4
-4.78,-6.425,11,E,2(E1),Y,-5.921,5
-0.2479,-0.0881,2,H,3(E1),-,,
-3.808,-4.986,2,H,3(E1),A,-5.621,2
-5.665,-7.149,5,H,3(E1),C,-8,4
-6.064,-7.339,6,H,3(E1),D,-8,4
-4.6,-6.212,2,H,3(E1),E,-6.474,1
-4.558,-6.159,5,H,3(E1),F,-6.303,2
-3.969,-5.272,4,H,3(E1),G,-6.195,2
0,0,,H,3(E1),H,0,
-7.853,-7.684,6,H,3(E1),I,-8,3
-4.551,-6.151,8,H,3(E1),K,-6.72,4
-5.568,-7.092,5,H,3(E1),L,-6.926,1
-3.415,-4.233,3,H,3(E1),M,-4.526,2
-7.386,-7.641,18,H,3(E1),N,-8,8
-6.86,-7.563,6,H,3(E1),P,-8,5
-3.321,-4.046,11,H,3(E1),Q,-4.12,4
-3.673,-4.734,8,H,3(E1),R,-5.161,6
-4.724,-6.361,7,H,3(E1),S,-6.002,4
-5.949,-7.291,8,H,3(E1),T,-8,7
-6.807,-7.553,6,H,3(E1),V,-8,2
-2.885,-3.168,8,H,3(E1),W,-2.894,4
-2.917,-3.231,9,H,3(E1),Y,-3.119,2
-0.852,-0.4037,2,V,4(E1),-,,
0.391,0.1039,8,V,4(E1),A,-0.517,2
-3.304,-4.012,10,V,4(E1),C,-4.178,9
-1.331,-0.7921,2,V,4(E1),D,,
-0.02108,-0.006741,23,V,4(E1),E,0.2416,12
1.35,0.242,9,V,4(E1),F,-0.4399,3
1.106,0.2179,5,V,4(E1),G,1.153,3
-3.375,-4.153,9,V,4(E1),H,-4.352,6
1.992,0.2835,4,V,4(E1),I,0.1195,1
-5.657,-7.144,11,V,4(E1),K,-8,5
-0.2909,-0.1055,12,V,4(E1),L,0.5693,5
1.258,0.2335,15,V,4(E1),M,0.3632,2
1.014,0.2072,8,V,4(E1),N,1.17,5
-1.006,-0.5135,4,V,4(E1),P,-0.2468,2
0.4867,0.124,4,V,4(E1),Q,0.1043,1
-8.366,-7.714,5,V,4(E1),R,-8,3
0.6318,0.1512,7,V,4(E1),S,-0.7745,5
-0.3436,-0.1278,2,V,4(E1),T,-0.4042,2
0,0,,V,4(E1),V,0,
-0.2434,-0.08632,5,V,4(E1),W,0.01759,3
-1.125,-0.6076,5,V,4(E1),Y,0.4178,2
-0.4481,-0.175,2,T,5(E1),-,,
-1.404,-0.865,11,T,5(E1),A,-0.9983,4
2.847,0.3103,7,T,5(E1),C,-0.1518,4
-1.543,-1.013,8,T,5(E1),D,-1.143,4
-2.257,-2.008,3,T,5(E1),E,-2.346,2
-1.313,-0.7749,4,T,5(E1),F,-1.189,1
1.572,0.2594,3,T,5(E1),G,-0.409,1
-1.133,-0.6142,9,T,5(E1),H,-0.7625,3
-1.563,-1.035,9,T,5(E1),I,-1.248,2
-4.211,-5.668,11,T,5(E1),K,-5.86,5
-1.469,-0.9319,9,T,5(E1),L,-0.6209,9
0.9377,0.1977,7,T,5(E1),M,-0.3063,5
-2.147,-1.83,9,T,5(E1),N,-1.259,5
-2.944,-3.286,19,T,5(E1),P,-3.382,11
-1.672,-1.164,4,T,5(E1),Q,-1.627,2
-3.746,-4.872,9,T,5(E1),R,-4.761,6
-1.913,-1.479,6,T,5(E1),S,-1.646,4
0,0,,T,5(E1),T,0,
-1.621,-1.102,4,T,5(E1),V,-1.374,1
-3.073,-3.544,8,T,5(E1),W,-3.573,5
-3.219,-3.84,9,T,5(E1),Y,-3.918,6
-0.2662,-0.09542,2,V,6(E1),-,,
0.9032,0.1931,10,V,6(E1),A,0.5458,6
-4.504,-6.09,9,V,6(E1),C,-6.734,3
-1.564,-1.037,2,V,6(E1),D,-1.314,1
-1.629,-1.112,11,V,6(E1),E,-1.28,4
-0.3611,-0.1354,11,V,6(E1),F,0.2846,6
-1.889,-1.446,6,V,6(E1),G,-0.3503,3
1.483,0.2529,7,V,6(E1),H,0.2986,4
0.7525,0.1712,12,V,6(E1),I,-0.1909,5
-7.043,-7.595,6,V,6(E1),K,-8,2
-0.3709,-0.1397,15,V,6(E1),L,-0.188,6
-0.3628,-0.1361,28,V,6(E1),M,-1.625,7
0.538,0.1341,9,V,6(E1),N,0.5633,5
-2.036,-1.658,10,V,6(E1),P,-2.123,6
-1.955,-1.539,5,V,6(E1),Q,-2.272,3
-6.337,-7.435,7,V,6(E1),R,-8,5
1.473,0.2521,3,V,6(E1),S,-1.281,1
0.1355,0.04035,12,V,6(E1),T,-0.3413,5
0,0,,V,6(E1),V,0,
-0.7979,-0.3683,4,V,6(E1),W,-0.9753,1
0.1544,0.04558,5,V,6(E1),Y,1.317,1
-0.01309,-0.004171,2,I,7(E1),-,,
-1.202,-0.6735,3,I,7(E1),A,-1.327,1
-1.47,-0.933,7,I,7(E1),C,-0.6471,6
-6.163,-7.376,8,I,7(E1),D,-7.804,1
-6.589,-7.504,7,I,7(E1),E,-8,1
-1.96,-1.546,9,I,7(E1),F,-0.09821,1
-3.499,-4.399,5,I,7(E1),G,-6.05,4
-1.75,-1.261,8,I,7(E1),H,-1.374,4
0,0,,I,7(E1),I,0,
-5.925,-7.28,6,I,7(E1),K,-8,2
-0.7184,-0.3193,7,I,7(E1),L,-0.8321,3
-0.4968,-0.1986,5,I,7(E1),M,,
-4.276,-5.767,5,I,7(E1),N,-6.534,2
-5.662,-7.147,9,I,7(E1),P,-8,4
-2.465,-2.368,4,I,7(E1),Q,-2.252,2
-5.741,-7.19,12,I,7(E1),R,-8,4
-3.456,-4.314,6,I,7(E1),S,-5.891,2
-2.539,-2.502,7,I,7(E1),T,-3.296,2
-0.4347,-0.1687,10,I,7(E1),V,-1.312,2
-2.984,-3.365,8,I,7(E1),W,-4.01,3
-3.23,-3.863,6,I,7(E1),Y,-4.279,4
-0.2824,-0.102,2,P,8(E1),-,,
-1.757,-1.271,6,P,8(E1),A,-2.258,1
-7.085,-7.601,7,P,8(E1),C,-8,3
-2.513,-2.455,10,P,8(E1),D,-2.65,5
-2.856,-3.111,5,P,8(E1),E,-3.826,3
-5.507,-7.054,6,P,8(E1),F,-7.368,3
-1.398,-0.8579,3,P,8(E1),G,-1.681,2
-4.576,-6.183,14,P,8(E1),H,-6.981,4
-6.825,-7.556,10,P,8(E1),I,-8,2
-2.688,-2.782,6,P,8(E1),K,-1.808,3
-7.293,-7.63,10,P,8(E1),L,-8,3
-7.284,-7.629,8,P,8(E1),M,-8,4
-7.697,-7.672,4,P,8(E1),N,-8,1
0,0,,P,8(E1),P,0,
-0.3887,-0.1476,10,P,8(E1),Q,-0.8924,5
-5.487,-7.041,12,P,8(E1),R,-8,6
1.179,0.2257,5,P,8(E1),S,-0.5951,4
-1.03,-0.5314,10,P,8(E1),T,-0.5758,4
-6.915,-7.573,4,P,8(E1),V,-8,1
-5.314,-6.92,6,P,8(E1),W,-7.374,4
-7.238,-7.623,10,P,8(E1),Y,-8,5
-1.52,-0.9875,2,N,9(E1),-,,
-0.5579,-0.2296,9,N,9(E1),A,-0.5347,4
-0.6097,-0.2572,10,N,9(E1),C,0.2101,4
-2.796,-2.993,10,N,9(E1),D,-2.987,4
-4.068,-5.439,4,N,9(E1),E,-6.335,2
-3.728,-4.839,9,N,9(E1),F,-5.318,5
-0.7031,-0.3102,5,N,9(E1),G,-1.761,2
-2.066,-1.704,3,N,9(E1),H,-1.312,1
-1.083,-0.573,10,N,9(E1),I,-0.8212,8
-2.276,-2.041,7,N,9(E1),K,-2.15,3
-1.529,-0.9977,8,N,9(E1),L,-1.336,3
-1.897,-1.458,9,N,9(E1),M,-1.964,4
0,0,,N,9(E1),N,0,
-2.238,-1.977,10,N,9(E1),P,-2.102,7
-2.609,-2.634,2,N,9(E1),Q,-2.951,1
-1.323,-0.7842,5,N,9(E1),R,-1.085,4
-1.341,-0.802,6,N,9(E1),S,0.1562,1
-0.2997,-0.1091,10,N,9(E1),T,0.1015,5
-0.791,-0.364,7,N,9(E1),V,-0.283,4
-5.65,-7.14,8,N,9(E1),W,-8,3
-3.794,-4.961,9,N,9(E1),Y,-5.106,5
-0.03598,-0.01159,2,T,10(E1),-,,
-1.278,-0.742,6,T,10(E1),A,0.8842,1
-0.409,-0.1568,9,T,10(E1),C,-0.4425,5
-2.436,-2.316,6,T,10(E1),D,-2.482,3
0.05354,0.01655,4,T,10(E1),E,-2.73,2
-0.7957,-0.3669,5,T,10(E1),F,-0.6372,2
-0.89,-0.4294,6,T,10(E1),G,-0.2725,2
-1.372,-0.8321,4,T,10(E1),H,-1.243,2
2.017,0.2847,5,T,10(E1),I,,
-1.868,-1.418,6,T,10(E1),K,-1.943,3
2.04,0.2857,6,T,10(E1),L,-0.04445,2
2.745,0.3082,8,T,10(E1),M,0.0665,6
0.3188,0.08745,4,T,10(E1),N,,
-3.444,-4.291,7,T,10(E1),P,-4.117,1
-0.3503,-0.1306,6,T,10(E1),Q,0.6781,2
0.7243,0.1667,10,T,10(E1),R,-0.08659,6
-0.8827,-0.4244,7,T,10(E1),S,-0.3188,3
0,0,,T,10(E1),T,0,
1.959,0.282,6,T,10(E1),V,-0.07356,4
0.2731,0.07646,6,T,10(E1),W,0.1663,5
2.418,0.2997,10,T,10(E1),Y,1.228,4
-0.4564,-0.179,3,V,11(E1),-,,
0.06413,0.01973,18,V,11(E1),A,0.2334,7
3.669,0.3215,9,V,11(E1),C,0.05262,3
-4.94,-6.594,6,V,11(E1),D,-6.822,3
-1.908,-1.473,5,V,11(E1),E,-3.566,1
-1.24,-0.7071,5,V,11(E1),F,-0.6561,3
-2.022,-1.638,7,V,11(E1),G,-2.059,4
-1.732,-1.238,5,V,11(E1),H,-1.431,5
-0.928,-0.456,3,V,11(E1),I,-0.9338,2
0.00786,0.002481,7,V,11(E1),K,0.2245,2
-2.021,-1.637,11,V,11(E1),L,-1.543,4
-1.096,-0.5832,19,V,11(E1),M,-0.307,3
-0.1567,-0.05338,8,V,11(E1),N,-0.8017,1
-0.5701,-0.236,5,V,11(E1),P,-1.233,4
-0.8014,-0.3706,6,V,11(E1),Q,0.5354,2
-3.114,-3.627,5,V,11(E1),R,-3.706,3
-1.417,-0.8783,10,V,11(E1),S,-1.345,5
-4.64,-6.262,3,V,11(E1),T,-6.498,2
0,0,,V,11(E1),V,0,
-2.56,-2.541,7,V,11(E1),W,-2.61,3
-2.943,-3.284,10,V,11(E1),Y,-3.292,6
-6.58,-7.502,7,G,12(E1),*,-8,1
-1.243,-0.7095,3,G,12(E1),-,,
0.1176,0.03531,11,G,12(E1),A,-0.5812,5
-1.5,-0.9655,9,G,12(E1),C,-1.153,6
-1.413,-0.8732,4,G,12(E1),D,-0.8959,3
-0.635,-0.2712,18,G,12(E1),E,-1.671,5
-1.639,-1.124,10,G,12(E1),F,-0.8108,5
0,0,,G,12(E1),G,0,
-0.2679,-0.09613,9,G,12(E1),H,-0.4115,3
-4.825,-6.474,7,G,12(E1),I,-6.639,3
-1.011,-0.517,9,G,12(E1),K,-0.27,2
-2.159,-1.849,6,G,12(E1),L,-2.103,2
2.128,0.2894,7,G,12(E1),M,-0.8757,5
-1.052,-0.5488,1,G,12(E1),N,,
-6.053,-7.334,8,G,12(E1),P,-7.104,3
-1.097,-0.5842,7,G,12(E1),Q,-1.039,3
-1.261,-0.7264,29,G,12(E1),R,-0.7495,5
-1.665,-1.155,3,G,12(E1),S,-1.914,1
-1.365,-0.8255,3,G,12(E1),T,-0.06415,2
-3.745,-4.871,17,G,12(E1),V,-4.719,4
-1.903,-1.466,11,G,12(E1),W,-1.355,2
-0.8515,-0.4034,9,G,12(E1),Y,-0.3371,7
1.097,0.2169,1,V,13(E1),-,,
-0.8797,-0.4224,8,V,13(E1),A,-1.441,5
-1.332,-0.7934,8,V,13(E1),C,-0.9111,5
-4.246,-5.721,8,V,13(E1),D,-5.742,4
-3.722,-4.827,13,V,13(E1),E,-4.22,5
-2.389,-2.233,14,V,13(E1),F,-2.612,10
-2.707,-2.819,5,V,13(E1),G,-2.975,3
-2.207,-1.926,8,V,13(E1),H,-2.172,5
0.9063,0.1935,9,V,13(E1),I,0.1553,6
-2.183,-1.887,7,V,13(E1),K,-2.134,4
0.4125,0.1086,12,V,13(E1),L,0.3703,6
-1.118,-0.6019,14,V,13(E1),M,-1.082,1
-2.452,-2.346,6,V,13(E1),N,-2.416,1
-0.8362,-0.3932,12,V,13(E1),P,-0.6342,4
-1.86,-1.407,5,V,13(E1),Q,-1.736,3
-1.827,-1.362,6,V,13(E1),R,-1.746,1
-2.773,-2.947,7,V,13(E1),S,-3.535,3
-2.211,-1.932,5,V,13(E1),T,-4.099,3
0,0,,V,13(E1),V,0,
-2.017,-1.63,7,V,13(E1),W,-2.137,5
-4.376,-5.913,2,V,13(E1),Y,,
-0.8151,-0.3794,5,P,14(E1),A,-0.1676,3
0.531,0.1327,8,P,14(E1),C,0.4136,3
-1.317,-0.7784,6,P,14(E1),D,-1.022,4
-0.4805,-0.1906,3,P,14(E1),E,,
-1.756,-1.27,3,P,14(E1),F,-1.539,3
-0.4915,-0.196,3,P,14(E1),G,-0.2618,3
-0.7799,-0.357,10,P,14(E1),H,-0.3816,7
-1.26,-0.7252,2,P,14(E1),I,-1.955,1
0.3067,0.08457,6,P,14(E1),K,-0.3801,5
-0.9866,-0.4986,13,P,14(E1),L,-0.623,2
-0.4048,-0.1549,7,P,14(E1),M,-0.8447,1
-1.847,-1.389,2,P,14(E1),N,-1.639,2
0,0,,P,14(E1),P,0,
-0.395,-0.1505,2,P,14(E1),Q,0.1226,1
0.07638,0.02336,9,P,14(E1),R,-0.4808,4
0.3425,0.09297,21,P,14(E1),S,-0.245,6
-2.022,-1.638,7,P,14(E1),T,-3.823,1
-1.187,-0.6595,7,P,14(E1),V,-1.061,3
-0.9467,-0.4694,8,P,14(E1),W,-0.2433,3
-0.6388,-0.2733,3,P,14(E1),Y,-0.5017,2
-9.157,-7.738,3,Y,15(E1),*,-8,2
-0.6666,-0.289,7,Y,15(E1),A,-0.3734,5
-0.4363,-0.1695,10,Y,15(E1),C,-0.6344,4
-3.318,-4.039,8,Y,15(E1),D,-4.075,4
-1.815,-1.346,7,Y,15(E1),E,-2.01,1
0.8511,0.1859,13,Y,15(E1),F,-0.8801,6
-1.724,-1.228,5,Y,15(E1),G,-1.928,3
-0.4409,-0.1716,13,Y,15(E1),H,-0.789,5
-1.371,-0.8315,10,Y,15(E1),I,-1.48,8
-0.6768,-0.2948,10,Y,15(E1),K,-0.156,6
-1.131,-0.6121,8,Y,15(E1),L,-1.258,3
-1.067,-0.5605,10,Y,15(E1),M,-1.265,4
-5.177,-6.811,10,Y,15(E1),N,-7.301,2
-6.869,-7.565,6,Y,15(E1),P,-8,3
-1.83,-1.366,3,Y,15(E1),Q,-0.1482,1
0.09742,0.02952,5,Y,15(E1),R,0.3804,3
1.159,0.2236,7,Y,15(E1),S,0.1583,5
-0.6329,-0.27,9,Y,15(E1),T,-1.363,6
-1.276,-0.7402,10,Y,15(E1),V,-1.064,8
-1.844,-1.385,3,Y,15(E1),W,-1.648,2
0,0,,Y,15(E1),Y,0,
-0.2167,-0.07588,4,K,16(E1),-,,
-3.824,-5.015,21,K,16(E1),A,-5.138,12
-5.594,-7.108,8,K,16(E1),C,-6.172,4
-5.994,-7.31,5,K,16(E1),D,-7.656,2
-9.323,-7.741,9,K,16(E1),E,-8,1
-3.638,-4.668,3,K,16(E1),F,-4.413,2
-5.192,-6.823,4,K,16(E1),G,-7.071,1
2.037,0.2856,7,K,16(E1),H,0.3811,4
-5.226,-6.851,9,K,16(E1),I,-6.335,7
0,0,,K,16(E1),K,0,
-3.436,-4.274,10,K,16(E1),L,-4.387,7
-2.824,-3.047,10,K,16(E1),M,-3.28,4
-2.849,-3.097,13,K,16(E1),N,-2.831,5
-3.24,-3.882,10,K,16(E1),P,-4.309,3
-3.712,-4.809,5,K,16(E1),Q,-4.949,3
-2.653,-2.717,14,K,16(E1),R,-3.245,4
-3.274,-3.952,6,K,16(E1),S,-4.824,3
-2.995,-3.389,12,K,16(E1),T,-3.606,9
-3.975,-5.281,5,K,16(E1),V,-5.297,4
-3.427,-4.256,7,K,16(E1),W,-4.5,4
-2.454,-2.35,8,K,16(E1),Y,-2.411,7
-0.4648,-0.183,4,T,17(E1),-,,
1.074,0.2143,9,T,17(E1),A,-1.048,4
-1.739,-1.248,11,T,17(E1),C,-1.718,6
-2.486,-2.406,6,T,17(E1),D,-1.92,3
-2.92,-3.238,8,T,17(E1),E,-2.961,3
-2.762,-2.926,6,T,17(E1),F,-3.019,4
-1.715,-1.217,8,T,17(E1),G,-1.627,6
-2.789,-2.978,7,T,17(E1),H,-2.778,4
-0.5681,-0.235,12,T,17(E1),I,-0.6844,3
-3.815,-4.999,7,T,17(E1),K,-4.867,4
-0.3932,-0.1496,4,T,17(E1),L,-0.9388,1
-2.948,-3.293,8,T,17(E1),M,-3.222,5
-0.6651,-0.2881,8,T,17(E1),N,-1.195,5
-5.482,-7.037,14,T,17(E1),P,-8,5
-2.636,-2.684,9,T,17(E1),Q,-2.602,5
-1.328,-0.7894,8,T,17(E1),R,-1.143,6
-0.07934,-0.02607,12,T,17(E1),S,-0.1403,5
0,0,,T,17(E1),T,0,
1.237,0.2315,5,T,17(E1),V,0.2057,4
-6.037,-7.328,8,T,17(E1),W,-8,4
-4.689,-6.32,9,T,17(E1),Y,-6.413,4
-0.9054,-0.4401,4,L,18(E1),-,,
2.178,0.2914,10,L,18(E1),A,-0.1383,7
-0.6281,-0.2673,5,L,18(E1),C,-0.4592,3
-4.183,-5.624,7,L,18(E1),D,-5.005,3
-3.15,-3.701,8,L,18(E1),E,-3.918,4
-0.6496,-0.2794,10,L,18(E1),F,-0.3583,6
-2.107,-1.768,7,L,18(E1),G,-1.664,3
-1.753,-1.265,6,L,18(E1),H,-1.022,5
-1.731,-1.237,5,L,18(E1),I,-1.438,3
-2.909,-3.216,10,L,18(E1),K,-2.895,7
0,0,,L,18(E1),L,0,
0.4943,0.1255,12,L,18(E1),M,0.178,3
-2.239,-1.978,7,L,18(E1),N,-2.75,5
-10.27,-7.751,17,L,18(E1),P,-8,3
-1.45,-0.9119,9,L,18(E1),Q,-0.3971,5
-2.912,-3.222,5,L,18(E1),R,-3.795,2
-2.071,-1.711,8,L,18(E1),S,-1.49,5
-2.34,-2.148,11,L,18(E1),T,-2.502,4
0.711,0.1646,3,L,18(E1),V,,
1.357,0.2426,1,L,18(E1),W,0.1934,1
0.546,0.1356,13,L,18(E1),Y,-0.5611,8
-3.985,-5.299,5,V,19(E1),-,,
-0.5979,-0.2508,6,V,19(E1),A,0.07577,3
-0.4921,-0.1963,8,V,19(E1),C,0.1731,3
-6.512,-7.485,4,V,19(E1),D,-7.997,2
-7.585,-7.662,6,V,19(E1),E,-8,4
-1.895,-1.455,17,V,19(E1),F,-1.575,9
-5.852,-7.246,3,V,19(E1),G,,
-6.345,-7.437,13,V,19(E1),H,-8,9
-0.3856,-0.1462,14,V,19(E1),I,-0.002565,4
-6.034,-7.327,7,V,19(E1),K,-8,3
-0.5125,-0.2064,8,V,19(E1),L,-0.3488,3
-2.509,-2.449,5,V,19(E1),M,-2.441,2
-5.783,-7.212,8,V,19(E1),N,-7.599,3
-5.923,-7.279,7,V,19(E1),P,-8,3
-6.62,-7.512,11,V,19(E1),Q,-8,8
-6.617,-7.511,12,V,19(E1),R,-8,8
-4.622,-6.24,8,V,19(E1),S,-5.057,2
-2.514,-2.458,11,V,19(E1),T,-2.353,6
0,0,,V,19(E1),V,0,
-5.438,-7.008,8,V,19(E1),W,-7.301,4
-4.681,-6.312,11,V,19(E1),Y,-6.426,3
-4.357,-5.886,5,N,20(E1),-,,
1.62,0.2627,7,N,20(E1),A,0.07902,5
-1.71,-1.211,5,N,20(E1),C,-1.468,3
0.0305,0.009528,18,N,20(E1),D,0.06068,9
-0.04285,-0.01384,4,N,20(E1),E,-1.041,3
-0.8918,-0.4307,11,N,20(E1),F,-0.6557,5
-1.559,-1.031,8,N,20(E1),G,-0.9967,4
-1.376,-0.8365,6,N,20(E1),H,-1.155,3
-0.9914,-0.5021,6,N,20(E1),I,-0.229,4
0.2772,0.07745,7,N,20(E1),K,-0.2622,2
-1.146,-0.6249,6,N,20(E1),L,-0.4423,3
-0.1767,-0.06073,10,N,20(E1),M,0.4704,3
0,0,,N,20(E1),N,0,
-3.195,-3.791,14,N,20(E1),P,-3.981,8
-0.3367,-0.1248,4,N,20(E1),Q,0.2355,2
-0.4503,-0.1761,11,N,20(E1),R,-1.9,6
0.7491,0.1707,9,N,20(E1),S,-0.1106,7
-0.7496,-0.3381,15,N,20(E1),T,-0.5312,8
-0.8417,-0.3968,11,N,20(E1),V,-0.4406,9
-0.4402,-0.1713,6,N,20(E1),W,-0.175,3
-1.133,-0.6141,10,N,20(E1),Y,-1.247,5
0.5831,0.1425,1,R,21(E1),-,,
2.216,0.2929,10,R,21(E1),A,0.05185,7
-2.33,-2.131,16,R,21(E1),C,-2.865,6
-6.451,-7.468,11,R,21(E1),D,-8,10
-3.723,-4.83,9,R,21(E1),E,-5.102,4
-1.501,-0.9672,9,R,21(E1),F,-1.13,5
-3.065,-3.529,16,R,21(E1),G,-3.194,5
-1.997,-1.6,11,R,21(E1),H,-2.174,3
-2.244,-1.986,12,R,21(E1),I,-3.165,3
-0.1046,-0.03476,16,R,21(E1),K,-0.09389,7
-2.082,-1.728,7,R,21(E1),L,-1.464,4
-1.075,-0.567,14,R,21(E1),M,-0.6921,7
-1.06,-0.555,10,R,21(E1),N,-0.1671,7
-6.4,-7.454,9,R,21(E1),P,-8,7
-0.9313,-0.4583,11,R,21(E1),Q,-0.7311,6
0,0,,R,21(E1),R,0,
-1.545,-1.015,14,R,21(E1),S,-1.159,7
-3.352,-4.109,9,R,21(E1),T,-3.206,3
0.5018,0.127,9,R,21(E1),V,0.04703,4
-2.191,-1.901,10,R,21(E1),W,-1.648,7
0.008632,0.002723,11,R,21(E1),Y,-0.6689,5
-0.7467,-0.3364,1,P,22(E1),-,,
0.6854,0.1604,12,P,22(E1),A,-0.4378,7
-1.95,-1.532,10,P,22(E1),C,-1.811,6
-2.452,-2.345,2,P,22(E1),D,-2.626,1
0.4358,0.1135,9,P,22(E1),E,0.2773,5
0.3621,0.09745,10,P,22(E1),F,0.04056,6
-1.514,-0.9813,9,P,22(E1),G,-0.9399,5
-1.253,-0.7185,11,P,22(E1),H,-1.237,2
-0.554,-0.2276,12,P,22(E1),I,-0.4134,5
-0.7294,-0.3258,5,P,22(E1),K,-0.6137,3
0.2979,0.08248,7,P,22(E1),L,-0.01165,4
-0.7199,-0.3201,10,P,22(E1),M,-0.5653,8
-0.3739,-0.141,13,P,22(E1),N,-0.6357,10
0,0,,P,22(E1),P,0,
0.1218,0.03649,10,P,22(E1),Q,-0.642,4
-0.09993,-0.03315,9,P,22(E1),R,-0.6258,5
-0.1197,-0.04007,8,P,22(E1),S,-0.2492,3
-1.891,-1.449,8,P,22(E1),T,-0.6649,4
0.1479,0.04379,10,P,22(E1),V,-0.7857,4
-0.8319,-0.3904,8,P,22(E1),W,-0.09825,4
0.7328,0.1681,10,P,22(E1),Y,-0.5801,4
-1.156,-0.633,1,G,23(E1),-,,
-1.051,-0.5475,10,G,23(E1),A,-0.9462,8
-2.624,-2.662,12,G,23(E1),C,-2.205,5
-0.3495,-0.1303,40,G,23(E1),D,-1.643,6
0.9861,0.2038,5,G,23(E1),E,-0.333,3
-0.1061,-0.0353,9,G,23(E1),F,-0.7574,3
0,0,,G,23(E1),G,0,
-0.7838,-0.3594,10,G,23(E1),H,-1.232,3
-3.027,-3.452,6,G,23(E1),I,-4.084,3
-1.778,-1.298,6,G,23(E1),K,-0.5708,1
0.2289,0.06534,9,G,23(E1),L,-0.4017,6
1.856,0.2768,6,G,23(E1),M,0.6452,3
-0.5708,-0.2364,5,G,23(E1),N,-0.3986,2
-1.244,-0.7106,6,G,23(E1),P,-0.5552,5
-2.331,-2.134,8,G,23(E1),Q,-1.907,4
-0.7348,-0.3291,7,G,23(E1),R,0.0029,2
-1.115,-0.5992,13,G,23(E1),S,-0.2917,4
1.511,0.255,5,G,23(E1),T,0.7216,2
-2.779,-2.959,18,G,23(E1),V,-2.643,9
-1.91,-1.476,10,G,23(E1),W,-0.7392,4
-0.9128,-0.4452,6,G,23(E1),Y,-2.276,3
-6.301,-7.424,6,Y,24(E1),*,-7.166,1
-0.9268,-0.4551,1,Y,24(E1),-,,
-2.48,-2.396,13,Y,24(E1),A,-2.314,7
-1.219,-0.6878,11,Y,24(E1),C,-0.7431,5
-2.802,-3.005,8,Y,24(E1),D,-3.602,2
-7.236,-7.623,6,Y,24(E1),E,-8,4
-0.1615,-0.05514,7,Y,24(E1),F,0.0182,4
-5.777,-7.209,11,Y,24(E1),G,-8,7
-1.916,-1.484,10,Y,24(E1),H,-1.202,5
-3.307,-4.018,3,Y,24(E1),I,-4.551,1
-2.343,-2.154,9,Y,24(E1),K,-2.855,6
-2.043,-1.669,10,Y,24(E1),L,-1.839,5
-1.585,-1.06,8,Y,24(E1),M,-0.9997,6
-2.249,-1.995,16,Y,24(E1),N,-2.355,9
-7.007,-7.589,14,Y,24(E1),P,-8,6
-2.78,-2.962,9,Y,24(E1),Q,-3.114,6
-2.11,-1.772,8,Y,24(E1),R,-2.227,5
-0.8733,-0.418,7,Y,24(E1),S,-0.579,3
-0.8468,-0.4002,4,Y,24(E1),T,-2.126,2
-3.023,-3.444,7,Y,24(E1),V,-3.647,2
-1.628,-1.111,8,Y,24(E1),W,-1.318,5
0,0,,Y,24(E1),Y,0,
-1.47,-0.9338,3,S,25(E1),A,-1.514,2
-3.637,-4.667,7,S,25(E1),C,,
-4.212,-5.67,8,S,25(E1),D,-6.353,5
-5.373,-6.963,11,S,25(E1),E,-6.303,6
-6.074,-7.343,7,S,25(E1),F,-8,5
-2.781,-2.963,11,S,25(E1),G,-2.889,5
-6.825,-7.556,6,S,25(E1),H,-8,2
-4.898,-6.551,11,S,25(E1),I,-4.495,3
-6.463,-7.472,5,S,25(E1),K,-8,1
-3.279,-3.96,5,S,25(E1),L,-4.117,2
-1.749,-1.261,9,S,25(E1),M,-1.312,6
-2.271,-2.031,19,S,25(E1),N,-2.536,4
-7.402,-7.643,11,S,25(E1),P,-8,5
-4.066,-5.436,7,S,25(E1),Q,-5.606,5
-5.561,-7.087,14,S,25(E1),R,-7.319,4
0,0,,S,25(E1),S,0,
-0.2112,-0.07379,7,S,25(E1),T,-0.442,4
-3.357,-4.118,9,S,25(E1),V,-4.094,5
-7.508,-7.655,10,S,25(E1),W,-8,5
-7.209,-7.619,6,S,25(E1),Y,-8,4
-2.071,-1.711,13,P,26(E1),A,-1.744,6
-2.805,-3.01,7,P,26(E1),C,-2.905,6
-3.441,-4.284,13,P,26(E1),D,-4.147,6
-4.565,-6.169,9,P,26(E1),E,-6.966,2
-2.529,-2.485,9,P,26(E1),F,-2.841,5
-2.093,-1.745,7,P,26(E1),G,-2.159,5
-3.148,-3.695,5,P,26(E1),H,-4.031,3
-2.14,-1.818,8,P,26(E1),I,-2.041,6
-3.827,-5.021,5,P,26(E1),K,-4.787,3
-2.609,-2.634,10,P,26(E1),L,-2.627,4
-2.062,-1.698,5,P,26(E1),M,-1.704,5
-2.57,-2.561,5,P,26(E1),N,-2.405,2
0,0,,P,26(E1),P,0,
-3.637,-4.667,11,P,26(E1),Q,-4.918,4
-6.621,-7.512,10,P,26(E1),R,-8,3
-2.147,-1.83,12,P,26(E1),S,-2.051,7
-3.006,-3.409,4,P,26(E1),T,-4.234,1
-2.891,-3.179,7,P,26(E1),V,-3.684,6
-2.673,-2.754,6,P,26(E1),W,-2.467,2
-2.734,-2.872,12,P,26(E1),Y,-2.595,6
-2.258,-2.011,6,M,27(E1),A,-2.713,4
-1.968,-1.559,8,M,27(E1),C,-2.614,4
-7.057,-7.597,5,M,27(E1),D,-8,2
-3.432,-4.268,7,M,27(E1),E,-4.585,4
-0.2713,-0.09747,14,M,27(E1),F,-0.15,9
-6.017,-7.32,9,M,27(E1),G,-8,5
-2.665,-2.74,5,M,27(E1),H,-2.413,3
-0.9249,-0.4538,28,M,27(E1),I,-1.433,8
-1.179,-0.6527,9,M,27(E1),K,-0.4716,5
-0.7186,-0.3194,12,M,27(E1),L,-1.139,3
0,0,,M,27(E1),M,0,
-3.641,-4.675,14,M,27(E1),N,-5.053,8
-6.485,-7.478,14,M,27(E1),P,-8,9
-0.4143,-0.1593,12,M,27(E1),Q,-0.4962,6
-2.945,-3.288,6,M,27(E1),R,-3.717,5
-5.279,-6.892,5,M,27(E1),S,-6.224,2
-1.686,-1.181,10,M,27(E1),T,-1.361,4
-1.215,-0.6849,20,M,27(E1),V,-0.7996,7
1.288,0.2364,5,M,27(E1),W,0.2596,1
-1.988,-1.588,8,M,27(E1),Y,-2.172,3
-2.677,-2.761,1,V,28(E1),-,,
-1.898,-1.459,8,V,28(E1),A,-1.201,5
-1.115,-0.5989,8,V,28(E1),C,-0.2663,5
-5.898,-7.268,6,V,28(E1),D,-8,5
-5.769,-7.205,9,V,28(E1),E,-8,5
-5.92,-7.278,10,V,28(E1),F,-8,6
-2.363,-2.188,9,V,28(E1),G,-2.527,4
-9.537,-7.744,2,V,28(E1),H,-6.658,1
-1.487,-0.9511,4,V,28(E1),I,,
-4.93,-6.584,8,V,28(E1),K,-7.014,2
-3.152,-3.704,11,V,28(E1),L,-3.864,5
-2.474,-2.384,14,V,28(E1),M,-2.914,2
-1.533,-1.002,9,V,28(E1),N,-1.116,6
-5.486,-7.04,8,V,28(E1),P,-6.762,1
-2.975,-3.347,7,V,28(E1),Q,-4.611,2
-7.133,-7.609,6,V,28(E1),R,-8,4
-2.359,-2.182,9,V,28(E1),S,-2.455,2
-1.104,-0.5901,9,V,28(E1),T,-0.8143,6
0,0,,V,28(E1),V,0,
-9.059,-7.736,10,V,28(E1),W,-8,5
-7.305,-7.632,6,V,28(E1),Y,-8,3
-1.306,-0.7681,4,L,29(E1),-,,
-2.734,-2.871,6,L,29(E1),A,-3.284,2
-1.69,-1.186,9,L,29(E1),C,-1.803,5
-7.355,-7.638,12,L,29(E1),D,-8,6
-6.39,-7.451,3,L,29(E1),E,-8,1
-2.155,-1.842,8,L,29(E1),F,-2.162,2
-5.63,-7.129,7,L,29(E1),G,-8,5
-7.262,-7.626,6,L,29(E1),H,-8,3
1.311,0.2385,11,L,29(E1),I,-0.5484,7
-4.886,-6.539,6,L,29(E1),K,-6.897,4
0,0,,L,29(E1),L,0,
-0.8519,-0.4036,10,L,29(E1),M,-0.2296,3
-6.486,-7.478,9,L,29(E1),N,-8,3
-8.665,-7.725,21,L,29(E1),P,-8,9
-6.834,-7.558,16,L,29(E1),Q,-8,6
-6.218,-7.396,11,L,29(E1),R,-7.901,6
-7.36,-7.638,7,L,29(E1),S,-8,5
-3.211,-3.824,10,L,29(E1),T,-4.008,6
-0.3343,-0.1237,10,L,29(E1),V,-0.3529,5
-1.784,-1.305,5,L,29(E1),W,-1.81,3
-3.369,-4.142,8,L,29(E1),Y,-3.367,4
-5.572,-7.094,10,E,30(E1),*,-8,1
-2.521,-2.47,3,E,30(E1),-,,
-1.674,-1.166,8,E,30(E1),A,-1.298,6
-2.133,-1.808,13,E,30(E1),C,-1.883,7
-0.4742,-0.1875,9,E,30(E1),D,-0.3053,3
0,0,,E,30(E1),E,0,
-5.407,-6.987,6,E,30(E1),F,-7.306,4
-2.065,-1.702,10,E,30(E1),G,-2.124,5
-2.355,-2.175,10,E,30(E1),H,-1.885,6
-1.158,-0.6349,6,E,30(E1),I,-0.9961,3
-2.668,-2.745,120,E,30(E1),K,-1.205,7
-2.493,-2.42,10,E,30(E1),L,-2.917,5
-6.329,-7.432,6,E,30(E1),M,-7.838,1
-2.019,-1.633,13,E,30(E1),N,-1.317,9
-5.953,-7.293,16,E,30(E1),P,-7.349,11
-0.9856,-0.4979,10,E,30(E1),Q,-0.5359,3
-2.211,-1.933,6,E,30(E1),R,-2.269,3
1.066,0.2134,8,E,30(E1),S,-0.1631,4
-0.2972,-0.1081,8,E,30(E1),T,-0.711,3
-1.776,-1.294,9,E,30(E1),V,-0.1127,5
-4.236,-5.707,10,E,30(E1),W,-5.344,5
-4.174,-5.609,9,E,30(E1),Y,-6.22,5
-2.012,-1.623,2,M,31(E1),-,,
-1.056,-0.5515,9,M,31(E1),A,0.628,3
-1.348,-0.809,9,M,31(E1),C,-0.6121,5
-7.045,-7.595,3,M,31(E1),D,-8,3
-5.56,-7.087,7,M,31(E1),E,-7.409,4
-0.6216,-0.2638,6,M,31(E1),F,-0.9194,4
-5.511,-7.056,11,M,31(E1),G,-8,4
-2.117,-1.782,7,M,31(E1),H,-1.429,4
0.1708,0.05006,45,M,31(E1),I,0.1796,10
-5.637,-7.133,6,M,31(E1),K,-7.844,2
1.25,0.2328,10,M,31(E1),L,-0.2834,5
0,0,,M,31(E1),M,0,
-3.691,-4.77,10,M,31(E1),N,-4.59,7
-6.048,-7.332,6,M,31(E1),P,-8,4
-2.783,-2.968,7,M,31(E1),Q,-2.501,1
-6.031,-7.325,15,M,31(E1),R,-8,6
-2.444,-2.332,13,M,31(E1),S,-2.693,7
-0.7229,-0.322,5,M,31(E1),T,-0.6388,2
-0.3877,-0.1472,7,M,31(E1),V,-0.02623,3
-0.3985,-0.152,10,M,31(E1),W,0.09527,6
0.3791,0.1013,4,M,31(E1),Y,0.3771,1
-6.831,-7.557,7,E,32(E1),*,-8,2
-2.806,-3.011,1,E,32(E1),-,,
-1.454,-0.9159,8,E,32(E1),A,-1.325,3
-2.108,-1.769,10,E,32(E1),C,-2.566,5
-2.595,-2.606,12,E,32(E1),D,-2.766,7
0,0,,E,32(E1),E,0,
-3.24,-3.883,5,E,32(E1),F,-3.871,3
-5.009,-6.661,17,E,32(E1),G,-6.356,11
-0.2804,-0.1012,6,E,32(E1),H,-0.6705,4
-1.519,-0.9862,4,E,32(E1),I,-1.263,3
-1.722,-1.226,60,E,32(E1),K,-1.732,3
-2.252,-2.001,12,E,32(E1),L,-1.919,4
-1.496,-0.9609,6,E,32(E1),M,-0.7386,4
-1.615,-1.096,7,E,32(E1),N,-1.363,5
-7.334,-7.635,11,E,32(E1),P,-8,6
-1.103,-0.5893,7,E,32(E1),Q,-0.5508,3
-1.681,-1.175,11,E,32(E1),R,-1.388,7
-1.927,-1.499,6,E,32(E1),S,-0.8145,1
0.224,0.06408,10,E,32(E1),T,-0.5367,5
-1.597,-1.075,10,E,32(E1),V,-1.277,7
-2.813,-3.026,9,E,32(E1),W,-3.436,3
-1.406,-0.8668,20,E,32(E1),Y,-0.8711,14
-3.13,-3.66,1,L,33(E1),-,,
-2.913,-3.224,8,L,33(E1),A,-2.112,3
-4.101,-5.492,8,L,33(E1),C,-5.903,5
-6.327,-7.432,11,L,33(E1),D,-8,6
-5.258,-6.877,5,L,33(E1),E,-7.005,2
2.714,0.3075,10,L,33(E1),F,-0.1587,6
-7.14,-7.61,8,L,33(E1),G,-8,3
-6.4,-7.454,11,L,33(E1),H,-8,6
-0.9866,-0.4985,5,L,33(E1),I,0.1044,3
-6.961,-7.581,6,L,33(E1),K,-8,6
0,0,,L,33(E1),L,0,
0.2047,0.05907,9,L,33(E1),M,0.4076,3
-6.887,-7.568,8,L,33(E1),N,-8,4
-2.878,-3.155,12,L,33(E1),P,-3.489,7
-2.993,-3.384,4,L,33(E1),Q,-5.236,2
-6.446,-7.467,7,L,33(E1),R,-8,4
-6.72,-7.535,12,L,33(E1),S,-7.046,5
-3.104,-3.608,5,L,33(E1),T,-3.112,3
-0.2604,-0.09309,7,L,33(E1),V,-0.1725,5
-1.24,-0.7066,7,L,33(E1),W,-0.9071,4
-5.568,-7.092,10,L,33(E1),Y,-7.72,6
-1.044,-0.5424,9,L,34(E1),A,-0.1856,4
-1.015,-0.5197,5,L,34(E1),C,-0.5834,3
0.04483,0.01391,9,L,34(E1),D,-0.6476,7
0.08485,0.02585,5,L,34(E1),E,0.1013,1
-0.4712,-0.1861,8,L,34(E1),F,0.1011,2
-2.086,-1.735,6,L,34(E1),G,-2.596,4
-0.6172,-0.2613,10,L,34(E1),H,0.2799,7
-0.08718,-0.02875,10,L,34(E1),I,-1.658,1
0.003181,0.001006,6,L,34(E1),K,0.5332,2
0,0,,L,34(E1),L,0,
-0.1068,-0.03553,9,L,34(E1),M,-0.3938,3
0.7678,0.1736,6,L,34(E1),N,0.3656,3
-6.352,-7.439,10,L,34(E1),P,-8,5
-0.7019,-0.3094,8,L,34(E1),Q,-0.003255,4
-0.5456,-0.2232,9,L,34(E1),R,-0.1684,3
-0.9364,-0.462,8,L,34(E1),S,-0.2561,6
0.02954,0.009233,6,L,34(E1),T,1.11,1
-1.042,-0.5411,9,L,34(E1),V,-0.4499,5
-0.6688,-0.2902,6,L,34(E1),W,-0.7661,1
-1.003,-0.5108,5,L,34(E1),Y,-0.6427,2
-3.242,-3.886,1,S,35(E1),-,,
0.338,0.09192,14,S,35(E1),A,0.2269,7
-0.5854,-0.2441,10,S,35(E1),C,-0.14,5
-0.6212,-0.2635,11,S,35(E1),D,-0.9396,7
-1.421,-0.8821,7,S,35(E1),E,-1.504,3
-1.196,-0.6682,15,S,35(E1),F,-0.07065,7
-0.7241,-0.3227,7,S,35(E1),G,-2.55,1
2.459,0.3009,13,S,35(E1),H,0.04859,10
0.7836,0.176,7,S,35(E1),I,-0.3131,4
0.05186,0.01604,9,S,35(E1),K,-0.5111,2
-0.6675,-0.2895,6,S,35(E1),L,0.664,3
0.227,0.06485,5,S,35(E1),M,0.7067,2
-0.3383,-0.1255,8,S,35(E1),N,0.1288,3
-5.664,-7.148,11,S,35(E1),P,-7.135,1
0.5795,0.1419,6,S,35(E1),Q,0.04502,3
-0.8047,-0.3727,8,S,35(E1),R,-1.176,6
0,0,,S,35(E1),S,0,
-0.4199,-0.1619,14,S,35(E1),T,-0.2491,6
1.622,0.2628,4,S,35(E1),V,0.6345,2
-0.3422,-0.1272,6,S,35(E1),W,0.0526,4
-0.009614,-0.003059,15,S,35(E1),Y,-0.4824,4
-1.121,-0.6044,43,V,36(E1),A,-0.6309,19
-2.218,-1.944,9,V,36(E1),C,-2.367,3
-5.628,-7.127,12,V,36(E1),D,-7.346,5
-1.966,-1.555,8,V,36(E1),E,-2.016,4
-0.5646,-0.2331,6,V,36(E1),F,-0.9926,3
-3.126,-3.651,8,V,36(E1),G,-4,6
0.4557,0.1177,6,V,36(E1),H,-0.7905,3
-0.2419,-0.08573,7,V,36(E1),I,-0.4572,4
-5.979,-7.304,7,V,36(E1),K,-8,1
-0.4439,-0.173,19,V,36(E1),L,-0.2274,3
-0.6505,-0.2799,19,V,36(E1),M,-0.5738,3
-0.7711,-0.3515,17,V,36(E1),N,-1.148,5
-7.018,-7.591,9,V,36(E1),P,-8,6
-2.743,-2.889,4,V,36(E1),Q,-2.605,2
-5.804,-7.223,11,V,36(E1),R,-8,8
-1.229,-0.6972,8,V,36(E1),S,-0.4021,5
2.104,0.2885,3,V,36(E1),T,0.9753,2
0,0,,V,36(E1),V,0,
-1.613,-1.093,9,V,36(E1),W,-1.688,5
-2.537,-2.499,6,V,36(E1),Y,-1.617,2
0.351,0.0949,11,T,37(E1),A,0.3338,7
0.07659,0.02342,5,T,37(E1),C,0.3666,4
-0.2458,-0.08725,8,T,37(E1),D,-0.3605,5
-0.9397,-0.4643,12,T,37(E1),E,-0.3503,11
-0.6413,-0.2747,9,T,37(E1),F,0.3427,5
-0.9027,-0.4382,6,T,37(E1),G,-0.03564,5
-0.3652,-0.1372,6,T,37(E1),H,0.2023,4
-0.4418,-0.1721,9,T,37(E1),I,0.2659,5
-1.767,-1.283,11,T,37(E1),K,-1.577,5
-1.814,-1.345,5,T,37(E1),L,-1.156,2
0.3293,0.0899,9,T,37(E1),M,-0.4274,6
4.589,0.3267,7,T,37(E1),N,-0.1169,3
-5.831,-7.236,14,T,37(E1),P,-8,7
1.322,0.2395,5,T,37(E1),Q,,
-0.4672,-0.1842,10,T,37(E1),R,-0.06224,3
-0.289,-0.1047,8,T,37(E1),S,0.08974,4
0,0,,T,37(E1),T,0,
-1.442,-0.9036,6,T,37(E1),V,-0.4687,3
-2.708,-2.821,3,T,37(E1),W,-3.463,1
-1.142,-0.6214,11,T,37(E1),Y,-0.7907,5
-1.709,-1.209,12,L,38(E1),A,-1.051,7
-3.196,-3.793,12,L,38(E1),C,-4.03,8
-3.158,-3.716,5,L,38(E1),D,-3.7,3
-2.367,-2.196,2,L,38(E1),E,-2.474,2
-5.414,-6.991,15,L,38(E1),F,-7.572,10
-4.459,-6.028,11,L,38(E1),G,-5.791,6
-2.784,-2.969,5,L,38(E1),H,-2.809,1
-1.729,-1.234,6,L,38(E1),I,-1.517,4
-3.62,-4.634,9,L,38(E1),K,-6.163,4
0,0,,L,38(E1),L,0,
-1.34,-0.8007,5,L,38(E1),M,-0.1075,1
-1.751,-1.263,4,L,38(E1),N,-0.3162,3
-6.44,-7.465,16,L,38(E1),P,-8,9
-0.8662,-0.4132,14,L,38(E1),Q,-1.116,4
-4.713,-6.349,12,L,38(E1),R,-6.813,8
-1.577,-1.052,6,L,38(E1),S,-1.249,4
-1.345,-0.806,6,L,38(E1),T,-0.6772,3
-1.084,-0.5741,8,L,38(E1),V,-0.5719,3
-8.015,-7.695,3,L,38(E1),W,-8,2
-5.681,-7.158,10,L,38(E1),Y,-7.747,4
-6.471,-7.474,5,E,39(E1),*,,
-0.07366,-0.02414,3,E,39(E1),A,0.4832,1
-0.3614,-0.1355,10,E,39(E1),C,-0.3962,8
-0.5005,-0.2004,6,E,39(E1),D,-0.3959,4
0,0,,E,39(E1),E,0,
0.2919,0.08102,9,E,39(E1),F,-0.1679,4
-1.137,-0.6172,12,E,39(E1),G,-1.073,5
0.005736,0.001812,14,E,39(E1),H,-0.4757,4
-0.6627,-0.2868,6,E,39(E1),I,-0.1084,3
-0.6952,-0.3056,52,E,39(E1),K,-0.1857,9
-1.008,-0.5143,8,E,39(E1),L,-0.3772,5
0.004979,0.001573,17,E,39(E1),M,-0.6669,8
-0.8523,-0.4038,9,E,39(E1),N,-0.3694,5
-5.406,-6.986,11,E,39(E1),P,-7.243,4
-0.5786,-0.2405,8,E,39(E1),Q,-0.3546,5
-2.608,-2.632,3,E,39(E1),R,-1.752,2
-0.5441,-0.2225,8,E,39(E1),S,-0.4594,2
0.1078,0.03252,7,E,39(E1),T,-0.2792,4
-1.125,-0.607,5,E,39(E1),V,0.4145,1
-0.238,-0.08421,5,E,39(E1),W,-0.07569,3
0.4445,0.1154,11,E,39(E1),Y,0.0484,4
-0.203,-0.07066,8,P,40(E1),A,0.1629,6
-5.308,-6.915,10,P,40(E1),C,-6.718,8
-5.84,-7.24,7,P,40(E1),D,-8,3
-5.883,-7.26,6,P,40(E1),E,-7.546,2
-5.53,-7.068,5,P,40(E1),F,-8,5
-6.93,-7.576,5,P,40(E1),G,,
-5.95,-7.291,11,P,40(E1),H,-8,4
-3.569,-4.536,7,P,40(E1),I,-4.578,5
-6.992,-7.587,7,P,40(E1),K,-8,3
-2.99,-3.378,9,P,40(E1),L,-4.032,5
-2.3,-2.08,7,P,40(E1),M,-2.651,4
-6.308,-7.426,10,P,40(E1),N,-8,9
0,0,,P,40(E1),P,0,
-2.906,-3.209,13,P,40(E1),Q,-3.762,11
-6.037,-7.328,6,P,40(E1),R,-8,3
-3.058,-3.515,17,P,40(E1),S,-3.868,4
-1.818,-1.35,9,P,40(E1),T,-1.323,7
-2.385,-2.226,7,P,40(E1),V,-2.235,4
-7.117,-7.606,8,P,40(E1),W,-8,4
-6.812,-7.554,4,P,40(E1),Y,-7.999,2
0.06239,0.01921,12,T,41(E1),A,-0.2485,6
-6.33,-7.433,8,T,41(E1),C,-8,4
-3.245,-3.893,8,T,41(E1),D,-3.942,2
-1.91,-1.476,3,T,41(E1),E,-1.765,2
-2.533,-2.493,7,T,41(E1),F,-2.628,2
-1.494,-0.9592,6,T,41(E1),G,-0.9546,4
-3.825,-5.018,6,T,41(E1),H,-5.694,4
-0.4257,-0.1645,14,T,41(E1),I,-0.9983,9
-4.4,-5.947,9,T,41(E1),K,-6.119,3
-1.595,-1.073,9,T,41(E1),L,-1.247,3
-0.04434,-0.01433,10,T,41(E1),M,-0.358,5
-1.116,-0.6003,6,T,41(E1),N,-1.312,4
-6.621,-7.512,10,T,41(E1),P,-8,5
-2.247,-1.992,7,T,41(E1),Q,-1.858,3
-6.517,-7.486,6,T,41(E1),R,-7.893,2
1.068,0.2136,9,T,41(E1),S,0.6994,2
0,0,,T,41(E1),T,0,
0.2005,0.05797,13,T,41(E1),V,0.2596,5
-1.937,-1.514,4,T,41(E1),W,-1.898,4
-0.5498,-0.2254,10,T,41(E1),Y,-0.1935,5
-1.422,-0.8829,1,L,42(E1),*,,
-3.481,-4.364,15,L,42(E1),A,-3.663,6
-1.532,-1.001,10,L,42(E1),C,-0.7227,7
-5.897,-7.267,15,L,42(E1),D,-8,12
-6.848,-7.561,3,L,42(E1),E,-8,2
-3.027,-3.452,6,L,42(E1),F,-2.137,3
-6.299,-7.423,5,L,42(E1),G,-8,4
-6.649,-7.519,5,L,42(E1),H,-7.902,2
-0.1369,-0.04621,3,L,42(E1),I,-0.5022,2
-4.463,-6.034,8,L,42(E1),K,-6.292,5
0,0,,L,42(E1),L,0,
-1.315,-0.7762,7,L,42(E1),M,-0.3859,3
-7.196,-7.618,6,L,42(E1),N,-8,5
-8.491,-7.719,39,L,42(E1),P,-8,13
-6.354,-7.44,4,L,42(E1),Q,-8,1
-6.532,-7.49,23,L,42(E1),R,-8,13
-5.49,-7.043,2,L,42(E1),S,-8,1
-1.225,-0.693,11,L,42(E1),T,-0.8065,4
-1.356,-0.8168,5,L,42(E1),V,-1.627,2
-7.276,-7.628,8,L,42(E1),W,-8,5
-4.743,-6.384,8,L,42(E1),Y,-7.193,4
0.3684,0.09886,13,S,43(E1),A,-0.3262,9
-6.167,-7.378,11,S,43(E1),C,-8,7
-1.231,-0.6989,11,S,43(E1),D,-1.184,6
-0.4548,-0.1782,7,S,43(E1),E,-0.154,4
0.03296,0.01029,9,S,43(E1),F,0.163,6
1.935,0.2808,19,S,43(E1),G,0.3899,8
-0.1656,-0.05662,7,S,43(E1),H,-0.9946,4
-1.149,-0.6271,12,S,43(E1),I,-0.6151,4
0.423,0.1108,5,S,43(E1),K,0.2343,2
0.4802,0.1227,9,S,43(E1),L,0.1752,3
0.1909,0.05544,13,S,43(E1),M,0.1592,6
0.1106,0.03331,19,S,43(E1),N,-0.0943,3
-7.384,-7.641,23,S,43(E1),P,-8,15
0.6553,0.1553,11,S,43(E1),Q,,
0.888,0.191,4,S,43(E1),R,-0.4887,1
0,0,,S,43(E1),S,0,
0.1566,0.04618,13,S,43(E1),T,-0.1153,10
2.294,0.2957,8,S,43(E1),V,-0.4732,5
1.553,0.258,6,S,43(E1),W,0.5714,4
-0.2774,-0.09998,8,S,43(E1),Y,-0.6252,5
-2.313,-2.102,5,L,44(E1),A,-2.234,2
-2.575,-2.569,7,L,44(E1),C,-2.559,4
-7.193,-7.617,7,L,44(E1),D,-8,3
-2.591,-2.6,8,L,44(E1),E,-2.974,3
-3.535,-4.47,9,L,44(E1),F,-4.965,6
-5.796,-7.218,4,L,44(E1),G,-8,3
-1.849,-1.391,10,L,44(E1),H,-0.7585,5
-0.1737,-0.05963,5,L,44(E1),I,-0.3066,3
-2.649,-2.709,6,L,44(E1),K,-1.748,2
0,0,,L,44(E1),L,0,
-0.5153,-0.2078,13,L,44(E1),M,-1.113,3
-3.529,-4.457,6,L,44(E1),N,-5.077,1
-5.561,-7.087,14,L,44(E1),P,-7.183,4
-1.162,-0.6383,7,L,44(E1),Q,0.1675,3
-2.2,-1.915,3,L,44(E1),R,-2.154,2
-2.807,-3.015,8,L,44(E1),S,-1.723,2
-2.819,-3.037,9,L,44(E1),T,-3.233,5
-1.632,-1.116,8,L,44(E1),V,-1.084,6
-3.504,-4.409,13,L,44(E1),W,-4.268,4
-4.39,-5.933,5,L,44(E1),Y,-6.096,4
2.858,0.3105,11,D,45(E1),A,0.07733,6
-2.92,-3.237,13,D,45(E1),C,-3.173,8
0,0,,D,45(E1),D,0,
-0.06821,-0.0223,16,D,45(E1),E,-0.6872,5
-7.048,-7.596,17,D,45(E1),F,-8,9
-3.931,-5.206,10,D,45(E1),G,-5.161,4
-2.904,-3.206,17,D,45(E1),H,-3.655,8
0.7607,0.1725,12,D,45(E1),I,0.2513,6
-3.467,-4.337,11,D,45(E1),K,-4.284,3
-3.441,-4.286,20,D,45(E1),L,-4.02,10
-1.76,-1.273,9,D,45(E1),M,-1.285,8
-1.881,-1.436,22,D,45(E1),N,-1.057,8
-5.873,-7.256,12,D,45(E1),P,-7.482,7
2.559,0.3037,9,D,45(E1),Q,0.3993,7
-3.759,-4.896,10,D,45(E1),R,-5.433,6
-0.2326,-0.08209,10,D,45(E1),S,0.5768,7
-0.9598,-0.4789,19,D,45(E1),T,-0.1939,10
0.2761,0.07718,18,D,45(E1),V,-0.2107,10
-5.92,-7.278,5,D,45(E1),W,-8,1
-5.141,-6.78,25,D,45(E1),Y,-6.348,10
-7.174,-7.615,6,Y,46(E1),*,-8,2
-1.017,-0.5213,3,Y,46(E1),-,,
-6.292,-7.421,13,Y,46(E1),A,-7.81,7
-6.084,-7.347,14,Y,46(E1),C,-8,4
-7.163,-7.613,16,Y,46(E1),D,-8,9
-6.727,-7.536,10,Y,46(E1),E,-8,5
-2.086,-1.734,9,Y,46(E1),F,-0.8861,4
-6.659,-7.521,12,Y,46(E1),G,-8,5
-7.564,-7.66,16,Y,46(E1),H,-8,7
-7.282,-7.629,13,Y,46(E1),I,-8,6
-8.399,-7.715,11,Y,46(E1),K,-8,6
-6.01,-7.317,12,Y,46(E1),L,-8,6
-6.322,-7.43,10,Y,46(E1),M,-8,7
-6.073,-7.342,6,Y,46(E1),N,,
-7.433,-7.647,12,Y,46(E1),P,-8,7
-6.41,-7.457,8,Y,46(E1),Q,-8,5
-6.979,-7.584,9,Y,46(E1),R,-8,5
-6.459,-7.471,15,Y,46(E1),S,-8,7
-9.794,-7.747,15,Y,46(E1),T,-8,8
-7.444,-7.648,14,Y,46(E1),V,-8,7
-0.9069,-0.4411,10,Y,46(E1),W,-0.3056,6
0,0,,Y,46(E1),Y,0,
-1.404,-0.8644,3,I,47(E1),-,,
-2.478,-2.392,18,I,47(E1),A,-2.614,11
-3.571,-4.541,11,I,47(E1),C,-4.151,7
-6.113,-7.358,7,I,47(E1),D,-8,3
-3.677,-4.743,11,I,47(E1),E,-4.789,6
-2.05,-1.679,8,I,47(E1),F,-2.247,4
-7.746,-7.676,15,I,47(E1),G,-8,11
-1.957,-1.543,10,I,47(E1),H,-1.591,6
0,0,,I,47(E1),I,0,
-5.634,-7.131,8,I,47(E1),K,-8,3
-3.195,-3.791,10,I,47(E1),L,-4.189,5
-1.908,-1.472,12,I,47(E1),M,-1.849,8
-3.211,-3.823,23,I,47(E1),N,-3.541,10
-6.602,-7.508,19,I,47(E1),P,-8,11
-2.824,-3.047,10,I,47(E1),Q,-3.744,5
-3.682,-4.753,12,I,47(E1),R,-5.021,7
-3.426,-4.255,7,I,47(E1),S,-4.829,1
-2.267,-2.024,10,I,47(E1),T,-1.722,3
-0.891,-0.4301,12,I,47(E1),V,-0.9637,4
-6.352,-7.439,9,I,47(E1),W,-8,3
-2.031,-1.65,14,I,47(E1),Y,-2,3
-0.3577,-0.1339,3,T,48(E1),-,,
-2.495,-2.422,12,T,48(E1),A,-2.153,5
-4.567,-6.171,12,T,48(E1),C,-6.733,4
-6.428,-7.462,18,T,48(E1),D,-8,12
-6.306,-7.425,10,T,48(E1),E,-8,8
-6.649,-7.519,21,T,48(E1),F,-8,10
-6.963,-7.582,14,T,48(E1),G,-8,12
-7.112,-7.606,11,T,48(E1),H,-8,6
-6.424,-7.461,20,T,48(E1),I,-8,9
-5.398,-6.98,17,T,48(E1),K,-8,7
-6.57,-7.5,5,T,48(E1),L,-8,3
-6.425,-7.461,12,T,48(E1),M,-8,10
-7.938,-7.69,10,T,48(E1),N,-8,5
-7.329,-7.635,18,T,48(E1),P,-8,8
-7.301,-7.631,10,T,48(E1),Q,-8,6
-10.16,-7.75,13,T,48(E1),R,-8,9
-1.1,-0.5869,14,T,48(E1),S,-0.6662,8
0,0,,T,48(E1),T,0,
-2.286,-2.056,15,T,48(E1),V,-2.562,10
-8.313,-7.711,18,T,48(E1),W,-8,9
-6.936,-7.577,8,T,48(E1),Y,-8,2
-5.41,-6.989,8,C,49(E1),*,-8,1
-0.5427,-0.2218,3,C,49(E1),-,,
-7.05,-7.596,3,C,49(E1),A,-8,3
0,0,,C,49(E1),C,0,
-6.479,-7.476,12,C,49(E1),D,-8,7
-6.523,-7.488,8,C,49(E1),E,-8,6
-6.656,-7.52,16,C,49(E1),F,-8,7
-6.401,-7.454,13,C,49(E1),G,-8,10
-5.78,-7.21,14,C,49(E1),H,-7.299,3
-6.93,-7.576,10,C,49(E1),I,-8,5
-8.6,-7.723,11,C,49(E1),K,-8,3
-6.635,-7.515,21,C,49(E1),L,-8,9
-5.928,-7.281,11,C,49(E1),M,-7.497,4
-6.64,-7.517,4,C,49(E1),N,-7.894,2
-6.968,-7.583,10,C,49(E1),P,-8,3
-7.402,-7.643,10,C,49(E1),Q,-8,6
-7.345,-7.637,13,C,49(E1),R,-7.779,2
-6.148,-7.371,18,C,49(E1),S,-7.822,10
-7.062,-7.598,8,C,49(E1),T,-8,2
-7.239,-7.623,14,C,49(E1),V,-8,8
-6.272,-7.414,14,C,49(E1),W,-7.139,7
-6.126,-7.363,21,C,49(E1),Y,-8,8
-0.712,-0.3154,1,E,50(E1),*,,
-0.9794,-0.4932,3,E,50(E1),-,,
-0.1634,-0.05583,11,E,50(E1),A,0.715,3
-2.682,-2.772,12,E,50(E1),C,-2.973,8
-2.903,-3.203,11,E,50(E1),D,-3.648,4
0,0,,E,50(E1),E,0,
-2.07,-1.71,10,E,50(E1),F,-1.438,3
-1.559,-1.031,15,E,50(E1),G,-0.5144,7
-0.7385,-0.3314,9,E,50(E1),H,-0.4075,4
-1.948,-1.53,12,E,50(E1),I,-2.008,8
-3.652,-4.695,28,E,50(E1),K,-4.932,11
-2.184,-1.889,9,E,50(E1),L,-1.899,6
-1.314,-0.7761,12,E,50(E1),M,-0.6161,7
-1.528,-0.9968,10,E,50(E1),N,-0.2911,3
-2.104,-1.762,23,E,50(E1),P,-1.785,10
-1.744,-1.254,13,E,50(E1),Q,-0.9699,4
-1.732,-1.238,10,E,50(E1),R,-0.964,3
-0.354,-0.1323,8,E,50(E1),S,-0.9845,3
-0.9087,-0.4424,8,E,50(E1),T,0.01052,4
-2.185,-1.89,12,E,50(E1),V,-2.003,9
-3.489,-4.38,8,E,50(E1),W,-4.373,5
-2.069,-1.708,14,E,50(E1),Y,-1.607,9
-6.329,-7.432,4,Y,51(E1),*,,
-0.1886,-0.0652,1,Y,51(E1),-,,
-3.008,-3.414,12,Y,51(E1),A,-3.627,7
-7.091,-7.602,12,Y,51(E1),C,-8,3
-6.597,-7.506,7,Y,51(E1),D,-7.89,2
-6.516,-7.486,8,Y,51(E1),E,-8,6
-1.695,-1.192,14,Y,51(E1),F,-1.894,7
-3.238,-3.878,10,Y,51(E1),G,-4.479,7
-3.412,-4.227,10,Y,51(E1),H,-4.265,6
-3.498,-4.398,12,Y,51(E1),I,-4.47,8
-6.304,-7.424,9,Y,51(E1),K,-8,7
-6.023,-7.322,16,Y,51(E1),L,-7.235,6
-3.404,-4.211,13,Y,51(E1),M,-4.458,9
-7.586,-7.662,17,Y,51(E1),N,-8,11
-2.518,-2.465,8,Y,51(E1),P,-2.917,4
-7.046,-7.595,10,Y,51(E1),Q,-8,4
-5.835,-7.238,5,Y,51(E1),R,-8,3
-2.557,-2.537,4,Y,51(E1),S,-2.808,4
-3.216,-3.834,7,Y,51(E1),T,-4.045,4
-5.869,-7.254,12,Y,51(E1),V,-7.667,5
-3.256,-3.914,7,Y,51(E1),W,-4.175,6
0,0,,Y,51(E1),Y,0,
-7.571,-7.661,1,K,52(E1),*,,
-0.0366,-0.01179,1,K,52(E1),-,,
-0.3749,-0.1414,15,K,52(E1),A,0.08742,7
-0.4881,-0.1943,9,K,52(E1),C,-0.8718,5
0.3422,0.09289,12,K,52(E1),D,0.4944,5
2.809,0.3095,11,K,52(E1),E,1.076,8
0.8038,0.179,10,K,52(E1),F,0.8153,4
-0.6695,-0.2906,10,K,52(E1),G,-0.8567,6
0.6042,0.1464,17,K,52(E1),H,0.33,10
1.655,0.265,8,K,52(E1),I,0.5517,3
0,0,,K,52(E1),K,0,
2.25,0.2941,8,K,52(E1),L,0.7007,7
-0.2946,-0.107,14,K,52(E1),M,0.3931,8
2.79,0.3092,25,K,52(E1),N,1.324,8
-6.609,-7.509,17,K,52(E1),P,-8,7
1.163,0.224,9,K,52(E1),Q,0.1745,4
-0.08858,-0.02923,12,K,52(E1),R,0.8515,5
0.522,0.131,9,K,52(E1),S,2.373,1
3.003,0.3132,16,K,52(E1),T,1.159,7
-0.8995,-0.436,13,K,52(E1),V,0.8703,5
-0.08548,-0.02816,17,K,52(E1),W,0.2984,12
0.4217,0.1105,14,K,52(E1),Y,0.9942,7
-1.096,-0.5839,1,T,53(E1),-,,
-2.092,-1.744,12,T,53(E1),A,-2,6
-2.916,-3.23,12,T,53(E1),C,-3.502,9
-3.018,-3.434,11,T,53(E1),D,-3.647,8
-5.436,-7.006,9,T,53(E1),E,-7.396,4
-6.493,-7.48,13,T,53(E1),F,-8,3
-6.958,-7.581,9,T,53(E1),G,-8,5
-7.306,-7.632,16,T,53(E1),H,-8,7
-1.589,-1.066,17,T,53(E1),I,-1.44,4
-7.891,-7.687,4,T,53(E1),K,,
-1.987,-1.586,6,T,53(E1),L,-1.661,3
-2.697,-2.8,15,T,53(E1),M,-2.808,10
-0.1887,-0.06521,15,T,53(E1),N,0.1503,4
-3.217,-3.835,14,T,53(E1),P,-3.51,8
-5.503,-7.051,13,T,53(E1),Q,-7.802,9
-5.477,-7.034,8,T,53(E1),R,-7.438,4
-2.165,-1.858,9,T,53(E1),S,-3.109,3
0,0,,T,53(E1),T,0,
-0.8039,-0.3722,5,T,53(E1),V,-1.459,3
-6.317,-7.428,6,T,53(E1),W,-8,1
-7.244,-7.624,13,T,53(E1),Y,-8,10
0.006603,0.002085,1,V,54(E1),-,,
-1.163,-0.6395,22,V,54(E1),A,-1.315,3
-0.4145,-0.1594,16,V,54(E1),C,-0.2355,9
-2.021,-1.636,16,V,54(E1),D,-1.894,9
-0.08451,-0.02783,15,V,54(E1),E,0.2562,7
-0.2932,-0.1064,9,V,54(E1),F,-0.8818,4
-4.626,-6.244,16,V,54(E1),G,-6.308,10
-1.528,-0.996,7,V,54(E1),H,-1.093,3
-0.3876,-0.1471,12,V,54(E1),I,-0.3963,7
-2.477,-2.39,11,V,54(E1),K,-2.389,3
-1.167,-0.6429,21,V,54(E1),L,-1.855,5
-0.8221,-0.384,26,V,54(E1),M,-1.693,4
-0.3805,-0.144,8,V,54(E1),N,1.095,5
-7.746,-7.676,13,V,54(E1),P,-8,6
-0.1195,-0.03998,8,V,54(E1),Q,0.2243,4
-2.044,-1.67,9,V,54(E1),R,-1.324,7
-0.7754,-0.3541,13,V,54(E1),S,-1.178,3
0.6494,0.1543,10,V,54(E1),T,0.01824,9
0,0,,V,54(E1),V,0,
-2.909,-3.216,14,V,54(E1),W,-3.501,6
-1.733,-1.24,14,V,54(E1),Y,-1.811,7
-1.952,-1.535,2,I,55(E1),-,,
-0.06676,-0.02181,14,I,55(E1),A,-0.06986,9
-1.011,-0.5168,14,I,55(E1),C,-0.6478,9
-7.208,-7.619,12,I,55(E1),D,-7.953,8
-5.46,-7.023,14,I,55(E1),E,-7.807,10
-2.048,-1.677,14,I,55(E1),F,-1.889,7
-6.376,-7.447,9,I,55(E1),G,-8,5
-3.264,-3.931,14,I,55(E1),H,-4.152,8
0,0,,I,55(E1),I,0,
-3.24,-3.883,12,I,55(E1),K,-4.579,4
-0.5513,-0.2262,14,I,55(E1),L,-0.555,10
-1.113,-0.5976,8,I,55(E1),M,-0.8447,3
-2.759,-2.921,9,I,55(E1),N,-3.085,6
-6.429,-7.462,20,I,55(E1),P,-8,11
-2.97,-3.337,13,I,55(E1),Q,-3.623,6
-2.088,-1.737,8,I,55(E1),R,-2.154,6
-1.315,-0.777,13,I,55(E1),S,-0.4228,7
-0.8583,-0.4079,11,I,55(E1),T,0.1846,7
0.8971,0.1922,10,I,55(E1),V,0.4422,6
-6.09,-7.349,10,I,55(E1),W,-8,7
-6.795,-7.55,11,I,55(E1),Y,-8,6
-2.034,-1.655,2,P,56(E1),-,,
-3.237,-3.876,6,P,56(E1),A,-4.203,3
-3.735,-4.852,12,P,56(E1),C,-5.072,8
-2.63,-2.673,9,P,56(E1),D,-3.026,6
-2.806,-3.012,12,P,56(E1),E,-3.485,5
-4.331,-5.849,6,P,56(E1),F,-5.029,2
-2.645,-2.702,8,P,56(E1),G,-2.456,2
-5.57,-7.093,9,P,56(E1),H,-8,1
-2.925,-3.247,8,P,56(E1),I,-3.617,5
-4.324,-5.837,9,P,56(E1),K,-6.2,4
-3.832,-5.029,18,P,56(E1),L,-6.784,2
-3.392,-4.187,12,P,56(E1),M,-4.39,6
-2.419,-2.286,9,P,56(E1),N,-2.128,6
0,0,,P,56(E1),P,0,
-1.78,-1.3,9,P,56(E1),Q,-1.736,4
-2.867,-3.131,13,P,56(E1),R,-3.02,7
-2.458,-2.356,22,P,56(E1),S,-2.656,4
-1.195,-0.6672,10,P,56(E1),T,-1.847,5
-2.216,-1.941,7,P,56(E1),V,-2.54,2
-3.704,-4.794,15,P,56(E1),W,-5.344,8
-3.158,-3.716,11,P,56(E1),Y,-3.18,4
-0.6422,-0.2751,2,S,57(E1),-,,
-2.935,-3.268,10,S,57(E1),A,-4.113,7
-5.889,-7.263,11,S,57(E1),C,-7.667,8
-6.539,-7.492,6,S,57(E1),D,-8,1
-6.377,-7.447,7,S,57(E1),E,-8,6
-7.345,-7.637,20,S,57(E1),F,-8,10
-2.71,-2.825,8,S,57(E1),G,-3.35,4
-5.918,-7.277,10,S,57(E1),H,-8,6
-6.155,-7.373,6,S,57(E1),I,-8,3
-7.185,-7.616,8,S,57(E1),K,-8,4
-7.383,-7.641,9,S,57(E1),L,-8,7
-3.286,-3.975,7,S,57(E1),M,-4.064,4
-3.585,-4.567,6,S,57(E1),N,-4.742,2
-3.397,-4.197,10,S,57(E1),P,-4.225,3
-6.089,-7.348,9,S,57(E1),Q,-8,5
-5.243,-6.864,8,S,57(E1),R,-7.401,5
0,0,,S,57(E1),S,0,
-5.15,-6.788,10,S,57(E1),T,-7.444,4
-5.78,-7.21,11,S,57(E1),V,-7.693,7
-5.394,-6.977,7,S,57(E1),W,-6.698,3
-6.839,-7.559,9,S,57(E1),Y,-8,3
-0.4006,-0.153,1,P,58(E1),-,,
-5.784,-7.213,7,P,58(E1),A,-7.15,2
-7.471,-7.651,13,P,58(E1),C,-8,6
-8.21,-7.706,15,P,58(E1),D,-8,7
-6.251,-7.407,12,P,58(E1),E,-8,8
-7.222,-7.621,8,P,58(E1),F,-8,6
-6.205,-7.391,7,P,58(E1),G,-8,3
-7.151,-7.611,10,P,58(E1),H,-8,6
-7.649,-7.668,9,P,58(E1),I,-8,6
-5.926,-7.28,12,P,58(E1),K,-8,4
-5.842,-7.241,17,P,58(E1),L,-8,10
-6.926,-7.575,11,P,58(E1),M,-8,9
-7.113,-7.606,17,P,58(E1),N,-8,7
0,0,,P,58(E1),P,0,
-6.071,-7.342,13,P,58(E1),Q,-7.885,6
-6.787,-7.549,9,P,58(E1),R,-8,3
-5.71,-7.174,13,P,58(E1),S,-7.641,6
-6.161,-7.376,15,P,58(E1),T,-8,8
-5.294,-6.904,16,P,58(E1),V,-6.954,8
-7.251,-7.625,4,P,58(E1),W,-8,4
-6.436,-7.464,11,P,58(E1),Y,-8,7
-5.399,-6.981,3,Y,59(E1),*,,
-3.562,-4.522,7,Y,59(E1),A,-4.168,3
-5.509,-7.055,18,Y,59(E1),C,-7.594,8
-3.47,-4.343,11,Y,59(E1),D,-4.77,6
-2.979,-3.355,9,Y,59(E1),E,-4.101,4
-0.5477,-0.2243,14,Y,59(E1),F,-1.578,3
-3.315,-4.034,8,Y,59(E1),G,-4.171,6
-3.486,-4.374,12,Y,59(E1),H,-5.154,2
-2.236,-1.974,15,Y,59(E1),I,-2.423,10
-4.176,-5.613,14,Y,59(E1),K,-5.38,7
-2.268,-2.027,13,Y,59(E1),L,-2.75,8
-2.286,-2.057,3,Y,59(E1),M,-3.046,2
-3.378,-4.16,14,Y,59(E1),N,-4.678,8
-6.662,-7.522,12,Y,59(E1),P,-8,6
-3.045,-3.488,5,Y,59(E1),Q,-2.754,3
-3.801,-4.973,14,Y,59(E1),R,-5.046,9
-3.447,-4.297,15,Y,59(E1),S,-4.102,7
-5.317,-6.921,5,Y,59(E1),T,-7.502,2
-3.238,-3.878,10,Y,59(E1),V,-3.987,5
1.708,0.2683,10,Y,59(E1),W,0.7442,3
0,0,,Y,59(E1),Y,0,
-7.485,-7.652,18,V,60(E1),A,-8,4
-7.965,-7.692,5,V,60(E1),C,-8,2
-7.049,-7.596,8,V,60(E1),D,-7.015,2
-7.018,-7.591,6,V,60(E1),E,-8,2
-5.691,-7.163,7,V,60(E1),F,-8,3
-7.029,-7.593,11,V,60(E1),G,-8,4
-7.447,-7.648,14,V,60(E1),H,-8,5
3.544,0.3203,10,V,60(E1),I,0.7751,7
-7.186,-7.616,7,V,60(E1),K,-8,4
-2.301,-2.082,14,V,60(E1),L,-2.566,8
-4.955,-6.609,14,V,60(E1),M,-7.758,4
-6.273,-7.414,3,V,60(E1),N,-8,1
-7.293,-7.63,11,V,60(E1),P,-8,6
-6.843,-7.56,4,V,60(E1),Q,-8,2
-5.985,-7.306,9,V,60(E1),R,-8,4
-6.133,-7.365,6,V,60(E1),S,-7.692,2
-6.626,-7.513,13,V,60(E1),T,-8,10
0,0,,V,60(E1),V,0,
-6.67,-7.524,10,V,60(E1),W,-8,7
-7.918,-7.689,6,V,60(E1),Y,-8,2
-0.3097,-0.1133,6,K,61(E1),A,-1.117,3
-2.449,-2.34,6,K,61(E1),C,-2.767,4
-2.75,-2.902,8,K,61(E1),D,-2.882,3
-2.661,-2.732,8,K,61(E1),E,-5.541,2
-1.438,-0.8995,7,K,61(E1),F,-1.735,4
-3.872,-5.102,6,K,61(E1),G,-5.178,3
-1.334,-0.7953,6,K,61(E1),H,-0.9486,6
-2.61,-2.636,7,K,61(E1),I,-2.842,5
0,0,,K,61(E1),K,0,
-2.17,-1.866,9,K,61(E1),L,-1.888,4
-1.31,-0.7721,10,K,61(E1),M,-0.8614,4
-1.59,-1.066,12,K,61(E1),N,-1.006,5
-7.305,-7.632,8,K,61(E1),P,-8,6
-1.745,-1.255,9,K,61(E1),Q,-1.849,5
-1.497,-0.962,5,K,61(E1),R,-1.407,2
-1.897,-1.457,4,K,61(E1),S,-2.269,3
-2.439,-2.322,7,K,61(E1),T,-2.409,3
-1.606,-1.085,11,K,61(E1),V,-1.514,6
-3.476,-4.353,9,K,61(E1),W,-4.125,5
-2.21,-1.931,7,K,61(E1),Y,-2.462,3
-6.145,-7.37,7,C,62(E1),*,,
-3.42,-4.243,3,C,62(E1),-,,
-5.876,-7.257,6,C,62(E1),A,-8,3
0,0,,C,62(E1),C,0,
-8.855,-7.731,7,C,62(E1),D,-8,3
-7.375,-7.64,12,C,62(E1),E,-8,9
-7.052,-7.596,18,C,62(E1),F,-8,8
-5.119,-6.761,7,C,62(E1),G,-7.035,6
-5.774,-7.207,9,C,62(E1),H,-8,3
-8.155,-7.703,15,C,62(E1),I,-8,8
-6.569,-7.499,9,C,62(E1),K,-8,7
-6.457,-7.47,11,C,62(E1),L,-8,5
-6.744,-7.54,9,C,62(E1),M,-8,5
-7.712,-7.673,9,C,62(E1),N,-8,6
-6.616,-7.511,10,C,62(E1),P,-8,8
-7.004,-7.589,6,C,62(E1),Q,-8,2
-8.409,-7.715,12,C,62(E1),R,-8,8
-6.793,-7.55,5,C,62(E1),S,-7.983,4
-7.293,-7.63,11,C,62(E1),T,-8,7
-4.96,-6.614,8,C,62(E1),V,-6.469,7
-7.395,-7.642,11,C,62(E1),W,-8,6
-7.902,-7.688,44,C,62(E1),Y,-8,10
-0.4141,-0.1592,1,C,63(E1),*,,
-3.459,-4.321,3,C,63(E1),-,,
-8.106,-7.701,5,C,63(E1),A,-8,1
0,0,,C,63(E1),C,0,
-7.003,-7.588,5,C,63(E1),D,-7.189,2
-7.601,-7.664,8,C,63(E1),E,-8,3
-7.364,-7.639,11,C,63(E1),F,-8,7
-6.112,-7.358,5,C,63(E1),G,-8,4
-7.103,-7.604,6,C,63(E1),H,-8,4
-6.059,-7.337,5,C,63(E1),I,-8,4
-6.466,-7.473,5,C,63(E1),K,-7.866,2
-7.325,-7.634,12,C,63(E1),L,-8,7
-6.833,-7.558,6,C,63(E1),M,-8,2
-5.871,-7.255,9,C,63(E1),N,-8,6
-6.783,-7.548,7,C,63(E1),P,-8,1
-6.34,-7.436,9,C,63(E1),Q,-8,5
-6.654,-7.52,16,C,63(E1),R,-8,8
-7.059,-7.597,12,C,63(E1),S,-8,6
-5.89,-7.264,8,C,63(E1),T,-7.823,4
-5.393,-6.977,10,C,63(E1),V,-7.607,5
-6.15,-7.372,15,C,63(E1),W,-8,12
-8.176,-7.704,25,C,63(E1),Y,-8,4
-0.4261,-0.1647,1,G,64(E1),-,,
-1.85,-1.393,4,G,64(E1),A,-1.619,4
-7.548,-7.659,14,G,64(E1),C,-8,4
-4.522,-6.113,25,G,64(E1),D,-5.729,7
-2.887,-3.171,6,G,64(E1),E,-3.18,2
-7.089,-7.602,11,G,64(E1),F,-8,5
0,0,,G,64(E1),G,0,
-3.106,-3.612,5,G,64(E1),H,-3.333,3
-7.037,-7.594,9,G,64(E1),I,-8,4
-3.047,-3.493,10,G,64(E1),K,-3.818,9
-7.316,-7.633,9,G,64(E1),L,-8,3
-3.52,-4.441,9,G,64(E1),M,-4.764,8
-3.873,-5.103,11,G,64(E1),N,-5.255,5
-9.075,-7.736,7,G,64(E1),P,-8,4
-2.993,-3.384,4,G,64(E1),Q,-3.181,2
-3.627,-4.648,7,G,64(E1),R,-4.668,3
-1.245,-0.7112,14,G,64(E1),S,-1.35,3
-4.735,-6.374,13,G,64(E1),T,-6.502,10
-6.42,-7.46,16,G,64(E1),V,-7.614,6
-4.127,-5.534,4,G,64(E1),W,-6.511,2
-7.392,-7.642,11,G,64(E1),Y,-8,10
0.4131,0.1087,1,T,65(E1),-,,
-0.2288,-0.08059,5,T,65(E1),A,-0.7621,2
-7.256,-7.626,8,T,65(E1),C,-8,4
-1.318,-0.7794,7,T,65(E1),D,-1.093,5
-0.9784,-0.4925,4,T,65(E1),E,0.611,1
-1.434,-0.8951,1,T,65(E1),F,,
-2.401,-2.254,9,T,65(E1),G,-2.449,2
-2.52,-2.469,7,T,65(E1),H,-2.819,3
-0.6438,-0.2761,13,T,65(E1),I,-2.82,1
-7.333,-7.635,6,T,65(E1),K,-8,3
-1.851,-1.395,4,T,65(E1),L,-1.643,2
-0.5942,-0.2489,7,T,65(E1),M,0.054,4
-2.427,-2.3,7,T,65(E1),N,-1.789,2
-2.867,-3.133,7,T,65(E1),P,-3.835,3
-0.2051,-0.07144,4,T,65(E1),Q,-0.152,2
-5.725,-7.181,9,T,65(E1),R,-8,3
0.003038,0.0009608,7,T,65(E1),S,-0.397,6
0,0,,T,65(E1),T,0,
-1.821,-1.354,9,T,65(E1),V,-1.772,6
-3.438,-4.279,5,T,65(E1),W,-4.139,4
-2.346,-2.159,8,T,65(E1),Y,-2.697,4
0,0,,A,66(E1),A,0,
-2.281,-2.049,5,A,66(E1),C,-2.554,2
-4.564,-6.167,13,A,66(E1),D,-5.466,2
-1.721,-1.224,4,A,66(E1),E,-1.476,3
-2.94,-3.278,11,A,66(E1),F,-3.993,6
-1.614,-1.094,6,A,66(E1),G,-1.262,6
-2.389,-2.233,8,A,66(E1),H,-2.409,4
-0.1568,-0.05342,10,A,66(E1),I,-1.433,5
-3.672,-4.732,8,A,66(E1),K,-4.684,5
-2.488,-2.411,6,A,66(E1),L,-3.001,3
-2.618,-2.649,6,A,66(E1),M,-3.144,2
-2.192,-1.902,9,A,66(E1),N,-2.375,6
-2.362,-2.187,7,A,66(E1),P,-2.115,3
-3.125,-3.65,12,A,66(E1),Q,-4.14,6
-3.799,-4.97,7,A,66(E1),R,-6.184,1
-0.6346,-0.2709,13,A,66(E1),S,-0.7065,5
-0.2525,-0.08994,74,A,66(E1),T,-1.359,8
-0.249,-0.08854,16,A,66(E1),V,-0.3408,8
-3.832,-5.03,6,A,66(E1),W,-4.734,4
-4.854,-6.505,10,A,66(E1),Y,-3.412,2
-6.863,-7.564,3,E,67(E1),*,,
-0.1901,-0.06577,1,E,67(E1),-,,
-2.629,-2.671,5,E,67(E1),A,-3.064,4
-6.786,-7.548,10,E,67(E1),C,-8,5
-3.009,-3.416,10,E,67(E1),D,-3.719,3
0,0,,E,67(E1),E,0,
-3.764,-4.906,10,E,67(E1),F,-5.28,6
-2.887,-3.173,9,E,67(E1),G,-3.112,3
-4.449,-6.015,5,E,67(E1),H,-5.02,1
-2.79,-2.98,8,E,67(E1),I,-3.393,2
-9.543,-7.744,12,E,67(E1),K,-8,3
-3.416,-4.236,6,E,67(E1),L,-4.33,3
-2.631,-2.674,8,E,67(E1),M,-2.674,7
-2.621,-2.657,4,E,67(E1),N,-2.802,2
-3.838,-5.041,6,E,67(E1),P,-4.846,2
-1.522,-0.9899,6,E,67(E1),Q,-1.425,4
-3.797,-4.967,8,E,67(E1),R,-5.444,6
-1.993,-1.595,7,E,67(E1),S,-2.005,5
-2.428,-2.302,10,E,67(E1),T,-2.595,7
-2.403,-2.258,6,E,67(E1),V,-2.65,4
-3.563,-4.523,19,E,67(E1),W,-4.514,11
-4.074,-5.449,6,E,67(E1),Y,-5.684,5
-3.99,-5.307,1,C,68(E1),*,,
-0.2822,-0.1019,1,C,68(E1),-,,
-6.302,-7.424,3,C,68(E1),A,-8,1
0,0,,C,68(E1),C,0,
-7.104,-7.604,3,C,68(E1),D,-8,3
-7.151,-7.611,6,C,68(E1),E,-8,4
-7.489,-7.653,15,C,68(E1),F,-8,4
-5.913,-7.275,5,C,68(E1),G,-7.592,2
-6.742,-7.539,8,C,68(E1),H,-8,7
-6.476,-7.475,4,C,68(E1),I,-8,1
-6.807,-7.553,5,C,68(E1),K,-8,2
-7.005,-7.589,8,C,68(E1),L,-8,3
-6.626,-7.513,3,C,68(E1),M,-8,3
-6.406,-7.456,11,C,68(E1),N,-8,7
-7.322,-7.634,9,C,68(E1),P,-8,5
-5.666,-7.149,6,C,68(E1),Q,-8,5
-7.759,-7.677,12,C,68(E1),R,-8,6
-6.581,-7.502,7,C,68(E1),S,-6.826,1
-7.028,-7.593,6,C,68(E1),T,-8,3
-7.224,-7.621,5,C,68(E1),V,-8,3
-5.772,-7.206,4,C,68(E1),W,-8,3
-7.515,-7.655,33,C,68(E1),Y,-8,9
-0.9633,-0.4814,1,K,69(E1),-,,
-1.276,-0.7402,4,K,69(E1),A,-1.515,2
-1.73,-1.235,13,K,69(E1),C,-1.375,6
-0.6867,-0.3006,12,K,69(E1),D,-0.5617,6
-0.756,-0.3421,10,K,69(E1),E,-1.567,2
-0.4921,-0.1963,5,K,69(E1),F,-0.3974,5
0.1983,0.05741,11,K,69(E1),G,-0.5407,4
0.811,0.1801,14,K,69(E1),H,-0.4237,9
-1.121,-0.604,9,K,69(E1),I,-0.7389,6
0,0,,K,69(E1),K,0,
1.04,0.2103,15,K,69(E1),L,-0.04492,11
-0.07103,-0.02325,13,K,69(E1),M,-0.439,6
-0.3958,-0.1508,9,K,69(E1),N,-0.3259,3
-1.574,-1.048,11,K,69(E1),P,-0.8708,7
-0.6732,-0.2928,11,K,69(E1),Q,-0.3085,6
0.1941,0.05628,14,K,69(E1),R,-0.5088,4
-2.465,-2.368,5,K,69(E1),S,-3.317,2
0.01794,0.005635,9,K,69(E1),T,-0.1605,7
-0.921,-0.451,11,K,69(E1),V,-0.8536,4
-0.8289,-0.3884,4,K,69(E1),W,-1.247,3
0.1362,0.04055,3,K,69(E1),Y,-0.3625,1
0.5365,0.1338,4,D,70(E1),A,-0.2414,2
-2.741,-2.886,10,D,70(E1),C,-3.481,7
0,0,,D,70(E1),D,0,
1.848,0.2764,4,D,70(E1),E,0.02075,2
-0.4101,-0.1574,5,D,70(E1),F,-0.5583,2
0.07582,0.0232,8,D,70(E1),G,0.05225,4
-1.836,-1.373,6,D,70(E1),H,-1.63,4
0.2074,0.05979,4,D,70(E1),I,-0.000582,3
-0.8676,-0.4142,1,D,70(E1),K,,
0.05098,0.01577,6,D,70(E1),L,-0.3095,4
-0.2877,-0.1042,3,D,70(E1),M,-0.7325,2
0.8059,0.1793,17,D,70(E1),N,-0.6212,2
1.343,0.2413,4,D,70(E1),P,0.4651,2
-0.913,-0.4454,6,D,70(E1),Q,-0.8357,2
1.568,0.2591,5,D,70(E1),R,0.7417,3
0.0477,0.01478,4,D,70(E1),S,0.0178,2
-1.428,-0.8887,5,D,70(E1),T,-1.434,1
1.18,0.2258,8,D,70(E1),V,-0.1397,3
0.2121,0.06101,9,D,70(E1),W,-0.0258,4
0.8252,0.1822,14,D,70(E1),Y,0.9571,3
-0.8828,-0.4245,1,K,71(E1),*,,
-0.4898,-0.1952,8,K,71(E1),A,-0.03204,5
-2.487,-2.408,11,K,71(E1),C,-2.354,5
-1.875,-1.427,8,K,71(E1),D,-1.586,4
-0.9586,-0.478,17,K,71(E1),E,-0.3458,7
-0.3112,-0.1139,4,K,71(E1),F,-0.1785,4
-2.079,-1.723,10,K,71(E1),G,-1.493,2
0.579,0.1418,13,K,71(E1),H,0.5553,6
-0.8988,-0.4355,6,K,71(E1),I,-0.2669,5
0,0,,K,71(E1),K,0,
-2.569,-2.558,2,K,71(E1),L,-2.818,1
-1.52,-0.9878,9,K,71(E1),M,-1.087,6
-2.1,-1.756,16,K,71(E1),N,-0.2638,2
-2.929,-3.256,7,K,71(E1),P,-3.846,4
-1.205,-0.6756,9,K,71(E1),Q,-0.2032,1
0.2509,0.07092,16,K,71(E1),R,-0.2068,5
-1.548,-1.018,10,K,71(E1),S,-1.193,7
-1.293,-0.7563,13,K,71(E1),T,-1.347,6
-0.2164,-0.0758,9,K,71(E1),V,0.3126,2
-1.227,-0.6953,11,K,71(E1),W,-1.491,7
-0.287,-0.1039,5,K,71(E1),Y,-0.2398,3
0.1032,0.03118,11,S,72(E1),A,0.3798,4
-0.5413,-0.221,6,S,72(E1),C,-0.8861,4
-0.8486,-0.4014,7,S,72(E1),D,-1.058,5
-0.9074,-0.4415,8,S,72(E1),E,-0.1511,6
-1.107,-0.5925,6,S,72(E1),F,0.3216,4
-0.2216,-0.0778,10,S,72(E1),G,-0.032,4
-0.5976,-0.2507,6,S,72(E1),H,-0.3233,3
-0.7963,-0.3673,10,S,72(E1),I,-0.6208,4
-1.476,-0.9399,5,S,72(E1),K,-1.89,3
-0.23,-0.08107,8,S,72(E1),L,-0.3617,4
1.56,0.2585,9,S,72(E1),M,-0.07,6
0.07502,0.02296,9,S,72(E1),N,-1.312,2
1.344,0.2415,9,S,72(E1),P,-0.1247,3
0.03733,0.01162,5,S,72(E1),Q,-0.8142,3
-0.9168,-0.4481,16,S,72(E1),R,-0.6768,6
0,0,,S,72(E1),S,0,
0.4111,0.1083,8,S,72(E1),T,0.1641,2
0.2658,0.07465,9,S,72(E1),V,-0.7369,5
0.6126,0.1479,7,S,72(E1),W,-0.4213,3
-2.778,-2.957,3,S,72(E1),Y,-3.518,1
-0.744,-0.3347,7,L,73(E1),A,-0.749,3
-2.879,-3.155,3,L,73(E1),C,-3.347,3
-1.063,-0.5575,4,L,73(E1),D,-0.567,3
-0.2791,-0.1006,7,L,73(E1),E,-0.6858,4
-0.297,-0.108,8,L,73(E1),F,-0.1212,3
-2.211,-1.932,9,L,73(E1),G,-2.569,6
-1.359,-0.8196,6,L,73(E1),H,-3.52,2
-0.8939,-0.4321,13,L,73(E1),I,-0.8117,6
-0.4161,-0.1601,3,L,73(E1),K,,
0,0,,L,73(E1),L,0,
-0.115,-0.03841,13,L,73(E1),M,0.1485,5
-1.566,-1.039,7,L,73(E1),N,-0.1656,5
-3.496,-4.393,17,L,73(E1),P,-4.779,7
-1.922,-1.493,7,L,73(E1),Q,-1.752,4
-1.232,-0.6999,6,L,73(E1),R,-0.6041,3
-1.126,-0.6079,6,L,73(E1),S,-0.5465,1
-0.6964,-0.3062,7,L,73(E1),T,-0.113,5
-0.3412,-0.1267,10,L,73(E1),V,-0.2474,3
-0.7638,-0.3469,12,L,73(E1),W,-0.7337,7
-0.6217,-0.2638,5,L,73(E1),Y,-0.648,3
-0.966,-0.4834,9,P,74(E1),A,-0.6091,8
-5.91,-7.273,7,P,74(E1),C,-8,5
-5.982,-7.305,7,P,74(E1),D,-8,3
-3.463,-4.329,8,P,74(E1),E,-4.053,5
-3.195,-3.792,8,P,74(E1),F,-3.6,5
-2.567,-2.556,4,P,74(E1),G,-2.753,3
-2.436,-2.316,14,P,74(E1),H,-2.445,6
-2.86,-3.118,7,P,74(E1),I,-4.657,4
-4.704,-6.338,8,P,74(E1),K,-6.237,5
-5.485,-7.039,10,P,74(E1),L,-6.832,6
-3.624,-4.643,10,P,74(E1),M,-4.258,5
-3.196,-3.792,3,P,74(E1),N,-4.05,1
0,0,,P,74(E1),P,0,
-3.208,-3.818,5,P,74(E1),Q,-4.08,4
-6.372,-7.445,4,P,74(E1),R,-8,1
-1.242,-0.7087,24,P,74(E1),S,-0.954,8
-1.368,-0.8283,8,P,74(E1),T,-1.806,1
-1.992,-1.594,8,P,74(E1),V,-1.98,3
-3.243,-3.888,10,P,74(E1),W,-5.42,4
-4.304,-5.808,7,P,74(E1),Y,-6.46,4
-1.856,-1.401,6,D,75(E1),A,-1.382,2
-8.176,-7.704,13,D,75(E1),C,-8,10
0,0,,D,75(E1),D,0,
-1.018,-0.5221,8,D,75(E1),E,-0.9782,3
-7.399,-7.643,9,D,75(E1),F,-8,6
-0.03864,-0.01246,4,D,75(E1),G,-0.1785,2
-3.396,-4.195,9,D,75(E1),H,-4.633,7
-6.494,-7.48,9,D,75(E1),I,-8,4
-5.573,-7.095,6,D,75(E1),K,-8,2
-7.629,-7.666,5,D,75(E1),L,-8,2
-4.024,-5.365,7,D,75(E1),M,-5.631,6
-0.7921,-0.3647,16,D,75(E1),N,-0.1693,2
-6.263,-7.411,7,D,75(E1),P,-8,5
-2.726,-2.856,6,D,75(E1),Q,-3.767,3
-5.701,-7.169,6,D,75(E1),R,-8,6
-1.431,-0.8926,7,D,75(E1),S,-1.252,5
-7.124,-7.607,8,D,75(E1),T,-8,4
-7.152,-7.611,6,D,75(E1),V,-8,3
-6.202,-7.39,8,D,75(E1),W,-8,4
-6.98,-7.585,8,D,75(E1),Y,-8,2
-0.4648,-0.183,1,Y,76(E1),*,,
1.053,0.2119,1,Y,76(E1),-,,
-7.74,-7.676,3,Y,76(E1),A,-7.612,2
-5.602,-7.112,9,Y,76(E1),C,-7.591,6
-7.771,-7.678,7,Y,76(E1),D,-8,5
-5.73,-7.185,5,Y,76(E1),E,-7.232,2
-0.9517,-0.473,11,Y,76(E1),F,-0.5184,8
-6.894,-7.569,4,Y,76(E1),G,-7.572,2
-3.196,-3.793,13,Y,76(E1),H,-2.971,4
-8.539,-7.721,6,Y,76(E1),I,,
-6.838,-7.559,10,Y,76(E1),K,-8,6
-7.069,-7.599,15,Y,76(E1),L,-8,7
-7.162,-7.613,6,Y,76(E1),M,-8,3
-5.854,-7.247,7,Y,76(E1),N,-7.686,3
-7.61,-7.664,4,Y,76(E1),P,,
-6.299,-7.423,12,Y,76(E1),Q,-7.734,4
-4.479,-6.055,13,Y,76(E1),R,-5.522,4
-4.532,-6.126,6,Y,76(E1),S,-6.391,3
-6.964,-7.582,5,Y,76(E1),T,-6.805,2
-5.41,-6.989,7,Y,76(E1),V,-8,3
-2.079,-1.723,8,Y,76(E1),W,-1.796,5
0,0,,Y,76(E1),Y,0,
0.3126,0.08598,6,S,77(E1),A,-0.4203,3
-1.024,-0.527,6,S,77(E1),C,-0.7499,1
0.9952,0.2049,7,S,77(E1),D,1.21,2
0.6267,0.1504,5,S,77(E1),E,0.4692,3
-1.509,-0.9757,12,S,77(E1),F,-0.7955,6
-0.744,-0.3347,8,S,77(E1),G,0.0374,4
-1.787,-1.309,6,S,77(E1),H,-1.896,4
-0.5938,-0.2486,9,S,77(E1),I,0.1839,5
-2.42,-2.289,4,S,77(E1),K,-2.256,2
-2.057,-1.69,10,S,77(E1),L,-1.286,4
0.402,0.1063,10,S,77(E1),M,0.2731,3
-1.185,-0.6578,7,S,77(E1),N,-0.3699,4
-6.17,-7.379,9,S,77(E1),P,-7.864,2
1.789,0.2731,8,S,77(E1),Q,-0.4243,5
-0.3055,-0.1116,3,S,77(E1),R,2.032,1
0,0,,S,77(E1),S,0,
0.221,0.06332,8,S,77(E1),T,-0.2035,5
-0.7004,-0.3086,7,S,77(E1),V,-0.2391,5
-2.706,-2.818,11,S,77(E1),W,-2.453,3
-1.417,-0.878,12,S,77(E1),Y,-1.19,5
-6.543,-7.493,8,C,78(E1),*,-7.833,2
-7.481,-7.652,11,C,78(E1),A,-8,6
0,0,,C,78(E1),C,0,
-6.348,-7.438,5,C,78(E1),D,-8,5
-6.135,-7.366,9,C,78(E1),E,-8,3
-5.356,-6.95,9,C,78(E1),F,-8,3
-6.723,-7.535,5,C,78(E1),G,-8,3
-6.752,-7.541,10,C,78(E1),H,-8,7
-6.106,-7.355,12,C,78(E1),I,-8,6
-7.215,-7.62,8,C,78(E1),K,-8,4
-6.944,-7.578,4,C,78(E1),L,-8,2
-7.384,-7.641,8,C,78(E1),M,-8,7
-7.496,-7.653,8,C,78(E1),N,-8,4
-7.546,-7.658,13,C,78(E1),P,-8,7
-6.697,-7.53,17,C,78(E1),Q,-8,11
-6.239,-7.403,10,C,78(E1),R,-8,3
-6.351,-7.439,11,C,78(E1),S,-8,5
-6.312,-7.427,10,C,78(E1),T,-8,6
-6.568,-7.499,6,C,78(E1),V,-7.951,1
-7.35,-7.637,8,C,78(E1),W,-7.996,2
-7.823,-7.682,21,C,78(E1),Y,-8,5
-0.3805,-0.1439,1,K,79(E1),*,,
0.1124,0.03384,7,K,79(E1),A,-0.3571,3
-1.352,-0.8125,9,K,79(E1),C,-1.11,5
-1.387,-0.8472,5,K,79(E1),D,-1.911,1
1.408,0.2469,8,K,79(E1),E,0.9247,3
-0.7545,-0.3412,11,K,79(E1),F,-1.158,3
-1.469,-0.9319,11,K,79(E1),G,-1.961,3
-0.3678,-0.1383,9,K,79(E1),H,-0.2355,5
-0.9156,-0.4472,7,K,79(E1),I,-0.6283,4
0,0,,K,79(E1),K,0,
-0.04573,-0.01479,6,K,79(E1),L,0.3593,3
-0.2326,-0.08207,8,K,79(E1),M,-0.6878,2
-0.4264,-0.1648,17,K,79(E1),N,-0.3652,4
-6.23,-7.4,13,K,79(E1),P,-7.789,5
-0.4332,-0.168,7,K,79(E1),Q,-0.6499,4
-0.5383,-0.2195,13,K,79(E1),R,0.1508,5
-0.8151,-0.3794,6,K,79(E1),S,-1.165,2
0.2526,0.07137,4,K,79(E1),T,0.5513,1
-0.7919,-0.3645,8,K,79(E1),V,-0.1659,4
-1.164,-0.6403,8,K,79(E1),W,-1.937,3
0.6934,0.1617,4,K,79(E1),Y,-0.9272,2
-1.367,-0.8276,11,V,80(E1),A,-1.554,4
-4.782,-6.427,1,V,80(E1),C,-6.743,1
-4.411,-5.963,13,V,80(E1),D,-6.144,6
-2.321,-2.116,3,V,80(E1),E,-2.394,2
-6.83,-7.557,10,V,80(E1),F,-8,5
-2.288,-2.06,1,V,80(E1),G,-2.31,1
-6.511,-7.485,6,V,80(E1),H,-8,6
1.427,0.2484,3,V,80(E1),I,-0.1555,2
-6.003,-7.314,6,V,80(E1),K,-8,3
-1.992,-1.594,12,V,80(E1),L,-2.068,4
-2.986,-3.369,23,V,80(E1),M,-3.785,12
-6.991,-7.586,4,V,80(E1),N,-8,3
-2.618,-2.65,6,V,80(E1),P,-2.673,3
-2.844,-3.086,10,V,80(E1),Q,-3.494,6
-7.019,-7.591,4,V,80(E1),R,-8,3
-2.367,-2.195,8,V,80(E1),S,-2.453,5
-1.409,-0.87,3,V,80(E1),T,-0.7222,2
0,0,,V,80(E1),V,0,
-7.64,-7.667,10,V,80(E1),W,-8,4
-6.869,-7.565,5,V,80(E1),Y,-8,3
-6.999,-7.588,7,F,81(E1),A,-8,3
-7.65,-7.668,9,F,81(E1),C,-8,5
-3.915,-5.177,7,F,81(E1),D,-5.219,4
-2.658,-2.727,2,F,81(E1),E,-3.155,1
0,0,,F,81(E1),F,0,
-5.944,-7.288,8,F,81(E1),G,-7.702,4
-2.185,-1.89,6,F,81(E1),H,-2.206,4
-3.617,-4.629,7,F,81(E1),I,-5.219,3
-5.575,-7.096,6,F,81(E1),K,-7.431,4
-6.136,-7.366,21,F,81(E1),L,-8,7
-4.123,-5.529,11,F,81(E1),M,-5.394,5
-6.976,-7.584,4,F,81(E1),N,-8,3
-6.408,-7.456,12,F,81(E1),P,-8,8
-5.87,-7.255,12,F,81(E1),Q,-8,6
-6.932,-7.576,9,F,81(E1),R,-8,3
-3.747,-4.874,5,F,81(E1),S,-5.984,4
-7.342,-7.636,7,F,81(E1),T,-8,4
-4.763,-6.406,10,F,81(E1),V,-6.849,6
-0.4635,-0.1824,3,F,81(E1),W,-0.3824,2
-0.6658,-0.2886,9,F,81(E1),Y,-0.2589,4
0.741,0.1694,12,T,82(E1),A,0.9868,6
-4.367,-5.9,7,T,82(E1),C,-5.899,5
-1.908,-1.473,3,T,82(E1),D,-1.5,3
-0.5614,-0.2314,7,T,82(E1),E,-0.5071,6
0.154,0.04546,6,T,82(E1),F,0.1748,1
0.4642,0.1194,9,T,82(E1),G,0.3053,5
0.342,0.09285,6,T,82(E1),H,-0.6479,3
-1.017,-0.5211,13,T,82(E1),I,-2.911,1
-1.923,-1.494,6,T,82(E1),K,-2,5
-0.8224,-0.3841,7,T,82(E1),L,-0.4095,7
0.5849,0.1428,8,T,82(E1),M,0.6959,5
1.076,0.2145,12,T,82(E1),N,-0.2143,5
2.201,0.2923,7,T,82(E1),P,0.5626,2
0.2888,0.08027,6,T,82(E1),Q,0.9902,3
-3.092,-3.582,6,T,82(E1),R,-4.519,2
0.911,0.1941,11,T,82(E1),S,-0.1694,6
0,0,,T,82(E1),T,0,
-1.671,-1.162,8,T,82(E1),V,-2.171,4
-0.839,-0.3951,10,T,82(E1),W,-0.5979,9
0.086,0.02619,11,T,82(E1),Y,0.08886,5
-3.088,-3.575,8,G,83(E1),A,-3.458,2
-8.547,-7.721,11,G,83(E1),C,-8,2
-0.364,-0.1366,38,G,83(E1),D,0.2181,8
-2.261,-2.014,6,G,83(E1),E,-2.413,4
-3.853,-5.067,5,G,83(E1),F,-5.284,5
0,0,,G,83(E1),G,0,
-2.707,-2.82,3,G,83(E1),H,-3.206,3
-7.394,-7.642,9,G,83(E1),I,-8,5
-8.281,-7.71,5,G,83(E1),K,-8,1
-5.23,-6.854,11,G,83(E1),L,-6.843,7
-1.867,-1.417,5,G,83(E1),M,-1.687,2
-1.149,-0.6271,5,G,83(E1),N,-0.08134,3
-3.393,-4.189,5,G,83(E1),P,,
-1.855,-1.399,7,G,83(E1),Q,-1.23,3
-3.992,-5.311,9,G,83(E1),R,-5.341,2
-1.029,-0.5305,16,G,83(E1),S,-1.019,4
-2.563,-2.547,7,G,83(E1),T,-2.149,5
-5.154,-6.791,9,G,83(E1),V,-4.613,1
-6.043,-7.33,7,G,83(E1),W,-8,5
-2.372,-2.204,9,G,83(E1),Y,-2.459,6
-5.579,-7.098,11,V,84(E1),A,-7.128,5
-6.522,-7.488,13,V,84(E1),C,-8,9
-7.335,-7.636,5,V,84(E1),D,-8,4
-6.257,-7.409,9,V,84(E1),E,-8,7
-6.378,-7.447,5,V,84(E1),F,-8,3
-6.403,-7.454,9,V,84(E1),G,-8,4
-5.643,-7.137,7,V,84(E1),H,-7.493,4
-2.243,-1.985,11,V,84(E1),I,-2.56,9
-1.98,-1.576,3,V,84(E1),K,,
-7.044,-7.595,10,V,84(E1),L,-8,6
-3.987,-5.302,20,V,84(E1),M,-6.162,4
-7.328,-7.635,5,V,84(E1),N,-8,2
-6.31,-7.426,6,V,84(E1),P,-8,4
-7.14,-7.61,6,V,84(E1),Q,-7.092,2
-6.887,-7.568,10,V,84(E1),R,-8,3
-6.574,-7.501,8,V,84(E1),S,-8,3
-4.209,-5.664,7,V,84(E1),T,-5.385,3
0,0,,V,84(E1),V,0,
-7.308,-7.632,8,V,84(E1),W,-8,7
-6.814,-7.554,6,V,84(E1),Y,-8,4
-5.831,-7.236,1,Y,85(E1),*,,
-7.119,-7.607,5,Y,85(E1),A,-7.936,2
-6.796,-7.551,10,Y,85(E1),C,-7.897,4
-6.427,-7.462,5,Y,85(E1),D,-8,1
-6.91,-7.572,3,Y,85(E1),E,-8,3
-5.563,-7.089,9,Y,85(E1),F,-8,3
-7.376,-7.64,9,Y,85(E1),G,-8,6
-7.545,-7.658,18,Y,85(E1),H,-8,2
-6.135,-7.366,6,Y,85(E1),I,-8,5
-5.411,-6.989,5,Y,85(E1),K,-7.386,4
-6.944,-7.578,11,Y,85(E1),L,-8,7
-5.887,-7.263,6,Y,85(E1),M,-7.429,5
-6.921,-7.574,8,Y,85(E1),N,-8,3
-6.306,-7.425,3,Y,85(E1),P,-8,1
-7.023,-7.592,7,Y,85(E1),Q,-8,6
-6.69,-7.528,8,Y,85(E1),R,-8,5
-4.543,-6.14,7,Y,85(E1),S,-5.752,3
-6.933,-7.576,9,Y,85(E1),T,-8,6
-7.294,-7.63,7,Y,85(E1),V,-8,3
-7.336,-7.636,9,Y,85(E1),W,-8,6
0,0,,Y,85(E1),Y,0,
-3.423,-4.249,7,P,86(E1),A,-4.7,3
-6.745,-7.54,3,P,86(E1),C,-8,3
-5.388,-6.973,6,P,86(E1),D,-5.023,2
-5.174,-6.808,7,P,86(E1),E,-7.168,2
-7.114,-7.606,6,P,86(E1),F,-8,4
-7.121,-7.607,8,P,86(E1),G,-8,4
-6.969,-7.583,8,P,86(E1),H,-8,3
-20.27,-7.758,3,P,86(E1),I,-8,3
-5.886,-7.262,5,P,86(E1),K,-7.782,4
-7.099,-7.604,5,P,86(E1),L,-8,2
-7.202,-7.618,10,P,86(E1),M,-8,6
-6.952,-7.58,5,P,86(E1),N,-8,1
0,0,,P,86(E1),P,0,
-5.338,-6.937,4,P,86(E1),Q,-6.584,3
-6.18,-7.382,3,P,86(E1),R,-8,1
-4.696,-6.329,3,P,86(E1),S,-6.61,1
-7.273,-7.628,5,P,86(E1),T,-8,2
-5.834,-7.238,4,P,86(E1),V,-8,3
-6.712,-7.533,4,P,86(E1),W,-8,3
-7.032,-7.593,6,P,86(E1),Y,-8,3
-4.244,-5.719,1,F,87(E1),-,,
-6.561,-7.497,8,F,87(E1),A,-8,7
-6.249,-7.406,6,F,87(E1),C,-8,4
-7.184,-7.616,10,F,87(E1),D,-8,7
-6.017,-7.32,9,F,87(E1),E,-8,6
0,0,,F,87(E1),F,0,
-4.599,-6.212,3,F,87(E1),G,-6.477,1
-6.753,-7.542,8,F,87(E1),H,-8,6
-8.296,-7.71,17,F,87(E1),I,-8,7
-8.387,-7.714,5,F,87(E1),K,-8,1
-2.252,-2,14,F,87(E1),L,-2.508,5
-1.826,-1.361,3,F,87(E1),M,-1.822,2
-7.247,-7.624,6,F,87(E1),N,-8,4
-6.813,-7.554,6,F,87(E1),P,-8,5
-6.186,-7.384,2,F,87(E1),Q,,
-5.87,-7.255,5,F,87(E1),R,-7.358,1
-11.92,-7.756,8,F,87(E1),S,-7.428,2
-7.159,-7.612,9,F,87(E1),T,-8,4
-7.834,-7.683,11,F,87(E1),V,-8,7
-6.909,-7.572,5,F,87(E1),W,-8,2
-2.943,-3.283,5,F,87(E1),Y,-3.212,2
-3.26,-3.922,6,M,88(E1),A,-4.196,6
-5.192,-6.823,9,M,88(E1),C,-6.803,5
-6.947,-7.579,7,M,88(E1),D,-8,6
-6.089,-7.349,11,M,88(E1),E,-8,4
-3.582,-4.561,6,M,88(E1),F,-5.059,5
-7.198,-7.618,6,M,88(E1),G,-8,3
-5.761,-7.2,10,M,88(E1),H,-8,6
-4.262,-5.746,18,M,88(E1),I,-6.276,5
-6.93,-7.576,9,M,88(E1),K,-8,2
-2.182,-1.885,6,M,88(E1),L,-2.074,3
0,0,,M,88(E1),M,0,
-6.027,-7.324,11,M,88(E1),N,-8,6
-7.106,-7.605,7,M,88(E1),P,-8,5
-7.298,-7.631,10,M,88(E1),Q,-8,6
-5.98,-7.304,12,M,88(E1),R,-8,10
-6.546,-7.494,4,M,88(E1),S,-8,1
-4.804,-6.452,12,M,88(E1),T,-6.875,6
-2.324,-2.121,5,M,88(E1),V,,
-4.524,-6.115,7,M,88(E1),W,-5.829,3
-2.428,-2.302,11,M,88(E1),Y,-2.392,8
-6.79,-7.549,13,W,89(E1),*,-8,3
-5.922,-7.279,6,W,89(E1),A,-8,3
-6.648,-7.518,9,W,89(E1),C,-8,4
-10.21,-7.751,1,W,89(E1),D,,
-7.722,-7.674,3,W,89(E1),E,-7.5,1
-7.147,-7.611,13,W,89(E1),F,-8,5
-6.452,-7.469,12,W,89(E1),G,-8,8
-6.982,-7.585,18,W,89(E1),H,-8,13
-7.28,-7.629,9,W,89(E1),I,-8,7
-6.157,-7.374,9,W,89(E1),K,-8,6
-7.418,-7.645,18,W,89(E1),L,-8,8
-6.285,-7.418,6,W,89(E1),M,-8,5
-7.389,-7.642,9,W,89(E1),N,-8,7
-7.367,-7.639,9,W,89(E1),P,-8,7
-7.115,-7.606,5,W,89(E1),Q,-8,4
-6.939,-7.577,11,W,89(E1),R,-8,5
-5.698,-7.167,4,W,89(E1),S,-8,2
-6.632,-7.515,5,W,89(E1),T,-8,5
-7.088,-7.602,6,W,89(E1),V,-8,4
0,0,,W,89(E1),W,0,
-6.832,-7.558,6,W,89(E1),Y,-8,2
0.4335,0.1131,1,G,90(E1),-,,
-7.204,-7.619,8,G,90(E1),A,-8,5
-5.831,-7.236,13,G,90(E1),C,-8,3
-7.542,-7.658,17,G,90(E1),D,-8,3
-6.801,-7.552,9,G,90(E1),E,-8,3
-6.584,-7.503,4,G,90(E1),F,-8,1
0,0,,G,90(E1),G,0,
-6.518,-7.486,10,G,90(E1),H,-8,6
-12.67,-7.757,7,G,90(E1),I,-8,5
-8.554,-7.721,13,G,90(E1),K,-8,5
-6.783,-7.548,6,G,90(E1),L,-8,4
-6.768,-7.545,12,G,90(E1),M,-8,7
-6.752,-7.541,10,G,90(E1),N,-8,6
-7.52,-7.656,5,G,90(E1),P,-8,1
-7.593,-7.663,12,G,90(E1),Q,-8,5
-10.54,-7.753,8,G,90(E1),R,-8,2
-7.49,-7.653,15,G,90(E1),S,-8,5
-5.299,-6.908,10,G,90(E1),T,-7.408,6
-6.608,-7.509,12,G,90(E1),V,-8,6
-6.781,-7.547,4,G,90(E1),W,-8,2
-7.626,-7.666,12,G,90(E1),Y,-8,9
-1.595,-1.073,3,G,91(E1),*,,
-0.3725,-0.1404,1,G,91(E1),-,,
-6.6,-7.507,10,G,91(E1),A,-8,6
-9.359,-7.741,4,G,91(E1),C,-8,2
-5.436,-7.006,9,G,91(E1),D,-7.099,3
-6.414,-7.458,9,G,91(E1),E,-7.867,2
-6.431,-7.463,14,G,91(E1),F,-8,6
0,0,,G,91(E1),G,0,
-4.778,-6.423,1,G,91(E1),H,,
-7.247,-7.624,7,G,91(E1),I,-8,4
-7.107,-7.605,5,G,91(E1),K,-8,4
-7.24,-7.624,5,G,91(E1),L,-8,2
-7.598,-7.663,9,G,91(E1),M,-8,6
-6.518,-7.487,8,G,91(E1),N,-8,5
-5.484,-7.039,4,G,91(E1),P,,
-6.701,-7.531,12,G,91(E1),Q,-8,4
-7.632,-7.667,20,G,91(E1),R,-8,4
-7.011,-7.59,9,G,91(E1),S,-8,3
-6.165,-7.377,8,G,91(E1),T,-8,6
-6.948,-7.579,9,G,91(E1),V,-8,2
-7.252,-7.625,5,G,91(E1),W,-8,4
-7.103,-7.604,9,G,91(E1),Y,-8,1
-0.2079,-0.07253,1,A,92(E1),-,,
0,0,,A,92(E1),A,0,
-6.196,-7.388,2,A,92(E1),C,-7.643,2
-3.269,-3.94,17,A,92(E1),D,-3.419,5
-7.573,-7.661,13,A,92(E1),E,-7.856,2
-7.046,-7.595,9,A,92(E1),F,-7.357,3
-2.1,-1.756,6,A,92(E1),G,-1.86,5
-3.884,-5.124,6,A,92(E1),H,-5.375,4
-7.619,-7.665,6,A,92(E1),I,-8,2
-6.949,-7.579,6,A,92(E1),K,-8,3
-5.74,-7.19,13,A,92(E1),L,-8,6
-4.225,-5.689,9,A,92(E1),M,-6.067,4
-2.052,-1.682,10,A,92(E1),N,-1.93,4
-6.436,-7.464,8,A,92(E1),P,-8,6
-4.103,-5.497,5,A,92(E1),Q,,
-5.298,-6.907,6,A,92(E1),R,-8,5
-2.623,-2.66,11,A,92(E1),S,-3,2
-6.883,-7.567,11,A,92(E1),T,-8,2
-8.731,-7.727,15,A,92(E1),V,-8,7
-5.754,-7.197,3,A,92(E1),W,-8,1
-3.379,-4.161,7,A,92(E1),Y,-4.376,3
-6.411,-7.457,2,Y,93(E1),*,,
0.7793,0.1753,1,Y,93(E1),-,,
-3.955,-5.247,7,Y,93(E1),A,-5.867,5
-6.768,-7.545,3,Y,93(E1),C,-8,2
-6.591,-7.505,12,Y,93(E1),D,-8,4
-5.584,-7.101,11,Y,93(E1),E,-8,5
-1.686,-1.181,5,Y,93(E1),F,-1.509,4
-5.96,-7.295,9,Y,93(E1),G,-8,5
-5.155,-6.792,8,Y,93(E1),H,-7.072,4
-2.328,-2.127,8,Y,93(E1),I,-2.473,3
-6.149,-7.371,11,Y,93(E1),K,-8,5
-1.924,-1.495,5,Y,93(E1),L,-1.676,2
-2.082,-1.729,9,Y,93(E1),M,-3.259,5
-5.848,-7.244,8,Y,93(E1),N,-8,2
-5.77,-7.205,5,Y,93(E1),P,-8,3
-3.655,-4.7,2,Y,93(E1),Q,-4.251,1
-6.796,-7.551,4,Y,93(E1),R,-8,2
-5.934,-7.284,6,Y,93(E1),S,-6.123,2
-3.516,-4.433,7,Y,93(E1),T,-4.908,5
-1.027,-0.529,12,Y,93(E1),V,-0.346,4
-3.908,-5.166,4,Y,93(E1),W,-5.637,2
0,0,,Y,93(E1),Y,0,
-5.948,-7.29,3,C,94(E1),*,-8,1
-4.356,-5.885,4,C,94(E1),-,,
-9.209,-7.739,5,C,94(E1),A,-8,3
0,0,,C,94(E1),C,0,
-6.387,-7.45,6,C,94(E1),D,-7.933,3
-7.097,-7.603,8,C,94(E1),E,-8,5
-7.755,-7.677,12,C,94(E1),F,-8,5
-6.813,-7.554,6,C,94(E1),G,-8,3
-5.544,-7.077,4,C,94(E1),H,-7.18,3
-7.55,-7.659,3,C,94(E1),I,-8,1
-6.878,-7.566,8,C,94(E1),K,-8,6
-5.912,-7.274,8,C,94(E1),L,-7.885,8
-6.846,-7.56,10,C,94(E1),M,-8,7
-5.802,-7.222,9,C,94(E1),N,-8,5
-6.511,-7.485,11,C,94(E1),P,-8,6
-5.532,-7.069,7,C,94(E1),Q,-8,3
-6.913,-7.573,14,C,94(E1),R,-8,4
-6.395,-7.452,9,C,94(E1),S,-8,5
-6.904,-7.571,5,C,94(E1),T,-8,3
-7.246,-7.624,10,C,94(E1),V,-8,5
-7.309,-7.632,7,C,94(E1),W,-8,5
-6.651,-7.519,18,C,94(E1),Y,-8,4
-0.5284,-0.2145,1,F,95(E1),-,,
-6.253,-7.408,15,F,95(E1),A,-8,8
-3.863,-5.085,5,F,95(E1),C,,
-6.876,-7.566,9,F,95(E1),D,-8,3
-6.97,-7.583,4,F,95(E1),E,-8,3
0,0,,F,95(E1),F,0,
-7.413,-7.645,9,F,95(E1),G,-8,3
-6.927,-7.575,7,F,95(E1),H,-8,5
-3.578,-4.554,13,F,95(E1),I,-4.805,2
-7.531,-7.657,7,F,95(E1),K,-8,4
-2.875,-3.147,12,F,95(E1),L,-3.88,3
-5.711,-7.174,11,F,95(E1),M,-8,8
-7.076,-7.6,7,F,95(E1),N,-8,4
-7.249,-7.625,5,F,95(E1),P,-8,4
-7.147,-7.611,9,F,95(E1),Q,-8,4
-7.12,-7.607,6,F,95(E1),S,-7.542,4
-5.806,-7.224,5,F,95(E1),T,-8,2
-3.743,-4.866,10,F,95(E1),V,-5.55,3
-0.2439,-0.0865,6,F,95(E1),W,-0.04787,3
-6.467,-7.473,12,F,95(E1),Y,-7.849,3
-0.8979,-0.4349,1,C,96(E1),*,,
-0.636,-0.2717,1,C,96(E1),-,,
-7.047,-7.596,8,C,96(E1),A,-8,3
0,0,,C,96(E1),C,0,
-5.85,-7.245,6,C,96(E1),D,-6.943,2
-6.86,-7.563,4,C,96(E1),E,-8,2
-7.183,-7.616,11,C,96(E1),F,-8,5
-6.98,-7.585,3,C,96(E1),G,-8,3
-5.47,-7.03,10,C,96(E1),H,-7.108,3
-8.244,-7.708,10,C,96(E1),I,-7.51,2
-7.08,-7.601,6,C,96(E1),K,-8,3
-7.237,-7.623,7,C,96(E1),L,-8,5
-7.27,-7.627,6,C,96(E1),M,-8,3
-6.341,-7.436,7,C,96(E1),N,-8,4
-6.652,-7.519,9,C,96(E1),P,-8,7
-7.379,-7.641,9,C,96(E1),Q,-8,5
-6.905,-7.571,11,C,96(E1),R,-8,3
-7.145,-7.61,8,C,96(E1),S,-8,2
-7.415,-7.645,5,C,96(E1),T,-8,3
-6.421,-7.46,5,C,96(E1),V,-8,5
-7.065,-7.598,14,C,96(E1),W,-8,8
-6.747,-7.541,17,C,96(E1),Y,-8,9
-0.854,-0.405,1,D,97(E1),-,,
-3.199,-3.8,6,D,97(E1),A,-4.299,5
-6.392,-7.451,12,D,97(E1),C,-8,9
0,0,,D,97(E1),D,0,
-0.299,-0.1088,14,D,97(E1),E,0.2873,4
-7.253,-7.625,4,D,97(E1),F,-8,4
-6.836,-7.558,7,D,97(E1),G,,
-2.629,-2.672,11,D,97(E1),H,-2.626,7
-3.028,-3.454,5,D,97(E1),I,-3.849,1
-4.661,-6.287,8,D,97(E1),K,-6.813,5
-3.574,-4.545,2,D,97(E1),L,,
-3.008,-3.414,6,D,97(E1),M,-4.501,3
-1.801,-1.328,12,D,97(E1),N,-2.365,1
-5.482,-7.037,9,D,97(E1),P,-7.377,4
-3.243,-3.888,8,D,97(E1),Q,-4.072,4
-6.87,-7.565,13,D,97(E1),R,-8,5
-2.479,-2.394,11,D,97(E1),S,-2.96,5
-2.243,-1.984,9,D,97(E1),T,-2.173,7
-2.479,-2.393,9,D,97(E1),V,-2.801,6
-6.645,-7.518,9,D,97(E1),W,-7.85,5
-3.897,-5.146,7,D,97(E1),Y,-5.396,6
-0.3683,-0.1385,1,T,98(E1),-,,
0.2249,0.06433,5,T,98(E1),A,-1.649,1
-6.156,-7.374,9,T,98(E1),C,,
-0.5468,-0.2238,5,T,98(E1),D,-0.5508,5
-2.257,-2.008,6,T,98(E1),E,-2.598,2
-1.787,-1.309,7,T,98(E1),F,-2.858,3
-1.936,-1.512,6,T,98(E1),G,-1.544,5
-2.746,-2.895,2,T,98(E1),H,-3.148,2
-1.513,-0.9802,17,T,98(E1),I,-1.304,4
-3.498,-4.397,6,T,98(E1),K,-4.67,3
-1.58,-1.055,5,T,98(E1),L,-0.7428,3
-1.094,-0.5819,6,T,98(E1),M,0.7195,1
-0.6515,-0.2804,9,T,98(E1),N,-0.3751,4
-2.355,-2.174,14,T,98(E1),P,-2.107,6
-1.419,-0.8803,5,T,98(E1),Q,-1.713,2
-2.805,-3.01,3,T,98(E1),R,-3.404,1
-1.579,-1.054,4,T,98(E1),S,-1.673,3
0,0,,T,98(E1),T,0,
-0.8113,-0.377,16,T,98(E1),V,-0.4817,8
-2.679,-2.767,8,T,98(E1),W,-2.773,5
-1.811,-1.341,8,T,98(E1),Y,-1.905,5
-5.362,-6.954,5,E,99(E1),*,,
-4.431,-5.99,8,E,99(E1),A,-6.058,3
-7.343,-7.637,8,E,99(E1),C,-8,4
-2.277,-2.041,10,E,99(E1),D,-2.079,3
0,0,,E,99(E1),E,0,
-2.28,-2.046,5,E,99(E1),F,-2.111,3
-7.55,-7.659,8,E,99(E1),G,-8,3
-2.838,-3.075,8,E,99(E1),H,-4.392,4
-4.318,-5.829,6,E,99(E1),I,-5.904,3
-7.69,-7.672,19,E,99(E1),K,-8,4
-4.099,-5.49,5,E,99(E1),L,-5.964,3
-6.776,-7.547,4,E,99(E1),M,-8,2
-6.522,-7.487,4,E,99(E1),N,-8,3
-6.968,-7.583,10,E,99(E1),P,-8,7
-2.084,-1.732,4,E,99(E1),Q,-1.943,2
-7.167,-7.614,7,E,99(E1),R,-8,2
-4.693,-6.326,5,E,99(E1),S,-6.436,3
-5.788,-7.214,9,E,99(E1),T,-7.733,5
-5.048,-6.697,17,E,99(E1),V,-6.862,9
-3.199,-3.799,5,E,99(E1),W,-4.025,2
-5.188,-6.82,7,E,99(E1),Y,-7.174,5
-6.872,-7.565,10,N,100(E1),A,-8,5
-5.731,-7.185,3,N,100(E1),C,-2.311,1
-7.361,-7.639,7,N,100(E1),D,-8,2
-7.315,-7.633,10,N,100(E1),E,-8,2
-6.541,-7.492,10,N,100(E1),F,-8,6
-6.012,-7.317,6,N,100(E1),G,-8,4
-6.604,-7.508,5,N,100(E1),H,-8,1
-6.972,-7.583,14,N,100(E1),I,-8,7
-7.798,-7.68,14,N,100(E1),K,-8,7
-6.066,-7.34,5,N,100(E1),L,-8,3
-5.96,-7.295,13,N,100(E1),M,-8,9
0,0,,N,100(E1),N,0,
-7.001,-7.588,4,N,100(E1),P,-8,3
-7.45,-7.649,8,N,100(E1),Q,-8,6
-6.065,-7.339,7,N,100(E1),R,-8,6
-6.211,-7.393,3,N,100(E1),S,-8,1
-5.384,-6.97,5,N,100(E1),T,-8,3
-6.361,-7.442,4,N,100(E1),V,-8,1
-5.86,-7.25,9,N,100(E1),W,-7.759,6
-5.891,-7.264,9,N,100(E1),Y,-8,5
-0.6104,-0.2576,7,T,101(E1),A,-0.07854,4
-2.063,-1.7,5,T,101(E1),C,-1.856,5
1.325,0.2398,11,T,101(E1),D,-0.9465,6
-0.2901,-0.1052,7,T,101(E1),E,0.5837,5
-7,-7.588,4,T,101(E1),F,-8,3
-2.828,-3.055,7,T,101(E1),G,-3.017,5
-2.172,-1.87,8,T,101(E1),H,-1.637,5
-1.259,-0.7238,13,T,101(E1),I,-0.6996,6
-5.627,-7.127,4,T,101(E1),K,-8,1
-5.531,-7.069,7,T,101(E1),L,-7.377,5
-0.6207,-0.2633,5,T,101(E1),M,-0.06663,3
-0.5541,-0.2276,6,T,101(E1),N,-1.005,1
-7.443,-7.648,11,T,101(E1),P,-8,8
-1.682,-1.177,3,T,101(E1),Q,-1.439,2
-5.971,-7.3,10,T,101(E1),R,-8,6
-0.7443,-0.3349,5,T,101(E1),S,-0.3629,2
0,0,,T,101(E1),T,0,
4.045,0.3242,5,T,101(E1),V,-0.1288,2
-7.392,-7.642,7,T,101(E1),W,-8,5
-5.479,-7.036,13,T,101(E1),Y,-8,5
-2.94,-3.277,9,Q,102(E1),*,-4.139,2
-7.261,-7.626,11,Q,102(E1),A,-8,8
-7.538,-7.658,7,Q,102(E1),C,-8,4
-6.328,-7.432,12,Q,102(E1),D,-8,7
-6.808,-7.553,11,Q,102(E1),E,-8,4
-7.922,-7.689,11,Q,102(E1),F,-8,5
-5.71,-7.174,6,Q,102(E1),G,-7.486,2
-7.383,-7.641,15,Q,102(E1),H,-8,7
-7.54,-7.658,9,Q,102(E1),I,-8,5
-7.576,-7.661,15,Q,102(E1),K,-8,3
-7.489,-7.653,12,Q,102(E1),L,-8,7
-5.76,-7.2,11,Q,102(E1),M,-7.96,6
-8.964,-7.733,8,Q,102(E1),N,-7.614,2
-7.261,-7.626,9,Q,102(E1),P,-8,2
0,0,,Q,102(E1),Q,0,
-6.72,-7.535,10,Q,102(E1),R,-8,4
-7.279,-7.629,9,Q,102(E1),S,-8,3
-7.1,-7.604,5,Q,102(E1),T,-8,3
-7.702,-7.673,9,Q,102(E1),V,-8,3
-7.27,-7.627,8,Q,102(E1),W,-8,6
-6.633,-7.515,7,Q,102(E1),Y,-8,4
-4.506,-6.092,2,L,103(E1),A,-6.77,1
-4.101,-5.494,5,L,103(E1),C,-6.23,3
-5.849,-7.245,7,L,103(E1),D,-7.498,2
-1.628,-1.111,3,L,103(E1),E,-1.885,2
-3.642,-4.677,9,L,103(E1),F,-4.795,4
-5.781,-7.211,4,L,103(E1),G,-8,3
-6.518,-7.486,6,L,103(E1),H,-8,4
-2.437,-2.318,3,L,103(E1),I,-2.384,3
-2.476,-2.388,2,L,103(E1),K,-3.824,2
0,0,,L,103(E1),L,0,
-0.8932,-0.4316,13,L,103(E1),M,-1.897,4
-6.849,-7.561,3,L,103(E1),N,-8,2
-12.16,-7.757,8,L,103(E1),P,-8,5
-1.762,-1.276,12,L,103(E1),Q,-1.612,6
-1.32,-0.7811,5,L,103(E1),R,-3.171,2
-3.751,-4.882,5,L,103(E1),S,-4.351,1
-1.859,-1.406,15,L,103(E1),T,-1.74,8
0.04815,0.01492,3,L,103(E1),V,-2.115,1
-5.783,-7.212,4,L,103(E1),W,-8,3
-3.747,-4.875,4,L,103(E1),Y,-5.214,3
-3.679,-4.746,3,S,104(E1),A,,
-2.435,-2.314,9,S,104(E1),C,-2.466,5
-5.408,-6.987,5,S,104(E1),D,-7.556,3
-1.998,-1.603,10,S,104(E1),E,-2.248,4
-6.253,-7.408,13,S,104(E1),F,-8,5
-2.903,-3.204,5,S,104(E1),G,-3.294,2
-6.991,-7.586,10,S,104(E1),H,-8,3
-6.815,-7.554,15,S,104(E1),I,-8,3
-6.317,-7.428,5,S,104(E1),K,-8,3
-6.911,-7.573,6,S,104(E1),L,-8,2
-6.838,-7.559,6,S,104(E1),M,-8,4
-6.812,-7.554,16,S,104(E1),N,-8,3
-6.868,-7.565,10,S,104(E1),P,-8,4
-3.344,-4.091,2,S,104(E1),Q,-4.085,1
-6.241,-7.404,17,S,104(E1),R,-8,6
0,0,,S,104(E1),S,0,
-2.72,-2.844,8,S,104(E1),T,-2.869,1
-6.892,-7.569,5,S,104(E1),V,-8,2
-6.213,-7.394,2,S,104(E1),W,,
-7.428,-7.646,12,S,104(E1),Y,-8,5
-3.073,-3.544,5,E,105(E1),*,,
-0.7597,-0.3443,1,E,105(E1),-,,
-3.352,-4.107,11,E,105(E1),A,-5.913,6
-6.606,-7.509,7,E,105(E1),C,-8,6
-3.522,-4.444,9,E,105(E1),D,-5.015,4
0,0,,E,105(E1),E,0,
-4.246,-5.721,8,E,105(E1),F,-5.572,5
-7.887,-7.687,9,E,105(E1),G,-8,3
-4.17,-5.603,7,E,105(E1),H,-5.95,3
-4.005,-5.333,11,E,105(E1),I,-5.627,6
-6.61,-7.51,13,E,105(E1),K,-8,5
-5.205,-6.834,7,E,105(E1),L,-6.461,2
-3.852,-5.065,8,E,105(E1),M,-5.394,7
-7.697,-7.672,10,E,105(E1),N,-8,4
-7.338,-7.636,16,E,105(E1),P,-8,4
-9.382,-7.742,4,E,105(E1),Q,-8,1
-4.152,-5.575,14,E,105(E1),R,-6.221,7
-3.044,-3.487,11,E,105(E1),S,-3.795,6
-3.428,-4.258,8,E,105(E1),T,-4.088,3
-3.102,-3.603,8,E,105(E1),V,-3.75,6
-3.508,-4.418,7,E,105(E1),W,-5.446,4
-3.701,-4.788,7,E,105(E1),Y,-5.36,5
-6.059,-7.337,1,A,106(E1),*,-7.938,1
-1.187,-0.6601,1,A,106(E1),-,,
0,0,,A,106(E1),A,0,
-2.43,-2.306,13,A,106(E1),C,-2.357,7
-7.1,-7.604,9,A,106(E1),D,-8,1
-7.074,-7.6,4,A,106(E1),E,-8,1
-6.795,-7.55,6,A,106(E1),F,-8,3
-1.425,-0.8864,3,A,106(E1),G,-1.538,3
-7.28,-7.629,5,A,106(E1),H,-8,3
-1.716,-1.218,7,A,106(E1),I,-1.083,3
-6.722,-7.535,9,A,106(E1),K,-8,7
-2.258,-2.01,4,A,106(E1),L,-2.35,3
-3.059,-3.516,9,A,106(E1),M,-3.83,4
-6.844,-7.56,11,A,106(E1),N,-8,8
-4.31,-5.818,5,A,106(E1),P,-6.108,3
-5.951,-7.291,5,A,106(E1),Q,-8,3
-6.484,-7.477,8,A,106(E1),R,-8,4
-1.968,-1.558,13,A,106(E1),S,-1.548,4
-5.229,-6.854,24,A,106(E1),T,-3.527,6
-2.417,-2.283,16,A,106(E1),V,-1.35,3
-6.315,-7.428,9,A,106(E1),W,-8,5
-5.748,-7.194,8,A,106(E1),Y,-8,4
-0.9814,-0.4947,1,H,107(E1),-,,
-2.861,-3.12,4,H,107(E1),A,-3.026,3
-4.147,-5.567,10,H,107(E1),C,-4.909,6
-7.756,-7.677,9,H,107(E1),D,-7.629,6
-7.56,-7.66,5,H,107(E1),E,-8,1
-1.556,-1.028,9,H,107(E1),F,-1.105,3
-5.449,-7.016,9,H,107(E1),G,-7.319,6
0,0,,H,107(E1),H,0,
-5.744,-7.192,8,H,107(E1),I,-7.856,6
-3.663,-4.717,6,H,107(E1),K,-4.243,3
-4.482,-6.059,4,H,107(E1),L,-6.705,4
-2.918,-3.233,7,H,107(E1),M,-3.447,3
-1.57,-1.043,7,H,107(E1),N,-2.078,3
-6.775,-7.546,32,H,107(E1),P,-8,12
-4.221,-5.684,11,H,107(E1),Q,-5.763,7
-2.898,-3.195,8,H,107(E1),R,-3.095,2
-1.257,-0.722,3,H,107(E1),S,-0.9715,1
-3.113,-3.625,5,H,107(E1),T,,
-5.274,-6.889,9,H,107(E1),V,-7.306,6
1.664,0.2656,3,H,107(E1),W,-1.586,2
-2.067,-1.705,7,H,107(E1),Y,-2.107,5
-1.849,-1.391,1,V,108(E1),-,,
-2.704,-2.814,13,V,108(E1),A,-2.484,3
-2.691,-2.789,4,V,108(E1),C,-3.309,1
-6.205,-7.391,2,V,108(E1),D,-8,1
-7.059,-7.597,8,V,108(E1),E,-8,3
-6.209,-7.393,5,V,108(E1),F,-8,4
-7.301,-7.631,10,V,108(E1),G,-8,6
-6.221,-7.397,8,V,108(E1),H,-8,3
-1.029,-0.5309,9,V,108(E1),I,-0.5782,6
-6.959,-7.581,6,V,108(E1),K,-8,4
-2.404,-2.259,18,V,108(E1),L,-2.966,3
-7.058,-7.597,20,V,108(E1),M,-8,6
-7.56,-7.66,10,V,108(E1),N,-8,7
-9.969,-7.749,8,V,108(E1),P,-8,4
-7.055,-7.597,10,V,108(E1),Q,-8,2
-7.228,-7.622,7,V,108(E1),R,-8,5
-0.07035,-0.02302,2,V,108(E1),S,,
-1.905,-1.468,10,V,108(E1),T,-1.797,7
0,0,,V,108(E1),V,0,
-6.331,-7.433,1,V,108(E1),W,-8,1
-6.113,-7.358,6,V,108(E1),Y,-8,3
-4.459,-6.029,2,E,109(E1),*,,
-0.3053,-0.1115,2,E,109(E1),-,,
-1.281,-0.7441,1,E,109(E1),A,,
-1.531,-1,6,E,109(E1),C,-1.403,4
0.1747,0.0511,8,E,109(E1),D,0.3363,3
0,0,,E,109(E1),E,0,
0.08829,0.02686,4,E,109(E1),F,-1.151,1
-0.3512,-0.131,8,E,109(E1),G,-1.069,5
-1.443,-0.9045,9,E,109(E1),H,-1.284,4
-2.249,-1.995,6,E,109(E1),I,-1.641,3
-1.617,-1.098,66,E,109(E1),K,-1.268,9
-1.361,-0.8216,6,E,109(E1),L,-0.8246,3
-1.674,-1.167,3,E,109(E1),M,-1.42,2
-0.4761,-0.1884,4,E,109(E1),N,-0.2086,1
-6.04,-7.329,7,E,109(E1),P,-8,5
2.335,0.297,6,E,109(E1),Q,0.5244,3
-2.603,-2.623,3,E,109(E1),R,-2.402,3
-1.05,-0.5467,5,E,109(E1),S,-1.224,2
-1.568,-1.042,8,E,109(E1),T,-1.822,6
-0.7239,-0.3225,8,E,109(E1),V,-0.4314,3
-2.635,-2.682,4,E,109(E1),W,-2.506,3
-2.506,-2.443,3,E,109(E1),Y,-5.223,2
0.1286,0.03843,1,K,110(E1),*,,
-0.1059,-0.03522,2,K,110(E1),-,,
-2.117,-1.783,7,K,110(E1),A,-1.745,1
-4.397,-5.944,7,K,110(E1),C,-6.239,2
-6.329,-7.432,7,K,110(E1),D,-8,5
-2.673,-2.754,7,K,110(E1),E,-2.516,4
-3.252,-3.906,5,K,110(E1),F,-3.8,4
-3.816,-5.001,6,K,110(E1),G,-5.277,2
-2.078,-1.722,5,K,110(E1),H,-2.17,4
-3.331,-4.066,4,K,110(E1),I,-5.928,2
0,0,,K,110(E1),K,0,
-3.29,-3.983,5,K,110(E1),L,-1.488,1
-2.696,-2.798,5,K,110(E1),M,-8,1
-3.074,-3.546,12,K,110(E1),N,-3.822,5
-2.67,-2.748,7,K,110(E1),P,-3.211,5
-1.671,-1.163,3,K,110(E1),Q,-1.593,2
-2.335,-2.14,9,K,110(E1),R,-2.133,3
-2.92,-3.238,9,K,110(E1),S,-4.538,5
-3.263,-3.929,8,K,110(E1),T,-3.989,5
-2.789,-2.979,6,K,110(E1),V,-3.093,4
-2.894,-3.185,12,K,110(E1),W,-3.316,10
-2.924,-3.246,11,K,110(E1),Y,-3.416,5
-0.7314,-0.3271,2,S,111(E1),-,,
-1.813,-1.343,6,S,111(E1),A,-1.439,3
-2.709,-2.823,5,S,111(E1),C,-2.972,1
-6.864,-7.564,5,S,111(E1),D,-8,3
-2.522,-2.473,7,S,111(E1),E,-2.521,3
-7.174,-7.615,5,S,111(E1),F,-8,4
-0.3781,-0.1429,14,S,111(E1),G,-0.4799,6
-4.774,-6.419,7,S,111(E1),H,-6.709,5
-3.328,-4.059,7,S,111(E1),I,-5.684,2
-4.54,-6.136,6,S,111(E1),K,-6.803,3
-3.001,-3.399,9,S,111(E1),L,-3.452,3
5.48,0.3288,4,S,111(E1),M,-1.546,2
-4.221,-5.683,19,S,111(E1),N,-6.272,5
2.891,0.3112,7,S,111(E1),P,0.9568,3
-2.104,-1.762,7,S,111(E1),Q,-1.758,5
-2.828,-3.054,7,S,111(E1),R,-3.871,3
0,0,,S,111(E1),S,0,
-1.121,-0.6044,13,S,111(E1),T,0.009538,7
-2.621,-2.657,6,S,111(E1),V,-2.818,5
-8.848,-7.73,6,S,111(E1),W,-8,1
-5.175,-6.809,8,S,111(E1),Y,-6.516,5
-4.303,-5.808,3,E,112(E1),*,-6.093,1
-1.437,-0.8989,2,E,112(E1),-,,
-0.4694,-0.1852,8,E,112(E1),A,-0.5595,5
-2.37,-2.2,9,E,112(E1),C,-1.672,4
-1.368,-0.8281,15,E,112(E1),D,-1.089,5
0,0,,E,112(E1),E,0,
1.312,0.2386,6,E,112(E1),F,1.225,2
-1.14,-0.6201,7,E,112(E1),G,-0.2354,2
0.3444,0.09341,7,E,112(E1),H,0.5468,3
-1.201,-0.6721,11,E,112(E1),I,-1.072,7
-4.608,-6.222,14,E,112(E1),K,-6.814,3
-2.794,-2.989,6,E,112(E1),L,-2.408,1
-1.184,-0.657,12,E,112(E1),M,-1.045,7
-2.421,-2.291,4,E,112(E1),N,,
-1.594,-1.071,4,E,112(E1),P,-1.692,1
-2.355,-2.174,8,E,112(E1),Q,-2.066,4
-4.264,-5.748,4,E,112(E1),R,-6.463,2
-0.8639,-0.4116,5,E,112(E1),S,-0.7933,4
-1.483,-0.9475,6,E,112(E1),T,-1.136,3
-1.752,-1.264,6,E,112(E1),V,-1.789,3
1.961,0.2821,4,E,112(E1),W,0.1669,4
0.9319,0.1969,5,E,112(E1),Y,0.1704,3
-0.2521,-0.08979,2,S,113(E1),-,,
0.6453,0.1536,6,S,113(E1),A,-0.1641,2
-4.771,-6.415,7,S,113(E1),C,-5.947,2
-5.593,-7.107,7,S,113(E1),D,-7.465,4
-5.849,-7.245,7,S,113(E1),E,-8,3
-5.24,-6.862,10,S,113(E1),F,-7.415,4
0.7914,0.1772,5,S,113(E1),G,0.2457,3
-4.394,-5.939,5,S,113(E1),H,-6.116,3
-4.473,-6.047,9,S,113(E1),I,-6.072,6
-5.204,-6.833,6,S,113(E1),K,-7.123,4
-6.373,-7.446,10,S,113(E1),L,-8,4
-4.848,-6.499,6,S,113(E1),M,-4.87,2
-6.509,-7.484,17,S,113(E1),N,-8,4
-6.458,-7.47,32,S,113(E1),P,-8,17
-7.693,-7.672,5,S,113(E1),Q,-8,3
-7.061,-7.598,10,S,113(E1),R,-8,3
0,0,,S,113(E1),S,0,
-5.605,-7.114,3,S,113(E1),T,-6.595,2
-2.386,-2.229,3,S,113(E1),V,-2.222,2
-6.359,-7.442,8,S,113(E1),W,-8,6
-5.99,-7.308,12,S,113(E1),Y,-8,7
1.414,0.2474,2,C,114(E1),*,,
-0.3159,-0.1159,2,C,114(E1),-,,
-6.669,-7.523,8,C,114(E1),A,-8,5
0,0,,C,114(E1),C,0,
-5.895,-7.266,3,C,114(E1),D,-7.667,2
-6.242,-7.404,3,C,114(E1),E,-8,1
-7.184,-7.616,12,C,114(E1),F,-8,2
-6.395,-7.452,8,C,114(E1),G,-8,4
-6.226,-7.399,6,C,114(E1),H,-7.955,3
-7.105,-7.605,10,C,114(E1),I,-8,5
-6.247,-7.406,6,C,114(E1),K,-8,3
-7.387,-7.642,4,C,114(E1),L,-8,1
-7.38,-7.641,6,C,114(E1),M,-8,3
-5.365,-6.957,4,C,114(E1),N,-7.045,1
-6.731,-7.537,11,C,114(E1),P,-8,8
-6.103,-7.354,4,C,114(E1),Q,-8,3
-7.189,-7.617,14,C,114(E1),R,-7.873,4
-6.648,-7.518,20,C,114(E1),S,-8,12
-7.295,-7.631,7,C,114(E1),T,-8,6
-7.494,-7.653,9,C,114(E1),V,-8,4
-6.917,-7.574,6,C,114(E1),W,-8,5
-9.626,-7.745,55,C,114(E1),Y,-8,6
-0.5845,-0.2436,2,K,115(E1),-,,
-0.983,-0.4959,10,K,115(E1),A,-0.6613,8
0.1554,0.04586,8,K,115(E1),C,-0.8193,6
-1.456,-0.9183,6,K,115(E1),D,-1.534,2
-1.05,-0.5471,8,K,115(E1),E,-0.1268,1
-0.8247,-0.3856,13,K,115(E1),F,-0.2772,5
-1.503,-0.9686,8,K,115(E1),G,-1.161,7
0.7104,0.1645,11,K,115(E1),H,-0.997,6
-1.324,-0.785,7,K,115(E1),I,-1.132,6
0,0,,K,115(E1),K,0,
-0.8491,-0.4017,2,K,115(E1),L,-0.629,2
-0.5825,-0.2426,11,K,115(E1),M,-0.1619,6
-0.117,-0.03912,11,K,115(E1),N,0.09615,2
-1.127,-0.609,8,K,115(E1),P,-0.5023,3
-1.101,-0.5877,3,K,115(E1),Q,0.00325,2
0.5496,0.1363,8,K,115(E1),R,-0.0413,3
-1.312,-0.7738,8,K,115(E1),S,-0.754,5
-0.2417,-0.08563,10,K,115(E1),T,0.01129,6
-1.46,-0.9225,9,K,115(E1),V,-1.054,3
-1.158,-0.6352,3,K,115(E1),W,,
0.2245,0.06423,9,K,115(E1),Y,-0.3039,4
-3.676,-4.742,3,T,116(E1),-,,
-0.3409,-0.1266,3,T,116(E1),A,1.173,1
-3.281,-3.966,7,T,116(E1),D,-4.408,4
-1.3,-0.7627,3,T,116(E1),E,-1.118,2
-0.6225,-0.2642,8,T,116(E1),F,-1.021,4
-2.187,-1.894,7,T,116(E1),G,-1.691,3
1.219,0.2298,5,T,116(E1),H,-0.01434,1
-0.8356,-0.3928,12,T,116(E1),I,0.5089,2
-2.529,-2.485,6,T,116(E1),K,-1.809,3
-0.9699,-0.4862,7,T,116(E1),L,-0.1223,3
3.254,0.317,10,T,116(E1),M,0.6531,6
-1.584,-1.06,10,T,116(E1),N,-1.325,8
-5.954,-7.293,7,T,116(E1),P,-8,3
0.3753,0.1004,1,T,116(E1),Q,-0.1513,1
-2.664,-2.737,6,T,116(E1),R,-2.964,5
-0.8199,-0.3825,9,T,116(E1),S,0.109,2
0,0,,T,116(E1),T,0,
0.7483,0.1705,4,T,116(E1),V,0.054,2
-1.282,-0.7454,6,T,116(E1),W,-0.9223,4
2.627,0.3054,5,T,116(E1),Y,-0.75,3
-7.497,-7.654,5,E,117(E1),*,,
-0.5463,-0.2236,2,E,117(E1),-,,
-5.63,-7.129,6,E,117(E1),A,-6.244,2
-6.155,-7.373,12,E,117(E1),C,-7.946,8
-4.294,-5.794,11,E,117(E1),D,-5.727,7
0,0,,E,117(E1),E,0,
-6.614,-7.51,8,E,117(E1),F,-8,1
-4.352,-5.879,3,E,117(E1),G,,
-3.267,-3.937,2,E,117(E1),H,-4.417,1
-5.283,-6.896,7,E,117(E1),I,-7.216,4
-6.622,-7.512,24,E,117(E1),K,-8,8
-7.187,-7.616,4,E,117(E1),L,-8,1
-4.81,-6.458,6,E,117(E1),M,-6.002,3
-5.822,-7.231,8,E,117(E1),N,-8,3
-4.475,-6.05,11,E,117(E1),P,-3.68,2
-3.372,-4.148,8,E,117(E1),Q,-4.377,3
-7.106,-7.605,9,E,117(E1),R,-8,7
-9.102,-7.736,3,E,117(E1),S,-8,3
-6.723,-7.535,4,E,117(E1),T,-8,4
-5,-6.652,7,E,117(E1),V,-6.735,5
-6.864,-7.564,11,E,117(E1),W,-8,3
-6.946,-7.579,13,E,117(E1),Y,-8,8
0.4738,0.1214,1,F,118(E1),-,,
-3.194,-3.788,8,F,118(E1),A,-3.609,5
-5.565,-7.09,5,F,118(E1),C,-7.553,4
-4.868,-6.52,2,F,118(E1),D,,
-8.363,-7.713,10,F,118(E1),E,-8,5
0,0,,F,118(E1),F,0,
-8.666,-7.725,7,F,118(E1),G,-8,3
-0.8235,-0.3849,5,F,118(E1),H,0.08868,3
-3.111,-3.622,7,F,118(E1),I,-4.107,4
-3.286,-3.975,4,F,118(E1),K,-4.869,2
-2.548,-2.521,7,F,118(E1),L,-2.572,3
-1.738,-1.246,6,F,118(E1),M,-1.65,3
-2.669,-2.747,3,F,118(E1),N,-3,2
-7.265,-7.627,6,F,118(E1),P,-8,4
-5.191,-6.822,2,F,118(E1),Q,,
-3.057,-3.513,4,F,118(E1),R,-5.031,2
-1.285,-0.7481,3,F,118(E1),S,-1.723,1
-1.969,-1.559,11,F,118(E1),V,-1.752,6
-1.25,-0.7164,2,F,118(E1),W,-0.9335,1
0.213,0.06125,4,F,118(E1),Y,0.6705,1
-0.3929,-0.1495,1,A,119(E1),-,,
0,0,,A,119(E1),A,0,
-5.15,-6.788,4,A,119(E1),C,-6.747,2
-6.713,-7.533,11,A,119(E1),D,-8,1
-7.359,-7.638,4,A,119(E1),E,-7.951,3
-6.978,-7.584,10,A,119(E1),F,-8,3
-2.54,-2.505,7,A,119(E1),G,-2.348,3
-7.08,-7.601,4,A,119(E1),H,-8,3
-5.802,-7.221,7,A,119(E1),I,-8,3
-5.742,-7.191,5,A,119(E1),K,-8,3
-7.134,-7.609,5,A,119(E1),L,-8,3
-2.66,-2.73,3,A,119(E1),M,,
-6.135,-7.366,4,A,119(E1),N,-8,1
-5.322,-6.926,7,A,119(E1),P,-7.073,2
-6.683,-7.526,9,A,119(E1),Q,-8,5
-2.811,-3.022,4,A,119(E1),R,-3.106,1
-2.413,-2.275,16,A,119(E1),S,-2.41,4
-5.659,-7.146,22,A,119(E1),T,-8,5
-1.526,-0.9938,33,A,119(E1),V,-0.5026,8
-5.978,-7.303,4,A,119(E1),W,-7.607,2
-6.66,-7.521,8,A,119(E1),Y,-8,6
0.901,0.1928,4,S,120(E1),A,0.2623,2
-0.6683,-0.29,8,S,120(E1),C,-0.9568,4
-3.172,-3.744,9,S,120(E1),D,-3.914,7
-0.5406,-0.2207,8,S,120(E1),E,-0.2144,4
-1.244,-0.7109,14,S,120(E1),F,-0.7829,7
0.01488,0.00468,14,S,120(E1),G,-0.003726,8
-1.294,-0.7568,8,S,120(E1),H,-0.958,6
-1.231,-0.6986,15,S,120(E1),I,-0.9285,9
-0.7879,-0.362,7,S,120(E1),K,-0.224,3
-1.41,-0.871,5,S,120(E1),L,-1.205,2
-0.9956,-0.5053,7,S,120(E1),M,-0.7763,7
-0.2115,-0.0739,8,S,120(E1),N,-0.125,3
-6.018,-7.32,11,S,120(E1),P,-7.857,6
-0.3952,-0.1505,5,S,120(E1),Q,-0.5945,1
-1.161,-0.6373,7,S,120(E1),R,-1.854,1
0,0,,S,120(E1),S,0,
0.346,0.09377,6,S,120(E1),T,0.149,2
0.8838,0.1904,6,S,120(E1),V,-0.5079,3
-1.617,-1.098,3,S,120(E1),W,-1.351,2
-0.7827,-0.3587,9,S,120(E1),Y,-0.4468,5
0,0,,A,121(E1),A,0,
0.1559,0.04601,5,A,121(E1),C,-0.4856,2
-7.115,-7.606,7,A,121(E1),D,-8,4
-6.35,-7.439,12,A,121(E1),E,-8,9
-6.332,-7.433,5,A,121(E1),F,-8,2
-0.6182,-0.2619,10,A,121(E1),G,-1.167,6
-7.406,-7.644,11,A,121(E1),H,-8,5
-7.448,-7.648,12,A,121(E1),I,-8,8
-5.828,-7.235,5,A,121(E1),K,-7.688,2
-3.353,-4.11,8,A,121(E1),L,-3.783,3
-3.079,-3.557,7,A,121(E1),M,-3.351,4
-5.679,-7.156,10,A,121(E1),N,-8,1
-7.019,-7.591,8,A,121(E1),P,-8,3
-3.932,-5.207,6,A,121(E1),Q,-5.55,2
-5.583,-7.101,9,A,121(E1),R,-6.942,4
-0.8495,-0.402,16,A,121(E1),S,-1.164,1
-0.6721,-0.2921,23,A,121(E1),T,0.2214,6
-1.903,-1.466,13,A,121(E1),V,-1.853,7
-6.329,-7.432,7,A,121(E1),W,-8,6
-6.738,-7.538,6,A,121(E1),Y,,
-1.278,-0.7416,8,Y,122(E1),A,-0.9986,5
-1.636,-1.121,9,Y,122(E1),C,-0.6594,4
-7.576,-7.661,13,Y,122(E1),D,-8,3
-5.152,-6.789,5,Y,122(E1),E,-7.266,3
4.157,0.3249,7,Y,122(E1),F,0.9981,3
-5.939,-7.286,8,Y,122(E1),G,-8,5
-1.318,-0.7792,15,Y,122(E1),H,-0.9542,4
-0.2712,-0.09743,7,Y,122(E1),I,0.2729,3
-6.778,-7.547,7,Y,122(E1),K,-8,4
1.972,0.2826,10,Y,122(E1),L,0.5412,7
-0.2719,-0.09772,10,Y,122(E1),M,-0.04012,5
-1.417,-0.8782,5,Y,122(E1),N,-0.8284,3
-7.107,-7.605,7,Y,122(E1),P,-8,3
-1.898,-1.459,4,Y,122(E1),Q,-1.006,2
-6.974,-7.584,7,Y,122(E1),R,-8,6
-2.041,-1.666,11,Y,122(E1),S,-1.845,7
-3.533,-4.465,8,Y,122(E1),T,-4.916,5
-1.924,-1.495,6,Y,122(E1),V,-1.287,2
-0.2813,-0.1015,5,Y,122(E1),W,-4.214,2
0,0,,Y,122(E1),Y,0,
-0.3637,-0.1365,1,R,123(E1),*,,
-2.238,-1.976,2,R,123(E1),-,,
-0.09375,-0.03101,4,R,123(E1),A,-0.106,2
-1.905,-1.468,11,R,123(E1),C,-1.453,6
-1.4,-0.8607,6,R,123(E1),D,-1.301,6
-0.2134,-0.07461,4,R,123(E1),E,-0.4308,3
-0.4359,-0.1693,5,R,123(E1),F,-0.1793,3
-0.4977,-0.1991,10,R,123(E1),G,-1.466,5
-1.143,-0.6225,10,R,123(E1),H,-0.4239,5
-0.8564,-0.4066,17,R,123(E1),I,-0.08538,8
-0.2872,-0.104,20,R,123(E1),K,-0.1213,11
-1.046,-0.5437,10,R,123(E1),L,-0.9698,6
-0.8705,-0.4161,5,R,123(E1),M,-1.217,4
-1.342,-0.8028,6,R,123(E1),N,-0.5617,5
-6.791,-7.55,10,R,123(E1),P,-8,6
0.06003,0.0185,8,R,123(E1),Q,-0.5719,4
0,0,,R,123(E1),R,0,
-2.303,-2.085,10,R,123(E1),S,-2.931,3
-0.4406,-0.1715,4,R,123(E1),T,-1.43,2
-1.198,-0.6693,12,R,123(E1),V,-0.2413,6
-0.4813,-0.191,9,R,123(E1),W,-0.3931,5
-0.9722,-0.4879,6,R,123(E1),Y,0.6726,5
-1.916,-1.484,2,A,124(E1),-,,
0,0,,A,124(E1),A,0,
-0.3829,-0.145,4,A,124(E1),C,-1.547,1
-6.065,-7.339,10,A,124(E1),D,-8,7
-10.45,-7.752,11,A,124(E1),E,-8,8
-6.501,-7.482,13,A,124(E1),F,-8,5
-1.671,-1.162,9,A,124(E1),G,-1.085,6
-7.829,-7.683,8,A,124(E1),H,-8,3
2.244,0.2939,5,A,124(E1),I,-1.37,4
-6.473,-7.474,4,A,124(E1),K,-8,2
-5.045,-6.695,3,A,124(E1),L,-6.325,2
-6.727,-7.536,9,A,124(E1),M,-8,6
-6.195,-7.388,6,A,124(E1),N,-8,3
-4.444,-6.009,4,A,124(E1),P,-5.437,1
-1.257,-0.7228,7,A,124(E1),Q,-0.9388,5
-5.72,-7.179,3,A,124(E1),R,-6.626,2
-0.7614,-0.3454,5,A,124(E1),S,-0.1029,3
-1.214,-0.6834,18,A,124(E1),T,-0.1211,5
-2.294,-2.07,17,A,124(E1),V,-1.57,5
-5.838,-7.24,3,A,124(E1),W,-8,1
-6.871,-7.565,3,A,124(E1),Y,-8,2
-2.897,-3.191,3,H,125(E1),-,,
-1.515,-0.9816,9,H,125(E1),A,-0.8692,5
-5.289,-6.901,4,H,125(E1),C,-6.488,2
-5.374,-6.964,8,H,125(E1),D,-7.371,6
-2.077,-1.72,21,H,125(E1),E,-1.757,11
-3.63,-4.653,10,H,125(E1),F,-4.956,5
-5.578,-7.098,10,H,125(E1),G,-8,5
0,0,,H,125(E1),H,0,
-0.3756,-0.1418,2,H,125(E1),I,,
-0.745,-0.3353,4,H,125(E1),K,-1.014,2
-1.404,-0.8641,6,H,125(E1),L,-1.347,4
-1.454,-0.9166,6,H,125(E1),M,-0.63,4
-1.474,-0.9372,8,H,125(E1),N,-1.89,2
-6.889,-7.569,5,H,125(E1),P,-7.855,1
-0.818,-0.3813,14,H,125(E1),Q,-1.635,5
-1.799,-1.325,9,H,125(E1),R,-1.212,5
-1.867,-1.416,7,H,125(E1),S,-1.632,4
0.5452,0.1355,8,H,125(E1),T,-0.1779,4
-1.061,-0.5559,8,H,125(E1),V,-0.1241,4
-0.6232,-0.2646,3,H,125(E1),W,-0.5171,2
-2.98,-3.358,7,H,125(E1),Y,-3.032,3
-7.195,-7.618,7,T,126(E1),A,-8,2
-6.298,-7.422,12,T,126(E1),C,-8,4
-7.187,-7.616,10,T,126(E1),D,-8,6
-6.399,-7.453,10,T,126(E1),E,-8,7
-5.721,-7.18,9,T,126(E1),F,-8,5
-5.276,-6.89,9,T,126(E1),G,-6.916,7
-6.878,-7.566,10,T,126(E1),H,-8,6
-1.491,-0.9557,14,T,126(E1),I,-2.767,2
-7.176,-7.615,16,T,126(E1),K,-8,5
-3.776,-4.927,10,T,126(E1),L,-5.359,4
-5.981,-7.304,4,T,126(E1),M,-8,4
-6.662,-7.522,15,T,126(E1),N,-8,7
-6.248,-7.406,10,T,126(E1),P,-8,8
-7.01,-7.59,3,T,126(E1),Q,-8,3
-6.78,-7.547,8,T,126(E1),R,-8,4
-1.229,-0.6967,8,T,126(E1),S,-1.09,5
0,0,,T,126(E1),T,0,
-0.957,-0.4768,2,T,126(E1),V,-0.7591,2
-7.235,-7.623,5,T,126(E1),W,-8,2
-5.356,-6.95,6,T,126(E1),Y,-7.146,4
-1.851,-1.395,3,A,127(E1),-,,
0,0,,A,127(E1),A,0,
-2.934,-3.266,2,A,127(E1),C,-3.673,2
-2.664,-2.738,7,A,127(E1),D,-3.206,1
-7.848,-7.684,6,A,127(E1),E,-8,2
-7.288,-7.63,10,A,127(E1),F,-8,4
1.546,0.2575,7,A,127(E1),G,0.4045,5
-7.107,-7.605,5,A,127(E1),H,-8,4
-6.436,-7.464,3,A,127(E1),I,-8,1
-6.052,-7.334,9,A,127(E1),K,-8,6
-6.181,-7.383,10,A,127(E1),L,-8,8
-7.318,-7.633,6,A,127(E1),M,-8,3
-5.019,-6.671,6,A,127(E1),N,-6.743,3
-7.37,-7.64,8,A,127(E1),P,-8,4
-5.973,-7.301,7,A,127(E1),Q,-8,5
-6.492,-7.48,4,A,127(E1),R,-8,1
-0.7448,-0.3352,16,A,127(E1),S,-0.1521,6
-7.764,-7.678,15,A,127(E1),T,-8,5
-4.201,-5.652,15,A,127(E1),V,-5.878,2
-7.4,-7.643,7,A,127(E1),W,-8,6
-8.543,-7.721,8,A,127(E1),Y,-7.39,2
-2.616,-2.647,3,S,128(E1),-,,
-0.9372,-0.4625,11,S,128(E1),A,-0.4652,5
-1.068,-0.5608,4,S,128(E1),C,-0.9136,1
-0.8457,-0.3995,2,S,128(E1),D,,
0.2359,0.06715,6,S,128(E1),E,0.1874,5
0.696,0.1622,6,S,128(E1),F,,
0.175,0.05119,6,S,128(E1),G,-0.5369,4
0.4302,0.1124,7,S,128(E1),H,-0.1263,6
0.3874,0.1031,4,S,128(E1),I,0.02152,2
-0.4066,-0.1557,1,S,128(E1),K,-0.4026,1
-0.4586,-0.18,12,S,128(E1),L,-0.05229,7
-0.8481,-0.4011,3,S,128(E1),M,0.2065,2
0.3045,0.08405,4,S,128(E1),N,-0.2916,3
-7.44,-7.647,13,S,128(E1),P,-8,5
0.6868,0.1606,11,S,128(E1),Q,0.3097,5
-0.9821,-0.4953,5,S,128(E1),R,-0.7941,2
0,0,,S,128(E1),S,0,
0.198,0.05733,10,S,128(E1),T,-0.4798,5
-0.9594,-0.4786,6,S,128(E1),V,-0.6895,4
-0.2215,-0.07776,11,S,128(E1),W,-0.2681,4
-0.13,-0.04373,6,S,128(E1),Y,0.06235,5
0,0,,A,129(E1),A,0,
-1.336,-0.7972,2,A,129(E1),C,-1.038,1
-2.694,-2.796,7,A,129(E1),D,-2.794,4
-2.051,-1.682,8,A,129(E1),E,-2.06,3
-1.086,-0.5756,9,A,129(E1),F,-0.7085,7
-0.7153,-0.3174,5,A,129(E1),G,0.4502,3
-0.05986,-0.01949,7,A,129(E1),H,-0.6244,4
-0.2651,-0.09498,8,A,129(E1),I,0.7324,1
-0.366,-0.1375,5,A,129(E1),K,0.4388,2
-0.9868,-0.4987,5,A,129(E1),L,-0.7562,3
-1.582,-1.057,4,A,129(E1),M,-1.801,2
0.1857,0.05406,7,A,129(E1),N,-0.328,4
-6.432,-7.463,9,A,129(E1),P,-8,5
-0.6237,-0.2649,4,A,129(E1),Q,-0.5898,2
1.289,0.2365,3,A,129(E1),R,-2.247,2
-0.5984,-0.2511,7,A,129(E1),S,-0.5432,4
-0.235,-0.083,21,A,129(E1),T,-0.9051,6
-0.7965,-0.3674,35,A,129(E1),V,-1.305,8
-6.296,-7.422,2,A,129(E1),W,-8,1
-1.245,-0.7113,6,A,129(E1),Y,-0.7774,4
-0.85,-0.4023,8,S,130(E1),A,-0.2872,5
-1.173,-0.6481,6,S,130(E1),C,-0.6352,2
-1.392,-0.8519,4,S,130(E1),D,-1.156,2
0.2121,0.06101,9,S,130(E1),E,-0.2485,7
-1.696,-1.194,11,S,130(E1),F,-1.826,5
-0.5347,-0.2176,8,S,130(E1),G,-1.296,4
-0.7405,-0.3326,6,S,130(E1),H,-0.1908,3
-1.961,-1.548,5,S,130(E1),I,-2.588,3
-1.247,-0.7133,3,S,130(E1),K,-0.8158,3
-1.509,-0.9751,8,S,130(E1),L,-1.619,4
-1.54,-1.009,6,S,130(E1),M,-1.145,4
-1.813,-1.343,7,S,130(E1),N,-1.633,4
-3.676,-4.742,12,S,130(E1),P,-3.319,3
-0.9836,-0.4964,6,S,130(E1),Q,-0.6888,4
0.5136,0.1294,4,S,130(E1),R,,
0,0,,S,130(E1),S,0,
-0.02455,-0.007864,8,S,130(E1),T,-0.2288,4
-1.315,-0.7766,7,S,130(E1),V,-0.6676,4
-1.951,-1.534,1,S,130(E1),W,-1.847,1
-0.04733,-0.01532,8,S,130(E1),Y,,
-6.855,-7.562,1,A,131(E1),*,-8,1
-0.3703,-0.1394,1,A,131(E1),-,,
0,0,,A,131(E1),A,0,
1.085,0.2155,3,A,131(E1),C,0.04413,1
-7.003,-7.588,10,A,131(E1),D,-8,4
-6.89,-7.569,3,A,131(E1),E,-8,1
-2.154,-1.84,5,A,131(E1),F,-1.818,4
-1.604,-1.083,6,A,131(E1),G,-1.748,4
-3.118,-3.635,5,A,131(E1),H,-3.141,2
-6.915,-7.573,7,A,131(E1),I,-8,3
-5.514,-7.058,8,A,131(E1),K,-7.052,2
-3.031,-3.461,8,A,131(E1),L,-3.862,5
-1.554,-1.025,6,A,131(E1),M,-1.183,5
-5.842,-7.241,9,A,131(E1),N,-8,8
-6.542,-7.493,8,A,131(E1),P,-8,5
-4.035,-5.384,5,A,131(E1),Q,-5.109,1
-6.3,-7.423,8,A,131(E1),R,-8,5
0.3169,0.087,5,A,131(E1),S,-0.5273,3
-1.625,-1.108,46,A,131(E1),T,-1.48,10
-6.055,-7.335,15,A,131(E1),V,-8,9
-3.066,-3.53,4,A,131(E1),W,-3.763,3
-4.169,-5.602,8,A,131(E1),Y,-5.725,3
-6.824,-7.556,1,K,132(E1),*,,
-0.1935,-0.06706,1,K,132(E1),-,,
-1.915,-1.483,5,K,132(E1),A,,
3.408,0.3189,7,K,132(E1),C,-0.828,4
-1.764,-1.279,6,K,132(E1),D,-1.291,2
0.8187,0.1812,10,K,132(E1),E,-0.7547,2
-0.05375,-0.01745,4,K,132(E1),F,-1.635,1
-0.4955,-0.198,10,K,132(E1),G,0.1187,6
-0.8537,-0.4048,11,K,132(E1),H,-0.08007,5
-1.096,-0.5832,11,K,132(E1),I,-0.8247,10
0,0,,K,132(E1),K,0,
-0.3271,-0.1207,13,K,132(E1),L,-0.2757,7
0.4151,0.1091,7,K,132(E1),M,-0.6172,3
0.484,0.1235,17,K,132(E1),N,-0.1415,4
-6.509,-7.484,6,K,132(E1),P,-8,5
-1.358,-0.8182,5,K,132(E1),Q,-1.187,3
0.7784,0.1752,12,K,132(E1),R,0.6303,5
-0.5343,-0.2174,11,K,132(E1),S,-1.265,4
0.9785,0.2029,8,K,132(E1),T,-0.5048,4
0.8369,0.1838,7,K,132(E1),V,-0.3374,3
-0.7857,-0.3606,4,K,132(E1),W,-0.6482,3
-0.06657,-0.02174,8,K,132(E1),Y,-0.2399,3
-2.261,-2.015,3,L,133(E1),-,,
-1.587,-1.063,10,L,133(E1),A,-1.634,4
-2.592,-2.601,9,L,133(E1),C,-2.691,4
-6.471,-7.474,8,L,133(E1),D,-8,5
-5.737,-7.188,4,L,133(E1),E,-7.439,2
0.2159,0.06199,9,L,133(E1),F,-0.5085,5
-5.75,-7.195,3,L,133(E1),G,-8,3
-6.232,-7.401,10,L,133(E1),H,-8,5
-0.8068,-0.3741,2,L,133(E1),I,,
-7.003,-7.588,5,L,133(E1),K,-8,3
0,0,,L,133(E1),L,0,
-0.4305,-0.1668,9,L,133(E1),M,-0.743,3
-7.145,-7.61,13,L,133(E1),N,-8,7
-8.907,-7.732,10,L,133(E1),P,-7.919,3
-8.571,-7.722,11,L,133(E1),Q,-8,3
-5.43,-7.003,10,L,133(E1),R,-7.45,4
-5.359,-6.953,3,L,133(E1),S,-7.349,1
-2.682,-2.772,7,L,133(E1),T,-2.15,3
0.7423,0.1696,9,L,133(E1),V,-0.1496,4
-2.374,-2.208,5,L,133(E1),W,,
-3.265,-3.932,4,L,133(E1),Y,-3.837,3
-6.939,-7.578,6,R,134(E1),*,-8,1
-0.6809,-0.2972,3,R,134(E1),-,,
-2.667,-2.743,11,R,134(E1),A,-2.548,6
-3.839,-5.042,7,R,134(E1),C,-4.583,3
-5.42,-6.996,10,R,134(E1),D,-7.505,4
-5.361,-6.954,10,R,134(E1),E,-7.415,8
-7.605,-7.664,2,R,134(E1),F,-8,1
-3.916,-5.179,12,R,134(E1),G,-6.399,6
-2.301,-2.083,11,R,134(E1),H,-2.066,4
-3.151,-3.703,11,R,134(E1),I,-3.174,5
-0.3107,-0.1137,11,R,134(E1),K,-0.7693,3
-3.146,-3.692,6,R,134(E1),L,-3.925,2
-2.237,-1.975,6,R,134(E1),M,-2.259,5
-1.537,-1.007,10,R,134(E1),N,-1.124,7
-8.035,-7.696,11,R,134(E1),P,-8,6
-1.709,-1.21,8,R,134(E1),Q,-0.4679,2
0,0,,R,134(E1),R,0,
-1.857,-1.403,7,R,134(E1),S,-2.121,3
-2.918,-3.233,10,R,134(E1),T,-3.312,5
-2.595,-2.608,11,R,134(E1),V,-2.814,6
-3.127,-3.654,6,R,134(E1),W,-4.422,1
-3.709,-4.802,6,R,134(E1),Y,-5.032,5
-1.017,-0.5215,3,V,135(E1),-,,
0.3632,0.09769,7,V,135(E1),A,0.248,2
-0.8041,-0.3724,8,V,135(E1),C,0.6329,3
-6.194,-7.387,8,V,135(E1),D,-8,6
-10.33,-7.751,7,V,135(E1),E,-8,3
-1.251,-0.7167,9,V,135(E1),F,-0.6348,5
-7.295,-7.631,7,V,135(E1),G,-8,4
-5.93,-7.282,8,V,135(E1),H,-8,5
-0.6343,-0.2708,7,V,135(E1),I,-1.062,4
-7.932,-7.69,3,V,135(E1),K,-8,1
-0.4497,-0.1758,16,V,135(E1),L,-0.4637,7
-0.01111,-0.003536,15,V,135(E1),M,-0.7006,7
-6.836,-7.559,5,V,135(E1),N,-8,2
-7.312,-7.633,12,V,135(E1),P,-8,6
-6.361,-7.442,4,V,135(E1),Q,,
-8.073,-7.699,9,V,135(E1),R,-8,6
-3.442,-4.287,4,V,135(E1),S,-4.498,3
-1.255,-0.7208,29,V,135(E1),T,-0.646,16
0,0,,V,135(E1),V,0,
-2.136,-1.813,5,V,135(E1),W,-1.263,3
-3.069,-3.537,10,V,135(E1),Y,-3.455,4
-0.9813,-0.4946,2,L,136(E1),-,,
-0.558,-0.2297,10,L,136(E1),A,-0.5336,7
-0.5232,-0.2118,8,L,136(E1),C,-0.3906,7
-2.392,-2.238,3,L,136(E1),D,-3.218,2
-2.055,-1.688,10,L,136(E1),E,-1.351,7
1.981,0.283,4,L,136(E1),F,-1.544,1
-1.401,-0.8616,4,L,136(E1),G,-0.9656,1
-1.272,-0.7364,8,L,136(E1),H,-0.2392,6
-1.281,-0.7449,6,L,136(E1),I,-0.5453,1
-0.1894,-0.06549,6,L,136(E1),K,-0.6164,4
0,0,,L,136(E1),L,0,
0.009224,0.00291,15,L,136(E1),M,0.3947,3
-1.602,-1.081,13,L,136(E1),N,-1.583,7
-6.251,-7.407,12,L,136(E1),P,-8,7
0.3372,0.09173,6,L,136(E1),Q,0.2674,2
-1.193,-0.6654,11,L,136(E1),R,-0.362,6
1.018,0.2077,2,L,136(E1),S,,
0.03368,0.0105,8,L,136(E1),T,0.1546,7
-0.7988,-0.3689,7,L,136(E1),V,-0.6942,5
-0.4386,-0.1706,4,L,136(E1),W,-0.3919,2
-1.087,-0.5761,4,L,136(E1),Y,-0.711,2
-6.521,-7.487,5,Y,137(E1),*,-8,1
0.2043,0.05897,3,Y,137(E1),-,,
-0.4828,-0.1917,15,Y,137(E1),A,-0.247,8
-0.9503,-0.4719,6,Y,137(E1),C,-0.3132,2
-5.672,-7.153,9,Y,137(E1),D,-8,3
-7.35,-7.637,9,Y,137(E1),E,-8,2
0.09533,0.02891,8,Y,137(E1),F,0.05761,6
-3.399,-4.202,7,Y,137(E1),G,-3.748,3
-0.8972,-0.4344,11,Y,137(E1),H,-0.565,10
0.4968,0.126,7,Y,137(E1),I,0.3392,4
-2.435,-2.316,13,Y,137(E1),K,-2.652,6
0.3606,0.09709,9,Y,137(E1),L,-0.1542,6
1.126,0.2201,9,Y,137(E1),M,-0.502,5
-3.395,-4.194,6,Y,137(E1),N,-4.811,3
-7.391,-7.642,9,Y,137(E1),P,-8,5
-1.368,-0.8282,7,Y,137(E1),Q,-0.6781,4
-4.023,-5.364,6,Y,137(E1),R,-5.894,1
-0.8571,-0.4071,7,Y,137(E1),S,0.1817,3
-1.642,-1.128,12,Y,137(E1),T,-0.6278,5
-0.3366,-0.1247,6,Y,137(E1),V,-0.3776,5
-0.6796,-0.2965,6,Y,137(E1),W,0.01939,2
0,0,,Y,137(E1),Y,0,
-7.421,-7.645,9,Q,138(E1),*,-8,1
-0.4528,-0.1773,3,Q,138(E1),-,,
-1.165,-0.641,6,Q,138(E1),A,-0.1063,3
1.746,0.2706,7,Q,138(E1),C,0.4543,4
-1.215,-0.6846,2,Q,138(E1),D,-1.256,1
-0.1005,-0.03336,6,Q,138(E1),E,-0.01961,3
0.09811,0.02971,12,Q,138(E1),F,-0.02555,8
1.571,0.2593,5,Q,138(E1),G,0.1425,1
-0.005774,-0.001834,9,Q,138(E1),H,0.5326,1
0.6458,0.1537,8,Q,138(E1),I,0.2017,4
0.11,0.03313,16,Q,138(E1),K,-0.4379,7
1.712,0.2685,12,Q,138(E1),L,-0.8347,6
1.367,0.2434,12,Q,138(E1),M,-0.2569,8
-1.398,-0.8581,10,Q,138(E1),N,-0.2034,4
-0.4136,-0.1589,11,Q,138(E1),P,0.6779,3
0,0,,Q,138(E1),Q,0,
2.255,0.2943,19,Q,138(E1),R,,
-0.3424,-0.1272,10,Q,138(E1),S,-0.75,6
-0.5868,-0.2449,10,Q,138(E1),T,-0.4412,6
-0.5165,-0.2084,6,Q,138(E1),V,0.214,4
-0.07894,-0.02593,5,Q,138(E1),W,-0.5097,1
-0.8736,-0.4182,12,Q,138(E1),Y,-0.3441,8
-0.8584,-0.408,2,G,139(E1),-,,
-1.126,-0.6083,17,G,139(E1),A,-1.235,9
-2.077,-1.721,24,G,139(E1),C,-1.544,8
-1.626,-1.108,64,G,139(E1),D,-1.328,7
0.225,0.06436,7,G,139(E1),E,-1.502,4
-1.489,-0.9532,12,G,139(E1),F,-1.422,5
0,0,,G,139(E1),G,0,
1.346,0.2416,4,G,139(E1),H,,
-3.635,-4.663,10,G,139(E1),I,-5.24,6
-1.272,-0.7363,10,G,139(E1),K,-0.1629,5
-1.622,-1.103,10,G,139(E1),L,-1.256,9
-1.508,-0.9738,10,G,139(E1),M,-0.3655,3
-0.04732,-0.01532,7,G,139(E1),N,-0.4775,1
-7.922,-7.689,12,G,139(E1),P,-8,8
-1.809,-1.338,4,G,139(E1),Q,-1.617,3
-0.09234,-0.03052,4,G,139(E1),R,1.709,1
0.6846,0.1603,16,G,139(E1),S,-0.1411,3
-0.8566,-0.4067,6,G,139(E1),T,-1.364,4
-3.443,-4.288,10,G,139(E1),V,-4.382,5
-2.295,-2.073,12,G,139(E1),W,-2.443,5
-1.821,-1.353,7,G,139(E1),Y,-1.454,4
-0.9156,-0.4472,2,N,140(E1),-,,
-0.9016,-0.4375,12,N,140(E1),A,-0.4862,6
-0.4665,-0.1838,4,N,140(E1),C,-4.301,1
1.171,0.2249,8,N,140(E1),D,-1.375,5
-2.198,-1.912,3,N,140(E1),E,,
3.533,0.3202,7,N,140(E1),F,-0.03125,4
2.003,0.2841,8,N,140(E1),G,-1.038,3
0.3105,0.08548,10,N,140(E1),H,-0.2823,4
1.104,0.2177,3,N,140(E1),I,-1.695,2
-1.159,-0.636,6,N,140(E1),K,-0.3907,3
-1.142,-0.6218,4,N,140(E1),L,-0.8377,4
0.09987,0.03022,12,N,140(E1),M,0.009158,6
0,0,,N,140(E1),N,0,
-4.298,-5.799,13,N,140(E1),P,-6.152,7
0.7966,0.1779,6,N,140(E1),Q,0.136,3
-1.092,-0.5803,6,N,140(E1),R,-0.1515,2
0.5056,0.1278,10,N,140(E1),S,-0.6235,4
-1.028,-0.5303,6,N,140(E1),T,-1.404,2
-0.7486,-0.3376,7,N,140(E1),V,-0.244,4
-0.6456,-0.2771,6,N,140(E1),W,-1.221,5
-1.088,-0.5772,8,N,140(E1),Y,-0.1162,5
-0.3769,-0.1424,1,N,141(E1),-,,
-2.297,-2.074,7,N,141(E1),A,-2.28,3
-4.47,-6.044,12,N,141(E1),C,-5.818,6
-2.278,-2.044,10,N,141(E1),D,-1.982,5
-2.299,-2.078,4,N,141(E1),E,-2.417,2
-2.227,-1.958,7,N,141(E1),F,-1.795,3
-5.689,-7.162,4,N,141(E1),G,-8,3
-2.179,-1.881,4,N,141(E1),H,-1.869,2
-3.046,-3.491,10,N,141(E1),I,-3.233,6
-2.788,-2.977,7,N,141(E1),K,-2.191,1
-2.959,-3.316,14,N,141(E1),L,-3.804,8
-2.154,-1.841,4,N,141(E1),M,-2.071,2
0,0,,N,141(E1),N,0,
-2.938,-3.274,15,N,141(E1),P,-3.885,9
-1.939,-1.517,9,N,141(E1),Q,-1.708,6
-2.265,-2.021,5,N,141(E1),R,-1.949,3
-2.333,-2.136,13,N,141(E1),S,-2.07,9
-2.291,-2.065,8,N,141(E1),T,-1.972,3
-2.476,-2.388,5,N,141(E1),V,-2.738,2
-2.892,-3.181,6,N,141(E1),W,-2.834,3
-0.6415,-0.2748,7,N,141(E1),Y,-1.183,4
-0.05816,-0.01892,1,V,142(E1),-,,
-1.549,-1.02,8,V,142(E1),A,-0.7861,3
-0.7396,-0.3321,7,V,142(E1),C,-0.8087,5
-1.451,-0.9129,5,V,142(E1),D,-1.048,2
1.503,0.2544,8,V,142(E1),E,-0.09133,6
-1.172,-0.6469,7,V,142(E1),F,-0.9969,4
-1.086,-0.5756,6,V,142(E1),G,-0.5068,2
0.2386,0.06784,7,V,142(E1),H,-0.1365,4
1.319,0.2392,5,V,142(E1),I,-0.2007,4
0.09889,0.02994,8,V,142(E1),K,-0.04915,6
0.4926,0.1252,18,V,142(E1),L,-0.3778,5
-0.5236,-0.212,16,V,142(E1),M,-1.006,9
-0.9934,-0.5036,7,V,142(E1),N,-1.123,4
-6.678,-7.525,8,V,142(E1),P,-8,5
-1.711,-1.212,7,V,142(E1),Q,-1.219,5
-0.1831,-0.06312,6,V,142(E1),R,-0.06536,3
-0.4305,-0.1668,4,V,142(E1),S,-0.277,4
-0.9325,-0.4592,14,V,142(E1),T,-0.4144,7
0,0,,V,142(E1),V,0,
-1.081,-0.5718,6,V,142(E1),W,-0.894,4
-1.658,-1.147,8,V,142(E1),Y,-1.419,6
-0.1727,-0.05927,1,T,143(E1),-,,
-4.268,-5.755,19,T,143(E1),A,-7.517,3
-3.154,-3.708,9,T,143(E1),C,-3.846,5
-3.545,-4.488,10,T,143(E1),D,-4.828,7
-1.335,-0.796,4,T,143(E1),E,-1.062,2
-0.6027,-0.2534,8,T,143(E1),F,-1.11,5
-5.95,-7.291,7,T,143(E1),G,-8,4
-1.803,-1.33,8,T,143(E1),H,-1.797,5
-1.223,-0.6915,24,T,143(E1),I,-1.518,9
-3.47,-4.342,12,T,143(E1),K,-4.621,3
-1.974,-1.567,8,T,143(E1),L,-2.168,8
-2.057,-1.691,6,T,143(E1),M,-2.28,4
-1.321,-0.7824,5,T,143(E1),N,-0.3239,2
-7.205,-7.619,12,T,143(E1),P,-8,6
-2.339,-2.147,11,T,143(E1),Q,-2.019,5
-3.654,-4.698,14,T,143(E1),R,-5.275,5
-0.8471,-0.4004,6,T,143(E1),S,-0.2712,4
0,0,,T,143(E1),T,0,
-1.251,-0.7171,3,T,143(E1),V,-0.9877,3
-3.355,-4.113,8,T,143(E1),W,-4.182,6
-1.319,-0.781,8,T,143(E1),Y,-1.486,6
-0.7367,-0.3303,1,V,144(E1),-,,
-1.099,-0.5857,12,V,144(E1),A,-0.6098,8
-0.554,-0.2276,4,V,144(E1),C,-1.114,2
-7.037,-7.594,8,V,144(E1),D,-7.79,6
-3.18,-3.76,11,V,144(E1),E,-3.718,4
0.9385,0.1978,8,V,144(E1),F,-1.998,5
-2.842,-3.082,2,V,144(E1),G,-5.182,2
-6.491,-7.479,2,V,144(E1),H,-8,1
-0.9514,-0.4727,7,V,144(E1),I,-1.024,3
-3.277,-3.956,7,V,144(E1),K,-3.96,4
0.01046,0.003296,11,V,144(E1),L,-0.1835,6
-1.626,-1.108,19,V,144(E1),M,,
-3.854,-5.069,8,V,144(E1),N,-5.259,5
-5.629,-7.128,14,V,144(E1),P,-7.902,10
-0.0721,-0.02361,1,V,144(E1),Q,,
-3.029,-3.457,12,V,144(E1),R,-3.755,6
-2.83,-3.059,11,V,144(E1),S,-3.228,7
-1.275,-0.7394,7,V,144(E1),T,-0.7163,3
0,0,,V,144(E1),V,0,
-1.368,-0.8284,19,V,144(E1),W,-1.409,13
-0.9095,-0.443,7,V,144(E1),Y,-0.8962,3
-0.321,-0.1181,1,S,145(E1),-,,
-0.6836,-0.2988,13,S,145(E1),A,-0.511,7
1.819,0.2748,1,S,145(E1),C,0.4216,1
-0.6015,-0.2527,3,S,145(E1),D,-1.186,2
-0.403,-0.1541,4,S,145(E1),E,0.4266,2
-1.163,-0.6396,7,S,145(E1),F,-1.352,2
1.494,0.2537,6,S,145(E1),G,0.7407,2
-0.366,-0.1375,7,S,145(E1),H,-0.386,2
-1.391,-0.8513,9,S,145(E1),I,-0.7734,4
2.422,0.2998,3,S,145(E1),K,0.2641,3
-1.129,-0.6105,10,S,145(E1),L,-0.9066,4
0.0268,0.008386,5,S,145(E1),M,0.3062,4
-0.7993,-0.3692,7,S,145(E1),N,-0.8939,4
-1.086,-0.5758,17,S,145(E1),P,-0.9717,8
-1.038,-0.5379,5,S,145(E1),Q,-0.7453,2
1.475,0.2523,6,S,145(E1),R,-0.04397,6
0,0,,S,145(E1),S,0,
-0.4283,-0.1657,8,S,145(E1),T,-1.349,4
-1.737,-1.245,4,S,145(E1),V,-1.953,2
1.696,0.2676,4,S,145(E1),W,1.733,1
-0.8473,-0.4006,9,S,145(E1),Y,-0.02305,4
0.5942,0.1446,1,A,146(E1),-,,
0,0,,A,146(E1),A,0,
1.146,0.2223,8,A,146(E1),C,-0.104,3
-4.967,-6.62,8,A,146(E1),D,-4.146,3
-3.206,-3.813,7,A,146(E1),E,,
-1.288,-0.7511,13,A,146(E1),F,-0.9646,6
0.6155,0.1484,5,A,146(E1),G,-0.2554,2
-1.534,-1.003,4,A,146(E1),H,-0.7976,1
-1.313,-0.7745,9,A,146(E1),I,-0.5658,3
-6.4,-7.454,11,A,146(E1),K,-8,8
-0.9138,-0.4459,5,A,146(E1),L,-0.1496,3
-2.594,-2.605,5,A,146(E1),M,-3.813,4
-1.771,-1.288,6,A,146(E1),N,-1.344,4
1.212,0.2291,5,A,146(E1),P,0.73,1
-2.674,-2.756,10,A,146(E1),Q,-2.653,4
-5.388,-6.973,7,A,146(E1),R,-8,5
-0.9984,-0.5074,12,A,146(E1),S,0.1997,2
-1.024,-0.5265,48,A,146(E1),T,-1.304,10
1.387,0.2451,4,A,146(E1),V,-0.717,2
-6.614,-7.511,6,A,146(E1),W,-8,6
-2.148,-1.832,5,A,146(E1),Y,-1.978,2
-6.357,-7.441,10,Y,147(E1),*,-8,2
-0.5616,-0.2315,1,Y,147(E1),-,,
-2.158,-1.847,7,Y,147(E1),A,-1.387,3
-6.824,-7.556,5,Y,147(E1),C,-7.974,3
-3.364,-4.131,6,Y,147(E1),D,-4.16,5
-2.425,-2.297,4,Y,147(E1),E,-2.561,1
-0.6775,-0.2953,8,Y,147(E1),F,0.3549,2
-3.49,-4.381,6,Y,147(E1),G,-4.46,5
-0.1591,-0.05423,13,Y,147(E1),H,-0.9307,4
-4.999,-6.652,4,Y,147(E1),I,-6.549,3
-7.927,-7.69,7,Y,147(E1),K,-8,3
-5.161,-6.797,9,Y,147(E1),L,-8,5
-3.012,-3.422,9,Y,147(E1),M,-3.617,5
-2.87,-3.139,5,Y,147(E1),N,-3.32,3
-8.517,-7.72,6,Y,147(E1),P,-8,2
-2.226,-1.958,8,Y,147(E1),Q,-2.516,4
-2.844,-3.088,5,Y,147(E1),R,-2.69,3
-2.946,-3.289,10,Y,147(E1),S,-4.139,5
-2.982,-3.362,5,Y,147(E1),T,-3.029,3
-5.592,-7.107,9,Y,147(E1),V,-7.503,5
-0.2763,-0.09949,8,Y,147(E1),W,-0.6522,5
0,0,,Y,147(E1),Y,0,
-1.464,-0.927,5,A,148(E1),-,,
0,0,,A,148(E1),A,0,
-0.862,-0.4104,5,A,148(E1),C,-0.9264,4
-3.139,-3.677,14,A,148(E1),D,-3.765,6
-3.073,-3.545,6,A,148(E1),E,-3.485,3
-2.159,-1.849,10,A,148(E1),F,-1.977,6
-1.432,-0.8936,7,A,148(E1),G,-0.8547,3
-2.756,-2.914,8,A,148(E1),H,-3.261,6
-1.077,-0.5683,11,A,148(E1),I,-0.8025,3
-6.147,-7.371,9,A,148(E1),K,-8,7
-0.4041,-0.1546,12,A,148(E1),L,-0.1852,5
0.1784,0.0521,9,A,148(E1),M,-3.246,3
-1.229,-0.6969,4,A,148(E1),N,-0.13,3
-1.131,-0.6122,10,A,148(E1),P,-1.102,5
-2.522,-2.472,10,A,148(E1),Q,-2.623,9
-6.353,-7.44,7,A,148(E1),R,-6.649,3
-1.599,-1.077,7,A,148(E1),S,-0.759,3
-1.391,-0.851,30,A,148(E1),T,-0.6462,9
-0.348,-0.1297,17,A,148(E1),V,-0.1959,7
-4.474,-6.049,10,A,148(E1),W,-5.416,3
-5.553,-7.083,8,A,148(E1),Y,-7.169,2
-1.785,-1.306,6,N,149(E1),-,,
-2.065,-1.703,6,N,149(E1),A,-1.302,2
-3.153,-3.706,4,N,149(E1),C,-4.012,1
1.844,0.2761,7,N,149(E1),D,-0.1639,3
-1.145,-0.6241,6,N,149(E1),E,-0.2993,3
-0.6451,-0.2768,9,N,149(E1),F,-0.2578,2
-0.2001,-0.06955,7,N,149(E1),G,-0.6517,2
1.087,0.2158,7,N,149(E1),H,0.2318,4
-1.02,-0.5238,7,N,149(E1),I,-1.1,5
-0.9098,-0.4432,10,N,149(E1),K,-0.6452,5
-0.9284,-0.4563,8,N,149(E1),L,-0.7417,7
0.5218,0.131,6,N,149(E1),M,0.5608,2
0,0,,N,149(E1),N,0,
-2.99,-3.377,10,N,149(E1),P,-4.471,5
-0.9003,-0.4365,8,N,149(E1),Q,-0.6475,5
-2.316,-2.107,5,N,149(E1),R,-1.261,2
-1.16,-0.6372,8,N,149(E1),S,-0.4829,5
-0.1749,-0.06006,3,N,149(E1),T,-0.8321,2
-2.287,-2.058,7,N,149(E1),V,-1.979,4
-1.814,-1.344,10,N,149(E1),W,-0.5035,4
-0.5151,-0.2077,3,N,149(E1),Y,-0.4256,2
-2.03,-1.649,6,G,150(E1),-,,
-1.658,-1.147,9,G,150(E1),A,-1.555,6
-7.263,-7.627,10,G,150(E1),C,-8,5
-2.336,-2.142,16,G,150(E1),D,-3.25,2
-3.342,-4.087,4,G,150(E1),E,-3.494,2
-2.53,-2.486,7,G,150(E1),F,-2.916,5
0,0,,G,150(E1),G,0,
-2.6,-2.617,8,G,150(E1),H,-2.276,3
-4.145,-5.564,9,G,150(E1),I,-3.821,2
-6.957,-7.581,7,G,150(E1),K,-8,4
-3.254,-3.91,11,G,150(E1),L,-4.002,8
-2.531,-2.489,7,G,150(E1),M,-1.645,2
-2.792,-2.985,6,G,150(E1),N,-3.258,4
-7.116,-7.606,6,G,150(E1),P,-7.141,2
-2.053,-1.685,8,G,150(E1),Q,-2.052,5
-5.399,-6.981,6,G,150(E1),R,-7.483,5
-1.847,-1.389,9,G,150(E1),S,-1.75,5
-2.293,-2.068,8,G,150(E1),T,-2.267,4
-3.24,-3.881,11,G,150(E1),V,-3.979,3
-2.922,-3.241,6,G,150(E1),W,-3.375,3
-2.831,-3.062,6,G,150(E1),Y,-3.181,4
-0.7523,-0.3398,5,D,151(E1),-,,
-0.3403,-0.1263,5,D,151(E1),A,1.083,1
-2.048,-1.676,5,D,151(E1),C,-1.542,2
0,0,,D,151(E1),D,0,
1.061,0.2128,7,D,151(E1),E,-0.126,4
0.2073,0.05977,10,D,151(E1),F,1.063,3
-0.3259,-0.1201,7,D,151(E1),G,-0.3569,3
3.209,0.3164,9,D,151(E1),H,0.8912,6
4.127,0.3247,5,D,151(E1),I,1.925,3
-6.697,-7.53,7,D,151(E1),K,-8,4
1.476,0.2523,9,D,151(E1),L,0.05583,5
0.7787,0.1752,6,D,151(E1),M,-0.2001,2
-1.05,-0.5469,13,D,151(E1),N,-0.9228,4
-2.568,-2.556,6,D,151(E1),P,-2.636,3
-1.136,-0.6166,9,D,151(E1),Q,-0.158,5
-7.89,-7.687,8,D,151(E1),R,-8,5
-7.366,-7.639,9,D,151(E1),S,-8,6
-7.248,-7.625,6,D,151(E1),T,-8,5
0.8757,0.1893,5,D,151(E1),V,-0.1914,3
1.569,0.2592,4,D,151(E1),W,0.1113,2
1.433,0.2489,7,D,151(E1),Y,0.2171,4
-1.248,-0.7141,5,H,152(E1),-,,
-1.708,-1.209,3,H,152(E1),A,0.6864,1
-2.387,-2.229,8,H,152(E1),C,-2.793,5
-1.699,-1.197,4,H,152(E1),D,-1.322,1
-0.03999,-0.0129,8,H,152(E1),E,-0.3673,4
-0.8035,-0.3719,8,H,152(E1),F,-0.615,4
0.3359,0.09144,6,H,152(E1),G,-0.5214,3
0,0,,H,152(E1),H,0,
-3.174,-3.75,3,H,152(E1),I,-0.101,1
-0.8243,-0.3854,7,H,152(E1),K,-0.1057,4
-0.846,-0.3997,6,H,152(E1),L,-0.8831,1
1.031,0.2093,9,H,152(E1),M,-0.2772,4
-1.501,-0.9665,13,H,152(E1),N,-1.152,4
-3.182,-3.765,3,H,152(E1),P,-4.653,2
-1.236,-0.7034,12,H,152(E1),Q,-0.7222,6
-0.2909,-0.1055,9,H,152(E1),R,-0.7924,3
-0.5661,-0.2339,8,H,152(E1),S,-0.6045,2
-1.162,-0.6386,6,H,152(E1),T,-0.9458,4
-0.2377,-0.08408,7,H,152(E1),V,-0.824,3
-1.06,-0.5547,3,H,152(E1),W,-1.78,2
-1.799,-1.324,7,H,152(E1),Y,-1.71,2
-0.4777,-0.1893,4,A,153(E1),-,,
0,0,,A,153(E1),A,0,
-1.512,-0.9787,5,A,153(E1),C,-1.168,3
-1.247,-0.7132,11,A,153(E1),D,-0.9616,4
-0.9812,-0.4946,41,A,153(E1),E,-0.9925,6
0.722,0.1664,4,A,153(E1),F,0.6387,2
2.129,0.2895,7,A,153(E1),G,-0.4562,4
4.46,0.3263,6,A,153(E1),H,0.6454,5
-0.83,-0.3891,7,A,153(E1),I,0.8296,3
-1.177,-0.6513,5,A,153(E1),K,0.286,1
2.062,0.2867,1,A,153(E1),L,0.5596,1
-0.4695,-0.1853,7,A,153(E1),M,-0.1312,5
-1.716,-1.218,8,A,153(E1),N,-1.21,4
-0.2073,-0.07229,7,A,153(E1),P,-0.03285,3
1.456,0.2508,3,A,153(E1),Q,-0.01244,3
-0.2244,-0.07888,11,A,153(E1),R,0.6802,7
-0.06144,-0.02002,4,A,153(E1),S,-0.1135,2
0.2607,0.07339,12,A,153(E1),T,1.109,6
1.364,0.2432,68,A,153(E1),V,1.006,9
-0.5043,-0.2023,3,A,153(E1),W,0.1598,2
0.61,0.1474,5,A,153(E1),Y,1.336,3
-0.7216,-0.3212,6,V,154(E1),-,,
-1.145,-0.6244,6,V,154(E1),A,,
-1.028,-0.53,7,V,154(E1),C,-0.6321,5
-0.9639,-0.4818,8,V,154(E1),E,-0.7584,4
-2.992,-3.382,5,V,154(E1),F,-3.652,2
-1.429,-0.8903,42,V,154(E1),G,,
-1.259,-0.7244,2,V,154(E1),H,-0.9636,1
-1.915,-1.483,6,V,154(E1),I,-1.73,2
-0.5534,-0.2273,7,V,154(E1),K,-0.2821,3
-1.162,-0.6382,13,V,154(E1),L,-1.257,3
0.4211,0.1104,10,V,154(E1),M,-0.06495,2
-0.6494,-0.2792,3,V,154(E1),N,,
-5.175,-6.809,5,V,154(E1),P,-7.242,2
-1.33,-0.7907,3,V,154(E1),Q,0.4925,1
0.05012,0.01551,8,V,154(E1),R,0.07315,3
-1.867,-1.416,5,V,154(E1),S,-1.214,4
0.9182,0.1951,8,V,154(E1),T,-0.4525,4
0,0,,V,154(E1),V,0,
-1.609,-1.089,2,V,154(E1),W,-1.462,1
-3.118,-3.636,1,V,154(E1),Y,,
-1.123,-0.6056,6,T,155(E1),-,,
0.9508,0.1993,7,T,155(E1),A,-2.253,2
-1.063,-0.5572,9,T,155(E1),C,-1.231,4
-1.305,-0.767,11,T,155(E1),D,-0.8586,6
0.09745,0.02952,2,T,155(E1),E,0.9346,1
-1.466,-0.9286,3,T,155(E1),F,-0.8814,1
1.713,0.2686,13,T,155(E1),G,0.004592,9
2.341,0.2972,7,T,155(E1),H,-0.1521,1
-0.3132,-0.1148,19,T,155(E1),I,-0.4476,6
3.484,0.3197,6,T,155(E1),K,0.6546,6
-0.2261,-0.07955,5,T,155(E1),L,-1.127,2
1.126,0.22,4,T,155(E1),M,0.2489,3
-0.3878,-0.1472,12,T,155(E1),N,-0.6085,6
-0.6589,-0.2846,5,T,155(E1),P,-0.6284,5
-0.5555,-0.2284,4,T,155(E1),Q,-0.0674,2
1.316,0.239,5,T,155(E1),R,-0.05249,3
-0.459,-0.1802,8,T,155(E1),S,-0.8471,4
0,0,,T,155(E1),T,0,
0.1951,0.05655,5,T,155(E1),V,0.3743,1
-1.56,-1.032,5,T,155(E1),W,-0.3775,3
0.8011,0.1786,6,T,155(E1),Y,-0.5572,3
-0.7954,-0.3668,6,V,156(E1),-,,
-0.5532,-0.2271,16,V,156(E1),A,0.2402,6
-0.4081,-0.1564,6,V,156(E1),C,0.07078,5
0.1836,0.0535,4,V,156(E1),D,0.05143,3
-1.121,-0.6042,6,V,156(E1),E,-0.8498,4
-1.963,-1.551,5,V,156(E1),F,-2.151,2
0.3027,0.08363,9,V,156(E1),G,-0.3631,6
2.369,0.2982,4,V,156(E1),H,0.1171,3
-0.9637,-0.4817,5,V,156(E1),I,-0.8365,3
-1.617,-1.098,1,V,156(E1),K,,
-0.4638,-0.1825,10,V,156(E1),L,-1.042,4
0.1504,0.04449,23,V,156(E1),M,-0.1163,6
-1.536,-1.005,7,V,156(E1),N,-2.037,1
-2.737,-2.877,7,V,156(E1),P,-2.993,3
-0.2443,-0.08666,10,V,156(E1),Q,0.1653,5
-0.8506,-0.4027,9,V,156(E1),R,-0.1692,6
-0.4984,-0.1994,9,V,156(E1),S,0.3226,5
0.1563,0.0461,10,V,156(E1),T,-0.03514,7
0,0,,V,156(E1),V,0,
-1.218,-0.6872,6,V,156(E1),W,-0.2922,3
2.772,0.3088,7,V,156(E1),Y,-0.2896,4
-1.24,-0.707,6,K,157(E1),-,,
1.359,0.2428,6,K,157(E1),A,0.4952,4
-1.787,-1.309,6,K,157(E1),C,-1.675,4
-1.183,-0.6563,3,K,157(E1),D,-0.9098,3
-1.11,-0.5946,8,K,157(E1),E,-0.5448,2
-1.142,-0.6212,8,K,157(E1),F,-0.923,6
-0.591,-0.2471,9,K,157(E1),G,-0.2164,5
-0.342,-0.1271,8,K,157(E1),H,-0.4222,3
-1.285,-0.7488,3,K,157(E1),I,-3.571,2
0,0,,K,157(E1),K,0,
0.3994,0.1057,6,K,157(E1),L,0.5014,1
-1.388,-0.8482,5,K,157(E1),M,-0.9831,4
-0.173,-0.05935,15,K,157(E1),N,-0.1336,1
-1.986,-1.585,7,K,157(E1),P,-0.9456,5
1.156,0.2233,7,K,157(E1),Q,-1.349,4
0.2124,0.06109,9,K,157(E1),R,0.0009782,3
-0.605,-0.2547,9,K,157(E1),S,-0.4801,7
-0.5611,-0.2313,6,K,157(E1),T,-0.7219,2
-0.6254,-0.2658,9,K,157(E1),V,-1.378,4
-1.744,-1.253,6,K,157(E1),W,-1.212,4
-0.5282,-0.2143,5,K,157(E1),Y,-2.907,2
-5.558,-7.086,1,D,158(E1),*,-7.404,1
-0.5202,-0.2103,6,D,158(E1),-,,
-0.4014,-0.1533,6,D,158(E1),A,0.4637,3
-2.862,-3.123,13,D,158(E1),C,-3.508,7
0,0,,D,158(E1),D,0,
1.653,0.2649,7,D,158(E1),E,-0.1673,4
0.7349,0.1684,3,D,158(E1),F,0.534,1
3.287,0.3174,9,D,158(E1),G,0.8003,7
3.32,0.3178,6,D,158(E1),H,0.7392,5
-2.894,-3.185,4,D,158(E1),I,-3.595,3
3.1,0.3148,2,D,158(E1),K,1.246,2
-0.05741,-0.01867,4,D,158(E1),L,-0.1595,4
-0.5776,-0.24,5,D,158(E1),M,-1.808,3
2.4,0.2991,20,D,158(E1),N,0.5019,8
-2.276,-2.04,4,D,158(E1),P,-1.9,1
3.789,0.3225,4,D,158(E1),Q,-1.574,3
-0.538,-0.2193,6,D,158(E1),R,0.7376,5
-1.246,-0.7128,6,D,158(E1),S,-0.9975,1
1.393,0.2456,8,D,158(E1),T,0.3131,5
-2.35,-2.166,6,D,158(E1),V,-1.89,3
-1.232,-0.6995,4,D,158(E1),W,-0.3925,2
-1.325,-0.7859,19,D,158(E1),Y,0.0012,4
-0.4422,-0.1722,5,A,159(E1),-,,
0,0,,A,159(E1),A,0,
-0.5484,-0.2247,9,A,159(E1),C,0.1931,4
-4.476,-6.052,11,A,159(E1),D,-5.761,4
-4.886,-6.539,5,A,159(E1),E,-6.433,2
-1.569,-1.042,7,A,159(E1),F,-1.787,3
-0.9354,-0.4612,4,A,159(E1),G,-0.8836,3
0.2651,0.07447,9,A,159(E1),H,0.06801,5
0.07289,0.02233,10,A,159(E1),I,0.17,3
-1.524,-0.9919,6,A,159(E1),K,-1.34,4
-2.115,-1.779,4,A,159(E1),L,-2.159,3
-0.4494,-0.1757,3,A,159(E1),M,0.3458,1
0.7021,0.1632,3,A,159(E1),N,0.621,1
-6.613,-7.51,8,A,159(E1),P,-8,6
-1.09,-0.5784,3,A,159(E1),Q,-0.2618,1
-0.9968,-0.5062,12,A,159(E1),R,0.03614,5
-1.258,-0.7231,13,A,159(E1),S,-0.4113,4
-0.2549,-0.0909,120,A,159(E1),T,0.2933,11
1.116,0.219,10,A,159(E1),V,-0.2697,5
-4.097,-5.487,3,A,159(E1),W,-6.701,2
-0.5719,-0.237,11,A,159(E1),Y,-0.6448,9
-0.8565,-0.4067,5,K,160(E1),-,,
0.4577,0.1181,6,K,160(E1),A,-0.3362,4
-0.7321,-0.3275,5,K,160(E1),C,-0.2896,3
-1.035,-0.5352,8,K,160(E1),D,-0.8899,6
-1.152,-0.6302,11,K,160(E1),E,0.1263,4
3.319,0.3178,5,K,160(E1),F,1.024,4
-1.732,-1.238,17,K,160(E1),G,-1.409,6
2.249,0.2941,3,K,160(E1),H,0.5782,1
-0.06809,-0.02225,6,K,160(E1),I,0.0468,2
0,0,,K,160(E1),K,0,
0.8727,0.1889,8,K,160(E1),L,-1.018,6
-0.8379,-0.3943,4,K,160(E1),M,0.1471,1
-1.687,-1.183,6,K,160(E1),N,-1.548,4
-2.742,-2.887,5,K,160(E1),P,-2.839,3
-1.981,-1.578,5,K,160(E1),Q,-2.031,2
0.4378,0.114,8,K,160(E1),R,-0.8767,5
-1.85,-1.393,5,K,160(E1),S,-1.894,1
-0.731,-0.3269,9,K,160(E1),T,-0.9555,5
-0.1787,-0.06147,6,K,160(E1),V,-1.361,3
-1.214,-0.6839,6,K,160(E1),W,-1.326,3
-0.3232,-0.119,6,K,160(E1),Y,-0.2505,4
-1.344,-0.8045,5,F,161(E1),-,,
-1.908,-1.472,5,F,161(E1),A,-1.018,2
-2.203,-1.92,3,F,161(E1),C,-2.18,2
-7.412,-7.644,9,F,161(E1),D,-8,5
-8.055,-7.698,8,F,161(E1),E,-8,5
0,0,,F,161(E1),F,0,
-6.842,-7.56,7,F,161(E1),G,-8,5
-6.005,-7.315,3,F,161(E1),H,-7.651,2
-0.8195,-0.3823,3,F,161(E1),I,,
-7.756,-7.677,6,F,161(E1),K,-8,3
-2.05,-1.68,10,F,161(E1),L,-1.996,5
0.7972,0.178,1,F,161(E1),M,,
-7.188,-7.616,7,F,161(E1),N,-8,4
-6.684,-7.527,9,F,161(E1),P,-8,3
-6.325,-7.431,8,F,161(E1),Q,-7.785,5
-6.874,-7.566,7,F,161(E1),R,-8,4
-7.239,-7.623,6,F,161(E1),S,-8,5
-1.991,-1.592,3,F,161(E1),T,-1.09,1
1.548,0.2577,4,F,161(E1),V,0.4325,2
-0.6247,-0.2655,4,F,161(E1),W,-0.2373,1
-0.006696,-0.002127,6,F,161(E1),Y,-0.8291,3
-0.9938,-0.504,2,I,162(E1),-,,
-0.9194,-0.4499,6,I,162(E1),A,-0.7241,3
-0.9909,-0.5018,3,I,162(E1),C,-0.8084,1
-3.877,-5.11,3,I,162(E1),D,-5.381,3
-0.07098,-0.02323,4,I,162(E1),E,-0.4075,1
-0.6406,-0.2743,6,I,162(E1),F,-0.1839,3
-1.16,-0.6364,4,I,162(E1),G,-0.5686,3
-0.9155,-0.4472,7,I,162(E1),H,-0.6714,6
0,0,,I,162(E1),I,0,
-7.004,-7.589,8,I,162(E1),K,-8,6
2.239,0.2937,4,I,162(E1),L,0.6338,3
1.046,0.211,6,I,162(E1),M,-0.5027,3
-0.8595,-0.4087,3,I,162(E1),N,-0.7141,3
-7.243,-7.624,8,I,162(E1),P,-8,4
-0.03309,-0.01064,8,I,162(E1),Q,-1.273,1
-1.417,-0.8783,3,I,162(E1),R,-1.409,1
0.9361,0.1974,10,I,162(E1),S,-0.8513,7
0.7939,0.1775,11,I,162(E1),T,0.273,7
-1.802,-1.329,5,I,162(E1),V,-1.152,2
-0.3536,-0.1321,4,I,162(E1),W,-0.2403,2
-0.5037,-0.202,4,I,162(E1),Y,0.01764,2
-0.6055,-0.2549,1,V,163(E1),-,,
-1.472,-0.9357,10,V,163(E1),A,-0.856,5
-1.291,-0.754,5,V,163(E1),C,-0.4619,1
-7.208,-7.619,5,V,163(E1),D,,
-5.929,-7.282,11,V,163(E1),E,-8,7
0.5802,0.142,6,V,163(E1),F,0.318,5
-4.446,-6.012,9,V,163(E1),G,-5.747,5
-7.029,-7.593,9,V,163(E1),H,-8,6
0.2348,0.06685,5,V,163(E1),I,-0.3972,2
-7.493,-7.653,10,V,163(E1),K,-8,5
0.4725,0.1211,9,V,163(E1),L,0.04557,4
-0.305,-0.1114,15,V,163(E1),M,-0.1515,2
-5.805,-7.223,10,V,163(E1),N,-7.468,5
-1.973,-1.566,13,V,163(E1),P,-1.615,11
-6.628,-7.514,7,V,163(E1),Q,-8,3
-6.249,-7.406,5,V,163(E1),R,-8,2
-1.832,-1.369,7,V,163(E1),S,-1.554,3
-1.805,-1.332,7,V,163(E1),T,-0.8111,4
0,0,,V,163(E1),V,0,
-2.041,-1.667,7,V,163(E1),W,-1.471,4
1.641,0.2641,6,V,163(E1),Y,-0.5953,4
-1.052,-0.5488,1,G,164(E1),-,,
-5.312,-6.918,12,G,164(E1),A,-6.958,8
-5.8,-7.221,13,G,164(E1),C,-7.389,3
-7.682,-7.671,18,G,164(E1),D,-8,5
-5.845,-7.243,9,G,164(E1),E,-8,5
-3.232,-3.865,12,G,164(E1),F,-3.955,7
0,0,,G,164(E1),G,0,
-1.125,-0.6077,7,G,164(E1),H,-2.374,1
-6.877,-7.566,18,G,164(E1),I,-8,10
-7.257,-7.626,7,G,164(E1),K,-8,5
-3.596,-4.588,4,G,164(E1),L,-4.219,1
-2.885,-3.168,11,G,164(E1),M,-3.348,5
-4.861,-6.513,5,G,164(E1),N,-7.209,3
-5.773,-7.207,7,G,164(E1),P,-8,3
-2.937,-3.271,4,G,164(E1),Q,-3.211,2
-7.136,-7.609,5,G,164(E1),R,-8,4
-4.597,-6.209,10,G,164(E1),S,-6.043,1
-5.851,-7.245,4,G,164(E1),T,-8,2
-7.479,-7.652,18,G,164(E1),V,-8,5
-4.419,-5.974,2,G,164(E1),W,-6.636,2
-2.994,-3.385,2,G,164(E1),Y,-4.304,2
-0.7194,-0.3199,1,P,165(E1),-,,
-2.129,-1.802,4,P,165(E1),A,-1.731,2
-6.243,-7.404,9,P,165(E1),C,-8,5
-6.322,-7.43,5,P,165(E1),D,,
-5.419,-6.995,4,P,165(E1),E,-7.54,2
-5.48,-7.036,6,P,165(E1),F,-7.113,3
-3.563,-4.525,5,P,165(E1),G,-4.916,2
-5.271,-6.887,19,P,165(E1),H,-8,9
-6.408,-7.456,8,P,165(E1),I,-8,6
-5.825,-7.233,3,P,165(E1),K,-7.356,2
-6.325,-7.431,19,P,165(E1),L,-8,7
-5.45,-7.016,5,P,165(E1),M,-7.55,1
-7.099,-7.604,4,P,165(E1),N,-8,2
0,0,,P,165(E1),P,0,
-6.881,-7.567,4,P,165(E1),Q,-8,2
-5.457,-7.021,8,P,165(E1),R,-6.926,2
-1.613,-1.093,12,P,165(E1),S,-2.003,4
-1.786,-1.307,14,P,165(E1),T,-2.049,7
-6.762,-7.543,9,P,165(E1),V,-8,2
-7.206,-7.619,11,P,165(E1),W,-8,5
-6.422,-7.46,3,P,165(E1),Y,-8,1
-2.395,-2.244,2,M,166(E1),-,,
-0.6749,-0.2937,7,M,166(E1),A,0.06025,4
-6.936,-7.577,8,M,166(E1),C,-8,4
-7.274,-7.628,9,M,166(E1),D,-8,5
-1.801,-1.328,7,M,166(E1),E,-1.659,5
-1.676,-1.168,7,M,166(E1),F,-0.4941,4
-3.432,-4.267,4,M,166(E1),G,-4.849,3
-2.712,-2.829,5,M,166(E1),H,-2.588,3
-0.3194,-0.1174,24,M,166(E1),I,-0.8105,4
-3.14,-3.68,6,M,166(E1),K,-3.897,2
2.029,0.2852,20,M,166(E1),L,0.3599,10
0,0,,M,166(E1),M,0,
-6.364,-7.443,8,M,166(E1),N,-8,5
-6.575,-7.501,10,M,166(E1),P,-8,3
0.1147,0.03449,6,M,166(E1),Q,-2.054,3
-6.55,-7.495,14,M,166(E1),R,-8,6
-1.145,-0.6242,5,M,166(E1),S,-0.4883,2
-1.009,-0.5156,10,M,166(E1),T,-1.818,2
-0.1985,-0.06894,7,M,166(E1),V,-0.7714,6
-2.883,-3.164,6,M,166(E1),W,-3.492,5
-2.364,-2.19,3,M,166(E1),Y,-3.001,1
-1.067,-0.5604,2,S,167(E1),-,,
-0.9694,-0.4859,6,S,167(E1),A,-0.8868,3
-7.358,-7.638,9,S,167(E1),C,-8,3
-7.714,-7.674,6,S,167(E1),D,-8,3
-5.829,-7.235,10,S,167(E1),E,-7.792,6
-6.853,-7.562,12,S,167(E1),F,-8,4
-1.529,-0.9973,9,S,167(E1),G,-0.8676,6
-6.003,-7.314,7,S,167(E1),H,-6.874,3
-6.246,-7.405,4,S,167(E1),I,-8,1
-6.183,-7.384,1,S,167(E1),K,-7.986,1
-5.558,-7.085,7,S,167(E1),M,-7.009,2
-5.862,-7.251,8,S,167(E1),N,-7.623,6
-1.528,-0.9963,11,S,167(E1),P,-1.435,6
-5.648,-7.139,8,S,167(E1),Q,-7.563,4
-6.038,-7.328,5,S,167(E1),R,-8,4
0,0,,S,167(E1),S,0,
2.312,0.2963,6,S,167(E1),T,0.2104,2
-5.399,-6.981,3,S,167(E1),V,,
-6.285,-7.418,3,S,167(E1),W,,
-6.454,-7.469,8,S,167(E1),Y,-8,3
-8.189,-7.705,2,S,168(E1),-,,
-0.299,-0.1089,5,S,168(E1),A,-1.3,2
-5.738,-7.189,11,S,168(E1),C,-8,3
-1.51,-0.9766,5,S,168(E1),D,-1.059,1
0.9844,0.2036,4,S,168(E1),E,-1.554,2
-1.345,-0.806,6,S,168(E1),F,-0.9163,2
-1.668,-1.159,12,S,168(E1),G,-0.4158,5
-1.81,-1.339,10,S,168(E1),H,-1.738,7
0.459,0.1184,9,S,168(E1),I,-1.048,3
-6.346,-7.438,1,S,168(E1),K,-8,1
-1.372,-0.8327,9,S,168(E1),L,-1.266,5
-1.668,-1.159,7,S,168(E1),M,-0.5348,4
-0.3348,-0.124,11,S,168(E1),N,-0.3908,4
-7.136,-7.609,6,S,168(E1),P,-8,4
-1.271,-0.7352,8,S,168(E1),Q,-1.246,7
-7.201,-7.618,17,S,168(E1),R,-8,4
0,0,,S,168(E1),S,0,
0.4409,0.1146,5,S,168(E1),T,-0.0309,4
-0.283,-0.1023,10,S,168(E1),V,-0.04445,6
-2.083,-1.73,6,S,168(E1),W,-1.27,3
-1.904,-1.468,7,S,168(E1),Y,-2.263,4
0.573,0.1407,1,A,169(E1),-,,
0,0,,A,169(E1),A,0,
-5.511,-7.056,9,A,169(E1),C,-7.656,6
-6.172,-7.379,7,A,169(E1),D,-8,4
-7.255,-7.625,7,A,169(E1),E,-8,3
-0.274,-0.09859,5,A,169(E1),F,-0.3326,3
-4.161,-5.59,2,A,169(E1),G,,
-6.017,-7.32,1,A,169(E1),H,-8,1
-2.708,-2.822,3,A,169(E1),I,-3.083,2
-8.548,-7.721,4,A,169(E1),K,-7.245,2
-0.6668,-0.2891,9,A,169(E1),L,-1.149,4
-0.5397,-0.2202,7,A,169(E1),M,-0.1575,3
-6.556,-7.496,7,A,169(E1),N,-7.605,3
-1.256,-0.7212,5,A,169(E1),P,-0.5167,2
-4.868,-6.521,2,A,169(E1),Q,-6.87,2
-5.366,-6.958,9,A,169(E1),R,-7.543,2
-2.15,-1.834,9,A,169(E1),S,-2.5,4
-2.129,-1.801,15,A,169(E1),T,-1.479,6
-0.4518,-0.1768,12,A,169(E1),V,-0.808,6
-2.559,-2.54,6,A,169(E1),W,,
-4.203,-5.656,5,A,169(E1),Y,-5.82,3
-7.897,-7.687,32,W,170(E1),*,-8,4
-0.1204,-0.04033,1,W,170(E1),-,,
-4.792,-6.439,9,W,170(E1),A,-8,7
-6.598,-7.507,15,W,170(E1),C,-8,4
-6.915,-7.573,5,W,170(E1),D,-7.998,2
-5.853,-7.247,3,W,170(E1),E,-7.58,2
3.597,0.3208,4,W,170(E1),F,-0.8373,2
-7.047,-7.596,10,W,170(E1),G,-8,3
-2.154,-1.841,6,W,170(E1),H,-1.387,3
-6.299,-7.423,1,W,170(E1),I,-8,1
-1.02,-0.524,1,W,170(E1),K,,
-7.146,-7.611,10,W,170(E1),L,-8,6
-2.748,-2.899,3,W,170(E1),M,,
-5.405,-6.985,9,W,170(E1),N,-7.367,4
-6.931,-7.576,5,W,170(E1),P,-8,1
-4.492,-6.073,2,W,170(E1),Q,-6.63,2
-6.98,-7.585,25,W,170(E1),R,-8,3
-6.154,-7.373,10,W,170(E1),S,-8,1
-2.392,-2.239,6,W,170(E1),T,-2.691,3
-3.336,-4.076,8,W,170(E1),V,-4.251,5
0,0,,W,170(E1),W,0,
-0.1812,-0.06241,5,W,170(E1),Y,-0.4273,3
-1.453,-0.9152,2,T,171(E1),-,,
-1.77,-1.287,11,T,171(E1),A,-1.796,5
-5.91,-7.273,11,T,171(E1),C,-8,9
-3.01,-3.418,6,T,171(E1),D,-3.13,4
-6.512,-7.485,5,T,171(E1),E,,
-7.392,-7.642,10,T,171(E1),F,-8,4
-0.4389,-0.1707,3,T,171(E1),G,-0.7083,2
-7.239,-7.623,7,T,171(E1),H,-8,4
-7.108,-7.605,11,T,171(E1),I,-8,4
-6.699,-7.53,7,T,171(E1),K,-8,4
-6.964,-7.582,4,T,171(E1),L,-8,2
-7.162,-7.613,6,T,171(E1),M,-8,4
-3.113,-3.625,5,T,171(E1),N,-4.349,3
-6.463,-7.472,9,T,171(E1),P,-8,4
-4.968,-6.622,8,T,171(E1),Q,-6.63,3
-6.275,-7.415,8,T,171(E1),R,-8,4
-1.202,-0.6732,5,T,171(E1),S,-1.023,2
0,0,,T,171(E1),T,0,
-4.372,-5.907,5,T,171(E1),V,-4.808,1
-5.869,-7.254,6,T,171(E1),W,-8,3
-6.782,-7.548,4,T,171(E1),Y,,
-1.097,-0.5842,2,P,172(E1),-,,
-2.562,-2.546,7,P,172(E1),A,-2.814,4
-3.926,-5.196,14,P,172(E1),C,-5.207,7
-5.34,-6.938,4,P,172(E1),D,-7.316,2
-6.229,-7.399,7,P,172(E1),E,-8,3
-7.414,-7.645,10,P,172(E1),F,-8,6
-5.682,-7.159,5,P,172(E1),G,,
-6.839,-7.559,7,P,172(E1),H,-8,4
-5.142,-6.781,7,P,172(E1),I,-6.842,5
-6.459,-7.471,3,P,172(E1),K,-8,1
-6.565,-7.498,7,P,172(E1),L,-8,1
-7.248,-7.625,4,P,172(E1),M,-8,4
-6.462,-7.471,3,P,172(E1),N,-8,1
0,0,,P,172(E1),P,0,
-7.237,-7.623,8,P,172(E1),Q,-8,6
-6.52,-7.487,4,P,172(E1),R,-8,1
-5.494,-7.046,8,P,172(E1),S,-7.392,2
-6.522,-7.487,12,P,172(E1),T,-8,7
-3.554,-4.507,10,P,172(E1),V,-4.891,9
-6.671,-7.524,9,P,172(E1),W,-8,4
-6.457,-7.47,7,P,172(E1),Y,-8,6
-1.277,-0.7413,2,F,173(E1),-,,
-7.103,-7.604,7,F,173(E1),A,-8,4
-6.46,-7.471,7,F,173(E1),C,-7.863,3
-7.368,-7.639,4,F,173(E1),D,-8,1
-4.643,-6.266,3,F,173(E1),E,,
0,0,,F,173(E1),F,0,
-6.762,-7.544,8,F,173(E1),G,-8,3
-4.94,-6.594,6,F,173(E1),H,-6.704,2
-3.872,-5.101,7,F,173(E1),I,-4.152,1
-6.837,-7.559,7,F,173(E1),K,-8,3
-3.379,-4.162,23,F,173(E1),L,-4.105,10
-7.143,-7.61,11,F,173(E1),M,-8,2
-6.105,-7.355,7,F,173(E1),N,-8,4
-7.077,-7.6,5,F,173(E1),P,-8,1
-5.489,-7.042,3,F,173(E1),Q,-7.397,2
-5.776,-7.208,8,F,173(E1),R,-6.905,2
-7.219,-7.621,8,F,173(E1),S,-8,2
-7.036,-7.594,4,F,173(E1),T,-8,4
-6.742,-7.539,12,F,173(E1),V,-8,7
-6.712,-7.533,6,F,173(E1),W,-8,5
-3.715,-4.814,14,F,173(E1),Y,-4.974,7
-1.317,-0.7786,4,D,174(E1),-,,
-2.225,-1.955,5,D,174(E1),A,-2.397,3
-3.495,-4.391,2,D,174(E1),C,-5.845,2
0,0,,D,174(E1),D,0,
-1.194,-0.6661,7,D,174(E1),E,0.1278,1
-2.188,-1.896,7,D,174(E1),F,-2.016,5
-2.988,-3.374,8,D,174(E1),G,-3.726,6
-3.48,-4.362,9,D,174(E1),H,-4.847,3
-2.225,-1.955,4,D,174(E1),I,-2.094,1
-7.531,-7.657,4,D,174(E1),K,-8,2
-3.413,-4.229,6,D,174(E1),L,-4.165,2
-2.625,-2.664,3,D,174(E1),M,-2.517,2
-0.719,-0.3196,19,D,174(E1),N,0.07068,7
-3.713,-4.811,9,D,174(E1),P,-4.319,4
-2.213,-1.936,4,D,174(E1),Q,-3.041,1
-6.651,-7.519,4,D,174(E1),R,-8,3
-1.067,-0.5605,7,D,174(E1),S,-0.1409,3
-1.057,-0.5528,8,D,174(E1),T,-0.3606,7
-4.159,-5.586,12,D,174(E1),V,-5.382,6
-1.917,-1.485,7,D,174(E1),W,-1.32,4
-2.923,-3.244,8,D,174(E1),Y,-3.393,5
-7.193,-7.617,23,N,175(E1),-,-8,1
0.7848,0.1762,4,N,175(E1),A,-0.4028,1
-2.779,-2.96,4,N,175(E1),C,-3.475,3
0.1011,0.03057,11,N,175(E1),D,-1.138,7
-0.6808,-0.2971,6,N,175(E1),E,-1.01,3
3.129,0.3152,6,N,175(E1),F,0.6514,1
-0.3362,-0.1246,11,N,175(E1),G,-0.2017,3
-1.067,-0.5605,10,N,175(E1),H,-0.3742,5
-0.7939,-0.3658,11,N,175(E1),I,-0.4186,7
-1.31,-0.7719,11,N,175(E1),K,-0.3088,4
-0.2832,-0.1023,7,N,175(E1),L,-0.2769,6
-0.6446,-0.2765,13,N,175(E1),M,-0.3493,7
0,0,,N,175(E1),N,0,
-0.2261,-0.07954,8,N,175(E1),P,1.027,3
2.739,0.308,5,N,175(E1),Q,0.8634,4
0.304,0.08394,10,N,175(E1),R,0.0471,6
-1.141,-0.621,6,N,175(E1),S,-0.6418,2
-1.387,-0.8469,5,N,175(E1),T,-0.3445,2
-1.021,-0.5245,6,N,175(E1),V,-0.9583,3
-1.966,-1.556,5,N,175(E1),W,-1.74,3
-3.232,-3.866,3,N,175(E1),Y,-4.236,1
-8.061,-7.698,1,K,176(E1),*,-8,1
-0.5895,-0.2463,4,K,176(E1),-,,
-2.633,-2.678,12,K,176(E1),A,-3.599,6
-2.748,-2.9,11,K,176(E1),C,-2.859,5
-7.118,-7.606,5,K,176(E1),D,-8,4
-1.888,-1.445,12,K,176(E1),E,-1.389,4
-2.308,-2.094,7,K,176(E1),F,-2.343,5
-2.063,-1.699,9,K,176(E1),G,-1.768,4
-1.755,-1.268,7,K,176(E1),H,-1.315,6
-8.542,-7.721,11,K,176(E1),I,-8,7
0,0,,K,176(E1),K,0,
-2.189,-1.898,16,K,176(E1),L,-2.441,8
-1.61,-1.09,7,K,176(E1),M,0.2476,3
-1.802,-1.328,11,K,176(E1),N,-1.453,5
-6.077,-7.344,12,K,176(E1),P,-8,8
0.7647,0.1731,7,K,176(E1),Q,0.3151,2
0.262,0.07371,10,K,176(E1),R,0.0398,4
-1.252,-0.7179,10,K,176(E1),S,-0.9459,7
-1.681,-1.175,10,K,176(E1),T,-1.528,5
-6.803,-7.552,8,K,176(E1),V,-8,7
-3.094,-3.588,6,K,176(E1),W,-3.772,4
2.404,0.2993,1,K,176(E1),Y,0.7953,1
-0.4951,-0.1978,4,I,177(E1),-,,
-7.392,-7.642,12,I,177(E1),A,-8,11
-4.969,-6.623,9,I,177(E1),C,-6.445,5
-7.112,-7.606,7,I,177(E1),D,-8,3
-6.62,-7.512,7,I,177(E1),E,-8,3
-3.202,-3.806,8,I,177(E1),F,-3.397,2
-7.383,-7.641,6,I,177(E1),G,-8,3
-10.06,-7.749,3,I,177(E1),H,-8,3
0,0,,I,177(E1),I,0,
-6.821,-7.556,4,I,177(E1),K,-8,1
-0.6698,-0.2908,5,I,177(E1),L,-0.2612,3
-1.004,-0.5117,7,I,177(E1),M,-0.7848,2
-6.993,-7.587,7,I,177(E1),N,-8,2
-5.478,-7.034,7,I,177(E1),P,-7.119,2
-6.786,-7.549,6,I,177(E1),Q,-8,3
-5.663,-7.148,6,I,177(E1),R,-8,3
-6.833,-7.558,12,I,177(E1),S,-8,5
-7.09,-7.602,12,I,177(E1),T,-8,6
-0.9576,-0.4772,8,I,177(E1),V,-1.141,3
-5.736,-7.188,13,I,177(E1),W,-8,10
-6.851,-7.561,10,I,177(E1),Y,-8,9
-0.696,-0.306,4,V,178(E1),-,,
-0.9618,-0.4803,6,V,178(E1),A,-0.3486,3
-2.54,-2.504,9,V,178(E1),C,-2.933,7
-5.911,-7.274,7,V,178(E1),D,-7.849,6
-6.606,-7.509,10,V,178(E1),E,-8,4
-6.941,-7.578,7,V,178(E1),F,-8,2
-7.612,-7.665,7,V,178(E1),G,-8,3
-6.895,-7.57,4,V,178(E1),H,-8,1
-1.03,-0.5313,3,V,178(E1),I,-0.7827,2
-7.072,-7.599,7,V,178(E1),K,-8,4
-2.901,-3.199,11,V,178(E1),L,-2.991,6
-6.725,-7.536,19,V,178(E1),M,-8,9
-6.226,-7.399,5,V,178(E1),N,-8,3
-5.794,-7.217,7,V,178(E1),P,-8,2
-6.451,-7.468,8,V,178(E1),Q,-8,5
-7.013,-7.59,10,V,178(E1),R,-8,8
-5.554,-7.083,4,V,178(E1),S,,
-1.913,-1.48,5,V,178(E1),T,-1.738,5
0,0,,V,178(E1),V,0,
-6.168,-7.378,4,V,178(E1),W,-8,3
-6.57,-7.5,8,V,178(E1),Y,-8,5
-0.2953,-0.1073,3,V,179(E1),-,,
-1.738,-1.245,9,V,179(E1),A,-1.784,2
-2.851,-3.1,4,V,179(E1),C,-3.447,3
-4.311,-5.819,9,V,179(E1),D,-6.383,4
-1.926,-1.499,15,V,179(E1),E,-1.448,7
-6.454,-7.469,7,V,179(E1),F,-7.58,2
-5.544,-7.077,7,V,179(E1),G,-7.389,2
-1.73,-1.236,2,V,179(E1),H,,
-0.9149,-0.4468,12,V,179(E1),I,-0.2073,2
-3.423,-4.25,10,V,179(E1),K,-4.322,2
-2.59,-2.597,15,V,179(E1),L,-1.963,4
-2.516,-2.46,27,V,179(E1),M,-1.752,4
-5.17,-6.805,4,V,179(E1),N,-7.209,3
-6.464,-7.472,2,V,179(E1),P,-8,1
-1.108,-0.5932,9,V,179(E1),Q,-0.8664,8
-4.237,-5.708,6,V,179(E1),R,-5.741,3
-2.105,-1.763,7,V,179(E1),S,-2.316,3
0,0,,V,179(E1),V,0,
-5.445,-7.013,3,V,179(E1),W,-7.036,2
-8.572,-7.722,6,V,179(E1),Y,-7.991,3
-0.7206,-0.3206,1,Y,180(E1),*,,
0.684,0.1602,2,Y,180(E1),-,,
-7.194,-7.617,6,Y,180(E1),A,-8,1
-4.136,-5.549,8,Y,180(E1),C,-5.976,2
-5.876,-7.258,8,Y,180(E1),D,-7.599,5
-7.19,-7.617,11,Y,180(E1),E,-8,7
-3.272,-3.946,12,Y,180(E1),F,-3.571,1
-7.09,-7.602,10,Y,180(E1),G,-8,4
-2.657,-2.725,12,Y,180(E1),H,-2.902,5
-4.977,-6.63,5,Y,180(E1),I,-6.025,1
-6.65,-7.519,7,Y,180(E1),K,-8,1
-5.266,-6.883,8,Y,180(E1),L,-7.186,6
-4.136,-5.55,6,Y,180(E1),M,-5.615,5
-10.34,-7.751,8,Y,180(E1),N,-8,1
-7.065,-7.598,13,Y,180(E1),P,-8,6
-7.457,-7.649,9,Y,180(E1),Q,-8,4
-8.092,-7.7,8,Y,180(E1),R,-8,4
-7.084,-7.601,5,Y,180(E1),S,-8,3
-5.613,-7.119,4,Y,180(E1),T,-7.308,2
-6.662,-7.522,10,Y,180(E1),V,-8,7
-4.32,-5.832,4,Y,180(E1),W,-6.567,4
0,0,,Y,180(E1),Y,0,
1.32,0.2393,2,K,181(E1),*,-6.771,1
-0.3656,-0.1373,11,K,181(E1),A,-1.124,7
-2.517,-2.463,18,K,181(E1),C,-2.513,9
-2.423,-2.294,10,K,181(E1),D,-2.645,4
-2.995,-3.388,8,K,181(E1),E,-4.096,3
-1.058,-0.5532,11,K,181(E1),F,-0.6506,6
-0.304,-0.1109,13,K,181(E1),G,-0.08145,6
-1.006,-0.513,8,K,181(E1),H,-0.5253,7
-2.711,-2.827,6,K,181(E1),I,-2.227,3
0,0,,K,181(E1),K,0,
-1.196,-0.6676,10,K,181(E1),L,-1.336,4
-1.372,-0.8323,14,K,181(E1),M,-0.4263,5
-1.279,-0.7429,16,K,181(E1),N,-1.17,4
-6.888,-7.568,8,K,181(E1),P,-8,3
-0.4749,-0.1879,11,K,181(E1),Q,-0.727,7
1.146,0.2222,11,K,181(E1),R,-0.01844,2
1.215,0.2293,10,K,181(E1),S,0.3781,7
-2.574,-2.567,17,K,181(E1),T,-1.976,7
-2.193,-1.904,8,K,181(E1),V,-1.84,3
-0.946,-0.4689,13,K,181(E1),W,-0.9864,7
-1.828,-1.364,9,K,181(E1),Y,-1.97,6
-1.352,-0.8124,1,G,182(E1),-,,
-0.5127,-0.2065,13,G,182(E1),A,0.7696,5
-1.545,-1.016,6,G,182(E1),C,-0.2495,2
0.805,0.1792,13,G,182(E1),D,-0.4203,5
-2.061,-1.696,7,G,182(E1),E,-1.905,2
-2.174,-1.873,9,G,182(E1),F,-2.41,2
0,0,,G,182(E1),G,0,
-0.08101,-0.02664,11,G,182(E1),H,-0.04474,4
-0.5365,-0.2186,5,G,182(E1),I,-0.7798,5
-1.788,-1.31,6,G,182(E1),K,-1.392,5
-0.7347,-0.329,6,G,182(E1),L,1.327,2
0.4819,0.123,5,G,182(E1),M,-0.1163,1
-0.2732,-0.09826,8,G,182(E1),N,-0.7908,3
-7.08,-7.601,7,G,182(E1),P,-8,3
0.3726,0.09979,10,G,182(E1),Q,-0.2051,4
-1.741,-1.249,5,G,182(E1),R,-1.577,3
-0.2091,-0.07299,10,G,182(E1),S,-0.2947,1
0.5583,0.1379,10,G,182(E1),T,-0.2276,6
-0.6177,-0.2616,14,G,182(E1),V,-0.4454,9
0.2831,0.0789,12,G,182(E1),W,0.8145,4
-0.7062,-0.312,11,G,182(E1),Y,-0.067,9
-1.094,-0.5823,2,D,183(E1),-,,
-0.9938,-0.504,9,D,183(E1),A,-0.6165,7
-2.062,-1.698,9,D,183(E1),C,-1.731,4
0,0,,D,183(E1),D,0,
-0.4299,-0.1665,15,D,183(E1),E,-0.4516,8
-1.176,-0.6505,13,D,183(E1),F,-1.144,5
-1.905,-1.468,7,D,183(E1),G,-1.966,4
-1.769,-1.286,5,D,183(E1),H,-1.442,2
-5.07,-6.718,10,D,183(E1),I,-5.547,5
-2.07,-1.711,5,D,183(E1),K,-2.693,2
-3.073,-3.545,10,D,183(E1),L,-4.201,5
-2.559,-2.54,7,D,183(E1),M,-2.321,3
-2.187,-1.893,31,D,183(E1),N,-2.18,13
-6.836,-7.558,9,D,183(E1),P,-8,6
-0.8124,-0.3777,2,D,183(E1),Q,-0.5812,1
-3.389,-4.182,2,D,183(E1),R,,
-1.37,-0.8308,10,D,183(E1),S,-1.111,6
-2.44,-2.324,3,D,183(E1),T,-2.651,2
-1.483,-0.9472,5,D,183(E1),V,-0.9599,3
-2.386,-2.228,8,D,183(E1),W,-1.896,5
-0.5717,-0.2369,11,D,183(E1),Y,-0.445,5
-1.107,-0.5925,1,V,184(E1),-,,
-0.9721,-0.4878,6,V,184(E1),A,,
-1.601,-1.08,7,V,184(E1),C,0.3847,2
-7.596,-7.663,8,V,184(E1),D,-8,4
-7.403,-7.643,11,V,184(E1),E,-8,9
-7.488,-7.653,13,V,184(E1),F,-8,6
-6.289,-7.42,9,V,184(E1),G,-8,5
-7.31,-7.632,8,V,184(E1),H,-8,5
-2.215,-1.939,13,V,184(E1),I,-1.877,2
-7.18,-7.615,10,V,184(E1),K,-8,6
-2.097,-1.751,9,V,184(E1),L,-1.741,4
-5.754,-7.197,4,V,184(E1),M,-7.363,2
-9.407,-7.742,7,V,184(E1),N,-8,5
-7.078,-7.6,14,V,184(E1),P,-8,11
-6.703,-7.531,8,V,184(E1),Q,-7.022,4
-7.301,-7.631,6,V,184(E1),R,-8,5
-7.328,-7.635,8,V,184(E1),S,-8,6
-2.611,-2.637,10,V,184(E1),T,-2.797,3
0,0,,V,184(E1),V,0,
-7.749,-7.676,9,V,184(E1),W,-8,4
-7.206,-7.619,9,V,184(E1),Y,-8,3
-10.39,-7.752,2,Y,185(E1),*,,
-1.307,-0.7689,2,Y,185(E1),-,,
-7.865,-7.685,8,Y,185(E1),A,-8,5
-6.707,-7.532,8,Y,185(E1),C,-8,1
-5.769,-7.205,7,Y,185(E1),D,-8,5
-8.544,-7.721,5,Y,185(E1),E,-8,1
-1.674,-1.166,5,Y,185(E1),F,-0.4901,2
-6.684,-7.527,7,Y,185(E1),G,-8,2
-0.457,-0.1793,14,Y,185(E1),H,-1.529,5
-6.068,-7.34,1,Y,185(E1),I,-8,1
-7.524,-7.656,6,Y,185(E1),K,-8,5
-6.641,-7.517,11,Y,185(E1),L,-8,11
-3.957,-5.251,9,Y,185(E1),M,-5.2,3
-6.416,-7.458,8,Y,185(E1),N,-8,5
-6.405,-7.455,14,Y,185(E1),P,-8,6
-7.444,-7.648,12,Y,185(E1),Q,-8,6
-5.991,-7.309,5,Y,185(E1),R,-7.297,4
-6.887,-7.568,6,Y,185(E1),S,-7.717,2
-6.687,-7.527,6,Y,185(E1),T,-7.307,2
-6.747,-7.54,11,Y,185(E1),V,-7.377,5
-0.7389,-0.3316,14,Y,185(E1),W,-0.3617,6
0,0,,Y,185(E1),Y,0,
-2.655,-2.721,3,N,186(E1),-,,
-6.361,-7.442,7,N,186(E1),A,-8,6
-3.291,-3.986,9,N,186(E1),C,-4.042,2
-3.71,-4.806,8,N,186(E1),D,-4.883,5
-4.169,-5.602,5,N,186(E1),E,-6.501,2
-7.522,-7.656,6,N,186(E1),F,-8,5
-5.838,-7.239,8,N,186(E1),G,-8,6
-6.704,-7.531,13,N,186(E1),H,-8,8
-8.571,-7.722,10,N,186(E1),I,-8,4
-7.531,-7.657,9,N,186(E1),K,-8,1
-3.507,-4.415,6,N,186(E1),L,-4.678,6
-7.323,-7.634,10,N,186(E1),M,-8,5
0,0,,N,186(E1),N,0,
-6.853,-7.562,8,N,186(E1),P,-8,7
-6.202,-7.39,9,N,186(E1),Q,-8,7
-7.058,-7.597,4,N,186(E1),R,-8,2
-3.769,-4.915,13,N,186(E1),S,-5.017,6
-5.42,-6.996,5,N,186(E1),T,-6.95,2
-5.183,-6.816,4,N,186(E1),V,-7.352,1
-7.281,-7.629,13,N,186(E1),W,-8,10
-7.627,-7.666,9,N,186(E1),Y,-8,8
-1.751,-1.262,2,M,187(E1),-,,
-0.4504,-0.1761,7,M,187(E1),A,-0.8148,6
-1.294,-0.7565,5,M,187(E1),C,-1.453,3
-2.243,-1.985,2,M,187(E1),D,-2.25,2
-0.1674,-0.05728,6,M,187(E1),E,-1.045,2
-0.2349,-0.08297,7,M,187(E1),F,-0.0046,4
-5.418,-6.994,6,M,187(E1),G,-7.38,4
0.2057,0.05935,7,M,187(E1),H,-1.084,3
-0.8532,-0.4044,28,M,187(E1),I,-0.5297,9
-0.7807,-0.3575,10,M,187(E1),K,-0.782,5
-1.327,-0.7886,12,M,187(E1),L,-1.097,4
0,0,,M,187(E1),M,0,
-1.788,-1.31,10,M,187(E1),N,-1.423,10
-5.806,-7.224,7,M,187(E1),P,-7.582,6
-0.6933,-0.3044,6,M,187(E1),Q,0.07309,4
-1.256,-0.7211,6,M,187(E1),R,-1.13,4
-1.148,-0.6267,12,M,187(E1),S,-0.01113,9
-0.6774,-0.2952,10,M,187(E1),T,-0.3444,7
-1.462,-0.9246,15,M,187(E1),V,-1.761,7
1.084,0.2155,6,M,187(E1),W,-0.228,4
-0.544,-0.2224,9,M,187(E1),Y,-1.23,5
-1.537,-1.006,2,D,188(E1),-,,
-0.6125,-0.2587,10,D,188(E1),A,0.09782,5
-2.915,-3.228,9,D,188(E1),C,-4.428,5
0,0,,D,188(E1),D,0,
-0.5959,-0.2498,10,D,188(E1),E,-0.8503,6
-0.5172,-0.2088,14,D,188(E1),F,0.5816,5
-1.216,-0.6858,8,D,188(E1),G,0.1073,4
-0.05069,-0.01644,9,D,188(E1),H,0.5683,5
-0.3325,-0.123,8,D,188(E1),I,0.1355,3
-7.107,-7.605,6,D,188(E1),K,-8,4
-1.438,-0.8994,11,D,188(E1),L,-0.7068,9
-1.52,-0.988,3,D,188(E1),M,1.246,1
-0.851,-0.403,19,D,188(E1),N,0.2946,3
-1.381,-0.8414,7,D,188(E1),P,-1.439,5
0.1456,0.04317,11,D,188(E1),Q,0.02654,9
-6.278,-7.416,14,D,188(E1),R,-8,10
-7.325,-7.634,12,D,188(E1),S,-8,5
-8.321,-7.712,9,D,188(E1),T,-8,5
-0.6644,-0.2877,14,D,188(E1),V,0.1216,9
-1.672,-1.164,5,D,188(E1),W,-1.439,3
-4.603,-6.216,5,D,188(E1),Y,,
-5.275,-6.889,2,Y,189(E1),*,-7.071,1
-0.2066,-0.07201,1,Y,189(E1),-,,
-6.533,-7.49,13,Y,189(E1),A,-8,8
-7.65,-7.668,14,Y,189(E1),C,-8,7
-7.317,-7.633,11,Y,189(E1),D,-8,6
-6.262,-7.411,8,Y,189(E1),E,-8,4
-1.212,-0.6818,9,Y,189(E1),F,-1.88,2
-7.274,-7.628,6,Y,189(E1),G,-8,2
-3.677,-4.744,13,Y,189(E1),H,-5.249,5
-6.642,-7.517,7,Y,189(E1),I,-8,4
-6.174,-7.38,12,Y,189(E1),K,-8,7
-7.354,-7.638,8,Y,189(E1),L,-8,6
-6.454,-7.469,5,Y,189(E1),M,-7.853,2
-9.743,-7.746,13,Y,189(E1),N,-8,5
-9.809,-7.747,13,Y,189(E1),P,-8,4
-6.468,-7.473,4,Y,189(E1),Q,-8,1
-6.456,-7.47,4,Y,189(E1),R,-8,3
-6.483,-7.477,16,Y,189(E1),S,-8,6
-6.201,-7.39,5,Y,189(E1),T,-7.579,2
-6.317,-7.428,6,Y,189(E1),V,-8,5
-1.732,-1.238,3,Y,189(E1),W,-1.4,2
0,0,,Y,189(E1),Y,0,
0.168,0.0493,1,P,190(E1),-,,
-1.117,-0.6007,4,P,190(E1),A,-1.061,2
-3.768,-4.912,9,P,190(E1),C,-4.803,6
-1.469,-0.9317,5,P,190(E1),D,-1.254,3
-1.248,-0.7146,8,P,190(E1),E,-1.474,5
-2.644,-2.699,8,P,190(E1),F,-2.122,3
-5.01,-6.661,3,P,190(E1),G,-6.977,3
-2.676,-2.76,16,P,190(E1),H,-2.692,4
-2.888,-3.174,6,P,190(E1),I,-2.503,2
-6.192,-7.387,2,P,190(E1),K,-8,1
-2.561,-2.544,15,P,190(E1),L,-3.057,6
-2.512,-2.453,10,P,190(E1),M,-2.362,7
-2.343,-2.154,7,P,190(E1),N,-2.07,6
0,0,,P,190(E1),P,0,
-2.184,-1.889,7,P,190(E1),Q,-2.162,4
-4.744,-6.385,7,P,190(E1),R,-6.537,5
-1.789,-1.312,9,P,190(E1),S,-1.352,3
-1.787,-1.309,11,P,190(E1),T,-0.585,3
-1.613,-1.093,3,P,190(E1),V,-1.146,1
-5.397,-6.98,5,P,190(E1),W,-8,3
-6.848,-7.561,9,P,190(E1),Y,-8,7
-2.872,-3.142,2,P,191(E1),-,,
-0.3846,-0.1458,4,P,191(E1),A,-0.3143,2
-2.654,-2.717,11,P,191(E1),C,-2.954,6
-1.048,-0.5454,5,P,191(E1),D,-0.3967,4
-1.719,-1.221,4,P,191(E1),E,-1.465,1
-1.57,-1.043,10,P,191(E1),F,-1.821,6
-0.4589,-0.1802,11,P,191(E1),G,-0.2993,6
0.7233,0.1666,6,P,191(E1),H,-0.8268,2
0.7776,0.1751,11,P,191(E1),I,0.6109,5
-2.205,-1.923,8,P,191(E1),K,-1.74,4
-0.6247,-0.2655,6,P,191(E1),L,-0.4304,3
0.08496,0.02589,8,P,191(E1),M,-0.7951,3
-0.9752,-0.4901,10,P,191(E1),N,0.2409,6
0,0,,P,191(E1),P,0,
-0.2812,-0.1015,10,P,191(E1),Q,-0.3577,4
1.917,0.2799,11,P,191(E1),R,-0.7715,4
0.5208,0.1307,17,P,191(E1),S,-0.3264,10
-1,-0.509,9,P,191(E1),T,-0.404,2
-0.3173,-0.1165,8,P,191(E1),V,-0.04002,3
-0.3748,-0.1414,9,P,191(E1),W,-0.02293,5
-1.071,-0.5639,15,P,191(E1),Y,-0.9728,8
0.2441,0.06922,1,F,192(E1),-,,
-2.247,-1.991,6,F,192(E1),A,-2.624,3
-4.984,-6.637,9,F,192(E1),C,-6.61,5
-4.612,-6.228,11,F,192(E1),D,-5.867,8
-3.117,-3.633,9,F,192(E1),E,-3.91,4
0,0,,F,192(E1),F,0,
-3.666,-4.723,6,F,192(E1),G,-5.846,2
-2.22,-1.948,8,F,192(E1),H,-2.144,3
-2.535,-2.496,13,F,192(E1),I,-2.334,8
-7.173,-7.614,7,F,192(E1),K,,
-3.164,-3.729,17,F,192(E1),L,-3.445,5
-2.852,-3.103,4,F,192(E1),M,-3.334,2
-2.785,-2.97,4,F,192(E1),N,-3.174,3
-2.051,-1.682,5,F,192(E1),P,-1.599,2
-3.228,-3.859,15,F,192(E1),Q,-4.079,12
-4.238,-5.709,5,F,192(E1),R,-5.971,3
-2.672,-2.752,10,F,192(E1),S,-3.099,6
-2.582,-2.583,8,F,192(E1),T,-2.726,4
-2.092,-1.744,8,F,192(E1),V,-2.139,4
-2.1,-1.756,7,F,192(E1),W,-1.981,4
3.007,0.3133,9,F,192(E1),Y,1.103,2
-6.048,-7.332,3,G,193(E1),*,,
-1.866,-1.415,10,G,193(E1),A,-1.485,6
-2.387,-2.23,7,G,193(E1),C,-2.856,4
-3.016,-3.429,16,G,193(E1),D,-3.112,8
-2.657,-2.724,10,G,193(E1),E,-3.361,4
-1.553,-1.024,4,G,193(E1),F,0.0435,2
0,0,,G,193(E1),G,0,
-3.555,-4.508,9,G,193(E1),H,-4.579,7
-6.476,-7.475,13,G,193(E1),I,-8,7
-7.155,-7.612,6,G,193(E1),K,-8,5
-1.488,-0.9526,1,G,193(E1),L,-1.246,1
-1.748,-1.259,7,G,193(E1),M,-0.9641,4
2.454,0.3007,3,G,193(E1),N,0.2286,2
-7.339,-7.636,10,G,193(E1),P,-8,6
-0.5288,-0.2146,8,G,193(E1),Q,-0.975,4
-4.664,-6.291,31,G,193(E1),R,-6.383,9
-2.102,-1.759,12,G,193(E1),S,-1.262,6
-3.519,-4.439,14,G,193(E1),T,-4.293,6
-5.859,-7.249,11,G,193(E1),V,-7.825,6
-0.7113,-0.315,4,G,193(E1),W,-0.1958,3
-3.584,-4.564,3,G,193(E1),Y,-4.782,2
0,0,,A,194(E1),A,0,
-4.945,-6.599,6,A,194(E1),C,-6.707,4
-1.21,-0.6801,8,A,194(E1),D,-1.792,5
-2.161,-1.852,6,A,194(E1),E,-2.291,5
-1.846,-1.387,9,A,194(E1),F,-1.36,5
-0.2864,-0.1037,8,A,194(E1),G,-1.115,6
-2.928,-3.253,5,A,194(E1),H,-3.062,3
-2.192,-1.901,9,A,194(E1),I,-1.993,6
-7.096,-7.603,7,A,194(E1),K,-8,3
-2.481,-2.398,3,A,194(E1),L,-3.195,1
-1.576,-1.051,6,A,194(E1),M,-1.331,6
-1.172,-0.6474,3,A,194(E1),N,-1.08,1
-6.23,-7.4,13,A,194(E1),P,-8,9
-1.419,-0.8796,6,A,194(E1),Q,-1.234,4
-1.284,-0.7474,6,A,194(E1),R,-1.356,2
-0.5178,-0.2091,19,A,194(E1),S,-0.557,8
-0.05302,-0.01721,19,A,194(E1),T,-0.05765,2
-3.168,-3.737,22,A,194(E1),V,-2.97,5
-2.333,-2.137,4,A,194(E1),W,-2.71,1
-2.856,-3.11,4,A,194(E1),Y,-3.396,4
-6.867,-7.564,1,G,195(E1),*,-8,1
-1.58,-1.055,5,G,195(E1),A,-2.716,2
-0.8943,-0.4324,4,G,195(E1),C,-0.8126,2
-4.177,-5.614,101,G,195(E1),D,-6.558,21
-5.566,-7.09,7,G,195(E1),E,-7.627,6
-8.197,-7.706,11,G,195(E1),F,-7.851,4
0,0,,G,195(E1),G,0,
-5.883,-7.261,8,G,195(E1),H,-8,3
-4.682,-6.312,12,G,195(E1),I,-6.607,7
-5.022,-6.673,5,G,195(E1),K,-6.928,3
-2.579,-2.577,16,G,195(E1),L,-2.73,9
-0.4814,-0.191,4,G,195(E1),M,-0.4531,1
-0.7225,-0.3217,9,G,195(E1),N,-1.471,6
-0.9334,-0.4599,9,G,195(E1),P,-0.5301,4
-2.518,-2.464,9,G,195(E1),Q,-2.745,5
-3.96,-5.255,8,G,195(E1),R,-5.116,3
-2.198,-1.912,24,G,195(E1),S,-2.249,2
-0.4235,-0.1635,2,G,195(E1),T,-0.4383,1
-3.101,-3.601,15,G,195(E1),V,-1.906,1
-6.696,-7.529,6,G,195(E1),W,-8,4
-6.597,-7.506,15,G,195(E1),Y,-8,9
0.9639,0.201,7,R,196(E1),A,-0.3131,4
-2.69,-2.788,5,R,196(E1),C,-3.135,3
-0.6868,-0.3006,14,R,196(E1),D,-0.2717,7
0.06684,0.02053,7,R,196(E1),E,0.1068,3
-2.656,-2.722,4,R,196(E1),F,-2.766,1
-0.6221,-0.264,10,R,196(E1),G,-0.2287,5
0.5806,0.1421,3,R,196(E1),H,0.05025,2
-1.772,-1.29,12,R,196(E1),I,-1.527,6
-0.7786,-0.3562,10,R,196(E1),K,-1.547,1
2.578,0.3042,6,R,196(E1),L,-0.3168,4
0.7538,0.1714,5,R,196(E1),M,-1.743,2
-1.996,-1.599,6,R,196(E1),N,-1.699,5
-1.492,-0.9567,9,R,196(E1),P,-1.275,3
1.853,0.2766,8,R,196(E1),Q,-1.087,4
0,0,,R,196(E1),R,0,
1.693,0.2674,9,R,196(E1),S,-0.0059,6
-1.178,-0.6526,6,R,196(E1),T,-0.8989,4
-0.9047,-0.4396,12,R,196(E1),V,-0.2625,6
-1.306,-0.7682,5,R,196(E1),W,-1.547,2
-1.181,-0.655,4,R,196(E1),Y,-0.9821,4
-2.906,-3.21,1,P,197(E1),-,,
-1.671,-1.162,3,P,197(E1),A,-1.709,3
-1.857,-1.402,1,P,197(E1),C,-1.679,1
-3.199,-3.799,8,P,197(E1),D,-4.187,6
-2.126,-1.796,6,P,197(E1),E,-1.729,3
-2.444,-2.332,8,P,197(E1),F,-2.576,6
-2.208,-1.927,5,P,197(E1),G,-1.894,2
-2.085,-1.732,16,P,197(E1),H,-1.83,8
-6.784,-7.548,6,P,197(E1),I,-7.683,2
-3.374,-4.152,15,P,197(E1),K,-3.972,7
-6.427,-7.461,20,P,197(E1),L,-8,9
-2.742,-2.887,5,P,197(E1),M,-2.849,2
-3.22,-3.843,8,P,197(E1),N,-4.551,4
0,0,,P,197(E1),P,0,
-1.898,-1.459,4,P,197(E1),Q,-1.831,2
-4.807,-6.455,9,P,197(E1),R,-5.641,3
-2.068,-1.707,14,P,197(E1),S,-2.123,7
-3.56,-4.519,5,P,197(E1),T,-4.603,1
-3.682,-4.752,5,P,197(E1),V,-5.156,3
-2.276,-2.039,8,P,197(E1),W,-2.797,3
-2.458,-2.356,6,P,197(E1),Y,-2.321,5
-2.232,-1.968,1,G,198(E1),-,,
-2.895,-3.188,4,G,198(E1),A,-3.874,3
-6.535,-7.491,19,G,198(E1),C,-8,7
-7.689,-7.672,75,G,198(E1),D,-8,11
-5.141,-6.78,4,G,198(E1),E,-7.122,3
-3.551,-4.502,6,G,198(E1),F,-5.292,3
0,0,,G,198(E1),G,0,
-6.277,-7.416,4,G,198(E1),H,-7.578,2
-5.294,-6.904,5,G,198(E1),I,-8,2
-6.071,-7.341,6,G,198(E1),K,-8,3
-5.73,-7.184,8,G,198(E1),L,-8,6
-4.25,-5.728,5,G,198(E1),M,-5.414,1
-6.546,-7.494,6,G,198(E1),N,-7.326,2
-5.743,-7.191,8,G,198(E1),P,-8,4
-6.068,-7.34,8,G,198(E1),Q,-6.946,2
-6.396,-7.453,10,G,198(E1),R,-8,6
-2.82,-3.04,15,G,198(E1),S,-2.688,4
-3.713,-4.81,9,G,198(E1),T,-4.973,6
-8.059,-7.698,8,G,198(E1),V,-8,5
-5.771,-7.206,4,G,198(E1),W,,
-5.264,-6.881,4,G,198(E1),Y,-6.782,2
-6.837,-7.559,4,Q,199(E1),*,-8,1
-1.515,-0.9817,1,Q,199(E1),-,,
2.368,0.2981,2,Q,199(E1),A,0.4537,2
-0.9801,-0.4937,6,Q,199(E1),C,-0.6119,6
-2.054,-1.685,7,Q,199(E1),D,-1.809,5
-0.6726,-0.2924,2,Q,199(E1),E,-0.5337,2
-1.459,-0.9213,7,Q,199(E1),F,-0.9495,4
-1.426,-0.8876,8,Q,199(E1),G,-0.5175,3
0.7029,0.1633,11,Q,199(E1),H,0.4369,1
-1.408,-0.8689,9,Q,199(E1),I,-0.8193,5
-2.197,-1.909,11,Q,199(E1),K,-2.237,4
-1.76,-1.274,8,Q,199(E1),L,-1.473,4
1.934,0.2808,4,Q,199(E1),M,0.6044,2
-1.416,-0.8772,6,Q,199(E1),N,-1.156,3
-7.664,-7.669,7,Q,199(E1),P,-8,4
0,0,,Q,199(E1),Q,0,
-2.183,-1.887,5,Q,199(E1),R,-2.177,2
1.937,0.2809,7,Q,199(E1),S,0.7457,2
3.051,0.314,6,Q,199(E1),T,0.5315,4
-2.349,-2.164,6,Q,199(E1),V,-1.711,2
-2.342,-2.153,10,Q,199(E1),W,-3.08,7
-0.655,-0.2824,5,Q,199(E1),Y,-0.6463,4
-2.076,-1.719,1,F,200(E1),-,,
-5.275,-6.889,5,F,200(E1),A,-6.882,3
-6.647,-7.518,7,F,200(E1),C,-7.975,4
-6.422,-7.46,4,F,200(E1),D,-8,3
-6.782,-7.548,3,F,200(E1),E,-8,2
0,0,,F,200(E1),F,0,
-5.796,-7.219,5,F,200(E1),G,-8,3
-7.131,-7.608,6,F,200(E1),H,-8,3
-4.074,-5.449,10,F,200(E1),I,-5.695,5
-6.855,-7.562,3,F,200(E1),K,-8,2
0.5331,0.1331,12,F,200(E1),L,-0.308,5
-5.358,-6.952,6,F,200(E1),M,-7.242,4
-6.879,-7.567,7,F,200(E1),N,-8,3
-6.904,-7.571,5,F,200(E1),P,-8,2
-5.878,-7.258,7,F,200(E1),Q,-8,5
-5.913,-7.274,6,F,200(E1),R,-8,3
-7.418,-7.645,9,F,200(E1),S,-8,4
-7.1,-7.604,4,F,200(E1),T,-8,4
-5.407,-6.987,8,F,200(E1),V,-6.994,3
5.926,0.3293,6,F,200(E1),W,-0.7875,5
-1.344,-0.8044,8,F,200(E1),Y,-0.8633,5
-2.261,-2.014,1,G,201(E1),-,,
-1.48,-0.9438,7,G,201(E1),A,-0.897,3
-7.259,-7.626,10,G,201(E1),C,-8,2
-8.102,-7.7,19,G,201(E1),D,-8,9
-7.132,-7.609,6,G,201(E1),E,-8,3
-6.927,-7.575,6,G,201(E1),F,-8,3
0,0,,G,201(E1),G,0,
-5.788,-7.214,4,G,201(E1),H,-7.338,2
-6.492,-7.479,2,G,201(E1),I,-8,1
-5.802,-7.222,3,G,201(E1),K,-8,3
-6.627,-7.514,9,G,201(E1),L,-8,4
-7.253,-7.625,7,G,201(E1),M,-8,5
-7.234,-7.623,11,G,201(E1),N,-8,6
-6.167,-7.378,8,G,201(E1),P,-8,4
-5.72,-7.179,3,G,201(E1),Q,-8,3
-3.686,-4.76,2,G,201(E1),R,-4.934,1
-5.681,-7.158,8,G,201(E1),S,-8,2
-6.453,-7.469,9,G,201(E1),T,-8,3
-8.403,-7.715,10,G,201(E1),V,-8,3
-6.639,-7.516,6,G,201(E1),W,-8,1
-6.519,-7.487,6,G,201(E1),Y,-8,6
-0.2047,-0.07129,2,D,202(E1),-,,
-6.404,-7.455,10,D,202(E1),A,-8,7
-6.665,-7.522,9,D,202(E1),C,-8,3
0,0,,D,202(E1),D,0,
-7.611,-7.665,9,D,202(E1),E,-8,4
-6.36,-7.442,10,D,202(E1),F,-8,8
-6.806,-7.553,5,D,202(E1),G,-8,2
-6.362,-7.442,2,D,202(E1),H,-8,1
-6.641,-7.517,13,D,202(E1),I,-7.866,8
-6.564,-7.498,6,D,202(E1),K,-8,3
-6.745,-7.54,7,D,202(E1),L,-8,4
-7.371,-7.64,10,D,202(E1),M,-8,7
-7.189,-7.617,42,D,202(E1),N,-8,10
-6.729,-7.537,4,D,202(E1),P,-8,2
-7.154,-7.612,8,D,202(E1),Q,-8,4
-6.165,-7.377,9,D,202(E1),R,-8,3
-6.929,-7.576,6,D,202(E1),S,-8,4
-7.272,-7.628,10,D,202(E1),T,-8,5
-7.213,-7.62,8,D,202(E1),V,-8,3
-7.151,-7.611,5,D,202(E1),W,-8,4
-5.862,-7.251,9,D,202(E1),Y,-7.447,4
-0.458,-0.1798,2,I,203(E1),-,,
-5.07,-6.717,6,I,203(E1),A,-7.053,2
-2.21,-1.932,16,I,203(E1),C,-2.321,11
-6.309,-7.426,11,I,203(E1),D,-8,8
-6.171,-7.379,6,I,203(E1),E,-8,4
-2.726,-2.856,4,I,203(E1),F,-2.787,1
-6.191,-7.386,6,I,203(E1),G,-8,4
-7.395,-7.642,6,I,203(E1),H,-8,3
0,0,,I,203(E1),I,0,
-6.519,-7.487,3,I,203(E1),K,-8,3
-1.296,-0.7587,3,I,203(E1),L,-0.9818,2
-1.058,-0.5528,8,I,203(E1),M,-1.018,6
-5.859,-7.25,10,I,203(E1),N,-8,7
-6.462,-7.471,6,I,203(E1),P,-8,4
-7.096,-7.603,8,I,203(E1),Q,-8,4
-7.63,-7.666,7,I,203(E1),R,-8,6
-5.849,-7.244,11,I,203(E1),S,-8,6
-3.662,-4.714,10,I,203(E1),T,-5.045,6
-1.194,-0.666,10,I,203(E1),V,-0.6321,2
-5.621,-7.124,6,I,203(E1),W,-6.809,3
-4.034,-5.381,4,I,203(E1),Y,-6.329,2
-6.637,-7.516,3,Q,204(E1),*,,
-0.544,-0.2224,2,Q,204(E1),-,,
-0.6642,-0.2876,7,Q,204(E1),A,-1.345,2
-1.673,-1.165,5,Q,204(E1),C,-1.145,3
-6.346,-7.438,7,Q,204(E1),D,-8,4
-5.757,-7.199,10,Q,204(E1),E,-7.649,4
-7.331,-7.635,7,Q,204(E1),F,-8,6
-5.223,-6.849,5,Q,204(E1),G,-7.314,3
-5.717,-7.177,18,Q,204(E1),H,-8,7
-6.96,-7.581,9,Q,204(E1),I,-8,5
-7.004,-7.589,13,Q,204(E1),K,-8,10
-7.247,-7.625,11,Q,204(E1),L,-8,6
0.3295,0.08996,12,Q,204(E1),M,0.02796,9
-6.975,-7.584,8,Q,204(E1),N,-8,5
-6.659,-7.521,17,Q,204(E1),P,-8,9
0,0,,Q,204(E1),Q,0,
-6.02,-7.321,17,Q,204(E1),R,-8,6
-3.452,-4.306,2,Q,204(E1),S,-4.569,2
-3.612,-4.619,3,Q,204(E1),T,-5.386,2
-2.619,-2.652,8,Q,204(E1),V,-2.452,6
-7.117,-7.606,3,Q,204(E1),W,-8,3
-6.916,-7.573,4,Q,204(E1),Y,-8,2
-5.706,-7.172,3,S,205(E1),-,,
-2.202,-1.918,8,S,205(E1),A,-2.623,6
-1.94,-1.518,7,S,205(E1),C,-1.494,4
-3.514,-4.428,10,S,205(E1),D,-4.897,8
-3.579,-4.555,11,S,205(E1),E,-4.261,5
-2.318,-2.111,9,S,205(E1),F,-2.637,6
-3.19,-3.781,6,S,205(E1),G,-4.25,3
-2.295,-2.072,8,S,205(E1),H,-2.239,5
-3.392,-4.187,10,S,205(E1),I,-4.775,4
-2.773,-2.947,3,S,205(E1),K,-2.801,3
1.363,0.2431,4,S,205(E1),L,-0.3934,2
-0.8408,-0.3962,6,S,205(E1),M,-0.5465,2
-7.52,-7.656,32,S,205(E1),N,-8,4
-7.943,-7.691,6,S,205(E1),P,-7.923,1
-3.182,-3.766,10,S,205(E1),Q,-4.193,4
-5.798,-7.22,9,S,205(E1),R,-8,5
0,0,,S,205(E1),S,0,
-0.3804,-0.1439,5,S,205(E1),T,-0.6957,2
-2.861,-3.12,7,S,205(E1),V,-3.59,5
-4.272,-5.761,4,S,205(E1),W,-5.848,2
-3.207,-3.815,5,S,205(E1),Y,-3.694,2
-4.808,-6.456,2,R,206(E1),*,,
1.212,0.229,2,R,206(E1),-,,
-1.527,-0.9947,8,R,206(E1),A,-1.28,3
-3.361,-4.125,9,R,206(E1),C,-4.542,6
-2.872,-3.143,11,R,206(E1),D,-3.206,7
-1.501,-0.9665,8,R,206(E1),E,-1.556,4
-2.165,-1.858,4,R,206(E1),F,-1.43,3
-1.713,-1.214,16,R,206(E1),G,-1.243,7
-1.387,-0.8471,4,R,206(E1),H,-1.561,3
-1.347,-0.808,8,R,206(E1),I,-0.5474,3
-2.283,-2.051,32,R,206(E1),K,-2.437,8
-1.021,-0.5242,7,R,206(E1),L,-1.045,6
0.6212,0.1494,6,R,206(E1),M,-0.4194,4
0.01407,0.004429,9,R,206(E1),N,-0.4355,5
-2.765,-2.931,12,R,206(E1),P,-2.898,5
-0.3739,-0.141,9,R,206(E1),Q,-1.202,4
0,0,,R,206(E1),R,0,
1.446,0.25,1,R,206(E1),S,0.2322,1
0.9099,0.194,5,R,206(E1),T,-0.9629,3
-2.21,-1.931,5,R,206(E1),V,-2.017,5
-5.948,-7.29,9,R,206(E1),W,-8,5
-2.919,-3.236,12,R,206(E1),Y,-3.458,6
0.774,0.1745,2,T,207(E1),-,,
0.3961,0.105,9,T,207(E1),A,-0.6303,4
-2.436,-2.317,4,T,207(E1),C,-2.699,3
-2.049,-1.678,6,T,207(E1),D,-2.222,4
-1.998,-1.603,5,T,207(E1),E,-2.651,3
0.2334,0.06652,4,T,207(E1),F,-0.9813,1
-2.022,-1.638,6,T,207(E1),G,-2.161,4
-0.3262,-0.1203,8,T,207(E1),H,-1.247,4
-1.761,-1.276,14,T,207(E1),I,-0.9288,4
-0.8979,-0.4349,5,T,207(E1),K,-0.3008,3
1.156,0.2233,11,T,207(E1),L,-0.7504,4
-0.8271,-0.3872,3,T,207(E1),M,0.8677,2
-1.444,-0.9061,9,T,207(E1),N,-1.165,5
-5.897,-7.267,9,T,207(E1),P,-8,3
-0.9105,-0.4436,6,T,207(E1),Q,-1.1,4
-0.3983,-0.152,5,T,207(E1),R,0.05445,2
-1.331,-0.7921,8,T,207(E1),S,-1.27,2
0,0,,T,207(E1),T,0,
-1.525,-0.9929,7,T,207(E1),V,-0.9401,5
-1.323,-0.7848,10,T,207(E1),W,-0.9918,7
-1.69,-1.186,6,T,207(E1),Y,-0.9629,3
-1.246,-0.7123,3,P,208(E1),-,,
-0.7489,-0.3377,4,P,208(E1),A,-1.788,2
-2.608,-2.632,4,P,208(E1),C,-2.978,3
-2.219,-1.946,4,P,208(E1),D,-2.221,1
-2.094,-1.747,3,P,208(E1),E,-2.62,2
-0.9199,-0.4503,10,P,208(E1),F,-1.47,3
-2.437,-2.318,7,P,208(E1),G,-1.842,3
-2.336,-2.141,11,P,208(E1),H,-2.33,5
-1.296,-0.7586,10,P,208(E1),I,-1.501,6
-2.386,-2.228,6,P,208(E1),K,-1.57,2
-2.309,-2.096,4,P,208(E1),L,-2.397,3
-1.964,-1.553,1,P,208(E1),M,-1.759,1
-2.318,-2.11,4,P,208(E1),N,-2.668,2
0,0,,P,208(E1),P,0,
-1.371,-0.8312,6,P,208(E1),Q,-2.993,3
-1.599,-1.077,3,P,208(E1),R,-1.176,2
-0.7065,-0.3122,9,P,208(E1),S,-0.5087,2
-1.501,-0.9671,12,P,208(E1),T,-0.003697,3
-0.2624,-0.0939,6,P,208(E1),V,0.1979,5
-1.696,-1.194,6,P,208(E1),W,-1.703,4
-1.705,-1.205,13,P,208(E1),Y,-2.206,6
-4.008,-5.338,2,E,209(E1),*,,
-0.3283,-0.1212,3,E,209(E1),-,,
-0.4833,-0.192,8,E,209(E1),A,-0.3055,4
-2.316,-2.107,12,E,209(E1),C,-2.343,8
-0.3295,-0.1217,14,E,209(E1),D,-0.6271,4
0,0,,E,209(E1),E,0,
3.056,0.3141,9,E,209(E1),F,-0.208,5
-0.3145,-0.1153,13,E,209(E1),G,-0.203,1
-0.9124,-0.445,7,E,209(E1),H,0.1087,5
-0.127,-0.04265,11,E,209(E1),I,0.04962,6
-1.654,-1.142,15,E,209(E1),K,-0.5709,3
-2.032,-1.653,4,E,209(E1),L,-1.331,2
-0.1664,-0.05692,12,E,209(E1),M,-0.2583,7
0.3434,0.09316,7,E,209(E1),N,-0.05105,5
-3.004,-3.406,5,E,209(E1),P,-3.413,2
-0.05689,-0.0185,4,E,209(E1),Q,1.092,1
-1.34,-0.8007,6,E,209(E1),R,-1.334,2
0.1692,0.04963,8,E,209(E1),S,-0.4461,7
-0.4547,-0.1782,12,E,209(E1),T,-0.4487,9
-1.141,-0.6209,4,E,209(E1),V,-0.7601,1
-0.617,-0.2612,3,E,209(E1),W,-0.8999,3
0.2565,0.07232,4,E,209(E1),Y,0.3498,3
2.083,0.2876,1,S,210(E1),-,,
-0.9561,-0.4762,2,S,210(E1),A,,
-4.371,-5.907,1,S,210(E1),C,-6.011,1
-3.745,-4.87,4,S,210(E1),D,-5.022,2
-5.902,-7.269,7,S,210(E1),F,-8,5
-0.5849,-0.2438,7,S,210(E1),G,-1.871,1
-2.936,-3.269,5,S,210(E1),H,-3.081,3
-4.467,-6.04,6,S,210(E1),I,-5.728,1
-2.435,-2.315,4,S,210(E1),K,-2.811,1
-3.742,-4.864,4,S,210(E1),L,-4.761,3
-2.059,-1.694,3,S,210(E1),M,,
-4.581,-6.189,8,S,210(E1),N,-5.773,1
-6.616,-7.511,8,S,210(E1),P,-8,2
-2.973,-3.343,7,S,210(E1),Q,-3.279,2
-2.741,-2.885,18,S,210(E1),R,-3.239,8
0,0,,S,210(E1),S,0,
-0.6499,-0.2795,8,S,210(E1),T,-0.7227,5
-3.995,-5.317,7,S,210(E1),V,-5.159,3
-10.08,-7.75,2,S,210(E1),W,-8,1
-3.832,-5.029,5,S,210(E1),Y,-4.902,2
-5.192,-6.823,3,E,211(E1),*,,
-0.1536,-0.05223,1,E,211(E1),-,,
0.9004,0.1927,4,E,211(E1),A,1.053,2
-1.83,-1.365,5,E,211(E1),C,-0.5971,4
-1.343,-0.804,14,E,211(E1),D,-0.6865,6
0,0,,E,211(E1),E,0,
-0.5641,-0.2329,1,E,211(E1),F,,
-0.2366,-0.08365,10,E,211(E1),G,-0.129,6
-0.2569,-0.09169,6,E,211(E1),H,-0.2255,3
-0.1972,-0.06843,3,E,211(E1),I,-1.523,1
-1.856,-1.402,7,E,211(E1),K,-0.8492,2
0.1725,0.05052,6,E,211(E1),L,-1.055,3
-0.3447,-0.1282,6,E,211(E1),M,-0.08075,3
-1.067,-0.5604,5,E,211(E1),N,-1.024,4
1.376,0.2442,6,E,211(E1),P,0.6789,3
-1.278,-0.7423,2,E,211(E1),Q,-1.034,1
0.1451,0.04303,4,E,211(E1),R,0.6763,3
2.452,0.3007,3,E,211(E1),S,1.124,2
-1.856,-1.401,6,E,211(E1),T,-0.8031,4
0.3915,0.104,5,E,211(E1),V,-0.1574,3
-1.805,-1.333,4,E,211(E1),W,-1.688,3
-1.639,-1.125,9,E,211(E1),Y,-1.311,6
-0.8438,-0.3982,2,D,212(E1),A,-0.6393,1
-3.492,-4.385,3,D,212(E1),C,-5.262,2
0,0,,D,212(E1),D,0,
-3.323,-4.049,14,D,212(E1),E,-3.906,7
-2.597,-2.612,7,D,212(E1),F,-3.319,3
-1.294,-0.7564,4,D,212(E1),G,,
-1.76,-1.274,4,D,212(E1),H,-1.449,3
-4.203,-5.655,3,D,212(E1),I,-5.997,2
-1.792,-1.315,4,D,212(E1),K,-1.797,2
-3.897,-5.146,3,D,212(E1),L,-5.42,2
-2.409,-2.268,6,D,212(E1),M,-2.422,4
-0.8545,-0.4053,9,D,212(E1),N,-0.6048,4
-3.886,-5.126,5,D,212(E1),P,-5.368,3
-2.061,-1.696,7,D,212(E1),Q,-1.885,3
-2.452,-2.345,4,D,212(E1),R,-2.02,2
-0.7307,-0.3267,8,D,212(E1),S,-0.5735,5
-2.741,-2.884,5,D,212(E1),T,-2.914,3
-2.841,-3.081,7,D,212(E1),V,-3.179,4
-1.38,-0.84,2,D,212(E1),W,,
-2.085,-1.733,8,D,212(E1),Y,-1.729,4
-2.852,-3.102,6,V,213(E1),A,-1.013,1
0.8157,0.1808,5,V,213(E1),C,-1.347,2
-3.261,-3.925,3,V,213(E1),D,-3.744,3
-3.849,-5.059,5,V,213(E1),E,-5.196,1
-2.44,-2.323,4,V,213(E1),F,-2.716,2
-3.54,-4.48,6,V,213(E1),G,-3.878,3
-2.508,-2.446,7,V,213(E1),H,-3.152,3
0.6668,0.1573,8,V,213(E1),I,0.000505,4
-6.413,-7.457,3,V,213(E1),K,-8,2
-0.705,-0.3113,7,V,213(E1),L,-0.4362,3
-2.071,-1.712,24,V,213(E1),M,-2.712,4
-3.107,-3.613,5,V,213(E1),N,-3.467,2
-3.09,-3.578,7,V,213(E1),P,-3.385,4
-2.817,-3.034,5,V,213(E1),Q,-3.304,1
-6.688,-7.528,5,V,213(E1),R,-8,4
-1.473,-0.9361,2,V,213(E1),S,,
0.3161,0.0868,5,V,213(E1),T,0.1946,3
0,0,,V,213(E1),V,0,
-1.035,-0.5352,2,V,213(E1),W,-0.8922,1
-2.713,-2.83,3,V,213(E1),Y,-2.817,2
-6.879,-7.567,4,Y,214(E1),*,-8,2
1.363,0.2431,1,Y,214(E1),A,,
-1.794,-1.318,7,Y,214(E1),C,-1.205,3
-3.053,-3.504,2,Y,214(E1),D,-3.795,2
-1.085,-0.575,5,Y,214(E1),E,-0.4004,3
-3.922,-5.19,1,Y,214(E1),F,,
-4.196,-5.645,6,Y,214(E1),G,-5.882,5
-1.997,-1.601,7,Y,214(E1),H,,
-0.006485,-0.002061,7,Y,214(E1),I,-0.01591,6
-3.676,-4.741,3,Y,214(E1),K,-5.004,3
-2.158,-1.848,4,Y,214(E1),L,-1.916,4
-1.082,-0.5726,7,Y,214(E1),M,-0.8858,5
-2.09,-1.741,5,Y,214(E1),N,-1.734,3
-6.032,-7.326,1,Y,214(E1),P,,
-0.3375,-0.1251,8,Y,214(E1),Q,-1.393,4
-4.08,-5.458,4,Y,214(E1),R,-6.177,3
-1.509,-0.9751,3,Y,214(E1),S,-3.248,1
-1.416,-0.8769,6,Y,214(E1),T,-1.245,4
-1.515,-0.9821,3,Y,214(E1),V,-1.241,2
-1.151,-0.629,4,Y,214(E1),W,-0.9857,3
0,0,,Y,214(E1),Y,0,
0,0,,A,215(E1),A,0,
-1.573,-1.047,3,A,215(E1),C,-1.304,2
-4.678,-6.308,9,A,215(E1),D,-6.29,5
-7.08,-7.601,5,A,215(E1),E,-8,4
-6.96,-7.581,4,A,215(E1),F,-8,3
-2.944,-3.286,2,A,215(E1),G,-3.528,1
-5.993,-7.31,4,A,215(E1),H,-7.625,4
-2.606,-2.628,2,A,215(E1),I,-3.451,2
-6.762,-7.543,7,A,215(E1),K,-8,4
-7.853,-7.684,8,A,215(E1),L,-8,5
-4.952,-6.605,8,A,215(E1),M,-6.903,2
-6.376,-7.447,9,A,215(E1),N,-8,4
-5.568,-7.092,3,A,215(E1),P,-8,1
-6.356,-7.441,6,A,215(E1),Q,-8,5
-6.467,-7.473,3,A,215(E1),R,-8,1
-0.1581,-0.05386,11,A,215(E1),S,0.6773,5
-4.051,-5.41,23,A,215(E1),T,-5.441,3
-0.5596,-0.2305,15,A,215(E1),V,-0.4271,1
-6.273,-7.414,3,A,215(E1),W,-8,1
-6.917,-7.574,5,A,215(E1),Y,-8,1
-6.714,-7.533,1,N,216(E1),-,,
-0.3338,-0.1235,2,N,216(E1),A,-0.3876,1
0.4042,0.1068,8,N,216(E1),C,-1.1,5
-1.584,-1.059,4,N,216(E1),D,-0.9192,3
-2.954,-3.306,3,N,216(E1),E,-4.07,3
-1.546,-1.016,6,N,216(E1),F,-0.6821,4
-9.979,-7.749,2,N,216(E1),G,,
-0.978,-0.4922,7,N,216(E1),H,-0.7823,7
-2.175,-1.875,8,N,216(E1),I,-2.234,6
-1.115,-0.5987,12,N,216(E1),K,-0.6105,4
-1.348,-0.8089,2,N,216(E1),L,,
-1.073,-0.5648,5,N,216(E1),M,-0.8068,4
0,0,,N,216(E1),N,0,
-5.752,-7.196,5,N,216(E1),P,-7.513,4
-1.619,-1.1,2,N,216(E1),Q,,
-1.438,-0.8995,4,N,216(E1),R,-1.301,2
-0.2018,-0.07018,5,N,216(E1),S,-0.4524,3
-1.532,-1.001,4,N,216(E1),T,-0.6187,2
-1.178,-0.6523,6,N,216(E1),V,-0.8335,5
-1.755,-1.268,5,N,216(E1),W,-1.591,3
-1.801,-1.327,6,N,216(E1),Y,-1.253,1
-5.701,-7.169,6,T,217(E1),A,-7.855,3
-6.789,-7.549,2,T,217(E1),C,-8,1
-6.721,-7.535,5,T,217(E1),D,-8,2
-7.016,-7.591,4,T,217(E1),E,-8,3
-5.944,-7.289,6,T,217(E1),F,-8,3
-6.547,-7.494,5,T,217(E1),G,-8,1
-7.112,-7.606,6,T,217(E1),H,-8,5
-7.106,-7.605,10,T,217(E1),I,-8,4
-6.675,-7.525,13,T,217(E1),K,-8,6
-7.481,-7.652,6,T,217(E1),L,-8,3
-5.705,-7.171,2,T,217(E1),M,-7.466,2
-6.948,-7.579,9,T,217(E1),N,-8,6
-6.727,-7.536,3,T,217(E1),P,-8,1
-5.689,-7.162,6,T,217(E1),Q,-7.987,3
-6.586,-7.504,7,T,217(E1),R,-8,5
-2.58,-2.579,4,T,217(E1),S,-2.684,3
0,0,,T,217(E1),T,0,
-8.955,-7.733,3,T,217(E1),V,-8,2
-6.334,-7.434,4,T,217(E1),W,-8,4
-5.129,-6.77,2,T,217(E1),Y,,
-9.026,-7.735,13,Q,218(E1),*,-8,1
-1.508,-0.9748,8,Q,218(E1),A,-1.866,3
-6.242,-7.404,2,Q,218(E1),C,,
-1.98,-1.576,3,Q,218(E1),D,-2.018,1
0.434,0.1132,2,Q,218(E1),E,-0.1407,2
-2.586,-2.591,4,Q,218(E1),F,-2.645,2
-0.7593,-0.3441,5,Q,218(E1),G,-2.607,2
-1.604,-1.082,8,Q,218(E1),H,-1.43,3
-2.292,-2.067,4,Q,218(E1),I,-1.998,3
-1.829,-1.364,11,Q,218(E1),K,-1.632,5
-0.7912,-0.3641,7,Q,218(E1),L,-1.083,5
2.045,0.286,4,Q,218(E1),M,-1.161,2
-1.373,-0.8335,6,Q,218(E1),N,-1.113,5
-6.722,-7.535,8,Q,218(E1),P,-8,2
0,0,,Q,218(E1),Q,0,
-1.61,-1.09,8,Q,218(E1),R,-0.2263,1
-6.768,-7.545,3,Q,218(E1),S,-8,2
-6.298,-7.423,6,Q,218(E1),T,-8,2
-2.667,-2.743,5,Q,218(E1),V,-2.923,3
-1.617,-1.098,3,Q,218(E1),W,-1.349,2
-1.133,-0.6138,8,Q,218(E1),Y,-1.721,4
-4.231,-5.699,5,L,219(E1),A,-5.637,1
-6.77,-7.545,5,L,219(E1),C,-8,2
-6.534,-7.491,5,L,219(E1),D,-6.097,1
-7.174,-7.615,8,L,219(E1),E,-8,3
-3.077,-3.553,5,L,219(E1),F,-3.784,5
-6.918,-7.574,5,L,219(E1),G,-8,2
-1.175,-0.6493,6,L,219(E1),I,-0.2359,2
-6.212,-7.394,6,L,219(E1),K,-8,4
0,0,,L,219(E1),L,0,
-1.009,-0.5151,12,L,219(E1),M,-0.4134,8
-5.112,-6.755,9,L,219(E1),N,-7.023,5
-6.644,-7.517,10,L,219(E1),P,-8,3
-7.223,-7.621,8,L,219(E1),Q,-8,2
-7.214,-7.62,3,L,219(E1),R,,
-6.484,-7.477,5,L,219(E1),S,-8,4
-6.133,-7.365,4,L,219(E1),T,-8,3
-1.033,-0.5337,4,L,219(E1),V,-1.418,2
-8.955,-7.733,3,L,219(E1),W,-8,1
-3.688,-4.764,2,L,219(E1),Y,,
-1.089,-0.5775,1,V,220(E1),-,,
-1.334,-0.7952,6,V,220(E1),A,-1.109,5
-2.144,-1.825,2,V,220(E1),C,-1.396,1
1.387,0.2452,4,V,220(E1),D,0.1461,4
-0.1216,-0.04074,8,V,220(E1),E,0.5543,3
1.654,0.2649,5,V,220(E1),F,0.08221,3
-1.604,-1.083,5,V,220(E1),G,-0.9011,3
-0.8536,-0.4047,6,V,220(E1),H,0.4628,3
1.762,0.2716,5,V,220(E1),I,-0.2475,2
0.1707,0.05003,7,V,220(E1),K,-0.2514,4
-0.04042,-0.01304,12,V,220(E1),L,0.2585,5
-0.5875,-0.2453,19,V,220(E1),M,-0.9312,9
-0.4712,-0.1861,1,V,220(E1),N,-0.4282,1
-6.41,-7.457,6,V,220(E1),P,-8,3
-0.3341,-0.1237,2,V,220(E1),Q,-0.3603,2
-1.312,-0.7738,6,V,220(E1),R,-1.526,4
-0.802,-0.371,6,V,220(E1),S,-0.3604,5
0.1829,0.0533,6,V,220(E1),T,0.4759,3
0,0,,V,220(E1),V,0,
-0.2061,-0.07181,6,V,220(E1),W,-0.447,2
0.2298,0.06558,9,V,220(E1),Y,-0.06438,4
-0.1873,-0.06469,1,L,221(E1),-,,
-3.157,-3.715,5,L,221(E1),A,-3.718,3
-2.073,-1.714,5,L,221(E1),C,-1.173,2
-6.493,-7.48,7,L,221(E1),D,-8,3
-4.457,-6.026,1,L,221(E1),E,-6.269,1
-1.33,-0.7913,2,L,221(E1),F,,
-6.648,-7.518,2,L,221(E1),G,-8,2
-5.755,-7.198,3,L,221(E1),H,-8,3
-1.679,-1.172,5,L,221(E1),I,-1.643,2
-6.939,-7.577,7,L,221(E1),K,-8,3
0,0,,L,221(E1),L,0,
0.3857,0.1027,11,L,221(E1),M,-0.4663,5
-7.216,-7.62,3,L,221(E1),N,,
-2.618,-2.65,13,L,221(E1),P,-2.522,4
-5.468,-7.028,3,L,221(E1),Q,-7.652,3
-7.242,-7.624,7,L,221(E1),R,-8,5
-6.981,-7.585,8,L,221(E1),S,-8,6
-2.696,-2.798,4,L,221(E1),T,-3.089,3
-1.155,-0.6323,5,L,221(E1),V,-0.8371,4
-0.6093,-0.257,1,L,221(E1),W,,
-6.467,-7.473,2,L,221(E1),Y,-8,1
-3.804,-4.978,3,Q,222(E1),*,,
-0.2486,-0.0884,1,Q,222(E1),-,,
-1.52,-0.988,5,Q,222(E1),A,-2.343,2
-1.705,-1.204,4,Q,222(E1),C,-0.9653,2
-0.6874,-0.301,6,Q,222(E1),D,-0.2322,3
-0.7705,-0.3511,4,Q,222(E1),E,0.7343,2
0.493,0.1253,3,Q,222(E1),F,1.683,2
-1.245,-0.7111,5,Q,222(E1),G,-2.335,2
-2.542,-2.508,7,Q,222(E1),H,-3.138,3
1.695,0.2675,4,Q,222(E1),I,1.481,2
-1.446,-0.9082,9,Q,222(E1),K,-1.414,3
3.401,0.3188,10,Q,222(E1),L,0.8609,4
-0.2929,-0.1063,4,Q,222(E1),M,-0.1793,3
-2.734,-2.871,6,Q,222(E1),N,-3.753,3
-5.816,-7.228,7,Q,222(E1),P,-8,3
0,0,,Q,222(E1),Q,0,
0.2951,0.08181,7,Q,222(E1),R,1.761,5
-1.892,-1.451,6,Q,222(E1),S,-0.7506,3
-1.68,-1.174,2,Q,222(E1),T,-2.278,1
-2.039,-1.662,3,Q,222(E1),V,-2.714,1
-1.351,-0.8111,3,Q,222(E1),W,-1.243,2
2.083,0.2876,3,Q,222(E1),Y,0.1966,1
-0.6919,-0.3036,1,R,223(E1),-,,
0.8898,0.1913,9,R,223(E1),A,-0.5759,6
-4.111,-5.509,7,R,223(E1),C,-4.123,3
4.34,0.3258,1,R,223(E1),D,,
-5.124,-6.766,6,R,223(E1),E,-8,1
-2.385,-2.226,8,R,223(E1),F,-2.064,3
-3.484,-4.369,8,R,223(E1),G,-4.913,5
-0.6814,-0.2975,3,R,223(E1),H,-1.075,1
-3.374,-4.152,9,R,223(E1),I,-4.251,5
-1.476,-0.9395,13,R,223(E1),K,-2.706,3
-2.519,-2.466,7,R,223(E1),L,-2.471,5
-2.422,-2.292,14,R,223(E1),M,-2.773,5
-2.288,-2.06,7,R,223(E1),N,-2.539,5
-3.423,-4.249,11,R,223(E1),P,-4.667,9
-1.196,-0.6675,5,R,223(E1),Q,0.4067,1
0,0,,R,223(E1),R,0,
-2.393,-2.24,10,R,223(E1),S,-1.925,5
-2.262,-2.016,7,R,223(E1),T,-2.982,2
-3.1,-3.6,7,R,223(E1),V,-3.678,3
-1.707,-1.207,7,R,223(E1),W,-1.265,5
-1.954,-1.539,2,R,223(E1),Y,-2.224,1
-0.1863,-0.06433,1,P,224(E1),-,,
-6.23,-7.4,7,P,224(E1),A,-8,1
-9.314,-7.74,6,P,224(E1),C,-8,4
-7.156,-7.612,6,P,224(E1),D,-8,4
-6.318,-7.429,4,P,224(E1),E,-7.769,2
-6.163,-7.376,3,P,224(E1),F,-8,2
-7.198,-7.618,5,P,224(E1),G,-8,4
-8.11,-7.701,8,P,224(E1),H,-8,3
-6.92,-7.574,7,P,224(E1),I,-8,6
-6.751,-7.541,4,P,224(E1),K,-8,3
-7.633,-7.667,10,P,224(E1),L,-8,4
-6.844,-7.56,5,P,224(E1),M,-8,2
-5.176,-6.809,2,P,224(E1),N,,
0,0,,P,224(E1),P,0,
-6.529,-7.489,2,P,224(E1),Q,-8,1
-6.72,-7.535,2,P,224(E1),R,-8,1
-7.522,-7.656,14,P,224(E1),S,-8,5
-7.089,-7.602,9,P,224(E1),T,-8,4
-7.017,-7.591,3,P,224(E1),V,-8,3
-6.141,-7.368,6,P,224(E1),W,-8,3
-7.332,-7.635,8,P,224(E1),Y,-8,6
-0.1828,-0.06304,1,S,225(E1),-,,
0.2857,0.07953,3,S,225(E1),A,0.1266,1
2.668,0.3064,6,S,225(E1),C,0.6425,5
0.02764,0.008646,4,S,225(E1),D,-0.4606,1
0.4311,0.1125,2,S,225(E1),E,0.5336,1
-2.417,-2.284,10,S,225(E1),F,-2.795,5
-2.065,-1.703,7,S,225(E1),G,-2.045,2
-1.122,-0.6046,7,S,225(E1),H,-1.279,2
-3.086,-3.57,3,S,225(E1),I,-2.397,2
-1.135,-0.6158,6,S,225(E1),K,-1.666,3
-0.9349,-0.4609,3,S,225(E1),L,-0.7465,1
3.106,0.3149,8,S,225(E1),M,1.224,4
-0.1143,-0.03817,6,S,225(E1),N,-0.7661,4
-5.295,-6.905,13,S,225(E1),P,-5.015,3
-1.464,-0.927,4,S,225(E1),Q,-1.013,4
-2.196,-1.908,6,S,225(E1),R,-1.866,3
0,0,,S,225(E1),S,0,
-2.446,-2.334,9,S,225(E1),T,-1.691,4
-1.844,-1.385,4,S,225(E1),V,-1.903,3
-2.309,-2.096,7,S,225(E1),W,-2.478,2
-2.452,-2.345,8,S,225(E1),Y,-3.407,3
-0.2446,-0.08678,1,A,226(E1),-,,
0,0,,A,226(E1),A,0,
-6.584,-7.503,6,A,226(E1),C,-8,2
-2.847,-3.093,9,A,226(E1),D,-3.385,5
-2.707,-2.82,6,A,226(E1),E,-3.071,4
-2.607,-2.63,15,A,226(E1),F,-2.339,9
-2.564,-2.55,9,A,226(E1),G,-2.722,5
-2.573,-2.566,7,A,226(E1),H,-2.668,4
-2.781,-2.964,6,A,226(E1),I,-3.288,2
-4.576,-6.182,5,A,226(E1),K,-6.299,4
-3.42,-4.242,8,A,226(E1),L,-3.683,7
-2.666,-2.741,6,A,226(E1),M,-2.443,2
-6.874,-7.566,7,A,226(E1),N,-7.953,4
0.8069,0.1795,10,A,226(E1),P,0.1769,6
-2.168,-1.863,8,A,226(E1),Q,-2.301,4
-3.643,-4.679,3,A,226(E1),R,-5.073,1
-0.1926,-0.06672,10,A,226(E1),S,-1.902,3
-0.6958,-0.3059,18,A,226(E1),T,-0.1121,10
-1.206,-0.6769,58,A,226(E1),V,-0.7859,11
-1.472,-0.9359,7,A,226(E1),W,-1.26,4
-1.268,-0.7325,7,A,226(E1),Y,0.0277,4
-5.072,-6.719,5,G,227(E1),*,,
-0.8472,-0.4005,1,G,227(E1),-,,
-2.911,-3.22,8,G,227(E1),A,-3.571,6
-6.281,-7.417,3,G,227(E1),C,-8,1
-4.05,-5.409,5,G,227(E1),D,-5.286,3
-3.523,-4.446,34,G,227(E1),E,-4.298,6
-3.336,-4.075,7,G,227(E1),F,-4.534,4
0,0,,G,227(E1),G,0,
-4.295,-5.795,5,G,227(E1),H,-5.847,1
-5.659,-7.146,11,G,227(E1),I,-7.665,8
-3.225,-3.852,10,G,227(E1),K,-4.173,6
-5.28,-6.894,13,G,227(E1),L,-5.826,5
-3.549,-4.497,8,G,227(E1),M,-5.23,7
-4.108,-5.504,6,G,227(E1),N,-5.771,4
-5.379,-6.967,5,G,227(E1),P,-7.072,2
-2.597,-2.61,9,G,227(E1),Q,-2.988,6
-3.417,-4.237,19,G,227(E1),R,-4.686,6
-2.719,-2.843,6,G,227(E1),S,-4.54,3
-3.468,-4.339,8,G,227(E1),T,-4.576,1
-4.249,-5.726,7,G,227(E1),V,-5.687,1
-3.514,-4.429,9,G,227(E1),W,-4.585,5
-1.721,-1.225,5,G,227(E1),Y,-1.355,3
-0.08304,-0.02733,1,T,228(E1),-,,
-1.628,-1.112,6,T,228(E1),A,-2.217,1
-2.224,-1.954,9,T,228(E1),C,-1.833,6
-0.6051,-0.2547,9,T,228(E1),D,-0.7767,5
-1.337,-0.7975,6,T,228(E1),E,0.03025,2
-4.829,-6.479,2,T,228(E1),F,,
-3.065,-3.528,8,T,228(E1),G,-3.886,5
-2.378,-2.214,11,T,228(E1),H,-2.431,8
0.8835,0.1904,11,T,228(E1),I,0.1244,3
-3.752,-4.883,7,T,228(E1),K,-3.2,1
3.976,0.3238,7,T,228(E1),L,1.267,5
-0.05394,-0.01752,8,T,228(E1),M,0.6322,3
-2.579,-2.578,7,T,228(E1),N,-2.946,4
-3.276,-3.955,5,T,228(E1),P,-3.804,5
-1.831,-1.367,6,T,228(E1),Q,-1.709,3
-1.555,-1.026,4,T,228(E1),R,-3.698,1
-2.364,-2.191,4,T,228(E1),S,-2.319,2
0,0,,T,228(E1),T,0,
1.182,0.226,6,T,228(E1),V,0.3285,3
-1.256,-0.7212,9,T,228(E1),W,-1.123,6
-2.808,-3.016,10,T,228(E1),Y,-3.423,6
-0.5458,-0.2234,2,V,229(E1),-,,
-2.73,-2.863,13,V,229(E1),A,-2.813,6
-2.945,-3.287,9,V,229(E1),C,-3.627,5
-7.15,-7.611,6,V,229(E1),D,-8,5
-6.082,-7.346,8,V,229(E1),E,-8,7
-6.388,-7.45,8,V,229(E1),F,-7.761,4
-10.26,-7.751,3,V,229(E1),G,-8,3
-7.462,-7.65,9,V,229(E1),H,-7.902,6
-1.767,-1.283,6,V,229(E1),I,-0.7768,4
-5.577,-7.097,6,V,229(E1),K,-7.902,5
-1.286,-0.7497,8,V,229(E1),L,-1.062,3
-2.569,-2.559,14,V,229(E1),M,-2.779,5
-5.733,-7.186,6,V,229(E1),N,-7.815,3
-6.83,-7.557,4,V,229(E1),P,-8,2
-5.87,-7.255,6,V,229(E1),Q,-8,4
-6.625,-7.513,5,V,229(E1),R,-8,4
-3.439,-4.282,6,V,229(E1),S,-4.916,4
-1.441,-0.9028,6,V,229(E1),T,-0.8485,4
0,0,,V,229(E1),V,0,
-6.432,-7.463,3,V,229(E1),W,-8,1
-7.582,-7.662,6,V,229(E1),Y,-8,2
-0.4336,-0.1682,3,H,230(E1),-,,
-5.586,-7.103,8,H,230(E1),A,-7.293,4
-4.284,-5.779,5,H,230(E1),C,-6.234,3
-3.699,-4.784,12,H,230(E1),D,-4.658,7
-5.186,-6.818,8,H,230(E1),E,-7.36,7
-5.958,-7.294,12,H,230(E1),F,-7.293,4
-3.515,-4.432,7,H,230(E1),G,-4.962,6
0,0,,H,230(E1),H,0,
-4.02,-5.359,6,H,230(E1),I,-5.422,2
-5.124,-6.765,5,H,230(E1),K,-7.087,3
-5.442,-7.011,1,H,230(E1),L,,
-3.438,-4.279,11,H,230(E1),M,-4.35,7
-9.28,-7.74,11,H,230(E1),N,-8,5
-6.749,-7.541,6,H,230(E1),P,-8,3
-4.025,-5.367,14,H,230(E1),Q,-5.258,6
-3.817,-5.003,10,H,230(E1),R,-4.839,2
-3.812,-4.993,6,H,230(E1),S,-4.635,2
-4.415,-5.967,3,H,230(E1),T,-6.044,2
-4.76,-6.402,8,H,230(E1),V,-6.572,4
-6.831,-7.558,8,H,230(E1),W,-8,5
-3.786,-4.947,27,H,230(E1),Y,-4.561,8
-0.6974,-0.3068,3,V,231(E1),-,,
-2.669,-2.747,14,V,231(E1),A,-3.102,5
-2.943,-3.283,9,V,231(E1),C,-3.643,6
-7.36,-7.638,5,V,231(E1),D,-8,2
-6.271,-7.414,5,V,231(E1),E,-8,3
-6.075,-7.343,12,V,231(E1),F,-8,7
-5.062,-6.71,9,V,231(E1),G,-6.65,6
-7.173,-7.614,10,V,231(E1),H,-8,7
-1.932,-1.506,5,V,231(E1),I,-1.997,2
-6.04,-7.329,7,V,231(E1),K,-8,4
-3.575,-4.548,10,V,231(E1),L,-5.03,4
-4.591,-6.201,19,V,231(E1),M,,
-3.318,-4.039,5,V,231(E1),N,-4.283,3
-6.136,-7.367,7,V,231(E1),P,-8,4
-4.403,-5.951,3,V,231(E1),Q,-6.15,1
-7.13,-7.608,12,V,231(E1),R,-8,7
-2.784,-2.969,10,V,231(E1),S,-3.174,7
-2.342,-2.152,7,V,231(E1),T,-2.33,4
0,0,,V,231(E1),V,0,
-7.037,-7.594,6,V,231(E1),W,-8,3
-7.022,-7.592,5,V,231(E1),Y,-8,3
-0.8428,-0.3975,3,P,232(E1),-,,
-1.093,-0.5808,4,P,232(E1),A,-0.8232,3
-6.249,-7.406,3,P,232(E1),C,-8,1
-9.024,-7.735,3,P,232(E1),D,-6.34,1
-6.826,-7.557,7,P,232(E1),E,-7.375,5
-6.198,-7.389,9,P,232(E1),F,-8,5
-2.571,-2.563,6,P,232(E1),G,-3.434,4
-4.032,-5.379,6,P,232(E1),H,-5.627,2
-3.486,-4.373,1,P,232(E1),I,-4.264,1
-3.048,-3.495,8,P,232(E1),K,-3.248,3
-2.21,-1.931,6,P,232(E1),L,-2.407,2
-3.531,-4.462,6,P,232(E1),M,-4.623,5
-5.606,-7.115,6,P,232(E1),N,-8,5
0,0,,P,232(E1),P,0,
-3.15,-3.7,7,P,232(E1),Q,-3.281,3
-4.658,-6.284,7,P,232(E1),R,-4.521,2
-2.581,-2.581,21,P,232(E1),S,-3.069,8
-3.097,-3.593,17,P,232(E1),T,-4.068,4
-4.181,-5.62,3,P,232(E1),V,-5.869,2
-5.482,-7.037,9,P,232(E1),W,-7.396,6
-5.986,-7.307,8,P,232(E1),Y,-8,3
-6.202,-7.39,7,Y,233(E1),*,-8,1
-1.132,-0.6128,3,Y,233(E1),-,,
-2.445,-2.333,8,Y,233(E1),A,-2.03,6
-2.661,-2.731,10,Y,233(E1),C,-3.994,4
-6.787,-7.549,5,Y,233(E1),D,-8,2
-5.303,-6.911,6,Y,233(E1),E,-7.053,4
-1.729,-1.235,11,Y,233(E1),F,-1.411,6
-5.897,-7.267,6,Y,233(E1),G,-8,5
-1.936,-1.512,6,Y,233(E1),H,-2.087,2
-0.7146,-0.317,21,Y,233(E1),I,-0.5429,9
-4.249,-5.726,6,Y,233(E1),K,-5.832,3
0.6762,0.1589,8,Y,233(E1),L,-0.7305,3
1.525,0.256,7,Y,233(E1),M,-0.3974,4
-2.226,-1.957,6,Y,233(E1),N,-2.492,4
-6.339,-7.435,10,Y,233(E1),P,-8,6
-7.251,-7.625,6,Y,233(E1),Q,-8,4
-2.794,-2.988,8,Y,233(E1),R,-3.233,5
-2.565,-2.551,9,Y,233(E1),S,-2.79,7
-1.406,-0.8663,9,Y,233(E1),T,-1.056,7
-0.3605,-0.1351,7,Y,233(E1),V,-3.609,1
-1.997,-1.6,9,Y,233(E1),W,-1.873,6
0,0,,Y,233(E1),Y,0,
-0.4299,-0.1665,3,S,234(E1),-,,
-1.392,-0.8519,9,S,234(E1),A,-4.518,2
-3.616,-4.627,5,S,234(E1),C,-5.095,3
-2.593,-2.603,4,S,234(E1),D,-2.868,2
-1.687,-1.183,5,S,234(E1),E,-1.797,2
-2.747,-2.898,10,S,234(E1),F,-3.096,2
-1.531,-0.9998,3,S,234(E1),G,-2.098,2
-2.591,-2.6,11,S,234(E1),H,-2.832,6
-2.796,-2.992,6,S,234(E1),I,-4.75,1
-3.759,-4.896,2,S,234(E1),K,-4.951,1
-1.168,-0.6439,2,S,234(E1),L,,
-1.616,-1.097,8,S,234(E1),M,-1.014,4
-0.9736,-0.489,6,S,234(E1),N,-1.416,3
-7.015,-7.59,12,S,234(E1),P,-8,7
-2.632,-2.676,6,S,234(E1),Q,-2.98,5
-1.616,-1.096,1,S,234(E1),R,-1.377,1
0,0,,S,234(E1),S,0,
-1.806,-1.335,4,S,234(E1),T,-2.389,1
-2.571,-2.562,7,S,234(E1),V,-2.483,6
-2.604,-2.625,6,S,234(E1),W,-2.783,3
-3.661,-4.713,6,S,234(E1),Y,-5.139,2
-7.016,-7.591,2,Q,235(E1),*,,
-1.971,-1.562,4,Q,235(E1),-,,
-1.919,-1.488,3,Q,235(E1),A,-1.734,2
-2.752,-2.907,2,Q,235(E1),C,-3.189,2
-5.909,-7.273,10,Q,235(E1),D,-7.986,7
-2.888,-3.174,11,Q,235(E1),E,-4.091,3
-6.086,-7.347,6,Q,235(E1),F,-8,4
-7.633,-7.667,3,Q,235(E1),G,-8,1
-4.437,-5.998,16,Q,235(E1),H,-5.98,4
-2.821,-3.041,6,Q,235(E1),I,-2.8,3
-6.129,-7.364,11,Q,235(E1),K,-8,3
-6.003,-7.314,11,Q,235(E1),L,-8,5
-4.269,-5.756,8,Q,235(E1),M,-5.804,6
-3.163,-3.727,5,Q,235(E1),N,-3.727,2
-5.379,-6.967,10,Q,235(E1),P,-6.876,2
0,0,,Q,235(E1),Q,0,
-7.336,-7.636,38,Q,235(E1),R,-8,6
-3.264,-3.931,6,Q,235(E1),S,-4.722,4
-3.401,-4.204,6,Q,235(E1),T,-4.672,4
-2.708,-2.822,8,Q,235(E1),V,-2.997,7
-7.05,-7.596,5,Q,235(E1),W,-8,1
-5.703,-7.17,3,Q,235(E1),Y,-8,3
-3.404,-4.212,4,A,236(E1),-,,
0,0,,A,236(E1),A,0,
-4.213,-5.67,6,A,236(E1),C,-6.636,4
-1.605,-1.084,6,A,236(E1),D,-0.8763,1
-2.279,-2.045,5,A,236(E1),E,-2.534,4
-1.931,-1.505,3,A,236(E1),F,-1.484,2
-2.852,-3.103,3,A,236(E1),G,-3.33,2
-2.207,-1.927,6,A,236(E1),H,-2.422,5
-0.854,-0.405,6,A,236(E1),I,-0.8218,3
-3.466,-4.335,5,A,236(E1),K,-4.011,3
-1.8,-1.326,3,A,236(E1),L,-2.066,2
-1.144,-0.6231,7,A,236(E1),M,-1.478,5
-2.377,-2.212,4,A,236(E1),N,-1.765,3
-5.648,-7.139,9,A,236(E1),P,-8,4
-2.967,-3.332,3,A,236(E1),Q,-2.59,1
-1.906,-1.47,4,A,236(E1),R,-2.056,1
-0.7757,-0.3543,10,A,236(E1),S,-1.225,2
-1.688,-1.183,14,A,236(E1),T,-1.432,3
-1.175,-0.6492,10,A,236(E1),V,-0.405,5
-2.806,-3.013,3,A,236(E1),W,-3.226,2
-0.2174,-0.07618,8,A,236(E1),Y,-1.233,5
-1.641,-1.127,3,P,237(E1),-,,
-2.261,-2.014,8,P,237(E1),A,-2.362,5
-3.029,-3.456,7,P,237(E1),C,-2.95,3
-2.217,-1.942,6,P,237(E1),D,-2.063,4
-1.005,-0.5127,2,P,237(E1),E,-1.984,1
-1.856,-1.4,7,P,237(E1),F,-1.642,4
-2.384,-2.224,3,P,237(E1),G,-2.198,1
-1.483,-0.9468,7,P,237(E1),H,-0.5811,1
-3.099,-3.598,8,P,237(E1),I,-4.257,6
-2.936,-3.27,4,P,237(E1),K,-2.696,3
-1.836,-1.375,12,P,237(E1),L,-1.125,5
-0.6394,-0.2736,4,P,237(E1),M,-2.05,1
-2.528,-2.483,3,P,237(E1),N,-3.194,3
0,0,,P,237(E1),P,0,
-2.81,-3.02,5,P,237(E1),Q,-2.988,3
-3.179,-3.76,6,P,237(E1),R,-4.024,5
-1.617,-1.098,4,P,237(E1),S,-0.7725,1
-2.437,-2.318,7,P,237(E1),T,-2.391,3
-3.046,-3.491,2,P,237(E1),V,-3.784,2
-2.261,-2.015,9,P,237(E1),W,-1.995,5
-1.098,-0.5854,1,P,237(E1),Y,-0.8473,1
-1.284,-0.7473,2,S,238(E1),-,,
-2.187,-1.893,6,S,238(E1),A,-1.41,3
-2.44,-2.324,5,S,238(E1),C,-3.001,2
-6.921,-7.574,6,S,238(E1),D,-8,4
-7.077,-7.6,5,S,238(E1),E,-8,4
-8.154,-7.703,5,S,238(E1),F,-8,3
-3.038,-3.474,8,S,238(E1),G,-3.653,3
-4.701,-6.335,5,S,238(E1),H,-6.69,5
-6.781,-7.547,16,S,238(E1),I,-5.452,2
-4.358,-5.887,3,S,238(E1),K,-6.168,2
-6.968,-7.582,3,S,238(E1),L,-8,3
-4.249,-5.726,8,S,238(E1),M,-5.76,4
-3.203,-3.808,19,S,238(E1),N,-3.265,7
-1.25,-0.7164,4,S,238(E1),P,-0.7577,3
-3.646,-4.684,7,S,238(E1),Q,-4.535,3
-7.502,-7.654,15,S,238(E1),R,-8,4
0,0,,S,238(E1),S,0,
-2.185,-1.891,5,S,238(E1),T,-2.199,4
-3.854,-5.07,4,S,238(E1),V,-5.516,3
-7.018,-7.591,5,S,238(E1),W,-8,3
-7.5,-7.654,7,S,238(E1),Y,-8,1
-0.02175,-0.006958,1,G,239(E1),-,,
-2.23,-1.963,6,G,239(E1),A,-1.989,3
-6.557,-7.496,9,G,239(E1),C,-8,1
-8.218,-7.707,42,G,239(E1),D,-8,10
-7.244,-7.624,8,G,239(E1),E,-8,5
-6.927,-7.575,4,G,239(E1),F,-8,2
0,0,,G,239(E1),G,0,
-6.453,-7.469,5,G,239(E1),H,-8,3
-6.105,-7.355,5,G,239(E1),I,-7.75,1
-5.992,-7.309,8,G,239(E1),K,-8,5
-7.268,-7.627,6,G,239(E1),L,-8,4
-6.852,-7.562,6,G,239(E1),M,-8,3
-6.975,-7.584,9,G,239(E1),N,-8,3
-5.92,-7.278,14,G,239(E1),P,-7.995,9
-7.101,-7.604,11,G,239(E1),Q,-8,7
-7.299,-7.631,12,G,239(E1),R,-8,8
-7.85,-7.684,13,G,239(E1),S,-8,3
-6.504,-7.483,5,G,239(E1),T,-8,4
-6.001,-7.313,10,G,239(E1),V,-6.181,2
-4.585,-6.194,1,G,239(E1),W,-6.578,1
-6.374,-7.446,5,G,239(E1),Y,-6.205,2
-0.4356,-0.1692,1,F,240(E1),-,,
-6.236,-7.402,3,F,240(E1),A,,
-4.852,-6.504,2,F,240(E1),C,-6.544,1
-6.52,-7.487,5,F,240(E1),D,-8,1
-4.392,-5.936,1,F,240(E1),E,,
0,0,,F,240(E1),F,0,
-6.375,-7.446,2,F,240(E1),G,-8,1
-6.422,-7.46,3,F,240(E1),H,-8,1
-6.512,-7.485,6,F,240(E1),I,-8,4
-6.308,-7.426,1,F,240(E1),K,-8,1
-6.393,-7.452,15,F,240(E1),L,-8,2
-6.473,-7.474,4,F,240(E1),M,-8,1
-7.111,-7.605,4,F,240(E1),N,-8,3
-6.852,-7.562,4,F,240(E1),P,-8,2
-6.362,-7.442,1,F,240(E1),Q,-8,1
-0.3514,-0.1311,1,F,240(E1),R,,
-7.192,-7.617,5,F,240(E1),S,-8,4
-7.022,-7.592,4,F,240(E1),T,-8,3
-7.036,-7.594,7,F,240(E1),V,,
-2.477,-2.39,1,F,240(E1),W,,
-0.7819,-0.3582,3,F,240(E1),Y,0.9515,2
-2.343,-2.154,3,K,241(E1),A,-2.439,2
-3.144,-3.687,5,K,241(E1),C,-3.99,2
-6.787,-7.549,4,K,241(E1),D,-8,2
-4.199,-5.65,5,K,241(E1),E,-5.975,1
-6.765,-7.544,4,K,241(E1),F,-8,2
-3.262,-3.926,4,K,241(E1),G,-4.121,3
-4.046,-5.401,5,K,241(E1),H,-5.772,3
-4.005,-5.333,2,K,241(E1),I,-5.302,1
0,0,,K,241(E1),K,0,
-3.751,-4.881,2,K,241(E1),L,-5.156,1
-2.703,-2.812,6,K,241(E1),M,-3.168,3
-3.743,-4.866,7,K,241(E1),N,-5.096,3
-3.986,-5.301,3,K,241(E1),P,-6.045,1
-2.467,-2.372,5,K,241(E1),Q,-2.027,2
1.202,0.2281,4,K,241(E1),R,,
-2.816,-3.032,5,K,241(E1),T,-3.364,2
-1.612,-1.093,2,K,241(E1),V,-1.454,1
-1.819,-1.351,1,K,241(E1),W,,
-1.2,-0.6714,1,K,241(E1),Y,,
-7.146,-7.611,5,Y,242(E1),*,-8,1
-2.561,-2.545,4,Y,242(E1),A,-3.169,3
-0.5372,-0.2189,2,Y,242(E1),C,,
-2.588,-2.595,4,Y,242(E1),D,-3.459,2
-2.909,-3.216,1,Y,242(E1),E,-3.466,1
-1.857,-1.403,6,Y,242(E1),F,-1.447,3
-2.576,-2.572,2,Y,242(E1),G,-2.057,1
-2.048,-1.676,4,Y,242(E1),H,-2.461,3
-2.228,-1.961,1,Y,242(E1),I,,
-4.28,-5.772,2,Y,242(E1),L,,
-2.106,-1.765,6,Y,242(E1),M,-2.228,4
-2.357,-2.179,8,Y,242(E1),N,-2.149,4
-2.263,-2.018,4,Y,242(E1),Q,-2.449,1
-4.845,-6.496,5,Y,242(E1),R,-6.626,2
-3.014,-3.426,6,Y,242(E1),S,-3.569,1
-3.246,-3.895,4,Y,242(E1),T,-3.96,3
-3.032,-3.462,4,Y,242(E1),V,-4.47,1
-0.04855,-0.01572,5,Y,242(E1),W,-0.4495,4
0,0,,Y,242(E1),Y,0,
-6.495,-7.48,39,W,243(E1),*,-8,2
-6.185,-7.384,2,W,243(E1),A,-8,1
-6.765,-7.544,6,W,243(E1),C,-8,1
-6.853,-7.562,4,W,243(E1),D,-8,2
-9.524,-7.744,1,W,243(E1),E,-8,1
-3.038,-3.475,2,W,243(E1),G,,
-6.866,-7.564,6,W,243(E1),H,-8,2
-7.614,-7.665,2,W,243(E1),I,-8,1
-7.009,-7.589,6,W,243(E1),K,-8,4
-7.058,-7.597,10,W,243(E1),L,-8,2
-6.105,-7.355,1,W,243(E1),M,-8,1
-4.131,-5.541,2,W,243(E1),N,,
-6.431,-7.463,8,W,243(E1),P,-8,7
-2.932,-3.262,1,W,243(E1),Q,,
-6.323,-7.43,4,W,243(E1),R,-8,2
-5.47,-7.029,3,W,243(E1),S,-7.313,2
-6.808,-7.553,2,W,243(E1),T,-8,2
-6.617,-7.511,2,W,243(E1),V,-8,1
0,0,,W,243(E1),W,0,
-5.443,-7.011,5,W,243(E1),Y,-6.804,3
-1.586,-1.062,3,L,244(E1),A,-1.368,2
-2.097,-1.751,3,L,244(E1),C,-2.637,2
-6.387,-7.45,3,L,244(E1),D,-8,1
-3.397,-4.198,2,L,244(E1),E,-4.287,1
-5.079,-6.725,2,L,244(E1),F,,
-3.346,-4.095,1,L,244(E1),G,-4.471,1
-2.034,-1.655,5,L,244(E1),H,-2.275,3
-2.868,-3.134,2,L,244(E1),K,-3.396,2
0,0,,L,244(E1),L,0,
-0.1304,-0.04385,9,L,244(E1),M,0.1808,2
-2.08,-1.725,4,L,244(E1),N,-1.52,3
-6.272,-7.414,10,L,244(E1),P,-8,4
3.068,0.3143,4,L,244(E1),Q,0.2664,1
-1.362,-0.8219,1,L,244(E1),R,-1.101,1
-0.8367,-0.3936,3,L,244(E1),S,-0.4057,2
-0.3584,-0.1342,4,L,244(E1),T,-0.9991,3
-2.531,-2.488,3,L,244(E1),V,-3.522,1
-0.2671,-0.09578,1,L,244(E1),W,,
-0.9992,-0.508,6,L,244(E1),Y,-0.3931,3
-4.395,-5.94,1,K,245(E1),-,,
1.874,0.2777,1,K,245(E1),A,0.4705,1
0.1659,0.04872,5,K,245(E1),C,0.783,2
1.754,0.2711,1,K,245(E1),D,0.3827,1
2.882,0.311,2,K,245(E1),E,1.204,2
3.247,0.3169,1,K,245(E1),F,,
3.158,0.3156,5,K,245(E1),G,0.8463,3
0.8296,0.1828,2,K,245(E1),H,0.6033,1
2.927,0.3118,3,K,245(E1),I,0.9514,2
0,0,,K,245(E1),K,0,
2.717,0.3076,3,K,245(E1),L,0.2496,1
-0.4823,-0.1915,4,K,245(E1),M,0.1124,1
-0.002279,-0.0007226,8,K,245(E1),N,0.813,3
-4.57,-6.174,4,K,245(E1),P,-8,1
3.157,0.3156,2,K,245(E1),Q,1.484,2
-0.2302,-0.08112,3,K,245(E1),R,-0.2785,1
1.143,0.222,2,K,245(E1),S,0.8893,1
2.894,0.3112,3,K,245(E1),T,0.9831,3
2.5,0.3021,3,K,245(E1),V,0.9794,3
0.5275,0.1321,1,K,245(E1),W,,
1.299,0.2374,2,K,245(E1),Y,,
-5.997,-7.311,7,E,246(E1),*,,
-3.829,-5.025,1,E,246(E1),-,,
-1.593,-1.071,3,E,246(E1),A,-1.336,2
-3.411,-4.225,6,E,246(E1),C,-3.998,5
-0.3374,-0.1251,8,E,246(E1),D,-0.1605,1
0,0,,E,246(E1),E,0,
-4.1,-5.492,1,E,246(E1),F,,
-1.789,-1.312,3,E,246(E1),G,-1.484,3
-3.745,-4.87,5,E,246(E1),H,-4.84,4
1.818,0.2747,1,E,246(E1),I,,
-6.028,-7.324,6,E,246(E1),K,,
-3.011,-3.419,6,E,246(E1),L,-3.735,3
-1.147,-0.6261,3,E,246(E1),M,-3.206,1
-3.353,-4.109,1,E,246(E1),N,,
-6.389,-7.451,1,E,246(E1),P,,
-2.098,-1.752,5,E,246(E1),Q,-1.675,3
-6.144,-7.369,1,E,246(E1),R,-8,1
-2.544,-2.513,5,E,246(E1),S,-2.573,4
-2.61,-2.635,1,E,246(E1),T,-2.912,1
-1.552,-1.023,5,E,246(E1),V,-5.127,1
-3.203,-3.807,1,E,246(E1),W,-4.084,1
-2.791,-2.982,5,E,246(E1),Y,-2.929,3
-5.541,-7.075,1,R,247(E1),*,,
-2.512,-2.454,1,R,247(E1),-,,
-1.958,-1.544,4,R,247(E1),A,-1.27,1
-3.207,-3.815,1,R,247(E1),C,,
-5.358,-6.952,4,R,247(E1),D,-7.188,2
-6.608,-7.509,5,R,247(E1),E,-8,5
-11.48,-7.756,1,R,247(E1),F,-8,1
-4.141,-5.558,6,R,247(E1),G,-6.08,2
-2.043,-1.669,2,R,247(E1),H,-1.877,1
-2.751,-2.905,2,R,247(E1),I,-2.824,1
-2.373,-2.206,7,R,247(E1),K,-0.476,2
-5.023,-6.674,1,R,247(E1),L,,
-2.991,-3.379,3,R,247(E1),M,-3.34,1
-2.92,-3.238,5,R,247(E1),N,-3.418,3
-2.696,-2.798,6,R,247(E1),P,-3.208,5
-2.353,-2.17,5,R,247(E1),Q,-1.804,3
0,0,,R,247(E1),R,0,
-2.022,-1.637,1,R,247(E1),S,-1.972,1
-4.637,-6.259,2,R,247(E1),T,,
-6.53,-7.49,3,R,247(E1),V,-8,1
-6.254,-7.408,7,R,247(E1),W,-8,5
-7.069,-7.599,6,R,247(E1),Y,-8,3
-0.2411,-0.0854,4,G,248(E1),A,-0.4333,3
0.4046,0.1069,3,G,248(E1),C,,
-1.589,-1.065,13,G,248(E1),D,-0.8917,3
-1.939,-1.517,2,G,248(E1),E,-1.772,2
-2.369,-2.199,4,G,248(E1),F,-2.484,2
0,0,,G,248(E1),G,0,
0.1127,0.0339,2,G,248(E1),H,0.2284,1
-2.552,-2.528,5,G,248(E1),I,-3.067,2
-1.095,-0.5828,2,G,248(E1),K,-2.406,1
-2.604,-2.624,3,G,248(E1),L,-2.816,3
-1.392,-0.8519,3,G,248(E1),M,-1.074,2
-2.341,-2.151,3,G,248(E1),N,-3.147,2
0.164,0.0482,3,G,248(E1),P,,
-1.466,-0.9294,4,G,248(E1),Q,-1.298,3
-1.208,-0.6785,5,G,248(E1),S,-1.602,3
2.442,0.3004,2,G,248(E1),V,0.8377,1
-2.982,-3.362,2,G,248(E1),W,-3.632,1
-1.866,-1.415,6,G,248(E1),Y,-1.896,3
0,0,,A,249(E1),A,0,
-2.24,-1.98,3,A,249(E1),C,-3.14,1
-6.627,-7.514,5,A,249(E1),D,-8,1
-2.731,-2.866,4,A,249(E1),E,-3.073,2
-6.869,-7.565,3,A,249(E1),F,-8,2
-1.447,-0.9093,5,A,249(E1),G,-0.9563,3
-6.487,-7.478,4,A,249(E1),H,-8,1
-3.525,-4.451,7,A,249(E1),I,-4.494,4
-5.629,-7.128,3,A,249(E1),K,-7.929,3
-4.169,-5.602,1,A,249(E1),L,,
-0.4449,-0.1735,1,A,249(E1),M,,
-3.241,-3.884,3,A,249(E1),N,-4.127,2
-2.595,-2.607,2,A,249(E1),P,-2.949,1
-2.49,-2.414,1,A,249(E1),R,-2.565,1
-0.08371,-0.02756,7,A,249(E1),S,-0.8104,1
-0.6373,-0.2724,15,A,249(E1),T,-0.5986,2
-2.522,-2.472,8,A,249(E1),V,-1.197,2
-6.735,-7.538,4,A,249(E1),W,-8,1
-6.114,-7.358,5,A,249(E1),Y,-8,4
-0.535,-0.2178,1,S,250(E1),-,,
-0.2948,-0.1071,7,S,250(E1),A,-1.164,3
-2.78,-2.96,4,S,250(E1),C,-3.01,2
2.417,0.2997,1,S,250(E1),D,0.8207,1
-5.644,-7.137,1,S,250(E1),E,-7.319,1
-6.109,-7.356,9,S,250(E1),F,-8,3
-2.142,-1.822,4,S,250(E1),H,-1.144,1
-6.195,-7.388,2,S,250(E1),I,-8,1
-3.721,-4.825,3,S,250(E1),K,-5.687,2
-2.522,-2.471,2,S,250(E1),M,,
-1.971,-1.562,2,S,250(E1),N,,
-0.5031,-0.2017,6,S,250(E1),P,-0.7676,2
-6.152,-7.372,1,S,250(E1),Q,-8,1
-6.276,-7.415,2,S,250(E1),R,-8,1
0,0,,S,250(E1),S,0,
-1.711,-1.212,1,S,250(E1),T,-1.454,1
-6.843,-7.56,2,S,250(E1),V,-8,2
-6.989,-7.586,8,S,250(E1),Y,-8,2
-0.01296,-0.004129,1,L,251(E1),-,,
-4.641,-6.263,2,L,251(E1),A,-6.501,1
-6.368,-7.444,3,L,251(E1),C,-8,1
-0.6136,-0.2593,1,L,251(E1),D,,
-6.089,-7.349,3,L,251(E1),E,-7.64,2
-3.815,-4.999,1,L,251(E1),F,-5.281,1
-6.639,-7.516,4,L,251(E1),G,-8,2
-6.334,-7.434,7,L,251(E1),H,-8,4
-1.683,-1.177,4,L,251(E1),I,-3.931,2
-6.157,-7.374,3,L,251(E1),K,,
0,0,,L,251(E1),L,0,
1.231,0.231,4,L,251(E1),M,1.073,1
-7.344,-7.637,7,L,251(E1),N,-8,5
-7.127,-7.608,11,L,251(E1),P,-8,3
-3.443,-4.288,2,L,251(E1),Q,,
-4.705,-6.339,5,L,251(E1),R,-6.841,2
-6.483,-7.477,2,L,251(E1),S,-8,1
-0.6779,-0.2955,1,L,251(E1),T,,
-1.676,-1.169,2,L,251(E1),V,,
-11.57,-7.756,1,L,251(E1),W,,
-4.21,-5.666,3,L,251(E1),Y,-5.723,3
-7.904,-7.688,8,Q,252(E1),*,-8,2
-0.3674,-0.1381,1,Q,252(E1),-,,
0.1094,0.03296,3,Q,252(E1),A,0.4325,1
-1.393,-0.8533,3,Q,252(E1),C,-1.301,1
0.6147,0.1482,3,Q,252(E1),D,,
-1.612,-1.092,1,Q,252(E1),E,,
-1.937,-1.513,5,Q,252(E1),F,-1.812,3
0.1602,0.04718,3,Q,252(E1),G,0.4649,2
1.417,0.2476,4,Q,252(E1),H,1.716,1
-1.985,-1.583,2,Q,252(E1),I,-1.921,1
0.2305,0.06575,8,Q,252(E1),K,0.04297,1
-1.637,-1.122,3,Q,252(E1),L,,
2.109,0.2887,2,Q,252(E1),M,,
-0.06886,-0.02252,2,Q,252(E1),N,-0.2655,2
-3.893,-5.138,4,Q,252(E1),P,-5.487,1
0,0,,Q,252(E1),Q,0,
0.1695,0.0497,2,Q,252(E1),R,-1.908,1
0.8876,0.191,2,Q,252(E1),S,0.2298,1
-0.3434,-0.1277,5,Q,252(E1),T,0.7023,2
-1.064,-0.5576,2,Q,252(E1),V,-0.7131,1
-3.801,-4.973,1,Q,252(E1),W,-5.256,1
-2.027,-1.645,3,Q,252(E1),Y,-1.569,1
0.3501,0.09472,4,H,253(E1),A,-1.634,1
-2.433,-2.311,6,H,253(E1),C,-2.217,4
-0.9227,-0.4523,1,H,253(E1),D,,
-2.985,-3.367,3,H,253(E1),E,-3.627,1
2.382,0.2986,2,H,253(E1),F,,
-1.346,-0.8065,2,H,253(E1),G,-1.077,1
0,0,,H,253(E1),H,0,
-6.188,-7.385,1,H,253(E1),I,-8,1
-2.004,-1.611,3,H,253(E1),K,-1.263,1
-2.75,-2.903,2,H,253(E1),L,-1.522,1
-1.839,-1.379,3,H,253(E1),M,-1.647,3
-1.556,-1.027,7,H,253(E1),N,-1.489,3
-5.642,-7.136,4,H,253(E1),P,-6.883,2
-1.739,-1.247,9,H,253(E1),Q,-0.8633,1
-1.223,-0.6917,2,H,253(E1),R,-1.632,1
-1.795,-1.319,3,H,253(E1),S,-1.619,2
-2.509,-2.448,2,H,253(E1),T,-1.856,1
-3.881,-5.117,1,H,253(E1),V,,
0.6837,0.1601,3,H,253(E1),W,-0.2697,2
2.547,0.3034,6,H,253(E1),Y,0.048,2
0.1867,0.05432,1,T,254(E1),-,,
-2.248,-1.994,5,T,254(E1),C,-2.434,3
-3.567,-4.533,2,T,254(E1),D,-5.086,1
-6.058,-7.336,5,T,254(E1),E,-8,5
-3.39,-4.183,2,T,254(E1),F,-4.402,1
-5.872,-7.256,3,T,254(E1),G,-7.529,2
-2.693,-2.792,2,T,254(E1),H,-3.134,2
-2.688,-2.783,15,T,254(E1),I,-3.35,1
-0.1391,-0.04698,3,T,254(E1),K,-0.159,2
-2.897,-3.193,4,T,254(E1),L,-2.787,1
-1.798,-1.323,1,T,254(E1),M,,
-2.642,-2.696,11,T,254(E1),N,-2.715,2
-6.152,-7.372,3,T,254(E1),P,-8,1
-2.708,-2.822,3,T,254(E1),Q,,
-1.327,-0.7884,2,T,254(E1),R,,
-7.379,-7.641,2,T,254(E1),S,,
0,0,,T,254(E1),T,0,
-2.279,-2.046,2,T,254(E1),V,-2.03,1
-4.176,-5.613,3,T,254(E1),W,-5.524,2
-3.553,-4.505,2,T,254(E1),Y,-5.878,2
-0.3588,-0.1344,1,A,255(E1),-,,
0,0,,A,255(E1),A,0,
2.871,0.3108,2,A,255(E1),C,0.805,2
-6.296,-7.422,12,A,255(E1),D,-8,5
-5.507,-7.054,10,A,255(E1),E,-8,7
-6.229,-7.4,10,A,255(E1),F,-8,7
-0.5739,-0.238,9,A,255(E1),G,0.1903,5
-6.428,-7.462,12,A,255(E1),H,-8,8
-5.671,-7.152,6,A,255(E1),I,-7.952,3
-6.777,-7.547,6,A,255(E1),K,-8,3
2.396,0.299,7,A,255(E1),L,-1.891,2
-3.034,-3.465,4,A,255(E1),M,-3.268,2
-6.08,-7.345,5,A,255(E1),N,,
-5.942,-7.287,7,A,255(E1),P,-7.672,2
-6.63,-7.514,8,A,255(E1),Q,-8,4
-7.082,-7.601,7,A,255(E1),R,-8,4
0.006087,0.001923,7,A,255(E1),S,0.51,3
-1.162,-0.6386,24,A,255(E1),T,-1.32,8
-4.03,-5.375,53,A,255(E1),V,-6.035,11
-6.381,-7.448,6,A,255(E1),W,-8,4
-6.359,-7.442,9,A,255(E1),Y,-8,5
-0.07179,-0.02351,1,P,256(E1),-,,
0.7064,0.1638,7,P,256(E1),A,-0.1849,6
-6.23,-7.4,6,P,256(E1),C,-8,2
-6.648,-7.519,4,P,256(E1),D,-8,2
-4.754,-6.396,8,P,256(E1),E,-6.275,5
-6.478,-7.476,6,P,256(E1),F,-8,3
-2.043,-1.668,5,P,256(E1),G,-1.865,3
-6.05,-7.333,8,P,256(E1),H,-8,3
-6.385,-7.449,4,P,256(E1),I,-8,1
-6.845,-7.56,2,P,256(E1),K,-8,2
-5.873,-7.256,8,P,256(E1),L,-8,3
-3.342,-4.088,10,P,256(E1),M,-4.275,9
-4.549,-6.149,8,P,256(E1),N,-6.054,4
0,0,,P,256(E1),P,0,
-2.07,-1.71,10,P,256(E1),Q,-2.499,5
-7.114,-7.606,5,P,256(E1),R,-8,4
-2.721,-2.846,7,P,256(E1),S,-3.203,2
-4.585,-6.193,11,P,256(E1),T,-6.378,5
-4.693,-6.325,4,P,256(E1),V,-6.512,2
-6.293,-7.421,7,P,256(E1),W,-8,5
-6.58,-7.502,6,P,256(E1),Y,-8,1
-0.6157,-0.2605,2,F,257(E1),-,,
-0.6773,-0.2951,1,F,257(E1),A,,
-5.698,-7.167,3,F,257(E1),C,-8,3
-3.614,-4.623,3,F,257(E1),D,,
-6.376,-7.447,5,F,257(E1),E,-8,3
0,0,,F,257(E1),F,0,
-6.827,-7.557,3,F,257(E1),G,-8,2
-6.424,-7.461,10,F,257(E1),H,-8,7
-6.916,-7.573,4,F,257(E1),I,-8,2
-7.023,-7.592,6,F,257(E1),K,-8,3
-2.755,-2.913,20,F,257(E1),L,-3.013,5
-2.159,-1.849,13,F,257(E1),M,-1.881,6
-3.481,-4.364,4,F,257(E1),N,,
-5.769,-7.205,5,F,257(E1),P,-8,3
-6.814,-7.554,2,F,257(E1),R,-8,2
-6.327,-7.432,3,F,257(E1),S,,
-7.245,-7.624,7,F,257(E1),T,-8,6
-6.782,-7.548,8,F,257(E1),V,-8,4
1.44,0.2494,8,F,257(E1),W,0.3413,5
-5.275,-6.889,8,F,257(E1),Y,-6.692,4
0.2352,0.06697,2,G,258(E1),-,,
-0.4321,-0.1675,9,G,258(E1),A,0.7198,5
-2.689,-2.785,11,G,258(E1),C,-2.736,7
-5.424,-6.999,17,G,258(E1),D,-7.051,4
-4.367,-5.901,3,G,258(E1),E,-6.141,1
-5.559,-7.087,4,G,258(E1),F,-8,1
0,0,,G,258(E1),G,0,
-4.166,-5.598,3,G,258(E1),H,-5.49,2
-5.719,-7.178,4,G,258(E1),I,-8,3
-6.486,-7.478,3,G,258(E1),K,-8,2
-5.584,-7.102,1,G,258(E1),L,-6.842,1
-3.08,-3.56,8,G,258(E1),M,-4.08,7
-5.255,-6.874,5,G,258(E1),N,-7.461,1
-7.016,-7.591,5,G,258(E1),P,-8,3
-2.552,-2.527,8,G,258(E1),Q,-2.829,3
-3.367,-4.138,6,G,258(E1),R,-4.353,4
-2.326,-2.125,12,G,258(E1),S,-2.13,7
-4.411,-5.963,5,G,258(E1),T,-5.979,4
-6.036,-7.328,7,G,258(E1),V,-7.698,2
-6.702,-7.531,5,G,258(E1),W,-8,3
-6.769,-7.545,8,G,258(E1),Y,-8,3
-6.827,-7.557,11,C,259(E1),*,-8,1
0.04675,0.0145,2,C,259(E1),-,,
-6.316,-7.428,4,C,259(E1),A,-8,4
0,0,,C,259(E1),C,0,
-7.65,-7.668,7,C,259(E1),D,-8,5
-6.461,-7.471,4,C,259(E1),E,-8,1
-7.677,-7.67,10,C,259(E1),F,-8,3
-6.894,-7.569,4,C,259(E1),G,-7.953,2
-6.6,-7.507,3,C,259(E1),H,-8,2
-7.248,-7.625,7,C,259(E1),I,-8,4
-6.082,-7.346,7,C,259(E1),K,-8,6
-6.709,-7.532,12,C,259(E1),L,-8,7
-6.967,-7.582,5,C,259(E1),M,-8,4
-5.902,-7.269,5,C,259(E1),N,-8,2
-6.871,-7.565,2,C,259(E1),P,-8,2
-7.36,-7.638,11,C,259(E1),Q,-8,7
-6.594,-7.506,14,C,259(E1),R,-8,5
-7.124,-7.607,11,C,259(E1),S,-8,4
-7.559,-7.66,5,C,259(E1),T,-8,2
-5.757,-7.199,7,C,259(E1),V,-8,6
-5.394,-6.977,6,C,259(E1),W,-8,2
-7.333,-7.635,80,C,259(E1),Y,-8,14
-3.77,-4.916,4,Q,260(E1),*,,
0.1633,0.04803,2,Q,260(E1),-,,
2.774,0.3088,4,Q,260(E1),A,0.6333,3
-1.249,-0.7149,4,Q,260(E1),C,-0.3871,3
3.902,0.3233,8,Q,260(E1),D,-0.2715,5
2.501,0.3021,1,Q,260(E1),E,0.946,1
-0.6631,-0.287,4,Q,260(E1),F,-0.6532,1
-1.202,-0.6733,6,Q,260(E1),G,7.704e-05,3
0.9215,0.1955,7,Q,260(E1),H,0.5428,4
-0.7707,-0.3512,7,Q,260(E1),I,-1.019,3
-0.8876,-0.4278,7,Q,260(E1),K,-0.1953,3
-0.7376,-0.3308,9,Q,260(E1),L,-0.6126,4
-0.4699,-0.1855,7,Q,260(E1),M,-0.3642,3
1.404,0.2465,4,Q,260(E1),N,1.198,3
-5.599,-7.11,11,Q,260(E1),P,-8,7
0,0,,Q,260(E1),Q,0,
-1.528,-0.9962,9,Q,260(E1),R,-1.035,4
2.015,0.2846,3,Q,260(E1),S,-0.3983,1
-0.5614,-0.2315,6,Q,260(E1),T,-1.169,5
0.966,0.2013,3,Q,260(E1),V,-0.9905,2
-0.5859,-0.2444,6,Q,260(E1),W,-1.301,2
-0.08272,-0.02722,8,Q,260(E1),Y,0.165,5
-2.419,-2.286,3,I,261(E1),-,,
-6.964,-7.582,6,I,261(E1),A,-8,3
-3.682,-4.752,4,I,261(E1),C,-4.604,3
-6.829,-7.557,7,I,261(E1),D,-8,5
-7.179,-7.615,5,I,261(E1),E,-8,3
-1.5,-0.9655,3,I,261(E1),F,-1.912,2
-6.812,-7.554,2,I,261(E1),G,-8,2
-5.59,-7.105,6,I,261(E1),H,-8,3
0,0,,I,261(E1),I,0,
-6.51,-7.484,6,I,261(E1),K,-7.371,2
-1.17,-0.6453,7,I,261(E1),L,-0.194,3
-0.886,-0.4267,5,I,261(E1),M,-0.6219,5
-7.01,-7.59,7,I,261(E1),N,-8,3
-7.616,-7.665,7,I,261(E1),P,-8,1
-6.959,-7.581,5,I,261(E1),Q,-8,2
-6.901,-7.571,5,I,261(E1),R,-8,1
-7.08,-7.601,6,I,261(E1),S,-8,4
-3.37,-4.143,5,I,261(E1),T,-8,1
-0.4442,-0.1732,5,I,261(E1),V,-0.0521,2
-5.757,-7.198,7,I,261(E1),W,-8,5
-4.935,-6.589,8,I,261(E1),Y,-6.621,1
-0.05353,-0.01738,2,A,262(E1),-,,
0,0,,A,262(E1),A,0,
-1.154,-0.632,3,A,262(E1),C,-1.081,2
-0.3503,-0.1307,8,A,262(E1),D,-0.3825,1
-1.399,-0.8595,3,A,262(E1),E,-1.121,2
4.658,0.327,1,A,262(E1),F,,
-0.6087,-0.2567,4,A,262(E1),G,-0.2066,1
-0.8428,-0.3976,6,A,262(E1),H,-1.217,3
2.493,0.3019,5,A,262(E1),I,0.1478,3
-0.2642,-0.09461,4,A,262(E1),K,-0.7454,3
1.745,0.2706,2,A,262(E1),L,0.2197,2
-1.062,-0.5564,5,A,262(E1),M,-1.043,3
-0.6479,-0.2784,6,A,262(E1),N,-0.6298,3
-3.422,-4.246,4,A,262(E1),P,-4.505,2
-1.646,-1.133,2,A,262(E1),Q,,
1.198,0.2276,2,A,262(E1),R,0.2122,1
-1.36,-0.8206,8,A,262(E1),S,0.07454,1
-0.8915,-0.4305,60,A,262(E1),T,-1.172,10
0.1347,0.04011,7,A,262(E1),V,-0.6985,1
-0.8145,-0.379,8,A,262(E1),W,-0.1494,3
-0.2274,-0.08005,3,A,262(E1),Y,-1.028,1
-0.3904,-0.1484,1,T,263(E1),-,,
-1.14,-0.6196,9,T,263(E1),A,-1.241,4
-1.794,-1.319,4,T,263(E1),C,-1.989,2
-1.874,-1.425,9,T,263(E1),D,-2.99,4
-2.862,-3.123,2,T,263(E1),E,-2.713,1
-2.143,-1.824,4,T,263(E1),F,-2.087,2
-1.265,-0.7298,3,T,263(E1),G,-0.2481,2
-0.163,-0.05566,2,T,263(E1),H,-0.3255,2
-0.7825,-0.3586,9,T,263(E1),I,-0.5127,5
-2.71,-2.825,14,T,263(E1),K,-2.761,2
-4.217,-5.677,9,T,263(E1),L,-4.75,4
-2.143,-1.824,2,T,263(E1),M,-2.083,1
-2.068,-1.707,4,T,263(E1),N,-2.561,2
-1.802,-1.328,4,T,263(E1),P,-0.6389,1
0.5662,0.1394,3,T,263(E1),Q,,
-3.993,-5.313,4,T,263(E1),R,-5.433,2
0.3701,0.09923,7,T,263(E1),S,-0.6069,2
0,0,,T,263(E1),T,0,
2.006,0.2842,7,T,263(E1),V,-0.8608,4
-1.698,-1.196,2,T,263(E1),W,-1.477,2
-1.655,-1.143,4,T,263(E1),Y,-1.107,1
3.059,0.3141,4,N,264(E1),A,0.855,3
-1.919,-1.489,4,N,264(E1),C,-1.811,2
0.01656,0.005205,5,N,264(E1),D,-0.4446,4
-0.4139,-0.1591,7,N,264(E1),E,-1.092,4
0.1227,0.03674,6,N,264(E1),F,-0.1182,4
0.06008,0.01852,3,N,264(E1),G,-0.8965,2
-1.132,-0.6132,7,N,264(E1),H,-0.4108,1
-1.489,-0.9535,4,N,264(E1),I,-0.6626,2
-0.8405,-0.396,6,N,264(E1),K,-1.365,4
0.8243,0.182,2,N,264(E1),L,-0.06885,2
0.03347,0.01044,7,N,264(E1),M,0.8853,3
0,0,,N,264(E1),N,0,
-2.451,-2.343,5,N,264(E1),P,-2.332,3
-0.1241,-0.04164,2,N,264(E1),Q,0.8561,1
0.4185,0.1099,7,N,264(E1),R,0.3078,3
-0.6968,-0.3065,9,N,264(E1),S,-0.6577,1
-1.438,-0.8992,4,N,264(E1),T,-0.7395,2
2.12,0.2891,6,N,264(E1),V,0.3595,3
-1.105,-0.5912,6,N,264(E1),W,-0.2413,3
0.2579,0.07268,8,N,264(E1),Y,-0.3947,6
-2.772,-2.945,6,P,265(E1),A,,
-6.596,-7.506,7,P,265(E1),C,-8,6
-4.81,-6.458,3,P,265(E1),D,-6.936,2
-4.801,-6.448,4,P,265(E1),E,-6.791,2
-5.941,-7.287,9,P,265(E1),F,-8,5
-4.186,-5.629,3,P,265(E1),G,-5.604,1
-4.279,-5.771,8,P,265(E1),H,-5.67,1
-5.879,-7.259,7,P,265(E1),I,-8,5
-3.985,-5.299,2,P,265(E1),K,,
-7.92,-7.689,13,P,265(E1),L,-8,7
-4.93,-6.584,7,P,265(E1),M,-6.824,3
-2.764,-2.929,6,P,265(E1),N,-2.788,3
0,0,,P,265(E1),P,0,
-3.442,-4.288,5,P,265(E1),Q,-4.762,2
-7.124,-7.607,4,P,265(E1),R,-8,4
-3.494,-4.389,11,P,265(E1),S,-4.369,3
-3.468,-4.339,6,P,265(E1),T,-4.223,4
-13.38,-7.757,3,P,265(E1),V,-4.098,1
-4.912,-6.566,3,P,265(E1),W,-7.544,1
-6.816,-7.554,5,P,265(E1),Y,-8,1
-2.537,-2.5,11,V,266(E1),A,-2.553,8
-3.535,-4.469,5,V,266(E1),C,-5.047,3
-6.882,-7.567,4,V,266(E1),D,-8,2
-6.974,-7.583,5,V,266(E1),E,-8,3
-6.281,-7.417,12,V,266(E1),F,-8,7
-6.411,-7.457,7,V,266(E1),G,-8,3
-6.623,-7.513,11,V,266(E1),H,-8,7
-1.132,-0.6132,5,V,266(E1),I,-0.5172,4
-6.985,-7.585,4,V,266(E1),K,-8,2
-1.58,-1.055,7,V,266(E1),L,-1.12,3
-2.631,-2.674,13,V,266(E1),M,-2.285,3
-5.646,-7.138,4,V,266(E1),N,-6.701,2
-0.06763,-0.0221,9,V,266(E1),P,0.2642,5
-7.09,-7.602,1,V,266(E1),Q,-8,1
-7.115,-7.606,12,V,266(E1),R,-8,8
-6.745,-7.54,8,V,266(E1),S,-8,5
-0.451,-0.1764,6,V,266(E1),T,-0.4336,5
0,0,,V,266(E1),V,0,
-6.706,-7.532,8,V,266(E1),W,-8,4
-6.045,-7.331,6,V,266(E1),Y,-8,4
-0.5162,-0.2083,6,R,267(E1),A,-1.428,2
-2.179,-1.881,3,R,267(E1),C,,
-6.018,-7.32,7,R,267(E1),D,-8,4
-4.074,-5.449,3,R,267(E1),E,-6.2,2
-6.352,-7.439,3,R,267(E1),F,-8,1
-2.502,-2.436,4,R,267(E1),G,-2.918,3
-1.166,-0.6416,5,R,267(E1),H,-1.101,3
-1.314,-0.7755,6,R,267(E1),I,0.2221,2
-0.668,-0.2898,3,R,267(E1),K,-0.5696,3
-1.529,-0.9974,10,R,267(E1),L,-2.062,2
-1.096,-0.5832,11,R,267(E1),M,-0.8443,9
-2.63,-2.672,1,R,267(E1),N,-3.288,1
-6.971,-7.583,6,R,267(E1),P,-8,4
0.1091,0.03288,16,R,267(E1),Q,-0.3782,6
0,0,,R,267(E1),R,0,
-1.76,-1.274,3,R,267(E1),S,,
-1.055,-0.5512,6,R,267(E1),T,-0.2427,4
0.2906,0.08071,3,R,267(E1),V,-0.6562,1
-6.069,-7.341,81,R,267(E1),W,-8,11
-2.792,-2.985,5,R,267(E1),Y,-2.82,3
0,0,,A,268(E1),A,0,
-1.636,-1.121,4,A,268(E1),C,-1.392,4
-6.09,-7.349,13,A,268(E1),D,-8,5
-7.221,-7.621,9,A,268(E1),E,-8,5
-8.242,-7.708,8,A,268(E1),F,-8,4
-1.619,-1.1,3,A,268(E1),G,-0.1855,2
-6.963,-7.582,5,A,268(E1),H,-8,2
-4.839,-6.489,8,A,268(E1),I,-6.823,3
-6.89,-7.569,4,A,268(E1),K,-8,2
-6.67,-7.524,5,A,268(E1),L,-8,2
-6.249,-7.406,8,A,268(E1),M,-8,3
-6.054,-7.335,5,A,268(E1),N,-8,4
-7.064,-7.598,3,A,268(E1),P,-8,2
-5.995,-7.31,6,A,268(E1),Q,-8,4
-6.737,-7.538,4,A,268(E1),R,-8,3
-0.4012,-0.1533,6,A,268(E1),S,-0.05122,2
-2.97,-3.338,37,A,268(E1),T,-2.329,6
-2.997,-3.392,16,A,268(E1),V,-3.329,4
-4.603,-6.217,6,A,268(E1),W,-5.874,1
-7.092,-7.603,9,A,268(E1),Y,-8,6
-1.208,-0.6784,11,M,269(E1),A,-0.8656,10
-0.6655,-0.2883,8,M,269(E1),C,-0.7049,7
-1.424,-0.8853,6,M,269(E1),D,-1.323,4
-2.402,-2.257,1,M,269(E1),E,,
1.397,0.246,8,M,269(E1),F,0.1467,5
-1.954,-1.538,4,M,269(E1),G,-1.849,2
-1.244,-0.7102,4,M,269(E1),H,-0.4608,3
0.4265,0.1116,156,M,269(E1),I,-0.02416,15
0.3512,0.09496,2,M,269(E1),K,-0.6562,1
-0.02629,-0.008429,10,M,269(E1),L,-0.00185,6
0,0,,M,269(E1),M,0,
1.17,0.2247,6,M,269(E1),N,-1.193,2
-6.848,-7.561,4,M,269(E1),P,-8,2
-1.411,-0.8721,1,M,269(E1),Q,,
-1.978,-1.572,5,M,269(E1),R,-1.85,2
-0.9037,-0.4389,7,M,269(E1),S,-0.9203,3
-1.293,-0.7555,20,M,269(E1),T,-0.7367,7
0.339,0.09215,12,M,269(E1),V,-0.2539,7
-1.087,-0.5765,3,M,269(E1),W,-0.6278,2
-1.007,-0.5139,4,M,269(E1),Y,-0.1338,3
-1.342,-0.8023,1,N,270(E1),A,,
-6.252,-7.407,4,N,270(E1),C,,
-1.026,-0.528,11,N,270(E1),D,-0.4374,5
-8.716,-7.727,4,N,270(E1),E,-1.053,1
-4.919,-6.572,6,N,270(E1),F,-6.174,4
0.238,0.06767,4,N,270(E1),G,-0.9783,1
-1.584,-1.059,9,N,270(E1),H,-0.9176,2
-6.327,-7.432,7,N,270(E1),I,-7.769,4
-3.095,-3.588,5,N,270(E1),K,-3.617,1
-5.863,-7.251,8,N,270(E1),L,-8,2
-3.719,-4.822,4,N,270(E1),M,-4.759,3
0,0,,N,270(E1),N,0,
-6.881,-7.567,7,N,270(E1),P,-7.185,2
-1.246,-0.7122,9,N,270(E1),Q,-0.5807,4
-4.844,-6.495,5,N,270(E1),R,-5.351,3
-1.654,-1.142,5,N,270(E1),S,-1.043,3
-6.659,-7.521,12,N,270(E1),T,-8,7
-6.259,-7.41,5,N,270(E1),V,-8,3
-6.683,-7.526,4,N,270(E1),W,-8,2
-6.295,-7.421,7,N,270(E1),Y,-7.941,4
-7.101,-7.604,1,C,271(E1),*,,
-7.313,-7.633,8,C,271(E1),A,-8,8
0,0,,C,271(E1),C,0,
-5.793,-7.217,6,C,271(E1),D,-8,3
-6.02,-7.321,4,C,271(E1),E,-8,4
-7.187,-7.616,7,C,271(E1),F,-8,3
-6.169,-7.378,10,C,271(E1),G,-8,5
-6.727,-7.536,13,C,271(E1),H,-8,8
-7.059,-7.597,2,C,271(E1),I,-8,1
-7.114,-7.606,3,C,271(E1),K,-6.836,1
-5.917,-7.276,6,C,271(E1),L,-7.68,3
-6.816,-7.555,3,C,271(E1),M,-8,1
-7.026,-7.592,3,C,271(E1),N,-8,3
-7.399,-7.643,7,C,271(E1),P,-7.494,4
-6.872,-7.565,2,C,271(E1),Q,-8,2
-5.899,-7.268,8,C,271(E1),R,-8,1
-7.036,-7.594,8,C,271(E1),S,-8,4
-6.368,-7.444,2,C,271(E1),T,,
-6.354,-7.44,4,C,271(E1),V,,
-6.493,-7.48,6,C,271(E1),W,-8,4
-7.934,-7.69,9,C,271(E1),Y,-8,1
0.8992,0.1925,1,A,272(E1),-,,
0,0,,A,272(E1),A,0,
-1.301,-0.7633,5,A,272(E1),C,-0.1514,1
-1.08,-0.5708,11,A,272(E1),D,-1.339,4
-2.905,-3.208,6,A,272(E1),E,-3.049,5
-1.274,-0.738,3,A,272(E1),F,-3.946,2
1.66,0.2653,1,A,272(E1),G,0.3427,1
-0.4113,-0.1579,6,A,272(E1),H,-0.5296,4
-0.1138,-0.03798,6,A,272(E1),I,-0.9093,3
-0.9625,-0.4808,5,A,272(E1),K,-0.4994,3
-0.2765,-0.09959,7,A,272(E1),L,-0.2689,3
1.009,0.2066,3,A,272(E1),M,,
0.5248,0.1315,8,A,272(E1),N,0.2828,4
-6.696,-7.529,3,A,272(E1),P,-8,1
-0.2124,-0.07423,3,A,272(E1),Q,-1.086,1
-2.352,-2.169,5,A,272(E1),R,-2.352,2
-0.6695,-0.2906,7,A,272(E1),S,0.2177,1
-1.187,-0.6602,21,A,272(E1),T,-0.0598,5
0.00704,0.002223,16,A,272(E1),V,0.2659,4
-3.186,-3.773,6,A,272(E1),W,-2.473,2
-0.01498,-0.004779,5,A,272(E1),Y,0.0882,4
0.913,0.1944,1,V,273(E1),-,,
-1.79,-1.313,7,V,273(E1),A,-1.614,1
-1.094,-0.5817,4,V,273(E1),C,-0.06995,2
-2.611,-2.638,4,V,273(E1),D,-1.163,1
-1.683,-1.177,9,V,273(E1),E,-1.657,5
-1.728,-1.234,8,V,273(E1),F,-1.374,4
-4.038,-5.389,7,V,273(E1),G,-7.247,3
-6.36,-7.442,9,V,273(E1),H,-8,6
1.016,0.2075,5,V,273(E1),I,-0.07035,2
-7.279,-7.629,7,V,273(E1),K,-8,6
-3.026,-3.449,9,V,273(E1),L,-3.871,1
-1.408,-0.8683,29,V,273(E1),M,-0.7655,7
-2.353,-2.17,3,V,273(E1),N,-2.36,1
-3.371,-4.145,4,V,273(E1),P,-3.929,1
-1.696,-1.194,4,V,273(E1),Q,-1.224,2
-6.761,-7.543,3,V,273(E1),R,-8,3
-1.689,-1.185,6,V,273(E1),S,-1.013,3
2.816,0.3097,3,V,273(E1),T,0.7795,2
0,0,,V,273(E1),V,0,
-3.481,-4.364,5,V,273(E1),W,-4.048,3
-1.754,-1.267,4,V,273(E1),Y,-1.633,3
-4.736,-6.375,2,G,274(E1),*,-6.701,1
1.248,0.2326,1,G,274(E1),-,,
-3.094,-3.588,5,G,274(E1),A,-4.431,3
-5.852,-7.246,5,G,274(E1),C,-7.665,2
-6.205,-7.391,9,G,274(E1),D,-8,5
-8.33,-7.712,32,G,274(E1),E,-8,8
-6.161,-7.375,8,G,274(E1),F,-8,8
0,0,,G,274(E1),G,0,
-7.108,-7.605,3,G,274(E1),H,-8,2
-7.413,-7.645,5,G,274(E1),I,-8,4
-6.775,-7.546,7,G,274(E1),K,-8,2
-6.244,-7.405,8,G,274(E1),L,-7.694,5
-6.971,-7.583,10,G,274(E1),M,-8,8
-11.03,-7.754,3,G,274(E1),N,-8,3
-7.166,-7.613,4,G,274(E1),P,-8,1
-6.227,-7.399,7,G,274(E1),Q,-7.999,4
-7.738,-7.676,26,G,274(E1),R,-8,7
-2.388,-2.232,11,G,274(E1),S,-2.042,7
-5.477,-7.034,6,G,274(E1),T,-8,2
-7.098,-7.604,9,G,274(E1),V,-8,3
-7.235,-7.623,7,G,274(E1),W,-8,5
-5.719,-7.179,2,G,274(E1),Y,-7.464,2
0.8273,0.1825,1,N,275(E1),-,,
0.5651,0.1392,4,N,275(E1),A,-0.002704,3
-7.075,-7.6,6,N,275(E1),C,-8,4
-1.516,-0.9831,5,N,275(E1),D,-0.511,1
-1.423,-0.8841,3,N,275(E1),E,-1.156,2
-1.553,-1.024,5,N,275(E1),F,-1.752,3
-0.2962,-0.1077,2,N,275(E1),G,-0.106,1
-1.406,-0.8661,7,N,275(E1),H,-1.148,3
-0.1635,-0.05585,10,N,275(E1),I,-0.3155,5
-7.27,-7.627,8,N,275(E1),K,-8,3
-2.074,-1.715,9,N,275(E1),L,-1.289,4
0.2541,0.07174,8,N,275(E1),M,0.1034,2
0,0,,N,275(E1),N,0,
-3.628,-4.649,4,N,275(E1),P,-4.207,1
-1.825,-1.359,4,N,275(E1),Q,-0.9582,3
-6.941,-7.578,6,N,275(E1),R,-8,3
0.1841,0.05362,2,N,275(E1),S,,
-0.6828,-0.2983,6,N,275(E1),T,0.0185,4
-3.008,-3.414,6,N,275(E1),V,-3.22,5
-2.314,-2.105,3,N,275(E1),W,-2.387,2
-0.1688,-0.0578,4,N,275(E1),Y,-0.3625,3
-0.2975,-0.1082,3,M,276(E1),-,,
-0.8748,-0.4191,7,M,276(E1),A,0.3751,3
-0.9875,-0.4993,8,M,276(E1),C,-0.6667,7
-5.999,-7.312,7,M,276(E1),D,-7.292,2
-6.848,-7.561,7,M,276(E1),E,-8,3
-0.8513,-0.4032,10,M,276(E1),F,-0.6956,6
-9.661,-7.745,1,M,276(E1),G,,
-3.735,-4.851,4,M,276(E1),H,-6.087,2
0.1593,0.04693,20,M,276(E1),I,-0.565,3
-7.812,-7.681,9,M,276(E1),K,-8,3
0.471,0.1208,10,M,276(E1),L,0.2337,3
0,0,,M,276(E1),M,0,
-4.782,-6.427,2,M,276(E1),N,-6.703,2
-6.141,-7.368,7,M,276(E1),P,-7.963,3
-7.379,-7.641,4,M,276(E1),Q,-8,2
-6.363,-7.443,1,M,276(E1),R,-8,1
-1.478,-0.9418,6,M,276(E1),S,-0.3994,1
-0.006015,-0.001911,5,M,276(E1),T,-1.333,2
1.482,0.2528,4,M,276(E1),V,-1.066,1
-0.8475,-0.4007,3,M,276(E1),W,-1.098,1
-0.9322,-0.459,3,M,276(E1),Y,-1.446,2
-0.1141,-0.03809,3,P,277(E1),-,,
-2.199,-1.913,7,P,277(E1),A,-2.694,3
-6.571,-7.5,3,P,277(E1),C,-8,1
-6.155,-7.373,1,P,277(E1),D,-8,1
-7.298,-7.631,5,P,277(E1),E,-8,3
-6.033,-7.326,6,P,277(E1),F,-8,3
-4.457,-6.026,7,P,277(E1),G,-3.476,3
-6.689,-7.528,9,P,277(E1),H,-7.625,1
-5.651,-7.141,3,P,277(E1),I,-7.392,2
-7.008,-7.589,5,P,277(E1),K,-8,1
-4.85,-6.501,9,P,277(E1),L,-6.148,1
-6.684,-7.527,4,P,277(E1),M,-8,3
-6.186,-7.385,8,P,277(E1),N,-8,7
0,0,,P,277(E1),P,0,
-5.805,-7.223,5,P,277(E1),Q,-7.504,2
-6.348,-7.438,5,P,277(E1),R,-8,5
-8.631,-7.724,82,P,277(E1),S,-8,8
-6.482,-7.477,8,P,277(E1),T,-8,2
-1.156,-0.633,5,P,277(E1),V,-2.923,2
-5.697,-7.167,5,P,277(E1),W,-8,5
-7.226,-7.622,6,P,277(E1),Y,-8,2
-5.409,-6.988,12,I,278(E1),-,-7.439,1
-1.917,-1.485,4,I,278(E1),A,-2.292,2
-1.895,-1.455,1,I,278(E1),C,-1.743,1
-5.525,-7.065,3,I,278(E1),D,,
-6.433,-7.463,3,I,278(E1),E,,
-0.7852,-0.3603,8,I,278(E1),F,-1.026,6
-6.456,-7.47,4,I,278(E1),G,-8,3
-3.931,-5.205,3,I,278(E1),H,,
0,0,,I,278(E1),I,0,
-4.819,-6.468,1,I,278(E1),K,-6.664,1
-0.2384,-0.08437,5,I,278(E1),L,-1.029,3
-0.831,-0.3898,6,I,278(E1),M,0.1242,2
-6.42,-7.459,18,I,278(E1),N,-8,5
-6.449,-7.468,8,I,278(E1),P,-8,6
-6.963,-7.582,5,I,278(E1),Q,-8,3
-6.568,-7.499,6,I,278(E1),R,-8,3
-5.128,-6.769,4,I,278(E1),S,-7.155,2
-2.599,-2.614,13,I,278(E1),T,-2.497,6
-0.07009,-0.02293,3,I,278(E1),V,-0.1687,2
-3.54,-4.48,6,I,278(E1),W,-4.664,5
-4.249,-5.726,8,I,278(E1),Y,-5.383,4
2.061,0.2867,6,S,279(E1),-,,
-0.8598,-0.4089,6,S,279(E1),A,-0.7777,3
-1.579,-1.054,3,S,279(E1),C,0.4822,1
-0.1177,-0.03936,4,S,279(E1),D,0.4287,2
3.185,0.316,5,S,279(E1),E,0.6006,5
-4.452,-6.019,6,S,279(E1),F,-5.907,4
1.648,0.2645,3,S,279(E1),G,,
-1.593,-1.07,5,S,279(E1),H,-1.191,3
0.3412,0.09266,10,S,279(E1),I,-0.1406,5
-5.196,-6.826,5,S,279(E1),K,-8,3
1.37,0.2437,4,S,279(E1),L,-0.2013,4
0.5673,0.1396,10,S,279(E1),M,-0.4089,5
-0.8812,-0.4234,12,S,279(E1),N,-2.7,1
-7.134,-7.609,4,S,279(E1),P,-8,2
-1.607,-1.086,9,S,279(E1),Q,-1.517,5
-7.098,-7.604,4,S,279(E1),R,-8,1
0,0,,S,279(E1),S,0,
-0.3523,-0.1315,8,S,279(E1),T,-1.607,3
-0.9137,-0.4459,4,S,279(E1),V,-0.1536,1
-5.235,-6.858,3,S,279(E1),W,-8,1
-3.626,-4.645,4,S,279(E1),Y,-5.514,3
0.281,0.07839,7,I,280(E1),-,,
-0.5327,-0.2166,6,I,280(E1),A,-0.338,2
2.9,0.3114,4,I,280(E1),C,,
-7.007,-7.589,8,I,280(E1),D,-8,6
-6.494,-7.48,5,I,280(E1),E,-8,4
-0.2992,-0.1089,10,I,280(E1),F,-0.3098,4
-6.635,-7.516,1,I,280(E1),G,,
-6.285,-7.418,10,I,280(E1),H,-8,7
0,0,,I,280(E1),I,0,
-5.923,-7.279,6,I,280(E1),K,-8,3
-1.806,-1.335,4,I,280(E1),L,-1.891,3
-0.3513,-0.1311,6,I,280(E1),M,-0.369,4
-6.326,-7.431,8,I,280(E1),N,-8,6
-5.676,-7.155,3,I,280(E1),P,-7.543,1
-6.95,-7.579,4,I,280(E1),Q,-8,2
-6.186,-7.384,4,I,280(E1),R,-8,4
-1.665,-1.156,2,I,280(E1),S,-2.493,2
-2.069,-1.709,9,I,280(E1),T,-1.025,3
1.076,0.2146,3,I,280(E1),V,-0.3778,2
-1.33,-0.791,5,I,280(E1),W,-0.2936,2
-2.659,-2.727,6,I,280(E1),Y,-2.865,2
-7.213,-7.62,9,D,281(E1),-,-8,1
-2.598,-2.613,8,D,281(E1),A,-2.62,5
-4.226,-5.691,2,D,281(E1),C,-5.956,2
0,0,,D,281(E1),D,0,
-0.3474,-0.1294,10,D,281(E1),E,0.1824,5
-5.735,-7.187,2,D,281(E1),F,-8,1
0.5774,0.1415,5,D,281(E1),G,,
-4.012,-5.344,6,D,281(E1),H,-5.89,3
-4.419,-5.973,9,D,281(E1),I,-5.918,8
-6.067,-7.34,7,D,281(E1),K,-8,4
-4.315,-5.825,5,D,281(E1),L,-5.713,3
-3.835,-5.035,3,D,281(E1),M,-5.299,2
0.3479,0.0942,21,D,281(E1),N,-0.01855,4
-4.123,-5.529,6,D,281(E1),P,-5.464,2
-1.144,-0.6235,5,D,281(E1),Q,,
-6.64,-7.517,8,D,281(E1),R,-8,7
-1.613,-1.093,9,D,281(E1),S,-1.176,5
-3.384,-4.172,6,D,281(E1),T,-4.235,5
-5.405,-6.985,8,D,281(E1),V,-8,4
-4.643,-6.265,7,D,281(E1),W,-6.824,4
-3.646,-4.683,7,D,281(E1),Y,,
0.04824,0.01495,1,I,282(E1),-,,
-3.2,-3.802,3,I,282(E1),A,-4.064,2
-3.798,-4.968,9,I,282(E1),C,-5.4,3
-6.934,-7.577,7,I,282(E1),D,-8,4
-7.146,-7.611,3,I,282(E1),E,-8,2
-1.585,-1.061,8,I,282(E1),F,-1.67,3
-2.496,-2.425,1,I,282(E1),G,-2.601,1
-7.324,-7.634,7,I,282(E1),H,-8,3
0,0,,I,282(E1),I,0,
-0.8047,-0.3727,7,I,282(E1),L,-1.814,2
0.6567,0.1556,4,I,282(E1),M,0.04809,3
-8.907,-7.732,7,I,282(E1),N,-8,3
-6.456,-7.47,11,I,282(E1),P,-8,8
-6.676,-7.525,3,I,282(E1),Q,-8,1
-7.589,-7.663,2,I,282(E1),R,-8,1
-7.379,-7.641,4,I,282(E1),S,-8,1
-5.295,-6.905,15,I,282(E1),T,-7.497,6
0.1995,0.05772,6,I,282(E1),V,-0.3461,3
-6.03,-7.325,3,I,282(E1),W,,
-4.152,-5.575,7,I,282(E1),Y,-5.31,3
-2.473,-2.382,4,P,283(E1),A,-3.169,1
-1.925,-1.496,3,P,283(E1),C,-2.063,2
1.068,0.2136,2,P,283(E1),D,-0.01655,2
-1.356,-0.816,3,P,283(E1),E,-2.93,1
-0.8236,-0.385,4,P,283(E1),F,-1.194,2
-0.7569,-0.3427,1,P,283(E1),G,,
-2.213,-1.935,1,P,283(E1),H,,
-1.75,-1.261,4,P,283(E1),I,-1.476,2
-0.3465,-0.129,5,P,283(E1),K,1.011,2
-2.703,-2.812,5,P,283(E1),L,-0.8937,1
-2.362,-2.187,3,P,283(E1),M,-2.005,1
-1.645,-1.131,4,P,283(E1),N,-1.823,3
0,0,,P,283(E1),P,0,
1.062,0.213,1,P,283(E1),Q,,
1.093,0.2165,5,P,283(E1),R,-0.1652,3
-1.242,-0.7085,5,P,283(E1),S,,
-2.236,-1.974,5,P,283(E1),T,-2.046,2
-1.569,-1.043,4,P,283(E1),V,-0.7037,2
-4.603,-6.216,2,P,283(E1),W,,
-1.393,-0.8536,5,P,283(E1),Y,-1.236,3
-0.02172,-0.00695,1,D,284(E1),-,,
-0.7943,-0.3661,7,D,284(E1),A,-1.062,4
-2.976,-3.35,4,D,284(E1),C,-3.282,2
0,0,,D,284(E1),D,0,
-0.1567,-0.05335,11,D,284(E1),E,-0.03456,3
-1.38,-0.8407,5,D,284(E1),F,-1.476,2
-1.171,-0.6463,3,D,284(E1),G,-2.211,2
2.689,0.3069,3,D,284(E1),H,-2.349,1
-2.223,-1.952,3,D,284(E1),I,-3.083,2
-1.246,-0.7122,6,D,284(E1),K,-0.9358,4
0.3594,0.09683,5,D,284(E1),L,0.3454,4
-0.3898,-0.1481,7,D,284(E1),M,-0.9001,2
0.3319,0.0905,9,D,284(E1),N,0.1084,2
-2.721,-2.847,3,D,284(E1),P,-3.111,3
-0.7288,-0.3255,6,D,284(E1),Q,-0.09594,2
-1.775,-1.294,7,D,284(E1),R,-1.458,4
0.4657,0.1198,4,D,284(E1),S,-0.7724,2
-2.261,-2.016,1,D,284(E1),T,-2.266,1
-1.684,-1.179,10,D,284(E1),V,-1.428,9
-1.875,-1.427,4,D,284(E1),W,-0.5771,1
-1.885,-1.441,11,D,284(E1),Y,-1.667,2
-6.029,-7.325,2,A,285(E1),-,-8,1
0,0,,A,285(E1),A,0,
-3.905,-5.161,4,A,285(E1),C,-5.239,2
-6.377,-7.447,11,A,285(E1),D,-8,5
-7.142,-7.61,6,A,285(E1),E,-7.947,4
-5.938,-7.286,3,A,285(E1),F,,
-0.5841,-0.2434,7,A,285(E1),G,-1.345,4
-5.77,-7.205,4,A,285(E1),H,-7.768,4
-4.425,-5.982,8,A,285(E1),I,-6.516,4
-6.595,-7.506,7,A,285(E1),K,-7.919,2
-6.73,-7.537,7,A,285(E1),L,,
-4.159,-5.587,4,A,285(E1),M,-5.052,1
-5.868,-7.254,5,A,285(E1),N,-8,3
-6.02,-7.321,1,A,285(E1),P,-8,1
-6.631,-7.515,5,A,285(E1),Q,-8,3
-6.088,-7.348,11,A,285(E1),R,-8,7
-0.2793,-0.1007,10,A,285(E1),S,-0.6623,4
-2.682,-2.772,24,A,285(E1),T,-2.865,7
-1.354,-0.8145,8,A,285(E1),V,-0.2492,2
-6.722,-7.535,4,A,285(E1),W,-8,3
-5.286,-6.898,8,A,285(E1),Y,-6.522,2
0.1194,0.03582,1,A,286(E1),-,,
0,0,,A,286(E1),A,0,
0.2507,0.07089,4,A,286(E1),C,1.086,2
-0.765,-0.3476,9,A,286(E1),D,-0.2333,3
-1.091,-0.5794,5,A,286(E1),E,-0.8191,4
-1.735,-1.242,5,A,286(E1),F,-0.7518,4
0.2224,0.06367,8,A,286(E1),G,-0.5435,4
-0.4661,-0.1837,6,A,286(E1),H,-0.6597,4
0.2831,0.07888,8,A,286(E1),I,-0.003195,3
0.6553,0.1553,6,A,286(E1),K,-0.1002,4
0.0009668,0.0003061,4,A,286(E1),L,0.148,2
-1.843,-1.383,5,A,286(E1),M,0.3475,1
-2.56,-2.542,6,A,286(E1),N,-2.771,4
-6.449,-7.468,5,A,286(E1),P,-8,3
0.7405,0.1693,7,A,286(E1),Q,-0.2538,5
-1.246,-0.7123,5,A,286(E1),R,-1.506,2
0.4344,0.1132,12,A,286(E1),S,-0.3916,4
-0.5594,-0.2304,56,A,286(E1),T,-0.3682,7
-0.5189,-0.2096,7,A,286(E1),V,-0.4644,2
-2.165,-1.859,5,A,286(E1),W,-3.071,2
-0.6975,-0.3069,6,A,286(E1),Y,0.05908,4
-0.7866,-0.3612,1,F,287(E1),-,,
-8.596,-7.723,5,F,287(E1),A,-8,2
-5.501,-7.05,11,F,287(E1),C,-8,5
-6.14,-7.368,6,F,287(E1),D,-8,3
-6.46,-7.471,13,F,287(E1),E,-8,8
0,0,,F,287(E1),F,0,
-6.996,-7.587,5,F,287(E1),G,-8,1
-9.234,-7.739,6,F,287(E1),H,-7.899,2
-3.546,-4.491,3,F,287(E1),I,-4.844,1
-7.176,-7.615,6,F,287(E1),K,-8,5
-1.42,-0.8804,9,F,287(E1),L,-2.979,4
-1.039,-0.5387,4,F,287(E1),M,-1.458,2
-5.777,-7.209,4,F,287(E1),N,-8,3
-6.863,-7.564,7,F,287(E1),P,-8,3
-6.304,-7.424,3,F,287(E1),Q,-8,1
-6.346,-7.438,5,F,287(E1),R,-8,2
-5.56,-7.087,11,F,287(E1),S,-7.191,4
-5.816,-7.228,9,F,287(E1),T,-7.748,8
-5.356,-6.95,8,F,287(E1),V,-6.021,1
-0.9064,-0.4408,2,F,287(E1),W,0.1945,1
-2.427,-2.301,4,F,287(E1),Y,-2.222,2
-0.662,-0.2863,2,T,288(E1),-,,
-1.451,-0.9133,14,T,288(E1),A,-1.309,3
-0.08537,-0.02813,3,T,288(E1),C,-0.1651,2
-2.6,-2.616,6,T,288(E1),D,-2.644,4
-1.664,-1.155,4,T,288(E1),E,-1.926,3
-1.555,-1.027,6,T,288(E1),F,-1.208,3
-8.662,-7.725,2,T,288(E1),G,-8,1
-2.261,-2.015,4,T,288(E1),H,-2.143,2
-0.06585,-0.0215,16,T,288(E1),I,-0.173,4
-1.64,-1.125,5,T,288(E1),K,-0.8641,1
-1.099,-0.5862,11,T,288(E1),L,-1.087,8
-0.5862,-0.2445,2,T,288(E1),M,,
-1.845,-1.386,6,T,288(E1),N,-1.669,2
-7.149,-7.611,8,T,288(E1),P,-7.912,2
0.5024,0.1272,7,T,288(E1),Q,-0.7901,3
-0.09863,-0.03269,6,T,288(E1),R,-0.3708,5
-2.101,-1.757,7,T,288(E1),S,-1.923,6
0,0,,T,288(E1),T,0,
-1.007,-0.5136,6,T,288(E1),V,-0.9888,3
-1.781,-1.301,3,T,288(E1),W,-1.46,1
-2.534,-2.494,3,T,288(E1),Y,-3.004,2
-4.299,-5.801,2,R,289(E1),*,,
-0.6044,-0.2543,1,R,289(E1),-,,
-2.533,-2.493,2,R,289(E1),A,,
-4.847,-6.499,4,R,289(E1),C,-6.838,3
-4.583,-6.192,4,R,289(E1),D,-6.821,2
-5.831,-7.236,6,R,289(E1),E,-8,3
-2.867,-3.133,13,R,289(E1),F,-2.924,7
-4.021,-5.36,3,R,289(E1),G,-4.759,1
-1.187,-0.6596,6,R,289(E1),H,-0.8148,2
-2.384,-2.225,16,R,289(E1),I,-2.446,10
-1.546,-1.016,6,R,289(E1),K,-0.5651,2
-3.285,-3.973,12,R,289(E1),L,-2.962,4
-2.899,-3.196,4,R,289(E1),M,-3.392,2
-3.087,-3.574,4,R,289(E1),N,-3.464,3
-3.236,-3.874,8,R,289(E1),P,-2.729,1
-3.902,-5.154,6,R,289(E1),Q,-5.423,4
0,0,,R,289(E1),R,0,
-4.14,-5.555,12,R,289(E1),S,-5.653,7
-2.654,-2.719,8,R,289(E1),T,-2.959,4
-1.157,-0.6345,6,R,289(E1),V,-1.365,4
-1.377,-0.8375,7,R,289(E1),W,-1.188,4
-3.383,-4.17,5,R,289(E1),Y,-4.387,3
-5.733,-7.186,2,V,290(E1),-,,
0.4727,0.1212,5,V,290(E1),A,0.3175,2
-2.18,-1.882,4,V,290(E1),C,-2.127,3
-2.216,-1.941,6,V,290(E1),D,-1.833,3
0.07572,0.02317,6,V,290(E1),E,,
2.662,0.3063,6,V,290(E1),F,-0.07038,4
-2.348,-2.163,7,V,290(E1),G,-2.651,4
-1.765,-1.281,7,V,290(E1),H,-1.245,4
0.5111,0.1289,6,V,290(E1),I,,
0.6931,0.1617,8,V,290(E1),K,-0.1164,3
0.1651,0.04851,4,V,290(E1),L,0.7966,1
-0.2607,-0.0932,14,V,290(E1),M,-0.0475,6
-1.599,-1.077,2,V,290(E1),N,-1.403,1
-3.609,-4.614,5,V,290(E1),P,-4.546,4
-0.2158,-0.07555,6,V,290(E1),Q,-0.5388,4
-0.9697,-0.4861,8,V,290(E1),R,-0.3087,6
-2.47,-2.378,5,V,290(E1),S,-1.964,1
-0.6246,-0.2654,4,V,290(E1),T,-0.4234,2
0,0,,V,290(E1),V,0,
-0.2791,-0.1006,8,V,290(E1),W,-0.9028,3
-0.4693,-0.1852,12,V,290(E1),Y,-0.3257,4
-0.8296,-0.3889,1,V,291(E1),-,,
-1.631,-1.115,3,V,291(E1),A,-1.621,1
-2.084,-1.731,8,V,291(E1),C,-1.966,6
0.2184,0.06265,9,V,291(E1),D,0.05476,5
-1.497,-0.9621,7,V,291(E1),E,-1.241,6
-1.521,-0.9888,3,V,291(E1),F,1.373,1
-1.182,-0.6559,6,V,291(E1),G,-0.2408,4
-0.3158,-0.1159,8,V,291(E1),H,-0.02072,3
0.2716,0.07608,7,V,291(E1),I,0.01946,5
-0.8962,-0.4337,7,V,291(E1),K,-0.06114,3
-0.9421,-0.4661,9,V,291(E1),L,-1.877,3
0.5857,0.143,12,V,291(E1),M,0.7415,4
-0.8475,-0.4007,3,V,291(E1),N,-0.8585,3
-2.173,-1.87,3,V,291(E1),P,-2.106,2
1.411,0.2471,3,V,291(E1),Q,1.14,1
1.386,0.2451,3,V,291(E1),R,0.07055,2
-0.3302,-0.122,8,V,291(E1),S,0.02471,5
-1.669,-1.161,5,V,291(E1),T,-0.2177,3
0,0,,V,291(E1),V,0,
2.038,0.2856,7,V,291(E1),Y,0.5344,4
-0.2924,-0.1061,1,D,292(E1),-,,
-2.295,-2.071,14,D,292(E1),A,-3.194,4
-3.007,-3.412,9,D,292(E1),C,-3.818,4
0,0,,D,292(E1),D,0,
-0.9544,-0.475,13,D,292(E1),E,-1.556,4
-2.606,-2.628,6,D,292(E1),F,-3.534,1
-4.78,-6.425,10,D,292(E1),G,-6.417,2
-2.369,-2.199,6,D,292(E1),H,-2.032,5
-2.422,-2.291,2,D,292(E1),I,-2.535,1
-3.014,-3.426,4,D,292(E1),K,-3.452,1
-0.8785,-0.4216,3,D,292(E1),L,-0.7006,2
-2.174,-1.873,5,D,292(E1),M,-2.2,1
-0.5005,-0.2004,27,D,292(E1),N,-1.117,5
-7.616,-7.665,6,D,292(E1),P,-8,1
-2.149,-1.833,5,D,292(E1),Q,-1.673,1
-2.933,-3.264,2,D,292(E1),R,-3.574,2
-3.612,-4.618,5,D,292(E1),S,-4.864,4
-3.889,-5.132,6,D,292(E1),T,-5.282,4
-2.418,-2.285,8,D,292(E1),V,-2.992,2
-2.151,-1.837,7,D,292(E1),W,-1.937,6
-1.087,-0.576,6,D,292(E1),Y,-0.8339,1
0,0,,A,293(E1),A,0,
-0.523,-0.2117,2,A,293(E1),C,,
-1.681,-1.175,9,A,293(E1),D,-1.137,3
-1.602,-1.08,2,A,293(E1),E,-1.743,1
-8.79,-7.729,9,A,293(E1),F,-8,5
-2.914,-3.225,2,A,293(E1),G,-3.475,1
-4.597,-6.209,5,A,293(E1),H,-6.309,4
-3.316,-4.036,4,A,293(E1),I,-3.834,1
-1.702,-1.2,5,A,293(E1),K,-1.431,2
-3.175,-3.752,4,A,293(E1),L,-4.011,2
-2.035,-1.658,5,A,293(E1),M,-1.855,1
-2.359,-2.182,3,A,293(E1),N,-2.927,1
-6.814,-7.554,3,A,293(E1),P,-7.81,1
-1.849,-1.392,2,A,293(E1),Q,-2.229,1
-3.452,-4.307,4,A,293(E1),R,-4.339,2
-1.053,-0.5492,10,A,293(E1),S,-0.879,2
-2.282,-2.05,18,A,293(E1),T,-0.278,1
-3.162,-3.725,16,A,293(E1),V,-3.386,2
-7.896,-7.687,3,A,293(E1),W,-8,1
-5.628,-7.127,4,A,293(E1),Y,-8,3
-0.9645,-0.4823,6,P,294(E1),A,-0.8097,4
-2.71,-2.825,9,P,294(E1),C,-3.667,3
-5.95,-7.291,2,P,294(E1),D,,
-6.046,-7.331,5,P,294(E1),E,-8,4
-6.959,-7.581,5,P,294(E1),F,-8,3
-2.906,-3.21,1,P,294(E1),G,,
-7.102,-7.604,3,P,294(E1),H,-8,1
-4.009,-5.339,6,P,294(E1),I,-5.202,3
-4.972,-6.626,6,P,294(E1),K,-6.608,3
-4.962,-6.615,7,P,294(E1),L,-6.695,5
-6.702,-7.531,4,P,294(E1),M,-8,3
-5.689,-7.162,3,P,294(E1),N,-8,3
0,0,,P,294(E1),P,0,
-5.911,-7.273,8,P,294(E1),Q,-7.804,5
-6.865,-7.564,4,P,294(E1),R,-8,3
-2.174,-1.872,6,P,294(E1),S,-1.922,1
-2.453,-2.347,11,P,294(E1),T,-2.669,7
-1.583,-1.059,2,P,294(E1),V,,
-7.245,-7.624,8,P,294(E1),W,-8,5
-5.387,-6.973,2,P,294(E1),Y,-7.344,1
-0.6668,-0.2891,5,S,295(E1),A,0.4146,2
-2.139,-1.817,9,S,295(E1),C,-1.823,6
-1.083,-0.5727,2,S,295(E1),D,0.7269,1
-1.128,-0.6095,7,S,295(E1),E,-0.9494,5
0.7696,0.1738,4,S,295(E1),F,0.2173,3
0.1452,0.04304,8,S,295(E1),G,-0.1055,4
-1.326,-0.7876,4,S,295(E1),H,0.3598,1
-0.625,-0.2656,9,S,295(E1),I,-0.3558,3
0.2603,0.07329,5,S,295(E1),L,-0.7642,3
0.982,0.2033,6,S,295(E1),M,-0.4189,2
1.263,0.234,10,S,295(E1),N,,
-3.025,-3.448,8,S,295(E1),P,-3.901,3
-1.27,-0.7347,2,S,295(E1),Q,-0.9748,1
-0.7727,-0.3525,5,S,295(E1),R,-0.3717,4
0,0,,S,295(E1),S,0,
-0.3866,-0.1467,11,S,295(E1),T,0.3013,2
-0.3085,-0.1128,7,S,295(E1),V,-0.7657,5
0.5652,0.1392,7,S,295(E1),W,0.1492,4
-0.4697,-0.1854,6,S,295(E1),Y,-0.8855,2
-1.845,-1.386,7,L,296(E1),A,-1.391,4
-0.01785,-0.0057,5,L,296(E1),C,0.2165,2
-7.556,-7.659,6,L,296(E1),D,-7.556,2
-7.35,-7.637,5,L,296(E1),E,-8,5
1.298,0.2373,3,L,296(E1),F,0.1605,2
-6.861,-7.563,5,L,296(E1),G,-8,4
-3.454,-4.31,2,L,296(E1),H,-4.577,1
-0.04431,-0.01432,5,L,296(E1),I,0.2046,3
-6.837,-7.559,3,L,296(E1),K,-8,2
0,0,,L,296(E1),L,0,
0.2908,0.08076,10,L,296(E1),M,0.391,3
-4.814,-6.462,5,L,296(E1),N,-6.066,2
-1.549,-1.02,11,L,296(E1),P,-1.788,3
-11.37,-7.755,3,L,296(E1),Q,-7.665,2
-5.441,-7.01,9,L,296(E1),R,-7.526,3
-5.491,-7.043,6,L,296(E1),S,-8,5
-0.1179,-0.03944,3,L,296(E1),T,-1.337,2
-0.2004,-0.06965,14,L,296(E1),V,-0.1058,7
-7.237,-7.623,5,L,296(E1),W,-8,4
-4.005,-5.333,10,L,296(E1),Y,-5.674,5
-0.7938,-0.3657,10,T,297(E1),A,-0.1898,6
-2.123,-1.791,2,T,297(E1),C,-1.222,1
1.507,0.2547,3,T,297(E1),D,0.4733,1
-0.3258,-0.1201,5,T,297(E1),E,0.07045,2
0.3091,0.08514,2,T,297(E1),F,-0.1569,2
-0.5732,-0.2377,2,T,297(E1),G,,
-0.5081,-0.2042,6,T,297(E1),H,0.511,1
0.6633,0.1567,15,T,297(E1),I,0.4699,2
0.8851,0.1906,5,T,297(E1),K,-0.2444,1
-1.175,-0.6499,2,T,297(E1),L,,
-0.172,-0.05901,5,T,297(E1),M,-0.6917,1
0.1536,0.04536,10,T,297(E1),N,-0.6932,1
-2.571,-2.563,2,T,297(E1),P,-2.828,2
1.374,0.2441,6,T,297(E1),Q,0.06579,3
-0.6155,-0.2604,6,T,297(E1),R,-0.5746,5
-0.2477,-0.08803,6,T,297(E1),S,-0.4997,1
0,0,,T,297(E1),T,0,
-0.2386,-0.08445,4,T,297(E1),V,,
0.9069,0.1936,6,T,297(E1),W,-0.7781,2
-0.57,-0.2359,3,T,297(E1),Y,-1.032,2
-4.361,-5.892,2,D,298(E1),-,,
-0.02505,-0.008027,6,D,298(E1),A,-0.3777,4
-5.137,-6.777,7,D,298(E1),C,-7.027,5
0,0,,D,298(E1),D,0,
-0.1731,-0.0594,12,D,298(E1),E,-0.3982,4
2.942,0.3121,3,D,298(E1),F,-0.3154,2
-1.144,-0.6231,8,D,298(E1),G,-0.3782,3
-1.214,-0.6839,11,D,298(E1),H,-1.728,2
-1.821,-1.354,5,D,298(E1),I,-1.609,4
1.428,0.2486,3,D,298(E1),K,0.4082,1
0.6046,0.1464,3,D,298(E1),L,-0.7824,2
1.342,0.2413,7,D,298(E1),M,-0.09285,6
-1.51,-0.9762,24,D,298(E1),N,-1.685,6
-2.492,-2.417,8,D,298(E1),P,-2.481,6
0.5974,0.1451,5,D,298(E1),Q,-0.9707,3
-0.8564,-0.4066,3,D,298(E1),R,0.7975,1
-0.2581,-0.09216,4,D,298(E1),S,-0.1477,3
-1.085,-0.5746,5,D,298(E1),T,-1.015,2
-1.178,-0.6519,9,D,298(E1),V,-1.073,3
0.09351,0.02838,3,D,298(E1),W,-0.2857,1
-1.261,-0.7259,7,D,298(E1),Y,-0.567,3
-0.09307,-0.03077,3,M,299(E1),A,-2.903,1
-1.46,-0.9226,5,M,299(E1),C,-1.756,2
-3.378,-4.16,5,M,299(E1),D,-4.96,3
-1.577,-1.052,3,M,299(E1),E,-2.042,2
-1.94,-1.518,9,M,299(E1),F,-2.208,7
-1.495,-0.9598,9,M,299(E1),G,-0.9626,7
-1.79,-1.313,7,M,299(E1),H,-2.281,3
-0.7819,-0.3582,19,M,299(E1),I,-0.8175,3
-2.515,-2.459,3,M,299(E1),K,-3.018,2
2.869,0.3107,3,M,299(E1),L,-0.8622,1
0,0,,M,299(E1),M,0,
-2.1,-1.757,6,M,299(E1),N,-1.985,4
-1.452,-0.9139,5,M,299(E1),P,-1.339,1
-2.13,-1.803,4,M,299(E1),Q,-2.243,2
-2.62,-2.654,6,M,299(E1),R,-2.845,4
-1.754,-1.266,6,M,299(E1),S,-1.607,5
-0.4105,-0.1575,8,M,299(E1),T,-1.116,2
-0.2505,-0.08912,6,M,299(E1),V,-0.9566,1
-2.979,-3.356,6,M,299(E1),W,-3.605,5
-1.754,-1.266,6,M,299(E1),Y,-1.482,3
-0.6258,-0.266,4,S,300(E1),A,-1.311,2
-0.9456,-0.4686,9,S,300(E1),C,-0.1675,3
0.3181,0.08729,5,S,300(E1),D,-0.0546,4
1.291,0.2367,6,S,300(E1),E,0.4824,2
-0.3799,-0.1437,7,S,300(E1),F,-1.184,2
-0.851,-0.403,7,S,300(E1),G,-0.3186,3
1.14,0.2216,7,S,300(E1),H,-1.189,2
1.245,0.2323,5,S,300(E1),I,0.7962,1
-1.387,-0.8468,4,S,300(E1),K,-0.8463,1
0.306,0.0844,8,S,300(E1),L,-1.195,5
-0.4282,-0.1657,7,S,300(E1),M,-0.3176,4
-2.165,-1.858,4,S,300(E1),N,-2.373,2
-4.636,-6.257,4,S,300(E1),P,-6.615,2
0.9813,0.2032,8,S,300(E1),Q,-0.147,2
-1.528,-0.9961,10,S,300(E1),R,-1.538,4
0,0,,S,300(E1),S,0,
-0.4892,-0.1949,10,S,300(E1),T,-0.3936,3
0.05929,0.01828,9,S,300(E1),V,-0.3058,5
0.2148,0.06173,3,S,300(E1),W,0.2527,2
-0.2532,-0.09019,13,S,300(E1),Y,-0.03955,8
-6.402,-7.454,6,C,301(E1),*,,
0.1374,0.04089,1,C,301(E1),-,,
-7.236,-7.623,8,C,301(E1),A,-8,5
0,0,,C,301(E1),C,0,
-7.11,-7.605,9,C,301(E1),D,-8,5
-5.778,-7.209,7,C,301(E1),E,-8,5
-6.424,-7.461,8,C,301(E1),F,-8,3
-7.297,-7.631,6,C,301(E1),G,-8,3
-6.592,-7.505,4,C,301(E1),H,-8,1
-6.343,-7.437,10,C,301(E1),I,-8,6
-7.899,-7.688,5,C,301(E1),K,-8,2
-5.865,-7.252,8,C,301(E1),L,-7.333,2
-0.3541,-0.1323,3,C,301(E1),M,,
-6.797,-7.551,10,C,301(E1),N,-8,5
-7.852,-7.684,5,C,301(E1),P,-8,1
-5.528,-7.067,2,C,301(E1),Q,-8,1
-6.216,-7.395,8,C,301(E1),R,-8,3
-6.654,-7.52,10,C,301(E1),S,-8,6
-6.18,-7.383,7,C,301(E1),T,-8,4
-8.213,-7.706,13,C,301(E1),V,-8,4
-7.755,-7.677,3,C,301(E1),W,-8,1
-6.754,-7.542,20,C,301(E1),Y,-8,5
-3.601,-4.597,6,E,302(E1),*,-2.009,1
-0.2375,-0.08401,2,E,302(E1),-,,
0.05599,0.01729,10,E,302(E1),A,-0.2295,3
-3.262,-3.926,5,E,302(E1),C,-4.489,2
0.5056,0.1278,10,E,302(E1),D,0.2196,4
0,0,,E,302(E1),E,0,
-0.2325,-0.08205,8,E,302(E1),F,-0.2506,7
-1.931,-1.505,7,E,302(E1),G,-1.984,1
-0.1918,-0.06641,13,E,302(E1),H,-0.5282,8
0.6464,0.1538,8,E,302(E1),I,-0.3667,4
-0.4316,-0.1673,19,E,302(E1),K,-1.957,2
-1.512,-0.9791,3,E,302(E1),L,,
-1.011,-0.5172,4,E,302(E1),M,0.0142,2
1.754,0.2711,4,E,302(E1),N,,
-6.366,-7.444,7,E,302(E1),P,-8,3
-0.8336,-0.3915,7,E,302(E1),Q,-0.6999,5
-0.665,-0.2881,6,E,302(E1),R,-0.3528,2
-1.151,-0.6293,10,E,302(E1),S,-0.7735,7
1.103,0.2176,7,E,302(E1),T,0.2393,4
1.812,0.2744,9,E,302(E1),V,-0.5822,5
-0.5229,-0.2117,9,E,302(E1),W,-1.198,5
-1.079,-0.5701,7,E,302(E1),Y,0.5067,2
-1.023,-0.5257,2,V,303(E1),-,,
-1.471,-0.9343,4,V,303(E1),A,-0.5147,3
-0.5694,-0.2356,6,V,303(E1),C,-0.9374,3
-7.275,-7.628,7,V,303(E1),D,-8,5
-6.878,-7.567,7,V,303(E1),E,-8,2
-5.829,-7.235,8,V,303(E1),F,-7.872,3
-5.18,-6.813,5,V,303(E1),G,-7.156,3
-5.274,-6.889,10,V,303(E1),H,-7.54,4
-1.023,-0.5263,8,V,303(E1),I,-0.6568,1
-8.247,-7.708,7,V,303(E1),K,-8,3
-5.411,-6.989,10,V,303(E1),L,-8,3
-5.919,-7.277,21,V,303(E1),M,-8,5
-4.086,-5.468,8,V,303(E1),N,-5.515,4
-5.224,-6.849,7,V,303(E1),P,-7.244,4
-7.09,-7.602,7,V,303(E1),Q,-8,4
-6.362,-7.443,7,V,303(E1),R,-8,5
-0.8494,-0.402,6,V,303(E1),S,-0.3727,2
-0.8299,-0.389,4,V,303(E1),T,0.2412,2
0,0,,V,303(E1),V,0,
-5.701,-7.169,4,V,303(E1),W,-8,3
-6.094,-7.35,9,V,303(E1),Y,-7.885,4
-1.032,-0.5329,2,P,304(E1),-,,
-0.2357,-0.08327,6,P,304(E1),A,-0.4863,3
-2.217,-1.942,5,P,304(E1),C,-2.268,4
-1.758,-1.272,9,P,304(E1),D,-1.311,6
1.193,0.2271,2,P,304(E1),E,-0.08032,1
-1.106,-0.5913,5,P,304(E1),F,-1.123,1
-3.598,-4.592,3,P,304(E1),G,,
-1.743,-1.252,8,P,304(E1),H,-1.492,2
0.6786,0.1593,3,P,304(E1),I,-0.3211,2
-1.208,-0.6785,4,P,304(E1),K,0.04973,1
0.7047,0.1636,10,P,304(E1),L,0.2521,3
-0.6388,-0.2733,4,P,304(E1),M,-0.8218,1
-1.128,-0.6096,4,P,304(E1),N,-0.8614,4
0,0,,P,304(E1),P,0,
-0.1024,-0.03402,5,P,304(E1),Q,0.07457,3
0.261,0.07347,5,P,304(E1),R,0.1303,2
0.1496,0.04426,47,P,304(E1),S,-0.9758,11
0.7508,0.1709,11,P,304(E1),T,-0.3319,4
-0.8464,-0.3999,11,P,304(E1),V,-0.8288,6
-2.112,-1.775,3,P,304(E1),W,-2.375,3
-0.9616,-0.4802,4,P,304(E1),Y,-0.5863,3
-0.648,-0.2784,2,A,305(E1),-,,
0,0,,A,305(E1),A,0,
-3.218,-3.838,2,A,305(E1),C,-4.029,2
-1.713,-1.215,10,A,305(E1),D,-1.988,3
-0.6792,-0.2962,2,A,305(E1),E,,
0.7393,0.1691,9,A,305(E1),F,-0.4236,6
0.2629,0.07392,10,A,305(E1),G,-0.2857,4
1.007,0.2065,9,A,305(E1),H,0.4823,7
-0.5204,-0.2104,7,A,305(E1),I,0.5831,3
-1.54,-1.01,3,A,305(E1),K,-1.781,1
-0.3898,-0.1481,5,A,305(E1),L,-0.5994,3
-0.0822,-0.02704,5,A,305(E1),M,-0.2428,1
3.493,0.3198,3,A,305(E1),N,-0.2342,1
-4.571,-6.176,3,A,305(E1),P,,
-0.6058,-0.2551,5,A,305(E1),Q,-0.4819,4
-0.7978,-0.3683,11,A,305(E1),R,-0.5441,6
-0.3176,-0.1166,8,A,305(E1),S,0.534,3
-1.427,-0.888,18,A,305(E1),T,-0.7859,5
0.565,0.1392,23,A,305(E1),V,-0.3993,7
-0.6735,-0.2929,4,A,305(E1),W,-0.6906,3
-1.75,-1.261,4,A,305(E1),Y,-1.451,1
-5.815,-7.228,1,C,306(E1),*,-7.556,1
-0.3129,-0.1147,2,C,306(E1),-,,
-6.105,-7.355,5,C,306(E1),A,-8,4
0,0,,C,306(E1),C,0,
-6.534,-7.491,8,C,306(E1),D,-8,2
-6.69,-7.528,6,C,306(E1),E,-8,3
-6.55,-7.495,12,C,306(E1),F,-8,6
-5.93,-7.282,11,C,306(E1),G,-7.356,4
-6.823,-7.556,3,C,306(E1),H,-8,2
-5.776,-7.208,2,C,306(E1),I,-7.497,1
-7.016,-7.591,3,C,306(E1),K,-8,3
-7.27,-7.627,3,C,306(E1),L,-8,2
-7.229,-7.622,6,C,306(E1),M,-8,5
-6.569,-7.499,7,C,306(E1),N,-7.902,2
-5.691,-7.163,6,C,306(E1),P,-7.497,4
-6.099,-7.352,5,C,306(E1),Q,-7.693,4
-7.607,-7.664,22,C,306(E1),R,-8,8
-7.153,-7.612,11,C,306(E1),S,-8,5
-5.11,-6.753,2,C,306(E1),T,-6.679,1
-6.265,-7.412,10,C,306(E1),V,-8,4
-7.276,-7.628,5,C,306(E1),W,-8,5
-7.396,-7.643,26,C,306(E1),Y,-8,6
-0.08416,-0.02771,2,T,307(E1),-,,
-1.698,-1.195,18,T,307(E1),A,-1.514,8
-2.829,-3.058,8,T,307(E1),C,-3.636,5
-4.046,-5.402,6,T,307(E1),D,-6.345,2
-1.628,-1.111,8,T,307(E1),E,0.166,4
-1.251,-0.7165,3,T,307(E1),F,,
-3.378,-4.16,4,T,307(E1),G,-4.513,4
-2.639,-2.69,9,T,307(E1),H,-3.163,4
0.3492,0.0945,18,T,307(E1),I,0.05235,2
-2.38,-2.217,15,T,307(E1),K,-2.915,3
-1.915,-1.482,10,T,307(E1),L,-1.679,6
-0.9166,-0.448,7,T,307(E1),M,-1.256,3
-2.165,-1.859,8,T,307(E1),N,-2.079,5
-5.727,-7.183,11,T,307(E1),P,-8,4
-0.05419,-0.0176,3,T,307(E1),Q,-0.2634,2
-1.926,-1.498,3,T,307(E1),R,-1.768,2
-1.667,-1.158,8,T,307(E1),S,-1.719,4
0,0,,T,307(E1),T,0,
-0.6944,-0.3051,5,T,307(E1),V,-0.7441,3
-1.756,-1.269,8,T,307(E1),W,-1.168,4
0.1592,0.04689,6,T,307(E1),Y,-1.728,4
0.2269,0.06484,2,H,308(E1),-,,
1.108,0.2182,2,H,308(E1),A,0.1004,1
0.05717,0.01764,8,H,308(E1),C,0.1095,4
-2.763,-2.929,7,H,308(E1),D,-2.966,2
-3.088,-3.574,5,H,308(E1),E,-3.605,3
1.121,0.2195,5,H,308(E1),F,0.2278,1
-3.256,-3.914,4,H,308(E1),G,-4.126,3
0,0,,H,308(E1),H,0,
-2.84,-3.079,6,H,308(E1),I,-4.254,2
-2.189,-1.897,4,H,308(E1),K,-2.518,3
-2.991,-3.379,5,H,308(E1),L,-4.683,1
-1.813,-1.344,5,H,308(E1),M,-1.624,2
-6.833,-7.558,9,H,308(E1),N,-8,4
-5.765,-7.203,8,H,308(E1),P,-8,5
2.351,0.2976,11,H,308(E1),Q,-0.7314,5
0.7534,0.1713,8,H,308(E1),R,-0.02495,2
-0.277,-0.0998,4,H,308(E1),S,0.4203,1
-0.9785,-0.4926,10,H,308(E1),T,-1.011,9
-2.389,-2.234,6,H,308(E1),V,-2.306,4
-0.09213,-0.03045,8,H,308(E1),W,-0.2076,4
0.05139,0.0159,18,H,308(E1),Y,-0.7372,7
-1.06,-0.5545,3,S,309(E1),-,,
-2.382,-2.221,7,S,309(E1),A,-2.258,2
-6.065,-7.339,5,S,309(E1),C,-8,4
-2.881,-3.16,7,S,309(E1),D,-3.776,3
-2.731,-2.866,3,S,309(E1),E,-3.073,3
-7.118,-7.607,5,S,309(E1),F,-8,4
-1.336,-0.7964,12,S,309(E1),G,-1.006,6
-2.365,-2.192,6,S,309(E1),H,-1.839,2
-4.49,-6.07,10,S,309(E1),I,-6.284,4
-3.708,-4.801,6,S,309(E1),K,-2.575,1
-4.384,-5.925,8,S,309(E1),L,-7.156,1
-3.617,-4.628,5,S,309(E1),M,-4.038,1
-2.433,-2.311,16,S,309(E1),N,-2.702,6
-5.417,-6.993,9,S,309(E1),P,-7.395,4
-3.309,-4.022,8,S,309(E1),Q,-4.464,6
-3.75,-4.879,11,S,309(E1),R,-4.967,5
0,0,,S,309(E1),S,0,
-3.819,-5.006,5,S,309(E1),T,-5.249,3
-6.028,-7.324,9,S,309(E1),V,-8,7
-5.204,-6.833,6,S,309(E1),W,-6.393,3
-4.968,-6.621,7,S,309(E1),Y,-6.7,4
0.06801,0.02088,2,S,310(E1),-,,
1.317,0.239,5,S,310(E1),A,-0.55,3
-2.461,-2.362,8,S,310(E1),C,-3.104,2
-2.571,-2.562,11,S,310(E1),D,-2.525,6
-2.009,-1.619,8,S,310(E1),E,-2.064,4
-0.03101,-0.009964,8,S,310(E1),F,0.3362,4
-1.755,-1.267,11,S,310(E1),G,-1.415,8
0.9983,0.2053,15,S,310(E1),H,0.2758,7
-2.548,-2.52,12,S,310(E1),I,-2.56,5
-1.898,-1.459,12,S,310(E1),K,-1.645,10
-1.528,-0.9968,8,S,310(E1),L,-1.107,6
-1.022,-0.525,10,S,310(E1),M,-0.7236,6
0.8375,0.1839,22,S,310(E1),N,0.5403,11
-7.024,-7.592,5,S,310(E1),P,-8,1
-1.105,-0.591,6,S,310(E1),Q,-1.071,4
-3.177,-3.755,9,S,310(E1),R,-3.377,3
0,0,,S,310(E1),S,0,
-2.195,-1.907,7,S,310(E1),T,-2.593,4
-1.162,-0.6385,7,S,310(E1),V,-1.716,1
-0.7051,-0.3113,10,S,310(E1),W,-1.635,6
-1.08,-0.5704,14,S,310(E1),Y,-0.9087,7
-0.5437,-0.2223,1,D,311(E1),-,,
-1.858,-1.404,11,D,311(E1),A,-2.185,5
-6.714,-7.533,10,D,311(E1),C,-8,6
0,0,,D,311(E1),D,0,
-2.477,-2.39,9,D,311(E1),E,-2.746,3
-0.2323,-0.08196,7,D,311(E1),F,-0.4985,4
-0.7715,-0.3517,8,D,311(E1),G,0.1124,5
-3.327,-4.057,6,D,311(E1),H,-4.221,2
-4.412,-5.963,10,D,311(E1),I,-5.978,7
-6.591,-7.505,11,D,311(E1),K,-8,8
-5.802,-7.222,5,D,311(E1),L,-8,3
-3.395,-4.194,5,D,311(E1),M,-4.514,2
-0.469,-0.185,28,D,311(E1),N,-0.3575,4
-7.135,-7.609,5,D,311(E1),P,-8,4
-2.665,-2.739,8,D,311(E1),Q,-3.1,5
-5.471,-7.03,13,D,311(E1),R,-7.414,9
-0.2834,-0.1024,6,D,311(E1),S,-1.295,2
-2.516,-2.461,12,D,311(E1),T,-2.862,7
-5.602,-7.112,13,D,311(E1),V,-8,9
-3.58,-4.558,6,D,311(E1),W,-3.559,2
-2.375,-2.21,10,D,311(E1),Y,-2.137,1
-0.8897,-0.4292,1,F,312(E1),-,,
-2.173,-1.87,10,F,312(E1),A,-2.043,8
-6.252,-7.407,12,F,312(E1),C,-8,9
-4.011,-5.344,8,F,312(E1),D,-6.133,4
-4.346,-5.87,6,F,312(E1),E,-5.648,3
0,0,,F,312(E1),F,0,
-8.999,-7.734,14,F,312(E1),H,-7.983,4
-2.923,-3.243,13,F,312(E1),I,-3.091,6
-5.896,-7.267,8,F,312(E1),K,-7.726,4
-3.299,-4.001,19,F,312(E1),L,-4.08,3
-1.143,-0.6225,9,F,312(E1),M,-2.25,3
-5.247,-6.867,9,F,312(E1),N,-7.191,4
-3.452,-4.307,9,F,312(E1),P,-4.411,3
-4.287,-5.783,15,F,312(E1),Q,-6.346,7
-5.654,-7.143,6,F,312(E1),R,-8,2
-2.774,-2.95,17,F,312(E1),S,-2.951,9
-3.944,-5.228,8,F,312(E1),T,-5.46,4
-2.722,-2.849,10,F,312(E1),V,-2.885,4
-2.575,-2.57,12,F,312(E1),W,-2.574,5
1.013,0.2071,16,F,312(E1),Y,-0.83,2
-1.449,-0.9115,22,G,313(E1),A,-1.602,7
-1.466,-0.9292,21,G,313(E1),C,-1.421,6
-0.8352,-0.3925,22,G,313(E1),D,-0.9535,7
-1.91,-1.476,10,G,313(E1),E,-1.882,5
-4.295,-5.795,20,G,313(E1),F,-5.671,13
0,0,,G,313(E1),G,0,
-4.068,-5.439,24,G,313(E1),H,-5.582,11
-4.651,-6.276,10,G,313(E1),I,-7.47,3
-2.406,-2.263,19,G,313(E1),K,-2.305,15
-1.555,-1.026,18,G,313(E1),L,-1.088,9
-2.332,-2.135,16,G,313(E1),M,-2.668,8
-2.794,-2.988,14,G,313(E1),N,-3.011,9
-5.911,-7.274,14,G,313(E1),P,-7.732,9
-2.148,-1.832,28,G,313(E1),Q,-1.784,13
-2.358,-2.18,20,G,313(E1),R,-2.496,13
-1.946,-1.526,25,G,313(E1),S,-2.119,9
-1.78,-1.3,8,G,313(E1),T,-1.401,2
-4.555,-6.156,27,G,313(E1),V,-6.732,7
-5.846,-7.243,12,G,313(E1),W,-8,4
-5.394,-6.977,19,G,313(E1),Y,-8,7
-5.942,-7.287,10,G,314(E1),*,,
-1.401,-0.8619,19,G,314(E1),A,-1.451,8
-6.325,-7.431,22,G,314(E1),C,-8,11
-4.873,-6.525,9,G,314(E1),D,-5.06,6
-9.063,-7.736,27,G,314(E1),E,-8,5
-6.209,-7.393,19,G,314(E1),F,-8,6
0,0,,G,314(E1),G,0,
-7.07,-7.599,8,G,314(E1),H,-7.998,3
-6.578,-7.502,20,G,314(E1),I,-8,10
-6.703,-7.531,18,G,314(E1),K,-8,11
-6.236,-7.402,14,G,314(E1),L,-8,9
-6.646,-7.518,22,G,314(E1),M,-7.194,12
-2.123,-1.792,12,G,314(E1),N,-1.781,6
-5.784,-7.212,13,G,314(E1),P,-7.495,6
-5.658,-7.145,18,G,314(E1),Q,-8,10
-8.043,-7.697,25,G,314(E1),R,-8,6
-1.158,-0.635,19,G,314(E1),S,-1.764,8
-5.256,-6.875,16,G,314(E1),T,-6.921,8
-6.547,-7.494,32,G,314(E1),V,-8,14
-7.141,-7.61,24,G,314(E1),W,-8,9
-6.788,-7.549,7,G,314(E1),Y,-8,4
-0.6365,-0.272,5,V,315(E1),A,-0.6826,2
-0.7484,-0.3374,5,V,315(E1),C,-0.07359,3
-1.202,-0.6729,9,V,315(E1),D,-0.3526,5
-1.065,-0.5585,10,V,315(E1),E,-0.7039,5
0.3832,0.1022,7,V,315(E1),F,,
-0.6415,-0.2748,6,V,315(E1),G,,
-0.04812,-0.01558,4,V,315(E1),H,-0.08945,2
3.03,0.3136,2,V,315(E1),I,,
-0.4454,-0.1738,14,V,315(E1),K,-1.232,4
-0.4366,-0.1696,14,V,315(E1),L,-0.4186,5
-0.4157,-0.1599,20,V,315(E1),M,-1.023,7
-1.165,-0.6414,4,V,315(E1),N,-1.662,2
-5.945,-7.289,10,V,315(E1),P,-7.375,4
0.9933,0.2047,5,V,315(E1),Q,-2.535,3
-0.4195,-0.1617,10,V,315(E1),R,-0.3075,4
1.353,0.2422,3,V,315(E1),S,0.723,1
0.4849,0.1236,6,V,315(E1),T,-0.2062,3
0,0,,V,315(E1),V,0,
-0.2532,-0.09019,16,V,315(E1),W,-0.1479,7
-1.533,-1.002,4,V,315(E1),Y,-1.066,4
0,0,,A,316(E1),A,0,
-1.145,-0.6237,5,A,316(E1),C,-2.2,2
-6.264,-7.411,11,A,316(E1),D,-8,4
-6.505,-7.483,2,A,316(E1),E,-8,1
-4.391,-5.934,5,A,316(E1),F,-5.059,2
-0.7316,-0.3272,9,A,316(E1),G,-0.7819,6
-6.513,-7.485,6,A,316(E1),H,-8,5
0.0154,0.004844,2,A,316(E1),I,-0.2313,2
-7.147,-7.611,6,A,316(E1),K,-8,4
-0.7303,-0.3264,10,A,316(E1),L,-1.844,3
-1.209,-0.6794,3,A,316(E1),M,-0.5296,1
-6.188,-7.385,1,A,316(E1),N,,
-7.295,-7.631,10,A,316(E1),P,-8,4
-6.756,-7.542,3,A,316(E1),Q,-8,2
-5.919,-7.277,7,A,316(E1),R,-7.765,4
-1.743,-1.252,12,A,316(E1),S,-0.03704,3
-1.936,-1.512,64,A,316(E1),T,-1.126,7
-1.538,-1.007,35,A,316(E1),V,-1.294,7
-6.917,-7.574,9,A,316(E1),W,-7.881,4
-7.007,-7.589,6,A,316(E1),Y,-8,3
0.2698,0.07563,6,I,317(E1),A,-1.362,3
-1.102,-0.5883,7,I,317(E1),C,-0.7122,3
-1.27,-0.7347,8,I,317(E1),D,-1.217,6
-1.617,-1.098,7,I,317(E1),E,-1.157,3
-0.793,-0.3653,7,I,317(E1),F,-0.04489,1
-2.221,-1.949,6,I,317(E1),G,-2.144,4
-0.7767,-0.355,8,I,317(E1),H,-1.063,4
0,0,,I,317(E1),I,0,
-0.1398,-0.04724,4,I,317(E1),K,-0.1271,3
-0.8622,-0.4105,8,I,317(E1),L,-0.01549,5
-1.008,-0.5144,3,I,317(E1),M,-0.8755,2
-1.75,-1.262,6,I,317(E1),N,-1.291,2
-7.131,-7.608,5,I,317(E1),P,-8,4
-1.579,-1.054,8,I,317(E1),Q,-1.49,6
-1.849,-1.392,2,I,317(E1),R,-1.652,1
3.285,0.3174,2,I,317(E1),S,-1.143,1
-0.364,-0.1366,12,I,317(E1),T,-1.159,5
-1.379,-0.8396,5,I,317(E1),V,-1.916,1
-0.857,-0.407,4,I,317(E1),W,-0.6786,3
0.7755,0.1748,5,I,317(E1),Y,-1.037,3
-7.307,-7.632,8,I,318(E1),-,,
-3.657,-4.705,6,I,318(E1),A,-5.214,3
-2.933,-3.264,5,I,318(E1),C,-3.365,4
-5.1,-6.744,6,I,318(E1),D,-8,3
-6.873,-7.565,4,I,318(E1),E,-8,2
-1.339,-0.7994,7,I,318(E1),F,-1.075,4
-7.119,-7.607,6,I,318(E1),G,-8,4
-7.371,-7.64,8,I,318(E1),H,-8,3
0,0,,I,318(E1),I,0,
-9.675,-7.746,2,I,318(E1),K,-8,2
2.249,0.2941,3,I,318(E1),L,-1.136,2
-0.06712,-0.02193,5,I,318(E1),M,-0.5478,4
-6.818,-7.555,5,I,318(E1),N,-8,2
-5.108,-6.752,7,I,318(E1),P,-6.602,5
-7.266,-7.627,7,I,318(E1),Q,-8,4
-6.91,-7.572,8,I,318(E1),R,-8,4
-6.515,-7.486,10,I,318(E1),S,-8,6
-6.563,-7.498,5,I,318(E1),T,-8,2
-1.081,-0.5718,6,I,318(E1),V,-0.6167,2
-6.358,-7.441,3,I,318(E1),W,-8,3
-6.987,-7.586,7,I,318(E1),Y,-8,4
-2.099,-1.755,3,K,319(E1),-,,
-1.407,-0.8679,4,K,319(E1),A,-1.202,2
-0.282,-0.1019,6,K,319(E1),C,-0.5093,5
-2.048,-1.677,6,K,319(E1),D,-2.183,3
-0.9438,-0.4673,10,K,319(E1),E,-0.4377,7
-0.8307,-0.3896,8,K,319(E1),F,-0.2085,2
-1.167,-0.6427,6,K,319(E1),G,-0.6591,3
0.0694,0.0213,7,K,319(E1),H,-0.4911,2
-1.346,-0.8062,2,K,319(E1),I,-1.082,2
0,0,,K,319(E1),K,0,
0.09652,0.02925,6,K,319(E1),L,0.6279,3
0.35,0.09468,4,K,319(E1),M,-1.061,1
-0.802,-0.371,7,K,319(E1),N,-0.4528,3
-0.3395,-0.126,2,K,319(E1),P,-0.2802,1
-0.7408,-0.3327,7,K,319(E1),Q,-0.4597,6
-0.5365,-0.2185,5,K,319(E1),R,-0.5439,3
2.99,0.313,2,K,319(E1),S,,
-0.8265,-0.3868,11,K,319(E1),T,-0.2306,6
-0.03951,-0.01274,8,K,319(E1),V,0.6807,3
-1.495,-0.9604,5,K,319(E1),W,-1.635,1
-0.7312,-0.3269,7,K,319(E1),Y,-0.6857,3
-6.772,-7.546,10,Y,320(E1),*,-8,2
-1.752,-1.264,3,Y,320(E1),-,,
-1.604,-1.083,8,Y,320(E1),A,-1.342,5
-0.4932,-0.1968,12,Y,320(E1),C,0.1669,5
-5.982,-7.305,9,Y,320(E1),D,-8,3
-6.387,-7.45,4,Y,320(E1),E,-8,2
-1.073,-0.565,6,Y,320(E1),F,-0.9546,2
-1.178,-0.6521,4,Y,320(E1),G,-0.5398,2
-2.672,-2.752,11,Y,320(E1),H,-2.878,8
-2.054,-1.686,6,Y,320(E1),I,-2.326,3
-7.562,-7.66,4,Y,320(E1),K,-8,1
-0.3371,-0.125,3,Y,320(E1),L,0.09697,1
-1.303,-0.7657,3,Y,320(E1),M,-1.423,1
-1.953,-1.537,13,Y,320(E1),N,-1.445,4
-6.857,-7.562,3,Y,320(E1),P,-8,2
-2.782,-2.964,4,Y,320(E1),Q,-1.486,1
-6.128,-7.363,8,Y,320(E1),R,-8,5
-1.794,-1.319,7,Y,320(E1),S,-1.008,5
-1.566,-1.039,2,Y,320(E1),T,-1.652,1
-0.445,-0.1736,7,Y,320(E1),V,-0.3689,4
-1.405,-0.8653,6,Y,320(E1),W,-2.87,2
0,0,,Y,320(E1),Y,0,
-2.065,-1.703,3,A,321(E1),-,,
0,0,,A,321(E1),A,0,
-0.1391,-0.047,2,A,321(E1),C,,
0.1546,0.04564,12,A,321(E1),D,-0.5367,5
-0.6875,-0.3011,3,A,321(E1),E,-0.197,1
2.971,0.3126,5,A,321(E1),F,0.05183,3
-0.4562,-0.1789,19,A,321(E1),G,-0.5363,10
-0.07694,-0.02525,6,A,321(E1),H,-0.04013,3
0.1043,0.03151,6,A,321(E1),I,-0.1784,2
-0.4662,-0.1837,7,A,321(E1),K,-0.7856,3
-1.603,-1.081,3,A,321(E1),L,-1.339,2
0.7524,0.1712,6,A,321(E1),M,0.7136,3
-0.3602,-0.1349,7,A,321(E1),N,0.4533,3
-7.019,-7.591,4,A,321(E1),P,-8,3
0.08876,0.027,9,A,321(E1),Q,-0.9107,6
0.9046,0.1933,6,A,321(E1),R,0.5157,3
-2.078,-1.723,8,A,321(E1),S,-1.922,2
-0.1621,-0.05534,29,A,321(E1),T,-0.4856,6
-0.7423,-0.3336,33,A,321(E1),V,-0.7375,8
-2.241,-1.982,6,A,321(E1),W,-1.793,2
2.06,0.2866,9,A,321(E1),Y,-0.3835,6
-1.482,-0.9457,3,A,322(E1),-,,
0,0,,A,322(E1),A,0,
-0.1986,-0.06896,11,A,322(E1),C,-1.098,5
-6.229,-7.399,10,A,322(E1),D,-6.25,1
-3.792,-4.958,5,A,322(E1),E,-4.845,1
-2.211,-1.932,13,A,322(E1),F,-2.035,8
-1.534,-1.003,3,A,322(E1),G,-1.298,3
-2.264,-2.02,6,A,322(E1),H,-1.859,5
-3.67,-4.73,4,A,322(E1),I,-4.884,3
-3.16,-3.721,8,A,322(E1),K,-3.995,5
-2.12,-1.787,2,A,322(E1),L,-2.38,1
-2.913,-3.224,6,A,322(E1),M,-3.408,4
-1.605,-1.084,8,A,322(E1),N,-1.341,5
-2.755,-2.912,7,A,322(E1),P,-2.963,4
-3.263,-3.928,3,A,322(E1),Q,-4.751,1
-3.457,-4.317,7,A,322(E1),R,-4.495,6
0.3056,0.08432,16,A,322(E1),S,-0.7413,5
-0.7427,-0.3339,30,A,322(E1),T,0.105,6
0.3026,0.08359,10,A,322(E1),V,-1.01,4
-2.592,-2.601,10,A,322(E1),W,-2.482,6
-1.993,-1.595,10,A,322(E1),Y,-1.652,7
-0.6201,-0.2629,1,S,323(E1),-,,
-2.025,-1.642,5,S,323(E1),A,-2.13,4
-2.919,-3.235,5,S,323(E1),C,-3.525,2
0.5333,0.1332,6,S,323(E1),D,-0.997,4
-0.02974,-0.009551,2,S,323(E1),E,-0.2505,2
-0.2499,-0.0889,7,S,323(E1),F,-0.06955,4
-1.807,-1.335,3,S,323(E1),G,-1.385,3
-0.2762,-0.09947,5,S,323(E1),H,-0.02268,3
-1.113,-0.5978,10,S,323(E1),I,0.07854,5
-1.729,-1.234,5,S,323(E1),K,-2.078,1
-1.067,-0.5606,7,S,323(E1),L,-0.09933,5
-1.103,-0.5896,7,S,323(E1),M,-0.7099,3
-0.3779,-0.1428,34,S,323(E1),N,0.1795,8
-1.398,-0.8582,8,S,323(E1),P,-1.399,3
-3.118,-3.636,2,S,323(E1),Q,-3.927,2
-1.253,-0.7189,13,S,323(E1),R,-1.607,6
0,0,,S,323(E1),S,0,
-0.6756,-0.2942,6,S,323(E1),T,-0.861,3
1.071,0.214,5,S,323(E1),V,-0.1454,4
-0.7965,-0.3675,4,S,323(E1),W,,
2.305,0.296,2,S,323(E1),Y,0.4274,2
-4.901,-6.555,1,K,324(E1),*,,
-2.464,-2.366,5,K,324(E1),A,-2.801,3
-2.18,-1.882,5,K,324(E1),C,-1.925,4
-1.997,-1.601,8,K,324(E1),D,-1.555,7
-2.073,-1.715,8,K,324(E1),E,-1.665,3
-1.03,-0.5316,13,K,324(E1),F,-0.5544,5
-2.552,-2.527,9,K,324(E1),G,-1.974,4
-0.2375,-0.08399,11,K,324(E1),H,0.3395,3
-1.255,-0.7206,8,K,324(E1),I,-0.8361,3
0,0,,K,324(E1),K,0,
-1.746,-1.256,8,K,324(E1),L,-1.507,5
-1.368,-0.8281,9,K,324(E1),M,-0.1757,5
-1.835,-1.373,8,K,324(E1),N,-0.5497,2
-1.155,-0.6326,4,K,324(E1),P,-0.4351,1
-1.395,-0.8551,8,K,324(E1),Q,-2.032,2
-0.4673,-0.1842,8,K,324(E1),R,-0.4118,5
-1.054,-0.5502,3,K,324(E1),S,-0.5292,3
-1.501,-0.9672,10,K,324(E1),T,-1.128,5
-0.6698,-0.2908,6,K,324(E1),V,-0.579,4
-1.157,-0.6344,8,K,324(E1),W,-1.125,5
-2.063,-1.699,2,K,324(E1),Y,,
-0.6833,-0.2986,6,K,325(E1),A,-0.6465,5
-1.646,-1.132,5,K,325(E1),C,-1.937,3
-1.074,-0.5661,5,K,325(E1),D,-1.516,2
-0.6094,-0.2571,6,K,325(E1),E,-0.4693,2
-1.65,-1.137,8,K,325(E1),F,-1.334,4
0.02199,0.006894,7,K,325(E1),G,-0.3445,4
-0.2899,-0.1051,6,K,325(E1),H,-0.06746,4
-0.9517,-0.473,4,K,325(E1),I,-1.072,1
0,0,,K,325(E1),K,0,
-1.498,-0.9633,6,K,325(E1),L,-1.302,4
-1.465,-0.9274,6,K,325(E1),M,-1.051,4
-2.324,-2.122,7,K,325(E1),N,-1.258,2
-0.4528,-0.1773,7,K,325(E1),P,-0.7766,4
-0.4863,-0.1934,7,K,325(E1),Q,-0.9064,6
0.8222,0.1817,2,K,325(E1),R,0.7502,1
0.06666,0.02048,8,K,325(E1),S,0.00424,6
-0.7955,-0.3668,10,K,325(E1),T,-0.2228,6
1.722,0.2692,5,K,325(E1),V,-0.01265,4
-0.5309,-0.2157,9,K,325(E1),W,-0.686,4
-1.806,-1.335,4,K,325(E1),Y,-1.11,1
-2.927,-3.252,5,G,326(E1),A,-3.2,2
-3.415,-4.233,13,G,326(E1),C,-4.272,6
-2.673,-2.754,37,G,326(E1),D,-2.991,6
-4.407,-5.958,4,G,326(E1),E,-6.853,2
-1.194,-0.6661,7,G,326(E1),F,-0.9451,5
0,0,,G,326(E1),G,0,
-3.398,-4.2,6,G,326(E1),H,-6.051,2
-4.902,-6.556,7,G,326(E1),I,-7.367,2
-5.74,-7.19,2,G,326(E1),K,-6.481,1
-7.492,-7.653,7,G,326(E1),L,-8,3
-5.695,-7.166,4,G,326(E1),M,-8,2
-3.688,-4.764,8,G,326(E1),N,-4.455,2
-6.905,-7.571,8,G,326(E1),P,-8,4
-5.823,-7.232,3,G,326(E1),Q,-7.55,2
-6.091,-7.349,5,G,326(E1),R,-8,2
-2.603,-2.621,18,G,326(E1),S,-3.163,5
-8.924,-7.732,5,G,326(E1),T,-8,2
-7.666,-7.669,8,G,326(E1),V,-5.033,1
-1.752,-1.264,1,G,326(E1),W,,
-1.508,-0.9743,2,G,326(E1),Y,,
-1.458,-0.9205,5,K,327(E1),A,-2.021,1
-1.263,-0.7275,9,K,327(E1),C,-0.9397,5
-1.678,-1.172,6,K,327(E1),D,-1.146,2
-2.263,-2.019,7,K,327(E1),E,-2.113,3
-1.071,-0.5639,8,K,327(E1),F,-2.106,2
-1.207,-0.6772,3,K,327(E1),G,-0.9062,3
0.04244,0.01318,8,K,327(E1),H,-0.0041,2
-0.2053,-0.07152,7,K,327(E1),I,0.05029,1
0,0,,K,327(E1),K,0,
-0.8563,-0.4065,9,K,327(E1),L,-0.6412,7
-0.315,-0.1155,11,K,327(E1),M,-0.3032,6
-0.6787,-0.2959,10,K,327(E1),N,-1.355,2
-0.4163,-0.1602,10,K,327(E1),P,-0.5985,5
-1.296,-0.7582,3,K,327(E1),Q,-0.8521,2
-0.453,-0.1773,8,K,327(E1),R,0.3767,1
-0.0321,-0.01032,3,K,327(E1),S,-1.668,1
-1.931,-1.506,3,K,327(E1),T,-2.609,2
-0.9831,-0.4959,6,K,327(E1),V,-0.6078,5
-0.5905,-0.2468,5,K,327(E1),W,-0.8255,3
-1.599,-1.077,9,K,327(E1),Y,-2.671,2
-5.566,-7.091,7,C,328(E1),*,-7.388,2
0.07632,0.02334,1,C,328(E1),-,,
-5.645,-7.138,4,C,328(E1),A,-8,3
0,0,,C,328(E1),C,0,
-7.303,-7.632,5,C,328(E1),D,-7.96,4
-6.87,-7.565,9,C,328(E1),E,-8,5
-6.025,-7.323,12,C,328(E1),F,-8,3
-8.98,-7.734,6,C,328(E1),G,-8,1
-9.948,-7.748,2,C,328(E1),H,-8,2
-6.816,-7.555,4,C,328(E1),I,-8,2
-6.455,-7.469,2,C,328(E1),K,-8,1
-5.342,-6.94,8,C,328(E1),L,-7.266,2
-6.067,-7.34,2,C,328(E1),M,,
-6.391,-7.451,6,C,328(E1),N,-8,4
-7.017,-7.591,4,C,328(E1),P,-8,3
-7.16,-7.613,5,C,328(E1),Q,-8,3
-5.536,-7.072,11,C,328(E1),R,-8,3
-5.858,-7.249,7,C,328(E1),S,-7.727,5
-5.864,-7.252,4,C,328(E1),T,-7.583,2
-6.6,-7.507,2,C,328(E1),V,-8,1
-7.386,-7.641,6,C,328(E1),W,-8,1
-6.651,-7.519,20,C,328(E1),Y,-8,7
-0.4205,-0.1621,1,A,329(E1),-,,
0,0,,A,329(E1),A,0,
0.09864,0.02987,8,A,329(E1),C,-0.1912,2
-5.071,-6.718,10,A,329(E1),D,-7.541,1
-7.058,-7.597,5,A,329(E1),E,-8,2
-1.552,-1.024,5,A,329(E1),F,-0.9743,3
1.995,0.2837,9,A,329(E1),G,-0.07141,3
-2.246,-1.99,7,A,329(E1),H,-2.006,4
-3.952,-5.242,6,A,329(E1),I,-5.57,4
-4.721,-6.358,3,A,329(E1),K,-8,1
-4.926,-6.579,8,A,329(E1),L,-6.596,3
-3.466,-4.334,9,A,329(E1),M,-4.959,2
-3.962,-5.259,7,A,329(E1),N,-5.568,4
-1.825,-1.359,6,A,329(E1),P,-1.592,4
-6.862,-7.563,3,A,329(E1),Q,-8,2
-7.342,-7.636,9,A,329(E1),R,-8,4
-1.682,-1.176,12,A,329(E1),S,-1.396,2
-3.327,-4.058,23,A,329(E1),T,-4.324,4
-3.014,-3.426,21,A,329(E1),V,-4.062,5
-5.69,-7.162,5,A,329(E1),W,-8,3
-0.385,-0.146,5,A,329(E1),Y,0.5843,3
-0.1561,-0.05317,1,V,330(E1),-,,
-1.261,-0.7258,10,V,330(E1),A,-0.2746,3
-0.634,-0.2706,8,V,330(E1),C,-0.2432,2
-6.892,-7.569,3,V,330(E1),D,-8,2
-7.186,-7.616,12,V,330(E1),E,-8,4
-4.627,-6.246,9,V,330(E1),F,-5.771,3
-7.028,-7.592,9,V,330(E1),G,-8,6
-7.529,-7.657,9,V,330(E1),H,-8,6
0.4701,0.1207,7,V,330(E1),I,-0.1895,3
-5.153,-6.791,11,V,330(E1),K,-7.057,5
-0.4748,-0.1878,12,V,330(E1),L,-0.6121,5
-0.632,-0.2695,23,V,330(E1),M,-0.6689,5
-6.328,-7.432,3,V,330(E1),N,-8,1
-3.665,-4.719,10,V,330(E1),P,-3.671,3
-6.792,-7.55,10,V,330(E1),Q,-8,7
-5.448,-7.015,9,V,330(E1),R,-8,3
-1.669,-1.16,4,V,330(E1),S,-2.196,1
-0.8664,-0.4133,3,V,330(E1),T,0.3382,2
0,0,,V,330(E1),V,0,
-6.338,-7.435,8,V,330(E1),W,-8,5
-6.158,-7.374,6,V,330(E1),Y,-8,4
-2.009,-1.618,1,H,331(E1),-,,
-0.4968,-0.1986,13,H,331(E1),A,-1.087,10
-1.268,-0.7322,6,H,331(E1),C,-1.201,4
-2.477,-2.389,4,H,331(E1),D,-5.29,2
-4.483,-6.062,8,H,331(E1),E,-6.676,5
-2.074,-1.716,9,H,331(E1),F,-1.657,5
-2.793,-2.986,7,H,331(E1),G,-2.998,5
0,0,,H,331(E1),H,0,
-1.959,-1.546,12,H,331(E1),I,-1.682,9
-5.545,-7.078,7,H,331(E1),K,-8,5
-3.452,-4.307,8,H,331(E1),L,-4.388,5
-1.835,-1.373,10,H,331(E1),M,-2.002,4
-1.991,-1.592,14,H,331(E1),N,-2.497,4
-6.425,-7.461,7,H,331(E1),P,-7.848,2
-2.492,-2.417,7,H,331(E1),Q,-2.418,3
-4.142,-5.56,7,H,331(E1),R,-5.639,4
-2.548,-2.519,14,H,331(E1),S,-2.593,5
-2.99,-3.377,5,H,331(E1),T,-3.554,2
-0.4672,-0.1842,5,H,331(E1),V,-0.6453,3
-1.567,-1.041,6,H,331(E1),W,-1.438,3
-0.5803,-0.2414,16,H,331(E1),Y,-1.019,6
-1.149,-0.6274,1,S,332(E1),-,,
0.5295,0.1324,11,S,332(E1),A,-1.522,2
-1.855,-1.4,10,S,332(E1),C,-1.567,8
-1.725,-1.229,8,S,332(E1),D,-1.542,2
-2.482,-2.399,8,S,332(E1),E,-3.326,2
-7.181,-7.616,7,S,332(E1),F,-8,5
-1.627,-1.11,10,S,332(E1),G,-1.242,5
-2.873,-3.145,9,S,332(E1),H,-3.56,7
-3.55,-4.5,10,S,332(E1),I,-4.593,4
-3.209,-3.82,3,S,332(E1),K,-4.05,2
-4.667,-6.295,10,S,332(E1),L,-6.446,4
-4.181,-5.621,7,S,332(E1),M,-5.766,5
-7.969,-7.692,52,S,332(E1),N,-8,13
0.7686,0.1737,5,S,332(E1),P,0.09125,3
-2.346,-2.158,12,S,332(E1),Q,-2.351,9
-3.332,-4.067,15,S,332(E1),R,-3.868,3
0,0,,S,332(E1),S,0,
-0.378,-0.1428,11,S,332(E1),T,-1.968,3
-3.145,-3.69,3,S,332(E1),V,-3.97,3
-6.846,-7.56,10,S,332(E1),W,-8,7
-6.539,-7.492,8,S,332(E1),Y,-8,5
-1.925,-1.497,1,M,333(E1),-,,
-3.995,-5.316,3,M,333(E1),A,-5.885,2
-0.5348,-0.2177,11,M,333(E1),C,-0.2363,3
-1.204,-0.6752,9,M,333(E1),D,-1.591,6
-1.827,-1.362,11,M,333(E1),E,-1.412,5
-1.203,-0.6737,9,M,333(E1),F,-1.01,8
-0.807,-0.3742,8,M,333(E1),G,-0.1807,4
-0.4342,-0.1685,5,M,333(E1),H,-0.8071,3
-1.129,-0.6107,21,M,333(E1),I,-1.212,3
-1.195,-0.6671,10,M,333(E1),K,-0.6747,6
-0.469,-0.185,3,M,333(E1),L,-0.6682,2
0,0,,M,333(E1),M,0,
-0.816,-0.38,10,M,333(E1),N,-0.2136,2
0.06065,0.01868,10,M,333(E1),P,-0.8246,6
2.592,0.3045,7,M,333(E1),Q,-0.08358,5
-1.071,-0.5637,6,M,333(E1),R,-1.188,3
-1.214,-0.6841,9,M,333(E1),S,-1.623,4
-0.8201,-0.3827,13,M,333(E1),T,-0.521,5
0.01661,0.005221,7,M,333(E1),V,-0.558,5
-1.512,-0.9788,8,M,333(E1),W,-1.627,4
-0.0506,-0.0164,5,M,333(E1),Y,-0.1066,2
-11.79,-7.756,1,T,334(E1),*,-7.839,1
-1.045,-0.5434,1,T,334(E1),-,,
-0.1291,-0.04341,23,T,334(E1),A,0.3153,4
-0.4134,-0.1588,2,T,334(E1),C,-0.3088,1
1.758,0.2713,6,T,334(E1),D,-1.187,3
-0.4877,-0.1941,7,T,334(E1),E,0.6941,3
1.068,0.2137,9,T,334(E1),F,0.2987,5
-1.466,-0.9289,7,T,334(E1),G,-1.396,5
-0.5439,-0.2224,1,T,334(E1),H,-0.4602,1
-0.294,-0.1068,11,T,334(E1),I,-0.9839,1
-0.4975,-0.1989,4,T,334(E1),K,0.2061,1
3.602,0.3209,9,T,334(E1),L,0.399,4
-0.2265,-0.07969,6,T,334(E1),M,-1.321,1
-0.3424,-0.1272,8,T,334(E1),N,-0.7431,2
-1.299,-0.7612,9,T,334(E1),P,-1.093,3
-0.4066,-0.1557,7,T,334(E1),Q,-0.0567,3
-1.826,-1.361,3,T,334(E1),R,0.9288,1
-0.2452,-0.08702,5,T,334(E1),S,0.1848,3
0,0,,T,334(E1),T,0,
1.404,0.2466,6,T,334(E1),V,-0.2267,2
-0.3186,-0.1171,5,T,334(E1),W,-0.4927,2
-0.02646,-0.008485,9,T,334(E1),Y,0.1247,3
0.4049,0.1069,4,N,335(E1),A,-0.1401,3
-2.859,-3.116,7,N,335(E1),C,-3.168,3
0.2276,0.06502,9,N,335(E1),D,-0.9817,5
-1.664,-1.154,6,N,335(E1),E,-1.743,3
3.938,0.3235,9,N,335(E1),F,0.07667,6
2.277,0.2951,2,N,335(E1),G,0.4447,2
-0.7587,-0.3437,8,N,335(E1),H,-0.2496,4
-0.7187,-0.3194,7,N,335(E1),I,-0.3309,3
-0.7073,-0.3127,14,N,335(E1),K,-0.648,5
0.7921,0.1773,3,N,335(E1),L,0.202,1
-0.4408,-0.1716,5,N,335(E1),M,-0.9419,2
0,0,,N,335(E1),N,0,
-0.2522,-0.0898,9,N,335(E1),P,-0.6502,3
-1.087,-0.5765,5,N,335(E1),Q,-0.7793,5
3.446,0.3193,3,N,335(E1),R,0.8546,2
0.1045,0.03155,5,N,335(E1),S,0.04055,4
-0.5945,-0.249,5,N,335(E1),T,0.3089,3
-0.4093,-0.157,6,N,335(E1),V,-1.185,2
-0.8144,-0.379,5,N,335(E1),W,-1.091,3
-0.1863,-0.06434,7,N,335(E1),Y,0.1558,2
-0.2852,-0.1031,1,A,336(E1),-,,
0,0,,A,336(E1),A,0,
-2.325,-2.123,9,A,336(E1),C,-2.408,5
-0.6368,-0.2721,12,A,336(E1),D,-1.135,6
1.697,0.2677,8,A,336(E1),E,-1.128,2
0.06814,0.02092,5,A,336(E1),F,0.7078,2
0.1641,0.04823,4,A,336(E1),G,-0.5962,2
-0.2713,-0.09749,7,A,336(E1),H,-0.1656,2
-1.528,-0.9959,8,A,336(E1),I,-1.178,3
-1.352,-0.8123,2,A,336(E1),K,-1.06,1
-0.3667,-0.1378,5,A,336(E1),L,-0.222,4
-1.259,-0.7246,4,A,336(E1),M,1.092,1
-4.251,-5.729,9,A,336(E1),N,-5.977,5
-1.411,-0.8716,6,A,336(E1),P,-0.3531,3
-0.4238,-0.1637,6,A,336(E1),Q,-0.02615,2
-1.288,-0.751,8,A,336(E1),R,-1.069,2
-0.7478,-0.337,13,A,336(E1),S,-0.8165,4
0.2001,0.05788,15,A,336(E1),T,-0.1007,4
-0.6887,-0.3017,9,A,336(E1),V,0.1618,2
0.243,0.06894,5,A,336(E1),W,1.542,2
-0.3172,-0.1165,3,A,336(E1),Y,,
0.4514,0.1168,1,V,337(E1),-,,
0.8157,0.1808,10,V,337(E1),A,0.6889,3
0.367,0.09855,10,V,337(E1),C,-0.4853,6
-6.277,-7.416,5,V,337(E1),D,-8,4
-6.351,-7.439,8,V,337(E1),E,-8,4
-1.945,-1.526,8,V,337(E1),F,-2.203,4
-7.025,-7.592,4,V,337(E1),G,-8,3
-2.754,-2.911,6,V,337(E1),H,-3.31,1
-1.442,-0.9036,7,V,337(E1),I,-1.096,2
-7.59,-7.663,9,V,337(E1),K,-7.986,8
-0.2304,-0.08122,12,V,337(E1),L,-0.1011,4
-1.038,-0.5379,13,V,337(E1),M,-0.4703,5
-5.907,-7.272,5,V,337(E1),N,-7.589,2
-5.316,-6.921,8,V,337(E1),P,-7.115,4
-2.62,-2.654,7,V,337(E1),Q,-2.997,6
-6.776,-7.547,6,V,337(E1),R,-8,3
-5.345,-6.943,6,V,337(E1),S,-7.558,2
-2.403,-2.258,8,V,337(E1),T,-2.463,4
0,0,,V,337(E1),V,0,
-3.441,-4.285,5,V,337(E1),W,-4.648,2
-1.588,-1.064,3,V,337(E1),Y,-1.478,3
-0.5131,-0.2067,1,T,338(E1),-,,
0.7349,0.1684,5,T,338(E1),A,-0.3842,2
-2.254,-2.003,8,T,338(E1),C,-2.341,5
-1.492,-0.9572,6,T,338(E1),D,-1.65,1
-2.185,-1.891,7,T,338(E1),E,-2.399,5
-1.847,-1.389,8,T,338(E1),F,-1.802,6
-1.718,-1.221,8,T,338(E1),G,-1.568,7
-1.005,-0.5126,4,T,338(E1),H,-1.325,1
-0.912,-0.4447,5,T,338(E1),I,0.034,2
-6.853,-7.562,3,T,338(E1),K,-8,2
0.745,0.17,7,T,338(E1),L,-1.21,5
-0.1574,-0.05364,3,T,338(E1),M,,
-1.224,-0.6925,16,T,338(E1),N,-0.7286,3
-2.802,-3.004,7,T,338(E1),P,-2.881,3
-1.97,-1.562,6,T,338(E1),Q,-1.988,4
-8.672,-7.725,5,T,338(E1),R,-8,1
-0.02655,-0.008514,5,T,338(E1),S,-0.4299,4
0,0,,T,338(E1),T,0,
-0.6635,-0.2872,11,T,338(E1),V,-0.5581,8
-3.926,-5.196,3,T,338(E1),W,-5.269,2
-2.476,-2.388,7,T,338(E1),Y,-2.293,3
-4.965,-6.618,3,I,339(E1),-,,
-1.554,-1.025,9,I,339(E1),A,-1.459,9
-0.1924,-0.06664,9,I,339(E1),C,0.4611,5
-7.261,-7.626,6,I,339(E1),D,-8,6
-6.908,-7.572,11,I,339(E1),E,-8,6
-1.377,-0.8376,3,I,339(E1),F,-0.9431,2
-6.627,-7.513,7,I,339(E1),G,-8,2
-7.127,-7.608,5,I,339(E1),H,-8,4
0,0,,I,339(E1),I,0,
-7.114,-7.606,6,I,339(E1),K,-8,4
-1.9,-1.461,6,I,339(E1),L,-1.633,2
-0.6032,-0.2537,12,I,339(E1),M,-0.1114,5
-2.922,-3.241,8,I,339(E1),N,-3.069,2
-2.802,-3.003,9,I,339(E1),P,-2.458,3
-5.332,-6.933,9,I,339(E1),Q,-6.864,5
-6.662,-7.522,5,I,339(E1),R,-8,3
-1.707,-1.207,6,I,339(E1),S,-1.383,5
-0.3327,-0.123,9,I,339(E1),T,0.3346,5
0.2972,0.0823,7,I,339(E1),V,-0.3641,3
-4.712,-6.348,10,I,339(E1),W,-6.559,2
-6.645,-7.518,4,I,339(E1),Y,-8,2
-1.51,-0.9766,2,R,340(E1),-,,
-1.923,-1.493,6,R,340(E1),A,-2.092,2
-1.372,-0.8319,4,R,340(E1),C,-1.395,2
-5.87,-7.255,4,R,340(E1),D,,
-3.04,-3.477,8,R,340(E1),E,-3.78,3
-7.458,-7.649,6,R,340(E1),F,-7.179,2
-3.729,-4.84,5,R,340(E1),G,-4.856,2
-2.724,-2.853,6,R,340(E1),H,-3.195,4
-5.445,-7.013,4,R,340(E1),I,-7.418,4
1.071,0.2139,3,R,340(E1),K,0.189,3
-1.536,-1.005,21,R,340(E1),L,-1.336,7
-1.632,-1.115,3,R,340(E1),M,-1.235,3
-5.554,-7.083,10,R,340(E1),N,-7.173,4
-6.222,-7.397,8,R,340(E1),P,-8,4
-1.203,-0.6742,40,R,340(E1),Q,-0.8002,10
0,0,,R,340(E1),R,0,
-2.02,-1.635,4,R,340(E1),S,-1.553,3
-5.817,-7.229,6,R,340(E1),T,-8,3
-7.363,-7.639,7,R,340(E1),V,-8,5
-5.624,-7.125,12,R,340(E1),W,-7.994,2
-5.052,-6.701,3,R,340(E1),Y,-6.99,3
-6.904,-7.571,3,E,341(E1),*,,
-0.9082,-0.4421,2,E,341(E1),-,,
-2.42,-2.288,8,E,341(E1),A,-2.522,2
-3.96,-5.256,6,E,341(E1),C,-4.864,2
-1.182,-0.6559,14,E,341(E1),D,-1.691,2
0,0,,E,341(E1),E,0,
-4.805,-6.452,7,E,341(E1),F,-6.464,5
-2.309,-2.095,9,E,341(E1),G,-2.301,5
-3.3,-4.003,9,E,341(E1),H,-4.105,5
-3.983,-5.296,6,E,341(E1),I,-6.038,2
-4.094,-5.481,59,E,341(E1),K,-4.516,9
-4.067,-5.437,10,E,341(E1),L,-5.716,9
-3.685,-4.757,13,E,341(E1),M,-4.598,8
-1.553,-1.024,4,E,341(E1),N,-1.545,2
-4.901,-6.554,13,E,341(E1),P,-7.2,6
0.4951,0.1257,4,E,341(E1),Q,-2.291,2
-3.508,-4.416,11,E,341(E1),R,-4.279,6
-2.938,-3.273,9,E,341(E1),S,-3.464,7
-3.026,-3.45,5,E,341(E1),T,-3.485,3
-3.193,-3.788,8,E,341(E1),V,-4.053,6
-5.958,-7.295,10,E,341(E1),W,-8,3
-5.534,-7.071,7,E,341(E1),Y,-7.17,5
0.1132,0.03406,1,A,342(E1),-,,
0,0,,A,342(E1),A,0,
-0.8515,-0.4033,4,A,342(E1),C,-0.639,4
-3.132,-3.664,9,A,342(E1),D,-5.627,2
-4.345,-5.869,3,A,342(E1),E,,
-1.317,-0.7785,3,A,342(E1),F,-1.062,3
1.993,0.2836,6,A,342(E1),G,0.1176,3
-1.587,-1.063,13,A,342(E1),H,-0.6428,6
-0.04983,-0.01615,7,A,342(E1),I,-0.383,3
-7.912,-7.689,7,A,342(E1),K,-8,2
-0.9868,-0.4987,8,A,342(E1),L,-1.296,4
-1.601,-1.079,7,A,342(E1),M,-1.269,5
-0.5824,-0.2425,4,A,342(E1),N,-0.2833,4
1.214,0.2293,7,A,342(E1),P,-1.621,3
-3.772,-4.92,6,A,342(E1),Q,-5.172,4
-6.582,-7.503,3,A,342(E1),R,-7.893,2
-0.2793,-0.1007,6,A,342(E1),S,0.8771,3
-1.163,-0.6391,12,A,342(E1),T,-1.11,6
-1.23,-0.6983,24,A,342(E1),V,-0.7883,2
-1.418,-0.8791,10,A,342(E1),W,-0.95,5
-0.4784,-0.1896,7,A,342(E1),Y,-0.6458,5
-7.311,-7.633,4,E,343(E1),*,-8,1
-2.51,-2.451,1,E,343(E1),-,,
0.001777,0.0005626,9,E,343(E1),A,-0.7245,4
-1.523,-0.9909,14,E,343(E1),C,-1.107,9
-0.9271,-0.4554,13,E,343(E1),D,-0.03103,3
0,0,,E,343(E1),E,0,
0.8429,0.1847,4,E,343(E1),F,0.5477,3
-0.9595,-0.4786,9,E,343(E1),G,0.1688,3
-1.878,-1.431,6,E,343(E1),H,-1.71,4
-1.309,-0.7707,8,E,343(E1),I,-1.083,7
-2.81,-3.02,23,E,343(E1),K,-3.094,11
-1.064,-0.5582,7,E,343(E1),L,-1.018,3
-0.6823,-0.298,4,E,343(E1),M,-1.992,2
-0.3803,-0.1439,7,E,343(E1),N,-0.4656,3
-6.385,-7.449,7,E,343(E1),P,-8,2
-0.2286,-0.08049,5,E,343(E1),Q,0.2585,4
-2.248,-1.993,3,E,343(E1),R,-1.708,2
-0.5509,-0.226,4,E,343(E1),S,0.1749,2
-0.3301,-0.1219,10,E,343(E1),T,-0.9106,7
-0.925,-0.4539,14,E,343(E1),V,-0.224,4
-0.1729,-0.05931,6,E,343(E1),W,-0.5194,3
-0.599,-0.2514,6,E,343(E1),Y,0.04995,2
-3.091,-3.581,2,I,344(E1),-,,
-0.2776,-0.1,4,I,344(E1),A,0.011,2
0.2764,0.07725,6,I,344(E1),C,-0.2896,4
-0.3561,-0.1332,9,I,344(E1),D,-1.331,3
0.01873,0.005883,10,I,344(E1),E,-1.231,3
-0.6179,-0.2617,5,I,344(E1),F,-0.5954,1
-0.892,-0.4308,4,I,344(E1),G,-2.059,2
-1.396,-0.8563,4,I,344(E1),H,-1.128,4
0,0,,I,344(E1),I,0,
-1.33,-0.7913,4,I,344(E1),K,-0.4305,2
0.9019,0.1929,4,I,344(E1),L,-1.838,1
0.1685,0.04943,3,I,344(E1),M,,
-0.8026,-0.3714,6,I,344(E1),N,-0.1284,4
-3.202,-3.806,7,I,344(E1),P,-4.042,6
-0.0822,-0.02704,9,I,344(E1),Q,-0.1774,6
-2.538,-2.501,1,I,344(E1),R,-3.034,1
0.3193,0.08756,4,I,344(E1),S,-1.054,2
-0.2452,-0.08702,8,I,344(E1),T,-0.359,6
-0.3179,-0.1168,13,I,344(E1),V,-0.2064,7
0.43,0.1123,6,I,344(E1),W,0.7559,1
-1.822,-1.355,9,I,344(E1),Y,-2.539,3
-4.859,-6.511,6,E,345(E1),*,-6.724,1
-1.093,-0.5811,1,E,345(E1),-,,
-0.4814,-0.1911,13,E,345(E1),A,-1.173,4
-0.7307,-0.3266,5,E,345(E1),C,-1.214,3
-0.2662,-0.09542,12,E,345(E1),D,-0.2137,4
0,0,,E,345(E1),E,0,
-0.09098,-0.03005,7,E,345(E1),F,-0.3291,4
-0.5269,-0.2137,12,E,345(E1),G,-0.1193,5
-0.2775,-0.1,9,E,345(E1),H,-0.6316,5
-0.2221,-0.078,7,E,345(E1),I,0.5717,4
0.05499,0.01699,30,E,345(E1),K,0.1227,8
0.02827,0.008839,6,E,345(E1),L,-0.4684,4
0.5074,0.1281,11,E,345(E1),M,-1.806,5
-0.5391,-0.2199,6,E,345(E1),N,-0.5984,3
0.5733,0.1407,9,E,345(E1),P,0.433,5
1.834,0.2756,6,E,345(E1),Q,0.6683,2
-0.3908,-0.1486,7,E,345(E1),R,-0.2635,5
1.136,0.2212,11,E,345(E1),S,-0.9271,5
0.7145,0.1652,11,E,345(E1),T,-0.5831,6
-0.4051,-0.155,9,E,345(E1),V,-0.6198,5
0.8948,0.1919,12,E,345(E1),W,-0.52,4
0.7237,0.1666,11,E,345(E1),Y,-0.3574,6
-0.9766,-0.4912,1,V,346(E1),-,,
-1.176,-0.6505,9,V,346(E1),A,-0.8088,4
-1.133,-0.6141,3,V,346(E1),C,,
-7.454,-7.649,10,V,346(E1),D,-8,8
-5.349,-6.945,6,V,346(E1),E,-7.225,2
-3.674,-4.737,11,V,346(E1),F,-4.696,7
-5.88,-7.259,7,V,346(E1),G,-8,3
-6.442,-7.466,9,V,346(E1),H,-8,4
-1.29,-0.7533,7,V,346(E1),I,-0.5634,3
-7.593,-7.663,4,V,346(E1),K,-8,1
-0.9792,-0.4931,7,V,346(E1),L,-0.5997,3
-1.787,-1.309,17,V,346(E1),M,-1.514,10
-6.84,-7.559,5,V,346(E1),N,-8,2
-4.266,-5.753,7,V,346(E1),P,-5.406,4
-7.006,-7.589,6,V,346(E1),Q,-8,3
-6.059,-7.337,9,V,346(E1),R,-8,3
-4.8,-6.447,7,V,346(E1),S,-7.38,3
-1.788,-1.31,8,V,346(E1),T,-1.025,4
0,0,,V,346(E1),V,0,
-6.032,-7.326,7,V,346(E1),W,-7.81,4
-6.75,-7.541,5,V,346(E1),Y,-8,5
-7.444,-7.648,4,E,347(E1),*,,
0.09368,0.02843,1,E,347(E1),-,,
-1.592,-1.069,6,E,347(E1),A,-1.385,3
-0.8483,-0.4012,8,E,347(E1),C,-0.9614,6
-0.8134,-0.3783,15,E,347(E1),D,-2.142,4
0,0,,E,347(E1),E,0,
-0.8586,-0.4081,12,E,347(E1),F,-0.7537,7
-0.9286,-0.4564,14,E,347(E1),G,-0.6608,2
0.4585,0.1183,10,E,347(E1),H,-0.3204,4
0.8613,0.1873,9,E,347(E1),I,-0.7299,2
-0.5664,-0.234,50,E,347(E1),K,-0.1955,10
-1.4,-0.8602,9,E,347(E1),L,-1.163,2
-0.1951,-0.06765,6,E,347(E1),M,-0.3578,4
-0.1752,-0.06018,10,E,347(E1),N,-2.292,6
2.154,0.2905,8,E,347(E1),P,-0.9289,3
0.2684,0.07528,6,E,347(E1),Q,-0.205,2
-1.03,-0.5316,10,E,347(E1),R,-0.9009,8
-1.567,-1.04,8,E,347(E1),S,-0.8143,5
3.57,0.3206,10,E,347(E1),T,-0.5249,7
0.09814,0.02972,9,E,347(E1),V,-0.5156,2
-1.235,-0.7021,9,E,347(E1),W,-1.3,5
0.7234,0.1666,6,E,347(E1),Y,-0.07725,4
-0.755,-0.3415,1,G,348(E1),-,,
-0.9845,-0.497,7,G,348(E1),A,-0.9367,6
-3.67,-4.73,12,G,348(E1),C,-4.889,4
-0.3028,-0.1104,38,G,348(E1),D,-0.4287,12
-1.487,-0.952,8,G,348(E1),E,-0.9781,5
0.05512,0.01702,8,G,348(E1),F,-0.4688,5
0,0,,G,348(E1),G,0,
-0.4641,-0.1826,11,G,348(E1),H,-0.09748,8
-1.349,-0.8095,4,G,348(E1),I,-0.3941,3
-0.4325,-0.1677,7,G,348(E1),K,-0.5493,6
-1.029,-0.5304,8,G,348(E1),L,-0.7358,6
-0.2189,-0.07674,5,G,348(E1),M,-0.1748,3
-0.2943,-0.1069,7,G,348(E1),N,-0.05705,4
-1.486,-0.9508,8,G,348(E1),P,-0.9377,3
1.294,0.2369,7,G,348(E1),Q,-0.3529,3
-0.2526,-0.08997,9,G,348(E1),R,-0.02026,3
0.456,0.1178,11,G,348(E1),S,-0.3775,4
-0.2263,-0.07962,8,G,348(E1),T,-0.2693,4
-2.028,-1.646,9,G,348(E1),V,-3.08,2
-0.4689,-0.185,7,G,348(E1),W,-0.9284,1
2.536,0.3031,10,G,348(E1),Y,0.2275,5
-0.373,-0.1406,1,N,349(E1),-,,
0.1816,0.05296,3,N,349(E1),A,-0.3939,3
-0.8211,-0.3833,6,N,349(E1),C,-1.566,2
-0.2085,-0.07274,6,N,349(E1),D,-0.1741,3
0.7315,0.1679,5,N,349(E1),E,-0.6075,3
0.275,0.07692,10,N,349(E1),F,-0.1029,7
-1.332,-0.7932,7,N,349(E1),G,-0.3552,3
-1.319,-0.7801,5,N,349(E1),H,-0.8806,2
-0.8423,-0.3972,2,N,349(E1),I,-0.674,2
1.149,0.2226,8,N,349(E1),K,-0.5205,3
1.69,0.2672,6,N,349(E1),L,0.5723,4
1.006,0.2063,5,N,349(E1),M,-0.5254,3
0,0,,N,349(E1),N,0,
-1.329,-0.7903,7,N,349(E1),P,-0.0248,4
-0.115,-0.03843,5,N,349(E1),Q,-0.3612,2
-0.5502,-0.2256,5,N,349(E1),R,-0.4833,4
0.1538,0.04541,13,N,349(E1),S,-1.038,5
4.197,0.3251,5,N,349(E1),T,0.2708,3
-0.4645,-0.1829,10,N,349(E1),V,-0.7789,7
-0.4295,-0.1663,7,N,349(E1),W,0.05607,5
2.118,0.2891,5,N,349(E1),Y,0.1195,2
-0.259,-0.09254,1,S,350(E1),-,,
1.67,0.2659,9,S,350(E1),A,-1.032,6
-2.435,-2.315,11,S,350(E1),C,-2.605,5
0.0677,0.02079,7,S,350(E1),D,-0.6341,4
-0.2557,-0.09121,9,S,350(E1),E,-0.9591,5
-0.3149,-0.1155,3,S,350(E1),F,-8,1
1.226,0.2305,8,S,350(E1),G,0.8157,7
-0.687,-0.3007,13,S,350(E1),H,-0.4315,7
-1.569,-1.043,10,S,350(E1),I,-1.088,2
-0.7021,-0.3096,8,S,350(E1),K,-0.6089,6
-0.2423,-0.08587,7,S,350(E1),L,-0.5538,3
-0.8083,-0.375,5,S,350(E1),M,-0.1971,2
0.0865,0.02634,19,S,350(E1),N,0.1584,8
-1.505,-0.9712,6,S,350(E1),P,-0.949,4
-1.239,-0.7065,6,S,350(E1),Q,-1.298,3
0.05582,0.01723,21,S,350(E1),R,0.1507,5
0,0,,S,350(E1),S,0,
1.999,0.2839,6,S,350(E1),T,-0.6584,2
-1.024,-0.5268,7,S,350(E1),V,-1.891,4
1.503,0.2544,8,S,350(E1),W,-0.4702,6
-0.8428,-0.3976,13,S,350(E1),Y,-1.349,7
-6.381,-7.448,5,Q,351(E1),*,-8,1
0.09073,0.02757,1,Q,351(E1),-,,
1.724,0.2693,8,Q,351(E1),A,-0.0622,6
-1.371,-0.8309,7,Q,351(E1),C,-2.315,3
0.1351,0.04023,9,Q,351(E1),D,-1.004,4
-1.426,-0.8871,6,Q,351(E1),E,-0.5851,3
-0.1955,-0.06781,9,Q,351(E1),F,-0.3706,8
-0.4982,-0.1993,9,Q,351(E1),G,-0.1275,4
0.05342,0.01651,5,Q,351(E1),H,-0.3633,1
3.669,0.3215,5,Q,351(E1),I,0.9415,2
0.904,0.1932,8,Q,351(E1),K,-0.578,3
0.969,0.2017,10,Q,351(E1),L,-0.08184,3
-1.489,-0.9532,4,Q,351(E1),M,-2.003,2
0.4646,0.1195,8,Q,351(E1),N,-2.963,1
-1.622,-1.104,6,Q,351(E1),P,-1.619,4
0,0,,Q,351(E1),Q,0,
-0.8446,-0.3988,5,Q,351(E1),R,-0.3488,4
-1.827,-1.362,6,Q,351(E1),S,-1.452,1
-1.749,-1.26,6,Q,351(E1),T,-2.294,2
-1.177,-0.6515,13,Q,351(E1),V,-1.084,9
1.293,0.2368,4,Q,351(E1),W,0.5208,3
0.1928,0.05595,8,Q,351(E1),Y,-0.2906,4
-1.875,-1.428,2,L,352(E1),-,,
-0.431,-0.167,5,L,352(E1),A,-0.2771,3
-1.276,-0.7396,7,L,352(E1),C,-1.048,6
-0.571,-0.2365,7,L,352(E1),D,-1.2,3
-1.512,-0.9787,7,L,352(E1),E,-1.086,4
0.2574,0.07257,15,L,352(E1),F,0.1943,9
-2.108,-1.768,4,L,352(E1),G,,
0.211,0.06073,12,L,352(E1),H,-0.1231,5
-0.9378,-0.4629,4,L,352(E1),I,0.5015,2
0.5477,0.1359,7,L,352(E1),K,-0.3634,4
0,0,,L,352(E1),L,0,
0.02073,0.006503,12,L,352(E1),M,0.3849,6
0.7818,0.1757,1,L,352(E1),N,-0.01409,1
-3.142,-3.685,12,L,352(E1),P,-4.198,7
-0.9955,-0.5052,10,L,352(E1),Q,-0.7132,5
-0.3272,-0.1207,7,L,352(E1),R,0.1344,2
-0.38,-0.1437,5,L,352(E1),S,-0.6806,3
-0.3949,-0.1504,5,L,352(E1),T,0.05404,3
0.1881,0.0547,14,L,352(E1),V,0.1698,6
0.6794,0.1594,7,L,352(E1),W,-0.02528,5
-0.519,-0.2097,5,L,352(E1),Y,0.1149,3
-4.791,-6.438,6,Q,353(E1),*,,
0.5326,0.133,1,Q,353(E1),-,,
-0.6154,-0.2603,6,Q,353(E1),A,-1.205,4
-1.955,-1.54,8,Q,353(E1),C,-1.966,6
-1.198,-0.6695,4,Q,353(E1),D,-1.007,2
-1.961,-1.548,3,Q,353(E1),E,-1.524,3
4.192,0.325,5,Q,353(E1),F,-0.6901,3
0.3437,0.09324,5,Q,353(E1),G,-2.322,2
-0.6963,-0.3062,10,Q,353(E1),H,-0.7175,6
-0.3597,-0.1347,13,Q,353(E1),I,0.1971,7
-1.631,-1.114,6,Q,353(E1),K,-0.8423,3
-0.2104,-0.07349,2,Q,353(E1),L,-0.9952,1
1.777,0.2724,5,Q,353(E1),M,-0.1211,3
-1.418,-0.8793,5,Q,353(E1),N,-2.89,2
-0.7067,-0.3123,3,Q,353(E1),P,-1.861,1
0,0,,Q,353(E1),Q,0,
-1.252,-0.7176,14,Q,353(E1),R,-0.1304,3
0.03075,0.009604,11,Q,353(E1),S,-0.5658,6
-1.382,-0.8423,5,Q,353(E1),T,-1.535,2
0.8046,0.1791,7,Q,353(E1),V,0.6698,5
-1.033,-0.5339,7,Q,353(E1),W,-0.484,4
-0.9097,-0.4431,8,Q,353(E1),Y,-0.6379,4
-0.6903,-0.3027,11,I,354(E1),A,-0.1524,5
-0.8878,-0.4279,5,I,354(E1),C,-1.966,2
-6.651,-7.519,4,I,354(E1),D,-8,3
-7.081,-7.601,6,I,354(E1),E,-8,3
-0.2636,-0.09437,14,I,354(E1),F,0.0661,2
-4.009,-5.341,1,I,354(E1),G,,
-8.206,-7.706,7,I,354(E1),H,-8,4
0,0,,I,354(E1),I,0,
-6.987,-7.586,5,I,354(E1),K,-8,3
-0.5449,-0.2229,9,I,354(E1),L,-0.08718,3
-1.523,-0.9908,3,I,354(E1),M,0.02908,1
-7.751,-7.677,15,I,354(E1),N,-8,6
-5.321,-6.925,6,I,354(E1),P,-7.173,3
-7.799,-7.68,5,I,354(E1),Q,-7.696,2
-3.195,-3.791,4,I,354(E1),R,,
-3.067,-3.532,11,I,354(E1),S,-3.587,6
-1.731,-1.238,9,I,354(E1),T,-1.458,2
0.04226,0.01313,7,I,354(E1),V,-0.5875,4
2.281,0.2952,5,I,354(E1),W,-8,3
-3.254,-3.911,6,I,354(E1),Y,-4.13,6
-1.248,-0.7144,1,S,355(E1),-,,
-0.2196,-0.07701,2,S,355(E1),A,-0.3449,2
-0.6148,-0.26,12,S,355(E1),C,-0.5423,8
2.841,0.3102,2,S,355(E1),D,-0.6299,1
-0.5829,-0.2428,6,S,355(E1),E,-0.1704,3
-0.003677,-0.001167,7,S,355(E1),F,-2.112,4
2.155,0.2905,12,S,355(E1),G,-0.3864,7
-1.495,-0.9598,7,S,355(E1),H,-0.925,3
-0.425,-0.1642,2,S,355(E1),I,-0.413,1
0.07634,0.02335,5,S,355(E1),K,-0.01493,3
1.084,0.2155,6,S,355(E1),L,0.3551,4
1.446,0.25,6,S,355(E1),M,-0.8172,2
-2.438,-2.321,8,S,355(E1),N,-2.719,5
-5.738,-7.189,13,S,355(E1),P,-7.288,4
0.5457,0.1356,8,S,355(E1),Q,0.0007891,3
1.783,0.2728,6,S,355(E1),R,-1.233,3
0,0,,S,355(E1),S,0,
-0.545,-0.2229,10,S,355(E1),T,-0.8273,5
-1.034,-0.5346,5,S,355(E1),V,-0.3601,3
-0.1937,-0.06711,7,S,355(E1),W,-0.3755,5
-1.129,-0.6108,10,S,355(E1),Y,,
-7.03,-7.593,3,F,356(E1),A,-8,3
-6.772,-7.546,4,F,356(E1),C,-8,2
-6.966,-7.582,8,F,356(E1),D,-8,3
-5.14,-6.779,2,F,356(E1),E,-6.974,1
0,0,,F,356(E1),F,0,
-6.651,-7.519,10,F,356(E1),G,-5.745,4
-7.014,-7.59,5,F,356(E1),H,-8,3
-1.208,-0.6783,9,F,356(E1),I,-0.3381,5
-6.752,-7.541,4,F,356(E1),K,-8,2
-1.253,-0.7189,13,F,356(E1),L,-1.847,4
-2.35,-2.166,7,F,356(E1),M,-1.647,4
-5.026,-6.677,7,F,356(E1),N,-6.501,3
-6.265,-7.412,6,F,356(E1),P,-8,2
-6.532,-7.49,4,F,356(E1),Q,-8,1
-5.252,-6.872,3,F,356(E1),R,,
-6.349,-7.438,12,F,356(E1),S,-8,3
-6.834,-7.558,2,F,356(E1),T,-8,2
-2.777,-2.956,5,F,356(E1),V,-3.1,3
-6.475,-7.475,6,F,356(E1),W,-7.848,2
-6.257,-7.409,7,F,356(E1),Y,-8,2
-1.502,-0.9681,5,S,357(E1),A,-1.236,5
-4.747,-6.388,11,S,357(E1),C,-6.252,4
-5.221,-6.847,7,S,357(E1),D,-7.556,5
-6.131,-7.365,7,S,357(E1),E,-8,2
-3.146,-3.692,6,S,357(E1),F,-4.093,3
0.7207,0.1662,10,S,357(E1),G,-0.2441,7
-5.94,-7.287,11,S,357(E1),H,-8,4
-6.048,-7.332,14,S,357(E1),I,-7.696,7
-8.655,-7.725,9,S,357(E1),K,-8,3
-6.027,-7.324,7,S,357(E1),L,-8,7
-5.249,-6.87,5,S,357(E1),M,-7.097,3
-3.181,-3.763,39,S,357(E1),N,-3.999,13
-5.137,-6.777,7,S,357(E1),P,-7.071,4
-6.922,-7.574,7,S,357(E1),Q,-7.864,4
-6.354,-7.44,14,S,357(E1),R,-8,7
0,0,,S,357(E1),S,0,
-2.155,-1.843,15,S,357(E1),T,-2.111,8
-7.874,-7.686,11,S,357(E1),V,-8,3
-2.146,-1.829,10,S,357(E1),W,-1.512,3
-2.269,-2.028,4,S,357(E1),Y,-3.42,1
-0.2386,-0.08443,1,T,358(E1),-,,
-1.796,-1.321,10,T,358(E1),A,-1.367,3
-6.962,-7.581,3,T,358(E1),C,-8,1
-5.257,-6.876,7,T,358(E1),D,-8,3
-5.475,-7.033,7,T,358(E1),E,-6.76,4
-1.82,-1.353,8,T,358(E1),F,-3.356,1
-5.918,-7.277,5,T,358(E1),G,-7.698,2
-5.576,-7.097,8,T,358(E1),H,-3.891,1
-0.002264,-0.0007183,24,T,358(E1),I,-1.667,4
-7.037,-7.594,12,T,358(E1),K,-8,5
-1.486,-0.95,4,T,358(E1),L,-1.025,3
-1.253,-0.7191,5,T,358(E1),M,,
-4.069,-5.44,9,T,358(E1),N,-5.204,3
-7.575,-7.661,10,T,358(E1),P,-8,6
-2.909,-3.216,12,T,358(E1),Q,-3.614,7
-6.785,-7.548,18,T,358(E1),R,-8,7
-0.8123,-0.3776,9,T,358(E1),S,-0.6958,6
0,0,,T,358(E1),T,0,
-1.36,-0.8201,2,T,358(E1),V,-1.093,2
-6.182,-7.383,2,T,358(E1),W,-8,1
-3.719,-4.821,16,T,358(E1),Y,-4.76,6
0.0314,0.009802,1,A,359(E1),-,,
0,0,,A,359(E1),A,0,
-1.104,-0.5902,7,A,359(E1),C,-1.46,1
-2.816,-3.032,13,A,359(E1),D,-3.261,6
-2.98,-3.357,7,A,359(E1),E,-3.558,4
-1.328,-0.7893,5,A,359(E1),F,-0.9263,2
-0.1217,-0.04079,6,A,359(E1),G,-0.05812,2
-1.586,-1.062,8,A,359(E1),H,-0.887,7
-1.369,-0.8297,9,A,359(E1),I,-1.996,3
-2.837,-3.073,4,A,359(E1),K,-3.531,2
-1.861,-1.408,8,A,359(E1),L,-1.372,4
-1.689,-1.184,8,A,359(E1),M,-0.9602,5
-1.031,-0.532,6,A,359(E1),N,-1.365,4
0.5261,0.1318,10,A,359(E1),P,-1.137,5
-2.098,-1.752,3,A,359(E1),Q,-1.908,3
-1.561,-1.034,9,A,359(E1),R,-1.406,7
0.1248,0.03734,12,A,359(E1),S,0.00344,3
-1.327,-0.7879,19,A,359(E1),T,-1.998,4
-1.578,-1.053,26,A,359(E1),V,-1.01,7
-0.7129,-0.316,9,A,359(E1),W,-0.6411,3
1.912,0.2797,6,A,359(E1),Y,,
-0.4236,-0.1636,1,L,360(E1),-,,
-1.783,-1.304,9,L,360(E1),A,-1.454,6
-1.379,-0.8395,5,L,360(E1),C,-1.647,1
-1.718,-1.221,2,L,360(E1),D,-1.826,1
-2.048,-1.677,9,L,360(E1),E,-1.951,7
0.4173,0.1096,7,L,360(E1),F,-0.3944,2
-1.905,-1.468,4,L,360(E1),G,-0.9169,1
6.736,0.3298,2,L,360(E1),H,0.1586,1
-1.135,-0.6157,6,L,360(E1),I,-0.5103,3
-1.586,-1.062,1,L,360(E1),K,-1.281,1
0,0,,L,360(E1),L,0,
0.3303,0.09013,23,L,360(E1),M,-1.33,5
-3.927,-5.199,6,L,360(E1),N,-6.143,2
-2.536,-2.498,10,L,360(E1),P,-3.175,2
-1.791,-1.314,2,L,360(E1),Q,,
-1.215,-0.6841,6,L,360(E1),R,-1.419,3
2.792,0.3092,3,L,360(E1),S,0.4071,2
0.8652,0.1879,9,L,360(E1),T,-0.9136,4
-1.188,-0.6606,15,L,360(E1),V,-0.1823,6
3.774,0.3223,3,L,360(E1),W,-0.3398,1
0.2597,0.07314,10,L,360(E1),Y,-1.209,5
-0.1387,-0.04686,1,A,361(E1),-,,
0,0,,A,361(E1),A,0,
-4.011,-5.344,5,A,361(E1),C,-6.255,2
-1.851,-1.394,20,A,361(E1),D,-2.156,8
-1.959,-1.545,5,A,361(E1),E,-1.959,4
-1.808,-1.337,6,A,361(E1),F,-1.515,5
-0.8382,-0.3945,5,A,361(E1),G,-1.495,2
2.405,0.2993,4,A,361(E1),H,-0.2354,3
-0.1807,-0.06223,8,A,361(E1),I,-0.229,3
-0.2549,-0.09087,6,A,361(E1),K,0.44,2
-1.102,-0.5884,8,A,361(E1),L,-1.393,5
-0.7962,-0.3673,3,A,361(E1),M,,
-0.8187,-0.3817,6,A,361(E1),N,-1.28,4
-0.5662,-0.234,12,A,361(E1),P,-1.746,2
-0.05219,-0.01693,8,A,361(E1),Q,,
-1.059,-0.5537,6,A,361(E1),R,-0.2188,3
0.02041,0.006406,17,A,361(E1),S,0.3261,5
0.4563,0.1178,21,A,361(E1),T,-1.032,3
0.1413,0.04197,20,A,361(E1),V,0.2836,7
-1.894,-1.454,6,A,361(E1),W,-1.134,3
-0.4929,-0.1967,1,A,361(E1),Y,-0.4381,1
-0.8829,-0.4246,1,S,362(E1),-,,
-0.6056,-0.255,6,S,362(E1),A,-1.214,4
-3.292,-3.986,7,S,362(E1),C,-4.107,3
-0.7525,-0.3399,12,S,362(E1),D,-1.635,4
-0.3113,-0.114,3,S,362(E1),E,,
-0.8245,-0.3855,11,S,362(E1),F,-0.4963,6
-0.4739,-0.1874,7,S,362(E1),G,-0.874,2
2.734,0.3079,5,S,362(E1),H,-0.4576,4
-2.683,-2.774,4,S,362(E1),I,,
0.717,0.1656,7,S,362(E1),K,-0.8136,3
-1.599,-1.077,7,S,362(E1),L,-1.001,2
2.294,0.2957,6,S,362(E1),M,-2.814,3
-0.1371,-0.04626,17,S,362(E1),N,-0.4848,2
-2.351,-2.167,4,S,362(E1),P,-2.125,2
-1.236,-0.703,4,S,362(E1),Q,0.4654,2
1.541,0.2571,17,S,362(E1),R,0.3769,4
0,0,,S,362(E1),S,0,
-0.9639,-0.4819,9,S,362(E1),T,-0.1061,4
0.1115,0.03356,3,S,362(E1),V,-0.1503,2
1.716,0.2688,2,S,362(E1),W,0.9245,1
-0.04962,-0.01608,7,S,362(E1),Y,-0.03466,7
-0.6797,-0.2965,2,A,363(E1),-,,
0,0,,A,363(E1),A,0,
-0.4667,-0.1839,2,A,363(E1),C,,
-2.399,-2.251,13,A,363(E1),D,-3.101,4
-2.042,-1.668,8,A,363(E1),E,-2.553,3
-1.336,-0.7969,6,A,363(E1),F,-1.173,2
0.223,0.06383,5,A,363(E1),G,0.07004,4
-0.8114,-0.377,7,A,363(E1),H,-0.6204,4
-1.031,-0.5323,6,A,363(E1),I,-0.9203,5
-2.312,-2.1,5,A,363(E1),K,-1.631,2
-0.1162,-0.03884,6,A,363(E1),L,-0.658,2
-1.253,-0.7189,8,A,363(E1),M,-0.7825,4
-1.39,-0.8502,10,A,363(E1),N,-0.8639,6
1.477,0.2524,10,A,363(E1),P,0.532,5
-1.673,-1.165,6,A,363(E1),Q,-0.8067,2
-2.635,-2.682,9,A,363(E1),R,-2.915,4
-1.13,-0.6113,17,A,363(E1),S,-1.081,6
-0.708,-0.3131,37,A,363(E1),T,-0.8866,5
0.7175,0.1657,13,A,363(E1),V,-0.7223,4
-3.476,-4.354,8,A,363(E1),W,-4.255,4
-1.312,-0.7734,1,A,363(E1),Y,,
-6.299,-7.423,2,E,364(E1),*,-8,1
-0.009543,-0.003037,2,E,364(E1),-,,
2.578,0.3042,5,E,364(E1),A,0.9507,3
-1.234,-0.7014,8,E,364(E1),C,-3.446,2
0.8669,0.1881,10,E,364(E1),D,-1.938,3
0,0,,E,364(E1),E,0,
-0.07617,-0.02499,6,E,364(E1),F,-0.5064,3
-0.6313,-0.2691,7,E,364(E1),G,-0.6051,4
0.682,0.1598,7,E,364(E1),H,-0.3806,4
0.6162,0.1485,7,E,364(E1),I,-0.2765,3
-1.614,-1.095,16,E,364(E1),K,-1.683,1
-0.8765,-0.4202,6,E,364(E1),L,-0.3039,5
-0.403,-0.1541,4,E,364(E1),M,-1.386,3
2.304,0.296,9,E,364(E1),N,0.006262,5
-0.08381,-0.02759,8,E,364(E1),P,-0.6722,4
0.8299,0.1828,9,E,364(E1),Q,0.4123,3
0.2219,0.06355,6,E,364(E1),R,-0.2777,3
2.65,0.306,8,E,364(E1),S,0.5502,6
0.8799,0.1899,9,E,364(E1),T,0.3184,3
-0.7698,-0.3506,9,E,364(E1),V,0.08673,5
1.029,0.2091,8,E,364(E1),W,0.724,3
0.4921,0.1251,8,E,364(E1),Y,0.4486,2
0.2517,0.07113,2,F,365(E1),-,,
-2.543,-2.51,4,F,365(E1),A,-2.68,3
-3.936,-5.215,8,F,365(E1),C,-5.257,5
-5.053,-6.702,3,F,365(E1),D,-7.018,2
-6.066,-7.339,7,F,365(E1),E,-7.931,4
0,0,,F,365(E1),F,0,
-7.153,-7.612,12,F,365(E1),G,-8,4
-7.138,-7.609,7,F,365(E1),H,-8,4
-0.7752,-0.354,8,F,365(E1),I,-0.8467,1
-7.335,-7.635,7,F,365(E1),K,-8,6
-1.069,-0.5621,10,F,365(E1),L,-0.5938,4
0.2526,0.07135,5,F,365(E1),M,0.02845,4
-6.736,-7.538,7,F,365(E1),N,-8,5
-6.91,-7.572,3,F,365(E1),P,-8,3
-6.626,-7.513,7,F,365(E1),Q,-8,3
-6.368,-7.444,4,F,365(E1),R,-7.836,2
-7.949,-7.691,9,F,365(E1),S,-8,3
-6.62,-7.512,6,F,365(E1),T,-8,4
-0.4825,-0.1916,6,F,365(E1),V,0.1236,3
-1.375,-0.835,3,F,365(E1),W,-1.087,2
-1.729,-1.234,10,F,365(E1),Y,-1.671,6
-5.668,-7.15,2,R,366(E1),*,,
-2.159,-1.849,4,R,366(E1),-,,
-1.034,-0.5348,11,R,366(E1),A,-0.6976,9
-0.8633,-0.4113,12,R,366(E1),C,-1.652,7
0.08587,0.02615,8,R,366(E1),D,-1.051,3
-1.06,-0.5546,4,R,366(E1),E,-1.634,1
-2.776,-2.953,5,R,366(E1),F,-3.446,2
-1.479,-0.943,19,R,366(E1),G,-0.5546,5
-0.1303,-0.04382,7,R,366(E1),H,-1.409,3
0.5057,0.1278,10,R,366(E1),I,-0.2325,6
-0.7176,-0.3188,28,R,366(E1),K,-1.252,4
-1.599,-1.077,7,R,366(E1),L,-0.229,4
0.2094,0.06031,12,R,366(E1),M,-0.6614,5
-0.8488,-0.4016,5,R,366(E1),N,-0.3765,4
-0.4906,-0.1955,7,R,366(E1),P,-1.882,2
-1.45,-0.912,7,R,366(E1),Q,-1.466,4
0,0,,R,366(E1),R,0,
1.485,0.253,7,R,366(E1),S,-0.06583,5
-0.1703,-0.05835,7,R,366(E1),T,-0.1504,4
0.3206,0.08787,5,R,366(E1),V,-1.149,3
0.03021,0.009439,5,R,366(E1),W,-0.2287,3
0.4522,0.117,8,R,366(E1),Y,0.1175,5
-0.9602,-0.4792,4,V,367(E1),-,,
0.1744,0.05104,8,V,367(E1),A,0.3734,4
1.685,0.2669,7,V,367(E1),C,-0.6429,2
-7.32,-7.634,8,V,367(E1),D,-8,5
-5.924,-7.279,8,V,367(E1),E,-8,5
-2.193,-1.903,11,V,367(E1),F,-2.461,6
-4.178,-5.616,8,V,367(E1),G,-6.358,1
-6.875,-7.566,5,V,367(E1),H,-8,2
-0.002546,-0.000807,6,V,367(E1),I,-1.819,2
-4.196,-5.644,4,V,367(E1),K,-5.618,1
-1.454,-0.9158,11,V,367(E1),L,-1.056,8
-2.383,-2.224,12,V,367(E1),M,-1.466,3
-6.843,-7.56,3,V,367(E1),N,-8,1
-1.231,-0.6984,3,V,367(E1),P,-2.519,2
-7.201,-7.618,6,V,367(E1),Q,-8,5
-6.191,-7.386,7,V,367(E1),R,-8,1
-2.597,-2.611,3,V,367(E1),S,-2.013,1
3.365,0.3184,5,V,367(E1),T,0.05443,3
0,0,,V,367(E1),V,0,
-5.289,-6.9,5,V,367(E1),W,-7.101,2
-6.693,-7.529,6,V,367(E1),Y,-8,2
-7.606,-7.664,12,Q,368(E1),*,-8,1
-1.894,-1.454,4,Q,368(E1),-,,
-1.773,-1.29,6,Q,368(E1),A,-1.508,5
-2.312,-2.1,6,Q,368(E1),C,-1.52,1
-3.573,-4.543,4,Q,368(E1),D,-4.795,2
-2.903,-3.204,5,Q,368(E1),E,-3.67,3
-3.849,-5.06,4,Q,368(E1),F,,
0.7055,0.1637,6,Q,368(E1),G,-0.9607,5
-1.751,-1.262,11,Q,368(E1),H,-1.115,6
2.409,0.2994,5,Q,368(E1),I,0.2921,5
-1.694,-1.19,10,Q,368(E1),K,-1.639,5
4.085,0.3245,8,Q,368(E1),L,0.2899,4
0.5572,0.1377,6,Q,368(E1),M,0.2135,5
-1.453,-0.9156,4,Q,368(E1),N,,
-7.219,-7.621,5,Q,368(E1),P,-8,4
0,0,,Q,368(E1),Q,0,
-3.075,-3.55,7,Q,368(E1),R,-2.319,1
-1.088,-0.5771,4,Q,368(E1),S,-1.552,1
0.3843,0.1024,6,Q,368(E1),T,0.0134,2
-0.8162,-0.3801,10,Q,368(E1),V,-2.253,4
-2.316,-2.107,8,Q,368(E1),W,-1.755,3
-1.057,-0.5523,6,Q,368(E1),Y,-0.651,3
-1.815,-1.346,4,V,369(E1),-,,
0.6124,0.1478,4,V,369(E1),A,,
-0.1401,-0.04735,7,V,369(E1),C,-0.9509,3
-6.91,-7.572,13,V,369(E1),D,-8,8
-6.035,-7.327,2,V,369(E1),E,-7.668,2
0.1042,0.03148,6,V,369(E1),F,-0.8611,2
-5.856,-7.248,8,V,369(E1),G,-8,4
-6.4,-7.454,10,V,369(E1),H,-8,5
0.8138,0.1805,12,V,369(E1),I,-1.631,3
-5.652,-7.141,6,V,369(E1),K,-8,3
0.3408,0.09257,6,V,369(E1),L,-0.884,3
-1.297,-0.7596,5,V,369(E1),M,-0.8188,2
-6.972,-7.583,6,V,369(E1),N,-8,4
-6.029,-7.325,11,V,369(E1),P,-7.751,7
-7.6,-7.664,6,V,369(E1),Q,-7.934,2
-6.737,-7.538,6,V,369(E1),R,-8,4
-6.153,-7.372,11,V,369(E1),S,-7.84,4
-0.3713,-0.1398,6,V,369(E1),T,-0.166,3
0,0,,V,369(E1),V,0,
-7.318,-7.633,5,V,369(E1),W,-8,5
-6.868,-7.565,6,V,369(E1),Y,-8,2
-12.47,-7.757,1,C,370(E1),*,-8,1
-1.231,-0.699,4,C,370(E1),-,,
-5.383,-6.97,6,C,370(E1),A,-7.244,4
0,0,,C,370(E1),C,0,
-3.564,-4.527,6,C,370(E1),D,-4.832,3
-7.651,-7.668,6,C,370(E1),E,-8,4
-7.145,-7.61,11,C,370(E1),F,-8,6
-4.195,-5.643,7,C,370(E1),G,-6.309,1
-5.32,-6.924,3,C,370(E1),H,-8,1
-6.895,-7.57,3,C,370(E1),I,-8,2
-7.255,-7.626,7,C,370(E1),K,-8,4
-6.762,-7.544,5,C,370(E1),L,-8,5
-7.447,-7.648,9,C,370(E1),M,-8,8
-6.55,-7.495,3,C,370(E1),N,-8,2
-6.734,-7.538,9,C,370(E1),P,-8,2
-5.495,-7.046,6,C,370(E1),Q,-8,2
-5.679,-7.156,18,C,370(E1),R,-5.243,2
-6.569,-7.499,3,C,370(E1),S,-8,2
-7.494,-7.653,7,C,370(E1),T,-8,4
-5.489,-7.042,4,C,370(E1),V,-8,1
-6.311,-7.427,9,C,370(E1),W,-8,8
-7.43,-7.646,20,C,370(E1),Y,-8,7
-0.7598,-0.3444,1,S,371(E1),-,,
-1.778,-1.298,10,S,371(E1),A,-2.125,4
-0.7755,-0.3542,10,S,371(E1),C,-0.6845,6
-2.931,-3.26,3,S,371(E1),D,-3.201,1
-2.873,-3.144,5,S,371(E1),E,-2.955,3
-2.498,-2.429,6,S,371(E1),F,-1.643,3
-2.057,-1.691,11,S,371(E1),G,-2.359,4
0.8727,0.1889,1,S,371(E1),H,,
2.122,0.2892,17,S,371(E1),I,-0.2504,4
-2.207,-1.927,7,S,371(E1),K,-2.669,3
0.3899,0.1036,8,S,371(E1),L,-0.822,3
-1.523,-0.9911,5,S,371(E1),M,-1.595,1
-1.02,-0.5235,25,S,371(E1),N,-1.449,2
-4.33,-5.847,7,S,371(E1),P,-5.761,4
-1.313,-0.7745,9,S,371(E1),Q,-2.205,5
-2.068,-1.707,11,S,371(E1),R,-1.782,2
0,0,,S,371(E1),S,0,
0.2377,0.0676,12,S,371(E1),T,0.3313,8
-1.128,-0.6102,4,S,371(E1),V,-0.8492,4
-2.457,-2.354,9,S,371(E1),W,-2.657,5
-2.914,-3.225,4,S,371(E1),Y,-3.39,3
-0.4904,-0.1954,1,T,372(E1),-,,
-0.906,-0.4405,3,T,372(E1),A,-0.7667,1
-0.6054,-0.2549,6,T,372(E1),C,-0.3151,3
0.03269,0.0102,7,T,372(E1),D,-0.4685,5
0.6788,0.1593,6,T,372(E1),E,-0.1243,3
0.6279,0.1506,5,T,372(E1),F,-0.01571,4
-1.086,-0.5754,5,T,372(E1),G,-0.6692,2
1.5,0.2541,4,T,372(E1),H,0.5934,2
-0.6796,-0.2964,8,T,372(E1),I,-0.455,2
-1.039,-0.5383,4,T,372(E1),K,-1.276,3
-1.144,-0.623,4,T,372(E1),L,-1.298,2
-0.9125,-0.445,4,T,372(E1),M,-0.8231,3
2.112,0.2888,6,T,372(E1),N,-0.2637,2
-1.65,-1.137,4,T,372(E1),P,-1.794,3
-0.4708,-0.1859,7,T,372(E1),Q,-0.4607,4
-0.5061,-0.2032,4,T,372(E1),R,-0.5594,3
-0.5758,-0.239,11,T,372(E1),S,-0.1031,7
0,0,,T,372(E1),T,0,
-0.2769,-0.09975,9,T,372(E1),V,-0.9081,4
-0.2658,-0.09528,10,T,372(E1),W,-0.6351,4
1.661,0.2654,3,T,372(E1),Y,0.07411,2
-6.946,-7.579,11,Q,373(E1),*,,
-0.3872,-0.1469,1,Q,373(E1),-,,
-0.7205,-0.3205,8,Q,373(E1),A,-0.5162,4
-1.448,-0.9096,4,Q,373(E1),C,0.5726,1
-0.6271,-0.2668,6,Q,373(E1),D,-0.3921,4
-0.6354,-0.2714,7,Q,373(E1),E,-0.3255,1
-0.49,-0.1953,5,Q,373(E1),F,-1.944,2
0.4894,0.1246,11,Q,373(E1),G,-0.1135,6
-0.5819,-0.2422,15,Q,373(E1),H,0.02433,1
-0.1778,-0.06117,8,Q,373(E1),I,-0.2136,5
-1.841,-1.381,7,Q,373(E1),K,-1.284,2
-0.8502,-0.4025,6,Q,373(E1),L,-1.557,2
-0.4797,-0.1902,4,Q,373(E1),M,-0.5979,1
-1.303,-0.7656,9,Q,373(E1),N,-1.481,5
-0.2941,-0.1068,9,Q,373(E1),P,-1.126,5
0,0,,Q,373(E1),Q,0,
-1.671,-1.163,11,Q,373(E1),R,-1.554,2
2.625,0.3054,3,Q,373(E1),S,0.199,3
0.157,0.0463,6,Q,373(E1),T,0.87,2
-1.088,-0.5772,9,Q,373(E1),V,-0.6925,5
-1.768,-1.284,2,Q,373(E1),W,,
-0.8344,-0.392,4,Q,373(E1),Y,-1.303,2
-0.7517,-0.3395,7,V,374(E1),A,-0.8487,2
-0.1294,-0.04351,6,V,374(E1),C,-0.183,5
-6.267,-7.412,3,V,374(E1),D,-8,1
-3.301,-4.005,6,V,374(E1),E,-3.467,3
-1.715,-1.216,4,V,374(E1),F,-1.198,1
-0.2582,-0.09221,6,V,374(E1),G,0.2524,3
-6.351,-7.439,3,V,374(E1),H,-8,1
-0.6375,-0.2726,14,V,374(E1),I,-0.4156,9
-4.45,-6.016,7,V,374(E1),K,-6.097,4
-1.924,-1.495,4,V,374(E1),L,-1.747,1
-1.536,-1.005,23,V,374(E1),M,-0.9146,7
-3.238,-3.878,8,V,374(E1),N,-2.768,2
-6.867,-7.564,10,V,374(E1),P,-8,3
-2.662,-2.734,8,V,374(E1),Q,-3.866,3
-4.003,-5.33,3,V,374(E1),R,-5.595,3
-1.243,-0.7096,6,V,374(E1),S,-0.547,2
0.8617,0.1874,8,V,374(E1),T,-0.2886,5
0,0,,V,374(E1),V,0,
-2.025,-1.642,10,V,374(E1),W,-2.203,4
-4.124,-5.53,5,V,374(E1),Y,-6.631,1
-2.29,-2.063,3,H,375(E1),A,-2.593,2
-1.316,-0.7777,10,H,375(E1),C,-1.306,4
-1.202,-0.6726,7,H,375(E1),D,-0.8068,3
-1.138,-0.618,12,H,375(E1),E,-0.3444,6
-1.608,-1.087,5,H,375(E1),F,-1.335,2
-0.6296,-0.2682,6,H,375(E1),G,-1.025,2
0,0,,H,375(E1),H,0,
0.7523,0.1712,5,H,375(E1),I,-1.102,1
1.42,0.2479,8,H,375(E1),K,0.485,4
-0.4653,-0.1833,9,H,375(E1),L,-0.8063,4
0.1445,0.04286,8,H,375(E1),M,0.3013,3
-0.4466,-0.1743,16,H,375(E1),N,-0.5146,7
-0.6591,-0.2847,6,H,375(E1),P,-0.1261,3
-0.4305,-0.1668,16,H,375(E1),Q,-0.7372,6
0.3681,0.0988,7,H,375(E1),R,-0.2722,3
2,0.2839,2,H,375(E1),S,0.05673,1
-1.213,-0.683,7,H,375(E1),T,-0.6327,3
-0.8085,-0.3752,6,H,375(E1),V,-0.683,4
-0.3437,-0.1278,8,H,375(E1),W,,
0.3163,0.08687,33,H,375(E1),Y,0.002388,10
-5.209,-6.837,4,C,376(E1),*,-8,1
-6.567,-7.499,10,C,376(E1),A,-8,2
0,0,,C,376(E1),C,0,
-7.074,-7.6,8,C,376(E1),D,-8,4
-7.933,-7.69,7,C,376(E1),E,-8,4
-6.856,-7.562,10,C,376(E1),F,-8,7
-6.92,-7.574,11,C,376(E1),G,-8,7
-6.395,-7.452,9,C,376(E1),H,-8,5
-6.038,-7.328,9,C,376(E1),I,-8,6
-3.847,-5.057,2,C,376(E1),K,,
-6.231,-7.4,2,C,376(E1),L,-8,1
-6.244,-7.405,8,C,376(E1),M,-8,5
-8.658,-7.725,4,C,376(E1),N,-8,2
-7.514,-7.655,11,C,376(E1),P,-8,7
-7.253,-7.625,4,C,376(E1),Q,-8,2
-6.694,-7.529,10,C,376(E1),R,-8,2
-6.211,-7.394,8,C,376(E1),S,,
-6.133,-7.365,7,C,376(E1),T,-8,5
-7.001,-7.588,7,C,376(E1),V,-8,3
-6.445,-7.467,5,C,376(E1),W,-8,4
-7.219,-7.621,17,C,376(E1),Y,-8,8
0,0,,A,377(E1),A,0,
-1.225,-0.693,7,A,377(E1),C,-1.332,4
-0.6805,-0.297,9,A,377(E1),D,-0.5487,4
1.255,0.2333,6,A,377(E1),E,0.1857,6
0.6032,0.1462,4,A,377(E1),F,-0.3765,2
1.628,0.2632,3,A,377(E1),G,-0.7811,1
0.8897,0.1912,6,A,377(E1),H,0.5086,2
-0.004496,-0.001427,5,A,377(E1),I,-1.572,2
0.466,0.1198,6,A,377(E1),K,-0.06796,3
-1.109,-0.5943,7,A,377(E1),L,-1.286,4
-0.7479,-0.3371,10,A,377(E1),M,-1.345,6
-0.5382,-0.2195,7,A,377(E1),N,-0.2672,6
-0.2481,-0.08817,7,A,377(E1),P,-0.7529,3
-0.2497,-0.08881,6,A,377(E1),Q,-0.6552,4
0.8203,0.1814,9,A,377(E1),R,0.004497,6
0.2508,0.07091,15,A,377(E1),S,-0.5292,5
-0.155,-0.05274,22,A,377(E1),T,0.7168,4
-0.369,-0.1389,31,A,377(E1),V,0.0677,6
0.8823,0.1902,8,A,377(E1),W,-0.1765,3
1.428,0.2485,6,A,377(E1),Y,-0.4719,3
0,0,,A,378(E1),A,0,
-1.675,-1.167,4,A,378(E1),C,-0.7955,2
-6.384,-7.449,16,A,378(E1),D,-8,6
-3.192,-3.786,4,A,378(E1),E,-3.817,1
-2.983,-3.363,7,A,378(E1),F,-3.508,2
2.805,0.3095,7,A,378(E1),G,0.4596,4
-2.133,-1.807,6,A,378(E1),H,-2.394,2
-2.551,-2.524,5,A,378(E1),I,-2.653,4
-0.9398,-0.4644,1,A,378(E1),K,,
-2.942,-3.282,1,A,378(E1),L,,
-4.525,-6.116,6,A,378(E1),M,-3.973,2
-4.518,-6.108,7,A,378(E1),N,-6.551,3
-6.02,-7.321,8,A,378(E1),P,-6.396,2
-1.61,-1.089,7,A,378(E1),Q,-1.438,2
-3.916,-5.179,5,A,378(E1),R,-5.466,4
-2.021,-1.636,8,A,378(E1),S,-2.346,1
-1.251,-0.7166,23,A,378(E1),T,-1.107,1
-3.131,-3.662,10,A,378(E1),V,-3.79,4
-3.955,-5.248,4,A,378(E1),W,,
-3.99,-5.307,7,A,378(E1),Y,-6.301,3
-5.103,-6.747,2,E,379(E1),*,,
-0.1229,-0.04119,7,E,379(E1),A,-0.3096,5
-4.922,-6.576,3,E,379(E1),C,-6.699,3
-0.6265,-0.2664,13,E,379(E1),D,-0.3651,5
0,0,,E,379(E1),E,0,
-0.2038,-0.07093,10,E,379(E1),F,-0.07587,6
-1.98,-1.576,5,E,379(E1),G,-1.557,4
-0.6743,-0.2934,5,E,379(E1),H,-1.085,4
-0.1867,-0.0645,12,E,379(E1),I,-0.5095,5
0.5064,0.1279,75,E,379(E1),K,-0.2692,8
0.57,0.1401,8,E,379(E1),L,-0.5406,1
-1.248,-0.7142,3,E,379(E1),M,-1.808,1
-1.071,-0.5636,9,E,379(E1),N,-1.321,4
-1.883,-1.437,6,E,379(E1),P,-1.552,5
-0.6371,-0.2723,11,E,379(E1),Q,-0.6241,5
-1.137,-0.6172,5,E,379(E1),R,-0.5519,3
1.322,0.2395,9,E,379(E1),S,0.02858,5
-0.1052,-0.03498,10,E,379(E1),T,-0.7666,3
1.257,0.2335,6,E,379(E1),V,0.4319,1
-1.845,-1.387,7,E,379(E1),W,-1.796,4
-0.176,-0.0605,6,E,379(E1),Y,-0.2291,4
-7.102,-7.604,9,C,380(E1),*,-8,1
-6.937,-7.577,3,C,380(E1),A,-8,2
0,0,,C,380(E1),C,0,
-7.593,-7.663,5,C,380(E1),D,-8,2
-6.49,-7.479,3,C,380(E1),E,-8,1
-6.854,-7.562,6,C,380(E1),F,-8,1
-5.959,-7.295,12,C,380(E1),G,-8,2
-6.93,-7.576,4,C,380(E1),H,-8,2
-5.782,-7.211,9,C,380(E1),I,-8,6
-6.321,-7.43,1,C,380(E1),K,-8,1
-6.915,-7.573,8,C,380(E1),L,-8,3
-7.152,-7.611,12,C,380(E1),M,-8,7
-6.63,-7.514,4,C,380(E1),N,-8,1
-7.384,-7.641,5,C,380(E1),P,-8,3
-4.73,-6.369,3,C,380(E1),Q,-6.579,1
-7.315,-7.633,11,C,380(E1),R,-8,7
-6.557,-7.496,5,C,380(E1),S,-8,3
-7.381,-7.641,9,C,380(E1),T,-8,3
-7.065,-7.598,6,C,380(E1),V,-8,3
-8.457,-7.717,6,C,380(E1),W,-7.614,2
-5.682,-7.158,13,C,380(E1),Y,-7.784,6
0.4194,0.11,4,H,381(E1),A,-0.2166,1
-2.316,-2.108,3,H,381(E1),C,-3.205,1
0.2188,0.06275,9,H,381(E1),D,-0.4471,4
1.622,0.2628,5,H,381(E1),E,0.2834,5
-0.2294,-0.08082,9,H,381(E1),F,-0.4495,5
-0.3657,-0.1374,7,H,381(E1),G,0.5054,1
0,0,,H,381(E1),H,0,
0.4775,0.1222,6,H,381(E1),I,0.2329,3
-1.319,-0.7806,1,H,381(E1),K,-1.01,1
0.07576,0.02318,7,H,381(E1),L,-4.109,2
4.68,0.3271,7,H,381(E1),M,-0.01509,3
-0.5689,-0.2354,7,H,381(E1),N,-1.511,2
-3.369,-4.141,8,H,381(E1),P,-4.4,4
4.135,0.3247,9,H,381(E1),Q,0.1345,5
0.8267,0.1824,8,H,381(E1),R,0.6891,4
-0.2385,-0.08439,9,H,381(E1),S,0.4826,4
-0.04902,-0.01588,11,H,381(E1),T,-0.2743,8
1.449,0.2502,4,H,381(E1),V,-0.06309,4
-1.358,-0.8189,5,H,381(E1),W,-0.5527,1
-1.837,-1.375,5,H,381(E1),Y,-0.7536,2
-0.1056,-0.03512,8,P,382(E1),A,-0.4981,4
-6.107,-7.355,8,P,382(E1),C,-8,4
-2.518,-2.464,6,P,382(E1),D,-3.524,3
-1.031,-0.5325,7,P,382(E1),E,-1.014,4
-3.27,-3.942,3,P,382(E1),F,-4.218,1
-2.519,-2.466,12,P,382(E1),G,-2.521,9
-2.283,-2.052,11,P,382(E1),H,-3.724,5
-2.782,-2.965,6,P,382(E1),I,-3.085,2
-1.79,-1.313,8,P,382(E1),K,-2.064,3
-3.436,-4.275,12,P,382(E1),L,-4.76,7
-2.384,-2.225,6,P,382(E1),M,-4.855,2
-2.396,-2.245,7,P,382(E1),N,-2.532,4
0,0,,P,382(E1),P,0,
-1.773,-1.29,3,P,382(E1),Q,-1.436,2
-2.036,-1.658,4,P,382(E1),R,-1.806,4
-1.531,-1,11,P,382(E1),S,-1.909,2
-2.66,-2.73,5,P,382(E1),T,-2.426,1
-2.697,-2.801,9,P,382(E1),V,-3.333,6
-3.897,-5.146,6,P,382(E1),W,-4.78,5
-5.379,-6.967,7,P,382(E1),Y,-8,2
-6.213,-7.394,4,P,383(E1),A,,
-7.252,-7.625,7,P,383(E1),C,-7.693,5
-4.23,-5.697,5,P,383(E1),D,-5.781,1
-4.677,-6.307,7,P,383(E1),E,-3.014,1
-6.706,-7.532,10,P,383(E1),F,-7.831,2
-5.223,-6.848,5,P,383(E1),G,-7.319,4
-5.508,-7.054,6,P,383(E1),H,-8,3
-5.706,-7.171,7,P,383(E1),I,-7.144,4
-8.046,-7.697,7,P,383(E1),K,-8,3
-6.244,-7.405,11,P,383(E1),L,-8,2
-6.817,-7.555,6,P,383(E1),M,-8,2
-6.125,-7.362,3,P,383(E1),N,-7.638,1
0,0,,P,383(E1),P,0,
-6.711,-7.533,4,P,383(E1),Q,-8,3
-6.826,-7.557,5,P,383(E1),R,-8,2
-3.368,-4.14,14,P,383(E1),S,-4.192,8
-4.347,-5.871,10,P,383(E1),T,-5.448,1
-4.499,-6.082,7,P,383(E1),V,-5.912,3
-6.833,-7.558,7,P,383(E1),W,-8,2
-6.19,-7.386,5,P,383(E1),Y,-8,2
-4.042,-5.395,3,K,384(E1),*,-8,1
-1.875,-1.427,4,K,384(E1),A,-1.651,3
-6.147,-7.37,5,K,384(E1),C,-8,3
-2.182,-1.886,6,K,384(E1),D,-1.624,1
-0.3125,-0.1145,5,K,384(E1),E,0.7389,2
-3.731,-4.845,10,K,384(E1),F,-5.15,5
-2.034,-1.655,4,K,384(E1),G,-1.826,3
-1.218,-0.6874,8,K,384(E1),H,-0.9297,2
-2.886,-3.171,5,K,384(E1),I,-3.644,2
0,0,,K,384(E1),K,0,
-1.533,-1.002,6,K,384(E1),L,-1.151,4
-1.877,-1.43,7,K,384(E1),M,-1.992,4
-2.654,-2.718,9,K,384(E1),N,-3.031,3
-0.05291,-0.01717,11,K,384(E1),P,-1.336,3
-0.931,-0.4581,9,K,384(E1),Q,-0.4701,3
-0.4269,-0.1651,10,K,384(E1),R,0.4276,5
-1.033,-0.5341,7,K,384(E1),S,-0.9421,3
-0.9318,-0.4587,16,K,384(E1),T,-0.5716,7
-1.807,-1.335,10,K,384(E1),V,-1.766,5
-4.368,-5.902,9,K,384(E1),W,-5.696,3
-4.016,-5.351,6,K,384(E1),Y,-5.287,4
-2.311,-2.099,2,D,385(E1),-,,
-1.437,-0.8982,8,D,385(E1),A,-1.272,6
-6.828,-7.557,7,D,385(E1),C,-8,3
0,0,,D,385(E1),D,0,
0.07008,0.0215,10,D,385(E1),E,0.622,4
-2.943,-3.283,9,D,385(E1),F,-3.584,7
-2.469,-2.376,12,D,385(E1),G,-2.917,3
-2.928,-3.253,4,D,385(E1),H,-3.675,1
-0.2533,-0.09026,7,D,385(E1),I,-1.184,2
-2.365,-2.191,8,D,385(E1),K,-2.383,5
-1.617,-1.098,3,D,385(E1),L,-1.384,3
-2.89,-3.177,4,D,385(E1),M,-3.277,3
-0.91,-0.4433,15,D,385(E1),N,-0.4521,5
-4.527,-6.119,10,D,385(E1),P,-7.467,5
-0.4584,-0.1799,4,D,385(E1),Q,-3.828,2
-2.612,-2.638,7,D,385(E1),R,-2.675,2
-1.962,-1.549,4,D,385(E1),S,-2.05,2
-1.969,-1.559,6,D,385(E1),T,-2.656,1
-0.4931,-0.1968,6,D,385(E1),V,-0.2614,3
-2.685,-2.778,4,D,385(E1),W,-2.547,3
-2.473,-2.382,11,D,385(E1),Y,-2.579,4
-1.433,-0.8938,2,H,386(E1),-,,
-6.317,-7.429,6,H,386(E1),A,-8,3
-5.756,-7.198,13,H,386(E1),C,-8,6
-5.965,-7.298,10,H,386(E1),D,-8,4
-3.939,-5.219,3,H,386(E1),E,-5.521,1
-3.899,-5.15,9,H,386(E1),F,-5.365,5
-6.086,-7.347,4,H,386(E1),G,-8,3
0,0,,H,386(E1),H,0,
-5.891,-7.265,8,H,386(E1),I,-6.899,5
-4.158,-5.584,9,H,386(E1),K,-6.418,6
-2.951,-3.299,5,H,386(E1),L,-3.792,2
-4.006,-5.334,4,H,386(E1),M,-5.864,4
-3.99,-5.308,12,H,386(E1),N,-6.136,3
-3.908,-5.166,6,H,386(E1),P,-5.806,3
-5.407,-6.987,7,H,386(E1),Q,,
-5.943,-7.288,5,H,386(E1),R,-7.643,2
-4.051,-5.41,5,H,386(E1),S,-5.258,5
-3.649,-4.69,5,H,386(E1),T,-4.508,2
-6.806,-7.553,9,H,386(E1),V,-8,6
-0.927,-0.4553,7,H,386(E1),W,-1.335,5
-2.405,-2.261,8,H,386(E1),Y,-2.162,3
-1.38,-0.84,2,I,387(E1),-,,
-5.779,-7.21,8,I,387(E1),A,-8,6
-6.437,-7.464,9,I,387(E1),C,-8,8
-4.316,-5.826,5,I,387(E1),D,-5.791,1
-4.062,-5.43,7,I,387(E1),E,-5.16,1
-4.097,-5.487,6,I,387(E1),F,-3.719,1
-6.325,-7.431,4,I,387(E1),G,-7.716,2
-4.971,-6.624,4,I,387(E1),H,-6.971,2
0,0,,I,387(E1),I,0,
-6.137,-7.367,6,I,387(E1),K,-8,4
-2.995,-3.388,8,I,387(E1),L,-3.63,3
-4.394,-5.939,4,I,387(E1),M,-6.667,2
-5.278,-6.892,13,I,387(E1),N,-6.825,7
-4.568,-6.172,7,I,387(E1),P,-6.49,5
-5.436,-7.007,6,I,387(E1),Q,-7.21,3
-6.965,-7.582,9,I,387(E1),R,-8,2
-6.056,-7.336,14,I,387(E1),S,-7.566,6
-4.943,-6.597,9,I,387(E1),T,-6.747,6
-1.789,-1.311,10,I,387(E1),V,-3.484,3
-4.547,-6.146,7,I,387(E1),W,-6.353,6
-4.172,-5.607,4,I,387(E1),Y,-6.158,1
-1.485,-0.9495,3,V,388(E1),-,,
-3.43,-4.264,10,V,388(E1),A,-4.104,3
-5.896,-7.267,9,V,388(E1),C,-8,7
-6.194,-7.387,8,V,388(E1),D,-8,5
-5.111,-6.754,9,V,388(E1),E,-6.86,4
-5.51,-7.056,14,V,388(E1),F,-7.543,3
-6.609,-7.509,5,V,388(E1),G,-8,1
-5.287,-6.899,10,V,388(E1),H,-6.965,2
0.3003,0.08304,9,V,388(E1),I,-3.9,2
-4.245,-5.721,4,V,388(E1),K,-6.696,2
-2.162,-1.854,11,V,388(E1),L,-1.929,4
-2.326,-2.125,19,V,388(E1),M,-2.396,3
-5.09,-6.736,6,V,388(E1),N,-7.042,4
-7.059,-7.597,4,V,388(E1),P,-8,3
-3.977,-5.285,3,V,388(E1),Q,-5.063,2
-2.545,-2.515,5,V,388(E1),R,-2.719,3
-3.683,-4.755,8,V,388(E1),S,-4.232,3
-2.471,-2.379,10,V,388(E1),T,-2.135,6
0,0,,V,388(E1),V,0,
-4.304,-5.808,5,V,388(E1),W,-5.703,1
-3.547,-4.492,4,V,388(E1),Y,,
1.118,0.2193,1,N,389(E1),-,,
-2.803,-3.006,6,N,389(E1),A,-3.611,3
-7.015,-7.59,14,N,389(E1),C,-8,7
-2.679,-2.765,12,N,389(E1),D,-3.799,5
-0.5476,-0.2243,1,N,389(E1),E,,
-3.604,-4.604,10,N,389(E1),F,-5.278,4
-2.748,-2.9,4,N,389(E1),G,-3.435,4
-2.364,-2.19,13,N,389(E1),H,-2.887,7
-3.315,-4.032,6,N,389(E1),I,-4.183,4
-4.79,-6.437,22,N,389(E1),K,-5.327,8
-2.948,-3.293,10,N,389(E1),L,-3.432,7
-1.618,-1.099,6,N,389(E1),M,-1.538,1
0,0,,N,389(E1),N,0,
-2.264,-2.02,11,N,389(E1),P,-1.612,5
-1.866,-1.415,11,N,389(E1),Q,-1.575,6
-2.378,-2.215,4,N,389(E1),R,-3.846,2
-2.306,-2.09,8,N,389(E1),S,-2.457,4
-2.262,-2.017,8,N,389(E1),T,-2.236,3
-3.726,-4.834,6,N,389(E1),V,-4.583,5
-3.838,-5.04,5,N,389(E1),W,-5.168,3
-4.893,-6.546,10,N,389(E1),Y,-6.392,3
-9.451,-7.743,2,Y,390(E1),*,,
-7.314,-7.633,4,Y,390(E1),-,,
-3.421,-4.245,5,Y,390(E1),A,-4.513,5
-7.483,-7.652,13,Y,390(E1),C,-8,8
-5.216,-6.843,12,Y,390(E1),D,-6.787,8
-6.326,-7.431,13,Y,390(E1),E,-8,10
-1.696,-1.193,7,Y,390(E1),F,-1.323,3
-4.148,-5.569,4,Y,390(E1),G,-5.508,1
0.02578,0.00807,16,Y,390(E1),H,-0.345,6
-4.457,-6.027,6,Y,390(E1),I,-6.815,1
-3.301,-4.005,7,Y,390(E1),K,-3.787,4
-3.53,-4.46,5,Y,390(E1),L,-4.81,2
-2.895,-3.188,12,Y,390(E1),M,-3.566,2
-2.607,-2.63,10,Y,390(E1),N,-2.314,2
-4.55,-6.149,10,Y,390(E1),P,-6.027,5
-2.708,-2.821,6,Y,390(E1),Q,-2.809,3
-1.787,-1.309,11,Y,390(E1),R,-1.312,4
-2.501,-2.433,8,Y,390(E1),S,-2.915,5
-5.504,-7.052,12,Y,390(E1),T,-8,9
-4.722,-6.36,12,Y,390(E1),V,-5.678,4
-1.739,-1.247,9,Y,390(E1),W,-1.797,4
0,0,,Y,390(E1),Y,0,
-0.08672,-0.02859,3,P,391(E1),-,,
-2.865,-3.129,12,P,391(E1),A,-3.447,3
-6.608,-7.509,14,P,391(E1),C,-8,12
-5.167,-6.802,8,P,391(E1),D,-6.29,5
-4.378,-5.917,8,P,391(E1),F,-6.244,2
-5.039,-6.689,8,P,391(E1),G,-7.56,3
-2.345,-2.158,15,P,391(E1),H,-2.53,4
-2.197,-1.91,8,P,391(E1),I,-1.812,2
-1.332,-0.7929,7,P,391(E1),K,-0.9731,2
-2.235,-1.971,16,P,391(E1),L,-2.757,6
-1.932,-1.507,6,P,391(E1),M,-3.433,3
-7.21,-7.62,5,P,391(E1),N,-8,4
0,0,,P,391(E1),P,0,
-1.027,-0.5292,7,P,391(E1),Q,-1.423,3
1.941,0.2811,11,P,391(E1),R,-0.3922,4
-4.781,-6.426,24,P,391(E1),S,-7.088,9
-6.014,-7.319,11,P,391(E1),T,-8,3
-2.005,-1.612,7,P,391(E1),V,-1.706,3
-5.131,-6.772,16,P,391(E1),W,-7.208,9
-4.171,-5.605,8,P,391(E1),Y,-5.527,3
1.301,0.2376,1,A,392(E1),-,,
0,0,,A,392(E1),A,0,
-7.428,-7.646,9,A,392(E1),C,-8,7
-4.79,-6.436,18,A,392(E1),D,-6.103,2
-3.881,-5.117,8,A,392(E1),E,-5.139,6
-1.286,-0.7491,12,A,392(E1),F,-1.279,5
-1.165,-0.641,6,A,392(E1),G,-0.7239,3
0.9975,0.2052,7,A,392(E1),H,-0.2129,3
0.3432,0.09312,11,A,392(E1),I,0.232,3
-1.677,-1.17,8,A,392(E1),K,-1.494,5
0.01959,0.006149,7,A,392(E1),L,-0.3846,4
-0.1936,-0.06708,6,A,392(E1),M,-2.808,4
-1.878,-1.431,8,A,392(E1),N,-1.916,5
-2.059,-1.694,6,A,392(E1),P,-0.9242,1
0.231,0.06588,6,A,392(E1),Q,-1.2,5
0.8333,0.1833,10,A,392(E1),R,0.54,5
-0.1748,-0.06004,21,A,392(E1),S,-0.3298,9
0.5862,0.1431,40,A,392(E1),T,-0.0796,6
3.167,0.3158,18,A,392(E1),V,0.173,5
-0.426,-0.1647,8,A,392(E1),W,-1.006,5
1.405,0.2466,6,A,392(E1),Y,0.5353,4
1.433,0.2489,1,S,393(E1),-,,
-1.435,-0.8967,14,S,393(E1),A,-0.5715,7
-6.111,-7.357,11,S,393(E1),C,-8,6
-3.548,-4.494,10,S,393(E1),D,-4.642,4
-3.952,-5.242,10,S,393(E1),E,-4.39,5
0.01183,0.003725,10,S,393(E1),F,-0.6679,4
-2.519,-2.467,9,S,393(E1),G,-2.469,7
0.7714,0.1741,5,S,393(E1),H,0.256,3
-0.868,-0.4144,8,S,393(E1),I,-0.7728,3
1.083,0.2153,9,S,393(E1),K,0.03127,8
-0.7413,-0.3331,11,S,393(E1),L,-0.5901,6
2.024,0.285,7,S,393(E1),M,-1.352,2
-5.488,-7.042,25,S,393(E1),N,-8,9
-1.991,-1.592,7,S,393(E1),P,-1.638,4
-0.5896,-0.2463,6,S,393(E1),Q,-0.7386,3
-1.131,-0.612,6,S,393(E1),R,-0.8064,5
0,0,,S,393(E1),S,0,
-0.9554,-0.4756,11,S,393(E1),T,-0.3236,6
-1.266,-0.7306,14,S,393(E1),V,-1.66,8
-0.4731,-0.187,12,S,393(E1),W,-1.317,3
-0.615,-0.2601,10,S,393(E1),Y,-0.5422,5
1.964,0.2822,1,H,394(E1),-,,
-1.924,-1.496,12,H,394(E1),A,-1.454,8
-6.966,-7.582,8,H,394(E1),C,-8,3
-4.203,-5.655,10,H,394(E1),D,-5.607,8
-5.514,-7.058,9,H,394(E1),E,-8,5
-1.336,-0.7973,13,H,394(E1),F,-0.835,5
-2.56,-2.542,11,H,394(E1),G,-2.612,7
0,0,,H,394(E1),H,0,
-1.87,-1.42,9,H,394(E1),I,-1.384,6
-2.667,-2.743,7,H,394(E1),K,-3.244,3
-2.28,-2.047,7,H,394(E1),L,-2.069,4
-2.507,-2.444,8,H,394(E1),M,-2.652,5
-5.617,-7.121,10,H,394(E1),N,-7.835,6
-3.935,-5.213,13,H,394(E1),P,-4.925,4
-1.506,-0.9724,13,H,394(E1),Q,-2.392,3
-1.722,-1.226,9,H,394(E1),R,-1.701,4
-2.354,-2.173,9,H,394(E1),S,-2.196,7
-2.406,-2.264,11,H,394(E1),T,-2.586,6
-1.956,-1.541,7,H,394(E1),V,-1.332,3
-0.9247,-0.4537,4,H,394(E1),W,-0.3158,3
-0.247,-0.08775,12,H,394(E1),Y,-0.04665,8
-0.3143,-0.1152,4,T,395(E1),-,,
-0.1938,-0.06714,12,T,395(E1),A,-0.298,5
-4.567,-6.171,9,T,395(E1),C,-6.462,6
-1.302,-0.7643,12,T,395(E1),D,-0.3574,4
-1.264,-0.7285,7,T,395(E1),E,-1.465,5
0.4414,0.1147,14,T,395(E1),F,-0.12,7
0.7861,0.1764,6,T,395(E1),G,0.23,2
0.7923,0.1773,11,T,395(E1),H,-0.7732,7
0.6812,0.1597,11,T,395(E1),I,-1.312,2
-0.5723,-0.2372,9,T,395(E1),K,-0.7204,5
0.07871,0.02405,13,T,395(E1),L,-0.1166,7
-0.1026,-0.03406,5,T,395(E1),M,-0.7512,3
0.005168,0.001634,12,T,395(E1),N,-0.3317,6
-1.606,-1.085,19,T,395(E1),P,-1.138,10
0.3255,0.08901,22,T,395(E1),Q,0.2548,13
0.9432,0.1984,10,T,395(E1),R,-0.3831,5
-0.7286,-0.3254,11,T,395(E1),S,-0.05579,8
0,0,,T,395(E1),T,0,
-0.6346,-0.2709,10,T,395(E1),V,0.02434,4
-0.4618,-0.1816,12,T,395(E1),W,-0.5599,6
0.9161,0.1948,9,T,395(E1),Y,0.1323,6
0.03049,0.009524,14,T,396(E1),A,-1.121,5
-5.541,-7.075,9,T,396(E1),C,-8,3
-1.305,-0.7671,7,T,396(E1),D,-0.1488,3
-0.6953,-0.3056,8,T,396(E1),E,-1.348,4
-0.03561,-0.01146,10,T,396(E1),F,-0.4013,5
-0.6894,-0.3022,7,T,396(E1),G,-0.9209,5
0.472,0.121,8,T,396(E1),H,-0.06123,3
1.286,0.2362,14,T,396(E1),I,-0.4921,4
-1.5,-0.9656,16,T,396(E1),K,-0.1028,5
-0.3409,-0.1266,11,T,396(E1),L,0.1102,3
-0.7804,-0.3573,15,T,396(E1),M,-0.9135,5
-3.646,-4.683,2,T,396(E1),N,-5.029,1
-0.6479,-0.2784,8,T,396(E1),P,-0.3366,4
-1.1,-0.5871,6,T,396(E1),Q,-0.7411,3
-0.1721,-0.05903,11,T,396(E1),R,-0.1404,8
0.1674,0.04914,9,T,396(E1),S,0.1769,5
0,0,,T,396(E1),T,0,
-0.04699,-0.01521,10,T,396(E1),V,-0.4809,7
0.5713,0.1404,6,T,396(E1),W,-0.4432,4
1.866,0.2773,11,T,396(E1),Y,0.4903,7
-0.7336,-0.3284,10,L,397(E1),A,-1.868,3
-4.482,-6.06,9,L,397(E1),C,-7.357,6
-1.404,-0.8648,6,L,397(E1),D,-1.313,6
-1.428,-0.8896,3,L,397(E1),E,-0.6508,2
0.07835,0.02394,12,L,397(E1),F,-0.153,8
-0.8124,-0.3777,8,L,397(E1),G,-0.6889,4
-0.6873,-0.3009,11,L,397(E1),H,-0.933,7
1.832,0.2755,7,L,397(E1),I,0.1081,4
-1.365,-0.8252,9,L,397(E1),K,-1.442,4
0,0,,L,397(E1),L,0,
-0.0372,-0.01199,18,L,397(E1),M,-0.1196,4
-1.577,-1.051,4,L,397(E1),N,-1.302,1
-0.0219,-0.007008,8,L,397(E1),P,-0.2154,6
-0.1877,-0.06486,8,L,397(E1),Q,-0.495,3
-2.23,-1.964,5,L,397(E1),R,-2.119,2
-0.2411,-0.08541,7,L,397(E1),S,-0.5061,4
-0.2595,-0.09272,9,L,397(E1),T,-0.9355,4
0.6396,0.1526,7,L,397(E1),V,-1.162,5
0.05355,0.01655,8,L,397(E1),W,-0.3499,3
1.115,0.2189,9,L,397(E1),Y,-1.451,2
-0.2811,-0.1015,1,G,398(E1),-,,
-1.814,-1.344,11,G,398(E1),A,-1.418,5
-7.071,-7.599,16,G,398(E1),C,-8,6
-0.4672,-0.1842,23,G,398(E1),D,-0.3756,5
0.196,0.05679,12,G,398(E1),E,-0.7381,6
-2.013,-1.624,5,G,398(E1),F,-2.652,2
0,0,,G,398(E1),G,0,
-1.776,-1.295,7,G,398(E1),H,-1.522,6
-3.093,-3.586,7,G,398(E1),I,-3.286,4
-1.655,-1.143,8,G,398(E1),K,-1.913,4
-2.117,-1.783,13,G,398(E1),L,-1.812,10
-0.9915,-0.5022,4,G,398(E1),M,,
-0.6844,-0.2993,12,G,398(E1),N,-0.4764,5
-0.6741,-0.2933,8,G,398(E1),P,-0.4565,3
-1.535,-1.004,12,G,398(E1),Q,-1.395,9
-2.156,-1.844,9,G,398(E1),R,-2.021,4
-1.403,-0.8637,18,G,398(E1),S,-1.402,7
0.8279,0.1825,8,G,398(E1),T,-1.487,2
-2.488,-2.411,10,G,398(E1),V,-0.6547,1
-1.965,-1.554,9,G,398(E1),W,-2.179,5
-2.265,-2.021,8,G,398(E1),Y,-1.799,2
-0.4297,-0.1664,1,V,399(E1),-,,
0.06692,0.02056,12,V,399(E1),A,0.9186,4
-5.102,-6.746,9,V,399(E1),C,-6.73,4
-0.7604,-0.3448,10,V,399(E1),D,-0.3428,2
-0.165,-0.05641,4,V,399(E1),E,0.1296,1
-0.8412,-0.3965,7,V,399(E1),F,0.6095,2
-1.164,-0.6401,5,V,399(E1),G,-1.187,4
-1.579,-1.054,9,V,399(E1),H,-1.647,6
-0.5268,-0.2136,7,V,399(E1),I,-0.3455,4
-1.613,-1.094,4,V,399(E1),K,-1.508,2
-0.1204,-0.04031,11,V,399(E1),L,-0.8416,5
0.2353,0.067,31,V,399(E1),M,-0.5075,9
-1.074,-0.5662,5,V,399(E1),N,-0.7931,4
-1.369,-0.829,7,V,399(E1),P,-1.16,4
-1.616,-1.097,5,V,399(E1),Q,-1.757,1
-0.1509,-0.05125,10,V,399(E1),R,-1.24,6
1.079,0.2149,5,V,399(E1),S,0.01725,4
2.379,0.2985,2,V,399(E1),T,,
0,0,,V,399(E1),V,0,
0.304,0.08393,13,V,399(E1),W,0.8133,8
3.755,0.3222,5,V,399(E1),Y,0.2299,3
-7.037,-7.594,27,Q,400(E1),*,-8,1
-0.9674,-0.4844,1,Q,400(E1),-,,
-0.774,-0.3533,10,Q,400(E1),A,0.5511,5
-5.52,-7.062,11,Q,400(E1),C,-7.902,8
-0.1714,-0.05878,10,Q,400(E1),D,0.79,1
0.8286,0.1826,14,Q,400(E1),E,-0.317,8
0.8472,0.1853,11,Q,400(E1),F,-0.114,6
0.009627,0.003036,13,Q,400(E1),G,-1.054,7
-1.09,-0.5785,14,Q,400(E1),H,-1.293,4
1.07,0.2138,3,Q,400(E1),I,,
-1.488,-0.9526,15,Q,400(E1),K,-0.9799,8
-0.4107,-0.1576,15,Q,400(E1),L,0.3809,7
1.16,0.2237,4,Q,400(E1),M,-0.2343,1
0.3629,0.09761,8,Q,400(E1),N,-0.7324,2
-0.05262,-0.01708,10,Q,400(E1),P,-0.7275,2
0,0,,Q,400(E1),Q,0,
-0.8476,-0.4007,14,Q,400(E1),R,-0.6851,4
-1.438,-0.9,5,Q,400(E1),S,-0.2259,2
0.1394,0.04143,12,Q,400(E1),T,-0.5086,5
-1.131,-0.6125,9,Q,400(E1),V,-0.7901,4
-0.1115,-0.0372,7,Q,400(E1),W,0.09323,1
-1.189,-0.6615,14,Q,400(E1),Y,-0.8605,7
-1.06,-0.5545,9,D,401(E1),A,-3.134,2
-7.22,-7.621,7,D,401(E1),C,-8,3
0,0,,D,401(E1),D,0,
-2.184,-1.889,5,D,401(E1),E,-3.387,1
-3.132,-3.664,10,D,401(E1),F,-3.951,6
0.9179,0.195,13,D,401(E1),G,-0.2527,3
-1.155,-0.6324,8,D,401(E1),H,-1.096,3
-4.15,-5.573,12,D,401(E1),I,-6.085,7
-1.305,-0.7669,10,D,401(E1),K,-0.6493,7
-2.526,-2.479,9,D,401(E1),L,-3.011,4
-1.363,-0.8229,14,D,401(E1),M,-1.117,10
-0.3033,-0.1106,86,D,401(E1),N,-0.6819,17
0.6013,0.1458,14,D,401(E1),P,-0.5356,8
-1.257,-0.7225,10,D,401(E1),Q,-1.19,7
-1.424,-0.8847,7,D,401(E1),R,-1.697,3
-0.6486,-0.2787,5,D,401(E1),S,-0.7267,3
-1.104,-0.5898,8,D,401(E1),T,-1.671,5
-2.923,-3.244,13,D,401(E1),V,-3.543,6
-1.496,-0.9612,8,D,401(E1),W,-0.6518,5
-2.378,-2.215,14,D,401(E1),Y,-2.786,5
-1.485,-0.9492,1,I,402(E1),-,,
-1.405,-0.8653,14,I,402(E1),A,-1.56,5
-4.634,-6.254,10,I,402(E1),C,-6.31,3
-2.548,-2.519,6,I,402(E1),D,-3.409,4
-2.628,-2.669,5,I,402(E1),E,-2.985,2
-0.2847,-0.1029,17,I,402(E1),F,-0.00797,8
-3.016,-3.43,3,I,402(E1),G,,
-2.253,-2.001,6,I,402(E1),H,-2.178,1
0,0,,I,402(E1),I,0,
-2.727,-2.859,4,I,402(E1),K,-3.112,2
-0.7658,-0.3482,17,I,402(E1),L,-0.3519,8
-0.8148,-0.3792,12,I,402(E1),M,-0.3415,4
-2.346,-2.159,11,I,402(E1),N,-1.882,6
-2.031,-1.651,6,I,402(E1),P,-1.439,3
-2.214,-1.937,5,I,402(E1),Q,-2.189,3
-2.273,-2.036,8,I,402(E1),R,-2.962,3
-1.86,-1.406,8,I,402(E1),S,-1.825,5
-2.012,-1.623,7,I,402(E1),T,-2.045,4
-0.08019,-0.02636,14,I,402(E1),V,-0.3441,3
-1.829,-1.364,5,I,402(E1),W,-1.43,1
-0.8466,-0.4001,8,I,402(E1),Y,-0.6897,7
-1.516,-0.9833,1,S,403(E1),-,,
0.01519,0.004778,15,S,403(E1),A,0.3307,6
-6.559,-7.497,13,S,403(E1),C,-8,5
-1.683,-1.178,8,S,403(E1),D,-2.629,3
-1.038,-0.5378,9,S,403(E1),E,-0.1675,3
0.4743,0.1215,14,S,403(E1),F,-0.1826,8
-0.008651,-0.002751,33,S,403(E1),G,-1.552,6
-1.232,-0.6996,5,S,403(E1),H,-1.062,4
-1.67,-1.161,22,S,403(E1),I,-1.693,9
-1.034,-0.5346,8,S,403(E1),K,-1.306,4
-1.296,-0.7587,10,S,403(E1),L,-0.9391,5
-0.2188,-0.07672,12,S,403(E1),M,-0.7592,5
-0.5056,-0.203,24,S,403(E1),N,-0.9921,7
-0.5198,-0.2101,13,S,403(E1),P,-1.714,9
-0.268,-0.09613,8,S,403(E1),Q,-0.6812,5
-0.7795,-0.3567,16,S,403(E1),R,-0.4054,7
0,0,,S,403(E1),S,0,
1.168,0.2246,11,S,403(E1),T,-0.3787,8
-1.253,-0.7191,8,S,403(E1),V,-1.704,3
2.984,0.3129,12,S,403(E1),W,0.1714,7
1.372,0.2438,7,S,403(E1),Y,0.343,5
-1.033,-0.5341,1,V,404(E1),-,,
-0.4673,-0.1842,10,V,404(E1),A,-0.4619,6
-6.102,-7.354,8,V,404(E1),C,-8,5
-1.447,-0.9091,6,V,404(E1),D,-1.015,4
-1.003,-0.5111,13,V,404(E1),E,-0.8734,4
-1.028,-0.53,8,V,404(E1),F,-1.19,3
-1.317,-0.779,4,V,404(E1),G,-1.197,3
-2.237,-1.975,6,V,404(E1),H,-2.79,4
-1.017,-0.5212,4,V,404(E1),I,-0.4621,3
-1.5,-0.9651,10,V,404(E1),K,-1.43,7
-1.366,-0.8264,17,V,404(E1),L,-0.9377,9
-0.2987,-0.1087,22,V,404(E1),M,-0.5908,4
-1.722,-1.226,16,V,404(E1),N,-1.583,10
-2.013,-1.625,7,V,404(E1),P,-1.837,2
-0.222,-0.07794,12,V,404(E1),Q,-0.9158,7
0.7072,0.164,6,V,404(E1),R,0.5943,3
-1.251,-0.7174,2,V,404(E1),S,,
-0.8568,-0.4069,10,V,404(E1),T,-0.4846,6
0,0,,V,404(E1),V,0,
-1.072,-0.5646,5,V,404(E1),W,-1.135,3
0.1136,0.03416,8,V,404(E1),Y,-0.2575,4
-0.831,-0.3898,1,T,405(E1),-,,
0.3237,0.0886,11,T,405(E1),A,0.9798,4
-7.76,-7.677,11,T,405(E1),C,-8,5
-0.376,-0.1419,8,T,405(E1),D,-0.7483,5
-0.114,-0.03805,11,T,405(E1),E,-0.5248,5
-0.9188,-0.4495,11,T,405(E1),F,0.3354,3
-0.6409,-0.2745,9,T,405(E1),G,-0.2772,6
1.246,0.2324,6,T,405(E1),H,-0.2431,3
1.501,0.2542,23,T,405(E1),I,0.7167,6
-0.2944,-0.107,7,T,405(E1),K,-0.06264,4
1.058,0.2124,9,T,405(E1),L,0.943,2
0.345,0.09353,11,T,405(E1),M,0.5861,2
-1.108,-0.5933,18,T,405(E1),N,-0.9771,5
-2.306,-2.09,13,T,405(E1),P,-1.475,5
-0.5352,-0.2179,8,T,405(E1),Q,0.0671,4
-0.7953,-0.3667,8,T,405(E1),R,-0.7842,1
-0.7985,-0.3687,8,T,405(E1),S,-0.1322,4
0,0,,T,405(E1),T,0,
0.449,0.1163,8,T,405(E1),V,0.1414,5
-1.433,-0.8943,9,T,405(E1),W,-0.3117,4
1.741,0.2703,3,T,405(E1),Y,0.4385,1
-1.418,-0.879,2,A,406(E1),-,,
0,0,,A,406(E1),A,0,
-5.696,-7.166,4,A,406(E1),C,-8,3
-2.469,-2.376,17,A,406(E1),D,-2.677,7
-1.402,-0.862,10,A,406(E1),E,-1.519,5
1.381,0.2446,9,A,406(E1),F,-0.1019,4
-1.601,-1.079,8,A,406(E1),G,-1.115,5
-2.538,-2.501,8,A,406(E1),H,-2.969,4
-1.755,-1.267,8,A,406(E1),I,-1.313,3
-2.041,-1.667,7,A,406(E1),K,-2.285,2
0.5454,0.1355,11,A,406(E1),L,-0.5481,4
-0.3362,-0.1245,12,A,406(E1),M,-0.9422,4
-1.897,-1.457,4,A,406(E1),N,-2.133,2
-2.001,-1.607,9,A,406(E1),P,-1.674,3
-2.18,-1.883,8,A,406(E1),Q,-2.22,3
-5.378,-6.966,9,A,406(E1),R,-5.244,2
-1.918,-1.487,14,A,406(E1),S,-1.911,3
-0.545,-0.2229,37,A,406(E1),T,0.3457,5
-0.9599,-0.4789,16,A,406(E1),V,-0.8953,5
-2.56,-2.542,11,A,406(E1),W,-2.399,4
-1.927,-1.5,5,A,406(E1),Y,-1.431,2
-1.064,-0.5581,1,M,407(E1),-,,
1.043,0.2107,5,M,407(E1),A,-0.6842,1
-6.4,-7.454,3,M,407(E1),C,-8,1
-2.303,-2.086,10,M,407(E1),D,-1.438,5
-2.301,-2.082,8,M,407(E1),E,-2.536,5
-0.2493,-0.08867,8,M,407(E1),F,-0.066,4
-2.037,-1.66,13,M,407(E1),G,-1.938,6
-2.469,-2.376,11,M,407(E1),H,-2.615,4
-0.3085,-0.1128,43,M,407(E1),I,-4.727,1
-0.1153,-0.0385,9,M,407(E1),K,-1.065,6
-1.557,-1.029,4,M,407(E1),L,0.1404,2
0,0,,M,407(E1),M,0,
-1.7,-1.198,6,M,407(E1),N,-1.56,4
-2.132,-1.806,8,M,407(E1),P,-2.538,3
-1.594,-1.071,7,M,407(E1),Q,-1.17,3
-0.9497,-0.4715,7,M,407(E1),R,-2.577,3
-1.836,-1.374,4,M,407(E1),S,-1.619,2
0.3557,0.09599,11,M,407(E1),T,-0.7881,6
0.111,0.03343,5,M,407(E1),V,0.116,2
2.629,0.3055,9,M,407(E1),W,-0.2113,7
-0.9355,-0.4613,8,M,407(E1),Y,-1.101,3
0.6162,0.1485,8,S,408(E1),A,0.1533,3
-3.202,-3.805,15,S,408(E1),C,-4.712,6
-0.05415,-0.01758,14,S,408(E1),D,-0.67,8
3.521,0.3201,10,S,408(E1),E,-0.5081,4
-1.494,-0.9591,12,S,408(E1),F,-1.499,5
1.603,0.2616,9,S,408(E1),G,-0.7163,3
0.9778,0.2028,11,S,408(E1),H,0.4602,6
-1.913,-1.48,10,S,408(E1),I,-1.375,2
2.539,0.3031,11,S,408(E1),K,0.5585,6
0.9496,0.1992,8,S,408(E1),L,-0.2183,3
0.4785,0.1224,10,S,408(E1),M,0.4309,4
0.09918,0.03003,22,S,408(E1),N,-0.08265,6
-1.367,-0.8273,7,S,408(E1),P,-1.096,5
-0.05385,-0.01749,6,S,408(E1),Q,0.6454,1
0.3684,0.09885,24,S,408(E1),R,-0.4057,7
0,0,,S,408(E1),S,0,
-0.6351,-0.2712,5,S,408(E1),T,-0.1938,3
-0.9539,-0.4745,12,S,408(E1),V,0.0281,4
1.057,0.2124,11,S,408(E1),W,0.3747,5
-0.02092,-0.006691,11,S,408(E1),Y,0.558,4
-6.609,-7.509,40,W,409(E1),*,-8,6
-1.768,-1.285,9,W,409(E1),A,-1.088,7
-5.404,-6.984,16,W,409(E1),C,-6.781,8
-1.667,-1.158,9,W,409(E1),D,-1.76,4
-1.483,-0.9469,11,W,409(E1),E,-0.713,3
-0.03878,-0.01251,12,W,409(E1),F,-0.4318,9
-3.207,-3.815,7,W,409(E1),G,-4.347,4
-1.682,-1.176,6,W,409(E1),H,-1.366,5
-1.268,-0.7323,6,W,409(E1),I,-1.736,3
-2.063,-1.7,6,W,409(E1),K,-2.512,1
-0.4854,-0.193,5,W,409(E1),L,,
-1.217,-0.6867,6,W,409(E1),M,-1.595,3
-2.195,-1.906,8,W,409(E1),N,-2.185,1
-2.429,-2.304,9,W,409(E1),P,-3.228,3
-1.994,-1.596,9,W,409(E1),Q,-1.807,4
-2.784,-2.969,14,W,409(E1),R,-2.442,5
-3.543,-4.485,6,W,409(E1),S,-4.12,2
-1.653,-1.141,4,W,409(E1),T,,
-1.219,-0.688,16,W,409(E1),V,-1.733,4
0,0,,W,409(E1),W,0,
0.2866,0.07976,6,W,409(E1),Y,0.6973,2
0.3175,0.08714,7,V,410(E1),A,,
-5.126,-6.767,16,V,410(E1),C,-7.184,6
-2.652,-2.714,12,V,410(E1),D,-3.104,6
-1.905,-1.468,5,V,410(E1),E,-2.394,2
-1.52,-0.9874,8,V,410(E1),F,-1.606,5
-2.127,-1.799,5,V,410(E1),G,-2.698,2
-2.884,-3.165,6,V,410(E1),H,-1.83,1
-0.669,-0.2904,9,V,410(E1),I,-0.3109,7
-2.06,-1.695,11,V,410(E1),K,-1.964,6
-0.4385,-0.1705,12,V,410(E1),L,-0.2503,7
-1.136,-0.6161,16,V,410(E1),M,-0.8733,7
-2.28,-2.046,15,V,410(E1),N,-2.709,7
-1.6,-1.078,9,V,410(E1),P,-2.174,6
0.01163,0.003665,7,V,410(E1),Q,-2.955,5
-2.47,-2.377,18,V,410(E1),R,-2.987,14
-1.579,-1.054,11,V,410(E1),S,-1.372,5
-1.085,-0.5746,7,V,410(E1),T,-1.07,5
0,0,,V,410(E1),V,0,
-1.768,-1.284,15,V,410(E1),W,-0.9983,7
-1.9,-1.461,15,V,410(E1),Y,-2.086,8
-5.757,-7.198,20,Q,411(E1),*,-6.514,2
-0.6184,-0.262,12,Q,411(E1),A,-0.3213,4
-5.538,-7.073,7,Q,411(E1),C,-7.543,6
-1.963,-1.551,9,Q,411(E1),D,-1.75,3
-0.1287,-0.04326,6,Q,411(E1),E,-0.7899,5
-0.06165,-0.02009,12,Q,411(E1),F,-0.7123,7
0.2517,0.07114,5,Q,411(E1),G,1.343,1
-0.4843,-0.1925,9,Q,411(E1),H,-0.7559,3
-1.898,-1.458,10,Q,411(E1),I,-1.615,3
0.5893,0.1437,19,Q,411(E1),K,0.3582,7
-0.3653,-0.1372,9,Q,411(E1),L,-0.4739,3
-1.598,-1.076,3,Q,411(E1),M,-4.118,2
0.2877,0.08,12,Q,411(E1),N,-0.2444,5
-0.8613,-0.4099,10,Q,411(E1),P,0.1398,3
0,0,,Q,411(E1),Q,0,
-0.384,-0.1455,13,Q,411(E1),R,0.1408,8
0.7699,0.1739,8,Q,411(E1),S,0.01385,2
0.5218,0.131,13,Q,411(E1),T,0.3349,6
-1.412,-0.8729,7,Q,411(E1),V,-1.621,3
-2.043,-1.669,13,Q,411(E1),W,-2.076,6
0.405,0.1069,13,Q,411(E1),Y,0.1688,6
-0.5031,-0.2017,1,K,412(E1),-,,
-1.87,-1.421,10,K,412(E1),A,-2.096,4
-5.177,-6.811,9,K,412(E1),C,-6.832,4
-2.16,-1.85,12,K,412(E1),D,-1.96,3
-1.826,-1.361,8,K,412(E1),E,-1.604,5
-1.969,-1.56,9,K,412(E1),F,-1.692,4
0.9232,0.1957,12,K,412(E1),G,-0.4753,6
-1.192,-0.6646,7,K,412(E1),H,-1.122,4
-3.167,-3.734,4,K,412(E1),I,-3.927,2
0,0,,K,412(E1),K,0,
-2.742,-2.887,6,K,412(E1),L,-0.2084,1
-2.533,-2.491,4,K,412(E1),M,-2.928,3
-0.7116,-0.3152,8,K,412(E1),N,-0.46,4
-0.05687,-0.01849,10,K,412(E1),P,-0.8399,4
-0.6083,-0.2564,9,K,412(E1),Q,-2.385,2
3.56,0.3205,12,K,412(E1),R,0.3365,5
2.718,0.3076,4,K,412(E1),S,0.2737,3
-1.416,-0.8772,15,K,412(E1),T,-1.775,7
-2.076,-1.72,11,K,412(E1),V,-1.769,7
-1.356,-0.8162,8,K,412(E1),W,-1.112,3
-1.682,-1.176,11,K,412(E1),Y,-1.474,6
-1.677,-1.17,2,I,413(E1),-,,
0.7719,0.1742,6,I,413(E1),A,-1.692,2
-3.498,-4.396,4,I,413(E1),C,,
-6.157,-7.374,7,I,413(E1),D,-8,4
-5.71,-7.174,7,I,413(E1),E,-7.354,4
-0.8328,-0.391,8,I,413(E1),F,-1.02,4
-2.387,-2.23,12,I,413(E1),G,-3.557,4
-3.041,-3.48,11,I,413(E1),H,-4.014,7
0,0,,I,413(E1),I,0,
-3.486,-4.373,8,I,413(E1),K,-4.926,2
-0.7048,-0.3112,12,I,413(E1),L,-0.887,5
0.05535,0.0171,5,I,413(E1),M,-0.6568,3
-2.773,-2.948,11,I,413(E1),N,-3.282,4
-3.963,-5.262,5,I,413(E1),P,-5.781,1
-3.625,-4.644,9,I,413(E1),Q,-4.94,5
-4.508,-6.095,9,I,413(E1),R,-6.359,4
-2.58,-2.58,9,I,413(E1),S,-2.728,7
-1.385,-0.8455,11,I,413(E1),T,-1.029,3
-0.6944,-0.305,9,I,413(E1),V,-0.2524,5
3.064,0.3142,1,I,413(E1),W,,
-1.857,-1.403,5,I,413(E1),Y,-1.261,2
0.47,0.1206,1,T,414(E1),-,,
-0.3515,-0.1312,11,T,414(E1),A,-0.6029,6
-1.146,-0.6249,12,T,414(E1),C,-2.736,4
-3.259,-3.921,11,T,414(E1),D,-3.619,4
-2.436,-2.316,7,T,414(E1),E,-2.136,3
-0.111,-0.03701,3,T,414(E1),F,0.9207,1
0.6196,0.1491,12,T,414(E1),G,-0.6509,3
-2.774,-2.95,14,T,414(E1),H,-3.639,7
-1.288,-0.751,18,T,414(E1),I,-3.334,1
-1.582,-1.057,15,T,414(E1),K,-1.266,5
-1.999,-1.603,12,T,414(E1),L,-1.345,6
-2.51,-2.45,5,T,414(E1),M,-2.647,2
-2.548,-2.52,7,T,414(E1),N,-2.965,5
-2.03,-1.65,6,T,414(E1),P,-1.695,4
-2.063,-1.699,9,T,414(E1),Q,-1.8,3
-0.823,-0.3845,5,T,414(E1),R,-2.041,1
-1.392,-0.8519,8,T,414(E1),S,-1.603,3
0,0,,T,414(E1),T,0,
0.3458,0.09373,10,T,414(E1),V,-1.667,3
-1.412,-0.8725,10,T,414(E1),W,-2.516,1
2.495,0.3019,9,T,414(E1),Y,0.2898,4
-0.4487,-0.1753,1,G,415(E1),-,,
-2.52,-2.469,12,G,415(E1),A,-3.374,4
-4.307,-5.814,20,G,415(E1),C,-5.712,4
-3.314,-4.031,26,G,415(E1),D,-4.572,4
-2.594,-2.606,7,G,415(E1),E,-3.782,2
-2.624,-2.661,13,G,415(E1),F,-2.646,3
0,0,,G,415(E1),G,0,
-3.006,-3.409,7,G,415(E1),H,-3.484,4
-4.908,-6.562,9,G,415(E1),I,-6.834,6
-2.496,-2.424,5,G,415(E1),K,-3.506,2
-4.573,-6.179,7,G,415(E1),L,-6.374,2
-3.079,-3.557,6,G,415(E1),M,-3.609,4
-2.925,-3.248,11,G,415(E1),N,-2.994,4
-2.136,-1.812,7,G,415(E1),P,-2.987,1
-2.694,-2.795,6,G,415(E1),Q,-3.343,4
-2.434,-2.313,12,G,415(E1),R,-2.679,6
-0.8996,-0.436,18,G,415(E1),S,-0.5287,5
-3.159,-3.719,5,G,415(E1),T,-4.028,4
-3.43,-4.264,11,G,415(E1),V,-5.276,4
-2.342,-2.152,3,G,415(E1),W,,
-2.808,-3.017,10,G,415(E1),Y,-3.239,3
-5.314,-6.92,6,G,416(E1),*,,
0.6766,0.1589,3,G,416(E1),-,,
-1.706,-1.206,10,G,416(E1),A,-1.433,4
-1.908,-1.473,12,G,416(E1),C,-1.609,4
-2.854,-3.106,10,G,416(E1),D,-3.877,5
-2.178,-1.879,26,G,416(E1),E,-2.313,8
-2.914,-3.226,8,G,416(E1),F,-3.079,7
0,0,,G,416(E1),G,0,
-2.366,-2.194,8,G,416(E1),H,-2.498,4
-2.573,-2.565,7,G,416(E1),I,-3.051,3
-1.208,-0.6783,6,G,416(E1),K,-1.143,3
-2.505,-2.441,11,G,416(E1),L,-3.209,5
-2.809,-3.018,8,G,416(E1),M,-3.731,2
-2.448,-2.338,9,G,416(E1),N,-2.462,1
-2.192,-1.902,15,G,416(E1),P,-2.119,9
-1.206,-0.6766,9,G,416(E1),Q,-0.1584,1
-1.251,-0.7169,37,G,416(E1),R,-1.513,9
0.7824,0.1758,7,G,416(E1),S,-0.2374,4
-1.823,-1.356,6,G,416(E1),T,-2.122,3
-3.028,-3.454,14,G,416(E1),V,-3.367,5
-2.47,-2.377,10,G,416(E1),W,-2.731,6
-1.521,-0.9889,11,G,416(E1),Y,-2.19,3
-1.469,-0.9325,2,V,417(E1),-,,
4.29,0.3255,6,V,417(E1),A,-0.6789,2
-3.171,-3.742,6,V,417(E1),C,-3.92,1
-4.123,-5.529,9,V,417(E1),D,-5.329,3
-3.491,-4.383,7,V,417(E1),E,-4.831,4
0.6561,0.1555,20,V,417(E1),F,-0.5781,11
-1.504,-0.9695,4,V,417(E1),G,-2.24,2
-2.909,-3.216,9,V,417(E1),H,-2.899,3
-1.082,-0.5725,13,V,417(E1),I,0.3329,4
-2.599,-2.615,7,V,417(E1),K,-3.169,5
-1.401,-0.8613,6,V,417(E1),L,-1.934,2
-1.097,-0.5842,3,V,417(E1),M,-0.8922,1
-3.248,-3.898,5,V,417(E1),N,-4.511,2
-1.507,-0.9728,11,V,417(E1),P,-2.937,4
-2.811,-3.021,5,V,417(E1),Q,-2.904,3
-3.012,-3.421,7,V,417(E1),R,-3.752,5
-0.99,-0.5011,8,V,417(E1),S,-1.621,3
-0.1235,-0.04142,6,V,417(E1),T,0.4562,2
0,0,,V,417(E1),V,0,
1.372,0.2439,9,V,417(E1),W,-1.573,4
-1.917,-1.486,7,V,417(E1),Y,-1.303,3
-6.555,-7.496,6,G,418(E1),*,-8,1
-1.619,-1.1,2,G,418(E1),-,,
-1.807,-1.336,9,G,418(E1),A,-1.364,5
-2.258,-2.011,7,G,418(E1),C,-1.945,2
-5.928,-7.281,10,G,418(E1),D,-7.652,6
-5.238,-6.861,25,G,418(E1),E,-6.821,8
-0.8502,-0.4025,9,G,418(E1),F,-0.6167,1
0,0,,G,418(E1),G,0,
-4.41,-5.961,5,G,418(E1),H,-6.265,2
-1.068,-0.5608,7,G,418(E1),I,-1.857,3
-3.767,-4.911,8,G,418(E1),K,-5.174,4
-1.918,-1.487,13,G,418(E1),L,-2.554,6
-2.175,-1.874,7,G,418(E1),M,-2.22,4
-6.23,-7.4,9,G,418(E1),N,-8,5
-2.43,-2.306,7,G,418(E1),P,-2.726,2
-4.97,-6.624,8,G,418(E1),Q,-6.422,4
-5.986,-7.307,64,G,418(E1),R,-8,13
-2.088,-1.737,4,G,418(E1),S,-2.006,2
-2.838,-3.075,7,G,418(E1),T,-3.404,6
-0.847,-0.4003,17,G,418(E1),V,-0.9047,4
-2.68,-2.768,5,G,418(E1),W,-3.244,2
-2.711,-2.828,8,G,418(E1),Y,-2.69,3
-0.8943,-0.4324,2,L,419(E1),-,,
3.473,0.3196,5,L,419(E1),A,1.781,1
-0.04507,-0.01458,6,L,419(E1),C,-0.6632,2
-5.341,-6.94,6,L,419(E1),D,-8,3
-4.276,-5.767,5,L,419(E1),E,-6.932,1
0.09427,0.0286,4,L,419(E1),F,-0.4353,1
1.165,0.2243,7,L,419(E1),G,1.148,5
-3.354,-4.112,5,L,419(E1),H,-4.367,2
-0.2248,-0.07902,7,L,419(E1),I,-0.4849,5
-1.317,-0.779,1,L,419(E1),K,,
0,0,,L,419(E1),L,0,
0.1087,0.03278,14,L,419(E1),M,-1.316,4
-2.682,-2.771,6,L,419(E1),N,-2.809,1
-2.028,-1.647,13,L,419(E1),P,-2.38,6
-2.178,-1.879,16,L,419(E1),Q,-2.077,6
-3.316,-4.036,6,L,419(E1),R,-4.423,2
1.465,0.2515,6,L,419(E1),S,,
1.259,0.2337,6,L,419(E1),T,0.5937,2
-0.02599,-0.008332,14,L,419(E1),V,0.387,4
-1.037,-0.5368,3,L,419(E1),W,-1.973,1
-0.7704,-0.351,8,L,419(E1),Y,-0.8499,2
-0.2346,-0.08284,3,V,420(E1),-,,
-1.509,-0.9752,4,V,420(E1),A,-0.3984,1
0.9763,0.2026,4,V,420(E1),C,-1.704,1
-3.101,-3.602,3,V,420(E1),D,-4.334,2
-3.116,-3.632,5,V,420(E1),E,-4.032,3
3.362,0.3183,5,V,420(E1),F,0.647,2
-0.7707,-0.3512,4,V,420(E1),G,-0.6375,2
-2.855,-3.109,5,V,420(E1),H,-3.377,4
0.02744,0.008583,5,V,420(E1),I,-0.03276,3
-2.709,-2.824,5,V,420(E1),K,-2.545,4
1.274,0.2351,10,V,420(E1),L,-0.5083,1
0.2405,0.06831,11,V,420(E1),M,0.6774,1
-2.816,-3.033,6,V,420(E1),N,-3.394,5
-1.767,-1.283,3,V,420(E1),P,-2.045,1
-3.172,-3.745,2,V,420(E1),Q,-4.174,1
-4.57,-6.175,2,V,420(E1),R,-5.181,1
-0.7166,-0.3182,5,V,420(E1),S,-0.7242,3
-1.114,-0.5982,3,V,420(E1),T,-4.062,1
0,0,,V,420(E1),V,0,
-2.075,-1.717,8,V,420(E1),W,-1.931,4
-1.227,-0.6951,4,V,420(E1),Y,-0.7959,3
-2.37,-2.2,1,V,421(E1),A,-2.469,1
-1.766,-1.282,3,V,421(E1),C,-2.438,1
-2.886,-3.169,2,V,421(E1),E,,
1.031,0.2093,7,V,421(E1),F,0.2697,3
-1.662,-1.152,3,V,421(E1),G,-2.027,1
-0.9846,-0.4971,1,V,421(E1),H,,
0.2112,0.06079,8,V,421(E1),I,-0.4868,5
-3.544,-4.487,5,V,421(E1),K,-4.699,2
2.96,0.3124,5,V,421(E1),L,,
-1.842,-1.383,8,V,421(E1),M,-1.647,3
-4.338,-5.859,4,V,421(E1),N,-6.064,2
-1.274,-0.7383,4,V,421(E1),P,-1.544,2
-3.435,-4.273,3,V,421(E1),Q,-5.548,2
-5.818,-7.23,2,V,421(E1),R,,
-1.711,-1.212,9,V,421(E1),S,-1.422,4
-1.28,-0.7436,6,V,421(E1),T,-1.105,4
0,0,,V,421(E1),V,0,
-0.6854,-0.2998,6,V,421(E1),W,-1.73,2
-1.986,-1.584,7,V,421(E1),Y,-2.93,2
0,0,,A,422(E1),A,0,
-1.577,-1.052,6,A,422(E1),C,-2.164,2
-5.768,-7.204,5,A,422(E1),D,-8,3
-5.346,-6.943,6,A,422(E1),E,-7.494,1
1.545,0.2575,8,A,422(E1),F,0.5547,5
1.037,0.2101,8,A,422(E1),G,0.6963,1
-6.674,-7.525,5,A,422(E1),H,-6.896,2
0.4652,0.1197,6,A,422(E1),I,0.2367,3
-7.354,-7.638,4,A,422(E1),K,-6.906,2
-0.6698,-0.2908,11,A,422(E1),L,-0.2612,7
-0.9417,-0.4658,5,A,422(E1),M,-0.8242,2
-5.358,-6.952,7,A,422(E1),N,-7.371,4
-1.733,-1.239,7,A,422(E1),P,-2.44,3
-6.815,-7.554,2,A,422(E1),Q,-8,2
-7.648,-7.668,7,A,422(E1),R,-8,5
2.097,0.2882,7,A,422(E1),S,-2.633,1
-0.5763,-0.2393,56,A,422(E1),T,-0.4878,7
-0.508,-0.2042,13,A,422(E1),V,-0.1961,4
-1.242,-0.7088,3,A,422(E1),W,-0.979,1
-2.238,-1.976,6,A,422(E1),Y,-2.183,3
1.27,0.2347,5,V,423(E1),A,-1.87,1
0.7831,0.1759,6,V,423(E1),C,0.6124,2
-5.719,-7.178,5,V,423(E1),D,-7.693,2
-2.536,-2.497,3,V,423(E1),E,-2.658,3
-1.116,-0.5995,1,V,423(E1),F,-0.8671,1
0.7286,0.1674,6,V,423(E1),G,-0.1804,2
-1.485,-0.9495,2,V,423(E1),H,-1.855,2
1.775,0.2723,2,V,423(E1),I,,
-4.28,-5.772,6,V,423(E1),K,-5.657,3
0.4892,0.1245,3,V,423(E1),L,0.7471,1
1.026,0.2086,6,V,423(E1),M,,
-2.199,-1.914,6,V,423(E1),N,-2.018,3
-1.009,-0.5157,7,V,423(E1),P,-0.9113,1
-1.51,-0.976,5,V,423(E1),Q,-2.104,4
-6.629,-7.514,4,V,423(E1),R,,
-1.317,-0.7785,4,V,423(E1),S,-1.008,2
1.355,0.2424,8,V,423(E1),T,0.8719,4
0,0,,V,423(E1),V,0,
-1.035,-0.5356,4,V,423(E1),W,-0.8408,3
-0.9561,-0.4762,6,V,423(E1),Y,-1.156,5
0,0,,A,424(E1),A,0,
-0.2761,-0.09943,2,A,424(E1),C,-0.1568,1
-4.112,-5.51,9,A,424(E1),D,-6.246,3
-3.398,-4.2,6,A,424(E1),E,-4.126,2
-1.399,-0.8598,5,A,424(E1),F,-1.441,4
-0.4691,-0.1851,7,A,424(E1),G,-0.9047,6
-2.014,-1.626,5,A,424(E1),H,-1.207,2
-0.2007,-0.06976,5,A,424(E1),I,-0.4846,3
-5.183,-6.816,6,A,424(E1),K,-6.357,4
-4.455,-6.023,3,A,424(E1),L,,
-0.2657,-0.09523,2,A,424(E1),M,-0.7082,1
-1.373,-0.8333,2,A,424(E1),N,-1.072,1
2.952,0.3123,5,A,424(E1),P,0.3197,2
-1.969,-1.56,3,A,424(E1),Q,-2.35,2
-6.454,-7.469,3,A,424(E1),R,-8,1
1.101,0.2173,7,A,424(E1),S,-0.2648,3
-0.7863,-0.361,23,A,424(E1),T,0.05849,4
-0.1241,-0.04161,18,A,424(E1),V,-1.553,3
-1.191,-0.6635,3,A,424(E1),W,-0.233,1
-0.9205,-0.4507,4,A,424(E1),Y,-0.05329,1
0,0,,A,425(E1),A,0,
-1.003,-0.511,3,A,425(E1),C,-0.5605,2
-5.974,-7.302,10,A,425(E1),D,-8,4
-6.027,-7.324,3,A,425(E1),E,-7.72,1
-0.9717,-0.4876,4,A,425(E1),F,-0.7465,2
-0.888,-0.4281,5,A,425(E1),G,-0.3448,2
-5.988,-7.308,6,A,425(E1),H,-7.904,4
-1.748,-1.259,2,A,425(E1),I,-1.529,2
-4.11,-5.508,3,A,425(E1),K,-5.519,2
-0.6099,-0.2573,4,A,425(E1),L,-0.5006,4
-1.18,-0.6539,5,A,425(E1),M,-1.165,4
-3.878,-5.113,4,A,425(E1),N,-4.817,1
-1.875,-1.428,8,A,425(E1),P,-2.654,3
-5.439,-7.008,3,A,425(E1),Q,-6.335,2
-7.43,-7.646,7,A,425(E1),R,-8,4
-1.148,-0.6263,7,A,425(E1),S,-0.8059,4
-0.3977,-0.1517,26,A,425(E1),T,-0.7293,5
-0.7916,-0.3644,11,A,425(E1),V,-1.186,3
0.3605,0.09707,5,A,425(E1),W,0.2601,3
-0.3735,-0.1408,7,A,425(E1),Y,-0.2994,5
-1.422,-0.8835,2,L,426(E1),-,,
-0.3249,-0.1197,3,L,426(E1),A,-0.1373,2
0.8844,0.1905,6,L,426(E1),C,-0.1701,3
-3.026,-3.449,2,L,426(E1),D,-3.716,2
-2.172,-1.87,5,L,426(E1),E,-2.247,3
-0.4867,-0.1937,4,L,426(E1),F,-0.32,4
-0.6163,-0.2608,1,L,426(E1),G,,
-3.388,-4.18,3,L,426(E1),H,-4.414,2
2.9,0.3113,7,L,426(E1),I,0.3865,5
-5.761,-7.201,5,L,426(E1),K,-7.062,2
0,0,,L,426(E1),L,0,
0.2236,0.06399,8,L,426(E1),M,-0.4526,2
-1.88,-1.434,5,L,426(E1),P,-3.761,2
-1.991,-1.592,6,L,426(E1),Q,-0.6788,1
-4.866,-6.518,5,L,426(E1),R,-6.806,2
0.07629,0.02334,9,L,426(E1),S,-2.481,2
0.6006,0.1457,3,L,426(E1),T,0.5592,1
0.2645,0.07432,5,L,426(E1),V,0.2001,2
-1.357,-0.8172,5,L,426(E1),W,-0.7692,1
-2.374,-2.208,3,L,426(E1),Y,-2.281,3
-0.9113,-0.4442,2,I,427(E1),-,,
-0.4959,-0.1981,5,I,427(E1),A,0.01974,3
0.4807,0.1228,6,I,427(E1),C,-1.204,4
-3.148,-3.696,8,I,427(E1),D,-3.263,3
-2.767,-2.935,4,I,427(E1),E,-2.988,1
-0.4585,-0.18,2,I,427(E1),F,-0.3765,1
-1.79,-1.313,7,I,427(E1),G,-1.697,5
-1.31,-0.7717,4,I,427(E1),H,-2.878,1
0,0,,I,427(E1),I,0,
-5.986,-7.307,1,I,427(E1),K,,
-0.1333,-0.0449,6,I,427(E1),L,-0.8958,2
-1.857,-1.402,4,I,427(E1),M,-0.9157,1
-0.3999,-0.1527,5,I,427(E1),N,,
-1.057,-0.5525,5,I,427(E1),P,-0.5659,4
-1.704,-1.203,3,I,427(E1),Q,-1.489,2
-0.6609,-0.2857,1,I,427(E1),R,,
0.3105,0.08549,3,I,427(E1),S,-1.051,2
2.351,0.2976,6,I,427(E1),T,0.5447,3
-0.1818,-0.06264,10,I,427(E1),V,-0.1555,6
1.54,0.2571,1,I,427(E1),W,0.2773,1
-0.6915,-0.3034,5,I,427(E1),Y,-1.964,2
-1.301,-0.7634,3,L,428(E1),A,-0.7456,3
-1.309,-0.771,2,L,428(E1),C,-1.004,2
-1.918,-1.487,6,L,428(E1),D,-1.959,2
-0.5406,-0.2207,3,L,428(E1),E,-1.088,2
0.2847,0.07928,7,L,428(E1),F,-1.839,2
-0.7205,-0.3205,2,L,428(E1),G,,
0.3177,0.08718,3,L,428(E1),H,-1.275,1
-1.092,-0.5802,4,L,428(E1),I,-0.6852,4
-1.945,-1.525,6,L,428(E1),K,-1.022,3
0,0,,L,428(E1),L,0,
-0.4368,-0.1697,7,L,428(E1),M,-0.9939,2
-0.4758,-0.1883,4,L,428(E1),N,0.333,1
-1.119,-0.6023,8,L,428(E1),P,0.03753,3
-1.939,-1.517,1,L,428(E1),Q,,
-3.152,-3.704,3,L,428(E1),R,-4.013,1
-1.173,-0.6479,3,L,428(E1),S,-0.8914,2
-1.325,-0.7858,5,L,428(E1),T,-1.052,4
-0.7701,-0.3508,2,L,428(E1),V,-0.6532,2
-0.5124,-0.2064,5,L,428(E1),W,-0.7103,2
2.664,0.3063,4,L,428(E1),Y,0.2567,3
-1.408,-0.869,3,I,429(E1),A,-1.851,1
-1.719,-1.222,4,I,429(E1),C,-0.9647,1
-6.914,-7.573,2,I,429(E1),D,-8,1
-6.127,-7.363,4,I,429(E1),E,-8,1
-0.03974,-0.01282,1,I,429(E1),F,,
-4.005,-5.332,4,I,429(E1),G,,
-3.098,-3.595,7,I,429(E1),H,-3.92,2
0,0,,I,429(E1),I,0,
-7.888,-7.687,3,I,429(E1),K,-8,1
-2.784,-2.969,6,I,429(E1),L,-2.76,2
-0.8788,-0.4217,5,I,429(E1),M,0.5822,3
-2.819,-3.038,7,I,429(E1),N,-4.113,2
-0.05329,-0.0173,3,I,429(E1),P,-0.1785,1
-3.041,-3.479,7,I,429(E1),Q,-3.584,4
-4.662,-6.289,4,I,429(E1),R,-6.226,1
-2.683,-2.773,4,I,429(E1),S,-3.049,1
-1.921,-1.491,6,I,429(E1),T,-1.916,3
-1.089,-0.5781,8,I,429(E1),V,-1.234,7
-1.862,-1.409,4,I,429(E1),W,-1.055,1
-1.136,-0.6167,2,I,429(E1),Y,-0.8577,2
-0.1499,-0.05087,10,V,430(E1),A,0.7561,3
-0.5172,-0.2088,7,V,430(E1),C,0.1258,4
-2.734,-2.872,6,V,430(E1),D,-2.658,3
-2.664,-2.738,2,V,430(E1),E,-2.958,1
0.6712,0.158,14,V,430(E1),F,0.2251,3
-1.104,-0.5903,5,V,430(E1),G,-0.8308,2
-2.285,-2.055,4,V,430(E1),H,-2.214,4
-0.4766,-0.1887,22,V,430(E1),I,0.2267,3
-2.715,-2.836,6,V,430(E1),K,-3.309,4
-1.691,-1.187,2,V,430(E1),L,-1.286,1
-1.628,-1.111,6,V,430(E1),M,-2.189,1
-2.03,-1.649,2,V,430(E1),N,-0.9563,1
-1.02,-0.524,3,V,430(E1),P,-0.7176,2
-1.812,-1.342,5,V,430(E1),Q,-1.516,2
-2.698,-2.802,5,V,430(E1),R,-2.943,3
-0.9275,-0.4556,3,V,430(E1),S,-1.515,1
-1.68,-1.174,2,V,430(E1),T,-1.45,2
0,0,,V,430(E1),V,0,
-1.807,-1.335,2,V,430(E1),W,-1.578,2
-0.2651,-0.095,3,V,430(E1),Y,-1.879,2
-0.8967,-0.434,7,V,431(E1),A,-0.8361,3
-1.739,-1.247,8,V,431(E1),C,-1.172,4
-3.086,-3.57,4,V,431(E1),D,-3.724,2
-2.43,-2.305,4,V,431(E1),E,-2.487,1
-2.085,-1.733,3,V,431(E1),F,-1.909,2
-1.795,-1.32,5,V,431(E1),G,-1.379,4
-1.68,-1.173,5,V,431(E1),H,-1.434,1
-1.911,-1.477,7,V,431(E1),I,-1.527,4
-2.932,-3.26,2,V,431(E1),K,-3.526,2
-0.7684,-0.3498,4,V,431(E1),L,-0.8725,2
-1.847,-1.388,14,V,431(E1),M,-2.609,5
-1.977,-1.572,2,V,431(E1),N,-1.217,1
-0.5227,-0.2116,2,V,431(E1),P,,
-0.8898,-0.4293,3,V,431(E1),Q,-0.363,1
-2.89,-3.178,6,V,431(E1),R,-2.554,3
1.105,0.2178,2,V,431(E1),S,0.7864,1
1.765,0.2717,5,V,431(E1),T,0.7807,3
0,0,,V,431(E1),V,0,
-3.569,-4.536,3,V,431(E1),W,-8,1
-3.723,-4.829,2,V,431(E1),Y,-5.116,1
-0.4462,-0.1742,1,L,432(E1),-,,
0.1788,0.05222,5,L,432(E1),A,-5.502,1
-0.8354,-0.3927,3,L,432(E1),C,,
-2.441,-2.325,3,L,432(E1),D,,
-2.811,-3.021,2,L,432(E1),E,-3.529,1
1.103,0.2176,3,L,432(E1),F,0.08985,1
-0.4803,-0.1905,6,L,432(E1),G,0.3184,4
-3.344,-4.091,2,L,432(E1),H,,
-1.043,-0.5412,3,L,432(E1),I,-0.7718,1
-1.42,-0.8804,2,L,432(E1),K,,
0,0,,L,432(E1),L,0,
0.4163,0.1094,7,L,432(E1),M,1.154,1
6.182,0.3295,8,L,432(E1),N,0.2339,2
-1.694,-1.191,8,L,432(E1),P,-1.194,4
1.679,0.2665,7,L,432(E1),Q,-0.5761,3
-0.07044,-0.02305,5,L,432(E1),R,,
-0.04548,-0.01471,3,L,432(E1),S,0.5135,1
1.262,0.2339,7,L,432(E1),T,0.1173,5
0.5352,0.1335,3,L,432(E1),V,0.09334,1
0.5679,0.1397,5,L,432(E1),W,-3.844,2
-0.1245,-0.04177,3,L,432(E1),Y,1.192,2
-6.336,-7.435,10,C,433(E1),*,-8,2
-0.2145,-0.07504,1,C,433(E1),-,,
-0.7126,-0.3158,6,C,433(E1),A,-1.604,1
0,0,,C,433(E1),C,0,
-4.338,-5.858,5,C,433(E1),D,-6.236,4
-3.4,-4.204,5,C,433(E1),E,-4.414,2
-0.8743,-0.4187,13,C,433(E1),F,-0.8242,5
-1.749,-1.26,9,C,433(E1),G,-0.937,2
-2.186,-1.892,3,C,433(E1),H,-2.07,1
-2.185,-1.89,5,C,433(E1),I,-4.84,2
-2.375,-2.209,1,C,433(E1),K,,
-1.39,-0.8505,7,C,433(E1),L,-1.535,2
-1.926,-1.499,5,C,433(E1),M,-1.523,3
-2.069,-1.708,4,C,433(E1),N,-2.791,2
-2.108,-1.768,5,C,433(E1),P,-2.326,4
-1.306,-0.7678,5,C,433(E1),Q,-0.6221,3
-2.011,-1.622,8,C,433(E1),R,-1.427,2
-0.8415,-0.3967,8,C,433(E1),S,-0.3992,2
-2.774,-2.949,3,C,433(E1),T,-1.978,2
-1.378,-0.8381,6,C,433(E1),V,-0.7556,3
-2.648,-2.708,6,C,433(E1),W,-2.762,4
-1.31,-0.7716,13,C,433(E1),Y,-2.403,5
-0.05725,-0.01862,10,V,434(E1),A,-0.4109,3
-1.246,-0.7127,4,V,434(E1),C,0.004975,2
-1.857,-1.403,3,V,434(E1),D,,
-1.395,-0.8558,10,V,434(E1),E,-1.326,2
-0.5241,-0.2123,8,V,434(E1),F,-0.3413,4
2.056,0.2864,5,V,434(E1),G,0.3445,4
-0.8988,-0.4355,6,V,434(E1),H,-0.1799,4
0.5584,0.1379,5,V,434(E1),I,-1.15,3
0.8572,0.1867,5,V,434(E1),K,0.4168,2
0.2455,0.06957,9,V,434(E1),L,0.1337,1
0.4162,0.1094,18,V,434(E1),M,0.8631,3
0.8689,0.1884,2,V,434(E1),N,0.2881,1
-1.545,-1.015,3,V,434(E1),P,-1.261,2
2.135,0.2897,7,V,434(E1),Q,0.1752,1
-0.1954,-0.06775,1,V,434(E1),R,,
-1.029,-0.5309,4,V,434(E1),S,0.3562,2
-0.609,-0.2568,4,V,434(E1),T,-0.4812,2
0,0,,V,434(E1),V,0,
2.099,0.2883,3,V,434(E1),W,-1.143,1
-2.34,-2.148,1,V,434(E1),Y,-2.414,1
2.8,0.3094,8,S,435(E1),A,-0.43,3
-0.9529,-0.4738,2,S,435(E1),C,-1.582,1
1.868,0.2774,2,S,435(E1),D,0.2263,2
-1.142,-0.6215,3,S,435(E1),E,-0.8597,2
-2.444,-2.331,7,S,435(E1),F,-2.672,1
1.752,0.271,5,S,435(E1),G,0.3667,3
-1.771,-1.288,3,S,435(E1),H,-1.55,2
-1.029,-0.5309,4,S,435(E1),I,-0.7102,3
-1.927,-1.499,3,S,435(E1),K,-1.705,1
-1.979,-1.574,3,S,435(E1),L,-1.861,2
-1.413,-0.8736,2,S,435(E1),M,,
1.855,0.2767,4,S,435(E1),N,0.7994,2
0.5522,0.1368,10,S,435(E1),P,1.145,2
-0.4317,-0.1673,6,S,435(E1),Q,-0.1199,2
-1.036,-0.536,5,S,435(E1),R,-0.5436,3
0,0,,S,435(E1),S,0,
0.6878,0.1608,7,S,435(E1),T,0.4013,3
-0.1872,-0.06469,5,S,435(E1),V,-0.3464,2
-0.2288,-0.08061,8,S,435(E1),W,-1.099,3
-1.203,-0.6741,4,S,435(E1),Y,-0.5836,2
0.1928,0.05595,4,F,436(E1),A,1.251,3
-0.6781,-0.2956,7,F,436(E1),C,0.9204,2
-1.149,-0.6275,3,F,436(E1),D,-1.061,1
-1.719,-1.222,5,F,436(E1),E,-1.797,1
0,0,,F,436(E1),F,0,
2.21,0.2926,10,F,436(E1),G,2.104,4
1.827,0.2752,4,F,436(E1),H,0.0194,4
-0.4942,-0.1973,10,F,436(E1),I,-0.7917,6
1.123,0.2197,3,F,436(E1),K,0.3273,1
-0.4959,-0.1981,18,F,436(E1),L,-0.6192,8
0.1436,0.0426,7,F,436(E1),M,-0.716,5
1.08,0.2149,2,F,436(E1),N,,
0.1987,0.05749,4,F,436(E1),P,1.264,2
3.216,0.3165,7,F,436(E1),Q,0.3231,5
-0.1936,-0.06708,1,F,436(E1),R,,
2.075,0.2872,19,F,436(E1),S,0.5829,7
0.5771,0.1414,11,F,436(E1),T,1.022,5
-0.386,-0.1464,11,F,436(E1),V,-1.565,2
0.8535,0.1862,3,F,436(E1),W,,
-1.494,-0.9591,2,F,436(E1),Y,-0.6521,1
0.1181,0.03544,1,S,437(E1),-,,
-1.052,-0.5486,6,S,437(E1),A,0.8355,1
-2.6,-2.616,3,S,437(E1),C,-2.915,1
-0.2843,-0.1028,2,S,437(E1),D,,
0.3056,0.08432,5,S,437(E1),E,-0.5369,2
-0.4455,-0.1738,2,S,437(E1),F,-0.4402,2
0.8443,0.1849,9,S,437(E1),G,0.1539,5
-0.5643,-0.233,4,S,437(E1),H,-0.6812,1
-0.6771,-0.295,4,S,437(E1),I,0.1079,2
2.128,0.2894,4,S,437(E1),K,1.502,1
0.6273,0.1505,3,S,437(E1),L,0.1276,1
-0.1526,-0.05188,5,S,437(E1),M,0.8518,1
0.6078,0.147,8,S,437(E1),N,0.1101,2
-0.8402,-0.3958,7,S,437(E1),P,,
2.59,0.3045,6,S,437(E1),Q,0.0642,2
0.1281,0.03828,16,S,437(E1),R,-0.07015,4
0,0,,S,437(E1),S,0,
-1.271,-0.7353,8,S,437(E1),T,-1.508,4
-0.7313,-0.327,10,S,437(E1),V,-1.263,5
-3.907,-5.164,2,S,437(E1),W,,
-0.8875,-0.4277,3,S,437(E1),Y,-3.228,1
-2.055,-1.687,5,R,438(E1),A,-2.136,3
-1.917,-1.486,1,R,438(E1),C,,
-2.011,-1.622,5,R,438(E1),D,-1.826,4
-1.821,-1.354,4,R,438(E1),E,-2.013,1
-1.801,-1.328,10,R,438(E1),F,-1.827,7
-1.639,-1.124,3,R,438(E1),G,-1.409,1
-1.943,-1.523,2,R,438(E1),H,-1.837,1
-1.878,-1.431,10,R,438(E1),I,-1.565,4
1.639,0.2639,8,R,438(E1),K,0.7258,4
-1.593,-1.07,13,R,438(E1),L,-1.478,3
-2.051,-1.68,5,R,438(E1),M,-2.009,4
0.6691,0.1577,4,R,438(E1),N,0.08076,1
-2.778,-2.957,4,R,438(E1),P,-3.223,3
-0.939,-0.4638,16,R,438(E1),Q,-0.6318,3
0,0,,R,438(E1),R,0,
-1.566,-1.038,7,R,438(E1),S,-0.7347,5
-1.853,-1.397,6,R,438(E1),T,-2.316,1
-3.197,-3.794,3,R,438(E1),V,-4.081,1
-1.524,-0.9923,12,R,438(E1),W,0.2014,3
-0.4779,-0.1893,5,R,438(E1),Y,-1.76,2
-0.004482,-0.001422,2,H,439(E1),A,,
-0.2235,-0.07852,6,H,439(E1),C,-2.03,2
-1.334,-0.7952,3,H,439(E1),D,-0.9673,2
-1.616,-1.096,5,H,439(E1),E,-1.333,2
-2.023,-1.639,7,H,439(E1),F,-3.26,3
0.4836,0.1234,7,H,439(E1),G,0.2185,5
0,0,,H,439(E1),H,0,
-1.658,-1.147,4,H,439(E1),I,-1.414,4
-0.8402,-0.3959,3,H,439(E1),K,-0.429,2
-1.592,-1.069,12,H,439(E1),L,-1.442,4
0.6728,0.1583,3,H,439(E1),M,-1.299,2
-0.3273,-0.1207,15,H,439(E1),N,0.01734,3
-0.9013,-0.4372,6,H,439(E1),P,-0.6721,3
-0.3159,-0.1159,8,H,439(E1),Q,-1.013,1
1.457,0.2508,6,H,439(E1),R,0.1797,5
-1.337,-0.798,5,H,439(E1),S,-1.213,1
-1.441,-0.903,4,H,439(E1),T,-1.502,2
-0.8556,-0.4061,2,H,439(E1),V,,
-0.8106,-0.3765,4,H,439(E1),W,-0.4318,3
-1.403,-0.8639,15,H,439(E1),Y,-0.9653,7
0,0,,*,440(E1),*,0,
1.464,0.2514,2,*,440(E1),K,,
-1.829,-1.365,3,*,440(E1),Q,-1.634,1
-0.2304,-0.0812,2,*,440(E1),W,,
-2.194,-1.906,5,*,440(E1),Y,-3.049,1
