latent_phenotype_effect,functional_effect,times_seen,wildtype,site,mutant,functional_effect_singlemut,times_seen_singlemut
-8.627,-7.696,21,M,-1(E3),I,-8,2
0.3907,0.08434,1,M,-1(E3),L,,
0,0,,M,-1(E3),M,0,
-0.9839,-0.4092,1,M,-1(E3),R,,
-7.434,-7.603,4,M,-1(E3),T,,
-0.8182,-0.3135,1,S,1(E3),C,,
-1.923,-1.261,3,S,1(E3),G,-1.04,1
-0.5937,-0.2036,2,S,1(E3),I,,
0.7518,0.1388,5,S,1(E3),N,,
-1.628,-0.9288,4,S,1(E3),R,-1.016,1
0,0,,S,1(E3),S,0,
0,0,,L,2(E3),L,0,
-1.386,-0.703,6,L,2(E3),M,-3.688,1
-3.267,-3.535,6,L,2(E3),P,,
-4.465,-5.736,2,L,2(E3),Q,,
-0.4627,-0.1489,1,L,2(E3),R,,
0,0,,A,3(E3),A,0,
-6.09,-7.244,3,A,3(E3),D,,
-0.1228,-0.03356,1,A,3(E3),E,,
-2.146,-1.555,3,A,3(E3),S,,
0.235,0.0544,49,A,3(E3),T,-0.0199,6
0.6523,0.1256,31,A,3(E3),V,-0.5032,5
0,0,,I,4(E3),I,0,
-1.82,-1.138,2,I,4(E3),T,,
-0.8778,-0.3463,1,I,4(E3),V,,
-0.1322,-0.03629,2,P,5(E3),H,,
-1.401,-0.7159,5,P,5(E3),L,-1.126,2
0,0,,P,5(E3),P,0,
0.9289,0.1593,5,P,5(E3),S,,
0.8562,0.1513,2,P,5(E3),T,,
-3.007,-3.022,2,V,6(E3),A,-5.163,2
-5.083,-6.518,2,V,6(E3),E,,
-0.755,-0.2803,6,V,6(E3),L,-0.2345,3
-0.5211,-0.1725,7,V,6(E3),M,,
0,0,,V,6(E3),V,0,
0.8415,0.1496,3,M,7(E3),I,,
0,0,,M,7(E3),M,0,
-5.25,-6.68,1,M,7(E3),T,,
-2.346,-1.852,4,M,7(E3),V,,
-6.116,-7.256,4,C,8(E3),*,-8,1
0,0,,C,8(E3),C,0,
-3.29,-3.581,3,C,8(E3),F,,
-0.6966,-0.2513,1,C,8(E3),G,,
-4.023,-5.003,6,C,8(E3),Y,,
0,0,,L,9(E3),L,0,
-1.438,-0.7481,2,L,9(E3),M,,
-7.686,-7.633,6,L,9(E3),P,-8,1
-6.188,-7.288,1,L,9(E3),Q,,
-7.126,-7.555,1,L,9(E3),R,,
-0.6182,-0.2146,2,L,9(E3),V,,
0,0,,L,10(E3),L,0,
-3.465,-3.931,4,L,10(E3),M,-4.243,1
-0.3998,-0.1248,1,L,10(E3),P,,
-5.003,-6.432,2,L,10(E3),Q,,
0,0,,A,11(E3),A,0,
-7.771,-7.641,5,A,11(E3),D,-8,1
-4.209,-5.328,2,A,11(E3),G,,
-2.271,-1.738,3,A,11(E3),S,,
-2.104,-1.498,26,A,11(E3),T,-1.042,4
0.05709,0.01434,9,A,11(E3),V,1.342,2
-3.572,-4.144,1,N,12(E3),D,,
-1.62,-0.9208,1,N,12(E3),I,,
-5.944,-7.172,1,N,12(E3),K,,
0,0,,N,12(E3),N,0,
1.141,0.1796,2,N,12(E3),S,,
-1.484,-0.7895,1,T,13(E3),A,,
-0.6657,-0.2365,6,T,13(E3),I,,
-6.536,-7.415,1,T,13(E3),N,,
0,0,,T,13(E3),T,0,
0.9687,0.1634,3,T,14(E3),A,,
-6.281,-7.326,4,T,14(E3),I,,
0,0,,T,14(E3),T,0,
0,0,,F,15(E3),F,0,
0.8092,0.1458,4,F,15(E3),I,0.1444,1
-1.071,-0.4648,4,F,15(E3),L,-0.7058,1
-0.9271,-0.3749,1,F,15(E3),V,,
0.4467,0.09406,5,F,15(E3),Y,-0.4092,1
-1.042,-0.4459,1,P,16(E3),-,,
2.833,0.2506,4,P,16(E3),L,,
0,0,,P,16(E3),P,0,
3.839,0.2609,2,P,16(E3),Q,,
-0.669,-0.2381,7,P,16(E3),S,,
-5.924,-7.162,1,P,16(E3),T,,
-3.829,-4.644,1,C,17(E3),*,,
-0.2644,-0.07729,1,C,17(E3),-,,
0,0,,C,17(E3),C,0,
-3.198,-3.398,7,C,17(E3),F,-3.939,1
-8.139,-7.671,1,C,17(E3),R,,
-0.5597,-0.1888,1,C,17(E3),S,,
-2.57,-2.22,34,C,17(E3),Y,-2.268,3
-0.6934,-0.2498,1,S,18(E3),-,,
1.651,0.2142,1,S,18(E3),I,,
0.05904,0.01482,8,S,18(E3),N,-0.8625,1
-1.104,-0.4872,1,S,18(E3),R,,
0,0,,S,18(E3),S,0,
-5.715,-7.04,1,S,18(E3),T,,
-7.533,-7.615,4,Q,19(E3),*,,
-0.1892,-0.05335,1,Q,19(E3),-,,
-1.657,-0.9586,10,Q,19(E3),H,-1.531,1
0,0,,Q,19(E3),Q,0,
-0.2917,-0.08638,1,P,20(E3),-,,
-3.122,-3.247,2,P,20(E3),H,-3.567,1
-3.213,-3.428,2,P,20(E3),L,,
0,0,,P,20(E3),P,0,
-2.207,-1.643,16,P,20(E3),S,,
-2.462,-2.038,2,P,20(E3),T,-1.316,1
-1.497,-0.8017,1,P,21(E3),L,,
0,0,,P,21(E3),P,0,
-1.095,-0.4809,1,P,21(E3),Q,,
-0.6249,-0.2176,1,P,21(E3),S,,
-0.2849,-0.08412,2,P,21(E3),T,,
-6.848,-7.499,3,C,22(E3),*,,
0,0,,C,22(E3),C,0,
-1.08,-0.471,4,C,22(E3),F,,
-0.5297,-0.176,1,C,22(E3),S,,
-0.4391,-0.1396,1,C,22(E3),W,,
-1.994,-1.351,14,C,22(E3),Y,0.254,2
1.193,0.184,1,T,23(E3),A,,
0.1418,0.03426,4,T,23(E3),I,,
-6.225,-7.303,2,T,23(E3),K,-8,1
0,0,,T,23(E3),T,0,
-1.397,-0.7131,2,P,24(E3),A,0.08809,1
-2.795,-2.62,4,P,24(E3),H,,
-1.619,-0.9199,3,P,24(E3),L,-1.248,2
0,0,,P,24(E3),P,0,
0.8728,0.1532,5,P,24(E3),S,,
-1.56,-0.8619,1,P,24(E3),T,,
-6.561,-7.422,7,C,25(E3),*,-8,1
0,0,,C,25(E3),C,0,
-1.667,-0.9696,7,C,25(E3),F,-2.475,1
0.3971,0.08548,3,C,25(E3),R,-1.368,1
-2.838,-2.701,1,C,25(E3),W,,
-1.799,-1.114,15,C,25(E3),Y,-2.204,1
-6.492,-7.401,1,C,26(E3),*,-8,1
0,0,,C,26(E3),C,0,
-3.332,-3.665,4,C,26(E3),F,-3.496,1
-1.37,-0.6894,1,C,26(E3),W,,
-3.801,-4.59,9,C,26(E3),Y,-4.521,2
-3.233,-3.468,1,Y,27(E3),*,,
-5.828,-7.108,2,Y,27(E3),H,,
-4.148,-5.223,1,Y,27(E3),N,,
0.2592,0.05935,1,Y,27(E3),W,,
0,0,,Y,27(E3),Y,0,
-5.425,-6.831,3,E,28(E3),*,,
2.565,0.2457,3,E,28(E3),D,-0.1974,1
0,0,,E,28(E3),E,0,
-0.6613,-0.2344,8,E,28(E3),K,,
0.3778,0.08202,1,E,28(E3),Q,,
-1.2,-0.5556,1,E,28(E3),V,,
-0.9069,-0.363,1,K,29(E3),E,,
0,0,,K,29(E3),K,0,
-6.155,-7.274,6,E,30(E3),*,-8,3
0,0,,E,30(E3),E,0,
0.5935,0.1172,1,E,30(E3),G,,
0.7982,0.1445,6,E,30(E3),K,0.6043,1
3.838,0.2609,2,P,31(E3),A,,
-1.258,-0.5993,3,P,31(E3),H,,
-4.116,-5.168,1,P,31(E3),L,,
0,0,,P,31(E3),P,0,
0.6442,0.1245,28,P,31(E3),S,0.3252,6
-2.316,-1.807,2,P,31(E3),T,,
-7.859,-7.649,5,E,32(E3),*,,
-0.6184,-0.2147,2,E,32(E3),D,-2.587,1
0,0,,E,32(E3),E,0,
-1.27,-0.6087,3,E,32(E3),G,-1.288,2
-0.6472,-0.2279,7,E,32(E3),K,-1.036,2
-2.498,-2.098,1,E,32(E3),V,,
-6.497,-7.402,1,K,33(E3),*,-8,1
2.268,0.2384,2,K,33(E3),E,,
0,0,,K,33(E3),K,0,
-1.453,-0.7622,3,T,34(E3),I,,
0,0,,T,34(E3),T,0,
0,0,,L,35(E3),L,0,
-1.162,-0.5278,3,L,35(E3),M,-0.3713,3
-4.182,-5.282,2,L,35(E3),P,,
-7.359,-7.593,2,L,35(E3),Q,-5.538,1
2.528,0.2449,1,R,36(E3),G,0.8978,1
-1.22,-0.5701,2,R,36(E3),L,,
1.089,0.175,11,R,36(E3),Q,,
0,0,,R,36(E3),R,0,
-0.2632,-0.07689,38,R,36(E3),W,-1.383,3
-0.0002701,-6.965e-05,21,M,37(E3),I,-0.5948,1
-2.176,-1.598,2,M,37(E3),K,,
0,0,,M,37(E3),M,0,
0,0,,L,38(E3),L,0,
-2.186,-1.613,4,L,38(E3),M,-0.5966,1
-6.124,-7.26,5,L,38(E3),P,-8,2
-1.109,-0.4911,1,L,38(E3),Q,,
2.708,0.2485,1,L,38(E3),V,,
-6.809,-7.49,4,E,39(E3),*,,
-0.7839,-0.2953,1,E,39(E3),D,,
0,0,,E,39(E3),E,0,
-2.683,-2.417,5,E,39(E3),G,-2.829,2
-13.02,-7.737,23,E,39(E3),K,-8,1
-1.263,-0.603,1,E,39(E3),V,,
0,0,,D,40(E3),D,0,
-1.841,-1.162,3,D,40(E3),E,-0.2267,1
-0.4574,-0.1467,30,D,40(E3),N,-0.9123,4
0.6895,0.1307,2,D,40(E3),Y,-0.3677,1
-0.03163,-0.008281,1,N,41(E3),-,,
-3.403,-3.808,3,N,41(E3),D,,
-1.487,-0.7928,1,N,41(E3),I,,
-2.406,-1.948,5,N,41(E3),K,-2.275,1
0,0,,N,41(E3),N,0,
-1.46,-0.7684,4,N,41(E3),S,,
-0.2502,-0.07263,2,V,42(E3),-,,
-3.708,-4.41,2,V,42(E3),A,,
1.142,0.1797,7,V,42(E3),L,,
0.6662,0.1275,8,V,42(E3),M,-1.862,2
0,0,,V,42(E3),V,0,
-0.3614,-0.1107,2,M,43(E3),-,,
-0.8265,-0.3179,16,M,43(E3),I,0.4904,2
-0.4883,-0.159,1,M,43(E3),L,,
0,0,,M,43(E3),M,0,
-0.3139,-0.09397,1,M,43(E3),T,,
-0.2338,-0.06735,1,M,43(E3),V,,
-1.587,-0.888,2,S,44(E3),-,,
-0.5285,-0.1755,7,S,44(E3),C,,
-0.06459,-0.01717,10,S,44(E3),G,-0.418,2
1.435,0.2016,4,S,44(E3),I,,
-0.5097,-0.1678,5,S,44(E3),N,,
0,0,,S,44(E3),S,0,
-0.386,-0.1197,1,P,45(E3),-,,
-0.1518,-0.04205,6,P,45(E3),H,,
0,0,,P,45(E3),P,0,
-1.658,-0.96,2,P,45(E3),R,,
-1.26,-0.6007,2,P,45(E3),S,,
-0.8522,-0.332,2,P,45(E3),T,,
-1.435,-0.7461,5,G,46(E3),C,-1.86,1
0.4405,0.09301,17,G,46(E3),D,-0.4706,1
0,0,,G,46(E3),G,0,
0.7402,0.1373,6,G,46(E3),S,,
-1.175,-0.5369,2,G,46(E3),V,-0.4968,1
-10.5,-7.731,6,Y,47(E3),*,-8,1
-0.5947,-0.2041,1,Y,47(E3),H,,
0,0,,Y,47(E3),Y,0,
-7.937,-7.656,5,Y,48(E3),*,,
-1.232,-0.5796,1,Y,48(E3),C,,
-0.3837,-0.1188,3,Y,48(E3),H,-1.267,1
0,0,,Y,48(E3),Y,0,
-8.697,-7.699,3,Q,49(E3),*,,
-0.8569,-0.3346,5,Q,49(E3),H,,
-0.04353,-0.01146,1,Q,49(E3),K,,
0,0,,Q,49(E3),Q,0,
-2.891,-2.801,2,Q,49(E3),R,,
0,0,,L,50(E3),L,0,
-4.225,-5.354,3,L,50(E3),M,,
1.873,0.2247,2,L,50(E3),P,-8,1
0,0,,L,51(E3),L,0,
0.05611,0.0141,3,L,51(E3),M,,
-5.066,-6.5,3,L,51(E3),P,,
-1.264,-0.6038,1,L,51(E3),R,,
-1.415,-0.7282,1,L,51(E3),S,,
-7.954,-7.657,22,Q,52(E3),*,-8,1
-0.749,-0.2773,1,Q,52(E3),E,,
-0.6711,-0.2391,5,Q,52(E3),H,-0.5744,1
0.1207,0.02944,1,Q,52(E3),K,,
-0.8486,-0.33,2,Q,52(E3),L,,
-0.6105,-0.2111,1,Q,52(E3),P,,
0,0,,Q,52(E3),Q,0,
1.29,0.1916,14,Q,52(E3),R,-0.3119,3
0,0,,A,53(E3),A,0,
-2.726,-2.495,1,A,53(E3),D,-2.764,1
-2.727,-2.497,6,A,53(E3),S,,
-0.8956,-0.3565,5,A,53(E3),T,0.03702,1
2.033,0.2309,4,A,53(E3),V,,
2.482,0.2439,2,S,54(E3),F,,
-7.865,-7.65,2,S,54(E3),P,,
0,0,,S,54(E3),S,0,
-1.016,-0.4292,1,S,54(E3),Y,,
0,0,,L,55(E3),L,0,
1.84,0.2233,1,L,55(E3),M,,
-5.199,-6.633,5,L,55(E3),P,,
0.1153,0.0282,3,T,56(E3),A,,
-0.8941,-0.3557,1,T,56(E3),I,,
1.309,0.193,3,T,56(E3),K,,
0,0,,T,56(E3),T,0,
-5.178,-6.613,3,C,57(E3),*,,
0,0,,C,57(E3),C,0,
-2.036,-1.406,3,C,57(E3),F,,
-2.782,-2.596,2,C,57(E3),R,,
-0.7975,-0.3024,1,C,57(E3),S,,
-2.124,-1.525,19,C,57(E3),Y,-4.24,2
-4.04,-5.033,2,S,58(E3),-,,
1.216,0.1858,18,S,58(E3),G,-1.756,1
-2.113,-1.51,8,S,58(E3),I,,
-1.307,-0.6383,5,S,58(E3),N,,
0,0,,S,58(E3),S,0,
0.3091,0.06919,1,P,59(E3),-,,
0.8889,0.155,12,P,59(E3),H,0.3303,1
-0.2434,-0.07045,1,P,59(E3),L,,
0,0,,P,59(E3),P,0,
0.3893,0.08409,2,P,59(E3),S,,
-1.455,-0.7634,2,P,59(E3),T,,
-6.077,-7.238,3,R,60(E3),*,-8,1
0.1647,0.03937,10,R,60(E3),G,-2.225,1
-1.687,-0.9904,4,R,60(E3),K,-0.4493,1
0,0,,R,60(E3),R,0,
-0.1181,-0.03219,2,R,61(E3),L,1.138,1
-6.069,-7.234,1,R,61(E3),P,,
-2.573,-2.225,3,R,61(E3),Q,-2.53,1
0,0,,R,61(E3),R,0,
-1.269,-0.6077,4,R,61(E3),W,,
-10.68,-7.732,18,Q,62(E3),*,,
-0.7933,-0.3002,1,Q,62(E3),E,,
-0.1364,-0.0375,8,Q,62(E3),H,,
3.15,0.255,3,Q,62(E3),K,,
0,0,,Q,62(E3),Q,0,
-2.11,-1.507,1,Q,62(E3),R,,
-1.033,-0.4401,4,R,63(E3),L,-1.172,1
0.8757,0.1535,11,R,63(E3),Q,-0.1118,3
0,0,,R,63(E3),R,0,
1.234,0.1873,13,R,63(E3),W,-0.7991,1
-5.922,-7.161,3,R,64(E3),G,,
-2.508,-2.114,3,R,64(E3),I,-2.328,1
-1.508,-0.8123,11,R,64(E3),K,-2.766,1
0,0,,R,64(E3),R,0,
-1.033,-0.4401,4,S,1(E2),F,,
0,0,,S,1(E2),S,0,
0.6468,0.1248,1,S,1(E2),T,,
-2.55,-2.185,2,S,1(E2),Y,,
0,0,,I,2(E2),I,0,
-0.7708,-0.2885,1,I,2(E2),M,,
-2.883,-2.786,2,I,2(E2),T,,
0.2837,0.06425,2,K,3(E2),E,,
0,0,,K,3(E2),K,0,
-0.5924,-0.203,6,K,3(E2),N,,
0.6315,0.1227,1,K,3(E2),Q,,
1.132,0.1788,1,K,3(E2),R,,
0,0,,D,4(E2),D,0,
-2.667,-2.39,1,D,4(E2),E,,
-2.022,-1.387,2,D,4(E2),G,,
-0.6043,-0.2083,1,D,4(E2),H,,
-1.387,-0.7039,1,D,4(E2),N,,
-1.805,-1.12,1,N,5(E2),D,-1.438,1
1.932,0.227,1,N,5(E2),K,,
0,0,,N,5(E2),N,0,
-3.32,-3.642,1,F,6(E2),C,,
0,0,,F,6(E2),F,0,
-0.8806,-0.3479,2,F,6(E2),I,,
1.478,0.2044,3,F,6(E2),L,,
-0.8909,-0.3538,1,N,7(E2),-,,
1.688,0.2161,3,N,7(E2),D,-0.2095,2
-1.347,-0.6705,6,N,7(E2),K,,
0,0,,N,7(E2),N,0,
3.201,0.2556,4,N,7(E2),S,,
-1.397,-0.7127,1,V,8(E2),-,,
-0.6447,-0.2267,2,V,8(E2),A,-0.2876,1
-0.8686,-0.3411,5,V,8(E2),L,,
-1.611,-0.9121,5,V,8(E2),M,-0.3324,2
0,0,,V,8(E2),V,0,
-4.394,-5.627,1,Y,9(E2),*,,
-1.367,-0.6869,2,Y,9(E2),-,,
-1.312,-0.6418,1,Y,9(E2),C,,
-6.679,-7.456,4,Y,9(E2),H,-8,1
0,0,,Y,9(E2),Y,0,
-4.346,-5.551,1,K,10(E2),*,,
-1.667,-0.9692,1,K,10(E2),-,,
-5.812,-7.099,4,K,10(E2),E,-8,1
0,0,,K,10(E2),K,0,
-3.571,-4.142,16,K,10(E2),M,-6.075,2
-7.466,-7.607,8,K,10(E2),N,,
-1.191,-0.5491,9,K,10(E2),R,-2.6,1
-1.973,-1.324,12,K,10(E2),T,-1.512,2
-0.2968,-0.08811,1,A,11(E2),-,,
0,0,,A,11(E2),A,0,
0.5493,0.1106,3,A,11(E2),S,,
-0.9041,-0.3614,12,A,11(E2),T,,
-3.907,-4.791,6,A,11(E2),V,,
-0.4539,-0.1454,1,I,12(E2),-,,
0,0,,I,12(E2),I,0,
0.3834,0.08303,3,I,12(E2),T,,
-0.9344,-0.3792,1,I,12(E2),V,,
-6.266,-7.32,2,R,13(E2),*,,
0.05852,0.01469,1,R,13(E2),-,,
-2.13,-1.533,8,R,13(E2),G,-1.602,1
-0.4558,-0.1461,3,R,13(E2),K,,
0,0,,R,13(E2),R,0,
-1.339,-0.664,1,R,13(E2),T,,
-0.09269,-0.02497,1,P,14(E2),-,,
-4.993,-6.422,3,P,14(E2),H,,
-7.491,-7.61,5,P,14(E2),L,-8,1
0,0,,P,14(E2),P,0,
-4.634,-5.978,2,P,14(E2),R,-6.335,1
-0.8984,-0.3581,2,P,14(E2),S,,
-0.3404,-0.1032,1,P,14(E2),T,,
-5.279,-6.707,3,Y,15(E2),*,-6.837,1
-0.7341,-0.2698,1,Y,15(E2),C,,
-0.393,-0.1222,1,Y,15(E2),F,,
-6.545,-7.418,3,Y,15(E2),H,-8,1
0,0,,Y,15(E2),Y,0,
0,0,,L,16(E2),L,0,
-5.314,-6.738,1,L,16(E2),M,,
-3.788,-4.565,5,L,16(E2),P,-4.881,1
-0.5559,-0.1872,1,L,16(E2),Q,,
0,0,,A,17(E2),A,0,
-5.544,-6.922,5,A,17(E2),D,-8,1
-6.85,-7.499,6,A,17(E2),S,-8,1
-3.659,-4.315,41,A,17(E2),T,,
-5.031,-6.463,2,A,17(E2),V,,
0,0,,H,18(E2),H,0,
-0.9185,-0.3698,1,H,18(E2),N,,
3.793,0.2606,4,H,18(E2),Q,,
-1.055,-0.4548,1,C,19(E2),*,,
0,0,,C,19(E2),C,0,
-6.737,-7.472,4,C,19(E2),F,-8,1
-5.017,-6.448,3,C,19(E2),R,-7.056,2
-2.775,-2.584,1,C,19(E2),S,,
-6.651,-7.448,13,C,19(E2),Y,-7.768,2
-4.204,-5.318,5,P,20(E2),H,,
0,0,,P,20(E2),P,0,
-0.5129,-0.1691,2,P,20(E2),S,,
-2.683,-2.417,2,P,20(E2),T,,
0,0,,D,21(E2),D,0,
0.4233,0.09006,1,D,21(E2),G,,
-3.017,-3.041,20,D,21(E2),N,-2.763,1
-3.553,-4.106,3,D,21(E2),Y,,
-0.9549,-0.3914,2,C,22(E2),*,,
0,0,,C,22(E2),C,0,
-5.994,-7.198,5,C,22(E2),F,,
-5.965,-7.183,2,C,22(E2),R,,
-1.149,-0.5186,1,C,22(E2),S,,
-6.642,-7.446,2,C,22(E2),W,-8,1
-7.098,-7.55,10,C,22(E2),Y,-8,1
-6.536,-7.415,4,G,23(E2),C,,
-0.8934,-0.3552,12,G,23(E2),D,-0.7317,1
0,0,,G,23(E2),G,0,
1.257,0.1891,6,G,23(E2),S,-0.03361,2
-4.502,-5.79,4,E,24(E2),*,-8,1
0.9991,0.1665,5,E,24(E2),D,-1.945,1
0,0,,E,24(E2),E,0,
-0.7106,-0.2581,1,E,24(E2),G,,
1.436,0.2017,14,E,24(E2),K,,
-6.036,-7.219,4,G,25(E2),C,,
-1.249,-0.5922,21,G,25(E2),D,-1.148,4
0,0,,G,25(E2),G,0,
-1.369,-0.6886,1,G,25(E2),R,,
-1.411,-0.7252,1,G,25(E2),S,,
-2.162,-1.579,5,G,25(E2),V,-1.727,1
0,0,,H,26(E2),H,0,
0.8872,0.1548,1,H,26(E2),L,,
-0.6054,-0.2088,2,H,26(E2),Y,,
-3.308,-3.618,1,S,27(E2),F,-3.949,1
7.215e-05,1.86e-05,2,S,27(E2),P,,
0,0,,S,27(E2),S,0,
-3.387,-3.774,4,S,27(E2),Y,-4.099,2
-4.782,-6.173,2,C,28(E2),*,,
0,0,,C,28(E2),C,0,
-4.285,-5.453,4,C,28(E2),F,-5.017,1
-6.894,-7.509,7,C,28(E2),R,-8,1
-3.866,-4.714,1,C,28(E2),S,,
-6.166,-7.278,5,C,28(E2),Y,,
-1.645,-0.9469,1,H,29(E2),D,,
0,0,,H,29(E2),H,0,
-4.95,-6.374,1,H,29(E2),L,,
-1.254,-0.5959,2,H,29(E2),N,,
-1.924,-1.262,2,H,29(E2),Q,,
0.237,0.05481,8,H,29(E2),Y,,
-0.6531,-0.2306,1,S,30(E2),C,,
-2.735,-2.511,5,S,30(E2),F,,
-3.611,-4.221,2,S,30(E2),P,,
0,0,,S,30(E2),S,0,
0.4119,0.08809,1,S,30(E2),T,,
-6.69,-7.459,4,S,30(E2),Y,-8,1
0.939,0.1604,3,P,31(E2),H,,
-6.217,-7.3,7,P,31(E2),L,-8,1
0,0,,P,31(E2),P,0,
1.041,0.1706,3,P,31(E2),S,,
-0.2849,-0.08412,1,P,31(E2),T,,
-0.7106,-0.2581,2,V,32(E2),E,,
-1.659,-0.9612,3,V,32(E2),L,,
-3.761,-4.513,12,V,32(E2),M,-4.575,1
0,0,,V,32(E2),V,0,
0,0,,A,33(E2),A,0,
-7.031,-7.538,3,A,33(E2),D,-8,2
-1.682,-0.9849,1,A,33(E2),P,,
-1.951,-1.296,3,A,33(E2),S,,
-0.8017,-0.3046,11,A,33(E2),T,,
-7.677,-7.632,8,A,33(E2),V,,
0,0,,L,34(E2),L,0,
-1.004,-0.4216,4,L,34(E2),M,0.3963,1
-9.69,-7.723,10,L,34(E2),P,-5.879,1
-2.188,-1.616,1,L,34(E2),Q,,
0.01206,0.003093,1,L,34(E2),R,,
-2.176,-1.599,1,E,35(E2),A,,
-2.303,-1.786,1,E,35(E2),C,,
0,0,,E,35(E2),E,0,
-9.832,-7.725,3,E,35(E2),G,,
-6.494,-7.401,24,E,35(E2),K,-8,3
-6.054,-7.227,3,E,35(E2),Q,,
3.262,0.2563,4,R,36(E2),L,0.3872,3
-1.193,-0.5504,10,R,36(E2),Q,0.2303,3
0,0,,R,36(E2),R,0,
1.67,0.2152,18,R,36(E2),W,1.096,3
-6.573,-7.426,1,I,37(E2),F,,
0,0,,I,37(E2),I,0,
3.09,0.2543,1,I,37(E2),N,,
-1.697,-1.001,4,I,37(E2),T,,
-2.315,-1.804,5,R,38(E2),G,-2.13,1
-3.117,-3.237,4,R,38(E2),I,,
-0.8776,-0.3463,5,R,38(E2),K,,
0,0,,R,38(E2),R,0,
-2.146,-1.556,1,N,39(E2),I,,
-6.641,-7.446,2,N,39(E2),K,-8,1
0,0,,N,39(E2),N,0,
0.3503,0.077,2,N,39(E2),S,,
-5.083,-6.518,4,E,40(E2),*,,
-5.433,-6.837,12,E,40(E2),D,,
0,0,,E,40(E2),E,0,
-0.09597,-0.0259,6,E,40(E2),G,0.4095,1
-6.697,-7.461,5,E,40(E2),K,-8,1
0,0,,A,41(E2),A,0,
-6.747,-7.474,2,A,41(E2),D,-8,1
-5.871,-7.132,9,A,41(E2),T,-8,3
-1.694,-0.9975,6,A,41(E2),V,,
-6.773,-7.481,4,T,42(E2),I,,
-6.392,-7.367,2,T,42(E2),N,-8,1
0,0,,T,42(E2),T,0,
0,0,,D,43(E2),D,0,
-5.636,-6.987,2,D,43(E2),E,,
-6.121,-7.259,1,D,43(E2),G,-8,1
-7.263,-7.578,18,D,43(E2),N,-8,3
3.458,0.2582,2,D,43(E2),Y,-8,1
-5.906,-7.152,6,G,44(E2),C,-7.726,2
-7.304,-7.584,17,G,44(E2),D,-8,1
0,0,,G,44(E2),G,0,
-7.424,-7.602,5,G,44(E2),S,,
3.446,0.2581,6,G,44(E2),V,-8,1
-1.263,-0.6034,2,T,45(E2),A,-0.9178,1
-3.949,-4.868,3,T,45(E2),I,,
-3.501,-4.002,1,T,45(E2),N,,
0,0,,T,45(E2),T,0,
0,0,,L,46(E2),L,0,
-2.181,-1.606,8,L,46(E2),M,-2.484,1
-5.987,-7.194,16,L,46(E2),P,-8,3
-6.098,-7.248,1,L,46(E2),Q,-8,1
-0.4052,-0.1268,1,L,46(E2),R,,
-1.634,-0.9348,1,K,47(E2),*,,
-6.998,-7.531,4,K,47(E2),E,-8,1
0,0,,K,47(E2),K,0,
-2.947,-2.907,3,K,47(E2),N,-3.226,1
0,0,,I,48(E2),I,0,
-1.112,-0.4929,1,I,48(E2),M,,
-6.713,-7.465,5,Q,49(E2),*,-7.074,2
-2.53,-2.151,8,Q,49(E2),H,,
-6.043,-7.222,3,Q,49(E2),K,,
-5.788,-7.084,3,Q,49(E2),P,,
0,0,,Q,49(E2),Q,0,
-6.819,-7.492,14,Q,49(E2),R,-8,2
-3.881,-4.741,1,V,50(E2),E,-5.063,1
-2.084,-1.47,2,V,50(E2),L,,
-9.748,-7.724,5,V,50(E2),M,,
0,0,,V,50(E2),V,0,
-6.79,-7.485,6,S,51(E2),F,-8,1
-4.935,-6.356,3,S,51(E2),P,,
0,0,,S,51(E2),S,0,
-5.116,-6.552,2,S,51(E2),Y,,
0,0,,L,52(E2),L,0,
-2.44,-2.002,6,L,52(E2),M,,
-5.644,-6.993,10,L,52(E2),P,-8,3
-6.125,-7.26,1,L,52(E2),Q,-8,1
-6.701,-7.462,15,Q,53(E2),*,-8,2
-1.399,-0.7145,2,Q,53(E2),H,,
-4.301,-5.479,1,Q,53(E2),K,,
-6.091,-7.245,1,Q,53(E2),L,-7.307,1
0,0,,Q,53(E2),Q,0,
-7.121,-7.555,7,Q,53(E2),R,-7.138,2
0,0,,I,54(E2),I,0,
-2.388,-1.918,4,I,54(E2),N,,
-0.7205,-0.263,1,I,54(E2),S,,
-3.315,-3.632,1,G,55(E2),A,,
-0.559,-0.1885,1,G,55(E2),C,,
-5.818,-7.102,160,G,55(E2),D,-7.475,16
0,0,,G,55(E2),G,0,
-0.6306,-0.2202,6,G,55(E2),S,,
-5.998,-7.2,4,G,55(E2),V,-7.378,1
0,0,,I,56(E2),I,0,
-6.704,-7.463,4,I,56(E2),T,-8,1
-0.7832,-0.2949,1,K,57(E2),*,,
-6.142,-7.268,7,K,57(E2),E,,
0,0,,K,57(E2),K,0,
2.014,0.2302,2,K,57(E2),M,,
0.5583,0.112,7,K,57(E2),N,0.4567,1
-1.454,-0.7625,4,K,57(E2),R,,
-1.102,-0.4856,5,T,58(E2),A,,
0.2662,0.06076,5,T,58(E2),I,,
-3.744,-4.481,1,T,58(E2),N,,
0,0,,T,58(E2),T,0,
0,0,,D,59(E2),D,0,
-6.571,-7.425,1,D,59(E2),E,-8,1
-7.287,-7.582,2,D,59(E2),G,,
-4.97,-6.396,6,D,59(E2),N,,
-6.442,-7.384,2,D,59(E2),Y,,
0,0,,D,60(E2),D,0,
-1.857,-1.181,3,D,60(E2),E,,
2.605,0.2465,1,D,60(E2),G,,
-0.501,-0.1642,6,D,60(E2),N,,
-5.366,-6.783,8,D,60(E2),Y,-7.323,1
-3.091,-3.187,4,S,61(E2),G,,
-1.335,-0.6606,10,S,61(E2),I,-0.5708,3
-1.319,-0.6472,11,S,61(E2),N,0.3314,2
-4.183,-5.283,3,S,61(E2),R,,
0,0,,S,61(E2),S,0,
2.892,0.2516,2,S,61(E2),T,,
0,0,,H,62(E2),H,0,
0.8621,0.152,1,H,62(E2),N,,
-0.3022,-0.08997,2,H,62(E2),Q,0.05748,1
-1.953,-1.299,2,H,62(E2),Y,,
0,0,,D,63(E2),D,0,
-8.728,-7.7,4,D,63(E2),G,-5.687,1
-4.619,-5.957,4,D,63(E2),N,,
-3.945,-4.861,2,D,63(E2),Y,,
-5.652,-6.999,25,W,64(E2),*,-8,3
-0.1376,-0.03787,7,W,64(E2),C,-0.4877,2
0.8605,0.1518,3,W,64(E2),L,,
1.23,0.1869,1,W,64(E2),R,,
0,0,,W,64(E2),W,0,
-2.976,-2.962,1,T,65(E2),A,,
-0.2735,-0.0803,1,T,65(E2),I,,
-1.989,-1.344,1,T,65(E2),K,,
0,0,,T,65(E2),T,0,
-5.429,-6.834,1,K,66(E2),*,,
0,0,,K,66(E2),K,0,
3.117,0.2546,2,K,66(E2),M,,
-0.4525,-0.1449,8,K,66(E2),N,,
-2.892,-2.803,1,K,66(E2),R,,
2.234,0.2374,2,K,66(E2),T,,
0,0,,L,67(E2),L,0,
-0.1037,-0.02809,3,L,67(E2),M,,
-0.7646,-0.2852,1,R,68(E2),G,,
-4.077,-5.099,6,R,68(E2),L,-6.877,2
-4.504,-5.794,1,R,68(E2),P,,
-4.85,-6.257,8,R,68(E2),Q,,
0,0,,R,68(E2),R,0,
-7.13,-7.556,26,R,68(E2),W,-8,4
-5.764,-7.07,2,Y,69(E2),*,,
-6.678,-7.456,1,Y,69(E2),C,,
-1.697,-1.001,1,Y,69(E2),D,,
1.191,0.1838,1,Y,69(E2),H,,
0,0,,Y,69(E2),Y,0,
-3.934,-4.841,1,M,70(E2),-,,
-7.367,-7.594,12,M,70(E2),I,,
1.294,0.1919,2,M,70(E2),L,,
0,0,,M,70(E2),M,0,
-6.687,-7.458,3,M,70(E2),T,,
-4.523,-5.822,1,D,71(E2),-,,
0,0,,D,71(E2),D,0,
-4.948,-6.371,1,D,71(E2),E,,
-3.102,-3.208,10,D,71(E2),G,-4.225,2
-3.892,-4.762,1,D,71(E2),H,,
-6.699,-7.462,9,D,71(E2),N,-2.723,1
-2.334,-1.834,7,D,71(E2),Y,-2.49,1
-0.3521,-0.1074,2,N,72(E2),K,,
0,0,,N,72(E2),N,0,
-0.6487,-0.2286,1,N,72(E2),S,,
0.6334,0.123,3,N,72(E2),Y,,
0,0,,H,73(E2),H,0,
-3.905,-4.787,1,H,73(E2),L,,
-1.705,-1.01,4,H,73(E2),N,,
-3.321,-3.643,2,H,73(E2),Q,,
-2.763,-2.562,1,H,73(E2),R,,
-3.199,-3.399,4,H,73(E2),Y,-4.262,1
0.6447,0.1245,22,M,74(E2),I,-0.06735,2
1.807,0.2218,2,M,74(E2),L,,
0,0,,M,74(E2),M,0,
-1.409,-0.7229,2,M,74(E2),T,-1.447,1
-1.12,-0.4982,4,M,74(E2),V,-0.8904,2
-1.538,-0.8407,1,P,75(E2),H,,
-1.582,-0.8835,5,P,75(E2),L,-0.9273,1
0,0,,P,75(E2),P,0,
-6.19,-7.289,1,P,75(E2),R,-7.453,1
0.04413,0.01115,10,P,75(E2),S,-0.106,2
0,0,,A,76(E2),A,0,
0.6582,0.1264,4,A,76(E2),D,,
-1.347,-0.6702,1,A,76(E2),S,,
-2.582,-2.241,26,A,76(E2),T,-2.942,5
-2.804,-2.637,30,A,76(E2),V,-3.111,4
0,0,,D,77(E2),D,0,
-6.117,-7.257,2,D,77(E2),G,-8,1
-1.924,-1.262,5,D,77(E2),N,-0.2119,2
-1.397,-0.7128,3,D,77(E2),Y,-0.389,1
0,0,,A,78(E2),A,0,
1.339,0.1951,1,A,78(E2),D,,
-1.682,-0.9849,8,A,78(E2),S,,
-0.9407,-0.3829,4,A,78(E2),T,,
-6.184,-7.286,36,A,78(E2),V,-8,3
-6.703,-7.463,7,E,79(E2),*,-8,1
0.4475,0.0942,3,E,79(E2),D,,
0,0,,E,79(E2),E,0,
-7.229,-7.573,1,E,79(E2),G,,
-8.548,-7.693,10,E,79(E2),K,,
1.769,0.2201,1,E,79(E2),V,,
-1.676,-0.979,2,R,80(E2),G,-1.338,1
-1.392,-0.708,7,R,80(E2),K,,
0.5941,0.1173,4,R,80(E2),M,1.84,1
0,0,,R,80(E2),R,0,
0.2267,0.05268,3,R,80(E2),S,,
2.624,0.2469,2,R,80(E2),W,,
0,0,,A,81(E2),A,0,
0.8085,0.1457,1,A,81(E2),D,,
-1.492,-0.7971,1,A,81(E2),P,,
-0.6017,-0.2072,1,A,81(E2),S,,
1.046,0.1711,19,A,81(E2),T,-0.5862,5
-1.335,-0.6604,14,A,81(E2),V,,
-2.566,-2.213,1,R,82(E2),*,,
-1.576,-0.8777,2,R,82(E2),G,,
-2.613,-2.293,3,R,82(E2),I,,
-1.413,-0.7262,5,R,82(E2),K,,
0,0,,R,82(E2),R,0,
-1.387,-0.7045,1,R,82(E2),S,,
0,0,,L,83(E2),L,0,
0.03055,0.007769,2,L,83(E2),M,,
0.3149,0.07033,1,L,83(E2),P,,
-5.144,-6.579,1,L,83(E2),Q,,
0,0,,F,84(E2),F,0,
-0.5691,-0.1929,1,F,84(E2),S,,
-2.778,-2.589,1,F,84(E2),V,,
-1.333,-0.659,4,F,84(E2),Y,-0.04808,1
-6.353,-7.353,2,V,85(E2),D,-8,1
-7.34,-7.59,3,V,85(E2),F,,
0.5956,0.1175,5,V,85(E2),I,,
0,0,,V,85(E2),V,0,
0.6148,0.1203,1,R,86(E2),G,,
-0.3656,-0.1122,1,R,86(E2),I,,
-1.228,-0.5762,4,R,86(E2),K,-1.382,1
0,0,,R,86(E2),R,0,
-6.298,-7.332,1,T,87(E2),K,-8,1
0,0,,T,87(E2),T,0,
-0.3923,-0.122,1,S,88(E2),C,,
-1.706,-1.01,4,S,88(E2),G,,
0.09253,0.02286,3,S,88(E2),I,0.8297,1
2.454,0.2432,4,S,88(E2),N,-0.4097,1
-0.5344,-0.178,2,S,88(E2),R,,
0,0,,S,88(E2),S,0,
0,0,,A,89(E2),A,0,
-4.728,-6.104,3,A,89(E2),D,,
2.293,0.2391,1,A,89(E2),P,,
-1.523,-0.8261,3,A,89(E2),S,,
0.811,0.146,13,A,89(E2),T,,
-0.3296,-0.0994,3,A,89(E2),V,0.7389,2
-3.462,-3.926,4,P,90(E2),H,,
1.158,0.1811,6,P,90(E2),L,,
0,0,,P,90(E2),P,0,
-1.93,-1.27,1,P,90(E2),R,,
2.753,0.2493,2,P,90(E2),T,1.028,1
-4.417,-5.663,3,C,91(E2),*,,
0,0,,C,91(E2),C,0,
-6.402,-7.37,10,C,91(E2),F,-8,2
-5.627,-6.981,5,C,91(E2),R,,
-2.916,-2.848,1,C,91(E2),S,,
-8.546,-7.693,11,C,91(E2),Y,-8,1
-1.104,-0.4873,1,T,92(E2),A,,
0.1199,0.02925,3,T,92(E2),I,,
-4.073,-5.091,7,T,92(E2),N,-8,1
2.473,0.2436,1,T,92(E2),S,,
0,0,,T,92(E2),T,0,
-6.865,-7.503,1,I,93(E2),-,,
0,0,,I,93(E2),I,0,
-1.345,-0.669,4,I,93(E2),T,-0.6566,1
0.03386,0.008599,9,T,94(E2),I,-0.3846,1
-7.16,-7.561,4,T,94(E2),N,-8,1
0,0,,T,94(E2),T,0,
-2.594,-2.26,1,T,94(E2),W,-2.559,1
4.415,0.2635,1,G,95(E2),A,,
1.57,0.2098,2,G,95(E2),C,,
-2.24,-1.692,51,G,95(E2),D,-3.127,4
0,0,,G,95(E2),G,0,
0.7097,0.1334,7,G,95(E2),S,-1.213,1
-2.778,-2.589,3,G,95(E2),V,-2.772,1
-0.5797,-0.1975,2,T,96(E2),I,,
-0.704,-0.2549,2,T,96(E2),N,,
2.106,0.2334,1,T,96(E2),S,,
0,0,,T,96(E2),T,0,
-1.127,-0.503,1,M,97(E2),-,,
-1.334,-0.6596,17,M,97(E2),I,-2.953,1
-1.965,-1.314,1,M,97(E2),K,-1.637,1
-0.5912,-0.2025,1,M,97(E2),L,,
0,0,,M,97(E2),M,0,
-1.851,-1.174,2,M,97(E2),T,,
-1.707,-1.012,2,M,97(E2),V,,
-2.505,-2.109,1,G,98(E2),-,,
2.344,0.2405,1,G,98(E2),A,,
-1.078,-0.4699,2,G,98(E2),C,,
-7.335,-7.589,27,G,98(E2),D,-8,2
0,0,,G,98(E2),G,0,
-2.052,-1.427,3,G,98(E2),S,,
-3.241,-3.483,8,G,98(E2),V,-3.202,1
-1.603,-0.904,1,H,99(E2),-,,
0,0,,H,99(E2),H,0,
-4.176,-5.271,1,H,99(E2),N,,
0.9055,0.1568,1,H,99(E2),Y,,
-2.077,-1.461,1,F,100(E2),-,,
0,0,,F,100(E2),F,0,
-1.996,-1.353,1,F,100(E2),I,,
-4.157,-5.238,6,F,100(E2),L,,
-6.706,-7.464,4,F,100(E2),S,,
-6.16,-7.276,1,F,100(E2),V,,
0,0,,I,101(E2),I,0,
-1.389,-0.7059,1,I,101(E2),N,,
-2.07,-1.451,1,I,101(E2),S,,
-0.1742,-0.04878,1,I,101(E2),T,,
-1.536,-0.8386,1,I,101(E2),V,,
-2.337,-1.839,1,L,102(E2),A,-2.162,1
0,0,,L,102(E2),L,0,
-1.681,-0.9841,2,L,102(E2),M,,
-7.101,-7.551,6,L,102(E2),P,-8,1
-1.306,-0.637,1,L,102(E2),V,,
0,0,,A,103(E2),A,0,
-2.54,-2.168,2,A,103(E2),D,-1.371,1
-2.494,-2.092,3,A,103(E2),S,,
-0.4253,-0.1343,37,A,103(E2),T,-1.24,4
-0.4593,-0.1475,5,A,103(E2),V,-0.2067,2
-5.71,-7.036,1,R,104(E2),G,,
-1.038,-0.4432,2,R,104(E2),I,-0.7145,1
0.2904,0.06556,5,R,104(E2),K,,
0,0,,R,104(E2),R,0,
-4.408,-5.648,1,R,104(E2),S,,
2.765,0.2495,1,R,104(E2),T,,
-0.3103,-0.09271,1,C,105(E2),*,,
0,0,,C,105(E2),C,0,
-7.023,-7.536,5,C,105(E2),F,-8,2
-2.62,-2.305,1,C,105(E2),R,,
-5.257,-6.687,7,C,105(E2),Y,,
-2.525,-2.143,2,P,106(E2),L,,
0,0,,P,106(E2),P,0,
2.297,0.2392,2,P,106(E2),S,,
-6.286,-7.328,1,K,107(E2),*,-8,1
-0.5087,-0.1674,1,K,107(E2),-,,
-0.7167,-0.2611,3,K,107(E2),E,,
0,0,,K,107(E2),K,0,
0.4959,0.1022,2,K,107(E2),M,,
0.1234,0.03005,3,K,107(E2),N,,
0.7488,0.1384,4,K,107(E2),R,0.493,1
-0.3692,-0.1135,1,G,108(E2),-,,
-4.907,-6.324,4,G,108(E2),C,,
-6.686,-7.458,6,G,108(E2),D,-8,1
0,0,,G,108(E2),G,0,
-1.446,-0.7555,1,G,108(E2),R,,
-2.455,-2.027,4,G,108(E2),S,-2.445,1
-5.568,-6.94,4,G,108(E2),V,,
-6.163,-7.277,3,E,109(E2),*,-8,1
-0.9648,-0.3974,1,E,109(E2),-,,
0.9267,0.159,4,E,109(E2),D,-0.4539,1
0,0,,E,109(E2),E,0,
-1.535,-0.8378,2,E,109(E2),G,,
-5.492,-6.883,10,E,109(E2),K,-8,1
-1.051,-0.4522,1,T,110(E2),-,,
1.207,0.1851,2,T,110(E2),A,0.8571,1
-0.7509,-0.2782,1,T,110(E2),I,,
-3.177,-3.357,2,T,110(E2),K,,
0.6349,0.1232,1,T,110(E2),R,,
0,0,,T,110(E2),T,0,
-0.3149,-0.09432,1,L,111(E2),-,,
0,0,,L,111(E2),L,0,
0.09202,0.02275,1,L,111(E2),M,,
-7.489,-7.61,5,L,111(E2),P,-8,1
-8.234,-7.677,2,L,111(E2),R,,
-0.523,-0.1733,1,T,112(E2),-,,
-3.648,-4.294,7,T,112(E2),I,,
-5.312,-6.736,1,T,112(E2),N,,
-6.161,-7.276,1,T,112(E2),P,-8,1
0,0,,T,112(E2),T,0,
0.04096,0.01037,1,V,113(E2),-,,
4.21,0.2628,3,V,113(E2),A,,
-1.442,-0.7524,1,V,113(E2),E,,
-1.998,-1.356,2,V,113(E2),L,,
-4.18,-5.278,10,V,113(E2),M,-2.73,2
0,0,,V,113(E2),V,0,
-0.6536,-0.2309,1,G,114(E2),-,,
-3.466,-3.933,6,G,114(E2),C,,
-5.958,-7.179,13,G,114(E2),D,,
0,0,,G,114(E2),G,0,
-6.612,-7.438,1,G,114(E2),R,,
-3.262,-3.525,2,G,114(E2),S,,
-2.801,-2.633,3,G,114(E2),V,,
-0.4211,-0.1328,1,F,115(E2),-,,
-8.984,-7.709,1,F,115(E2),C,,
0,0,,F,115(E2),F,0,
-6.708,-7.464,4,F,115(E2),I,-8,1
-0.4707,-0.152,2,F,115(E2),L,,
-6.472,-7.394,4,F,115(E2),S,,
-7.463,-7.607,2,F,115(E2),V,,
-0.2516,-0.07309,5,T,116(E2),A,,
-0.2833,-0.08356,16,T,116(E2),I,-0.6535,1
-1.268,-0.6072,2,T,116(E2),K,,
-0.5431,-0.1817,1,T,116(E2),S,,
0,0,,T,116(E2),T,0,
0,0,,D,117(E2),D,0,
-3.271,-3.543,2,D,117(E2),E,,
-1.69,-0.9937,1,D,117(E2),G,,
7.713,0.2667,2,D,117(E2),N,,
-4.572,-5.892,5,D,117(E2),Y,,
1.772,0.2202,5,G,118(E2),C,,
-0.2747,-0.08069,32,G,118(E2),D,-1.257,3
0,0,,G,118(E2),G,0,
0.944,0.1609,5,G,118(E2),S,,
0.067,0.01675,3,G,118(E2),V,,
-2.912,-2.839,2,R,119(E2),I,-3.1,1
-7.672,-7.631,6,R,119(E2),K,-8,1
0,0,,R,119(E2),R,0,
-0.2487,-0.07215,1,K,120(E2),*,,
1.689,0.2162,2,K,120(E2),E,0.4541,1
0,0,,K,120(E2),K,0,
-0.7715,-0.2888,1,K,120(E2),M,,
-4.017,-4.993,1,K,120(E2),N,-5.306,1
-0.8624,-0.3377,1,K,120(E2),T,,
-0.3726,-0.1147,1,I,121(E2),F,,
0,0,,I,121(E2),I,0,
-2.708,-2.463,1,I,121(E2),S,-2.77,1
5.204,0.2653,1,I,121(E2),T,,
-0.7949,-0.3011,2,I,121(E2),V,-1,1
-0.7903,-0.2986,1,S,122(E2),C,,
1.474,0.2041,18,S,122(E2),G,0.1417,1
-1.792,-1.106,3,S,122(E2),I,,
-1.559,-0.8604,6,S,122(E2),N,,
-3.62,-4.238,1,S,122(E2),R,,
0,0,,S,122(E2),S,0,
0.5658,0.1131,1,S,122(E2),T,,
0,0,,H,123(E2),H,0,
-2.101,-1.494,2,H,123(E2),N,,
-1.193,-0.5503,1,H,123(E2),Q,,
-5.475,-6.87,1,H,123(E2),Y,,
-3.969,-4.905,1,S,124(E2),C,,
-0.6794,-0.2431,7,S,124(E2),G,,
1.457,0.2031,2,S,124(E2),I,,
-6.91,-7.513,5,S,124(E2),N,-8,1
-2.807,-2.643,1,S,124(E2),R,,
0,0,,S,124(E2),S,0,
-1.901,-1.234,2,C,125(E2),*,,
0,0,,C,125(E2),C,0,
-6.733,-7.471,4,C,125(E2),F,-8,1
-4.89,-6.305,4,C,125(E2),R,,
-6.644,-7.447,39,C,125(E2),Y,-8,6
-1.263,-0.6031,1,T,126(E2),A,,
-0.0006187,-0.0001594,9,T,126(E2),I,-0.156,4
-0.07074,-0.01886,1,T,126(E2),Q,,
0,0,,T,126(E2),T,0,
0,0,,H,127(E2),H,0,
-6.381,-7.363,3,H,127(E2),N,,
-0.7186,-0.2621,3,H,127(E2),Q,,
-2.449,-2.016,1,H,127(E2),R,,
-3.303,-3.607,11,H,127(E2),Y,,
-0.3959,-0.1233,1,P,128(E2),-,,
0,0,,P,128(E2),P,0,
0.6431,0.1243,4,P,128(E2),S,,
-1.282,-0.6178,1,P,128(E2),T,,
-2.9,-2.818,2,F,129(E2),-,,
0,0,,F,129(E2),F,0,
-7.134,-7.557,3,F,129(E2),I,-8,1
-3.07,-3.145,8,F,129(E2),L,-2.826,1
-5.742,-7.057,14,F,129(E2),S,,
-0.5833,-0.199,1,F,129(E2),Y,,
-2.995,-3,1,H,130(E2),-,,
0,0,,H,130(E2),H,0,
1.606,0.2118,3,H,130(E2),N,,
-2.297,-1.778,1,H,130(E2),Q,,
-1.802,-1.117,7,H,130(E2),Y,-1.885,4
-0.3463,-0.1053,1,H,131(E2),D,,
0,0,,H,131(E2),H,0,
-0.4328,-0.1372,2,H,131(E2),N,,
3.243,0.2561,1,H,131(E2),P,,
-2.472,-2.055,3,H,131(E2),Q,,
-1.444,-0.754,3,H,131(E2),R,,
-6.431,-7.38,3,H,131(E2),Y,,
0,0,,D,132(E2),D,0,
-3.538,-4.077,1,D,132(E2),E,,
-5.394,-6.806,1,D,132(E2),G,,
-0.5534,-0.1861,1,D,132(E2),H,,
-0.2002,-0.05675,2,D,132(E2),N,,
-0.1327,-0.03643,1,D,132(E2),V,,
-1.555,-0.8569,3,D,132(E2),Y,,
-2.244,-1.698,9,P,133(E2),L,,
0,0,,P,133(E2),P,0,
9.34,0.2668,3,P,133(E2),S,,
-0.3966,-0.1236,1,P,133(E2),T,,
-0.2238,-0.06415,6,P,134(E2),L,0.222,1
0,0,,P,134(E2),P,0,
-2.203,-1.637,1,P,134(E2),Q,,
-0.2864,-0.08461,1,P,134(E2),R,,
-1.009,-0.4249,4,P,134(E2),S,-0.05985,1
-1.829,-1.148,4,P,134(E2),T,-0.6333,1
-1.88,-1.209,1,V,135(E2),A,-1.539,1
-3.342,-3.685,1,V,135(E2),E,,
-2.922,-2.859,1,V,135(E2),G,,
-1.115,-0.4947,3,V,135(E2),L,-4.159,2
-2.136,-1.543,2,V,135(E2),M,-1.839,1
0,0,,V,135(E2),V,0,
0,0,,I,136(E2),I,0,
-0.7261,-0.2658,1,I,136(E2),L,,
-5.642,-6.992,1,I,136(E2),N,,
-0.7065,-0.2561,1,I,136(E2),T,,
0.03247,0.00825,1,I,136(E2),V,,
-6.816,-7.491,1,G,137(E2),A,-8,1
-3.596,-4.192,2,G,137(E2),C,,
-5.251,-6.682,15,G,137(E2),D,-5.19,1
0,0,,G,137(E2),G,0,
-6.677,-7.456,2,G,137(E2),S,-8,1
-4.752,-6.136,3,G,137(E2),V,,
0.2949,0.06646,1,R,138(E2),-,,
4.267,0.263,3,R,138(E2),G,,
-8.593,-7.695,7,R,138(E2),I,-8,1
-4.237,-5.375,2,R,138(E2),K,,
0,0,,R,138(E2),R,0,
-9.583,-7.722,5,E,139(E2),*,,
-0.08053,-0.02157,1,E,139(E2),-,,
-7.197,-7.568,4,E,139(E2),D,,
0,0,,E,139(E2),E,0,
-6.61,-7.437,4,E,139(E2),K,-8,1
-0.7596,-0.2827,1,K,140(E2),-,,
-1.623,-0.9244,6,K,140(E2),E,-2.335,1
0,0,,K,140(E2),K,0,
2.357,0.2408,1,K,140(E2),M,,
-1.698,-1.002,5,K,140(E2),N,,
-3.817,-4.62,1,K,140(E2),Q,,
-6.961,-7.523,3,K,140(E2),R,,
0.1053,0.02586,1,F,141(E2),-,,
0,0,,F,141(E2),F,0,
-3.779,-4.549,5,F,141(E2),L,-4.839,1
-3.225,-3.452,2,F,141(E2),S,,
0,0,,H,142(E2),H,0,
0.7154,0.1341,1,H,142(E2),N,,
-2.227,-1.672,2,H,142(E2),Q,-2.027,1
-0.6506,-0.2295,1,H,142(E2),R,,
1.452,0.2027,5,H,142(E2),Y,0.5852,1
-0.718,-0.2618,1,S,143(E2),-,,
2.093,0.2329,7,S,143(E2),G,0.3499,4
-3.341,-3.682,5,S,143(E2),I,-3.37,1
-4.446,-5.707,15,S,143(E2),N,-5.242,2
-5.432,-6.837,1,S,143(E2),R,,
0,0,,S,143(E2),S,0,
-4.395,-5.629,1,R,144(E2),*,,
-3.289,-3.58,4,R,144(E2),G,-3.731,1
-1.793,-1.107,2,R,144(E2),K,,
0,0,,R,144(E2),R,0,
-1.595,-0.896,1,P,145(E2),H,,
-2.998,-3.005,2,P,145(E2),L,,
0,0,,P,145(E2),P,0,
-1.403,-0.7176,2,P,145(E2),S,,
-2.87,-2.761,3,P,145(E2),T,,
1.137,0.1793,5,Q,146(E2),H,0.3589,1
-4.264,-5.418,2,Q,146(E2),K,,
1.536,0.2078,1,Q,146(E2),L,,
1.66,0.2147,2,Q,146(E2),P,,
0,0,,Q,146(E2),Q,0,
-5.397,-6.809,5,Q,146(E2),R,,
0,0,,H,147(E2),H,0,
-2.725,-2.493,5,H,147(E2),Q,,
1.608,0.212,9,H,147(E2),Y,0.6071,1
-8.49,-7.69,6,G,148(E2),*,,
-3.095,-3.195,1,G,148(E2),A,,
-6.295,-7.331,14,G,148(E2),E,-8,1
0,0,,G,148(E2),G,0,
-10.87,-7.733,4,G,148(E2),R,,
-4.972,-6.399,4,G,148(E2),V,,
0.2942,0.06632,2,R,149(E2),I,,
-0.7848,-0.2957,7,R,149(E2),K,,
0,0,,R,149(E2),R,0,
-5.607,-6.968,2,E,150(E2),*,,
1.941,0.2274,3,E,150(E2),D,0.1404,2
0,0,,E,150(E2),E,0,
-4.371,-5.591,8,E,150(E2),K,-6.35,2
0,0,,L,151(E2),L,0,
-0.2462,-0.07134,1,L,151(E2),M,,
-12.58,-7.737,1,L,151(E2),R,-8,1
-0.6156,-0.2134,1,P,152(E2),A,,
-2.656,-2.369,3,P,152(E2),H,-1.821,1
0,0,,P,152(E2),P,0,
-0.9271,-0.3749,11,P,152(E2),S,-1.942,2
-4.283,-5.45,2,C,153(E2),*,,
0,0,,C,153(E2),C,0,
-7.004,-7.532,9,C,153(E2),F,-8,2
-5.307,-6.732,2,C,153(E2),R,,
-6.82,-7.492,4,C,153(E2),Y,,
-5.882,-7.139,4,S,154(E2),G,,
-6.716,-7.466,4,S,154(E2),I,-8,1
-7.241,-7.575,6,S,154(E2),N,,
-6.801,-7.488,2,S,154(E2),R,-8,1
0,0,,S,154(E2),S,0,
0.03869,0.009803,1,S,154(E2),T,,
-0.834,-0.322,1,T,155(E2),A,,
-6.389,-7.366,4,T,155(E2),I,-8,1
0,0,,T,155(E2),T,0,
-10.16,-7.729,8,Y,156(E2),*,,
-6.209,-7.296,9,Y,156(E2),C,,
-7.038,-7.539,3,Y,156(E2),H,-8,1
0,0,,Y,156(E2),Y,0,
0,0,,A,157(E2),A,0,
0.6797,0.1294,1,A,157(E2),S,,
5.992,0.2662,7,A,157(E2),T,,
-1.927,-1.266,7,A,157(E2),V,,
-2.598,-2.267,4,Q,158(E2),*,,
0.1215,0.02963,1,Q,158(E2),-,,
-3.137,-3.277,1,Q,158(E2),E,,
-0.1286,-0.03523,2,Q,158(E2),H,,
1.35,0.1959,3,Q,158(E2),K,,
0,0,,Q,158(E2),Q,0,
-0.9027,-0.3606,3,Q,158(E2),R,,
-0.63,-0.22,1,S,159(E2),-,,
-0.3299,-0.09952,2,S,159(E2),G,,
2.857,0.251,1,S,159(E2),I,,
-1.928,-1.267,20,S,159(E2),N,-2.346,2
-3.235,-3.472,3,S,159(E2),R,,
0,0,,S,159(E2),S,0,
0.7163,0.1342,1,T,160(E2),-,,
-1.159,-0.5256,1,T,160(E2),A,,
-0.5191,-0.1716,5,T,160(E2),I,-0.4611,1
-2.828,-2.681,3,T,160(E2),K,-2.584,1
2.226,0.2372,1,T,160(E2),P,,
0.06278,0.01573,1,T,160(E2),R,,
0,0,,T,160(E2),T,0,
-0.3805,-0.1176,1,A,161(E2),-,,
0,0,,A,161(E2),A,0,
-3.445,-3.892,3,A,161(E2),D,,
-2.298,-1.779,1,A,161(E2),G,,
-1.614,-0.9153,2,A,161(E2),S,,
-0.5918,-0.2028,13,A,161(E2),T,-0.5459,2
-0.6116,-0.2116,18,A,161(E2),V,-1.641,1
0.04285,0.01083,1,A,162(E2),-,,
0,0,,A,162(E2),A,0,
-1.699,-1.003,4,A,162(E2),D,-1.443,1
1.329,0.1944,1,A,162(E2),S,,
-0.459,-0.1474,36,A,162(E2),T,-1.987,7
3.342,0.2571,3,A,162(E2),V,0.4269,1
-0.1936,-0.05471,1,T,163(E2),-,,
-2.348,-1.856,2,T,163(E2),A,-2.703,1
-4.314,-5.501,7,T,163(E2),I,,
-1.168,-0.5321,2,T,163(E2),K,-0.8223,1
0,0,,T,163(E2),T,0,
0.09581,0.02364,1,A,164(E2),-,,
0,0,,A,164(E2),A,0,
0.09712,0.02395,7,A,164(E2),S,,
4.69,0.2643,10,A,164(E2),T,-4.468,2
-2.161,-1.577,14,A,164(E2),V,-2.059,1
-3.021,-3.05,2,E,165(E2),*,,
0.06924,0.0173,1,E,165(E2),-,,
-1.024,-0.4343,4,E,165(E2),D,0.7109,1
0,0,,E,165(E2),E,0,
-0.4941,-0.1614,1,E,165(E2),G,,
-7.351,-7.591,8,E,165(E2),K,-8,1
-4.363,-5.578,3,E,166(E2),*,,
-0.7132,-0.2594,1,E,166(E2),-,,
-1.424,-0.7364,5,E,166(E2),D,,
0,0,,E,166(E2),E,0,
-3.458,-3.917,3,E,166(E2),G,,
-2.138,-1.545,4,E,166(E2),K,,
-0.06662,-0.01773,1,I,167(E2),-,,
0,0,,I,167(E2),I,0,
-7.348,-7.591,3,E,168(E2),*,-8,1
-0.8157,-0.3121,1,E,168(E2),-,,
-1.337,-0.6626,2,E,168(E2),A,-1.007,1
0.145,0.03499,3,E,168(E2),D,,
0,0,,E,168(E2),E,0,
-3.266,-3.534,14,E,168(E2),G,-3.137,1
-5.415,-6.823,4,E,168(E2),K,-8,1
-6.74,-7.472,4,E,168(E2),V,,
-0.4019,-0.1255,1,V,169(E2),-,,
0.1834,0.04347,1,V,169(E2),A,,
-2.298,-1.779,1,V,169(E2),E,,
2.434,0.2427,1,V,169(E2),L,,
-3.57,-4.14,5,V,169(E2),M,,
0,0,,V,169(E2),V,0,
-0.309,-0.09227,1,H,170(E2),-,,
0,0,,H,170(E2),H,0,
-0.9175,-0.3692,1,H,170(E2),L,,
-1.164,-0.529,2,H,170(E2),N,,
-2.008,-1.369,3,H,170(E2),Q,-1.673,1
-4.249,-5.395,1,H,170(E2),R,,
-1.864,-1.189,19,H,170(E2),Y,-1.129,4
-0.08669,-0.02329,1,M,171(E2),-,,
-5.646,-6.994,13,M,171(E2),I,-8,1
-2.111,-1.507,3,M,171(E2),K,,
0,0,,M,171(E2),M,0,
4.347,0.2633,1,M,171(E2),R,,
0.1398,0.0338,1,P,172(E2),-,,
-2.001,-1.36,1,P,172(E2),H,,
-6.143,-7.268,4,P,172(E2),L,-8,1
0,0,,P,172(E2),P,0,
-3.639,-4.277,11,P,172(E2),S,-4.128,5
-6.182,-7.285,1,P,172(E2),T,-8,1
0.1528,0.03672,1,P,173(E2),-,,
-4.168,-5.258,9,P,173(E2),L,,
0,0,,P,173(E2),P,0,
-3.944,-4.858,4,P,173(E2),Q,-4.838,1
-4.41,-5.652,1,P,173(E2),T,,
0.2304,0.05345,1,D,174(E2),-,,
-3.834,-4.653,2,D,174(E2),A,,
0,0,,D,174(E2),D,0,
-2.15,-1.561,3,D,174(E2),E,,
-5.787,-7.084,5,D,174(E2),G,,
-1.666,-0.9681,1,D,174(E2),H,,
-3.594,-4.187,6,D,174(E2),N,-3.532,1
-4.78,-6.171,1,D,174(E2),Y,,
-2.233,-1.681,1,T,175(E2),-,,
-3.841,-4.666,2,T,175(E2),I,,
0,0,,T,175(E2),T,0,
-0.1836,-0.05163,1,P,176(E2),-,,
-1.895,-1.227,3,P,176(E2),H,,
-4.271,-5.431,2,P,176(E2),L,,
0,0,,P,176(E2),P,0,
-5.322,-6.745,9,P,176(E2),S,-6.088,2
-3.595,-4.189,1,P,176(E2),T,,
-0.3155,-0.09452,1,D,177(E2),-,,
0,0,,D,177(E2),D,0,
-6.643,-7.446,1,D,177(E2),E,-8,1
-8.016,-7.662,10,D,177(E2),N,-8,1
-6.718,-7.467,6,D,177(E2),Y,-8,1
0.5468,0.1102,1,R,178(E2),-,,
-1.284,-0.6194,5,R,178(E2),G,-0.7607,1
0.1682,0.04013,3,R,178(E2),I,,
-2.202,-1.636,7,R,178(E2),K,,
0,0,,R,178(E2),R,0,
0.2824,0.064,1,R,178(E2),T,,
-0.6045,-0.2084,1,T,179(E2),-,,
-4.076,-5.098,2,T,179(E2),A,,
-4.017,-4.993,7,T,179(E2),I,-5.339,1
-0.09729,-0.02627,2,T,179(E2),N,,
0,0,,T,179(E2),T,0,
-1.174,-0.5363,1,L,180(E2),-,,
0,0,,L,180(E2),L,0,
-1.732,-1.039,9,L,180(E2),M,-1.558,3
-9.926,-7.726,12,L,180(E2),P,-8,1
-1.174,-0.5362,4,L,180(E2),Q,,
-4.703,-6.072,3,L,180(E2),R,-6.445,1
-0.9544,-0.3911,1,M,181(E2),-,,
0.2069,0.04851,7,M,181(E2),I,,
-4.842,-6.247,5,M,181(E2),K,-6.578,1
0,0,,M,181(E2),M,0,
-6.451,-7.387,1,M,181(E2),R,,
-1.316,-0.6451,4,M,181(E2),V,-0.9838,1
-0.9423,-0.3839,1,S,182(E2),-,,
0.4137,0.0884,3,S,182(E2),F,-0.1723,1
-6.65,-7.448,2,S,182(E2),P,,
0,0,,S,182(E2),S,0,
-1.455,-0.7639,1,S,182(E2),Y,,
-6.826,-7.494,6,Q,183(E2),*,-8,1
-0.3564,-0.1089,2,Q,183(E2),H,,
-3.563,-4.126,1,Q,183(E2),K,,
0,0,,Q,183(E2),Q,0,
-4.965,-6.391,2,Q,183(E2),R,,
-7.528,-7.615,12,Q,184(E2),*,-8,1
-0.7468,-0.2762,1,Q,184(E2),H,,
-6.18,-7.285,4,Q,184(E2),K,-7.929,1
-1.344,-0.6679,1,Q,184(E2),L,-0.9977,1
-0.1398,-0.03852,1,Q,184(E2),P,,
0,0,,Q,184(E2),Q,0,
-2.352,-1.862,1,Q,184(E2),R,,
-3.321,-3.643,1,S,185(E2),C,-3.951,1
2.069,0.2321,1,S,185(E2),G,,
-0.9493,-0.3881,6,S,185(E2),I,,
2.098,0.2331,6,S,185(E2),N,,
-0.3359,-0.1016,2,S,185(E2),R,,
0,0,,S,185(E2),S,0,
-4.706,-6.075,1,G,186(E2),C,-6.454,1
-0.1599,-0.04446,22,G,186(E2),D,-0.2713,2
0,0,,G,186(E2),G,0,
0.3415,0.07536,6,G,186(E2),S,-0.002002,1
-1.507,-0.8111,2,G,186(E2),V,,
-0.6551,-0.2316,2,N,187(E2),D,,
-1.54,-0.8426,1,N,187(E2),G,-1.238,1
-2.405,-1.946,2,N,187(E2),K,-2.24,1
0,0,,N,187(E2),N,0,
-2.526,-2.145,1,N,187(E2),S,-2.455,1
1.298,0.1922,2,V,188(E2),A,,
-2.705,-2.457,7,V,188(E2),L,,
-6.631,-7.443,16,V,188(E2),M,-8,1
0,0,,V,188(E2),V,0,
-2.929,-2.872,3,K,189(E2),E,,
0,0,,K,189(E2),K,0,
-0.5557,-0.1871,2,K,189(E2),N,,
0,0,,I,190(E2),I,0,
-6.119,-7.258,1,I,190(E2),T,-8,1
-1.239,-0.5849,10,T,191(E2),A,-0.1448,1
-0.8464,-0.3288,16,T,191(E2),I,-3.728,1
-0.8187,-0.3137,1,T,191(E2),N,,
0,0,,T,191(E2),T,0,
2.738,0.249,2,V,192(E2),A,0.0337,1
-6.342,-7.349,8,V,192(E2),L,-8,1
-4.748,-6.13,12,V,192(E2),M,,
0,0,,V,192(E2),V,0,
-1.066,-0.462,2,N,193(E2),K,-3.613,1
0,0,,N,193(E2),N,0,
0.1247,0.03036,2,N,193(E2),S,,
-8.288,-7.68,1,S,194(E2),-,,
2.763,0.2495,2,S,194(E2),G,,
-5.171,-6.606,3,S,194(E2),I,,
-1.199,-0.5545,30,S,194(E2),N,-1.935,5
0.8226,0.1474,1,S,194(E2),R,,
0,0,,S,194(E2),S,0,
0.6405,0.124,1,S,194(E2),T,,
-4.894,-6.309,4,Q,195(E2),*,-6.596,2
-1.258,-0.5993,4,Q,195(E2),H,,
3.031,0.2536,2,Q,195(E2),K,,
3.384,0.2575,2,Q,195(E2),L,,
0,0,,Q,195(E2),Q,0,
-3.862,-4.706,2,Q,195(E2),R,,
-0.6346,-0.2221,7,T,196(E2),A,-4.007,1
-1.336,-0.6618,5,T,196(E2),I,-0.8215,1
-1.616,-0.9168,1,T,196(E2),N,,
1.637,0.2135,1,T,196(E2),S,,
0,0,,T,196(E2),T,0,
-6.652,-7.449,1,V,197(E2),A,-8,1
-7.605,-7.624,4,V,197(E2),L,-8,1
-8.033,-7.663,17,V,197(E2),M,-7.038,2
0,0,,V,197(E2),V,0,
-4.22,-5.346,1,R,198(E2),G,,
-4.592,-5.921,2,R,198(E2),L,,
-5.083,-6.517,6,R,198(E2),Q,-8,1
0,0,,R,198(E2),R,0,
-3.185,-3.371,27,R,198(E2),W,-3.335,3
-0.5407,-0.1807,2,Y,199(E2),C,,
-2.212,-1.65,2,Y,199(E2),H,,
0,0,,Y,199(E2),Y,0,
-0.7489,-0.2772,1,K,200(E2),*,,
0,0,,K,200(E2),K,0,
-2.881,-2.781,2,K,200(E2),M,-2.594,1
-1.177,-0.5388,1,K,200(E2),N,,
-0.6641,-0.2358,3,K,200(E2),R,-0.08377,1
-3.052,-3.109,2,K,200(E2),T,,
0,0,,C,201(E2),C,0,
-2.948,-2.908,2,C,201(E2),F,,
-1.498,-0.8032,1,C,201(E2),G,,
-3.736,-4.465,1,C,201(E2),R,,
-7.002,-7.532,2,C,201(E2),S,,
-6.788,-7.484,13,C,201(E2),Y,-8,1
0.584,0.1158,8,N,202(E2),D,,
0.03929,0.009952,1,N,202(E2),I,,
0.4028,0.08648,3,N,202(E2),K,,
0,0,,N,202(E2),N,0,
2.788,0.2499,2,N,202(E2),S,0.5895,2
-4.372,-5.593,2,C,203(E2),*,,
0,0,,C,203(E2),C,0,
-4.045,-5.042,5,C,203(E2),F,-5.314,1
-4.269,-5.426,1,C,203(E2),G,,
-0.175,-0.04903,4,C,203(E2),R,,
-5.409,-6.818,3,C,203(E2),S,,
-6.918,-7.514,2,C,203(E2),Y,,
-2.526,-2.145,6,G,204(E2),C,,
-2.06,-1.438,8,G,204(E2),D,-2.097,1
0,0,,G,204(E2),G,0,
-2.145,-1.555,9,G,204(E2),S,-2.22,3
2.905,0.2518,1,G,204(E2),V,,
0,0,,D,205(E2),D,0,
0.9188,0.1582,1,D,205(E2),E,,
1.34,0.1952,11,D,205(E2),N,-0.5429,2
-0.9081,-0.3637,3,D,205(E2),Y,,
0.5975,0.1178,4,S,206(E2),-,-1.235,1
-1.101,-0.4855,1,S,206(E2),C,,
-0.02807,-0.007337,5,S,206(E2),G,1.494,1
0.8866,0.1547,4,S,206(E2),I,,
-0.08342,-0.02238,4,S,206(E2),N,,
3.411,0.2578,2,S,206(E2),R,,
0,0,,S,206(E2),S,0,
-1.386,-0.7035,2,S,206(E2),T,,
-0.001964,-0.0005072,5,N,207(E2),D,0.4053,1
-3.195,-3.392,1,N,207(E2),I,,
2.756,0.2493,2,N,207(E2),K,,
0,0,,N,207(E2),N,0,
-8.807,-7.703,3,E,208(E2),*,,
-0.5221,-0.1729,13,E,208(E2),D,-0.7206,1
0,0,,E,208(E2),E,0,
-0.4651,-0.1498,9,E,208(E2),G,-0.01933,1
-2.604,-2.278,4,E,208(E2),K,-2.565,1
-6.928,-7.516,5,G,209(E2),C,,
-2.396,-1.931,22,G,209(E2),D,-1.927,4
0,0,,G,209(E2),G,0,
-2.906,-2.829,11,G,209(E2),S,-3.449,1
-1.958,-1.305,3,G,209(E2),V,-1.615,2
0,0,,L,210(E2),L,0,
0.4316,0.09149,2,L,210(E2),M,,
-5.752,-7.063,5,L,210(E2),P,,
-1.558,-0.8593,1,L,210(E2),Q,,
-0.3208,-0.09634,1,L,210(E2),R,,
-2.002,-1.361,3,T,211(E2),A,-1.669,2
-1.44,-0.7502,11,T,211(E2),I,,
-6.994,-7.53,4,T,211(E2),N,,
-2.642,-2.345,1,T,211(E2),S,,
0,0,,T,211(E2),T,0,
2.678,0.2479,4,T,212(E2),I,,
-1.004,-0.4219,1,T,212(E2),N,,
-5.97,-7.186,1,T,212(E2),P,,
1.566,0.2096,1,T,212(E2),S,,
0,0,,T,212(E2),T,0,
5.03,0.2651,1,T,213(E2),A,,
-0.4153,-0.1306,1,T,213(E2),I,,
-0.7414,-0.2734,3,T,213(E2),N,,
0,0,,T,213(E2),T,0,
0,0,,D,214(E2),D,0,
-4.206,-5.323,3,D,214(E2),E,,
-1.02,-0.4317,1,D,214(E2),G,,
-3.866,-4.713,12,D,214(E2),N,,
-6.777,-7.482,6,D,214(E2),Y,-8,1
-1.077,-0.4692,2,K,215(E2),-,,
-2.039,-1.41,4,K,215(E2),E,,
1.863,0.2242,1,K,215(E2),I,,
0,0,,K,215(E2),K,0,
-5.091,-6.526,2,K,215(E2),N,,
-5.972,-7.187,1,K,215(E2),R,,
-2.63,-2.324,1,K,215(E2),S,-2.625,1
-0.8524,-0.3321,2,V,216(E2),-,,
-0.8102,-0.3091,1,V,216(E2),L,,
-0.05659,-0.01499,6,V,216(E2),M,,
0,0,,V,216(E2),V,0,
-1.535,-0.8373,2,I,217(E2),-,,
-2.457,-2.03,1,I,217(E2),F,,
0,0,,I,217(E2),I,0,
-6.679,-7.456,1,I,217(E2),S,-8,1
-2.227,-1.673,2,I,217(E2),V,,
-1.778,-1.09,4,N,218(E2),-,,
-1.402,-0.7168,1,N,218(E2),D,,
-0.06847,-0.01824,1,N,218(E2),I,,
-0.996,-0.4167,1,N,218(E2),K,,
0,0,,N,218(E2),N,0,
0.4367,0.09237,1,N,218(E2),S,,
-1.701,-1.006,1,N,219(E2),-,,
-0.7234,-0.2644,1,N,219(E2),D,,
-4.691,-6.056,1,N,219(E2),K,,
0,0,,N,219(E2),N,0,
-6.699,-7.462,3,C,220(E2),*,-8,1
-0.01732,-0.004503,1,C,220(E2),-,,
0,0,,C,220(E2),C,0,
-0.1798,-0.05049,3,C,220(E2),F,,
-6.483,-7.398,3,C,220(E2),R,,
-0.8541,-0.3331,1,C,220(E2),S,,
-7.939,-7.656,14,C,220(E2),Y,-8,2
0.9679,0.1633,1,K,221(E2),E,,
0,0,,K,221(E2),K,0,
1.895,0.2256,1,K,221(E2),M,,
-2.078,-1.462,3,K,221(E2),N,,
-0.9704,-0.4009,2,K,221(E2),R,,
-0.7206,-0.2631,1,V,222(E2),A,,
-5.706,-7.034,3,V,222(E2),L,,
0,0,,V,222(E2),V,0,
0,0,,D,223(E2),D,0,
0.0155,0.003969,3,D,223(E2),E,,
0.68,0.1294,3,D,223(E2),G,,
-1.827,-1.146,5,D,223(E2),N,-1.536,2
-2.553,-2.191,5,D,223(E2),Y,-2.49,2
-7.662,-7.63,7,Q,224(E2),*,-8,1
-0.08972,-0.02414,3,Q,224(E2),H,,
-2.969,-2.95,2,Q,224(E2),K,,
0.9518,0.1617,1,Q,224(E2),L,,
-6.901,-7.511,1,Q,224(E2),P,,
0,0,,Q,224(E2),Q,0,
-1.366,-0.6862,1,C,225(E2),*,,
0,0,,C,225(E2),C,0,
-6.682,-7.457,4,C,225(E2),F,-8,1
-9.742,-7.724,2,C,225(E2),S,-8,1
-6.72,-7.467,15,C,225(E2),Y,-8,1
-5.587,-6.953,1,H,226(E2),D,,
0,0,,H,226(E2),H,0,
-3.133,-3.269,3,H,226(E2),L,,
-2.547,-2.181,1,H,226(E2),N,,
-2.781,-2.594,4,H,226(E2),Q,-2.899,2
-2.854,-2.731,2,H,226(E2),R,,
-0.4112,-0.129,1,H,226(E2),Y,,
0,0,,A,227(E2),A,0,
-1.175,-0.5374,1,A,227(E2),D,,
-2.219,-1.661,7,A,227(E2),S,,
-0.709,-0.2574,16,A,227(E2),T,-0.4356,4
0.09535,0.02353,8,A,227(E2),V,-0.1883,1
0,0,,A,228(E2),A,0,
-1.754,-1.063,3,A,228(E2),D,,
6.693,0.2665,1,A,228(E2),P,,
-1.16,-0.5267,5,A,228(E2),S,,
-2.528,-2.149,16,A,228(E2),T,-2.617,2
-0.2971,-0.08823,3,A,228(E2),V,-8,1
-2.027,-1.393,1,V,229(E2),A,,
-2.994,-2.997,3,V,229(E2),E,,
-0.8808,-0.348,1,V,229(E2),G,,
-3.591,-4.182,5,V,229(E2),L,,
-4.217,-5.341,13,V,229(E2),M,-4.701,1
0,0,,V,229(E2),V,0,
-10.26,-7.73,8,T,230(E2),A,-8,1
-6.651,-7.448,8,T,230(E2),I,-8,1
0,0,,T,230(E2),T,0,
1.443,0.2022,2,N,231(E2),D,,
-1.266,-0.6052,1,N,231(E2),H,-0.9325,1
-6.027,-7.214,1,N,231(E2),I,,
0,0,,N,231(E2),N,0,
0,0,,H,232(E2),H,0,
-6.295,-7.331,2,H,232(E2),N,,
-0.5644,-0.1908,1,H,232(E2),Q,,
-5.471,-6.867,3,H,232(E2),Y,-7.119,1
-5.116,-6.552,3,K,233(E2),*,,
-2.275,-1.744,6,K,233(E2),E,-1.53,2
0,0,,K,233(E2),K,0,
-3.308,-3.617,3,K,233(E2),M,,
0.9736,0.1639,3,K,233(E2),N,,
2.384,0.2415,4,K,233(E2),R,-1.496,1
-3.897,-4.772,1,K,234(E2),E,,
-2.244,-1.697,1,K,234(E2),H,-2.01,1
0,0,,K,234(E2),K,0,
-2.22,-1.663,3,K,234(E2),N,,
-2.409,-1.952,1,K,234(E2),T,,
-6.85,-7.499,13,W,235(E2),*,-8,3
-6.066,-7.233,5,W,235(E2),C,,
-0.8786,-0.3468,1,W,235(E2),F,,
-3.843,-4.67,2,W,235(E2),L,,
-2.823,-2.672,1,W,235(E2),R,,
0,0,,W,235(E2),W,0,
-9.475,-7.72,55,Q,236(E2),*,-8,6
-6.58,-7.428,1,Q,236(E2),H,,
-8.457,-7.689,2,Q,236(E2),K,-8,1
0,0,,Q,236(E2),Q,0,
-7.69,-7.633,4,Q,236(E2),R,,
-0.4127,-0.1296,1,Y,237(E2),*,,
-2.114,-1.512,1,Y,237(E2),H,,
0,0,,Y,237(E2),Y,0,
-0.1088,-0.02954,2,N,238(E2),D,,
-2.227,-1.673,1,N,238(E2),I,,
-4.774,-6.163,5,N,238(E2),K,,
0,0,,N,238(E2),N,0,
-5.4,-6.811,4,S,239(E2),G,,
-6.444,-7.385,2,S,239(E2),I,,
-6.736,-7.471,7,S,239(E2),N,,
4.177,0.2626,1,S,239(E2),R,,
0,0,,S,239(E2),S,0,
0.4314,0.09146,1,S,239(E2),T,,
-2.253,-1.71,2,P,240(E2),H,,
0,0,,P,240(E2),P,0,
-0.9376,-0.3811,2,P,240(E2),S,,
0,0,,L,241(E2),L,0,
1.413,0.2002,4,L,241(E2),M,,
-5.918,-7.158,5,L,241(E2),P,,
-6.361,-7.356,2,L,241(E2),Q,,
-2.659,-2.374,2,V,242(E2),A,,
0.2418,0.0558,3,V,242(E2),L,,
0.3497,0.07687,5,V,242(E2),M,,
0,0,,V,242(E2),V,0,
-1.989,-1.345,1,P,243(E2),A,,
-7.719,-7.636,2,P,243(E2),H,-8,1
-0.4863,-0.1583,1,P,243(E2),L,,
0,0,,P,243(E2),P,0,
-7.395,-7.598,10,P,243(E2),S,-8,2
-1.934,-1.275,1,P,243(E2),T,,
-5.566,-6.938,1,R,244(E2),*,,
-5.789,-7.085,4,R,244(E2),G,,
-5.07,-6.504,6,R,244(E2),I,,
-4.417,-5.663,6,R,244(E2),K,-6.655,2
0,0,,R,244(E2),R,0,
-5.773,-7.076,1,R,244(E2),S,,
0.6448,0.1246,1,N,245(E2),D,,
-0.7038,-0.2548,1,N,245(E2),K,,
0,0,,N,245(E2),N,0,
-3.308,-3.616,1,N,245(E2),S,,
-0.8252,-0.3172,1,A,246(E2),-,,
0,0,,A,246(E2),A,0,
-1.663,-0.9656,3,A,246(E2),D,,
0.9539,0.1619,3,A,246(E2),S,-0.8118,1
1.811,0.222,5,A,246(E2),T,1.549,1
-1.627,-0.928,25,A,246(E2),V,-0.3639,2
-6.7,-7.462,2,E,247(E2),*,-8,1
2.044,0.2313,1,E,247(E2),A,,
-2.018,-1.383,7,E,247(E2),D,-2.433,1
0,0,,E,247(E2),E,0,
-0.3753,-0.1157,1,E,247(E2),G,,
-2.434,-1.992,6,E,247(E2),K,-2.167,2
0.03878,0.009826,1,E,247(E2),Q,,
0,0,,L,248(E2),L,0,
0.4868,0.1007,1,L,248(E2),M,,
-1.372,-0.6918,2,L,248(E2),P,,
-2.91,-2.837,1,L,248(E2),Q,,
-4.933,-6.355,4,G,249(E2),C,,
-0.2716,-0.07966,3,G,249(E2),D,-1.281,1
0,0,,G,249(E2),G,0,
5.994,0.2662,1,G,249(E2),S,,
-0.9139,-0.3671,2,G,249(E2),V,,
0,0,,D,250(E2),D,0,
0.1216,0.02964,2,D,250(E2),E,,
-7.276,-7.58,4,D,250(E2),N,,
-1.339,-0.6638,1,D,250(E2),V,,
-2.294,-1.772,4,R,251(E2),G,,
-0.927,-0.3748,1,R,251(E2),I,,
-0.3675,-0.1129,6,R,251(E2),K,,
0,0,,R,251(E2),R,0,
-1.009,-0.425,1,R,251(E2),S,,
-3.986,-4.935,2,K,252(E2),*,,
0,0,,K,252(E2),K,0,
-0.8014,-0.3045,3,K,252(E2),M,,
-2.968,-2.948,7,K,252(E2),N,-3.074,3
-3.006,-3.02,3,K,252(E2),Q,-3.281,1
-0.00241,-0.0006222,6,K,252(E2),R,0.679,2
-4.682,-6.043,2,K,252(E2),T,,
-5.625,-6.98,2,G,253(E2),C,,
-7.082,-7.547,21,G,253(E2),D,-8,2
0,0,,G,253(E2),G,0,
-1.725,-1.031,2,G,253(E2),S,,
-6.089,-7.244,2,G,253(E2),V,,
-11.29,-7.735,1,K,254(E2),*,,
-4.646,-5.995,2,K,254(E2),E,,
0,0,,K,254(E2),K,0,
-0.806,-0.3069,1,K,254(E2),N,,
-3.29,-3.582,1,K,254(E2),R,,
1.507,0.2061,1,V,255(E2),A,,
-1.369,-0.6885,1,V,255(E2),L,,
-2.01,-1.372,5,V,255(E2),M,,
0,0,,V,255(E2),V,0,
-3.596,-4.192,1,H,256(E2),D,,
0,0,,H,256(E2),H,0,
2.463,0.2434,3,H,256(E2),N,1.268,1
0.1333,0.03232,2,H,256(E2),R,,
-0.275,-0.0808,22,H,256(E2),Y,0.4706,2
0,0,,I,257(E2),I,0,
-1.763,-1.073,7,I,257(E2),T,,
-1.279,-0.6157,1,P,258(E2),H,,
-6.694,-7.46,2,P,258(E2),L,-8,1
0,0,,P,258(E2),P,0,
-0.8563,-0.3343,7,P,258(E2),S,,
-6.123,-7.259,2,P,258(E2),T,-8,1
0,0,,F,259(E2),F,0,
-5.209,-6.642,2,F,259(E2),I,,
-4.274,-5.435,2,F,259(E2),L,,
-7.011,-7.534,2,F,259(E2),S,,
-7.615,-7.625,3,F,259(E2),V,-8,1
-1.122,-0.4994,3,F,259(E2),Y,-0.9764,1
-6.121,-7.259,4,P,260(E2),L,,
0,0,,P,260(E2),P,0,
-1.42,-0.7328,4,P,260(E2),Q,-1.443,1
-0.8135,-0.3109,4,P,260(E2),S,-0.2934,1
1.756,0.2195,3,P,260(E2),T,,
0,0,,L,261(E2),L,0,
-0.866,-0.3397,1,L,261(E2),M,,
-6.032,-7.217,4,L,261(E2),P,-7.895,1
-0.5343,-0.178,1,L,261(E2),Q,,
-1.535,-0.8372,1,L,261(E2),R,,
0,0,,A,262(E2),A,0,
-0.6875,-0.2469,2,A,262(E2),D,,
-0.3912,-0.1216,2,A,262(E2),S,,
-0.6953,-0.2507,47,A,262(E2),T,-0.5708,4
-0.2086,-0.05938,14,A,262(E2),V,-0.2222,3
-1.489,-0.7948,1,N,263(E2),D,,
2.815,0.2503,1,N,263(E2),H,,
-0.3113,-0.09308,4,N,263(E2),K,,
0,0,,N,263(E2),N,0,
0.3686,0.08036,3,N,263(E2),S,,
-1.279,-0.6157,1,V,264(E2),-,,
-6.236,-7.308,2,V,264(E2),L,,
-0.5988,-0.2059,6,V,264(E2),M,-2.294,1
0,0,,V,264(E2),V,0,
-0.5035,-0.1652,1,T,265(E2),-,,
-1.514,-0.8181,3,T,265(E2),A,,
-0.3209,-0.0964,8,T,265(E2),I,,
0.4847,0.1004,1,T,265(E2),N,,
0,0,,T,265(E2),T,0,
-6.93,-7.517,4,C,266(E2),*,,
-0.3859,-0.1196,1,C,266(E2),-,,
0,0,,C,266(E2),C,0,
-0.02908,-0.007604,2,C,266(E2),F,,
-8.44,-7.688,11,C,266(E2),R,-8,2
-6.693,-7.46,2,C,266(E2),S,-8,1
-7.402,-7.599,67,C,266(E2),Y,-8,8
-6.382,-7.363,1,R,267(E2),*,,
-3.921,-4.816,7,R,267(E2),G,-4.255,1
-4.843,-6.249,7,R,267(E2),I,-7.569,2
0,0,,R,267(E2),R,0,
-1.072,-0.4658,1,R,267(E2),T,,
-4.464,-5.735,1,V,268(E2),E,,
-5.667,-7.008,1,V,268(E2),L,,
-4.253,-5.4,8,V,268(E2),M,,
0,0,,V,268(E2),V,0,
-1.401,-0.7164,3,P,269(E2),H,,
-3.256,-3.513,1,P,269(E2),L,-3.86,1
0,0,,P,269(E2),P,0,
-1.874,-1.202,11,P,269(E2),S,-1.144,3
-7.405,-7.599,1,P,269(E2),T,-8,1
0.9062,0.1568,2,K,270(E2),*,,
-2.428,-1.983,1,K,270(E2),E,,
0,0,,K,270(E2),K,0,
-0.8497,-0.3306,1,K,270(E2),M,,
-0.6626,-0.235,1,K,270(E2),N,,
1.579,0.2103,3,K,270(E2),R,,
1.352,0.1961,1,K,270(E2),T,0.08048,1
0,0,,A,271(E2),A,0,
-2.485,-2.076,1,A,271(E2),D,,
-1.435,-0.7459,1,A,271(E2),S,,
-2.368,-1.887,7,A,271(E2),T,,
-4.271,-5.43,3,A,271(E2),V,,
-1.966,-1.314,1,R,272(E2),G,,
-2.246,-1.701,4,R,272(E2),I,,
-4.551,-5.861,6,R,272(E2),K,-4.75,2
0,0,,R,272(E2),R,0,
2.668,0.2477,3,N,273(E2),I,,
-2.93,-2.874,1,N,273(E2),K,-3.19,1
0,0,,N,273(E2),N,0,
-4.307,-5.489,2,N,273(E2),S,,
-5.32,-6.744,2,P,274(E2),H,-7.119,1
-0.2187,-0.06256,1,P,274(E2),L,,
0,0,,P,274(E2),P,0,
-7.064,-7.544,11,P,274(E2),S,-8,3
-4.629,-5.971,2,P,274(E2),T,,
-3.939,-4.85,1,T,275(E2),A,,
-2.72,-2.483,6,T,275(E2),I,-3.097,2
-5.643,-6.992,1,T,275(E2),N,,
-2.293,-1.771,1,T,275(E2),P,,
0,0,,T,275(E2),T,0,
-4.99,-6.418,1,V,276(E2),A,,
-2.155,-1.569,2,V,276(E2),E,,
-0.1678,-0.04686,6,V,276(E2),L,-0.4597,1
-1.015,-0.4289,15,V,276(E2),M,0.2604,1
0,0,,V,276(E2),V,0,
-3.219,-3.44,2,T,277(E2),A,-3.754,1
-1.745,-1.053,3,T,277(E2),I,-1.017,1
-0.04428,-0.01166,2,T,277(E2),N,,
2.859,0.2511,1,T,277(E2),S,,
0,0,,T,277(E2),T,0,
-5.774,-7.076,6,Y,278(E2),*,,
-6.964,-7.524,1,Y,278(E2),D,,
-4.118,-5.172,2,Y,278(E2),H,,
-0.1106,-0.03005,2,Y,278(E2),N,,
0,0,,Y,278(E2),Y,0,
-1.124,-0.5013,2,G,279(E2),C,,
-0.2224,-0.06373,22,G,279(E2),D,-1.317,3
0,0,,G,279(E2),G,0,
-1.009,-0.4249,4,G,279(E2),S,-1.143,1
-2.354,-1.865,1,G,279(E2),V,,
0,0,,K,280(E2),K,0,
-1.289,-0.6235,1,K,280(E2),M,,
-4.991,-6.42,3,K,280(E2),N,,
-2.404,-1.944,2,K,280(E2),R,-2.311,1
7.318,0.2667,1,N,281(E2),I,,
0,0,,N,281(E2),N,0,
-6.227,-7.304,5,Q,282(E2),*,,
-0.6362,-0.2228,1,Q,282(E2),-,,
0.2894,0.06538,1,Q,282(E2),H,,
-0.8223,-0.3157,6,Q,282(E2),K,-2.023,1
-0.1814,-0.05096,1,Q,282(E2),L,,
0,0,,Q,282(E2),Q,0,
-2.689,-2.427,4,Q,282(E2),R,,
-0.4429,-0.1411,1,V,283(E2),-,,
-0.1769,-0.0496,3,V,283(E2),L,,
-6.607,-7.436,3,V,283(E2),M,-8,1
0,0,,V,283(E2),V,0,
-0.4544,-0.1456,1,I,284(E2),-,,
0,0,,I,284(E2),I,0,
-1.872,-1.2,1,I,284(E2),N,,
0.1752,0.04169,1,M,285(E2),-,,
-2.532,-2.155,11,M,285(E2),I,-2.899,4
0,0,,M,285(E2),M,0,
-6.123,-7.26,1,M,285(E2),R,,
-4.28,-5.446,2,M,285(E2),V,,
0.2754,0.06261,1,L,286(E2),-,,
0,0,,L,286(E2),L,0,
0.232,0.05378,3,L,286(E2),M,,
-5.399,-6.81,2,L,286(E2),P,,
-0.1228,-0.03355,1,L,286(E2),V,,
-0.3322,-0.1003,1,L,287(E2),-,,
0,0,,L,287(E2),L,0,
-1.198,-0.5539,3,L,287(E2),M,,
-2.468,-2.049,2,L,287(E2),P,,
-6.973,-7.526,2,L,287(E2),Q,-8,1
-4.037,-5.028,1,L,287(E2),R,,
-0.9238,-0.3729,1,L,287(E2),V,,
-6.703,-7.463,1,L,287(E2),W,-8,1
-6.456,-7.389,5,Y,288(E2),*,,
0.2999,0.06741,1,Y,288(E2),-,,
-2.229,-1.675,5,Y,288(E2),C,,
-3.772,-4.534,2,Y,288(E2),H,,
-3.689,-4.374,1,Y,288(E2),N,,
0,0,,Y,288(E2),Y,0,
-7.015,-7.535,5,P,289(E2),H,-8,2
-4.912,-6.33,3,P,289(E2),L,,
0,0,,P,289(E2),P,0,
-3.206,-3.414,1,P,289(E2),R,,
-3.485,-3.97,3,P,289(E2),S,,
-0.5007,-0.1641,1,P,289(E2),T,,
0,0,,D,290(E2),D,0,
-1.288,-0.6227,2,D,290(E2),E,,
-2.642,-2.345,1,D,290(E2),G,,
-2.841,-2.707,14,D,290(E2),N,-2.766,2
-4.764,-6.151,7,D,290(E2),Y,,
0,0,,H,291(E2),H,0,
1.095,0.1756,1,H,291(E2),N,,
-1.216,-0.5676,1,H,291(E2),P,,
0.486,0.1006,2,H,291(E2),Q,,
-2.556,-2.195,2,H,291(E2),R,-2.487,1
-1.991,-1.347,8,H,291(E2),Y,-2.382,1
-3.117,-3.238,11,P,292(E2),H,-3.153,2
-6.754,-7.476,4,P,292(E2),L,,
0,0,,P,292(E2),P,0,
-4.423,-5.671,1,P,292(E2),R,,
-5.25,-6.681,7,P,292(E2),S,-7.597,1
-7.271,-7.579,2,P,292(E2),T,,
-1.25,-0.5932,1,T,293(E2),A,,
-6.542,-7.416,1,T,293(E2),C,-8,1
-4.16,-5.244,3,T,293(E2),I,-5.405,1
-6.091,-7.245,2,T,293(E2),K,,
0,0,,T,293(E2),T,0,
0,0,,L,294(E2),L,0,
-1.216,-0.5675,2,L,294(E2),M,-0.4439,1
-0.3323,-0.1003,1,L,294(E2),P,,
-3.355,-3.712,2,L,294(E2),Q,,
0,0,,L,295(E2),L,0,
-2.091,-1.479,4,L,295(E2),M,,
-6.762,-7.478,4,L,295(E2),P,-8,1
-0.5083,-0.1672,1,L,295(E2),V,,
-1.095,-0.4809,2,S,296(E2),G,,
-6.398,-7.369,4,S,296(E2),I,-8,1
-6.664,-7.452,13,S,296(E2),N,,
-6.482,-7.398,2,S,296(E2),R,,
0,0,,S,296(E2),S,0,
-6.708,-7.464,3,Y,297(E2),*,-8,1
-1.559,-0.8604,2,Y,297(E2),C,,
0,0,,Y,297(E2),Y,0,
-1.057,-0.4557,1,R,298(E2),G,,
-6.079,-7.239,3,R,298(E2),L,,
-4.497,-5.783,13,R,298(E2),Q,-4.17,1
0,0,,R,298(E2),R,0,
-6.986,-7.529,12,R,298(E2),W,-8,2
-0.2722,-0.07987,3,N,299(E2),K,,
0,0,,N,299(E2),N,0,
0.7423,0.1376,1,M,300(E2),-,,
-4.439,-5.696,15,M,300(E2),I,,
-6.251,-7.314,3,M,300(E2),K,,
0,0,,M,300(E2),M,0,
1.635,0.2134,1,M,300(E2),T,,
-6.991,-7.53,5,M,300(E2),V,-8,2
0.2475,0.05697,1,G,301(E2),-,,
-5.83,-7.11,4,G,301(E2),C,,
-4.732,-6.11,9,G,301(E2),D,-5.471,1
0,0,,G,301(E2),G,0,
-0.8169,-0.3128,1,G,301(E2),R,,
-2.977,-2.964,3,G,301(E2),S,,
-3.454,-3.91,3,G,301(E2),V,,
-1.26,-0.6007,5,E,302(E2),*,,
-0.5903,-0.2021,1,E,302(E2),-,,
-3.971,-4.909,2,E,302(E2),D,,
0,0,,E,302(E2),E,0,
1.505,0.206,1,E,302(E2),G,,
0.1856,0.04394,28,E,302(E2),K,0.3581,3
-1.505,-0.8095,6,E,303(E2),*,,
0.3049,0.06839,1,E,303(E2),-,,
0.8992,0.1561,2,E,303(E2),D,,
0,0,,E,303(E2),E,0,
-1.926,-1.266,1,E,303(E2),G,,
0.9956,0.1661,20,E,303(E2),K,0.691,3
-0.4914,-0.1603,1,P,304(E2),-,,
-2.253,-1.711,2,P,304(E2),L,,
0,0,,P,304(E2),P,0,
-2.789,-2.609,2,P,304(E2),T,,
-0.06366,-0.01692,1,N,305(E2),-,,
-11.61,-7.736,2,N,305(E2),K,,
0,0,,N,305(E2),N,0,
3.577,0.2591,1,N,305(E2),S,,
-4.072,-5.09,3,Y,306(E2),*,,
-0.7296,-0.2675,1,Y,306(E2),-,,
0,0,,Y,306(E2),Y,0,
-3.931,-4.835,2,Q,307(E2),*,,
-0.5631,-0.1903,1,Q,307(E2),-,,
-0.3636,-0.1115,1,Q,307(E2),H,,
-0.2723,-0.0799,2,Q,307(E2),K,,
0,0,,Q,307(E2),Q,0,
1.202,0.1848,3,Q,307(E2),R,-0.3369,2
-0.3963,-0.1234,2,E,308(E2),*,,
-0.8098,-0.3089,1,E,308(E2),-,,
-1.087,-0.4761,1,E,308(E2),A,,
-2.581,-2.239,2,E,308(E2),D,,
0,0,,E,308(E2),E,0,
-6.142,-7.268,3,E,308(E2),K,-8,1
-5.944,-7.172,2,E,309(E2),*,,
-0.7824,-0.2945,1,E,309(E2),-,,
-3.552,-4.105,1,E,309(E2),D,,
0,0,,E,309(E2),E,0,
-7.138,-7.557,11,E,309(E2),K,,
-0.4249,-0.1342,1,E,309(E2),V,,
-7.291,-7.583,10,W,310(E2),*,-8,3
-0.1734,-0.04853,1,W,310(E2),-,,
-7.537,-7.616,2,W,310(E2),C,-8,1
-6.997,-7.531,6,W,310(E2),L,-8,1
-6.118,-7.257,5,W,310(E2),R,-8,1
0,0,,W,310(E2),W,0,
-0.8177,-0.3132,1,V,311(E2),-,,
-0.9886,-0.4121,3,V,311(E2),A,,
-0.7418,-0.2736,1,V,311(E2),D,,
-3.222,-3.445,1,V,311(E2),F,,
-0.8556,-0.3339,7,V,311(E2),I,-0.421,1
-1.741,-1.049,2,V,311(E2),L,,
0,0,,V,311(E2),V,0,
-0.4692,-0.1514,1,T,312(E2),-,,
1.523,0.2071,5,T,312(E2),I,,
-1.343,-0.6675,1,T,312(E2),N,,
-0.9067,-0.3629,1,T,312(E2),S,,
0,0,,T,312(E2),T,0,
-0.05875,-0.01558,1,H,313(E2),-,,
0,0,,H,313(E2),H,0,
0.5435,0.1097,3,H,313(E2),N,,
-0.5569,-0.1876,3,H,313(E2),Q,-0.9193,1
-0.3363,-0.1018,2,H,313(E2),Y,,
-3.704,-4.404,3,K,314(E2),E,,
0,0,,K,314(E2),K,0,
-4.067,-5.082,1,K,314(E2),N,,
-3.864,-4.709,1,K,315(E2),E,,
0,0,,K,315(E2),K,0,
0.5802,0.1153,1,K,315(E2),N,-0.1494,1
-6.247,-7.312,3,E,316(E2),*,,
0,0,,E,316(E2),E,0,
-4.63,-5.972,1,E,316(E2),G,-6.321,1
-2.508,-2.115,16,E,316(E2),K,-2.052,1
-3.784,-4.559,2,E,316(E2),Q,,
-9.689,-7.723,1,I,317(E2),D,,
0,0,,I,317(E2),I,0,
-0.9348,-0.3794,1,I,317(E2),T,,
-2.416,-1.964,6,R,318(E2),Q,-1.129,1
0,0,,R,318(E2),R,0,
-2.375,-1.899,8,R,318(E2),W,-2.433,1
0,0,,L,319(E2),L,0,
-7.376,-7.595,1,L,319(E2),P,-8,1
-1.312,-0.6418,1,T,320(E2),A,-0.9738,1
0.3098,0.06933,12,T,320(E2),I,-0.549,2
1.41,0.2,4,T,320(E2),N,,
0,0,,T,320(E2),T,0,
-6.306,-7.336,2,V,321(E2),A,,
-3.943,-4.857,4,V,321(E2),E,,
-1.246,-0.59,1,V,321(E2),I,,
-4.166,-5.253,8,V,321(E2),L,,
-6.567,-7.424,16,V,321(E2),M,-7.57,1
0,0,,V,321(E2),V,0,
-3.594,-4.188,1,P,322(E2),A,-4.422,1
-2.86,-2.742,3,P,322(E2),L,-3.9,1
0,0,,P,322(E2),P,0,
-3.647,-4.291,12,P,322(E2),S,-0.566,1
-4.629,-5.971,3,P,322(E2),T,,
-5.19,-6.624,1,T,323(E2),-,,
0.06433,0.0161,7,T,323(E2),I,0.0744,1
-1.666,-0.9688,2,T,323(E2),N,,
0.4595,0.09622,1,T,323(E2),S,,
0,0,,T,323(E2),T,0,
-6.984,-7.528,2,E,324(E2),*,,
-1.332,-0.6583,5,E,324(E2),D,,
0,0,,E,324(E2),E,0,
-2.002,-1.361,2,E,324(E2),G,,
-1.682,-0.9851,15,E,324(E2),K,-1.514,4
-1.761,-1.07,3,G,325(E2),C,,
-6.337,-7.347,5,G,325(E2),D,,
0,0,,G,325(E2),G,0,
-0.9938,-0.4154,1,G,325(E2),R,,
-7.355,-7.592,12,G,325(E2),S,-8,1
-4.278,-5.442,5,G,325(E2),V,,
0,0,,L,326(E2),L,0,
-1.535,-0.8379,6,L,326(E2),M,-2.095,1
-6.737,-7.471,34,L,326(E2),P,,
-8.881,-7.706,3,L,326(E2),Q,,
-9.153,-7.713,2,L,326(E2),R,,
-0.9118,-0.3659,1,L,326(E2),V,,
-6.947,-7.521,2,E,327(E2),*,-8,1
-0.2201,-0.06299,1,E,327(E2),D,,
0,0,,E,327(E2),E,0,
-10.45,-7.731,4,E,327(E2),G,,
-5.884,-7.14,21,E,327(E2),K,,
-4.205,-5.321,2,E,327(E2),V,,
-7.914,-7.654,2,V,328(E2),D,,
-7.061,-7.543,4,V,328(E2),F,,
-1.029,-0.4378,5,V,328(E2),I,,
0,0,,V,328(E2),V,0,
1.884,0.2251,2,T,329(E2),-,,
-2.94,-2.893,2,T,329(E2),A,,
-3.14,-3.283,4,T,329(E2),I,-3.655,1
-3.787,-4.564,3,T,329(E2),N,,
0,0,,T,329(E2),T,0,
-6.902,-7.511,18,W,330(E2),*,-8,1
1.606,0.2118,2,W,330(E2),-,,
-6.551,-7.419,4,W,330(E2),C,,
-2.289,-1.765,4,W,330(E2),L,,
-5.701,-7.03,11,W,330(E2),R,-5.677,1
0.02918,0.007425,1,W,330(E2),S,,
0,0,,W,330(E2),W,0,
1.142,0.1797,2,G,331(E2),-,,
-6.78,-7.482,4,G,331(E2),C,-7.551,1
-6.008,-7.205,20,G,331(E2),D,-5.782,2
0,0,,G,331(E2),G,0,
-6.407,-7.372,9,G,331(E2),S,,
-6.58,-7.428,3,G,331(E2),V,-8,1
-7.033,-7.538,9,N,332(E2),-,-8,3
-6.363,-7.357,1,N,332(E2),D,,
2.228,0.2372,1,N,332(E2),K,,
0,0,,N,332(E2),N,0,
-2.348,-1.855,2,N,333(E2),-,,
-1.617,-0.918,2,N,333(E2),D,,
-6.73,-7.47,5,N,333(E2),K,-8,1
0,0,,N,333(E2),N,0,
1.687,0.2161,1,N,333(E2),S,,
-4.883,-6.296,1,N,333(E2),Y,,
-6.72,-7.467,6,E,334(E2),*,-8,1
-1.682,-0.9851,2,E,334(E2),-,,
-0.1012,-0.02737,2,E,334(E2),D,,
0,0,,E,334(E2),E,0,
-0.2974,-0.08833,1,E,334(E2),G,,
-2.132,-1.536,8,E,334(E2),K,-1.037,3
-0.4335,-0.1375,1,E,334(E2),V,,
-2.724,-2.491,2,P,335(E2),-,,
-2.962,-2.936,1,P,335(E2),H,,
-5.914,-7.156,4,P,335(E2),L,-8,3
0,0,,P,335(E2),P,0,
-6.821,-7.492,5,P,335(E2),S,-8,1
-3.704,-4.402,1,P,335(E2),T,,
-7.649,-7.629,3,Y,336(E2),*,,
-2.737,-2.515,2,Y,336(E2),-,,
0.8718,0.153,1,Y,336(E2),C,,
-2.587,-2.249,1,Y,336(E2),D,,
-0.08909,-0.02396,3,Y,336(E2),H,,
0,0,,Y,336(E2),Y,0,
-0.8588,-0.3357,1,K,337(E2),E,,
0,0,,K,337(E2),K,0,
-2.042,-1.413,6,K,337(E2),N,-1.75,1
1.426,0.2011,2,K,337(E2),R,1.334,1
-8.321,-7.682,3,Y,338(E2),*,,
-4.47,-5.742,1,Y,338(E2),C,,
-6.594,-7.432,1,Y,338(E2),H,-8,1
-2.583,-2.241,1,Y,338(E2),N,,
0,0,,Y,338(E2),Y,0,
-7.571,-7.62,19,W,339(E2),*,-8,3
-7.375,-7.595,6,W,339(E2),C,-8,1
-6.562,-7.423,5,W,339(E2),L,-8,1
-5.035,-6.467,3,W,339(E2),R,,
0,0,,W,339(E2),W,0,
-0.5002,-0.1639,2,P,340(E2),H,,
3.009,0.2533,2,P,340(E2),L,,
0,0,,P,340(E2),P,0,
3.041,0.2537,4,P,340(E2),S,,
-1.265,-0.605,2,P,340(E2),T,,
-5.444,-6.847,3,Q,341(E2),*,,
-1.8,-1.115,6,Q,341(E2),H,-1.43,1
0,0,,Q,341(E2),Q,0,
1.034,0.1699,2,Q,341(E2),R,,
0,0,,L,342(E2),L,0,
2.664,0.2477,3,L,342(E2),M,0.2917,3
-1.673,-0.976,1,L,342(E2),P,,
0.9133,0.1576,1,L,342(E2),Q,,
-1.079,-0.4704,2,S,343(E2),A,,
-0.8975,-0.3576,5,S,343(E2),F,-1.124,1
-1.946,-1.29,8,S,343(E2),P,-2.384,2
0,0,,S,343(E2),S,0,
-0.6572,-0.2325,3,S,343(E2),Y,,
0.4712,0.09816,3,T,344(E2),A,,
1.042,0.1706,6,T,344(E2),I,,
-5.117,-6.553,2,T,344(E2),N,,
-0.7335,-0.2695,1,T,344(E2),S,,
0,0,,T,344(E2),T,0,
2.436,0.2428,1,N,345(E2),D,,
-1.204,-0.5587,1,N,345(E2),K,-0.8643,1
0,0,,N,345(E2),N,0,
3.817,0.2608,2,N,345(E2),S,,
-0.4469,-0.1427,2,G,346(E2),A,,
-1.319,-0.6475,2,G,346(E2),C,,
-0.5257,-0.1744,39,G,346(E2),D,-1.618,5
0,0,,G,346(E2),G,0,
3.394,0.2576,1,G,346(E2),R,,
2.872,0.2513,2,G,346(E2),S,0.4839,1
-1.364,-0.6844,2,G,346(E2),V,,
-0.7541,-0.2799,2,T,347(E2),A,,
-0.7946,-0.3009,9,T,347(E2),I,2.75,1
2.727,0.2488,2,T,347(E2),K,0.6664,1
-1.413,-0.7268,1,T,347(E2),S,,
0,0,,T,347(E2),T,0,
0,0,,A,348(E2),A,0,
-0.7773,-0.2918,1,A,348(E2),D,,
-0.2539,-0.07385,5,A,348(E2),S,-0.501,1
-0.2693,-0.07891,8,A,348(E2),T,,
-0.01604,-0.004168,10,A,348(E2),V,,
0,0,,H,349(E2),H,0,
0.7757,0.1418,3,H,349(E2),N,,
0.495,0.102,3,H,349(E2),Q,-8,1
-1.583,-0.8837,2,H,349(E2),Y,,
-6.547,-7.418,11,G,350(E2),*,-7.288,1
-0.6521,-0.2301,1,G,350(E2),A,,
-2.507,-2.114,3,G,350(E2),E,,
0,0,,G,350(E2),G,0,
1.582,0.2105,11,G,350(E2),R,0.7591,2
3.297,0.2567,1,G,350(E2),V,,
-1.453,-0.7622,1,H,351(E2),D,,
0,0,,H,351(E2),H,0,
-1.661,-0.9634,1,H,351(E2),N,,
0.9241,0.1588,1,H,351(E2),P,,
1.511,0.2064,1,H,351(E2),Q,,
6.668,0.2665,2,H,351(E2),Y,,
-0.8236,-0.3164,1,P,352(E2),-,,
-3.053,-3.112,1,P,352(E2),A,,
-2.278,-1.748,5,P,352(E2),H,-2.211,1
0,0,,P,352(E2),P,0,
-1.526,-0.829,2,P,352(E2),S,-2.067,1
-0.6585,-0.2332,2,P,352(E2),T,,
-0.1614,-0.04492,1,H,353(E2),-,,
0,0,,H,353(E2),H,0,
1.601,0.2116,1,H,353(E2),N,,
2.1,0.2332,1,H,353(E2),Q,,
-1.192,-0.5498,1,H,353(E2),R,,
-0.1542,-0.04276,2,H,353(E2),Y,,
-7.361,-7.593,5,E,354(E2),*,-8,1
-0.4391,-0.1396,1,E,354(E2),-,,
1.625,0.2129,3,E,354(E2),D,,
0,0,,E,354(E2),E,0,
3.18,0.2554,1,E,354(E2),G,,
-1.286,-0.6213,1,E,354(E2),K,,
-0.1453,-0.04014,1,E,354(E2),V,,
-0.3251,-0.09785,1,I,355(E2),-,,
0,0,,I,355(E2),I,0,
-5.913,-7.156,2,I,355(E2),N,,
-1.408,-0.7218,2,I,355(E2),T,,
2.299,0.2392,2,I,355(E2),V,,
0.292,0.06588,1,I,356(E2),-,,
-3.889,-4.756,1,I,356(E2),G,,
0,0,,I,356(E2),I,0,
-1.767,-1.078,1,I,356(E2),M,-1.371,1
-3.781,-4.552,1,I,356(E2),N,,
-3.295,-3.592,5,I,356(E2),T,-3.922,1
-0.7793,-0.2929,3,L,357(E2),-,,
-0.6124,-0.212,1,L,357(E2),G,,
0,0,,L,357(E2),L,0,
-1.091,-0.4784,8,L,357(E2),M,,
-0.8159,-0.3122,2,L,357(E2),P,,
-2.56,-2.202,3,L,357(E2),Q,,
0.2068,0.0485,1,L,357(E2),R,,
-8.005,-7.661,3,Y,358(E2),*,,
-3.729,-4.452,4,Y,358(E2),-,,
-3.568,-4.137,4,Y,358(E2),C,,
-0.5165,-0.1706,3,Y,358(E2),H,,
0,0,,Y,358(E2),Y,0,
-6.297,-7.332,4,Y,359(E2),*,,
-0.7556,-0.2806,3,Y,359(E2),-,,
-2.34,-1.843,4,Y,359(E2),H,,
0,0,,Y,359(E2),Y,0,
-7.163,-7.562,4,Y,360(E2),*,-8,1
-0.2832,-0.08354,1,Y,360(E2),-,,
-0.9176,-0.3693,1,Y,360(E2),C,,
-5.098,-6.533,2,Y,360(E2),H,,
0,0,,Y,360(E2),Y,0,
-7.108,-7.552,4,E,361(E2),*,-8,1
-0.05429,-0.01437,1,E,361(E2),-,,
-0.1118,-0.03038,2,E,361(E2),D,0.007619,1
0,0,,E,361(E2),E,0,
1.761,0.2197,1,E,361(E2),G,,
2.063,0.2319,6,E,361(E2),K,-0.9192,1
-0.4637,-0.1492,1,L,362(E2),-,,
0,0,,L,362(E2),L,0,
-0.15,-0.04153,4,L,362(E2),M,-0.1915,2
-5.502,-6.891,3,L,362(E2),P,,
-0.3542,-0.1081,1,L,362(E2),Q,,
2.084,0.2326,1,L,362(E2),R,0.4616,1
-1.596,-0.8966,1,Y,363(E2),*,,
-0.143,-0.03945,1,Y,363(E2),-,,
-6.895,-7.509,7,Y,363(E2),C,-8,1
-3.032,-3.07,1,Y,363(E2),H,,
1.619,0.2125,1,Y,363(E2),N,,
0,0,,Y,363(E2),Y,0,
-0.3102,-0.09271,1,P,364(E2),-,,
-1.664,-0.9664,5,P,364(E2),H,,
-6.696,-7.461,3,P,364(E2),L,-8,1
0,0,,P,364(E2),P,0,
-7.185,-7.566,10,P,364(E2),S,-8,2
-5.616,-6.974,3,P,364(E2),T,,
-0.7252,-0.2654,1,T,365(E2),A,,
-3.086,-3.177,3,T,365(E2),I,,
-1.602,-0.9025,3,T,365(E2),N,,
0,0,,T,365(E2),T,0,
-0.005869,-0.001518,26,M,366(E2),I,-0.4123,2
0,0,,M,366(E2),M,0,
0.1357,0.03288,3,M,366(E2),T,,
-0.7188,-0.2622,2,M,366(E2),V,,
-6.015,-7.209,7,T,367(E2),A,,
-4.879,-6.291,10,T,367(E2),I,-6.335,4
-6.697,-7.461,4,T,367(E2),N,-8,1
-1.963,-1.311,2,T,367(E2),S,,
0,0,,T,367(E2),T,0,
0.9599,0.1625,1,T,367(E2),V,,
-7.038,-7.539,88,V,368(E2),-,-8,11
0.06265,0.0157,1,V,368(E2),A,,
-4.37,-5.59,1,V,368(E2),E,,
-0.3264,-0.0983,6,V,368(E2),L,,
-1.474,-0.7805,14,V,368(E2),M,-1.209,1
0,0,,V,368(E2),V,0,
2.176,0.2357,1,V,369(E2),A,,
-1.048,-0.4497,1,V,369(E2),L,,
0.3446,0.07592,3,V,369(E2),M,,
0,0,,V,369(E2),V,0,
-5.322,-6.745,1,V,370(E2),A,,
-5.236,-6.668,1,V,370(E2),E,,
-2.174,-1.596,3,V,370(E2),L,,
-1.635,-0.9362,3,V,370(E2),M,,
0,0,,V,370(E2),V,0,
1.344,0.1955,3,V,371(E2),L,,
0.2143,0.05008,9,V,371(E2),M,-0.6265,2
0,0,,V,371(E2),V,0,
0.1693,0.04039,9,S,372(E2),F,,
-4.48,-5.758,5,S,372(E2),P,,
0,0,,S,372(E2),S,0,
-5.184,-6.618,3,S,372(E2),Y,,
-4.219,-5.344,1,V,373(E2),A,,
-4.996,-6.425,1,V,373(E2),E,,
-4.498,-5.785,1,V,373(E2),G,,
0.3611,0.07898,8,V,373(E2),L,,
0.1618,0.03872,8,V,373(E2),M,-0.9663,3
0,0,,V,373(E2),V,0,
0,0,,A,374(E2),A,0,
-4.887,-6.301,2,A,374(E2),D,,
-0.9715,-0.4016,3,A,374(E2),S,0.6189,2
-0.1609,-0.04478,14,A,374(E2),T,0.2673,4
-0.9331,-0.3784,12,A,374(E2),V,-0.6314,1
2.421,0.2424,1,S,375(E2),I,0.8199,1
-4.62,-5.959,12,S,375(E2),N,,
-6.74,-7.472,2,S,375(E2),R,,
0,0,,S,375(E2),S,0,
0,0,,F,376(E2),F,0,
1.946,0.2276,2,F,376(E2),I,,
0.631,0.1226,3,F,376(E2),L,,
-5.423,-6.829,3,F,376(E2),S,-7.34,1
1.259,0.1892,1,F,376(E2),V,,
-4.234,-5.369,5,F,376(E2),Y,-4.766,1
-1.35,-0.6734,1,V,377(E2),E,,
-1.928,-1.268,2,V,377(E2),L,-1.531,1
3.145,0.255,2,V,377(E2),M,,
0,0,,V,377(E2),V,0,
0,0,,L,378(E2),L,0,
-2.203,-1.638,4,L,378(E2),M,,
-4.203,-5.317,1,L,378(E2),P,,
0.2591,0.05932,1,L,378(E2),R,,
-1.584,-0.8856,1,L,378(E2),V,,
0,0,,L,379(E2),L,0,
-1.382,-0.6998,5,L,379(E2),M,-1.304,1
-7.635,-7.627,1,L,379(E2),N,-8,1
-4.079,-5.102,5,L,379(E2),P,-4.55,1
-7.021,-7.536,1,L,379(E2),Q,,
2.978,0.2528,1,S,380(E2),C,,
-0.9031,-0.3609,1,S,380(E2),G,-0.6855,1
-0.3779,-0.1167,2,S,380(E2),I,,
-1.687,-0.9908,19,S,380(E2),N,-2.052,2
-4.171,-5.263,2,S,380(E2),R,-4.913,1
0,0,,S,380(E2),S,0,
-0.2315,-0.06663,12,M,381(E2),I,0.08369,2
0,0,,M,381(E2),M,0,
-0.07513,-0.02007,1,M,381(E2),T,,
-1.822,-1.141,1,M,381(E2),V,,
-0.293,-0.08685,4,V,382(E2),A,,
-1.627,-0.9277,4,V,382(E2),F,,
-2.078,-1.461,1,V,382(E2),G,,
-0.4377,-0.1391,8,V,382(E2),I,,
0,0,,V,382(E2),V,0,
-5.235,-6.666,2,G,383(E2),*,,
-2.101,-1.494,1,G,383(E2),A,-1.787,1
-6.463,-7.391,13,G,383(E2),E,-8,2
0,0,,G,383(E2),G,0,
-2.093,-1.483,1,G,383(E2),K,,
-3.251,-3.504,26,G,383(E2),R,-4.436,4
0.2044,0.04799,3,G,383(E2),V,-2.136,1
0.8287,0.1481,6,V,384(E2),M,0.3371,1
0,0,,V,384(E2),V,0,
0,0,,A,385(E2),A,0,
-3.239,-3.479,2,A,385(E2),D,,
-3.862,-4.706,1,A,385(E2),P,,
0.5909,0.1168,5,A,385(E2),S,,
-1.008,-0.4243,19,A,385(E2),T,-3.95,3
-0.9622,-0.3959,63,A,385(E2),V,-2.048,5
0.4048,0.08684,2,V,386(E2),A,,
-0.6073,-0.2097,2,V,386(E2),E,,
-1.112,-0.4931,1,V,386(E2),G,,
-1.584,-0.8849,5,V,386(E2),L,,
-0.2241,-0.06427,15,V,386(E2),M,0.0561,2
0,0,,V,386(E2),V,0,
2.947,0.2524,2,G,387(E2),A,,
1.854,0.2239,4,G,387(E2),C,-1.763,1
-3.162,-3.327,33,G,387(E2),D,-3.013,5
0,0,,G,387(E2),G,0,
-2.228,-1.674,5,G,387(E2),S,-1.425,1
-2.792,-2.616,1,G,387(E2),V,,
-1.919,-1.257,3,M,388(E2),I,,
2.142,0.2346,1,M,388(E2),L,,
0,0,,M,388(E2),M,0,
-4.201,-5.313,1,M,388(E2),R,,
-0.4021,-0.1256,1,M,388(E2),V,,
0,0,,C,389(E2),C,0,
0.4321,0.09157,5,C,389(E2),F,-0.6586,1
-4.844,-6.25,3,C,389(E2),R,-6.444,1
-1.919,-1.256,1,C,389(E2),S,,
-2.8,-2.63,10,C,389(E2),Y,,
1.046,0.1711,10,M,390(E2),I,1.747,1
-5.574,-6.944,2,M,390(E2),K,,
0,0,,M,390(E2),M,0,
1.597,0.2114,5,M,390(E2),V,,
0,0,,C,391(E2),C,0,
-0.9542,-0.391,2,C,391(E2),F,-0.6904,1
-0.3167,-0.09492,1,C,391(E2),G,,
-0.5437,-0.182,2,C,391(E2),R,,
1.709,0.2172,2,C,391(E2),S,,
-1.581,-0.8818,13,C,391(E2),Y,0.06877,1
0,0,,A,392(E2),A,0,
-3.603,-4.205,3,A,392(E2),D,-4.64,1
-0.1006,-0.02721,1,A,392(E2),L,,
-3.862,-4.707,4,A,392(E2),S,-5.464,1
-1.86,-1.185,3,A,392(E2),T,,
-1.269,-0.6078,26,A,392(E2),V,-0.8808,1
-4.758,-6.143,3,R,393(E2),C,,
-4.436,-5.692,64,R,393(E2),H,-6.25,5
-3.194,-3.389,5,R,393(E2),L,-2.658,1
0,0,,R,393(E2),R,0,
-4.769,-6.156,3,R,393(E2),S,,
-2.585,-2.246,4,R,394(E2),G,-2.6,1
-4.608,-5.943,2,R,394(E2),I,,
1.885,0.2251,10,R,394(E2),K,0.7154,1
0,0,,R,394(E2),R,0,
-5.544,-6.923,2,R,395(E2),*,-8,1
-1.471,-0.7785,1,R,395(E2),C,-1.114,1
1.556,0.209,3,R,395(E2),I,,
2.339,0.2403,14,R,395(E2),K,,
0,0,,R,395(E2),R,0,
-2.701,-2.45,1,R,395(E2),S,,
-0.5196,-0.1719,3,R,395(E2),T,,
-6.667,-7.453,3,C,396(E2),*,-8,1
0,0,,C,396(E2),C,0,
-1.059,-0.4574,2,C,396(E2),F,-0.809,1
-6.689,-7.459,1,C,396(E2),R,-8,1
-4.939,-6.361,3,C,396(E2),S,,
-1.996,-1.353,25,C,396(E2),Y,-1.505,3
0,0,,I,397(E2),I,0,
-6.176,-7.283,3,I,397(E2),N,,
-0.7099,-0.2578,2,T,398(E2),A,,
-0.8155,-0.312,1,T,398(E2),I,,
-1.23,-0.5776,3,T,398(E2),N,,
0,0,,T,398(E2),T,0,
-1.391,-0.7076,5,P,399(E2),H,-1.475,1
3.281,0.2565,3,P,399(E2),L,,
0,0,,P,399(E2),P,0,
-0.6175,-0.2143,1,P,399(E2),R,,
-1.696,-0.9998,5,P,399(E2),S,-1.037,1
-0.159,-0.0442,4,P,399(E2),T,1.335,1
0.2535,0.05819,1,P,399(E2),W,-0.2238,1
-8.658,-7.698,7,Y,400(E2),*,-8,1
-2.032,-1.401,1,Y,400(E2),N,,
0,0,,Y,400(E2),Y,0,
-11.2,-7.735,4,E,401(E2),*,,
-0.6792,-0.2429,1,E,401(E2),-,,
-1.361,-0.6817,1,E,401(E2),A,,
-0.9021,-0.3603,9,E,401(E2),D,-1.153,2
0,0,,E,401(E2),E,0,
2.241,0.2376,1,E,401(E2),G,,
4.016,0.2619,3,E,401(E2),K,,
-0.8667,-0.3401,1,E,401(E2),V,,
-0.6327,-0.2212,1,L,402(E2),-,,
5.812,0.266,2,L,402(E2),F,-1.442,1
-1.569,-0.8707,6,L,402(E2),H,-1.055,2
-3.776,-4.542,3,L,402(E2),I,,
0,0,,L,402(E2),L,0,
-2.473,-2.056,3,L,402(E2),P,,
-3.239,-3.48,1,L,402(E2),R,,
-0.752,-0.2788,3,T,403(E2),A,-0.6211,1
-5.935,-7.167,16,T,403(E2),I,-4.552,1
-0.4783,-0.1551,5,T,403(E2),K,,
0,0,,T,403(E2),T,0,
1.433,0.2015,1,P,404(E2),A,,
-1.147,-0.5171,5,P,404(E2),H,,
-0.9879,-0.4117,11,P,404(E2),L,-2.022,1
0,0,,P,404(E2),P,0,
-1.969,-1.318,18,P,404(E2),S,,
-0.9729,-0.4024,1,G,405(E2),A,,
-0.6662,-0.2368,3,G,405(E2),C,,
-5.357,-6.775,19,G,405(E2),D,-8,3
0,0,,G,405(E2),G,0,
0.7026,0.1324,7,G,405(E2),S,,
-0.7341,-0.2698,3,G,405(E2),V,-0.5871,1
0,0,,A,406(E2),A,0,
-3.639,-4.277,2,A,406(E2),D,,
-5.599,-6.962,2,A,406(E2),S,,
-1.647,-0.9491,8,A,406(E2),T,-0.9086,4
2.237,0.2375,2,A,406(E2),V,,
-1.46,-0.7683,8,T,407(E2),I,-8,1
0,0,,T,407(E2),T,0,
-2.283,-1.756,4,V,408(E2),A,,
-7.085,-7.548,3,V,408(E2),E,,
-3.054,-3.114,1,V,408(E2),K,-3.443,1
-3.014,-3.035,2,V,408(E2),L,,
-0.9604,-0.3948,21,V,408(E2),M,-3.111,2
0,0,,V,408(E2),V,0,
-2.821,-2.668,1,P,409(E2),A,,
-6.466,-7.392,6,P,409(E2),H,-8,1
-5.93,-7.165,2,P,409(E2),L,,
0,0,,P,409(E2),P,0,
-5.351,-6.77,8,P,409(E2),S,-8,1
-0.1108,-0.03011,1,P,409(E2),T,,
0,0,,F,410(E2),F,0,
-2.47,-2.052,2,F,410(E2),I,,
0.8408,0.1495,1,F,410(E2),L,,
0,0,,L,411(E2),L,0,
0.6147,0.1203,2,L,411(E2),M,,
-1.085,-0.4746,1,L,411(E2),P,,
-0.2946,-0.08738,1,L,411(E2),V,,
-4.122,-5.179,1,L,412(E2),H,-5.503,1
0,0,,L,412(E2),L,0,
2.594,0.2463,1,L,412(E2),M,,
-5.45,-6.851,3,L,412(E2),P,,
-6.697,-7.461,2,L,412(E2),Q,,
-2.161,-1.577,2,S,413(E2),I,,
-2.086,-1.473,8,S,413(E2),N,-2.06,2
-0.9548,-0.3914,2,S,413(E2),R,,
0,0,,S,413(E2),S,0,
0,0,,L,414(E2),L,0,
-2.384,-1.913,4,L,414(E2),M,-1.24,1
-6.461,-7.391,27,L,414(E2),P,-8,2
-7.946,-7.656,5,L,414(E2),Q,-8,1
-4.43,-5.682,2,L,414(E2),R,,
-4.058,-5.065,3,C,416(E2),*,-8,1
0,0,,C,416(E2),C,0,
-1.829,-1.148,2,C,416(E2),F,,
-0.1546,-0.0429,1,C,416(E2),R,,
-4.38,-5.605,2,C,416(E2),S,,
-3.645,-4.288,12,C,416(E2),Y,-3.169,3
-7.075,-7.546,4,C,417(E2),*,-8,1
0,0,,C,417(E2),C,0,
-3.675,-4.347,5,C,417(E2),F,,
-5.802,-7.093,1,C,417(E2),N,,
-0.5733,-0.1947,1,C,417(E2),R,,
-0.7691,-0.2875,1,C,417(E2),S,,
-7.751,-7.639,16,C,417(E2),Y,-8,2
2.766,0.2495,1,I,418(E2),-,,
1.04,0.1705,2,I,418(E2),F,,
0,0,,I,418(E2),I,0,
-1.194,-0.551,1,I,418(E2),L,-0.8468,1
-1.137,-0.5103,2,I,418(E2),N,,
-0.7394,-0.2725,3,I,418(E2),T,-2.265,1
-6.059,-7.23,2,R,419(E2),*,,
-0.4467,-0.1426,1,R,419(E2),A,,
-2.661,-2.378,5,R,419(E2),G,,
-9.221,-7.715,3,R,419(E2),I,,
-0.7318,-0.2686,6,R,419(E2),K,-0.516,1
-1.877,-1.205,1,R,419(E2),P,,
0,0,,R,419(E2),R,0,
-4.37,-5.589,1,R,419(E2),S,,
0.1026,0.02524,2,T,420(E2),A,,
1.834,0.223,1,T,420(E2),H,,
-1.723,-1.029,10,T,420(E2),I,-1.781,1
-0.05877,-0.01558,1,T,420(E2),N,,
0,0,,T,420(E2),T,0,
-6.225,-7.303,1,A,421(E2),-,,
0,0,,A,421(E2),A,0,
-1.352,-0.6746,1,A,421(E2),C,-1.018,1
-6.705,-7.463,2,A,421(E2),D,-8,1
-6.615,-7.438,1,A,421(E2),F,-8,1
-0.1087,-0.0295,1,A,421(E2),G,,
-2.278,-1.749,1,A,421(E2),P,,
-0.2103,-0.05989,5,A,421(E2),S,,
0.1161,0.02838,47,A,421(E2),T,-0.4001,4
0.2495,0.05739,4,A,421(E2),V,,
-3.395,-3.792,2,K,422(E2),A,-4.508,1
-1.04,-0.445,6,K,422(E2),E,,
0,0,,K,422(E2),K,0,
-4.649,-5.998,1,K,422(E2),M,-6.322,1
1.72,0.2177,4,K,422(E2),N,,
-0.6837,-0.2451,1,K,422(E2),S,,
3.01,0.2533,1,K,422(E2),T,,
0,0,,A,423(E2),A,0,
-4.857,-6.266,3,A,423(E2),D,-6.539,1
-0.4645,-0.1496,1,A,423(E2),P,,
-1.444,-0.7538,4,A,423(E2),S,-1.575,2
-4.318,-5.506,12,A,423(E2),T,-8,1
-7.328,-7.588,16,A,423(E2),V,-8,1
-5.269,-6.698,1,A,423(E2),W,-7.084,1
0,0,,A,1(6K),A,0,
0.7968,0.1443,9,A,1(6K),C,-0.2179,7
-1.926,-1.264,9,A,1(6K),D,-1.678,1
0.2818,0.06388,10,A,1(6K),E,-0.05057,4
0.2987,0.06718,7,A,1(6K),F,0.9952,2
0.4201,0.08951,6,A,1(6K),G,0.5716,2
-0.2854,-0.08428,7,A,1(6K),H,-0.4545,3
-2.076,-1.459,5,A,1(6K),I,-1.798,1
0.03585,0.009096,8,A,1(6K),K,-1.53,2
0.4811,0.09978,3,A,1(6K),L,0.1883,2
0.1723,0.04104,7,A,1(6K),M,-0.373,2
-1.719,-1.025,4,A,1(6K),N,-1.343,4
-6.846,-7.498,9,A,1(6K),P,-8,1
-0.4118,-0.1293,6,A,1(6K),Q,-0.7114,2
0.6971,0.1317,18,A,1(6K),R,-0.4755,10
0.6273,0.1221,14,A,1(6K),S,-0.1384,6
0.3808,0.08257,98,A,1(6K),T,-0.5389,10
-0.9575,-0.3931,18,A,1(6K),V,-0.1948,8
-0.148,-0.04094,7,A,1(6K),W,-0.5283,2
0.8848,0.1545,6,A,1(6K),Y,-0.961,3
-7.26,-7.578,15,T,2(6K),*,-8,10
1.195,0.1841,14,T,2(6K),A,0.1964,7
-1.64,-0.9419,6,T,2(6K),C,-1.369,4
0.7806,0.1423,9,T,2(6K),D,0.359,4
-0.7421,-0.2738,13,T,2(6K),E,-0.9045,9
-2.241,-1.693,14,T,2(6K),F,-2.317,8
1.526,0.2073,6,T,2(6K),G,0.4202,4
-1.289,-0.6237,7,T,2(6K),H,-1.015,3
-1.304,-0.6351,10,T,2(6K),I,-1.662,3
0.5414,0.1094,6,T,2(6K),K,-1.4,1
-0.3613,-0.1107,9,T,2(6K),L,-0.8192,5
-0.3578,-0.1094,8,T,2(6K),M,-0.6158,5
0.8556,0.1512,12,T,2(6K),N,-0.4899,4
-0.08555,-0.02297,12,T,2(6K),P,-0.3816,5
0.5955,0.1175,7,T,2(6K),Q,-0.04055,2
0.3991,0.08583,10,T,2(6K),R,0.225,4
-1.185,-0.5444,3,T,2(6K),S,-1.323,3
0,0,,T,2(6K),T,0,
2.617,0.2467,4,T,2(6K),V,-0.05809,1
-2.619,-2.304,12,T,2(6K),W,-2.725,7
-1.845,-1.167,8,T,2(6K),Y,,
-0.4941,-0.1614,1,Y,3(6K),-,,
-0.6678,-0.2375,12,Y,3(6K),A,-0.6261,5
-1.079,-0.4706,9,Y,3(6K),C,-0.9035,8
1.375,0.1977,4,Y,3(6K),D,0.2937,3
0.7477,0.1383,14,Y,3(6K),E,0.7147,9
-0.1054,-0.02858,9,Y,3(6K),F,-1.833,2
-0.5804,-0.1977,9,Y,3(6K),G,-0.5419,7
-0.2209,-0.06324,11,Y,3(6K),H,-1.682,1
-0.3415,-0.1036,5,Y,3(6K),I,-1.05,3
-1.009,-0.4248,5,Y,3(6K),K,-0.6127,1
2.202,0.2365,13,Y,3(6K),L,0.4712,6
-0.7319,-0.2687,9,Y,3(6K),M,-0.5519,4
2.67,0.2478,8,Y,3(6K),N,0.3334,3
0.2457,0.0566,7,Y,3(6K),P,-0.6739,3
-0.489,-0.1594,6,Y,3(6K),Q,0.2956,2
0.1728,0.04116,11,Y,3(6K),R,-1.095,3
0.8012,0.1448,6,Y,3(6K),S,0.4622,4
2.554,0.2454,5,Y,3(6K),T,0.4556,1
0.6533,0.1257,6,Y,3(6K),V,-0.6332,3
0.9447,0.1609,10,Y,3(6K),W,-0.9205,6
0,0,,Y,3(6K),Y,0,
-7.21,-7.57,11,Q,4(6K),*,-8,4
-2.145,-1.554,1,Q,4(6K),-,,
-0.4772,-0.1546,8,Q,4(6K),A,-1.669,4
-1.215,-0.5668,9,Q,4(6K),C,-1.198,3
0.4484,0.09435,11,Q,4(6K),D,-1.13,3
1.366,0.1971,9,Q,4(6K),E,0.08085,4
-0.1729,-0.04838,7,Q,4(6K),F,0.1194,3
-1.3,-0.6319,8,Q,4(6K),G,-1.225,4
1.142,0.1797,11,Q,4(6K),H,-0.07447,4
1.577,0.2102,6,Q,4(6K),I,-1.2,3
-0.6233,-0.2169,10,Q,4(6K),K,-0.1775,5
2.73,0.2489,6,Q,4(6K),L,0.0195,2
1.71,0.2172,9,Q,4(6K),M,-0.3349,5
2.191,0.2361,6,Q,4(6K),N,-0.4804,3
-1.391,-0.7072,12,Q,4(6K),P,-0.5044,9
0,0,,Q,4(6K),Q,0,
0.2579,0.0591,11,Q,4(6K),R,-0.6552,5
-0.5661,-0.1916,6,Q,4(6K),S,-2.149,3
1.33,0.1945,10,Q,4(6K),T,-0.5706,5
-0.06033,-0.01601,8,Q,4(6K),V,-0.1486,4
-0.3421,-0.1038,6,Q,4(6K),W,-4.65,1
-1.394,-0.7103,10,Q,4(6K),Y,-0.5776,6
-7.973,-7.659,4,E,5(6K),*,,
-1.256,-0.5976,1,E,5(6K),-,,
-0.5461,-0.183,5,E,5(6K),A,0.3144,1
-0.4418,-0.1407,9,E,5(6K),C,-2.026,3
2.848,0.2509,9,E,5(6K),D,-0.6535,1
0,0,,E,5(6K),E,0,
-2.403,-1.943,8,E,5(6K),F,-2.009,7
-0.6604,-0.234,16,E,5(6K),G,-1.029,6
2.165,0.2353,10,E,5(6K),H,0.07475,10
-2.125,-1.527,5,E,5(6K),I,-1.525,4
-0.5992,-0.206,13,E,5(6K),K,-1.093,3
-2.214,-1.653,9,E,5(6K),L,-1.599,5
-1.437,-0.7477,10,E,5(6K),M,-1.166,4
0.1659,0.03963,11,E,5(6K),N,-0.3856,4
-0.2938,-0.0871,12,E,5(6K),P,-0.3553,6
0.8889,0.1549,13,E,5(6K),Q,-1.688,10
-1.677,-0.9803,9,E,5(6K),R,-1.487,3
0.2679,0.0611,10,E,5(6K),S,-0.433,5
-0.8514,-0.3316,10,E,5(6K),T,-0.6964,8
0.1579,0.03786,5,E,5(6K),V,-0.1875,1
-2.883,-2.785,12,E,5(6K),W,-2.974,8
-1.094,-0.4802,4,E,5(6K),Y,-0.9687,2
-6.557,-7.421,11,A,6(6K),*,-8,3
-1.828,-1.147,1,A,6(6K),-,,
0,0,,A,6(6K),A,0,
1.336,0.195,5,A,6(6K),C,-0.7908,4
-1.733,-1.04,8,A,6(6K),D,-2.037,2
-1.555,-0.857,2,A,6(6K),E,-1.172,2
-0.8434,-0.3272,11,A,6(6K),F,-0.7561,7
-1.318,-0.6467,9,A,6(6K),G,0.355,3
-0.6805,-0.2436,9,A,6(6K),H,-0.4205,5
-0.4973,-0.1627,7,A,6(6K),I,-0.5079,5
1.168,0.182,7,A,6(6K),K,-0.6437,3
-0.3069,-0.09157,3,A,6(6K),L,-0.4803,2
1.142,0.1797,7,A,6(6K),M,0.6704,2
-0.1076,-0.02921,7,A,6(6K),N,0.1695,4
0.9044,0.1566,8,A,6(6K),P,-0.09355,6
-0.1791,-0.05026,7,A,6(6K),Q,0.4053,3
-0.7156,-0.2606,10,A,6(6K),R,-0.6496,4
-0.6642,-0.2358,9,A,6(6K),S,-0.9846,4
-0.1187,-0.03237,16,A,6(6K),T,0.1032,7
-0.7086,-0.2572,34,A,6(6K),V,-0.1597,7
0.02808,0.00715,3,A,6(6K),W,,
-0.3789,-0.117,9,A,6(6K),Y,-0.8834,5
0,0,,A,7(6K),A,0,
0.9523,0.1617,13,A,7(6K),C,-2.067,4
-0.5909,-0.2024,17,A,7(6K),D,0.09237,6
0.7805,0.1423,6,A,7(6K),E,-0.1433,4
-0.775,-0.2906,10,A,7(6K),F,-0.5235,9
-0.683,-0.2447,6,A,7(6K),G,-0.5083,3
-0.796,-0.3016,4,A,7(6K),H,-0.7515,3
0.1602,0.03837,7,A,7(6K),I,0.1005,2
-1.045,-0.4477,9,A,7(6K),K,0.09089,3
0.4581,0.09598,9,A,7(6K),L,-0.1308,3
4.732,0.2644,8,A,7(6K),M,-0.7211,5
-1.13,-0.505,8,A,7(6K),N,-1.708,4
0.3298,0.07316,11,A,7(6K),P,0.1165,7
-1.934,-1.274,1,A,7(6K),Q,-1.62,1
1.138,0.1793,6,A,7(6K),R,-0.4837,1
-1.154,-0.522,9,A,7(6K),S,-1.146,3
-0.2205,-0.06312,35,A,7(6K),T,0.3695,6
0.07829,0.01947,17,A,7(6K),V,-0.307,8
0.4936,0.1018,4,A,7(6K),W,-0.7227,2
-0.8607,-0.3367,5,A,7(6K),Y,-0.9155,4
-7.132,-7.556,13,V,8(6K),*,-8,7
1.006,0.1671,10,V,8(6K),A,-0.2853,5
-0.695,-0.2505,6,V,8(6K),C,0.07208,3
2.827,0.2505,7,V,8(6K),D,0.2357,6
1.045,0.171,9,V,8(6K),E,-0.9713,3
-1.177,-0.5388,11,V,8(6K),F,-0.7753,6
-0.3373,-0.1021,3,V,8(6K),G,0.3745,2
-0.4115,-0.1291,10,V,8(6K),H,0.0385,4
-1.201,-0.5565,7,V,8(6K),I,-0.5926,3
-0.2438,-0.07055,5,V,8(6K),K,-0.2619,4
0.8505,0.1506,16,V,8(6K),L,-0.1105,7
0.2749,0.0625,24,V,8(6K),M,-0.2713,5
-0.3535,-0.1078,7,V,8(6K),N,-0.3504,4
-1.393,-0.7091,8,V,8(6K),P,-0.6221,7
0.1104,0.02705,11,V,8(6K),Q,0.1912,4
-1.438,-0.7487,7,V,8(6K),R,-0.6217,3
-2.681,-2.414,3,V,8(6K),S,-2.987,1
0.7078,0.1331,7,V,8(6K),T,-1.5e-05,4
0,0,,V,8(6K),V,0,
0.8699,0.1528,5,V,8(6K),W,-0.5106,3
-0.8543,-0.3332,9,V,8(6K),Y,-0.8569,4
-6.305,-7.335,5,Y,9(6K),*,,
0.2711,0.06174,8,Y,9(6K),A,-0.4835,4
2.792,0.25,12,Y,9(6K),C,-0.3811,6
-0.8936,-0.3554,5,Y,9(6K),D,0.7457,1
2.721,0.2487,5,Y,9(6K),E,-0.9839,2
-0.8555,-0.3339,10,Y,9(6K),F,-0.5276,6
-1.272,-0.6105,8,Y,9(6K),G,-0.9902,4
5.53,0.2658,10,Y,9(6K),H,-0.05317,4
1.164,0.1816,6,Y,9(6K),I,0.4386,1
-1.013,-0.4272,10,Y,9(6K),K,-0.9927,4
4.745,0.2645,9,Y,9(6K),L,1.203,3
-0.8737,-0.344,7,Y,9(6K),M,-0.497,5
0.5182,0.1058,10,Y,9(6K),N,-0.2714,5
-0.7167,-0.2611,14,Y,9(6K),P,-1.572,5
4.067,0.2621,8,Y,9(6K),Q,-0.1591,5
-0.06029,-0.016,5,Y,9(6K),R,-0.411,1
0.354,0.07769,9,Y,9(6K),S,-0.931,5
2.469,0.2436,11,Y,9(6K),T,-0.2505,5
0.2049,0.04809,4,Y,9(6K),V,0.1765,2
-1.786,-1.099,8,Y,9(6K),W,-1.999,2
0,0,,Y,9(6K),Y,0,
-6.397,-7.369,13,L,10(6K),*,-8,8
-0.08316,-0.0223,1,L,10(6K),-,,
2.179,0.2357,5,L,10(6K),A,0.1369,3
-2.111,-1.508,14,L,10(6K),C,-2.001,6
-0.3657,-0.1122,5,L,10(6K),D,-0.3961,3
3.325,0.2569,8,L,10(6K),E,0.05838,3
0.1548,0.03717,10,L,10(6K),F,-0.5968,7
1.269,0.19,4,L,10(6K),G,0.377,2
1.554,0.2089,7,L,10(6K),H,0.3977,5
-0.701,-0.2534,7,L,10(6K),I,-1.375,3
0.3015,0.06773,7,L,10(6K),K,-1.215,4
0,0,,L,10(6K),L,0,
0.8529,0.1509,15,L,10(6K),M,-0.4272,8
-1.246,-0.5898,10,L,10(6K),N,-0.038,4
-0.5082,-0.1672,33,L,10(6K),P,-0.5817,8
-0.4709,-0.1521,16,L,10(6K),Q,0.2461,3
2.93,0.2521,11,L,10(6K),R,-0.6827,4
1.207,0.1852,9,L,10(6K),S,-0.0191,4
0.7455,0.138,16,L,10(6K),T,-0.436,8
-0.4616,-0.1484,6,L,10(6K),V,-0.6787,4
2.028,0.2307,2,L,10(6K),W,1.324,1
0.435,0.09207,7,L,10(6K),Y,-0.5247,4
-12.34,-7.737,48,W,11(6K),*,-8,3
-0.1158,-0.03154,1,W,11(6K),-,,
0.5129,0.1049,9,W,11(6K),A,-0.1634,3
-0.09482,-0.02557,11,W,11(6K),C,-0.127,5
3.113,0.2546,4,W,11(6K),D,-0.3363,1
-1.173,-0.5359,8,W,11(6K),E,-0.7555,6
0.4069,0.08721,14,W,11(6K),F,-0.2492,5
1.682,0.2159,10,W,11(6K),G,-0.774,5
2.701,0.2484,9,W,11(6K),H,0.1306,9
0.4454,0.09384,6,W,11(6K),I,0.3875,3
0.8695,0.1528,6,W,11(6K),K,-0.6033,3
2.193,0.2362,15,W,11(6K),L,0.05147,4
0.3187,0.07105,13,W,11(6K),M,0.4042,7
-0.0369,-0.009684,5,W,11(6K),N,-0.00506,4
-0.7201,-0.2628,17,W,11(6K),P,-0.7436,10
0.4107,0.08787,8,W,11(6K),Q,-0.857,4
0.1352,0.03275,7,W,11(6K),R,-1.828,2
0.6975,0.1317,4,W,11(6K),S,,
2.067,0.2321,8,W,11(6K),T,0.2691,3
0.6561,0.1261,10,W,11(6K),V,-0.6683,5
0,0,,W,11(6K),W,0,
-2.511,-2.119,3,W,11(6K),Y,,
-6.827,-7.494,9,N,12(6K),*,-8,7
-0.4534,-0.1452,1,N,12(6K),-,,
-0.7418,-0.2736,11,N,12(6K),A,-1.069,6
-0.03183,-0.008334,10,N,12(6K),C,-0.3775,3
0.5916,0.1169,7,N,12(6K),D,0.4787,2
3.283,0.2565,6,N,12(6K),E,0.6594,4
0.05901,0.01481,10,N,12(6K),F,-0.2688,3
-1.581,-0.8818,8,N,12(6K),G,-0.7122,4
-1.654,-0.9555,5,N,12(6K),H,-0.694,2
1.894,0.2255,6,N,12(6K),I,-0.0275,4
-0.0283,-0.007398,7,N,12(6K),K,-1.046,1
-0.8451,-0.3281,13,N,12(6K),L,-1.132,3
-0.5957,-0.2045,7,N,12(6K),M,-1.097,4
0,0,,N,12(6K),N,0,
-1.36,-0.6812,10,N,12(6K),P,-0.8373,5
0.5768,0.1147,11,N,12(6K),Q,-0.1355,7
1.394,0.199,5,N,12(6K),R,-0.8332,3
-1.314,-0.6437,10,N,12(6K),S,-0.8019,5
-2.127,-1.529,3,N,12(6K),T,-0.7746,2
6.346,0.2664,5,N,12(6K),V,0.8072,1
-0.6616,-0.2346,5,N,12(6K),W,-0.8457,3
3.327,0.257,6,N,12(6K),Y,0.4549,3
-7.252,-7.577,6,E,13(6K),*,-8,1
1.577,0.2102,1,E,13(6K),-,,
1.014,0.1679,5,E,13(6K),A,-0.1096,1
-1.63,-0.9315,9,E,13(6K),C,-1.73,5
-1.275,-0.6127,17,E,13(6K),D,-1.034,6
0,0,,E,13(6K),E,0,
-0.199,-0.05638,15,E,13(6K),F,0.1328,6
-0.4294,-0.1359,11,E,13(6K),G,-0.8397,3
-0.2117,-0.06035,11,E,13(6K),H,-0.11,5
-0.1341,-0.03685,10,E,13(6K),I,-0.06765,4
-2.152,-1.564,13,E,13(6K),K,-1.66,6
-2.26,-1.721,7,E,13(6K),L,-2.556,3
0.1893,0.04474,3,E,13(6K),M,,
-0.3855,-0.1195,11,E,13(6K),N,0.2055,5
-0.1433,-0.03953,13,E,13(6K),P,0.4138,6
1.429,0.2013,41,E,13(6K),Q,-0.3868,25
-2.778,-2.59,5,E,13(6K),R,-2.294,1
-0.1046,-0.02833,9,E,13(6K),S,-0.09717,3
1.821,0.2224,9,E,13(6K),T,-0.2128,3
2.098,0.2331,10,E,13(6K),V,0.08436,6
-1.941,-1.283,8,E,13(6K),W,-2.991,3
1.275,0.1904,11,E,13(6K),Y,-1.204,6
-9.032,-7.71,22,Q,14(6K),*,-8,8
1.204,0.1849,1,Q,14(6K),-,,
-0.5727,-0.1944,4,Q,14(6K),A,-0.4777,2
-1.644,-0.9453,7,Q,14(6K),C,-1.407,2
2.259,0.2381,5,Q,14(6K),D,0.1492,1
0.08171,0.02029,8,Q,14(6K),E,-0.1689,5
0.4786,0.09937,6,Q,14(6K),F,,
-0.2976,-0.08838,7,Q,14(6K),G,-0.8145,3
-0.3324,-0.1004,10,Q,14(6K),H,0.2707,2
1.355,0.1963,1,Q,14(6K),I,,
-0.8758,-0.3452,13,Q,14(6K),K,-0.8195,6
-0.9893,-0.4126,10,Q,14(6K),L,-0.8548,6
-1.466,-0.7732,10,Q,14(6K),M,-1.44,4
-1.843,-1.165,6,Q,14(6K),N,-2.05,3
0.3784,0.08214,6,Q,14(6K),P,-1.216,2
0,0,,Q,14(6K),Q,0,
-0.67,-0.2386,6,Q,14(6K),R,-0.1925,2
-0.7663,-0.2861,9,Q,14(6K),S,-0.2301,7
1.864,0.2243,10,Q,14(6K),T,-0.03655,6
-0.801,-0.3043,8,Q,14(6K),V,-0.6865,2
-0.1047,-0.02837,8,Q,14(6K),W,-0.93,3
-1.043,-0.4464,8,Q,14(6K),Y,0.3674,4
-7.662,-7.63,11,Q,15(6K),*,,
1.56,0.2093,9,Q,15(6K),A,-0.04,4
0.3384,0.07477,5,Q,15(6K),C,-1.235,1
-0.5063,-0.1664,9,Q,15(6K),D,0.2616,4
4.762,0.2645,7,Q,15(6K),E,1.016,3
2.802,0.2501,4,Q,15(6K),F,-1.764,2
1.53,0.2076,5,Q,15(6K),G,-1.017,4
0.8654,0.1523,8,Q,15(6K),H,-0.3444,2
3.381,0.2575,8,Q,15(6K),I,0.4444,5
-1.362,-0.6831,13,Q,15(6K),K,-0.9935,7
-0.3975,-0.1239,9,Q,15(6K),L,0.7643,2
1.07,0.1733,9,Q,15(6K),M,0.88,3
0.6932,0.1312,5,Q,15(6K),N,0.3589,2
-1.397,-0.7124,9,Q,15(6K),P,-1.223,5
0,0,,Q,15(6K),Q,0,
-0.8515,-0.3316,6,Q,15(6K),R,-0.5001,3
-0.7101,-0.2579,4,Q,15(6K),S,-0.1209,2
-0.258,-0.07518,9,Q,15(6K),T,-1.377,5
0.3326,0.07369,8,Q,15(6K),V,1.337,1
-1.983,-1.336,4,Q,15(6K),W,-1.225,3
-0.2128,-0.06069,5,Q,15(6K),Y,-0.09965,1
-7.681,-7.632,10,P,16(6K),*,-8,4
0.06316,0.01582,8,P,16(6K),A,-0.3948,4
1.153,0.1807,5,P,16(6K),C,-0.2242,1
1.358,0.1965,7,P,16(6K),D,-0.8009,3
0.9483,0.1613,3,P,16(6K),E,1.034,1
1.769,0.22,8,P,16(6K),F,-0.7379,2
-0.9914,-0.4139,6,P,16(6K),G,-1.235,4
-0.02024,-0.005271,10,P,16(6K),H,-0.03123,4
-0.7085,-0.2571,4,P,16(6K),I,0.2662,1
0.7468,0.1381,4,P,16(6K),K,0.01555,2
-0.2811,-0.08284,12,P,16(6K),L,-1.349,4
3.451,0.2581,2,P,16(6K),M,0.5454,1
-1.138,-0.5112,5,P,16(6K),N,-0.1008,3
0,0,,P,16(6K),P,0,
-1.391,-0.7077,7,P,16(6K),Q,-0.3092,4
-1.35,-0.673,5,P,16(6K),R,-0.3142,3
0.3192,0.07113,6,P,16(6K),S,-0.7426,2
0.04364,0.01103,13,P,16(6K),T,-0.9937,6
0.9914,0.1657,5,P,16(6K),V,-0.7176,3
-1.579,-0.8797,4,P,16(6K),W,-1.233,2
-2.232,-1.679,6,P,16(6K),Y,-1.542,2
0.6878,0.1305,4,L,17(6K),A,0.0501,2
-0.6959,-0.251,10,L,17(6K),C,-0.2558,4
-1.215,-0.5665,6,L,17(6K),D,-0.5219,3
-0.7143,-0.2599,7,L,17(6K),E,-0.7451,5
-0.7838,-0.2952,6,L,17(6K),F,0.1548,1
-0.6693,-0.2382,8,L,17(6K),G,-1.24,5
2.712,0.2486,6,L,17(6K),H,0.1414,3
-0.9352,-0.3796,10,L,17(6K),I,-0.4623,7
-1.961,-1.308,4,L,17(6K),K,-1.601,4
0,0,,L,17(6K),L,0,
0.5183,0.1058,6,L,17(6K),M,-2.007,1
-0.5383,-0.1797,4,L,17(6K),N,-0.9192,2
-0.7318,-0.2686,14,L,17(6K),P,0.002572,7
-1.431,-0.7424,7,L,17(6K),Q,-0.6647,3
-1.516,-0.8196,10,L,17(6K),R,-1.015,4
1.184,0.1832,4,L,17(6K),S,-0.9102,2
-2.123,-1.523,6,L,17(6K),T,-0.7467,3
-0.5665,-0.1917,10,L,17(6K),V,-0.7976,7
0.2735,0.06223,10,L,17(6K),W,0.4687,2
-1.793,-1.107,4,L,17(6K),Y,-1.514,3
-7.031,-7.538,2,F,18(6K),*,-8,2
0.6765,0.1289,3,F,18(6K),A,,
-1.022,-0.4329,5,F,18(6K),C,-1.667,3
-0.8328,-0.3214,15,F,18(6K),D,-0.09581,5
-0.07988,-0.02139,11,F,18(6K),E,-0.1161,7
0,0,,F,18(6K),F,0,
-0.7949,-0.301,10,F,18(6K),G,0.7759,2
0.1235,0.03009,7,F,18(6K),H,-0.1037,3
-0.5763,-0.196,9,F,18(6K),I,-0.5707,6
-2.193,-1.623,4,F,18(6K),K,-1.635,2
1.391,0.1988,6,F,18(6K),L,0.3897,2
-0.2077,-0.05909,7,F,18(6K),M,-0.5431,3
-0.1154,-0.03142,7,F,18(6K),N,-0.006627,5
-0.6766,-0.2417,7,F,18(6K),P,-0.5442,4
0.8944,0.1556,4,F,18(6K),Q,,
-0.6916,-0.2489,5,F,18(6K),R,-0.1088,1
-0.1144,-0.03114,6,F,18(6K),S,0.7419,3
0.5741,0.1143,5,F,18(6K),T,0.1784,3
2.709,0.2485,4,F,18(6K),V,-0.3803,2
2.019,0.2304,3,F,18(6K),W,0.01053,1
1.721,0.2178,7,F,18(6K),Y,-3.438,2
-9.233,-7.715,41,W,19(6K),*,-8,7
0.2732,0.06216,2,W,19(6K),A,-0.1264,1
1.345,0.1956,10,W,19(6K),C,0.01843,6
1.11,0.1769,8,W,19(6K),D,-1.036,4
-1.606,-0.9073,8,W,19(6K),E,-0.9503,5
3.049,0.2538,8,W,19(6K),F,-1.47,4
-0.5351,-0.1783,7,W,19(6K),G,0.3194,2
-2.937,-2.889,2,W,19(6K),H,,
2.106,0.2334,6,W,19(6K),I,0.5062,2
0.2915,0.06577,5,W,19(6K),K,-0.3434,2
-1.619,-0.9202,9,W,19(6K),L,-1.064,3
0.2446,0.05638,11,W,19(6K),M,-1.109,6
-0.8235,-0.3163,6,W,19(6K),N,0.1955,2
-0.6583,-0.233,4,W,19(6K),P,0.07071,1
-0.2053,-0.05835,12,W,19(6K),Q,0.1142,8
0.8758,0.1535,7,W,19(6K),R,-1.844,3
0.1747,0.04157,11,W,19(6K),S,-0.2029,8
0.3516,0.07722,8,W,19(6K),T,-0.00965,4
1.28,0.1909,9,W,19(6K),V,-0.5766,4
0,0,,W,19(6K),W,0,
-0.03301,-0.008647,3,W,19(6K),Y,-0.9423,1
-7.251,-7.576,8,L,20(6K),*,-8,2
0.1232,0.03002,9,L,20(6K),A,0.11,7
0.2446,0.05638,3,L,20(6K),C,-0.1428,1
0.3664,0.07996,5,L,20(6K),D,-0.03152,3
-0.8114,-0.3098,4,L,20(6K),E,-0.6847,2
-0.6213,-0.216,6,L,20(6K),F,-0.8341,3
-0.2462,-0.07134,8,L,20(6K),G,-0.2567,5
-1.133,-0.5077,4,L,20(6K),H,-1.542,3
0.4025,0.08643,8,L,20(6K),I,-1.087,2
-1.126,-0.5026,4,L,20(6K),K,-0.5202,2
0,0,,L,20(6K),L,0,
0.7059,0.1329,12,L,20(6K),M,0.3521,6
-0.03764,-0.009883,9,L,20(6K),N,0.0294,3
-0.4974,-0.1627,16,L,20(6K),P,-0.3459,5
3.563,0.259,3,L,20(6K),Q,-1.378,1
-1.106,-0.4885,2,L,20(6K),R,-0.6698,1
0.3998,0.08596,5,L,20(6K),S,-0.1053,2
0.4581,0.09598,7,L,20(6K),T,0.1092,4
-0.8402,-0.3254,6,L,20(6K),V,0.0808,4
-1.299,-0.6315,8,L,20(6K),W,-0.754,4
2.755,0.2493,5,L,20(6K),Y,-1.127,2
-5.518,-6.903,10,Q,21(6K),*,,
-1.111,-0.4918,1,Q,21(6K),A,,
1.478,0.2044,10,Q,21(6K),C,-0.3696,4
-2.147,-1.557,3,Q,21(6K),D,-1.285,2
2.126,0.2341,5,Q,21(6K),E,0.158,2
2.903,0.2517,3,Q,21(6K),F,0.3539,3
2.227,0.2372,10,Q,21(6K),G,-0.3617,4
3.181,0.2554,6,Q,21(6K),H,0.4916,2
-0.02731,-0.007135,7,Q,21(6K),I,-1.222,4
-0.8206,-0.3147,6,Q,21(6K),K,-0.1765,2
2.496,0.2442,6,Q,21(6K),L,-1.123,2
-0.4353,-0.1382,7,Q,21(6K),M,-0.2663,5
-0.3439,-0.1044,7,Q,21(6K),N,-1.064,4
0.06294,0.01577,5,Q,21(6K),P,0.8556,1
0,0,,Q,21(6K),Q,0,
0.463,0.0968,15,Q,21(6K),R,-0.1684,5
-0.7512,-0.2784,7,Q,21(6K),S,-0.6694,2
-1.96,-1.307,6,Q,21(6K),T,-1.605,5
0.3654,0.07978,6,Q,21(6K),V,0.6917,1
0.7015,0.1323,7,Q,21(6K),W,0.8622,1
-0.1831,-0.05149,6,Q,21(6K),Y,-0.3011,5
-7.206,-7.569,6,A,22(6K),*,-8,2
0,0,,A,22(6K),A,0,
-0.1126,-0.03062,10,A,22(6K),C,-0.252,6
-0.4041,-0.1264,6,A,22(6K),D,-0.4083,4
0.1212,0.02957,7,A,22(6K),E,0.9119,1
-0.5627,-0.1901,7,A,22(6K),F,-0.6292,2
0.1405,0.03397,4,A,22(6K),G,-0.05775,1
-1.571,-0.8721,6,A,22(6K),H,-1.661,3
-1.033,-0.4402,8,A,22(6K),I,-1.256,5
-0.9467,-0.3865,6,A,22(6K),K,-0.1681,4
-0.5892,-0.2016,5,A,22(6K),L,,
-1.674,-0.9765,5,A,22(6K),M,-1.173,3
-1.144,-0.5153,9,A,22(6K),N,-0.9319,4
-1.644,-0.9457,7,A,22(6K),P,-1.451,3
-1.922,-1.26,5,A,22(6K),Q,-0.3338,2
-1.963,-1.311,4,A,22(6K),R,,
0.122,0.02975,12,A,22(6K),S,0.3476,2
-1.685,-0.9888,12,A,22(6K),T,-0.6124,4
0.4668,0.09742,14,A,22(6K),V,-0.9522,3
-0.8682,-0.3409,10,A,22(6K),W,-0.2374,5
0.1164,0.02844,5,A,22(6K),Y,-1.005,2
-0.4672,-0.1506,2,L,23(6K),A,-0.03271,1
-0.1403,-0.03865,9,L,23(6K),C,-1.093,4
-0.136,-0.0374,4,L,23(6K),D,0.1703,3
-0.2449,-0.07092,7,L,23(6K),E,0.00555,2
0.334,0.07395,8,L,23(6K),F,0.08145,4
2.786,0.2499,5,L,23(6K),G,0.07184,3
-0.06365,-0.01692,7,L,23(6K),H,-2.28,2
-0.5158,-0.1703,6,L,23(6K),I,-0.2041,4
-3.042,-3.09,6,L,23(6K),K,-3.487,3
0,0,,L,23(6K),L,0,
-0.2492,-0.0723,17,L,23(6K),M,-0.3206,4
-1.635,-0.9367,8,L,23(6K),N,-1.793,5
0.01512,0.003874,27,L,23(6K),P,0.8037,2
-2.087,-1.475,7,L,23(6K),Q,-1.81,3
-2.574,-2.227,10,L,23(6K),R,-3.327,5
1.554,0.2089,7,L,23(6K),S,0.4499,4
-0.1544,-0.04282,8,L,23(6K),T,-0.5528,4
1.358,0.1965,6,L,23(6K),V,-0.8478,2
-0.8259,-0.3176,8,L,23(6K),W,0.417,4
-1.35,-0.673,6,L,23(6K),Y,-0.1348,4
-6.836,-7.496,9,I,24(6K),*,-8,5
-0.05996,-0.01591,1,I,24(6K),-,,
1.999,0.2296,7,I,24(6K),A,-0.3872,2
0.6604,0.1267,7,I,24(6K),C,0.155,5
-1.583,-0.8838,10,I,24(6K),D,-1.393,5
-1.824,-1.143,8,I,24(6K),E,-1.764,5
1.627,0.2129,4,I,24(6K),F,-0.7155,2
0.7551,0.1392,6,I,24(6K),G,0.7955,2
-0.3248,-0.09775,7,I,24(6K),H,-2.59,1
0,0,,I,24(6K),I,0,
-1.669,-0.971,6,I,24(6K),K,-1.544,3
-1.408,-0.7219,9,I,24(6K),L,-0.8274,6
-0.1294,-0.03548,5,I,24(6K),M,-0.6207,3
-1.644,-0.9454,4,I,24(6K),N,-1.253,1
0.4455,0.09385,8,I,24(6K),P,-0.1509,3
-0.03318,-0.008692,3,I,24(6K),Q,,
-3.008,-3.024,2,I,24(6K),R,-3.385,1
-3.02,-3.048,3,I,24(6K),S,-3.357,1
-1.55,-0.8525,8,I,24(6K),T,0.3868,2
0.3404,0.07516,4,I,24(6K),V,,
0.0978,0.02411,7,I,24(6K),W,0.7268,2
0.04288,0.01084,6,I,24(6K),Y,-1.537,3
-0.4681,-0.151,1,P,25(6K),-,,
1.479,0.2045,3,P,25(6K),A,-0.1986,1
2.465,0.2435,5,P,25(6K),C,0.00179,3
1.602,0.2116,3,P,25(6K),D,0.6657,1
-0.05617,-0.01487,2,P,25(6K),E,,
-0.2864,-0.08462,10,P,25(6K),F,-2.383,1
-1.215,-0.5668,9,P,25(6K),G,-0.258,3
1.194,0.1841,9,P,25(6K),H,-2,1
-0.6757,-0.2413,11,P,25(6K),I,-0.5373,8
-0.9594,-0.3942,1,P,25(6K),K,,
-0.9153,-0.368,10,P,25(6K),L,0.2963,3
1.264,0.1896,7,P,25(6K),M,-0.02236,3
0.1952,0.04601,6,P,25(6K),N,-0.4395,2
0,0,,P,25(6K),P,0,
1.762,0.2197,9,P,25(6K),Q,-0.7432,5
0.7191,0.1346,3,P,25(6K),R,-0.007467,1
-0.1142,-0.03109,6,P,25(6K),S,0.3054,3
0.3932,0.08479,12,P,25(6K),T,0.4788,4
-0.4479,-0.143,5,P,25(6K),V,-0.3461,4
0.3342,0.07398,8,P,25(6K),W,0.3786,5
-1.859,-1.184,7,P,25(6K),Y,-2.151,3
-7.08,-7.547,9,L,26(6K),*,-8,6
-0.7406,-0.2731,1,L,26(6K),-,,
0.1311,0.03183,3,L,26(6K),A,,
1.075,0.1737,8,L,26(6K),C,0.1307,5
-3.457,-3.916,7,L,26(6K),D,-4.297,3
-2.246,-1.7,8,L,26(6K),E,-2.043,3
-2.013,-1.376,2,L,26(6K),F,-0.8807,1
-0.311,-0.09297,4,L,26(6K),G,,
-1.937,-1.278,8,L,26(6K),H,-1.492,1
-1.637,-0.9384,4,L,26(6K),I,,
-6.411,-7.374,7,L,26(6K),K,-8,4
0,0,,L,26(6K),L,0,
-1.591,-0.8922,15,L,26(6K),M,-0.1754,4
-2.384,-1.912,8,L,26(6K),N,-3.727,3
-1.611,-0.9118,7,L,26(6K),P,-1.195,2
-2.756,-2.549,7,L,26(6K),Q,-2.313,5
-5.966,-7.184,8,L,26(6K),R,-8,5
-0.03751,-0.009847,13,L,26(6K),S,-2.545,5
-3.049,-3.104,3,L,26(6K),T,-3.431,1
0.5053,0.1037,10,L,26(6K),V,-0.1094,5
1.112,0.177,9,L,26(6K),W,-0.6848,6
-0.04436,-0.01168,2,L,26(6K),Y,,
-0.2919,-0.08648,1,A,27(6K),-,,
0,0,,A,27(6K),A,0,
0.2203,0.05135,6,A,27(6K),C,-0.2289,4
-3.065,-3.136,8,A,27(6K),D,-3.017,5
-2.867,-2.756,4,A,27(6K),E,-2.903,3
0.1807,0.04288,17,A,27(6K),F,-0.4229,9
-0.0805,-0.02156,8,A,27(6K),G,0.3077,2
-1.802,-1.117,8,A,27(6K),H,-1.663,4
2.353,0.2407,3,A,27(6K),I,0.1879,3
-6.994,-7.53,8,A,27(6K),K,-8,3
1.712,0.2173,11,A,27(6K),L,0.05883,7
-1.101,-0.4853,7,A,27(6K),M,-1.312,4
-2.994,-2.997,9,A,27(6K),N,-3.06,3
-2.923,-2.862,4,A,27(6K),P,-2.947,2
-7.14,-7.558,1,A,27(6K),Q,,
-6.223,-7.303,10,A,27(6K),R,-8,6
-1.392,-0.7082,13,A,27(6K),S,-0.3673,3
0.47,0.09796,19,A,27(6K),T,-0.423,5
0.2919,0.06587,72,A,27(6K),V,-0.06328,11
0.385,0.08332,7,A,27(6K),W,-1.212,4
0.9789,0.1645,6,A,27(6K),Y,-0.1739,4
-7.556,-7.618,11,A,28(6K),*,-8,6
-0.0003288,-8.446e-05,1,A,28(6K),-,,
0,0,,A,28(6K),A,0,
1.267,0.1899,6,A,28(6K),C,,
-2.736,-2.512,9,A,28(6K),D,-3.069,5
1.284,0.1911,6,A,28(6K),E,-1.468,1
2.902,0.2517,5,A,28(6K),F,0.8453,3
-1.476,-0.7826,7,A,28(6K),G,-0.5966,3
2.156,0.235,6,A,28(6K),H,-1.843,2
-0.6293,-0.2196,7,A,28(6K),I,-0.7604,4
-0.3583,-0.1096,4,A,28(6K),K,-0.9353,2
-1.546,-0.848,3,A,28(6K),L,-0.4501,2
1.653,0.2143,11,A,28(6K),M,0.4093,6
-1.232,-0.5792,1,A,28(6K),N,-0.8912,1
-1.354,-0.6767,8,A,28(6K),P,-0.5572,3
-1.086,-0.4753,9,A,28(6K),R,-0.8459,3
-1.148,-0.5182,12,A,28(6K),S,-0.3302,4
-0.5546,-0.1866,37,A,28(6K),T,0.0177,6
-0.2659,-0.07779,16,A,28(6K),V,0.1623,5
-1.418,-0.7307,6,A,28(6K),W,-1.024,5
-0.4111,-0.129,2,A,28(6K),Y,-0.3793,1
-0.4177,-0.1315,1,L,29(6K),-,,
1.162,0.1814,3,L,29(6K),A,0.06935,2
-3.092,-3.188,5,L,29(6K),C,-2.759,2
-2.445,-2.011,9,L,29(6K),D,-2.298,6
-2.268,-1.733,7,L,29(6K),E,-1.713,3
-0.9533,-0.3905,2,L,29(6K),F,-0.6167,1
0.1232,0.03002,7,L,29(6K),G,-0.1784,5
-0.7618,-0.2838,6,L,29(6K),H,-0.7443,4
1.65,0.2142,4,L,29(6K),I,-1.115,2
-2.224,-1.669,3,L,29(6K),K,-4.393,1
0,0,,L,29(6K),L,0,
-1.408,-0.7224,7,L,29(6K),M,-1.237,3
-2.174,-1.596,5,L,29(6K),N,-2.023,2
0.8086,0.1457,10,L,29(6K),P,0.3684,1
2.031,0.2308,1,L,29(6K),Q,0.5076,1
-3.529,-4.058,8,L,29(6K),R,-4.742,5
-0.09427,-0.02542,8,L,29(6K),S,-0.678,5
-0.793,-0.3,7,L,29(6K),T,-0.8672,3
-1.075,-0.468,7,L,29(6K),V,0.6957,1
0.4819,0.09992,4,L,29(6K),W,-0.6655,1
-1.211,-0.5635,6,L,29(6K),Y,-1.102,4
-7.488,-7.61,11,I,30(6K),*,-8,6
0.02513,0.006409,1,I,30(6K),-,,
-1.004,-0.4214,12,I,30(6K),A,-1.648,7
2.635,0.2471,3,I,30(6K),C,-1.352,1
-1.381,-0.699,4,I,30(6K),D,-1.497,2
-2.39,-1.922,5,I,30(6K),E,-2.3,3
-0.7182,-0.2619,9,I,30(6K),F,-1.077,5
-0.2555,-0.07437,6,I,30(6K),G,-0.5717,1
-1.061,-0.4588,7,I,30(6K),H,-0.3826,2
0,0,,I,30(6K),I,0,
-3.109,-3.222,4,I,30(6K),K,-1.975,1
0.7066,0.133,9,I,30(6K),L,0.05932,1
0.7609,0.1399,4,I,30(6K),M,-0.09195,2
-2.134,-1.539,6,I,30(6K),N,-0.9575,3
0.9112,0.1574,6,I,30(6K),P,-0.4629,1
-3.071,-3.146,7,I,30(6K),Q,-5.486,2
-3.004,-3.016,9,I,30(6K),R,-3.29,4
0.7697,0.141,4,I,30(6K),S,-0.278,1
-0.8198,-0.3143,4,I,30(6K),T,-0.6948,2
0.2175,0.05076,8,I,30(6K),V,-1.141,4
0.7046,0.1327,9,I,30(6K),W,-0.1053,3
-1.539,-0.8411,10,I,30(6K),Y,-0.2041,3
0.9216,0.1585,1,V,31(6K),-,,
0.3086,0.0691,18,V,31(6K),A,-0.1326,7
-2.325,-1.82,7,V,31(6K),C,,
-1.665,-0.967,6,V,31(6K),D,-1.094,1
-1.996,-1.353,5,V,31(6K),E,-1.933,1
-0.6598,-0.2338,8,V,31(6K),F,-0.5319,4
-0.135,-0.0371,7,V,31(6K),G,-1.254,2
-0.3221,-0.09681,5,V,31(6K),H,-0.856,2
-0.8899,-0.3532,9,V,31(6K),I,-0.5328,4
-2.655,-2.367,8,V,31(6K),K,-2.913,3
4.477,0.2637,11,V,31(6K),L,-0.4523,4
-1.08,-0.4714,15,V,31(6K),M,-0.8263,8
0.2714,0.0618,10,V,31(6K),N,-0.165,6
1.66,0.2147,8,V,31(6K),P,-0.289,5
-1.232,-0.5795,9,V,31(6K),Q,-0.9889,4
-2.85,-2.722,8,V,31(6K),R,-2.971,4
0.02074,0.005297,10,V,31(6K),S,-1.045,5
-0.6949,-0.2505,11,V,31(6K),T,-0.3711,6
0,0,,V,31(6K),V,0,
-0.8488,-0.3301,8,V,31(6K),W,-0.265,4
-0.5524,-0.1857,9,V,31(6K),Y,-0.5444,3
-6.675,-7.455,12,L,32(6K),*,-8,7
-0.4552,-0.1459,1,L,32(6K),-,,
0.6827,0.1298,5,L,32(6K),A,-0.1964,3
0.2666,0.06085,11,L,32(6K),C,0.2618,6
-1.987,-1.342,6,L,32(6K),D,-1.581,4
-1.448,-0.7577,6,L,32(6K),E,-0.7935,4
1.058,0.1722,12,L,32(6K),F,-0.3005,9
-0.3779,-0.1167,6,L,32(6K),G,0.2258,4
0.3323,0.07363,12,L,32(6K),H,-0.5272,8
2.448,0.2431,9,L,32(6K),I,-0.5078,4
4.321,0.2632,10,L,32(6K),K,-0.3055,6
0,0,,L,32(6K),L,0,
2.19,0.2361,11,L,32(6K),M,0.2579,4
-0.6889,-0.2476,3,L,32(6K),N,-1.277,1
-0.06588,-0.01753,21,L,32(6K),P,-0.9619,2
0.09406,0.02323,7,L,32(6K),Q,-0.3248,5
-0.1476,-0.0408,7,L,32(6K),R,0.1106,3
-0.4771,-0.1546,8,L,32(6K),S,-0.4126,5
-0.551,-0.1851,8,L,32(6K),T,0.375,4
-1.032,-0.4394,12,L,32(6K),V,-0.2219,5
-0.1774,-0.04974,9,L,32(6K),W,-1.033,5
1.776,0.2204,6,L,32(6K),Y,-0.4072,2
-8.948,-7.708,7,C,33(6K),*,-8,1
0.05588,0.01405,1,C,33(6K),-,,
2.62,0.2468,2,C,33(6K),A,0.7404,1
0,0,,C,33(6K),C,0,
0.3373,0.07456,6,C,33(6K),D,-1.56,3
3.658,0.2597,6,C,33(6K),E,-0.4533,3
0.2026,0.0476,9,C,33(6K),F,-0.2832,5
-0.919,-0.3701,10,C,33(6K),G,-1.383,5
0.3789,0.08221,4,C,33(6K),H,-1.236,1
-0.3772,-0.1164,11,C,33(6K),I,-1.079,5
-2.966,-2.944,2,C,33(6K),K,-3.464,1
-0.555,-0.1868,7,C,33(6K),L,-0.5604,4
-1.229,-0.5772,1,C,33(6K),M,-0.8781,1
-2.149,-1.56,9,C,33(6K),N,-1.189,3
1.243,0.188,6,C,33(6K),P,0.07587,6
-0.94,-0.3825,5,C,33(6K),Q,-0.8509,1
-0.8014,-0.3045,12,C,33(6K),R,-0.7587,7
-1.016,-0.4294,8,C,33(6K),S,-0.1008,2
0.06795,0.01698,10,C,33(6K),T,0.3581,6
2.349,0.2406,11,C,33(6K),V,0.08975,8
1.814,0.2221,10,C,33(6K),W,-0.2784,4
-0.9691,-0.4001,19,C,33(6K),Y,0.06503,3
-6.555,-7.421,14,N,34(6K),*,-8,8
-0.5397,-0.1803,1,N,34(6K),-,,
0.7542,0.1391,1,N,34(6K),A,,
-0.8432,-0.3271,7,N,34(6K),C,0.0886,6
-0.6768,-0.2418,10,N,34(6K),D,-0.4219,5
1.979,0.2289,10,N,34(6K),E,-0.8394,6
-0.8767,-0.3457,11,N,34(6K),F,-0.548,7
-0.5814,-0.1982,3,N,34(6K),G,-0.826,3
1.181,0.183,14,N,34(6K),H,-0.2389,6
-0.3089,-0.09223,6,N,34(6K),I,-0.5779,2
1.076,0.1738,8,N,34(6K),K,-0.5578,3
1.271,0.1901,10,N,34(6K),L,0.238,5
-1.856,-1.18,7,N,34(6K),M,-1.691,3
0,0,,N,34(6K),N,0,
0.3549,0.07784,10,N,34(6K),P,0.2287,2
-0.4138,-0.13,7,N,34(6K),Q,-2.026,3
-1.25,-0.5928,6,N,34(6K),R,-1.324,3
1.149,0.1803,8,N,34(6K),S,1.216,2
-1.294,-0.6274,6,N,34(6K),T,-0.6873,3
-0.9388,-0.3818,5,N,34(6K),V,0.09737,3
-0.4813,-0.1562,8,N,34(6K),W,-0.51,6
-1.523,-0.8263,8,N,34(6K),Y,-1.053,3
-7.252,-7.576,3,C,35(6K),*,,
-0.6182,-0.2146,1,C,35(6K),-,,
-0.1681,-0.04693,8,C,35(6K),A,-0.1878,3
0,0,,C,35(6K),C,0,
-2.572,-2.224,3,C,35(6K),D,-1.879,2
-0.5214,-0.1726,4,C,35(6K),E,-1.159,2
3.519,0.2587,9,C,35(6K),F,0.4997,5
2.344,0.2404,6,C,35(6K),G,-0.3193,4
3.534,0.2588,3,C,35(6K),H,,
-1.768,-1.078,7,C,35(6K),I,-1.316,5
1.006,0.1672,6,C,35(6K),K,-1.523,1
-0.5827,-0.1988,11,C,35(6K),L,-0.6378,8
-0.2194,-0.06278,8,C,35(6K),M,0.06495,4
1.803,0.2216,8,C,35(6K),N,0.5303,7
3.348,0.2572,4,C,35(6K),P,-0.6445,2
-1.027,-0.4363,4,C,35(6K),Q,-1.185,3
1.746,0.219,4,C,35(6K),R,1.118,3
0.9022,0.1564,11,C,35(6K),S,-1.515,4
0.01411,0.003616,10,C,35(6K),T,-1.064,5
0.5418,0.1094,6,C,35(6K),V,0.6763,4
0.6288,0.1223,9,C,35(6K),W,-0.07645,4
-0.5339,-0.1778,16,C,35(6K),Y,-0.5888,5
-6.544,-7.417,8,L,36(6K),*,-8,5
-1.444,-0.7536,3,L,36(6K),A,-1.004,2
1.14,0.1795,10,L,36(6K),C,-1.094,3
3.389,0.2576,8,L,36(6K),D,-0.4666,3
-1.095,-0.4812,7,L,36(6K),E,-0.7004,7
1.163,0.1815,6,L,36(6K),F,-0.4414,3
0.2123,0.04966,9,L,36(6K),G,-0.412,3
-0.02786,-0.007281,9,L,36(6K),H,-0.6099,4
-0.2358,-0.06801,11,L,36(6K),I,0.319,5
2.726,0.2488,3,L,36(6K),K,-0.5191,2
0,0,,L,36(6K),L,0,
0.2551,0.05853,10,L,36(6K),M,0.3875,3
-0.06983,-0.01861,6,L,36(6K),N,0.4267,3
-0.2988,-0.08879,23,L,36(6K),P,-1.049,4
-0.0418,-0.011,6,L,36(6K),Q,-3.331,1
-1.181,-0.5415,6,L,36(6K),R,-1.385,1
-1.408,-0.7224,11,L,36(6K),S,0.09935,6
-0.1321,-0.03625,8,L,36(6K),T,-0.5182,6
-2.107,-1.502,10,L,36(6K),V,-1.809,3
-0.7924,-0.2997,8,L,36(6K),W,-0.6689,5
0.3546,0.07779,7,L,36(6K),Y,-0.2024,6
0.694,0.1313,6,R,37(6K),A,-1.265,4
-1.503,-0.8073,9,R,37(6K),C,-0.1628,6
1.216,0.1859,7,R,37(6K),D,-1.784,5
0.7099,0.1334,6,R,37(6K),E,0.5677,3
-1.386,-0.703,15,R,37(6K),F,-0.184,9
-0.3613,-0.1107,11,R,37(6K),G,0.1038,6
-0.5649,-0.191,13,R,37(6K),H,-0.9174,5
0.01033,0.002651,12,R,37(6K),I,-1.15,4
0.1861,0.04405,15,R,37(6K),K,0.1112,3
1.987,0.2292,5,R,37(6K),L,-0.07587,4
-0.6613,-0.2345,11,R,37(6K),M,-0.8351,5
-1.206,-0.5598,6,R,37(6K),N,-3.988,2
2.112,0.2336,8,R,37(6K),P,-1.091,2
0.8164,0.1467,4,R,37(6K),Q,,
0,0,,R,37(6K),R,0,
3.872,0.2611,4,R,37(6K),S,-0.7097,2
-1.574,-0.8753,10,R,37(6K),T,-0.829,7
-1.08,-0.4713,6,R,37(6K),V,-0.9589,4
-1.677,-0.9799,6,R,37(6K),W,-1.401,3
1.17,0.1821,9,R,37(6K),Y,-0.1672,5
-7.692,-7.633,9,L,38(6K),*,-8,6
-1.251,-0.5942,12,L,38(6K),A,-0.8773,4
1.342,0.1953,4,L,38(6K),C,-1.974,1
2.046,0.2313,8,L,38(6K),D,-0.9325,5
3.422,0.2578,10,L,38(6K),E,-0.02145,6
1.668,0.2151,10,L,38(6K),F,-0.8795,9
-0.231,-0.06647,7,L,38(6K),G,0.3913,3
-0.397,-0.1237,10,L,38(6K),H,-0.157,4
0.5349,0.1084,12,L,38(6K),I,0.1499,6
-0.7073,-0.2565,4,L,38(6K),K,-0.2375,2
0,0,,L,38(6K),L,0,
0.4624,0.09669,9,L,38(6K),M,0.4477,4
0.9157,0.1579,13,L,38(6K),N,-0.7959,5
-1.217,-0.5681,5,L,38(6K),P,-2.186,2
-0.666,-0.2367,6,L,38(6K),Q,-1.601,3
1.584,0.2106,7,L,38(6K),R,0.9056,1
0.545,0.1099,1,L,38(6K),S,-0.1637,1
5.306,0.2655,6,L,38(6K),T,0.4061,4
0.4175,0.08906,14,L,38(6K),V,-0.1684,8
-0.6098,-0.2108,2,L,38(6K),W,,
1.993,0.2294,6,L,38(6K),Y,-0.5031,3
-0.4223,-0.1332,9,L,39(6K),A,-0.6239,5
-2.621,-2.308,7,L,39(6K),C,-2.858,4
0.579,0.1151,5,L,39(6K),D,-0.991,2
0.315,0.07034,7,L,39(6K),E,0.309,3
0.5144,0.1052,6,L,39(6K),F,-0.7613,3
1.602,0.2116,6,L,39(6K),G,0.6219,3
-0.1337,-0.03672,4,L,39(6K),H,-0.5705,2
1.051,0.1715,1,L,39(6K),I,,
-0.8446,-0.3278,7,L,39(6K),K,-0.326,6
0,0,,L,39(6K),L,0,
0.07901,0.01965,10,L,39(6K),M,-1.272,4
-0.2695,-0.07897,8,L,39(6K),N,-0.6961,6
-0.8632,-0.3382,5,L,39(6K),P,0.313,3
3.78,0.2606,6,L,39(6K),Q,0.6073,4
-0.555,-0.1868,7,L,39(6K),R,-0.966,2
-0.6075,-0.2098,6,L,39(6K),S,-0.1296,4
1.933,0.2271,6,L,39(6K),T,0.6548,4
-1.838,-1.159,3,L,39(6K),V,-0.3631,1
-0.8061,-0.307,8,L,39(6K),W,-0.5908,6
-0.9181,-0.3696,11,L,39(6K),Y,-0.6391,6
-7.685,-7.632,6,P,40(6K),*,-8,3
-1.267,-0.6065,8,P,40(6K),A,-0.5282,6
0.1787,0.04245,12,P,40(6K),C,0.5837,3
-1.388,-0.705,7,P,40(6K),D,-1.001,5
0.1907,0.04505,9,P,40(6K),E,0.91,3
-1.816,-1.134,13,P,40(6K),F,-1.773,7
-0.06758,-0.01799,7,P,40(6K),G,-0.1971,4
-1.232,-0.5796,11,P,40(6K),H,-1.503,3
-1.438,-0.7482,5,P,40(6K),I,-1.552,3
0.6049,0.1189,10,P,40(6K),K,0.03426,4
0.04192,0.0106,17,P,40(6K),L,-1.576,7
0.01335,0.003423,4,P,40(6K),M,-0.163,2
3.62,0.2595,8,P,40(6K),N,-0.4736,1
0,0,,P,40(6K),P,0,
-0.2026,-0.05751,8,P,40(6K),Q,-0.1864,3
0.3012,0.06768,10,P,40(6K),R,-0.3211,5
-0.2965,-0.08802,30,P,40(6K),S,-0.5073,8
-0.1381,-0.03801,5,P,40(6K),T,-1.863,3
-0.9487,-0.3877,5,P,40(6K),V,,
-1.798,-1.112,9,P,40(6K),W,-1.615,5
-2.16,-1.576,9,P,40(6K),Y,-2.114,5
-8.716,-7.7,7,C,41(6K),*,-8,1
0.3342,0.07399,8,C,41(6K),A,-0.005376,3
0,0,,C,41(6K),C,0,
-0.8074,-0.3077,3,C,41(6K),D,-0.6399,1
0.3271,0.07264,4,C,41(6K),E,-0.4472,3
-1.875,-1.203,11,C,41(6K),F,-1.104,5
-0.1454,-0.04018,8,C,41(6K),G,0.1001,4
-1.314,-0.6433,7,C,41(6K),H,-1.008,1
-1.502,-0.8066,10,C,41(6K),I,-0.4839,6
2.986,0.2529,7,C,41(6K),K,0.2638,4
-0.9556,-0.3919,10,C,41(6K),L,-0.2362,5
1.533,0.2077,12,C,41(6K),M,-0.1161,6
0.1012,0.02491,4,C,41(6K),N,-0.072,2
0.1095,0.02685,13,C,41(6K),P,0.0702,6
-0.4749,-0.1537,7,C,41(6K),Q,0.9096,3
-1.423,-0.7351,7,C,41(6K),R,-2.328,3
-2.057,-1.433,3,C,41(6K),S,0.2,1
-1.09,-0.4777,8,C,41(6K),T,-1.273,6
0.4354,0.09214,6,C,41(6K),V,0.5845,2
3.408,0.2577,3,C,41(6K),W,,
-0.339,-0.1027,24,C,41(6K),Y,-0.1407,7
-0.3157,-0.09458,7,F,42(6K),A,-0.1116,4
-0.979,-0.4061,8,F,42(6K),C,-0.5369,4
1.149,0.1803,4,F,42(6K),D,-2.925,1
-1.366,-0.6865,2,F,42(6K),E,-0.9786,2
0,0,,F,42(6K),F,0,
1.827,0.2227,8,F,42(6K),G,-0.9545,4
-0.3033,-0.09034,5,F,42(6K),H,0.07874,2
0.9593,0.1625,6,F,42(6K),I,-0.0738,4
3.748,0.2604,4,F,42(6K),K,0.7998,3
0.3752,0.08156,12,F,42(6K),L,-0.1128,1
-0.4255,-0.1344,3,F,42(6K),M,-0.4901,3
3.455,0.2581,4,F,42(6K),N,,
-0.8492,-0.3303,8,F,42(6K),P,-1.112,6
-0.4152,-0.1305,11,F,42(6K),Q,0.3347,3
-1.079,-0.4702,2,F,42(6K),R,-0.7561,2
-0.3021,-0.08992,7,F,42(6K),S,-0.7825,4
0.5884,0.1165,7,F,42(6K),T,-0.07171,1
1.37,0.1973,12,F,42(6K),V,-0.0841,8
-1.303,-0.6349,6,F,42(6K),W,-1.149,4
2.41,0.2421,9,F,42(6K),Y,-0.7887,3
-7.444,-7.604,26,C,43(6K),*,-5.131,2
-0.0575,-0.01524,1,C,43(6K),-,,
0.5747,0.1144,7,C,43(6K),A,-0.8762,3
0,0,,C,43(6K),C,0,
-0.1819,-0.05112,8,C,43(6K),D,-0.04172,5
1.412,0.2001,3,C,43(6K),E,0.3451,1
0.2158,0.0504,10,C,43(6K),F,-0.08365,4
-1.259,-0.6001,6,C,43(6K),G,-1.097,3
-0.1895,-0.05345,5,C,43(6K),H,,
-0.5724,-0.1943,10,C,43(6K),I,-0.4192,8
1.636,0.2135,5,C,43(6K),K,-0.1507,2
0.8712,0.153,11,C,43(6K),L,-0.524,6
-1.396,-0.7122,5,C,43(6K),M,-0.2579,3
-0.8783,-0.3467,10,C,43(6K),N,0.2257,4
-0.157,-0.04361,12,C,43(6K),P,-0.3106,3
-0.4765,-0.1543,11,C,43(6K),Q,-0.1882,5
-0.09569,-0.02582,13,C,43(6K),R,0.2308,5
0.2182,0.05089,9,C,43(6K),S,0.00897,6
-1.366,-0.6865,8,C,43(6K),T,-0.4012,4
-1.394,-0.7104,7,C,43(6K),V,-1.056,4
-1.41,-0.7243,5,C,43(6K),W,-1.058,3
0.2492,0.05732,61,C,43(6K),Y,-0.09633,10
-0.5896,-0.2018,9,K,44(6K),A,0.1904,5
-0.51,-0.1679,14,K,44(6K),C,0.408,5
-0.7499,-0.2778,8,K,44(6K),D,0.1892,5
0.9873,0.1653,4,K,44(6K),E,-1.183,1
-0.9726,-0.4022,10,K,44(6K),F,0.1991,3
-1.065,-0.4614,10,K,44(6K),G,-0.4789,6
-0.3341,-0.101,9,K,44(6K),H,-2.446,5
-0.7879,-0.2974,19,K,44(6K),I,-0.4978,12
0,0,,K,44(6K),K,0,
1.156,0.1809,10,K,44(6K),L,0.5221,3
-0.6672,-0.2373,3,K,44(6K),M,-0.7747,1
-0.9382,-0.3815,11,K,44(6K),N,-2.365,2
0.06044,0.01516,7,K,44(6K),P,-0.2358,2
-0.4377,-0.1391,6,K,44(6K),Q,,
-1.263,-0.6032,6,K,44(6K),R,-0.9094,3
-0.2468,-0.07154,16,K,44(6K),S,-0.1236,7
0.639,0.1238,5,K,44(6K),T,0.6463,4
-0.1287,-0.03528,14,K,44(6K),V,-0.9106,7
-2.263,-1.727,8,K,44(6K),W,-2.692,1
0.6884,0.1305,8,K,44(6K),Y,-0.2681,7
-0.08344,-0.02238,1,T,45(6K),-,,
-1.246,-0.5901,13,T,45(6K),A,-0.5689,8
0.1499,0.03607,4,T,45(6K),C,0.2157,2
-1.375,-0.6943,7,T,45(6K),D,-0.3606,2
0.1436,0.03466,12,T,45(6K),E,0.03292,6
1.517,0.2068,10,T,45(6K),F,-0.3466,8
0.7134,0.1338,8,T,45(6K),G,-1.962,4
-1.491,-0.7962,6,T,45(6K),H,-1.172,4
0.1709,0.04073,8,T,45(6K),I,0.5856,1
0.1898,0.04485,7,T,45(6K),K,1.042,3
-2.32,-1.813,3,T,45(6K),L,-2.389,1
1.875,0.2247,10,T,45(6K),M,-1.433,4
-1.109,-0.4905,8,T,45(6K),N,-0.3891,3
-0.294,-0.08717,6,T,45(6K),P,-0.8603,4
-0.5794,-0.1973,5,T,45(6K),Q,-2.096,2
3.259,0.2563,9,T,45(6K),R,0.1753,6
1.359,0.1965,9,T,45(6K),S,-1.036,2
0,0,,T,45(6K),T,0,
0.7112,0.1336,9,T,45(6K),V,0.4213,6
-1.029,-0.4375,7,T,45(6K),W,0.4363,5
-1.407,-0.7216,10,T,45(6K),Y,-0.8776,5
-2.585,-2.246,2,L,46(6K),-,,
-0.3762,-0.1161,10,L,46(6K),A,-0.304,5
2.733,0.2489,7,L,46(6K),C,0.8315,3
-2.788,-2.607,9,L,46(6K),D,-3.445,5
-2.218,-1.66,4,L,46(6K),E,-1.964,3
0.6439,0.1244,16,L,46(6K),F,-0.62,10
0.09638,0.02377,19,L,46(6K),G,-1.143,12
1.844,0.2234,7,L,46(6K),H,-0.5263,3
-0.2041,-0.05797,9,L,46(6K),I,0.114,2
-1.111,-0.492,9,L,46(6K),K,-0.4496,3
0,0,,L,46(6K),L,0,
-0.3833,-0.1186,11,L,46(6K),M,-0.5973,2
-1.876,-1.204,10,L,46(6K),N,-1.26,4
-1.343,-0.6671,24,L,46(6K),P,-1.319,7
-0.5618,-0.1897,4,L,46(6K),Q,-0.481,2
-0.9789,-0.4061,9,L,46(6K),R,-0.9621,4
0.8277,0.148,11,L,46(6K),S,0.04424,6
-0.4513,-0.1444,10,L,46(6K),T,0.2243,4
0.0773,0.01924,4,L,46(6K),V,-0.2184,1
2.818,0.2504,4,L,46(6K),W,-2.246,2
-0.006743,-0.001744,6,L,46(6K),Y,,
-2.016,-1.38,1,T,47(6K),-,,
-0.6875,-0.2469,10,T,47(6K),A,-0.9601,7
-1.667,-0.9698,8,T,47(6K),C,-1.408,7
-0.8632,-0.3381,7,T,47(6K),D,0.3701,2
-1.211,-0.564,10,T,47(6K),E,-1.065,4
3.258,0.2562,7,T,47(6K),F,-0.4043,3
-0.7292,-0.2673,10,T,47(6K),G,0.4334,3
-2.638,-2.338,6,T,47(6K),H,-2.792,2
0.5223,0.1064,12,T,47(6K),I,-0.5902,4
-1.35,-0.6733,10,T,47(6K),K,-0.5278,5
-1.219,-0.5698,6,T,47(6K),L,-0.924,5
4.19,0.2627,7,T,47(6K),M,0.07788,3
-0.5587,-0.1884,5,T,47(6K),N,1.326,1
-1.184,-0.5438,9,T,47(6K),P,-0.4733,3
2.587,0.2461,6,T,47(6K),Q,-1.3,1
1.565,0.2096,5,T,47(6K),R,0.8525,1
-1.232,-0.5797,9,T,47(6K),S,-0.9894,3
0,0,,T,47(6K),T,0,
-0.0793,-0.02123,5,T,47(6K),V,-1.075,2
0.0484,0.01221,8,T,47(6K),W,-0.1353,4
0.7032,0.1325,9,T,47(6K),Y,-1.602,5
-1.208,-0.5613,1,F,48(6K),-,,
0.286,0.0647,4,F,48(6K),A,0.3007,2
3.532,0.2588,7,F,48(6K),C,0.07473,3
-7.044,-7.54,11,F,48(6K),D,-8,7
-6.369,-7.359,9,F,48(6K),E,-5.931,2
0,0,,F,48(6K),F,0,
-1.625,-0.9265,6,F,48(6K),G,-0.1185,2
-1.003,-0.4212,6,F,48(6K),H,-1.865,2
0.3856,0.08343,9,F,48(6K),I,-1.793,6
-2.561,-2.205,5,F,48(6K),K,-3.061,2
2.063,0.2319,7,F,48(6K),L,,
-1.439,-0.7492,3,F,48(6K),M,-0.4477,2
-3.224,-3.449,6,F,48(6K),N,-4.659,3
-0.9923,-0.4144,7,F,48(6K),P,-0.2704,6
-1.129,-0.5045,7,F,48(6K),Q,-0.6793,4
-2.293,-1.771,10,F,48(6K),R,-2.558,2
-1.524,-0.8276,9,F,48(6K),S,-1.058,4
0.8964,0.1558,7,F,48(6K),T,-0.3378,4
1.811,0.222,9,F,48(6K),V,-0.2641,3
-0.9128,-0.3665,7,F,48(6K),W,-0.8901,6
-0.2385,-0.06886,4,F,48(6K),Y,,
-0.04694,-0.01238,8,L,49(6K),A,-0.2669,5
-0.1405,-0.03871,5,L,49(6K),C,-1.855,1
-6.91,-7.513,8,L,49(6K),D,-8,3
-7.473,-7.608,15,L,49(6K),E,-8,5
3.587,0.2592,8,L,49(6K),F,0.9273,3
-0.33,-0.09957,8,L,49(6K),G,-0.3357,6
-2.995,-2.999,8,L,49(6K),H,-2.817,3
0.9453,0.161,5,L,49(6K),I,-2.091,2
-7.425,-7.602,9,L,49(6K),K,-8,5
0,0,,L,49(6K),L,0,
-0.6859,-0.2462,10,L,49(6K),M,-0.1132,2
-3.511,-4.023,5,L,49(6K),N,,
-4.647,-5.997,10,L,49(6K),P,-6.087,7
-2.564,-2.21,5,L,49(6K),Q,-2.998,3
-7.303,-7.584,6,L,49(6K),R,-8,3
-0.9535,-0.3906,7,L,49(6K),S,-0.525,2
1.375,0.1977,6,L,49(6K),T,-1.032,1
-0.8671,-0.3403,7,L,49(6K),V,0.2236,3
-0.5432,-0.1818,7,L,49(6K),W,-0.8369,4
0.1773,0.04214,5,L,49(6K),Y,-2.192,2
0,0,,A,50(6K),A,0,
4.987,0.265,8,A,50(6K),C,-0.4755,4
-5.582,-6.95,14,A,50(6K),D,-6.862,6
-1.771,-1.082,11,A,50(6K),E,-1.314,6
-1.07,-0.4642,11,A,50(6K),F,-1.197,6
0.02922,0.007435,11,A,50(6K),G,-0.4364,7
-0.2428,-0.07025,5,A,50(6K),H,,
-0.6433,-0.2261,9,A,50(6K),I,-0.6619,4
-4.519,-5.815,9,A,50(6K),K,-6.116,6
-0.5709,-0.1936,13,A,50(6K),L,-0.8034,8
1.298,0.1921,9,A,50(6K),M,-0.5272,4
-2.163,-1.581,9,A,50(6K),N,-1.94,5
-4.365,-5.581,7,A,50(6K),P,-6.465,2
-1.235,-0.5818,9,A,50(6K),Q,-0.7737,5
-4.392,-5.623,5,A,50(6K),R,-6.415,3
-0.767,-0.2865,7,A,50(6K),S,-0.5129,2
0.2587,0.05926,19,A,50(6K),T,-0.3401,4
-0.739,-0.2722,38,A,50(6K),V,-0.2529,11
-0.8726,-0.3434,6,A,50(6K),W,-0.08045,3
0.5155,0.1053,10,A,50(6K),Y,-0.1646,7
-1.132,-0.5066,22,V,51(6K),A,-1.34,7
-0.209,-0.05949,6,V,51(6K),C,-0.8794,1
-7.678,-7.632,8,V,51(6K),D,-8,4
-4.748,-6.13,14,V,51(6K),E,-6.207,8
4.491,0.2638,2,V,51(6K),F,,
-1.546,-0.8485,11,V,51(6K),G,-1.332,7
-2.778,-2.589,5,V,51(6K),H,-3.398,2
-1.871,-1.198,5,V,51(6K),I,-1.482,1
-7.517,-7.613,11,V,51(6K),K,-8,6
0.9025,0.1564,26,V,51(6K),L,-0.2313,13
-0.5599,-0.1889,35,V,51(6K),M,-1.624,6
-7.467,-7.607,4,V,51(6K),N,-8,2
-5.397,-6.808,8,V,51(6K),P,-7.411,5
-3.337,-3.675,5,V,51(6K),Q,-3.91,2
-7.884,-7.651,11,V,51(6K),R,-8,3
-2.723,-2.49,8,V,51(6K),S,-2.163,2
-0.6431,-0.226,8,V,51(6K),T,-1.278,5
0,0,,V,51(6K),V,0,
0.007132,0.001834,7,V,51(6K),W,-0.5041,2
0.2003,0.0471,3,V,51(6K),Y,-0.356,1
1.591,0.211,1,M,52(6K),-,,
-1.273,-0.6111,6,M,52(6K),A,-2.098,2
-0.4306,-0.1364,10,M,52(6K),C,-0.6313,5
-7.234,-7.574,9,M,52(6K),D,-8,3
-7.022,-7.536,5,M,52(6K),E,-8,2
-0.4556,-0.1461,10,M,52(6K),F,-1.098,6
-1.301,-0.6334,5,M,52(6K),G,-0.9528,3
-3.287,-3.576,7,M,52(6K),H,-3.732,4
0.8704,0.1529,17,M,52(6K),I,-0.1629,4
-6.82,-7.492,9,M,52(6K),K,-8,4
-1.804,-1.119,9,M,52(6K),L,-1.308,3
0,0,,M,52(6K),M,0,
-3.607,-4.214,11,M,52(6K),N,-4.564,5
-4.66,-6.013,1,M,52(6K),P,-6.365,1
-2.407,-1.949,11,M,52(6K),Q,-2.407,7
-7.393,-7.597,6,M,52(6K),R,-8,3
-0.6711,-0.2391,5,M,52(6K),S,-2.088,2
0.2388,0.0552,4,M,52(6K),T,0.7712,2
-0.3053,-0.09103,32,M,52(6K),V,-0.2039,11
-0.5905,-0.2022,6,M,52(6K),W,0.9982,3
-0.005367,-0.001388,7,M,52(6K),Y,-3.657,2
0.107,0.02627,1,S,53(6K),-,,
0.7478,0.1383,5,S,53(6K),A,-1.468,4
2.272,0.2385,6,S,53(6K),C,0.2024,3
-0.9773,-0.4051,6,S,53(6K),D,-0.7953,6
0.5542,0.1113,10,S,53(6K),E,0.1598,5
-0.6178,-0.2144,11,S,53(6K),F,-0.1618,4
2.161,0.2352,6,S,53(6K),G,0.3621,4
1.353,0.1961,7,S,53(6K),H,-1.252,1
0.1735,0.0413,11,S,53(6K),I,-1.977,6
-1.094,-0.4806,4,S,53(6K),K,-0.2103,2
-1.209,-0.562,9,S,53(6K),L,-0.1193,2
-2.022,-1.387,4,S,53(6K),M,-1.811,2
-0.6282,-0.2191,9,S,53(6K),N,-0.9557,6
-1.256,-0.5981,9,S,53(6K),P,-0.7152,5
-0.8592,-0.3359,8,S,53(6K),Q,-0.6422,4
-1.86,-1.185,9,S,53(6K),R,-0.1667,3
0,0,,S,53(6K),S,0,
-1.801,-1.116,5,S,53(6K),T,-1.438,3
-1.669,-0.9718,3,S,53(6K),V,,
-0.355,-0.1084,3,S,53(6K),W,0.5508,1
-0.6689,-0.238,7,S,53(6K),Y,-0.7292,5
0.09552,0.02357,1,V,54(6K),-,,
-2.966,-2.944,16,V,54(6K),A,-0.7987,2
-0.3659,-0.1123,7,V,54(6K),C,0.497,5
-1.595,-0.8957,13,V,54(6K),D,-1.719,7
0.6613,0.1268,4,V,54(6K),E,-1.134,2
-1.864,-1.19,10,V,54(6K),F,-1.304,5
0.9687,0.1634,8,V,54(6K),G,-2.045,2
-0.7703,-0.2882,6,V,54(6K),H,-0.3011,3
-0.793,-0.3,9,V,54(6K),I,-0.01272,5
-2.079,-1.463,4,V,54(6K),K,-1.223,3
-1.301,-0.633,14,V,54(6K),L,-1.636,6
0.04294,0.01086,14,V,54(6K),M,-1.948,4
-0.9501,-0.3886,5,V,54(6K),N,-1.028,3
-0.9803,-0.407,14,V,54(6K),P,-0.6449,12
-2.134,-1.539,7,V,54(6K),Q,-0.7684,2
-2.999,-3.006,7,V,54(6K),R,-2.069,3
2.776,0.2497,7,V,54(6K),S,0.4805,5
0.1462,0.03526,9,V,54(6K),T,-1.529,3
0,0,,V,54(6K),V,0,
-0.5146,-0.1698,6,V,54(6K),W,0.4044,3
-1.484,-0.7897,8,V,54(6K),Y,-1.156,2
-3.83,-4.646,1,G,55(6K),*,,
0.2078,0.04871,1,G,55(6K),-,,
0.8834,0.1543,7,G,55(6K),A,-0.3993,4
1.714,0.2174,7,G,55(6K),C,0.0863,2
-0.02245,-0.005852,5,G,55(6K),D,-1.307,2
-0.3163,-0.0948,11,G,55(6K),E,-0.9319,2
-0.2524,-0.07337,11,G,55(6K),F,0.1195,6
0,0,,G,55(6K),G,0,
2.731,0.2489,8,G,55(6K),H,-1.104,4
-0.9819,-0.408,4,G,55(6K),I,-0.6789,2
0.4345,0.09198,8,G,55(6K),K,-1.015,3
-0.2879,-0.08513,11,G,55(6K),L,-0.4033,7
-0.5364,-0.1789,3,G,55(6K),M,-0.4585,2
-0.4448,-0.1418,5,G,55(6K),N,0.435,2
-0.2102,-0.05989,8,G,55(6K),P,-0.02195,4
-1.311,-0.6413,4,G,55(6K),Q,-0.1192,1
0.052,0.01309,20,G,55(6K),R,-0.5991,5
0.5775,0.1148,9,G,55(6K),S,-0.5688,5
-0.8446,-0.3278,11,G,55(6K),T,-1.11,6
0.4004,0.08606,16,G,55(6K),V,-0.2641,8
-0.1154,-0.03143,4,G,55(6K),W,-0.5037,1
0.9215,0.1585,9,G,55(6K),Y,-0.1976,4
0.03383,0.00859,1,A,56(6K),-,,
0,0,,A,56(6K),A,0,
0.8285,0.1481,3,A,56(6K),C,,
-0.5474,-0.1835,10,A,56(6K),D,-0.8304,3
2.17,0.2355,2,A,56(6K),E,0.2076,2
0.4805,0.09969,5,A,56(6K),F,0.1772,2
-1.913,-1.248,6,A,56(6K),G,-1.42,5
0.9145,0.1577,10,A,56(6K),H,-0.1774,6
1.868,0.2245,10,A,56(6K),I,-0.7074,4
3.246,0.2561,4,A,56(6K),K,0.404,1
-1.213,-0.5651,7,A,56(6K),L,-0.6841,5
-1.283,-0.6188,3,A,56(6K),M,-1.213,1
-0.8757,-0.3452,9,A,56(6K),N,-1.002,5
2.683,0.248,8,A,56(6K),P,-0.6098,2
-1.956,-1.302,7,A,56(6K),Q,-0.5669,3
-0.3066,-0.09145,4,A,56(6K),R,-0.5129,2
-0.1202,-0.03281,18,A,56(6K),S,-0.6946,4
-0.23,-0.06615,21,A,56(6K),T,-0.0453,2
1.128,0.1785,16,A,56(6K),V,-0.002708,5
-0.08294,-0.02224,5,A,56(6K),W,0.02831,2
-0.7403,-0.2729,7,A,56(6K),Y,-0.6123,4
0.4532,0.09516,1,H,57(6K),-,,
-1.671,-0.9736,12,H,57(6K),A,-0.6865,5
-0.9357,-0.3799,9,H,57(6K),C,-0.4109,6
-1.688,-0.9919,5,H,57(6K),D,-3.104,2
-0.8791,-0.3471,7,H,57(6K),E,-0.9153,4
-1.518,-0.8215,7,H,57(6K),F,-1.365,2
-0.6429,-0.2259,7,H,57(6K),G,0.418,2
0,0,,H,57(6K),H,0,
-1.658,-0.9604,4,H,57(6K),I,-0.6835,1
-1.138,-0.5109,6,H,57(6K),K,-1.088,3
-0.6616,-0.2346,7,H,57(6K),L,-0.4978,3
-0.0001105,-2.864e-05,7,H,57(6K),M,0.1986,5
-0.3535,-0.1079,5,H,57(6K),N,-0.3388,4
0.6648,0.1273,7,H,57(6K),P,-1.51,4
-1.607,-0.9079,5,H,57(6K),Q,-1.332,3
-1.637,-0.9385,3,H,57(6K),R,-1.242,2
-0.0853,-0.0229,8,H,57(6K),S,-0.2187,4
-2.473,-2.056,3,H,57(6K),T,-2.303,1
4.586,0.264,6,H,57(6K),V,-2.169,2
-1.882,-1.211,3,H,57(6K),W,-1.514,2
0.9619,0.1627,9,H,57(6K),Y,-0.2132,3
-0.9785,-0.4059,1,T,58(6K),-,,
-0.03567,-0.009356,7,T,58(6K),A,-1.006,3
0.8866,0.1547,9,T,58(6K),C,-0.8115,5
1.698,0.2166,9,T,58(6K),D,-0.1045,4
-0.1434,-0.03957,6,T,58(6K),E,-0.3915,1
-1.529,-0.8324,11,T,58(6K),F,-1.628,5
-0.05177,-0.01368,10,T,58(6K),G,-1.488,4
-1.224,-0.5737,4,T,58(6K),H,-1.553,2
1.77,0.2201,20,T,58(6K),I,-0.7947,5
-1.008,-0.4242,4,T,58(6K),K,-0.6295,2
0.3497,0.07689,11,T,58(6K),L,0.2845,6
-0.06278,-0.01668,3,T,58(6K),M,0.3104,2
0.2297,0.05331,6,T,58(6K),N,-0.1568,2
-1.442,-0.7517,8,T,58(6K),P,-1.085,6
2.061,0.2319,6,T,58(6K),Q,0.3715,4
0.8857,0.1546,6,T,58(6K),R,0.6658,3
-0.7956,-0.3014,9,T,58(6K),S,-0.5092,4
0,0,,T,58(6K),T,0,
0.4277,0.09082,14,T,58(6K),V,-0.3406,7
-0.5499,-0.1846,2,T,58(6K),W,,
2.395,0.2418,5,T,58(6K),Y,-1.236,2
-0.5373,-0.1793,1,V,59(6K),-,,
-0.8131,-0.3107,15,V,59(6K),A,-0.416,7
0.1663,0.03973,9,V,59(6K),C,0.2628,4
-5.421,-6.828,12,V,59(6K),D,-6.737,9
-3.91,-4.796,9,V,59(6K),E,-5.145,4
-5.364,-6.781,14,V,59(6K),F,-8,6
-0.1734,-0.04853,5,V,59(6K),G,-1.265,2
-3.72,-4.434,6,V,59(6K),H,-3.905,3
0.2004,0.04713,5,V,59(6K),I,0.08054,3
-3.475,-3.95,7,V,59(6K),K,-4.569,4
-3.077,-3.159,17,V,59(6K),L,-1.975,4
-2.634,-2.331,28,V,59(6K),M,-1.61,6
-1.669,-0.9718,5,V,59(6K),N,-1.481,4
-1.3,-0.6321,9,V,59(6K),P,-0.932,4
-3.523,-4.046,6,V,59(6K),Q,-3.906,5
-5.309,-6.733,5,V,59(6K),R,-6.141,4
2.511,0.2445,1,V,59(6K),S,,
0.3848,0.08328,14,V,59(6K),T,-0.7587,6
0,0,,V,59(6K),V,0,
-5.508,-6.896,5,V,59(6K),W,-5.556,2
-5.68,-7.017,7,V,59(6K),Y,-8,5
-1.847,-1.169,1,S,60(6K),-,,
-0.8159,-0.3122,10,S,60(6K),A,-0.8672,4
0.8667,0.1525,6,S,60(6K),C,-1.274,1
1.647,0.214,6,S,60(6K),D,0.05453,1
0.04358,0.01102,4,S,60(6K),E,0.01564,3
5.306,0.2655,9,S,60(6K),F,-0.4065,1
0.2497,0.05743,3,S,60(6K),G,-0.8871,2
-0.1836,-0.05163,4,S,60(6K),H,-0.945,2
2.408,0.2421,3,S,60(6K),I,-0.8988,1
-0.7502,-0.2779,3,S,60(6K),K,-0.2472,3
-1.222,-0.5718,5,S,60(6K),L,-1.214,3
2.181,0.2358,9,S,60(6K),M,0.18,4
1.74,0.2187,3,S,60(6K),N,-2.17,1
-1.895,-1.227,20,S,60(6K),P,-1.293,8
-1.378,-0.6968,6,S,60(6K),Q,-0.7639,4
-2.71,-2.466,7,S,60(6K),R,-2.939,2
0,0,,S,60(6K),S,0,
0.995,0.1661,6,S,60(6K),T,-0.247,3
-1.996,-1.354,9,S,60(6K),V,-1.664,5
-1.143,-0.5147,2,S,60(6K),W,-0.8066,2
-0.9304,-0.3768,10,S,60(6K),Y,-0.5592,4
-1.639,-0.9401,1,A,61(6K),-,,
0,0,,A,61(6K),A,0,
0.5564,0.1117,3,A,61(6K),C,,
-4.66,-6.014,9,A,61(6K),D,-6.219,5
-6.901,-7.511,8,A,61(6K),E,-8,4
-6.39,-7.366,11,A,61(6K),F,-7.557,5
-0.3623,-0.111,6,A,61(6K),G,-0.7914,1
-3.08,-3.165,7,A,61(6K),H,-3.619,2
-5.606,-6.967,8,A,61(6K),I,-7.886,5
-5.962,-7.182,6,A,61(6K),K,-8,3
-6.755,-7.476,4,A,61(6K),L,-8,1
-3.388,-3.777,6,A,61(6K),M,-4.201,1
-3.429,-3.858,6,A,61(6K),N,-4.156,2
-1.019,-0.4315,6,A,61(6K),P,0.1239,3
-7.183,-7.565,5,A,61(6K),Q,-8,3
-6.245,-7.312,7,A,61(6K),R,-8,3
0.0785,0.01952,10,A,61(6K),S,-0.6063,1
0.2819,0.06388,22,A,61(6K),T,-0.7154,6
-6.722,-7.468,47,A,61(6K),V,-7.002,6
-6.71,-7.464,4,A,61(6K),W,-8,1
-7.185,-7.566,8,A,61(6K),Y,-8,2
-6.98,-7.527,12,Y,1(E1),*,-8,1
-2.249,-1.705,7,Y,1(E1),A,-1.911,5
-3.559,-4.118,9,Y,1(E1),C,-3.518,3
-2.906,-2.829,13,Y,1(E1),D,-2.643,7
-1.759,-1.069,8,Y,1(E1),E,-1.64,3
2.222,0.237,9,Y,1(E1),F,0.2059,4
-2.436,-1.995,8,Y,1(E1),G,-2.022,4
-0.2043,-0.05802,18,Y,1(E1),H,0.1885,4
-1.223,-0.5726,5,Y,1(E1),I,0.07065,4
-0.7869,-0.2968,3,Y,1(E1),K,-0.5665,3
-2.876,-2.772,6,Y,1(E1),L,,
-0.9611,-0.3952,13,Y,1(E1),M,-0.4805,6
-3.514,-4.029,14,Y,1(E1),N,-4.223,4
-6.344,-7.35,11,Y,1(E1),P,-8,4
-2.116,-1.514,8,Y,1(E1),Q,-1.473,2
-1.806,-1.122,4,Y,1(E1),R,-0.5887,1
-2.984,-2.978,6,Y,1(E1),S,-3.216,3
4.368,0.2634,5,Y,1(E1),T,-1.037,3
-1.858,-1.183,8,Y,1(E1),V,-0.1691,5
1.611,0.2121,3,Y,1(E1),W,-1.723,1
0,0,,Y,1(E1),Y,0,
-7.568,-7.62,4,E,2(E1),*,-8,1
-5.441,-6.844,3,E,2(E1),A,,
-7.009,-7.533,8,E,2(E1),C,-8,2
0.3259,0.07242,8,E,2(E1),D,0.2989,1
0,0,,E,2(E1),E,0,
-5.88,-7.138,5,E,2(E1),F,-8,3
-4.713,-6.084,7,E,2(E1),G,-5.095,2
-7.407,-7.599,7,E,2(E1),H,-8,5
-4.581,-5.905,5,E,2(E1),I,,
-6.489,-7.4,7,E,2(E1),K,-8,5
-6.259,-7.317,7,E,2(E1),L,-8,4
-6.643,-7.446,4,E,2(E1),M,-8,3
-5.38,-6.794,8,E,2(E1),N,-8,4
-6.238,-7.309,5,E,2(E1),P,-8,4
-6.475,-7.395,5,E,2(E1),Q,-8,3
-7.195,-7.567,5,E,2(E1),R,-8,3
-4.749,-6.131,6,E,2(E1),S,-6.288,3
-6.022,-7.212,8,E,2(E1),T,-8,4
-5.899,-7.148,4,E,2(E1),V,-8,3
-6.8,-7.487,9,E,2(E1),W,-8,3
-4.845,-6.251,7,E,2(E1),Y,-6.271,1
-5.961,-7.181,6,H,3(E1),A,-7.194,4
-5.62,-6.976,7,H,3(E1),C,-8,3
-6.686,-7.458,1,H,3(E1),D,-8,1
-7.102,-7.551,6,H,3(E1),E,-8,3
-6.293,-7.33,8,H,3(E1),F,-8,3
-6.991,-7.53,5,H,3(E1),G,-8,2
0,0,,H,3(E1),H,0,
-4.434,-5.688,1,H,3(E1),I,,
-3.122,-3.246,5,H,3(E1),K,-5.285,2
-5.329,-6.751,11,H,3(E1),L,-7.241,7
-4.544,-5.852,6,H,3(E1),M,-6.145,4
-9.087,-7.712,12,H,3(E1),N,-8,6
-7.298,-7.584,9,H,3(E1),P,-8,5
-3.144,-3.291,11,H,3(E1),Q,-3.346,4
-4.262,-5.416,12,H,3(E1),R,-5.127,3
-3.665,-4.327,8,H,3(E1),S,-3.889,5
-4.663,-6.018,5,H,3(E1),T,-5.398,1
-5.527,-6.91,7,H,3(E1),V,-8,1
-3.361,-3.722,9,H,3(E1),W,-4.108,3
-2.919,-2.854,17,H,3(E1),Y,-3.732,5
0.3711,0.08081,1,V,4(E1),-,,
0.4559,0.09561,10,V,4(E1),A,-0.8123,2
-3.811,-4.609,7,V,4(E1),C,-4.114,2
-2.191,-1.62,5,V,4(E1),D,-1.577,3
0.9515,0.1617,10,V,4(E1),E,-0.486,3
1.001,0.1667,9,V,4(E1),F,-1.43,2
-1.355,-0.677,12,V,4(E1),G,-0.2637,7
-3.686,-4.369,8,V,4(E1),H,-4.692,3
0.1732,0.04123,4,V,4(E1),I,,
-7.152,-7.56,7,V,4(E1),K,-8,5
-1.067,-0.4626,10,V,4(E1),L,0.5208,3
-1.306,-0.6372,10,V,4(E1),M,0.6136,3
4.458,0.2637,11,V,4(E1),N,-0.24,9
-1.315,-0.6447,3,V,4(E1),P,0.5612,1
-1.078,-0.4696,2,V,4(E1),Q,-0.771,2
-7.362,-7.593,6,V,4(E1),R,-8,2
-0.01954,-0.005087,5,V,4(E1),S,-2.482,1
0.08289,0.02058,5,V,4(E1),T,0.2227,5
0,0,,V,4(E1),V,0,
3.476,0.2583,6,V,4(E1),W,-0.2325,2
1.033,0.1697,6,V,4(E1),Y,0.508,3
-1.205,-0.5591,10,T,5(E1),A,-0.4847,4
-2.019,-1.384,5,T,5(E1),C,-1.73,4
-1.36,-0.6812,8,T,5(E1),D,-1.264,6
-2.071,-1.452,6,T,5(E1),E,-1.748,4
-1.364,-0.6843,9,T,5(E1),F,-1.155,8
-1.545,-0.8476,6,T,5(E1),G,-0.9569,4
-0.85,-0.3308,5,T,5(E1),H,-1.953,1
-1.88,-1.209,13,T,5(E1),I,-0.9724,3
-3.319,-3.64,5,T,5(E1),K,-4.03,1
-1.551,-0.853,9,T,5(E1),L,-1.557,3
-1.539,-0.8417,9,T,5(E1),M,-0.5072,6
-2.464,-2.042,8,T,5(E1),N,-2.307,3
-6,-7.201,11,T,5(E1),P,-5.263,3
-0.6582,-0.233,4,T,5(E1),Q,-0.5222,2
-3.798,-4.585,6,T,5(E1),R,-4.904,3
-1.383,-0.7006,4,T,5(E1),S,-0.3498,2
0,0,,T,5(E1),T,0,
-0.9334,-0.3786,3,T,5(E1),V,-0.6723,2
-2.725,-2.492,2,T,5(E1),W,-2.804,1
-2.939,-2.892,3,T,5(E1),Y,-2.505,1
2.069,0.2321,14,V,6(E1),A,-0.7046,6
-6.866,-7.503,11,V,6(E1),C,-8,8
-0.8232,-0.3161,7,V,6(E1),D,-0.3973,3
-2.602,-2.275,6,V,6(E1),E,-1.127,2
-0.7152,-0.2604,9,V,6(E1),F,-0.1894,3
-2.221,-1.664,7,V,6(E1),G,-1.606,4
-0.9945,-0.4158,5,V,6(E1),H,0.3943,3
2.953,0.2525,8,V,6(E1),I,0.3948,3
-6.468,-7.393,6,V,6(E1),K,-8,5
-1.318,-0.6472,12,V,6(E1),L,0.09155,2
-0.7517,-0.2787,17,V,6(E1),M,-1.754,6
1.895,0.2256,8,V,6(E1),N,0.6297,6
-2.906,-2.829,6,V,6(E1),P,-2.847,2
-0.6941,-0.2501,15,V,6(E1),Q,-0.4832,10
-7.171,-7.563,6,V,6(E1),R,-8,3
-0.2177,-0.06223,6,V,6(E1),S,0.9332,3
-0.9149,-0.3677,5,V,6(E1),T,-2.383,1
0,0,,V,6(E1),V,0,
-1.149,-0.5183,8,V,6(E1),W,0.1614,5
3.091,0.2543,6,V,6(E1),Y,0.1697,3
-2.759,-2.554,3,I,7(E1),A,-2.824,2
-2.676,-2.405,5,I,7(E1),C,-4.947,2
-7.633,-7.627,8,I,7(E1),D,-8,4
-7.02,-7.535,5,I,7(E1),E,-8,2
1.506,0.2061,9,I,7(E1),F,-0.3082,4
-3.522,-4.046,5,I,7(E1),G,-4.497,2
-2.201,-1.634,9,I,7(E1),H,-1.889,3
0,0,,I,7(E1),I,0,
-7.241,-7.575,5,I,7(E1),K,-8,3
-0.3373,-0.1021,14,I,7(E1),L,-0.539,5
-0.4563,-0.1463,3,I,7(E1),M,-2.214,1
-4.255,-5.404,7,I,7(E1),N,-5.713,4
-6.884,-7.507,11,I,7(E1),P,-8,7
-2.377,-1.901,4,I,7(E1),Q,-2.474,2
-7.009,-7.533,6,I,7(E1),R,-8,1
-7.206,-7.569,7,I,7(E1),S,-8,2
-2.746,-2.531,9,I,7(E1),T,-2.848,6
0.4541,0.09531,9,I,7(E1),V,-0.2454,4
-3.463,-3.928,6,I,7(E1),W,-5.665,2
-5.481,-6.875,8,I,7(E1),Y,-7.374,4
-3.772,-4.535,6,P,8(E1),A,-4.37,2
-7.059,-7.543,10,P,8(E1),C,-8,6
-5.273,-6.702,8,P,8(E1),D,-6.252,4
-2.796,-2.623,7,P,8(E1),E,-4.957,3
-7.389,-7.597,7,P,8(E1),F,-8,5
-1.39,-0.7066,6,P,8(E1),G,-0.8053,3
-5.895,-7.146,11,P,8(E1),H,-6.628,3
-6.808,-7.489,9,P,8(E1),I,-8,4
2.065,0.232,1,P,8(E1),K,0.4189,1
-6.434,-7.381,13,P,8(E1),L,-8,3
-7.35,-7.591,5,P,8(E1),M,-6.619,2
-5.874,-7.134,5,P,8(E1),N,-7.207,2
0,0,,P,8(E1),P,0,
-1.073,-0.4663,5,P,8(E1),Q,-0.7853,2
-4.801,-6.197,2,P,8(E1),R,-6.49,2
-1.511,-0.8145,14,P,8(E1),S,-0.8113,4
-2.153,-1.566,11,P,8(E1),T,-1.954,7
-7.13,-7.556,6,P,8(E1),V,-8,3
-6.009,-7.206,8,P,8(E1),W,-7.534,2
-7.296,-7.583,9,P,8(E1),Y,-8,4
-0.2679,-0.07845,5,N,9(E1),A,-0.008274,3
-1.706,-1.011,7,N,9(E1),C,-2.014,3
-3.765,-4.521,7,N,9(E1),D,-5.061,3
-4.453,-5.717,4,N,9(E1),E,-6.554,2
-4.538,-5.843,11,N,9(E1),F,-4.993,7
-2.087,-1.474,11,N,9(E1),G,-1.698,9
-2.993,-2.996,11,N,9(E1),H,-2.95,7
2.525,0.2448,8,N,9(E1),I,-0.6884,4
-4.257,-5.408,11,N,9(E1),K,-5.306,4
-1.897,-1.23,10,N,9(E1),L,-1.371,5
-2.078,-1.462,8,N,9(E1),M,-1.476,4
0,0,,N,9(E1),N,0,
-2.964,-2.94,8,N,9(E1),P,-2.835,4
-2.221,-1.664,5,N,9(E1),Q,-2.248,4
-1.816,-1.134,5,N,9(E1),R,-0.9653,3
-0.6828,-0.2447,4,N,9(E1),S,-0.2213,3
0.668,0.1278,5,N,9(E1),T,-1.103,2
-0.6384,-0.2238,10,N,9(E1),V,-0.3331,5
-6.479,-7.397,9,N,9(E1),W,-8,5
-4.865,-6.275,10,N,9(E1),Y,-7.03,4
0.4502,0.09465,14,T,10(E1),A,-0.2705,9
0.06378,0.01597,4,T,10(E1),C,-0.3335,2
-1.584,-0.8854,2,T,10(E1),D,,
-0.7755,-0.2909,4,T,10(E1),E,-3.863,2
3.586,0.2592,5,T,10(E1),F,0.8379,3
-0.8566,-0.3345,5,T,10(E1),G,-0.4638,2
2.8,0.2501,7,T,10(E1),H,-0.03691,4
0.1394,0.0337,19,T,10(E1),I,-0.5355,8
-6.03,-7.216,5,T,10(E1),K,-8,1
-0.005368,-0.001388,6,T,10(E1),L,-1.207,1
4.755,0.2645,4,T,10(E1),M,0.2006,2
0.7313,0.1362,6,T,10(E1),N,,
-2.492,-2.088,4,T,10(E1),P,-2.349,2
4.154,0.2625,4,T,10(E1),Q,-0.1727,2
-0.9193,-0.3703,7,T,10(E1),R,-0.3859,5
-2.083,-1.469,3,T,10(E1),S,-1.77,2
0,0,,T,10(E1),T,0,
1.707,0.2171,4,T,10(E1),V,-0.2088,2
-0.4038,-0.1262,6,T,10(E1),W,-0.6205,2
2.123,0.234,5,T,10(E1),Y,0.1104,5
-1.961,-1.309,11,V,11(E1),A,-1.382,2
1.995,0.2295,3,V,11(E1),C,0.9518,2
-5.524,-6.907,4,V,11(E1),D,-5.986,2
-3.116,-3.236,8,V,11(E1),E,-2.605,3
-2.162,-1.579,3,V,11(E1),F,-1.185,2
-2.966,-2.943,6,V,11(E1),G,,
0.1702,0.04058,2,V,11(E1),H,-1.235,1
-2.148,-1.559,4,V,11(E1),I,-0.6254,2
-2.304,-1.789,9,V,11(E1),K,-1.35,4
-3.324,-3.649,15,V,11(E1),L,-3.434,3
-0.0238,-0.006209,19,V,11(E1),M,-0.1183,6
-2.829,-2.683,6,V,11(E1),N,-3.177,3
0.6825,0.1297,4,V,11(E1),P,0.05625,2
0.4519,0.09495,5,V,11(E1),Q,-0.1389,3
-1.932,-1.272,8,V,11(E1),R,-1.333,4
-1.593,-0.8944,4,V,11(E1),S,-1.193,4
-6.95,-7.521,8,V,11(E1),T,-8,5
0,0,,V,11(E1),V,0,
-1.935,-1.276,5,V,11(E1),W,-1.378,3
-2.976,-2.962,6,V,11(E1),Y,-3.026,3
-6.701,-7.462,4,G,12(E1),*,-8,1
-2.061,-1.439,5,G,12(E1),A,-1.813,3
-1.331,-0.6574,2,G,12(E1),C,-1.049,2
-2.176,-1.599,6,G,12(E1),D,0.5114,3
-1.082,-0.4722,20,G,12(E1),E,-2.002,4
-1.355,-0.6773,8,G,12(E1),F,-0.773,4
0,0,,G,12(E1),G,0,
-0.4851,-0.1578,6,G,12(E1),H,-0.3856,3
-5.111,-6.546,12,G,12(E1),I,-5.609,4
-1.727,-1.034,2,G,12(E1),K,-1.353,1
0.6638,0.1272,12,G,12(E1),L,-0.5122,6
2.156,0.235,2,G,12(E1),M,0.2042,2
-1.095,-0.4812,4,G,12(E1),N,-1.378,3
-7.663,-7.63,5,G,12(E1),P,-8,2
-0.2754,-0.08094,7,G,12(E1),Q,0.2144,4
-0.5206,-0.1723,40,G,12(E1),R,-0.829,13
-2.92,-2.855,5,G,12(E1),S,-1.727,2
-1.107,-0.4891,7,G,12(E1),T,-0.7942,4
-6.232,-7.306,8,G,12(E1),V,-8,4
-5.441,-6.844,7,G,12(E1),W,-4.402,2
1.122,0.178,7,G,12(E1),Y,-0.1648,2
-3.256,-3.514,7,V,13(E1),A,-4.586,2
-3.368,-3.737,4,V,13(E1),C,-1.342,1
-5.824,-7.106,6,V,13(E1),D,-7.107,2
-7.261,-7.578,7,V,13(E1),E,-8,2
-0.3928,-0.1221,4,V,13(E1),F,-0.6025,2
-2.945,-2.904,6,V,13(E1),G,-2.694,3
-2.232,-1.68,7,V,13(E1),H,-1.823,5
0.7663,0.1406,9,V,13(E1),I,0.4507,5
-1.935,-1.276,9,V,13(E1),K,-1.982,5
-0.3935,-0.1224,14,V,13(E1),L,0.1896,3
-0.1171,-0.03192,20,V,13(E1),M,0.1533,5
-3.616,-4.231,5,V,13(E1),N,-5.007,3
-1.937,-1.279,6,V,13(E1),P,-1.124,3
-2.417,-1.965,3,V,13(E1),Q,-2.155,2
-2.288,-1.764,4,V,13(E1),R,-1.72,3
-2.784,-2.601,3,V,13(E1),S,-2.9,1
-1.298,-0.6309,6,V,13(E1),T,-1.227,5
0,0,,V,13(E1),V,0,
-2.494,-2.091,7,V,13(E1),W,-2.79,5
-2.199,-1.632,7,V,13(E1),Y,-1.658,5
3.375,0.2574,7,P,14(E1),A,0.1523,4
-0.5499,-0.1846,2,P,14(E1),C,,
-2.714,-2.473,6,P,14(E1),D,-1.187,2
-1.667,-0.9699,3,P,14(E1),E,-1.266,2
-1.114,-0.4944,5,P,14(E1),F,-0.7584,3
-0.5484,-0.184,9,P,14(E1),G,0.9268,2
1.479,0.2044,9,P,14(E1),H,-1.196,2
-0.09207,-0.0248,4,P,14(E1),I,-0.1551,3
-0.2144,-0.0612,6,P,14(E1),K,0.2328,5
-1.155,-0.5227,11,P,14(E1),L,-0.465,6
-1.693,-0.9969,6,P,14(E1),M,-1.231,1
-0.6147,-0.213,7,P,14(E1),N,-1.359,2
0,0,,P,14(E1),P,0,
-2.036,-1.406,1,P,14(E1),Q,-1.711,1
-1.412,-0.7254,4,P,14(E1),R,-1.196,2
0.7267,0.1356,26,P,14(E1),S,0.604,5
-0.3161,-0.09472,7,P,14(E1),T,-0.723,2
-0.2352,-0.06779,4,P,14(E1),V,,
1.875,0.2248,6,P,14(E1),W,-0.08391,5
-0.4027,-0.1258,4,P,14(E1),Y,-0.9526,2
-7.374,-7.595,5,Y,15(E1),*,,
-0.9383,-0.3815,4,Y,15(E1),-,,
-0.3919,-0.1218,9,Y,15(E1),A,-1.181,6
-2.434,-1.993,7,Y,15(E1),C,-2.499,3
-3.871,-4.723,18,Y,15(E1),D,-4.942,8
-2.945,-2.903,3,Y,15(E1),E,-3.207,2
-1.492,-0.7975,8,Y,15(E1),F,-0.2364,6
-1.069,-0.4639,8,Y,15(E1),G,-1.074,3
-1.157,-0.5244,13,Y,15(E1),H,-1.687,7
-1.732,-1.038,12,Y,15(E1),I,-2.319,6
-1.761,-1.071,12,Y,15(E1),K,-1.153,9
-1.68,-0.9831,9,Y,15(E1),L,-1.351,5
0.8082,0.1457,6,Y,15(E1),M,-0.3447,5
-6.139,-7.266,9,Y,15(E1),N,-8,6
-7.33,-7.588,7,Y,15(E1),P,-8,4
-1.452,-0.7613,10,Y,15(E1),Q,-0.8692,6
0.008903,0.002287,4,Y,15(E1),R,-0.3809,2
-1.724,-1.03,9,Y,15(E1),S,-1.163,6
-1.504,-0.8084,8,Y,15(E1),T,-0.686,4
-1.204,-0.5583,5,Y,15(E1),V,-0.9055,3
-1.006,-0.4231,6,Y,15(E1),W,-1.103,2
0,0,,Y,15(E1),Y,0,
-1.096,-0.4822,5,K,16(E1),-,,
-3.528,-4.056,20,K,16(E1),A,-4.251,11
-7.021,-7.536,8,K,16(E1),C,-8,2
-7.902,-7.653,4,K,16(E1),D,,
-7.123,-7.555,5,K,16(E1),E,-8,2
-3.52,-4.042,7,K,16(E1),F,-4.425,6
-4.297,-5.473,7,K,16(E1),G,-5.752,2
0.08319,0.02065,8,K,16(E1),H,-0.04535,6
-5.676,-7.014,7,K,16(E1),I,-6.463,4
0,0,,K,16(E1),K,0,
-5.548,-6.925,4,K,16(E1),L,-6.741,2
-3.323,-3.648,13,K,16(E1),M,-4.237,6
-1.838,-1.158,11,K,16(E1),N,-0.8173,3
-5.616,-6.974,10,K,16(E1),P,-5.957,4
-4.566,-5.883,7,K,16(E1),Q,-5.987,5
-2.991,-2.991,8,K,16(E1),R,-3.01,2
-3.582,-4.164,6,K,16(E1),S,-4.483,3
-3.005,-3.018,10,K,16(E1),T,-3.365,5
-5.919,-7.159,6,K,16(E1),V,-8,3
-3.127,-3.256,7,K,16(E1),W,-3.438,6
-3.337,-3.675,4,K,16(E1),Y,-3.984,3
-0.7751,-0.2907,5,T,17(E1),-,,
-1.085,-0.4744,6,T,17(E1),A,-0.6117,5
-1.558,-0.8596,8,T,17(E1),C,-1.143,3
-0.3761,-0.116,8,T,17(E1),D,-1.688,3
-3.104,-3.211,9,T,17(E1),E,-3.318,5
-2.414,-1.961,4,T,17(E1),F,-2.402,3
-2.809,-2.646,5,T,17(E1),G,-2.558,3
-3.216,-3.434,6,T,17(E1),H,-2.927,2
-1.14,-0.5123,10,T,17(E1),I,-1.438,5
-3.847,-4.678,3,T,17(E1),K,-4.966,1
-1.91,-1.245,11,T,17(E1),L,-1.675,6
-2.296,-1.776,7,T,17(E1),M,-1.887,6
-1.136,-0.5097,15,T,17(E1),N,-0.8578,9
-6.69,-7.459,10,T,17(E1),P,-8,6
-3.405,-3.811,10,T,17(E1),Q,-5.845,4
1.287,0.1913,3,T,17(E1),R,0.3634,2
0.2503,0.05754,7,T,17(E1),S,0.2704,6
0,0,,T,17(E1),T,0,
-1.069,-0.4635,4,T,17(E1),V,-0.7647,4
-7.166,-7.562,6,T,17(E1),W,-8,3
-5.508,-6.896,5,T,17(E1),Y,-4.965,2
-1.174,-0.5363,7,L,18(E1),-,,
-0.02561,-0.006685,8,L,18(E1),A,0.01425,4
1.751,0.2192,10,L,18(E1),C,0.1282,8
-5.834,-7.112,9,L,18(E1),D,-5.666,2
-4,-4.962,9,L,18(E1),E,-4.592,5
0.01114,0.00286,8,L,18(E1),F,-0.8969,5
-2.426,-1.98,8,L,18(E1),G,-2.256,7
0.4452,0.09381,8,L,18(E1),H,-2.481,5
-1.763,-1.073,5,L,18(E1),I,-0.8139,1
-2.483,-2.073,8,L,18(E1),K,-2.315,7
0,0,,L,18(E1),L,0,
2.295,0.2391,19,L,18(E1),M,-0.2033,9
-2.938,-2.89,3,L,18(E1),N,-3.112,3
-6.553,-7.42,16,L,18(E1),P,-8,4
-0.4721,-0.1526,11,L,18(E1),Q,-0.3973,3
-2.204,-1.639,8,L,18(E1),R,-1.517,3
-1.579,-0.88,7,L,18(E1),S,-1.46,5
-2.338,-1.84,6,L,18(E1),T,-2.195,2
-2.121,-1.521,4,L,18(E1),V,-2.134,4
-1.694,-0.9984,4,L,18(E1),W,-1.192,1
-0.4785,-0.1551,5,L,18(E1),Y,-1.724,2
-1.502,-0.8069,7,V,19(E1),-,,
-1.842,-1.163,7,V,19(E1),A,-1.083,2
-2.127,-1.53,11,V,19(E1),C,-2.607,5
-6.365,-7.357,7,V,19(E1),D,-8,1
-7.475,-7.608,6,V,19(E1),E,-8,3
-2.372,-1.893,8,V,19(E1),F,-1.212,2
-6.619,-7.44,10,V,19(E1),G,-8,4
-6.696,-7.461,3,V,19(E1),H,-8,1
-1.518,-0.8211,7,V,19(E1),I,-0.9434,3
-6.637,-7.444,11,V,19(E1),K,-8,4
-1.556,-0.8575,8,V,19(E1),L,-1.505,3
-2.359,-1.873,8,V,19(E1),M,-2.196,3
-7.381,-7.596,7,V,19(E1),N,-8,5
-7.474,-7.608,17,V,19(E1),P,-8,6
-6.545,-7.417,12,V,19(E1),Q,-8,10
-6.627,-7.442,8,V,19(E1),R,-8,7
-6.734,-7.471,7,V,19(E1),S,-8,3
-3.845,-4.674,6,V,19(E1),T,-5.335,3
0,0,,V,19(E1),V,0,
-6.7,-7.462,3,V,19(E1),W,-8,1
-6.019,-7.21,9,V,19(E1),Y,-8,5
-0.849,-0.3303,7,N,20(E1),-,,
0.1833,0.04345,15,N,20(E1),A,-0.3912,11
-1.023,-0.4339,7,N,20(E1),C,-1.247,3
4.451,0.2636,10,N,20(E1),D,-0.8186,5
0.8319,0.1485,4,N,20(E1),E,1.029,1
-1.357,-0.6787,8,N,20(E1),F,-1.1,6
1.632,0.2133,6,N,20(E1),G,0.4163,4
-0.5629,-0.1902,8,N,20(E1),H,-0.6267,4
0.09823,0.02421,7,N,20(E1),I,-0.4429,2
-0.1935,-0.05469,9,N,20(E1),K,-0.8776,2
-0.9605,-0.3949,7,N,20(E1),L,-0.2416,4
-0.8146,-0.3115,9,N,20(E1),M,-0.5614,7
0,0,,N,20(E1),N,0,
-3.202,-3.406,7,N,20(E1),P,-3.511,6
1.788,0.221,7,N,20(E1),Q,-0.3397,6
0.2509,0.05766,10,N,20(E1),R,-1.16,2
0.1381,0.03341,9,N,20(E1),S,-1.157,2
-0.3622,-0.111,7,N,20(E1),T,-1.03,3
0.7333,0.1364,6,N,20(E1),V,0.1691,4
0.6899,0.1307,10,N,20(E1),W,0.2676,4
-2.676,-2.405,3,N,20(E1),Y,-2.713,1
-7.434,-7.603,3,R,21(E1),*,-8,1
-0.8556,-0.3339,6,R,21(E1),-,,
-0.6882,-0.2473,10,R,21(E1),A,0.2622,7
-2.615,-2.297,8,R,21(E1),C,-1.78,3
-7.299,-7.584,12,R,21(E1),D,-8,7
-5.673,-7.012,8,R,21(E1),E,-5.485,3
-2.475,-2.061,8,R,21(E1),F,-1.638,4
-6.239,-7.309,7,R,21(E1),G,-8,4
-2.218,-1.659,8,R,21(E1),H,-1.714,4
-1.123,-0.5003,9,R,21(E1),I,-0.2188,3
-0.1766,-0.0495,8,R,21(E1),K,-2.757,3
-1.722,-1.029,7,R,21(E1),L,-0.9368,7
-2.752,-2.541,6,R,21(E1),M,-0.005549,1
-1.489,-0.7949,8,R,21(E1),N,-0.5693,6
-5.908,-7.153,9,R,21(E1),P,-7.519,6
-0.8981,-0.358,12,R,21(E1),Q,-0.1673,6
0,0,,R,21(E1),R,0,
-2.312,-1.801,5,R,21(E1),S,-2.195,3
-5.664,-7.006,9,R,21(E1),T,-8,5
-0.5838,-0.1992,7,R,21(E1),V,0.1852,5
-2.23,-1.677,9,R,21(E1),W,-2.104,6
-2.435,-1.995,10,R,21(E1),Y,-2.111,3
-0.3341,-0.101,6,P,22(E1),-,,
-0.2164,-0.06182,7,P,22(E1),A,-1.023,3
-2.977,-2.964,4,P,22(E1),C,-3.741,3
-1.387,-0.7039,11,P,22(E1),D,-0.6352,4
-0.9076,-0.3634,4,P,22(E1),E,-0.2387,1
-0.8284,-0.319,10,P,22(E1),F,-0.4328,5
1.761,0.2197,7,P,22(E1),G,-0.05784,3
0.17,0.04053,10,P,22(E1),H,-0.00689,3
-1.488,-0.7935,11,P,22(E1),I,-0.6795,9
-0.9902,-0.4131,6,P,22(E1),K,-0.4081,5
-1.726,-1.032,9,P,22(E1),L,-1.052,5
-1.039,-0.444,6,P,22(E1),M,-0.2375,3
-1.264,-0.6038,7,P,22(E1),N,-1.004,5
0,0,,P,22(E1),P,0,
-0.3108,-0.09289,5,P,22(E1),Q,-1.503,1
-0.243,-0.0703,11,P,22(E1),R,-0.6507,6
-1.473,-0.7799,9,P,22(E1),S,-1.003,5
-4.456,-5.722,10,P,22(E1),T,-6.622,6
-1.254,-0.5964,5,P,22(E1),V,-0.6903,2
-1.63,-0.9316,5,P,22(E1),W,-0.6226,1
-1.158,-0.5254,5,P,22(E1),Y,0.5126,2
-1.757,-1.066,6,G,23(E1),-,,
0.4129,0.08825,8,G,23(E1),A,-0.125,4
-3.137,-3.278,9,G,23(E1),C,-3.196,5
-1.396,-0.7116,40,G,23(E1),D,-0.629,8
-2.734,-2.509,6,G,23(E1),E,-3.428,2
0.3959,0.08526,6,G,23(E1),F,-1.271,3
0,0,,G,23(E1),G,0,
-3.248,-3.496,5,G,23(E1),H,-5.502,2
-3.281,-3.563,6,G,23(E1),I,-4.014,1
-0.7443,-0.2749,5,G,23(E1),K,-0.7095,4
-1.272,-0.61,8,G,23(E1),L,-0.3732,7
-1.052,-0.4527,7,G,23(E1),M,-0.5224,6
-1.583,-0.8844,7,G,23(E1),N,-1.427,3
-0.9342,-0.3791,8,G,23(E1),P,-0.8014,5
-1.361,-0.682,13,G,23(E1),Q,-1.594,6
-0.2834,-0.0836,6,G,23(E1),R,-1.362,5
-1.246,-0.5903,9,G,23(E1),S,-1.081,2
1.539,0.208,4,G,23(E1),T,0.6289,3
-3.962,-4.892,8,G,23(E1),V,-2.078,1
-2.432,-1.99,6,G,23(E1),W,-2.284,2
-0.6653,-0.2363,2,G,23(E1),Y,-0.5547,2
-8.655,-7.698,4,Y,24(E1),*,,
-0.2557,-0.07445,3,Y,24(E1),-,,
-2.137,-1.544,14,Y,24(E1),A,-1.728,10
-1.62,-0.9213,14,Y,24(E1),C,-1.2,9
-3.82,-4.627,7,Y,24(E1),D,-5.277,5
-7.165,-7.562,6,Y,24(E1),E,-8,3
0.1588,0.03806,8,Y,24(E1),F,0.02262,6
-6.261,-7.318,9,Y,24(E1),G,-8,4
-2.065,-1.445,8,Y,24(E1),H,-1.441,6
-5.624,-6.979,12,Y,24(E1),I,-7.619,8
-2.963,-2.938,7,Y,24(E1),K,-2.848,3
-1.988,-1.343,6,Y,24(E1),L,-1.618,4
-1.499,-0.8037,6,Y,24(E1),M,-1.092,3
-3.046,-3.099,6,Y,24(E1),N,-4.872,4
-6.591,-7.431,9,Y,24(E1),P,-8,9
-3.625,-4.25,9,Y,24(E1),Q,-4.601,6
-4.609,-5.944,7,Y,24(E1),R,-5.135,4
-2.655,-2.367,5,Y,24(E1),S,-2.236,2
-3.721,-4.436,6,Y,24(E1),T,-3.976,2
-4.283,-5.451,7,Y,24(E1),V,-5.891,4
-1.053,-0.4532,5,Y,24(E1),W,-1.456,3
0,0,,Y,24(E1),Y,0,
-0.8984,-0.3581,2,S,25(E1),-,,
-1.196,-0.5524,11,S,25(E1),A,-0.7108,6
-3.201,-3.403,3,S,25(E1),C,-4.618,1
-3.265,-3.531,4,S,25(E1),D,-3.838,3
-3.929,-4.831,3,S,25(E1),E,,
-5.876,-7.136,8,S,25(E1),F,-8,4
-3.36,-3.721,15,S,25(E1),G,-3.835,5
-4.3,-5.477,5,S,25(E1),H,-5.484,3
-3.225,-3.452,12,S,25(E1),I,-3.102,3
-7.157,-7.561,4,S,25(E1),K,-8,3
-3.224,-3.45,10,S,25(E1),L,-3.646,5
-1.025,-0.4351,6,S,25(E1),M,-3.903,1
-2.698,-2.445,16,S,25(E1),N,-2.061,3
-7.185,-7.566,6,S,25(E1),P,-8,2
-7.157,-7.561,4,S,25(E1),Q,-8,3
-0.5376,-0.1794,3,S,25(E1),R,,
0,0,,S,25(E1),S,0,
3.34,0.2571,5,S,25(E1),T,0.4199,2
-2.893,-2.805,8,S,25(E1),V,-3.181,6
-7.833,-7.647,7,S,25(E1),W,-8,4
-6.564,-7.423,10,S,25(E1),Y,-8,6
-0.5676,-0.1922,2,P,26(E1),-,,
-2.206,-1.642,5,P,26(E1),A,-1.643,4
-3.777,-4.544,8,P,26(E1),C,-6.571,4
-3.675,-4.346,7,P,26(E1),D,-4.937,6
-5.179,-6.614,8,P,26(E1),E,-7.198,6
-3.487,-3.976,13,P,26(E1),F,-4.177,9
0.03447,0.008751,3,P,26(E1),G,-1.363,1
-3.334,-3.669,5,P,26(E1),H,-5.349,2
-1.72,-1.026,2,P,26(E1),I,-1.871,2
-4.931,-6.353,4,P,26(E1),K,-6.935,2
-3.503,-4.007,8,P,26(E1),L,-3.154,1
-2.587,-2.249,9,P,26(E1),M,-2.363,2
-2.016,-1.379,9,P,26(E1),N,-1.905,4
0,0,,P,26(E1),P,0,
-3.901,-4.78,5,P,26(E1),Q,-5.536,2
-4.481,-5.759,6,P,26(E1),R,-5.847,3
-2.365,-1.883,10,P,26(E1),S,-2.835,5
-3.629,-4.256,10,P,26(E1),T,-3.701,3
-3.079,-3.164,5,P,26(E1),V,-3.864,2
-3.841,-4.666,7,P,26(E1),W,-4.501,5
-2.726,-2.495,14,P,26(E1),Y,-2.806,11
0.6323,0.1228,1,M,27(E1),-,,
-3.05,-3.106,10,M,27(E1),A,-3.008,2
-3.282,-3.564,5,M,27(E1),C,-3.93,1
-6.93,-7.517,8,M,27(E1),D,-8,4
-3.237,-3.476,8,M,27(E1),E,-3.486,5
-0.1245,-0.03406,10,M,27(E1),F,-0.6763,6
-8.092,-7.667,12,M,27(E1),G,-8,6
-3.587,-4.173,6,M,27(E1),H,-5.957,4
0.6539,0.1258,29,M,27(E1),I,0.2413,5
-2.337,-1.839,5,M,27(E1),K,-1.688,1
0.4708,0.0981,7,M,27(E1),L,0.2418,4
0,0,,M,27(E1),M,0,
-5.646,-6.994,7,M,27(E1),N,-7.04,4
-6.176,-7.283,8,M,27(E1),P,-8,5
-1.71,-1.015,13,M,27(E1),Q,-1.264,5
-2.923,-2.861,13,M,27(E1),R,-2.424,3
-4.429,-5.68,11,M,27(E1),S,-5.912,4
-1.667,-0.9691,8,M,27(E1),T,-1.239,6
1.228,0.1868,2,M,27(E1),V,,
-2.289,-1.765,4,M,27(E1),W,-2.109,2
-2.59,-2.254,7,M,27(E1),Y,-2.522,1
-0.2181,-0.06235,1,V,28(E1),-,,
-2.282,-1.755,6,V,28(E1),A,-2.401,3
0.1321,0.03206,5,V,28(E1),C,-0.2214,2
-7.469,-7.607,5,V,28(E1),D,-8,5
-5.695,-7.026,4,V,28(E1),E,-7.339,1
-7.288,-7.582,5,V,28(E1),F,-8,4
-3.41,-3.822,5,V,28(E1),G,-3.235,1
-5.951,-7.176,3,V,28(E1),H,-8,3
-1.153,-0.5214,4,V,28(E1),I,-0.7628,4
-7.275,-7.58,5,V,28(E1),K,-8,2
-2.893,-2.803,17,V,28(E1),L,-3.948,7
-2.177,-1.6,11,V,28(E1),M,-1.813,1
-0.1155,-0.03145,5,V,28(E1),N,-0.4711,4
-5.004,-6.434,3,V,28(E1),P,-6.605,1
-3.496,-3.993,5,V,28(E1),Q,-4.143,2
-7.222,-7.572,8,V,28(E1),R,-8,3
-1.427,-0.7386,6,V,28(E1),S,-0.4288,2
-0.7443,-0.2749,8,V,28(E1),T,-0.6336,5
0,0,,V,28(E1),V,0,
-6.542,-7.417,7,V,28(E1),W,-8,4
-6.437,-7.383,13,V,28(E1),Y,-8,5
-2.567,-2.215,8,L,29(E1),A,-3.191,5
-2.159,-1.575,10,L,29(E1),C,-2.244,4
-7.486,-7.61,7,L,29(E1),D,-8,6
-7.438,-7.604,6,L,29(E1),E,-8,2
-0.6599,-0.2338,7,L,29(E1),F,0.1506,5
-7.304,-7.585,6,L,29(E1),G,-8,4
-6.009,-7.206,8,L,29(E1),H,-7.881,3
1.001,0.1667,14,L,29(E1),I,-0.09168,9
-8.151,-7.671,7,L,29(E1),K,-8,3
0,0,,L,29(E1),L,0,
-0.3342,-0.101,10,L,29(E1),M,-0.5202,2
-6.972,-7.526,6,L,29(E1),N,-8,1
-7.336,-7.589,15,L,29(E1),P,-8,9
-6.457,-7.389,9,L,29(E1),Q,-8,4
-8.859,-7.705,18,L,29(E1),R,-8,6
-5.715,-7.039,4,L,29(E1),S,-7.014,2
-4.907,-6.324,2,L,29(E1),T,,
-0.3414,-0.1036,8,L,29(E1),V,-0.7643,2
-2.785,-2.603,6,L,29(E1),W,-1.795,4
-2.032,-1.401,9,L,29(E1),Y,-1.728,4
-6.973,-7.526,7,E,30(E1),*,,
-2.566,-2.213,10,E,30(E1),A,-2.496,6
-3.781,-4.552,6,E,30(E1),C,-4.162,3
2.555,0.2455,11,E,30(E1),D,-0.2992,7
0,0,,E,30(E1),E,0,
-6.16,-7.276,9,E,30(E1),F,-8,5
-2.288,-1.763,9,E,30(E1),G,-1.397,6
-2.467,-2.047,5,E,30(E1),H,,
-1.746,-1.055,8,E,30(E1),I,-0.5695,2
-2.473,-2.057,99,E,30(E1),K,-1.975,13
-2.829,-2.683,11,E,30(E1),L,-2.254,5
-2.288,-1.764,8,E,30(E1),M,-1.482,4
-2.756,-2.549,12,E,30(E1),N,-1.501,5
-7.2,-7.568,7,E,30(E1),P,-8,3
-1.601,-0.9015,11,E,30(E1),Q,-0.5334,6
-1.895,-1.227,8,E,30(E1),R,-1.405,5
0.1251,0.03045,5,E,30(E1),S,-0.9657,2
-1.09,-0.478,10,E,30(E1),T,-0.4938,7
3.366,0.2573,10,E,30(E1),V,-0.2546,5
-6.242,-7.31,4,E,30(E1),W,-8,4
-10.51,-7.731,10,E,30(E1),Y,-8,3
-0.7604,-0.2831,8,M,31(E1),A,0.1849,6
-0.8522,-0.332,1,M,31(E1),C,,
-6.669,-7.454,11,M,31(E1),D,-8,7
-6.095,-7.247,13,M,31(E1),E,-8,9
-1.484,-0.7898,10,M,31(E1),F,-0.5157,5
-7.411,-7.6,6,M,31(E1),G,-8,5
-2.623,-2.311,13,M,31(E1),H,-2.468,7
-0.0478,-0.01261,29,M,31(E1),I,-1.445,4
-5.922,-7.161,7,M,31(E1),K,-8,1
-0.5887,-0.2014,10,M,31(E1),L,-0.766,3
0,0,,M,31(E1),M,0,
-7.069,-7.545,13,M,31(E1),N,-8,11
-7.338,-7.59,7,M,31(E1),P,-8,4
-3.24,-3.482,11,M,31(E1),Q,-3.577,7
-7.598,-7.623,9,M,31(E1),R,-8,8
-3.317,-3.635,10,M,31(E1),S,-3.489,6
1.967,0.2284,5,M,31(E1),T,-0.3842,3
-0.8445,-0.3277,8,M,31(E1),V,-0.5697,4
-0.1529,-0.04239,8,M,31(E1),W,0.07995,6
1.535,0.2078,3,M,31(E1),Y,-0.7938,2
-4.505,-5.796,3,E,32(E1),*,,
-1.466,-0.7736,11,E,32(E1),A,-0.8077,6
-3.418,-3.838,6,E,32(E1),C,-3.331,5
-3.05,-3.106,11,E,32(E1),D,-3.874,7
0,0,,E,32(E1),E,0,
-4.59,-5.917,10,E,32(E1),F,-6.1,7
-7.735,-7.637,8,E,32(E1),G,-8,2
-1.741,-1.049,7,E,32(E1),H,-1.448,3
-1.782,-1.095,6,E,32(E1),I,-1.034,3
-2.282,-1.754,47,E,32(E1),K,-1.715,5
-3.128,-3.26,11,E,32(E1),L,-3.724,7
-0.1872,-0.05273,6,E,32(E1),M,-1.917,2
-2.086,-1.474,7,E,32(E1),N,-1.198,3
-6.593,-7.432,10,E,32(E1),P,-8,6
-2.441,-2.005,14,E,32(E1),Q,-5.38,4
0.7548,0.1392,5,E,32(E1),R,,
-3.295,-3.59,4,E,32(E1),S,-3.885,1
-1.032,-0.4399,12,E,32(E1),T,0.7959,6
1.792,0.2211,7,E,32(E1),V,-0.93,2
-2.505,-2.11,7,E,32(E1),W,-2.736,2
-2.589,-2.252,8,E,32(E1),Y,-2.798,4
-2.527,-2.146,8,L,33(E1),A,-2.338,6
-9.101,-7.712,12,L,33(E1),C,-8,3
-6.275,-7.323,6,L,33(E1),D,-8,4
-6.726,-7.469,3,L,33(E1),E,-8,1
-0.9647,-0.3974,5,L,33(E1),F,0.3755,4
-6.729,-7.47,9,L,33(E1),G,-8,6
-8.923,-7.707,6,L,33(E1),H,-8,1
2.096,0.2331,3,L,33(E1),I,-0.1458,1
-7.383,-7.596,6,L,33(E1),K,-7.079,2
0,0,,L,33(E1),L,0,
-1.096,-0.482,13,L,33(E1),M,-1.073,6
-6.504,-7.405,12,L,33(E1),N,-8,7
-3.308,-3.616,13,L,33(E1),P,-3.202,5
-4.167,-5.257,5,L,33(E1),Q,-4.904,1
-7.438,-7.603,6,L,33(E1),R,-8,3
-5.88,-7.138,10,L,33(E1),S,-8,3
-3.455,-3.912,8,L,33(E1),T,-4.474,5
-1.446,-0.7552,12,L,33(E1),V,-0.587,6
-1.639,-0.9402,12,L,33(E1),W,-0.4912,4
-6.485,-7.399,8,L,33(E1),Y,-8,5
-0.141,-0.03887,7,L,34(E1),A,-0.937,2
0.06651,0.01663,2,L,34(E1),C,-0.2937,2
-2.273,-1.74,7,L,34(E1),D,-2.8,4
-2.546,-2.179,9,L,34(E1),E,-2.974,5
0.2512,0.05773,6,L,34(E1),F,-1.722,3
-2.604,-2.278,8,L,34(E1),G,-2.242,4
-0.2661,-0.07786,8,L,34(E1),H,-0.1846,4
0.1912,0.04515,11,L,34(E1),I,-0.001786,5
1.502,0.2058,11,L,34(E1),K,0.5321,3
0,0,,L,34(E1),L,0,
0.5749,0.1145,11,L,34(E1),M,-0.3054,4
-0.6465,-0.2276,5,L,34(E1),N,-0.9149,2
-5.818,-7.102,10,L,34(E1),P,-8,3
-1.399,-0.7148,5,L,34(E1),Q,-0.6261,4
-0.6846,-0.2455,9,L,34(E1),R,-0.01414,5
-1.862,-1.188,6,L,34(E1),S,-1.435,4
-1.574,-0.875,7,L,34(E1),T,-1.171,4
-1.206,-0.5601,5,L,34(E1),V,,
-2.716,-2.476,5,L,34(E1),W,-2.449,2
-0.4615,-0.1484,6,L,34(E1),Y,0.007801,5
1.587,0.2108,5,S,35(E1),A,-1.28,2
-1.675,-0.9778,6,S,35(E1),C,-1.628,3
-0.7226,-0.2641,6,S,35(E1),D,-0.7593,3
-0.6045,-0.2084,6,S,35(E1),E,-0.9867,4
-1.151,-0.5198,6,S,35(E1),F,1.147,2
-1.99,-1.346,7,S,35(E1),G,-1.606,3
-0.2254,-0.06467,7,S,35(E1),H,-0.4236,3
-0.3954,-0.1231,5,S,35(E1),I,0.09563,3
1.603,0.2117,4,S,35(E1),K,-0.06292,3
-0.7052,-0.2555,4,S,35(E1),L,-0.1529,1
1.644,0.2139,3,S,35(E1),M,0.9018,2
1.522,0.2071,5,S,35(E1),N,0.4334,5
-7.465,-7.607,9,S,35(E1),P,-8,7
0.7179,0.1344,3,S,35(E1),Q,,
0.735,0.1366,6,S,35(E1),R,-0.4041,3
0,0,,S,35(E1),S,0,
0.6471,0.1249,11,S,35(E1),T,0.8759,3
2.761,0.2494,4,S,35(E1),V,0.5078,3
0.3979,0.08562,7,S,35(E1),W,1.208,5
-0.9726,-0.4023,8,S,35(E1),Y,-0.2774,2
-1.601,-0.9016,38,V,36(E1),A,-1.228,14
-2.32,-1.812,5,V,36(E1),C,-2.095,4
-5.938,-7.169,17,V,36(E1),D,-8,10
-3.453,-3.906,12,V,36(E1),E,-3.928,9
-2.488,-2.082,6,V,36(E1),F,-2.4,3
-6.967,-7.525,4,V,36(E1),G,-8,2
-1.971,-1.322,8,V,36(E1),H,-1.352,5
-1.813,-1.129,5,V,36(E1),I,-1.314,2
-7.316,-7.586,8,V,36(E1),K,-8,4
-1.072,-0.466,20,V,36(E1),L,-0.7295,4
-1.139,-0.5113,19,V,36(E1),M,-0.804,5
-1.658,-0.9598,16,V,36(E1),N,-1.718,8
-7.281,-7.581,11,V,36(E1),P,-8,7
0.4503,0.09467,9,V,36(E1),Q,-0.7763,4
-7.193,-7.567,5,V,36(E1),R,-8,3
-0.5534,-0.1861,8,V,36(E1),S,-0.08195,4
0.05846,0.01467,9,V,36(E1),T,0.0775,4
0,0,,V,36(E1),V,0,
-1.433,-0.7444,5,V,36(E1),W,-1.21,3
-2.036,-1.406,9,V,36(E1),Y,-0.6465,3
-0.3587,-0.1097,13,T,37(E1),A,0.294,4
-0.9538,-0.3908,5,T,37(E1),C,-0.6287,5
-1.67,-0.9725,12,T,37(E1),D,-0.7129,5
-1.813,-1.13,8,T,37(E1),E,-1.105,4
0.3745,0.08142,11,T,37(E1),F,0.1935,7
-0.3378,-0.1023,8,T,37(E1),G,-1.434,3
-1.874,-1.201,9,T,37(E1),H,-1.121,4
0.804,0.1452,9,T,37(E1),I,-0.5206,2
-1.804,-1.12,9,T,37(E1),K,-2.037,3
1.136,0.1792,7,T,37(E1),L,-0.01176,3
0.3498,0.07689,13,T,37(E1),M,-0.0853,9
-1.749,-1.058,8,T,37(E1),N,-1.345,6
-6.627,-7.442,13,T,37(E1),P,-8,7
-1.653,-0.9543,3,T,37(E1),Q,0.604,2
-1.672,-0.9745,4,T,37(E1),R,0.766,2
-0.7883,-0.2975,6,T,37(E1),S,-2.285,2
0,0,,T,37(E1),T,0,
-1.51,-0.8137,3,T,37(E1),V,-1.119,2
-0.459,-0.1474,5,T,37(E1),W,-0.03042,3
1.156,0.1809,6,T,37(E1),Y,-0.7486,3
-1.945,-1.289,10,L,38(E1),A,-0.8374,4
-5.222,-6.655,11,L,38(E1),C,-8,7
-5.863,-7.128,3,L,38(E1),D,-8,2
-2.824,-2.674,8,L,38(E1),E,-2.919,5
-7.008,-7.533,3,L,38(E1),F,-8,2
-7.592,-7.622,12,L,38(E1),G,-8,6
-2.284,-1.758,6,L,38(E1),H,-1.212,2
-0.3933,-0.1223,7,L,38(E1),I,-0.2712,5
-5.348,-6.767,9,L,38(E1),K,-6.784,8
0,0,,L,38(E1),L,0,
-1.169,-0.533,9,L,38(E1),M,-0.9878,4
-2.331,-1.83,11,L,38(E1),N,-0.6112,4
-8.51,-7.691,13,L,38(E1),P,-8,6
-1.54,-0.8423,6,L,38(E1),Q,-0.5909,1
-5.216,-6.649,6,L,38(E1),R,-7.139,2
-0.8038,-0.3058,6,L,38(E1),S,-0.402,4
-1.873,-1.2,4,L,38(E1),T,-0.8584,3
-0.8905,-0.3536,9,L,38(E1),V,0.03545,4
-7.91,-7.653,10,L,38(E1),W,-8,6
-7.958,-7.657,8,L,38(E1),Y,-3.908,3
-5.633,-6.985,5,E,39(E1),*,,
0.0667,0.01668,6,E,39(E1),A,-0.1957,2
-1.538,-0.8402,8,E,39(E1),C,-0.8084,5
-0.3544,-0.1082,7,E,39(E1),D,-1.02,4
0,0,,E,39(E1),E,0,
-0.7775,-0.2919,10,E,39(E1),F,-0.9462,3
-3.294,-3.59,13,E,39(E1),G,-3.603,2
0.4801,0.09963,8,E,39(E1),H,-0.6863,5
-0.9925,-0.4146,5,E,39(E1),I,-0.3568,2
-1.199,-0.5548,46,E,39(E1),K,-1.905,7
-1.75,-1.058,7,E,39(E1),L,-1.535,3
-1.254,-0.5962,5,E,39(E1),M,-0.7848,4
4.375,0.2634,8,E,39(E1),N,-0.305,5
-7.143,-7.558,4,E,39(E1),P,-8,3
-1.643,-0.9447,12,E,39(E1),Q,-0.7144,5
-0.6213,-0.216,9,E,39(E1),R,-0.255,5
-1.153,-0.5213,5,E,39(E1),S,-0.8769,4
-0.7561,-0.2809,9,E,39(E1),T,-0.2911,7
-0.2107,-0.06004,8,E,39(E1),V,0.3864,2
-0.8992,-0.3586,7,E,39(E1),W,0.4831,6
-0.3862,-0.1197,14,E,39(E1),Y,-0.3121,7
-1.068,-0.4634,13,P,40(E1),A,-0.6828,10
-7.039,-7.539,11,P,40(E1),C,-8,6
-7.41,-7.6,5,P,40(E1),D,-8,5
-6.65,-7.448,7,P,40(E1),E,-8,6
-4.901,-6.317,5,P,40(E1),F,-6.911,2
-6.449,-7.387,4,P,40(E1),G,-7.704,2
-7.391,-7.597,11,P,40(E1),H,-8,3
-4.516,-5.811,17,P,40(E1),I,-5.885,13
-8.939,-7.707,10,P,40(E1),K,-8,4
-4.379,-5.603,12,P,40(E1),L,-5.639,2
-3.35,-3.702,7,P,40(E1),M,-4.893,3
-7.011,-7.534,3,P,40(E1),N,-8,2
0,0,,P,40(E1),P,0,
-3.407,-3.816,8,P,40(E1),Q,-4.291,2
-7.354,-7.592,8,P,40(E1),R,-8,4
-5.281,-6.709,21,P,40(E1),S,-6.603,6
-1.018,-0.4307,12,P,40(E1),T,-0.4203,2
-2.585,-2.245,7,P,40(E1),V,-2.161,4
-7.41,-7.6,7,P,40(E1),W,-8,5
-6.703,-7.463,8,P,40(E1),Y,-8,3
-1.44,-0.7505,14,T,41(E1),A,-0.656,6
-6.49,-7.4,15,T,41(E1),C,-8,9
-3.792,-4.573,8,T,41(E1),D,-4.186,3
-1.8,-1.115,5,T,41(E1),E,-0.7938,3
-2.92,-2.855,12,T,41(E1),F,-2.866,8
-1.447,-0.7562,5,T,41(E1),G,-1.403,1
-4.601,-5.933,7,T,41(E1),H,-6.345,1
0.6204,0.1211,12,T,41(E1),I,-0.3021,3
-5.432,-6.837,8,T,41(E1),K,-8,4
-3.48,-3.961,11,T,41(E1),L,-4.168,5
-0.8665,-0.34,5,T,41(E1),M,-0.4254,2
-2.232,-1.681,14,T,41(E1),N,-2.441,7
-8.638,-7.697,6,T,41(E1),P,-8,2
-2.097,-1.488,8,T,41(E1),Q,-1.95,2
-6.483,-7.398,13,T,41(E1),R,-8,5
-0.6447,-0.2267,8,T,41(E1),S,0.2126,4
0,0,,T,41(E1),T,0,
0.681,0.1295,6,T,41(E1),V,0.3753,2
-2.483,-2.072,2,T,41(E1),W,-2.036,1
-2.039,-1.41,6,T,41(E1),Y,-1.667,2
-3.495,-3.99,5,L,42(E1),A,-4.203,2
-2.438,-1.999,7,L,42(E1),C,-1.919,3
-7.066,-7.544,13,L,42(E1),D,-8,4
-7.675,-7.631,10,L,42(E1),E,-8,8
-2.891,-2.8,7,L,42(E1),F,-3.117,2
-6.321,-7.341,9,L,42(E1),G,-8,3
-6.942,-7.52,5,L,42(E1),H,-8,2
3.361,0.2573,5,L,42(E1),I,0.00845,2
-4.394,-5.627,5,L,42(E1),K,-5.952,3
0,0,,L,42(E1),L,0,
-0.9639,-0.3969,7,L,42(E1),M,-0.08215,2
-7.008,-7.533,5,L,42(E1),N,-8,2
-7.585,-7.622,25,L,42(E1),P,-8,16
-7.88,-7.651,18,L,42(E1),Q,-8,9
-7.149,-7.559,15,L,42(E1),R,-8,9
-7.256,-7.577,10,L,42(E1),S,-8,7
-2.178,-1.601,9,L,42(E1),T,-1.646,5
0.1045,0.02567,7,L,42(E1),V,-0.2874,6
-7.67,-7.631,4,L,42(E1),W,-8,2
-4.596,-5.926,1,L,42(E1),Y,-5.876,1
1.855,0.2239,11,S,43(E1),A,0.05547,7
-5.982,-7.192,12,S,43(E1),C,-8,6
-0.5549,-0.1867,6,S,43(E1),D,-0.07898,5
0.07287,0.01817,5,S,43(E1),E,-1.114,4
-0.4108,-0.1289,7,S,43(E1),F,0.2452,5
1.177,0.1827,8,S,43(E1),G,0.29,3
-1.432,-0.7435,4,S,43(E1),H,-0.9453,2
-1.846,-1.168,10,S,43(E1),I,-1.912,5
0.5249,0.1068,10,S,43(E1),K,0.2226,6
-1.952,-1.297,13,S,43(E1),L,-0.2289,3
-0.3905,-0.1213,4,S,43(E1),M,-0.4798,2
0.1475,0.03555,14,S,43(E1),N,-0.4174,5
-6.742,-7.473,12,S,43(E1),P,-8,10
-0.3755,-0.1158,5,S,43(E1),Q,0.8559,3
-0.2343,-0.06751,16,S,43(E1),R,0.6935,4
0,0,,S,43(E1),S,0,
0.1324,0.03211,11,S,43(E1),T,0.3419,2
0.4491,0.09447,7,S,43(E1),V,-0.475,2
0.1185,0.02892,14,S,43(E1),W,0.7067,5
-0.07757,-0.02075,6,S,43(E1),Y,-0.064,2
-1.994,-1.351,7,L,44(E1),A,-1.819,5
-2.95,-2.913,6,L,44(E1),C,-3.242,4
-7.534,-7.616,10,L,44(E1),D,-8,5
-3.285,-3.571,5,L,44(E1),E,-3.515,2
-2.822,-2.67,7,L,44(E1),F,-2.924,3
-6.242,-7.31,8,L,44(E1),G,-8,4
-1.852,-1.175,5,L,44(E1),H,-1.504,3
-1.433,-0.7443,7,L,44(E1),I,-0.6036,4
-2.933,-2.88,5,L,44(E1),K,-2.902,3
0,0,,L,44(E1),L,0,
-1.445,-0.7549,17,L,44(E1),M,-1.636,6
-4.577,-5.898,2,L,44(E1),N,-6.174,1
-7.932,-7.655,20,L,44(E1),P,-8,8
-1.319,-0.6474,11,L,44(E1),Q,-1.526,4
-2.543,-2.173,4,L,44(E1),R,-2.517,3
-3.793,-4.574,11,L,44(E1),S,-5.242,6
-2.799,-2.629,5,L,44(E1),T,-3.382,2
-3.236,-3.474,3,L,44(E1),V,-2.878,1
-4.505,-5.795,13,L,44(E1),W,-5.729,8
-5.409,-6.818,8,L,44(E1),Y,-7.233,4
-0.3526,-0.1076,1,D,45(E1),-,,
-0.7252,-0.2653,11,D,45(E1),A,0.1836,3
-3.813,-4.614,15,D,45(E1),C,-4.468,9
0,0,,D,45(E1),D,0,
-2.611,-2.291,8,D,45(E1),E,,
-6.187,-7.288,10,D,45(E1),F,-8,7
-4.867,-6.277,11,D,45(E1),G,-6.81,5
-3.229,-3.459,16,D,45(E1),H,-3.778,10
-1.925,-1.264,13,D,45(E1),I,-1.872,8
-3.707,-4.41,12,D,45(E1),K,-4.677,8
-5.348,-6.767,12,D,45(E1),L,-7.216,10
-1.373,-0.6924,11,D,45(E1),M,-0.5684,7
-1.772,-1.084,22,D,45(E1),N,-1.24,4
-5.405,-6.815,7,D,45(E1),P,-6.585,4
-0.5647,-0.1909,17,D,45(E1),Q,-0.2179,10
-3.723,-4.441,3,D,45(E1),R,-4.749,2
1.347,0.1957,9,D,45(E1),S,-0.05473,6
1.758,0.2195,4,D,45(E1),T,,
-1.703,-1.008,9,D,45(E1),V,-1.258,8
-5.774,-7.076,10,D,45(E1),W,-8,8
-7.692,-7.633,14,D,45(E1),Y,-8,4
-8.801,-7.703,6,Y,46(E1),*,,
-6.043,-7.222,2,Y,46(E1),-,,
-8.94,-7.707,15,Y,46(E1),A,-8,6
-5.798,-7.091,8,Y,46(E1),C,-8,3
-6.725,-7.468,14,Y,46(E1),D,-8,6
-7.587,-7.622,10,Y,46(E1),E,-8,7
-2.12,-1.519,11,Y,46(E1),F,-1.385,6
-7.17,-7.563,15,Y,46(E1),G,-8,8
-7.412,-7.6,11,Y,46(E1),H,-8,4
-6.227,-7.304,11,Y,46(E1),I,-8,5
-7.369,-7.594,8,Y,46(E1),K,-8,5
-5.825,-7.106,14,Y,46(E1),L,-8,9
-6.629,-7.442,11,Y,46(E1),M,-8,9
-6.561,-7.422,10,Y,46(E1),N,-8,3
-5.838,-7.114,19,Y,46(E1),P,-7.457,7
-7.306,-7.585,4,Y,46(E1),Q,-8,4
-8.311,-7.681,14,Y,46(E1),R,-8,5
-4.466,-5.737,7,Y,46(E1),S,-6.784,2
-6.749,-7.475,11,Y,46(E1),T,-8,6
-8.22,-7.676,10,Y,46(E1),V,-8,3
0.487,0.1008,8,Y,46(E1),W,0.2745,5
0,0,,Y,46(E1),Y,0,
0.7065,0.1329,1,I,47(E1),-,,
-3.699,-4.393,13,I,47(E1),A,-4.683,10
-4.683,-6.045,14,I,47(E1),C,-6.175,5
-5.703,-7.032,14,I,47(E1),D,-7.158,6
-5.469,-6.866,10,I,47(E1),E,-7.537,7
-2.837,-2.7,9,I,47(E1),F,-2.689,6
-6.779,-7.482,9,I,47(E1),G,-8,5
-3.27,-3.541,5,I,47(E1),H,-3.593,2
0,0,,I,47(E1),I,0,
-7.609,-7.624,16,I,47(E1),K,-8,8
-3.144,-3.291,13,I,47(E1),L,-3.453,8
-2.005,-1.365,13,I,47(E1),M,-1.851,9
-3.275,-3.551,11,I,47(E1),N,-3.616,3
-6.624,-7.441,15,I,47(E1),P,-8,8
-4.005,-4.971,9,I,47(E1),Q,-5.791,6
-6.361,-7.356,7,I,47(E1),R,-8,2
-3.158,-3.319,7,I,47(E1),S,-3.127,4
-0.7928,-0.2999,10,I,47(E1),T,-0.3175,3
-1.251,-0.594,16,I,47(E1),V,-1.438,5
-7.251,-7.576,6,I,47(E1),W,-8,4
-2.579,-2.235,5,I,47(E1),Y,-4.814,2
-0.2324,-0.06689,1,T,48(E1),-,,
-3.102,-3.207,7,T,48(E1),A,-2.976,3
-7.279,-7.581,7,T,48(E1),C,-8,4
-5.826,-7.107,13,T,48(E1),D,-7.73,8
-6.747,-7.474,13,T,48(E1),E,-8,5
-9.522,-7.721,16,T,48(E1),F,-8,7
-6.691,-7.46,8,T,48(E1),G,-8,3
-6.857,-7.501,11,T,48(E1),H,-8,8
-9.047,-7.711,18,T,48(E1),I,-8,7
-7.621,-7.626,18,T,48(E1),K,-8,6
-7.551,-7.618,10,T,48(E1),L,-8,7
-6.368,-7.358,9,T,48(E1),M,-8,5
-7.893,-7.652,14,T,48(E1),N,-8,7
-6.259,-7.317,15,T,48(E1),P,-8,10
-7.535,-7.616,8,T,48(E1),Q,-8,7
-5.261,-6.69,13,T,48(E1),R,-6.717,5
-2.537,-2.163,11,T,48(E1),S,-1.973,4
0,0,,T,48(E1),T,0,
-2.53,-2.152,11,T,48(E1),V,-2.965,3
-7.914,-7.654,9,T,48(E1),W,-8,4
-6.594,-7.432,12,T,48(E1),Y,-8,5
-7.354,-7.592,10,C,49(E1),*,-8,1
3.057,0.2539,2,C,49(E1),-,,
-7.967,-7.658,12,C,49(E1),A,-8,6
0,0,,C,49(E1),C,0,
-6.618,-7.439,6,C,49(E1),D,-8,4
-6.494,-7.401,6,C,49(E1),E,-8,5
-7.404,-7.599,19,C,49(E1),F,-8,9
-7.729,-7.637,9,C,49(E1),G,-8,7
-6.506,-7.405,13,C,49(E1),H,-8,5
-8.987,-7.709,12,C,49(E1),I,-8,5
-7.089,-7.549,10,C,49(E1),K,-8,5
-7.821,-7.646,16,C,49(E1),L,-8,7
-7.478,-7.609,11,C,49(E1),M,-8,6
-6.265,-7.319,11,C,49(E1),N,-8,7
-6.496,-7.402,10,C,49(E1),P,-8,6
-8.231,-7.676,15,C,49(E1),Q,-8,8
-7.382,-7.596,23,C,49(E1),R,-8,6
-6.871,-7.504,11,C,49(E1),S,-8,6
-7.199,-7.568,10,C,49(E1),T,-8,6
-7.448,-7.605,12,C,49(E1),V,-8,6
-7.582,-7.621,10,C,49(E1),W,-8,7
-7.201,-7.568,20,C,49(E1),Y,-8,3
-7.421,-7.601,3,E,50(E1),*,-8,1
-6.921,-7.515,2,E,50(E1),-,,
0.7718,0.1413,7,E,50(E1),A,0.5632,1
-2.56,-2.203,17,E,50(E1),C,-2.734,10
-2.277,-1.747,7,E,50(E1),D,-1.567,4
0,0,,E,50(E1),E,0,
-3.451,-3.902,17,E,50(E1),F,-4.314,11
-0.9857,-0.4103,9,E,50(E1),G,-1.494,4
0.05207,0.01311,10,E,50(E1),H,-1.018,3
-2.953,-2.918,20,E,50(E1),I,-3.228,11
-4.582,-5.906,21,E,50(E1),K,-6.168,4
-3.267,-3.536,8,E,50(E1),L,-3.839,4
-1.976,-1.328,9,E,50(E1),M,-1.106,7
-0.4172,-0.1313,10,E,50(E1),N,-0.5187,3
-2.707,-2.46,13,E,50(E1),P,-2.683,6
-1.638,-0.9398,9,E,50(E1),Q,-1.312,6
-2.472,-2.056,11,E,50(E1),R,-2.112,5
2.998,0.2531,14,E,50(E1),S,0.7084,9
-1.442,-0.7524,10,E,50(E1),T,-1.082,4
-2.804,-2.638,14,E,50(E1),V,-3.016,2
-5.738,-7.054,10,E,50(E1),W,-8,5
-2.443,-2.008,12,E,50(E1),Y,-2.565,4
-6.656,-7.45,2,Y,51(E1),*,-8,1
-0.6602,-0.2339,2,Y,51(E1),-,,
-3.837,-4.66,14,Y,51(E1),A,-4.776,10
-11.04,-7.734,15,Y,51(E1),C,-8,5
-7.659,-7.63,7,Y,51(E1),D,-8,6
-7.461,-7.606,9,Y,51(E1),E,-8,5
-2.335,-1.836,13,Y,51(E1),F,-2.288,8
-4.426,-5.676,10,Y,51(E1),G,-5.228,5
-3.109,-3.222,8,Y,51(E1),H,-3.547,4
-6.034,-7.218,6,Y,51(E1),I,-8,3
-6.759,-7.477,11,Y,51(E1),K,-8,8
-7.547,-7.617,10,Y,51(E1),L,-8,5
-6.314,-7.339,14,Y,51(E1),M,-8,6
-6.927,-7.516,16,Y,51(E1),N,-8,7
-4.55,-5.861,8,Y,51(E1),P,-6.213,7
-6.477,-7.396,8,Y,51(E1),Q,-8,5
-8.158,-7.672,15,Y,51(E1),R,-8,10
-4.169,-5.26,10,Y,51(E1),S,-6.005,5
-7.144,-7.558,8,Y,51(E1),T,-8,3
-7.377,-7.595,12,Y,51(E1),V,-8,7
-3.797,-4.582,12,Y,51(E1),W,-4.455,11
0,0,,Y,51(E1),Y,0,
-5.617,-6.975,1,K,52(E1),*,,
-5.094,-6.529,3,K,52(E1),-,,
-0.4485,-0.1433,9,K,52(E1),A,0.8984,4
-2.163,-1.58,16,K,52(E1),C,-1.609,7
2.284,0.2388,9,K,52(E1),D,0.4233,8
1.838,0.2232,13,K,52(E1),E,1.092,8
0.7006,0.1322,17,K,52(E1),F,0.6164,12
0.1611,0.03857,7,K,52(E1),G,0.02468,3
0.6493,0.1252,14,K,52(E1),H,0.8846,8
1.755,0.2194,12,K,52(E1),I,0.8887,4
0,0,,K,52(E1),K,0,
4.537,0.2639,13,K,52(E1),L,0.7023,6
-0.4456,-0.1422,11,K,52(E1),M,-0.1302,7
-0.3747,-0.1155,14,K,52(E1),N,1.143,4
-7.954,-7.657,23,K,52(E1),P,-8,16
2.005,0.2298,10,K,52(E1),Q,1.293,2
0.8328,0.1486,10,K,52(E1),R,0.1582,5
2.512,0.2445,12,K,52(E1),S,0.9068,6
0.1643,0.03928,7,K,52(E1),T,1.586,2
2.997,0.2531,11,K,52(E1),V,0.093,10
-0.8379,-0.3241,18,K,52(E1),W,0.1654,9
0.7864,0.1431,16,K,52(E1),Y,0.7169,8
-0.6321,-0.2209,2,T,53(E1),-,,
-2.884,-2.786,10,T,53(E1),A,-3.264,6
-5.195,-6.629,12,T,53(E1),C,-6.709,6
-3.456,-3.914,10,T,53(E1),D,-3.896,5
-7.363,-7.593,8,T,53(E1),E,-8,6
-7.197,-7.568,9,T,53(E1),F,-8,3
-8.185,-7.674,12,T,53(E1),G,-8,7
-7.232,-7.573,12,T,53(E1),H,-8,6
-1.35,-0.6729,18,T,53(E1),I,0.07745,4
-6.26,-7.317,11,T,53(E1),K,-8,4
-0.4799,-0.1557,6,T,53(E1),L,-0.1067,3
-3.893,-4.763,4,T,53(E1),M,-5.126,1
-0.9624,-0.396,12,T,53(E1),N,0.1366,6
-3.127,-3.257,12,T,53(E1),P,-3.382,5
-7.035,-7.538,11,T,53(E1),Q,-8,6
-5.373,-6.788,7,T,53(E1),R,-7.718,1
-1.903,-1.236,11,T,53(E1),S,-1.573,7
0,0,,T,53(E1),T,0,
-0.2026,-0.0575,11,T,53(E1),V,-0.5902,5
-7.097,-7.55,17,T,53(E1),W,-8,8
-7.592,-7.622,16,T,53(E1),Y,-8,10
-0.06929,-0.01846,2,V,54(E1),-,,
-2.001,-1.36,23,V,54(E1),A,-0.4619,7
-2.804,-2.637,11,V,54(E1),C,-2.529,6
-2.449,-2.018,11,V,54(E1),D,-2.475,3
-0.4132,-0.1298,9,V,54(E1),E,0.7759,4
-2.412,-1.957,12,V,54(E1),F,-2.277,9
-7.633,-7.627,12,V,54(E1),G,-8,9
-2.192,-1.621,13,V,54(E1),H,-1.579,4
-0.3737,-0.1151,9,V,54(E1),I,-0.8556,5
-2.334,-1.835,10,V,54(E1),K,-2.583,4
-0.02889,-0.007553,11,V,54(E1),L,-0.8906,6
-0.6233,-0.2169,25,V,54(E1),M,-0.1255,5
2.344,0.2405,9,V,54(E1),N,0.3281,7
-7.622,-7.626,14,V,54(E1),P,-8,8
-1.511,-0.8152,13,V,54(E1),Q,-0.9914,5
-2.712,-2.47,13,V,54(E1),R,-2.97,9
-1.815,-1.132,12,V,54(E1),S,-0.6575,6
-1.041,-0.4456,13,V,54(E1),T,-0.7186,8
0,0,,V,54(E1),V,0,
-3.229,-3.459,15,V,54(E1),W,-3.938,10
-1.563,-0.8647,7,V,54(E1),Y,-1.922,5
-0.04775,-0.0126,2,I,55(E1),-,,
0.3706,0.08071,11,I,55(E1),A,-0.3691,4
-2.212,-1.65,11,I,55(E1),C,-1.776,5
-5.394,-6.806,9,I,55(E1),D,-8,3
-5.742,-7.057,10,I,55(E1),E,-8,4
-2.755,-2.547,10,I,55(E1),F,-2.343,6
-5.667,-7.008,6,I,55(E1),G,-7.538,2
-4.812,-6.211,15,I,55(E1),H,-6.352,9
0,0,,I,55(E1),I,0,
-4.988,-6.416,10,I,55(E1),K,-5.857,4
-1.085,-0.4746,16,I,55(E1),L,-0.481,7
-3.054,-3.114,16,I,55(E1),M,-3.832,5
-3.209,-3.42,14,I,55(E1),N,-3.995,7
-7.262,-7.578,16,I,55(E1),P,-8,11
-4.01,-4.979,6,I,55(E1),Q,-4.729,2
-3.586,-4.172,13,I,55(E1),R,-4.917,7
-0.3505,-0.1068,12,I,55(E1),S,0.1374,7
0.02166,0.005533,15,I,55(E1),T,0.4456,7
0.4233,0.09006,10,I,55(E1),V,0.2368,8
-7.523,-7.614,14,I,55(E1),W,-8,7
-4.686,-6.049,12,I,55(E1),Y,-6.15,6
-0.9688,-0.3999,2,P,56(E1),-,,
-3.224,-3.45,9,P,56(E1),A,-3.721,6
-5.368,-6.784,10,P,56(E1),C,-7.211,6
-2.575,-2.229,4,P,56(E1),D,-1.995,3
-2.7,-2.447,7,P,56(E1),E,-2.972,5
-3.791,-4.571,8,P,56(E1),F,-4.855,5
-3.336,-3.672,5,P,56(E1),G,-3.882,1
-5.149,-6.585,5,P,56(E1),H,-7.051,4
-3.383,-3.768,9,P,56(E1),I,-3.331,4
-3.917,-4.808,9,P,56(E1),K,-4.861,6
-6.472,-7.394,12,P,56(E1),L,-8,5
-3.066,-3.137,5,P,56(E1),M,-3.3,2
-2.385,-1.915,4,P,56(E1),N,-3.021,1
0,0,,P,56(E1),P,0,
-3.445,-3.892,5,P,56(E1),Q,-4.525,3
-4.699,-6.066,10,P,56(E1),R,-6.582,4
-3.398,-3.797,19,P,56(E1),S,-3.2,4
-1.996,-1.353,7,P,56(E1),T,-1.701,4
-2.838,-2.7,14,P,56(E1),V,-2.779,8
-5.206,-6.64,7,P,56(E1),W,-6.596,3
-3.883,-4.746,6,P,56(E1),Y,-4.767,3
-2.395,-1.931,6,S,57(E1),A,-2.185,3
-6.369,-7.359,8,S,57(E1),C,-8,3
-8.041,-7.664,9,S,57(E1),D,-8,4
-7.273,-7.58,7,S,57(E1),E,-8,3
-6.704,-7.463,15,S,57(E1),F,-8,5
-2.683,-2.417,10,S,57(E1),G,-2.854,5
-5.59,-6.955,9,S,57(E1),H,-7.658,4
-6.571,-7.425,7,S,57(E1),I,-8,3
-6.488,-7.399,8,S,57(E1),K,-8,5
-6.658,-7.45,6,S,57(E1),L,-8,2
-6.825,-7.493,5,S,57(E1),M,-8,1
-5.185,-6.62,4,S,57(E1),N,-6.995,4
-6.803,-7.488,14,S,57(E1),P,-8,5
-7.192,-7.567,7,S,57(E1),Q,-8,4
-6.745,-7.474,6,S,57(E1),R,-8,1
0,0,,S,57(E1),S,0,
-6.66,-7.451,10,S,57(E1),T,-8,6
-6.994,-7.53,5,S,57(E1),V,-8,1
-6.205,-7.295,6,S,57(E1),W,-8,4
-6.998,-7.531,9,S,57(E1),Y,-8,3
-6.023,-7.213,6,P,58(E1),A,-8,1
-12.81,-7.737,11,P,58(E1),C,-8,5
-7.327,-7.588,8,P,58(E1),D,-8,5
-6.481,-7.397,13,P,58(E1),E,-8,7
-7.903,-7.653,15,P,58(E1),F,-8,8
-5.384,-6.797,9,P,58(E1),G,-8,5
-6.662,-7.451,6,P,58(E1),H,-8,1
-7.126,-7.555,12,P,58(E1),I,-8,5
-7.371,-7.594,9,P,58(E1),K,-8,6
-6.689,-7.459,17,P,58(E1),L,-8,4
-6.322,-7.341,9,P,58(E1),M,-8,6
-7.261,-7.578,9,P,58(E1),N,-8,6
0,0,,P,58(E1),P,0,
-7.26,-7.578,18,P,58(E1),Q,-8,8
-6.302,-7.334,17,P,58(E1),R,-8,13
-7.278,-7.581,16,P,58(E1),S,-8,7
-6.387,-7.365,16,P,58(E1),T,-8,7
-6.926,-7.516,9,P,58(E1),V,-8,8
-7.223,-7.572,5,P,58(E1),W,-8,3
-7.239,-7.575,9,P,58(E1),Y,-8,3
-6.668,-7.453,5,Y,59(E1),*,,
-5.341,-6.762,10,Y,59(E1),A,-6.784,4
-6.326,-7.343,18,Y,59(E1),C,-7.281,5
-7.938,-7.656,9,Y,59(E1),D,-8,1
-4.114,-5.164,6,Y,59(E1),E,-5.479,2
-0.9,-0.359,12,Y,59(E1),F,-0.5736,7
-4.057,-5.064,6,Y,59(E1),G,-5.301,3
-3.625,-4.249,18,Y,59(E1),H,-4.358,6
-3.274,-3.549,13,Y,59(E1),I,-3.537,10
-5.431,-6.836,9,Y,59(E1),K,-7.412,4
-2.066,-1.445,6,Y,59(E1),L,-1.443,3
-4.691,-6.055,5,Y,59(E1),M,-8,3
-6.588,-7.431,10,Y,59(E1),N,-8,4
-9.671,-7.723,9,Y,59(E1),P,-8,4
-6.814,-7.491,13,Y,59(E1),Q,-8,4
-5.91,-7.154,7,Y,59(E1),R,-8,3
-5.047,-6.48,10,Y,59(E1),S,-6.907,4
-4.171,-5.262,13,Y,59(E1),T,-4.61,5
-3.418,-3.838,6,Y,59(E1),V,-3.906,4
0.5662,0.1132,9,Y,59(E1),W,-0.3406,7
0,0,,Y,59(E1),Y,0,
0.1783,0.04236,1,V,60(E1),-,,
-5.953,-7.177,27,V,60(E1),A,-8,9
-5.794,-7.088,6,V,60(E1),C,-8,1
-5.88,-7.138,5,V,60(E1),D,-8,3
-6.618,-7.439,13,V,60(E1),E,-8,4
-5.826,-7.107,3,V,60(E1),F,-8,3
-7.021,-7.536,6,V,60(E1),G,-8,2
-7.242,-7.575,3,V,60(E1),H,-8,3
1.617,0.2124,8,V,60(E1),I,-0.1373,6
-5.6,-6.963,4,V,60(E1),K,-7.153,3
-3.384,-3.769,16,V,60(E1),L,-3.682,7
-6.539,-7.415,17,V,60(E1),M,-8,6
-7.261,-7.578,10,V,60(E1),N,-8,5
-7.243,-7.575,8,V,60(E1),P,-8,4
-6.252,-7.314,2,V,60(E1),Q,,
-6.765,-7.479,12,V,60(E1),R,-8,6
-6.33,-7.344,9,V,60(E1),S,-8,4
-7.789,-7.643,7,V,60(E1),T,-8,3
0,0,,V,60(E1),V,0,
-6.265,-7.32,6,V,60(E1),W,-8,3
-7.455,-7.606,9,V,60(E1),Y,-8,6
0.5036,0.1034,1,K,61(E1),*,,
-0.3888,-0.1207,3,K,61(E1),-,,
-2.985,-2.981,2,K,61(E1),A,-2.569,1
-2.957,-2.926,9,K,61(E1),C,-3.254,6
-4.503,-5.791,8,K,61(E1),D,-6.381,5
-3.093,-3.19,9,K,61(E1),E,-3.006,2
-3.187,-3.376,7,K,61(E1),F,-3.267,5
-7.166,-7.562,9,K,61(E1),G,-8,5
-2.687,-2.424,6,K,61(E1),H,-2.625,4
-3.399,-3.8,4,K,61(E1),I,-4.066,2
0,0,,K,61(E1),K,0,
-1.228,-0.5762,10,K,61(E1),L,-2.183,5
-2.502,-2.105,6,K,61(E1),M,-2.385,4
-2.421,-1.972,12,K,61(E1),N,-2.014,5
-6.875,-7.505,8,K,61(E1),P,-8,5
-2.29,-1.766,10,K,61(E1),Q,-1.64,6
-1.096,-0.4816,1,K,61(E1),R,,
-1.739,-1.046,4,K,61(E1),S,-2.746,2
-3.278,-3.557,12,K,61(E1),T,-4.044,3
-2.081,-1.466,14,K,61(E1),V,-1.86,4
-5.223,-6.655,7,K,61(E1),W,-6.488,5
-3.041,-3.089,8,K,61(E1),Y,-3.506,6
-6.865,-7.503,5,C,62(E1),*,-8,1
-0.6731,-0.2401,3,C,62(E1),-,,
-6.267,-7.32,6,C,62(E1),A,-8,4
0,0,,C,62(E1),C,0,
-7.366,-7.594,5,C,62(E1),D,-8,4
-7.116,-7.554,5,C,62(E1),E,-8,3
-7.776,-7.642,11,C,62(E1),F,-8,6
-7.214,-7.57,5,C,62(E1),G,-8,4
-7.533,-7.615,6,C,62(E1),H,-8,4
-7.193,-7.567,6,C,62(E1),I,-8,3
-7.17,-7.563,8,C,62(E1),K,-8,3
-7.007,-7.533,14,C,62(E1),L,-8,8
-10.08,-7.728,8,C,62(E1),M,-8,5
-5.552,-6.928,11,C,62(E1),N,-8,3
-7.54,-7.616,10,C,62(E1),P,-8,7
-5.417,-6.825,6,C,62(E1),Q,-7.233,4
-7.83,-7.647,7,C,62(E1),R,-8,4
-6.523,-7.411,7,C,62(E1),S,-8,2
-5.93,-7.165,8,C,62(E1),T,-8,6
-6.373,-7.36,8,C,62(E1),V,-8,4
-7.422,-7.601,8,C,62(E1),W,-8,5
-6.376,-7.361,23,C,62(E1),Y,-8,5
-1.206,-0.5597,3,C,63(E1),-,,
-8.421,-7.687,14,C,63(E1),A,-8,4
0,0,,C,63(E1),C,0,
-7.378,-7.595,9,C,63(E1),D,-8,5
-7.078,-7.547,5,C,63(E1),E,-8,2
-7.697,-7.634,12,C,63(E1),F,-8,5
-7.694,-7.633,10,C,63(E1),G,-8,4
-6.693,-7.46,4,C,63(E1),H,-8,2
-6.626,-7.441,11,C,63(E1),I,-8,9
-7.219,-7.571,10,C,63(E1),K,-8,7
-8.261,-7.678,14,C,63(E1),L,-8,9
-7.264,-7.578,5,C,63(E1),M,-8,3
-7.46,-7.606,10,C,63(E1),N,-8,6
-7.523,-7.614,9,C,63(E1),P,-8,4
-8.147,-7.671,5,C,63(E1),Q,-8,3
-6.981,-7.528,15,C,63(E1),R,-8,7
-6.716,-7.466,9,C,63(E1),S,-8,3
-7.293,-7.583,6,C,63(E1),T,-8,4
-7.553,-7.618,11,C,63(E1),V,-8,7
-6.788,-7.484,10,C,63(E1),W,-7.102,2
-6.492,-7.401,15,C,63(E1),Y,-8,5
-0.439,-0.1396,3,G,64(E1),-,,
-3.535,-4.07,5,G,64(E1),A,-4.595,3
-7.79,-7.643,14,G,64(E1),C,-8,7
-9.691,-7.723,17,G,64(E1),D,-8,1
-5.059,-6.493,11,G,64(E1),E,-7.12,6
-7.303,-7.584,6,G,64(E1),F,-8,4
0,0,,G,64(E1),G,0,
-3.103,-3.211,8,G,64(E1),H,-3.526,5
-6.998,-7.531,5,G,64(E1),I,-8,2
-3.474,-3.95,5,G,64(E1),K,-3.827,2
-7.646,-7.628,10,G,64(E1),L,-8,8
-3.902,-4.782,8,G,64(E1),M,-5.178,4
-5.497,-6.887,6,G,64(E1),N,-8,3
-9.636,-7.723,7,G,64(E1),P,-8,4
-3.198,-3.397,6,G,64(E1),Q,-3.78,4
-3.743,-4.479,3,G,64(E1),R,-4.43,1
-2.813,-2.655,14,G,64(E1),S,-2.505,5
-6.288,-7.328,10,G,64(E1),T,-8,7
-7.673,-7.631,8,G,64(E1),V,-8,3
-7.676,-7.632,7,G,64(E1),W,-8,4
-6.181,-7.285,7,G,64(E1),Y,-8,4
0.6009,0.1183,3,T,65(E1),-,,
-0.01519,-0.003946,10,T,65(E1),A,-0.7319,6
-7.132,-7.556,7,T,65(E1),C,-8,3
-2.506,-2.112,8,T,65(E1),D,-2.306,4
-1.915,-1.252,8,T,65(E1),E,-0.8353,5
-1.291,-0.6251,9,T,65(E1),F,-1.307,3
-0.1284,-0.03517,6,T,65(E1),G,-0.3908,1
-2.434,-1.993,3,T,65(E1),H,-2.287,2
-1.714,-1.02,20,T,65(E1),I,-1.649,7
-4.203,-5.317,4,T,65(E1),K,-6.41,2
-1.914,-1.25,5,T,65(E1),L,-1.568,4
1.864,0.2243,6,T,65(E1),M,0.4586,3
-1.078,-0.4697,8,T,65(E1),N,-1.395,3
-2.284,-1.757,4,T,65(E1),P,,
0.3663,0.07994,9,T,65(E1),Q,0.07603,3
-6.379,-7.362,1,T,65(E1),R,-8,1
1.089,0.175,3,T,65(E1),S,0.435,2
0,0,,T,65(E1),T,0,
-2.342,-1.847,8,T,65(E1),V,-1.965,5
-3.106,-3.217,7,T,65(E1),W,-3.548,5
-2.251,-1.709,9,T,65(E1),Y,-0.988,2
-1.121,-0.4991,4,A,66(E1),-,,
0,0,,A,66(E1),A,0,
-2.633,-2.329,5,A,66(E1),C,-3.003,1
-3.969,-4.905,8,A,66(E1),D,-5.436,3
-4.147,-5.222,5,A,66(E1),E,-5.579,1
-5.776,-7.077,6,A,66(E1),F,-8,3
-1.82,-1.138,1,A,66(E1),G,-1.441,1
-3.652,-4.302,3,A,66(E1),H,-5.431,1
0.8192,0.147,5,A,66(E1),I,-4.063,2
-7.04,-7.539,5,A,66(E1),K,-8,2
-3.266,-3.533,5,A,66(E1),L,-4.199,3
-4.249,-5.395,4,A,66(E1),M,-5.634,3
-3.212,-3.425,9,A,66(E1),N,-4.435,4
-2.978,-2.967,12,A,66(E1),P,-2.98,5
-3.931,-4.834,7,A,66(E1),Q,-4.696,4
-4.069,-5.085,8,A,66(E1),R,-5.305,7
-2.306,-1.791,10,A,66(E1),S,-2.079,1
-0.7431,-0.2743,68,A,66(E1),T,-1.19,8
-0.05401,-0.01429,10,A,66(E1),V,-1.23,1
-4.433,-5.687,11,A,66(E1),W,-5.838,8
-2.976,-2.962,4,A,66(E1),Y,-3.611,2
-0.6742,-0.2406,2,E,67(E1),*,,
-4.415,-5.66,5,E,67(E1),-,,
-2.842,-2.708,12,E,67(E1),A,-2.375,9
-7.008,-7.533,11,E,67(E1),C,-8,6
-3.607,-4.214,8,E,67(E1),D,-5.796,2
0,0,,E,67(E1),E,0,
-3.554,-4.109,5,E,67(E1),F,-4.659,3
-3.946,-4.863,14,E,67(E1),G,-4.077,5
-3.615,-4.23,6,E,67(E1),H,-4.304,6
-1.934,-1.275,6,E,67(E1),I,-1.766,3
-3.915,-4.804,10,E,67(E1),K,-5.959,1
-3.086,-3.177,7,E,67(E1),L,-3.401,4
-3.563,-4.126,4,E,67(E1),M,-4.471,2
-3.626,-4.25,7,E,67(E1),N,-4.614,4
-5.072,-6.506,9,E,67(E1),P,-8,3
-2.699,-2.446,4,E,67(E1),Q,-2.433,3
-4.376,-5.599,5,E,67(E1),R,-5.906,4
-1.744,-1.052,3,E,67(E1),S,-1.962,1
-2.329,-1.827,7,E,67(E1),T,-2.159,5
-2.293,-1.771,9,E,67(E1),V,-2.218,4
-3.382,-3.765,4,E,67(E1),W,-4.218,2
-4.528,-5.829,5,E,67(E1),Y,-6.259,3
-7.144,-7.559,5,C,68(E1),*,-8,2
0.1828,0.04334,4,C,68(E1),-,,
-5.462,-6.86,5,C,68(E1),A,-7.278,4
0,0,,C,68(E1),C,0,
-8.443,-7.688,5,C,68(E1),E,-8,1
-6.526,-7.412,13,C,68(E1),F,-8,5
-6.127,-7.261,7,C,68(E1),G,-8,6
-7.187,-7.566,7,C,68(E1),H,-8,3
-7.49,-7.61,12,C,68(E1),I,-8,6
-8.555,-7.693,5,C,68(E1),K,-8,1
-6.325,-7.342,12,C,68(E1),L,-8,4
-6.418,-7.376,11,C,68(E1),M,-8,5
-6.243,-7.311,5,C,68(E1),N,-8,4
-6.617,-7.439,1,C,68(E1),P,-8,1
-7.486,-7.61,9,C,68(E1),Q,-8,3
-7.661,-7.63,11,C,68(E1),R,-8,5
-6.996,-7.531,13,C,68(E1),S,-8,6
-6.487,-7.399,9,C,68(E1),T,-8,5
-5.209,-6.643,7,C,68(E1),V,-8,3
-7.106,-7.552,6,C,68(E1),W,-8,3
-6.914,-7.514,23,C,68(E1),Y,-8,3
-2.718,-2.479,4,K,69(E1),-,,
-1.845,-1.167,9,K,69(E1),A,-1.106,5
-2.496,-2.095,9,K,69(E1),C,-2.212,4
-1.985,-1.339,8,K,69(E1),D,-1.529,7
-1.865,-1.191,12,K,69(E1),E,-1.143,5
-0.6586,-0.2332,7,K,69(E1),F,-1.321,4
7.619,0.2667,12,K,69(E1),G,-0.3569,8
1.275,0.1905,9,K,69(E1),H,0.4163,6
-0.593,-0.2033,5,K,69(E1),I,,
0,0,,K,69(E1),K,0,
-0.8723,-0.3433,5,K,69(E1),L,-0.08629,4
1.566,0.2096,9,K,69(E1),M,0.4356,1
-2.156,-1.57,15,K,69(E1),N,-2.546,9
-1.564,-0.8659,8,K,69(E1),P,-0.7795,5
-2.85,-2.723,5,K,69(E1),Q,-5.452,2
0.02165,0.005529,7,K,69(E1),R,-0.4181,2
-1.003,-0.4211,3,K,69(E1),S,-0.4311,1
-1.162,-0.5279,7,K,69(E1),T,-0.7429,4
0.3418,0.07541,9,K,69(E1),V,-1.127,3
-0.2478,-0.07186,9,K,69(E1),W,-0.2966,5
-1.021,-0.4327,10,K,69(E1),Y,-0.5647,5
-1.765,-1.075,3,D,70(E1),-,,
0.09174,0.02268,6,D,70(E1),A,-0.8812,4
-3.766,-4.523,7,D,70(E1),C,-5.984,2
0,0,,D,70(E1),D,0,
0.2591,0.05933,8,D,70(E1),E,-0.3713,4
2.635,0.2471,12,D,70(E1),F,0.4316,10
-0.4666,-0.1504,7,D,70(E1),G,-0.9626,2
-0.6527,-0.2304,5,D,70(E1),H,-0.00756,4
-1.127,-0.5035,7,D,70(E1),I,-0.4781,5
-2.648,-2.356,4,D,70(E1),K,-1.723,1
-1.667,-0.9694,4,D,70(E1),L,-1.167,2
-1.28,-0.6163,8,D,70(E1),M,-0.8199,6
2.081,0.2326,12,D,70(E1),N,-0.7371,2
-1.127,-0.503,7,D,70(E1),P,-1.141,5
2.982,0.2529,6,D,70(E1),Q,0.2863,2
-1.567,-0.8684,3,D,70(E1),R,-0.08443,2
1.483,0.2047,2,D,70(E1),S,-1.042,1
-2.338,-1.84,5,D,70(E1),T,-1.848,3
-0.582,-0.1985,6,D,70(E1),V,-0.7804,2
1.828,0.2227,7,D,70(E1),W,1.634,3
0.8913,0.1552,13,D,70(E1),Y,0.5068,4
0.6114,0.1198,1,K,71(E1),-,,
-0.5357,-0.1786,4,K,71(E1),A,-0.622,2
-3.405,-3.811,5,K,71(E1),C,-3.857,3
-2.633,-2.328,8,K,71(E1),D,-2.31,5
0.509,0.1043,10,K,71(E1),E,0.2786,3
-2.422,-1.973,8,K,71(E1),F,-1.464,2
-2.296,-1.775,4,K,71(E1),G,-1.936,3
0.9213,0.1585,12,K,71(E1),H,0.6662,6
-0.3569,-0.1091,8,K,71(E1),I,-1.19,6
0,0,,K,71(E1),K,0,
-1.121,-0.4992,11,K,71(E1),L,-0.3576,5
-0.7579,-0.2818,7,K,71(E1),M,,
-0.8111,-0.3097,12,K,71(E1),N,0.07033,1
-3.7,-4.396,11,K,71(E1),P,-4.898,9
2.454,0.2432,7,K,71(E1),Q,-0.09886,3
-0.6218,-0.2162,13,K,71(E1),R,-1.283,3
-1.6,-0.9006,7,K,71(E1),S,-1.333,4
-0.7957,-0.3015,9,K,71(E1),T,-0.6803,1
-0.7604,-0.2831,6,K,71(E1),V,,
-0.8072,-0.3076,10,K,71(E1),W,-0.1063,2
0.4754,0.09886,8,K,71(E1),Y,-0.987,4
-0.6959,-0.251,1,S,72(E1),-,,
-1.957,-1.304,7,S,72(E1),A,-1.526,4
-1.86,-1.184,9,S,72(E1),C,-1.282,5
1.16,0.1813,5,S,72(E1),D,0.2333,2
3.453,0.2581,5,S,72(E1),E,-0.509,3
-0.8822,-0.3489,8,S,72(E1),F,-0.2014,4
0.07492,0.01866,12,S,72(E1),G,-0.5604,5
-1.087,-0.4757,5,S,72(E1),H,-0.4834,4
2.534,0.245,9,S,72(E1),I,0.2561,3
1.271,0.1902,8,S,72(E1),K,-0.3885,5
-0.5487,-0.1841,7,S,72(E1),L,-0.1095,5
-0.01721,-0.004474,11,S,72(E1),M,-0.3533,6
1.812,0.222,8,S,72(E1),N,-0.2078,3
2.087,0.2327,6,S,72(E1),P,-0.03105,5
-0.8034,-0.3055,5,S,72(E1),Q,-0.4009,3
-1.509,-0.8132,11,S,72(E1),R,-4.045,2
0,0,,S,72(E1),S,0,
1.483,0.2047,7,S,72(E1),T,-0.2561,4
0.4024,0.08641,8,S,72(E1),V,0.5357,5
-1.248,-0.5917,8,S,72(E1),W,-0.7987,5
0.4632,0.09682,5,S,72(E1),Y,-0.1299,4
-0.4589,-0.1473,1,L,73(E1),-,,
0.5288,0.1074,8,L,73(E1),A,-1.109,6
-5.462,-6.86,8,L,73(E1),C,-8,5
-1.865,-1.19,6,L,73(E1),D,-1.359,3
1.657,0.2145,7,L,73(E1),E,0.04188,5
-2.085,-1.471,7,L,73(E1),F,-1.55,2
-2.05,-1.425,2,L,73(E1),G,-1.241,1
-1.89,-1.22,5,L,73(E1),H,-1.631,3
-1.602,-0.9033,5,L,73(E1),I,-0.2215,3
-1.08,-0.4713,12,L,73(E1),K,-0.6143,5
0,0,,L,73(E1),L,0,
0.6882,0.1305,12,L,73(E1),M,-0.004543,3
-1.391,-0.7076,5,L,73(E1),N,-1.292,4
-3.84,-4.664,12,L,73(E1),P,-5.119,4
-1.292,-0.6263,8,L,73(E1),Q,-0.2733,4
-2.015,-1.378,10,L,73(E1),R,-1.357,3
-1.619,-0.9199,6,L,73(E1),S,-0.7715,5
-1.23,-0.5781,5,L,73(E1),T,-1.084,3
0.4996,0.1028,8,L,73(E1),V,-0.08445,4
-0.9406,-0.3829,2,L,73(E1),W,-0.9202,1
-1.358,-0.6793,11,L,73(E1),Y,-1.675,7
-2.257,-1.718,3,P,74(E1),A,-2.934,1
-6.871,-7.504,6,P,74(E1),C,-8,4
-7.409,-7.6,8,P,74(E1),D,-8,5
-5.572,-6.943,6,P,74(E1),E,-6.511,2
-4.371,-5.59,6,P,74(E1),F,-6.422,4
-2.788,-2.608,4,P,74(E1),G,-2.268,2
-2.147,-1.558,12,P,74(E1),H,-1.595,5
-2.558,-2.2,6,P,74(E1),I,-3.009,4
-5.302,-6.727,5,P,74(E1),K,-7.06,2
-5.514,-6.901,12,P,74(E1),L,-7.574,6
-4.331,-5.527,7,P,74(E1),M,-6.677,3
-3.385,-3.772,9,P,74(E1),N,-4.482,3
0,0,,P,74(E1),P,0,
-3.205,-3.412,9,P,74(E1),Q,-3.7,6
-3.92,-4.815,7,P,74(E1),R,-4.812,4
-0.6278,-0.2189,19,P,74(E1),S,0.01785,6
-1.472,-0.7794,10,P,74(E1),T,-1.086,7
-1.146,-0.5163,5,P,74(E1),V,-0.9063,4
-3.776,-4.542,3,P,74(E1),W,,
-3.585,-4.17,13,P,74(E1),Y,-4.526,6
-2.616,-2.3,11,D,75(E1),A,-2.625,4
-7.336,-7.589,8,D,75(E1),C,-8,4
0,0,,D,75(E1),D,0,
-1.57,-0.8714,3,D,75(E1),E,,
-5.72,-7.043,9,D,75(E1),F,-8,2
-2.928,-2.871,6,D,75(E1),G,-0.5039,1
-5.229,-6.661,10,D,75(E1),H,-6.271,4
-7.811,-7.645,12,D,75(E1),I,-8,6
-4.937,-6.359,5,D,75(E1),K,-6.332,1
-8.025,-7.663,13,D,75(E1),L,-8,7
-6.344,-7.35,5,D,75(E1),M,-8,4
-1.404,-0.7185,13,D,75(E1),N,-1.197,6
-6.262,-7.318,10,D,75(E1),P,-8,4
-3.104,-3.211,6,D,75(E1),Q,-3.771,5
-7.015,-7.534,6,D,75(E1),R,-8,2
-2.331,-1.829,7,D,75(E1),S,-2.143,6
-6.816,-7.491,6,D,75(E1),T,-8,1
-9.251,-7.716,11,D,75(E1),V,-8,5
-7.48,-7.609,5,D,75(E1),W,-8,2
-9.656,-7.723,15,D,75(E1),Y,-8,6
-6.556,-7.421,2,Y,76(E1),*,,
-4.812,-6.211,10,Y,76(E1),A,-6.387,6
-4.673,-6.032,4,Y,76(E1),C,-5.884,1
-5.474,-6.87,4,Y,76(E1),D,-5.963,2
-6.679,-7.456,6,Y,76(E1),E,,
2.767,0.2495,5,Y,76(E1),F,-0.1262,2
-6.007,-7.205,4,Y,76(E1),G,-8,3
-7.315,-7.586,5,Y,76(E1),H,-8,1
-7.469,-7.607,6,Y,76(E1),I,-8,2
-7.415,-7.6,5,Y,76(E1),K,-8,4
-7.466,-7.607,7,Y,76(E1),L,-8,2
-7.61,-7.624,10,Y,76(E1),M,-8,6
-7.397,-7.598,9,Y,76(E1),N,-8,5
-7.019,-7.535,4,Y,76(E1),P,-8,2
-7.227,-7.573,8,Y,76(E1),Q,-8,4
-6.52,-7.41,7,Y,76(E1),R,-8,5
-5.872,-7.133,5,Y,76(E1),S,-8,3
-4.822,-6.223,4,Y,76(E1),T,,
-7.179,-7.565,5,Y,76(E1),V,-8,3
-2.379,-1.905,6,Y,76(E1),W,-2.554,5
0,0,,Y,76(E1),Y,0,
0.8059,0.1454,7,S,77(E1),A,0.8764,2
1.934,0.2272,9,S,77(E1),C,-0.5025,6
4.519,0.2638,1,S,77(E1),D,,
-1.454,-0.7629,5,S,77(E1),E,-0.8413,3
-1.725,-1.032,9,S,77(E1),F,-0.9543,3
-0.4022,-0.1256,7,S,77(E1),G,-0.4029,4
-2.201,-1.635,6,S,77(E1),H,-1.773,3
-1.496,-0.8012,7,S,77(E1),I,-1.325,4
-0.8127,-0.3105,1,S,77(E1),K,,
-2.322,-1.816,11,S,77(E1),L,-1.861,6
-1.476,-0.7827,13,S,77(E1),M,-1.394,6
-0.5635,-0.1904,6,S,77(E1),N,,
-7.254,-7.577,6,S,77(E1),P,-8,3
-2.058,-1.435,7,S,77(E1),Q,-1.7,1
0.006545,0.001683,7,S,77(E1),R,-0.2831,7
0,0,,S,77(E1),S,0,
1.088,0.1749,6,S,77(E1),T,-0.9732,2
0.1965,0.04629,8,S,77(E1),V,0.545,5
-3.083,-3.17,6,S,77(E1),W,-3.518,2
-2.196,-1.627,10,S,77(E1),Y,-1.373,2
-6.1,-7.249,7,C,78(E1),*,-8,1
-4.487,-5.768,5,C,78(E1),A,-6.14,2
0,0,,C,78(E1),C,0,
-6.686,-7.458,3,C,78(E1),D,-8,2
-7.292,-7.583,6,C,78(E1),E,-8,4
-8.802,-7.703,13,C,78(E1),F,-8,4
-9.001,-7.709,4,C,78(E1),G,-8,2
-6.341,-7.348,8,C,78(E1),H,-8,6
-7.164,-7.562,5,C,78(E1),I,-8,2
-7.064,-7.544,5,C,78(E1),K,-8,1
-7.344,-7.59,6,C,78(E1),L,-8,4
-6.513,-7.407,4,C,78(E1),M,-8,2
-7.089,-7.549,7,C,78(E1),N,-8,4
-8.243,-7.677,11,C,78(E1),P,-8,4
-6.871,-7.504,6,C,78(E1),Q,-8,3
-6.935,-7.518,11,C,78(E1),R,-8,6
-6.649,-7.448,10,C,78(E1),S,-8,6
-7.401,-7.599,6,C,78(E1),T,-8,5
-6.375,-7.361,2,C,78(E1),V,-8,1
-7.042,-7.54,9,C,78(E1),W,-8,1
-5.689,-7.023,28,C,78(E1),Y,-8,1
0.5765,0.1147,7,K,79(E1),A,-0.9788,5
-2.676,-2.406,17,K,79(E1),C,-2.606,8
4.31,0.2631,11,K,79(E1),D,0.4938,6
3.887,0.2612,6,K,79(E1),E,-0.3767,3
-1.448,-0.7574,13,K,79(E1),F,-1.27,9
-2.872,-2.764,1,K,79(E1),G,,
0.5684,0.1135,12,K,79(E1),H,-0.8464,6
-2.754,-2.545,2,K,79(E1),I,,
0,0,,K,79(E1),K,0,
-0.7239,-0.2647,9,K,79(E1),L,-1.024,5
1.274,0.1904,8,K,79(E1),M,0.0342,4
-2.266,-1.731,10,K,79(E1),N,0.03725,2
-7.481,-7.609,7,K,79(E1),P,-8,6
-0.9066,-0.3629,10,K,79(E1),Q,-0.02353,7
0.9614,0.1627,13,K,79(E1),R,-1.347,10
-0.2138,-0.06099,1,K,79(E1),S,,
0.5736,0.1143,6,K,79(E1),T,0.6253,2
1.013,0.1678,6,K,79(E1),V,-2.005,2
-2.573,-2.225,14,K,79(E1),W,-1.875,4
-0.9757,-0.4042,4,K,79(E1),Y,-0.9015,2
-2.686,-2.422,6,V,80(E1),A,-3.018,2
-6.335,-7.347,6,V,80(E1),C,-8,1
-5.39,-6.802,5,V,80(E1),D,-6.124,2
-3.213,-3.427,8,V,80(E1),E,-2.916,5
-7.006,-7.533,10,V,80(E1),F,-8,2
-3.685,-4.365,4,V,80(E1),G,-3.535,2
-7.475,-7.608,4,V,80(E1),H,-8,3
-0.3743,-0.1154,7,V,80(E1),I,-0.3022,4
-6.243,-7.311,7,V,80(E1),K,-8,4
-2.225,-1.669,13,V,80(E1),L,-2.697,3
-4.459,-5.727,13,V,80(E1),M,-5.369,6
-7.187,-7.566,5,V,80(E1),N,-8,3
-6.329,-7.344,9,V,80(E1),P,-8,5
-7.412,-7.6,8,V,80(E1),Q,-8,5
-7.096,-7.55,6,V,80(E1),R,-8,3
-3.073,-3.151,7,V,80(E1),S,-3.694,3
-1.941,-1.283,7,V,80(E1),T,-1.766,2
0,0,,V,80(E1),V,0,
-6.81,-7.49,8,V,80(E1),W,-8,7
-6.549,-7.419,8,V,80(E1),Y,-8,6
-7.016,-7.535,5,F,81(E1),A,-8,2
-6.79,-7.485,14,F,81(E1),C,-8,12
-5.341,-6.761,10,F,81(E1),D,-6.01,4
-7.894,-7.652,5,F,81(E1),E,-8,3
0,0,,F,81(E1),F,0,
-8.415,-7.687,4,F,81(E1),G,-8,1
-3.669,-4.335,2,F,81(E1),H,,
-6.133,-7.264,9,F,81(E1),I,-5.654,3
-7.517,-7.614,7,F,81(E1),K,-8,4
-7.228,-7.573,14,F,81(E1),L,-8,5
-4.343,-5.548,9,F,81(E1),M,-6.928,2
-7.544,-7.617,8,F,81(E1),N,-8,7
-6.537,-7.415,5,F,81(E1),P,-8,3
-6.128,-7.262,5,F,81(E1),Q,-7.559,2
-5.496,-6.887,5,F,81(E1),R,-7.626,5
-12.31,-7.737,3,F,81(E1),S,-8,2
-7.461,-7.606,13,F,81(E1),T,-8,5
-7.599,-7.623,4,F,81(E1),V,-8,3
-2.87,-2.761,7,F,81(E1),W,-3.17,3
0.6989,0.1319,11,F,81(E1),Y,-0.8569,5
0.4085,0.08749,12,T,82(E1),A,-0.6292,3
-6.581,-7.428,3,T,82(E1),C,-8,2
-1.081,-0.4716,8,T,82(E1),D,-1.163,6
-2.51,-2.118,3,T,82(E1),E,-2.429,3
-1.315,-0.6441,6,T,82(E1),F,-0.5474,3
0.01095,0.00281,8,T,82(E1),G,-1.388,3
1.79,0.221,7,T,82(E1),H,-0.8068,4
-0.2905,-0.086,13,T,82(E1),I,0.1768,2
-2.255,-1.715,4,T,82(E1),K,-2.654,1
1.094,0.1755,9,T,82(E1),L,0.4216,5
0.7316,0.1362,6,T,82(E1),M,-0.6629,3
-1.092,-0.4793,6,T,82(E1),N,-1.621,1
1.541,0.2082,11,T,82(E1),P,-0.25,7
6.668,0.2665,4,T,82(E1),Q,-0.253,2
-3.485,-3.971,5,T,82(E1),R,-6.261,2
2.689,0.2481,9,T,82(E1),S,-0.1366,6
0,0,,T,82(E1),T,0,
0.183,0.04338,10,T,82(E1),V,-0.0579,6
-1.517,-0.8204,4,T,82(E1),W,-1.086,1
1.126,0.1783,5,T,82(E1),Y,-0.299,2
-10.63,-7.732,1,G,83(E1),-,,
-0.04586,-0.01209,12,G,83(E1),A,-0.4431,8
-5.728,-7.048,13,G,83(E1),C,-7.053,4
0.5519,0.111,32,G,83(E1),D,-1.38,7
-2.418,-1.967,7,G,83(E1),E,-2.599,3
-5.902,-7.15,5,G,83(E1),F,-8,3
0,0,,G,83(E1),G,0,
-6.26,-7.317,6,G,83(E1),H,-7.881,1
-7.769,-7.641,9,G,83(E1),I,-8,5
-5.261,-6.69,3,G,83(E1),K,-6.646,1
-6.701,-7.462,3,G,83(E1),L,-8,1
-2.383,-1.911,5,G,83(E1),M,-1.493,3
-0.856,-0.3341,9,G,83(E1),N,-0.9369,4
-5.267,-6.696,9,G,83(E1),P,-7.056,8
-1.774,-1.085,4,G,83(E1),Q,,
-6.466,-7.392,7,G,83(E1),R,-8,2
-0.2053,-0.05834,10,G,83(E1),S,-0.0235,1
-3.18,-3.363,5,G,83(E1),T,-3.119,2
-3.929,-4.831,3,G,83(E1),V,-5.17,1
-6.3,-7.333,12,G,83(E1),W,-8,8
-2.675,-2.402,8,G,83(E1),Y,-2.683,6
-7.465,-7.607,4,V,84(E1),A,,
-9.366,-7.718,6,V,84(E1),C,-8,1
-7.197,-7.568,7,V,84(E1),D,-8,5
-6.769,-7.48,7,V,84(E1),E,-8,4
-6.391,-7.367,6,V,84(E1),F,-8,2
-5.922,-7.16,6,V,84(E1),G,-7.33,2
-6.794,-7.486,10,V,84(E1),H,-8,7
-3.654,-4.305,9,V,84(E1),I,-4.434,6
-6.936,-7.518,3,V,84(E1),K,-8,2
-6.317,-7.34,5,V,84(E1),L,-8,1
-9.651,-7.723,21,V,84(E1),M,,
-7.192,-7.567,4,V,84(E1),N,-8,3
-5.896,-7.147,4,V,84(E1),P,-8,3
-7.971,-7.658,8,V,84(E1),Q,-8,4
-6.91,-7.513,9,V,84(E1),R,-8,4
-7.332,-7.589,3,V,84(E1),S,-8,1
-6.729,-7.47,7,V,84(E1),T,-8,6
0,0,,V,84(E1),V,0,
-7.53,-7.615,6,V,84(E1),W,-8,4
-7.399,-7.598,5,V,84(E1),Y,-8,2
-9.082,-7.711,6,Y,85(E1),*,-8,1
-5.383,-6.797,8,Y,85(E1),A,-6.377,4
-7.319,-7.587,8,Y,85(E1),C,-8,4
-6.614,-7.438,7,Y,85(E1),D,-8,4
-5.978,-7.19,8,Y,85(E1),E,-6.652,4
-7.409,-7.6,8,Y,85(E1),F,-8,5
-7.552,-7.618,13,Y,85(E1),G,-8,7
-7.777,-7.642,21,Y,85(E1),H,-8,7
-6.134,-7.264,12,Y,85(E1),I,-8,5
-6.433,-7.381,2,Y,85(E1),K,-8,2
-7.016,-7.535,2,Y,85(E1),L,-8,2
-7.04,-7.54,4,Y,85(E1),M,-8,2
-6.473,-7.395,10,Y,85(E1),N,-8,7
-7.552,-7.618,2,Y,85(E1),P,,
-5.864,-7.129,5,Y,85(E1),Q,-8,2
-6.69,-7.459,5,Y,85(E1),R,-8,1
-6.508,-7.406,6,Y,85(E1),S,-8,5
-7.041,-7.54,7,Y,85(E1),T,-8,4
-7.147,-7.559,4,Y,85(E1),V,-8,1
-7.024,-7.536,8,Y,85(E1),W,-8,4
0,0,,Y,85(E1),Y,0,
-6.041,-7.221,7,P,86(E1),A,-8,6
-7.436,-7.603,6,P,86(E1),C,-8,4
-7.461,-7.607,10,P,86(E1),D,-8,5
-7.079,-7.547,4,P,86(E1),E,-8,2
-6.342,-7.349,12,P,86(E1),F,-8,6
-8.219,-7.676,5,P,86(E1),G,-8,3
-6.396,-7.368,8,P,86(E1),H,-8,3
-6.25,-7.313,6,P,86(E1),I,-8,2
-8.597,-7.695,4,P,86(E1),K,-8,1
-8.275,-7.679,11,P,86(E1),L,-8,5
-7.386,-7.596,7,P,86(E1),M,-8,5
-7.339,-7.59,10,P,86(E1),N,-8,7
0,0,,P,86(E1),P,0,
-5.087,-6.522,3,P,86(E1),Q,,
-7.031,-7.538,3,P,86(E1),R,-8,2
-7.33,-7.588,7,P,86(E1),S,-8,1
-8.153,-7.671,7,P,86(E1),T,-8,1
-7.751,-7.639,8,P,86(E1),V,-8,3
-6.729,-7.469,6,P,86(E1),W,-8,3
-7.432,-7.603,9,P,86(E1),Y,-8,4
-5.737,-7.053,10,F,87(E1),A,-8,6
-5.853,-7.123,6,F,87(E1),C,-8,2
-6.995,-7.53,4,F,87(E1),D,-8,2
-5.9,-7.149,8,F,87(E1),E,-8,3
0,0,,F,87(E1),F,0,
-8,-7.661,7,F,87(E1),G,-8,3
-7.307,-7.585,8,F,87(E1),H,-8,4
-9.03,-7.71,15,F,87(E1),I,-8,7
-6.567,-7.424,6,F,87(E1),K,-8,3
-4.067,-5.081,18,F,87(E1),L,-5.195,5
-4.282,-5.448,6,F,87(E1),M,-6.45,4
-6.408,-7.373,6,F,87(E1),N,-8,4
-6.42,-7.377,3,F,87(E1),P,-8,2
-7.258,-7.577,6,F,87(E1),Q,-8,3
-6.81,-7.49,6,F,87(E1),R,-8,1
-7.413,-7.6,6,F,87(E1),S,-8,3
-6.165,-7.278,8,F,87(E1),T,-8,4
-6.434,-7.382,10,F,87(E1),V,-8,3
-3.791,-4.571,4,F,87(E1),W,-4.448,3
-2.079,-1.464,6,F,87(E1),Y,-1.566,1
-7.013,-7.534,4,M,88(E1),A,-8,2
-7.343,-7.59,5,M,88(E1),C,,
-7.307,-7.585,5,M,88(E1),D,-8,3
-7.534,-7.616,8,M,88(E1),E,-8,4
-8.705,-7.699,7,M,88(E1),F,-8,3
-7.209,-7.57,4,M,88(E1),G,-8,3
-6.986,-7.529,4,M,88(E1),H,-8,2
-12.22,-7.737,18,M,88(E1),I,-8,9
-6.871,-7.504,14,M,88(E1),K,-8,7
-2.242,-1.695,4,M,88(E1),L,-2.469,3
0,0,,M,88(E1),M,0,
-6.783,-7.483,8,M,88(E1),N,-8,4
-7.77,-7.641,10,M,88(E1),P,-8,5
-6.083,-7.241,7,M,88(E1),Q,-8,5
-6.943,-7.52,12,M,88(E1),R,-8,7
-7.487,-7.61,8,M,88(E1),S,-8,6
-11.62,-7.736,7,M,88(E1),T,-8,1
-4.043,-5.039,7,M,88(E1),V,-4.949,5
-5.093,-6.528,6,M,88(E1),W,-8,3
-4.721,-6.094,5,M,88(E1),Y,-6.097,3
-8.633,-7.697,13,W,89(E1),*,-8,1
0.3906,0.08432,1,W,89(E1),-,,
-5.683,-7.019,10,W,89(E1),A,-8,7
-8.632,-7.697,14,W,89(E1),C,-8,4
-6.993,-7.53,4,W,89(E1),D,-8,2
-6.74,-7.472,7,W,89(E1),E,-8,4
-6.625,-7.441,9,W,89(E1),F,-8,4
-7.024,-7.536,4,W,89(E1),G,-8,2
-7.641,-7.628,6,W,89(E1),H,-8,4
-6.686,-7.458,7,W,89(E1),I,-8,1
-5.965,-7.183,6,W,89(E1),K,-8,6
-7.6,-7.623,9,W,89(E1),L,-8,4
-6.672,-7.454,2,W,89(E1),M,-8,1
-6.761,-7.478,7,W,89(E1),N,-8,4
-7.666,-7.63,12,W,89(E1),P,-8,7
-6.002,-7.202,5,W,89(E1),Q,-8,3
-8.844,-7.704,10,W,89(E1),R,-8,6
-6.05,-7.225,10,W,89(E1),S,-8,5
-6.131,-7.263,7,W,89(E1),T,-8,7
-6.443,-7.385,4,W,89(E1),V,-8,4
0,0,,W,89(E1),W,0,
-7.369,-7.594,9,W,89(E1),Y,-8,3
-7.372,-7.594,5,G,90(E1),A,-8,3
-7.354,-7.592,10,G,90(E1),C,-8,5
-10.67,-7.732,21,G,90(E1),D,-8,7
-7.241,-7.575,3,G,90(E1),E,-8,3
-7.108,-7.552,7,G,90(E1),F,-8,5
0,0,,G,90(E1),G,0,
-7.029,-7.537,6,G,90(E1),H,-8,2
-6.924,-7.516,11,G,90(E1),I,-8,9
-7.545,-7.617,10,G,90(E1),K,-8,5
-7.346,-7.591,11,G,90(E1),L,-8,4
-6.411,-7.374,3,G,90(E1),M,-7.908,2
-7.847,-7.648,3,G,90(E1),N,-8,1
-7.474,-7.608,9,G,90(E1),P,-8,6
-7.19,-7.567,5,G,90(E1),Q,-7.86,2
-7.699,-7.634,15,G,90(E1),R,-8,10
-8.131,-7.67,22,G,90(E1),S,-8,4
-7.188,-7.566,7,G,90(E1),T,-8,3
-7.287,-7.582,16,G,90(E1),V,-8,8
-7.185,-7.566,5,G,90(E1),W,-8,3
-7.479,-7.609,11,G,90(E1),Y,-8,6
-7.336,-7.589,5,G,91(E1),*,,
-6.023,-7.212,4,G,91(E1),A,-7.487,2
-7.021,-7.536,3,G,91(E1),C,-8,2
-7.692,-7.633,9,G,91(E1),D,-8,6
-7.355,-7.592,9,G,91(E1),E,-8,4
-5.368,-6.785,6,G,91(E1),F,-7.23,3
0,0,,G,91(E1),G,0,
-6.703,-7.463,2,G,91(E1),H,-8,1
-7.549,-7.617,11,G,91(E1),I,-8,3
-7.465,-7.607,5,G,91(E1),K,-8,2
-6.497,-7.403,9,G,91(E1),L,-8,5
-6.735,-7.471,12,G,91(E1),M,-8,8
-7.59,-7.622,12,G,91(E1),N,-8,8
-5.348,-6.767,5,G,91(E1),P,-7.124,4
-8.61,-7.696,10,G,91(E1),Q,-8,2
-8.031,-7.663,29,G,91(E1),R,-8,3
-7.011,-7.534,5,G,91(E1),S,-8,2
-5.868,-7.131,5,G,91(E1),T,-8,3
-7.505,-7.612,16,G,91(E1),V,-8,5
-7.354,-7.592,9,G,91(E1),W,-8,5
-7.751,-7.639,13,G,91(E1),Y,-8,11
0,0,,A,92(E1),A,0,
-7.045,-7.54,8,A,92(E1),C,-8,6
-5.234,-6.666,13,A,92(E1),D,-7.092,8
-7.509,-7.613,11,A,92(E1),E,-8,7
-6.698,-7.461,6,A,92(E1),F,-8,1
-2.553,-2.191,3,A,92(E1),G,-2.51,1
-6.766,-7.479,7,A,92(E1),H,-8,4
-6.588,-7.43,6,A,92(E1),I,-8,3
-7.31,-7.585,17,A,92(E1),K,-8,5
-7.317,-7.587,8,A,92(E1),L,-8,4
-9.563,-7.721,6,A,92(E1),M,-7.527,2
-2.513,-2.123,7,A,92(E1),N,-2.973,3
-7.283,-7.581,7,A,92(E1),P,-8,1
-6.735,-7.471,6,A,92(E1),Q,-8,1
-6.455,-7.389,9,A,92(E1),R,-8,5
-1.666,-0.968,10,A,92(E1),S,-1.396,5
-6.58,-7.428,8,A,92(E1),T,-8,4
-7.344,-7.59,14,A,92(E1),V,-8,4
-6.255,-7.316,7,A,92(E1),W,-8,5
-6.802,-7.488,6,A,92(E1),Y,-7.743,4
-5.9,-7.149,1,Y,93(E1),*,,
-6.647,-7.447,7,Y,93(E1),A,-1.972,1
-6.474,-7.395,6,Y,93(E1),C,-8,5
-6.766,-7.479,3,Y,93(E1),D,-8,1
-7.313,-7.586,6,Y,93(E1),E,-8,4
0.1694,0.04041,9,Y,93(E1),F,-0.6356,4
-7.178,-7.564,8,Y,93(E1),G,-8,3
-5.745,-7.058,13,Y,93(E1),H,-7.322,6
-3.489,-3.979,8,Y,93(E1),I,-4.209,3
-6.229,-7.305,9,Y,93(E1),K,-8,7
-2.566,-2.212,8,Y,93(E1),L,-2.473,7
-2.954,-2.919,9,Y,93(E1),M,-3.191,5
-6.163,-7.277,7,Y,93(E1),N,-8,4
-7.548,-7.617,14,Y,93(E1),P,-8,7
-7.028,-7.537,2,Y,93(E1),Q,-8,2
-7.031,-7.538,4,Y,93(E1),R,-8,2
-4.164,-5.25,4,Y,93(E1),S,,
-3.548,-4.097,7,Y,93(E1),T,-4.304,6
-4.452,-5.716,6,Y,93(E1),V,-6.233,2
-3.071,-3.147,2,Y,93(E1),W,,
0,0,,Y,93(E1),Y,0,
-7.416,-7.601,3,C,94(E1),*,,
-1.325,-0.6527,1,C,94(E1),-,,
-5.454,-6.854,3,C,94(E1),A,-7.178,2
0,0,,C,94(E1),C,0,
-7.924,-7.655,7,C,94(E1),D,-8,5
-6.991,-7.53,4,C,94(E1),E,-8,2
-7.127,-7.556,17,C,94(E1),F,-8,6
-9.008,-7.709,12,C,94(E1),G,-8,8
-6.525,-7.411,11,C,94(E1),H,-8,6
-6.504,-7.405,11,C,94(E1),I,-8,5
-7.545,-7.617,7,C,94(E1),K,-8,5
-6.147,-7.27,7,C,94(E1),L,-6.467,2
-7.378,-7.595,7,C,94(E1),M,-8,2
-5.064,-6.498,6,C,94(E1),N,-8,5
-5.992,-7.197,8,C,94(E1),P,-8,3
-5.687,-7.021,5,C,94(E1),Q,-7.33,2
-6.247,-7.312,5,C,94(E1),R,-8,4
-7.318,-7.587,9,C,94(E1),S,-8,4
-7.68,-7.632,9,C,94(E1),T,-8,5
-7.387,-7.597,10,C,94(E1),V,-8,6
-5.763,-7.069,7,C,94(E1),W,-8,5
-9.836,-7.725,16,C,94(E1),Y,-8,4
-5.811,-7.098,9,F,95(E1),A,-7.659,4
-5.418,-6.825,3,F,95(E1),C,-7.23,2
-5.032,-6.464,7,F,95(E1),D,-6.936,3
-7.315,-7.586,7,F,95(E1),E,-8,4
0,0,,F,95(E1),F,0,
-6.884,-7.507,12,F,95(E1),G,-8,7
-7.453,-7.605,6,F,95(E1),H,-8,4
-8.601,-7.695,12,F,95(E1),I,-7.591,3
-7.575,-7.62,10,F,95(E1),K,-8,8
-5.619,-6.976,12,F,95(E1),L,-8,5
-6.476,-7.395,5,F,95(E1),M,-8,5
-6.559,-7.422,10,F,95(E1),N,-8,3
-6.838,-7.496,4,F,95(E1),P,-8,1
-7.21,-7.57,8,F,95(E1),Q,-8,4
-7.347,-7.591,13,F,95(E1),S,-8,3
-7.182,-7.565,4,F,95(E1),T,-8,2
-3.678,-4.352,6,F,95(E1),V,-4.67,4
3.265,0.2563,1,F,95(E1),W,,
-4.427,-5.678,5,F,95(E1),Y,-5.054,1
-1.684,-0.9875,1,C,96(E1),*,,
-7.411,-7.6,6,C,96(E1),A,-8,5
0,0,,C,96(E1),C,0,
-7.186,-7.566,6,C,96(E1),D,-8,3
-7.327,-7.588,8,C,96(E1),E,-8,5
-6.631,-7.443,10,C,96(E1),F,-8,5
-7.194,-7.567,6,C,96(E1),G,-8,3
-6.701,-7.462,5,C,96(E1),H,-8,1
-8.194,-7.674,8,C,96(E1),I,-8,1
-7.662,-7.63,6,C,96(E1),K,-8,3
-6.803,-7.488,12,C,96(E1),L,-8,7
-7.066,-7.544,5,C,96(E1),M,-8,2
-6.884,-7.507,8,C,96(E1),N,-8,3
-6.342,-7.349,9,C,96(E1),P,-8,6
-7.372,-7.595,7,C,96(E1),Q,-8,5
-7.039,-7.539,9,C,96(E1),R,-8,2
-6.763,-7.478,14,C,96(E1),S,-8,4
-7.152,-7.56,6,C,96(E1),T,-7.681,2
-6.311,-7.337,5,C,96(E1),V,-8,4
-7.404,-7.599,7,C,96(E1),W,-8,5
-7.919,-7.654,12,C,96(E1),Y,-8,5
-3.374,-3.75,9,D,97(E1),A,-3.283,3
-5.65,-6.997,5,D,97(E1),C,-8,1
0,0,,D,97(E1),D,0,
-0.1761,-0.04935,13,D,97(E1),E,-0.7709,7
-7.151,-7.56,9,D,97(E1),F,-8,3
-5.426,-6.832,14,D,97(E1),G,-8,3
-2.9,-2.818,9,D,97(E1),H,-3.169,5
-1.639,-0.9409,2,D,97(E1),I,-1.251,2
-7.294,-7.583,5,D,97(E1),K,-8,2
-2.55,-2.186,5,D,97(E1),L,-2.882,3
-2.576,-2.23,10,D,97(E1),M,-2.368,5
-1.336,-0.6611,12,D,97(E1),N,-0.4708,5
-6.479,-7.397,7,D,97(E1),P,-8,5
-2.932,-2.877,5,D,97(E1),Q,-3.199,3
-6.948,-7.521,6,D,97(E1),R,-8,4
-2.573,-2.225,3,D,97(E1),S,-2.954,2
-2.726,-2.494,9,D,97(E1),T,-3.167,6
-2.392,-1.925,5,D,97(E1),V,-2.39,1
-3.747,-4.487,4,D,97(E1),W,-5.549,2
-3.779,-4.547,5,D,97(E1),Y,-5.148,3
-3.096,-3.195,1,T,98(E1),-,,
-1.04,-0.445,10,T,98(E1),A,0.469,5
-7.185,-7.566,3,T,98(E1),C,-8,3
-1.8,-1.114,2,T,98(E1),D,-1.444,1
-3.016,-3.04,7,T,98(E1),E,-3.087,5
-2.167,-1.586,6,T,98(E1),F,-2.481,4
-1.489,-0.7947,2,T,98(E1),G,,
-2.709,-2.463,4,T,98(E1),H,-3.244,3
-3.228,-3.458,15,T,98(E1),I,-3.929,6
-5.128,-6.563,4,T,98(E1),K,-6.962,2
-2.941,-2.895,4,T,98(E1),L,-3.194,2
-0.7254,-0.2655,5,T,98(E1),M,-1.481,3
3.167,0.2552,3,T,98(E1),N,,
-3.366,-3.732,7,T,98(E1),P,-3.977,5
0.5029,0.1033,7,T,98(E1),Q,0.154,5
-2.928,-2.871,2,T,98(E1),R,-3.197,1
0.1537,0.03693,9,T,98(E1),S,0.2861,7
0,0,,T,98(E1),T,0,
-1.892,-1.224,6,T,98(E1),V,-1.511,3
-3.329,-3.658,6,T,98(E1),W,-3.52,4
-0.7642,-0.2851,4,T,98(E1),Y,-0.7164,3
-6.92,-7.515,8,E,99(E1),*,,
-5.114,-6.549,6,E,99(E1),A,-6.941,4
-5.914,-7.156,8,E,99(E1),C,-5.002,2
-2.495,-2.093,10,E,99(E1),D,-2.266,4
0,0,,E,99(E1),E,0,
-2.864,-2.749,10,E,99(E1),F,-2.792,4
-6.58,-7.428,15,E,99(E1),G,-8,4
-3.949,-4.869,7,E,99(E1),H,-4.981,1
-6.484,-7.398,8,E,99(E1),I,-8,5
-8.445,-7.688,18,E,99(E1),K,-8,2
-5.766,-7.071,8,E,99(E1),L,-6.377,4
-6.454,-7.388,8,E,99(E1),M,-8,3
-7.449,-7.605,10,E,99(E1),N,-8,4
-4.542,-5.849,7,E,99(E1),P,-6.745,4
-2.683,-2.417,5,E,99(E1),Q,-2.713,4
-6.018,-7.21,5,E,99(E1),R,-6.167,2
-5.966,-7.184,11,E,99(E1),S,-8,4
-6.975,-7.526,6,E,99(E1),T,-8,1
-7.303,-7.584,8,E,99(E1),V,-8,5
-4.008,-4.976,4,E,99(E1),W,-5.437,4
-7.624,-7.626,11,E,99(E1),Y,-8,5
-1.307,-0.638,1,N,100(E1),-,,
-6.063,-7.232,8,N,100(E1),A,-8,5
-5.894,-7.146,7,N,100(E1),C,-8,3
-8.137,-7.67,13,N,100(E1),D,-8,5
-6.794,-7.486,7,N,100(E1),E,-8,1
-9.956,-7.727,8,N,100(E1),F,-8,3
-7.013,-7.534,5,N,100(E1),G,-8,2
-6.42,-7.377,6,N,100(E1),H,-8,5
-7.252,-7.576,5,N,100(E1),I,-8,3
-6.571,-7.425,9,N,100(E1),K,-8,2
-7.695,-7.634,8,N,100(E1),L,-8,6
-10.95,-7.734,11,N,100(E1),M,-7.972,4
0,0,,N,100(E1),N,0,
-6.781,-7.483,7,N,100(E1),P,-8,2
-7.277,-7.581,7,N,100(E1),Q,-8,4
-8.123,-7.669,7,N,100(E1),R,-8,4
-5.022,-6.454,8,N,100(E1),S,-6.884,3
-7.906,-7.653,13,N,100(E1),T,-8,8
-6.821,-7.492,5,N,100(E1),V,-7.865,3
-7.371,-7.594,8,N,100(E1),W,-8,5
-7.814,-7.645,3,N,100(E1),Y,,
-1.861,-1.186,2,T,101(E1),-,,
-2.073,-1.456,8,T,101(E1),A,-1.954,4
-3.555,-4.11,4,T,101(E1),C,-4.145,2
-2.611,-2.291,7,T,101(E1),D,-2.774,3
-0.9674,-0.399,5,T,101(E1),E,0.4534,1
-7.1,-7.551,6,T,101(E1),F,-8,3
-3.763,-4.518,9,T,101(E1),G,-4.757,6
-3.681,-4.359,6,T,101(E1),H,-5.021,5
-1.396,-0.712,13,T,101(E1),I,-1.416,9
-6.758,-7.477,9,T,101(E1),K,-8,3
-5.287,-6.714,2,T,101(E1),L,,
-2.341,-1.845,4,T,101(E1),M,-2.114,1
-2.466,-2.046,7,T,101(E1),N,-3.077,1
-7.041,-7.54,10,T,101(E1),P,-8,5
-0.258,-0.07518,3,T,101(E1),Q,-0.3996,2
-5.951,-7.176,4,T,101(E1),R,-8,3
0.3581,0.07842,4,T,101(E1),S,-1.411,1
0,0,,T,101(E1),T,0,
-1.383,-0.7007,7,T,101(E1),V,-1.375,5
-7.057,-7.543,4,T,101(E1),W,-8,2
-6.913,-7.513,3,T,101(E1),Y,-8,2
-4.413,-5.657,4,Q,102(E1),*,,
-2.075,-1.458,1,Q,102(E1),-,,
-6.85,-7.499,7,Q,102(E1),A,-8,3
-7.095,-7.55,6,Q,102(E1),C,-8,2
-7.012,-7.534,4,Q,102(E1),D,-8,2
-6.718,-7.467,3,Q,102(E1),E,-8,1
-6.236,-7.308,5,Q,102(E1),F,-8,4
-7.316,-7.586,7,Q,102(E1),G,-8,3
-7.673,-7.631,18,Q,102(E1),H,-8,8
-5.529,-6.911,12,Q,102(E1),I,-8,3
-7.023,-7.536,8,Q,102(E1),K,-8,4
-6.158,-7.275,11,Q,102(E1),L,-8,9
-8.409,-7.686,9,Q,102(E1),M,-8,5
-7.615,-7.625,8,Q,102(E1),N,-8,3
-6.995,-7.53,14,Q,102(E1),P,-8,9
0,0,,Q,102(E1),Q,0,
-6.991,-7.53,8,Q,102(E1),R,-8,2
-7.313,-7.586,7,Q,102(E1),S,-8,4
-6.749,-7.475,5,Q,102(E1),T,-8,1
-7.497,-7.611,11,Q,102(E1),V,-8,8
-7.009,-7.533,4,Q,102(E1),W,-8,2
-7.466,-7.607,10,Q,102(E1),Y,-8,5
-2.084,-1.47,1,L,103(E1),-,,
-9.053,-7.711,4,L,103(E1),A,-5.623,2
-11.38,-7.735,4,L,103(E1),C,-8,1
-7.187,-7.566,6,L,103(E1),D,-8,3
-4.631,-5.974,6,L,103(E1),E,-6.942,1
-6.844,-7.498,6,L,103(E1),F,-8,3
-7.251,-7.576,6,L,103(E1),G,-8,4
-5.004,-6.434,2,L,103(E1),H,,
-2.515,-2.126,6,L,103(E1),I,-2.54,3
-2.872,-2.764,4,L,103(E1),K,,
0,0,,L,103(E1),L,0,
-0.243,-0.07032,15,L,103(E1),M,0.2316,5
-7.326,-7.588,7,L,103(E1),N,-8,5
-7.327,-7.588,8,L,103(E1),P,-8,3
-0.3975,-0.1239,6,L,103(E1),Q,-0.4985,1
-3.471,-3.942,1,L,103(E1),R,,
-4.369,-5.588,5,L,103(E1),S,-5.873,3
-3.52,-4.041,5,L,103(E1),T,-5.797,4
-2.962,-2.935,7,L,103(E1),V,-3.091,4
-6.698,-7.461,5,L,103(E1),W,-8,1
-7.062,-7.544,8,L,103(E1),Y,-6.371,4
-4.186,-5.288,3,S,104(E1),A,-6.581,2
-2.496,-2.095,4,S,104(E1),C,-3.874,1
-7.195,-7.567,4,S,104(E1),D,-8,3
-2.429,-1.985,2,S,104(E1),E,-2.296,1
-7.225,-7.572,9,S,104(E1),F,-8,7
-4.11,-5.158,7,S,104(E1),G,-5.058,4
-7.009,-7.533,4,S,104(E1),H,-8,2
-8.848,-7.705,8,S,104(E1),I,-8,1
-6.469,-7.393,9,S,104(E1),K,-8,4
-7.304,-7.585,9,S,104(E1),L,-8,4
-7.015,-7.534,6,S,104(E1),M,-8,2
-6.711,-7.465,9,S,104(E1),N,-8,3
-7.109,-7.552,16,S,104(E1),P,-8,10
-4.142,-5.213,7,S,104(E1),Q,-5.557,1
-7.263,-7.578,14,S,104(E1),R,-8,11
0,0,,S,104(E1),S,0,
-3.623,-4.245,5,S,104(E1),T,-4.603,2
-7.922,-7.654,7,S,104(E1),V,-8,3
-7.259,-7.578,7,S,104(E1),W,-8,3
-6.667,-7.453,5,S,104(E1),Y,-8,3
-6.244,-7.311,5,E,105(E1),*,-7.702,2
-0.102,-0.02759,1,E,105(E1),-,,
-6.252,-7.314,7,E,105(E1),A,-8,4
-6.945,-7.52,6,E,105(E1),C,-8,3
-6.13,-7.263,13,E,105(E1),D,-8,5
0,0,,E,105(E1),E,0,
-4.341,-5.543,3,E,105(E1),F,-5.278,1
-7.659,-7.63,14,E,105(E1),G,-8,5
-6.035,-7.218,6,E,105(E1),H,,
-1.043,-0.4465,1,E,105(E1),I,,
-9.813,-7.725,21,E,105(E1),K,-8,8
-5.377,-6.792,12,E,105(E1),L,-8,7
-4.315,-5.501,5,E,105(E1),M,-5.322,2
-7.613,-7.625,7,E,105(E1),N,-8,3
-7.456,-7.606,7,E,105(E1),P,-8,5
-9.814,-7.725,7,E,105(E1),Q,-8,3
-7.048,-7.541,3,E,105(E1),R,-8,1
-4.314,-5.5,7,E,105(E1),S,-6.422,2
-3.541,-4.082,10,E,105(E1),T,-4.409,4
-3.927,-4.828,6,E,105(E1),V,-4.591,2
-4.037,-5.028,2,E,105(E1),W,,
-6.005,-7.203,11,E,105(E1),Y,-8,6
-0.609,-0.2104,1,A,106(E1),-,,
0,0,,A,106(E1),A,0,
-3.395,-3.791,9,A,106(E1),C,-3.999,4
-7.113,-7.553,12,A,106(E1),D,-8,8
-5.642,-6.991,8,A,106(E1),E,-8,5
-7.38,-7.596,8,A,106(E1),F,-8,5
-1.4,-0.715,5,A,106(E1),G,-0.4428,3
-6.941,-7.519,4,A,106(E1),H,-8,1
-2.228,-1.674,8,A,106(E1),I,-1.806,4
-6.686,-7.458,5,A,106(E1),K,-8,1
-3.583,-4.166,12,A,106(E1),L,-4.612,7
-2.773,-2.581,12,A,106(E1),M,-2.651,5
-5.293,-6.719,6,A,106(E1),N,-6.228,3
-7.266,-7.579,6,A,106(E1),P,-8,1
-7.118,-7.554,5,A,106(E1),Q,-8,2
-6.826,-7.494,8,A,106(E1),R,-8,7
-3.059,-3.123,11,A,106(E1),S,-1.223,3
-5.153,-6.588,27,A,106(E1),T,-4.816,5
-1.144,-0.5153,21,A,106(E1),V,-0.3655,7
-7.913,-7.654,10,A,106(E1),W,-8,6
-7.454,-7.606,9,A,106(E1),Y,-8,5
-4.993,-6.421,4,H,107(E1),-,,
-2.956,-2.925,6,H,107(E1),A,-3.128,4
-5.793,-7.088,2,H,107(E1),C,-8,1
-6.422,-7.377,9,H,107(E1),D,-8,5
-7.159,-7.561,4,H,107(E1),E,-8,3
-1.518,-0.8212,6,H,107(E1),F,-0.6312,5
-7.125,-7.555,5,H,107(E1),G,-7.798,2
0,0,,H,107(E1),H,0,
-7.447,-7.605,7,H,107(E1),I,-8,4
-6.044,-7.223,5,H,107(E1),K,-8,2
-6.453,-7.388,6,H,107(E1),L,-5.864,2
-3.188,-3.377,7,H,107(E1),M,,
-1.265,-0.6049,3,H,107(E1),N,,
-7.575,-7.62,27,H,107(E1),P,-8,23
-6.311,-7.337,15,H,107(E1),Q,-8,5
-3.738,-4.47,6,H,107(E1),R,-8,1
-0.3701,-0.1138,3,H,107(E1),S,,
-4.884,-6.298,7,H,107(E1),T,-7.195,2
-6.709,-7.464,16,H,107(E1),V,-8,7
1.124,0.1782,3,H,107(E1),W,-0.2296,1
-0.1461,-0.04037,4,H,107(E1),Y,-0.2122,1
-0.3833,-0.1187,3,V,108(E1),-,,
-3.634,-4.266,8,V,108(E1),A,-4.577,2
-4.924,-6.344,7,V,108(E1),C,-6.204,5
-6.349,-7.351,12,V,108(E1),D,-8,7
-7.64,-7.628,8,V,108(E1),E,-8,3
-7.028,-7.537,7,V,108(E1),F,-8,2
-7.348,-7.591,6,V,108(E1),G,-8,4
-7.407,-7.599,6,V,108(E1),H,-8,5
0.5465,0.1102,7,V,108(E1),I,-0.2783,5
-6.79,-7.485,8,V,108(E1),K,-8,7
-2.95,-2.912,12,V,108(E1),L,-2.862,8
-7.017,-7.535,24,V,108(E1),M,-8,6
-7.248,-7.576,10,V,108(E1),N,-8,2
-7.317,-7.587,6,V,108(E1),P,-8,4
-7.216,-7.571,16,V,108(E1),Q,-8,6
-5.802,-7.093,9,V,108(E1),R,-8,5
-7.411,-7.6,7,V,108(E1),S,-8,3
-0.9372,-0.3809,7,V,108(E1),T,-1.358,4
0,0,,V,108(E1),V,0,
-6.466,-7.392,7,V,108(E1),W,-8,2
-6.478,-7.396,11,V,108(E1),Y,-7.922,6
-2.08,-1.465,4,E,109(E1),*,,
-1.15,-0.519,3,E,109(E1),-,,
-1.674,-0.9767,9,E,109(E1),A,-0.961,6
-2.516,-2.127,7,E,109(E1),C,-2.242,6
0.3316,0.0735,2,E,109(E1),D,,
0,0,,E,109(E1),E,0,
-1.903,-1.236,3,E,109(E1),F,-0.992,2
-2.191,-1.621,5,E,109(E1),G,-1.666,3
-0.8662,-0.3398,6,E,109(E1),H,0.6115,1
-0.4065,-0.1273,7,E,109(E1),I,-1.019,3
-2.167,-1.586,60,E,109(E1),K,-1.784,7
-0.1825,-0.05131,9,E,109(E1),L,-1.204,5
-1.53,-0.8324,8,E,109(E1),M,-0.8351,5
-1.923,-1.261,11,E,109(E1),N,-1.482,5
-6.809,-7.489,7,E,109(E1),P,-7.806,2
-1.626,-0.9271,3,E,109(E1),Q,,
-1.69,-0.9941,6,E,109(E1),R,-2.965,3
-2.105,-1.499,4,E,109(E1),S,-0.7945,2
0.3614,0.07904,3,E,109(E1),T,0.3465,1
-0.9975,-0.4176,2,E,109(E1),V,-0.7091,2
-2.475,-2.059,11,E,109(E1),W,-1.854,5
-1.909,-1.244,12,E,109(E1),Y,-1.83,8
-0.9264,-0.3744,3,K,110(E1),-,,
-2.939,-2.891,5,K,110(E1),A,-3.369,3
-5.94,-7.17,10,K,110(E1),C,-8,6
-6.189,-7.288,9,K,110(E1),D,-8,5
-3.282,-3.564,8,K,110(E1),E,-3.309,4
-3.058,-3.122,6,K,110(E1),F,-3.508,2
-3.121,-3.246,4,K,110(E1),G,-3.512,2
-2.893,-2.805,8,K,110(E1),H,-3.533,7
-2.499,-2.099,5,K,110(E1),I,-2.062,1
0,0,,K,110(E1),K,0,
-4.21,-5.329,4,K,110(E1),L,-5.891,2
-2.651,-2.36,3,K,110(E1),M,,
-4.204,-5.319,12,K,110(E1),N,-4.961,1
-2.849,-2.721,7,K,110(E1),P,-2.728,3
-2.219,-1.66,7,K,110(E1),Q,-2.867,3
-2.077,-1.461,6,K,110(E1),R,-6.013,2
-2.374,-1.896,6,K,110(E1),S,-1.935,4
-2.728,-2.499,12,K,110(E1),T,-2.561,8
-6.228,-7.304,5,K,110(E1),V,-8,4
-2.93,-2.875,4,K,110(E1),W,-3.229,3
-3.306,-3.612,11,K,110(E1),Y,-4.264,5
0.06205,0.01555,2,S,111(E1),-,,
-2.316,-1.807,8,S,111(E1),A,-1.912,5
-2.72,-2.484,8,S,111(E1),C,-2.749,4
-7.021,-7.536,4,S,111(E1),D,-8,2
-3.399,-3.8,6,S,111(E1),E,-2.71,2
-6.974,-7.526,4,S,111(E1),F,-8,2
0.5121,0.1048,6,S,111(E1),G,,
-11.35,-7.735,3,S,111(E1),H,-8,1
-3.676,-4.348,13,S,111(E1),I,-4.72,6
-5.604,-6.965,3,S,111(E1),K,-7.325,2
-3.229,-3.46,6,S,111(E1),L,-4.72,4
-0.7037,-0.2547,10,S,111(E1),M,-0.5003,1
-7.421,-7.601,15,S,111(E1),N,-8,5
1.813,0.2221,5,S,111(E1),P,,
-2.392,-1.925,4,S,111(E1),Q,-1.341,2
-3.289,-3.579,9,S,111(E1),R,-3.839,2
0,0,,S,111(E1),S,0,
-1.628,-0.9288,12,S,111(E1),T,-1.19,6
-2.795,-2.621,8,S,111(E1),V,-3.233,4
-7.572,-7.62,11,S,111(E1),W,-8,8
-5.206,-6.639,6,S,111(E1),Y,-6.321,2
-5.001,-6.43,3,E,112(E1),*,,
-0.2078,-0.05911,2,E,112(E1),-,,
-0.2155,-0.06153,9,E,112(E1),A,-0.063,3
-2.558,-2.2,8,E,112(E1),C,-2.522,5
-1.2,-0.5557,9,E,112(E1),D,-0.8349,4
0,0,,E,112(E1),E,0,
-0.3268,-0.09845,8,E,112(E1),F,0.3889,4
0.4269,0.09069,6,E,112(E1),G,1.482,1
1.442,0.2021,7,E,112(E1),H,0.02102,5
-1.393,-0.7091,4,E,112(E1),I,-0.1246,1
-3.758,-4.508,17,E,112(E1),K,-4.423,1
-3.127,-3.258,6,E,112(E1),L,-2.549,3
-1.767,-1.078,3,E,112(E1),M,-1.56,2
-1.452,-0.7613,3,E,112(E1),N,-1.307,2
-1.345,-0.6684,6,E,112(E1),P,-1.173,2
0.9072,0.157,10,E,112(E1),Q,-0.2983,6
-4.896,-6.311,4,E,112(E1),R,-6.858,2
0.8241,0.1476,4,E,112(E1),S,-0.5523,1
-1.972,-1.322,8,E,112(E1),T,-1.026,3
-1.19,-0.548,8,E,112(E1),V,-1.614,5
-0.6925,-0.2493,5,E,112(E1),W,-0.6136,3
3.268,0.2564,4,E,112(E1),Y,1.686,3
-4.497,-5.784,3,S,113(E1),-,,
-1.73,-1.036,7,S,113(E1),A,-1.873,3
-3.068,-3.141,5,S,113(E1),C,-3.436,3
-7.186,-7.566,5,S,113(E1),D,-8,3
-7.284,-7.581,8,S,113(E1),E,-8,4
-7.381,-7.596,9,S,113(E1),F,-8,5
0.1086,0.02663,6,S,113(E1),G,0.1656,3
-7.009,-7.533,5,S,113(E1),H,-8,1
-5.874,-7.134,11,S,113(E1),I,-8,6
-7.769,-7.641,7,S,113(E1),K,-8,2
-6.934,-7.518,10,S,113(E1),L,-8,1
-4.403,-5.641,4,S,113(E1),M,,
-6.842,-7.497,17,S,113(E1),N,-8,3
-6.713,-7.465,26,S,113(E1),P,-8,12
-6.562,-7.423,3,S,113(E1),Q,-8,1
-6.577,-7.427,12,S,113(E1),R,-8,5
0,0,,S,113(E1),S,0,
-5.577,-6.946,6,S,113(E1),T,-8,3
-2.557,-2.198,8,S,113(E1),V,-1.969,5
-6.808,-7.489,4,S,113(E1),W,-8,1
-6.345,-7.35,4,S,113(E1),Y,-7.816,1
-6.527,-7.412,2,C,114(E1),*,,
-0.3497,-0.1065,1,C,114(E1),-,,
-8.32,-7.682,11,C,114(E1),A,-8,6
0,0,,C,114(E1),C,0,
-7.2,-7.568,7,C,114(E1),D,-8,3
-7.039,-7.539,6,C,114(E1),E,-8,2
-8.981,-7.709,16,C,114(E1),F,-8,4
-5.619,-6.976,4,C,114(E1),G,,
-7.185,-7.566,4,C,114(E1),H,-8,3
-5.95,-7.175,7,C,114(E1),I,-8,3
-7.615,-7.625,6,C,114(E1),K,-8,4
-5.607,-6.968,6,C,114(E1),L,-8,1
-6.175,-7.282,6,C,114(E1),M,-7.007,2
-6.834,-7.495,6,C,114(E1),N,-8,6
-6.427,-7.379,5,C,114(E1),P,-8,4
-7.454,-7.606,7,C,114(E1),Q,-8,6
-7.213,-7.57,11,C,114(E1),R,-8,2
-10.65,-7.732,10,C,114(E1),S,-8,6
-6.251,-7.314,6,C,114(E1),T,-8,2
-6.321,-7.341,8,C,114(E1),V,-8,3
-7.295,-7.583,3,C,114(E1),W,-8,2
-9.745,-7.724,61,C,114(E1),Y,-8,10
-4.725,-6.101,1,K,115(E1),*,,
0.3456,0.07612,1,K,115(E1),-,,
-2.703,-2.452,4,K,115(E1),A,-2.756,2
-0.6903,-0.2483,4,K,115(E1),C,-0.3845,3
-2.095,-1.485,6,K,115(E1),D,-1.271,5
-1.812,-1.128,5,K,115(E1),E,-2.417,1
0.3615,0.07905,5,K,115(E1),F,0.04236,3
-0.6111,-0.2114,4,K,115(E1),G,-0.5833,2
-1.283,-0.6184,5,K,115(E1),H,-0.5719,5
-2.442,-2.006,5,K,115(E1),I,-2.96,3
0,0,,K,115(E1),K,0,
-2.361,-1.876,7,K,115(E1),L,-1.929,3
-1.908,-1.243,5,K,115(E1),M,-1.861,3
-3.232,-3.465,9,K,115(E1),N,-3.567,3
1.545,0.2084,9,K,115(E1),P,-1.691,5
-2.34,-1.843,4,K,115(E1),Q,-2.144,4
2.525,0.2448,8,K,115(E1),R,-0.2436,3
-1.202,-0.5567,8,K,115(E1),S,-0.933,5
-3.37,-3.741,6,K,115(E1),T,-8,3
-1.482,-0.7878,6,K,115(E1),V,-2.847,1
-2.496,-2.095,10,K,115(E1),W,-2.054,6
-1.562,-0.8635,6,K,115(E1),Y,-1.264,2
0.3692,0.08046,1,T,116(E1),-,,
-2.24,-1.691,3,T,116(E1),A,,
-1.939,-1.282,6,T,116(E1),C,-1.586,2
-5.9,-7.148,5,T,116(E1),D,-8,3
-1.931,-1.271,3,T,116(E1),E,-1.568,1
-2.854,-2.73,6,T,116(E1),F,-2.9,3
-1.737,-1.044,6,T,116(E1),G,-1.244,3
-1.835,-1.156,4,T,116(E1),H,-1.444,2
-2.53,-2.152,15,T,116(E1),I,-2.909,6
-1.835,-1.155,1,T,116(E1),K,,
-1.637,-0.9388,3,T,116(E1),L,-1.67,1
-1.761,-1.071,7,T,116(E1),M,-1.54,3
-0.9861,-0.4105,6,T,116(E1),N,-0.3234,3
-6.832,-7.495,8,T,116(E1),P,-8,4
-2.38,-1.906,7,T,116(E1),Q,-2.314,3
-3.084,-3.172,5,T,116(E1),R,-3.22,3
0.1921,0.04534,5,T,116(E1),S,-0.6308,3
0,0,,T,116(E1),T,0,
0.9964,0.1662,5,T,116(E1),V,-1.376,3
-0.7386,-0.272,7,T,116(E1),W,-2.511,1
-2.44,-2.003,9,T,116(E1),Y,-2.951,5
-9.254,-7.716,6,E,117(E1),*,,
-6.722,-7.468,11,E,117(E1),A,-8,6
-7.225,-7.572,9,E,117(E1),C,-8,3
-8.292,-7.68,10,E,117(E1),D,-8,7
0,0,,E,117(E1),E,0,
-6.376,-7.361,9,E,117(E1),F,-8,6
-7.179,-7.565,4,E,117(E1),G,-8,3
-5.497,-6.887,5,E,117(E1),H,-6.669,1
-7.35,-7.591,7,E,117(E1),I,-8,3
-7.06,-7.543,21,E,117(E1),K,-8,8
-8.254,-7.678,10,E,117(E1),L,-8,3
-4.795,-6.189,8,E,117(E1),M,-6.492,4
-3.51,-4.021,5,E,117(E1),N,,
-8.575,-7.694,9,E,117(E1),P,-8,6
-3.542,-4.084,13,E,117(E1),Q,-4.476,7
-7.541,-7.616,5,E,117(E1),R,-8,2
-7.137,-7.557,10,E,117(E1),S,-8,4
-6.289,-7.329,6,E,117(E1),T,-8,4
-9.294,-7.716,7,E,117(E1),V,-8,4
-6.857,-7.501,2,E,117(E1),W,-8,1
-7.519,-7.614,11,E,117(E1),Y,-8,6
-6.693,-7.46,3,F,118(E1),A,-8,1
-6.012,-7.207,7,F,118(E1),C,-8,3
-7.172,-7.563,5,F,118(E1),D,-8,4
-6.248,-7.313,5,F,118(E1),E,-8,4
0,0,,F,118(E1),F,0,
-5.312,-6.736,1,F,118(E1),G,,
-1.988,-1.343,2,F,118(E1),H,-3.841,1
-4.198,-5.308,8,F,118(E1),I,-4.335,2
-1.789,-1.103,6,F,118(E1),K,-2.195,1
-2.576,-2.23,6,F,118(E1),L,-2.53,2
-3.84,-4.665,10,F,118(E1),M,-6.092,2
-3.686,-4.369,6,F,118(E1),N,-4.734,2
-7.721,-7.636,6,F,118(E1),P,-8,4
-3.288,-3.577,6,F,118(E1),Q,-3.546,3
-3.079,-3.163,4,F,118(E1),R,-4.046,1
-4.01,-4.979,4,F,118(E1),S,-3.54,2
-7.301,-7.584,9,F,118(E1),T,-8,3
-3.164,-3.331,14,F,118(E1),V,-2.349,5
-0.3697,-0.1137,3,F,118(E1),W,-2.247,1
-1.297,-0.6301,3,F,118(E1),Y,-0.6397,2
0,0,,A,119(E1),A,0,
-6.16,-7.276,5,A,119(E1),C,-8,3
-7.229,-7.573,9,A,119(E1),D,-8,5
-6.66,-7.451,5,A,119(E1),E,-8,1
-8.001,-7.661,4,A,119(E1),F,-8,1
-2.536,-2.162,6,A,119(E1),G,-3.64,3
-3.816,-4.618,1,A,119(E1),H,-4.949,1
-7.351,-7.591,8,A,119(E1),I,-8,4
-7.236,-7.574,9,A,119(E1),K,-8,5
-7.566,-7.619,5,A,119(E1),L,-8,5
-5.251,-6.681,5,A,119(E1),M,-6.535,3
-7.218,-7.571,6,A,119(E1),N,-8,3
-4.007,-4.974,6,A,119(E1),P,-5.311,4
-3.579,-4.158,2,A,119(E1),Q,,
-7.681,-7.632,9,A,119(E1),R,-8,6
-2.878,-2.777,12,A,119(E1),S,-2.361,4
-8.875,-7.705,26,A,119(E1),T,-8,7
-2.19,-1.618,31,A,119(E1),V,0.03628,4
-6.509,-7.406,6,A,119(E1),W,-8,3
-6.92,-7.515,6,A,119(E1),Y,-8,2
2.137,0.2344,5,S,120(E1),A,0.4554,4
0.4008,0.08613,5,S,120(E1),C,-0.2224,2
-5.653,-6.999,12,S,120(E1),D,-8,9
-1.99,-1.346,9,S,120(E1),E,-1.31,4
-1.372,-0.6916,6,S,120(E1),F,-0.9591,3
0.222,0.0517,12,S,120(E1),G,0.03755,4
-1.485,-0.7909,8,S,120(E1),H,-0.8232,4
-0.7794,-0.2929,9,S,120(E1),I,-0.4973,5
-2.301,-1.783,4,S,120(E1),K,-2.098,4
-1.066,-0.4616,7,S,120(E1),L,-0.7457,5
-1.596,-0.8974,5,S,120(E1),M,-0.7087,3
-1.773,-1.084,13,S,120(E1),N,-2.148,1
-6.968,-7.525,6,S,120(E1),P,-8,2
-0.9511,-0.3892,5,S,120(E1),Q,-0.7638,2
-1.043,-0.4464,10,S,120(E1),R,-0.0696,4
0,0,,S,120(E1),S,0,
-1.049,-0.4506,5,S,120(E1),T,-0.6102,2
-0.1377,-0.03789,3,S,120(E1),V,-0.02733,1
-2.356,-1.869,3,S,120(E1),W,-1.845,1
-1.943,-1.286,3,S,120(E1),Y,-2.307,1
-0.8699,-0.3419,1,A,121(E1),-,,
0,0,,A,121(E1),A,0,
-0.5098,-0.1678,5,A,121(E1),C,-0.2407,3
-6.363,-7.357,15,A,121(E1),D,-8,5
-7.137,-7.557,4,A,121(E1),E,-8,3
-7.097,-7.55,5,A,121(E1),F,-8,2
-2.461,-2.037,10,A,121(E1),G,-2.483,6
-6.138,-7.266,8,A,121(E1),H,-8,3
-7.271,-7.58,1,A,121(E1),I,,
-7.211,-7.57,6,A,121(E1),K,-8,3
-4.072,-5.091,7,A,121(E1),L,-5.17,4
-5.661,-7.004,6,A,121(E1),M,-5.161,2
-6.72,-7.467,9,A,121(E1),N,-8,3
-7.308,-7.585,8,A,121(E1),P,-8,4
-6.523,-7.411,7,A,121(E1),Q,-8,5
-6.995,-7.53,8,A,121(E1),R,-8,6
-1.567,-0.8689,12,A,121(E1),S,0.6001,3
-0.7683,-0.2871,29,A,121(E1),T,-0.3036,8
-3.132,-3.267,10,A,121(E1),V,-2.998,2
-5.926,-7.163,7,A,121(E1),W,-7.945,2
-7.215,-7.571,7,A,121(E1),Y,-8,3
-1.704,-1.009,1,Y,122(E1),-,,
-1.818,-1.135,7,Y,122(E1),A,-1.662,5
-1.487,-0.7929,9,Y,122(E1),C,-0.8397,6
-8.342,-7.683,9,Y,122(E1),D,-8,6
-8.069,-7.666,10,Y,122(E1),E,-7.847,1
-1.471,-0.7777,6,Y,122(E1),F,-0.7759,5
-7.197,-7.568,4,Y,122(E1),G,-8,3
-1.382,-0.7001,21,Y,122(E1),H,-0.1665,7
-1.5,-0.8048,8,Y,122(E1),I,-0.809,3
-9.473,-7.72,6,Y,122(E1),K,-8,2
-1.61,-0.9113,8,Y,122(E1),L,-0.1997,5
-1.886,-1.216,5,Y,122(E1),M,0.2384,1
-1.972,-1.323,11,Y,122(E1),N,-2.2,2
-5.908,-7.153,4,Y,122(E1),P,-8,3
-1.812,-1.128,6,Y,122(E1),Q,-0.5842,3
-7.038,-7.539,10,Y,122(E1),R,-8,7
-2.224,-1.668,6,Y,122(E1),S,-1.741,3
-4.027,-5.011,8,Y,122(E1),T,-5.134,4
-1.649,-0.9502,8,Y,122(E1),V,-0.7732,4
-1.822,-1.14,4,Y,122(E1),W,-1.445,4
0,0,,Y,122(E1),Y,0,
-4.073,-5.092,2,R,123(E1),*,,
-0.8686,-0.3412,1,R,123(E1),-,,
-1.994,-1.351,8,R,123(E1),A,-1.457,4
1.249,0.1885,4,R,123(E1),C,-3.015,2
-3.201,-3.404,6,R,123(E1),D,-3.503,4
-1.529,-0.8315,3,R,123(E1),E,-1.126,1
-0.6647,-0.236,9,R,123(E1),F,-1.364,3
-1.044,-0.4473,14,R,123(E1),G,-1.257,4
-1.556,-0.8582,11,R,123(E1),H,-0.9958,7
-0.865,-0.3391,11,R,123(E1),I,-0.1767,3
0.5023,0.1032,14,R,123(E1),K,0.3892,5
-1.271,-0.6098,6,R,123(E1),L,-0.05245,4
-0.7189,-0.2622,3,R,123(E1),M,,
-0.6334,-0.2215,7,R,123(E1),N,-0.7731,5
-6.913,-7.513,17,R,123(E1),P,-8,13
2.155,0.235,13,R,123(E1),Q,-0.3152,6
0,0,,R,123(E1),R,0,
-1.356,-0.6778,14,R,123(E1),S,-1.285,9
-2.012,-1.375,8,R,123(E1),T,-1.537,5
-1.074,-0.4673,5,R,123(E1),V,-0.6497,4
-1.964,-1.313,5,R,123(E1),W,-1.809,4
-1.41,-0.7241,5,R,123(E1),Y,-0.7503,3
-1.683,-0.9865,3,A,124(E1),-,,
0,0,,A,124(E1),A,0,
-0.2493,-0.07236,6,A,124(E1),C,-0.3737,5
-7.779,-7.642,8,A,124(E1),D,-8,3
-6.217,-7.3,3,A,124(E1),E,-7.744,1
-6.156,-7.274,12,A,124(E1),F,-8,8
-1.877,-1.206,4,A,124(E1),G,-1.473,2
-7.629,-7.627,5,A,124(E1),H,-8,3
-3.29,-3.581,3,A,124(E1),I,-3.004,2
-5.342,-6.763,4,A,124(E1),K,-6.989,1
-1.965,-1.314,6,A,124(E1),L,-2.173,2
-6.9,-7.511,4,A,124(E1),M,-8,2
-7.491,-7.61,6,A,124(E1),N,-8,2
-3.887,-4.753,6,A,124(E1),P,-4.269,4
-1.456,-0.7642,4,A,124(E1),Q,-0.1309,1
-7.391,-7.597,7,A,124(E1),R,-8,5
-0.8545,-0.3333,8,A,124(E1),S,-0.06775,4
-1.775,-1.087,17,A,124(E1),T,-0.8982,5
-0.7051,-0.2554,13,A,124(E1),V,-0.6517,5
-7.087,-7.548,9,A,124(E1),W,-8,7
-7.859,-7.649,7,A,124(E1),Y,-8,2
-1.048,-0.45,3,H,125(E1),-,,
-4.734,-6.112,2,H,125(E1),A,,
-6.519,-7.409,2,H,125(E1),C,-8,1
-6.781,-7.483,10,H,125(E1),D,-8,7
-2.302,-1.785,9,H,125(E1),E,-1.641,4
-3.534,-4.069,7,H,125(E1),F,-4.101,6
-7.442,-7.604,4,H,125(E1),G,-8,2
0,0,,H,125(E1),H,0,
0.3349,0.07412,7,H,125(E1),I,0.35,3
-1.566,-0.8676,7,H,125(E1),K,-0.5679,3
-2.697,-2.442,5,H,125(E1),L,-3.043,2
-0.8591,-0.3359,10,H,125(E1),M,-0.2539,7
-2.353,-1.864,10,H,125(E1),N,-1.834,5
-7.191,-7.567,9,H,125(E1),P,-8,5
-1.541,-0.8436,8,H,125(E1),Q,-0.6948,4
-0.5935,-0.2035,7,H,125(E1),R,-0.9018,4
-2.817,-2.662,4,H,125(E1),S,-3.261,2
-0.6168,-0.214,5,H,125(E1),T,-0.6053,3
-2.863,-2.748,1,H,125(E1),V,-3.168,1
-2.199,-1.632,5,H,125(E1),W,-1.484,3
-3.695,-4.386,13,H,125(E1),Y,-4.505,5
-1.069,-0.4639,3,T,126(E1),-,,
-7.459,-7.606,10,T,126(E1),A,-8,3
-4.222,-5.349,4,T,126(E1),C,-6.329,4
-6.561,-7.422,7,T,126(E1),D,-8,4
-6.699,-7.462,2,T,126(E1),E,-8,1
-7.058,-7.543,4,T,126(E1),F,-8,2
-7.01,-7.534,4,T,126(E1),G,-8,2
-7.418,-7.601,6,T,126(E1),H,-8,5
-0.5176,-0.171,10,T,126(E1),I,-0.3548,2
-5.975,-7.188,7,T,126(E1),K,-8,6
-3.059,-3.124,5,T,126(E1),L,-3.471,2
-5.447,-6.848,7,T,126(E1),M,-7.394,2
-7.017,-7.535,4,T,126(E1),N,-8,2
-5.221,-6.654,2,T,126(E1),P,-7.037,1
-6.977,-7.527,8,T,126(E1),Q,-8,3
-7.189,-7.566,7,T,126(E1),R,-8,3
-1.089,-0.4771,10,T,126(E1),S,-0.9709,8
0,0,,T,126(E1),T,0,
-2.197,-1.628,4,T,126(E1),V,-2.602,2
-5.176,-6.611,7,T,126(E1),W,-6.975,3
-5.419,-6.826,8,T,126(E1),Y,-8,4
-3.262,-3.525,5,A,127(E1),-,,
0,0,,A,127(E1),A,0,
-4.617,-5.955,3,A,127(E1),C,-6.668,2
-3.346,-3.693,14,A,127(E1),D,-4.286,9
-4.387,-5.615,2,A,127(E1),E,-5.312,1
-6.285,-7.327,8,A,127(E1),F,-8,5
-1.333,-0.6587,7,A,127(E1),G,-0.9836,6
-8.048,-7.664,5,A,127(E1),H,-8,2
-7.228,-7.573,5,A,127(E1),I,-8,4
-6.972,-7.526,5,A,127(E1),K,-8,1
-7.049,-7.541,3,A,127(E1),L,-8,2
-6.811,-7.49,12,A,127(E1),M,-8,8
-5.607,-6.967,7,A,127(E1),N,-7.516,6
-7.371,-7.594,6,A,127(E1),P,-8,4
-7.218,-7.571,6,A,127(E1),Q,-8,4
-5.889,-7.142,7,A,127(E1),R,-7.358,2
-0.1955,-0.05531,8,A,127(E1),S,0.246,3
-6.253,-7.315,18,A,127(E1),T,-8,4
-8.946,-7.708,9,A,127(E1),V,-8,1
-8.646,-7.697,11,A,127(E1),W,-8,5
-5.253,-6.683,5,A,127(E1),Y,-6.379,2
-2.694,-2.437,5,S,128(E1),-,,
-1.206,-0.5597,3,S,128(E1),A,-0.1603,1
0.2553,0.05856,3,S,128(E1),C,-0.04997,3
0.243,0.05604,3,S,128(E1),D,-0.1896,2
4.015,0.2619,6,S,128(E1),E,-0.4388,5
-0.9221,-0.3719,6,S,128(E1),F,0.2282,4
0.06674,0.01669,6,S,128(E1),G,-0.2511,5
0.8846,0.1545,4,S,128(E1),H,-0.354,2
1.239,0.1877,8,S,128(E1),I,-0.4184,4
0.4935,0.1018,3,S,128(E1),K,0.2906,2
0.6462,0.1248,7,S,128(E1),L,0.5512,5
1.681,0.2158,9,S,128(E1),M,0.8237,6
-1.04,-0.4447,3,S,128(E1),N,,
-7.436,-7.603,11,S,128(E1),P,-8,4
0.2172,0.05069,5,S,128(E1),Q,-0.6321,3
2.152,0.2349,9,S,128(E1),R,-0.09066,7
0,0,,S,128(E1),S,0,
0.6293,0.1224,17,S,128(E1),T,0.2153,5
0.2776,0.06304,9,S,128(E1),V,-0.02041,6
1.367,0.1971,4,S,128(E1),Y,1.03,1
0.008672,0.002228,2,A,129(E1),-,,
0,0,,A,129(E1),A,0,
-1.776,-1.087,1,A,129(E1),C,,
-3.412,-3.825,9,A,129(E1),D,-3.783,2
-1.469,-0.7766,3,A,129(E1),E,-0.412,2
-1.528,-0.831,6,A,129(E1),F,-0.8218,5
4.303,0.2631,7,A,129(E1),G,-0.7973,3
-1.184,-0.5434,8,A,129(E1),H,-1.007,7
-1.111,-0.4923,4,A,129(E1),I,-0.2707,3
-0.2971,-0.08821,5,A,129(E1),K,-0.3708,4
-0.5796,-0.1974,2,A,129(E1),L,-0.2745,1
1.493,0.2053,8,A,129(E1),M,0.2053,6
-1.303,-0.6344,3,A,129(E1),N,-0.9731,3
-7.319,-7.587,7,A,129(E1),P,-8,4
-1.976,-1.328,6,A,129(E1),Q,-1.861,4
-5.87,-7.132,2,A,129(E1),R,-8,1
-1.107,-0.4893,9,A,129(E1),S,0.1115,2
-1.416,-0.7294,16,A,129(E1),T,-0.09282,6
0.6216,0.1213,30,A,129(E1),V,-0.5999,5
-5.398,-6.809,4,A,129(E1),W,-7.16,2
1.98,0.2289,2,A,129(E1),Y,0.7179,1
0.08208,0.02038,2,S,130(E1),-,,
-0.4677,-0.1508,6,S,130(E1),A,-0.9039,4
-2.441,-2.004,4,S,130(E1),C,-0.7704,1
-1.652,-0.9538,4,S,130(E1),D,-0.9789,4
-0.9031,-0.3608,10,S,130(E1),F,-1.754,3
-0.04215,-0.01109,5,S,130(E1),G,-0.6853,3
0.4257,0.09048,3,S,130(E1),I,-0.9375,1
0.8221,0.1473,4,S,130(E1),K,-0.1732,2
-1.617,-0.9184,8,S,130(E1),L,-0.9503,6
-1.224,-0.5736,13,S,130(E1),M,-0.4113,10
8.406,0.2668,3,S,130(E1),N,-1.637,2
-4.216,-5.34,11,S,130(E1),P,-5.221,6
-0.5844,-0.1995,6,S,130(E1),Q,-0.6096,3
-1.578,-0.8795,5,S,130(E1),R,-0.3417,4
0,0,,S,130(E1),S,0,
-0.7242,-0.2649,13,S,130(E1),T,-0.2088,6
-1.671,-0.974,5,S,130(E1),V,-1.26,3
2.136,0.2344,4,S,130(E1),W,-0.5926,2
-0.6689,-0.238,13,S,130(E1),Y,-0.3325,6
-3.512,-4.025,3,A,131(E1),-,,
0,0,,A,131(E1),A,0,
-1.317,-0.6462,5,A,131(E1),C,-0.9011,4
-6.115,-7.256,8,A,131(E1),D,-8,3
-7.487,-7.61,8,A,131(E1),E,-8,6
-0.7617,-0.2838,3,A,131(E1),F,-0.6101,3
-2.37,-1.89,4,A,131(E1),G,-2.215,3
-6.42,-7.377,8,A,131(E1),H,-8,3
-6.715,-7.466,2,A,131(E1),I,-8,1
-7.309,-7.585,4,A,131(E1),K,-8,4
-2.564,-2.209,8,A,131(E1),L,-2.762,6
0.8922,0.1553,6,A,131(E1),M,0.3926,3
-7.203,-7.569,5,A,131(E1),N,-8,3
-6.875,-7.505,10,A,131(E1),P,-8,7
-4.37,-5.59,8,A,131(E1),Q,-6.492,3
-6.304,-7.335,4,A,131(E1),R,-8,4
0.7019,0.1323,5,A,131(E1),S,,
-2.354,-1.865,33,A,131(E1),T,-2.618,5
-4.462,-5.732,5,A,131(E1),V,,
-6.068,-7.234,2,A,131(E1),W,-5.946,1
-4.308,-5.491,5,A,131(E1),Y,-6.018,2
0.4262,0.09057,2,K,132(E1),-,,
-0.8769,-0.3458,5,K,132(E1),A,-0.7612,3
2.642,0.2472,5,K,132(E1),C,-1.463,2
-2.655,-2.367,10,K,132(E1),D,-2.448,5
-2.628,-2.319,2,K,132(E1),E,-2.62,2
-1.428,-0.7392,7,K,132(E1),F,-0.6304,4
-1.766,-1.077,9,K,132(E1),G,-1.066,6
-0.9133,-0.3668,4,K,132(E1),H,-0.2962,3
-2.61,-2.288,10,K,132(E1),I,-2.535,5
0,0,,K,132(E1),K,0,
-1.38,-0.6985,8,K,132(E1),L,-0.8063,4
-1.956,-1.303,5,K,132(E1),M,-1.687,1
-1.28,-0.6167,11,K,132(E1),N,-0.8122,5
-7.731,-7.637,12,K,132(E1),P,-8,8
-1.435,-0.7455,6,K,132(E1),Q,-0.912,2
-0.3931,-0.1223,8,K,132(E1),R,-0.9443,3
-0.6204,-0.2156,7,K,132(E1),S,-0.2917,5
-1.667,-0.9691,7,K,132(E1),T,-0.7188,3
-1.962,-1.311,12,K,132(E1),V,-1.108,6
-0.4382,-0.1393,8,K,132(E1),W,-1.205,6
-0.919,-0.3701,9,K,132(E1),Y,-0.7399,4
0.4153,0.08867,2,L,133(E1),-,,
-0.8359,-0.323,6,L,133(E1),A,-1.17,3
-2.65,-2.358,5,L,133(E1),C,-2.598,4
-6.888,-7.508,4,L,133(E1),D,-8,2
-6.651,-7.448,7,L,133(E1),E,-8,6
-1.453,-0.7622,9,L,133(E1),F,-0.8367,6
-7.007,-7.533,5,L,133(E1),G,-8,2
-5.673,-7.012,4,L,133(E1),H,-7.406,2
-0.179,-0.05023,6,L,133(E1),I,-0.2243,3
-7.199,-7.568,6,L,133(E1),K,-8,3
0,0,,L,133(E1),L,0,
0.8321,0.1485,5,L,133(E1),M,-3.824,1
-7.92,-7.654,5,L,133(E1),N,-8,3
-7.486,-7.61,20,L,133(E1),P,-8,6
-7.285,-7.582,7,L,133(E1),Q,-8,4
-7.783,-7.642,6,L,133(E1),R,-8,3
-5.549,-6.926,3,L,133(E1),S,-6.234,2
-4.247,-5.391,11,L,133(E1),T,-5.457,6
0.6672,0.1277,6,L,133(E1),V,-0.1058,4
-1.731,-1.038,9,L,133(E1),W,-1.298,5
-2.7,-2.448,2,L,133(E1),Y,-2.767,1
-5.063,-6.497,1,R,134(E1),*,,
-4.243,-5.384,5,R,134(E1),A,-6.071,4
-3.83,-4.645,5,R,134(E1),C,-4.395,3
-6.195,-7.291,7,R,134(E1),D,-8,5
-6.239,-7.309,4,R,134(E1),E,-8,4
-3.794,-4.576,10,R,134(E1),F,-4.89,6
-5.205,-6.638,9,R,134(E1),G,-6.899,3
-2.641,-2.343,6,R,134(E1),H,-2.642,4
-3.112,-3.229,19,R,134(E1),I,-3.172,6
-1.981,-1.334,13,R,134(E1),K,0.4167,5
-2.295,-1.774,10,R,134(E1),L,-1.976,5
-2.824,-2.675,6,R,134(E1),M,-2.109,2
-4.805,-6.202,5,R,134(E1),N,-4.977,2
-6.284,-7.327,9,R,134(E1),P,-8,3
-1.839,-1.16,9,R,134(E1),Q,-0.4924,3
0,0,,R,134(E1),R,0,
-3.177,-3.355,8,R,134(E1),S,-3.753,3
-2.764,-2.564,8,R,134(E1),T,-2.742,5
-3.118,-3.239,8,R,134(E1),V,-3.052,5
-2.664,-2.383,3,R,134(E1),W,-2.798,2
-4.328,-5.523,3,R,134(E1),Y,-5.621,1
-0.7187,-0.2621,12,V,135(E1),A,-0.06995,6
-1.792,-1.106,7,V,135(E1),C,-0.5143,3
-6.541,-7.416,8,V,135(E1),D,-8,6
-7.747,-7.639,12,V,135(E1),E,-8,9
-2.419,-1.968,6,V,135(E1),F,-1.84,3
-7.315,-7.586,6,V,135(E1),G,-8,4
-7.393,-7.597,12,V,135(E1),H,-8,4
1.082,0.1744,6,V,135(E1),I,-1.705,3
-7.228,-7.573,5,V,135(E1),K,-8,3
1.953,0.2279,6,V,135(E1),L,0.4369,1
-1.393,-0.7095,18,V,135(E1),M,-2.312,4
-9.392,-7.718,14,V,135(E1),N,-8,8
-5.933,-7.166,8,V,135(E1),P,-8,6
-5.887,-7.142,6,V,135(E1),Q,-7.315,3
-6.94,-7.519,5,V,135(E1),R,-8,2
-5.812,-7.099,8,V,135(E1),S,-7.119,2
-1.794,-1.108,23,V,135(E1),T,-1.664,13
0,0,,V,135(E1),V,0,
-2.506,-2.11,3,V,135(E1),W,-2.274,2
-2.933,-2.88,18,V,135(E1),Y,-2.63,6
-0.4663,-0.1503,5,L,136(E1),A,-0.7246,2
-0.9292,-0.3761,7,L,136(E1),C,0.8881,3
-4.19,-5.296,5,L,136(E1),D,-3.969,2
-1.53,-0.8329,9,L,136(E1),E,-0.3863,5
-2.374,-1.896,5,L,136(E1),F,-2.484,1
-0.1768,-0.04958,4,L,136(E1),G,-0.6914,3
0.001452,0.0003745,5,L,136(E1),H,-1.223,2
-1.318,-0.6464,4,L,136(E1),I,,
0.6876,0.1304,12,L,136(E1),K,-0.1323,5
0,0,,L,136(E1),L,0,
-0.5848,-0.1997,13,L,136(E1),M,-1.149,7
-1.172,-0.5354,6,L,136(E1),N,-0.7118,3
-7.015,-7.534,10,L,136(E1),P,-8,3
1.84,0.2232,10,L,136(E1),Q,-0.2438,5
-1.191,-0.5491,8,L,136(E1),R,0.2516,2
0.9297,0.1594,4,L,136(E1),S,0.5726,2
2.208,0.2366,5,L,136(E1),T,-3.381,2
-1.351,-0.6735,7,L,136(E1),V,-0.5517,1
-2.059,-1.436,3,L,136(E1),W,-1.755,1
-0.9273,-0.375,6,L,136(E1),Y,-0.6282,3
-8.842,-7.704,10,Y,137(E1),*,-8,2
-1.492,-0.7975,8,Y,137(E1),A,-0.7521,6
-2.87,-2.76,6,Y,137(E1),C,-3.082,2
-7.308,-7.585,7,Y,137(E1),D,-8,5
-6.695,-7.461,3,Y,137(E1),E,-8,1
0.2259,0.05251,10,Y,137(E1),F,-0.7323,5
-5.795,-7.089,5,Y,137(E1),G,-8,1
-1.839,-1.16,10,Y,137(E1),H,-0.3606,5
0.6445,0.1245,9,Y,137(E1),I,0.129,5
-3.649,-4.296,5,Y,137(E1),K,-4.222,4
-0.7446,-0.2751,6,Y,137(E1),L,-0.1718,2
-1.344,-0.6676,3,Y,137(E1),M,-1.437,3
-6.702,-7.462,3,Y,137(E1),N,-8,1
-7.665,-7.63,10,Y,137(E1),P,-8,5
-2.618,-2.303,7,Y,137(E1),Q,-1.884,4
-5.922,-7.16,6,Y,137(E1),R,-8,3
-2.094,-1.485,2,Y,137(E1),S,-2.463,2
1.724,0.2179,2,Y,137(E1),T,0.1902,2
-1.257,-0.5982,10,Y,137(E1),V,-0.03898,7
-0.5171,-0.1708,6,Y,137(E1),W,-0.2176,2
0,0,,Y,137(E1),Y,0,
-4.069,-5.085,6,Q,138(E1),*,,
-1.423,-0.7356,8,Q,138(E1),A,-0.6535,3
0.444,0.0936,6,Q,138(E1),C,0.2586,3
-1.002,-0.4206,7,Q,138(E1),D,0.8728,3
-1.882,-1.211,5,Q,138(E1),E,-0.01722,1
-1.012,-0.4267,8,Q,138(E1),F,-0.6007,8
0.1976,0.04653,6,Q,138(E1),G,-0.2389,3
-0.7735,-0.2899,16,Q,138(E1),H,0.09427,6
-2.783,-2.598,4,Q,138(E1),I,-1.475,2
0.5881,0.1164,14,Q,138(E1),K,-0.6866,4
2.581,0.246,7,Q,138(E1),L,0.406,3
-1.775,-1.086,5,Q,138(E1),M,-1.853,3
0.8655,0.1523,5,Q,138(E1),N,0.4624,3
-0.8843,-0.35,13,Q,138(E1),P,-0.2862,7
0,0,,Q,138(E1),Q,0,
1.086,0.1748,21,Q,138(E1),R,0.8734,5
-0.3787,-0.1169,7,Q,138(E1),S,-0.8483,3
-1.093,-0.4801,11,Q,138(E1),T,-0.253,8
0.4002,0.08602,6,Q,138(E1),V,-3.462,2
-0.04667,-0.01231,8,Q,138(E1),W,0.06616,2
-0.226,-0.06487,9,Q,138(E1),Y,-0.7563,4
-0.592,-0.2029,7,G,139(E1),A,0.1478,4
-0.5733,-0.1947,5,G,139(E1),C,-2.404,1
-1.822,-1.14,49,G,139(E1),D,-0.7573,11
-4.665,-6.02,4,G,139(E1),E,-5.586,1
-2.332,-1.831,6,G,139(E1),F,-1.78,3
0,0,,G,139(E1),G,0,
0.9193,0.1583,8,G,139(E1),H,-0.005216,3
-5.072,-6.507,5,G,139(E1),I,-6.84,3
-0.6927,-0.2494,6,G,139(E1),K,-0.8063,4
-2.329,-1.827,5,G,139(E1),L,-1.379,2
-1.456,-0.7643,6,G,139(E1),M,-0.9783,4
-0.9696,-0.4004,7,G,139(E1),N,-0.3328,2
-6.547,-7.418,5,G,139(E1),P,-8,5
-2.196,-1.628,4,G,139(E1),Q,-2.342,2
-1.733,-1.04,10,G,139(E1),R,0.5998,5
1.531,0.2076,16,G,139(E1),S,-0.8545,5
-0.6506,-0.2295,8,G,139(E1),T,-0.28,4
-3.468,-3.937,7,G,139(E1),V,-3.99,2
-2.862,-2.746,7,G,139(E1),W,-1.962,3
-2.066,-1.445,14,G,139(E1),Y,-1.224,8
0.1428,0.03449,4,N,140(E1),A,0.034,2
1.441,0.2021,6,N,140(E1),C,0.2828,1
0.2704,0.06161,6,N,140(E1),D,-0.6475,4
0.1574,0.03775,7,N,140(E1),E,-0.1871,4
-0.9686,-0.3998,10,N,140(E1),F,-0.2292,7
-0.6889,-0.2476,7,N,140(E1),G,-0.1422,5
-0.5642,-0.1907,10,N,140(E1),H,-0.2748,7
-1.014,-0.4284,12,N,140(E1),I,-0.143,2
1.885,0.2252,5,N,140(E1),K,0.8424,1
-1.25,-0.5932,7,N,140(E1),L,-0.3209,2
-0.135,-0.0371,9,N,140(E1),M,-0.5157,5
0,0,,N,140(E1),N,0,
-12.32,-7.737,9,N,140(E1),P,-8,7
0.05406,0.0136,5,N,140(E1),Q,0.06689,4
-0.03201,-0.008382,5,N,140(E1),R,0.6039,3
0.4771,0.09913,6,N,140(E1),S,0.9563,3
1.496,0.2055,5,N,140(E1),T,0.5989,2
0.004794,0.001234,4,N,140(E1),V,-3.754,2
-1.017,-0.4301,9,N,140(E1),W,-0.4499,7
2.205,0.2365,4,N,140(E1),Y,-0.6062,3
-2.231,-1.678,8,N,141(E1),A,-1.761,3
-7.638,-7.627,5,N,141(E1),C,-8,3
-1.879,-1.207,7,N,141(E1),D,-1.534,3
-3.352,-3.705,3,N,141(E1),E,-4.036,1
-3.407,-3.816,10,N,141(E1),F,-4.106,6
-6.746,-7.474,11,N,141(E1),G,-8,6
-2.39,-1.922,8,N,141(E1),H,-2.059,5
-3.267,-3.535,12,N,141(E1),I,-3.893,7
-2.763,-2.562,5,N,141(E1),K,-2.657,2
-3.58,-4.16,11,N,141(E1),L,-3.995,5
-2.91,-2.837,7,N,141(E1),M,-3.109,5
0,0,,N,141(E1),N,0,
-4.132,-5.195,9,N,141(E1),P,-5.124,7
-2.376,-1.9,12,N,141(E1),Q,-1.515,3
-2.516,-2.127,5,N,141(E1),R,-2.131,2
-2.238,-1.688,5,N,141(E1),S,-1.978,4
-2.682,-2.416,9,N,141(E1),T,-2.553,3
-2.553,-2.19,8,N,141(E1),V,-1.941,5
-3.121,-3.245,8,N,141(E1),W,-3.493,3
-1.953,-1.299,7,N,141(E1),Y,-1.889,5
0.6979,0.1318,11,V,142(E1),A,-0.1527,8
-1.256,-0.5978,9,V,142(E1),C,-0.8995,7
-1.77,-1.081,3,V,142(E1),D,-1.494,2
-1.899,-1.232,7,V,142(E1),E,-1.136,4
-0.4846,-0.1576,8,V,142(E1),F,-0.5223,5
-0.7801,-0.2933,6,V,142(E1),G,-0.4752,1
-1.63,-0.9309,9,V,142(E1),H,-1.207,5
-1.215,-0.5668,5,V,142(E1),I,-1.052,2
2.359,0.2409,7,V,142(E1),K,-0.1999,5
1.365,0.1969,12,V,142(E1),L,-0.7213,4
-0.8397,-0.3251,10,V,142(E1),M,0.4442,4
-2.443,-2.007,5,V,142(E1),N,-1.849,2
-4.171,-5.263,2,V,142(E1),P,-4.966,1
0.468,0.09762,5,V,142(E1),Q,-0.3184,3
-0.1405,-0.03871,6,V,142(E1),R,-0.0151,4
-3.939,-4.849,3,V,142(E1),S,,
-1.848,-1.171,4,V,142(E1),T,-1.836,2
0,0,,V,142(E1),V,0,
3.563,0.259,4,V,142(E1),W,-5.023,2
1.867,0.2244,9,V,142(E1),Y,-0.5214,5
-5.617,-6.974,17,T,143(E1),A,-7.021,6
-8.82,-7.704,6,T,143(E1),C,-8,3
-5.48,-6.874,7,T,143(E1),D,-6.006,2
-2.454,-2.025,7,T,143(E1),E,-2.069,6
-1.62,-0.921,9,T,143(E1),F,-0.9155,6
-7.286,-7.582,11,T,143(E1),G,-8,7
-2.962,-2.935,6,T,143(E1),H,-3.236,4
-2.242,-1.694,20,T,143(E1),I,-1.872,6
-4.16,-5.244,8,T,143(E1),K,-5.256,3
-2.723,-2.488,6,T,143(E1),L,-2.842,5
-2.089,-1.478,5,T,143(E1),M,-1.711,4
-0.9798,-0.4067,2,T,143(E1),N,-8,1
-7.201,-7.568,8,T,143(E1),P,-8,3
-3.418,-3.837,3,T,143(E1),Q,-3.759,1
-6.668,-7.453,8,T,143(E1),R,-8,2
-0.2079,-0.05914,7,T,143(E1),S,0.2973,4
0,0,,T,143(E1),T,0,
-2.305,-1.79,8,T,143(E1),V,-2.25,4
-3.486,-3.973,9,T,143(E1),W,-4.085,5
-1.969,-1.319,9,T,143(E1),Y,-1.418,5
-1.168,-0.5323,7,V,144(E1),A,-1.149,4
-1.693,-0.9967,8,V,144(E1),C,-0.4403,4
-5.925,-7.162,6,V,144(E1),D,-8,3
-2.299,-1.78,2,V,144(E1),E,,
-0.5562,-0.1873,2,V,144(E1),F,-0.4668,1
-4.366,-5.584,4,V,144(E1),G,-5.723,3
-6.043,-7.222,8,V,144(E1),H,-8,5
-0.1859,-0.05236,1,V,144(E1),I,,
-3.84,-4.664,7,V,144(E1),K,-4.819,4
2.251,0.2379,12,V,144(E1),L,-0.5367,5
-1.599,-0.9005,15,V,144(E1),M,-1.287,6
-5.917,-7.158,5,V,144(E1),N,-8,1
-7.307,-7.585,5,V,144(E1),P,-8,3
-2.589,-2.252,2,V,144(E1),Q,-2.557,1
-3.414,-3.828,11,V,144(E1),R,-3.618,7
-5.411,-6.82,5,V,144(E1),S,-8,3
-1.298,-0.631,3,V,144(E1),T,-1.477,1
0,0,,V,144(E1),V,0,
-0.4908,-0.1601,12,V,144(E1),W,-0.03981,5
-1.544,-0.8464,5,V,144(E1),Y,-0.9112,2
-0.7097,-0.2577,1,S,145(E1),-,,
0.5235,0.1066,1,S,145(E1),A,,
-1.647,-0.9488,9,S,145(E1),C,-0.9949,5
-1.396,-0.7117,5,S,145(E1),D,-1.062,4
-2.584,-2.245,8,S,145(E1),E,-5.474,2
-1.305,-0.6366,13,S,145(E1),F,-1.312,4
0.201,0.04725,5,S,145(E1),G,-0.3959,4
-1.022,-0.4332,5,S,145(E1),H,-0.166,2
-2.044,-1.417,3,S,145(E1),I,-1.715,3
-1.77,-1.081,5,S,145(E1),K,-0.4718,2
-0.2773,-0.08157,3,S,145(E1),L,-1.418,2
0.06298,0.01578,5,S,145(E1),M,-0.8095,3
2.87,0.2512,7,S,145(E1),N,-0.2122,4
-0.8757,-0.3452,8,S,145(E1),P,-0.05497,1
0.3499,0.07691,5,S,145(E1),Q,-1.074,2
2.186,0.2359,7,S,145(E1),R,-0.378,4
0,0,,S,145(E1),S,0,
-0.8773,-0.3461,9,S,145(E1),T,-0.07796,3
2.322,0.2399,4,S,145(E1),V,0.8048,3
-0.5895,-0.2018,7,S,145(E1),W,-0.3934,3
-0.5992,-0.2061,8,S,145(E1),Y,-0.9987,3
-1.2,-0.5554,2,A,146(E1),-,,
0,0,,A,146(E1),A,0,
2.766,0.2495,1,A,146(E1),C,1.753,1
-4.161,-5.245,4,A,146(E1),D,-5.027,2
-6.152,-7.272,1,A,146(E1),E,-8,1
-1.917,-1.254,5,A,146(E1),F,-1.492,2
1.449,0.2026,7,A,146(E1),G,-0.3135,4
-4.111,-5.159,8,A,146(E1),H,-5.109,3
-1.997,-1.355,6,A,146(E1),I,-1.156,3
-5.827,-7.108,8,A,146(E1),K,-8,3
-0.3253,-0.09791,2,A,146(E1),L,,
-0.5432,-0.1818,5,A,146(E1),M,-0.4601,2
-1.109,-0.4909,7,A,146(E1),N,-0.5863,5
-4.263,-5.417,6,A,146(E1),P,-6.082,2
-3.068,-3.142,1,A,146(E1),Q,,
-13.16,-7.737,10,A,146(E1),R,-8,7
-1.251,-0.5941,6,A,146(E1),S,-1.445,2
-1.695,-0.9987,43,A,146(E1),T,-0.753,8
0.3001,0.06746,10,A,146(E1),V,0.08155,4
-7.621,-7.626,4,A,146(E1),W,-8,3
-3.47,-3.941,5,A,146(E1),Y,-4.405,2
-6.768,-7.479,10,Y,147(E1),*,-8,1
-2.916,-2.848,10,Y,147(E1),A,-2.454,5
-6.563,-7.423,12,Y,147(E1),C,-8,4
-3.78,-4.55,9,Y,147(E1),D,-5.12,8
-3.187,-3.375,6,Y,147(E1),E,-3.647,4
-0.3477,-0.1058,5,Y,147(E1),F,0.2384,3
-3.802,-4.593,2,Y,147(E1),G,-5.552,1
-0.1621,-0.04514,11,Y,147(E1),H,-0.4304,5
-6.798,-7.487,3,Y,147(E1),I,-8,1
-6.474,-7.395,5,Y,147(E1),K,-8,3
-7.167,-7.563,5,Y,147(E1),L,-8,3
-3.004,-3.016,4,Y,147(E1),M,-2.6,1
-2.761,-2.559,7,Y,147(E1),N,-2.657,6
-5.981,-7.191,6,Y,147(E1),P,-7.681,4
-3.177,-3.355,7,Y,147(E1),Q,-3.412,7
-2.165,-1.583,5,Y,147(E1),R,-1.816,4
-2.86,-2.742,7,Y,147(E1),S,-2.95,4
-2.994,-2.996,5,Y,147(E1),T,-2.695,3
-5.142,-6.577,3,Y,147(E1),V,-6.964,2
0.7531,0.1389,5,Y,147(E1),W,-2.312,3
0,0,,Y,147(E1),Y,0,
-0.5412,-0.1809,1,A,148(E1),-,,
0,0,,A,148(E1),A,0,
-1.106,-0.4888,5,A,148(E1),C,-0.09118,1
-3.386,-3.774,18,A,148(E1),D,-4.012,6
-3.758,-4.508,4,A,148(E1),E,-4.918,2
-3.436,-3.873,11,A,148(E1),F,-3.701,7
-1.904,-1.238,8,A,148(E1),G,-0.02795,3
-6.759,-7.477,11,A,148(E1),H,-8,4
-1.34,-0.6648,5,A,148(E1),I,-1.53,3
-7.185,-7.566,10,A,148(E1),K,-8,8
-2.01,-1.371,10,A,148(E1),L,-0.5771,3
-1.043,-0.4466,4,A,148(E1),M,-0.6925,2
-3.025,-3.057,4,A,148(E1),N,-3.339,1
-1.905,-1.239,8,A,148(E1),P,-0.7527,4
-3.301,-3.604,7,A,148(E1),Q,-3.661,6
-6.885,-7.507,6,A,148(E1),R,-8,3
-2.084,-1.471,11,A,148(E1),S,-1.34,4
-1.027,-0.4366,25,A,148(E1),T,-0.1307,5
-0.9719,-0.4018,9,A,148(E1),V,-4.712,2
-6.246,-7.312,6,A,148(E1),W,-8,4
-5.359,-6.777,3,A,148(E1),Y,-7.108,2
-0.1541,-0.04273,1,N,149(E1),-,,
-2.743,-2.526,5,N,149(E1),A,-2.394,2
-1.834,-1.154,1,N,149(E1),C,-1.485,1
-1.72,-1.025,6,N,149(E1),D,-2.235,4
-1.793,-1.107,5,N,149(E1),E,-0.1256,2
-2.647,-2.353,8,N,149(E1),F,-2.342,5
0.7435,0.1377,2,N,149(E1),G,0.118,2
-3.96,-4.889,3,N,149(E1),H,-5.283,1
-2.699,-2.446,6,N,149(E1),I,-2.764,2
-1.757,-1.066,6,N,149(E1),K,-0.1738,2
-1.734,-1.041,6,N,149(E1),L,-2.471,2
-1.135,-0.5088,3,N,149(E1),M,-0.9506,2
0,0,,N,149(E1),N,0,
-3.76,-4.512,5,N,149(E1),P,-4.686,1
0.002251,0.0005806,6,N,149(E1),Q,0.2346,2
-1.67,-0.973,13,N,149(E1),R,-1.243,7
-1.882,-1.211,2,N,149(E1),S,-1.52,2
-2.26,-1.722,6,N,149(E1),T,-1.894,3
-1.805,-1.12,8,N,149(E1),V,-1.627,4
-1.182,-0.5424,6,N,149(E1),W,-0.6285,5
-3.231,-3.462,3,N,149(E1),Y,-3.806,1
-4.697,-6.063,2,G,150(E1),-,,
-0.8289,-0.3192,6,G,150(E1),A,,
-5.803,-7.094,9,G,150(E1),C,-8,1
-3.017,-3.042,16,G,150(E1),D,-2.987,6
-3.523,-4.046,5,G,150(E1),E,-4.063,4
-2.087,-1.475,5,G,150(E1),F,-2.742,2
0,0,,G,150(E1),G,0,
-3.468,-3.938,7,G,150(E1),H,-2.342,1
-4.193,-5.301,10,G,150(E1),I,-4.926,7
-5.905,-7.151,10,G,150(E1),K,-8,5
-6.367,-7.358,6,G,150(E1),L,-8,3
-2.716,-2.476,4,G,150(E1),M,-3.089,1
-4.077,-5.099,2,G,150(E1),N,,
-6.447,-7.386,12,G,150(E1),P,-8,8
-2.307,-1.793,9,G,150(E1),Q,-1.823,7
-6.243,-7.31,4,G,150(E1),R,-8,4
-2.598,-2.268,13,G,150(E1),S,-2.679,8
-3.569,-4.139,6,G,150(E1),T,-4.699,5
-5.814,-7.1,9,G,150(E1),V,-8,2
-3.813,-4.614,6,G,150(E1),W,-6.271,2
-3.421,-3.844,14,G,150(E1),Y,-3.579,5
-0.4876,-0.1588,6,D,151(E1),A,-0.8582,3
-2.804,-2.637,5,D,151(E1),C,-4.531,2
0,0,,D,151(E1),D,0,
-0.934,-0.3789,9,D,151(E1),E,-1.266,2
1.126,0.1783,3,D,151(E1),F,0.002608,3
0.3278,0.07278,11,D,151(E1),G,-1.369,6
1.174,0.1824,9,D,151(E1),H,0.4189,6
0.2791,0.06334,9,D,151(E1),I,0.2052,6
-7.456,-7.606,11,D,151(E1),K,-8,7
2.28,0.2387,9,D,151(E1),L,-0.3603,4
-0.5402,-0.1805,8,D,151(E1),M,-0.3963,5
0.1268,0.03084,18,D,151(E1),N,1.012,5
-3.444,-3.889,7,D,151(E1),P,-4.123,5
-1.363,-0.6835,5,D,151(E1),Q,-0.9364,4
-5.843,-7.117,4,D,151(E1),R,-8,2
-6.928,-7.517,4,D,151(E1),S,-7.489,2
-5.801,-7.092,7,D,151(E1),T,-8,5
0.1833,0.04344,6,D,151(E1),V,0.012,3
3.86,0.261,7,D,151(E1),W,-0.6161,3
1.921,0.2266,17,D,151(E1),Y,0.7501,8
-1.971,-1.321,4,H,152(E1),A,-1.141,2
-2.083,-1.468,5,H,152(E1),C,-2.002,2
-0.8252,-0.3172,6,H,152(E1),D,-0.5776,2
3.225,0.2559,4,H,152(E1),E,0.009754,1
-0.3386,-0.1026,5,H,152(E1),F,0.5746,2
-0.4209,-0.1327,8,H,152(E1),G,-0.756,7
0,0,,H,152(E1),H,0,
-1.537,-0.8395,11,H,152(E1),I,-0.6888,5
-2.401,-1.94,4,H,152(E1),K,-1.973,2
-0.1705,-0.04766,8,H,152(E1),L,-2.696,4
-0.5651,-0.1911,4,H,152(E1),M,-0.4515,3
-0.9784,-0.4058,9,H,152(E1),N,-1.456,5
-3.164,-3.329,5,H,152(E1),P,-3.311,4
-0.8395,-0.325,6,H,152(E1),Q,-0.9936,1
-0.8848,-0.3503,7,H,152(E1),R,-1.237,6
-1.054,-0.4539,10,H,152(E1),S,-1.763,5
1.923,0.2267,3,H,152(E1),T,,
-2.902,-2.822,4,H,152(E1),V,-3.104,1
0.4334,0.0918,7,H,152(E1),W,-0.4221,4
-1.525,-0.8285,7,H,152(E1),Y,-1.063,4
0,0,,A,153(E1),A,0,
-2.097,-1.488,3,A,153(E1),C,-2.646,1
-0.4401,-0.14,7,A,153(E1),D,0.1056,1
-0.303,-0.09024,41,A,153(E1),E,-0.6789,1
-0.9228,-0.3723,5,A,153(E1),F,-1.268,2
-0.0283,-0.007398,2,A,153(E1),G,-1.4,1
1.031,0.1696,13,A,153(E1),H,0.9701,9
1.525,0.2073,6,A,153(E1),I,0.9897,2
3.006,0.2532,5,A,153(E1),K,0.7014,2
3.22,0.2558,3,A,153(E1),L,1.218,3
-0.4369,-0.1388,9,A,153(E1),M,0.0765,4
-2.508,-2.115,7,A,153(E1),N,-2.716,4
6.573,0.2665,12,A,153(E1),P,-0.4957,4
3.516,0.2587,5,A,153(E1),Q,0.7593,5
1.488,0.205,7,A,153(E1),R,-0.08031,4
0.6031,0.1186,7,A,153(E1),S,-0.3946,5
3.091,0.2543,15,A,153(E1),T,0.6136,7
1.66,0.2147,57,A,153(E1),V,1.102,10
-0.9581,-0.3934,6,A,153(E1),W,-0.9657,5
3.783,0.2606,3,A,153(E1),Y,0.4709,2
-0.9389,-0.3819,1,V,154(E1),-,,
-0.6391,-0.2241,2,V,154(E1),A,,
-1.507,-0.8115,6,V,154(E1),C,-1.419,4
-1.759,-1.069,6,V,154(E1),E,-1.244,4
0.08714,0.02159,8,V,154(E1),F,-0.6196,3
-1.955,-1.301,39,V,154(E1),G,-1.766,1
-2.397,-1.933,1,V,154(E1),H,,
-1.292,-0.6258,4,V,154(E1),I,-0.8387,4
0.0116,0.002978,7,V,154(E1),K,0.07925,4
-3.113,-3.23,11,V,154(E1),L,-2.612,2
-2.236,-1.685,11,V,154(E1),M,-1.026,5
-2.91,-2.835,3,V,154(E1),N,-3.04,2
-6.262,-7.318,6,V,154(E1),P,-8,4
-1.096,-0.482,9,V,154(E1),Q,-1.709,5
-1.831,-1.151,5,V,154(E1),R,-1.322,1
-1.964,-1.312,3,V,154(E1),S,-1.155,1
-1.09,-0.4776,9,V,154(E1),T,-0.2321,3
0,0,,V,154(E1),V,0,
-0.6401,-0.2246,8,V,154(E1),W,-0.3765,6
-0.8348,-0.3224,1,V,154(E1),Y,,
-1.027,-0.4365,1,T,155(E1),-,,
2.091,0.2329,11,T,155(E1),A,-0.2575,3
0.6737,0.1285,3,T,155(E1),C,,
0.5853,0.116,5,T,155(E1),D,-2.144,1
-1.249,-0.5923,3,T,155(E1),E,,
-3.517,-4.035,7,T,155(E1),F,-5.625,2
-1.111,-0.4923,6,T,155(E1),G,-0.8584,4
1.086,0.1748,6,T,155(E1),H,-0.2043,6
-0.8614,-0.3371,14,T,155(E1),I,-0.7171,3
-1.257,-0.5986,3,T,155(E1),K,-1.22,2
-2.172,-1.593,1,T,155(E1),L,-1.935,1
-0.1928,-0.05446,3,T,155(E1),M,1.064,1
0.136,0.03294,6,T,155(E1),N,-1.122,3
-1.006,-0.4229,6,T,155(E1),P,-0.4748,1
-1.381,-0.6989,5,T,155(E1),Q,-1.077,2
3.233,0.256,3,T,155(E1),R,1.316,3
-2.006,-1.367,8,T,155(E1),S,-1.936,4
0,0,,T,155(E1),T,0,
-0.365,-0.112,4,T,155(E1),V,-0.6978,2
0.4364,0.09232,2,T,155(E1),W,,
1.516,0.2067,5,T,155(E1),Y,,
-0.7224,-0.2639,9,V,156(E1),A,0.00794,5
-0.8976,-0.3576,4,V,156(E1),C,-0.7498,3
-2.121,-1.522,4,V,156(E1),D,-1.566,2
-0.1356,-0.03727,2,V,156(E1),E,0.6042,1
-0.6715,-0.2393,10,V,156(E1),F,-0.8644,5
-1.766,-1.077,5,V,156(E1),G,-1.782,2
0.4103,0.0878,7,V,156(E1),H,-0.2829,2
0.8408,0.1495,5,V,156(E1),I,-0.5193,4
-1.729,-1.035,9,V,156(E1),K,-1.458,5
0.7454,0.138,9,V,156(E1),L,-1.022,3
-0.9048,-0.3618,21,V,156(E1),M,0.7616,3
-2.097,-1.488,9,V,156(E1),N,-1.57,5
-3.768,-4.527,5,V,156(E1),P,-4.235,3
2.346,0.2405,4,V,156(E1),Q,0.2586,2
2.862,0.2511,1,V,156(E1),R,,
-1.438,-0.7485,3,V,156(E1),S,-1.083,3
-0.09985,-0.02699,7,V,156(E1),T,-0.2519,5
0,0,,V,156(E1),V,0,
-0.3604,-0.1103,5,V,156(E1),W,-0.4297,3
-1.15,-0.5194,7,V,156(E1),Y,0.4672,2
-1.506,-0.8104,1,K,157(E1),*,,
-0.299,-0.08886,1,K,157(E1),-,,
0.7387,0.1371,3,K,157(E1),A,-0.6041,1
-2.293,-1.771,9,K,157(E1),C,-1.141,3
-1.174,-0.5364,4,K,157(E1),D,-0.9723,3
-1.025,-0.4353,11,K,157(E1),E,-0.9234,2
-1.746,-1.054,10,K,157(E1),F,-1.927,5
-1.841,-1.163,6,K,157(E1),G,-1.201,4
-0.3787,-0.117,2,K,157(E1),H,-0.4056,2
-1.661,-0.9635,3,K,157(E1),I,-1.246,2
0,0,,K,157(E1),K,0,
-1.505,-0.8094,9,K,157(E1),L,-1.371,4
-0.9621,-0.3958,13,K,157(E1),M,-0.8381,7
-0.5007,-0.1641,12,K,157(E1),N,-0.7375,4
-2.595,-2.263,10,K,157(E1),P,-3.274,6
-1.291,-0.6254,8,K,157(E1),Q,-1.064,3
0.01992,0.00509,13,K,157(E1),R,-0.7659,2
-1.7,-1.005,8,K,157(E1),S,-1.749,3
-0.6914,-0.2488,11,K,157(E1),T,-0.8905,4
-1.263,-0.6029,3,K,157(E1),V,,
-2.001,-1.36,4,K,157(E1),W,-1.836,3
-1.314,-0.6437,6,K,157(E1),Y,-1.493,3
-1.322,-0.65,1,D,158(E1),-,,
0.769,0.1409,8,D,158(E1),A,1.546,4
-2.877,-2.773,10,D,158(E1),C,-2.776,6
0,0,,D,158(E1),D,0,
-0.1969,-0.05575,12,D,158(E1),E,-0.6096,4
-0.2136,-0.06095,5,D,158(E1),F,-0.04965,2
3.4,0.2577,8,D,158(E1),G,-0.4191,2
0.2744,0.06241,3,D,158(E1),H,1.141,2
-3.439,-3.879,9,D,158(E1),I,-4.027,7
1.121,0.1779,6,D,158(E1),K,0.5124,4
-2.036,-1.406,4,D,158(E1),L,-1.701,4
-1.18,-0.541,10,D,158(E1),M,1.237,7
0.3316,0.07349,9,D,158(E1),N,0.4216,4
-5.436,-6.84,6,D,158(E1),P,-5.48,4
2.379,0.2414,6,D,158(E1),Q,1.11,3
0.2714,0.06181,7,D,158(E1),R,0.1324,4
-0.1953,-0.05525,5,D,158(E1),S,0.8588,4
0.5322,0.1079,8,D,158(E1),T,0.08404,7
-2.715,-2.474,6,D,158(E1),V,-2.218,3
3.689,0.26,10,D,158(E1),W,-0.2355,6
3.038,0.2536,7,D,158(E1),Y,1.477,3
-0.4109,-0.1289,1,A,159(E1),-,,
0,0,,A,159(E1),A,0,
-1.379,-0.6973,7,A,159(E1),C,-0.738,4
-7.883,-7.651,17,A,159(E1),D,-8,7
-4.388,-5.618,5,A,159(E1),E,-5.319,2
-4.282,-5.448,4,A,159(E1),F,,
-2.415,-1.962,7,A,159(E1),G,-2.048,1
0.933,0.1597,3,A,159(E1),H,0.2295,3
2.716,0.2486,12,A,159(E1),I,0.602,5
-0.8528,-0.3323,2,A,159(E1),K,,
-1.816,-1.133,6,A,159(E1),L,-0.8952,5
-0.9226,-0.3722,4,A,159(E1),M,0.4745,2
1.11,0.1769,1,A,159(E1),N,,
-7.477,-7.609,8,A,159(E1),P,-8,5
-3.153,-3.308,5,A,159(E1),Q,-3.623,5
-1.204,-0.5585,13,A,159(E1),R,-0.7269,8
-0.9094,-0.3645,4,A,159(E1),S,-0.6566,3
-0.198,-0.05606,102,A,159(E1),T,-0.2405,13
-1.067,-0.4625,7,A,159(E1),V,-0.09297,3
-5.784,-7.082,3,A,159(E1),W,-8,1
-1.294,-0.6273,8,A,159(E1),Y,-0.3289,4
0.2258,0.0525,1,K,160(E1),-,,
-1.536,-0.8386,5,K,160(E1),A,-1.175,4
-2.562,-2.205,4,K,160(E1),C,-4.085,2
-5.177,-6.612,9,K,160(E1),D,-5.402,6
-2.077,-1.461,7,K,160(E1),E,-1.354,3
-8.03,-7.663,4,K,160(E1),F,-7.949,2
-2.493,-2.09,13,K,160(E1),G,-3.261,4
-1.891,-1.223,4,K,160(E1),H,-1.542,4
-1.015,-0.4288,8,K,160(E1),I,-0.8452,5
0,0,,K,160(E1),K,0,
-0.8148,-0.3116,4,K,160(E1),L,-2.464,1
-1.613,-0.9139,8,K,160(E1),M,-1.513,3
-1.258,-0.599,7,K,160(E1),N,-0.5113,2
-3.485,-3.97,13,K,160(E1),P,-3.985,8
-0.2352,-0.06781,9,K,160(E1),Q,-0.3097,4
-0.5297,-0.1761,11,K,160(E1),R,0.2652,7
-1.167,-0.5318,6,K,160(E1),S,-1.049,4
-1.287,-0.6219,9,K,160(E1),T,-1.482,4
1.015,0.1681,7,K,160(E1),V,-1.119,4
-2.594,-2.26,6,K,160(E1),W,-2.559,2
-0.7836,-0.2951,6,K,160(E1),Y,-1.14,2
0.2738,0.06228,1,F,161(E1),-,,
-1.867,-1.194,5,F,161(E1),A,-0.4619,2
0.2773,0.06299,4,F,161(E1),C,0.3348,3
-6.313,-7.338,5,F,161(E1),D,-8,3
-7.028,-7.537,3,F,161(E1),E,-8,2
0,0,,F,161(E1),F,0,
-5.925,-7.162,5,F,161(E1),G,-8,3
-5.846,-7.119,6,F,161(E1),H,-6.796,2
-1.565,-0.8664,4,F,161(E1),I,-1.173,4
-8.403,-7.686,4,F,161(E1),K,,
-1.789,-1.103,8,F,161(E1),L,-1.358,5
-0.1923,-0.05432,3,F,161(E1),M,-0.2277,1
-6.948,-7.521,8,F,161(E1),N,-8,6
-6.618,-7.439,1,F,161(E1),P,-8,1
-5.755,-7.064,1,F,161(E1),Q,,
-6.703,-7.463,2,F,161(E1),R,-8,1
-6.75,-7.475,6,F,161(E1),S,-8,1
-2.393,-1.926,4,F,161(E1),T,-2.25,2
-0.3356,-0.1015,5,F,161(E1),V,-2.068,2
0.495,0.102,8,F,161(E1),W,0.1295,6
-0.6277,-0.2189,6,F,161(E1),Y,-0.6304,1
-2.268,-1.734,4,I,162(E1),A,-1.79,3
1.329,0.1945,3,I,162(E1),C,,
-3.811,-4.61,8,I,162(E1),D,-5,4
-1.552,-0.8541,8,I,162(E1),E,-1.237,6
0.6815,0.1296,9,I,162(E1),F,-0.809,1
-2.005,-1.365,5,I,162(E1),G,-4.01,2
-1.275,-0.6121,7,I,162(E1),H,-0.5341,4
0,0,,I,162(E1),I,0,
-5.762,-7.069,6,I,162(E1),K,-7.53,3
0.5099,0.1044,8,I,162(E1),L,-0.4417,4
-0.06037,-0.01602,5,I,162(E1),M,0.2117,2
0.7762,0.1418,4,I,162(E1),N,-0.2961,1
-6.673,-7.455,4,I,162(E1),P,-8,1
0.9228,0.1586,9,I,162(E1),Q,0.3861,5
-4.367,-5.584,4,I,162(E1),R,-3.597,2
-0.5179,-0.1711,6,I,162(E1),S,-1.02,3
0.3867,0.08362,6,I,162(E1),T,-1.3,2
-0.9881,-0.4118,6,I,162(E1),V,-0.4098,2
-0.4582,-0.1471,5,I,162(E1),W,0.1676,3
3.667,0.2598,1,I,162(E1),Y,,
-7.227,-7.572,1,V,163(E1),-,,
-2.363,-1.88,4,V,163(E1),A,-2.281,1
2.504,0.2444,2,V,163(E1),C,0.5289,2
-6.982,-7.528,4,V,163(E1),D,-8,2
-7.587,-7.622,4,V,163(E1),E,-8,3
2.488,0.244,8,V,163(E1),F,-0.4672,5
-6.996,-7.531,6,V,163(E1),G,-8,2
-7.247,-7.576,6,V,163(E1),H,-8,3
2.368,0.2411,6,V,163(E1),I,-0.13,5
-5.38,-6.794,4,V,163(E1),K,-7.172,2
1.926,0.2268,7,V,163(E1),L,,
-1.582,-0.8835,17,V,163(E1),M,-0.9335,6
-6.702,-7.463,2,V,163(E1),N,-8,1
-2.33,-1.828,8,V,163(E1),P,-2.688,4
-6.587,-7.43,6,V,163(E1),Q,-8,3
-5.395,-6.807,6,V,163(E1),R,-7.505,5
-5.358,-6.775,7,V,163(E1),S,-7.321,4
-2.035,-1.405,9,V,163(E1),T,-1.72,5
0,0,,V,163(E1),V,0,
-3.146,-3.294,10,V,163(E1),W,-2.227,2
-2.154,-1.567,6,V,163(E1),Y,-2.001,3
-7.398,-7.598,7,G,164(E1),A,-8,3
-7.549,-7.617,12,G,164(E1),C,-8,2
-9.62,-7.722,22,G,164(E1),D,-8,4
-6.938,-7.519,5,G,164(E1),E,-8,4
-5.656,-7.001,6,G,164(E1),F,-8,3
0,0,,G,164(E1),G,0,
-4.344,-5.548,8,G,164(E1),H,-6.159,2
-6.329,-7.344,5,G,164(E1),I,-7.118,2
-5.632,-6.985,5,G,164(E1),K,-6.965,2
-4.895,-6.31,6,G,164(E1),L,-6.684,4
-3.785,-4.559,6,G,164(E1),M,-4.508,4
-7.031,-7.538,5,G,164(E1),N,-8,2
-6.403,-7.371,4,G,164(E1),P,-8,3
-6.111,-7.254,6,G,164(E1),Q,-8,3
-10.41,-7.731,9,G,164(E1),R,-8,6
-8.033,-7.663,20,G,164(E1),S,-8,4
-7.031,-7.538,5,G,164(E1),T,-8,2
-7.18,-7.565,10,G,164(E1),V,-8,6
-5.338,-6.758,2,G,164(E1),W,-6.284,1
-5.725,-7.046,2,G,164(E1),Y,-8,1
-7.733,-7.637,1,P,165(E1),-,,
-3.141,-3.285,5,P,165(E1),A,-2.579,2
-6.75,-7.475,12,P,165(E1),C,-8,6
-5.427,-6.833,9,P,165(E1),D,-6.85,2
-6.436,-7.382,2,P,165(E1),E,-8,1
-7.014,-7.534,4,P,165(E1),F,-8,2
-3.722,-4.438,5,P,165(E1),G,-4.033,2
-10.89,-7.733,17,P,165(E1),H,-8,5
-6.179,-7.284,7,P,165(E1),I,-7.737,4
-8.072,-7.666,6,P,165(E1),K,-8,4
-6.678,-7.456,1,P,165(E1),L,-8,1
-7.036,-7.539,2,P,165(E1),M,-8,2
-5.795,-7.089,7,P,165(E1),N,-8,4
0,0,,P,165(E1),P,0,
-4.99,-6.419,5,P,165(E1),Q,-6.681,3
-5.385,-6.798,9,P,165(E1),R,-8,3
-2.123,-1.524,7,P,165(E1),S,-2.007,4
-2.943,-2.9,16,P,165(E1),T,-3.009,8
-7.408,-7.599,6,P,165(E1),V,-8,5
-5.505,-6.893,6,P,165(E1),W,-7.339,4
-7.705,-7.634,7,P,165(E1),Y,-8,5
-2.038,-1.408,5,M,166(E1),A,-1.301,2
-7.38,-7.596,5,M,166(E1),C,-8,1
-6.281,-7.326,7,M,166(E1),D,-8,4
-3.9,-4.777,3,M,166(E1),E,-1.399,1
-2.302,-1.785,7,M,166(E1),F,-2.079,4
-3.667,-4.33,5,M,166(E1),G,-4.65,3
-3.472,-3.945,12,M,166(E1),H,-3.928,7
0.1819,0.04315,14,M,166(E1),I,0.6852,2
-3.923,-4.82,3,M,166(E1),K,-5.023,1
-2.56,-2.203,6,M,166(E1),L,-2.742,1
0,0,,M,166(E1),M,0,
-5.662,-7.005,7,M,166(E1),N,-8,5
-5.562,-6.936,7,M,166(E1),P,-6.874,2
0.5585,0.112,2,M,166(E1),Q,,
-5.897,-7.147,7,M,166(E1),R,-8,3
-2.237,-1.688,4,M,166(E1),S,-2.029,2
-0.4248,-0.1342,9,M,166(E1),T,-1.895,3
0.03854,0.009765,9,M,166(E1),V,-0.3849,5
-3.534,-4.068,5,M,166(E1),W,-4.429,1
-2.151,-1.563,3,M,166(E1),Y,-1.879,3
-1.839,-1.16,6,S,167(E1),A,-1.251,4
-6.85,-7.499,14,S,167(E1),C,-8,7
-6.662,-7.452,2,S,167(E1),D,-8,1
-6.673,-7.455,3,S,167(E1),E,-8,1
-6.964,-7.524,8,S,167(E1),F,-8,2
0.2666,0.06085,3,S,167(E1),G,-0.2056,2
-7.052,-7.542,7,S,167(E1),H,-7.417,2
-7.927,-7.655,4,S,167(E1),I,-8,2
-7.184,-7.565,6,S,167(E1),K,-8,3
-5.283,-6.71,6,S,167(E1),L,-7.038,3
-7.459,-7.606,6,S,167(E1),M,-8,3
-6.471,-7.394,2,S,167(E1),N,-8,1
-0.8903,-0.3535,7,S,167(E1),P,-0.282,3
-7.286,-7.582,8,S,167(E1),Q,-8,5
-5.922,-7.16,7,S,167(E1),R,-8,4
0,0,,S,167(E1),S,0,
-1.228,-0.5762,7,S,167(E1),T,-0.8261,4
-7.187,-7.566,6,S,167(E1),V,-8,3
-7.307,-7.585,7,S,167(E1),W,-8,3
-7.428,-7.602,14,S,167(E1),Y,-3.838,1
1.382,0.1982,1,S,168(E1),A,0.09336,1
-6.208,-7.296,6,S,168(E1),C,-8,4
-2.007,-1.368,7,S,168(E1),D,-2.313,4
-2.41,-1.954,5,S,168(E1),E,-1.89,5
-2.939,-2.892,5,S,168(E1),F,-5.571,2
-0.2638,-0.07711,9,S,168(E1),G,-0.8035,4
-2.127,-1.529,8,S,168(E1),H,-1.812,6
-1.509,-0.8129,10,S,168(E1),I,-0.905,3
-8.283,-7.68,7,S,168(E1),K,-8,4
-1.107,-0.4891,4,S,168(E1),L,-0.5649,2
-0.3639,-0.1116,9,S,168(E1),M,-0.06576,5
1.3,0.1924,11,S,168(E1),N,-0.02668,5
-6.791,-7.485,4,S,168(E1),P,-8,1
-2.072,-1.454,8,S,168(E1),Q,-1.698,3
-5.865,-7.129,10,S,168(E1),R,-8,3
0,0,,S,168(E1),S,0,
-0.4638,-0.1493,12,S,168(E1),T,-0.3147,7
1.543,0.2083,2,S,168(E1),V,-1.345,1
-4.017,-4.992,7,S,168(E1),W,-6.518,4
-4.14,-5.21,4,S,168(E1),Y,-8,3
0,0,,A,169(E1),A,0,
-6.913,-7.513,8,A,169(E1),C,-8,3
-7.246,-7.576,11,A,169(E1),D,-8,3
-7.264,-7.578,8,A,169(E1),E,-8,5
1.28,0.1908,4,A,169(E1),F,0.313,3
-4.455,-5.72,6,A,169(E1),G,-5.768,2
-6.656,-7.45,1,A,169(E1),H,-8,1
-1.535,-0.8378,13,A,169(E1),I,-0.9814,7
-8.761,-7.702,2,A,169(E1),K,-8,1
2.752,0.2493,2,A,169(E1),L,0.0344,1
0.1085,0.02661,5,A,169(E1),M,-1.104,1
-6.194,-7.29,2,A,169(E1),N,-8,1
1.489,0.2051,6,A,169(E1),P,0.1382,6
-4.294,-5.468,5,A,169(E1),Q,-5.619,4
-6.801,-7.488,5,A,169(E1),R,-8,2
-3.531,-4.062,5,A,169(E1),S,,
-1.655,-0.9567,18,A,169(E1),T,-1.206,6
-0.6448,-0.2267,11,A,169(E1),V,-1.633,2
-2.42,-1.97,8,A,169(E1),W,-2.311,5
-7.3,-7.584,5,A,169(E1),Y,-8,4
-7.33,-7.588,34,W,170(E1),*,-8,5
-6.646,-7.447,5,W,170(E1),A,-8,4
-9.032,-7.71,8,W,170(E1),C,-8,5
-6.247,-7.312,7,W,170(E1),D,-8,4
-6.399,-7.37,11,W,170(E1),E,-8,5
-0.3197,-0.09596,4,W,170(E1),F,0.2789,1
-7.304,-7.585,6,W,170(E1),G,-8,4
-0.4517,-0.1445,1,W,170(E1),H,,
-4.043,-5.039,5,W,170(E1),I,-6.115,4
-6.668,-7.453,7,W,170(E1),K,-8,4
-6.495,-7.402,7,W,170(E1),L,-8,5
-3.378,-3.757,3,W,170(E1),M,-5.532,2
-6.798,-7.487,9,W,170(E1),N,-8,5
-6.241,-7.31,6,W,170(E1),P,-8,4
-6.774,-7.481,5,W,170(E1),Q,-8,3
-7.358,-7.592,18,W,170(E1),R,-5.534,2
-5.661,-7.004,4,W,170(E1),S,-7.669,3
-3.791,-4.571,6,W,170(E1),T,-4.399,5
-4.255,-5.403,4,W,170(E1),V,-5.277,3
0,0,,W,170(E1),W,0,
-1.897,-1.229,7,W,170(E1),Y,-1.543,4
-2.021,-1.386,4,T,171(E1),A,,
-6.231,-7.306,10,T,171(E1),C,-8,5
-2.574,-2.226,11,T,171(E1),D,-2.711,5
-7.838,-7.647,4,T,171(E1),E,-8,2
-7.012,-7.534,3,T,171(E1),F,-8,2
-1.913,-1.249,2,T,171(E1),G,-1.561,2
-6.646,-7.447,6,T,171(E1),H,-8,1
-9.857,-7.726,11,T,171(E1),I,-8,6
-5.739,-7.055,6,T,171(E1),K,-8,4
-5.711,-7.037,6,T,171(E1),L,-8,5
-6.527,-7.412,7,T,171(E1),M,-8,3
-2.602,-2.276,3,T,171(E1),N,,
-6.46,-7.39,4,T,171(E1),P,-8,3
-7.142,-7.558,7,T,171(E1),Q,-8,3
-5.073,-6.507,2,T,171(E1),R,-6.887,1
-1.532,-0.8343,4,T,171(E1),S,0.7799,1
0,0,,T,171(E1),T,0,
-6.142,-7.268,8,T,171(E1),V,-8,5
-6.165,-7.278,8,T,171(E1),W,-8,4
-6.768,-7.479,10,T,171(E1),Y,-8,6
-5.3,-6.726,6,P,172(E1),A,-6.777,4
-5.977,-7.189,16,P,172(E1),C,-8,9
-5.932,-7.166,7,P,172(E1),D,-8,2
-7.374,-7.595,5,P,172(E1),E,-8,5
-7.277,-7.58,7,P,172(E1),F,-8,5
-6.219,-7.301,8,P,172(E1),G,-8,1
-7.279,-7.581,9,P,172(E1),H,-8,4
-6.261,-7.318,6,P,172(E1),I,-8,3
-8.489,-7.69,11,P,172(E1),K,-8,7
-6.7,-7.462,7,P,172(E1),L,-8,1
-7.147,-7.559,3,P,172(E1),M,-8,3
-6.24,-7.31,5,P,172(E1),N,-8,4
0,0,,P,172(E1),P,0,
-7.006,-7.533,7,P,172(E1),Q,-8,2
-6.972,-7.526,4,P,172(E1),R,-8,2
-7.309,-7.585,17,P,172(E1),S,-8,7
-6.702,-7.462,2,P,172(E1),T,-8,1
-3.574,-4.148,3,P,172(E1),V,-5.209,1
-6.774,-7.481,7,P,172(E1),W,-8,5
-7.561,-7.619,10,P,172(E1),Y,-8,4
1.717,0.2176,1,F,173(E1),*,,
-7.177,-7.564,5,F,173(E1),A,-8,3
-7.016,-7.535,5,F,173(E1),C,-8,2
-6.273,-7.323,3,F,173(E1),D,-8,1
-5.758,-7.066,8,F,173(E1),E,-8,5
0,0,,F,173(E1),F,0,
-6.441,-7.384,6,F,173(E1),G,-8,4
-6.682,-7.457,6,F,173(E1),H,,
-6.381,-7.363,15,F,173(E1),I,-7.482,6
-7.117,-7.554,7,F,173(E1),K,-8,3
-4.994,-6.422,28,F,173(E1),L,-6.45,13
-6.229,-7.305,5,F,173(E1),M,-8,4
-7.711,-7.635,8,F,173(E1),N,-8,3
-7.257,-7.577,8,F,173(E1),P,-8,5
-6.269,-7.321,8,F,173(E1),Q,-8,4
-7.36,-7.593,7,F,173(E1),R,-8,5
-7.372,-7.594,13,F,173(E1),S,-8,3
-5.53,-6.912,8,F,173(E1),T,-8,5
-7.609,-7.624,13,F,173(E1),V,-8,2
-6.098,-7.248,1,F,173(E1),W,-8,1
-8.981,-7.709,7,F,173(E1),Y,-6.772,3
-4.344,-5.548,1,D,174(E1),-,-5.867,1
-1.564,-0.8653,10,D,174(E1),A,-1.518,6
-6.697,-7.461,3,D,174(E1),C,-8,1
0,0,,D,174(E1),D,0,
-1.67,-0.9722,9,D,174(E1),E,0.06009,3
-3.168,-3.339,7,D,174(E1),F,-2.76,2
-3.434,-3.869,10,D,174(E1),G,-3.625,5
-2.924,-2.863,5,D,174(E1),H,-3.087,1
-2.859,-2.74,10,D,174(E1),I,-3.048,8
-7.307,-7.585,6,D,174(E1),K,-8,4
-3.833,-4.651,9,D,174(E1),L,-4.843,3
-3.193,-3.388,6,D,174(E1),M,-3.655,4
-0.04418,-0.01163,18,D,174(E1),N,-0.9608,5
-2.745,-2.529,5,D,174(E1),P,-2.888,3
-1.868,-1.194,8,D,174(E1),Q,-1.397,8
-7.015,-7.535,3,D,174(E1),R,-8,2
-1.185,-0.5449,12,D,174(E1),S,-1.101,6
-1.668,-0.9707,6,D,174(E1),T,-1.112,5
-5.168,-6.603,7,D,174(E1),V,-7.072,4
0.3806,0.08252,4,D,174(E1),W,0.09317,3
-3.922,-4.819,8,D,174(E1),Y,-4.304,1
-7.011,-7.534,10,N,175(E1),-,-8,2
-0.4923,-0.1607,8,N,175(E1),A,-0.3184,5
-2.415,-1.962,6,N,175(E1),C,-2.252,4
-2.874,-2.768,3,N,175(E1),D,,
-0.1356,-0.03729,7,N,175(E1),E,0.1639,5
0.8474,0.1503,11,N,175(E1),F,0.1966,6
-1.402,-0.7172,7,N,175(E1),G,-1.069,4
-0.1799,-0.05052,16,N,175(E1),H,0.3314,6
-0.802,-0.3048,10,N,175(E1),I,-0.5351,6
-0.1969,-0.05574,19,N,175(E1),K,-0.04312,8
-1.183,-0.5431,5,N,175(E1),L,-0.2367,1
-0.8328,-0.3214,3,N,175(E1),M,-0.7352,3
0,0,,N,175(E1),N,0,
3.111,0.2546,5,N,175(E1),P,0.04727,4
-1.457,-0.7656,5,N,175(E1),Q,-1.205,4
4.57,0.264,4,N,175(E1),R,0.5631,3
-0.9104,-0.3651,5,N,175(E1),S,-1.065,3
2.418,0.2423,7,N,175(E1),T,-1.289,2
1.217,0.186,5,N,175(E1),V,-0.9996,4
-1.903,-1.237,9,N,175(E1),W,-1.447,9
-1.173,-0.5356,8,N,175(E1),Y,-1.132,2
-0.4103,-0.1287,1,K,176(E1),-,,
-0.852,-0.3319,6,K,176(E1),A,-0.3992,2
-3.604,-4.207,10,K,176(E1),C,-4.251,3
-6.779,-7.482,7,K,176(E1),D,-8,7
-2.882,-2.783,12,K,176(E1),E,-2.301,5
-1.215,-0.5664,7,K,176(E1),F,-0.568,3
-3.118,-3.239,7,K,176(E1),G,-3.443,3
-0.9532,-0.3905,7,K,176(E1),H,-0.5585,5
-7.082,-7.547,8,K,176(E1),I,-8,6
0,0,,K,176(E1),K,0,
-2.798,-2.627,10,K,176(E1),L,-2.836,7
-0.6191,-0.215,5,K,176(E1),M,0.3174,3
-1.994,-1.352,9,K,176(E1),N,-1.486,6
-7.524,-7.614,6,K,176(E1),P,-8,5
-1.071,-0.465,6,K,176(E1),Q,-0.1976,5
-0.5517,-0.1854,12,K,176(E1),R,-0.5712,7
-2.059,-1.436,12,K,176(E1),S,-1.477,6
-0.668,-0.2376,10,K,176(E1),T,-0.9329,3
-6.48,-7.397,6,K,176(E1),V,-8,4
-5.731,-7.049,8,K,176(E1),W,-8,5
-5.45,-6.851,7,K,176(E1),Y,-7.798,1
-0.2077,-0.05909,1,I,177(E1),-,,
-7.186,-7.566,5,I,177(E1),A,-8,3
-5.115,-6.55,8,I,177(E1),C,-6.581,3
-6.343,-7.349,3,I,177(E1),D,-8,1
-7.23,-7.573,5,I,177(E1),E,-8,2
-2.971,-2.953,5,I,177(E1),F,-3.11,5
-7.281,-7.581,4,I,177(E1),G,-8,3
-6.52,-7.41,6,I,177(E1),H,-8,5
0,0,,I,177(E1),I,0,
-7.099,-7.551,8,I,177(E1),K,-8,5
0.09219,0.02279,4,I,177(E1),L,-1.28,2
-2.396,-1.931,7,I,177(E1),M,-2.228,4
-7.29,-7.582,8,I,177(E1),N,-8,4
-7.698,-7.634,6,I,177(E1),P,-8,2
-6.477,-7.396,6,I,177(E1),Q,-8,5
-7.21,-7.57,7,I,177(E1),R,-8,4
-7.484,-7.609,10,I,177(E1),S,-8,6
-6.783,-7.483,6,I,177(E1),T,-8,4
-0.628,-0.219,10,I,177(E1),V,0.1625,6
-6.006,-7.204,9,I,177(E1),W,-8,5
-7.195,-7.567,8,I,177(E1),Y,-8,5
-0.02923,-0.007645,1,V,178(E1),-,,
-3.041,-3.088,8,V,178(E1),A,-4.142,1
-5.329,-6.751,11,V,178(E1),C,-8,7
-5.509,-6.896,7,V,178(E1),D,-6.155,3
-7.052,-7.542,3,V,178(E1),E,-8,2
-7.48,-7.609,5,V,178(E1),F,-8,2
-5.889,-7.143,3,V,178(E1),G,-7.729,1
-6.223,-7.302,7,V,178(E1),H,-8,4
0.1989,0.04681,8,V,178(E1),I,-0.5403,3
-7.309,-7.585,9,V,178(E1),K,-8,4
-3.498,-3.998,11,V,178(E1),L,-4.161,7
-6.983,-7.528,17,V,178(E1),M,-8,3
-8.452,-7.688,12,V,178(E1),N,-8,6
-7.284,-7.581,11,V,178(E1),P,-8,5
-7.465,-7.607,5,V,178(E1),Q,-8,2
-6.442,-7.384,6,V,178(E1),R,-8,3
-6.734,-7.471,5,V,178(E1),S,-8,1
-2.475,-2.06,5,V,178(E1),T,-2.406,2
0,0,,V,178(E1),V,0,
-6.165,-7.278,9,V,178(E1),W,-8,7
-6.322,-7.342,7,V,178(E1),Y,-8,5
0.469,0.09779,1,V,179(E1),-,,
-3.32,-3.641,9,V,179(E1),A,,
-2.311,-1.799,7,V,179(E1),C,-1.785,5
-6.289,-7.329,7,V,179(E1),D,-8,4
-0.9108,-0.3653,5,V,179(E1),E,,
-7.535,-7.616,10,V,179(E1),F,-8,6
-6.782,-7.483,5,V,179(E1),G,-8,3
-6.178,-7.284,4,V,179(E1),H,-8,3
-1.196,-0.5524,4,V,179(E1),I,-0.9183,3
-4.875,-6.287,7,V,179(E1),K,-6.863,4
-1.62,-0.9214,7,V,179(E1),L,-1.776,3
-2.302,-1.784,17,V,179(E1),M,-1.395,6
-6.956,-7.523,9,V,179(E1),N,-8,6
-7.314,-7.586,7,V,179(E1),P,-8,4
-0.8834,-0.3495,9,V,179(E1),Q,-0.8461,4
-6.775,-7.481,8,V,179(E1),R,-8,7
-3.251,-3.504,11,V,179(E1),S,-3.767,5
3.458,0.2582,7,V,179(E1),T,-0.2174,5
0,0,,V,179(E1),V,0,
-5.258,-6.688,3,V,179(E1),W,-7.04,2
-7.342,-7.59,8,V,179(E1),Y,-8,4
-0.6546,-0.2313,1,Y,180(E1),*,,
-0.0861,-0.02312,1,Y,180(E1),-,,
-7.016,-7.535,5,Y,180(E1),A,-8,2
-7.375,-7.595,10,Y,180(E1),C,-8,4
-6.576,-7.427,7,Y,180(E1),D,-8,5
-6.719,-7.467,10,Y,180(E1),E,-8,7
-5.179,-6.613,7,Y,180(E1),F,-6.294,2
-5.69,-7.023,5,Y,180(E1),G,-7.213,2
-2.369,-1.889,6,Y,180(E1),H,-2.222,2
-7.416,-7.601,9,Y,180(E1),I,-8,5
-8.087,-7.667,4,Y,180(E1),K,-8,2
-6.573,-7.426,12,Y,180(E1),L,-8,8
-7.491,-7.61,6,Y,180(E1),M,-8,4
-7.74,-7.638,7,Y,180(E1),N,-8,3
-7.553,-7.618,8,Y,180(E1),P,-8,4
-6.523,-7.411,11,Y,180(E1),Q,-8,8
-9.515,-7.721,10,Y,180(E1),R,-8,6
-6.409,-7.373,5,Y,180(E1),S,-8,1
-7.864,-7.649,9,Y,180(E1),T,-8,4
-6.51,-7.407,15,Y,180(E1),V,-8,7
-4.045,-5.042,16,Y,180(E1),W,-4.926,9
0,0,,Y,180(E1),Y,0,
-0.7731,-0.2896,1,K,181(E1),-,,
-2.763,-2.561,9,K,181(E1),A,-2.945,4
-3.179,-3.36,8,K,181(E1),C,-3.307,5
-2.919,-2.853,5,K,181(E1),D,-4.79,2
-3.015,-3.037,9,K,181(E1),E,-3.534,5
-2.827,-2.68,9,K,181(E1),F,-2.789,5
-1.955,-1.301,13,K,181(E1),G,-1.478,8
-1.617,-0.9181,10,K,181(E1),H,-1.256,6
-3.743,-4.479,8,K,181(E1),I,-3.981,3
0,0,,K,181(E1),K,0,
-2.832,-2.689,8,K,181(E1),L,-2.579,5
-0.6909,-0.2486,6,K,181(E1),M,-1.552,1
-3.025,-3.057,8,K,181(E1),N,-3.491,4
-7.987,-7.66,19,K,181(E1),P,-8,6
-2.219,-1.662,11,K,181(E1),Q,-1.637,6
1.836,0.2231,20,K,181(E1),R,0.1631,7
-1.57,-0.8709,10,K,181(E1),S,-1.383,6
-4.295,-5.47,16,K,181(E1),T,-6.002,7
-4.474,-5.748,9,K,181(E1),V,-6.015,6
-4.087,-5.117,5,K,181(E1),W,-5.432,3
-3.148,-3.299,5,K,181(E1),Y,-3.798,1
-0.05278,-0.01395,1,G,182(E1),-,,
1.814,0.2221,6,G,182(E1),A,-0.6677,2
0.516,0.1054,9,G,182(E1),C,-0.6354,3
3.349,0.2572,17,G,182(E1),D,0.4514,6
-0.4969,-0.1625,10,G,182(E1),E,-0.4072,4
-1.344,-0.6681,5,G,182(E1),F,-0.2332,1
0,0,,G,182(E1),G,0,
-0.6203,-0.2155,3,G,182(E1),H,1.462,1
-2.639,-2.339,5,G,182(E1),I,-1.465,2
1.146,0.1801,4,G,182(E1),K,,
-0.556,-0.1872,5,G,182(E1),L,0.2522,3
-1.589,-0.8899,6,G,182(E1),M,-1.507,4
-1.631,-0.9327,9,G,182(E1),N,-1.639,5
-7.195,-7.567,14,G,182(E1),P,-8,12
2.606,0.2465,8,G,182(E1),Q,0.1054,5
-0.5009,-0.1642,5,G,182(E1),R,-0.1026,2
-1.025,-0.4349,7,G,182(E1),S,-0.6369,3
0.5943,0.1173,5,G,182(E1),T,0.1419,2
-0.1103,-0.02997,8,G,182(E1),V,-0.8487,4
1.383,0.1982,6,G,182(E1),W,-1.009,2
-0.8981,-0.3579,9,G,182(E1),Y,0.1356,6
-0.9798,-0.4067,1,D,183(E1),-,,
-1.589,-0.8898,7,D,183(E1),A,-1.371,5
-3.491,-3.983,6,D,183(E1),C,-1.562,3
0,0,,D,183(E1),D,0,
0.01383,0.003545,12,D,183(E1),E,-0.5893,5
-2.559,-2.202,12,D,183(E1),F,-2.647,6
-2.685,-2.421,8,D,183(E1),G,-3.038,5
-2.092,-1.481,6,D,183(E1),H,-1.421,2
-7.204,-7.569,7,D,183(E1),I,-8,3
-4.543,-5.85,6,D,183(E1),K,-5.909,3
-3.287,-3.574,8,D,183(E1),L,-3.049,5
-2.873,-2.765,8,D,183(E1),M,-3.392,6
-2.453,-2.024,22,D,183(E1),N,-1.554,4
-7.306,-7.585,15,D,183(E1),P,-8,9
0.2349,0.05438,1,D,183(E1),Q,,
-5.869,-7.131,12,D,183(E1),R,-8,8
-2.434,-1.993,8,D,183(E1),S,-1.667,4
-2.033,-1.401,7,D,183(E1),T,-1.698,5
-2.507,-2.113,8,D,183(E1),V,-2.071,5
-2.225,-1.67,6,D,183(E1),W,-1.321,4
1.403,0.1996,13,D,183(E1),Y,-0.1132,8
-0.2029,-0.05759,1,V,184(E1),-,,
-1.484,-0.7895,13,V,184(E1),A,-0.197,5
-0.8262,-0.3178,7,V,184(E1),C,-1.21,4
-7.879,-7.651,3,V,184(E1),D,-8,1
-5.944,-7.172,5,V,184(E1),E,-8,3
-6.612,-7.437,11,V,184(E1),F,-6.651,2
-6.146,-7.27,11,V,184(E1),G,-8,5
-6.244,-7.311,4,V,184(E1),H,-8,4
-1.246,-0.5898,13,V,184(E1),I,-1.523,5
-7.775,-7.641,10,V,184(E1),K,-8,6
-3.423,-3.848,6,V,184(E1),L,-4.112,2
-6.493,-7.401,8,V,184(E1),M,-8,5
-6.878,-7.506,9,V,184(E1),N,-8,6
-6.612,-7.437,1,V,184(E1),P,-8,1
-7.948,-7.657,10,V,184(E1),Q,-8,5
-7.764,-7.64,8,V,184(E1),R,-8,5
-6.146,-7.27,7,V,184(E1),S,-8,3
-2.764,-2.563,5,V,184(E1),T,-2.599,3
0,0,,V,184(E1),V,0,
-7.407,-7.599,10,V,184(E1),W,-8,5
-5.493,-6.884,9,V,184(E1),Y,-7.131,6
-6.152,-7.272,5,Y,185(E1),*,,
-0.5692,-0.1929,1,Y,185(E1),-,,
-7.006,-7.533,3,Y,185(E1),A,-8,2
-7.602,-7.623,14,Y,185(E1),C,-8,8
-8.853,-7.705,11,Y,185(E1),D,-8,2
-7.321,-7.587,10,Y,185(E1),E,-8,4
-2.008,-1.369,8,Y,185(E1),F,-2.15,3
-7.166,-7.562,5,Y,185(E1),G,-8,4
0.2413,0.05571,10,Y,185(E1),H,-0.4757,2
-7.335,-7.589,7,Y,185(E1),I,-8,3
-7.766,-7.641,14,Y,185(E1),K,-8,10
-6.417,-7.376,10,Y,185(E1),L,-8,8
-6.555,-7.421,11,Y,185(E1),M,-8,7
-6.24,-7.309,4,Y,185(E1),N,-8,4
-6.817,-7.491,9,Y,185(E1),P,-8,6
-5.79,-7.086,11,Y,185(E1),Q,-8,8
-6.833,-7.495,6,Y,185(E1),R,-8,4
-9.626,-7.722,7,Y,185(E1),S,-8,4
-7.476,-7.608,6,Y,185(E1),T,-8,5
-6.331,-7.345,9,Y,185(E1),V,-8,5
2.297,0.2392,1,Y,185(E1),W,,
0,0,,Y,185(E1),Y,0,
-0.2475,-0.07178,1,N,186(E1),-,,
-7.697,-7.634,11,N,186(E1),A,-8,7
-3.56,-4.119,5,N,186(E1),C,-4.526,5
-6.877,-7.505,9,N,186(E1),D,-8,6
-8.162,-7.672,14,N,186(E1),E,-8,9
-7.631,-7.627,16,N,186(E1),F,-8,9
-5.901,-7.149,6,N,186(E1),G,-8,3
-6.711,-7.465,6,N,186(E1),H,-8,3
-8.655,-7.697,7,N,186(E1),I,-8,4
-8.167,-7.672,7,N,186(E1),K,-8,2
-3.171,-3.344,7,N,186(E1),L,-3.945,5
-7.477,-7.608,10,N,186(E1),M,-8,6
0,0,,N,186(E1),N,0,
-6.77,-7.48,9,N,186(E1),P,-8,4
-7.313,-7.586,4,N,186(E1),Q,-8,4
-6.241,-7.31,4,N,186(E1),R,-8,4
-4.038,-5.029,5,N,186(E1),S,-4.785,3
-7.165,-7.562,7,N,186(E1),T,-8,3
-8.018,-7.662,9,N,186(E1),V,-8,4
-7.892,-7.652,14,N,186(E1),W,-8,7
-7.042,-7.54,6,N,186(E1),Y,-8,3
-1.805,-1.12,8,M,187(E1),A,-1.708,6
1.443,0.2022,7,M,187(E1),C,-0.5846,3
-2.932,-2.878,10,M,187(E1),D,-3.282,5
-1.42,-0.7329,6,M,187(E1),E,-0.8287,3
-1.715,-1.02,11,M,187(E1),F,-1.13,7
-7.612,-7.625,4,M,187(E1),G,-8,2
-1.834,-1.154,11,M,187(E1),H,-0.619,6
-0.4789,-0.1553,27,M,187(E1),I,-0.274,12
-1.749,-1.057,9,M,187(E1),K,-1.651,6
-1.436,-0.7465,5,M,187(E1),L,-1.033,1
0,0,,M,187(E1),M,0,
-3.178,-3.357,8,M,187(E1),N,-2.922,3
-6.628,-7.442,8,M,187(E1),P,-8,5
-0.03365,-0.008818,7,M,187(E1),Q,-0.455,4
-2.65,-2.359,7,M,187(E1),R,-2.77,4
-1.749,-1.057,7,M,187(E1),S,-1.192,4
-2.488,-2.081,11,M,187(E1),T,-1.17,5
-1.872,-1.2,5,M,187(E1),V,-2.09,4
-1.824,-1.143,5,M,187(E1),W,-1.186,2
-1.623,-0.9238,8,M,187(E1),Y,-1.468,4
-0.9242,-0.3731,9,D,188(E1),A,0.5559,5
-4.746,-6.127,7,D,188(E1),C,-5.976,5
0,0,,D,188(E1),D,0,
1.501,0.2058,9,D,188(E1),E,-0.9479,5
-1.861,-1.186,13,D,188(E1),F,-1.868,8
-0.7003,-0.2531,8,D,188(E1),G,-0.8597,4
1.537,0.2079,7,D,188(E1),H,-0.09259,6
-0.9181,-0.3696,7,D,188(E1),I,-0.3573,3
-4.633,-5.976,3,D,188(E1),K,,
-0.1061,-0.02877,4,D,188(E1),L,-0.4094,1
-1.376,-0.6951,4,D,188(E1),M,1.27,1
0.296,0.06665,18,D,188(E1),N,-0.2622,6
0.9793,0.1645,6,D,188(E1),P,-0.2385,3
-1.063,-0.4597,3,D,188(E1),Q,0.5644,2
-11.77,-7.736,8,D,188(E1),R,-8,4
-13.25,-7.737,5,D,188(E1),S,-8,4
-8.079,-7.666,6,D,188(E1),T,-7.022,2
-1.575,-0.876,2,D,188(E1),V,0.8923,1
-0.8779,-0.3464,6,D,188(E1),W,-0.5988,6
0.1748,0.0416,8,D,188(E1),Y,0.1625,4
-4.844,-6.25,3,Y,189(E1),*,,
-7.288,-7.582,10,Y,189(E1),A,-8,5
-7.935,-7.656,12,Y,189(E1),C,-7.385,4
-9.552,-7.721,9,Y,189(E1),D,-8,5
-5.886,-7.141,8,Y,189(E1),E,-7.288,4
-0.7866,-0.2967,11,Y,189(E1),F,-0.01703,4
-6.771,-7.48,9,Y,189(E1),G,-8,4
-8.766,-7.702,5,Y,189(E1),H,-8,1
-6.639,-7.445,3,Y,189(E1),I,-8,1
-7.153,-7.56,5,Y,189(E1),K,-8,5
-7.849,-7.648,6,Y,189(E1),L,-8,5
-8.184,-7.673,8,Y,189(E1),M,-8,4
-6.058,-7.229,12,Y,189(E1),N,-8,8
-7.645,-7.628,14,Y,189(E1),P,-8,7
-5.358,-6.776,4,Y,189(E1),Q,-7.145,4
-5.587,-6.954,5,Y,189(E1),R,-7.277,2
-6.13,-7.263,5,Y,189(E1),S,,
-9.684,-7.723,10,Y,189(E1),T,-8,5
-7.642,-7.628,5,Y,189(E1),V,-8,1
1.659,0.2147,6,Y,189(E1),W,0.2726,4
0,0,,Y,189(E1),Y,0,
-1.558,-0.8592,4,P,190(E1),A,-0.9833,2
-5.026,-6.457,6,P,190(E1),C,-5.525,1
-2.399,-1.937,6,P,190(E1),D,-2.587,3
-2.219,-1.661,8,P,190(E1),E,-1.142,4
-2.698,-2.444,10,P,190(E1),F,-2.779,7
-6.268,-7.321,8,P,190(E1),G,-8,4
-3.225,-3.452,18,P,190(E1),H,-2.923,4
-2.589,-2.252,10,P,190(E1),I,-2.021,5
-0.4064,-0.1272,2,P,190(E1),K,,
-2.997,-3.003,11,P,190(E1),L,-3.016,3
-2.587,-2.248,6,P,190(E1),M,-2.703,4
-4.292,-5.464,8,P,190(E1),N,-6.597,7
0,0,,P,190(E1),P,0,
-2.163,-1.581,10,P,190(E1),Q,-2.022,6
-5.677,-7.015,8,P,190(E1),R,-8,7
-2.507,-2.113,3,P,190(E1),S,-3.19,1
-2.039,-1.409,10,P,190(E1),T,-1.867,7
-2.177,-1.599,6,P,190(E1),V,-1.825,4
-6.391,-7.367,5,P,190(E1),W,-8,4
-7.448,-7.605,8,P,190(E1),Y,-8,5
-0.1114,-0.03027,5,P,191(E1),A,-0.4626,1
-2.964,-2.94,10,P,191(E1),C,-3.28,4
-1.648,-0.9501,5,P,191(E1),D,-1.586,3
-2.355,-1.866,4,P,191(E1),E,-2.163,2
-1.185,-0.5448,9,P,191(E1),F,-0.9053,4
4.631,0.2642,4,P,191(E1),G,0.3697,1
-1.035,-0.4418,7,P,191(E1),H,1.025,2
3.153,0.2551,11,P,191(E1),I,1.099,5
-1.442,-0.7523,11,P,191(E1),K,-1.981,7
-0.5473,-0.1835,11,P,191(E1),L,-0.9208,2
-0.01095,-0.002838,3,P,191(E1),M,-0.2841,3
0.5705,0.1138,7,P,191(E1),N,0.3286,4
0,0,,P,191(E1),P,0,
1.473,0.2041,9,P,191(E1),Q,-0.5841,6
-1.306,-0.6373,8,P,191(E1),R,-0.1557,3
-0.9511,-0.3892,10,P,191(E1),S,0.2924,4
-0.2073,-0.05897,13,P,191(E1),T,-0.004732,9
-0.1154,-0.03144,6,P,191(E1),V,-0.9685,4
-1.161,-0.5272,7,P,191(E1),W,-0.6488,6
-0.7051,-0.2554,10,P,191(E1),Y,-0.6089,7
-3.96,-4.887,6,F,192(E1),A,-5.195,2
-6.104,-7.251,9,F,192(E1),C,-7.917,6
-6.308,-7.336,12,F,192(E1),D,-8,5
-6.094,-7.246,3,F,192(E1),E,-7.28,2
0,0,,F,192(E1),F,0,
-11.62,-7.736,6,F,192(E1),G,-8,3
-2.23,-1.677,8,F,192(E1),H,-1.939,5
-3.043,-3.092,10,F,192(E1),I,-3.308,5
-6.704,-7.463,4,F,192(E1),K,-6.656,2
-3.275,-3.551,8,F,192(E1),L,-3.421,5
-3.042,-3.09,8,F,192(E1),M,-3.426,4
-4.076,-5.097,6,F,192(E1),N,-5.418,2
-2.938,-2.889,6,F,192(E1),P,-3.596,5
-6.225,-7.303,7,F,192(E1),Q,-7.98,4
-5.922,-7.161,6,F,192(E1),R,-8,6
-3.027,-3.061,8,F,192(E1),S,-3.014,7
-3.031,-3.069,5,F,192(E1),T,-3.431,2
-2.427,-1.981,2,F,192(E1),V,-4.614,2
-0.3829,-0.1185,5,F,192(E1),W,-1.12,1
2.924,0.252,6,F,192(E1),Y,1.22,2
-4.306,-5.487,2,G,193(E1),*,,
-2.48,-2.067,1,G,193(E1),-,,
-1.943,-1.286,7,G,193(E1),A,-2.986,2
-3.54,-4.081,8,G,193(E1),C,-3.762,5
-3.742,-4.478,4,G,193(E1),D,-5.896,2
-3.624,-4.246,15,G,193(E1),E,-4.732,6
-0.8329,-0.3214,13,G,193(E1),F,-1.132,4
0,0,,G,193(E1),G,0,
-3.226,-3.453,8,G,193(E1),H,-3.935,3
-7.012,-7.534,7,G,193(E1),I,-8,3
-6.384,-7.364,6,G,193(E1),K,-7.238,3
-2.768,-2.571,3,G,193(E1),L,-2.875,2
-1.257,-0.5987,5,G,193(E1),M,-0.7876,4
-0.7783,-0.2923,6,G,193(E1),N,-1.041,4
-6.569,-7.425,10,G,193(E1),P,-8,4
-2,-1.358,4,G,193(E1),Q,-1.587,3
-5.449,-6.851,20,G,193(E1),R,-7.247,4
-1.74,-1.047,6,G,193(E1),S,-1.6,5
-7.132,-7.556,4,G,193(E1),T,-7.688,2
-6.799,-7.487,10,G,193(E1),V,-8,4
-1.47,-0.7769,10,G,193(E1),W,-0.6051,7
-3.276,-3.552,8,G,193(E1),Y,-3.739,6
-1.894,-1.225,1,A,194(E1),-,,
0,0,,A,194(E1),A,0,
-5.155,-6.591,5,A,194(E1),C,-7.328,4
-1.087,-0.4759,7,A,194(E1),D,-2.47,2
-2.113,-1.509,3,A,194(E1),E,-0.7153,2
-2.173,-1.594,11,A,194(E1),F,-2.271,7
2.24,0.2376,3,A,194(E1),G,0.7056,2
-2.049,-1.423,8,A,194(E1),H,-2.504,3
-1.957,-1.303,6,A,194(E1),I,-2.356,2
-3.889,-4.757,5,A,194(E1),K,-4.841,1
-1.976,-1.328,6,A,194(E1),L,-1.441,3
0.3593,0.07866,8,A,194(E1),M,-0.6701,5
-1.837,-1.157,5,A,194(E1),N,-1.474,4
-7.905,-7.653,9,A,194(E1),P,-7.418,2
-1.684,-0.9871,2,A,194(E1),Q,-1.303,2
-2.347,-1.855,2,A,194(E1),R,,
-1.109,-0.4909,13,A,194(E1),S,-3.865,4
-1.059,-0.457,27,A,194(E1),T,-0.8706,8
-2.623,-2.311,20,A,194(E1),V,-3.087,4
-2.405,-1.946,3,A,194(E1),W,-2.111,2
-2.692,-2.434,7,A,194(E1),Y,-3.188,5
-0.2672,-0.07822,1,G,195(E1),-,,
-4.501,-5.789,2,G,195(E1),A,,
-1.022,-0.4329,17,G,195(E1),C,-0.2756,8
-6.297,-7.332,108,G,195(E1),D,-8,17
-6.968,-7.525,6,G,195(E1),E,,
-7.394,-7.598,7,G,195(E1),F,-8,2
0,0,,G,195(E1),G,0,
-6.405,-7.371,6,G,195(E1),H,-8,2
-6.692,-7.46,15,G,195(E1),I,-8,5
-7.193,-7.567,5,G,195(E1),K,-8,3
-2.916,-2.847,10,G,195(E1),L,-3.098,4
-1.255,-0.5967,6,G,195(E1),M,-1.06,3
-1.865,-1.191,6,G,195(E1),N,-0.2838,2
-1.029,-0.4379,6,G,195(E1),P,-1.032,4
-3.251,-3.504,10,G,195(E1),Q,-3.877,3
-4.18,-5.278,6,G,195(E1),R,-5.916,2
-3.551,-4.102,22,G,195(E1),S,-4.369,5
-1.897,-1.229,6,G,195(E1),T,-4.583,2
-1.001,-0.42,5,G,195(E1),V,,
-7.808,-7.644,8,G,195(E1),W,-8,5
-7.199,-7.568,7,G,195(E1),Y,-8,3
-0.7924,-0.2997,1,R,196(E1),-,,
-0.5892,-0.2016,7,R,196(E1),A,-2.36,2
-3.312,-3.626,5,R,196(E1),C,-3.836,4
-2.441,-2.004,7,R,196(E1),D,-2.222,7
-1.725,-1.032,3,R,196(E1),E,,
-2.545,-2.176,14,R,196(E1),F,-1.87,7
-1.341,-0.6658,7,R,196(E1),G,-1.599,4
-0.8454,-0.3283,6,R,196(E1),H,-0.2439,4
-3.547,-4.095,8,R,196(E1),I,-4.261,6
-1.892,-1.224,12,R,196(E1),K,-1.151,5
-1.144,-0.5153,3,R,196(E1),L,-1.024,2
-2.443,-2.007,2,R,196(E1),M,-2.307,2
0.526,0.107,12,R,196(E1),N,-1.298,4
1.139,0.1794,2,R,196(E1),P,-0.6539,1
2.578,0.246,4,R,196(E1),Q,-0.2117,2
0,0,,R,196(E1),R,0,
-0.915,-0.3677,5,R,196(E1),S,-0.6312,5
-0.7737,-0.2899,4,R,196(E1),T,-0.8133,2
-0.9317,-0.3776,2,R,196(E1),V,-0.4722,1
-3.178,-3.358,8,R,196(E1),W,-3.482,6
-1.81,-1.127,8,R,196(E1),Y,-0.9288,5
-0.2152,-0.06146,1,P,197(E1),-,,
-1.87,-1.196,6,P,197(E1),A,-4.638,2
-4.307,-5.489,5,P,197(E1),C,-5.827,3
-7.426,-7.602,5,P,197(E1),D,-7.578,2
-3.966,-4.9,6,P,197(E1),E,-5.499,5
-6.506,-7.405,4,P,197(E1),F,-8,1
-4.551,-5.862,3,P,197(E1),G,,
-5.897,-7.147,10,P,197(E1),H,-8,6
-6.239,-7.309,5,P,197(E1),I,-8,4
-5.952,-7.176,8,P,197(E1),K,-8,3
-6.733,-7.47,10,P,197(E1),L,-8,5
-3.192,-3.387,8,P,197(E1),M,-3.645,7
-6.799,-7.487,9,P,197(E1),N,-8,7
0,0,,P,197(E1),P,0,
-3.404,-3.809,8,P,197(E1),Q,-3.792,3
-5.902,-7.15,6,P,197(E1),R,-8,5
-3.015,-3.037,23,P,197(E1),S,-3.476,9
-5.427,-6.833,12,P,197(E1),T,-7.53,7
-1.208,-0.5617,1,P,197(E1),V,,
-5.334,-6.755,6,P,197(E1),W,-7.119,3
-4.244,-5.385,6,P,197(E1),Y,-5.582,2
0.2619,0.05989,1,G,198(E1),-,,
-1.752,-1.061,8,G,198(E1),A,-1.768,4
-6.864,-7.502,13,G,198(E1),C,-8,6
-9.69,-7.723,64,G,198(E1),D,-8,14
-7.252,-7.577,7,G,198(E1),E,-8,3
-6.484,-7.398,7,G,198(E1),F,-8,5
0,0,,G,198(E1),G,0,
-7.413,-7.6,8,G,198(E1),H,-8,5
-6.39,-7.366,5,G,198(E1),I,-8,3
-7.684,-7.632,4,G,198(E1),K,-8,1
-6.27,-7.321,8,G,198(E1),L,-8,4
-8.111,-7.669,7,G,198(E1),M,-8,2
-6.665,-7.452,10,G,198(E1),N,-8,6
-6.799,-7.487,10,G,198(E1),P,-8,7
-5.371,-6.787,7,G,198(E1),Q,-8,3
-8.54,-7.693,8,G,198(E1),R,-8,5
-3.652,-4.301,16,G,198(E1),S,-4.441,4
-5.932,-7.166,8,G,198(E1),T,-8,6
-7.106,-7.552,8,G,198(E1),V,-8,3
-7.193,-7.567,4,G,198(E1),W,-8,3
-7.031,-7.538,3,G,198(E1),Y,-8,2
-9.762,-7.724,3,Q,199(E1),*,-4.161,1
-0.408,-0.1278,2,Q,199(E1),-,,
3.462,0.2582,3,Q,199(E1),A,-1.45,1
0.3088,0.06914,1,Q,199(E1),C,-0.2114,1
-0.5261,-0.1745,5,Q,199(E1),D,,
-0.2049,-0.05823,2,Q,199(E1),E,-1.646,2
-3.035,-3.077,3,Q,199(E1),F,-3.372,2
-1.503,-0.8074,4,Q,199(E1),G,-3.153,1
-1.795,-1.109,8,Q,199(E1),H,-1.244,5
-1.872,-1.199,6,Q,199(E1),I,-1.618,4
-3.162,-3.327,6,Q,199(E1),K,-2.137,1
-4.048,-5.048,4,Q,199(E1),L,-5.966,3
-1.38,-0.698,5,Q,199(E1),M,-1.003,4
-0.8171,-0.3129,6,Q,199(E1),N,-0.6507,4
-7.344,-7.591,6,Q,199(E1),P,-8,5
0,0,,Q,199(E1),Q,0,
-2.758,-2.553,6,Q,199(E1),R,-2.596,2
4.555,0.264,10,Q,199(E1),S,0.7297,7
-1.344,-0.6679,6,Q,199(E1),T,-0.2652,2
-2.398,-1.934,8,Q,199(E1),V,-2.505,6
-2.857,-2.736,6,Q,199(E1),W,-2.953,4
-3.475,-3.952,4,Q,199(E1),Y,-5.628,2
-6.101,-7.249,1,F,200(E1),*,-8,1
-0.2623,-0.07661,2,F,200(E1),-,,
-7.66,-7.63,8,F,200(E1),A,-8,4
-7.303,-7.584,12,F,200(E1),C,-8,10
-8.197,-7.674,6,F,200(E1),D,-8,2
-7.463,-7.607,8,F,200(E1),E,-7.514,2
0,0,,F,200(E1),F,0,
-5.479,-6.873,4,F,200(E1),G,-7.117,2
-7.171,-7.563,5,F,200(E1),H,-8,3
-6.247,-7.312,6,F,200(E1),I,-8,4
-6.086,-7.242,10,F,200(E1),K,-8,7
-0.7225,-0.264,12,F,200(E1),L,-0.7426,2
-7.165,-7.562,5,F,200(E1),M,-8,3
-7.338,-7.59,7,F,200(E1),N,-8,3
-7.99,-7.66,6,F,200(E1),P,-8,5
-6.828,-7.494,7,F,200(E1),Q,-8,4
-2.168,-1.587,3,F,200(E1),R,,
-6.244,-7.311,8,F,200(E1),S,-8,4
-7.004,-7.532,4,F,200(E1),T,-8,2
-7.513,-7.613,12,F,200(E1),V,-8,6
-3.206,-3.413,5,F,200(E1),W,-2.87,2
-2.264,-1.727,8,F,200(E1),Y,-1.61,3
-0.1376,-0.03787,3,G,201(E1),-,,
-2.157,-1.572,10,G,201(E1),A,-1.507,5
-7.086,-7.548,15,G,201(E1),C,-8,5
-6.726,-7.469,20,G,201(E1),D,-8,5
-6.571,-7.425,6,G,201(E1),E,-8,4
-6.824,-7.493,3,G,201(E1),F,-8,1
0,0,,G,201(E1),G,0,
-8.15,-7.671,9,G,201(E1),H,-8,6
-5.991,-7.197,6,G,201(E1),I,-7.62,1
-7.181,-7.565,7,G,201(E1),K,-8,3
-7.769,-7.641,7,G,201(E1),L,-8,5
-6.267,-7.32,5,G,201(E1),M,-8,4
-7.312,-7.586,9,G,201(E1),N,-8,5
-6.889,-7.508,7,G,201(E1),P,-8,4
-7.489,-7.61,8,G,201(E1),Q,-8,6
-7.468,-7.607,6,G,201(E1),R,-8,5
-8,-7.661,16,G,201(E1),S,-8,9
-7.9,-7.653,6,G,201(E1),T,-8,4
-5.683,-7.019,11,G,201(E1),V,-7.165,2
-7.061,-7.543,4,G,201(E1),W,-8,2
-6.738,-7.472,4,G,201(E1),Y,-8,1
-0.3519,-0.1073,3,D,202(E1),-,,
-6.645,-7.447,11,D,202(E1),A,-8,6
-7.227,-7.573,6,D,202(E1),C,-8,3
0,0,,D,202(E1),D,0,
-6.223,-7.303,2,D,202(E1),E,-8,1
-7.422,-7.601,7,D,202(E1),F,-8,4
-6.551,-7.419,15,D,202(E1),G,-8,6
-6.484,-7.398,7,D,202(E1),H,-8,6
-7.706,-7.635,8,D,202(E1),I,-8,3
-7.438,-7.603,8,D,202(E1),K,-8,4
-6.727,-7.469,8,D,202(E1),L,-8,3
-7.491,-7.61,9,D,202(E1),M,-8,4
-7.366,-7.594,34,D,202(E1),N,-8,6
-7.316,-7.586,2,D,202(E1),P,,
-5.418,-6.826,6,D,202(E1),Q,-7.225,4
-6.509,-7.406,6,D,202(E1),R,-8,4
-6.102,-7.25,6,D,202(E1),S,-6.655,5
-7.119,-7.554,5,D,202(E1),T,-8,3
-7.819,-7.646,14,D,202(E1),V,-8,4
-6.033,-7.217,6,D,202(E1),W,-7.249,2
-7.915,-7.654,17,D,202(E1),Y,-8,10
-5.869,-7.132,4,I,203(E1),-,,
-7.377,-7.595,6,I,203(E1),A,-8,3
-2.872,-2.764,9,I,203(E1),C,-2.795,5
-7.289,-7.582,6,I,203(E1),D,-8,3
-6.385,-7.364,11,I,203(E1),E,-8,7
-2.818,-2.662,8,I,203(E1),F,-2.977,4
-7.321,-7.587,6,I,203(E1),G,-8,4
-7.529,-7.615,8,I,203(E1),H,-8,7
0,0,,I,203(E1),I,0,
-6.83,-7.495,6,I,203(E1),K,-8,3
-1.128,-0.5039,5,I,203(E1),L,-1.356,2
-2.317,-1.808,6,I,203(E1),M,-1.869,4
-6.279,-7.325,9,I,203(E1),N,-8,5
-6.71,-7.465,15,I,203(E1),P,-8,9
-7.407,-7.599,9,I,203(E1),Q,-8,3
-7.486,-7.61,9,I,203(E1),R,-8,6
-5.962,-7.182,9,I,203(E1),S,-8,7
-6.328,-7.344,2,I,203(E1),T,-8,2
-0.3908,-0.1214,7,I,203(E1),V,-0.2168,4
-7.205,-7.569,9,I,203(E1),W,-8,3
-4.914,-6.333,9,I,203(E1),Y,-6.098,4
-2.962,-2.935,10,Q,204(E1),*,-1.558,2
-0.2725,-0.07995,2,Q,204(E1),-,,
-2.581,-2.238,10,Q,204(E1),A,-1.663,3
-8.286,-7.68,3,Q,204(E1),C,-4.506,1
-8.287,-7.68,4,Q,204(E1),D,,
-6.392,-7.367,4,Q,204(E1),E,-7.75,2
-7.498,-7.611,12,Q,204(E1),F,-8,4
-10.99,-7.734,13,Q,204(E1),G,-7.348,4
-7.086,-7.548,13,Q,204(E1),H,-8,3
-6.589,-7.431,8,Q,204(E1),I,-8,3
-7.427,-7.602,9,Q,204(E1),K,-8,7
-5.937,-7.169,7,Q,204(E1),L,-8,3
-1.62,-0.9213,8,Q,204(E1),M,-0.8809,2
-6.983,-7.528,8,Q,204(E1),N,-7.467,2
-6.402,-7.371,18,Q,204(E1),P,-8,11
0,0,,Q,204(E1),Q,0,
-8.266,-7.679,11,Q,204(E1),R,-8,3
-3.894,-4.767,4,Q,204(E1),S,-5.081,3
-7.176,-7.564,5,Q,204(E1),T,-8,3
-6.692,-7.46,4,Q,204(E1),V,-8,1
-6.699,-7.462,5,Q,204(E1),W,-8,1
-7.802,-7.644,4,Q,204(E1),Y,-7.62,1
-0.08762,-0.02355,2,S,205(E1),-,,
1.471,0.2039,4,S,205(E1),A,-2.122,2
-0.4746,-0.1536,4,S,205(E1),C,-0.4666,3
-5.293,-6.719,5,S,205(E1),D,-6.152,2
-5.569,-6.941,10,S,205(E1),E,-7.591,4
-2.74,-2.519,5,S,205(E1),F,-1.844,2
-3.907,-4.791,6,S,205(E1),G,-4.86,3
-1.968,-1.317,6,S,205(E1),H,-2.948,2
-3.585,-4.17,10,S,205(E1),I,-3.804,3
-3.426,-3.853,5,S,205(E1),K,-4.028,3
-2.414,-1.961,4,S,205(E1),L,-2.803,1
-1.537,-0.8393,8,S,205(E1),M,-0.6325,3
-7.796,-7.643,27,S,205(E1),N,-8,5
-6.145,-7.269,3,S,205(E1),P,-8,3
-3.411,-3.824,5,S,205(E1),Q,-3.629,3
-5.681,-7.018,11,S,205(E1),R,-7.349,6
0,0,,S,205(E1),S,0,
-0.9134,-0.3668,7,S,205(E1),T,0.7067,4
-2.527,-2.146,4,S,205(E1),V,-2.706,2
-6.56,-7.422,7,S,205(E1),W,-6.12,2
-3.539,-4.079,5,S,205(E1),Y,-4.268,1
-0.7876,-0.2972,1,R,206(E1),*,,
-0.8428,-0.3268,1,R,206(E1),-,,
-2.101,-1.493,6,R,206(E1),A,-1.674,4
-3.587,-4.173,8,R,206(E1),C,-4.409,4
-3.358,-3.717,8,R,206(E1),D,-3.827,6
-1.86,-1.185,9,R,206(E1),E,-1.833,4
-2.629,-2.322,10,R,206(E1),F,-2.4,7
-1.413,-0.7267,10,R,206(E1),G,-0.8059,7
-0.7615,-0.2837,7,R,206(E1),H,-1.821,3
-2.131,-1.536,10,R,206(E1),I,-1.86,7
-2.254,-1.712,20,R,206(E1),K,-2.098,6
-0.3498,-0.1065,8,R,206(E1),L,-0.07499,7
-0.8394,-0.325,9,R,206(E1),M,0.02801,3
-2.51,-2.119,2,R,206(E1),N,,
-4.454,-5.719,9,R,206(E1),P,-6.929,6
-0.8334,-0.3217,1,R,206(E1),Q,-0.6644,1
0,0,,R,206(E1),R,0,
-1.696,-1,10,R,206(E1),S,-0.6901,4
-1.185,-0.5442,5,R,206(E1),T,-0.3557,3
-2.16,-1.576,9,R,206(E1),V,-1.812,4
-4.909,-6.326,7,R,206(E1),W,-6.47,4
-2.986,-2.982,10,R,206(E1),Y,-2.471,6
-2.156,-1.57,2,T,207(E1),-,,
0.1785,0.04241,8,T,207(E1),A,0.1284,4
-2.838,-2.701,6,T,207(E1),C,-3.408,3
-2.154,-1.568,4,T,207(E1),D,-0.7475,1
-2.189,-1.617,4,T,207(E1),E,-1.257,1
-0.7576,-0.2816,5,T,207(E1),F,-0.2004,3
-2.595,-2.263,6,T,207(E1),G,-2.562,6
0.2533,0.05816,7,T,207(E1),H,0.3576,5
-1.359,-0.6803,13,T,207(E1),I,-0.8969,6
1.477,0.2043,3,T,207(E1),K,0.4109,2
0.3613,0.07903,3,T,207(E1),L,0.1084,1
-0.7084,-0.257,4,T,207(E1),M,-2.744,1
-0.2027,-0.05755,8,T,207(E1),N,-0.9434,3
-6.899,-7.51,5,T,207(E1),P,-8,2
-0.02992,-0.007828,1,T,207(E1),Q,,
3.09,0.2543,5,T,207(E1),R,0.8331,3
1.53,0.2075,6,T,207(E1),S,-0.289,5
0,0,,T,207(E1),T,0,
-0.6745,-0.2407,7,T,207(E1),V,-0.6023,6
-1.594,-0.8954,11,T,207(E1),W,-0.3883,3
-1.952,-1.298,4,T,207(E1),Y,-1.877,1
-2.051,-1.426,2,P,208(E1),-,,
-1.583,-0.8844,6,P,208(E1),A,-1.731,2
-2.12,-1.52,4,P,208(E1),C,-1.885,3
-2.962,-2.936,12,P,208(E1),D,-3.532,4
-1.968,-1.318,5,P,208(E1),E,-2.983,3
-2,-1.359,4,P,208(E1),F,-1.393,1
-2.167,-1.585,6,P,208(E1),G,-1.694,2
-2.062,-1.441,17,P,208(E1),H,-1.155,6
0.3175,0.07081,5,P,208(E1),I,-1.107,2
-1.591,-0.8921,2,P,208(E1),K,-1.218,1
-1.901,-1.235,5,P,208(E1),L,-0.3437,1
-2.648,-2.356,4,P,208(E1),M,-2.664,2
-4.157,-5.238,3,P,208(E1),N,-6.075,1
0,0,,P,208(E1),P,0,
-1.141,-0.5133,4,P,208(E1),Q,-0.2558,3
-2.08,-1.465,5,P,208(E1),R,-2.624,2
-2.102,-1.495,5,P,208(E1),S,-1.233,2
-0.895,-0.3561,7,P,208(E1),T,-0.3328,4
1.506,0.2061,3,P,208(E1),V,-0.1648,1
-1.719,-1.024,5,P,208(E1),W,-0.21,3
-2.595,-2.264,3,P,208(E1),Y,-2.263,1
-4.887,-6.301,5,E,209(E1),*,,
0.5381,0.1089,1,E,209(E1),-,,
-1.068,-0.4633,10,E,209(E1),A,0.1255,5
-1.969,-1.319,9,E,209(E1),C,-1.282,4
-0.7403,-0.2729,11,E,209(E1),D,-0.9817,4
0,0,,E,209(E1),E,0,
-0.167,-0.04662,7,E,209(E1),F,-1.437,5
-1.348,-0.6713,8,E,209(E1),G,-0.7665,4
1.308,0.1929,4,E,209(E1),H,-0.1118,2
-0.951,-0.3891,5,E,209(E1),I,-0.5686,2
-2.547,-2.181,17,E,209(E1),K,-1.865,2
-1.448,-0.7575,8,E,209(E1),L,-0.8966,1
-0.9274,-0.3751,10,E,209(E1),M,-0.5268,5
-1.028,-0.437,6,E,209(E1),N,-1.24,2
-1.774,-1.085,4,E,209(E1),P,,
1.617,0.2124,4,E,209(E1),Q,-0.8872,1
1.162,0.1814,7,E,209(E1),R,-0.5092,4
-0.4473,-0.1428,7,E,209(E1),S,-0.06587,5
-2.051,-1.426,2,E,209(E1),T,-1.718,1
3.692,0.26,12,E,209(E1),V,-0.3844,8
3.293,0.2566,8,E,209(E1),W,-0.0767,7
0.2257,0.05248,7,E,209(E1),Y,-0.2191,6
-1.453,-0.7616,1,S,210(E1),-,,
-0.8837,-0.3497,7,S,210(E1),A,-1.672,3
-8.131,-7.67,4,S,210(E1),C,-8,2
-5.398,-6.809,5,S,210(E1),D,-6.236,2
-3.841,-4.667,8,S,210(E1),E,-5.306,5
-7.083,-7.548,1,S,210(E1),F,,
1.035,0.1699,7,S,210(E1),G,-0.6892,5
-2.206,-1.642,7,S,210(E1),H,-1.917,4
-6.699,-7.462,9,S,210(E1),I,-8,4
-2.908,-2.832,4,S,210(E1),K,-3.111,3
-3.695,-4.386,2,S,210(E1),L,-4.393,1
-3.05,-3.107,2,S,210(E1),M,-2.974,1
-2.896,-2.81,9,S,210(E1),N,,
-6.889,-7.508,4,S,210(E1),P,,
-3.385,-3.772,4,S,210(E1),Q,-4.149,3
-2.846,-2.715,7,S,210(E1),R,-2.85,4
0,0,,S,210(E1),S,0,
-1.242,-0.5874,4,S,210(E1),T,-1.396,2
-6.233,-7.307,5,S,210(E1),V,-8,4
-6.609,-7.437,4,S,210(E1),W,-8,1
-3.696,-4.388,5,S,210(E1),Y,-5.952,2
-4.748,-6.13,3,E,211(E1),*,,
1.187,0.1835,2,E,211(E1),A,1.145,1
-0.6759,-0.2414,5,E,211(E1),C,-1.853,1
0.1239,0.03017,13,E,211(E1),D,-0.9981,4
0,0,,E,211(E1),E,0,
0.7445,0.1378,5,E,211(E1),F,-0.8403,2
0.2599,0.05949,7,E,211(E1),G,0.4877,2
-0.5196,-0.1719,6,E,211(E1),H,0.2099,3
2.337,0.2403,1,E,211(E1),I,,
-0.409,-0.1282,12,E,211(E1),K,-1.96,2
0.7434,0.1377,4,E,211(E1),L,-0.5551,2
2.562,0.2456,6,E,211(E1),M,-0.03727,5
0.5768,0.1147,9,E,211(E1),N,-1.641,6
4.414,0.2635,5,E,211(E1),P,-3.354,2
-0.845,-0.328,8,E,211(E1),Q,0.6435,5
0.4646,0.09707,5,E,211(E1),R,-0.4767,2
0.6044,0.1188,6,E,211(E1),S,-1.547,2
-1.017,-0.43,6,E,211(E1),T,-0.5921,3
-0.7008,-0.2533,3,E,211(E1),V,0.0109,2
-1.614,-0.9148,3,E,211(E1),W,-1.218,3
0.0119,0.003053,4,E,211(E1),Y,-0.3234,3
-1.167,-0.5315,5,D,212(E1),A,-1.081,3
-5.034,-6.466,8,D,212(E1),C,-5.954,5
0,0,,D,212(E1),D,0,
-3.016,-3.041,13,D,212(E1),E,-3.518,4
-2.683,-2.417,6,D,212(E1),F,-2.152,2
-1.476,-0.783,8,D,212(E1),G,-1.103,1
-1.762,-1.072,6,D,212(E1),H,-1.314,3
-5.872,-7.133,5,D,212(E1),I,-8,3
-2.187,-1.614,8,D,212(E1),K,-2.017,4
-3.425,-3.85,9,D,212(E1),L,-3.959,6
-2.265,-1.73,8,D,212(E1),M,-1.929,7
-1.646,-0.9475,10,D,212(E1),N,-0.09662,3
-2.688,-2.426,3,D,212(E1),P,-2.723,2
-2.076,-1.46,5,D,212(E1),R,-1.649,2
-2.369,-1.889,5,D,212(E1),S,-2.193,4
-2.634,-2.331,4,D,212(E1),T,-1.982,1
-2.227,-1.672,3,D,212(E1),V,-1.486,3
-2.704,-2.454,7,D,212(E1),W,-2.861,5
-2.886,-2.79,6,D,212(E1),Y,-3.236,4
-2.255,-1.714,13,V,213(E1),A,-2.228,8
-0.3601,-0.1102,6,V,213(E1),C,-1.229,2
-3.041,-3.088,4,V,213(E1),D,-3.258,4
-2.985,-2.981,3,V,213(E1),E,-3.073,1
-2.587,-2.248,4,V,213(E1),F,-2.723,1
-3.46,-3.921,10,V,213(E1),G,-4.476,6
-2.567,-2.215,5,V,213(E1),H,-2.774,4
-0.6252,-0.2178,8,V,213(E1),I,-0.007642,3
-5.19,-6.624,6,V,213(E1),K,-6.667,4
-2.108,-1.503,7,V,213(E1),L,-1.277,3
-1.973,-1.324,14,V,213(E1),M,-1.621,7
-3.303,-3.608,6,V,213(E1),N,-3.869,4
-2.568,-2.216,4,V,213(E1),P,-2.286,3
-6.459,-7.39,1,V,213(E1),Q,-8,1
-6.664,-7.452,3,V,213(E1),R,-8,1
-2.879,-2.777,8,V,213(E1),S,-2.819,4
2.284,0.2388,1,V,213(E1),T,,
0,0,,V,213(E1),V,0,
-2.385,-1.914,6,V,213(E1),W,-2.212,2
-2.766,-2.568,4,V,213(E1),Y,-2.485,3
-7.274,-7.58,1,Y,214(E1),*,-8,1
-1.496,-0.8009,5,Y,214(E1),A,-0.5979,3
-1.202,-0.5568,5,Y,214(E1),C,-0.3286,2
-5.944,-7.172,3,Y,214(E1),D,-7.527,2
-1.9,-1.233,5,Y,214(E1),E,-1.491,4
-0.3388,-0.1026,3,Y,214(E1),F,-0.1313,1
-6.488,-7.399,5,Y,214(E1),G,-8,3
-0.5477,-0.1836,7,Y,214(E1),H,-0.7173,2
-0.2133,-0.06084,4,Y,214(E1),I,-0.0417,2
-5.479,-6.874,6,Y,214(E1),K,-7.069,4
-2.536,-2.162,7,Y,214(E1),L,-2.655,4
2.265,0.2383,9,Y,214(E1),M,0.2826,6
-1.609,-0.9101,6,Y,214(E1),N,-1.285,2
-7.088,-7.549,5,Y,214(E1),P,-8,2
-1.318,-0.6471,3,Y,214(E1),Q,-0.627,2
-2.287,-1.762,2,Y,214(E1),R,,
-0.5751,-0.1954,5,Y,214(E1),S,-2.564,2
-2.754,-2.545,5,Y,214(E1),T,-2.817,3
-0.6571,-0.2325,5,Y,214(E1),V,0.1284,1
-0.185,-0.05208,2,Y,214(E1),W,,
0,0,,Y,214(E1),Y,0,
0,0,,A,215(E1),A,0,
-1.502,-0.8064,7,A,215(E1),C,-0.5843,5
-6.209,-7.297,12,A,215(E1),D,-7.574,4
-7.235,-7.574,6,A,215(E1),E,-8,3
-5.466,-6.864,4,A,215(E1),F,-7.159,2
-3.427,-3.855,7,A,215(E1),G,-5.63,2
-6.193,-7.29,7,A,215(E1),H,-8,4
-2.867,-2.756,5,A,215(E1),I,,
-7.044,-7.54,4,A,215(E1),K,-8,2
-7.18,-7.565,4,A,215(E1),L,-8,3
-6.753,-7.476,3,A,215(E1),M,-8,2
-7.826,-7.646,4,A,215(E1),N,-8,3
-6.351,-7.352,7,A,215(E1),P,-6.791,3
-6.235,-7.307,7,A,215(E1),Q,-8,4
-7.128,-7.556,4,A,215(E1),R,-8,3
-1.358,-0.6798,7,A,215(E1),S,-1.043,3
-4.616,-5.953,20,A,215(E1),T,-6.563,5
-2.487,-2.08,23,A,215(E1),V,-0.0584,2
-8.667,-7.698,5,A,215(E1),W,-8,3
-7.311,-7.586,4,A,215(E1),Y,-8,4
-1.496,-0.8011,5,N,216(E1),A,-1.317,4
3.307,0.2568,5,N,216(E1),C,-0.5452,2
-1.846,-1.168,4,N,216(E1),D,-1.426,2
-1.752,-1.061,3,N,216(E1),E,-1.289,3
-0.6386,-0.2239,6,N,216(E1),F,-1.577,4
-3.739,-4.472,6,N,216(E1),G,-4.709,6
-2.031,-1.399,2,N,216(E1),H,-1.698,2
-2.808,-2.645,3,N,216(E1),I,-2.547,1
-2.533,-2.157,7,N,216(E1),K,-2.518,1
-2.185,-1.611,1,N,216(E1),L,-1.915,1
-2.292,-1.769,5,N,216(E1),M,-1.689,3
0,0,,N,216(E1),N,0,
-7.189,-7.566,5,N,216(E1),P,-8,3
-2.356,-1.868,6,N,216(E1),Q,-2.259,3
-1.525,-0.8284,4,N,216(E1),R,-1.004,3
1.006,0.1671,10,N,216(E1),S,-0.049,4
-2.168,-1.587,4,N,216(E1),T,-1.848,3
-2.339,-1.843,3,N,216(E1),V,-2.311,2
-1.416,-0.7288,3,N,216(E1),W,-1.001,2
-1.361,-0.6818,4,N,216(E1),Y,-1.18,3
-7.1,-7.551,7,T,217(E1),A,-8,3
-6.141,-7.267,7,T,217(E1),C,-8,4
-9.946,-7.727,7,T,217(E1),D,-8,5
-10.13,-7.728,3,T,217(E1),E,-7.347,1
-7.171,-7.563,5,T,217(E1),F,-8,3
-7.395,-7.598,7,T,217(E1),G,-8,5
-12.13,-7.736,8,T,217(E1),H,-8,3
-9.122,-7.712,14,T,217(E1),I,-8,6
-7.028,-7.537,6,T,217(E1),K,-8,1
-7.657,-7.63,9,T,217(E1),L,-8,6
-7.184,-7.566,5,T,217(E1),M,-8,3
-7.013,-7.534,2,T,217(E1),N,-8,2
-6.247,-7.312,4,T,217(E1),P,-8,4
-7.015,-7.534,2,T,217(E1),Q,-8,2
-4.482,-5.761,1,T,217(E1),R,-6.029,1
-2.585,-2.246,3,T,217(E1),S,-2.836,2
0,0,,T,217(E1),T,0,
-6.718,-7.467,4,T,217(E1),V,-8,1
-7.314,-7.586,5,T,217(E1),W,-8,4
-7.563,-7.619,8,T,217(E1),Y,-8,6
-5.242,-6.673,5,Q,218(E1),*,,
-2.46,-2.035,4,Q,218(E1),A,-2.824,1
-5.788,-7.084,6,Q,218(E1),C,-8,3
-1.445,-0.755,5,Q,218(E1),D,-0.5956,3
4.028,0.2619,3,Q,218(E1),E,0.2583,2
-2.664,-2.384,1,Q,218(E1),F,-2.691,1
-2.286,-1.761,2,Q,218(E1),G,-4.553,2
-2.967,-2.946,8,Q,218(E1),H,-2.883,3
-5.5,-6.89,4,Q,218(E1),I,-7.331,4
-4.251,-5.397,7,Q,218(E1),K,-5.551,3
-5.055,-6.488,6,Q,218(E1),L,-6.865,3
-3.145,-3.292,6,Q,218(E1),M,-3.521,4
-3.299,-3.598,7,Q,218(E1),N,-4.248,1
-7.311,-7.586,4,Q,218(E1),P,-8,4
0,0,,Q,218(E1),Q,0,
-7.489,-7.61,6,Q,218(E1),R,,
-5.858,-7.126,4,Q,218(E1),S,-7.433,2
-7.035,-7.539,3,Q,218(E1),T,-8,2
-6.814,-7.491,6,Q,218(E1),V,-7.79,2
-3.814,-4.615,3,Q,218(E1),W,-5.965,2
-3.327,-3.656,6,Q,218(E1),Y,-4.214,5
-5.374,-6.789,1,L,219(E1),*,,
-7.853,-7.649,5,L,219(E1),A,-8,4
-6.491,-7.4,3,L,219(E1),C,-8,2
-7.015,-7.535,2,L,219(E1),D,-8,2
-7.005,-7.533,5,L,219(E1),E,-8,2
-3.323,-3.648,4,L,219(E1),F,-3.964,3
-7.3,-7.584,10,L,219(E1),G,-8,4
-6.033,-7.217,5,L,219(E1),H,-8,3
2.546,0.2453,5,L,219(E1),I,-0.5072,3
-6.998,-7.531,4,L,219(E1),K,-8,2
0,0,,L,219(E1),L,0,
-1.407,-0.7214,8,L,219(E1),M,-1.121,5
-7.173,-7.564,6,L,219(E1),N,-8,4
-7.002,-7.532,7,L,219(E1),P,-8,3
-6.806,-7.489,6,L,219(E1),Q,-8,1
-5.932,-7.166,6,L,219(E1),R,-7.57,5
-5.899,-7.148,2,L,219(E1),S,-7.522,2
-6.85,-7.499,5,L,219(E1),T,-8,4
-2.263,-1.726,2,L,219(E1),V,-2.202,2
-7.015,-7.535,3,L,219(E1),W,-8,2
-6.501,-7.404,5,L,219(E1),Y,-8,4
-2.123,-1.525,7,V,220(E1),A,-1.812,4
-2.276,-1.746,8,V,220(E1),C,-2.601,2
0.1065,0.02615,7,V,220(E1),D,0.679,3
-6.681,-7.457,3,V,220(E1),E,-8,1
-0.06442,-0.01713,3,V,220(E1),F,,
-2.281,-1.752,5,V,220(E1),G,-2.046,2
-1.246,-0.5899,4,V,220(E1),H,0.2968,3
1.61,0.2121,4,V,220(E1),I,-0.1809,4
-6.346,-7.35,3,V,220(E1),K,-8,1
-1.076,-0.4684,8,V,220(E1),L,-2.197,1
-1.743,-1.051,10,V,220(E1),M,-0.7132,4
-1.614,-0.915,6,V,220(E1),N,-1.423,3
-8.956,-7.708,5,V,220(E1),P,-8,2
1.53,0.2075,5,V,220(E1),Q,0.236,3
-3.904,-4.785,8,V,220(E1),R,-4.782,3
-3.41,-3.821,1,V,220(E1),S,,
0.6372,0.1235,4,V,220(E1),T,-0.1146,4
0,0,,V,220(E1),V,0,
-0.1475,-0.04077,1,V,220(E1),W,-0.3247,1
2.766,0.2495,1,V,220(E1),Y,1.67,1
-4.437,-5.694,3,L,221(E1),A,-5.778,3
-2.002,-1.361,3,L,221(E1),C,-0.9994,2
-7.318,-7.587,5,L,221(E1),D,-8,4
-5.514,-6.9,5,L,221(E1),E,-7.17,2
-6.771,-7.48,5,L,221(E1),F,-7.486,3
-6.856,-7.501,4,L,221(E1),G,-8,3
-6.995,-7.53,3,L,221(E1),H,-8,2
-2.909,-2.834,4,L,221(E1),I,-2.704,1
-8.092,-7.667,2,L,221(E1),K,-8,2
0,0,,L,221(E1),L,0,
-0.3132,-0.09373,7,L,221(E1),M,0.4069,1
-5.398,-6.81,2,L,221(E1),N,-7.13,2
-3.525,-4.05,8,L,221(E1),P,,
-6.852,-7.5,8,L,221(E1),Q,-8,6
-5.665,-7.007,8,L,221(E1),R,-8,4
-2.879,-2.778,3,L,221(E1),T,-3.025,2
-1.811,-1.127,2,L,221(E1),V,-1.434,2
-7.314,-7.586,5,L,221(E1),W,-8,4
-7.034,-7.538,4,L,221(E1),Y,-8,2
-6.817,-7.492,5,Q,222(E1),*,,
-2.094,-1.484,2,Q,222(E1),A,-1.839,2
-1.377,-0.6952,5,Q,222(E1),C,-0.5064,3
-2.203,-1.637,3,Q,222(E1),D,-2.111,2
-1.363,-0.6837,5,Q,222(E1),E,-0.6303,4
2.965,0.2527,4,Q,222(E1),F,1.422,3
-2.363,-1.88,4,Q,222(E1),G,-2.98,3
-1.307,-0.6381,5,Q,222(E1),H,-1.554,1
3.57,0.2591,5,Q,222(E1),I,1.339,4
-4.194,-5.302,8,Q,222(E1),K,-4.074,2
2.706,0.2485,1,Q,222(E1),L,2.842,1
2.051,0.2315,3,Q,222(E1),M,0.5582,3
-2.316,-1.807,4,Q,222(E1),N,-1.661,2
-5.735,-7.052,8,Q,222(E1),P,-6.365,4
0,0,,Q,222(E1),Q,0,
1.839,0.2232,5,Q,222(E1),R,-0.0515,2
-2.236,-1.686,5,Q,222(E1),S,-0.519,2
-2.685,-2.42,4,Q,222(E1),T,-2.728,3
-0.09763,-0.02636,3,Q,222(E1),V,2.408,1
-1.14,-0.5125,4,Q,222(E1),W,-0.2465,1
-1.21,-0.5626,3,Q,222(E1),Y,-0.369,1
-2.733,-2.506,5,R,223(E1),A,-3.142,3
-9.26,-7.716,4,R,223(E1),C,-6.435,2
-7.189,-7.566,4,R,223(E1),D,-8,3
-6.128,-7.262,8,R,223(E1),E,-8,5
-2.752,-2.542,10,R,223(E1),F,-3,5
-6.536,-7.415,5,R,223(E1),G,-8,1
-0.6637,-0.2356,3,R,223(E1),H,-0.9685,2
-6.447,-7.386,6,R,223(E1),I,-7.864,4
-2.25,-1.706,7,R,223(E1),K,-2.687,1
-3.547,-4.094,5,R,223(E1),L,-5.081,3
-1.673,-0.9755,11,R,223(E1),M,-0.4898,3
3.793,0.2606,3,R,223(E1),N,-5.092,1
-4.504,-5.794,5,R,223(E1),P,-5.741,3
-1.937,-1.279,6,R,223(E1),Q,-1.613,4
0,0,,R,223(E1),R,0,
-2.45,-2.018,7,R,223(E1),S,-2.349,6
-4.453,-5.717,4,R,223(E1),T,-6.043,3
-4.099,-5.138,5,R,223(E1),V,-4.722,1
-11.57,-7.736,3,R,223(E1),W,,
-4.027,-5.009,3,R,223(E1),Y,-4.495,2
-6.225,-7.303,5,P,224(E1),A,-7.978,4
-7.679,-7.632,5,P,224(E1),C,-7.673,3
-7.235,-7.574,4,P,224(E1),D,-8,3
-7.226,-7.572,5,P,224(E1),E,-8,2
-6.984,-7.528,6,P,224(E1),F,-8,2
-6.713,-7.465,3,P,224(E1),G,-8,1
-7.84,-7.647,9,P,224(E1),H,-8,3
-7.777,-7.642,5,P,224(E1),I,-8,2
-7.011,-7.534,3,P,224(E1),K,-8,2
-8.171,-7.673,18,P,224(E1),L,-8,5
-7.015,-7.534,4,P,224(E1),M,-8,2
-6.228,-7.304,3,P,224(E1),N,-8,1
0,0,,P,224(E1),P,0,
-6.68,-7.457,3,P,224(E1),Q,-8,1
-5.708,-7.035,5,P,224(E1),R,-7.553,4
-7.464,-7.607,11,P,224(E1),S,-8,4
-5.371,-6.787,3,P,224(E1),T,,
-6.674,-7.455,3,P,224(E1),V,-8,2
-6.833,-7.495,4,P,224(E1),W,-8,1
-8.014,-7.662,6,P,224(E1),Y,-8,5
-0.4802,-0.1558,6,S,225(E1),A,-0.2207,4
-0.5066,-0.1665,9,S,225(E1),C,0.1179,5
-2.67,-2.394,7,S,225(E1),D,-2.495,6
-2.656,-2.369,6,S,225(E1),E,-2.666,3
-5.578,-6.947,8,S,225(E1),F,-8,5
-2.119,-1.519,4,S,225(E1),G,-1.74,3
-3.137,-3.276,5,S,225(E1),H,-3.19,2
-3.366,-3.733,11,S,225(E1),I,-3.579,5
-3.627,-4.253,3,S,225(E1),K,-4.571,1
-3.119,-3.24,3,S,225(E1),L,-3.561,1
4.537,0.2639,2,S,225(E1),M,,
-2.776,-2.585,4,S,225(E1),N,-2.723,2
-8.437,-7.688,8,S,225(E1),P,-8,4
-1.249,-0.592,4,S,225(E1),Q,-0.7094,3
-3.027,-3.061,4,S,225(E1),R,-3.351,2
0,0,,S,225(E1),S,0,
-1.468,-0.7754,5,S,225(E1),T,-0.5442,5
-1.356,-0.6779,5,S,225(E1),V,-2.085,2
-3.497,-3.995,7,S,225(E1),W,-4.27,5
-3.064,-3.134,11,S,225(E1),Y,-2.958,5
0,0,,A,226(E1),A,0,
-7.307,-7.585,7,A,226(E1),C,-8,4
-5.931,-7.165,14,A,226(E1),D,-8,7
-5.113,-6.549,4,A,226(E1),E,-8,1
-4.178,-5.275,7,A,226(E1),F,-4.254,2
-2.776,-2.585,8,A,226(E1),G,-3.152,7
-4.91,-6.328,6,A,226(E1),H,-5.575,4
-3.07,-3.144,8,A,226(E1),I,-2.818,3
-5.155,-6.591,4,A,226(E1),K,-6.981,2
-5.2,-6.634,3,A,226(E1),L,-7.006,2
-3.764,-4.52,10,A,226(E1),M,-4.306,4
-5.595,-6.959,4,A,226(E1),N,-7.055,2
2.53,0.2449,9,A,226(E1),P,0.5092,6
-2.169,-1.588,5,A,226(E1),Q,-1.839,3
-5.905,-7.151,3,A,226(E1),R,-8,3
-0.5678,-0.1923,8,A,226(E1),S,,
-0.1174,-0.03201,15,A,226(E1),T,0.1045,3
-0.7238,-0.2646,39,A,226(E1),V,-0.0213,8
-3.363,-3.727,5,A,226(E1),W,-4.027,2
-4.594,-5.923,6,A,226(E1),Y,-6.779,1
-4.873,-6.284,3,G,227(E1),*,,
-3.288,-3.577,10,G,227(E1),A,-4.545,7
-7.182,-7.565,4,G,227(E1),C,-8,3
-4.583,-5.907,19,G,227(E1),E,-7.296,4
-6.013,-7.208,9,G,227(E1),F,-8,7
0,0,,G,227(E1),G,0,
-4.133,-5.198,5,G,227(E1),H,-6.021,3
-7.036,-7.539,6,G,227(E1),I,-8,2
-5.939,-7.169,5,G,227(E1),K,-8,3
-7.064,-7.544,4,G,227(E1),L,-8,2
-4.875,-6.287,3,G,227(E1),M,-6.858,2
-3.719,-4.433,4,G,227(E1),N,-4.439,2
-6.473,-7.395,6,G,227(E1),P,-8,4
-3.078,-3.161,9,G,227(E1),Q,-3.473,6
-8.711,-7.7,25,G,227(E1),R,-6.45,2
-3.286,-3.572,7,G,227(E1),S,-3.873,6
-2.82,-2.667,9,G,227(E1),T,-2.784,3
-5.293,-6.72,9,G,227(E1),V,-7.044,4
-5.968,-7.185,7,G,227(E1),W,-8,6
-3.976,-4.917,9,G,227(E1),Y,-4.327,5
-1.12,-0.4983,9,T,228(E1),A,-0.8312,6
-2.746,-2.53,6,T,228(E1),C,-2.808,4
-2.55,-2.185,10,T,228(E1),D,-2.48,5
-2.124,-1.526,8,T,228(E1),E,-1.962,4
-2.655,-2.368,3,T,228(E1),F,-2.7,2
-2.126,-1.528,4,T,228(E1),G,-2.078,2
-2.03,-1.398,5,T,228(E1),H,-4.808,2
0.3478,0.07653,11,T,228(E1),I,0.3099,6
-5.701,-7.03,8,T,228(E1),K,-8,5
2.908,0.2518,7,T,228(E1),L,1.145,3
1.084,0.1746,3,T,228(E1),M,-0.0906,2
-3.671,-4.338,9,T,228(E1),N,-4.451,8
-3.2,-3.402,9,T,228(E1),P,-4.006,5
2.123,0.234,3,T,228(E1),Q,0.3231,1
-3.415,-3.831,7,T,228(E1),R,-3.942,5
-3.089,-3.182,8,T,228(E1),S,-2.584,2
0,0,,T,228(E1),T,0,
3.301,0.2567,10,T,228(E1),V,0.9519,7
-1.307,-0.638,2,T,228(E1),W,,
-2.522,-2.138,4,T,228(E1),Y,-2.162,3
-3.089,-3.182,6,V,229(E1),A,-3.729,3
-5.376,-6.791,10,V,229(E1),C,-7.04,7
-6.28,-7.326,5,V,229(E1),D,-7.165,4
-6.35,-7.352,9,V,229(E1),E,-8,4
-6.899,-7.51,13,V,229(E1),F,-8,8
-5.484,-6.877,8,V,229(E1),G,-7.322,6
-7.357,-7.592,7,V,229(E1),H,-8,4
1.476,0.2042,3,V,229(E1),I,-2.108,1
-7.166,-7.562,5,V,229(E1),K,-8,3
-3.23,-3.462,14,V,229(E1),L,-3.883,3
-2.851,-2.725,8,V,229(E1),M,-3.026,2
-5.457,-6.856,2,V,229(E1),N,-7.167,1
-3.759,-4.509,4,V,229(E1),P,-5.194,2
-7.173,-7.564,7,V,229(E1),Q,-8,3
-6.701,-7.462,2,V,229(E1),R,-8,1
-5.545,-6.923,3,V,229(E1),S,-7.106,1
-2.546,-2.179,5,V,229(E1),T,-2.527,1
0,0,,V,229(E1),V,0,
-7.333,-7.589,6,V,229(E1),W,-8,4
-5.996,-7.199,6,V,229(E1),Y,-8,3
-3.738,-4.469,2,H,230(E1),A,-3.965,1
-8.41,-7.686,7,H,230(E1),C,-8,5
-6.737,-7.472,4,H,230(E1),D,-8,1
-5.877,-7.136,5,H,230(E1),E,-7.502,2
-5.307,-6.732,8,H,230(E1),F,-7.021,2
-5.876,-7.136,7,H,230(E1),G,-8,3
0,0,,H,230(E1),H,0,
-4.509,-5.801,7,H,230(E1),I,-5.999,5
-6.684,-7.458,1,H,230(E1),K,-8,1
-4.32,-5.509,8,H,230(E1),L,-5.823,4
-3.822,-4.63,8,H,230(E1),M,-6.13,4
-5.604,-6.966,9,H,230(E1),N,-6.881,1
-7.014,-7.534,6,H,230(E1),P,-8,2
-4.729,-6.105,12,H,230(E1),Q,-6.011,7
-5.775,-7.077,10,H,230(E1),R,-7.785,4
-3.808,-4.603,4,H,230(E1),S,-5.069,3
-6.192,-7.29,8,H,230(E1),T,-8,3
-6.554,-7.42,10,H,230(E1),V,-8,5
-7.156,-7.561,4,H,230(E1),W,-8,2
-3.824,-4.634,23,H,230(E1),Y,-4.756,6
0.3691,0.08045,1,V,231(E1),-,,
-2.886,-2.79,11,V,231(E1),A,-2.87,3
-3.329,-3.659,4,V,231(E1),C,-3.97,4
-6.662,-7.452,7,V,231(E1),D,-8,4
-6.809,-7.489,8,V,231(E1),E,-8,1
-5.586,-6.952,6,V,231(E1),F,-8,3
-4.127,-5.186,7,V,231(E1),G,-4.893,3
-7.283,-7.581,6,V,231(E1),H,-8,4
-1.821,-1.139,7,V,231(E1),I,-1.413,6
-7.03,-7.538,13,V,231(E1),K,-8,10
-3.913,-4.801,10,V,231(E1),L,-4.894,7
-4.412,-5.655,26,V,231(E1),M,-6.048,4
-6.315,-7.339,5,V,231(E1),N,-8,2
-8.07,-7.666,5,V,231(E1),P,-8,4
-1.599,-0.9,3,V,231(E1),Q,-4.106,2
-7.525,-7.614,7,V,231(E1),R,-8,4
-3.324,-3.649,5,V,231(E1),S,-4.036,3
-2.889,-2.797,4,V,231(E1),T,-3.664,2
0,0,,V,231(E1),V,0,
-7.017,-7.535,2,V,231(E1),W,-8,2
-6.803,-7.488,8,V,231(E1),Y,-7.64,2
0.0663,0.01658,1,P,232(E1),-,,
-2.249,-1.706,6,P,232(E1),A,-2.139,4
-7.181,-7.565,11,P,232(E1),C,-8,3
-6.625,-7.441,4,P,232(E1),D,-8,2
-3.529,-4.058,2,P,232(E1),E,,
-7.654,-7.629,15,P,232(E1),F,-8,5
-3.423,-3.847,5,P,232(E1),G,-4.361,3
-5.865,-7.129,6,P,232(E1),H,-6.414,2
-7.366,-7.594,8,P,232(E1),I,-8,5
-7.332,-7.589,4,P,232(E1),K,-8,3
-4.684,-6.046,5,P,232(E1),L,-6.108,2
-4.582,-5.905,2,P,232(E1),M,-6.216,1
-6.99,-7.53,5,P,232(E1),N,-8,2
0,0,,P,232(E1),P,0,
-5.256,-6.686,13,P,232(E1),Q,-5.157,3
-7.013,-7.534,8,P,232(E1),R,-8,5
-3.848,-4.68,22,P,232(E1),S,-5.03,3
-6.281,-7.326,21,P,232(E1),T,-8,7
-6.799,-7.487,4,P,232(E1),V,-8,1
-7.402,-7.599,10,P,232(E1),W,-8,6
-7.011,-7.534,2,P,232(E1),Y,-8,2
-6.943,-7.52,5,Y,233(E1),*,,
-0.7664,-0.2862,2,Y,233(E1),-,,
-1.296,-0.6292,5,Y,233(E1),A,-2.941,1
-3.394,-3.79,5,Y,233(E1),C,-4.12,4
-7.546,-7.617,4,Y,233(E1),D,-8,1
-7.591,-7.622,6,Y,233(E1),E,-8,4
-1.543,-0.8456,4,Y,233(E1),F,0.425,2
-7.709,-7.635,9,Y,233(E1),G,-8,4
-1.723,-1.029,6,Y,233(E1),H,-0.9312,1
-1.446,-0.7554,13,Y,233(E1),I,-0.8859,8
-3.085,-3.175,4,Y,233(E1),K,-4.222,2
0.06141,0.01539,7,Y,233(E1),L,-0.5758,5
1.897,0.2257,4,Y,233(E1),M,0.1396,4
-2.956,-2.923,11,Y,233(E1),N,-3.343,6
-8.285,-7.68,8,Y,233(E1),P,-8,4
-6.287,-7.328,6,Y,233(E1),Q,-8,4
-3.375,-3.75,4,Y,233(E1),R,-5.532,4
-2.709,-2.464,5,Y,233(E1),S,-2.736,3
-1.874,-1.201,6,Y,233(E1),T,-1.321,3
-1.85,-1.173,4,Y,233(E1),V,-1.346,4
-2.094,-1.484,5,Y,233(E1),W,-1.754,4
0,0,,Y,233(E1),Y,0,
-0.6132,-0.2123,2,S,234(E1),-,,
-5.355,-6.773,8,S,234(E1),A,-7.415,5
-5.464,-6.862,4,S,234(E1),C,-8,1
1.861,0.2242,2,S,234(E1),D,0.1139,2
-2.217,-1.657,4,S,234(E1),E,-1.287,2
-4.103,-5.146,8,S,234(E1),F,-6.528,4
-3.192,-3.386,6,S,234(E1),G,-8,1
-4.091,-5.124,7,S,234(E1),H,-6.338,2
-3.519,-4.039,7,S,234(E1),I,-4.198,3
-4.256,-5.405,4,S,234(E1),K,-6.367,2
-6.285,-7.327,5,S,234(E1),L,-8,4
-2.667,-2.389,9,S,234(E1),M,-2.804,5
-3.343,-3.687,1,S,234(E1),N,,
-7.252,-7.576,4,S,234(E1),P,-8,3
-2.463,-2.041,6,S,234(E1),Q,-2.758,4
-13.07,-7.737,4,S,234(E1),R,-8,2
0,0,,S,234(E1),S,0,
-2.571,-2.222,5,S,234(E1),T,-2.841,2
-4.579,-5.902,10,S,234(E1),V,-5.605,4
-3.387,-3.775,2,S,234(E1),W,-4.094,1
-3.547,-4.095,3,S,234(E1),Y,-4.83,1
-6.258,-7.317,8,Q,235(E1),*,,
-0.401,-0.1252,2,Q,235(E1),-,,
-4.94,-6.362,8,Q,235(E1),A,-6.196,5
-5.663,-7.005,8,Q,235(E1),C,-7.223,6
-7.083,-7.548,12,Q,235(E1),D,-8,7
-3.573,-4.145,3,Q,235(E1),E,-4.043,2
-6.661,-7.451,10,Q,235(E1),F,-8,6
-6.365,-7.358,7,Q,235(E1),G,-8,4
-6.872,-7.504,12,Q,235(E1),H,-8,2
-2.452,-2.022,12,Q,235(E1),I,-2.857,6
-6.041,-7.221,7,Q,235(E1),K,-7.692,3
-7.749,-7.639,15,Q,235(E1),L,-8,8
-5.227,-6.659,5,Q,235(E1),M,-6.582,2
-2.77,-2.575,6,Q,235(E1),N,-2.776,4
-7.127,-7.556,9,Q,235(E1),P,-8,9
0,0,,Q,235(E1),Q,0,
-7.867,-7.65,53,Q,235(E1),R,-8,9
-3.79,-4.568,6,Q,235(E1),S,-4.988,5
-6.686,-7.458,4,Q,235(E1),T,-8,1
-3.713,-4.421,6,Q,235(E1),V,-4.204,5
-7.134,-7.557,6,Q,235(E1),W,-8,4
-6.738,-7.472,2,Q,235(E1),Y,-8,1
0.3233,0.07192,2,A,236(E1),-,,
0,0,,A,236(E1),A,0,
-3.958,-4.885,1,A,236(E1),C,,
-4.572,-5.892,14,A,236(E1),D,-5.553,6
-3.873,-4.727,1,A,236(E1),E,-4.96,1
-3.177,-3.355,6,A,236(E1),F,-4.285,3
-4.142,-5.213,8,A,236(E1),G,-5.546,5
-5.785,-7.083,6,A,236(E1),H,-8,3
1.584,0.2106,8,A,236(E1),I,-0.01998,5
-7.033,-7.538,3,A,236(E1),K,-8,2
-2.709,-2.464,1,A,236(E1),L,-2.768,1
-2.296,-1.775,2,A,236(E1),M,-2.072,1
-3.778,-4.546,6,A,236(E1),N,-4.439,2
-6.528,-7.412,10,A,236(E1),P,-8,5
-4.273,-5.433,3,A,236(E1),Q,-5.413,2
-3.508,-4.016,1,A,236(E1),R,-4.338,1
-3.32,-3.641,10,A,236(E1),S,-4.309,4
-2.638,-2.337,16,A,236(E1),T,-2.547,4
-1.597,-0.8985,10,A,236(E1),V,-3.214,1
-3.089,-3.182,5,A,236(E1),W,-3.259,2
-2.073,-1.456,7,A,236(E1),Y,-2.137,5
0.1044,0.02565,2,P,237(E1),-,,
-3.594,-4.188,1,P,237(E1),A,-4.548,1
-7.628,-7.626,6,P,237(E1),C,-8,4
-5.694,-7.026,2,P,237(E1),D,,
-4.725,-6.099,3,P,237(E1),E,-6.794,2
-3.748,-4.488,4,P,237(E1),F,,
-6.744,-7.473,7,P,237(E1),G,-8,1
-5.455,-6.855,5,P,237(E1),H,,
-7.161,-7.562,9,P,237(E1),I,-8,1
-5.208,-6.641,3,P,237(E1),K,-7.013,2
-4.493,-5.777,6,P,237(E1),L,-6.582,2
-4.106,-5.151,4,P,237(E1),M,-6.443,2
-5.129,-6.565,3,P,237(E1),N,,
0,0,,P,237(E1),P,0,
-4.624,-5.964,4,P,237(E1),Q,-6.23,2
-5.668,-7.009,2,P,237(E1),R,-7.4,2
-6.919,-7.515,5,P,237(E1),S,-8,1
-4.025,-5.006,7,P,237(E1),T,-5.701,3
-6.042,-7.222,4,P,237(E1),V,-8,1
-6.246,-7.312,6,P,237(E1),W,-8,4
-8.006,-7.661,4,P,237(E1),Y,-8,1
-1.178,-0.5393,3,S,238(E1),-,,
-1.797,-1.112,5,S,238(E1),A,-1.411,2
-4.091,-5.124,8,S,238(E1),C,-5.196,2
-7.182,-7.565,5,S,238(E1),D,-8,3
-7.426,-7.602,7,S,238(E1),E,-8,4
-5.888,-7.142,4,S,238(E1),F,-8,3
-4.342,-5.545,7,S,238(E1),G,-4.679,3
-7.382,-7.596,6,S,238(E1),H,-8,3
-6.363,-7.357,13,S,238(E1),I,-8,3
-7.33,-7.588,7,S,238(E1),K,-8,3
-5.683,-7.019,6,S,238(E1),L,-8,4
-1.376,-0.6951,3,S,238(E1),M,,
-7.681,-7.632,14,S,238(E1),N,-8,3
-2.655,-2.367,5,S,238(E1),P,-2.668,4
-5.941,-7.171,3,S,238(E1),Q,-8,3
-8.331,-7.682,10,S,238(E1),R,-8,3
0,0,,S,238(E1),S,0,
-3.267,-3.535,3,S,238(E1),T,-4.282,1
-7.204,-7.569,7,S,238(E1),V,-8,4
-6.654,-7.449,4,S,238(E1),W,-8,1
-6.95,-7.521,10,S,238(E1),Y,-8,7
-3.476,-3.954,4,G,239(E1),-,,
-4.319,-5.509,4,G,239(E1),A,,
-7.21,-7.57,7,G,239(E1),C,-8,4
-7.357,-7.592,42,G,239(E1),D,-8,8
-5.267,-6.696,3,G,239(E1),E,-6.991,3
-7.311,-7.586,5,G,239(E1),F,-8,1
0,0,,G,239(E1),G,0,
-8.764,-7.702,10,G,239(E1),H,-8,5
-6.955,-7.522,3,G,239(E1),I,-8,2
-5.958,-7.18,7,G,239(E1),K,-8,2
-7.926,-7.655,4,G,239(E1),L,-8,1
-7.02,-7.536,3,G,239(E1),M,-8,2
-7.009,-7.533,3,G,239(E1),N,-8,2
-7.535,-7.616,7,G,239(E1),P,-8,1
-7.587,-7.622,6,G,239(E1),Q,-8,3
-6.61,-7.437,4,G,239(E1),R,-8,3
-7.238,-7.574,7,G,239(E1),S,-8,1
-7.25,-7.576,6,G,239(E1),T,-8,3
-6.653,-7.449,17,G,239(E1),V,-8,7
1.27,0.1901,1,G,239(E1),W,0.07603,1
-6.475,-7.395,7,G,239(E1),Y,-8,5
-0.7734,-0.2898,2,F,240(E1),-,,
-7.18,-7.565,4,F,240(E1),A,-8,3
-7.356,-7.592,5,F,240(E1),C,-8,4
-7.208,-7.569,4,F,240(E1),D,-8,3
-7.186,-7.566,4,F,240(E1),E,-8,3
0,0,,F,240(E1),F,0,
-5.426,-6.832,4,F,240(E1),G,-7.117,1
-7.007,-7.533,2,F,240(E1),H,-8,2
-5.461,-6.86,7,F,240(E1),I,-6.705,1
-6.552,-7.42,3,F,240(E1),K,-8,1
-5.985,-7.193,14,F,240(E1),L,-8,1
-7.014,-7.534,3,F,240(E1),M,-8,2
-0.6873,-0.2468,1,F,240(E1),P,,
-6.721,-7.467,2,F,240(E1),Q,-8,1
-6.69,-7.459,3,F,240(E1),R,-8,1
-6.8,-7.487,4,F,240(E1),S,-8,1
-5.337,-6.758,4,F,240(E1),T,-7.013,2
-4.404,-5.642,3,F,240(E1),V,-6.517,2
-2.437,-1.997,2,F,240(E1),W,,
2.686,0.2481,2,F,240(E1),Y,,
-6.555,-7.421,1,K,241(E1),*,,
0.1072,0.02632,1,K,241(E1),-,,
-2.71,-2.465,2,K,241(E1),A,-4.87,2
-2.375,-1.898,5,K,241(E1),C,-1.728,2
-3.743,-4.478,4,K,241(E1),D,-4.774,3
-4.448,-5.709,7,K,241(E1),E,-6.511,2
-6.506,-7.405,2,K,241(E1),F,-8,1
-1.874,-1.201,3,K,241(E1),G,,
-2.41,-1.955,3,K,241(E1),H,-2.305,3
-3.629,-4.257,2,K,241(E1),I,-4.579,1
0,0,,K,241(E1),K,0,
-5.875,-7.135,3,K,241(E1),L,-8,3
-2.345,-1.851,2,K,241(E1),M,-2.201,1
-6.108,-7.253,6,K,241(E1),N,-6.971,2
-6.767,-7.479,3,K,241(E1),P,-8,1
-2.275,-1.745,1,K,241(E1),Q,-2.062,1
0.09492,0.02343,3,K,241(E1),R,-0.2746,1
-3.6,-4.199,2,K,241(E1),S,-4.685,2
-3.752,-4.496,3,K,241(E1),T,-4.25,1
-3.813,-4.612,5,K,241(E1),W,-4.769,4
-1.426,-0.7382,2,K,241(E1),Y,,
-4.267,-5.424,2,Y,242(E1),A,-6.35,2
-5.967,-7.184,5,Y,242(E1),C,-8,3
-5.122,-6.557,5,Y,242(E1),D,-5.473,2
-3.699,-4.394,3,Y,242(E1),E,-4.333,3
-4.594,-5.922,1,Y,242(E1),F,,
-4.227,-5.358,2,Y,242(E1),G,-5.65,1
-1.812,-1.129,2,Y,242(E1),H,,
-5.939,-7.17,4,Y,242(E1),K,-8,2
-5.299,-6.725,3,Y,242(E1),L,-6.168,2
-3.913,-4.802,6,Y,242(E1),N,-6.071,2
-8.114,-7.669,3,Y,242(E1),P,-6.722,1
-6.632,-7.443,2,Y,242(E1),Q,-8,1
-6.703,-7.463,1,Y,242(E1),S,-8,1
-4.39,-5.621,4,Y,242(E1),T,-5.215,3
-6.7,-7.462,1,Y,242(E1),V,-8,1
-2.149,-1.561,4,Y,242(E1),W,-2.012,1
0,0,,Y,242(E1),Y,0,
-8.221,-7.676,41,W,243(E1),*,-8,8
-7.014,-7.534,2,W,243(E1),A,-8,2
-6.7,-7.462,9,W,243(E1),C,-8,4
-6.491,-7.4,1,W,243(E1),D,-8,1
-11.98,-7.736,4,W,243(E1),E,-7.226,2
-1.923,-1.261,3,W,243(E1),F,-1.236,3
-6.612,-7.437,2,W,243(E1),H,-8,1
-5.827,-7.108,3,W,243(E1),I,-7.647,2
-5.073,-6.507,2,W,243(E1),K,-7.123,1
-5.87,-7.132,8,W,243(E1),L,-8,3
-6.113,-7.255,4,W,243(E1),M,,
-7.029,-7.537,2,W,243(E1),N,-8,2
-7.171,-7.563,5,W,243(E1),P,-8,3
-7.043,-7.54,5,W,243(E1),Q,-8,2
-6.699,-7.462,3,W,243(E1),R,-8,1
-6.713,-7.465,3,W,243(E1),S,-8,2
-6.326,-7.343,5,W,243(E1),T,-8,4
-7.313,-7.586,5,W,243(E1),V,-8,4
0,0,,W,243(E1),W,0,
0.4344,0.09197,1,L,244(E1),A,,
-9.452,-7.72,1,L,244(E1),C,,
-4.687,-6.05,4,L,244(E1),D,-6.499,2
-3.271,-3.544,5,L,244(E1),E,-3.618,4
-2.083,-1.469,3,L,244(E1),F,-1.237,1
-4.552,-5.863,4,L,244(E1),G,-6.108,1
-0.7369,-0.2712,2,L,244(E1),H,,
-0.1477,-0.04084,3,L,244(E1),I,,
-1.926,-1.265,1,L,244(E1),K,,
0,0,,L,244(E1),L,0,
-0.1958,-0.0554,7,L,244(E1),M,0.1799,3
-5.445,-6.847,4,L,244(E1),N,,
-4.61,-5.946,5,L,244(E1),P,,
0.9758,0.1641,2,L,244(E1),Q,-0.04347,1
-1.92,-1.257,2,L,244(E1),S,-1.585,1
-0.4639,-0.1493,1,L,244(E1),T,,
-3.184,-3.371,2,L,244(E1),W,,
-2.04,-1.411,2,L,244(E1),Y,-1.771,1
-4.303,-5.482,1,K,245(E1),*,,
-2.099,-1.491,1,K,245(E1),A,,
2.999,0.2531,3,K,245(E1),D,0.5032,3
0.7754,0.1417,7,K,245(E1),G,,
2.818,0.2504,1,K,245(E1),H,2.197,1
1.27,0.1901,7,K,245(E1),I,1.635,4
0,0,,K,245(E1),K,0,
0.6793,0.1293,4,K,245(E1),L,1.424,3
1.329,0.1944,6,K,245(E1),M,,
3.453,0.2581,7,K,245(E1),N,1.003,4
-3.819,-4.624,2,K,245(E1),P,-4.947,1
3.201,0.2556,2,K,245(E1),Q,0.7962,1
0.5214,0.1063,1,K,245(E1),R,,
3.606,0.2594,2,K,245(E1),S,,
-2.026,-1.392,1,K,245(E1),T,-1.731,1
0.5891,0.1166,3,K,245(E1),V,,
3.862,0.2611,2,K,245(E1),W,-0.7546,1
1.445,0.2023,6,K,245(E1),Y,1.306,3
-1.373,-0.6923,1,E,246(E1),*,,
-6.119,-7.258,4,E,246(E1),A,,
-6.176,-7.283,2,E,246(E1),C,,
1.691,0.2163,7,E,246(E1),D,-1.298,3
0,0,,E,246(E1),E,0,
-7.19,-7.566,1,E,246(E1),F,-8,1
-3.589,-4.177,7,E,246(E1),G,-4.128,2
-6.637,-7.445,1,E,246(E1),H,-8,1
-6.972,-7.526,4,E,246(E1),K,-8,1
-4.479,-5.756,2,E,246(E1),L,-6.535,2
-6.879,-7.506,6,E,246(E1),M,-8,3
-7.151,-7.56,1,E,246(E1),N,-8,1
-7.422,-7.601,5,E,246(E1),P,-8,3
-5.159,-6.595,3,E,246(E1),Q,-6.229,1
-6.507,-7.406,2,E,246(E1),R,-8,1
-4.447,-5.708,3,E,246(E1),S,-5.933,2
-5.401,-6.811,3,E,246(E1),T,-7.126,2
-3.938,-4.848,2,E,246(E1),V,-5.342,1
-6.374,-7.361,3,E,246(E1),W,,
-2.684,-2.418,1,E,246(E1),Y,,
-3.153,-3.309,1,R,247(E1),*,,
-1.796,-1.11,1,R,247(E1),A,,
-6.416,-7.375,5,R,247(E1),C,-8,1
-7.392,-7.597,4,R,247(E1),D,-8,2
-6.246,-7.312,2,R,247(E1),E,-8,1
-7.65,-7.629,6,R,247(E1),F,-8,4
-2.513,-2.123,3,R,247(E1),G,,
-1.712,-1.017,2,R,247(E1),H,,
-2.222,-1.665,4,R,247(E1),I,-4.483,2
-0.2316,-0.06664,6,R,247(E1),K,,
-3.035,-3.078,2,R,247(E1),M,,
-3.677,-4.35,6,R,247(E1),N,-4.713,4
-3.666,-4.329,1,R,247(E1),P,-4.648,1
-5.274,-6.702,6,R,247(E1),Q,-6.093,4
0,0,,R,247(E1),R,0,
-4.728,-6.104,5,R,247(E1),S,-6.334,3
-2.408,-1.95,2,R,247(E1),T,,
-2.724,-2.492,1,R,247(E1),V,-2.76,1
-4.524,-5.823,2,R,247(E1),W,,
-8.155,-7.672,4,R,247(E1),Y,-8,2
-4.001,-4.963,5,G,248(E1),C,,
-1.818,-1.136,7,G,248(E1),D,-2.431,1
-1.624,-0.9255,2,G,248(E1),E,,
-3.538,-4.077,3,G,248(E1),F,-4.106,3
0,0,,G,248(E1),G,0,
-2.107,-1.501,3,G,248(E1),H,-0.7858,2
-2.971,-2.952,8,G,248(E1),I,-2.74,6
0.1653,0.03951,1,G,248(E1),K,,
2.352,0.2407,1,G,248(E1),L,,
-1.697,-1.001,3,G,248(E1),M,-1.382,1
-2.229,-1.675,3,G,248(E1),N,-2.251,3
-2.168,-1.588,6,G,248(E1),S,-3.559,1
-1.984,-1.338,1,G,248(E1),T,-1.715,1
-2.92,-2.856,3,G,248(E1),V,-3.038,1
-2.981,-2.972,2,G,248(E1),W,-3.291,1
-4.094,-5.129,1,G,248(E1),Y,,
0,0,,A,249(E1),A,0,
-6.663,-7.452,4,A,249(E1),D,-8,1
-4.574,-5.895,3,A,249(E1),E,-6.363,1
-5.91,-7.154,3,A,249(E1),F,-8,3
-2.262,-1.724,3,A,249(E1),G,-1.21,1
-8.381,-7.685,5,A,249(E1),H,-8,1
0.3982,0.08567,1,A,249(E1),I,,
-2.542,-2.172,2,A,249(E1),K,,
-3.991,-4.945,3,A,249(E1),L,-4.772,3
-1.703,-1.008,1,A,249(E1),M,-1.303,1
-1.754,-1.063,7,A,249(E1),P,-1.091,2
2.705,0.2484,2,A,249(E1),Q,0.6296,1
-1.366,-0.6865,3,A,249(E1),R,-0.0758,2
8.643,0.2668,7,A,249(E1),S,0.3126,3
-1.455,-0.7636,17,A,249(E1),T,-0.5217,3
-0.8023,-0.3049,6,A,249(E1),V,,
-5.154,-6.59,3,A,249(E1),W,,
-4.077,-5.099,1,A,249(E1),Y,-5.315,1
0.1373,0.03323,2,S,250(E1),A,-0.2731,2
-3.216,-3.434,3,S,250(E1),C,-3.943,3
-0.5598,-0.1888,1,S,250(E1),D,-0.5113,1
-7.751,-7.639,11,S,250(E1),F,-7.787,3
-3.103,-3.209,2,S,250(E1),G,-3.567,1
-3.101,-3.205,4,S,250(E1),H,-3.685,2
-6.36,-7.356,1,S,250(E1),I,-8,1
-6.678,-7.456,4,S,250(E1),K,-7.49,2
-2.339,-1.842,2,S,250(E1),M,-2.14,1
-1.983,-1.337,2,S,250(E1),N,-1.608,1
-0.6792,-0.2429,5,S,250(E1),P,-0.6489,3
-4.659,-6.012,2,S,250(E1),Q,,
-4.411,-5.654,2,S,250(E1),R,-8,1
0,0,,S,250(E1),S,0,
-3.046,-3.098,2,S,250(E1),T,,
-6.986,-7.529,4,S,250(E1),V,-8,2
-6.995,-7.53,4,S,250(E1),W,-8,2
-6.081,-7.24,4,S,250(E1),Y,-6.707,2
-5.908,-7.153,3,L,251(E1),A,-8,3
-6.081,-7.24,6,L,251(E1),C,-6.464,2
-5.205,-6.638,3,L,251(E1),D,-7.028,1
-6.148,-7.27,1,L,251(E1),E,-7.996,1
-1.701,-1.005,3,L,251(E1),F,,
-7.492,-7.61,3,L,251(E1),G,-8,2
-7.187,-7.566,5,L,251(E1),H,-8,1
-1.144,-0.5148,6,L,251(E1),I,-1.073,3
-6.593,-7.432,1,L,251(E1),K,-8,1
0,0,,L,251(E1),L,0,
-1.804,-1.12,9,L,251(E1),M,-0.3145,1
-7.144,-7.559,9,L,251(E1),P,-8,2
-7.193,-7.567,7,L,251(E1),Q,-8,3
-6.124,-7.26,1,L,251(E1),R,-8,1
-6.409,-7.373,8,L,251(E1),S,-8,4
-3.628,-4.254,4,L,251(E1),T,-5.801,2
-2.126,-1.528,2,L,251(E1),V,-3.592,2
-7.019,-7.535,4,L,251(E1),Y,-8,2
-5.607,-6.967,10,Q,252(E1),*,-7.409,2
2.43,0.2426,3,Q,252(E1),A,1.007,1
-2.051,-1.426,4,Q,252(E1),C,0.3373,3
0.1624,0.03886,3,Q,252(E1),D,0.5461,2
-0.8291,-0.3193,4,Q,252(E1),E,-0.9968,2
-1.442,-0.7523,1,Q,252(E1),F,,
-1.025,-0.4348,2,Q,252(E1),G,-0.3813,1
6.912,0.2666,7,Q,252(E1),H,-0.7844,2
-0.5422,-0.1813,1,Q,252(E1),I,,
-0.4603,-0.1479,5,Q,252(E1),K,0.4337,1
4.638,0.2642,3,Q,252(E1),L,-1.488,1
1.027,0.1692,2,Q,252(E1),M,1.219,1
3.319,0.2569,1,Q,252(E1),N,,
-3.21,-3.421,6,Q,252(E1),P,-3.716,3
0,0,,Q,252(E1),Q,0,
3.574,0.2591,1,Q,252(E1),R,,
0.5851,0.116,2,Q,252(E1),T,-0.1435,2
-1.707,-1.012,7,Q,252(E1),V,-1.185,7
-0.2085,-0.05935,2,Q,252(E1),Y,-1.621,1
-1.343,-0.6676,2,H,253(E1),A,-0.969,2
-2.323,-1.816,5,H,253(E1),C,-2.024,1
-3.557,-4.114,1,H,253(E1),D,-4.427,1
0.1335,0.03236,1,H,253(E1),E,,
1.217,0.1859,3,H,253(E1),F,0.651,1
0,0,,H,253(E1),H,0,
-7.816,-7.645,2,H,253(E1),I,,
-4.943,-6.366,3,H,253(E1),K,,
-1.199,-0.5547,3,H,253(E1),L,,
-1.683,-0.9866,3,H,253(E1),M,-1.307,3
-0.9023,-0.3604,5,H,253(E1),N,-0.4017,2
-7.684,-7.632,7,H,253(E1),P,-8,3
-0.5336,-0.1777,4,H,253(E1),Q,-1.352,2
-2.596,-2.264,1,H,253(E1),R,-2.563,1
-0.7121,-0.2589,3,H,253(E1),S,-0.5897,3
-5.799,-7.091,3,H,253(E1),V,-4.656,1
-6.452,-7.388,3,H,253(E1),W,-8,1
1.282,0.191,12,H,253(E1),Y,1.588,2
-5.23,-6.662,1,T,254(E1),*,,
0.8964,0.1558,1,T,254(E1),A,-0.07497,1
-2.732,-2.505,2,T,254(E1),C,-2.803,2
-6.583,-7.429,2,T,254(E1),D,-8,1
-7.019,-7.535,4,T,254(E1),E,-8,2
-6.735,-7.471,4,T,254(E1),G,-8,2
-1.332,-0.6579,2,T,254(E1),H,-1.143,2
-2.301,-1.784,6,T,254(E1),I,-2.086,3
-1.026,-0.436,3,T,254(E1),K,-0.7251,1
-0.8421,-0.3264,2,T,254(E1),M,-0.6357,1
2.664,0.2477,3,T,254(E1),N,,
-5.959,-7.18,4,T,254(E1),P,-8,1
-2.554,-2.192,4,T,254(E1),Q,-2.76,2
0.7883,0.1433,1,T,254(E1),R,-0.09568,1
-2.191,-1.62,5,T,254(E1),S,-2.615,2
0,0,,T,254(E1),T,0,
-6.702,-7.462,3,T,254(E1),W,-8,1
-5.314,-6.738,4,T,254(E1),Y,-7.079,2
0,0,,A,255(E1),A,0,
-1.47,-0.7772,4,A,255(E1),C,-1.34,3
-7.046,-7.541,9,A,255(E1),D,-8,6
-7.262,-7.578,3,A,255(E1),E,-8,2
-5.538,-6.918,4,A,255(E1),F,-7.22,2
-0.4858,-0.158,5,A,255(E1),G,-0.7672,3
-5.465,-6.863,10,A,255(E1),H,-7.017,7
-6.837,-7.496,5,A,255(E1),I,-8,3
-7.183,-7.565,6,A,255(E1),K,-8,3
-2.028,-1.395,6,A,255(E1),L,-1.364,4
-3.636,-4.27,7,A,255(E1),M,-4.208,4
-7.044,-7.54,4,A,255(E1),N,-8,2
-7.823,-7.646,7,A,255(E1),P,-8,3
-4.354,-5.564,6,A,255(E1),Q,-8,1
-6.301,-7.334,4,A,255(E1),R,-7.691,2
1.078,0.174,3,A,255(E1),S,-1.11,1
-0.4321,-0.137,28,A,255(E1),T,0.1231,7
-4.49,-5.772,31,A,255(E1),V,-5.316,6
-10.51,-7.731,8,A,255(E1),W,-8,5
-7.008,-7.533,6,A,255(E1),Y,-8,2
1.526,0.2073,1,P,256(E1),-,,
-0.1734,-0.04853,6,P,256(E1),A,-0.2688,4
-6.786,-7.484,7,P,256(E1),C,-8,5
-6.266,-7.32,4,P,256(E1),D,-8,2
-3.608,-4.216,5,P,256(E1),E,-3.624,3
-7.608,-7.624,3,P,256(E1),F,-8,1
-2.649,-2.356,4,P,256(E1),G,-1.613,1
-6.983,-7.528,6,P,256(E1),H,-8,2
-7.011,-7.534,5,P,256(E1),I,-8,2
-7.306,-7.585,5,P,256(E1),K,-8,4
-8.212,-7.675,5,P,256(E1),L,-8,1
-4.113,-5.162,9,P,256(E1),M,-6.128,5
-7.95,-7.657,9,P,256(E1),N,-8,4
0,0,,P,256(E1),P,0,
-1.78,-1.092,6,P,256(E1),Q,-0.5598,2
-5.482,-6.876,9,P,256(E1),R,-8,3
-0.06105,-0.0162,4,P,256(E1),S,0.1568,3
-6.709,-7.464,3,P,256(E1),T,-8,1
-7.027,-7.537,4,P,256(E1),V,-8,2
-7.112,-7.553,4,P,256(E1),W,-8,2
-6.536,-7.415,5,P,256(E1),Y,-8,2
1.388,0.1985,2,F,257(E1),-,,
-6.565,-7.424,3,F,257(E1),A,-8,1
-7.666,-7.63,4,F,257(E1),C,-8,1
-8.047,-7.664,2,F,257(E1),D,-8,1
-6.003,-7.203,8,F,257(E1),E,-7.333,4
0,0,,F,257(E1),F,0,
-7.236,-7.574,4,F,257(E1),G,-8,3
-8.662,-7.698,7,F,257(E1),I,-6.947,2
-7.02,-7.535,3,F,257(E1),K,-8,2
-2.912,-2.84,17,F,257(E1),L,-2.157,2
-1.315,-0.6443,5,F,257(E1),M,-1.191,2
-4.427,-5.678,5,F,257(E1),N,-6.5,2
-6.532,-7.414,8,F,257(E1),P,-8,3
-7.011,-7.534,3,F,257(E1),Q,-8,2
-6.969,-7.525,4,F,257(E1),R,-8,3
-5.484,-6.877,6,F,257(E1),S,-6.936,3
-5.562,-6.936,4,F,257(E1),T,-7.304,1
-6.148,-7.271,3,F,257(E1),V,-7.627,2
-2.139,-1.546,3,F,257(E1),W,,
-6.098,-7.248,9,F,257(E1),Y,-8,5
0.09366,0.02313,4,G,258(E1),-,,
-1.001,-0.4199,6,G,258(E1),A,1.106,2
-4.11,-5.157,10,G,258(E1),C,-5.588,4
-7.214,-7.57,14,G,258(E1),D,-8,5
-6.139,-7.267,10,G,258(E1),E,-8,6
-7.163,-7.562,5,G,258(E1),F,-8,3
0,0,,G,258(E1),G,0,
-3.137,-3.277,3,G,258(E1),H,-3.467,1
-5.635,-6.987,5,G,258(E1),I,-7.476,4
-6.384,-7.364,7,G,258(E1),K,-8,3
-7.401,-7.598,4,G,258(E1),L,-8,1
-2.106,-1.501,7,G,258(E1),M,-2.402,2
-5.052,-6.485,5,G,258(E1),N,-6.777,2
-6.742,-7.473,9,G,258(E1),P,-8,2
-2.718,-2.48,5,G,258(E1),Q,-2.785,2
-3.226,-3.454,7,G,258(E1),R,-3.392,3
-2.499,-2.1,6,G,258(E1),S,-2.751,2
-4.772,-6.16,10,G,258(E1),T,-6.752,8
-6.94,-7.519,8,G,258(E1),V,-8,3
-10.72,-7.733,7,G,258(E1),W,-8,1
-7.29,-7.582,6,G,258(E1),Y,-8,2
-6.568,-7.424,8,C,259(E1),*,-7.635,2
-1.456,-0.765,3,C,259(E1),-,,
-6.368,-7.358,5,C,259(E1),A,-8,4
0,0,,C,259(E1),C,0,
-7.556,-7.618,8,C,259(E1),D,-8,4
-7.609,-7.624,4,C,259(E1),E,-8,2
-7.586,-7.622,11,C,259(E1),F,-8,4
-5.488,-6.881,2,C,259(E1),G,-7.177,2
-6.639,-7.445,7,C,259(E1),H,-8,6
-7.486,-7.61,7,C,259(E1),I,-8,6
-6.716,-7.466,3,C,259(E1),K,-8,1
-8.13,-7.67,7,C,259(E1),L,-8,2
-4.229,-5.361,3,C,259(E1),M,-5.43,3
-6.575,-7.427,1,C,259(E1),N,-8,1
-7.478,-7.609,8,C,259(E1),P,-8,6
-7.027,-7.537,2,C,259(E1),Q,-8,2
-7.32,-7.587,11,C,259(E1),R,-8,4
-8.153,-7.672,7,C,259(E1),S,-8,1
-7.78,-7.642,6,C,259(E1),T,-8,3
-6.246,-7.312,8,C,259(E1),V,-8,4
-6.781,-7.483,10,C,259(E1),W,-8,5
-8.471,-7.689,70,C,259(E1),Y,-8,10
-8.139,-7.671,8,Q,260(E1),*,-8,1
-0.6046,-0.2085,4,Q,260(E1),-,,
-0.541,-0.1808,10,Q,260(E1),A,0.4965,3
-1.777,-1.089,6,Q,260(E1),C,-0.5083,2
1.491,0.2052,5,Q,260(E1),D,0.165,2
-2.146,-1.556,3,Q,260(E1),E,-1.944,1
-1.177,-0.5387,5,Q,260(E1),F,-0.4674,2
-0.562,-0.1898,4,Q,260(E1),G,,
-1.101,-0.4851,4,Q,260(E1),H,,
-1.827,-1.147,4,Q,260(E1),I,-1.478,3
-0.9701,-0.4007,5,Q,260(E1),K,-2.103,1
-0.7947,-0.3009,5,Q,260(E1),L,-1.126,3
0.8069,0.1455,8,Q,260(E1),M,-0.1832,5
-0.5709,-0.1936,5,Q,260(E1),N,0.6587,2
-9.765,-7.724,7,Q,260(E1),P,-7.514,2
0,0,,Q,260(E1),Q,0,
-1.308,-0.6384,4,Q,260(E1),R,-1.965,1
0.7658,0.1405,3,Q,260(E1),S,-0.1886,2
1.69,0.2162,7,Q,260(E1),T,0.02709,5
-0.3384,-0.1025,5,Q,260(E1),V,0.5978,3
-0.3092,-0.09234,7,Q,260(E1),W,-0.2372,5
-1.205,-0.559,5,Q,260(E1),Y,-0.8471,5
-0.5662,-0.1916,3,I,261(E1),-,,
-7.035,-7.538,3,I,261(E1),A,-8,2
-7,-7.532,2,I,261(E1),C,,
-6.962,-7.524,3,I,261(E1),D,-8,2
-7.152,-7.56,4,I,261(E1),E,-8,2
3.337,0.2571,9,I,261(E1),F,0.2619,5
-4.996,-6.425,4,I,261(E1),G,-5.915,1
-7.47,-7.608,10,I,261(E1),H,-8,5
0,0,,I,261(E1),I,0,
-7.134,-7.557,18,I,261(E1),K,-8,10
-1.939,-1.281,6,I,261(E1),L,-1,3
-0.9782,-0.4057,4,I,261(E1),M,0.00385,2
-6.849,-7.499,11,I,261(E1),N,-8,7
-7.124,-7.555,7,I,261(E1),P,-8,3
-6.873,-7.504,7,I,261(E1),Q,-8,4
-6.656,-7.45,4,I,261(E1),R,-8,1
-6.483,-7.398,5,I,261(E1),S,-8,1
-4.33,-5.527,6,I,261(E1),T,-5.63,3
-0.7875,-0.2971,7,I,261(E1),V,1.204,4
-6.395,-7.368,8,I,261(E1),W,-8,4
-7.299,-7.584,5,I,261(E1),Y,-8,3
-2.172,-1.593,3,A,262(E1),-,,
0,0,,A,262(E1),A,0,
-2.802,-2.634,3,A,262(E1),C,-0.6566,1
-0.2179,-0.06228,5,A,262(E1),D,1.057,2
-1.986,-1.341,4,A,262(E1),E,-2.136,3
-1.384,-0.7016,4,A,262(E1),F,-1.465,2
-1.642,-0.9431,2,A,262(E1),G,-1.267,2
-1.251,-0.5938,9,A,262(E1),H,-0.6117,4
-0.7726,-0.2894,8,A,262(E1),I,-0.6245,2
-1.689,-0.9928,3,A,262(E1),K,-1.209,2
-1.107,-0.4895,5,A,262(E1),L,-1.979,3
0.3073,0.06885,2,A,262(E1),M,-0.2064,1
4.313,0.2632,3,A,262(E1),N,0.1764,2
-3.861,-4.704,15,A,262(E1),P,-4.883,8
0.7915,0.1437,5,A,262(E1),Q,-0.1516,5
2.904,0.2518,5,A,262(E1),R,-0.9831,3
0.411,0.08793,6,A,262(E1),S,-1.218,1
-1.486,-0.7917,44,A,262(E1),T,-0.9978,6
-2.22,-1.663,12,A,262(E1),V,-2.581,3
-0.4499,-0.1438,2,A,262(E1),W,,
1.772,0.2202,7,A,262(E1),Y,-0.5124,4
-1.889,-1.22,3,T,263(E1),-,,
1.596,0.2113,8,T,263(E1),A,0.3842,5
-2.037,-1.407,4,T,263(E1),C,-1.502,2
-7.537,-7.616,4,T,263(E1),D,,
-3.269,-3.539,9,T,263(E1),E,-4.12,4
-2.908,-2.833,3,T,263(E1),F,-2.313,2
-1.369,-0.6885,7,T,263(E1),G,-0.4065,4
-3.571,-4.142,4,T,263(E1),H,-4.441,3
-1.204,-0.5585,12,T,263(E1),I,-0.9933,7
-5.254,-6.685,6,T,263(E1),K,-6.812,4
-2.014,-1.378,3,T,263(E1),L,-1.681,2
-2.143,-1.552,9,T,263(E1),M,-2.241,4
-1.795,-1.11,3,T,263(E1),N,-0.4772,1
-1.875,-1.203,4,T,263(E1),P,-1.521,3
-2.666,-2.387,2,T,263(E1),Q,-4.857,2
-3.949,-4.867,1,T,263(E1),R,-5.182,1
-0.8347,-0.3224,5,T,263(E1),S,-0.4376,4
0,0,,T,263(E1),T,0,
0.1509,0.03629,7,T,263(E1),V,-0.2077,6
0.1282,0.03117,3,T,263(E1),W,-0.3146,2
-2.014,-1.377,8,T,263(E1),Y,-2.134,5
-2.702,-2.451,1,N,264(E1),*,-2.727,1
-0.5123,-0.1688,3,N,264(E1),-,,
-0.2843,-0.08392,7,N,264(E1),A,0.169,4
-3.397,-3.796,1,N,264(E1),C,-4.132,1
3.392,0.2576,5,N,264(E1),D,-1.451,2
-0.02832,-0.007401,3,N,264(E1),E,-0.06649,1
-0.4257,-0.1345,9,N,264(E1),F,-0.05629,4
3.772,0.2605,5,N,264(E1),G,1.275,2
-1.725,-1.032,5,N,264(E1),H,-2.518,2
-2.434,-1.993,1,N,264(E1),I,-2.314,1
1.128,0.1785,12,N,264(E1),K,-0.1158,6
-1.147,-0.5174,9,N,264(E1),L,-0.04394,3
-0.6479,-0.2282,7,N,264(E1),M,0.574,5
0,0,,N,264(E1),N,0,
-2.907,-2.83,4,N,264(E1),P,-2.988,3
3.272,0.2564,3,N,264(E1),Q,-0.0406,2
-1.357,-0.6791,4,N,264(E1),R,-0.5393,2
1.706,0.217,2,N,264(E1),S,0.0864,2
1.662,0.2148,4,N,264(E1),T,0.5177,3
0.2471,0.05688,4,N,264(E1),V,-1.043,1
-1.937,-1.279,2,N,264(E1),W,-1.599,2
-2.147,-1.558,8,N,264(E1),Y,-1.151,1
-0.3446,-0.1047,2,P,265(E1),-,,
-4.479,-5.756,8,P,265(E1),A,-5.988,4
-7.047,-7.541,4,P,265(E1),C,-8,2
-6.109,-7.253,1,P,265(E1),D,-8,1
-6.07,-7.235,6,P,265(E1),E,-8,3
-6.777,-7.482,4,P,265(E1),F,-8,1
-6.554,-7.42,8,P,265(E1),G,-8,5
-5.571,-6.942,8,P,265(E1),H,-8,3
-6.78,-7.482,5,P,265(E1),I,,
-4.504,-5.793,4,P,265(E1),K,-6.264,1
-6.359,-7.355,8,P,265(E1),L,-8,4
-5.688,-7.022,8,P,265(E1),M,-7.213,6
-4.708,-6.078,4,P,265(E1),N,-6.415,2
0,0,,P,265(E1),P,0,
-7.167,-7.563,6,P,265(E1),Q,-8,6
-5.894,-7.146,3,P,265(E1),R,-7.512,2
-5.922,-7.16,7,P,265(E1),S,,
-5.754,-7.064,13,P,265(E1),T,-8,1
-6.607,-7.436,5,P,265(E1),V,-8,3
-3.887,-4.753,4,P,265(E1),W,,
-5.527,-6.91,2,P,265(E1),Y,-7.25,2
0.3511,0.07713,1,V,266(E1),-,,
-2.794,-2.619,4,V,266(E1),A,-1.306,1
-5.752,-7.062,14,V,266(E1),C,-8,11
-7.071,-7.545,9,V,266(E1),D,-8,9
-8.168,-7.672,7,V,266(E1),E,-8,4
-6.129,-7.262,6,V,266(E1),F,-8,3
-7.033,-7.538,2,V,266(E1),G,-8,2
-7.566,-7.619,9,V,266(E1),H,-7.766,3
-1.24,-0.5857,4,V,266(E1),I,-0.7279,4
-6.681,-7.457,2,V,266(E1),K,-8,1
-1.993,-1.35,9,V,266(E1),L,-1.203,4
-3.351,-3.704,12,V,266(E1),M,-4.251,5
-7.349,-7.591,8,V,266(E1),N,-8,3
2.223,0.2371,6,V,266(E1),P,-0.2313,4
-7.618,-7.625,6,V,266(E1),Q,-8,2
-6.493,-7.401,11,V,266(E1),R,-8,8
-6.153,-7.273,5,V,266(E1),S,-8,3
-1.682,-0.9852,5,V,266(E1),T,-0.7228,2
0,0,,V,266(E1),V,0,
-6.989,-7.529,5,V,266(E1),W,-8,2
-7.085,-7.548,6,V,266(E1),Y,-8,2
-1.032,-0.4397,1,R,267(E1),-,,
-2.248,-1.703,4,R,267(E1),A,-1.976,4
-3.497,-3.995,7,R,267(E1),C,-4.596,1
-7.008,-7.533,3,R,267(E1),E,-8,2
-7.023,-7.536,5,R,267(E1),F,-8,2
-3.963,-4.894,7,R,267(E1),G,-5.715,3
-3.048,-3.103,2,R,267(E1),H,-1.803,1
-2.459,-2.034,6,R,267(E1),I,-2.02,3
-1.826,-1.144,2,R,267(E1),K,-2.079,2
-2.271,-1.738,8,R,267(E1),L,-2.475,2
-1.706,-1.011,3,R,267(E1),M,-1.296,2
-4.411,-5.653,3,R,267(E1),N,-5.572,3
-6.682,-7.457,7,R,267(E1),P,-8,6
-2.133,-1.537,13,R,267(E1),Q,-0.578,2
0,0,,R,267(E1),R,0,
-1.294,-0.6273,4,R,267(E1),S,-1.09,3
-1.723,-1.029,7,R,267(E1),T,-0.7888,3
-1.91,-1.245,3,R,267(E1),V,,
-6.394,-7.368,74,R,267(E1),W,-8,13
-4.067,-5.081,12,R,267(E1),Y,-5.067,5
0.7913,0.1437,1,A,268(E1),-,,
0,0,,A,268(E1),A,0,
-2.342,-1.846,10,A,268(E1),C,-1.998,6
-7.294,-7.583,16,A,268(E1),D,-8,5
-6.699,-7.462,2,A,268(E1),E,-8,1
-7.381,-7.596,6,A,268(E1),F,-8,4
-1.568,-0.8695,1,A,268(E1),G,,
-7.049,-7.541,3,A,268(E1),H,-8,2
-4.594,-5.923,4,A,268(E1),I,-5.748,3
-7.091,-7.549,6,A,268(E1),K,-8,2
-7.394,-7.598,5,A,268(E1),L,-8,5
-7.005,-7.533,8,A,268(E1),M,-8,2
-7.415,-7.6,3,A,268(E1),N,-8,1
-6.701,-7.462,3,A,268(E1),P,-8,1
-6.992,-7.53,2,A,268(E1),Q,-8,1
-7.186,-7.566,4,A,268(E1),R,-8,3
-0.965,-0.3976,5,A,268(E1),S,0.5456,1
-3.853,-4.69,35,A,268(E1),T,-3.998,11
-3.243,-3.488,19,A,268(E1),V,-3.624,5
-7.046,-7.541,5,A,268(E1),W,-8,2
-7.254,-7.577,8,A,268(E1),Y,-8,1
-0.556,-0.1872,2,M,269(E1),-,,
0.8771,0.1536,5,M,269(E1),A,-0.8969,2
0.1854,0.04391,5,M,269(E1),C,0.9447,3
-1.68,-0.9834,5,M,269(E1),D,-0.849,3
-1.705,-1.009,9,M,269(E1),E,-2.813,3
-0.05133,-0.01356,8,M,269(E1),F,-1.021,5
-3.016,-3.039,5,M,269(E1),G,-3.343,4
-1.84,-1.161,3,M,269(E1),H,-1.274,3
-0.0623,-0.01655,124,M,269(E1),I,-0.767,17
-0.4919,-0.1605,1,M,269(E1),K,,
-1.122,-0.4998,7,M,269(E1),L,-1.331,3
0,0,,M,269(E1),M,0,
0.3153,0.07039,3,M,269(E1),N,0.3394,1
-7.194,-7.567,4,M,269(E1),P,-8,3
-1.145,-0.5161,3,M,269(E1),Q,-1.472,1
1.079,0.1741,5,M,269(E1),R,0.4486,2
2.863,0.2511,2,M,269(E1),S,0.146,1
-1.212,-0.5647,9,M,269(E1),T,-0.1471,3
0.423,0.09001,3,M,269(E1),V,,
-2.994,-2.996,2,M,269(E1),W,-2.307,1
0.3772,0.08192,4,M,269(E1),Y,-0.3739,4
-1.367,-0.6871,2,N,270(E1),-,,
-2.26,-1.722,6,N,270(E1),A,-2.178,3
-7.213,-7.57,4,N,270(E1),C,-8,3
-0.1855,-0.05223,6,N,270(E1),D,-1.206,1
-3.407,-3.815,4,N,270(E1),E,-4.088,1
-9.146,-7.713,9,N,270(E1),F,-8,2
-2.336,-1.838,3,N,270(E1),G,0.3459,1
-2.126,-1.528,5,N,270(E1),H,-0.553,3
-7.958,-7.657,8,N,270(E1),I,-8,7
-3.794,-4.576,8,N,270(E1),K,-4.761,3
-6.349,-7.351,7,N,270(E1),L,-7.143,3
-3.125,-3.253,5,N,270(E1),M,-3.86,3
0,0,,N,270(E1),N,0,
-5.864,-7.129,1,N,270(E1),P,,
-0.3642,-0.1117,2,N,270(E1),Q,-2.075,2
-3.591,-4.181,2,N,270(E1),R,-4.503,1
-2.861,-2.743,4,N,270(E1),S,-3.101,1
-5.591,-6.956,8,N,270(E1),T,-7.188,2
-6.128,-7.262,7,N,270(E1),V,-8,4
-7.414,-7.6,9,N,270(E1),W,-8,5
-7.258,-7.578,12,N,270(E1),Y,-8,7
-7.092,-7.549,8,C,271(E1),*,-3.738,1
0.02894,0.007365,1,C,271(E1),-,,
-5.477,-6.872,5,C,271(E1),A,-7.324,2
0,0,,C,271(E1),C,0,
-6.138,-7.266,1,C,271(E1),D,,
-8.659,-7.698,4,C,271(E1),E,-8,2
-7.247,-7.576,9,C,271(E1),F,-8,2
-6.704,-7.463,5,C,271(E1),G,-8,2
-6.865,-7.503,6,C,271(E1),H,-8,3
-7.462,-7.607,5,C,271(E1),I,-8,3
-6.819,-7.492,5,C,271(E1),K,-8,1
-6.114,-7.255,2,C,271(E1),M,-8,1
-5.909,-7.153,4,C,271(E1),N,-8,3
-7.192,-7.567,4,C,271(E1),P,-8,3
-5.925,-7.162,5,C,271(E1),Q,-8,3
-6.865,-7.503,9,C,271(E1),R,-8,3
-7.433,-7.603,9,C,271(E1),S,-8,3
-7.019,-7.535,4,C,271(E1),T,-8,2
-7.241,-7.575,4,C,271(E1),V,-8,3
-7.212,-7.57,8,C,271(E1),W,-8,7
-6.533,-7.414,18,C,271(E1),Y,-8,4
-0.3513,-0.1071,1,A,272(E1),-,,
0,0,,A,272(E1),A,0,
-2.933,-2.88,2,A,272(E1),C,-3.133,1
-0.1348,-0.03706,9,A,272(E1),D,-1.233,4
-3.11,-3.223,5,A,272(E1),E,-3.039,1
-0.9811,-0.4074,7,A,272(E1),F,0.1184,3
0.6379,0.1236,4,A,272(E1),G,0.1353,3
1.566,0.2096,7,A,272(E1),H,-0.6305,2
-0.5603,-0.189,8,A,272(E1),I,0.03996,5
-2.237,-1.687,3,A,272(E1),K,-1.987,2
-0.1799,-0.05053,5,A,272(E1),L,-0.5278,1
-0.01427,-0.003705,6,A,272(E1),M,-0.06026,1
1.222,0.1863,5,A,272(E1),N,0.1025,2
-6.252,-7.314,4,A,272(E1),P,-8,4
-2.095,-1.485,3,A,272(E1),Q,-1.796,2
-3.542,-4.085,3,A,272(E1),R,-3.435,1
-0.9164,-0.3686,11,A,272(E1),S,0.09645,4
-1.557,-0.8587,16,A,272(E1),T,-0.1934,6
0.6553,0.126,7,A,272(E1),V,0.1004,1
-3.081,-3.167,3,A,272(E1),W,-3.147,3
-1.016,-0.4291,3,A,272(E1),Y,-0.7274,3
-0.6512,-0.2297,1,V,273(E1),-,,
-1.753,-1.061,10,V,273(E1),A,0.0361,2
-1.631,-0.9325,5,V,273(E1),C,-1.626,2
-7,-7.532,6,V,273(E1),D,-8,2
-1.548,-0.8504,6,V,273(E1),E,-0.7004,2
-2.567,-2.214,4,V,273(E1),F,-2.518,4
-4.23,-5.363,5,V,273(E1),G,-5.675,4
-1.555,-0.8569,1,V,273(E1),H,,
-5.845,-7.118,2,V,273(E1),I,-8,1
-6.937,-7.518,7,V,273(E1),K,-8,6
-2.21,-1.648,7,V,273(E1),L,-1.839,3
-1.906,-1.241,18,V,273(E1),M,-2.517,2
-2.13,-1.533,5,V,273(E1),N,-1.464,2
-6.959,-7.523,7,V,273(E1),P,-8,6
-2.074,-1.457,8,V,273(E1),Q,-1.531,4
-6.94,-7.519,3,V,273(E1),R,-8,1
-1.607,-0.9077,5,V,273(E1),S,-1.998,3
1.387,0.1985,1,V,273(E1),T,0.09529,1
0,0,,V,273(E1),V,0,
-4.307,-5.489,1,V,273(E1),W,,
-2.356,-1.869,5,V,273(E1),Y,-2.285,5
-4.545,-5.854,2,G,274(E1),*,,
-0.08147,-0.02183,1,G,274(E1),-,,
-4.924,-6.344,3,G,274(E1),A,-6.669,3
-6.534,-7.414,7,G,274(E1),C,-8,3
-5.648,-6.996,8,G,274(E1),D,-8,5
-7.731,-7.637,31,G,274(E1),E,-8,6
-6.683,-7.457,8,G,274(E1),F,-8,3
0,0,,G,274(E1),G,0,
-5.504,-6.893,2,G,274(E1),H,-7.185,2
-6.278,-7.325,9,G,274(E1),I,-8,6
-6.541,-7.416,6,G,274(E1),K,-8,5
-8.1,-7.668,13,G,274(E1),L,-8,7
-6.354,-7.353,13,G,274(E1),M,-8,8
-5.592,-6.957,2,G,274(E1),N,-7.127,2
-5.973,-7.187,6,G,274(E1),P,-8,3
-8.588,-7.695,8,G,274(E1),Q,-8,5
-8.125,-7.67,24,G,274(E1),R,-8,5
-3.008,-3.024,8,G,274(E1),S,-3.408,5
-6.163,-7.277,3,G,274(E1),T,,
-7.578,-7.621,6,G,274(E1),V,-8,5
-10.07,-7.728,3,G,274(E1),W,-8,1
-7.015,-7.535,4,G,274(E1),Y,-8,2
0.3671,0.08008,1,N,275(E1),-,,
-0.2829,-0.08344,6,N,275(E1),A,1.294,3
-7.113,-7.553,7,N,275(E1),C,-8,3
-1.893,-1.225,6,N,275(E1),D,-2.127,2
-1.714,-1.019,8,N,275(E1),E,-1.877,5
-1.644,-0.9457,4,N,275(E1),F,-0.9066,3
-0.5095,-0.1677,5,N,275(E1),G,0.1843,2
-0.4658,-0.1501,8,N,275(E1),H,-0.6541,4
-0.5104,-0.168,9,N,275(E1),I,0.139,3
-7.383,-7.596,11,N,275(E1),K,-8,4
-0.6075,-0.2098,9,N,275(E1),L,-0.6042,7
1.453,0.2028,6,N,275(E1),M,-0.5613,3
0,0,,N,275(E1),N,0,
-9.398,-7.719,8,N,275(E1),P,-8,3
-1.982,-1.335,3,N,275(E1),Q,-1.055,1
-6.995,-7.531,4,N,275(E1),R,-8,3
0.806,0.1454,8,N,275(E1),S,-0.1383,4
-0.7383,-0.2719,5,N,275(E1),T,-0.3142,5
-2.949,-2.91,2,N,275(E1),V,-3.216,2
-3.526,-4.052,3,N,275(E1),W,-4.304,1
-1.501,-0.8056,6,N,275(E1),Y,-0.7012,2
0.6542,0.1259,3,M,276(E1),-,,
3.2,0.2556,7,M,276(E1),A,-1.883,4
0.5324,0.108,5,M,276(E1),C,,
-8.242,-7.677,5,M,276(E1),D,-8,3
-7.411,-7.6,8,M,276(E1),E,-8,4
-2.104,-1.498,4,M,276(E1),F,-0.9211,2
-5.579,-6.948,4,M,276(E1),G,,
-6.617,-7.439,5,M,276(E1),H,-8,2
-0.153,-0.04241,20,M,276(E1),I,-0.7416,6
-8.803,-7.703,5,M,276(E1),K,-8,4
-1.834,-1.154,6,M,276(E1),L,-1.567,2
0,0,,M,276(E1),M,0,
-6.879,-7.506,2,M,276(E1),N,-8,1
-7.027,-7.537,3,M,276(E1),P,-8,2
-7.533,-7.615,8,M,276(E1),Q,-8,4
-7.378,-7.595,7,M,276(E1),R,-8,4
-2.744,-2.527,4,M,276(E1),S,-2.728,3
-0.7571,-0.2814,5,M,276(E1),T,-0.4805,1
-0.5528,-0.1858,6,M,276(E1),V,-0.5212,4
-2.664,-2.383,4,M,276(E1),W,-1.425,2
-4.247,-5.391,7,M,276(E1),Y,-5.515,3
0.5207,0.1061,4,P,277(E1),-,,
-1.952,-1.297,5,P,277(E1),A,-2.013,2
-7.402,-7.599,7,P,277(E1),C,-8,5
-7.124,-7.555,8,P,277(E1),D,-8,4
-5.673,-7.012,3,P,277(E1),E,-7.618,3
-5.798,-7.091,9,P,277(E1),F,-8,4
-3.261,-3.523,4,P,277(E1),G,-4.111,2
-8.406,-7.686,11,P,277(E1),H,-8,2
-5.122,-6.557,4,P,277(E1),I,-6.828,2
-6.019,-7.21,4,P,277(E1),K,-8,3
-6.322,-7.341,11,P,277(E1),L,-8,4
-5.94,-7.17,3,P,277(E1),M,-8,3
-6.65,-7.448,2,P,277(E1),N,-8,1
0,0,,P,277(E1),P,0,
-3.859,-4.701,3,P,277(E1),Q,,
-7.432,-7.603,6,P,277(E1),R,-8,5
-7.862,-7.649,89,P,277(E1),S,-8,14
-8.43,-7.687,8,P,277(E1),T,-8,2
-2.368,-1.888,1,P,277(E1),V,-2.209,1
-7.148,-7.559,3,P,277(E1),W,-8,3
-7.035,-7.538,2,P,277(E1),Y,-8,2
-10.41,-7.731,13,I,278(E1),-,-8,1
-2.493,-2.09,6,I,278(E1),A,-2.732,4
-1.193,-0.5502,1,I,278(E1),C,,
-7.41,-7.6,5,I,278(E1),D,-8,5
-7.126,-7.555,3,I,278(E1),E,-8,3
-2.201,-1.635,1,I,278(E1),F,-1.942,1
-6.475,-7.395,5,I,278(E1),G,-8,5
-6.799,-7.487,9,I,278(E1),H,-8,7
0,0,,I,278(E1),I,0,
-4.398,-5.633,4,I,278(E1),K,-6.478,2
0.1103,0.02702,7,I,278(E1),L,0.7081,4
0.244,0.05626,7,I,278(E1),M,-0.13,4
-5.937,-7.168,7,I,278(E1),N,-8,1
-7.412,-7.6,5,I,278(E1),P,-8,5
-6.278,-7.324,9,I,278(E1),Q,-8,7
-7.12,-7.554,5,I,278(E1),R,-8,3
-7.161,-7.562,6,I,278(E1),S,-8,3
-2.774,-2.581,11,I,278(E1),T,-3.204,2
0.564,0.1128,3,I,278(E1),V,-0.5223,1
-7.782,-7.642,8,I,278(E1),W,-8,3
-10.98,-7.734,5,I,278(E1),Y,-7.671,2
-0.844,-0.3275,8,S,279(E1),-,,
-1.378,-0.6961,5,S,279(E1),A,-0.6656,3
-2.133,-1.538,5,S,279(E1),C,-0.1436,3
0.7764,0.1418,6,S,279(E1),D,-0.519,3
2.333,0.2402,2,S,279(E1),E,0.6604,1
-4.978,-6.406,4,S,279(E1),F,-5.359,1
-1.439,-0.7494,5,S,279(E1),G,-0.5023,3
-2.814,-2.656,3,S,279(E1),H,-3.469,1
-0.6142,-0.2128,11,S,279(E1),I,-0.144,5
-6.553,-7.42,4,S,279(E1),K,-8,1
2.085,0.2327,3,S,279(E1),L,-0.1608,1
2.769,0.2496,8,S,279(E1),M,0.211,6
-0.6463,-0.2274,24,S,279(E1),N,0.596,2
-6.248,-7.313,10,S,279(E1),P,-8,5
-2.093,-1.483,3,S,279(E1),Q,-1.77,2
-7.159,-7.561,5,S,279(E1),R,-8,3
0,0,,S,279(E1),S,0,
1.881,0.225,15,S,279(E1),T,-0.768,5
-0.2927,-0.08672,3,S,279(E1),V,-0.1437,2
-4.443,-5.703,6,S,279(E1),W,-5.793,3
-3.784,-4.557,1,S,279(E1),Y,-4.85,1
-1.322,-0.6504,9,I,280(E1),-,,
-4.305,-5.486,1,I,280(E1),A,,
-0.09505,-0.02564,4,I,280(E1),C,-0.2424,1
-7.033,-7.538,3,I,280(E1),D,-8,2
-6.853,-7.5,5,I,280(E1),E,-8,3
-0.7886,-0.2977,7,I,280(E1),F,-0.2248,3
-6.879,-7.506,10,I,280(E1),H,-8,7
0,0,,I,280(E1),I,0,
-7.198,-7.568,8,I,280(E1),K,-8,5
-1.358,-0.6799,6,I,280(E1),L,-1.396,4
-0.8756,-0.3451,2,I,280(E1),M,-0.6479,2
-6.312,-7.338,7,I,280(E1),N,-8,4
-6.521,-7.41,7,I,280(E1),P,-8,3
-7.046,-7.541,4,I,280(E1),Q,-8,2
-6.909,-7.512,3,I,280(E1),R,-8,1
-3.162,-3.326,4,I,280(E1),S,-4.142,3
-2.683,-2.418,6,I,280(E1),T,-2.891,1
-0.5038,-0.1653,4,I,280(E1),V,-0.4886,4
-2.835,-2.696,6,I,280(E1),W,-2.924,3
-2.326,-1.822,6,I,280(E1),Y,-2.258,4
-5.848,-7.12,17,D,281(E1),-,,
-2.566,-2.212,4,D,281(E1),A,-0.3561,1
-4.895,-6.311,5,D,281(E1),C,-6.32,3
0,0,,D,281(E1),D,0,
-1.793,-1.107,7,D,281(E1),E,-0.8146,1
-6.089,-7.244,8,D,281(E1),F,-8,5
-1.69,-0.9941,6,D,281(E1),G,-1.667,2
-4.064,-5.076,7,D,281(E1),H,-5.268,6
-5.234,-6.666,5,D,281(E1),I,-6.877,4
-6.749,-7.475,4,D,281(E1),K,-8,1
-5.34,-6.76,6,D,281(E1),L,-7.076,4
-3.037,-3.081,4,D,281(E1),M,-3.26,3
-0.1268,-0.03471,21,D,281(E1),N,-0.6828,3
-7.019,-7.535,4,D,281(E1),P,-8,2
-2.987,-2.984,5,D,281(E1),Q,-3.005,1
-7.027,-7.537,5,D,281(E1),R,-8,2
-3.627,-4.252,6,D,281(E1),T,-4.795,3
-5.786,-7.083,6,D,281(E1),V,-6.014,2
-5.962,-7.181,2,D,281(E1),W,-7.545,2
-5.068,-6.502,7,D,281(E1),Y,-6.941,4
-0.9114,-0.3657,2,I,282(E1),-,,
-8.023,-7.662,10,I,282(E1),A,-8,4
-6.709,-7.464,4,I,282(E1),C,-8,1
-8.825,-7.704,9,I,282(E1),D,-8,3
-6.944,-7.52,3,I,282(E1),E,-8,1
-2.054,-1.43,5,I,282(E1),F,-1.425,4
-6.763,-7.478,3,I,282(E1),G,-8,2
-6.972,-7.526,3,I,282(E1),H,-7.98,2
0,0,,I,282(E1),I,0,
-4.958,-6.382,2,I,282(E1),K,-6.863,2
-1.041,-0.4456,5,I,282(E1),L,0.858,4
-1.319,-0.6474,1,I,282(E1),M,-0.9958,1
-6.699,-7.462,3,I,282(E1),N,-8,1
-6.743,-7.473,6,I,282(E1),P,-7.96,4
-5.163,-6.599,9,I,282(E1),Q,-7.207,4
-7.3,-7.584,4,I,282(E1),R,-8,1
-7.012,-7.534,3,I,282(E1),S,-8,2
-6.717,-7.466,4,I,282(E1),T,-8,1
-1.302,-0.6341,6,I,282(E1),V,-0.6312,2
-7.008,-7.533,5,I,282(E1),W,-8,2
-4.984,-6.412,5,I,282(E1),Y,-6.709,3
-1.217,-0.5685,1,P,283(E1),-,,
-2.587,-2.248,3,P,283(E1),A,-2.549,1
-1.941,-1.284,6,P,283(E1),C,-1.562,6
2.272,0.2385,2,P,283(E1),D,0.5884,1
-1.506,-0.8107,2,P,283(E1),E,-0.6795,1
-3.672,-4.341,2,P,283(E1),F,-5.762,2
-0.4846,-0.1575,1,P,283(E1),G,,
-0.3772,-0.1164,2,P,283(E1),H,,
-1.738,-1.045,4,P,283(E1),I,-1.224,1
-1.969,-1.319,3,P,283(E1),K,-1.49,1
-2.907,-2.831,8,P,283(E1),L,-2.744,3
-2.175,-1.598,3,P,283(E1),M,-1.912,3
-0.8826,-0.3491,3,P,283(E1),N,-1.275,2
0,0,,P,283(E1),P,0,
-1.01,-0.4257,7,P,283(E1),Q,-0.6266,3
4.646,0.2642,5,P,283(E1),R,-2.122,3
1.862,0.2242,8,P,283(E1),S,-0.2678,3
-1.573,-0.8746,13,P,283(E1),T,-0.6789,3
-4.492,-5.776,3,P,283(E1),V,,
-2.229,-1.676,7,P,283(E1),W,-1.854,2
-2.78,-2.593,4,P,283(E1),Y,-2.917,2
-1.693,-0.9972,11,D,284(E1),A,0.4644,3
-2.972,-2.954,3,D,284(E1),C,-3.195,2
0,0,,D,284(E1),D,0,
0.8071,0.1456,9,D,284(E1),E,-0.227,1
-3.421,-3.843,8,D,284(E1),F,-4.582,5
0.2581,0.05913,3,D,284(E1),G,-1.127,1
-3.052,-3.11,2,D,284(E1),H,-2.719,1
-0.7159,-0.2607,5,D,284(E1),I,-1.925,1
-1.832,-1.152,6,D,284(E1),K,-1.477,3
-1.345,-0.669,4,D,284(E1),L,-1.538,1
-4.216,-5.339,2,D,284(E1),M,,
0.1377,0.03332,13,D,284(E1),N,-0.287,4
-0.7326,-0.269,4,D,284(E1),P,-0.7491,1
-0.8666,-0.34,2,D,284(E1),Q,-0.3033,1
-2.777,-2.588,5,D,284(E1),R,-2.418,2
-0.3017,-0.0898,3,D,284(E1),S,-0.2589,2
-1.767,-1.077,3,D,284(E1),T,-0.2541,1
-1.165,-0.5297,3,D,284(E1),V,-2.047,1
-1.699,-1.003,4,D,284(E1),W,-1.291,2
-3.716,-4.426,6,D,284(E1),Y,-5.211,1
-4.786,-6.178,1,A,285(E1),-,,
0,0,,A,285(E1),A,0,
-6.693,-7.46,8,A,285(E1),C,-8,5
-5.978,-7.19,9,A,285(E1),D,-8,4
-8.104,-7.668,7,A,285(E1),E,-8,3
-5.239,-6.67,4,A,285(E1),F,-6.011,2
-6.048,-7.224,8,A,285(E1),H,-8,3
-7.165,-7.562,4,A,285(E1),I,-8,3
-6.99,-7.53,5,A,285(E1),K,-8,1
-6.053,-7.227,7,A,285(E1),L,-7.332,2
-3.962,-4.892,10,A,285(E1),M,-5.314,4
-7.219,-7.571,6,A,285(E1),N,-8,6
-6.447,-7.386,3,A,285(E1),P,-7.873,2
-5.338,-6.759,4,A,285(E1),Q,-6.05,2
-6.699,-7.462,3,A,285(E1),R,-8,1
-0.912,-0.366,9,A,285(E1),S,-1.439,4
-3.179,-3.361,33,A,285(E1),T,-3.932,6
1.023,0.1689,14,A,285(E1),V,-0.0185,3
-5.759,-7.067,5,A,285(E1),W,-8,3
-4.85,-6.256,4,A,285(E1),Y,,
-0.8217,-0.3153,1,A,286(E1),-,,
0,0,,A,286(E1),A,0,
-1.298,-0.6308,4,A,286(E1),C,-0.9508,4
-0.4363,-0.1386,9,A,286(E1),D,-0.3192,5
1.631,0.2132,2,A,286(E1),F,,
-2.197,-1.629,5,A,286(E1),G,-2.874,1
2.674,0.2478,7,A,286(E1),H,-0.01785,3
0.5672,0.1133,7,A,286(E1),I,0.002675,6
1.087,0.1748,6,A,286(E1),K,-0.9403,2
-0.3017,-0.08979,3,A,286(E1),L,,
-2.047,-1.421,2,A,286(E1),M,-1.726,2
-2.782,-2.597,6,A,286(E1),N,-2.756,3
-5.548,-6.925,5,A,286(E1),P,-8,3
-1.615,-0.9165,4,A,286(E1),Q,-0.882,3
0.03087,0.007849,11,A,286(E1),R,0.3926,2
-0.1648,-0.04594,11,A,286(E1),S,-0.5016,2
-2.184,-1.61,53,A,286(E1),T,-4.249,5
-0.1049,-0.02844,9,A,286(E1),V,0.5635,2
-3.174,-3.35,3,A,286(E1),W,-3.528,3
0.1715,0.04086,7,A,286(E1),Y,0.4304,4
-1.249,-0.5924,1,F,287(E1),-,,
-6.014,-7.208,6,F,287(E1),A,-8,1
-7.311,-7.586,6,F,287(E1),C,-8,4
-5.659,-7.003,3,F,287(E1),D,-7.255,1
-6.49,-7.4,1,F,287(E1),E,-8,1
0,0,,F,287(E1),F,0,
-7.639,-7.628,5,F,287(E1),G,-8,1
-6.751,-7.475,4,F,287(E1),H,-8,1
-5.897,-7.147,9,F,287(E1),I,-8,3
-6.693,-7.46,2,F,287(E1),K,-8,1
-0.9236,-0.3728,8,F,287(E1),L,-0.4405,1
-1.03,-0.4384,4,F,287(E1),M,-1.688,1
-5.968,-7.185,5,F,287(E1),N,-8,1
-8.354,-7.683,8,F,287(E1),P,-8,1
-6.784,-7.483,2,F,287(E1),Q,-8,1
-7.297,-7.583,3,F,287(E1),R,-8,3
-6.257,-7.316,8,F,287(E1),S,-7.779,2
-6.162,-7.277,2,F,287(E1),T,-8,1
-6.92,-7.515,9,F,287(E1),V,-8,4
-2.361,-1.876,3,F,287(E1),W,,
-6.387,-7.365,3,F,287(E1),Y,-5.482,2
-4.007,-4.973,2,T,288(E1),-,,
-5.162,-6.597,8,T,288(E1),A,-2.677,1
2.378,0.2413,4,T,288(E1),C,1.067,1
-2.076,-1.46,7,T,288(E1),D,-1.641,5
-2.594,-2.26,2,T,288(E1),E,-1.598,1
-3.385,-3.772,7,T,288(E1),F,-4.226,3
-3.437,-3.875,4,T,288(E1),G,-4.196,1
-2.892,-2.802,4,T,288(E1),H,-3.228,1
-0.376,-0.116,14,T,288(E1),I,0.5111,3
-2.077,-1.46,3,T,288(E1),K,-1.864,1
-0.1207,-0.03294,9,T,288(E1),L,0.905,3
0.5943,0.1173,3,T,288(E1),M,-0.3853,1
-1.127,-0.5035,10,T,288(E1),N,-3.528,1
-6.862,-7.502,3,T,288(E1),P,-8,1
-1.221,-0.5715,16,T,288(E1),Q,-0.8457,12
0.2737,0.06227,1,T,288(E1),R,-0.2222,1
-3.073,-3.15,4,T,288(E1),S,-4.415,2
0,0,,T,288(E1),T,0,
1.705,0.217,2,T,288(E1),V,2.243,1
-2.618,-2.302,3,T,288(E1),W,-2.253,3
-2.174,-1.596,7,T,288(E1),Y,-1.906,2
-4.192,-5.298,1,R,289(E1),-,,
-3.327,-3.656,6,R,289(E1),A,-4.053,3
-6.755,-7.476,8,R,289(E1),C,-8,6
-4.493,-5.778,8,R,289(E1),D,-6.034,3
-7.419,-7.601,6,R,289(E1),E,-8,3
-3.219,-3.44,7,R,289(E1),F,-4.234,4
-5.731,-7.049,7,R,289(E1),G,-8,3
0.413,0.08828,6,R,289(E1),H,-0.2353,5
-2.888,-2.795,18,R,289(E1),I,-3.867,9
-0.9974,-0.4176,5,R,289(E1),K,-0.4656,1
-3.56,-4.12,6,R,289(E1),L,-4.409,4
-5.072,-6.506,5,R,289(E1),M,-6.466,3
-6.288,-7.328,7,R,289(E1),N,-4.881,3
-3.649,-4.295,8,R,289(E1),P,-3.953,5
-3.364,-3.73,6,R,289(E1),Q,-4.19,4
0,0,,R,289(E1),R,0,
-3.341,-3.683,2,R,289(E1),S,-3.987,1
-2.404,-1.944,6,R,289(E1),T,-1.955,3
-1.18,-0.5407,2,R,289(E1),V,-0.8641,1
-1.715,-1.021,9,R,289(E1),W,-0.6222,2
-3.254,-3.51,4,R,289(E1),Y,-3.655,3
-2.678,-2.409,1,V,290(E1),-,,
3.362,0.2573,4,V,290(E1),A,-0.8201,2
1.629,0.2131,3,V,290(E1),C,0.1792,3
-6.182,-7.285,5,V,290(E1),D,,
-0.6029,-0.2077,7,V,290(E1),E,-0.1188,1
-1.65,-0.9517,9,V,290(E1),F,-1.358,5
-2.854,-2.731,4,V,290(E1),G,-3.055,2
-0.3832,-0.1186,5,V,290(E1),H,-0.8979,3
1.346,0.1957,3,V,290(E1),I,,
-0.895,-0.3562,3,V,290(E1),K,0.2025,1
-1.206,-0.5602,6,V,290(E1),L,,
-0.2037,-0.05785,12,V,290(E1),M,-0.3133,6
-2.753,-2.544,3,V,290(E1),N,-2.088,1
-4.306,-5.487,8,V,290(E1),P,-5.927,4
-0.4679,-0.1509,5,V,290(E1),Q,-0.5369,3
-1.114,-0.4939,4,V,290(E1),R,-1.196,1
-1.775,-1.087,4,V,290(E1),S,-1.574,3
-1.296,-0.6288,7,V,290(E1),T,-0.7103,5
0,0,,V,290(E1),V,0,
1.633,0.2133,2,V,290(E1),Y,0.0502,2
-6.009,-7.205,3,V,291(E1),A,-8,1
-2.957,-2.927,5,V,291(E1),C,-3.358,3
-2.233,-1.681,5,V,291(E1),D,-1.574,3
-0.8315,-0.3207,7,V,291(E1),E,-0.4258,7
0.7543,0.1391,5,V,291(E1),F,0.005402,3
-1.309,-0.6394,4,V,291(E1),G,-0.813,3
-2.445,-2.01,2,V,291(E1),H,-2.327,1
-1.499,-0.804,3,V,291(E1),I,-0.3013,1
-2.604,-2.279,2,V,291(E1),K,-2.003,1
-0.9779,-0.4055,6,V,291(E1),L,-0.7505,3
0.5051,0.1037,10,V,291(E1),M,-2.41,1
-2.146,-1.557,6,V,291(E1),N,-1.98,2
-1.941,-1.283,2,V,291(E1),P,-1.595,2
-0.1995,-0.05655,9,V,291(E1),Q,0.06117,6
-1.313,-0.6431,6,V,291(E1),R,-0.124,2
-0.3416,-0.1036,2,V,291(E1),S,-0.3838,1
-0.7507,-0.2781,5,V,291(E1),T,-0.697,4
0,0,,V,291(E1),V,0,
4.869,0.2647,4,V,291(E1),W,1.259,2
-0.2743,-0.08057,2,V,291(E1),Y,-0.2197,1
-2.353,-1.863,3,D,292(E1),A,-2.317,2
-3.366,-3.733,4,D,292(E1),C,-4.068,3
0,0,,D,292(E1),D,0,
-1.73,-1.036,2,D,292(E1),E,,
0.04877,0.0123,4,D,292(E1),F,0.05885,2
-6.407,-7.372,9,D,292(E1),G,-8,5
-0.2521,-0.07327,8,D,292(E1),H,-1.386,3
-2.86,-2.742,5,D,292(E1),I,-2.337,1
-2.919,-2.853,4,D,292(E1),K,-2.767,2
0.3102,0.06941,3,D,292(E1),L,-0.102,1
-2.038,-1.408,3,D,292(E1),M,-0.7475,1
-0.9569,-0.3927,24,D,292(E1),N,-0.8981,5
-5.103,-6.538,6,D,292(E1),P,-6.365,2
-3.186,-3.373,1,D,292(E1),Q,,
-3.166,-3.334,3,D,292(E1),R,-3.94,1
-3.141,-3.284,1,D,292(E1),S,-3.611,1
-3.283,-3.567,8,D,292(E1),T,-3.78,4
-2.414,-1.96,6,D,292(E1),V,-1.987,2
-2.207,-1.644,1,D,292(E1),W,-1.947,1
-0.568,-0.1924,4,D,292(E1),Y,-1.427,2
0,0,,A,293(E1),A,0,
-2.594,-2.261,8,A,293(E1),C,-2.423,5
-2.042,-1.414,4,A,293(E1),D,,
-2.166,-1.584,5,A,293(E1),E,-1.342,3
-7.361,-7.593,8,A,293(E1),F,-8,5
-2.778,-2.59,4,A,293(E1),G,-2.296,3
-5.437,-6.841,3,A,293(E1),H,-8,1
-5.1,-6.535,7,A,293(E1),I,-4.909,3
-1.097,-0.4823,7,A,293(E1),K,-0.6519,3
-3.044,-3.094,7,A,293(E1),L,-2.974,5
-1.969,-1.319,8,A,293(E1),M,-1.686,7
-6.701,-7.462,2,A,293(E1),N,-8,1
-4.297,-5.473,2,A,293(E1),P,-5.185,1
-2.35,-1.859,5,A,293(E1),Q,-2.439,3
-2.59,-2.255,3,A,293(E1),R,-3.266,1
-0.637,-0.2232,6,A,293(E1),S,0.09253,1
-2.947,-2.907,16,A,293(E1),T,-3.631,1
-3.897,-4.772,10,A,293(E1),V,-4.411,4
-6.5,-7.404,5,A,293(E1),W,-8,5
-7.125,-7.555,3,A,293(E1),Y,-8,2
-3.01,-3.029,7,P,294(E1),C,-3.129,1
-6.356,-7.354,7,P,294(E1),D,-8,6
-3.987,-4.937,4,P,294(E1),E,-4.812,1
-7.261,-7.578,3,P,294(E1),F,-8,3
-6.845,-7.498,2,P,294(E1),G,-8,1
-6.353,-7.353,9,P,294(E1),H,-8,4
-6.456,-7.389,7,P,294(E1),I,-8,2
-10.95,-7.734,2,P,294(E1),K,-8,1
-6.414,-7.375,8,P,294(E1),L,-8,3
-7.292,-7.583,7,P,294(E1),M,-8,3
-4.243,-5.384,2,P,294(E1),N,,
0,0,,P,294(E1),P,0,
-7.138,-7.558,4,P,294(E1),Q,-8,3
-6.698,-7.461,2,P,294(E1),R,-8,1
-2.592,-2.258,9,P,294(E1),S,-3.369,1
-1.852,-1.176,9,P,294(E1),T,-1.137,1
-1.475,-0.7821,3,P,294(E1),V,-1.352,1
-6.476,-7.396,5,P,294(E1),W,-8,4
-7.317,-7.587,6,P,294(E1),Y,-8,4
3.177,0.2554,2,S,295(E1),A,1.13,1
-2.992,-2.993,4,S,295(E1),C,-2.438,2
-1.483,-0.789,7,S,295(E1),D,-1.092,4
-1.497,-0.802,6,S,295(E1),E,-0.2057,3
0.1049,0.02577,4,S,295(E1),F,-2.066,3
-1.53,-0.8331,7,S,295(E1),G,-1.055,6
1.941,0.2274,6,S,295(E1),H,0.2328,3
-0.2663,-0.07793,8,S,295(E1),I,-1.688,3
-2.728,-2.497,6,S,295(E1),K,-3.875,1
-0.5238,-0.1736,4,S,295(E1),L,-0.2911,4
1.566,0.2096,3,S,295(E1),M,0.781,1
-1.19,-0.5484,18,S,295(E1),N,-0.6689,8
-2.807,-2.642,3,S,295(E1),P,-1.751,2
-1.142,-0.5138,6,S,295(E1),Q,-1.068,4
-0.4182,-0.1317,7,S,295(E1),R,-0.5106,4
0,0,,S,295(E1),S,0,
0.9171,0.158,3,S,295(E1),T,1.685,1
-1.914,-1.25,6,S,295(E1),V,-1.47,5
0.1082,0.02655,5,S,295(E1),W,-0.3273,2
3.265,0.2563,4,S,295(E1),Y,0.2788,3
-1.56,-0.8613,4,L,296(E1),A,-0.2994,3
-6.967,-7.525,4,L,296(E1),D,-8,2
-5.751,-7.062,4,L,296(E1),E,-7.418,2
-2.388,-1.92,5,L,296(E1),F,-2.255,1
-6.04,-7.221,4,L,296(E1),G,-7.564,2
-6.233,-7.307,5,L,296(E1),H,-8,3
2.767,0.2495,8,L,296(E1),I,-0.1618,4
-0.7841,-0.2953,1,L,296(E1),K,,
0,0,,L,296(E1),L,0,
0.2058,0.04828,7,L,296(E1),M,,
-6.703,-7.463,2,L,296(E1),N,-8,1
-2.514,-2.125,11,L,296(E1),P,-2.71,5
-7.196,-7.567,9,L,296(E1),Q,-8,4
-6.638,-7.445,12,L,296(E1),R,-8,5
-5.745,-7.059,9,L,296(E1),S,-7.416,4
-1.604,-0.9054,6,L,296(E1),T,-0.6002,3
0.3844,0.08321,8,L,296(E1),V,0.1247,5
-5.676,-7.014,6,L,296(E1),W,-8,5
-3.801,-4.59,6,L,296(E1),Y,-4.544,3
-0.7174,-0.2615,7,T,297(E1),A,-0.9211,3
-1.844,-1.166,7,T,297(E1),C,-0.8521,5
0.4794,0.09951,7,T,297(E1),D,-1.053,2
-1.065,-0.461,2,T,297(E1),E,-0.8554,1
0.7802,0.1423,6,T,297(E1),F,-0.2867,1
1.993,0.2294,3,T,297(E1),G,-0.6375,1
-2.202,-1.636,4,T,297(E1),H,-1.84,2
-0.02485,-0.006485,10,T,297(E1),I,-0.8412,2
-0.2547,-0.0741,7,T,297(E1),K,-0.6968,3
-1.454,-0.7625,3,T,297(E1),L,-1.178,2
-0.9586,-0.3937,8,T,297(E1),M,-0.1402,4
-0.1623,-0.04519,10,T,297(E1),N,0.3392,3
-2.308,-1.794,7,T,297(E1),P,-2.045,6
-1.368,-0.6877,3,T,297(E1),Q,-0.09209,1
-0.6775,-0.2421,8,T,297(E1),R,0.1557,2
-1.796,-1.11,4,T,297(E1),S,-0.8832,2
0,0,,T,297(E1),T,0,
-1.532,-0.835,6,T,297(E1),V,-1.883,3
-1.225,-0.574,7,T,297(E1),W,-1.499,4
-0.5253,-0.1742,5,T,297(E1),Y,-0.5402,4
-4.917,-6.337,3,D,298(E1),-,,
-2.042,-1.413,4,D,298(E1),A,-1.818,3
-4.399,-5.635,8,D,298(E1),C,-5.893,6
0,0,,D,298(E1),D,0,
-1.113,-0.4935,7,D,298(E1),E,-0.819,2
-2.095,-1.485,6,D,298(E1),F,-1.835,6
-1.606,-0.9073,4,D,298(E1),G,-1.371,2
-0.8997,-0.3589,6,D,298(E1),H,-0.6661,2
0.3688,0.0804,3,D,298(E1),I,-0.7097,2
0.05206,0.01311,5,D,298(E1),K,0.2628,2
-1.785,-1.098,4,D,298(E1),L,-0.919,3
-0.7219,-0.2637,3,D,298(E1),M,-0.2016,2
-1.876,-1.204,24,D,298(E1),N,-1.534,8
-1.599,-0.9001,8,D,298(E1),P,-1.252,6
-0.6327,-0.2212,3,D,298(E1),Q,,
-1.046,-0.4489,4,D,298(E1),R,-1.026,1
-1.22,-0.5701,4,D,298(E1),S,-0.8727,2
0.4591,0.09615,5,D,298(E1),T,-1.008,1
-2.256,-1.716,7,D,298(E1),V,-1.935,3
-0.7446,-0.2751,6,D,298(E1),W,-0.3598,4
-2.076,-1.46,11,D,298(E1),Y,-1.813,5
-0.4221,-0.1331,1,M,299(E1),-,,
-1.996,-1.353,4,M,299(E1),A,-1.578,3
-0.1217,-0.03323,3,M,299(E1),C,-1.293,1
-2.956,-2.924,1,M,299(E1),D,-3.24,1
-3.01,-3.028,7,M,299(E1),E,-3.652,5
-0.2785,-0.08196,3,M,299(E1),F,-0.2328,2
-1.398,-0.7134,5,M,299(E1),G,-0.9554,4
-1.903,-1.237,8,M,299(E1),H,-1.609,4
-0.9903,-0.4132,16,M,299(E1),I,-0.3074,2
-2.55,-2.186,6,M,299(E1),K,-2.796,3
-1.385,-0.7021,4,M,299(E1),L,-0.9595,2
0,0,,M,299(E1),M,0,
-1.887,-1.217,2,M,299(E1),N,-2.02,2
-2.094,-1.484,8,M,299(E1),P,-1.765,4
-1.945,-1.288,4,M,299(E1),Q,-1.796,2
-2.607,-2.283,7,M,299(E1),R,-2.712,6
-2.191,-1.62,2,M,299(E1),S,-1.895,2
-1.632,-0.933,5,M,299(E1),T,-1.474,2
0.7196,0.1346,6,M,299(E1),V,-0.9299,2
-2.843,-2.71,6,M,299(E1),W,-3.019,4
-2.858,-2.738,4,M,299(E1),Y,-2.259,3
-0.1922,-0.05428,2,S,300(E1),-,,
-0.8264,-0.3179,7,S,300(E1),A,-1.112,2
-0.2967,-0.08807,4,S,300(E1),C,-0.9199,3
-1.343,-0.6672,7,S,300(E1),D,-0.9307,4
-1.381,-0.6994,7,S,300(E1),E,-0.3846,5
-1.602,-0.903,13,S,300(E1),F,-0.9984,6
-1.17,-0.5338,8,S,300(E1),G,-0.2273,3
-2.071,-1.453,3,S,300(E1),H,-2.038,3
-0.2356,-0.06794,4,S,300(E1),I,-0.4763,4
-0.8076,-0.3078,8,S,300(E1),K,-0.3565,3
-0.2163,-0.06179,3,S,300(E1),L,1.436,2
-0.4323,-0.137,5,S,300(E1),M,-0.2873,3
2.391,0.2417,6,S,300(E1),N,-0.1441,3
-6.751,-7.475,7,S,300(E1),P,,
1.223,0.1864,4,S,300(E1),Q,-0.3565,2
-0.6466,-0.2276,2,S,300(E1),R,0.08156,1
0,0,,S,300(E1),S,0,
0.3917,0.08452,7,S,300(E1),T,-0.6202,3
-1.013,-0.4274,5,S,300(E1),V,0.08632,3
0.02451,0.006251,10,S,300(E1),W,-0.124,6
0.1961,0.04622,13,S,300(E1),Y,0.3423,6
-8.667,-7.698,8,C,301(E1),*,,
-0.1043,-0.02824,2,C,301(E1),-,,
-7.348,-7.591,9,C,301(E1),A,-8,5
0,0,,C,301(E1),C,0,
-6.379,-7.362,8,C,301(E1),D,-8,1
-6.618,-7.439,4,C,301(E1),E,-8,1
-8.571,-7.694,12,C,301(E1),F,-7.597,3
-4.901,-6.317,9,C,301(E1),G,-6.264,2
-6.663,-7.452,1,C,301(E1),H,-8,1
-7.334,-7.589,5,C,301(E1),I,-8,4
-7.359,-7.593,6,C,301(E1),K,-8,3
-7.875,-7.65,7,C,301(E1),L,-8,2
-5.899,-7.148,7,C,301(E1),M,-8,3
-8.978,-7.709,7,C,301(E1),N,-8,5
-6.896,-7.51,9,C,301(E1),P,-8,3
-6.926,-7.516,10,C,301(E1),Q,-8,7
-6.242,-7.31,15,C,301(E1),R,-8,7
-5.925,-7.162,14,C,301(E1),S,-8,3
-7.062,-7.544,10,C,301(E1),T,-8,5
-7.01,-7.533,5,C,301(E1),V,-8,2
-4.49,-5.773,11,C,301(E1),W,-5.738,5
-6.774,-7.481,17,C,301(E1),Y,-8,7
2.773,0.2496,3,E,302(E1),*,,
-1.025,-0.4352,4,E,302(E1),-,,
-0.7545,-0.2801,6,E,302(E1),A,-0.9783,3
-5.36,-6.778,7,E,302(E1),C,-4.789,2
-1.017,-0.4299,10,E,302(E1),D,-0.3127,3
0,0,,E,302(E1),E,0,
-0.1125,-0.0306,12,E,302(E1),F,-0.08872,7
-0.6284,-0.2192,14,E,302(E1),G,-0.6088,2
-0.6106,-0.2111,5,E,302(E1),H,-0.01738,3
-0.06411,-0.01704,13,E,302(E1),I,-0.1383,7
-0.9584,-0.3936,14,E,302(E1),K,-0.0314,3
1.772,0.2202,2,E,302(E1),L,-0.5449,1
-0.05821,-0.01543,12,E,302(E1),M,-0.4627,8
-0.8446,-0.3278,4,E,302(E1),N,-0.9994,1
-6.672,-7.454,7,E,302(E1),P,-8,4
3.111,0.2546,3,E,302(E1),Q,1.155,3
-2.172,-1.593,4,E,302(E1),R,-1.899,2
-1.569,-0.8701,5,E,302(E1),S,-0.3193,1
-2.229,-1.676,3,E,302(E1),T,-2.178,1
0.3018,0.06779,4,E,302(E1),V,1.366,2
-0.8075,-0.3077,3,E,302(E1),W,0.1046,1
-1.255,-0.5972,8,E,302(E1),Y,-0.5508,4
-2.244,-1.698,4,V,303(E1),-,,
-2.527,-2.146,7,V,303(E1),A,-0.2555,1
-0.1691,-0.04723,7,V,303(E1),C,0.3054,5
-7.209,-7.57,7,V,303(E1),D,-8,3
-7.471,-7.608,3,V,303(E1),E,,
-8.47,-7.689,9,V,303(E1),F,-8,4
-3.046,-3.098,6,V,303(E1),G,-2.869,2
-7.432,-7.603,10,V,303(E1),H,-8,5
0.4927,0.1017,5,V,303(E1),I,0.6069,2
-5.908,-7.153,6,V,303(E1),K,-7.575,2
-7.253,-7.577,6,V,303(E1),L,-8,3
-9.773,-7.725,14,V,303(E1),M,-8,3
-4.944,-6.367,3,V,303(E1),N,-7.456,1
-6.931,-7.517,5,V,303(E1),P,-8,2
-7.131,-7.556,6,V,303(E1),Q,-8,4
-2.6,-2.272,5,V,303(E1),R,-4.745,2
-1.082,-0.4724,5,V,303(E1),S,-0.8162,4
-2.241,-1.693,5,V,303(E1),T,-2.113,2
0,0,,V,303(E1),V,0,
-6.571,-7.425,8,V,303(E1),W,-8,5
-6.844,-7.498,3,V,303(E1),Y,-8,1
-0.04137,-0.01088,1,P,304(E1),*,,
-1.397,-0.7129,4,P,304(E1),-,,
-0.3191,-0.09577,6,P,304(E1),A,0.1815,3
-0.3736,-0.1151,6,P,304(E1),C,-0.3537,4
-1.627,-0.9284,4,P,304(E1),D,-3.97,2
-1.44,-0.7499,4,P,304(E1),E,-1.229,4
-3.417,-3.835,6,P,304(E1),F,-5.572,2
-1.65,-0.9515,6,P,304(E1),G,-1.098,3
1.529,0.2075,9,P,304(E1),H,-0.3575,4
2.759,0.2494,7,P,304(E1),I,-0.4628,5
-0.1992,-0.05645,7,P,304(E1),K,-0.6216,4
-0.806,-0.3069,7,P,304(E1),L,0.4247,1
-0.1839,-0.05174,2,P,304(E1),M,-0.2588,2
-0.06095,-0.01618,4,P,304(E1),N,-0.8873,2
0,0,,P,304(E1),P,0,
0.1731,0.04123,4,P,304(E1),Q,0.7244,1
-2,-1.358,4,P,304(E1),R,-1.705,3
-0.4906,-0.16,58,P,304(E1),S,-1.505,9
-1.145,-0.5157,6,P,304(E1),T,2.019,1
-0.8678,-0.3407,6,P,304(E1),V,-0.6129,4
-1.755,-1.065,9,P,304(E1),W,-1.487,4
-2.522,-2.138,2,P,304(E1),Y,-2.414,2
-1.857,-1.182,4,A,305(E1),-,,
0,0,,A,305(E1),A,0,
-3.737,-4.467,7,A,305(E1),C,-4.904,3
-1.992,-1.349,8,A,305(E1),D,-0.8797,3
-1.799,-1.114,6,A,305(E1),E,-1.14,4
0.2688,0.06127,3,A,305(E1),F,-1.625,1
-0.9104,-0.3651,6,A,305(E1),G,-0.133,2
-1.741,-1.048,5,A,305(E1),H,-1.276,4
-0.0766,-0.02048,7,A,305(E1),I,-0.6304,4
-1.092,-0.4791,4,A,305(E1),K,-0.5221,3
-0.6914,-0.2488,5,A,305(E1),L,-0.2951,1
0.2996,0.06736,2,A,305(E1),M,-0.2484,1
-2.673,-2.399,3,A,305(E1),N,-2.704,2
-1.395,-0.7113,2,A,305(E1),P,-1.054,1
2.682,0.248,3,A,305(E1),Q,,
-1.521,-0.8246,4,A,305(E1),R,-1.113,2
-0.641,-0.225,4,A,305(E1),S,-1.389,3
0.5434,0.1097,15,A,305(E1),T,-0.6937,5
-0.8178,-0.3132,11,A,305(E1),V,-0.1893,2
1.325,0.1941,8,A,305(E1),W,0.3134,5
-1.586,-0.8868,3,A,305(E1),Y,0.5245,1
-6.699,-7.462,2,C,306(E1),*,-8,1
-0.9252,-0.3737,4,C,306(E1),-,,
-7.011,-7.534,4,C,306(E1),A,-8,2
0,0,,C,306(E1),C,0,
-6.677,-7.456,4,C,306(E1),D,-8,1
-7.365,-7.593,7,C,306(E1),E,-8,3
-8.823,-7.704,11,C,306(E1),F,-8,3
-5.94,-7.17,5,C,306(E1),G,-8,3
-7.071,-7.545,7,C,306(E1),H,-8,2
-6.378,-7.362,2,C,306(E1),I,-8,1
-7.029,-7.537,2,C,306(E1),K,-8,2
-8.603,-7.695,8,C,306(E1),L,-8,4
-6.997,-7.531,4,C,306(E1),M,-8,2
-8.824,-7.704,5,C,306(E1),N,-8,3
-5.579,-6.948,4,C,306(E1),P,-7.402,4
-7.22,-7.571,4,C,306(E1),Q,-8,1
-6.334,-7.346,9,C,306(E1),R,-8,3
-6.355,-7.354,10,C,306(E1),S,-6.304,2
-4.413,-5.656,8,C,306(E1),T,-5.96,4
-6.129,-7.262,6,C,306(E1),V,-8,3
-6.245,-7.311,6,C,306(E1),W,-8,4
-11.3,-7.735,31,C,306(E1),Y,-8,5
-1.453,-0.7615,4,T,307(E1),-,,
-1.535,-0.8372,11,T,307(E1),A,-1.788,3
-2.664,-2.383,7,T,307(E1),C,-3.004,7
-3.039,-3.084,6,T,307(E1),D,-2.878,2
5.236,0.2654,5,T,307(E1),E,-0.1737,2
-1.02,-0.4321,5,T,307(E1),F,-0.02794,3
-3.62,-4.239,6,T,307(E1),G,-4.563,3
-1.431,-0.7419,2,T,307(E1),H,-1.076,1
-0.04125,-0.01085,14,T,307(E1),I,0.4501,6
-2.118,-1.517,12,T,307(E1),K,-2.635,3
0.3432,0.07567,9,T,307(E1),L,-0.6332,6
-0.6947,-0.2504,6,T,307(E1),M,0.3506,4
-2.914,-2.845,5,T,307(E1),N,-2.861,3
-7.547,-7.617,6,T,307(E1),P,-8,3
-3.235,-3.471,4,T,307(E1),Q,,
-1.933,-1.273,7,T,307(E1),R,-1.722,3
-1.64,-0.9418,10,T,307(E1),S,-1.061,6
0,0,,T,307(E1),T,0,
0.4723,0.09833,12,T,307(E1),V,-0.2364,3
-2.173,-1.595,5,T,307(E1),W,-1.94,4
-1.306,-0.6372,6,T,307(E1),Y,-0.6252,5
-1.094,-0.4803,4,H,308(E1),-,,
-1.276,-0.613,2,H,308(E1),A,-0.9412,2
3.251,0.2562,3,H,308(E1),C,-2.601,1
-6.7,-7.462,2,H,308(E1),D,-8,1
-2.779,-2.592,5,H,308(E1),E,-2.729,4
0.9391,0.1604,5,H,308(E1),F,,
-4.553,-5.865,3,H,308(E1),G,-5.527,1
0,0,,H,308(E1),H,0,
-3.894,-4.766,12,H,308(E1),I,-4.982,10
-1.484,-0.7895,8,H,308(E1),K,-1.428,4
-3.466,-3.934,9,H,308(E1),L,-5.603,4
-0.261,-0.07617,8,H,308(E1),M,-0.5096,4
-6.519,-7.409,11,H,308(E1),N,-8,1
-6.664,-7.452,6,H,308(E1),P,-8,2
-0.9723,-0.4021,8,H,308(E1),Q,-0.6842,4
-0.02235,-0.005825,6,H,308(E1),R,-0.072,2
1.944,0.2275,4,H,308(E1),S,0.7224,1
2.04,0.2311,7,H,308(E1),T,-1.124,2
-2.529,-2.15,5,H,308(E1),V,-2.778,3
0.5687,0.1135,5,H,308(E1),W,0.0022,2
0.4109,0.0879,6,H,308(E1),Y,-0.4459,2
2.64,0.2472,6,S,309(E1),-,,
-2.554,-2.193,7,S,309(E1),A,-2.956,3
-5.793,-7.087,8,S,309(E1),C,-8,3
-2.879,-2.778,5,S,309(E1),D,-2.471,2
-2.789,-2.609,6,S,309(E1),E,-3.245,4
-5.381,-6.795,11,S,309(E1),F,-6.395,3
-2.852,-2.726,3,S,309(E1),G,,
-1.958,-1.305,6,S,309(E1),H,-2.541,4
-7.461,-7.607,7,S,309(E1),I,-8,4
-3.624,-4.247,9,S,309(E1),K,-4.392,4
-5.365,-6.782,7,S,309(E1),L,-7.239,5
-2.782,-2.596,2,S,309(E1),M,-2.899,2
-2.699,-2.446,21,S,309(E1),N,-2.659,5
-11.89,-7.736,6,S,309(E1),P,-6.704,4
-2.839,-2.703,6,S,309(E1),Q,-3.006,2
-5.955,-7.178,9,S,309(E1),R,-5.518,4
0,0,,S,309(E1),S,0,
-2.702,-2.451,10,S,309(E1),T,-2.535,5
-5.686,-7.021,3,S,309(E1),V,-7.385,2
-4.29,-5.462,4,S,309(E1),W,-5.436,1
-4.861,-6.27,2,S,309(E1),Y,-6.598,2
0.04926,0.01242,5,S,310(E1),-,,
0.3982,0.08566,4,S,310(E1),A,-0.1319,4
-2.766,-2.567,8,S,310(E1),C,-3.372,3
-4.382,-5.608,9,S,310(E1),D,-5.03,5
-2.79,-2.612,7,S,310(E1),E,-4.988,3
3.954,0.2616,9,S,310(E1),F,0.6738,8
-1.652,-0.9543,8,S,310(E1),G,-1.678,3
1.246,0.1882,8,S,310(E1),H,-0.0127,5
-2.396,-1.931,13,S,310(E1),I,-1.832,5
-2.459,-2.034,3,S,310(E1),K,-2.618,1
-1.657,-0.9595,6,S,310(E1),L,-0.77,4
-1.344,-0.668,7,S,310(E1),M,-0.4749,5
0.9362,0.1601,16,S,310(E1),N,0.4914,5
-7.195,-7.567,6,S,310(E1),P,-8,3
-0.7472,-0.2764,2,S,310(E1),Q,-0.5976,2
-3.863,-4.707,9,S,310(E1),R,-4.078,1
0,0,,S,310(E1),S,0,
1.812,0.222,4,S,310(E1),T,0.5736,2
-1.838,-1.159,7,S,310(E1),V,-1.43,4
0.5319,0.1079,5,S,310(E1),W,-0.8296,1
3.277,0.2564,9,S,310(E1),Y,0.1512,6
-1.107,-0.4893,4,D,311(E1),-,,
-2.539,-2.167,7,D,311(E1),A,-2.377,1
-7.016,-7.535,4,D,311(E1),C,-8,2
0,0,,D,311(E1),D,0,
-1.018,-0.4307,1,D,311(E1),E,,
-1.907,-1.241,8,D,311(E1),F,-1.769,4
-0.9799,-0.4067,4,D,311(E1),G,0.7234,1
-3.774,-4.539,6,D,311(E1),H,-6.383,2
-7.004,-7.532,12,D,311(E1),I,-8,9
-6.137,-7.266,1,D,311(E1),K,-8,1
-6.369,-7.359,6,D,311(E1),L,-8,4
-4.338,-5.539,5,D,311(E1),M,-5.759,3
-1.745,-1.053,30,D,311(E1),N,-1.204,8
-5.823,-7.105,13,D,311(E1),P,-8,5
-2.937,-2.887,4,D,311(E1),Q,-3.199,2
-4.708,-6.078,5,D,311(E1),R,-6.458,1
-1.833,-1.153,9,D,311(E1),S,-1.425,7
-2.988,-2.985,12,D,311(E1),T,-3.244,6
-7.344,-7.59,7,D,311(E1),V,-6.561,2
-0.5203,-0.1722,1,D,311(E1),W,,
-3.173,-3.348,14,D,311(E1),Y,-3.567,5
-1.378,-0.6964,5,F,312(E1),-,,
-2.078,-1.462,12,F,312(E1),A,-2.834,7
-5.857,-7.125,10,F,312(E1),C,-8,3
-5.554,-6.93,10,F,312(E1),D,-8,7
-5.619,-6.976,10,F,312(E1),E,-6.758,4
0,0,,F,312(E1),F,0,
-6.421,-7.377,13,F,312(E1),H,-8,7
-3.247,-3.495,7,F,312(E1),I,-3.809,3
-6.54,-7.416,12,F,312(E1),K,-8,7
-3.524,-4.048,20,F,312(E1),L,-4.342,7
-3.043,-3.093,7,F,312(E1),M,-3.629,1
-4.866,-6.276,9,F,312(E1),N,-6.358,5
-3.687,-4.37,8,F,312(E1),P,-4.353,5
-5.098,-6.534,9,F,312(E1),Q,-6.054,7
-6.549,-7.419,15,F,312(E1),R,-8,10
-3.685,-4.366,5,F,312(E1),S,-4.229,4
-4.731,-6.108,11,F,312(E1),T,-8,5
-3.476,-3.953,7,F,312(E1),V,-3.367,3
-3.322,-3.644,10,F,312(E1),W,-4.22,6
-1.807,-1.123,7,F,312(E1),Y,-0.4975,3
-1.114,-0.4942,5,G,313(E1),-,,
-1.563,-0.8648,16,G,313(E1),A,-0.9789,8
-1.93,-1.27,17,G,313(E1),C,-1.364,7
1.104,0.1764,19,G,313(E1),D,0.1416,7
-3.197,-3.395,10,G,313(E1),E,-3.526,8
-4.55,-5.86,19,G,313(E1),F,-5.566,13
0,0,,G,313(E1),G,0,
-4.65,-6,12,G,313(E1),H,-6.136,10
-6.491,-7.4,21,G,313(E1),I,-8,10
-2.226,-1.672,13,G,313(E1),K,-2.586,3
-1.337,-0.6626,20,G,313(E1),L,-1.158,9
-1.429,-0.7409,18,G,313(E1),M,-0.8649,9
-3.3,-3.601,8,G,313(E1),N,-4.53,7
-9.82,-7.725,18,G,313(E1),P,-8,5
-3.022,-3.051,14,G,313(E1),Q,-3.57,9
-3.041,-3.088,14,G,313(E1),R,-3.229,6
-1.851,-1.174,20,G,313(E1),S,-1.831,4
-2.489,-2.083,17,G,313(E1),T,-2.147,11
-4.613,-5.949,22,G,313(E1),V,-6.169,7
-5.642,-6.992,9,G,313(E1),W,-7.322,4
-6.746,-7.474,12,G,313(E1),Y,-8,7
-7.659,-7.63,7,G,314(E1),*,,
-0.8661,-0.3398,4,G,314(E1),-,,
-2.065,-1.445,19,G,314(E1),A,-1.267,9
-7.421,-7.601,10,G,314(E1),C,-8,6
-4.89,-6.304,7,G,314(E1),D,-6.188,5
-6.86,-7.501,28,G,314(E1),E,-8,12
-7.035,-7.539,10,G,314(E1),F,-8,6
0,0,,G,314(E1),G,0,
-6.6,-7.434,14,G,314(E1),H,-8,7
-7.06,-7.543,17,G,314(E1),I,-8,9
-7.319,-7.587,21,G,314(E1),K,-8,11
-6.037,-7.219,22,G,314(E1),L,-8,12
-7.382,-7.596,20,G,314(E1),M,-8,13
-1.773,-1.084,14,G,314(E1),N,-1.907,10
-5.906,-7.152,8,G,314(E1),P,-8,3
-6.989,-7.529,10,G,314(E1),Q,-8,4
-6.364,-7.357,23,G,314(E1),R,-8,6
0.1437,0.03469,16,G,314(E1),S,-0.1644,9
-9.469,-7.72,18,G,314(E1),T,-8,9
-6.799,-7.487,15,G,314(E1),V,-8,5
-6.982,-7.528,20,G,314(E1),W,-8,11
-6.257,-7.316,13,G,314(E1),Y,-8,7
-6.453,-7.388,1,V,315(E1),*,,
-0.5089,-0.1674,3,V,315(E1),-,,
-0.03224,-0.008442,9,V,315(E1),A,0.4754,6
-1.634,-0.9355,8,V,315(E1),C,-0.7315,4
-3.77,-4.53,4,V,315(E1),D,,
-1.514,-0.8179,7,V,315(E1),E,-0.7136,2
-1.896,-1.228,5,V,315(E1),F,-0.8604,1
-2.254,-1.712,5,V,315(E1),G,-2.448,4
-0.5835,-0.1991,9,V,315(E1),H,-0.7928,4
0.602,0.1185,8,V,315(E1),I,0.1696,4
-1.464,-0.7716,4,V,315(E1),K,-1.124,1
-0.196,-0.05545,11,V,315(E1),L,-0.7115,3
1.288,0.1915,19,V,315(E1),M,-0.1511,7
3.08,0.2542,10,V,315(E1),N,-0.4747,7
-5.138,-6.573,8,V,315(E1),P,-6.845,3
-0.7105,-0.2581,6,V,315(E1),Q,-2.236,2
-1.252,-0.5947,3,V,315(E1),R,-0.938,3
-1.152,-0.5207,4,V,315(E1),S,-0.836,3
-0.4411,-0.1404,2,V,315(E1),T,-0.4403,2
0,0,,V,315(E1),V,0,
2.026,0.2306,8,V,315(E1),W,0.1654,6
-0.2962,-0.08792,6,V,315(E1),Y,-0.2948,2
-1.061,-0.4586,5,A,316(E1),-,,
0,0,,A,316(E1),A,0,
-1.513,-0.8166,6,A,316(E1),C,-0.1789,3
-7.094,-7.55,7,A,316(E1),D,-8,2
-7.25,-7.576,7,A,316(E1),E,-8,4
-5.473,-6.869,2,A,316(E1),F,-7.232,1
-0.4596,-0.1476,1,A,316(E1),G,,
-6.394,-7.368,2,A,316(E1),H,-8,2
-0.9938,-0.4153,10,A,316(E1),I,-1.522,6
-7.176,-7.564,2,A,316(E1),K,,
-1.449,-0.7586,3,A,316(E1),L,-1.058,2
-2.069,-1.45,4,A,316(E1),M,-1.918,2
-6.315,-7.339,7,A,316(E1),N,-8,4
-5.86,-7.127,8,A,316(E1),P,-8,5
-6.01,-7.206,8,A,316(E1),Q,-8,5
-7.184,-7.565,8,A,316(E1),R,-8,5
1.244,0.1881,5,A,316(E1),S,0.2893,1
-2.362,-1.878,74,A,316(E1),T,-1.527,7
-1.711,-1.016,45,A,316(E1),V,-0.5925,11
-4.57,-5.889,4,A,316(E1),W,-6.108,2
-7.148,-7.559,4,A,316(E1),Y,-8,2
-6.886,-7.507,8,I,317(E1),-,,
-0.9822,-0.4081,1,I,317(E1),A,,
-1.576,-0.8773,8,I,317(E1),C,-1.111,3
-1.632,-0.9334,4,I,317(E1),D,-1.24,2
0.0611,0.01532,6,I,317(E1),E,-0.4618,3
-0.9417,-0.3835,4,I,317(E1),F,-0.1914,3
-2.572,-2.222,4,I,317(E1),G,-2.53,2
-1.863,-1.189,6,I,317(E1),H,-1.679,3
0,0,,I,317(E1),I,0,
-0.8094,-0.3087,5,I,317(E1),K,-1.008,3
-1.827,-1.146,6,I,317(E1),L,-1.195,3
-1.203,-0.5579,4,I,317(E1),M,-0.868,2
1.67,0.2152,8,I,317(E1),N,-0.7285,2
-6.604,-7.435,5,I,317(E1),P,-8,4
-5.109,-6.545,1,I,317(E1),Q,,
1.885,0.2251,4,I,317(E1),R,0.06876,4
-0.352,-0.1073,5,I,317(E1),S,-0.7868,3
-0.6482,-0.2283,5,I,317(E1),T,-0.4606,1
1.057,0.172,5,I,317(E1),V,0.9128,1
-2.177,-1.6,4,I,317(E1),W,-1.309,2
-1.44,-0.7503,2,I,317(E1),Y,-1.068,1
-9.689,-7.723,11,I,318(E1),-,,
-3.189,-3.379,4,I,318(E1),A,-3.407,2
-5.034,-6.466,4,I,318(E1),C,,
-7.383,-7.596,3,I,318(E1),D,-8,2
-6.023,-7.212,5,I,318(E1),E,-8,3
-5.237,-6.669,4,I,318(E1),F,,
-6.984,-7.528,3,I,318(E1),G,-8,2
-6.637,-7.445,3,I,318(E1),H,-8,1
0,0,,I,318(E1),I,0,
-6.592,-7.432,3,I,318(E1),K,-8,2
2.246,0.2377,3,I,318(E1),L,0.01654,1
0.07738,0.01926,7,I,318(E1),M,,
-7.357,-7.592,7,I,318(E1),N,-8,3
-6.371,-7.36,6,I,318(E1),P,-8,4
-6.942,-7.519,4,I,318(E1),Q,-8,3
-4.993,-6.422,5,I,318(E1),R,-6.722,3
-7.353,-7.592,5,I,318(E1),S,-8,4
-6.177,-7.283,6,I,318(E1),T,-8,3
-1.088,-0.4765,6,I,318(E1),V,1.094,2
-7.028,-7.537,5,I,318(E1),W,-8,2
-7.333,-7.589,7,I,318(E1),Y,-8,4
-6.231,-7.306,1,K,319(E1),*,-8,1
-0.907,-0.3631,6,K,319(E1),-,,
-1.651,-0.9532,6,K,319(E1),A,-0.8093,2
-1.088,-0.4766,6,K,319(E1),C,-0.8825,5
-2.059,-1.437,5,K,319(E1),D,-1.397,4
-0.9126,-0.3663,10,K,319(E1),E,-0.1087,3
-0.1522,-0.04217,8,K,319(E1),F,-0.3198,6
0.0147,0.003766,7,K,319(E1),G,-0.5924,2
1.678,0.2156,7,K,319(E1),H,-0.7179,6
-2.133,-1.538,3,K,319(E1),I,-1.823,2
0,0,,K,319(E1),K,0,
-2.109,-1.504,6,K,319(E1),L,-1.909,3
-1.138,-0.5107,4,K,319(E1),M,-0.699,2
-1.375,-0.6942,8,K,319(E1),N,-1.863,3
-1.907,-1.242,11,K,319(E1),P,-0.9716,7
0.6581,0.1264,6,K,319(E1),Q,-1.008,2
-0.185,-0.05206,5,K,319(E1),R,,
-0.3086,-0.09215,4,K,319(E1),S,-1.095,3
-1.727,-1.034,5,K,319(E1),T,-1.346,3
0.5723,0.1141,5,K,319(E1),V,-0.8369,2
-2.146,-1.556,6,K,319(E1),W,-2.039,5
-0.5735,-0.1948,3,K,319(E1),Y,0.3182,1
-4.155,-5.235,5,Y,320(E1),*,,
-0.5537,-0.1862,7,Y,320(E1),-,,
-1.314,-0.6438,6,Y,320(E1),A,0.548,1
0.3901,0.08424,5,Y,320(E1),C,0.1508,1
-8.277,-7.679,3,Y,320(E1),D,-8,1
-7.526,-7.615,8,Y,320(E1),E,-8,6
-0.4287,-0.1357,5,Y,320(E1),F,-1.393,1
-0.4677,-0.1508,11,Y,320(E1),G,-0.1754,6
-3.357,-3.715,6,Y,320(E1),H,-4.123,3
-1.852,-1.175,2,Y,320(E1),I,,
-6.761,-7.478,3,Y,320(E1),K,-8,1
0.1598,0.03829,8,Y,320(E1),L,-0.8296,5
-1.86,-1.185,6,Y,320(E1),M,-0.9946,3
-2.933,-2.88,10,Y,320(E1),N,-3.705,2
-7.068,-7.545,5,Y,320(E1),P,-8,2
-2.304,-1.788,2,Y,320(E1),Q,-2.094,2
-6.934,-7.518,2,Y,320(E1),R,-8,1
-1.442,-0.7522,6,Y,320(E1),S,,
-1.213,-0.565,5,Y,320(E1),T,-0.8825,4
-1.455,-0.7639,8,Y,320(E1),V,-0.7277,3
-3.025,-3.057,5,Y,320(E1),W,-2.591,2
0,0,,Y,320(E1),Y,0,
-1.167,-0.5312,5,A,321(E1),-,,
0,0,,A,321(E1),A,0,
-0.9555,-0.3918,5,A,321(E1),C,-0.3657,2
0.7668,0.1407,9,A,321(E1),D,-0.06642,1
-2.412,-1.957,4,A,321(E1),E,-1.998,3
1.485,0.2048,6,A,321(E1),F,-0.6012,1
-0.5161,-0.1704,18,A,321(E1),G,-0.4268,11
0.5742,0.1144,3,A,321(E1),H,-0.7803,1
0.695,0.1314,8,A,321(E1),I,0.3613,5
0.1202,0.02933,3,A,321(E1),K,-0.2066,2
-0.4633,-0.1491,5,A,321(E1),L,-0.4236,3
1.473,0.204,6,A,321(E1),M,0.8122,2
-0.5566,-0.1874,5,A,321(E1),N,-1.185,2
-7.185,-7.566,7,A,321(E1),P,-8,3
-0.5648,-0.191,6,A,321(E1),Q,-0.6705,3
1.225,0.1866,2,A,321(E1),R,-1.084,1
-0.17,-0.04751,8,A,321(E1),S,-0.8911,2
-0.3839,-0.1189,22,A,321(E1),T,-1.451,4
-0.1937,-0.05474,33,A,321(E1),V,-0.7004,9
-0.5613,-0.1895,8,A,321(E1),W,0.7968,3
-0.925,-0.3736,9,A,321(E1),Y,-0.2949,6
-0.1232,-0.03367,5,A,322(E1),-,,
0,0,,A,322(E1),A,0,
-0.91,-0.3648,6,A,322(E1),C,-0.9805,2
-5.457,-6.857,10,A,322(E1),D,-8,3
-5.325,-6.747,7,A,322(E1),E,-7.096,4
-0.6878,-0.247,11,A,322(E1),F,-2.585,2
-1.706,-1.011,5,A,322(E1),G,-1.849,2
-2.946,-2.906,7,A,322(E1),H,-3.033,3
-7.212,-7.57,4,A,322(E1),I,,
-2.955,-2.922,4,A,322(E1),K,-3.396,1
-2.31,-1.797,4,A,322(E1),L,-4.554,2
-2.674,-2.401,4,A,322(E1),M,-2.414,1
-2.577,-2.232,4,A,322(E1),N,-2.228,2
-2.679,-2.41,5,A,322(E1),P,-2.771,4
-4.141,-5.211,7,A,322(E1),Q,-4.492,2
-3.49,-3.98,7,A,322(E1),R,-3.677,3
0.9741,0.164,8,A,322(E1),S,0.2857,5
0.4451,0.09379,29,A,322(E1),T,-0.1409,8
-1.17,-0.5334,16,A,322(E1),V,-1.135,4
-2.697,-2.442,6,A,322(E1),W,-2.574,3
-0.822,-0.3155,4,A,322(E1),Y,-1.031,2
-2.448,-2.016,6,S,323(E1),-,,
-0.1394,-0.03838,10,S,323(E1),A,-0.229,5
-2.232,-1.681,5,S,323(E1),C,-1.305,2
0.2683,0.06119,6,S,323(E1),D,,
-2.555,-2.194,3,S,323(E1),E,-1.813,2
1.233,0.1872,3,S,323(E1),F,-1.803,1
-0.9971,-0.4174,3,S,323(E1),G,-1.138,2
-2.742,-2.524,2,S,323(E1),H,-2.885,2
-0.4884,-0.1591,12,S,323(E1),I,-0.05705,3
-1.214,-0.5658,1,S,323(E1),K,,
1.039,0.1704,5,S,323(E1),L,-0.3386,3
0.3477,0.07651,7,S,323(E1),M,-0.4268,6
-0.177,-0.04963,34,S,323(E1),N,0.07289,11
-1.844,-1.166,5,S,323(E1),P,-1.029,4
-1.268,-0.607,6,S,323(E1),Q,-1.409,1
0.771,0.1412,10,S,323(E1),R,-0.5622,4
0,0,,S,323(E1),S,0,
-0.08844,-0.02378,7,S,323(E1),T,0.1773,4
-0.7603,-0.283,7,S,323(E1),V,-1.096,3
-0.6945,-0.2503,7,S,323(E1),W,-0.2305,5
-1.168,-0.5325,3,S,323(E1),Y,0.3998,2
-4.957,-6.381,5,K,324(E1),-,,
-2.712,-2.47,4,K,324(E1),A,0.4394,1
-2.234,-1.683,10,K,324(E1),C,-2.668,3
-2.541,-2.171,3,K,324(E1),D,-1.968,1
-1.606,-0.9068,4,K,324(E1),E,,
-0.54,-0.1804,4,K,324(E1),F,-1.119,1
-1.998,-1.356,8,K,324(E1),G,-1.116,2
-2.371,-1.892,5,K,324(E1),H,-2.206,3
-2.143,-1.551,4,K,324(E1),I,-1.587,2
0,0,,K,324(E1),K,0,
-1.565,-0.8666,8,K,324(E1),L,-0.7893,5
-0.8563,-0.3343,8,K,324(E1),M,-0.6201,4
-1.147,-0.5173,9,K,324(E1),N,-2.048,2
-1.827,-1.146,7,K,324(E1),P,-1.281,4
1.799,0.2214,4,K,324(E1),Q,-0.6216,2
0.301,0.06763,8,K,324(E1),R,0.1324,5
-0.9577,-0.3931,3,K,324(E1),S,-0.7067,2
-1.762,-1.072,5,K,324(E1),T,-0.847,1
-0.2097,-0.05971,5,K,324(E1),V,-1.102,4
-1.533,-0.8356,3,K,324(E1),W,-1.161,1
-2.421,-1.972,7,K,324(E1),Y,-4.684,2
0.2005,0.04716,4,K,325(E1),-,,
0.7856,0.143,11,K,325(E1),A,0.2923,4
-1.923,-1.261,3,K,325(E1),C,-1.931,2
0.1917,0.04527,4,K,325(E1),D,-0.2209,2
-0.9654,-0.3978,11,K,325(E1),E,-1.209,6
-0.1277,-0.03497,9,K,325(E1),F,0.2014,5
0.1333,0.03233,7,K,325(E1),G,-1.227,3
0.2181,0.05087,7,K,325(E1),H,0.17,4
-1.442,-0.7519,3,K,325(E1),I,,
0,0,,K,325(E1),K,0,
-0.5015,-0.1644,8,K,325(E1),L,0.2815,1
0.8586,0.1516,6,K,325(E1),M,0.156,5
-1.413,-0.7261,7,K,325(E1),N,0.0111,3
-0.3227,-0.097,8,K,325(E1),P,-0.4486,5
0.3399,0.07506,11,K,325(E1),Q,-0.102,7
0.5885,0.1165,8,K,325(E1),R,0.4428,3
0.05909,0.01483,1,K,325(E1),S,,
-0.1897,-0.05352,4,K,325(E1),T,-0.2543,4
-0.7466,-0.276,4,K,325(E1),V,-0.4775,4
0.6126,0.12,5,K,325(E1),W,0.137,3
-1.356,-0.6783,9,K,325(E1),Y,-1.381,3
-0.768,-0.287,3,G,326(E1),-,,
-2.826,-2.678,4,G,326(E1),A,-2.929,2
-5.378,-6.792,8,G,326(E1),C,-8,1
-4.076,-5.098,28,G,326(E1),D,-5.245,2
-7.016,-7.535,4,G,326(E1),E,-8,2
-0.6936,-0.2498,8,G,326(E1),F,0.3371,3
0,0,,G,326(E1),G,0,
-3.342,-3.685,4,G,326(E1),H,-3.992,2
-7.017,-7.535,3,G,326(E1),I,-8,2
-4.962,-6.388,4,G,326(E1),K,-6.867,2
-5.482,-6.876,3,G,326(E1),L,-7.211,1
-3.758,-4.509,4,G,326(E1),M,-4.99,1
-3.334,-3.669,6,G,326(E1),N,-3.816,3
-6.881,-7.506,9,G,326(E1),P,-8,4
-5.918,-7.159,5,G,326(E1),Q,-8,3
-6.32,-7.341,6,G,326(E1),R,-8,2
-1.88,-1.209,6,G,326(E1),S,-3.959,1
-8.496,-7.691,4,G,326(E1),T,-8,2
-7.256,-7.577,5,G,326(E1),V,-8,3
-1.643,-0.9447,5,G,326(E1),W,-1.242,4
-1.097,-0.4827,4,G,326(E1),Y,-1.023,1
-4.431,-5.683,2,K,327(E1),*,,
0.4205,0.08958,2,K,327(E1),-,,
-1.529,-0.8321,3,K,327(E1),A,-1.134,1
-0.8696,-0.3417,5,K,327(E1),C,-0.5735,2
-0.08363,-0.02244,13,K,327(E1),D,-1.212,5
-1.678,-0.9813,5,K,327(E1),E,-1.781,1
0.3079,0.06898,8,K,327(E1),F,0.3553,5
-1.258,-0.5992,6,K,327(E1),G,-0.5623,4
-1.561,-0.8623,6,K,327(E1),H,-0.5529,4
-0.5017,-0.1645,12,K,327(E1),I,0.03654,5
0,0,,K,327(E1),K,0,
-1.071,-0.4652,6,K,327(E1),L,-0.6038,5
-0.1874,-0.05279,5,K,327(E1),M,-1.07,2
-2.032,-1.401,8,K,327(E1),N,-1.856,5
0.366,0.07987,7,K,327(E1),P,-0.007264,3
1.186,0.1834,4,K,327(E1),Q,,
-0.7166,-0.2611,15,K,327(E1),R,-0.2673,7
-0.3187,-0.09561,3,K,327(E1),S,0.2044,2
-1.058,-0.4565,10,K,327(E1),T,-0.9829,8
-1.111,-0.4923,4,K,327(E1),V,-0.06325,2
-1.604,-0.9045,7,K,327(E1),W,-1.199,3
-0.914,-0.3672,7,K,327(E1),Y,-0.8007,2
-6.943,-7.52,5,C,328(E1),*,-8,1
-0.275,-0.08081,1,C,328(E1),-,,
-7.194,-7.567,8,C,328(E1),A,-8,2
0,0,,C,328(E1),C,0,
-7.364,-7.593,6,C,328(E1),D,-8,4
-6.856,-7.5,7,C,328(E1),E,-8,3
-8.423,-7.687,14,C,328(E1),F,-8,4
-7.489,-7.61,8,C,328(E1),G,-8,6
-7.178,-7.564,6,C,328(E1),H,-8,3
-5.703,-7.032,7,C,328(E1),I,-8,5
-7.031,-7.538,6,C,328(E1),K,-8,1
-7.173,-7.564,3,C,328(E1),L,-8,2
-5.347,-6.766,3,C,328(E1),M,-7.085,2
-7.203,-7.569,3,C,328(E1),N,-8,1
-7.316,-7.586,8,C,328(E1),P,-8,4
-6.241,-7.31,5,C,328(E1),Q,-8,4
-6.227,-7.304,5,C,328(E1),R,-8,2
-7.101,-7.551,17,C,328(E1),S,-8,6
-5.894,-7.145,4,C,328(E1),T,-8,3
-7.004,-7.532,9,C,328(E1),V,-8,4
-7.105,-7.552,4,C,328(E1),W,-8,3
-6.861,-7.502,20,C,328(E1),Y,-8,7
-1.676,-0.9791,2,A,329(E1),*,,
0.2113,0.04945,1,A,329(E1),-,,
0,0,,A,329(E1),A,0,
-2.138,-1.544,5,A,329(E1),C,-1.34,3
-4.015,-4.988,8,A,329(E1),D,-4.67,1
-4.535,-5.839,6,A,329(E1),E,-6.256,4
-1.787,-1.1,6,A,329(E1),F,-1.016,5
-0.7314,-0.2684,7,A,329(E1),G,-0.8322,4
-1.859,-1.184,4,A,329(E1),H,-1.482,2
-0.4739,-0.1533,6,A,329(E1),I,-2.821,3
-7.149,-7.559,5,A,329(E1),K,-8,3
-6.63,-7.443,2,A,329(E1),L,-8,1
-4.101,-5.141,3,A,329(E1),M,-5.349,2
-4.064,-5.075,2,A,329(E1),N,-5.394,1
-2.765,-2.565,4,A,329(E1),P,-2.868,2
-5.926,-7.163,4,A,329(E1),Q,-7.768,4
-7.308,-7.585,6,A,329(E1),R,-8,4
-1.819,-1.137,9,A,329(E1),S,-1.175,3
-3.545,-4.091,20,A,329(E1),T,-3.667,4
-2.873,-2.765,16,A,329(E1),V,-4.494,2
-4.866,-6.276,6,A,329(E1),W,-6.696,3
-1.796,-1.11,2,A,329(E1),Y,-1.403,2
-0.8858,-0.3509,3,V,330(E1),-,,
-1.133,-0.5076,9,V,330(E1),A,-0.5988,2
-1.188,-0.5465,8,V,330(E1),C,-0.9495,7
-7.535,-7.616,11,V,330(E1),D,-8,5
-5.459,-6.858,5,V,330(E1),E,-7.191,2
-3.653,-4.304,4,V,330(E1),F,,
-7.339,-7.59,7,V,330(E1),G,-8,4
-7.814,-7.645,10,V,330(E1),H,-8,3
-1.862,-1.187,4,V,330(E1),I,-1.677,2
-5.548,-6.926,8,V,330(E1),K,-7.284,3
-1.157,-0.5241,9,V,330(E1),L,-1.668,3
-1.425,-0.7369,26,V,330(E1),M,-0.6752,6
-7.512,-7.613,7,V,330(E1),N,-8,5
-2.732,-2.505,6,V,330(E1),P,-2.492,3
-7.587,-7.622,8,V,330(E1),Q,-8,2
-7.288,-7.582,8,V,330(E1),R,-8,4
-4.071,-5.089,4,V,330(E1),S,-5.51,1
-1.451,-0.7602,10,V,330(E1),T,-1.449,6
0,0,,V,330(E1),V,0,
-6.938,-7.519,12,V,330(E1),W,-8,3
-7.317,-7.586,8,V,330(E1),Y,-8,5
-0.5398,-0.1803,3,H,331(E1),-,,
1.325,0.1941,7,H,331(E1),A,-0.284,3
-3.886,-4.75,8,H,331(E1),C,-5.411,5
-3.858,-4.699,6,H,331(E1),D,-4.543,3
-7.227,-7.573,6,H,331(E1),E,-8,4
-2.028,-1.395,6,H,331(E1),F,-2.164,1
-3.089,-3.183,6,H,331(E1),G,-3.596,2
0,0,,H,331(E1),H,0,
-1.637,-0.9386,6,H,331(E1),I,-1.485,1
-4.006,-4.971,4,H,331(E1),K,-5.274,4
-3.135,-3.273,8,H,331(E1),L,-3.838,2
-2.411,-1.956,7,H,331(E1),M,-2.157,5
-2.008,-1.369,7,H,331(E1),N,-1.155,2
-7.718,-7.636,11,H,331(E1),P,-8,5
-4.17,-5.261,19,H,331(E1),Q,-5.144,8
-8.798,-7.703,10,H,331(E1),R,-6.681,4
-3.561,-4.123,7,H,331(E1),S,-2.864,2
-0.8754,-0.345,3,H,331(E1),T,,
-1.443,-0.7528,5,H,331(E1),V,-1.57,2
-4.115,-5.167,3,H,331(E1),W,-5.415,1
-0.2388,-0.06897,17,H,331(E1),Y,-1.739,2
-0.09957,-0.02691,2,S,332(E1),-,,
2.386,0.2415,4,S,332(E1),A,-0.1449,2
-1.631,-0.9325,6,S,332(E1),C,-1.096,3
-1.539,-0.8414,6,S,332(E1),D,-1.89,2
-3.237,-3.475,7,S,332(E1),E,-3.822,3
-7.551,-7.618,8,S,332(E1),F,-8,4
-1.732,-1.039,11,S,332(E1),G,-1.086,3
-2.856,-2.734,5,S,332(E1),H,-3.08,3
-3.73,-4.455,6,S,332(E1),I,-5.902,2
-3.486,-3.973,7,S,332(E1),K,-3.802,3
-7.247,-7.576,5,S,332(E1),L,-8,1
-3.655,-4.308,4,S,332(E1),M,-4.61,4
-6.842,-7.497,37,S,332(E1),N,-8,4
0.04153,0.01051,4,S,332(E1),P,-0.0228,1
-2.629,-2.323,5,S,332(E1),Q,-2.332,4
-3.21,-3.422,15,S,332(E1),R,-2.929,2
0,0,,S,332(E1),S,0,
-0.1142,-0.03108,5,S,332(E1),T,-0.2122,2
-3.67,-4.336,5,S,332(E1),V,-8,1
-7.233,-7.574,7,S,332(E1),W,-8,4
-7.244,-7.575,6,S,332(E1),Y,-3.895,2
-6.702,-7.463,1,M,333(E1),*,-8,1
-0.2553,-0.07431,2,M,333(E1),-,,
-0.1194,-0.03257,5,M,333(E1),A,-0.2818,4
-1.525,-0.8284,7,M,333(E1),C,-1.206,2
0.6508,0.1254,9,M,333(E1),D,-0.957,5
-1.603,-0.9044,8,M,333(E1),E,-0.6818,1
0.365,0.0797,12,M,333(E1),F,-0.1129,6
5.703,0.2659,6,M,333(E1),G,-0.093,4
-0.2143,-0.06116,8,M,333(E1),H,-0.7338,4
-0.7135,-0.2596,27,M,333(E1),I,-1.586,6
-1.426,-0.7375,5,M,333(E1),K,-0.6188,4
-0.7068,-0.2563,10,M,333(E1),L,-0.9857,6
0,0,,M,333(E1),M,0,
-1.16,-0.5262,5,M,333(E1),N,-2.285,1
-1.461,-0.7688,4,M,333(E1),P,-0.8377,3
-0.6532,-0.2307,5,M,333(E1),Q,-0.9144,2
-1.908,-1.243,1,M,333(E1),R,-1.588,1
-0.5225,-0.173,9,M,333(E1),S,-0.5296,5
-1.237,-0.5831,10,M,333(E1),T,-0.7087,5
-1.092,-0.4789,12,M,333(E1),V,-0.8427,10
-2.979,-2.967,14,M,333(E1),W,-2.596,5
-1.277,-0.6144,11,M,333(E1),Y,-0.6188,7
-1.508,-0.8118,3,T,334(E1),-,,
1.486,0.2048,23,T,334(E1),A,-0.1053,6
-1.099,-0.4838,5,T,334(E1),C,1.589,1
-1.26,-0.6008,4,T,334(E1),D,-0.8374,2
2.505,0.2444,2,T,334(E1),E,-0.8634,1
-2.554,-2.193,5,T,334(E1),G,-2.909,2
-0.1138,-0.03098,5,T,334(E1),H,0.1517,2
-0.807,-0.3075,13,T,334(E1),I,0.09484,5
0.4477,0.09422,3,T,334(E1),K,-0.461,2
1.482,0.2047,7,T,334(E1),L,0.5272,4
0.02318,0.005915,6,T,334(E1),M,0.5916,3
-0.9839,-0.4092,14,T,334(E1),N,-0.4324,2
-0.1753,-0.04912,5,T,334(E1),P,-0.178,4
1.382,0.1981,5,T,334(E1),Q,-0.1093,2
0.02881,0.007333,6,T,334(E1),R,-0.42,4
0.03353,0.008515,3,T,334(E1),S,-0.6268,1
0,0,,T,334(E1),T,0,
-0.1665,-0.04644,8,T,334(E1),V,-0.4655,3
-0.753,-0.2793,7,T,334(E1),W,-0.6452,2
0.1083,0.02658,5,T,334(E1),Y,-0.0742,2
0.1604,0.03842,2,N,335(E1),-,,
1.975,0.2287,2,N,335(E1),A,0.209,1
-3.681,-4.358,4,N,335(E1),C,,
-1.521,-0.8241,7,N,335(E1),D,-0.9119,4
0.6787,0.1292,3,N,335(E1),E,-0.06341,1
-0.9216,-0.3716,8,N,335(E1),F,-2.366,2
1.084,0.1745,5,N,335(E1),G,0.1014,5
3.903,0.2613,7,N,335(E1),H,-1.718,2
-0.9192,-0.3702,8,N,335(E1),I,-0.6454,5
3.026,0.2535,9,N,335(E1),K,0.1583,3
-1.115,-0.4951,8,N,335(E1),L,-0.8059,4
-0.928,-0.3754,14,N,335(E1),M,-0.6567,5
0,0,,N,335(E1),N,0,
2.982,0.2529,5,N,335(E1),P,0.6839,5
-1.523,-0.8258,5,N,335(E1),Q,-3.42,3
1.192,0.1839,5,N,335(E1),R,0.5168,2
-1.426,-0.738,4,N,335(E1),S,-1.514,2
-0.3596,-0.11,3,N,335(E1),T,,
2.108,0.2335,4,N,335(E1),V,0.2797,3
-0.9862,-0.4106,4,N,335(E1),W,-0.2637,2
-0.8544,-0.3332,9,N,335(E1),Y,-0.2071,4
-0.648,-0.2282,2,A,336(E1),-,,
0,0,,A,336(E1),A,0,
-1.934,-1.275,6,A,336(E1),C,-1.42,2
-0.7569,-0.2813,9,A,336(E1),D,-0.8257,4
0.7719,0.1413,3,A,336(E1),E,0.3831,1
-0.08485,-0.02278,6,A,336(E1),F,0.01825,2
-0.1418,-0.0391,5,A,336(E1),G,-0.9113,1
0.8366,0.149,6,A,336(E1),H,-2.243,1
-0.2711,-0.07949,10,A,336(E1),I,-0.6377,7
-0.006671,-0.001726,5,A,336(E1),K,0.1486,1
0.06371,0.01595,6,A,336(E1),L,-2.69,1
0.06154,0.01543,5,A,336(E1),M,1.327,2
-6.456,-7.389,2,A,336(E1),N,-8,1
0.6463,0.1248,6,A,336(E1),P,0.1569,4
-0.7394,-0.2724,5,A,336(E1),Q,,
1.002,0.1668,2,A,336(E1),R,-0.0571,2
0.06636,0.0166,7,A,336(E1),S,0.789,2
0.4851,0.1004,19,A,336(E1),T,0.3373,3
-1.476,-0.7826,10,A,336(E1),V,0.02185,1
3.631,0.2595,6,A,336(E1),W,0.5091,3
2.253,0.2379,5,A,336(E1),Y,0.4141,3
-0.9228,-0.3723,2,V,337(E1),-,,
-0.5791,-0.1972,19,V,337(E1),A,-0.3794,5
-0.5349,-0.1782,4,V,337(E1),C,-0.2281,2
-6.765,-7.479,6,V,337(E1),D,-7.301,2
-5.429,-6.834,13,V,337(E1),E,-8,5
-2.442,-2.005,9,V,337(E1),F,-1.972,2
-7.025,-7.537,5,V,337(E1),G,-8,4
-2.911,-2.839,6,V,337(E1),H,-2.848,2
-1.191,-0.549,9,V,337(E1),I,-0.1326,4
-8.395,-7.686,6,V,337(E1),K,-8,2
-0.4242,-0.1339,10,V,337(E1),L,-0.132,3
-0.8836,-0.3497,22,V,337(E1),M,-0.1761,4
-5.862,-7.128,5,V,337(E1),N,-8,1
-7.389,-7.597,7,V,337(E1),P,-8,3
-2.998,-3.004,6,V,337(E1),Q,-3.048,5
-6.96,-7.523,5,V,337(E1),R,-8,3
-5.333,-6.755,10,V,337(E1),S,-5.683,5
-6.424,-7.378,3,V,337(E1),T,-8,1
0,0,,V,337(E1),V,0,
-3.418,-3.837,8,V,337(E1),W,-3.628,4
-1.311,-0.6411,4,V,337(E1),Y,-0.3957,1
0.6706,0.1281,1,T,338(E1),-,,
-0.5278,-0.1753,5,T,338(E1),A,-0.9789,2
-2.749,-2.536,5,T,338(E1),C,-2.857,2
-2.277,-1.747,8,T,338(E1),D,-3.145,5
-2.097,-1.488,6,T,338(E1),E,-1.653,4
-2.001,-1.36,7,T,338(E1),F,-2.168,4
-1.427,-0.7391,10,T,338(E1),G,-1.054,5
-2.891,-2.801,6,T,338(E1),H,-2.661,3
-0.2175,-0.06217,13,T,338(E1),I,-0.1504,3
-7.015,-7.535,3,T,338(E1),K,-8,2
-2.044,-1.416,6,T,338(E1),L,-1.761,3
-0.8196,-0.3142,1,T,338(E1),M,,
0.008912,0.00229,7,T,338(E1),N,-0.3457,2
-3.461,-3.923,6,T,338(E1),P,-4.444,3
-0.7821,-0.2943,6,T,338(E1),Q,-1.045,3
-5.329,-6.751,3,T,338(E1),R,-7.1,3
-0.03899,-0.01024,4,T,338(E1),S,-0.6644,3
0,0,,T,338(E1),T,0,
2.039,0.2311,3,T,338(E1),V,-1.243,2
-9.109,-7.712,6,T,338(E1),W,-8,3
-2.227,-1.673,3,T,338(E1),Y,-1.985,2
-0.4418,-0.1407,2,I,339(E1),-,,
-1.313,-0.6426,5,I,339(E1),A,-0.8019,4
-0.09025,-0.02429,6,I,339(E1),C,-0.3723,5
-7.27,-7.579,8,I,339(E1),D,-8,3
-5.898,-7.148,4,I,339(E1),E,-8,3
-1.398,-0.7133,9,I,339(E1),F,-0.8638,4
-7.249,-7.576,6,I,339(E1),G,-8,3
-6.342,-7.349,11,I,339(E1),H,-8,7
0,0,,I,339(E1),I,0,
-7.872,-7.65,10,I,339(E1),K,-8,8
0.07058,0.01762,6,I,339(E1),L,-0.003766,3
-1.898,-1.23,9,I,339(E1),M,-1.683,5
-2.771,-2.577,12,I,339(E1),N,-2.217,7
-2.647,-2.354,6,I,339(E1),P,-2.563,4
-5.725,-7.046,2,I,339(E1),Q,,
-6.818,-7.492,6,I,339(E1),R,-8,2
-3.05,-3.105,6,I,339(E1),S,-2.86,4
-0.6401,-0.2246,6,I,339(E1),T,-0.3416,2
-1.401,-0.7157,7,I,339(E1),V,-0.6027,1
-3.575,-4.15,7,I,339(E1),W,-4.015,4
-7.207,-7.569,4,I,339(E1),Y,-8,1
-0.4175,-0.1314,2,R,340(E1),-,,
-1.42,-0.7325,8,R,340(E1),A,-0.9886,5
-2.287,-1.763,4,R,340(E1),C,-1.208,1
-6.785,-7.484,10,R,340(E1),D,-8,7
-3.484,-3.968,4,R,340(E1),E,-3.77,3
-6.339,-7.348,10,R,340(E1),F,-8,4
-5.069,-6.503,6,R,340(E1),G,-7.409,2
-2.236,-1.686,6,R,340(E1),H,-1.944,4
-4.828,-6.231,9,R,340(E1),I,-6.779,7
2.546,0.2453,3,R,340(E1),K,0.1825,2
-0.7909,-0.2989,4,R,340(E1),L,-0.518,1
-1.919,-1.256,10,R,340(E1),M,-1.392,9
-4.856,-6.264,6,R,340(E1),N,-6.411,4
-6.261,-7.318,7,R,340(E1),P,-8,4
0.003668,0.0009447,26,R,340(E1),Q,-0.02421,4
0,0,,R,340(E1),R,0,
-1.897,-1.229,6,R,340(E1),S,-0.9415,3
-7.285,-7.582,6,R,340(E1),T,-8,4
-6.344,-7.35,7,R,340(E1),V,-8,4
-7.725,-7.637,15,R,340(E1),W,-8,4
-4.08,-5.104,6,R,340(E1),Y,-5.292,5
-8.598,-7.695,5,E,341(E1),*,,
-0.4466,-0.1426,2,E,341(E1),-,,
-2.081,-1.466,2,E,341(E1),A,-1.845,1
-4.964,-6.39,9,E,341(E1),C,-7.235,3
-1.998,-1.357,8,E,341(E1),D,-1.707,4
0,0,,E,341(E1),E,0,
-10.24,-7.729,15,E,341(E1),F,-8,9
-3.312,-3.624,6,E,341(E1),G,-2.361,2
-3.064,-3.134,6,E,341(E1),H,-3.663,3
-5.175,-6.61,2,E,341(E1),I,-7.015,2
-6.29,-7.329,42,E,341(E1),K,-5.692,4
-6.298,-7.332,4,E,341(E1),L,-6.55,2
-5.649,-6.996,9,E,341(E1),M,-8,4
-2.158,-1.572,11,E,341(E1),N,-2.238,3
-3.624,-4.247,9,E,341(E1),P,-4.441,4
-0.3793,-0.1172,12,E,341(E1),Q,-0.9293,9
-3.34,-3.68,6,E,341(E1),R,-3.612,6
-5.184,-6.619,8,E,341(E1),S,-3.949,2
-3.552,-4.104,6,E,341(E1),T,-4.253,2
-3.365,-3.731,5,E,341(E1),V,-3.818,3
-7.084,-7.548,10,E,341(E1),W,-8,6
-6.218,-7.3,6,E,341(E1),Y,-8,4
-0.8774,-0.3461,2,A,342(E1),-,,
0,0,,A,342(E1),A,0,
-1.003,-0.421,4,A,342(E1),C,-0.78,3
-3.013,-3.034,4,A,342(E1),D,-3.524,3
-7.641,-7.628,4,A,342(E1),E,-5.795,1
-1.674,-0.9771,5,A,342(E1),F,-1.553,2
-0.5592,-0.1886,5,A,342(E1),G,-1.556,2
0.1425,0.03442,3,A,342(E1),H,-1.639,2
-0.7261,-0.2658,4,A,342(E1),I,-0.4545,3
-0.8536,-0.3328,1,A,342(E1),K,,
0.0909,0.02248,5,A,342(E1),L,0.03868,3
-2.922,-2.859,3,A,342(E1),M,-3.188,1
-0.7823,-0.2944,4,A,342(E1),N,0.5498,2
1.849,0.2236,8,A,342(E1),P,-0.1255,3
-4.04,-5.033,2,A,342(E1),Q,-5.421,1
-6.999,-7.531,3,A,342(E1),R,-8,2
0.7313,0.1362,4,A,342(E1),S,-0.1414,2
0.4247,0.0903,11,A,342(E1),T,-0.0628,4
-0.5132,-0.1692,33,A,342(E1),V,-1.959,5
-0.6657,-0.2365,5,A,342(E1),W,-2.148,2
0.6748,0.1287,8,A,342(E1),Y,-1.28,3
-4.967,-6.392,8,E,343(E1),*,-6.633,1
-1.161,-0.5272,2,E,343(E1),-,,
-0.8928,-0.3549,10,E,343(E1),A,0.3346,6
-1.749,-1.057,5,E,343(E1),C,-3.319,1
-0.5627,-0.1901,12,E,343(E1),D,0.1988,3
0,0,,E,343(E1),E,0,
-0.501,-0.1642,5,E,343(E1),F,-0.9247,2
1.876,0.2248,6,E,343(E1),G,0.7537,1
-1.457,-0.7657,10,E,343(E1),H,-0.1461,6
-1.419,-0.732,8,E,343(E1),I,-1.022,5
-3.112,-3.227,20,E,343(E1),K,-3.816,8
-1.615,-0.9157,9,E,343(E1),L,-1.151,3
-0.1883,-0.05308,8,E,343(E1),M,0.0221,4
1.31,0.1931,14,E,343(E1),N,0.5066,7
-6.988,-7.529,4,E,343(E1),P,-8,2
-1.832,-1.152,2,E,343(E1),Q,-1.442,2
-1.037,-0.4426,5,E,343(E1),R,0.3712,3
1.185,0.1833,7,E,343(E1),S,0.3101,6
-1.813,-1.13,4,E,343(E1),T,-1.131,3
0.4646,0.09706,7,E,343(E1),V,0.2745,2
-0.1998,-0.05664,8,E,343(E1),W,-0.2954,4
0.8466,0.1502,8,E,343(E1),Y,0.2164,2
0.1869,0.04422,2,I,344(E1),-,,
-1.18,-0.5407,7,I,344(E1),A,-0.6263,3
-0.5912,-0.2025,7,I,344(E1),C,-0.7066,4
-0.4637,-0.1492,6,I,344(E1),D,-0.7514,3
0.2059,0.04831,8,I,344(E1),E,-0.3332,4
-1.583,-0.8839,8,I,344(E1),F,-0.2461,3
0.7042,0.1326,6,I,344(E1),G,0.0237,4
0.08418,0.02088,4,I,344(E1),H,0.4904,1
0,0,,I,344(E1),I,0,
-0.2952,-0.08757,6,I,344(E1),K,-0.8005,4
-1.17,-0.5336,4,I,344(E1),L,-0.74,4
0.9819,0.1648,4,I,344(E1),M,-0.05979,3
-1.762,-1.072,7,I,344(E1),N,-0.2659,2
-2.571,-2.222,5,I,344(E1),P,-2.54,3
0.09176,0.02268,2,I,344(E1),Q,-0.2835,2
-1.493,-0.7981,4,I,344(E1),R,-0.6556,1
-0.5259,-0.1745,6,I,344(E1),S,0.8779,4
0.7532,0.1389,4,I,344(E1),T,0.8788,3
0.2895,0.06538,8,I,344(E1),V,-0.4456,4
-2.772,-2.578,2,I,344(E1),W,,
-2.567,-2.215,3,I,344(E1),Y,-3.566,2
-8.842,-7.704,11,E,345(E1),*,,
0.5484,0.1104,1,E,345(E1),-,,
-0.4681,-0.151,6,E,345(E1),A,-0.4223,3
-0.6482,-0.2283,8,E,345(E1),C,-0.4871,5
-0.1832,-0.05152,7,E,345(E1),D,-0.2027,3
0,0,,E,345(E1),E,0,
2.642,0.2472,12,E,345(E1),F,0.0921,6
0.02241,0.005721,14,E,345(E1),G,0.1692,6
0.03977,0.01007,10,E,345(E1),H,-0.4588,6
0.4492,0.09448,7,E,345(E1),I,-0.4779,5
0.04517,0.01141,44,E,345(E1),K,0.4672,12
2.266,0.2383,8,E,345(E1),L,-0.2733,6
-1.819,-1.137,8,E,345(E1),M,-0.9797,4
-0.8063,-0.3071,10,E,345(E1),N,-0.5184,2
0.6978,0.1318,6,E,345(E1),P,-0.2549,1
1.18,0.1829,8,E,345(E1),Q,-0.8629,4
-1.385,-0.7026,9,E,345(E1),R,-1.342,3
-2.906,-2.828,6,E,345(E1),S,-3.364,3
-0.3068,-0.09151,7,E,345(E1),T,-0.3088,3
4.147,0.2625,11,E,345(E1),V,-1.253,5
-0.3993,-0.1246,13,E,345(E1),W,-0.2927,5
-1.744,-1.052,9,E,345(E1),Y,-1.172,5
-0.04253,-0.01119,1,V,346(E1),-,,
-1.968,-1.317,10,V,346(E1),A,-0.8293,5
-1.907,-1.242,6,V,346(E1),C,-1.855,3
-6.396,-7.368,7,V,346(E1),D,-8,4
-6.244,-7.311,6,V,346(E1),E,-7.348,3
-3.474,-3.95,8,V,346(E1),F,-4.239,3
-6.984,-7.528,5,V,346(E1),G,-8,4
-6.94,-7.519,5,V,346(E1),H,-8,2
2.009,0.23,8,V,346(E1),I,-0.6095,5
-7.005,-7.533,4,V,346(E1),K,-8,2
-1.503,-0.8072,8,V,346(E1),L,-1.005,4
-1.621,-0.9218,9,V,346(E1),M,-0.9281,4
-6.784,-7.483,5,V,346(E1),N,-8,4
-3.813,-4.613,9,V,346(E1),P,-4.732,5
-5.445,-6.847,10,V,346(E1),Q,-6.229,3
-6.01,-7.206,6,V,346(E1),R,-7.497,2
-5.59,-6.955,8,V,346(E1),S,-8,3
-0.4721,-0.1526,9,V,346(E1),T,-0.2168,3
0,0,,V,346(E1),V,0,
-7.071,-7.545,4,V,346(E1),W,-8,2
-7.322,-7.587,10,V,346(E1),Y,-8,5
-7.247,-7.576,3,E,347(E1),*,,
0.3351,0.07414,1,E,347(E1),-,,
-1.162,-0.5281,10,E,347(E1),A,-1.96,5
-0.2145,-0.06123,6,E,347(E1),C,-0.6684,3
0.2066,0.04845,17,E,347(E1),D,-0.5495,7
0,0,,E,347(E1),E,0,
-0.5819,-0.1984,8,E,347(E1),F,-0.7793,1
-0.4211,-0.1328,15,E,347(E1),G,0.1997,5
0.5535,0.1112,8,E,347(E1),H,-0.08778,5
0.6951,0.1314,11,E,347(E1),I,0.1662,5
0.2389,0.05522,47,E,347(E1),K,-0.8264,10
1.091,0.1751,4,E,347(E1),L,0.405,2
1.274,0.1904,8,E,347(E1),M,0.3065,7
-1.186,-0.5454,9,E,347(E1),N,0.4737,6
0.1895,0.04479,7,E,347(E1),P,-1.209,4
-0.07689,-0.02056,8,E,347(E1),Q,-0.1783,4
-1.519,-0.8225,8,E,347(E1),R,0.5087,3
0.03242,0.008239,6,E,347(E1),S,-0.3486,3
-0.7224,-0.2639,9,E,347(E1),T,0.4795,4
-2.166,-1.585,9,E,347(E1),V,-2.239,4
-0.8715,-0.3428,3,E,347(E1),W,-8,1
-0.2908,-0.08608,8,E,347(E1),Y,-0.008018,3
-1.634,-0.9357,1,G,348(E1),-,,
1.666,0.215,5,G,348(E1),A,-0.3267,2
-3.403,-3.808,9,G,348(E1),C,-3.803,3
-1.205,-0.5592,30,G,348(E1),D,-1.304,4
-0.5357,-0.1786,2,G,348(E1),E,-0.5169,1
1.134,0.179,10,G,348(E1),F,-0.3158,6
0,0,,G,348(E1),G,0,
-1.136,-0.5092,8,G,348(E1),H,-0.5424,7
0.0787,0.01957,7,G,348(E1),I,-0.7821,4
0.8819,0.1542,4,G,348(E1),K,-0.4431,2
1.453,0.2028,9,G,348(E1),L,0.2039,5
0.212,0.0496,7,G,348(E1),M,0.04577,4
-0.6549,-0.2314,6,G,348(E1),N,-1.313,3
-0.4166,-0.1311,6,G,348(E1),P,0.7941,2
-0.923,-0.3724,12,G,348(E1),Q,-0.8288,4
0.8432,0.1498,8,G,348(E1),R,-0.1002,5
-0.9408,-0.383,25,G,348(E1),S,0.7402,9
0.5133,0.105,4,G,348(E1),T,-0.01299,1
-0.6322,-0.221,11,G,348(E1),V,-0.6203,3
-1.035,-0.4415,6,G,348(E1),W,-0.7399,3
0.8156,0.1466,7,G,348(E1),Y,0.504,2
-0.0805,-0.02156,2,N,349(E1),-,,
0.6233,0.1215,7,N,349(E1),A,0.4921,4
-2.984,-2.978,6,N,349(E1),C,-3.376,3
0.8576,0.1514,14,N,349(E1),D,-0.334,5
0.4004,0.08605,7,N,349(E1),E,-0.08638,4
1.744,0.2189,5,N,349(E1),F,0.254,5
-1.228,-0.5762,8,N,349(E1),G,-1.004,3
0.3138,0.07011,10,N,349(E1),H,-1.209,7
0.8966,0.1558,6,N,349(E1),I,-0.1195,1
0.6289,0.1223,24,N,349(E1),K,-0.758,6
2.978,0.2528,5,N,349(E1),L,0.3316,4
0.9284,0.1592,7,N,349(E1),M,0.3781,4
0,0,,N,349(E1),N,0,
-1.666,-0.9681,9,N,349(E1),P,-1.915,2
1.192,0.1839,7,N,349(E1),Q,-0.0261,3
1.581,0.2105,10,N,349(E1),R,0.1221,3
0.06408,0.01605,10,N,349(E1),S,-0.7033,4
1.19,0.1837,6,N,349(E1),T,-0.1025,5
-0.2573,-0.07497,4,N,349(E1),V,-0.08792,3
-1.035,-0.4413,1,N,349(E1),W,,
0.6556,0.1261,7,N,349(E1),Y,-0.1182,4
-0.2587,-0.07541,1,S,350(E1),-,,
-0.6317,-0.2207,10,S,350(E1),A,-0.4656,5
-2.879,-2.778,6,S,350(E1),C,-2.783,4
3.312,0.2568,8,S,350(E1),D,-0.1705,4
-0.8171,-0.3128,7,S,350(E1),E,-0.263,3
-2.156,-1.57,5,S,350(E1),F,-1.274,3
-0.2387,-0.06893,10,S,350(E1),G,-0.5506,4
0.8124,0.1462,5,S,350(E1),H,-1.353,2
-1.686,-0.9894,14,S,350(E1),I,-1.315,8
4.973,0.2649,7,S,350(E1),K,-0.4825,6
-0.8523,-0.3321,7,S,350(E1),L,-0.9549,4
0.09408,0.02323,9,S,350(E1),M,0.4328,5
0.4036,0.08663,22,S,350(E1),N,-0.5282,4
2.828,0.2506,2,S,350(E1),P,-0.3142,1
3.109,0.2546,9,S,350(E1),Q,0.05761,4
-8.865,-7.705,6,S,350(E1),R,-8,1
0,0,,S,350(E1),S,0,
-1.366,-0.6862,8,S,350(E1),T,-0.5632,4
-1.61,-0.9114,6,S,350(E1),V,-1.182,4
-3.446,-3.892,9,S,350(E1),W,-4.254,4
0.9141,0.1577,5,S,350(E1),Y,-0.02072,3
-5.428,-6.834,4,Q,351(E1),*,,
-1.448,-0.7577,1,Q,351(E1),-,,
4.047,0.262,8,Q,351(E1),A,-0.3387,4
-2.185,-1.611,10,Q,351(E1),C,-2.796,5
8.367,0.2668,6,Q,351(E1),D,-0.2905,4
-0.6648,-0.2361,8,Q,351(E1),E,-2.579,2
-0.0403,-0.01059,10,Q,351(E1),F,0.0524,4
-1.114,-0.4944,5,Q,351(E1),G,-0.565,3
2.825,0.2505,10,Q,351(E1),H,0.1622,6
4.387,0.2634,3,Q,351(E1),I,-1.334,2
-0.596,-0.2046,11,Q,351(E1),K,-0.8101,4
-0.4645,-0.1496,7,Q,351(E1),L,-0.8315,3
0.1112,0.02724,6,Q,351(E1),M,0.7183,2
-0.4481,-0.1431,4,Q,351(E1),N,-0.4129,3
0.06042,0.01515,2,Q,351(E1),P,,
0,0,,Q,351(E1),Q,0,
-0.009684,-0.002509,10,Q,351(E1),R,1.108,2
-1.575,-0.8765,7,Q,351(E1),S,-1.173,4
-1.413,-0.7263,5,Q,351(E1),T,-1.119,3
-0.9854,-0.4101,8,Q,351(E1),V,-0.523,4
-0.1938,-0.05477,4,Q,351(E1),W,-1.766,1
0.4242,0.09021,4,Q,351(E1),Y,0.475,1
-6.614,-7.438,1,L,352(E1),*,-8,1
-0.1184,-0.03229,1,L,352(E1),-,,
-1.406,-0.7208,6,L,352(E1),A,-1.004,2
0.9329,0.1597,4,L,352(E1),C,-3.484,2
-0.3981,-0.1241,6,L,352(E1),D,-0.2812,4
0.4434,0.09351,4,L,352(E1),E,-0.0217,2
0.501,0.103,10,L,352(E1),F,-0.4302,5
-2.417,-1.965,2,L,352(E1),G,-2.308,1
-1.992,-1.348,9,L,352(E1),H,-1.17,6
2.125,0.234,4,L,352(E1),I,0.6394,1
-0.1907,-0.0538,1,L,352(E1),K,,
0,0,,L,352(E1),L,0,
0.1978,0.04657,9,L,352(E1),M,-0.2488,2
-0.7551,-0.2804,5,L,352(E1),N,0.2401,3
-3.932,-4.837,11,L,352(E1),P,-6.268,4
0.4176,0.08908,9,L,352(E1),Q,-0.07415,5
1.042,0.1707,9,L,352(E1),R,-0.838,5
-0.4804,-0.1559,6,L,352(E1),S,-0.4663,2
-1.641,-0.9426,4,L,352(E1),T,-1.485,3
2.286,0.2389,7,L,352(E1),V,-0.128,4
0.1831,0.04341,3,L,352(E1),W,0.3806,1
-1.376,-0.6947,10,L,352(E1),Y,-0.4027,3
-7.811,-7.645,9,Q,353(E1),*,,
-3.975,-4.917,2,Q,353(E1),-,,
-0.759,-0.2824,3,Q,353(E1),A,0.08338,1
-0.472,-0.1525,2,Q,353(E1),C,-1.342,1
-0.4604,-0.148,7,Q,353(E1),D,-0.3518,5
-1.927,-1.266,7,Q,353(E1),E,-1.333,4
1.225,0.1865,5,Q,353(E1),F,-1.82,1
2.847,0.2509,3,Q,353(E1),G,-0.007559,1
0.76,0.1398,11,Q,353(E1),H,-0.0217,6
2.215,0.2368,4,Q,353(E1),I,1.135,1
-1.998,-1.356,4,Q,353(E1),K,-1.593,3
-0.7008,-0.2534,8,Q,353(E1),L,-0.6358,3
-1.303,-0.6343,8,Q,353(E1),M,-1.257,5
-1.885,-1.215,7,Q,353(E1),N,-2.776,2
-0.3449,-0.1048,8,Q,353(E1),P,-0.3262,4
0,0,,Q,353(E1),Q,0,
-1.403,-0.7178,7,Q,353(E1),R,-4.117,3
0.4213,0.08972,5,Q,353(E1),S,-0.4843,3
0.7396,0.1372,6,Q,353(E1),T,0.3179,5
3.136,0.2549,7,Q,353(E1),V,0.05479,3
-0.701,-0.2534,2,Q,353(E1),W,0.01055,1
-1.468,-0.7749,3,Q,353(E1),Y,-1.543,3
-0.934,-0.3789,1,I,354(E1),-,,
0.4562,0.09567,12,I,354(E1),A,-0.8015,4
0.4503,0.09467,8,I,354(E1),C,0.7771,3
-6.676,-7.456,5,I,354(E1),D,,
-7.077,-7.546,4,I,354(E1),E,-8,2
1.51,0.2063,5,I,354(E1),F,-2.285,1
-7.312,-7.586,6,I,354(E1),G,-8,2
-7.019,-7.535,7,I,354(E1),H,-8,3
0,0,,I,354(E1),I,0,
-5.288,-6.715,5,I,354(E1),K,-6.849,3
2.423,0.2425,3,I,354(E1),L,0.03284,1
-1.516,-0.8193,6,I,354(E1),M,-2.98,2
-7.253,-7.577,12,I,354(E1),N,-8,3
-5.549,-6.926,4,I,354(E1),P,-7.23,2
-7.014,-7.534,3,I,354(E1),Q,-8,2
-7.477,-7.609,6,I,354(E1),R,-8,4
-4.987,-6.415,6,I,354(E1),S,-6.695,3
-1.679,-0.9824,9,I,354(E1),T,-0.8439,3
0.6884,0.1305,4,I,354(E1),V,-0.5295,3
-6.963,-7.524,5,I,354(E1),W,-8,2
-4.71,-6.08,4,I,354(E1),Y,-6.704,4
0.05257,0.01323,1,S,355(E1),-,,
1.713,0.2174,2,S,355(E1),A,0.08845,2
-1.798,-1.113,4,S,355(E1),C,-1.81,2
-1.778,-1.09,9,S,355(E1),D,-1.785,6
-0.4997,-0.1637,5,S,355(E1),E,-0.166,3
-0.6083,-0.2101,9,S,355(E1),F,-0.5957,4
-1.46,-0.7685,4,S,355(E1),G,-0.9035,3
-0.6007,-0.2067,1,S,355(E1),H,-0.5344,1
-2.168,-1.588,9,S,355(E1),I,-1.74,4
-0.7344,-0.2699,2,S,355(E1),K,,
1.104,0.1763,8,S,355(E1),L,-0.3098,5
-1.098,-0.4829,4,S,355(E1),M,-0.0114,2
-2.075,-1.458,4,S,355(E1),N,-2.724,2
-6.046,-7.223,10,S,355(E1),P,-8,6
-0.09196,-0.02477,5,S,355(E1),Q,-0.07372,3
-2.418,-1.966,1,S,355(E1),R,,
0,0,,S,355(E1),S,0,
-2.343,-1.848,7,S,355(E1),T,-4.73,2
-0.2228,-0.06385,2,S,355(E1),V,,
-1.401,-0.7165,7,S,355(E1),W,0.4294,5
-0.5835,-0.1991,7,S,355(E1),Y,-0.7218,1
-0.5438,-0.182,1,F,356(E1),-,,
-7.622,-7.626,6,F,356(E1),A,-8,4
-7.683,-7.632,8,F,356(E1),C,-8,2
-5.906,-7.152,4,F,356(E1),D,-8,3
-6.097,-7.248,7,F,356(E1),E,-8,5
0,0,,F,356(E1),F,0,
-7.601,-7.623,11,F,356(E1),G,-8,8
-6.468,-7.393,8,F,356(E1),H,-7.88,4
-1.894,-1.226,12,F,356(E1),I,-0.9961,2
-7.015,-7.535,2,F,356(E1),K,-8,2
-2.271,-1.737,17,F,356(E1),L,-0.6073,2
-2.109,-1.505,5,F,356(E1),M,-1.124,2
-7.376,-7.595,10,F,356(E1),N,-8,6
-7.532,-7.615,9,F,356(E1),P,-8,7
-6.012,-7.207,6,F,356(E1),Q,-8,3
-7.517,-7.613,8,F,356(E1),R,-8,6
-8.99,-7.709,8,F,356(E1),S,-8,1
-6.914,-7.514,7,F,356(E1),T,,
-3.303,-3.607,10,F,356(E1),V,-4.933,4
-5.172,-6.607,7,F,356(E1),W,-7.018,4
-4.363,-5.579,4,F,356(E1),Y,-6.501,2
-0.1537,-0.04263,1,S,357(E1),-,,
-1.937,-1.278,3,S,357(E1),A,,
-7.948,-7.657,8,S,357(E1),C,-8,3
-5.745,-7.059,4,S,357(E1),D,-8,3
-7.149,-7.559,9,S,357(E1),E,-8,5
-2.459,-2.033,9,S,357(E1),F,-2.378,4
2.213,0.2368,6,S,357(E1),G,-4.392,2
-4.977,-6.404,9,S,357(E1),H,-6.826,6
-7.286,-7.582,3,S,357(E1),I,-8,1
-4.767,-6.155,7,S,357(E1),K,-5.984,3
-7.007,-7.533,12,S,357(E1),L,-8,5
-4.437,-5.693,6,S,357(E1),M,-5.964,4
-3.693,-4.382,37,S,357(E1),N,-3.549,11
-9.281,-7.716,10,S,357(E1),P,-8,3
-7.241,-7.575,5,S,357(E1),Q,-8,3
-7.391,-7.597,12,S,357(E1),R,-8,4
0,0,,S,357(E1),S,0,
-2.079,-1.464,10,S,357(E1),T,-2.156,3
-6.385,-7.364,7,S,357(E1),V,-6.428,2
-1.596,-0.8965,6,S,357(E1),W,-1.873,4
-3.253,-3.507,4,S,357(E1),Y,-3.885,2
-2.948,-2.91,9,T,358(E1),A,-3.263,3
-4.362,-5.577,4,T,358(E1),C,-5.653,2
-7.161,-7.562,4,T,358(E1),D,-8,3
-5.87,-7.132,4,T,358(E1),E,-8,3
-5.339,-6.759,12,T,358(E1),F,-7.617,3
-7.16,-7.561,5,T,358(E1),G,-8,3
-3.979,-4.924,4,T,358(E1),H,-5.072,1
0.3113,0.06963,18,T,358(E1),I,-1.144,1
-5.849,-7.12,13,T,358(E1),K,-7.332,2
-2.098,-1.49,8,T,358(E1),L,-1.656,5
-2.454,-2.025,8,T,358(E1),M,-2.462,6
-6.938,-7.519,5,T,358(E1),N,,
-6.246,-7.312,8,T,358(E1),P,-8,4
-2.895,-2.809,5,T,358(E1),Q,-3.346,3
-7.632,-7.627,16,T,358(E1),R,-8,7
-1.975,-1.326,2,T,358(E1),S,-1.668,1
0,0,,T,358(E1),T,0,
-2.297,-1.777,4,T,358(E1),V,-2.081,2
-5.674,-7.013,7,T,358(E1),W,-8,4
-4.334,-5.532,4,T,358(E1),Y,-6.32,4
0,0,,A,359(E1),A,0,
-2.516,-2.128,9,A,359(E1),C,-2.141,5
-6.159,-7.275,3,A,359(E1),D,-4.457,1
-2.073,-1.455,2,A,359(E1),E,,
-1.856,-1.18,9,A,359(E1),F,-1.398,6
0.221,0.05148,13,A,359(E1),G,0.07286,6
-2.516,-2.129,3,A,359(E1),H,-2.345,2
-1.392,-0.7083,15,A,359(E1),I,-1.258,8
-1.977,-1.329,3,A,359(E1),K,,
-1.899,-1.231,6,A,359(E1),L,-1.823,4
-1.98,-1.333,8,A,359(E1),M,-1.13,3
-1.963,-1.312,10,A,359(E1),N,-1.336,5
4.437,0.2636,7,A,359(E1),P,-0.09028,3
-1.761,-1.071,6,A,359(E1),Q,-1.302,4
-0.7832,-0.2949,4,A,359(E1),R,-1.176,2
-0.1512,-0.04189,7,A,359(E1),S,-0.1266,2
-2.282,-1.755,23,A,359(E1),T,-1.63,6
-1.865,-1.191,21,A,359(E1),V,-1.558,2
-2.096,-1.487,7,A,359(E1),W,-2.008,4
-1.973,-1.323,3,A,359(E1),Y,-0.8713,2
-2.17,-1.591,5,L,360(E1),A,-1.011,1
-4.175,-5.269,7,L,360(E1),C,-4.553,2
-1.67,-0.9721,4,L,360(E1),E,-1.238,2
1.168,0.1819,7,L,360(E1),F,-0.4211,2
-3.016,-3.041,4,L,360(E1),G,-3.369,3
-1.867,-1.193,4,L,360(E1),H,-0.7129,2
-1.176,-0.5377,10,L,360(E1),I,-1.185,2
0.2687,0.06127,4,L,360(E1),K,0.2218,1
0,0,,L,360(E1),L,0,
0.1678,0.04005,10,L,360(E1),M,-0.3755,4
-5.885,-7.14,3,L,360(E1),N,-8,3
-3.709,-4.413,15,L,360(E1),P,-4.353,3
-1.159,-0.5255,6,L,360(E1),Q,-1.086,2
2.698,0.2483,3,L,360(E1),R,-1.437,1
-2.685,-2.421,5,L,360(E1),S,,
-1.815,-1.132,4,L,360(E1),T,-1.527,3
-2.134,-1.54,5,L,360(E1),V,-2.392,3
3.728,0.2602,11,L,360(E1),W,-0.1048,5
0.6813,0.1296,7,L,360(E1),Y,-1.041,2
0,0,,A,361(E1),A,0,
-3.268,-3.537,3,A,361(E1),C,,
-1.259,-0.5999,12,A,361(E1),D,-2.706,3
-3.153,-3.308,6,A,361(E1),E,-3.411,1
-1.618,-0.9193,9,A,361(E1),F,-0.7976,5
-1.029,-0.4378,12,A,361(E1),G,-1.115,5
-0.05819,-0.01543,4,A,361(E1),H,-1.36,2
-0.4431,-0.1412,9,A,361(E1),I,-0.1995,3
-0.3131,-0.09371,7,A,361(E1),K,-0.02135,3
-0.2291,-0.06585,5,A,361(E1),L,-0.2192,1
-0.1984,-0.05621,3,A,361(E1),M,-0.6306,1
2.184,0.2359,8,A,361(E1),N,-1.248,3
-1.207,-0.5607,11,A,361(E1),P,,
-0.3514,-0.1071,4,A,361(E1),Q,-0.3203,4
0.9132,0.1576,5,A,361(E1),R,0.3132,2
1.521,0.207,8,A,361(E1),S,0.473,1
-0.1979,-0.05603,23,A,361(E1),T,-0.4982,5
0.6609,0.1268,25,A,361(E1),V,0.4511,7
-2.146,-1.556,3,A,361(E1),W,-1.222,2
-2.155,-1.569,4,A,361(E1),Y,-2.43,3
-0.1646,-0.04589,1,S,362(E1),-,,
-0.1337,-0.03673,5,S,362(E1),A,-0.2429,1
-3.921,-4.817,7,S,362(E1),C,-4.922,2
0.3925,0.08467,7,S,362(E1),D,-0.1219,3
0.6555,0.1261,4,S,362(E1),E,-0.6014,3
-0.2527,-0.07347,9,S,362(E1),F,0.07299,5
-2.052,-1.428,7,S,362(E1),G,-1.873,2
2.275,0.2386,10,S,362(E1),H,0.0951,3
-1.667,-0.9692,11,S,362(E1),I,-0.5672,2
2.079,0.2325,5,S,362(E1),K,0.2542,2
0.14,0.03385,7,S,362(E1),L,-0.5032,3
-1.389,-0.7061,8,S,362(E1),M,-1.133,4
-1.772,-1.083,19,S,362(E1),N,-1.29,3
-3.897,-4.772,4,S,362(E1),P,-4.566,2
3.004,0.2532,8,S,362(E1),Q,-0.1416,4
-0.2778,-0.08173,10,S,362(E1),R,-0.1679,4
0,0,,S,362(E1),S,0,
-0.8782,-0.3466,6,S,362(E1),T,-2.177,4
1.26,0.1893,8,S,362(E1),V,-0.7125,4
0.2469,0.05686,3,S,362(E1),W,0.1882,1
-1.263,-0.6031,2,S,362(E1),Y,-0.9492,1
-0.2073,-0.05895,1,A,363(E1),-,,
0,0,,A,363(E1),A,0,
-0.8557,-0.334,5,A,363(E1),C,-0.9804,4
-3.031,-3.068,5,A,363(E1),D,-4.059,1
-3.148,-3.299,4,A,363(E1),E,-3.601,1
-0.8715,-0.3428,5,A,363(E1),F,-0.2419,2
3.404,0.2577,3,A,363(E1),G,-0.2185,2
-0.9112,-0.3655,8,A,363(E1),H,-1.355,4
1.484,0.2047,4,A,363(E1),I,0.3589,3
-2.099,-1.49,7,A,363(E1),K,-2.459,2
-0.6937,-0.2499,5,A,363(E1),L,-1.018,4
-0.06196,-0.01645,10,A,363(E1),M,-0.4705,8
-1.691,-0.9947,3,A,363(E1),N,-1.297,2
-0.2453,-0.07105,8,A,363(E1),P,0.6977,2
-0.4541,-0.1455,4,A,363(E1),Q,-0.09981,1
-1.926,-1.265,2,A,363(E1),R,-1.564,1
0.2376,0.05493,12,A,363(E1),S,-1.377,6
-1.194,-0.5509,49,A,363(E1),T,-1.293,10
1.913,0.2263,13,A,363(E1),V,0.9257,2
-2.789,-2.61,4,A,363(E1),W,-2.408,1
-0.5126,-0.1689,1,A,363(E1),Y,-0.4793,1
-5.529,-6.911,5,E,364(E1),*,,
-0.001095,-0.0002824,3,E,364(E1),-,,
-0.7298,-0.2676,10,E,364(E1),A,1.27,2
-0.7457,-0.2756,11,E,364(E1),C,-1.06,2
0.4454,0.09385,9,E,364(E1),D,-0.5706,3
0,0,,E,364(E1),E,0,
2.894,0.2516,4,E,364(E1),F,0.8656,1
-1.56,-0.8618,7,E,364(E1),G,0.2199,1
0.5001,0.1029,5,E,364(E1),H,-1.289,1
-0.4766,-0.1543,5,E,364(E1),I,-0.09307,2
2.138,0.2345,20,E,364(E1),K,0.08565,6
1.887,0.2252,5,E,364(E1),L,0.1892,2
3.354,0.2572,3,E,364(E1),M,0.83,2
3.496,0.2585,5,E,364(E1),N,0.09633,3
0.07469,0.01861,3,E,364(E1),P,0.007401,3
0.1709,0.04075,3,E,364(E1),Q,,
1.294,0.1919,4,E,364(E1),R,-1.135,2
0.2464,0.05676,6,E,364(E1),S,-0.07835,2
-0.06847,-0.01824,8,E,364(E1),T,-0.5636,7
0.3506,0.07705,8,E,364(E1),V,0.3301,4
4.238,0.2629,5,E,364(E1),W,0.6234,3
2.614,0.2467,6,E,364(E1),Y,0.1413,3
-0.6813,-0.244,3,F,365(E1),-,,
-2.773,-2.581,8,F,365(E1),A,-0.6209,3
-5.556,-6.931,6,F,365(E1),C,-6.334,4
-7.031,-7.538,5,F,365(E1),D,-8,3
-6.065,-7.233,5,F,365(E1),E,-8,3
0,0,,F,365(E1),F,0,
-6.259,-7.317,12,F,365(E1),G,-8,7
-5.288,-6.715,5,F,365(E1),H,-7.031,2
-0.8086,-0.3083,5,F,365(E1),I,,
-6.897,-7.51,10,F,365(E1),K,-8,5
-0.2062,-0.05863,10,F,365(E1),L,-2.754,3
-0.4054,-0.1268,4,F,365(E1),M,1.526,2
-6.246,-7.312,8,F,365(E1),N,-8,4
-7.013,-7.534,3,F,365(E1),P,-8,2
-6.986,-7.529,7,F,365(E1),Q,-8,2
-6.658,-7.45,3,F,365(E1),R,-8,1
-7.243,-7.575,5,F,365(E1),S,-8,3
-5.63,-6.983,8,F,365(E1),T,,
0.4007,0.08612,7,F,365(E1),V,-0.07896,2
-0.7948,-0.301,4,F,365(E1),W,-0.5527,2
-2.146,-1.556,4,F,365(E1),Y,-1.321,2
-1.286,-0.6212,6,R,366(E1),-,,
0.2509,0.05768,4,R,366(E1),A,0.2969,1
-0.696,-0.251,6,R,366(E1),C,-0.01456,3
-0.4161,-0.1309,10,R,366(E1),D,-2.078,2
0.6767,0.129,9,R,366(E1),E,-0.2054,6
1.97,0.2285,7,R,366(E1),F,0.07253,4
-2.466,-2.044,14,R,366(E1),G,-2.674,4
0.1205,0.0294,10,R,366(E1),H,-0.4097,4
-1.252,-0.5947,6,R,366(E1),I,-1.228,3
-0.8188,-0.3138,22,R,366(E1),K,-0.0368,2
1.435,0.2017,4,R,366(E1),L,-0.8566,1
1.145,0.1799,7,R,366(E1),M,-0.2717,4
0.3929,0.08473,3,R,366(E1),N,,
1.421,0.2008,8,R,366(E1),P,0.5839,4
2.669,0.2478,3,R,366(E1),Q,0.03647,1
0,0,,R,366(E1),R,0,
2.182,0.2358,8,R,366(E1),S,-0.4408,6
1.47,0.2039,2,R,366(E1),T,,
-0.6647,-0.2361,9,R,366(E1),V,-0.04059,5
-1.4,-0.7149,8,R,366(E1),W,-1.304,1
2.941,0.2523,4,R,366(E1),Y,-0.1363,2
-1.121,-0.4992,6,V,367(E1),-,,
-1.007,-0.4235,9,V,367(E1),A,-0.1143,4
0.9014,0.1563,3,V,367(E1),C,,
-6.653,-7.449,5,V,367(E1),D,-8,4
-6.476,-7.396,8,V,367(E1),E,-8,4
-2.215,-1.655,6,V,367(E1),F,-2.078,6
-6.176,-7.283,11,V,367(E1),G,-7.81,6
-7.24,-7.575,10,V,367(E1),H,-8,3
-0.2783,-0.0819,7,V,367(E1),I,0.5064,3
-6.725,-7.468,8,V,367(E1),K,-8,6
-2.993,-2.995,7,V,367(E1),L,-2.628,1
2.353,0.2407,9,V,367(E1),M,-0.297,3
-10.75,-7.733,9,V,367(E1),N,-8,3
-1.887,-1.217,8,V,367(E1),P,-0.8681,5
-6.648,-7.448,9,V,367(E1),Q,-8,3
-6.069,-7.234,5,V,367(E1),R,-8,1
-5.93,-7.165,4,V,367(E1),S,-8,2
-2.028,-1.395,4,V,367(E1),T,-1.336,3
0,0,,V,367(E1),V,0,
-7.35,-7.591,6,V,367(E1),W,-8,3
-5.938,-7.169,5,V,367(E1),Y,-7.444,2
-7.799,-7.644,11,Q,368(E1),*,-8,3
-1.106,-0.4886,6,Q,368(E1),-,,
-1.205,-0.5591,9,Q,368(E1),A,-0.9666,4
-2.746,-2.53,6,Q,368(E1),C,-2.997,5
-3.707,-4.408,6,Q,368(E1),D,-4.781,4
-2.648,-2.355,6,Q,368(E1),E,-2.857,2
-2.508,-2.115,5,Q,368(E1),F,-2.667,3
0.08288,0.02057,1,Q,368(E1),G,,
-1.779,-1.091,12,Q,368(E1),H,-3.138,3
0.5097,0.1044,8,Q,368(E1),I,-0.203,2
-0.8387,-0.3246,9,Q,368(E1),K,-0.6713,4
0.4812,0.0998,7,Q,368(E1),L,-8,1
-0.4692,-0.1514,7,Q,368(E1),M,-0.1143,5
-0.4207,-0.1326,3,Q,368(E1),N,-0.3485,1
-7.301,-7.584,7,Q,368(E1),P,-8,3
0,0,,Q,368(E1),Q,0,
-1.747,-1.055,6,Q,368(E1),R,-8,1
0.16,0.03833,4,Q,368(E1),S,-0.7667,2
-1.326,-0.6533,4,Q,368(E1),T,-1.052,1
-1.237,-0.5833,6,Q,368(E1),V,-2.057,3
-2.49,-2.085,7,Q,368(E1),W,-2.608,4
-1.11,-0.4914,5,Q,368(E1),Y,-1.459,2
-0.7237,-0.2646,6,V,369(E1),-,,
-1.066,-0.4617,6,V,369(E1),A,-1.155,2
-1.304,-0.6359,1,V,369(E1),C,-0.9767,1
-7.277,-7.58,9,V,369(E1),D,-8,3
-7.476,-7.608,6,V,369(E1),E,-8,3
-0.8377,-0.324,7,V,369(E1),F,-0.2813,2
-7.185,-7.566,3,V,369(E1),G,-8,3
-7.239,-7.575,5,V,369(E1),H,-8,3
1.238,0.1876,11,V,369(E1),I,0.2891,5
-3.841,-4.666,6,V,369(E1),K,-6.428,2
-0.3279,-0.09882,4,V,369(E1),L,0.0481,2
0.7439,0.1378,3,V,369(E1),M,-1.425,1
-5.904,-7.151,5,V,369(E1),N,-8,3
-7.501,-7.612,7,V,369(E1),P,-8,4
-7.005,-7.532,7,V,369(E1),Q,-8,1
-6.798,-7.487,2,V,369(E1),R,,
-5.67,-7.01,8,V,369(E1),S,-7.681,6
-1.633,-0.9339,6,V,369(E1),T,0.2391,2
0,0,,V,369(E1),V,0,
-5.749,-7.061,5,V,369(E1),W,-7.389,4
-6.901,-7.511,7,V,369(E1),Y,-8,3
-0.386,-0.1197,2,C,370(E1),*,,
-4.994,-6.423,7,C,370(E1),-,,
-7.192,-7.567,5,C,370(E1),A,-6.781,2
0,0,,C,370(E1),C,0,
-5.383,-6.797,5,C,370(E1),D,-5.048,3
-9.093,-7.712,7,C,370(E1),E,-8,4
-7.022,-7.536,12,C,370(E1),F,-8,2
-4.038,-5.03,8,C,370(E1),G,-6.251,4
-6.157,-7.274,2,C,370(E1),H,-6.987,1
-7.51,-7.613,3,C,370(E1),I,-8,2
-6.887,-7.507,8,C,370(E1),K,-8,5
-5.786,-7.083,5,C,370(E1),L,-5.235,2
-7.416,-7.6,8,C,370(E1),M,-8,5
-6.247,-7.312,4,C,370(E1),N,-8,4
-5.629,-6.983,9,C,370(E1),P,-7.538,2
-5.44,-6.843,5,C,370(E1),Q,-6.994,2
-7.532,-7.615,13,C,370(E1),R,-8,4
-6.674,-7.455,7,C,370(E1),S,-8,6
-7.822,-7.646,11,C,370(E1),T,-8,6
-6.021,-7.211,4,C,370(E1),V,-6.585,2
-7.283,-7.581,7,C,370(E1),W,-8,6
-5.743,-7.057,25,C,370(E1),Y,-8,9
-0.1656,-0.04617,2,S,371(E1),-,,
-1.728,-1.034,6,S,371(E1),A,-1.23,4
-1.912,-1.247,8,S,371(E1),C,-1.618,4
-2.2,-1.633,6,S,371(E1),D,-1.506,3
-4.11,-5.157,5,S,371(E1),E,-5.478,1
-0.368,-0.1131,2,S,371(E1),F,,
-2.295,-1.774,12,S,371(E1),G,-2.351,5
-0.8972,-0.3574,10,S,371(E1),H,-0.4765,6
-0.2061,-0.05861,9,S,371(E1),I,-0.1325,5
-2.962,-2.936,4,S,371(E1),K,-2.615,3
1.01,0.1676,5,S,371(E1),L,-0.0415,2
0.6915,0.1309,2,S,371(E1),M,-0.1142,2
-1.221,-0.5709,13,S,371(E1),N,-0.5335,3
-4.145,-5.218,3,S,371(E1),P,-4.592,1
-1.825,-1.144,4,S,371(E1),Q,-1.119,2
-1.898,-1.23,6,S,371(E1),R,-1.225,4
0,0,,S,371(E1),S,0,
-2.122,-1.523,5,S,371(E1),T,-1.117,1
-1.819,-1.137,5,S,371(E1),V,-1.599,2
-3.116,-3.235,10,S,371(E1),W,-2.945,3
-1.922,-1.26,7,S,371(E1),Y,-1.897,4
-0.3779,-0.1167,1,T,372(E1),-,,
0.2769,0.0629,6,T,372(E1),A,0.5009,4
2.437,0.2428,2,T,372(E1),C,0.4901,2
1.66,0.2147,5,T,372(E1),D,-0.4674,4
1.381,0.1981,10,T,372(E1),E,-1.061,3
1.086,0.1748,5,T,372(E1),F,-0.473,3
-1.553,-0.855,3,T,372(E1),G,-1.268,2
-0.6844,-0.2454,9,T,372(E1),H,-0.3378,4
-1.074,-0.4673,10,T,372(E1),I,-0.2712,3
-1.381,-0.6986,5,T,372(E1),K,0.08247,3
-1.464,-0.7714,10,T,372(E1),L,-1.583,7
-1.934,-1.274,1,T,372(E1),M,-1.604,1
0.6836,0.1299,10,T,372(E1),N,-0.2339,4
-1.715,-1.021,1,T,372(E1),P,,
0.7877,0.1432,4,T,372(E1),Q,-0.3812,1
0.6576,0.1263,8,T,372(E1),R,0.856,3
2.64,0.2472,3,T,372(E1),S,0.9327,2
0,0,,T,372(E1),T,0,
-0.948,-0.3873,4,T,372(E1),V,-0.7972,2
-0.6385,-0.2239,4,T,372(E1),W,-1.307,2
0.01884,0.004818,6,T,372(E1),Y,-0.2003,2
-7.237,-7.574,6,Q,373(E1),*,,
0.39,0.08422,1,Q,373(E1),-,,
-0.01525,-0.003962,7,Q,373(E1),A,-0.7299,6
-0.6047,-0.2085,4,Q,373(E1),C,-0.2999,3
0.06504,0.01628,7,Q,373(E1),D,-1.324,2
-1.598,-0.8994,5,Q,373(E1),E,-2.026,1
-1.056,-0.4554,10,Q,373(E1),F,-0.9384,6
-1.567,-0.8687,3,Q,373(E1),G,0.7311,2
0.1872,0.04428,10,Q,373(E1),H,-3.195,1
-0.163,-0.0454,2,Q,373(E1),I,-1.518,2
-5.695,-7.027,5,Q,373(E1),K,,
-0.4979,-0.1629,9,Q,373(E1),L,-0.08572,7
1.072,0.1734,5,Q,373(E1),M,-0.9783,2
-2.597,-2.267,11,Q,373(E1),N,-2.478,3
-1.228,-0.5766,6,Q,373(E1),P,-1.466,2
0,0,,Q,373(E1),Q,0,
-0.01778,-0.004624,9,Q,373(E1),R,-0.3748,2
-0.557,-0.1876,7,Q,373(E1),S,-4.407,3
-0.2879,-0.08513,10,Q,373(E1),T,-2.34,2
-1.357,-0.6785,2,Q,373(E1),V,-0.9769,2
-1.721,-1.027,3,Q,373(E1),W,-0.2822,1
0.6123,0.12,3,Q,373(E1),Y,-8,1
-0.2104,-0.05993,1,V,374(E1),-,,
-1.32,-0.6485,8,V,374(E1),A,-0.9981,5
-0.8087,-0.3084,4,V,374(E1),C,-1.21,3
-7.766,-7.641,11,V,374(E1),D,-8,7
-3.904,-4.785,6,V,374(E1),E,-4.662,2
-1.213,-0.5651,4,V,374(E1),F,-1.777,1
-1.858,-1.182,7,V,374(E1),G,-0.6222,3
-4.066,-5.079,4,V,374(E1),H,-5.422,4
-1.441,-0.751,12,V,374(E1),I,-0.7579,7
-6.759,-7.477,6,V,374(E1),K,-7.899,2
-0.6362,-0.2228,12,V,374(E1),L,0.1158,2
-1.047,-0.4491,17,V,374(E1),M,-1.372,5
-9.196,-7.714,3,V,374(E1),N,,
-8.874,-7.705,9,V,374(E1),P,-8,3
-6.788,-7.484,5,V,374(E1),Q,-0.02211,1
-3.086,-3.176,2,V,374(E1),R,,
-0.5867,-0.2005,2,V,374(E1),S,-1.027,1
3.518,0.2587,5,V,374(E1),T,,
0,0,,V,374(E1),V,0,
-3.296,-3.593,6,V,374(E1),W,-4.192,2
-6.538,-7.415,6,V,374(E1),Y,-5.623,2
-4.405,-5.644,1,H,375(E1),*,-5.933,1
-7.756,-7.64,2,H,375(E1),-,,
-0.7377,-0.2716,2,H,375(E1),A,-0.09124,1
-0.5572,-0.1877,10,H,375(E1),C,-0.7466,7
1.508,0.2062,6,H,375(E1),D,-0.1081,4
0.08828,0.02186,6,H,375(E1),E,0.5288,3
-0.253,-0.07356,4,H,375(E1),F,-2.275,2
3.007,0.2532,4,H,375(E1),G,0.9557,3
0,0,,H,375(E1),H,0,
-0.02753,-0.007193,7,H,375(E1),I,-0.5152,4
-0.6149,-0.2131,11,H,375(E1),K,-0.2425,5
-0.7306,-0.268,8,H,375(E1),L,0.3104,2
-1.443,-0.7528,2,H,375(E1),M,-1.065,1
-1.066,-0.4618,12,H,375(E1),N,-0.321,4
-1.249,-0.5925,5,H,375(E1),P,-1.807,2
0.393,0.08475,12,H,375(E1),Q,-0.002177,3
1.383,0.1982,5,H,375(E1),R,-0.1597,3
0.0437,0.01105,12,H,375(E1),S,0.0659,4
2.853,0.251,8,H,375(E1),T,-0.8058,5
-0.1671,-0.04663,7,H,375(E1),V,-0.3903,6
-0.9046,-0.3617,5,H,375(E1),W,-0.5435,2
0.2048,0.04807,26,H,375(E1),Y,-0.3882,5
-7.542,-7.616,9,C,376(E1),*,-8,1
-7.258,-7.577,8,C,376(E1),A,-8,3
0,0,,C,376(E1),C,0,
-7.692,-7.633,13,C,376(E1),D,-8,5
-7.444,-7.604,9,C,376(E1),E,-8,5
-6.1,-7.249,6,C,376(E1),F,-8,3
-7.432,-7.603,10,C,376(E1),G,-8,6
-11.91,-7.736,11,C,376(E1),H,-7.187,4
-5.658,-7.003,4,C,376(E1),I,-7.229,2
-9.688,-7.723,13,C,376(E1),K,-8,8
-6.752,-7.475,7,C,376(E1),L,-8,3
-6.349,-7.351,4,C,376(E1),M,-8,2
-7.025,-7.536,6,C,376(E1),N,-8,2
-7.161,-7.562,7,C,376(E1),P,-8,3
-7.223,-7.572,7,C,376(E1),Q,-8,3
-5.449,-6.85,19,C,376(E1),R,-6.984,4
-5.954,-7.177,9,C,376(E1),S,-8,3
-6.229,-7.305,9,C,376(E1),T,-8,5
-7.508,-7.612,9,C,376(E1),V,-8,4
-7.152,-7.56,5,C,376(E1),W,-8,3
-8.136,-7.67,14,C,376(E1),Y,-7.377,2
0,0,,A,377(E1),A,0,
0.625,0.1218,9,A,377(E1),C,-0.7483,6
-0.9077,-0.3635,7,A,377(E1),D,-1.407,2
-1.662,-0.964,4,A,377(E1),E,-1.619,3
-1.007,-0.4239,4,A,377(E1),F,-0.6164,2
1.648,0.2141,7,A,377(E1),G,0.3212,3
-0.194,-0.05484,4,A,377(E1),H,0.3761,2
1.317,0.1936,8,A,377(E1),I,-0.3728,2
-0.2633,-0.07694,7,A,377(E1),K,-4.314,2
-1.511,-0.8148,6,A,377(E1),L,-1.624,2
-1.431,-0.7427,4,A,377(E1),M,-1.19,2
-1.668,-0.97,4,A,377(E1),N,-1.394,2
4.483,0.2637,6,A,377(E1),P,-0.3362,5
1.038,0.1702,4,A,377(E1),Q,-0.01906,3
-1.967,-1.316,4,A,377(E1),R,-0.5358,1
1.986,0.2291,11,A,377(E1),S,0.4047,5
-2.189,-1.618,14,A,377(E1),T,-2.175,6
-1.037,-0.4429,31,A,377(E1),V,-1.023,5
-3.168,-3.339,3,A,377(E1),W,-3.643,3
-2.908,-2.833,4,A,377(E1),Y,,
0,0,,A,378(E1),A,0,
-2.219,-1.66,5,A,378(E1),C,-1.725,3
-6.077,-7.238,10,A,378(E1),D,-8,3
-4.188,-5.292,6,A,378(E1),E,-5.445,4
-2.537,-2.163,3,A,378(E1),F,-2.382,3
2.008,0.23,5,A,378(E1),G,0.1542,3
-3.599,-4.197,6,A,378(E1),H,-4.401,5
-5.9,-7.149,5,A,378(E1),I,-8,3
-1.051,-0.4522,3,A,378(E1),K,-1.888,1
-3.151,-3.304,8,A,378(E1),L,-3.549,5
-0.7939,-0.3005,5,A,378(E1),M,-1.029,1
-2.504,-2.107,7,A,378(E1),N,-2.237,3
-5.331,-6.753,5,A,378(E1),P,-7.067,2
-2.206,-1.642,7,A,378(E1),Q,-2.446,3
-2.728,-2.498,7,A,378(E1),R,-3.233,2
-1.817,-1.134,12,A,378(E1),S,-1.183,4
-1.454,-0.7632,30,A,378(E1),T,-0.7927,7
-3.052,-3.11,8,A,378(E1),V,-3.71,4
-7.018,-7.535,4,A,378(E1),W,-8,2
-3.035,-3.077,11,A,378(E1),Y,-3.278,2
-4.796,-6.191,3,E,379(E1),*,,
-1.173,-0.5355,8,E,379(E1),A,-0.8506,2
-6.773,-7.481,6,E,379(E1),C,-7.855,4
0.0353,0.008957,10,E,379(E1),D,0.1933,1
0,0,,E,379(E1),E,0,
0.631,0.1226,11,E,379(E1),F,-0.3731,5
-1.981,-1.334,13,E,379(E1),G,-1.248,8
-0.5478,-0.1837,10,E,379(E1),H,0.008473,7
4.121,0.2624,8,E,379(E1),I,-0.2814,4
0.896,0.1557,61,E,379(E1),K,-0.6365,6
-1.655,-0.9572,7,E,379(E1),L,-0.9916,4
-1.087,-0.4755,7,E,379(E1),M,-0.1429,5
-1.118,-0.4968,9,E,379(E1),N,-0.9757,1
1.149,0.1803,8,E,379(E1),P,-0.3659,2
1.838,0.2232,9,E,379(E1),Q,-0.1412,3
0.8073,0.1456,8,E,379(E1),R,-0.1773,5
0.2827,0.06404,4,E,379(E1),S,-1.267,1
1.018,0.1683,5,E,379(E1),T,-1.177,3
0.04378,0.01107,7,E,379(E1),V,-0.5598,4
-1.159,-0.5259,5,E,379(E1),W,-1.336,4
-0.5434,-0.1818,5,E,379(E1),Y,-0.4831,4
-1.566,-0.8674,2,C,380(E1),*,,
-6.607,-7.436,6,C,380(E1),A,-8,3
0,0,,C,380(E1),C,0,
-4.872,-6.283,1,C,380(E1),D,,
-6.99,-7.529,4,C,380(E1),E,-8,2
-7.007,-7.533,10,C,380(E1),F,-8,3
-6.932,-7.517,3,C,380(E1),G,-7.958,2
-5.93,-7.165,6,C,380(E1),H,-8,3
-7.189,-7.566,9,C,380(E1),I,-8,5
-7.293,-7.583,3,C,380(E1),K,-7.411,1
-5.685,-7.02,7,C,380(E1),L,-7.105,3
-6.156,-7.274,10,C,380(E1),M,-8,4
-7.161,-7.561,5,C,380(E1),N,-8,3
-6.181,-7.285,4,C,380(E1),P,-8,2
-6.809,-7.489,3,C,380(E1),Q,,
-6.159,-7.276,9,C,380(E1),R,-8,5
-8.697,-7.699,6,C,380(E1),S,-8,1
-6.297,-7.332,3,C,380(E1),T,-8,1
-6.691,-7.459,2,C,380(E1),V,-8,1
-6.679,-7.456,2,C,380(E1),W,-8,1
-11.97,-7.736,20,C,380(E1),Y,-8,5
-1.59,-0.8908,1,H,381(E1),-,,
0.7532,0.1389,5,H,381(E1),A,-0.9642,2
-3.07,-3.146,4,H,381(E1),C,-3.97,3
-1.171,-0.5345,7,H,381(E1),D,-1.009,4
1.49,0.2051,5,H,381(E1),E,0.2651,3
1.345,0.1955,3,H,381(E1),F,1.056,1
2.519,0.2447,5,H,381(E1),G,-1.044,2
0,0,,H,381(E1),H,0,
-0.2469,-0.07157,8,H,381(E1),I,0.2646,5
0.8106,0.146,7,H,381(E1),K,0.3691,2
-0.6638,-0.2357,8,H,381(E1),L,0.3138,5
0.2052,0.04816,3,H,381(E1),M,1.295,1
-1.389,-0.706,11,H,381(E1),N,-1.143,7
-3.311,-3.624,5,H,381(E1),P,-4.901,1
1.656,0.2145,6,H,381(E1),Q,-0.1291,2
1.314,0.1934,13,H,381(E1),R,1.615,2
-0.8901,-0.3534,3,H,381(E1),S,-0.7194,2
-1.351,-0.6737,6,H,381(E1),T,-1.012,4
-1.747,-1.055,3,H,381(E1),V,-1.354,1
-1.218,-0.5693,5,H,381(E1),W,-0.7968,3
-0.4042,-0.1264,9,H,381(E1),Y,0.2508,3
-1.679,-0.9824,2,P,382(E1),-,,
1.204,0.1849,2,P,382(E1),A,-1.929,1
-6.841,-7.497,4,P,382(E1),C,-8,1
-4.209,-5.328,3,P,382(E1),D,-6.2,2
-1.58,-0.8808,3,P,382(E1),E,-1.648,1
-5.065,-6.499,7,P,382(E1),F,-8,3
-2.153,-1.565,4,P,382(E1),G,-1.979,1
-1.668,-0.9708,10,P,382(E1),H,-3.255,2
-3.131,-3.266,7,P,382(E1),I,-3.683,6
-0.8173,-0.313,3,P,382(E1),K,,
-4.427,-5.678,4,P,382(E1),L,,
-1.59,-0.8914,6,P,382(E1),M,-0.7305,2
-1.097,-0.4825,3,P,382(E1),N,,
0,0,,P,382(E1),P,0,
-0.1917,-0.05411,3,P,382(E1),Q,,
-1.867,-1.193,5,P,382(E1),R,-1.692,2
-2.011,-1.373,5,P,382(E1),S,-1.256,2
-2.355,-1.866,7,P,382(E1),T,-2.139,1
-2.709,-2.464,4,P,382(E1),V,-2.75,2
-5.487,-6.88,6,P,382(E1),W,-8,3
-6.439,-7.383,5,P,382(E1),Y,,
-1.655,-0.9566,2,P,383(E1),-,,
-4.493,-5.778,7,P,383(E1),A,-5.531,3
-5.307,-6.732,5,P,383(E1),C,-7.021,4
-6.456,-7.389,5,P,383(E1),D,-8,2
-7.14,-7.558,8,P,383(E1),E,-8,3
-6.956,-7.523,4,P,383(E1),F,-8,1
-6.586,-7.43,5,P,383(E1),G,-8,4
-10.01,-7.727,16,P,383(E1),H,-7.084,3
-7.024,-7.536,3,P,383(E1),I,-8,3
-6.611,-7.437,5,P,383(E1),K,-7.828,2
-6.096,-7.247,8,P,383(E1),L,-8,3
-6.862,-7.502,4,P,383(E1),M,-8,1
-5.083,-6.518,7,P,383(E1),N,-6.399,3
0,0,,P,383(E1),P,0,
-6.474,-7.395,6,P,383(E1),Q,-7.797,4
-9.465,-7.72,5,P,383(E1),R,-8,3
-3.502,-4.005,9,P,383(E1),S,-4.016,4
-4.067,-5.081,13,P,383(E1),T,-4.95,3
-6.253,-7.315,9,P,383(E1),V,-8,4
-4.871,-6.282,5,P,383(E1),W,-6.636,3
-6.702,-7.462,3,P,383(E1),Y,-8,1
-4.946,-6.37,1,K,384(E1),*,,
-2.236,-1.686,2,K,384(E1),-,,
-2.189,-1.617,5,K,384(E1),A,-1.927,4
-7.052,-7.542,7,K,384(E1),C,-8,3
-2.415,-1.961,8,K,384(E1),D,-2.529,4
0.2199,0.05125,7,K,384(E1),E,0.6933,3
-3.532,-4.064,8,K,384(E1),F,-4.422,4
-1.703,-1.008,12,K,384(E1),G,-1.576,5
-1.968,-1.318,7,K,384(E1),H,-1.401,3
-1.849,-1.172,9,K,384(E1),I,-1.707,6
0,0,,K,384(E1),K,0,
-0.7958,-0.3015,9,K,384(E1),L,-0.7321,3
-1.335,-0.6606,9,K,384(E1),M,-0.9912,5
-1.373,-0.6919,15,K,384(E1),N,-0.1182,3
-1.762,-1.072,4,K,384(E1),P,-1.372,3
1.179,0.1828,7,K,384(E1),Q,0.7308,4
-1.827,-1.145,8,K,384(E1),R,-1.404,5
-2.077,-1.46,3,K,384(E1),S,-1.662,1
-1.491,-0.7965,6,K,384(E1),T,-1.761,3
3.262,0.2563,6,K,384(E1),V,-0.3176,4
-4.221,-5.347,9,K,384(E1),W,-5.837,5
-3.432,-3.864,5,K,384(E1),Y,-3.828,1
-0.4348,-0.138,1,D,385(E1),-,,
0.04231,0.0107,3,D,385(E1),A,-1.635,2
-6.811,-7.49,8,D,385(E1),C,-8,2
0,0,,D,385(E1),D,0,
0.7562,0.1393,15,D,385(E1),E,0.6097,3
-2.98,-2.97,5,D,385(E1),F,-2.996,3
-3.252,-3.505,5,D,385(E1),G,-3.787,4
-2.057,-1.433,5,D,385(E1),H,-1.432,3
-0.3687,-0.1133,5,D,385(E1),I,-1.245,3
-2.46,-2.036,5,D,385(E1),K,-2.321,2
-2.18,-1.604,9,D,385(E1),L,-1.757,3
-2.677,-2.407,5,D,385(E1),M,-2.836,3
-0.2509,-0.07288,11,D,385(E1),N,-1.201,3
-3.691,-4.378,6,D,385(E1),P,-4.895,3
-1.207,-0.5609,4,D,385(E1),Q,-0.7073,2
-2.28,-1.752,7,D,385(E1),R,-1.567,2
-2.649,-2.357,2,D,385(E1),S,-2.929,2
-2.043,-1.415,5,D,385(E1),T,-1.233,2
-1.778,-1.09,6,D,385(E1),V,-2.247,2
-3.149,-3.301,14,D,385(E1),W,-5.356,5
-5.299,-6.725,6,D,385(E1),Y,-5.761,2
-0.1479,-0.04089,1,H,386(E1),-,,
-4.203,-5.317,11,H,386(E1),A,-5.596,6
-6.751,-7.475,4,H,386(E1),C,-8,1
-5.963,-7.182,9,H,386(E1),D,-8,2
-6.431,-7.381,4,H,386(E1),E,-8,3
-3.356,-3.713,7,H,386(E1),F,-4.399,3
-6.655,-7.45,9,H,386(E1),G,-7.494,5
0,0,,H,386(E1),H,0,
-4.626,-5.967,6,H,386(E1),I,-5.316,3
-4.528,-5.829,3,H,386(E1),K,-6.017,3
-4.065,-5.079,3,H,386(E1),L,-5.397,1
-3.726,-4.446,11,H,386(E1),M,-4.512,5
-5.369,-6.785,16,H,386(E1),N,-6.749,4
-4.707,-6.076,8,H,386(E1),P,-6.978,2
-3.889,-4.757,5,H,386(E1),Q,-5.232,2
-4.546,-5.855,13,H,386(E1),R,-6.176,9
-5.53,-6.912,10,H,386(E1),S,-8,4
-5.951,-7.176,4,H,386(E1),T,-8,3
-6.947,-7.521,9,H,386(E1),V,-8,3
0.3475,0.07647,3,H,386(E1),W,,
-2.436,-1.995,11,H,386(E1),Y,-2.113,1
0.07212,0.01799,1,I,387(E1),-,,
-6.689,-7.459,3,I,387(E1),A,-8,1
-6.537,-7.415,8,I,387(E1),C,-8,5
-6.116,-7.256,4,I,387(E1),D,-8,1
-7.003,-7.532,2,I,387(E1),E,-8,2
-6.267,-7.32,7,I,387(E1),F,-8,4
-5.364,-6.781,6,I,387(E1),G,-6.575,2
-6.246,-7.312,6,I,387(E1),H,-8,4
0,0,,I,387(E1),I,0,
-6.7,-7.462,3,I,387(E1),K,-8,1
-5.523,-6.907,12,I,387(E1),L,-8,3
-5.932,-7.166,9,I,387(E1),M,-8,6
-6.838,-7.496,19,I,387(E1),N,-8,7
-7.314,-7.586,5,I,387(E1),P,-8,4
-7.734,-7.637,3,I,387(E1),Q,,
-7.286,-7.582,8,I,387(E1),R,-8,4
-6.075,-7.238,6,I,387(E1),S,-8,5
-4.084,-5.111,9,I,387(E1),T,-5.071,4
-2.65,-2.358,4,I,387(E1),V,-2.688,1
-8.331,-7.682,5,I,387(E1),W,-8,3
-5.901,-7.149,10,I,387(E1),Y,-7.44,4
-0.1129,-0.03072,2,V,388(E1),-,,
-4.017,-4.992,12,V,388(E1),A,-5.333,3
-5.234,-6.666,2,V,388(E1),C,,
-6.794,-7.486,6,V,388(E1),D,-8,3
-5.471,-6.867,5,V,388(E1),E,-7.205,2
-5.856,-7.124,7,V,388(E1),F,-8,2
-5.381,-6.795,4,V,388(E1),G,-6.288,3
-4.693,-6.058,10,V,388(E1),H,-5.68,3
-0.1321,-0.03626,3,V,388(E1),I,,
-3.424,-3.85,9,V,388(E1),K,-4.437,3
-2.488,-2.081,9,V,388(E1),L,-0.6028,1
-3.151,-3.305,24,V,388(E1),M,-3.11,4
-6.331,-7.345,5,V,388(E1),N,-8,4
-8.641,-7.697,9,V,388(E1),P,-8,6
-4.034,-5.023,6,V,388(E1),Q,-5.34,4
-3.393,-3.788,4,V,388(E1),R,-5.069,2
-6.011,-7.207,5,V,388(E1),S,-8,1
-2.289,-1.765,5,V,388(E1),T,-4.64,1
0,0,,V,388(E1),V,0,
-7.242,-7.575,9,V,388(E1),W,-8,4
-7.181,-7.565,8,V,388(E1),Y,-8,3
-0.7309,-0.2682,2,N,389(E1),-,,
-2.863,-2.748,8,N,389(E1),A,-3.145,5
-7.008,-7.533,4,N,389(E1),C,-8,2
-4.041,-5.035,9,N,389(E1),D,-5.131,5
-1.896,-1.228,1,N,389(E1),E,-1.557,1
-3.074,-3.153,9,N,389(E1),F,-3.369,6
-2.365,-1.883,3,N,389(E1),G,-3.167,2
-3.067,-3.14,6,N,389(E1),H,-3.625,3
-6.238,-7.309,5,N,389(E1),I,-7.148,2
-3.721,-4.436,20,N,389(E1),K,-4.293,4
-2.491,-2.087,9,N,389(E1),L,-2.238,5
-2.7,-2.447,5,N,389(E1),M,-2.814,4
0,0,,N,389(E1),N,0,
-2.064,-1.443,8,N,389(E1),P,-1.8,3
-2.159,-1.575,5,N,389(E1),Q,-1.724,3
-4.915,-6.334,4,N,389(E1),R,-6.515,3
-0.4998,-0.1637,8,N,389(E1),S,-1.365,4
-2.78,-2.593,9,N,389(E1),T,-3.181,8
-3.23,-3.46,6,N,389(E1),V,-4.148,4
-4.703,-6.072,5,N,389(E1),W,-6.34,3
-6.686,-7.458,3,N,389(E1),Y,-8,1
-5.196,-6.63,7,Y,390(E1),*,-6.311,2
-0.1692,-0.04727,2,Y,390(E1),-,,
-2.942,-2.897,8,Y,390(E1),A,-5.595,2
-6.842,-7.497,11,Y,390(E1),C,-8,3
-7.811,-7.645,7,Y,390(E1),D,-8,1
-7.314,-7.586,6,Y,390(E1),E,-8,4
-0.3153,-0.09444,12,Y,390(E1),F,0.1934,3
-7.02,-7.536,7,Y,390(E1),G,-8,2
-1.706,-1.011,13,Y,390(E1),H,-1.22,5
-3.889,-4.757,6,Y,390(E1),I,-5.712,2
-3.271,-3.543,9,Y,390(E1),K,-3.615,4
-3.232,-3.466,5,Y,390(E1),L,-3.764,2
-2.49,-2.085,10,Y,390(E1),M,-2.178,4
-3.508,-4.017,5,Y,390(E1),N,-4.451,1
-6.65,-7.448,11,Y,390(E1),P,-8,8
-3.092,-3.188,5,Y,390(E1),Q,-4.941,2
-1.552,-0.8541,6,Y,390(E1),R,-1.547,1
-2.237,-1.687,5,Y,390(E1),S,,
-9.95,-7.727,13,Y,390(E1),T,-8,6
-3.609,-4.217,14,Y,390(E1),V,-4.997,6
-1.903,-1.237,7,Y,390(E1),W,-1.53,4
0,0,,Y,390(E1),Y,0,
0.3185,0.071,1,P,391(E1),-,,
-3.57,-4.139,13,P,391(E1),A,-4.179,8
-7.31,-7.585,7,P,391(E1),C,-8,4
-6.74,-7.472,11,P,391(E1),D,-8,3
-15.52,-7.738,7,P,391(E1),E,-7.374,2
-3.795,-4.58,10,P,391(E1),F,-4.678,5
-6.453,-7.388,4,P,391(E1),G,-8,3
-2.301,-1.784,11,P,391(E1),H,-2.452,2
-0.1852,-0.05213,4,P,391(E1),I,-2.089,1
-1.313,-0.6428,4,P,391(E1),K,-1.387,1
-2.319,-1.81,14,P,391(E1),L,-1.952,7
-3.746,-4.484,8,P,391(E1),M,-3.702,2
-6.995,-7.531,10,P,391(E1),N,-8,3
0,0,,P,391(E1),P,0,
-2.296,-1.776,6,P,391(E1),Q,-1.853,2
-0.675,-0.2409,7,P,391(E1),R,-0.9295,4
-3.469,-3.938,11,P,391(E1),S,-4.489,3
-10.38,-7.731,21,P,391(E1),T,-8,7
-3.307,-3.616,8,P,391(E1),V,-3.608,7
-5.47,-6.867,18,P,391(E1),W,-7.453,11
-3.025,-3.057,12,P,391(E1),Y,-4.397,4
-0.3705,-0.114,2,A,392(E1),-,,
0,0,,A,392(E1),A,0,
-7.044,-7.54,7,A,392(E1),C,-8,4
-5.03,-6.462,15,A,392(E1),D,-8,5
-4.417,-5.662,12,A,392(E1),E,-5.229,5
-2.767,-2.57,7,A,392(E1),F,-3.042,2
-1.1,-0.4845,12,A,392(E1),G,-1.764,5
-0.1472,-0.04069,6,A,392(E1),H,-0.4697,4
-1.155,-0.5229,9,A,392(E1),I,-0.7342,5
-1.455,-0.7634,6,A,392(E1),K,-1.858,3
0.7619,0.14,10,A,392(E1),L,0.01102,5
-0.3957,-0.1232,8,A,392(E1),M,-0.4007,4
-0.6119,-0.2117,11,A,392(E1),N,-0.7268,4
-2.722,-2.487,9,A,392(E1),P,-3.102,5
-0.4002,-0.1249,10,A,392(E1),Q,0.06232,5
0.06894,0.01722,4,A,392(E1),R,-0.09404,1
0.7441,0.1378,27,A,392(E1),S,0.8223,10
0.09127,0.02257,28,A,392(E1),T,0.2517,6
0.7004,0.1321,10,A,392(E1),V,-1.663,1
-2.587,-2.249,6,A,392(E1),W,-4.239,4
2.203,0.2365,9,A,392(E1),Y,-0.6277,5
-4.1,-5.14,1,S,393(E1),*,,
0.3102,0.06941,1,S,393(E1),-,,
-1.72,-1.026,6,S,393(E1),A,-0.9942,1
-7.915,-7.654,11,S,393(E1),C,-8,4
-3.503,-4.007,4,S,393(E1),D,-4.582,2
-5.118,-6.554,5,S,393(E1),E,-7.045,4
1.789,0.221,8,S,393(E1),F,0.2538,1
-2.374,-1.897,8,S,393(E1),G,-2.484,5
-0.6864,-0.2464,10,S,393(E1),H,-1.52,5
-1.387,-0.7041,6,S,393(E1),I,-1.385,1
1.584,0.2106,13,S,393(E1),K,-0.2578,4
0.3639,0.0795,9,S,393(E1),L,-0.8556,4
-0.5248,-0.174,8,S,393(E1),M,-0.376,7
-6.333,-7.345,28,S,393(E1),N,-8,9
-2.169,-1.589,9,S,393(E1),P,-1.873,7
0.8905,0.1551,9,S,393(E1),Q,-0.00185,5
-1.212,-0.5641,12,S,393(E1),R,-0.9888,3
0,0,,S,393(E1),S,0,
-2.676,-2.404,6,S,393(E1),T,-3.046,1
-1.58,-0.8807,10,S,393(E1),V,-2.11,4
3.932,0.2614,10,S,393(E1),W,-0.2907,4
0.08994,0.02225,11,S,393(E1),Y,0.9731,6
-0.4521,-0.1447,1,H,394(E1),-,,
-2.171,-1.591,8,H,394(E1),A,-1.588,4
-7.043,-7.54,13,H,394(E1),C,-8,9
-5.616,-6.974,9,H,394(E1),D,-7.401,2
-5.77,-7.073,9,H,394(E1),E,-7.599,4
-0.9693,-0.4002,13,H,394(E1),F,-0.4202,8
-2.385,-1.915,8,H,394(E1),G,-2.233,5
0,0,,H,394(E1),H,0,
-2.523,-2.139,9,H,394(E1),I,-3.337,3
-2.624,-2.314,6,H,394(E1),K,-2.768,4
-2.308,-1.795,11,H,394(E1),L,-1.623,6
-1.857,-1.182,12,H,394(E1),M,-1.624,5
-6.503,-7.404,16,H,394(E1),N,-8,4
-5.131,-6.567,7,H,394(E1),P,-6.804,1
-2.139,-1.546,10,H,394(E1),Q,-1.48,2
-2.248,-1.704,8,H,394(E1),R,-1.663,5
-2.781,-2.594,7,H,394(E1),S,-4.981,2
-2.738,-2.517,10,H,394(E1),T,-2.952,8
-2.146,-1.557,10,H,394(E1),V,-1.754,8
1.435,0.2016,5,H,394(E1),W,0.04648,5
-0.7625,-0.2841,8,H,394(E1),Y,-0.02195,3
-1.05,-0.4511,3,T,395(E1),-,-0.896,1
-0.6107,-0.2112,7,T,395(E1),A,0.6115,2
-6.023,-7.212,10,T,395(E1),C,-8,6
-1.879,-1.208,4,T,395(E1),D,-1.021,1
-2.078,-1.462,5,T,395(E1),E,-1.079,2
2.162,0.2352,14,T,395(E1),F,-0.3083,6
-0.4427,-0.1411,9,T,395(E1),G,-0.0097,6
-2.257,-1.717,8,T,395(E1),H,-2.085,4
-0.6606,-0.2341,19,T,395(E1),I,-0.5731,7
-2.082,-1.468,6,T,395(E1),K,-1.431,3
-0.5432,-0.1817,9,T,395(E1),L,-0.4831,5
1.244,0.1881,8,T,395(E1),M,-0.1287,6
0.7281,0.1358,9,T,395(E1),N,0.2477,4
-0.8831,-0.3494,5,T,395(E1),P,-1.323,3
-0.561,-0.1893,27,T,395(E1),Q,-0.4769,12
1.067,0.173,9,T,395(E1),R,-2.309,4
0.7291,0.1359,6,T,395(E1),S,0.4895,1
0,0,,T,395(E1),T,0,
1.254,0.1888,4,T,395(E1),V,-0.4462,2
-0.6692,-0.2382,4,T,395(E1),W,-1.136,3
0.7623,0.1401,14,T,395(E1),Y,0.5047,8
-5.641,-6.991,1,T,396(E1),*,,
0.1239,0.03018,1,T,396(E1),-,,
-0.3963,-0.1235,12,T,396(E1),A,-0.476,6
-8.79,-7.703,10,T,396(E1),C,-8,3
-0.4619,-0.1485,8,T,396(E1),D,-1.969,4
0.0004327,0.0001116,8,T,396(E1),E,-1.622,3
1.431,0.2014,12,T,396(E1),F,-0.0237,8
-0.4576,-0.1468,5,T,396(E1),G,-0.8079,2
-0.7106,-0.2582,8,T,396(E1),H,-0.3601,3
-0.8088,-0.3084,14,T,396(E1),I,-0.5021,5
0.6169,0.1206,14,T,396(E1),K,0.3192,1
-0.6322,-0.221,10,T,396(E1),L,0.3989,5
-0.2,-0.0567,8,T,396(E1),M,0.0679,2
-0.2929,-0.08681,10,T,396(E1),N,0.7557,6
-1.778,-1.09,12,T,396(E1),P,-1.352,5
-0.3888,-0.1207,11,T,396(E1),Q,-0.3581,5
-1.754,-1.063,6,T,396(E1),R,-1.258,3
-2.14,-1.547,4,T,396(E1),S,-1.88,2
0,0,,T,396(E1),T,0,
3.215,0.2558,4,T,396(E1),V,-0.9381,3
-0.7499,-0.2778,14,T,396(E1),W,-0.6772,5
2.726,0.2488,2,T,396(E1),Y,1.839,1
0.1842,0.04363,1,L,397(E1),-,,
0.7111,0.1335,5,L,397(E1),A,-0.1012,1
-5.301,-6.726,10,L,397(E1),C,-7.007,4
-1.691,-0.9948,6,L,397(E1),D,-0.9882,3
-0.1746,-0.04889,9,L,397(E1),E,-0.3973,3
1.507,0.2062,8,L,397(E1),F,-0.4295,3
-2.384,-1.912,8,L,397(E1),G,-2.244,4
1.683,0.2159,11,L,397(E1),H,-1.66,3
1.065,0.1729,4,L,397(E1),I,0.1326,4
-1.141,-0.5128,6,L,397(E1),K,-1.708,1
0,0,,L,397(E1),L,0,
1.344,0.1955,15,L,397(E1),M,-0.01718,5
-0.2058,-0.05849,5,L,397(E1),N,-0.2727,4
0.02643,0.006735,7,L,397(E1),P,0.2375,2
-0.2272,-0.06523,12,L,397(E1),Q,-0.6711,8
-1.713,-1.018,7,L,397(E1),R,-1.3,2
-1.281,-0.6173,5,L,397(E1),S,-1.139,4
-2.165,-1.583,7,L,397(E1),T,-1.928,1
-1.385,-0.702,11,L,397(E1),V,-0.2562,7
0.09868,0.02432,9,L,397(E1),W,-0.7139,6
0.8574,0.1514,6,L,397(E1),Y,0.4963,2
0.2853,0.06457,1,G,398(E1),-,,
-0.6577,-0.2328,8,G,398(E1),A,-1.801,3
-6.472,-7.394,15,G,398(E1),C,-8,4
0.3363,0.07438,25,G,398(E1),D,0.002096,5
0.4163,0.08885,7,G,398(E1),E,0.4937,1
-1.906,-1.241,7,G,398(E1),F,-1.469,7
0,0,,G,398(E1),G,0,
-2.117,-1.515,7,G,398(E1),H,-1.827,4
-5.149,-6.584,5,G,398(E1),I,,
0.3395,0.07497,7,G,398(E1),K,-0.7233,3
-3.698,-4.391,6,G,398(E1),L,-5.567,3
-1.747,-1.056,6,G,398(E1),M,-1.189,4
-0.9304,-0.3768,8,G,398(E1),N,-0.9912,4
0.2488,0.05724,9,G,398(E1),P,-2.158,3
0.4527,0.09507,4,G,398(E1),Q,-0.07736,1
-2.177,-1.599,11,G,398(E1),R,-2.618,4
-1.003,-0.421,16,G,398(E1),S,-0.2264,4
-0.6612,-0.2344,10,G,398(E1),T,-1.137,5
-2.786,-2.603,12,G,398(E1),V,-2.873,6
-2.369,-1.889,2,G,398(E1),W,-2.188,2
-2.324,-1.818,10,G,398(E1),Y,-2.129,4
-6.636,-7.444,1,V,399(E1),*,-8,1
-0.2479,-0.07189,10,V,399(E1),A,-0.924,5
-6.082,-7.241,10,V,399(E1),C,-8,5
-0.5022,-0.1647,11,V,399(E1),D,0.8608,5
-0.7759,-0.2911,8,V,399(E1),E,-1.236,2
-0.8152,-0.3118,7,V,399(E1),F,,
2.655,0.2475,13,V,399(E1),G,0.3955,4
2.098,0.2331,5,V,399(E1),H,0.2952,4
1.314,0.1933,13,V,399(E1),I,0.05693,3
-2.757,-2.551,5,V,399(E1),K,-3.015,1
0.9161,0.1579,11,V,399(E1),L,0.5248,1
-0.5045,-0.1656,28,V,399(E1),M,-0.2399,6
-0.5802,-0.1977,9,V,399(E1),N,-0.4398,3
0.2828,0.06407,10,V,399(E1),P,-0.424,7
0.7036,0.1326,6,V,399(E1),Q,-0.879,3
-0.6841,-0.2453,9,V,399(E1),R,-0.4206,6
-1.2,-0.5555,6,V,399(E1),S,-0.9772,3
-0.04367,-0.0115,1,V,399(E1),T,-0.2961,1
0,0,,V,399(E1),V,0,
1.493,0.2053,5,V,399(E1),W,0.02145,4
-1.063,-0.4595,10,V,399(E1),Y,0.1715,2
-8.72,-7.7,44,Q,400(E1),*,-8,5
0.3035,0.06813,4,Q,400(E1),A,-1.029,1
-5.973,-7.187,7,Q,400(E1),C,-8,3
3.963,0.2616,3,Q,400(E1),D,0.4055,2
-0.2475,-0.07178,9,Q,400(E1),E,-0.149,5
0.9319,0.1596,8,Q,400(E1),F,-0.185,3
-2.071,-1.452,5,Q,400(E1),G,-1.238,2
-0.8263,-0.3178,13,Q,400(E1),H,-2.86,3
-1.225,-0.5741,4,Q,400(E1),I,-0.3896,3
-1.802,-1.118,12,Q,400(E1),K,-0.8211,5
-0.5541,-0.1864,11,Q,400(E1),L,-1.518,5
0.2884,0.06517,7,Q,400(E1),M,0.11,5
-0.6908,-0.2485,11,Q,400(E1),N,-0.3472,6
-0.6596,-0.2336,8,Q,400(E1),P,-0.5668,3
0,0,,Q,400(E1),Q,0,
-2.001,-1.36,10,Q,400(E1),R,-4.662,2
-1.076,-0.4684,9,Q,400(E1),S,-0.5638,4
-0.503,-0.165,6,Q,400(E1),T,-0.3312,3
-0.004338,-0.001121,3,Q,400(E1),V,,
-1.109,-0.4908,8,Q,400(E1),W,-0.157,5
-1.351,-0.6738,7,Q,400(E1),Y,-1.113,5
-0.7546,-0.2802,9,D,401(E1),A,-1.961,3
-7.585,-7.622,11,D,401(E1),C,-8,6
0,0,,D,401(E1),D,0,
-1.497,-0.8017,12,D,401(E1),E,-0.8746,3
-3.893,-4.765,13,D,401(E1),F,-5.06,8
-0.9795,-0.4065,6,D,401(E1),G,-0.2896,3
-2.453,-2.024,10,D,401(E1),H,-2.535,2
-4.317,-5.506,3,D,401(E1),I,-5.819,2
-3.261,-3.522,11,D,401(E1),K,-3.352,5
-2.906,-2.829,14,D,401(E1),L,-2.681,7
-1.778,-1.09,6,D,401(E1),M,-1.303,4
-0.2948,-0.08745,61,D,401(E1),N,-0.8326,13
-1.418,-0.731,8,D,401(E1),P,-1.28,5
-0.6617,-0.2346,6,D,401(E1),Q,-0.1573,4
-1.909,-1.244,9,D,401(E1),R,-1.661,6
-0.9416,-0.3835,10,D,401(E1),S,-0.7994,5
-2.041,-1.413,9,D,401(E1),T,-1.577,6
-3.269,-3.54,13,D,401(E1),V,-3.578,6
-2.297,-1.777,7,D,401(E1),W,-0.9737,3
-3.128,-3.259,13,D,401(E1),Y,-3.428,5
-0.6606,-0.2341,1,I,402(E1),-,,
-1.607,-0.9075,6,I,402(E1),A,-1.736,4
-10.91,-7.733,7,I,402(E1),C,-8,1
-2.186,-1.613,5,I,402(E1),D,-2.357,1
-1.973,-1.324,8,I,402(E1),E,-1.263,1
0.2925,0.06599,12,I,402(E1),F,0.6702,4
-2.249,-1.706,12,I,402(E1),G,-2.268,5
-3.242,-3.486,9,I,402(E1),H,-4.44,4
0,0,,I,402(E1),I,0,
-1.31,-0.64,8,I,402(E1),K,-2.785,1
-1.888,-1.219,10,I,402(E1),L,-1.335,5
-1.321,-0.6492,13,I,402(E1),M,-0.5847,6
-2.486,-2.079,5,I,402(E1),N,-2.454,2
-1.669,-0.9712,3,I,402(E1),P,-1.349,2
-2.903,-2.822,3,I,402(E1),Q,-3.135,1
-3.352,-3.705,10,I,402(E1),R,-5.207,5
-3.303,-3.607,11,I,402(E1),S,-3.41,6
-2.354,-1.865,13,I,402(E1),T,-2.115,8
-0.9647,-0.3974,9,I,402(E1),V,-0.6171,4
-1.33,-0.6568,5,I,402(E1),W,-0.01685,2
-2.373,-1.895,6,I,402(E1),Y,-2.792,4
0.5868,0.1162,1,S,403(E1),-,,
1.059,0.1722,12,S,403(E1),A,-0.04188,7
-5.615,-6.973,9,S,403(E1),C,-7.34,4
-1.94,-1.283,10,S,403(E1),D,-1.446,6
-0.4902,-0.1598,9,S,403(E1),E,0.1458,2
1.379,0.1979,8,S,403(E1),F,-0.02178,3
-0.8502,-0.3309,24,S,403(E1),G,-0.5811,7
-1.171,-0.5347,6,S,403(E1),H,-0.4433,3
-2.157,-1.571,10,S,403(E1),I,-1.966,2
-2.054,-1.43,10,S,403(E1),K,-1.713,5
-1.745,-1.054,10,S,403(E1),L,-1.867,6
-1.466,-0.7739,12,S,403(E1),M,-0.8832,6
-1.023,-0.4337,16,S,403(E1),N,-2.558,1
-1.447,-0.7561,11,S,403(E1),P,-0.9498,6
-0.4706,-0.152,11,S,403(E1),Q,-0.3266,10
-1.565,-0.8669,11,S,403(E1),R,-0.9104,1
0,0,,S,403(E1),S,0,
0.5903,0.1167,8,S,403(E1),T,-0.06913,2
-2.27,-1.736,7,S,403(E1),V,-2.18,3
1.178,0.1828,3,S,403(E1),W,-0.05905,3
2.115,0.2337,6,S,403(E1),Y,0.911,3
-2.174,-1.596,3,V,404(E1),-,,
0.1579,0.03786,8,V,404(E1),A,-0.5161,2
-5.948,-7.174,5,V,404(E1),C,-8,3
-1.546,-0.848,5,V,404(E1),D,-1.748,1
2.398,0.2418,5,V,404(E1),E,-0.2541,2
-0.1293,-0.03543,12,V,404(E1),F,-0.4149,10
0.8698,0.1528,2,V,404(E1),G,-0.07427,1
-1.394,-0.7099,12,V,404(E1),H,-0.6946,9
1.785,0.2208,7,V,404(E1),I,-0.04747,4
-1.496,-0.8008,5,V,404(E1),K,-0.7943,1
-0.2243,-0.06434,10,V,404(E1),L,,
0.5995,0.1181,23,V,404(E1),M,-1.534,7
-0.6619,-0.2347,5,V,404(E1),N,-0.4213,4
-2.021,-1.386,9,V,404(E1),P,-1.355,3
-1.897,-1.23,3,V,404(E1),Q,-1.543,2
-0.1557,-0.04323,7,V,404(E1),R,-0.005674,3
-0.9614,-0.3954,5,V,404(E1),S,-1.025,2
-1.594,-0.8953,10,V,404(E1),T,-1.295,7
0,0,,V,404(E1),V,0,
-1.311,-0.6408,8,V,404(E1),W,-1.128,6
2.446,0.243,6,V,404(E1),Y,-1.156,4
-0.3509,-0.1069,4,T,405(E1),-,,
0.1025,0.0252,12,T,405(E1),A,-0.3774,5
-10.79,-7.733,11,T,405(E1),C,-8,4
-0.8172,-0.3129,4,T,405(E1),D,-1.151,2
-1.248,-0.5918,6,T,405(E1),E,-0.1989,1
0.482,0.09994,6,T,405(E1),F,0.2189,4
-2.25,-1.706,10,T,405(E1),G,-2.522,2
-2.275,-1.745,6,T,405(E1),H,-2.419,3
1,0.1666,11,T,405(E1),I,-0.01685,4
-1.733,-1.04,8,T,405(E1),K,-0.394,2
0.5984,0.1179,7,T,405(E1),L,0.4445,3
0.2379,0.055,10,T,405(E1),M,1.63,1
-0.8773,-0.3461,15,T,405(E1),N,-1.041,5
-2.493,-2.09,8,T,405(E1),P,-2.104,4
0.4528,0.09509,9,T,405(E1),Q,0.3534,6
1.066,0.1729,10,T,405(E1),R,-0.2973,5
-0.959,-0.394,10,T,405(E1),S,-0.3472,6
0,0,,T,405(E1),T,0,
0.107,0.02627,5,T,405(E1),V,-0.876,1
1.25,0.1886,9,T,405(E1),W,-0.1644,5
0.3829,0.08294,8,T,405(E1),Y,0.4899,5
-1.492,-0.7974,3,A,406(E1),-,,
0,0,,A,406(E1),A,0,
-6.497,-7.402,16,A,406(E1),C,-8,9
-2.783,-2.599,20,A,406(E1),D,-3.295,5
-2.288,-1.764,4,A,406(E1),E,-2.077,4
-1.347,-0.6707,9,A,406(E1),F,-1.38,5
-1.439,-0.7495,7,A,406(E1),G,-1.092,4
-0.1346,-0.03698,1,A,406(E1),H,,
0.1507,0.03625,12,A,406(E1),I,-0.3903,6
-3.138,-3.279,15,A,406(E1),K,-3.505,6
0.867,0.1525,9,A,406(E1),L,-0.1955,4
0.5548,0.1114,8,A,406(E1),M,-0.2061,5
-1.776,-1.087,10,A,406(E1),N,-1.728,4
-0.9965,-0.417,3,A,406(E1),P,,
-1.173,-0.5359,9,A,406(E1),Q,-1.841,4
-2.799,-2.628,8,A,406(E1),R,-2.543,4
-2.209,-1.646,11,A,406(E1),S,-1.662,8
-0.9696,-0.4004,32,A,406(E1),T,-3.228,1
0.6652,0.1274,12,A,406(E1),V,0.1218,4
-1.61,-0.9106,7,A,406(E1),W,-1.37,2
-1.706,-1.011,6,A,406(E1),Y,-1.627,4
-2.643,-2.346,4,M,407(E1),-,,
-1.949,-1.293,6,M,407(E1),A,-0.7677,1
-6.36,-7.356,6,M,407(E1),C,-8,3
-1.393,-0.7091,7,M,407(E1),D,-1.356,6
-2.242,-1.695,5,M,407(E1),E,-0.1577,1
1.756,0.2195,5,M,407(E1),F,-2.401,1
-1.242,-0.5871,9,M,407(E1),G,-0.3978,4
-1.784,-1.097,9,M,407(E1),H,-1.851,6
-1.179,-0.5404,28,M,407(E1),I,0.403,3
-1.053,-0.4529,4,M,407(E1),K,,
-0.606,-0.2091,11,M,407(E1),L,0.42,4
0,0,,M,407(E1),M,0,
-1.804,-1.12,6,M,407(E1),N,-1.977,5
-2.112,-1.509,5,M,407(E1),P,-1.845,3
-0.8404,-0.3255,13,M,407(E1),Q,-1.534,5
0.7287,0.1358,2,M,407(E1),R,0.234,2
-1.378,-0.6963,5,M,407(E1),S,-0.963,4
-1.127,-0.5035,12,M,407(E1),T,-0.6922,8
1.118,0.1776,6,M,407(E1),V,-0.0715,2
1.583,0.2106,7,M,407(E1),W,0.7084,4
-1.041,-0.4451,8,M,407(E1),Y,-0.4785,3
-0.9457,-0.3859,4,S,408(E1),-,,
1.449,0.2025,5,S,408(E1),A,0.832,2
-3.009,-3.025,16,S,408(E1),C,-3.099,8
3.398,0.2576,6,S,408(E1),D,-0.6011,3
0.7359,0.1368,5,S,408(E1),E,0.8227,1
-0.7928,-0.2999,4,S,408(E1),F,0.195,3
0.3227,0.07181,21,S,408(E1),G,-0.3935,9
-1.703,-1.008,5,S,408(E1),H,-1.292,2
-0.8773,-0.3461,9,S,408(E1),I,-0.6128,3
1.026,0.1691,8,S,408(E1),K,0.4601,3
4.731,0.2644,5,S,408(E1),L,0.06495,4
0.6714,0.1282,10,S,408(E1),M,0.2267,7
-0.2577,-0.0751,22,S,408(E1),N,-0.4826,3
-0.7367,-0.2711,11,S,408(E1),P,-2.41,3
-0.879,-0.347,5,S,408(E1),Q,-0.1347,3
-0.0889,-0.02391,19,S,408(E1),R,0.2613,6
0,0,,S,408(E1),S,0,
1.706,0.217,2,S,408(E1),T,,
-0.7558,-0.2807,8,S,408(E1),V,-0.6773,4
0.8452,0.15,4,S,408(E1),W,0.3674,2
-0.8657,-0.3395,9,S,408(E1),Y,-0.95,4
-6.495,-7.402,41,W,409(E1),*,-8,4
-2.079,-1.463,4,W,409(E1),-,,
-2.262,-1.725,4,W,409(E1),A,-2.034,3
-6.725,-7.468,15,W,409(E1),C,-8,6
0.9218,0.1585,4,W,409(E1),D,-1.082,1
-1.592,-0.8927,5,W,409(E1),E,-0.9201,3
-1.384,-0.7013,5,W,409(E1),F,-0.4466,3
-2.451,-2.02,4,W,409(E1),G,-2.041,3
-2.431,-1.987,8,W,409(E1),H,-2.397,6
-0.07256,-0.01937,5,W,409(E1),I,,
-2.729,-2.5,9,W,409(E1),K,-2.961,3
0.4842,0.1003,11,W,409(E1),L,-1.514,3
0.04794,0.01209,13,W,409(E1),M,-0.6936,4
-1.163,-0.5284,3,W,409(E1),N,-1.136,3
-3.434,-3.869,7,W,409(E1),P,-4.104,4
-2.526,-2.144,9,W,409(E1),Q,-2.455,6
-3.362,-3.725,10,W,409(E1),R,-4.012,4
0.06214,0.01557,5,W,409(E1),S,-0.9473,1
-2.264,-1.727,8,W,409(E1),T,-1.977,1
-2.597,-2.266,6,W,409(E1),V,-3.309,4
0,0,,W,409(E1),W,0,
-1.151,-0.5199,3,W,409(E1),Y,0.6234,1
-0.5689,-0.1927,5,V,410(E1),-,,
0.3186,0.07103,9,V,410(E1),A,0.334,4
-3.812,-4.611,7,V,410(E1),C,-4.488,5
-2.156,-1.57,11,V,410(E1),D,-2.917,3
-0.7966,-0.3019,6,V,410(E1),E,0.2427,1
2.268,0.2384,7,V,410(E1),F,0.4115,3
-1.887,-1.218,8,V,410(E1),G,-1.68,1
-3.201,-3.403,3,V,410(E1),H,-4.243,1
-1.993,-1.349,6,V,410(E1),I,-1.406,3
-2.064,-1.443,4,V,410(E1),K,-2.296,2
1.751,0.2192,12,V,410(E1),L,-0.1661,4
-1.339,-0.6637,13,V,410(E1),M,-1.004,2
-2.712,-2.469,10,V,410(E1),N,-2.891,7
-2.141,-1.548,5,V,410(E1),P,-5.002,2
-4.608,-5.943,2,V,410(E1),Q,-6.146,1
-2.895,-2.808,9,V,410(E1),R,-3.421,6
-2.078,-1.462,7,V,410(E1),S,-1.753,4
-1.62,-0.9211,9,V,410(E1),T,-0.8075,6
0,0,,V,410(E1),V,0,
-2.382,-1.909,3,V,410(E1),W,-1.517,1
-1.388,-0.7054,5,V,410(E1),Y,-1.886,2
-7.487,-7.61,30,Q,411(E1),*,-8,5
-1.007,-0.4235,5,Q,411(E1),-,,
-0.7391,-0.2723,5,Q,411(E1),A,-0.893,3
-5.504,-6.893,15,Q,411(E1),C,-6.873,6
-1.601,-0.9018,7,Q,411(E1),D,-1.869,2
0.3682,0.08028,10,Q,411(E1),E,-0.6919,5
0.03152,0.008012,8,Q,411(E1),F,-0.6059,3
3.371,0.2574,5,Q,411(E1),G,-1.052,1
0.02972,0.007562,19,Q,411(E1),H,-0.139,8
-1.897,-1.229,9,Q,411(E1),I,-1.858,5
1.635,0.2134,14,Q,411(E1),K,0.2047,8
-1.548,-0.8502,11,Q,411(E1),L,-0.8554,9
0.3759,0.08168,8,Q,411(E1),M,-0.08735,4
-1.649,-0.9503,6,Q,411(E1),N,-0.8029,3
-1.196,-0.5524,4,Q,411(E1),P,0.9194,1
0,0,,Q,411(E1),Q,0,
-0.5804,-0.1978,7,Q,411(E1),R,-0.212,2
0.1006,0.02477,4,Q,411(E1),S,0.9716,1
-0.1206,-0.03292,3,Q,411(E1),T,0.5079,1
-0.9025,-0.3605,9,Q,411(E1),V,-1.692,4
-1.988,-1.343,9,Q,411(E1),W,-1.746,4
0.2107,0.04932,5,Q,411(E1),Y,-0.2561,2
-0.3213,-0.09652,5,K,412(E1),-,,
0.4646,0.09706,5,K,412(E1),A,-2.517,1
-8.197,-7.674,13,K,412(E1),C,-8,7
-2.149,-1.561,10,K,412(E1),D,-1.809,5
-2.487,-2.08,8,K,412(E1),E,-1.671,4
-3.037,-3.08,11,K,412(E1),F,-1.931,1
-1.559,-0.8602,6,K,412(E1),G,-1.15,5
-0.08149,-0.02184,11,K,412(E1),H,-0.1749,4
-3.17,-3.343,8,K,412(E1),I,-3.463,3
0,0,,K,412(E1),K,0,
-4.606,-5.94,5,K,412(E1),L,-6.644,2
-2.634,-2.33,7,K,412(E1),M,-3.546,2
-1.013,-0.4273,12,K,412(E1),N,-0.6351,8
-1.227,-0.5758,6,K,412(E1),P,-0.3693,3
4.567,0.264,9,K,412(E1),Q,-0.6649,3
-1.164,-0.5293,9,K,412(E1),R,-0.8134,6
-0.5215,-0.1727,6,K,412(E1),S,-0.04028,3
-1.431,-0.7419,17,K,412(E1),T,-1.378,7
-2.483,-2.073,7,K,412(E1),V,-2.234,4
-2.073,-1.456,5,K,412(E1),W,-2.253,2
-0.7891,-0.298,6,K,412(E1),Y,,
-0.5076,-0.1669,3,I,413(E1),-,,
-1.53,-0.8327,5,I,413(E1),A,-1.029,3
-3.612,-4.222,4,I,413(E1),C,-4.302,3
-5.214,-6.647,5,I,413(E1),D,-7.156,3
-4.738,-6.117,6,I,413(E1),E,-6.721,6
-1.716,-1.022,5,I,413(E1),F,-2.63,2
-2.866,-2.753,7,I,413(E1),G,-2.942,3
-3.841,-4.666,7,I,413(E1),H,-5.185,3
0,0,,I,413(E1),I,0,
-3.775,-4.541,7,I,413(E1),K,-4.758,5
-1.662,-0.9641,7,I,413(E1),L,-1.317,4
-1.803,-1.118,9,I,413(E1),M,-1.095,4
-7.166,-7.562,3,I,413(E1),N,,
-4.341,-5.543,7,I,413(E1),P,-6.221,3
-3.297,-3.595,7,I,413(E1),Q,-3.885,5
-4.066,-5.08,8,I,413(E1),R,-5.232,4
-2.695,-2.439,7,I,413(E1),S,-2.537,4
-2.292,-1.769,6,I,413(E1),T,-1.718,2
-0.9728,-0.4023,13,I,413(E1),V,-1.009,6
-0.7639,-0.2849,8,I,413(E1),W,-0.7316,4
-1.977,-1.33,4,I,413(E1),Y,-4.441,2
1.809,0.2219,4,T,414(E1),-,,
0.3778,0.08203,14,T,414(E1),A,-0.6808,4
-2.609,-2.287,9,T,414(E1),C,-3.453,2
-3.184,-3.369,3,T,414(E1),D,-3.468,2
-2.464,-2.042,4,T,414(E1),E,-1.653,2
0.3202,0.07133,4,T,414(E1),F,0.4265,1
2.428,0.2426,11,T,414(E1),G,0.3954,6
-2.458,-2.032,7,T,414(E1),H,-2.064,4
-1.556,-0.8581,8,T,414(E1),I,-2.357,2
-1.997,-1.355,18,T,414(E1),K,-2.365,6
-1.882,-1.211,13,T,414(E1),L,-1.805,6
1.352,0.1961,8,T,414(E1),M,-1.085,4
-2.129,-1.533,6,T,414(E1),N,-1.935,4
-4.578,-5.9,5,T,414(E1),P,-6.235,3
-2.608,-2.285,7,T,414(E1),Q,-2.481,4
-2.326,-1.823,7,T,414(E1),R,-2.18,4
3.33,0.257,4,T,414(E1),S,0.6984,3
0,0,,T,414(E1),T,0,
-0.6551,-0.2316,10,T,414(E1),V,-2.058,3
-1.794,-1.109,7,T,414(E1),W,-1.273,5
0.3908,0.08436,8,T,414(E1),Y,-0.3986,4
2.087,0.2327,4,G,415(E1),-,,
-2.811,-2.651,2,G,415(E1),A,-3.001,1
-5.182,-6.617,19,G,415(E1),C,-7.845,3
-4.3,-5.478,15,G,415(E1),D,-5.597,7
-3.972,-4.911,12,G,415(E1),E,-5.191,9
-3.513,-4.026,9,G,415(E1),F,-3.261,2
0,0,,G,415(E1),G,0,
-2.188,-1.615,10,G,415(E1),H,-2.294,6
-4.027,-5.01,8,G,415(E1),I,-5.039,7
-1.534,-0.8364,3,G,415(E1),K,-3.006,1
-3.761,-4.514,8,G,415(E1),L,-4.812,2
-3.323,-3.646,9,G,415(E1),M,-3.703,3
-2.349,-1.858,5,G,415(E1),N,-2.146,3
-3.664,-4.326,10,G,415(E1),P,-3.978,6
-2.871,-2.762,5,G,415(E1),Q,-2.775,1
-1.911,-1.247,8,G,415(E1),R,-1.78,4
-1.79,-1.104,26,G,415(E1),S,-1.199,10
-1.648,-0.9501,7,G,415(E1),T,-1.357,6
-3.588,-4.176,10,G,415(E1),V,-4.519,5
-2.206,-1.642,9,G,415(E1),W,-1.574,7
-2.426,-1.979,11,G,415(E1),Y,-2.28,4
-4.222,-5.349,3,G,416(E1),*,,
0.5316,0.1078,5,G,416(E1),-,,
0.0002956,7.68e-05,4,G,416(E1),A,-0.4542,3
-2.244,-1.697,7,G,416(E1),C,-1.978,1
-2.438,-2,10,G,416(E1),D,-2.963,3
-2.525,-2.144,26,G,416(E1),E,-2.337,5
-2.766,-2.567,7,G,416(E1),F,-3.296,3
0,0,,G,416(E1),G,0,
-3.161,-3.325,12,G,416(E1),H,-3.363,4
-2.863,-2.748,9,G,416(E1),I,-2.921,4
-0.1205,-0.03288,9,G,416(E1),K,-1.721,5
-2.511,-2.119,16,G,416(E1),L,-2.71,9
-3.019,-3.046,10,G,416(E1),M,-3.346,4
-2.314,-1.803,4,G,416(E1),N,-2.104,2
-2.7,-2.448,4,G,416(E1),P,-2.735,3
-1.778,-1.09,8,G,416(E1),Q,-1.322,6
-2.051,-1.426,43,G,416(E1),R,-1.438,6
-1.441,-0.7509,9,G,416(E1),S,-0.793,4
-1.175,-0.5371,6,G,416(E1),T,-0.4885,4
-2.551,-2.187,5,G,416(E1),V,-2.627,2
-3.05,-3.106,9,G,416(E1),W,-6.303,3
-2.43,-1.986,10,G,416(E1),Y,-2.088,8
0.2333,0.05405,2,V,417(E1),-,,
-1.115,-0.4947,11,V,417(E1),A,-0.9394,6
-2.389,-1.921,9,V,417(E1),C,-2.138,3
-4.169,-5.259,13,V,417(E1),D,-8,3
-4.253,-5.401,6,V,417(E1),E,-6.018,2
1.168,0.182,9,V,417(E1),F,-0.03616,3
1.737,0.2186,8,V,417(E1),G,-0.9402,2
-4.178,-5.275,5,V,417(E1),H,-5.888,3
-0.3386,-0.1026,15,V,417(E1),I,-0.4006,4
-2.542,-2.171,5,V,417(E1),K,-2.446,3
-1.149,-0.5189,8,V,417(E1),L,-1.359,3
-1.622,-0.9234,8,V,417(E1),M,-1.543,4
-2.86,-2.742,6,V,417(E1),N,-3.367,2
-2.709,-2.464,5,V,417(E1),P,-2.275,3
-3.202,-3.406,6,V,417(E1),Q,-3.87,3
-3.355,-3.711,6,V,417(E1),R,-3.458,4
-1.749,-1.057,4,V,417(E1),S,-1.273,3
-0.7349,-0.2702,8,V,417(E1),T,0.2762,4
0,0,,V,417(E1),V,0,
-1.035,-0.4417,8,V,417(E1),W,-1.091,4
-1.753,-1.062,10,V,417(E1),Y,-1.471,5
-6.293,-7.33,7,G,418(E1),*,-0.02075,1
0.3046,0.06834,1,G,418(E1),-,,
-1.767,-1.077,8,G,418(E1),A,-1.104,3
-2.194,-1.624,8,G,418(E1),C,-2.288,5
-5.968,-7.185,8,G,418(E1),D,-6.941,2
-5.277,-6.705,24,G,418(E1),E,-6.16,5
0.08207,0.02038,9,G,418(E1),F,-0.7134,6
0,0,,G,418(E1),G,0,
-4.22,-5.346,7,G,418(E1),H,-6.329,4
-0.7814,-0.294,10,G,418(E1),I,-0.5523,4
-3.388,-3.778,8,G,418(E1),K,-3.75,4
-3.565,-4.131,8,G,418(E1),L,-4.427,3
-2.841,-2.707,14,G,418(E1),M,-2.647,6
-5.917,-7.158,6,G,418(E1),N,-8,1
-2.306,-1.79,11,G,418(E1),P,-1.731,6
-6.49,-7.4,9,G,418(E1),Q,-8,5
-6.675,-7.455,55,G,418(E1),R,-8,14
-1.903,-1.236,7,G,418(E1),S,-1.65,5
-2.284,-1.757,8,G,418(E1),T,-1.794,4
-3.997,-4.956,14,G,418(E1),V,,
-3.16,-3.323,8,G,418(E1),W,-4.013,2
-6.343,-7.349,10,G,418(E1),Y,-8,1
1.513,0.2065,7,L,419(E1),A,,
-0.9277,-0.3752,7,L,419(E1),C,-0.6656,2
-6.779,-7.482,7,L,419(E1),D,-8,2
-3.659,-4.315,7,L,419(E1),E,-4.589,5
3.481,0.2584,6,L,419(E1),F,0.6668,6
0.8626,0.152,6,L,419(E1),G,2.015,2
-2.888,-2.795,5,L,419(E1),H,-3.121,4
-1.366,-0.6862,9,L,419(E1),I,-0.125,1
-3.226,-3.453,10,L,419(E1),K,-3.818,5
0,0,,L,419(E1),L,0,
1.264,0.1896,16,L,419(E1),M,0.1285,6
-3.162,-3.325,6,L,419(E1),N,-3.639,4
-2.096,-1.486,7,L,419(E1),P,-6.334,1
-2.652,-2.362,10,L,419(E1),Q,-3.002,6
-2.385,-1.914,5,L,419(E1),R,-2.328,3
1.267,0.1899,8,L,419(E1),S,-0.1669,3
3.593,0.2593,4,L,419(E1),T,0.538,3
1.715,0.2175,6,L,419(E1),V,0.4231,3
0.2464,0.05674,8,L,419(E1),W,-1.934,3
-0.2414,-0.06979,8,L,419(E1),Y,-1.474,3
3.215,0.2558,2,V,420(E1),-,,
-0.8595,-0.3361,4,V,420(E1),A,-0.8927,2
-1.475,-0.7818,8,V,420(E1),C,-1.541,3
-6.157,-7.275,4,V,420(E1),D,,
-3.958,-4.885,7,V,420(E1),E,-5.121,4
-3.361,-3.723,2,V,420(E1),F,-4.417,1
0.09871,0.02432,2,V,420(E1),G,-0.1729,1
-3.323,-3.646,3,V,420(E1),H,-3.779,3
1.231,0.1871,3,V,420(E1),I,0.504,2
-3.365,-3.73,5,V,420(E1),K,-3.912,2
0.2215,0.05159,7,V,420(E1),L,0.6296,3
0.009353,0.002402,19,V,420(E1),M,-1.486,3
-3.009,-3.026,3,V,420(E1),N,-3.334,1
-3.286,-3.574,2,V,420(E1),P,,
-3.994,-4.95,5,V,420(E1),Q,-5.273,3
-2.78,-2.593,3,V,420(E1),R,-2.909,1
0.207,0.04853,4,V,420(E1),S,,
0.07756,0.0193,5,V,420(E1),T,-0.1522,1
0,0,,V,420(E1),V,0,
0.6139,0.1202,6,V,420(E1),W,-3.235,2
-1.811,-1.128,5,V,420(E1),Y,-1.337,3
-0.654,-0.231,1,V,421(E1),-,,
-1.882,-1.211,5,V,421(E1),A,-1.526,1
-0.3934,-0.1224,3,V,421(E1),C,-0.2261,1
-3.418,-3.838,5,V,421(E1),D,-3.215,1
-6.66,-7.451,1,V,421(E1),E,-8,1
0.00162,0.0004175,4,V,421(E1),F,-0.4614,2
-2.954,-2.92,1,V,421(E1),G,-3.235,1
-4.438,-5.695,2,V,421(E1),H,-6.003,2
-2.569,-2.217,1,V,421(E1),I,,
-3.994,-4.95,2,V,421(E1),K,-5.267,1
0.114,0.0279,10,V,421(E1),L,0.2156,3
0.1814,0.04303,15,V,421(E1),M,-0.2165,2
-3.596,-4.192,5,V,421(E1),N,-4.241,1
-3.603,-4.205,1,V,421(E1),P,-4.531,1
-0.5977,-0.2054,1,V,421(E1),Q,,
-6.735,-7.471,2,V,421(E1),R,-8,2
-1.907,-1.242,3,V,421(E1),S,-1.548,2
-1.479,-0.7853,3,V,421(E1),T,-0.7288,3
0,0,,V,421(E1),V,0,
-0.3024,-0.09002,7,V,421(E1),W,-0.2549,3
-1.085,-0.4746,8,V,421(E1),Y,-1.295,5
-2.018,-1.382,2,A,422(E1),-,,
0,0,,A,422(E1),A,0,
-1.028,-0.4369,6,A,422(E1),C,-0.716,4
-6.187,-7.287,8,A,422(E1),D,-8,6
-4.587,-5.913,8,A,422(E1),E,-6.486,4
1.23,0.1869,2,A,422(E1),F,1.28,1
-0.4309,-0.1365,2,A,422(E1),G,-0.4238,1
-7.176,-7.564,4,A,422(E1),H,-8,3
0.0006889,0.0001775,3,A,422(E1),I,0.3672,2
-5.853,-7.123,3,A,422(E1),K,-8,1
-0.9967,-0.4172,3,A,422(E1),L,-0.6419,3
-3.634,-4.267,4,A,422(E1),M,-4.689,3
-4.312,-5.498,3,A,422(E1),N,-5.724,2
2.77,0.2496,1,A,422(E1),P,1.318,1
-3.424,-3.849,1,A,422(E1),Q,,
-6.542,-7.417,1,A,422(E1),R,-8,1
-0.5568,-0.1875,7,A,422(E1),S,-0.3597,1
-1.231,-0.579,47,A,422(E1),T,-0.9122,7
-1.572,-0.8729,24,A,422(E1),V,-0.5421,5
-0.8895,-0.353,4,A,422(E1),W,-1.31,2
-3.516,-4.032,3,A,422(E1),Y,-4.354,1
-0.5913,-0.2025,1,V,423(E1),-,,
1.436,0.2017,2,V,423(E1),A,0.0295,2
-4.097,-5.135,5,V,423(E1),D,-5.683,3
-2.492,-2.088,2,V,423(E1),E,-1.402,1
1.113,0.1771,1,V,423(E1),F,-0.002033,1
0.03873,0.009813,1,V,423(E1),G,-0.2754,1
-2.3,-1.782,3,V,423(E1),H,-2.055,2
-4.155,-5.235,5,V,423(E1),K,-5.481,2
-2.26,-1.722,6,V,423(E1),L,,
-0.3079,-0.0919,7,V,423(E1),M,-0.7078,1
-2.191,-1.621,4,V,423(E1),N,-1.97,3
2.587,0.2461,6,V,423(E1),P,-0.03753,1
-1.108,-0.4898,7,V,423(E1),Q,-0.4554,3
-7.282,-7.581,5,V,423(E1),R,-8,4
-0.576,-0.1958,1,V,423(E1),S,,
0.157,0.03767,5,V,423(E1),T,-0.5796,4
0,0,,V,423(E1),V,0,
-2.56,-2.203,2,V,423(E1),W,-2.502,2
-0.4627,-0.1489,1,V,423(E1),Y,,
-0.9444,-0.3851,2,A,424(E1),-,,
0,0,,A,424(E1),A,0,
-2.304,-1.789,8,A,424(E1),D,-2.603,4
-0.4202,-0.1324,3,A,424(E1),E,,
3.222,0.2559,3,A,424(E1),G,1.542,2
-2.827,-2.681,6,A,424(E1),H,-2.81,4
2.054,0.2316,4,A,424(E1),I,-2.075,1
-4.29,-5.461,6,A,424(E1),K,-5.276,3
-0.786,-0.2964,2,A,424(E1),L,-0.9077,2
-1.35,-0.6726,4,A,424(E1),M,-1.442,1
-0.3958,-0.1233,2,A,424(E1),N,-0.54,1
1.277,0.1906,5,A,424(E1),P,-0.5684,2
-3.212,-3.425,2,A,424(E1),Q,-3.745,1
-8.864,-7.705,3,A,424(E1),R,,
0.4698,0.09792,8,A,424(E1),S,-0.8637,2
-1.045,-0.4478,21,A,424(E1),T,-1.071,1
-1.754,-1.063,8,A,424(E1),V,-1.392,5
-1.087,-0.4759,5,A,424(E1),W,-0.4482,2
-1.647,-0.9484,3,A,424(E1),Y,-1.098,2
-0.9514,-0.3893,1,A,425(E1),-,,
0,0,,A,425(E1),A,0,
-0.0891,-0.02396,3,A,425(E1),C,-0.0701,1
-7.236,-7.574,9,A,425(E1),D,-8,1
-7.782,-7.642,5,A,425(E1),E,-8,1
-1.63,-0.9313,3,A,425(E1),F,,
-2.156,-1.57,4,A,425(E1),G,1.357,1
-7.001,-7.532,5,A,425(E1),H,-8,3
0.8474,0.1503,3,A,425(E1),I,0.04805,2
-3.36,-3.721,2,A,425(E1),K,-5.516,2
-1.001,-0.4195,6,A,425(E1),L,-1.145,3
0.4752,0.09882,7,A,425(E1),M,0.1503,4
-4.442,-5.7,4,A,425(E1),N,-5.906,2
-2.375,-1.899,1,A,425(E1),P,-2.238,1
-3.131,-3.266,4,A,425(E1),Q,-3.369,3
-6.711,-7.465,4,A,425(E1),R,-8,1
-0.6824,-0.2445,7,A,425(E1),S,0.2616,4
-0.3496,-0.1065,25,A,425(E1),T,-3.021,2
-0.9269,-0.3748,9,A,425(E1),V,-0.3756,2
-2.839,-2.702,2,A,425(E1),W,,
-1.517,-0.8204,1,A,425(E1),Y,,
-0.685,-0.2457,1,L,426(E1),-,,
0.3088,0.06915,3,L,426(E1),A,,
0.9649,0.163,6,L,426(E1),C,-4.783,1
-2.738,-2.516,6,L,426(E1),E,-2.768,4
2.265,0.2383,2,L,426(E1),F,,
0.1902,0.04494,3,L,426(E1),G,,
-1.567,-0.8681,2,L,426(E1),H,-1.169,2
0.2399,0.05541,3,L,426(E1),I,1.413,1
-4.929,-6.35,5,L,426(E1),K,-5.623,1
0,0,,L,426(E1),L,0,
1.764,0.2198,5,L,426(E1),M,0.4189,5
-1.321,-0.6489,4,L,426(E1),N,-0.3806,1
-1.557,-0.8592,10,L,426(E1),P,-1.561,3
-1.047,-0.4491,1,L,426(E1),Q,-0.7464,1
-7.268,-7.579,7,L,426(E1),R,-8,2
0.8458,0.1501,2,L,426(E1),S,0.457,1
-0.4035,-0.1261,1,L,426(E1),W,,
-2.651,-2.361,6,L,426(E1),Y,-2.231,4
-0.9541,-0.391,1,I,427(E1),-,,
-2.908,-2.833,3,I,427(E1),A,-3.283,1
2.636,0.2471,1,I,427(E1),C,1.107,1
-2.655,-2.368,4,I,427(E1),D,-2.124,3
-0.9876,-0.4115,1,I,427(E1),E,,
-0.7888,-0.2978,1,I,427(E1),F,,
-1.492,-0.797,5,I,427(E1),G,-1.03,4
-1.569,-0.8705,1,I,427(E1),H,,
0,0,,I,427(E1),I,0,
-5.97,-7.186,3,I,427(E1),K,,
-1.893,-1.224,5,I,427(E1),L,-0.9878,1
-4.565,-5.882,3,I,427(E1),M,-4.301,2
-1.699,-1.003,6,I,427(E1),N,-1.438,1
0.508,0.1041,4,I,427(E1),P,,
-1.035,-0.4415,2,I,427(E1),Q,-0.7485,1
-7.138,-7.557,5,I,427(E1),R,-8,3
-0.8657,-0.3396,5,I,427(E1),S,-0.9039,3
0.6033,0.1186,7,I,427(E1),T,0.9004,3
-0.8571,-0.3347,2,I,427(E1),V,-0.5354,1
-1.952,-1.297,4,I,427(E1),W,-0.1555,1
-0.167,-0.04661,2,I,427(E1),Y,-1.149,1
-0.756,-0.2809,2,L,428(E1),-,,
0.207,0.04854,7,L,428(E1),A,-1.928,3
-1.241,-0.586,3,L,428(E1),C,0.4942,2
-3.586,-4.172,3,L,428(E1),D,-4.616,1
-1.926,-1.264,2,L,428(E1),E,-1.587,2
1.43,0.2014,5,L,428(E1),F,-0.4669,2
-1.113,-0.4936,3,L,428(E1),G,-0.3395,3
-1.931,-1.271,7,L,428(E1),H,-1.604,4
0.8678,0.1526,4,L,428(E1),I,-0.2473,3
-1.437,-0.7476,2,L,428(E1),K,-2.239,2
0,0,,L,428(E1),L,0,
-1.251,-0.5938,12,L,428(E1),M,-0.5281,3
-1.871,-1.198,3,L,428(E1),N,-1.458,2
-0.9902,-0.4131,8,L,428(E1),P,,
-2.38,-1.907,2,L,428(E1),Q,-2.207,2
-2.629,-2.322,7,L,428(E1),R,-1.731,3
-2.407,-1.949,3,L,428(E1),S,-2.964,2
3.037,0.2536,4,L,428(E1),T,,
-0.5344,-0.178,4,L,428(E1),V,-0.3395,1
-1.131,-0.5061,5,L,428(E1),W,,
1.867,0.2244,3,L,428(E1),Y,1.085,1
-1.241,-0.5859,2,I,429(E1),-,,
-6.077,-7.238,2,I,429(E1),A,-8,1
-1.879,-1.208,2,I,429(E1),C,-0.6595,1
-6.662,-7.452,2,I,429(E1),D,-8,1
-4.412,-5.654,3,I,429(E1),E,-5.965,1
-0.7894,-0.2981,5,I,429(E1),F,-0.6999,4
-1.481,-0.7872,1,I,429(E1),G,,
-6.865,-7.503,5,I,429(E1),H,-8,1
0,0,,I,429(E1),I,0,
-0.6894,-0.2478,3,I,429(E1),K,,
0.3427,0.07557,6,I,429(E1),L,0.3221,2
-2.268,-1.733,10,I,429(E1),M,-1.684,5
-2.816,-2.66,7,I,429(E1),N,-2.795,3
3.62,0.2595,1,I,429(E1),P,,
-3.013,-3.034,3,I,429(E1),Q,-3.306,2
-4.244,-5.386,3,I,429(E1),R,-5.713,1
-1.507,-0.8115,5,I,429(E1),S,-0.9825,5
-0.4236,-0.1337,2,I,429(E1),T,-0.5918,2
0.2331,0.054,3,I,429(E1),V,-0.02585,2
-1.663,-0.9655,9,I,429(E1),W,-1.346,3
-2.118,-1.517,3,I,429(E1),Y,-1.819,2
-0.8535,-0.3327,2,V,430(E1),-,,
-1.769,-1.08,4,V,430(E1),A,-0.582,2
-2.006,-1.367,5,V,430(E1),C,-1.738,2
-2.706,-2.459,5,V,430(E1),D,-3.418,2
-2.972,-2.955,4,V,430(E1),E,-3.078,3
-1.102,-0.4863,10,V,430(E1),F,-0.4394,6
-2.206,-1.642,4,V,430(E1),G,-1.974,1
-1.686,-0.9897,4,V,430(E1),H,-2.506,2
2.283,0.2388,13,V,430(E1),I,-1.62,2
-3.523,-4.047,8,V,430(E1),K,-4.086,3
-4.422,-5.67,1,V,430(E1),L,,
-1.909,-1.244,1,V,430(E1),M,-1.497,1
-1.806,-1.122,2,V,430(E1),P,,
-0.3441,-0.1045,3,V,430(E1),Q,,
-3.085,-3.175,5,V,430(E1),R,-4.545,2
0.7434,0.1377,3,V,430(E1),S,-2.127,1
0.9423,0.1607,5,V,430(E1),T,0.7389,2
0,0,,V,430(E1),V,0,
-0.3213,-0.09653,4,V,430(E1),W,-0.8387,1
-1.147,-0.517,5,V,430(E1),Y,-0.812,5
-1.037,-0.443,1,V,431(E1),-,,
0.4542,0.09532,9,V,431(E1),A,-4.526,2
-1.333,-0.6589,3,V,431(E1),C,-1.007,2
-3.702,-4.399,4,V,431(E1),D,-3.898,2
-1.311,-0.641,2,V,431(E1),E,,
-2.627,-2.319,2,V,431(E1),F,-3.372,1
-1.212,-0.5644,1,V,431(E1),G,,
-2.095,-1.485,4,V,431(E1),H,-1.36,1
0.6732,0.1285,3,V,431(E1),I,-0.306,1
-2.242,-1.695,6,V,431(E1),K,-3.582,4
-0.227,-0.0652,8,V,431(E1),L,-0.8057,2
-2.823,-2.673,14,V,431(E1),M,-3.145,3
-2.244,-1.698,1,V,431(E1),N,-2.011,1
-0.7316,-0.2685,2,V,431(E1),P,,
-0.766,-0.2859,5,V,431(E1),Q,-0.7043,2
-3.127,-3.257,7,V,431(E1),R,-2.098,3
1.129,0.1785,5,V,431(E1),S,0.6709,1
-1.279,-0.616,2,V,431(E1),T,-0.9518,1
0,0,,V,431(E1),V,0,
-2.206,-1.642,5,V,431(E1),W,-1.843,3
0.3009,0.06762,1,L,432(E1),-,,
-2.087,-1.475,6,L,432(E1),A,-1.074,1
-0.1388,-0.03821,4,L,432(E1),C,0.5925,1
-5.02,-6.452,1,L,432(E1),D,,
-1.764,-1.074,3,L,432(E1),E,-1.231,3
3.002,0.2532,8,L,432(E1),F,0.4034,3
-0.9993,-0.4188,5,L,432(E1),G,-0.6353,1
1.856,0.224,2,L,432(E1),H,-0.9431,1
-2.009,-1.37,1,L,432(E1),K,-1.69,1
0,0,,L,432(E1),L,0,
-0.6592,-0.2335,7,L,432(E1),M,-1.604,1
0.9144,0.1577,4,L,432(E1),N,1.306,1
-2.373,-1.896,8,L,432(E1),P,-2.703,1
0.4316,0.09149,3,L,432(E1),Q,-1.621,1
0.07646,0.01903,5,L,432(E1),R,0.5315,1
0.8008,0.1448,4,L,432(E1),S,-0.629,3
6.408,0.2664,3,L,432(E1),T,,
0.1295,0.03145,5,L,432(E1),V,-1.182,1
2.209,0.2367,4,L,432(E1),W,0.2579,4
1.228,0.1868,6,L,432(E1),Y,0.853,3
-10.31,-7.73,10,C,433(E1),*,,
-0.7116,-0.2586,6,C,433(E1),A,-4.306,2
0,0,,C,433(E1),C,0,
-5.609,-6.969,5,C,433(E1),D,-7.587,3
-2.186,-1.613,13,C,433(E1),F,-1.664,3
-1.238,-0.5838,3,C,433(E1),G,-0.266,2
-2.659,-2.375,1,C,433(E1),H,,
-2.636,-2.334,2,C,433(E1),I,-2.734,1
-1.213,-0.5652,2,C,433(E1),K,-2.281,1
-2.204,-1.639,3,C,433(E1),L,-1.934,2
-2.829,-2.683,2,C,433(E1),M,-3.179,1
-1.763,-1.073,5,C,433(E1),N,-0.9093,3
-1.827,-1.146,3,C,433(E1),P,-0.9204,1
-3.682,-4.36,2,C,433(E1),Q,-4.698,2
-2.311,-1.798,8,C,433(E1),R,-1.237,2
-2.28,-1.752,4,C,433(E1),S,0.5218,1
-0.9366,-0.3805,5,C,433(E1),T,-1.926,1
-0.7125,-0.2591,1,C,433(E1),V,,
-2.403,-1.942,1,C,433(E1),W,-2.258,1
-1.765,-1.075,20,C,433(E1),Y,-2.287,3
-0.4643,-0.1495,9,V,434(E1),A,0.7589,2
2.895,0.2516,5,V,434(E1),C,0.8747,1
0.5486,0.1105,3,V,434(E1),D,0.2081,1
-0.1562,-0.04337,4,V,434(E1),E,-0.2781,2
0.4091,0.08759,8,V,434(E1),F,-1.062,5
-1.626,-0.927,2,V,434(E1),G,-0.7195,1
1.809,0.2219,5,V,434(E1),H,1.086,1
0.1551,0.03724,8,V,434(E1),I,0.741,3
0.7846,0.1428,10,V,434(E1),L,0.06953,4
-0.1946,-0.05502,21,V,434(E1),M,-0.3521,4
2.592,0.2462,2,V,434(E1),N,0.7248,2
-1.281,-0.6169,10,V,434(E1),P,-1.344,3
1.655,0.2144,2,V,434(E1),Q,0.1268,2
0.7844,0.1428,5,V,434(E1),R,1.311,1
0.7691,0.1409,11,V,434(E1),S,0.118,7
-0.6903,-0.2483,9,V,434(E1),T,-0.4679,3
0,0,,V,434(E1),V,0,
0.8891,0.155,1,V,434(E1),W,-0.06357,1
-0.2969,-0.08817,7,V,434(E1),Y,-0.6834,4
-0.4387,-0.1395,4,S,435(E1),C,-2.3,1
-1.764,-1.074,2,S,435(E1),D,-1.369,2
-0.7891,-0.298,5,S,435(E1),E,-0.5789,1
0.5393,0.109,6,S,435(E1),F,-0.1548,3
0.9741,0.164,2,S,435(E1),G,-1.842,1
-1.323,-0.6509,4,S,435(E1),I,-1.014,2
-2.697,-2.443,3,S,435(E1),K,-2.965,2
-0.2211,-0.06331,7,S,435(E1),L,-0.2918,4
-2.327,-1.823,1,S,435(E1),M,-2.179,1
2.921,0.252,3,S,435(E1),N,0.3091,3
-1.053,-0.453,13,S,435(E1),P,-0.8228,2
-0.5013,-0.1644,4,S,435(E1),Q,-0.2956,3
-2.476,-2.061,4,S,435(E1),R,-2.777,2
0,0,,S,435(E1),S,0,
1.07,0.1732,2,S,435(E1),T,1.145,1
-2.61,-2.288,4,S,435(E1),V,-2.8,1
-1.79,-1.104,4,S,435(E1),W,,
-1.182,-0.5423,11,S,435(E1),Y,-0.6188,2
-1.083,-0.4732,4,F,436(E1),A,-0.6922,2
2.682,0.248,2,F,436(E1),C,,
-0.8856,-0.3508,1,F,436(E1),D,-0.6895,1
2.726,0.2488,4,F,436(E1),E,-1.128,2
0,0,,F,436(E1),F,0,
0.9407,0.1605,3,F,436(E1),G,,
1.519,0.2068,5,F,436(E1),H,-0.2715,1
0.6007,0.1183,8,F,436(E1),I,-0.838,3
1.138,0.1793,5,F,436(E1),K,0.2668,3
-1.028,-0.4368,9,F,436(E1),L,-0.7176,2
-1.159,-0.5259,6,F,436(E1),M,0.318,1
-0.6825,-0.2445,9,F,436(E1),N,-0.325,3
2.041,0.2312,3,F,436(E1),P,1.294,1
0.7544,0.1391,4,F,436(E1),Q,0.7078,2
0.8461,0.1501,1,F,436(E1),R,,
-1.038,-0.4434,13,F,436(E1),S,-0.1143,5
0.7301,0.136,3,F,436(E1),T,-0.6978,1
-0.7154,-0.2605,12,F,436(E1),V,-0.7408,5
-0.1114,-0.03028,3,F,436(E1),W,-0.1885,2
-2.707,-2.461,2,F,436(E1),Y,,
2.276,0.2386,3,S,437(E1),A,0.2153,2
0.03495,0.008871,7,S,437(E1),C,-0.4173,1
-1.889,-1.219,8,S,437(E1),E,-2.423,3
-0.808,-0.308,6,S,437(E1),F,-0.1792,3
1.672,0.2153,6,S,437(E1),G,-0.3067,1
-0.3821,-0.1182,4,S,437(E1),H,-0.3041,4
-0.771,-0.2885,5,S,437(E1),I,-2.119,3
3.038,0.2536,3,S,437(E1),K,,
0.3171,0.07074,5,S,437(E1),L,-0.1909,2
-2.051,-1.426,5,S,437(E1),M,-1.765,3
0.4147,0.08857,15,S,437(E1),N,0.3193,2
-0.1107,-0.03008,9,S,437(E1),P,0.5197,4
-1.171,-0.5343,8,S,437(E1),Q,-0.1113,3
1.229,0.1869,9,S,437(E1),R,-0.8168,2
0,0,,S,437(E1),S,0,
0.5105,0.1045,1,S,437(E1),T,,
-0.6264,-0.2183,9,S,437(E1),V,-1.1,7
-1.358,-0.6796,6,S,437(E1),W,-1.041,4
-2.268,-1.733,2,S,437(E1),Y,-2.587,1
-2.491,-2.086,5,R,438(E1),A,-2.331,1
-3.397,-3.794,4,R,438(E1),C,-4.117,3
-2.805,-2.64,5,R,438(E1),D,-2.614,2
0.2228,0.05186,1,R,438(E1),E,,
-2.09,-1.478,6,R,438(E1),F,-1.68,2
-3.566,-4.132,3,R,438(E1),G,,
-1.664,-0.9668,5,R,438(E1),H,-1.256,2
-1.678,-0.9807,1,R,438(E1),I,-1.274,1
-1.028,-0.4371,6,R,438(E1),K,-0.1455,1
-1.804,-1.119,7,R,438(E1),L,-0.2767,3
-1.511,-0.8148,3,R,438(E1),M,-0.223,1
-0.1933,-0.05461,5,R,438(E1),N,-0.8895,4
2.781,0.2498,1,R,438(E1),P,1.295,1
-2.298,-1.779,18,R,438(E1),Q,-2.588,7
0,0,,R,438(E1),R,0,
-0.4917,-0.1604,4,R,438(E1),S,-0.3094,3
-1.73,-1.037,2,R,438(E1),T,-2.663,1
-2.398,-1.935,4,R,438(E1),V,-1.591,3
-1.402,-0.7168,8,R,438(E1),W,-0.875,1
-2.549,-2.184,3,R,438(E1),Y,-1.643,1
-1.773,-1.084,4,H,439(E1),A,-0.6915,1
0.4649,0.09711,6,H,439(E1),C,-0.6022,4
-2.41,-1.954,6,H,439(E1),D,-1.855,5
-0.5462,-0.183,4,H,439(E1),E,-0.3846,2
-0.3655,-0.1122,2,H,439(E1),F,,
-2.494,-2.092,5,H,439(E1),G,-2.538,4
0,0,,H,439(E1),H,0,
-0.5092,-0.1676,4,H,439(E1),I,-0.6896,1
1.286,0.1913,4,H,439(E1),K,-0.273,1
-1.736,-1.044,3,H,439(E1),L,-0.4421,1
1.601,0.2116,2,H,439(E1),M,,
-0.1523,-0.0422,8,H,439(E1),N,-0.1897,2
-0.3684,-0.1132,9,H,439(E1),P,-1.296,4
0.2723,0.06199,10,H,439(E1),Q,-1.355,2
-0.4348,-0.138,6,H,439(E1),R,-0.7832,3
-1.517,-0.8202,6,H,439(E1),S,-1.201,2
1.4,0.1994,7,H,439(E1),T,0.9326,1
-1.331,-0.6575,2,H,439(E1),V,-1.199,1
-0.3173,-0.09515,6,H,439(E1),W,-1.269,2
-0.1785,-0.05007,15,H,439(E1),Y,-2.001,3
0,0,,*,440(E1),*,0,
-0.6554,-0.2317,1,*,440(E1),K,,
-6.685,-7.458,3,*,440(E1),Q,-8,1
-2.368,-1.887,4,*,440(E1),Y,-2.321,1
