latent_phenotype_effect,functional_effect,times_seen,wildtype,site,mutant,functional_effect_singlemut,times_seen_singlemut
-7.674,-7.584,20,M,-1(E3),I,-7.955,2
6.965,0.5364,1,M,-1(E3),L,,
0,0,,M,-1(E3),M,0,
-1.139,-0.9344,1,M,-1(E3),R,,
-7.06,-7.539,4,M,-1(E3),T,,
-0.4055,-0.2429,1,S,1(E3),C,,
-1.727,-1.78,3,S,1(E3),G,-2.132,1
-3.638,-5.412,3,S,1(E3),I,,
0.3126,0.1371,5,S,1(E3),N,,
-1.446,-1.342,4,S,1(E3),R,-1.383,1
0,0,,S,1(E3),S,0,
0,0,,L,2(E3),L,0,
-1.542,-1.484,6,L,2(E3),M,-5.61,1
-0.9372,-0.7069,6,L,2(E3),P,,
-0.7921,-0.5615,2,L,2(E3),Q,,
-4.637,-6.647,1,L,2(E3),R,,
0,0,,A,3(E3),A,0,
-7.316,-7.561,3,A,3(E3),D,,
-1.449,-1.346,1,A,3(E3),E,,
-1.073,-0.8568,3,A,3(E3),S,,
0.2973,0.1312,48,A,3(E3),T,-0.5864,5
-0.2807,-0.1592,31,A,3(E3),V,-0.6992,5
0,0,,I,4(E3),I,0,
-7.587,-7.579,2,I,4(E3),T,,
-0.989,-0.7625,1,I,4(E3),V,,
-2.11,-2.464,2,P,5(E3),H,,
-1.642,-1.641,5,P,5(E3),L,-2.311,2
0,0,,P,5(E3),P,0,
0.2009,0.09243,5,P,5(E3),S,,
-0.1498,-0.08022,2,P,5(E3),T,,
-6.586,-7.48,2,V,6(E3),A,-8,2
-4.897,-6.853,2,V,6(E3),E,,
-1.074,-0.8578,6,V,6(E3),L,-0.1575,3
-1.197,-1.006,7,V,6(E3),M,,
0,0,,V,6(E3),V,0,
0.6006,0.2334,3,M,7(E3),I,,
0,0,,M,7(E3),M,0,
-6.554,-7.475,1,M,7(E3),T,,
-1.89,-2.059,4,M,7(E3),V,,
-6.33,-7.435,4,C,8(E3),*,-8,1
0,0,,C,8(E3),C,0,
-1.103,-0.8925,3,C,8(E3),F,,
-2.765,-3.775,1,C,8(E3),G,,
-3.143,-4.529,6,C,8(E3),Y,,
0,0,,L,9(E3),L,0,
-0.5759,-0.3716,2,L,9(E3),M,,
-4.589,-6.605,6,L,9(E3),P,-6.227,1
-6.795,-7.509,1,L,9(E3),Q,,
-1.642,-1.641,2,L,9(E3),V,,
0,0,,L,10(E3),L,0,
-3.895,-5.803,3,L,10(E3),M,-5.993,1
-0.6675,-0.4483,1,L,10(E3),P,,
-5.147,-7.013,2,L,10(E3),Q,,
0,0,,A,11(E3),A,0,
-6.988,-7.532,5,A,11(E3),D,-6.085,1
-2.644,-3.529,2,A,11(E3),G,,
-1.331,-1.181,4,A,11(E3),S,,
-1.146,-0.9433,25,A,11(E3),T,-0.5744,4
1.159,0.3606,9,A,11(E3),V,1.182,2
-4.433,-6.456,1,N,12(E3),D,,
-4.481,-6.504,1,N,12(E3),I,,
-5.638,-7.244,1,N,12(E3),K,,
0,0,,N,12(E3),N,0,
-1.122,-0.9149,2,N,12(E3),S,,
-1.845,-1.98,1,T,13(E3),A,,
0.3206,0.1401,6,T,13(E3),I,,
-5.481,-7.18,1,T,13(E3),N,,
0,0,,T,13(E3),T,0,
-1.723,-1.773,3,T,14(E3),A,,
-1.834,-1.961,4,T,14(E3),I,,
0,0,,T,14(E3),T,0,
0,0,,F,15(E3),F,0,
1.147,0.3585,4,F,15(E3),I,0.819,1
-1.221,-1.036,4,F,15(E3),L,-0.7349,1
-1.012,-0.7882,1,F,15(E3),V,,
0.2846,0.1263,5,F,15(E3),Y,-1.823,1
-0.609,-0.3987,1,P,16(E3),-,,
2.815,0.5027,4,P,16(E3),L,,
0,0,,P,16(E3),P,0,
1.437,0.4026,2,P,16(E3),Q,,
-0.5692,-0.3663,7,P,16(E3),S,,
-2.64,-3.519,1,P,16(E3),T,,
-1.237,-1.056,1,C,17(E3),*,,
-0.1915,-0.1044,1,C,17(E3),-,,
0,0,,C,17(E3),C,0,
-0.9218,-0.6907,7,C,17(E3),F,-2.966,1
-3.092,-4.429,1,C,17(E3),R,,
-0.8353,-0.6032,1,C,17(E3),S,,
-1.938,-2.144,34,C,17(E3),Y,-3.797,3
-0.2725,-0.154,1,S,18(E3),-,,
1.196,0.3668,1,S,18(E3),I,,
0.5335,0.2132,8,S,18(E3),N,-1.551,1
-1.804,-1.909,1,S,18(E3),R,,
0,0,,S,18(E3),S,0,
-6.303,-7.43,4,Q,19(E3),*,,
-0.2972,-0.1698,1,Q,19(E3),-,,
0.6756,0.2546,10,Q,19(E3),H,-1.306,1
0,0,,Q,19(E3),Q,0,
-0.281,-0.1593,1,P,20(E3),-,,
-2.418,-3.069,2,P,20(E3),H,-3.365,1
2.923,0.5062,2,P,20(E3),L,,
0,0,,P,20(E3),P,0,
-1.938,-2.144,16,P,20(E3),S,,
-0.69,-0.468,2,P,20(E3),T,0.1231,1
0.9426,0.319,1,P,21(E3),L,,
0,0,,P,21(E3),P,0,
-0.6905,-0.4685,1,P,21(E3),Q,,
-1.138,-0.9341,1,P,21(E3),S,,
-1.251,-1.075,2,P,21(E3),T,,
-5.79,-7.297,3,C,22(E3),*,,
0,0,,C,22(E3),C,0,
-0.389,-0.2313,4,C,22(E3),F,,
0.3044,0.134,2,C,22(E3),S,0.6168,1
-1.95,-2.166,1,C,22(E3),W,,
-1.301,-1.141,14,C,22(E3),Y,-0.4779,2
0.2955,0.1305,1,T,23(E3),A,,
-0.1698,-0.0917,4,T,23(E3),I,,
-6.218,-7.412,2,T,23(E3),K,-8,1
0,0,,T,23(E3),T,0,
-0.6742,-0.4541,2,P,24(E3),A,-0.1225,1
-1.293,-1.131,4,P,24(E3),H,,
-1.19,-0.9969,3,P,24(E3),L,-1.274,2
0,0,,P,24(E3),P,0,
-0.3868,-0.2298,5,P,24(E3),S,,
-1.375,-1.241,1,P,24(E3),T,,
-6.657,-7.491,7,C,25(E3),*,-8,1
0,0,,C,25(E3),C,0,
-1.121,-0.9131,7,C,25(E3),F,-2.088,1
-1.683,-1.707,3,C,25(E3),R,-2.362,1
-2.472,-3.178,1,C,25(E3),W,,
-1,-0.7751,15,C,25(E3),Y,-1.475,1
-5.951,-7.346,1,C,26(E3),*,-8,1
0,0,,C,26(E3),C,0,
-2.608,-3.455,4,C,26(E3),F,-2.969,1
-3.032,-4.311,1,C,26(E3),W,,
-2.713,-3.668,9,C,26(E3),Y,-3.277,2
-4.007,-5.958,1,Y,27(E3),*,,
-1.312,-1.155,2,Y,27(E3),H,,
-3.608,-5.363,1,Y,27(E3),N,,
-0.03163,-0.01609,1,Y,27(E3),W,,
0,0,,Y,27(E3),Y,0,
-7.505,-7.574,3,E,28(E3),*,,
3.807,0.5242,3,E,28(E3),D,1.268,1
0,0,,E,28(E3),E,0,
-3.665,-5.456,8,E,28(E3),K,,
0.0003589,0.0001803,1,E,28(E3),Q,,
-1.635,-1.63,1,E,28(E3),V,,
-0.2656,-0.1496,1,K,29(E3),E,,
0,0,,K,29(E3),K,0,
-10.01,-7.632,6,E,30(E3),*,-8,3
0,0,,E,30(E3),E,0,
-2.093,-2.431,1,E,30(E3),G,,
0.874,0.304,6,E,30(E3),K,0.2952,1
-0.1885,-0.1027,2,P,31(E3),A,,
0.1584,0.0742,3,P,31(E3),H,,
-0.8398,-0.6076,1,P,31(E3),L,,
0,0,,P,31(E3),P,0,
0.1946,0.08978,28,P,31(E3),S,-0.1415,6
-2.488,-3.21,2,P,31(E3),T,,
-8.74,-7.619,5,E,32(E3),*,,
-0.657,-0.4393,2,E,32(E3),D,-3.212,1
0,0,,E,32(E3),E,0,
0.2813,0.125,3,E,32(E3),G,-0.4316,2
0.06108,0.02984,7,E,32(E3),K,-1.074,2
-0.2617,-0.1472,1,E,32(E3),V,,
-6.19,-7.406,1,K,33(E3),*,-8,1
0.4867,0.1983,2,K,33(E3),E,,
0,0,,K,33(E3),K,0,
-1.385,-1.256,3,T,34(E3),I,,
0,0,,T,34(E3),T,0,
0,0,,L,35(E3),L,0,
-1.265,-1.094,3,L,35(E3),M,-1.11,3
-0.7576,-0.5291,2,L,35(E3),P,,
-3.445,-5.086,2,L,35(E3),Q,-4.426,1
0.7607,0.2769,1,R,36(E3),G,0.001013,1
-0.8971,-0.6652,2,R,36(E3),L,,
0.5183,0.2085,11,R,36(E3),Q,,
0,0,,R,36(E3),R,0,
0.3869,0.1644,36,R,36(E3),W,-1.463,3
-0.1712,-0.09256,20,M,37(E3),I,-0.5332,1
-2.416,-3.065,2,M,37(E3),K,,
0,0,,M,37(E3),M,0,
0,0,,L,38(E3),L,0,
-0.945,-0.7151,4,L,38(E3),M,-1.23,1
-8.512,-7.614,5,L,38(E3),P,-8,2
-1.518,-1.448,1,L,38(E3),Q,,
0.8551,0.2997,1,L,38(E3),V,,
-6.073,-7.378,4,E,39(E3),*,,
-2.056,-2.362,1,E,39(E3),D,,
0,0,,E,39(E3),E,0,
-2.434,-3.1,5,E,39(E3),G,-3.393,2
-9.937,-7.632,23,E,39(E3),K,-6.53,1
-0.2509,-0.1404,1,E,39(E3),V,,
0,0,,D,40(E3),D,0,
-1.175,-0.9784,3,D,40(E3),E,-1.272,1
-0.2477,-0.1384,30,D,40(E3),N,-0.06156,4
0.4267,0.1783,2,D,40(E3),Y,-0.6055,1
0.08904,0.04298,1,N,41(E3),-,,
0.122,0.05806,3,N,41(E3),D,,
-3.069,-4.384,1,N,41(E3),I,,
-2.809,-3.864,5,N,41(E3),K,-4.119,1
0,0,,N,41(E3),N,0,
-1.348,-1.205,4,N,41(E3),S,,
-0.8505,-0.6182,2,V,42(E3),-,,
0.1494,0.07027,1,V,42(E3),A,,
-0.2047,-0.1123,1,V,42(E3),E,-0.4283,1
0.7891,0.284,7,V,42(E3),L,,
0.5478,0.2176,8,V,42(E3),M,-1.817,2
0,0,,V,42(E3),V,0,
-1.134,-0.9286,2,M,43(E3),-,,
-0.3052,-0.175,16,M,43(E3),I,0.6755,2
-0.847,-0.6147,1,M,43(E3),L,,
0,0,,M,43(E3),M,0,
-0.7435,-0.5161,1,M,43(E3),T,,
-0.6046,-0.3951,1,M,43(E3),V,,
-0.8661,-0.6338,2,S,44(E3),-,,
-0.8679,-0.6356,7,S,44(E3),C,,
1.211,0.3693,10,S,44(E3),G,0.0169,2
2.122,0.4687,4,S,44(E3),I,,
-0.6976,-0.4747,5,S,44(E3),N,,
0,0,,S,44(E3),S,0,
-0.3719,-0.2195,1,P,45(E3),-,,
0.008625,0.004311,6,P,45(E3),H,,
0,0,,P,45(E3),P,0,
3.143,0.5122,2,P,45(E3),R,,
-0.3068,-0.176,2,P,45(E3),S,,
0.4976,0.2019,2,P,45(E3),T,,
-0.0007806,-0.0003912,5,G,46(E3),C,-1.104,1
-0.4721,-0.2911,17,G,46(E3),D,-0.7056,1
0,0,,G,46(E3),G,0,
1.575,0.4197,6,G,46(E3),S,,
-0.4209,-0.2538,2,G,46(E3),V,0.0544,1
-9.135,-7.625,6,Y,47(E3),*,-2.979,1
-1.834,-1.961,1,Y,47(E3),H,,
0,0,,Y,47(E3),Y,0,
-5.625,-7.239,5,Y,48(E3),*,,
-2.424,-3.08,1,Y,48(E3),C,,
-0.613,-0.4021,3,Y,48(E3),H,-1.029,1
0,0,,Y,48(E3),Y,0,
-4.632,-6.643,3,Q,49(E3),*,,
-2.671,-3.584,5,Q,49(E3),H,,
1.161,0.3608,1,Q,49(E3),K,,
0,0,,Q,49(E3),Q,0,
-2.144,-2.527,2,Q,49(E3),R,,
0,0,,L,50(E3),L,0,
-3.743,-5.578,3,L,50(E3),M,,
-5.836,-7.312,2,L,50(E3),P,-8,1
0,0,,L,51(E3),L,0,
0.302,0.1331,3,L,51(E3),M,,
-6.236,-7.416,3,L,51(E3),P,,
-2.802,-3.851,1,L,51(E3),R,,
-0.2697,-0.1522,1,L,51(E3),S,,
-6.085,-7.381,20,Q,52(E3),*,,
-1.561,-1.514,1,Q,52(E3),E,,
0.2818,0.1252,5,Q,52(E3),H,-0.2553,1
0.2283,0.1038,1,Q,52(E3),K,,
0.5867,0.2293,2,Q,52(E3),L,,
-1.511,-1.438,1,Q,52(E3),P,,
0,0,,Q,52(E3),Q,0,
-0.6036,-0.3943,14,Q,52(E3),R,-0.2228,3
0,0,,A,53(E3),A,0,
-1.863,-2.011,1,A,53(E3),D,-2.309,1
-0.03616,-0.01843,6,A,53(E3),S,,
-1.092,-0.8787,5,A,53(E3),T,-0.1842,1
0.9997,0.3308,4,A,53(E3),V,,
-0.7669,-0.5378,2,S,54(E3),F,,
-5.113,-6.993,2,S,54(E3),P,,
0,0,,S,54(E3),S,0,
-1.651,-1.656,1,S,54(E3),Y,,
0,0,,L,55(E3),L,0,
0.8825,0.3059,1,L,55(E3),M,,
-5.599,-7.229,5,L,55(E3),P,,
-1.962,-2.188,3,T,56(E3),A,,
-2.413,-3.058,1,T,56(E3),I,,
4.329,0.5294,3,T,56(E3),K,,
0,0,,T,56(E3),T,0,
-4.529,-6.55,3,C,57(E3),*,,
0,0,,C,57(E3),C,0,
-3.022,-4.292,3,C,57(E3),F,,
-1.434,-1.325,2,C,57(E3),R,,
-0.7508,-0.5228,1,C,57(E3),S,,
-0.9304,-0.6998,19,C,57(E3),Y,-2.595,2
-3.788,-5.647,2,S,58(E3),-,,
0.2247,0.1023,18,S,58(E3),G,-2.087,1
-0.237,-0.1318,8,S,58(E3),I,,
-1.309,-1.151,5,S,58(E3),N,,
0,0,,S,58(E3),S,0,
0.006548,0.003275,1,P,59(E3),-,,
-2.401,-3.033,12,P,59(E3),H,0.8347,1
-1.345,-1.2,1,P,59(E3),L,,
0,0,,P,59(E3),P,0,
0.5105,0.206,2,P,59(E3),S,,
-1.276,-1.107,2,P,59(E3),T,,
-6.329,-7.435,3,R,60(E3),*,-8,1
0.9862,0.3281,9,R,60(E3),G,-1.594,1
-0.4957,-0.3089,4,R,60(E3),K,0.2794,1
0,0,,R,60(E3),R,0,
-0.6239,-0.4112,2,R,61(E3),L,1.251,1
-3.814,-5.686,1,R,61(E3),P,,
-1.47,-1.377,3,R,61(E3),Q,-1.762,1
0,0,,R,61(E3),R,0,
-5.148,-7.013,4,R,61(E3),W,,
-6.265,-7.422,18,Q,62(E3),*,,
-0.9873,-0.7607,1,Q,62(E3),E,,
0.1456,0.0686,8,Q,62(E3),H,,
2.13,0.4692,3,Q,62(E3),K,,
0,0,,Q,62(E3),Q,0,
-1.626,-1.616,1,Q,62(E3),R,,
-1.175,-0.9791,4,R,63(E3),L,-1.719,1
0.6879,0.2579,11,R,63(E3),Q,-0.4513,3
0,0,,R,63(E3),R,0,
-0.1663,-0.08968,13,R,63(E3),W,-0.9494,1
-4.448,-6.471,2,R,64(E3),G,,
-2.98,-4.208,3,R,64(E3),I,-4.59,1
-1.226,-1.042,11,R,64(E3),K,-2.01,1
0,0,,R,64(E3),R,0,
-3.025,-4.298,4,S,1(E2),F,,
0,0,,S,1(E2),S,0,
5.649,0.5349,1,S,1(E2),T,,
-2.349,-2.93,2,S,1(E2),Y,,
0,0,,I,2(E2),I,0,
1.203,0.368,1,I,2(E2),M,,
-3.456,-5.105,2,I,2(E2),T,,
0.004452,0.002229,2,K,3(E2),E,,
0,0,,K,3(E2),K,0,
-0.5653,-0.3631,7,K,3(E2),N,-8,1
0.4746,0.1944,1,K,3(E2),Q,,
2.435,0.4869,1,K,3(E2),R,,
0,0,,D,4(E2),D,0,
1.135,0.3563,1,D,4(E2),E,,
-2.305,-2.842,2,D,4(E2),G,,
1.643,0.4273,1,D,4(E2),H,,
-1.636,-1.631,1,D,4(E2),N,,
-1.566,-1.522,1,N,5(E2),D,-1.806,1
-0.2825,-0.1603,1,N,5(E2),K,,
0,0,,N,5(E2),N,0,
-4.208,-6.21,1,F,6(E2),C,,
0,0,,F,6(E2),F,0,
-2.607,-3.453,2,F,6(E2),I,,
-3.498,-5.178,3,F,6(E2),L,,
-1.129,-0.923,1,N,7(E2),-,,
-0.5637,-0.3618,3,N,7(E2),D,-0.5572,2
-1.53,-1.466,6,N,7(E2),K,,
0,0,,N,7(E2),N,0,
0.209,0.09583,4,N,7(E2),S,,
-0.752,-0.5239,1,V,8(E2),-,,
-1.679,-1.7,2,V,8(E2),A,-2.018,1
-1.208,-1.02,5,V,8(E2),L,,
-1.295,-1.133,5,V,8(E2),M,-0.982,2
0,0,,V,8(E2),V,0,
-3.133,-4.509,1,Y,9(E2),*,,
-2.144,-2.528,2,Y,9(E2),-,,
-0.8385,-0.6063,1,Y,9(E2),C,,
-6.274,-7.424,4,Y,9(E2),H,-8,1
0,0,,Y,9(E2),Y,0,
-1.305,-1.147,1,K,10(E2),-,,
-3.726,-5.552,4,K,10(E2),E,-5.996,1
0,0,,K,10(E2),K,0,
-3.982,-5.924,16,K,10(E2),M,-5.224,2
-3.922,-5.841,8,K,10(E2),N,,
-1.812,-1.923,9,K,10(E2),R,-3.954,1
-3.538,-5.246,12,K,10(E2),T,-5.842,2
-0.5542,-0.3543,1,A,11(E2),-,,
0,0,,A,11(E2),A,0,
-0.3863,-0.2295,3,A,11(E2),S,,
-0.6881,-0.4663,12,A,11(E2),T,,
-3.784,-5.64,6,A,11(E2),V,,
-0.7511,-0.5231,1,I,12(E2),-,,
0,0,,I,12(E2),I,0,
4.327,0.5294,3,I,12(E2),T,,
3.141,0.5122,1,I,12(E2),V,,
-3.997,-5.944,2,R,13(E2),*,,
-0.7547,-0.5264,1,R,13(E2),-,,
-2.666,-3.573,7,R,13(E2),G,-3.8,1
-0.589,-0.3823,3,R,13(E2),K,,
0,0,,R,13(E2),R,0,
-0.5505,-0.3513,1,R,13(E2),T,,
-0.3954,-0.2358,1,P,14(E2),-,,
-6.539,-7.473,3,P,14(E2),H,,
-6.682,-7.494,5,P,14(E2),L,-8,1
0,0,,P,14(E2),P,0,
-6.074,-7.378,2,P,14(E2),R,-8,1
-1.454,-1.355,2,P,14(E2),S,,
-1.292,-1.129,1,P,14(E2),T,,
-5.659,-7.251,3,Y,15(E2),*,-8,1
-0.4331,-0.2625,1,Y,15(E2),C,,
-0.9185,-0.6873,1,Y,15(E2),F,,
-6.118,-7.389,2,Y,15(E2),H,-8,1
0,0,,Y,15(E2),Y,0,
0,0,,L,16(E2),L,0,
-0.6969,-0.4741,1,L,16(E2),M,,
-3.73,-5.557,5,L,16(E2),P,-5.854,1
-1.15,-0.9482,1,L,16(E2),Q,,
0,0,,A,17(E2),A,0,
-4.637,-6.647,5,A,17(E2),D,-6.054,1
-5.342,-7.117,6,A,17(E2),S,-7.457,1
-2.686,-3.615,41,A,17(E2),T,,
-5.234,-7.061,1,A,17(E2),V,,
0,0,,H,18(E2),H,0,
-1.377,-1.244,1,H,18(E2),N,,
3.776,0.5238,4,H,18(E2),Q,,
-0.2604,-0.1463,1,C,19(E2),*,,
0,0,,C,19(E2),C,0,
-6.428,-7.454,4,C,19(E2),F,-8,1
-5.77,-7.29,3,C,19(E2),R,-7.985,2
-2.529,-3.293,1,C,19(E2),S,,
-4.224,-6.229,13,C,19(E2),Y,-6.531,2
-4.025,-5.981,5,P,20(E2),H,,
1.505,0.4113,1,P,20(E2),L,,
0,0,,P,20(E2),P,0,
0.1067,0.05109,2,P,20(E2),S,,
-11.71,-7.637,2,P,20(E2),T,,
0,0,,D,21(E2),D,0,
-0.5106,-0.3202,1,D,21(E2),G,,
-2.693,-3.627,20,D,21(E2),N,-4.832,1
-4.005,-5.955,3,D,21(E2),Y,,
-1.811,-1.922,2,C,22(E2),*,,
0,0,,C,22(E2),C,0,
-4.136,-6.123,5,C,22(E2),F,,
-6.411,-7.451,2,C,22(E2),R,,
-1.281,-1.114,1,C,22(E2),S,,
-6.123,-7.39,2,C,22(E2),W,-8,1
-7.304,-7.56,10,C,22(E2),Y,-8,1
-7.779,-7.589,4,G,23(E2),C,,
-0.6075,-0.3975,12,G,23(E2),D,-0.4205,1
0,0,,G,23(E2),G,0,
-0.1858,-0.1011,6,G,23(E2),S,-0.1898,2
-3.832,-5.711,4,E,24(E2),*,-8,1
-0.3785,-0.224,5,E,24(E2),D,-1.477,1
0,0,,E,24(E2),E,0,
-0.2348,-0.1305,1,E,24(E2),G,,
-3.572,-5.303,14,E,24(E2),K,,
-6.037,-7.369,4,G,25(E2),C,,
0.05453,0.02672,20,G,25(E2),D,0.2569,3
0,0,,G,25(E2),G,0,
-2.182,-2.602,1,G,25(E2),R,,
2.256,0.4772,1,G,25(E2),S,,
-1.009,-0.7847,5,G,25(E2),V,-0.8999,1
0,0,,H,26(E2),H,0,
-0.6682,-0.4489,1,H,26(E2),L,,
-1.169,-0.9711,2,H,26(E2),Y,,
-3.439,-5.075,1,S,27(E2),F,-5.425,1
-0.3905,-0.2323,2,S,27(E2),P,,
0,0,,S,27(E2),S,0,
-3.155,-4.552,4,S,27(E2),Y,-4.852,2
0.6229,0.2399,1,C,28(E2),*,,
0,0,,C,28(E2),C,0,
-5.927,-7.339,4,C,28(E2),F,-7.094,1
-6.394,-7.448,7,C,28(E2),R,-8,1
-4.589,-6.605,1,C,28(E2),S,,
-6.869,-7.518,5,C,28(E2),Y,,
-1.991,-2.241,1,H,29(E2),D,,
0,0,,H,29(E2),H,0,
-3.474,-5.136,1,H,29(E2),L,,
-2.544,-3.325,2,H,29(E2),N,,
-3.36,-4.935,2,H,29(E2),Q,,
-0.2003,-0.1096,8,H,29(E2),Y,,
-2.404,-3.04,1,S,30(E2),C,,
-2.517,-3.27,5,S,30(E2),F,,
-4.839,-6.811,2,S,30(E2),P,,
0,0,,S,30(E2),S,0,
0.2634,0.118,1,S,30(E2),T,,
-6.527,-7.471,4,S,30(E2),Y,-8,1
1.102,0.3504,3,P,31(E2),H,,
-4.707,-6.707,6,P,31(E2),L,-8,1
0,0,,P,31(E2),P,0,
0.5562,0.2202,3,P,31(E2),S,,
0.1638,0.07654,1,P,31(E2),T,,
-3.219,-4.674,2,V,32(E2),E,,
-1.148,-0.9458,3,V,32(E2),L,,
-3.362,-4.938,12,V,32(E2),M,-7.134,1
0,0,,V,32(E2),V,0,
0,0,,A,33(E2),A,0,
-6.627,-7.486,3,A,33(E2),D,-8,2
1.155,0.3598,1,A,33(E2),P,,
-1.192,-1,3,A,33(E2),S,,
-1.997,-2.253,11,A,33(E2),T,,
-4.867,-6.831,8,A,33(E2),V,,
0,0,,L,34(E2),L,0,
-1.15,-0.9485,2,L,34(E2),M,-0.3712,1
-8.218,-7.606,10,L,34(E2),P,-5.655,1
-0.9838,-0.7568,1,L,34(E2),Q,,
-0.07087,-0.03667,1,L,34(E2),R,,
-5.567,-7.216,1,E,35(E2),A,,
-3.667,-5.458,1,E,35(E2),C,,
0,0,,E,35(E2),E,0,
-9.464,-7.629,3,E,35(E2),G,,
-8.272,-7.608,24,E,35(E2),K,-8,3
-6.313,-7.432,3,E,35(E2),Q,,
0.1232,0.05861,4,R,36(E2),L,-0.5701,3
-0.4692,-0.289,10,R,36(E2),Q,-0.7398,3
0,0,,R,36(E2),R,0,
1.31,0.3848,18,R,36(E2),W,0.1953,3
-5.557,-7.212,1,I,37(E2),F,,
0,0,,I,37(E2),I,0,
1.918,0.4534,1,I,37(E2),N,,
-1.558,-1.509,4,I,37(E2),T,,
-1.799,-1.9,5,R,38(E2),G,-2.164,1
-3.376,-4.962,4,R,38(E2),I,,
2.165,0.4715,5,R,38(E2),K,,
0,0,,R,38(E2),R,0,
-0.4681,-0.2882,1,N,39(E2),I,,
-3.608,-5.364,2,N,39(E2),K,-5.681,1
0,0,,N,39(E2),N,0,
1.955,0.4564,2,N,39(E2),S,,
-4.325,-6.342,4,E,40(E2),*,,
-3.623,-5.387,11,E,40(E2),D,,
0,0,,E,40(E2),E,0,
-0.6965,-0.4737,6,E,40(E2),G,-0.5087,1
-5.923,-7.338,5,E,40(E2),K,-8,1
0,0,,A,41(E2),A,0,
-6.838,-7.515,2,A,41(E2),D,-8,1
-6.026,-7.366,9,A,41(E2),T,-8,3
-1.08,-0.8652,6,A,41(E2),V,,
-6.694,-7.496,4,T,42(E2),I,,
-3.578,-5.313,2,T,42(E2),N,-5.664,1
0,0,,T,42(E2),T,0,
0,0,,D,43(E2),D,0,
-3.511,-5.2,2,D,43(E2),E,,
-4.985,-6.913,1,D,43(E2),G,-7.36,1
-5.807,-7.302,18,D,43(E2),N,-8,3
-5.864,-7.32,2,D,43(E2),Y,-8,1
-6.145,-7.396,6,G,44(E2),C,-8,2
-6.491,-7.465,17,G,44(E2),D,-8,1
0,0,,G,44(E2),G,0,
-5.145,-7.012,5,G,44(E2),S,,
-5.676,-7.258,6,G,44(E2),V,-8,1
-1.498,-1.418,2,T,45(E2),A,-1.689,1
-2.823,-3.892,3,T,45(E2),I,,
-6.391,-7.447,1,T,45(E2),N,,
0,0,,T,45(E2),T,0,
0,0,,L,46(E2),L,0,
-2.742,-3.728,8,L,46(E2),M,-3.871,1
-6.355,-7.44,16,L,46(E2),P,-8,3
-5.957,-7.347,1,L,46(E2),Q,-8,1
0.1201,0.05721,1,L,46(E2),R,,
-0.3955,-0.2358,1,K,47(E2),*,,
-5.042,-6.95,4,K,47(E2),E,-8,1
0,0,,K,47(E2),K,0,
-3.239,-4.711,3,K,47(E2),N,-4.996,1
0,0,,I,48(E2),I,0,
-2.23,-2.694,1,I,48(E2),M,,
-5.45,-7.167,5,Q,49(E2),*,-7.895,2
-2.874,-3.995,8,Q,49(E2),H,,
-5.029,-6.941,3,Q,49(E2),K,,
-5.061,-6.962,3,Q,49(E2),P,,
0,0,,Q,49(E2),Q,0,
-6.931,-7.525,14,Q,49(E2),R,-8,2
-3.351,-4.918,1,V,50(E2),E,-5.231,1
-1.063,-0.8451,2,V,50(E2),L,,
-9.076,-7.624,5,V,50(E2),M,,
0,0,,V,50(E2),V,0,
-6.479,-7.463,6,S,51(E2),F,-8,1
-2.459,-3.151,3,S,51(E2),P,,
0,0,,S,51(E2),S,0,
-2.989,-4.228,2,S,51(E2),Y,,
0,0,,L,52(E2),L,0,
1.476,0.4077,6,L,52(E2),M,,
-5.157,-7.019,10,L,52(E2),P,-7.366,3
-6.06,-7.375,1,L,52(E2),Q,-8,1
-7.703,-7.585,15,Q,53(E2),*,-8,2
-2.321,-2.875,2,Q,53(E2),H,,
-7.468,-7.572,1,Q,53(E2),K,,
-5.79,-7.297,1,Q,53(E2),L,-8,1
0,0,,Q,53(E2),Q,0,
-4.571,-6.589,7,Q,53(E2),R,-6.675,2
0,0,,I,54(E2),I,0,
-1.833,-1.959,4,I,54(E2),N,,
-0.3441,-0.2006,1,I,54(E2),S,,
-3.363,-4.941,1,G,55(E2),A,,
2.888,0.5051,1,G,55(E2),C,,
-4.925,-6.872,160,G,55(E2),D,-6.405,16
0,0,,G,55(E2),G,0,
-1.647,-1.648,6,G,55(E2),S,,
-4.736,-6.731,4,G,55(E2),V,-6.464,1
0,0,,I,56(E2),I,0,
-4.73,-6.726,4,I,56(E2),T,-6.99,1
-0.9606,-0.7318,1,K,57(E2),*,,
-7.598,-7.58,7,K,57(E2),E,,
0,0,,K,57(E2),K,0,
-0.8606,-0.6283,2,K,57(E2),M,,
1.222,0.3711,7,K,57(E2),N,0.705,1
1.521,0.4132,4,K,57(E2),R,,
2.012,0.4608,5,T,58(E2),A,,
-0.4621,-0.2837,5,T,58(E2),I,,
-1.604,-1.58,1,T,58(E2),N,,
0,0,,T,58(E2),T,0,
0,0,,D,59(E2),D,0,
-5.976,-7.353,1,D,59(E2),E,-8,1
-6.466,-7.461,2,D,59(E2),G,,
-4.134,-6.12,6,D,59(E2),N,,
-5.545,-7.207,2,D,59(E2),Y,,
0,0,,D,60(E2),D,0,
-2.859,-3.965,3,D,60(E2),E,,
0.8177,0.2909,1,D,60(E2),G,,
-5.417,-7.152,6,D,60(E2),N,,
-5.834,-7.311,8,D,60(E2),Y,-8,1
-6.655,-7.491,4,S,61(E2),G,,
-0.926,-0.6952,10,S,61(E2),I,-1.315,3
-2.142,-2.525,11,S,61(E2),N,-1.644,2
-2.181,-2.6,3,S,61(E2),R,,
0,0,,S,61(E2),S,0,
2.275,0.4783,2,S,61(E2),T,,
0,0,,H,62(E2),H,0,
-0.9615,-0.7328,1,H,62(E2),N,,
-1.354,-1.213,1,H,62(E2),Q,,
0.5486,0.2179,1,H,62(E2),Y,,
0,0,,D,63(E2),D,0,
-3.919,-5.838,4,D,63(E2),G,-5.297,1
-6.429,-7.454,4,D,63(E2),N,,
-4.181,-6.178,2,D,63(E2),Y,,
-5.096,-6.983,24,W,64(E2),*,-8,3
-1.587,-1.555,7,W,64(E2),C,-2.518,2
0.7649,0.278,3,W,64(E2),L,,
0.3037,0.1337,1,W,64(E2),R,,
0,0,,W,64(E2),W,0,
-2.733,-3.709,1,T,65(E2),A,,
-0.7917,-0.5611,1,T,65(E2),I,,
-3.054,-4.355,1,T,65(E2),K,,
0,0,,T,65(E2),T,0,
-5.911,-7.334,1,K,66(E2),*,,
0,0,,K,66(E2),K,0,
-1.03,-0.8084,2,K,66(E2),M,,
-1.407,-1.286,9,K,66(E2),N,,
-2.326,-2.883,1,K,66(E2),R,,
0.5271,0.2112,2,K,66(E2),T,,
0,0,,L,67(E2),L,0,
-0.03875,-0.01977,3,L,67(E2),M,,
-0.5017,-0.3134,1,R,68(E2),G,,
-4.346,-6.365,6,R,68(E2),L,-7.817,2
-4.402,-6.425,1,R,68(E2),P,,
-3.191,-4.621,7,R,68(E2),Q,,
0,0,,R,68(E2),R,0,
-6.571,-7.478,26,R,68(E2),W,-8,4
-5.359,-7.125,2,Y,69(E2),*,,
-4.86,-6.826,1,Y,69(E2),C,,
-4.002,-5.951,1,Y,69(E2),D,,
-0.5592,-0.3583,1,Y,69(E2),H,,
0,0,,Y,69(E2),Y,0,
-4.873,-6.835,1,M,70(E2),-,,
-8.319,-7.609,12,M,70(E2),I,,
-2.721,-3.686,2,M,70(E2),L,,
0,0,,M,70(E2),M,0,
-5.376,-7.133,3,M,70(E2),T,,
-4.901,-6.855,1,D,71(E2),-,,
0,0,,D,71(E2),D,0,
-3.042,-4.332,1,D,71(E2),E,,
-2.53,-3.296,10,D,71(E2),G,-3.132,2
-0.4231,-0.2554,1,D,71(E2),H,,
-2.235,-2.704,9,D,71(E2),N,-2.499,1
-0.3941,-0.2349,7,D,71(E2),Y,0.4936,1
-0.293,-0.167,2,N,72(E2),K,,
0,0,,N,72(E2),N,0,
-0.808,-0.5767,1,N,72(E2),S,,
0.2865,0.1271,3,N,72(E2),Y,,
0,0,,H,73(E2),H,0,
-3.302,-4.828,1,H,73(E2),L,,
-6.391,-7.447,4,H,73(E2),N,,
-3.739,-5.571,2,H,73(E2),Q,,
-2.381,-2.995,1,H,73(E2),R,,
-3.51,-5.198,4,H,73(E2),Y,-6.378,1
0.5258,0.2108,21,M,74(E2),I,-0.7635,2
1.149,0.3588,2,M,74(E2),L,,
0,0,,M,74(E2),M,0,
0.2485,0.112,2,M,74(E2),T,-0.8659,1
1.995,0.4595,4,M,74(E2),V,-0.8203,2
-1.781,-1.869,1,P,75(E2),H,,
-1.323,-1.171,5,P,75(E2),L,-1.12,1
0,0,,P,75(E2),P,0,
-5.956,-7.347,1,P,75(E2),R,-8,1
0.2828,0.1256,10,P,75(E2),S,-0.07165,2
0,0,,A,76(E2),A,0,
0.2515,0.1132,4,A,76(E2),D,,
-1.02,-0.7967,1,A,76(E2),S,,
-1.62,-1.606,26,A,76(E2),T,-2.056,5
-2.444,-3.12,30,A,76(E2),V,-3.493,4
0,0,,D,77(E2),D,0,
-3.053,-4.353,2,D,77(E2),G,-4.694,1
-1.341,-1.194,5,D,77(E2),N,-1.332,2
-1.132,-0.9265,3,D,77(E2),Y,-1.109,1
0,0,,A,78(E2),A,0,
-1.544,-1.487,1,A,78(E2),D,,
-1.862,-2.009,8,A,78(E2),S,,
-2.562,-3.36,4,A,78(E2),T,,
-6.972,-7.53,35,A,78(E2),V,-8,3
-5.309,-7.1,7,E,79(E2),*,-7.328,1
-0.381,-0.2258,3,E,79(E2),D,,
0,0,,E,79(E2),E,0,
-8.387,-7.611,1,E,79(E2),G,,
-7.115,-7.544,10,E,79(E2),K,,
-1.056,-0.8376,1,E,79(E2),V,,
-1.496,-1.415,2,R,80(E2),G,-1.789,1
-0.9038,-0.6721,7,R,80(E2),K,,
-0.1875,-0.1021,4,R,80(E2),M,1.514,1
0,0,,R,80(E2),R,0,
0.7029,0.262,3,R,80(E2),S,,
-2.59,-3.417,2,R,80(E2),W,,
0,0,,A,81(E2),A,0,
-0.8869,-0.6548,1,A,81(E2),D,,
-5.026,-6.939,1,A,81(E2),P,,
-1.168,-0.9705,1,A,81(E2),S,,
0.07258,0.03528,18,A,81(E2),T,-0.4101,5
-1.631,-1.623,14,A,81(E2),V,,
-1.45,-1.348,1,R,82(E2),*,,
-0.9296,-0.6989,2,R,82(E2),G,,
-3.442,-5.081,3,R,82(E2),I,,
0.4785,0.1957,5,R,82(E2),K,,
0,0,,R,82(E2),R,0,
0.005623,0.002814,1,R,82(E2),S,,
0,0,,L,83(E2),L,0,
-0.725,-0.4992,2,L,83(E2),M,,
-1.027,-0.8049,1,L,83(E2),P,,
-6.026,-7.366,1,L,83(E2),Q,,
0,0,,F,84(E2),F,0,
-0.8391,-0.6069,1,F,84(E2),S,,
0.3391,0.147,1,F,84(E2),V,,
-1.315,-1.159,4,F,84(E2),Y,-0.2996,1
-5.54,-7.205,2,V,85(E2),D,-8,1
-4.608,-6.622,3,V,85(E2),F,,
-1.5,-1.422,5,V,85(E2),I,,
0,0,,V,85(E2),V,0,
-0.515,-0.3236,1,R,86(E2),G,,
-0.6863,-0.4647,1,R,86(E2),I,,
-0.2873,-0.1634,4,R,86(E2),K,-0.9768,1
0,0,,R,86(E2),R,0,
-5.884,-7.326,1,T,87(E2),K,-8,1
0,0,,T,87(E2),T,0,
-0.3205,-0.1849,1,S,88(E2),C,,
-1.184,-0.9905,4,S,88(E2),G,,
-0.1453,-0.07766,3,S,88(E2),I,0.649,1
0.8098,0.289,4,S,88(E2),N,0.06332,1
-0.6681,-0.4489,2,S,88(E2),R,,
0,0,,S,88(E2),S,0,
0,0,,A,89(E2),A,0,
-2.489,-3.212,3,A,89(E2),D,,
-2.164,-2.567,1,A,89(E2),P,,
-2.302,-2.836,3,A,89(E2),S,,
-0.4598,-0.282,14,A,89(E2),T,,
-0.5808,-0.3756,3,A,89(E2),V,0.484,2
-2.166,-2.57,4,P,90(E2),H,,
-0.2427,-0.1353,6,P,90(E2),L,,
0,0,,P,90(E2),P,0,
-1.642,-1.641,1,P,90(E2),R,,
3.665,0.5223,2,P,90(E2),T,0.6361,1
-1.897,-2.071,3,C,91(E2),*,,
0,0,,C,91(E2),C,0,
-7.224,-7.554,10,C,91(E2),F,-8,2
-7.437,-7.57,5,C,91(E2),R,,
-3.419,-5.039,1,C,91(E2),S,,
-5.398,-7.143,10,C,91(E2),Y,-8,1
-0.3681,-0.2169,1,T,92(E2),A,,
-0.4257,-0.2573,3,T,92(E2),I,,
-2.506,-3.246,7,T,92(E2),N,-5.372,1
1.889,0.4509,1,T,92(E2),S,,
0,0,,T,92(E2),T,0,
-6.009,-7.361,1,I,93(E2),-,,
0,0,,I,93(E2),I,0,
-1.019,-0.7952,4,I,93(E2),T,-0.4571,1
0.1413,0.06667,9,T,94(E2),I,-0.09509,1
-4.903,-6.856,4,T,94(E2),N,-5.219,1
0,0,,T,94(E2),T,0,
-1.44,-1.334,1,T,94(E2),W,-1.61,1
0.5402,0.2153,1,G,95(E2),A,,
2.672,0.4974,2,G,95(E2),C,,
-2.73,-3.704,51,G,95(E2),D,-5.963,4
0,0,,G,95(E2),G,0,
-1.9,-2.077,7,G,95(E2),S,-5.728,1
-2.785,-3.816,3,G,95(E2),V,-4.034,1
-2.157,-2.553,2,T,96(E2),I,,
-2.658,-3.556,2,T,96(E2),N,,
-1.488,-1.404,1,T,96(E2),S,,
0,0,,T,96(E2),T,0,
-1.277,-1.109,1,M,97(E2),-,,
-1.819,-1.936,17,M,97(E2),I,-4.908,1
-6.932,-7.526,1,M,97(E2),K,-8,1
-0.6166,-0.405,1,M,97(E2),L,,
0,0,,M,97(E2),M,0,
0.771,0.2795,2,M,97(E2),T,,
-1.385,-1.256,2,M,97(E2),V,,
-2.015,-2.285,1,G,98(E2),-,,
-0.9933,-0.7672,1,G,98(E2),A,,
-1.543,-1.486,2,G,98(E2),C,,
-7.768,-7.589,27,G,98(E2),D,-7.015,2
0,0,,G,98(E2),G,0,
-5.471,-7.176,3,G,98(E2),S,,
-2.908,-4.064,8,G,98(E2),V,-4.693,1
-1.552,-1.5,1,H,99(E2),-,,
0,0,,H,99(E2),H,0,
-3.796,-5.658,1,H,99(E2),N,,
2.007,0.4604,1,H,99(E2),Y,,
-1.941,-2.15,1,F,100(E2),-,,
0,0,,F,100(E2),F,0,
-3.546,-5.26,1,F,100(E2),I,,
-3.838,-5.72,6,F,100(E2),L,,
-5.33,-7.111,4,F,100(E2),S,,
-7.652,-7.583,1,F,100(E2),V,,
0,0,,I,101(E2),I,0,
0.6667,0.2522,1,I,101(E2),N,,
2.179,0.4725,1,I,101(E2),S,,
-2.06,-2.369,1,I,101(E2),T,,
-1.046,-0.8262,1,I,101(E2),V,,
-2.733,-3.709,1,L,102(E2),A,-4.031,1
0,0,,L,102(E2),L,0,
-4.297,-6.312,2,L,102(E2),M,,
-6.401,-7.449,6,L,102(E2),P,-8,1
-1.684,-1.709,1,L,102(E2),V,,
0,0,,A,103(E2),A,0,
-2.158,-2.554,2,A,103(E2),D,-1.228,1
-1.094,-0.8819,3,A,103(E2),S,,
-0.5441,-0.3463,37,A,103(E2),T,-1.471,4
-1.095,-0.8825,5,A,103(E2),V,-0.3034,2
-0.7509,-0.5229,1,R,104(E2),G,,
-1.207,-1.019,2,R,104(E2),I,-1.054,1
2.019,0.4613,5,R,104(E2),K,,
0,0,,R,104(E2),R,0,
-3.389,-4.986,1,R,104(E2),S,,
-1.597,-1.57,1,R,104(E2),T,,
-0.9513,-0.7219,1,C,105(E2),*,,
0,0,,C,105(E2),C,0,
-6.506,-7.467,5,C,105(E2),F,-8,2
-4.943,-6.884,1,C,105(E2),R,,
-5.394,-7.141,7,C,105(E2),Y,,
-3.197,-4.632,2,P,106(E2),L,,
0,0,,P,106(E2),P,0,
2.752,0.5004,2,P,106(E2),S,,
-7.465,-7.571,1,K,107(E2),*,-8,1
-0.2628,-0.1479,1,K,107(E2),-,,
-1.456,-1.356,3,K,107(E2),E,,
0,0,,K,107(E2),K,0,
0.1224,0.05824,2,K,107(E2),M,,
-0.4847,-0.3005,3,K,107(E2),N,,
1.308,0.3845,4,K,107(E2),R,1.63,1
-0.793,-0.5623,1,G,108(E2),-,,
-5.864,-7.32,4,G,108(E2),C,,
-4.623,-6.636,6,G,108(E2),D,-7.031,1
0,0,,G,108(E2),G,0,
-1.013,-0.7888,1,G,108(E2),R,,
-1.417,-1.301,4,G,108(E2),S,-1.932,1
-5.211,-7.049,4,G,108(E2),V,,
-5.926,-7.338,3,E,109(E2),*,-8,1
0.5359,0.214,1,E,109(E2),-,,
0.1823,0.08455,4,E,109(E2),D,-1.698,1
0,0,,E,109(E2),E,0,
-1.875,-2.033,2,E,109(E2),G,,
-5.739,-7.28,10,E,109(E2),K,-8,1
-0.7706,-0.5412,1,T,110(E2),-,,
-0.6354,-0.4208,2,T,110(E2),A,-0.6938,1
1.646,0.4277,1,T,110(E2),I,,
-3.114,-4.473,2,T,110(E2),K,,
-4.105,-6.085,1,T,110(E2),R,,
0,0,,T,110(E2),T,0,
-0.5119,-0.3213,1,L,111(E2),-,,
0,0,,L,111(E2),L,0,
1.362,0.3924,1,L,111(E2),M,,
-6.504,-7.467,5,L,111(E2),P,-8,1
-7.248,-7.556,2,L,111(E2),R,,
-0.1995,-0.1092,1,T,112(E2),-,,
-3.977,-5.917,7,T,112(E2),I,,
-6.591,-7.481,1,T,112(E2),N,,
-6.052,-7.373,1,T,112(E2),P,-8,1
0,0,,T,112(E2),T,0,
-0.5911,-0.384,1,V,113(E2),-,,
3.726,0.5231,3,V,113(E2),A,,
-2.192,-2.62,2,V,113(E2),L,,
-3.56,-5.284,10,V,113(E2),M,-2.885,2
0,0,,V,113(E2),V,0,
-1.033,-0.8113,1,G,114(E2),-,,
-3.822,-5.697,6,G,114(E2),C,,
-3.139,-4.521,13,G,114(E2),D,,
0,0,,G,114(E2),G,0,
-5.254,-7.072,1,G,114(E2),R,,
0.3531,0.1522,2,G,114(E2),S,,
-2.48,-3.195,3,G,114(E2),V,,
-1.947,-2.162,1,F,115(E2),-,,
-7.986,-7.598,1,F,115(E2),C,,
0,0,,F,115(E2),F,0,
-3.757,-5.6,4,F,115(E2),I,-5.82,1
-4.003,-5.953,2,F,115(E2),L,,
-8.271,-7.608,4,F,115(E2),S,,
-4.46,-6.483,1,F,115(E2),V,,
-0.4404,-0.2678,5,T,116(E2),A,,
-0.07822,-0.0406,16,T,116(E2),I,-0.6737,1
-1.887,-2.053,2,T,116(E2),K,,
-2.124,-2.49,1,T,116(E2),S,,
0,0,,T,116(E2),T,0,
0,0,,D,117(E2),D,0,
-4.679,-6.683,2,D,117(E2),E,,
-3.828,-5.706,1,D,117(E2),G,,
5.151,0.5336,2,D,117(E2),N,,
-4.554,-6.573,6,D,117(E2),Y,,
-0.2723,-0.1538,5,G,118(E2),C,,
-0.1945,-0.1062,32,G,118(E2),D,-0.5075,3
0,0,,G,118(E2),G,0,
0.5607,0.2216,5,G,118(E2),S,,
1.06,0.3426,3,G,118(E2),V,,
-1.784,-1.875,2,R,119(E2),I,-2.185,1
0.2055,0.09434,5,R,119(E2),K,,
0,0,,R,119(E2),R,0,
-1.892,-2.062,1,K,120(E2),*,,
2.169,0.4718,2,K,120(E2),E,1.416,1
0,0,,K,120(E2),K,0,
-1.924,-2.12,1,K,120(E2),M,,
-1.581,-1.545,1,K,120(E2),N,-1.85,1
-0.3775,-0.2234,1,K,120(E2),T,,
-0.9596,-0.7307,1,I,121(E2),F,,
0,0,,I,121(E2),I,0,
-1.145,-0.9424,1,I,121(E2),S,-1.223,1
3.042,0.5096,1,I,121(E2),T,,
-0.1349,-0.07177,2,I,121(E2),V,0.528,1
-0.9247,-0.6938,1,S,122(E2),C,,
0.8713,0.3034,18,S,122(E2),G,0.2687,1
1.244,0.3746,3,S,122(E2),I,,
-1.551,-1.498,6,S,122(E2),N,,
-4.32,-6.337,1,S,122(E2),R,,
0,0,,S,122(E2),S,0,
1.93,0.4544,1,S,122(E2),T,,
0,0,,H,123(E2),H,0,
-1.561,-1.514,2,H,123(E2),N,,
0.73,0.2691,1,H,123(E2),Q,,
-2.084,-2.414,1,H,123(E2),Y,,
-2.577,-3.391,1,S,124(E2),C,,
-0.914,-0.6827,7,S,124(E2),G,,
1.952,0.4561,2,S,124(E2),I,,
-3.795,-5.657,5,S,124(E2),N,-8,1
-2.681,-3.603,1,S,124(E2),R,,
0,0,,S,124(E2),S,0,
-2.294,-2.82,2,C,125(E2),*,,
0,0,,C,125(E2),C,0,
-3.296,-4.817,4,C,125(E2),F,-4.378,1
-4.99,-6.916,4,C,125(E2),R,,
-6.288,-7.427,39,C,125(E2),Y,-8,6
-2.83,-3.908,1,T,126(E2),A,,
1.294,0.3823,9,T,126(E2),I,0.3177,4
-0.9598,-0.7309,1,T,126(E2),Q,,
0,0,,T,126(E2),T,0,
0,0,,H,127(E2),H,0,
-1.994,-2.246,3,H,127(E2),N,,
-1.573,-1.532,2,H,127(E2),Q,,
-3.881,-5.783,1,H,127(E2),R,,
-2.586,-3.41,11,H,127(E2),Y,,
-1.294,-1.132,1,P,128(E2),-,,
0,0,,P,128(E2),P,0,
-0.1933,-0.1055,4,P,128(E2),S,,
-0.95,-0.7204,1,P,128(E2),T,,
-4.912,-6.863,2,F,129(E2),-,,
0,0,,F,129(E2),F,0,
-6.659,-7.491,3,F,129(E2),I,-8,1
-3.822,-5.697,8,F,129(E2),L,-6.048,1
-6.589,-7.481,14,F,129(E2),S,,
-0.9521,-0.7227,1,F,129(E2),Y,,
-5.278,-7.084,1,H,130(E2),-,,
0,0,,H,130(E2),H,0,
-1.472,-1.38,3,H,130(E2),N,,
-2.315,-2.863,1,H,130(E2),Q,,
-0.993,-0.7669,7,H,130(E2),Y,-2.726,4
-0.4126,-0.2479,1,H,131(E2),D,,
0,0,,H,131(E2),H,0,
-1.131,-0.9255,2,H,131(E2),N,,
-1.629,-1.62,1,H,131(E2),P,,
-2.859,-3.965,3,H,131(E2),Q,,
-1.477,-1.387,3,H,131(E2),R,,
-3.173,-4.586,3,H,131(E2),Y,,
0,0,,D,132(E2),D,0,
-0.6349,-0.4205,1,D,132(E2),E,,
-5.374,-7.132,1,D,132(E2),G,,
-0.05574,-0.02865,1,D,132(E2),H,,
-1.949,-2.165,2,D,132(E2),N,,
-0.6782,-0.4576,1,D,132(E2),V,,
-4.547,-6.566,3,D,132(E2),Y,,
-1.305,-1.146,9,P,133(E2),L,,
0,0,,P,133(E2),P,0,
9.319,0.5369,3,P,133(E2),S,,
0.04316,0.02125,1,P,133(E2),T,,
-0.1131,-0.05959,6,P,134(E2),L,0.7855,1
0,0,,P,134(E2),P,0,
-1.349,-1.205,1,P,134(E2),Q,,
-0.7219,-0.4965,1,P,134(E2),R,,
-0.6388,-0.4237,4,P,134(E2),S,-0.62,1
-2.06,-2.369,4,P,134(E2),T,-2.439,1
-3.231,-4.695,1,V,135(E2),A,-4.955,1
-3.619,-5.381,1,V,135(E2),G,,
-1.995,-2.248,3,V,135(E2),L,-4.962,2
-1.77,-1.85,2,V,135(E2),M,-2.174,1
0,0,,V,135(E2),V,0,
0,0,,I,136(E2),I,0,
0.09242,0.04455,1,I,136(E2),L,,
-5.627,-7.239,1,I,136(E2),N,,
-3.066,-4.378,1,I,136(E2),T,,
-0.5447,-0.3468,1,I,136(E2),V,,
-7.131,-7.546,1,G,137(E2),A,-8,1
-5.639,-7.244,2,G,137(E2),C,,
-5.836,-7.312,15,G,137(E2),D,-6.974,1
0,0,,G,137(E2),G,0,
-5.926,-7.339,2,G,137(E2),S,-8,1
-3.786,-5.644,3,G,137(E2),V,,
-0.2277,-0.1261,1,R,138(E2),-,,
-4.183,-6.18,3,R,138(E2),G,,
-7.782,-7.589,6,R,138(E2),I,-8,1
-2.92,-4.09,2,R,138(E2),K,,
0,0,,R,138(E2),R,0,
-10.3,-7.634,5,E,139(E2),*,,
0.3992,0.1688,1,E,139(E2),-,,
-5.84,-7.313,4,E,139(E2),D,,
0,0,,E,139(E2),E,0,
-6.06,-7.375,4,E,139(E2),K,-8,1
-0.1038,-0.05448,1,K,140(E2),-,,
-0.8732,-0.6409,6,K,140(E2),E,-1.308,1
0,0,,K,140(E2),K,0,
2.875,0.5046,1,K,140(E2),M,,
-0.4395,-0.2672,5,K,140(E2),N,,
-4.928,-6.874,1,K,140(E2),Q,,
-0.2174,-0.1199,3,K,140(E2),R,,
-0.9995,-0.774,1,F,141(E2),-,,
0,0,,F,141(E2),F,0,
-4.146,-6.136,5,F,141(E2),L,-6.478,1
-1.405,-1.283,2,F,141(E2),S,,
0,0,,H,142(E2),H,0,
-1.116,-0.9076,1,H,142(E2),N,,
-2.665,-3.57,2,H,142(E2),Q,-4.343,1
-0.9468,-0.7171,1,H,142(E2),R,,
1.175,0.3632,5,H,142(E2),Y,1.172,1
-1.173,-0.9768,1,S,143(E2),-,,
1.395,0.3969,7,S,143(E2),G,1.049,4
-2.348,-2.927,5,S,143(E2),I,-3.95,1
-2.985,-4.219,15,S,143(E2),N,-4.212,2
-2.063,-2.376,1,S,143(E2),R,,
0,0,,S,143(E2),S,0,
0.1932,0.08915,1,R,144(E2),*,,
-2.339,-2.909,4,R,144(E2),G,-3.191,1
-0.1308,-0.06949,2,R,144(E2),K,,
0,0,,R,144(E2),R,0,
-1.185,-0.9909,1,P,145(E2),H,,
0.3086,0.1356,2,P,145(E2),L,,
0,0,,P,145(E2),P,0,
-1.12,-0.9125,2,P,145(E2),S,,
-2.02,-2.295,3,P,145(E2),T,,
0.1069,0.05122,5,Q,146(E2),H,0.3667,1
-3.769,-5.617,2,Q,146(E2),K,,
2.85,0.5038,1,Q,146(E2),L,,
2.567,0.4931,2,Q,146(E2),P,,
0,0,,Q,146(E2),Q,0,
-2.906,-4.06,5,Q,146(E2),R,,
0,0,,H,147(E2),H,0,
-4.177,-6.173,5,H,147(E2),Q,,
0.1542,0.07239,9,H,147(E2),Y,0.9892,1
-7.871,-7.593,6,G,148(E2),*,,
-3.452,-5.099,1,G,148(E2),A,,
-4.01,-5.962,14,G,148(E2),E,-8,1
0,0,,G,148(E2),G,0,
-9.344,-7.627,4,G,148(E2),R,,
-3.138,-4.519,4,G,148(E2),V,,
0.4651,0.1913,2,R,149(E2),I,,
1.246,0.3749,7,R,149(E2),K,,
0,0,,R,149(E2),R,0,
-2.635,-3.51,2,E,150(E2),*,,
-0.4816,-0.2983,3,E,150(E2),D,-0.5698,2
0,0,,E,150(E2),E,0,
-5.446,-7.165,8,E,150(E2),K,-7.409,2
0,0,,L,151(E2),L,0,
-1.084,-0.8698,1,L,151(E2),M,,
-5.597,-7.228,1,L,151(E2),R,-7.833,1
-0.5235,-0.3302,1,P,152(E2),A,,
-2.308,-2.848,3,P,152(E2),H,-3.69,1
0,0,,P,152(E2),P,0,
-1.268,-1.097,11,P,152(E2),S,-2.545,2
-4.595,-6.61,2,C,153(E2),*,,
0,0,,C,153(E2),C,0,
-5.221,-7.054,9,C,153(E2),F,-6.713,2
-5.221,-7.054,2,C,153(E2),R,,
-4.488,-6.511,4,C,153(E2),Y,,
-3.395,-4.998,4,S,154(E2),G,,
-3.834,-5.714,4,S,154(E2),I,-6,1
-5.692,-7.263,7,S,154(E2),N,,
-5.067,-6.965,2,S,154(E2),R,-6.758,1
0,0,,S,154(E2),S,0,
0.5246,0.2104,1,S,154(E2),T,,
0.05471,0.02681,1,T,155(E2),A,,
-5.422,-7.154,4,T,155(E2),I,-8,1
0,0,,T,155(E2),T,0,
-9.016,-7.623,8,Y,156(E2),*,,
-8.816,-7.62,9,Y,156(E2),C,,
-5.224,-7.056,3,Y,156(E2),H,-6.879,1
0,0,,Y,156(E2),Y,0,
0,0,,A,157(E2),A,0,
-2.349,-2.929,1,A,157(E2),S,,
3.876,0.5251,7,A,157(E2),T,,
0.7272,0.2684,7,A,157(E2),V,,
-3.831,-5.711,5,Q,158(E2),*,,
-0.7124,-0.4879,1,Q,158(E2),-,,
-1.783,-1.874,1,Q,158(E2),E,,
-0.7806,-0.5506,2,Q,158(E2),H,,
-1.861,-2.008,3,Q,158(E2),K,,
0,0,,Q,158(E2),Q,0,
-1.032,-0.8102,3,Q,158(E2),R,,
0.6373,0.244,1,S,159(E2),-,,
-0.8133,-0.5818,2,S,159(E2),G,,
1.883,0.4505,1,S,159(E2),I,,
-1.609,-1.589,19,S,159(E2),N,-2.74,2
-5.621,-7.237,3,S,159(E2),R,,
0,0,,S,159(E2),S,0,
-0.2929,-0.167,1,T,160(E2),-,,
-1.587,-1.553,2,T,160(E2),A,,
-0.8219,-0.5901,5,T,160(E2),I,-0.05545,1
-5.648,-7.247,3,T,160(E2),K,-8,1
-0.9353,-0.7049,1,T,160(E2),P,,
0.5048,0.2042,1,T,160(E2),R,,
0,0,,T,160(E2),T,0,
0.2097,0.09612,1,A,161(E2),-,,
0,0,,A,161(E2),A,0,
-2.285,-2.802,3,A,161(E2),D,,
-1.765,-1.842,1,A,161(E2),G,,
-0.9844,-0.7575,2,A,161(E2),S,,
-1.55,-1.497,13,A,161(E2),T,-1.682,2
-1.205,-1.017,18,A,161(E2),V,-1.926,1
0.2231,0.1017,1,A,162(E2),-,,
0,0,,A,162(E2),A,0,
-0.8615,-0.6292,4,A,162(E2),D,-1.886,1
0.5422,0.2159,1,A,162(E2),S,,
-0.7292,-0.503,36,A,162(E2),T,-1.397,7
1.428,0.4014,3,A,162(E2),V,0.01407,1
-0.997,-0.7713,1,T,163(E2),-,,
-1.964,-2.191,2,T,163(E2),A,-3.025,1
-4.851,-6.819,7,T,163(E2),I,,
-2.477,-3.187,2,T,163(E2),K,-3.489,1
0,0,,T,163(E2),T,0,
0.2968,0.131,1,A,164(E2),-,,
0,0,,A,164(E2),A,0,
0.3455,0.1494,7,A,164(E2),S,,
2.638,0.4961,10,A,164(E2),T,-3.868,2
-1.592,-1.562,14,A,164(E2),V,-2.117,1
-5.974,-7.352,2,E,165(E2),*,,
0.1272,0.0604,1,E,165(E2),-,,
-0.4524,-0.2766,4,E,165(E2),D,0.6117,1
0,0,,E,165(E2),E,0,
-2.995,-4.238,1,E,165(E2),G,,
-6.302,-7.43,8,E,165(E2),K,-8,1
-4.206,-6.207,3,E,166(E2),*,,
-0.3052,-0.175,1,E,166(E2),-,,
-1.391,-1.264,5,E,166(E2),D,,
0,0,,E,166(E2),E,0,
-3.249,-4.729,3,E,166(E2),G,,
-3.745,-5.581,4,E,166(E2),K,,
-0.007863,-0.003958,1,I,167(E2),-,,
0,0,,I,167(E2),I,0,
-6.232,-7.415,3,E,168(E2),*,-8,1
0.2195,0.1002,1,E,168(E2),-,,
-2.471,-3.175,2,E,168(E2),A,-3.511,1
0.5187,0.2086,3,E,168(E2),D,,
0,0,,E,168(E2),E,0,
-6.79,-7.509,14,E,168(E2),G,-8,1
-6.11,-7.387,4,E,168(E2),K,-8,1
-3.818,-5.692,4,E,168(E2),V,,
0.3503,0.1512,1,V,169(E2),-,,
4.049,0.5269,1,V,169(E2),A,,
-0.7845,-0.5543,1,V,169(E2),E,,
0.09261,0.04463,1,V,169(E2),L,,
-2.174,-2.586,5,V,169(E2),M,,
0,0,,V,169(E2),V,0,
-0.4653,-0.2861,1,H,170(E2),-,,
0,0,,H,170(E2),H,0,
-2.039,-2.331,1,H,170(E2),L,,
-3.42,-5.042,2,H,170(E2),N,,
-2.398,-3.029,3,H,170(E2),Q,-3.354,1
-1.734,-1.791,1,H,170(E2),R,,
-1.79,-1.886,19,H,170(E2),Y,-2.006,4
-0.1244,-0.06591,1,M,171(E2),-,,
-3.508,-5.195,13,M,171(E2),I,-2.232,1
-1.802,-1.906,3,M,171(E2),K,,
0,0,,M,171(E2),M,0,
2.921,0.5061,1,M,171(E2),R,,
-0.5669,-0.3644,1,P,172(E2),-,,
-2.652,-3.545,1,P,172(E2),H,,
-5.259,-7.074,4,P,172(E2),L,-7.868,1
0,0,,P,172(E2),P,0,
-3.836,-5.717,11,P,172(E2),S,-5.063,5
-4.943,-6.884,1,P,172(E2),T,-7.291,1
-0.02244,-0.01137,1,P,173(E2),-,,
-4.086,-6.061,9,P,173(E2),L,,
0,0,,P,173(E2),P,0,
-6.599,-7.482,4,P,173(E2),Q,-8,1
-4.372,-6.393,1,P,173(E2),T,,
-0.7585,-0.5299,1,D,174(E2),-,,
-1.756,-1.828,2,D,174(E2),A,,
0,0,,D,174(E2),D,0,
-3.237,-4.707,3,D,174(E2),E,,
-6.965,-7.529,5,D,174(E2),G,,
-1.356,-1.216,1,D,174(E2),H,,
-4.178,-6.174,6,D,174(E2),N,-7.051,1
-5.208,-7.047,1,D,174(E2),Y,,
-0.4407,-0.2681,1,T,175(E2),-,,
-2.443,-3.119,2,T,175(E2),I,,
0,0,,T,175(E2),T,0,
-0.4809,-0.2977,1,P,176(E2),-,,
-2.869,-3.987,3,P,176(E2),H,,
-4.798,-6.779,2,P,176(E2),L,,
0,0,,P,176(E2),P,0,
-5.8,-7.3,8,P,176(E2),S,-7.597,2
-3.807,-5.674,1,P,176(E2),T,,
-0.5396,-0.3428,1,D,177(E2),-,,
0,0,,D,177(E2),D,0,
-5.951,-7.346,1,D,177(E2),E,-8,1
-4.136,-6.124,10,D,177(E2),N,-6.922,1
-5.16,-7.021,6,D,177(E2),Y,-7.574,1
-0.4562,-0.2794,1,R,178(E2),-,,
-3.452,-5.097,4,R,178(E2),G,-4.621,1
-0.3021,-0.1729,3,R,178(E2),I,,
-1.211,-1.024,7,R,178(E2),K,,
0,0,,R,178(E2),R,0,
1.25,0.3755,1,R,178(E2),T,,
-1.041,-0.8209,1,T,179(E2),-,,
-0.3204,-0.1849,2,T,179(E2),A,,
-7.026,-7.536,7,T,179(E2),I,-8,1
-0.09584,-0.05013,2,T,179(E2),N,,
0,0,,T,179(E2),T,0,
-1.14,-0.9357,1,L,180(E2),-,,
0,0,,L,180(E2),L,0,
-0.8476,-0.6153,9,L,180(E2),M,-1.822,3
-9.081,-7.624,12,L,180(E2),P,-8,1
-2.008,-2.272,4,L,180(E2),Q,,
-5.439,-7.162,3,L,180(E2),R,-7.583,1
-0.1238,-0.06557,1,M,181(E2),-,,
0.1383,0.06537,7,M,181(E2),I,,
-3.009,-4.267,5,M,181(E2),K,-4.498,1
0,0,,M,181(E2),M,0,
-6.194,-7.407,1,M,181(E2),R,,
1.358,0.3918,4,M,181(E2),V,-0.8309,1
-0.9065,-0.6748,1,S,182(E2),-,,
-2.159,-2.556,3,S,182(E2),F,-2.77,1
-6.485,-7.464,2,S,182(E2),P,,
0,0,,S,182(E2),S,0,
-3.737,-5.569,1,S,182(E2),Y,,
-6.654,-7.49,6,Q,183(E2),*,-8,1
-0.7282,-0.5021,2,Q,183(E2),H,,
-4.254,-6.264,1,Q,183(E2),K,,
0,0,,Q,183(E2),Q,0,
-4.944,-6.885,2,Q,183(E2),R,,
-7.134,-7.546,12,Q,184(E2),*,-8,1
1.546,0.4162,1,Q,184(E2),H,,
-1.866,-2.017,3,Q,184(E2),K,,
-0.7041,-0.4804,1,Q,184(E2),L,-0.7676,1
-0.5874,-0.381,1,Q,184(E2),P,,
0,0,,Q,184(E2),Q,0,
-2.08,-2.407,1,Q,184(E2),R,,
-3.863,-5.757,1,S,185(E2),C,-6.072,1
-2.817,-3.881,1,S,185(E2),G,,
-2.779,-3.803,6,S,185(E2),I,,
0.7002,0.2612,6,S,185(E2),N,,
-2.338,-2.908,2,S,185(E2),R,,
0,0,,S,185(E2),S,0,
-5.976,-7.352,1,G,186(E2),C,-8,1
-1.166,-0.9682,22,G,186(E2),D,-3.561,2
0,0,,G,186(E2),G,0,
-1.71,-1.75,6,G,186(E2),S,-2.512,1
-3.184,-4.607,2,G,186(E2),V,,
-1.133,-0.9279,2,N,187(E2),D,,
-2.155,-2.55,1,N,187(E2),G,-2.816,1
-2.434,-3.1,2,N,187(E2),K,-3.418,1
0,0,,N,187(E2),N,0,
-1.686,-1.711,1,N,187(E2),S,-2.023,1
-3.597,-5.344,3,V,188(E2),A,,
-3.409,-5.023,7,V,188(E2),L,,
-6.406,-7.45,16,V,188(E2),M,-8,1
0,0,,V,188(E2),V,0,
-4.535,-6.555,3,K,189(E2),E,,
0,0,,K,189(E2),K,0,
-0.9999,-0.7745,2,K,189(E2),N,,
0,0,,I,190(E2),I,0,
-3.28,-4.788,1,I,190(E2),T,-5.077,1
-1.719,-1.766,10,T,191(E2),A,-1.191,1
-1.499,-1.42,14,T,191(E2),I,-2.278,1
1.183,0.3646,1,T,191(E2),N,,
0,0,,T,191(E2),T,0,
0.1171,0.05584,2,V,192(E2),A,-0.6087,1
-7.388,-7.566,8,V,192(E2),L,-8,1
-5.831,-7.31,12,V,192(E2),M,,
0,0,,V,192(E2),V,0,
-0.761,-0.5323,2,N,193(E2),K,-3.01,1
0,0,,N,193(E2),N,0,
0.3107,0.1364,2,N,193(E2),S,,
-5.224,-7.056,1,S,194(E2),-,,
2.157,0.471,2,S,194(E2),G,,
-0.7752,-0.5455,3,S,194(E2),I,,
1.666,0.4298,31,S,194(E2),N,0.8273,5
-3.856,-5.747,1,S,194(E2),R,,
0,0,,S,194(E2),S,0,
1.182,0.3645,1,S,194(E2),T,,
-5.227,-7.058,4,Q,195(E2),*,-7.483,2
-0.3664,-0.2158,4,Q,195(E2),H,,
1.09,0.3482,2,Q,195(E2),K,,
1.406,0.3984,2,Q,195(E2),L,,
0,0,,Q,195(E2),Q,0,
-4.08,-6.052,2,Q,195(E2),R,,
-0.8356,-0.6035,7,T,196(E2),A,-2.065,1
-0.8188,-0.5871,5,T,196(E2),I,-1.658,1
-0.05821,-0.02995,1,T,196(E2),S,,
0,0,,T,196(E2),T,0,
-5.962,-7.349,1,V,197(E2),A,-8,1
-6.389,-7.447,4,V,197(E2),L,-8,1
-8.234,-7.607,17,V,197(E2),M,-7.905,2
0,0,,V,197(E2),V,0,
-5.366,-7.128,2,R,198(E2),G,,
-5.713,-7.271,2,R,198(E2),L,,
-5.254,-7.072,6,R,198(E2),Q,-8,1
0,0,,R,198(E2),R,0,
-3.242,-4.716,27,R,198(E2),W,-4.758,3
-4.004,-5.954,2,Y,199(E2),C,,
-1.719,-1.765,2,Y,199(E2),H,,
0,0,,Y,199(E2),Y,0,
-0.5829,-0.3773,1,K,200(E2),*,,
0,0,,K,200(E2),K,0,
-2.413,-3.058,2,K,200(E2),M,-3.517,1
-2.908,-4.065,1,K,200(E2),N,,
-0.3469,-0.2025,3,K,200(E2),R,-0.5875,1
-5.428,-7.157,2,K,200(E2),T,,
0,0,,C,201(E2),C,0,
-4.863,-6.828,2,C,201(E2),F,,
0.2295,0.1043,1,C,201(E2),G,,
0.4942,0.2008,1,C,201(E2),R,,
-6.189,-7.406,2,C,201(E2),S,,
-3.582,-5.32,13,C,201(E2),Y,-5.329,1
0.02385,0.01184,8,N,202(E2),D,,
-1.278,-1.11,1,N,202(E2),I,,
3.995,0.5264,3,N,202(E2),K,,
0,0,,N,202(E2),N,0,
3.524,0.52,2,N,202(E2),S,1.653,2
-4.716,-6.714,2,C,203(E2),*,,
0,0,,C,203(E2),C,0,
-4.149,-6.139,5,C,203(E2),F,-6.427,1
-4.399,-6.421,1,C,203(E2),G,,
-1.48,-1.391,3,C,203(E2),R,,
-6.114,-7.388,3,C,203(E2),S,,
-5.806,-7.302,2,C,203(E2),Y,,
-2.53,-3.295,6,G,204(E2),C,,
-1.997,-2.252,8,G,204(E2),D,-3.155,1
0,0,,G,204(E2),G,0,
0.3356,0.1457,9,G,204(E2),S,0.2693,3
-0.6663,-0.4473,1,G,204(E2),V,,
0,0,,D,205(E2),D,0,
-1.699,-1.732,1,D,205(E2),E,,
2.237,0.476,11,D,205(E2),N,-1.362,2
-0.3903,-0.2322,3,D,205(E2),Y,,
-1.215,-1.028,4,S,206(E2),-,-1.057,1
-1.488,-1.403,1,S,206(E2),C,,
0.303,0.1334,5,S,206(E2),G,1.852,1
1.443,0.4034,4,S,206(E2),I,,
-0.2953,-0.1685,4,S,206(E2),N,,
2.367,0.4834,2,S,206(E2),R,,
0,0,,S,206(E2),S,0,
-0.9524,-0.723,2,S,206(E2),T,,
-0.3409,-0.1985,5,N,207(E2),D,-0.2576,1
-0.00407,-0.002045,1,N,207(E2),I,,
-0.6159,-0.4044,2,N,207(E2),K,,
0,0,,N,207(E2),N,0,
-5.917,-7.336,3,E,208(E2),*,,
-1.361,-1.223,13,E,208(E2),D,-0.9709,1
0,0,,E,208(E2),E,0,
-0.5593,-0.3583,9,E,208(E2),G,-0.644,1
-2.966,-4.181,4,E,208(E2),K,-4.476,1
-4.119,-6.102,5,G,209(E2),C,,
-3.401,-5.008,22,G,209(E2),D,-4.372,4
0,0,,G,209(E2),G,0,
-1.765,-1.843,11,G,209(E2),S,-2.399,1
-1.77,-1.851,3,G,209(E2),V,-2.139,2
0,0,,L,210(E2),L,0,
-0.01384,-0.006983,2,L,210(E2),M,,
-5.801,-7.3,5,L,210(E2),P,,
-3.518,-5.213,1,L,210(E2),Q,,
-0.8269,-0.595,1,L,210(E2),R,,
-1.531,-1.468,3,T,211(E2),A,-1.7,2
6.229,0.5358,10,T,211(E2),I,,
-4.346,-6.365,4,T,211(E2),N,,
-3.225,-4.686,1,T,211(E2),S,,
0,0,,T,211(E2),T,0,
-1.164,-0.9653,4,T,212(E2),I,,
-1.688,-1.714,1,T,212(E2),N,,
-3.346,-4.909,1,T,212(E2),P,,
-1.554,-1.504,1,T,212(E2),S,,
0,0,,T,212(E2),T,0,
3.804,0.5242,1,T,213(E2),A,,
0.1769,0.08223,1,T,213(E2),I,,
-2.033,-2.319,3,T,213(E2),N,,
0,0,,T,213(E2),T,0,
0,0,,D,214(E2),D,0,
-0.1519,-0.08143,3,D,214(E2),E,,
-1.878,-2.039,1,D,214(E2),G,,
-2.58,-3.398,12,D,214(E2),N,,
-4.333,-6.351,6,D,214(E2),Y,-5.841,1
-1.201,-1.012,2,K,215(E2),-,,
0.5863,0.2292,4,K,215(E2),E,,
1.153,0.3594,1,K,215(E2),I,,
0,0,,K,215(E2),K,0,
-5.019,-6.935,2,K,215(E2),N,,
-2.087,-2.42,1,K,215(E2),R,,
-2.516,-3.267,1,K,215(E2),S,-3.579,1
-0.9486,-0.719,2,V,216(E2),-,,
-0.9583,-0.7294,1,V,216(E2),L,,
-0.2638,-0.1485,6,V,216(E2),M,,
0,0,,V,216(E2),V,0,
-0.134,-0.07128,2,I,217(E2),-,,
-3.393,-4.994,1,I,217(E2),F,,
0,0,,I,217(E2),I,0,
-6.048,-7.372,1,I,217(E2),S,-8,1
-1.375,-1.241,2,I,217(E2),V,,
-2.354,-2.94,4,N,218(E2),-,,
2.102,0.4673,1,N,218(E2),D,,
0.6159,0.2379,1,N,218(E2),I,,
-0.05339,-0.02742,1,N,218(E2),K,,
0,0,,N,218(E2),N,0,
0.4668,0.1918,1,N,218(E2),S,,
-1.518,-1.449,1,N,219(E2),-,,
-1.63,-1.622,1,N,219(E2),D,,
-6.741,-7.502,1,N,219(E2),K,,
0,0,,N,219(E2),N,0,
-6.101,-7.385,3,C,220(E2),*,-8,1
-2.145,-2.53,1,C,220(E2),-,,
0,0,,C,220(E2),C,0,
-0.05224,-0.02681,4,C,220(E2),F,,
-5.809,-7.303,3,C,220(E2),R,,
-1.896,-2.07,1,C,220(E2),S,,
-7.277,-7.558,14,C,220(E2),Y,-8,2
0.179,0.08311,1,K,221(E2),E,,
0,0,,K,221(E2),K,0,
2.831,0.5032,1,K,221(E2),M,,
-0.28,-0.1587,3,K,221(E2),N,,
-1.484,-1.398,2,K,221(E2),R,,
-0.74,-0.5129,1,V,222(E2),A,,
-1.462,-1.366,3,V,222(E2),L,,
0,0,,V,222(E2),V,0,
0,0,,D,223(E2),D,0,
-0.3216,-0.1857,3,D,223(E2),E,,
-3.283,-4.794,3,D,223(E2),G,,
-1.959,-2.182,5,D,223(E2),N,-3.864,2
-3.017,-4.283,5,D,223(E2),Y,-4.569,2
-5.103,-6.987,7,Q,224(E2),*,-7.208,1
-0.425,-0.2567,4,Q,224(E2),H,,
-1.571,-1.529,2,Q,224(E2),K,,
0.1671,0.078,1,Q,224(E2),L,,
-4.898,-6.853,1,Q,224(E2),P,,
0,0,,Q,224(E2),Q,0,
-1.247,-1.07,1,C,225(E2),*,,
0,0,,C,225(E2),C,0,
-6.92,-7.524,4,C,225(E2),F,-8,1
-6.444,-7.457,2,C,225(E2),S,-8,1
-5.695,-7.264,15,C,225(E2),Y,-8,1
-6.12,-7.39,1,H,226(E2),D,,
0,0,,H,226(E2),H,0,
-4.392,-6.413,3,H,226(E2),L,,
-0.2296,-0.1273,1,H,226(E2),N,,
-2.965,-4.178,4,H,226(E2),Q,-4.441,2
-2.602,-3.441,2,H,226(E2),R,,
-0.9657,-0.7372,1,H,226(E2),Y,,
0,0,,A,227(E2),A,0,
-1.077,-0.8613,1,A,227(E2),D,,
-2.11,-2.464,7,A,227(E2),S,,
-0.164,-0.0884,15,A,227(E2),T,-0.01245,4
-0.2024,-0.1109,8,A,227(E2),V,-0.07557,1
0,0,,A,228(E2),A,0,
-2.81,-3.867,3,A,228(E2),D,,
1.302,0.3835,1,A,228(E2),P,,
-1.232,-1.05,5,A,228(E2),S,,
-2.343,-2.918,16,A,228(E2),T,-3.95,2
-0.4087,-0.2451,3,A,228(E2),V,-8,1
-2.665,-3.571,1,V,229(E2),A,,
-2.03,-2.314,3,V,229(E2),E,,
-0.9595,-0.7306,1,V,229(E2),G,,
-3.694,-5.502,5,V,229(E2),L,,
-4.124,-6.108,13,V,229(E2),M,-5.979,1
0,0,,V,229(E2),V,0,
-5.357,-7.124,8,T,230(E2),A,-8,1
-6.177,-7.403,8,T,230(E2),I,-8,1
0,0,,T,230(E2),T,0,
0.1577,0.07392,2,N,231(E2),D,,
-1.718,-1.764,1,N,231(E2),H,-2.08,1
-5.842,-7.313,1,N,231(E2),I,,
0,0,,N,231(E2),N,0,
0,0,,H,232(E2),H,0,
-3.49,-5.164,2,H,232(E2),N,,
-0.953,-0.7237,1,H,232(E2),Q,,
-2.641,-3.521,3,H,232(E2),Y,-3.75,1
-5.399,-7.143,3,K,233(E2),*,,
-1.416,-1.3,6,K,233(E2),E,-1.511,2
0,0,,K,233(E2),K,0,
-1.937,-2.142,3,K,233(E2),M,,
-2.258,-2.75,3,K,233(E2),N,,
0.388,0.1648,4,K,233(E2),R,-2.214,1
-2.762,-3.77,1,K,234(E2),E,,
-1.091,-0.8775,1,K,234(E2),H,-1.145,1
0,0,,K,234(E2),K,0,
-3.25,-4.732,3,K,234(E2),N,,
-2.299,-2.83,1,K,234(E2),T,,
-4.712,-6.711,13,W,235(E2),*,-5.547,3
-6.413,-7.451,5,W,235(E2),C,,
-2.857,-3.963,1,W,235(E2),F,,
-3.791,-5.651,2,W,235(E2),L,,
-2.823,-3.893,1,W,235(E2),R,,
0,0,,W,235(E2),W,0,
-6.931,-7.525,54,Q,236(E2),*,-8,6
0.7238,0.2675,1,Q,236(E2),H,,
-4.968,-6.902,2,Q,236(E2),K,-8,1
0,0,,Q,236(E2),Q,0,
-8.565,-7.615,4,Q,236(E2),R,,
-1.156,-0.9555,1,Y,237(E2),*,,
-3.954,-5.886,1,Y,237(E2),H,,
0,0,,Y,237(E2),Y,0,
-0.9786,-0.7512,2,N,238(E2),D,,
-4.645,-6.655,1,N,238(E2),I,,
-3.543,-5.255,5,N,238(E2),K,,
0,0,,N,238(E2),N,0,
-6.137,-7.394,3,S,239(E2),G,,
-5.749,-7.283,2,S,239(E2),I,,
-5.457,-7.17,7,S,239(E2),N,,
-1.025,-0.8028,1,S,239(E2),R,,
0,0,,S,239(E2),S,0,
0.1152,0.05498,1,S,239(E2),T,,
-5.732,-7.277,2,P,240(E2),H,,
0,0,,P,240(E2),P,0,
0.07948,0.03852,2,P,240(E2),S,,
0,0,,L,241(E2),L,0,
-2.566,-3.369,4,L,241(E2),M,,
-6.675,-7.493,5,L,241(E2),P,,
-4.529,-6.549,2,L,241(E2),Q,,
-4.851,-6.819,2,V,242(E2),A,,
3.944,0.5258,3,V,242(E2),L,,
-1.245,-1.067,5,V,242(E2),M,,
0,0,,V,242(E2),V,0,
-3.992,-5.937,1,P,243(E2),A,,
-5.916,-7.336,2,P,243(E2),H,-8,1
-1.186,-0.9925,1,P,243(E2),L,,
0,0,,P,243(E2),P,0,
-6.177,-7.403,10,P,243(E2),S,-7.334,2
-1.365,-1.227,1,P,243(E2),T,,
-5.324,-7.108,1,R,244(E2),*,,
-3.612,-5.369,4,R,244(E2),G,,
-4.828,-6.802,6,R,244(E2),I,,
-3.651,-5.433,6,R,244(E2),K,-6.838,2
0,0,,R,244(E2),R,0,
-3.879,-5.78,1,R,244(E2),S,,
0.09675,0.04654,1,N,245(E2),D,,
-0.7238,-0.4981,1,N,245(E2),K,,
0,0,,N,245(E2),N,0,
-1.167,-0.9692,1,N,245(E2),S,,
0.4395,0.1827,1,A,246(E2),-,,
0,0,,A,246(E2),A,0,
-0.7811,-0.5511,3,A,246(E2),D,,
1.771,0.4403,2,A,246(E2),S,,
1.549,0.4167,5,A,246(E2),T,1.585,1
-1.542,-1.485,25,A,246(E2),V,-0.7542,2
-6.206,-7.41,2,E,247(E2),*,-8,1
0.008317,0.004158,1,E,247(E2),A,,
-2.111,-2.465,7,E,247(E2),D,-3.136,1
0,0,,E,247(E2),E,0,
-0.8664,-0.6341,1,E,247(E2),G,,
-2.178,-2.594,6,E,247(E2),K,-3.319,2
-0.9705,-0.7424,1,E,247(E2),Q,,
0,0,,L,248(E2),L,0,
0.2509,0.113,1,L,248(E2),M,,
0.4309,0.1798,2,L,248(E2),P,,
-3.114,-4.472,1,L,248(E2),Q,,
-0.00497,-0.002499,1,L,248(E2),R,,
-3.542,-5.253,4,G,249(E2),C,,
-1.098,-0.8862,3,G,249(E2),D,-3.204,1
0,0,,G,249(E2),G,0,
-0.1883,-0.1026,1,G,249(E2),S,,
2.008,0.4605,2,G,249(E2),V,,
0,0,,D,250(E2),D,0,
-2.706,-3.654,2,D,250(E2),E,,
-0.5172,-0.3254,4,D,250(E2),N,,
0.222,0.1012,1,D,250(E2),V,,
-1.145,-0.942,4,R,251(E2),G,,
-1.13,-0.924,1,R,251(E2),I,,
-1.022,-0.7988,6,R,251(E2),K,,
0,0,,R,251(E2),R,0,
-1.265,-1.094,1,R,251(E2),S,,
-4.727,-6.723,2,K,252(E2),*,,
0,0,,K,252(E2),K,0,
-0.4535,-0.2774,3,K,252(E2),M,,
-3.122,-4.488,7,K,252(E2),N,-4.978,3
-3.383,-4.976,3,K,252(E2),Q,-4.746,1
-0.3022,-0.173,6,K,252(E2),R,-0.2399,2
-4.948,-6.888,2,K,252(E2),T,,
-1.71,-1.751,2,G,253(E2),C,,
-5.998,-7.359,20,G,253(E2),D,-8,1
0,0,,G,253(E2),G,0,
-2.573,-3.383,2,G,253(E2),S,,
-4.342,-6.361,2,G,253(E2),V,,
-9.48,-7.629,1,K,254(E2),*,,
-5.055,-6.958,2,K,254(E2),E,,
0,0,,K,254(E2),K,0,
-1.426,-1.313,1,K,254(E2),N,,
-1.646,-1.647,1,K,254(E2),R,,
-1.265,-1.093,1,V,255(E2),A,,
-1.221,-1.037,1,V,255(E2),L,,
-1.007,-0.7826,5,V,255(E2),M,,
0,0,,V,255(E2),V,0,
-3.892,-5.798,1,H,256(E2),D,,
0,0,,H,256(E2),H,0,
-0.949,-0.7194,2,H,256(E2),N,-0.8491,1
-1.656,-1.664,2,H,256(E2),R,,
-0.6028,-0.3936,22,H,256(E2),Y,0.147,2
0,0,,I,257(E2),I,0,
-2.197,-2.63,7,I,257(E2),T,,
-0.6047,-0.3952,1,P,258(E2),H,,
-6.888,-7.521,2,P,258(E2),L,-7.478,1
0,0,,P,258(E2),P,0,
-2.217,-2.67,7,P,258(E2),S,,
-5.539,-7.205,2,P,258(E2),T,-7.629,1
0,0,,F,259(E2),F,0,
-4.806,-6.786,2,F,259(E2),I,,
-6.342,-7.438,2,F,259(E2),L,,
-7.665,-7.583,1,F,259(E2),S,,
-8.177,-7.605,3,F,259(E2),V,-8,1
-2.735,-3.714,3,F,259(E2),Y,-3.963,1
-4.642,-6.652,4,P,260(E2),L,,
0,0,,P,260(E2),P,0,
-2.415,-3.062,4,P,260(E2),Q,-3.32,1
-2.195,-2.627,4,P,260(E2),S,-3.293,1
-2.655,-3.55,3,P,260(E2),T,,
0,0,,L,261(E2),L,0,
-2.068,-2.383,1,L,261(E2),M,,
-6.264,-7.422,4,L,261(E2),P,-8,1
3.705,0.5228,1,L,261(E2),Q,,
-1.117,-0.9083,1,L,261(E2),R,,
0,0,,A,262(E2),A,0,
-2.061,-2.37,2,A,262(E2),D,,
-0.2314,-0.1284,2,A,262(E2),S,,
-0.6179,-0.4062,48,A,262(E2),T,-1.153,4
0.1314,0.0623,14,A,262(E2),V,-0.6444,3
-0.4906,-0.305,1,N,263(E2),D,,
3.049,0.5098,1,N,263(E2),H,,
-0.8134,-0.5819,4,N,263(E2),K,,
0,0,,N,263(E2),N,0,
1.941,0.4552,3,N,263(E2),S,,
-1.519,-1.45,1,V,264(E2),-,,
-3.648,-5.428,2,V,264(E2),L,,
-1.106,-0.895,6,V,264(E2),M,-3.097,1
0,0,,V,264(E2),V,0,
-0.2261,-0.1252,1,T,265(E2),-,,
-0.9042,-0.6725,3,T,265(E2),A,,
0.3472,0.15,8,T,265(E2),I,,
-0.9269,-0.6961,1,T,265(E2),N,,
0,0,,T,265(E2),T,0,
-6.767,-7.506,4,C,266(E2),*,,
-0.7834,-0.5533,1,C,266(E2),-,,
0,0,,C,266(E2),C,0,
-0.8622,-0.6298,2,C,266(E2),F,,
-7.6,-7.58,11,C,266(E2),R,-7.735,2
-5.967,-7.35,2,C,266(E2),S,-8,1
-7.745,-7.588,66,C,266(E2),Y,-8,8
-4.08,-6.053,1,R,267(E2),*,,
-3.633,-5.403,7,R,267(E2),G,-5.374,1
-2.391,-3.014,7,R,267(E2),I,-3.583,2
0,0,,R,267(E2),R,0,
-0.03794,-0.01935,1,R,267(E2),T,,
-6.83,-7.514,1,V,268(E2),L,,
-3.575,-5.308,8,V,268(E2),M,,
0,0,,V,268(E2),V,0,
-1.188,-0.9947,3,P,269(E2),H,,
-2.83,-3.907,1,P,269(E2),L,-4.217,1
0,0,,P,269(E2),P,0,
-2.093,-2.431,10,P,269(E2),S,-2.188,2
-3.439,-5.075,1,P,269(E2),T,-5.391,1
-1.869,-2.021,2,K,270(E2),*,,
0.2197,0.1003,1,K,270(E2),E,,
0,0,,K,270(E2),K,0,
-1.071,-0.8548,1,K,270(E2),M,,
-1.303,-1.143,1,K,270(E2),N,,
2.955,0.5071,3,K,270(E2),R,,
1.753,0.4386,1,K,270(E2),T,0.34,1
0,0,,A,271(E2),A,0,
-5.045,-6.951,1,A,271(E2),D,,
-1.139,-0.9347,1,A,271(E2),S,,
-4.363,-6.384,7,A,271(E2),T,,
-4.143,-6.132,3,A,271(E2),V,,
-4.565,-6.583,1,R,272(E2),G,,
-2.701,-3.645,4,R,272(E2),I,,
-4.193,-6.192,6,R,272(E2),K,-5.729,2
0,0,,R,272(E2),R,0,
2.707,0.4988,3,N,273(E2),I,,
-3.349,-4.915,1,N,273(E2),K,-5.217,1
0,0,,N,273(E2),N,0,
-1.042,-0.821,2,N,273(E2),S,,
-6.339,-7.437,2,P,274(E2),H,-8,1
-0.01584,-0.008001,1,P,274(E2),L,,
0,0,,P,274(E2),P,0,
-6.499,-7.466,11,P,274(E2),S,-8,3
-4.518,-6.539,2,P,274(E2),T,,
-4.016,-5.97,1,T,275(E2),A,,
-2.304,-2.841,6,T,275(E2),I,-3.473,2
-3.691,-5.497,1,T,275(E2),N,,
-0.9936,-0.7676,1,T,275(E2),P,,
0,0,,T,275(E2),T,0,
-2.336,-2.903,2,V,276(E2),E,,
0.6825,0.2565,6,V,276(E2),L,-1.836,1
-0.3827,-0.227,15,V,276(E2),M,-0.7714,1
0,0,,V,276(E2),V,0,
-1.838,-1.968,2,T,277(E2),A,-2.283,1
-1.48,-1.393,3,T,277(E2),I,-1.315,1
-0.8047,-0.5735,2,T,277(E2),N,,
0.07474,0.0363,1,T,277(E2),S,,
0,0,,T,277(E2),T,0,
-7.625,-7.581,6,Y,278(E2),*,,
-5.607,-7.232,1,Y,278(E2),D,,
-3.186,-4.611,2,Y,278(E2),H,,
-0.9477,-0.718,2,Y,278(E2),N,,
0,0,,Y,278(E2),Y,0,
-1.142,-0.9388,2,G,279(E2),C,,
-0.9789,-0.7515,22,G,279(E2),D,-0.7683,3
0,0,,G,279(E2),G,0,
-1.505,-1.429,4,G,279(E2),S,-1.752,1
0.154,0.07226,1,G,279(E2),V,,
0,0,,K,280(E2),K,0,
-0.2639,-0.1485,1,K,280(E2),M,,
-5.687,-7.261,3,K,280(E2),N,,
-1.118,-0.9098,2,K,280(E2),R,-1.153,1
-0.5993,-0.3907,1,N,281(E2),I,,
0,0,,N,281(E2),N,0,
-5.395,-7.142,5,Q,282(E2),*,,
1.235,0.3731,1,Q,282(E2),-,,
0.4807,0.1964,1,Q,282(E2),H,,
0.3939,0.1669,6,Q,282(E2),K,-2.112,1
0.688,0.258,1,Q,282(E2),L,,
0,0,,Q,282(E2),Q,0,
1.64,0.4269,4,Q,282(E2),R,,
0.003275,0.001641,1,V,283(E2),-,,
-0.7448,-0.5173,3,V,283(E2),L,,
-5.93,-7.34,3,V,283(E2),M,-8,1
0,0,,V,283(E2),V,0,
-0.2235,-0.1236,1,I,284(E2),-,,
0,0,,I,284(E2),I,0,
-2.068,-2.384,1,I,284(E2),N,,
0.1285,0.06097,1,M,285(E2),-,,
-2.874,-3.996,11,M,285(E2),I,-4.828,4
0,0,,M,285(E2),M,0,
-5.137,-7.007,1,M,285(E2),R,,
-4.633,-6.644,2,M,285(E2),V,,
0.6309,0.2422,1,L,286(E2),-,,
0,0,,L,286(E2),L,0,
3.394,0.5177,3,L,286(E2),M,,
-4.57,-6.587,2,L,286(E2),P,,
0.7787,0.2814,1,L,286(E2),V,,
0.6472,0.2468,1,L,287(E2),-,,
0,0,,L,287(E2),L,0,
-2.779,-3.804,3,L,287(E2),M,,
-4.537,-6.558,2,L,287(E2),P,,
-8.004,-7.599,2,L,287(E2),Q,-6.748,1
-4.932,-6.877,1,L,287(E2),R,,
1.262,0.3775,1,L,287(E2),V,,
-5.958,-7.348,1,L,287(E2),W,-8,1
-5.947,-7.344,5,Y,288(E2),*,,
0.1125,0.05377,1,Y,288(E2),-,,
-1.778,-1.865,5,Y,288(E2),C,,
-6.381,-7.445,2,Y,288(E2),H,,
-2.08,-2.406,1,Y,288(E2),N,,
0,0,,Y,288(E2),Y,0,
-6.724,-7.5,5,P,289(E2),H,-8,2
-4.414,-6.437,2,P,289(E2),L,,
0,0,,P,289(E2),P,0,
-3.899,-5.809,1,P,289(E2),R,,
-5.662,-7.252,3,P,289(E2),S,,
-1.023,-0.7997,1,P,289(E2),T,,
0,0,,D,290(E2),D,0,
-2.911,-4.071,2,D,290(E2),E,,
-3.308,-4.84,1,D,290(E2),G,,
-2.614,-3.467,14,D,290(E2),N,-3.853,2
-3.569,-5.298,7,D,290(E2),Y,,
0,0,,H,291(E2),H,0,
-0.06057,-0.0312,1,H,291(E2),N,,
-2.416,-3.064,1,H,291(E2),P,,
1.876,0.4498,2,H,291(E2),Q,,
-2.112,-2.468,2,H,291(E2),R,-2.697,1
-4.718,-6.716,8,H,291(E2),Y,-8,1
-3.523,-5.221,11,P,292(E2),H,-6.426,2
-6.917,-7.524,4,P,292(E2),L,,
0,0,,P,292(E2),P,0,
-4.551,-6.571,1,P,292(E2),R,,
-5.162,-7.022,7,P,292(E2),S,-8,1
-3.986,-5.929,2,P,292(E2),T,,
-3.427,-5.055,1,T,293(E2),A,,
-6.602,-7.483,1,T,293(E2),C,-8,1
-3.273,-4.775,3,T,293(E2),I,-4.931,1
-4.906,-6.859,2,T,293(E2),K,,
0,0,,T,293(E2),T,0,
0,0,,L,294(E2),L,0,
-1.255,-1.08,2,L,294(E2),M,-1.324,1
1.178,0.3638,1,L,294(E2),P,,
-6.915,-7.524,2,L,294(E2),Q,,
0,0,,L,295(E2),L,0,
-1.965,-2.193,4,L,295(E2),M,,
-5.704,-7.267,4,L,295(E2),P,-8,1
-0.434,-0.2632,1,L,295(E2),V,,
-1.803,-1.908,2,S,296(E2),G,,
-6.459,-7.459,4,S,296(E2),I,-8,1
-5.832,-7.31,13,S,296(E2),N,,
-3.123,-4.49,2,S,296(E2),R,,
0,0,,S,296(E2),S,0,
-6.008,-7.361,3,Y,297(E2),*,-8,1
-2.781,-3.808,2,Y,297(E2),C,,
0,0,,Y,297(E2),Y,0,
-3.194,-4.627,1,R,298(E2),G,,
-10.23,-7.633,3,R,298(E2),L,,
-4.099,-6.077,13,R,298(E2),Q,-8,1
0,0,,R,298(E2),R,0,
-6.762,-7.505,11,R,298(E2),W,-8,2
-3.199,-4.635,2,N,299(E2),K,,
0,0,,N,299(E2),N,0,
-0.261,-0.1468,1,M,300(E2),-,,
-2.448,-3.129,15,M,300(E2),I,,
-5.873,-7.323,3,M,300(E2),K,,
0,0,,M,300(E2),M,0,
-0.2722,-0.1538,1,M,300(E2),T,,
-4.627,-6.639,5,M,300(E2),V,-6.941,2
-0.482,-0.2985,1,G,301(E2),-,,
-2.309,-2.85,4,G,301(E2),C,,
-5.17,-7.026,9,G,301(E2),D,-8,1
0,0,,G,301(E2),G,0,
-0.848,-0.6158,1,G,301(E2),R,,
-5.408,-7.148,3,G,301(E2),S,,
-4.586,-6.602,3,G,301(E2),V,,
-6.548,-7.474,5,E,302(E2),*,,
0.1657,0.07739,1,E,302(E2),-,,
-3.528,-5.23,2,E,302(E2),D,,
0,0,,E,302(E2),E,0,
1.712,0.4345,1,E,302(E2),G,,
1.007,0.3323,27,E,302(E2),K,0.4988,3
0.09563,0.04603,6,E,303(E2),*,,
-0.7416,-0.5144,1,E,303(E2),-,,
-1.147,-0.9446,2,E,303(E2),D,,
0,0,,E,303(E2),E,0,
1.283,0.3807,1,E,303(E2),G,,
0.7165,0.2656,20,E,303(E2),K,1.017,3
-1.427,-1.316,1,P,304(E2),-,,
-3.24,-4.713,2,P,304(E2),L,,
0,0,,P,304(E2),P,0,
-2.386,-3.004,2,P,304(E2),T,,
0.1928,0.08898,1,N,305(E2),-,,
-8.09,-7.602,2,N,305(E2),K,,
0,0,,N,305(E2),N,0,
1.909,0.4526,1,N,305(E2),S,,
-3.506,-5.192,3,Y,306(E2),*,,
-0.6045,-0.395,1,Y,306(E2),-,,
0,0,,Y,306(E2),Y,0,
-0.5266,-0.3326,2,Q,307(E2),*,,
-0.8369,-0.6048,1,Q,307(E2),-,,
0.003438,0.001722,1,Q,307(E2),H,,
-0.359,-0.2107,2,Q,307(E2),K,,
0,0,,Q,307(E2),Q,0,
-0.3065,-0.1758,3,Q,307(E2),R,-0.1235,2
2.322,0.481,2,E,308(E2),*,,
-0.6842,-0.4629,1,E,308(E2),-,,
-3.423,-5.046,1,E,308(E2),A,,
-5.165,-7.023,2,E,308(E2),D,,
0,0,,E,308(E2),E,0,
-5.941,-7.343,3,E,308(E2),K,-8,1
-1.317,-1.162,1,E,309(E2),*,,
-0.9737,-0.7459,1,E,309(E2),-,,
-2.384,-2.999,1,E,309(E2),D,,
0,0,,E,309(E2),E,0,
-3.165,-4.57,11,E,309(E2),K,,
-0.2657,-0.1497,1,E,309(E2),V,,
-5.007,-6.927,10,W,310(E2),*,-6.995,3
-0.9062,-0.6746,1,W,310(E2),-,,
-6.187,-7.405,2,W,310(E2),C,-8,1
-6.863,-7.518,6,W,310(E2),L,-8,1
-8.402,-7.612,5,W,310(E2),R,-8,1
0,0,,W,310(E2),W,0,
-0.4825,-0.2989,1,V,311(E2),-,,
1.82,0.4449,2,V,311(E2),A,,
-0.0374,-0.01907,1,V,311(E2),D,,
-4.319,-6.336,1,V,311(E2),F,,
-0.1441,-0.077,7,V,311(E2),I,-0.7198,1
-3.568,-5.297,2,V,311(E2),L,,
0,0,,V,311(E2),V,0,
0.1952,0.09003,1,T,312(E2),-,,
2.299,0.4796,5,T,312(E2),I,,
-1.371,-1.236,1,T,312(E2),N,,
-4.742,-6.735,1,T,312(E2),S,,
0,0,,T,312(E2),T,0,
0.249,0.1122,1,H,313(E2),-,,
0,0,,H,313(E2),H,0,
-0.3777,-0.2235,3,H,313(E2),N,,
0.2586,0.1161,3,H,313(E2),Q,0.508,1
-1.647,-1.649,2,H,313(E2),Y,,
-4.433,-6.456,3,K,314(E2),E,,
0,0,,K,314(E2),K,0,
-4.088,-6.063,1,K,314(E2),N,,
-3.302,-4.828,1,K,315(E2),E,,
0,0,,K,315(E2),K,0,
-0.8074,-0.5761,1,K,315(E2),N,-0.9005,1
-7.598,-7.58,3,E,316(E2),*,,
0,0,,E,316(E2),E,0,
-3.693,-5.499,1,E,316(E2),G,-5.702,1
-3.471,-5.132,16,E,316(E2),K,-5.193,1
-2.871,-3.99,2,E,316(E2),Q,,
-5.737,-7.279,1,I,317(E2),D,,
0,0,,I,317(E2),I,0,
-0.6475,-0.4311,1,I,317(E2),T,,
-0.6064,-0.3966,6,R,318(E2),Q,-1.177,1
0,0,,R,318(E2),R,0,
-0.1189,-0.06283,8,R,318(E2),W,-0.2849,1
0,0,,L,319(E2),L,0,
-3.742,-5.576,1,L,319(E2),P,-5.832,1
-1.994,-2.247,1,T,320(E2),A,-2.52,1
0.5829,0.2282,12,T,320(E2),I,-1.194,2
1.069,0.3444,4,T,320(E2),N,,
0,0,,T,320(E2),T,0,
-8.931,-7.622,2,V,321(E2),A,,
-6.336,-7.437,4,V,321(E2),E,,
-0.7365,-0.5097,1,V,321(E2),I,,
-3.218,-4.672,8,V,321(E2),L,,
-6.937,-7.526,16,V,321(E2),M,-7.556,1
0,0,,V,321(E2),V,0,
-3.209,-4.655,1,P,322(E2),A,-5.062,1
-0.09562,-0.05001,3,P,322(E2),L,-4.944,1
0,0,,P,322(E2),P,0,
-2.539,-3.314,13,P,322(E2),S,-1.132,1
-4.545,-6.565,3,P,322(E2),T,,
-2.894,-4.037,1,T,323(E2),-,,
0.07162,0.03483,7,T,323(E2),I,-0.01722,1
0.5231,0.21,2,T,323(E2),N,,
-0.6423,-0.4267,1,T,323(E2),S,,
0,0,,T,323(E2),T,0,
-8.593,-7.616,2,E,324(E2),*,,
-0.4088,-0.2452,5,E,324(E2),D,,
0,0,,E,324(E2),E,0,
-3.156,-4.553,2,E,324(E2),G,,
-1.58,-1.543,15,E,324(E2),K,-1.891,4
-3.296,-4.818,3,G,325(E2),C,,
-6.951,-7.528,5,G,325(E2),D,,
0,0,,G,325(E2),G,0,
-0.916,-0.6847,1,G,325(E2),R,,
-5.641,-7.245,12,G,325(E2),S,-8,1
-5.119,-6.997,5,G,325(E2),V,,
0,0,,L,326(E2),L,0,
-1.796,-1.895,6,L,326(E2),M,-2.337,1
-7.315,-7.561,34,L,326(E2),P,,
-6.747,-7.503,3,L,326(E2),Q,,
-6.242,-7.417,2,L,326(E2),R,,
-1.43,-1.319,1,L,326(E2),V,,
-6.782,-7.508,2,E,327(E2),*,-8,1
0.4292,0.1792,1,E,327(E2),D,,
0,0,,E,327(E2),E,0,
-4.886,-6.845,4,E,327(E2),G,,
-6.205,-7.409,21,E,327(E2),K,,
-4.187,-6.185,2,E,327(E2),V,,
-5.513,-7.194,1,V,328(E2),A,,
-3.206,-4.649,2,V,328(E2),D,,
-5.529,-7.201,4,V,328(E2),F,,
-0.1188,-0.06276,5,V,328(E2),I,,
0,0,,V,328(E2),V,0,
-0.5765,-0.3722,2,T,329(E2),-,,
-6.284,-7.426,2,T,329(E2),A,,
-5.225,-7.056,4,T,329(E2),I,-6.703,1
-3.422,-5.045,3,T,329(E2),N,,
0,0,,T,329(E2),T,0,
-7.514,-7.575,17,W,330(E2),*,-8,1
-0.5182,-0.3261,2,W,330(E2),-,,
-5.782,-7.294,4,W,330(E2),C,,
-3.115,-4.475,4,W,330(E2),L,,
-8.735,-7.619,11,W,330(E2),R,-8,1
-2.109,-2.462,1,W,330(E2),S,,
0,0,,W,330(E2),W,0,
-0.3185,-0.1836,2,G,331(E2),-,,
-9.108,-7.625,4,G,331(E2),C,-8,1
-5.423,-7.154,20,G,331(E2),D,-5.669,2
0,0,,G,331(E2),G,0,
-6.55,-7.475,9,G,331(E2),S,,
-5.946,-7.344,3,G,331(E2),V,-8,1
-6.19,-7.406,9,N,332(E2),-,-8,3
-6.321,-7.434,1,N,332(E2),D,,
-1.888,-2.056,1,N,332(E2),K,,
0,0,,N,332(E2),N,0,
-3.607,-5.361,2,N,333(E2),-,,
2.495,0.4898,1,N,333(E2),D,,
-9.46,-7.628,4,N,333(E2),K,-8,1
0,0,,N,333(E2),N,0,
-0.1293,-0.06862,1,N,333(E2),S,,
-5.038,-6.947,1,N,333(E2),Y,,
-6.15,-7.397,6,E,334(E2),*,-8,1
-3.113,-4.47,2,E,334(E2),-,,
-0.632,-0.418,2,E,334(E2),D,,
0,0,,E,334(E2),E,0,
-0.7466,-0.519,1,E,334(E2),G,,
-3.016,-4.28,8,E,334(E2),K,-5.213,3
-3.344,-4.905,1,E,334(E2),V,,
-3.374,-4.96,2,P,335(E2),-,,
-3.161,-4.563,1,P,335(E2),H,,
-5.322,-7.107,4,P,335(E2),L,-8,3
0,0,,P,335(E2),P,0,
-6.61,-7.484,5,P,335(E2),S,-8,1
-5.857,-7.318,1,P,335(E2),T,,
-7.408,-7.568,3,Y,336(E2),*,,
-3.575,-5.309,2,Y,336(E2),-,,
-0.4473,-0.2728,1,Y,336(E2),C,,
-1.43,-1.32,1,Y,336(E2),D,,
-1.044,-0.8233,3,Y,336(E2),H,,
0,0,,Y,336(E2),Y,0,
-0.6364,-0.4217,1,K,337(E2),E,,
0,0,,K,337(E2),K,0,
-3.669,-5.461,6,K,337(E2),N,-5.751,1
3.316,0.5161,2,K,337(E2),R,1.821,1
-6.674,-7.493,3,Y,338(E2),*,,
-4.565,-6.584,1,Y,338(E2),C,,
-3.772,-5.623,1,Y,338(E2),H,-5.918,1
-5.906,-7.333,1,Y,338(E2),N,,
0,0,,Y,338(E2),Y,0,
-7.541,-7.576,19,W,339(E2),*,-8,3
-6.921,-7.524,6,W,339(E2),C,-8,1
-6.609,-7.484,5,W,339(E2),L,-8,1
-6.024,-7.366,3,W,339(E2),R,,
0,0,,W,339(E2),W,0,
-0.5711,-0.3678,2,P,340(E2),H,,
1.184,0.3648,2,P,340(E2),L,,
0,0,,P,340(E2),P,0,
1.74,0.4373,4,P,340(E2),S,,
-0.5943,-0.3866,2,P,340(E2),T,,
-5.211,-7.049,3,Q,341(E2),*,,
-1.795,-1.894,6,Q,341(E2),H,-1.823,1
0,0,,Q,341(E2),Q,0,
1.351,0.3907,2,Q,341(E2),R,,
0,0,,L,342(E2),L,0,
0.6509,0.2478,3,L,342(E2),M,0.06761,3
-1.768,-1.847,1,L,342(E2),P,,
0.2378,0.1077,1,L,342(E2),Q,,
0.1334,0.06317,2,S,343(E2),A,,
-1.457,-1.359,5,S,343(E2),F,-1.826,1
1.914,0.453,8,S,343(E2),P,-3.651,2
0,0,,S,343(E2),S,0,
-0.698,-0.475,3,S,343(E2),Y,,
-0.3764,-0.2226,3,T,344(E2),A,,
0.02363,0.01173,6,T,344(E2),I,,
-4.747,-6.739,2,T,344(E2),N,,
1.951,0.4561,1,T,344(E2),S,,
0,0,,T,344(E2),T,0,
2.159,0.4711,1,N,345(E2),D,,
-0.5321,-0.3369,1,N,345(E2),K,-0.6036,1
0,0,,N,345(E2),N,0,
1.89,0.451,2,N,345(E2),S,,
0.1236,0.05878,2,G,346(E2),A,,
-0.8328,-0.6007,2,G,346(E2),C,,
-0.5571,-0.3566,39,G,346(E2),D,-1.888,5
0,0,,G,346(E2),G,0,
-0.01342,-0.006774,1,G,346(E2),R,,
0.4723,0.1936,2,G,346(E2),S,-0.05639,1
-0.7722,-0.5427,2,G,346(E2),V,,
-1.482,-1.395,2,T,347(E2),A,,
-0.4818,-0.2984,9,T,347(E2),I,1.746,1
3.4,0.5178,2,T,347(E2),K,1.222,1
-1.164,-0.9657,1,T,347(E2),S,,
0,0,,T,347(E2),T,0,
0,0,,A,348(E2),A,0,
-0.68,-0.4592,1,A,348(E2),D,,
-0.5265,-0.3326,5,A,348(E2),S,-0.3281,1
0.1013,0.04862,8,A,348(E2),T,,
0.3729,0.1594,10,A,348(E2),V,,
0,0,,H,349(E2),H,0,
-3.027,-4.303,3,H,349(E2),N,,
-0.4278,-0.2587,2,H,349(E2),Q,,
-1.785,-1.877,2,H,349(E2),Y,,
-5.496,-7.187,11,G,350(E2),*,-7.358,1
1.289,0.3815,1,G,350(E2),A,,
-0.9896,-0.7631,2,G,350(E2),E,,
0,0,,G,350(E2),G,0,
1.95,0.456,11,G,350(E2),R,0.7199,2
3.481,0.5193,1,G,350(E2),V,,
-2.667,-3.574,1,H,351(E2),D,,
0,0,,H,351(E2),H,0,
-2.044,-2.339,1,H,351(E2),N,,
-0.913,-0.6816,1,H,351(E2),P,,
0.8293,0.2936,1,H,351(E2),Q,,
4.029,0.5267,2,H,351(E2),Y,,
-0.5553,-0.3551,1,P,352(E2),-,,
-1.866,-2.017,1,P,352(E2),A,,
-2.269,-2.772,5,P,352(E2),H,-3.495,1
0,0,,P,352(E2),P,0,
-1.978,-2.217,2,P,352(E2),S,-2.527,1
-3.227,-4.688,2,P,352(E2),T,,
-0.3058,-0.1753,1,H,353(E2),-,,
0,0,,H,353(E2),H,0,
-1.455,-1.355,1,H,353(E2),N,,
-0.9733,-0.7454,1,H,353(E2),Q,,
0.4352,0.1812,1,H,353(E2),R,,
2.014,0.461,2,H,353(E2),Y,,
-4.746,-6.739,5,E,354(E2),*,-8,1
0.08023,0.03887,1,E,354(E2),-,,
2.124,0.4688,3,E,354(E2),D,,
0,0,,E,354(E2),E,0,
2.191,0.4732,1,E,354(E2),G,,
-0.01368,-0.006905,1,E,354(E2),K,,
-1.522,-1.454,1,E,354(E2),V,,
-0.3482,-0.2034,1,I,355(E2),-,,
0,0,,I,355(E2),I,0,
-1.475,-1.384,2,I,355(E2),T,,
-2.362,-2.956,2,I,355(E2),V,,
0.05169,0.02536,1,I,356(E2),-,,
-3.409,-5.022,1,I,356(E2),G,,
0,0,,I,356(E2),I,0,
-1.367,-1.23,1,I,356(E2),M,-1.552,1
-5.885,-7.326,1,I,356(E2),N,,
-3.335,-4.888,5,I,356(E2),T,-5.167,1
-0.3501,-0.2047,3,L,357(E2),-,,
-2.141,-2.523,1,L,357(E2),G,,
0,0,,L,357(E2),L,0,
-0.2629,-0.1479,8,L,357(E2),M,,
-1.495,-1.414,2,L,357(E2),P,,
-0.07964,-0.04136,3,L,357(E2),Q,,
0.7214,0.2668,1,L,357(E2),R,,
-6.902,-7.522,3,Y,358(E2),*,,
-3.447,-5.089,4,Y,358(E2),-,,
-5.68,-7.259,4,Y,358(E2),C,,
-0.252,-0.1411,3,Y,358(E2),H,,
0,0,,Y,358(E2),Y,0,
-7.462,-7.571,4,Y,359(E2),*,,
-0.3808,-0.2257,3,Y,359(E2),-,,
-3.645,-5.423,4,Y,359(E2),H,,
0,0,,Y,359(E2),Y,0,
-7.442,-7.57,4,Y,360(E2),*,-8,1
0.7692,0.279,1,Y,360(E2),-,,
-2.702,-3.647,1,Y,360(E2),C,,
-6.986,-7.531,2,Y,360(E2),H,,
0,0,,Y,360(E2),Y,0,
-7.259,-7.557,4,E,361(E2),*,-7.289,1
0.3718,0.159,1,E,361(E2),-,,
0.2909,0.1288,2,E,361(E2),D,-0.8082,1
0,0,,E,361(E2),E,0,
2.463,0.4883,1,E,361(E2),G,,
1.006,0.332,6,E,361(E2),K,1.301,1
0.5492,0.2181,1,L,362(E2),-,,
0,0,,L,362(E2),L,0,
0.8025,0.2872,4,L,362(E2),M,0.3256,2
-3.469,-5.127,3,L,362(E2),P,,
-1.48,-1.392,1,L,362(E2),Q,,
1.085,0.3473,1,L,362(E2),R,0.09796,1
1.736,0.4369,1,Y,363(E2),*,,
0.1632,0.07632,1,Y,363(E2),-,,
-4.364,-6.385,7,Y,363(E2),C,-6.358,1
-2.792,-3.83,1,Y,363(E2),H,,
1.204,0.368,1,Y,363(E2),N,,
0,0,,Y,363(E2),Y,0,
0.4865,0.1983,1,P,364(E2),-,,
-5.669,-7.255,5,P,364(E2),H,,
-4.669,-6.675,3,P,364(E2),L,-6.988,1
0,0,,P,364(E2),P,0,
-6.655,-7.491,10,P,364(E2),S,-8,2
-6.188,-7.406,3,P,364(E2),T,,
-0.5626,-0.361,1,T,365(E2),A,,
-3.097,-4.44,3,T,365(E2),I,,
-1.332,-1.183,3,T,365(E2),N,,
0,0,,T,365(E2),T,0,
-0.2821,-0.1601,27,M,366(E2),I,0.3261,2
0,0,,M,366(E2),M,0,
-2.934,-4.117,3,M,366(E2),T,,
-2.428,-3.089,2,M,366(E2),V,,
-6.905,-7.523,7,T,367(E2),A,,
-4.73,-6.726,10,T,367(E2),I,-6.871,4
-6.125,-7.391,4,T,367(E2),N,-8,1
-1.276,-1.108,2,T,367(E2),S,,
0,0,,T,367(E2),T,0,
3.319,0.5162,1,T,367(E2),V,,
-5.114,-6.994,86,V,368(E2),-,-6.722,10
-0.925,-0.6941,1,V,368(E2),A,,
-5.113,-6.993,1,V,368(E2),E,,
-1.004,-0.7789,6,V,368(E2),L,,
-0.7614,-0.5326,14,V,368(E2),M,-0.4004,1
0,0,,V,368(E2),V,0,
-0.2249,-0.1244,1,V,369(E2),A,,
-0.5641,-0.3622,1,V,369(E2),L,,
0.794,0.2852,3,V,369(E2),M,,
0,0,,V,369(E2),V,0,
-1.535,-1.474,1,V,370(E2),A,,
-4.027,-5.985,1,V,370(E2),E,,
-3.095,-4.435,3,V,370(E2),L,,
-1.529,-1.466,3,V,370(E2),M,,
0,0,,V,370(E2),V,0,
0.2053,0.09426,3,V,371(E2),L,,
0.4455,0.1847,9,V,371(E2),M,0.00945,2
0,0,,V,371(E2),V,0,
1.127,0.3549,9,S,372(E2),F,,
-4.61,-6.624,5,S,372(E2),P,,
0,0,,S,372(E2),S,0,
-5.332,-7.111,3,S,372(E2),Y,,
-4.163,-6.156,1,V,373(E2),A,,
-4.938,-6.881,1,V,373(E2),E,,
-2.973,-4.195,1,V,373(E2),G,,
-2.47,-3.173,8,V,373(E2),L,,
-0.8259,-0.594,8,V,373(E2),M,-1.177,3
0,0,,V,373(E2),V,0,
0,0,,A,374(E2),A,0,
-3.173,-4.585,2,A,374(E2),D,,
-0.8004,-0.5694,3,A,374(E2),S,0.4423,2
-0.378,-0.2237,14,A,374(E2),T,-0.3639,4
0.6687,0.2527,12,A,374(E2),V,0.3941,1
3.023,0.5091,1,S,375(E2),I,1.466,1
-3.846,-5.732,12,S,375(E2),N,,
-4.774,-6.761,2,S,375(E2),R,,
0,0,,S,375(E2),S,0,
0,0,,F,376(E2),F,0,
0.3994,0.1688,2,F,376(E2),I,,
0.05574,0.0273,3,F,376(E2),L,,
-2.871,-3.991,3,F,376(E2),S,-4.204,1
-0.94,-0.7098,1,F,376(E2),V,,
-2.692,-3.627,5,F,376(E2),Y,-3.511,1
-2.184,-2.606,1,V,377(E2),E,,
-0.8971,-0.6652,2,V,377(E2),L,-0.7864,1
3.922,0.5256,2,V,377(E2),M,,
0,0,,V,377(E2),V,0,
0,0,,L,378(E2),L,0,
-0.5324,-0.3371,3,L,378(E2),M,,
-4.722,-6.719,1,L,378(E2),P,,
-0.9801,-0.7528,1,L,378(E2),R,,
-1.651,-1.656,1,L,378(E2),V,,
0,0,,L,379(E2),L,0,
-1.309,-1.151,5,L,379(E2),M,-1.038,1
-3.397,-5,1,L,379(E2),N,-5.292,1
-3.639,-5.414,5,L,379(E2),P,-5.225,1
-7.38,-7.566,1,L,379(E2),Q,,
-0.5644,-0.3624,1,S,380(E2),C,,
0.8503,0.2986,1,S,380(E2),G,0.02646,1
-0.44,-0.2676,2,S,380(E2),I,,
-1.106,-0.896,19,S,380(E2),N,-0.3566,2
-6.115,-7.389,2,S,380(E2),R,-8,1
0,0,,S,380(E2),S,0,
0.03201,0.01584,13,M,381(E2),I,0.6838,2
0,0,,M,381(E2),M,0,
-0.3567,-0.2091,1,M,381(E2),T,,
-1.042,-0.8213,1,M,381(E2),V,,
-1.423,-1.309,4,V,382(E2),A,,
-2.581,-3.399,4,V,382(E2),F,,
-2.561,-3.358,1,V,382(E2),G,,
-0.5802,-0.3751,8,V,382(E2),I,,
0,0,,V,382(E2),V,0,
-6.788,-7.509,2,G,383(E2),*,,
-1.657,-1.665,1,G,383(E2),A,-1.978,1
-6.168,-7.401,13,G,383(E2),E,-8,2
0,0,,G,383(E2),G,0,
-2.332,-2.896,1,G,383(E2),K,,
-2.308,-2.848,26,G,383(E2),R,-2.868,4
0.7094,0.2637,3,G,383(E2),V,-1.023,1
0.6737,0.2541,6,V,384(E2),M,-0.2653,1
0,0,,V,384(E2),V,0,
0,0,,A,385(E2),A,0,
-5.763,-7.288,2,A,385(E2),D,,
-3.78,-5.634,1,A,385(E2),P,,
0.6146,0.2375,5,A,385(E2),S,,
-0.6671,-0.448,19,A,385(E2),T,-2.041,3
-0.98,-0.7527,64,A,385(E2),V,-2.122,6
0.6282,0.2414,2,V,386(E2),A,,
0.802,0.2871,2,V,386(E2),E,,
1.503,0.4111,1,V,386(E2),G,,
0.7871,0.2835,5,V,386(E2),L,,
-0.9656,-0.7371,15,V,386(E2),M,-1.387,2
0,0,,V,386(E2),V,0,
0.3286,0.1431,2,G,387(E2),A,,
1.781,0.4413,4,G,387(E2),C,-0.9191,1
-2.928,-4.104,33,G,387(E2),D,-4.434,5
0,0,,G,387(E2),G,0,
-1.063,-0.8459,5,G,387(E2),S,-2.388,1
-1.959,-2.182,1,G,387(E2),V,,
0.3663,0.157,3,M,388(E2),I,,
0.105,0.05032,1,M,388(E2),L,,
0,0,,M,388(E2),M,0,
-2.266,-2.766,1,M,388(E2),R,,
-0.6136,-0.4026,1,M,388(E2),V,,
0,0,,C,389(E2),C,0,
0.3549,0.1529,5,C,389(E2),F,-0.02801,1
-3.688,-5.491,3,C,389(E2),R,-5.442,1
-3.129,-4.501,1,C,389(E2),S,,
-2.672,-3.585,10,C,389(E2),Y,,
0.3215,0.1405,10,M,390(E2),I,1.053,1
-1.604,-1.58,2,M,390(E2),K,,
0,0,,M,390(E2),M,0,
0.2159,0.09869,5,M,390(E2),V,,
0,0,,C,391(E2),C,0,
-0.5511,-0.3519,2,C,391(E2),F,-0.5646,1
-1.117,-0.9089,1,C,391(E2),G,,
0.1053,0.05049,2,C,391(E2),R,,
0.5436,0.2163,2,C,391(E2),S,,
-0.8618,-0.6295,13,C,391(E2),Y,0.6479,1
0,0,,A,392(E2),A,0,
-4.947,-6.887,3,A,392(E2),D,-7.208,1
-0.6684,-0.4491,1,A,392(E2),L,,
-3.184,-4.606,4,A,392(E2),S,-5.254,1
-4.018,-5.972,3,A,392(E2),T,,
-0.9588,-0.7299,26,A,392(E2),V,-1.983,1
-2.064,-2.376,3,R,393(E2),C,,
-3.141,-4.524,61,R,393(E2),H,-5.363,4
-2.31,-2.852,5,R,393(E2),L,-2.663,1
0,0,,R,393(E2),R,0,
-4.157,-6.149,3,R,393(E2),S,,
-2.519,-3.273,4,R,394(E2),G,-3.949,1
-5.361,-7.126,2,R,394(E2),I,,
-0.06807,-0.03518,10,R,394(E2),K,1.287,1
0,0,,R,394(E2),R,0,
-5.221,-7.054,2,R,395(E2),*,-8,1
-1.822,-1.941,1,R,395(E2),C,-2.242,1
3.023,0.5091,3,R,395(E2),I,,
-1.724,-1.775,14,R,395(E2),K,,
0,0,,R,395(E2),R,0,
-1.609,-1.588,1,R,395(E2),S,,
0.8392,0.296,3,R,395(E2),T,,
-5.738,-7.279,3,C,396(E2),*,-7.7,1
0,0,,C,396(E2),C,0,
0.292,0.1292,2,C,396(E2),F,-0.2535,1
-5.782,-7.294,1,C,396(E2),R,-8,1
-3.91,-5.824,3,C,396(E2),S,,
-1.095,-0.8827,25,C,396(E2),Y,-1.673,3
0,0,,I,397(E2),I,0,
-4.46,-6.483,3,I,397(E2),N,,
0.1422,0.06709,2,T,398(E2),A,,
-1.732,-1.788,3,T,398(E2),N,,
0,0,,T,398(E2),T,0,
-0.5536,-0.3538,5,P,399(E2),H,0.358,1
3.945,0.5258,3,P,399(E2),L,,
0,0,,P,399(E2),P,0,
-1.094,-0.8812,1,P,399(E2),R,,
0.0651,0.03175,4,P,399(E2),S,-1.167,1
0.6217,0.2395,4,P,399(E2),T,0.6518,1
-1.19,-0.9972,1,P,399(E2),W,-1.27,1
-5.64,-7.244,6,Y,400(E2),*,-7.547,1
-1.057,-0.8387,1,Y,400(E2),N,,
0,0,,Y,400(E2),Y,0,
-6.915,-7.524,4,E,401(E2),*,,
-0.6862,-0.4646,1,E,401(E2),-,,
-1.605,-1.582,1,E,401(E2),A,,
-0.5788,-0.374,9,E,401(E2),D,-1.044,2
0,0,,E,401(E2),E,0,
2.493,0.4897,1,E,401(E2),G,,
5.086,0.5334,3,E,401(E2),K,,
-3.411,-5.025,1,E,401(E2),V,,
-0.9553,-0.7261,1,L,402(E2),-,,
-1.989,-2.237,2,L,402(E2),F,-2.537,1
-1.094,-0.8811,6,L,402(E2),H,-1.091,2
-0.4192,-0.2526,3,L,402(E2),I,,
0,0,,L,402(E2),L,0,
-4.646,-6.655,2,L,402(E2),P,,
-3.924,-5.843,1,L,402(E2),R,,
-0.8721,-0.6398,3,T,403(E2),A,-0.7706,1
-5.054,-6.957,16,T,403(E2),I,-6.282,1
0.5479,0.2177,5,T,403(E2),K,,
0,0,,T,403(E2),T,0,
-0.2273,-0.1259,1,P,404(E2),A,,
-1.155,-0.9548,5,P,404(E2),H,,
-1.828,-1.951,11,P,404(E2),L,-2.272,1
0,0,,P,404(E2),P,0,
-0.6702,-0.4506,18,P,404(E2),S,,
-0.6146,-0.4034,1,G,405(E2),A,,
-5.446,-7.165,3,G,405(E2),C,,
-6.147,-7.396,19,G,405(E2),D,-5.917,3
0,0,,G,405(E2),G,0,
0.7091,0.2636,7,G,405(E2),S,,
-1.002,-0.7771,3,G,405(E2),V,-1.046,1
0,0,,A,406(E2),A,0,
-0.7768,-0.547,2,A,406(E2),D,,
-4.95,-6.89,2,A,406(E2),S,,
-1.498,-1.419,8,A,406(E2),T,-1.202,4
1.05,0.3406,2,A,406(E2),V,,
-1.048,-0.8281,8,T,407(E2),I,-8,1
0,0,,T,407(E2),T,0,
-5.715,-7.271,4,V,408(E2),A,,
-6.73,-7.501,3,V,408(E2),E,,
-3.169,-4.578,1,V,408(E2),K,-4.859,1
-1.072,-0.8557,2,V,408(E2),L,,
-1.335,-1.186,21,V,408(E2),M,-1.855,2
0,0,,V,408(E2),V,0,
-0.3874,-0.2302,1,P,409(E2),A,,
-5.289,-7.09,6,P,409(E2),H,-8,1
-4.539,-6.56,2,P,409(E2),L,,
0,0,,P,409(E2),P,0,
-2.937,-4.123,8,P,409(E2),S,-4.971,1
0.05945,0.02906,1,P,409(E2),T,,
0,0,,F,410(E2),F,0,
2.405,0.4854,1,F,410(E2),I,,
0.1695,0.07902,1,F,410(E2),L,,
0,0,,L,411(E2),L,0,
1.336,0.3886,2,L,411(E2),M,,
-1.469,-1.376,1,L,411(E2),P,,
-1.54,-1.482,1,L,411(E2),V,,
-2.732,-3.708,1,L,412(E2),H,-4.01,1
0,0,,L,412(E2),L,0,
2.126,0.469,1,L,412(E2),M,,
-4.212,-6.215,3,L,412(E2),P,,
-6.3,-7.429,2,L,412(E2),Q,,
-4.013,-5.965,2,S,413(E2),I,,
-0.8681,-0.6357,8,S,413(E2),N,-0.71,2
-1.316,-1.161,2,S,413(E2),R,,
0,0,,S,413(E2),S,0,
0,0,,L,414(E2),L,0,
-1.759,-1.833,4,L,414(E2),M,-1.267,1
-7.044,-7.537,27,L,414(E2),P,-8,2
-3.882,-5.785,5,L,414(E2),Q,-6.097,1
-4.591,-6.607,2,L,414(E2),R,,
-5.033,-6.944,3,C,416(E2),*,-8,1
0,0,,C,416(E2),C,0,
-0.4781,-0.2956,2,C,416(E2),F,,
0.1127,0.05383,1,C,416(E2),R,,
-6.432,-7.455,2,C,416(E2),S,,
-3.634,-5.405,12,C,416(E2),Y,-6.831,3
-6.577,-7.479,4,C,417(E2),*,-8,1
0,0,,C,417(E2),C,0,
-2.134,-2.509,5,C,417(E2),F,,
-3.011,-4.27,1,C,417(E2),N,,
-3.479,-5.145,2,C,417(E2),R,,
-0.6342,-0.4198,1,C,417(E2),S,,
-5.342,-7.116,15,C,417(E2),Y,-6.658,2
-0.6639,-0.4452,1,I,418(E2),-,,
0.5587,0.2209,2,I,418(E2),F,,
0,0,,I,418(E2),I,0,
0.008028,0.004013,1,I,418(E2),L,-0.2562,1
-4.701,-6.702,2,I,418(E2),N,,
-1.082,-0.8679,3,I,418(E2),T,-1.752,1
-3.835,-5.716,2,R,419(E2),*,,
-1.163,-0.9636,1,R,419(E2),A,,
-1.451,-1.35,5,R,419(E2),G,,
-7.311,-7.561,3,R,419(E2),I,,
0.9345,0.3173,6,R,419(E2),K,-0.701,1
-1.105,-0.8943,1,R,419(E2),P,,
0,0,,R,419(E2),R,0,
-1.396,-1.271,2,T,420(E2),A,,
0.3695,0.1582,1,T,420(E2),H,,
-2.006,-2.268,10,T,420(E2),I,-2.635,1
-1.028,-0.8061,1,T,420(E2),N,,
0,0,,T,420(E2),T,0,
-6.075,-7.379,1,A,421(E2),-,,
0,0,,A,421(E2),A,0,
-1.49,-1.407,1,A,421(E2),C,-1.806,1
-5.646,-7.247,2,A,421(E2),D,-7.678,1
-4.389,-6.411,1,A,421(E2),F,-6.976,1
0.6552,0.249,1,A,421(E2),G,,
-0.654,-0.4366,1,A,421(E2),P,,
1.034,0.3376,5,A,421(E2),S,,
-0.2105,-0.1158,48,A,421(E2),T,-0.05224,5
0.805,0.2878,4,A,421(E2),V,,
-2.806,-3.858,2,K,422(E2),A,-4.193,1
2.535,0.4916,5,K,422(E2),E,,
0,0,,K,422(E2),K,0,
-5.79,-7.297,1,K,422(E2),M,-7.719,1
0.5361,0.214,4,K,422(E2),N,,
-0.2834,-0.1609,1,K,422(E2),S,,
1.684,0.4316,1,K,422(E2),T,,
0,0,,A,423(E2),A,0,
-7.072,-7.54,3,A,423(E2),D,-8,1
-1.014,-0.7903,1,A,423(E2),P,,
-1.726,-1.778,4,A,423(E2),S,-2.029,2
-4.759,-6.749,11,A,423(E2),T,-8,1
-7.226,-7.554,16,A,423(E2),V,-5.788,1
-4.586,-6.603,1,A,423(E2),W,-6.945,1
0,0,,A,1(6K),A,0,
-0.4831,-0.2994,9,A,1(6K),C,-1.331,7
-1.4,-1.276,9,A,1(6K),D,-0.8661,1
-0.4624,-0.284,10,A,1(6K),E,0.4763,4
0.8247,0.2926,7,A,1(6K),F,0.563,2
2.95,0.507,6,A,1(6K),G,0.7877,2
-1.023,-0.7996,7,A,1(6K),H,-0.5494,3
0.2506,0.1128,5,A,1(6K),I,-0.9222,1
-1.157,-0.9571,8,A,1(6K),K,-2.152,2
2.028,0.462,3,A,1(6K),L,-1.23,2
0.1686,0.07862,7,A,1(6K),M,-0.7454,2
0.03391,0.01676,4,A,1(6K),N,-0.1304,4
-5.856,-7.318,9,A,1(6K),P,-7.611,1
-0.6746,-0.4545,6,A,1(6K),Q,-1.164,2
-0.2348,-0.1305,18,A,1(6K),R,-1.033,10
0.3717,0.159,14,A,1(6K),S,-0.05003,6
0.123,0.05852,98,A,1(6K),T,-0.3571,10
1.519,0.4131,18,A,1(6K),V,0.05749,8
-0.4808,-0.2976,7,A,1(6K),W,-1.154,2
0.5862,0.2292,6,A,1(6K),Y,-0.6328,3
-6.966,-7.529,15,T,2(6K),*,-8,10
0.7175,0.2658,14,T,2(6K),A,0.2352,7
-1.006,-0.7815,6,T,2(6K),C,-0.9095,4
1.966,0.4572,9,T,2(6K),D,0.7466,4
-0.9068,-0.6752,13,T,2(6K),E,-0.7827,9
-1.887,-2.054,14,T,2(6K),F,-2.269,8
1.138,0.3568,6,T,2(6K),G,0.2647,4
-0.002959,-0.001486,7,T,2(6K),H,-1.171,3
-0.7667,-0.5375,10,T,2(6K),I,-1.135,3
0.7319,0.2696,6,T,2(6K),K,-0.846,1
-1.35,-1.207,9,T,2(6K),L,-1.948,5
-0.3047,-0.1746,8,T,2(6K),M,-0.3748,5
-0.574,-0.3702,12,T,2(6K),N,-0.1011,4
0.3051,0.1342,12,T,2(6K),P,-0.08863,5
0.1979,0.09114,7,T,2(6K),Q,0.467,2
0.02369,0.01176,10,T,2(6K),R,-0.5926,4
-0.2109,-0.116,3,T,2(6K),S,-0.4343,3
0,0,,T,2(6K),T,0,
1.681,0.4313,4,T,2(6K),V,-0.334,1
-1.986,-2.232,12,T,2(6K),W,-2.613,7
-1.275,-1.107,8,T,2(6K),Y,,
-1.192,-1,1,Y,3(6K),-,,
-0.5079,-0.3182,11,Y,3(6K),A,-0.2998,5
-0.6767,-0.4563,9,Y,3(6K),C,-0.8098,8
-0.05065,-0.02598,4,Y,3(6K),D,-0.3866,3
-0.003906,-0.001963,14,Y,3(6K),E,-0.3465,9
0.8403,0.2962,9,Y,3(6K),F,-1.586,2
-0.09012,-0.04702,9,Y,3(6K),G,-0.1959,7
-0.4614,-0.2832,11,Y,3(6K),H,-0.7962,1
1.285,0.381,5,Y,3(6K),I,-1.873,3
2.898,0.5054,5,Y,3(6K),K,0.05352,1
0.5449,0.2167,13,Y,3(6K),L,-0.3982,6
0.2861,0.1269,9,Y,3(6K),M,-0.6949,4
4.204,0.5284,8,Y,3(6K),N,0.5152,3
0.4383,0.1823,7,Y,3(6K),P,-0.9677,3
-0.4513,-0.2758,6,Y,3(6K),Q,0.4561,2
-1.029,-0.8073,11,Y,3(6K),R,-0.6713,3
-0.5449,-0.3469,6,Y,3(6K),S,-0.07405,4
1.644,0.4274,5,Y,3(6K),T,-0.08361,1
-0.05174,-0.02655,6,Y,3(6K),V,-0.07879,3
0.9479,0.3201,10,Y,3(6K),W,-0.44,6
0,0,,Y,3(6K),Y,0,
-6.716,-7.499,10,Q,4(6K),*,-8,3
-1.215,-1.029,1,Q,4(6K),-,,
-0.7055,-0.4817,8,Q,4(6K),A,-1.774,4
0.4976,0.2019,8,Q,4(6K),C,-0.2582,3
0.08341,0.04036,11,Q,4(6K),D,-0.8094,3
0.02942,0.01457,9,Q,4(6K),E,-0.3297,4
-0.8911,-0.6591,7,Q,4(6K),F,-1.481,3
-0.6638,-0.4451,8,Q,4(6K),G,-0.7447,4
0.8692,0.3029,11,Q,4(6K),H,-0.2597,4
-0.6429,-0.4272,6,Q,4(6K),I,-0.2561,3
-0.6804,-0.4596,10,Q,4(6K),K,-0.8432,5
0.5509,0.2186,6,Q,4(6K),L,0.628,2
-1.029,-0.8065,9,Q,4(6K),M,-1.388,5
-0.8038,-0.5727,6,Q,4(6K),N,0.5773,3
-0.3887,-0.2311,11,Q,4(6K),P,-0.2087,9
0,0,,Q,4(6K),Q,0,
-0.1606,-0.08639,11,Q,4(6K),R,-0.07987,5
-0.322,-0.186,6,Q,4(6K),S,-1.22,3
1.214,0.3698,10,Q,4(6K),T,-0.6403,5
-0.3023,-0.1731,8,Q,4(6K),V,-0.5912,4
-1.922,-2.117,6,Q,4(6K),W,-2.244,1
-1.122,-0.9141,10,Q,4(6K),Y,-1.037,6
-6.463,-7.46,4,E,5(6K),*,,
-1.536,-1.476,1,E,5(6K),-,,
-0.5162,-0.3246,5,E,5(6K),A,-0.3351,1
-0.509,-0.319,9,E,5(6K),C,-0.7234,3
-1.225,-1.042,9,E,5(6K),D,-0.9878,1
0,0,,E,5(6K),E,0,
-1.254,-1.079,8,E,5(6K),F,-1.653,7
-0.9336,-0.7031,16,E,5(6K),G,-1.314,6
0.00612,0.003063,10,E,5(6K),H,-0.3363,10
-1.25,-1.074,5,E,5(6K),I,-1.2,4
-0.2323,-0.1289,13,E,5(6K),K,-2.065,3
-1.621,-1.608,9,E,5(6K),L,-1.584,5
-0.5092,-0.3191,10,E,5(6K),M,-1.163,4
-0.2155,-0.1188,11,E,5(6K),N,-0.09651,4
-0.07356,-0.0381,12,E,5(6K),P,0.2594,6
-1.061,-0.8432,13,E,5(6K),Q,-1.523,10
-1.171,-0.9743,9,E,5(6K),R,-1.196,3
-0.3132,-0.1801,10,E,5(6K),S,-0.5746,5
-0.2431,-0.1356,10,E,5(6K),T,-0.1837,8
-0.409,-0.2454,5,E,5(6K),V,-1.047,1
-2.17,-2.578,12,E,5(6K),W,-3.351,8
-1.118,-0.9101,4,E,5(6K),Y,-1.01,2
-6.688,-7.495,11,A,6(6K),*,-8,3
-0.6511,-0.4342,1,A,6(6K),-,,
0,0,,A,6(6K),A,0,
-1.107,-0.8971,6,A,6(6K),C,-1.408,5
0.283,0.1257,8,A,6(6K),D,-1.012,2
-1.041,-0.8201,2,A,6(6K),E,-1.141,2
-0.2536,-0.1421,10,A,6(6K),F,-0.2361,6
-0.1981,-0.1083,9,A,6(6K),G,-0.0295,3
-0.2808,-0.1592,9,A,6(6K),H,-0.5225,5
-0.9441,-0.7142,7,A,6(6K),I,-1.305,5
0.5746,0.2258,7,A,6(6K),K,-1.167,3
2.468,0.4885,3,A,6(6K),L,0.03438,2
-0.5495,-0.3505,7,A,6(6K),M,0.7488,2
0.3009,0.1326,7,A,6(6K),N,0.2036,4
-0.5526,-0.353,8,A,6(6K),P,-0.7041,6
-0.07403,-0.03835,7,A,6(6K),Q,0.2661,3
-0.2623,-0.1476,10,A,6(6K),R,-0.6449,4
-0.5528,-0.3531,9,A,6(6K),S,-1.042,4
-0.7015,-0.4781,16,A,6(6K),T,-0.8002,7
-0.8676,-0.6353,34,A,6(6K),V,-0.4243,7
0.1217,0.05793,3,A,6(6K),W,,
-0.1177,-0.06216,9,A,6(6K),Y,-0.9426,5
0,0,,A,7(6K),A,0,
0.3686,0.1579,13,A,7(6K),C,-1.792,4
-0.4346,-0.2637,17,A,7(6K),D,-0.7838,6
0.4465,0.1851,6,A,7(6K),E,-0.09345,4
-0.8816,-0.6494,10,A,7(6K),F,-1.263,9
0.2015,0.09266,6,A,7(6K),G,0.1829,3
-0.5844,-0.3786,4,A,7(6K),H,-0.6085,3
-0.06718,-0.0347,7,A,7(6K),I,-0.6233,2
1.011,0.3331,9,A,7(6K),K,0.8455,3
0.07954,0.03855,9,A,7(6K),L,-0.3217,3
4.905,0.5327,8,A,7(6K),M,-0.2987,5
-0.3621,-0.2128,8,A,7(6K),N,-0.9694,4
0.1865,0.08633,11,A,7(6K),P,0.04792,7
1.156,0.36,1,A,7(6K),Q,0.1162,1
-0.1508,-0.08077,6,A,7(6K),R,-1.653,1
0.04989,0.02449,9,A,7(6K),S,-0.9137,3
-0.2083,-0.1144,35,A,7(6K),T,0.1027,6
-0.2309,-0.1281,18,A,7(6K),V,0.3834,9
0.234,0.1061,4,A,7(6K),W,0.0266,2
-1.014,-0.7896,5,A,7(6K),Y,-1.211,4
-6.42,-7.452,13,V,8(6K),*,-8,7
0.9617,0.323,10,V,8(6K),A,-1.02,5
0.2737,0.122,6,V,8(6K),C,0.8328,3
0.1108,0.05296,7,V,8(6K),D,-0.2412,6
-0.1946,-0.1063,9,V,8(6K),E,-1.396,3
-0.7771,-0.5473,11,V,8(6K),F,-0.2453,6
1.401,0.3978,3,V,8(6K),G,-0.2581,2
0.4217,0.1766,10,V,8(6K),H,0.02901,4
-0.2127,-0.1171,6,V,8(6K),I,-0.7499,2
-0.5343,-0.3386,5,V,8(6K),K,0.00145,4
1.095,0.3492,16,V,8(6K),L,-0.05917,7
-0.5047,-0.3157,24,V,8(6K),M,-0.3796,5
-0.5731,-0.3694,7,V,8(6K),N,-0.5282,4
-0.2454,-0.1371,8,V,8(6K),P,-0.2042,7
0.003524,0.001765,11,V,8(6K),Q,-0.6387,4
-1.088,-0.8747,7,V,8(6K),R,0.1539,3
-0.8618,-0.6295,3,V,8(6K),S,-1.581,1
0.6432,0.2456,6,V,8(6K),T,-0.321,3
0,0,,V,8(6K),V,0,
0.4437,0.1841,5,V,8(6K),W,-0.7178,3
-0.469,-0.2889,9,V,8(6K),Y,-1.441,4
-6.035,-7.368,5,Y,9(6K),*,,
-0.6114,-0.4008,8,Y,9(6K),A,-1.042,4
0.8316,0.2942,12,Y,9(6K),C,-0.4635,6
-0.4501,-0.2749,5,Y,9(6K),D,0.3443,1
1.76,0.4392,5,Y,9(6K),E,-0.8162,2
-0.7749,-0.5453,10,Y,9(6K),F,-0.4482,6
-1.042,-0.821,8,Y,9(6K),G,-1.281,4
-0.05871,-0.03021,9,Y,9(6K),H,-0.4639,3
0.481,0.1965,6,Y,9(6K),I,-0.9261,1
-0.6282,-0.4148,10,Y,9(6K),K,-0.7961,4
1.193,0.3664,9,Y,9(6K),L,0.07387,3
-0.1124,-0.05922,7,Y,9(6K),M,0.02442,5
0.8899,0.3076,10,Y,9(6K),N,-0.06166,5
-0.7589,-0.5303,14,Y,9(6K),P,-1.375,5
6.367,0.536,8,Y,9(6K),Q,-0.3891,5
0.4766,0.195,5,Y,9(6K),R,0.4406,1
0.4731,0.1939,9,Y,9(6K),S,-0.4725,5
-0.2042,-0.112,10,Y,9(6K),T,-0.8309,5
0.7095,0.2637,4,Y,9(6K),V,0.6331,2
-1.519,-1.449,8,Y,9(6K),W,-1.983,2
0,0,,Y,9(6K),Y,0,
-5.469,-7.175,13,L,10(6K),*,-8,8
0.1382,0.06529,1,L,10(6K),-,,
-0.1006,-0.05273,5,L,10(6K),A,0.1252,3
-1.307,-1.149,14,L,10(6K),C,-1.802,6
-1.283,-1.117,5,L,10(6K),D,-1.399,3
0.8138,0.29,8,L,10(6K),E,0.149,3
0.4219,0.1767,10,L,10(6K),F,-0.02691,7
3.592,0.5211,4,L,10(6K),G,1.267,2
0.1991,0.09164,7,L,10(6K),H,-0.534,5
-0.9134,-0.682,7,L,10(6K),I,-1.654,3
0.8332,0.2946,7,L,10(6K),K,-0.7288,4
0,0,,L,10(6K),L,0,
0.4205,0.1762,15,L,10(6K),M,-0.1018,8
-0.8099,-0.5785,10,L,10(6K),N,-0.4543,4
-0.1669,-0.09006,32,L,10(6K),P,-0.04238,8
-0.1231,-0.06517,16,L,10(6K),Q,0.2388,3
2.01,0.4607,11,L,10(6K),R,-0.5359,4
-0.1412,-0.07536,9,L,10(6K),S,-0.6428,4
0.4314,0.1799,16,L,10(6K),T,-0.06988,8
-0.5018,-0.3135,6,L,10(6K),V,-0.4935,4
0.03289,0.01627,2,L,10(6K),W,0.9993,1
1.366,0.3929,6,L,10(6K),Y,0.04221,3
-7.881,-7.594,48,W,11(6K),*,-8,3
0.1168,0.05571,1,W,11(6K),-,,
1.117,0.3532,9,W,11(6K),A,-0.3038,3
0.2946,0.1302,11,W,11(6K),C,0.08079,5
-0.09857,-0.05162,4,W,11(6K),D,-0.4676,1
-0.6496,-0.4329,8,W,11(6K),E,-0.2595,6
1.967,0.4574,14,W,11(6K),F,-0.2568,5
3.162,0.5127,10,W,11(6K),G,-1.007,5
1.461,0.4058,9,W,11(6K),H,0.379,9
0.8169,0.2907,6,W,11(6K),I,0.4699,3
0.6006,0.2334,5,W,11(6K),K,-0.00885,2
0.2931,0.1296,15,W,11(6K),L,0.423,4
-0.1159,-0.06116,13,W,11(6K),M,-0.4681,7
1.509,0.4118,5,W,11(6K),N,0.6263,4
-0.03079,-0.01565,17,W,11(6K),P,-0.1184,10
0.5989,0.2329,7,W,11(6K),Q,0.03322,3
-0.01563,-0.007895,7,W,11(6K),R,-0.8966,2
0.2188,0.09986,4,W,11(6K),S,,
0.3143,0.1377,8,W,11(6K),T,0.614,3
0.05399,0.02646,10,W,11(6K),V,0.03559,5
0,0,,W,11(6K),W,0,
0.1405,0.06631,3,W,11(6K),Y,,
-5.952,-7.346,9,N,12(6K),*,-8,7
-0.5067,-0.3172,1,N,12(6K),-,,
-1.059,-0.8405,11,N,12(6K),A,-1.68,6
0.6946,0.2598,10,N,12(6K),C,-0.2006,3
0.3395,0.1472,7,N,12(6K),D,0.6608,2
0.5454,0.2169,6,N,12(6K),E,0.2453,4
-0.1204,-0.06363,10,N,12(6K),F,-0.9224,3
-1.53,-1.466,8,N,12(6K),G,-1.87,4
-0.7706,-0.5412,5,N,12(6K),H,-0.5188,2
-0.1239,-0.06561,6,N,12(6K),I,-0.9464,4
1.41,0.3989,7,N,12(6K),K,-0.1421,1
-0.5388,-0.3421,13,N,12(6K),L,-0.3281,3
-0.6706,-0.451,7,N,12(6K),M,-1.707,4
0,0,,N,12(6K),N,0,
-0.944,-0.7141,9,N,12(6K),P,-0.9811,5
0.1795,0.08333,11,N,12(6K),Q,0.4591,7
-0.1064,-0.05592,5,N,12(6K),R,-1.652,3
-1.046,-0.8259,10,N,12(6K),S,-1.566,5
-0.925,-0.6941,3,N,12(6K),T,-0.3893,2
6.149,0.5357,5,N,12(6K),V,0.5429,1
0.1405,0.06632,5,N,12(6K),W,-0.5403,3
2.675,0.4976,6,N,12(6K),Y,1.064,3
-7.561,-7.578,6,E,13(6K),*,-8,1
-0.05946,-0.03061,1,E,13(6K),-,,
0.2805,0.1247,5,E,13(6K),A,0.1771,1
-1.058,-0.8397,9,E,13(6K),C,-1.085,5
-0.8208,-0.5891,17,E,13(6K),D,-0.7199,6
0,0,,E,13(6K),E,0,
-0.4125,-0.2479,15,E,13(6K),F,-0.1413,6
-0.2633,-0.1482,11,E,13(6K),G,0.1449,3
-0.2707,-0.1529,11,E,13(6K),H,-0.1336,5
0.8601,0.3008,10,E,13(6K),I,-0.4558,4
-1.63,-1.621,14,E,13(6K),K,-1.346,6
-1.622,-1.608,7,E,13(6K),L,-1.792,3
0.9307,0.3165,3,E,13(6K),M,,
-0.2831,-0.1607,11,E,13(6K),N,0.05582,5
1.928,0.4542,13,E,13(6K),P,0.1084,6
0.04566,0.02246,41,E,13(6K),Q,-0.1423,25
-1.971,-2.204,5,E,13(6K),R,-2.031,1
0.841,0.2964,8,E,13(6K),S,-0.6844,3
1.684,0.4316,9,E,13(6K),T,0.2981,3
3.86,0.5249,10,E,13(6K),V,0.8945,6
-0.6252,-0.4123,7,E,13(6K),W,-1.369,3
0.3317,0.1443,12,E,13(6K),Y,-0.9413,7
-6.983,-7.531,22,Q,14(6K),*,-8,8
-0.2639,-0.1485,1,Q,14(6K),-,,
0.9917,0.3292,4,Q,14(6K),A,0.02204,2
-1.632,-1.625,7,Q,14(6K),C,-1.804,2
1.88,0.4502,5,Q,14(6K),D,-0.3181,1
0.1655,0.07729,8,Q,14(6K),E,-0.749,5
0.4807,0.1964,6,Q,14(6K),F,,
0.2361,0.107,7,Q,14(6K),G,-0.8066,3
-0.6639,-0.4452,10,Q,14(6K),H,0.19,2
5.965,0.5355,1,Q,14(6K),I,,
-0.9204,-0.6893,13,Q,14(6K),K,-0.5583,6
-0.4782,-0.2957,10,Q,14(6K),L,-0.7733,6
-1.105,-0.8942,10,Q,14(6K),M,-1.431,4
0.6971,0.2604,6,Q,14(6K),N,-0.8771,3
-0.1048,-0.05502,6,Q,14(6K),P,-0.0934,2
0,0,,Q,14(6K),Q,0,
-0.4384,-0.2664,6,Q,14(6K),R,-0.2316,2
1.787,0.4418,9,Q,14(6K),S,0.2235,7
0.6732,0.254,10,Q,14(6K),T,0.1118,6
-0.2018,-0.1105,8,Q,14(6K),V,-0.9383,2
0.8166,0.2906,8,Q,14(6K),W,-0.335,3
1.353,0.3911,8,Q,14(6K),Y,-0.0253,4
-6.162,-7.4,11,Q,15(6K),*,,
-0.4705,-0.2899,9,Q,15(6K),A,-0.1016,4
0.3325,0.1446,5,Q,15(6K),C,-1.914,1
-1.123,-0.9152,9,Q,15(6K),D,-0.4231,4
0.7716,0.2796,7,Q,15(6K),E,0.5678,3
2.089,0.4664,4,Q,15(6K),F,-0.8288,2
1.161,0.3608,5,Q,15(6K),G,-1.135,4
2.46,0.4882,8,Q,15(6K),H,0.118,2
0.5999,0.2332,8,Q,15(6K),I,0.4419,5
-0.94,-0.7099,12,Q,15(6K),K,-1.169,6
1.163,0.3613,8,Q,15(6K),L,1.48,2
-0.09311,-0.04864,9,Q,15(6K),M,1.017,3
-1.437,-1.329,4,Q,15(6K),N,-0.4695,2
-0.2207,-0.1219,9,Q,15(6K),P,-0.887,5
0,0,,Q,15(6K),Q,0,
-0.3286,-0.1903,6,Q,15(6K),R,-0.325,3
-0.5412,-0.344,4,Q,15(6K),S,-0.7,2
-1.148,-0.9461,9,Q,15(6K),T,-1.275,5
0.5065,0.2047,8,Q,15(6K),V,0.403,1
-0.1539,-0.08255,3,Q,15(6K),W,0.09039,3
-1.043,-0.8223,5,Q,15(6K),Y,0.09927,1
-6.06,-7.375,10,P,16(6K),*,-8,4
-0.02523,-0.0128,8,P,16(6K),A,-0.1555,4
0.3662,0.157,5,P,16(6K),C,1.054,1
0.5871,0.2295,7,P,16(6K),D,-0.6282,3
0.7149,0.2651,3,P,16(6K),E,0.4912,1
1.968,0.4574,8,P,16(6K),F,-1.001,2
-1.04,-0.8193,6,P,16(6K),G,-1.065,4
-0.06769,-0.03497,10,P,16(6K),H,-0.0267,4
0.3356,0.1458,4,P,16(6K),I,0.9988,1
0.8206,0.2916,4,P,16(6K),K,-0.9314,2
-0.5947,-0.387,12,P,16(6K),L,-0.6841,4
2.04,0.4629,2,P,16(6K),M,-0.2999,1
-0.8992,-0.6674,5,P,16(6K),N,-1.012,3
0,0,,P,16(6K),P,0,
2.445,0.4874,7,P,16(6K),Q,0.2867,4
-0.5308,-0.3359,5,P,16(6K),R,-0.4045,3
0.3498,0.151,6,P,16(6K),S,-0.08515,2
-0.238,-0.1325,13,P,16(6K),T,-0.7359,6
-1.034,-0.8126,5,P,16(6K),V,-0.8189,3
-0.2506,-0.1403,4,P,16(6K),W,-0.2083,2
-0.7775,-0.5477,5,P,16(6K),Y,-4.636,2
1.762,0.4395,4,L,17(6K),A,0.4134,2
-0.4628,-0.2843,10,L,17(6K),C,0.2025,4
1.031,0.337,6,L,17(6K),D,-0.5935,3
-0.1128,-0.05943,7,L,17(6K),E,-0.4646,5
-1.086,-0.8725,6,L,17(6K),F,-0.5559,1
-1.221,-1.037,8,L,17(6K),G,-1.377,5
2.271,0.4781,5,L,17(6K),H,-0.08342,2
0.1714,0.07987,10,L,17(6K),I,0.2836,7
-0.3724,-0.2198,4,L,17(6K),K,-0.229,4
0,0,,L,17(6K),L,0,
-2.216,-2.667,6,L,17(6K),M,-3.179,1
-0.4668,-0.2872,4,L,17(6K),N,-1.267,2
0.8228,0.2921,14,L,17(6K),P,0.2119,7
-0.4055,-0.2429,7,L,17(6K),Q,-0.7077,3
-0.9429,-0.713,9,L,17(6K),R,-0.6011,3
3.996,0.5264,4,L,17(6K),S,-0.9297,2
0.4272,0.1785,6,L,17(6K),T,-1.208,3
-0.3625,-0.2131,10,L,17(6K),V,-0.7158,7
-0.4449,-0.2711,10,L,17(6K),W,0.3115,2
-0.1311,-0.06966,3,L,17(6K),Y,0.08315,2
-6.56,-7.476,2,F,18(6K),*,-8,2
-0.7523,-0.5242,3,F,18(6K),A,,
0.2303,0.1046,4,F,18(6K),C,-0.146,2
-0.1656,-0.08927,14,F,18(6K),D,0.1922,4
-0.03192,-0.01624,11,F,18(6K),E,-0.1417,7
0,0,,F,18(6K),F,0,
-0.9033,-0.6715,9,F,18(6K),G,0.2686,2
1.48,0.4082,7,F,18(6K),H,-0.04223,3
0.6477,0.2469,8,F,18(6K),I,-0.1466,6
-1.024,-0.8015,4,F,18(6K),K,-0.6875,2
-0.6352,-0.4207,6,F,18(6K),L,-1.089,2
0.3348,0.1454,7,F,18(6K),M,-0.01264,3
0.3176,0.139,7,F,18(6K),N,-0.1383,5
2.69,0.4981,7,F,18(6K),P,-0.3404,4
0.2844,0.1263,4,F,18(6K),Q,,
-0.2107,-0.1159,5,F,18(6K),R,1.331,1
-1.019,-0.7961,6,F,18(6K),S,-0.3952,3
0.3379,0.1466,5,F,18(6K),T,-0.3339,3
-0.2756,-0.156,4,F,18(6K),V,-1.131,2
1.472,0.4071,3,F,18(6K),W,-0.7099,1
0.7294,0.2689,7,F,18(6K),Y,-1.776,2
-7.981,-7.598,40,W,19(6K),*,-8,7
1.067,0.3439,2,W,19(6K),A,-0.2299,1
0.2618,0.1173,10,W,19(6K),C,-0.3823,6
-0.5364,-0.3402,8,W,19(6K),D,-0.721,4
-0.9003,-0.6685,7,W,19(6K),E,-1.264,5
6.215,0.5358,7,W,19(6K),F,-1.808,3
0.5848,0.2288,7,W,19(6K),G,-0.0254,2
-3.916,-5.833,2,W,19(6K),H,,
0.6395,0.2446,6,W,19(6K),I,0.2031,2
-0.6791,-0.4584,5,W,19(6K),K,-0.4764,2
-0.9017,-0.6699,9,W,19(6K),L,-1.61,3
-0.1525,-0.08174,11,W,19(6K),M,-0.01905,6
-0.5801,-0.3751,6,W,19(6K),N,0.2756,2
-0.1769,-0.09586,4,W,19(6K),P,1.497,1
0.7651,0.278,11,W,19(6K),Q,-0.2223,8
0.7162,0.2655,7,W,19(6K),R,-1.005,3
-0.515,-0.3236,11,W,19(6K),S,-0.2056,8
2.456,0.4879,7,W,19(6K),T,0.1269,4
-0.3281,-0.19,9,W,19(6K),V,-0.3488,4
0,0,,W,19(6K),W,0,
-0.4179,-0.2517,3,W,19(6K),Y,-1.457,1
-7.812,-7.591,8,L,20(6K),*,-8,2
1.264,0.3777,9,L,20(6K),A,0.05398,7
-0.9225,-0.6915,3,L,20(6K),C,-0.1683,1
0.4702,0.1929,5,L,20(6K),D,0.3682,3
-1.112,-0.903,4,L,20(6K),E,-1.073,2
-0.0783,-0.04064,6,L,20(6K),F,-0.1938,3
-0.1932,-0.1054,8,L,20(6K),G,-0.7103,5
-1.93,-2.13,3,L,20(6K),H,-2.418,3
0.7649,0.278,8,L,20(6K),I,-1.294,2
-0.993,-0.7669,4,L,20(6K),K,-0.7188,2
0,0,,L,20(6K),L,0,
0.2746,0.1224,13,L,20(6K),M,0.8524,6
0.47,0.1929,9,L,20(6K),N,0.4807,3
-0.1708,-0.09232,16,L,20(6K),P,-0.5485,5
-0.2514,-0.1407,3,L,20(6K),Q,-2.545,1
-0.7297,-0.5035,2,L,20(6K),R,-0.7426,1
-0.7267,-0.5008,5,L,20(6K),S,-0.8381,2
2.091,0.4665,6,L,20(6K),T,0.7709,4
0.4365,0.1817,6,L,20(6K),V,0.6448,4
-0.4843,-0.3003,7,L,20(6K),W,-0.725,4
0.1452,0.06841,5,L,20(6K),Y,-0.2171,2
-5.875,-7.323,10,Q,21(6K),*,,
1.666,0.4297,1,Q,21(6K),A,,
0.7665,0.2784,10,Q,21(6K),C,0.126,4
-0.7513,-0.5233,3,Q,21(6K),D,-1.139,2
-0.3543,-0.2075,5,Q,21(6K),E,-0.08163,2
2.089,0.4664,3,Q,21(6K),F,0.3993,3
-0.1217,-0.06438,10,Q,21(6K),G,-0.8136,4
0.3351,0.1456,6,Q,21(6K),H,-0.5814,2
-0.1045,-0.05486,7,Q,21(6K),I,-0.9293,4
-0.8244,-0.5926,6,Q,21(6K),K,-0.07225,2
-0.3275,-0.1896,6,Q,21(6K),L,-1.169,2
0.05905,0.02888,7,Q,21(6K),M,-0.4938,5
0.00155,0.0007767,7,Q,21(6K),N,-0.2576,4
1.198,0.3672,5,Q,21(6K),P,0.8968,1
0,0,,Q,21(6K),Q,0,
0.507,0.2049,15,Q,21(6K),R,-0.3668,5
0.9445,0.3194,7,Q,21(6K),S,-0.8406,2
-1.55,-1.497,6,Q,21(6K),T,-2.167,5
0.532,0.2127,6,Q,21(6K),V,0.9756,1
-0.2541,-0.1424,7,Q,21(6K),W,0.8222,1
0.8515,0.2988,6,Q,21(6K),Y,-0.1048,5
-4.876,-6.837,6,A,22(6K),*,-6.486,2
0,0,,A,22(6K),A,0,
0.9739,0.3256,10,A,22(6K),C,-0.9216,6
-1.252,-1.077,6,A,22(6K),D,-1.342,4
-0.4308,-0.2609,7,A,22(6K),E,0.7152,1
-1.236,-1.056,7,A,22(6K),F,-1.239,2
-0.5862,-0.38,4,A,22(6K),G,-0.3197,1
-0.5105,-0.3201,5,A,22(6K),H,-1.289,3
-0.3698,-0.218,8,A,22(6K),I,-0.06928,5
-0.3892,-0.2315,6,A,22(6K),K,-0.1382,4
0.02043,0.01016,5,A,22(6K),L,,
-1.321,-1.167,5,A,22(6K),M,-1.339,3
-0.9492,-0.7197,9,A,22(6K),N,-1.125,4
0.06394,0.0312,7,A,22(6K),P,-0.6451,3
-1.151,-0.9499,5,A,22(6K),Q,-0.1131,2
0.287,0.1273,4,A,22(6K),R,,
0.7559,0.2757,12,A,22(6K),S,0.202,2
0.2614,0.1172,12,A,22(6K),T,0.1118,4
0.2518,0.1133,13,A,22(6K),V,-0.8469,3
-0.2795,-0.1584,10,A,22(6K),W,0.3764,5
0.6801,0.2558,5,A,22(6K),Y,-1.872,2
-0.1854,-0.1009,2,L,23(6K),A,-0.1827,1
0.141,0.06657,9,L,23(6K),C,-1.135,4
1.024,0.3356,4,L,23(6K),D,0.1222,3
0.3583,0.1541,7,L,23(6K),E,-0.4481,2
-0.0446,-0.02281,8,L,23(6K),F,-0.0687,4
1.555,0.4174,5,L,23(6K),G,-0.6234,3
0.05437,0.02664,7,L,23(6K),H,-1.666,2
0.3303,0.1438,6,L,23(6K),I,-0.281,4
-2.312,-2.857,6,L,23(6K),K,-3.067,3
0,0,,L,23(6K),L,0,
-0.1556,-0.08354,16,L,23(6K),M,0.0178,4
-1.371,-1.236,8,L,23(6K),N,-1.662,5
0.07047,0.03429,26,L,23(6K),P,0.7284,2
-0.6857,-0.4642,7,L,23(6K),Q,-0.5504,3
-1.776,-1.861,9,L,23(6K),R,-2.974,5
0.4553,0.188,7,L,23(6K),S,-0.4428,4
-0.3798,-0.225,8,L,23(6K),T,-0.4103,4
0.6777,0.2552,6,L,23(6K),V,-0.7625,2
-0.436,-0.2647,9,L,23(6K),W,0.06845,5
-0.9055,-0.6739,6,L,23(6K),Y,-0.1944,4
-7.224,-7.554,9,I,24(6K),*,-8,5
-0.2721,-0.1537,1,I,24(6K),-,,
1.012,0.3333,7,I,24(6K),A,-0.7876,2
-0.2804,-0.159,7,I,24(6K),C,-0.01165,5
-0.8009,-0.5699,10,I,24(6K),D,-1.398,5
-1.179,-0.9835,8,I,24(6K),E,-1.713,5
0.952,0.321,4,I,24(6K),F,-0.8723,2
0.9306,0.3165,6,I,24(6K),G,0.9561,2
-0.6318,-0.4178,7,I,24(6K),H,-1.057,1
0,0,,I,24(6K),I,0,
-1.389,-1.262,6,I,24(6K),K,-1.788,3
-1.438,-1.331,9,I,24(6K),L,-1.349,6
-0.2556,-0.1434,5,I,24(6K),M,-1.187,3
0.5131,0.2068,4,I,24(6K),N,0.2496,1
-0.1505,-0.08064,8,I,24(6K),P,-0.1148,3
0.2107,0.09652,3,I,24(6K),Q,,
-2.16,-2.56,2,I,24(6K),R,-2.821,1
-2.621,-3.481,3,I,24(6K),S,-3.792,1
-1.279,-1.112,8,I,24(6K),T,-0.9989,2
0.2859,0.1268,4,I,24(6K),V,,
-0.13,-0.06904,7,I,24(6K),W,0.4253,2
-0.1151,-0.06069,6,I,24(6K),Y,0.2369,3
-0.6004,-0.3916,1,P,25(6K),-,,
0.0523,0.02565,3,P,25(6K),A,0.01319,1
2.27,0.478,4,P,25(6K),C,0.395,2
-0.2277,-0.1262,3,P,25(6K),D,0.5068,1
-0.5895,-0.3827,2,P,25(6K),E,,
-0.2208,-0.122,9,P,25(6K),F,-0.7189,1
0.5538,0.2195,9,P,25(6K),G,0.4751,3
-2.122,-2.486,9,P,25(6K),H,-3.161,1
-0.2283,-0.1265,11,P,25(6K),I,-0.4783,8
-2.364,-2.959,2,P,25(6K),K,,
-0.8164,-0.5848,10,P,25(6K),L,-0.4082,3
0.2402,0.1087,6,P,25(6K),M,-0.6067,3
-0.8144,-0.5829,6,P,25(6K),N,-0.6953,2
0,0,,P,25(6K),P,0,
-1.28,-1.113,8,P,25(6K),Q,-1.775,5
-0.9905,-0.7642,3,P,25(6K),R,-0.7948,1
0.007247,0.003625,6,P,25(6K),S,0.1265,3
0.195,0.08994,12,P,25(6K),T,-0.8627,4
0.03155,0.01561,5,P,25(6K),V,-0.246,4
0.877,0.3046,8,P,25(6K),W,0.474,5
-0.2601,-0.1462,7,P,25(6K),Y,-0.1956,3
-5.717,-7.272,8,L,26(6K),*,-8,5
-0.6903,-0.4682,1,L,26(6K),-,,
0.3168,0.1387,3,L,26(6K),A,,
0.4634,0.1907,8,L,26(6K),C,-0.109,5
-2.597,-3.432,6,L,26(6K),D,-4.157,2
-2.297,-2.826,8,L,26(6K),E,-3.471,3
-1.056,-0.8379,2,L,26(6K),F,-0.8923,1
-0.168,-0.09069,4,L,26(6K),G,,
-1.706,-1.745,8,L,26(6K),H,-2.188,1
-0.791,-0.5605,4,L,26(6K),I,,
-4.721,-6.718,7,L,26(6K),K,-6.799,4
0,0,,L,26(6K),L,0,
-0.9238,-0.6929,15,L,26(6K),M,-1.45,4
-1.754,-1.824,8,L,26(6K),N,-2.733,3
-0.4391,-0.2669,7,L,26(6K),P,-0.6237,2
-2.041,-2.333,7,L,26(6K),Q,-2.729,5
-5.36,-7.125,8,L,26(6K),R,-8,5
-1.324,-1.172,14,L,26(6K),S,-1.873,6
-1.696,-1.729,3,L,26(6K),T,-2.039,1
0.5988,0.2329,10,L,26(6K),V,-0.1884,5
-0.1003,-0.05259,9,L,26(6K),W,-0.9005,6
1.127,0.355,2,L,26(6K),Y,,
-1.056,-0.8373,1,A,27(6K),-,,
0,0,,A,27(6K),A,0,
-1.177,-0.9817,6,A,27(6K),C,-1.383,4
-1.846,-1.982,8,A,27(6K),D,-1.999,5
-0.7304,-0.5041,4,A,27(6K),E,-1.152,3
-0.3018,-0.1728,17,A,27(6K),F,-0.3126,9
-0.4344,-0.2635,7,A,27(6K),G,-0.2565,2
-0.2515,-0.1408,8,A,27(6K),H,-1.607,4
0.3962,0.1677,3,A,27(6K),I,0.1166,3
-4.846,-6.815,8,A,27(6K),K,-8,3
1.85,0.4476,11,A,27(6K),L,0.6624,7
-1.042,-0.822,7,A,27(6K),M,-1.44,4
-1.915,-2.103,8,A,27(6K),N,-2.139,2
-0.6332,-0.419,4,A,27(6K),P,-2.455,2
-4.184,-6.181,1,A,27(6K),Q,,
-6,-7.359,10,A,27(6K),R,-8,6
-0.5498,-0.3508,11,A,27(6K),S,0.1979,3
0.4443,0.1843,19,A,27(6K),T,-0.3319,5
0.01182,0.0059,72,A,27(6K),V,-0.3149,11
-0.2482,-0.1388,7,A,27(6K),W,-0.0533,4
-0.485,-0.3008,6,A,27(6K),Y,-1.06,4
-7.296,-7.559,10,A,28(6K),*,-8,6
-0.5616,-0.3602,1,A,28(6K),-,,
0,0,,A,28(6K),A,0,
0.6417,0.2452,6,A,28(6K),C,,
-1.953,-2.172,9,A,28(6K),D,-2.641,5
-0.8227,-0.5909,6,A,28(6K),E,-2.54,1
1.078,0.3459,5,A,28(6K),F,-0.5509,3
-0.6813,-0.4603,6,A,28(6K),G,-1.16,3
-1.546,-1.491,6,A,28(6K),H,-2.566,2
-0.9773,-0.7498,7,A,28(6K),I,-1.277,4
-0.9031,-0.6714,4,A,28(6K),K,-1.157,2
-0.9827,-0.7556,3,A,28(6K),L,-0.3533,2
2.725,0.4995,11,A,28(6K),M,0.2877,6
-1.613,-1.594,1,A,28(6K),N,-1.877,1
-1.537,-1.477,8,A,28(6K),P,-1.805,3
-0.9509,-0.7214,9,A,28(6K),R,-0.4752,3
-0.9812,-0.7541,12,A,28(6K),S,-0.3489,4
-0.6229,-0.4103,37,A,28(6K),T,-0.8382,6
-0.3642,-0.2142,16,A,28(6K),V,0.1691,5
-0.4324,-0.262,6,A,28(6K),W,-0.6084,5
0.2181,0.09959,2,A,28(6K),Y,0.5903,1
0.7493,0.274,1,L,29(6K),-,,
-0.3156,-0.1818,3,L,29(6K),A,-0.5679,2
-1.241,-1.062,4,L,29(6K),C,-1.117,1
-1.468,-1.375,9,L,29(6K),D,-1.339,6
-1.74,-1.801,7,L,29(6K),E,-2.978,3
-0.9802,-0.7529,2,L,29(6K),F,-0.4636,1
-0.3127,-0.1798,7,L,29(6K),G,-0.1929,5
-0.9445,-0.7146,6,L,29(6K),H,-0.7953,4
-0.3381,-0.1966,4,L,29(6K),I,-1.178,2
-2.163,-2.565,3,L,29(6K),K,-2.481,1
0,0,,L,29(6K),L,0,
-0.7497,-0.5218,6,L,29(6K),M,-0.976,3
-0.5679,-0.3652,5,L,29(6K),N,-0.5458,2
1.089,0.348,10,L,29(6K),P,0.3867,1
1.612,0.4239,1,L,29(6K),Q,0.2823,1
-3.002,-4.252,8,L,29(6K),R,-5.048,5
-0.1402,-0.07477,8,L,29(6K),S,-0.4054,5
-0.2489,-0.1392,6,L,29(6K),T,-0.2721,2
-0.3223,-0.1861,6,L,29(6K),V,0.2923,1
-0.4408,-0.2682,4,L,29(6K),W,-0.4539,1
-0.7222,-0.4967,6,L,29(6K),Y,-1.104,4
-7.216,-7.553,11,I,30(6K),*,-8,6
-0.242,-0.1349,1,I,30(6K),-,,
-0.7654,-0.5364,12,I,30(6K),A,-1.073,7
3.58,0.521,2,I,30(6K),C,,
-0.8895,-0.6574,4,I,30(6K),D,-1.973,2
-1.731,-1.786,5,I,30(6K),E,-1.554,3
-0.1395,-0.07435,9,I,30(6K),F,-0.6443,5
-0.3344,-0.1941,6,I,30(6K),G,0.09679,1
-1.002,-0.777,7,I,30(6K),H,-1.044,2
0,0,,I,30(6K),I,0,
-2.118,-2.479,4,I,30(6K),K,-2.182,1
4.732,0.5319,9,I,30(6K),L,0.1678,1
-0.7619,-0.5331,4,I,30(6K),M,0.6782,2
-1.155,-0.9542,6,I,30(6K),N,-0.3066,3
-0.1254,-0.06646,6,I,30(6K),P,-0.9259,1
-1.326,-1.174,7,I,30(6K),Q,-4.593,2
-2.642,-3.523,9,I,30(6K),R,-4.029,4
0.1432,0.06755,4,I,30(6K),S,0.5586,1
3.61,0.5214,3,I,30(6K),T,-0.5123,1
0.3416,0.148,8,I,30(6K),V,-1.306,4
0.4561,0.1883,9,I,30(6K),W,-0.3081,3
-0.8283,-0.5964,10,I,30(6K),Y,-0.406,3
0.3211,0.1403,1,V,31(6K),-,,
-0.2514,-0.1407,18,V,31(6K),A,-0.6651,7
0.4229,0.177,7,V,31(6K),C,,
-1.437,-1.33,6,V,31(6K),D,-1.542,1
-1.945,-2.157,5,V,31(6K),E,-0.1333,1
-0.3271,-0.1893,7,V,31(6K),F,0.4592,3
-0.6845,-0.4631,7,V,31(6K),G,-0.7695,2
-0.4046,-0.2423,5,V,31(6K),H,0.06155,2
-1.198,-1.008,9,V,31(6K),I,-0.6925,4
-1.794,-1.892,8,V,31(6K),K,-3.38,3
-0.4007,-0.2395,10,V,31(6K),L,-0.578,4
-0.3145,-0.181,15,V,31(6K),M,-0.5345,8
-0.4644,-0.2855,10,V,31(6K),N,-1.176,6
-0.5487,-0.3499,8,V,31(6K),P,0.03986,5
-0.5698,-0.3667,9,V,31(6K),Q,-1.052,4
-2.023,-2.301,8,V,31(6K),R,-2.47,4
-0.8749,-0.6426,10,V,31(6K),S,-0.9388,5
-0.4017,-0.2402,10,V,31(6K),T,-0.294,6
0,0,,V,31(6K),V,0,
-0.7744,-0.5448,8,V,31(6K),W,-0.4171,4
0.0004692,0.0002353,9,V,31(6K),Y,0.1846,3
-7.352,-7.564,12,L,32(6K),*,-8,7
-0.8864,-0.6543,1,L,32(6K),-,,
-0.1449,-0.07741,5,L,32(6K),A,-0.6228,3
0.1175,0.05604,11,L,32(6K),C,-0.2825,6
-1.539,-1.481,6,L,32(6K),D,-1.881,4
-1.604,-1.58,6,L,32(6K),E,-1.514,4
0.4588,0.1892,12,L,32(6K),F,-0.1275,9
0.08837,0.04267,5,L,32(6K),G,0.01189,3
0.1693,0.07894,12,L,32(6K),H,-0.6392,8
2.553,0.4925,9,L,32(6K),I,-0.2515,4
0.1646,0.07691,10,L,32(6K),K,-0.0423,6
0,0,,L,32(6K),L,0,
0.5289,0.2118,11,L,32(6K),M,0.4628,4
-1.026,-0.8039,3,L,32(6K),N,-0.9712,1
0.3014,0.1328,21,L,32(6K),P,-1.687,2
-0.2096,-0.1152,7,L,32(6K),Q,-1.105,5
-0.8119,-0.5805,8,L,32(6K),R,-0.2669,3
-0.1154,-0.06088,8,L,32(6K),S,-0.3866,5
-0.1013,-0.05311,8,L,32(6K),T,0.3673,4
0.2325,0.1055,12,L,32(6K),V,0.2414,5
-0.4552,-0.2787,8,L,32(6K),W,-1.498,4
-0.3709,-0.2188,6,L,32(6K),Y,-0.5696,2
-8.48,-7.613,7,C,33(6K),*,-8,1
-0.5271,-0.333,1,C,33(6K),-,,
3.038,0.5095,2,C,33(6K),A,0.1937,1
0,0,,C,33(6K),C,0,
-0.2761,-0.1563,6,C,33(6K),D,-1.396,3
0.3049,0.1342,6,C,33(6K),E,-0.4794,3
0.2108,0.09655,9,C,33(6K),F,0.2014,5
-0.3875,-0.2303,10,C,33(6K),G,-1.269,5
0.9147,0.313,4,C,33(6K),H,-1.378,1
-0.6313,-0.4173,10,C,33(6K),I,-1.348,4
-2.101,-2.446,2,C,33(6K),K,-2.94,1
-0.6906,-0.4685,7,C,33(6K),L,-0.7311,4
-1.107,-0.8964,1,C,33(6K),M,-1.164,1
-1.764,-1.84,9,C,33(6K),N,-1.568,3
-0.2501,-0.1399,6,C,33(6K),P,-0.5088,6
-0.6826,-0.4615,5,C,33(6K),Q,-1.291,1
0.2793,0.1242,14,C,33(6K),R,-0.2557,8
-0.5309,-0.3359,8,C,33(6K),S,-0.3793,2
-0.04627,-0.02368,10,C,33(6K),T,0.4667,6
0.1694,0.07898,11,C,33(6K),V,0.2087,8
-0.8001,-0.5691,10,C,33(6K),W,-1.009,4
-0.5502,-0.3512,19,C,33(6K),Y,0.4028,3
-6.859,-7.517,13,N,34(6K),*,-8,7
-0.5395,-0.3427,1,N,34(6K),-,,
-0.2258,-0.125,1,N,34(6K),A,,
-0.1728,-0.09349,7,N,34(6K),C,0.0243,6
1.559,0.4178,10,N,34(6K),D,-0.2578,5
-0.5067,-0.3173,10,N,34(6K),E,-1.147,6
-0.6614,-0.443,11,N,34(6K),F,-0.8491,7
-0.286,-0.1626,3,N,34(6K),G,-0.6451,3
1.476,0.4076,14,N,34(6K),H,-0.0627,6
-0.3367,-0.1957,6,N,34(6K),I,-1.07,2
0.09432,0.04542,8,N,34(6K),K,-0.225,3
-0.2257,-0.125,10,N,34(6K),L,-0.5179,5
-1.566,-1.522,7,N,34(6K),M,-1.95,3
0,0,,N,34(6K),N,0,
0.5875,0.2296,10,N,34(6K),P,0.3584,2
0.1092,0.05225,7,N,34(6K),Q,-0.4697,3
-1.256,-1.082,6,N,34(6K),R,-1.406,3
1.575,0.4197,8,N,34(6K),S,1.543,2
-0.07311,-0.03786,6,N,34(6K),T,-0.02166,3
-1.022,-0.7988,5,N,34(6K),V,-0.6389,3
-0.7169,-0.492,8,N,34(6K),W,-0.5992,6
-1.553,-1.502,8,N,34(6K),Y,-2.307,3
-6.888,-7.521,3,C,35(6K),*,,
-0.1014,-0.05315,1,C,35(6K),-,,
-0.4862,-0.3017,8,C,35(6K),A,-0.7311,3
0,0,,C,35(6K),C,0,
-1.029,-0.8069,3,C,35(6K),D,-1.363,2
-0.09837,-0.05151,4,C,35(6K),E,-1.933,2
1.234,0.373,8,C,35(6K),F,0.6906,5
1.025,0.3358,6,C,35(6K),G,0.1381,4
2.004,0.4602,3,C,35(6K),H,,
-1.09,-0.8771,7,C,35(6K),I,-1.239,5
0.3989,0.1687,6,C,35(6K),K,-0.4006,1
0.9388,0.3182,11,C,35(6K),L,0.1019,8
-0.2919,-0.1664,7,C,35(6K),M,-0.7551,4
1.665,0.4296,8,C,35(6K),N,0.228,7
0.4246,0.1776,4,C,35(6K),P,-0.02675,2
-1.079,-0.8641,4,C,35(6K),Q,-0.9387,3
0.1977,0.09106,4,C,35(6K),R,0.4894,3
-0.5013,-0.3132,11,C,35(6K),S,-0.9062,4
-0.3266,-0.189,9,C,35(6K),T,-1.8,5
0.5989,0.2329,6,C,35(6K),V,0.4631,4
-0.4246,-0.2565,9,C,35(6K),W,-0.5872,4
-0.8003,-0.5693,16,C,35(6K),Y,0.3478,5
-5.058,-6.959,8,L,36(6K),*,-7.765,5
-1.351,-1.208,3,L,36(6K),A,-1.503,2
0.5133,0.2069,10,L,36(6K),C,-0.9674,3
1.187,0.3653,8,L,36(6K),D,0.142,3
-0.4275,-0.2585,7,L,36(6K),E,-0.743,7
-0.1309,-0.06954,6,L,36(6K),F,-0.5217,3
0.6277,0.2412,9,L,36(6K),G,-1.244,3
-1.415,-1.297,9,L,36(6K),H,-1.525,4
0.3052,0.1343,11,L,36(6K),I,0.1284,5
-0.2878,-0.1637,3,L,36(6K),K,-0.4068,2
0,0,,L,36(6K),L,0,
2.22,0.475,10,L,36(6K),M,0.4726,3
1.229,0.3721,6,L,36(6K),N,0.4763,3
-0.9511,-0.7217,22,L,36(6K),P,-0.5912,4
0.6986,0.2608,6,L,36(6K),Q,-0.791,1
0.8949,0.3086,6,L,36(6K),R,-1.77,1
0.8636,0.3016,11,L,36(6K),S,-0.3268,6
0.341,0.1478,8,L,36(6K),T,-0.1888,6
1.701,0.4334,10,L,36(6K),V,-0.1428,3
-1.016,-0.7927,8,L,36(6K),W,-1.278,5
-0.476,-0.2941,7,L,36(6K),Y,-0.6005,6
0.2234,0.1018,6,R,37(6K),A,-0.7838,4
-0.683,-0.4618,9,R,37(6K),C,0.01357,6
0.3409,0.1477,7,R,37(6K),D,-0.6324,5
0.5866,0.2293,5,R,37(6K),E,0.449,2
-0.6159,-0.4045,15,R,37(6K),F,-0.8243,9
-0.09765,-0.05112,9,R,37(6K),G,-0.4097,5
-0.08544,-0.04449,13,R,37(6K),H,0.456,5
-0.03588,-0.01828,11,R,37(6K),I,-0.9571,4
-0.1779,-0.09645,15,R,37(6K),K,0.4337,3
1.382,0.3951,5,R,37(6K),L,0.3139,4
-0.4339,-0.2632,11,R,37(6K),M,-1.32,5
-0.8075,-0.5762,5,R,37(6K),N,0.124,1
0.5766,0.2264,8,R,37(6K),P,-1.824,2
-0.201,-0.1101,4,R,37(6K),Q,,
0,0,,R,37(6K),R,0,
2.699,0.4985,4,R,37(6K),S,-0.171,2
-1.303,-1.144,10,R,37(6K),T,-1.092,7
-0.1517,-0.08133,6,R,37(6K),V,-0.5542,4
0.3678,0.1576,6,R,37(6K),W,-0.5416,3
0.8921,0.308,9,R,37(6K),Y,0.3256,5
-6.547,-7.474,9,L,38(6K),*,-8,6
-0.5078,-0.3181,12,L,38(6K),A,-0.5118,4
0.2803,0.1246,4,L,38(6K),C,-4.304,1
0.7644,0.2778,8,L,38(6K),D,0.02092,5
0.8254,0.2927,10,L,38(6K),E,-0.291,6
-0.5834,-0.3777,10,L,38(6K),F,-0.2144,9
0.1221,0.05809,7,L,38(6K),G,-0.6309,3
-0.2648,-0.1491,11,L,38(6K),H,-0.2741,4
-0.05755,-0.0296,12,L,38(6K),I,0.192,6
1.096,0.3493,4,L,38(6K),K,-0.07115,2
0,0,,L,38(6K),L,0,
0.4649,0.1912,9,L,38(6K),M,0.01008,4
0.1112,0.05318,13,L,38(6K),N,-0.2942,5
-0.4578,-0.2806,4,L,38(6K),P,-0.9177,1
-1.228,-1.045,6,L,38(6K),Q,-1.01,3
0.8261,0.2929,7,L,38(6K),R,-0.1578,2
2.225,0.4753,1,L,38(6K),S,0.5705,1
1.65,0.4281,6,L,38(6K),T,0.2966,4
0.2672,0.1195,14,L,38(6K),V,-0.1862,8
-0.4067,-0.2438,2,L,38(6K),W,,
2.678,0.4976,5,L,38(6K),Y,-0.9792,3
0.5329,0.213,9,L,39(6K),A,0.3786,5
-1.533,-1.471,7,L,39(6K),C,-1.916,4
-0.3791,-0.2245,5,L,39(6K),D,-1.759,2
0.4586,0.1891,7,L,39(6K),E,0.1452,3
1.24,0.3739,6,L,39(6K),F,-0.977,3
1.889,0.451,6,L,39(6K),G,0.7138,3
0.3209,0.1402,4,L,39(6K),H,-1.006,2
0.6516,0.248,1,L,39(6K),I,,
-0.3376,-0.1963,6,L,39(6K),K,-0.5994,6
0,0,,L,39(6K),L,0,
0.1808,0.08391,10,L,39(6K),M,-1.257,4
1.401,0.3978,8,L,39(6K),N,-0.1505,6
-0.5101,-0.3199,5,L,39(6K),P,0.6188,3
3.523,0.52,6,L,39(6K),Q,0.556,4
1.497,0.4104,7,L,39(6K),R,-1.114,2
-0.07277,-0.03768,6,L,39(6K),S,-0.3284,4
0.5455,0.2169,6,L,39(6K),T,-0.3428,4
-1.272,-1.102,3,L,39(6K),V,0.8287,1
-0.16,-0.08604,7,L,39(6K),W,-0.2753,5
0.7373,0.2709,11,L,39(6K),Y,-0.2128,6
-7.365,-7.565,6,P,40(6K),*,-8,3
-0.3997,-0.2388,8,P,40(6K),A,-0.1651,6
1.432,0.4019,12,P,40(6K),C,0.9233,3
-0.1831,-0.09948,7,P,40(6K),D,-0.2318,5
0.01354,0.006752,9,P,40(6K),E,0.2518,3
-1.117,-0.9086,13,P,40(6K),F,-0.3367,7
-0.00958,-0.004827,7,P,40(6K),G,0.07062,4
-0.3823,-0.2267,11,P,40(6K),H,-1.431,3
-1.339,-1.192,5,P,40(6K),I,-0.9962,3
0.3387,0.1469,10,P,40(6K),K,0.0143,4
-0.1402,-0.07475,16,P,40(6K),L,-1.099,6
-0.4329,-0.2624,4,P,40(6K),M,-0.4591,2
0.2306,0.1047,8,P,40(6K),N,0.2215,1
0,0,,P,40(6K),P,0,
-0.4727,-0.2916,8,P,40(6K),Q,-0.847,3
-0.1192,-0.06301,10,P,40(6K),R,-0.9744,5
-0.1924,-0.1049,30,P,40(6K),S,-1.769,8
-0.6239,-0.4111,5,P,40(6K),T,-0.8332,3
-1.124,-0.9165,5,P,40(6K),V,,
-1.102,-0.8905,9,P,40(6K),W,-1.82,5
-1.641,-1.638,8,P,40(6K),Y,-1.895,4
-7.477,-7.572,7,C,41(6K),*,-8,1
3.324,0.5163,8,C,41(6K),A,0.3881,3
0,0,,C,41(6K),C,0,
-1.252,-1.077,3,C,41(6K),D,-1.383,1
0.7195,0.2663,4,C,41(6K),E,-0.5795,3
-1.18,-0.9848,11,C,41(6K),F,-0.5902,5
0.8193,0.2913,8,C,41(6K),G,0.4015,4
-0.811,-0.5795,6,C,41(6K),H,-0.9431,1
-0.7885,-0.558,10,C,41(6K),I,-0.1955,6
-0.505,-0.3159,6,C,41(6K),K,0.2203,3
-0.3221,-0.186,10,C,41(6K),L,-0.9171,5
1.441,0.4032,12,C,41(6K),M,-0.5598,6
0.2284,0.1038,4,C,41(6K),N,-0.2499,2
-0.1106,-0.05822,13,C,41(6K),P,0.5774,6
0.222,0.1012,7,C,41(6K),Q,0.5113,3
-1.027,-0.8043,7,C,41(6K),R,-1.752,3
-1.519,-1.45,3,C,41(6K),S,-1.13,1
-1.159,-0.959,8,C,41(6K),T,-0.995,6
-0.6054,-0.3957,6,C,41(6K),V,0.7436,2
-0.3838,-0.2277,3,C,41(6K),W,,
0.02798,0.01387,24,C,41(6K),Y,0.4998,7
-0.09239,-0.04825,7,F,42(6K),A,-0.1757,4
-0.8001,-0.5691,8,F,42(6K),C,-0.1735,4
0.346,0.1496,4,F,42(6K),D,-2.274,1
-1.309,-1.151,1,F,42(6K),E,-1.464,1
0,0,,F,42(6K),F,0,
-0.4237,-0.2559,8,F,42(6K),G,-1.685,4
0.5034,0.2037,5,F,42(6K),H,-0.5833,2
0.5389,0.2149,6,F,42(6K),I,-0.00825,4
2.281,0.4786,4,F,42(6K),K,0.1345,3
-0.2473,-0.1382,12,F,42(6K),L,0.6948,1
0.518,0.2084,3,F,42(6K),M,-0.4641,3
-0.7133,-0.4887,4,F,42(6K),N,,
-0.09039,-0.04716,8,F,42(6K),P,-0.7888,6
-0.2165,-0.1194,11,F,42(6K),Q,-0.1271,3
0.1983,0.09131,2,F,42(6K),R,-0.1951,2
0.4507,0.1865,6,F,42(6K),S,-0.008426,3
1.361,0.3922,6,F,42(6K),T,0.4568,1
4.156,0.528,12,F,42(6K),V,0.0661,8
-0.8162,-0.5846,6,F,42(6K),W,-1.373,4
-0.08391,-0.04366,9,F,42(6K),Y,-0.006163,3
-7.637,-7.582,25,C,43(6K),*,-7.499,1
0.7016,0.2616,1,C,43(6K),-,,
0.9616,0.323,7,C,43(6K),A,0.6133,3
0,0,,C,43(6K),C,0,
-0.3606,-0.2118,8,C,43(6K),D,-0.3855,5
0.8214,0.2918,3,C,43(6K),E,-0.2208,1
-0.4551,-0.2786,10,C,43(6K),F,-0.6492,4
-0.8023,-0.5712,7,C,43(6K),G,-0.4286,3
-0.2224,-0.123,5,C,43(6K),H,,
1.454,0.4048,10,C,43(6K),I,0.03907,8
0.9503,0.3206,5,C,43(6K),K,-0.4032,2
-0.4447,-0.271,11,C,43(6K),L,-0.7222,6
-0.6781,-0.4576,5,C,43(6K),M,-0.1607,3
-0.3599,-0.2113,10,C,43(6K),N,0.7375,4
0.01814,0.009029,12,C,43(6K),P,0.4105,3
-0.2347,-0.1304,11,C,43(6K),Q,-0.1665,5
-0.2454,-0.137,13,C,43(6K),R,0.01456,5
1.525,0.4137,9,C,43(6K),S,0.239,6
-0.4725,-0.2915,8,C,43(6K),T,-0.3439,4
-1.342,-1.196,7,C,43(6K),V,-0.6645,4
-0.7324,-0.5059,5,C,43(6K),W,-0.5203,3
0.4567,0.1885,60,C,43(6K),Y,-0.6336,10
-0.7551,-0.5268,9,K,44(6K),A,-0.3957,5
0.1489,0.07004,13,K,44(6K),C,0.4789,4
-0.934,-0.7036,8,K,44(6K),D,-0.6756,5
0.8877,0.3071,4,K,44(6K),E,0.728,1
-0.9612,-0.7324,10,K,44(6K),F,-0.6527,3
0.5425,0.216,10,K,44(6K),G,-0.01065,6
-0.7485,-0.5207,9,K,44(6K),H,-1.374,5
-0.3733,-0.2205,18,K,44(6K),I,-0.01919,12
0,0,,K,44(6K),K,0,
-0.04526,-0.02316,9,K,44(6K),L,0.7219,3
0.2366,0.1072,3,K,44(6K),M,-0.3844,1
-0.9277,-0.6969,10,K,44(6K),N,-1.132,2
0.7837,0.2827,6,K,44(6K),P,-0.04907,1
-0.5304,-0.3356,6,K,44(6K),Q,,
4.052,0.527,6,K,44(6K),R,0.5137,3
-0.5854,-0.3794,16,K,44(6K),S,-0.6645,7
0.4759,0.1948,5,K,44(6K),T,0.4001,4
0.7765,0.2809,14,K,44(6K),V,-0.9512,7
-0.9405,-0.7104,8,K,44(6K),W,-2.708,1
0.3415,0.1479,8,K,44(6K),Y,-0.2356,7
-1.701,-1.736,1,T,45(6K),-,,
-1.128,-0.9213,13,T,45(6K),A,-1.355,8
1.088,0.3477,4,T,45(6K),C,-0.1956,2
1.777,0.4409,7,T,45(6K),D,0.3175,2
-0.03426,-0.01744,12,T,45(6K),E,0.2394,6
1.655,0.4286,10,T,45(6K),F,-0.07662,8
2.575,0.4934,8,T,45(6K),G,-2.32,4
4.073,0.5272,6,T,45(6K),H,-0.4347,4
0.0813,0.03937,8,T,45(6K),I,1.052,1
1.864,0.4488,7,T,45(6K),K,0.4056,3
0.7961,0.2857,3,T,45(6K),L,-1.365,1
0.9401,0.3185,9,T,45(6K),M,-0.2854,3
-0.979,-0.7516,8,T,45(6K),N,-0.3795,3
1.079,0.3461,6,T,45(6K),P,-0.4618,4
-0.215,-0.1185,5,T,45(6K),Q,-1.908,2
0.117,0.0558,9,T,45(6K),R,0.4919,6
0.744,0.2727,9,T,45(6K),S,-0.6735,2
0,0,,T,45(6K),T,0,
0.9283,0.316,9,T,45(6K),V,0.3051,6
-0.6726,-0.4527,7,T,45(6K),W,-0.7851,5
-0.1893,-0.1031,10,T,45(6K),Y,-0.7106,5
-0.9973,-0.7716,2,L,46(6K),-,,
0.3974,0.1681,10,L,46(6K),A,-0.231,5
0.03637,0.01796,7,L,46(6K),C,0.427,3
-2.136,-2.514,9,L,46(6K),D,-2.501,5
-1.241,-1.061,4,L,46(6K),E,-1.364,3
-0.08439,-0.04392,15,L,46(6K),F,-0.8205,9
-0.5657,-0.3634,19,L,46(6K),G,-1.119,12
0.9771,0.3262,7,L,46(6K),H,-0.6579,3
0.01363,0.006796,9,L,46(6K),I,-0.05885,2
0.01584,0.007894,8,L,46(6K),K,0.1011,2
0,0,,L,46(6K),L,0,
-0.7689,-0.5396,11,L,46(6K),M,-0.5685,2
-0.6327,-0.4185,10,L,46(6K),N,-0.7139,4
-0.7176,-0.4926,24,L,46(6K),P,-1.156,7
-0.7566,-0.5282,4,L,46(6K),Q,-0.2095,2
-0.8623,-0.6299,9,L,46(6K),R,-0.5598,4
0.9773,0.3262,11,L,46(6K),S,0.3606,6
-0.5076,-0.3179,10,L,46(6K),T,-0.4028,4
0.6145,0.2375,4,L,46(6K),V,-0.04864,1
0.4378,0.1821,4,L,46(6K),W,-1.238,2
-1.177,-0.9816,6,L,46(6K),Y,,
-0.5305,-0.3356,1,T,47(6K),-,,
0.6924,0.2592,10,T,47(6K),A,-0.5348,7
-0.4191,-0.2525,8,T,47(6K),C,-0.766,7
-0.8474,-0.6151,7,T,47(6K),D,0.1747,2
-0.7087,-0.4846,10,T,47(6K),E,-1.555,4
0.2745,0.1224,7,T,47(6K),F,-0.4919,3
-0.2874,-0.1635,10,T,47(6K),G,0.5632,3
-1.378,-1.245,6,T,47(6K),H,-2.078,2
1.468,0.4067,12,T,47(6K),I,-0.5976,4
-0.1111,-0.05848,10,T,47(6K),K,0.1793,5
0.438,0.1822,6,T,47(6K),L,0.1778,5
-0.9543,-0.7251,7,T,47(6K),M,-0.2818,3
0.6233,0.24,5,T,47(6K),N,1.382,1
-0.9538,-0.7245,9,T,47(6K),P,-0.1679,3
0.6186,0.2387,6,T,47(6K),Q,-1.277,1
0.6299,0.2419,4,T,47(6K),R,0.1975,1
-0.3925,-0.2337,9,T,47(6K),S,-0.7858,3
0,0,,T,47(6K),T,0,
0.102,0.04897,5,T,47(6K),V,-0.7753,2
-0.1437,-0.07678,8,T,47(6K),W,-0.1533,4
0.9016,0.3101,9,T,47(6K),Y,-0.6016,5
0.6371,0.2439,1,F,48(6K),-,,
0.525,0.2106,4,F,48(6K),A,0.8462,2
3.253,0.5148,7,F,48(6K),C,-0.09715,3
-4.127,-6.112,11,F,48(6K),D,-6.537,7
-5.318,-7.105,9,F,48(6K),E,-5.696,2
0,0,,F,48(6K),F,0,
-1.551,-1.498,6,F,48(6K),G,-0.113,2
-1.344,-1.198,6,F,48(6K),H,-1.891,2
0.05146,0.02525,9,F,48(6K),I,-0.9664,6
-2.248,-2.73,5,F,48(6K),K,-2.857,2
-0.05683,-0.02922,7,F,48(6K),L,,
-0.1525,-0.08175,3,F,48(6K),M,-0.157,2
-2.746,-3.736,6,F,48(6K),N,-3.472,3
0.27,0.1206,6,F,48(6K),P,-0.2653,6
-1.341,-1.195,7,F,48(6K),Q,-1.497,4
-1.432,-1.322,10,F,48(6K),R,-1.583,2
-0.1639,-0.0883,9,F,48(6K),S,-0.6309,4
0.1613,0.07548,7,F,48(6K),T,-0.3163,4
-0.4955,-0.3087,8,F,48(6K),V,-0.005319,3
-0.1981,-0.1083,7,F,48(6K),W,-0.5718,6
-1.094,-0.8816,4,F,48(6K),Y,,
0.4256,0.1779,8,L,49(6K),A,-0.3785,5
0.2764,0.1231,5,L,49(6K),C,-2.07,1
-5.186,-7.035,8,L,49(6K),D,-8,3
-5.321,-7.106,15,L,49(6K),E,-8,5
0.463,0.1906,8,L,49(6K),F,0.3501,3
1.024,0.3356,8,L,49(6K),G,0.5018,6
-2.507,-3.25,8,L,49(6K),H,-3.735,3
-1.895,-2.068,5,L,49(6K),I,-2.618,2
-5.023,-6.938,9,L,49(6K),K,-7.633,5
0,0,,L,49(6K),L,0,
-0.3808,-0.2256,10,L,49(6K),M,0.3463,2
-2.54,-3.317,5,L,49(6K),N,,
-3.496,-5.175,10,L,49(6K),P,-4.917,7
-1.679,-1.7,5,L,49(6K),Q,-1.874,3
-7.14,-7.546,6,L,49(6K),R,-8,3
-0.8488,-0.6165,7,L,49(6K),S,0.0715,2
0.3376,0.1465,6,L,49(6K),T,-1.094,1
0.5763,0.2263,7,L,49(6K),V,0.1758,3
0.07974,0.03864,7,L,49(6K),W,-0.5226,4
-1.016,-0.7922,5,L,49(6K),Y,-1.12,2
0,0,,A,50(6K),A,0,
1.512,0.4122,8,A,50(6K),C,-0.7364,4
-4.084,-6.058,14,A,50(6K),D,-5.754,6
-1.146,-0.9434,11,A,50(6K),E,-1.111,6
-0.9313,-0.7007,11,A,50(6K),F,-1.241,6
2.393,0.4848,11,A,50(6K),G,-0.2245,7
-0.4352,-0.2641,5,A,50(6K),H,,
-0.4268,-0.2581,9,A,50(6K),I,-0.5879,4
-3.235,-4.704,10,A,50(6K),K,-5.227,7
0.3118,0.1368,13,A,50(6K),L,-0.3534,8
1.657,0.4288,9,A,50(6K),M,-0.658,4
-1.266,-1.094,8,A,50(6K),N,-1.073,5
-3.115,-4.475,7,A,50(6K),P,-4.815,2
-0.4765,-0.2945,9,A,50(6K),Q,-0.4546,5
-5.182,-7.033,5,A,50(6K),R,-8,3
-0.2028,-0.1111,7,A,50(6K),S,-0.5324,2
-0.1564,-0.08397,18,A,50(6K),T,0.2819,4
-0.4129,-0.2481,38,A,50(6K),V,-0.4438,11
-0.6141,-0.4029,6,A,50(6K),W,-0.554,3
0.09972,0.04791,10,A,50(6K),Y,0.1986,7
-1.008,-0.783,21,V,51(6K),A,-0.2253,6
0.2582,0.1159,6,V,51(6K),C,-0.142,1
-5.257,-7.073,8,V,51(6K),D,-6.938,4
-3.792,-5.652,13,V,51(6K),E,-6.752,8
0.3201,0.1399,2,V,51(6K),F,,
-1.427,-1.315,11,V,51(6K),G,-1.662,7
-2.032,-2.317,5,V,51(6K),H,-2.772,2
-1.625,-1.613,5,V,51(6K),I,-1.942,1
-5.046,-6.952,11,V,51(6K),K,-7.231,6
0.2079,0.09536,25,V,51(6K),L,-0.2673,12
0.3705,0.1586,34,V,51(6K),M,-1.521,5
-6.821,-7.513,4,V,51(6K),N,-7.5,2
-3.52,-5.215,8,V,51(6K),P,-5.317,5
-2.299,-2.83,5,V,51(6K),Q,-3.014,2
-9.014,-7.623,11,V,51(6K),R,-5.61,3
-1.529,-1.466,8,V,51(6K),S,-1.129,2
0.05607,0.02745,8,V,51(6K),T,-1.034,5
0,0,,V,51(6K),V,0,
0.05451,0.02671,7,V,51(6K),W,-0.04705,2
0.08764,0.04233,3,V,51(6K),Y,0.07608,1
1.846,0.4472,1,M,52(6K),-,,
-0.8079,-0.5766,6,M,52(6K),A,-0.9135,2
1.583,0.4206,10,M,52(6K),C,0.2507,5
-5.281,-7.086,9,M,52(6K),D,-7.31,3
-4.025,-5.981,5,M,52(6K),E,-6.652,2
-0.8413,-0.6092,10,M,52(6K),F,-1.777,6
-0.6266,-0.4134,5,M,52(6K),G,-0.988,3
-2.207,-2.65,8,M,52(6K),H,-2.764,4
-0.5513,-0.352,17,M,52(6K),I,-0.7568,4
-6.963,-7.529,9,M,52(6K),K,-6.332,4
-1.269,-1.099,9,M,52(6K),L,-0.5154,3
0,0,,M,52(6K),M,0,
-3.13,-4.504,11,M,52(6K),N,-4.802,5
-3.315,-4.852,1,M,52(6K),P,-5.208,1
-1.713,-1.756,11,M,52(6K),Q,-1.873,7
-5.243,-7.066,6,M,52(6K),R,-7.031,3
-1.633,-1.626,5,M,52(6K),S,-1.082,2
-0.06612,-0.03414,4,M,52(6K),T,-0.1226,2
0.09454,0.04552,32,M,52(6K),V,-0.2886,11
0.265,0.1186,6,M,52(6K),W,-0.3635,3
0.8125,0.2896,6,M,52(6K),Y,0.3134,1
0.6158,0.2378,1,S,53(6K),-,,
0.5506,0.2185,5,S,53(6K),A,-0.9783,4
2.738,0.4999,6,S,53(6K),C,0.8178,3
0.7832,0.2825,6,S,53(6K),D,-0.1723,6
0.2629,0.1177,10,S,53(6K),E,-0.007157,5
-0.1423,-0.07596,11,S,53(6K),F,0.5086,4
0.9579,0.3222,6,S,53(6K),G,0.3306,4
0.6425,0.2455,7,S,53(6K),H,-1.495,1
-0.4795,-0.2967,11,S,53(6K),I,-0.6456,6
-0.953,-0.7236,4,S,53(6K),K,0.3064,2
-0.8518,-0.6195,9,S,53(6K),L,-0.0656,2
-0.7441,-0.5167,4,S,53(6K),M,-1.051,2
-0.1539,-0.08256,9,S,53(6K),N,-0.8667,6
2.34,0.4819,9,S,53(6K),P,-0.5109,5
-0.135,-0.07182,8,S,53(6K),Q,-0.13,4
-0.8408,-0.6087,9,S,53(6K),R,-0.1357,3
0,0,,S,53(6K),S,0,
-0.2712,-0.1532,5,S,53(6K),T,-0.5191,3
1.715,0.4348,3,S,53(6K),V,,
0.4867,0.1984,3,S,53(6K),W,0.05127,1
-0.6836,-0.4623,7,S,53(6K),Y,-0.492,5
-0.02341,-0.01186,1,V,54(6K),-,,
0.3296,0.1435,15,V,54(6K),A,-2.174,2
-1.005,-0.7798,7,V,54(6K),C,-0.4389,5
-0.8965,-0.6645,13,V,54(6K),D,-0.7402,7
1.81,0.444,4,V,54(6K),E,-1.433,2
-1.152,-0.9503,10,V,54(6K),F,-0.7092,5
0.5381,0.2146,8,V,54(6K),G,0.0603,2
-0.7753,-0.5456,6,V,54(6K),H,-1.539,3
-0.5632,-0.3614,9,V,54(6K),I,0.08946,5
-1.221,-1.037,4,V,54(6K),K,-0.6811,3
-1.238,-1.059,14,V,54(6K),L,-2.492,6
0.8008,0.2868,15,V,54(6K),M,-1.248,4
0.09519,0.04583,5,V,54(6K),N,-0.5945,3
-0.7993,-0.5683,14,V,54(6K),P,-0.9705,12
-0.4967,-0.3096,6,V,54(6K),Q,0.1972,2
-2.35,-2.932,7,V,54(6K),R,-2.462,3
1.011,0.333,7,V,54(6K),S,0.4002,5
0.006201,0.003103,9,V,54(6K),T,-0.915,3
0,0,,V,54(6K),V,0,
-0.2861,-0.1626,6,V,54(6K),W,0.2288,3
-1.497,-1.418,8,V,54(6K),Y,-1.561,2
-1.623,-1.611,1,G,55(6K),*,,
-0.2936,-0.1674,1,G,55(6K),-,,
0.4148,0.1742,7,G,55(6K),A,-0.01991,4
1.321,0.3864,7,G,55(6K),C,0.4947,2
0.2319,0.1053,5,G,55(6K),D,-0.9192,2
-0.9023,-0.6706,11,G,55(6K),E,-0.8439,2
-0.4347,-0.2637,11,G,55(6K),F,-0.5074,6
0,0,,G,55(6K),G,0,
0.1569,0.07356,7,G,55(6K),H,-0.1353,3
1.222,0.3711,4,G,55(6K),I,-0.5276,2
-0.116,-0.06121,8,G,55(6K),K,-0.3103,3
-0.5791,-0.3743,11,G,55(6K),L,-0.8408,7
-0.9952,-0.7693,3,G,55(6K),M,-1.091,2
0.3643,0.1563,5,G,55(6K),N,-0.1592,2
-0.8686,-0.6363,8,G,55(6K),P,-0.715,4
-1.427,-1.314,4,G,55(6K),Q,-0.6189,1
-0.7681,-0.5388,21,G,55(6K),R,-0.5219,5
-0.3915,-0.2331,9,G,55(6K),S,-0.876,5
-0.06087,-0.03135,11,G,55(6K),T,-1.219,6
1.235,0.3732,16,G,55(6K),V,-0.2997,8
-0.7556,-0.5272,4,G,55(6K),W,-0.9086,1
0.3703,0.1585,9,G,55(6K),Y,-0.4118,4
1.478,0.4079,1,A,56(6K),-,,
0,0,,A,56(6K),A,0,
1.857,0.4482,3,A,56(6K),C,,
0.4942,0.2008,10,A,56(6K),D,-0.1256,3
2.223,0.4752,2,A,56(6K),E,0.3626,2
0.489,0.1991,5,A,56(6K),F,0.6315,2
-1.609,-1.589,6,A,56(6K),G,-1.2,5
-0.04866,-0.02494,10,A,56(6K),H,-0.1625,6
0.9399,0.3184,10,A,56(6K),I,-0.281,4
0.3225,0.1409,4,A,56(6K),K,0.3163,1
-0.686,-0.4645,7,A,56(6K),L,-0.7783,5
-1.28,-1.113,3,A,56(6K),M,-0.8326,1
-1.114,-0.9054,9,A,56(6K),N,-1.423,5
1.176,0.3635,8,A,56(6K),P,-0.03655,2
-1.305,-1.146,7,A,56(6K),Q,-1.341,3
-1.524,-1.457,4,A,56(6K),R,-1.638,2
2.206,0.4741,17,A,56(6K),S,-0.168,3
0.2801,0.1246,21,A,56(6K),T,-0.169,2
0.9474,0.32,16,A,56(6K),V,-0.8401,5
-0.04506,-0.02305,5,A,56(6K),W,0.2458,2
-1.275,-1.106,7,A,56(6K),Y,-1.311,4
-0.2161,-0.1191,1,H,57(6K),-,,
-1.181,-0.9865,12,H,57(6K),A,-1.257,5
-0.4215,-0.2542,9,H,57(6K),C,-0.3789,6
-1.903,-2.082,5,H,57(6K),D,-2.353,2
-0.3859,-0.2291,7,H,57(6K),E,-0.2197,4
-0.6333,-0.419,7,H,57(6K),F,-1.634,2
-0.7579,-0.5294,7,H,57(6K),G,0.0662,2
0,0,,H,57(6K),H,0,
-0.7449,-0.5174,4,H,57(6K),I,0.138,1
-1.297,-1.136,5,H,57(6K),K,-0.3625,2
-0.06257,-0.03226,6,H,57(6K),L,0.1081,2
-0.1116,-0.05878,7,H,57(6K),M,-0.2061,5
-0.5235,-0.3302,5,H,57(6K),N,-0.6967,4
0.6501,0.2476,7,H,57(6K),P,-1.582,4
0.6213,0.2394,5,H,57(6K),Q,-1.042,3
-0.8308,-0.5988,3,H,57(6K),R,-0.88,2
0.3338,0.1451,8,H,57(6K),S,0.08075,4
-0.04318,-0.02207,3,H,57(6K),T,-2.517,1
0.1828,0.08474,6,H,57(6K),V,-2.625,2
-1.622,-1.609,3,H,57(6K),W,-1.906,2
-0.05624,-0.02891,9,H,57(6K),Y,-0.227,3
-1.012,-0.7882,1,T,58(6K),-,,
0.6458,0.2464,7,T,58(6K),A,-0.1925,3
-1.094,-0.8817,9,T,58(6K),C,-1.897,5
-0.5649,-0.3628,9,T,58(6K),D,-0.3591,4
0.3546,0.1528,6,T,58(6K),E,0.7702,1
0.3311,0.1441,11,T,58(6K),F,-0.3962,5
-0.1798,-0.09755,10,T,58(6K),G,-0.4071,4
-0.8865,-0.6544,4,T,58(6K),H,0.09205,2
1.816,0.4445,20,T,58(6K),I,-0.5144,5
-0.7648,-0.5358,4,T,58(6K),K,0.152,2
0.6734,0.254,11,T,58(6K),L,0.9495,6
0.1355,0.0641,3,T,58(6K),M,0.4867,2
0.4491,0.1859,6,T,58(6K),N,-0.6751,2
0.6213,0.2394,6,T,58(6K),P,-0.6798,4
1.215,0.3699,6,T,58(6K),Q,-0.348,4
0.9767,0.3261,6,T,58(6K),R,1.221,3
-0.2906,-0.1655,9,T,58(6K),S,-0.7865,4
0,0,,T,58(6K),T,0,
-0.5684,-0.3656,14,T,58(6K),V,-1.075,7
1.271,0.3789,2,T,58(6K),W,,
2.864,0.5043,4,T,58(6K),Y,-1.814,1
-0.3352,-0.1947,1,V,59(6K),-,,
-0.5253,-0.3316,15,V,59(6K),A,-0.2865,7
0.5588,0.221,9,V,59(6K),C,0.2568,4
-3.629,-5.397,12,V,59(6K),D,-4.757,9
-2.678,-3.597,9,V,59(6K),E,-4.114,4
-3.835,-5.716,14,V,59(6K),F,-6.719,6
0.397,0.168,5,V,59(6K),G,-1.066,2
-2.965,-4.18,6,V,59(6K),H,-5.31,3
4.417,0.53,5,V,59(6K),I,-0.1222,3
-2.486,-3.205,7,V,59(6K),K,-3.318,4
-2.057,-2.364,17,V,59(6K),L,-2.291,4
-2.061,-2.372,27,V,59(6K),M,-2.317,6
-0.7349,-0.5082,5,V,59(6K),N,0.0108,4
-1.139,-0.9345,8,V,59(6K),P,-0.6165,3
-2.091,-2.427,6,V,59(6K),Q,-2.753,5
-3.081,-4.407,5,V,59(6K),R,-4.869,4
0.874,0.304,1,V,59(6K),S,,
-0.3516,-0.2057,14,V,59(6K),T,-1.554,6
0,0,,V,59(6K),V,0,
-6.284,-7.426,5,V,59(6K),W,-5.907,2
-4.198,-6.198,7,V,59(6K),Y,-6.335,5
-1.396,-1.271,1,S,60(6K),-,,
0.09292,0.04478,10,S,60(6K),A,-0.428,4
0.3483,0.1505,6,S,60(6K),C,0.666,1
0.09094,0.04386,6,S,60(6K),D,0.1536,1
-0.6493,-0.4326,4,S,60(6K),E,-0.6326,3
3.282,0.5154,9,S,60(6K),F,0.1488,1
-0.2824,-0.1603,3,S,60(6K),G,-0.2995,2
-0.2314,-0.1284,4,S,60(6K),H,-0.2869,2
1.113,0.3524,3,S,60(6K),I,-1.237,1
2.368,0.4835,3,S,60(6K),K,0.2586,3
-0.1944,-0.1061,5,S,60(6K),L,-0.8306,3
1.279,0.3801,9,S,60(6K),M,-0.3616,4
1.144,0.358,3,S,60(6K),N,-1.314,1
-1.206,-1.017,20,S,60(6K),P,-1.271,8
-1.327,-1.176,6,S,60(6K),Q,-1.19,4
-2.051,-2.352,7,S,60(6K),R,-3.184,2
0,0,,S,60(6K),S,0,
0.3748,0.1601,6,S,60(6K),T,-0.9586,3
-0.5602,-0.359,9,S,60(6K),V,-0.3653,5
-0.3837,-0.2277,2,S,60(6K),W,-0.5157,2
0.3961,0.1677,10,S,60(6K),Y,-0.6848,4
-1.36,-1.221,1,A,61(6K),-,,
0,0,,A,61(6K),A,0,
0.7926,0.2848,3,A,61(6K),C,,
-9.922,-7.632,9,A,61(6K),D,-7.729,5
-5.599,-7.229,8,A,61(6K),E,-8,4
-7.181,-7.55,11,A,61(6K),F,-8,5
0.1569,0.07353,6,A,61(6K),G,-1.6,1
-2.698,-3.638,7,A,61(6K),H,-3.01,2
-5.164,-7.023,8,A,61(6K),I,-7.388,5
-7.07,-7.54,6,A,61(6K),K,-8,3
-5.419,-7.153,4,A,61(6K),L,-8,1
-0.5938,-0.3862,6,A,61(6K),M,-3.383,1
-3.546,-5.26,6,A,61(6K),N,-6.266,2
-0.3962,-0.2363,6,A,61(6K),P,0.09559,3
-7.038,-7.537,5,A,61(6K),Q,-8,3
-5.211,-7.049,7,A,61(6K),R,-8,3
0.211,0.09665,10,A,61(6K),S,-0.5836,1
0.1135,0.05421,22,A,61(6K),T,-0.4327,6
-3.553,-5.271,46,A,61(6K),V,-4.521,6
-5.427,-7.157,4,A,61(6K),W,-7.66,1
-3.982,-5.923,8,A,61(6K),Y,-6.899,2
-7.294,-7.559,12,Y,1(E1),*,-8,1
-1.197,-1.007,7,Y,1(E1),A,-1.519,5
-2.376,-2.985,9,Y,1(E1),C,-2.144,3
-1.709,-1.749,13,Y,1(E1),D,-2.072,7
-1.499,-1.421,8,Y,1(E1),E,-2.237,3
0.9362,0.3176,9,Y,1(E1),F,0.2355,4
-1.464,-1.369,8,Y,1(E1),G,-1.327,4
-0.628,-0.4146,18,Y,1(E1),H,0.5093,4
-0.1287,-0.0683,5,Y,1(E1),I,-0.1997,4
0.7994,0.2865,3,Y,1(E1),K,0.05673,3
-2.14,-2.52,6,Y,1(E1),L,,
-1.096,-0.8838,13,Y,1(E1),M,-1.328,6
-2.046,-2.343,14,Y,1(E1),N,-2.329,4
-7.873,-7.593,11,Y,1(E1),P,-6.377,4
-1.786,-1.878,8,Y,1(E1),Q,-1.483,2
-0.8711,-0.6388,4,Y,1(E1),R,0.05865,1
-1.54,-1.482,6,Y,1(E1),S,-1.973,3
4.682,0.5316,5,Y,1(E1),T,-4.936e-05,3
-1.156,-0.9561,8,Y,1(E1),V,-0.2983,5
1.935,0.4548,3,Y,1(E1),W,-2.309,1
0,0,,Y,1(E1),Y,0,
-8.413,-7.612,4,E,2(E1),*,-8,1
-4.708,-6.708,3,E,2(E1),A,,
-6.681,-7.494,8,E,2(E1),C,-8,2
0.05677,0.02779,8,E,2(E1),D,-0.3711,1
0,0,,E,2(E1),E,0,
-3.672,-5.466,5,E,2(E1),F,-5.744,3
-2.811,-3.869,7,E,2(E1),G,-3.514,2
-5.252,-7.071,7,E,2(E1),H,-8,5
-3.739,-5.571,5,E,2(E1),I,,
-5.901,-7.331,7,E,2(E1),K,-8,5
-5.003,-6.925,7,E,2(E1),L,-7.3,4
-6.591,-7.481,4,E,2(E1),M,-8,3
-2.636,-3.511,8,E,2(E1),N,-4.647,4
-3.367,-4.947,5,E,2(E1),P,-5.394,4
-2.832,-3.912,6,E,2(E1),Q,-4.406,4
-6.923,-7.525,5,E,2(E1),R,-8,3
-1.927,-2.125,6,E,2(E1),S,-2.685,3
-3.54,-5.249,8,E,2(E1),T,-5.011,4
-5.275,-7.083,4,E,2(E1),V,-7.321,3
-5.808,-7.303,9,E,2(E1),W,-8,3
-3.357,-4.929,7,E,2(E1),Y,-4.746,1
-2.881,-4.011,6,H,3(E1),A,-3.829,4
-3.75,-5.589,7,H,3(E1),C,-5.724,3
-5.803,-7.301,1,H,3(E1),D,-7.843,1
-3.172,-4.584,6,H,3(E1),E,-4.493,3
-2.69,-3.621,8,H,3(E1),F,-3.122,3
-4.887,-6.845,5,H,3(E1),G,-7.087,2
0,0,,H,3(E1),H,0,
-1.017,-0.7939,1,H,3(E1),I,,
-2.779,-3.804,5,H,3(E1),K,-4.21,2
-4.088,-6.063,11,H,3(E1),L,-5.896,7
-2.881,-4.009,6,H,3(E1),M,-4.176,4
-7.775,-7.589,12,H,3(E1),N,-8,6
-6.216,-7.412,9,H,3(E1),P,-7.876,5
-2.222,-2.679,11,H,3(E1),Q,-2.984,4
-3.326,-4.872,12,H,3(E1),R,-4.805,3
-1.921,-2.115,8,H,3(E1),S,-2.122,5
-4.927,-6.873,5,H,3(E1),T,-6.845,1
-5.193,-7.039,7,H,3(E1),V,-8,1
-2.739,-3.721,9,H,3(E1),W,-4.46,3
-2.152,-2.543,17,H,3(E1),Y,-2.397,5
-0.1477,-0.07902,1,V,4(E1),-,,
1.281,0.3804,10,V,4(E1),A,-0.9245,2
-3.326,-4.873,7,V,4(E1),C,-4.675,2
-0.9614,-0.7326,5,V,4(E1),D,0.2447,3
2.305,0.48,9,V,4(E1),E,-0.4875,3
1.039,0.3386,8,V,4(E1),F,-1.069,2
-0.3342,-0.194,12,V,4(E1),G,0.009698,7
-2.517,-3.269,8,V,4(E1),H,-3.566,3
-1.475,-1.384,4,V,4(E1),I,,
-5.123,-6.999,6,V,4(E1),K,-7.447,4
-0.7779,-0.5481,10,V,4(E1),L,-0.1085,3
0.007869,0.003934,10,V,4(E1),M,0.6069,3
1.12,0.3536,11,V,4(E1),N,-0.07822,9
-1.054,-0.8353,3,V,4(E1),P,0.3886,1
1.128,0.3551,2,V,4(E1),Q,0.0768,2
-5.354,-7.123,6,V,4(E1),R,-8,2
0.5796,0.2273,5,V,4(E1),S,0.2009,1
-0.103,-0.05403,5,V,4(E1),T,-0.1814,5
0,0,,V,4(E1),V,0,
4.55,0.5309,6,V,4(E1),W,-0.8133,2
1.696,0.4329,6,V,4(E1),Y,0.2724,3
-0.7315,-0.5051,10,T,5(E1),A,-0.5836,4
-1.978,-2.218,5,T,5(E1),C,-2.51,4
-1.171,-0.9734,8,T,5(E1),D,-1.223,6
-2.345,-2.923,6,T,5(E1),E,-3.097,4
-0.7832,-0.553,9,T,5(E1),F,-0.7589,8
-0.6208,-0.4086,6,T,5(E1),G,-0.4816,4
-0.2761,-0.1563,5,T,5(E1),H,-2.25,1
-1.094,-0.8814,13,T,5(E1),I,-2.017,3
-3.14,-4.523,5,T,5(E1),K,-4.747,1
-1.391,-1.264,8,T,5(E1),L,-1.54,3
-1.007,-0.7824,9,T,5(E1),M,-1.088,6
-0.6919,-0.4697,8,T,5(E1),N,-0.09039,3
-3.439,-5.075,11,T,5(E1),P,-4.844,3
-0.4011,-0.2398,4,T,5(E1),Q,-0.6485,2
-3.782,-5.637,6,T,5(E1),R,-5.329,3
-1.139,-0.9344,4,T,5(E1),S,-0.6627,2
0,0,,T,5(E1),T,0,
-1.072,-0.8557,3,T,5(E1),V,-1.077,2
-2.595,-3.427,2,T,5(E1),W,-3.737,1
-2.874,-3.995,3,T,5(E1),Y,-3.874,1
0.9504,0.3207,14,V,6(E1),A,0.01835,6
-5.484,-7.182,11,V,6(E1),C,-8,8
-1.137,-0.9325,7,V,6(E1),D,-1.388,3
-2.011,-2.278,6,V,6(E1),E,-0.911,2
-0.8247,-0.5928,9,V,6(E1),F,-0.03014,3
-1.345,-1.2,7,V,6(E1),G,-1.258,4
-0.9921,-0.766,5,V,6(E1),H,0.03677,3
0.4125,0.1734,8,V,6(E1),I,-0.2101,3
-7.071,-7.54,6,V,6(E1),K,-8,5
-1.165,-0.967,11,V,6(E1),L,-0.1722,2
0.51,0.2058,17,V,6(E1),M,-1.533,6
0.052,0.02551,8,V,6(E1),N,0.3523,6
-2.234,-2.703,6,V,6(E1),P,-2.627,2
-0.8724,-0.6401,15,V,6(E1),Q,-0.812,10
-5.384,-7.137,6,V,6(E1),R,-8,3
-0.03272,-0.01665,6,V,6(E1),S,0.5328,3
-0.4398,-0.2674,5,V,6(E1),T,-2.669,1
0,0,,V,6(E1),V,0,
-0.5444,-0.3465,8,V,6(E1),W,-0.4292,5
3.839,0.5246,6,V,6(E1),Y,0.6306,3
-1.995,-2.249,3,I,7(E1),A,-2.849,2
-2.047,-2.345,5,I,7(E1),C,-5.093,2
-5.744,-7.282,8,I,7(E1),D,-7.77,4
-4.501,-6.523,5,I,7(E1),E,-6.839,2
-0.4841,-0.3001,9,I,7(E1),F,-0.5199,4
-4.412,-6.434,5,I,7(E1),G,-6.419,2
-1.732,-1.788,9,I,7(E1),H,-2.156,3
0,0,,I,7(E1),I,0,
-5.371,-7.13,5,I,7(E1),K,-8,3
-0.2392,-0.1332,14,I,7(E1),L,-1.146,5
-0.308,-0.1768,3,I,7(E1),M,-1.702,1
-4.141,-6.129,7,I,7(E1),N,-6.431,4
-5.382,-7.136,11,I,7(E1),P,-7.859,7
-1.844,-1.978,4,I,7(E1),Q,-2.266,2
-4.606,-6.62,6,I,7(E1),R,-6.517,1
-3.247,-4.727,7,I,7(E1),S,-4.282,2
-1.936,-2.142,9,I,7(E1),T,-2.647,6
-0.6714,-0.4517,9,I,7(E1),V,-1.43,4
-2.68,-3.601,6,I,7(E1),W,-4.862,2
-3.545,-5.258,8,I,7(E1),Y,-5.576,4
-4.883,-6.843,6,P,8(E1),A,-4.576,2
-4.815,-6.793,10,P,8(E1),C,-6.546,6
-3.844,-5.729,8,P,8(E1),D,-5.847,4
-3.589,-5.331,7,P,8(E1),E,-5.722,3
-7.186,-7.55,7,P,8(E1),F,-8,5
2.315,0.4806,6,P,8(E1),G,-0.4139,3
-3.577,-5.312,11,P,8(E1),H,-5.307,3
-6.713,-7.499,9,P,8(E1),I,-8,4
2.235,0.4759,1,P,8(E1),K,0.568,1
-6.761,-7.505,13,P,8(E1),L,-8,3
-4.103,-6.082,5,P,8(E1),M,-7.284,2
-6.2,-7.408,5,P,8(E1),N,-7.753,2
0,0,,P,8(E1),P,0,
-0.9485,-0.7189,5,P,8(E1),Q,-1.668,2
-3.396,-4.999,2,P,8(E1),R,-5.284,2
-1.446,-1.342,14,P,8(E1),S,-0.4737,4
-1.389,-1.261,9,P,8(E1),T,-1.756,5
-6.858,-7.517,6,P,8(E1),V,-8,3
-3.664,-5.453,8,P,8(E1),W,-5.479,2
-5.686,-7.261,9,P,8(E1),Y,-7.75,4
-0.0367,-0.01871,5,N,9(E1),A,-0.875,3
-1.019,-0.7956,7,N,9(E1),C,-1.887,3
-3.545,-5.258,7,N,9(E1),D,-6.216,3
-4.651,-6.66,4,N,9(E1),E,-6.995,2
-4.408,-6.431,11,N,9(E1),F,-6.576,7
-2.01,-2.276,11,N,9(E1),G,-2.083,9
-2.094,-2.433,11,N,9(E1),H,-2.645,7
-0.03375,-0.01718,8,N,9(E1),I,-0.3174,4
-2.579,-3.395,11,N,9(E1),K,-3.614,4
-2.179,-2.595,10,N,9(E1),L,-2.613,5
-1.655,-1.662,8,N,9(E1),M,-1.808,4
0,0,,N,9(E1),N,0,
-2.919,-4.087,8,N,9(E1),P,-3.421,4
-1.548,-1.494,5,N,9(E1),Q,-1.672,4
-1.529,-1.466,5,N,9(E1),R,-1.58,3
0.1972,0.09086,4,N,9(E1),S,-0.2823,3
1.533,0.4148,5,N,9(E1),T,-0.8,2
-0.8168,-0.5851,10,N,9(E1),V,-0.4295,5
-5.421,-7.154,9,N,9(E1),W,-8,5
-3.854,-5.743,10,N,9(E1),Y,-5.736,4
-0.52,-0.3275,14,T,10(E1),A,-0.5464,9
1.46,0.4057,4,T,10(E1),C,0.4368,2
-2.823,-3.893,3,T,10(E1),D,-4.867,1
-1.632,-1.625,4,T,10(E1),E,-3.083,2
1.566,0.4186,5,T,10(E1),F,1.19,3
-1.552,-1.501,5,T,10(E1),G,-2.094,2
4.082,0.5273,7,T,10(E1),H,0.3723,4
6.253,0.5358,19,T,10(E1),I,-0.04573,8
-1.301,-1.14,4,T,10(E1),K,,
-0.5217,-0.3288,6,T,10(E1),L,-0.3907,1
0.8055,0.288,4,T,10(E1),M,0.6289,2
-0.08335,-0.04336,6,T,10(E1),N,,
-2.65,-3.54,4,T,10(E1),P,-3.758,2
4.178,0.5281,4,T,10(E1),Q,0.3667,2
0.9954,0.3299,6,T,10(E1),R,0.6688,4
-1.232,-1.051,3,T,10(E1),S,-1.332,2
0,0,,T,10(E1),T,0,
2.644,0.4963,4,T,10(E1),V,-0.226,2
-0.1458,-0.07795,6,T,10(E1),W,-0.393,2
3.6,0.5213,5,T,10(E1),Y,0.9631,5
-1.479,-1.39,11,V,11(E1),A,-1.968,2
1.721,0.4354,3,V,11(E1),C,1.472,2
-4.733,-6.728,4,V,11(E1),D,-7.215,2
-2.23,-2.694,8,V,11(E1),E,-2.58,3
-2.29,-2.813,3,V,11(E1),F,-1.96,2
-2.911,-4.07,6,V,11(E1),G,,
0.1367,0.06465,2,V,11(E1),H,-1.184,1
-1.183,-0.9894,4,V,11(E1),I,-0.119,2
-1.141,-0.9372,9,V,11(E1),K,-0.3822,4
-2.841,-3.93,15,V,11(E1),L,-3.632,3
-0.4001,-0.2391,19,V,11(E1),M,-0.2162,6
-1.172,-0.9757,6,V,11(E1),N,-1.288,3
0.5846,0.2287,4,V,11(E1),P,0.4688,2
0.7097,0.2638,5,V,11(E1),Q,-0.2577,3
-1.407,-1.286,8,V,11(E1),R,-1.368,4
-1.373,-1.239,4,V,11(E1),S,-1.569,4
-4.749,-6.741,8,V,11(E1),T,-6.465,5
0,0,,V,11(E1),V,0,
-1.468,-1.374,5,V,11(E1),W,-1.545,3
-2.485,-3.203,6,V,11(E1),Y,-3.731,3
-4.738,-6.732,4,G,12(E1),*,-7.051,1
-2.115,-2.473,5,G,12(E1),A,-2.54,3
-0.4962,-0.3093,2,G,12(E1),C,-0.6173,2
-0.7518,-0.5237,6,G,12(E1),D,-0.2473,3
-0.6865,-0.4649,20,G,12(E1),E,-1.422,4
-1.366,-1.229,8,G,12(E1),F,-1.519,4
0,0,,G,12(E1),G,0,
-0.8541,-0.6218,6,G,12(E1),H,-0.5967,3
-4.471,-6.494,12,G,12(E1),I,-6.022,4
-0.2149,-0.1184,2,G,12(E1),K,-0.3879,1
-0.1881,-0.1024,12,G,12(E1),L,-0.815,6
-0.8057,-0.5745,2,G,12(E1),M,-0.8525,2
-0.5824,-0.3769,4,G,12(E1),N,-1.218,3
-5.621,-7.237,5,G,12(E1),P,-7.546,2
-0.51,-0.3198,7,G,12(E1),Q,0.09946,4
-0.5047,-0.3157,40,G,12(E1),R,-1.317,13
-2.063,-2.374,5,G,12(E1),S,-2.125,2
0.07106,0.03457,7,G,12(E1),T,0.121,4
-6.793,-7.509,7,G,12(E1),V,-8,3
-2.399,-3.03,7,G,12(E1),W,-2.2,2
2.026,0.4619,7,G,12(E1),Y,0.0453,2
-1.713,-1.756,7,V,13(E1),A,-1.872,2
-2.826,-3.9,4,V,13(E1),C,-1.396,1
-3.968,-5.905,6,V,13(E1),D,-5.836,2
-6.854,-7.517,7,V,13(E1),E,-8,2
-1.893,-2.064,4,V,13(E1),F,-1.785,2
-3.369,-4.951,6,V,13(E1),G,-5.47,3
-2.227,-2.69,7,V,13(E1),H,-3.062,5
0.4202,0.1761,9,V,13(E1),I,0.7306,5
-2.034,-2.321,9,V,13(E1),K,-2.862,5
0.3734,0.1596,14,V,13(E1),L,0.7092,3
-1.215,-1.029,19,V,13(E1),M,-2.518,4
-2.868,-3.985,5,V,13(E1),N,-4.055,3
-0.7139,-0.4892,6,V,13(E1),P,-0.344,3
-2.793,-3.832,3,V,13(E1),Q,-4.641,2
-2.064,-2.377,4,V,13(E1),R,-2.523,3
-2.76,-3.765,3,V,13(E1),S,-4.222,1
-0.67,-0.4505,6,V,13(E1),T,-0.638,5
0,0,,V,13(E1),V,0,
-1.876,-2.034,7,V,13(E1),W,-2.305,5
-2.318,-2.868,7,V,13(E1),Y,-3.704,5
-0.1372,-0.07308,7,P,14(E1),A,0.3226,4
-4.406,-6.428,2,P,14(E1),C,,
-1.517,-1.447,6,P,14(E1),D,-0.8049,2
-1.869,-2.021,3,P,14(E1),E,-2.324,2
2.625,0.4955,5,P,14(E1),F,-0.2447,3
0.7067,0.263,9,P,14(E1),G,0.6622,2
2.271,0.4781,9,P,14(E1),H,-0.9025,2
0.8335,0.2946,4,P,14(E1),I,0.3694,3
1.425,0.401,6,P,14(E1),K,-0.1925,5
-0.618,-0.4062,12,P,14(E1),L,0.1569,6
0.03918,0.01933,6,P,14(E1),M,-0.8189,1
-0.2415,-0.1346,7,P,14(E1),N,-0.833,2
0,0,,P,14(E1),P,0,
-0.6157,-0.4043,1,P,14(E1),Q,-0.6716,1
1.181,0.3643,4,P,14(E1),R,-0.1544,2
0.1569,0.07353,26,P,14(E1),S,0.4415,5
-0.8963,-0.6644,7,P,14(E1),T,-1.288,2
-0.7235,-0.4979,4,P,14(E1),V,,
0.8435,0.297,6,P,14(E1),W,-0.4873,5
-1.021,-0.7984,4,P,14(E1),Y,-1.51,2
-7.923,-7.596,5,Y,15(E1),*,,
-1.11,-0.9006,4,Y,15(E1),-,,
0.07965,0.0386,9,Y,15(E1),A,-0.8035,6
-1.884,-2.049,7,Y,15(E1),C,-2.165,3
-3.841,-5.725,17,Y,15(E1),D,-5.921,7
-3.029,-4.306,3,Y,15(E1),E,-4.589,2
-0.4042,-0.242,8,Y,15(E1),F,-0.006965,6
0.2544,0.1144,8,Y,15(E1),G,-1.43,3
-1.591,-1.56,13,Y,15(E1),H,-2.039,7
-1.626,-1.615,12,Y,15(E1),I,-1.901,6
-1.067,-0.8496,12,Y,15(E1),K,-1.112,9
-1.952,-2.17,9,Y,15(E1),L,-2.154,5
-0.2382,-0.1326,6,Y,15(E1),M,-0.4404,5
-4.822,-6.798,9,Y,15(E1),N,-7.464,6
-6.15,-7.397,7,Y,15(E1),P,-8,4
-1.731,-1.786,10,Y,15(E1),Q,-2.201,6
2.652,0.4966,4,Y,15(E1),R,0.6802,2
-1.04,-0.8193,9,Y,15(E1),S,-0.5884,6
-0.7329,-0.5064,8,Y,15(E1),T,-0.8814,4
-1.245,-1.068,5,Y,15(E1),V,-1.559,3
0.0002575,0.0001291,6,Y,15(E1),W,-2.892,2
0,0,,Y,15(E1),Y,0,
-0.72,-0.4948,5,K,16(E1),-,,
-5.089,-6.979,20,K,16(E1),A,-7.082,11
-3.587,-5.328,8,K,16(E1),C,-6.005,2
-5.625,-7.239,4,K,16(E1),D,,
-6.65,-7.49,5,K,16(E1),E,-8,2
-3.359,-4.932,7,K,16(E1),F,-5.189,6
-6.831,-7.514,7,K,16(E1),G,-8,2
0.8959,0.3089,8,K,16(E1),H,0.1805,6
-4.841,-6.812,7,K,16(E1),I,-6.957,4
0,0,,K,16(E1),K,0,
-5.896,-7.33,3,K,16(E1),L,-7.7,2
-3.555,-5.275,13,K,16(E1),M,-6.05,6
-2.06,-2.369,11,K,16(E1),N,-2.17,3
-5.687,-7.262,10,K,16(E1),P,-6.659,4
-5.676,-7.258,7,K,16(E1),Q,-8,5
-2.725,-3.693,8,K,16(E1),R,-3.899,2
-3.559,-5.281,6,K,16(E1),S,-5.424,3
-3.677,-5.475,10,K,16(E1),T,-6.197,5
-5.416,-7.151,6,K,16(E1),V,-8,3
-3.239,-4.712,7,K,16(E1),W,-4.708,6
-2.755,-3.754,4,K,16(E1),Y,-3.681,3
-1.626,-1.616,5,T,17(E1),-,,
-0.6115,-0.4008,6,T,17(E1),A,-1.058,5
-1.078,-0.8625,8,T,17(E1),C,-2.016,3
0.8447,0.2973,8,T,17(E1),D,-1.44,3
-3.315,-4.853,9,T,17(E1),E,-5.221,5
-2.526,-3.288,4,T,17(E1),F,-3.861,3
-2.792,-3.83,5,T,17(E1),G,-4.204,3
-3.426,-5.052,5,T,17(E1),H,-5.433,2
-1.784,-1.875,10,T,17(E1),I,-1.912,5
-4.923,-6.871,3,T,17(E1),K,-8,1
-1.862,-2.01,11,T,17(E1),L,-2.141,6
-2.553,-3.342,7,T,17(E1),M,-3.304,6
-1.044,-0.8236,15,T,17(E1),N,-1.207,9
-6.5,-7.466,10,T,17(E1),P,-8,6
-2.66,-3.561,10,T,17(E1),Q,-3.848,4
1.975,0.458,3,T,17(E1),R,0.7028,2
2.589,0.494,7,T,17(E1),S,0.5745,6
0,0,,T,17(E1),T,0,
-0.8021,-0.571,4,T,17(E1),V,-0.6432,4
-6.853,-7.516,6,T,17(E1),W,-8,3
-5.354,-7.123,5,T,17(E1),Y,-5.804,2
-0.3005,-0.1719,7,L,18(E1),-,,
1.123,0.3542,8,L,18(E1),A,0.4726,4
0.4821,0.1969,10,L,18(E1),C,0.4868,8
-5.322,-7.106,9,L,18(E1),D,-6.5,2
-3.863,-5.757,9,L,18(E1),E,-5.735,5
-0.7245,-0.4988,8,L,18(E1),F,-1.39,5
-1.567,-1.523,8,L,18(E1),G,-1.651,7
-0.3142,-0.1808,8,L,18(E1),H,-1.586,5
-1.256,-1.082,5,L,18(E1),I,-1.176,1
-2.894,-4.037,8,L,18(E1),K,-4.198,7
0,0,,L,18(E1),L,0,
1.33,0.3877,19,L,18(E1),M,-0.6036,9
-2.695,-3.632,3,L,18(E1),N,-3.944,3
-3.856,-5.747,16,L,18(E1),P,-5.972,4
-1.263,-1.09,10,L,18(E1),Q,-1.51,3
-2.181,-2.599,8,L,18(E1),R,-2.254,3
-1.455,-1.355,7,L,18(E1),S,-1.521,5
-2.879,-4.006,6,L,18(E1),T,-3.427,2
-1.935,-2.139,4,L,18(E1),V,-2.465,4
-1.083,-0.868,4,L,18(E1),W,-0.6611,1
0.6588,0.25,5,L,18(E1),Y,-0.7118,2
-0.9179,-0.6867,7,V,19(E1),-,,
-1.002,-0.7771,7,V,19(E1),A,-1.546,2
-1.008,-0.7829,11,V,19(E1),C,-1.92,5
-6.403,-7.449,7,V,19(E1),D,-8,1
-6.149,-7.397,5,V,19(E1),E,-8,2
-1.717,-1.763,8,V,19(E1),F,-2.046,2
-5.337,-7.114,10,V,19(E1),G,-8,4
-6.178,-7.403,3,V,19(E1),H,-8,1
-1.589,-1.557,7,V,19(E1),I,-1.353,3
-6.5,-7.466,11,V,19(E1),K,-8,4
-0.8587,-0.6263,8,V,19(E1),L,-1.131,3
-1.282,-1.115,8,V,19(E1),M,-1.176,3
-5.524,-7.199,8,V,19(E1),N,-8,5
-6.511,-7.468,17,V,19(E1),P,-8,6
-5.163,-7.022,12,V,19(E1),Q,-8,10
-6.939,-7.526,8,V,19(E1),R,-8,7
-6.889,-7.521,7,V,19(E1),S,-8,3
-2.892,-4.033,6,V,19(E1),T,-4.528,3
0,0,,V,19(E1),V,0,
-6.166,-7.401,3,V,19(E1),W,-8,1
-4.206,-6.207,8,V,19(E1),Y,-6.936,5
-1.422,-1.308,7,N,20(E1),-,,
0.4162,0.1747,14,N,20(E1),A,0.1551,10
-1.041,-0.8209,6,N,20(E1),C,-2.492,3
0.8005,0.2868,10,N,20(E1),D,0.3349,5
0.5407,0.2154,4,N,20(E1),E,0.9527,1
-1.071,-0.8545,8,N,20(E1),F,-1.086,6
1.071,0.3446,6,N,20(E1),G,0.4117,4
-0.4522,-0.2765,8,N,20(E1),H,-1.002,4
-0.1822,-0.09894,7,N,20(E1),I,0.06495,2
-0.416,-0.2503,8,N,20(E1),K,-0.2305,1
0.07959,0.03857,7,N,20(E1),L,-0.4267,4
0.1346,0.06372,9,N,20(E1),M,0.1477,7
0,0,,N,20(E1),N,0,
-2.368,-2.968,6,N,20(E1),P,-3.046,5
0.7381,0.2712,7,N,20(E1),Q,-0.3565,6
-1.546,-1.491,10,N,20(E1),R,-1.937,2
-0.006436,-0.003238,9,N,20(E1),S,-0.9166,2
4.241,0.5287,7,N,20(E1),T,-1.85,3
-0.3814,-0.226,6,N,20(E1),V,-0.4197,4
0.7369,0.2709,10,N,20(E1),W,0.6073,4
-1.07,-0.8539,3,N,20(E1),Y,-1.026,1
-7.242,-7.555,3,R,21(E1),*,-8,1
-0.8341,-0.6021,6,R,21(E1),-,,
-0.4789,-0.2962,10,R,21(E1),A,0.006755,7
-1.84,-1.972,8,R,21(E1),C,-2.086,3
-6.851,-7.516,12,R,21(E1),D,-8,7
-7.219,-7.553,8,R,21(E1),E,-8,3
-1.283,-1.117,8,R,21(E1),F,-0.8702,4
-4.593,-6.609,7,R,21(E1),G,-6.852,4
-1.873,-2.03,7,R,21(E1),H,-2.722,4
-0.2742,-0.1551,9,R,21(E1),I,0.1322,3
0.03929,0.01938,8,R,21(E1),K,-3.469,3
-0.8989,-0.6671,7,R,21(E1),L,-0.9233,7
-1.455,-1.356,6,R,21(E1),M,-0.261,1
-0.0404,-0.02062,8,R,21(E1),N,-0.858,6
-6.273,-7.424,10,R,21(E1),P,-8,6
-0.4641,-0.2852,12,R,21(E1),Q,0.03026,6
0,0,,R,21(E1),R,0,
-1.158,-0.9576,5,R,21(E1),S,-1.231,3
-3.182,-4.604,9,R,21(E1),T,-4.568,5
1.331,0.3879,6,R,21(E1),V,0.9291,5
-1.906,-2.087,9,R,21(E1),W,-2.435,6
-1.117,-0.9088,10,R,21(E1),Y,0.2982,3
-1.568,-1.525,6,P,22(E1),-,,
0.1703,0.07936,7,P,22(E1),A,-0.4579,3
-2.58,-3.397,4,P,22(E1),C,-3.851,3
-1.596,-1.568,11,P,22(E1),D,-1.875,4
-1.057,-0.8384,4,P,22(E1),E,-1.5,1
-1.261,-1.089,11,P,22(E1),F,-0.9789,5
2.909,0.5057,7,P,22(E1),G,-0.1056,3
1.204,0.3681,10,P,22(E1),H,0.3776,3
-0.8937,-0.6618,12,P,22(E1),I,-0.9379,9
-1.175,-0.9783,6,P,22(E1),K,-1.402,5
-1.586,-1.552,9,P,22(E1),L,-1.835,5
-0.07259,-0.03758,6,P,22(E1),M,-0.9486,3
-1.427,-1.315,7,P,22(E1),N,-1.828,5
0,0,,P,22(E1),P,0,
-0.7114,-0.487,5,P,22(E1),Q,-1.663,1
-0.6953,-0.4727,11,P,22(E1),R,-0.6367,6
-1.748,-1.815,9,P,22(E1),S,-1.738,5
-4.441,-6.464,10,P,22(E1),T,-6.764,6
-1.209,-1.022,5,P,22(E1),V,-1.488,2
-0.9646,-0.7361,5,P,22(E1),W,-0.6076,1
-0.08208,-0.04268,5,P,22(E1),Y,0.3613,2
-1.41,-1.291,6,G,23(E1),-,,
0.2309,0.1049,7,G,23(E1),A,0.1414,3
-3.108,-4.461,9,G,23(E1),C,-3.531,5
-1.852,-1.992,38,G,23(E1),D,-2.005,8
-2.438,-3.109,6,G,23(E1),E,-3.726,2
-0.8903,-0.6583,6,G,23(E1),F,-1.583,3
0,0,,G,23(E1),G,0,
-2.138,-2.517,5,G,23(E1),H,-2.915,2
-2.306,-2.844,6,G,23(E1),I,-2.17,1
-0.9763,-0.7487,5,G,23(E1),K,-1.619,4
-0.9368,-0.7065,8,G,23(E1),L,-0.5796,7
-0.7097,-0.4855,7,G,23(E1),M,-0.7037,6
-1.274,-1.105,7,G,23(E1),N,-1.617,3
0.3366,0.1461,8,G,23(E1),P,-0.5528,5
-0.3626,-0.2132,13,G,23(E1),Q,-1.391,6
-1.273,-1.103,6,G,23(E1),R,-1.398,5
-0.8221,-0.5903,9,G,23(E1),S,-1.203,2
1.909,0.4527,4,G,23(E1),T,0.8913,3
-2.496,-3.225,8,G,23(E1),V,-2.492,1
-2.449,-3.132,6,G,23(E1),W,-3.322,2
1.171,0.3626,2,G,23(E1),Y,0.3193,2
-5.526,-7.199,4,Y,24(E1),*,,
-0.146,-0.07806,3,Y,24(E1),-,,
-1.509,-1.436,14,Y,24(E1),A,-1.63,10
-1.46,-1.362,14,Y,24(E1),C,-1.788,9
-3.776,-5.628,7,Y,24(E1),D,-6.237,5
-5.904,-7.332,6,Y,24(E1),E,-8,3
-0.8659,-0.6335,8,Y,24(E1),F,-1.037,6
-6.95,-7.528,9,Y,24(E1),G,-8,4
-2.039,-2.33,8,Y,24(E1),H,-2.248,6
-5.134,-7.006,12,Y,24(E1),I,-7.645,8
-2.066,-2.38,7,Y,24(E1),K,-1.698,3
-1.998,-2.254,6,Y,24(E1),L,-2.542,4
0.08727,0.04216,6,Y,24(E1),M,-0.4112,3
-3.057,-4.361,6,Y,24(E1),N,-5.787,4
-5.571,-7.218,9,Y,24(E1),P,-8,9
-2.304,-2.841,9,Y,24(E1),Q,-2.93,6
-4.696,-6.698,7,Y,24(E1),R,-5.356,4
-1.011,-0.7864,5,Y,24(E1),S,-0.8696,2
-2.352,-2.937,6,Y,24(E1),T,-3.184,2
-4.537,-6.558,7,Y,24(E1),V,-6.21,4
0.2193,0.1001,5,Y,24(E1),W,-0.3755,3
0,0,,Y,24(E1),Y,0,
-0.7632,-0.5343,2,S,25(E1),-,,
-0.9663,-0.7379,11,S,25(E1),A,-0.4695,6
-7.013,-7.534,3,S,25(E1),C,-7.245,1
-5.267,-7.078,4,S,25(E1),D,-7.82,3
-4.732,-6.728,2,S,25(E1),E,,
-6.29,-7.427,7,S,25(E1),F,-8,4
-3.241,-4.714,15,S,25(E1),G,-4.266,5
-4.327,-6.345,5,S,25(E1),H,-6.386,3
-3.531,-5.234,12,S,25(E1),I,-5.124,3
-5.79,-7.297,4,S,25(E1),K,-8,3
-3.695,-5.503,10,S,25(E1),L,-5.566,5
-2.665,-3.572,6,S,25(E1),M,-6.655,1
-2.125,-2.492,16,S,25(E1),N,-2.859,3
-6.731,-7.501,6,S,25(E1),P,-6.969,2
-5.378,-7.134,4,S,25(E1),Q,-8,3
-3.766,-5.613,3,S,25(E1),R,,
0,0,,S,25(E1),S,0,
2.4,0.4851,5,S,25(E1),T,0.2967,2
-3.456,-5.105,8,S,25(E1),V,-5.596,6
-9.299,-7.627,7,S,25(E1),W,-8,4
-4.688,-6.691,10,S,25(E1),Y,-6.765,6
-0.7575,-0.529,2,P,26(E1),-,,
-1.723,-1.773,5,P,26(E1),A,-2.146,4
-9.435,-7.628,8,P,26(E1),C,-7.283,4
-4.84,-6.811,7,P,26(E1),D,-7.367,6
-5.98,-7.354,7,P,26(E1),E,-8,5
-3.317,-4.856,13,P,26(E1),F,-4.702,9
-3.081,-4.408,3,P,26(E1),G,-4.717,1
-3.45,-5.094,5,P,26(E1),H,-5.3,2
-1.823,-1.942,2,P,26(E1),I,-2.232,2
-3.779,-5.633,4,P,26(E1),K,-6.645,2
-4.894,-6.851,8,P,26(E1),L,-8,1
-2.729,-3.701,9,P,26(E1),M,-2.913,2
-2.13,-2.501,9,P,26(E1),N,-3.102,4
0,0,,P,26(E1),P,0,
-4.344,-6.364,5,P,26(E1),Q,-6.841,2
-6.313,-7.432,6,P,26(E1),R,-8,3
-2.545,-3.326,11,P,26(E1),S,-3.977,6
-4.009,-5.96,10,P,26(E1),T,-5.75,3
-5.052,-6.956,5,P,26(E1),V,-6.743,2
-3.808,-5.676,7,P,26(E1),W,-5.78,5
-2.884,-4.016,14,P,26(E1),Y,-4.488,11
0.2429,0.1097,1,M,27(E1),-,,
-2.826,-3.899,10,M,27(E1),A,-4.015,2
-2.554,-3.344,5,M,27(E1),C,-3.832,1
-7.015,-7.534,7,M,27(E1),D,-8,3
-2.747,-3.739,8,M,27(E1),E,-4.001,5
-0.2018,-0.1105,10,M,27(E1),F,-0.1634,6
-7.379,-7.566,12,M,27(E1),G,-8,6
-2.443,-3.118,6,M,27(E1),H,-4.027,4
0.2665,0.1192,29,M,27(E1),I,-0.6351,5
-1.76,-1.835,5,M,27(E1),K,-2.331,1
0.5266,0.211,7,M,27(E1),L,-0.727,4
0,0,,M,27(E1),M,0,
-4.126,-6.11,7,M,27(E1),N,-6.059,4
-5.895,-7.329,8,M,27(E1),P,-7.473,5
-0.7938,-0.5631,13,M,27(E1),Q,-1.184,5
-2.132,-2.505,13,M,27(E1),R,-2.231,3
-2.45,-3.134,11,M,27(E1),S,-3.212,4
-1.081,-0.866,7,M,27(E1),T,-1.205,6
0.04829,0.02373,2,M,27(E1),V,,
0.3746,0.16,4,M,27(E1),W,-0.9827,2
-1.81,-1.92,7,M,27(E1),Y,-1.925,1
-0.6657,-0.4468,1,V,28(E1),-,,
-1.829,-1.952,6,V,28(E1),A,-2.219,3
0.1158,0.05525,5,V,28(E1),C,-0.8339,2
-7.274,-7.558,5,V,28(E1),D,-8,5
-6.174,-7.402,4,V,28(E1),E,-8,1
-4.845,-6.815,5,V,28(E1),F,-7.385,4
-3.318,-4.857,4,V,28(E1),G,-4.686,1
-8.57,-7.616,3,V,28(E1),H,-8,3
-1.098,-0.8861,4,V,28(E1),I,-1.152,4
-4.749,-6.741,5,V,28(E1),K,-7.038,2
-3.391,-4.991,17,V,28(E1),L,-4.793,7
-2.929,-4.106,11,V,28(E1),M,-2.861,1
-0.7093,-0.4852,5,V,28(E1),N,-0.2836,4
-5.044,-6.951,3,V,28(E1),P,-7.525,1
-3.231,-4.696,5,V,28(E1),Q,-4.707,2
-5.43,-7.158,8,V,28(E1),R,-8,3
-1.137,-0.9325,6,V,28(E1),S,-0.9657,2
2.885,0.505,8,V,28(E1),T,-0.1808,5
0,0,,V,28(E1),V,0,
-7.15,-7.547,7,V,28(E1),W,-8,4
-6.685,-7.495,13,V,28(E1),Y,-8,5
-1.308,-1.149,8,L,29(E1),A,-1.486,5
-1.048,-0.8285,11,L,29(E1),C,-1.315,4
-6.625,-7.486,7,L,29(E1),D,-8,6
-5.459,-7.171,6,L,29(E1),E,-7.048,2
-0.1142,-0.06021,7,L,29(E1),F,0.4077,5
-6.596,-7.482,6,L,29(E1),G,-8,4
-4.982,-6.91,8,L,29(E1),H,-8,3
0.03987,0.01966,14,L,29(E1),I,-0.08715,9
-3.604,-5.356,6,L,29(E1),K,-6.338,2
0,0,,L,29(E1),L,0,
-0.397,-0.2369,10,L,29(E1),M,-1.402,2
-7.304,-7.56,6,L,29(E1),N,-8,1
-6.724,-7.5,15,L,29(E1),P,-8,9
-6.944,-7.527,9,L,29(E1),Q,-8,4
-7.341,-7.563,18,L,29(E1),R,-8,6
-6.375,-7.444,4,L,29(E1),S,-8,2
-3.615,-5.374,2,L,29(E1),T,,
0.3638,0.1561,8,L,29(E1),V,-0.7378,2
-1.846,-1.983,6,L,29(E1),W,-1.699,4
-2.293,-2.819,9,L,29(E1),Y,-3.147,4
-7.699,-7.585,7,E,30(E1),*,,
-1.157,-0.9571,10,E,30(E1),A,-1.088,6
-3.615,-5.374,6,E,30(E1),C,-6.461,3
0.2968,0.131,11,E,30(E1),D,-0.0262,7
0,0,,E,30(E1),E,0,
-5.738,-7.28,9,E,30(E1),F,-8,5
-1.681,-1.703,9,E,30(E1),G,-1.675,6
-1.213,-1.026,5,E,30(E1),H,,
-0.8262,-0.5943,8,E,30(E1),I,-1.121,2
-1.799,-1.9,97,E,30(E1),K,-2.085,13
-1.985,-2.231,11,E,30(E1),L,-1.823,5
-1.331,-1.18,8,E,30(E1),M,-0.8262,4
-2.372,-2.977,12,E,30(E1),N,-2.296,5
-4.27,-6.282,7,E,30(E1),P,-8,3
-1.041,-0.8198,10,E,30(E1),Q,-0.5405,5
-1.576,-1.536,8,E,30(E1),R,-1.704,5
0.2502,0.1127,5,E,30(E1),S,-0.7431,2
0.03298,0.01631,10,E,30(E1),T,0.08892,7
0.7072,0.2631,10,E,30(E1),V,-0.3674,5
-5.692,-7.263,4,E,30(E1),W,-8,4
-4.857,-6.823,10,E,30(E1),Y,-8,3
-0.4045,-0.2422,8,M,31(E1),A,-0.129,6
-2.949,-4.147,1,M,31(E1),C,,
-6.424,-7.453,11,M,31(E1),D,-7.427,7
-5.651,-7.248,11,M,31(E1),E,-7.931,8
-0.8994,-0.6676,10,M,31(E1),F,-0.428,5
-6.599,-7.482,6,M,31(E1),G,-8,5
-2.222,-2.679,13,M,31(E1),H,-2.664,7
-0.07926,-0.04116,28,M,31(E1),I,-2.226,3
-3.902,-5.814,7,M,31(E1),K,-5.425,1
-0.1701,-0.09189,10,M,31(E1),L,-0.4104,3
0,0,,M,31(E1),M,0,
-4.096,-6.073,12,M,31(E1),N,-6.387,10
-7.06,-7.539,7,M,31(E1),P,-8,4
-2.99,-4.228,11,M,31(E1),Q,-3.779,7
-5.283,-7.087,9,M,31(E1),R,-8,8
-2.6,-3.439,10,M,31(E1),S,-3.146,6
-0.5159,-0.3243,5,M,31(E1),T,-0.1899,3
0.9728,0.3253,8,M,31(E1),V,-0.2387,4
0.01791,0.008916,8,M,31(E1),W,-0.5343,6
1.303,0.3838,3,M,31(E1),Y,-3.268,2
-6.166,-7.4,3,E,32(E1),*,,
-0.7561,-0.5277,11,E,32(E1),A,-0.7301,6
-2.392,-3.016,6,E,32(E1),C,-2.731,5
-2.175,-2.588,11,E,32(E1),D,-2.581,7
0,0,,E,32(E1),E,0,
-4.105,-6.085,10,E,32(E1),F,-5.937,7
-4.878,-6.839,8,E,32(E1),G,-8,2
-1.309,-1.151,7,E,32(E1),H,-1.17,3
-1.854,-1.997,6,E,32(E1),I,-1.436,3
-1.45,-1.348,47,E,32(E1),K,-1.231,5
-1.822,-1.94,11,E,32(E1),L,-1.834,7
-0.05179,-0.02657,5,E,32(E1),M,-0.7805,1
-1.327,-1.176,7,E,32(E1),N,-0.6044,3
-5.712,-7.27,10,E,32(E1),P,-8,6
-2.128,-2.498,13,E,32(E1),Q,-3.719,3
2.751,0.5004,5,E,32(E1),R,,
-2.341,-2.914,4,E,32(E1),S,-3.277,1
-0.2276,-0.1261,12,E,32(E1),T,0.7082,6
-0.3426,-0.1997,7,E,32(E1),V,-0.3794,2
-1.556,-1.505,6,E,32(E1),W,-1.916,2
-1.507,-1.433,8,E,32(E1),Y,-1.14,4
-1.867,-2.019,8,L,33(E1),A,-2.102,6
-7.037,-7.537,12,L,33(E1),C,-8,3
-7.232,-7.554,6,L,33(E1),D,-8,4
-6.198,-7.408,3,L,33(E1),E,-8,1
0.1462,0.06885,5,L,33(E1),F,0.6075,4
-5.207,-7.047,9,L,33(E1),G,-7.774,6
-4.812,-6.79,6,L,33(E1),H,-8,1
0.9371,0.3178,3,L,33(E1),I,-0.6442,1
-7.682,-7.584,6,L,33(E1),K,-8,2
0,0,,L,33(E1),L,0,
-0.4046,-0.2423,13,L,33(E1),M,-0.01067,6
-6.83,-7.514,12,L,33(E1),N,-8,7
-2.325,-2.882,13,L,33(E1),P,-3.018,5
-3.408,-5.02,5,L,33(E1),Q,-3.858,1
-5.803,-7.301,6,L,33(E1),R,-8,3
-5.243,-7.066,10,L,33(E1),S,-8,3
-2.606,-3.45,8,L,33(E1),T,-3.333,5
-1.086,-0.8719,12,L,33(E1),V,-0.4847,6
-0.2087,-0.1147,12,L,33(E1),W,0.1915,4
-5.304,-7.097,8,L,33(E1),Y,-8,5
1.376,0.3944,7,L,34(E1),A,-0.6369,2
-0.305,-0.1748,2,L,34(E1),C,-0.4086,2
-0.8471,-0.6148,7,L,34(E1),D,-1.262,4
-0.5289,-0.3344,9,L,34(E1),E,-0.8032,5
0.3639,0.1561,6,L,34(E1),F,-0.4781,3
-2.22,-2.674,8,L,34(E1),G,-2.494,4
-0.134,-0.07129,8,L,34(E1),H,0.178,4
1.656,0.4287,11,L,34(E1),I,0.2206,5
0.02211,0.01098,11,L,34(E1),K,0.1585,3
0,0,,L,34(E1),L,0,
1.56,0.418,11,L,34(E1),M,0.2192,4
-0.8721,-0.6398,5,L,34(E1),N,-0.9094,2
-4.784,-6.768,9,L,34(E1),P,-5.872,3
-0.8744,-0.6421,5,L,34(E1),Q,0.1489,4
-0.8002,-0.5692,9,L,34(E1),R,-0.3327,5
-1.243,-1.065,6,L,34(E1),S,-1.042,4
-0.8087,-0.5773,7,L,34(E1),T,-0.9959,4
-2.032,-2.317,5,L,34(E1),V,,
-2.228,-2.691,5,L,34(E1),W,-2.526,2
-0.6841,-0.4628,7,L,34(E1),Y,-0.804,6
0.6964,0.2602,5,S,35(E1),A,-0.0015,2
0.5454,0.2169,5,S,35(E1),C,-1.674,3
-0.1577,-0.08476,5,S,35(E1),D,-0.5283,2
3.11,0.5114,6,S,35(E1),E,-0.08153,4
-0.4153,-0.2498,6,S,35(E1),F,1.277,2
1.571,0.4192,7,S,35(E1),G,-1.178,3
5.636,0.5349,7,S,35(E1),H,0.6983,3
0.27,0.1206,5,S,35(E1),I,0.1611,3
-1.302,-1.142,4,S,35(E1),K,-0.3603,3
-0.5624,-0.3608,4,S,35(E1),L,-0.4855,1
2.399,0.4851,3,S,35(E1),M,1.107,2
0.06891,0.03355,5,S,35(E1),N,-0.2183,5
-6.64,-7.488,9,S,35(E1),P,-8,7
1.321,0.3864,3,S,35(E1),Q,,
1.067,0.344,6,S,35(E1),R,-0.7899,3
0,0,,S,35(E1),S,0,
1.02,0.3349,10,S,35(E1),T,0.8773,3
1.806,0.4436,4,S,35(E1),V,0.349,3
1.4,0.3976,7,S,35(E1),W,0.5242,5
-0.663,-0.4444,8,S,35(E1),Y,-0.8321,2
-0.7912,-0.5607,37,V,36(E1),A,-0.08872,14
-1.855,-1.998,5,V,36(E1),C,-2.295,4
-7.386,-7.566,18,V,36(E1),D,-8,11
-2.582,-3.401,12,V,36(E1),E,-3.353,9
-1.922,-2.115,6,V,36(E1),F,-2.168,3
-5.145,-7.012,4,V,36(E1),G,-6.987,2
-1.417,-1.301,8,V,36(E1),H,-1.26,5
-1.895,-2.067,5,V,36(E1),I,-1.722,2
-5.174,-7.028,8,V,36(E1),K,-7.502,4
-1.371,-1.235,20,V,36(E1),L,-0.9603,4
-0.8327,-0.6007,18,V,36(E1),M,-0.7495,4
-0.2967,-0.1694,16,V,36(E1),N,-0.8768,8
-7.324,-7.562,11,V,36(E1),P,-8,7
0.09284,0.04474,9,V,36(E1),Q,-0.5389,4
-4.829,-6.803,5,V,36(E1),R,-6.841,3
-0.5822,-0.3768,8,V,36(E1),S,-0.9062,4
-0.3087,-0.1772,9,V,36(E1),T,-0.4268,4
0,0,,V,36(E1),V,0,
-1.03,-0.8082,5,V,36(E1),W,-1.847,3
-1.323,-1.17,9,V,36(E1),Y,-1.24,3
-0.954,-0.7247,13,T,37(E1),A,0.1926,4
-0.3285,-0.1902,5,T,37(E1),C,-0.6297,5
-1.083,-0.8691,12,T,37(E1),D,-1.096,5
-0.2221,-0.1228,8,T,37(E1),E,-1.2,4
-0.3833,-0.2274,11,T,37(E1),F,-0.224,7
-0.7903,-0.5598,8,T,37(E1),G,-0.5236,3
-0.1758,-0.09523,9,T,37(E1),H,-0.4747,4
0.2113,0.09676,8,T,37(E1),I,-0.6798,2
-1.33,-1.18,9,T,37(E1),K,-2.259,3
-0.648,-0.4316,7,T,37(E1),L,-0.4366,3
-0.4912,-0.3055,13,T,37(E1),M,-0.3886,9
-1.46,-1.362,8,T,37(E1),N,-1.63,6
-5.703,-7.267,12,T,37(E1),P,-8,6
-0.8453,-0.6131,3,T,37(E1),Q,0.5905,2
-0.8568,-0.6245,4,T,37(E1),R,0.141,2
-1.026,-0.8037,6,T,37(E1),S,-1.993,2
0,0,,T,37(E1),T,0,
-0.9806,-0.7533,3,T,37(E1),V,-1.037,2
-0.2568,-0.1441,5,T,37(E1),W,0.4077,3
1.926,0.454,6,T,37(E1),Y,-1.276,3
-1.826,-1.947,10,L,38(E1),A,-1.426,4
-3.14,-4.523,11,L,38(E1),C,-4.883,7
-3.567,-5.295,2,L,38(E1),D,-5.554,1
-2.845,-3.937,8,L,38(E1),E,-3.949,5
-2.906,-4.06,4,L,38(E1),F,-4.361,2
-5.982,-7.354,12,L,38(E1),G,-8,6
-2.292,-2.818,6,L,38(E1),H,-2.405,2
-0.2246,-0.1243,7,L,38(E1),I,-0.3795,5
-3.807,-5.674,9,L,38(E1),K,-5.992,8
0,0,,L,38(E1),L,0,
-1.557,-1.507,9,L,38(E1),M,-2.45,4
-2.094,-2.434,11,L,38(E1),N,-1.343,4
-7.324,-7.562,13,L,38(E1),P,-8,6
-1.44,-1.334,5,L,38(E1),Q,-0.09624,1
-3.055,-4.356,6,L,38(E1),R,-4.621,2
-0.8096,-0.5783,6,L,38(E1),S,-0.8184,4
-1.43,-1.319,4,L,38(E1),T,-1.175,3
-0.9142,-0.6828,9,L,38(E1),V,-0.424,4
-7.305,-7.56,10,L,38(E1),W,-8,6
-6.407,-7.45,8,L,38(E1),Y,-8,3
-5.829,-7.309,5,E,39(E1),*,,
0.08511,0.04115,6,E,39(E1),A,-0.648,2
-0.2934,-0.1673,7,E,39(E1),C,-0.46,4
0.3235,0.1412,7,E,39(E1),D,0.0116,4
0,0,,E,39(E1),E,0,
-1.087,-0.8737,10,E,39(E1),F,-0.7577,3
-3.499,-5.18,13,E,39(E1),G,-0.9685,2
3.172,0.5129,8,E,39(E1),H,-0.5679,5
-0.8196,-0.5879,5,E,39(E1),I,-0.7397,2
0.1373,0.0649,45,E,39(E1),K,-1.168,7
-1.986,-2.233,7,E,39(E1),L,-2.681,3
-1.393,-1.267,5,E,39(E1),M,-1.338,4
-0.5353,-0.3394,8,E,39(E1),N,-0.3715,5
-5.526,-7.2,4,E,39(E1),P,-8,3
-0.9085,-0.677,12,E,39(E1),Q,-0.5824,5
-0.2773,-0.157,9,E,39(E1),R,-0.05554,5
-1.256,-1.081,5,E,39(E1),S,-1.883,4
-0.4423,-0.2692,10,E,39(E1),T,-0.2822,8
0.1034,0.04958,8,E,39(E1),V,0.3602,2
1.36,0.3921,7,E,39(E1),W,0.6419,6
0.1795,0.08334,14,E,39(E1),Y,0.347,7
0.1156,0.05518,13,P,40(E1),A,-0.2321,10
-5.075,-6.97,10,P,40(E1),C,-7.381,6
-6.283,-7.426,5,P,40(E1),D,-8,5
-5.001,-6.923,7,P,40(E1),E,-7.464,6
-6.009,-7.362,5,P,40(E1),F,-7.495,2
-6.195,-7.407,4,P,40(E1),G,-7.675,2
-9.107,-7.625,11,P,40(E1),H,-7.991,3
-3.185,-4.61,17,P,40(E1),I,-5.155,13
-5.791,-7.297,10,P,40(E1),K,-8,4
-5.104,-6.988,12,P,40(E1),L,-8,2
-2.807,-3.86,7,P,40(E1),M,-3.704,3
-5.568,-7.216,3,P,40(E1),N,-7.595,2
0,0,,P,40(E1),P,0,
-2.974,-4.198,8,P,40(E1),Q,-4.663,2
-8.91,-7.622,8,P,40(E1),R,-6.735,4
-3.095,-4.436,21,P,40(E1),S,-4.389,6
-1.719,-1.766,12,P,40(E1),T,-1.688,2
-1.771,-1.853,7,P,40(E1),V,-1.722,4
-6.523,-7.47,7,P,40(E1),W,-8,5
-6.136,-7.393,8,P,40(E1),Y,-8,3
-0.7552,-0.5269,13,T,41(E1),A,-0.3482,6
-3.917,-5.834,15,T,41(E1),C,-6.145,9
-3.052,-4.352,8,T,41(E1),D,-4.787,3
-2.082,-2.41,5,T,41(E1),E,-2.635,3
-2.423,-3.079,12,T,41(E1),F,-3.613,8
-2.539,-3.314,5,T,41(E1),G,-3.995,1
-2.709,-3.661,7,T,41(E1),H,-4.94,1
0.5019,0.2032,12,T,41(E1),I,0.1876,3
-5.198,-7.042,8,T,41(E1),K,-7.343,4
-2.177,-2.592,10,T,41(E1),L,-3.202,5
0.3177,0.139,5,T,41(E1),M,0.3418,2
-1.457,-1.358,13,T,41(E1),N,-1.849,6
-7.19,-7.551,6,T,41(E1),P,-8,2
-2.47,-3.173,8,T,41(E1),Q,-3.206,2
-7.41,-7.568,12,T,41(E1),R,-8,5
-0.06305,-0.03251,8,T,41(E1),S,0.8875,4
0,0,,T,41(E1),T,0,
0.2541,0.1143,6,T,41(E1),V,-0.03785,2
-1.789,-1.884,2,T,41(E1),W,-1.598,1
1.096,0.3494,6,T,41(E1),Y,-0.229,2
-2.499,-3.232,5,L,42(E1),A,-3.297,2
-2.115,-2.472,7,L,42(E1),C,-1.191,3
-6.793,-7.509,13,L,42(E1),D,-8,4
-7.027,-7.536,10,L,42(E1),E,-8,8
-2.472,-3.178,7,L,42(E1),F,-2.746,2
-5.96,-7.348,9,L,42(E1),G,-8,3
-4.92,-6.869,4,L,42(E1),H,-7.209,2
1.723,0.4356,5,L,42(E1),I,-0.0941,2
-3.776,-5.628,5,L,42(E1),K,-5.499,3
0,0,,L,42(E1),L,0,
-0.6674,-0.4482,6,L,42(E1),M,0.1737,2
-6.066,-7.376,5,L,42(E1),N,-7.779,2
-7.154,-7.548,25,L,42(E1),P,-8,16
-4.939,-6.882,17,L,42(E1),Q,-6.769,9
-4.52,-6.542,15,L,42(E1),R,-6.537,9
-6.012,-7.362,9,L,42(E1),S,-8,7
-0.9079,-0.6763,9,L,42(E1),T,-0.5095,5
0.2804,0.1247,6,L,42(E1),V,-0.001873,5
-5.853,-7.317,4,L,42(E1),W,-8,2
-5.404,-7.146,1,L,42(E1),Y,-7.424,1
3.093,0.511,11,S,43(E1),A,0.1744,7
-5.274,-7.083,12,S,43(E1),C,-7.632,6
-1.495,-1.414,5,S,43(E1),D,-1.423,4
-1.759,-1.833,5,S,43(E1),E,-2.382,4
-0.09941,-0.05208,7,S,43(E1),F,0.0261,5
2.643,0.4963,8,S,43(E1),G,1.348,3
-1.309,-1.151,4,S,43(E1),H,-0.6045,2
-1.23,-1.048,10,S,43(E1),I,-1.642,5
0.6163,0.238,10,S,43(E1),K,0.8098,6
-0.6739,-0.4539,13,S,43(E1),L,0.05913,3
0.3345,0.1453,4,S,43(E1),M,-0.7544,2
-0.5018,-0.3135,14,S,43(E1),N,-0.9048,5
-5.695,-7.265,12,S,43(E1),P,-8,10
-0.1557,-0.08362,5,S,43(E1),Q,0.6801,3
2.049,0.4635,16,S,43(E1),R,1.117,4
0,0,,S,43(E1),S,0,
-0.1395,-0.07436,11,S,43(E1),T,0.0442,2
0.751,0.2745,7,S,43(E1),V,-0.6841,2
1.3,0.3833,14,S,43(E1),W,0.7727,5
0.01631,0.008126,6,S,43(E1),Y,-1.022,2
0.1914,0.08841,7,L,44(E1),A,-0.5483,5
-2.308,-2.848,6,L,44(E1),C,-2.969,4
-5.105,-6.988,10,L,44(E1),D,-7.383,5
-1.768,-1.847,5,L,44(E1),E,-1.501,2
-1.814,-1.927,7,L,44(E1),F,-1.713,3
-3.434,-5.066,8,L,44(E1),G,-5.379,4
-1.162,-0.9627,5,L,44(E1),H,-1.391,3
-0.6869,-0.4652,7,L,44(E1),I,0.4028,4
-1.557,-1.507,5,L,44(E1),K,-0.7522,3
0,0,,L,44(E1),L,0,
-0.8262,-0.5943,17,L,44(E1),M,-1.359,6
-2.676,-3.593,2,L,44(E1),N,-3.259,1
-4.666,-6.673,20,L,44(E1),P,-5.469,8
-1.116,-0.9077,11,L,44(E1),Q,-1.127,4
-0.3527,-0.2065,3,L,44(E1),R,-0.3417,2
-1.809,-1.917,11,L,44(E1),S,-2.346,6
-1.532,-1.47,5,L,44(E1),T,-2.325,2
-2.09,-2.425,3,L,44(E1),V,-1.394,1
-2.669,-3.58,13,L,44(E1),W,-3.723,8
-2.978,-4.205,8,L,44(E1),Y,-4.551,4
-0.4843,-0.3003,1,D,45(E1),-,,
1.116,0.3529,11,D,45(E1),A,0.2012,3
-2.511,-3.256,14,D,45(E1),C,-3.237,9
0,0,,D,45(E1),D,0,
0.3959,0.1676,7,D,45(E1),E,,
-5.78,-7.293,10,D,45(E1),F,-8,7
-3.255,-4.741,11,D,45(E1),G,-4.446,5
-1.813,-1.925,15,D,45(E1),H,-2.099,10
-1.024,-0.8008,13,D,45(E1),I,-1.344,8
-2.384,-3,12,D,45(E1),K,-2.479,8
-2.887,-4.022,12,D,45(E1),L,-3.845,10
-0.07386,-0.03826,11,D,45(E1),M,0.7817,7
-1.326,-1.174,22,D,45(E1),N,-0.5737,4
-5.088,-6.978,7,D,45(E1),P,-6.402,4
3.039,0.5095,17,D,45(E1),Q,1.003,10
-2.286,-2.805,3,D,45(E1),R,-3.095,2
0.8091,0.2888,9,D,45(E1),S,0.9688,6
0.5663,0.2233,4,D,45(E1),T,,
0.1021,0.04899,8,D,45(E1),V,0.04301,7
-5.253,-7.071,9,D,45(E1),W,-7.541,8
-5.267,-7.078,14,D,45(E1),Y,-8,4
-6.89,-7.521,6,Y,46(E1),*,,
-3.789,-5.649,2,Y,46(E1),-,,
-6.225,-7.414,15,Y,46(E1),A,-8,6
-5.257,-7.073,8,Y,46(E1),C,-8,3
-5.625,-7.239,14,Y,46(E1),D,-7.742,6
-6.833,-7.514,10,Y,46(E1),E,-8,7
-1.305,-1.147,11,Y,46(E1),F,-1.292,6
-6.5,-7.466,15,Y,46(E1),G,-7.936,8
-6.712,-7.498,11,Y,46(E1),H,-8,4
-5.629,-7.24,11,Y,46(E1),I,-8,5
-6.422,-7.453,8,Y,46(E1),K,-8,5
-5.306,-7.098,14,Y,46(E1),L,-7.569,9
-7.416,-7.568,11,Y,46(E1),M,-8,9
-5.986,-7.355,10,Y,46(E1),N,-8,3
-6.876,-7.519,19,Y,46(E1),P,-8,7
-5.805,-7.302,4,Y,46(E1),Q,-8,4
-7.948,-7.597,14,Y,46(E1),R,-8,5
-6.301,-7.43,7,Y,46(E1),S,-8,2
-8.073,-7.601,10,Y,46(E1),T,-8,6
-5.874,-7.323,10,Y,46(E1),V,-7.713,3
0.708,0.2633,8,Y,46(E1),W,0.8049,5
0,0,,Y,46(E1),Y,0,
-0.2027,-0.1111,1,I,47(E1),-,,
-2.918,-4.084,13,I,47(E1),A,-4.316,10
-2.946,-4.14,14,I,47(E1),C,-4.629,5
-4.711,-6.71,14,I,47(E1),D,-7.106,6
-2.815,-3.876,10,I,47(E1),E,-4.293,7
-1.954,-2.175,9,I,47(E1),F,-2.822,6
-6.506,-7.467,9,I,47(E1),G,-8,5
-2.566,-3.369,5,I,47(E1),H,-2.801,2
0,0,,I,47(E1),I,0,
-4.434,-6.457,15,I,47(E1),K,-7.21,8
-1.788,-1.882,13,I,47(E1),L,-1.983,8
-1.46,-1.363,13,I,47(E1),M,-1.853,9
-2.602,-3.443,11,I,47(E1),N,-3.386,3
-7.343,-7.563,14,I,47(E1),P,-8,7
-2.167,-2.573,9,I,47(E1),Q,-3.133,6
-2.823,-3.892,7,I,47(E1),R,-3.636,2
-2.415,-3.062,7,I,47(E1),S,-3.285,4
-1.199,-1.008,10,I,47(E1),T,-0.4059,3
-0.7496,-0.5217,15,I,47(E1),V,-0.4156,5
-5.311,-7.101,6,I,47(E1),W,-7.399,4
-2.235,-2.704,5,I,47(E1),Y,-3.125,2
-0.7623,-0.5335,1,T,48(E1),-,,
-1.504,-1.428,7,T,48(E1),A,-1.617,3
-3.771,-5.621,7,T,48(E1),C,-5.663,4
-5.126,-7.001,13,T,48(E1),D,-7.303,8
-7.059,-7.539,13,T,48(E1),E,-7.697,5
-6.317,-7.433,16,T,48(E1),F,-8,7
-4.286,-6.299,8,T,48(E1),G,-6.037,3
-6.066,-7.376,11,T,48(E1),H,-8,8
-9.492,-7.629,18,T,48(E1),I,-8,7
-6.746,-7.503,18,T,48(E1),K,-8,6
-6.227,-7.414,10,T,48(E1),L,-8,7
-6.614,-7.484,9,T,48(E1),M,-8,5
-6.502,-7.467,14,T,48(E1),N,-8,7
-5.752,-7.284,15,T,48(E1),P,-8,10
-6.836,-7.514,8,T,48(E1),Q,-8,7
-5.57,-7.217,13,T,48(E1),R,-8,5
-1.685,-1.71,10,T,48(E1),S,-2.131,4
0,0,,T,48(E1),T,0,
-2.112,-2.468,11,T,48(E1),V,-2.783,3
-7.937,-7.596,9,T,48(E1),W,-8,4
-5.178,-7.031,12,T,48(E1),Y,-8,5
-6.763,-7.505,10,C,49(E1),*,-7.757,1
-0.7521,-0.524,2,C,49(E1),-,,
-5.714,-7.271,12,C,49(E1),A,-8,6
0,0,,C,49(E1),C,0,
-4.625,-6.637,6,C,49(E1),D,-7.171,4
-6.063,-7.376,6,C,49(E1),E,-8,5
-6.957,-7.528,19,C,49(E1),F,-8,9
-7.393,-7.567,9,C,49(E1),G,-8,7
-7.218,-7.553,13,C,49(E1),H,-8,5
-8.579,-7.616,12,C,49(E1),I,-8,5
-6.398,-7.449,10,C,49(E1),K,-8,5
-5.572,-7.218,16,C,49(E1),L,-7.894,7
-8.59,-7.616,11,C,49(E1),M,-8,6
-6.633,-7.487,11,C,49(E1),N,-8,7
-4.873,-6.835,10,C,49(E1),P,-7.46,6
-7.481,-7.573,15,C,49(E1),Q,-8,8
-6.283,-7.426,23,C,49(E1),R,-8,6
-8.12,-7.603,11,C,49(E1),S,-8,6
-6.565,-7.477,10,C,49(E1),T,-8,6
-5.816,-7.305,12,C,49(E1),V,-8,6
-6.726,-7.5,10,C,49(E1),W,-8,7
-5.158,-7.019,20,C,49(E1),Y,-7.612,3
-9.84,-7.631,3,E,50(E1),*,-8,1
-5.512,-7.194,2,E,50(E1),-,,
1.968,0.4574,7,E,50(E1),A,0.4974,1
-2.862,-3.972,17,E,50(E1),C,-4.249,10
-2.212,-2.66,7,E,50(E1),D,-2.744,4
0,0,,E,50(E1),E,0,
-2.265,-2.764,17,E,50(E1),F,-3.114,11
-1.252,-1.076,9,E,50(E1),G,-2.086,4
-0.1818,-0.09875,10,E,50(E1),H,-0.9683,3
-2.639,-3.517,20,E,50(E1),I,-3.62,11
-4.409,-6.431,21,E,50(E1),K,-5.271,4
-2.342,-2.917,8,E,50(E1),L,-2.65,4
-1.702,-1.739,9,E,50(E1),M,-1.617,7
-0.605,-0.3955,10,E,50(E1),N,-0.7983,3
-1.844,-1.979,13,E,50(E1),P,-2.314,6
-1.684,-1.708,9,E,50(E1),Q,-2.07,6
-1.047,-0.8266,11,E,50(E1),R,-1.188,5
0.6785,0.2554,14,E,50(E1),S,-0.2072,9
-1.595,-1.567,10,E,50(E1),T,-1.855,4
-7.048,-7.538,14,E,50(E1),V,-5.192,2
-5.06,-6.961,10,E,50(E1),W,-6.655,5
-2.02,-2.294,12,E,50(E1),Y,-2.859,4
-6.266,-7.423,2,Y,51(E1),*,-8,1
0.5682,0.2238,2,Y,51(E1),-,,
-3.208,-4.652,14,Y,51(E1),A,-4.962,10
-7.691,-7.585,15,Y,51(E1),C,-8,5
-5.111,-6.992,7,Y,51(E1),D,-7.043,6
-6.803,-7.51,9,Y,51(E1),E,-8,5
-2.285,-2.802,13,Y,51(E1),F,-3.038,8
-2.83,-3.908,10,Y,51(E1),G,-4.33,5
-2.089,-2.425,8,Y,51(E1),H,-3.111,4
-4.993,-6.918,6,Y,51(E1),I,-7.192,3
-5.947,-7.345,11,Y,51(E1),K,-7.898,8
-4.567,-6.585,10,Y,51(E1),L,-7.384,5
-3.753,-5.592,14,Y,51(E1),M,-5.061,6
-6.967,-7.529,16,Y,51(E1),N,-8,7
-2.623,-3.484,8,Y,51(E1),P,-3.743,7
-6.084,-7.381,8,Y,51(E1),Q,-8,5
-4.289,-6.303,15,Y,51(E1),R,-6.36,10
-2.984,-4.216,10,Y,51(E1),S,-4.748,5
-3.336,-4.89,8,Y,51(E1),T,-4.243,3
-4.272,-6.284,12,Y,51(E1),V,-5.884,7
-4.502,-6.524,11,Y,51(E1),W,-7.211,10
0,0,,Y,51(E1),Y,0,
-6.718,-7.499,1,K,52(E1),*,,
-5.566,-7.216,3,K,52(E1),-,,
-0.4545,-0.2781,8,K,52(E1),A,0.1491,3
-1.526,-1.46,16,K,52(E1),C,-0.8627,7
2.994,0.5083,9,K,52(E1),D,0.7285,8
1.613,0.424,13,K,52(E1),E,0.5161,8
-0.1085,-0.05706,16,K,52(E1),F,0.03205,11
0.2883,0.1277,7,K,52(E1),G,0.1665,3
0.6588,0.25,14,K,52(E1),H,0.0921,8
1.037,0.3381,11,K,52(E1),I,0.6536,3
0,0,,K,52(E1),K,0,
2.104,0.4675,13,K,52(E1),L,1.344,6
0.3737,0.1597,11,K,52(E1),M,0.2936,7
0.4031,0.1701,14,K,52(E1),N,1.215,4
-7.541,-7.576,23,K,52(E1),P,-8,16
2.595,0.4943,10,K,52(E1),Q,0.6496,2
0.7535,0.2751,10,K,52(E1),R,-0.5521,5
1.018,0.3343,12,K,52(E1),S,0.2119,6
0.5429,0.2161,7,K,52(E1),T,0.8882,2
0.06126,0.02993,11,K,52(E1),V,-0.2529,10
-0.1546,-0.08295,18,K,52(E1),W,0.2213,9
0.579,0.2271,16,K,52(E1),Y,0.1484,8
-0.1419,-0.07574,2,T,53(E1),-,,
-2.46,-3.153,10,T,53(E1),A,-3.531,6
-3.632,-5.401,12,T,53(E1),C,-5.614,6
-2.396,-3.024,10,T,53(E1),D,-2.963,5
-6.505,-7.467,8,T,53(E1),E,-7.675,6
-5.808,-7.303,9,T,53(E1),F,-8,3
-7.824,-7.591,12,T,53(E1),G,-8,7
-6.653,-7.49,12,T,53(E1),H,-8,6
-0.2894,-0.1647,18,T,53(E1),I,0.3199,4
-5.928,-7.339,11,T,53(E1),K,-7.108,4
0.4583,0.189,6,T,53(E1),L,-0.01778,3
-2.617,-3.472,4,T,53(E1),M,-3.47,1
0.9165,0.3134,12,T,53(E1),N,0.274,6
-2.338,-2.908,12,T,53(E1),P,-2.926,5
-4.873,-6.835,11,T,53(E1),Q,-7.297,6
-3.279,-4.785,7,T,53(E1),R,-4.261,1
-1.483,-1.396,11,T,53(E1),S,-2.368,7
0,0,,T,53(E1),T,0,
0.6011,0.2336,11,T,53(E1),V,-0.05415,5
-6.825,-7.513,17,T,53(E1),W,-8,8
-6.695,-7.496,16,T,53(E1),Y,-8,10
-0.45,-0.2749,2,V,54(E1),-,,
-1.095,-0.8823,23,V,54(E1),A,0.3465,7
-1.798,-1.898,10,V,54(E1),C,-2.188,5
-1.664,-1.676,11,V,54(E1),D,-1.924,3
-0.06561,-0.03387,9,V,54(E1),E,0.2438,4
-1.437,-1.329,12,V,54(E1),F,-1.334,9
-5.325,-7.108,12,V,54(E1),G,-8,9
-1.151,-0.9493,13,V,54(E1),H,-1.179,4
-0.5803,-0.3752,9,V,54(E1),I,-1.145,5
-1.892,-2.062,10,V,54(E1),K,-2.899,4
0.7281,0.2686,11,V,54(E1),L,-0.5796,6
-0.7618,-0.533,25,V,54(E1),M,-0.007667,5
2.048,0.4635,9,V,54(E1),N,0.04211,7
-6.094,-7.383,14,V,54(E1),P,-8,8
-0.5565,-0.3561,13,V,54(E1),Q,-0.692,5
-2.168,-2.575,12,V,54(E1),R,-2.952,9
-0.555,-0.3549,12,V,54(E1),S,-0.5448,6
-0.3276,-0.1897,13,V,54(E1),T,-0.1819,8
0,0,,V,54(E1),V,0,
-1.869,-2.023,14,V,54(E1),W,-2.216,10
-0.426,-0.2575,7,V,54(E1),Y,-1.015,5
-0.6623,-0.4438,2,I,55(E1),-,,
-0.5353,-0.3394,11,I,55(E1),A,-1.397,4
-0.5956,-0.3877,11,I,55(E1),C,-0.2347,5
-4.203,-6.205,9,I,55(E1),D,-6.269,3
-3.299,-4.823,10,I,55(E1),E,-5.04,4
-2.25,-2.735,10,I,55(E1),F,-3.376,6
-6.509,-7.468,6,I,55(E1),G,-7.451,2
-3.084,-4.414,15,I,55(E1),H,-4.781,9
0,0,,I,55(E1),I,0,
-3.659,-5.446,10,I,55(E1),K,-6.582,4
-0.9281,-0.6973,16,I,55(E1),L,-0.2294,7
-2.18,-2.598,16,I,55(E1),M,-2.991,5
-1.957,-2.179,14,I,55(E1),N,-2.084,7
-5.662,-7.253,16,I,55(E1),P,-8,11
-3.851,-5.74,6,I,55(E1),Q,-6.237,2
-3.425,-5.051,13,I,55(E1),R,-5.972,7
-0.4527,-0.2768,12,I,55(E1),S,-0.5819,7
0.4491,0.1859,15,I,55(E1),T,0.3932,7
0.5133,0.2069,10,I,55(E1),V,0.4123,8
-5.241,-7.065,14,I,55(E1),W,-8,7
-4.75,-6.742,12,I,55(E1),Y,-6.444,6
-1.401,-1.278,2,P,56(E1),-,,
-3.569,-5.298,8,P,56(E1),A,-5.359,5
-4.086,-6.06,10,P,56(E1),C,-6.383,6
-2.664,-3.57,3,P,56(E1),D,-3.396,2
-3.274,-4.776,7,P,56(E1),E,-5.131,5
-5.028,-6.941,8,P,56(E1),F,-7.137,5
-5.1,-6.985,5,P,56(E1),G,-7.348,1
-6.089,-7.382,5,P,56(E1),H,-8,4
-2.788,-3.822,9,P,56(E1),I,-3.656,4
-4.771,-6.759,10,P,56(E1),K,-6.85,6
-5.623,-7.238,12,P,56(E1),L,-8,5
-3.237,-4.708,5,P,56(E1),M,-6.402,2
-2.508,-3.251,4,P,56(E1),N,-4.025,1
0,0,,P,56(E1),P,0,
-3.813,-5.683,5,P,56(E1),Q,-5.452,3
-5.36,-7.125,10,P,56(E1),R,-8,4
-3.307,-4.837,19,P,56(E1),S,-4.515,4
-1.952,-2.17,7,P,56(E1),T,-2.614,4
-2.827,-3.902,14,P,56(E1),V,-4.38,8
-4.017,-5.971,7,P,56(E1),W,-6.091,3
-3.871,-5.768,6,P,56(E1),Y,-5.763,3
-2.825,-3.898,6,S,57(E1),A,-3.875,3
-7.298,-7.56,8,S,57(E1),C,-8,3
-7.3,-7.56,9,S,57(E1),D,-8,4
-7.207,-7.552,7,S,57(E1),E,-8,3
-6.307,-7.431,15,S,57(E1),F,-8,5
-2.741,-3.726,10,S,57(E1),G,-4.515,5
-4.51,-6.532,9,S,57(E1),H,-6.796,4
-5.11,-6.991,7,S,57(E1),I,-7.731,3
-6.469,-7.461,8,S,57(E1),K,-8,5
-5.669,-7.255,6,S,57(E1),L,-8,2
-7.127,-7.545,5,S,57(E1),M,-8,1
-4.23,-6.235,4,S,57(E1),N,-6.402,4
-5.693,-7.264,14,S,57(E1),P,-8,5
-7.019,-7.535,7,S,57(E1),Q,-8,4
-6.272,-7.424,6,S,57(E1),R,-8,1
0,0,,S,57(E1),S,0,
-5.216,-7.052,10,S,57(E1),T,-7.761,6
-6.598,-7.482,5,S,57(E1),V,-8,1
-5.837,-7.312,6,S,57(E1),W,-8,4
-6.243,-7.418,9,S,57(E1),Y,-8,3
-4.958,-6.894,6,P,58(E1),A,-5.565,1
-8.031,-7.6,11,P,58(E1),C,-8,5
-6.079,-7.38,8,P,58(E1),D,-8,5
-6.775,-7.507,13,P,58(E1),E,-8,7
-6.89,-7.521,15,P,58(E1),F,-8,8
-6.736,-7.502,10,P,58(E1),G,-8,5
-5.777,-7.293,6,P,58(E1),H,-8,1
-7.932,-7.596,12,P,58(E1),I,-8,5
-6.374,-7.444,9,P,58(E1),K,-8,6
-6.859,-7.517,16,P,58(E1),L,-8,4
-6.103,-7.386,9,P,58(E1),M,-8,6
-6.779,-7.507,9,P,58(E1),N,-8,6
0,0,,P,58(E1),P,0,
-6.663,-7.492,18,P,58(E1),Q,-8,8
-6.383,-7.446,17,P,58(E1),R,-8,13
-5.914,-7.335,14,P,58(E1),S,-8,7
-9.025,-7.624,16,P,58(E1),T,-8,7
-6.701,-7.497,9,P,58(E1),V,-8,8
-6.994,-7.532,5,P,58(E1),W,-8,3
-6.528,-7.471,9,P,58(E1),Y,-8,3
-5.947,-7.345,5,Y,59(E1),*,,
-10.73,-7.635,10,Y,59(E1),A,-7.273,4
-5.09,-6.979,18,Y,59(E1),C,-7.837,5
-5.775,-7.292,9,Y,59(E1),D,-8,1
-4.122,-6.106,6,Y,59(E1),E,-6.733,2
-0.4003,-0.2392,12,Y,59(E1),F,-0.6,7
-5.427,-7.156,6,Y,59(E1),G,-8,3
-3.115,-4.473,18,Y,59(E1),H,-4.813,6
-3.967,-5.903,13,Y,59(E1),I,-6.487,10
-4.969,-6.902,9,Y,59(E1),K,-8,4
-2.041,-2.334,6,Y,59(E1),L,-2.458,3
-3.663,-5.452,5,Y,59(E1),M,-6.023,3
-6.093,-7.383,10,Y,59(E1),N,-7.988,4
-4.799,-6.78,8,Y,59(E1),P,-5.749,3
-5.451,-7.167,13,Y,59(E1),Q,-7.283,4
-5.354,-7.122,7,Y,59(E1),R,-8,3
-4.624,-6.637,10,Y,59(E1),S,-7.117,4
-4.864,-6.829,13,Y,59(E1),T,-8,5
-3.721,-5.543,6,Y,59(E1),V,-5.434,4
0.7482,0.2737,9,Y,59(E1),W,0.748,7
0,0,,Y,59(E1),Y,0,
4.756,0.532,1,V,60(E1),-,,
-6.389,-7.447,26,V,60(E1),A,-8,9
-3.706,-5.52,6,V,60(E1),C,-6.389,1
-5.767,-7.289,5,V,60(E1),D,-8,3
-7.332,-7.562,13,V,60(E1),E,-8,4
-4.774,-6.761,3,V,60(E1),F,-7.19,3
-6.544,-7.474,5,V,60(E1),G,-8,2
-5.85,-7.316,3,V,60(E1),H,-8,3
1.369,0.3933,8,V,60(E1),I,-0.0069,6
-5.342,-7.117,4,V,60(E1),K,-7.182,3
-2.224,-2.683,15,V,60(E1),L,-2.668,6
-3.738,-5.569,17,V,60(E1),M,-5.418,6
-6.477,-7.462,9,V,60(E1),N,-8,5
-6.567,-7.477,8,V,60(E1),P,-8,4
-5.73,-7.277,2,V,60(E1),Q,,
-5.076,-6.97,12,V,60(E1),R,-7.28,6
-6.421,-7.453,9,V,60(E1),S,-8,4
-7.16,-7.548,7,V,60(E1),T,-8,3
0,0,,V,60(E1),V,0,
-6.178,-7.403,6,V,60(E1),W,-8,3
-5.322,-7.106,8,V,60(E1),Y,-7.256,4
-0.05583,-0.0287,1,K,61(E1),*,,
-1.097,-0.8851,3,K,61(E1),-,,
-2.036,-2.324,2,K,61(E1),A,-0.7645,1
-2.117,-2.477,9,K,61(E1),C,-2.712,6
-2.673,-3.587,8,K,61(E1),D,-3.912,5
-2.257,-2.748,9,K,61(E1),E,-3.084,2
-1.981,-2.223,7,K,61(E1),F,-2.851,5
-6.482,-7.463,9,K,61(E1),G,-8,5
-1.48,-1.393,7,K,61(E1),H,-1.959,5
-2.487,-3.207,4,K,61(E1),I,-3.768,2
0,0,,K,61(E1),K,0,
-1.04,-0.8198,11,K,61(E1),L,-1.631,5
-2.128,-2.498,6,K,61(E1),M,-2.901,4
-0.8215,-0.5897,12,K,61(E1),N,-1.156,5
-5.554,-7.211,8,K,61(E1),P,-8,5
-1.667,-1.682,10,K,61(E1),Q,-1.987,6
-3.787,-5.645,1,K,61(E1),R,,
-1.268,-1.098,4,K,61(E1),S,-1.678,2
-2.229,-2.693,12,K,61(E1),T,-3.396,3
-1.042,-0.8219,14,K,61(E1),V,-1.967,4
-4.573,-6.59,7,K,61(E1),W,-7.182,5
-1.38,-1.248,8,K,61(E1),Y,-1.982,6
-6.588,-7.481,5,C,62(E1),*,-8,1
-1.276,-1.108,3,C,62(E1),-,,
-4.965,-6.899,6,C,62(E1),A,-7.285,4
0,0,,C,62(E1),C,0,
-6.651,-7.49,5,C,62(E1),D,-8,4
-6.908,-7.523,5,C,62(E1),E,-8,3
-6.807,-7.511,11,C,62(E1),F,-8,6
-5.752,-7.284,3,C,62(E1),G,-8,3
-7.013,-7.534,6,C,62(E1),H,-8,4
-6.901,-7.522,6,C,62(E1),I,-8,3
-7.131,-7.546,8,C,62(E1),K,-8,3
-7.172,-7.549,13,C,62(E1),L,-8,8
-5.658,-7.251,8,C,62(E1),M,-8,5
-4.135,-6.122,10,C,62(E1),N,-5.633,3
-5.653,-7.249,10,C,62(E1),P,-8,7
-5.799,-7.3,6,C,62(E1),Q,-7.696,4
-6.539,-7.473,7,C,62(E1),R,-8,4
-6.624,-7.486,7,C,62(E1),S,-8,2
-5.37,-7.13,8,C,62(E1),T,-7.168,6
-5.887,-7.327,8,C,62(E1),V,-8,4
-7.215,-7.553,8,C,62(E1),W,-8,5
-5.315,-7.103,23,C,62(E1),Y,-8,5
0.3376,0.1465,3,C,63(E1),-,,
-6.94,-7.526,13,C,63(E1),A,-8,4
0,0,,C,63(E1),C,0,
-6.359,-7.441,10,C,63(E1),D,-8,6
-6.715,-7.499,5,C,63(E1),E,-8,2
-5.914,-7.335,12,C,63(E1),F,-8,5
-6.418,-7.452,10,C,63(E1),G,-8,4
-6.407,-7.45,4,C,63(E1),H,-8,2
-6.811,-7.511,11,C,63(E1),I,-8,9
-7.239,-7.555,10,C,63(E1),K,-8,7
-7.91,-7.595,14,C,63(E1),L,-8,9
-5.474,-7.177,5,C,63(E1),M,-8,3
-5.547,-7.208,10,C,63(E1),N,-8,6
-5.43,-7.158,8,C,63(E1),P,-8,4
-6.391,-7.447,5,C,63(E1),Q,-8,3
-7.176,-7.55,15,C,63(E1),R,-8,7
-4.732,-6.727,8,C,63(E1),S,-6.359,2
-5.922,-7.337,6,C,63(E1),T,-8,4
-7.389,-7.566,11,C,63(E1),V,-8,7
-7.224,-7.554,10,C,63(E1),W,-8,2
-7.006,-7.534,15,C,63(E1),Y,-8,5
0.1585,0.07425,3,G,64(E1),-,,
-2.432,-3.096,5,G,64(E1),A,-3.374,3
-7.158,-7.548,13,G,64(E1),C,-8,7
-6.497,-7.466,17,G,64(E1),D,-8,1
-3.059,-4.365,11,G,64(E1),E,-4.421,6
-6.603,-7.483,6,G,64(E1),F,-8,4
0,0,,G,64(E1),G,0,
-2.475,-3.183,8,G,64(E1),H,-3.243,5
-6.176,-7.403,5,G,64(E1),I,-7.793,2
-2.427,-3.086,5,G,64(E1),K,-3.271,2
-5.802,-7.301,10,G,64(E1),L,-8,8
-4.97,-6.903,8,G,64(E1),M,-7.29,4
-6.58,-7.479,6,G,64(E1),N,-7.644,3
-7.165,-7.549,7,G,64(E1),P,-8,4
-2.842,-3.931,6,G,64(E1),Q,-4.143,4
-3.161,-4.562,3,G,64(E1),R,-4.261,1
-2.086,-2.419,14,G,64(E1),S,-3.218,5
-4.217,-6.221,9,G,64(E1),T,-6.532,6
-6.316,-7.433,8,G,64(E1),V,-8,3
-5.246,-7.068,6,G,64(E1),W,-7.196,4
-6.03,-7.367,7,G,64(E1),Y,-8,4
0.2772,0.1234,3,T,65(E1),-,,
-0.4625,-0.284,10,T,65(E1),A,-0.3357,6
-6.949,-7.528,7,T,65(E1),C,-8,3
-1.733,-1.789,8,T,65(E1),D,-1.958,4
-0.593,-0.3856,8,T,65(E1),E,-0.5118,5
-1.44,-1.333,9,T,65(E1),F,-2.31,3
-0.63,-0.4163,6,T,65(E1),G,0.613,1
-2.955,-4.158,3,T,65(E1),H,-4.447,2
-1.005,-0.7796,19,T,65(E1),I,-1.387,6
-6.206,-7.41,4,T,65(E1),K,-8,2
-1.105,-0.8942,5,T,65(E1),L,-1.211,4
2.424,0.4864,6,T,65(E1),M,0.3605,3
-1.534,-1.473,8,T,65(E1),N,-2.138,3
-4.871,-6.834,4,T,65(E1),P,,
1.104,0.3507,9,T,65(E1),Q,0.07204,3
-9.358,-7.628,1,T,65(E1),R,-8,1
-0.0528,-0.02711,3,T,65(E1),S,0.03155,2
0,0,,T,65(E1),T,0,
-2.034,-2.321,8,T,65(E1),V,-2.999,5
-5.784,-7.295,7,T,65(E1),W,-7.233,5
-2.617,-3.472,9,T,65(E1),Y,-3.232,2
-0.021,-0.01063,4,A,66(E1),-,,
0,0,,A,66(E1),A,0,
-1.95,-2.167,5,A,66(E1),C,-2.68,1
-2.828,-3.903,8,A,66(E1),D,-3.743,3
-2.215,-2.665,5,A,66(E1),E,-3.388,1
-3.46,-5.112,6,A,66(E1),F,-5.936,3
-1.552,-1.5,1,A,66(E1),G,-1.778,1
-1.767,-1.847,3,A,66(E1),H,-2.851,1
-2.032,-2.317,5,A,66(E1),I,-2.755,2
-3.074,-4.395,5,A,66(E1),K,-5.886,2
-2.473,-3.18,5,A,66(E1),L,-3.578,3
-4.505,-6.527,4,A,66(E1),M,-7.067,3
-2.783,-3.811,9,A,66(E1),N,-3.917,4
-2.017,-2.29,12,A,66(E1),P,-2.359,5
-3.321,-4.863,7,A,66(E1),Q,-4.723,4
-3.423,-5.047,8,A,66(E1),R,-5.308,7
-2.27,-2.772,10,A,66(E1),S,-2.781,1
-0.5107,-0.3203,67,A,66(E1),T,-0.4144,8
2.901,0.5055,10,A,66(E1),V,-0.6832,1
-3.102,-4.45,11,A,66(E1),W,-4.994,8
-1.537,-1.477,4,A,66(E1),Y,-1.937,2
-0.6822,-0.4611,2,E,67(E1),*,,
-4.529,-6.55,5,E,67(E1),-,,
-3.21,-4.656,12,E,67(E1),A,-4.906,9
-6.841,-7.515,11,E,67(E1),C,-8,6
-3.049,-4.345,8,E,67(E1),D,-4.409,2
0,0,,E,67(E1),E,0,
-4.776,-6.762,5,E,67(E1),F,-6.964,3
-4.061,-6.029,13,E,67(E1),G,-5.654,5
-6.268,-7.423,6,E,67(E1),H,-8,6
-4.806,-6.785,6,E,67(E1),I,-7.891,3
-3.175,-4.589,9,E,67(E1),K,-4.444,1
-3.467,-5.125,7,E,67(E1),L,-5.668,4
-3.362,-4.939,4,E,67(E1),M,-6.226,2
-3.87,-5.767,7,E,67(E1),N,-6.065,4
-5.34,-7.116,9,E,67(E1),P,-7.262,3
-1.633,-1.627,4,E,67(E1),Q,-2.314,3
-4.042,-6.004,5,E,67(E1),R,-6.232,4
-2.355,-2.942,3,E,67(E1),S,-3.713,1
-3.039,-4.326,7,E,67(E1),T,-4.634,5
-3.893,-5.8,9,E,67(E1),V,-6.774,4
-3.903,-5.815,4,E,67(E1),W,-5.943,2
-3.683,-5.483,4,E,67(E1),Y,-5.63,3
-6.931,-7.525,4,C,68(E1),*,-8,1
0.4075,0.1717,4,C,68(E1),-,,
-5.34,-7.115,5,C,68(E1),A,-7.739,4
0,0,,C,68(E1),C,0,
-6.058,-7.374,5,C,68(E1),E,-8,1
-5.387,-7.138,13,C,68(E1),F,-8,5
-7.172,-7.549,7,C,68(E1),G,-8,6
-6.755,-7.504,7,C,68(E1),H,-8,3
-5.916,-7.336,12,C,68(E1),I,-8,6
-7.402,-7.567,5,C,68(E1),K,-8,1
-5.095,-6.982,12,C,68(E1),L,-7.503,4
-6.127,-7.391,11,C,68(E1),M,-8,5
-3.714,-5.532,5,C,68(E1),N,-6.429,4
-5.735,-7.279,1,C,68(E1),P,-7.789,1
-6.798,-7.51,9,C,68(E1),Q,-8,3
-8.633,-7.617,11,C,68(E1),R,-8,5
-5.967,-7.35,13,C,68(E1),S,-8,6
-5.219,-7.053,9,C,68(E1),T,-8,5
-5.061,-6.962,7,C,68(E1),V,-8,3
-6.914,-7.524,6,C,68(E1),W,-8,3
-5.754,-7.285,23,C,68(E1),Y,-8,3
-0.04422,-0.02261,4,K,69(E1),-,,
-0.8246,-0.5927,9,K,69(E1),A,-0.6918,5
-1.134,-0.9285,8,K,69(E1),C,-1.6,4
-1.652,-1.656,7,K,69(E1),D,-1.887,6
-1.903,-2.083,12,K,69(E1),E,-2.531,5
-0.3757,-0.2221,7,K,69(E1),F,-1.211,4
6.806,0.5363,12,K,69(E1),G,0.2517,8
1.848,0.4474,9,K,69(E1),H,0.0512,6
-1.098,-0.8856,5,K,69(E1),I,,
0,0,,K,69(E1),K,0,
2.728,0.4996,5,K,69(E1),L,0.4044,4
-0.6071,-0.3971,9,K,69(E1),M,0.2864,1
-0.193,-0.1053,15,K,69(E1),N,-2.079,9
-0.3268,-0.1891,8,K,69(E1),P,0.08476,5
-2.908,-4.065,5,K,69(E1),Q,-4.602,2
-0.1262,-0.0669,6,K,69(E1),R,-0.2953,2
-0.4996,-0.3118,3,K,69(E1),S,-1.055,1
2.436,0.487,7,K,69(E1),T,-1.087,4
-0.1663,-0.08971,9,K,69(E1),V,-0.5568,3
-0.2344,-0.1303,9,K,69(E1),W,-0.7587,5
-0.1222,-0.06467,10,K,69(E1),Y,-0.1268,5
-5.329,-7.11,3,D,70(E1),-,,
0.2298,0.1044,6,D,70(E1),A,-0.5439,4
-3.15,-4.541,7,D,70(E1),C,-4.878,2
0,0,,D,70(E1),D,0,
-0.7145,-0.4898,8,D,70(E1),E,-0.8194,4
1.248,0.3752,12,D,70(E1),F,0.5586,10
-0.2496,-0.1396,7,D,70(E1),G,-0.505,2
1.044,0.3395,5,D,70(E1),H,0.9784,4
-0.4113,-0.247,7,D,70(E1),I,-0.9531,5
-2.572,-3.38,4,D,70(E1),K,-1.098,1
-1.141,-0.9377,4,D,70(E1),L,-1.085,2
0.4399,0.1828,8,D,70(E1),M,-0.0835,6
0.973,0.3254,12,D,70(E1),N,-0.4872,2
-0.5887,-0.382,7,D,70(E1),P,-0.5871,5
0.09649,0.04643,6,D,70(E1),Q,-0.2177,2
-0.2305,-0.1278,3,D,70(E1),R,0.09992,2
0.5962,0.2321,2,D,70(E1),S,-0.06615,1
-1.627,-1.618,5,D,70(E1),T,-0.9125,3
-0.3849,-0.2285,6,D,70(E1),V,-0.2111,2
3.006,0.5086,7,D,70(E1),W,1.247,3
-0.3601,-0.2114,13,D,70(E1),Y,-0.486,4
-1.182,-0.9878,1,K,71(E1),-,,
-0.4634,-0.2847,4,K,71(E1),A,-0.277,2
-2.025,-2.305,5,K,71(E1),C,-2.316,3
-1.072,-0.8558,7,K,71(E1),D,-0.8043,4
0.6907,0.2587,10,K,71(E1),E,-0.1992,3
-1.746,-1.811,7,K,71(E1),F,-2.468,2
-1.609,-1.588,4,K,71(E1),G,-1.904,3
0.7929,0.2849,12,K,71(E1),H,0.2514,6
-1.128,-0.9214,8,K,71(E1),I,-1.514,6
0,0,,K,71(E1),K,0,
-0.4772,-0.2949,11,K,71(E1),L,-0.05037,5
-0.4143,-0.2491,7,K,71(E1),M,,
0.006026,0.003015,12,K,71(E1),N,0.4494,1
-2.269,-2.771,11,K,71(E1),P,-3.056,9
-0.9589,-0.73,7,K,71(E1),Q,-0.1843,3
-0.06027,-0.03104,12,K,71(E1),R,-0.1299,3
-0.781,-0.5509,7,K,71(E1),S,-0.7953,4
-0.55,-0.3509,9,K,71(E1),T,0.2784,1
-0.2099,-0.1154,6,K,71(E1),V,,
-0.868,-0.6356,10,K,71(E1),W,0.5295,2
1.227,0.3719,8,K,71(E1),Y,-0.7216,4
-0.06532,-0.03371,1,S,72(E1),-,,
-0.8797,-0.6475,7,S,72(E1),A,-0.9869,4
-0.9428,-0.7128,9,S,72(E1),C,-1.053,5
0.2503,0.1127,5,S,72(E1),D,0.3388,2
3.012,0.5088,5,S,72(E1),E,0.1616,3
-0.9111,-0.6796,8,S,72(E1),F,-0.7454,4
0.1751,0.08144,12,S,72(E1),G,-0.4052,5
-1.22,-1.036,4,S,72(E1),H,-1.328,4
0.9024,0.3103,9,S,72(E1),I,-0.1945,3
-0.4741,-0.2927,8,S,72(E1),K,-0.5715,5
-0.3559,-0.2086,7,S,72(E1),L,0.1284,5
-0.2953,-0.1686,11,S,72(E1),M,-0.497,6
-0.1112,-0.05856,8,S,72(E1),N,0.04442,3
1.844,0.447,6,S,72(E1),P,-0.2648,5
-0.8048,-0.5736,5,S,72(E1),Q,-0.6069,3
-1.369,-1.233,11,S,72(E1),R,-2.232,2
0,0,,S,72(E1),S,0,
1.556,0.4174,7,S,72(E1),T,0.4268,4
0.647,0.2467,8,S,72(E1),V,0.1919,5
-0.6878,-0.466,8,S,72(E1),W,-1.013,5
0.1507,0.07085,5,S,72(E1),Y,-0.1386,4
-0.3553,-0.2082,1,L,73(E1),-,,
1.37,0.3935,8,L,73(E1),A,-0.4668,6
-2.812,-3.87,8,L,73(E1),C,-6.44,5
-0.7051,-0.4813,6,L,73(E1),D,-1.12,3
1.939,0.4551,7,L,73(E1),E,0.7238,5
-0.811,-0.5795,6,L,73(E1),F,-0.7514,2
-0.7701,-0.5407,2,L,73(E1),G,-0.3434,1
0.5528,0.2191,5,L,73(E1),H,0.4778,3
-0.865,-0.6327,5,L,73(E1),I,0.5179,3
-0.2081,-0.1143,12,L,73(E1),K,-0.6609,5
0,0,,L,73(E1),L,0,
0.2196,0.1002,12,L,73(E1),M,-1.053,3
-0.09462,-0.04947,5,L,73(E1),N,-0.0819,4
-2.106,-2.456,12,L,73(E1),P,-2.373,4
-0.1884,-0.1026,8,L,73(E1),Q,0.3745,4
-1.108,-0.8977,10,L,73(E1),R,-0.4617,3
-0.6388,-0.4237,6,L,73(E1),S,-0.5033,5
-0.4034,-0.2414,5,L,73(E1),T,-1.465,3
-0.2829,-0.1606,8,L,73(E1),V,-0.6605,4
-1.043,-0.8226,2,L,73(E1),W,-1.007,1
-1.234,-1.053,10,L,73(E1),Y,-0.7755,6
-1.648,-1.651,3,P,74(E1),A,-2.107,1
-5.942,-7.343,6,P,74(E1),C,-7.633,4
-5.703,-7.267,7,P,74(E1),D,-8,5
-1.817,-1.932,6,P,74(E1),E,-2.498,2
-2.527,-3.288,6,P,74(E1),F,-3.558,4
-2.581,-3.399,3,P,74(E1),G,-2.782,1
-0.6443,-0.4284,12,P,74(E1),H,-0.3448,5
-1.344,-1.198,6,P,74(E1),I,-1.987,4
-3.555,-5.275,5,P,74(E1),K,-5.588,2
-3.055,-4.358,12,P,74(E1),L,-4.271,6
-1.515,-1.444,7,P,74(E1),M,-2.716,3
-2.081,-2.408,9,P,74(E1),N,-3.317,3
0,0,,P,74(E1),P,0,
-1.949,-2.165,9,P,74(E1),Q,-2.667,7
-3.068,-4.382,7,P,74(E1),R,-4.742,4
0.02999,0.01485,19,P,74(E1),S,0.3849,6
-0.4841,-0.3001,9,P,74(E1),T,-0.3898,6
1.367,0.393,5,P,74(E1),V,0.5296,4
-2.532,-3.299,3,P,74(E1),W,,
-1.93,-2.13,13,P,74(E1),Y,-2.317,6
-1.767,-1.847,11,D,75(E1),A,-1.763,4
-5.24,-7.064,8,D,75(E1),C,-7.498,4
0,0,,D,75(E1),D,0,
-0.04224,-0.02159,3,D,75(E1),E,,
-5.497,-7.187,9,D,75(E1),F,-8,2
-1.941,-2.151,6,D,75(E1),G,-0.2705,1
-3.336,-4.89,10,D,75(E1),H,-4.973,4
-6.683,-7.495,12,D,75(E1),I,-8,6
-7.523,-7.575,5,D,75(E1),K,-8,1
-6.631,-7.487,12,D,75(E1),L,-8,6
-4.496,-6.518,5,D,75(E1),M,-6.558,4
-1.234,-1.054,13,D,75(E1),N,-1.37,6
-5.802,-7.301,10,D,75(E1),P,-8,4
-2.334,-2.9,6,D,75(E1),Q,-3.004,5
-6.635,-7.488,6,D,75(E1),R,-8,2
-1.644,-1.643,7,D,75(E1),S,-1.851,6
-5.532,-7.202,6,D,75(E1),T,-8,1
-4.324,-6.341,11,D,75(E1),V,-6.302,5
-6.611,-7.484,5,D,75(E1),W,-8,2
-7.915,-7.595,14,D,75(E1),Y,-7.751,5
-3.672,-5.467,2,Y,76(E1),*,,
-3.523,-5.221,10,Y,76(E1),A,-4.867,6
-6.182,-7.404,4,Y,76(E1),C,-8,1
-4.97,-6.903,4,Y,76(E1),D,-5.516,2
-5.47,-7.176,6,Y,76(E1),E,,
0.7451,0.273,5,Y,76(E1),F,-0.01076,2
-5.311,-7.101,4,Y,76(E1),G,-8,3
-2.817,-3.88,5,Y,76(E1),H,-8,1
-5.614,-7.234,6,Y,76(E1),I,-8,2
-5.824,-7.308,5,Y,76(E1),K,-8,4
-5.124,-6.999,7,Y,76(E1),L,-7.268,2
-5.244,-7.067,10,Y,76(E1),M,-7.364,6
-5.659,-7.251,9,Y,76(E1),N,-8,5
-6.651,-7.49,4,Y,76(E1),P,-8,2
-5.169,-7.026,8,Y,76(E1),Q,-7.446,4
-4.847,-6.816,7,Y,76(E1),R,-7.215,5
-3.595,-5.341,5,Y,76(E1),S,-5.83,3
-4.688,-6.691,4,Y,76(E1),T,,
-5.702,-7.267,5,Y,76(E1),V,-8,3
-2.212,-2.659,6,Y,76(E1),W,-2.671,5
0,0,,Y,76(E1),Y,0,
1.014,0.3337,7,S,77(E1),A,0.3143,2
1.339,0.389,9,S,77(E1),C,-0.0434,6
1.532,0.4146,1,S,77(E1),D,,
0.109,0.05217,5,S,77(E1),E,-0.8245,3
-0.4079,-0.2446,9,S,77(E1),F,-0.4384,3
-0.04477,-0.0229,7,S,77(E1),G,0.2113,4
-2.482,-3.199,6,S,77(E1),H,-3.617,3
-0.717,-0.4921,7,S,77(E1),I,-0.9965,4
-1.178,-0.9831,1,S,77(E1),K,,
-2.142,-2.524,11,S,77(E1),L,-1.966,6
0.3285,0.1431,12,S,77(E1),M,-0.9982,6
-0.4941,-0.3077,6,S,77(E1),N,,
-5.619,-7.236,6,S,77(E1),P,-8,3
-1.794,-1.891,7,S,77(E1),Q,-2.351,1
0.8141,0.29,7,S,77(E1),R,-0.1539,7
0,0,,S,77(E1),S,0,
1.186,0.365,6,S,77(E1),T,-0.6594,2
0.8971,0.3091,8,S,77(E1),V,-0.1273,5
-2.737,-3.718,6,S,77(E1),W,-3.321,2
-1.18,-0.9845,10,S,77(E1),Y,-0.8167,2
-6.581,-7.479,7,C,78(E1),*,-8,1
-3.964,-5.899,5,C,78(E1),A,-6.188,2
0,0,,C,78(E1),C,0,
-6.66,-7.491,3,C,78(E1),D,-8,2
-7.124,-7.545,6,C,78(E1),E,-8,4
-5.11,-6.991,13,C,78(E1),F,-7.514,4
-7.174,-7.549,4,C,78(E1),G,-8,2
-5.559,-7.213,8,C,78(E1),H,-7.939,6
-5.275,-7.083,5,C,78(E1),I,-6.772,2
-6.723,-7.5,5,C,78(E1),K,-8,1
-4.895,-6.851,6,C,78(E1),L,-8,4
-6.51,-7.468,4,C,78(E1),M,-8,2
-5.854,-7.317,6,C,78(E1),N,-8,3
-5.529,-7.201,11,C,78(E1),P,-8,4
-4.872,-6.835,6,C,78(E1),Q,-8,3
-5.027,-6.94,11,C,78(E1),R,-7.168,6
-5.329,-7.11,10,C,78(E1),S,-7.879,6
-7.153,-7.548,6,C,78(E1),T,-8,5
-6.32,-7.434,2,C,78(E1),V,-8,1
-5.89,-7.328,9,C,78(E1),W,-8,1
-6.213,-7.411,27,C,78(E1),Y,-8,1
-0.4573,-0.2802,8,K,79(E1),A,-0.7209,6
-1.967,-2.197,17,K,79(E1),C,-2.453,8
0.9296,0.3162,10,K,79(E1),D,0.6809,5
1.394,0.3968,6,K,79(E1),E,-0.1104,3
-1.265,-1.093,13,K,79(E1),F,-1.633,9
1.078,0.346,1,K,79(E1),G,,
0.6685,0.2527,11,K,79(E1),H,0.2974,5
-1.742,-1.804,2,K,79(E1),I,,
0,0,,K,79(E1),K,0,
0.3411,0.1478,9,K,79(E1),L,-0.2081,5
0.1693,0.07895,8,K,79(E1),M,-0.07437,4
-0.9305,-0.6998,10,K,79(E1),N,0.2585,2
-7.35,-7.564,7,K,79(E1),P,-8,6
-0.7902,-0.5596,10,K,79(E1),Q,0.03143,7
0.1064,0.05099,13,K,79(E1),R,-0.9956,10
-6.265,-7.422,2,K,79(E1),S,-8,1
-0.2864,-0.1628,6,K,79(E1),T,0.1512,2
0.3098,0.136,6,K,79(E1),V,-0.6625,2
-1.285,-1.119,14,K,79(E1),W,-0.7353,4
-1.347,-1.203,4,K,79(E1),Y,-0.8502,2
-1.982,-2.224,7,V,80(E1),A,-2.653,3
-6.984,-7.531,5,V,80(E1),C,-8,1
-2.983,-4.214,5,V,80(E1),D,-3.788,2
-2.524,-3.283,8,V,80(E1),E,-2.815,5
-6.662,-7.492,10,V,80(E1),F,-8,2
-1.235,-1.054,4,V,80(E1),G,-2.567,2
-5.913,-7.335,4,V,80(E1),H,-8,3
-0.3673,-0.2163,7,V,80(E1),I,-0.438,4
-4.26,-6.27,7,V,80(E1),K,-6.514,4
-1.752,-1.821,13,V,80(E1),L,-2.426,3
-4.92,-6.868,13,V,80(E1),M,-6.374,6
-6.792,-7.509,5,V,80(E1),N,-8,3
-3.477,-5.142,9,V,80(E1),P,-5.96,5
-4.164,-6.157,8,V,80(E1),Q,-6.442,5
-5.289,-7.09,6,V,80(E1),R,-7.823,3
-1.733,-1.79,7,V,80(E1),S,-2.31,3
-1.669,-1.684,7,V,80(E1),T,-2.05,2
0,0,,V,80(E1),V,0,
-5.963,-7.349,8,V,80(E1),W,-8,7
-5.866,-7.321,8,V,80(E1),Y,-7.858,6
-6.16,-7.399,5,F,81(E1),A,-8,2
-6.228,-7.414,14,F,81(E1),C,-8,12
-2.871,-3.99,10,F,81(E1),D,-4.17,4
-1.993,-2.245,5,F,81(E1),E,-2.519,3
0,0,,F,81(E1),F,0,
-6.924,-7.525,4,F,81(E1),G,-8,1
-2.185,-2.607,2,F,81(E1),H,,
-2.721,-3.685,9,F,81(E1),I,-2.813,3
-7.212,-7.553,7,F,81(E1),K,-8,4
-4.554,-6.573,14,F,81(E1),L,-7.119,5
-3.467,-5.125,9,F,81(E1),M,-4.888,2
-5.929,-7.339,8,F,81(E1),N,-8,7
-6.98,-7.531,5,F,81(E1),P,-8,3
-6.938,-7.526,5,F,81(E1),Q,-8,2
-4.796,-6.778,5,F,81(E1),R,-7.265,5
-4.949,-6.889,3,F,81(E1),S,-6.088,2
-5.249,-7.069,13,F,81(E1),T,-7.207,5
-6.25,-7.419,4,F,81(E1),V,-8,3
-1.968,-2.2,7,F,81(E1),W,-2.391,3
2.179,0.4724,11,F,81(E1),Y,-0.3395,5
0.2548,0.1145,12,T,82(E1),A,-2.03,3
-6.719,-7.5,3,T,82(E1),C,-8,2
-1.046,-0.8264,8,T,82(E1),D,-1.281,6
-1.987,-2.234,3,T,82(E1),E,-2.517,3
-1.747,-1.813,6,T,82(E1),F,-1.771,3
-0.07263,-0.03761,7,T,82(E1),G,-0.9917,3
-0.6131,-0.4021,7,T,82(E1),H,-1.478,4
0.9824,0.3273,13,T,82(E1),I,0.3044,2
-2.705,-3.652,4,T,82(E1),K,-4.721,1
-0.5807,-0.3756,9,T,82(E1),L,-0.6874,5
1.043,0.3393,5,T,82(E1),M,-0.5486,2
-0.6038,-0.3944,6,T,82(E1),N,-0.32,1
0.8842,0.3063,11,T,82(E1),P,-0.4135,7
2.935,0.5065,4,T,82(E1),Q,0.119,2
-3.148,-4.538,5,T,82(E1),R,-5.309,2
0.9794,0.3267,9,T,82(E1),S,0.1608,6
0,0,,T,82(E1),T,0,
-1.099,-0.8876,10,T,82(E1),V,-0.5089,6
-1.414,-1.297,4,T,82(E1),W,-1.1,1
0.9237,0.315,5,T,82(E1),Y,0.3749,2
-5.766,-7.289,1,G,83(E1),-,,
0.1246,0.05924,12,G,83(E1),A,-0.316,8
-6.393,-7.447,13,G,83(E1),C,-8,4
0.1922,0.08874,31,G,83(E1),D,-0.6135,7
-2.467,-3.167,7,G,83(E1),E,-3.564,3
-3.454,-5.101,5,G,83(E1),F,-4.936,3
0,0,,G,83(E1),G,0,
-5.132,-7.004,6,G,83(E1),H,-8,1
-5.902,-7.332,9,G,83(E1),I,-8,5
-6.308,-7.431,3,G,83(E1),K,-7.672,1
-5.849,-7.316,3,G,83(E1),L,-8,1
-2.393,-3.019,5,G,83(E1),M,-3.161,3
-0.502,-0.3136,9,G,83(E1),N,-0.8051,4
-2.785,-3.816,9,G,83(E1),P,-3.938,8
-0.7811,-0.5511,4,G,83(E1),Q,,
-5.497,-7.187,7,G,83(E1),R,-8,2
-0.8768,-0.6445,10,G,83(E1),S,0.05419,1
-1.642,-1.641,5,G,83(E1),T,-1.786,2
-6.067,-7.377,3,G,83(E1),V,-8,1
-5.924,-7.338,12,G,83(E1),W,-8,8
-2.073,-2.394,8,G,83(E1),Y,-2.787,6
-6.195,-7.407,4,V,84(E1),A,,
-7.338,-7.563,6,V,84(E1),C,-8,1
-5.955,-7.347,6,V,84(E1),D,-7.627,4
-5.693,-7.264,7,V,84(E1),E,-8,4
-6.345,-7.438,6,V,84(E1),F,-8,2
-7.844,-7.592,6,V,84(E1),G,-7.905,2
-6.841,-7.515,10,V,84(E1),H,-8,7
-2.333,-2.898,9,V,84(E1),I,-3.369,6
-4.782,-6.767,3,V,84(E1),K,-6.914,2
-6.852,-7.516,5,V,84(E1),L,-8,1
-5.124,-6.999,21,V,84(E1),M,,
-5.998,-7.359,4,V,84(E1),N,-8,3
-6.943,-7.527,4,V,84(E1),P,-8,3
-5.537,-7.204,8,V,84(E1),Q,-7.37,4
-5.072,-6.968,9,V,84(E1),R,-6.796,4
-6.848,-7.516,3,V,84(E1),S,-8,1
-8.512,-7.614,7,V,84(E1),T,-6.857,6
0,0,,V,84(E1),V,0,
-6.43,-7.454,6,V,84(E1),W,-8,4
-6.568,-7.477,5,V,84(E1),Y,-8,2
-7.112,-7.544,6,Y,85(E1),*,-8,1
-4.94,-6.882,8,Y,85(E1),A,-7.844,4
-5.694,-7.264,8,Y,85(E1),C,-6.623,4
-7.029,-7.536,7,Y,85(E1),D,-8,4
-5.115,-6.994,8,Y,85(E1),E,-6.897,4
-4.661,-6.668,8,Y,85(E1),F,-7.193,5
-10.17,-7.633,13,Y,85(E1),G,-8,7
-5.719,-7.273,20,Y,85(E1),H,-8,7
-6.008,-7.361,12,Y,85(E1),I,-8,5
-6.195,-7.407,2,Y,85(E1),K,-8,2
-6.202,-7.409,2,Y,85(E1),L,-8,2
-5.209,-7.048,4,Y,85(E1),M,-7.274,2
-6.178,-7.403,10,Y,85(E1),N,-8,7
-3.685,-5.487,2,Y,85(E1),P,,
-4.984,-6.912,5,Y,85(E1),Q,-7.266,2
-4.016,-5.97,5,Y,85(E1),R,-6.35,1
-5.3,-7.096,6,Y,85(E1),S,-8,5
-5.025,-6.939,7,Y,85(E1),T,-7.084,4
-4.358,-6.378,4,Y,85(E1),V,-6.769,1
-7.345,-7.563,8,Y,85(E1),W,-7.697,4
0,0,,Y,85(E1),Y,0,
-4.363,-6.384,6,P,86(E1),A,-6.679,5
-5.248,-7.069,6,P,86(E1),C,-7.717,4
-6.883,-7.52,10,P,86(E1),D,-8,5
-6.788,-7.509,4,P,86(E1),E,-8,2
-5.585,-7.223,12,P,86(E1),F,-8,6
-6.645,-7.489,5,P,86(E1),G,-8,3
-6.273,-7.424,8,P,86(E1),H,-8,3
-6.927,-7.525,6,P,86(E1),I,-8,2
-6.674,-7.493,4,P,86(E1),K,-8,1
-9.174,-7.626,11,P,86(E1),L,-8,5
-7.171,-7.549,7,P,86(E1),M,-8,5
-6.384,-7.446,9,P,86(E1),N,-8,7
0,0,,P,86(E1),P,0,
-4.341,-6.36,3,P,86(E1),Q,,
-5.113,-6.993,3,P,86(E1),R,-7.255,2
-5.513,-7.194,7,P,86(E1),S,-8,1
-7.897,-7.595,7,P,86(E1),T,-8,1
-5.424,-7.155,8,P,86(E1),V,-6.943,3
-5.822,-7.307,6,P,86(E1),W,-8,3
-5.556,-7.212,9,P,86(E1),Y,-8,4
-6.82,-7.513,9,F,87(E1),A,-8,5
-8.391,-7.611,6,F,87(E1),C,-8,2
-6.509,-7.468,4,F,87(E1),D,-8,2
-5.476,-7.178,8,F,87(E1),E,-8,3
0,0,,F,87(E1),F,0,
-6.061,-7.375,7,F,87(E1),G,-8,3
-6.098,-7.384,7,F,87(E1),H,-7.873,4
-7.494,-7.573,15,F,87(E1),I,-8,7
-6.713,-7.499,6,F,87(E1),K,-8,3
-2.946,-4.141,18,F,87(E1),L,-4.96,5
-4.816,-6.793,6,F,87(E1),M,-5.865,4
-5.246,-7.068,6,F,87(E1),N,-8,4
-6.192,-7.407,3,F,87(E1),P,-7.538,2
-6.977,-7.53,5,F,87(E1),Q,-8,2
-4.72,-6.718,6,F,87(E1),R,-8,1
-12.95,-7.637,6,F,87(E1),S,-8,3
-4.108,-6.088,8,F,87(E1),T,-5.612,4
-3.533,-5.238,10,F,87(E1),V,-5.12,3
-3.257,-4.744,4,F,87(E1),W,-5.056,3
-5.335,-7.113,6,F,87(E1),Y,-6.116,1
-3.471,-5.132,4,M,88(E1),A,-6.098,2
-5.238,-7.063,5,M,88(E1),C,,
-7.216,-7.553,5,M,88(E1),D,-8,3
-6.128,-7.392,7,M,88(E1),E,-8,4
-7.563,-7.578,7,M,88(E1),F,-7.807,3
-6.641,-7.489,4,M,88(E1),G,-8,3
-5.36,-7.125,4,M,88(E1),H,-7.409,2
-5.751,-7.284,17,M,88(E1),I,-8,9
-7.372,-7.565,14,M,88(E1),K,-8,7
-1.842,-1.975,4,M,88(E1),L,-2.219,3
0,0,,M,88(E1),M,0,
-8.163,-7.605,8,M,88(E1),N,-8,4
-7.872,-7.593,10,M,88(E1),P,-8,5
-6.232,-7.415,7,M,88(E1),Q,-8,5
-6.694,-7.496,12,M,88(E1),R,-8,7
-5.318,-7.105,7,M,88(E1),S,-8,5
-5.759,-7.286,7,M,88(E1),T,-8,1
-4.022,-5.978,7,M,88(E1),V,-6.506,5
-5.922,-7.337,6,M,88(E1),W,-8,3
-3.855,-5.745,5,M,88(E1),Y,-5.539,3
-5.685,-7.261,13,W,89(E1),*,-8,1
-0.7779,-0.548,1,W,89(E1),-,,
-6.403,-7.449,10,W,89(E1),A,-8,7
-6.353,-7.44,14,W,89(E1),C,-8,4
-6.732,-7.501,4,W,89(E1),D,-8,2
-6.279,-7.425,7,W,89(E1),E,-8,4
-7.206,-7.552,9,W,89(E1),F,-7.792,4
-6.68,-7.494,4,W,89(E1),G,-8,2
-6.839,-7.515,6,W,89(E1),H,-8,4
-6.282,-7.426,7,W,89(E1),I,-8,1
-7.207,-7.552,6,W,89(E1),K,-8,6
-6.452,-7.458,9,W,89(E1),L,-8,4
-6.003,-7.36,2,W,89(E1),M,-8,1
-6.201,-7.408,7,W,89(E1),N,-8,4
-6.459,-7.459,12,W,89(E1),P,-8,7
-6.907,-7.523,5,W,89(E1),Q,-8,3
-7.459,-7.571,10,W,89(E1),R,-8,6
-6.884,-7.52,10,W,89(E1),S,-8,5
-6.042,-7.37,7,W,89(E1),T,-7.659,7
-7.009,-7.534,4,W,89(E1),V,-8,4
0,0,,W,89(E1),W,0,
-7.829,-7.592,9,W,89(E1),Y,-8,3
-7.377,-7.565,5,G,90(E1),A,-8,3
-5.952,-7.346,10,G,90(E1),C,-8,5
-6.077,-7.379,20,G,90(E1),D,-8,7
-6.857,-7.517,3,G,90(E1),E,-8,3
-7.177,-7.55,7,G,90(E1),F,-8,5
0,0,,G,90(E1),G,0,
-4.671,-6.677,6,G,90(E1),H,-5.918,2
-6.997,-7.533,11,G,90(E1),I,-8,9
-6.63,-7.487,10,G,90(E1),K,-8,5
-7.246,-7.555,11,G,90(E1),L,-8,4
-6.729,-7.501,3,G,90(E1),M,-8,2
-6.429,-7.454,3,G,90(E1),N,-8,1
-5.793,-7.298,9,G,90(E1),P,-8,6
-6.877,-7.519,5,G,90(E1),Q,-8,2
-6.935,-7.526,15,G,90(E1),R,-8,10
-7.91,-7.595,22,G,90(E1),S,-7.982,4
-6.464,-7.46,7,G,90(E1),T,-8,3
-6.281,-7.426,16,G,90(E1),V,-8,8
-6.861,-7.518,5,G,90(E1),W,-8,3
-7.948,-7.597,11,G,90(E1),Y,-8,6
-5.482,-7.181,5,G,91(E1),*,,
-6.274,-7.424,4,G,91(E1),A,-8,2
-6.175,-7.403,3,G,91(E1),C,-7.814,2
-7.418,-7.568,9,G,91(E1),D,-8,6
-5.733,-7.278,9,G,91(E1),E,-7.677,4
-4.842,-6.813,6,G,91(E1),F,-7.245,3
0,0,,G,91(E1),G,0,
-5.945,-7.344,2,G,91(E1),H,-8,1
-6.52,-7.47,11,G,91(E1),I,-8,3
-6.654,-7.49,4,G,91(E1),K,-8,2
-5.64,-7.244,9,G,91(E1),L,-7.791,5
-7.189,-7.551,12,G,91(E1),M,-8,8
-7.476,-7.572,12,G,91(E1),N,-8,8
-5.785,-7.295,5,G,91(E1),P,-8,4
-4.916,-6.866,10,G,91(E1),Q,-7.171,2
-9.899,-7.632,29,G,91(E1),R,-8,3
-5.454,-7.169,5,G,91(E1),S,-7.57,2
-6.852,-7.516,5,G,91(E1),T,-8,3
-6.474,-7.462,16,G,91(E1),V,-8,5
-6.129,-7.392,8,G,91(E1),W,-8,5
-6.481,-7.463,13,G,91(E1),Y,-8,11
0,0,,A,92(E1),A,0,
-7.218,-7.553,8,A,92(E1),C,-8,6
-4.008,-5.959,12,A,92(E1),D,-5.816,8
-6.207,-7.41,11,A,92(E1),E,-7.963,7
-5.113,-6.993,6,A,92(E1),F,-7.245,1
-1.576,-1.536,3,A,92(E1),G,-1.069,1
-3.897,-5.806,7,A,92(E1),H,-5.575,4
-7.033,-7.536,6,A,92(E1),I,-8,3
-5.623,-7.238,17,A,92(E1),K,-8,5
-5.049,-6.954,8,A,92(E1),L,-8,4
-5.106,-6.989,6,A,92(E1),M,-6.878,2
-0.8943,-0.6623,7,A,92(E1),N,-1.06,3
-5.21,-7.049,7,A,92(E1),P,-8,1
-3.55,-5.266,6,A,92(E1),Q,-5.732,1
-4.841,-6.812,9,A,92(E1),R,-7.422,5
-1.153,-0.9516,10,A,92(E1),S,-1.2,5
-5.929,-7.339,8,A,92(E1),T,-7.858,4
-6.936,-7.526,14,A,92(E1),V,-8,4
-6.271,-7.424,7,A,92(E1),W,-8,5
-4.217,-6.22,6,A,92(E1),Y,-6.359,4
-6.65,-7.49,1,Y,93(E1),*,,
-2.165,-2.569,7,Y,93(E1),A,-2.217,1
-4.734,-6.729,6,Y,93(E1),C,-6.829,5
-6.261,-7.421,3,Y,93(E1),D,-8,1
-6.355,-7.44,6,Y,93(E1),E,-7.92,4
-0.3857,-0.229,10,Y,93(E1),F,-1.194,5
-6.182,-7.404,8,Y,93(E1),G,-8,3
-5.655,-7.25,12,Y,93(E1),H,-8,6
-1.667,-1.681,8,Y,93(E1),I,-1.281,3
-6.051,-7.372,9,Y,93(E1),K,-8,7
-2.306,-2.845,8,Y,93(E1),L,-3.295,7
-3.133,-4.509,9,Y,93(E1),M,-4.898,5
-6.931,-7.525,6,Y,93(E1),N,-8,3
-5.594,-7.227,14,Y,93(E1),P,-8,7
-6.362,-7.442,2,Y,93(E1),Q,-8,2
-6.242,-7.417,4,Y,93(E1),R,-7.854,2
-4.226,-6.231,4,Y,93(E1),S,,
-3.954,-5.886,7,Y,93(E1),T,-6.483,6
-2.203,-2.642,6,Y,93(E1),V,-3.014,2
-2.19,-2.616,2,Y,93(E1),W,,
0,0,,Y,93(E1),Y,0,
-6.291,-7.428,3,C,94(E1),*,,
-4.212,-6.214,1,C,94(E1),-,,
-6.588,-7.481,3,C,94(E1),A,-8,2
0,0,,C,94(E1),C,0,
-6.477,-7.462,7,C,94(E1),D,-8,5
-7.35,-7.563,4,C,94(E1),E,-7.968,2
-5.341,-7.116,17,C,94(E1),F,-7.42,6
-6.569,-7.478,12,C,94(E1),G,-8,8
-6.097,-7.384,11,C,94(E1),H,-8,6
-5.377,-7.133,11,C,94(E1),I,-7.45,5
-6.223,-7.413,7,C,94(E1),K,-8,5
-13.1,-7.637,7,C,94(E1),L,-8,2
-6.447,-7.457,7,C,94(E1),M,-8,2
-6.013,-7.363,6,C,94(E1),N,-8,5
-5.394,-7.141,8,C,94(E1),P,-8,3
-5.8,-7.3,5,C,94(E1),Q,-7.619,2
-6.203,-7.409,5,C,94(E1),R,-7.865,4
-6.559,-7.476,9,C,94(E1),S,-8,4
-7.339,-7.563,9,C,94(E1),T,-8,5
-7.67,-7.584,10,C,94(E1),V,-8,6
-5.02,-6.936,7,C,94(E1),W,-7.395,5
-6.108,-7.387,15,C,94(E1),Y,-8,4
-7.407,-7.568,9,F,95(E1),A,-7.933,4
-6.33,-7.435,3,F,95(E1),C,-7.889,2
-5.437,-7.161,7,F,95(E1),D,-8,3
-7.029,-7.536,7,F,95(E1),E,-8,4
0,0,,F,95(E1),F,0,
-6.04,-7.37,12,F,95(E1),G,-8,7
-5.679,-7.259,7,F,95(E1),H,-8,5
-2.879,-4.005,12,F,95(E1),I,-4.016,3
-6.395,-7.448,10,F,95(E1),K,-8,8
-2.898,-4.045,12,F,95(E1),L,-4.386,5
-5.191,-7.038,5,F,95(E1),M,-8,5
-4.57,-6.588,10,F,95(E1),N,-6.456,3
-6.173,-7.402,4,F,95(E1),P,-8,1
-6.252,-7.419,8,F,95(E1),Q,-8,4
-7.952,-7.597,13,F,95(E1),S,-8,3
-8.5,-7.614,4,F,95(E1),T,-8,2
-2.975,-4.199,6,F,95(E1),V,-4.591,4
2.953,0.5071,1,F,95(E1),W,,
-6.665,-7.492,5,F,95(E1),Y,-8,1
-1.435,-1.326,1,C,96(E1),*,,
-5.749,-7.283,6,C,96(E1),A,-8,5
0,0,,C,96(E1),C,0,
-6.815,-7.512,6,C,96(E1),D,-8,3
-7.26,-7.557,8,C,96(E1),E,-8,5
-6.892,-7.521,10,C,96(E1),F,-8,5
-6.03,-7.367,6,C,96(E1),G,-8,3
-6.052,-7.373,5,C,96(E1),H,-8,1
-5.978,-7.353,8,C,96(E1),I,-8,1
-6.956,-7.528,6,C,96(E1),K,-8,3
-6.486,-7.464,12,C,96(E1),L,-8,7
-6.964,-7.529,5,C,96(E1),M,-8,2
-6.595,-7.482,8,C,96(E1),N,-8,3
-6.278,-7.425,9,C,96(E1),P,-8,6
-7.149,-7.547,7,C,96(E1),Q,-8,5
-6.6,-7.482,9,C,96(E1),R,-8,2
-6.29,-7.427,14,C,96(E1),S,-8,4
-7.273,-7.558,6,C,96(E1),T,-7.696,2
-4.77,-6.758,5,C,96(E1),V,-7.117,4
-7.188,-7.551,7,C,96(E1),W,-8,5
-7.512,-7.575,12,C,96(E1),Y,-8,5
-2.459,-3.15,9,D,97(E1),A,-2.938,3
-3.744,-5.579,5,D,97(E1),C,-5.602,1
0,0,,D,97(E1),D,0,
1.336,0.3886,13,D,97(E1),E,-0.5935,7
-4.908,-6.86,9,D,97(E1),F,-8,3
-5.557,-7.212,14,D,97(E1),G,-8,3
-8.497,-7.614,9,D,97(E1),H,-7.935,5
-2.152,-2.544,2,D,97(E1),I,-2.827,2
-5.456,-7.169,5,D,97(E1),K,-7.005,2
-3.941,-5.868,5,D,97(E1),L,-5.241,3
-2.643,-3.525,10,D,97(E1),M,-3.877,5
-1.847,-1.983,12,D,97(E1),N,-1.825,5
-4.846,-6.816,7,D,97(E1),P,-7.121,5
-2.611,-3.461,5,D,97(E1),Q,-3.597,3
-5.86,-7.319,6,D,97(E1),R,-8,4
-3.203,-4.644,3,D,97(E1),S,-5.978,2
-4.009,-5.96,9,D,97(E1),T,-5.307,6
-4.127,-6.111,5,D,97(E1),V,-8,1
-4.982,-6.911,4,D,97(E1),W,-7.24,2
-6.861,-7.518,5,D,97(E1),Y,-8,3
-10.85,-7.635,1,T,98(E1),-,,
-1.245,-1.067,10,T,98(E1),A,-0.5083,5
-5.435,-7.16,3,T,98(E1),C,-8,3
-3.938,-5.863,2,T,98(E1),D,-5.994,1
-4.184,-6.181,7,T,98(E1),E,-6.642,5
-1.917,-2.107,6,T,98(E1),F,-2.772,4
-5.342,-7.117,2,T,98(E1),G,,
-3.016,-4.279,4,T,98(E1),H,-4.704,3
-2.897,-4.043,15,T,98(E1),I,-4.533,6
-3.433,-5.064,3,T,98(E1),K,-5.361,1
-2.975,-4.198,4,T,98(E1),L,-5.083,2
-1.194,-1.003,5,T,98(E1),M,-1.436,3
2.478,0.489,3,T,98(E1),N,,
-1.609,-1.588,7,T,98(E1),P,-1.657,5
-0.5871,-0.3808,7,T,98(E1),Q,-0.3314,5
-3.408,-5.02,2,T,98(E1),R,-5.315,1
-0.4136,-0.2486,9,T,98(E1),S,-0.3991,7
0,0,,T,98(E1),T,0,
-1.582,-1.547,6,T,98(E1),V,-1.785,3
-2.742,-3.728,6,T,98(E1),W,-3.832,4
-1.841,-1.972,4,T,98(E1),Y,-2.09,3
-5.656,-7.25,8,E,99(E1),*,,
-4.11,-6.091,6,E,99(E1),A,-6.512,4
-3.336,-4.891,8,E,99(E1),C,-4.508,2
-3.484,-5.154,10,E,99(E1),D,-5.316,4
0,0,,E,99(E1),E,0,
-3.367,-4.947,10,E,99(E1),F,-5.255,4
-5.494,-7.186,15,E,99(E1),G,-7.717,4
-3.651,-5.433,7,E,99(E1),H,-8,1
-5.712,-7.27,8,E,99(E1),I,-8,5
-5.379,-7.134,18,E,99(E1),K,-7.053,2
-6.476,-7.462,8,E,99(E1),L,-7.117,4
-3.812,-5.682,8,E,99(E1),M,-5.294,3
-6.996,-7.532,10,E,99(E1),N,-8,4
-5.053,-6.957,7,E,99(E1),P,-7.915,4
-2.541,-3.318,5,E,99(E1),Q,-3.688,4
-5.307,-7.099,5,E,99(E1),R,-6.726,2
-5.977,-7.353,11,E,99(E1),S,-8,4
-8.482,-7.614,6,E,99(E1),T,-8,1
-5.009,-6.928,8,E,99(E1),V,-7.162,5
-13.14,-7.637,4,E,99(E1),W,-7.029,4
-3.264,-4.757,11,E,99(E1),Y,-4.923,5
-0.5767,-0.3723,1,N,100(E1),-,,
-5.182,-7.033,7,N,100(E1),A,-8,4
-8.139,-7.604,7,N,100(E1),C,-8,3
-7.068,-7.54,13,N,100(E1),D,-8,5
-6.471,-7.461,7,N,100(E1),E,-8,1
-8.516,-7.614,8,N,100(E1),F,-8,3
-6.575,-7.479,5,N,100(E1),G,-8,2
-6.952,-7.528,6,N,100(E1),H,-8,5
-6.516,-7.469,5,N,100(E1),I,-8,3
-5.927,-7.339,8,N,100(E1),K,-7.425,2
-5.851,-7.316,8,N,100(E1),L,-8,6
-8.454,-7.613,11,N,100(E1),M,-8,4
0,0,,N,100(E1),N,0,
-6.641,-7.489,7,N,100(E1),P,-8,2
-5.917,-7.336,7,N,100(E1),Q,-8,4
-5.903,-7.332,7,N,100(E1),R,-7.582,4
-4.695,-6.697,8,N,100(E1),S,-6.637,3
-6.658,-7.491,13,N,100(E1),T,-7.899,8
-6.948,-7.527,5,N,100(E1),V,-8,3
-7.98,-7.598,8,N,100(E1),W,-8,5
-6.049,-7.372,3,N,100(E1),Y,,
-1.827,-1.949,2,T,101(E1),-,,
0.0639,0.03118,8,T,101(E1),A,-0.5147,4
-2.476,-3.186,4,T,101(E1),C,-3.051,2
-1.556,-1.507,7,T,101(E1),D,-1.578,3
-1.808,-1.916,5,T,101(E1),E,1.497,1
-6.707,-7.498,6,T,101(E1),F,-8,3
-2.3,-2.833,9,T,101(E1),G,-2.686,6
-1.509,-1.435,6,T,101(E1),H,-1.665,5
-1.078,-0.8624,13,T,101(E1),I,-1.364,9
-4.324,-6.341,9,T,101(E1),K,-6.522,3
-3.025,-4.297,2,T,101(E1),L,,
3.419,0.5182,4,T,101(E1),M,-0.541,1
-1.304,-1.145,6,T,101(E1),N,-1.559,1
-7.407,-7.568,10,T,101(E1),P,-8,5
-0.257,-0.1443,3,T,101(E1),Q,-0.412,2
-6.243,-7.418,4,T,101(E1),R,-8,3
-1.804,-1.909,4,T,101(E1),S,-2.043,1
0,0,,T,101(E1),T,0,
0.1982,0.09127,7,T,101(E1),V,-0.2155,5
-6.751,-7.504,4,T,101(E1),W,-8,2
-2.968,-4.184,3,T,101(E1),Y,-5.161,2
-4.971,-6.903,4,Q,102(E1),*,,
-0.4586,-0.2811,1,Q,102(E1),-,,
-5.844,-7.314,7,Q,102(E1),A,-7.878,3
-5.603,-7.23,6,Q,102(E1),C,-7.564,2
-5.312,-7.101,4,Q,102(E1),D,-7.458,2
-6.249,-7.419,3,Q,102(E1),E,-8,1
-7.015,-7.534,5,Q,102(E1),F,-8,4
-7.06,-7.539,7,Q,102(E1),G,-8,3
-5.585,-7.223,18,Q,102(E1),H,-7.865,8
-5.743,-7.281,11,Q,102(E1),I,-7.618,3
-5.297,-7.094,8,Q,102(E1),K,-7.67,4
-6.619,-7.485,11,Q,102(E1),L,-8,9
-5.686,-7.261,9,Q,102(E1),M,-7.42,5
-7.235,-7.555,8,Q,102(E1),N,-8,3
-6.785,-7.508,14,Q,102(E1),P,-8,9
0,0,,Q,102(E1),Q,0,
-5.581,-7.222,8,Q,102(E1),R,-6.664,2
-5.527,-7.2,7,Q,102(E1),S,-7.822,4
-7.01,-7.534,6,Q,102(E1),T,-8,1
-6.239,-7.417,11,Q,102(E1),V,-8,8
-6.687,-7.495,4,Q,102(E1),W,-8,2
-5.952,-7.346,10,Q,102(E1),Y,-8,5
-0.7334,-0.5069,1,L,103(E1),-,,
-5.908,-7.333,4,L,103(E1),A,-7.511,2
-6.647,-7.489,4,L,103(E1),C,-8,1
-5.966,-7.35,6,L,103(E1),D,-8,3
-2.392,-3.016,6,L,103(E1),E,-3.07,1
-2.844,-3.935,6,L,103(E1),F,-4.254,3
-5.717,-7.272,6,L,103(E1),G,-8,4
-4.856,-6.823,2,L,103(E1),H,,
-2.172,-2.582,6,L,103(E1),I,-3.188,3
-1.896,-2.069,4,L,103(E1),K,,
0,0,,L,103(E1),L,0,
-0.7022,-0.4788,15,L,103(E1),M,-0.2583,5
-7.18,-7.55,7,L,103(E1),N,-8,5
-5.71,-7.27,8,L,103(E1),P,-8,3
-0.9157,-0.6844,6,L,103(E1),Q,-0.3343,1
-5.784,-7.295,1,L,103(E1),R,,
-3.641,-5.417,4,L,103(E1),S,-5.59,2
-2.151,-2.542,5,L,103(E1),T,-2.691,4
-2.279,-2.791,7,L,103(E1),V,-3.05,4
-6.286,-7.427,5,L,103(E1),W,-8,1
-2.854,-3.957,9,L,103(E1),Y,-4.012,5
-1.942,-2.152,3,S,104(E1),A,-4.003,2
-1.239,-1.06,4,S,104(E1),C,-2.328,1
-3.846,-5.733,4,S,104(E1),D,-5.752,3
-1.913,-2.1,2,S,104(E1),E,-2.448,1
-7.395,-7.567,9,S,104(E1),F,-8,7
-2.07,-2.387,7,S,104(E1),G,-2.387,4
-6.527,-7.471,4,S,104(E1),H,-8,2
-8.183,-7.605,8,S,104(E1),I,-8,1
-7.29,-7.559,9,S,104(E1),K,-8,4
-6.869,-7.518,9,S,104(E1),L,-8,4
-6.822,-7.513,5,S,104(E1),M,-8,2
-5.462,-7.172,9,S,104(E1),N,-8,3
-5.699,-7.266,16,S,104(E1),P,-8,10
-6.1,-7.385,6,S,104(E1),Q,-8,1
-5.602,-7.23,14,S,104(E1),R,-8,11
0,0,,S,104(E1),S,0,
-2.494,-3.222,5,S,104(E1),T,-4.803,2
-4.938,-6.881,6,S,104(E1),V,-7.734,2
-5.965,-7.35,7,S,104(E1),W,-8,3
-6.14,-7.394,5,S,104(E1),Y,-7.884,3
-4.206,-6.208,5,E,105(E1),*,-6.546,2
1.273,0.3792,1,E,105(E1),-,,
-3.921,-5.84,7,E,105(E1),A,-6.569,4
-5.25,-7.07,6,E,105(E1),C,-8,3
-2.31,-2.852,13,E,105(E1),D,-4.073,5
0,0,,E,105(E1),E,0,
-6.286,-7.427,3,E,105(E1),F,-8,1
-6.566,-7.477,14,E,105(E1),G,-8,5
-3.861,-5.755,5,E,105(E1),H,,
-0.8118,-0.5803,1,E,105(E1),I,,
-7.88,-7.594,21,E,105(E1),K,-8,8
-3.961,-5.895,12,E,105(E1),L,-6.439,7
-5.703,-7.267,5,E,105(E1),M,-7.246,2
-6.261,-7.421,7,E,105(E1),N,-8,3
-5.989,-7.356,7,E,105(E1),P,-8,5
-3.944,-5.872,7,E,105(E1),Q,-6.847,3
-6.681,-7.494,3,E,105(E1),R,-8,1
-3.441,-5.079,6,E,105(E1),S,-6.277,2
-3.884,-5.787,10,E,105(E1),T,-5.873,4
-3.546,-5.26,6,E,105(E1),V,-5.231,2
-4.225,-6.23,2,E,105(E1),W,,
-4.914,-6.864,10,E,105(E1),Y,-7.115,6
0.9454,0.3196,1,A,106(E1),-,,
0,0,,A,106(E1),A,0,
-2.273,-2.778,9,A,106(E1),C,-3.026,4
-6.729,-7.501,12,A,106(E1),D,-8,8
-5.278,-7.085,8,A,106(E1),E,-8,5
-7.183,-7.55,8,A,106(E1),F,-8,5
-1.223,-1.039,6,A,106(E1),G,-1.155,3
-6.914,-7.524,4,A,106(E1),H,-8,1
-1.297,-1.135,8,A,106(E1),I,-1.665,4
-6.484,-7.464,4,A,106(E1),K,-8,1
-1.933,-2.136,11,A,106(E1),L,-1.832,7
-1.556,-1.505,12,A,106(E1),M,-1.548,5
-5.282,-7.087,6,A,106(E1),N,-7.489,3
-8.111,-7.603,6,A,106(E1),P,-7.571,1
-6.643,-7.489,5,A,106(E1),Q,-8,2
-5.952,-7.346,8,A,106(E1),R,-8,7
-1.883,-2.046,10,A,106(E1),S,-1.621,3
-3.67,-5.463,27,A,106(E1),T,-4.679,5
-0.7685,-0.5392,21,A,106(E1),V,-0.2367,7
-6.095,-7.384,10,A,106(E1),W,-8,6
-6.795,-7.509,9,A,106(E1),Y,-8,5
-4.885,-6.844,4,H,107(E1),-,,
-2.194,-2.626,6,H,107(E1),A,-2.933,4
-5.08,-6.973,2,H,107(E1),C,-6.871,1
-5.684,-7.261,9,H,107(E1),D,-8,5
-5.648,-7.247,4,H,107(E1),E,-8,3
-1.652,-1.657,6,H,107(E1),F,-1.632,5
-5.447,-7.166,5,H,107(E1),G,-6.579,2
0,0,,H,107(E1),H,0,
-4.571,-6.589,7,H,107(E1),I,-6.914,4
-4.171,-6.166,5,H,107(E1),K,-5.652,2
-3.189,-4.616,7,H,107(E1),L,-5.966,2
-1.715,-1.76,7,H,107(E1),M,,
-2.94,-4.128,3,H,107(E1),N,,
-7.871,-7.593,26,H,107(E1),P,-8,22
-3.157,-4.555,14,H,107(E1),Q,-5.131,4
-2.645,-3.531,6,H,107(E1),R,-4.632,1
0.1398,0.066,3,H,107(E1),S,,
-3.707,-5.522,7,H,107(E1),T,-6.107,2
-4.558,-6.577,16,H,107(E1),V,-7.135,7
0.8849,0.3064,3,H,107(E1),W,-0.7173,1
-1.058,-0.84,4,H,107(E1),Y,-0.5126,1
-0.9066,-0.675,3,V,108(E1),-,,
-2.904,-4.057,8,V,108(E1),A,-3.87,2
-2.606,-3.45,7,V,108(E1),C,-3.536,5
-6.795,-7.509,12,V,108(E1),D,-8,7
-6.3,-7.429,8,V,108(E1),E,-8,3
-6.582,-7.48,7,V,108(E1),F,-8,2
-7.413,-7.568,6,V,108(E1),G,-8,4
-6.155,-7.398,6,V,108(E1),H,-8,5
-1.2,-1.009,6,V,108(E1),I,-1.486,4
-3.559,-5.281,8,V,108(E1),K,-5.397,7
-1.487,-1.402,12,V,108(E1),L,-1.732,8
-5.914,-7.335,23,V,108(E1),M,-7.989,6
-7.051,-7.538,9,V,108(E1),N,-8,2
-5.942,-7.343,6,V,108(E1),P,-8,4
-6.24,-7.417,16,V,108(E1),Q,-7.822,6
-6.096,-7.384,9,V,108(E1),R,-8,5
-5.637,-7.243,7,V,108(E1),S,-8,3
-0.923,-0.6921,7,V,108(E1),T,-0.9572,4
0,0,,V,108(E1),V,0,
-6.026,-7.366,7,V,108(E1),W,-6.957,2
-6.938,-7.526,11,V,108(E1),Y,-7.671,6
0.7468,0.2734,4,E,109(E1),*,,
-0.9529,-0.7236,3,E,109(E1),-,,
-0.2349,-0.1306,9,E,109(E1),A,-0.9969,6
-1.23,-1.048,7,E,109(E1),C,-1.278,6
0.4331,0.1805,2,E,109(E1),D,,
0,0,,E,109(E1),E,0,
-1.158,-0.9579,3,E,109(E1),F,-0.1011,2
-1.024,-0.8012,5,E,109(E1),G,-1.281,3
0.3029,0.1334,6,E,109(E1),H,1.007,1
-1.587,-1.555,7,E,109(E1),I,-2.165,3
-2.206,-2.648,59,E,109(E1),K,-3.052,7
-0.9314,-0.7008,9,E,109(E1),L,-1.524,5
-0.9521,-0.7227,8,E,109(E1),M,-0.4925,5
-1.808,-1.917,11,E,109(E1),N,-0.6305,5
-6.17,-7.401,7,E,109(E1),P,-7.771,2
-0.6705,-0.4509,3,E,109(E1),Q,,
-3.098,-4.441,7,E,109(E1),R,-4.881,3
-1.022,-0.7995,4,E,109(E1),S,-0.893,2
-0.6235,-0.4108,3,E,109(E1),T,-0.6322,1
-1.574,-1.535,2,E,109(E1),V,-1.837,2
-2.014,-2.284,11,E,109(E1),W,-1.927,5
-0.985,-0.7581,12,E,109(E1),Y,-0.7974,8
0.6919,0.259,3,K,110(E1),-,,
-2.012,-2.28,5,K,110(E1),A,-2.783,3
-4.925,-6.872,10,K,110(E1),C,-6.612,6
-5.316,-7.104,9,K,110(E1),D,-8,5
-2.843,-3.933,8,K,110(E1),E,-3.824,4
-1.792,-1.889,6,K,110(E1),F,-2.215,2
-1.464,-1.368,4,K,110(E1),G,-2.018,2
-1.645,-1.645,8,K,110(E1),H,-2.424,7
-0.3504,-0.2049,5,K,110(E1),I,-1.208,1
0,0,,K,110(E1),K,0,
-2.681,-3.605,4,K,110(E1),L,-4.096,2
-1.847,-1.983,2,K,110(E1),M,,
-2.781,-3.808,11,K,110(E1),N,-4.188,1
-1.933,-2.136,7,K,110(E1),P,-3.545,3
-1.866,-2.017,7,K,110(E1),Q,-1.712,3
-2.958,-4.166,6,K,110(E1),R,-5.056,2
-0.367,-0.2162,6,K,110(E1),S,-0.2224,4
-1.799,-1.901,12,K,110(E1),T,-1.661,8
-2.474,-3.181,5,K,110(E1),V,-3.397,4
-1.734,-1.791,4,K,110(E1),W,-1.542,3
-1.825,-1.946,11,K,110(E1),Y,-2.143,5
1.24,0.374,2,S,111(E1),-,,
-1.655,-1.661,8,S,111(E1),A,-1.914,5
-1.329,-1.179,8,S,111(E1),C,-1.197,4
-6.614,-7.485,4,S,111(E1),D,-8,2
-2.648,-3.536,6,S,111(E1),E,-3.018,2
-5.859,-7.318,4,S,111(E1),F,-8,2
0.9919,0.3292,6,S,111(E1),G,,
-5.173,-7.028,3,S,111(E1),H,-6.69,1
-2.243,-2.72,13,S,111(E1),I,-2.867,6
-6.623,-7.486,3,S,111(E1),K,-8,2
-2.316,-2.865,6,S,111(E1),L,-3.141,4
-0.8338,-0.6018,9,S,111(E1),M,-1.065,1
-5.759,-7.286,15,S,111(E1),N,-7.361,5
1.41,0.3991,5,S,111(E1),P,,
-1.994,-2.247,4,S,111(E1),Q,-2.494,2
-2.631,-3.502,9,S,111(E1),R,-3.694,2
0,0,,S,111(E1),S,0,
-1.061,-0.8428,12,S,111(E1),T,-1.274,6
-2.352,-2.935,8,S,111(E1),V,-3.016,4
-6.734,-7.501,11,S,111(E1),W,-8,8
-6.689,-7.495,6,S,111(E1),Y,-8,2
-5.142,-7.01,3,E,112(E1),*,,
2.43,0.4866,2,E,112(E1),-,,
-0.007201,-0.003624,9,E,112(E1),A,-2.091,3
-1.602,-1.577,8,E,112(E1),C,-2.16,5
-0.5836,-0.3779,9,E,112(E1),D,-0.4652,4
0,0,,E,112(E1),E,0,
-0.2597,-0.1459,8,E,112(E1),F,-0.09152,4
0.5375,0.2145,6,E,112(E1),G,-0.01434,1
-0.1324,-0.07034,7,E,112(E1),H,-0.7467,5
-0.5077,-0.318,4,E,112(E1),I,-0.252,1
-2.696,-3.634,16,E,112(E1),K,-6.267,1
-2.762,-3.77,6,E,112(E1),L,-3.655,3
-2.202,-2.64,3,E,112(E1),M,-4.961,2
-1.818,-1.933,3,E,112(E1),N,-2.077,2
-0.9411,-0.711,6,E,112(E1),P,-0.8059,2
-1.157,-0.9571,10,E,112(E1),Q,-1.715,6
-4.272,-6.284,4,E,112(E1),R,-6.48,2
0.3443,0.149,4,E,112(E1),S,0.03194,1
-1.675,-1.693,8,E,112(E1),T,-1.968,3
-1.141,-0.937,8,E,112(E1),V,-1.469,5
0.06699,0.03265,5,E,112(E1),W,-1.516,3
1.662,0.4294,4,E,112(E1),Y,1.478,3
-4.529,-6.55,3,S,113(E1),-,,
-2.083,-2.412,6,S,113(E1),A,-2.981,2
-3.295,-4.815,5,S,113(E1),C,-5.129,3
-6.845,-7.516,5,S,113(E1),D,-8,3
-6.962,-7.529,8,S,113(E1),E,-8,4
-6.062,-7.375,9,S,113(E1),F,-8,5
0.2534,0.114,6,S,113(E1),G,0.2193,3
-4.999,-6.922,5,S,113(E1),H,-6.651,1
-5.321,-7.106,11,S,113(E1),I,-7.814,6
-6.505,-7.467,7,S,113(E1),K,-8,2
-4.645,-6.655,10,S,113(E1),L,-6.472,1
-7.098,-7.542,4,S,113(E1),M,,
-6.075,-7.379,16,S,113(E1),N,-8,3
-5.385,-7.137,26,S,113(E1),P,-7.629,12
-5.943,-7.343,3,S,113(E1),Q,-8,1
-6.08,-7.38,12,S,113(E1),R,-8,5
0,0,,S,113(E1),S,0,
-6.845,-7.516,6,S,113(E1),T,-8,3
-2.277,-2.786,8,S,113(E1),V,-2.355,5
-5.319,-7.105,4,S,113(E1),W,-8,1
-6.127,-7.391,4,S,113(E1),Y,-8,1
-5.969,-7.351,2,C,114(E1),*,,
1.017,0.3343,1,C,114(E1),-,,
-6.17,-7.401,10,C,114(E1),A,-8,5
0,0,,C,114(E1),C,0,
-4.979,-6.909,7,C,114(E1),D,-6.361,3
-6.484,-7.464,6,C,114(E1),E,-7.588,2
-5.348,-7.119,16,C,114(E1),F,-7.683,4
-5.131,-7.003,4,C,114(E1),G,,
-6.841,-7.515,4,C,114(E1),H,-8,3
-6.368,-7.443,7,C,114(E1),I,-8,3
-6.877,-7.519,6,C,114(E1),K,-8,4
-6.519,-7.469,6,C,114(E1),L,-8,1
-6.677,-7.494,6,C,114(E1),M,-7.896,2
-5.83,-7.31,6,C,114(E1),N,-8,6
-4.077,-6.049,5,C,114(E1),P,-6.043,4
-7.023,-7.535,7,C,114(E1),Q,-8,6
-7.777,-7.589,11,C,114(E1),R,-8,2
-6.144,-7.395,9,C,114(E1),S,-8,6
-5.987,-7.356,6,C,114(E1),T,-8,2
-7.551,-7.577,8,C,114(E1),V,-8,3
-6.954,-7.528,3,C,114(E1),W,-8,2
-6.746,-7.503,61,C,114(E1),Y,-8,10
-4.66,-6.667,1,K,115(E1),*,,
0.262,0.1174,1,K,115(E1),-,,
-1.971,-2.205,4,K,115(E1),A,-2.534,2
0.008205,0.004102,4,K,115(E1),C,-0.3176,3
-1.552,-1.5,6,K,115(E1),D,-2.382,5
-1.174,-0.9773,5,K,115(E1),E,-1.077,1
0.8042,0.2876,5,K,115(E1),F,0.2372,3
-0.7747,-0.545,4,K,115(E1),G,-0.7028,2
-0.7588,-0.5302,5,K,115(E1),H,-0.5997,5
-1.251,-1.074,5,K,115(E1),I,-2.01,3
0,0,,K,115(E1),K,0,
-0.7326,-0.5062,7,K,115(E1),L,-1.099,3
-1.377,-1.244,5,K,115(E1),M,-1.465,3
-0.6819,-0.4609,9,K,115(E1),N,-0.8028,3
-1.293,-1.13,9,K,115(E1),P,-1.175,5
-1.363,-1.225,3,K,115(E1),Q,-1.328,3
-0.6977,-0.4748,8,K,115(E1),R,0.05628,3
-0.9599,-0.731,8,K,115(E1),S,-1.115,5
-2.064,-2.376,6,K,115(E1),T,-3.079,3
-1.963,-2.191,6,K,115(E1),V,-3.008,1
-1.219,-1.033,10,K,115(E1),W,-1.348,6
-0.07505,-0.0389,6,K,115(E1),Y,-1.329,2
1.405,0.3984,1,T,116(E1),-,,
-1.693,-1.724,3,T,116(E1),A,,
-1.815,-1.928,6,T,116(E1),C,-2.121,2
-3.996,-5.942,5,T,116(E1),D,-6.254,3
-1.348,-1.205,3,T,116(E1),E,-1.256,1
-1.212,-1.025,6,T,116(E1),F,-1.146,3
-1.092,-0.8789,6,T,116(E1),G,-1.616,3
-0.1774,-0.09617,3,T,116(E1),H,-0.3838,2
-0.8832,-0.651,15,T,116(E1),I,-0.4271,6
-2.351,-2.934,1,T,116(E1),K,,
0.75,0.2742,3,T,116(E1),L,0.6017,1
-0.3503,-0.2048,7,T,116(E1),M,-0.1344,3
-0.8877,-0.6556,6,T,116(E1),N,-0.889,3
-5.286,-7.088,8,T,116(E1),P,-8,4
-1.452,-1.351,7,T,116(E1),Q,-0.5354,3
-2.924,-4.097,4,T,116(E1),R,-4.094,2
-1.163,-0.9637,5,T,116(E1),S,-1.266,3
0,0,,T,116(E1),T,0,
0.6941,0.2596,4,T,116(E1),V,-0.5628,2
-0.5873,-0.3809,7,T,116(E1),W,-2.656,1
-1.693,-1.723,9,T,116(E1),Y,-2.853,5
-8.221,-7.606,6,E,117(E1),*,,
-4.9,-6.855,11,E,117(E1),A,-7.335,6
-6.789,-7.509,9,E,117(E1),C,-8,3
-4.197,-6.197,10,E,117(E1),D,-6.528,7
0,0,,E,117(E1),E,0,
-7.048,-7.538,9,E,117(E1),F,-8,6
-5.362,-7.126,4,E,117(E1),G,-8,3
-4.891,-6.848,5,E,117(E1),H,-6.768,1
-5.278,-7.084,7,E,117(E1),I,-7.383,3
-6.255,-7.42,21,E,117(E1),K,-8,8
-6.762,-7.505,9,E,117(E1),L,-8,2
-4.275,-6.287,8,E,117(E1),M,-6.418,4
-3.58,-5.316,5,E,117(E1),N,,
-6.599,-7.482,9,E,117(E1),P,-8,6
-3.334,-4.888,12,E,117(E1),Q,-5.199,6
-6.946,-7.527,5,E,117(E1),R,-8,2
-7.288,-7.559,10,E,117(E1),S,-7.821,4
-6.072,-7.378,6,E,117(E1),T,-8,4
-8.65,-7.617,7,E,117(E1),V,-8,4
-6.798,-7.51,2,E,117(E1),W,-8,1
-5.053,-6.956,11,E,117(E1),Y,-7.62,6
-1.856,-1.999,2,F,118(E1),A,,
-5.545,-7.207,7,F,118(E1),C,-8,3
-5.795,-7.298,5,F,118(E1),D,-8,4
-5.755,-7.285,5,F,118(E1),E,-8,4
0,0,,F,118(E1),F,0,
-6.13,-7.392,1,F,118(E1),G,,
-1.674,-1.692,2,F,118(E1),H,-2.687,1
-2.45,-3.133,8,F,118(E1),I,-2.293,2
-0.181,-0.09826,6,F,118(E1),K,-1.03,1
-2.049,-2.348,6,F,118(E1),L,-2.681,2
-2.839,-3.925,9,F,118(E1),M,-4.467,2
-2.419,-3.07,6,F,118(E1),N,-3.711,2
-8.776,-7.62,6,F,118(E1),P,-8,4
-2.834,-3.915,6,F,118(E1),Q,-4.61,3
-2.301,-2.834,4,F,118(E1),R,-3.13,1
-2.44,-3.113,4,F,118(E1),S,-2.277,2
-5.229,-7.059,9,F,118(E1),T,-6.561,3
-2.102,-2.449,14,F,118(E1),V,-2.162,5
-0.07035,-0.03639,3,F,118(E1),W,-2.882,1
-0.9262,-0.6954,3,F,118(E1),Y,-1.09,2
0,0,,A,119(E1),A,0,
-3.944,-5.871,5,A,119(E1),C,-6.409,3
-4.962,-6.897,9,A,119(E1),D,-6.878,5
-5.681,-7.26,5,A,119(E1),E,-8,1
-5.718,-7.272,4,A,119(E1),F,-8,1
-1.353,-1.211,6,A,119(E1),G,0.04404,3
-5.943,-7.344,1,A,119(E1),H,-7.988,1
-5.689,-7.262,8,A,119(E1),I,-7.925,4
-6.678,-7.494,9,A,119(E1),K,-8,5
-5.44,-7.162,5,A,119(E1),L,-8,5
-5.918,-7.336,5,A,119(E1),M,-8,3
-4.901,-6.855,6,A,119(E1),N,-7.004,3
-5.11,-6.991,6,A,119(E1),P,-7.577,4
-4.603,-6.618,2,A,119(E1),Q,,
-6.073,-7.378,9,A,119(E1),R,-8,6
-2.16,-2.558,12,A,119(E1),S,-1.502,4
-5.6,-7.229,26,A,119(E1),T,-8,7
-1.627,-1.617,31,A,119(E1),V,0.2159,4
-6.926,-7.525,6,A,119(E1),W,-8,3
-6.192,-7.407,6,A,119(E1),Y,-8,2
-0.06785,-0.03506,5,S,120(E1),A,-0.1953,4
1.003,0.3314,5,S,120(E1),C,-0.0866,2
-2.951,-4.152,11,S,120(E1),D,-4.431,9
-0.7972,-0.5663,9,S,120(E1),E,-0.7371,4
-1.159,-0.9596,6,S,120(E1),F,-1.302,3
0.05001,0.02455,12,S,120(E1),G,-0.1045,4
-1.478,-1.388,8,S,120(E1),H,-1.556,4
0.2807,0.1248,9,S,120(E1),I,0.06571,5
0.7452,0.273,4,S,120(E1),K,0.0432,4
-0.1644,-0.0886,7,S,120(E1),L,0.007999,5
-1.301,-1.141,5,S,120(E1),M,-1.304,3
-0.415,-0.2496,13,S,120(E1),N,-2.237,1
-4.189,-6.188,6,S,120(E1),P,-6.785,2
-0.1288,-0.06834,5,S,120(E1),Q,-0.3414,2
-1.048,-0.8285,10,S,120(E1),R,-0.4955,4
0,0,,S,120(E1),S,0,
0.5487,0.2179,5,S,120(E1),T,-0.1521,2
3.457,0.5189,3,S,120(E1),V,-1.289,1
-1.595,-1.567,3,S,120(E1),W,-1.852,1
-1.541,-1.483,3,S,120(E1),Y,-1.969,1
-0.8397,-0.6076,1,A,121(E1),-,,
0,0,,A,121(E1),A,0,
-0.9329,-0.7023,5,A,121(E1),C,-0.5062,3
-5.035,-6.945,15,A,121(E1),D,-7.036,5
-6.1,-7.385,4,A,121(E1),E,-8,3
-5.673,-7.257,5,A,121(E1),F,-8,2
-1.344,-1.199,10,A,121(E1),G,-1.312,6
-5.942,-7.343,8,A,121(E1),H,-8,3
-3.805,-5.672,1,A,121(E1),I,,
-6.924,-7.525,6,A,121(E1),K,-8,3
-2.559,-3.354,7,A,121(E1),L,-3.893,4
-3.232,-4.697,6,A,121(E1),M,-4.617,2
-3.933,-5.857,9,A,121(E1),N,-6.436,3
-6.117,-7.389,9,A,121(E1),P,-8,5
-5.61,-7.233,7,A,121(E1),Q,-7.257,5
-6.157,-7.398,8,A,121(E1),R,-8,6
-0.8387,-0.6066,12,A,121(E1),S,0.3217,3
-0.06079,-0.03131,29,A,121(E1),T,0.2624,8
-1.789,-1.884,10,A,121(E1),V,-1.126,2
-6.839,-7.515,7,A,121(E1),W,-7.668,2
-5.259,-7.074,7,A,121(E1),Y,-7.888,3
-1.416,-1.299,1,Y,122(E1),-,,
-0.3672,-0.2163,7,Y,122(E1),A,-0.5427,5
-1.132,-0.926,9,Y,122(E1),C,-0.9645,6
-8.443,-7.613,9,Y,122(E1),D,-8,6
-3.999,-5.946,10,Y,122(E1),E,-5.937,1
0.4183,0.1754,6,Y,122(E1),F,-0.3551,5
-5.41,-7.149,4,Y,122(E1),G,-7.847,3
-0.4785,-0.296,20,Y,122(E1),H,0.1294,7
-0.9476,-0.7179,8,Y,122(E1),I,-0.9285,3
-9.846,-7.631,6,Y,122(E1),K,-8,2
-0.2992,-0.171,8,Y,122(E1),L,0.3731,5
-0.672,-0.4522,5,Y,122(E1),M,0.6145,1
-0.6998,-0.4767,11,Y,122(E1),N,-2.231,2
-5.446,-7.165,4,Y,122(E1),P,-8,3
-1.001,-0.776,6,Y,122(E1),Q,-0.1645,3
-6.194,-7.407,10,Y,122(E1),R,-7.887,7
-1.011,-0.7864,6,Y,122(E1),S,-1.426,3
-2.854,-3.956,8,Y,122(E1),T,-4.326,4
-0.6479,-0.4315,8,Y,122(E1),V,-0.0273,4
-1.018,-0.7951,4,Y,122(E1),W,-1.091,4
0,0,,Y,122(E1),Y,0,
-4.872,-6.835,2,R,123(E1),*,,
-1.744,-1.808,1,R,123(E1),-,,
-1.487,-1.402,7,R,123(E1),A,-1.802,4
-2.104,-2.452,4,R,123(E1),C,-3.189,2
-2.662,-3.564,6,R,123(E1),D,-3.91,4
-1.611,-1.591,3,R,123(E1),E,-1.976,1
-0.03214,-0.01635,9,R,123(E1),F,-0.6649,3
-1.323,-1.171,13,R,123(E1),G,-1.72,4
-1.766,-1.845,10,R,123(E1),H,-2.128,6
-0.1421,-0.07582,11,R,123(E1),I,-0.02172,3
0.03238,0.01602,14,R,123(E1),K,0.6603,5
-0.5537,-0.3539,6,R,123(E1),L,-0.0541,4
-1.119,-0.9111,3,R,123(E1),M,,
-1.279,-1.112,7,R,123(E1),N,-1.009,5
-8.566,-7.615,17,R,123(E1),P,-8,13
-1.147,-0.9442,13,R,123(E1),Q,-1.062,6
0,0,,R,123(E1),R,0,
-2.04,-2.332,14,R,123(E1),S,-2.665,9
-0.6481,-0.4317,7,R,123(E1),T,-0.5903,4
0.941,0.3187,5,R,123(E1),V,0.04114,4
-1.412,-1.293,5,R,123(E1),W,-1.579,4
-0.2871,-0.1633,6,R,123(E1),Y,0.2448,4
-1.7,-1.734,3,A,124(E1),-,,
0,0,,A,124(E1),A,0,
0.3859,0.1641,5,A,124(E1),C,-0.3019,5
-3.823,-5.698,8,A,124(E1),D,-5.63,3
-3.76,-5.604,3,A,124(E1),E,-5.885,1
-5.438,-7.161,12,A,124(E1),F,-7.314,8
-1.425,-1.313,4,A,124(E1),G,-1.636,2
-5.822,-7.307,4,A,124(E1),H,-8,2
-1.233,-1.052,3,A,124(E1),I,-2.403,2
-4.614,-6.628,4,A,124(E1),K,-6.171,1
-1.426,-1.313,6,A,124(E1),L,-1.293,2
-4.668,-6.674,4,A,124(E1),M,-5.271,2
-6.846,-7.516,5,A,124(E1),N,-7.678,1
-2.268,-2.769,6,A,124(E1),P,-2.547,4
-0.779,-0.5491,4,A,124(E1),Q,-0.4979,1
-7.17,-7.549,7,A,124(E1),R,-8,5
0.106,0.05077,8,A,124(E1),S,0.6677,4
-0.9486,-0.719,17,A,124(E1),T,-1.569,5
4.615,0.5313,13,A,124(E1),V,-1.178,5
-5.196,-7.041,9,A,124(E1),W,-7.338,7
-6.963,-7.529,7,A,124(E1),Y,-8,2
-0.4275,-0.2585,3,H,125(E1),-,,
-4.785,-6.769,2,H,125(E1),A,,
-3.182,-4.603,2,H,125(E1),C,-4.881,1
-5.937,-7.342,10,H,125(E1),D,-8,7
-2.151,-2.542,9,H,125(E1),E,-2.553,4
-2.131,-2.503,7,H,125(E1),F,-2.539,6
-5.574,-7.219,4,H,125(E1),G,-7.332,2
0,0,,H,125(E1),H,0,
0.4612,0.19,7,H,125(E1),I,0.1202,3
-1.648,-1.65,7,H,125(E1),K,-1.747,3
-1.725,-1.775,5,H,125(E1),L,-2.813,2
0.6535,0.2485,10,H,125(E1),M,0.3262,7
-1.142,-0.9386,10,H,125(E1),N,-0.6966,5
-4.134,-6.12,9,H,125(E1),P,-6.278,5
-1.251,-1.076,8,H,125(E1),Q,-0.8626,4
-1.027,-0.8041,7,H,125(E1),R,-1.097,4
-1.904,-2.084,4,H,125(E1),S,-3.726,2
-0.9551,-0.726,5,H,125(E1),T,-1.241,3
-1.693,-1.724,1,H,125(E1),V,-2.038,1
-1.798,-1.898,5,H,125(E1),W,-2.237,3
-2.354,-2.941,13,H,125(E1),Y,-3.105,5
-1.798,-1.9,3,T,126(E1),-,,
-6.304,-7.43,10,T,126(E1),A,-8,3
-3.671,-5.464,4,T,126(E1),C,-5.733,4
-6.556,-7.476,7,T,126(E1),D,-8,4
-3.4,-5.005,2,T,126(E1),E,-5.379,1
-4.615,-6.629,4,T,126(E1),F,-4.558,2
-4.818,-6.795,4,T,126(E1),G,-7.221,2
-4.569,-6.586,6,T,126(E1),H,-6.541,5
-0.4232,-0.2555,10,T,126(E1),I,0.6375,2
-5.589,-7.225,7,T,126(E1),K,-8,6
-3.548,-5.262,5,T,126(E1),L,-4.713,2
-3.684,-5.486,7,T,126(E1),M,-7.078,2
-6.42,-7.453,4,T,126(E1),N,-7.902,2
-4.187,-6.185,2,T,126(E1),P,-6.476,1
-5.741,-7.281,8,T,126(E1),Q,-8,3
-6.727,-7.501,7,T,126(E1),R,-7.973,3
-1.232,-1.051,10,T,126(E1),S,-1.329,8
0,0,,T,126(E1),T,0,
-1.267,-1.096,4,T,126(E1),V,-2.327,2
-4.912,-6.863,7,T,126(E1),W,-7.352,3
-4.64,-6.65,8,T,126(E1),Y,-7.723,4
-2.966,-4.181,5,A,127(E1),-,,
0,0,,A,127(E1),A,0,
-5.002,-6.924,3,A,127(E1),C,-7.256,2
-3.245,-4.723,14,A,127(E1),D,-5.429,9
-4.556,-6.575,2,A,127(E1),E,-6.432,1
-6.133,-7.393,8,A,127(E1),F,-8,5
-0.6737,-0.4537,7,A,127(E1),G,-0.0322,6
-5.619,-7.236,5,A,127(E1),H,-7.859,2
-6.425,-7.453,5,A,127(E1),I,-8,4
-6.62,-7.485,5,A,127(E1),K,-8,1
-6.433,-7.455,3,A,127(E1),L,-8,2
-4.984,-6.912,12,A,127(E1),M,-6.705,8
-5.558,-7.213,7,A,127(E1),N,-7.7,6
-6.224,-7.414,6,A,127(E1),P,-8,4
-6.654,-7.49,6,A,127(E1),Q,-8,4
-6.727,-7.501,7,A,127(E1),R,-8,2
-0.767,-0.5378,8,A,127(E1),S,-0.07589,3
-4.405,-6.427,18,A,127(E1),T,-6.44,4
-3.312,-4.847,9,A,127(E1),V,-5.157,1
-5.879,-7.325,11,A,127(E1),W,-8,5
-3.62,-5.383,5,A,127(E1),Y,-5.449,2
-2.69,-3.623,5,S,128(E1),-,,
-0.7795,-0.5495,3,S,128(E1),A,-0.7246,1
-0.4145,-0.2492,3,S,128(E1),C,-0.669,3
0.3633,0.1559,3,S,128(E1),D,0.1201,2
0.003862,0.001934,6,S,128(E1),E,-0.7407,5
-0.362,-0.2127,5,S,128(E1),F,-0.2974,3
-0.04499,-0.02301,6,S,128(E1),G,0.3432,5
0.6915,0.2589,4,S,128(E1),H,-0.0161,2
1.192,0.3661,8,S,128(E1),I,-0.6651,4
0.7781,0.2813,3,S,128(E1),K,0.442,2
1.431,0.4018,8,S,128(E1),L,0.7597,5
1.277,0.3798,9,S,128(E1),M,0.873,6
0.4934,0.2005,3,S,128(E1),N,,
-6.049,-7.372,11,S,128(E1),P,-8,4
0.2609,0.117,5,S,128(E1),Q,-0.06767,3
0.6568,0.2495,9,S,128(E1),R,-0.05984,7
0,0,,S,128(E1),S,0,
0.01761,0.008769,17,S,128(E1),T,0.6699,5
-0.6962,-0.4734,10,S,128(E1),V,0.1937,6
0.9082,0.3116,4,S,128(E1),Y,0.5311,1
-0.4367,-0.2652,2,A,129(E1),-,,
0,0,,A,129(E1),A,0,
-1.46,-1.363,1,A,129(E1),C,,
-2.803,-3.853,9,A,129(E1),D,-3.983,2
-1.197,-1.007,3,A,129(E1),E,-0.4891,2
-0.7001,-0.4769,6,A,129(E1),F,-0.2687,5
3.673,0.5224,7,A,129(E1),G,-0.2824,3
-0.8343,-0.6022,8,A,129(E1),H,-1.126,7
-1.126,-0.9196,3,A,129(E1),I,-0.6636,2
-0.6758,-0.4555,5,A,129(E1),K,-0.8991,4
-2.743,-3.73,1,A,129(E1),L,,
-0.208,-0.1143,8,A,129(E1),M,-0.6562,6
-0.6275,-0.4142,3,A,129(E1),N,-0.7783,3
-5.281,-7.086,7,A,129(E1),P,-7.674,4
-1.531,-1.469,6,A,129(E1),Q,-1.565,4
-1.433,-1.323,2,A,129(E1),R,-2.076,1
-0.2582,-0.145,9,A,129(E1),S,-0.06955,2
-0.8041,-0.573,16,A,129(E1),T,-0.5091,6
-0.2983,-0.1705,30,A,129(E1),V,-0.5201,5
-4.252,-6.261,4,A,129(E1),W,-6.59,2
-0.4846,-0.3005,2,A,129(E1),Y,0.248,1
0.2822,0.1254,2,S,130(E1),-,,
0.2478,0.1117,6,S,130(E1),A,-0.9969,4
-1.617,-1.601,4,S,130(E1),C,-0.9925,1
-0.8449,-0.6127,4,S,130(E1),D,-0.9995,4
0.5969,0.2324,10,S,130(E1),F,-1.278,3
1.961,0.4569,5,S,130(E1),G,-0.8528,3
-0.1856,-0.101,3,S,130(E1),I,-1.669,1
0.03101,0.01535,4,S,130(E1),K,0.01155,2
-2.3,-2.832,8,S,130(E1),L,-2.715,6
-1.227,-1.044,13,S,130(E1),M,-1.183,10
-1.457,-1.358,3,S,130(E1),N,-2.381,2
-4.712,-6.711,10,S,130(E1),P,-7.103,5
-0.3715,-0.2193,6,S,130(E1),Q,-0.6223,3
-0.6023,-0.3932,5,S,130(E1),R,-0.3687,4
0,0,,S,130(E1),S,0,
-0.6324,-0.4183,13,S,130(E1),T,-0.7687,6
-0.9332,-0.7027,4,S,130(E1),V,-0.915,2
-1.856,-2,4,S,130(E1),W,-1.283,2
-0.6921,-0.4698,13,S,130(E1),Y,-0.3841,6
-3.902,-5.813,3,A,131(E1),-,,
0,0,,A,131(E1),A,0,
-0.445,-0.2712,5,A,131(E1),C,-0.7476,4
-6.379,-7.445,8,A,131(E1),D,-8,3
-5.038,-6.947,7,A,131(E1),E,-7.43,5
-1.531,-1.468,3,A,131(E1),F,-1.698,3
-1.161,-0.9618,4,A,131(E1),G,-1.211,3
-4.439,-6.462,8,A,131(E1),H,-6.262,3
-6.181,-7.404,2,A,131(E1),I,-8,1
-6.255,-7.42,4,A,131(E1),K,-8,4
-2.045,-2.342,8,A,131(E1),L,-3.022,6
0.984,0.3276,6,A,131(E1),M,-0.4891,3
-6.533,-7.472,5,A,131(E1),N,-8,3
-5.231,-7.06,10,A,131(E1),P,-7.512,7
-3.382,-4.974,8,A,131(E1),Q,-5.562,3
-6.478,-7.463,4,A,131(E1),R,-8,4
1.142,0.3575,5,A,131(E1),S,,
-1.443,-1.339,32,A,131(E1),T,-2.273,5
-3.735,-5.566,6,A,131(E1),V,,
-4.682,-6.686,2,A,131(E1),W,-8,1
-5.966,-7.35,5,A,131(E1),Y,-7.796,2
-0.6219,-0.4094,2,K,132(E1),-,,
-0.4841,-0.3001,5,K,132(E1),A,-0.3395,3
-0.005478,-0.002754,5,K,132(E1),C,-0.998,2
-0.8929,-0.6609,10,K,132(E1),D,-1.752,5
-1.154,-0.953,2,K,132(E1),E,-1.23,2
-0.8291,-0.5971,7,K,132(E1),F,-0.7786,4
-0.6624,-0.4439,9,K,132(E1),G,-0.5016,6
-0.3046,-0.1746,4,K,132(E1),H,-0.3061,3
-0.1148,-0.06056,10,K,132(E1),I,-1.921,5
0,0,,K,132(E1),K,0,
-0.4607,-0.2827,8,K,132(E1),L,-0.4464,4
-0.4583,-0.2809,5,K,132(E1),M,-1.998,1
-0.5401,-0.3432,11,K,132(E1),N,-0.2799,5
-6.765,-7.506,12,K,132(E1),P,-8,8
1.834,0.4461,6,K,132(E1),Q,-0.647,2
-0.717,-0.492,7,K,132(E1),R,-1.201,3
-0.2683,-0.1513,7,K,132(E1),S,-0.6919,5
-0.6068,-0.3969,7,K,132(E1),T,-0.3819,3
0.3101,0.1362,12,K,132(E1),V,-0.25,6
0.07933,0.03845,8,K,132(E1),W,-0.2165,6
-0.4748,-0.2932,9,K,132(E1),Y,-0.3688,4
0.03148,0.01558,2,L,133(E1),-,,
-0.4584,-0.281,6,L,133(E1),A,-0.7794,3
-2.267,-2.768,5,L,133(E1),C,-2.856,4
-6.708,-7.498,4,L,133(E1),D,-8,2
-5.574,-7.219,7,L,133(E1),E,-7.677,6
-1.041,-0.8203,8,L,133(E1),F,-1.958,5
-5.289,-7.09,5,L,133(E1),G,-6.536,2
-6.7,-7.497,4,L,133(E1),H,-8,2
-0.1033,-0.05419,6,L,133(E1),I,-0.3368,3
-5.201,-7.044,6,L,133(E1),K,-7.109,3
0,0,,L,133(E1),L,0,
0.391,0.1659,5,L,133(E1),M,-0.1033,1
-7.748,-7.588,5,L,133(E1),N,-8,3
-5.37,-7.13,19,L,133(E1),P,-8,5
-7.024,-7.535,7,L,133(E1),Q,-8,4
-7.098,-7.543,6,L,133(E1),R,-8,3
-3.947,-5.875,2,L,133(E1),S,-6.731,1
-2.547,-3.33,11,L,133(E1),T,-3.399,6
0.7012,0.2615,6,L,133(E1),V,0.3426,4
-1.287,-1.122,9,L,133(E1),W,-0.9602,5
-1.595,-1.567,2,L,133(E1),Y,-1.786,1
-4.177,-6.173,1,R,134(E1),*,,
-2.366,-2.963,4,R,134(E1),A,-3.119,3
-5.091,-6.98,5,R,134(E1),C,-7.573,3
-5.706,-7.268,7,R,134(E1),D,-8,5
-5.661,-7.252,4,R,134(E1),E,-7.666,4
-3.378,-4.968,10,R,134(E1),F,-4.869,6
-4.647,-6.656,9,R,134(E1),G,-6.132,3
-1.745,-1.809,6,R,134(E1),H,-2.034,4
-2.07,-2.388,19,R,134(E1),I,-2.816,6
-1.153,-0.9517,13,R,134(E1),K,0.2315,5
-1.6,-1.574,10,R,134(E1),L,-1.715,5
-1.897,-2.071,6,R,134(E1),M,-1.073,2
-2.977,-4.202,5,R,134(E1),N,-4.1,2
-4.78,-6.765,9,R,134(E1),P,-8,3
-1.016,-0.7922,10,R,134(E1),Q,-0.7109,4
0,0,,R,134(E1),R,0,
-1.538,-1.479,8,R,134(E1),S,-3.081,3
-1.547,-1.492,8,R,134(E1),T,-2.003,5
-1.945,-2.158,8,R,134(E1),V,-2.217,5
-2.409,-3.05,3,R,134(E1),W,-3.347,2
-3.068,-4.382,3,R,134(E1),Y,-4.01,1
-0.4587,-0.2812,12,V,135(E1),A,0.06959,6
-2.93,-4.11,6,V,135(E1),C,-2.627,2
-7.383,-7.566,8,V,135(E1),D,-8,6
-7.032,-7.536,11,V,135(E1),E,-8,8
-1.182,-0.9875,6,V,135(E1),F,-1.374,3
-4.994,-6.918,6,V,135(E1),G,-7.314,4
-4.91,-6.861,12,V,135(E1),H,-6.15,4
0.07244,0.03522,6,V,135(E1),I,-0.9982,3
-5.337,-7.114,5,V,135(E1),K,-8,3
0.605,0.2347,6,V,135(E1),L,0.2342,1
-1.176,-0.9805,18,V,135(E1),M,-2.048,4
-8.173,-7.605,14,V,135(E1),N,-8,8
-5.461,-7.172,8,V,135(E1),P,-8,6
-6.135,-7.393,6,V,135(E1),Q,-7.783,3
-6.855,-7.517,5,V,135(E1),R,-6.958,2
-5.878,-7.324,9,V,135(E1),S,-8,3
-1.072,-0.856,23,V,135(E1),T,-1.106,13
0,0,,V,135(E1),V,0,
-2.291,-2.815,3,V,135(E1),W,-2.349,2
-2.579,-3.396,18,V,135(E1),Y,-4.144,6
-0.7995,-0.5685,5,L,136(E1),A,-1.251,2
-0.5199,-0.3274,7,L,136(E1),C,0.8669,3
-2.682,-3.606,4,L,136(E1),D,-1.915,1
-1.316,-1.161,9,L,136(E1),E,-0.53,5
-1.391,-1.263,5,L,136(E1),F,-1.462,1
-0.1241,-0.06574,4,L,136(E1),G,-0.3149,3
-2.069,-2.385,5,L,136(E1),H,-1.664,2
-2.093,-2.43,3,L,136(E1),I,,
0.2878,0.1275,12,L,136(E1),K,0.007069,5
0,0,,L,136(E1),L,0,
-0.3924,-0.2337,13,L,136(E1),M,-0.7301,7
2.854,0.504,6,L,136(E1),N,-0.9122,3
-7.146,-7.547,10,L,136(E1),P,-8,3
1.318,0.3859,10,L,136(E1),Q,0.1023,5
0.1482,0.06971,8,L,136(E1),R,0.1481,2
0.09187,0.04429,4,L,136(E1),S,0.1493,2
1.855,0.448,5,L,136(E1),T,-1.771,2
-0.8149,-0.5833,7,L,136(E1),V,-0.9307,1
-1.765,-1.843,3,L,136(E1),W,-2.178,1
-0.2802,-0.1589,6,L,136(E1),Y,0.7485,3
-6.901,-7.522,10,Y,137(E1),*,-7.824,2
-0.6391,-0.424,8,Y,137(E1),A,-0.659,6
-1.24,-1.061,6,Y,137(E1),C,-1.071,2
-5.231,-7.06,7,Y,137(E1),D,-7.789,5
-4.927,-6.874,2,Y,137(E1),E,,
-0.0869,-0.04528,10,Y,137(E1),F,-0.3285,5
-5.032,-6.943,5,Y,137(E1),G,-8,1
-1.437,-1.33,10,Y,137(E1),H,-1.417,5
0.3558,0.1532,8,Y,137(E1),I,0.1607,4
-2.388,-3.008,5,Y,137(E1),K,-3.268,4
1.106,0.3511,6,Y,137(E1),L,0.9107,2
-0.7116,-0.4872,3,Y,137(E1),M,-0.8077,3
-3.411,-5.025,3,Y,137(E1),N,-4.708,1
-5.164,-7.023,10,Y,137(E1),P,-7.043,5
-1.598,-1.572,7,Y,137(E1),Q,-1.772,4
-2.879,-4.005,6,Y,137(E1),R,-2.605,3
-1.16,-0.9599,2,Y,137(E1),S,-1.234,2
-0.7137,-0.4891,2,Y,137(E1),T,-0.7118,2
-0.5588,-0.3579,10,Y,137(E1),V,-0.1998,7
-0.08697,-0.04531,6,Y,137(E1),W,-0.00485,2
0,0,,Y,137(E1),Y,0,
-4.095,-6.072,6,Q,138(E1),*,,
0.3523,0.1519,8,Q,138(E1),A,-0.008177,3
1.823,0.4451,6,Q,138(E1),C,-1.044,3
0.5258,0.2108,7,Q,138(E1),D,0.6389,3
-1.167,-0.9697,5,Q,138(E1),E,-0.3677,1
0.8609,0.301,8,Q,138(E1),F,0.0909,8
0.7893,0.284,6,Q,138(E1),G,-0.4537,3
0.6509,0.2478,16,Q,138(E1),H,-0.04765,6
-1.569,-1.526,4,Q,138(E1),I,-1.047,2
0.5788,0.227,14,Q,138(E1),K,-0.8555,4
0.1971,0.09083,7,Q,138(E1),L,0.3171,3
1.102,0.3503,5,Q,138(E1),M,0.1446,3
-0.1927,-0.1051,5,Q,138(E1),N,-0.3466,3
-0.5974,-0.3892,13,Q,138(E1),P,-0.9807,7
0,0,,Q,138(E1),Q,0,
0.8215,0.2918,21,Q,138(E1),R,0.7097,5
-1.386,-1.257,6,Q,138(E1),S,-0.8112,3
-1.059,-0.8407,11,Q,138(E1),T,-0.4357,8
0.8635,0.3016,5,Q,138(E1),V,0.6825,1
-1.187,-0.9942,8,Q,138(E1),W,-0.8537,2
0.5212,0.2094,9,Q,138(E1),Y,-0.6627,4
-0.827,-0.595,7,G,139(E1),A,0.3663,4
-1.822,-1.94,5,G,139(E1),C,-2.19,1
-1.39,-1.263,48,G,139(E1),D,-1.015,10
-2.72,-3.683,4,G,139(E1),E,-4.027,1
-2.151,-2.543,6,G,139(E1),F,-2.463,3
0,0,,G,139(E1),G,0,
1.181,0.3642,8,G,139(E1),H,-0.4628,3
-3.724,-5.548,5,G,139(E1),I,-5.671,3
-0.5422,-0.3448,6,G,139(E1),K,-0.8062,4
-1.806,-1.913,5,G,139(E1),L,-1.44,2
-1.5,-1.421,6,G,139(E1),M,-1.447,4
-1.744,-1.808,7,G,139(E1),N,-0.837,2
-6.105,-7.386,5,G,139(E1),P,-8,5
-2.064,-2.377,4,G,139(E1),Q,-2.485,2
-1.86,-2.007,10,G,139(E1),R,-0.6418,5
-0.5352,-0.3393,16,G,139(E1),S,-0.1002,5
-0.01983,-0.01004,8,G,139(E1),T,0.0222,4
-3.082,-4.411,7,G,139(E1),V,-4.73,2
-2.302,-2.837,7,G,139(E1),W,-1.977,3
-1.259,-1.085,14,G,139(E1),Y,-1.082,8
-0.2897,-0.165,4,N,140(E1),A,-0.3711,2
0.8707,0.3032,6,N,140(E1),C,-0.1692,1
-1.297,-1.135,6,N,140(E1),D,-1.703,4
-0.4129,-0.2481,7,N,140(E1),E,-0.5677,4
0.4746,0.1944,10,N,140(E1),F,-0.007485,7
-0.3881,-0.2307,7,N,140(E1),G,-0.2807,5
-0.6218,-0.4094,10,N,140(E1),H,-0.4861,7
0.1459,0.06873,12,N,140(E1),I,-0.5773,2
1.42,0.4003,5,N,140(E1),K,-0.214,1
0.9458,0.3197,7,N,140(E1),L,-0.1845,2
-0.2961,-0.1691,9,N,140(E1),M,-0.4518,5
0,0,,N,140(E1),N,0,
-10.14,-7.633,9,N,140(E1),P,-6.886,7
0.07565,0.03673,5,N,140(E1),Q,0.5673,4
0.7191,0.2662,5,N,140(E1),R,-0.1002,3
-0.3822,-0.2266,6,N,140(E1),S,0.4019,3
-0.7552,-0.5269,5,N,140(E1),T,0.03395,2
0.5515,0.2187,3,N,140(E1),V,-0.1768,1
-0.658,-0.4401,9,N,140(E1),W,-0.1855,7
0.5475,0.2175,4,N,140(E1),Y,-1.088,3
-1.891,-2.061,7,N,141(E1),A,-1.94,3
-5.815,-7.305,5,N,141(E1),C,-7.367,3
-1.7,-1.735,7,N,141(E1),D,-1.831,3
-2.721,-3.686,3,N,141(E1),E,-3.878,1
-2.475,-3.184,10,N,141(E1),F,-3.413,6
-5.617,-7.235,11,N,141(E1),G,-7.592,6
-1.533,-1.472,8,N,141(E1),H,-1.645,5
-2.812,-3.87,11,N,141(E1),I,-3.511,7
-2.25,-2.735,5,N,141(E1),K,-3.006,2
-2.962,-4.174,11,N,141(E1),L,-4.684,5
-3.599,-5.348,7,N,141(E1),M,-5.652,5
0,0,,N,141(E1),N,0,
-4.996,-6.92,9,N,141(E1),P,-6.602,7
-1.589,-1.557,12,N,141(E1),Q,-1.449,3
-2.052,-2.353,5,N,141(E1),R,-3.005,2
-1.045,-0.8247,4,N,141(E1),S,-1.343,3
-2.136,-2.513,9,N,141(E1),T,-2.237,3
-2.011,-2.278,8,N,141(E1),V,-2.435,5
-3.211,-4.659,8,N,141(E1),W,-4.883,3
-1.332,-1.183,7,N,141(E1),Y,-1.118,5
-0.4151,-0.2497,11,V,142(E1),A,-0.2235,8
-0.539,-0.3423,9,V,142(E1),C,-0.5355,7
-1.13,-0.9244,3,V,142(E1),D,-1.155,2
-0.03784,-0.0193,7,V,142(E1),E,-0.9406,4
-1.147,-0.9445,8,V,142(E1),F,-1.559,5
-0.9283,-0.6975,6,V,142(E1),G,-1.419,1
-1.28,-1.113,9,V,142(E1),H,-1.507,5
-1.471,-1.379,4,V,142(E1),I,-1.215,2
1.852,0.4478,7,V,142(E1),K,0.3976,5
0.3087,0.1356,12,V,142(E1),L,-0.6795,4
-0.2848,-0.1618,9,V,142(E1),M,0.5074,4
-1.976,-2.214,5,V,142(E1),N,-2.57,2
-4.698,-6.699,2,V,142(E1),P,-7.357,1
-0.0253,-0.01283,4,V,142(E1),Q,-0.2368,2
-0.1776,-0.0963,6,V,142(E1),R,-0.3114,4
-1.037,-0.8158,3,V,142(E1),S,,
-1.597,-1.57,4,V,142(E1),T,-1.925,2
0,0,,V,142(E1),V,0,
-2.021,-2.297,4,V,142(E1),W,-5.431,2
-0.9423,-0.7123,9,V,142(E1),Y,-0.9005,5
-3.68,-5.478,16,T,143(E1),A,-5.498,6
-4.62,-6.633,6,T,143(E1),C,-6.749,3
-6.38,-7.445,7,T,143(E1),D,-8,2
-0.9548,-0.7256,7,T,143(E1),E,-0.9836,6
-1.65,-1.653,9,T,143(E1),F,-2.05,6
-6.714,-7.499,11,T,143(E1),G,-8,7
-2.205,-2.646,6,T,143(E1),H,-2.955,4
-1.413,-1.294,20,T,143(E1),I,-1.593,6
-3.712,-5.53,8,T,143(E1),K,-5.709,3
-1.987,-2.233,6,T,143(E1),L,-2.336,5
-0.8587,-0.6264,5,T,143(E1),M,-0.7479,4
1.214,0.3698,2,T,143(E1),N,-1.761,1
-5.541,-7.206,8,T,143(E1),P,-8,3
-2.72,-3.683,3,T,143(E1),Q,-4.124,1
-6.95,-7.528,8,T,143(E1),R,-8,2
0.4926,0.2002,7,T,143(E1),S,0.241,4
0,0,,T,143(E1),T,0,
-1.418,-1.302,8,T,143(E1),V,-2.317,4
-2.769,-3.784,9,T,143(E1),W,-3.852,5
-1.375,-1.241,9,T,143(E1),Y,-1.166,5
-0.9642,-0.7356,7,V,144(E1),A,-0.7215,4
-1.144,-0.9406,7,V,144(E1),C,-0.3455,4
-6.957,-7.528,6,V,144(E1),D,-8,3
-2.987,-4.222,2,V,144(E1),E,,
0.1867,0.08641,2,V,144(E1),F,-1.903,1
-3.504,-5.189,4,V,144(E1),G,-4.982,3
-3.678,-5.476,8,V,144(E1),H,-5.468,5
-1.085,-0.8706,1,V,144(E1),I,,
-3.161,-4.564,7,V,144(E1),K,-4.623,4
2.684,0.4979,12,V,144(E1),L,0.1462,5
-1.239,-1.06,15,V,144(E1),M,-0.7793,6
-6.066,-7.376,5,V,144(E1),N,-8,1
-6.95,-7.528,4,V,144(E1),P,-8,3
-2.097,-2.439,2,V,144(E1),Q,-2.792,1
-3.366,-4.944,11,V,144(E1),R,-5.091,7
-3.377,-4.965,5,V,144(E1),S,-4.376,3
-1.807,-1.914,3,V,144(E1),T,-2.751,1
0,0,,V,144(E1),V,0,
-0.3343,-0.1941,12,V,144(E1),W,0.03573,5
-1.164,-0.9657,5,V,144(E1),Y,-1.33,2
-0.6138,-0.4027,1,S,145(E1),-,,
1.211,0.3693,1,S,145(E1),A,,
-0.5835,-0.3778,9,S,145(E1),C,-0.5082,5
1.075,0.3453,4,S,145(E1),D,0.08939,3
-0.7991,-0.5682,8,S,145(E1),E,-4.302,2
-1.211,-1.023,13,S,145(E1),F,-2.691,4
1.64,0.4269,5,S,145(E1),G,0.1177,4
-0.2467,-0.1378,5,S,145(E1),H,0.411,2
-1.55,-1.497,3,S,145(E1),I,-1.839,3
-1.137,-0.9323,5,S,145(E1),K,-0.2747,2
-0.8238,-0.592,3,S,145(E1),L,-2.54,2
0.02279,0.01132,5,S,145(E1),M,-1.315,3
-0.2382,-0.1326,7,S,145(E1),N,-0.2587,4
-1.053,-0.8339,8,S,145(E1),P,-0.7057,1
-0.8119,-0.5804,5,S,145(E1),Q,-0.8057,2
-0.6393,-0.4242,7,S,145(E1),R,-0.8427,4
0,0,,S,145(E1),S,0,
-0.5442,-0.3464,9,S,145(E1),T,0.08599,3
0.4442,0.1843,4,S,145(E1),V,-0.2616,3
-1.085,-0.8714,7,S,145(E1),W,-0.8601,3
-0.5024,-0.314,8,S,145(E1),Y,-1.367,3
-1.312,-1.156,2,A,146(E1),-,,
0,0,,A,146(E1),A,0,
0.08667,0.04188,1,A,146(E1),C,-0.2181,1
-3.321,-4.863,4,A,146(E1),D,-4.087,2
-5.943,-7.343,1,A,146(E1),E,-8,1
-1.329,-1.179,5,A,146(E1),F,-0.7405,2
1.034,0.3376,6,A,146(E1),G,0.01865,4
-4.234,-6.241,8,A,146(E1),H,-5.444,3
-1.348,-1.204,6,A,146(E1),I,-1.013,3
-6.144,-7.395,8,A,146(E1),K,-8,3
-1.664,-1.675,2,A,146(E1),L,,
-0.439,-0.2668,5,A,146(E1),M,-0.6103,2
-0.5828,-0.3773,7,A,146(E1),N,-1.069,5
-1.611,-1.592,6,A,146(E1),P,-2.011,2
-1.638,-1.635,1,A,146(E1),Q,,
-12.05,-7.637,10,A,146(E1),R,-7.943,7
0.1751,0.08143,6,A,146(E1),S,-1.824,2
-2.11,-2.464,43,A,146(E1),T,-1.972,8
-0.1118,-0.05886,10,A,146(E1),V,-0.00852,4
-6.959,-7.529,4,A,146(E1),W,-8,3
-2.391,-3.014,5,A,146(E1),Y,-2.424,2
-5.164,-7.023,10,Y,147(E1),*,-8,1
-2.494,-3.222,10,Y,147(E1),A,-3.176,5
-3.844,-5.73,12,Y,147(E1),C,-5.862,4
-3.007,-4.262,9,Y,147(E1),D,-4.655,8
-2.963,-4.175,6,Y,147(E1),E,-4.623,4
-0.2521,-0.1412,5,Y,147(E1),F,0.6019,3
-2.959,-4.166,2,Y,147(E1),G,-4.082,1
-0.2981,-0.1704,11,Y,147(E1),H,-0.5845,5
-3.355,-4.925,3,Y,147(E1),I,-5.165,1
-5.095,-6.982,5,Y,147(E1),K,-8,3
-4.306,-6.322,5,Y,147(E1),L,-6.66,3
-2.257,-2.748,4,Y,147(E1),M,-3.146,1
-2.543,-3.323,7,Y,147(E1),N,-3.614,6
-3.507,-5.193,5,Y,147(E1),P,-5.606,4
-2.327,-2.885,7,Y,147(E1),Q,-3.147,7
-1.854,-1.996,5,Y,147(E1),R,-2.197,4
-2.164,-2.567,7,Y,147(E1),S,-2.654,4
-3.089,-4.424,5,Y,147(E1),T,-4.564,3
-2.816,-3.878,3,Y,147(E1),V,-4.108,2
-0.3214,-0.1855,5,Y,147(E1),W,-0.3986,3
0,0,,Y,147(E1),Y,0,
0.4413,0.1833,1,A,148(E1),-,,
0,0,,A,148(E1),A,0,
-0.2296,-0.1273,5,A,148(E1),C,-0.1519,1
-2.583,-3.403,18,A,148(E1),D,-3.486,6
-3.327,-4.874,4,A,148(E1),E,-4.279,2
-2.587,-3.412,11,A,148(E1),F,-3.804,7
-1.159,-0.9594,8,A,148(E1),G,0.06827,3
-3.994,-5.94,11,A,148(E1),H,-6.628,4
-1.27,-1.1,5,A,148(E1),I,-1.432,3
-5.366,-7.128,10,A,148(E1),K,-7.56,8
-1.363,-1.224,10,A,148(E1),L,-0.9352,3
-0.408,-0.2447,4,A,148(E1),M,-0.1643,2
-2.542,-3.319,4,A,148(E1),N,-3.64,1
0.2041,0.09377,7,A,148(E1),P,-0.2535,4
-2.356,-2.944,7,A,148(E1),Q,-3.29,6
-6.501,-7.467,6,A,148(E1),R,-5.821,3
-1.792,-1.888,11,A,148(E1),S,-2.27,4
-1.142,-0.9383,25,A,148(E1),T,-0.3151,5
-1.082,-0.8679,9,A,148(E1),V,-4.227,2
-5.875,-7.324,6,A,148(E1),W,-8,4
-6.397,-7.448,3,A,148(E1),Y,-8,2
0.6914,0.2589,1,N,149(E1),-,,
-2.13,-2.502,5,N,149(E1),A,-3.177,2
2.197,0.4736,1,N,149(E1),C,0.5927,1
-1.906,-2.088,6,N,149(E1),D,-2.517,4
-1.383,-1.253,5,N,149(E1),E,-0.1815,2
-1.638,-1.634,8,N,149(E1),F,-1.531,5
0.1371,0.06481,2,N,149(E1),G,-0.2134,2
-3.429,-5.057,3,N,149(E1),H,-5.144,1
-1.884,-2.048,6,N,149(E1),I,-2.378,2
-1.411,-1.293,6,N,149(E1),K,-0.5274,2
-0.9427,-0.7127,6,N,149(E1),L,-1.807,2
-0.1192,-0.06301,3,N,149(E1),M,-0.5222,2
0,0,,N,149(E1),N,0,
-2.465,-3.163,5,N,149(E1),P,-3.179,1
-0.06887,-0.0356,6,N,149(E1),Q,-0.00105,2
-1.452,-1.351,13,N,149(E1),R,-1.692,7
-1.322,-1.168,2,N,149(E1),S,-1.419,2
-1.346,-1.202,7,N,149(E1),T,-1.379,3
-1.42,-1.305,8,N,149(E1),V,-1.793,4
-0.07273,-0.03766,6,N,149(E1),W,0.07564,5
-2.099,-2.442,3,N,149(E1),Y,-2.68,1
-4.597,-6.612,2,G,150(E1),-,,
-0.7677,-0.5385,6,G,150(E1),A,,
-6.445,-7.457,8,G,150(E1),C,-7.635,1
-2.118,-2.478,15,G,150(E1),D,-2.526,5
-3.064,-4.374,5,G,150(E1),E,-4.153,4
-1.297,-1.136,5,G,150(E1),F,-1.95,2
0,0,,G,150(E1),G,0,
-2.266,-2.764,7,G,150(E1),H,-2.086,1
-2.908,-4.064,10,G,150(E1),I,-4.063,7
-5.985,-7.355,10,G,150(E1),K,-8,5
-3.258,-4.747,5,G,150(E1),L,-6.244,2
-3.388,-4.984,4,G,150(E1),M,-5.592,1
-3.237,-4.707,2,G,150(E1),N,,
-4.03,-5.987,12,G,150(E1),P,-6.097,8
-2.107,-2.457,9,G,150(E1),Q,-2.663,7
-6.73,-7.501,4,G,150(E1),R,-8,4
-1.996,-2.25,14,G,150(E1),S,-2.3,8
-3.538,-5.246,6,G,150(E1),T,-5.247,5
-3.129,-4.502,9,G,150(E1),V,-6.267,2
-2.866,-3.98,6,G,150(E1),W,-3.946,2
-2.774,-3.794,14,G,150(E1),Y,-3.558,5
0.1958,0.09025,6,D,151(E1),A,-0.7445,3
-2.65,-3.54,5,D,151(E1),C,-4.422,2
0,0,,D,151(E1),D,0,
-1.526,-1.461,9,D,151(E1),E,-2.154,2
2.909,0.5057,3,D,151(E1),F,0.7279,3
-0.5633,-0.3615,10,D,151(E1),G,-0.5891,5
2.004,0.4602,9,D,151(E1),H,0.5173,6
2.451,0.4877,9,D,151(E1),I,0.3223,6
-5.437,-7.161,11,D,151(E1),K,-7.841,7
0.1074,0.05143,9,D,151(E1),L,-0.2327,4
-0.2318,-0.1287,8,D,151(E1),M,-0.1079,5
0.09884,0.04751,18,D,151(E1),N,0.3278,5
-2.883,-4.015,7,D,151(E1),P,-4.042,5
-0.4385,-0.2665,5,D,151(E1),Q,-0.5258,4
-5.179,-7.031,4,D,151(E1),R,-6.893,2
-4.271,-6.282,4,D,151(E1),S,-7.425,2
-6.388,-7.447,7,D,151(E1),T,-8,5
1.251,0.3758,6,D,151(E1),V,1.09,3
2.625,0.4955,7,D,151(E1),W,-0.06708,3
3.79,0.524,17,D,151(E1),Y,1.436,8
-1.425,-1.313,4,H,152(E1),A,-1.439,2
-1.613,-1.595,5,H,152(E1),C,-1.846,2
-0.9947,-0.7687,6,H,152(E1),D,-0.9822,2
-0.9868,-0.7601,4,H,152(E1),E,-1.034,1
-0.3826,-0.2269,5,H,152(E1),F,1.152,2
-0.6807,-0.4598,8,H,152(E1),G,-0.9026,7
0,0,,H,152(E1),H,0,
-1.372,-1.237,11,H,152(E1),I,-1.555,5
-2.106,-2.455,4,H,152(E1),K,-2.639,2
-1.519,-1.45,8,H,152(E1),L,-3.075,4
-1.189,-0.9958,4,H,152(E1),M,-1.547,3
-1.136,-0.9314,9,H,152(E1),N,-1.676,5
-3.534,-5.239,5,H,152(E1),P,-5.452,4
-1.09,-0.8769,6,H,152(E1),Q,-1.065,1
-1.445,-1.341,7,H,152(E1),R,-1.909,6
-1.731,-1.786,10,H,152(E1),S,-1.98,5
-1.638,-1.634,3,H,152(E1),T,,
-1.687,-1.714,4,H,152(E1),V,-2.274,1
0.8424,0.2967,7,H,152(E1),W,-0.2665,4
-0.5306,-0.3357,7,H,152(E1),Y,-0.3226,4
0,0,,A,153(E1),A,0,
-2.059,-2.367,3,A,153(E1),C,-2.903,1
-1.376,-1.244,7,A,153(E1),D,-0.6982,1
-1.191,-0.9985,40,A,153(E1),E,-1.434,1
-0.3914,-0.233,5,A,153(E1),F,0.3429,2
-0.932,-0.7015,2,A,153(E1),G,-1.347,1
2.215,0.4747,13,A,153(E1),H,1.171,9
2.161,0.4713,6,A,153(E1),I,1.024,2
4.481,0.5304,5,A,153(E1),K,0.0435,2
3.356,0.517,3,A,153(E1),L,0.6363,3
0.3395,0.1472,9,A,153(E1),M,0.8548,4
-2.579,-3.396,7,A,153(E1),N,-3.555,4
-1.213,-1.026,12,A,153(E1),P,-1.978,4
3.528,0.5201,5,A,153(E1),Q,0.8735,5
1.096,0.3493,7,A,153(E1),R,0.7176,4
1.757,0.439,7,A,153(E1),S,-0.4496,5
1.162,0.361,15,A,153(E1),T,-0.1468,7
2.608,0.4948,57,A,153(E1),V,0.9018,10
1.249,0.3753,6,A,153(E1),W,0.5336,5
1.608,0.4234,3,A,153(E1),Y,0.7845,2
-2.308,-2.848,1,V,154(E1),-,,
-1.544,-1.488,2,V,154(E1),A,,
-1.224,-1.04,6,V,154(E1),C,-1.508,4
-1.388,-1.259,6,V,154(E1),E,-1.562,4
-0.8567,-0.6243,8,V,154(E1),F,-1.266,3
-0.7572,-0.5287,38,V,154(E1),G,-1.065,1
0.8706,0.3032,1,V,154(E1),H,,
-1.062,-0.8442,4,V,154(E1),I,-1.013,4
-0.2539,-0.1423,7,V,154(E1),K,-0.13,4
-2.044,-2.339,10,V,154(E1),L,-1.649,2
-1.282,-1.116,11,V,154(E1),M,-1.199,5
-1.645,-1.646,3,V,154(E1),N,-1.308,2
-3.822,-5.697,6,V,154(E1),P,-6.13,4
0.7712,0.2795,8,V,154(E1),Q,-1.269,4
-0.7934,-0.5627,5,V,154(E1),R,0.08498,1
-1.334,-1.185,3,V,154(E1),S,-1.425,1
-0.8081,-0.5768,9,V,154(E1),T,-0.2463,3
0,0,,V,154(E1),V,0,
-1.028,-0.8058,8,V,154(E1),W,-1.12,6
-1.532,-1.47,1,V,154(E1),Y,,
-0.9891,-0.7626,1,T,155(E1),-,,
-0.3237,-0.1871,11,T,155(E1),A,0.2902,3
0.9592,0.3225,3,T,155(E1),C,,
-2.32,-2.872,5,T,155(E1),D,-3.708,1
-1.14,-0.9367,3,T,155(E1),E,,
-1.143,-0.9401,7,T,155(E1),F,-4.612,2
-1.021,-0.7981,6,T,155(E1),G,-0.7569,4
1.139,0.3571,6,T,155(E1),H,-0.0211,6
0.2109,0.09659,13,T,155(E1),I,-1.024,3
1.486,0.409,3,T,155(E1),K,0.7375,2
-2.236,-2.707,1,T,155(E1),L,-3.008,1
-0.1056,-0.05548,3,T,155(E1),M,0.7577,1
0.6637,0.2514,6,T,155(E1),N,-0.8826,3
-0.724,-0.4984,6,T,155(E1),P,-1.487,1
-0.3119,-0.1793,5,T,155(E1),Q,-0.7609,2
3.714,0.523,3,T,155(E1),R,1.678,3
-1.552,-1.5,8,T,155(E1),S,-2.081,4
0,0,,T,155(E1),T,0,
-1.143,-0.9399,4,T,155(E1),V,-1.135,2
1.113,0.3524,2,T,155(E1),W,,
0.02673,0.01325,5,T,155(E1),Y,,
-0.3261,-0.1887,9,V,156(E1),A,-0.1388,5
-0.195,-0.1065,4,V,156(E1),C,-0.8322,3
-0.2996,-0.1713,4,V,156(E1),D,-0.8127,2
2.267,0.4778,2,V,156(E1),E,1.689,1
-0.676,-0.4557,10,V,156(E1),F,-0.6251,5
-0.2647,-0.149,4,V,156(E1),G,-1.099,2
1.676,0.4308,7,V,156(E1),H,0.307,2
-0.1151,-0.06073,5,V,156(E1),I,-0.4802,4
-1.781,-1.87,9,V,156(E1),K,-2.789,5
-0.3578,-0.2098,9,V,156(E1),L,-0.6293,3
-0.5371,-0.3408,20,V,156(E1),M,0.8203,3
-1.456,-1.356,9,V,156(E1),N,-1.901,5
-2.594,-3.426,5,V,156(E1),P,-3.692,3
1.346,0.3901,4,V,156(E1),Q,0.0892,2
1.819,0.4448,1,V,156(E1),R,,
2.887,0.505,2,V,156(E1),S,0.6646,2
-0.3664,-0.2157,7,V,156(E1),T,-1.223,5
0,0,,V,156(E1),V,0,
-0.8477,-0.6154,5,V,156(E1),W,-0.5383,3
-0.1546,-0.08296,7,V,156(E1),Y,-0.1822,2
0.6699,0.253,1,K,157(E1),*,,
-0.463,-0.2844,1,K,157(E1),-,,
0.815,0.2902,3,K,157(E1),A,0.05534,1
-1.698,-1.732,9,K,157(E1),C,-1.812,3
-0.9099,-0.6784,4,K,157(E1),D,-1.503,3
-0.6792,-0.4585,11,K,157(E1),E,-0.1804,2
-1.017,-0.793,10,K,157(E1),F,-1.149,5
-0.6913,-0.4691,6,K,157(E1),G,-1.267,4
0.7434,0.2725,2,K,157(E1),H,0.01225,2
0.1675,0.07816,3,K,157(E1),I,-1.175,2
0,0,,K,157(E1),K,0,
-0.2699,-0.1523,9,K,157(E1),L,0.09075,4
-0.1208,-0.06388,13,K,157(E1),M,-0.03381,7
-0.3505,-0.2049,12,K,157(E1),N,-0.9093,4
-1.806,-1.913,10,K,157(E1),P,-1.937,6
-1.211,-1.023,8,K,157(E1),Q,-1.948,3
0.1252,0.05951,13,K,157(E1),R,-1.089,2
-0.8936,-0.6616,8,K,157(E1),S,-1.327,3
-0.5834,-0.3778,11,K,157(E1),T,-0.5981,4
-1.403,-1.28,3,K,157(E1),V,,
-0.05592,-0.02874,4,K,157(E1),W,-1.696,3
-0.9444,-0.7145,6,K,157(E1),Y,-1.582,3
-1.141,-0.9378,1,D,158(E1),-,,
0.6587,0.25,8,D,158(E1),A,1.072,4
-2.907,-4.063,10,D,158(E1),C,-3.958,6
0,0,,D,158(E1),D,0,
-0.8307,-0.5987,12,D,158(E1),E,-0.2077,4
-0.04405,-0.02253,5,D,158(E1),F,-0.5745,2
3.748,0.5234,8,D,158(E1),G,-0.0774,2
1.064,0.3434,3,D,158(E1),H,1.161,2
-2.331,-2.894,9,D,158(E1),I,-2.758,7
1.472,0.4071,6,D,158(E1),K,0.8596,4
-1.788,-1.882,4,D,158(E1),L,-2.171,4
0.05009,0.02459,10,D,158(E1),M,1.231,7
1.03,0.3368,9,D,158(E1),N,0.3231,4
-2.317,-2.867,6,D,158(E1),P,-3.375,4
2.405,0.4854,6,D,158(E1),Q,1.178,3
0.352,0.1518,7,D,158(E1),R,0.2261,4
1.087,0.3476,5,D,158(E1),S,1.079,4
1.885,0.4506,8,D,158(E1),T,0.5,7
-1.78,-1.868,6,D,158(E1),V,-2.271,3
2.73,0.4996,10,D,158(E1),W,-0.1062,6
0.6025,0.234,7,D,158(E1),Y,0.3127,3
-1.628,-1.619,1,A,159(E1),-,,
0,0,,A,159(E1),A,0,
-0.3233,-0.1868,6,A,159(E1),C,-0.5078,3
-5.772,-7.291,17,A,159(E1),D,-8,7
-3.307,-4.837,5,A,159(E1),E,-5.323,2
-1.309,-1.151,4,A,159(E1),F,,
-2.007,-2.27,7,A,159(E1),G,-1.97,1
-0.7904,-0.5599,3,A,159(E1),H,-0.7023,3
1.811,0.4441,12,A,159(E1),I,0.3823,5
0.3625,0.1556,2,A,159(E1),K,,
-0.5278,-0.3335,6,A,159(E1),L,0.004166,5
-0.6368,-0.422,4,A,159(E1),M,0.0883,2
-0.4593,-0.2817,1,A,159(E1),N,,
-5.334,-7.113,8,A,159(E1),P,-8,5
-2.02,-2.294,5,A,159(E1),Q,-2.813,5
-0.8435,-0.6113,13,A,159(E1),R,-0.4258,8
-1.066,-0.8488,4,A,159(E1),S,-1.045,3
-0.2935,-0.1674,101,A,159(E1),T,-0.1148,12
0.3037,0.1337,5,A,159(E1),V,-0.0311,2
-5.716,-7.272,3,A,159(E1),W,-8,1
-1.45,-1.348,8,A,159(E1),Y,-0.7391,4
-1.582,-1.546,1,K,160(E1),-,,
-1.493,-1.411,5,K,160(E1),A,-1.651,4
-0.324,-0.1873,4,K,160(E1),C,-1.316,2
-2.484,-3.201,10,K,160(E1),D,-3.622,6
-1.598,-1.572,7,K,160(E1),E,-1.554,3
-1.383,-1.253,4,K,160(E1),F,-1.274,2
-1.689,-1.717,13,K,160(E1),G,-3.046,4
-0.8793,-0.6471,4,K,160(E1),H,-0.9158,4
-0.4927,-0.3066,8,K,160(E1),I,-0.2813,5
0,0,,K,160(E1),K,0,
0.01992,0.009905,3,K,160(E1),L,-0.4674,1
-1.1,-0.8884,7,K,160(E1),M,-1.318,2
-1.024,-0.8017,7,K,160(E1),N,-0.4123,2
-2.529,-3.294,13,K,160(E1),P,-3.595,8
-0.8754,-0.6431,9,K,160(E1),Q,-1.375,4
-0.4322,-0.2619,11,K,160(E1),R,0.3392,7
-1.862,-2.009,6,K,160(E1),S,-2.381,4
-1.57,-1.528,9,K,160(E1),T,-2.76,4
-1.324,-1.171,6,K,160(E1),V,-1.996,3
-2.359,-2.95,7,K,160(E1),W,-3.166,3
-1.127,-0.9206,5,K,160(E1),Y,-0.6816,2
-2.155,-2.55,1,F,161(E1),-,,
-1.344,-1.198,5,F,161(E1),A,-0.507,2
-0.2039,-0.1118,4,F,161(E1),C,-0.4038,3
-7.491,-7.573,5,F,161(E1),D,-8,3
-5.381,-7.135,3,F,161(E1),E,-7.525,2
0,0,,F,161(E1),F,0,
-4.946,-6.887,5,F,161(E1),G,-7.249,3
-5.66,-7.252,6,F,161(E1),H,-7.55,2
-0.8525,-0.6202,4,F,161(E1),I,-0.8453,4
-2.851,-3.949,4,F,161(E1),K,,
-1.705,-1.743,8,F,161(E1),L,-1.47,5
0.6671,0.2523,3,F,161(E1),M,0.1419,1
-5.663,-7.253,8,F,161(E1),N,-8,6
-5.948,-7.345,1,F,161(E1),P,-8,1
-5.401,-7.145,1,F,161(E1),Q,,
-8.744,-7.619,2,F,161(E1),R,-8,1
-3.979,-5.92,6,F,161(E1),S,-6.15,1
-1.601,-1.576,4,F,161(E1),T,-1.886,2
-1.044,-0.8239,5,F,161(E1),V,-1.99,2
-0.3256,-0.1883,7,F,161(E1),W,-0.3591,5
-0.9454,-0.7156,7,F,161(E1),Y,-1.604,1
-2.001,-2.259,4,I,162(E1),A,-2.322,3
0.9518,0.321,3,I,162(E1),C,,
-2.92,-4.089,8,I,162(E1),D,-4.366,4
-1.824,-1.944,8,I,162(E1),E,-2.268,6
2.57,0.4932,9,I,162(E1),F,-0.695,1
-2.26,-2.754,5,I,162(E1),G,-2.382,2
-0.1956,-0.1069,6,I,162(E1),H,-0.0627,4
0,0,,I,162(E1),I,0,
-2.96,-4.169,6,I,162(E1),K,-4.736,3
0.7194,0.2663,8,I,162(E1),L,-0.8714,4
-0.2966,-0.1694,5,I,162(E1),M,-0.1123,2
-0.2005,-0.1098,4,I,162(E1),N,-0.8123,1
-6.055,-7.374,4,I,162(E1),P,-8,1
-0.00492,-0.002474,9,I,162(E1),Q,-0.2007,5
-2.534,-3.303,4,I,162(E1),R,-2.7,2
-1.14,-0.9364,6,I,162(E1),S,-2.951,3
-0.5992,-0.3907,6,I,162(E1),T,-2.772,2
-0.9396,-0.7095,5,I,162(E1),V,0.05332,1
-0.6599,-0.4417,5,I,162(E1),W,0.07769,3
2.088,0.4663,1,I,162(E1),Y,,
-4.858,-6.824,1,V,163(E1),-,,
-0.9283,-0.6976,4,V,163(E1),A,-1.253,1
0.111,0.05305,2,V,163(E1),C,-0.229,2
-4.917,-6.867,4,V,163(E1),D,-6.716,2
-5.352,-7.121,4,V,163(E1),E,-8,3
0.3441,0.1489,8,V,163(E1),F,-0.7046,5
-6.681,-7.494,6,V,163(E1),G,-7.925,2
-7.001,-7.533,6,V,163(E1),H,-8,3
-0.4114,-0.2471,6,V,163(E1),I,-0.396,5
-5.855,-7.318,4,V,163(E1),K,-7.128,2
0.7472,0.2735,7,V,163(E1),L,,
-0.9326,-0.7021,16,V,163(E1),M,-0.6572,6
-6.054,-7.373,2,V,163(E1),N,-8,1
-1.074,-0.8577,8,V,163(E1),P,-1.405,4
-4.167,-6.161,5,V,163(E1),Q,-5.993,3
-5.714,-7.271,6,V,163(E1),R,-7.93,5
-3.855,-5.745,7,V,163(E1),S,-5.998,4
-0.7075,-0.4835,9,V,163(E1),T,-0.982,5
0,0,,V,163(E1),V,0,
-2.63,-3.5,10,V,163(E1),W,-2.639,2
-1.738,-1.797,6,V,163(E1),Y,-2.334,3
-5.89,-7.328,7,G,164(E1),A,-8,3
-5.649,-7.248,12,G,164(E1),C,-6.668,2
-9.103,-7.625,22,G,164(E1),D,-8,4
-7.042,-7.537,5,G,164(E1),E,-8,4
-4.723,-6.72,6,G,164(E1),F,-8,3
0,0,,G,164(E1),G,0,
-2.44,-3.114,7,G,164(E1),H,-3.738,1
-5.431,-7.158,5,G,164(E1),I,-7.935,2
-5.926,-7.338,5,G,164(E1),K,-7.613,2
-3.632,-5.402,6,G,164(E1),L,-5.917,4
-3.262,-4.755,6,G,164(E1),M,-5.354,4
-7.789,-7.59,5,G,164(E1),N,-8,2
-5.352,-7.121,4,G,164(E1),P,-8,3
-4.393,-6.415,6,G,164(E1),Q,-7.202,3
-4.915,-6.865,9,G,164(E1),R,-7.307,6
-5.007,-6.927,20,G,164(E1),S,-7.414,4
-6.706,-7.498,5,G,164(E1),T,-8,2
-5.566,-7.216,10,G,164(E1),V,-7.799,6
-4.235,-6.242,2,G,164(E1),W,-6.152,1
-4.846,-6.815,2,G,164(E1),Y,-8,1
-5.157,-7.019,1,P,165(E1),-,,
-2.157,-2.554,5,P,165(E1),A,-2.045,2
-4.796,-6.778,12,P,165(E1),C,-7.215,6
-4.963,-6.898,9,P,165(E1),D,-7.549,2
-5.509,-7.192,2,P,165(E1),E,-8,1
-6.232,-7.415,4,P,165(E1),F,-8,2
-3.187,-4.613,5,P,165(E1),G,-3.373,2
-6.778,-7.507,17,P,165(E1),H,-8,5
-5.813,-7.304,6,P,165(E1),I,-8,3
-5.941,-7.343,6,P,165(E1),K,-8,4
-5.948,-7.345,1,P,165(E1),L,-8,1
-3.003,-4.254,2,P,165(E1),M,-5.489,2
-4.354,-6.373,7,P,165(E1),N,-6.551,4
0,0,,P,165(E1),P,0,
-2.807,-3.86,5,P,165(E1),Q,-4.321,3
-5.424,-7.155,9,P,165(E1),R,-7.367,3
-1.874,-2.031,7,P,165(E1),S,-2.501,4
-2.074,-2.396,16,P,165(E1),T,-2.621,8
-7.073,-7.54,6,P,165(E1),V,-8,5
-5.77,-7.29,6,P,165(E1),W,-8,4
-5.837,-7.312,7,P,165(E1),Y,-7.668,5
-0.3453,-0.2014,5,M,166(E1),A,-0.8719,2
-3.473,-5.136,5,M,166(E1),C,-4.758,1
-6.85,-7.516,7,M,166(E1),D,-8,4
-3.127,-4.497,3,M,166(E1),E,-3.758,1
-0.7605,-0.5318,7,M,166(E1),F,-1.341,4
-2.076,-2.399,5,M,166(E1),G,-3.081,3
-2.404,-3.041,12,M,166(E1),H,-3.995,7
-0.7414,-0.5141,14,M,166(E1),I,0.1865,2
-1.926,-2.124,3,M,166(E1),K,-3.184,1
0.3548,0.1528,5,M,166(E1),L,-1.431,1
0,0,,M,166(E1),M,0,
-5.17,-7.026,7,M,166(E1),N,-7.821,5
-3.795,-5.656,7,M,166(E1),P,-5.861,2
-0.2101,-0.1155,2,M,166(E1),Q,,
-5.121,-6.998,7,M,166(E1),R,-8,3
-1.192,-0.9999,4,M,166(E1),S,-1.518,2
-2.121,-2.484,9,M,166(E1),T,-2.856,3
-0.7794,-0.5495,9,M,166(E1),V,-0.6693,5
-3.351,-4.918,5,M,166(E1),W,-4.05,1
-1.904,-2.084,3,M,166(E1),Y,-2.287,3
-1.018,-0.7947,6,S,167(E1),A,-0.7329,4
-4.968,-6.902,14,S,167(E1),C,-6.984,7
-5.953,-7.346,2,S,167(E1),D,-8,1
-5.609,-7.232,3,S,167(E1),E,-8,1
-4.487,-6.509,8,S,167(E1),F,-7.227,2
-0.6747,-0.4546,3,S,167(E1),G,-0.7178,2
-6.417,-7.452,7,S,167(E1),H,-7.155,2
-6.739,-7.502,4,S,167(E1),I,-8,2
-5.314,-7.103,6,S,167(E1),K,-8,3
-3.537,-5.245,6,S,167(E1),L,-5.05,3
-5.246,-7.068,6,S,167(E1),M,-8,3
-8.453,-7.613,2,S,167(E1),N,-7.745,1
-1.089,-0.8755,7,S,167(E1),P,-0.3302,3
-5.728,-7.276,8,S,167(E1),Q,-8,5
-4.689,-6.692,7,S,167(E1),R,-6.906,4
0,0,,S,167(E1),S,0,
-1.529,-1.465,7,S,167(E1),T,-1.647,4
-5.38,-7.135,6,S,167(E1),V,-8,3
-5.163,-7.022,7,S,167(E1),W,-6.891,3
-5.771,-7.29,14,S,167(E1),Y,-8,1
1.893,0.4513,1,S,168(E1),A,0.4022,1
-5.301,-7.096,6,S,168(E1),C,-7.543,4
-1.989,-2.238,7,S,168(E1),D,-2.879,4
-2.127,-2.496,5,S,168(E1),E,-2.889,5
-2.118,-2.479,5,S,168(E1),F,-3.495,2
-1.167,-0.9694,9,S,168(E1),G,-0.9074,4
-1.181,-0.9868,8,S,168(E1),H,-1.126,6
-1.216,-1.03,10,S,168(E1),I,-1.351,3
-6.89,-7.521,6,S,168(E1),K,-8,3
-1.06,-0.8418,4,S,168(E1),L,-0.5327,2
-0.8285,-0.5965,9,S,168(E1),M,-1.064,5
1.656,0.4287,11,S,168(E1),N,0.3619,5
-5.91,-7.334,4,S,168(E1),P,-7.189,1
-1.862,-2.01,7,S,168(E1),Q,-2.465,2
-5.268,-7.079,10,S,168(E1),R,-8,3
0,0,,S,168(E1),S,0,
-0.7268,-0.5009,12,S,168(E1),T,-0.3528,7
2.743,0.5001,2,S,168(E1),V,-0.5422,1
-2.851,-3.95,7,S,168(E1),W,-4.312,4
-3.553,-5.271,4,S,168(E1),Y,-5.844,3
0,0,,A,169(E1),A,0,
-5.435,-7.16,8,A,169(E1),C,-8,3
-7.104,-7.543,10,A,169(E1),D,-8,3
-5.763,-7.288,8,A,169(E1),E,-8,5
-0.1119,-0.05895,3,A,169(E1),F,0.06256,3
-2.676,-3.593,6,A,169(E1),G,-4.235,2
-5.976,-7.353,1,A,169(E1),H,-8,1
-0.4909,-0.3052,13,A,169(E1),I,-0.6142,7
-8.538,-7.615,2,A,169(E1),K,-5.633,1
-0.4954,-0.3086,2,A,169(E1),L,-0.4562,1
-0.1893,-0.1031,5,A,169(E1),M,-1.529,1
-5.949,-7.345,2,A,169(E1),N,-8,1
0.7654,0.2781,6,A,169(E1),P,0.05166,6
-3.526,-5.226,5,A,169(E1),Q,-5.453,4
-5.061,-6.961,5,A,169(E1),R,-7.223,2
-4.414,-6.436,5,A,169(E1),S,,
-1.216,-1.03,18,A,169(E1),T,-2.477,6
-0.2254,-0.1247,11,A,169(E1),V,-1.081,2
-1.942,-2.153,8,A,169(E1),W,-3.346,5
-3.386,-4.981,5,A,169(E1),Y,-5.137,4
-6.105,-7.386,34,W,170(E1),*,-8,5
-4.611,-6.624,5,W,170(E1),A,-6.981,4
-7.205,-7.552,8,W,170(E1),C,-8,5
-5.015,-6.933,7,W,170(E1),D,-7.365,4
-4.03,-5.988,11,W,170(E1),E,-5.628,5
0.2373,0.1075,4,W,170(E1),F,0.4903,1
-4.691,-6.693,6,W,170(E1),G,-6.85,4
-1.156,-0.9561,1,W,170(E1),H,,
-4.44,-6.463,5,W,170(E1),I,-6.8,4
-6.004,-7.36,7,W,170(E1),K,-8,4
-4.731,-6.727,7,W,170(E1),L,-6.661,5
-4.662,-6.669,3,W,170(E1),M,-6.992,2
-4.77,-6.757,9,W,170(E1),N,-6.821,5
-5.8,-7.3,6,W,170(E1),P,-8,4
-4.338,-6.357,5,W,170(E1),Q,-6.176,3
-4.474,-6.497,18,W,170(E1),R,-5.743,2
-5.146,-7.012,4,W,170(E1),S,-7.479,3
-3.016,-4.279,6,W,170(E1),T,-4.344,5
-4.351,-6.371,4,W,170(E1),V,-6.728,3
0,0,,W,170(E1),W,0,
-0.8612,-0.6288,7,W,170(E1),Y,-0.9094,4
-1.649,-1.652,4,T,171(E1),A,,
-4.038,-5.998,10,T,171(E1),C,-5.879,5
-1.625,-1.613,10,T,171(E1),D,-1.76,4
-5.856,-7.318,4,T,171(E1),E,-7.294,2
-6.483,-7.464,3,T,171(E1),F,-7.858,2
-2.242,-2.718,2,T,171(E1),G,-3.002,2
-6.216,-7.412,6,T,171(E1),H,-8,1
-12.01,-7.637,11,T,171(E1),I,-7.756,6
-4.883,-6.843,6,T,171(E1),K,-7.375,4
-5.171,-7.026,6,T,171(E1),L,-8,5
-5.643,-7.246,7,T,171(E1),M,-8,3
-1.783,-1.874,3,T,171(E1),N,,
-6.896,-7.522,4,T,171(E1),P,-8,3
-6.735,-7.502,7,T,171(E1),Q,-8,3
-5.77,-7.29,2,T,171(E1),R,-7.656,1
-0.1102,-0.05801,4,T,171(E1),S,0.4162,1
0,0,,T,171(E1),T,0,
-2.748,-3.741,8,T,171(E1),V,-3.941,5
-6.076,-7.379,8,T,171(E1),W,-8,4
-6.4,-7.449,10,T,171(E1),Y,-8,6
-2.889,-4.026,6,P,172(E1),A,-4.142,4
-4.105,-6.085,16,P,172(E1),C,-6.159,9
-3.863,-5.757,7,P,172(E1),D,-5.921,2
-6.653,-7.49,5,P,172(E1),E,-7.797,5
-6.136,-7.393,7,P,172(E1),F,-8,5
-6.714,-7.499,8,P,172(E1),G,-8,1
-5.288,-7.09,9,P,172(E1),H,-7.364,4
-5.056,-6.958,6,P,172(E1),I,-7.287,3
-5.195,-7.04,11,P,172(E1),K,-6.314,7
-5.421,-7.154,7,P,172(E1),L,-7.516,1
-5.394,-7.141,3,P,172(E1),M,-8,3
-8.207,-7.606,5,P,172(E1),N,-8,4
0,0,,P,172(E1),P,0,
-5.424,-7.155,7,P,172(E1),Q,-8,2
-6.695,-7.496,4,P,172(E1),R,-8,2
-5.263,-7.077,17,P,172(E1),S,-7.404,7
-5.968,-7.35,2,P,172(E1),T,-8,1
-2.858,-3.963,3,P,172(E1),V,-4.251,1
-6.695,-7.496,7,P,172(E1),W,-8,5
-6.586,-7.48,10,P,172(E1),Y,-7.715,4
0.566,0.2232,1,F,173(E1),*,,
-5.574,-7.219,5,F,173(E1),A,-8,3
-6.199,-7.408,5,F,173(E1),C,-7.833,2
-7.838,-7.592,3,F,173(E1),D,-8,1
-5.208,-7.047,8,F,173(E1),E,-7.47,5
0,0,,F,173(E1),F,0,
-10.34,-7.634,6,F,173(E1),G,-8,4
-6.301,-7.43,6,F,173(E1),H,,
-3.715,-5.534,15,F,173(E1),I,-5.135,6
-5.448,-7.166,7,F,173(E1),K,-8,3
-2.954,-4.157,28,F,173(E1),L,-4.325,13
-5.272,-7.081,5,F,173(E1),M,-7.373,4
-6.45,-7.458,8,F,173(E1),N,-8,3
-5.94,-7.342,7,F,173(E1),P,-8,4
-7.143,-7.547,8,F,173(E1),Q,-8,4
-6.659,-7.491,7,F,173(E1),R,-8,5
-8.111,-7.603,13,F,173(E1),S,-8,3
-5.081,-6.974,8,F,173(E1),T,-7.641,5
-5.952,-7.346,13,F,173(E1),V,-8,2
-5.785,-7.295,1,F,173(E1),W,-8,1
-4.89,-6.848,6,F,173(E1),Y,-6.726,2
-5.945,-7.344,1,D,174(E1),-,-8,1
-1.112,-0.9028,10,D,174(E1),A,-1.627,6
-5.919,-7.337,3,D,174(E1),C,-8,1
0,0,,D,174(E1),D,0,
-0.651,-0.4341,8,D,174(E1),E,0.1351,2
-1.612,-1.593,7,D,174(E1),F,-2.405,2
-1.286,-1.121,10,D,174(E1),G,-0.8658,5
-1.524,-1.458,5,D,174(E1),H,-2.374,1
-1.851,-1.99,10,D,174(E1),I,-2.4,8
-4.873,-6.835,6,D,174(E1),K,-7.213,4
-2.123,-2.489,9,D,174(E1),L,-2.367,3
-1.527,-1.462,6,D,174(E1),M,-1.369,4
0.2243,0.1021,18,D,174(E1),N,-0.4004,5
-5.653,-7.249,5,D,174(E1),P,-8,3
-0.1038,-0.05448,8,D,174(E1),Q,-0.1066,8
-4.816,-6.793,2,D,174(E1),R,-7.184,2
-1.113,-0.904,12,D,174(E1),S,-1.159,6
0.503,0.2036,6,D,174(E1),T,0.4267,5
-1.815,-1.928,7,D,174(E1),V,-2.76,4
1.064,0.3434,4,D,174(E1),W,0.2251,3
-1.956,-2.178,8,D,174(E1),Y,-2.032,1
-6.641,-7.488,10,N,175(E1),-,-8,2
2.304,0.48,8,N,175(E1),A,-0.01235,5
-1.687,-1.713,6,N,175(E1),C,-1.86,4
1.381,0.395,4,N,175(E1),D,,
-0.5672,-0.3647,7,N,175(E1),E,-0.4564,5
0.6635,0.2513,11,N,175(E1),F,0.3502,6
-1.478,-1.39,7,N,175(E1),G,-0.9905,4
0.4774,0.1953,16,N,175(E1),H,0.2177,6
-0.7353,-0.5085,10,N,175(E1),I,-0.939,6
0.09696,0.04664,19,N,175(E1),K,-0.6083,8
-0.9067,-0.6751,5,N,175(E1),L,-0.1545,1
-1.06,-0.8425,3,N,175(E1),M,-1.495,3
0,0,,N,175(E1),N,0,
-0.1913,-0.1043,5,N,175(E1),P,-0.308,4
-1.804,-1.909,5,N,175(E1),Q,-2.212,4
1.093,0.3487,4,N,175(E1),R,0.1169,3
-0.1177,-0.06217,5,N,175(E1),S,-0.8042,3
0.3855,0.1639,7,N,175(E1),T,-1.123,2
0.0321,0.01588,5,N,175(E1),V,-0.6839,4
-1.388,-1.259,9,N,175(E1),W,-1.661,9
-1.332,-1.182,8,N,175(E1),Y,-2.025,2
-0.2148,-0.1184,1,K,176(E1),-,,
-1.512,-1.44,5,K,176(E1),A,-1.081,2
-3.809,-5.678,10,K,176(E1),C,-5.748,3
-6.519,-7.47,7,K,176(E1),D,-8,7
-2.001,-2.259,12,K,176(E1),E,-1.798,5
-1.333,-1.184,7,K,176(E1),F,-1.806,3
-2.646,-3.532,7,K,176(E1),G,-3.322,3
-0.9643,-0.7358,7,K,176(E1),H,-0.7725,5
-6.382,-7.445,8,K,176(E1),I,-7.748,6
0,0,,K,176(E1),K,0,
-2.502,-3.239,10,K,176(E1),L,-3.112,7
-1.289,-1.124,5,K,176(E1),M,-1.446,3
-2.066,-2.381,9,K,176(E1),N,-2.779,6
-6.995,-7.532,6,K,176(E1),P,-8,5
-1.001,-0.7753,6,K,176(E1),Q,-1.425,5
-0.4197,-0.253,12,K,176(E1),R,-0.3927,7
-1.907,-2.089,12,K,176(E1),S,-1.992,6
-0.1814,-0.09849,9,K,176(E1),T,-1.545,2
-5.071,-6.968,6,K,176(E1),V,-7.776,4
-3.29,-4.807,8,K,176(E1),W,-4.318,5
-1.304,-1.145,6,K,176(E1),Y,,
-0.9271,-0.6963,1,I,177(E1),-,,
-4.557,-6.576,5,I,177(E1),A,-6.76,3
-4.791,-6.774,8,I,177(E1),C,-8,3
-8.647,-7.617,3,I,177(E1),D,-8,1
-7.175,-7.549,5,I,177(E1),E,-8,2
-1.962,-2.189,5,I,177(E1),F,-2.138,5
-6.674,-7.493,4,I,177(E1),G,-8,3
-5.675,-7.257,6,I,177(E1),H,-8,5
0,0,,I,177(E1),I,0,
-6.646,-7.489,8,I,177(E1),K,-8,5
-2.24,-2.714,4,I,177(E1),L,-3.087,2
-1.458,-1.36,7,I,177(E1),M,-1.385,4
-6.401,-7.449,8,I,177(E1),N,-8,4
-8.206,-7.606,6,I,177(E1),P,-7.376,2
-4.748,-6.74,6,I,177(E1),Q,-6.715,5
-5.463,-7.172,7,I,177(E1),R,-7.767,4
-6.625,-7.486,10,I,177(E1),S,-8,6
-6.406,-7.45,6,I,177(E1),T,-8,4
7.844,0.5367,11,I,177(E1),V,1.16,7
-6.167,-7.401,9,I,177(E1),W,-8,5
-6.955,-7.528,7,I,177(E1),Y,-8,4
-0.4529,-0.277,1,V,178(E1),-,,
-1.586,-1.553,7,V,178(E1),A,-0.6658,1
-3.461,-5.113,11,V,178(E1),C,-5.129,7
-8.426,-7.612,6,V,178(E1),D,-6.621,3
-6.705,-7.498,3,V,178(E1),E,-8,2
-6.76,-7.505,5,V,178(E1),F,-8,2
-5.437,-7.161,3,V,178(E1),G,-8,1
-6.07,-7.377,7,V,178(E1),H,-7.912,4
1.634,0.4264,8,V,178(E1),I,-1.154,3
-7.005,-7.533,9,V,178(E1),K,-8,4
-2.61,-3.458,11,V,178(E1),L,-3.653,7
-6.052,-7.373,17,V,178(E1),M,-8,3
-6.691,-7.496,12,V,178(E1),N,-8,6
-5.792,-7.297,11,V,178(E1),P,-8,5
-7.761,-7.588,5,V,178(E1),Q,-8,2
-6.916,-7.524,6,V,178(E1),R,-8,3
-5.759,-7.286,5,V,178(E1),S,-8,1
-1.772,-1.854,5,V,178(E1),T,-1.787,2
0,0,,V,178(E1),V,0,
-6.532,-7.472,9,V,178(E1),W,-8,7
-7.695,-7.585,7,V,178(E1),Y,-8,5
-0.289,-0.1645,1,V,179(E1),-,,
-3.117,-4.478,9,V,179(E1),A,,
-1.812,-1.924,7,V,179(E1),C,-2.442,5
-4.785,-6.769,7,V,179(E1),D,-7.075,4
-0.5493,-0.3504,5,V,179(E1),E,,
-7.282,-7.558,10,V,179(E1),F,-8,6
-5.501,-7.189,4,V,179(E1),G,-7.727,2
-3.935,-5.859,4,V,179(E1),H,-6.009,3
-1.439,-1.333,4,V,179(E1),I,-1.71,3
-2.621,-3.481,7,V,179(E1),K,-3.396,4
-1.909,-2.093,7,V,179(E1),L,-2.284,3
-2.103,-2.449,17,V,179(E1),M,-2.095,6
-4.036,-5.996,8,V,179(E1),N,-6.044,5
-5.948,-7.345,8,V,179(E1),P,-7.538,4
-1.131,-0.9254,9,V,179(E1),Q,-0.9054,4
-3.797,-5.66,8,V,179(E1),R,-6.029,7
-1.352,-1.21,11,V,179(E1),S,-2.037,5
6.012,0.5355,7,V,179(E1),T,0.1505,5
0,0,,V,179(E1),V,0,
-6.311,-7.432,3,V,179(E1),W,-8,2
-5.071,-6.968,8,V,179(E1),Y,-7.737,4
-1.706,-1.745,1,Y,180(E1),*,,
0.1427,0.06731,1,Y,180(E1),-,,
-6.689,-7.495,5,Y,180(E1),A,-8,2
-7.887,-7.594,10,Y,180(E1),C,-8,4
-5.8,-7.3,7,Y,180(E1),D,-8,5
-6.176,-7.403,10,Y,180(E1),E,-8,7
-6.492,-7.465,7,Y,180(E1),F,-7.889,2
-5.537,-7.204,5,Y,180(E1),G,-7.556,2
-2.82,-3.887,6,Y,180(E1),H,-4.197,2
-5.395,-7.142,10,Y,180(E1),I,-8,5
-7.18,-7.55,4,Y,180(E1),K,-7.604,2
-7.462,-7.571,12,Y,180(E1),L,-8,8
-4.801,-6.782,6,Y,180(E1),M,-7.027,4
-6.964,-7.529,7,Y,180(E1),N,-8,3
-6.832,-7.514,8,Y,180(E1),P,-8,4
-7.389,-7.566,10,Y,180(E1),Q,-8,8
-7.588,-7.579,10,Y,180(E1),R,-8,6
-6.174,-7.402,5,Y,180(E1),S,-8,1
-5.814,-7.305,9,Y,180(E1),T,-8,4
-5.387,-7.138,15,Y,180(E1),V,-7.876,7
-3.399,-5.005,16,Y,180(E1),W,-5.429,9
0,0,,Y,180(E1),Y,0,
-0.6441,-0.4282,1,K,181(E1),-,,
-0.3862,-0.2294,8,K,181(E1),A,0.1429,3
-2.572,-3.382,8,K,181(E1),C,-3.393,5
-1.822,-1.941,5,K,181(E1),D,-3.254,2
-2.491,-3.217,9,K,181(E1),E,-3.411,5
-1.372,-1.238,9,K,181(E1),F,-0.9023,5
-0.9439,-0.714,13,K,181(E1),G,-0.5452,8
-0.4118,-0.2473,10,K,181(E1),H,-0.1454,6
-2.363,-2.957,8,K,181(E1),I,-3.003,3
0,0,,K,181(E1),K,0,
-0.8979,-0.666,8,K,181(E1),L,-0.4923,5
-0.6421,-0.4265,6,K,181(E1),M,0.1323,1
-1.594,-1.565,8,K,181(E1),N,-1.906,4
-6.467,-7.461,19,K,181(E1),P,-8,6
-1.262,-1.09,10,K,181(E1),Q,-1.69,6
0.6414,0.2451,20,K,181(E1),R,0.3384,7
-0.4257,-0.2573,11,K,181(E1),S,-0.4975,7
-2.281,-2.795,16,K,181(E1),T,-3.389,7
-2.07,-2.389,9,K,181(E1),V,-2.326,6
-2.089,-2.423,5,K,181(E1),W,-2.64,3
-1.161,-0.9617,5,K,181(E1),Y,-0.6912,1
-0.231,-0.1282,1,G,182(E1),-,,
0.09068,0.04374,6,G,182(E1),A,-0.7572,2
0.1195,0.05694,9,G,182(E1),C,-0.5729,3
3.864,0.5249,17,G,182(E1),D,0.821,6
0.7923,0.2847,10,G,182(E1),E,-0.262,4
-1.071,-0.8544,5,G,182(E1),F,-0.7192,1
0,0,,G,182(E1),G,0,
-1.51,-1.437,3,G,182(E1),H,1.289,1
-1.122,-0.9146,5,G,182(E1),I,-0.7395,2
-0.8523,-0.62,4,G,182(E1),K,,
1.741,0.4374,5,G,182(E1),L,0.3467,3
2.196,0.4735,6,G,182(E1),M,-0.4909,4
-1.066,-0.8492,8,G,182(E1),N,-0.6845,4
-5.467,-7.174,14,G,182(E1),P,-7.644,12
1.014,0.3336,8,G,182(E1),Q,-0.07428,5
-0.4147,-0.2494,5,G,182(E1),R,-0.2905,2
2.781,0.5015,7,G,182(E1),S,-0.7314,3
0.4658,0.1915,5,G,182(E1),T,0.397,2
0.9375,0.3179,7,G,182(E1),V,-0.353,3
0.2009,0.0924,6,G,182(E1),W,0.2001,2
-0.3483,-0.2035,9,G,182(E1),Y,0.2611,6
-0.9409,-0.7108,1,D,183(E1),-,,
-1.389,-1.261,7,D,183(E1),A,-1.149,5
-2.351,-2.935,6,D,183(E1),C,-1.964,3
0,0,,D,183(E1),D,0,
-0.3208,-0.1852,12,D,183(E1),E,-0.8776,5
-1.862,-2.01,12,D,183(E1),F,-2.851,6
-2.156,-2.552,8,D,183(E1),G,-2.708,5
-1.855,-1.997,6,D,183(E1),H,-3.163,2
-5.149,-7.014,7,D,183(E1),I,-6.954,3
-3.525,-5.223,6,D,183(E1),K,-6.545,3
-3.745,-5.581,8,D,183(E1),L,-5.545,5
-2.716,-3.676,8,D,183(E1),M,-3.478,6
-1.691,-1.719,22,D,183(E1),N,-1.952,4
-5.231,-7.06,15,D,183(E1),P,-8,9
-1.324,-1.171,1,D,183(E1),Q,,
-4.743,-6.736,12,D,183(E1),R,-6.669,8
-1.823,-1.942,8,D,183(E1),S,-2.1,4
-1.774,-1.859,7,D,183(E1),T,-1.616,5
-1.73,-1.784,8,D,183(E1),V,-1.698,5
-2.114,-2.472,6,D,183(E1),W,-2.875,4
-0.4809,-0.2977,13,D,183(E1),Y,-1.123,8
-0.5002,-0.3123,1,V,184(E1),-,,
-1.119,-0.9111,13,V,184(E1),A,-0.7071,5
0.1173,0.05595,7,V,184(E1),C,-0.8603,4
-6.719,-7.499,3,V,184(E1),D,-7.079,1
-5.032,-6.943,5,V,184(E1),E,-6.756,3
-5.585,-7.223,10,V,184(E1),F,-6.938,2
-7.238,-7.555,11,V,184(E1),G,-8,5
-6.993,-7.532,4,V,184(E1),H,-8,4
-1.328,-1.177,13,V,184(E1),I,-1.721,5
-6.415,-7.452,10,V,184(E1),K,-8,6
-2.258,-2.749,6,V,184(E1),L,-2.22,2
-5.74,-7.28,8,V,184(E1),M,-8,5
-6.359,-7.441,9,V,184(E1),N,-8,6
-5.784,-7.295,1,V,184(E1),P,-8,1
-4.195,-6.195,10,V,184(E1),Q,-6.638,5
-7.683,-7.584,8,V,184(E1),R,-8,5
-4.83,-6.804,7,V,184(E1),S,-6.927,3
-1.956,-2.177,5,V,184(E1),T,-2.742,3
0,0,,V,184(E1),V,0,
-6.54,-7.473,9,V,184(E1),W,-8,4
-6.409,-7.45,9,V,184(E1),Y,-8,6
-5.817,-7.305,5,Y,185(E1),*,,
0.2999,0.1322,1,Y,185(E1),-,,
-6.372,-7.444,3,Y,185(E1),A,-8,2
-6.018,-7.364,14,Y,185(E1),C,-8,8
-6.681,-7.494,11,Y,185(E1),D,-6.868,2
-6.887,-7.521,10,Y,185(E1),E,-8,4
-1.437,-1.329,8,Y,185(E1),F,-1.996,3
-6.744,-7.503,5,Y,185(E1),G,-7.447,4
-0.3913,-0.2329,10,Y,185(E1),H,-0.7426,2
-5.476,-7.178,6,Y,185(E1),I,-8,2
-7.6,-7.58,14,Y,185(E1),K,-7.962,10
-4.391,-6.413,10,Y,185(E1),L,-6.848,8
-4.411,-6.433,11,Y,185(E1),M,-6.809,7
-5.976,-7.353,4,Y,185(E1),N,-8,4
-5.793,-7.298,9,Y,185(E1),P,-8,6
-5.382,-7.136,10,Y,185(E1),Q,-8,7
-7.309,-7.56,6,Y,185(E1),R,-8,4
-6.421,-7.453,7,Y,185(E1),S,-8,4
-6.867,-7.518,6,Y,185(E1),T,-8,5
-6.335,-7.436,8,Y,185(E1),V,-8,4
-0.8817,-0.6495,1,Y,185(E1),W,,
0,0,,Y,185(E1),Y,0,
-1.624,-1.612,1,N,186(E1),-,,
-5.115,-6.994,11,N,186(E1),A,-7.306,7
-3.642,-5.418,5,N,186(E1),C,-5.722,5
-4.745,-6.738,9,N,186(E1),D,-7.043,6
-5.639,-7.244,14,N,186(E1),E,-8,9
-5.854,-7.317,16,N,186(E1),F,-8,9
-5.706,-7.268,6,N,186(E1),G,-8,3
-6.184,-7.405,6,N,186(E1),H,-8,3
-7.51,-7.574,7,N,186(E1),I,-7.804,4
-6.845,-7.516,7,N,186(E1),K,-7.498,2
-2.931,-4.111,7,N,186(E1),L,-4.267,5
-5.687,-7.261,9,N,186(E1),M,-8,6
0,0,,N,186(E1),N,0,
-5.003,-6.925,9,N,186(E1),P,-7.298,4
-5.703,-7.267,4,N,186(E1),Q,-8,4
-4.988,-6.915,4,N,186(E1),R,-7.342,4
-3.559,-5.282,5,N,186(E1),S,-4.956,3
-6.676,-7.493,7,N,186(E1),T,-8,3
-6.966,-7.529,9,N,186(E1),V,-8,4
-7.295,-7.559,14,N,186(E1),W,-8,7
-6.766,-7.506,7,N,186(E1),Y,-8,4
-0.6345,-0.4201,8,M,187(E1),A,-0.8745,6
1.213,0.3696,7,M,187(E1),C,-0.08065,3
-1.898,-2.073,10,M,187(E1),D,-1.427,5
-0.4457,-0.2717,6,M,187(E1),E,-0.4463,3
-0.8892,-0.6571,11,M,187(E1),F,-0.5873,7
-12.62,-7.637,4,M,187(E1),G,-8,2
-1.288,-1.124,11,M,187(E1),H,-0.658,6
-0.4615,-0.2833,28,M,187(E1),I,-0.3036,12
-1.068,-0.8512,9,M,187(E1),K,-1.4,6
-0.2795,-0.1584,4,M,187(E1),L,1.833,1
0,0,,M,187(E1),M,0,
-2.22,-2.676,8,M,187(E1),N,-2.534,3
-6.413,-7.451,8,M,187(E1),P,-8,5
-0.3067,-0.1759,7,M,187(E1),Q,-0.7454,4
-1.795,-1.894,7,M,187(E1),R,-2.17,4
-0.36,-0.2114,7,M,187(E1),S,0.318,4
-1.725,-1.776,11,M,187(E1),T,-1.18,5
-1.488,-1.404,5,M,187(E1),V,-1.816,4
-0.7312,-0.5048,5,M,187(E1),W,-0.6866,2
-1.794,-1.892,8,M,187(E1),Y,-2.272,4
-0.4921,-0.3061,9,D,188(E1),A,0.1293,5
-3.001,-4.25,7,D,188(E1),C,-4.565,5
0,0,,D,188(E1),D,0,
0.3196,0.1397,9,D,188(E1),E,-0.426,5
-1.173,-0.9771,13,D,188(E1),F,-1.899,8
1.758,0.4391,8,D,188(E1),G,0.3677,4
0.01945,0.009677,7,D,188(E1),H,-0.3134,6
3.625,0.5217,7,D,188(E1),I,-1.585,3
-4.752,-6.743,3,D,188(E1),K,,
-0.9512,-0.7218,4,D,188(E1),L,-1.034,1
0.5444,0.2166,4,D,188(E1),M,1.634,1
0.07968,0.03862,18,D,188(E1),N,-0.2691,6
0.4314,0.1799,6,D,188(E1),P,-0.1297,3
0.6504,0.2477,3,D,188(E1),Q,0.903,2
-6.699,-7.497,8,D,188(E1),R,-7.835,4
-7.439,-7.57,5,D,188(E1),S,-8,4
-5.877,-7.324,6,D,188(E1),T,-7.49,2
-0.7596,-0.5309,2,D,188(E1),V,0.5415,1
0.05655,0.02768,6,D,188(E1),W,-0.1776,6
-0.08416,-0.04379,8,D,188(E1),Y,0.1024,4
-6.261,-7.421,3,Y,189(E1),*,,
-6.525,-7.471,10,Y,189(E1),A,-8,5
-7.33,-7.562,12,Y,189(E1),C,-7.263,4
-7.913,-7.595,9,Y,189(E1),D,-8,5
-5.69,-7.262,8,Y,189(E1),E,-7.729,4
-0.7817,-0.5517,11,Y,189(E1),F,0.3118,4
-4.441,-6.464,9,Y,189(E1),G,-6.202,4
-4.174,-6.169,5,Y,189(E1),H,-6.137,1
-6.145,-7.396,3,Y,189(E1),I,-8,1
-5.597,-7.228,5,Y,189(E1),K,-7.822,5
-5.44,-7.162,6,Y,189(E1),L,-6.985,5
-5.214,-7.051,8,Y,189(E1),M,-7.625,4
-5.709,-7.27,13,Y,189(E1),N,-8,8
-6.552,-7.475,14,Y,189(E1),P,-8,7
-5.922,-7.337,4,Y,189(E1),Q,-8,4
-6.627,-7.486,5,Y,189(E1),R,-8,2
-5.715,-7.271,5,Y,189(E1),S,,
-6.634,-7.487,10,Y,189(E1),T,-8,5
-7.392,-7.567,5,Y,189(E1),V,-8,1
1.668,0.4299,6,Y,189(E1),W,0.357,4
0,0,,Y,189(E1),Y,0,
-0.7842,-0.554,4,P,190(E1),A,0.3319,2
-3.712,-5.529,6,P,190(E1),C,-5.519,1
-3.353,-4.922,6,P,190(E1),D,-5.708,3
-1.908,-2.092,8,P,190(E1),E,-2.034,4
-1.923,-2.118,10,P,190(E1),F,-2.227,7
-5.686,-7.261,8,P,190(E1),G,-7.881,4
-2.652,-3.545,18,P,190(E1),H,-3.33,4
-1.488,-1.404,10,P,190(E1),I,-2.218,5
-1.311,-1.155,2,P,190(E1),K,,
-3.505,-5.19,11,P,190(E1),L,-5.673,3
-1.471,-1.378,6,P,190(E1),M,-2.075,4
-2.513,-3.26,8,P,190(E1),N,-3.502,7
0,0,,P,190(E1),P,0,
-1.792,-1.889,10,P,190(E1),Q,-2.221,6
-4.811,-6.789,8,P,190(E1),R,-7.264,7
-1.387,-1.258,3,P,190(E1),S,-2.152,1
-1.595,-1.566,10,P,190(E1),T,-2,7
-1.375,-1.241,6,P,190(E1),V,-1.749,4
-4.535,-6.555,5,P,190(E1),W,-6.761,4
-5.219,-7.053,8,P,190(E1),Y,-8,5
0.2528,0.1137,5,P,191(E1),A,-1.137,1
-2.35,-2.931,10,P,191(E1),C,-2.847,4
-2.793,-3.832,5,P,191(E1),D,-3.774,3
-2.327,-2.885,4,P,191(E1),E,-3.506,2
1.392,0.3965,9,P,191(E1),F,0.101,4
3.374,0.5173,4,P,191(E1),G,0.7698,1
-0.6161,-0.4047,7,P,191(E1),H,0.7006,2
1.987,0.4589,11,P,191(E1),I,0.4904,5
-1.179,-0.9842,11,P,191(E1),K,-1.806,7
-0.1022,-0.05362,11,P,191(E1),L,-0.7663,2
-0.9186,-0.6875,3,P,191(E1),M,-0.6356,3
0.116,0.05535,7,P,191(E1),N,0.4819,4
0,0,,P,191(E1),P,0,
-0.5614,-0.36,9,P,191(E1),Q,-0.618,6
-0.6275,-0.4141,8,P,191(E1),R,-0.436,3
1.234,0.373,9,P,191(E1),S,0.8939,4
-0.5973,-0.3891,13,P,191(E1),T,-0.3801,9
-0.8734,-0.6411,6,P,191(E1),V,-1.339,4
-0.3149,-0.1813,7,P,191(E1),W,-0.3143,6
0.1045,0.05013,10,P,191(E1),Y,0.6078,7
-3.305,-4.834,6,F,192(E1),A,-5.501,2
-2.563,-3.363,9,F,192(E1),C,-3.362,6
-3.562,-5.286,12,F,192(E1),D,-5.709,5
-6.834,-7.514,3,F,192(E1),E,-6.38,2
0,0,,F,192(E1),F,0,
-12.99,-7.637,6,F,192(E1),G,-5.344,3
-0.09353,-0.04887,7,F,192(E1),H,-0.2797,4
-1.474,-1.383,10,F,192(E1),I,-2.209,5
-2.578,-3.392,4,F,192(E1),K,-3.343,2
-0.8602,-0.6279,7,F,192(E1),L,-1.011,4
-1.04,-0.8188,8,F,192(E1),M,-0.8896,4
-2.17,-2.578,6,F,192(E1),N,-2.13,2
-2.221,-2.677,6,F,192(E1),P,-3.293,5
-3.068,-4.383,7,F,192(E1),Q,-4.785,4
-3.47,-5.129,6,F,192(E1),R,-5.429,6
-2.13,-2.501,8,F,192(E1),S,-2.644,7
-2.714,-3.672,6,F,192(E1),T,-3.517,2
-0.2587,-0.1453,1,F,192(E1),V,-0.4573,1
-0.7179,-0.4928,5,F,192(E1),W,-1.535,1
3.681,0.5225,6,F,192(E1),Y,1.559,2
-4.589,-6.605,2,G,193(E1),*,,
-1.688,-1.715,1,G,193(E1),-,,
-1.267,-1.096,7,G,193(E1),A,-2.495,2
-1.846,-1.982,8,G,193(E1),C,-1.721,5
-2.869,-3.986,4,G,193(E1),D,-5.633,2
-3.38,-4.97,15,G,193(E1),E,-5.34,6
0.1698,0.07916,13,G,193(E1),F,-0.9569,5
0,0,,G,193(E1),G,0,
-1.585,-1.552,8,G,193(E1),H,-2.379,3
-6.757,-7.505,7,G,193(E1),I,-8,3
-3.455,-5.103,6,G,193(E1),K,-4.767,3
-2.189,-2.615,3,G,193(E1),L,-2.891,2
1.868,0.4492,5,G,193(E1),M,-1.129,4
0.2514,0.1132,6,G,193(E1),N,-0.5449,4
-7.794,-7.59,10,G,193(E1),P,-8,4
-2.341,-2.914,4,G,193(E1),Q,-3.23,3
-3.289,-4.804,20,G,193(E1),R,-5.177,4
-1.323,-1.17,7,G,193(E1),S,-1.542,5
-5.305,-7.098,4,G,193(E1),T,-6.552,2
-6.043,-7.37,10,G,193(E1),V,-7.311,4
-0.7647,-0.5357,10,G,193(E1),W,-0.1186,7
-1.295,-1.133,8,G,193(E1),Y,-1.707,6
-2.226,-2.687,1,A,194(E1),-,,
0,0,,A,194(E1),A,0,
-3.842,-5.726,5,A,194(E1),C,-5.851,4
-1.769,-1.85,7,A,194(E1),D,-4.385,2
-1.737,-1.796,2,A,194(E1),E,-2.288,2
-3.119,-4.483,10,A,194(E1),F,-4.851,6
-0.08172,-0.04248,3,A,194(E1),G,0.093,2
-2.235,-2.705,8,A,194(E1),H,-3.159,3
0.286,0.1269,6,A,194(E1),I,-1.263,2
-6.422,-7.453,5,A,194(E1),K,-8,1
-1.365,-1.228,6,A,194(E1),L,-1.214,3
-0.7481,-0.5203,8,A,194(E1),M,-1.127,5
-1.2,-1.011,5,A,194(E1),N,-1.42,4
-5.995,-7.358,9,A,194(E1),P,-8,2
-1.715,-1.759,2,A,194(E1),Q,-2.264,2
0.2525,0.1136,2,A,194(E1),R,,
-1.078,-0.8631,13,A,194(E1),S,-2.574,4
-0.58,-0.375,27,A,194(E1),T,-0.02937,8
-1.066,-0.8489,20,A,194(E1),V,-1.53,4
-2.672,-3.586,3,A,194(E1),W,-3.847,2
-2.989,-4.227,8,A,194(E1),Y,-5.039,5
-0.6888,-0.467,1,G,195(E1),-,,
-2.515,-3.266,2,G,195(E1),A,,
-0.4687,-0.2886,17,G,195(E1),C,-0.1397,8
-4.465,-6.488,104,G,195(E1),D,-6.768,17
-6.355,-7.44,6,G,195(E1),E,,
-7.742,-7.587,7,G,195(E1),F,-7.7,2
0,0,,G,195(E1),G,0,
-5.252,-7.071,6,G,195(E1),H,-7.416,2
-3.707,-5.522,15,G,195(E1),I,-5.809,5
-5.412,-7.149,5,G,195(E1),K,-8,3
-2.247,-2.729,10,G,195(E1),L,-2.849,4
-0.2185,-0.1206,6,G,195(E1),M,-0.8402,3
-1.249,-1.073,6,G,195(E1),N,0.3366,2
0.6536,0.2485,6,G,195(E1),P,-0.0017,4
-1.903,-2.082,10,G,195(E1),Q,-1.845,3
-4.835,-6.807,6,G,195(E1),R,-7.154,2
-3.483,-5.152,22,G,195(E1),S,-6.063,5
-1.204,-1.015,6,G,195(E1),T,-3.164,2
1.827,0.4455,5,G,195(E1),V,,
-7.003,-7.533,8,G,195(E1),W,-8,5
-5.62,-7.237,7,G,195(E1),Y,-8,3
-0.5847,-0.3788,1,R,196(E1),-,,
-0.9628,-0.7341,7,R,196(E1),A,-0.5548,2
-3.726,-5.551,5,R,196(E1),C,-5.851,4
-2.207,-2.65,7,R,196(E1),D,-3.328,7
-5.316,-7.103,3,R,196(E1),E,,
-1.945,-2.157,14,R,196(E1),F,-1.98,7
-1.577,-1.539,7,R,196(E1),G,-2.117,4
-0.6759,-0.4556,5,R,196(E1),H,-0.5988,4
-2.739,-3.721,7,R,196(E1),I,-3.759,5
-1.248,-1.071,11,R,196(E1),K,-1.203,5
-0.8265,-0.5946,3,R,196(E1),L,-0.6749,2
-1.306,-1.147,2,R,196(E1),M,-1.45,2
-0.3819,-0.2264,12,R,196(E1),N,-0.8722,4
0.08543,0.0413,2,R,196(E1),P,-0.9663,1
-0.5594,-0.3584,4,R,196(E1),Q,-0.3747,2
0,0,,R,196(E1),R,0,
-0.08757,-0.04564,5,R,196(E1),S,-0.04074,5
-0.3088,-0.1773,4,R,196(E1),T,-0.1835,2
-1.527,-1.462,2,R,196(E1),V,-1.785,1
-2.108,-2.459,8,R,196(E1),W,-2.738,6
-2.065,-2.379,8,R,196(E1),Y,-2.391,5
-1.194,-1.002,1,P,197(E1),-,,
-2.31,-2.852,6,P,197(E1),A,-3.433,2
-4.818,-6.794,5,P,197(E1),C,-7.223,3
-3.927,-5.848,5,P,197(E1),D,-7.107,2
-3.162,-4.564,6,P,197(E1),E,-4.797,5
-3.351,-4.919,4,P,197(E1),F,-5.146,1
-2.75,-3.744,2,P,197(E1),G,,
-3.506,-5.192,10,P,197(E1),H,-5.066,6
-7.031,-7.536,5,P,197(E1),I,-8,4
-3.11,-4.465,8,P,197(E1),K,-4.119,3
-4.837,-6.809,10,P,197(E1),L,-7.435,5
-1.848,-1.986,8,P,197(E1),M,-2.483,7
-3.36,-4.933,9,P,197(E1),N,-5.158,7
0,0,,P,197(E1),P,0,
-2.179,-2.596,8,P,197(E1),Q,-2.877,3
-3.917,-5.835,5,P,197(E1),R,-6.466,4
-2.561,-3.359,22,P,197(E1),S,-3.941,8
-4.78,-6.765,11,P,197(E1),T,-6.567,6
0.4975,0.2018,1,P,197(E1),V,,
-3.9,-5.81,6,P,197(E1),W,-5.841,3
-4.222,-6.226,6,P,197(E1),Y,-5.888,2
-0.9332,-0.7027,1,G,198(E1),-,,
-0.6609,-0.4426,8,G,198(E1),A,-1.63,4
-6.227,-7.414,13,G,198(E1),C,-8,6
-6.331,-7.436,63,G,198(E1),D,-8,14
-5.167,-7.024,7,G,198(E1),E,-7.722,3
-4.112,-6.093,7,G,198(E1),F,-6.462,5
0,0,,G,198(E1),G,0,
-5.207,-7.047,8,G,198(E1),H,-7.385,5
-5.764,-7.288,5,G,198(E1),I,-6.982,3
-3.654,-5.438,4,G,198(E1),K,-4.841,1
-5.625,-7.239,8,G,198(E1),L,-7.854,4
-4.821,-6.797,7,G,198(E1),M,-5.816,2
-4.182,-6.179,10,G,198(E1),N,-6.671,6
-5.2,-7.043,10,G,198(E1),P,-7.972,7
-5.813,-7.304,7,G,198(E1),Q,-8,3
-5.194,-7.04,6,G,198(E1),R,-7.083,4
-3.518,-5.211,16,G,198(E1),S,-5.415,4
-4.533,-6.553,8,G,198(E1),T,-6.829,6
-4.877,-6.838,8,G,198(E1),V,-7.523,3
-6.756,-7.504,4,G,198(E1),W,-8,3
-6.221,-7.413,3,G,198(E1),Y,-7.848,2
-9.863,-7.631,3,Q,199(E1),*,-5.474,1
1.124,0.3544,2,Q,199(E1),-,,
1.243,0.3744,3,Q,199(E1),A,-0.941,1
0.8446,0.2972,1,Q,199(E1),C,0.01417,1
-1.656,-1.663,5,Q,199(E1),D,,
-1.341,-1.194,2,Q,199(E1),E,-2.418,2
-3.176,-4.592,2,Q,199(E1),F,-4.876,1
-1.252,-1.076,4,Q,199(E1),G,-1.028,1
-1.583,-1.547,8,Q,199(E1),H,-1.537,5
-2.313,-2.859,6,Q,199(E1),I,-3.143,4
-2.65,-3.541,6,Q,199(E1),K,-4.017,1
-2.724,-3.692,4,Q,199(E1),L,-3.744,3
-0.2277,-0.1262,5,Q,199(E1),M,-0.2007,4
-0.6406,-0.4252,6,Q,199(E1),N,-0.5506,4
-6.187,-7.405,6,Q,199(E1),P,-8,5
0,0,,Q,199(E1),Q,0,
-1.151,-0.9499,6,Q,199(E1),R,-0.9059,2
4.57,0.531,10,Q,199(E1),S,1.238,7
-0.446,-0.2719,6,Q,199(E1),T,-0.2061,2
-1.925,-2.121,7,Q,199(E1),V,-2.359,6
-2.675,-3.592,6,Q,199(E1),W,-4.038,4
-4.279,-6.292,4,Q,199(E1),Y,-5.125,2
-6.017,-7.364,1,F,200(E1),*,-8,1
0.9631,0.3233,2,F,200(E1),-,,
-5.354,-7.122,8,F,200(E1),A,-7.366,4
-5.573,-7.218,12,F,200(E1),C,-8,10
-8.423,-7.612,6,F,200(E1),D,-7.851,2
-5.423,-7.155,8,F,200(E1),E,-6.97,2
0,0,,F,200(E1),F,0,
-5.991,-7.357,4,F,200(E1),G,-8,2
-5.388,-7.138,5,F,200(E1),H,-7.984,3
-4.314,-6.331,6,F,200(E1),I,-6.576,4
-6.853,-7.517,10,F,200(E1),K,-8,7
-0.02075,-0.0105,10,F,200(E1),L,-0.4491,2
-7.308,-7.56,5,F,200(E1),M,-8,3
-7.045,-7.537,7,F,200(E1),N,-8,3
-6.914,-7.524,6,F,200(E1),P,-8,5
-5.889,-7.328,7,F,200(E1),Q,-8,4
-5.589,-7.225,3,F,200(E1),R,,
-4.763,-6.752,8,F,200(E1),S,-7.069,4
-6.58,-7.479,4,F,200(E1),T,-7.995,2
-5.766,-7.289,12,F,200(E1),V,-8,6
-2.245,-2.724,5,F,200(E1),W,-2.211,2
-1.622,-1.609,8,F,200(E1),Y,-1.633,3
0.6738,0.2541,3,G,201(E1),-,,
-1.593,-1.563,10,G,201(E1),A,-1.539,5
-6.968,-7.529,14,G,201(E1),C,-8,5
-7.132,-7.546,20,G,201(E1),D,-8,5
-7.03,-7.536,5,G,201(E1),E,-8,4
-4.788,-6.772,3,G,201(E1),F,-8,1
0,0,,G,201(E1),G,0,
-5.759,-7.287,9,G,201(E1),H,-8,6
-5.128,-7.002,6,G,201(E1),I,-7.378,1
-6.666,-7.492,7,G,201(E1),K,-8,3
-4.964,-6.899,7,G,201(E1),L,-7.192,5
-5.529,-7.201,5,G,201(E1),M,-8,4
-7.106,-7.543,9,G,201(E1),N,-8,5
-4.591,-6.607,7,G,201(E1),P,-6.353,4
-5.285,-7.088,8,G,201(E1),Q,-7.483,6
-5.156,-7.018,6,G,201(E1),R,-8,5
-5.823,-7.308,16,G,201(E1),S,-7.638,9
-6.155,-7.398,6,G,201(E1),T,-8,4
-4.909,-6.861,11,G,201(E1),V,-7.487,2
-6.709,-7.498,4,G,201(E1),W,-8,2
-4.332,-6.35,4,G,201(E1),Y,-6.612,1
0.8023,0.2872,3,D,202(E1),-,,
-5.147,-7.013,11,D,202(E1),A,-7.181,6
-5.399,-7.144,6,D,202(E1),C,-8,3
0,0,,D,202(E1),D,0,
-6.224,-7.414,2,D,202(E1),E,-8,1
-5.713,-7.271,6,D,202(E1),F,-8,3
-5.915,-7.335,15,D,202(E1),G,-7.603,6
-6.958,-7.528,7,D,202(E1),H,-8,6
-5.754,-7.285,8,D,202(E1),I,-8,3
-6.919,-7.524,8,D,202(E1),K,-8,4
-6.921,-7.524,8,D,202(E1),L,-8,3
-7.052,-7.538,9,D,202(E1),M,-8,4
-4.737,-6.731,34,D,202(E1),N,-7.139,6
-4.492,-6.514,2,D,202(E1),P,,
-5.798,-7.299,6,D,202(E1),Q,-8,4
-6.257,-7.421,6,D,202(E1),R,-7.941,4
-6.828,-7.514,6,D,202(E1),S,-8,5
-5.465,-7.173,5,D,202(E1),T,-8,3
-6.32,-7.434,14,D,202(E1),V,-7.564,4
-5.196,-7.04,6,D,202(E1),W,-8,2
-5.349,-7.12,17,D,202(E1),Y,-7.992,10
-5.174,-7.028,4,I,203(E1),-,,
-6.316,-7.433,6,I,203(E1),A,-8,3
-1.62,-1.605,8,I,203(E1),C,-1.18,5
-6.806,-7.511,6,I,203(E1),D,-8,3
-6.537,-7.472,11,I,203(E1),E,-8,7
-1.613,-1.595,8,I,203(E1),F,-1.736,4
-6.644,-7.489,6,I,203(E1),G,-8,4
-6.867,-7.518,8,I,203(E1),H,-8,7
0,0,,I,203(E1),I,0,
-7.104,-7.543,6,I,203(E1),K,-8,3
-0.6803,-0.4595,5,I,203(E1),L,-1.51,2
-1.607,-1.585,6,I,203(E1),M,-1.999,4
-5.773,-7.291,9,I,203(E1),N,-8,5
-7.192,-7.551,15,I,203(E1),P,-8,9
-6.925,-7.525,9,I,203(E1),Q,-8,3
-6.069,-7.377,9,I,203(E1),R,-8,6
-6.514,-7.469,9,I,203(E1),S,-8,7
-6.615,-7.485,2,I,203(E1),T,-8,2
0.4249,0.1777,6,I,203(E1),V,-0.6765,4
-3.54,-5.249,9,I,203(E1),W,-6.037,3
-3.205,-4.647,9,I,203(E1),Y,-5.691,4
-2.868,-3.984,10,Q,204(E1),*,-1.91,2
-1.309,-1.151,2,Q,204(E1),-,,
-2.4,-3.032,10,Q,204(E1),A,-3.053,3
-6.308,-7.431,3,Q,204(E1),C,-4.495,1
-6.847,-7.516,4,Q,204(E1),D,,
-6.487,-7.464,4,Q,204(E1),E,-8,2
-6.033,-7.368,12,Q,204(E1),F,-8,4
-9.682,-7.63,13,Q,204(E1),G,-8,4
-4.506,-6.528,13,Q,204(E1),H,-7.246,3
-5.436,-7.16,8,Q,204(E1),I,-7.737,3
-6.954,-7.528,9,Q,204(E1),K,-8,7
-5.232,-7.06,7,Q,204(E1),L,-7.695,3
-1.095,-0.8823,8,Q,204(E1),M,-0.3232,2
-6.397,-7.448,8,Q,204(E1),N,-8,2
-5.846,-7.315,17,Q,204(E1),P,-8,11
0,0,,Q,204(E1),Q,0,
-5.982,-7.354,11,Q,204(E1),R,-8,3
-2.583,-3.404,5,Q,204(E1),S,-3.691,4
-4.226,-6.231,5,Q,204(E1),T,-6.788,3
-3.484,-5.153,4,Q,204(E1),V,-5.168,1
-5.981,-7.354,4,Q,204(E1),W,-8,1
-5.077,-6.971,3,Q,204(E1),Y,-6.384,1
-0.9575,-0.7285,2,S,205(E1),-,,
-1.873,-2.03,4,S,205(E1),A,-2.327,2
-0.8417,-0.6095,4,S,205(E1),C,-1.14,3
-2.973,-4.194,4,S,205(E1),D,-5.72,2
-2.768,-3.78,10,S,205(E1),E,-4.028,4
-1.38,-1.249,5,S,205(E1),F,-1.066,2
-2.649,-3.538,5,S,205(E1),G,-4.308,3
-0.8995,-0.6676,6,S,205(E1),H,-0.4545,2
-1.815,-1.928,10,S,205(E1),I,-1.985,3
-1.746,-1.812,5,S,205(E1),K,-1.437,3
0.7,0.2612,4,S,205(E1),L,-1.174,1
-0.8306,-0.5986,8,S,205(E1),M,-0.6459,3
-5.182,-7.033,26,S,205(E1),N,-6.811,4
-6.078,-7.379,3,S,205(E1),P,-8,3
-2.336,-2.903,5,S,205(E1),Q,-2.88,3
-2.782,-3.81,11,S,205(E1),R,-3.801,6
0,0,,S,205(E1),S,0,
-0.1512,-0.08103,7,S,205(E1),T,0.5555,4
-1.221,-1.036,4,S,205(E1),V,-1.35,2
-3.188,-4.616,7,S,205(E1),W,-4.412,2
-2.27,-2.774,5,S,205(E1),Y,-2.742,1
-0.4441,-0.2705,1,R,206(E1),*,,
-0.7051,-0.4813,1,R,206(E1),-,,
-2.03,-2.313,5,R,206(E1),A,-2.092,3
-2.181,-2.6,8,R,206(E1),C,-2.75,4
-1.73,-1.784,8,R,206(E1),D,-2.256,6
-0.8044,-0.5732,9,R,206(E1),E,-0.9852,4
-1.362,-1.223,9,R,206(E1),F,-1.618,6
-0.7145,-0.4898,10,R,206(E1),G,-0.1136,7
-0.3527,-0.2064,7,R,206(E1),H,-1.734,3
-1.809,-1.918,10,R,206(E1),I,-2.356,7
-0.8096,-0.5782,20,R,206(E1),K,-0.7577,6
-1.454,-1.355,8,R,206(E1),L,-1.629,7
-0.6513,-0.4343,9,R,206(E1),M,-0.6276,3
-5.399,-7.144,2,R,206(E1),N,,
-1.659,-1.667,8,R,206(E1),P,-1.662,5
-0.1953,-0.1067,1,R,206(E1),Q,-0.4223,1
0,0,,R,206(E1),R,0,
-0.3255,-0.1883,10,R,206(E1),S,-1.156,4
-1.063,-0.8459,5,R,206(E1),T,-1.175,3
-1.514,-1.442,9,R,206(E1),V,-1.737,4
-1.987,-2.233,7,R,206(E1),W,-2.55,4
-1.823,-1.941,10,R,206(E1),Y,-1.253,6
-1.678,-1.698,2,T,207(E1),-,,
0.776,0.2807,8,T,207(E1),A,-0.1839,4
-2.101,-2.446,6,T,207(E1),C,-2.592,3
-0.7005,-0.4772,4,T,207(E1),D,-0.1435,1
-1.838,-1.968,4,T,207(E1),E,-1.414,1
0.5472,0.2174,5,T,207(E1),F,-0.07719,3
-1.683,-1.707,6,T,207(E1),G,-1.996,6
-0.09418,-0.04923,7,T,207(E1),H,-0.05312,5
-0.9338,-0.7034,13,T,207(E1),I,-0.7241,6
1.694,0.4326,3,T,207(E1),K,0.1595,2
-0.289,-0.1645,3,T,207(E1),L,-0.2513,1
-0.7834,-0.5532,4,T,207(E1),M,-0.798,1
0.797,0.2859,8,T,207(E1),N,-0.808,3
-2.061,-2.37,5,T,207(E1),P,-4.42,2
-0.9324,-0.7018,1,T,207(E1),Q,,
3.755,0.5235,5,T,207(E1),R,1.472,3
1.502,0.4109,6,T,207(E1),S,-0.596,5
0,0,,T,207(E1),T,0,
-1.141,-0.9368,7,T,207(E1),V,-1.417,6
-0.7224,-0.4969,11,T,207(E1),W,1.141,3
-0.3213,-0.1854,4,T,207(E1),Y,-0.4745,1
-2.304,-2.84,2,P,208(E1),-,,
-1.186,-0.993,6,P,208(E1),A,-2.027,2
-2.101,-2.447,4,P,208(E1),C,-2.435,3
-1.605,-1.583,12,P,208(E1),D,-2.319,4
-1.725,-1.776,5,P,208(E1),E,-2.353,3
-0.3898,-0.2319,4,P,208(E1),F,-1.653,1
-1.811,-1.921,7,P,208(E1),G,-2.062,3
-0.7398,-0.5127,16,P,208(E1),H,-0.5285,6
6.187,0.5358,5,P,208(E1),I,-0.5212,2
-1.166,-0.9681,2,P,208(E1),K,-1.249,1
-0.5797,-0.3747,5,P,208(E1),L,-1.33,1
-1.582,-1.546,4,P,208(E1),M,-1.857,2
-3.775,-5.627,3,P,208(E1),N,-5.704,1
0,0,,P,208(E1),P,0,
0.5872,0.2295,4,P,208(E1),Q,-0.05405,3
-1.625,-1.614,5,P,208(E1),R,-3.466,2
-1.716,-1.761,5,P,208(E1),S,-1.937,2
2.986,0.508,6,P,208(E1),T,1.106,4
-0.7965,-0.5657,3,P,208(E1),V,-0.1076,1
-0.2955,-0.1687,5,P,208(E1),W,0.0599,3
-1.407,-1.287,3,P,208(E1),Y,-1.284,1
-2.846,-3.939,4,E,209(E1),*,,
0.8491,0.2983,1,E,209(E1),-,,
-0.1143,-0.06025,10,E,209(E1),A,-0.816,5
-1.382,-1.251,9,E,209(E1),C,-0.9658,4
-0.5628,-0.3611,11,E,209(E1),D,-0.587,4
0,0,,E,209(E1),E,0,
-0.7115,-0.4871,7,E,209(E1),F,-1.124,5
-0.5235,-0.3302,8,E,209(E1),G,-1.063,4
0.5686,0.2239,4,E,209(E1),H,-0.5613,2
-0.7295,-0.5033,5,E,209(E1),I,-1.264,2
-2.059,-2.367,17,E,209(E1),K,-2.171,2
-0.9991,-0.7736,8,E,209(E1),L,-0.5753,1
-0.5006,-0.3126,10,E,209(E1),M,-0.2834,5
-0.4518,-0.2761,6,E,209(E1),N,-0.8068,2
-1.999,-2.257,4,E,209(E1),P,,
0.4388,0.1825,4,E,209(E1),Q,-0.7733,1
-0.9374,-0.7071,7,E,209(E1),R,-1.687,4
-0.2264,-0.1254,7,E,209(E1),S,-0.1461,5
-2.21,-2.657,2,E,209(E1),T,-2.937,1
-0.5503,-0.3512,12,E,209(E1),V,-0.838,8
0.3617,0.1554,8,E,209(E1),W,-0.1146,7
-0.7013,-0.478,7,E,209(E1),Y,-0.7337,6
0.3349,0.1455,1,S,210(E1),-,,
1.751,0.4384,7,S,210(E1),A,-0.2239,3
-2.972,-4.194,4,S,210(E1),C,-4.378,2
-2.43,-3.093,5,S,210(E1),D,-3.229,2
-1.775,-1.86,8,S,210(E1),E,-2.168,5
-4.378,-6.399,1,S,210(E1),F,,
-0.453,-0.277,7,S,210(E1),G,-0.5355,5
-1.032,-0.8102,7,S,210(E1),H,-0.7566,4
-3.012,-4.273,9,S,210(E1),I,-3.38,4
-1.504,-1.428,4,S,210(E1),K,-2.02,3
-1.92,-2.113,2,S,210(E1),L,-1.656,1
-0.4758,-0.2939,2,S,210(E1),M,-0.8182,1
-1.881,-2.043,9,S,210(E1),N,,
-3.077,-4.4,4,S,210(E1),P,,
-1.515,-1.444,4,S,210(E1),Q,-1.416,3
-1.629,-1.62,7,S,210(E1),R,-2.02,4
0,0,,S,210(E1),S,0,
-0.3114,-0.179,4,S,210(E1),T,-0.7035,2
-2.689,-3.62,5,S,210(E1),V,-3.909,4
-5.886,-7.327,4,S,210(E1),W,-8,1
-1.566,-1.522,4,S,210(E1),Y,-1.475,1
-7.389,-7.566,3,E,211(E1),*,,
-0.1598,-0.08594,2,E,211(E1),A,0.01335,1
-0.1187,-0.06273,5,E,211(E1),C,-2.225,1
-0.4051,-0.2426,13,E,211(E1),D,-0.0883,4
0,0,,E,211(E1),E,0,
-1.009,-0.785,5,E,211(E1),F,-0.9644,2
-1.082,-0.8676,6,E,211(E1),G,-0.6119,2
-0.8392,-0.6071,6,E,211(E1),H,-0.4791,3
2.993,0.5082,1,E,211(E1),I,,
-0.02249,-0.0114,11,E,211(E1),K,-1.357,2
-0.07842,-0.0407,4,E,211(E1),L,-0.4969,2
-0.1069,-0.05619,5,E,211(E1),M,-0.3088,4
-0.9051,-0.6734,9,E,211(E1),N,-1.58,6
2.26,0.4774,5,E,211(E1),P,-2.084,2
-0.6824,-0.4613,8,E,211(E1),Q,0.5534,5
0.2818,0.1252,5,E,211(E1),R,-0.1767,2
-1.104,-0.8935,6,E,211(E1),S,-1.19,2
-1.19,-0.997,6,E,211(E1),T,-1.256,3
-0.3136,-0.1804,3,E,211(E1),V,-0.4309,2
-1.366,-1.229,3,E,211(E1),W,-1.776,3
-0.351,-0.2053,4,E,211(E1),Y,-0.526,3
-0.6634,-0.4448,5,D,212(E1),A,-0.6291,3
-1.732,-1.787,8,D,212(E1),C,-1.91,5
0,0,,D,212(E1),D,0,
-0.437,-0.2654,12,D,212(E1),E,-0.8412,4
-0.5885,-0.3819,6,D,212(E1),F,-0.219,2
-1.196,-1.006,8,D,212(E1),G,-0.4007,1
3.645,0.522,6,D,212(E1),H,-0.4624,3
-2.506,-3.246,4,D,212(E1),I,-3.644,2
0.1327,0.06288,7,D,212(E1),K,-0.4778,4
-2.432,-3.097,9,D,212(E1),L,-3.677,6
-0.4504,-0.2752,8,D,212(E1),M,-0.4734,7
-0.1701,-0.09192,10,D,212(E1),N,1.06,3
-0.9365,-0.7061,3,D,212(E1),P,-0.9947,2
-1.122,-0.9141,5,D,212(E1),R,-0.7014,2
-0.6141,-0.403,5,D,212(E1),S,-1.341,4
-1.554,-1.503,4,D,212(E1),T,-1.789,1
-0.2635,-0.1483,3,D,212(E1),V,-0.4468,3
-1.289,-1.125,7,D,212(E1),W,-1.931,5
-0.4046,-0.2422,6,D,212(E1),Y,-1.185,4
-0.7288,-0.5027,13,V,213(E1),A,-1.365,8
0.8794,0.3052,6,V,213(E1),C,-0.163,2
-2.555,-3.346,4,V,213(E1),D,-3.631,4
-2.059,-2.366,3,V,213(E1),E,-2.189,1
-3.598,-5.347,4,V,213(E1),F,-1.019,1
-2.681,-3.604,9,V,213(E1),G,-4.287,5
-2.082,-2.41,5,V,213(E1),H,-1.796,4
-0.2541,-0.1424,8,V,213(E1),I,0.1163,3
-3.746,-5.583,5,V,213(E1),K,-5.843,4
0.1884,0.08711,7,V,213(E1),L,0.2147,3
-1.6,-1.574,14,V,213(E1),M,-1.089,7
-2.258,-2.751,6,V,213(E1),N,-3.347,4
-0.955,-0.7258,4,V,213(E1),P,-1.028,3
-3.724,-5.549,1,V,213(E1),Q,-6.046,1
-5.939,-7.342,3,V,213(E1),R,-8,1
-1.912,-2.098,8,V,213(E1),S,-2.588,4
-1.058,-0.8395,1,V,213(E1),T,,
0,0,,V,213(E1),V,0,
-0.4953,-0.3086,6,V,213(E1),W,-0.523,2
0.183,0.08482,4,V,213(E1),Y,-0.9437,3
-5.95,-7.345,1,Y,214(E1),*,-8,1
-1.488,-1.404,5,Y,214(E1),A,-1.991,3
0.7592,0.2765,5,Y,214(E1),C,0.1552,2
-2.019,-2.294,3,Y,214(E1),D,-3.346,2
0.1808,0.08391,5,Y,214(E1),E,0.1547,4
-0.8932,-0.6613,3,Y,214(E1),F,-0.3941,1
-6.157,-7.398,5,Y,214(E1),G,-8,3
-0.007224,-0.003636,7,Y,214(E1),H,-0.1405,2
3.568,0.5208,4,Y,214(E1),I,0.1076,2
-4.704,-6.704,6,Y,214(E1),K,-6.427,4
-0.3719,-0.2195,7,Y,214(E1),L,-1.608,4
1.815,0.4444,9,Y,214(E1),M,0.4108,6
1.204,0.3681,6,Y,214(E1),N,-0.07005,2
-6.943,-7.527,5,Y,214(E1),P,-8,2
0.1458,0.06866,3,Y,214(E1),Q,-0.3484,2
-1.822,-1.94,2,Y,214(E1),R,,
0.3249,0.1418,5,Y,214(E1),S,-0.202,2
-1.837,-1.966,6,Y,214(E1),T,-2.369,4
-0.43,-0.2604,5,Y,214(E1),V,0.254,1
-0.2036,-0.1116,2,Y,214(E1),W,,
0,0,,Y,214(E1),Y,0,
0,0,,A,215(E1),A,0,
-0.7253,-0.4996,7,A,215(E1),C,-0.8373,5
-6.072,-7.378,12,A,215(E1),D,-8,4
-6.881,-7.52,6,A,215(E1),E,-8,3
-6.286,-7.427,4,A,215(E1),F,-7.183,2
-2.687,-3.616,7,A,215(E1),G,-5.011,2
-5.756,-7.285,7,A,215(E1),H,-7.686,4
-1.487,-1.403,5,A,215(E1),I,,
-6.4,-7.449,4,A,215(E1),K,-8,2
-6.848,-7.516,4,A,215(E1),L,-8,3
-3.525,-5.224,3,A,215(E1),M,-5.48,2
-8.446,-7.613,4,A,215(E1),N,-8,3
-5.806,-7.302,7,A,215(E1),P,-7.911,3
-5.279,-7.085,7,A,215(E1),Q,-7.648,4
-6.756,-7.504,4,A,215(E1),R,-8,3
-1.076,-0.8606,7,A,215(E1),S,-0.7824,3
-3.942,-5.869,20,A,215(E1),T,-5.866,5
-1.341,-1.194,23,A,215(E1),V,-0.4411,2
-8.726,-7.619,5,A,215(E1),W,-8,3
-6.947,-7.527,3,A,215(E1),Y,-8,3
-1.516,-1.445,5,N,216(E1),A,-1.805,4
2.431,0.4867,5,N,216(E1),C,-0.4801,2
-2.168,-2.574,4,N,216(E1),D,-2.935,2
-1.023,-0.8001,3,N,216(E1),E,-1.197,3
-0.4949,-0.3083,6,N,216(E1),F,-1.813,4
-2.598,-3.434,6,N,216(E1),G,-3.798,6
-0.5345,-0.3387,2,N,216(E1),H,-0.6908,2
-1.435,-1.327,3,N,216(E1),I,-1.713,1
-2.003,-2.263,7,N,216(E1),K,-2.495,1
-1.586,-1.553,1,N,216(E1),L,-1.836,1
-2.188,-2.613,5,N,216(E1),M,-2.459,3
0,0,,N,216(E1),N,0,
-6.764,-7.505,5,N,216(E1),P,-8,3
-0.8666,-0.6343,5,N,216(E1),Q,-0.8309,2
-1.614,-1.596,4,N,216(E1),R,-1.584,3
-0.5751,-0.371,8,N,216(E1),S,-0.8738,4
-1.752,-1.822,4,N,216(E1),T,-2.056,3
-2.102,-2.448,3,N,216(E1),V,-2.962,2
-1.534,-1.472,3,N,216(E1),W,-0.9922,2
-0.09578,-0.05009,4,N,216(E1),Y,0.1198,3
-6.046,-7.371,7,T,217(E1),A,-8,3
-5.563,-7.214,6,T,217(E1),C,-8,4
-5.94,-7.343,7,T,217(E1),D,-8,5
-5.585,-7.223,3,T,217(E1),E,-7.93,1
-5.426,-7.156,5,T,217(E1),F,-7.574,3
-6.396,-7.448,7,T,217(E1),G,-8,5
-6.182,-7.404,8,T,217(E1),H,-8,3
-7.159,-7.548,13,T,217(E1),I,-8,6
-6.631,-7.487,6,T,217(E1),K,-8,1
-6.897,-7.522,9,T,217(E1),L,-8,6
-6.358,-7.441,4,T,217(E1),M,-7.882,2
-6.581,-7.479,2,T,217(E1),N,-8,2
-5.887,-7.327,4,T,217(E1),P,-7.838,4
-6.356,-7.44,2,T,217(E1),Q,-8,2
-4.264,-6.275,1,T,217(E1),R,-6.538,1
-1.542,-1.485,3,T,217(E1),S,-1.692,2
0,0,,T,217(E1),T,0,
-5.806,-7.302,4,T,217(E1),V,-8,1
-5.8,-7.3,5,T,217(E1),W,-8,4
-5.736,-7.279,8,T,217(E1),Y,-8,6
-5.394,-7.141,5,Q,218(E1),*,,
-2.804,-3.855,4,Q,218(E1),A,-3.876,1
-4.258,-6.267,6,Q,218(E1),C,-5.856,3
-1.579,-1.542,5,Q,218(E1),D,-1.269,3
4.138,0.5278,3,Q,218(E1),E,-0.6786,2
-2.896,-4.041,1,Q,218(E1),F,-4.357,1
-2.872,-3.993,2,Q,218(E1),G,-4.509,2
-2.621,-3.481,8,Q,218(E1),H,-3.472,3
-2.711,-3.665,4,Q,218(E1),I,-3.816,4
-3.131,-4.504,7,Q,218(E1),K,-4.26,3
-2.881,-4.011,6,Q,218(E1),L,-4.309,3
-3.005,-4.258,6,Q,218(E1),M,-4.556,4
-3.005,-4.259,7,Q,218(E1),N,-5.229,1
-5.691,-7.263,4,Q,218(E1),P,-8,4
0,0,,Q,218(E1),Q,0,
-2.989,-4.227,6,Q,218(E1),R,,
-4.506,-6.527,4,Q,218(E1),S,-6.586,2
-4.331,-6.349,3,Q,218(E1),T,-6.861,2
-3.383,-4.976,6,Q,218(E1),V,-6.327,2
-4.64,-6.65,3,Q,218(E1),W,-6.963,2
-2.617,-3.473,6,Q,218(E1),Y,-3.959,5
-5.596,-7.227,1,L,219(E1),*,,
-7.02,-7.535,5,L,219(E1),A,-8,4
-6.598,-7.482,3,L,219(E1),C,-8,2
-6.29,-7.427,2,L,219(E1),D,-8,2
-5.585,-7.223,5,L,219(E1),E,-7.59,2
-2.161,-2.561,4,L,219(E1),F,-2.951,3
-6.073,-7.378,9,L,219(E1),G,-8,4
-6.406,-7.45,5,L,219(E1),H,-8,3
-1.375,-1.242,5,L,219(E1),I,-1.489,3
-4.299,-6.314,4,L,219(E1),K,-6.497,2
0,0,,L,219(E1),L,0,
-0.4919,-0.306,8,L,219(E1),M,-0.1131,5
-5.968,-7.351,6,L,219(E1),N,-8,4
-5.383,-7.136,7,L,219(E1),P,-8,3
-7.374,-7.565,6,L,219(E1),Q,-8,1
-8.521,-7.614,6,L,219(E1),R,-8,5
-3.995,-5.941,2,L,219(E1),S,-6.595,2
-4.728,-6.724,5,L,219(E1),T,-7.042,4
-1.741,-1.802,2,L,219(E1),V,-2.104,2
-4.758,-6.748,3,L,219(E1),W,-6.303,2
-5.958,-7.348,5,L,219(E1),Y,-8,4
-1.643,-1.642,7,V,220(E1),A,-1.964,4
-1.548,-1.494,8,V,220(E1),C,-2.298,2
0.01421,0.007087,7,V,220(E1),D,-0.08486,3
-6.03,-7.367,3,V,220(E1),E,-8,1
-0.02995,-0.01522,3,V,220(E1),F,,
-2.183,-2.603,5,V,220(E1),G,-2.828,2
-0.3701,-0.2183,4,V,220(E1),H,0.2271,3
-0.4415,-0.2687,4,V,220(E1),I,-0.7242,4
-5.883,-7.326,3,V,220(E1),K,-8,1
-0.886,-0.6539,8,V,220(E1),L,-0.7575,1
-1.078,-0.863,10,V,220(E1),M,-0.9409,4
-1.824,-1.943,6,V,220(E1),N,-1.22,3
-5.859,-7.319,5,V,220(E1),P,-8,2
-0.6028,-0.3936,5,V,220(E1),Q,0.042,3
-2.868,-3.984,9,V,220(E1),R,-4.107,4
-2.637,-3.513,1,V,220(E1),S,,
1.3,0.3832,4,V,220(E1),T,0.052,4
0,0,,V,220(E1),V,0,
2.97,0.5076,1,V,220(E1),Y,1.248,1
-2.772,-3.789,3,L,221(E1),A,-4.091,3
-1.166,-0.9672,3,L,221(E1),C,-0.7427,2
-5.793,-7.298,5,L,221(E1),D,-8,4
-3.675,-5.472,5,L,221(E1),E,-5.739,2
-5.753,-7.285,5,L,221(E1),F,-7.068,3
-5.08,-6.973,4,L,221(E1),G,-7.416,3
-6.212,-7.411,3,L,221(E1),H,-7.924,2
-1.928,-2.127,4,L,221(E1),I,-1.918,1
-3.82,-5.695,2,L,221(E1),K,-6.496,2
0,0,,L,221(E1),L,0,
0.01951,0.009707,7,L,221(E1),M,0.3024,1
-5.837,-7.312,2,L,221(E1),N,-7.696,2
-4.238,-6.245,8,L,221(E1),P,,
-4.776,-6.762,8,L,221(E1),Q,-7.43,6
-5.83,-7.309,8,L,221(E1),R,-8,4
-1.567,-1.522,3,L,221(E1),T,-1.802,2
-0.6144,-0.4032,2,L,221(E1),V,-0.7059,2
-6.095,-7.384,5,L,221(E1),W,-8,4
-6.704,-7.497,4,L,221(E1),Y,-8,2
-6.96,-7.529,5,Q,222(E1),*,,
-1.666,-1.679,2,Q,222(E1),A,-1.988,2
-1.925,-2.122,5,Q,222(E1),C,-2.344,3
-1.75,-1.818,3,Q,222(E1),D,-2.239,2
-0.9441,-0.7142,5,Q,222(E1),E,-0.8114,4
3.733,0.5232,3,Q,222(E1),F,2.069,2
-1.659,-1.669,4,Q,222(E1),G,-2.115,3
0.6337,0.243,5,Q,222(E1),H,-2.089,1
4.277,0.529,5,Q,222(E1),I,1.172,4
-1.814,-1.927,8,Q,222(E1),K,-4.702,2
2.984,0.508,1,Q,222(E1),L,1.209,1
0.3941,0.167,3,Q,222(E1),M,0.3154,3
-1.949,-2.164,4,Q,222(E1),N,-2.431,2
-6.063,-7.376,8,Q,222(E1),P,-7.797,4
0,0,,Q,222(E1),Q,0,
1.644,0.4275,5,Q,222(E1),R,0.1543,2
-1.803,-1.908,5,Q,222(E1),S,-3.053,2
-3.395,-4.997,4,Q,222(E1),T,-5.19,3
-0.9466,-0.7168,3,Q,222(E1),V,-0.09721,1
0.4457,0.1848,4,Q,222(E1),W,-1.289,1
-0.911,-0.6796,3,Q,222(E1),Y,-0.7739,1
-1.624,-1.612,5,R,223(E1),A,-1.899,3
-5.469,-7.175,4,R,223(E1),C,-7.467,2
-5.406,-7.147,4,R,223(E1),D,-7.607,3
-4.318,-6.335,8,R,223(E1),E,-6.425,5
-2.877,-4.003,10,R,223(E1),F,-5.745,5
-4.91,-6.861,5,R,223(E1),G,-8,1
0.1894,0.08757,3,R,223(E1),H,-0.77,2
-5.813,-7.304,6,R,223(E1),I,-8,4
-2.524,-3.283,7,R,223(E1),K,-4.569,1
-2.657,-3.554,5,R,223(E1),L,-4.429,3
-1.13,-0.9236,11,R,223(E1),M,-1.482,3
-1.431,-1.32,3,R,223(E1),N,-1.612,1
-5.862,-7.319,5,R,223(E1),P,-8,3
-1.804,-1.91,6,R,223(E1),Q,-1.885,4
0,0,,R,223(E1),R,0,
-2.26,-2.753,7,R,223(E1),S,-2.817,6
-2.911,-4.072,4,R,223(E1),T,-4.372,3
-4.987,-6.914,5,R,223(E1),V,-7.247,1
-8.95,-7.622,3,R,223(E1),W,,
-1.494,-1.413,3,R,223(E1),Y,-3.145,2
-6.152,-7.397,5,P,224(E1),A,-8,4
-8.623,-7.617,5,P,224(E1),C,-8,3
-4.397,-6.419,4,P,224(E1),D,-8,3
-5.526,-7.199,5,P,224(E1),E,-7.221,2
-4.974,-6.905,6,P,224(E1),F,-7.033,2
-6.16,-7.399,3,P,224(E1),G,-8,1
-5.312,-7.102,9,P,224(E1),H,-8,3
-8.668,-7.618,5,P,224(E1),I,-7.725,2
-6.064,-7.376,3,P,224(E1),K,-7.771,2
-8.639,-7.617,17,P,224(E1),L,-8,4
-5.902,-7.332,4,P,224(E1),M,-7.688,2
-5.971,-7.351,3,P,224(E1),N,-8,1
0,0,,P,224(E1),P,0,
-6.114,-7.388,3,P,224(E1),Q,-8,1
-5.116,-6.995,5,P,224(E1),R,-7.453,4
-7.648,-7.582,11,P,224(E1),S,-8,4
-3.296,-4.817,3,P,224(E1),T,,
-6.778,-7.507,3,P,224(E1),V,-8,2
-6.663,-7.492,4,P,224(E1),W,-8,1
-6.622,-7.486,6,P,224(E1),Y,-8,5
0.1941,0.08956,6,S,225(E1),A,-0.1734,4
0.3212,0.1403,9,S,225(E1),C,0.4444,5
-2.099,-2.443,7,S,225(E1),D,-2.588,6
-1.367,-1.231,6,S,225(E1),E,-1.584,3
-4.344,-6.363,8,S,225(E1),F,-5.917,5
0.5752,0.2259,4,S,225(E1),G,-0.7751,3
-2.201,-2.637,5,S,225(E1),H,-3.033,2
-2.777,-3.8,11,S,225(E1),I,-4.15,5
-3.295,-4.815,3,S,225(E1),K,-5.181,1
-2.242,-2.718,3,S,225(E1),L,-3.005,1
2.03,0.4621,2,S,225(E1),M,,
-1.932,-2.135,4,S,225(E1),N,-2.345,2
-5.535,-7.203,8,S,225(E1),P,-7.58,4
-0.202,-0.1107,4,S,225(E1),Q,-0.406,3
-2.279,-2.79,4,S,225(E1),R,-3.02,2
0,0,,S,225(E1),S,0,
-1.784,-1.875,5,S,225(E1),T,-1.829,5
-1.624,-1.611,5,S,225(E1),V,-3.18,2
-4.582,-6.599,7,S,225(E1),W,-6.784,5
-3.143,-4.529,11,S,225(E1),Y,-4.902,5
0,0,,A,226(E1),A,0,
-6.915,-7.524,7,A,226(E1),C,-8,4
-5.284,-7.087,14,A,226(E1),D,-7.931,7
-6.393,-7.448,4,A,226(E1),E,-8,1
-6.801,-7.51,7,A,226(E1),F,-8,2
-2.559,-3.355,8,A,226(E1),G,-3.775,7
-5.865,-7.321,6,A,226(E1),H,-8,4
-3.71,-5.526,8,A,226(E1),I,-5.794,3
-3.829,-5.708,4,A,226(E1),K,-5.973,2
-4.912,-6.863,3,A,226(E1),L,-7.217,2
-3.867,-5.764,10,A,226(E1),M,-6.042,4
-4.685,-6.688,4,A,226(E1),N,-6.721,2
2.079,0.4657,9,A,226(E1),P,0.445,6
-1.621,-1.607,5,A,226(E1),Q,-1.957,3
-3.836,-5.718,3,A,226(E1),R,-5.73,3
-0.5604,-0.3592,8,A,226(E1),S,,
-0.7499,-0.522,15,A,226(E1),T,-0.1028,3
-0.4083,-0.2449,39,A,226(E1),V,-0.4624,8
-4.089,-6.064,5,A,226(E1),W,-6.705,2
-4.614,-6.627,6,A,226(E1),Y,-8,1
-4.639,-6.65,3,G,227(E1),*,,
-3.255,-4.742,10,G,227(E1),A,-5.175,7
-6.852,-7.516,4,G,227(E1),C,-8,3
-3.557,-5.278,20,G,227(E1),E,-6.949,4
-4.209,-6.211,9,G,227(E1),F,-6.749,7
0,0,,G,227(E1),G,0,
-3.674,-5.47,5,G,227(E1),H,-5.332,3
-5.625,-7.239,6,G,227(E1),I,-8,2
-4.201,-6.201,4,G,227(E1),K,-6.792,2
-5.43,-7.158,4,G,227(E1),L,-7.599,2
-5.19,-7.037,3,G,227(E1),M,-7.337,2
-3.835,-5.717,4,G,227(E1),N,-6.577,2
-7.483,-7.573,6,G,227(E1),P,-8,4
-3.747,-5.583,9,G,227(E1),Q,-5.811,6
-5.318,-7.105,24,G,227(E1),R,-7.446,2
-3.497,-5.177,7,G,227(E1),S,-5.24,6
-2.78,-3.805,9,G,227(E1),T,-4.16,3
-6.866,-7.518,9,G,227(E1),V,-7.939,4
-5.489,-7.184,7,G,227(E1),W,-8,6
-3.532,-5.237,9,G,227(E1),Y,-4.807,5
-2.809,-3.864,9,T,228(E1),A,-4.537,6
-2.062,-2.373,6,T,228(E1),C,-2.654,4
-2.226,-2.688,10,T,228(E1),D,-2.722,5
-1.599,-1.573,8,T,228(E1),E,-1.732,4
-1.841,-1.973,3,T,228(E1),F,-2.239,2
-2.288,-2.809,4,T,228(E1),G,-3.895,2
-2.253,-2.74,4,T,228(E1),H,-2.883,1
1.354,0.3912,11,T,228(E1),I,0.6992,6
-4.896,-6.852,8,T,228(E1),K,-8,5
3.838,0.5246,7,T,228(E1),L,1.498,3
3.142,0.5122,3,T,228(E1),M,1.062,2
-3.225,-4.684,9,T,228(E1),N,-4.46,8
-3.323,-4.868,9,T,228(E1),P,-4.831,5
1.383,0.3954,3,T,228(E1),Q,0.9836,1
-3.816,-5.688,7,T,228(E1),R,-6.061,5
-5.838,-7.312,8,T,228(E1),S,-6.249,2
0,0,,T,228(E1),T,0,
3.477,0.5192,10,T,228(E1),V,0.8666,7
-0.8972,-0.6653,2,T,228(E1),W,,
-2.512,-3.258,4,T,228(E1),Y,-3.411,3
-3.356,-4.927,6,V,229(E1),A,-5.441,3
-2.879,-4.005,10,V,229(E1),C,-4.021,7
-6.755,-7.504,5,V,229(E1),D,-8,4
-5.102,-6.987,9,V,229(E1),E,-7.311,4
-5.626,-7.239,12,V,229(E1),F,-8,7
-5.974,-7.352,8,V,229(E1),G,-8,6
-5.68,-7.259,7,V,229(E1),H,-8,4
1.369,0.3933,3,V,229(E1),I,-4.076,1
-6.934,-7.526,5,V,229(E1),K,-8,3
-1.935,-2.139,14,V,229(E1),L,-2.163,3
-3.256,-4.743,7,V,229(E1),M,-4.668,2
-3.905,-5.817,2,V,229(E1),N,-6.17,1
-5.299,-7.095,4,V,229(E1),P,-7.303,2
-5.141,-7.01,7,V,229(E1),Q,-7.617,3
-4.98,-6.91,2,V,229(E1),R,-7.344,1
-4.094,-6.07,3,V,229(E1),S,-5.631,1
-1.381,-1.25,5,V,229(E1),T,-1.632,1
0,0,,V,229(E1),V,0,
-5.032,-6.943,6,V,229(E1),W,-7.343,4
-6.661,-7.491,6,V,229(E1),Y,-8,3
-4.257,-6.267,2,H,230(E1),A,-6.271,1
-8.713,-7.618,7,H,230(E1),C,-8,5
-6.065,-7.376,4,H,230(E1),D,-8,1
-6.635,-7.488,5,H,230(E1),E,-8,2
-7.24,-7.555,8,H,230(E1),F,-7.616,2
-5.352,-7.121,6,H,230(E1),G,-8,3
0,0,,H,230(E1),H,0,
-4.675,-6.681,7,H,230(E1),I,-7.021,5
-4.218,-6.221,1,H,230(E1),K,-6.513,1
-5.272,-7.081,8,H,230(E1),L,-7.633,4
-5.261,-7.076,8,H,230(E1),M,-7.761,4
-4.446,-6.469,9,H,230(E1),N,-6.776,1
-6.592,-7.481,6,H,230(E1),P,-7.958,2
-6.014,-7.363,12,H,230(E1),Q,-8,7
-5.826,-7.308,9,H,230(E1),R,-8,4
-3.66,-5.448,4,H,230(E1),S,-5.267,3
-5.316,-7.104,8,H,230(E1),T,-8,3
-5.365,-7.127,10,H,230(E1),V,-8,5
-6.11,-7.387,4,H,230(E1),W,-7.414,2
-3.459,-5.111,23,H,230(E1),Y,-4.998,6
-0.7098,-0.4856,1,V,231(E1),-,,
-3.377,-4.965,11,V,231(E1),A,-5.214,3
-2.727,-3.698,4,V,231(E1),C,-3.989,4
-5.876,-7.324,7,V,231(E1),D,-8,4
-6.335,-7.436,6,V,231(E1),E,-8,1
-3.215,-4.666,6,V,231(E1),F,-4.455,3
-6.814,-7.512,7,V,231(E1),G,-8,3
-7.179,-7.55,6,V,231(E1),H,-8,4
-1.821,-1.939,7,V,231(E1),I,-2.125,6
-6.084,-7.381,13,V,231(E1),K,-8,10
-3.92,-5.839,9,V,231(E1),L,-5.972,6
-3.878,-5.779,25,V,231(E1),M,-6.09,4
-3.657,-5.442,5,V,231(E1),N,-5.838,2
-4.485,-6.507,5,V,231(E1),P,-6.585,4
-1.569,-1.526,3,V,231(E1),Q,-2.587,2
-7.24,-7.555,7,V,231(E1),R,-8,4
-3.463,-5.118,5,V,231(E1),S,-5.685,3
-3.169,-4.578,4,V,231(E1),T,-4.812,2
0,0,,V,231(E1),V,0,
-6.292,-7.428,2,V,231(E1),W,-7.878,2
-7.396,-7.567,8,V,231(E1),Y,-7.369,2
-0.7608,-0.5321,1,P,232(E1),-,,
-2.065,-2.378,6,P,232(E1),A,-2.812,4
-4.665,-6.672,11,P,232(E1),C,-7.2,3
-5.259,-7.075,4,P,232(E1),D,-8,2
-5.544,-7.207,2,P,232(E1),E,,
-6.719,-7.5,15,P,232(E1),F,-8,5
-3.181,-4.601,5,P,232(E1),G,-4.856,3
-5.006,-6.926,6,P,232(E1),H,-6.865,2
-7.272,-7.558,8,P,232(E1),I,-8,5
-5.305,-7.098,4,P,232(E1),K,-8,3
-5.973,-7.352,5,P,232(E1),L,-7.953,2
-4.106,-6.085,2,P,232(E1),M,-6.405,1
-6.447,-7.457,5,P,232(E1),N,-8,2
0,0,,P,232(E1),P,0,
-4.876,-6.837,12,P,232(E1),Q,-5.56,3
-5.865,-7.32,8,P,232(E1),R,-7.672,5
-4.733,-6.728,22,P,232(E1),S,-6.577,3
-5.259,-7.075,21,P,232(E1),T,-8,7
3.77,0.5237,4,P,232(E1),V,-8,1
-5.26,-7.075,9,P,232(E1),W,-7.564,6
-4.829,-6.803,2,P,232(E1),Y,-7.122,2
-4.895,-6.851,5,Y,233(E1),*,,
-0.6258,-0.4127,2,Y,233(E1),-,,
-0.7175,-0.4925,5,Y,233(E1),A,-1.899,1
-1.94,-2.148,5,Y,233(E1),C,-2.616,4
-5.606,-7.231,4,Y,233(E1),D,-7.216,1
-5.719,-7.273,6,Y,233(E1),E,-8,4
-1.639,-1.635,4,Y,233(E1),F,-0.177,2
-7.11,-7.544,9,Y,233(E1),G,-8,4
1.075,0.3454,6,Y,233(E1),H,1.234,1
0.2227,0.1015,13,Y,233(E1),I,0.2341,8
-1.724,-1.775,4,Y,233(E1),K,-2.62,2
1.089,0.348,7,Y,233(E1),L,-0.03102,5
3.257,0.5149,4,Y,233(E1),M,0.838,4
-1.401,-1.278,11,Y,233(E1),N,-1.825,6
-8.612,-7.616,8,Y,233(E1),P,-7.835,4
-6.2,-7.408,6,Y,233(E1),Q,-8,4
-1.934,-2.138,4,Y,233(E1),R,-3.392,4
-0.8804,-0.6482,5,Y,233(E1),S,-1.051,3
-0.9181,-0.6869,6,Y,233(E1),T,-0.4036,3
-0.5102,-0.32,4,Y,233(E1),V,-0.3557,4
-1.376,-1.243,5,Y,233(E1),W,-1.51,4
0,0,,Y,233(E1),Y,0,
-0.895,-0.663,2,S,234(E1),-,,
-3.498,-5.178,8,S,234(E1),A,-5.313,5
-3.674,-5.47,4,S,234(E1),C,-5.7,1
2.931,0.5064,2,S,234(E1),D,0.6608,2
-2.329,-2.89,4,S,234(E1),E,-2.688,2
-2.686,-3.615,8,S,234(E1),F,-4.207,4
-2.776,-3.798,6,S,234(E1),G,-6.11,1
-3.282,-4.791,7,S,234(E1),H,-5.107,2
-3.449,-5.092,7,S,234(E1),I,-5.774,3
-3.872,-5.77,4,S,234(E1),K,-6.585,2
-3.65,-5.432,5,S,234(E1),L,-5.258,4
-2.476,-3.185,9,S,234(E1),M,-3.59,5
0.1848,0.08561,1,S,234(E1),N,,
-4.969,-6.902,3,S,234(E1),P,-7.569,2
-2.117,-2.477,6,S,234(E1),Q,-2.942,4
-3.799,-5.662,4,S,234(E1),R,-7.079,2
0,0,,S,234(E1),S,0,
-3.233,-4.701,5,S,234(E1),T,-4.747,2
-3.275,-4.778,10,S,234(E1),V,-5.216,4
-2.644,-3.528,2,S,234(E1),W,-3.85,1
-3.056,-4.358,3,S,234(E1),Y,-4.229,1
-6.849,-7.516,8,Q,235(E1),*,,
-0.9948,-0.7689,2,Q,235(E1),-,,
-2.877,-4.003,8,Q,235(E1),A,-4.232,5
-5.629,-7.24,8,Q,235(E1),C,-7.54,6
-7.03,-7.536,12,Q,235(E1),D,-8,7
-2.52,-3.276,3,Q,235(E1),E,-3.043,2
-5.239,-7.064,10,Q,235(E1),F,-7.46,6
-5.139,-7.008,7,Q,235(E1),G,-7.325,4
-5.416,-7.151,12,Q,235(E1),H,-6.601,2
-1.945,-2.158,12,Q,235(E1),I,-3.109,6
-7.214,-7.553,7,Q,235(E1),K,-8,3
-6.047,-7.372,15,Q,235(E1),L,-7.379,8
-3.923,-5.843,5,Q,235(E1),M,-5.912,2
-1.769,-1.849,6,Q,235(E1),N,-2.268,4
-5.042,-6.949,9,Q,235(E1),P,-7.402,9
0,0,,Q,235(E1),Q,0,
-7.663,-7.583,53,Q,235(E1),R,-7.959,9
-2.612,-3.462,6,Q,235(E1),S,-3.51,5
-2.614,-3.467,4,Q,235(E1),T,-4.171,1
-2.789,-3.823,6,Q,235(E1),V,-3.838,5
-7.072,-7.54,6,Q,235(E1),W,-8,4
-6.113,-7.388,2,Q,235(E1),Y,-8,1
-0.7787,-0.5488,2,A,236(E1),-,,
0,0,,A,236(E1),A,0,
-3.652,-5.435,1,A,236(E1),C,,
-2.941,-4.13,14,A,236(E1),D,-4.107,6
-3.078,-4.402,1,A,236(E1),E,-4.697,1
-3.639,-5.413,6,A,236(E1),F,-5.594,3
-2.666,-3.572,8,A,236(E1),G,-3.446,5
-4.348,-6.368,6,A,236(E1),H,-7.035,3
1.242,0.3742,8,A,236(E1),I,-0.4687,5
-3.435,-5.069,3,A,236(E1),K,-6.072,2
-2.811,-3.869,1,A,236(E1),L,-4.193,1
-3.765,-5.611,2,A,236(E1),M,-5.866,1
-3.543,-5.255,5,A,236(E1),N,-5.488,2
-6.217,-7.412,10,A,236(E1),P,-8,5
-3.022,-4.292,3,A,236(E1),Q,-4.431,2
-2.341,-2.913,1,A,236(E1),R,-3.227,1
-2.976,-4.201,10,A,236(E1),S,-4.544,4
-2.471,-3.175,16,A,236(E1),T,-3.234,4
-1.699,-1.734,10,A,236(E1),V,-1.474,1
-2.814,-3.875,5,A,236(E1),W,-4.252,2
-2.963,-4.175,7,A,236(E1),Y,-4.607,5
-0.8098,-0.5785,2,P,237(E1),-,,
-2.462,-3.157,1,P,237(E1),A,-3.404,1
-3.187,-4.613,6,P,237(E1),C,-4.788,4
-2.937,-4.123,2,P,237(E1),D,,
-3.467,-5.125,3,P,237(E1),E,-5.524,2
-2.924,-4.096,4,P,237(E1),F,,
-3.301,-4.827,7,P,237(E1),G,-5.07,1
-3.646,-5.425,5,P,237(E1),H,,
-3.747,-5.583,9,P,237(E1),I,-6.042,1
-2.667,-3.575,3,P,237(E1),K,-3.86,2
-3.09,-4.426,6,P,237(E1),L,-4.681,2
-3.242,-4.717,4,P,237(E1),M,-4.662,2
-1.962,-2.188,2,P,237(E1),N,,
0,0,,P,237(E1),P,0,
-3.201,-4.639,4,P,237(E1),Q,-5.149,2
-2.699,-3.64,2,P,237(E1),R,-3.677,2
-2.995,-4.238,5,P,237(E1),S,-4.193,1
-3.442,-5.081,7,P,237(E1),T,-6.039,3
-2.879,-4.006,4,P,237(E1),V,-4.901,1
-3.374,-4.959,6,P,237(E1),W,-5.107,4
-3.433,-5.064,4,P,237(E1),Y,-5.448,1
-2.141,-2.522,3,S,238(E1),-,,
-2.07,-2.388,5,S,238(E1),A,-2.709,2
-2.788,-3.823,8,S,238(E1),C,-3.845,2
-6.874,-7.519,5,S,238(E1),D,-8,3
-7.032,-7.536,7,S,238(E1),E,-8,4
-5.966,-7.35,4,S,238(E1),F,-7.695,3
-2.857,-3.961,7,S,238(E1),G,-4.24,3
-4.996,-6.92,6,S,238(E1),H,-7.124,3
-4.512,-6.533,12,S,238(E1),I,-8,3
-6.157,-7.398,7,S,238(E1),K,-8,3
-5.332,-7.111,6,S,238(E1),L,-7.774,4
-0.5811,-0.3759,3,S,238(E1),M,,
-3.26,-4.75,14,S,238(E1),N,-5.433,3
-1.214,-1.028,5,S,238(E1),P,-1.112,4
-3.18,-4.6,3,S,238(E1),Q,-4.478,3
-5.717,-7.272,10,S,238(E1),R,-6.846,3
0,0,,S,238(E1),S,0,
-3.626,-5.392,3,S,238(E1),T,-6.461,1
-3.178,-4.596,7,S,238(E1),V,-5.013,4
-4.344,-6.363,4,S,238(E1),W,-6.668,1
-5.834,-7.311,10,S,238(E1),Y,-8,7
2.79,0.5018,4,G,239(E1),-,,
-3.736,-5.567,4,G,239(E1),A,,
-7.13,-7.546,7,G,239(E1),C,-8,4
-6.705,-7.498,42,G,239(E1),D,-7.559,8
-6.437,-7.456,3,G,239(E1),E,-8,3
-6.892,-7.521,5,G,239(E1),F,-8,1
0,0,,G,239(E1),G,0,
-7.396,-7.567,10,G,239(E1),H,-8,5
-4.379,-6.401,3,G,239(E1),I,-6.723,2
-5.163,-7.022,6,G,239(E1),K,-8,1
-6.657,-7.491,4,G,239(E1),L,-8,1
-6.402,-7.449,3,G,239(E1),M,-8,2
-6.272,-7.424,3,G,239(E1),N,-7.821,2
-5.683,-7.26,7,G,239(E1),P,-6.762,1
-5.763,-7.288,6,G,239(E1),Q,-8,3
-5.73,-7.277,4,G,239(E1),R,-7.787,3
-5.964,-7.349,7,G,239(E1),S,-8,1
-6.155,-7.398,6,G,239(E1),T,-8,3
-7.094,-7.542,17,G,239(E1),V,-8,7
-0.6918,-0.4696,1,G,239(E1),W,-0.7632,1
-3.577,-5.311,7,G,239(E1),Y,-5.425,5
-2.266,-2.765,2,F,240(E1),-,,
-5.343,-7.117,4,F,240(E1),A,-8,3
-10.46,-7.634,5,F,240(E1),C,-8,4
-5.31,-7.101,4,F,240(E1),D,-8,3
-6.897,-7.522,4,F,240(E1),E,-8,3
0,0,,F,240(E1),F,0,
-4.752,-6.744,4,F,240(E1),G,-6.874,1
-4.435,-6.458,2,F,240(E1),H,-6.912,2
-5.942,-7.343,7,F,240(E1),I,-8,1
-6.914,-7.524,3,F,240(E1),K,-8,1
-6.745,-7.503,14,F,240(E1),L,-7.201,1
-5.465,-7.174,3,F,240(E1),M,-7.546,2
-1.195,-1.004,1,F,240(E1),P,,
-6.389,-7.447,2,F,240(E1),Q,-8,1
-6.034,-7.368,3,F,240(E1),R,-8,1
-6.343,-7.438,4,F,240(E1),S,-8,1
-4.205,-6.206,4,F,240(E1),T,-6.181,2
-3.62,-5.382,3,F,240(E1),V,-6.364,2
-3.214,-4.665,2,F,240(E1),W,,
0.1589,0.07443,2,F,240(E1),Y,,
-4.582,-6.599,1,K,241(E1),*,,
-0.6927,-0.4703,1,K,241(E1),-,,
-2.552,-3.34,2,K,241(E1),A,-5.319,2
-4.257,-6.266,5,K,241(E1),C,-4.21,2
-4.496,-6.519,4,K,241(E1),D,-6.861,3
-3.991,-5.935,7,K,241(E1),E,-5.426,2
-5.951,-7.346,2,K,241(E1),F,-8,1
-2.227,-2.689,3,K,241(E1),G,,
-2.585,-3.407,3,K,241(E1),H,-3.769,3
-3.412,-5.027,2,K,241(E1),I,-5.51,1
0,0,,K,241(E1),K,0,
-4.397,-6.419,3,K,241(E1),L,-6.725,3
-2.278,-2.789,2,K,241(E1),M,-3.069,1
-3.702,-5.514,6,K,241(E1),N,-5.416,2
-6.198,-7.408,3,K,241(E1),P,-8,1
-2.333,-2.899,1,K,241(E1),Q,-3.224,1
-0.579,-0.3742,2,K,241(E1),R,-0.6419,1
-2.592,-3.421,2,K,241(E1),S,-3.724,2
-3.671,-5.465,3,K,241(E1),T,-6.313,1
-5.828,-7.309,1,K,241(E1),V,,
-4.662,-6.669,5,K,241(E1),W,-7.003,4
-2.175,-2.587,2,K,241(E1),Y,,
-3.47,-5.13,2,Y,242(E1),A,-5.425,2
-3.208,-4.652,5,Y,242(E1),C,-4.614,3
-4.3,-6.316,5,Y,242(E1),D,-7.004,2
-3.404,-5.013,3,Y,242(E1),E,-5.041,3
-3.858,-5.749,1,Y,242(E1),F,,
-3.171,-4.582,2,Y,242(E1),G,-4.539,1
-2.6,-3.438,2,Y,242(E1),H,,
-3.855,-5.746,4,Y,242(E1),K,-6.809,2
-2.883,-4.015,3,Y,242(E1),L,-4.535,2
-2.798,-3.842,6,Y,242(E1),N,-4.379,2
-8.634,-7.617,3,Y,242(E1),P,-8,1
-2.719,-3.682,2,Y,242(E1),Q,-4.018,1
-4.478,-6.5,1,Y,242(E1),S,-7.305,1
-2.935,-4.119,4,Y,242(E1),T,-4.427,3
-5.835,-7.311,1,Y,242(E1),V,-8,1
-2.132,-2.505,4,Y,242(E1),W,-2.846,1
0,0,,Y,242(E1),Y,0,
-6.981,-7.531,40,W,243(E1),*,-8,8
-6.564,-7.477,2,W,243(E1),A,-8,2
-5.222,-7.055,9,W,243(E1),C,-7.682,4
-5.966,-7.35,1,W,243(E1),D,-8,1
-8.642,-7.617,4,W,243(E1),E,-8,2
-0.9892,-0.7628,3,W,243(E1),F,-0.8145,3
-5.947,-7.345,2,W,243(E1),H,-8,1
-6.21,-7.41,3,W,243(E1),I,-7.639,2
-5.982,-7.354,2,W,243(E1),K,-8,1
-5.21,-7.048,8,W,243(E1),L,-8,3
-6.991,-7.532,4,W,243(E1),M,,
-6.639,-7.488,2,W,243(E1),N,-8,2
-3.897,-5.806,4,W,243(E1),P,-6.143,2
-6.949,-7.528,5,W,243(E1),Q,-8,2
-6.284,-7.426,3,W,243(E1),R,-8,1
-3.963,-5.898,3,W,243(E1),S,-6.654,2
-6.055,-7.374,5,W,243(E1),T,-8,4
-6.498,-7.466,5,W,243(E1),V,-8,4
0,0,,W,243(E1),W,0,
-0.0566,-0.0291,1,L,244(E1),A,,
-2.517,-3.269,1,L,244(E1),C,,
-4.462,-6.485,4,L,244(E1),D,-6.542,2
-2.686,-3.614,5,L,244(E1),E,-3.872,4
-1.136,-0.9316,3,L,244(E1),F,-0.7073,1
-3.66,-5.447,4,L,244(E1),G,-7.092,1
-1.651,-1.655,2,L,244(E1),H,,
-0.1813,-0.09844,3,L,244(E1),I,,
-2.352,-2.936,1,L,244(E1),K,,
0,0,,L,244(E1),L,0,
-0.2008,-0.11,7,L,244(E1),M,0.02099,3
-2.536,-3.307,4,L,244(E1),N,,
-6.101,-7.385,5,L,244(E1),P,,
1.654,0.4284,2,L,244(E1),Q,0.3095,1
-2.016,-2.287,2,L,244(E1),S,-2.928,1
2.171,0.4719,1,L,244(E1),T,,
-3.653,-5.436,2,L,244(E1),W,,
-1.467,-1.374,2,L,244(E1),Y,-1.597,1
-1.157,-0.9574,1,K,245(E1),*,,
1.633,0.4263,1,K,245(E1),A,,
3.098,0.5111,3,K,245(E1),D,0.4594,3
-0.3714,-0.2192,7,K,245(E1),G,,
3.115,0.5115,1,K,245(E1),H,2.087,1
1.658,0.4289,7,K,245(E1),I,1.359,4
0,0,,K,245(E1),K,0,
0.9296,0.3162,4,K,245(E1),L,1.274,3
2.2,0.4737,7,K,245(E1),M,,
2.424,0.4864,7,K,245(E1),N,0.571,4
-5.89,-7.328,2,K,245(E1),P,-7.938,1
1.053,0.3413,2,K,245(E1),Q,-0.3183,1
-2.041,-2.333,1,K,245(E1),R,,
2.417,0.486,2,K,245(E1),S,,
-2.026,-2.305,1,K,245(E1),T,-2.573,1
0.7495,0.2741,3,K,245(E1),V,,
3.376,0.5173,2,K,245(E1),W,-1.628,1
6.207,0.5358,6,K,245(E1),Y,2.032,3
-8.341,-7.61,1,E,246(E1),*,,
-4.492,-6.515,4,E,246(E1),A,,
-6.852,-7.516,2,E,246(E1),C,,
1.068,0.3441,7,E,246(E1),D,0.4793,3
0,0,,E,246(E1),E,0,
-5.415,-7.151,1,E,246(E1),F,-7.465,1
-2.81,-3.866,7,E,246(E1),G,-5.242,2
-8.073,-7.601,1,E,246(E1),H,-8,1
-2.659,-3.558,4,E,246(E1),K,-3.092,1
-3.375,-4.961,2,E,246(E1),L,-5.255,2
-3.001,-4.25,6,E,246(E1),M,-4.432,3
-2.436,-3.105,1,E,246(E1),N,-3.248,1
-6.908,-7.523,5,E,246(E1),P,-8,3
-2.723,-3.69,3,E,246(E1),Q,-4.441,1
-4.31,-6.326,2,E,246(E1),R,-6.7,1
-3.328,-4.877,3,E,246(E1),S,-5.403,2
-2.593,-3.425,3,E,246(E1),T,-3.419,2
-3.028,-4.303,2,E,246(E1),V,-4.899,1
-3.658,-5.443,3,E,246(E1),W,,
-1.611,-1.591,1,E,246(E1),Y,,
-1.953,-2.172,1,R,247(E1),*,,
-1.872,-2.027,1,R,247(E1),A,,
-2.568,-3.372,5,R,247(E1),C,-2.966,1
-5.411,-7.149,4,R,247(E1),D,-8,2
-6.517,-7.469,2,R,247(E1),E,-8,1
-6.601,-7.482,6,R,247(E1),F,-8,4
-3.313,-4.848,3,R,247(E1),G,,
-1.215,-1.029,2,R,247(E1),H,,
-1.875,-2.032,4,R,247(E1),I,-2.042,2
-1.089,-0.8754,6,R,247(E1),K,,
-3.701,-5.512,2,R,247(E1),M,,
-2.565,-3.367,6,R,247(E1),N,-3.526,4
-3.157,-4.555,1,R,247(E1),P,-4.846,1
-2.758,-3.761,6,R,247(E1),Q,-3.709,4
0,0,,R,247(E1),R,0,
-2.134,-2.509,5,R,247(E1),S,-2.358,3
-2.93,-4.11,2,R,247(E1),T,,
-2.435,-3.102,1,R,247(E1),V,-3.422,1
0.6937,0.2595,2,R,247(E1),W,,
-7.326,-7.562,4,R,247(E1),Y,-8,2
-2.26,-2.754,5,G,248(E1),C,,
-2.643,-3.526,7,G,248(E1),D,-3.682,1
-1.299,-1.139,2,G,248(E1),E,,
-1.978,-2.217,3,G,248(E1),F,-2.689,3
0,0,,G,248(E1),G,0,
-1.386,-1.257,3,G,248(E1),H,-1.062,2
-1.493,-1.411,8,G,248(E1),I,-1.45,6
0.01183,0.005905,1,G,248(E1),K,,
2.267,0.4778,1,G,248(E1),L,,
-0.9804,-0.7532,3,G,248(E1),M,-0.6996,1
-1.759,-1.833,3,G,248(E1),N,-2.138,3
-1.318,-1.164,6,G,248(E1),S,-2.106,1
-1.736,-1.794,1,G,248(E1),T,-2.103,1
0.3757,0.1604,3,G,248(E1),V,-2.265,1
-2.254,-2.741,2,G,248(E1),W,-3.034,1
-4.476,-6.499,1,G,248(E1),Y,,
0,0,,A,249(E1),A,0,
-4.173,-6.168,3,A,249(E1),D,-6.498,1
-3.02,-4.289,3,A,249(E1),E,-5.012,1
-4.906,-6.859,3,A,249(E1),F,-7.381,3
-2.466,-3.166,3,A,249(E1),G,-2.487,1
-5.053,-6.957,5,A,249(E1),H,-8,1
-0.4842,-0.3002,1,A,249(E1),I,,
-3.489,-5.163,2,A,249(E1),K,,
-5.353,-7.122,3,A,249(E1),L,-8,3
-2.135,-2.511,1,A,249(E1),M,-2.806,1
-2.173,-2.585,6,A,249(E1),P,-3.178,2
2.531,0.4915,2,A,249(E1),Q,1.068,1
0.3375,0.1465,3,A,249(E1),R,0.7779,2
5.579,0.5348,7,A,249(E1),S,0.3247,3
-1.514,-1.442,17,A,249(E1),T,-1.316,3
-1.6,-1.574,6,A,249(E1),V,,
-4.971,-6.904,3,A,249(E1),W,,
-14.23,-7.637,1,A,249(E1),Y,-8,1
1.082,0.3467,2,S,250(E1),A,0.09196,2
-2.715,-3.672,3,S,250(E1),C,-4.353,3
-1.412,-1.293,1,S,250(E1),D,-1.583,1
-5.86,-7.319,11,S,250(E1),F,-7.458,3
-2.689,-3.619,2,S,250(E1),G,-3.878,1
-2.379,-2.99,4,S,250(E1),H,-3.261,2
-6.943,-7.527,1,S,250(E1),I,-8,1
-5.179,-7.031,4,S,250(E1),K,-7.481,2
-0.5661,-0.3638,2,S,250(E1),M,-0.5321,1
-2.35,-2.931,2,S,250(E1),N,-3.104,1
-1.638,-1.635,5,S,250(E1),P,-1.833,3
-4.503,-6.525,2,S,250(E1),Q,,
-2.707,-3.657,2,S,250(E1),R,-8,1
0,0,,S,250(E1),S,0,
-3.131,-4.505,2,S,250(E1),T,,
-6.336,-7.437,4,S,250(E1),V,-8,2
-5.636,-7.243,4,S,250(E1),W,-7.621,2
-6.673,-7.493,4,S,250(E1),Y,-8,2
-3.742,-5.576,3,L,251(E1),A,-5.751,3
-7.476,-7.572,6,L,251(E1),C,-7.585,2
-5.977,-7.353,3,L,251(E1),D,-8,1
-3.375,-4.961,1,L,251(E1),E,-5.337,1
-6.078,-7.379,3,L,251(E1),F,,
-6.49,-7.465,3,L,251(E1),G,-7.568,2
-6.464,-7.46,5,L,251(E1),H,-8,1
-1.854,-1.995,6,L,251(E1),I,-2.298,3
-5.372,-7.131,1,L,251(E1),K,-7.308,1
0,0,,L,251(E1),L,0,
-0.5411,-0.344,9,L,251(E1),M,-0.4507,1
-4.937,-6.88,9,L,251(E1),P,-6.942,2
-6.883,-7.52,7,L,251(E1),Q,-8,3
-5.89,-7.328,1,L,251(E1),R,-8,1
-5.948,-7.345,8,L,251(E1),S,-8,4
2.77,0.5011,4,L,251(E1),T,-6.999,2
-2.684,-3.609,2,L,251(E1),V,-4.38,2
-6.723,-7.5,4,L,251(E1),Y,-8,2
-3.34,-4.899,10,Q,252(E1),*,-5.162,2
1.653,0.4284,3,Q,252(E1),A,0.5881,1
-1.136,-0.9314,4,Q,252(E1),C,-0.2576,3
1.286,0.3812,3,Q,252(E1),D,0.7951,2
-1.334,-1.186,4,Q,252(E1),E,-1.338,2
-1.429,-1.317,1,Q,252(E1),F,,
-0.7353,-0.5086,2,Q,252(E1),G,-0.4604,1
8.321,0.5368,7,Q,252(E1),H,-0.1934,2
-1.643,-1.642,1,Q,252(E1),I,,
-0.257,-0.1443,5,Q,252(E1),K,0.2515,1
2.732,0.4997,3,Q,252(E1),L,-0.6915,1
0.2421,0.1094,2,Q,252(E1),M,0.6588,1
1.088,0.3478,1,Q,252(E1),N,,
-2.307,-2.847,6,Q,252(E1),P,-3.316,3
0,0,,Q,252(E1),Q,0,
3.592,0.5211,1,Q,252(E1),R,,
0.5866,0.2293,2,Q,252(E1),T,-0.04235,2
-1.412,-1.293,7,Q,252(E1),V,-1.562,7
-2.753,-3.751,2,Q,252(E1),Y,-3.971,1
-1.272,-1.102,2,H,253(E1),A,-1.402,2
-2.733,-3.709,4,H,253(E1),C,-3.9,1
-6.103,-7.386,1,H,253(E1),D,-8,1
-1.916,-2.105,1,H,253(E1),E,,
1.584,0.4207,3,H,253(E1),F,0.4831,1
0,0,,H,253(E1),H,0,
-6.178,-7.403,2,H,253(E1),I,,
-4.214,-6.217,3,H,253(E1),K,,
-1.771,-1.852,3,H,253(E1),L,,
-1.879,-2.039,3,H,253(E1),M,-2.172,3
-0.2053,-0.1127,5,H,253(E1),N,-0.4259,2
-4.182,-6.179,7,H,253(E1),P,-6.55,3
-0.779,-0.5491,4,H,253(E1),Q,-1.686,2
-2.247,-2.729,1,H,253(E1),R,-3.032,1
0.1316,0.06238,3,H,253(E1),S,-0.06411,3
-7.258,-7.556,3,H,253(E1),V,-6.233,1
3.407,0.518,3,H,253(E1),W,-8,1
1.554,0.4173,12,H,253(E1),Y,1.551,2
-9.416,-7.628,1,T,254(E1),*,,
-1.009,-0.7847,1,T,254(E1),A,-1.063,1
-2.694,-3.631,2,T,254(E1),C,-3.923,2
-5.848,-7.315,2,T,254(E1),D,-8,1
-6.508,-7.468,4,T,254(E1),E,-8,2
-6.502,-7.467,4,T,254(E1),G,-8,2
-1.963,-2.191,2,T,254(E1),H,-2.488,2
-1.795,-1.894,6,T,254(E1),I,-2.169,3
-1.198,-1.008,3,T,254(E1),K,-1.296,1
-2.31,-2.851,2,T,254(E1),M,-3.318,1
-2.356,-2.943,3,T,254(E1),N,,
-4.05,-6.013,4,T,254(E1),P,-5.871,1
-2.532,-3.3,4,T,254(E1),Q,-3.756,2
-1.277,-1.109,1,T,254(E1),R,-1.429,1
-2.026,-2.305,5,T,254(E1),S,-2.508,2
0,0,,T,254(E1),T,0,
-6.287,-7.427,3,T,254(E1),W,-8,1
-6.395,-7.448,3,T,254(E1),Y,-8,2
0,0,,A,255(E1),A,0,
0.1902,0.08789,4,A,255(E1),C,-0.9058,3
-7.399,-7.567,9,A,255(E1),D,-8,6
-9.685,-7.63,3,A,255(E1),E,-8,2
-6.779,-7.507,4,A,255(E1),F,-7.993,2
0.3071,0.135,5,A,255(E1),G,0.1626,3
-6.105,-7.386,10,A,255(E1),H,-8,7
-4.996,-6.92,5,A,255(E1),I,-7.233,3
-5.178,-7.03,6,A,255(E1),K,-7.469,3
-1.317,-1.162,6,A,255(E1),L,-1.376,4
-3.518,-5.212,7,A,255(E1),M,-5.455,4
-4.955,-6.893,4,A,255(E1),N,-8,2
-6.514,-7.469,7,A,255(E1),P,-8,3
-4.394,-6.416,6,A,255(E1),Q,-7.396,1
-5.218,-7.052,4,A,255(E1),R,-7.456,2
0.6971,0.2604,3,A,255(E1),S,0.2293,1
-0.79,-0.5595,28,A,255(E1),T,-0.7322,7
-4.993,-6.918,31,A,255(E1),V,-6.349,6
-7.656,-7.583,8,A,255(E1),W,-8,5
-5.277,-7.084,6,A,255(E1),Y,-7.297,2
-0.8672,-0.6349,1,P,256(E1),-,,
0.06731,0.0328,6,P,256(E1),A,-0.5745,4
-5.147,-7.013,7,P,256(E1),C,-8,5
-5.721,-7.274,4,P,256(E1),D,-8,2
-8.355,-7.61,5,P,256(E1),E,-8,3
-6.684,-7.495,3,P,256(E1),F,-8,1
-2.42,-3.073,4,P,256(E1),G,-2.664,1
-5.453,-7.168,6,P,256(E1),H,-7.481,2
-6.573,-7.478,5,P,256(E1),I,-8,2
-6.992,-7.532,5,P,256(E1),K,-8,4
-7.64,-7.582,5,P,256(E1),L,-8,1
-9.205,-7.626,9,P,256(E1),M,-8,5
-5.705,-7.268,9,P,256(E1),N,-8,4
0,0,,P,256(E1),P,0,
-2.165,-2.569,6,P,256(E1),Q,-2.154,2
-4.99,-6.916,9,P,256(E1),R,-7.684,3
-1.295,-1.132,4,P,256(E1),S,-1.433,3
-6.334,-7.436,3,P,256(E1),T,-8,1
-6.247,-7.419,4,P,256(E1),V,-8,2
-6.297,-7.429,4,P,256(E1),W,-8,2
-6.68,-7.494,5,P,256(E1),Y,-8,2
-0.416,-0.2503,2,F,257(E1),-,,
-5.992,-7.357,3,F,257(E1),A,-8,1
-4.359,-6.379,4,F,257(E1),C,-5.978,1
-6.478,-7.463,2,F,257(E1),D,-8,1
-5.804,-7.301,8,F,257(E1),E,-7.883,4
0,0,,F,257(E1),F,0,
-6.77,-7.506,4,F,257(E1),G,-8,3
-6.879,-7.52,7,F,257(E1),I,-7.059,2
-6.582,-7.48,3,F,257(E1),K,-8,2
-3.173,-4.585,16,F,257(E1),L,-3.613,2
-1.78,-1.868,5,F,257(E1),M,-1.798,2
-4,-5.948,5,F,257(E1),N,-5.891,2
-7.701,-7.585,8,F,257(E1),P,-8,3
-4.776,-6.762,3,F,257(E1),Q,-7.13,2
-4.823,-6.798,3,F,257(E1),R,-7.284,2
-5.045,-6.952,6,F,257(E1),S,-8,3
-6.096,-7.384,4,F,257(E1),T,-8,1
-6.565,-7.477,3,F,257(E1),V,-8,2
-2.803,-3.852,3,F,257(E1),W,,
-3.545,-5.259,9,F,257(E1),Y,-5.448,5
-1.024,-0.8016,4,G,258(E1),-,,
0.3072,0.135,6,G,258(E1),A,0.6894,2
-3.289,-4.804,10,G,258(E1),C,-4.52,4
-6.841,-7.515,13,G,258(E1),D,-8,5
-5.441,-7.163,10,G,258(E1),E,-7.373,6
-5.092,-6.981,5,G,258(E1),F,-7.618,3
0,0,,G,258(E1),G,0,
-3.081,-4.409,3,G,258(E1),H,-3.895,1
-6.983,-7.531,5,G,258(E1),I,-8,4
-6.859,-7.517,7,G,258(E1),K,-8,3
-3.804,-5.671,4,G,258(E1),L,-8,1
-1.44,-1.333,7,G,258(E1),M,-2.838,2
-5.859,-7.319,5,G,258(E1),N,-8,2
-6.698,-7.497,8,G,258(E1),P,-7.273,2
-2.532,-3.299,5,G,258(E1),Q,-3.58,2
-4.273,-6.285,7,G,258(E1),R,-6.461,3
-1.967,-2.198,6,G,258(E1),S,-2.644,2
-3.442,-5.08,10,G,258(E1),T,-5.268,8
-5.09,-6.979,8,G,258(E1),V,-8,3
-10.06,-7.633,7,G,258(E1),W,-7.815,1
-5.062,-6.962,5,G,258(E1),Y,-7.271,2
-5.795,-7.299,8,C,259(E1),*,-6.929,2
-0.8397,-0.6076,3,C,259(E1),-,,
-5.251,-7.071,4,C,259(E1),A,-7.833,3
0,0,,C,259(E1),C,0,
-6.05,-7.372,8,C,259(E1),D,-8,4
-5.229,-7.059,4,C,259(E1),E,-6.814,2
-5.804,-7.301,10,C,259(E1),F,-7.455,4
-4.552,-6.572,2,C,259(E1),G,-6.915,2
-6.345,-7.438,7,C,259(E1),H,-8,6
-5.714,-7.271,7,C,259(E1),I,-8,6
-3.273,-4.775,3,C,259(E1),K,-4.827,1
-6.882,-7.52,7,C,259(E1),L,-8,2
-4.745,-6.738,3,C,259(E1),M,-7.08,3
-6.059,-7.375,1,C,259(E1),N,-8,1
-7.342,-7.563,8,C,259(E1),P,-8,6
-6.536,-7.472,2,C,259(E1),Q,-8,2
-5.869,-7.322,11,C,259(E1),R,-8,4
-7.319,-7.561,7,C,259(E1),S,-7.418,1
-5.462,-7.172,6,C,259(E1),T,-8,3
-5.705,-7.268,8,C,259(E1),V,-7.85,4
-5.264,-7.077,10,C,259(E1),W,-7.03,5
-8.915,-7.622,70,C,259(E1),Y,-8,10
-10.17,-7.633,8,Q,260(E1),*,-8,1
-1.163,-0.9646,4,Q,260(E1),-,,
0.7752,0.2805,10,Q,260(E1),A,-0.5213,3
-1.05,-0.8307,6,Q,260(E1),C,-0.529,2
-0.7832,-0.553,5,Q,260(E1),D,0.00235,2
-1.916,-2.104,3,Q,260(E1),E,-2.269,1
-0.7203,-0.495,5,Q,260(E1),F,-0.2506,2
-4.121,-6.104,4,Q,260(E1),G,,
-0.684,-0.4627,4,Q,260(E1),H,,
-1.359,-1.22,4,Q,260(E1),I,-1.298,3
-1.374,-1.24,5,Q,260(E1),K,-2.74,1
-0.7898,-0.5593,5,Q,260(E1),L,-1.104,3
1.816,0.4446,8,Q,260(E1),M,-0.2795,5
0.4488,0.1858,5,Q,260(E1),N,0.5414,2
-5.654,-7.25,7,Q,260(E1),P,-7.171,2
0,0,,Q,260(E1),Q,0,
-1.123,-0.9156,4,Q,260(E1),R,-2.47,1
-0.3199,-0.1846,3,Q,260(E1),S,-0.1007,2
1.376,0.3943,8,Q,260(E1),T,0.4832,6
-0.1545,-0.08291,5,Q,260(E1),V,0.1427,3
-0.3079,-0.1767,7,Q,260(E1),W,-0.07446,5
-0.3543,-0.2075,5,Q,260(E1),Y,-0.448,5
-0.5119,-0.3212,3,I,261(E1),-,,
-5.415,-7.151,3,I,261(E1),A,-7.494,2
-3.143,-4.529,2,I,261(E1),C,,
-5.459,-7.171,3,I,261(E1),D,-7.583,2
-6.776,-7.507,4,I,261(E1),E,-8,2
-0.1899,-0.1035,9,I,261(E1),F,-0.07337,5
-5.265,-7.078,4,I,261(E1),G,-7.23,1
-8.573,-7.616,10,I,261(E1),H,-8,5
0,0,,I,261(E1),I,0,
-5.654,-7.249,18,I,261(E1),K,-8,10
-0.928,-0.6972,6,I,261(E1),L,-0.3041,3
0.3868,0.1644,4,I,261(E1),M,0.02222,2
-7.205,-7.552,11,I,261(E1),N,-8,7
-7.028,-7.536,7,I,261(E1),P,-8,3
-5.569,-7.217,7,I,261(E1),Q,-8,4
-6.056,-7.374,4,I,261(E1),R,-8,1
-5.971,-7.351,5,I,261(E1),S,-8,1
-2.832,-3.911,6,I,261(E1),T,-3.891,3
-0.5759,-0.3716,7,I,261(E1),V,-0.0102,4
-7.363,-7.564,8,I,261(E1),W,-8,4
-5.982,-7.354,5,I,261(E1),Y,-8,3
-0.2779,-0.1574,3,A,262(E1),-,,
0,0,,A,262(E1),A,0,
-0.7056,-0.4818,3,A,262(E1),C,-1.26,1
0.01036,0.005175,5,A,262(E1),D,0.861,2
-0.5931,-0.3856,4,A,262(E1),E,-0.1699,3
1.977,0.4581,3,A,262(E1),F,0.4377,1
-1.345,-1.2,2,A,262(E1),G,-1.491,2
-0.4902,-0.3047,9,A,262(E1),H,-0.3993,4
-0.5052,-0.3161,8,A,262(E1),I,-0.9733,2
-0.8265,-0.5946,3,A,262(E1),K,-0.9548,2
-0.4536,-0.2775,5,A,262(E1),L,-1.228,3
1.949,0.4559,1,A,262(E1),M,0.4506,1
-0.1407,-0.07503,3,A,262(E1),N,-0.3888,2
-2.455,-3.143,15,A,262(E1),P,-3.355,8
2.759,0.5007,4,A,262(E1),Q,0.342,4
-1.343,-1.198,5,A,262(E1),R,-1.985,3
-0.6714,-0.4517,5,A,262(E1),S,-1.793,1
-1.314,-1.158,44,A,262(E1),T,-1.786,6
-1.335,-1.186,12,A,262(E1),V,-3.108,3
-1.017,-0.7934,2,A,262(E1),W,,
-0.4124,-0.2478,7,A,262(E1),Y,-1.072,4
-0.6754,-0.4552,3,T,263(E1),-,,
2.062,0.4645,8,T,263(E1),A,0.145,5
-1.207,-1.019,4,T,263(E1),C,-0.5579,2
-3.191,-4.619,4,T,263(E1),D,,
-2.172,-2.581,9,T,263(E1),E,-2.886,4
-0.7436,-0.5162,3,T,263(E1),F,-3.941,2
-1.336,-1.187,7,T,263(E1),G,-0.554,4
-2.548,-3.333,4,T,263(E1),H,-3.646,3
-0.4133,-0.2484,12,T,263(E1),I,-1.424,7
-2.378,-2.988,6,T,263(E1),K,-3.194,4
-1.75,-1.817,3,T,263(E1),L,-2.117,2
-1.696,-1.728,9,T,263(E1),M,-2.625,4
-1.514,-1.442,3,T,263(E1),N,-0.5256,1
-1.859,-2.004,4,T,263(E1),P,-2.644,3
-1.888,-2.056,2,T,263(E1),Q,-4.672,2
-2.932,-4.112,1,T,263(E1),R,-4.423,1
-0.4801,-0.2971,5,T,263(E1),S,-0.6024,4
0,0,,T,263(E1),T,0,
2.315,0.4806,7,T,263(E1),V,-0.09935,6
0.08423,0.04074,3,T,263(E1),W,0.1395,2
-1.851,-1.99,8,T,263(E1),Y,-1.536,5
-1.741,-1.802,1,N,264(E1),*,-2.113,1
-0.7879,-0.5575,3,N,264(E1),-,,
0.2652,0.1187,7,N,264(E1),A,0.4092,4
-1.394,-1.268,1,N,264(E1),C,-1.567,1
0.3,0.1323,5,N,264(E1),D,-0.5541,2
-0.2553,-0.1432,3,N,264(E1),E,0.3899,1
-0.5778,-0.3732,9,N,264(E1),F,-0.82,4
3.552,0.5205,5,N,264(E1),G,1.073,2
1.153,0.3595,5,N,264(E1),H,-1.212,2
-1.55,-1.498,1,N,264(E1),I,-1.771,1
-0.4134,-0.2485,12,N,264(E1),K,-0.5125,6
-0.5003,-0.3124,9,N,264(E1),L,-0.4078,3
0.1518,0.07132,7,N,264(E1),M,-0.007972,5
0,0,,N,264(E1),N,0,
-2.121,-2.484,4,N,264(E1),P,-3.018,3
2.233,0.4758,3,N,264(E1),Q,0.6033,2
-0.5303,-0.3355,4,N,264(E1),R,-1.187,2
2.412,0.4858,2,N,264(E1),S,0.4113,2
0.6997,0.2611,4,N,264(E1),T,-0.3699,3
-1.207,-1.019,4,N,264(E1),V,-2.076,1
-0.6153,-0.4039,2,N,264(E1),W,-0.7131,2
-1.901,-2.079,8,N,264(E1),Y,-2.132,1
-1.725,-1.777,2,P,265(E1),-,,
-2.803,-3.852,8,P,265(E1),A,-4.33,4
-5.455,-7.169,4,P,265(E1),C,-8,2
-5.988,-7.356,1,P,265(E1),D,-8,1
-5.573,-7.218,6,P,265(E1),E,-7.766,3
-4.454,-6.477,4,P,265(E1),F,-8,1
-3.195,-4.628,7,P,265(E1),G,-4.582,4
-3.975,-5.915,7,P,265(E1),H,-6.386,2
-6.098,-7.384,5,P,265(E1),I,,
-4.485,-6.508,4,P,265(E1),K,-6.493,1
-6.102,-7.385,8,P,265(E1),L,-8,4
-4.661,-6.668,8,P,265(E1),M,-6.293,6
-2.502,-3.238,4,P,265(E1),N,-3.764,2
0,0,,P,265(E1),P,0,
-3.256,-4.743,6,P,265(E1),Q,-4.998,6
-5.004,-6.925,3,P,265(E1),R,-7.261,2
-4.428,-6.451,7,P,265(E1),S,,
-3.692,-5.498,12,P,265(E1),T,-5.943,1
-4.399,-6.421,4,P,265(E1),V,-6.459,2
-4.83,-6.804,4,P,265(E1),W,,
-6.583,-7.48,2,P,265(E1),Y,-8,2
1.212,0.3694,1,V,266(E1),-,,
-8.6,-7.616,4,V,266(E1),A,-1.073,1
-3.855,-5.746,14,V,266(E1),C,-5.963,11
-5.611,-7.233,9,V,266(E1),D,-8,9
-6.693,-7.496,7,V,266(E1),E,-8,4
-5.433,-7.159,6,V,266(E1),F,-7.365,3
-6.631,-7.487,2,V,266(E1),G,-8,2
-8.651,-7.617,9,V,266(E1),H,-8,3
-0.636,-0.4213,4,V,266(E1),I,-0.5886,4
-6.08,-7.38,2,V,266(E1),K,-8,1
-1.551,-1.498,9,V,266(E1),L,-1.752,4
-1.944,-2.156,12,V,266(E1),M,-3,5
-5.682,-7.26,8,V,266(E1),N,-8,3
-1.067,-0.8498,6,V,266(E1),P,-0.6799,4
-6.125,-7.391,6,V,266(E1),Q,-7.329,2
-5.898,-7.33,11,V,266(E1),R,-8,8
-4.814,-6.791,5,V,266(E1),S,-7.554,3
-0.7412,-0.514,5,V,266(E1),T,0.1448,2
0,0,,V,266(E1),V,0,
-6.804,-7.511,5,V,266(E1),W,-8,2
-6.513,-7.469,6,V,266(E1),Y,-8,2
0.4741,0.1942,1,R,267(E1),-,,
-1.477,-1.387,4,R,267(E1),A,-1.874,4
-1.694,-1.726,7,R,267(E1),C,-2.858,1
-6.589,-7.481,3,R,267(E1),E,-8,2
-4.873,-6.835,5,R,267(E1),F,-7.112,2
-3.073,-4.393,7,R,267(E1),G,-4.319,3
-2.436,-3.105,2,R,267(E1),H,-2.325,1
-1.463,-1.366,6,R,267(E1),I,-1.732,3
-1.364,-1.226,2,R,267(E1),K,-1.937,2
-1.365,-1.227,8,R,267(E1),L,-1.426,2
1.35,0.3907,3,R,267(E1),M,-1.816,2
-3.583,-5.321,3,R,267(E1),N,-5.308,3
-5.875,-7.324,7,R,267(E1),P,-8,6
-1.55,-1.497,13,R,267(E1),Q,-0.5681,2
0,0,,R,267(E1),R,0,
-0.3887,-0.2311,4,R,267(E1),S,-0.4834,3
-0.7343,-0.5076,6,R,267(E1),T,-1.085,3
-0.1281,-0.06795,3,R,267(E1),V,,
-5.37,-7.13,72,R,267(E1),W,-8,13
-2.955,-4.159,12,R,267(E1),Y,-4.383,5
0.5751,0.2259,1,A,268(E1),-,,
0,0,,A,268(E1),A,0,
-1.381,-1.25,10,A,268(E1),C,-1.464,6
-7.764,-7.588,15,A,268(E1),D,-8,5
-6.043,-7.37,2,A,268(E1),E,-8,1
-5.81,-7.303,6,A,268(E1),F,-8,4
0.3762,0.1606,1,A,268(E1),G,,
-6.639,-7.488,3,A,268(E1),H,-8,2
-4.781,-6.767,4,A,268(E1),I,-7.564,3
-4.769,-6.757,6,A,268(E1),K,-7.123,2
-5.521,-7.197,5,A,268(E1),L,-7.954,5
-6.482,-7.463,7,A,268(E1),M,-8,1
-6.004,-7.36,3,A,268(E1),N,-7.024,1
-5.826,-7.308,3,A,268(E1),P,-8,1
-7.491,-7.573,2,A,268(E1),Q,-8,1
-6.097,-7.384,4,A,268(E1),R,-8,3
-0.5577,-0.3571,5,A,268(E1),S,0.5064,1
-3.05,-4.347,35,A,268(E1),T,-4.382,11
-2.235,-2.705,19,A,268(E1),V,-2.175,5
-6.656,-7.491,5,A,268(E1),W,-8,2
-6.251,-7.419,8,A,268(E1),Y,-8,1
0.887,0.3069,2,M,269(E1),-,,
-0.6773,-0.4569,5,M,269(E1),A,-0.8705,2
2.646,0.4964,5,M,269(E1),C,0.7161,3
-1.339,-1.191,5,M,269(E1),D,-1.347,3
-1.073,-0.8567,9,M,269(E1),E,-3.129,3
-0.8602,-0.6279,8,M,269(E1),F,-1.334,5
-2.325,-2.882,5,M,269(E1),G,-3.169,4
-1.713,-1.756,3,M,269(E1),H,-2.089,3
-0.1948,-0.1064,125,M,269(E1),I,-0.9649,17
-0.7908,-0.5603,1,M,269(E1),K,,
-0.8409,-0.6087,7,M,269(E1),L,-2.008,3
0,0,,M,269(E1),M,0,
0.2494,0.1123,3,M,269(E1),N,-0.0266,1
-6.821,-7.513,4,M,269(E1),P,-8,3
2.149,0.4705,3,M,269(E1),Q,-1.503,1
-0.7399,-0.5128,5,M,269(E1),R,-0.6369,2
-0.1729,-0.09355,2,M,269(E1),S,-0.6979,1
-1.444,-1.34,9,M,269(E1),T,-1.445,3
0.02377,0.0118,3,M,269(E1),V,,
-1.995,-2.249,2,M,269(E1),W,-1.595,1
0.5039,0.2039,4,M,269(E1),Y,-0.3508,4
-1.39,-1.263,2,N,270(E1),-,,
-1.097,-0.8853,6,N,270(E1),A,-1.165,3
-5.561,-7.214,4,N,270(E1),C,-8,3
2.037,0.4627,6,N,270(E1),D,-1.351,1
-1.637,-1.632,3,N,270(E1),E,-2.168,1
-3.287,-4.801,9,N,270(E1),F,-5.2,2
-1.79,-1.885,3,N,270(E1),G,-0.06047,1
-0.7757,-0.546,5,N,270(E1),H,-0.6284,3
-7.314,-7.561,8,N,270(E1),I,-8,7
-2.674,-3.59,8,N,270(E1),K,-3.344,3
-7.285,-7.559,7,N,270(E1),L,-7.506,3
-3.23,-4.693,5,N,270(E1),M,-5.452,3
0,0,,N,270(E1),N,0,
-2.983,-4.216,1,N,270(E1),P,,
-1.383,-1.253,2,N,270(E1),Q,-3.122,2
-2.293,-2.819,2,N,270(E1),R,-3.121,1
0.05551,0.02719,4,N,270(E1),S,-0.7816,1
-6.781,-7.508,8,N,270(E1),T,-8,2
-6.251,-7.419,7,N,270(E1),V,-8,4
-7.287,-7.559,9,N,270(E1),W,-8,5
-6.178,-7.403,12,N,270(E1),Y,-8,7
-7.753,-7.588,8,C,271(E1),*,-4.212,1
-1.216,-1.031,1,C,271(E1),-,,
-5.79,-7.297,5,C,271(E1),A,-7.627,2
0,0,,C,271(E1),C,0,
-5.788,-7.296,1,C,271(E1),D,,
-6.095,-7.384,4,C,271(E1),E,-7.562,2
-5.736,-7.279,9,C,271(E1),F,-6.66,2
-6.572,-7.478,5,C,271(E1),G,-8,2
-6.664,-7.492,6,C,271(E1),H,-8,3
-6.438,-7.456,5,C,271(E1),I,-8,3
-4.984,-6.912,5,C,271(E1),K,-7.918,1
-6.082,-7.38,2,C,271(E1),M,-8,1
-5.968,-7.35,4,C,271(E1),N,-8,3
-6.954,-7.528,4,C,271(E1),P,-8,3
-5.881,-7.325,5,C,271(E1),Q,-8,3
-6.349,-7.439,9,C,271(E1),R,-8,3
-6.777,-7.507,9,C,271(E1),S,-8,3
-6.662,-7.492,4,C,271(E1),T,-8,2
-5.603,-7.23,4,C,271(E1),V,-8,3
-6.528,-7.471,8,C,271(E1),W,-8,7
-6.051,-7.373,17,C,271(E1),Y,-7.942,4
-1.057,-0.8387,1,A,272(E1),-,,
0,0,,A,272(E1),A,0,
-1.961,-2.187,2,A,272(E1),C,-1.735,1
-1.495,-1.414,9,A,272(E1),D,-1.937,4
-3.063,-4.374,5,A,272(E1),E,-4.335,1
0.6179,0.2385,7,A,272(E1),F,0.8762,3
-0.2947,-0.1681,4,A,272(E1),G,-0.2394,3
-1.181,-0.9865,7,A,272(E1),H,-1.772,2
-0.2788,-0.158,8,A,272(E1),I,0.2278,5
-1.816,-1.93,2,A,272(E1),K,-2.211,2
0.1857,0.08599,5,A,272(E1),L,0.5542,1
0.4113,0.173,6,A,272(E1),M,1.287,1
0.01306,0.006516,5,A,272(E1),N,-0.3631,2
-6.379,-7.445,4,A,272(E1),P,-7.861,4
0.02175,0.01081,3,A,272(E1),Q,-0.8385,2
-4.063,-6.031,3,A,272(E1),R,-5.68,1
-0.1286,-0.06821,11,A,272(E1),S,0.8564,4
-0.8223,-0.5906,16,A,272(E1),T,-0.3241,6
-1.064,-0.8467,7,A,272(E1),V,-1.344,1
-2.783,-3.811,3,A,272(E1),W,-4.107,3
0.08708,0.04207,3,A,272(E1),Y,-0.1902,3
0.3599,0.1547,1,V,273(E1),-,,
-1.388,-1.26,10,V,273(E1),A,-0.3405,2
-1.807,-1.914,4,V,273(E1),C,-2.377,1
-4.886,-6.845,6,V,273(E1),D,-7.571,2
-1.288,-1.124,6,V,273(E1),E,-0.5796,2
-1.589,-1.557,4,V,273(E1),F,-1.917,4
-3.229,-4.691,5,V,273(E1),G,-5.011,4
-2.072,-2.391,1,V,273(E1),H,,
-2.233,-2.7,2,V,273(E1),I,-3.137,1
-5.836,-7.312,7,V,273(E1),K,-8,6
-2.205,-2.647,6,V,273(E1),L,-2.4,3
-1.237,-1.057,18,V,273(E1),M,-2.17,2
-1.151,-0.9495,5,V,273(E1),N,-1.619,2
-7.064,-7.539,7,V,273(E1),P,-8,6
-1.612,-1.594,8,V,273(E1),Q,-1.646,4
-3.949,-5.879,3,V,273(E1),R,-6.813,1
-1.638,-1.635,5,V,273(E1),S,-2.017,3
2.503,0.4902,1,V,273(E1),T,0.7138,1
0,0,,V,273(E1),V,0,
-5.629,-7.24,1,V,273(E1),W,,
-2.017,-2.289,5,V,273(E1),Y,-2.417,5
-3.968,-5.905,2,G,274(E1),*,,
0.2572,0.1155,1,G,274(E1),-,,
-2.92,-4.088,3,G,274(E1),A,-4.63,3
-7.687,-7.585,7,G,274(E1),C,-8,3
-4.405,-6.428,8,G,274(E1),D,-7.956,5
-6.514,-7.469,30,G,274(E1),E,-8,6
-6.426,-7.453,8,G,274(E1),F,-8,3
0,0,,G,274(E1),G,0,
-8.096,-7.602,2,G,274(E1),H,-7.456,2
-5.085,-6.976,9,G,274(E1),I,-8,6
-6.794,-7.509,6,G,274(E1),K,-8,5
-5.865,-7.321,13,G,274(E1),L,-8,7
-8.182,-7.605,13,G,274(E1),M,-8,8
-5.357,-7.124,2,G,274(E1),N,-7.471,2
-7.121,-7.545,6,G,274(E1),P,-8,3
-5.03,-6.942,8,G,274(E1),Q,-8,5
-5.912,-7.334,24,G,274(E1),R,-8,5
-1.883,-2.047,8,G,274(E1),S,-2.608,5
-6.952,-7.528,3,G,274(E1),T,,
-5.229,-7.059,6,G,274(E1),V,-8,5
-8.008,-7.599,3,G,274(E1),W,-8,1
-6.588,-7.481,4,G,274(E1),Y,-8,2
0.2169,0.0991,1,N,275(E1),-,,
-0.5903,-0.3834,6,N,275(E1),A,-0.4238,3
-5.367,-7.128,7,N,275(E1),C,-8,3
-1.826,-1.948,6,N,275(E1),D,-5.187,2
-2.234,-2.703,8,N,275(E1),E,-2.795,5
-0.6254,-0.4124,4,N,275(E1),F,-0.5566,3
-0.03504,-0.01785,5,N,275(E1),G,0.3584,2
-0.2564,-0.1439,8,N,275(E1),H,-0.8676,4
-1.188,-0.9946,9,N,275(E1),I,-0.7988,3
-8.906,-7.622,11,N,275(E1),K,-7.392,4
-0.3287,-0.1904,9,N,275(E1),L,-0.5593,7
1.076,0.3455,6,N,275(E1),M,-2.889,3
0,0,,N,275(E1),N,0,
-5.969,-7.351,8,N,275(E1),P,-8,3
-1.111,-0.9017,3,N,275(E1),Q,-1.345,1
-4.401,-6.424,4,N,275(E1),R,-6.772,3
-0.9922,-0.766,8,N,275(E1),S,-0.9192,4
-0.5421,-0.3447,5,N,275(E1),T,-0.8091,5
-3.137,-4.517,2,N,275(E1),V,-5.91,2
-3.112,-4.468,3,N,275(E1),W,-5.411,1
-1.684,-1.708,6,N,275(E1),Y,-1.651,2
-0.6395,-0.4243,3,M,276(E1),-,,
0.08376,0.04052,7,M,276(E1),A,-2.266,4
-0.3364,-0.1955,5,M,276(E1),C,,
-6.854,-7.517,5,M,276(E1),D,-8,3
-6.338,-7.437,8,M,276(E1),E,-8,4
-1.243,-1.065,4,M,276(E1),F,-0.8543,2
-3.083,-4.411,4,M,276(E1),G,,
-5.436,-7.161,5,M,276(E1),H,-6.931,2
0.132,0.06254,19,M,276(E1),I,-0.9802,6
-6.957,-7.528,5,M,276(E1),K,-6.33,4
-1.002,-0.7768,5,M,276(E1),L,-0.372,2
0,0,,M,276(E1),M,0,
-6.45,-7.458,2,M,276(E1),N,-8,1
-6.725,-7.5,3,M,276(E1),P,-8,2
-3.768,-5.615,8,M,276(E1),Q,-5.986,4
-5.821,-7.307,7,M,276(E1),R,-8,4
-1.902,-2.081,4,M,276(E1),S,-2.091,3
-1.372,-1.237,5,M,276(E1),T,-1.463,1
-0.5185,-0.3263,6,M,276(E1),V,-0.8369,4
-2.826,-3.9,4,M,276(E1),W,-2.148,2
-2.906,-4.06,7,M,276(E1),Y,-2.976,3
-0.01775,-0.008974,4,P,277(E1),-,,
-1.853,-1.994,5,P,277(E1),A,-2.314,2
-6.103,-7.385,7,P,277(E1),C,-8,5
-5.096,-6.983,8,P,277(E1),D,-7.477,4
-6.391,-7.447,3,P,277(E1),E,-8,3
-4.378,-6.399,9,P,277(E1),F,-6.088,4
-0.9504,-0.7209,4,P,277(E1),G,-1.943,2
-6.016,-7.363,11,P,277(E1),H,-6.694,2
-4.202,-6.202,4,P,277(E1),I,-7.027,2
-5.492,-7.185,4,P,277(E1),K,-7.326,3
-3.722,-5.544,11,P,277(E1),L,-6.612,4
-5.406,-7.147,3,P,277(E1),M,-8,3
-7.513,-7.575,2,P,277(E1),N,-8,1
0,0,,P,277(E1),P,0,
-4.702,-6.703,3,P,277(E1),Q,,
-5.576,-7.22,6,P,277(E1),R,-8,5
-6.545,-7.474,88,P,277(E1),S,-8,14
-4.9,-6.855,8,P,277(E1),T,-7.56,2
-1.829,-1.952,1,P,277(E1),V,-2.255,1
-5.349,-7.12,3,P,277(E1),W,-8,3
-4.629,-6.641,2,P,277(E1),Y,-7.021,2
-6.821,-7.513,12,I,278(E1),-,-8,1
-2.128,-2.498,6,I,278(E1),A,-2.546,4
-1.983,-2.226,1,I,278(E1),C,,
-5.362,-7.126,5,I,278(E1),D,-8,5
-6.689,-7.495,3,I,278(E1),E,-8,3
-0.7259,-0.5,1,I,278(E1),F,-0.8138,1
-6.618,-7.485,5,I,278(E1),G,-8,5
-6.707,-7.498,8,I,278(E1),H,-8,6
0,0,,I,278(E1),I,0,
-4.207,-6.209,4,I,278(E1),K,-6.696,2
3.328,0.5164,6,I,278(E1),L,0.9122,3
1.252,0.3759,7,I,278(E1),M,-0.2439,4
-5.492,-7.185,7,I,278(E1),N,-8,1
-4.16,-6.152,5,I,278(E1),P,-6.044,5
-6.386,-7.446,9,I,278(E1),Q,-8,7
-5.447,-7.166,5,I,278(E1),R,-8,3
-6.787,-7.508,6,I,278(E1),S,-8,3
-1.893,-2.064,11,I,278(E1),T,-3.128,2
-1.014,-0.7902,3,I,278(E1),V,-0.6814,1
-3.752,-5.592,8,I,278(E1),W,-5.258,3
-4.882,-6.842,5,I,278(E1),Y,-6.508,2
-1.217,-1.031,8,S,279(E1),-,,
-0.9365,-0.7062,5,S,279(E1),A,-0.5131,3
-1.975,-2.211,5,S,279(E1),C,-0.4387,3
-0.07346,-0.03805,6,S,279(E1),D,0.135,3
0.9322,0.3168,2,S,279(E1),E,-0.02669,1
-2.651,-3.542,4,S,279(E1),F,-2.946,1
-0.8326,-0.6006,5,S,279(E1),G,-0.04007,3
-0.5882,-0.3816,3,S,279(E1),H,-1.154,1
-0.618,-0.4062,11,S,279(E1),I,-0.3642,5
-6.351,-7.44,4,S,279(E1),K,-8,1
1.273,0.3791,3,S,279(E1),L,-1.231,1
0.8644,0.3018,8,S,279(E1),M,-0.03374,6
-0.04036,-0.02061,24,S,279(E1),N,-0.04295,2
-5.354,-7.122,10,S,279(E1),P,-8,5
-0.946,-0.7162,3,S,279(E1),Q,-0.966,2
-5.162,-7.022,5,S,279(E1),R,-8,3
0,0,,S,279(E1),S,0,
-0.4215,-0.2542,15,S,279(E1),T,0.02976,5
0.3165,0.1386,3,S,279(E1),V,-0.9623,2
-3.1,-4.446,6,S,279(E1),W,-4.675,3
-1.813,-1.924,1,S,279(E1),Y,-2.228,1
-1.315,-1.159,9,I,280(E1),-,,
-4.575,-6.592,1,I,280(E1),A,,
1.963,0.457,4,I,280(E1),C,-0.2373,1
-5.335,-7.113,3,I,280(E1),D,-7.275,2
-5.323,-7.107,5,I,280(E1),E,-7.727,3
0.1646,0.07691,7,I,280(E1),F,-0.136,3
-5.47,-7.175,10,I,280(E1),H,-7.563,7
0,0,,I,280(E1),I,0,
-6.129,-7.392,8,I,280(E1),K,-8,5
-0.8209,-0.5891,6,I,280(E1),L,-0.8226,4
-1.049,-0.8295,2,I,280(E1),M,-1.127,2
-5.048,-6.953,7,I,280(E1),N,-7.245,4
-5.724,-7.275,7,I,280(E1),P,-8,3
-6.856,-7.517,4,I,280(E1),Q,-8,2
-6.312,-7.432,3,I,280(E1),R,-8,1
-2.773,-3.792,4,I,280(E1),S,-4.244,3
-1.529,-1.465,6,I,280(E1),T,-0.4883,1
0.7819,0.2822,4,I,280(E1),V,0.009591,4
-2.667,-3.576,6,I,280(E1),W,-3.995,3
-2.002,-2.262,7,I,280(E1),Y,-2.157,5
-4.493,-6.515,17,D,281(E1),-,,
-2.551,-3.337,4,D,281(E1),A,-1.063,1
-3.703,-5.516,5,D,281(E1),C,-5.33,3
0,0,,D,281(E1),D,0,
-1.245,-1.067,7,D,281(E1),E,-0.446,1
-6.966,-7.529,8,D,281(E1),F,-7.542,5
-0.8464,-0.6142,6,D,281(E1),G,-2.516,2
-3.429,-5.058,7,D,281(E1),H,-5.288,6
-3.756,-5.597,5,D,281(E1),I,-6.066,4
-4.318,-6.335,4,D,281(E1),K,-8,1
-7.651,-7.583,6,D,281(E1),L,-6.7,4
-2.444,-3.121,4,D,281(E1),M,-3.118,3
0.2993,0.132,21,D,281(E1),N,-0.7906,3
-6.629,-7.487,4,D,281(E1),P,-8,2
-2.317,-2.865,5,D,281(E1),Q,-2.758,1
-4.147,-6.137,5,D,281(E1),R,-6.42,2
-2.08,-2.407,6,D,281(E1),T,-3.042,3
-3.293,-4.812,6,D,281(E1),V,-6.369,2
-3.985,-5.927,2,D,281(E1),W,-6.55,2
-4.343,-6.362,7,D,281(E1),Y,-6.668,4
-2.378,-2.988,2,I,282(E1),-,,
-4.947,-6.887,10,I,282(E1),A,-7.475,4
-4.291,-6.305,4,I,282(E1),C,-6.354,1
-5.426,-7.156,9,I,282(E1),D,-6.948,3
-6.522,-7.47,3,I,282(E1),E,-8,1
-1.877,-2.036,5,I,282(E1),F,-1.278,4
-6.41,-7.451,3,I,282(E1),G,-7.829,2
-5.598,-7.228,2,I,282(E1),H,-7.584,2
0,0,,I,282(E1),I,0,
-6.639,-7.488,2,I,282(E1),K,-8,2
-0.08578,-0.04467,5,I,282(E1),L,0.7268,4
-1.218,-1.033,1,I,282(E1),M,-1.343,1
-5.816,-7.305,3,I,282(E1),N,-7.906,1
-5.125,-7,6,I,282(E1),P,-7.728,4
-5.05,-6.955,9,I,282(E1),Q,-7.604,4
-5.893,-7.329,4,I,282(E1),R,-7.688,1
-6.468,-7.461,3,I,282(E1),S,-8,2
-4.98,-6.909,4,I,282(E1),T,-6.913,1
-0.6465,-0.4303,6,I,282(E1),V,-0.2661,2
-6.588,-7.481,5,I,282(E1),W,-8,2
-7.322,-7.561,5,I,282(E1),Y,-8,3
-0.7066,-0.4827,1,P,283(E1),-,,
-2.671,-3.584,3,P,283(E1),A,-3.905,1
-0.892,-0.66,6,P,283(E1),C,-0.9487,6
5.292,0.5341,2,P,283(E1),D,0.06914,1
-1.499,-1.42,2,P,283(E1),E,-1.846,1
-3.215,-4.666,1,P,283(E1),F,-4.957,1
-0.7593,-0.5306,1,P,283(E1),G,,
-0.799,-0.568,2,P,283(E1),H,,
-1.801,-1.903,4,P,283(E1),I,-1.74,1
-1.98,-2.221,3,P,283(E1),K,-2.497,1
-1.233,-1.052,7,P,283(E1),L,-1.087,3
-1.639,-1.636,3,P,283(E1),M,-1.943,3
1.719,0.4353,3,P,283(E1),N,0.1522,2
0,0,,P,283(E1),P,0,
-0.5515,-0.3521,7,P,283(E1),Q,-1.182,3
0.2927,0.1295,5,P,283(E1),R,-1.006,3
0.6041,0.2345,8,P,283(E1),S,-0.3401,3
-1.027,-0.8041,13,P,283(E1),T,-0.3602,3
-6.169,-7.401,3,P,283(E1),V,,
-2.258,-2.749,7,P,283(E1),W,-1.672,2
0.3331,0.1448,4,P,283(E1),Y,-2.568,2
2.772,0.5012,11,D,284(E1),A,0.9745,3
-2.226,-2.688,3,D,284(E1),C,-2.986,2
0,0,,D,284(E1),D,0,
1.59,0.4214,9,D,284(E1),E,0.2915,1
-2.049,-2.348,8,D,284(E1),F,-2.834,5
0.3815,0.1625,3,D,284(E1),G,-0.6903,1
-3.115,-4.473,2,D,284(E1),H,-4.149,1
0.4881,0.1988,5,D,284(E1),I,-1.043,1
-1.108,-0.8976,6,D,284(E1),K,-0.2998,3
-1.23,-1.048,4,D,284(E1),L,-1.044,1
-2.973,-4.196,2,D,284(E1),M,,
1.415,0.3996,13,D,284(E1),N,-0.00555,4
-0.6876,-0.4659,4,D,284(E1),P,-0.3664,1
-1.232,-1.05,2,D,284(E1),Q,-0.6002,1
-2.059,-2.368,5,D,284(E1),R,-1.716,2
-0.2821,-0.1601,3,D,284(E1),S,-0.2194,2
0.676,0.2547,3,D,284(E1),T,1.539,1
-1.111,-0.9015,3,D,284(E1),V,-0.8155,1
-0.6288,-0.4153,4,D,284(E1),W,-0.4446,2
-1.398,-1.274,6,D,284(E1),Y,-2.003,1
-4.715,-6.713,1,A,285(E1),-,,
0,0,,A,285(E1),A,0,
-5.077,-6.972,8,A,285(E1),C,-7.434,5
-5.65,-7.248,9,A,285(E1),D,-8,4
-4.073,-6.044,7,A,285(E1),E,-6.705,3
-2.58,-3.398,4,A,285(E1),F,-3.835,2
-3.333,-4.885,8,A,285(E1),H,-6.379,3
-3.198,-4.634,4,A,285(E1),I,-4.685,3
-5.607,-7.232,5,A,285(E1),K,-7.076,1
-3.372,-4.956,7,A,285(E1),L,-4.748,2
-1.959,-2.184,10,A,285(E1),M,-1.892,4
-4.772,-6.759,6,A,285(E1),N,-7.133,6
-4.116,-6.098,3,A,285(E1),P,-6.167,2
-4.88,-6.84,4,A,285(E1),Q,-6.236,2
-3.679,-5.477,3,A,285(E1),R,-5.757,1
-0.7983,-0.5674,9,A,285(E1),S,-0.7629,4
-1.358,-1.218,33,A,285(E1),T,-1.867,6
-0.1977,-0.1081,14,A,285(E1),V,-0.5839,3
-3.074,-4.394,5,A,285(E1),W,-4.578,3
-5.71,-7.27,4,A,285(E1),Y,,
-1.273,-1.104,1,A,286(E1),-,,
0,0,,A,286(E1),A,0,
-1.361,-1.222,4,A,286(E1),C,-1.53,4
-0.4723,-0.2913,9,A,286(E1),D,-1.157,5
1.904,0.4523,2,A,286(E1),F,,
-2.145,-2.531,4,A,286(E1),G,-3.63,1
0.4201,0.1761,7,A,286(E1),H,0.03753,3
1.383,0.3953,7,A,286(E1),I,0.00555,6
0.323,0.1411,6,A,286(E1),K,-0.8076,2
0.3257,0.1421,3,A,286(E1),L,,
-0.9145,-0.6832,2,A,286(E1),M,-0.8233,2
-2.318,-2.869,6,A,286(E1),N,-2.935,3
-5.784,-7.295,5,A,286(E1),P,-8,3
-0.2696,-0.1521,3,A,286(E1),Q,-0.4007,2
0.2068,0.09488,11,A,286(E1),R,0.2019,2
-0.4737,-0.2923,10,A,286(E1),S,-0.2379,2
-1.448,-1.346,52,A,286(E1),T,-3.173,4
0.2241,0.1021,9,A,286(E1),V,-0.539,2
-1.581,-1.545,3,A,286(E1),W,-1.365,3
0.0012,0.0006022,7,A,286(E1),Y,-0.3989,4
-1.727,-1.779,1,F,287(E1),-,,
-5.978,-7.353,6,F,287(E1),A,-8,1
-6.819,-7.512,6,F,287(E1),C,-7.97,4
-6.335,-7.436,3,F,287(E1),D,-8,1
-5.577,-7.22,1,F,287(E1),E,-7.588,1
0,0,,F,287(E1),F,0,
-5.613,-7.234,5,F,287(E1),G,-8,1
-5.185,-7.035,4,F,287(E1),H,-8,1
-5.379,-7.134,9,F,287(E1),I,-8,3
-5.647,-7.247,2,F,287(E1),K,-8,1
-1.297,-1.136,8,F,287(E1),L,-1.318,1
-1.038,-0.817,4,F,287(E1),M,-1.844,1
-5.716,-7.272,5,F,287(E1),N,-8,1
-5.619,-7.236,7,F,287(E1),P,-8,1
-5.534,-7.203,2,F,287(E1),Q,-7.496,1
-5.557,-7.212,3,F,287(E1),R,-8,3
-4.375,-6.396,8,F,287(E1),S,-7.857,2
-5.925,-7.338,2,F,287(E1),T,-8,1
-4.922,-6.87,9,F,287(E1),V,-7.287,4
-2.881,-4.01,3,F,287(E1),W,,
-3.526,-5.226,3,F,287(E1),Y,-4.675,2
-4.151,-6.142,2,T,288(E1),-,,
-2.757,-3.758,8,T,288(E1),A,-3.1,1
0.09475,0.04562,4,T,288(E1),C,0.2925,1
-2.048,-2.347,7,T,288(E1),D,-2.655,5
-1.959,-2.183,2,T,288(E1),E,-3.104,1
-5.415,-7.151,7,T,288(E1),F,-8,3
-2.247,-2.729,4,T,288(E1),G,-3.016,1
-2.878,-4.004,4,T,288(E1),H,-4.986,1
-0.08049,-0.04182,14,T,288(E1),I,-0.2244,3
-3.122,-4.488,3,T,288(E1),K,-4.533,1
-0.524,-0.3305,9,T,288(E1),L,-0.3218,3
-0.6124,-0.4015,3,T,288(E1),M,-1.701,1
-1.129,-0.9234,10,T,288(E1),N,-2.649,1
-5.543,-7.207,3,T,288(E1),P,-8,1
-0.6061,-0.3964,16,T,288(E1),Q,-0.5761,12
-1.2,-1.009,1,T,288(E1),R,-1.3,1
-2.039,-2.329,4,T,288(E1),S,-4.173,2
0,0,,T,288(E1),T,0,
2.057,0.4641,2,T,288(E1),V,2.755,1
-2.282,-2.798,3,T,288(E1),W,-3.115,3
-2.098,-2.441,8,T,288(E1),Y,-2.836,2
-3.348,-4.912,1,R,289(E1),-,,
-2.475,-3.183,6,R,289(E1),A,-3.466,3
-4.692,-6.694,9,R,289(E1),C,-7.418,6
-4.849,-6.818,8,R,289(E1),D,-6.938,3
-5.029,-6.942,6,R,289(E1),E,-7.183,3
-1.063,-0.846,7,R,289(E1),F,-1.821,4
-4.127,-6.112,7,R,289(E1),G,-6.286,3
0.6112,0.2365,6,R,289(E1),H,-0.4139,5
-2.817,-3.881,18,R,289(E1),I,-4.39,9
-1.551,-1.499,5,R,289(E1),K,-1.06,1
-1.973,-2.208,6,R,289(E1),L,-2.76,4
-3.035,-4.318,5,R,289(E1),M,-4.614,3
-5.119,-6.997,7,R,289(E1),N,-4.074,3
-2.748,-3.74,8,R,289(E1),P,-4.12,5
-2.895,-4.038,6,R,289(E1),Q,-4.685,4
0,0,,R,289(E1),R,0,
-1.834,-1.962,2,R,289(E1),S,-2.271,1
-2.243,-2.72,6,R,289(E1),T,-2.546,3
-1.655,-1.662,2,R,289(E1),V,-1.313,1
-1.085,-0.8706,9,R,289(E1),W,-0.1701,2
-2.522,-3.279,4,R,289(E1),Y,-3.419,3
-4.497,-6.519,1,V,290(E1),-,,
-0.5557,-0.3554,4,V,290(E1),A,-0.8236,2
-0.9041,-0.6724,3,V,290(E1),C,-0.5569,3
-4.93,-6.876,5,V,290(E1),D,,
-1.355,-1.214,7,V,290(E1),E,-1.249,1
-0.6156,-0.4043,9,V,290(E1),F,-0.8908,5
-1.883,-2.047,4,V,290(E1),G,-2.587,2
-1.17,-0.973,5,V,290(E1),H,-1.139,3
-3.917,-5.834,3,V,290(E1),I,,
0.7121,0.2644,3,V,290(E1),K,0.4558,1
-0.9311,-0.7005,6,V,290(E1),L,,
0.5817,0.2279,12,V,290(E1),M,-0.2354,6
-2.419,-3.071,3,V,290(E1),N,-3.393,1
-4.917,-6.866,7,V,290(E1),P,-7.975,3
-0.3794,-0.2247,5,V,290(E1),Q,-0.9473,3
-1.152,-0.9506,4,V,290(E1),R,-1.07,1
-1.603,-1.579,4,V,290(E1),S,-2.362,3
-0.2081,-0.1143,7,V,290(E1),T,-0.7847,5
0,0,,V,290(E1),V,0,
1.483,0.4086,2,V,290(E1),Y,0.1653,2
-0.4523,-0.2765,2,V,291(E1),A,,
-3.114,-4.472,5,V,291(E1),C,-4.5,3
-2.199,-2.634,5,V,291(E1),D,-2.912,3
-1.386,-1.257,6,V,291(E1),E,-1.49,6
0.4036,0.1703,5,V,291(E1),F,0.1081,3
-1.327,-1.175,4,V,291(E1),G,-1.209,3
-1.917,-2.108,2,V,291(E1),H,-2.426,1
-0.272,-0.1536,3,V,291(E1),I,-0.3407,1
-1.865,-2.015,2,V,291(E1),K,-2.532,1
-0.9622,-0.7335,6,V,291(E1),L,-0.5454,3
-0.1982,-0.1084,10,V,291(E1),M,-2.503,1
-1.656,-1.664,6,V,291(E1),N,-2.506,2
-1.39,-1.263,3,V,291(E1),P,-1.83,3
1.031,0.3371,9,V,291(E1),Q,-0.2319,6
-0.8886,-0.6565,6,V,291(E1),R,-0.3967,2
-1.222,-1.038,2,V,291(E1),S,-1.331,1
-0.9526,-0.7233,5,V,291(E1),T,-0.9845,4
0,0,,V,291(E1),V,0,
4.704,0.5317,4,V,291(E1),W,1.087,2
0.04391,0.02161,2,V,291(E1),Y,-0.2657,1
-1.888,-2.056,3,D,292(E1),A,-2.179,2
-3.254,-4.74,4,D,292(E1),C,-4.816,3
0,0,,D,292(E1),D,0,
-2.636,-3.512,2,D,292(E1),E,,
1.323,0.3867,4,D,292(E1),F,0.2256,2
-5.733,-7.278,9,D,292(E1),G,-8,5
0.09271,0.04468,8,D,292(E1),H,-0.7576,3
-2.466,-3.166,5,D,292(E1),I,-3.436,1
-2.07,-2.387,4,D,292(E1),K,-2.418,2
-0.9548,-0.7256,3,D,292(E1),L,-0.8279,1
-1.407,-1.286,3,D,292(E1),M,-0.9353,1
-1.237,-1.057,24,D,292(E1),N,-1.051,5
-6.029,-7.367,6,D,292(E1),P,-8,2
-5.241,-7.065,1,D,292(E1),Q,,
-3.639,-5.413,3,D,292(E1),R,-6.184,1
-3.061,-4.37,1,D,292(E1),S,-4.687,1
-3.069,-4.385,8,D,292(E1),T,-4.545,4
-2.671,-3.584,6,D,292(E1),V,-3.33,2
-1.862,-2.009,1,D,292(E1),W,-2.345,1
-0.7746,-0.545,4,D,292(E1),Y,-1.954,2
0,0,,A,293(E1),A,0,
-2.882,-4.012,8,A,293(E1),C,-4.391,5
-2.547,-3.33,4,A,293(E1),D,,
-2.5,-3.235,4,A,293(E1),E,-3.617,3
-6.212,-7.411,8,A,293(E1),F,-8,5
-2.768,-3.781,4,A,293(E1),G,-4.362,3
-8.197,-7.606,4,A,293(E1),H,-8,1
-5.961,-7.348,7,A,293(E1),I,-6.897,3
-1.855,-1.998,7,A,293(E1),K,-1.929,3
-3.319,-4.86,7,A,293(E1),L,-5.118,5
-2.092,-2.429,8,A,293(E1),M,-2.789,7
-6.243,-7.418,2,A,293(E1),N,-8,1
-6.051,-7.373,2,A,293(E1),P,-5.019,1
-2.021,-2.296,5,A,293(E1),Q,-2.486,3
-2.791,-3.828,3,A,293(E1),R,-3.924,1
-0.5734,-0.3696,6,A,293(E1),S,-0.7473,1
-3.057,-4.36,16,A,293(E1),T,-5.218,1
-2.933,-4.116,10,A,293(E1),V,-4.023,4
-7.116,-7.544,5,A,293(E1),W,-8,5
-6.009,-7.361,3,A,293(E1),Y,-6.335,2
-3.591,-5.334,7,P,294(E1),C,-5.668,1
-6.659,-7.491,7,P,294(E1),D,-8,6
-5.105,-6.989,4,P,294(E1),E,-7.416,1
-4.795,-6.777,3,P,294(E1),F,-7.254,3
-6.198,-7.408,2,P,294(E1),G,-8,1
-6.212,-7.411,9,P,294(E1),H,-7.535,4
-4.311,-6.327,7,P,294(E1),I,-6.68,2
-6.442,-7.456,2,P,294(E1),K,-8,1
-7.356,-7.564,8,P,294(E1),L,-8,3
-6.963,-7.529,7,P,294(E1),M,-8,3
-9.364,-7.628,2,P,294(E1),N,,
0,0,,P,294(E1),P,0,
-6.931,-7.526,4,P,294(E1),Q,-8,3
-5.804,-7.301,2,P,294(E1),R,-8,1
-1.04,-0.8198,9,P,294(E1),S,-1.698,1
-1.99,-2.239,9,P,294(E1),T,-1.572,1
-2.251,-2.736,3,P,294(E1),V,-0.5858,1
-7.093,-7.542,5,P,294(E1),W,-8,4
-7.009,-7.534,6,P,294(E1),Y,-8,4
3.833,0.5245,2,S,295(E1),A,0.7689,1
-2.99,-4.228,4,S,295(E1),C,-4.217,2
-1.883,-2.046,7,S,295(E1),D,-2.258,4
-2.326,-2.885,6,S,295(E1),E,-3.375,3
-1.378,-1.246,4,S,295(E1),F,-1.569,3
-0.7284,-0.5023,8,S,295(E1),G,-0.8233,7
0.9363,0.3177,6,S,295(E1),H,0.3825,3
-0.358,-0.21,8,S,295(E1),I,-2.579,3
-2.676,-3.593,6,S,295(E1),K,-4.073,1
-1.149,-0.9469,4,S,295(E1),L,-1.112,4
0.03355,0.01659,3,S,295(E1),M,0.07911,1
-0.5928,-0.3854,18,S,295(E1),N,-0.5445,8
-2.146,-2.532,3,S,295(E1),P,-2.692,2
-0.6823,-0.4612,6,S,295(E1),Q,-0.7232,4
-0.1727,-0.09339,7,S,295(E1),R,-0.1533,4
0,0,,S,295(E1),S,0,
0.09957,0.04784,4,S,295(E1),T,0.02005,2
-1.293,-1.13,6,S,295(E1),V,-1.769,5
0.963,0.3233,5,S,295(E1),W,0.042,2
3.534,0.5202,4,S,295(E1),Y,0.6803,3
-1.116,-0.9068,4,L,296(E1),A,-0.03729,3
-6.718,-7.499,4,L,296(E1),D,-8,2
-4.818,-6.795,4,L,296(E1),E,-7.133,2
-2.173,-2.583,5,L,296(E1),F,-2.893,1
-4.125,-6.11,4,L,296(E1),G,-6.727,2
-5.734,-7.278,5,L,296(E1),H,-8,3
1.825,0.4454,8,L,296(E1),I,0.7356,4
-0.5608,-0.3595,1,L,296(E1),K,,
0,0,,L,296(E1),L,0,
0.3007,0.1326,7,L,296(E1),M,,
-6.221,-7.413,2,L,296(E1),N,-8,1
-1.852,-1.992,11,L,296(E1),P,-2.602,5
-6.688,-7.495,9,L,296(E1),Q,-6.825,4
-6.264,-7.422,12,L,296(E1),R,-8,5
-5.484,-7.182,9,L,296(E1),S,-7.718,4
-0.5138,-0.3227,6,L,296(E1),T,-0.2387,3
0.3985,0.1685,8,L,296(E1),V,-0.2661,5
-5.059,-6.96,6,L,296(E1),W,-7.872,5
-5.657,-7.251,6,L,296(E1),Y,-8,3
-1.252,-1.076,7,T,297(E1),A,-1.43,3
-1.256,-1.081,7,T,297(E1),C,-1.54,5
0.5469,0.2174,7,T,297(E1),D,-1.736,2
-0.4323,-0.262,2,T,297(E1),E,-0.7631,1
2.294,0.4794,6,T,297(E1),F,0.7028,1
-1.188,-0.9956,3,T,297(E1),G,-2.112,1
-1.206,-1.017,4,T,297(E1),H,-1.506,2
-0.324,-0.1872,10,T,297(E1),I,0.04034,2
-0.52,-0.3275,7,T,297(E1),K,-0.2934,3
-1.454,-1.354,3,T,297(E1),L,-1.572,2
0.1176,0.05607,8,T,297(E1),M,-0.0391,4
-1.009,-0.7851,10,T,297(E1),N,-1.104,3
-2.149,-2.538,7,T,297(E1),P,-2.817,6
-0.1101,-0.05793,3,T,297(E1),Q,0.2677,1
0.9853,0.3279,8,T,297(E1),R,-0.0398,2
-1.226,-1.043,3,T,297(E1),S,-0.9418,2
0,0,,T,297(E1),T,0,
-1.202,-1.012,6,T,297(E1),V,-1.98,3
-0.5182,-0.3261,6,T,297(E1),W,-0.7406,4
1.082,0.3467,5,T,297(E1),Y,0.08452,4
-4.064,-6.032,2,D,298(E1),-,,
-1.266,-1.094,4,D,298(E1),A,-1.545,3
-2.796,-3.838,8,D,298(E1),C,-4.179,6
0,0,,D,298(E1),D,0,
-0.09301,-0.04859,7,D,298(E1),E,-0.6274,2
-1.254,-1.079,5,D,298(E1),F,-1.396,5
-1.014,-0.7896,4,D,298(E1),G,-1.23,2
-0.6669,-0.4478,6,D,298(E1),H,-0.3045,2
-1.374,-1.241,3,D,298(E1),I,-1.53,2
-0.1294,-0.06869,5,D,298(E1),K,-0.6264,2
-0.8493,-0.617,4,D,298(E1),L,-1.06,3
0.6037,0.2343,3,D,298(E1),M,0.2922,2
-0.9057,-0.6741,23,D,298(E1),N,-0.9191,7
-1.512,-1.44,8,D,298(E1),P,-1.748,6
-0.9658,-0.7374,3,D,298(E1),Q,,
-0.8051,-0.5739,4,D,298(E1),R,-0.993,1
-1.198,-1.007,3,D,298(E1),S,-1.302,2
-0.8485,-0.6162,5,D,298(E1),T,-0.8794,1
-1.494,-1.412,7,D,298(E1),V,-1.986,3
-1.126,-0.9187,6,D,298(E1),W,-1.283,4
-0.04687,-0.024,11,D,298(E1),Y,-1.002,5
-1.623,-1.61,4,M,299(E1),A,-2.113,3
-0.794,-0.5633,3,M,299(E1),C,-0.8176,1
-3.156,-4.553,1,M,299(E1),D,-4.843,1
-2.216,-2.668,7,M,299(E1),E,-3.001,5
-1.031,-0.809,3,M,299(E1),F,-0.8371,2
-1.605,-1.582,5,M,299(E1),G,-1.97,4
-1.908,-2.09,8,M,299(E1),H,-2.933,4
-0.7794,-0.5494,16,M,299(E1),I,-0.9702,2
-1.916,-2.105,6,M,299(E1),K,-2.518,3
-1.063,-0.8457,4,M,299(E1),L,-1.483,2
0,0,,M,299(E1),M,0,
-2.264,-2.761,2,M,299(E1),N,-3.08,2
-2.086,-2.418,8,M,299(E1),P,-2.697,4
-0.1838,-0.09988,4,M,299(E1),Q,-1.282,2
-1.92,-2.113,7,M,299(E1),R,-2.429,6
-1.539,-1.48,2,M,299(E1),S,-1.872,2
-1.286,-1.121,5,M,299(E1),T,-1.792,2
0.1716,0.07992,6,M,299(E1),V,-1.127,2
-2.738,-3.719,6,M,299(E1),W,-3.863,4
-2.59,-3.418,4,M,299(E1),Y,-4.358,3
0.6255,0.2406,1,S,300(E1),-,,
0.08499,0.04109,7,S,300(E1),A,-0.2039,2
0.3619,0.1554,4,S,300(E1),C,-0.847,3
-0.4536,-0.2775,7,S,300(E1),D,-0.476,4
0.05608,0.02746,7,S,300(E1),E,-0.005106,5
-1.023,-0.7999,13,S,300(E1),F,-0.9651,6
-0.2718,-0.1536,8,S,300(E1),G,0.2978,3
-1.157,-0.9563,3,S,300(E1),H,-1.565,3
-0.5753,-0.3712,4,S,300(E1),I,-0.6894,4
0.5498,0.2182,8,S,300(E1),K,0.5004,3
3.341,0.5166,3,S,300(E1),L,1.365,2
0.2101,0.09627,5,S,300(E1),M,-0.1986,3
1.391,0.3964,6,S,300(E1),N,-0.2995,3
-5.61,-7.233,7,S,300(E1),P,,
0.9141,0.3129,4,S,300(E1),Q,-0.6918,2
-0.8188,-0.5871,2,S,300(E1),R,-0.05207,1
0,0,,S,300(E1),S,0,
0.09858,0.04739,7,S,300(E1),T,-1.267,3
-0.6759,-0.4556,5,S,300(E1),V,-0.3437,3
-0.4504,-0.2751,10,S,300(E1),W,-1.272,6
0.6236,0.2401,13,S,300(E1),Y,0.4716,6
-8.714,-7.618,8,C,301(E1),*,,
0.5592,0.2211,1,C,301(E1),-,,
-5.173,-7.028,9,C,301(E1),A,-8,5
0,0,,C,301(E1),C,0,
-4.149,-6.139,8,C,301(E1),D,-5.833,1
-3.96,-5.894,4,C,301(E1),E,-6.103,1
-9.686,-7.63,12,C,301(E1),F,-8,3
-6.097,-7.384,9,C,301(E1),G,-7.665,2
-6.196,-7.407,1,C,301(E1),H,-8,1
-5.994,-7.357,5,C,301(E1),I,-7.841,4
-7.307,-7.56,6,C,301(E1),K,-8,3
-5.347,-7.119,7,C,301(E1),L,-8,2
-5.311,-7.101,7,C,301(E1),M,-8,3
-7.032,-7.536,7,C,301(E1),N,-8,5
-4.844,-6.814,9,C,301(E1),P,-6.752,3
-5.601,-7.23,10,C,301(E1),Q,-8,7
-7.296,-7.559,14,C,301(E1),R,-8,7
-7.118,-7.544,14,C,301(E1),S,-8,3
-7.507,-7.574,10,C,301(E1),T,-8,5
-5.122,-6.998,5,C,301(E1),V,-7.409,2
-5.133,-7.005,11,C,301(E1),W,-7.923,5
-6.511,-7.468,17,C,301(E1),Y,-8,7
2.454,0.4879,3,E,302(E1),*,,
-0.9181,-0.6869,3,E,302(E1),-,,
-1.003,-0.7784,6,E,302(E1),A,-0.6084,3
-2.013,-2.281,7,E,302(E1),C,-1.906,2
-0.2822,-0.1602,9,E,302(E1),D,-0.07418,3
0,0,,E,302(E1),E,0,
-0.03232,-0.01645,12,E,302(E1),F,-0.2192,7
-0.6553,-0.4378,14,E,302(E1),G,-1.44,2
0.7968,0.2859,5,E,302(E1),H,-0.1517,3
-0.07939,-0.04123,12,E,302(E1),I,-0.1838,6
-1.125,-0.9184,14,E,302(E1),K,-1.154,3
-0.0432,-0.02209,2,E,302(E1),L,-0.8559,1
-0.883,-0.6508,12,E,302(E1),M,-1.115,8
-0.8294,-0.5974,4,E,302(E1),N,-0.5875,1
-6.401,-7.449,7,E,302(E1),P,-8,4
3.601,0.5213,3,E,302(E1),Q,1.139,3
-2.123,-2.489,4,E,302(E1),R,-2.841,2
-0.1972,-0.1078,5,E,302(E1),S,0.1667,1
-1.968,-2.199,3,E,302(E1),T,-2.704,1
-0.377,-0.223,4,E,302(E1),V,0.2621,2
-1.512,-1.439,3,E,302(E1),W,-2.112,1
-1.069,-0.8528,8,E,302(E1),Y,-1.173,4
-1.74,-1.8,3,V,303(E1),-,,
-0.6953,-0.4727,7,V,303(E1),A,1.829,1
-0.06003,-0.03091,7,V,303(E1),C,-0.1198,5
-5.092,-6.98,7,V,303(E1),D,-8,3
-6.69,-7.496,3,V,303(E1),E,,
-5.948,-7.345,9,V,303(E1),F,-7.286,4
-7.32,-7.561,6,V,303(E1),G,-5.928,2
-5.775,-7.292,10,V,303(E1),H,-8,5
0.1888,0.08731,5,V,303(E1),I,0.3186,2
-5.45,-7.167,6,V,303(E1),K,-7.473,2
-6.325,-7.434,6,V,303(E1),L,-8,3
-9.865,-7.632,14,V,303(E1),M,-8,3
-4.144,-6.133,3,V,303(E1),N,-6.968,1
-6.571,-7.478,5,V,303(E1),P,-8,2
-5.155,-7.018,6,V,303(E1),Q,-7.29,4
-3.534,-5.24,5,V,303(E1),R,-5.517,2
-1.268,-1.097,5,V,303(E1),S,-1.546,4
-1.86,-2.006,5,V,303(E1),T,-2.195,2
0,0,,V,303(E1),V,0,
-6.613,-7.484,8,V,303(E1),W,-8,5
-3.104,-4.453,3,V,303(E1),Y,-4.106,1
-0.1491,-0.07981,1,P,304(E1),*,,
-0.08487,-0.04418,3,P,304(E1),-,,
0.6394,0.2446,6,P,304(E1),A,-0.2818,3
-0.8577,-0.6253,6,P,304(E1),C,-0.758,4
-1.519,-1.451,4,P,304(E1),D,-4.628,2
-2.14,-2.52,4,P,304(E1),E,-2.812,4
-2.188,-2.612,6,P,304(E1),F,-3.778,2
-1.884,-2.049,6,P,304(E1),G,-2.426,3
-1.789,-1.884,9,P,304(E1),H,-2.223,4
1.012,0.3332,7,P,304(E1),I,0.6121,5
-1.265,-1.094,7,P,304(E1),K,-1.573,4
-0.6405,-0.4252,7,P,304(E1),L,0.7287,1
-0.2869,-0.1632,2,P,304(E1),M,-0.4287,2
-2.181,-2.599,4,P,304(E1),N,-2.997,2
0,0,,P,304(E1),P,0,
-1.191,-0.9983,4,P,304(E1),Q,-0.9642,1
-2.335,-2.901,4,P,304(E1),R,-2.761,3
-1.135,-0.9302,58,P,304(E1),S,-1.68,9
-1.597,-1.57,6,P,304(E1),T,0.1052,1
-0.4066,-0.2437,6,P,304(E1),V,-1.017,4
-0.9257,-0.6948,9,P,304(E1),W,-1.111,4
-1.431,-1.321,2,P,304(E1),Y,-1.62,2
-0.3835,-0.2275,3,A,305(E1),-,,
0,0,,A,305(E1),A,0,
-3.583,-5.322,6,A,305(E1),C,-5.555,3
-1.685,-1.711,8,A,305(E1),D,-1.431,3
-1.951,-2.168,6,A,305(E1),E,-2.155,4
0.7496,0.2741,3,A,305(E1),F,-0.3548,1
-0.5298,-0.3351,6,A,305(E1),G,-0.6215,2
0.5269,0.2112,5,A,305(E1),H,-0.7992,4
0.2088,0.09572,7,A,305(E1),I,-0.8397,4
-0.8296,-0.5976,4,A,305(E1),K,-1.465,3
0.2013,0.09257,5,A,305(E1),L,0.245,1
-1.033,-0.8111,2,A,305(E1),M,-1.143,1
-1.979,-2.219,3,A,305(E1),N,-2.518,2
-0.7117,-0.4873,2,A,305(E1),P,-0.7855,1
2.8,0.5022,3,A,305(E1),Q,,
-2.115,-2.473,4,A,305(E1),R,-2.781,2
-0.5648,-0.3628,4,A,305(E1),S,-2.644,3
0.3313,0.1442,15,A,305(E1),T,-0.4337,5
-0.3966,-0.2366,11,A,305(E1),V,-0.01485,2
1.939,0.4551,8,A,305(E1),W,0.6601,5
-1.157,-0.9568,3,A,305(E1),Y,0.9051,1
-6.005,-7.361,2,C,306(E1),*,-8,1
0.0001421,7.114e-05,3,C,306(E1),-,,
-3.547,-5.261,4,C,306(E1),A,-5.562,2
0,0,,C,306(E1),C,0,
-6.254,-7.42,4,C,306(E1),D,-8,1
-7.2,-7.552,7,C,306(E1),E,-8,3
-5.593,-7.226,11,C,306(E1),F,-7.285,3
-6.71,-7.498,5,C,306(E1),G,-8,3
-6.515,-7.469,6,C,306(E1),H,-8,1
-5.949,-7.345,2,C,306(E1),I,-8,1
-6.579,-7.479,2,C,306(E1),K,-8,2
-5.912,-7.334,8,C,306(E1),L,-8,4
-6.65,-7.49,4,C,306(E1),M,-8,2
-5.536,-7.204,5,C,306(E1),N,-7.567,3
-5.787,-7.296,4,C,306(E1),P,-8,4
-3.83,-5.709,4,C,306(E1),Q,-8,1
-6.675,-7.493,9,C,306(E1),R,-8,3
-8.357,-7.61,10,C,306(E1),S,-7.801,2
-6.954,-7.528,8,C,306(E1),T,-8,4
-6.214,-7.411,6,C,306(E1),V,-8,3
-4.808,-6.787,6,C,306(E1),W,-7.117,4
-11.03,-7.636,31,C,306(E1),Y,-8,5
-1.715,-1.76,3,T,307(E1),-,,
-1.336,-1.188,11,T,307(E1),A,-1.643,3
-2.049,-2.348,7,T,307(E1),C,-2.565,7
-3.028,-4.305,6,T,307(E1),D,-4.367,2
1.137,0.3567,5,T,307(E1),E,-0.4043,2
-0.5594,-0.3584,5,T,307(E1),F,-0.7664,3
-5.424,-7.155,6,T,307(E1),G,-8,3
-1.099,-0.8877,2,T,307(E1),H,-0.7302,1
-0.177,-0.09593,14,T,307(E1),I,0.1145,6
-1.697,-1.729,12,T,307(E1),K,-2.173,3
-0.8124,-0.581,9,T,307(E1),L,-0.8856,6
0.1971,0.09082,6,T,307(E1),M,0.49,4
-2.496,-3.226,5,T,307(E1),N,-4.39,3
-8.524,-7.615,6,T,307(E1),P,-8,3
-1.53,-1.466,4,T,307(E1),Q,,
-1.336,-1.188,6,T,307(E1),R,-2.309,2
-0.9884,-0.7619,10,T,307(E1),S,-1.385,6
0,0,,T,307(E1),T,0,
0.2066,0.09478,12,T,307(E1),V,-0.4482,3
-0.9458,-0.716,5,T,307(E1),W,-0.4603,4
-0.1872,-0.1019,6,T,307(E1),Y,0.1947,5
-0.6105,-0.4,3,H,308(E1),-,,
3.142,0.5122,2,H,308(E1),A,0.9525,2
-0.2656,-0.1496,3,H,308(E1),C,-0.4569,1
-5.879,-7.325,2,H,308(E1),D,-8,1
-2.53,-3.295,5,H,308(E1),E,-3.614,4
0.308,0.1353,5,H,308(E1),F,,
-6.056,-7.374,3,H,308(E1),G,-8,1
0,0,,H,308(E1),H,0,
-3.509,-5.196,12,H,308(E1),I,-5.373,10
-1.183,-0.9887,8,H,308(E1),K,-1.23,4
-2.035,-2.322,9,H,308(E1),L,-3.883,4
0.856,0.2999,8,H,308(E1),M,0.4226,4
-7.065,-7.539,11,H,308(E1),N,-8,1
-5.922,-7.337,6,H,308(E1),P,-8,2
0.9394,0.3183,8,H,308(E1),Q,-0.05575,4
1.925,0.4539,6,H,308(E1),R,1.912,2
6.63,0.5362,4,H,308(E1),S,1.746,1
0.446,0.1849,7,H,308(E1),T,-0.1664,2
-1.309,-1.152,5,H,308(E1),V,-1.764,3
0.6611,0.2506,5,H,308(E1),W,1.29,2
1.431,0.4018,6,H,308(E1),Y,1.014,2
-2.826,-3.898,5,S,309(E1),-,,
-1.426,-1.314,7,S,309(E1),A,-1.368,3
-5.017,-6.934,8,S,309(E1),C,-7.632,3
-3.372,-4.956,5,S,309(E1),D,-4.476,2
-2.26,-2.754,6,S,309(E1),E,-2.851,4
-3.961,-5.895,11,S,309(E1),F,-5.57,3
0.2976,0.1313,3,S,309(E1),G,,
-2.48,-3.194,6,S,309(E1),H,-3.817,4
-5.335,-7.113,6,S,309(E1),I,-8,3
-3.385,-4.98,9,S,309(E1),K,-5.268,4
-4.13,-6.115,7,S,309(E1),L,-6.437,5
-2.665,-3.571,2,S,309(E1),M,-3.862,2
-2.831,-3.91,21,S,309(E1),N,-4.583,5
-9.293,-7.627,6,S,309(E1),P,-7.672,4
-3.111,-4.466,6,S,309(E1),Q,-4.455,2
-3.919,-5.836,9,S,309(E1),R,-6.072,4
0,0,,S,309(E1),S,0,
-2.533,-3.301,10,S,309(E1),T,-3.922,5
-6.48,-7.463,3,S,309(E1),V,-7.9,2
-6.442,-7.456,4,S,309(E1),W,-8,1
-4.651,-6.659,2,S,309(E1),Y,-6.992,2
-1.015,-0.7911,4,S,310(E1),-,,
1.526,0.4138,4,S,310(E1),A,0.3091,4
-2.796,-3.838,7,S,310(E1),C,-4.839,3
-3.464,-5.12,9,S,310(E1),D,-5.359,5
-1.673,-1.691,7,S,310(E1),E,-2.353,3
4.312,0.5292,9,S,310(E1),F,0.924,8
-1.112,-0.9025,8,S,310(E1),G,-1.511,3
2.951,0.507,8,S,310(E1),H,0.8038,5
-2.333,-2.898,13,S,310(E1),I,-3.844,5
-1.633,-1.626,3,S,310(E1),K,-1.807,1
-1.093,-0.8808,6,S,310(E1),L,-1.06,4
-0.04205,-0.02149,7,S,310(E1),M,-0.04815,5
1.936,0.4548,16,S,310(E1),N,1.616,5
-5.483,-7.181,6,S,310(E1),P,-7.778,3
-1.225,-1.042,2,S,310(E1),Q,-1.33,2
-3.466,-5.122,9,S,310(E1),R,-1.878,1
0,0,,S,310(E1),S,0,
-0.5476,-0.349,4,S,310(E1),T,-0.6059,2
-1.908,-2.091,7,S,310(E1),V,-2.643,4
-1.494,-1.413,5,S,310(E1),W,-2.523,1
5.213,0.5338,9,S,310(E1),Y,0.2918,6
0.06088,0.02975,4,D,311(E1),-,,
-1.704,-1.742,7,D,311(E1),A,-1.68,1
-4.312,-6.328,4,D,311(E1),C,-6.642,2
0,0,,D,311(E1),D,0,
-1.949,-2.165,1,D,311(E1),E,,
-1.279,-1.111,8,D,311(E1),F,-1.141,4
0.5809,0.2276,4,D,311(E1),G,0.8786,1
-3.36,-4.934,6,D,311(E1),H,-6.735,2
-5.703,-7.267,12,D,311(E1),I,-7.998,9
-9.344,-7.627,1,D,311(E1),K,-6.326,1
-4.751,-6.743,6,D,311(E1),L,-6.291,4
-3.359,-4.933,5,D,311(E1),M,-5.452,3
0.3421,0.1482,30,D,311(E1),N,0.07775,8
-5.751,-7.284,12,D,311(E1),P,-8,5
-2.52,-3.274,4,D,311(E1),Q,-3.559,2
-3.54,-5.25,5,D,311(E1),R,-5.874,1
-0.825,-0.5932,9,D,311(E1),S,-1.859,7
-2.811,-3.868,12,D,311(E1),T,-4.24,6
-4.845,-6.815,7,D,311(E1),V,-6.927,2
-1.199,-1.009,1,D,311(E1),W,,
-2.833,-3.914,14,D,311(E1),Y,-4.696,5
2.613,0.495,5,F,312(E1),-,,
-1.836,-1.964,12,F,312(E1),A,-2.76,7
-4.57,-6.588,10,F,312(E1),C,-6.67,3
-3.912,-5.827,10,F,312(E1),D,-6.15,7
-7.701,-7.585,10,F,312(E1),E,-8,4
0,0,,F,312(E1),F,0,
-5.111,-6.992,13,F,312(E1),H,-8,7
-3.498,-5.178,7,F,312(E1),I,-5.799,3
-5.159,-7.02,12,F,312(E1),K,-8,7
-4.381,-6.403,20,F,312(E1),L,-6.824,7
-2.033,-2.318,7,F,312(E1),M,-2.83,1
-5.731,-7.277,9,F,312(E1),N,-8,5
-5.31,-7.101,8,F,312(E1),P,-8,5
-5.182,-7.033,9,F,312(E1),Q,-8,7
-6.972,-7.53,15,F,312(E1),R,-8,10
-3.68,-5.479,5,F,312(E1),S,-5.444,4
-7.181,-7.55,11,F,312(E1),T,-8,5
-4.222,-6.226,7,F,312(E1),V,-5.743,3
-2.14,-2.52,10,F,312(E1),W,-2.566,6
-1.006,-0.781,7,F,312(E1),Y,-0.5263,3
-1.568,-1.525,5,G,313(E1),-,,
-1.433,-1.323,15,G,313(E1),A,-1.225,8
-1.163,-0.9638,17,G,313(E1),C,-1.481,7
0.6411,0.2451,19,G,313(E1),D,-0.628,7
-2.649,-3.539,10,G,313(E1),E,-3.864,8
-5.551,-7.21,19,G,313(E1),F,-8,13
0,0,,G,313(E1),G,0,
-5.669,-7.255,12,G,313(E1),H,-8,10
-4.738,-6.732,21,G,313(E1),I,-6.359,10
-2.455,-3.142,12,G,313(E1),K,-3.188,3
-1.077,-0.8617,21,G,313(E1),L,-1.775,10
-1.673,-1.691,19,G,313(E1),M,-1.825,10
-3.31,-4.843,8,G,313(E1),N,-5.251,7
-10.01,-7.632,18,G,313(E1),P,-8,5
-2.934,-4.118,14,G,313(E1),Q,-4.299,9
-2.246,-2.727,12,G,313(E1),R,-2.605,6
-1.943,-2.154,20,G,313(E1),S,-3.488,4
-2.068,-2.384,17,G,313(E1),T,-2.449,11
-5.054,-6.957,22,G,313(E1),V,-6.848,7
-5.261,-7.076,9,G,313(E1),W,-7.972,4
-6.44,-7.456,12,G,313(E1),Y,-8,7
-6.703,-7.497,7,G,314(E1),*,,
-1.041,-0.8199,4,G,314(E1),-,,
-1.852,-1.992,18,G,314(E1),A,-1.952,8
-5.719,-7.273,10,G,314(E1),C,-8,6
-3.665,-5.455,7,G,314(E1),D,-4.974,5
-5.343,-7.117,28,G,314(E1),E,-7.978,12
-6.874,-7.519,10,G,314(E1),F,-8,6
0,0,,G,314(E1),G,0,
-5.723,-7.274,15,G,314(E1),H,-8,8
-5.873,-7.323,17,G,314(E1),I,-8,9
-6.564,-7.477,21,G,314(E1),K,-8,11
-5.497,-7.187,22,G,314(E1),L,-8,12
-5.752,-7.284,19,G,314(E1),M,-8,12
-1.519,-1.45,14,G,314(E1),N,-2.191,10
-6.376,-7.444,8,G,314(E1),P,-8,3
-5.486,-7.183,9,G,314(E1),Q,-8,4
-6.887,-7.52,23,G,314(E1),R,-7.952,6
-0.8793,-0.647,16,G,314(E1),S,-0.6615,9
-9.959,-7.632,18,G,314(E1),T,-7.836,9
-5.87,-7.322,15,G,314(E1),V,-8,5
-5.411,-7.149,20,G,314(E1),W,-8,11
-7.04,-7.537,13,G,314(E1),Y,-8,7
-6.32,-7.433,1,V,315(E1),*,,
-0.2857,-0.1624,3,V,315(E1),-,,
-0.2018,-0.1105,9,V,315(E1),A,-0.3821,6
-1.103,-0.8921,8,V,315(E1),C,-0.9108,4
-2.715,-3.672,4,V,315(E1),D,,
0.5237,0.2101,7,V,315(E1),E,-0.5783,2
-1.465,-1.37,5,V,315(E1),F,-0.7682,1
-2.032,-2.316,5,V,315(E1),G,-3.15,4
-1.138,-0.9335,9,V,315(E1),H,-1.297,4
1.52,0.4132,8,V,315(E1),I,-0.7152,4
-0.9651,-0.7366,4,V,315(E1),K,-2.023,1
-0.2249,-0.1245,11,V,315(E1),L,-0.6641,3
0.2871,0.1273,18,V,315(E1),M,-0.05529,7
-0.5808,-0.3756,10,V,315(E1),N,-1.068,7
-5.301,-7.096,8,V,315(E1),P,-8,3
-0.5499,-0.3508,6,V,315(E1),Q,-1.671,2
-1.903,-2.083,3,V,315(E1),R,-2.145,3
-0.7321,-0.5057,4,V,315(E1),S,-0.5737,3
0.004739,0.002373,2,V,315(E1),T,-0.2625,2
0,0,,V,315(E1),V,0,
0.404,0.1705,8,V,315(E1),W,0.3453,6
-0.7373,-0.5104,4,V,315(E1),Y,0.3123,1
-0.5733,-0.3695,5,A,316(E1),-,,
0,0,,A,316(E1),A,0,
-1.442,-1.337,6,A,316(E1),C,-0.7314,3
-7.045,-7.537,7,A,316(E1),D,-8,2
-6.841,-7.515,6,A,316(E1),E,-8,3
-2.697,-3.637,2,A,316(E1),F,-3.959,1
0.01453,0.007245,1,A,316(E1),G,,
-6.019,-7.364,2,A,316(E1),H,-7.736,2
-1.032,-0.8107,10,A,316(E1),I,-1.765,6
-6.168,-7.401,2,A,316(E1),K,,
-0.9273,-0.6965,3,A,316(E1),L,-0.9694,2
-2.009,-2.274,4,A,316(E1),M,-2.531,2
-4.743,-6.736,7,A,316(E1),N,-6.393,4
-6.519,-7.47,9,A,316(E1),P,-8,5
-5.644,-7.246,8,A,316(E1),Q,-8,5
-6.413,-7.451,8,A,316(E1),R,-8,5
0.4172,0.1751,5,A,316(E1),S,0.08579,1
-1.733,-1.789,74,A,316(E1),T,-2.089,7
-1.34,-1.193,45,A,316(E1),V,-0.8794,11
-6.603,-7.483,4,A,316(E1),W,-8,2
-6.773,-7.507,4,A,316(E1),Y,-8,2
-6.7,-7.497,8,I,317(E1),-,,
0.007271,0.003636,1,I,317(E1),A,,
-1.503,-1.427,8,I,317(E1),C,-1.478,3
-0.739,-0.512,4,I,317(E1),D,-0.4056,2
-0.703,-0.4795,6,I,317(E1),E,-2.276,3
-1.943,-2.155,4,I,317(E1),F,-2.125,3
-1.171,-0.9737,3,I,317(E1),G,-1.248,2
-1.267,-1.095,6,I,317(E1),H,-1.506,3
0,0,,I,317(E1),I,0,
-1.34,-1.193,5,I,317(E1),K,-1.762,3
-1.758,-1.831,6,I,317(E1),L,-2.256,3
-0.8233,-0.5915,4,I,317(E1),M,-0.9378,2
0.1058,0.05068,8,I,317(E1),N,-0.3588,2
-6.86,-7.517,5,I,317(E1),P,-8,4
-0.3504,-0.2049,1,I,317(E1),Q,,
0.4043,0.1706,4,I,317(E1),R,0.04298,4
-0.581,-0.3758,5,I,317(E1),S,-1.401,3
0.3548,0.1528,5,I,317(E1),T,0.8143,1
0.6315,0.2423,5,I,317(E1),V,0.9287,1
-1.502,-1.425,4,I,317(E1),W,-1.162,2
-2.043,-2.338,3,I,317(E1),Y,-2.107,1
-9.405,-7.628,11,I,318(E1),-,,
-2.877,-4.003,4,I,318(E1),A,-4.037,2
-6.847,-7.516,4,I,318(E1),C,,
-4.351,-6.37,3,I,318(E1),D,-5.98,2
-4.663,-6.67,5,I,318(E1),E,-6.586,3
-3.186,-4.611,4,I,318(E1),F,,
-6.634,-7.487,3,I,318(E1),G,-8,2
-4.283,-6.296,3,I,318(E1),H,-6.976,1
0,0,,I,318(E1),I,0,
-4.938,-6.881,3,I,318(E1),K,-7.456,2
0.6592,0.2501,3,I,318(E1),L,-0.5729,1
0.8019,0.2871,7,I,318(E1),M,,
-5.589,-7.225,6,I,318(E1),N,-7.495,2
-6.311,-7.432,6,I,318(E1),P,-7.876,4
-6.814,-7.512,4,I,318(E1),Q,-8,3
-4.266,-6.277,5,I,318(E1),R,-6.296,3
-7.247,-7.556,4,I,318(E1),S,-8,3
-5.249,-7.069,6,I,318(E1),T,-7.579,3
3.388,0.5176,5,I,318(E1),V,0.6306,2
-4.653,-6.662,5,I,318(E1),W,-5.953,2
-6.991,-7.532,7,I,318(E1),Y,-8,4
-5.948,-7.345,1,K,319(E1),*,-8,1
-0.9198,-0.6887,6,K,319(E1),-,,
-1.955,-2.176,6,K,319(E1),A,-1.402,2
-1.273,-1.103,6,K,319(E1),C,-1.234,5
-1.535,-1.474,5,K,319(E1),D,-1.264,4
-0.7958,-0.5651,10,K,319(E1),E,-0.1105,3
-0.8431,-0.6109,8,K,319(E1),F,-0.6672,6
-0.7155,-0.4907,7,K,319(E1),G,-1.42,2
-0.3721,-0.2197,7,K,319(E1),H,-0.7713,6
-2.209,-2.654,3,K,319(E1),I,-3.121,2
0,0,,K,319(E1),K,0,
-1.482,-1.395,6,K,319(E1),L,-1.997,3
-0.9451,-0.7153,4,K,319(E1),M,-1.29,2
-0.6557,-0.4382,8,K,319(E1),N,-1.247,3
-1.27,-1.1,11,K,319(E1),P,-0.9211,7
0.2162,0.09882,6,K,319(E1),Q,-1.29,2
-0.1513,-0.0811,5,K,319(E1),R,,
-0.9334,-0.7029,4,K,319(E1),S,-1.928,3
-0.2809,-0.1593,5,K,319(E1),T,-0.8016,3
-1.207,-1.018,5,K,319(E1),V,-1.394,2
-0.8449,-0.6127,5,K,319(E1),W,-0.7522,4
-0.7858,-0.5555,3,K,319(E1),Y,-0.5141,1
-3.598,-5.346,5,Y,320(E1),*,,
-1.344,-1.199,7,Y,320(E1),-,,
-0.3874,-0.2302,6,Y,320(E1),A,-0.3092,1
0.11,0.05262,5,Y,320(E1),C,-0.5905,1
-6.25,-7.419,3,Y,320(E1),D,-8,1
-5.461,-7.171,8,Y,320(E1),E,-8,6
0.05694,0.02787,5,Y,320(E1),F,-0.2776,1
-0.07017,-0.0363,11,Y,320(E1),G,-0.1356,6
-2.092,-2.43,6,Y,320(E1),H,-2.361,3
-1.739,-1.8,2,Y,320(E1),I,,
-4.144,-6.133,3,Y,320(E1),K,-5.922,1
-0.1604,-0.08632,8,Y,320(E1),L,-0.7914,5
-1.302,-1.142,6,Y,320(E1),M,-0.2302,3
-3.48,-5.146,10,Y,320(E1),N,-4.948,2
-6.187,-7.405,5,Y,320(E1),P,-8,2
-1.413,-1.295,2,Y,320(E1),Q,-1.579,2
-4.514,-6.536,2,Y,320(E1),R,-6.681,1
-0.8037,-0.5725,6,Y,320(E1),S,,
-0.3722,-0.2197,5,Y,320(E1),T,-0.5003,4
-1.075,-0.8588,8,Y,320(E1),V,-0.7819,3
-2.263,-2.759,5,Y,320(E1),W,-3.236,2
0,0,,Y,320(E1),Y,0,
-0.383,-0.2271,5,A,321(E1),-,,
0,0,,A,321(E1),A,0,
-1.617,-1.601,5,A,321(E1),C,-1.216,2
-0.3275,-0.1896,9,A,321(E1),D,-0.7166,1
-0.9189,-0.6878,3,A,321(E1),E,-0.5439,2
0.2272,0.1033,6,A,321(E1),F,-1.928,1
-0.02145,-0.01086,18,A,321(E1),G,-0.1306,11
-0.2242,-0.124,3,A,321(E1),H,0.09506,1
0.1175,0.05601,8,A,321(E1),I,-0.1902,5
1.09,0.3481,3,A,321(E1),K,0.1355,2
0.5024,0.2034,5,A,321(E1),L,-0.2219,3
0.566,0.2232,6,A,321(E1),M,-0.0139,2
0.2566,0.1153,5,A,321(E1),N,-1.434,2
-7.263,-7.557,7,A,321(E1),P,-8,3
3.568,0.5208,5,A,321(E1),Q,-0.759,3
1.218,0.3703,2,A,321(E1),R,-0.1391,1
-0.3672,-0.2163,8,A,321(E1),S,-0.1356,2
0.6146,0.2375,21,A,321(E1),T,-1.209,4
0.1385,0.06545,33,A,321(E1),V,-0.2333,9
-0.4351,-0.264,8,A,321(E1),W,0.6588,3
-0.2032,-0.1114,9,A,321(E1),Y,0.3093,6
-0.2557,-0.1434,5,A,322(E1),-,,
0,0,,A,322(E1),A,0,
-1.418,-1.303,6,A,322(E1),C,-1.532,2
-4.86,-6.826,10,A,322(E1),D,-8,3
-4.821,-6.797,6,A,322(E1),E,-7.289,3
-2.413,-3.059,10,A,322(E1),F,-2.925,2
-1.564,-1.518,5,A,322(E1),G,-2.408,2
-2.465,-3.163,7,A,322(E1),H,-3.786,3
-4.893,-6.85,4,A,322(E1),I,,
-2.735,-3.713,4,A,322(E1),K,-3.767,1
-2.617,-3.472,4,A,322(E1),L,-4.555,2
-2.002,-2.261,4,A,322(E1),M,-2.466,1
-1.909,-2.094,4,A,322(E1),N,-2.087,2
-1.76,-1.835,5,A,322(E1),P,-1.988,4
-3.199,-4.636,7,A,322(E1),Q,-4.354,2
-3.759,-5.602,7,A,322(E1),R,-6.113,3
4.858,0.5325,8,A,322(E1),S,0.5017,5
-0.08299,-0.04316,29,A,322(E1),T,-0.00178,8
-0.7687,-0.5395,16,A,322(E1),V,-0.5427,4
-1.593,-1.563,6,A,322(E1),W,-2.056,3
-1.737,-1.797,4,A,322(E1),Y,-1.389,2
-3.04,-4.327,6,S,323(E1),-,,
-0.3084,-0.177,10,S,323(E1),A,-0.8408,5
-2.096,-2.438,5,S,323(E1),C,-1.384,2
-0.9539,-0.7247,6,S,323(E1),D,-2.34,1
-1.724,-1.773,3,S,323(E1),E,-1.946,2
2.109,0.4678,3,S,323(E1),F,-1.017,1
-0.2119,-0.1166,3,S,323(E1),G,-1.336,2
-0.9781,-0.7506,2,S,323(E1),H,-1.007,2
-0.5582,-0.3575,12,S,323(E1),I,-0.07229,3
-1.331,-1.181,1,S,323(E1),K,,
0.859,0.3006,5,S,323(E1),L,-0.04148,3
0.4229,0.177,7,S,323(E1),M,-0.1678,6
0.3899,0.1655,34,S,323(E1),N,-0.5198,11
-1.505,-1.429,5,S,323(E1),P,-1.145,4
0.1115,0.0533,5,S,323(E1),Q,-1.735,1
-0.6751,-0.455,10,S,323(E1),R,-0.8807,4
0,0,,S,323(E1),S,0,
0.4748,0.1944,7,S,323(E1),T,-0.006575,4
0.0374,0.01846,7,S,323(E1),V,-0.756,3
-0.8977,-0.6658,6,S,323(E1),W,-1.133,4
-0.1447,-0.07731,3,S,323(E1),Y,-0.4412,2
-0.06149,-0.03168,5,K,324(E1),-,,
-1.465,-1.369,3,K,324(E1),A,-0.3287,1
-2.232,-2.699,10,K,324(E1),C,-5.124,3
-2.772,-3.79,3,K,324(E1),D,-3.748,1
-2.315,-2.862,4,K,324(E1),E,,
-1.54,-1.482,4,K,324(E1),F,-1.63,1
-2.062,-2.372,8,K,324(E1),G,-2.421,2
-1.774,-1.857,5,K,324(E1),H,-2.051,3
-1.483,-1.397,4,K,324(E1),I,-1.526,2
0,0,,K,324(E1),K,0,
-1.351,-1.209,8,K,324(E1),L,-0.7457,5
-0.9055,-0.6739,8,K,324(E1),M,-1.33,4
-2.029,-2.312,9,K,324(E1),N,-4.315,2
-1.404,-1.282,7,K,324(E1),P,-1.592,4
-1.086,-0.8722,4,K,324(E1),Q,-0.7764,2
-0.001415,-0.0007104,8,K,324(E1),R,-0.5314,5
-0.8339,-0.6018,3,K,324(E1),S,-0.877,2
-0.9914,-0.7652,5,K,324(E1),T,-0.6162,1
-1.41,-1.291,5,K,324(E1),V,-2.037,4
-2.069,-2.386,3,K,324(E1),W,-2.656,1
-3.029,-4.306,7,K,324(E1),Y,-3.854,2
0.5322,0.2128,4,K,325(E1),-,,
0.7033,0.2621,11,K,325(E1),A,0.5832,4
0.2545,0.1144,2,K,325(E1),C,-0.05426,1
-0.4895,-0.3042,4,K,325(E1),D,-0.7867,2
-1.014,-0.79,11,K,325(E1),E,-0.8126,6
4.023,0.5267,8,K,325(E1),F,0.1323,5
2.04,0.4629,7,K,325(E1),G,-1.362,3
-0.1176,-0.06209,7,K,325(E1),H,0.06565,4
-1.889,-2.057,3,K,325(E1),I,,
0,0,,K,325(E1),K,0,
0.4153,0.1744,8,K,325(E1),L,0.2729,1
1.898,0.4517,6,K,325(E1),M,0.3005,5
-0.678,-0.4574,7,K,325(E1),N,-0.5648,3
-0.4992,-0.3115,8,K,325(E1),P,-0.08008,5
-0.1986,-0.1087,11,K,325(E1),Q,-0.2939,7
0.8449,0.2973,7,K,325(E1),R,0.8469,3
1.634,0.4264,1,K,325(E1),S,,
0.6547,0.2489,4,K,325(E1),T,0.121,4
1.764,0.4397,4,K,325(E1),V,0.2719,4
0.313,0.1373,5,K,325(E1),W,0.6243,3
-1.535,-1.474,9,K,325(E1),Y,-1.573,3
-0.4963,-0.3094,3,G,326(E1),-,,
-2.319,-2.87,4,G,326(E1),A,-3.558,2
-5.405,-7.147,8,G,326(E1),C,-8,1
-4.027,-5.985,28,G,326(E1),D,-6.739,2
-3.704,-5.517,4,G,326(E1),E,-6.421,2
-1.128,-0.9213,8,G,326(E1),F,-0.6739,3
0,0,,G,326(E1),G,0,
-3.522,-5.219,4,G,326(E1),H,-5.497,2
-4.773,-6.76,3,G,326(E1),I,-6.574,2
-3.517,-5.211,4,G,326(E1),K,-5.555,2
-6.226,-7.414,3,G,326(E1),L,-8,1
-5.273,-7.082,4,G,326(E1),M,-7.509,1
-3.158,-4.558,6,G,326(E1),N,-4.815,3
-7.42,-7.568,9,G,326(E1),P,-8,4
-5.643,-7.245,5,G,326(E1),Q,-8,3
-6.724,-7.5,6,G,326(E1),R,-8,2
-2.42,-3.073,6,G,326(E1),S,-3.33,1
-6.244,-7.418,4,G,326(E1),T,-7.3,2
-4.329,-6.347,5,G,326(E1),V,-6.903,3
-1.371,-1.236,5,G,326(E1),W,-1.435,4
-2.2,-2.636,4,G,326(E1),Y,-2.045,1
-2.516,-3.268,2,K,327(E1),*,,
0.3441,0.1489,2,K,327(E1),-,,
1.256,0.3765,3,K,327(E1),A,0.2101,1
-0.9894,-0.763,5,K,327(E1),C,-0.8872,2
-0.5744,-0.3704,13,K,327(E1),D,-0.6748,5
-1.883,-2.047,5,K,327(E1),E,-1.457,1
-0.8069,-0.5756,8,K,327(E1),F,-0.6572,5
-1.097,-0.8848,6,K,327(E1),G,-0.72,4
-0.1713,-0.0926,6,K,327(E1),H,-0.3661,4
-0.08807,-0.04591,12,K,327(E1),I,-0.1244,5
0,0,,K,327(E1),K,0,
0.1213,0.05772,6,K,327(E1),L,-1.442,5
-0.8552,-0.6229,5,K,327(E1),M,-0.4627,2
-1.616,-1.599,8,K,327(E1),N,-1.703,5
-0.4127,-0.248,7,K,327(E1),P,-0.3337,3
-0.4484,-0.2737,4,K,327(E1),Q,,
-0.6958,-0.4731,15,K,327(E1),R,0.01871,7
-0.6422,-0.4266,3,K,327(E1),S,-0.6061,2
-1.012,-0.788,10,K,327(E1),T,-1.054,8
-1.082,-0.8678,4,K,327(E1),V,-0.3501,2
-1.521,-1.453,7,K,327(E1),W,-1.755,3
-0.262,-0.1474,8,K,327(E1),Y,0.5072,2
-5.752,-7.284,5,C,328(E1),*,-8,1
0.1814,0.08414,1,C,328(E1),-,,
-5.546,-7.208,8,C,328(E1),A,-8,2
0,0,,C,328(E1),C,0,
-6.806,-7.511,6,C,328(E1),D,-8,4
-5.587,-7.224,7,C,328(E1),E,-8,3
-6.526,-7.471,13,C,328(E1),F,-7.595,4
-6.348,-7.439,8,C,328(E1),G,-8,6
-5.505,-7.191,6,C,328(E1),H,-8,3
-5.532,-7.202,7,C,328(E1),I,-7.813,5
-6.083,-7.381,6,C,328(E1),K,-8,1
-5.688,-7.262,3,C,328(E1),L,-7.492,2
-6.03,-7.367,3,C,328(E1),M,-7.947,2
-10.48,-7.634,3,C,328(E1),N,-5.726,1
-5.701,-7.266,8,C,328(E1),P,-8,4
-5.804,-7.301,5,C,328(E1),Q,-8,4
-6.726,-7.5,5,C,328(E1),R,-8,2
-6.162,-7.4,17,C,328(E1),S,-8,6
-4.828,-6.802,4,C,328(E1),T,-7.229,3
-5.959,-7.348,9,C,328(E1),V,-8,4
-5.774,-7.291,4,C,328(E1),W,-8,3
-5.56,-7.213,19,C,328(E1),Y,-8,7
-3.626,-5.393,2,A,329(E1),*,,
-0.4742,-0.2927,1,A,329(E1),-,,
0,0,,A,329(E1),A,0,
-1.393,-1.267,5,A,329(E1),C,-0.5279,3
-6.668,-7.492,8,A,329(E1),D,-7.57,1
-5.512,-7.193,6,A,329(E1),E,-8,4
-1.261,-1.088,6,A,329(E1),F,-1.269,5
-1.191,-0.9992,7,A,329(E1),G,-1.591,4
-2.491,-3.215,4,A,329(E1),H,-3.897,2
-2.362,-2.956,6,A,329(E1),I,-4.244,3
-5.414,-7.151,5,A,329(E1),K,-8,3
-5.963,-7.349,2,A,329(E1),L,-8,1
-4.972,-6.904,3,A,329(E1),M,-7.204,2
-4.124,-6.108,2,A,329(E1),N,-6.406,1
-2.401,-3.034,4,A,329(E1),P,-3.32,2
-7.014,-7.534,4,A,329(E1),Q,-8,4
-4.226,-6.23,5,A,329(E1),R,-6.538,3
-1.857,-2.002,8,A,329(E1),S,-2.761,3
-4.184,-6.182,20,A,329(E1),T,-6.066,4
-4.021,-5.976,16,A,329(E1),V,-5.782,2
-6.911,-7.523,6,A,329(E1),W,-8,3
0.1738,0.08088,2,A,329(E1),Y,-0.2044,2
-0.5775,-0.373,3,V,330(E1),-,,
-0.8844,-0.6522,9,V,330(E1),A,-0.751,2
-1.036,-0.8147,8,V,330(E1),C,-0.7312,7
-7.373,-7.565,12,V,330(E1),D,-8,5
-4.921,-6.87,5,V,330(E1),E,-7.223,2
-7.313,-7.561,4,V,330(E1),F,,
-6.45,-7.458,7,V,330(E1),G,-8,4
-6.835,-7.514,10,V,330(E1),H,-8,3
-1.023,-0.8002,4,V,330(E1),I,-1.21,2
-5.628,-7.24,7,V,330(E1),K,-7.628,3
-1.061,-0.843,9,V,330(E1),L,-1.415,3
-1.437,-1.33,26,V,330(E1),M,-0.2322,6
-4.981,-6.91,7,V,330(E1),N,-7.073,5
-3.192,-4.622,6,V,330(E1),P,-4.534,3
-6.743,-7.503,6,V,330(E1),Q,-8,2
-5.792,-7.297,8,V,330(E1),R,-8,4
-2.171,-2.581,4,V,330(E1),S,-3.245,1
-1.005,-0.7804,10,V,330(E1),T,-1.121,6
0,0,,V,330(E1),V,0,
-5.082,-6.974,12,V,330(E1),W,-8,3
-6.327,-7.435,8,V,330(E1),Y,-8,5
-0.2599,-0.1461,3,H,331(E1),-,,
0.6428,0.2455,7,H,331(E1),A,-1.516,3
-1.874,-2.031,8,H,331(E1),C,-2.38,5
-4.755,-6.746,6,H,331(E1),D,-7.379,3
-4.539,-6.559,4,H,331(E1),E,-6.904,2
-1.1,-0.8888,6,H,331(E1),F,-0.8341,1
-2.715,-3.672,6,H,331(E1),G,-4.778,2
0,0,,H,331(E1),H,0,
-1.789,-1.883,6,H,331(E1),I,-0.7049,1
-4.097,-6.075,4,H,331(E1),K,-6.385,4
-2.95,-4.148,8,H,331(E1),L,-4.527,2
-1.827,-1.949,7,H,331(E1),M,-2.312,5
-1.955,-2.176,7,H,331(E1),N,-2.063,2
-5.164,-7.023,11,H,331(E1),P,-7.005,5
-3.306,-4.837,18,H,331(E1),Q,-4.957,7
-4.81,-6.788,10,H,331(E1),R,-6.954,4
-2.807,-3.86,6,H,331(E1),S,-4.482,2
-3.764,-5.611,3,H,331(E1),T,,
-0.7286,-0.5025,5,H,331(E1),V,-1.565,2
-2.803,-3.852,3,H,331(E1),W,-3.988,1
0.2678,0.1197,17,H,331(E1),Y,0.0882,2
0.5245,0.2104,2,S,332(E1),-,,
1.354,0.3912,4,S,332(E1),A,0.1828,2
-1.716,-1.76,6,S,332(E1),C,-1.301,3
-0.5633,-0.3615,5,S,332(E1),D,0.346,1
-3.465,-5.121,7,S,332(E1),E,-5.704,3
-6.681,-7.494,8,S,332(E1),F,-8,4
-1.789,-1.884,11,S,332(E1),G,-2.281,3
-2.571,-3.379,5,S,332(E1),H,-3.796,3
-6.124,-7.391,6,S,332(E1),I,-8,2
-3.028,-4.305,7,S,332(E1),K,-4.621,3
-10.36,-7.634,5,S,332(E1),L,-8,1
-3.692,-5.498,4,S,332(E1),M,-5.639,4
-6.768,-7.506,36,S,332(E1),N,-5.056,4
-0.1018,-0.0534,4,S,332(E1),P,0.9014,1
-1.959,-2.182,5,S,332(E1),Q,-2.415,4
-2.855,-3.958,15,S,332(E1),R,-4.194,2
0,0,,S,332(E1),S,0,
-0.2749,-0.1555,5,S,332(E1),T,-0.4215,2
0.1499,0.07048,4,S,332(E1),V,,
-5.875,-7.324,7,S,332(E1),W,-7.752,4
-5.259,-7.075,6,S,332(E1),Y,-3.9,2
-5.945,-7.344,1,M,333(E1),*,-8,1
0.1524,0.07159,2,M,333(E1),-,,
0.5589,0.221,5,M,333(E1),A,0.09435,4
-1.097,-0.8847,7,M,333(E1),C,-0.8061,2
-0.77,-0.5406,9,M,333(E1),D,-0.6956,5
-1.343,-1.197,8,M,333(E1),E,-0.6342,1
-0.1624,-0.08745,12,M,333(E1),F,-0.1787,6
-0.07323,-0.03793,6,M,333(E1),G,-0.1825,4
-0.2779,-0.1574,8,M,333(E1),H,-0.9916,4
-0.406,-0.2433,26,M,333(E1),I,-1.353,6
-1.335,-1.187,5,M,333(E1),K,-1.444,4
-0.7718,-0.5423,10,M,333(E1),L,-1.731,6
0,0,,M,333(E1),M,0,
0.3373,0.1464,5,M,333(E1),N,-1.183,1
0.2531,0.1139,4,M,333(E1),P,0.3414,3
-0.2942,-0.1678,5,M,333(E1),Q,-1.51,2
-0.09869,-0.05168,1,M,333(E1),R,-0.323,1
-0.4431,-0.2698,9,M,333(E1),S,-0.8685,5
1.223,0.3712,10,M,333(E1),T,-0.4602,5
-0.6569,-0.4391,11,M,333(E1),V,-0.9098,9
-1.285,-1.12,14,M,333(E1),W,-1.165,5
-0.6478,-0.4314,11,M,333(E1),Y,-0.1514,7
-2.862,-3.972,3,T,334(E1),-,,
0.9251,0.3153,23,T,334(E1),A,0.04626,6
2.558,0.4927,5,T,334(E1),C,1.099,1
-1.733,-1.789,4,T,334(E1),D,-1.666,2
3.424,0.5183,2,T,334(E1),E,0.589,1
-1.457,-1.359,5,T,334(E1),G,-0.998,2
-0.06257,-0.03226,5,T,334(E1),H,0.5692,2
-0.6328,-0.4187,13,T,334(E1),I,0.4431,5
0.9903,0.3289,3,T,334(E1),K,-0.0735,2
3.279,0.5154,7,T,334(E1),L,1.246,4
-0.3355,-0.1949,6,T,334(E1),M,-0.5766,3
2.408,0.4855,13,T,334(E1),N,-1.084,2
-0.6454,-0.4293,5,T,334(E1),P,-0.7255,4
0.3485,0.1505,5,T,334(E1),Q,-0.1891,2
3.082,0.5107,6,T,334(E1),R,-0.2106,4
0.3411,0.1478,3,T,334(E1),S,-1.39,1
0,0,,T,334(E1),T,0,
-0.1967,-0.1075,7,T,334(E1),V,-0.5054,3
-0.6439,-0.428,7,T,334(E1),W,-0.4177,2
0.5791,0.2271,5,T,334(E1),Y,-0.1804,2
-1.382,-1.251,2,N,335(E1),-,,
2.218,0.4749,2,N,335(E1),A,0.4968,1
-2.986,-4.222,4,N,335(E1),C,,
-1.382,-1.252,7,N,335(E1),D,-1.237,4
-1.373,-1.239,3,N,335(E1),E,-2.261,1
-0.05724,-0.02944,8,N,335(E1),F,-2.278,2
0.04636,0.02279,5,N,335(E1),G,-0.3337,5
0.1258,0.05977,7,N,335(E1),H,-0.2151,2
-1.105,-0.8941,8,N,335(E1),I,-1.193,5
1.353,0.3911,8,N,335(E1),K,0.8804,3
0.587,0.2294,8,N,335(E1),L,-0.482,4
-0.4627,-0.2842,14,N,335(E1),M,0.04476,5
0,0,,N,335(E1),N,0,
2.082,0.4659,5,N,335(E1),P,0.2501,5
-2.018,-2.292,5,N,335(E1),Q,-3.488,3
2.99,0.5081,5,N,335(E1),R,0.1285,2
-0.8088,-0.5775,4,N,335(E1),S,-0.7502,2
0.7871,0.2835,3,N,335(E1),T,,
-1.27,-1.1,4,N,335(E1),V,-0.1039,3
-0.8553,-0.623,4,N,335(E1),W,-0.8988,2
-0.3516,-0.2057,9,N,335(E1),Y,-0.1796,4
-0.6843,-0.463,2,A,336(E1),-,,
0,0,,A,336(E1),A,0,
-2.197,-2.631,6,A,336(E1),C,-2.558,2
-1.087,-0.8734,9,A,336(E1),D,-1.187,4
0.8043,0.2877,3,A,336(E1),E,0.607,1
0.1415,0.06676,6,A,336(E1),F,0.5696,2
1.097,0.3494,5,A,336(E1),G,-1.12,1
0.6778,0.2552,6,A,336(E1),H,-1.309,1
0.08653,0.04181,10,A,336(E1),I,-0.3745,7
0.7702,0.2793,5,A,336(E1),K,0.6252,1
0.4867,0.1983,6,A,336(E1),L,-3.303,1
0.5269,0.2112,5,A,336(E1),M,1.915,2
-6.187,-7.405,2,A,336(E1),N,-8,1
0.7597,0.2767,6,A,336(E1),P,0.1438,4
-1.07,-0.8535,4,A,336(E1),Q,,
0.8077,0.2885,2,A,336(E1),R,0.0305,2
0.1718,0.08002,7,A,336(E1),S,-0.1265,2
-0.0586,-0.03016,19,A,336(E1),T,-0.01523,3
-0.7551,-0.5268,10,A,336(E1),V,-0.4741,1
3.047,0.5098,6,A,336(E1),W,0.5461,3
2.657,0.4968,5,A,336(E1),Y,0.2976,3
-1.316,-1.161,2,V,337(E1),-,,
-0.2952,-0.1685,19,V,337(E1),A,-1.048,5
0.8743,0.304,4,V,337(E1),C,0.2398,2
-6.143,-7.395,5,V,337(E1),D,-7.774,2
-4.401,-6.423,12,V,337(E1),E,-6.858,5
0.2068,0.0949,8,V,337(E1),F,-1.964,1
-5.828,-7.309,4,V,337(E1),G,-8,3
-1.226,-1.042,6,V,337(E1),H,-1.1,2
-0.425,-0.2567,9,V,337(E1),I,-0.2556,4
-4.779,-6.765,6,V,337(E1),K,-7.236,2
1.785,0.4417,9,V,337(E1),L,1.5,2
-0.7277,-0.5017,22,V,337(E1),M,-0.1267,4
-3.708,-5.524,4,V,337(E1),N,-5.503,1
-6.373,-7.444,7,V,337(E1),P,-8,3
-2.22,-2.676,6,V,337(E1),Q,-3.249,5
-5.321,-7.106,5,V,337(E1),R,-7.471,3
-4.739,-6.733,10,V,337(E1),S,-7.064,5
-6.186,-7.405,3,V,337(E1),T,-8,1
0,0,,V,337(E1),V,0,
-3.633,-5.404,8,V,337(E1),W,-5.904,4
-1.126,-0.9193,4,V,337(E1),Y,-0.6714,1
0.9843,0.3277,1,T,338(E1),-,,
-0.1028,-0.05395,5,T,338(E1),A,0.2364,2
-2.423,-3.079,5,T,338(E1),C,-2.836,2
-2.499,-3.232,8,T,338(E1),D,-4.007,5
-2.216,-2.667,6,T,338(E1),E,-2.844,4
-1.619,-1.605,7,T,338(E1),F,-2.432,4
-1.242,-1.063,10,T,338(E1),G,-1.599,5
-1.918,-2.11,6,T,338(E1),H,-2.516,3
0.02933,0.01453,13,T,338(E1),I,-0.428,3
-5.543,-7.206,3,T,338(E1),K,-7.594,2
-1.2,-1.01,6,T,338(E1),L,-1.119,3
-2.081,-2.409,1,T,338(E1),M,,
-1.158,-0.9578,7,T,338(E1),N,-1.122,2
-4.818,-6.795,6,T,338(E1),P,-8,3
-1.194,-1.003,6,T,338(E1),Q,-1.436,3
-5.299,-7.095,3,T,338(E1),R,-7.984,3
-0.04237,-0.02165,4,T,338(E1),S,-0.7156,3
0,0,,T,338(E1),T,0,
1.406,0.3984,3,T,338(E1),V,-0.5015,2
-5.055,-6.958,6,T,338(E1),W,-6.935,3
-2.091,-2.427,3,T,338(E1),Y,-2.74,2
-1.105,-0.8944,2,I,339(E1),-,,
-0.5333,-0.3378,5,I,339(E1),A,-0.3778,4
1.503,0.4111,6,I,339(E1),C,0.1768,5
-6.594,-7.481,8,I,339(E1),D,-8,3
-6.852,-7.516,4,I,339(E1),E,-8,3
-0.9985,-0.7729,9,I,339(E1),F,-1.258,4
-7.219,-7.553,6,I,339(E1),G,-8,3
-5.557,-7.212,11,I,339(E1),H,-7.345,7
0,0,,I,339(E1),I,0,
-5.589,-7.225,8,I,339(E1),K,-8,7
1.901,0.452,6,I,339(E1),L,0.8511,3
0.4244,0.1775,8,I,339(E1),M,-0.03985,4
-2.261,-2.755,12,I,339(E1),N,-3.34,7
-2.121,-2.484,6,I,339(E1),P,-3.216,4
-2.54,-3.317,2,I,339(E1),Q,,
-6.767,-7.506,6,I,339(E1),R,-8,2
-1.323,-1.17,4,I,339(E1),S,-0.1499,2
-0.4892,-0.304,6,I,339(E1),T,-0.78,2
-1.181,-0.9867,7,I,339(E1),V,-0.4066,1
-3.87,-5.767,7,I,339(E1),W,-4.894,4
-4.834,-6.807,4,I,339(E1),Y,-8,1
-0.9561,-0.727,2,R,340(E1),-,,
-1.282,-1.115,8,R,340(E1),A,-1.18,5
-1.362,-1.224,4,R,340(E1),C,-1.156,1
-5.024,-6.938,10,R,340(E1),D,-7.175,7
-5.152,-7.016,4,R,340(E1),E,-8,3
-3.982,-5.923,10,R,340(E1),F,-6.881,4
-5.825,-7.308,6,R,340(E1),G,-7.604,2
-3.016,-4.281,6,R,340(E1),H,-4.226,4
-4.245,-6.253,9,R,340(E1),I,-6.327,7
1.49,0.4094,3,R,340(E1),K,-0.029,2
0.1255,0.05965,4,R,340(E1),L,-0.3706,1
-1.211,-1.023,10,R,340(E1),M,-1.03,9
-4.79,-6.773,6,R,340(E1),N,-7.03,4
-6.113,-7.388,6,R,340(E1),P,-8,4
-0.7154,-0.4906,26,R,340(E1),Q,-0.3332,4
0,0,,R,340(E1),R,0,
-2.232,-2.7,6,R,340(E1),S,-2.621,3
-7.105,-7.543,6,R,340(E1),T,-8,4
-6.291,-7.428,7,R,340(E1),V,-8,4
-5.081,-6.974,15,R,340(E1),W,-6.179,4
-4.068,-6.037,6,R,340(E1),Y,-6.686,5
-7.681,-7.584,5,E,341(E1),*,,
-0.5356,-0.3396,2,E,341(E1),-,,
-2.361,-2.953,2,E,341(E1),A,-3.263,1
-4.784,-6.768,9,E,341(E1),C,-8,3
-2.046,-2.343,8,E,341(E1),D,-2.293,4
0,0,,E,341(E1),E,0,
-5.383,-7.136,15,E,341(E1),F,-8,9
-2.734,-3.712,6,E,341(E1),G,-2.974,2
-3.587,-5.328,6,E,341(E1),H,-5.97,3
-6.298,-7.429,2,E,341(E1),I,-7.987,2
-4.575,-6.592,42,E,341(E1),K,-6.881,4
-4.46,-6.483,4,E,341(E1),L,-8,2
-7.367,-7.565,9,E,341(E1),M,-6.829,4
-2.634,-3.507,11,E,341(E1),N,-4.104,3
-6.726,-7.5,9,E,341(E1),P,-8,4
-0.8334,-0.6014,12,E,341(E1),Q,-1.166,9
-4.863,-6.828,6,E,341(E1),R,-7.211,6
-2.555,-3.347,8,E,341(E1),S,-2.623,2
-3.359,-4.933,6,E,341(E1),T,-5.283,2
-2.953,-4.156,5,E,341(E1),V,-4.426,3
-6.646,-7.489,10,E,341(E1),W,-8,6
-6.031,-7.367,6,E,341(E1),Y,-7.999,4
-0.1134,-0.05979,2,A,342(E1),-,,
0,0,,A,342(E1),A,0,
-0.5786,-0.3739,4,A,342(E1),C,-0.7423,3
-3.077,-4.4,4,A,342(E1),D,-4.771,3
-5.152,-7.016,4,A,342(E1),E,-6.286,1
-1.996,-2.25,5,A,342(E1),F,-3.005,2
0.4511,0.1866,5,A,342(E1),G,-1.376,2
-0.372,-0.2196,3,A,342(E1),H,-0.5019,2
-0.6273,-0.414,4,A,342(E1),I,-0.801,3
-1.297,-1.135,1,A,342(E1),K,,
1.078,0.3459,5,A,342(E1),L,0.7398,3
-0.9129,-0.6815,3,A,342(E1),M,-1.365,1
-0.7362,-0.5095,4,A,342(E1),N,0.6415,2
0.03214,0.0159,8,A,342(E1),P,-0.6835,3
-4.009,-5.961,2,A,342(E1),Q,-6.286,1
-3.045,-4.337,3,A,342(E1),R,-5.954,2
0.7091,0.2636,4,A,342(E1),S,-0.216,2
4.56,0.5309,11,A,342(E1),T,-0.8324,4
0.1566,0.07343,33,A,342(E1),V,-0.3587,5
-0.3796,-0.2248,5,A,342(E1),W,-2.728,2
-0.7094,-0.4852,8,A,342(E1),Y,-0.4951,3
-6.665,-7.492,8,E,343(E1),*,-8,1
-1.309,-1.151,2,E,343(E1),-,,
-1.079,-0.8634,10,E,343(E1),A,-0.5217,6
-1.232,-1.051,5,E,343(E1),C,-4.503,1
-0.1056,-0.05545,12,E,343(E1),D,0.7747,3
0,0,,E,343(E1),E,0,
-0.2018,-0.1106,5,E,343(E1),F,-0.6298,2
1.845,0.4471,6,E,343(E1),G,1.001,1
-0.5441,-0.3463,10,E,343(E1),H,-0.4365,6
-1.239,-1.06,8,E,343(E1),I,-1.016,5
-2.79,-3.826,20,E,343(E1),K,-4.785,8
-1.99,-2.24,9,E,343(E1),L,-2.59,3
-0.6296,-0.416,8,E,343(E1),M,-0.4601,4
-0.1055,-0.0554,14,E,343(E1),N,-0.2536,7
-6.257,-7.421,3,E,343(E1),P,-8,1
-1.259,-1.086,2,E,343(E1),Q,-1.38,2
-0.6232,-0.4105,5,E,343(E1),R,0.02906,3
0.875,0.3042,7,E,343(E1),S,-0.07802,6
-1.11,-0.9002,4,E,343(E1),T,-0.6948,3
0.09705,0.04668,7,E,343(E1),V,-0.1761,2
-0.845,-0.6128,8,E,343(E1),W,-0.9997,4
0.05113,0.02509,8,E,343(E1),Y,-0.2389,2
-1.523,-1.456,2,I,344(E1),-,,
1.982,0.4585,7,I,344(E1),A,0.1528,3
0.8656,0.3021,7,I,344(E1),C,-0.2802,4
-0.9344,-0.704,6,I,344(E1),D,-1.013,3
-0.1943,-0.1061,8,I,344(E1),E,0.2414,4
-0.1226,-0.06486,8,I,344(E1),F,-1.39,3
0.3852,0.1638,6,I,344(E1),G,-0.2742,4
-0.6896,-0.4676,4,I,344(E1),H,-0.1904,1
0,0,,I,344(E1),I,0,
-1.053,-0.8345,6,I,344(E1),K,-1.389,4
-1.346,-1.202,4,I,344(E1),L,-1.541,4
0.01155,0.005766,4,I,344(E1),M,-0.7764,3
0.5364,0.2141,6,I,344(E1),N,0.2389,2
-2.738,-3.719,5,I,344(E1),P,-4.195,3
-0.7899,-0.5594,1,I,344(E1),Q,-0.8822,1
-1.672,-1.69,4,I,344(E1),R,-1.954,1
1.57,0.4191,6,I,344(E1),S,0.2795,4
-0.6552,-0.4377,4,I,344(E1),T,-0.3346,3
0.6311,0.2422,8,I,344(E1),V,-0.6229,4
-1.89,-2.059,2,I,344(E1),W,,
-1.894,-2.066,3,I,344(E1),Y,-2.987,2
-8.825,-7.62,10,E,345(E1),*,,
-0.6711,-0.4514,1,E,345(E1),-,,
-0.1367,-0.07276,5,E,345(E1),A,0.3083,2
-0.5008,-0.3127,8,E,345(E1),C,-0.7993,5
0.3478,0.1503,7,E,345(E1),D,-0.6632,3
0,0,,E,345(E1),E,0,
3.076,0.5105,12,E,345(E1),F,-0.1742,6
-0.1964,-0.1074,14,E,345(E1),G,-0.082,6
1.83,0.4458,9,E,345(E1),H,0.1506,5
0.6389,0.2444,6,E,345(E1),I,0.1122,4
0.08253,0.03995,44,E,345(E1),K,0.2102,12
1.804,0.4434,7,E,345(E1),L,0.5166,6
-1.021,-0.7974,8,E,345(E1),M,-0.704,4
0.0672,0.03275,9,E,345(E1),N,-0.8542,2
2.063,0.4646,6,E,345(E1),P,-0.03809,1
-0.647,-0.4306,7,E,345(E1),Q,-1.503,3
0.06446,0.03145,9,E,345(E1),R,-1.286,3
-2.725,-3.693,6,E,345(E1),S,-3.947,3
-0.2575,-0.1446,7,E,345(E1),T,-1.069,3
1.26,0.3771,11,E,345(E1),V,0.0212,5
0.4308,0.1797,13,E,345(E1),W,0.1283,5
-0.6257,-0.4127,9,E,345(E1),Y,0.1738,5
-0.7192,-0.494,1,V,346(E1),-,,
-0.9784,-0.751,10,V,346(E1),A,-0.9792,5
-1.434,-1.325,6,V,346(E1),C,-1.085,3
-7.05,-7.538,7,V,346(E1),D,-8,4
-6.219,-7.412,6,V,346(E1),E,-8,3
-3.381,-4.972,8,V,346(E1),F,-5.342,3
-5.829,-7.309,5,V,346(E1),G,-8,4
-6.083,-7.381,5,V,346(E1),H,-8,2
-0.1509,-0.08084,8,V,346(E1),I,-0.4044,5
-6.24,-7.417,4,V,346(E1),K,-8,2
-0.02536,-0.01286,8,V,346(E1),L,-0.3908,4
-1.671,-1.688,9,V,346(E1),M,-1.448,4
-5.045,-6.951,5,V,346(E1),N,-7.374,4
-3.43,-5.059,9,V,346(E1),P,-5.294,5
-9.667,-7.63,10,V,346(E1),Q,-7.912,3
-5.833,-7.311,6,V,346(E1),R,-7.397,2
-3.552,-5.27,7,V,346(E1),S,-6.429,2
-0.5325,-0.3372,9,V,346(E1),T,-0.4113,3
0,0,,V,346(E1),V,0,
-7.312,-7.561,4,V,346(E1),W,-8,2
-8.873,-7.621,10,V,346(E1),Y,-8,5
-6.103,-7.386,3,E,347(E1),*,,
-0.9976,-0.772,1,E,347(E1),-,,
-1.216,-1.03,9,E,347(E1),A,-1.859,4
-1.195,-1.004,6,E,347(E1),C,-1.103,3
-0.2134,-0.1175,17,E,347(E1),D,0.3239,7
0,0,,E,347(E1),E,0,
-0.07687,-0.03988,8,E,347(E1),F,-0.5658,1
0.2035,0.09351,15,E,347(E1),G,0.3337,5
0.5814,0.2278,8,E,347(E1),H,0.006333,5
0.2821,0.1254,11,E,347(E1),I,-0.1679,5
-0.1829,-0.09937,47,E,347(E1),K,-0.7742,10
0.102,0.04895,4,E,347(E1),L,-0.1265,2
0.247,0.1114,8,E,347(E1),M,0.302,7
-0.5042,-0.3154,9,E,347(E1),N,-0.1175,6
-1.451,-1.349,7,E,347(E1),P,-1.502,4
0.1926,0.0889,7,E,347(E1),Q,-0.5974,3
-1.111,-0.902,8,E,347(E1),R,0.6614,3
-0.6259,-0.4129,6,E,347(E1),S,-0.8381,3
-0.3141,-0.1807,9,E,347(E1),T,-0.2935,4
0.9268,0.3156,9,E,347(E1),V,-2.268,4
0.3294,0.1435,1,E,347(E1),W,,
-0.9294,-0.6987,8,E,347(E1),Y,-1.237,3
-0.7351,-0.5084,1,G,348(E1),-,,
2.518,0.4909,6,G,348(E1),A,0.1685,3
-2.338,-2.909,9,G,348(E1),C,-2.578,3
-1.086,-0.8725,27,G,348(E1),D,-1.52,3
1.47,0.407,2,G,348(E1),E,-0.3378,1
-0.3094,-0.1777,10,G,348(E1),F,-0.7862,6
0,0,,G,348(E1),G,0,
-0.8091,-0.5777,8,G,348(E1),H,-1.114,7
-1.126,-0.9196,7,G,348(E1),I,-1.097,4
0.4809,0.1964,4,G,348(E1),K,-0.9806,2
0.05797,0.02836,9,G,348(E1),L,0.052,5
-0.4831,-0.2994,6,G,348(E1),M,-0.89,3
0.5311,0.2125,5,G,348(E1),N,0.037,2
0.3982,0.1684,6,G,348(E1),P,0.4581,2
-0.1372,-0.07309,12,G,348(E1),Q,-1.083,4
0.3757,0.1604,8,G,348(E1),R,-0.5167,5
-0.1281,-0.06798,25,G,348(E1),S,0.1697,9
-0.9861,-0.7593,4,G,348(E1),T,0.4888,1
-0.5005,-0.3125,11,G,348(E1),V,-0.4984,3
-0.1533,-0.08224,6,G,348(E1),W,0.2282,3
1.385,0.3955,7,G,348(E1),Y,0.4564,2
-0.6137,-0.4027,2,N,349(E1),-,,
0.1599,0.07485,7,N,349(E1),A,0.169,4
-1.771,-1.852,6,N,349(E1),C,-2.541,3
0.356,0.1533,14,N,349(E1),D,-0.1817,5
0.5122,0.2065,7,N,349(E1),E,-0.08914,4
0.1747,0.08126,5,N,349(E1),F,-0.05751,5
-1.109,-0.8988,8,N,349(E1),G,-0.4165,3
-1.019,-0.7962,10,N,349(E1),H,-0.9987,7
1.724,0.4357,6,N,349(E1),I,0.158,1
0.3829,0.163,24,N,349(E1),K,-0.7849,6
0.1908,0.08815,5,N,349(E1),L,0.5129,4
1.488,0.4092,7,N,349(E1),M,-0.1613,4
0,0,,N,349(E1),N,0,
-1.03,-0.808,9,N,349(E1),P,-0.9635,2
0.5017,0.2032,7,N,349(E1),Q,-0.02236,3
0.5829,0.2282,10,N,349(E1),R,0.2889,3
0.3403,0.1475,11,N,349(E1),S,-0.0914,4
-0.3409,-0.1985,6,N,349(E1),T,-0.4146,5
-0.7003,-0.4771,4,N,349(E1),V,-0.5889,3
1.223,0.3712,1,N,349(E1),W,,
-0.3642,-0.2143,7,N,349(E1),Y,-0.6567,4
-0.3587,-0.2105,1,S,350(E1),-,,
-0.443,-0.2697,10,S,350(E1),A,-1.227,5
-2.56,-3.356,6,S,350(E1),C,-3.586,4
-0.04303,-0.022,8,S,350(E1),D,-0.9093,4
0.1341,0.06348,7,S,350(E1),E,0.838,3
-2.082,-2.411,5,S,350(E1),F,-1.121,3
-0.1002,-0.05249,10,S,350(E1),G,-0.9262,4
-2.234,-2.702,5,S,350(E1),H,-2.986,2
-0.5971,-0.3889,14,S,350(E1),I,-0.8825,8
4.291,0.5291,7,S,350(E1),K,-0.2406,6
-0.3284,-0.1902,7,S,350(E1),L,-0.6405,4
0.02491,0.01236,9,S,350(E1),M,0.4969,5
0.0847,0.04096,22,S,350(E1),N,-0.6911,4
1.722,0.4355,2,S,350(E1),P,0.3509,1
-0.2699,-0.1523,10,S,350(E1),Q,0.1939,4
-0.417,-0.251,5,S,350(E1),R,,
0,0,,S,350(E1),S,0,
-1.397,-1.273,8,S,350(E1),T,-1.623,4
-0.4964,-0.3094,6,S,350(E1),V,-0.6366,4
-2.149,-2.539,9,S,350(E1),W,-2.938,4
0.5321,0.2128,5,S,350(E1),Y,0.6755,3
-5.007,-6.927,4,Q,351(E1),*,,
-1.229,-1.047,1,Q,351(E1),-,,
3.407,0.5179,8,Q,351(E1),A,0.05975,4
-1.903,-2.083,10,Q,351(E1),C,-3.088,5
-0.5938,-0.3862,6,Q,351(E1),D,-1.167,4
-1.332,-1.183,8,Q,351(E1),E,-2.254,2
1.016,0.3341,10,Q,351(E1),F,0.05865,4
-0.7973,-0.5665,5,Q,351(E1),G,0.2726,3
3.248,0.5147,10,Q,351(E1),H,0.8724,6
5.504,0.5346,3,Q,351(E1),I,-0.6289,2
-0.05855,-0.03013,11,Q,351(E1),K,-0.7747,4
0.2731,0.1218,6,Q,351(E1),L,0.1826,3
0.7914,0.2845,6,Q,351(E1),M,0.9087,2
-0.7193,-0.4941,4,Q,351(E1),N,-1.142,3
1.111,0.3521,2,Q,351(E1),P,,
0,0,,Q,351(E1),Q,0,
0.7076,0.2632,10,Q,351(E1),R,1.363,2
-1.328,-1.177,7,Q,351(E1),S,-1.392,4
-1.059,-0.8411,5,Q,351(E1),T,-1.241,3
-0.5122,-0.3214,8,Q,351(E1),V,-0.4293,4
0.267,0.1194,4,Q,351(E1),W,-1.299,1
0.1921,0.08869,4,Q,351(E1),Y,-0.8809,1
-5.948,-7.345,1,L,352(E1),*,-8,1
-0.633,-0.4188,1,L,352(E1),-,,
-1.273,-1.104,6,L,352(E1),A,-1.398,2
-0.06454,-0.0333,4,L,352(E1),C,-4.059,2
-0.05999,-0.03089,6,L,352(E1),D,-0.1179,4
0.4939,0.2007,4,L,352(E1),E,0.231,2
0.5206,0.2092,10,L,352(E1),F,-0.02981,5
-1.361,-1.222,2,L,352(E1),G,-1.545,1
-1.152,-0.9503,9,L,352(E1),H,-1.39,6
0.007994,0.003997,4,L,352(E1),I,0.432,1
-0.1368,-0.07283,1,L,352(E1),K,,
0,0,,L,352(E1),L,0,
0.7362,0.2707,9,L,352(E1),M,-0.2417,2
-1.545,-1.489,5,L,352(E1),N,-0.5537,3
-2.961,-4.172,11,L,352(E1),P,-3.936,4
-0.2942,-0.1678,9,L,352(E1),Q,-0.3884,5
0.4527,0.1871,9,L,352(E1),R,-0.6204,5
-0.7025,-0.479,6,L,352(E1),S,-1.694,2
-1.115,-0.906,4,L,352(E1),T,-1.194,3
0.1478,0.06957,7,L,352(E1),V,-0.3186,4
0.1865,0.08633,3,L,352(E1),W,-0.1266,1
0.4744,0.1943,10,L,352(E1),Y,-1.175,3
-8.162,-7.605,9,Q,353(E1),*,,
-2.642,-3.523,2,Q,353(E1),-,,
-0.4349,-0.2639,3,Q,353(E1),A,-0.2982,1
-0.3184,-0.1836,2,Q,353(E1),C,-2.155,1
-1.133,-0.9272,7,Q,353(E1),D,-1.551,5
-1.455,-1.355,7,Q,353(E1),E,-1.519,4
0.4144,0.1741,5,Q,353(E1),F,-1.665,1
0.6235,0.2401,2,Q,353(E1),G,1.841,1
1.445,0.4037,11,Q,353(E1),H,-0.7454,6
2.605,0.4947,4,Q,353(E1),I,0.8815,1
-1.732,-1.787,3,Q,353(E1),K,-2.154,2
-0.7944,-0.5636,8,Q,353(E1),L,-0.1438,3
-0.2863,-0.1628,8,Q,353(E1),M,-0.6223,5
-1.708,-1.748,7,Q,353(E1),N,-2.519,2
0.2375,0.1076,8,Q,353(E1),P,-0.4674,4
0,0,,Q,353(E1),Q,0,
-1.978,-2.218,7,Q,353(E1),R,-6.244,3
-0.3427,-0.1997,5,Q,353(E1),S,-0.8971,3
-0.2112,-0.1162,6,Q,353(E1),T,-0.6342,5
1.361,0.3922,7,Q,353(E1),V,-1.068,3
0.1532,0.07193,2,Q,353(E1),W,0.8243,1
-1.705,-1.743,3,Q,353(E1),Y,-2.061,3
-0.3259,-0.1885,1,I,354(E1),-,,
-0.08072,-0.04194,12,I,354(E1),A,-0.6853,4
0.8337,0.2947,8,I,354(E1),C,1.076,3
-5.113,-6.993,5,I,354(E1),D,,
-6.942,-7.527,4,I,354(E1),E,-8,2
0.5833,0.2284,4,I,354(E1),F,-4.406,1
-6.967,-7.529,6,I,354(E1),G,-8,2
-6.385,-7.446,7,I,354(E1),H,-7.921,3
0,0,,I,354(E1),I,0,
-5.84,-7.313,5,I,354(E1),K,-7.784,3
0.04415,0.02173,3,I,354(E1),L,0.1433,1
-1.095,-0.883,6,I,354(E1),M,-1.903,2
-3.873,-5.771,12,I,354(E1),N,-4.772,3
-6.653,-7.49,4,I,354(E1),P,-8,2
-5.331,-7.111,3,I,354(E1),Q,-7.467,2
-5.956,-7.347,6,I,354(E1),R,-8,4
-2.409,-3.05,6,I,354(E1),S,-2.635,3
-1.532,-1.47,9,I,354(E1),T,-1.802,3
-0.6914,-0.4692,4,I,354(E1),V,-1.446,3
-6.822,-7.513,5,I,354(E1),W,-8,2
-1.816,-1.93,4,I,354(E1),Y,-2.091,4
-1.074,-0.8583,1,S,355(E1),-,,
2.501,0.4901,2,S,355(E1),A,0.4496,2
-1.005,-0.7798,4,S,355(E1),C,-0.9324,2
-0.5408,-0.3437,9,S,355(E1),D,-0.1407,6
-0.1106,-0.05824,5,S,355(E1),E,-0.6958,3
-1.243,-1.065,9,S,355(E1),F,-1.537,4
-1.353,-1.211,4,S,355(E1),G,-1.28,3
-1.18,-0.9849,1,S,355(E1),H,-1.282,1
-1.301,-1.141,9,S,355(E1),I,-1.346,4
-0.7509,-0.5229,2,S,355(E1),K,,
0.2236,0.1019,8,S,355(E1),L,0.08596,5
0.1028,0.04934,4,S,355(E1),M,0.00985,2
-2.676,-3.593,4,S,355(E1),N,-4.353,2
-5.826,-7.308,10,S,355(E1),P,-7.786,6
0.2658,0.1189,5,S,355(E1),Q,0.7375,3
0.9032,0.3105,1,S,355(E1),R,,
0,0,,S,355(E1),S,0,
-1.309,-1.151,6,S,355(E1),T,-0.7047,1
1.568,0.4189,2,S,355(E1),V,,
-0.8891,-0.657,7,S,355(E1),W,-0.6942,5
-0.3041,-0.1742,7,S,355(E1),Y,-1.27,1
-0.9374,-0.7072,1,F,356(E1),-,,
-6.024,-7.366,6,F,356(E1),A,-8,4
-7.367,-7.565,8,F,356(E1),C,-8,2
-5.609,-7.232,4,F,356(E1),D,-7.635,3
-7.072,-7.54,7,F,356(E1),E,-8,5
0,0,,F,356(E1),F,0,
-6.075,-7.379,11,F,356(E1),G,-8,8
-5.558,-7.212,8,F,356(E1),H,-8,4
-1.298,-1.137,12,F,356(E1),I,-1.492,2
-6.195,-7.407,2,F,356(E1),K,-8,2
-1.477,-1.388,16,F,356(E1),L,-0.1827,2
-2.335,-2.903,5,F,356(E1),M,-1.408,2
-5.7,-7.266,10,F,356(E1),N,-8,6
-4.899,-6.854,9,F,356(E1),P,-8,7
-5.481,-7.181,6,F,356(E1),Q,-8,3
-5.874,-7.323,8,F,356(E1),R,-8,6
-7.616,-7.581,8,F,356(E1),S,-8,1
-6.356,-7.44,7,F,356(E1),T,,
-3.881,-5.783,10,F,356(E1),V,-6.292,4
-4.377,-6.398,7,F,356(E1),W,-6.722,4
-4.811,-6.789,4,F,356(E1),Y,-7.305,2
0.2235,0.1018,1,S,357(E1),-,,
-1.105,-0.8946,3,S,357(E1),A,,
-8.232,-7.607,8,S,357(E1),C,-6.39,3
-4.956,-6.893,4,S,357(E1),D,-7.285,3
-6.232,-7.415,9,S,357(E1),E,-8,5
-3.339,-4.897,9,S,357(E1),F,-5.203,4
1.649,0.4279,5,S,357(E1),G,-8,1
-3.407,-5.019,8,S,357(E1),H,-5.209,5
-4.026,-5.982,3,S,357(E1),I,-5.652,1
-4.299,-6.314,7,S,357(E1),K,-6.355,3
-4.818,-6.795,12,S,357(E1),L,-8,5
-5.722,-7.274,6,S,357(E1),M,-7.947,4
-4.214,-6.217,37,S,357(E1),N,-5.879,11
-6.546,-7.474,10,S,357(E1),P,-8,3
-5.942,-7.343,5,S,357(E1),Q,-7.681,3
-5.995,-7.358,12,S,357(E1),R,-8,4
0,0,,S,357(E1),S,0,
-2.572,-3.38,10,S,357(E1),T,-3.506,3
-6.184,-7.405,7,S,357(E1),V,-7.564,2
-2.36,-2.951,6,S,357(E1),W,-3.349,4
-4.742,-6.735,4,S,357(E1),Y,-5.952,2
-1.947,-2.161,8,T,358(E1),A,-2.601,3
-5.39,-7.14,4,T,358(E1),C,-6.495,2
-5.283,-7.087,4,T,358(E1),D,-8,3
-6.935,-7.526,4,T,358(E1),E,-8,3
-2.989,-4.226,11,T,358(E1),F,-4.278,2
-5.788,-7.296,5,T,358(E1),G,-8,3
-3.504,-5.188,4,T,358(E1),H,-5.147,1
-0.1305,-0.06928,18,T,358(E1),I,-0.5999,1
-5.984,-7.355,13,T,358(E1),K,-7.732,2
-1.817,-1.932,8,T,358(E1),L,-2.288,5
-2.464,-3.161,8,T,358(E1),M,-3.474,6
-7.018,-7.535,5,T,358(E1),N,,
-5.883,-7.326,8,T,358(E1),P,-8,4
-3.356,-4.927,5,T,358(E1),Q,-5.414,3
-5.995,-7.358,15,T,358(E1),R,-8,6
-1.422,-1.308,2,T,358(E1),S,-1.596,1
0,0,,T,358(E1),T,0,
-2.118,-2.479,4,T,358(E1),V,-2.728,2
-6.662,-7.492,7,T,358(E1),W,-8,4
-4.761,-6.75,4,T,358(E1),Y,-7.09,4
0,0,,A,359(E1),A,0,
-2.018,-2.291,9,A,359(E1),C,-2.412,5
-2.992,-4.233,3,A,359(E1),D,-4.331,1
-2.267,-2.768,2,A,359(E1),E,,
-1.652,-1.657,9,A,359(E1),F,-1.897,6
1.071,0.3446,13,A,359(E1),G,1.458,6
-1.978,-2.217,3,A,359(E1),H,-2.774,2
-1.268,-1.097,15,A,359(E1),I,-1.186,8
-2.394,-3.021,3,A,359(E1),K,,
-1.809,-1.918,6,A,359(E1),L,-2.167,4
-1.448,-1.345,8,A,359(E1),M,-1.505,3
-1.488,-1.404,10,A,359(E1),N,-1.627,5
2.985,0.508,7,A,359(E1),P,0.1579,3
-1.279,-1.112,6,A,359(E1),Q,-1.541,4
-0.04482,-0.02293,4,A,359(E1),R,-0.04095,2
1.402,0.3979,7,A,359(E1),S,-0.07455,2
-1.775,-1.86,23,A,359(E1),T,-2.107,6
-1.821,-1.938,21,A,359(E1),V,-2.03,2
-1.342,-1.196,7,A,359(E1),W,-1.49,4
-1.407,-1.287,3,A,359(E1),Y,-0.8435,2
-2.039,-2.33,5,L,360(E1),A,-2.103,1
-3.496,-5.174,7,L,360(E1),C,-4.514,2
-2.285,-2.803,4,L,360(E1),E,-2.878,2
0.8243,0.2925,7,L,360(E1),F,-0.317,2
-2.398,-3.028,4,L,360(E1),G,-3.794,3
1.078,0.3459,3,L,360(E1),H,0.09137,2
-1.71,-1.751,9,L,360(E1),I,-1.642,2
-0.6552,-0.4377,4,L,360(E1),K,-0.4999,1
0,0,,L,360(E1),L,0,
-0.5575,-0.3569,10,L,360(E1),M,0.08808,4
-5.353,-7.122,3,L,360(E1),N,-8,3
-3.969,-5.906,14,L,360(E1),P,-6.377,3
1.217,0.3702,6,L,360(E1),Q,-0.7712,2
3.381,0.5174,3,L,360(E1),R,-1.655,1
-2.325,-2.881,5,L,360(E1),S,,
-1.88,-2.042,4,L,360(E1),T,-2.211,3
-2.24,-2.714,5,L,360(E1),V,-3.069,3
3.404,0.5179,11,L,360(E1),W,-0.2232,5
0.5244,0.2104,7,L,360(E1),Y,-0.7881,2
0,0,,A,361(E1),A,0,
-2.21,-2.656,3,A,361(E1),C,,
-2.341,-2.913,12,A,361(E1),D,-3.174,3
-0.4437,-0.2702,6,A,361(E1),E,-2.488,1
-1.479,-1.391,9,A,361(E1),F,-1.795,5
-0.902,-0.6703,11,A,361(E1),G,-0.5705,4
-1.749,-1.815,4,A,361(E1),H,-1.448,2
-0.5429,-0.3453,9,A,361(E1),I,0.1691,3
-0.3644,-0.2144,7,A,361(E1),K,-0.2726,3
0.244,0.1102,5,A,361(E1),L,0.3028,1
-1.277,-1.109,3,A,361(E1),M,-2.342,1
0.3423,0.1483,7,A,361(E1),N,-0.4167,3
-0.8756,-0.6434,11,A,361(E1),P,,
0.3438,0.1488,4,A,361(E1),Q,-0.1125,4
3.763,0.5236,5,A,361(E1),R,0.7148,2
0.286,0.1269,8,A,361(E1),S,0.7601,1
0.2537,0.1141,23,A,361(E1),T,-0.067,5
-0.1139,-0.06002,26,A,361(E1),V,0.4778,7
-1.493,-1.411,3,A,361(E1),W,-1.627,2
-1.717,-1.762,4,A,361(E1),Y,-2.492,3
-0.3887,-0.2311,1,S,362(E1),-,,
-0.1002,-0.05251,4,S,362(E1),A,-1.368,1
-3.085,-4.417,7,S,362(E1),C,-4.272,2
-0.2535,-0.1421,7,S,362(E1),D,-0.4476,3
-1.141,-0.9377,4,S,362(E1),E,-1.352,3
1.793,0.4424,9,S,362(E1),F,-0.142,5
-1.71,-1.75,7,S,362(E1),G,-1.804,2
1.312,0.385,10,S,362(E1),H,0.5868,3
-1.114,-0.9053,11,S,362(E1),I,-0.7846,2
1.48,0.4081,5,S,362(E1),K,0.2853,2
-1.491,-1.409,6,S,362(E1),L,-1.38,3
-1.729,-1.782,9,S,362(E1),M,-1.586,5
-1.258,-1.084,19,S,362(E1),N,-0.5776,3
-4.85,-6.818,4,S,362(E1),P,-7.288,3
-0.1732,-0.09368,8,S,362(E1),Q,0.0636,4
1.511,0.412,10,S,362(E1),R,0.2696,4
0,0,,S,362(E1),S,0,
0.005735,0.002869,6,S,362(E1),T,-0.8618,4
2.9,0.5055,7,S,362(E1),V,0.4145,4
0.7434,0.2725,3,S,362(E1),W,1.126,1
1.221,0.3709,2,S,362(E1),Y,0.7027,1
0.3134,0.1374,1,A,363(E1),-,,
0,0,,A,363(E1),A,0,
-1.136,-0.9312,5,A,363(E1),C,-1.225,4
-3.605,-5.357,5,A,363(E1),D,-8,1
-2.359,-2.95,4,A,363(E1),E,-3.266,1
-0.964,-0.7354,5,A,363(E1),F,-0.3005,2
-0.7236,-0.498,3,A,363(E1),G,-0.7481,2
-0.7712,-0.5417,8,A,363(E1),H,-1.085,4
0.7048,0.2625,4,A,363(E1),I,0.4172,3
-2.014,-2.284,7,A,363(E1),K,-3.447,2
-0.3621,-0.2128,4,A,363(E1),L,-0.5362,3
-0.3187,-0.1838,10,A,363(E1),M,-0.635,8
-1.561,-1.513,3,A,363(E1),N,-1.816,2
0.2665,0.1192,8,A,363(E1),P,0.7265,2
1.036,0.3379,4,A,363(E1),Q,0.02074,1
-2.113,-2.47,2,A,363(E1),R,-2.75,1
-1.481,-1.393,12,A,363(E1),S,-2.51,6
-0.6873,-0.4656,48,A,363(E1),T,-0.7618,10
2.907,0.5057,13,A,363(E1),V,0.8456,2
-3.66,-5.447,4,A,363(E1),W,-5.521,1
0.8327,0.2944,1,A,363(E1),Y,0.0177,1
-3.572,-5.303,5,E,364(E1),*,,
-0.6463,-0.4301,3,E,364(E1),-,,
-0.3747,-0.2214,10,E,364(E1),A,1.389,2
-0.5815,-0.3762,11,E,364(E1),C,-0.6297,2
0.858,0.3003,9,E,364(E1),D,0.1275,3
0,0,,E,364(E1),E,0,
4.431,0.5301,4,E,364(E1),F,1.28,1
-0.1587,-0.08534,7,E,364(E1),G,0.5088,1
0.4817,0.1967,5,E,364(E1),H,-0.9984,1
1.248,0.3753,5,E,364(E1),I,0.62,2
1.458,0.4054,20,E,364(E1),K,0.2438,6
2.21,0.4744,5,E,364(E1),L,0.3022,2
3.07,0.5103,3,E,364(E1),M,0.4065,2
3.75,0.5235,5,E,364(E1),N,0.4088,3
-0.04278,-0.02186,3,E,364(E1),P,-0.03639,3
-1.026,-0.8039,3,E,364(E1),Q,,
2.631,0.4958,3,E,364(E1),R,1.007,1
0.4401,0.1829,6,E,364(E1),S,0.0935,2
-0.5115,-0.3209,9,E,364(E1),T,-0.4863,7
-0.2494,-0.1395,8,E,364(E1),V,0.03555,4
3.509,0.5198,5,E,364(E1),W,0.3177,3
2.763,0.5009,6,E,364(E1),Y,0.7366,3
-0.4487,-0.2739,3,F,365(E1),-,,
-2.141,-2.523,8,F,365(E1),A,-0.3279,3
-2.982,-4.212,5,F,365(E1),C,-4.85,4
-4.726,-6.723,5,F,365(E1),D,-6.971,3
-6.689,-7.495,5,F,365(E1),E,-7.47,3
0,0,,F,365(E1),F,0,
-5.18,-7.032,12,F,365(E1),G,-7.469,7
-5.002,-6.924,5,F,365(E1),H,-6.935,2
0.6144,0.2375,5,F,365(E1),I,,
-6.709,-7.498,10,F,365(E1),K,-8,5
-0.4817,-0.2983,10,F,365(E1),L,-1.9,3
0.4833,0.1972,4,F,365(E1),M,1.46,2
-4.789,-6.772,8,F,365(E1),N,-6.962,4
-4.814,-6.792,3,F,365(E1),P,-7.092,2
-6.369,-7.443,7,F,365(E1),Q,-8,2
-5.942,-7.343,3,F,365(E1),R,-8,1
-7.015,-7.534,5,F,365(E1),S,-8,3
-3.369,-4.95,8,F,365(E1),T,,
5.572,0.5348,7,F,365(E1),V,-0.4992,2
-0.5068,-0.3173,4,F,365(E1),W,-1.252,2
-1.473,-1.381,4,F,365(E1),Y,-1.182,2
-1.394,-1.269,6,R,366(E1),-,,
-0.2501,-0.1399,4,R,366(E1),A,0.3595,1
0.1165,0.05558,6,R,366(E1),C,0.7046,3
-1.195,-1.004,10,R,366(E1),D,-3.251,2
-0.7725,-0.543,9,R,366(E1),E,-0.78,6
-0.0599,-0.03084,7,R,366(E1),F,-0.141,4
-0.1933,-0.1055,14,R,366(E1),G,-1.642,4
0.6988,0.2609,10,R,366(E1),H,-0.4057,4
-1.005,-0.7798,6,R,366(E1),I,-0.483,3
-0.1539,-0.08254,22,R,366(E1),K,0.4885,2
0.979,0.3266,4,R,366(E1),L,-0.4254,1
0.4338,0.1807,7,R,366(E1),M,-0.356,4
0.7893,0.284,3,R,366(E1),N,,
0.7842,0.2828,8,R,366(E1),P,0.2497,4
2.828,0.5031,3,R,366(E1),Q,0.3761,1
0,0,,R,366(E1),R,0,
-0.6836,-0.4624,8,R,366(E1),S,-0.8747,6
0.4565,0.1884,2,R,366(E1),T,,
-0.8071,-0.5758,9,R,366(E1),V,-0.2017,5
-1.597,-1.569,8,R,366(E1),W,-1.854,1
3.239,0.5145,4,R,366(E1),Y,0.09592,2
-1.214,-1.028,6,V,367(E1),-,,
-0.9291,-0.6984,9,V,367(E1),A,-0.3775,4
0.176,0.08184,3,V,367(E1),C,,
-7.187,-7.551,5,V,367(E1),D,-8,4
-5.771,-7.291,7,V,367(E1),E,-7.471,4
-2.1,-2.445,6,V,367(E1),F,-2.859,6
-3.731,-5.56,11,V,367(E1),G,-5.538,6
-7.127,-7.545,10,V,367(E1),H,-8,3
0.1113,0.05319,7,V,367(E1),I,0.01655,3
-5.268,-7.079,8,V,367(E1),K,-7.434,6
-1.19,-0.998,7,V,367(E1),L,-1.446,1
-1.032,-0.8099,9,V,367(E1),M,-0.2402,3
-9.936,-7.632,9,V,367(E1),N,-8,3
3.984,0.5263,8,V,367(E1),P,-0.5999,5
-5.802,-7.301,9,V,367(E1),Q,-8,3
-6.108,-7.387,5,V,367(E1),R,-8,1
-2.465,-3.163,4,V,367(E1),S,-2.959,2
-0.1171,-0.06183,3,V,367(E1),T,-0.1666,3
0,0,,V,367(E1),V,0,
-7.01,-7.534,6,V,367(E1),W,-8,3
-6.154,-7.398,5,V,367(E1),Y,-8,2
-6.739,-7.502,11,Q,368(E1),*,-8,3
-0.5291,-0.3346,6,Q,368(E1),-,,
-1.237,-1.058,9,Q,368(E1),A,-1.332,4
-2.814,-3.875,6,Q,368(E1),C,-3.811,5
-3.139,-4.52,6,Q,368(E1),D,-4.853,4
-3.987,-5.93,6,Q,368(E1),E,-5.728,2
-1.803,-1.908,5,Q,368(E1),F,-2.714,3
0.615,0.2376,1,Q,368(E1),G,,
-2.3,-2.833,12,Q,368(E1),H,-3.411,3
0.4004,0.1692,8,Q,368(E1),I,0.5761,2
-1.394,-1.268,9,Q,368(E1),K,-1.467,4
1.024,0.3356,6,Q,368(E1),L,,
2.788,0.5017,7,Q,368(E1),M,-0.5901,5
-1.381,-1.25,3,Q,368(E1),N,-1.874,1
-6.899,-7.522,7,Q,368(E1),P,-8,3
0,0,,Q,368(E1),Q,0,
-2.294,-2.822,6,Q,368(E1),R,-5.944,1
-1.322,-1.169,4,Q,368(E1),S,-1.765,2
1.099,0.3499,4,Q,368(E1),T,-0.7383,1
-1.782,-1.872,6,Q,368(E1),V,-2.391,3
-1.503,-1.426,7,Q,368(E1),W,-1.489,4
-1.958,-2.18,5,Q,368(E1),Y,-2.264,2
-0.2504,-0.1401,6,V,369(E1),-,,
-0.6613,-0.443,6,V,369(E1),A,-0.9588,2
0.2794,0.1243,1,V,369(E1),C,-0.1397,1
-7.26,-7.557,9,V,369(E1),D,-8,3
-5.917,-7.336,6,V,369(E1),E,-8,3
0.2384,0.1079,7,V,369(E1),F,-0.1576,2
-4.128,-6.114,3,V,369(E1),G,-6.014,3
-6.856,-7.517,5,V,369(E1),H,-8,3
0.3217,0.1405,11,V,369(E1),I,0.4366,5
-5.561,-7.214,6,V,369(E1),K,-8,2
-0.2214,-0.1223,4,V,369(E1),L,-0.397,2
0.1286,0.061,3,V,369(E1),M,-1.293,1
-4.273,-6.285,5,V,369(E1),N,-7.09,3
-7.624,-7.581,6,V,369(E1),P,-8,4
-5.73,-7.277,7,V,369(E1),Q,-8,1
-4.39,-6.412,2,V,369(E1),R,,
-3.233,-4.699,8,V,369(E1),S,-4.893,6
-0.7535,-0.5253,6,V,369(E1),T,0.0303,2
0,0,,V,369(E1),V,0,
-4.239,-6.247,5,V,369(E1),W,-6.364,4
-5.219,-7.053,6,V,369(E1),Y,-7.693,3
0.129,0.0612,2,C,370(E1),*,,
-4.252,-6.261,7,C,370(E1),-,,
-6.059,-7.375,6,C,370(E1),A,-6.616,2
0,0,,C,370(E1),C,0,
-4.233,-6.239,5,C,370(E1),D,-7.577,3
-10.05,-7.633,7,C,370(E1),E,-8,4
-6.591,-7.481,12,C,370(E1),F,-8,2
-3.207,-4.652,8,C,370(E1),G,-4.479,4
-6.594,-7.482,2,C,370(E1),H,-8,1
-6.64,-7.488,3,C,370(E1),I,-7.811,2
-7.821,-7.591,8,C,370(E1),K,-8,5
-3.958,-5.891,5,C,370(E1),L,-4.157,2
-6.225,-7.414,8,C,370(E1),M,-8,5
-5.457,-7.17,4,C,370(E1),N,-7.735,4
-6.364,-7.442,10,C,370(E1),P,-7.643,2
-6.682,-7.494,5,C,370(E1),Q,-8,2
-7.632,-7.582,12,C,370(E1),R,-8,4
-7.033,-7.536,7,C,370(E1),S,-8,6
-6.778,-7.507,11,C,370(E1),T,-7.809,6
-6.859,-7.517,4,C,370(E1),V,-8,2
-7.315,-7.561,7,C,370(E1),W,-8,6
-6.125,-7.391,25,C,370(E1),Y,-8,9
0.5571,0.2205,2,S,371(E1),-,,
-1.921,-2.114,6,S,371(E1),A,-2.465,4
-0.9315,-0.7009,7,S,371(E1),C,-1.036,4
-2.819,-3.884,6,S,371(E1),D,-3.32,3
-3.741,-5.575,5,S,371(E1),E,-5.836,1
-1.249,-1.073,2,S,371(E1),F,,
-2.166,-2.571,12,S,371(E1),G,-3.154,5
-1.059,-0.8414,10,S,371(E1),H,-0.7973,6
-0.03743,-0.01909,9,S,371(E1),I,1.107,5
-2.234,-2.702,4,S,371(E1),K,-2.138,3
-0.6095,-0.3991,5,S,371(E1),L,-0.6069,2
-0.4849,-0.3008,2,S,371(E1),M,-0.5731,2
-0.6819,-0.4609,13,S,371(E1),N,-0.5546,3
-4.377,-6.398,3,S,371(E1),P,-4.121,1
-1.895,-2.067,4,S,371(E1),Q,-2.455,2
-1.571,-1.529,6,S,371(E1),R,-1.457,4
0,0,,S,371(E1),S,0,
-2.851,-3.949,5,S,371(E1),T,-1.027,1
-0.05321,-0.02732,5,S,371(E1),V,-0.6849,2
-2.527,-3.29,10,S,371(E1),W,-3.343,3
-2.423,-3.078,7,S,371(E1),Y,-3.608,4
-0.2774,-0.1571,1,T,372(E1),-,,
-0.5991,-0.3906,6,T,372(E1),A,-0.04668,4
2.056,0.4641,2,T,372(E1),C,0.2932,2
2.415,0.4859,5,T,372(E1),D,-0.6648,4
-0.1316,-0.06993,10,T,372(E1),E,-1.208,3
1.928,0.4542,5,T,372(E1),F,-1.007,3
-0.6131,-0.4021,4,T,372(E1),G,-1.585,2
-0.5801,-0.3751,9,T,372(E1),H,0.07434,4
-1.081,-0.8663,10,T,372(E1),I,-0.3951,3
-0.7848,-0.5546,5,T,372(E1),K,0.5722,3
-0.4917,-0.3059,9,T,372(E1),L,-0.289,6
-1.843,-1.976,1,T,372(E1),M,-2.341,1
0.9586,0.3224,10,T,372(E1),N,-0.1199,4
0.5638,0.2225,1,T,372(E1),P,,
2.506,0.4903,3,T,372(E1),Q,0.7296,1
-0.6699,-0.4504,8,T,372(E1),R,-0.7999,3
2.078,0.4656,3,T,372(E1),S,0.321,2
0,0,,T,372(E1),T,0,
-0.3395,-0.1976,4,T,372(E1),V,-0.7225,2
-0.4017,-0.2402,4,T,372(E1),W,-1.132,2
-0.005549,-0.002791,6,T,372(E1),Y,-0.1696,2
-5.868,-7.321,6,Q,373(E1),*,,
-0.0085,-0.00428,1,Q,373(E1),-,,
-0.9149,-0.6836,7,Q,373(E1),A,-0.9332,6
-0.4753,-0.2936,4,Q,373(E1),C,-0.00876,3
-1.878,-2.038,6,Q,373(E1),D,-2.609,2
-1.309,-1.151,5,Q,373(E1),E,-1.562,1
-1.237,-1.058,10,Q,373(E1),F,-0.9302,6
-1.271,-1.101,3,Q,373(E1),G,-0.4137,2
0.02272,0.01129,9,Q,373(E1),H,-3.836,1
-0.3305,-0.1916,2,Q,373(E1),I,-0.4923,2
-1.99,-2.24,5,Q,373(E1),K,,
-0.7068,-0.4829,9,Q,373(E1),L,-0.9363,7
3.241,0.5145,5,Q,373(E1),M,-1.362,2
-1.849,-1.988,11,Q,373(E1),N,-2.785,3
-0.6239,-0.4111,6,Q,373(E1),P,-1.849,2
0,0,,Q,373(E1),Q,0,
0.8869,0.3069,9,Q,373(E1),R,-1.331,2
-1.058,-0.8392,7,Q,373(E1),S,-2.856,3
-0.2953,-0.1685,10,Q,373(E1),T,-2.401,2
-1.044,-0.8235,2,Q,373(E1),V,-1.143,2
0.1192,0.05678,3,Q,373(E1),W,-0.4857,1
0.2707,0.1208,3,Q,373(E1),Y,-8,1
1.368,0.3932,1,V,374(E1),-,,
0.5316,0.2126,8,V,374(E1),A,-1.488,5
-0.4039,-0.2418,4,V,374(E1),C,-1.26,3
-4.965,-6.899,11,V,374(E1),D,-7.712,7
-5.11,-6.991,6,V,374(E1),E,-5.861,2
3.34,0.5166,4,V,374(E1),F,-2.691,1
-1.224,-1.041,7,V,374(E1),G,-0.8047,3
-2.959,-4.166,4,V,374(E1),H,-4.551,4
-1.738,-1.797,12,V,374(E1),I,-2.585,7
-2.663,-3.566,5,V,374(E1),K,-3.874,1
-0.6707,-0.4511,12,V,374(E1),L,-0.8259,2
-0.01946,-0.009846,16,V,374(E1),M,-0.6868,5
-3.027,-4.303,3,V,374(E1),N,,
-5.617,-7.235,9,V,374(E1),P,-8,3
5.739,0.5351,5,V,374(E1),Q,0.04475,1
-2.563,-3.362,2,V,374(E1),R,,
-0.4266,-0.2579,2,V,374(E1),S,-0.4064,1
1.814,0.4443,5,V,374(E1),T,,
0,0,,V,374(E1),V,0,
-2.355,-2.942,6,V,374(E1),W,-2.616,2
-4.885,-6.844,6,V,374(E1),Y,-5.408,2
-3.828,-5.706,1,H,375(E1),*,-6.031,1
-2.825,-3.896,2,H,375(E1),-,,
0.5191,0.2087,2,H,375(E1),A,-0.5454,1
-0.4353,-0.2641,10,H,375(E1),C,-0.7603,7
-0.8138,-0.5822,6,H,375(E1),D,-1.421,4
0.1231,0.05853,6,H,375(E1),E,0.2467,3
2.048,0.4635,4,H,375(E1),F,-0.9738,2
2.706,0.4988,4,H,375(E1),G,0.8149,3
0,0,,H,375(E1),H,0,
-0.5209,-0.3282,7,H,375(E1),I,-1.141,4
-0.3482,-0.2034,11,H,375(E1),K,0.159,5
-0.06448,-0.03327,8,H,375(E1),L,0.5206,2
-0.7264,-0.5005,2,H,375(E1),M,-0.795,1
0.01393,0.006948,12,H,375(E1),N,0.316,4
-1.699,-1.734,5,H,375(E1),P,-1.683,2
0.00705,0.003527,13,H,375(E1),Q,-0.8975,3
-0.9858,-0.7591,5,H,375(E1),R,-1.031,3
0.885,0.3065,12,H,375(E1),S,0.1896,4
-0.2701,-0.1525,8,H,375(E1),T,-0.6948,5
0.01229,0.006133,7,H,375(E1),V,-0.2426,6
0.1139,0.0544,5,H,375(E1),W,-0.5617,2
0.3427,0.1484,27,H,375(E1),Y,-0.6981,5
-5.571,-7.218,9,C,376(E1),*,-8,1
-6.372,-7.444,8,C,376(E1),A,-8,3
0,0,,C,376(E1),C,0,
-6.066,-7.376,13,C,376(E1),D,-8,5
-6.836,-7.515,9,C,376(E1),E,-8,5
-5.965,-7.349,6,C,376(E1),F,-8,3
-6.47,-7.461,10,C,376(E1),G,-8,6
-7.191,-7.551,11,C,376(E1),H,-7.283,4
-6.882,-7.52,4,C,376(E1),I,-8,2
-8.137,-7.604,13,C,376(E1),K,-8,8
-6.713,-7.499,7,C,376(E1),L,-8,3
-6.577,-7.479,4,C,376(E1),M,-8,2
-4.851,-6.819,6,C,376(E1),N,-7.186,2
-5.363,-7.127,7,C,376(E1),P,-8,3
-5.585,-7.223,7,C,376(E1),Q,-7.443,3
-6.163,-7.4,19,C,376(E1),R,-8,4
-11.48,-7.636,9,C,376(E1),S,-8,3
-4.994,-6.919,9,C,376(E1),T,-7.319,5
-6.645,-7.489,8,C,376(E1),V,-8,3
-4.913,-6.864,4,C,376(E1),W,-7.284,2
-6.058,-7.374,14,C,376(E1),Y,-8,2
0,0,,A,377(E1),A,0,
0.08914,0.04303,9,A,377(E1),C,-1.016,6
-1.223,-1.04,7,A,377(E1),D,-0.6526,2
-0.3308,-0.1917,4,A,377(E1),E,-0.4019,3
-0.3611,-0.2121,4,A,377(E1),F,-0.0451,2
0.6661,0.252,7,A,377(E1),G,-0.5105,3
-1.128,-0.9221,4,A,377(E1),H,-1.984,2
0.2772,0.1234,8,A,377(E1),I,-0.2867,2
-0.1648,-0.08884,7,A,377(E1),K,-5.28,2
-1.103,-0.8917,6,A,377(E1),L,-1.179,2
-0.7561,-0.5277,4,A,377(E1),M,-0.8349,2
-1.272,-1.102,4,A,377(E1),N,-1.744,2
-0.4627,-0.2841,6,A,377(E1),P,-0.8434,5
0.8451,0.2973,4,A,377(E1),Q,-0.2248,3
-0.6936,-0.4712,4,A,377(E1),R,-0.5429,1
0.004164,0.002085,10,A,377(E1),S,-0.1041,5
-1.244,-1.066,14,A,377(E1),T,-1.366,6
-0.2759,-0.1561,31,A,377(E1),V,-0.8515,5
-1.861,-2.009,3,A,377(E1),W,-1.955,3
-1.709,-1.749,3,A,377(E1),Y,,
0,0,,A,378(E1),A,0,
-2.164,-2.567,5,A,378(E1),C,-3.269,3
-5.724,-7.275,10,A,378(E1),D,-7.845,3
-5.821,-7.307,6,A,378(E1),E,-7.382,4
-2.195,-2.626,3,A,378(E1),F,-2.808,3
0.7524,0.2748,5,A,378(E1),G,0.6072,3
-3.103,-4.451,6,A,378(E1),H,-4.425,5
-5.335,-7.113,5,A,378(E1),I,-8,3
-2.425,-3.082,3,A,378(E1),K,-3.65,1
-3.115,-4.475,8,A,378(E1),L,-4.698,5
-0.7594,-0.5308,5,A,378(E1),M,-2.143,1
-2.798,-3.843,7,A,378(E1),N,-3.166,3
-6.075,-7.379,5,A,378(E1),P,-8,2
-2.159,-2.558,7,A,378(E1),Q,-3.695,3
-2.825,-3.897,7,A,378(E1),R,-4.199,2
-0.7199,-0.4947,12,A,378(E1),S,-0.5085,4
-1.248,-1.072,29,A,378(E1),T,-1.914,6
-2.598,-3.434,8,A,378(E1),V,-3.833,4
-5.917,-7.336,4,A,378(E1),W,-7.874,2
-4.252,-6.261,11,A,378(E1),Y,-6.197,2
-2.35,-2.931,3,E,379(E1),*,,
-1.166,-0.9677,8,E,379(E1),A,-1.177,2
-5.413,-7.15,6,E,379(E1),C,-8,4
0.218,0.09953,11,E,379(E1),D,-1.779,2
0,0,,E,379(E1),E,0,
0.343,0.1485,11,E,379(E1),F,-0.363,5
-1.453,-1.353,13,E,379(E1),G,-1.485,8
-0.2034,-0.1115,10,E,379(E1),H,-0.612,7
2.013,0.4609,8,E,379(E1),I,-0.4485,4
0.6151,0.2377,61,E,379(E1),K,-0.3447,6
-0.9764,-0.7488,7,E,379(E1),L,-0.3205,4
-0.7824,-0.5523,7,E,379(E1),M,-0.8609,5
-1.528,-1.463,9,E,379(E1),N,-1.394,1
-0.4036,-0.2416,8,E,379(E1),P,-0.542,2
0.2039,0.09368,9,E,379(E1),Q,0.7889,3
0.6751,0.2545,7,E,379(E1),R,0.5649,4
2.161,0.4713,4,E,379(E1),S,-0.1513,1
0.6655,0.2518,5,E,379(E1),T,0.6613,3
0.01828,0.009099,7,E,379(E1),V,0.05375,4
-0.9755,-0.7478,4,E,379(E1),W,-1.739,3
-0.2859,-0.1625,5,E,379(E1),Y,-0.457,4
-3.877,-5.777,2,C,380(E1),*,,
-5.888,-7.327,6,C,380(E1),A,-8,3
0,0,,C,380(E1),C,0,
-2.784,-3.814,1,C,380(E1),D,,
-6.677,-7.494,4,C,380(E1),E,-8,2
-5.943,-7.343,10,C,380(E1),F,-8,3
-6.19,-7.406,3,C,380(E1),G,-8,2
-5.364,-7.127,6,C,380(E1),H,-7.699,3
-6.948,-7.527,9,C,380(E1),I,-8,5
-5.856,-7.318,2,C,380(E1),K,-7.742,1
-7.078,-7.541,6,C,380(E1),L,-8,3
-7.262,-7.557,10,C,380(E1),M,-8,4
-5.675,-7.257,5,C,380(E1),N,-8,3
-6.595,-7.482,4,C,380(E1),P,-8,2
-6.288,-7.427,3,C,380(E1),Q,,
-7.075,-7.54,8,C,380(E1),R,-8,4
-10.56,-7.635,6,C,380(E1),S,-7.554,1
-5.993,-7.357,3,C,380(E1),T,-8,1
-6.084,-7.381,2,C,380(E1),V,-8,1
-6.199,-7.408,2,C,380(E1),W,-8,1
-6.877,-7.519,20,C,380(E1),Y,-8,5
-0.6694,-0.4499,5,H,381(E1),A,-0.9127,2
-1.957,-2.18,4,H,381(E1),C,-2.798,3
-0.629,-0.4155,7,H,381(E1),D,-1.197,4
2.142,0.47,5,H,381(E1),E,-0.553,3
0.8634,0.3016,3,H,381(E1),F,0.8463,1
0.371,0.1587,5,H,381(E1),G,-1.86,2
0,0,,H,381(E1),H,0,
6.515,0.5361,8,H,381(E1),I,0.4944,5
0.9555,0.3217,7,H,381(E1),K,0.1448,2
-0.1203,-0.06362,8,H,381(E1),L,-0.1228,5
0.1122,0.05361,3,H,381(E1),M,0.2898,1
-0.4168,-0.2509,11,H,381(E1),N,-0.9991,7
-2.856,-3.96,5,H,381(E1),P,-4.061,1
-0.4124,-0.2478,6,H,381(E1),Q,-0.5504,2
0.0837,0.04049,13,H,381(E1),R,0.9702,2
2.387,0.4845,3,H,381(E1),S,0.4404,2
-0.5128,-0.3219,6,H,381(E1),T,-0.4076,4
0.5062,0.2046,3,H,381(E1),V,-0.6697,1
-1.561,-1.514,5,H,381(E1),W,-1.987,3
0.9544,0.3215,9,H,381(E1),Y,0.1287,3
0.317,0.1388,2,P,382(E1),A,-1.887,1
-6.368,-7.443,4,P,382(E1),C,-8,1
-2.286,-2.805,3,P,382(E1),D,-5.03,2
-0.3577,-0.2098,3,P,382(E1),E,-0.5317,1
-3.138,-4.519,7,P,382(E1),F,-4.259,3
-2.047,-2.345,4,P,382(E1),G,-3.59,1
-2.667,-3.575,10,P,382(E1),H,-3.903,2
-2.857,-3.962,7,P,382(E1),I,-4.263,6
-2.079,-2.404,3,P,382(E1),K,,
-2.656,-3.552,4,P,382(E1),L,,
-1.714,-1.757,6,P,382(E1),M,-1.441,2
-2.255,-2.743,3,P,382(E1),N,,
0,0,,P,382(E1),P,0,
-0.112,-0.05902,3,P,382(E1),Q,,
-1.746,-1.81,5,P,382(E1),R,-1.737,2
0.09203,0.04437,5,P,382(E1),S,0.02387,2
-1.416,-1.299,7,P,382(E1),T,-1.697,1
-2.47,-3.173,4,P,382(E1),V,-3.545,2
-3.652,-5.435,6,P,382(E1),W,-5.82,3
-3.887,-5.792,5,P,382(E1),Y,,
-2.027,-2.307,7,P,383(E1),A,-2.456,3
-7.667,-7.583,5,P,383(E1),C,-8,4
-5.017,-6.933,5,P,383(E1),D,-7.219,2
-4.807,-6.786,8,P,383(E1),E,-6.844,3
-6.832,-7.514,4,P,383(E1),F,-8,1
-3.363,-4.94,5,P,383(E1),G,-4.793,4
-3.57,-5.3,15,P,383(E1),H,-5.064,3
-6.636,-7.488,3,P,383(E1),I,-8,3
-4.807,-6.786,4,P,383(E1),K,-6.451,1
-6.639,-7.488,8,P,383(E1),L,-8,3
-6.761,-7.505,4,P,383(E1),M,-8,1
-4.254,-6.263,7,P,383(E1),N,-6.922,3
0,0,,P,383(E1),P,0,
-5.164,-7.022,5,P,383(E1),Q,-7.393,4
-5.356,-7.123,5,P,383(E1),R,-8,3
-1.881,-2.043,9,P,383(E1),S,-2.273,4
-2.698,-3.639,13,P,383(E1),T,-3.511,3
-4.599,-6.614,9,P,383(E1),V,-6.525,4
-5.527,-7.2,4,P,383(E1),W,-6.771,2
-6.28,-7.425,3,P,383(E1),Y,-8,1
-6.052,-7.373,1,K,384(E1),*,,
-1.369,-1.233,5,K,384(E1),A,-1.558,4
-5.645,-7.246,8,K,384(E1),C,-7.615,4
-1.339,-1.192,8,K,384(E1),D,-2.099,4
-0.4228,-0.2552,7,K,384(E1),E,0.2021,3
-3.281,-4.789,8,K,384(E1),F,-5.031,4
-1.347,-1.203,12,K,384(E1),G,-2.11,5
-1.077,-0.8619,7,K,384(E1),H,-1.225,3
-0.7109,-0.4865,9,K,384(E1),I,-0.6752,6
0,0,,K,384(E1),K,0,
-0.9897,-0.7633,9,K,384(E1),L,-0.2243,3
-0.9648,-0.7363,9,K,384(E1),M,-1.991,5
-0.8711,-0.6387,14,K,384(E1),N,-0.351,3
-1.39,-1.263,4,K,384(E1),P,-1.235,3
0.4166,0.1748,7,K,384(E1),Q,-0.311,4
-0.823,-0.5912,7,K,384(E1),R,-1.245,5
-1.558,-1.509,3,K,384(E1),S,-1.828,1
-0.6058,-0.3961,6,K,384(E1),T,-0.041,3
-0.1897,-0.1034,6,K,384(E1),V,-0.8157,4
-4.176,-6.172,9,K,384(E1),W,-6.894,5
-2.556,-3.348,5,K,384(E1),Y,-3.917,1
-1.202,-1.013,2,D,385(E1),A,-1.292,2
-4.271,-6.282,8,D,385(E1),C,-6.556,2
0,0,,D,385(E1),D,0,
-0.3537,-0.2071,15,D,385(E1),E,0.8549,3
-3.208,-4.653,5,D,385(E1),F,-5.161,3
-2.281,-2.795,5,D,385(E1),G,-3.202,4
-1.442,-1.336,5,D,385(E1),H,-1.345,3
1.701,0.4334,5,D,385(E1),I,-0.6713,3
-1.453,-1.352,5,D,385(E1),K,-1.869,2
-1.574,-1.533,9,D,385(E1),L,-2.263,3
-1.669,-1.684,5,D,385(E1),M,-1.916,3
1.671,0.4303,11,D,385(E1),N,-0.5903,3
-4.736,-6.73,6,D,385(E1),P,-7.167,3
0.5243,0.2103,4,D,385(E1),Q,0.373,2
-1.946,-2.159,7,D,385(E1),R,-2.517,2
-1.409,-1.29,2,D,385(E1),S,-1.578,2
-0.4712,-0.2905,5,D,385(E1),T,-0.8057,2
-0.6482,-0.4317,6,D,385(E1),V,-1.467,2
-4.641,-6.651,14,D,385(E1),W,-8,5
-4.391,-6.412,6,D,385(E1),Y,-4.864,2
-2.505,-3.244,11,H,386(E1),A,-3.71,6
-3.153,-4.547,4,H,386(E1),C,-5.18,1
-3.831,-5.711,9,H,386(E1),D,-5.142,2
-3.467,-5.124,4,H,386(E1),E,-5.078,3
-1.153,-0.9523,7,H,386(E1),F,-1.268,3
-3.092,-4.429,9,H,386(E1),G,-4.421,5
0,0,,H,386(E1),H,0,
-4.835,-6.807,6,H,386(E1),I,-7.148,3
-2.573,-3.384,3,H,386(E1),K,-3.693,3
-2.256,-2.745,3,H,386(E1),L,-3.056,1
-1.989,-2.238,11,H,386(E1),M,-3.06,5
-2.628,-3.496,16,H,386(E1),N,-3.963,4
-2.166,-2.571,8,H,386(E1),P,-3.625,2
-1.718,-1.764,5,H,386(E1),Q,-1.569,2
-3.311,-4.846,13,H,386(E1),R,-4.904,9
-1.986,-2.231,10,H,386(E1),S,-1.885,4
-2.149,-2.538,4,H,386(E1),T,-2.797,3
-2.459,-3.152,9,H,386(E1),V,-3.937,3
-1.545,-1.489,3,H,386(E1),W,,
0.6117,0.2367,10,H,386(E1),Y,-0.03373,1
-6.339,-7.437,3,I,387(E1),A,-8,1
-6.161,-7.399,8,I,387(E1),C,-8,5
-8.377,-7.611,4,I,387(E1),D,-8,1
-5.357,-7.124,2,I,387(E1),E,-7.454,2
-5.873,-7.323,7,I,387(E1),F,-8,4
-5.937,-7.342,6,I,387(E1),G,-7.237,2
-7.003,-7.533,6,I,387(E1),H,-8,4
0,0,,I,387(E1),I,0,
-6.215,-7.411,3,I,387(E1),K,-8,1
-7.227,-7.554,12,I,387(E1),L,-7.694,3
-5.348,-7.119,9,I,387(E1),M,-7.577,6
-6.926,-7.525,19,I,387(E1),N,-8,7
-7.119,-7.544,5,I,387(E1),P,-8,4
-5.795,-7.298,3,I,387(E1),Q,,
-4.289,-6.303,8,I,387(E1),R,-6.761,4
-5.36,-7.125,6,I,387(E1),S,-8,5
-3.804,-5.67,9,I,387(E1),T,-5.807,4
-2.405,-3.043,4,I,387(E1),V,-3.745,1
-4.186,-6.184,5,I,387(E1),W,-6.426,3
-5.544,-7.207,10,I,387(E1),Y,-7.153,4
-0.03477,-0.01771,1,V,388(E1),-,,
-3.535,-5.242,12,V,388(E1),A,-6.086,3
-5.749,-7.283,2,V,388(E1),C,,
-3.891,-5.797,6,V,388(E1),D,-6.482,3
-3.353,-4.921,5,V,388(E1),E,-5.452,2
-5.81,-7.303,7,V,388(E1),F,-7.96,2
-3.752,-5.592,4,V,388(E1),G,-5.595,3
-4.483,-6.506,10,V,388(E1),H,-6.885,3
-0.4297,-0.2601,3,V,388(E1),I,,
-2.967,-4.183,9,V,388(E1),K,-4.447,3
-1.616,-1.599,9,V,388(E1),L,-1.428,1
-2.401,-3.034,24,V,388(E1),M,-3.339,4
-4.366,-6.387,5,V,388(E1),N,-6.764,4
-5.703,-7.267,9,V,388(E1),P,-7.874,6
-3.748,-5.586,6,V,388(E1),Q,-5.84,4
-0.8064,-0.5752,4,V,388(E1),R,-2.967,2
-3.889,-5.795,5,V,388(E1),S,-5.135,1
-0.6781,-0.4575,4,V,388(E1),T,,
0,0,,V,388(E1),V,0,
-6.089,-7.382,8,V,388(E1),W,-8,4
-5.266,-7.078,7,V,388(E1),Y,-6.913,2
-0.1846,-0.1004,1,N,389(E1),-,,
-2.122,-2.486,8,N,389(E1),A,-2.839,5
-6.583,-7.48,4,N,389(E1),C,-8,2
-2.147,-2.535,9,N,389(E1),D,-2.419,5
-1.32,-1.166,1,N,389(E1),E,-1.478,1
-1.894,-2.067,9,N,389(E1),F,-2.143,6
-0.9223,-0.6913,3,N,389(E1),G,-1.043,2
-2.458,-3.15,6,N,389(E1),H,-3.477,3
-4.027,-5.984,5,N,389(E1),I,-5.357,2
-2.391,-3.014,20,N,389(E1),K,-2.863,4
-1.296,-1.134,8,N,389(E1),L,-1.414,5
-1.162,-0.9625,5,N,389(E1),M,-1.214,4
0,0,,N,389(E1),N,0,
-0.9647,-0.7362,7,N,389(E1),P,-1.054,3
-1.368,-1.231,5,N,389(E1),Q,-1.913,3
-2.931,-4.112,3,N,389(E1),R,-4.293,2
1.247,0.3751,8,N,389(E1),S,-0.2613,4
-0.6283,-0.4148,9,N,389(E1),T,-0.9242,8
-2.192,-2.621,6,N,389(E1),V,-3.192,4
-5.375,-7.132,5,N,389(E1),W,-8,3
-4.588,-6.604,3,N,389(E1),Y,-6.93,1
-7.63,-7.581,7,Y,390(E1),*,-8,2
-0.3506,-0.205,1,Y,390(E1),-,,
-2.315,-2.862,8,Y,390(E1),A,-3.96,2
-5.452,-7.168,12,Y,390(E1),C,-7.697,4
-9.333,-7.627,7,Y,390(E1),D,-8,1
-6.163,-7.4,6,Y,390(E1),E,-8,4
-0.115,-0.06064,12,Y,390(E1),F,0.4305,3
-6.329,-7.435,7,Y,390(E1),G,-8,2
-0.4632,-0.2845,13,Y,390(E1),H,-0.4842,5
-2.492,-3.218,6,Y,390(E1),I,-4.406,2
-1.581,-1.544,9,Y,390(E1),K,-1.596,4
-2.743,-3.729,5,Y,390(E1),L,-4.014,2
-2.021,-2.297,10,Y,390(E1),M,-2.431,4
-2.213,-2.662,4,Y,390(E1),N,-3.705,1
-6.328,-7.435,10,Y,390(E1),P,-8,7
-2.743,-3.73,5,Y,390(E1),Q,-3.216,2
-0.2627,-0.1478,5,Y,390(E1),R,-1.37,1
-1.771,-1.853,5,Y,390(E1),S,,
-5.061,-6.962,13,Y,390(E1),T,-7.191,6
-2.336,-2.904,14,Y,390(E1),V,-3.125,6
-1.464,-1.369,7,Y,390(E1),W,-1.879,4
0,0,,Y,390(E1),Y,0,
-0.4551,-0.2786,1,P,391(E1),-,,
-3.444,-5.084,13,P,391(E1),A,-5.242,8
-7.126,-7.545,7,P,391(E1),C,-8,4
-6.33,-7.435,11,P,391(E1),D,-8,3
-15.42,-7.638,7,P,391(E1),E,-7.782,2
-3.133,-4.508,10,P,391(E1),F,-4.852,5
-4.592,-6.608,4,P,391(E1),G,-6.664,3
-2.424,-3.08,11,P,391(E1),H,-4.396,2
-0.5255,-0.3317,5,P,391(E1),I,-1.002,2
-0.8712,-0.6389,4,P,391(E1),K,-0.597,1
-1.786,-1.878,14,P,391(E1),L,-2.538,7
-2.523,-3.28,8,P,391(E1),M,-4.109,2
-7.107,-7.543,10,P,391(E1),N,-8,3
0,0,,P,391(E1),P,0,
-1.543,-1.486,6,P,391(E1),Q,-1.404,2
-0.7363,-0.5095,7,P,391(E1),R,-0.6827,4
-4.498,-6.52,11,P,391(E1),S,-6.571,3
-5.603,-7.23,21,P,391(E1),T,-8,7
-2.772,-3.789,8,P,391(E1),V,-3.94,7
-4.249,-6.258,17,P,391(E1),W,-6.331,11
-2.997,-4.242,12,P,391(E1),Y,-5.627,4
-0.5054,-0.3163,2,A,392(E1),-,,
0,0,,A,392(E1),A,0,
-5.342,-7.117,7,A,392(E1),C,-7.494,4
-8.438,-7.612,15,A,392(E1),D,-8,5
-6.881,-7.52,12,A,392(E1),E,-8,5
0.02855,0.01415,7,A,392(E1),F,-1.309,2
-0.6034,-0.3941,12,A,392(E1),G,-1.2,5
0.7231,0.2673,6,A,392(E1),H,-0.2786,4
-0.8067,-0.5754,9,A,392(E1),I,-0.1627,5
-1.251,-1.075,6,A,392(E1),K,-1.077,3
0.08396,0.04062,10,A,392(E1),L,-0.4049,5
-1.075,-0.8592,8,A,392(E1),M,-1.394,4
-0.3019,-0.1728,11,A,392(E1),N,-0.8526,4
1.924,0.4539,9,A,392(E1),P,0.3604,5
-0.8684,-0.6361,10,A,392(E1),Q,-0.2287,5
-0.7384,-0.5114,4,A,392(E1),R,0.7583,1
0.2886,0.1279,27,A,392(E1),S,0.1536,10
-0.2904,-0.1654,28,A,392(E1),T,-0.5048,6
1.404,0.3982,10,A,392(E1),V,-1.516,1
-1.094,-0.8815,5,A,392(E1),W,-1.694,3
-0.2851,-0.162,9,A,392(E1),Y,-0.3697,5
-2.361,-2.954,1,S,393(E1),*,,
0.2437,0.1101,1,S,393(E1),-,,
0.3912,0.1659,6,S,393(E1),A,0.2902,1
-7.474,-7.572,11,S,393(E1),C,-7.146,4
-3.187,-4.612,4,S,393(E1),D,-4.433,2
-4.81,-6.789,5,S,393(E1),E,-7.751,4
4.21,0.5284,8,S,393(E1),F,1.279,1
-0.01858,-0.009394,8,S,393(E1),G,-0.7364,5
0.2188,0.09989,9,S,393(E1),H,0.3592,4
5.492,0.5346,6,S,393(E1),I,1.137,1
2.205,0.4741,13,S,393(E1),K,0.2854,4
0.7525,0.2748,9,S,393(E1),L,0.5247,4
4.211,0.5284,8,S,393(E1),M,0.4904,7
-5.163,-7.022,28,S,393(E1),N,-8,9
-1.128,-0.9221,9,S,393(E1),P,-1.451,7
0.8353,0.295,10,S,393(E1),Q,-0.5417,5
1.5,0.4107,12,S,393(E1),R,-0.08952,3
0,0,,S,393(E1),S,0,
2.275,0.4783,6,S,393(E1),T,-1.372,1
8.073,0.5368,10,S,393(E1),V,-0.3114,4
2.197,0.4736,10,S,393(E1),W,0.8563,4
1.779,0.4411,11,S,393(E1),Y,1.736,6
0.768,0.2788,1,H,394(E1),-,,
-1.491,-1.408,8,H,394(E1),A,-1.652,4
-5.728,-7.276,13,H,394(E1),C,-8,9
-5.143,-7.01,9,H,394(E1),D,-7.327,2
-4.919,-6.868,9,H,394(E1),E,-7.725,4
-1.155,-0.9547,13,H,394(E1),F,-1.122,8
-1.47,-1.377,8,H,394(E1),G,-2.41,5
0,0,,H,394(E1),H,0,
-1.914,-2.101,9,H,394(E1),I,-2.281,3
-2.105,-2.455,6,H,394(E1),K,-2.721,4
-1.858,-2.003,11,H,394(E1),L,-2.175,6
-1.691,-1.72,13,H,394(E1),M,-2.193,5
-5.274,-7.082,15,H,394(E1),N,-7.141,4
-2.103,-2.45,7,H,394(E1),P,-4.807,1
-1.808,-1.915,10,H,394(E1),Q,-0.8018,2
-2.03,-2.312,7,H,394(E1),R,-2.16,5
-1.774,-1.858,7,H,394(E1),S,-5.201,2
-2.375,-2.982,10,H,394(E1),T,-3.284,8
-1.722,-1.77,10,H,394(E1),V,-2.465,8
0.2868,0.1272,5,H,394(E1),W,-0.3089,5
-0.6042,-0.3948,8,H,394(E1),Y,-0.2412,3
-0.6169,-0.4053,3,T,395(E1),-,0.6793,1
-0.1163,-0.06139,7,T,395(E1),A,0.5865,2
-5.718,-7.272,9,T,395(E1),C,-8,6
-2.42,-3.073,4,T,395(E1),D,-2.839,1
-1.676,-1.695,5,T,395(E1),E,-1.222,2
-0.2817,-0.1598,14,T,395(E1),F,-0.7874,6
-0.1973,-0.1079,8,T,395(E1),G,0.2547,5
2.316,0.4806,8,T,395(E1),H,-1.042,4
-0.5736,-0.3698,19,T,395(E1),I,-0.3097,7
-1.502,-1.424,6,T,395(E1),K,-1.456,3
-0.3224,-0.1862,9,T,395(E1),L,-0.2027,5
2.616,0.4952,8,T,395(E1),M,0.5862,6
-0.2093,-0.115,9,T,395(E1),N,0.1041,4
1.232,0.3728,5,T,395(E1),P,-0.06076,3
0.7022,0.2618,27,T,395(E1),Q,-0.71,12
1.651,0.4282,9,T,395(E1),R,-1.346,4
0.3969,0.168,6,T,395(E1),S,0.6813,1
0,0,,T,395(E1),T,0,
1.818,0.4447,4,T,395(E1),V,0.7238,2
-0.4001,-0.2391,4,T,395(E1),W,-1.197,3
0.3423,0.1482,14,T,395(E1),Y,0.1803,8
-5.975,-7.352,1,T,396(E1),*,,
-0.9688,-0.7406,1,T,396(E1),-,,
0.4902,0.1995,12,T,396(E1),A,0.1496,6
-4.923,-6.87,10,T,396(E1),C,-7.248,3
-2.314,-2.861,8,T,396(E1),D,-2.031,4
-1.906,-2.087,8,T,396(E1),E,-2.104,3
0.6589,0.25,12,T,396(E1),F,0.3296,8
-0.703,-0.4795,5,T,396(E1),G,-0.8717,2
0.9851,0.3279,8,T,396(E1),H,-0.1235,3
0.8624,0.3013,14,T,396(E1),I,-1.24,5
-0.2346,-0.1304,13,T,396(E1),K,-0.4579,1
-0.0168,-0.008492,10,T,396(E1),L,0.3563,5
-0.5793,-0.3744,8,T,396(E1),M,-0.0136,2
-0.6062,-0.3964,10,T,396(E1),N,0.3366,6
-0.6956,-0.4729,12,T,396(E1),P,-0.7863,5
-0.7815,-0.5514,11,T,396(E1),Q,-0.3376,5
-0.4171,-0.2511,6,T,396(E1),R,-0.5626,3
-1.557,-1.508,4,T,396(E1),S,-2.077,2
0,0,,T,396(E1),T,0,
-0.6094,-0.3991,4,T,396(E1),V,-1.056,3
-0.4254,-0.2571,14,T,396(E1),W,-0.7272,5
2.95,0.507,2,T,396(E1),Y,1.802,1
-0.3176,-0.183,1,L,397(E1),-,,
1.18,0.364,5,L,397(E1),A,0.361,1
-3.948,-5.877,10,L,397(E1),C,-6.146,4
-1.283,-1.117,6,L,397(E1),D,-1.649,3
-1.28,-1.113,9,L,397(E1),E,-1.401,3
0.2463,0.1111,8,L,397(E1),F,-0.9619,3
-1.396,-1.271,8,L,397(E1),G,-1.357,4
1.321,0.3865,11,L,397(E1),H,-1.191,3
2.705,0.4987,4,L,397(E1),I,0.2264,4
0.4343,0.1809,6,L,397(E1),K,-1.224,1
0,0,,L,397(E1),L,0,
0.5255,0.2107,15,L,397(E1),M,-1.027,5
-0.8633,-0.631,4,L,397(E1),N,0.1095,3
0.08499,0.0411,7,L,397(E1),P,0.49,2
-0.5145,-0.3232,12,L,397(E1),Q,-0.5599,8
-1.118,-0.9097,7,L,397(E1),R,-1.177,2
-0.7193,-0.4941,5,L,397(E1),S,-0.6997,4
-0.9419,-0.7119,7,L,397(E1),T,-1.346,1
-0.5451,-0.3471,11,L,397(E1),V,-0.3819,7
0.8935,0.3083,9,L,397(E1),W,-1.803,6
-0.2314,-0.1284,5,L,397(E1),Y,-0.1447,2
0.1135,0.0542,1,G,398(E1),-,,
-0.495,-0.3084,8,G,398(E1),A,-1.276,3
-5.66,-7.252,15,G,398(E1),C,-8,4
-0.6813,-0.4603,25,G,398(E1),D,-0.7907,5
1.632,0.4261,7,G,398(E1),E,0.2727,1
-1.382,-1.252,7,G,398(E1),F,-1.383,7
0,0,,G,398(E1),G,0,
-1.74,-1.8,7,G,398(E1),H,-1.466,4
-4.723,-6.72,5,G,398(E1),I,,
0.434,0.1808,7,G,398(E1),K,-0.2882,3
-0.8792,-0.647,6,G,398(E1),L,-2.545,3
-1.555,-1.504,6,G,398(E1),M,-2.387,4
1.954,0.4563,8,G,398(E1),N,-0.1883,4
-0.9751,-0.7474,10,G,398(E1),P,-0.7364,4
0.313,0.1373,4,G,398(E1),Q,-0.9438,1
-1.196,-1.004,10,G,398(E1),R,-2.371,4
-0.964,-0.7355,16,G,398(E1),S,-0.4163,4
-0.923,-0.6921,10,G,398(E1),T,-0.8347,5
-2.018,-2.291,12,G,398(E1),V,-2.989,6
-0.7755,-0.5458,2,G,398(E1),W,-0.827,2
-1.646,-1.647,10,G,398(E1),Y,-1.817,4
-6.174,-7.402,1,V,399(E1),*,-8,1
0.07167,0.03486,10,V,399(E1),A,-0.4178,5
-3.378,-4.966,10,V,399(E1),C,-4.726,5
-0.832,-0.5999,11,V,399(E1),D,0.7107,5
-0.2104,-0.1157,8,V,399(E1),E,-1.203,2
0.1073,0.0514,7,V,399(E1),F,,
0.01434,0.00715,13,V,399(E1),G,0.389,4
0.9203,0.3142,6,V,399(E1),H,0.5159,4
0.9656,0.3238,13,V,399(E1),I,0.0174,3
-0.8048,-0.5736,5,V,399(E1),K,-0.8989,1
-0.2883,-0.1641,10,V,399(E1),L,-0.4795,1
-0.1749,-0.09467,29,V,399(E1),M,-0.1056,6
-0.5034,-0.3147,9,V,399(E1),N,-0.2494,3
-0.3072,-0.1762,10,V,399(E1),P,-0.3562,7
-0.1398,-0.07453,6,V,399(E1),Q,0.22,3
-0.3366,-0.1956,9,V,399(E1),R,-0.4095,6
-1.385,-1.255,6,V,399(E1),S,-1.413,3
0.03455,0.01708,1,V,399(E1),T,-0.2369,1
0,0,,V,399(E1),V,0,
0.7747,0.2804,4,V,399(E1),W,0.06574,3
-0.3884,-0.2309,10,V,399(E1),Y,-1.136,2
-6.336,-7.437,44,Q,400(E1),*,-8,5
-0.2927,-0.1668,4,Q,400(E1),A,-3.001,1
-5.586,-7.224,7,Q,400(E1),C,-8,3
3.372,0.5173,3,Q,400(E1),D,0.7409,2
-0.8079,-0.5766,9,Q,400(E1),E,-0.1672,5
0.3902,0.1656,8,Q,400(E1),F,-0.2802,3
-0.8393,-0.6072,4,Q,400(E1),G,0.296,1
-0.2313,-0.1284,13,Q,400(E1),H,-1.874,3
-0.5189,-0.3267,4,Q,400(E1),I,-0.1759,3
-0.3717,-0.2194,12,Q,400(E1),K,-0.408,5
-1.176,-0.9801,11,Q,400(E1),L,-1.17,5
0.08222,0.03981,7,Q,400(E1),M,0.3151,5
-1.124,-0.9174,11,Q,400(E1),N,-1.394,6
0.3831,0.1631,7,Q,400(E1),P,-0.2404,2
0,0,,Q,400(E1),Q,0,
-1.403,-1.281,12,Q,400(E1),R,-4.294,2
-0.9607,-0.7319,9,Q,400(E1),S,-0.9007,4
-0.287,-0.1632,6,Q,400(E1),T,-1.685,3
-0.3896,-0.2317,3,Q,400(E1),V,,
0.6331,0.2428,7,Q,400(E1),W,-0.245,4
-1.174,-0.9775,7,Q,400(E1),Y,-1.75,5
0.1673,0.07806,9,D,401(E1),A,-0.07439,3
-5.417,-7.152,11,D,401(E1),C,-7.813,6
0,0,,D,401(E1),D,0,
-0.6715,-0.4518,11,D,401(E1),E,-0.5265,3
-2.439,-3.111,11,D,401(E1),F,-3.675,7
1.706,0.4339,6,D,401(E1),G,0.5942,3
-0.4284,-0.2592,10,D,401(E1),H,0.0598,2
-4.463,-6.486,3,D,401(E1),I,-6.812,2
-1.224,-1.04,11,D,401(E1),K,-1.406,5
-2.549,-3.333,14,D,401(E1),L,-3.551,7
-0.4735,-0.2922,6,D,401(E1),M,-0.6755,4
0.4307,0.1797,62,D,401(E1),N,-0.5049,13
-0.5884,-0.3818,8,D,401(E1),P,-0.03704,5
-0.8584,-0.6261,6,D,401(E1),Q,0.1834,4
-0.3706,-0.2186,9,D,401(E1),R,-0.626,6
0.04595,0.02259,10,D,401(E1),S,-0.4527,5
-0.1327,-0.07054,9,D,401(E1),T,-0.2932,6
-1.65,-1.654,13,D,401(E1),V,-1.931,6
-1.359,-1.219,7,D,401(E1),W,-1.006,3
-1.701,-1.736,13,D,401(E1),Y,-1.214,5
0.7422,0.2722,1,I,402(E1),-,,
-0.001241,-0.0006227,6,I,402(E1),A,-0.3265,4
-7.784,-7.589,6,I,402(E1),C,-8,1
-1.901,-2.078,5,I,402(E1),D,-1.382,1
-0.3599,-0.2113,8,I,402(E1),E,-1.434,1
-0.5103,-0.32,12,I,402(E1),F,-0.0267,4
-1.33,-1.18,12,I,402(E1),G,-1.518,5
-0.9082,-0.6766,9,I,402(E1),H,-1.558,4
0,0,,I,402(E1),I,0,
-1.307,-1.149,8,I,402(E1),K,-2.249,1
-1.107,-0.8966,10,I,402(E1),L,-1.402,5
-0.8048,-0.5736,13,I,402(E1),M,-0.8255,6
1.426,0.4011,5,I,402(E1),N,-1.311,2
-0.9892,-0.7628,3,I,402(E1),P,0.02565,2
-1.744,-1.808,3,I,402(E1),Q,-2.135,1
-1.654,-1.66,10,I,402(E1),R,-2.598,5
-1.623,-1.61,11,I,402(E1),S,-2.084,6
-1.02,-0.7972,13,I,402(E1),T,-1.657,8
-0.7502,-0.5223,9,I,402(E1),V,-0.5339,4
-0.9004,-0.6686,5,I,402(E1),W,-0.6504,2
-0.04662,-0.02387,6,I,402(E1),Y,-1.872,4
0.4989,0.2023,1,S,403(E1),-,,
0.1096,0.05242,12,S,403(E1),A,0.1114,7
-4.685,-6.689,9,S,403(E1),C,-6.838,4
-1.486,-1.401,10,S,403(E1),D,-1.828,6
-0.7004,-0.4771,9,S,403(E1),E,-0.4782,2
-0.1763,-0.09548,8,S,403(E1),F,-0.3954,3
-0.3769,-0.2229,24,S,403(E1),G,-0.7046,7
-0.4239,-0.256,6,S,403(E1),H,-0.4452,3
-2.808,-3.862,10,S,403(E1),I,-3.879,2
-1.174,-0.9776,9,S,403(E1),K,-1.315,5
-1.971,-2.205,8,S,403(E1),L,-2.375,4
-1.387,-1.258,11,S,403(E1),M,-1.6,6
-1.205,-1.016,15,S,403(E1),N,-2.144,1
-0.7119,-0.4875,11,S,403(E1),P,-0.4252,6
-0.7607,-0.532,11,S,403(E1),Q,-0.7246,10
-0.1029,-0.05397,12,S,403(E1),R,-0.009755,1
0,0,,S,403(E1),S,0,
0.8772,0.3047,8,S,403(E1),T,-0.005,2
-2.307,-2.846,7,S,403(E1),V,-3.433,3
1.495,0.4101,3,S,403(E1),W,0.2432,3
1.534,0.4148,6,S,403(E1),Y,-0.09617,3
-1.566,-1.522,3,V,404(E1),-,,
-0.03954,-0.02018,8,V,404(E1),A,-0.7807,2
-3.706,-5.52,5,V,404(E1),C,-5.366,3
-1.34,-1.194,5,V,404(E1),D,-1.297,1
0.6526,0.2483,5,V,404(E1),E,-0.5414,2
-0.4954,-0.3086,12,V,404(E1),F,-0.7862,10
1.671,0.4303,2,V,404(E1),G,0.3071,1
-0.595,-0.3872,12,V,404(E1),H,-0.6959,9
-0.4593,-0.2817,7,V,404(E1),I,-0.7219,4
-0.8333,-0.6013,5,V,404(E1),K,-1.058,1
0.1396,0.06591,10,V,404(E1),L,,
-1.068,-0.851,23,V,404(E1),M,-1.203,7
-0.4448,-0.271,5,V,404(E1),N,-0.4358,4
-0.3221,-0.186,7,V,404(E1),P,-0.7768,2
-1.502,-1.425,3,V,404(E1),Q,-1.7,2
0.6232,0.24,7,V,404(E1),R,0.6212,3
-0.07599,-0.0394,5,V,404(E1),S,-1.866,2
-0.7384,-0.5114,10,V,404(E1),T,-0.3938,7
0,0,,V,404(E1),V,0,
-0.5921,-0.3848,8,V,404(E1),W,-0.5455,6
-0.2668,-0.1504,6,V,404(E1),Y,-1.104,4
-2.421,-3.075,4,T,405(E1),-,,
1.342,0.3895,12,T,405(E1),A,-0.6792,5
-7.73,-7.587,11,T,405(E1),C,-7.647,4
-1.116,-0.9075,4,T,405(E1),D,-1.019,2
-0.2943,-0.1679,6,T,405(E1),E,0.4664,1
0.705,0.2625,6,T,405(E1),F,-0.756,4
-1.354,-1.212,10,T,405(E1),G,-1.864,2
-0.9746,-0.7468,6,T,405(E1),H,-0.9047,3
-0.1599,-0.08602,11,T,405(E1),I,-0.7162,4
-0.7107,-0.4864,7,T,405(E1),K,-0.4646,2
0.3246,0.1416,7,T,405(E1),L,-0.306,3
-0.08489,-0.04419,9,T,405(E1),M,1.836,1
-0.8332,-0.6012,15,T,405(E1),N,-1.409,5
-1.729,-1.782,8,T,405(E1),P,-2.059,4
0.1988,0.09153,9,T,405(E1),Q,0.1737,6
1.762,0.4394,10,T,405(E1),R,-0.353,5
-0.9723,-0.7444,10,T,405(E1),S,-0.5731,6
0,0,,T,405(E1),T,0,
-0.06471,-0.03339,5,T,405(E1),V,0.1374,1
-0.07891,-0.04097,8,T,405(E1),W,-0.556,5
-0.2513,-0.1407,8,T,405(E1),Y,0.1644,5
-0.4373,-0.2656,3,A,406(E1),-,,
0,0,,A,406(E1),A,0,
-5.99,-7.356,15,A,406(E1),C,-8,8
-2.066,-2.38,20,A,406(E1),D,-2.602,5
-1.911,-2.097,4,A,406(E1),E,-2.431,4
-1.016,-0.7925,9,A,406(E1),F,-1.238,5
-1.253,-1.077,7,A,406(E1),G,-1.431,4
-1.283,-1.117,1,A,406(E1),H,,
-0.9866,-0.7599,12,A,406(E1),I,-1.513,6
-1.895,-2.068,15,A,406(E1),K,-2.502,6
-0.1384,-0.07373,9,A,406(E1),L,-0.5067,4
2.966,0.5075,8,A,406(E1),M,-0.2037,5
-1.21,-1.022,10,A,406(E1),N,-0.9737,4
-0.796,-0.5652,3,A,406(E1),P,,
-1.133,-0.9279,9,A,406(E1),Q,-1.38,4
-1.678,-1.698,8,A,406(E1),R,-1.172,4
-1.692,-1.721,11,A,406(E1),S,-1.605,8
-0.6007,-0.3919,32,A,406(E1),T,-2.643,1
0.294,0.13,11,A,406(E1),V,-0.1717,4
-1.54,-1.482,7,A,406(E1),W,-1.379,2
-0.8245,-0.5926,6,A,406(E1),Y,-0.9351,4
-1.338,-1.191,4,M,407(E1),-,,
-1.188,-0.9946,5,M,407(E1),A,-1.695,1
-3.928,-5.849,6,M,407(E1),C,-6.257,3
-1.375,-1.241,6,M,407(E1),D,-1.863,5
-1.558,-1.509,5,M,407(E1),E,-0.4129,1
1.6,0.4226,5,M,407(E1),F,-2.195,1
-0.7932,-0.5626,9,M,407(E1),G,-0.3652,4
-1.33,-1.18,9,M,407(E1),H,-1.331,6
-0.8358,-0.6037,27,M,407(E1),I,0.5985,3
0.2619,0.1174,4,M,407(E1),K,,
0.08161,0.03952,11,M,407(E1),L,0.02615,4
0,0,,M,407(E1),M,0,
-1.342,-1.196,6,M,407(E1),N,-1.718,5
-1.208,-1.02,5,M,407(E1),P,-0.8858,3
-0.5305,-0.3356,12,M,407(E1),Q,-1.235,5
0.0393,0.01938,2,M,407(E1),R,-0.53,2
-0.7436,-0.5161,5,M,407(E1),S,-0.8741,4
-0.8459,-0.6137,12,M,407(E1),T,-0.9635,8
1.171,0.3626,6,M,407(E1),V,-0.2362,2
2.644,0.4963,7,M,407(E1),W,0.7645,4
-0.619,-0.407,8,M,407(E1),Y,0.2384,3
-1.686,-1.711,4,S,408(E1),-,,
1.578,0.42,5,S,408(E1),A,0.4555,2
-2.302,-2.836,16,S,408(E1),C,-2.961,8
-0.4725,-0.2914,6,S,408(E1),D,-0.8157,3
1.385,0.3956,5,S,408(E1),E,-0.4134,1
0.3977,0.1682,4,S,408(E1),F,-0.07799,3
-0.135,-0.07182,20,S,408(E1),G,-1.141,9
-2,-2.257,5,S,408(E1),H,-2.736,2
-0.7625,-0.5336,9,S,408(E1),I,-0.2358,3
-0.3774,-0.2233,8,S,408(E1),K,0.3252,3
3.398,0.5178,5,S,408(E1),L,-0.4731,4
-0.396,-0.2362,10,S,408(E1),M,-0.2643,7
-0.2795,-0.1584,22,S,408(E1),N,0.3839,3
-0.7337,-0.5071,12,S,408(E1),P,-3.045,3
-0.7455,-0.5179,5,S,408(E1),Q,0.501,3
0.1799,0.08351,19,S,408(E1),R,0.1974,6
0,0,,S,408(E1),S,0,
-0.9792,-0.7518,1,S,408(E1),T,,
-1.034,-0.813,8,S,408(E1),V,-0.8391,4
2.878,0.5047,4,S,408(E1),W,0.415,2
-0.492,-0.3061,8,S,408(E1),Y,-0.05495,4
-7.718,-7.586,39,W,409(E1),*,-8,4
-0.5191,-0.3268,4,W,409(E1),-,,
-1.156,-0.9561,4,W,409(E1),A,-1.524,3
-3.058,-4.363,15,W,409(E1),C,-4.709,6
-2.07,-2.389,4,W,409(E1),D,-2.73,1
-1.244,-1.067,5,W,409(E1),E,-0.7522,3
-1.389,-1.261,5,W,409(E1),F,-0.9414,3
-1.74,-1.8,4,W,409(E1),G,-2.732,3
-0.593,-0.3856,8,W,409(E1),H,-1.184,6
-1.041,-0.8206,5,W,409(E1),I,,
-1.479,-1.39,9,W,409(E1),K,-1.532,3
-0.205,-0.1125,11,W,409(E1),L,-0.4305,3
0.6551,0.249,13,W,409(E1),M,0.202,4
-1.065,-0.8473,3,W,409(E1),N,-1.427,3
-1.958,-2.182,7,W,409(E1),P,-2.56,4
-1.839,-1.97,9,W,409(E1),Q,-2.764,6
-2.024,-2.301,10,W,409(E1),R,-2.848,4
-1.543,-1.486,5,W,409(E1),S,-2.011,1
-1.993,-2.246,8,W,409(E1),T,-1.825,1
-1.785,-1.876,6,W,409(E1),V,-3.483,4
0,0,,W,409(E1),W,0,
-0.5399,-0.343,3,W,409(E1),Y,0.6334,1
-0.2497,-0.1397,5,V,410(E1),-,,
1.727,0.436,9,V,410(E1),A,0.8385,4
-3.202,-4.641,7,V,410(E1),C,-4.888,5
-2.537,-3.309,11,V,410(E1),D,-3.049,3
-1.5,-1.421,6,V,410(E1),E,0.3553,1
3.182,0.5132,7,V,410(E1),F,-0.1398,3
-1.252,-1.076,8,V,410(E1),G,-1.56,1
-3.225,-4.685,3,V,410(E1),H,-5.811,1
-0.3973,-0.2371,5,V,410(E1),I,-0.004976,3
-0.05883,-0.03028,4,V,410(E1),K,-0.4749,2
0.1945,0.0897,12,V,410(E1),L,-0.1618,4
-0.8318,-0.5997,13,V,410(E1),M,-0.5206,2
-1.909,-2.092,10,V,410(E1),N,-2.08,7
-1.424,-1.311,5,V,410(E1),P,-3.409,2
-2.366,-2.964,2,V,410(E1),Q,-3.958,1
-1.669,-1.684,9,V,410(E1),R,-2.356,6
-0.9091,-0.6776,7,V,410(E1),S,-0.799,4
-1.267,-1.096,9,V,410(E1),T,-1.317,6
0,0,,V,410(E1),V,0,
-1.341,-1.194,3,V,410(E1),W,-0.6693,1
0.07714,0.03743,5,V,410(E1),Y,-1.829,2
-5.478,-7.179,29,Q,411(E1),*,-8,5
-0.2587,-0.1453,5,Q,411(E1),-,,
0.3383,0.1468,4,Q,411(E1),A,0.03995,2
-3.888,-5.793,15,Q,411(E1),C,-6.043,6
-2.037,-2.326,7,Q,411(E1),D,-2.165,2
-1.316,-1.161,10,Q,411(E1),E,-1.316,5
1.163,0.3611,8,Q,411(E1),F,0.4233,3
0.2168,0.09904,5,Q,411(E1),G,-0.8704,1
-0.6275,-0.4142,19,Q,411(E1),H,-0.06025,8
1.476,0.4077,9,Q,411(E1),I,1.24,5
1.219,0.3706,14,Q,411(E1),K,0.9253,8
-0.08239,-0.04284,11,Q,411(E1),L,-0.3967,9
0.8295,0.2937,8,Q,411(E1),M,-0.00387,4
-1.595,-1.566,6,Q,411(E1),N,-1.716,3
-1.28,-1.114,4,Q,411(E1),P,-0.605,1
0,0,,Q,411(E1),Q,0,
0.09574,0.04608,7,Q,411(E1),R,0.8496,2
-1.431,-1.32,4,Q,411(E1),S,1.683,1
-0.04591,-0.0235,3,Q,411(E1),T,-0.06698,1
-0.3005,-0.1719,9,Q,411(E1),V,-0.02095,4
-0.3137,-0.1805,9,Q,411(E1),W,-0.1854,4
2.868,0.5044,5,Q,411(E1),Y,0.2803,2
0.371,0.1587,5,K,412(E1),-,,
0.5704,0.2245,5,K,412(E1),A,-1.842,1
-3.545,-5.258,13,K,412(E1),C,-4.796,7
-1.652,-1.657,9,K,412(E1),D,-1.595,4
-1.798,-1.899,8,K,412(E1),E,-1.907,4
0.9041,0.3107,11,K,412(E1),F,-2.353,1
-1.355,-1.214,6,K,412(E1),G,-1.771,5
-0.8458,-0.6135,11,K,412(E1),H,-0.7705,4
-2.458,-3.148,8,K,412(E1),I,-3.52,3
0,0,,K,412(E1),K,0,
-1.487,-1.402,4,K,412(E1),L,-5.632,1
-1.675,-1.695,7,K,412(E1),M,-3.806,2
-1.326,-1.174,12,K,412(E1),N,-1.347,8
-0.3341,-0.194,6,K,412(E1),P,-0.1785,3
1.834,0.4461,9,K,412(E1),Q,-1.681,3
-1.003,-0.7775,9,K,412(E1),R,-1.061,6
0.2924,0.1294,6,K,412(E1),S,-0.2717,3
-1.02,-0.7973,17,K,412(E1),T,-1.27,7
-1.566,-1.521,7,K,412(E1),V,-2.235,4
0.09295,0.04479,5,K,412(E1),W,-1.551,2
-0.9032,-0.6715,6,K,412(E1),Y,,
0.1641,0.07668,3,I,413(E1),-,,
-0.2778,-0.1573,5,I,413(E1),A,-1.138,3
-2.519,-3.273,3,I,413(E1),C,-3.565,2
-4.288,-6.302,5,I,413(E1),D,-6.634,3
-4.129,-6.114,6,I,413(E1),E,-6.179,6
-1.767,-1.847,5,I,413(E1),F,-1.797,2
-2.588,-3.413,7,I,413(E1),G,-2.98,3
-2.472,-3.177,7,I,413(E1),H,-3.298,3
0,0,,I,413(E1),I,0,
-3.417,-5.036,6,I,413(E1),K,-5.353,4
-1.256,-1.081,7,I,413(E1),L,-1.377,4
-1.683,-1.707,9,I,413(E1),M,-1.71,4
-5.13,-7.003,3,I,413(E1),N,,
-3.145,-4.531,7,I,413(E1),P,-4.649,3
-3.579,-5.314,7,I,413(E1),Q,-5.493,5
-3.741,-5.575,8,I,413(E1),R,-5.704,4
-2.482,-3.198,7,I,413(E1),S,-3.485,4
-1.694,-1.725,6,I,413(E1),T,-2.278,2
-1.55,-1.496,13,I,413(E1),V,-1.655,6
-0.3157,-0.1818,8,I,413(E1),W,-0.02295,4
4.011,0.5265,4,I,413(E1),Y,-1.514,2
-0.4384,-0.2664,4,T,414(E1),-,,
1.221,0.3709,14,T,414(E1),A,-0.213,4
-0.1161,-0.06124,9,T,414(E1),C,-1.251,2
-3.406,-5.017,3,T,414(E1),D,-5.354,2
-2.371,-2.974,4,T,414(E1),E,-2.825,2
2.745,0.5002,4,T,414(E1),F,0.877,1
1.88,0.4502,10,T,414(E1),G,0.1583,6
-1.494,-1.412,7,T,414(E1),H,-1.348,4
-0.251,-0.1405,8,T,414(E1),I,-1.321,2
-1.299,-1.137,18,T,414(E1),K,-1.327,6
0.9051,0.3109,13,T,414(E1),L,-1.04,6
0.8745,0.3041,8,T,414(E1),M,0.3281,4
-1.94,-2.149,6,T,414(E1),N,-2.531,4
-2.291,-2.815,5,T,414(E1),P,-3.29,3
-2.263,-2.759,7,T,414(E1),Q,-3.615,4
-1.307,-1.148,7,T,414(E1),R,-1.372,4
1.132,0.3557,4,T,414(E1),S,0.3583,3
0,0,,T,414(E1),T,0,
-0.2894,-0.1647,10,T,414(E1),V,-0.7857,3
-0.4291,-0.2597,7,T,414(E1),W,-0.9086,5
0.6451,0.2462,8,T,414(E1),Y,0.4928,4
-2.161,-2.562,4,G,415(E1),-,,
-1.053,-0.8345,2,G,415(E1),A,-1.159,1
-3.121,-4.487,19,G,415(E1),C,-3.75,3
-3.784,-5.64,15,G,415(E1),D,-5.891,7
-2.834,-3.915,12,G,415(E1),E,-4.221,9
-1.784,-1.875,10,G,415(E1),F,-3.043,3
0,0,,G,415(E1),G,0,
-2.003,-2.264,9,G,415(E1),H,-2.572,5
-2.342,-2.916,8,G,415(E1),I,-2.78,7
-1.704,-1.741,3,G,415(E1),K,-1.825,1
-1.706,-1.745,8,G,415(E1),L,-2.792,2
-1.489,-1.405,9,G,415(E1),M,-1.713,3
-2.082,-2.41,5,G,415(E1),N,-2.789,3
-2.045,-2.341,10,G,415(E1),P,-2.643,6
-2.191,-2.619,5,G,415(E1),Q,-1.401,1
-1.747,-1.813,8,G,415(E1),R,-1.958,4
-0.7718,-0.5424,25,G,415(E1),S,-1.701,9
-0.8469,-0.6146,7,G,415(E1),T,-0.262,6
-1.74,-1.801,9,G,415(E1),V,-2.2,5
-0.339,-0.1972,9,G,415(E1),W,-0.6146,7
-1.248,-1.071,11,G,415(E1),Y,-0.6835,4
-0.8812,-0.649,3,G,416(E1),*,,
4.935,0.5328,5,G,416(E1),-,,
2.206,0.4742,4,G,416(E1),A,-0.1105,3
-1.522,-1.454,7,G,416(E1),C,-1.182,1
-2.835,-3.917,10,G,416(E1),D,-4.179,3
-2.281,-2.796,26,G,416(E1),E,-3.225,5
-1.074,-0.8583,7,G,416(E1),F,-0.7708,3
0,0,,G,416(E1),G,0,
-1.915,-2.103,11,G,416(E1),H,-2.7,3
-1.161,-0.9617,9,G,416(E1),I,-1.237,4
-0.9806,-0.7533,9,G,416(E1),K,-2.466,5
-0.8311,-0.5991,16,G,416(E1),L,-0.8607,9
-1.774,-1.858,10,G,416(E1),M,-1.73,4
-2.487,-3.207,4,G,416(E1),N,-5.187,2
-2.136,-2.514,4,G,416(E1),P,-2.392,3
-1.133,-0.9279,8,G,416(E1),Q,-0.8226,6
-1.131,-0.9247,43,G,416(E1),R,-0.9612,6
-1.421,-1.307,9,G,416(E1),S,-1.638,4
-0.4872,-0.3025,6,G,416(E1),T,-0.526,4
-0.8033,-0.5722,5,G,416(E1),V,-1.132,2
-1.227,-1.044,9,G,416(E1),W,-2.689,3
-0.9648,-0.7364,10,G,416(E1),Y,-0.9439,8
0.9808,0.327,2,V,417(E1),-,,
-1.14,-0.9357,11,V,417(E1),A,-0.9688,6
-1.396,-1.271,9,V,417(E1),C,-1.381,3
-5.282,-7.086,13,V,417(E1),D,-8,3
-4.464,-6.487,6,V,417(E1),E,-7.011,2
0.4111,0.1729,9,V,417(E1),F,0.6145,3
-0.482,-0.2986,8,V,417(E1),G,-2.842,2
-2.676,-3.594,5,V,417(E1),H,-3.785,3
-0.2763,-0.1564,15,V,417(E1),I,-0.281,4
-2.156,-2.552,5,V,417(E1),K,-2.815,3
-1.032,-0.8104,8,V,417(E1),L,-0.9688,3
-1.096,-0.8837,8,V,417(E1),M,-1.533,4
-2.527,-3.289,6,V,417(E1),N,-3.341,2
-3.388,-4.985,5,V,417(E1),P,-6,3
-2.732,-3.708,6,V,417(E1),Q,-2.761,3
-3.363,-4.94,7,V,417(E1),R,-4.267,5
-2.053,-2.356,4,V,417(E1),S,-2.836,3
-1.303,-1.144,8,V,417(E1),T,-1.483,4
0,0,,V,417(E1),V,0,
-1.267,-1.095,8,V,417(E1),W,-2.014,4
-1.219,-1.034,10,V,417(E1),Y,-2.014,5
-2.74,-3.724,7,G,418(E1),*,-0.1549,1
1.635,0.4264,1,G,418(E1),-,,
-0.3911,-0.2328,8,G,418(E1),A,0.1076,3
-1.268,-1.097,8,G,418(E1),C,-1.345,5
-4.21,-6.213,8,G,418(E1),D,-7.398,2
-5.937,-7.342,24,G,418(E1),E,-7.435,5
0.2254,0.1026,9,G,418(E1),F,0.1087,6
0,0,,G,418(E1),G,0,
-3.713,-5.531,6,G,418(E1),H,-5.831,4
0.7537,0.2751,10,G,418(E1),I,0.516,4
-2.86,-3.968,8,G,418(E1),K,-4.111,4
-1.065,-0.8477,8,G,418(E1),L,-4.373,3
-1.424,-1.31,14,G,418(E1),M,-1.876,6
-4.789,-6.772,6,G,418(E1),N,-6.509,1
-2.005,-2.267,11,G,418(E1),P,-2.333,6
-5.131,-7.003,8,G,418(E1),Q,-7.344,4
-5.028,-6.94,55,G,418(E1),R,-7.025,14
-1.387,-1.258,7,G,418(E1),S,-1.606,5
-1.836,-1.964,8,G,418(E1),T,-1.371,4
-0.3751,-0.2217,13,G,418(E1),V,,
-2.501,-3.237,8,G,418(E1),W,-3.723,2
-3.034,-4.316,10,G,418(E1),Y,-5.131,1
1.246,0.3749,7,L,419(E1),A,,
-0.796,-0.5652,7,L,419(E1),C,-1.373,2
-3.873,-5.772,7,L,419(E1),D,-6.223,2
-4.008,-5.959,7,L,419(E1),E,-6.74,5
0.264,0.1182,6,L,419(E1),F,-0.02983,6
2.611,0.495,6,L,419(E1),G,2.35,2
-1.795,-1.894,5,L,419(E1),H,-1.889,4
1.352,0.391,9,L,419(E1),I,1.796,1
-2.139,-2.518,10,L,419(E1),K,-2.657,5
0,0,,L,419(E1),L,0,
-0.401,-0.2397,15,L,419(E1),M,-0.09835,6
-2.791,-3.828,7,L,419(E1),N,-3.852,4
-1.84,-1.972,7,L,419(E1),P,-8,1
-2.308,-2.848,10,L,419(E1),Q,-3.024,6
-2.285,-2.803,5,L,419(E1),R,-2.788,3
1.681,0.4313,8,L,419(E1),S,0.04973,3
2.775,0.5013,4,L,419(E1),T,0.5938,3
1.014,0.3336,6,L,419(E1),V,0.1555,3
-0.6488,-0.4322,8,L,419(E1),W,-1.907,3
-1.024,-0.8012,8,L,419(E1),Y,-0.5365,3
2.009,0.4606,2,V,420(E1),-,,
0.4983,0.2021,4,V,420(E1),A,-0.5895,2
-0.9482,-0.7185,8,V,420(E1),C,-0.9081,3
-6.379,-7.445,4,V,420(E1),D,,
-3.587,-5.328,7,V,420(E1),E,-5.479,4
-1.538,-1.479,2,V,420(E1),F,-1.759,1
1.203,0.368,2,V,420(E1),G,0.2665,1
-2.802,-3.85,3,V,420(E1),H,-3.867,3
-0.1754,-0.09499,3,V,420(E1),I,0.9602,2
-2.115,-2.472,5,V,420(E1),K,-2.684,2
-0.7823,-0.5522,7,V,420(E1),L,-0.4095,3
0.2575,0.1156,19,V,420(E1),M,-1.531,3
-2.863,-3.974,3,V,420(E1),N,-4.249,1
-2.904,-4.057,2,V,420(E1),P,,
-3.569,-5.298,5,V,420(E1),Q,-5.518,3
-3.003,-4.254,3,V,420(E1),R,-4.533,1
-0.182,-0.09883,4,V,420(E1),S,,
0.07128,0.03467,4,V,420(E1),T,0.2014,1
0,0,,V,420(E1),V,0,
-1.752,-1.821,6,V,420(E1),W,-2.793,2
-1.899,-2.074,5,V,420(E1),Y,-1.87,3
-0.615,-0.4037,1,V,421(E1),-,,
2.259,0.4773,5,V,421(E1),A,-1.905,1
0.4433,0.184,3,V,421(E1),C,-0.6042,1
-3.019,-4.287,5,V,421(E1),D,-4.02,1
-2.625,-3.49,1,V,421(E1),E,-3.814,1
0.1541,0.0723,4,V,421(E1),F,-0.444,2
-2.171,-2.579,1,V,421(E1),G,-2.872,1
-3.478,-5.144,2,V,421(E1),H,-5.437,2
-0.3358,-0.1951,1,V,421(E1),I,,
-2.993,-4.235,2,V,421(E1),K,-4.528,1
1.485,0.4088,10,V,421(E1),L,0.7787,3
0.8482,0.2981,15,V,421(E1),M,-0.2845,2
-2.547,-3.33,4,V,421(E1),N,-3.486,1
-1.269,-1.098,1,V,421(E1),P,-3.142,1
-2.394,-3.019,1,V,421(E1),Q,,
-4.218,-6.222,2,V,421(E1),R,-6.762,2
-1.232,-1.051,3,V,421(E1),S,-1.856,2
-1.2,-1.01,3,V,421(E1),T,-1.249,3
0,0,,V,421(E1),V,0,
-0.5974,-0.3892,7,V,421(E1),W,-0.0991,3
-1.189,-0.9959,8,V,421(E1),Y,-1.4,5
-2.251,-2.736,2,A,422(E1),-,,
0,0,,A,422(E1),A,0,
-0.0788,-0.04091,6,A,422(E1),C,0.1385,4
-5.757,-7.286,8,A,422(E1),D,-8,6
-5.18,-7.032,8,A,422(E1),E,-7.326,4
-0.8358,-0.6037,3,A,422(E1),F,0.6434,1
-0.8604,-0.628,2,A,422(E1),G,-0.9377,1
-4.012,-5.965,4,A,422(E1),H,-6.175,3
-0.433,-0.2625,3,A,422(E1),I,0.1049,2
-5.102,-6.986,3,A,422(E1),K,-7.035,1
0.2469,0.1114,3,A,422(E1),L,-0.07017,3
-1.793,-1.891,4,A,422(E1),M,-2.889,3
-4.691,-6.693,3,A,422(E1),N,-6.411,2
1.368,0.3931,1,A,422(E1),P,0.1889,1
-3.014,-4.277,1,A,422(E1),Q,,
-5.955,-7.347,1,A,422(E1),R,-8,1
-1.447,-1.344,7,A,422(E1),S,-0.9725,1
-0.8483,-0.616,47,A,422(E1),T,-0.6744,7
-0.6326,-0.4185,24,A,422(E1),V,0.2334,5
-1.259,-1.086,4,A,422(E1),W,-1.978,2
-2.41,-3.053,2,A,422(E1),Y,-3.354,1
-0.2855,-0.1623,1,V,423(E1),-,,
0.4708,0.1931,2,V,423(E1),A,-0.06515,2
-4.591,-6.607,5,V,423(E1),D,-7.188,3
-2.127,-2.496,2,V,423(E1),E,-1.957,1
2.8,0.5022,1,V,423(E1),F,0.9381,1
-1.159,-0.9591,1,V,423(E1),G,-1.226,1
-2.504,-3.243,3,V,423(E1),H,-3.54,2
-3.33,-4.879,5,V,423(E1),K,-5.101,2
-1.86,-2.007,6,V,423(E1),L,,
1.132,0.3558,7,V,423(E1),M,-0.7653,1
-1.606,-1.584,4,V,423(E1),N,-2.372,3
0.03327,0.01645,6,V,423(E1),P,0.05771,1
-1.219,-1.034,7,V,423(E1),Q,-1.767,3
-6.624,-7.486,5,V,423(E1),R,-8,4
-3.89,-5.796,1,V,423(E1),S,,
0.5243,0.2103,5,V,423(E1),T,-1.339,4
0,0,,V,423(E1),V,0,
-2.068,-2.384,2,V,423(E1),W,-2.683,2
-0.5994,-0.3908,1,V,423(E1),Y,,
-1.266,-1.095,2,A,424(E1),-,,
0,0,,A,424(E1),A,0,
-2.171,-2.58,8,A,424(E1),D,-2.803,4
-1.217,-1.031,3,A,424(E1),E,,
3.18,0.5131,3,A,424(E1),G,1.034,2
-2.025,-2.303,6,A,424(E1),H,-2.587,4
0.5162,0.2078,4,A,424(E1),I,-1.86,1
-3.168,-4.577,6,A,424(E1),K,-4.906,3
-0.5972,-0.389,2,A,424(E1),L,-1.329,2
-1.193,-1.001,4,A,424(E1),M,-2.445,1
0.7004,0.2613,2,A,424(E1),N,-0.1046,1
0.775,0.2805,5,A,424(E1),P,-0.5316,2
-1.57,-1.528,2,A,424(E1),Q,-1.825,1
-6.079,-7.38,3,A,424(E1),R,,
0.2521,0.1134,8,A,424(E1),S,-0.2719,2
-0.5524,-0.3529,21,A,424(E1),T,-1.837,1
-0.7897,-0.5592,8,A,424(E1),V,-0.5986,5
-1.076,-0.861,5,A,424(E1),W,-0.1504,2
-0.01444,-0.007289,3,A,424(E1),Y,0.108,2
-1.07,-0.8537,1,A,425(E1),-,,
0,0,,A,425(E1),A,0,
-0.0687,-0.03551,3,A,425(E1),C,0.2509,1
-4.526,-6.547,9,A,425(E1),D,-6.448,1
-4.617,-6.63,5,A,425(E1),E,-7.145,1
1.725,0.4359,3,A,425(E1),F,,
-0.686,-0.4645,4,A,425(E1),G,1.332,1
-3.428,-5.057,5,A,425(E1),H,-5.1,3
0.6759,0.2547,3,A,425(E1),I,0.7551,2
-4.764,-6.753,2,A,425(E1),K,-7.086,2
-0.345,-0.2013,6,A,425(E1),L,-0.627,3
0.3969,0.168,7,A,425(E1),M,0.7633,4
-5.85,-7.316,4,A,425(E1),N,-7.556,2
-2.786,-3.819,1,A,425(E1),P,-4.123,1
-2.998,-4.245,4,A,425(E1),Q,-4.705,3
-6.86,-7.517,4,A,425(E1),R,-8,1
-0.7493,-0.5214,7,A,425(E1),S,-0.2971,4
-0.1275,-0.06761,25,A,425(E1),T,-2.484,2
-0.6065,-0.3967,9,A,425(E1),V,-0.889,2
1.578,0.42,2,A,425(E1),W,,
-3.22,-4.675,1,A,425(E1),Y,,
-0.1922,-0.1048,1,L,426(E1),-,,
0.4,0.1691,3,L,426(E1),A,,
0.04834,0.02375,6,L,426(E1),C,-2.644,1
-2.837,-3.922,6,L,426(E1),E,-3.916,4
1.729,0.4362,2,L,426(E1),F,,
0.6558,0.2492,3,L,426(E1),G,,
-1.978,-2.217,2,L,426(E1),H,-2.312,2
2.336,0.4817,3,L,426(E1),I,2.365,1
-3.341,-4.9,5,L,426(E1),K,-5.617,1
0,0,,L,426(E1),L,0,
1.007,0.3322,5,L,426(E1),M,0.2304,5
-1.267,-1.096,4,L,426(E1),N,-0.5245,1
-1.589,-1.558,10,L,426(E1),P,-1.477,3
0.04499,0.02214,1,L,426(E1),Q,-0.2392,1
-6.57,-7.478,7,L,426(E1),R,-7.889,2
0.9398,0.3184,2,L,426(E1),S,0.5844,1
-1.06,-0.8418,1,L,426(E1),W,,
-2.006,-2.268,6,L,426(E1),Y,-1.906,4
-1.138,-0.9343,1,I,427(E1),-,,
-2.506,-3.246,4,I,427(E1),A,-4.032,2
2.746,0.5002,1,I,427(E1),C,0.8875,1
-2.478,-3.189,4,I,427(E1),D,-3.485,3
-1.396,-1.27,1,I,427(E1),E,,
-1.031,-0.8094,1,I,427(E1),F,,
-1.24,-1.061,5,I,427(E1),G,-1.344,4
-1.068,-0.8512,1,I,427(E1),H,,
0,0,,I,427(E1),I,0,
-5.102,-6.986,3,I,427(E1),K,,
-0.1302,-0.06911,4,I,427(E1),L,,
-0.4223,-0.2548,2,I,427(E1),M,-0.6863,1
-1.029,-0.8067,6,I,427(E1),N,-1.376,1
0.302,0.1331,4,I,427(E1),P,,
-0.5806,-0.3755,2,I,427(E1),Q,-0.6321,1
-6.683,-7.495,5,I,427(E1),R,-8,3
-0.6678,-0.4486,5,I,427(E1),S,-0.8363,3
0.5377,0.2145,7,I,427(E1),T,0.8565,3
-0.3378,-0.1964,2,I,427(E1),V,-0.5945,1
-0.7451,-0.5176,4,I,427(E1),W,-0.06179,1
-0.2465,-0.1377,2,I,427(E1),Y,-0.04382,1
-0.6863,-0.4647,2,L,428(E1),-,,
-1.076,-0.8609,7,L,428(E1),A,-2.02,3
0.3955,0.1675,3,L,428(E1),C,0.6668,2
-2.32,-2.873,3,L,428(E1),D,-2.979,1
-1.043,-0.8223,2,L,428(E1),E,-1.174,2
-0.4311,-0.2611,5,L,428(E1),F,-0.7298,2
-1.146,-0.9429,3,L,428(E1),G,-1.226,3
-1.278,-1.111,7,L,428(E1),H,-1.477,4
-1.147,-0.9442,4,L,428(E1),I,-1.16,3
-1.307,-1.148,2,L,428(E1),K,-2.199,2
0,0,,L,428(E1),L,0,
-0.673,-0.4531,11,L,428(E1),M,-1.171,3
-0.5535,-0.3538,3,L,428(E1),N,-0.6123,2
-1.059,-0.841,8,L,428(E1),P,,
-0.989,-0.7626,2,L,428(E1),Q,-1.062,2
-2.371,-2.975,7,L,428(E1),R,-2.906,3
-2.182,-2.601,3,L,428(E1),S,-5.013,2
3.284,0.5155,4,L,428(E1),T,,
0.9595,0.3226,4,L,428(E1),V,1.041,1
0.6126,0.2369,5,L,428(E1),W,,
-0.2161,-0.1191,3,L,428(E1),Y,0.6651,1
-0.7186,-0.4935,2,I,429(E1),-,,
-5.098,-6.984,2,I,429(E1),A,-8,1
-0.606,-0.3962,2,I,429(E1),C,-0.3347,1
-4.283,-6.296,2,I,429(E1),D,-6.621,1
-3.921,-5.84,3,I,429(E1),E,-6.12,1
-0.5275,-0.3333,5,I,429(E1),F,-0.6731,4
-0.4993,-0.3116,1,I,429(E1),G,,
-3.115,-4.475,5,I,429(E1),H,-4.582,1
0,0,,I,429(E1),I,0,
-1.309,-1.152,3,I,429(E1),K,,
1.546,0.4163,6,I,429(E1),L,0.8502,2
-0.1724,-0.09327,10,I,429(E1),M,-2.358,5
-2.561,-3.359,7,I,429(E1),N,-3.515,3
-3.11,-4.464,1,I,429(E1),P,,
-2.968,-4.186,3,I,429(E1),Q,-4.466,2
-5.853,-7.317,3,I,429(E1),R,-7.878,1
0.09216,0.04442,5,I,429(E1),S,-0.176,5
-0.8888,-0.6568,2,I,429(E1),T,-1.007,2
-0.1656,-0.08928,3,I,429(E1),V,-0.06205,2
-1.612,-1.593,9,I,429(E1),W,-1.379,3
-1.533,-1.471,3,I,429(E1),Y,-1.753,2
-0.02446,-0.0124,2,V,430(E1),-,,
-0.6784,-0.4578,4,V,430(E1),A,-1.189,2
-1.131,-0.9259,5,V,430(E1),C,-1.148,2
-2.571,-3.38,5,V,430(E1),D,-3.25,2
-2.909,-4.066,4,V,430(E1),E,-4.195,3
-0.6348,-0.4203,10,V,430(E1),F,-0.3656,6
-1.153,-0.9517,4,V,430(E1),G,-1.21,1
-1.884,-2.048,4,V,430(E1),H,-2.522,2
0.247,0.1114,13,V,430(E1),I,-1.414,2
-2.945,-4.138,8,V,430(E1),K,-3.544,3
-1.421,-1.307,1,V,430(E1),L,,
-0.4711,-0.2904,1,V,430(E1),M,-0.5664,1
-2.018,-2.291,2,V,430(E1),P,,
-0.6673,-0.4481,3,V,430(E1),Q,,
-2.491,-3.215,5,V,430(E1),R,-4.418,2
-0.2607,-0.1466,3,V,430(E1),S,-0.7038,1
1.496,0.4102,5,V,430(E1),T,0.6799,2
0,0,,V,430(E1),V,0,
-0.1727,-0.09344,4,V,430(E1),W,-1.178,1
-0.7157,-0.4909,5,V,430(E1),Y,-0.3792,5
-1.142,-0.9385,1,V,431(E1),-,,
-0.9425,-0.7125,8,V,431(E1),A,-3.569,2
-1.404,-1.282,3,V,431(E1),C,-1.364,2
-2.683,-3.607,4,V,431(E1),D,-3.468,2
-1.865,-2.015,2,V,431(E1),E,,
-1.852,-1.993,2,V,431(E1),F,-3.581,1
-3.021,-4.291,1,V,431(E1),G,,
-1.968,-2.2,4,V,431(E1),H,-2.274,1
-1.54,-1.482,4,V,431(E1),I,-0.09997,1
-2.456,-3.146,6,V,431(E1),K,-3.199,4
1.07,0.3445,8,V,431(E1),L,-1.651,2
-2.996,-4.24,14,V,431(E1),M,-2.505,3
-0.6197,-0.4076,1,V,431(E1),N,-0.6686,1
-2.248,-2.73,2,V,431(E1),P,,
-1.141,-0.9375,4,V,431(E1),Q,-0.7127,1
-2.296,-2.824,7,V,431(E1),R,-2.933,3
1.005,0.3318,5,V,431(E1),S,0.5953,1
1.201,0.3676,2,V,431(E1),T,0.4949,1
0,0,,V,431(E1),V,0,
-2.184,-2.605,5,V,431(E1),W,-2.887,3
-2.444,-3.121,1,L,432(E1),-,,
-1.071,-0.8546,6,L,432(E1),A,-0.6502,1
-1.223,-1.039,4,L,432(E1),C,0.6129,1
-1.627,-1.617,1,L,432(E1),D,,
2.52,0.491,3,L,432(E1),E,0.4126,3
1.996,0.4596,8,L,432(E1),F,0.4354,3
-1.264,-1.091,5,L,432(E1),G,-0.2715,1
0.6817,0.2563,2,L,432(E1),H,-0.6302,1
-1.329,-1.178,1,L,432(E1),K,-1.488,1
0,0,,L,432(E1),L,0,
0.2499,0.1126,7,L,432(E1),M,-2.161,1
0.62,0.2391,4,L,432(E1),N,0.4553,1
-1.781,-1.87,8,L,432(E1),P,-2.191,1
0.1339,0.06338,3,L,432(E1),Q,-0.9121,1
0.29,0.1284,5,L,432(E1),R,0.6901,1
0.4075,0.1717,4,L,432(E1),S,-0.4715,3
3.836,0.5246,3,L,432(E1),T,,
0.2309,0.1049,5,L,432(E1),V,-2.083,1
2.286,0.4789,4,L,432(E1),W,0.4433,4
2.207,0.4742,6,L,432(E1),Y,0.7778,3
-6.889,-7.521,10,C,433(E1),*,,
-1.059,-0.8411,5,C,433(E1),A,0.6594,1
0,0,,C,433(E1),C,0,
-4.6,-6.615,5,C,433(E1),D,-6.875,3
-1.328,-1.177,13,C,433(E1),F,-1.41,3
-0.9017,-0.6699,3,C,433(E1),G,0.06765,2
-2.033,-2.319,1,C,433(E1),H,,
0.8771,0.3047,2,C,433(E1),I,-1.21,1
-0.3538,-0.2072,2,C,433(E1),K,-1.046,1
-1.69,-1.718,3,C,433(E1),L,-2.005,2
-3.085,-4.416,2,C,433(E1),M,-4.829,1
-1.16,-0.9608,5,C,433(E1),N,-1.078,3
-1.312,-1.155,3,C,433(E1),P,-1.094,1
-2.349,-2.929,2,C,433(E1),Q,-3.198,2
0.1613,0.07546,8,C,433(E1),R,-1.1,2
-0.4741,-0.2927,4,C,433(E1),S,1.451,1
-0.8877,-0.6556,5,C,433(E1),T,-0.5029,1
-1.234,-1.053,1,C,433(E1),V,,
-1.993,-2.246,1,C,433(E1),W,-2.513,1
-1.374,-1.24,20,C,433(E1),Y,-1.415,3
-0.1749,-0.09472,9,V,434(E1),A,0.213,2
-1.659,-1.668,5,V,434(E1),C,0.7086,1
-0.8288,-0.5969,3,V,434(E1),D,0.9739,1
0.09236,0.04452,4,V,434(E1),E,-0.139,2
-0.1577,-0.08474,8,V,434(E1),F,-0.3398,5
-0.8689,-0.6365,2,V,434(E1),G,-0.7974,1
1.024,0.3356,5,V,434(E1),H,0.3466,1
2.006,0.4604,8,V,434(E1),I,0.05737,3
-0.03426,-0.01744,10,V,434(E1),L,-0.3658,4
-0.5947,-0.387,21,V,434(E1),M,-0.6226,4
2.963,0.5074,2,V,434(E1),N,0.6827,2
0.4925,0.2002,8,V,434(E1),P,-1.269,3
0.01614,0.00804,2,V,434(E1),Q,-0.259,2
-0.1408,-0.07513,5,V,434(E1),R,0.9704,1
-0.3158,-0.1819,11,V,434(E1),S,0.001568,7
-0.6931,-0.4707,9,V,434(E1),T,-1.098,3
0,0,,V,434(E1),V,0,
2.504,0.4902,1,V,434(E1),W,0.7126,1
-0.3714,-0.2192,7,V,434(E1),Y,-1.423,4
-0.7141,-0.4894,4,S,435(E1),C,-1.591,1
-0.1501,-0.0804,2,S,435(E1),D,-0.369,2
0.1147,0.05477,4,S,435(E1),E,-0.5633,1
-0.3159,-0.1819,6,S,435(E1),F,0.182,3
-0.4577,-0.2805,2,S,435(E1),G,-1.891,1
-1.782,-1.871,4,S,435(E1),I,-2.422,2
-2.044,-2.34,3,S,435(E1),K,-2.885,2
-1.101,-0.8894,6,S,435(E1),L,-1.374,4
-1.551,-1.499,1,S,435(E1),M,-1.778,1
3.258,0.5149,3,S,435(E1),N,1.012,3
1.265,0.3779,12,S,435(E1),P,-1.571,2
-0.1498,-0.08023,4,S,435(E1),Q,-0.1402,3
-0.8751,-0.6428,4,S,435(E1),R,-2.008,2
0,0,,S,435(E1),S,0,
0.2453,0.1107,2,S,435(E1),T,0.743,1
-2.026,-2.306,4,S,435(E1),V,-2.978,1
0.2925,0.1294,4,S,435(E1),W,,
0.4845,0.1976,10,S,435(E1),Y,-0.984,2
3.063,0.5102,4,F,436(E1),A,-1.611,2
1.27,0.3786,2,F,436(E1),C,,
-0.174,-0.09416,1,F,436(E1),D,-0.3935,1
1.207,0.3685,4,F,436(E1),E,-0.7893,2
0,0,,F,436(E1),F,0,
2.306,0.4801,3,F,436(E1),G,,
1.258,0.3769,5,F,436(E1),H,0.2511,1
-1.225,-1.042,8,F,436(E1),I,-1.555,3
3.152,0.5124,5,F,436(E1),K,0.4984,3
-1.31,-1.152,9,F,436(E1),L,-1.51,2
-0.9514,-0.7219,6,F,436(E1),M,-0.6287,1
2.311,0.4804,9,F,436(E1),N,0.3271,3
2.633,0.4959,3,F,436(E1),P,0.9243,1
0.443,0.1839,4,F,436(E1),Q,0.8422,2
0.6669,0.2522,1,F,436(E1),R,,
0.05118,0.02511,13,F,436(E1),S,0.4791,5
0.109,0.05214,3,F,436(E1),T,-1.134,1
-0.5064,-0.317,12,F,436(E1),V,-1.02,5
0.659,0.2501,3,F,436(E1),W,0.7141,2
0.07046,0.03428,2,F,436(E1),Y,,
-0.3821,-0.2266,3,S,437(E1),A,-0.03842,2
-0.5242,-0.3307,7,S,437(E1),C,-1.155,1
-0.223,-0.1233,7,S,437(E1),E,0.3513,2
-0.3961,-0.2363,6,S,437(E1),F,0.08738,3
1.169,0.3622,6,S,437(E1),G,-0.2022,1
1.32,0.3863,4,S,437(E1),H,0.3072,4
-1.1,-0.8882,5,S,437(E1),I,-1.804,3
4.864,0.5325,3,S,437(E1),K,,
-1.514,-1.442,5,S,437(E1),L,-1.16,2
-1.439,-1.332,5,S,437(E1),M,-1.578,3
0.1842,0.08533,15,S,437(E1),N,-0.2396,2
0.446,0.1849,9,S,437(E1),P,0.4374,4
1.19,0.3658,8,S,437(E1),Q,-0.4335,3
3.079,0.5106,9,S,437(E1),R,-0.2672,2
0,0,,S,437(E1),S,0,
-0.4638,-0.285,1,S,437(E1),T,,
-0.1732,-0.09372,9,S,437(E1),V,-0.8372,7
0.406,0.1712,6,S,437(E1),W,-0.3157,4
0.6606,0.2505,2,S,437(E1),Y,-1.67,1
-0.6775,-0.457,5,R,438(E1),A,-0.5394,1
-1.711,-1.753,4,R,438(E1),C,-2.716,3
-1.264,-1.092,5,R,438(E1),D,-1.488,2
0.8017,0.287,1,R,438(E1),E,,
0.6008,0.2335,6,R,438(E1),F,-0.5225,2
-1.462,-1.366,3,R,438(E1),G,,
-0.09317,-0.04868,5,R,438(E1),H,-0.9999,2
-0.5652,-0.3631,1,R,438(E1),I,-0.6241,1
-0.3185,-0.1837,6,R,438(E1),K,-1.025,1
-1.169,-0.9709,7,R,438(E1),L,-0.9722,3
-0.8425,-0.6103,3,R,438(E1),M,-0.4414,1
0.1007,0.04835,5,R,438(E1),N,-0.5697,4
2.892,0.5052,1,R,438(E1),P,1.039,1
0.2082,0.09547,16,R,438(E1),Q,-0.9695,6
0,0,,R,438(E1),R,0,
0.8119,0.2895,4,R,438(E1),S,0.05612,3
-1.372,-1.237,2,R,438(E1),T,-1.2,1
-1.424,-1.31,4,R,438(E1),V,-1.998,3
-0.9146,-0.6833,7,R,438(E1),W,,
-1.967,-2.197,3,R,438(E1),Y,-0.6854,1
-1.173,-0.9761,4,H,439(E1),A,-0.6339,1
-0.5326,-0.3373,6,H,439(E1),C,-0.5418,4
-1.471,-1.378,6,H,439(E1),D,-1.903,5
-0.1257,-0.0666,4,H,439(E1),E,0.5841,2
-0.5725,-0.3689,2,H,439(E1),F,,
-1.154,-0.9536,5,H,439(E1),G,-1.503,4
0,0,,H,439(E1),H,0,
-0.7486,-0.5208,4,H,439(E1),I,-1.238,1
1.295,0.3826,4,H,439(E1),K,-0.1391,1
1.555,0.4174,3,H,439(E1),L,-0.753,1
0.7897,0.2841,2,H,439(E1),M,,
0.7766,0.2809,8,H,439(E1),N,-0.201,2
-0.581,-0.3758,9,H,439(E1),P,-0.876,4
-1.044,-0.8233,10,H,439(E1),Q,-0.8236,2
1.297,0.3828,6,H,439(E1),R,0.09222,3
-0.8081,-0.5768,6,H,439(E1),S,-1.427,2
-0.6822,-0.4611,7,H,439(E1),T,1.132,1
-0.7653,-0.5363,2,H,439(E1),V,-1.504,1
-0.09742,-0.05099,6,H,439(E1),W,-0.9319,2
-0.9421,-0.7121,15,H,439(E1),Y,-0.1112,3
0,0,,*,440(E1),*,0,
0.9006,0.3099,1,*,440(E1),K,,
-3.371,-4.955,3,*,440(E1),Q,-5.25,1
-1.631,-1.623,4,*,440(E1),Y,-2.452,1
