latent_phenotype_effect,functional_effect,times_seen,wildtype,site,mutant,functional_effect_singlemut,times_seen_singlemut
-5.032,-7.339,17,M,-1(E3),I,-8,3
-1.797,-3.377,1,M,-1(E3),L,,
0,0,,M,-1(E3),M,0,
-6.854,-7.595,6,M,-1(E3),T,-8,1
-5.568,-7.464,3,M,-1(E3),V,-8,2
-0.2432,-0.3173,11,S,1(E3),A,-0.7331,2
-0.4678,-0.6556,12,S,1(E3),C,-0.9156,8
0.3953,0.4138,8,S,1(E3),D,0.7305,1
0.1817,0.2052,5,S,1(E3),E,-0.1299,4
0.3549,0.3769,7,S,1(E3),F,-0.4566,4
-1.095,-1.821,17,S,1(E3),G,-1.887,3
0.4936,0.4989,12,S,1(E3),H,-0.01525,6
0.3841,0.4037,7,S,1(E3),I,1.404,3
-0.3072,-0.4093,8,S,1(E3),K,-0.5158,7
-0.3488,-0.4708,11,S,1(E3),L,-0.7212,6
-0.3936,-0.539,10,S,1(E3),M,-0.9796,6
0.7555,0.6955,14,S,1(E3),N,-2.166,3
-0.6629,-0.9849,10,S,1(E3),P,-1.479,5
-1.16,-1.958,4,S,1(E3),Q,-2.647,3
-1.41,-2.505,13,S,1(E3),R,-2.789,4
0,0,,S,1(E3),S,0,
-0.1769,-0.2258,11,S,1(E3),T,-0.5742,6
-0.6048,-0.8835,17,S,1(E3),V,-1.184,9
-1.043,-1.713,12,S,1(E3),W,-1.692,7
-0.2895,-0.3834,8,S,1(E3),Y,0.3819,1
-4.583,-7.174,5,L,2(E3),*,-7.482,3
-0.5338,-0.7635,5,L,2(E3),A,-1.117,4
-0.3853,-0.5263,11,L,2(E3),C,-0.7702,5
-5.075,-7.352,6,L,2(E3),D,-7.85,2
-5.684,-7.483,9,L,2(E3),E,-8,5
-0.7061,-1.062,4,L,2(E3),F,-1.377,2
-0.2277,-0.2956,10,L,2(E3),G,-0.6705,6
-1.095,-1.822,7,L,2(E3),H,-1.501,2
1.301,0.9881,9,L,2(E3),I,1.287,3
-2.836,-5.475,10,L,2(E3),K,-5.639,7
0,0,,L,2(E3),L,0,
-0.9312,-1.489,16,L,2(E3),M,-0.7779,4
-1.693,-3.142,13,L,2(E3),N,-3.832,7
-1.295,-2.25,13,L,2(E3),P,-2.431,6
-2.286,-4.446,14,L,2(E3),Q,-4.643,4
-2.199,-4.264,9,L,2(E3),R,-4.93,5
-1.461,-2.618,9,L,2(E3),S,-2.449,5
-0.75,-1.142,12,L,2(E3),T,-1.226,6
-0.4608,-0.6444,9,L,2(E3),V,-0.8028,3
-0.151,-0.191,8,L,2(E3),W,-0.6032,5
0.5252,0.525,4,L,2(E3),Y,-0.6089,2
0,0,,A,3(E3),A,0,
-0.2145,-0.2773,8,A,3(E3),C,-0.5799,3
-4.801,-7.263,10,A,3(E3),D,-8,5
-2.562,-4.991,5,A,3(E3),E,-6.136,4
-0.03718,-0.04528,10,A,3(E3),F,-0.7963,4
-0.6526,-0.9668,14,A,3(E3),G,-0.9288,6
-1.742,-3.252,14,A,3(E3),H,-3.521,7
-0.3284,-0.4405,4,A,3(E3),I,-0.4399,2
-5.78,-7.498,10,A,3(E3),K,-8,7
1.341,1.005,11,A,3(E3),L,0.1063,3
0.5485,0.5437,7,A,3(E3),M,0.4062,4
-0.06971,-0.08582,6,A,3(E3),N,-0.1559,3
-0.06088,-0.07473,10,A,3(E3),P,-0.2588,5
-0.164,-0.2084,6,A,3(E3),Q,0.3115,2
-2.518,-4.909,13,A,3(E3),R,-4.951,4
-0.4367,-0.6062,18,A,3(E3),S,-0.6808,6
0.2674,0.2929,38,A,3(E3),T,-0.1541,7
0.07595,0.08895,35,A,3(E3),V,0.009759,11
-0.08087,-0.09995,7,A,3(E3),W,0.05842,3
-0.3075,-0.4097,10,A,3(E3),Y,-0.1368,5
-5.432,-7.438,15,I,4(E3),*,-8,9
-4.731,-7.236,9,I,4(E3),A,-8,4
-4.269,-7.013,14,I,4(E3),C,-8,6
-4.513,-7.142,6,I,4(E3),D,-8,2
-3.922,-6.776,11,I,4(E3),E,-7.493,6
-0.9489,-1.524,16,I,4(E3),F,-0.8047,7
-5.2,-7.385,9,I,4(E3),G,-8,4
-4.067,-6.883,4,I,4(E3),H,-8,3
0,0,,I,4(E3),I,0,
-5.056,-7.346,10,I,4(E3),K,-8,4
-0.07607,-0.09387,10,I,4(E3),L,0.08327,5
-0.4693,-0.6581,14,I,4(E3),M,-0.7601,10
-3.893,-6.752,13,I,4(E3),N,-6.875,4
-5.418,-7.435,11,I,4(E3),P,-8,8
-5.742,-7.492,15,I,4(E3),Q,-8,6
-11.45,-7.645,9,I,4(E3),R,-8,5
-6.804,-7.592,11,I,4(E3),S,-8,4
-6.044,-7.532,12,I,4(E3),T,-8,7
-0.7817,-1.201,21,I,4(E3),V,-0.9945,12
-0.7794,-1.197,16,I,4(E3),W,-1.537,10
-2.131,-4.118,8,I,4(E3),Y,-3.866,5
-0.4502,-0.6275,13,P,5(E3),A,-1.288,6
-0.2769,-0.3652,9,P,5(E3),C,-0.685,5
-5.845,-7.507,10,P,5(E3),D,-8,6
-2.258,-4.388,12,P,5(E3),E,-6.255,2
-0.9611,-1.548,9,P,5(E3),F,-2.121,7
-0.5055,-0.7168,8,P,5(E3),G,-1.013,4
-0.4239,-0.586,20,P,5(E3),H,-0.4558,8
-0.6523,-0.9663,16,P,5(E3),I,-1.261,10
-1.64,-3.021,12,P,5(E3),K,-4.166,5
-1.589,-2.906,28,P,5(E3),L,-2.631,8
-1.654,-3.053,9,P,5(E3),M,-3.532,3
-0.6532,-0.9678,7,P,5(E3),N,-2.547,3
0,0,,P,5(E3),P,0,
-1.834,-3.46,18,P,5(E3),Q,-3.069,6
-1.727,-3.22,15,P,5(E3),R,-3.643,5
-0.3111,-0.4149,12,P,5(E3),S,-1.459,4
-0.06773,-0.08334,12,P,5(E3),T,0.2636,6
-1.479,-2.659,12,P,5(E3),V,-3.195,5
-1.8,-3.384,15,P,5(E3),W,-3.648,10
-0.8457,-1.322,8,P,5(E3),Y,-1.761,3
-5.767,-7.496,22,V,6(E3),*,-8,14
-3.773,-6.651,15,V,6(E3),A,-7.185,7
-4.108,-6.911,12,V,6(E3),C,-7.822,7
-3.88,-6.742,8,V,6(E3),D,-6.444,3
-5.338,-7.418,11,V,6(E3),E,-8,6
-0.1403,-0.1768,12,V,6(E3),F,-0.7165,3
-4.936,-7.309,12,V,6(E3),G,-8,7
-5.544,-7.459,12,V,6(E3),H,-8,7
-1.111,-1.855,10,V,6(E3),I,-2.061,3
-5.097,-7.358,5,V,6(E3),K,-8,1
-0.1016,-0.1265,19,V,6(E3),L,0.2701,4
-0.1153,-0.1442,26,V,6(E3),M,-0.4223,10
-4.809,-7.266,13,V,6(E3),N,-7.589,7
-5.813,-7.503,17,V,6(E3),P,-8,6
-6.507,-7.574,11,V,6(E3),Q,-8,5
-4.351,-7.059,4,V,6(E3),R,-6.431,1
-6.324,-7.559,16,V,6(E3),S,-8,7
-4.124,-6.922,23,V,6(E3),T,-7.599,12
0,0,,V,6(E3),V,0,
-0.7817,-1.201,7,V,6(E3),W,-2.995,2
-2.144,-4.145,13,V,6(E3),Y,-6.753,5
-1.748,-3.267,6,M,7(E3),A,-3.639,4
-2.229,-4.326,12,M,7(E3),C,-3.951,7
-5.003,-7.33,5,M,7(E3),D,-7.692,4
-6.037,-7.531,7,M,7(E3),E,-8,3
0.6922,0.6518,10,M,7(E3),F,0.7016,1
-5.201,-7.386,11,M,7(E3),G,-8,5
-5.447,-7.441,8,M,7(E3),H,-8,5
0.2832,0.3085,22,M,7(E3),I,0.1478,5
-4.157,-6.943,6,M,7(E3),K,-6.368,2
-0.2483,-0.3245,13,M,7(E3),L,-0.2391,7
0,0,,M,7(E3),M,0,
-4.027,-6.855,10,M,7(E3),N,-7.104,7
-4.778,-7.254,9,M,7(E3),P,-7.649,4
-4.966,-7.319,12,M,7(E3),Q,-8,8
-6.344,-7.561,6,M,7(E3),R,-8,3
-4.953,-7.315,14,M,7(E3),S,-8,7
-4.388,-7.079,14,M,7(E3),T,-7.717,5
-1.227,-2.101,17,M,7(E3),V,-2.414,7
-0.4157,-0.5732,11,M,7(E3),W,-0.9536,4
-0.3384,-0.4554,4,M,7(E3),Y,-1.312,1
-4.37,-7.07,6,C,8(E3),*,-8,3
-2.094,-4.037,16,C,8(E3),A,-4.22,12
0,0,,C,8(E3),C,0,
-5.71,-7.487,9,C,8(E3),D,-8,4
-6.017,-7.529,10,C,8(E3),E,-8,4
-0.8533,-1.337,11,C,8(E3),F,-1.953,4
-5.779,-7.498,10,C,8(E3),G,-8,10
-6.213,-7.549,9,C,8(E3),H,-8,5
-1.257,-2.167,7,C,8(E3),I,-2.506,3
-5.065,-7.349,9,C,8(E3),K,-8,7
-1.128,-1.892,5,C,8(E3),L,-1.928,3
0.1021,0.1185,3,C,8(E3),M,-1.721,2
-5.101,-7.359,3,C,8(E3),N,-8,1
-5.747,-7.493,4,C,8(E3),P,-8,3
-5.622,-7.473,7,C,8(E3),Q,-8,7
-6.125,-7.541,8,C,8(E3),R,-8,5
-4.575,-7.171,14,C,8(E3),S,-8,5
-1.41,-2.504,7,C,8(E3),T,-2.551,5
-1.322,-2.309,4,C,8(E3),V,-2.019,2
-2.073,-3.992,11,C,8(E3),W,-3.682,3
-2.18,-4.223,19,C,8(E3),Y,-4.142,7
-3.011,-5.751,12,L,9(E3),A,-6.212,6
-2.614,-5.088,10,L,9(E3),C,-4.443,5
-5.22,-7.39,6,L,9(E3),D,-8,5
-5.23,-7.393,7,L,9(E3),E,-8,1
0.3579,0.3797,9,L,9(E3),F,-0.7689,3
-5.589,-7.468,10,L,9(E3),G,-7.527,4
-4.477,-7.125,14,L,9(E3),H,-8,8
1.122,0.9068,7,L,9(E3),I,-0.3499,1
-5.106,-7.36,7,L,9(E3),K,-8,4
0,0,,L,9(E3),L,0,
-1.094,-1.82,13,L,9(E3),M,-2.878,6
-5.389,-7.429,10,L,9(E3),N,-8,5
-4.497,-7.134,13,L,9(E3),P,-7.488,7
-4.326,-7.046,7,L,9(E3),Q,-8,3
-5.429,-7.437,10,L,9(E3),R,-8,3
-5.207,-7.387,6,L,9(E3),S,-8,3
-5.264,-7.401,22,L,9(E3),T,-8,10
-0.6163,-0.9034,17,L,9(E3),V,-0.9101,11
-0.9247,-1.476,7,L,9(E3),W,-1.822,3
-0.9918,-1.61,7,L,9(E3),Y,-2.512,5
-5.015,-7.334,4,L,10(E3),*,-8,2
-0.1393,-0.1756,1,L,10(E3),-,,
-5.968,-7.523,12,L,10(E3),A,-8,8
-4.332,-7.049,14,L,10(E3),C,-7.829,11
-6.126,-7.541,8,L,10(E3),D,-8,3
-2.917,-5.606,3,L,10(E3),E,-5.724,1
-1.569,-2.86,11,L,10(E3),F,-3.718,4
-4.968,-7.32,11,L,10(E3),G,-8,7
-5.544,-7.459,11,L,10(E3),H,-8,7
-1.584,-2.894,9,L,10(E3),I,-3.148,5
-4.976,-7.322,8,L,10(E3),K,-8,6
0,0,,L,10(E3),L,0,
-1.798,-3.38,11,L,10(E3),M,-3.661,3
-4.371,-7.07,8,L,10(E3),N,-8,5
-4.575,-7.171,17,L,10(E3),P,-8,8
-5.746,-7.493,15,L,10(E3),Q,-8,9
-5.331,-7.416,11,L,10(E3),R,-8,6
-5.452,-7.442,9,L,10(E3),S,-8,5
-4.967,-7.319,5,L,10(E3),T,-7.7,2
-4.453,-7.113,10,L,10(E3),V,-7.217,4
-5.023,-7.336,3,L,10(E3),W,-8,1
-3.429,-6.302,11,L,10(E3),Y,-6.951,4
-1.382,-2.442,1,A,11(E3),-,,
0,0,,A,11(E3),A,0,
-0.7609,-1.162,7,A,11(E3),C,-2.412,3
-4.38,-7.075,10,A,11(E3),D,-7.618,4
-6.175,-7.546,8,A,11(E3),E,-8,5
0.3871,0.4064,8,A,11(E3),F,-0.47,4
-2.16,-4.18,15,A,11(E3),G,-4.093,6
-2.416,-4.71,12,A,11(E3),H,-5.356,10
-0.3702,-0.5032,5,A,11(E3),I,-1.3,4
-4.111,-6.913,12,A,11(E3),K,-6.994,6
0.1246,0.1435,9,A,11(E3),L,0.2617,6
1.787,1.152,3,A,11(E3),M,0.5345,2
-4.186,-6.962,9,A,11(E3),N,-8,5
-4.804,-7.264,14,A,11(E3),P,-8,7
-0.6166,-0.9039,8,A,11(E3),Q,-0.7354,4
-5.35,-7.421,7,A,11(E3),R,-8,4
-0.8855,-1.399,8,A,11(E3),S,-1.804,4
-0.6431,-0.9501,22,A,11(E3),T,-0.6543,2
-0.06564,-0.0807,13,A,11(E3),V,1.186,1
0.5242,0.5241,6,A,11(E3),W,-0.7307,2
0.79,0.7184,4,A,11(E3),Y,0.8494,1
-5.264,-7.401,7,N,12(E3),*,-8,3
-1.534,-2.782,1,N,12(E3),-,,
-0.6655,-0.9896,15,N,12(E3),A,-1.228,8
-1.688,-3.132,15,N,12(E3),C,-2.759,7
-5.448,-7.441,14,N,12(E3),D,-8,6
-4.579,-7.173,13,N,12(E3),E,-7.567,6
-1.145,-1.926,17,N,12(E3),F,-1.815,10
-0.7161,-1.08,13,N,12(E3),G,-1.25,5
-0.5793,-0.84,20,N,12(E3),H,-0.6159,8
-2.65,-5.153,10,N,12(E3),I,-6.041,4
-4.293,-7.027,16,N,12(E3),K,-8,7
-1.004,-1.636,17,N,12(E3),L,-1.704,9
-0.7471,-1.137,9,N,12(E3),M,-1.223,4
0,0,,N,12(E3),N,0,
-5.293,-7.408,17,N,12(E3),P,-8,5
-0.1269,-0.1593,4,N,12(E3),Q,-0.4741,2
-1.656,-3.058,11,N,12(E3),R,-3.588,6
-0.4147,-0.5716,22,N,12(E3),S,-1.023,11
-0.3306,-0.4438,17,N,12(E3),T,-0.9698,9
-1.306,-2.274,13,N,12(E3),V,-2.497,8
-0.8891,-1.406,8,N,12(E3),W,-1.338,3
-0.3981,-0.546,13,N,12(E3),Y,-0.391,5
-1.507,-2.721,1,T,13(E3),-,,
0.6595,0.6283,11,T,13(E3),A,1.161,5
-0.695,-1.042,10,T,13(E3),C,-1.414,8
-5.547,-7.46,11,T,13(E3),D,-8,7
-5.145,-7.371,11,T,13(E3),E,-7.726,4
-0.09708,-0.1206,12,T,13(E3),F,-0.4436,8
-2.889,-5.563,8,T,13(E3),G,-5.88,3
-2.351,-4.579,6,T,13(E3),H,-5.602,2
-0.4966,-0.7022,9,T,13(E3),I,-1.143,4
-5.014,-7.334,8,T,13(E3),K,-6.307,2
-0.03515,-0.04277,5,T,13(E3),L,-0.03785,2
-0.6833,-1.021,5,T,13(E3),M,-1.134,3
-3.449,-6.325,16,T,13(E3),N,-6.131,7
-5.795,-7.5,13,T,13(E3),P,-8,2
-1.233,-2.115,6,T,13(E3),Q,-3.671,2
-5.726,-7.49,18,T,13(E3),R,-8,9
-0.4442,-0.618,9,T,13(E3),S,-0.8859,4
0,0,,T,13(E3),T,0,
0.6369,0.6117,10,T,13(E3),V,-0.4922,1
-0.0662,-0.08141,10,T,13(E3),W,-0.6813,8
-0.4042,-0.5554,7,T,13(E3),Y,-0.5354,4
-4.233,-6.991,14,T,14(E3),*,-7.518,10
-0.1433,-0.1808,2,T,14(E3),-,,
-0.1384,-0.1744,12,T,14(E3),A,-0.4125,4
-1.045,-1.718,10,T,14(E3),C,-1.604,4
-0.7258,-1.098,7,T,14(E3),D,-0.8189,6
-0.4067,-0.5592,6,T,14(E3),E,-1.774,3
-1.738,-3.243,15,T,14(E3),F,-3.31,4
-0.09164,-0.1137,9,T,14(E3),G,-0.2897,4
-0.127,-0.1594,9,T,14(E3),H,-0.817,6
-1.048,-1.725,9,T,14(E3),I,-1.224,3
-0.9225,-1.471,7,T,14(E3),K,-1.03,4
-0.2639,-0.3467,9,T,14(E3),L,-0.2949,4
-0.4765,-0.6697,10,T,14(E3),M,-0.02629,5
-0.6556,-0.9722,6,T,14(E3),N,-0.4813,2
-1.176,-1.993,18,T,14(E3),P,-2.683,8
0.6779,0.6416,5,T,14(E3),Q,-0.1359,3
-0.08602,-0.1065,11,T,14(E3),R,-0.6462,7
-0.5826,-0.8456,7,T,14(E3),S,-0.9788,3
0,0,,T,14(E3),T,0,
-0.2997,-0.3982,10,T,14(E3),V,-0.5635,4
0.5384,0.5356,5,T,14(E3),W,-0.3859,3
-0.392,-0.5365,8,T,14(E3),Y,-1.236,4
-1.621,-2.977,4,F,15(E3),-,,
-0.3593,-0.4868,10,F,15(E3),A,-4.126,2
-1.229,-2.106,6,F,15(E3),C,-2.129,4
-2.677,-5.202,5,F,15(E3),D,-5.424,2
-4.961,-7.317,5,F,15(E3),E,-8,2
0,0,,F,15(E3),F,0,
-1.531,-2.775,9,F,15(E3),G,-3,5
-0.6737,-1.004,6,F,15(E3),H,-2.791,2
0.1527,0.1741,11,F,15(E3),I,0.07924,5
-2.013,-3.861,7,F,15(E3),K,-4.179,3
-0.1194,-0.1495,7,F,15(E3),L,-0.3511,4
-0.3344,-0.4494,9,F,15(E3),M,-0.8318,4
-1.669,-3.088,8,F,15(E3),N,-2.766,2
-1.53,-2.772,13,F,15(E3),P,-2.84,6
-2.19,-4.245,13,F,15(E3),Q,-4.63,8
-2.088,-4.025,13,F,15(E3),R,-3.714,8
-1.594,-2.918,10,F,15(E3),S,-2.765,2
-1.319,-2.302,8,F,15(E3),T,-2.74,5
0.02878,0.03426,8,F,15(E3),V,-0.6538,6
-0.5955,-0.8675,8,F,15(E3),W,-1.064,3
0.08974,0.1046,13,F,15(E3),Y,0.3517,5
-4.981,-7.324,13,P,16(E3),*,-8,7
0.1212,0.1397,1,P,16(E3),-,,
0.2171,0.242,3,P,16(E3),A,,
-0.2125,-0.2744,5,P,16(E3),C,-0.7218,3
3.2,1.358,3,P,16(E3),D,1.453,3
-1.604,-2.939,3,P,16(E3),E,-3.229,1
0.1485,0.1696,4,P,16(E3),F,0.01068,1
-0.2701,-0.3555,6,P,16(E3),G,-0.0738,4
0.9691,0.8268,9,P,16(E3),H,-0.1901,4
-0.07624,-0.09407,9,P,16(E3),I,-0.3548,8
-0.5308,-0.7584,8,P,16(E3),K,-0.3565,5
-0.4667,-0.6539,16,P,16(E3),L,-0.3303,7
-0.3336,-0.4482,7,P,16(E3),M,-0.6421,2
-0.3505,-0.4735,9,P,16(E3),N,-0.313,4
0,0,,P,16(E3),P,0,
-0.2468,-0.3224,14,P,16(E3),Q,-0.8984,4
4.819,1.413,1,P,16(E3),R,,
-0.433,-0.6004,13,P,16(E3),S,-0.621,6
-0.2887,-0.3823,17,P,16(E3),T,-0.3397,4
0.09789,0.1138,6,P,16(E3),Y,-1.073,3
-4.789,-7.258,6,C,17(E3),*,,
3.779,1.388,1,C,17(E3),A,,
0,0,,C,17(E3),C,0,
-1.379,-2.434,8,C,17(E3),D,-2.303,6
-0.4595,-0.6424,7,C,17(E3),E,-1.414,2
-1.23,-2.108,22,C,17(E3),F,-2.236,10
-1.145,-1.926,8,C,17(E3),G,-2.249,7
-1.106,-1.845,17,C,17(E3),H,-2.431,8
-1.106,-1.846,4,C,17(E3),I,-3.007,2
-1.813,-3.413,9,C,17(E3),K,-3.467,3
-0.378,-0.5151,7,C,17(E3),L,-1.216,2
-1.106,-1.844,11,C,17(E3),M,-2.125,8
-1.379,-2.435,12,C,17(E3),N,-4.119,3
-1.183,-2.008,9,C,17(E3),P,-3.212,4
-2.378,-4.633,12,C,17(E3),Q,-3.13,5
-1.122,-1.877,15,C,17(E3),R,-2.077,7
-1.692,-3.14,7,C,17(E3),S,-3.419,5
-0.9381,-1.502,7,C,17(E3),T,-1.776,6
-0.839,-1.309,10,C,17(E3),V,-1.483,7
-1.303,-2.266,4,C,17(E3),W,-1.699,1
-1.526,-2.763,23,C,17(E3),Y,-2.801,7
-5.482,-7.448,9,S,18(E3),*,-8,3
0.3435,0.3663,8,S,18(E3),A,0.3488,6
-0.3136,-0.4186,4,S,18(E3),C,-1.057,2
0.8144,0.7341,8,S,18(E3),D,1.112,3
0.0787,0.09209,6,S,18(E3),E,-1.325,4
-0.2908,-0.3854,8,S,18(E3),F,-0.8371,6
0.7282,0.6769,2,S,18(E3),G,,
0.6272,0.6045,7,S,18(E3),H,0.8921,3
-0.05897,-0.07235,16,S,18(E3),I,-0.7616,6
0.06477,0.07616,5,S,18(E3),K,-1.77,1
-0.2328,-0.3027,8,S,18(E3),L,-0.6153,3
0.1315,0.1511,11,S,18(E3),M,-0.2424,4
0.1514,0.1727,27,S,18(E3),N,0.04904,10
-1.497,-2.698,12,S,18(E3),P,-3.336,7
0.1937,0.2177,18,S,18(E3),R,-0.0893,6
0,0,,S,18(E3),S,0,
-0.2279,-0.2959,8,S,18(E3),T,-0.7635,4
-0.02075,-0.02512,8,S,18(E3),V,-0.4669,4
0.5208,0.5214,6,S,18(E3),W,-1.321,1
-0.1533,-0.1941,8,S,18(E3),Y,-0.5018,4
-2.611,-5.083,4,Q,19(E3),*,,
-0.02099,-0.02542,15,Q,19(E3),A,-0.1382,9
-0.3016,-0.4011,6,Q,19(E3),C,-0.222,2
-0.07076,-0.08716,9,Q,19(E3),D,-0.3853,7
0.3461,0.3687,7,Q,19(E3),E,0.6232,4
-0.6123,-0.8965,10,Q,19(E3),F,-0.9936,9
-0.1287,-0.1617,11,Q,19(E3),G,0.1938,7
-0.3586,-0.4856,25,Q,19(E3),H,0.113,9
-0.3188,-0.4263,7,Q,19(E3),I,-0.6987,5
-0.1548,-0.1961,7,Q,19(E3),K,0.1881,3
-0.2664,-0.3501,17,Q,19(E3),L,-1.018,12
0.4475,0.4598,7,Q,19(E3),M,0.04345,4
0.03162,0.0376,11,Q,19(E3),N,-0.4071,8
-1.523,-2.756,12,Q,19(E3),P,-2.955,5
0,0,,Q,19(E3),Q,0,
-0.5317,-0.7599,9,Q,19(E3),R,-0.9847,6
-0.3479,-0.4696,12,Q,19(E3),S,-0.9458,6
0.2312,0.2565,12,Q,19(E3),T,0.08927,8
0.4526,0.4643,12,Q,19(E3),V,-0.3255,4
-1.199,-2.041,2,Q,19(E3),W,,
-0.6249,-0.9183,11,Q,19(E3),Y,-1.43,6
-6.458,-7.57,11,P,20(E3),*,-8,4
-0.8864,-1.401,9,P,20(E3),A,-1.834,6
-1.837,-3.467,18,P,20(E3),C,-3.621,12
-1.431,-2.55,9,P,20(E3),D,-2.353,4
-1.909,-3.629,7,P,20(E3),E,-3.795,6
-1.018,-1.664,6,P,20(E3),F,-2.174,4
-2.331,-4.538,5,P,20(E3),G,-4.908,3
-1.715,-3.193,5,P,20(E3),H,-3.804,2
-0.706,-1.062,8,P,20(E3),I,-1.313,5
-1.601,-2.934,10,P,20(E3),K,-3.326,7
-0.7109,-1.071,11,P,20(E3),L,-0.6641,6
-1.06,-1.749,8,P,20(E3),M,-1.782,5
-1.458,-2.611,8,P,20(E3),N,-3.341,5
0,0,,P,20(E3),P,0,
-3.486,-6.366,1,P,20(E3),Q,,
-1.192,-2.026,12,P,20(E3),R,-2.229,8
-1.217,-2.081,19,P,20(E3),S,-2.262,6
-0.7425,-1.129,8,P,20(E3),T,-1.725,3
-1.491,-2.685,13,P,20(E3),V,-2.881,7
-1.248,-2.146,6,P,20(E3),W,-2.621,4
-2.371,-4.619,3,P,20(E3),Y,-4.867,2
-0.4079,-0.5612,8,P,21(E3),A,-0.7519,5
-0.644,-0.9517,13,P,21(E3),C,-0.6286,5
-0.3918,-0.5363,14,P,21(E3),D,-1.563,10
-0.9647,-1.555,8,P,21(E3),E,-1.613,2
0.448,0.4603,8,P,21(E3),F,0.1528,5
0.23,0.2552,6,P,21(E3),G,-1.16,2
-0.8797,-1.388,6,P,21(E3),H,-1.514,3
-0.6918,-1.036,13,P,21(E3),I,-1.614,8
-0.1119,-0.1397,5,P,21(E3),K,-0.4405,2
-0.04079,-0.04973,22,P,21(E3),L,-0.4946,6
-1.231,-2.112,9,P,21(E3),M,-2.312,5
-0.6794,-1.014,6,P,21(E3),N,-1.52,3
0,0,,P,21(E3),P,0,
-0.6563,-0.9734,9,P,21(E3),Q,-0.7802,2
-0.4877,-0.6877,7,P,21(E3),R,-0.2954,2
1.792,1.153,8,P,21(E3),S,0.4281,2
-0.3771,-0.5137,10,P,21(E3),T,-0.3546,3
-0.08667,-0.1073,9,P,21(E3),V,-0.3372,3
-0.07064,-0.08701,8,P,21(E3),W,0.3016,3
0.07156,0.08394,10,P,21(E3),Y,-0.34,5
-5.893,-7.514,11,C,22(E3),*,-8,7
-1.086,-1.804,11,C,22(E3),A,-2.191,6
0,0,,C,22(E3),C,0,
-0.6924,-1.038,9,C,22(E3),D,-1.704,6
-1.712,-3.184,8,C,22(E3),E,-3.468,3
-0.7223,-1.092,10,C,22(E3),F,-0.5336,4
-1.308,-2.277,7,C,22(E3),H,-2.911,7
-0.6408,-0.9461,9,C,22(E3),I,-1.15,5
-1.136,-1.907,5,C,22(E3),K,-4.816,2
-0.6606,-0.981,7,C,22(E3),L,-1.361,2
-0.4271,-0.591,6,C,22(E3),M,-1.058,4
-1.332,-2.331,9,C,22(E3),N,-2.211,3
-2.343,-4.563,5,C,22(E3),P,-3.173,2
-0.9665,-1.559,7,C,22(E3),Q,-1.477,6
-1.139,-1.914,7,C,22(E3),R,-1.933,2
-0.832,-1.296,5,C,22(E3),S,-1.777,4
-0.6573,-0.9751,5,C,22(E3),T,-1.368,3
-0.9101,-1.447,6,C,22(E3),V,-1.583,4
-0.6299,-0.927,7,C,22(E3),W,-1.139,5
-0.3525,-0.4765,20,C,22(E3),Y,-1.56,2
-0.5781,-0.8379,5,T,23(E3),A,-1.66,2
-0.3928,-0.5377,15,T,23(E3),C,-0.6794,6
0.727,0.6761,8,T,23(E3),D,0.4495,5
-0.6077,-0.8886,7,T,23(E3),E,-0.4035,3
-0.01236,-0.01493,5,T,23(E3),F,-0.2502,4
0.5506,0.5454,6,T,23(E3),G,0.5396,3
-0.3609,-0.4891,11,T,23(E3),H,-1.067,4
0.1056,0.1224,10,T,23(E3),I,1.757,3
-0.2239,-0.2903,8,T,23(E3),K,-0.942,3
0.2255,0.2507,7,T,23(E3),L,0.5338,3
0.6356,0.6108,5,T,23(E3),M,0.2468,3
0.2611,0.2867,7,T,23(E3),N,-0.3426,4
-0.8285,-1.289,19,T,23(E3),P,-1.251,9
-0.4941,-0.6981,8,T,23(E3),Q,0.5086,5
-0.08893,-0.1102,7,T,23(E3),R,0.0865,2
0.005201,0.006242,12,T,23(E3),S,-0.3152,7
0,0,,T,23(E3),T,0,
0.5536,0.5478,9,T,23(E3),V,0.5669,4
-0.2832,-0.3743,8,T,23(E3),W,-0.524,6
0.3163,0.3405,8,T,23(E3),Y,0.1929,5
-5.451,-7.442,7,P,24(E3),*,-8,4
-0.447,-0.6225,11,P,24(E3),A,-0.7902,6
-1.544,-2.804,12,P,24(E3),C,-2.633,4
-0.1893,-0.2426,11,P,24(E3),D,-1.079,6
0.2814,0.3067,6,P,24(E3),E,-0.0344,3
-0.6134,-0.8984,10,P,24(E3),F,-1.429,8
-0.8321,-1.296,8,P,24(E3),G,-1.758,3
-0.8889,-1.406,12,P,24(E3),H,-1.714,7
-0.7421,-1.128,8,P,24(E3),I,-0.8808,5
-0.6213,-0.912,11,P,24(E3),K,-1.155,7
-0.9913,-1.609,14,P,24(E3),L,-0.1762,3
-0.7342,-1.113,10,P,24(E3),M,-1.391,8
-0.08074,-0.09979,8,P,24(E3),N,-0.4087,4
0,0,,P,24(E3),P,0,
0.06577,0.0773,9,P,24(E3),Q,0.05359,3
-0.8464,-1.323,7,P,24(E3),R,-1.997,2
-0.8377,-1.307,9,P,24(E3),S,-1.442,2
0.1205,0.139,14,P,24(E3),T,-0.4672,6
-0.6481,-0.9588,11,P,24(E3),V,-1.306,7
-0.4509,-0.6287,12,P,24(E3),W,-1.013,7
0.6242,0.6023,7,P,24(E3),Y,-0.0584,2
-2.4,-4.677,2,C,25(E3),*,,
-0.7806,-1.199,9,C,25(E3),A,-0.8919,4
0,0,,C,25(E3),C,0,
-1.595,-2.92,3,C,25(E3),D,-2.565,2
-1.389,-2.457,9,C,25(E3),E,-3.406,5
-1.316,-2.296,11,C,25(E3),F,-2.655,6
-0.8448,-1.32,15,C,25(E3),G,-1.067,8
-1.288,-2.234,10,C,25(E3),H,-1.816,3
-1.369,-2.413,12,C,25(E3),I,-2.41,7
-5.408,-7.433,7,C,25(E3),K,-6.217,4
-1.358,-2.388,11,C,25(E3),L,-2.894,6
-1.726,-3.216,10,C,25(E3),M,-3.631,7
-0.2066,-0.2663,8,C,25(E3),N,-0.7234,4
-1.538,-2.79,11,C,25(E3),P,-3.241,5
-1.439,-2.569,10,C,25(E3),Q,-2.545,8
-1.791,-3.364,16,C,25(E3),R,-4.119,6
-1.076,-1.783,7,C,25(E3),S,-2.249,3
-1.356,-2.383,5,C,25(E3),T,-2.592,4
-1.714,-3.19,6,C,25(E3),V,-3.913,5
-1.28,-2.216,9,C,25(E3),W,-2.322,6
-0.8572,-1.344,16,C,25(E3),Y,-1.007,3
-5.395,-7.43,16,C,26(E3),*,-8,7
-1.942,-3.703,7,C,26(E3),A,-3.819,2
0,0,,C,26(E3),C,0,
-1.871,-3.544,10,C,26(E3),D,-3.448,4
-3.03,-5.78,8,C,26(E3),E,-5.183,3
-1.81,-3.407,11,C,26(E3),F,-3.538,3
-1.245,-2.14,5,C,26(E3),G,-2.176,3
-2.792,-5.403,14,C,26(E3),H,-5.625,7
-1.196,-2.036,6,C,26(E3),I,-2.271,6
-1.848,-3.493,9,C,26(E3),K,-3.956,6
-0.3367,-0.4528,6,C,26(E3),L,-1.075,4
-1.209,-2.063,11,C,26(E3),M,-3.396,4
-1.603,-2.937,5,C,26(E3),N,-3.212,5
-2.591,-5.047,2,C,26(E3),P,-5.42,1
-1.489,-2.681,12,C,26(E3),Q,-2.252,3
-1.515,-2.738,10,C,26(E3),R,-2.659,4
-0.8031,-1.241,8,C,26(E3),S,-2.326,2
-1.031,-1.689,7,C,26(E3),T,-1.739,4
-2.211,-4.288,10,C,26(E3),V,-4.667,4
-1.885,-3.575,12,C,26(E3),W,-4.122,4
-1.928,-3.672,14,C,26(E3),Y,-3.569,3
-0.2214,-0.2868,4,Y,27(E3),*,-0.4017,1
-2.078,-4.002,12,Y,27(E3),A,-4.606,7
-3.248,-6.083,10,Y,27(E3),C,-6.84,6
-3.261,-6.099,9,Y,27(E3),D,-5.989,4
-4.396,-7.083,7,Y,27(E3),E,-5.404,2
0.2279,0.2532,7,Y,27(E3),F,1.119,3
-3.005,-5.743,8,Y,27(E3),G,-5.94,7
-1.357,-2.386,18,Y,27(E3),H,-2.73,10
-0.8227,-1.278,6,Y,27(E3),I,-2.002,4
-4,-6.835,8,Y,27(E3),K,-7.303,2
-1.44,-2.57,10,Y,27(E3),L,-2.864,7
-1.993,-3.817,13,Y,27(E3),M,-3.582,7
-2.117,-4.088,7,Y,27(E3),N,-4.105,4
-4.607,-7.185,13,Y,27(E3),P,-8,8
-1.938,-3.694,8,Y,27(E3),Q,-3.386,4
-3.489,-6.371,6,Y,27(E3),R,-6.702,3
-3.915,-6.77,4,Y,27(E3),S,-6.394,2
-2.179,-4.222,8,Y,27(E3),T,-4.623,4
-2.817,-5.444,8,Y,27(E3),V,-5.948,3
-0.3292,-0.4416,3,Y,27(E3),W,,
0,0,,Y,27(E3),Y,0,
-4.929,-7.307,21,E,28(E3),*,-8,7
-0.9579,-1.542,12,E,28(E3),A,-2.766,6
-1.171,-1.981,9,E,28(E3),C,-1.604,5
0.007589,0.009101,13,E,28(E3),D,0.3961,4
0,0,,E,28(E3),E,0,
-1.09,-1.811,9,E,28(E3),F,-1.998,6
-0.2588,-0.3394,13,E,28(E3),G,-0.5622,5
-0.4577,-0.6395,17,E,28(E3),H,-1.031,13
-0.995,-1.616,14,E,28(E3),I,-1.71,10
-0.4458,-0.6206,11,E,28(E3),K,-0.5328,4
-0.6442,-0.952,12,E,28(E3),L,-1.2,8
-0.44,-0.6114,13,E,28(E3),M,-1.099,8
-0.4144,-0.5713,8,E,28(E3),N,1.264,1
-1.207,-2.059,15,E,28(E3),P,-2.351,7
0.1286,0.1479,11,E,28(E3),Q,-0.9105,7
-0.7839,-1.205,11,E,28(E3),R,-1.79,4
-0.7176,-1.083,6,E,28(E3),S,-1.202,3
-0.4872,-0.687,14,E,28(E3),T,-0.5794,7
-0.7719,-1.183,8,E,28(E3),V,-0.8564,5
-1.015,-1.658,13,E,28(E3),W,-1.96,9
-0.201,-0.2585,11,E,28(E3),Y,-0.6464,6
-3.199,-6.017,1,K,29(E3),*,,
-0.4293,-0.5945,12,K,29(E3),A,-0.3308,5
-0.4088,-0.5625,12,K,29(E3),C,-0.5784,5
-0.2945,-0.3906,5,K,29(E3),D,-1.159,4
-0.1841,-0.2356,9,K,29(E3),E,-0.2245,5
-0.09251,-0.1148,7,K,29(E3),F,-1.06,2
0.002116,0.002542,6,K,29(E3),G,-0.001992,3
-0.08724,-0.1081,11,K,29(E3),H,-0.6201,6
0.2228,0.2479,10,K,29(E3),I,-0.4326,5
0,0,,K,29(E3),K,0,
-1.001,-1.628,7,K,29(E3),L,-0.3148,1
0.1475,0.1686,8,K,29(E3),M,-0.6347,4
-0.2687,-0.3534,15,K,29(E3),N,-0.8301,9
-1.086,-1.802,10,K,29(E3),P,-2.181,9
-0.6582,-0.9767,19,K,29(E3),Q,-0.8862,9
0.1864,0.2101,8,K,29(E3),R,-0.02571,6
-0.1041,-0.1297,5,K,29(E3),S,0.6616,1
-0.1114,-0.1392,9,K,29(E3),T,-0.3628,3
0.2283,0.2535,9,K,29(E3),V,-0.7097,4
-0.4944,-0.6987,12,K,29(E3),W,-1.079,3
0.2726,0.298,12,K,29(E3),Y,0.2637,6
-4.572,-7.169,17,E,30(E3),*,-8,7
-0.7805,-1.199,2,E,30(E3),-,,
0.1557,0.1773,7,E,30(E3),A,0.6809,3
-0.08844,-0.1096,10,E,30(E3),C,-0.4607,5
0.6079,0.5899,13,E,30(E3),D,0.6898,7
0,0,,E,30(E3),E,0,
0.4637,0.4738,9,E,30(E3),F,-0.6215,3
-0.2659,-0.3495,7,E,30(E3),G,-1.242,3
0.2012,0.2256,10,E,30(E3),H,0.1085,5
-1.206,-2.058,6,E,30(E3),I,-1.338,2
-0.8085,-1.251,17,E,30(E3),K,-0.2653,3
-0.4293,-0.5945,9,E,30(E3),L,-0.7989,4
-0.367,-0.4984,9,E,30(E3),M,-0.3188,5
-0.03411,-0.04149,4,E,30(E3),N,-0.4007,2
-4.397,-7.084,12,E,30(E3),P,-7.623,4
-0.2347,-0.3054,9,E,30(E3),Q,-1.74,3
-1.027,-1.682,8,E,30(E3),R,-2.242,4
-0.1461,-0.1845,12,E,30(E3),S,-0.1023,10
-0.7516,-1.145,10,E,30(E3),T,-1.511,7
-0.452,-0.6304,7,E,30(E3),V,-0.6618,3
0.106,0.1228,10,E,30(E3),W,-0.3263,3
0.2075,0.2322,15,E,30(E3),Y,0.3035,4
-0.02929,-0.03557,3,P,31(E3),-,,
-0.2568,-0.3366,11,P,31(E3),A,-0.8895,5
-0.6723,-1.002,8,P,31(E3),C,-1.023,3
-0.421,-0.5816,11,P,31(E3),D,-0.5872,5
0.1013,0.1177,4,P,31(E3),E,-0.0002751,3
-1.405,-2.493,5,P,31(E3),F,-2.544,3
-0.09506,-0.1181,7,P,31(E3),G,-0.9646,3
-0.05413,-0.0663,13,P,31(E3),H,-0.5234,6
-1.916,-3.645,6,P,31(E3),I,-3.483,3
-0.4101,-0.5646,7,P,31(E3),K,-1.109,4
-1.264,-2.182,8,P,31(E3),L,-2.605,7
3.264,1.362,8,P,31(E3),M,0.1134,4
0.001502,0.001806,8,P,31(E3),N,-0.4825,5
0,0,,P,31(E3),P,0,
-0.7927,-1.222,6,P,31(E3),Q,-1.986,5
-0.8243,-1.281,5,P,31(E3),R,-1.586,5
-0.2799,-0.3696,39,P,31(E3),S,0.07235,6
-0.89,-1.408,13,P,31(E3),T,-1.954,6
-2.111,-4.075,7,P,31(E3),V,-3.884,3
-1.238,-2.126,13,P,31(E3),W,-2.37,9
-1.116,-1.865,8,P,31(E3),Y,-1.875,3
-4.639,-7.199,22,E,32(E3),*,-8,11
-0.6331,-0.9327,3,E,32(E3),-,,
0.07441,0.0872,11,E,32(E3),A,0.171,5
-0.6031,-0.8807,9,E,32(E3),C,-0.4779,3
-1.156,-1.951,7,E,32(E3),D,-0.1189,3
0,0,,E,32(E3),E,0,
-0.8537,-1.337,7,E,32(E3),F,-0.3803,2
0.4562,0.4674,14,E,32(E3),G,-0.1652,4
-0.803,-1.241,8,E,32(E3),H,-1.837,5
-0.2178,-0.2818,6,E,32(E3),I,-0.005785,2
0.01432,0.01714,13,E,32(E3),K,-0.621,4
-0.325,-0.4354,8,E,32(E3),L,-0.4159,7
0.07857,0.09194,12,E,32(E3),M,-0.4873,6
-0.05597,-0.06859,8,E,32(E3),N,0.4558,3
-0.9851,-1.596,11,E,32(E3),P,-1.424,9
-0.4499,-0.627,7,E,32(E3),Q,-0.006034,3
-0.1564,-0.1982,9,E,32(E3),R,-0.6359,6
-0.3254,-0.436,10,E,32(E3),S,-0.792,5
-0.4201,-0.5801,6,E,32(E3),T,-1.012,3
0.07191,0.08435,16,E,32(E3),V,-0.2798,10
-0.6,-0.8754,12,E,32(E3),W,-0.8173,4
0.01092,0.01308,10,E,32(E3),Y,-1.09,5
0.09143,0.1065,3,K,33(E3),-,,
0.3407,0.3636,6,K,33(E3),A,0.2928,4
0.3462,0.3688,16,K,33(E3),C,-0.2963,6
0.08552,0.09984,6,K,33(E3),D,-0.2025,4
-1.24,-2.13,13,K,33(E3),E,-1.92,7
-0.1218,-0.1526,9,K,33(E3),F,-0.6052,5
-0.316,-0.4221,10,K,33(E3),G,-0.3397,4
-0.5346,-0.7647,10,K,33(E3),H,-0.9364,8
0.005335,0.006403,19,K,33(E3),I,0.2146,10
0,0,,K,33(E3),K,0,
0.3465,0.3691,6,K,33(E3),L,0.5665,1
-0.2792,-0.3686,8,K,33(E3),M,-0.9839,4
0.6012,0.5848,8,K,33(E3),N,-0.363,4
0.2816,0.3069,8,K,33(E3),P,-0.1729,5
-0.01251,-0.01511,11,K,33(E3),Q,-1.45,4
-0.01796,-0.02173,9,K,33(E3),R,-0.2611,7
-0.4635,-0.6488,8,K,33(E3),S,-0.6359,4
-0.4965,-0.702,10,K,33(E3),T,-0.9178,4
-0.2234,-0.2896,13,K,33(E3),V,-0.3621,5
0.31,0.3345,5,K,33(E3),W,-0.1273,3
-0.3559,-0.4815,8,K,33(E3),Y,-1.727,3
-5.703,-7.486,12,T,34(E3),*,-8,8
-0.5252,-0.7492,3,T,34(E3),-,,
-0.1884,-0.2413,7,T,34(E3),A,-0.09155,3
-0.5781,-0.8378,7,T,34(E3),C,-0.7009,5
-1.262,-2.177,9,T,34(E3),D,-1.853,4
-4.289,-7.025,6,T,34(E3),E,-8,2
-3.724,-6.606,7,T,34(E3),F,-6.88,2
-0.9173,-1.461,1,T,34(E3),G,-1.66,1
-2.528,-4.928,11,T,34(E3),H,-4.711,5
-0.455,-0.6352,13,T,34(E3),I,-0.9896,5
-5.129,-7.367,8,T,34(E3),K,-8,5
-1.297,-2.254,9,T,34(E3),L,-2.536,6
-1.224,-2.096,7,T,34(E3),M,-2.035,2
-1.866,-3.532,7,T,34(E3),N,-3.865,4
-3.352,-6.212,10,T,34(E3),P,-6.446,5
-1.648,-3.041,10,T,34(E3),Q,-2.025,3
-2.782,-5.385,7,T,34(E3),R,-6.341,2
-0.2721,-0.3584,4,T,34(E3),S,-0.9487,1
0,0,,T,34(E3),T,0,
-1.094,-1.82,15,T,34(E3),V,-1.25,6
-4.07,-6.885,13,T,34(E3),W,-6.916,7
-1.455,-2.605,9,T,34(E3),Y,-2.656,6
-2.01,-3.855,3,L,35(E3),-,,
-2.008,-3.849,11,L,35(E3),A,-5.04,4
-1.047,-1.722,9,L,35(E3),C,-1.989,3
-5.98,-7.524,7,L,35(E3),D,-8,4
-4.309,-7.036,4,L,35(E3),E,-7.384,2
-2.243,-4.357,12,L,35(E3),F,-3.968,4
-3.896,-6.754,8,L,35(E3),G,-6.629,5
-2.687,-5.22,6,L,35(E3),H,-5.167,1
-0.8037,-1.242,10,L,35(E3),I,-1.334,6
-3.883,-6.744,7,L,35(E3),K,-8,3
0,0,,L,35(E3),L,0,
-0.8015,-1.238,10,L,35(E3),M,-1.284,3
-2.766,-5.359,6,L,35(E3),N,-6.345,2
-4.02,-6.849,6,L,35(E3),P,-5.588,2
-3.406,-6.277,9,L,35(E3),Q,-6.43,5
-2.15,-4.158,11,L,35(E3),R,-4.566,8
-2.189,-4.241,7,L,35(E3),S,-4.294,6
-4.072,-6.886,6,L,35(E3),T,-8,2
-2.131,-4.118,3,L,35(E3),V,,
-2.416,-4.71,6,L,35(E3),W,-5.163,4
-2.616,-5.092,12,L,35(E3),Y,-5.319,3
-5.013,-7.334,10,R,36(E3),*,-7.929,4
-0.4475,-0.6233,3,R,36(E3),-,,
-0.1274,-0.1599,8,R,36(E3),A,0.02251,3
0.02038,0.02434,8,R,36(E3),C,-0.6843,5
-0.0202,-0.02445,7,R,36(E3),D,-0.137,5
-1.279,-2.214,7,R,36(E3),E,-1.558,2
0.1842,0.2078,11,R,36(E3),F,-0.3922,8
-0.7901,-1.217,10,R,36(E3),G,-1.682,4
-0.7138,-1.076,8,R,36(E3),H,-1.795,2
-0.2563,-0.3358,6,R,36(E3),I,-0.1114,3
-0.3572,-0.4835,8,R,36(E3),K,-0.3965,4
0.177,0.2002,16,R,36(E3),L,0.0001411,5
0.415,0.4314,8,R,36(E3),M,0.2021,4
0.07427,0.08704,8,R,36(E3),N,-2.136,4
-1.2,-2.045,9,R,36(E3),P,-2.623,6
-0.4519,-0.6303,13,R,36(E3),Q,-0.8646,3
0,0,,R,36(E3),R,0,
-0.005626,-0.006778,10,R,36(E3),S,0.2133,5
-0.1199,-0.1502,8,R,36(E3),T,-0.1217,6
-0.4154,-0.5728,13,R,36(E3),V,-0.5605,8
-0.4268,-0.5906,45,R,36(E3),W,-0.05162,6
-0.07933,-0.098,7,R,36(E3),Y,0.03748,6
-0.79,-1.217,3,M,37(E3),-,,
-1.128,-1.891,10,M,37(E3),A,-2.455,7
-1.162,-1.963,9,M,37(E3),C,-1.729,2
-1.129,-1.893,9,M,37(E3),D,-2.739,4
-1.137,-1.91,4,M,37(E3),E,-2.202,3
-0.7561,-1.154,11,M,37(E3),F,-0.8158,5
-1.442,-2.575,9,M,37(E3),G,-2.864,7
-0.708,-1.066,2,M,37(E3),H,,
-0.1943,-0.2494,35,M,37(E3),I,-0.5692,7
-1.417,-2.519,11,M,37(E3),K,-3.13,3
-0.1212,-0.1518,5,M,37(E3),L,-0.6315,4
0,0,,M,37(E3),M,0,
-1.126,-1.886,4,M,37(E3),N,-2.195,2
-4.356,-7.062,12,M,37(E3),P,-7.688,4
-1.764,-3.303,1,M,37(E3),Q,-3.614,1
0.4677,0.4772,1,M,37(E3),R,,
-1.636,-3.012,5,M,37(E3),S,-3.013,2
2.627,1.306,4,M,37(E3),T,1.341,1
-0.6216,-0.9126,9,M,37(E3),V,-0.5735,5
-1.449,-2.59,9,M,37(E3),W,-2.475,5
-0.6822,-1.019,11,M,37(E3),Y,-0.3658,7
-5.932,-7.519,7,L,38(E3),*,-8,3
-0.8652,-1.36,4,L,38(E3),-,,
-0.7528,-1.148,11,L,38(E3),A,-1.47,5
-0.5583,-0.8044,10,L,38(E3),C,-0.7962,3
-1.025,-1.677,6,L,38(E3),D,-1.806,4
-2.361,-4.599,9,L,38(E3),E,-4.813,8
-0.6591,-0.9783,10,L,38(E3),F,-0.6829,6
-1.683,-3.119,8,L,38(E3),G,-3.69,5
-2.854,-5.506,8,L,38(E3),H,-5.61,7
-0.2377,-0.3096,11,L,38(E3),I,0.005326,7
-4.924,-7.305,13,L,38(E3),K,-8,7
0,0,,L,38(E3),L,0,
-0.04891,-0.05979,14,L,38(E3),M,0.592,2
-0.656,-0.9729,3,L,38(E3),N,-1.456,3
-5.461,-7.444,17,L,38(E3),P,-8,5
-1.515,-2.739,13,L,38(E3),Q,-3.002,8
-5.103,-7.36,12,L,38(E3),R,-8,3
-0.785,-1.207,9,L,38(E3),S,-0.8484,6
-0.6777,-1.011,6,L,38(E3),T,-1.208,2
-0.09416,-0.1169,8,L,38(E3),V,-0.209,4
-1.921,-3.656,7,L,38(E3),W,-4.528,5
-2.456,-4.788,4,L,38(E3),Y,-6.265,2
-5.758,-7.495,8,E,39(E3),*,-8,1
-0.5685,-0.8216,4,E,39(E3),-,,
-0.7321,-1.11,7,E,39(E3),A,-1.449,3
-0.9582,-1.542,10,E,39(E3),C,-1.828,5
-1.558,-2.835,10,E,39(E3),D,-3.258,8
0,0,,E,39(E3),E,0,
-1.579,-2.883,12,E,39(E3),F,-2.893,6
-1.564,-2.85,10,E,39(E3),G,-2.903,9
-2.298,-4.471,9,E,39(E3),H,-5.326,3
-1.912,-3.636,9,E,39(E3),I,-4.145,6
-4.657,-7.206,46,E,39(E3),K,-8,10
-4.19,-6.964,14,E,39(E3),L,-7.428,10
0.1529,0.1744,7,E,39(E3),M,-0.1914,4
-3.407,-6.277,11,E,39(E3),N,-5.931,8
-4.618,-7.19,16,E,39(E3),P,-8,9
-0.5215,-0.7431,14,E,39(E3),Q,-0.9033,9
-4.546,-7.158,12,E,39(E3),R,-8,8
-0.6617,-0.9829,8,E,39(E3),S,-0.884,4
-1.015,-1.658,8,E,39(E3),T,-2.018,4
-1.813,-3.414,17,E,39(E3),V,-4.053,9
-2.977,-5.699,12,E,39(E3),W,-6.197,9
-2.44,-4.757,19,E,39(E3),Y,-4.696,8
-4.566,-7.167,8,D,40(E3),*,-7.787,4
-0.413,-0.569,3,D,40(E3),-,,
-0.08239,-0.1019,8,D,40(E3),A,0.1159,3
-0.3472,-0.4685,11,D,40(E3),C,-1.258,4
0,0,,D,40(E3),D,0,
-0.5991,-0.8737,10,D,40(E3),E,-0.8319,4
-0.3711,-0.5047,7,D,40(E3),F,-0.511,3
0.3989,0.4171,10,D,40(E3),G,-0.2949,6
-0.5564,-0.8012,7,D,40(E3),H,-0.8183,4
-0.2861,-0.3785,15,D,40(E3),I,-0.8572,11
0.1128,0.1305,7,D,40(E3),K,0.3017,4
-0.4625,-0.6471,5,D,40(E3),L,-1.374,3
0.1345,0.1543,10,D,40(E3),M,-0.03554,5
-0.2904,-0.3847,28,D,40(E3),N,-0.3376,5
-1.571,-2.865,9,D,40(E3),P,-3.336,6
0.4941,0.4993,4,D,40(E3),Q,0.8331,1
-0.06092,-0.07478,10,D,40(E3),R,-1.748,3
-0.01528,-0.01846,4,D,40(E3),S,-0.03305,2
-0.2024,-0.2606,12,D,40(E3),T,-0.521,6
-0.4974,-0.7035,9,D,40(E3),V,-0.6465,6
0.0005684,0.000683,8,D,40(E3),W,0.0485,2
-0.6454,-0.9541,9,D,40(E3),Y,-0.585,1
-4.738,-7.239,5,N,41(E3),-,,
-0.849,-1.328,9,N,41(E3),A,-2.152,4
-1,-1.627,9,N,41(E3),C,-1.579,5
-1.352,-2.374,9,N,41(E3),D,-3.429,3
-1.394,-2.469,5,N,41(E3),E,-3.478,3
-1.583,-2.892,11,N,41(E3),F,-2.653,5
-1.477,-2.654,6,N,41(E3),G,-2.476,3
-1.059,-1.748,8,N,41(E3),H,-2.441,5
-2.025,-3.887,12,N,41(E3),I,-4.692,4
-3.869,-6.733,9,N,41(E3),K,-8,3
-1.125,-1.884,6,N,41(E3),L,-2.745,3
-1.562,-2.845,11,N,41(E3),M,-3.308,3
0,0,,N,41(E3),N,0,
-5.369,-7.425,8,N,41(E3),P,-8,5
-0.7179,-1.084,8,N,41(E3),Q,-0.5962,4
-1.736,-3.239,12,N,41(E3),R,-3.405,7
-0.454,-0.6336,9,N,41(E3),S,-0.01166,3
-1.514,-2.737,13,N,41(E3),T,-3.05,5
-0.923,-1.472,13,N,41(E3),V,-1.607,8
-2.983,-5.709,8,N,41(E3),W,-5.57,3
-1.733,-3.233,10,N,41(E3),Y,-3.304,6
-0.5232,-0.7459,3,V,42(E3),-,,
-0.3489,-0.4711,7,V,42(E3),A,-0.5192,5
-0.598,-0.8719,8,V,42(E3),C,-0.721,5
-0.9964,-1.619,12,V,42(E3),D,-2.157,7
0.3655,0.3867,7,V,42(E3),E,-0.3204,2
-0.1201,-0.1503,10,V,42(E3),F,-1.065,4
-0.3581,-0.4849,11,V,42(E3),G,-0.738,7
-1.077,-1.783,4,V,42(E3),H,-2.074,4
0.8128,0.7331,12,V,42(E3),I,-0.07468,3
-0.66,-0.9799,10,V,42(E3),K,-1.502,6
0.03336,0.03965,16,V,42(E3),L,-0.4291,10
-0.08914,-0.1105,12,V,42(E3),M,0.2776,5
-0.1733,-0.221,6,V,42(E3),N,-0.2416,6
-3.109,-5.894,8,V,42(E3),P,-8,3
-0.7482,-1.139,8,V,42(E3),Q,-1.98,4
-0.2106,-0.2718,11,V,42(E3),R,-0.1089,6
-0.3112,-0.4151,9,V,42(E3),S,-0.5406,5
0.2445,0.27,5,V,42(E3),T,-0.5674,1
0,0,,V,42(E3),V,0,
0.02416,0.0288,4,V,42(E3),W,0.00635,2
-0.07709,-0.09515,8,V,42(E3),Y,-0.32,5
-0.01639,-0.01982,2,M,43(E3),-,,
-0.4708,-0.6605,22,M,43(E3),A,-1.091,11
0.1689,0.1916,8,M,43(E3),C,0.5589,4
0.08106,0.09477,16,M,43(E3),D,-0.2499,10
4.973,1.415,8,M,43(E3),E,-1.075,6
-0.1813,-0.2318,8,M,43(E3),F,-0.4181,3
0.5032,0.507,11,M,43(E3),G,0.7251,6
0.0335,0.03982,8,M,43(E3),H,-1.439,4
-0.2258,-0.2929,19,M,43(E3),I,0.1353,2
-0.2114,-0.2729,5,M,43(E3),K,-0.3762,5
-0.007707,-0.00929,6,M,43(E3),L,1.779,1
0,0,,M,43(E3),M,0,
-0.1974,-0.2536,8,M,43(E3),N,-0.4458,5
-0.5039,-0.7142,10,M,43(E3),P,-1.684,1
-0.06295,-0.07732,6,M,43(E3),Q,0.3932,3
0.01414,0.01692,11,M,43(E3),R,-0.1202,7
-0.3168,-0.4234,5,M,43(E3),S,-0.7965,4
-1.321,-2.306,8,M,43(E3),T,-2.756,2
0.004201,0.005044,17,M,43(E3),V,-0.181,8
-0.1929,-0.2475,11,M,43(E3),W,-0.2012,5
0.5287,0.5278,11,M,43(E3),Y,-0.1478,7
0.06278,0.07387,2,S,44(E3),-,,
-0.4193,-0.5788,4,S,44(E3),A,-1.488,2
-0.6479,-0.9585,10,S,44(E3),C,-1.004,5
-0.3951,-0.5414,11,S,44(E3),D,-0.5534,6
0.4107,0.4276,5,S,44(E3),E,0.02939,3
0.1568,0.1785,17,S,44(E3),F,0.3362,8
0.1676,0.1901,27,S,44(E3),G,-0.1165,8
0.0708,0.08307,10,S,44(E3),H,0.1651,7
-0.4559,-0.6366,15,S,44(E3),I,0.09068,7
-0.5137,-0.7303,3,S,44(E3),K,-1.732,2
-0.4609,-0.6446,6,S,44(E3),L,-0.1224,3
-0.3253,-0.4358,5,S,44(E3),M,-0.6917,4
-0.0001452,-0.0001752,19,S,44(E3),N,0.1408,5
-1.425,-2.538,15,S,44(E3),P,-2.739,6
-0.2111,-0.2725,9,S,44(E3),Q,-0.7672,6
0.6113,0.5925,8,S,44(E3),R,0.09079,3
0,0,,S,44(E3),S,0,
2.672,1.311,4,S,44(E3),T,-0.0795,2
-0.6872,-1.028,14,S,44(E3),V,-1.075,8
-0.3592,-0.4866,6,S,44(E3),W,-0.6008,3
0.2522,0.2777,2,S,44(E3),Y,-0.5626,1
0.3566,0.3785,9,P,45(E3),A,0.1603,5
-0.7467,-1.136,5,P,45(E3),C,-0.8245,3
-0.7149,-1.078,4,P,45(E3),D,-1.904,1
0.1608,0.1829,8,P,45(E3),E,-0.3488,6
-0.1332,-0.1675,15,P,45(E3),F,-0.3838,11
0.5682,0.5593,2,P,45(E3),G,1.366,1
0.2935,0.3186,15,P,45(E3),H,-0.3701,1
-0.846,-1.323,4,P,45(E3),I,-3.383,2
0.9462,0.8138,5,P,45(E3),K,0.8711,3
-0.5142,-0.731,17,P,45(E3),L,-0.867,7
-0.05377,-0.06584,8,P,45(E3),M,0.4408,4
-0.1823,-0.2331,5,P,45(E3),N,-0.7228,5
0,0,,P,45(E3),P,0,
-0.3902,-0.5337,3,P,45(E3),Q,0.016,2
-0.427,-0.5909,12,P,45(E3),R,-0.8447,7
-0.2751,-0.3627,7,P,45(E3),S,0.2228,4
0.2224,0.2475,9,P,45(E3),T,0.503,2
-0.6756,-1.008,2,P,45(E3),V,1.332,1
-1.144,-1.924,5,P,45(E3),W,-2.353,3
-0.2668,-0.3507,7,P,45(E3),Y,0.128,2
-0.7127,-1.074,9,G,46(E3),A,-0.9012,3
-0.5142,-0.731,13,G,46(E3),C,-0.3103,4
-0.1571,-0.1992,18,G,46(E3),D,-3.175,1
-0.0605,-0.07426,10,G,46(E3),E,0.3843,1
-0.5156,-0.7334,8,G,46(E3),F,-1.403,4
0,0,,G,46(E3),G,0,
-0.6059,-0.8855,15,G,46(E3),H,-1.069,8
-0.8393,-1.31,17,G,46(E3),I,-1.187,9
-0.6852,-1.025,5,G,46(E3),K,-1.153,3
-0.6652,-0.989,12,G,46(E3),L,-1.222,8
-0.4875,-0.6874,5,G,46(E3),M,-2.282,3
-0.1823,-0.2331,14,G,46(E3),N,-1.562,5
-1.38,-2.438,9,G,46(E3),P,-2.74,7
-0.2847,-0.3765,11,G,46(E3),Q,-1.154,6
0.1602,0.1822,6,G,46(E3),R,,
-0.4025,-0.5527,23,G,46(E3),S,-0.3666,7
-1.139,-1.914,10,G,46(E3),T,-0.9782,2
-0.1688,-0.2149,7,G,46(E3),V,,
-0.06626,-0.08148,12,G,46(E3),W,-0.6488,5
-0.3207,-0.4291,16,G,46(E3),Y,-0.6602,10
-5.137,-7.369,3,Y,47(E3),*,,
-2.492,-4.858,5,Y,47(E3),A,-5.385,1
-3.883,-6.744,8,Y,47(E3),C,-7.121,8
-4.285,-7.022,5,Y,47(E3),D,-8,3
-5.58,-7.466,12,Y,47(E3),E,-8,8
-0.9623,-1.551,7,Y,47(E3),F,-1.825,6
-4.229,-6.989,6,Y,47(E3),G,-8,5
-2.405,-4.687,11,Y,47(E3),H,-4.217,3
-2.106,-4.064,4,Y,47(E3),I,-3.488,1
-2.976,-5.698,3,Y,47(E3),K,-6.029,2
-3.441,-6.317,12,Y,47(E3),L,-6.197,6
-4.93,-7.307,5,Y,47(E3),M,-6.459,2
-2.792,-5.403,14,Y,47(E3),N,-4.784,5
-5.481,-7.448,10,Y,47(E3),P,-8,6
-4.523,-7.147,6,Y,47(E3),Q,-8,3
-11.47,-7.645,9,Y,47(E3),R,-8,4
-9.883,-7.643,13,Y,47(E3),S,-8,7
-3.609,-6.496,10,Y,47(E3),T,-6.444,7
-3.025,-5.772,15,Y,47(E3),V,-6.575,7
-1.637,-3.015,5,Y,47(E3),W,-3.137,3
0,0,,Y,47(E3),Y,0,
-5.647,-7.477,3,Y,48(E3),*,-8,1
-1.157,-1.952,9,Y,48(E3),A,-2.276,5
-1.747,-3.265,11,Y,48(E3),C,-3.57,5
-0.9921,-1.61,8,Y,48(E3),D,-1.28,2
-0.1217,-0.1525,9,Y,48(E3),E,-0.7006,5
-1.985,-3.798,5,Y,48(E3),G,-3.788,2
-0.6807,-1.017,12,Y,48(E3),H,-0.9221,5
-2.292,-4.459,10,Y,48(E3),I,-4.658,5
-4.914,-7.302,2,Y,48(E3),K,-8,1
-1.666,-3.08,14,Y,48(E3),L,-3.021,7
-1.229,-2.106,7,Y,48(E3),M,-2.111,5
-0.4401,-0.6116,11,Y,48(E3),N,-0.8204,4
-1.877,-3.558,8,Y,48(E3),P,-2.329,3
-1.549,-2.816,7,Y,48(E3),Q,-2.864,2
-1.682,-3.116,10,Y,48(E3),R,-3.695,8
-1.234,-2.116,10,Y,48(E3),S,-3.858,4
-0.7287,-1.103,10,Y,48(E3),T,-4.413,2
-1.179,-1.999,8,Y,48(E3),V,-2.25,8
0.4086,0.4257,8,Y,48(E3),W,-0.2341,5
0,0,,Y,48(E3),Y,0,
-5.132,-7.367,5,Q,49(E3),*,-8,1
-0.1822,-0.233,12,Q,49(E3),A,0.1051,4
-0.04254,-0.0519,10,Q,49(E3),C,-0.2981,6
1.19,0.9395,5,Q,49(E3),D,0.4901,4
0.3296,0.3532,5,Q,49(E3),E,-0.8579,2
-0.431,-0.5972,3,Q,49(E3),F,-0.0001552,1
0.2976,0.3225,5,Q,49(E3),G,0.1047,4
0.4708,0.4798,6,Q,49(E3),H,0.2957,4
-0.1764,-0.2251,5,Q,49(E3),I,-0.8347,3
-0.1064,-0.1326,13,Q,49(E3),K,-0.8168,6
-0.01261,-0.01523,8,Q,49(E3),L,-1.018,5
0.3023,0.3271,7,Q,49(E3),M,0.2515,2
0.2193,0.2443,9,Q,49(E3),N,-0.07364,5
1.098,0.8952,14,Q,49(E3),P,0.591,9
0,0,,Q,49(E3),Q,0,
-0.4884,-0.6889,15,Q,49(E3),R,-0.8039,8
0.1696,0.1922,15,Q,49(E3),S,0.4699,7
0.2394,0.2649,10,Q,49(E3),T,-0.01002,3
-0.01471,-0.01777,12,Q,49(E3),V,-0.3686,8
-0.1324,-0.1665,6,Q,49(E3),W,-0.2747,3
0.003543,0.004255,10,Q,49(E3),Y,-0.4619,4
1.463,1.051,1,L,50(E3),-,,
-1.274,-2.203,9,L,50(E3),A,-2.405,6
-1.459,-2.613,5,L,50(E3),C,-2.757,5
-3.062,-5.827,8,L,50(E3),D,-5.838,5
-2.5,-4.874,9,L,50(E3),E,-4.033,5
-1.296,-2.253,6,L,50(E3),F,-2.726,2
-1.551,-2.821,7,L,50(E3),G,-3.157,5
-2.063,-3.971,7,L,50(E3),H,-4.114,5
0.0716,0.08399,10,L,50(E3),I,0.1838,7
-2.29,-4.455,6,L,50(E3),K,-4.375,3
0,0,,L,50(E3),L,0,
-0.0632,-0.07765,11,L,50(E3),M,-0.00585,4
-1.402,-2.486,7,L,50(E3),N,-2.606,5
-5.582,-7.466,13,L,50(E3),P,-8,8
-1.8,-3.383,9,L,50(E3),Q,-2.877,6
-3.747,-6.627,11,L,50(E3),R,-6.524,5
-1.907,-3.626,6,L,50(E3),S,-3.76,5
-1.41,-2.502,5,L,50(E3),T,-2.588,4
-0.7713,-1.182,8,L,50(E3),V,-1.163,3
-1.038,-1.704,6,L,50(E3),W,-1.62,3
-1.732,-3.23,7,L,50(E3),Y,-2.878,5
-0.2121,-0.2739,10,L,51(E3),A,-0.7389,6
-0.4301,-0.5959,8,L,51(E3),C,-1.055,5
-2.408,-4.693,6,L,51(E3),D,,
-0.5075,-0.7201,6,L,51(E3),E,-0.8137,6
-0.7898,-1.216,13,L,51(E3),F,-1.676,8
-2.443,-4.764,8,L,51(E3),G,-3.052,3
-1.565,-2.852,9,L,51(E3),H,-2.808,5
0.7849,0.715,8,L,51(E3),I,-0.06218,3
-3.043,-5.799,10,L,51(E3),K,-5.389,2
0,0,,L,51(E3),L,0,
0.1735,0.1965,15,L,51(E3),M,-0.1114,6
-2.816,-5.443,12,L,51(E3),N,-6.709,7
-5.043,-7.342,11,L,51(E3),P,-8,7
0.1287,0.148,13,L,51(E3),Q,-0.5325,5
-3.995,-6.831,10,L,51(E3),R,-6.628,5
-0.708,-1.066,4,L,51(E3),S,-1.62,3
-0.3191,-0.4267,9,L,51(E3),T,-1.049,5
-0.04487,-0.05479,8,L,51(E3),V,0.002154,3
-3.202,-6.022,10,L,51(E3),W,-6.082,5
-0.6792,-1.014,4,L,51(E3),Y,-1.409,4
-3.189,-6.004,21,Q,52(E3),*,-8,4
-0.8213,-1.276,1,Q,52(E3),-,,
0.09909,0.1151,6,Q,52(E3),A,-0.365,1
0.04988,0.05896,9,Q,52(E3),C,-0.9479,3
0.2874,0.3126,7,Q,52(E3),D,0.1236,6
0.01651,0.01974,10,Q,52(E3),E,0.0042,4
0.2628,0.2884,7,Q,52(E3),F,0.1012,4
-0.3979,-0.5456,11,Q,52(E3),G,-1.233,4
-0.178,-0.2273,17,Q,52(E3),H,-0.3856,8
-0.06204,-0.07618,8,Q,52(E3),I,0.1426,4
-0.01256,-0.01516,3,Q,52(E3),K,-0.53,2
-0.601,-0.8771,15,Q,52(E3),L,-0.8039,10
-0.2655,-0.3489,14,Q,52(E3),M,-0.5623,6
0.4086,0.4258,4,Q,52(E3),N,0.4141,2
-0.4824,-0.6792,13,Q,52(E3),P,-0.1617,5
0,0,,Q,52(E3),Q,0,
-0.02245,-0.0272,17,Q,52(E3),R,-0.587,6
0.003901,0.004685,10,Q,52(E3),S,-1.046,5
0.04987,0.05894,14,Q,52(E3),T,-0.2129,5
0.4721,0.4809,10,Q,52(E3),V,0.5007,7
-0.2141,-0.2766,10,Q,52(E3),W,-0.7838,7
-0.6424,-0.9488,12,Q,52(E3),Y,-1.692,9
-0.6106,-0.8935,1,A,53(E3),-,,
0,0,,A,53(E3),A,0,
-0.8131,-1.26,5,A,53(E3),C,-1.739,3
-0.713,-1.075,13,A,53(E3),D,-0.7269,7
-0.05106,-0.06247,4,A,53(E3),E,1.255,1
-0.9617,-1.549,4,A,53(E3),F,-1.988,1
-0.3176,-0.4244,10,A,53(E3),G,-1.258,5
-0.8108,-1.256,8,A,53(E3),H,-0.9631,3
-0.6349,-0.9358,5,A,53(E3),I,-0.573,1
-0.1731,-0.2207,7,A,53(E3),K,-0.5032,4
-0.6353,-0.9364,7,A,53(E3),L,-1.084,6
-0.3751,-0.5106,11,A,53(E3),M,-0.3135,7
-0.4656,-0.6521,5,A,53(E3),N,-0.8241,4
-0.7729,-1.185,6,A,53(E3),P,-1.627,3
-0.7825,-1.203,8,A,53(E3),Q,-1.804,3
-1.055,-1.739,9,A,53(E3),R,-1.498,3
0.3592,0.3809,14,A,53(E3),S,0.4771,6
-0.2898,-0.3839,11,A,53(E3),T,-0.3402,2
0.9655,0.8248,14,A,53(E3),V,0.213,6
-0.7767,-1.192,15,A,53(E3),W,-1.822,7
-0.5429,-0.7786,11,A,53(E3),Y,-1.239,5
-0.6544,-0.9699,1,S,54(E3),-,,
0.1726,0.1955,12,S,54(E3),A,0.3121,5
-0.05101,-0.06241,9,S,54(E3),C,-0.5361,2
-1.684,-3.121,3,S,54(E3),D,-2.735,1
-0.455,-0.6353,5,S,54(E3),E,-0.6446,4
-0.02011,-0.02434,8,S,54(E3),F,0.2167,2
-0.1672,-0.2128,11,S,54(E3),G,-0.8482,6
1.358,1.011,1,S,54(E3),H,,
-0.0009923,-0.001193,5,S,54(E3),I,0.07934,1
-3.862,-6.727,7,S,54(E3),K,-6.436,5
-0.3211,-0.4297,3,S,54(E3),L,-0.9326,3
-0.4512,-0.6292,5,S,54(E3),M,-0.1406,2
-4.24,-6.996,6,S,54(E3),N,-7.338,2
-5.096,-7.357,12,S,54(E3),P,-8,9
-1.191,-2.025,15,S,54(E3),Q,-2.227,7
-5.138,-7.369,2,S,54(E3),R,-8,1
0,0,,S,54(E3),S,0,
1.094,0.8933,3,S,54(E3),T,0.3352,1
-0.2862,-0.3787,6,S,54(E3),V,-0.3222,3
-2.235,-4.34,7,S,54(E3),W,-4.591,3
-1.93,-3.676,8,S,54(E3),Y,-4.056,5
-0.6611,-0.9819,1,L,55(E3),-,,
-1.386,-2.45,7,L,55(E3),A,-2.31,3
-0.9662,-1.558,7,L,55(E3),C,-1.977,5
-4.147,-6.937,8,L,55(E3),D,-7.212,6
-2.831,-5.468,10,L,55(E3),E,-5.38,4
-0.3344,-0.4494,7,L,55(E3),F,-0.9265,5
-2.183,-4.23,8,L,55(E3),G,-3.659,7
-2.23,-4.33,6,L,55(E3),H,-5.761,5
0.1079,0.125,2,L,55(E3),I,-0.2181,2
-4.139,-6.931,7,L,55(E3),K,-7.147,4
0,0,,L,55(E3),L,0,
0.007966,0.009551,10,L,55(E3),M,-0.2751,6
-1.916,-3.646,11,L,55(E3),N,-3.702,7
-4.733,-7.237,8,L,55(E3),P,-8,6
-2.356,-4.59,8,L,55(E3),Q,-4.554,6
-4.914,-7.302,12,L,55(E3),R,-8,7
-1.636,-3.013,9,L,55(E3),S,-2.304,2
-0.1781,-0.2274,8,L,55(E3),T,-0.1815,5
-0.5367,-0.7682,12,L,55(E3),V,-0.9547,6
-1.917,-3.646,1,L,55(E3),W,-3.965,1
-1.015,-1.657,5,L,55(E3),Y,-1.746,3
-0.4623,-0.6469,1,T,56(E3),-,,
-0.4944,-0.6986,8,T,56(E3),A,-0.3508,4
-0.06572,-0.08081,7,T,56(E3),C,-0.00045,6
-0.3638,-0.4936,7,T,56(E3),D,0.0395,2
-0.4783,-0.6726,7,T,56(E3),E,-0.6744,3
0.2299,0.2551,9,T,56(E3),F,-0.5467,7
-0.4275,-0.5917,10,T,56(E3),G,-1.46,6
-0.6457,-0.9548,9,T,56(E3),H,-1.668,6
-0.2287,-0.2969,21,T,56(E3),I,-0.3841,6
-0.06088,-0.07473,7,T,56(E3),K,0.2409,4
-0.02294,-0.0278,11,T,56(E3),L,-0.02203,4
0.5044,0.508,8,T,56(E3),M,0.6306,4
-0.4909,-0.693,11,T,56(E3),N,-0.8709,8
-0.6823,-1.02,4,T,56(E3),P,-2.08,2
0.3809,0.4008,6,T,56(E3),Q,0.4715,5
-0.04265,-0.05203,16,T,56(E3),R,0.5602,5
0.7527,0.6936,6,T,56(E3),S,0.8451,3
0,0,,T,56(E3),T,0,
0.09797,0.1139,9,T,56(E3),V,-0.316,4
0.0873,0.1019,9,T,56(E3),W,-0.1388,8
-0.1574,-0.1996,11,T,56(E3),Y,-0.417,8
-5.196,-7.384,1,C,57(E3),*,-8,1
-1.169,-1.977,1,C,57(E3),-,,
-0.7655,-1.171,5,C,57(E3),A,-0.9757,2
0,0,,C,57(E3),C,0,
-0.8576,-1.345,10,C,57(E3),D,-1.401,6
-0.8956,-1.419,7,C,57(E3),E,-1.738,6
-0.8284,-1.289,19,C,57(E3),F,-1.586,6
-1.336,-2.341,11,C,57(E3),G,-1.598,4
-0.5751,-0.8327,6,C,57(E3),I,-0.981,5
-1.174,-1.988,13,C,57(E3),K,-1.748,5
-1.674,-3.099,9,C,57(E3),L,-3.483,7
-1.139,-1.914,7,C,57(E3),M,-1.688,4
-1.342,-2.353,8,C,57(E3),N,-2.503,5
-1.071,-1.773,10,C,57(E3),P,-1.943,6
-1.628,-2.995,12,C,57(E3),Q,-2.788,7
-0.9775,-1.581,10,C,57(E3),R,-1.758,5
-1.011,-1.648,5,C,57(E3),S,-2.086,4
-0.9873,-1.601,7,C,57(E3),T,-2.034,3
-1.733,-3.233,8,C,57(E3),V,-4.018,3
-0.945,-1.516,7,C,57(E3),W,-1.605,2
-1.543,-2.803,26,C,57(E3),Y,-1.256,3
-1.363,-2.4,1,S,58(E3),-,,
0.409,0.4261,6,S,58(E3),A,0.2423,4
-0.8769,-1.382,8,S,58(E3),C,-1.675,4
0.389,0.4082,6,S,58(E3),D,0.159,3
-0.018,-0.02178,6,S,58(E3),E,-0.9139,2
-0.5844,-0.8485,9,S,58(E3),F,-1.131,6
-0.02072,-0.02508,13,S,58(E3),G,-0.4652,4
0.3221,0.346,10,S,58(E3),H,-0.4969,8
-0.06996,-0.08615,15,S,58(E3),I,-0.6511,7
0.5453,0.5411,7,S,58(E3),K,0.7534,1
-0.001588,-0.001911,8,S,58(E3),L,0.0489,6
-0.5096,-0.7235,4,S,58(E3),M,-0.9392,1
-0.106,-0.1321,13,S,58(E3),N,0.3685,4
1.98,1.199,7,S,58(E3),P,0.07695,4
-0.5593,-0.806,4,S,58(E3),Q,1.043,1
-0.877,-1.382,5,S,58(E3),R,-1.095,1
0,0,,S,58(E3),S,0,
-0.4142,-0.571,12,S,58(E3),T,-0.5054,6
0.06573,0.07726,12,S,58(E3),V,-0.1724,8
0.9884,0.8375,5,S,58(E3),W,-3.093,2
1.257,0.9695,1,S,58(E3),Y,0.6554,1
0.05236,0.06183,7,P,59(E3),A,-1.897,3
1.368,1.015,4,P,59(E3),C,-0.5259,3
-0.5266,-0.7514,7,P,59(E3),D,-1.548,6
-0.3204,-0.4287,4,P,59(E3),E,-0.2095,3
4.948,1.415,9,P,59(E3),F,0.5937,4
-0.3002,-0.399,8,P,59(E3),G,-0.7789,7
0.4505,0.4625,18,P,59(E3),H,0.2552,7
0.3636,0.385,6,P,59(E3),I,-0.1446,5
-0.7167,-1.081,5,P,59(E3),K,-1.065,3
0.1762,0.1993,12,P,59(E3),L,-1.835,1
0.2118,0.2366,6,P,59(E3),M,0.1568,3
0.1743,0.1973,4,P,59(E3),N,-0.5505,2
0,0,,P,59(E3),P,0,
0.2302,0.2555,5,P,59(E3),Q,-0.1334,4
-0.6117,-0.8955,6,P,59(E3),R,-0.582,4
0.4007,0.4187,14,P,59(E3),S,0.1302,4
0.2158,0.2407,11,P,59(E3),T,-0.4349,4
0.00227,0.002726,7,P,59(E3),V,-0.155,4
0.2688,0.2943,2,P,59(E3),W,-0.001682,1
0.03902,0.04629,7,P,59(E3),Y,-0.0776,6
-5.218,-7.39,1,R,60(E3),*,-8,1
0.02317,0.02763,12,R,60(E3),A,-0.1914,4
-0.9464,-1.519,7,R,60(E3),C,-1.604,6
0.07608,0.0891,10,R,60(E3),D,0.3546,3
-0.5349,-0.7653,3,R,60(E3),E,-1.337,3
0.04845,0.05729,12,R,60(E3),F,0.08376,7
0.1623,0.1844,10,R,60(E3),G,0.2079,5
-0.4914,-0.6937,12,R,60(E3),H,-1.194,6
-0.01807,-0.02186,9,R,60(E3),I,-0.4602,3
0.8991,0.7864,8,R,60(E3),K,1.406,1
0.8347,0.747,8,R,60(E3),L,-0.1352,4
-1.035,-1.697,2,R,60(E3),M,,
-0.4033,-0.5539,3,R,60(E3),N,-1.127,3
0.3574,0.3792,10,R,60(E3),P,-0.1557,7
2.033,1.21,5,R,60(E3),Q,0.07319,3
0,0,,R,60(E3),R,0,
-0.1856,-0.2376,9,R,60(E3),S,-0.6693,2
0.7631,0.7006,6,R,60(E3),T,0.0335,2
0.6237,0.6018,5,R,60(E3),V,0.5657,2
-0.6422,-0.9486,3,R,60(E3),W,-1.277,2
0.3484,0.3709,8,R,60(E3),Y,0.02555,5
-0.652,-0.9657,1,R,61(E3),-,,
-0.5856,-0.8507,6,R,61(E3),A,-2.417,2
-1.651,-3.047,7,R,61(E3),C,-3.985,3
-0.5709,-0.8257,6,R,61(E3),D,-1.048,4
-0.4282,-0.5927,13,R,61(E3),E,-1.019,8
-0.9077,-1.442,11,R,61(E3),F,-1.483,7
-2.552,-4.973,2,R,61(E3),G,,
-0.964,-1.554,9,R,61(E3),H,-2.63,2
0.5279,0.5271,8,R,61(E3),I,0.4332,3
0.11,0.1273,9,R,61(E3),K,-0.2092,6
0.6057,0.5883,14,R,61(E3),L,0.1148,6
-0.9194,-1.465,5,R,61(E3),M,-2.469,3
-1.514,-2.736,4,R,61(E3),N,-2.78,1
-1.169,-1.977,8,R,61(E3),P,-1.862,4
-0.6887,-1.031,22,R,61(E3),Q,-1.696,9
0,0,,R,61(E3),R,0,
-1.399,-2.478,5,R,61(E3),S,-2.595,2
-0.9376,-1.501,3,R,61(E3),T,-1.926,2
6.138,1.423,7,R,61(E3),V,0.5952,5
-1.361,-2.394,17,R,61(E3),W,-3.355,5
-1.135,-1.905,10,R,61(E3),Y,-2.508,5
-5.693,-7.485,9,Q,62(E3),*,-8,2
-0.6103,-0.893,1,Q,62(E3),-,,
-0.7387,-1.122,8,Q,62(E3),A,-1.97,3
-0.1009,-0.1255,15,Q,62(E3),C,-1.847,8
0.09422,0.1097,8,Q,62(E3),D,0.3184,5
0.4787,0.4865,6,Q,62(E3),E,-0.1911,3
0.6438,0.6168,7,Q,62(E3),F,0.8127,3
0.6175,0.5972,13,Q,62(E3),G,0.5996,9
0.219,0.244,13,Q,62(E3),H,-0.4229,5
0.1614,0.1835,6,Q,62(E3),I,-0.07677,5
-0.5282,-0.7542,7,Q,62(E3),K,,
1.225,0.9554,5,Q,62(E3),L,0.5598,4
-0.1823,-0.2331,9,Q,62(E3),M,0.726,5
-0.1518,-0.1922,11,Q,62(E3),N,0.3434,3
0.1529,0.1743,2,Q,62(E3),P,,
0,0,,Q,62(E3),Q,0,
-0.1549,-0.1963,11,Q,62(E3),R,-0.6418,8
-0.01372,-0.01658,8,Q,62(E3),S,-0.3231,3
2.584,1.301,5,Q,62(E3),T,0.5921,3
-0.05553,-0.06804,4,Q,62(E3),V,-0.4245,3
-0.107,-0.1334,8,Q,62(E3),W,-0.566,6
-0.4257,-0.5889,6,Q,62(E3),Y,-0.3264,3
0.117,0.1351,1,R,63(E3),-,,
-0.2376,-0.3095,6,R,63(E3),A,-1.046,3
-0.02019,-0.02444,4,R,63(E3),C,-0.8216,2
-0.7202,-1.088,5,R,63(E3),D,-1.43,3
-0.1472,-0.186,3,R,63(E3),E,0.4079,2
-0.124,-0.1555,5,R,63(E3),F,-0.6478,5
-0.609,-0.8909,8,R,63(E3),G,-0.887,3
-0.1975,-0.2538,8,R,63(E3),H,-0.08185,4
-0.04171,-0.05087,6,R,63(E3),I,-0.8315,4
-0.3933,-0.5386,7,R,63(E3),K,-1.054,5
0.248,0.2736,12,R,63(E3),L,-0.02696,6
0.7517,0.6929,5,R,63(E3),M,-2.111,1
-0.6767,-1.01,6,R,63(E3),N,-1.044,4
-0.09933,-0.1235,4,R,63(E3),P,-0.06572,3
0.3047,0.3294,22,R,63(E3),Q,-0.04125,10
0,0,,R,63(E3),R,0,
0.917,0.797,4,R,63(E3),S,0.8563,3
0.2503,0.2758,6,R,63(E3),T,-0.5115,3
-0.6895,-1.032,6,R,63(E3),V,-1.458,3
0.04477,0.053,22,R,63(E3),W,-0.4384,8
-0.056,-0.06863,15,R,63(E3),Y,-0.1052,11
0.7765,0.7095,1,R,64(E3),-,,
-1.51,-2.729,6,R,64(E3),A,-3.147,4
-2.596,-5.054,9,R,64(E3),C,-5.02,5
-2.284,-4.441,7,R,64(E3),D,-4.758,4
-1.732,-3.23,10,R,64(E3),E,-3.631,7
-1.972,-3.77,10,R,64(E3),F,-4.248,5
-1.941,-3.701,19,R,64(E3),G,-3.747,8
-1.913,-3.639,6,R,64(E3),H,-4.045,4
-1.671,-3.092,8,R,64(E3),I,-3.692,5
-0.5348,-0.7651,16,R,64(E3),K,-2.029,4
-2.079,-4.006,10,R,64(E3),L,-4.402,5
-1.031,-1.69,13,R,64(E3),M,-2.387,9
-1.598,-2.926,11,R,64(E3),N,-2.968,8
-3.988,-6.826,11,R,64(E3),P,-7.049,4
-1.211,-2.067,5,R,64(E3),Q,-2.726,1
0,0,,R,64(E3),R,0,
-1.344,-2.358,18,R,64(E3),S,-2.338,11
-1.753,-3.277,14,R,64(E3),T,-3.678,8
-2.037,-3.914,11,R,64(E3),V,-4.569,6
-2.15,-4.16,18,R,64(E3),W,-4.418,10
-1.877,-3.558,9,R,64(E3),Y,-4.355,4
-1.162,-1.963,2,S,1(E2),-,,
-0.4948,-0.6993,9,S,1(E2),A,-0.9615,5
-1.557,-2.834,7,S,1(E2),C,-2.928,4
-1.373,-2.422,7,S,1(E2),D,-2.534,5
-1.158,-1.955,9,S,1(E2),E,-2.88,7
-1.14,-1.916,6,S,1(E2),F,-2.335,4
-0.7463,-1.136,8,S,1(E2),G,0.3584,3
-0.8689,-1.367,3,S,1(E2),H,-1.69,2
-2.89,-5.564,13,S,1(E2),I,-5.756,6
-3.484,-6.364,10,S,1(E2),K,-8,5
-2.451,-4.778,13,S,1(E2),L,-5.168,6
-1.181,-2.004,5,S,1(E2),M,-2.734,1
-0.665,-0.9888,9,S,1(E2),N,-0.6227,6
-4.767,-7.25,8,S,1(E2),P,-8,7
-0.5181,-0.7374,3,S,1(E2),Q,-1.826,1
-2.155,-4.17,18,S,1(E2),R,-4.206,7
0,0,,S,1(E2),S,0,
-1.19,-2.023,4,S,1(E2),T,-2.957,3
-1.992,-3.814,3,S,1(E2),V,-4.138,2
-1.495,-2.695,8,S,1(E2),W,-3.399,4
-1.352,-2.374,11,S,1(E2),Y,-3.018,4
-1.582,-2.889,2,I,2(E2),-,,
-0.5891,-0.8566,6,I,2(E2),A,-1.208,4
-1.608,-2.95,11,I,2(E2),C,-3.176,6
-1.28,-2.216,5,I,2(E2),D,-2.489,2
-1.632,-3.004,10,I,2(E2),E,-3.258,8
-0.6874,-1.029,14,I,2(E2),F,-1.59,8
-1.332,-2.331,4,I,2(E2),G,-3.992,2
0.09447,0.1099,10,I,2(E2),H,-0.3861,7
0,0,,I,2(E2),I,0,
-2.07,-3.985,5,I,2(E2),K,-4.297,2
0.08229,0.09618,11,I,2(E2),L,-1.656,5
-0.8899,-1.408,5,I,2(E2),M,-1.131,3
-0.7242,-1.095,6,I,2(E2),N,-1.371,5
-0.3959,-0.5425,8,I,2(E2),P,-0.7062,3
-0.4943,-0.6985,7,I,2(E2),Q,-0.5875,3
-2.414,-4.705,10,I,2(E2),R,-4.78,6
-0.2617,-0.3435,11,I,2(E2),S,-0.6591,5
0.1993,0.2236,3,I,2(E2),T,0.1734,1
-0.1914,-0.2455,6,I,2(E2),V,-0.4052,3
-0.851,-1.332,5,I,2(E2),W,-1.167,2
0.1667,0.1892,5,I,2(E2),Y,-0.0566,2
-2.446,-4.769,2,K,3(E2),*,,
-1.221,-2.089,2,K,3(E2),-,,
0.07473,0.08757,13,K,3(E2),A,-0.7153,4
-2.089,-4.027,9,K,3(E2),C,-4.446,3
-1.091,-1.813,8,K,3(E2),D,-2.128,4
-0.6793,-1.014,6,K,3(E2),E,-1.337,4
-0.4759,-0.6686,5,K,3(E2),F,-0.9162,4
-0.8664,-1.362,11,K,3(E2),G,-1.702,6
-0.1898,-0.2434,13,K,3(E2),H,-0.5184,8
-0.6341,-0.9344,5,K,3(E2),I,-1.285,2
0,0,,K,3(E2),K,0,
-0.4026,-0.5529,5,K,3(E2),L,-0.9587,2
-0.7786,-1.195,9,K,3(E2),M,-1.682,3
-0.7362,-1.117,13,K,3(E2),N,-1.764,3
-1.364,-2.402,10,K,3(E2),P,-2.445,8
0.3916,0.4105,5,K,3(E2),Q,0.08858,4
-0.08598,-0.1065,13,K,3(E2),R,-0.156,4
-0.1502,-0.19,10,K,3(E2),S,-0.5091,8
-0.832,-1.296,13,K,3(E2),T,-1.396,6
0.1861,0.2097,10,K,3(E2),V,-0.5834,5
-1.293,-2.245,4,K,3(E2),W,-2.55,4
-0.8391,-1.31,5,K,3(E2),Y,-2.137,2
-1.106,-1.845,2,D,4(E2),-,,
-1.154,-1.945,12,D,4(E2),A,-2.7,4
-1.419,-2.525,13,D,4(E2),C,-2.516,9
0,0,,D,4(E2),D,0,
0.1098,0.1271,9,D,4(E2),E,-0.8331,2
-1.637,-3.015,13,D,4(E2),F,-3.627,10
-1.534,-2.781,10,D,4(E2),G,-2.901,8
-1.752,-3.275,9,D,4(E2),H,-8,1
-1.742,-3.253,11,D,4(E2),I,-4.084,3
-2.25,-4.371,6,D,4(E2),K,-4.703,4
-1.628,-2.995,4,D,4(E2),L,-3.086,1
-1.554,-2.828,8,D,4(E2),M,-3.423,4
-1.126,-1.886,16,D,4(E2),N,-2.34,5
-1.992,-3.814,12,D,4(E2),P,-4.22,8
-0.5858,-0.8509,5,D,4(E2),Q,-1.427,2
-2.399,-4.675,8,D,4(E2),R,-5.037,3
-0.4642,-0.6498,6,D,4(E2),S,-1.556,3
-1.267,-2.187,11,D,4(E2),T,-2.468,6
-1.721,-3.205,7,D,4(E2),V,-3.647,4
-1.513,-2.734,11,D,4(E2),W,-3.96,6
-1.277,-2.21,10,D,4(E2),Y,-2.473,5
-0.9183,-1.463,2,N,5(E2),-,,
0.4478,0.4601,10,N,5(E2),A,-0.1371,6
-1.779,-3.336,6,N,5(E2),C,-3.237,3
1.217,0.9518,8,N,5(E2),D,1.088,4
-0.5418,-0.7768,8,N,5(E2),E,-2.955,2
-0.6034,-0.8811,9,N,5(E2),F,-1.656,6
-0.2033,-0.2617,7,N,5(E2),G,-0.8671,3
1.32,0.9961,9,N,5(E2),H,-0.09665,5
-0.8246,-1.282,13,N,5(E2),I,-2.039,5
-2.079,-4.005,5,N,5(E2),K,-3.308,3
-1.012,-1.651,11,N,5(E2),L,-2.205,7
-0.6433,-0.9505,6,N,5(E2),M,-1.743,4
0,0,,N,5(E2),N,0,
-1.172,-1.985,11,N,5(E2),P,-2.299,7
0.2484,0.2739,16,N,5(E2),Q,-0.1125,9
0.4421,0.4552,4,N,5(E2),R,,
0.1545,0.1761,11,N,5(E2),S,-0.6619,4
-0.4737,-0.6652,13,N,5(E2),T,-0.795,9
-0.3529,-0.4771,8,N,5(E2),V,-0.1666,4
-0.4508,-0.6285,3,N,5(E2),W,-0.9956,3
-0.6812,-1.018,6,N,5(E2),Y,-0.961,3
-5.16,-7.375,1,F,6(E2),*,-8,1
-0.2711,-0.3569,1,F,6(E2),-,,
-2.144,-4.146,7,F,6(E2),A,-6.006,2
-2.105,-4.062,12,F,6(E2),C,-5.001,4
-2.178,-4.219,7,F,6(E2),D,-3.727,3
-1.987,-3.802,7,F,6(E2),E,-4.05,4
0,0,,F,6(E2),F,0,
-2.121,-4.097,6,F,6(E2),G,-4.524,3
-2.434,-4.745,8,F,6(E2),H,-4.145,3
-1.635,-3.01,8,F,6(E2),I,-2.874,7
-5.959,-7.522,5,F,6(E2),K,-8,2
-0.5476,-0.7864,7,F,6(E2),L,,
-0.902,-1.431,3,F,6(E2),M,-0.5479,1
-2.906,-5.588,7,F,6(E2),N,-5.881,6
-2.2,-4.265,11,F,6(E2),P,-4.418,8
-2.43,-4.737,7,F,6(E2),Q,-5.051,4
-3.356,-6.217,7,F,6(E2),R,-6.717,5
-2.494,-4.863,7,F,6(E2),S,-5.258,4
-2.236,-4.343,11,F,6(E2),T,-4.386,6
2.473,1.286,2,F,6(E2),V,,
-0.6212,-0.912,5,F,6(E2),W,-1.382,2
0.3768,0.397,6,F,6(E2),Y,,
-0.1179,-0.1475,1,N,7(E2),-,,
0.02479,0.02956,8,N,7(E2),A,-0.4574,5
-1.511,-2.73,10,N,7(E2),C,-3.328,6
-0.1106,-0.1381,3,N,7(E2),D,-0.8369,1
0.2243,0.2494,9,N,7(E2),E,-0.167,6
-1.453,-2.599,8,N,7(E2),F,-2.839,4
-1.179,-1.999,7,N,7(E2),G,-1.595,4
-0.8495,-1.329,5,N,7(E2),H,-1.782,3
-1.153,-1.944,8,N,7(E2),I,-1.985,3
-1.771,-3.318,6,N,7(E2),K,-3.672,6
-0.6334,-0.9331,9,N,7(E2),L,-1.126,5
-0.1485,-0.1877,4,N,7(E2),M,,
0,0,,N,7(E2),N,0,
-4.682,-7.217,4,N,7(E2),P,-8,3
-0.6566,-0.9738,10,N,7(E2),Q,-1.411,6
-1.875,-3.552,5,N,7(E2),R,-3.825,3
-0.3454,-0.4659,6,N,7(E2),S,-1.28,3
-0.815,-1.264,11,N,7(E2),T,-1.75,5
-0.9329,-1.492,9,N,7(E2),V,-1.014,3
-1.237,-2.123,12,N,7(E2),W,-2.537,10
-1.539,-2.792,4,N,7(E2),Y,-3.059,2
-5.13,-7.367,1,V,8(E2),*,-8,1
-0.5662,-0.8177,1,V,8(E2),-,,
-0.6481,-0.9589,6,V,8(E2),A,-0.8542,4
-1.52,-2.75,7,V,8(E2),C,-3.157,4
-1.194,-2.031,9,V,8(E2),D,-1.62,3
-0.3508,-0.474,10,V,8(E2),E,-1.457,2
-2.126,-4.108,13,V,8(E2),F,-4.12,8
-2.609,-5.079,6,V,8(E2),G,-5.43,3
-1.582,-2.89,3,V,8(E2),H,-3.321,2
-1.042,-1.712,8,V,8(E2),I,-2.967,3
-2.765,-5.356,7,V,8(E2),K,-5.771,5
-1.125,-1.885,18,V,8(E2),L,-2.641,5
-0.4307,-0.5967,23,V,8(E2),M,-0.5356,3
-2.014,-3.863,10,V,8(E2),N,-4.287,4
0.009712,0.01164,8,V,8(E2),P,-0.1719,5
-0.579,-0.8394,7,V,8(E2),Q,-1.061,6
-5.741,-7.492,5,V,8(E2),R,-8,3
-1.406,-2.494,5,V,8(E2),S,-2.425,4
-1.959,-3.742,5,V,8(E2),T,-4.016,4
0,0,,V,8(E2),V,0,
-4.485,-7.129,9,V,8(E2),W,-7.582,4
-1.863,-3.527,4,V,8(E2),Y,-3.133,1
-7.344,-7.614,2,Y,9(E2),*,,
-1.195,-2.034,1,Y,9(E2),-,,
-0.3704,-0.5036,1,Y,9(E2),A,,
-4.944,-7.312,19,Y,9(E2),C,-8,13
-6.168,-7.545,9,Y,9(E2),D,-8,5
-4.447,-7.11,4,Y,9(E2),E,-8,2
-2.313,-4.502,2,Y,9(E2),F,,
-5.508,-7.453,12,Y,9(E2),G,-8,5
-3.582,-6.469,16,Y,9(E2),H,-7.758,9
-3.773,-6.65,12,Y,9(E2),I,-6.909,10
-5.995,-7.526,10,Y,9(E2),K,-8,5
-2.657,-5.167,8,Y,9(E2),L,-5.155,3
-2.453,-4.783,9,Y,9(E2),M,-5.75,5
-4.903,-7.298,10,Y,9(E2),N,-8,5
-4.467,-7.12,9,Y,9(E2),P,-7.543,5
-3.265,-6.105,5,Y,9(E2),Q,-6.06,2
-5.229,-7.393,7,Y,9(E2),R,-8,5
-5.287,-7.406,10,Y,9(E2),S,-8,5
-4.938,-7.31,4,Y,9(E2),T,-7.7,2
-3.816,-6.688,12,Y,9(E2),V,-7.305,7
-1.094,-1.819,10,Y,9(E2),W,-2.215,7
0,0,,Y,9(E2),Y,0,
-1.371,-2.418,1,K,10(E2),*,,
-0.1548,-0.1961,1,K,10(E2),-,,
-1.308,-2.279,10,K,10(E2),A,-2.161,3
-5.075,-7.352,8,K,10(E2),C,-8,3
-4.896,-7.296,7,K,10(E2),D,-8,4
-3.017,-5.761,8,K,10(E2),E,-6.846,2
-4.065,-6.882,8,K,10(E2),F,-8,2
-5.414,-7.434,11,K,10(E2),G,-8,6
-2.089,-4.027,14,K,10(E2),H,-4.259,6
-3.021,-5.766,9,K,10(E2),I,-6.001,5
0,0,,K,10(E2),K,0,
-3.976,-6.817,11,K,10(E2),L,-7.023,7
-2.624,-5.107,15,K,10(E2),M,-5.651,7
-4.123,-6.921,27,K,10(E2),N,-8,11
-4.862,-7.285,15,K,10(E2),P,-8,8
-2.048,-3.938,4,K,10(E2),Q,-4.729,3
-1.283,-2.223,28,K,10(E2),R,-2.504,9
-1.918,-3.65,8,K,10(E2),S,-3.466,3
-2.775,-5.374,10,K,10(E2),T,-5.829,4
-2.692,-5.23,12,K,10(E2),V,-4.677,5
-4.829,-7.273,13,K,10(E2),W,-8,5
-5.275,-7.403,9,K,10(E2),Y,-8,5
-0.612,-0.896,1,A,11(E2),-,,
0,0,,A,11(E2),A,0,
-0.8834,-1.395,4,A,11(E2),C,-1.684,3
-5.452,-7.442,10,A,11(E2),D,-8,4
-3.295,-6.143,5,A,11(E2),E,-6.469,4
-1.105,-1.843,6,A,11(E2),F,-2.241,3
-0.1329,-0.1672,5,A,11(E2),G,-1.076,3
-2.18,-4.222,2,A,11(E2),H,-4.556,1
-2.001,-3.834,5,A,11(E2),I,-3.762,2
-5.758,-7.495,5,A,11(E2),K,-8,3
-0.5466,-0.7848,6,A,11(E2),L,-0.8827,4
-0.1905,-0.2443,9,A,11(E2),M,-0.5025,3
-2.538,-4.947,6,A,11(E2),N,-5.245,4
-2.475,-4.826,7,A,11(E2),P,-4.886,3
-2.255,-4.381,4,A,11(E2),Q,-5.179,2
-5.848,-7.508,9,A,11(E2),R,-8,4
-0.3643,-0.4943,13,A,11(E2),S,-1.191,5
-0.3961,-0.5429,17,A,11(E2),T,-1.861,5
-0.756,-1.153,11,A,11(E2),V,-1.057,5
-4.491,-7.132,11,A,11(E2),W,-8,5
-2.233,-4.335,5,A,11(E2),Y,-4.936,4
0.2274,0.2526,1,I,12(E2),-,,
-4.576,-7.171,7,I,12(E2),A,-7.828,4
-3.906,-6.763,7,I,12(E2),C,-7.087,6
-5.149,-7.372,9,I,12(E2),D,-8,4
-6.595,-7.58,5,I,12(E2),E,-8,3
-5.604,-7.47,4,I,12(E2),F,-8,1
-5.769,-7.496,5,I,12(E2),G,-8,3
-5.446,-7.441,8,I,12(E2),H,-8,4
0,0,,I,12(E2),I,0,
-4.059,-6.877,10,I,12(E2),K,-6.98,7
3.475,1.375,7,I,12(E2),L,-0.1565,3
0.03615,0.04293,3,I,12(E2),M,,
-4.26,-7.007,6,I,12(E2),N,-8,4
-5.702,-7.486,15,I,12(E2),P,-8,7
-5.353,-7.421,2,I,12(E2),Q,-8,1
-5.207,-7.387,9,I,12(E2),R,-8,3
-1.945,-3.709,8,I,12(E2),S,-3.71,6
2.481,1.287,10,I,12(E2),T,0.2013,1
-0.8384,-1.308,5,I,12(E2),V,-1.709,3
-5.562,-7.463,4,I,12(E2),W,-8,2
-1.651,-3.047,4,I,12(E2),Y,-3.697,1
-2.195,-4.254,3,R,13(E2),-,,
-1.277,-2.209,4,R,13(E2),A,-3.141,1
-2.688,-5.221,6,R,13(E2),C,-6.007,4
-1.657,-3.06,7,R,13(E2),D,-2.502,1
-2.454,-4.786,10,R,13(E2),E,-4.97,5
-0.8719,-1.373,3,R,13(E2),F,-0.7384,2
-2.402,-4.682,16,R,13(E2),G,-4.488,7
-0.7543,-1.15,7,R,13(E2),H,-5.299,2
-1.415,-2.514,11,R,13(E2),I,-3.077,7
-0.8778,-1.384,13,R,13(E2),K,-1.748,5
-0.202,-0.26,9,R,13(E2),L,-0.4415,7
0.1968,0.221,9,R,13(E2),M,-0.8863,5
-0.6133,-0.8983,13,R,13(E2),N,-1.196,9
-5.063,-7.348,8,R,13(E2),P,-8,5
-0.5727,-0.8287,5,R,13(E2),Q,-1.138,3
0,0,,R,13(E2),R,0,
-0.9393,-1.505,4,R,13(E2),S,,
0.3088,0.3333,6,R,13(E2),T,-1.381,2
-0.8302,-1.293,7,R,13(E2),V,-1.324,4
-1.78,-3.34,4,R,13(E2),W,-3.345,2
-0.8042,-1.243,7,R,13(E2),Y,-1.952,2
-5.122,-7.365,1,P,14(E2),*,-8,1
0.3177,0.3418,2,P,14(E2),-,,
-2.771,-5.366,9,P,14(E2),A,-5.555,5
-5.409,-7.433,3,P,14(E2),C,-8,1
-6.069,-7.535,5,P,14(E2),D,-8,3
-5.178,-7.38,5,P,14(E2),E,-8,2
-5.894,-7.514,5,P,14(E2),F,-8,4
-4.193,-6.967,4,P,14(E2),G,-7.361,2
-5.58,-7.466,9,P,14(E2),H,-8,4
-5.94,-7.519,6,P,14(E2),I,-8,3
-5.83,-7.505,6,P,14(E2),K,-8,3
-5.385,-7.428,13,P,14(E2),L,-8,3
-5.354,-7.422,8,P,14(E2),M,-7.659,2
-4.536,-7.153,9,P,14(E2),N,-8,4
0,0,,P,14(E2),P,0,
-4.636,-7.198,9,P,14(E2),Q,-8,5
-6.448,-7.569,9,P,14(E2),R,-8,4
-5.219,-7.39,12,P,14(E2),S,-7.833,4
-4.276,-7.017,9,P,14(E2),T,-7.752,3
-3.959,-6.804,5,P,14(E2),V,-7.102,4
-3.599,-6.486,5,P,14(E2),W,-6.898,4
-6.334,-7.56,9,P,14(E2),Y,-7.926,2
-5.808,-7.502,6,Y,15(E2),*,,
-0.4419,-0.6144,1,Y,15(E2),-,,
-5.852,-7.508,6,Y,15(E2),A,-8,2
-6.033,-7.531,4,Y,15(E2),C,-8,3
-4.456,-7.114,11,Y,15(E2),D,-8,6
-3.831,-6.701,8,Y,15(E2),E,-6.772,5
-5.084,-7.354,8,Y,15(E2),F,-8,3
-4.797,-7.261,6,Y,15(E2),G,-8,3
-4.285,-7.022,12,Y,15(E2),H,-8,3
-4.102,-6.907,7,Y,15(E2),I,-7.217,7
-3.697,-6.582,10,Y,15(E2),K,-6.466,4
-4.877,-7.29,6,Y,15(E2),L,-7.599,2
-4.052,-6.873,10,Y,15(E2),M,-7.389,6
-4.565,-7.166,5,Y,15(E2),N,-7.908,2
-5.951,-7.521,4,Y,15(E2),P,-8,3
-5.384,-7.428,8,Y,15(E2),Q,-8,7
-5.524,-7.456,4,Y,15(E2),R,-8,2
-5.504,-7.452,3,Y,15(E2),S,-8,2
-5.872,-7.511,5,Y,15(E2),T,-7.067,2
-3.544,-6.429,14,Y,15(E2),V,-7.338,4
-5.602,-7.47,12,Y,15(E2),W,-8,7
0,0,,Y,15(E2),Y,0,
-2.028,-3.894,5,L,16(E2),A,-4.188,3
-1.333,-2.332,6,L,16(E2),C,-2.662,4
-5.144,-7.371,7,L,16(E2),D,-8,4
-2.947,-5.654,5,L,16(E2),E,-5.624,2
-0.711,-1.071,5,L,16(E2),F,-2.841,1
-2.398,-4.673,8,L,16(E2),G,-5.292,5
-0.3409,-0.459,9,L,16(E2),H,-0.9109,5
0.606,0.5884,7,L,16(E2),I,1.907,2
-1.009,-1.644,12,L,16(E2),K,-1.53,6
0,0,,L,16(E2),L,0,
-0.07957,-0.0983,11,L,16(E2),M,0.349,6
-0.3461,-0.4669,9,L,16(E2),N,-4.18,2
-4.055,-6.874,7,L,16(E2),P,-7.303,4
-1.054,-1.737,6,L,16(E2),Q,-1.762,3
-0.3369,-0.4532,8,L,16(E2),R,-1.278,3
-1.965,-3.754,5,L,16(E2),S,,
0.5215,0.522,3,L,16(E2),T,0.2503,2
-0.2869,-0.3797,8,L,16(E2),V,1.548,2
-3.177,-5.989,5,L,16(E2),W,-6.455,3
-0.08821,-0.1093,6,L,16(E2),Y,-0.2483,3
0,0,,A,17(E2),A,0,
-3.8,-6.675,10,A,17(E2),C,-7.342,9
-5.041,-7.342,14,A,17(E2),D,-8,3
-4.406,-7.089,4,A,17(E2),E,-8,3
-4.836,-7.276,11,A,17(E2),F,-8,6
-0.3998,-0.5486,12,A,17(E2),G,-0.6526,4
-5.91,-7.516,4,A,17(E2),H,-8,4
-5.363,-7.423,6,A,17(E2),I,-8,3
-5.841,-7.507,10,A,17(E2),K,-8,4
-4.788,-7.258,12,A,17(E2),L,-8,7
-5.278,-7.404,7,A,17(E2),M,-8,2
-5.375,-7.426,5,A,17(E2),N,-8,3
-5.374,-7.426,16,A,17(E2),P,-8,9
-4.39,-7.08,12,A,17(E2),Q,-8,6
-5.033,-7.34,8,A,17(E2),R,-7.834,6
-3.7,-6.584,9,A,17(E2),S,-6.707,3
-2.537,-4.945,54,A,17(E2),T,-4.448,11
-7.836,-7.627,7,A,17(E2),V,-8,3
-4.165,-6.949,7,A,17(E2),W,-8,4
-6.337,-7.56,11,A,17(E2),Y,-8,4
1.162,0.9264,4,H,18(E2),A,1.531,3
0.6546,0.6247,7,H,18(E2),C,0.7572,3
-0.2902,-0.3845,8,H,18(E2),D,-0.8295,5
0.6603,0.6289,1,H,18(E2),E,,
-0.543,-0.7788,7,H,18(E2),F,-0.2459,5
0.6937,0.6529,8,H,18(E2),G,0.8129,5
0,0,,H,18(E2),H,0,
1.86,1.171,6,H,18(E2),I,1.064,5
0.5374,0.5348,6,H,18(E2),K,0.562,3
3.283,1.364,11,H,18(E2),L,1.568,6
6.122,1.423,12,H,18(E2),M,1.065,8
2.543,1.296,16,H,18(E2),N,0.7922,9
0.94,0.8103,7,H,18(E2),P,0.5467,2
1.476,1.056,18,H,18(E2),Q,1.64,5
-0.3572,-0.4836,7,H,18(E2),R,-0.4625,5
4.855,1.414,8,H,18(E2),S,2.217,5
0.9474,0.8145,8,H,18(E2),T,1.862,3
1.581,1.091,12,H,18(E2),V,1.529,9
-2.728,-5.292,6,H,18(E2),W,-5.961,3
-0.1219,-0.1527,9,H,18(E2),Y,-1.646,4
-3.432,-6.306,4,C,19(E2),*,,
-4.415,-7.093,7,C,19(E2),A,-8,3
0,0,,C,19(E2),C,0,
-5.432,-7.438,11,C,19(E2),D,-8,5
-5.762,-7.495,4,C,19(E2),E,-8,3
-6.142,-7.542,15,C,19(E2),F,-8,6
-5.166,-7.377,12,C,19(E2),G,-8,8
-5.522,-7.455,9,C,19(E2),H,-8,5
-5.996,-7.526,6,C,19(E2),I,-8,4
-5.268,-7.402,6,C,19(E2),K,-8,3
-3.57,-6.456,3,C,19(E2),L,-6.906,2
-5.388,-7.429,10,C,19(E2),M,-8,3
-5.876,-7.511,8,C,19(E2),N,-8,3
-5.642,-7.477,4,C,19(E2),P,-7.873,2
-3.971,-6.813,7,C,19(E2),Q,-6.756,5
-5.627,-7.474,14,C,19(E2),R,-8,7
-6.479,-7.572,10,C,19(E2),S,-8,3
-5.608,-7.471,9,C,19(E2),T,-8,6
-5.688,-7.484,6,C,19(E2),V,-8,1
-6.342,-7.561,13,C,19(E2),W,-8,8
-6.44,-7.569,17,C,19(E2),Y,-8,6
-1.495,-2.695,10,P,20(E2),A,-2.335,6
-4.307,-7.035,7,P,20(E2),C,-7.656,4
-2.327,-4.53,5,P,20(E2),D,-5.186,4
-1.816,-3.42,13,P,20(E2),E,-4.031,7
-1.971,-3.768,9,P,20(E2),F,-3.987,5
-1.133,-1.902,5,P,20(E2),G,-4.659,1
-2.346,-4.57,13,P,20(E2),H,-4.178,2
-2.503,-4.88,4,P,20(E2),I,-4.286,3
-2.455,-4.787,7,P,20(E2),K,-5.226,3
-2.379,-4.636,8,P,20(E2),L,-4.755,4
-2.996,-5.728,10,P,20(E2),M,-4.929,4
-1.902,-3.613,4,P,20(E2),N,-3.976,2
0,0,,P,20(E2),P,0,
-1.572,-2.868,6,P,20(E2),Q,-3.465,5
-2.557,-4.982,6,P,20(E2),R,-5.776,2
0.2896,0.3147,5,P,20(E2),S,0.002715,1
-2.177,-4.217,7,P,20(E2),T,-5.265,3
-2.531,-4.934,6,P,20(E2),V,-6.65,1
-1.525,-2.762,10,P,20(E2),W,-2.349,7
-2.506,-4.885,8,P,20(E2),Y,-5.183,5
-1.249,-2.149,7,D,21(E2),A,-2.432,3
-2.176,-4.215,7,D,21(E2),C,-4.368,4
0,0,,D,21(E2),D,0,
3.73,1.386,9,D,21(E2),E,1.97,6
-1.472,-2.643,6,D,21(E2),F,-2.35,3
-5.196,-7.384,12,D,21(E2),G,-8,5
-0.7433,-1.13,11,D,21(E2),H,-1.188,5
-2.199,-4.263,4,D,21(E2),I,-4.721,3
-1.609,-2.951,11,D,21(E2),K,-3.754,6
-1.212,-2.069,5,D,21(E2),L,-2.755,2
-1.213,-2.071,9,D,21(E2),M,-2.59,5
-1.507,-2.721,22,D,21(E2),N,-3.247,5
-4.015,-6.846,7,D,21(E2),P,-7.591,4
-1.301,-2.262,5,D,21(E2),Q,-2.553,4
-1.834,-3.461,5,D,21(E2),R,-3.812,3
-0.7655,-1.171,3,D,21(E2),S,-4.059,1
-1.408,-2.498,5,D,21(E2),T,-2.939,3
-1.51,-2.727,11,D,21(E2),V,-2.71,6
-2.692,-5.228,6,D,21(E2),W,-5.406,2
-1.829,-3.449,11,D,21(E2),Y,-3.736,7
-5.794,-7.5,6,C,22(E2),A,-8,3
0,0,,C,22(E2),C,0,
-6.184,-7.547,8,C,22(E2),D,-8,5
-5.896,-7.514,4,C,22(E2),E,-8,4
-6.145,-7.543,15,C,22(E2),F,-8,8
-4.991,-7.327,6,C,22(E2),G,-8,4
-5.699,-7.486,5,C,22(E2),H,-8,2
-4.852,-7.281,7,C,22(E2),I,-7.559,1
-4.387,-7.079,6,C,22(E2),K,-7.61,4
-5.031,-7.339,6,C,22(E2),L,-8,5
-6.872,-7.596,6,C,22(E2),M,-8,4
-5.571,-7.464,10,C,22(E2),N,-8,9
-5.215,-7.389,6,C,22(E2),P,-8,3
-5.14,-7.369,8,C,22(E2),Q,-8,6
-5.634,-7.475,8,C,22(E2),R,-8,3
-8.266,-7.633,15,C,22(E2),S,-8,6
-5.622,-7.473,2,C,22(E2),T,-8,2
-5.64,-7.476,6,C,22(E2),V,-8,4
-5.591,-7.468,10,C,22(E2),W,-8,5
-3.84,-6.709,15,C,22(E2),Y,-6.051,3
-3.197,-6.015,1,G,23(E2),-,,
-1.038,-1.703,11,G,23(E2),A,-2.009,7
-4.408,-7.09,18,G,23(E2),C,-8,10
-0.3531,-0.4774,20,G,23(E2),D,-1.237,4
-0.2595,-0.3404,8,G,23(E2),E,-0.5532,4
-2.279,-4.431,10,G,23(E2),F,-4.767,4
0,0,,G,23(E2),G,0,
-1.751,-3.273,7,G,23(E2),H,-3.264,4
-2.761,-5.349,6,G,23(E2),I,-3.995,4
-1.803,-3.39,9,G,23(E2),K,-3.6,7
-1.751,-3.274,7,G,23(E2),L,-4.128,4
-1.707,-3.172,5,G,23(E2),M,-3.451,3
-0.1295,-0.1627,11,G,23(E2),N,0.08005,4
-5.413,-7.434,7,G,23(E2),P,-8,3
-0.9021,-1.432,6,G,23(E2),Q,-2.048,1
-2.305,-4.486,6,G,23(E2),R,-4.538,2
-0.2973,-0.3947,19,G,23(E2),S,-1.087,6
-1.775,-3.327,9,G,23(E2),T,-3.89,5
-2.438,-4.754,9,G,23(E2),V,-4.615,5
-2.314,-4.504,13,G,23(E2),W,-4.549,7
-2.001,-3.834,8,G,23(E2),Y,-4.027,4
-4.774,-7.253,10,E,24(E2),*,-8,1
-0.7683,-1.176,9,E,24(E2),A,-2.178,3
-1.284,-2.226,6,E,24(E2),C,-2.495,3
-0.5783,-0.8382,13,E,24(E2),D,-1.095,4
0,0,,E,24(E2),E,0,
-0.3372,-0.4535,8,E,24(E2),F,-0.7797,5
-1.484,-2.67,9,E,24(E2),G,-3.307,3
-0.6045,-0.8831,6,E,24(E2),H,-1.518,3
0.007941,0.009522,6,E,24(E2),I,-0.5696,2
-1.85,-3.498,14,E,24(E2),K,-3.155,2
-0.8253,-1.283,8,E,24(E2),L,-1.586,7
-0.4067,-0.5593,6,E,24(E2),M,-0.8923,4
-1.132,-1.9,7,E,24(E2),N,-2.256,6
-0.9588,-1.544,8,E,24(E2),P,-1.574,5
-1.541,-2.797,11,E,24(E2),R,-3.361,6
-1.289,-2.235,12,E,24(E2),S,-3.227,6
-0.6316,-0.93,10,E,24(E2),T,-1.148,4
-0.3615,-0.4901,14,E,24(E2),V,-0.6359,9
-0.8295,-1.291,4,E,24(E2),W,-1.561,4
-0.4428,-0.6158,6,E,24(E2),Y,-0.9676,2
0.975,0.8301,4,G,25(E2),A,0.3669,2
-3.925,-6.777,19,G,25(E2),C,-6.372,4
-0.8849,-1.398,20,G,25(E2),D,-0.11,4
-1.116,-1.866,8,G,25(E2),E,-2.048,5
0.9538,0.8182,5,G,25(E2),F,1.994,3
0,0,,G,25(E2),G,0,
-0.7093,-1.068,8,G,25(E2),H,-0.9308,3
-1.602,-2.934,7,G,25(E2),I,-3.399,4
-1.675,-3.102,3,G,25(E2),K,-3.607,1
-0.09339,-0.1159,5,G,25(E2),L,-0.1378,3
0.4214,0.4371,7,G,25(E2),M,0.3273,3
2.023,1.208,6,G,25(E2),N,-0.143,5
-5.326,-7.415,10,G,25(E2),P,-8,6
-0.8228,-1.279,12,G,25(E2),Q,-1.587,10
-2.462,-4.8,9,G,25(E2),R,-6.555,4
-0.295,-0.3914,12,G,25(E2),S,-0.6874,6
-1.347,-2.364,11,G,25(E2),T,-2.636,6
-1.93,-3.677,13,G,25(E2),V,-3.214,3
1.662,1.116,6,G,25(E2),W,1.111,4
1.909,1.183,11,G,25(E2),Y,0.955,7
3.254,1.362,1,H,26(E2),-,,
-0.1549,-0.1962,6,H,26(E2),A,0.1091,4
-0.1787,-0.2282,1,H,26(E2),C,,
-0.9406,-1.507,6,H,26(E2),D,-1.953,3
-0.6623,-0.984,8,H,26(E2),E,-1.572,4
0.4167,0.4329,9,H,26(E2),F,-0.1502,6
-0.76,-1.161,11,H,26(E2),G,-1.548,7
0,0,,H,26(E2),H,0,
-1.379,-2.434,7,H,26(E2),I,-2.505,5
-0.8325,-1.297,4,H,26(E2),K,-1.337,3
-1.495,-2.693,8,H,26(E2),L,-3.34,4
-0.4901,-0.6917,5,H,26(E2),M,-1.381,4
-0.2762,-0.3643,9,H,26(E2),N,-0.1227,3
-1.268,-2.191,9,H,26(E2),P,-2.613,3
-0.7774,-1.193,5,H,26(E2),Q,-0.9685,3
-1.27,-2.196,8,H,26(E2),R,-1.661,3
-0.3231,-0.4326,7,H,26(E2),S,-1.395,5
-0.2129,-0.2751,8,H,26(E2),T,-0.6317,4
-1.564,-2.85,9,H,26(E2),V,-3.381,4
-0.6022,-0.879,7,H,26(E2),W,-1.669,4
-0.2327,-0.3026,14,H,26(E2),Y,-0.4025,4
-0.2739,-0.3609,14,S,27(E2),A,-0.2005,6
-1.807,-3.4,6,S,27(E2),C,-1.813,2
-0.1414,-0.1783,7,S,27(E2),D,-0.7522,5
-1.087,-1.805,8,S,27(E2),E,-2.348,1
-1.289,-2.236,9,S,27(E2),F,-2.282,4
1.77,1.147,7,S,27(E2),G,0.9414,4
-0.9688,-1.564,8,S,27(E2),H,-1.836,5
-1.382,-2.441,5,S,27(E2),I,-3.158,2
0.6348,0.6101,2,S,27(E2),K,,
-1.598,-2.927,5,S,27(E2),L,-3.171,4
-1.528,-2.768,4,S,27(E2),M,-3.072,4
-1.125,-1.885,6,S,27(E2),N,-2.473,4
-0.984,-1.594,7,S,27(E2),P,-1.605,5
-0.802,-1.239,4,S,27(E2),Q,-1.473,2
-1.906,-3.623,10,S,27(E2),R,-3.499,5
0,0,,S,27(E2),S,0,
-0.5263,-0.751,4,S,27(E2),T,-1.141,3
-1.654,-3.053,5,S,27(E2),V,-2.96,2
-1.136,-1.909,12,S,27(E2),W,-2.41,4
-1.523,-2.758,8,S,27(E2),Y,-2.431,3
-4.656,-7.206,2,C,28(E2),*,-7.577,1
-1.794,-3.37,3,C,28(E2),A,-3.312,1
0,0,,C,28(E2),C,0,
-3.075,-5.846,5,C,28(E2),D,,
-5.039,-7.341,5,C,28(E2),E,-5.197,1
-7.163,-7.608,16,C,28(E2),F,-8,4
-5.317,-7.413,7,C,28(E2),G,-7.707,4
-3.993,-6.829,6,C,28(E2),H,-6.809,2
-5.771,-7.497,6,C,28(E2),I,-8,3
-5.425,-7.436,4,C,28(E2),K,-8,2
-5.431,-7.438,9,C,28(E2),L,-8,6
-6.618,-7.581,13,C,28(E2),M,-8,4
-5.897,-7.514,4,C,28(E2),N,-8,4
-5.59,-7.468,11,C,28(E2),P,-8,9
-5.638,-7.476,4,C,28(E2),Q,-8,2
-5.799,-7.501,9,C,28(E2),R,-8,3
-4.981,-7.324,6,C,28(E2),S,-7.726,2
-4.489,-7.131,8,C,28(E2),T,-8,3
-5.862,-7.509,12,C,28(E2),V,-8,7
-4.932,-7.308,11,C,28(E2),W,-8,8
-3.916,-6.771,15,C,28(E2),Y,-7.512,5
-2.919,-5.611,3,H,29(E2),A,-6.457,2
-4.131,-6.926,8,H,29(E2),C,-7.357,4
-1.567,-2.856,4,H,29(E2),D,-3.319,3
-2.379,-4.635,5,H,29(E2),E,-4.705,4
0.497,0.5018,7,H,29(E2),F,0.4842,5
-3.52,-6.403,10,H,29(E2),G,-6.677,6
0,0,,H,29(E2),H,0,
-1.609,-2.951,9,H,29(E2),I,-3.034,6
-4.729,-7.236,8,H,29(E2),K,-8,5
-3.843,-6.711,12,H,29(E2),L,-7.749,5
-4.099,-6.905,9,H,29(E2),M,-7.482,7
-1.878,-3.56,11,H,29(E2),N,-3.504,3
-2.674,-5.198,12,H,29(E2),P,-5.39,8
-1.586,-2.9,15,H,29(E2),Q,-4.004,6
-2.281,-4.435,7,H,29(E2),R,-4.422,3
-2.358,-4.592,7,H,29(E2),S,-5.086,3
-2.323,-4.522,5,H,29(E2),T,-6.325,3
-2.164,-4.19,8,H,29(E2),V,-4.612,4
-1.108,-1.848,7,H,29(E2),W,-2.222,3
0.3338,0.3572,8,H,29(E2),Y,-1.345,4
-5.577,-7.465,8,S,30(E2),A,-8,2
-4.496,-7.134,6,S,30(E2),C,-7.48,2
-5.583,-7.466,4,S,30(E2),D,-8,3
-5.06,-7.347,7,S,30(E2),E,-8,3
-5.049,-7.344,15,S,30(E2),F,-8,6
-3.912,-6.767,3,S,30(E2),G,-7.151,2
-4.91,-7.301,6,S,30(E2),H,-8,5
-4.956,-7.316,5,S,30(E2),I,-8,4
-4.743,-7.241,11,S,30(E2),K,-8,6
-4.739,-7.239,6,S,30(E2),L,-8,4
-5.192,-7.383,4,S,30(E2),M,-8,1
-3.871,-6.735,8,S,30(E2),N,-6.89,4
-6.351,-7.562,14,S,30(E2),P,-8,6
-6.091,-7.537,8,S,30(E2),Q,-8,5
-5.116,-7.363,8,S,30(E2),R,-8,3
0,0,,S,30(E2),S,0,
0.2625,0.288,12,S,30(E2),T,-0.5123,5
-5.488,-7.449,5,S,30(E2),V,-8,3
-8.727,-7.638,8,S,30(E2),W,-8,6
-1.708,-3.175,8,S,30(E2),Y,-3.013,1
0.5268,0.5263,3,P,31(E2),A,0.6677,3
-3.558,-6.443,5,P,31(E2),C,-7.008,2
-3.505,-6.388,6,P,31(E2),D,-6.974,1
-3.899,-6.757,5,P,31(E2),E,-7.08,2
-6.433,-7.568,8,P,31(E2),F,-7.585,2
-2.17,-4.201,6,P,31(E2),G,-4.077,3
-4.47,-7.121,10,P,31(E2),H,-8,4
-3.856,-6.722,8,P,31(E2),I,-7.258,3
-2.469,-4.813,8,P,31(E2),K,-6.614,2
-5.231,-7.393,9,P,31(E2),L,-8,2
-1.279,-2.215,8,P,31(E2),M,-2.141,4
-2.043,-3.928,10,P,31(E2),N,-3.723,7
0,0,,P,31(E2),P,0,
-2.061,-3.967,6,P,31(E2),Q,-4.206,4
-2.193,-4.252,9,P,31(E2),R,-4.39,5
-0.5977,-0.8714,8,P,31(E2),S,-0.8288,5
-1.655,-3.055,8,P,31(E2),T,-3.536,5
-1.274,-2.204,6,P,31(E2),V,-1.992,4
-5.558,-7.462,12,P,31(E2),W,-8,5
-5.17,-7.378,6,P,31(E2),Y,-8,4
-0.4669,-0.6542,6,V,32(E2),A,-0.274,4
0.1884,0.2122,3,V,32(E2),C,-0.01444,3
-3.907,-6.764,9,V,32(E2),D,-8,7
-5.683,-7.483,11,V,32(E2),E,-8,8
-6.362,-7.563,9,V,32(E2),F,-8,3
-5.925,-7.518,8,V,32(E2),G,-8,2
-5.655,-7.479,13,V,32(E2),H,-8,9
0.09221,0.1074,9,V,32(E2),I,-0.247,7
-5.689,-7.484,7,V,32(E2),K,-8,5
-3.911,-6.767,12,V,32(E2),L,-7.438,4
-2.147,-4.152,11,V,32(E2),M,-5.932,4
-4.801,-7.263,8,V,32(E2),N,-8,5
-6.046,-7.532,6,V,32(E2),P,-8,4
-5.939,-7.519,8,V,32(E2),Q,-8,3
-3.923,-6.776,7,V,32(E2),R,,
-1.78,-3.34,5,V,32(E2),S,-3.571,4
0.2049,0.2295,6,V,32(E2),T,-0.1518,3
0,0,,V,32(E2),V,0,
-5.472,-7.446,10,V,32(E2),W,-8,7
-5.07,-7.35,10,V,32(E2),Y,-8,6
-3.09,-5.868,1,A,33(E2),-,,
0,0,,A,33(E2),A,0,
-4.415,-7.094,6,A,33(E2),C,-7.76,3
-5.029,-7.338,15,A,33(E2),D,-8,4
-5.527,-7.456,9,A,33(E2),E,-8,7
-4.709,-7.228,7,A,33(E2),F,-8,3
-2.551,-4.971,4,A,33(E2),G,-5.226,2
-5.865,-7.51,8,A,33(E2),H,-8,3
-3.03,-5.78,5,A,33(E2),I,-4.545,2
-6.191,-7.547,12,A,33(E2),K,-8,7
-5.631,-7.475,4,A,33(E2),L,-8,2
-5.543,-7.459,4,A,33(E2),M,-7.021,2
-3.44,-6.316,2,A,33(E2),N,-6.636,2
-4.755,-7.246,11,A,33(E2),P,-8,5
-5.272,-7.403,6,A,33(E2),Q,-8,4
-5.163,-7.376,8,A,33(E2),R,-8,4
-1.246,-2.143,9,A,33(E2),S,-2.315,4
-1.809,-3.404,27,A,33(E2),T,-4.027,7
-4.884,-7.292,13,A,33(E2),V,-8,6
-5.615,-7.472,4,A,33(E2),W,-8,2
-5.428,-7.437,5,A,33(E2),Y,-8,4
-2.671,-5.192,1,L,34(E2),-,,
-5.098,-7.358,3,L,34(E2),A,-8,1
-3.765,-6.643,9,L,34(E2),C,-6.972,8
-4.872,-7.288,6,L,34(E2),D,-8,2
-5.004,-7.331,10,L,34(E2),E,-8,6
-2.766,-5.358,3,L,34(E2),F,-5.704,2
-6.264,-7.554,9,L,34(E2),G,-8,4
-4.961,-7.317,11,L,34(E2),H,-7.343,1
-1.112,-1.858,9,L,34(E2),I,-2.534,2
-4.721,-7.233,8,L,34(E2),K,-7.991,4
0,0,,L,34(E2),L,0,
-0.1518,-0.1921,8,L,34(E2),M,-3.187,2
-5.031,-7.339,7,L,34(E2),N,-8,2
-4.323,-7.044,21,L,34(E2),P,-6.357,5
-1.214,-2.073,6,L,34(E2),Q,-2.2,4
-5.215,-7.389,9,L,34(E2),R,-7.64,1
-5.893,-7.514,10,L,34(E2),S,-8,4
-1.929,-3.674,7,L,34(E2),T,-3.853,7
-1.472,-2.642,6,L,34(E2),V,-3.06,2
-5.995,-7.526,15,L,34(E2),W,-8,7
-5.46,-7.443,13,L,34(E2),Y,-8,6
-1.423,-2.532,5,E,35(E2),*,,
-2.715,-5.271,1,E,35(E2),-,,
-4.533,-7.152,7,E,35(E2),A,-8,3
-4.711,-7.228,10,E,35(E2),C,-8,5
-4.887,-7.293,9,E,35(E2),D,-8,2
0,0,,E,35(E2),E,0,
-4.866,-7.286,7,E,35(E2),F,-8,5
-5.163,-7.376,16,E,35(E2),G,-8,3
-3.892,-6.752,10,E,35(E2),H,-6.889,6
-4.422,-7.097,5,E,35(E2),I,-8,3
-4.083,-6.894,38,E,35(E2),K,-7.41,6
-5.341,-7.419,9,E,35(E2),L,-8,5
-4.97,-7.32,6,E,35(E2),M,-8,4
-4.672,-7.213,5,E,35(E2),N,-7.951,1
-4.849,-7.28,9,E,35(E2),P,-8,5
-4.77,-7.251,14,E,35(E2),Q,-8,10
-6.249,-7.553,13,E,35(E2),R,-8,7
-6.092,-7.537,7,E,35(E2),S,-8,5
-4.861,-7.284,7,E,35(E2),T,-8,4
-4.467,-7.12,5,E,35(E2),V,-8,3
-4.518,-7.145,5,E,35(E2),W,-8,1
-4.531,-7.151,5,E,35(E2),Y,-6.967,2
-0.0668,-0.08217,6,R,36(E2),A,-0.7371,5
-1.891,-3.588,6,R,36(E2),C,-5.467,2
-1.954,-3.73,7,R,36(E2),D,-3.611,4
-1.628,-2.995,9,R,36(E2),E,-3.287,6
-0.6099,-0.8923,7,R,36(E2),F,-1.329,2
-0.7219,-1.091,5,R,36(E2),G,0.7588,1
-0.5605,-0.8082,8,R,36(E2),H,-1.755,3
-0.6153,-0.9018,8,R,36(E2),I,-1.385,4
-1.113,-1.86,2,R,36(E2),K,,
-1.344,-2.357,10,R,36(E2),L,-2.709,5
-0.852,-1.334,3,R,36(E2),M,-0.6641,2
-0.08001,-0.09885,9,R,36(E2),N,-0.09511,3
-1.914,-3.639,3,R,36(E2),P,-3.83,1
-0.4431,-0.6162,18,R,36(E2),Q,-1.01,10
0,0,,R,36(E2),R,0,
-0.2707,-0.3564,11,R,36(E2),S,-0.4698,10
-0.1041,-0.1296,7,R,36(E2),T,0.1373,5
3.895,1.392,8,R,36(E2),V,0.8891,4
-0.4603,-0.6437,22,R,36(E2),W,-0.9231,6
-1.352,-2.375,6,R,36(E2),Y,-2.725,1
-2.951,-5.659,8,I,37(E2),A,-5.175,4
-4.37,-7.07,9,I,37(E2),C,-6.098,4
-4.351,-7.059,8,I,37(E2),D,-7.453,4
-5.207,-7.387,5,I,37(E2),E,-8,5
-4.267,-7.011,13,I,37(E2),F,-8,9
-4.469,-7.121,4,I,37(E2),G,-7.513,2
-4.964,-7.318,6,I,37(E2),H,-8,1
0,0,,I,37(E2),I,0,
-5.706,-7.487,5,I,37(E2),K,-8,3
-2.136,-4.129,6,I,37(E2),L,-4.14,2
-1.76,-3.293,6,I,37(E2),M,-5.252,2
-4.97,-7.32,10,I,37(E2),N,-8,4
-4.93,-7.308,9,I,37(E2),P,-8,5
-5.12,-7.364,10,I,37(E2),Q,-8,4
-6.012,-7.528,11,I,37(E2),R,-8,8
-5.145,-7.371,8,I,37(E2),S,-8,4
-0.8649,-1.359,1,I,37(E2),T,-1.72,1
0.1205,0.1389,6,I,37(E2),V,0.7748,3
-5.524,-7.456,7,I,37(E2),W,-8,4
-5.606,-7.47,3,I,37(E2),Y,-8,2
-1.403,-2.487,6,R,38(E2),A,-2.653,3
-5.58,-7.466,3,R,38(E2),C,-8,2
-4.809,-7.266,11,R,38(E2),D,-8,6
-5.279,-7.404,6,R,38(E2),E,-8,3
-0.162,-0.2058,1,R,38(E2),F,,
-2.617,-5.093,17,R,38(E2),G,-6.112,6
-3.218,-6.043,6,R,38(E2),H,-6.201,4
-1.746,-3.263,10,R,38(E2),I,-3.376,4
-1.836,-3.466,10,R,38(E2),K,-4.189,4
-1.19,-2.023,8,R,38(E2),L,-2.258,2
-0.6294,-0.9262,7,R,38(E2),M,-1.385,6
-2.006,-3.844,7,R,38(E2),N,-3.982,4
-4.769,-7.251,20,R,38(E2),P,-8,11
-1.043,-1.714,10,R,38(E2),Q,-2.135,6
0,0,,R,38(E2),R,0,
-1.744,-3.258,6,R,38(E2),S,-2.942,3
-4.24,-6.995,7,R,38(E2),T,-8,5
-1.606,-2.945,6,R,38(E2),V,-4,1
-1.616,-2.967,7,R,38(E2),W,-4.851,3
-2.208,-4.283,5,R,38(E2),Y,-2.659,1
-1.129,-1.894,9,N,39(E2),A,-1.69,5
-2.567,-5.001,12,N,39(E2),C,-5.777,5
0.6676,0.6342,7,N,39(E2),D,0.8549,3
-4.319,-7.041,8,N,39(E2),F,-7.217,2
-1.784,-3.348,8,N,39(E2),G,-3.87,5
-2.321,-4.518,15,N,39(E2),H,-4.347,7
-4.796,-7.261,10,N,39(E2),I,-8,2
-3.937,-6.787,9,N,39(E2),K,-6.607,8
-5.117,-7.363,13,N,39(E2),L,-8,8
-5.785,-7.499,7,N,39(E2),M,-8,3
0,0,,N,39(E2),N,0,
-5.626,-7.474,8,N,39(E2),P,-8,4
-1.729,-3.223,4,N,39(E2),Q,-2.872,1
-5.133,-7.368,5,N,39(E2),R,-8,4
-0.8215,-1.276,4,N,39(E2),S,-0.2156,1
-2.259,-4.391,10,N,39(E2),T,-4.383,6
-2.647,-5.149,6,N,39(E2),V,-5.062,3
-5.356,-7.422,3,N,39(E2),W,-8,2
-5.797,-7.5,8,N,39(E2),Y,-8,4
-4.402,-7.087,7,E,40(E2),*,-6.912,1
-1.445,-2.581,8,E,40(E2),A,-3.266,3
-3.877,-6.739,7,E,40(E2),C,-6.874,4
-2,-3.831,21,E,40(E2),D,-6.23,6
0,0,,E,40(E2),E,0,
-6.05,-7.533,8,E,40(E2),F,-8,5
-0.4305,-0.5964,12,E,40(E2),G,-0.9774,6
-3.046,-5.803,10,E,40(E2),H,-5.632,3
-3.734,-6.616,6,E,40(E2),I,-6.671,2
-4.293,-7.027,11,E,40(E2),K,-8,3
-5.758,-7.495,9,E,40(E2),L,-8,6
-4.8,-7.263,8,E,40(E2),M,-8,5
-4.337,-7.052,7,E,40(E2),N,-7.642,6
-5.481,-7.448,7,E,40(E2),P,-8,4
-2.436,-4.75,5,E,40(E2),Q,-4.968,3
-4.528,-7.149,16,E,40(E2),R,-8,9
-0.5804,-0.8418,10,E,40(E2),S,-0.7415,4
-4.758,-7.247,9,E,40(E2),T,-8,6
-5.745,-7.493,7,E,40(E2),V,-8,4
-5.236,-7.394,4,E,40(E2),W,-8,1
-4.495,-7.134,12,E,40(E2),Y,-8,7
0,0,,A,41(E2),A,0,
-5.832,-7.505,5,A,41(E2),C,-8,3
-5.492,-7.45,9,A,41(E2),D,-8,4
-5.785,-7.499,4,A,41(E2),E,-8,3
-5.097,-7.358,10,A,41(E2),F,-8,8
-5.801,-7.501,7,A,41(E2),G,-8,2
-5.384,-7.428,7,A,41(E2),H,-8,4
-5.782,-7.498,14,A,41(E2),I,-8,9
-5.491,-7.45,3,A,41(E2),K,-8,2
-4.359,-7.064,6,A,41(E2),L,-6.893,4
-4.23,-6.989,9,A,41(E2),M,-8,3
-4.196,-6.968,6,A,41(E2),N,-7.351,4
-3.989,-6.827,7,A,41(E2),P,-7.502,5
-5.503,-7.452,3,A,41(E2),Q,-8,2
-4.979,-7.323,12,A,41(E2),R,-8,6
-3.544,-6.429,9,A,41(E2),S,-6.921,3
-4.806,-7.265,19,A,41(E2),T,-8,8
-1.807,-3.4,19,A,41(E2),V,-3.375,6
-2.421,-4.719,5,A,41(E2),W,-6.314,2
-4.434,-7.103,9,A,41(E2),Y,-7.837,6
-2.91,-5.596,3,T,42(E2),A,-4.92,1
-6.22,-7.55,5,T,42(E2),C,-8,2
-4.443,-7.108,8,T,42(E2),D,-7.236,2
-4.709,-7.227,5,T,42(E2),E,-8,4
-5.804,-7.501,5,T,42(E2),F,-8,3
-2.557,-4.982,4,T,42(E2),G,,
-1.129,-1.894,1,T,42(E2),H,,
-6.151,-7.543,12,T,42(E2),I,,
-2.384,-4.645,1,T,42(E2),K,,
-1.148,-1.934,1,T,42(E2),L,,
-1.94,-3.699,3,T,42(E2),M,-4.011,2
-3.674,-6.56,6,T,42(E2),N,-6.951,4
-4.25,-7.001,14,T,42(E2),P,-7.2,8
-2.476,-4.828,13,T,42(E2),Q,-4.889,4
-3.843,-6.711,8,T,42(E2),R,-6.795,5
-0.9881,-1.602,7,T,42(E2),S,-1.277,6
0,0,,T,42(E2),T,0,
-3.249,-6.083,5,T,42(E2),V,-6.702,4
-5.132,-7.367,3,T,42(E2),W,-8,1
-3.646,-6.532,9,T,42(E2),Y,-6.045,3
-4.867,-7.286,9,D,43(E2),A,-8,7
-4.476,-7.124,10,D,43(E2),C,-7.294,7
0,0,,D,43(E2),D,0,
-3.678,-6.564,8,D,43(E2),E,-6.955,4
-5.641,-7.476,5,D,43(E2),F,-8,4
-7.245,-7.611,10,D,43(E2),G,-8,2
-5.538,-7.458,12,D,43(E2),H,-8,9
-4.797,-7.261,9,D,43(E2),I,-8,3
-4.937,-7.31,6,D,43(E2),K,-8,4
-4.452,-7.112,9,D,43(E2),L,-8,7
-4.689,-7.22,9,D,43(E2),M,-8,5
-4.515,-7.143,34,D,43(E2),N,-8,5
-4.975,-7.322,4,D,43(E2),P,-8,1
-4.755,-7.246,7,D,43(E2),Q,-7.749,4
-4.31,-7.036,8,D,43(E2),R,-8,3
-3.929,-6.781,9,D,43(E2),S,-6.791,4
-5.988,-7.525,8,D,43(E2),T,-8,4
-5.551,-7.461,11,D,43(E2),V,-7.938,4
-5.564,-7.463,3,D,43(E2),W,-8,3
-5.063,-7.348,13,D,43(E2),Y,-8,4
-1.44,-2.57,5,G,44(E2),A,-3.335,2
-4.421,-7.097,17,G,44(E2),C,-7.396,7
-4.959,-7.317,40,G,44(E2),D,-8,14
-3.674,-6.56,7,G,44(E2),E,-6.602,5
-5.153,-7.373,8,G,44(E2),F,-8,4
0,0,,G,44(E2),G,0,
-2.837,-5.478,9,G,44(E2),H,-5.76,4
-5.267,-7.402,6,G,44(E2),I,-8,5
-5.17,-7.377,6,G,44(E2),K,-8,4
-3.529,-6.413,5,G,44(E2),L,-6.876,2
-4.687,-7.219,11,G,44(E2),M,-8,8
-7.908,-7.628,8,G,44(E2),N,-6.377,5
-4.712,-7.229,10,G,44(E2),P,-8,2
-3.02,-5.765,5,G,44(E2),Q,-5.849,4
-6.08,-7.536,6,G,44(E2),R,-8,4
-1.802,-3.389,11,G,44(E2),S,-3.145,3
-4.067,-6.883,7,G,44(E2),T,-7.137,2
-5.631,-7.475,11,G,44(E2),V,-8,2
-5.581,-7.466,6,G,44(E2),W,-8,1
-6.34,-7.561,10,G,44(E2),Y,-8,6
-0.7425,-1.128,7,T,45(E2),A,-1.513,3
-1.474,-2.647,3,T,45(E2),C,-2.556,2
-4.586,-7.176,8,T,45(E2),D,-8,5
-4.222,-6.985,6,T,45(E2),E,-8,5
-5.568,-7.464,6,T,45(E2),F,-8,2
-0.8296,-1.291,4,T,45(E2),G,,
-2.716,-5.272,5,T,45(E2),H,-5.128,4
-1.468,-2.634,17,T,45(E2),I,-2.966,5
-1.938,-3.693,7,T,45(E2),K,-3.866,3
-1.039,-1.705,6,T,45(E2),L,-1.952,4
-0.5065,-0.7185,8,T,45(E2),M,-0.8806,7
-4.285,-7.022,6,T,45(E2),N,-7.375,1
-6.187,-7.547,12,T,45(E2),P,-8,4
-1.848,-3.493,6,T,45(E2),Q,-3.611,4
-4.268,-7.012,5,T,45(E2),R,-8,5
0.5402,0.5371,6,T,45(E2),S,0.8245,4
0,0,,T,45(E2),T,0,
-0.9565,-1.539,5,T,45(E2),V,-1.671,2
-4.448,-7.11,9,T,45(E2),W,-7.703,5
-2.117,-4.088,3,T,45(E2),Y,-4.421,1
-5.539,-7.458,3,L,46(E2),A,-8,2
-3.57,-6.457,6,L,46(E2),C,-6.436,3
-4.783,-7.256,6,L,46(E2),D,-8,4
-5.584,-7.467,5,L,46(E2),E,-7.934,4
-4.736,-7.238,6,L,46(E2),F,-7.912,4
-5.143,-7.37,2,L,46(E2),G,-8,1
-6.625,-7.582,6,L,46(E2),H,-8,4
-1.251,-2.153,4,L,46(E2),I,-2.514,2
-6.118,-7.54,7,L,46(E2),K,-8,4
0,0,,L,46(E2),L,0,
-1.35,-2.37,13,L,46(E2),M,-2.973,7
-5.343,-7.419,10,L,46(E2),N,-8,5
-5.195,-7.384,18,L,46(E2),P,-8,5
-6.32,-7.559,12,L,46(E2),Q,-8,6
-5.559,-7.462,10,L,46(E2),R,-8,6
-6.131,-7.541,14,L,46(E2),S,-8,8
-4.307,-7.035,3,L,46(E2),T,-7.425,2
-1.332,-2.33,6,L,46(E2),V,-2.602,2
-5.873,-7.511,11,L,46(E2),W,-8,9
-5.846,-7.507,5,L,46(E2),Y,-8,3
-3.355,-6.216,7,K,47(E2),A,-6.526,6
-2.984,-5.71,5,K,47(E2),C,-6.572,2
-5.993,-7.526,5,K,47(E2),D,-8,3
-5.471,-7.446,8,K,47(E2),E,-8,3
-3.002,-5.738,8,K,47(E2),F,-5.854,4
-4.774,-7.253,5,K,47(E2),G,-7.42,2
-0.5052,-0.7162,3,K,47(E2),H,-0.8404,1
-4.49,-7.131,14,K,47(E2),I,-7.899,10
0,0,,K,47(E2),K,0,
-2.297,-4.469,11,K,47(E2),L,-5.165,4
-2.272,-4.417,6,K,47(E2),M,-4.938,5
-2.703,-5.249,12,K,47(E2),N,-5.418,4
-5.496,-7.451,15,K,47(E2),P,-8,10
-4.765,-7.249,7,K,47(E2),Q,-8,5
-4.421,-7.096,6,K,47(E2),R,-8,3
-5.169,-7.377,9,K,47(E2),S,-8,7
-5.239,-7.395,5,K,47(E2),T,-8,2
-4.538,-7.154,9,K,47(E2),V,-8,5
-2.209,-4.285,8,K,47(E2),W,-4.485,5
-5.346,-7.42,9,K,47(E2),Y,-8,5
-4.82,-7.27,13,I,48(E2),A,-8,6
-5.547,-7.46,10,I,48(E2),C,-8,6
-5.06,-7.347,6,I,48(E2),D,-8,3
-5.534,-7.458,9,I,48(E2),E,-8,4
-6.149,-7.543,6,I,48(E2),F,-8,2
-5.502,-7.452,8,I,48(E2),G,-8,4
-5.213,-7.389,5,I,48(E2),H,-8,1
0,0,,I,48(E2),I,0,
-6.011,-7.528,13,I,48(E2),K,-8,8
-0.7277,-1.101,8,I,48(E2),L,-1.49,3
-2.158,-4.175,3,I,48(E2),M,-5.333,2
-4.974,-7.322,5,I,48(E2),N,-8,4
-5.627,-7.474,7,I,48(E2),P,-8,5
-5.305,-7.411,8,I,48(E2),Q,-8,4
-5.268,-7.402,11,I,48(E2),R,-8,4
-4.277,-7.018,8,I,48(E2),S,-7.681,2
-4.782,-7.256,5,I,48(E2),T,-8,3
0.1764,0.1995,14,I,48(E2),V,-0.9004,9
-5.52,-7.455,5,I,48(E2),W,-8,5
-4.472,-7.122,4,I,48(E2),Y,-7.47,2
-4.387,-7.079,11,Q,49(E2),*,-8,1
-5.488,-7.449,12,Q,49(E2),A,-8,7
-6.784,-7.591,7,Q,49(E2),C,,
-4.651,-7.204,7,Q,49(E2),D,-8,3
-4.894,-7.296,7,Q,49(E2),E,-4.377,2
-1.139,-1.914,12,Q,49(E2),F,-1.487,7
-5.322,-7.414,1,Q,49(E2),G,-8,1
-2.309,-4.494,16,Q,49(E2),H,-4.376,5
-4.196,-6.968,12,Q,49(E2),I,-6.739,4
-6.052,-7.533,19,Q,49(E2),K,-8,10
-5.046,-7.343,14,Q,49(E2),L,-8,4
3.154,1.355,5,Q,49(E2),M,0.6707,3
-7.915,-7.628,5,Q,49(E2),N,-8,3
-4.486,-7.129,8,Q,49(E2),P,-7.239,4
0,0,,Q,49(E2),Q,0,
-5.392,-7.43,18,Q,49(E2),R,-8,8
-4.405,-7.088,6,Q,49(E2),S,-8,5
-5.671,-7.481,6,Q,49(E2),T,-8,2
-3.873,-6.736,9,Q,49(E2),V,-7.391,6
-4.855,-7.282,3,Q,49(E2),W,-8,3
-5.444,-7.44,8,Q,49(E2),Y,-8,6
-1.382,-2.442,7,V,50(E2),A,-2.959,3
-0.6494,-0.9612,3,V,50(E2),C,-1.218,2
-5.403,-7.432,7,V,50(E2),D,-8,2
-4.716,-7.23,7,V,50(E2),E,-8,3
-3.837,-6.706,5,V,50(E2),F,,
-5.259,-7.4,8,V,50(E2),G,-8,7
-3.608,-6.495,7,V,50(E2),H,-3.858,3
-0.8622,-1.354,6,V,50(E2),I,-1.609,5
-5.761,-7.495,8,V,50(E2),K,-8,2
-1.438,-2.565,9,V,50(E2),L,-2.463,4
-1.755,-3.283,12,V,50(E2),M,-4.819,2
-5.368,-7.425,8,V,50(E2),N,-8,4
-5.821,-7.504,6,V,50(E2),P,-8,3
-5.588,-7.467,5,V,50(E2),Q,-8,4
-5.516,-7.454,2,V,50(E2),R,-8,2
-2.477,-4.829,9,V,50(E2),S,-5.471,7
-0.7823,-1.202,10,V,50(E2),T,-1.748,6
0,0,,V,50(E2),V,0,
-6.306,-7.558,8,V,50(E2),W,-8,4
-6.077,-7.535,7,V,50(E2),Y,-8,5
-0.9121,-1.451,1,S,51(E2),A,-1.76,1
-3.63,-6.517,5,S,51(E2),C,-3.731,1
-5.809,-7.502,11,S,51(E2),D,-8,9
-4.443,-7.108,7,S,51(E2),E,-7.452,6
-4.438,-7.105,17,S,51(E2),F,-7.755,9
-0.7547,-1.151,2,S,51(E2),G,-1.447,1
-3.847,-6.714,7,S,51(E2),H,-7.072,4
-4.791,-7.259,4,S,51(E2),I,-8,2
-4.878,-7.29,6,S,51(E2),K,-8,4
-5.951,-7.521,9,S,51(E2),L,-8,4
-4.681,-7.216,5,S,51(E2),M,-7.412,2
-5.209,-7.388,9,S,51(E2),N,-7.817,4
-4.342,-7.054,5,S,51(E2),P,-8,3
-4.516,-7.144,7,S,51(E2),Q,-7.427,3
-2.649,-5.153,4,S,51(E2),R,-5.261,3
0,0,,S,51(E2),S,0,
-1.154,-1.945,3,S,51(E2),T,-2.264,3
-1.2,-2.043,5,S,51(E2),V,-1.781,3
-4.875,-7.289,8,S,51(E2),Y,-8,4
-1.441,-2.573,6,L,52(E2),A,-2.556,2
-0.6498,-0.9619,3,L,52(E2),C,-0.9779,3
-4.304,-7.033,11,L,52(E2),D,-8,6
-4.883,-7.292,11,L,52(E2),E,-8,6
-3.498,-6.379,7,L,52(E2),F,-6.353,3
-4.35,-7.059,11,L,52(E2),G,-6.918,4
-5.603,-7.47,4,L,52(E2),H,-8,1
-1.411,-2.505,10,L,52(E2),I,-2.627,4
-10.66,-7.645,5,L,52(E2),K,-8,3
0,0,,L,52(E2),L,0,
-1.333,-2.333,14,L,52(E2),M,-2.699,6
-3.174,-5.984,8,L,52(E2),N,-6.15,7
-6.402,-7.566,15,L,52(E2),P,-8,1
-6.475,-7.571,7,L,52(E2),Q,-8,1
-5.855,-7.508,8,L,52(E2),R,-8,6
-2.535,-4.942,5,L,52(E2),S,-4.815,3
-3.708,-6.591,2,L,52(E2),T,,
-2.137,-4.13,5,L,52(E2),V,-4.433,3
-5.298,-7.409,3,L,52(E2),W,-8,1
-4.536,-7.153,7,L,52(E2),Y,-8,5
-3.303,-6.152,17,Q,53(E2),*,-6.201,3
-5.327,-7.415,13,Q,53(E2),A,-8,9
-4.433,-7.103,7,Q,53(E2),C,-7.67,4
-5.641,-7.476,5,Q,53(E2),D,-7.356,2
-4.792,-7.259,6,Q,53(E2),E,-7.769,4
-6.256,-7.553,9,Q,53(E2),F,-7.963,6
-5.015,-7.334,7,Q,53(E2),G,-8,4
-2.396,-4.67,18,Q,53(E2),H,-4.979,7
-5.14,-7.369,2,Q,53(E2),I,-8,1
-5.15,-7.372,9,Q,53(E2),K,-8,5
-2.972,-5.693,9,Q,53(E2),L,-5.745,2
-4.567,-7.167,5,Q,53(E2),M,-8,3
-4.718,-7.231,7,Q,53(E2),N,-8,3
-4,-6.835,3,Q,53(E2),P,-7.051,2
0,0,,Q,53(E2),Q,0,
-5.64,-7.476,15,Q,53(E2),R,-8,10
-4.643,-7.201,10,Q,53(E2),S,-8,5
-4.726,-7.234,7,Q,53(E2),T,-7.879,3
-5.441,-7.44,10,Q,53(E2),V,-8,4
-4.735,-7.238,9,Q,53(E2),W,-8,6
-3.813,-6.686,7,Q,53(E2),Y,-6.372,3
-0.314,-0.4193,7,I,54(E2),A,-0.7164,5
-0.7864,-1.21,6,I,54(E2),C,-0.5567,4
-5.609,-7.471,6,I,54(E2),D,-8,5
-3.947,-6.795,7,I,54(E2),E,-7.271,6
-2.173,-4.207,7,I,54(E2),F,-4.572,4
-5.017,-7.335,8,I,54(E2),G,-8,5
-4.822,-7.271,6,I,54(E2),H,-8,5
0,0,,I,54(E2),I,0,
-4.186,-6.962,9,I,54(E2),K,-8,5
-0.7217,-1.091,8,I,54(E2),L,-1.972,4
-1.037,-1.702,3,I,54(E2),M,-2.022,2
-1.699,-3.155,11,I,54(E2),N,-3.414,7
-5.342,-7.419,7,I,54(E2),P,-8,4
-6.378,-7.564,13,I,54(E2),Q,-8,5
-5.005,-7.331,5,I,54(E2),R,-7.624,4
-1.164,-1.967,8,I,54(E2),S,-1.992,4
-0.7765,-1.191,6,I,54(E2),T,-1.539,2
0.02781,0.03311,15,I,54(E2),V,-0.3549,8
-4.324,-7.044,7,I,54(E2),W,-7.892,4
-6.434,-7.568,13,I,54(E2),Y,-8,8
-2.555,-4.978,11,G,55(E2),A,-5.721,4
-2.738,-5.31,7,G,55(E2),C,-5.572,3
-4.475,-7.124,161,G,55(E2),D,-8,21
-1.684,-3.121,8,G,55(E2),E,-3.009,6
-5.036,-7.34,11,G,55(E2),F,-8,3
0,0,,G,55(E2),G,0,
-2.614,-5.089,3,G,55(E2),H,-4.861,1
-4.383,-7.076,6,G,55(E2),I,-7.059,3
-3.432,-6.307,7,G,55(E2),K,-6.686,2
-3.884,-6.745,6,G,55(E2),L,-7.326,1
-5.74,-7.492,10,G,55(E2),M,-8,5
-1.277,-2.21,4,G,55(E2),N,-2.454,2
-5.826,-7.504,4,G,55(E2),P,-8,3
-5.204,-7.386,3,G,55(E2),Q,-8,1
-3.89,-6.75,12,G,55(E2),R,-6.688,6
-3.434,-6.309,19,G,55(E2),S,-8,3
-4.223,-6.985,8,G,55(E2),T,-7.521,6
-3.912,-6.767,12,G,55(E2),V,-6.201,2
-6.596,-7.58,11,G,55(E2),W,-8,7
-5.351,-7.421,8,G,55(E2),Y,-8,2
-1.592,-2.912,1,I,56(E2),-,,
-3.217,-6.042,6,I,56(E2),A,-6.374,2
-3.774,-6.652,5,I,56(E2),C,-6.351,1
-4.619,-7.19,5,I,56(E2),D,-8,5
-4.166,-6.95,7,I,56(E2),E,-8,4
-0.7194,-1.086,6,I,56(E2),F,-2.048,3
-5.46,-7.444,6,I,56(E2),G,-8,6
-4.653,-7.205,6,I,56(E2),H,-8,3
0,0,,I,56(E2),I,0,
-5.929,-7.518,5,I,56(E2),K,-8,4
0.2885,0.3137,7,I,56(E2),L,0.05921,6
-1.021,-1.67,11,I,56(E2),M,-1.844,7
-4.87,-7.287,6,I,56(E2),N,-7.694,4
-4.342,-7.054,12,I,56(E2),P,-8,7
-4.783,-7.256,2,I,56(E2),Q,-8,1
-5.291,-7.407,6,I,56(E2),R,-8,5
-4.612,-7.187,12,I,56(E2),S,-7.739,7
-5.791,-7.5,9,I,56(E2),T,-8,3
-0.5031,-0.7129,7,I,56(E2),V,-0.9259,5
-1.982,-3.792,9,I,56(E2),W,-4.025,6
-4.821,-7.27,4,I,56(E2),Y,-5.044,1
-4.954,-7.315,1,K,57(E2),*,,
-0.06484,-0.0797,1,K,57(E2),C,-0.4045,1
-0.2394,-0.3119,2,K,57(E2),D,0.07663,1
-6.001,-7.527,11,K,57(E2),E,-8,2
-5.74,-7.492,7,K,57(E2),F,-8,4
1.16,0.9251,1,K,57(E2),G,,
-3.09,-5.867,8,K,57(E2),H,-5.983,6
-2.581,-5.027,7,K,57(E2),I,-5.419,3
0,0,,K,57(E2),K,0,
-1.595,-2.92,2,K,57(E2),L,-3.288,1
-1.264,-2.183,5,K,57(E2),M,-2.839,1
-0.1266,-0.159,15,K,57(E2),N,-0.579,6
-5.446,-7.441,4,K,57(E2),P,-8,2
-1.811,-3.408,7,K,57(E2),Q,-3.565,5
1.116,0.9043,7,K,57(E2),R,1.097,3
-0.3052,-0.4062,4,K,57(E2),S,-2.571,2
-0.3339,-0.4486,11,K,57(E2),T,-1.887,2
-2.051,-3.943,3,K,57(E2),V,-4.627,1
-4.627,-7.194,7,K,57(E2),W,-8,3
-3.577,-6.464,6,K,57(E2),Y,-6.901,4
0.5441,0.5402,6,T,58(E2),A,-0.1495,4
-0.7123,-1.074,5,T,58(E2),C,-1.231,1
-5.19,-7.383,3,T,58(E2),D,-7.839,2
0.2896,0.3148,4,T,58(E2),E,-0.4333,1
-1.813,-3.413,5,T,58(E2),F,-3.463,2
-0.32,-0.4281,4,T,58(E2),G,-0.5849,2
-0.9426,-1.511,4,T,58(E2),H,-1.188,2
-0.6519,-0.9657,12,T,58(E2),I,-1.088,5
-1.275,-2.206,4,T,58(E2),K,-2.204,3
-1.224,-2.096,6,T,58(E2),L,-2.147,4
-1.188,-2.017,4,T,58(E2),M,-2.797,2
-1.629,-2.997,6,T,58(E2),N,-2.249,1
-3.679,-6.565,7,T,58(E2),P,-6.841,3
-0.7289,-1.104,3,T,58(E2),Q,-1.316,3
-1.648,-3.039,3,T,58(E2),R,-3.606,2
0.722,0.6726,8,T,58(E2),S,1.009,7
0,0,,T,58(E2),T,0,
-0.2503,-0.3273,8,T,58(E2),V,-0.7822,4
-1.332,-2.331,5,T,58(E2),W,-3.248,2
-1.293,-2.245,5,T,58(E2),Y,-1.546,2
0.9894,0.8381,1,D,59(E2),-,,
-4.858,-7.283,12,D,59(E2),A,-8,8
-6.259,-7.554,7,D,59(E2),C,-8,6
0,0,,D,59(E2),D,0,
-5.366,-7.424,6,D,59(E2),E,-8,3
-3.947,-6.794,9,D,59(E2),F,-6.853,5
-4.301,-7.031,3,D,59(E2),G,-8,1
-5.842,-7.507,4,D,59(E2),H,-8,2
-4.484,-7.128,5,D,59(E2),I,-8,3
-3.515,-6.399,7,D,59(E2),K,-6.607,4
-6.048,-7.532,5,D,59(E2),L,-8,2
-5.708,-7.487,4,D,59(E2),M,-8,3
-3.03,-5.78,18,D,59(E2),N,-6.267,3
-4.195,-6.968,11,D,59(E2),P,-7.77,8
-5.369,-7.425,5,D,59(E2),Q,-8,3
-4.296,-7.029,8,D,59(E2),R,-7.136,2
-3.138,-5.934,3,D,59(E2),S,-6.646,2
-2.887,-5.559,8,D,59(E2),T,-6.751,3
-5.504,-7.452,8,D,59(E2),V,-8,4
-5.407,-7.433,8,D,59(E2),W,-8,5
-5.581,-7.466,10,D,59(E2),Y,-8,1
-0.1404,-0.1771,1,D,60(E2),-,,
-2.988,-5.716,6,D,60(E2),A,-5.785,4
-2.817,-5.445,1,D,60(E2),C,,
0,0,,D,60(E2),D,0,
-1.484,-2.67,6,D,60(E2),E,-3.651,1
-5.021,-7.336,5,D,60(E2),F,-8,2
0.6793,0.6426,5,D,60(E2),G,-0.7278,3
-3.62,-6.507,11,D,60(E2),H,-6.864,6
-5.504,-7.452,3,D,60(E2),I,-8,2
-4.791,-7.259,5,D,60(E2),K,-7.095,2
-5.295,-7.408,4,D,60(E2),L,-8,3
-2.812,-5.436,8,D,60(E2),M,-6.872,4
-0.8962,-1.42,9,D,60(E2),N,-4.162,2
-5.054,-7.346,9,D,60(E2),P,-8,5
-4.738,-7.239,5,D,60(E2),Q,-8,3
-4.43,-7.101,6,D,60(E2),R,-8,3
-2.383,-4.644,8,D,60(E2),S,-4.8,6
-4.138,-6.931,6,D,60(E2),T,-8,2
-5.332,-7.416,5,D,60(E2),V,-8,5
-4.292,-7.026,6,D,60(E2),W,-8,5
-4.878,-7.29,11,D,60(E2),Y,-7.768,3
-0.2327,-0.3026,2,S,61(E2),-,,
-0.9777,-1.581,7,S,61(E2),A,-1.868,4
-0.4926,-0.6957,7,S,61(E2),C,-1.037,5
-1.288,-2.233,9,S,61(E2),D,-2.566,7
1.16,0.9255,4,S,61(E2),E,-0.6286,2
-2.106,-4.064,8,S,61(E2),F,-3.801,1
-2.022,-3.881,11,S,61(E2),G,-3.537,6
-0.4477,-0.6236,8,S,61(E2),H,-2.54,2
-0.6719,-1.001,12,S,61(E2),I,-2.566,2
-1.626,-2.989,12,S,61(E2),K,-2.927,7
-0.7793,-1.197,11,S,61(E2),L,-1.203,4
-0.3012,-0.4004,8,S,61(E2),M,-0.5457,7
0.007124,0.008544,21,S,61(E2),N,-0.1105,5
-6.356,-7.562,7,S,61(E2),P,-8,6
0.3637,0.3851,8,S,61(E2),Q,-1.256,4
-3.867,-6.731,4,S,61(E2),R,-2.209,1
0,0,,S,61(E2),S,0,
1.923,1.186,4,S,61(E2),T,1.173,2
-0.5109,-0.7256,4,S,61(E2),V,-1.069,2
-5.512,-7.454,3,S,61(E2),W,-8,2
-2.17,-4.201,9,S,61(E2),Y,-4.161,3
0.2631,0.2887,2,H,62(E2),-,,
-0.04247,-0.05181,5,H,62(E2),A,-0.8271,3
-0.9467,-1.52,2,H,62(E2),C,-1.829,2
-1.71,-3.18,5,H,62(E2),D,-2.782,3
-0.6111,-0.8944,4,H,62(E2),E,-1.088,3
-0.4405,-0.6121,5,H,62(E2),F,-1.026,5
-2.522,-4.916,2,H,62(E2),G,-5.264,2
0,0,,H,62(E2),H,0,
-1.736,-3.239,4,H,62(E2),I,,
-1.092,-1.815,8,H,62(E2),K,-1.356,3
1.023,0.8562,13,H,62(E2),L,0.9626,7
-0.2807,-0.3707,10,H,62(E2),M,-0.6969,4
-1.273,-2.201,11,H,62(E2),N,-2.443,5
1.75,1.142,4,H,62(E2),P,0.4578,1
-1.154,-1.947,8,H,62(E2),Q,-2.806,3
-1.538,-2.792,9,H,62(E2),R,-3.819,3
-1.524,-2.76,4,H,62(E2),S,-2.697,2
-1.098,-1.829,6,H,62(E2),T,-2.216,2
0.5455,0.5413,5,H,62(E2),V,0.9697,4
-0.7041,-1.059,9,H,62(E2),W,-1.47,5
1.455,1.048,12,H,62(E2),Y,0.3313,5
-0.7532,-1.148,2,D,63(E2),-,,
-2.089,-4.028,2,D,63(E2),A,-4.609,1
-3.323,-6.176,5,D,63(E2),C,-6.85,2
0,0,,D,63(E2),D,0,
-3.03,-5.78,14,D,63(E2),E,-5.747,8
-4.188,-6.963,8,D,63(E2),F,-8,4
-4.343,-7.055,9,D,63(E2),G,-8,7
-4.9,-7.298,6,D,63(E2),H,-8,5
-4.262,-7.008,2,D,63(E2),I,-4.937,1
-5.593,-7.468,5,D,63(E2),K,-8,3
-4.689,-7.22,8,D,63(E2),L,-6.164,1
-5.121,-7.364,7,D,63(E2),M,-8,4
-3.365,-6.228,8,D,63(E2),N,-7.364,2
-4.577,-7.172,3,D,63(E2),P,-7.369,2
-2.934,-5.633,5,D,63(E2),Q,-6.467,4
-6.785,-7.591,8,D,63(E2),R,-8,6
-5.099,-7.359,4,D,63(E2),S,-8,3
-4.337,-7.052,11,D,63(E2),V,-7.538,4
-7.465,-7.618,5,D,63(E2),W,-8,1
-4.21,-6.977,12,D,63(E2),Y,-6.883,2
-4.986,-7.325,35,W,64(E2),*,-8,2
-0.3299,-0.4427,2,W,64(E2),-,,
-0.284,-0.3754,10,W,64(E2),A,-0.9509,8
-1.15,-1.937,6,W,64(E2),C,-2.458,3
-0.9501,-1.526,9,W,64(E2),D,-2.069,6
-1.126,-1.886,6,W,64(E2),E,-2.033,4
0.1197,0.1381,7,W,64(E2),F,0.0213,2
-0.9344,-1.495,8,W,64(E2),G,-1.779,7
0.0504,0.05955,12,W,64(E2),H,0.3262,8
0.1965,0.2207,7,W,64(E2),I,-0.05867,5
-1.426,-2.539,7,W,64(E2),K,-3.062,4
-0.07523,-0.0928,10,W,64(E2),L,-0.0324,4
0.647,0.6192,5,W,64(E2),M,-0.3677,1
0.9903,0.8386,3,W,64(E2),N,-0.5964,2
-0.7058,-1.062,3,W,64(E2),P,-1.006,3
-0.9219,-1.47,6,W,64(E2),Q,-1.761,3
-1.519,-2.747,20,W,64(E2),R,-3.329,8
-0.7449,-1.133,9,W,64(E2),S,-1.947,6
0.07684,0.08997,5,W,64(E2),T,-2.015,2
-0.3427,-0.4617,2,W,64(E2),V,-5.128,1
0,0,,W,64(E2),W,0,
-0.5428,-0.7785,4,W,64(E2),Y,-1.978,3
-0.3471,-0.4683,2,T,65(E2),-,,
-0.6974,-1.047,10,T,65(E2),A,-1.708,6
-1.656,-3.059,10,T,65(E2),C,-3.22,8
-0.6649,-0.9885,7,T,65(E2),D,-1.306,4
-0.1901,-0.2437,8,T,65(E2),E,-1.908,2
-5.311,-7.412,4,T,65(E2),F,-8,1
-1.22,-2.087,3,T,65(E2),G,-2.386,1
-3.468,-6.347,7,T,65(E2),H,-6.595,5
-7.391,-7.616,5,T,65(E2),I,-6.406,2
-1.573,-2.87,13,T,65(E2),K,-3.101,8
-2.89,-5.564,6,T,65(E2),L,-5.66,4
-4.919,-7.304,4,T,65(E2),M,-8,1
-0.4337,-0.6014,11,T,65(E2),N,-0.789,5
-5.2,-7.385,6,T,65(E2),P,-8,5
-0.6146,-0.9005,6,T,65(E2),Q,-1.493,2
-2.292,-4.458,9,T,65(E2),R,-4.407,5
-0.4457,-0.6204,6,T,65(E2),S,-0.832,5
0,0,,T,65(E2),T,0,
-4.451,-7.112,6,T,65(E2),V,-7.624,4
-5.123,-7.365,2,T,65(E2),W,,
-3.571,-6.457,3,T,65(E2),Y,-6.814,3
-0.6382,-0.9415,2,K,66(E2),-,,
-0.4834,-0.6808,8,K,66(E2),A,-0.5156,4
-0.7749,-1.188,6,K,66(E2),C,-1.984,3
-4.464,-7.118,5,K,66(E2),D,-6.526,3
-4.961,-7.318,2,K,66(E2),E,-7.877,1
-1.283,-2.223,9,K,66(E2),F,-2.937,6
-1.439,-2.568,7,K,66(E2),G,-3.663,4
-2.539,-4.949,6,K,66(E2),H,-5.079,4
-0.338,-0.4547,9,K,66(E2),I,-0.9475,5
0,0,,K,66(E2),K,0,
-2.2,-4.265,7,K,66(E2),L,-4.607,5
-0.8344,-1.301,8,K,66(E2),M,-3.627,4
-1.396,-2.473,11,K,66(E2),N,-2.851,5
-5.453,-7.442,10,K,66(E2),P,-8,6
-1.575,-2.875,7,K,66(E2),Q,-2.521,4
-1.15,-1.937,7,K,66(E2),R,-1.97,2
-1.199,-2.042,7,K,66(E2),S,-2.146,3
-1.076,-1.782,6,K,66(E2),T,-0.97,1
1.874,1.174,5,K,66(E2),V,0.6996,4
-1.347,-2.363,6,K,66(E2),W,-2.716,5
-0.7735,-1.186,4,K,66(E2),Y,-1.418,1
-0.5707,-0.8253,2,L,67(E2),-,,
-4.844,-7.278,6,L,67(E2),A,-8,3
-4.426,-7.099,13,L,67(E2),C,-7.937,5
-4.842,-7.278,6,L,67(E2),D,-7.648,4
-5.633,-7.475,11,L,67(E2),E,-8,6
-2.385,-4.647,8,L,67(E2),F,-4.499,4
-5.589,-7.468,4,L,67(E2),G,-8,2
-4.226,-6.987,2,L,67(E2),H,-8,1
-0.6123,-0.8965,5,L,67(E2),I,-3.011,2
-5.046,-7.343,4,L,67(E2),K,-8,1
0,0,,L,67(E2),L,0,
-0.528,-0.7538,5,L,67(E2),M,0.9138,1
-5.32,-7.414,4,L,67(E2),N,-8,1
-5.973,-7.524,7,L,67(E2),P,-8,4
-4.191,-6.965,9,L,67(E2),Q,-7.467,4
-4.684,-7.218,10,L,67(E2),R,-8,5
-8.162,-7.632,13,L,67(E2),S,-8,5
-5.236,-7.394,6,L,67(E2),T,-8,4
-2.295,-4.464,7,L,67(E2),V,-5.308,5
1.318,0.9949,3,L,67(E2),W,1.544,1
-5.06,-7.347,4,L,67(E2),Y,-7.893,3
-1.163,-1.964,2,R,68(E2),-,,
-5.479,-7.447,8,R,68(E2),A,-8,8
-5.998,-7.527,7,R,68(E2),C,-8,5
-3.962,-6.806,4,R,68(E2),D,-6.878,2
-6.148,-7.543,5,R,68(E2),E,-8,3
-5.725,-7.49,5,R,68(E2),F,-8,3
-4.773,-7.253,5,R,68(E2),G,-8,3
-5.973,-7.524,6,R,68(E2),H,-8,2
-3.94,-6.79,3,R,68(E2),I,-5.303,1
-3.901,-6.758,7,R,68(E2),K,-6.699,4
-4.311,-7.037,12,R,68(E2),L,-8,3
-4.939,-7.31,5,R,68(E2),M,-8,4
-2.319,-4.515,5,R,68(E2),N,-4.205,3
-6.17,-7.545,10,R,68(E2),P,-8,3
-4.18,-6.958,16,R,68(E2),Q,-8,7
0,0,,R,68(E2),R,0,
-5.523,-7.456,10,R,68(E2),S,-8,3
-4.921,-7.305,5,R,68(E2),T,-8,4
-5.546,-7.46,13,R,68(E2),V,-7.897,6
-5.349,-7.42,30,R,68(E2),W,-7.654,5
-5.388,-7.429,6,R,68(E2),Y,-8,4
-4.462,-7.117,5,Y,69(E2),*,,
-0.7254,-1.097,2,Y,69(E2),-,,
-3.974,-6.815,7,Y,69(E2),A,-7.311,6
-5.748,-7.493,5,Y,69(E2),C,-8,2
-6.45,-7.569,6,Y,69(E2),D,-8,3
-4.487,-7.13,4,Y,69(E2),E,-8,3
-0.838,-1.307,4,Y,69(E2),F,-2.024,2
-5.415,-7.434,4,Y,69(E2),G,-8,1
-0.6343,-0.9347,7,Y,69(E2),H,-1.663,3
-9.967,-7.643,5,Y,69(E2),I,-8,4
-5.615,-7.472,4,Y,69(E2),K,-8,2
-5.227,-7.392,15,Y,69(E2),L,-8,12
-5.571,-7.464,4,Y,69(E2),M,-8,3
-4.207,-6.975,7,Y,69(E2),N,-8,3
-5.286,-7.406,5,Y,69(E2),P,-8,4
-5.908,-7.515,5,Y,69(E2),Q,-8,3
-5.623,-7.473,4,Y,69(E2),R,-8,1
-4.73,-7.236,6,Y,69(E2),S,-8,2
-5.949,-7.521,8,Y,69(E2),T,-8,3
-4.972,-7.321,6,Y,69(E2),V,-8,4
-1.211,-2.067,4,Y,69(E2),W,-2.611,3
0,0,,Y,69(E2),Y,0,
0.9744,0.8298,1,M,70(E2),-,,
0.2264,0.2516,1,M,70(E2),A,,
-2.753,-5.335,6,M,70(E2),C,-5.401,3
-4.155,-6.942,2,M,70(E2),D,-7.221,2
-4.807,-7.265,4,M,70(E2),E,-8,3
-3.272,-6.113,7,M,70(E2),F,-6.248,3
-2.918,-5.609,5,M,70(E2),G,-5.671,3
-2.804,-5.422,3,M,70(E2),H,-5.59,1
-3.7,-6.584,22,M,70(E2),I,-8,5
-3.032,-5.783,9,M,70(E2),K,-5.755,6
-1.404,-2.49,9,M,70(E2),L,-2.551,3
0,0,,M,70(E2),M,0,
-4.701,-7.224,9,M,70(E2),N,-8,6
-4.56,-7.164,8,M,70(E2),P,-8,3
-0.2619,-0.3438,5,M,70(E2),Q,-1.003,4
-2.246,-4.363,4,M,70(E2),R,-4.627,2
-2.677,-5.202,4,M,70(E2),S,-5.895,3
-2.163,-4.187,9,M,70(E2),T,-4.683,4
-4.462,-7.117,12,M,70(E2),V,-6.819,5
-1.682,-3.117,4,M,70(E2),W,,
-2.523,-4.918,7,M,70(E2),Y,-4.393,5
-1.241,-2.133,4,D,71(E2),A,-2.788,2
-0.5966,-0.8694,8,D,71(E2),C,-1.111,6
0,0,,D,71(E2),D,0,
0.6225,0.601,11,D,71(E2),E,0.238,3
-1.699,-3.156,13,D,71(E2),F,-3.385,7
-2.087,-4.023,10,D,71(E2),G,-4.888,3
-0.3908,-0.5347,5,D,71(E2),H,-1.308,2
-1.866,-3.532,5,D,71(E2),I,-3.663,3
-1.801,-3.386,6,D,71(E2),K,-3.22,5
-0.4354,-0.6041,9,D,71(E2),L,-0.9027,5
-0.3077,-0.4099,4,D,71(E2),M,-1.04,2
-0.5466,-0.7848,16,D,71(E2),N,-1.661,1
-2.352,-4.58,7,D,71(E2),P,-4.654,4
-0.7011,-1.053,6,D,71(E2),Q,-2.018,3
-1.789,-3.36,5,D,71(E2),R,-3.924,3
-0.7363,-1.117,5,D,71(E2),S,-0.4369,1
-1.244,-2.138,7,D,71(E2),T,-2.463,4
-0.7078,-1.065,3,D,71(E2),V,-1.402,2
-1.3,-2.26,4,D,71(E2),W,-2.574,4
-1.16,-1.959,8,D,71(E2),Y,-2.894,3
0.4996,0.504,8,N,72(E2),A,0.5852,5
-2.209,-4.284,4,N,72(E2),C,-3.243,2
-0.9553,-1.537,7,N,72(E2),D,-2.263,5
-0.857,-1.344,7,N,72(E2),E,-2.382,2
-0.4147,-0.5718,5,N,72(E2),F,0.105,2
1.028,0.8591,5,N,72(E2),G,0.5074,1
0.1527,0.1741,7,N,72(E2),H,-0.9639,3
-1.876,-3.556,5,N,72(E2),I,-3.866,4
0.3138,0.3381,9,N,72(E2),K,-0.3916,2
-1.151,-1.939,3,N,72(E2),L,-2.557,1
0.4965,0.5013,4,N,72(E2),M,0.6065,3
0,0,,N,72(E2),N,0,
-3.721,-6.604,11,N,72(E2),P,-6.704,4
0.7728,0.707,10,N,72(E2),Q,0.5322,7
1.678,1.121,5,N,72(E2),R,0.02631,1
-0.671,-0.9993,6,N,72(E2),S,-1.051,4
-1.925,-3.666,4,N,72(E2),T,-3.966,3
-1.976,-3.78,5,N,72(E2),V,-4.163,1
-1.007,-1.64,5,N,72(E2),W,-2.025,3
-0.5142,-0.731,9,N,72(E2),Y,-0.0405,5
-2.742,-5.317,1,H,73(E2),-,,
-2.857,-5.511,5,H,73(E2),A,-5.582,3
-6.003,-7.527,9,H,73(E2),C,-8,4
-5.385,-7.428,6,H,73(E2),D,-8,1
-5.512,-7.454,3,H,73(E2),E,-8,2
-2.403,-4.684,8,H,73(E2),F,-4.846,4
-3.058,-5.821,6,H,73(E2),G,-6.273,2
0,0,,H,73(E2),H,0,
-2.804,-5.423,10,H,73(E2),I,-5.81,7
-4.343,-7.055,5,H,73(E2),K,-4.542,1
-2.286,-4.446,11,H,73(E2),L,-4.474,7
-2.02,-3.876,4,H,73(E2),M,-4.48,2
-2.189,-4.243,8,H,73(E2),N,-4.162,2
-4.024,-6.853,13,H,73(E2),P,-6.339,7
-2.297,-4.469,7,H,73(E2),Q,-6.404,3
-2.908,-5.593,13,H,73(E2),R,-5.933,8
-2.148,-4.155,7,H,73(E2),S,-4.698,3
-2.166,-4.193,8,H,73(E2),T,-4.51,4
-4.373,-7.071,3,H,73(E2),V,-7.393,2
-2.908,-5.593,10,H,73(E2),W,-6.036,7
-3.922,-6.776,17,H,73(E2),Y,-6.204,6
-1.377,-2.43,1,M,74(E2),-,,
-0.7239,-1.094,4,M,74(E2),A,-1.563,3
-0.5914,-0.8606,5,M,74(E2),C,-1.57,2
-0.03668,-0.04466,5,M,74(E2),D,0.1501,3
-0.01462,-0.01766,5,M,74(E2),E,-0.1463,5
1.291,0.9837,6,M,74(E2),F,0.8352,5
-1.976,-3.778,9,M,74(E2),G,-4.028,7
0.3249,0.3487,12,M,74(E2),H,-0.2904,3
-0.04239,-0.0517,28,M,74(E2),I,-0.5047,5
-0.4999,-0.7076,9,M,74(E2),K,-1.224,4
0.4718,0.4807,12,M,74(E2),L,0.4128,5
0,0,,M,74(E2),M,0,
1.376,1.018,8,M,74(E2),N,-0.2923,4
0.1985,0.2228,5,M,74(E2),Q,0.9008,3
-0.8142,-1.262,8,M,74(E2),R,-1.517,3
-0.2883,-0.3817,5,M,74(E2),S,-0.4064,2
0.4895,0.4956,9,M,74(E2),T,0.1277,3
-0.2864,-0.3789,9,M,74(E2),V,-0.4877,5
1.088,0.8899,10,M,74(E2),W,0.1448,2
0.8412,0.7511,10,M,74(E2),Y,1.005,8
-0.01451,-0.01753,2,P,75(E2),A,-0.8273,1
-0.1109,-0.1385,8,P,75(E2),C,-0.4126,6
-0.9483,-1.523,1,P,75(E2),D,,
-1.041,-1.71,4,P,75(E2),E,-2.543,2
-1.253,-2.158,9,P,75(E2),F,-2.646,5
-0.8791,-1.387,3,P,75(E2),G,-2.582,2
-1.536,-2.786,5,P,75(E2),H,-2.896,4
-0.3256,-0.4364,6,P,75(E2),I,-0.2494,3
-2.139,-4.135,2,P,75(E2),K,-4.435,2
-0.6839,-1.022,6,P,75(E2),L,-1.794,1
0.2786,0.304,5,P,75(E2),M,0.008475,4
-1.217,-2.08,11,P,75(E2),N,-2.474,6
0,0,,P,75(E2),P,0,
-1.245,-2.141,6,P,75(E2),Q,-2.106,3
-4.115,-6.916,4,P,75(E2),R,-7.22,2
-0.2182,-0.2823,3,P,75(E2),S,-0.2898,2
-0.7009,-1.053,10,P,75(E2),T,1.045,3
-0.01817,-0.02198,8,P,75(E2),V,-0.525,3
-1.513,-2.734,3,P,75(E2),W,-3.2,1
-1.401,-2.483,5,P,75(E2),Y,-2.902,3
-3.714,-6.597,2,A,76(E2),-,,
0,0,,A,76(E2),A,0,
-1.184,-2.01,8,A,76(E2),C,-2.453,5
-0.2339,-0.3042,7,A,76(E2),D,0.6304,2
0.1132,0.1309,8,A,76(E2),E,-0.5609,3
-0.8861,-1.4,10,A,76(E2),F,-1.771,3
-0.1043,-0.1299,10,A,76(E2),G,-0.8404,6
-0.3809,-0.5196,2,A,76(E2),H,0.564,1
-4.428,-7.1,3,A,76(E2),I,-8,3
-2.06,-3.964,3,A,76(E2),K,-1.653,1
-0.8664,-1.362,5,A,76(E2),L,-2.076,1
-0.6079,-0.8889,6,A,76(E2),M,-1.223,3
-0.04962,-0.06068,6,A,76(E2),N,-0.03561,5
-4.328,-7.047,8,A,76(E2),P,-8,3
-0.3181,-0.4253,10,A,76(E2),Q,0.147,7
-2.019,-3.873,4,A,76(E2),R,-4.192,1
0.06098,0.0718,12,A,76(E2),S,-0.3448,2
-1.22,-2.087,29,A,76(E2),T,-2.78,10
-1.849,-3.494,35,A,76(E2),V,-3.298,6
-0.6431,-0.9502,5,A,76(E2),W,-1.023,4
-0.9848,-1.596,6,A,76(E2),Y,-1.144,4
-2.73,-5.297,1,D,77(E2),-,,
-2.88,-5.547,9,D,77(E2),A,-5.909,4
-4.053,-6.873,6,D,77(E2),C,-7.704,3
0,0,,D,77(E2),D,0,
-0.4768,-0.6701,7,D,77(E2),E,-1.198,4
-6.023,-7.529,9,D,77(E2),F,-8,6
-3.746,-6.627,8,D,77(E2),G,-7.077,4
-3.14,-5.937,5,D,77(E2),H,-6.487,1
-4.132,-6.927,3,D,77(E2),I,-6.33,2
-4.391,-7.081,11,D,77(E2),K,-7.536,4
-2.753,-5.335,6,D,77(E2),L,-5.704,2
-2.879,-5.547,5,D,77(E2),M,-6.531,2
-1.649,-3.042,10,D,77(E2),N,-4.639,2
-2.487,-4.849,9,D,77(E2),P,-4.658,4
-2.245,-4.361,4,D,77(E2),Q,-4.538,2
-5.362,-7.423,10,D,77(E2),R,-8,6
-3.543,-6.428,5,D,77(E2),S,-6.703,2
-2.701,-5.245,9,D,77(E2),T,-5.686,7
-3.195,-6.013,9,D,77(E2),V,-6.105,6
-3.593,-6.48,5,D,77(E2),W,-6.316,3
-6.238,-7.552,9,D,77(E2),Y,-8,3
-3.083,-5.857,1,A,78(E2),-,,
0,0,,A,78(E2),A,0,
-3.313,-6.164,10,A,78(E2),C,-6.745,3
-2.472,-4.82,7,A,78(E2),D,-5.342,3
-3.038,-5.792,6,A,78(E2),E,-6.148,5
-6.379,-7.564,9,A,78(E2),F,-8,4
-0.1699,-0.2164,7,A,78(E2),G,0.04699,4
-4.671,-7.212,6,A,78(E2),H,-8,5
-4.389,-7.08,6,A,78(E2),I,-8,5
-3.774,-6.651,6,A,78(E2),K,-6.97,5
-4.634,-7.197,7,A,78(E2),L,-7.857,4
-5.541,-7.459,6,A,78(E2),M,-8,4
-3.419,-6.291,9,A,78(E2),N,-6.66,5
-4.531,-7.151,4,A,78(E2),P,-8,3
-4.454,-7.113,8,A,78(E2),Q,-8,6
-4.591,-7.178,6,A,78(E2),R,-8,3
-1.856,-3.511,14,A,78(E2),S,0.7902,1
-2.648,-5.151,16,A,78(E2),T,-5.069,7
-4.649,-7.203,39,A,78(E2),V,-8,8
-5.008,-7.332,2,A,78(E2),W,-8,1
-5.302,-7.41,11,A,78(E2),Y,-7.815,6
-6.556,-7.577,7,E,79(E2),*,,
-3.333,-6.189,1,E,79(E2),-,,
-4.228,-6.988,8,E,79(E2),A,-7.66,6
-2.095,-4.04,5,E,79(E2),C,-4.185,3
-0.07956,-0.09828,12,E,79(E2),D,-0.514,5
0,0,,E,79(E2),E,0,
-3.985,-6.824,12,E,79(E2),F,-6.492,7
-2.973,-5.694,11,E,79(E2),G,-5.705,6
-4.239,-6.995,6,E,79(E2),H,-7.064,3
-5.498,-7.451,5,E,79(E2),I,-8,4
-4.522,-7.147,17,E,79(E2),K,-7.535,6
-2.985,-5.712,11,E,79(E2),L,-6.193,7
-2.199,-4.262,6,E,79(E2),M,-4.362,4
-2.244,-4.359,6,E,79(E2),N,-4.329,3
-2.555,-4.979,7,E,79(E2),P,-5.079,4
-2.765,-5.356,6,E,79(E2),Q,-6.148,3
-3.638,-6.525,7,E,79(E2),R,-6.891,4
-2.091,-4.032,3,E,79(E2),S,-4.459,1
-6.841,-7.594,8,E,79(E2),T,-8,3
-3.567,-6.453,10,E,79(E2),V,-5.821,3
-3.202,-6.022,8,E,79(E2),W,-6.306,5
-3.869,-6.733,10,E,79(E2),Y,-7.804,6
-4.289,-7.024,1,R,80(E2),-,,
1.807,1.157,2,R,80(E2),A,2.04,1
-1.45,-2.592,5,R,80(E2),C,-2.89,2
-3.626,-6.513,8,R,80(E2),D,-5.508,4
-2.105,-4.062,7,R,80(E2),E,-4.096,2
-0.3294,-0.442,14,R,80(E2),F,-0.9966,9
-1.378,-2.432,16,R,80(E2),G,-2.69,5
-1.911,-3.635,8,R,80(E2),H,-4.629,4
-0.1371,-0.1727,7,R,80(E2),I,-0.07729,3
-0.221,-0.2862,14,R,80(E2),K,-0.1979,5
-0.01881,-0.02277,16,R,80(E2),L,-0.9917,6
-0.5936,-0.8643,11,R,80(E2),M,-0.1191,6
-1.537,-2.788,3,R,80(E2),N,,
-4.52,-7.146,14,R,80(E2),P,-8,10
-0.4491,-0.6258,5,R,80(E2),Q,-1.47,2
0,0,,R,80(E2),R,0,
0.5956,0.5805,16,R,80(E2),S,-0.6038,4
-0.3059,-0.4073,7,R,80(E2),T,-0.6661,7
-0.3857,-0.5268,5,R,80(E2),V,-0.4833,2
-2.17,-4.202,8,R,80(E2),W,-4.603,5
0.3114,0.3359,5,R,80(E2),Y,-0.3641,3
-3.977,-6.818,1,A,81(E2),-,,
0,0,,A,81(E2),A,0,
0.484,0.491,6,A,81(E2),C,-0.1572,4
1.236,0.9603,8,A,81(E2),D,0.3817,5
0.422,0.4376,1,A,81(E2),E,0.1172,1
-0.9166,-1.46,5,A,81(E2),F,-0.9929,2
-0.7703,-1.18,7,A,81(E2),G,-1.506,3
-0.7707,-1.181,3,A,81(E2),H,-1.487,2
-1.045,-1.718,6,A,81(E2),I,-1.924,3
-2.084,-4.017,7,A,81(E2),K,-4.127,3
-1.426,-2.538,6,A,81(E2),L,-1.637,2
-0.3794,-0.5172,2,A,81(E2),M,-1.071,1
0.9918,0.8394,6,A,81(E2),N,0.9559,3
-1.467,-2.631,11,A,81(E2),P,-2.664,7
0.1331,0.1528,4,A,81(E2),Q,-0.1544,2
-2.027,-3.891,3,A,81(E2),R,-4.024,2
-0.2911,-0.3858,8,A,81(E2),S,-0.2721,3
-0.02366,-0.02867,22,A,81(E2),T,0.03295,6
-1.44,-2.57,35,A,81(E2),V,-4.407,3
-2.883,-5.552,8,A,81(E2),W,-6.137,2
-1.455,-2.603,5,A,81(E2),Y,-3.324,5
-3.24,-6.072,3,R,82(E2),*,,
-3.939,-6.788,1,R,82(E2),-,,
1.131,0.9114,6,R,82(E2),A,1.049,5
-0.2695,-0.3546,6,R,82(E2),C,-0.8518,2
4.416,1.406,4,R,82(E2),D,0.7982,3
2.416,1.278,9,R,82(E2),E,0.3687,5
0.8187,0.7369,14,R,82(E2),F,-0.1601,5
4.777,1.412,8,R,82(E2),G,-0.2565,3
1.145,0.918,8,R,82(E2),H,0.7346,5
-5.177,-7.379,7,R,82(E2),I,-7.486,2
0.4087,0.4258,9,R,82(E2),K,-0.2187,2
3.305,1.365,8,R,82(E2),L,1.177,5
0.9305,0.8048,8,R,82(E2),M,0.5453,2
1.45,1.046,9,R,82(E2),N,0.8469,4
2.201,1.243,4,R,82(E2),P,1.345,3
1.925,1.186,2,R,82(E2),Q,0.8697,2
0,0,,R,82(E2),R,0,
3.473,1.374,6,R,82(E2),S,0.4067,4
1.515,1.069,8,R,82(E2),T,1.21,3
-1.255,-2.163,5,R,82(E2),V,-2.356,3
0.2804,0.3058,6,R,82(E2),W,0.2526,2
-0.4047,-0.5562,7,R,82(E2),Y,-1.726,4
-4.965,-7.319,1,L,83(E2),-,,
-2.048,-3.936,3,L,83(E2),A,-3.185,1
-3.657,-6.543,4,L,83(E2),C,-6.937,2
-5.314,-7.413,7,L,83(E2),D,-8,3
-5.153,-7.373,12,L,83(E2),E,-8,6
1.119,0.9056,5,L,83(E2),F,0.6787,2
-6.015,-7.529,10,L,83(E2),G,-8,4
-6.065,-7.534,8,L,83(E2),H,-8,5
-1.995,-3.821,5,L,83(E2),I,-4.123,4
-5.684,-7.483,3,L,83(E2),K,-8,1
0,0,,L,83(E2),L,0,
-0.00203,-0.002442,3,L,83(E2),M,-1.19,2
-4.87,-7.287,10,L,83(E2),N,-8,3
-5.441,-7.44,10,L,83(E2),P,-8,3
-4.098,-6.904,8,L,83(E2),Q,-8,3
-5.497,-7.451,15,L,83(E2),R,-8,7
-6.189,-7.547,8,L,83(E2),S,-8,7
-4.466,-7.12,4,L,83(E2),T,-8,3
-1.548,-2.812,3,L,83(E2),V,-3.149,1
-4.397,-7.084,7,L,83(E2),W,-8,3
-7.057,-7.604,11,L,83(E2),Y,-8,5
-4.012,-6.843,1,F,84(E2),-,,
0.624,0.6021,1,F,84(E2),A,,
-0.9368,-1.5,8,F,84(E2),C,-1.306,4
-0.7284,-1.103,7,F,84(E2),D,-0.608,3
-0.3179,-0.425,3,F,84(E2),E,-0.6676,3
0,0,,F,84(E2),F,0,
-0.8745,-1.378,5,F,84(E2),G,-1.358,4
-0.3572,-0.4835,4,F,84(E2),H,-0.3132,3
0.593,0.5785,5,F,84(E2),I,0.7019,3
-2.088,-4.025,8,F,84(E2),K,-4.217,5
0.3242,0.3481,6,F,84(E2),L,0.0657,4
-0.4906,-0.6925,5,F,84(E2),M,-0.9092,3
-0.1073,-0.1338,12,F,84(E2),N,-0.2388,8
-5.598,-7.469,9,F,84(E2),P,-8,5
0.7646,0.7016,3,F,84(E2),Q,0.1765,3
-1.99,-3.81,7,F,84(E2),R,-4.537,2
-0.4242,-0.5866,6,F,84(E2),S,-5.359,2
-0.01528,-0.01847,6,F,84(E2),T,-0.1947,3
0.153,0.1745,1,F,84(E2),V,-0.09878,1
-0.2425,-0.3163,8,F,84(E2),W,-0.1407,4
0.8263,0.7417,8,F,84(E2),Y,0.4693,3
-0.2535,-0.3318,4,V,85(E2),A,-1.009,3
-1.911,-3.633,5,V,85(E2),C,-4.093,1
-5.917,-7.517,6,V,85(E2),D,-8,3
-5.616,-7.472,7,V,85(E2),E,-8,4
-6.591,-7.579,19,V,85(E2),F,-8,8
-3.287,-6.132,7,V,85(E2),G,-6.309,3
-6.478,-7.572,10,V,85(E2),H,-8,8
-1.192,-2.026,9,V,85(E2),I,-1.983,2
-6.02,-7.529,8,V,85(E2),K,-8,4
-0.8505,-1.331,5,V,85(E2),L,-1.487,2
-0.186,-0.2381,5,V,85(E2),M,-1.016,3
-6.156,-7.544,8,V,85(E2),N,-8,7
-5.184,-7.381,10,V,85(E2),P,-8,5
-5.331,-7.416,3,V,85(E2),Q,-8,2
-5.15,-7.372,5,V,85(E2),R,-8,4
-2.153,-4.166,5,V,85(E2),S,-4.296,3
-0.5409,-0.7753,3,V,85(E2),T,-1.222,2
0,0,,V,85(E2),V,0,
-5.621,-7.473,5,V,85(E2),W,-8,2
-5.219,-7.39,7,V,85(E2),Y,,
-0.6179,-0.9063,1,R,86(E2),*,,
-1.48,-2.659,1,R,86(E2),-,,
0.4665,0.4761,6,R,86(E2),A,0.5449,5
-1.225,-2.097,5,R,86(E2),C,-2.787,2
-1.297,-2.255,11,R,86(E2),D,-2.138,5
-1.324,-2.313,5,R,86(E2),E,-2.188,3
-0.5465,-0.7845,13,R,86(E2),F,-1.183,8
-0.5881,-0.855,9,R,86(E2),G,-0.4314,3
-0.6722,-1.002,7,R,86(E2),H,-1.464,5
-0.3677,-0.4995,12,R,86(E2),I,-0.6538,3
-0.1774,-0.2264,14,R,86(E2),K,-0.2919,4
0.2835,0.3088,7,R,86(E2),L,-0.4229,5
0.2051,0.2297,8,R,86(E2),M,-0.2969,8
-1.504,-2.713,7,R,86(E2),N,-2.619,2
-6.151,-7.543,6,R,86(E2),P,-8,3
0.06082,0.07161,3,R,86(E2),Q,0.1139,2
0,0,,R,86(E2),R,0,
-0.04841,-0.05918,10,R,86(E2),S,0.085,4
0.009122,0.01093,4,R,86(E2),T,-0.2425,3
-0.1887,-0.2418,7,R,86(E2),V,-0.2861,5
0.1703,0.1931,8,R,86(E2),W,0.1703,5
-0.9994,-1.625,10,R,86(E2),Y,-1.762,4
-2.356,-4.589,8,T,87(E2),A,-5.19,6
-5.598,-7.469,8,T,87(E2),C,-8,5
-5.866,-7.51,8,T,87(E2),D,-8,6
-6.119,-7.54,9,T,87(E2),E,-8,5
-5.989,-7.525,18,T,87(E2),F,-8,12
-0.8511,-1.333,11,T,87(E2),G,-1.606,6
-4.736,-7.238,10,T,87(E2),H,-8,6
-4.555,-7.162,13,T,87(E2),I,-8,6
-5.899,-7.514,13,T,87(E2),K,-8,4
-6.233,-7.551,9,T,87(E2),L,-8,6
-5.588,-7.467,4,T,87(E2),M,-8,2
-4.41,-7.091,5,T,87(E2),N,-7.844,3
-3.64,-6.527,11,T,87(E2),P,-7.085,5
-5.544,-7.459,8,T,87(E2),Q,-8,3
-5.799,-7.501,11,T,87(E2),R,-8,6
-0.6428,-0.9497,2,T,87(E2),S,-1.236,2
0,0,,T,87(E2),T,0,
-5.514,-7.454,10,T,87(E2),V,-8,5
-4.764,-7.249,8,T,87(E2),W,-8,7
-5.352,-7.421,6,T,87(E2),Y,-8,3
0.2488,0.2743,8,S,88(E2),A,-1.122,4
-1.401,-2.483,11,S,88(E2),C,-2.603,7
0.4205,0.4363,9,S,88(E2),D,0.2255,7
-0.7809,-1.2,15,S,88(E2),E,-0.7381,6
1.059,0.8754,7,S,88(E2),F,0.5863,6
-0.4772,-0.6708,9,S,88(E2),G,0.4993,3
-0.2897,-0.3837,10,S,88(E2),H,-0.8514,5
0.2916,0.3167,7,S,88(E2),I,0.4261,3
-1.505,-2.717,9,S,88(E2),K,-2.405,4
-0.09261,-0.1149,6,S,88(E2),L,-0.2107,3
0.3457,0.3683,8,S,88(E2),M,0.2857,5
-0.5124,-0.7281,11,S,88(E2),N,-0.737,3
-1.692,-3.14,6,S,88(E2),P,-3.304,3
-0.1285,-0.1614,5,S,88(E2),Q,0.1517,3
-1.936,-3.69,11,S,88(E2),R,-4.527,6
0,0,,S,88(E2),S,0,
-0.4187,-0.5779,9,S,88(E2),T,-0.9701,7
-0.532,-0.7605,10,S,88(E2),V,-1.26,7
0.4473,0.4597,6,S,88(E2),W,-0.6286,3
0.1364,0.1564,8,S,88(E2),Y,-0.2167,4
0,0,,A,89(E2),A,0,
0.1513,0.1726,11,A,89(E2),C,0.2333,4
-1.484,-2.668,11,A,89(E2),D,-2.522,6
-1.329,-2.323,7,A,89(E2),E,-2.862,4
0.2019,0.2263,6,A,89(E2),F,-0.1651,2
0.2813,0.3066,8,A,89(E2),G,-0.4847,3
-0.3117,-0.4159,3,A,89(E2),H,-0.69,1
-0.8049,-1.245,7,A,89(E2),I,-1.256,4
-1.611,-2.956,5,A,89(E2),K,-2.784,5
0.3521,0.3743,7,A,89(E2),L,0.8364,3
0.2312,0.2565,7,A,89(E2),M,-0.2258,5
-0.2365,-0.3079,6,A,89(E2),N,-0.7799,4
-6.59,-7.579,8,A,89(E2),P,-8,3
-0.4145,-0.5714,11,A,89(E2),Q,-1.428,7
-1.765,-3.305,7,A,89(E2),R,-3.402,4
-0.2567,-0.3363,9,A,89(E2),S,-0.3932,7
-0.003422,-0.004119,16,A,89(E2),T,0.2293,3
0.2461,0.2716,10,A,89(E2),V,0.1766,6
-0.02239,-0.02712,6,A,89(E2),W,-0.3213,5
2.467,1.285,3,A,89(E2),Y,0.6426,2
-2.688,-5.222,1,P,90(E2),*,,
-0.2913,-0.386,14,P,90(E2),A,-0.2372,11
-0.4692,-0.6579,6,P,90(E2),C,-0.7243,6
-0.2029,-0.2612,10,P,90(E2),D,-0.6518,4
0.2595,0.285,6,P,90(E2),E,-0.1997,2
0.1707,0.1934,4,P,90(E2),F,-0.1762,2
-0.07479,-0.09224,3,P,90(E2),G,-0.3739,2
-0.4986,-0.7055,11,P,90(E2),H,-0.923,4
-0.08382,-0.1037,8,P,90(E2),I,-0.1518,5
-1.723,-3.209,10,P,90(E2),K,-3.728,3
-0.2123,-0.2742,11,P,90(E2),L,0.1624,4
-0.2729,-0.3595,8,P,90(E2),M,-0.2375,6
-1.262,-2.177,6,P,90(E2),N,-2.67,4
0,0,,P,90(E2),P,0,
-2.366,-4.61,2,P,90(E2),Q,,
-2.619,-5.097,3,P,90(E2),R,-5.433,2
3.028,1.345,2,P,90(E2),S,0.3139,1
0.08859,0.1033,8,P,90(E2),T,-0.2206,3
-0.5507,-0.7916,7,P,90(E2),V,-0.6704,3
-0.7599,-1.161,2,P,90(E2),W,-1.909,1
-0.3008,-0.3999,7,P,90(E2),Y,-1.285,2
-4.747,-7.242,2,C,91(E2),*,,
-5.555,-7.461,6,C,91(E2),A,-8,5
0,0,,C,91(E2),C,0,
-6.153,-7.543,10,C,91(E2),D,-8,5
-5.189,-7.382,5,C,91(E2),E,-8,4
-5.238,-7.395,14,C,91(E2),F,-8,6
-6.372,-7.563,9,C,91(E2),G,-8,5
-4.417,-7.095,9,C,91(E2),H,-8,7
-5.525,-7.456,7,C,91(E2),I,-8,6
-4.694,-7.222,8,C,91(E2),K,-8,6
-5.215,-7.389,6,C,91(E2),L,-8,5
-5.304,-7.41,9,C,91(E2),M,-8,3
-7.556,-7.62,8,C,91(E2),N,-8,1
-5.547,-7.46,7,C,91(E2),P,-8,5
-3.613,-6.5,6,C,91(E2),Q,-6.918,4
-6.002,-7.527,6,C,91(E2),R,-8,6
-5.58,-7.466,14,C,91(E2),S,-8,7
-4.81,-7.266,8,C,91(E2),T,-8,4
-5.653,-7.478,6,C,91(E2),V,-8,3
-5.486,-7.449,5,C,91(E2),W,-8,2
-3.798,-6.673,25,C,91(E2),Y,-6.978,7
-2.875,-5.539,2,T,92(E2),-,,
0.5337,0.5319,7,T,92(E2),A,0.2668,2
-1.097,-1.827,7,T,92(E2),C,-1.906,4
-1.483,-2.667,8,T,92(E2),D,-2.661,5
-1.39,-2.459,4,T,92(E2),E,-3.053,2
-0.4186,-0.5778,8,T,92(E2),F,-0.8255,3
-0.4159,-0.5735,8,T,92(E2),G,-1.294,4
-0.7037,-1.058,4,T,92(E2),H,-1.393,2
-0.1334,-0.1678,10,T,92(E2),I,-0.9965,2
-1.369,-2.412,4,T,92(E2),K,-3.106,3
-1.386,-2.451,7,T,92(E2),L,-3.38,4
-0.8915,-1.411,6,T,92(E2),M,-1.772,3
-1.857,-3.512,13,T,92(E2),N,-3.592,9
-1.007,-1.641,4,T,92(E2),P,-1.726,2
-0.9882,-1.603,10,T,92(E2),Q,-1.577,7
-1.485,-2.671,9,T,92(E2),R,-2.812,6
-0.171,-0.2179,6,T,92(E2),S,0.09295,2
0,0,,T,92(E2),T,0,
0.2375,0.2629,5,T,92(E2),V,-0.09654,4
-1.079,-1.789,8,T,92(E2),W,-1.874,2
-0.4673,-0.6549,10,T,92(E2),Y,-0.9759,8
-2.105,-4.062,1,I,93(E2),-,,
-2.363,-4.603,6,I,93(E2),A,-4.962,4
-1.558,-2.835,7,I,93(E2),C,-3.328,3
-4.289,-7.024,7,I,93(E2),D,-7.479,4
-3.105,-5.888,4,I,93(E2),E,-6.764,3
-2.99,-5.72,4,I,93(E2),F,-6.869,2
-5.436,-7.439,4,I,93(E2),G,-8,1
-4.197,-6.969,9,I,93(E2),H,-7.005,2
0,0,,I,93(E2),I,0,
-3.657,-6.544,6,I,93(E2),K,-6.94,4
-0.5537,-0.7966,11,I,93(E2),L,-0.2553,7
-0.5069,-0.719,4,I,93(E2),M,-1.1,3
-3.474,-6.354,6,I,93(E2),N,-6.982,2
-2.712,-5.265,4,I,93(E2),P,-5.643,2
-1.144,-1.924,4,I,93(E2),Q,-1.777,3
-5.929,-7.518,4,I,93(E2),R,-8,2
-3.429,-6.303,8,I,93(E2),S,-6.848,6
-0.8421,-1.315,8,I,93(E2),T,,
-0.3414,-0.4598,10,I,93(E2),V,-0.2911,6
-6.448,-7.569,10,I,93(E2),W,-8,6
-3.814,-6.687,9,I,93(E2),Y,-6.707,4
-5.14,-7.37,1,T,94(E2),*,-8,1
0.4281,0.443,1,T,94(E2),-,,
-1.493,-2.69,8,T,94(E2),A,-2.04,3
-0.7812,-1.2,4,T,94(E2),C,-3.658,1
-1.684,-3.122,11,T,94(E2),D,-3.127,7
-0.8532,-1.337,1,T,94(E2),E,,
-0.4208,-0.5813,9,T,94(E2),F,-1.732,4
-1.277,-2.21,4,T,94(E2),G,-2.539,3
-1.904,-3.619,3,T,94(E2),H,-3.925,2
0.7622,0.7,10,T,94(E2),I,-0.4177,1
-0.6942,-1.041,4,T,94(E2),K,-1.358,4
0.04037,0.04787,6,T,94(E2),L,-0.8435,4
-0.9249,-1.476,7,T,94(E2),M,-1.897,4
-1.481,-2.663,4,T,94(E2),N,-2.947,4
-0.9843,-1.595,7,T,94(E2),P,-1.248,4
-1.104,-1.84,12,T,94(E2),Q,-2.24,8
0.4033,0.421,7,T,94(E2),R,-0.6499,3
-0.9005,-1.428,7,T,94(E2),S,-1.853,2
0,0,,T,94(E2),T,0,
-0.3799,-0.5179,5,T,94(E2),V,-0.7995,3
-1.202,-2.048,4,T,94(E2),W,-8,1
-0.7024,-1.056,8,T,94(E2),Y,-1.041,5
-0.3951,-0.5414,1,G,95(E2),-,,
-0.7263,-1.099,8,G,95(E2),A,-1.388,6
-0.9635,-1.553,7,G,95(E2),C,-2.51,2
-1.409,-2.501,44,G,95(E2),D,-3.493,7
-1.762,-3.298,9,G,95(E2),E,-3.692,6
-2.581,-5.028,7,G,95(E2),F,-4.987,6
0,0,,G,95(E2),G,0,
-1.248,-2.146,5,G,95(E2),H,-2.072,3
-0.9222,-1.471,3,G,95(E2),I,-1.855,1
-1.336,-2.339,7,G,95(E2),K,-2.188,4
-2.01,-3.853,11,G,95(E2),L,-4.053,8
-1.112,-1.856,8,G,95(E2),M,-2.197,2
-1.59,-2.909,13,G,95(E2),N,-3.359,6
-4.794,-7.26,8,G,95(E2),P,-7.524,5
-1.473,-2.644,4,G,95(E2),Q,-2.945,3
-2.048,-3.937,6,G,95(E2),R,-4.068,1
-0.902,-1.431,21,G,95(E2),S,-2.282,4
-1.474,-2.647,6,G,95(E2),T,-3.372,1
-1.464,-2.625,10,G,95(E2),V,-2.929,4
-3.109,-5.894,14,G,95(E2),W,-5.548,7
-1.566,-2.854,10,G,95(E2),Y,-3.551,9
-1.09,-1.812,2,T,96(E2),-,,
-1.002,-1.631,6,T,96(E2),A,-2.442,5
0.7565,0.6962,2,T,96(E2),C,-1.249,1
-0.6704,-0.9984,9,T,96(E2),D,-1.358,3
-1.498,-2.701,5,T,96(E2),E,-4.308,2
-1.21,-2.064,2,T,96(E2),F,-2.417,1
-0.907,-1.441,5,T,96(E2),G,-1.833,3
-3.602,-6.489,5,T,96(E2),H,-5.01,2
-1.838,-3.469,12,T,96(E2),I,-3.952,5
-5.693,-7.485,3,T,96(E2),K,-8,1
-1.433,-2.554,5,T,96(E2),L,-2.715,3
-2.186,-4.236,8,T,96(E2),M,-3.695,3
-0.9436,-1.513,8,T,96(E2),N,-1.737,4
-5.878,-7.512,12,T,96(E2),P,-8,8
-2.209,-4.285,7,T,96(E2),Q,-4.472,3
-4.658,-7.207,7,T,96(E2),R,-8,3
-0.2093,-0.27,3,T,96(E2),S,-0.9959,1
0,0,,T,96(E2),T,0,
-0.07775,-0.096,10,T,96(E2),V,-0.8491,5
-1.535,-2.783,4,T,96(E2),W,-3.229,2
-1.104,-1.84,5,T,96(E2),Y,-1.899,3
-1.393,-2.466,5,M,97(E2),A,-2.018,2
-1.925,-3.665,6,M,97(E2),C,-3.965,3
-1.652,-3.05,2,M,97(E2),D,-3.276,1
-1.133,-1.902,6,M,97(E2),E,-2.558,3
-1.385,-2.449,9,M,97(E2),F,-2.34,3
-4.896,-7.296,6,M,97(E2),G,-8,2
0.1808,0.2041,7,M,97(E2),H,0.03635,4
-1.008,-1.643,16,M,97(E2),I,-1.712,7
-2.222,-4.313,6,M,97(E2),K,-3.759,3
-1.86,-3.519,5,M,97(E2),L,-2.923,2
0,0,,M,97(E2),M,0,
-2.165,-4.191,4,M,97(E2),N,-5.667,2
-3.731,-6.613,5,M,97(E2),P,-6.942,3
-1.414,-2.512,3,M,97(E2),Q,-3.033,3
-2.434,-4.746,13,M,97(E2),R,-6.292,7
-1.524,-2.759,8,M,97(E2),S,-2.793,6
-1.98,-3.787,11,M,97(E2),T,-3.757,6
-3.53,-6.415,6,M,97(E2),V,-5.075,2
-1.505,-2.716,9,M,97(E2),W,-2.749,5
-1.185,-2.011,10,M,97(E2),Y,-2.682,5
-1.991,-3.811,6,G,98(E2),A,-4.076,2
-5.462,-7.444,13,G,98(E2),C,-8,6
-6.05,-7.532,26,G,98(E2),D,-8,6
-4.23,-6.989,9,G,98(E2),E,-7.411,4
-2.677,-5.202,10,G,98(E2),F,-5.222,4
0,0,,G,98(E2),G,0,
-2.856,-5.508,5,G,98(E2),H,-5.822,3
-3.13,-5.924,8,G,98(E2),I,-6.022,8
-5.05,-7.345,8,G,98(E2),K,-8,5
-3.942,-6.791,9,G,98(E2),L,-7.281,7
-1.988,-3.806,8,G,98(E2),M,-3.973,4
-4.737,-7.239,8,G,98(E2),N,-8,2
-6.208,-7.549,14,G,98(E2),P,-8,10
-6.123,-7.54,6,G,98(E2),Q,-8,2
-3.605,-6.492,7,G,98(E2),R,-6.578,3
-1.417,-2.519,14,G,98(E2),S,-2.962,6
-3.711,-6.595,9,G,98(E2),T,-6.526,7
-3.548,-6.433,12,G,98(E2),V,,
-2.708,-5.258,7,G,98(E2),W,-5.577,5
-1.735,-3.238,2,G,98(E2),Y,-3.552,2
-5.511,-7.453,11,H,99(E2),A,-8,7
-4.629,-7.194,8,H,99(E2),C,-7.513,6
-5.686,-7.484,8,H,99(E2),D,-8,4
-4.456,-7.114,4,H,99(E2),E,-7.564,4
-4.093,-6.901,4,H,99(E2),F,-7.488,3
-4.159,-6.945,3,H,99(E2),G,-6.712,1
0,0,,H,99(E2),H,0,
-5.211,-7.388,8,H,99(E2),I,-7.997,3
-5.324,-7.415,11,H,99(E2),K,-8,7
-4.915,-7.303,7,H,99(E2),L,-8,6
-5.18,-7.38,4,H,99(E2),M,-8,1
-4.005,-6.838,6,H,99(E2),N,-5.753,1
-6.506,-7.574,4,H,99(E2),P,-8,1
-4.28,-7.019,18,H,99(E2),Q,-6.488,7
-3.595,-6.482,3,H,99(E2),R,-6.123,2
-3.826,-6.697,7,H,99(E2),S,-7.188,4
-3.364,-6.226,7,H,99(E2),T,-6.353,6
-5.416,-7.435,8,H,99(E2),V,-8,5
-3.265,-6.104,14,H,99(E2),W,-6.21,4
0.0361,0.04286,9,H,99(E2),Y,-2.448,1
-5.107,-7.361,9,F,100(E2),A,-7.301,4
-5.049,-7.344,7,F,100(E2),C,-8,6
-4.55,-7.16,6,F,100(E2),D,-8,3
-6.475,-7.571,2,F,100(E2),E,-8,2
0,0,,F,100(E2),F,0,
-4.852,-7.281,6,F,100(E2),G,-8,4
-2.096,-4.042,6,F,100(E2),H,-4.287,5
-3.982,-6.821,7,F,100(E2),I,-8,2
-6.066,-7.534,7,F,100(E2),K,-8,4
-5.44,-7.44,20,F,100(E2),L,-8,5
-2.824,-5.456,5,F,100(E2),M,-5.349,1
-4.349,-7.058,8,F,100(E2),N,-8,4
-5.666,-7.48,8,F,100(E2),P,-8,3
-5.14,-7.369,7,F,100(E2),Q,-8,3
-5.443,-7.44,9,F,100(E2),R,-8,4
-6.183,-7.546,11,F,100(E2),S,-8,5
-4.583,-7.174,6,F,100(E2),T,-8,4
-6.193,-7.547,8,F,100(E2),V,-8,4
-0.2195,-0.2842,3,F,100(E2),W,-1.32,1
-1.953,-3.728,10,F,100(E2),Y,-3.761,7
-1.82,-3.43,6,I,101(E2),A,-3.881,3
-2.274,-4.421,9,I,101(E2),C,-4.578,5
-5.749,-7.493,5,I,101(E2),D,-8,1
-3.358,-6.22,7,I,101(E2),E,-6.522,4
-1.488,-2.677,6,I,101(E2),F,-2.555,3
-5.281,-7.405,6,I,101(E2),G,-8,3
-5.572,-7.465,5,I,101(E2),H,-8,3
0,0,,I,101(E2),I,0,
-4.358,-7.063,4,I,101(E2),K,-7.454,2
-0.4783,-0.6726,6,I,101(E2),L,-0.315,4
0.8229,0.7396,5,I,101(E2),M,0.4534,4
-5.079,-7.353,6,I,101(E2),N,-8,3
-4.1,-6.906,8,I,101(E2),P,-8,5
-5.118,-7.364,7,I,101(E2),Q,-8,3
-4.592,-7.178,13,I,101(E2),R,-8,7
-6.06,-7.534,5,I,101(E2),S,-8,3
-4.824,-7.271,9,I,101(E2),T,-7.593,3
-0.6163,-0.9035,7,I,101(E2),V,-1.537,2
-5.243,-7.396,5,I,101(E2),W,-8,4
-6.131,-7.541,6,I,101(E2),Y,-8,3
-1.927,-3.669,7,L,102(E2),A,-3.926,1
-2.494,-4.862,4,L,102(E2),C,-5.02,3
-4.36,-7.064,7,L,102(E2),D,-8,3
-4.675,-7.214,6,L,102(E2),E,-5.082,2
-5.317,-7.413,15,L,102(E2),F,-8,7
-5.409,-7.433,8,L,102(E2),G,-8,4
-7.03,-7.603,13,L,102(E2),H,-8,6
1.341,1.004,8,L,102(E2),I,0.7067,5
-2.674,-5.198,9,L,102(E2),K,-6.292,3
0,0,,L,102(E2),L,0,
-2.656,-5.165,6,L,102(E2),M,-5.57,3
-5.718,-7.489,4,L,102(E2),N,-7.949,2
-5.217,-7.389,15,L,102(E2),P,-7.854,5
-6.143,-7.542,10,L,102(E2),Q,-8,4
-2.523,-4.918,7,L,102(E2),R,-4.453,5
-4.674,-7.213,6,L,102(E2),S,-8,5
-1.167,-1.974,8,L,102(E2),T,-2.167,5
-0.7118,-1.073,3,L,102(E2),V,-1.356,2
-6.026,-7.53,8,L,102(E2),W,-8,4
-5.444,-7.44,4,L,102(E2),Y,-7.958,2
0,0,,A,103(E2),A,0,
0.59,0.5762,6,A,103(E2),C,-0.2619,1
-5.094,-7.357,8,A,103(E2),D,-7.842,4
-2.923,-5.616,3,A,103(E2),E,-5.98,3
-4.978,-7.323,5,A,103(E2),F,-8,2
-0.448,-0.6241,8,A,103(E2),G,-1.075,3
-5.143,-7.37,3,A,103(E2),H,-7.785,2
-6.185,-7.547,7,A,103(E2),I,-8,6
-6.108,-7.539,9,A,103(E2),K,-8,5
-6.298,-7.557,10,A,103(E2),L,-8,6
-4.083,-6.894,4,A,103(E2),M,-6.884,3
-4.31,-7.036,7,A,103(E2),N,-8,5
-5.175,-7.379,11,A,103(E2),P,-8,8
-5.275,-7.404,10,A,103(E2),Q,-8,5
-6.083,-7.536,6,A,103(E2),R,-8,6
-0.2385,-0.3106,13,A,103(E2),S,-0.3756,8
-0.6675,-0.9932,47,A,103(E2),T,-1.3,10
-0.5809,-0.8426,22,A,103(E2),V,-0.8357,13
-4.299,-7.03,7,A,103(E2),W,-8,2
-5.686,-7.484,4,A,103(E2),Y,-8,1
-1.211,-2.068,5,R,104(E2),A,-2.659,2
-2.059,-3.962,15,R,104(E2),C,-4.404,7
-2.185,-4.233,4,R,104(E2),D,-4.582,3
-1.419,-2.525,6,R,104(E2),E,-2.843,4
-1.554,-2.827,9,R,104(E2),F,-2.968,5
-1.571,-2.865,10,R,104(E2),G,-3.169,3
-2.199,-4.265,4,R,104(E2),H,-6.089,2
-1.431,-2.549,14,R,104(E2),I,-3.521,2
-0.2485,-0.3248,17,R,104(E2),K,-1.821,4
-1.255,-2.163,2,R,104(E2),L,-2.504,1
-1.508,-2.722,9,R,104(E2),M,-3.328,5
-1.732,-3.23,16,R,104(E2),N,-3.667,11
-4.75,-7.244,9,R,104(E2),P,-8,5
-2.199,-4.263,4,R,104(E2),Q,-5.615,2
0,0,,R,104(E2),R,0,
-1.129,-1.892,7,R,104(E2),S,-2.623,4
-1.523,-2.757,3,R,104(E2),T,-3.127,2
-1.553,-2.826,9,R,104(E2),V,-3.176,7
-1.893,-3.594,7,R,104(E2),W,-3.682,3
-1.396,-2.471,8,R,104(E2),Y,-2.537,3
-5.485,-7.448,3,C,105(E2),*,-8,1
-3.035,-5.787,1,C,105(E2),-,,
-4.97,-7.32,9,C,105(E2),A,-8,4
0,0,,C,105(E2),C,0,
-3.715,-6.598,7,C,105(E2),D,-7,3
-4.04,-6.864,2,C,105(E2),E,-7.278,1
-4.912,-7.301,13,C,105(E2),F,-8,6
-4.339,-7.053,6,C,105(E2),G,-7.564,4
-4.508,-7.14,11,C,105(E2),H,-8,8
-5.051,-7.345,3,C,105(E2),I,-7.752,2
-5.591,-7.468,4,C,105(E2),K,-8,1
-5.777,-7.498,4,C,105(E2),L,-8,2
-4.426,-7.099,9,C,105(E2),M,-8,4
-6.201,-7.548,6,C,105(E2),N,-8,3
-5.941,-7.52,5,C,105(E2),P,-8,4
-5.279,-7.404,12,C,105(E2),Q,-8,8
-5.727,-7.49,10,C,105(E2),R,-8,8
-6.3,-7.557,8,C,105(E2),S,-8,4
-5.1,-7.359,9,C,105(E2),T,-7.889,4
-5.174,-7.378,5,C,105(E2),V,-8,3
-5.709,-7.487,7,C,105(E2),W,-8,3
-5.41,-7.433,15,C,105(E2),Y,-8,3
-2.575,-5.016,1,P,106(E2),-,,
-0.3815,-0.5204,8,P,106(E2),A,-0.6197,4
-1.607,-2.947,6,P,106(E2),C,-3.833,1
-1.018,-1.663,9,P,106(E2),D,-1.69,6
-1.261,-2.176,9,P,106(E2),E,-2.938,4
-0.4547,-0.6347,3,P,106(E2),F,-0.1279,1
-1.258,-2.168,5,P,106(E2),G,-1.331,3
-0.7499,-1.142,8,P,106(E2),H,-1.726,2
-0.7891,-1.215,5,P,106(E2),I,-1.617,3
-1.759,-3.292,3,P,106(E2),K,-3.61,2
-1.325,-2.314,8,P,106(E2),L,-3.277,4
0.2091,0.2338,5,P,106(E2),M,-0.08992,1
-0.456,-0.6368,2,P,106(E2),N,-0.9683,1
0,0,,P,106(E2),P,0,
0.00773,0.00927,5,P,106(E2),Q,0.8882,3
-1.7,-3.157,8,P,106(E2),R,-3.152,3
-0.6599,-0.9797,12,P,106(E2),S,-0.5389,5
-0.2914,-0.3862,11,P,106(E2),T,-1.615,3
0.3313,0.3548,9,P,106(E2),V,-0.1612,4
-1.874,-3.55,7,P,106(E2),W,-4.079,3
-1.382,-2.44,4,P,106(E2),Y,-3.162,3
-3.606,-6.493,1,K,107(E2),-,,
-0.1669,-0.2123,12,K,107(E2),A,-0.6409,7
-0.733,-1.111,5,K,107(E2),C,-0.8189,2
-0.7105,-1.07,14,K,107(E2),D,-1.657,9
-0.4898,-0.6911,9,K,107(E2),E,-0.2505,3
-0.3099,-0.4133,5,K,107(E2),F,-0.9089,2
-0.1078,-0.1344,6,K,107(E2),G,-1.425,2
1,0.8439,5,K,107(E2),H,0.227,3
0.2625,0.2881,10,K,107(E2),I,1.489,1
0,0,,K,107(E2),K,0,
0.07209,0.08455,9,K,107(E2),L,-0.1175,6
1.543,1.079,4,K,107(E2),M,1.274,2
0.7634,0.7008,8,K,107(E2),N,,
0.07135,0.08371,10,K,107(E2),P,-0.1967,5
-0.3778,-0.5148,7,K,107(E2),Q,-0.8341,4
0.6031,0.5863,14,K,107(E2),R,0.1649,5
-0.2497,-0.3265,2,K,107(E2),S,-0.6129,1
1.115,0.9036,10,K,107(E2),T,0.4521,4
1.479,1.057,15,K,107(E2),V,0.363,10
-2.807,-5.427,5,K,107(E2),W,-5.907,2
-0.5318,-0.7602,13,K,107(E2),Y,-1.194,7
-3.273,-6.114,1,G,108(E2),-,,
-0.5432,-0.7791,9,G,108(E2),A,-0.758,6
-6.226,-7.551,13,G,108(E2),C,-8,5
-6.145,-7.543,14,G,108(E2),D,-8,3
-4.992,-7.327,9,G,108(E2),E,-8,6
-6.265,-7.554,8,G,108(E2),F,-8,4
0,0,,G,108(E2),G,0,
-3.959,-6.804,4,G,108(E2),H,-4.019,2
-4.621,-7.191,6,G,108(E2),I,-8,3
-5.314,-7.413,5,G,108(E2),K,-8,5
-4.503,-7.137,13,G,108(E2),L,-8,8
-7.871,-7.627,6,G,108(E2),M,-8,2
-5.09,-7.356,5,G,108(E2),N,-7.812,2
-5.045,-7.343,7,G,108(E2),P,-8,3
-5.15,-7.372,4,G,108(E2),Q,-8,1
-3.994,-6.831,6,G,108(E2),R,-7.212,4
-1.873,-3.548,3,G,108(E2),S,,
-5.959,-7.522,4,G,108(E2),T,-8,3
-6.116,-7.54,16,G,108(E2),V,-8,6
-4.235,-6.992,7,G,108(E2),W,-7.515,4
-4.934,-7.309,8,G,108(E2),Y,-8,6
-4.154,-6.942,2,E,109(E2),*,,
-2.916,-5.605,1,E,109(E2),-,,
-1.311,-2.285,8,E,109(E2),A,-2.786,4
-1.066,-1.762,7,E,109(E2),C,-2.107,4
0.2043,0.2288,10,E,109(E2),D,-1.062,1
0,0,,E,109(E2),E,0,
0.7338,0.6808,9,E,109(E2),F,1.066,4
-0.3345,-0.4495,4,E,109(E2),G,-1.292,1
0.5049,0.5083,10,E,109(E2),H,-0.05317,8
-1.353,-2.378,4,E,109(E2),I,-2.411,3
-1.278,-2.213,22,E,109(E2),K,-2.852,4
-1.428,-2.543,7,E,109(E2),L,-2.572,3
-0.9812,-1.588,5,E,109(E2),M,-2.039,3
-0.5199,-0.7404,4,E,109(E2),N,-1.895,1
-1.261,-2.176,5,E,109(E2),P,-2.574,4
-1.05,-1.729,10,E,109(E2),Q,-1.492,4
-1.048,-1.725,6,E,109(E2),R,-1.806,3
-1.59,-2.908,7,E,109(E2),S,-3.46,4
-1.67,-3.089,7,E,109(E2),T,-3.174,4
-1.059,-1.747,6,E,109(E2),V,-2.082,3
1.223,0.9543,5,E,109(E2),W,0.853,3
0.5875,0.5743,9,E,109(E2),Y,0.9675,6
-2.552,-4.973,1,T,110(E2),-,,
0.1155,0.1334,14,T,110(E2),A,-0.3937,5
-0.8934,-1.414,8,T,110(E2),C,-1.596,5
1.442,1.043,2,T,110(E2),D,,
-1.409,-2.5,7,T,110(E2),E,-2.317,4
-1.417,-2.52,5,T,110(E2),F,-2.89,2
-0.1483,-0.1875,4,T,110(E2),G,0.2904,1
-1.386,-2.451,7,T,110(E2),H,-3.208,7
1.978,1.198,8,T,110(E2),I,0.5989,6
-1.157,-1.953,13,T,110(E2),K,-2.588,8
-0.1637,-0.2081,10,T,110(E2),L,-0.673,6
-0.745,-1.133,4,T,110(E2),M,-1.495,3
-1.845,-3.486,12,T,110(E2),N,-3.895,7
-4.367,-7.068,10,T,110(E2),P,-7.116,5
-1.195,-2.033,9,T,110(E2),Q,-2.579,4
-0.4286,-0.5935,10,T,110(E2),R,-1.144,5
0.2576,0.2832,8,T,110(E2),S,-0.01268,6
0,0,,T,110(E2),T,0,
-0.4971,-0.703,7,T,110(E2),V,-0.6894,4
-0.3305,-0.4436,3,T,110(E2),W,-0.7485,1
-1.69,-3.134,11,T,110(E2),Y,-3.357,10
-2.762,-5.351,1,L,111(E2),-,,
-1.893,-3.595,7,L,111(E2),A,-3.468,4
-1.226,-2.1,8,L,111(E2),C,-2.137,3
-6.18,-7.546,7,L,111(E2),D,-8,6
-6.255,-7.553,8,L,111(E2),E,-8,5
-1.941,-3.7,4,L,111(E2),F,-1.032,1
-5.843,-7.507,6,L,111(E2),G,-8,3
-4.027,-6.854,6,L,111(E2),H,-7.223,4
0.4071,0.4244,6,L,111(E2),I,-0.171,5
-4.477,-7.125,11,L,111(E2),K,-8,8
0,0,,L,111(E2),L,0,
0.3747,0.3951,12,L,111(E2),M,0.1616,4
-5.338,-7.418,6,L,111(E2),N,-8,2
-5.825,-7.504,13,L,111(E2),P,-8,6
-4.552,-7.161,4,L,111(E2),Q,-7.296,2
-5.946,-7.52,7,L,111(E2),R,-8,4
-5.458,-7.443,9,L,111(E2),S,-8,9
-4.599,-7.182,5,L,111(E2),T,-4.802,1
-0.4586,-0.6409,7,L,111(E2),V,-0.8545,5
-5.594,-7.468,3,L,111(E2),W,-8,2
-6.438,-7.569,11,L,111(E2),Y,-8,8
-2.873,-5.536,1,T,112(E2),-,,
-2.13,-4.115,16,T,112(E2),A,-4.077,4
-1.284,-2.226,7,T,112(E2),C,-2.514,4
-4.939,-7.311,10,T,112(E2),D,-8,6
-1.505,-2.717,6,T,112(E2),E,-2.541,5
-5.157,-7.374,12,T,112(E2),F,-8,8
-1.493,-2.69,6,T,112(E2),G,-2.998,4
-3.813,-6.686,8,T,112(E2),H,-8,5
-5.345,-7.419,14,T,112(E2),I,-8,4
-2.128,-4.111,6,T,112(E2),K,-4.861,4
-5.083,-7.354,7,T,112(E2),L,-8,4
-0.8771,-1.383,6,T,112(E2),M,-1.648,3
-4.961,-7.317,4,T,112(E2),N,-8,1
-4.159,-6.945,7,T,112(E2),P,-7.402,6
-2.429,-4.736,4,T,112(E2),Q,-3.409,2
-4.007,-6.84,4,T,112(E2),R,-6.209,2
-6.786e-06,-8.106e-06,13,T,112(E2),S,-0.5413,9
0,0,,T,112(E2),T,0,
-0.3943,-0.5401,7,T,112(E2),V,-0.5151,3
-5.529,-7.457,4,T,112(E2),W,-8,3
-4.74,-7.24,8,T,112(E2),Y,-8,5
-2.77,-5.364,1,V,113(E2),-,,
-0.7896,-1.216,8,V,113(E2),A,-1.226,3
-0.6448,-0.9531,7,V,113(E2),C,-0.8312,3
-5.57,-7.464,5,V,113(E2),D,-8,2
-3.991,-6.828,7,V,113(E2),E,-5.781,3
-5.115,-7.363,10,V,113(E2),F,-8,5
-4.071,-6.886,5,V,113(E2),G,-7.389,3
-5.57,-7.464,6,V,113(E2),H,-8,2
-1.052,-1.733,7,V,113(E2),I,-1.663,4
-5.458,-7.443,8,V,113(E2),K,-8,5
-2.463,-4.803,9,V,113(E2),L,-4.896,5
-4.987,-7.325,34,V,113(E2),M,-7.989,12
-6.031,-7.53,10,V,113(E2),N,-8,5
-3.994,-6.831,9,V,113(E2),P,-7.103,9
-5.571,-7.464,4,V,113(E2),Q,-8,3
-4.267,-7.012,7,V,113(E2),R,-7.605,3
-4.238,-6.994,8,V,113(E2),S,-7.86,4
-0.6349,-0.9358,6,V,113(E2),T,-1.141,3
0,0,,V,113(E2),V,0,
-5.768,-7.496,5,V,113(E2),W,-8,2
-5.896,-7.514,9,V,113(E2),Y,-8,4
-3.264,-6.103,1,G,114(E2),-,,
-1.095,-1.822,12,G,114(E2),A,-2.064,9
-1.365,-2.403,11,G,114(E2),C,-2.632,5
-2.425,-4.728,11,G,114(E2),D,-3.268,2
-0.1923,-0.2467,2,G,114(E2),E,-0.532,1
-2.5,-4.874,2,G,114(E2),F,-5.263,1
0,0,,G,114(E2),G,0,
-1.807,-3.399,6,G,114(E2),H,-2.665,4
-2.667,-5.185,7,G,114(E2),I,-5.543,6
-2.775,-5.374,10,G,114(E2),K,-5.537,5
-1.372,-2.418,5,G,114(E2),L,-2.454,3
-0.9453,-1.517,13,G,114(E2),M,-1.608,6
-2.763,-5.353,2,G,114(E2),N,-6.312,2
-3.252,-6.088,8,G,114(E2),P,-6.483,2
-0.5746,-0.8319,10,G,114(E2),Q,-0.9959,6
-2.601,-5.065,4,G,114(E2),R,-5.089,3
-0.5155,-0.7332,12,G,114(E2),S,-0.7126,6
-1.201,-2.045,8,G,114(E2),T,-1.403,4
-1.941,-3.702,15,G,114(E2),V,-4.141,5
-1.585,-2.896,5,G,114(E2),W,-3.183,4
-1.807,-3.4,6,G,114(E2),Y,-3.146,3
-2.879,-5.546,1,F,115(E2),-,,
-4.897,-7.297,4,F,115(E2),A,-8,1
-4.797,-7.261,6,F,115(E2),C,-8,3
-5.597,-7.469,9,F,115(E2),D,-8,3
-5.16,-7.375,2,F,115(E2),E,-8,1
0,0,,F,115(E2),F,0,
-4.837,-7.276,6,F,115(E2),G,-7.339,2
-4.918,-7.304,10,F,115(E2),H,-8,8
-2.425,-4.728,8,F,115(E2),I,-4.739,4
-4.165,-6.949,3,F,115(E2),K,-7.267,2
-5.959,-7.522,12,F,115(E2),L,-8,4
-1.112,-1.856,7,F,115(E2),M,-2.164,4
-5.532,-7.457,3,F,115(E2),N,-8,2
-4.302,-7.032,4,F,115(E2),P,-6.777,2
-5.508,-7.453,10,F,115(E2),Q,-8,6
-5.471,-7.446,8,F,115(E2),R,-8,3
-5.829,-7.505,14,F,115(E2),S,-8,3
-7.262,-7.612,9,F,115(E2),T,-8,4
-4.134,-6.929,6,F,115(E2),V,-6.361,2
-4.902,-7.298,4,F,115(E2),W,-6.027,2
-2.193,-4.251,5,F,115(E2),Y,-4.026,3
-3.968,-6.811,1,T,116(E2),-,,
-0.2349,-0.3056,13,T,116(E2),A,-0.2887,5
0.5523,0.5467,4,T,116(E2),C,-0.8865,2
0.1983,0.2225,9,T,116(E2),D,0.3475,4
-0.1815,-0.232,8,T,116(E2),E,-0.5753,5
-0.7028,-1.056,6,T,116(E2),F,-1.289,4
-0.7222,-1.091,9,T,116(E2),G,-1.261,6
-0.8002,-1.236,12,T,116(E2),H,-1.411,8
0.9877,0.8371,14,T,116(E2),I,-2.22,1
-2.946,-5.652,5,T,116(E2),K,-5.888,2
0.04591,0.05433,8,T,116(E2),L,-0.2254,6
0.3199,0.3439,3,T,116(E2),M,-1.969,2
-0.8845,-1.397,4,T,116(E2),N,-1.654,2
-4.559,-7.163,9,T,116(E2),P,-8,6
-0.2489,-0.3253,7,T,116(E2),Q,-0.6895,6
-1.652,-3.048,10,T,116(E2),R,-3.268,7
-0.84,-1.311,4,T,116(E2),S,-1.446,2
0,0,,T,116(E2),T,0,
2.734,1.318,5,T,116(E2),V,0.6441,2
-0.8197,-1.273,7,T,116(E2),W,-1.462,5
0.2134,0.2382,8,T,116(E2),Y,-0.6691,6
-2.943,-5.647,5,D,117(E2),A,-6.114,1
-2.502,-4.877,19,D,117(E2),C,-5.642,7
0,0,,D,117(E2),D,0,
-4.665,-7.21,10,D,117(E2),E,-8,4
-5.686,-7.484,14,D,117(E2),F,-8,7
-1.645,-3.033,6,D,117(E2),G,-3.388,4
-3.711,-6.594,9,D,117(E2),H,-7.139,6
-3.542,-6.427,7,D,117(E2),I,-6.38,5
-3.416,-6.288,8,D,117(E2),K,-6.07,6
-5.461,-7.444,9,D,117(E2),L,-8,6
-4.986,-7.325,7,D,117(E2),M,-8,4
-2.373,-4.624,6,D,117(E2),N,-3.442,1
-2.87,-5.532,8,D,117(E2),P,-6.011,3
-2.544,-4.957,5,D,117(E2),Q,-5.166,3
-3.469,-6.348,7,D,117(E2),R,-6.912,2
-2.046,-3.934,7,D,117(E2),S,-3.858,4
-0.7194,-1.086,7,D,117(E2),T,-1.517,3
-3.113,-5.9,6,D,117(E2),V,-6.582,5
-5.491,-7.45,7,D,117(E2),W,-8,5
-5.05,-7.344,9,D,117(E2),Y,-8,4
1.098,0.8952,6,G,118(E2),A,-1.059,1
-0.1411,-0.1779,9,G,118(E2),C,-0.5262,5
0.3081,0.3327,37,G,118(E2),D,-0.162,13
0.4624,0.4727,9,G,118(E2),E,1.302,5
0.4207,0.4365,10,G,118(E2),F,-0.07658,5
0,0,,G,118(E2),G,0,
0.1086,0.1257,7,G,118(E2),H,-0.2009,4
-0.4418,-0.6143,10,G,118(E2),I,-0.2666,6
-0.5865,-0.8521,9,G,118(E2),K,-1.11,6
1.165,0.9279,8,G,118(E2),L,0.3021,4
0.2562,0.2818,9,G,118(E2),M,0.3698,5
0.009874,0.01183,7,G,118(E2),N,-0.4629,4
0.4577,0.4686,13,G,118(E2),P,-0.6145,2
-0.5055,-0.7167,5,G,118(E2),Q,-0.512,2
-1.006,-1.638,6,G,118(E2),R,-2.598,3
0.7927,0.7201,10,G,118(E2),S,-0.06595,4
0.2841,0.3094,9,G,118(E2),T,0.2591,5
0.242,0.2675,13,G,118(E2),V,0.1653,8
0.836,0.7478,4,G,118(E2),W,0.7264,3
0.0008354,0.001004,8,G,118(E2),Y,0.04394,4
-0.07305,-0.09004,11,R,119(E2),A,-0.2871,4
-4.038,-6.863,12,R,119(E2),C,-8,3
-0.9332,-1.493,9,R,119(E2),D,-1.597,5
-1.079,-1.789,4,R,119(E2),E,-2.073,3
-0.382,-0.5213,9,R,119(E2),F,-0.1988,2
-1.144,-1.924,9,R,119(E2),G,-2.601,4
-0.9262,-1.479,11,R,119(E2),H,-2.198,5
-1.485,-2.671,12,R,119(E2),I,-2.422,5
0.3325,0.356,12,R,119(E2),K,0.7916,7
-0.2486,-0.3249,5,R,119(E2),L,-0.6731,5
-0.6023,-0.8793,6,R,119(E2),M,-1.515,1
0.3507,0.373,7,R,119(E2),N,-0.4563,3
-2.039,-3.917,9,R,119(E2),P,-3.631,6
-0.2141,-0.2767,9,R,119(E2),Q,-0.6544,7
0,0,,R,119(E2),R,0,
-0.3153,-0.4212,7,R,119(E2),S,-1.033,5
-1.147,-1.931,12,R,119(E2),T,-2.758,8
-1.61,-2.953,5,R,119(E2),V,-5.002,1
-0.5268,-0.7518,7,R,119(E2),W,-1.261,3
-1.012,-1.651,11,R,119(E2),Y,-1.597,4
-4.506,-7.139,1,K,120(E2),*,,
0.8392,0.7498,7,K,120(E2),A,0.2021,4
-0.3914,-0.5357,10,K,120(E2),C,-2.1,4
1.861,1.171,6,K,120(E2),D,0.8002,4
1.829,1.163,5,K,120(E2),E,0.1099,3
-0.03272,-0.03978,13,K,120(E2),F,-0.4233,7
2.509,1.291,6,K,120(E2),G,1.213,3
0.1654,0.1878,8,K,120(E2),H,-0.008,2
0.2422,0.2677,8,K,120(E2),I,-0.1823,3
0,0,,K,120(E2),K,0,
0.01398,0.01673,4,K,120(E2),L,0.1799,3
2.114,1.227,10,K,120(E2),M,1.245,6
-0.2855,-0.3776,11,K,120(E2),N,-2.127,3
0.1937,0.2177,12,K,120(E2),P,-0.171,9
0.4242,0.4395,8,K,120(E2),Q,0.5111,5
-0.7671,-1.174,5,K,120(E2),R,-0.8861,2
0.5987,0.5829,4,K,120(E2),S,0.1296,1
0.04174,0.04947,5,K,120(E2),T,-0.2073,4
-1.655,-3.057,6,K,120(E2),V,-3.685,3
-0.4453,-0.6197,7,K,120(E2),W,-0.3536,3
-0.7768,-1.192,11,K,120(E2),Y,-0.9133,6
-0.1504,-0.1903,1,I,121(E2),-,,
-0.06311,-0.07753,11,I,121(E2),A,-0.2221,6
0.06446,0.0758,5,I,121(E2),C,-0.2695,3
0.1588,0.1807,9,I,121(E2),D,1.124,2
2.491,1.289,4,I,121(E2),E,1.055,2
0.8003,0.725,7,I,121(E2),F,0.2705,3
-0.2186,-0.2829,12,I,121(E2),G,-0.4845,10
0.4516,0.4634,11,I,121(E2),H,-0.6014,3
0,0,,I,121(E2),I,0,
-0.6496,-0.9616,9,I,121(E2),K,-0.9578,5
-0.2743,-0.3615,5,I,121(E2),L,-0.2194,2
0.204,0.2285,7,I,121(E2),M,0.5851,5
0.06793,0.07979,12,I,121(E2),N,-0.6095,8
-2.59,-5.044,6,I,121(E2),P,-5.384,3
0.9118,0.7939,10,I,121(E2),Q,-0.1836,6
-1.435,-2.559,3,I,121(E2),R,,
-0.9387,-1.504,4,I,121(E2),S,-2.323,3
0.6061,0.5886,3,I,121(E2),T,0.432,2
1.182,0.9354,9,I,121(E2),V,-0.3226,3
-0.4701,-0.6594,6,I,121(E2),W,-0.1993,3
-0.04008,-0.04886,11,I,121(E2),Y,-0.4277,7
-1.246,-2.143,2,S,122(E2),A,-2.466,1
-0.724,-1.095,6,S,122(E2),C,-1.831,2
0.9774,0.8315,10,S,122(E2),D,0.6026,8
1.082,0.8869,4,S,122(E2),E,0.8465,1
-1.551,-2.82,7,S,122(E2),F,-3.134,3
0.3032,0.328,18,S,122(E2),G,0.3034,7
1.504,1.066,3,S,122(E2),H,-0.9427,2
0.04613,0.05458,15,S,122(E2),I,-0.9701,3
-1.903,-3.616,5,S,122(E2),K,-3.989,1
0.2054,0.2299,5,S,122(E2),L,-0.5341,3
0.6724,0.6376,7,S,122(E2),M,0.5796,4
-0.0887,-0.1099,24,S,122(E2),N,-1.15,6
0.4669,0.4765,8,S,122(E2),P,0.09785,5
0.5218,0.5222,5,S,122(E2),Q,0.3347,3
-1.221,-2.089,9,S,122(E2),R,-3.319,5
0,0,,S,122(E2),S,0,
-0.5123,-0.7279,9,S,122(E2),T,-0.9166,5
0.1901,0.2139,12,S,122(E2),V,0.0719,6
-1.776,-3.33,5,S,122(E2),W,-2.262,3
-1.623,-2.984,7,S,122(E2),Y,-3.692,4
-3.188,-6.004,8,H,123(E2),A,-6.35,4
-5.728,-7.49,5,H,123(E2),C,-8,3
-5.537,-7.458,8,H,123(E2),D,-8,2
-4.824,-7.271,11,H,123(E2),E,-8,6
-1.717,-3.195,7,H,123(E2),F,-3.466,3
-6.102,-7.538,8,H,123(E2),G,-8,3
0,0,,H,123(E2),H,0,
-1.548,-2.812,11,H,123(E2),I,-2.71,6
-1.096,-1.824,4,H,123(E2),K,-1.7,3
-1.312,-2.286,2,H,123(E2),L,-2.587,2
-1.457,-2.608,7,H,123(E2),M,-2.599,4
-0.8458,-1.322,10,H,123(E2),N,-1.565,5
-5.535,-7.458,10,H,123(E2),P,-8,5
-0.1683,-0.2142,6,H,123(E2),Q,-0.1147,1
1.902,1.181,5,H,123(E2),R,1.03,4
-2.943,-5.648,7,H,123(E2),S,-6.247,2
-2.408,-4.693,3,H,123(E2),T,-4.761,1
-1.274,-2.203,7,H,123(E2),V,-2.553,6
-1.386,-2.45,11,H,123(E2),W,-1.972,1
-0.6628,-0.9848,6,H,123(E2),Y,-0.7958,3
-0.3186,-0.426,1,S,124(E2),-,,
-0.4231,-0.5848,4,S,124(E2),A,0.06454,1
-0.4212,-0.5819,8,S,124(E2),C,-2.265,3
-1.806,-3.397,7,S,124(E2),D,-3.438,3
0.1886,0.2124,5,S,124(E2),E,-0.9934,2
-1.232,-2.112,11,S,124(E2),F,-2.671,6
-1.075,-1.78,11,S,124(E2),G,-1.964,4
-1.446,-2.584,10,S,124(E2),H,-2.684,6
0.3949,0.4135,20,S,124(E2),I,0.01277,9
-0.9759,-1.578,5,S,124(E2),K,,
-0.7703,-1.18,5,S,124(E2),L,,
-0.2239,-0.2902,7,S,124(E2),M,-0.6088,6
-1.619,-2.974,16,S,124(E2),N,-3.216,4
-5.841,-7.507,8,S,124(E2),P,-8,3
-0.07213,-0.08889,10,S,124(E2),Q,-1.158,6
-1.596,-2.921,6,S,124(E2),R,-3.472,3
0,0,,S,124(E2),S,0,
-0.5233,-0.746,6,S,124(E2),T,-1.456,3
0.01815,0.02168,8,S,124(E2),V,0.0743,4
-1.238,-2.125,14,S,124(E2),W,-3.133,5
-1.461,-2.617,7,S,124(E2),Y,-3.363,3
-5.172,-7.378,2,C,125(E2),*,-8,1
-1.206,-2.057,1,C,125(E2),-,,
-4.918,-7.303,9,C,125(E2),A,-8,7
0,0,,C,125(E2),C,0,
-4.885,-7.292,6,C,125(E2),D,-8,5
-3.716,-6.599,8,C,125(E2),E,-6.593,6
-5.095,-7.357,15,C,125(E2),F,-8,5
-5.447,-7.441,8,C,125(E2),G,-8,4
-5.408,-7.433,8,C,125(E2),H,-8,6
-5.38,-7.427,7,C,125(E2),I,-8,6
-6.329,-7.56,9,C,125(E2),K,-8,3
-5.662,-7.48,7,C,125(E2),L,-8,5
-6.242,-7.552,11,C,125(E2),M,-8,7
-4.011,-6.843,9,C,125(E2),N,-7.264,5
-6.247,-7.552,12,C,125(E2),P,-8,6
-5.623,-7.473,7,C,125(E2),Q,-8,2
-4.755,-7.246,13,C,125(E2),R,-8,4
-5.586,-7.467,13,C,125(E2),S,-8,7
-5.34,-7.418,5,C,125(E2),T,-8,1
-4.569,-7.168,10,C,125(E2),V,-8,7
-6.237,-7.552,8,C,125(E2),W,-8,7
-5.317,-7.413,49,C,125(E2),Y,-8,8
-2.097,-4.044,10,T,126(E2),A,-5.072,1
-1.756,-3.286,7,T,126(E2),C,-3.69,5
-6.31,-7.558,12,T,126(E2),D,-8,6
-1.728,-3.222,7,T,126(E2),E,-2.885,4
-4.217,-6.982,9,T,126(E2),F,-7.245,6
-3.939,-6.789,5,T,126(E2),G,-6.206,2
-3.2,-6.019,8,T,126(E2),H,-6.244,5
0.213,0.2379,18,T,126(E2),I,0.7614,9
-1.347,-2.364,5,T,126(E2),K,-2.175,2
-2.216,-4.3,9,T,126(E2),L,-4.325,6
-0.001789,-0.002153,12,T,126(E2),M,-0.03408,10
-2.435,-4.748,9,T,126(E2),N,-5.086,5
-5.212,-7.388,9,T,126(E2),P,-8,6
0.6845,0.6463,4,T,126(E2),Q,0.7848,2
0.2929,0.318,6,T,126(E2),R,-0.1685,4
-0.8889,-1.406,5,T,126(E2),S,-1.686,4
0,0,,T,126(E2),T,0,
0.2786,0.304,5,T,126(E2),V,0.0451,4
-3.063,-5.829,8,T,126(E2),W,-6.021,3
-5.556,-7.462,3,T,126(E2),Y,-8,2
-2.71,-5.261,1,H,127(E2),-,,
-2.08,-4.006,5,H,127(E2),A,-4.012,3
-2.315,-4.505,7,H,127(E2),C,-4.735,5
-4.262,-7.009,9,H,127(E2),D,-6.584,3
-1.665,-3.077,7,H,127(E2),E,-4.087,4
-1.874,-3.55,8,H,127(E2),F,-3.937,4
-2.087,-4.023,10,H,127(E2),G,-4.173,6
0,0,,H,127(E2),H,0,
-1.084,-1.798,6,H,127(E2),I,-2.112,3
-2.02,-3.875,5,H,127(E2),K,-4.17,4
-1.063,-1.755,5,H,127(E2),L,,
-1.711,-3.182,4,H,127(E2),M,-4.297,1
-1.241,-2.132,9,H,127(E2),N,-2.604,6
-5.659,-7.479,11,H,127(E2),P,-8,6
-1.576,-2.876,13,H,127(E2),Q,-3.697,6
-2.546,-4.962,12,H,127(E2),R,-4.978,5
-2.443,-4.763,5,H,127(E2),S,-3.875,2
-2.036,-3.911,9,H,127(E2),T,-3.909,4
-1.18,-2.001,4,H,127(E2),V,-2.752,2
1.257,0.9693,6,H,127(E2),W,0.3662,4
-1.432,-2.552,20,H,127(E2),Y,-2.8,2
-1.716,-3.194,3,P,128(E2),-,,
0.5082,0.5111,8,P,128(E2),A,0.4981,4
-2.313,-4.502,7,P,128(E2),C,-3.914,3
0.2214,0.2465,6,P,128(E2),D,-0.2872,4
1.726,1.135,5,P,128(E2),E,2.178,2
-1.684,-3.122,7,P,128(E2),F,-3.32,2
-0.4287,-0.5936,6,P,128(E2),G,-0.6183,2
-2.029,-3.895,10,P,128(E2),H,-3.839,5
-1.372,-2.42,9,P,128(E2),I,-3.397,5
-0.1412,-0.1781,1,P,128(E2),K,,
-1.532,-2.778,7,P,128(E2),L,-3.41,4
-0.5134,-0.7297,4,P,128(E2),M,-1.056,3
-0.2157,-0.2789,3,P,128(E2),N,-1.028,2
0,0,,P,128(E2),P,0,
1.384,1.021,2,P,128(E2),Q,0.9493,1
-1.987,-3.804,6,P,128(E2),R,-3.947,4
1.059,0.8752,7,P,128(E2),S,0.5357,4
-1.569,-2.86,14,P,128(E2),T,-3.366,10
-1.922,-3.659,5,P,128(E2),V,-4.833,3
-1.446,-2.585,8,P,128(E2),W,-2.905,4
-1.489,-2.681,12,P,128(E2),Y,-3.035,9
-2.085,-4.018,1,F,129(E2),-,,
-5.795,-7.5,5,F,129(E2),A,-8,1
-4.18,-6.958,8,F,129(E2),C,-7.839,5
-5.52,-7.455,7,F,129(E2),D,-8,6
-5.146,-7.371,5,F,129(E2),E,-8,4
0,0,,F,129(E2),F,0,
-5.237,-7.394,7,F,129(E2),G,-8,5
-1.407,-2.496,8,F,129(E2),H,-2.517,5
-4.812,-7.267,7,F,129(E2),I,-8,4
-5.909,-7.516,6,F,129(E2),K,-8,3
-2.179,-4.222,18,F,129(E2),L,-3.605,4
-1.641,-3.024,11,F,129(E2),M,-3.755,7
-5.494,-7.45,2,F,129(E2),N,-8,2
-4.987,-7.325,6,F,129(E2),P,-8,4
-5.927,-7.518,9,F,129(E2),Q,-8,4
-5.434,-7.438,7,F,129(E2),R,-8,5
-5.342,-7.419,13,F,129(E2),S,-8,5
-6.2,-7.548,8,F,129(E2),T,-8,6
-3.817,-6.689,9,F,129(E2),V,-6.755,4
-3.952,-6.799,3,F,129(E2),W,-2.798,1
-1.027,-1.681,4,F,129(E2),Y,-1.825,2
-0.638,-0.9413,3,H,130(E2),A,-1.227,2
-0.9316,-1.49,8,H,130(E2),C,-1.876,4
-1.67,-3.089,8,H,130(E2),D,-3.5,4
-1.572,-2.868,7,H,130(E2),E,-2.817,3
-1.447,-2.587,5,H,130(E2),F,-2.128,1
-1.264,-2.183,6,H,130(E2),G,-2.97,4
0,0,,H,130(E2),H,0,
-0.9678,-1.562,6,H,130(E2),I,-2.472,3
-0.4788,-0.6733,8,H,130(E2),K,-0.9133,7
-1.177,-1.995,6,H,130(E2),L,-2.414,3
-0.06361,-0.07816,1,H,130(E2),M,,
0.9325,0.806,11,H,130(E2),N,1.073,5
-0.7937,-1.223,7,H,130(E2),P,-1.5,6
-0.02158,-0.02614,8,H,130(E2),Q,-0.5372,4
-0.5756,-0.8337,7,H,130(E2),R,-1.012,4
-0.09012,-0.1117,6,H,130(E2),S,-0.1985,4
-0.03523,-0.04287,6,H,130(E2),T,-0.5654,2
-0.2687,-0.3535,7,H,130(E2),V,-0.3709,4
-1.29,-2.239,13,H,130(E2),W,-2.61,11
-1.116,-1.866,9,H,130(E2),Y,-2.07,2
-1.39,-2.459,1,H,131(E2),-,,
-5.801,-7.501,6,H,131(E2),C,-8,3
-4.6,-7.182,12,H,131(E2),D,-7.777,7
-5.406,-7.432,9,H,131(E2),E,-8,5
-2.077,-4.001,8,H,131(E2),F,-4.244,5
-4.582,-7.174,5,H,131(E2),G,-7.527,1
0,0,,H,131(E2),H,0,
-5.439,-7.439,8,H,131(E2),I,-8,6
-4.074,-6.888,5,H,131(E2),K,-7.263,4
-3.437,-6.312,12,H,131(E2),L,-6.38,7
-5.365,-7.424,7,H,131(E2),M,-7.403,4
-1.385,-2.448,11,H,131(E2),N,-2.984,6
-3.951,-6.798,7,H,131(E2),P,-6.681,4
-5.906,-7.515,7,H,131(E2),Q,-8,3
-5.679,-7.483,14,H,131(E2),R,-8,9
-3.715,-6.598,3,H,131(E2),S,,
-2.987,-5.716,2,H,131(E2),T,-6.05,2
-2.858,-5.512,5,H,131(E2),V,-5.506,2
-2.727,-5.291,4,H,131(E2),W,-5.642,3
-5.627,-7.474,11,H,131(E2),Y,-6.327,1
0.2913,0.3164,2,D,132(E2),-,,
-0.7207,-1.089,4,D,132(E2),A,-1.842,1
-0.4845,-0.6826,7,D,132(E2),C,-0.7876,5
0,0,,D,132(E2),D,0,
0.2664,0.2919,8,D,132(E2),E,-0.1866,3
-1.022,-1.672,6,D,132(E2),F,-2.088,2
-1.454,-2.601,6,D,132(E2),G,-2.638,2
-0.5305,-0.7579,7,D,132(E2),H,-0.6865,4
-6.637,-7.582,6,D,132(E2),I,-5.95,2
-2.915,-5.604,5,D,132(E2),K,-6.834,3
-1.856,-3.509,10,D,132(E2),L,-2.929,4
-1.218,-2.083,7,D,132(E2),M,-2.24,5
-1.05,-1.728,14,D,132(E2),N,-2.278,5
-5.327,-7.416,10,D,132(E2),P,-8,2
-1.052,-1.733,4,D,132(E2),Q,-2.286,1
-1.95,-3.72,5,D,132(E2),R,-4.106,2
-0.4717,-0.6619,4,D,132(E2),S,0.5832,1
-1.667,-3.083,5,D,132(E2),T,-3.522,4
-1.812,-3.411,7,D,132(E2),V,-2.761,3
-1.048,-1.725,7,D,132(E2),W,-2.194,4
-1.353,-2.378,7,D,132(E2),Y,,
-0.4928,-0.696,2,P,133(E2),-,,
-0.515,-0.7323,5,P,133(E2),A,-1.472,3
-1.984,-3.796,15,P,133(E2),C,-4.035,9
-5.354,-7.421,4,P,133(E2),D,-8,1
-1.149,-1.936,3,P,133(E2),E,-2.217,2
-0.687,-1.028,5,P,133(E2),F,-0.7948,2
-2.898,-5.577,15,P,133(E2),G,-5.387,9
-1.342,-2.353,8,P,133(E2),H,-1.296,3
0.2979,0.3228,8,P,133(E2),I,0.6534,5
0.06542,0.0769,3,P,133(E2),K,-0.3388,1
0.2709,0.2964,12,P,133(E2),L,-0.6115,5
-0.1001,-0.1245,6,P,133(E2),M,-0.1314,3
-1.217,-2.081,6,P,133(E2),N,-2.071,4
0,0,,P,133(E2),P,0,
-0.5191,-0.7392,5,P,133(E2),Q,-0.3196,2
-0.9873,-1.601,5,P,133(E2),R,-1.503,3
-0.9803,-1.587,6,P,133(E2),S,-1.846,3
-0.734,-1.113,12,P,133(E2),T,-1.548,4
-1.001,-1.629,8,P,133(E2),V,-1.472,5
-0.459,-0.6415,11,P,133(E2),W,-0.321,5
-0.2838,-0.3753,9,P,133(E2),Y,-0.9118,4
0.3442,0.3669,2,P,134(E2),-,,
-0.4269,-0.5907,4,P,134(E2),A,-0.9518,3
-1.936,-3.69,6,P,134(E2),C,-3.785,2
-1.123,-1.88,8,P,134(E2),D,-1.893,5
-1.051,-1.73,2,P,134(E2),E,-1.716,1
-0.1961,-0.2519,9,P,134(E2),F,-1.001,4
-1.054,-1.736,7,P,134(E2),G,-2.981,3
-0.8125,-1.259,7,P,134(E2),H,-1.447,4
-0.0629,-0.07727,5,P,134(E2),I,-2.354,1
-2.781,-5.383,5,P,134(E2),K,-5.489,3
0.3954,0.4139,13,P,134(E2),L,-0.1089,5
-0.2361,-0.3073,8,P,134(E2),M,-1.026,3
-1.111,-1.854,2,P,134(E2),N,-1.524,1
0,0,,P,134(E2),P,0,
-1.194,-2.032,5,P,134(E2),Q,-2.593,4
-2.223,-4.313,7,P,134(E2),R,-4.914,5
-1.136,-1.908,10,P,134(E2),S,-2.372,5
-0.64,-0.9447,7,P,134(E2),T,-1.362,4
0.1648,0.1871,3,P,134(E2),V,0.4913,1
-3.576,-6.462,2,P,134(E2),W,,
-0.9574,-1.541,8,P,134(E2),Y,-0.9467,2
-0.5589,-0.8054,2,V,135(E2),-,,
-1.986,-3.801,4,V,135(E2),A,-4.046,1
-1.543,-2.801,8,V,135(E2),C,-3.283,3
-1.503,-2.712,6,V,135(E2),D,-2.902,3
-1.437,-2.564,10,V,135(E2),E,-2.422,4
-1.159,-1.957,8,V,135(E2),F,-3.315,4
-2.241,-4.352,4,V,135(E2),G,-4.249,3
-0.8733,-1.375,7,V,135(E2),H,-2.301,3
-0.1973,-0.2535,10,V,135(E2),I,-0.6843,4
-2.661,-5.174,11,V,135(E2),K,-5.704,6
-0.1115,-0.1392,11,V,135(E2),L,-1.002,3
-1.038,-1.704,10,V,135(E2),M,-1.417,5
-1.477,-2.654,8,V,135(E2),N,-2.915,3
-0.6272,-0.9223,12,V,135(E2),P,-0.701,4
-0.8455,-1.322,4,V,135(E2),Q,-1.165,3
-0.5071,-0.7194,4,V,135(E2),R,-1.2,2
-1.043,-1.714,6,V,135(E2),S,-0.3128,1
-0.5377,-0.7699,10,V,135(E2),T,-0.9464,8
0,0,,V,135(E2),V,0,
-1.496,-2.696,8,V,135(E2),W,-2.827,3
-0.8974,-1.422,4,V,135(E2),Y,-1.633,2
-0.5225,-0.7447,2,I,136(E2),-,,
-5.972,-7.523,10,I,136(E2),A,-8,6
-5.42,-7.435,8,I,136(E2),C,-8,6
-4.513,-7.142,5,I,136(E2),D,-8,3
-3.235,-6.066,7,I,136(E2),E,-6.391,4
-3.749,-6.629,6,I,136(E2),F,-7.322,3
-4.492,-7.132,8,I,136(E2),G,-7.707,2
-4.212,-6.978,5,I,136(E2),H,-8,3
0,0,,I,136(E2),I,0,
-4.965,-7.319,8,I,136(E2),K,-7.985,4
-1.063,-1.756,8,I,136(E2),L,-1.536,6
-1.787,-3.355,8,I,136(E2),M,-3.481,6
-3.507,-6.39,6,I,136(E2),N,-6.797,3
-2.942,-5.646,7,I,136(E2),P,-5.517,4
-5.747,-7.493,7,I,136(E2),Q,-8,3
-4.974,-7.321,9,I,136(E2),R,-8,6
-2.848,-5.496,4,I,136(E2),S,-6.431,2
-3.405,-6.275,8,I,136(E2),T,-6.378,6
-0.2519,-0.3296,10,I,136(E2),V,-0.1481,7
-5.604,-7.47,7,I,136(E2),W,-8,5
-5.75,-7.494,5,I,136(E2),Y,,
-0.7296,-1.105,1,G,137(E2),-,,
-4.395,-7.083,7,G,137(E2),A,-8,3
-4.329,-7.047,8,G,137(E2),C,-4.612,2
-6.611,-7.581,28,G,137(E2),D,-8,10
-4.073,-6.887,4,G,137(E2),E,-6.483,2
-6.188,-7.547,4,G,137(E2),F,-7.799,2
0,0,,G,137(E2),G,0,
-2.784,-5.389,4,G,137(E2),H,-6.104,1
-5.875,-7.511,5,G,137(E2),I,-8,3
-5.18,-7.38,4,G,137(E2),K,-8,3
-5.341,-7.419,10,G,137(E2),L,-8,5
-4.841,-7.277,9,G,137(E2),M,-8,8
-4.561,-7.165,8,G,137(E2),N,-8,5
-2.781,-5.384,6,G,137(E2),P,-5.651,2
-5.545,-7.46,5,G,137(E2),Q,-8,3
-5.051,-7.345,10,G,137(E2),R,-7.948,8
-4.533,-7.152,12,G,137(E2),S,-8,1
-5.14,-7.37,8,G,137(E2),T,-8,5
-5.524,-7.456,8,G,137(E2),V,-8,2
-5.928,-7.518,7,G,137(E2),W,-8,3
-3.629,-6.515,3,G,137(E2),Y,-7.045,2
-1.317,-2.297,1,R,138(E2),*,,
-3.851,-6.718,11,R,138(E2),A,-8,5
-4.885,-7.293,15,R,138(E2),C,-8,7
-6.05,-7.532,4,R,138(E2),D,-7.92,3
-5.643,-7.477,11,R,138(E2),E,-8,5
-3.49,-6.371,15,R,138(E2),F,-6.257,9
-4.671,-7.212,17,R,138(E2),G,-8,5
-3.24,-6.072,7,R,138(E2),H,-6.498,5
-5.081,-7.353,6,R,138(E2),I,,
-3.914,-6.769,13,R,138(E2),K,-6.959,4
-4.844,-7.278,7,R,138(E2),L,-7.596,4
-4.203,-6.973,8,R,138(E2),M,-8,5
-3.137,-5.933,4,R,138(E2),N,-5.729,3
-4.782,-7.256,9,R,138(E2),P,-8,7
-7.239,-7.611,9,R,138(E2),Q,-8,7
0,0,,R,138(E2),R,0,
-6.12,-7.54,6,R,138(E2),S,-8,4
-4.478,-7.125,8,R,138(E2),T,-7.62,1
-5.709,-7.487,12,R,138(E2),V,-8,8
-6.548,-7.577,8,R,138(E2),W,-8,2
-4.155,-6.942,4,R,138(E2),Y,-7.608,2
-8.691,-7.638,9,E,139(E2),*,-8,1
-4.448,-7.111,4,E,139(E2),A,-8,3
-4.367,-7.068,8,E,139(E2),C,-8,7
-5.68,-7.483,10,E,139(E2),D,-8,2
0,0,,E,139(E2),E,0,
-6.218,-7.55,7,E,139(E2),F,-8,5
-5.361,-7.423,7,E,139(E2),G,-8,1
-5.372,-7.425,6,E,139(E2),H,-8,4
-3.431,-6.305,7,E,139(E2),I,-6.291,4
-4.6,-7.182,17,E,139(E2),K,-8,5
-5.565,-7.463,9,E,139(E2),L,-8,6
-3.715,-6.598,4,E,139(E2),M,-6.976,2
-5.464,-7.444,8,E,139(E2),N,-7.793,4
-6.388,-7.565,7,E,139(E2),P,-8,6
-0.9205,-1.468,7,E,139(E2),Q,-1.363,2
-4.677,-7.215,11,E,139(E2),R,-7.953,8
-4.276,-7.017,11,E,139(E2),S,-8,3
-4.648,-7.202,8,E,139(E2),T,-7.017,5
-2.665,-5.181,4,E,139(E2),V,-5.337,2
-4.68,-7.216,11,E,139(E2),W,-8,4
-4.897,-7.296,7,E,139(E2),Y,-8,3
-4.051,-6.872,1,K,140(E2),*,,
0.1949,0.219,7,K,140(E2),A,0.3383,4
-2.001,-3.835,15,K,140(E2),C,-4.429,8
-1.393,-2.465,11,K,140(E2),D,-2.736,7
-0.6731,-1.003,9,K,140(E2),E,-0.9676,4
-1.476,-2.65,14,K,140(E2),F,-2.979,9
-5.538,-7.458,6,K,140(E2),G,-8,4
-0.3708,-0.5041,5,K,140(E2),H,-2.024,1
-0.03235,-0.03932,5,K,140(E2),I,-0.3619,4
0,0,,K,140(E2),K,0,
-1.405,-2.492,13,K,140(E2),L,-2.941,6
0.5292,0.5282,8,K,140(E2),M,0.6265,4
-1.67,-3.091,13,K,140(E2),N,-3.346,4
-5.889,-7.513,7,K,140(E2),P,-8,5
0.08427,0.09842,7,K,140(E2),Q,-0.9285,2
-0.6786,-1.013,4,K,140(E2),R,-1.266,2
-1.559,-2.838,5,K,140(E2),S,-3.159,3
-10.05,-7.644,7,K,140(E2),T,-3.59,1
0.211,0.2357,6,K,140(E2),V,0.1811,5
-1.952,-3.725,5,K,140(E2),W,-4.172,3
-1.717,-3.196,6,K,140(E2),Y,-3.526,1
-1.742,-3.254,7,F,141(E2),A,-3.593,6
-2.22,-4.309,7,F,141(E2),C,-4.899,5
-2.751,-5.332,7,F,141(E2),D,-5.615,6
-5.198,-7.385,6,F,141(E2),E,-7.73,3
0,0,,F,141(E2),F,0,
-2.259,-4.39,7,F,141(E2),G,-4.904,6
-1.695,-3.147,5,F,141(E2),H,-3.46,3
-2.315,-4.505,10,F,141(E2),I,-4.661,5
-5.749,-7.493,3,F,141(E2),K,-8,3
-2.608,-5.078,14,F,141(E2),L,-5.192,4
-1.758,-3.288,6,F,141(E2),M,-2.916,3
-2.357,-4.591,4,F,141(E2),N,-4.347,3
-2.998,-5.732,8,F,141(E2),P,-6.826,4
-2.92,-5.612,7,F,141(E2),Q,-6.301,5
-4.654,-7.205,6,F,141(E2),R,-7.562,2
-1.915,-3.643,10,F,141(E2),S,-4.143,4
-1.515,-2.739,3,F,141(E2),T,-4.249,1
-1.85,-3.497,8,F,141(E2),V,-3.848,6
-3.385,-6.251,4,F,141(E2),W,-6.057,2
-0.1163,-0.1454,5,F,141(E2),Y,0.1824,1
2.16,1.236,2,H,142(E2),-,,
0.5599,0.5527,6,H,142(E2),A,1.149,2
-1.298,-2.256,8,H,142(E2),C,-2.981,2
-1.813,-3.412,5,H,142(E2),D,-3.11,3
-1.697,-3.151,7,H,142(E2),E,-3.025,3
3.01,1.344,3,H,142(E2),F,1.524,2
-1.624,-2.985,7,H,142(E2),G,-3.724,3
0,0,,H,142(E2),H,0,
-1.279,-2.215,5,H,142(E2),I,-2.183,3
-1.744,-3.257,2,H,142(E2),K,-3.57,2
-1.973,-3.771,5,H,142(E2),L,-4.067,1
-1.719,-3.2,6,H,142(E2),M,-4.667,4
-1.374,-2.424,8,H,142(E2),N,-2.943,3
0.2177,0.2427,10,H,142(E2),P,0.5246,5
-0.9619,-1.55,7,H,142(E2),Q,-1.881,2
-1.734,-3.235,12,H,142(E2),R,-3.449,7
-0.3612,-0.4896,3,H,142(E2),S,-0.6294,1
-1.538,-2.79,13,H,142(E2),T,-3.125,9
-1.615,-2.964,6,H,142(E2),V,-3.345,4
0.7649,0.7018,7,H,142(E2),W,0.2791,5
0.9882,0.8375,6,H,142(E2),Y,1.653,3
-2.269,-4.41,3,S,143(E2),-,-4.407,1
0.523,0.5231,7,S,143(E2),A,0.2954,4
-2.399,-4.676,5,S,143(E2),C,-6.024,2
-1.679,-3.11,8,S,143(E2),D,-2.841,4
-1.691,-3.136,9,S,143(E2),E,-3.197,7
-1.441,-2.572,10,S,143(E2),F,-2.262,4
0.7132,0.6665,9,S,143(E2),G,1.105,2
-1.844,-3.484,10,S,143(E2),H,-3.974,7
-1.369,-2.412,10,S,143(E2),I,-2.824,6
-1.656,-3.059,11,S,143(E2),K,-2.985,7
-1.631,-3.001,5,S,143(E2),L,-3.36,3
-1.795,-3.373,6,S,143(E2),M,-4,4
-1.795,-3.374,28,S,143(E2),N,-3.062,7
-4.084,-6.895,6,S,143(E2),P,-6.647,5
-2.019,-3.874,7,S,143(E2),Q,-4.257,4
-1.949,-3.719,14,S,143(E2),R,-3.947,6
0,0,,S,143(E2),S,0,
-1.933,-3.684,4,S,143(E2),T,-3.851,1
-1.296,-2.252,7,S,143(E2),V,-2.531,6
-1.476,-2.65,9,S,143(E2),W,-2.75,6
-1.605,-2.942,8,S,143(E2),Y,-3.181,7
0.3263,0.35,1,R,144(E2),*,,
-1.248,-2.148,4,R,144(E2),A,-2.776,2
-1.891,-3.589,10,R,144(E2),C,-4.583,5
-1.998,-3.827,5,R,144(E2),D,-3.827,4
-1.708,-3.176,7,R,144(E2),E,-4.765,2
-1.41,-2.503,6,R,144(E2),F,-2.602,4
-1.218,-2.083,15,R,144(E2),G,-2.523,4
-1.758,-3.288,5,R,144(E2),H,-4,3
-1.302,-2.265,14,R,144(E2),I,-2.267,7
-1.373,-2.421,11,R,144(E2),K,-3.039,6
-1.332,-2.331,7,R,144(E2),L,-2.413,5
-1.648,-3.039,8,R,144(E2),M,-3.558,4
-0.4729,-0.6638,10,R,144(E2),N,-0.4139,7
-1.192,-2.026,7,R,144(E2),P,-2.523,6
-1.806,-3.397,5,R,144(E2),Q,-4.28,3
0,0,,R,144(E2),R,0,
-1.456,-2.605,6,R,144(E2),S,-3.076,3
-1.069,-1.768,10,R,144(E2),T,-2.18,8
-1.575,-2.875,5,R,144(E2),V,-3.043,4
-1.805,-3.396,12,R,144(E2),W,-3.803,8
-2.121,-4.097,7,R,144(E2),Y,-3.911,3
-0.3029,-0.4029,1,P,145(E2),-,,
-1.509,-2.724,8,P,145(E2),A,-3.62,5
-2.297,-4.469,4,P,145(E2),C,-4.831,3
-2.268,-4.408,5,P,145(E2),D,-4.933,2
-2.06,-3.965,7,P,145(E2),E,-4.463,4
-1.712,-3.185,6,P,145(E2),F,-4.04,2
-1.481,-2.663,6,P,145(E2),G,-2.748,4
0.1173,0.1354,5,P,145(E2),H,0.3954,4
-1.9,-3.61,3,P,145(E2),I,-3.887,1
-1.897,-3.603,2,P,145(E2),K,-4.188,2
-2.481,-4.838,6,P,145(E2),L,-6.141,1
-2.037,-3.914,7,P,145(E2),M,-3.542,4
-3.305,-6.155,9,P,145(E2),N,-5.833,4
0,0,,P,145(E2),P,0,
-1.836,-3.466,5,P,145(E2),Q,-3.899,4
-1.033,-1.694,8,P,145(E2),S,-4.2,2
-1.451,-2.595,6,P,145(E2),T,-3.151,2
-1.348,-2.366,6,P,145(E2),V,-2.025,3
-0.6489,-0.9602,2,P,145(E2),W,-1.249,2
-0.8573,-1.344,11,P,145(E2),Y,-1.66,7
-3.985,-6.823,4,Q,146(E2),*,,
-3.897,-6.756,2,Q,146(E2),-,,
1.778,1.149,11,Q,146(E2),A,1.834,5
-1.734,-3.234,5,Q,146(E2),C,-2.926,3
0.7805,0.7121,12,Q,146(E2),D,0.5351,5
0.1416,0.1621,8,Q,146(E2),E,0.02625,6
3.65,1.383,10,Q,146(E2),F,-0.0965,4
-0.04816,-0.05887,9,Q,146(E2),G,0.1381,6
-0.05333,-0.0653,11,Q,146(E2),H,0.1866,4
3.489,1.375,12,Q,146(E2),I,1.032,5
-1.769,-3.314,11,Q,146(E2),K,-4.15,7
3.458,1.374,6,Q,146(E2),L,1.76,4
4.886,1.414,6,Q,146(E2),M,2.274,6
-1.739,-3.246,9,Q,146(E2),N,-3.368,6
0.02808,0.03344,9,Q,146(E2),P,0.0512,6
0,0,,Q,146(E2),Q,0,
-1.661,-3.07,6,Q,146(E2),R,-4.252,2
4.799,1.413,5,Q,146(E2),S,1.164,2
1.738,1.138,9,Q,146(E2),T,1.202,4
0.1303,0.1497,6,Q,146(E2),V,1.742,2
1.626,1.105,4,Q,146(E2),W,1.196,3
-0.9536,-1.533,7,Q,146(E2),Y,-1.578,5
-1.003,-1.633,1,H,147(E2),-,,
0.1314,0.151,7,H,147(E2),A,-0.6798,3
-2.296,-4.467,5,H,147(E2),C,-4.294,2
-1.631,-3.002,5,H,147(E2),D,-3.634,2
-1.751,-3.274,7,H,147(E2),E,-3.391,3
0.1979,0.2222,6,H,147(E2),F,-0.7383,4
-0.2134,-0.2757,4,H,147(E2),G,-0.8681,3
0,0,,H,147(E2),H,0,
-0.09139,-0.1134,11,H,147(E2),I,-0.6595,5
-2.044,-3.929,9,H,147(E2),K,-5.197,3
-0.8294,-1.291,4,H,147(E2),L,-1.689,3
-0.4044,-0.5557,5,H,147(E2),M,-1.688,2
-1.082,-1.795,16,H,147(E2),N,-1.205,9
-2.384,-4.646,6,H,147(E2),P,-4.939,4
-1.183,-2.007,7,H,147(E2),Q,-2.155,5
-1.329,-2.324,7,H,147(E2),R,-2.556,3
0.2125,0.2373,8,H,147(E2),S,0.08825,4
-0.1972,-0.2534,7,H,147(E2),T,-0.2403,4
0.6713,0.6369,9,H,147(E2),V,-0.6765,3
1.781,1.15,4,H,147(E2),W,0.9202,2
0.29,0.3151,18,H,147(E2),Y,0.4589,7
-4.798,-7.262,4,G,148(E2),*,,
-1.503,-2.712,1,G,148(E2),-,,
-4.397,-7.084,7,G,148(E2),A,-6.046,4
-5.005,-7.331,9,G,148(E2),C,-8,3
-2.523,-4.918,5,G,148(E2),D,-5.717,4
-2.406,-4.689,23,G,148(E2),E,-4.843,7
-1.715,-3.191,5,G,148(E2),F,-3.554,3
0,0,,G,148(E2),G,0,
-1.919,-3.651,8,G,148(E2),H,-3.849,4
-2.082,-4.013,11,G,148(E2),I,-4.348,6
-5.092,-7.356,3,G,148(E2),K,-7.796,2
-2.708,-5.258,6,G,148(E2),L,-5.731,3
2.481,1.287,5,G,148(E2),M,-3.997,3
-3.931,-6.782,3,G,148(E2),N,-6.338,2
-4.677,-7.215,5,G,148(E2),P,-8,3
-3.433,-6.308,8,G,148(E2),Q,-6.695,6
-4.765,-7.249,11,G,148(E2),R,-8,2
-1.551,-2.821,6,G,148(E2),S,-3.166,2
-1.797,-3.378,11,G,148(E2),T,-3.67,8
-2.059,-3.962,11,G,148(E2),V,-3.658,1
-2.018,-3.872,2,G,148(E2),W,-4.39,1
-1.669,-3.087,5,G,148(E2),Y,-3.365,3
-2.32,-4.516,1,R,149(E2),*,,
0.6024,0.5857,1,R,149(E2),-,,
-0.3899,-0.5334,7,R,149(E2),A,-0.8893,5
-0.8649,-1.359,4,R,149(E2),C,-1.231,3
-1.081,-1.793,6,R,149(E2),D,-3.195,2
-0.9178,-1.462,2,R,149(E2),E,,
-0.05492,-0.06728,4,R,149(E2),F,-0.4597,3
-0.8373,-1.306,10,R,149(E2),G,-1.792,5
-0.9655,-1.557,5,R,149(E2),H,-1.817,3
0.4076,0.4248,12,R,149(E2),I,-0.8717,3
0.2019,0.2263,23,R,149(E2),K,0.1519,8
0.1639,0.1862,10,R,149(E2),L,-0.06383,7
0.6849,0.6466,2,R,149(E2),M,,
-1.568,-2.859,7,R,149(E2),N,-2.314,2
-0.7666,-1.173,4,R,149(E2),P,-2.474,2
-0.7647,-1.169,7,R,149(E2),Q,-1.4,1
0,0,,R,149(E2),R,0,
-0.5499,-0.7903,13,R,149(E2),S,-0.9496,10
-0.1051,-0.131,11,R,149(E2),T,0.3227,5
-0.8478,-1.326,7,R,149(E2),V,-4.788,2
-1.28,-2.218,6,R,149(E2),W,-2.341,5
0.6875,0.6485,2,R,149(E2),Y,-1.806,1
-4.314,-7.039,4,E,150(E2),*,,
-0.1142,-0.1427,1,E,150(E2),-,,
-1.969,-3.764,8,E,150(E2),A,-3.564,4
-1.443,-2.577,6,E,150(E2),C,-2.757,5
0.7864,0.716,11,E,150(E2),D,-0.1749,3
0,0,,E,150(E2),E,0,
-2.127,-4.11,10,E,150(E2),F,-3.796,6
-1.533,-2.779,9,E,150(E2),G,,
-1.783,-3.346,8,E,150(E2),H,-4.571,2
-2.123,-4.102,7,E,150(E2),I,-4.383,2
-2.793,-5.404,10,E,150(E2),K,-5.459,3
-1.563,-2.848,10,E,150(E2),L,-3.272,6
-1.664,-3.075,7,E,150(E2),M,-3.568,3
-1.734,-3.236,6,E,150(E2),N,-5.739,2
-2.764,-5.355,12,E,150(E2),P,-5.36,5
-1.802,-3.389,6,E,150(E2),Q,-4.012,4
-3.709,-6.592,7,E,150(E2),R,-6.775,3
-1.475,-2.649,6,E,150(E2),S,-3.034,5
-1.93,-3.676,7,E,150(E2),T,-3.56,4
-1.946,-3.711,6,E,150(E2),V,-4.249,4
-1.897,-3.603,10,E,150(E2),W,-3.851,8
-2.237,-4.343,9,E,150(E2),Y,-5.127,5
-0.07151,-0.0881,1,L,151(E2),-,,
-4.311,-7.037,6,L,151(E2),A,-8,1
-5.941,-7.52,5,L,151(E2),C,-8,3
-7.402,-7.616,10,L,151(E2),D,-8,6
-1.15,-1.937,5,L,151(E2),E,-2.136,3
-1.523,-2.756,6,L,151(E2),F,-2.84,5
-4.436,-7.104,8,L,151(E2),G,-7.569,6
-1.522,-2.754,5,L,151(E2),H,-3.205,2
-1.037,-1.703,7,L,151(E2),I,-1.695,3
-5.412,-7.434,4,L,151(E2),K,-8,3
0,0,,L,151(E2),L,0,
-0.005681,-0.006843,9,L,151(E2),M,0.00585,2
-4.607,-7.185,7,L,151(E2),N,-8,2
-4.526,-7.148,8,L,151(E2),P,-7.642,4
-2.755,-5.34,7,L,151(E2),Q,-5.864,2
-4.342,-7.055,6,L,151(E2),R,-7.585,4
-4.361,-7.065,3,L,151(E2),S,-8,1
-2.267,-4.407,4,L,151(E2),T,-4.626,3
-0.8232,-1.279,17,L,151(E2),V,-2.214,9
-1.573,-2.869,7,L,151(E2),W,-4.253,3
-1.001,-1.629,7,L,151(E2),Y,-2.094,5
-0.4946,-0.6989,7,P,152(E2),A,-0.9719,4
-2.368,-4.613,3,P,152(E2),C,-4.824,2
-0.1702,-0.2168,4,P,152(E2),D,-0.3736,2
-0.3446,-0.4647,4,P,152(E2),E,-0.05992,1
-2.124,-4.104,6,P,152(E2),F,-4.369,3
-1.417,-2.52,2,P,152(E2),G,-4.848,2
-1.405,-2.493,9,P,152(E2),H,-3.026,4
-1.81,-3.406,5,P,152(E2),I,-3.897,4
-2.902,-5.582,6,P,152(E2),K,-6.819,4
-1.038,-1.704,8,P,152(E2),L,-2.099,4
-0.7882,-1.213,4,P,152(E2),M,-1.349,2
-1.097,-1.825,11,P,152(E2),N,-2.19,6
0,0,,P,152(E2),P,0,
-0.4919,-0.6945,4,P,152(E2),Q,-1.48,2
-1.786,-3.352,4,P,152(E2),R,-4.909,3
-0.3866,-0.5283,15,P,152(E2),S,-0.9864,7
-2.024,-3.885,7,P,152(E2),T,-4.038,2
-1.14,-1.917,11,P,152(E2),V,-2.066,7
-1.513,-2.734,7,P,152(E2),W,-2.501,3
-2.266,-4.405,6,P,152(E2),Y,-4.734,5
-6.725,-7.588,1,C,153(E2),*,,
-5.423,-7.436,10,C,153(E2),A,-8,6
0,0,,C,153(E2),C,0,
-5.06,-7.347,9,C,153(E2),D,-8,3
-2.72,-5.279,4,C,153(E2),E,-5.522,2
-5.642,-7.476,13,C,153(E2),F,-8,5
-4.028,-6.855,5,C,153(E2),G,-7.133,4
-4.03,-6.856,5,C,153(E2),H,-7.418,2
-5.155,-7.374,6,C,153(E2),I,-8,3
-7.505,-7.619,4,C,153(E2),K,-8,1
-5.628,-7.474,8,C,153(E2),L,-8,6
-5.079,-7.353,4,C,153(E2),M,,
-4.355,-7.062,4,C,153(E2),N,-7.422,2
-4.648,-7.202,4,C,153(E2),P,-6.601,2
-5.728,-7.49,6,C,153(E2),Q,-8,1
-4.74,-7.24,6,C,153(E2),R,-8,3
-6.195,-7.548,8,C,153(E2),S,-8,5
-5.183,-7.381,11,C,153(E2),T,-8,10
-6.028,-7.53,6,C,153(E2),V,-8,5
-3.471,-6.35,4,C,153(E2),W,-6.706,3
-5.995,-7.526,17,C,153(E2),Y,-8,4
-8.58,-7.637,6,S,154(E2),A,-7.815,2
-5.576,-7.465,7,S,154(E2),C,-8,6
-5.176,-7.379,3,S,154(E2),D,-8,1
-4.475,-7.124,7,S,154(E2),E,-6.851,3
-5.071,-7.351,4,S,154(E2),F,-8,3
-5.122,-7.365,9,S,154(E2),G,-8,4
-4.311,-7.037,6,S,154(E2),H,-7.055,3
-4.554,-7.161,7,S,154(E2),I,-6.27,1
-3.954,-6.8,7,S,154(E2),K,-6.886,6
-5.943,-7.52,7,S,154(E2),L,-7.628,1
-2.796,-5.409,6,S,154(E2),M,-5.868,2
-5.107,-7.361,18,S,154(E2),N,-7.749,6
-5.698,-7.486,8,S,154(E2),P,-8,7
-5.349,-7.42,6,S,154(E2),Q,-8,3
-5.205,-7.386,12,S,154(E2),R,-8,5
0,0,,S,154(E2),S,0,
-0.4107,-0.5655,10,S,154(E2),T,-0.9702,7
-5.596,-7.469,8,S,154(E2),V,-8,5
-4.738,-7.239,11,S,154(E2),W,-7.704,6
-5.375,-7.426,16,S,154(E2),Y,-8,11
-4.128,-6.925,1,T,155(E2),-,,
-5.266,-7.401,10,T,155(E2),A,-8,5
-5.115,-7.363,11,T,155(E2),C,-8,5
-5.736,-7.491,8,T,155(E2),D,-8,3
-5.305,-7.411,9,T,155(E2),E,-8,5
-5.875,-7.511,18,T,155(E2),F,-8,13
-5.943,-7.52,6,T,155(E2),G,-8,2
-4.567,-7.167,7,T,155(E2),H,-7.847,4
-3.101,-5.883,10,T,155(E2),I,-6.642,4
-5.235,-7.394,11,T,155(E2),K,-8,3
-4.554,-7.161,9,T,155(E2),L,-7.68,6
-5.524,-7.456,3,T,155(E2),M,-8,1
-4.935,-7.309,12,T,155(E2),N,-8,6
-5.793,-7.5,16,T,155(E2),P,-8,6
-5.067,-7.349,7,T,155(E2),Q,-8,4
-4.502,-7.137,6,T,155(E2),R,-8,3
-1.229,-2.106,8,T,155(E2),S,-2.439,3
0,0,,T,155(E2),T,0,
-4.758,-7.247,9,T,155(E2),V,-8,7
-6.179,-7.546,9,T,155(E2),W,-8,3
-5.893,-7.514,5,T,155(E2),Y,-8,4
-7.193,-7.609,12,Y,156(E2),*,-7.154,2
-3.875,-6.738,2,Y,156(E2),A,,
-4.589,-7.177,12,Y,156(E2),C,-8,4
-6.144,-7.543,7,Y,156(E2),D,-8,3
-5.179,-7.38,4,Y,156(E2),E,-8,1
-4.883,-7.292,5,Y,156(E2),F,-5.59,2
-5.2,-7.385,5,Y,156(E2),G,-8,3
-7.379,-7.615,10,Y,156(E2),H,-8,2
-5.547,-7.46,6,Y,156(E2),I,-8,3
-3.891,-6.751,7,Y,156(E2),K,-7.074,4
-5.965,-7.523,10,Y,156(E2),L,-6.809,5
-3.86,-6.726,3,Y,156(E2),M,-6.482,2
-4.777,-7.254,6,Y,156(E2),N,-7.907,4
-5.867,-7.51,6,Y,156(E2),P,-8,4
-5.273,-7.403,8,Y,156(E2),Q,-8,3
-5.671,-7.481,8,Y,156(E2),R,-8,2
-5.207,-7.387,6,Y,156(E2),S,-8,3
-4.706,-7.227,15,Y,156(E2),T,-8,7
-4.944,-7.312,5,Y,156(E2),V,-8,3
-2.251,-4.372,5,Y,156(E2),W,-4.603,2
0,0,,Y,156(E2),Y,0,
0,0,,A,157(E2),A,0,
-1.493,-2.69,10,A,157(E2),C,-3.554,5
-1.027,-1.682,8,A,157(E2),D,-2.325,2
-1.122,-1.879,4,A,157(E2),E,-2.632,3
-2.335,-4.546,7,A,157(E2),F,-4.507,2
-0.8293,-1.291,5,A,157(E2),G,-1.158,3
-1.05,-1.728,6,A,157(E2),H,-3.2,2
0.4372,0.4509,5,A,157(E2),I,0.09171,3
-1.041,-1.71,3,A,157(E2),K,-2.006,2
0.4027,0.4205,2,A,157(E2),L,,
-0.7092,-1.068,2,A,157(E2),M,,
-1.09,-1.811,2,A,157(E2),N,-2.125,2
-5.467,-7.445,4,A,157(E2),P,-7.649,2
-0.428,-0.5925,3,A,157(E2),Q,-0.4605,1
-1.127,-1.888,4,A,157(E2),R,-2.446,2
-1.082,-1.795,10,A,157(E2),S,-2.961,1
-0.08335,-0.1031,14,A,157(E2),T,-1.123,3
0.3387,0.3618,14,A,157(E2),V,0.9371,3
-4.382,-7.076,4,A,157(E2),W,-8,1
-1.408,-2.5,5,A,157(E2),Y,-2.268,2
1.11,0.9013,1,Q,158(E2),-,,
-1.036,-1.7,6,Q,158(E2),A,-2.147,5
-1.714,-3.188,6,Q,158(E2),C,-3.505,3
-1.508,-2.722,8,Q,158(E2),D,-3.703,4
-1.162,-1.964,6,Q,158(E2),E,-2.511,4
-1.395,-2.469,8,Q,158(E2),F,-3.321,5
-1.49,-2.683,6,Q,158(E2),G,-2.45,5
-0.4048,-0.5563,14,Q,158(E2),H,-0.9244,7
-1.507,-2.72,9,Q,158(E2),I,-2.985,6
-1.063,-1.756,9,Q,158(E2),K,-2.223,4
0.4527,0.4643,11,Q,158(E2),L,0.2125,9
-0.9816,-1.589,5,Q,158(E2),M,-1.598,3
-1.044,-1.716,12,Q,158(E2),N,-2.212,6
-1.164,-1.968,3,Q,158(E2),P,-1.856,2
0,0,,Q,158(E2),Q,0,
-0.9623,-1.55,8,Q,158(E2),R,-1.587,4
-0.8084,-1.251,9,Q,158(E2),S,-1.273,3
-1.383,-2.444,9,Q,158(E2),T,-2.905,5
-1.138,-1.912,7,Q,158(E2),V,-2.774,2
-1.82,-3.429,10,Q,158(E2),W,-3.845,6
-1.146,-1.93,6,Q,158(E2),Y,-2.897,5
-0.8686,-1.366,8,S,159(E2),A,-1.901,4
-1.815,-3.417,8,S,159(E2),C,-3.243,4
-0.626,-0.9203,10,S,159(E2),D,-1.39,5
-1.237,-2.123,5,S,159(E2),E,-2.72,3
-1.202,-2.049,7,S,159(E2),F,-2.526,5
-1.022,-1.671,12,S,159(E2),G,-1.684,5
-1.844,-3.484,5,S,159(E2),H,-3.612,3
-0.3755,-0.5113,11,S,159(E2),I,-1.444,4
-1.294,-2.248,5,S,159(E2),K,-2.388,4
-1.373,-2.422,4,S,159(E2),L,-3.124,2
-1.181,-2.004,4,S,159(E2),M,-2.307,4
-0.5686,-0.8217,23,S,159(E2),N,-1.208,11
-2.912,-5.598,5,S,159(E2),P,-5.925,3
-1.083,-1.797,2,S,159(E2),Q,-2.127,2
-2.562,-4.992,6,S,159(E2),R,-5.797,1
0,0,,S,159(E2),S,0,
-0.4553,-0.6357,8,S,159(E2),T,-1.346,6
-0.8907,-1.409,6,S,159(E2),V,-1.475,1
-1.516,-2.742,8,S,159(E2),W,-3.06,4
-1.184,-2.01,7,S,159(E2),Y,-2.258,4
-1.311,-2.284,6,T,160(E2),A,-3.304,3
-1.782,-3.344,12,T,160(E2),C,-3.567,8
-0.4751,-0.6673,2,T,160(E2),D,-0.9168,1
-1.33,-2.326,7,T,160(E2),E,-2.851,4
-0.4543,-0.6341,9,T,160(E2),F,-1.074,6
-1.639,-3.018,11,T,160(E2),G,-3.22,7
-1.199,-2.043,8,T,160(E2),H,-2.756,6
0.8174,0.736,20,T,160(E2),I,0.5098,8
-1.91,-3.632,9,T,160(E2),K,-3.901,5
0.09713,0.1129,6,T,160(E2),L,0.3445,4
-0.7557,-1.153,12,T,160(E2),M,-1.146,9
-1.318,-2.3,10,T,160(E2),N,-2.476,6
-1.502,-2.709,14,T,160(E2),P,-2.52,5
-1.515,-2.738,4,T,160(E2),Q,-2.362,1
-1.921,-3.656,5,T,160(E2),R,-3.475,2
-1.672,-3.093,4,T,160(E2),S,-4.234,1
0,0,,T,160(E2),T,0,
-0.52,-0.7406,9,T,160(E2),V,-0.9974,7
-1.221,-2.089,6,T,160(E2),W,-2.569,4
-0.4064,-0.5587,8,T,160(E2),Y,-0.2502,5
-1.198,-2.039,1,A,161(E2),-,,
0,0,,A,161(E2),A,0,
-1.102,-1.837,4,A,161(E2),C,-2,3
-0.6128,-0.8974,7,A,161(E2),D,-1.389,4
-0.1592,-0.202,1,A,161(E2),E,-0.4763,1
-0.6664,-0.9913,6,A,161(E2),F,-1.454,4
-0.5593,-0.8061,11,A,161(E2),G,-1.506,4
0.0008573,0.00103,4,A,161(E2),H,,
-0.9876,-1.601,5,A,161(E2),I,-2.324,3
-1.201,-2.045,11,A,161(E2),K,-2.643,8
-0.9215,-1.469,7,A,161(E2),L,-2.619,5
-0.6558,-0.9725,7,A,161(E2),M,-1.084,4
-0.7848,-1.207,7,A,161(E2),N,-1.75,4
-2.508,-4.89,5,A,161(E2),P,-3.171,1
-0.543,-0.7788,5,A,161(E2),Q,-1.342,3
-0.3979,-0.5456,8,A,161(E2),R,-1.04,6
-0.003041,-0.00366,11,A,161(E2),S,-0.07567,3
-0.6239,-0.9166,15,A,161(E2),T,-1.812,2
-0.9058,-1.439,18,A,161(E2),V,-2.039,8
-5.087,-7.355,3,A,161(E2),W,-8,1
-0.2428,-0.3167,5,A,161(E2),Y,-8,1
0,0,,A,162(E2),A,0,
-1.568,-2.859,4,A,162(E2),C,-5.373,2
-0.9492,-1.524,9,A,162(E2),D,-2.074,3
1.014,0.8513,3,A,162(E2),E,-0.1723,2
-0.251,-0.3284,8,A,162(E2),F,-2.308,1
-0.6975,-1.047,12,A,162(E2),G,-1.299,7
-0.7568,-1.155,4,A,162(E2),H,-0.1494,3
-0.173,-0.2205,6,A,162(E2),I,-0.6043,4
0.8128,0.7331,4,A,162(E2),K,-0.4738,3
0.0511,0.06037,6,A,162(E2),L,-0.9397,2
-0.4898,-0.6912,6,A,162(E2),M,-0.6401,2
-0.4874,-0.6873,12,A,162(E2),N,-0.7456,7
-0.267,-0.3511,8,A,162(E2),P,-0.9008,4
-0.409,-0.5628,2,A,162(E2),Q,-0.8331,2
0.07166,0.08406,5,A,162(E2),R,-0.3224,4
-0.2731,-0.3598,8,A,162(E2),S,-1.095,3
0.05315,0.06275,39,A,162(E2),T,0.5855,6
0.3501,0.3724,12,A,162(E2),V,0.4443,3
-0.2732,-0.3599,7,A,162(E2),W,-1.2,5
-0.434,-0.6019,8,A,162(E2),Y,-0.6983,6
-1.208,-2.06,5,T,163(E2),A,-2.832,3
-1.4,-2.481,9,T,163(E2),C,-3.037,3
-1.449,-2.591,7,T,163(E2),D,-3.173,4
-1.408,-2.498,6,T,163(E2),E,-2.788,4
-2.329,-4.534,11,T,163(E2),F,-5.165,6
-0.338,-0.4547,6,T,163(E2),G,-1.135,4
-0.06964,-0.08574,1,T,163(E2),H,,
-1.786,-3.351,8,T,163(E2),I,-3.248,3
-1.884,-3.572,13,T,163(E2),K,-3.405,5
-1.631,-3.001,8,T,163(E2),L,-3.181,4
-1.826,-3.443,10,T,163(E2),M,-4.666,4
-0.8008,-1.237,7,T,163(E2),N,-1.351,7
-1.95,-3.72,8,T,163(E2),P,-3.978,5
-1.591,-2.91,8,T,163(E2),Q,-3.232,4
-1.699,-3.155,6,T,163(E2),R,-2.915,2
-1.139,-1.914,11,T,163(E2),S,-2.389,3
0,0,,T,163(E2),T,0,
-1.614,-2.964,10,T,163(E2),V,-3.258,7
-1.672,-3.094,7,T,163(E2),W,-3.415,7
-1.208,-2.061,5,T,163(E2),Y,-2.46,4
0,0,,A,164(E2),A,0,
-1.008,-1.642,8,A,164(E2),C,-1.432,6
0.425,0.4402,11,A,164(E2),D,0.3746,6
0.11,0.1273,6,A,164(E2),E,-0.4686,4
-0.9336,-1.493,8,A,164(E2),F,-1.54,4
-0.1669,-0.2123,8,A,164(E2),G,-0.1179,5
0.3944,0.413,7,A,164(E2),H,0.05633,5
-0.9164,-1.459,3,A,164(E2),I,-1.862,1
0.3736,0.3942,3,A,164(E2),K,-0.5682,2
-0.5201,-0.7408,5,A,164(E2),L,-1.125,4
-0.5415,-0.7763,7,A,164(E2),M,-1.173,3
-0.07384,-0.09104,4,A,164(E2),N,0.3038,2
-0.1959,-0.2516,13,A,164(E2),P,-0.2596,8
-0.2368,-0.3082,6,A,164(E2),Q,-1.792,2
-0.2548,-0.3337,7,A,164(E2),R,-1.09,2
-0.09645,-0.1198,12,A,164(E2),S,-0.4444,7
-0.1461,-0.1845,21,A,164(E2),T,-0.7231,4
-0.7002,-1.052,14,A,164(E2),V,-1.012,3
-0.1764,-0.2251,5,A,164(E2),W,-0.5355,4
-1.196,-2.036,5,A,164(E2),Y,-2.913,4
-3.177,-5.988,7,E,165(E2),*,,
-4.168,-6.951,8,E,165(E2),A,-7.522,6
-5.26,-7.4,6,E,165(E2),C,-8,4
0.04881,0.05771,14,E,165(E2),D,-0.3855,8
0,0,,E,165(E2),E,0,
-4.027,-6.855,6,E,165(E2),F,-7.262,4
-2.12,-4.095,8,E,165(E2),G,-3.923,5
-6.626,-7.582,13,E,165(E2),H,-8,9
-5.284,-7.406,12,E,165(E2),I,-8,8
-5.584,-7.467,21,E,165(E2),K,-8,6
-4.961,-7.317,9,E,165(E2),L,-7.863,6
-0.7293,-1.104,1,E,165(E2),M,,
-4.737,-7.239,3,E,165(E2),N,-7.541,2
-4.856,-7.283,13,E,165(E2),P,-7.255,6
-4.404,-7.088,8,E,165(E2),Q,-8,6
-3.636,-6.523,11,E,165(E2),R,-6.799,3
-3.335,-6.191,6,E,165(E2),S,-6.006,2
-5.088,-7.355,7,E,165(E2),T,-8,3
-3.802,-6.676,7,E,165(E2),V,-6.693,5
-5.697,-7.485,13,E,165(E2),W,-8,8
-5.822,-7.504,6,E,165(E2),Y,-8,5
-4.71,-7.228,3,E,166(E2),*,,
-0.4672,-0.6547,5,E,166(E2),A,-0.9968,2
-1.214,-2.074,8,E,166(E2),C,-3.285,4
-1.752,-3.275,8,E,166(E2),D,-5.178,4
0,0,,E,166(E2),E,0,
0.2416,0.2671,15,E,166(E2),F,0.1306,8
-2.598,-5.059,12,E,166(E2),G,-6.05,5
-0.1144,-0.1431,9,E,166(E2),H,-0.7057,5
-0.6591,-0.9783,5,E,166(E2),I,-1.22,2
-2.754,-5.337,9,E,166(E2),K,-5,2
-1.855,-3.509,10,E,166(E2),L,-4.644,2
-0.7919,-1.22,4,E,166(E2),M,-1.399,3
-1.071,-1.772,7,E,166(E2),N,-1.966,4
-4.685,-7.218,9,E,166(E2),P,-8,6
-1.2,-2.044,5,E,166(E2),Q,-1.924,3
-5.222,-7.391,11,E,166(E2),R,-8,9
-0.08539,-0.1057,7,E,166(E2),S,-0.09526,5
-0.6386,-0.9422,8,E,166(E2),T,-1.67,3
-1.091,-1.813,5,E,166(E2),V,,
0.9783,0.8319,6,E,166(E2),W,0.8961,4
1.643,1.111,5,E,166(E2),Y,0.46,4
-4.422,-7.097,4,I,167(E2),A,-8,3
-4.096,-6.903,14,I,167(E2),C,-7.277,6
-5.812,-7.503,10,I,167(E2),D,-8,4
-2.246,-4.362,3,I,167(E2),E,-4.678,2
-0.8005,-1.236,9,I,167(E2),F,-1.97,3
-5.512,-7.453,7,I,167(E2),G,-8,6
-2.532,-4.936,3,I,167(E2),H,-6.077,1
0,0,,I,167(E2),I,0,
-4.539,-7.154,8,I,167(E2),K,-8,4
0.008264,0.009908,7,I,167(E2),L,-0.1414,6
-0.3044,-0.4051,13,I,167(E2),M,-0.9173,5
-5.561,-7.463,13,I,167(E2),N,-8,7
-5.437,-7.439,17,I,167(E2),P,-8,7
-3.041,-5.797,11,I,167(E2),Q,-5.87,5
-5.487,-7.449,4,I,167(E2),R,-8,2
-4.636,-7.198,7,I,167(E2),S,-8,4
-4.211,-6.978,6,I,167(E2),T,-8,5
-1.475,-2.648,5,I,167(E2),V,-2.486,3
-4.534,-7.152,7,I,167(E2),W,-8,3
-2.339,-4.555,8,I,167(E2),Y,-4.641,5
-5.076,-7.352,5,E,168(E2),*,-8,1
-2.541,-4.952,10,E,168(E2),A,-5.371,4
-4.034,-6.859,7,E,168(E2),C,-6.774,2
-1.723,-3.21,11,E,168(E2),D,-2.995,1
0,0,,E,168(E2),E,0,
-4.336,-7.051,15,E,168(E2),F,-8,8
-4.103,-6.908,12,E,168(E2),G,-6.803,4
-1.905,-3.621,7,E,168(E2),H,-3.926,3
-2.744,-5.321,6,E,168(E2),I,-5.306,4
-4.646,-7.202,9,E,168(E2),K,-7.495,4
-5.184,-7.381,8,E,168(E2),L,-8,5
-2.412,-4.702,7,E,168(E2),M,-5.012,3
-2.823,-5.453,8,E,168(E2),N,-5.659,6
-3.005,-5.743,10,E,168(E2),P,-6.249,8
-1.645,-3.033,7,E,168(E2),Q,-3.15,3
-5.315,-7.413,11,E,168(E2),R,-8,7
-2.035,-3.909,9,E,168(E2),S,-4.71,5
-2.296,-4.466,7,E,168(E2),T,-4.873,5
-4.215,-6.98,12,E,168(E2),V,-7.636,6
-2.143,-4.144,2,E,168(E2),W,-4.392,1
-2.822,-5.453,10,E,168(E2),Y,-4.892,4
-4.424,-7.098,4,V,169(E2),A,-8,3
-4.087,-6.897,7,V,169(E2),C,-7.252,4
-5.926,-7.518,10,V,169(E2),D,-8,5
-6.133,-7.541,10,V,169(E2),E,-8,6
-4.184,-6.961,12,V,169(E2),F,-8,7
-2.888,-5.56,7,V,169(E2),G,-5.317,3
-6.294,-7.557,12,V,169(E2),H,-8,6
-1.907,-3.625,11,V,169(E2),I,-3.495,5
-4.96,-7.317,8,V,169(E2),K,-8,5
-1.422,-2.53,14,V,169(E2),L,-1.901,4
-1.394,-2.467,13,V,169(E2),M,-1.484,4
-3.557,-6.443,5,V,169(E2),N,-6.465,3
-5.529,-7.457,10,V,169(E2),P,-8,9
-6.049,-7.532,9,V,169(E2),Q,-8,7
-6.178,-7.546,8,V,169(E2),R,-8,2
-4.165,-6.949,13,V,169(E2),S,-7.842,10
-1.909,-3.629,8,V,169(E2),T,-3.508,4
0,0,,V,169(E2),V,0,
-4.291,-7.025,4,V,169(E2),W,-7.555,4
-2.597,-5.057,8,V,169(E2),Y,-5.153,5
-1.563,-2.847,2,H,170(E2),-,,
-1.626,-2.989,6,H,170(E2),A,-3.361,4
-2.45,-4.778,9,H,170(E2),C,-5.537,7
-6.129,-7.541,6,H,170(E2),D,-8,4
-4.178,-6.957,5,H,170(E2),E,-7.393,5
-1.113,-1.859,7,H,170(E2),F,-2.258,5
-1.244,-2.139,12,H,170(E2),G,-2.23,7
0,0,,H,170(E2),H,0,
-1.271,-2.198,10,H,170(E2),I,-2.555,7
-1.488,-2.679,2,H,170(E2),K,-3.387,1
-1.134,-1.903,8,H,170(E2),L,-2.527,3
-1.475,-2.649,13,H,170(E2),M,-2.633,10
-1.698,-3.152,9,H,170(E2),N,-4.279,1
-6.001,-7.527,7,H,170(E2),P,-8,3
-1.244,-2.14,7,H,170(E2),Q,-2.786,4
-3.973,-6.815,7,H,170(E2),R,-8,5
-1.536,-2.785,12,H,170(E2),S,-3.112,8
-1.491,-2.684,12,H,170(E2),T,-3.207,6
-1.709,-3.177,7,H,170(E2),V,-3.458,5
-1.073,-1.776,10,H,170(E2),W,-2.382,5
-1.413,-2.511,18,H,170(E2),Y,-2.535,4
-0.9528,-1.532,2,M,171(E2),-,,
-4.607,-7.185,8,M,171(E2),A,-7.232,5
-4.917,-7.303,10,M,171(E2),C,-8,3
-2.316,-4.507,11,M,171(E2),D,-4.777,8
-0.9244,-1.475,11,M,171(E2),E,-1.394,7
-4.136,-6.93,8,M,171(E2),F,-8,4
-4.39,-7.081,8,M,171(E2),G,-7.623,4
-3.172,-5.981,7,M,171(E2),H,-6.662,4
-1.28,-2.216,25,M,171(E2),I,-3.001,7
-2.414,-4.707,9,M,171(E2),K,-5.084,7
-1.08,-1.79,10,M,171(E2),L,-2.236,5
0,0,,M,171(E2),M,0,
-1.699,-3.155,7,M,171(E2),N,-3.042,5
-3.564,-6.45,10,M,171(E2),P,-6.843,6
-0.4798,-0.675,8,M,171(E2),Q,-1.291,2
-2.212,-4.292,10,M,171(E2),R,-3.877,6
-4.991,-7.327,9,M,171(E2),S,-8,6
-1.061,-1.751,7,M,171(E2),T,-2.407,4
-1.757,-3.287,10,M,171(E2),V,-3.763,3
-3.04,-5.795,5,M,171(E2),W,-5.567,3
-2.423,-4.725,8,M,171(E2),Y,-4.889,3
-0.7698,-1.179,2,P,172(E2),-,,
-1.094,-1.819,4,P,172(E2),A,-2.183,3
-5.359,-7.423,4,P,172(E2),C,,
-5.545,-7.46,5,P,172(E2),D,-6.411,2
-3.942,-6.791,3,P,172(E2),E,,
-3.402,-6.272,7,P,172(E2),F,-6.963,4
-1.994,-3.819,9,P,172(E2),G,-4.3,5
-5.806,-7.502,10,P,172(E2),H,-8,4
-3.608,-6.495,6,P,172(E2),I,-6.878,5
-5.173,-7.378,3,P,172(E2),K,,
-4.332,-7.049,18,P,172(E2),L,-7.656,8
-4.268,-7.012,3,P,172(E2),M,-7.569,2
-5.816,-7.503,6,P,172(E2),N,-8,3
0,0,,P,172(E2),P,0,
-3.308,-6.158,13,P,172(E2),Q,-5.583,9
-6.025,-7.53,4,P,172(E2),R,-8,2
-2.961,-5.675,16,P,172(E2),S,-5.93,7
-4.289,-7.024,10,P,172(E2),T,-8,5
-2.166,-4.193,3,P,172(E2),V,-4.342,3
-4.476,-7.124,8,P,172(E2),W,-8,3
-4.576,-7.171,11,P,172(E2),Y,-8,6
-0.9884,-1.603,2,P,173(E2),-,,
-2.395,-4.667,6,P,173(E2),A,-5.332,5
-4.322,-7.043,9,P,173(E2),C,-7.538,4
-4.43,-7.101,5,P,173(E2),D,-8,3
-5.723,-7.489,4,P,173(E2),E,-8,2
-3.141,-5.939,4,P,173(E2),F,-5.99,1
-4.602,-7.183,6,P,173(E2),G,-7.77,4
-6.201,-7.548,6,P,173(E2),H,-8,4
-6.922,-7.598,14,P,173(E2),I,-8,7
-6.376,-7.564,6,P,173(E2),K,-8,4
-5.84,-7.506,12,P,173(E2),L,-8,4
-5.081,-7.353,9,P,173(E2),M,-7.946,6
-5.106,-7.36,6,P,173(E2),N,-8,5
0,0,,P,173(E2),P,0,
-4.152,-6.94,8,P,173(E2),Q,-8,3
-4.521,-7.146,7,P,173(E2),R,-8,5
-2.908,-5.592,7,P,173(E2),S,,
-5.577,-7.465,9,P,173(E2),T,-8,4
-5.073,-7.351,6,P,173(E2),V,-7.158,3
-4.959,-7.317,6,P,173(E2),W,-8,4
-3.152,-5.955,5,P,173(E2),Y,-6.678,2
-1.375,-2.427,2,D,174(E2),-,,
-2.41,-4.698,6,D,174(E2),A,-5.061,4
-5.91,-7.516,6,D,174(E2),C,-8,3
0,0,,D,174(E2),D,0,
-3.365,-6.228,6,D,174(E2),E,-7.336,3
-3.372,-6.236,8,D,174(E2),F,-6.368,5
-4.678,-7.215,8,D,174(E2),G,-7.846,2
-4.394,-7.083,5,D,174(E2),H,-8,5
-6.408,-7.566,8,D,174(E2),I,-8,3
-4.424,-7.098,9,D,174(E2),K,-8,3
-3.67,-6.556,13,D,174(E2),L,-6.755,4
-3.513,-6.396,4,D,174(E2),M,-6.576,1
-2.26,-4.393,14,D,174(E2),N,-3.898,4
-3.604,-6.491,5,D,174(E2),P,-5.255,2
-4.472,-7.122,5,D,174(E2),Q,-8,3
-4.702,-7.225,9,D,174(E2),R,-8,5
-3.846,-6.713,7,D,174(E2),S,-6.762,3
-4.888,-7.294,8,D,174(E2),T,-8,6
-5.149,-7.372,3,D,174(E2),V,-8,1
-2.299,-4.472,5,D,174(E2),W,-4.767,2
-4.102,-6.907,11,D,174(E2),Y,-6.882,3
-1.143,-1.923,2,T,175(E2),-,,
-2.721,-5.28,8,T,175(E2),A,-5.77,4
-4.883,-7.292,7,T,175(E2),C,-8,4
-1.713,-3.188,6,T,175(E2),D,-2.901,3
-1.552,-2.823,8,T,175(E2),E,-2.484,3
-1.821,-3.43,4,T,175(E2),F,-3.624,1
-5.898,-7.514,5,T,175(E2),G,-8,2
-1.7,-3.158,8,T,175(E2),H,-2.791,3
-1.427,-2.541,11,T,175(E2),I,-2.617,3
-4.975,-7.322,6,T,175(E2),K,-8,1
0.3729,0.3935,1,T,175(E2),L,,
-1.778,-3.334,6,T,175(E2),M,-3.676,4
-2.841,-5.484,4,T,175(E2),N,-5.989,1
-4.28,-7.019,10,T,175(E2),P,-6.983,6
-1.84,-3.474,10,T,175(E2),Q,-3.463,7
-3.553,-6.438,13,T,175(E2),R,-5.842,5
-1.822,-3.434,5,T,175(E2),S,-4.287,2
0,0,,T,175(E2),T,0,
-0.8488,-1.328,7,T,175(E2),V,-1.797,5
-3.133,-5.928,8,T,175(E2),W,-5.928,3
-1.337,-2.342,11,T,175(E2),Y,-2.593,5
-0.8782,-1.385,2,P,176(E2),-,,
-5.191,-7.383,2,P,176(E2),A,-8,1
-5.926,-7.518,5,P,176(E2),C,-8,4
-5.646,-7.477,8,P,176(E2),D,-8,2
-2.939,-5.641,4,P,176(E2),E,-5.957,4
-5.19,-7.383,5,P,176(E2),F,-8,3
-5.96,-7.522,7,P,176(E2),G,-8,4
-4.959,-7.317,5,P,176(E2),H,-6.659,2
-4.421,-7.097,10,P,176(E2),I,-8,5
-5.306,-7.411,6,P,176(E2),K,-8,3
-6.125,-7.541,11,P,176(E2),L,-7.565,4
-3.228,-6.056,5,P,176(E2),M,-4.771,1
-4.069,-6.884,9,P,176(E2),N,-7.5,4
0,0,,P,176(E2),P,0,
-3.54,-6.425,5,P,176(E2),Q,-6.619,3
-5.513,-7.454,4,P,176(E2),R,-8,2
-5.084,-7.354,24,P,176(E2),S,-8,8
-5.315,-7.413,12,P,176(E2),T,-8,5
-2.874,-5.537,5,P,176(E2),V,-5.368,1
-4.374,-7.072,4,P,176(E2),W,-8,3
-5.091,-7.356,8,P,176(E2),Y,-8,3
-0.5936,-0.8643,2,D,177(E2),-,,
-2.583,-5.031,3,D,177(E2),A,-5.576,1
-2.998,-5.732,4,D,177(E2),C,,
0,0,,D,177(E2),D,0,
-4.95,-7.314,6,D,177(E2),F,-8,4
-6.164,-7.545,6,D,177(E2),G,-8,3
-5.494,-7.45,2,D,177(E2),H,-8,2
-4.101,-6.907,4,D,177(E2),I,-6.73,3
-5.191,-7.383,2,D,177(E2),K,-8,1
-3.508,-6.391,3,D,177(E2),L,,
-3.586,-6.473,4,D,177(E2),M,-7.262,3
-5.356,-7.422,10,D,177(E2),N,-8,3
-5.311,-7.412,5,D,177(E2),P,-8,1
-2.723,-5.283,7,D,177(E2),Q,-6.579,2
-4.73,-7.236,6,D,177(E2),R,-8,1
-2.982,-5.708,4,D,177(E2),S,-5.816,3
-5.988,-7.525,3,D,177(E2),T,-8,2
-3.615,-6.502,8,D,177(E2),V,-7.159,2
-5.292,-7.408,5,D,177(E2),W,-8,3
-4.319,-7.041,8,D,177(E2),Y,-8,3
-5.122,-7.365,1,R,178(E2),*,-8,1
-2.21,-4.288,3,R,178(E2),-,,
-2.351,-4.58,6,R,178(E2),A,,
-1.604,-2.939,7,R,178(E2),C,-3.004,3
-1.552,-2.822,7,R,178(E2),D,-3.436,5
-1.484,-2.669,6,R,178(E2),E,-2.717,5
-0.8574,-1.345,8,R,178(E2),F,-1.65,5
-1.206,-2.056,4,R,178(E2),G,-1.931,1
-1.051,-1.731,6,R,178(E2),H,-1.835,4
0.2176,0.2426,15,R,178(E2),I,-0.2316,5
-0.4231,-0.5849,15,R,178(E2),K,-1.069,2
-1.027,-1.682,4,R,178(E2),L,-1.692,2
-0.04877,-0.05962,9,R,178(E2),M,-0.04155,6
-0.8266,-1.286,1,R,178(E2),N,-1.479,1
-1.575,-2.875,5,R,178(E2),P,-3.447,3
-1.085,-1.8,4,R,178(E2),Q,-2.79,3
0,0,,R,178(E2),R,0,
-1.203,-2.049,6,R,178(E2),S,-2.101,3
0.1144,0.1322,4,R,178(E2),T,0.507,2
-0.5094,-0.7231,4,R,178(E2),V,0.06485,2
2.375,1.272,3,R,178(E2),Y,-0.6049,2
-0.5937,-0.8644,2,T,179(E2),-,,
-1.13,-1.896,6,T,179(E2),A,-2.716,4
-1.867,-3.535,4,T,179(E2),C,-3.936,3
-1.204,-2.053,7,T,179(E2),D,-1.954,4
-5.252,-7.398,4,T,179(E2),E,-8,1
-2.166,-4.193,9,T,179(E2),F,-4.995,5
-0.8128,-1.26,5,T,179(E2),G,-1.862,4
-1.448,-2.588,7,T,179(E2),H,-2.968,6
-5.775,-7.497,7,T,179(E2),I,-8,2
-1.127,-1.889,5,T,179(E2),K,-2.179,4
-2.208,-4.282,6,T,179(E2),L,-5.087,5
-0.3021,-0.4017,5,T,179(E2),N,-2.185,2
-5.109,-7.361,3,T,179(E2),P,-8,1
-1.091,-1.813,3,T,179(E2),Q,-2.059,2
-1.656,-3.057,3,T,179(E2),R,-2.018,2
-0.8252,-1.283,9,T,179(E2),S,-1.882,7
0,0,,T,179(E2),T,0,
-3.419,-6.291,5,T,179(E2),V,-6.619,4
-2.041,-3.922,4,T,179(E2),W,-4.191,2
-1.58,-2.885,1,T,179(E2),Y,,
-0.4407,-0.6125,2,L,180(E2),-,,
-3.013,-5.755,3,L,180(E2),A,,
-3.178,-5.989,4,L,180(E2),C,-6.29,3
-5.571,-7.464,4,L,180(E2),D,-8,2
-5.316,-7.413,3,L,180(E2),E,-8,1
-1.526,-2.763,2,L,180(E2),F,-3.142,1
-5.473,-7.446,4,L,180(E2),G,-8,2
-4.364,-7.066,4,L,180(E2),H,-7.361,2
-0.4685,-0.6568,5,L,180(E2),I,-0.7349,3
-4.887,-7.293,11,L,180(E2),K,-8,5
0,0,,L,180(E2),L,0,
-0.9122,-1.451,14,L,180(E2),M,-1.675,7
-5.499,-7.451,3,L,180(E2),N,-8,2
-4.399,-7.085,26,L,180(E2),P,-8,11
-4.571,-7.169,8,L,180(E2),Q,-8,4
-3.825,-6.696,5,L,180(E2),R,-6.995,4
1.014,0.8514,1,L,180(E2),S,,
-4.559,-7.164,7,L,180(E2),T,-8,3
-1.72,-3.202,11,L,180(E2),V,-3.316,7
-3.027,-5.776,2,L,180(E2),W,,
-4.127,-6.923,5,L,180(E2),Y,,
-1.486,-2.674,2,M,181(E2),-,,
-3.338,-6.195,3,M,181(E2),A,-6.522,1
-3.026,-5.773,7,M,181(E2),C,-6.165,5
-3.249,-6.084,3,M,181(E2),D,-6.145,1
-5.915,-7.516,7,M,181(E2),E,-8,4
-1.411,-2.505,2,M,181(E2),F,-2.893,1
-5.519,-7.455,9,M,181(E2),G,-8,6
-5.285,-7.406,1,M,181(E2),H,,
-0.4226,-0.584,8,M,181(E2),I,-2.817,2
-2.645,-5.146,5,M,181(E2),K,-5.508,3
0.2131,0.2379,7,M,181(E2),L,0.2028,5
0,0,,M,181(E2),M,0,
-8.181,-7.632,7,M,181(E2),N,-6.631,3
-5.62,-7.473,5,M,181(E2),P,-8,3
-4.071,-6.885,3,M,181(E2),Q,-7.218,2
4.469,1.407,2,M,181(E2),R,-8,1
-3.973,-6.814,6,M,181(E2),S,-7.303,5
-2.073,-3.993,3,M,181(E2),T,-4.498,1
-0.8269,-1.286,9,M,181(E2),V,-1.521,3
-4.71,-7.228,3,M,181(E2),W,-7.543,2
-4.105,-6.909,4,M,181(E2),Y,-6.402,2
-1.552,-2.822,2,S,182(E2),-,,
-0.7658,-1.172,3,S,182(E2),A,-1.468,3
-5.103,-7.36,2,S,182(E2),C,-8,1
-3.15,-5.951,6,S,182(E2),D,-6.242,4
-0.9158,-1.458,4,S,182(E2),E,-1.527,3
-2.018,-3.872,2,S,182(E2),F,,
-1.932,-3.68,8,S,182(E2),G,-3.549,3
-0.8294,-1.291,4,S,182(E2),H,-1.638,3
-0.8448,-1.32,6,S,182(E2),I,-3.127,4
-1.561,-2.842,1,S,182(E2),K,-3.007,1
-1.944,-3.708,2,S,182(E2),L,-4.028,1
-0.6281,-0.924,6,S,182(E2),M,-1.615,2
-1.776,-3.331,3,S,182(E2),N,-3.647,1
-6.004,-7.527,7,S,182(E2),P,-8,4
-2.059,-3.962,2,S,182(E2),Q,-4.263,2
-2.318,-4.513,2,S,182(E2),R,-5.546,1
0,0,,S,182(E2),S,0,
-0.9836,-1.593,8,S,182(E2),T,-1.482,3
-1.505,-2.716,6,S,182(E2),V,-2.674,3
-5.138,-7.369,3,S,182(E2),W,-8,1
-2.316,-4.507,1,S,182(E2),Y,,
1.02,0.8547,1,Q,183(E2),*,,
-1.389,-2.457,3,Q,183(E2),A,-2.854,2
-4.237,-6.994,8,Q,183(E2),C,-8,5
-1.583,-2.893,5,Q,183(E2),D,-3.095,4
-1.038,-1.705,5,Q,183(E2),E,-1.868,3
-4.199,-6.97,4,Q,183(E2),F,-8,2
-1.621,-2.979,5,Q,183(E2),G,-2.708,3
-2.61,-5.081,10,Q,183(E2),H,-5.068,4
-4.825,-7.271,4,Q,183(E2),I,-8,3
-4.163,-6.948,10,Q,183(E2),K,-6.457,2
-4.772,-7.252,8,Q,183(E2),L,-8,6
-1.892,-3.59,4,Q,183(E2),M,-4.157,3
-2.034,-3.907,8,Q,183(E2),N,-4.337,5
-2.122,-4.099,8,Q,183(E2),P,-4.316,4
0,0,,Q,183(E2),Q,0,
-3.02,-5.765,13,Q,183(E2),R,-5.892,4
-1.877,-3.558,5,Q,183(E2),S,-4.238,4
-1.441,-2.572,4,Q,183(E2),T,-5.554,1
-2.57,-5.006,5,Q,183(E2),V,-5.332,4
-2.764,-5.355,8,Q,183(E2),W,-5.688,6
-2.365,-4.608,4,Q,183(E2),Y,-5.037,2
-5.004,-7.331,14,Q,184(E2),*,,
-0.9569,-1.54,4,Q,184(E2),A,-2.196,3
-1.135,-1.906,5,Q,184(E2),C,-2.397,4
-0.9939,-1.614,2,Q,184(E2),D,-1.934,2
0.1297,0.1491,6,Q,184(E2),E,-1.368,3
-0.4046,-0.5561,8,Q,184(E2),F,-0.6667,4
-1.94,-3.698,2,Q,184(E2),G,-3.488,1
0.201,0.2254,7,Q,184(E2),H,0.5172,2
0.06616,0.07776,5,Q,184(E2),I,0.06446,3
-1.352,-2.374,9,Q,184(E2),K,-2.575,2
-0.7275,-1.101,8,Q,184(E2),L,-1.571,6
-0.714,-1.077,5,Q,184(E2),M,-1.387,3
-0.3605,-0.4885,4,Q,184(E2),N,-0.956,4
-5.123,-7.365,1,Q,184(E2),P,-8,1
0,0,,Q,184(E2),Q,0,
-1.648,-3.039,7,Q,184(E2),R,-3.633,4
0.7133,0.6666,5,Q,184(E2),S,0.3849,2
0.3035,0.3282,4,Q,184(E2),T,-0.6816,3
1.205,0.946,4,Q,184(E2),V,0.3326,3
-0.8739,-1.377,3,Q,184(E2),W,-1.723,3
-0.9105,-1.448,7,Q,184(E2),Y,-2.003,5
-4.881,-7.291,1,S,185(E2),*,,
-0.8047,-1.244,4,S,185(E2),A,-1.722,3
-3.462,-6.34,7,S,185(E2),C,-6.389,3
-0.5333,-0.7625,8,S,185(E2),D,-0.889,6
2.215,1.245,4,S,185(E2),E,-0.7848,2
-1.128,-1.891,7,S,185(E2),F,-2.399,2
-0.3695,-0.5022,3,S,185(E2),G,,
-0.4912,-0.6935,4,S,185(E2),H,-1.558,2
-1.789,-3.359,5,S,185(E2),I,-3.56,2
-0.5022,-0.7114,6,S,185(E2),K,-0.6314,3
-0.1569,-0.1989,4,S,185(E2),L,0.2173,1
-1.088,-1.808,8,S,185(E2),M,-0.8318,4
0.0928,0.1081,16,S,185(E2),N,-0.5338,6
-2.36,-4.598,6,S,185(E2),P,-5.375,4
0.00699,0.008384,7,S,185(E2),Q,-0.5106,5
-1.721,-3.204,10,S,185(E2),R,-3.721,5
0,0,,S,185(E2),S,0,
-0.4849,-0.6832,5,S,185(E2),T,-0.8914,2
-1.93,-3.676,4,S,185(E2),V,-3.77,3
-1.725,-3.214,5,S,185(E2),W,-3.375,3
-0.08091,-0.09999,4,S,185(E2),Y,-1.128,2
-0.9267,-1.48,6,G,186(E2),A,-2.567,2
-4.639,-7.199,13,G,186(E2),C,-7.74,4
-0.9244,-1.475,25,G,186(E2),D,-2.307,3
-1.123,-1.881,9,G,186(E2),F,-1.936,6
0,0,,G,186(E2),G,0,
-0.7103,-1.07,8,G,186(E2),H,-1.172,4
-1.723,-3.21,6,G,186(E2),I,-3.335,3
-0.7044,-1.059,5,G,186(E2),K,,
-0.903,-1.433,4,G,186(E2),L,-1.72,1
-1.065,-1.759,8,G,186(E2),M,-1.842,7
0.983,0.8346,4,G,186(E2),N,-0.4025,1
-3.097,-5.877,4,G,186(E2),P,-6.665,1
-0.76,-1.161,8,G,186(E2),Q,-2.931,3
-1.16,-1.958,6,G,186(E2),R,-2.474,2
-1.151,-1.94,9,G,186(E2),S,-2.587,4
-0.7295,-1.105,2,G,186(E2),T,-0.8121,1
-1.422,-2.53,7,G,186(E2),V,-3.492,1
-1.883,-3.57,3,G,186(E2),W,-3.707,2
-1.202,-2.047,3,G,186(E2),Y,-2.364,2
-0.02566,-0.03113,4,N,187(E2),A,0.5353,3
-2.199,-4.263,5,N,187(E2),C,-4.121,3
-0.4342,-0.6022,5,N,187(E2),D,-1.117,1
-1.209,-2.064,4,N,187(E2),E,-2.302,1
-1.769,-3.313,4,N,187(E2),F,-3.873,2
-0.4728,-0.6637,3,N,187(E2),G,-0.6454,1
-0.3895,-0.5327,7,N,187(E2),H,-0.8897,6
-3.652,-6.538,4,N,187(E2),I,-8,1
-1.001,-1.628,8,N,187(E2),K,-1.752,2
-4.492,-7.132,4,N,187(E2),L,-8,3
-1.115,-1.863,8,N,187(E2),M,-1.305,3
0,0,,N,187(E2),N,0,
-3.994,-6.83,6,N,187(E2),P,-8,3
-1.618,-2.972,5,N,187(E2),Q,-3.284,4
-1.505,-2.716,5,N,187(E2),R,-2.881,4
-0.3834,-0.5234,5,N,187(E2),S,-0.698,3
-0.8328,-1.297,3,N,187(E2),T,-5.147,1
-1.909,-3.629,6,N,187(E2),V,-3.607,5
-2.473,-4.821,5,N,187(E2),W,-5.213,4
-1.294,-2.248,2,N,187(E2),Y,-1.876,1
-0.3325,-0.4466,2,V,188(E2),-,,
-4.839,-7.276,6,V,188(E2),A,-8,1
-4.367,-7.068,5,V,188(E2),C,-7.633,2
-4.86,-7.284,5,V,188(E2),D,-7.771,2
-5.684,-7.483,3,V,188(E2),E,-8,3
-5.251,-7.398,4,V,188(E2),F,-8,2
-5.13,-7.367,1,V,188(E2),G,-8,1
-4.32,-7.042,6,V,188(E2),H,-8,2
-3.166,-5.973,6,V,188(E2),I,-7.462,2
-4.164,-6.948,6,V,188(E2),K,-7.207,3
-2.885,-5.555,16,V,188(E2),L,-5.443,3
-3.651,-6.537,19,V,188(E2),M,-8,3
-5.182,-7.381,5,V,188(E2),N,-8,5
-5.151,-7.372,1,V,188(E2),P,-8,1
-5.68,-7.483,5,V,188(E2),Q,-8,2
-5.169,-7.377,3,V,188(E2),R,-8,1
-5.211,-7.388,4,V,188(E2),S,-7.691,2
-5.434,-7.438,3,V,188(E2),T,-8,1
0,0,,V,188(E2),V,0,
-3.244,-6.077,3,V,188(E2),W,-6.358,1
-3.747,-6.628,5,V,188(E2),Y,-6.986,4
-5.193,-7.383,3,K,189(E2),-,-8,1
-1.021,-1.669,4,K,189(E2),A,-1.899,3
-2.492,-4.859,5,K,189(E2),C,-5.011,3
-5.263,-7.401,6,K,189(E2),D,-8,5
-2.42,-4.718,5,K,189(E2),E,,
-1.186,-2.015,5,K,189(E2),F,-2.052,3
-3.499,-6.381,4,K,189(E2),G,-6.63,3
-0.3941,-0.5397,8,K,189(E2),H,-1.093,5
-0.7207,-1.089,1,K,189(E2),I,-1.393,1
0,0,,K,189(E2),K,0,
2.954,1.339,2,K,189(E2),L,1.368,2
-0.2244,-0.291,7,K,189(E2),M,-0.5625,7
-3.939,-6.789,5,K,189(E2),N,-5.587,2
-4.937,-7.31,6,K,189(E2),P,-8,6
-1.171,-1.982,3,K,189(E2),Q,,
-0.5007,-0.709,5,K,189(E2),R,-1.138,3
-3.661,-6.548,7,K,189(E2),S,-7.236,2
-3.814,-6.687,6,K,189(E2),T,-7.023,3
-0.2252,-0.2921,4,K,189(E2),V,,
-0.6664,-0.9912,4,K,189(E2),W,-1.524,1
0.4196,0.4355,7,K,189(E2),Y,0.5069,4
-0.8169,-1.267,2,I,190(E2),-,,
-3.218,-6.043,4,I,190(E2),A,,
-5.464,-7.444,1,I,190(E2),C,-8,1
-5.794,-7.5,6,I,190(E2),E,-8,3
-1.578,-2.88,4,I,190(E2),F,-2.035,1
-5.147,-7.371,2,I,190(E2),G,-8,1
-4.577,-7.172,4,I,190(E2),H,-8,3
0,0,,I,190(E2),I,0,
-4.981,-7.324,5,I,190(E2),K,-8,3
-1.676,-3.102,1,I,190(E2),L,-3.413,1
-3.307,-6.158,5,I,190(E2),M,-6.743,2
-4.287,-7.023,6,I,190(E2),N,-7.46,2
-5.481,-7.448,8,I,190(E2),P,-8,7
-5.651,-7.478,7,I,190(E2),Q,-8,7
-4.675,-7.214,6,I,190(E2),R,-8,5
-3.018,-5.762,2,I,190(E2),S,-6.024,1
-5.255,-7.399,4,I,190(E2),T,-8,1
-1.364,-2.402,10,I,190(E2),V,-3.446,6
-5.559,-7.462,4,I,190(E2),W,-8,1
-4.323,-7.044,9,I,190(E2),Y,-7.657,6
-5.194,-7.384,1,T,191(E2),*,-8,1
-0.8706,-1.37,2,T,191(E2),-,,
-0.5305,-0.7579,17,T,191(E2),A,-1.589,3
-2.086,-4.02,5,T,191(E2),C,-4.046,2
-1.938,-3.695,2,T,191(E2),D,-4.006,2
-1.179,-2,5,T,191(E2),E,-2.3,4
-1.557,-2.834,8,T,191(E2),F,-3.203,6
-2.155,-4.171,2,T,191(E2),G,,
0.05289,0.06245,7,T,191(E2),H,-1.408,4
-0.727,-1.1,16,T,191(E2),I,-2.283,1
-1.564,-2.849,5,T,191(E2),K,-4.085,1
-1.184,-2.009,9,T,191(E2),L,-2.415,5
-1.156,-1.949,4,T,191(E2),M,-2.083,3
-0.3881,-0.5306,9,T,191(E2),N,-0.351,2
-4.664,-7.209,7,T,191(E2),P,-8,3
-0.2244,-0.291,6,T,191(E2),Q,-0.3507,4
0.5997,0.5837,4,T,191(E2),S,0.0975,2
0,0,,T,191(E2),T,0,
-0.6291,-0.9256,6,T,191(E2),V,-1.138,4
-1.326,-2.318,4,T,191(E2),W,-2.112,2
-1.082,-1.794,8,T,191(E2),Y,-1.68,5
-1.441,-2.573,1,V,192(E2),-,,
-1.235,-2.119,10,V,192(E2),A,-0.7615,1
-2.225,-4.318,5,V,192(E2),C,-4.633,4
-5.156,-7.374,4,V,192(E2),D,-8,4
-3.245,-6.079,10,V,192(E2),E,-5.943,3
-6.24,-7.552,8,V,192(E2),F,-8,5
-5.063,-7.348,5,V,192(E2),H,-8,3
-1.777,-3.332,4,V,192(E2),I,-5.322,2
-3.976,-6.817,6,V,192(E2),K,-6.313,3
-5.158,-7.374,3,V,192(E2),L,,
-4.472,-7.122,37,V,192(E2),M,-8,9
-6.149,-7.543,11,V,192(E2),N,-8,3
-0.6437,-0.9512,6,V,192(E2),P,-0.8597,4
-5.895,-7.514,8,V,192(E2),Q,-8,6
-5.799,-7.501,5,V,192(E2),R,-8,3
-0.8258,-1.284,4,V,192(E2),S,-1.147,2
0.7013,0.6582,4,V,192(E2),T,0.2707,3
0,0,,V,192(E2),V,0,
-5.656,-7.479,7,V,192(E2),W,-8,5
-5.845,-7.507,4,V,192(E2),Y,-8,2
-0.3081,-0.4106,2,N,193(E2),-,,
-1.059,-1.748,2,N,193(E2),A,-2.077,2
-1.786,-3.353,7,N,193(E2),C,-3.616,5
-0.6866,-1.027,3,N,193(E2),D,-0.2458,1
-2.158,-4.175,1,N,193(E2),E,,
-4.158,-6.944,7,N,193(E2),F,-4.871,2
-0.6677,-0.9935,1,N,193(E2),G,-1.262,1
-0.8545,-1.339,5,N,193(E2),H,-2.534,2
-2.747,-5.325,4,N,193(E2),I,-4.822,3
-2.653,-5.16,3,N,193(E2),K,-5.471,1
-1.353,-2.377,4,N,193(E2),L,-2.648,4
-0.8695,-1.368,6,N,193(E2),M,-1.444,1
0,0,,N,193(E2),N,0,
-1.486,-2.673,10,N,193(E2),P,-3.139,4
-0.3081,-0.4106,4,N,193(E2),Q,-0.6162,2
-0.3261,-0.4371,4,N,193(E2),R,-0.76,4
-0.8626,-1.355,6,N,193(E2),S,-1.114,2
-0.6633,-0.9857,3,N,193(E2),T,,
-1.738,-3.243,6,N,193(E2),V,-3.542,3
-5.169,-7.377,1,N,193(E2),W,-8,1
8.364,1.426,3,N,193(E2),Y,-1.812,2
-0.3909,-0.5348,2,S,194(E2),-,,
-1.103,-1.838,2,S,194(E2),C,-2.136,1
-0.1835,-0.2347,4,S,194(E2),D,-0.2797,2
-0.09986,-0.1242,5,S,194(E2),E,-0.2001,4
-0.5671,-0.8193,7,S,194(E2),F,-1.049,4
1.383,1.021,7,S,194(E2),G,0.7529,4
-0.657,-0.9747,4,S,194(E2),H,0.4752,1
-4.223,-6.985,5,S,194(E2),I,-8,2
0.2422,0.2677,3,S,194(E2),K,-0.5842,2
-0.535,-0.7654,3,S,194(E2),L,-1.398,3
-0.1693,-0.2156,5,S,194(E2),M,-0.3657,2
1.191,0.9398,19,S,194(E2),N,0.8781,4
-4.222,-6.985,5,S,194(E2),P,-5.691,3
-0.2708,-0.3565,5,S,194(E2),Q,-0.4432,3
-0.6613,-0.9823,10,S,194(E2),R,-0.9308,3
0,0,,S,194(E2),S,0,
-1.028,-1.683,6,S,194(E2),T,-1.946,5
-2.322,-4.519,7,S,194(E2),V,-4.838,6
-1.505,-2.717,5,S,194(E2),W,-2.851,4
-0.6271,-0.9222,8,S,194(E2),Y,-0.7044,3
0.6824,0.6448,1,Q,195(E2),*,,
-0.5556,-0.7999,2,Q,195(E2),-,,
0.09041,0.1054,1,Q,195(E2),A,-0.151,1
-2.069,-3.983,6,Q,195(E2),C,-4.172,4
-2.077,-4.001,5,Q,195(E2),D,-4.428,4
-1.588,-2.905,8,Q,195(E2),E,-2.847,5
0.8828,0.7766,4,Q,195(E2),F,0.329,3
-0.6169,-0.9044,2,Q,195(E2),G,-1.048,1
0.6885,0.6492,8,Q,195(E2),H,1.126,1
-5.164,-7.376,4,Q,195(E2),I,-8,1
-0.5941,-0.8652,6,Q,195(E2),K,-1.192,3
0.2277,0.2529,8,Q,195(E2),L,-0.96,2
0.1495,0.1707,7,Q,195(E2),M,-0.07175,6
2.999,1.343,4,Q,195(E2),N,-0.165,2
-6.98,-7.601,2,Q,195(E2),P,-8,1
0,0,,Q,195(E2),Q,0,
-0.5736,-0.8303,8,Q,195(E2),R,-1.395,3
-1.689,-3.133,4,Q,195(E2),S,-3.553,2
-1.509,-2.725,6,Q,195(E2),T,-3.144,3
-2.559,-4.986,1,Q,195(E2),V,,
0.1471,0.168,5,Q,195(E2),W,-0.1764,5
0.1531,0.1746,3,Q,195(E2),Y,1.117,1
-2.301,-4.478,1,T,196(E2),*,-4.959,1
-0.5525,-0.7946,2,T,196(E2),-,,
0.005002,0.006004,11,T,196(E2),A,-0.2196,1
-3.036,-5.788,9,T,196(E2),C,-6.156,6
-2.227,-4.322,7,T,196(E2),D,-5.022,4
-1.668,-3.086,4,T,196(E2),E,-3.393,2
-2.132,-4.12,8,T,196(E2),F,-4.072,5
-2.732,-5.3,8,T,196(E2),G,-5.397,6
-0.7354,-1.116,6,T,196(E2),H,-1.545,4
-1.103,-1.838,11,T,196(E2),I,-2.869,5
-2.599,-5.061,4,T,196(E2),K,-5.271,2
-3.651,-6.537,7,T,196(E2),L,-6.971,2
-0.5396,-0.773,3,T,196(E2),M,-0.0427,2
-1.373,-2.421,5,T,196(E2),N,-2.659,3
-2.038,-3.915,11,T,196(E2),P,-4.269,5
-1.192,-2.026,5,T,196(E2),Q,-2.385,3
-1.581,-2.888,2,T,196(E2),R,-4.316,2
-0.1746,-0.2227,4,T,196(E2),S,-0.6759,2
0,0,,T,196(E2),T,0,
-0.6651,-0.989,5,T,196(E2),V,-1.02,2
-1.503,-2.712,6,T,196(E2),W,-2.213,2
-1.34,-2.349,4,T,196(E2),Y,-2.572,4
0.1491,0.1702,2,V,197(E2),-,,
-2.87,-5.531,5,V,197(E2),A,-5.399,3
-5.501,-7.452,2,V,197(E2),C,-8,2
-4.948,-7.313,5,V,197(E2),D,-8,4
-7.201,-7.61,3,V,197(E2),E,-7.8,2
-5.594,-7.468,7,V,197(E2),F,-8,4
-5.471,-7.446,4,V,197(E2),G,-7.848,2
-4.663,-7.209,4,V,197(E2),H,-8,3
-0.09655,-0.12,2,V,197(E2),I,-1.372,1
-5.079,-7.353,5,V,197(E2),K,-7.643,2
-4.081,-6.893,11,V,197(E2),L,-6.293,2
-5.092,-7.356,21,V,197(E2),M,-8,8
-5.555,-7.461,10,V,197(E2),N,-8,6
-5.955,-7.521,4,V,197(E2),P,-8,2
-4.521,-7.146,4,V,197(E2),Q,-7.704,4
-5.606,-7.47,7,V,197(E2),R,-8,3
-5.314,-7.413,4,V,197(E2),S,-8,1
-4.244,-6.998,5,V,197(E2),T,-8,2
0,0,,V,197(E2),V,0,
-3.928,-6.78,8,V,197(E2),W,-6.983,8
-3.633,-6.52,6,V,197(E2),Y,-6.776,6
-3.1,-5.881,3,R,198(E2),-,,
-0.9499,-1.526,5,R,198(E2),A,-2.124,2
-5.295,-7.408,3,R,198(E2),C,-8,1
-4.146,-6.936,3,R,198(E2),D,-7.269,2
-3.043,-5.799,2,R,198(E2),E,-6.514,2
-1.73,-3.226,3,R,198(E2),F,-3.346,2
-5.511,-7.453,3,R,198(E2),G,-8,2
-1.693,-3.143,4,R,198(E2),H,-3.349,4
-1.709,-3.178,4,R,198(E2),I,-3.13,2
-0.8247,-1.282,2,R,198(E2),K,,
-2.884,-5.554,11,R,198(E2),L,-5.237,3
-2.648,-5.151,2,R,198(E2),M,-5.459,2
-3.479,-6.359,4,R,198(E2),N,-6.687,4
-4.099,-6.905,4,R,198(E2),P,-8,1
-3.918,-6.772,12,R,198(E2),Q,-6.403,3
0,0,,R,198(E2),R,0,
-2.508,-4.889,2,R,198(E2),S,-5.773,1
-2.131,-4.117,1,R,198(E2),T,-4.458,1
-2.132,-4.119,4,R,198(E2),V,-4.578,3
-2.854,-5.505,41,R,198(E2),W,-4.1,7
-2.169,-4.2,4,R,198(E2),Y,-4.099,1
-0.1213,-0.152,2,Y,199(E2),-,,
-5.148,-7.372,3,Y,199(E2),A,-8,1
-5.432,-7.438,6,Y,199(E2),C,-8,2
-5.523,-7.456,3,Y,199(E2),D,-8,2
-5.466,-7.445,5,Y,199(E2),E,-8,4
-0.4654,-0.6518,4,Y,199(E2),F,0.5678,1
-5.147,-7.371,2,Y,199(E2),G,-8,1
-4.031,-6.857,11,Y,199(E2),H,-7.189,5
-5.662,-7.48,10,Y,199(E2),I,-8,7
-4.531,-7.151,5,Y,199(E2),K,-7.869,4
-5.595,-7.469,3,Y,199(E2),L,-8,2
-5.77,-7.497,8,Y,199(E2),M,-8,4
-5.817,-7.503,8,Y,199(E2),N,-8,5
-3.672,-6.558,3,Y,199(E2),P,-7.074,1
-5.429,-7.437,7,Y,199(E2),Q,-8,3
-5.818,-7.503,4,Y,199(E2),R,-8,3
-4.112,-6.914,4,Y,199(E2),S,-7.375,4
-3.592,-6.479,4,Y,199(E2),T,-6.902,2
-4.18,-6.958,8,Y,199(E2),V,-7.692,8
-0.1618,-0.2054,4,Y,199(E2),W,-0.5415,1
0,0,,Y,199(E2),Y,0,
-1.419,-2.525,2,K,200(E2),-,,
-1.089,-1.81,2,K,200(E2),A,,
-4.473,-7.123,5,K,200(E2),C,-7.632,2
-4.775,-7.253,8,K,200(E2),D,-8,6
-3.062,-5.826,6,K,200(E2),E,-5.087,2
-0.714,-1.077,6,K,200(E2),F,-1.273,5
-3.783,-6.66,9,K,200(E2),G,-6.879,5
-0.3722,-0.5063,4,K,200(E2),H,-0.2848,2
-0.8719,-1.373,5,K,200(E2),I,-1.504,3
0,0,,K,200(E2),K,0,
-1.848,-3.492,6,K,200(E2),L,-3.118,1
-0.9378,-1.502,8,K,200(E2),M,-2.183,5
-1.308,-2.278,9,K,200(E2),N,-3.251,3
-5.3,-7.409,7,K,200(E2),P,-8,3
-0.5162,-0.7343,5,K,200(E2),Q,-0.3214,3
-0.4587,-0.6411,6,K,200(E2),R,-0.2213,3
-1.641,-3.024,8,K,200(E2),S,-3.188,6
-1.903,-3.615,6,K,200(E2),T,-4.34,1
-0.3123,-0.4166,3,K,200(E2),V,-0.6946,2
-1.153,-1.945,5,K,200(E2),W,-2.372,4
-1.104,-1.841,2,K,200(E2),Y,-2.171,1
-1.705,-3.169,1,C,201(E2),*,,
-0.8212,-1.275,2,C,201(E2),-,,
-3.987,-6.825,3,C,201(E2),A,-7.175,2
0,0,,C,201(E2),C,0,
-5.757,-7.495,6,C,201(E2),D,-8,3
-5.618,-7.472,5,C,201(E2),E,-8,2
-7.168,-7.608,8,C,201(E2),F,,
-5.935,-7.519,6,C,201(E2),G,-8,2
-3.398,-6.266,4,C,201(E2),H,-6.428,3
-0.8714,-1.372,5,C,201(E2),I,-1.489,3
-5.198,-7.385,1,C,201(E2),K,-8,1
-4.879,-7.29,7,C,201(E2),L,-8,6
-3.46,-6.337,1,C,201(E2),M,-6.703,1
-3.767,-6.646,8,C,201(E2),N,-7.124,4
-5.459,-7.443,2,C,201(E2),P,-8,2
-5.753,-7.494,3,C,201(E2),Q,-8,3
-5.704,-7.487,11,C,201(E2),R,-8,3
-5.787,-7.499,6,C,201(E2),S,-8,2
-4.391,-7.081,4,C,201(E2),T,-8,2
-5.222,-7.391,6,C,201(E2),V,-7.767,4
-5.531,-7.457,8,C,201(E2),W,-8,3
-5.136,-7.369,20,C,201(E2),Y,-8,4
-0.1181,-0.1478,1,N,202(E2),-,,
0.1712,0.194,4,N,202(E2),A,0.0572,3
-2.045,-3.931,7,N,202(E2),C,-4.266,2
-0.9045,-1.436,4,N,202(E2),D,0.5413,1
-1.534,-2.782,4,N,202(E2),E,-3.365,3
-0.9908,-1.608,5,N,202(E2),F,-1.718,2
0.07513,0.08802,2,N,202(E2),G,-0.2414,2
-0.8234,-1.28,6,N,202(E2),H,-1.355,3
0.4416,0.4548,9,N,202(E2),I,0.09213,4
-0.2478,-0.3238,6,N,202(E2),K,-0.1948,3
-0.3386,-0.4556,2,N,202(E2),L,-3.029,1
-0.2615,-0.3432,5,N,202(E2),M,-0.9774,1
0,0,,N,202(E2),N,0,
-3.116,-5.904,4,N,202(E2),P,-5.495,2
0.3859,0.4053,5,N,202(E2),Q,-1.654,2
0.3936,0.4123,9,N,202(E2),R,-0.4716,5
0.6695,0.6356,11,N,202(E2),S,0.2797,7
-0.2852,-0.3772,6,N,202(E2),T,-0.7842,2
0.5072,0.5102,6,N,202(E2),V,-0.1404,4
-0.387,-0.5288,3,N,202(E2),W,-0.5018,3
0.4167,0.433,7,N,202(E2),Y,-0.07445,4
-4.571,-7.169,5,C,203(E2),*,,
-5.148,-7.372,7,C,203(E2),A,-8,4
0,0,,C,203(E2),C,0,
-2.117,-4.088,1,C,203(E2),D,-4.424,1
-4.111,-6.913,2,C,203(E2),E,-8,1
-5.437,-7.439,9,C,203(E2),F,-8,2
-5.329,-7.416,6,C,203(E2),G,-8,3
-5.529,-7.457,7,C,203(E2),H,-8,4
-4.804,-7.264,4,C,203(E2),I,,
-5.327,-7.415,5,C,203(E2),K,-8,3
-6.236,-7.552,8,C,203(E2),L,-8,6
-3.559,-6.445,8,C,203(E2),M,-6.713,3
-5.493,-7.45,3,C,203(E2),N,-8,2
-5.715,-7.488,4,C,203(E2),P,-8,3
-6.149,-7.543,6,C,203(E2),Q,-8,3
-5.145,-7.371,8,C,203(E2),R,-7.869,4
-5.365,-7.424,7,C,203(E2),S,-8,4
-3.924,-6.777,6,C,203(E2),T,-7.358,4
-5.386,-7.428,5,C,203(E2),V,-8,3
-5.522,-7.455,10,C,203(E2),W,-8,5
-6.771,-7.59,12,C,203(E2),Y,-7.997,2
-0.8164,-1.266,6,G,204(E2),A,-1.744,4
-3.569,-6.456,14,G,204(E2),C,-6.13,2
-1.573,-2.871,16,G,204(E2),D,-3.119,4
-1.058,-1.745,3,G,204(E2),E,-2.8,1
-2.376,-4.63,1,G,204(E2),F,-4.934,1
0,0,,G,204(E2),G,0,
-1.105,-1.842,2,G,204(E2),H,-2.191,1
-1.729,-3.222,7,G,204(E2),I,-3.267,6
-0.6733,-1.003,6,G,204(E2),K,-1.407,2
-1.125,-1.885,5,G,204(E2),L,-1.861,4
-2.044,-3.93,2,G,204(E2),M,-4.453,2
0.2363,0.2617,6,G,204(E2),N,-0.01022,4
-1.669,-3.087,5,G,204(E2),P,-3.051,2
-0.8274,-1.287,5,G,204(E2),Q,-1.744,2
-1.653,-3.051,5,G,204(E2),R,-2.898,2
-0.549,-0.7888,9,G,204(E2),S,-1.275,1
-0.03681,-0.04482,7,G,204(E2),T,0.2696,5
-1.291,-2.242,9,G,204(E2),V,-2.749,3
-2.532,-4.935,3,G,204(E2),W,-5.77,2
-2.572,-5.01,7,G,204(E2),Y,-6.366,3
-0.3902,-0.5337,5,D,205(E2),A,-0.0038,3
-5.134,-7.368,6,D,205(E2),C,-8,6
0,0,,D,205(E2),D,0,
0.4553,0.4666,7,D,205(E2),E,0.3582,3
-0.8788,-1.386,5,D,205(E2),F,-0.8656,2
-1.293,-2.245,8,D,205(E2),G,-1.704,3
-0.2847,-0.3766,4,D,205(E2),H,0.162,1
0.2086,0.2333,6,D,205(E2),I,0.3729,3
-0.3905,-0.5343,11,D,205(E2),L,-0.6741,7
-0.3556,-0.4811,3,D,205(E2),M,-0.5704,3
-0.2227,-0.2885,15,D,205(E2),N,-0.8186,3
1.755,1.143,2,D,205(E2),P,-0.4673,1
0.9753,0.8303,3,D,205(E2),Q,0.9339,3
-0.7371,-1.119,6,D,205(E2),R,-0.9932,3
-0.9542,-1.534,3,D,205(E2),S,-1.855,1
-0.4074,-0.5604,5,D,205(E2),T,-0.6315,3
0.1937,0.2177,4,D,205(E2),V,-1.413,2
-5.189,-7.382,2,D,205(E2),W,-8,1
-0.4387,-0.6094,10,D,205(E2),Y,-0.4008,2
-0.1418,-0.1789,1,S,206(E2),-,,
-0.3392,-0.4565,4,S,206(E2),A,-0.7285,3
-1.392,-2.464,6,S,206(E2),C,-1.041,2
1.544,1.079,5,S,206(E2),D,0.7917,1
0.5271,0.5265,4,S,206(E2),E,0.199,4
0.8628,0.7645,9,S,206(E2),F,0.602,5
0.3006,0.3255,15,S,206(E2),G,0.341,2
-0.6139,-0.8992,4,S,206(E2),H,-1.432,3
0.697,0.6552,9,S,206(E2),I,1.891,1
0.5079,0.5108,6,S,206(E2),K,-0.1424,2
0.135,0.1549,3,S,206(E2),L,0.2387,2
-0.1165,-0.1458,5,S,206(E2),M,-0.2079,4
0.07218,0.08465,22,S,206(E2),N,-0.7228,5
-0.5547,-0.7984,5,S,206(E2),P,-0.6587,3
-0.09092,-0.1127,2,S,206(E2),Q,-1.131,1
-0.6605,-0.9808,5,S,206(E2),R,-1.271,2
0,0,,S,206(E2),S,0,
-0.8792,-1.387,5,S,206(E2),T,-0.168,1
1.114,0.9033,6,S,206(E2),V,1.051,3
-0.3457,-0.4662,5,S,206(E2),W,-2.094,2
1.456,1.048,4,S,206(E2),Y,1.31,2
-0.1357,-0.1709,3,N,207(E2),-,,
1.807,1.157,1,N,207(E2),A,,
-0.7209,-1.089,9,N,207(E2),C,-0.5551,5
-1.692,-3.14,1,N,207(E2),D,,
0.2189,0.244,5,N,207(E2),E,0.06162,3
2.554,1.297,6,N,207(E2),F,0.7379,3
-0.8983,-1.424,3,N,207(E2),G,-1.819,1
1.148,0.9194,6,N,207(E2),H,0.4336,3
0.7943,0.7212,8,N,207(E2),I,0.1023,6
0.1956,0.2197,8,N,207(E2),K,-0.81,5
0.317,0.3412,5,N,207(E2),L,-0.1361,4
0.1704,0.1931,6,N,207(E2),M,0.5787,3
0,0,,N,207(E2),N,0,
1.724,1.135,4,N,207(E2),P,0.5379,2
0.6015,0.585,6,N,207(E2),Q,-0.597,4
2.705,1.315,1,N,207(E2),R,1.173,1
0.2845,0.3097,3,N,207(E2),S,0.3635,3
-0.7602,-1.161,4,N,207(E2),T,-0.325,2
2.015,1.206,6,N,207(E2),V,1.387,3
-0.145,-0.1831,10,N,207(E2),W,-0.33,6
-0.6111,-0.8944,6,N,207(E2),Y,-0.7045,2
-4.352,-7.06,8,E,208(E2),*,-7.595,2
-0.4671,-0.6546,1,E,208(E2),-,,
-0.7242,-1.095,11,E,208(E2),A,-2.128,3
-3.089,-5.866,4,E,208(E2),C,-5.584,3
-1.537,-2.789,11,E,208(E2),D,-2.729,3
0,0,,E,208(E2),E,0,
-0.6747,-1.006,5,E,208(E2),F,-1.825,2
-1.336,-2.34,19,E,208(E2),G,-2.111,6
-0.8632,-1.356,10,E,208(E2),H,-1.577,6
-0.4786,-0.6731,2,E,208(E2),I,-0.8964,1
-2.263,-4.398,15,E,208(E2),K,-4.62,4
-1.409,-2.501,7,E,208(E2),L,-2.809,4
-1.079,-1.789,5,E,208(E2),M,-1.988,2
-1.03,-1.688,2,E,208(E2),N,-2.011,2
-2.961,-5.676,7,E,208(E2),P,-4.455,3
-0.9073,-1.442,9,E,208(E2),Q,-0.905,5
-1.747,-3.264,5,E,208(E2),R,-2.931,2
-0.3255,-0.4361,10,E,208(E2),S,-0.5892,3
-0.7141,-1.077,5,E,208(E2),T,-1.675,4
-0.8867,-1.401,11,E,208(E2),V,-1.437,6
-0.2989,-0.3971,12,E,208(E2),W,-0.2688,6
-0.5275,-0.753,7,E,208(E2),Y,-1.264,6
0.05194,0.06135,1,G,209(E2),-,,
-0.9117,-1.45,3,G,209(E2),A,-1.756,2
-4.688,-7.219,18,G,209(E2),C,-8,4
-1.609,-2.951,17,G,209(E2),D,-3.852,7
-1.132,-1.9,3,G,209(E2),E,-2.188,2
-0.6332,-0.9328,7,G,209(E2),F,-1.164,3
0,0,,G,209(E2),G,0,
-0.1598,-0.2029,4,G,209(E2),H,,
-1.527,-2.766,11,G,209(E2),I,-3.131,6
-0.4949,-0.6994,5,G,209(E2),K,-0.5877,3
-1.607,-2.946,3,G,209(E2),L,-5.13,2
-0.8745,-1.378,7,G,209(E2),M,-1.336,4
-2.258,-4.387,5,G,209(E2),N,-4.751,4
-2.838,-5.48,9,G,209(E2),P,-5.714,5
-0.8216,-1.276,6,G,209(E2),Q,-1.228,3
-1.217,-2.079,6,G,209(E2),R,-2.385,4
-1.034,-1.695,8,G,209(E2),S,-1.685,5
-1.294,-2.247,3,G,209(E2),T,-1.804,1
-1.065,-1.759,6,G,209(E2),V,-0.9436,3
-1.823,-3.437,3,G,209(E2),W,-4.191,3
-0.5029,-0.7125,9,G,209(E2),Y,-0.7458,6
0.7011,0.6581,1,L,210(E2),-,,
-1.691,-3.138,8,L,210(E2),A,-3.588,8
-1.096,-1.823,3,L,210(E2),C,-2.027,2
-1.86,-3.52,4,L,210(E2),D,-3.408,2
-1.734,-3.234,3,L,210(E2),E,-3.948,1
-0.4974,-0.7036,5,L,210(E2),F,-0.7351,3
-4.356,-7.062,5,L,210(E2),G,-8,3
-1.393,-2.465,7,L,210(E2),H,-2.638,5
0.8241,0.7403,6,L,210(E2),I,0.6971,3
-1.33,-2.325,8,L,210(E2),K,-2.567,4
0,0,,L,210(E2),L,0,
-0.6632,-0.9856,12,L,210(E2),M,-0.3261,3
-1.701,-3.161,9,L,210(E2),N,-3.595,6
-4.519,-7.145,14,L,210(E2),P,-8,4
-1.415,-2.514,2,L,210(E2),Q,,
-1.991,-3.813,4,L,210(E2),R,-4,3
-0.9042,-1.436,6,L,210(E2),S,-1.669,4
-0.218,-0.2821,3,L,210(E2),T,-0.8992,1
0.8237,0.74,5,L,210(E2),V,0.733,2
-0.8261,-1.285,8,L,210(E2),W,-0.8614,4
-0.4836,-0.6811,8,L,210(E2),Y,-1.135,6
-0.03101,-0.03768,1,T,211(E2),-,,
-0.2281,-0.2961,7,T,211(E2),A,-1.21,2
-3.953,-6.799,6,T,211(E2),C,-7.143,4
-4.118,-6.918,6,T,211(E2),D,-7.075,2
-5.651,-7.478,5,T,211(E2),E,-8,3
-4.587,-7.176,8,T,211(E2),F,-6.785,4
-6.709,-7.587,9,T,211(E2),G,-6.197,3
-3.312,-6.163,7,T,211(E2),H,-8,1
0.1115,0.129,19,T,211(E2),I,0.1474,4
-5.357,-7.422,5,T,211(E2),K,-8,2
0.6261,0.6036,3,T,211(E2),L,0.2852,2
-5.542,-7.459,3,T,211(E2),M,-8,2
-4.561,-7.165,10,T,211(E2),N,-8,3
-5.191,-7.383,6,T,211(E2),P,-8,5
-4.842,-7.277,5,T,211(E2),Q,-8,3
-5.468,-7.445,2,T,211(E2),R,-8,2
-3.01,-5.75,6,T,211(E2),S,-5.126,3
0,0,,T,211(E2),T,0,
-0.8017,-1.239,3,T,211(E2),V,-1.566,3
-4.091,-6.9,8,T,211(E2),W,-7.535,4
-4.491,-7.131,6,T,211(E2),Y,-7.441,4
-0.9475,-1.521,1,T,212(E2),-,,
-0.6476,-0.9581,10,T,212(E2),A,-1.693,5
-2.15,-4.159,2,T,212(E2),C,-4.405,1
0.6438,0.6168,4,T,212(E2),D,1.683,2
-0.6559,-0.9726,7,T,212(E2),E,-0.7919,2
-0.7972,-1.23,11,T,212(E2),F,-1.713,6
-1.178,-1.997,6,T,212(E2),G,-1.707,3
-0.5955,-0.8676,3,T,212(E2),H,-1.155,3
-0.5624,-0.8112,18,T,212(E2),I,-1.23,3
-0.9951,-1.617,6,T,212(E2),K,-1.764,3
-0.6758,-1.008,7,T,212(E2),L,-1.69,3
-0.1396,-0.176,6,T,212(E2),M,-0.4494,2
-1.07,-1.771,3,T,212(E2),N,,
-2.323,-4.522,4,T,212(E2),P,-4.163,3
-0.3121,-0.4163,6,T,212(E2),Q,-0.51,5
-0.9578,-1.542,4,T,212(E2),R,-1.34,2
-0.1327,-0.1669,11,T,212(E2),S,-0.4961,8
0,0,,T,212(E2),T,0,
0.3007,0.3255,5,T,212(E2),V,0.07075,2
-0.7676,-1.175,5,T,212(E2),W,-1.086,1
-0.8645,-1.358,6,T,212(E2),Y,-1.419,4
-0.2369,-0.3085,1,T,213(E2),-,,
-0.5454,-0.7827,4,T,213(E2),A,-1.451,3
-2.472,-4.82,7,T,213(E2),C,-5.088,4
-0.8545,-1.339,3,T,213(E2),D,-1.639,2
-0.04638,-0.05666,2,T,213(E2),E,,
-0.2978,-0.3956,6,T,213(E2),F,-0.581,4
-1.618,-2.972,6,T,213(E2),G,-2.98,4
-0.2904,-0.3847,2,T,213(E2),H,-1.521,1
0.318,0.3421,11,T,213(E2),I,-0.04261,4
-1.251,-2.153,4,T,213(E2),K,-2.803,3
-0.4796,-0.6746,5,T,213(E2),L,-0.9306,2
-0.7917,-1.22,7,T,213(E2),M,-1.696,5
-0.9949,-1.616,7,T,213(E2),N,-1.147,2
-4.818,-7.269,5,T,213(E2),P,-7.613,2
0.06392,0.07518,11,T,213(E2),Q,-0.1933,8
-0.8254,-1.284,4,T,213(E2),R,-1.798,2
-0.5467,-0.785,7,T,213(E2),S,-1.039,2
0,0,,T,213(E2),T,0,
0.2711,0.2966,3,T,213(E2),V,0.0272,2
-1.307,-2.277,3,T,213(E2),W,-1.67,1
-1.113,-1.86,3,T,213(E2),Y,-2.241,3
-0.9379,-1.502,2,D,214(E2),-,,
-2.906,-5.589,10,D,214(E2),A,-6.369,4
-6.526,-7.575,10,D,214(E2),C,-8,6
0,0,,D,214(E2),D,0,
-1.572,-2.867,2,D,214(E2),E,,
-2.388,-4.654,2,D,214(E2),F,-4.872,1
-5.722,-7.489,9,D,214(E2),G,-8,4
-5.625,-7.474,5,D,214(E2),H,-8,2
-3.084,-5.858,5,D,214(E2),K,-6.022,3
-5.037,-7.341,8,D,214(E2),L,-8,4
-3.239,-6.071,6,D,214(E2),M,-6.71,2
-2.352,-4.581,18,D,214(E2),N,-2.917,4
-2.277,-4.428,7,D,214(E2),P,-5.434,1
-5.361,-7.423,3,D,214(E2),Q,-8,1
-5.3,-7.409,6,D,214(E2),R,-8,5
-1.834,-3.461,6,D,214(E2),S,-4.671,3
-1.265,-2.185,5,D,214(E2),T,-2.755,3
-2.084,-4.015,4,D,214(E2),V,-4.196,3
-3.409,-6.28,3,D,214(E2),W,-6.605,2
-4.292,-7.026,15,D,214(E2),Y,-7.58,7
-0.6906,-1.034,7,K,215(E2),-,,
-0.9123,-1.451,10,K,215(E2),A,-2.168,5
-2.665,-5.18,10,K,215(E2),C,-5.228,5
-5.391,-7.429,6,K,215(E2),D,-8,5
-2.184,-4.232,5,K,215(E2),E,,
-0.6177,-0.9058,10,K,215(E2),F,-1.348,7
-5.197,-7.384,5,K,215(E2),G,-7.353,2
-0.4958,-0.7009,11,K,215(E2),H,-0.4718,4
0.8426,0.7519,5,K,215(E2),I,0.4108,4
0,0,,K,215(E2),K,0,
0.7684,0.7041,9,K,215(E2),L,0.2717,4
0.4281,0.443,8,K,215(E2),M,-0.4961,2
-4.337,-7.052,6,K,215(E2),N,-7.593,4
-5.332,-7.417,9,K,215(E2),P,-8,6
-0.8089,-1.252,7,K,215(E2),Q,-1.465,4
0.02677,0.03189,8,K,215(E2),R,-0.4041,5
-1.714,-3.19,5,K,215(E2),S,,
1.321,0.9964,5,K,215(E2),T,-1.492,2
0.07843,0.09178,7,K,215(E2),V,0.2084,3
-0.6585,-0.9773,9,K,215(E2),W,-1.664,1
-0.1329,-0.1672,7,K,215(E2),Y,0.3428,2
-0.7281,-1.102,7,V,216(E2),-,,
-3.518,-6.402,11,V,216(E2),A,-6.671,6
-2.184,-4.231,6,V,216(E2),C,-4.593,4
-3.953,-6.799,3,V,216(E2),D,-6.848,2
-1.185,-2.012,3,V,216(E2),E,-2.442,1
-0.8976,-1.423,7,V,216(E2),F,-1.311,4
-5.559,-7.462,4,V,216(E2),G,-8,2
-1.858,-3.516,5,V,216(E2),H,-4.872,2
0.2221,0.2472,9,V,216(E2),I,0.6634,6
-5.51,-7.453,4,V,216(E2),K,-8,2
-0.1124,-0.1404,11,V,216(E2),L,-0.5311,4
-1.302,-2.266,5,V,216(E2),M,,
-3.616,-6.503,7,V,216(E2),N,-6.256,2
-5.253,-7.398,4,V,216(E2),P,-8,1
-1.478,-2.657,7,V,216(E2),Q,-2.839,6
-2.854,-5.505,4,V,216(E2),R,-5.61,3
-2.311,-4.497,6,V,216(E2),S,-4.467,4
-0.4363,-0.6056,4,V,216(E2),T,-1.06,3
0,0,,V,216(E2),V,0,
-0.4077,-0.5608,8,V,216(E2),W,-0.3578,5
-0.7505,-1.143,5,V,216(E2),Y,-0.7009,2
-1.189,-2.021,7,I,217(E2),-,,
-3.308,-6.158,7,I,217(E2),A,-6.175,5
-5.356,-7.422,6,I,217(E2),C,-7.934,2
-5.054,-7.345,6,I,217(E2),D,-8,5
-4.985,-7.325,4,I,217(E2),E,-7.717,3
-3.22,-6.046,8,I,217(E2),F,-7.394,4
-4.935,-7.309,8,I,217(E2),G,-8,5
-5.206,-7.387,5,I,217(E2),H,-7.183,3
0,0,,I,217(E2),I,0,
-5.207,-7.387,3,I,217(E2),K,-8,1
-1.154,-1.945,8,I,217(E2),L,-2.075,5
-4.352,-7.06,4,I,217(E2),M,-7.41,1
-5.5,-7.451,11,I,217(E2),N,-8,6
-5.501,-7.451,3,I,217(E2),P,-8,2
-3.092,-5.87,6,I,217(E2),Q,-6.835,4
-4.917,-7.303,5,I,217(E2),R,-8,4
-5.998,-7.527,4,I,217(E2),S,-8,4
-4.959,-7.317,6,I,217(E2),T,-8,1
-0.5723,-0.8281,1,I,217(E2),V,,
-5.754,-7.494,4,I,217(E2),W,-8,1
-4.249,-7.001,5,I,217(E2),Y,-7.542,4
-4.88,-7.291,9,N,218(E2),-,,
0.1332,0.153,7,N,218(E2),A,0.3441,4
-2.071,-3.989,5,N,218(E2),C,-4.393,4
3.714,1.386,1,N,218(E2),D,,
0.7746,0.7082,7,N,218(E2),E,0.4909,3
-0.14,-0.1765,9,N,218(E2),F,-0.379,6
-0.6716,-1,2,N,218(E2),G,,
0.1248,0.1437,7,N,218(E2),H,-0.1732,5
-0.6609,-0.9814,8,N,218(E2),I,-0.8894,5
0.03605,0.04281,6,N,218(E2),K,-0.2049,4
0.2776,0.303,14,N,218(E2),L,0.6799,6
0.777,0.7098,4,N,218(E2),M,0.501,2
0,0,,N,218(E2),N,0,
1.643,1.111,6,N,218(E2),P,0.9769,3
-0.2666,-0.3505,8,N,218(E2),Q,-1.29,5
-1.016,-1.659,3,N,218(E2),R,-4.116,1
0.1278,0.147,9,N,218(E2),S,0.1553,4
0.3028,0.3276,7,N,218(E2),T,-0.3586,5
0.3841,0.4037,5,N,218(E2),V,0.737,4
0.3847,0.4042,6,N,218(E2),W,-0.5336,2
0.6169,0.5967,12,N,218(E2),Y,0.7036,4
-1.384,-2.446,5,N,219(E2),-,,
-4.385,-7.078,5,N,219(E2),A,-8,3
-2.41,-4.697,3,N,219(E2),C,-5.146,2
0.1866,0.2103,3,N,219(E2),D,0.02212,1
-1.379,-2.435,3,N,219(E2),E,-3.019,2
-1.798,-3.38,13,N,219(E2),F,-3.117,8
-0.604,-0.8822,3,N,219(E2),G,-1.178,2
-0.344,-0.4637,5,N,219(E2),H,-1.508,2
-4.451,-7.112,3,N,219(E2),I,-8,3
-3.61,-6.497,2,N,219(E2),K,,
-2.125,-4.106,5,N,219(E2),L,-4.271,2
-1.511,-2.729,10,N,219(E2),M,-2.601,6
0,0,,N,219(E2),N,0,
-6.205,-7.549,11,N,219(E2),P,-8,8
-0.66,-0.98,10,N,219(E2),Q,-0.1547,3
-1.767,-3.309,8,N,219(E2),R,-3.679,6
-0.1407,-0.1774,5,N,219(E2),S,-0.1378,2
-1.826,-3.443,3,N,219(E2),T,,
-2.733,-5.3,10,N,219(E2),V,-5.282,4
-2.819,-5.448,7,N,219(E2),W,-5.97,2
-0.5933,-0.8637,3,N,219(E2),Y,-1.305,2
-1.554,-2.827,5,C,220(E2),-,,
-5.133,-7.368,1,C,220(E2),A,-8,1
0,0,,C,220(E2),C,0,
-2.172,-4.207,4,C,220(E2),D,-4.915,1
-6.317,-7.559,4,C,220(E2),E,-8,2
-4.963,-7.318,20,C,220(E2),F,-8,12
-5.905,-7.515,6,C,220(E2),G,-8,4
-4.169,-6.952,13,C,220(E2),H,-8,8
-7.52,-7.619,10,C,220(E2),I,-8,5
-5.493,-7.45,4,C,220(E2),K,-8,4
-5.515,-7.454,5,C,220(E2),L,-8,3
-3.866,-6.73,3,C,220(E2),M,-7.142,3
-5.521,-7.455,3,C,220(E2),N,-8,2
-4.147,-6.937,6,C,220(E2),P,-7.053,3
-5.853,-7.508,5,C,220(E2),Q,-8,2
-7.035,-7.603,3,C,220(E2),R,-7.772,2
-4.524,-7.148,1,C,220(E2),S,,
-5.654,-7.479,8,C,220(E2),T,-8,4
-4.992,-7.327,4,C,220(E2),V,-8,2
-4.39,-7.08,6,C,220(E2),W,-7.998,3
-5.488,-7.449,19,C,220(E2),Y,-8,4
-0.6107,-0.8938,12,K,221(E2),A,-1.162,6
-2.812,-5.436,5,K,221(E2),C,-5.791,3
-1.074,-1.778,6,K,221(E2),D,-1.264,4
-0.7791,-1.196,9,K,221(E2),E,-1.253,5
-0.8656,-1.361,5,K,221(E2),F,-1.563,4
-2.821,-5.451,2,K,221(E2),G,,
-0.2951,-0.3916,13,K,221(E2),H,-0.731,8
-0.7148,-1.078,8,K,221(E2),I,-1.62,4
0,0,,K,221(E2),K,0,
0.3768,0.3971,5,K,221(E2),L,0.273,2
-0.1243,-0.1559,2,K,221(E2),M,-0.4306,1
-0.05629,-0.06899,12,K,221(E2),N,0.4083,2
-3.589,-6.476,11,K,221(E2),P,-7.158,5
-0.4116,-0.5669,13,K,221(E2),Q,-0.5558,8
0.01631,0.01949,15,K,221(E2),R,-0.04291,8
0.7845,0.7148,9,K,221(E2),S,1.009,5
0.5615,0.554,12,K,221(E2),T,-0.6327,6
-0.4791,-0.6739,8,K,221(E2),V,-0.5733,4
-0.5718,-0.8271,9,K,221(E2),W,-0.9415,6
-0.534,-0.7638,5,K,221(E2),Y,-1.338,4
-5.185,-7.381,1,V,222(E2),*,-8,1
-2.652,-5.157,6,V,222(E2),A,-4.297,3
-4.493,-7.133,8,V,222(E2),C,-7.604,4
-5.328,-7.416,10,V,222(E2),D,-8,5
-2.475,-4.825,4,V,222(E2),E,-5.145,3
-4.568,-7.167,11,V,222(E2),F,-8,5
-4.608,-7.186,9,V,222(E2),G,-8,7
-5.121,-7.364,5,V,222(E2),H,-7.905,3
0.09042,0.1054,3,V,222(E2),I,-0.2456,2
-2.076,-3.999,8,V,222(E2),K,-4.204,4
-0.5664,-0.818,11,V,222(E2),L,-1.106,4
-0.4121,-0.5676,10,V,222(E2),M,-0.5037,1
-5.323,-7.415,8,V,222(E2),N,-8,7
-5.091,-7.356,7,V,222(E2),P,-8,4
-2.775,-5.374,6,V,222(E2),Q,-5.319,1
-4.217,-6.981,5,V,222(E2),R,-6.647,2
-3.516,-6.399,6,V,222(E2),S,-6.7,2
-1.657,-3.06,9,V,222(E2),T,-3.173,4
0,0,,V,222(E2),V,0,
-5.118,-7.364,3,V,222(E2),W,-8,1
-4.97,-7.32,6,V,222(E2),Y,-8,1
1.111,0.9017,5,D,223(E2),A,0.539,2
-4.358,-7.063,6,D,223(E2),C,-8,3
0,0,,D,223(E2),D,0,
-0.5353,-0.766,15,D,223(E2),E,-0.408,5
-3.455,-6.332,9,D,223(E2),F,-6.951,5
-1.1,-1.832,10,D,223(E2),G,-1.816,2
-0.5718,-0.8272,6,D,223(E2),H,-1.171,4
-3.389,-6.257,5,D,223(E2),I,-6.896,4
-2.196,-4.258,7,D,223(E2),K,-4.328,4
-5.488,-7.449,5,D,223(E2),L,-8,2
-4.022,-6.851,4,D,223(E2),M,-7.204,3
-0.5714,-0.8265,12,D,223(E2),N,-1.126,3
-2.363,-4.603,6,D,223(E2),P,-4.912,4
-0.7572,-1.156,8,D,223(E2),Q,-1.891,6
-1.781,-3.342,1,D,223(E2),R,-3.646,1
-1.024,-1.675,4,D,223(E2),S,-2.003,1
-1.053,-1.736,7,D,223(E2),T,-2.041,5
-3.003,-5.74,8,D,223(E2),V,-5.941,5
-3.642,-6.529,3,D,223(E2),W,-7.145,2
-2.079,-4.005,10,D,223(E2),Y,-4.37,3
-3.426,-6.299,2,Q,224(E2),*,-6.942,1
-0.9619,-1.55,7,Q,224(E2),A,-1.578,3
-4.198,-6.969,5,Q,224(E2),C,-8,3
-0.4256,-0.5887,4,Q,224(E2),D,-0.5099,3
-0.5282,-0.7541,9,Q,224(E2),E,-0.3712,2
-0.8802,-1.389,11,Q,224(E2),F,-1.378,7
-5.236,-7.394,2,Q,224(E2),G,,
-1.118,-1.869,7,Q,224(E2),H,-3.064,1
-2.059,-3.962,5,Q,224(E2),I,-4.652,2
-0.02558,-0.03102,11,Q,224(E2),K,-0.4809,3
-0.7074,-1.065,3,Q,224(E2),L,-1.255,2
-0.601,-0.877,9,Q,224(E2),M,-1.719,7
-0.2977,-0.3954,4,Q,224(E2),N,-2.098,2
-4.624,-7.192,5,Q,224(E2),P,-8,3
0,0,,Q,224(E2),Q,0,
-1.116,-1.865,10,Q,224(E2),R,-3.064,4
-0.559,-0.8056,7,Q,224(E2),S,-1.209,5
-2.162,-4.184,5,Q,224(E2),T,-4.036,3
-2.082,-4.012,3,Q,224(E2),V,-5.951,2
-1.565,-2.853,9,Q,224(E2),W,-2.508,3
-0.8711,-1.371,3,Q,224(E2),Y,-1.574,1
-0.721,-1.089,2,C,225(E2),*,,
-5.203,-7.386,4,C,225(E2),A,-8,2
0,0,,C,225(E2),C,0,
-4.583,-7.174,7,C,225(E2),D,-8,2
-3.948,-6.795,7,C,225(E2),E,-7.3,4
-5.813,-7.503,4,C,225(E2),F,-8,1
-4.701,-7.224,10,C,225(E2),G,-7.7,4
-6.064,-7.534,6,C,225(E2),H,-8,2
-5.511,-7.453,7,C,225(E2),I,-8,3
-3.884,-6.745,4,C,225(E2),K,-8,1
-5.674,-7.482,5,C,225(E2),L,-8,2
-6.184,-7.547,7,C,225(E2),M,-8,5
-5.542,-7.459,5,C,225(E2),N,-8,4
-4.46,-7.116,9,C,225(E2),P,-8,3
-4.434,-7.103,7,C,225(E2),Q,-8,5
-5.084,-7.354,5,C,225(E2),R,-7.801,2
-5.592,-7.468,9,C,225(E2),S,-8,4
-5.455,-7.442,5,C,225(E2),T,-8,3
-5.491,-7.45,5,C,225(E2),V,-8,2
-5.155,-7.374,7,C,225(E2),W,-7.92,2
-4.253,-7.003,20,C,225(E2),Y,-7.234,5
-2.597,-5.057,9,H,226(E2),A,-5.806,4
-5.234,-7.394,8,H,226(E2),C,-8,5
-3.412,-6.283,8,H,226(E2),D,-6.156,5
-4.057,-6.876,11,H,226(E2),E,-7.452,8
-0.7001,-1.051,11,H,226(E2),F,-1.249,8
-4.996,-7.328,5,H,226(E2),G,-8,1
0,0,,H,226(E2),H,0,
-1.718,-3.198,6,H,226(E2),I,-3.427,3
-2.463,-4.802,1,H,226(E2),K,-5.094,1
-1.642,-3.027,1,H,226(E2),L,-3.338,1
-1.586,-2.9,4,H,226(E2),M,-3.516,2
-3.186,-6,11,H,226(E2),N,-5.452,4
-5.833,-7.506,8,H,226(E2),P,-8,5
-1.779,-3.336,7,H,226(E2),Q,-3.32,5
-4.867,-7.286,3,H,226(E2),R,-7.812,1
-2.382,-4.642,3,H,226(E2),S,-4.606,2
-3.284,-6.128,6,H,226(E2),T,-6.521,2
-2.337,-4.55,3,H,226(E2),V,,
-0.219,-0.2834,1,H,226(E2),W,-0.5561,1
-0.6227,-0.9145,14,H,226(E2),Y,-0.9689,5
-10.23,-7.644,1,A,227(E2),-,,
0,0,,A,227(E2),A,0,
-2.563,-4.993,7,A,227(E2),C,-5.341,2
-4.59,-7.178,6,A,227(E2),D,-8,4
-5.801,-7.501,6,A,227(E2),E,-8,4
-6.032,-7.53,8,A,227(E2),F,-8,6
-5.125,-7.366,3,A,227(E2),G,-8,1
-4.035,-6.86,3,A,227(E2),H,-6.901,2
-3.542,-6.427,4,A,227(E2),I,-6.18,2
-5.151,-7.373,4,A,227(E2),K,-8,1
-2.848,-5.496,6,A,227(E2),L,-6.433,1
-2.218,-4.304,4,A,227(E2),M,-4.505,1
-5.807,-7.502,7,A,227(E2),N,-8,4
-5.863,-7.51,6,A,227(E2),P,-8,1
-5.072,-7.351,7,A,227(E2),R,-8,3
-1.135,-1.906,7,A,227(E2),S,-1.695,2
0.1217,0.1403,21,A,227(E2),T,0.01756,5
-0.1517,-0.192,25,A,227(E2),V,-0.1664,13
-6.049,-7.532,5,A,227(E2),W,-8,3
-11.42,-7.645,3,A,227(E2),Y,-8,2
0,0,,A,228(E2),A,0,
-4.296,-7.028,4,A,228(E2),C,-8,2
-5.622,-7.473,8,A,228(E2),D,-8,4
-5.051,-7.345,4,A,228(E2),E,-8,3
-1.804,-3.394,3,A,228(E2),F,-3.358,3
-4.886,-7.293,4,A,228(E2),G,-8,4
-2.961,-5.675,7,A,228(E2),H,-5.394,4
-6.207,-7.549,8,A,228(E2),I,-8,5
-2.149,-4.157,4,A,228(E2),K,-4.155,3
-0.5778,-0.8373,6,A,228(E2),L,-1.535,3
-3.284,-6.129,3,A,228(E2),N,-6.309,2
-6.245,-7.552,11,A,228(E2),P,-8,5
-2.808,-5.429,4,A,228(E2),Q,-5.696,2
-2.44,-4.757,5,A,228(E2),R,-5.019,4
0.0339,0.04029,7,A,228(E2),S,-0.02241,3
-2.897,-5.575,23,A,228(E2),T,-7.015,6
-1.06,-1.749,15,A,228(E2),V,-1.708,2
0.6887,0.6493,2,A,228(E2),W,0.3642,2
-0.7786,-1.195,3,A,228(E2),Y,-0.6495,1
-2.753,-5.336,1,V,229(E2),-,,
-2.679,-5.206,11,V,229(E2),A,-5.307,7
-6.05,-7.533,4,V,229(E2),C,-8,1
-4.342,-7.055,3,V,229(E2),D,,
-4.428,-7.1,7,V,229(E2),E,-8,3
-3.441,-6.317,3,V,229(E2),F,-6.624,2
-5.107,-7.361,11,V,229(E2),G,-8,9
-4.919,-7.304,4,V,229(E2),H,-7.389,2
-0.9043,-1.436,5,V,229(E2),I,-2.323,1
-5.75,-7.494,3,V,229(E2),K,-8,3
-3.272,-6.113,9,V,229(E2),L,-8,1
-4.681,-7.216,23,V,229(E2),M,-8,4
-4.62,-7.191,5,V,229(E2),N,-8,3
-4.576,-7.171,14,V,229(E2),P,-8,10
-4.777,-7.254,5,V,229(E2),Q,-5.63,2
-4.514,-7.142,6,V,229(E2),R,-8,3
-5.738,-7.492,4,V,229(E2),S,-8,3
-2.896,-5.573,6,V,229(E2),T,-4.605,2
0,0,,V,229(E2),V,0,
-5.766,-7.496,5,V,229(E2),W,-8,3
-1.48,-2.66,6,V,229(E2),Y,-2.646,1
-1.965,-3.754,1,T,230(E2),-,,
-2.38,-4.637,9,T,230(E2),A,-3.736,2
-2.657,-5.167,9,T,230(E2),C,-7.58,5
-4.977,-7.322,4,T,230(E2),D,-8,4
-3.839,-6.708,5,T,230(E2),E,-7.325,4
-4.073,-6.887,2,T,230(E2),F,,
-5.125,-7.366,8,T,230(E2),G,-8,4
-2.819,-5.447,11,T,230(E2),H,-5.274,5
-4.813,-7.267,9,T,230(E2),I,-7.83,4
-4.805,-7.264,3,T,230(E2),K,-6.734,1
-3.352,-6.212,13,T,230(E2),L,-6.769,6
-2.459,-4.794,7,T,230(E2),M,-4.994,4
-4.062,-6.879,7,T,230(E2),N,-8,3
-4.537,-7.153,6,T,230(E2),P,-8,3
-5.19,-7.383,2,T,230(E2),Q,-8,1
-4.582,-7.174,7,T,230(E2),R,-7.257,3
-1.206,-2.056,8,T,230(E2),S,-2.192,8
0,0,,T,230(E2),T,0,
-2.896,-5.574,8,T,230(E2),V,-5.57,7
-2.817,-5.444,5,T,230(E2),W,-5.678,4
-2.41,-4.698,2,T,230(E2),Y,,
-1.951,-3.723,1,N,231(E2),-,,
3.517,1.377,3,N,231(E2),A,-0.3437,1
-1.163,-1.965,9,N,231(E2),C,-2.264,4
0.8782,0.7738,6,N,231(E2),D,0.6443,3
-1.136,-1.909,2,N,231(E2),E,-2.387,1
-1.977,-3.78,3,N,231(E2),F,-3.972,3
-0.3493,-0.4717,6,N,231(E2),G,-1.407,5
0.1282,0.1475,9,N,231(E2),H,-2.284,3
-2.665,-5.181,9,N,231(E2),I,-5.662,2
-2.193,-4.252,5,N,231(E2),K,-4.813,1
-2.099,-4.048,7,N,231(E2),L,-4.326,5
-0.7585,-1.158,4,N,231(E2),M,-1.566,2
0,0,,N,231(E2),N,0,
-5.899,-7.514,5,N,231(E2),P,-8,2
-0.5579,-0.8037,7,N,231(E2),Q,-1.5,3
-2.35,-4.577,4,N,231(E2),R,-5.947,4
-1.619,-2.975,9,N,231(E2),S,-3.147,3
-4.944,-7.312,7,N,231(E2),T,-7.828,4
-4.44,-7.106,7,N,231(E2),V,-8,3
-1.512,-2.732,9,N,231(E2),W,-3.455,4
-1.987,-3.804,5,N,231(E2),Y,-4.131,3
-2.849,-5.497,1,H,232(E2),-,,
-1.845,-3.485,2,H,232(E2),A,-3.808,1
-5.207,-7.387,6,H,232(E2),C,-8,6
-2.736,-5.307,7,H,232(E2),D,-5.383,4
-4.329,-7.047,6,H,232(E2),E,-6.813,2
-1.533,-2.78,8,H,232(E2),F,-3.106,5
-2.778,-5.379,2,H,232(E2),G,-6.335,2
0,0,,H,232(E2),H,0,
-2.38,-4.638,8,H,232(E2),I,-4.604,6
-4.594,-7.179,5,H,232(E2),K,-8,2
-2.04,-3.921,5,H,232(E2),L,-4.213,3
-2.573,-5.013,6,H,232(E2),M,-5.316,6
-3.018,-5.762,13,H,232(E2),N,-5.972,9
-2.645,-5.146,4,H,232(E2),P,-6.169,2
-2.312,-4.499,11,H,232(E2),Q,-4.675,5
-3.402,-6.271,12,H,232(E2),R,-6.293,8
-2.287,-4.449,2,H,232(E2),S,-4.785,2
-3.114,-5.901,5,H,232(E2),T,-6.207,4
-3.308,-6.159,5,H,232(E2),V,-5.4,2
-3.07,-5.838,5,H,232(E2),W,-7.466,2
-2.257,-4.385,12,H,232(E2),Y,-4.241,3
-0.5617,-0.8101,6,K,233(E2),A,-1.147,6
-2.575,-5.016,7,K,233(E2),C,-5.358,2
-0.8265,-1.285,2,K,233(E2),D,-1.613,2
-0.9954,-1.617,15,K,233(E2),E,-1.978,8
-2.026,-3.889,7,K,233(E2),F,-4.277,4
-0.8464,-1.323,9,K,233(E2),H,-2.086,6
-1.322,-2.308,3,K,233(E2),I,-2.847,3
0,0,,K,233(E2),K,0,
-0.7948,-1.226,8,K,233(E2),L,-1.394,4
-0.1627,-0.2067,9,K,233(E2),M,-1.751,3
-0.2212,-0.2864,17,K,233(E2),N,-0.4739,10
-4.092,-6.9,4,K,233(E2),P,-8,3
-0.06663,-0.08195,6,K,233(E2),Q,-0.2777,3
-0.1586,-0.2012,7,K,233(E2),R,0.6434,1
-0.009027,-0.01089,5,K,233(E2),S,-0.06965,4
0.1504,0.1717,7,K,233(E2),T,0.7239,3
-0.685,-1.024,4,K,233(E2),V,-0.9025,2
-2.37,-4.618,5,K,233(E2),W,-4.505,3
-1.339,-2.346,7,K,233(E2),Y,-3.14,3
-1.301,-2.263,8,K,234(E2),A,-2.252,6
-4.043,-6.866,10,K,234(E2),C,-8,6
-1.935,-3.687,5,K,234(E2),D,-4.086,3
-1.274,-2.204,7,K,234(E2),E,-2.284,6
-0.9907,-1.608,9,K,234(E2),F,-2.462,4
-0.2022,-0.2602,6,K,234(E2),G,-1.004,3
0.09363,0.109,5,K,234(E2),H,-0.00301,3
-2.334,-4.545,6,K,234(E2),I,-4.67,4
0,0,,K,234(E2),K,0,
-1.338,-2.343,11,K,234(E2),L,-2.897,6
-1.099,-1.829,10,K,234(E2),M,-1.844,5
-1.173,-1.986,7,K,234(E2),N,-2.296,4
-4.27,-7.013,3,K,234(E2),P,-6.548,2
0.03893,0.04619,5,K,234(E2),Q,-0.5195,3
-0.687,-1.028,5,K,234(E2),R,-1.172,1
-0.6185,-0.9073,4,K,234(E2),S,-1.177,4
0.1705,0.1932,3,K,234(E2),T,-0.2587,3
-1.668,-3.086,5,K,234(E2),V,-3.778,2
-0.9945,-1.615,5,K,234(E2),W,-2.021,2
-5.474,-7.446,2,K,234(E2),Y,-8,1
-4.823,-7.271,21,W,235(E2),*,-8,4
-4.367,-7.068,7,W,235(E2),A,-8,3
-5.597,-7.469,14,W,235(E2),C,-8,5
-5.736,-7.491,4,W,235(E2),D,-8,3
-5.586,-7.467,7,W,235(E2),E,-8,3
-2.574,-5.014,3,W,235(E2),F,-5.335,2
-4.92,-7.304,5,W,235(E2),G,-8,4
-6.249,-7.553,3,W,235(E2),H,-3.88,1
-4.79,-7.259,6,W,235(E2),I,-7.636,2
-5.028,-7.338,10,W,235(E2),K,-8,4
-4.361,-7.065,8,W,235(E2),L,-8,4
-5.398,-7.431,3,W,235(E2),M,-7.886,3
-5.796,-7.5,3,W,235(E2),N,-8,3
-4.588,-7.176,13,W,235(E2),P,-8,8
-3.397,-6.265,4,W,235(E2),Q,-7.381,2
-5.462,-7.444,9,W,235(E2),R,-8,6
-5.436,-7.439,5,W,235(E2),S,-7.893,2
-6.148,-7.543,9,W,235(E2),T,-8,5
-5.578,-7.466,4,W,235(E2),V,-7.921,1
0,0,,W,235(E2),W,0,
-4.311,-7.037,9,W,235(E2),Y,-8,5
-4.974,-7.322,42,Q,236(E2),*,-8,3
-1.254,-2.161,1,Q,236(E2),-,,
-2.411,-4.699,5,Q,236(E2),A,-5.167,2
-4.327,-7.046,9,Q,236(E2),C,-7.768,4
-5.39,-7.429,6,Q,236(E2),D,-7.944,2
-2.72,-5.279,7,Q,236(E2),E,-5.428,6
-2.832,-5.47,5,Q,236(E2),F,-5.683,2
-4.355,-7.062,2,Q,236(E2),G,-8,1
-1.516,-2.742,13,Q,236(E2),H,-2.53,1
-2.249,-4.369,6,Q,236(E2),I,-4.957,5
-4.93,-7.307,4,Q,236(E2),K,-8,4
-2.415,-4.707,5,Q,236(E2),L,-5.052,4
-1.28,-2.216,8,Q,236(E2),M,-2.451,5
-5.429,-7.437,6,Q,236(E2),N,-8,3
-3.356,-6.217,3,Q,236(E2),P,-6.38,1
0,0,,Q,236(E2),Q,0,
-5.988,-7.525,13,Q,236(E2),R,-8,4
-4.666,-7.21,8,Q,236(E2),S,-8,5
-1.297,-2.253,13,Q,236(E2),T,-2.736,8
-1.341,-2.35,10,Q,236(E2),V,-2.96,5
-3.594,-6.481,6,Q,236(E2),W,-6.796,3
-4.662,-7.208,10,Q,236(E2),Y,-8,6
-4.918,-7.304,4,Y,237(E2),*,,
-4.478,-7.125,4,Y,237(E2),A,-8,3
-3.096,-5.875,9,Y,237(E2),C,-5.556,6
-4.811,-7.266,9,Y,237(E2),D,-8,4
-5.597,-7.469,6,Y,237(E2),E,-8,2
0.1265,0.1455,5,Y,237(E2),F,-1.126,2
-3.942,-6.791,3,Y,237(E2),G,-7.309,3
-5.432,-7.438,10,Y,237(E2),H,-8,4
-0.9943,-1.615,13,Y,237(E2),I,-2.51,7
-5.904,-7.515,7,Y,237(E2),K,-8,4
-1.589,-2.907,8,Y,237(E2),L,-3.029,3
-2.191,-4.247,9,Y,237(E2),M,-3.765,2
-4.842,-7.278,12,Y,237(E2),N,-6.94,4
-5.182,-7.381,3,Y,237(E2),P,-8,1
-5.198,-7.385,3,Y,237(E2),Q,-8,1
-4.564,-7.166,6,Y,237(E2),R,-8,3
-5.366,-7.424,5,Y,237(E2),S,-8,1
-4.99,-7.326,5,Y,237(E2),T,-8,4
1.081,0.8868,3,Y,237(E2),V,0.4511,2
-4.533,-7.152,5,Y,237(E2),W,-7.341,3
0,0,,Y,237(E2),Y,0,
0.01713,0.02048,1,N,238(E2),-,,
-1.234,-2.117,10,N,238(E2),A,-2.244,3
-8.192,-7.632,3,N,238(E2),C,,
-3.777,-6.654,4,N,238(E2),D,-8,1
-1.828,-3.446,6,N,238(E2),E,-4.683,3
-1.777,-3.331,10,N,238(E2),F,-3.578,7
-2.094,-4.039,6,N,238(E2),G,-4.201,4
-2.239,-4.347,5,N,238(E2),H,-4.124,1
-2.24,-4.35,6,N,238(E2),I,-3.836,3
-4.044,-6.867,16,N,238(E2),K,-5.716,6
-4.742,-7.241,6,N,238(E2),L,-4.38,3
-1.745,-3.259,8,N,238(E2),M,-3.575,5
0,0,,N,238(E2),N,0,
-5.574,-7.465,4,N,238(E2),P,-8,2
-2.062,-3.968,7,N,238(E2),Q,-4.525,3
-1.958,-3.738,11,N,238(E2),R,-3.958,6
-1.273,-2.202,12,N,238(E2),S,-1.271,3
-1.452,-2.597,5,N,238(E2),T,-4.518,2
-1.926,-3.666,9,N,238(E2),V,-3.753,5
-3.672,-6.558,5,N,238(E2),W,-6.778,5
-0.6722,-1.001,5,N,238(E2),Y,-0.8419,3
-4.477,-7.125,5,S,239(E2),A,-8,4
-5.776,-7.497,7,S,239(E2),C,-8,2
-5.924,-7.517,6,S,239(E2),D,-8,4
-4.136,-6.93,7,S,239(E2),E,-7.595,2
-4.304,-7.033,10,S,239(E2),F,-8,5
-4.704,-7.226,20,S,239(E2),G,-8,9
-5.467,-7.445,11,S,239(E2),H,-8,6
-5.22,-7.39,12,S,239(E2),I,-8,9
-5.864,-7.51,3,S,239(E2),K,-8,1
-4.738,-7.239,11,S,239(E2),L,-8,6
-5.425,-7.436,13,S,239(E2),M,-8,8
-5.81,-7.502,10,S,239(E2),N,-8,2
-5.197,-7.384,7,S,239(E2),P,-8,4
-4.252,-7.003,8,S,239(E2),Q,-8,3
-5.948,-7.521,9,S,239(E2),R,-8,3
0,0,,S,239(E2),S,0,
-3.296,-6.143,4,S,239(E2),T,-6.097,2
-3.283,-6.127,3,S,239(E2),V,-6.152,3
-5.117,-7.363,6,S,239(E2),W,-8,4
-6.17,-7.545,9,S,239(E2),Y,-8,4
-1.946,-3.713,12,P,240(E2),A,-3.828,7
-3.868,-6.732,5,P,240(E2),C,-6.815,3
-3.979,-6.819,9,P,240(E2),D,-7.63,7
-4.727,-7.235,2,P,240(E2),E,-8,1
-5.602,-7.47,6,P,240(E2),F,-8,3
-4.138,-6.931,5,P,240(E2),G,-7.067,2
-2.084,-4.015,11,P,240(E2),H,-4.354,6
-3.697,-6.581,6,P,240(E2),I,-5.117,1
-3.942,-6.791,6,P,240(E2),K,-5.831,4
-4.508,-7.14,14,P,240(E2),L,-8,4
-2.587,-5.038,2,P,240(E2),M,-5.588,2
-5.192,-7.383,7,P,240(E2),N,-8,6
0,0,,P,240(E2),P,0,
-1.983,-3.794,7,P,240(E2),Q,-5.876,4
2.556,1.297,9,P,240(E2),R,-8,5
-6.214,-7.549,8,P,240(E2),S,-8,6
-4.244,-6.998,15,P,240(E2),T,-7.365,4
-4.071,-6.885,8,P,240(E2),V,-7.56,4
-4.408,-7.09,7,P,240(E2),W,-7.755,6
-3.473,-6.353,6,P,240(E2),Y,-6.853,4
-4.581,-7.174,7,L,241(E2),A,-8,3
-4.789,-7.258,4,L,241(E2),C,-7.71,2
-5.454,-7.442,8,L,241(E2),D,-8,7
-4.599,-7.182,12,L,241(E2),E,-7.223,8
-0.2662,-0.3499,8,L,241(E2),F,-1.565,5
-1.479,-2.658,4,L,241(E2),G,-2.768,2
-1.485,-2.67,3,L,241(E2),H,-2.226,1
-3.363,-6.225,7,L,241(E2),I,-7.158,4
-3.197,-6.015,11,L,241(E2),K,-6.418,8
0,0,,L,241(E2),L,0,
-0.6783,-1.012,9,L,241(E2),M,-2.319,3
-1.509,-2.725,5,L,241(E2),N,-3.455,2
-6.162,-7.544,12,L,241(E2),P,-8,5
-2.85,-5.499,6,L,241(E2),Q,-5.934,3
-1.867,-3.535,9,L,241(E2),R,-4.341,4
-2.331,-4.539,8,L,241(E2),S,-4.895,5
-3.108,-5.893,9,L,241(E2),T,-8,5
-5.943,-7.52,10,L,241(E2),V,-6.41,2
-1.611,-2.956,15,L,241(E2),W,-3.436,7
-0.2461,-0.3214,6,L,241(E2),Y,-0.5369,6
-3.998,-6.833,11,V,242(E2),A,-6.689,8
-2.476,-4.829,5,V,242(E2),C,-4.435,1
-5.28,-7.405,1,V,242(E2),D,-8,1
-5.31,-7.412,7,V,242(E2),E,-7.851,4
-5.751,-7.494,8,V,242(E2),F,-8,6
-4.629,-7.195,9,V,242(E2),G,-8,5
-4.379,-7.075,4,V,242(E2),H,-8,1
-0.762,-1.165,7,V,242(E2),I,-0.9061,2
-5.143,-7.37,2,V,242(E2),K,-8,1
-0.2079,-0.2681,14,V,242(E2),L,-0.7661,8
-1.774,-3.325,13,V,242(E2),M,-3.98,4
-2.502,-4.878,8,V,242(E2),N,-4.877,4
-5.383,-7.428,8,V,242(E2),P,-8,5
-1.744,-3.258,6,V,242(E2),Q,-3.024,4
-5.374,-7.426,6,V,242(E2),R,-8,6
-3.454,-6.331,7,V,242(E2),S,-6.264,3
-1.705,-3.168,1,V,242(E2),T,-3.478,1
0,0,,V,242(E2),V,0,
-2.808,-5.43,6,V,242(E2),W,-6.709,2
-2.919,-5.61,4,V,242(E2),Y,-5.934,4
-2.801,-5.417,7,P,243(E2),A,-5.689,4
-4.478,-7.125,7,P,243(E2),C,-8,4
-4.321,-7.043,12,P,243(E2),D,-8,9
-1.431,-2.551,2,P,243(E2),E,-2.331,1
-5.231,-7.393,1,P,243(E2),F,,
-4.966,-7.319,4,P,243(E2),G,-7.863,3
-3.272,-6.113,7,P,243(E2),H,-5.579,1
-2.032,-3.903,4,P,243(E2),I,-3.921,3
-5.495,-7.45,3,P,243(E2),K,-8,2
-3.365,-6.228,8,P,243(E2),L,-6.308,4
-4.146,-6.937,7,P,243(E2),M,-6.871,4
-5.659,-7.479,4,P,243(E2),N,-8,4
0,0,,P,243(E2),P,0,
-4.625,-7.193,8,P,243(E2),Q,-7.629,5
-4.049,-6.87,12,P,243(E2),R,-8,8
-5.491,-7.449,14,P,243(E2),S,-8,1
-4.214,-6.98,6,P,243(E2),T,-8,1
-2.072,-3.989,7,P,243(E2),V,-5.086,4
-4.585,-7.175,6,P,243(E2),W,-8,3
-4.134,-6.928,6,P,243(E2),Y,-7.192,4
-3.5,-6.382,2,R,244(E2),*,,
-2.517,-4.907,5,R,244(E2),A,-3.885,1
-4.295,-7.028,7,R,244(E2),C,-8,5
-4.206,-6.975,10,R,244(E2),D,-8,5
-3.854,-6.72,3,R,244(E2),E,-7.163,3
-3.783,-6.66,6,R,244(E2),F,-7.083,4
-4.639,-7.199,10,R,244(E2),G,-5.674,3
-4.22,-6.983,6,R,244(E2),H,-7.383,4
-4.759,-7.247,12,R,244(E2),I,-8,5
-3.888,-6.748,10,R,244(E2),K,-8,1
-3.57,-6.457,5,R,244(E2),L,-7.256,3
-5.04,-7.342,9,R,244(E2),M,-8,3
-4.509,-7.14,8,R,244(E2),N,-8,3
-4.396,-7.084,18,R,244(E2),P,-7.688,14
-5.837,-7.506,3,R,244(E2),Q,-8,2
0,0,,R,244(E2),R,0,
-3.969,-6.812,7,R,244(E2),S,-7.381,5
-5.455,-7.442,7,R,244(E2),T,-8,5
-4.32,-7.042,9,R,244(E2),V,-7.762,5
-4.885,-7.292,3,R,244(E2),W,-8,1
-5.249,-7.397,9,R,244(E2),Y,-8,6
0.07682,0.08995,5,N,245(E2),A,-0.04782,5
-0.3118,-0.416,5,N,245(E2),C,-1.396,1
-1.461,-2.618,5,N,245(E2),D,-2.958,1
-1.396,-2.472,1,N,245(E2),E,,
-0.5593,-0.8061,6,N,245(E2),F,-0.8593,1
-0.4235,-0.5854,3,N,245(E2),G,-1.538,2
-0.7382,-1.121,7,N,245(E2),H,-0.9565,2
-0.6098,-0.8922,10,N,245(E2),I,-0.8796,3
-0.817,-1.267,5,N,245(E2),K,-1.29,2
-1.316,-2.295,11,N,245(E2),L,-1.744,6
-0.826,-1.285,7,N,245(E2),M,-1.815,2
0,0,,N,245(E2),N,0,
0.8665,0.7667,5,N,245(E2),P,2.264,1
-1.295,-2.25,6,N,245(E2),Q,-2.717,3
-2.372,-4.622,4,N,245(E2),R,-5.053,2
-0.1499,-0.1896,3,N,245(E2),S,0.4699,1
1.446,1.045,2,N,245(E2),T,-0.812,1
0.8794,0.7746,9,N,245(E2),V,-0.1043,8
-1.494,-2.693,5,N,245(E2),W,-1.92,2
-0.9625,-1.551,11,N,245(E2),Y,-1.617,6
0,0,,A,246(E2),A,0,
-0.4142,-0.5709,8,A,246(E2),C,-0.7683,5
0.1366,0.1567,11,A,246(E2),D,-0.1473,6
-0.5937,-0.8646,4,A,246(E2),E,-0.7652,2
-1.439,-2.568,6,A,246(E2),F,-3.22,4
0.3188,0.3429,6,A,246(E2),G,0.05305,4
-0.1215,-0.1522,8,A,246(E2),H,-0.6122,3
-0.4423,-0.6151,7,A,246(E2),I,-2.58,1
-0.1398,-0.1763,9,A,246(E2),K,0.05719,7
-0.8736,-1.376,5,A,246(E2),L,-1.731,3
-0.4142,-0.5709,3,A,246(E2),M,-0.6095,1
1.233,0.959,10,A,246(E2),N,0.401,7
-1.17,-1.979,5,A,246(E2),P,-2.321,4
-0.7753,-1.189,4,A,246(E2),Q,-2.767,1
-0.7588,-1.159,3,A,246(E2),R,-1.43,3
1.012,0.8505,12,A,246(E2),S,1.116,6
1.137,0.9144,19,A,246(E2),T,-0.8675,3
-0.4326,-0.5997,27,A,246(E2),V,-0.4408,2
-0.5059,-0.7174,5,A,246(E2),W,-0.8029,2
-0.6998,-1.051,5,A,246(E2),Y,-1.353,1
-3.578,-6.465,4,E,247(E2),*,,
-1.118,-1.87,9,E,247(E2),A,-2.585,8
-1.65,-3.044,2,E,247(E2),C,-3.341,2
-1.579,-2.884,4,E,247(E2),D,-3.212,1
0,0,,E,247(E2),E,0,
-0.9901,-1.606,7,E,247(E2),F,-1.329,3
-1.398,-2.476,4,E,247(E2),G,-2.509,3
0.291,0.3161,1,E,247(E2),H,,
2.385,1.273,2,E,247(E2),I,,
-1.353,-2.377,16,E,247(E2),K,-2.431,7
-0.806,-1.247,6,E,247(E2),L,-1.852,4
-0.5102,-0.7244,3,E,247(E2),M,-2.936,1
-1.763,-3.3,11,E,247(E2),N,-3.93,8
-0.54,-0.7737,7,E,247(E2),P,-0.8749,4
-0.8409,-1.313,10,E,247(E2),Q,-2.072,5
-0.927,-1.48,10,E,247(E2),R,-1.938,6
-4.79,-7.259,3,E,247(E2),S,-8,1
-3.912,-6.767,9,E,247(E2),T,-7.193,5
-1.338,-2.344,6,E,247(E2),V,-2.744,1
-1.211,-2.067,2,E,247(E2),W,-2.372,1
-0.4575,-0.6391,8,E,247(E2),Y,-1.16,3
0.1003,0.1165,7,L,248(E2),A,-0.4808,5
-0.7898,-1.216,6,L,248(E2),C,-1.759,3
0.2153,0.2402,6,L,248(E2),D,-0.02574,5
0.2917,0.3168,5,L,248(E2),E,-0.3621,2
0.4968,0.5017,4,L,248(E2),F,0.04494,3
-0.4273,-0.5914,5,L,248(E2),G,0.2416,1
0.3118,0.3362,2,L,248(E2),H,0.2452,1
0.1907,0.2146,13,L,248(E2),I,0.5597,5
-3.523,-6.407,5,L,248(E2),K,-3.626,2
0,0,,L,248(E2),L,0,
-0.1385,-0.1746,13,L,248(E2),M,-0.4919,7
0.1252,0.1442,8,L,248(E2),N,0.738,4
-1.714,-3.19,8,L,248(E2),P,-2.795,2
-0.6673,-0.9927,5,L,248(E2),Q,-1.944,1
0.2576,0.2831,8,L,248(E2),R,0.381,4
0.5363,0.5339,5,L,248(E2),S,0.7346,2
0.5956,0.5805,7,L,248(E2),T,0.9944,5
0.03266,0.03883,9,L,248(E2),V,-0.4644,7
-0.5154,-0.733,5,L,248(E2),W,-0.8396,4
0.4294,0.4441,5,L,248(E2),Y,-0.4927,2
-0.3179,-0.425,4,G,249(E2),A,-0.7922,2
-2.637,-5.131,8,G,249(E2),C,-6.153,3
-1.752,-3.276,15,G,249(E2),D,-3.173,4
-0.9469,-1.52,3,G,249(E2),E,-2.616,1
-1.781,-3.34,10,G,249(E2),F,-4.04,5
0,0,,G,249(E2),G,0,
-1.273,-2.202,5,G,249(E2),H,-2.453,4
-1.498,-2.7,6,G,249(E2),I,-2.922,3
-4.12,-6.919,5,G,249(E2),K,-8,1
-1.258,-2.169,3,G,249(E2),L,-2.329,1
0.5684,0.5595,6,G,249(E2),M,-0.351,1
-1.27,-2.195,11,G,249(E2),N,-2.295,9
0.4373,0.451,6,G,249(E2),P,0.7848,2
-1.55,-2.817,3,G,249(E2),Q,-3.524,1
-1.978,-3.784,4,G,249(E2),R,-4.925,2
-1.328,-2.321,6,G,249(E2),S,-3.09,2
-1.217,-2.081,7,G,249(E2),T,-2.633,3
-1.644,-3.031,6,G,249(E2),V,-3.584,3
-1.662,-3.072,4,G,249(E2),W,-3.776,2
-2.027,-3.891,4,G,249(E2),Y,-4.331,2
-0.7297,-1.105,11,D,250(E2),A,-1.352,7
-1.003,-1.632,8,D,250(E2),C,-1.848,5
0,0,,D,250(E2),D,0,
0.9459,0.8137,4,D,250(E2),E,0.7565,3
-1.218,-2.083,4,D,250(E2),F,-2.41,4
-0.6969,-1.046,3,D,250(E2),G,0.1217,1
0.4499,0.462,6,D,250(E2),H,-3.771,3
-0.7162,-1.08,5,D,250(E2),I,-1.385,3
-2.265,-4.402,5,D,250(E2),K,-3.848,2
-0.9774,-1.581,7,D,250(E2),L,-1.383,2
0.1007,0.117,9,D,250(E2),N,0.1518,1
-1.619,-2.973,8,D,250(E2),P,-3.453,3
-0.4391,-0.6099,3,D,250(E2),Q,-0.0046,2
-1.843,-3.481,11,D,250(E2),R,-4.107,5
0.2061,0.2307,4,D,250(E2),S,-0.07285,2
-0.6952,-1.043,1,D,250(E2),T,-1.404,1
-1.054,-1.738,6,D,250(E2),V,-2.178,2
-0.8904,-1.409,2,D,250(E2),W,-1.615,1
-1.458,-2.61,8,D,250(E2),Y,-2.373,3
-0.6864,-1.027,1,R,251(E2),-,,
-0.8692,-1.367,6,R,251(E2),A,-2.922,3
-1.18,-2.002,15,R,251(E2),C,-2.292,10
-4.721,-7.232,7,R,251(E2),D,-8,3
-2.109,-4.071,8,R,251(E2),E,-4.384,4
-0.7837,-1.205,11,R,251(E2),F,-1.053,6
-2.468,-4.812,6,R,251(E2),G,-4.631,1
-1.291,-2.241,8,R,251(E2),H,-2.353,4
-1.108,-1.849,16,R,251(E2),I,-2.131,6
-0.4016,-0.5513,11,R,251(E2),K,-0.3733,5
2.844,1.329,7,R,251(E2),L,-0.02445,4
0.03232,0.03843,3,R,251(E2),M,,
-2.548,-4.966,6,R,251(E2),N,-5.11,3
-0.2887,-0.3823,10,R,251(E2),P,-0.1691,5
-1.452,-2.597,10,R,251(E2),Q,-2.662,8
0,0,,R,251(E2),R,0,
-1.042,-1.712,11,R,251(E2),S,-1.514,4
-1.581,-2.887,6,R,251(E2),T,-3.852,2
-0.7838,-1.205,10,R,251(E2),V,-0.8528,4
-2.187,-4.238,8,R,251(E2),W,-5.105,2
-1.29,-2.238,11,R,251(E2),Y,-3.12,6
-3.054,-5.815,3,K,252(E2),*,,
-0.4431,-0.6163,1,K,252(E2),-,,
-3.006,-5.744,11,K,252(E2),A,-6.584,7
-3.519,-6.403,8,K,252(E2),C,-7.25,3
-5.325,-7.415,4,K,252(E2),D,-8,1
-5.488,-7.449,5,K,252(E2),E,-8,1
-1.97,-3.765,4,K,252(E2),F,-5.314,1
-2.375,-4.627,9,K,252(E2),G,-5.282,7
-2.405,-4.688,6,K,252(E2),H,-4.71,4
-1.537,-2.789,11,K,252(E2),I,-3.692,5
0,0,,K,252(E2),K,0,
-1.695,-3.147,7,K,252(E2),L,-2.685,3
-1.154,-1.946,7,K,252(E2),M,-2.156,4
-2.857,-5.51,6,K,252(E2),N,-5.313,1
-0.2322,-0.3018,3,K,252(E2),P,,
-1.544,-2.805,10,K,252(E2),Q,-2.619,4
-0.1111,-0.1388,14,K,252(E2),R,-0.4711,4
-2.392,-4.662,9,K,252(E2),S,-4.87,5
-1.879,-3.561,7,K,252(E2),T,-4.146,3
-2.453,-4.784,4,K,252(E2),V,-5.156,3
-1.844,-3.483,6,K,252(E2),W,-3.84,4
-1.23,-2.108,4,K,252(E2),Y,-3.293,2
0.001551,0.001863,1,G,253(E2),-,,
-1.172,-1.985,10,G,253(E2),A,-2.58,5
-3.193,-6.01,6,G,253(E2),C,-4.527,2
-6.268,-7.554,37,G,253(E2),D,-8,7
-6.633,-7.582,8,G,253(E2),E,-8,5
-2.347,-4.571,5,G,253(E2),F,-6.149,2
0,0,,G,253(E2),G,0,
-5.296,-7.408,8,G,253(E2),H,-8,5
-4.198,-6.97,6,G,253(E2),I,-7.284,5
-4.191,-6.965,6,G,253(E2),K,-7.188,2
-3.142,-5.94,5,G,253(E2),L,-6.367,2
-2.769,-5.363,4,G,253(E2),M,-5.022,2
-3.744,-6.625,6,G,253(E2),N,-6.842,2
-4.799,-7.262,7,G,253(E2),P,-8,5
-3.858,-6.724,3,G,253(E2),Q,-8,1
-4.591,-7.178,11,G,253(E2),R,-8,6
-3.025,-5.772,9,G,253(E2),S,-6.172,5
-3.837,-6.706,2,G,253(E2),T,,
-2.823,-5.455,8,G,253(E2),V,-5.856,4
-5.113,-7.362,5,G,253(E2),W,-7.973,2
-4.414,-7.093,3,G,253(E2),Y,-8,3
-0.428,-0.5925,1,K,254(E2),-,,
-1.094,-1.82,6,K,254(E2),A,-2.555,4
-3.371,-6.235,5,K,254(E2),C,-6.837,2
-5.39,-7.429,8,K,254(E2),D,-8,4
-5.286,-7.406,2,K,254(E2),E,-8,1
-1.293,-2.246,4,K,254(E2),F,-1.927,1
-3.973,-6.814,9,K,254(E2),G,-6.581,4
-1.488,-2.679,7,K,254(E2),H,-2.963,4
-1.327,-2.32,7,K,254(E2),I,-2.189,5
0,0,,K,254(E2),K,0,
-0.6757,-1.008,6,K,254(E2),L,-1.681,1
-1.224,-2.096,2,K,254(E2),M,-1.629,1
-2.06,-3.965,8,K,254(E2),N,-4.348,4
-8.072,-7.631,7,K,254(E2),P,-8,5
-2,-3.831,2,K,254(E2),Q,-3.904,1
-0.8406,-1.312,11,K,254(E2),R,-0.05887,5
-1.554,-2.827,6,K,254(E2),S,-2.646,4
-1.101,-1.835,8,K,254(E2),T,-1.466,6
-0.1844,-0.2359,9,K,254(E2),V,-1.052,4
-1.575,-2.873,7,K,254(E2),W,-3.2,2
-0.8004,-1.236,7,K,254(E2),Y,-1.333,5
0.2531,0.2787,1,V,255(E2),-,,
-2.717,-5.273,9,V,255(E2),A,-5.575,4
-3.436,-6.311,7,V,255(E2),C,-6.691,4
-3.877,-6.74,10,V,255(E2),D,-6.599,3
-4.606,-7.185,5,V,255(E2),E,-8,1
-1.849,-3.494,7,V,255(E2),F,-3.505,4
-4.556,-7.162,7,V,255(E2),G,-7.767,6
-1.723,-3.209,3,V,255(E2),H,,
-0.5394,-0.7727,7,V,255(E2),I,-0.8441,5
-5.538,-7.458,6,V,255(E2),K,-8,5
-0.4265,-0.5901,13,V,255(E2),L,-1.7,5
-1.348,-2.367,13,V,255(E2),M,-2.551,7
-5.592,-7.468,4,V,255(E2),N,-8,2
-4.866,-7.286,10,V,255(E2),P,-8,8
-4.166,-6.949,9,V,255(E2),Q,-8,3
-5.17,-7.377,5,V,255(E2),R,-8,5
-5.705,-7.487,5,V,255(E2),S,-8,3
-2.96,-5.674,9,V,255(E2),T,-5.563,3
0,0,,V,255(E2),V,0,
-5.596,-7.469,10,V,255(E2),W,-8,7
-2.343,-4.563,7,V,255(E2),Y,-4.921,5
-0.3701,-0.5031,1,H,256(E2),-,,
-1.089,-1.81,7,H,256(E2),A,-1.452,2
-2.342,-4.561,6,H,256(E2),C,-4.632,3
-2.973,-5.693,4,H,256(E2),D,-5.991,1
-0.9258,-1.478,4,H,256(E2),E,-1.875,2
-0.8695,-1.368,4,H,256(E2),F,-1.64,2
-0.9262,-1.479,5,H,256(E2),G,-2.028,2
0,0,,H,256(E2),H,0,
-0.5639,-0.8138,8,H,256(E2),K,-1.288,5
-1.522,-2.754,4,H,256(E2),L,-3.869,1
-0.4243,-0.5868,4,H,256(E2),M,-1.396,2
-0.9977,-1.622,12,H,256(E2),N,-2.153,8
-0.5971,-0.8703,8,H,256(E2),P,-1.378,2
-0.8572,-1.344,12,H,256(E2),Q,-1.511,4
-1.085,-1.802,8,H,256(E2),R,-2.341,6
-0.01743,-0.02108,6,H,256(E2),S,-0.5227,3
-0.2144,-0.2771,6,H,256(E2),T,-0.3258,2
-1.653,-3.05,3,H,256(E2),V,-5.286,1
-0.4436,-0.6171,6,H,256(E2),W,-0.925,4
-0.4889,-0.6898,29,H,256(E2),Y,-1.164,10
-0.3382,-0.455,1,I,257(E2),-,,
-1.453,-2.6,10,I,257(E2),A,-3.187,4
-4.441,-7.107,6,I,257(E2),C,-6.475,3
-2.49,-4.854,3,I,257(E2),D,,
-4.334,-7.05,2,I,257(E2),E,-7.421,2
-4.346,-7.056,6,I,257(E2),F,-7.382,3
-2.432,-4.742,3,I,257(E2),G,-4.6,1
-4.947,-7.313,5,I,257(E2),H,-8,3
0,0,,I,257(E2),I,0,
-6.183,-7.546,8,I,257(E2),K,-8,6
-4.67,-7.212,9,I,257(E2),L,-7.764,4
-2.82,-5.449,5,I,257(E2),M,-5.681,2
-2.487,-4.85,3,I,257(E2),N,-6.099,2
-2.597,-5.056,5,I,257(E2),P,-5.101,3
-2.342,-4.561,3,I,257(E2),Q,-6.293,2
-5.879,-7.512,6,I,257(E2),R,-8,4
-1.151,-1.939,4,I,257(E2),S,-2.266,2
-1.826,-3.442,11,I,257(E2),T,-3.761,6
1.346,1.006,5,I,257(E2),V,0.6327,3
-5.722,-7.489,6,I,257(E2),W,-8,4
-4.651,-7.204,5,I,257(E2),Y,-8,1
-2.22,-4.309,2,P,258(E2),-,,
-2.18,-4.224,10,P,258(E2),A,-4.609,4
-6.475,-7.571,8,P,258(E2),C,-5.067,1
-5.557,-7.462,7,P,258(E2),D,-8,1
-3.186,-6,6,P,258(E2),E,-6.277,3
-3.497,-6.379,3,P,258(E2),F,-6.863,2
-4.545,-7.157,4,P,258(E2),G,-8,1
-4.465,-7.119,6,P,258(E2),H,-6.667,4
-5.321,-7.414,8,P,258(E2),I,-8,5
-4.258,-7.006,6,P,258(E2),K,-7.169,5
-4.72,-7.232,10,P,258(E2),L,-8,4
-5.62,-7.473,11,P,258(E2),M,-7.738,8
-5.208,-7.387,2,P,258(E2),N,-8,1
0,0,,P,258(E2),P,0,
-5.513,-7.454,9,P,258(E2),Q,-8,5
-5.907,-7.515,5,P,258(E2),R,-8,1
-4.134,-6.928,12,P,258(E2),S,-8,3
-4.238,-6.994,8,P,258(E2),T,-8,2
-5.776,-7.497,7,P,258(E2),V,-8,5
-4.236,-6.993,8,P,258(E2),W,-7.225,6
-5.452,-7.442,7,P,258(E2),Y,-8,2
-1.364,-2.402,2,F,259(E2),-,,
-5.963,-7.522,6,F,259(E2),A,-8,4
-4.707,-7.227,7,F,259(E2),C,-8,1
-5.789,-7.499,5,F,259(E2),D,-7.793,3
-5.075,-7.352,3,F,259(E2),E,-8,1
0,0,,F,259(E2),F,0,
-4.873,-7.288,9,F,259(E2),G,-7.937,6
-5.883,-7.512,4,F,259(E2),H,-8,3
-5.981,-7.524,10,F,259(E2),I,-8,3
-4.94,-7.311,6,F,259(E2),K,-7.982,4
-4.949,-7.314,9,F,259(E2),L,-7.941,3
-5.404,-7.432,10,F,259(E2),M,-8,6
-5.995,-7.526,6,F,259(E2),N,-8,4
-5.588,-7.467,3,F,259(E2),P,-8,2
-4.752,-7.244,4,F,259(E2),Q,-8,3
-6.103,-7.538,7,F,259(E2),R,-8,4
-4.915,-7.302,7,F,259(E2),S,-8,4
-5.396,-7.43,3,F,259(E2),T,-8,2
-4.17,-6.952,4,F,259(E2),V,-7.314,3
-0.9297,-1.486,5,F,259(E2),W,-1.538,4
-1.883,-3.57,2,F,259(E2),Y,-3.884,2
-2.307,-4.489,2,P,260(E2),-,,
-1.608,-2.949,5,P,260(E2),A,-4.407,2
-5.789,-7.499,3,P,260(E2),C,-8,3
-3.165,-5.972,8,P,260(E2),D,-5.693,5
-2.197,-4.258,2,P,260(E2),E,-4.587,2
-2.498,-4.871,9,P,260(E2),F,-5.217,7
-1.661,-3.069,6,P,260(E2),G,-3.239,4
-1.858,-3.514,6,P,260(E2),H,-4.553,2
-1.5,-2.705,7,P,260(E2),I,-3.32,2
-2.732,-5.3,7,P,260(E2),K,-6.457,5
-2.962,-5.676,8,P,260(E2),L,-5.087,2
-2.51,-4.893,11,P,260(E2),M,-5.777,1
-1.659,-3.064,3,P,260(E2),N,-3.59,2
0,0,,P,260(E2),P,0,
-1.608,-2.948,11,P,260(E2),Q,-3.296,6
-2.038,-3.915,13,P,260(E2),R,-4.329,10
-1.899,-3.606,9,P,260(E2),S,-4.694,1
-1.427,-2.541,6,P,260(E2),T,-5.388,2
-1.625,-2.986,5,P,260(E2),V,-3.139,4
-4.565,-7.166,8,P,260(E2),W,-7.87,6
-2.04,-3.921,7,P,260(E2),Y,-4.242,4
0.2458,0.2714,1,L,261(E2),-,,
-5.313,-7.412,4,L,261(E2),A,-8,3
-4.757,-7.246,10,L,261(E2),C,-8,6
-2.979,-5.703,6,L,261(E2),D,-6.174,2
-5.687,-7.484,7,L,261(E2),E,-8,3
-4.049,-6.87,5,L,261(E2),F,-7.22,2
-1.389,-2.457,5,L,261(E2),G,-1.781,1
-3.527,-6.411,6,L,261(E2),H,-6.853,4
-0.6397,-0.9442,3,L,261(E2),I,-2.09,2
-4.882,-7.292,4,L,261(E2),K,-8,1
0,0,,L,261(E2),L,0,
0.3789,0.399,17,L,261(E2),M,-0.3546,6
-5.082,-7.354,9,L,261(E2),N,-8,6
-4.954,-7.315,12,L,261(E2),P,-8,7
-5.115,-7.363,6,L,261(E2),Q,-8,3
-4.781,-7.256,12,L,261(E2),R,-8,8
-4.949,-7.314,4,L,261(E2),S,-8,4
-1.97,-3.765,4,L,261(E2),T,-3.692,2
-0.8104,-1.255,7,L,261(E2),V,-1.275,5
-5.495,-7.45,8,L,261(E2),W,-8,6
-6.166,-7.545,7,L,261(E2),Y,-8,6
0.1078,0.1249,1,A,262(E2),-,,
0,0,,A,262(E2),A,0,
-1.268,-2.191,10,A,262(E2),C,-2.403,7
-0.5701,-0.8244,6,A,262(E2),D,-0.9598,3
-0.3319,-0.4457,4,A,262(E2),E,0.231,2
-1.512,-2.732,6,A,262(E2),F,-2.608,3
-1.289,-2.237,4,A,262(E2),G,-2.582,2
-0.2138,-0.2763,7,A,262(E2),H,-1.169,5
-0.1818,-0.2324,8,A,262(E2),I,-0.4808,5
-0.4778,-0.6717,4,A,262(E2),K,,
-0.9126,-1.452,6,A,262(E2),L,-1.587,2
0.2417,0.2671,5,A,262(E2),M,-1.818,1
-0.6531,-0.9678,6,A,262(E2),N,-1.017,4
-5.979,-7.524,8,A,262(E2),P,-8,4
-0.1537,-0.1946,4,A,262(E2),Q,-0.5295,2
-0.6899,-1.033,6,A,262(E2),R,-1.752,2
-0.3788,-0.5163,3,A,262(E2),S,,
-0.1014,-0.1262,53,A,262(E2),T,-0.5644,11
0.7295,0.6779,17,A,262(E2),V,0.9759,2
-0.9444,-1.515,14,A,262(E2),W,-2.147,6
-3.843,-6.712,2,A,262(E2),Y,,
-0.06527,-0.08024,7,N,263(E2),A,-0.2726,4
-5.589,-7.467,4,N,263(E2),C,-8,2
-0.1678,-0.2135,6,N,263(E2),D,-0.4868,4
3.29,1.364,1,N,263(E2),E,1.52,1
-2.869,-5.531,5,N,263(E2),F,-7.315,2
-0.5168,-0.7354,6,N,263(E2),G,-0.8099,4
0.3257,0.3495,11,N,263(E2),H,-0.01407,7
-0.4065,-0.559,6,N,263(E2),I,-0.6445,2
-1.008,-1.643,9,N,263(E2),K,-1.253,3
-0.7679,-1.175,8,N,263(E2),L,-1.602,3
0.7664,0.7028,5,N,263(E2),M,0.4835,5
0,0,,N,263(E2),N,0,
0.1212,0.1397,3,N,263(E2),P,-0.05008,3
-0.7022,-1.055,3,N,263(E2),Q,-1.448,2
-1.897,-3.602,5,N,263(E2),R,-3.236,2
0.2756,0.301,12,N,263(E2),S,0.1824,5
0.2252,0.2504,6,N,263(E2),T,-0.1319,5
-0.2762,-0.3642,5,N,263(E2),V,-0.663,4
-2.619,-5.097,5,N,263(E2),W,-4.883,1
-0.8914,-1.411,8,N,263(E2),Y,-2.125,4
-0.1103,-0.1377,1,V,264(E2),-,,
-1.225,-2.098,4,V,264(E2),A,-1.994,3
-1.256,-2.165,9,V,264(E2),C,-2.29,3
-1.933,-3.684,11,V,264(E2),D,-3.338,5
-1.28,-2.217,8,V,264(E2),E,-2.97,4
-0.9982,-1.623,2,V,264(E2),F,-2.344,1
-2.035,-3.91,2,V,264(E2),G,-5.625,2
-1.402,-2.485,4,V,264(E2),H,-2.642,3
-0.765,-1.17,7,V,264(E2),I,-1.811,4
-0.9425,-1.511,2,V,264(E2),K,-1.957,1
-0.4584,-0.6407,7,V,264(E2),L,-3.172,3
-1.523,-2.756,18,V,264(E2),M,-2.207,3
-2.314,-4.503,2,V,264(E2),N,-5.383,2
-3.783,-6.66,5,V,264(E2),P,-7.005,4
-0.8428,-1.317,8,V,264(E2),Q,-1.668,6
-1.53,-2.774,5,V,264(E2),R,-2.979,4
-1.163,-1.965,6,V,264(E2),S,-2.308,5
-0.1474,-0.1863,4,V,264(E2),T,0.5932,2
0,0,,V,264(E2),V,0,
0.4381,0.4517,5,V,264(E2),W,-1.985,2
-0.3197,-0.4277,4,V,264(E2),Y,-0.3441,2
-1.809,-3.404,2,T,265(E2),-,,
-0.6693,-0.9964,6,T,265(E2),A,-1.326,2
-0.03593,-0.04373,3,T,265(E2),C,-0.7431,2
-0.9677,-1.561,7,T,265(E2),D,-1.841,2
-0.3833,-0.5232,7,T,265(E2),E,-1.06,5
0.2817,0.307,7,T,265(E2),F,0.8288,3
-1.93,-3.677,4,T,265(E2),G,-3.952,3
0.6038,0.5868,5,T,265(E2),H,-0.0478,2
-0.9499,-1.526,13,T,265(E2),I,-0.9092,3
-0.6732,-1.003,9,T,265(E2),K,-1.445,4
0.01124,0.01346,4,T,265(E2),L,0.1352,2
1.925,1.186,9,T,265(E2),M,0.3698,6
-0.7899,-1.216,9,T,265(E2),N,-1.614,2
-4.016,-6.847,5,T,265(E2),P,-7.16,3
-0.2117,-0.2733,7,T,265(E2),Q,-0.7166,2
-1.239,-2.127,5,T,265(E2),R,-2.41,5
-0.2345,-0.3051,4,T,265(E2),S,-0.7695,3
0,0,,T,265(E2),T,0,
-0.5217,-0.7434,9,T,265(E2),V,-1.012,5
0.3583,0.38,10,T,265(E2),W,0.4428,5
0.004253,0.005106,7,T,265(E2),Y,0.2425,3
-3.749,-6.63,3,C,266(E2),*,,
-4.015,-6.846,2,C,266(E2),-,,
-3.92,-6.773,8,C,266(E2),A,-6.817,5
0,0,,C,266(E2),C,0,
-4.513,-7.142,5,C,266(E2),D,-7.829,4
-3.987,-6.825,4,C,266(E2),E,-8,1
-5.844,-7.507,13,C,266(E2),F,-8,5
-7.496,-7.619,10,C,266(E2),G,-8,1
-3.518,-6.401,7,C,266(E2),H,-6.125,3
-4.87,-7.287,7,C,266(E2),I,-8,1
-4.034,-6.86,7,C,266(E2),K,-6.639,4
-6.694,-7.586,7,C,266(E2),L,-8,4
-4.883,-7.292,6,C,266(E2),M,-7.462,3
-5.931,-7.518,8,C,266(E2),N,-8,4
-5.348,-7.42,4,C,266(E2),P,-8,1
-5.48,-7.447,4,C,266(E2),Q,-8,2
-4.531,-7.15,7,C,266(E2),R,-8,3
-4.876,-7.29,6,C,266(E2),S,-8,4
-5.787,-7.499,5,C,266(E2),T,-8,3
-5.525,-7.456,7,C,266(E2),V,-8,3
-6.041,-7.531,12,C,266(E2),W,-8,9
-7.355,-7.615,88,C,266(E2),Y,-8,13
-0.9725,-1.571,2,R,267(E2),-,,
-1.984,-3.796,5,R,267(E2),A,-8,3
-0.8896,-1.407,8,R,267(E2),C,-0.7848,1
-2.531,-4.934,3,R,267(E2),D,-5.685,2
-2.572,-5.011,2,R,267(E2),E,-5.331,2
-0.9623,-1.55,5,R,267(E2),F,-2.576,1
-2.686,-5.218,12,R,267(E2),G,-5.579,4
-1.041,-1.71,2,R,267(E2),H,-1.637,1
-1.53,-2.773,11,R,267(E2),I,-3.167,4
-0.6605,-0.9807,7,R,267(E2),K,-1.398,3
0.8379,0.749,5,R,267(E2),L,-0.1157,3
0.02827,0.03366,9,R,267(E2),M,-0.6147,6
-1.651,-3.047,7,R,267(E2),N,-3.789,4
-2.448,-4.773,3,R,267(E2),P,-5.45,2
-2.077,-4.001,1,R,267(E2),Q,,
0,0,,R,267(E2),R,0,
-1.379,-2.434,9,R,267(E2),S,-2.604,6
1.055,0.873,3,R,267(E2),T,-0.8261,1
-0.7991,-1.234,3,R,267(E2),V,-1.418,1
-0.8526,-1.335,9,R,267(E2),W,-1.565,5
-0.1615,-0.2051,9,R,267(E2),Y,-0.8005,4
0.3493,0.3717,1,V,268(E2),-,,
-1.909,-3.629,5,V,268(E2),A,-3.769,2
-4.074,-6.888,5,V,268(E2),C,-7.518,4
-4.24,-6.996,4,V,268(E2),D,-8,2
-5.148,-7.372,7,V,268(E2),E,-7.291,1
-4.402,-7.087,4,V,268(E2),F,-8,3
-5.199,-7.385,1,V,268(E2),G,-8,1
-0.9456,-1.517,2,V,268(E2),H,,
-1.397,-2.475,7,V,268(E2),I,-2.634,5
-4.311,-7.037,9,V,268(E2),K,-8,4
-2.055,-3.953,6,V,268(E2),L,-4.294,2
-5.39,-7.429,16,V,268(E2),M,-8,6
-5.027,-7.338,6,V,268(E2),N,-8,3
-4.401,-7.086,6,V,268(E2),P,-7.377,3
-5.059,-7.347,3,V,268(E2),Q,-8,1
-6.06,-7.534,6,V,268(E2),R,-8,2
-5.474,-7.446,7,V,268(E2),S,-8,1
-4.415,-7.093,8,V,268(E2),T,-8,5
0,0,,V,268(E2),V,0,
-5.085,-7.354,4,V,268(E2),W,-7.541,2
-5.619,-7.473,4,V,268(E2),Y,-8,1
-1.625,-2.988,1,P,269(E2),-,,
-5.468,-7.445,4,P,269(E2),A,-8,2
-3.413,-6.285,4,P,269(E2),C,-6.351,2
-5.495,-7.45,4,P,269(E2),D,-8,2
-4.422,-7.097,7,P,269(E2),E,-8,2
-5.535,-7.458,3,P,269(E2),F,-8,2
-2.375,-4.627,2,P,269(E2),G,,
-2.946,-5.652,7,P,269(E2),H,-5.508,3
-5.59,-7.468,4,P,269(E2),I,-8,3
-5.97,-7.523,4,P,269(E2),K,-8,4
-4.143,-6.934,9,P,269(E2),L,-7.503,7
-6.111,-7.539,10,P,269(E2),M,-8,5
-3.609,-6.495,6,P,269(E2),N,,
0,0,,P,269(E2),P,0,
-4.005,-6.838,4,P,269(E2),Q,-5.918,2
-4.305,-7.033,2,P,269(E2),R,-7.385,2
-1.059,-1.748,20,P,269(E2),S,-2.332,4
-1.504,-2.714,6,P,269(E2),T,-2.503,3
-4.863,-7.285,4,P,269(E2),V,-6.356,2
-4.103,-6.908,4,P,269(E2),W,-7.236,3
-4.899,-7.297,3,P,269(E2),Y,-7.663,2
-0.4317,-0.5984,1,K,270(E2),-,,
-0.9861,-1.598,6,K,270(E2),A,-1.315,4
0.1948,0.219,7,K,270(E2),C,-1.983,2
-4.398,-7.085,8,K,270(E2),D,-7.743,3
-0.2267,-0.2942,7,K,270(E2),E,-1.55,4
2.118,1.228,6,K,270(E2),F,0.7022,4
-3.235,-6.065,6,K,270(E2),G,-5.655,2
-0.9672,-1.56,7,K,270(E2),H,-2.106,5
2.509,1.291,10,K,270(E2),I,0.6139,4
0,0,,K,270(E2),K,0,
0.856,0.7603,4,K,270(E2),L,0.5026,4
2.301,1.26,5,K,270(E2),M,1.431,2
-0.7399,-1.124,11,K,270(E2),N,-0.08065,2
-4.066,-6.882,7,K,270(E2),P,-7.146,4
0.05648,0.0666,6,K,270(E2),Q,-0.4534,4
-0.2634,-0.346,9,K,270(E2),R,-1.426,3
-1.1,-1.832,6,K,270(E2),S,-2.151,4
0.1485,0.1697,7,K,270(E2),T,0.3255,4
-0.6832,-1.021,6,K,270(E2),W,-1.325,4
1.348,1.007,11,K,270(E2),Y,1.2,6
-0.9168,-1.46,1,A,271(E2),-,,
0,0,,A,271(E2),A,0,
-4.42,-7.096,4,A,271(E2),C,-8,3
-5.92,-7.517,9,A,271(E2),D,,
-5.18,-7.38,3,A,271(E2),E,,
-4.747,-7.243,8,A,271(E2),F,-8,7
-2.599,-5.06,1,A,271(E2),G,,
-5.832,-7.505,4,A,271(E2),H,-8,4
-4.61,-7.186,3,A,271(E2),I,-8,1
-5.819,-7.504,7,A,271(E2),K,-8,3
-5.972,-7.523,6,A,271(E2),L,-8,3
-5.208,-7.387,1,A,271(E2),M,-8,1
-4.159,-6.945,8,A,271(E2),N,-5.308,2
-6.34,-7.561,12,A,271(E2),P,-8,7
-4.8,-7.262,8,A,271(E2),Q,-8,5
-5.194,-7.384,5,A,271(E2),R,-8,4
-1.983,-3.795,6,A,271(E2),S,-2.795,1
-4.074,-6.888,17,A,271(E2),T,-8,5
-1.927,-3.669,8,A,271(E2),V,-3.271,2
-4.452,-7.112,7,A,271(E2),W,-8,3
-6.203,-7.548,8,A,271(E2),Y,-7.511,4
-4.655,-7.206,5,R,272(E2),*,,
0.07082,0.08309,1,R,272(E2),-,,
-1.784,-3.349,7,R,272(E2),A,-3.721,5
-3.584,-6.47,6,R,272(E2),C,-4.988,2
-2.281,-4.436,8,R,272(E2),D,-4.596,4
-1.887,-3.581,10,R,272(E2),E,-4.082,4
-2.393,-4.663,6,R,272(E2),F,-5.467,3
-2.214,-4.294,11,R,272(E2),G,-3.638,5
-1.84,-3.474,4,R,272(E2),H,-4.066,2
-1.288,-2.234,6,R,272(E2),I,-2.279,2
-1.313,-2.29,11,R,272(E2),K,-2.526,3
-2.053,-3.948,6,R,272(E2),L,-3.467,3
-1.69,-3.136,5,R,272(E2),M,-3.939,2
-1.486,-2.673,10,R,272(E2),N,-3.736,4
-1.717,-3.195,10,R,272(E2),P,-3.338,6
-1.685,-3.123,5,R,272(E2),Q,-3.514,2
0,0,,R,272(E2),R,0,
-1.727,-3.219,9,R,272(E2),S,-3.486,4
-2.087,-4.023,6,R,272(E2),T,-4.767,2
-1.957,-3.736,14,R,272(E2),V,-3.624,8
-5.413,-7.434,6,R,272(E2),W,-7.983,4
-2.233,-4.336,4,R,272(E2),Y,-4.662,2
-0.9573,-1.541,1,N,273(E2),*,,
-0.6355,-0.9368,1,N,273(E2),-,,
-0.7385,-1.121,8,N,273(E2),A,-1.438,6
-0.2129,-0.275,7,N,273(E2),C,-1.003,3
-0.2903,-0.3846,7,N,273(E2),D,-0.4365,4
-0.1617,-0.2054,4,N,273(E2),E,-1.133,3
-1.084,-1.799,6,N,273(E2),F,-2.008,2
-1.535,-2.784,2,N,273(E2),G,-3.01,2
-1.267,-2.189,3,N,273(E2),H,-2.929,2
0.5059,0.5092,6,N,273(E2),I,0.595,4
-1.732,-3.23,8,N,273(E2),K,-3.297,4
1.187,0.9382,6,N,273(E2),L,0.1472,3
-0.1185,-0.1483,4,N,273(E2),M,-0.4933,3
0,0,,N,273(E2),N,0,
-0.7271,-1.1,13,N,273(E2),P,-1.78,6
-0.4429,-0.6159,4,N,273(E2),Q,,
-4.643,-7.201,4,N,273(E2),R,-8,1
-0.8829,-1.394,10,N,273(E2),S,-2.142,4
-1.036,-1.701,5,N,273(E2),T,-2.105,5
-0.1207,-0.1511,4,N,273(E2),V,-1.932,2
-1.504,-2.714,3,N,273(E2),W,-4.944,2
-0.3358,-0.4515,5,N,273(E2),Y,-1.886,2
-0.491,-0.6931,1,P,274(E2),-,,
-2.484,-4.844,3,P,274(E2),A,-5.162,3
-5.754,-7.494,10,P,274(E2),C,-8,7
-4.04,-6.864,8,P,274(E2),D,-7.25,5
-4.525,-7.148,9,P,274(E2),E,-7.537,6
-2.842,-5.486,4,P,274(E2),F,-5.539,3
-2.841,-5.483,5,P,274(E2),G,-5.678,4
-6.149,-7.543,11,P,274(E2),H,-8,4
-1.972,-3.77,6,P,274(E2),I,-4.321,3
-4.037,-6.862,3,P,274(E2),K,-6.758,2
-2.277,-4.428,5,P,274(E2),L,,
-2.525,-4.922,7,P,274(E2),M,-5.04,3
-3.662,-6.548,5,P,274(E2),N,-6.896,4
0,0,,P,274(E2),P,0,
-5.039,-7.341,3,P,274(E2),Q,-8,3
-3.183,-5.997,6,P,274(E2),R,-6.118,3
-5.289,-7.407,20,P,274(E2),S,-8,5
-5.639,-7.476,12,P,274(E2),T,-8,3
-3.469,-6.348,5,P,274(E2),V,-6.617,2
-2.043,-3.927,6,P,274(E2),W,-4.33,5
-0.4102,-0.5647,3,P,274(E2),Y,,
-0.756,-1.153,1,T,275(E2),-,,
-1.796,-3.374,9,T,275(E2),A,-3.046,2
-1.766,-3.306,3,T,275(E2),C,-3.506,1
-1.543,-2.801,12,T,275(E2),D,-2.857,4
-1.463,-2.621,4,T,275(E2),E,-2.618,1
0.1856,0.2093,3,T,275(E2),F,-0.2849,2
-1.871,-3.545,7,T,275(E2),G,-3.187,3
-1.737,-3.242,4,T,275(E2),H,-4.332,1
-1.564,-2.848,6,T,275(E2),I,-3.187,3
-1.131,-1.898,2,T,275(E2),K,-2.69,1
-1.851,-3.5,4,T,275(E2),L,-4.067,1
-1.914,-3.64,5,T,275(E2),M,-3.787,4
-0.9077,-1.442,7,T,275(E2),N,-2.054,2
-4.234,-6.992,4,T,275(E2),P,-6.726,2
-1.541,-2.797,5,T,275(E2),Q,-2.981,3
-1.601,-2.934,6,T,275(E2),R,-3.493,5
-1.245,-2.14,9,T,275(E2),S,-2.57,6
0,0,,T,275(E2),T,0,
-1.269,-2.193,8,T,275(E2),V,-1.948,3
-0.4154,-0.5728,10,T,275(E2),W,-0.9487,4
1.826,1.162,6,T,275(E2),Y,1.695,2
-0.7567,-1.155,1,V,276(E2),-,,
-3.936,-6.786,4,V,276(E2),A,-7.163,2
-2.963,-5.678,5,V,276(E2),C,-4.21,2
-5.132,-7.367,2,V,276(E2),D,-7.141,1
-5.002,-7.33,6,V,276(E2),E,-8,4
-0.1888,-0.242,5,V,276(E2),F,-0.4917,3
-5.4,-7.431,10,V,276(E2),G,-8,6
-3.615,-6.502,4,V,276(E2),H,-6.79,2
1.154,0.9223,3,V,276(E2),I,0.756,1
-4.499,-7.135,4,V,276(E2),K,-8,1
-0.3512,-0.4745,9,V,276(E2),L,-0.02308,4
-1.173,-1.987,13,V,276(E2),M,-2.444,3
-3.202,-6.021,6,V,276(E2),N,-6.219,3
-5.359,-7.422,6,V,276(E2),P,-8,3
-2.321,-4.518,6,V,276(E2),Q,-4.455,3
-5.808,-7.502,4,V,276(E2),R,-8,3
-5.024,-7.337,2,V,276(E2),S,,
-0.9393,-1.505,4,V,276(E2),T,-0.9709,2
0,0,,V,276(E2),V,0,
-4.329,-7.047,9,V,276(E2),W,-7.57,4
-3.316,-6.169,5,V,276(E2),Y,-5.531,3
0.2364,0.2618,1,T,277(E2),-,,
-0.8348,-1.301,10,T,277(E2),A,-0.8979,4
-2.784,-5.389,7,T,277(E2),C,-5.304,4
-1.232,-2.112,8,T,277(E2),D,-1.543,4
-0.8223,-1.278,4,T,277(E2),E,-1.52,2
-2.366,-4.609,3,T,277(E2),F,-4.857,1
-1.866,-3.533,5,T,277(E2),G,-3.415,3
-1.726,-3.217,7,T,277(E2),H,-3.249,4
-1.567,-2.856,14,T,277(E2),I,,
-2.209,-4.286,8,T,277(E2),K,-3.275,2
-1.907,-3.624,7,T,277(E2),L,-3.662,3
-1.082,-1.795,3,T,277(E2),M,-2.179,3
-0.3185,-0.4258,11,T,277(E2),N,-0.6249,4
-5.349,-7.42,9,T,277(E2),P,-8,5
-0.86,-1.35,3,T,277(E2),Q,-1.538,3
-1.058,-1.746,7,T,277(E2),R,-1.565,4
-0.1532,-0.194,5,T,277(E2),S,0.02513,3
0,0,,T,277(E2),T,0,
-1.264,-2.182,10,T,277(E2),V,-2.558,7
-1.943,-3.705,4,T,277(E2),W,-4.021,1
-1.171,-1.982,9,T,277(E2),Y,-2.153,6
-3.879,-6.741,2,Y,278(E2),*,-8,1
-0.5409,-0.7753,1,Y,278(E2),-,,
-4.598,-7.181,5,Y,278(E2),A,-7.233,2
-4.105,-6.909,6,Y,278(E2),C,-6.506,4
-4.497,-7.134,4,Y,278(E2),D,-7.32,1
-4.554,-7.161,3,Y,278(E2),E,-7.709,1
-0.4993,-0.7066,8,Y,278(E2),F,-1.215,4
-0.289,-0.3828,3,Y,278(E2),G,,
-3.655,-6.541,15,Y,278(E2),H,-7.361,4
-4.439,-7.106,7,Y,278(E2),I,-8,3
-4.062,-6.88,5,Y,278(E2),K,-7.159,2
-2.105,-4.061,4,Y,278(E2),L,-4.312,2
-2.042,-3.925,5,Y,278(E2),M,-4.28,4
-3.257,-6.094,7,Y,278(E2),N,-6.168,5
-2.862,-5.519,10,Y,278(E2),P,-5.404,4
-2.216,-4.299,1,Y,278(E2),Q,-4.641,1
-5.215,-7.389,5,Y,278(E2),R,-8,5
-3.365,-6.228,7,Y,278(E2),S,-7.231,4
-4.181,-6.959,6,Y,278(E2),V,-7.344,3
-3.414,-6.286,8,Y,278(E2),W,-5.158,4
0,0,,Y,278(E2),Y,0,
-0.09756,-0.1213,5,G,279(E2),A,-0.3888,4
-1.506,-2.718,6,G,279(E2),C,-2.852,4
-0.6943,-1.041,17,G,279(E2),D,-1.817,6
-0.6632,-0.9855,5,G,279(E2),E,-2.027,1
-1.66,-3.066,9,G,279(E2),F,-3.378,7
0,0,,G,279(E2),G,0,
-1.793,-3.367,7,G,279(E2),H,-3.584,5
-1.499,-2.703,10,G,279(E2),I,-3.264,4
-0.3034,-0.4037,8,G,279(E2),K,-1.275,5
-0.9596,-1.545,5,G,279(E2),L,-2.526,1
-1.01,-1.647,7,G,279(E2),M,-2.163,6
-0.8381,-1.308,4,G,279(E2),N,-1.631,3
-5.737,-7.492,8,G,279(E2),P,-8,6
-0.1142,-0.1427,7,G,279(E2),Q,-0.7316,4
-1.067,-1.763,3,G,279(E2),R,-2.079,1
-1.087,-1.805,6,G,279(E2),S,-2.382,3
-0.4997,-0.7073,9,G,279(E2),T,-2.268,2
-1.24,-2.131,13,G,279(E2),V,-2.155,7
-1.612,-2.958,6,G,279(E2),W,-2.896,3
-0.7282,-1.102,3,G,279(E2),Y,-0.8979,2
-0.4623,-0.6468,6,K,280(E2),A,-1.086,2
-3.469,-6.348,5,K,280(E2),C,-6.694,4
-1.94,-3.7,4,K,280(E2),D,-3.59,3
-0.9859,-1.598,12,K,280(E2),E,-2.182,7
-1.165,-1.968,6,K,280(E2),F,-1.405,2
-2.492,-4.859,5,K,280(E2),G,-5.473,5
-0.4215,-0.5823,9,K,280(E2),H,-1.494,4
-0.3255,-0.4362,6,K,280(E2),I,,
0,0,,K,280(E2),K,0,
-0.7587,-1.158,5,K,280(E2),L,-0.4101,3
-0.5142,-0.731,5,K,280(E2),M,-0.7028,5
-1.185,-2.013,12,K,280(E2),N,-4.449,2
0.5448,0.5407,11,K,280(E2),P,0.4158,7
-0.4229,-0.5844,6,K,280(E2),Q,-1.471,3
-0.1823,-0.2331,7,K,280(E2),R,0.6503,2
-1.13,-1.895,7,K,280(E2),S,-2.408,2
-1.032,-1.691,9,K,280(E2),T,,
-0.542,-0.7771,9,K,280(E2),V,-1.396,4
-0.07138,-0.08793,6,K,280(E2),W,-0.2791,4
-0.3334,-0.4479,5,K,280(E2),Y,-0.6699,4
-0.5684,-0.8215,10,N,281(E2),A,-0.889,2
-1.569,-2.861,5,N,281(E2),C,-3.025,1
-1.454,-2.602,5,N,281(E2),D,-0.8863,1
-1.36,-2.393,6,N,281(E2),E,-0.3542,3
-0.8971,-1.422,10,N,281(E2),F,-1.483,6
1.576,1.089,6,N,281(E2),G,0.09865,2
-0.3041,-0.4047,3,N,281(E2),H,-0.7258,2
-2.831,-5.467,5,N,281(E2),I,-6.938,2
-0.6367,-0.9389,5,N,281(E2),K,-0.4971,1
-2.635,-5.127,3,N,281(E2),L,-4.98,3
-0.8444,-1.32,6,N,281(E2),M,-1.884,3
0,0,,N,281(E2),N,0,
-4.644,-7.201,9,N,281(E2),P,-8,5
-0.1599,-0.2029,5,N,281(E2),Q,0.02407,3
-0.4082,-0.5616,5,N,281(E2),R,,
-0.05106,-0.06247,7,N,281(E2),S,-0.6507,4
-1.627,-2.993,4,N,281(E2),T,-2.152,2
-5.066,-7.349,8,N,281(E2),V,-8,5
-1.619,-2.973,6,N,281(E2),W,-3.026,4
-0.3228,-0.4322,10,N,281(E2),Y,-0.54,6
-3.958,-6.803,4,Q,282(E2),*,,
-0.2792,-0.3686,3,Q,282(E2),A,-0.8017,3
-1.102,-1.835,6,Q,282(E2),C,-1.449,4
-1.858,-3.514,6,Q,282(E2),D,-3.578,1
-2.002,-3.835,9,Q,282(E2),E,-3.224,2
-1.246,-2.144,10,Q,282(E2),F,-2.381,5
-2.479,-4.833,9,Q,282(E2),G,-4.986,4
-1.883,-3.572,8,Q,282(E2),H,-4.442,2
-0.5731,-0.8293,9,Q,282(E2),I,-0.968,2
-0.6733,-1.003,13,Q,282(E2),K,-0.691,5
0.3934,0.4121,9,Q,282(E2),L,0.4199,5
-0.0515,-0.06302,8,Q,282(E2),M,-0.2988,4
-1.899,-3.607,10,Q,282(E2),N,-4.106,9
-4.772,-7.252,5,Q,282(E2),P,-8,3
0,0,,Q,282(E2),Q,0,
-0.59,-0.8582,17,Q,282(E2),R,-1.796,7
-0.3678,-0.4996,7,Q,282(E2),S,-0.2595,4
0.7112,0.6652,5,Q,282(E2),T,0.2329,2
1.056,0.8738,3,Q,282(E2),V,-0.8528,2
-2.74,-5.313,8,Q,282(E2),W,-5.522,6
-1.06,-1.75,5,Q,282(E2),Y,-1.669,3
-3.966,-6.809,7,V,283(E2),A,-7.064,3
-5.651,-7.478,7,V,283(E2),C,-8,4
-3.889,-6.749,12,V,283(E2),D,-7.405,5
-5.493,-7.45,4,V,283(E2),E,-8,2
-3.992,-6.829,6,V,283(E2),F,-7.167,4
-3.979,-6.819,7,V,283(E2),G,-5.195,3
-3.366,-6.229,7,V,283(E2),H,-8,3
-1.066,-1.762,9,V,283(E2),I,-2.108,8
-4.244,-6.998,2,V,283(E2),K,,
-0.8095,-1.253,9,V,283(E2),L,-1.271,2
-2.438,-4.754,6,V,283(E2),M,-5.069,1
-4.04,-6.864,7,V,283(E2),N,-7.366,2
-6.224,-7.55,13,V,283(E2),P,-8,6
-4.389,-7.08,7,V,283(E2),Q,-7.042,2
-5.667,-7.481,3,V,283(E2),R,-8,1
-5.62,-7.473,4,V,283(E2),S,-8,2
-5.915,-7.516,6,V,283(E2),T,-8,4
0,0,,V,283(E2),V,0,
-5.388,-7.429,7,V,283(E2),W,-8,4
-5.276,-7.404,10,V,283(E2),Y,-8,8
-1.186,-2.013,2,I,284(E2),A,,
-1.154,-1.945,6,I,284(E2),C,-1.746,3
-2.574,-5.015,4,I,284(E2),D,-5.347,1
-2.22,-4.309,5,I,284(E2),E,-4.487,4
-0.4709,-0.6606,3,I,284(E2),F,-1.087,2
-4.197,-6.969,5,I,284(E2),G,-6.003,4
-1.512,-2.732,3,I,284(E2),H,-3.162,2
0,0,,I,284(E2),I,0,
-0.7408,-1.125,4,I,284(E2),K,-0.8929,2
-0.5218,-0.7436,10,I,284(E2),L,-0.3693,4
-0.9607,-1.547,8,I,284(E2),M,-1.667,4
-0.1402,-0.1768,9,I,284(E2),N,-0.3773,5
-5.675,-7.482,8,I,284(E2),P,-8,3
-1.496,-2.696,7,I,284(E2),Q,-2.501,2
-0.6219,-0.9131,10,I,284(E2),R,-0.9192,6
-0.8304,-1.293,6,I,284(E2),S,-1.571,5
-0.19,-0.2436,9,I,284(E2),T,-0.346,4
-0.2872,-0.3802,8,I,284(E2),V,-0.8261,3
-1.296,-2.251,8,I,284(E2),W,-2.368,7
-0.9613,-1.548,8,I,284(E2),Y,-1.76,5
-4.22,-6.983,8,M,285(E2),A,-7.48,4
-5.055,-7.346,7,M,285(E2),C,-8,3
-6.054,-7.533,7,M,285(E2),D,-8,5
-6.955,-7.6,6,M,285(E2),E,-8,3
0.2976,0.3225,7,M,285(E2),F,0.3759,2
-5.66,-7.48,8,M,285(E2),G,-8,3
-5.783,-7.498,8,M,285(E2),H,-8,6
-2.902,-5.584,22,M,285(E2),I,-4.468,3
-5.111,-7.362,3,M,285(E2),K,-8,1
-1.423,-2.533,3,M,285(E2),L,-3.471,1
0,0,,M,285(E2),M,0,
-6.057,-7.533,6,M,285(E2),N,-8,3
-5.506,-7.452,4,M,285(E2),P,-8,2
-4.919,-7.304,5,M,285(E2),Q,-8,3
-5.753,-7.494,5,M,285(E2),R,-8,4
-5.655,-7.479,6,M,285(E2),S,-8,3
-5.128,-7.366,3,M,285(E2),T,-7.674,2
-4.272,-7.015,6,M,285(E2),V,-7.175,5
-1.307,-2.276,8,M,285(E2),W,-2.405,6
-1.186,-2.014,5,M,285(E2),Y,-1.173,2
-2.466,-4.808,5,L,286(E2),A,-3.148,2
-1.463,-2.621,8,L,286(E2),C,-3.061,6
-1.852,-3.5,7,L,286(E2),D,-3.88,5
-0.9048,-1.437,3,L,286(E2),E,-2.236,1
-1.069,-1.768,4,L,286(E2),F,-2.078,4
-1.595,-2.919,4,L,286(E2),G,-3.231,2
-1.022,-1.672,7,L,286(E2),H,-1.227,4
0.8013,0.7257,9,L,286(E2),I,-0.145,5
-1.43,-2.549,5,L,286(E2),K,-2.915,2
0,0,,L,286(E2),L,0,
0.2468,0.2723,9,L,286(E2),M,-0.1793,4
-0.7336,-1.112,4,L,286(E2),N,-1.288,4
-4.148,-6.938,7,L,286(E2),P,-8,3
-0.1862,-0.2384,7,L,286(E2),Q,-0.1265,3
3.984,1.395,10,L,286(E2),R,0.7667,6
-0.3684,-0.5005,4,L,286(E2),S,-0.8815,2
0.4671,0.4766,4,L,286(E2),T,0.5668,3
0.2824,0.3077,5,L,286(E2),V,0.0405,4
2.737,1.318,5,L,286(E2),W,1.745,3
-0.9025,-1.432,5,L,286(E2),Y,-1.92,3
-4.728,-7.235,7,L,287(E2),A,-7.835,6
-2.608,-5.077,5,L,287(E2),C,-6.08,1
-5.746,-7.493,6,L,287(E2),D,-8,2
-4.582,-7.174,5,L,287(E2),E,,
-0.8772,-1.383,4,L,287(E2),F,-2.076,2
-5.369,-7.425,9,L,287(E2),G,-8,5
-3.359,-6.22,5,L,287(E2),H,-5.499,1
-4.833,-7.275,8,L,287(E2),I,-8,7
-2.968,-5.687,5,L,287(E2),K,-6.313,2
0,0,,L,287(E2),L,0,
-1.769,-3.314,8,L,287(E2),M,-3.575,3
-4.515,-7.143,4,L,287(E2),N,-7.099,2
-4.984,-7.325,2,L,287(E2),P,,
-5.213,-7.388,4,L,287(E2),Q,-7.715,1
-5.261,-7.4,12,L,287(E2),R,-7.914,4
-5.4,-7.431,6,L,287(E2),S,-8,2
-4.956,-7.316,5,L,287(E2),T,-8,2
-1.052,-1.732,5,L,287(E2),V,-2.051,4
-5.333,-7.417,6,L,287(E2),W,-8,3
-4.925,-7.306,7,L,287(E2),Y,-8,2
-3.452,-6.328,5,Y,288(E2),*,,
-1.728,-3.221,7,Y,288(E2),A,-3.433,6
-1.407,-2.496,4,Y,288(E2),C,-2.626,3
-1.345,-2.36,6,Y,288(E2),D,-3.306,3
-1.719,-3.201,2,Y,288(E2),E,-3.522,1
1.284,0.9807,7,Y,288(E2),F,0.4553,3
-2.289,-4.451,8,Y,288(E2),G,-4.571,3
-1.903,-3.616,8,Y,288(E2),H,-4.345,3
-1.358,-2.388,7,Y,288(E2),I,-3.002,3
-1.655,-3.055,6,Y,288(E2),K,-3.256,5
-1.8,-3.383,12,Y,288(E2),L,-3.964,6
-1.211,-2.068,5,Y,288(E2),M,-2.628,2
-0.885,-1.398,3,Y,288(E2),N,-2.18,1
-5.511,-7.453,4,Y,288(E2),P,-8,2
-1.521,-2.751,2,Y,288(E2),Q,-3.345,2
-1.065,-1.759,5,Y,288(E2),R,-1.832,2
-1.172,-1.984,5,Y,288(E2),S,-2.313,1
-2.133,-4.122,6,Y,288(E2),T,-5.007,5
-1.493,-2.688,8,Y,288(E2),V,-2.976,5
-1.417,-2.52,8,Y,288(E2),W,-2.949,7
0,0,,Y,288(E2),Y,0,
-2.291,-4.456,6,P,289(E2),A,-4.617,3
-5.649,-7.478,7,P,289(E2),C,-8,6
-4.095,-6.903,3,P,289(E2),D,-7.226,2
-4.333,-7.049,5,P,289(E2),E,-7.893,3
-5.936,-7.519,8,P,289(E2),F,-8,5
-5.184,-7.381,5,P,289(E2),G,-7.47,2
-3.935,-6.785,9,P,289(E2),H,-8,4
-5.801,-7.501,4,P,289(E2),I,-8,3
-2.245,-4.36,4,P,289(E2),K,-4.614,1
-4.155,-6.942,8,P,289(E2),L,-6.592,2
-4.656,-7.206,5,P,289(E2),M,-7.451,2
-4.262,-7.009,6,P,289(E2),N,-7.899,5
0,0,,P,289(E2),P,0,
-3.866,-6.73,7,P,289(E2),Q,-7.104,2
-5.596,-7.469,9,P,289(E2),R,-7.592,4
-4.329,-7.047,13,P,289(E2),S,-8,5
-2.483,-4.841,8,P,289(E2),T,-5.294,4
-2.184,-4.232,2,P,289(E2),V,-3.61,1
-5.626,-7.474,10,P,289(E2),W,-8,7
-4.651,-7.204,5,P,289(E2),Y,-7.75,4
-3.74,-6.621,1,D,290(E2),-,,
-1.536,-2.786,7,D,290(E2),A,-3.273,3
-2.956,-5.668,10,D,290(E2),C,-5.286,4
0,0,,D,290(E2),D,0,
-1.787,-3.354,10,D,290(E2),E,-3.802,8
-2.909,-5.594,10,D,290(E2),F,-5.673,6
-3.968,-6.811,7,D,290(E2),G,-6.989,2
-4.246,-6.999,13,D,290(E2),H,-7.96,6
-2.365,-4.608,4,D,290(E2),I,-4.928,4
-3.556,-6.441,5,D,290(E2),L,-7.061,3
-4.427,-7.1,3,D,290(E2),M,-8,1
-1.951,-3.723,26,D,290(E2),N,-4.054,6
-3.473,-6.353,6,D,290(E2),P,-6.621,5
-1.551,-2.821,6,D,290(E2),Q,-3.121,5
-3.9,-6.758,9,D,290(E2),R,-7.095,8
-2.097,-4.044,4,D,290(E2),S,-4.446,3
-1.841,-3.477,1,D,290(E2),T,-3.801,1
-1.975,-3.776,8,D,290(E2),V,-3.902,5
-5.494,-7.45,9,D,290(E2),W,-8,5
-2.985,-5.712,11,D,290(E2),Y,-6.527,2
-0.859,-1.348,4,H,291(E2),A,-1.159,3
-3.025,-5.773,6,H,291(E2),C,-4.472,3
-4.433,-7.103,6,H,291(E2),D,-8,3
-5.791,-7.5,4,H,291(E2),E,-8,3
-0.3379,-0.4546,3,H,291(E2),F,-0.4082,1
-0.2533,-0.3315,3,H,291(E2),G,0.284,1
0,0,,H,291(E2),H,0,
-2.226,-4.32,5,H,291(E2),I,-4.358,3
-4.006,-6.839,6,H,291(E2),K,-7.609,4
-5.505,-7.452,3,H,291(E2),L,-8,2
-0.9893,-1.605,7,H,291(E2),M,-1.837,3
-0.7402,-1.124,12,H,291(E2),N,-1.894,6
-4.342,-7.055,8,H,291(E2),P,-7.38,4
-0.5841,-0.8481,8,H,291(E2),Q,-0.1607,2
-2.053,-3.948,8,H,291(E2),R,-3.409,4
-1.327,-2.319,14,H,291(E2),S,-2.46,9
-0.9734,-1.573,5,H,291(E2),T,-1.048,1
-1.386,-2.451,1,H,291(E2),V,-2.778,1
-1.421,-2.528,5,H,291(E2),W,-2.408,3
-1.589,-2.906,9,H,291(E2),Y,-3.665,1
-0.3995,-0.5481,1,P,292(E2),-,,
-1.268,-2.191,10,P,292(E2),A,-2.121,6
-5.051,-7.345,10,P,292(E2),C,-8,7
1.218,0.952,4,P,292(E2),D,-1.024,2
-0.5627,-0.8118,4,P,292(E2),E,-0.7394,3
-4.801,-7.263,6,P,292(E2),F,-8,4
-5.408,-7.433,7,P,292(E2),G,-8,5
-2.044,-3.928,7,P,292(E2),H,-4.286,2
-5.201,-7.386,1,P,292(E2),I,-8,1
-4.131,-6.927,5,P,292(E2),K,-7.149,2
-5.306,-7.411,7,P,292(E2),L,-8,3
-5.293,-7.408,8,P,292(E2),M,-8,6
-4.246,-6.999,2,P,292(E2),N,,
0,0,,P,292(E2),P,0,
-5.488,-7.449,8,P,292(E2),Q,-8,4
-5.669,-7.481,7,P,292(E2),R,-8,6
-2.42,-4.717,10,P,292(E2),S,-5.183,4
-4.667,-7.211,4,P,292(E2),T,-7.586,2
-5.364,-7.424,8,P,292(E2),V,-8,3
-4.457,-7.115,7,P,292(E2),W,-8,3
-5.79,-7.499,4,P,292(E2),Y,-8,3
-0.6123,-0.8965,2,T,293(E2),-,,
-4.132,-6.927,7,T,293(E2),A,-8,3
-4.511,-7.141,10,T,293(E2),C,-7.711,6
-4.526,-7.148,5,T,293(E2),D,-8,3
-5.068,-7.35,10,T,293(E2),E,-8,5
-4.996,-7.328,4,T,293(E2),F,-8,3
-5.494,-7.45,2,T,293(E2),G,-8,2
-5.795,-7.5,3,T,293(E2),H,-8,3
-3.978,-6.818,11,T,293(E2),I,-8,5
-5.652,-7.478,10,T,293(E2),K,-8,4
-4.894,-7.296,9,T,293(E2),L,-8,7
-3.174,-5.985,5,T,293(E2),M,-6.27,1
-5.939,-7.519,5,T,293(E2),N,-8,3
-5.921,-7.517,7,T,293(E2),P,-8,3
-5.199,-7.385,7,T,293(E2),Q,-8,4
-6.32,-7.559,13,T,293(E2),R,-8,5
-1.314,-2.292,7,T,293(E2),S,-5.382,2
0,0,,T,293(E2),T,0,
-1.957,-3.736,3,T,293(E2),V,-3.427,2
-4.341,-7.054,12,T,293(E2),W,-8,7
-5.16,-7.375,3,T,293(E2),Y,-8,1
-1.227,-2.101,2,L,294(E2),-,,
-5.5,-7.451,2,L,294(E2),A,-8,2
-2.485,-4.844,3,L,294(E2),C,-6.06,2
-4.98,-7.323,4,L,294(E2),D,-8,4
-4.221,-6.984,6,L,294(E2),E,-7.801,3
-3.264,-6.102,6,L,294(E2),F,-6.391,4
-4.032,-6.858,2,L,294(E2),G,-7.213,2
-5.575,-7.465,4,L,294(E2),H,-8,2
-2.742,-5.316,6,L,294(E2),I,-6.783,4
-1.153,-1.944,4,L,294(E2),K,-2.585,2
0,0,,L,294(E2),L,0,
-1.393,-2.466,4,L,294(E2),M,-2.343,2
-3.262,-6.101,7,L,294(E2),N,-7.255,4
-5.867,-7.51,5,L,294(E2),P,-8,4
-2.888,-5.561,2,L,294(E2),Q,-6.434,2
-5.167,-7.377,3,L,294(E2),R,,
-5.539,-7.458,5,L,294(E2),S,-8,2
-4.769,-7.251,5,L,294(E2),T,-8,2
-4.646,-7.202,5,L,294(E2),V,-7.598,1
-2.733,-5.301,3,L,294(E2),W,-6.299,2
-1.839,-3.472,2,L,294(E2),Y,,
-0.258,-0.3382,1,L,295(E2),-,,
-5.014,-7.334,8,L,295(E2),A,-7.03,4
-4.885,-7.293,10,L,295(E2),C,-8,6
-3.957,-6.803,8,L,295(E2),D,-7.13,2
-2.525,-4.922,2,L,295(E2),E,,
-0.4207,-0.5811,3,L,295(E2),F,-0.9771,2
-5.781,-7.498,7,L,295(E2),G,-8,1
-5.795,-7.5,6,L,295(E2),H,-8,3
0.2106,0.2354,3,L,295(E2),I,0.1486,2
-5.421,-7.436,8,L,295(E2),K,-8,4
0,0,,L,295(E2),L,0,
-2.006,-3.845,8,L,295(E2),M,-3.486,2
-4.792,-7.26,9,L,295(E2),N,-8,4
-4.24,-6.995,12,L,295(E2),P,-7.34,8
-6.1,-7.538,7,L,295(E2),Q,-8,6
-5.512,-7.454,11,L,295(E2),R,-8,3
-5.193,-7.383,5,L,295(E2),S,-7.803,2
-3.997,-6.833,1,L,295(E2),T,,
-1.902,-3.614,2,L,295(E2),V,-3.928,2
-5.213,-7.388,2,L,295(E2),W,-8,1
-5.403,-7.432,5,L,295(E2),Y,-7.773,2
-0.1611,-0.2046,1,S,296(E2),-,,
-2.547,-4.964,6,S,296(E2),A,-5.488,5
-5.302,-7.41,4,S,296(E2),C,-8,1
-5.886,-7.513,8,S,296(E2),D,-8,3
-5.226,-7.392,7,S,296(E2),E,-8,5
-4.053,-6.873,5,S,296(E2),F,-7.186,2
-4.975,-7.322,10,S,296(E2),G,-8,2
-5.905,-7.515,5,S,296(E2),H,-8,3
-5.438,-7.439,10,S,296(E2),I,-8,4
-4.935,-7.309,2,S,296(E2),K,,
-4.234,-6.992,8,S,296(E2),L,-6.556,1
-4.475,-7.124,9,S,296(E2),M,-7.668,7
-5.88,-7.512,15,S,296(E2),N,-8,4
-3.974,-6.815,4,S,296(E2),P,-7.156,4
-4.377,-7.074,7,S,296(E2),Q,-8,5
-5.545,-7.46,10,S,296(E2),R,-8,3
0,0,,S,296(E2),S,0,
-3.296,-6.143,7,S,296(E2),T,-5.44,2
-5.253,-7.398,7,S,296(E2),V,-8,4
-4.335,-7.051,5,S,296(E2),W,-7.776,3
-5.756,-7.495,6,S,296(E2),Y,-8,3
-5.613,-7.472,6,Y,297(E2),*,,
0.07258,0.08511,1,Y,297(E2),-,,
-1.063,-1.755,10,Y,297(E2),A,-1.347,1
-1.948,-3.717,12,Y,297(E2),C,-4.26,5
-4.913,-7.302,6,Y,297(E2),D,-7.944,5
-5.894,-7.514,7,Y,297(E2),E,-8,5
-0.05456,-0.06683,9,Y,297(E2),F,-0.7068,6
-6.231,-7.551,7,Y,297(E2),G,-8,5
-0.2552,-0.3342,9,Y,297(E2),H,-0.5716,5
-1.565,-2.851,11,Y,297(E2),I,-3.121,9
-1.289,-2.237,8,Y,297(E2),K,-3.595,4
-1.551,-2.82,13,Y,297(E2),L,-2.26,4
-0.3149,-0.4205,7,Y,297(E2),M,-0.00609,1
-6.012,-7.528,6,Y,297(E2),N,-8,5
-3.227,-6.055,7,Y,297(E2),P,-7.98,3
-2.126,-4.107,8,Y,297(E2),Q,-5.008,7
-1.001,-1.628,10,Y,297(E2),R,-1.77,4
1.837,1.165,3,Y,297(E2),S,0.8974,3
1.824,1.161,3,Y,297(E2),T,1.547,1
-1.745,-3.259,1,Y,297(E2),V,,
0.7703,0.7054,5,Y,297(E2),W,-0.0137,3
0,0,,Y,297(E2),Y,0,
-0.1965,-0.2524,1,R,298(E2),-,,
-4.315,-7.039,5,R,298(E2),A,-8,1
-4.967,-7.319,10,R,298(E2),C,-8,4
-5.959,-7.522,6,R,298(E2),D,-8,2
-5.044,-7.343,6,R,298(E2),E,-8,6
-5.513,-7.454,3,R,298(E2),F,-8,2
-4.702,-7.225,9,R,298(E2),G,-8,5
-5.923,-7.517,3,R,298(E2),H,-8,1
-4.728,-7.235,8,R,298(E2),I,-8,4
-5.278,-7.404,5,R,298(E2),K,-7.783,3
-5.518,-7.455,14,R,298(E2),L,-8,8
-4.73,-7.236,6,R,298(E2),M,-8,3
-6,-7.527,7,R,298(E2),N,-8,4
-4.333,-7.049,8,R,298(E2),P,-8,3
-5.002,-7.33,15,R,298(E2),Q,-8,6
0,0,,R,298(E2),R,0,
-5.624,-7.473,10,R,298(E2),S,-8,5
-5.032,-7.339,9,R,298(E2),T,-8,6
-4.681,-7.216,7,R,298(E2),V,-8,2
-4.427,-7.099,25,R,298(E2),W,-8,8
-5.928,-7.518,5,R,298(E2),Y,-8,3
-0.1094,-0.1366,1,N,299(E2),-,,
-0.6132,-0.898,6,N,299(E2),A,-0.6987,2
-0.2819,-0.3724,8,N,299(E2),C,-0.221,3
-1.397,-2.473,11,N,299(E2),D,-2.723,2
-0.4976,-0.7039,10,N,299(E2),E,-0.5823,5
-0.2607,-0.342,10,N,299(E2),F,-0.2405,5
-0.2582,-0.3385,8,N,299(E2),G,-0.7395,1
0.2587,0.2843,7,N,299(E2),H,-0.683,5
-0.0582,-0.07137,10,N,299(E2),I,-0.6142,5
0.2632,0.2888,5,N,299(E2),K,0.01799,3
-0.7443,-1.132,12,N,299(E2),L,-2.045,5
-0.2119,-0.2737,4,N,299(E2),M,-0.6173,3
0,0,,N,299(E2),N,0,
-3.939,-6.789,10,N,299(E2),P,-6.764,4
-0.309,-0.4119,7,N,299(E2),Q,-1.265,3
-0.6295,-0.9263,5,N,299(E2),R,-1.619,3
1.807,1.157,4,N,299(E2),S,,
0.6805,0.6435,8,N,299(E2),T,0.676,6
-1.048,-1.725,5,N,299(E2),V,-0.9699,2
-0.00796,-0.009596,7,N,299(E2),W,0.3104,5
0.6055,0.5881,6,N,299(E2),Y,0.5047,3
-0.08116,-0.1003,2,M,300(E2),-,,
-4.978,-7.323,5,M,300(E2),A,-8,3
-3.389,-6.257,6,M,300(E2),C,-6.496,2
-5.696,-7.485,5,M,300(E2),D,-8,2
-3.9,-6.758,5,M,300(E2),E,-7.236,3
-1.129,-1.893,16,M,300(E2),F,-2.053,11
-2.781,-5.384,4,M,300(E2),G,-6.413,1
-3.505,-6.388,7,M,300(E2),H,-6.02,3
-2.64,-5.137,30,M,300(E2),I,-4.199,5
-4.525,-7.148,7,M,300(E2),K,,
0.3822,0.402,8,M,300(E2),L,0.8577,3
0,0,,M,300(E2),M,0,
-5.188,-7.382,7,M,300(E2),N,-8,6
-5.319,-7.414,7,M,300(E2),P,-8,4
-5.482,-7.448,10,M,300(E2),Q,-8,6
-5.506,-7.452,6,M,300(E2),R,-7.742,3
-5.24,-7.395,5,M,300(E2),S,-8,5
-4.863,-7.285,8,M,300(E2),T,-8,4
-6.653,-7.583,8,M,300(E2),V,-8,2
-3.919,-6.773,6,M,300(E2),W,-7.177,3
-1.188,-2.017,10,M,300(E2),Y,-2.307,5
-1.031,-1.689,3,G,301(E2),-,,
-1.196,-2.034,10,G,301(E2),A,-2.309,7
-4.764,-7.249,15,G,301(E2),C,-6.904,5
-4.485,-7.128,14,G,301(E2),D,-8,5
-5.844,-7.507,7,G,301(E2),E,-8,1
-4.939,-7.311,7,G,301(E2),F,-8,4
0,0,,G,301(E2),G,0,
-3.291,-6.137,8,G,301(E2),H,-6.342,4
-4.603,-7.183,7,G,301(E2),I,-6.896,2
-2.294,-4.463,5,G,301(E2),K,-3.918,1
-5.071,-7.35,6,G,301(E2),L,-8,5
-6.182,-7.546,7,G,301(E2),M,-8,5
-1.816,-3.42,4,G,301(E2),N,-3.886,3
-5.394,-7.43,7,G,301(E2),P,-8,3
-4.509,-7.14,3,G,301(E2),Q,-7.571,3
-3.52,-6.404,9,G,301(E2),R,-6.575,5
-4.424,-7.098,11,G,301(E2),S,-7.18,5
-2.899,-5.578,2,G,301(E2),T,,
-5.254,-7.399,9,G,301(E2),V,-8,4
-4.222,-6.985,11,G,301(E2),W,-7.296,4
-6.102,-7.538,5,G,301(E2),Y,-8,2
-2.489,-4.854,3,E,302(E2),*,,
0.7776,0.7102,2,E,302(E2),-,,
0.3591,0.3808,9,E,302(E2),A,-0.5715,3
-0.7216,-1.09,5,E,302(E2),C,-0.2796,1
-0.8982,-1.424,13,E,302(E2),D,-1.753,7
0,0,,E,302(E2),E,0,
3.233,1.36,5,E,302(E2),F,0.5405,3
-0.3574,-0.4838,8,E,302(E2),G,-0.6728,7
0.3091,0.3337,6,E,302(E2),H,-0.371,3
-0.8357,-1.303,5,E,302(E2),I,-1.195,3
0.3335,0.3569,38,E,302(E2),K,0.7193,4
-0.8221,-1.277,5,E,302(E2),L,-1.044,3
0.4143,0.4308,7,E,302(E2),M,0.3579,3
-1.195,-2.033,5,E,302(E2),N,-2.176,2
0.5723,0.5625,13,E,302(E2),P,0.1302,8
1.815,1.159,6,E,302(E2),Q,0.9852,4
1.516,1.07,8,E,302(E2),R,0.511,4
0.3772,0.3974,7,E,302(E2),S,0.7818,3
-2.666,-5.182,8,E,302(E2),T,-7.065,2
-0.8853,-1.399,8,E,302(E2),V,-0.9658,3
-0.2728,-0.3594,8,E,302(E2),W,-1.337,2
-0.2116,-0.2731,6,E,302(E2),Y,-0.4088,4
-4.935,-7.309,6,E,303(E2),*,-8,1
0.1546,0.1762,2,E,303(E2),-,,
-0.5696,-0.8235,7,E,303(E2),A,-0.3851,4
-0.6123,-0.8965,5,E,303(E2),C,-1.098,1
0.1506,0.1718,8,E,303(E2),D,-0.1954,4
0,0,,E,303(E2),E,0,
4.579,1.409,11,E,303(E2),F,1.093,5
-1.932,-3.68,12,E,303(E2),G,-4.208,8
1.878,1.175,9,E,303(E2),H,0.3965,5
0.1335,0.1533,6,E,303(E2),I,-0.4519,2
0.7041,0.6602,25,E,303(E2),K,0.8203,4
0.3616,0.3831,12,E,303(E2),L,0.6478,6
0.01181,0.01415,6,E,303(E2),M,-0.3037,5
0.3309,0.3544,5,E,303(E2),N,0.5352,3
-4.664,-7.209,9,E,303(E2),P,-8,5
0.5424,0.5388,10,E,303(E2),Q,1.133,7
0.1223,0.141,7,E,303(E2),R,-0.03164,4
-0.0826,-0.1021,5,E,303(E2),S,-0.3689,4
-0.02427,-0.02942,4,E,303(E2),T,0.1684,3
0.5702,0.5608,8,E,303(E2),V,0.6594,6
1.157,0.9239,16,E,303(E2),W,0.9295,8
0.3665,0.3876,9,E,303(E2),Y,-0.1103,7
-0.6733,-1.003,2,P,304(E2),-,,
0.2279,0.2531,6,P,304(E2),A,0.1616,3
-6.203,-7.548,7,P,304(E2),C,-8,5
-5.498,-7.451,3,P,304(E2),D,-8,3
-4.361,-7.065,7,P,304(E2),E,-8,4
-6.336,-7.56,8,P,304(E2),F,-8,5
-3.562,-6.448,9,P,304(E2),G,-6.703,7
-5.973,-7.524,10,P,304(E2),H,-8,2
-5.46,-7.444,6,P,304(E2),I,-8,3
-5.782,-7.498,5,P,304(E2),K,-8,4
-4.669,-7.211,10,P,304(E2),L,-7.594,4
-3.304,-6.153,6,P,304(E2),M,-6.106,1
-5.431,-7.438,7,P,304(E2),N,-8,3
0,0,,P,304(E2),P,0,
-5.152,-7.373,2,P,304(E2),Q,-8,1
-4.721,-7.232,9,P,304(E2),R,-8,7
-0.2233,-0.2894,9,P,304(E2),S,-0.7012,6
-1.777,-3.333,7,P,304(E2),T,-3.44,2
-1.384,-2.445,7,P,304(E2),V,-4.352,3
-4.638,-7.199,6,P,304(E2),W,-7.533,2
-5.093,-7.357,4,P,304(E2),Y,-8,1
0.6293,0.606,1,N,305(E2),-,,
-0.2439,-0.3183,3,N,305(E2),A,-0.1215,2
-1.318,-2.3,11,N,305(E2),C,-2.56,2
-0.534,-0.7638,10,N,305(E2),D,-1.15,5
-1.13,-1.894,6,N,305(E2),E,-2.817,4
-1.287,-2.233,7,N,305(E2),F,-2.42,1
-0.9535,-1.533,7,N,305(E2),G,-1.597,4
-0.7493,-1.141,10,N,305(E2),H,-1.068,4
-4.098,-6.904,9,N,305(E2),I,-7.74,5
-0.8828,-1.394,15,N,305(E2),K,-1.98,4
-0.8899,-1.408,5,N,305(E2),L,-1.847,4
-1.182,-2.006,8,N,305(E2),M,-2.179,6
0,0,,N,305(E2),N,0,
-2.712,-5.265,8,N,305(E2),P,-5.927,2
-0.3587,-0.4858,5,N,305(E2),Q,-0.6059,3
-0.8679,-1.365,9,N,305(E2),R,-1.761,4
-1.099,-1.829,10,N,305(E2),S,-2.909,5
-1.941,-3.701,7,N,305(E2),T,-4.149,6
-1.791,-3.364,4,N,305(E2),V,-3.315,1
-3.509,-6.391,5,N,305(E2),W,-6.654,2
-1.752,-3.276,10,N,305(E2),Y,-2.748,2
-2.68,-5.207,3,Y,306(E2),*,,
-1.11,-1.854,1,Y,306(E2),-,,
-1.928,-3.673,6,Y,306(E2),A,-3.136,2
-3.196,-6.014,3,Y,306(E2),C,-5.288,1
-4.854,-7.282,4,Y,306(E2),D,-8,1
-5.23,-7.393,2,Y,306(E2),E,-8,1
-0.004136,-0.00498,4,Y,306(E2),F,-1.408,2
-5.265,-7.401,8,Y,306(E2),G,-8,6
-1.679,-3.109,10,Y,306(E2),H,-3.443,3
-4.564,-7.166,5,Y,306(E2),I,-8,3
-3.213,-6.036,5,Y,306(E2),K,-6.267,2
-4.692,-7.221,7,Y,306(E2),L,-8,2
-4.598,-7.181,7,Y,306(E2),M,-8,5
-3.501,-6.383,11,Y,306(E2),N,-7.275,6
-0.8526,-1.335,4,Y,306(E2),P,-1.632,4
-4.577,-7.172,9,Y,306(E2),Q,-8,5
-6.036,-7.531,7,Y,306(E2),R,-8,4
-3.296,-6.143,12,Y,306(E2),S,-6.022,6
-4.732,-7.237,5,Y,306(E2),T,-8,3
-4.224,-6.985,8,Y,306(E2),V,-8,3
-2.881,-5.549,7,Y,306(E2),W,-6.067,7
0,0,,Y,306(E2),Y,0,
-4.231,-6.99,3,Q,307(E2),*,,
-0.1807,-0.2309,1,Q,307(E2),-,,
0.1641,0.1864,10,Q,307(E2),A,0.5478,3
-1.004,-1.634,5,Q,307(E2),C,-1.616,3
-1.362,-2.397,5,Q,307(E2),D,-2.153,2
-0.2179,-0.2819,7,Q,307(E2),E,-0.7249,4
-5.226,-7.392,4,Q,307(E2),F,-8,1
0.3944,0.413,8,Q,307(E2),G,-0.129,6
-0.1835,-0.2347,11,Q,307(E2),H,-0.9929,4
-1.498,-2.701,6,Q,307(E2),I,-3.062,1
-0.3766,-0.513,6,Q,307(E2),K,-0.7705,1
-1.898,-3.605,9,Q,307(E2),L,-4.396,3
-1.224,-2.095,4,Q,307(E2),M,-3.221,1
-0.8873,-1.403,7,Q,307(E2),N,-1.921,4
-5.466,-7.445,8,Q,307(E2),P,-8,7
0,0,,Q,307(E2),Q,0,
-0.3468,-0.468,6,Q,307(E2),R,-0.687,2
-0.6347,-0.9354,9,Q,307(E2),S,-1.126,5
-0.4033,-0.554,3,Q,307(E2),T,-0.9447,2
-0.9386,-1.503,8,Q,307(E2),V,-1.734,6
-0.7422,-1.128,9,Q,307(E2),W,-1.452,8
-0.2584,-0.3388,8,Q,307(E2),Y,-0.5929,3
2.417,1.278,2,E,308(E2),*,,
-0.2619,-0.3437,1,E,308(E2),-,,
-1.669,-3.088,6,E,308(E2),A,-3.353,5
-2.918,-5.608,4,E,308(E2),C,-2.573,1
-1.501,-2.708,11,E,308(E2),D,-2.556,4
0,0,,E,308(E2),E,0,
-2.338,-4.552,4,E,308(E2),F,-2.05,1
-2.445,-4.767,11,E,308(E2),G,-4.9,4
-2.419,-4.716,2,E,308(E2),H,-5.131,2
-3.969,-6.812,5,E,308(E2),I,-6.929,2
-4.343,-7.055,19,E,308(E2),K,-8,5
-5.649,-7.478,10,E,308(E2),L,-8,7
-2.424,-4.726,5,E,308(E2),M,-4.847,3
-4.453,-7.113,11,E,308(E2),N,-8,7
-4.385,-7.078,15,E,308(E2),P,-8,10
0.07931,0.09278,3,E,308(E2),Q,0.167,2
-6.362,-7.563,7,E,308(E2),R,-8,5
-1.402,-2.486,5,E,308(E2),S,-2.682,3
-4.634,-7.197,8,E,308(E2),T,-8,5
-4.032,-6.858,9,E,308(E2),V,-7.595,5
-2.486,-4.848,5,E,308(E2),W,-5.393,3
-1.87,-3.541,9,E,308(E2),Y,-3.95,7
-5.041,-7.342,5,E,309(E2),*,-8,1
0.4325,0.4469,1,E,309(E2),-,,
-1.707,-3.174,13,E,309(E2),A,-3.584,6
-0.9567,-1.539,11,E,309(E2),C,-1.87,6
-1.619,-2.973,8,E,309(E2),D,-2.641,4
0,0,,E,309(E2),E,0,
-0.6899,-1.033,9,E,309(E2),F,-0.5049,3
-3.536,-6.421,13,E,309(E2),G,-6.862,7
-0.6888,-1.031,6,E,309(E2),H,-1.729,4
-0.1232,-0.1544,10,E,309(E2),I,-0.2946,6
-2.089,-4.027,33,E,309(E2),K,-4.517,6
0.3882,0.4075,6,E,309(E2),L,-0.1999,3
-0.4814,-0.6776,8,E,309(E2),M,-0.8177,5
-2.128,-4.112,4,E,309(E2),N,-4.581,3
-6.027,-7.53,10,E,309(E2),P,-8,4
-0.42,-0.58,4,E,309(E2),Q,-0.7345,2
-2.589,-5.043,8,E,309(E2),R,-5.332,6
-1.237,-2.124,7,E,309(E2),S,-2.186,5
-1.448,-2.589,5,E,309(E2),T,-3.403,4
-0.799,-1.234,14,E,309(E2),V,-2.108,9
-1.767,-3.311,10,E,309(E2),W,-3.349,7
-1.239,-2.127,10,E,309(E2),Y,-2.226,5
-3.19,-6.006,11,W,310(E2),*,-1.236,1
-0.6331,-0.9326,1,W,310(E2),-,,
-5.814,-7.503,5,W,310(E2),A,-8,1
-5.317,-7.413,22,W,310(E2),C,-8,6
-3.826,-6.697,9,W,310(E2),D,-7.127,5
-3.13,-5.924,4,W,310(E2),E,-7.027,2
-6.025,-7.53,10,W,310(E2),F,-8,3
-4.237,-6.994,8,W,310(E2),G,-8,5
-4.272,-7.014,7,W,310(E2),H,-6.622,2
-3.375,-6.24,9,W,310(E2),I,-7.246,5
-3.338,-6.195,4,W,310(E2),K,-6.586,3
-5.376,-7.426,13,W,310(E2),L,-8,3
-5.043,-7.342,7,W,310(E2),M,-8,2
-5.807,-7.502,9,W,310(E2),N,-8,4
-5.502,-7.452,9,W,310(E2),P,-8,5
-4.478,-7.125,5,W,310(E2),Q,-8,3
-3.906,-6.763,10,W,310(E2),R,-7.972,3
-5.722,-7.489,12,W,310(E2),S,-8,7
-4.088,-6.898,14,W,310(E2),T,-7.482,6
-4.718,-7.231,5,W,310(E2),V,-8,1
0,0,,W,310(E2),W,0,
-5.827,-7.505,7,W,310(E2),Y,-8,3
-1.117,-1.868,2,V,311(E2),-,,
-6.197,-7.548,8,V,311(E2),A,-8,4
-5.475,-7.446,7,V,311(E2),C,-8,5
-4.539,-7.154,5,V,311(E2),D,-8,3
-4.032,-6.858,11,V,311(E2),E,-8,5
-3.507,-6.39,6,V,311(E2),F,-7.652,1
-5.697,-7.485,6,V,311(E2),G,-8,4
-6.127,-7.541,9,V,311(E2),H,-8,6
0.3225,0.3464,18,V,311(E2),I,0.332,8
-7.038,-7.603,7,V,311(E2),K,-8,4
-1.902,-3.613,10,V,311(E2),L,-3.815,4
-3.645,-6.532,6,V,311(E2),M,-6.937,4
-4.64,-7.199,12,V,311(E2),N,-8,5
-5.389,-7.429,6,V,311(E2),P,-8,2
-5.652,-7.478,6,V,311(E2),Q,-8,3
-6.283,-7.556,10,V,311(E2),R,-8,5
-4.922,-7.305,8,V,311(E2),S,-6.997,6
-5.262,-7.4,10,V,311(E2),T,-6.958,4
0,0,,V,311(E2),V,0,
-6.279,-7.555,9,V,311(E2),W,-8,5
-5.209,-7.387,8,V,311(E2),Y,-8,6
-1.201,-2.046,1,T,312(E2),-,,
-0.5779,-0.8375,4,T,312(E2),A,,
-0.9999,-1.626,6,T,312(E2),C,-1.874,4
0.36,0.3816,8,T,312(E2),D,-0.2428,5
-0.1506,-0.1905,7,T,312(E2),E,-0.2722,5
-0.5533,-0.7959,11,T,312(E2),F,-0.8889,10
-1.548,-2.813,7,T,312(E2),G,-3.176,3
-0.7877,-1.212,6,T,312(E2),H,-2.13,3
-0.3435,-0.4629,9,T,312(E2),I,-0.4147,4
-0.7371,-1.119,3,T,312(E2),K,-1.871,3
-0.8867,-1.401,7,T,312(E2),L,-2.209,4
-1.108,-1.848,5,T,312(E2),M,-2.225,3
0.2515,0.277,9,T,312(E2),N,0.7372,3
-2.576,-5.018,10,T,312(E2),P,-3.027,3
-1.213,-2.072,2,T,312(E2),Q,,
-0.465,-0.6511,5,T,312(E2),R,-0.8332,3
-0.6217,-0.9128,5,T,312(E2),S,-0.6328,2
0,0,,T,312(E2),T,0,
-0.1981,-0.2546,7,T,312(E2),V,-0.5278,4
-1.161,-1.96,6,T,312(E2),W,-2.196,4
-1.103,-1.839,3,T,312(E2),Y,-3.115,1
-0.2316,-0.301,1,H,313(E2),-,,
-0.00689,-0.008304,8,H,313(E2),A,-0.9864,5
-1.252,-2.156,10,H,313(E2),C,-2.249,7
0.3547,0.3768,3,H,313(E2),D,,
1.891,1.178,1,H,313(E2),E,0.8868,1
-0.7659,-1.172,5,H,313(E2),F,-1.464,4
-0.6544,-0.97,6,H,313(E2),G,-1.723,4
0,0,,H,313(E2),H,0,
-0.6676,-0.9934,8,H,313(E2),I,-1.16,5
0.2696,0.2951,5,H,313(E2),K,-0.02626,5
-0.7583,-1.158,5,H,313(E2),L,-1.945,2
0.2431,0.2686,6,H,313(E2),M,0.127,3
-0.2641,-0.3469,9,H,313(E2),N,0.4325,2
-5.29,-7.407,6,H,313(E2),P,-8,1
0.07837,0.09171,13,H,313(E2),Q,-0.4053,6
-0.3583,-0.4852,6,H,313(E2),R,-0.7106,3
-0.1985,-0.2552,5,H,313(E2),S,-0.8323,3
-0.2483,-0.3245,5,H,313(E2),T,-0.6052,4
0.8736,0.771,2,H,313(E2),V,,
0.7048,0.6607,9,H,313(E2),W,-0.3357,5
1.032,0.8609,13,H,313(E2),Y,0.7039,9
-5.247,-7.397,1,K,314(E2),*,,
-0.2303,-0.2991,1,K,314(E2),-,,
-1.716,-3.193,8,K,314(E2),A,-3.325,3
-1.55,-2.819,9,K,314(E2),C,-3.302,7
-1.507,-2.721,9,K,314(E2),D,-3.314,5
-1.683,-3.119,6,K,314(E2),E,-3.089,3
-1.856,-3.51,5,K,314(E2),F,-3.869,1
-2.093,-4.037,9,K,314(E2),G,-4.3,7
-1.885,-3.576,5,K,314(E2),H,-3.587,2
-1.801,-3.387,7,K,314(E2),I,-2.719,3
0,0,,K,314(E2),K,0,
-1.387,-2.453,6,K,314(E2),L,-3.514,2
-1.55,-2.819,9,K,314(E2),M,-2.942,5
-1.664,-3.076,11,K,314(E2),N,-3.414,2
-2.1,-4.051,6,K,314(E2),P,-3.563,1
-1.824,-3.438,11,K,314(E2),Q,-4.155,6
0.5589,0.5519,8,K,314(E2),R,0.5032,3
-1.35,-2.371,3,K,314(E2),S,-3.225,1
-1.493,-2.689,6,K,314(E2),T,-2.747,3
-1.297,-2.253,7,K,314(E2),V,-2.846,4
-2.442,-4.761,7,K,314(E2),W,-6.219,2
-1.745,-3.261,6,K,314(E2),Y,,
0.4145,0.431,1,K,315(E2),-,,
-2.358,-4.593,2,K,315(E2),A,-4.453,1
-2.903,-5.585,10,K,315(E2),C,-6.154,7
-6.292,-7.557,6,K,315(E2),D,-6.834,2
-2.353,-4.583,9,K,315(E2),E,-4.511,5
-3.596,-6.483,10,K,315(E2),F,-6.552,5
-4.278,-7.018,9,K,315(E2),G,-7.329,4
-2.067,-3.98,6,K,315(E2),H,-4.213,5
-2.184,-4.232,3,K,315(E2),I,-4.676,1
0,0,,K,315(E2),K,0,
-4.476,-7.124,6,K,315(E2),L,-8,2
-1.72,-3.204,3,K,315(E2),M,-3.436,2
-3.314,-6.166,5,K,315(E2),N,-6.107,2
-4.44,-7.106,7,K,315(E2),P,-7.515,6
-1.9,-3.609,6,K,315(E2),Q,-2.702,2
-1.541,-2.797,4,K,315(E2),S,-3.11,4
-1.381,-2.439,11,K,315(E2),T,-2.447,4
-2.828,-5.462,8,K,315(E2),V,-5.831,8
-5.531,-7.457,7,K,315(E2),W,-8,2
-5.682,-7.483,5,K,315(E2),Y,-8,1
-5.3,-7.409,4,E,316(E2),*,-8,1
0.1377,0.1578,1,E,316(E2),-,,
-1.596,-2.923,6,E,316(E2),A,-3.82,5
-1.474,-2.646,6,E,316(E2),C,-2.735,5
-2.22,-4.307,12,E,316(E2),D,-4.348,6
0,0,,E,316(E2),E,0,
-0.8369,-1.305,9,E,316(E2),F,-1.208,6
-2.531,-4.933,7,E,316(E2),G,-4.574,3
-1.067,-1.763,3,E,316(E2),H,-2.049,3
-1.628,-2.995,10,E,316(E2),I,-2.974,6
-1.052,-1.732,27,E,316(E2),K,-2.577,6
-0.5256,-0.7499,5,E,316(E2),L,-0.7607,1
-0.9818,-1.59,5,E,316(E2),M,-0.986,3
-1.636,-3.012,7,E,316(E2),N,-3.204,5
-4.335,-7.051,4,E,316(E2),P,-8,1
-0.4713,-0.6613,4,E,316(E2),Q,-0.4724,3
-0.8701,-1.369,8,E,316(E2),R,-1.532,5
-1.242,-2.135,2,E,316(E2),S,-2.431,2
-1.22,-2.087,4,E,316(E2),T,-1.878,3
-1.534,-2.782,4,E,316(E2),V,-2.909,3
-1.225,-2.098,9,E,316(E2),W,-2.205,3
-1.189,-2.021,5,E,316(E2),Y,-2.159,3
0.5899,0.5761,1,I,317(E2),-,,
-1.297,-2.253,1,I,317(E2),A,-2.584,1
-1.373,-2.422,4,I,317(E2),C,-2.111,1
-5.789,-7.499,8,I,317(E2),D,-8,3
-6.411,-7.567,9,I,317(E2),E,-8,6
-0.5446,-0.7814,7,I,317(E2),F,-0.4074,2
-5.53,-7.457,7,I,317(E2),G,-8,5
-4.879,-7.291,7,I,317(E2),H,-7.61,2
0,0,,I,317(E2),I,0,
-1.396,-2.473,4,I,317(E2),K,-2.281,3
-1.374,-2.423,6,I,317(E2),L,-2.57,2
-0.8397,-1.311,11,I,317(E2),M,-1.389,6
-5.516,-7.454,15,I,317(E2),N,-8,8
-6.032,-7.531,6,I,317(E2),P,-8,5
-5.514,-7.454,8,I,317(E2),Q,-8,5
-2.811,-5.434,3,I,317(E2),R,-5.074,2
-3.073,-5.842,6,I,317(E2),S,-8,1
-2.364,-4.606,11,I,317(E2),T,-4.532,6
-0.2223,-0.2881,8,I,317(E2),V,-0.261,5
-4.148,-6.938,6,I,317(E2),W,-7.65,3
-1.199,-2.043,8,I,317(E2),Y,-2.648,5
-1.486,-2.673,3,R,318(E2),-,,
-0.8007,-1.237,8,R,318(E2),A,-1.621,7
-0.6526,-0.9669,3,R,318(E2),C,-1.253,2
-2.609,-5.08,3,R,318(E2),D,-5.39,3
-1.009,-1.645,6,R,318(E2),E,-2.18,2
-1.34,-2.349,4,R,318(E2),F,-1.948,2
-2.168,-4.198,5,R,318(E2),G,-3.529,3
0.2831,0.3084,9,R,318(E2),H,-0.2375,6
-0.2975,-0.3951,9,R,318(E2),I,-1.319,5
0.2869,0.3121,5,R,318(E2),K,-1.087,2
-1.715,-3.191,7,R,318(E2),L,-4.099,4
-0.72,-1.087,7,R,318(E2),M,-1.519,4
0.648,0.6199,5,R,318(E2),N,0.2028,3
-3.538,-6.423,8,R,318(E2),P,-6.514,6
-0.6515,-0.9649,20,R,318(E2),Q,-0.4027,10
0,0,,R,318(E2),R,0,
-0.5909,-0.8596,4,R,318(E2),S,-1.099,4
-0.2374,-0.3091,5,R,318(E2),T,-0.7217,3
-0.4891,-0.6901,3,R,318(E2),V,-1.508,1
-1.69,-3.135,13,R,318(E2),W,-4.043,2
-1.1,-1.832,6,R,318(E2),Y,-2.043,2
-1.925,-3.666,2,L,319(E2),-,,
-4.217,-6.981,8,L,319(E2),A,-7.34,6
-4.126,-6.923,9,L,319(E2),C,-7.196,6
-5.647,-7.477,9,L,319(E2),D,-8,3
-4.292,-7.026,9,L,319(E2),E,-7.546,6
-0.3306,-0.4437,2,L,319(E2),F,-0.7192,2
-5.95,-7.521,6,L,319(E2),G,-8,4
-2.44,-4.757,2,L,319(E2),H,-5.194,1
0.05718,0.06741,3,L,319(E2),I,-0.264,3
-5.053,-7.345,7,L,319(E2),K,-8,3
0,0,,L,319(E2),L,0,
-0.01306,-0.01578,12,L,319(E2),M,-0.001258,9
-6.881,-7.596,7,L,319(E2),N,-8,3
-4.438,-7.105,13,L,319(E2),P,-8,8
-4.513,-7.142,6,L,319(E2),Q,-8,3
-5.149,-7.372,8,L,319(E2),R,-8,4
-5.187,-7.382,3,L,319(E2),S,-8,1
-5.494,-7.45,4,L,319(E2),T,-8,2
-0.8798,-1.388,6,L,319(E2),V,-1.666,2
-3.114,-5.901,4,L,319(E2),W,-4.835,2
-3.193,-6.009,2,L,319(E2),Y,,
-2.233,-4.335,2,T,320(E2),-,,
-0.1314,-0.1652,10,T,320(E2),A,-0.3173,5
0.5124,0.5145,2,T,320(E2),C,0.2457,1
-0.2575,-0.3375,6,T,320(E2),D,-1.054,5
-0.9822,-1.591,3,T,320(E2),E,-1.669,1
0.6003,0.5842,6,T,320(E2),F,0.5737,3
-0.372,-0.5059,6,T,320(E2),G,-0.6958,3
0.3109,0.3354,9,T,320(E2),H,0.4307,5
0.1877,0.2114,13,T,320(E2),I,-1.696,1
-0.1913,-0.2454,2,T,320(E2),K,-1.095,1
-0.2437,-0.318,8,T,320(E2),L,-1.357,5
0.3416,0.3645,5,T,320(E2),M,0.1335,2
-1.239,-2.127,9,T,320(E2),N,-3.277,5
-0.7908,-1.218,5,T,320(E2),P,-0.9518,3
1.475,1.055,6,T,320(E2),Q,0.1936,1
0.6602,0.6288,12,T,320(E2),R,0.2885,9
2.574,1.299,7,T,320(E2),S,0.1174,4
0,0,,T,320(E2),T,0,
-0.5403,-0.7743,2,T,320(E2),V,-1.813,1
0.2284,0.2537,5,T,320(E2),W,0.5934,2
0.7486,0.6908,5,T,320(E2),Y,0.2496,5
0.5648,0.5566,1,V,321(E2),-,,
-3.948,-6.795,6,V,321(E2),A,-8,3
-3.885,-6.746,6,V,321(E2),C,-8,3
-5.174,-7.379,2,V,321(E2),D,-8,1
-5.416,-7.435,7,V,321(E2),E,-8,3
-5.798,-7.501,6,V,321(E2),F,-8,3
-4.472,-7.122,3,V,321(E2),G,-7.853,2
-4.953,-7.315,7,V,321(E2),H,-8,3
-1.922,-3.658,15,V,321(E2),I,-3.658,6
-3.98,-6.82,4,V,321(E2),K,-7.079,2
-3.971,-6.813,12,V,321(E2),L,-8,3
-4.774,-7.253,18,V,321(E2),M,-7.71,2
-5.534,-7.458,3,V,321(E2),N,-8,2
-5.262,-7.4,7,V,321(E2),P,-8,4
-3.887,-6.747,5,V,321(E2),Q,-7.112,3
-4.648,-7.203,10,V,321(E2),R,-8,4
-4.815,-7.268,5,V,321(E2),S,-7.945,3
-5.819,-7.503,6,V,321(E2),T,-8,3
0,0,,V,321(E2),V,0,
-5.477,-7.447,7,V,321(E2),W,-8,4
2.442,1.282,1,V,321(E2),Y,,
-0.5708,-0.8254,1,P,322(E2),-,,
-2.615,-5.089,5,P,322(E2),A,-4.44,3
-2.3,-4.475,5,P,322(E2),C,-4.352,3
-4.64,-7.199,4,P,322(E2),D,,
-2.367,-4.611,3,P,322(E2),E,-4.633,1
-2.527,-4.925,7,P,322(E2),F,-4.971,3
-1.346,-2.362,4,P,322(E2),G,-2.562,2
-2.32,-4.516,3,P,322(E2),H,-4.146,1
-1.602,-2.935,1,P,322(E2),I,,
-1.45,-2.593,9,P,322(E2),K,-3.019,5
-2.029,-3.895,8,P,322(E2),L,-3.974,4
-2.53,-4.931,5,P,322(E2),M,-5.233,4
-1.651,-3.046,7,P,322(E2),N,-3.203,4
0,0,,P,322(E2),P,0,
-1.708,-3.176,5,P,322(E2),Q,-2.908,2
-2.148,-4.154,3,P,322(E2),R,,
-1.776,-3.331,15,P,322(E2),S,-3.226,2
-2.47,-4.817,8,P,322(E2),T,-4.642,4
-4.437,-7.105,9,P,322(E2),V,-8,5
-3.203,-6.024,7,P,322(E2),W,-7.816,3
-2.943,-5.648,7,P,322(E2),Y,-6.126,4
-0.05399,-0.06612,1,T,323(E2),-,,
0.4599,0.4705,5,T,323(E2),A,-0.2734,3
-1.039,-1.706,10,T,323(E2),C,-1.466,7
-0.9992,-1.625,4,T,323(E2),D,-2.083,2
-1.278,-2.212,10,T,323(E2),E,-2.363,5
0.1526,0.174,9,T,323(E2),F,-0.1016,5
-0.1357,-0.1709,4,T,323(E2),G,-0.1784,2
-0.9834,-1.593,8,T,323(E2),H,-2.771,5
-0.2851,-0.3771,13,T,323(E2),I,0.2674,4
0.2291,0.2544,5,T,323(E2),K,0.1285,4
0.5936,0.579,6,T,323(E2),L,0.8176,4
-0.1994,-0.2565,7,T,323(E2),M,-1.95,4
0.1012,0.1175,3,T,323(E2),N,-0.6173,1
0.2939,0.3189,4,T,323(E2),P,0.3934,2
1.222,0.9537,9,T,323(E2),Q,0.5547,4
0.5883,0.5749,9,T,323(E2),R,-0.3093,6
0.4577,0.4686,4,T,323(E2),S,0.0654,1
0,0,,T,323(E2),T,0,
0.2356,0.2609,3,T,323(E2),V,0.3725,1
0.1011,0.1174,11,T,323(E2),W,-0.2642,9
-0.2958,-0.3927,7,T,323(E2),Y,-0.5035,4
-5.276,-7.404,5,E,324(E2),*,,
-1.264,-2.182,2,E,324(E2),-,,
-0.8315,-1.295,6,E,324(E2),A,-0.7648,2
-0.2601,-0.3412,5,E,324(E2),C,-0.7018,2
-0.2757,-0.3635,9,E,324(E2),D,-0.4674,7
0,0,,E,324(E2),E,0,
-1.474,-2.647,14,E,324(E2),F,-2.598,7
-2.136,-4.128,16,E,324(E2),G,-5.131,9
-1.057,-1.742,8,E,324(E2),H,-1.658,5
-1.764,-3.302,8,E,324(E2),I,-3.829,5
-1.323,-2.31,26,E,324(E2),K,-1.437,3
-2.112,-4.078,5,E,324(E2),L,-2.532,2
-1.341,-2.35,9,E,324(E2),M,-2.504,7
0.01928,0.02303,8,E,324(E2),N,-0.5876,2
-0.9584,-1.543,7,E,324(E2),P,-1.143,4
-0.5341,-0.764,11,E,324(E2),Q,-1.013,6
-1.538,-2.79,4,E,324(E2),R,-3.12,2
0.1274,0.1466,9,E,324(E2),S,-0.6065,5
-0.07763,-0.09584,9,E,324(E2),T,0.4122,3
0.1712,0.194,6,E,324(E2),V,0.4524,3
-1.76,-3.294,13,E,324(E2),W,-3.268,6
-1.241,-2.132,6,E,324(E2),Y,-2.825,4
-5.597,-7.469,7,G,325(E2),A,-8,2
-4.55,-7.159,14,G,325(E2),C,-8,5
-4.362,-7.065,10,G,325(E2),D,-7.695,3
-5.502,-7.452,5,G,325(E2),E,-8,1
-4.436,-7.104,12,G,325(E2),F,-8,7
0,0,,G,325(E2),G,0,
-4.273,-7.015,6,G,325(E2),H,-7.402,4
-1.508,-2.724,3,G,325(E2),I,-4.915,2
-4.407,-7.089,5,G,325(E2),K,-6.412,3
-5.903,-7.515,4,G,325(E2),L,-8,3
-4.533,-7.152,5,G,325(E2),M,,
-5.538,-7.458,10,G,325(E2),N,-8,6
-4.623,-7.192,6,G,325(E2),P,-8,6
-5.738,-7.492,5,G,325(E2),Q,-8,3
-5.783,-7.498,5,G,325(E2),R,-8,2
-6.424,-7.568,14,G,325(E2),S,-8,3
-6.158,-7.544,8,G,325(E2),T,-8,3
-4.569,-7.168,11,G,325(E2),V,-7.547,4
-4.594,-7.179,7,G,325(E2),W,-8,7
-4.838,-7.276,7,G,325(E2),Y,-8,4
-3.833,-6.703,1,L,326(E2),-,-7.032,1
-3.412,-6.283,2,L,326(E2),A,-6.845,2
-3.907,-6.764,10,L,326(E2),C,-7.074,3
-5.655,-7.479,4,L,326(E2),D,-7.692,2
-5.176,-7.379,6,L,326(E2),E,-7.556,2
-6.567,-7.578,9,L,326(E2),F,-7.802,3
-4.533,-7.151,6,L,326(E2),G,-8,4
-6.269,-7.555,6,L,326(E2),H,-8,3
-0.1294,-0.1626,5,L,326(E2),I,-0.3203,5
-3.027,-5.775,4,L,326(E2),K,-6.558,2
0,0,,L,326(E2),L,0,
-1.541,-2.798,18,L,326(E2),M,-3.554,5
-5.903,-7.515,7,L,326(E2),N,-8,3
-5.981,-7.525,33,L,326(E2),P,-8,12
-5.808,-7.502,6,L,326(E2),Q,,
-7.477,-7.618,6,L,326(E2),R,-8,1
-5.785,-7.499,5,L,326(E2),S,-8,3
-2.032,-3.902,3,L,326(E2),T,-5.654,2
-0.3002,-0.399,3,L,326(E2),V,,
-4.175,-6.955,4,L,326(E2),W,-6.358,2
-3.695,-6.579,5,L,326(E2),Y,,
-9.445,-7.642,5,E,327(E2),*,,
-0.2938,-0.3897,1,E,327(E2),-,,
-3.468,-6.347,4,E,327(E2),A,,
-5.507,-7.453,4,E,327(E2),C,-8,2
-4.23,-6.989,11,E,327(E2),D,-8,5
0,0,,E,327(E2),E,0,
-5.494,-7.45,3,E,327(E2),F,-8,2
-5.933,-7.519,11,E,327(E2),G,-8,5
-2.992,-5.724,5,E,327(E2),H,-5.931,2
-5.811,-7.502,9,E,327(E2),I,-8,3
-4.367,-7.068,36,E,327(E2),K,-7.352,8
-2.807,-5.427,5,E,327(E2),L,-4.998,1
-4.103,-6.907,3,E,327(E2),M,-6.567,1
-5.604,-7.47,5,E,327(E2),N,-8,3
-5.392,-7.43,6,E,327(E2),P,-8,5
-5.35,-7.421,9,E,327(E2),Q,-8,7
-4.91,-7.301,4,E,327(E2),R,-8,2
-6.725,-7.588,8,E,327(E2),S,-8,4
-6.494,-7.573,9,E,327(E2),T,-8,7
-4.995,-7.328,7,E,327(E2),V,-8,4
-6.157,-7.544,9,E,327(E2),W,-8,3
-5.734,-7.491,6,E,327(E2),Y,-8,3
-2.452,-4.782,1,V,328(E2),-,,
-5.495,-7.45,17,V,328(E2),A,-8,10
-5.159,-7.375,12,V,328(E2),C,-8,3
-4.125,-6.923,6,V,328(E2),D,-8,1
-6.415,-7.567,8,V,328(E2),E,-8,3
-3.335,-6.192,4,V,328(E2),F,-2.751,2
-5.914,-7.516,9,V,328(E2),G,-8,5
-3.033,-5.784,3,V,328(E2),H,-5.853,1
-0.5972,-0.8705,15,V,328(E2),I,-0.9559,7
-5.098,-7.358,7,V,328(E2),K,-7.835,3
-2.593,-5.05,7,V,328(E2),L,-4.947,4
-5.867,-7.51,6,V,328(E2),M,-8,3
-5.307,-7.411,4,V,328(E2),N,-8,1
-4.24,-6.995,6,V,328(E2),P,-7.092,5
-5.142,-7.37,3,V,328(E2),Q,-8,1
-5.757,-7.495,8,V,328(E2),R,-8,4
-5.825,-7.504,6,V,328(E2),S,-7.94,1
-5.185,-7.381,1,V,328(E2),T,-8,1
0,0,,V,328(E2),V,0,
-3.941,-6.79,5,V,328(E2),W,-8,3
-4.687,-7.219,6,V,328(E2),Y,-7.75,4
-4.419,-7.096,7,T,329(E2),-,,
-2.352,-4.581,6,T,329(E2),A,,
-1.094,-1.819,4,T,329(E2),C,-1.884,3
-2.781,-5.384,7,T,329(E2),E,-6.347,2
-1.657,-3.061,4,T,329(E2),F,-2.814,1
-4.419,-7.096,7,T,329(E2),G,-7.634,6
-4.436,-7.104,5,T,329(E2),H,-8,3
-3.098,-5.878,11,T,329(E2),I,-6.757,4
-3.328,-6.183,3,T,329(E2),K,-6.715,2
-2.832,-5.469,9,T,329(E2),L,-6.048,7
-4.502,-7.137,4,T,329(E2),M,-7.672,4
-1.519,-2.747,3,T,329(E2),N,,
-3.236,-6.067,7,T,329(E2),P,-5.921,3
-2.098,-4.047,9,T,329(E2),Q,-5.26,5
-1.47,-2.639,8,T,329(E2),R,-2.62,2
-0.3781,-0.5153,7,T,329(E2),S,-0.5685,5
0,0,,T,329(E2),T,0,
-1.469,-2.635,6,T,329(E2),V,-2.808,4
-2.197,-4.259,5,T,329(E2),W,-4.552,2
-1.949,-3.719,1,T,329(E2),Y,,
-5.4,-7.431,16,W,330(E2),*,-8,1
-1.48,-2.661,6,W,330(E2),-,,
-5.74,-7.492,5,W,330(E2),A,-8,3
-9.594,-7.642,20,W,330(E2),C,-7.607,4
-4.617,-7.189,9,W,330(E2),D,-8,5
-5.694,-7.485,5,W,330(E2),E,-8,2
-5.407,-7.433,9,W,330(E2),F,-8,6
-5.977,-7.524,8,W,330(E2),G,-8,5
-6.038,-7.531,9,W,330(E2),H,-8,4
-6.579,-7.579,5,W,330(E2),I,-8,1
-5.103,-7.36,6,W,330(E2),K,-8,2
-4.926,-7.306,17,W,330(E2),L,-8,12
-3.901,-6.759,12,W,330(E2),M,-6.364,5
-5.786,-7.499,7,W,330(E2),N,-8,4
-6.355,-7.562,10,W,330(E2),P,-8,5
-4.032,-6.858,8,W,330(E2),Q,-6.895,1
-5.589,-7.468,21,W,330(E2),R,-8,7
-5.206,-7.387,5,W,330(E2),S,-8,3
-6.019,-7.529,5,W,330(E2),T,-8,3
-4.798,-7.262,2,W,330(E2),V,,
0,0,,W,330(E2),W,0,
-3.912,-6.767,7,W,330(E2),Y,-7.044,5
-1.264,-2.181,6,G,331(E2),-,,
-3.265,-6.104,11,G,331(E2),A,-6.862,4
-5.869,-7.51,6,G,331(E2),C,-8,2
-5.193,-7.383,30,G,331(E2),D,-8,10
-4.509,-7.14,7,G,331(E2),E,-7.55,2
-6.102,-7.538,6,G,331(E2),F,-8,5
0,0,,G,331(E2),G,0,
-4.586,-7.176,6,G,331(E2),H,-7.615,4
-4.494,-7.133,7,G,331(E2),I,-6.936,1
-5.7,-7.486,5,G,331(E2),K,-7.424,2
-5.55,-7.461,5,G,331(E2),L,-8,2
-4.152,-6.94,3,G,331(E2),M,,
-4.734,-7.237,6,G,331(E2),N,-8,5
-5.59,-7.468,4,G,331(E2),P,-8,2
-5.75,-7.494,3,G,331(E2),Q,-8,3
-4.97,-7.32,8,G,331(E2),R,-8,4
-6.105,-7.538,24,G,331(E2),S,-8,3
-3.829,-6.7,4,G,331(E2),T,-6.156,2
-5.235,-7.394,14,G,331(E2),V,-8,3
-4.623,-7.192,7,G,331(E2),W,-7.265,3
-4.951,-7.314,6,G,331(E2),Y,-8,6
-4.612,-7.187,10,N,332(E2),-,,
-5.477,-7.447,3,N,332(E2),A,-8,2
-5.439,-7.439,6,N,332(E2),C,-8,5
-5.493,-7.45,5,N,332(E2),D,-8,2
-4.601,-7.182,6,N,332(E2),E,-8,3
-3.862,-6.727,5,N,332(E2),F,-7.071,4
-5.541,-7.459,11,N,332(E2),G,-8,7
-4.042,-6.865,8,N,332(E2),H,-6.065,2
-4.543,-7.156,5,N,332(E2),I,-7.697,4
-4.792,-7.26,5,N,332(E2),K,,
-4.924,-7.306,8,N,332(E2),L,-8,6
-5.38,-7.427,4,N,332(E2),M,-8,1
0,0,,N,332(E2),N,0,
-5.417,-7.435,6,N,332(E2),P,-8,6
-5.802,-7.501,4,N,332(E2),Q,-8,3
-7.728,-7.624,6,N,332(E2),R,-8,6
-5.236,-7.394,9,N,332(E2),S,-8,6
-5.519,-7.455,3,N,332(E2),T,-8,2
-4.21,-6.977,8,N,332(E2),V,-6.72,4
-5.489,-7.449,7,N,332(E2),W,-7.786,3
-5.28,-7.405,6,N,332(E2),Y,-8,4
-0.8827,-1.394,5,N,333(E2),-,,
-6.252,-7.553,11,N,333(E2),A,-8,5
-4.29,-7.025,8,N,333(E2),C,-8,5
-4.516,-7.144,8,N,333(E2),D,-8,6
-5.559,-7.462,9,N,333(E2),E,-8,6
-5.489,-7.449,7,N,333(E2),F,-8,3
-4.692,-7.221,9,N,333(E2),G,-7.674,5
-2.383,-4.644,4,N,333(E2),H,,
-5.29,-7.407,9,N,333(E2),I,-8,5
-4.629,-7.195,7,N,333(E2),K,-8,3
-5.505,-7.452,3,N,333(E2),L,-8,2
-6.127,-7.541,3,N,333(E2),M,-8,1
0,0,,N,333(E2),N,0,
-4.433,-7.103,11,N,333(E2),P,-8,7
-4.209,-6.976,6,N,333(E2),Q,-8,3
-4.857,-7.283,5,N,333(E2),R,-6.818,2
-6.001,-7.527,11,N,333(E2),S,-8,6
-5.017,-7.335,5,N,333(E2),T,-8,1
-3.551,-6.437,7,N,333(E2),V,-6.974,2
-4.369,-7.069,6,N,333(E2),W,-6.912,2
-5.888,-7.513,10,N,333(E2),Y,-8,5
-6.076,-7.535,3,E,334(E2),*,,
-1.318,-2.3,5,E,334(E2),-,,
1.902,1.181,1,E,334(E2),A,,
-0.7091,-1.068,7,E,334(E2),C,-1.709,5
0.4906,0.4965,13,E,334(E2),D,0.8306,4
0,0,,E,334(E2),E,0,
-1.616,-2.968,7,E,334(E2),F,-3.119,4
-1.675,-3.101,13,E,334(E2),G,-2.97,2
-1.427,-2.542,8,E,334(E2),H,-2.899,7
-1.263,-2.179,8,E,334(E2),I,-2.106,5
-1.585,-2.897,10,E,334(E2),K,-1.868,3
-1.21,-2.066,10,E,334(E2),L,-2.935,4
-1.034,-1.696,7,E,334(E2),M,-1.667,5
-0.4309,-0.5971,4,E,334(E2),N,,
-1.238,-2.126,2,E,334(E2),P,-2.549,1
-1.132,-1.899,11,E,334(E2),Q,-2.003,7
-2.244,-4.359,2,E,334(E2),R,-4.66,1
-2.227,-4.323,6,E,334(E2),S,-4.538,3
-5.753,-7.494,12,E,334(E2),T,-8,7
-1.537,-2.789,5,E,334(E2),V,,
-1.997,-3.824,5,E,334(E2),W,-3.704,4
-1.382,-2.442,3,E,334(E2),Y,-3.489,2
-0.4595,-0.6424,5,P,335(E2),-,,
-0.6504,-0.9629,9,P,335(E2),A,-0.9045,5
-3.485,-6.365,3,P,335(E2),C,-6.611,2
-4.729,-7.236,4,P,335(E2),D,-6.148,2
-5.174,-7.379,5,P,335(E2),E,-8,1
-5.988,-7.525,8,P,335(E2),F,-8,4
-5.408,-7.433,4,P,335(E2),G,-8,3
-5.14,-7.37,5,P,335(E2),H,-8,2
-5.141,-7.37,2,P,335(E2),I,-8,1
-5.176,-7.379,2,P,335(E2),K,-8,1
-5.021,-7.336,6,P,335(E2),L,-8,1
-5.663,-7.48,4,P,335(E2),M,-8,3
-3.105,-5.889,4,P,335(E2),N,-6.305,3
0,0,,P,335(E2),P,0,
-3.454,-6.331,6,P,335(E2),Q,-7.12,2
-4.426,-7.099,9,P,335(E2),R,-7.63,6
-6.654,-7.583,7,P,335(E2),S,-8,2
-5.269,-7.402,7,P,335(E2),T,-8,2
-2.445,-4.766,7,P,335(E2),V,-5.238,6
-5.952,-7.521,8,P,335(E2),W,-8,3
-5.509,-7.453,3,P,335(E2),Y,-8,2
-4.816,-7.268,7,Y,336(E2),*,-8,1
-1.963,-3.749,5,Y,336(E2),-,,
-0.5403,-0.7743,6,Y,336(E2),A,-0.8446,2
-0.5345,-0.7645,9,Y,336(E2),C,-1.016,2
-0.8863,-1.401,5,Y,336(E2),D,-1.435,3
-0.9611,-1.548,5,Y,336(E2),E,-1.603,2
-0.2902,-0.3845,7,Y,336(E2),F,-0.9162,3
-2.433,-4.743,3,Y,336(E2),G,,
-1.221,-2.09,11,Y,336(E2),H,-2.02,5
1.43,1.039,6,Y,336(E2),I,-1.152,2
-0.6928,-1.038,2,Y,336(E2),K,,
0.3126,0.337,8,Y,336(E2),L,0.106,6
0.5116,0.5139,5,Y,336(E2),M,-0.1787,2
-0.1605,-0.2037,3,Y,336(E2),N,0.2824,1
-4.485,-7.129,3,Y,336(E2),P,-7.568,2
-0.04346,-0.05304,3,Y,336(E2),Q,-1.567,1
-0.8881,-1.404,8,Y,336(E2),R,-1.15,4
-0.4906,-0.6925,4,Y,336(E2),S,-0.9657,1
0.6861,0.6474,5,Y,336(E2),T,-0.791,2
-0.4256,-0.5888,5,Y,336(E2),V,-0.9329,4
2.03,1.21,6,Y,336(E2),W,1.072,3
0,0,,Y,336(E2),Y,0,
-1.011,-1.649,1,K,337(E2),*,,
-1.939,-3.697,4,K,337(E2),C,-3.571,2
-5.285,-7.406,5,K,337(E2),D,-8,1
-3.938,-6.788,5,K,337(E2),E,,
-2.012,-3.858,4,K,337(E2),F,,
-4.472,-7.122,10,K,337(E2),G,-8,4
-1.089,-1.81,5,K,337(E2),H,-4.583,4
-6.117,-7.54,6,K,337(E2),I,-8,3
0,0,,K,337(E2),K,0,
-1.752,-3.275,11,K,337(E2),L,-3.524,7
-1.81,-3.406,6,K,337(E2),M,-2.217,2
-1.545,-2.807,12,K,337(E2),N,-3.058,3
-5.645,-7.477,5,K,337(E2),P,-8,2
-1.285,-2.228,5,K,337(E2),Q,-1.905,1
0.7145,0.6675,5,K,337(E2),R,0.3831,2
-1.429,-2.546,4,K,337(E2),S,-2.62,3
-1.473,-2.644,12,K,337(E2),T,-2.724,6
-2.626,-5.111,5,K,337(E2),V,-5.449,3
-2.616,-5.093,3,K,337(E2),W,-5.931,2
-1.09,-1.812,5,K,337(E2),Y,-1.799,2
-4.281,-7.02,1,Y,338(E2),*,,
-6.084,-7.536,7,Y,338(E2),A,-8,4
-3.993,-6.83,7,Y,338(E2),C,-7.146,4
-4.161,-6.946,7,Y,338(E2),D,-8,2
-5.735,-7.491,3,Y,338(E2),E,-8,3
0.1866,0.2103,4,Y,338(E2),F,-4.283,1
-1.356,-2.384,1,Y,338(E2),G,,
-4.387,-7.079,11,Y,338(E2),H,-8,5
-5.99,-7.526,6,Y,338(E2),I,-8,3
-5.644,-7.477,8,Y,338(E2),K,-8,7
-3.379,-6.245,5,Y,338(E2),L,-6.325,5
-2.574,-5.015,4,Y,338(E2),M,-4.452,3
-4.583,-7.175,9,Y,338(E2),N,-8,5
-4.343,-7.055,10,Y,338(E2),P,-8,7
-6.237,-7.552,10,Y,338(E2),Q,-8,5
-5.415,-7.434,8,Y,338(E2),R,-8,4
-5.332,-7.417,3,Y,338(E2),S,-8,2
-5.053,-7.345,2,Y,338(E2),T,,
-5.159,-7.375,6,Y,338(E2),V,-8,4
-0.1007,-0.1253,2,Y,338(E2),W,-0.406,2
0,0,,Y,338(E2),Y,0,
-5.424,-7.436,25,W,339(E2),*,-8,6
-3.021,-5.767,6,W,339(E2),A,-5.318,3
-5.087,-7.355,8,W,339(E2),C,-8,5
-5.578,-7.466,5,W,339(E2),D,-8,2
-5.778,-7.498,7,W,339(E2),E,-8,3
-1.448,-2.588,6,W,339(E2),F,,
-3.885,-6.746,8,W,339(E2),G,-5.307,1
-3.849,-6.716,5,W,339(E2),H,-8,3
-5.118,-7.364,15,W,339(E2),I,-8,9
-2.884,-5.554,8,W,339(E2),K,-5.362,4
-5.33,-7.416,3,W,339(E2),L,-8,1
-3.982,-6.822,6,W,339(E2),M,-7.359,3
-4.903,-7.299,4,W,339(E2),N,-8,4
-5.222,-7.391,8,W,339(E2),P,-8,4
-4.957,-7.316,12,W,339(E2),Q,-8,8
-5.893,-7.513,5,W,339(E2),R,-8,3
3.17,1.356,4,W,339(E2),S,-5.802,1
-3.17,-5.978,5,W,339(E2),T,-6.112,3
-4.517,-7.144,6,W,339(E2),V,-8,5
0,0,,W,339(E2),W,0,
-0.9311,-1.489,7,W,339(E2),Y,-2.768,5
-0.08098,-0.1001,3,P,340(E2),A,-0.5615,2
-0.858,-1.346,3,P,340(E2),C,-1.435,2
-1.957,-3.737,6,P,340(E2),D,-2.905,2
-2.555,-4.979,7,P,340(E2),E,-5.132,3
-2.521,-4.915,5,P,340(E2),F,-5.309,2
-1.993,-3.817,4,P,340(E2),G,,
-1.849,-3.495,8,P,340(E2),H,-3.629,1
-1.04,-1.707,5,P,340(E2),I,-2.016,4
-0.4389,-0.6096,4,P,340(E2),K,-0.3125,2
0.836,0.7478,11,P,340(E2),L,0.5655,5
-0.7434,-1.13,3,P,340(E2),M,-1.105,3
2.197,1.242,4,P,340(E2),N,0.2337,1
0,0,,P,340(E2),P,0,
-1.061,-1.752,6,P,340(E2),Q,-2.182,5
-0.1405,-0.1772,2,P,340(E2),R,-0.2572,1
0.3586,0.3803,8,P,340(E2),S,0.2778,4
-0.476,-0.6689,5,P,340(E2),T,-0.9823,3
-0.6377,-0.9406,7,P,340(E2),V,-0.4362,2
-2.344,-4.566,4,P,340(E2),W,-4.859,3
-2.313,-4.502,5,P,340(E2),Y,-4.576,2
-6.162,-7.544,7,Q,341(E2),*,,
0.5739,0.5637,12,Q,341(E2),A,0.6573,5
-0.9826,-1.591,4,Q,341(E2),C,-2.247,4
-2.86,-5.515,8,Q,341(E2),D,-5.063,5
-1.494,-2.692,4,Q,341(E2),E,-3.398,1
-2.861,-5.517,7,Q,341(E2),F,-6,2
-1.231,-2.111,10,Q,341(E2),H,-2.808,4
0.4456,0.4582,5,Q,341(E2),I,-0.7871,1
-1.703,-3.165,18,Q,341(E2),K,-2.974,8
3.123,1.353,4,Q,341(E2),L,1.073,1
0.04932,0.0583,9,Q,341(E2),M,-1.149,5
2.85,1.33,3,Q,341(E2),N,,
-4.321,-7.043,10,Q,341(E2),P,-7.704,4
0,0,,Q,341(E2),Q,0,
0.2364,0.2618,11,Q,341(E2),R,-0.038,4
0.2196,0.2446,9,Q,341(E2),S,-0.746,4
0.8589,0.762,8,Q,341(E2),T,0.7177,4
3.234,1.36,4,Q,341(E2),V,1.487,2
-2.441,-4.76,9,Q,341(E2),W,-4.82,4
-1.542,-2.799,8,Q,341(E2),Y,-2.599,3
0.6771,0.641,4,L,342(E2),A,0.7566,3
-0.6733,-1.004,6,L,342(E2),C,-1.021,4
-0.5188,-0.7385,6,L,342(E2),D,-0.7971,5
-0.4251,-0.588,4,L,342(E2),E,-0.8004,1
-0.1543,-0.1954,4,L,342(E2),F,-0.5906,3
1.031,0.8604,7,L,342(E2),G,0.7105,4
0.2708,0.2963,4,L,342(E2),H,-0.01918,3
0.6781,0.6417,4,L,342(E2),I,0.3759,4
-0.5587,-0.805,7,L,342(E2),K,-1.582,1
0,0,,L,342(E2),L,0,
0.1537,0.1752,14,L,342(E2),M,-0.06734,10
-3.142,-5.94,4,L,342(E2),N,-7.165,2
0.7436,0.6874,6,L,342(E2),P,-0.2459,3
1.504,1.066,3,L,342(E2),Q,0.7525,1
0.09966,0.1158,5,L,342(E2),R,0.1075,2
0.9028,0.7886,4,L,342(E2),S,0.609,1
0.6171,0.5969,3,L,342(E2),T,1.228,1
-0.2315,-0.3009,5,L,342(E2),V,-0.2579,2
-0.1086,-0.1355,11,L,342(E2),W,-0.403,5
-0.1267,-0.159,8,L,342(E2),Y,-0.3632,6
-0.8196,-1.272,5,S,343(E2),A,-2.334,3
-1.373,-2.42,9,S,343(E2),C,-2.252,4
-1.38,-2.437,4,S,343(E2),D,-3.458,1
-0.4129,-0.5689,6,S,343(E2),E,-1.116,5
-0.7016,-1.054,8,S,343(E2),F,-2.014,4
0.1126,0.1302,5,S,343(E2),G,-0.05645,2
-0.08776,-0.1087,7,S,343(E2),H,-0.3151,4
-0.33,-0.4428,4,S,343(E2),I,-0.7097,2
-0.608,-0.889,5,S,343(E2),K,-1.45,2
-0.6712,-0.9997,7,S,343(E2),L,-1.975,3
-0.5804,-0.8417,6,S,343(E2),M,-1.115,4
0.1132,0.1309,5,S,343(E2),N,-0.7126,4
-0.5162,-0.7344,20,S,343(E2),P,-1.554,8
-0.9347,-1.496,3,S,343(E2),Q,-1.718,2
-0.6063,-0.8862,7,S,343(E2),R,-1.347,3
0,0,,S,343(E2),S,0,
-0.6487,-0.96,5,S,343(E2),T,-1.092,2
0.4879,0.4942,6,S,343(E2),V,0.06862,5
-0.7386,-1.121,8,S,343(E2),W,-1.429,4
-0.7708,-1.181,6,S,343(E2),Y,-0.7039,3
0.7825,0.7134,10,T,344(E2),A,0.06487,5
-1.121,-1.877,9,T,344(E2),C,-1.744,5
-0.2928,-0.3883,4,T,344(E2),D,-1.65,2
-0.5598,-0.807,8,T,344(E2),E,-1.732,4
0.3645,0.3858,1,T,344(E2),F,,
-0.5722,-0.8279,4,T,344(E2),G,-1.139,2
1.123,0.9073,5,T,344(E2),H,0.4282,1
0.633,0.6088,12,T,344(E2),I,0.06509,4
-0.4038,-0.5548,8,T,344(E2),K,-0.221,5
0.4702,0.4793,5,T,344(E2),L,1.042,3
0.3165,0.3407,5,T,344(E2),M,0.446,2
0.1194,0.1378,6,T,344(E2),N,0.8254,3
-0.1875,-0.2402,8,T,344(E2),P,-0.7915,3
-0.2244,-0.291,5,T,344(E2),Q,-0.5198,2
0.778,0.7105,4,T,344(E2),R,1.235,2
0.3196,0.3437,5,T,344(E2),S,-0.05695,4
0,0,,T,344(E2),T,0,
0.5597,0.5526,6,T,344(E2),V,0.4493,3
-0.5634,-0.813,4,T,344(E2),W,-2.737,2
1.122,0.9071,7,T,344(E2),Y,0.1929,5
1.524,1.072,4,N,345(E2),A,0.3508,2
-1.242,-2.134,7,N,345(E2),C,-3.526,2
2.72,1.317,4,N,345(E2),D,1.255,2
-0.1919,-0.2461,12,N,345(E2),E,0.2574,5
1.329,0.9996,5,N,345(E2),F,-0.2647,2
1.908,1.182,4,N,345(E2),G,0.02625,2
0.8417,0.7514,4,N,345(E2),H,-0.9652,2
-0.08415,-0.1041,5,N,345(E2),I,,
0.6252,0.603,10,N,345(E2),K,-0.145,4
0.3205,0.3445,8,N,345(E2),L,-0.05056,3
0.5865,0.5735,8,N,345(E2),M,0.2782,4
0,0,,N,345(E2),N,0,
0.6291,0.6059,6,N,345(E2),P,2.281,2
0.7045,0.6605,3,N,345(E2),Q,0.2928,1
0.2911,0.3162,3,N,345(E2),R,,
0.4334,0.4476,8,N,345(E2),S,0.4158,6
0.4191,0.4351,8,N,345(E2),T,-0.3185,4
1.633,1.108,1,N,345(E2),V,0.8259,1
0.05402,0.06376,6,N,345(E2),W,-1.201,2
0.2978,0.3227,7,N,345(E2),Y,1.117,3
-0.2684,-0.3531,9,G,346(E2),A,-1.161,5
-2.645,-5.146,6,G,346(E2),C,-5.786,1
-0.7627,-1.166,52,G,346(E2),D,-0.632,9
-1.378,-2.433,6,G,346(E2),E,-2.757,4
0.04178,0.04952,10,G,346(E2),F,0.1975,6
0,0,,G,346(E2),G,0,
-0.07125,-0.08777,11,G,346(E2),H,-0.4884,5
0.4098,0.4268,3,G,346(E2),I,0.1691,2
-0.1368,-0.1723,8,G,346(E2),K,-2.127,1
0.7929,0.7202,5,G,346(E2),M,-1.823,2
0.1085,0.1256,6,G,346(E2),N,0.06103,1
0.3337,0.3571,2,G,346(E2),P,0.06775,2
0.1295,0.1489,6,G,346(E2),Q,-0.01215,4
-0.3001,-0.3989,4,G,346(E2),R,-0.2734,1
0.4145,0.431,12,G,346(E2),S,0.8993,3
0.5034,0.5071,10,G,346(E2),T,0.205,7
0.3152,0.3395,8,G,346(E2),V,0.3169,5
-0.04886,-0.05974,5,G,346(E2),W,-0.5683,4
1.605,1.099,11,G,346(E2),Y,0.6019,7
0.7774,0.7101,11,T,347(E2),A,-0.2384,5
-2.076,-3.999,9,T,347(E2),C,-4.116,3
-0.2879,-0.3811,6,T,347(E2),D,-0.6647,4
0.2063,0.2309,6,T,347(E2),E,-0.25,4
0.006963,0.008353,4,T,347(E2),F,-0.4399,3
-0.7581,-1.157,5,T,347(E2),G,-2.056,4
-0.2005,-0.258,7,T,347(E2),H,-0.845,4
0.5226,0.5228,18,T,347(E2),I,0.9495,9
0.2968,0.3218,9,T,347(E2),K,-0.0999,2
0.1725,0.1953,2,T,347(E2),L,0.2137,1
0.7432,0.6872,3,T,347(E2),M,-0.3271,2
0.3494,0.3718,9,T,347(E2),N,0.6464,4
0.1654,0.1877,7,T,347(E2),P,-0.431,2
-0.3935,-0.5389,3,T,347(E2),Q,-0.2641,1
0.5124,0.5145,6,T,347(E2),R,0.4781,4
-0.2983,-0.3963,10,T,347(E2),S,-1.014,5
0,0,,T,347(E2),T,0,
1.384,1.022,8,T,347(E2),V,0.4412,7
0.8586,0.7619,16,T,347(E2),W,0.3935,9
0.9818,0.8339,3,T,347(E2),Y,-0.07654,1
0,0,,A,348(E2),A,0,
-4.032,-6.858,6,A,348(E2),C,-8,2
-1.094,-1.82,8,A,348(E2),D,-2.032,4
-1.47,-2.638,4,A,348(E2),E,-2.912,2
1.171,0.9306,5,A,348(E2),F,1.035,3
-0.3064,-0.408,8,A,348(E2),G,-0.8945,4
2.302,1.26,5,A,348(E2),H,-0.4017,1
-0.4799,-0.6752,6,A,348(E2),I,-0.8106,3
0.5278,0.5271,6,A,348(E2),K,0.3108,3
2.145,1.233,5,A,348(E2),L,0.4139,4
2.528,1.294,5,A,348(E2),M,0.4592,2
0.3544,0.3765,7,A,348(E2),N,0.006071,3
0.3569,0.3788,7,A,348(E2),P,-0.4064,4
0.2811,0.3065,6,A,348(E2),Q,-0.434,3
-0.1211,-0.1517,8,A,348(E2),R,-0.4994,5
-0.3416,-0.4602,16,A,348(E2),S,-0.7832,6
0.08375,0.09783,20,A,348(E2),T,-0.7647,7
-0.4238,-0.5859,18,A,348(E2),V,-0.8667,3
1.1,0.8961,2,A,348(E2),W,0.6297,2
0.4334,0.4476,4,A,348(E2),Y,-2.393,1
-0.6467,-0.9564,1,H,349(E2),-,,
-0.3133,-0.4182,4,H,349(E2),A,-0.8852,4
-2.292,-4.458,5,H,349(E2),C,-4.908,2
-0.8281,-1.289,10,H,349(E2),D,-1.765,7
-0.7011,-1.053,6,H,349(E2),E,-1.636,5
-0.5884,-0.8554,7,H,349(E2),F,-0.8587,3
-0.3805,-0.5189,5,H,349(E2),G,-0.5376,1
0,0,,H,349(E2),H,0,
0.6079,0.5899,11,H,349(E2),I,-0.06016,9
0.3278,0.3515,9,H,349(E2),K,0.6932,4
-0.5831,-0.8464,7,H,349(E2),L,-1.311,3
-0.2416,-0.315,5,H,349(E2),M,-0.6739,2
-0.2596,-0.3406,13,H,349(E2),N,-0.3947,8
1.75,1.142,2,H,349(E2),P,0.7019,1
-0.5364,-0.7678,8,H,349(E2),Q,-0.636,3
-0.6937,-1.04,6,H,349(E2),R,-2.231,3
0.02805,0.0334,6,H,349(E2),S,0.259,2
0.09695,0.1127,12,H,349(E2),T,-0.1633,6
1.131,0.9112,4,H,349(E2),V,0.7143,3
-0.3027,-0.4027,7,H,349(E2),W,-0.7085,5
0.2446,0.2701,8,H,349(E2),Y,-0.2458,4
-5.339,-7.418,4,G,350(E2),*,,
-0.8279,-1.288,1,G,350(E2),-,,
0.9154,0.796,11,G,350(E2),A,0.5286,1
-1.595,-2.92,4,G,350(E2),C,-2.798,1
-0.2404,-0.3134,6,G,350(E2),D,-5.758,1
-0.6056,-0.8849,10,G,350(E2),E,-0.9086,1
1.644,1.111,13,G,350(E2),F,1.272,8
0,0,,G,350(E2),G,0,
0.4065,0.4239,8,G,350(E2),H,0.3113,5
2.085,1.221,8,G,350(E2),I,1.08,5
1.698,1.127,7,G,350(E2),K,2.101,3
0.9673,0.8258,5,G,350(E2),L,1.057,2
1.818,1.16,7,G,350(E2),M,1.017,3
0.5586,0.5517,11,G,350(E2),N,0.2862,7
1.654,1.114,4,G,350(E2),P,0.9294,2
-0.7755,-1.189,3,G,350(E2),Q,,
0.5516,0.5462,17,G,350(E2),R,,
0.09565,0.1113,7,G,350(E2),S,0.264,5
1.33,0.9998,7,G,350(E2),T,0.367,3
2.055,1.215,10,G,350(E2),V,1.119,8
1.163,0.9267,7,G,350(E2),W,0.06545,4
1.754,1.143,8,G,350(E2),Y,0.8312,6
-0.1122,-0.1402,1,H,351(E2),-,,
1.571,1.088,2,H,351(E2),A,-0.2299,1
-3.777,-6.655,6,H,351(E2),C,-6.97,3
-0.9134,-1.454,7,H,351(E2),D,-0.7575,2
-0.7575,-1.156,9,H,351(E2),E,-1.381,5
1.578,1.09,5,H,351(E2),F,0.8416,4
0.813,0.7332,5,H,351(E2),G,0.07465,4
0,0,,H,351(E2),H,0,
-0.94,-1.506,5,H,351(E2),I,-1.374,2
0.2837,0.309,6,H,351(E2),K,0.05155,6
0.3152,0.3395,7,H,351(E2),L,0.4596,5
-0.1406,-0.1773,5,H,351(E2),M,-0.4523,4
-0.4625,-0.6472,6,H,351(E2),N,-0.7347,4
-0.9272,-1.481,12,H,351(E2),P,-1.754,7
-0.3226,-0.4319,11,H,351(E2),Q,-0.4354,4
1.114,0.9031,7,H,351(E2),R,,
0.6419,0.6154,4,H,351(E2),S,-1.082,2
0.3437,0.3665,2,H,351(E2),T,0.698,1
-1.058,-1.745,4,H,351(E2),V,-2.068,4
0.6509,0.622,4,H,351(E2),W,0.8143,2
0.09227,0.1075,4,H,351(E2),Y,-0.1281,1
-0.4868,-0.6863,11,P,352(E2),A,-0.9002,5
-4.572,-7.169,5,P,352(E2),C,-7.463,3
-1.592,-2.914,1,P,352(E2),D,-3.229,1
-1.87,-3.543,7,P,352(E2),E,-3.851,2
0.9827,0.8344,4,P,352(E2),F,0.612,3
-1.538,-2.791,7,P,352(E2),G,-2.691,3
-1.901,-3.611,14,P,352(E2),H,-3.784,10
1.957,1.194,1,P,352(E2),I,0.9061,1
-2.123,-4.1,4,P,352(E2),K,-3.763,2
1.046,0.8682,6,P,352(E2),L,0.6565,3
-0.03851,-0.04692,7,P,352(E2),M,0.05545,4
-1.182,-2.005,3,P,352(E2),N,-1.849,2
0,0,,P,352(E2),P,0,
-1.183,-2.007,5,P,352(E2),Q,-2.272,4
-2.038,-3.916,11,P,352(E2),R,-3.598,5
-0.8689,-1.367,5,P,352(E2),S,-2.001,3
-1.918,-3.649,4,P,352(E2),T,-4.955,1
-0.3272,-0.4387,3,P,352(E2),V,-0.4163,2
0.9901,0.8385,4,P,352(E2),W,0.6548,2
-0.5014,-0.7101,5,P,352(E2),Y,-0.411,4
0.4129,0.4295,12,H,353(E2),A,0.2861,6
-1.465,-2.625,7,H,353(E2),C,-2.821,4
-1.644,-3.03,7,H,353(E2),D,-4.527,2
-0.9438,-1.514,6,H,353(E2),E,-1.172,3
1.363,1.013,3,H,353(E2),F,2.352,1
-0.3291,-0.4416,3,H,353(E2),G,1.759,1
0,0,,H,353(E2),H,0,
0.3471,0.3697,6,H,353(E2),I,0.5769,3
-0.3269,-0.4382,4,H,353(E2),K,-1.542,2
0.08696,0.1015,11,H,353(E2),L,0.2325,6
0.3867,0.4061,7,H,353(E2),M,-1.264,1
-0.8518,-1.334,12,H,353(E2),N,-1.473,6
-1.586,-2.899,8,H,353(E2),P,-2.267,3
-0.3987,-0.5469,8,H,353(E2),Q,-1.027,2
-0.5949,-0.8665,3,H,353(E2),R,-0.6942,1
0.4356,0.4495,3,H,353(E2),S,0.3452,2
-0.3683,-0.5003,2,H,353(E2),T,-0.774,2
0.4328,0.4471,2,H,353(E2),V,0.6133,1
1.247,0.9648,7,H,353(E2),W,0.5404,4
1.747,1.141,8,H,353(E2),Y,-1.064,3
-6.249,-7.553,9,E,354(E2),*,,
-0.5877,-0.8542,13,E,354(E2),A,-1.257,7
-2.121,-4.096,4,E,354(E2),C,-4.572,4
0.4311,0.4456,12,E,354(E2),D,0.8315,3
0,0,,E,354(E2),E,0,
-1.858,-3.514,12,E,354(E2),F,-3.696,4
-0.8352,-1.302,7,E,354(E2),G,-1.102,1
-0.9515,-1.529,9,E,354(E2),H,-1.607,8
-3.882,-6.743,7,E,354(E2),I,-6.395,2
-0.9374,-1.501,12,E,354(E2),K,-1.05,4
-1.334,-2.335,9,E,354(E2),L,-2.607,3
-1.614,-2.962,10,E,354(E2),M,-3.47,8
-1.107,-1.847,4,E,354(E2),N,-2.119,2
-1.949,-3.72,10,E,354(E2),P,-4.683,5
-0.1444,-0.1823,6,E,354(E2),Q,-0.3303,4
-0.991,-1.608,10,E,354(E2),R,-2.499,4
0.2261,0.2513,6,E,354(E2),S,0.02466,3
-1.801,-3.387,6,E,354(E2),T,-3.175,2
-4.056,-6.875,5,E,354(E2),V,-6.831,4
-0.5857,-0.8507,5,E,354(E2),W,-0.9175,1
-2.746,-5.323,4,E,354(E2),Y,-6.216,1
-0.8178,-1.269,11,I,355(E2),A,-1.489,7
-2.858,-5.512,10,I,355(E2),C,-6.416,5
-2.315,-4.505,6,I,355(E2),D,-6.877,3
-2.621,-5.102,7,I,355(E2),E,-5.511,3
-0.5824,-0.8452,4,I,355(E2),F,-1.288,3
-0.8256,-1.284,6,I,355(E2),G,-1.045,3
-2.196,-4.258,8,I,355(E2),H,-4.451,6
0,0,,I,355(E2),I,0,
-2.349,-4.575,8,I,355(E2),K,-4.416,3
-0.2232,-0.2893,8,I,355(E2),L,-0.6269,3
-0.7462,-1.135,3,I,355(E2),M,-1.442,2
-2.089,-4.026,2,I,355(E2),N,-4.132,1
-1.563,-2.846,7,I,355(E2),P,-3.837,2
-2.373,-4.625,9,I,355(E2),Q,-5.101,5
-1.997,-3.826,3,I,355(E2),R,-2.526,1
-1.595,-2.921,9,I,355(E2),S,-3.978,4
-1.331,-2.328,8,I,355(E2),T,-2.843,1
-0.2325,-0.3022,5,I,355(E2),V,-0.5764,3
-0.5734,-0.8299,5,I,355(E2),W,-1.094,4
-1.047,-1.722,5,I,355(E2),Y,-2.316,1
-2.457,-4.79,9,I,356(E2),A,-5.084,5
-4.872,-7.288,9,I,356(E2),C,-8,3
-4.041,-6.865,8,I,356(E2),D,-7.441,4
-4.322,-7.043,11,I,356(E2),E,-8,5
0.5796,0.5682,7,I,356(E2),F,0.8148,2
-4.529,-7.15,4,I,356(E2),G,-7.426,1
-7.679,-7.623,3,I,356(E2),H,-8,1
0,0,,I,356(E2),I,0,
-4.118,-6.918,2,I,356(E2),K,-7.247,2
0.3876,0.4069,9,I,356(E2),L,-0.3667,5
-1.053,-1.734,5,I,356(E2),M,-2.08,4
-4.59,-7.178,4,I,356(E2),N,-7.847,3
-3.107,-5.891,8,I,356(E2),P,-5.781,2
-2.902,-5.582,2,I,356(E2),Q,-5.292,1
-3.333,-6.189,5,I,356(E2),R,-6.748,3
-3.071,-5.839,8,I,356(E2),S,-5.787,6
-3.006,-5.744,13,I,356(E2),T,-5.956,7
-0.6399,-0.9445,9,I,356(E2),V,-0.8809,4
-0.06899,-0.08492,3,I,356(E2),W,0.2874,2
-2.597,-5.057,1,I,356(E2),Y,-5.404,1
0.2024,0.2268,5,L,357(E2),A,1.044,2
-3.796,-6.671,3,L,357(E2),C,-3.783,1
-1.527,-2.766,4,L,357(E2),D,-2.467,1
-1.003,-1.633,10,L,357(E2),E,-1.546,5
-1.312,-2.287,3,L,357(E2),F,,
0.5572,0.5506,2,L,357(E2),G,0.2562,2
-3.982,-6.822,2,L,357(E2),H,,
-4.282,-7.02,3,L,357(E2),I,,
-0.9148,-1.456,1,L,357(E2),K,,
0,0,,L,357(E2),L,0,
0.2725,0.2979,9,L,357(E2),M,-0.4861,4
0.4402,0.4535,2,L,357(E2),N,0.1144,2
-1.551,-2.821,10,L,357(E2),P,-2.71,2
0.04966,0.05869,8,L,357(E2),Q,1.089,3
1.358,1.011,3,L,357(E2),R,1.275,1
-0.9243,-1.475,2,L,357(E2),S,,
-0.8232,-1.279,6,L,357(E2),T,-1.698,2
-1.233,-2.115,4,L,357(E2),V,-2.402,3
-0.07262,-0.0895,3,L,357(E2),W,-0.2994,2
-1.45,-2.593,4,L,357(E2),Y,-3.381,2
-4.979,-7.323,3,Y,358(E2),*,-8,1
1.66,1.116,1,Y,358(E2),-,,
-1.178,-1.997,4,Y,358(E2),A,-1.93,1
-2.727,-5.291,6,Y,358(E2),C,-4.812,1
-2.567,-5.002,5,Y,358(E2),D,-4.466,1
-1.339,-2.346,4,Y,358(E2),E,-3.36,2
-0.03463,-0.04213,4,Y,358(E2),F,-0.003667,1
-1.773,-3.323,3,Y,358(E2),G,-3.59,3
-0.3086,-0.4113,11,Y,358(E2),H,-0.9994,4
-2.577,-5.02,7,Y,358(E2),I,-5.092,5
-1.334,-2.334,8,Y,358(E2),L,-2.393,4
-1.193,-2.028,6,Y,358(E2),M,-2.503,3
-4.017,-6.847,4,Y,358(E2),N,-8,2
-3.008,-5.746,4,Y,358(E2),P,-5.519,2
0.08711,0.1016,2,Y,358(E2),Q,-0.2419,2
-0.4605,-0.644,2,Y,358(E2),R,,
-1.18,-2,5,Y,358(E2),S,-0.7716,1
-1.168,-1.975,4,Y,358(E2),T,-2.211,2
-2.816,-5.443,3,Y,358(E2),V,-5.73,2
-0.577,-0.836,4,Y,358(E2),W,-1.402,2
0,0,,Y,358(E2),Y,0,
-5.865,-7.51,8,Y,359(E2),*,,
-1.799,-3.382,6,Y,359(E2),A,-3.197,3
-4.357,-7.063,7,Y,359(E2),C,-8,5
-3.157,-5.962,3,Y,359(E2),D,-6.279,1
-2.619,-5.097,4,Y,359(E2),E,-5.171,2
-0.5841,-0.848,4,Y,359(E2),F,-1.158,4
-2.54,-4.95,4,Y,359(E2),G,-5.909,3
-3.572,-6.458,10,Y,359(E2),H,-6.03,3
-1.966,-3.757,5,Y,359(E2),I,-3.871,4
-4.459,-7.116,1,Y,359(E2),K,,
-0.5891,-0.8566,1,Y,359(E2),L,-1.124,1
-0.9586,-1.543,2,Y,359(E2),M,-1.851,2
-3.502,-6.384,6,Y,359(E2),N,-6.721,6
-2.431,-4.739,1,Y,359(E2),P,,
-5.399,-7.431,4,Y,359(E2),Q,-8,3
-5.149,-7.372,3,Y,359(E2),R,-8,1
-4.367,-7.068,5,Y,359(E2),S,-7.529,2
-2.973,-5.693,4,Y,359(E2),T,-5.996,4
-5.134,-7.368,1,Y,359(E2),V,-8,1
-1.379,-2.435,7,Y,359(E2),W,-2.155,1
0,0,,Y,359(E2),Y,0,
-5.974,-7.524,3,Y,360(E2),*,-8,2
-1.43,-2.549,3,Y,360(E2),A,-2.502,1
-6.605,-7.58,8,Y,360(E2),C,-8,3
-5.603,-7.47,4,Y,360(E2),D,-8,1
-2.059,-3.962,1,Y,360(E2),E,-4.446,1
0.6908,0.6508,3,Y,360(E2),F,-1.063,1
-3.78,-6.657,3,Y,360(E2),G,-7.076,3
-2.409,-4.697,4,Y,360(E2),H,-4.686,1
-2.519,-4.911,6,Y,360(E2),I,-5.643,5
-1.585,-2.896,7,Y,360(E2),L,-3.442,5
-0.5822,-0.8448,4,Y,360(E2),M,-1.414,4
-4.599,-7.182,5,Y,360(E2),N,-7.54,2
-3.402,-6.271,3,Y,360(E2),P,-6.57,3
-2.524,-4.919,2,Y,360(E2),Q,,
-4.379,-7.074,6,Y,360(E2),R,-8,5
-2.356,-4.589,5,Y,360(E2),S,-4.767,3
-2.995,-5.728,5,Y,360(E2),T,-5.468,1
-2.67,-5.19,8,Y,360(E2),V,-5.203,5
-0.698,-1.048,3,Y,360(E2),W,-0.9827,3
0,0,,Y,360(E2),Y,0,
-6.674,-7.585,4,E,361(E2),*,,
-0.2238,-0.2901,5,E,361(E2),A,-1.295,2
-2.52,-4.912,4,E,361(E2),C,-4.505,2
-1.338,-2.344,6,E,361(E2),D,-2.592,3
0,0,,E,361(E2),E,0,
-1.64,-3.022,5,E,361(E2),F,-2.686,3
0.5376,0.535,7,E,361(E2),G,0.6667,4
1.074,0.8831,3,E,361(E2),H,0.9749,2
-2.466,-4.808,3,E,361(E2),I,-5.059,1
0.7377,0.6834,10,E,361(E2),K,1.18,4
-0.7965,-1.229,3,E,361(E2),L,-1.786,3
-0.4364,-0.6057,9,E,361(E2),M,-1.008,6
1.721,1.134,2,E,361(E2),N,0.8236,1
-4.43,-7.101,8,E,361(E2),P,-7.388,4
0.6954,0.6541,7,E,361(E2),Q,0.6557,3
0.5044,0.5079,5,E,361(E2),R,0.2941,2
0.7503,0.692,3,E,361(E2),S,-1.275,1
2.491,1.289,2,E,361(E2),T,0.9516,1
-2.181,-4.224,6,E,361(E2),V,-4.737,4
-3.338,-6.195,2,E,361(E2),W,,
-0.8445,-1.32,4,E,361(E2),Y,-2.278,1
-2.486,-4.848,1,L,362(E2),-,,
-1.281,-2.22,10,L,362(E2),A,-3.293,5
-5.328,-7.416,4,L,362(E2),C,-8,3
-1.954,-3.73,1,L,362(E2),E,-4.051,1
-0.7308,-1.107,2,L,362(E2),F,,
-2.584,-5.033,5,L,362(E2),G,-5.208,4
-0.4236,-0.5856,7,L,362(E2),H,-1.446,4
-0.3384,-0.4554,3,L,362(E2),I,,
-0.0422,-0.05148,4,L,362(E2),K,-0.6522,2
0,0,,L,362(E2),L,0,
-0.4942,-0.6984,12,L,362(E2),M,-1.256,6
0.1025,0.1189,1,L,362(E2),N,-0.199,1
-6.216,-7.55,9,L,362(E2),P,-8,1
-0.05894,-0.07231,5,L,362(E2),Q,0.05817,3
1.157,0.9237,3,L,362(E2),R,0.9814,3
-0.7964,-1.229,5,L,362(E2),T,-2.115,2
-1.403,-2.488,3,L,362(E2),V,-2.802,3
-2.049,-3.939,7,L,362(E2),W,-4.374,3
-1.004,-1.635,7,L,362(E2),Y,-1.689,2
-4.228,-6.988,4,Y,363(E2),*,,
-1.745,-3.26,2,Y,363(E2),A,-5.21,2
-3.98,-6.82,9,Y,363(E2),C,-6.316,2
-2.423,-4.723,4,Y,363(E2),D,-5.3,2
-2.971,-5.691,2,Y,363(E2),E,-6,1
-1.433,-2.556,3,Y,363(E2),F,-1.939,1
-3.711,-6.595,4,Y,363(E2),G,-6.155,1
-0.2982,-0.3961,7,Y,363(E2),H,-0.7851,4
-3.761,-6.64,1,Y,363(E2),I,-6.941,1
-4.288,-7.024,6,Y,363(E2),K,-5.806,2
-2.327,-4.53,8,Y,363(E2),L,-4.835,2
-1.652,-3.049,5,Y,363(E2),M,-3.357,4
-1.191,-2.025,5,Y,363(E2),N,-2.198,3
-4.103,-6.908,3,Y,363(E2),P,-7.134,1
-5.237,-7.394,2,Y,363(E2),Q,-8,1
-2.043,-3.927,10,Y,363(E2),R,-4.643,5
-2.154,-4.167,4,Y,363(E2),S,-4.712,1
-4.301,-7.032,9,Y,363(E2),T,-7.499,4
-4.821,-7.27,5,Y,363(E2),V,-7.337,2
-1.895,-3.598,3,Y,363(E2),W,,
0,0,,Y,363(E2),Y,0,
-4.34,-7.053,7,P,364(E2),A,-7.765,3
-1.006,-1.639,2,P,364(E2),C,,
-5.128,-7.366,2,P,364(E2),D,-8,1
-3.775,-6.652,5,P,364(E2),E,-6.222,2
-4.968,-7.32,5,P,364(E2),F,-8,3
-3.624,-6.51,8,P,364(E2),G,-6.133,5
-3.562,-6.448,9,P,364(E2),H,-6.765,3
-3.835,-6.704,4,P,364(E2),I,-6.506,2
1.105,0.8986,1,P,364(E2),K,,
-2.281,-4.436,6,P,364(E2),L,,
-2.621,-5.102,4,P,364(E2),M,-6.917,2
-5.555,-7.461,1,P,364(E2),N,,
0,0,,P,364(E2),P,0,
-3.331,-6.186,4,P,364(E2),Q,-6.764,2
-4.586,-7.176,3,P,364(E2),R,,
-4.25,-7.001,11,P,364(E2),S,-8,3
-5.214,-7.389,6,P,364(E2),T,-8,5
-3.107,-5.891,2,P,364(E2),V,-6.192,2
-4.533,-7.151,6,P,364(E2),W,-8,2
-4.186,-6.962,2,P,364(E2),Y,-7.221,2
0.8876,0.7795,4,T,365(E2),A,0.01058,1
-0.3537,-0.4783,5,T,365(E2),C,-0.8489,1
-2.465,-4.807,1,T,365(E2),D,,
-0.1927,-0.2473,5,T,365(E2),F,0.06225,3
-0.6817,-1.018,5,T,365(E2),G,-0.5103,2
-3.504,-6.387,2,T,365(E2),H,,
1.999,1.203,4,T,365(E2),I,1.503,1
-0.6636,-0.9862,5,T,365(E2),K,-1.526,3
-0.4047,-0.5561,7,T,365(E2),L,-1.05,4
0.7122,0.6658,3,T,365(E2),M,-0.4796,2
-2.043,-3.926,5,T,365(E2),N,-4.662,3
-3.963,-6.807,6,T,365(E2),P,-7.123,2
-0.8896,-1.407,4,T,365(E2),Q,-1.88,3
-0.5865,-0.8522,1,T,365(E2),R,-1.127,1
-4.263,-7.009,1,T,365(E2),S,,
0,0,,T,365(E2),T,0,
1.21,0.9484,4,T,365(E2),V,0.4757,2
-0.8199,-1.273,4,T,365(E2),W,-1.893,3
-0.9448,-1.516,3,T,365(E2),Y,-0.393,2
-0.5183,-0.7378,3,M,366(E2),A,-0.7445,3
-0.7667,-1.173,1,M,366(E2),C,-1.524,1
-0.6882,-1.03,4,M,366(E2),F,-1.388,3
0.6959,0.6544,3,M,366(E2),G,-0.4045,2
-0.5957,-0.8679,3,M,366(E2),H,-0.76,1
-0.2196,-0.2842,41,M,366(E2),I,-0.8486,6
-0.7928,-1.222,8,M,366(E2),K,-1.967,5
0.535,0.5329,3,M,366(E2),L,0.2198,2
0,0,,M,366(E2),M,0,
-2.314,-4.504,3,M,366(E2),N,-4.505,3
-0.5368,-0.7685,3,M,366(E2),P,-1.807,2
-0.3265,-0.4377,3,M,366(E2),Q,-0.8703,3
-0.3263,-0.4373,3,M,366(E2),R,,
-1.342,-2.353,5,M,366(E2),S,-3.197,2
-1.118,-1.87,3,M,366(E2),T,-3.098,1
-0.7678,-1.175,1,M,366(E2),V,-1.52,1
-0.6593,-0.9787,1,M,366(E2),W,,
-0.763,-1.166,2,M,366(E2),Y,-1.561,1
-5.155,-7.374,7,T,367(E2),A,-8,2
-2.078,-4.004,3,T,367(E2),C,-3.344,2
-5.262,-7.4,2,T,367(E2),D,-8,1
-4.288,-7.024,1,T,367(E2),E,,
-0.6874,-1.029,3,T,367(E2),F,-0.7271,2
-1.208,-2.061,1,T,367(E2),G,,
-5.192,-7.383,4,T,367(E2),H,-8,1
-3.513,-6.397,13,T,367(E2),I,-7.229,3
-4.789,-7.258,2,T,367(E2),K,-8,1
-5.133,-7.368,2,T,367(E2),L,-8,1
-2.238,-4.345,5,T,367(E2),M,-4.526,3
-5.203,-7.386,4,T,367(E2),N,-7.659,3
-3.264,-6.103,3,T,367(E2),P,-6.213,2
-2.654,-5.161,4,T,367(E2),Q,-5.272,1
-1.849,-3.495,2,T,367(E2),R,,
-1.573,-2.87,6,T,367(E2),S,-2.965,3
0,0,,T,367(E2),T,0,
-2.302,-4.479,6,T,367(E2),V,-4.65,3
-4.009,-6.842,6,T,367(E2),W,-7.48,5
-3.46,-6.337,3,T,367(E2),Y,-6.645,2
-3.33,-6.186,84,V,368(E2),-,-6.959,11
-0.6373,-0.94,6,V,368(E2),A,,
-1.157,-1.951,4,V,368(E2),C,-2.446,1
-4.96,-7.317,3,V,368(E2),D,-8,2
-3.947,-6.795,3,V,368(E2),E,-7.451,2
-1.352,-2.374,3,V,368(E2),F,-2.653,2
-1.699,-3.155,3,V,368(E2),G,-2.617,1
-4.699,-7.224,7,V,368(E2),H,-8,6
3.4,1.371,3,V,368(E2),I,,
-1.346,-2.362,5,V,368(E2),K,-2.572,4
-0.6291,-0.9256,6,V,368(E2),L,-1.618,1
-0.8362,-1.304,21,V,368(E2),M,-2.094,5
-4.513,-7.142,3,V,368(E2),N,-8,3
-1.888,-3.583,3,V,368(E2),P,-3.886,2
-2.733,-5.301,2,V,368(E2),Q,-5.631,2
-1.199,-2.042,4,V,368(E2),R,-2.336,2
-0.6739,-1.004,4,V,368(E2),S,,
-0.9343,-1.495,8,V,368(E2),T,-1.894,6
0,0,,V,368(E2),V,0,
-1.775,-3.328,2,V,368(E2),W,-3.642,2
-2.003,-3.838,3,V,368(E2),Y,-4.141,2
2.2,1.243,1,V,369(E2),-,,
1.142,0.9168,2,V,369(E2),A,0.6015,1
-0.7388,-1.122,5,V,369(E2),C,-1.453,3
-4.195,-6.967,6,V,369(E2),D,-8,3
-5.193,-7.383,3,V,369(E2),E,-8,1
-0.7784,-1.195,8,V,369(E2),F,-1.353,5
-1.637,-3.016,6,V,369(E2),G,-2.152,1
-5.265,-7.401,2,V,369(E2),H,-7.883,2
0.02652,0.0316,6,V,369(E2),I,0.7072,1
-3.857,-6.723,4,V,369(E2),K,-6.821,2
-0.1484,-0.1876,7,V,369(E2),L,0.04692,3
-0.798,-1.232,12,V,369(E2),M,-0.4881,2
-3.091,-5.868,2,V,369(E2),N,-6.516,1
-3.417,-6.29,7,V,369(E2),Q,-7.202,2
-3.861,-6.726,5,V,369(E2),R,-5.649,3
-1.529,-2.77,3,V,369(E2),S,,
1.602,1.098,5,V,369(E2),T,-2.471,1
0,0,,V,369(E2),V,0,
-1.644,-3.03,3,V,369(E2),W,-2.945,3
-2.329,-4.535,4,V,369(E2),Y,-6.053,1
-0.07413,-0.09141,4,V,370(E2),A,0.131,1
0.1666,0.1891,1,V,370(E2),C,,
-0.2396,-0.3122,4,V,370(E2),E,,
-1.061,-1.752,3,V,370(E2),F,-2.886,1
-1.465,-2.627,9,V,370(E2),G,-3.114,3
-3.275,-6.117,3,V,370(E2),H,-5.457,1
-0.4803,-0.6757,2,V,370(E2),I,-0.3723,1
-3.74,-6.622,4,V,370(E2),K,-6.849,3
-0.8028,-1.241,10,V,370(E2),L,-2.967,3
-0.2476,-0.3235,15,V,370(E2),M,0.4592,3
-4.922,-7.305,3,V,370(E2),N,-8,1
-4.983,-7.324,4,V,370(E2),Q,,
-5.599,-7.469,3,V,370(E2),R,,
-1.476,-2.65,4,V,370(E2),S,-2.46,2
-0.7359,-1.116,2,V,370(E2),T,-1.447,1
0,0,,V,370(E2),V,0,
2.84,1.329,2,V,370(E2),W,-0.9899,1
-1.593,-2.914,3,V,370(E2),Y,0.4081,1
-3.981,-6.82,1,V,371(E2),*,,
-1.315,-2.293,7,V,371(E2),A,-1.259,2
-0.559,-0.8056,5,V,371(E2),C,-1.251,3
-5.096,-7.358,2,V,371(E2),D,-8,1
-5.129,-7.367,2,V,371(E2),E,-8,1
-1.733,-3.232,3,V,371(E2),F,-3.522,2
-1.906,-3.623,2,V,371(E2),G,-4.206,1
-4.104,-6.908,4,V,371(E2),H,-6.606,2
-0.5586,-0.805,4,V,371(E2),I,-1.206,1
-0.2048,-0.2639,2,V,371(E2),K,,
0.7173,0.6694,4,V,371(E2),L,0.5563,1
-0.3824,-0.5218,13,V,371(E2),M,-0.9587,4
-3.511,-6.394,6,V,371(E2),N,-6.938,1
-4.894,-7.296,5,V,371(E2),P,-8,3
-5.129,-7.367,1,V,371(E2),Q,-8,1
-5.179,-7.38,2,V,371(E2),R,-8,1
-2.796,-5.409,2,V,371(E2),S,,
-0.2661,-0.3498,3,V,371(E2),T,,
0,0,,V,371(E2),V,0,
-5.208,-7.387,7,V,371(E2),W,-8,3
-5.52,-7.455,2,V,371(E2),Y,-8,2
-0.3186,-0.4259,6,S,372(E2),A,0.7293,3
-0.1879,-0.2408,4,S,372(E2),C,-0.9742,3
-4.479,-7.126,8,S,372(E2),D,-7.75,5
-4.65,-7.204,5,S,372(E2),E,-8,3
-0.3489,-0.4711,7,S,372(E2),F,-0.5849,3
-0.5183,-0.7377,7,S,372(E2),G,-1.107,3
-3.323,-6.177,8,S,372(E2),H,-6.063,5
-1.19,-2.022,4,S,372(E2),I,-2.311,2
-5.157,-7.374,1,S,372(E2),K,-8,1
-0.9537,-1.533,5,S,372(E2),L,-2.736,2
3.544,1.378,2,S,372(E2),M,-0.2196,1
-4.243,-6.997,10,S,372(E2),N,-7.836,4
-4.233,-6.991,8,S,372(E2),P,-7.796,5
-3.922,-6.775,7,S,372(E2),Q,-7.506,5
-5.307,-7.411,8,S,372(E2),R,-8,5
0,0,,S,372(E2),S,0,
-0.04011,-0.04889,7,S,372(E2),T,0.3835,2
-0.2594,-0.3402,6,S,372(E2),V,-1.283,4
-2.704,-5.251,10,S,372(E2),W,-6.36,5
-4.141,-6.933,7,S,372(E2),Y,-7.261,4
-0.9601,-1.546,3,V,373(E2),A,-1.31,1
-0.5815,-0.8437,4,V,373(E2),C,-7.824,1
-5.304,-7.41,6,V,373(E2),D,-8,1
-5.199,-7.385,3,V,373(E2),E,-8,1
0.4845,0.4914,3,V,373(E2),F,0.2193,2
0.01687,0.02016,5,V,373(E2),G,-0.4521,1
-5.032,-7.339,3,V,373(E2),H,-8,1
-0.9215,-1.469,3,V,373(E2),I,,
-3.417,-6.29,1,V,373(E2),K,,
0.1732,0.1961,20,V,373(E2),L,0.3982,9
-0.03252,-0.03953,11,V,373(E2),M,-0.4459,2
-5.024,-7.337,8,V,373(E2),N,-8,3
-4.662,-7.208,6,V,373(E2),P,-8,5
-4.985,-7.325,10,V,373(E2),Q,-8,6
-4.282,-7.02,7,V,373(E2),R,-7.441,4
0.01032,0.01237,8,V,373(E2),T,-0.4726,5
0,0,,V,373(E2),V,0,
-2.219,-4.305,10,V,373(E2),W,-4.581,4
-1.949,-3.718,5,V,373(E2),Y,-3.465,2
0,0,,A,374(E2),A,0,
-1.018,-1.662,8,A,374(E2),C,-1.834,3
-5.018,-7.335,7,A,374(E2),D,-7.994,4
-5.595,-7.469,4,A,374(E2),E,-6.003,1
0.7503,0.692,5,A,374(E2),F,0.4873,1
2.94,1.338,3,A,374(E2),G,0.6628,3
-2.57,-5.006,7,A,374(E2),H,-4.932,3
-0.4298,-0.5953,12,A,374(E2),I,-0.4111,8
-4.84,-7.277,4,A,374(E2),K,-7.363,2
-2.365,-4.607,3,A,374(E2),L,,
0.03554,0.04222,5,A,374(E2),M,-0.3284,3
-4.02,-6.849,5,A,374(E2),N,-7.601,2
-6.085,-7.536,12,A,374(E2),P,-8,4
-5.225,-7.392,3,A,374(E2),Q,-8,1
-2.066,-3.977,2,A,374(E2),R,-8,1
0.08656,0.101,8,A,374(E2),S,-0.6839,1
-0.2362,-0.3075,21,A,374(E2),T,-0.2022,2
0.02543,0.03031,22,A,374(E2),V,-0.1957,3
-0.5822,-0.8449,6,A,374(E2),W,-1.122,3
0.8256,0.7412,10,A,374(E2),Y,0.5257,4
-0.6574,-0.9753,3,S,375(E2),A,-0.8436,3
-0.09553,-0.1187,7,S,375(E2),C,-0.8027,4
-5.349,-7.42,8,S,375(E2),D,,
-4.466,-7.119,6,S,375(E2),E,-6.53,3
-0.1716,-0.2186,10,S,375(E2),F,-0.3491,7
0.5543,0.5483,6,S,375(E2),G,0.4485,4
-1.905,-3.62,7,S,375(E2),H,-3.729,6
-0.06382,-0.07842,9,S,375(E2),I,-1.576,2
-4.397,-7.084,9,S,375(E2),K,-7.942,5
-0.003805,-0.004581,5,S,375(E2),L,0.04017,2
-1.043,-1.714,9,S,375(E2),M,-1.925,4
-2.31,-4.496,18,S,375(E2),N,-4.86,8
-2.354,-4.586,7,S,375(E2),P,-5.358,3
-2.722,-5.282,6,S,375(E2),Q,-5.744,4
-5.082,-7.354,14,S,375(E2),R,-8,4
0,0,,S,375(E2),S,0,
0.3178,0.3419,6,S,375(E2),T,0.03038,3
0.2386,0.264,9,S,375(E2),V,0.5858,5
-1.594,-2.917,5,S,375(E2),W,-3.46,3
-1.732,-3.231,8,S,375(E2),Y,-3.73,5
-0.7085,-1.067,6,F,376(E2),A,-1.658,4
-0.0827,-0.1023,12,F,376(E2),C,0.00865,6
-5.616,-7.472,7,F,376(E2),D,-8,4
-5.819,-7.504,6,F,376(E2),E,-8,2
0,0,,F,376(E2),F,0,
-1.186,-2.013,7,F,376(E2),G,-2.112,4
-3.343,-6.201,9,F,376(E2),H,-5.716,2
-0.2187,-0.2831,7,F,376(E2),I,-1.075,6
-5.178,-7.38,3,F,376(E2),K,-8,2
0.3831,0.4028,9,F,376(E2),L,0.3332,5
0.3545,0.3765,6,F,376(E2),M,-0.4554,3
-8.33,-7.634,5,F,376(E2),N,-8,3
-4.744,-7.241,8,F,376(E2),P,-8,2
-3.328,-6.183,7,F,376(E2),Q,-4.505,4
-4.023,-6.852,5,F,376(E2),R,-6.835,3
-0.8126,-1.259,7,F,376(E2),S,-1.134,3
-1.082,-1.795,3,F,376(E2),T,-2.061,1
0.2898,0.3149,8,F,376(E2),V,-0.0104,3
-1.494,-2.692,6,F,376(E2),W,-3.58,5
-5.018,-7.335,6,F,376(E2),Y,-8,2
-0.01472,-0.01778,7,V,377(E2),A,0.1624,4
0.1459,0.1668,8,V,377(E2),C,0.3039,5
-2.509,-4.89,3,V,377(E2),D,-4.658,2
-4.526,-7.148,6,V,377(E2),E,-7.712,4
1.319,0.9953,5,V,377(E2),F,0.2882,1
-0.3157,-0.4217,4,V,377(E2),G,-0.9973,3
-2.833,-5.471,7,V,377(E2),H,-5.934,4
-0.09232,-0.1145,5,V,377(E2),I,-0.4874,2
-3.536,-6.42,6,V,377(E2),K,-6.275,5
0.2048,0.2294,11,V,377(E2),L,-0.258,5
-0.3331,-0.4475,15,V,377(E2),M,-1.091,2
-0.1761,-0.2247,1,V,377(E2),N,,
-3.275,-6.117,2,V,377(E2),P,-6.392,1
-3.28,-6.124,7,V,377(E2),Q,-6.253,3
-4.847,-7.279,8,V,377(E2),R,-8,4
-0.4281,-0.5926,3,V,377(E2),S,-0.724,1
-0.2391,-0.3115,2,V,377(E2),T,-0.6233,2
0,0,,V,377(E2),V,0,
-0.2628,-0.345,4,V,377(E2),W,-1.038,3
-1.4,-2.481,5,V,377(E2),Y,-2.704,4
-1.039,-1.705,4,L,378(E2),A,-1.936,2
-0.2681,-0.3527,7,L,378(E2),C,-1.182,4
-5.073,-7.351,1,L,378(E2),D,-8,1
-2.326,-4.528,4,L,378(E2),E,-5.059,1
-0.0478,-0.05841,7,L,378(E2),F,-0.4229,4
-1.15,-1.937,2,L,378(E2),G,-1.131,1
-1.57,-2.863,4,L,378(E2),H,-3.399,1
2.53,1.294,5,L,378(E2),I,0.4534,2
-2.722,-5.282,3,L,378(E2),K,-5.629,3
0,0,,L,378(E2),L,0,
-0.7008,-1.053,21,L,378(E2),M,-1.554,6
-2.239,-4.349,3,L,378(E2),N,,
-5.461,-7.444,7,L,378(E2),P,-7.503,3
-2.818,-5.445,6,L,378(E2),Q,-5.041,3
-5.095,-7.357,6,L,378(E2),R,-7.719,3
-1.466,-2.629,9,L,378(E2),S,-3.23,4
-0.708,-1.066,5,L,378(E2),T,-1.371,4
-0.03006,-0.03651,9,L,378(E2),V,-0.1878,4
3.782,1.388,3,L,378(E2),W,1.254,2
0.2302,0.2555,3,L,378(E2),Y,0.77,1
-0.688,-1.03,14,L,379(E2),A,-0.8203,7
-0.6668,-0.992,5,L,379(E2),C,-0.8538,2
-4.629,-7.195,5,L,379(E2),D,-8,3
-5.818,-7.503,10,L,379(E2),E,-8,7
-1.151,-1.939,7,L,379(E2),F,-0.5414,3
-2.801,-5.417,6,L,379(E2),G,-5.715,4
-4.64,-7.199,7,L,379(E2),H,-8,5
-0.4234,-0.5853,4,L,379(E2),I,-0.8602,4
-5.372,-7.425,5,L,379(E2),K,-8,2
0,0,,L,379(E2),L,0,
-0.3883,-0.5309,9,L,379(E2),M,-0.975,5
-4.522,-7.146,6,L,379(E2),N,-8,5
-3.257,-6.094,6,L,379(E2),P,-7.36,3
-4.599,-7.182,4,L,379(E2),Q,-7.535,2
-8.583,-7.637,4,L,379(E2),R,-8,3
-1.276,-2.209,3,L,379(E2),S,-3.014,1
-0.7524,-1.147,5,L,379(E2),T,-2.504,1
0.6555,0.6254,4,L,379(E2),V,0.3939,1
-2.591,-5.046,4,L,379(E2),W,-6.171,2
-3.358,-6.219,8,L,379(E2),Y,-6.048,5
0.02017,0.02408,6,S,380(E2),A,-0.975,4
0.06496,0.07638,6,S,380(E2),C,-0.9621,2
2.419,1.278,2,S,380(E2),D,,
-2.259,-4.39,7,S,380(E2),E,-4.856,5
-1.044,-1.715,7,S,380(E2),F,-2.358,4
-0.1446,-0.1826,7,S,380(E2),G,-0.5096,3
-2.106,-4.064,8,S,380(E2),H,-4.413,3
-0.4884,-0.6889,8,S,380(E2),I,-0.8511,3
-2.324,-4.525,7,S,380(E2),K,-4.235,3
0.9411,0.811,7,S,380(E2),L,0.4038,3
-0.06293,-0.0773,7,S,380(E2),M,-0.1811,4
-0.8753,-1.379,22,S,380(E2),N,-2.117,6
-4.515,-7.143,4,S,380(E2),P,-7.471,2
-1.943,-3.705,7,S,380(E2),Q,-4.243,4
-4.936,-7.309,12,S,380(E2),R,-8,7
0,0,,S,380(E2),S,0,
-0.03096,-0.03762,14,S,380(E2),T,-0.6565,9
-0.2545,-0.3332,7,S,380(E2),V,-0.2274,5
-1.628,-2.995,3,S,380(E2),W,,
-2.473,-4.823,6,S,380(E2),Y,-4.934,4
-0.161,-0.2045,6,M,381(E2),A,-0.4849,3
-0.6148,-0.9009,5,M,381(E2),C,0.0139,2
-5.182,-7.381,6,M,381(E2),D,-8,2
-2.144,-4.145,9,M,381(E2),E,-4.5,6
-2.848,-5.496,3,M,381(E2),F,,
-0.2186,-0.2828,5,M,381(E2),G,-0.6128,2
-3.45,-6.326,6,M,381(E2),H,-6.825,5
0.04436,0.05252,23,M,381(E2),I,-1.661,4
-3.934,-6.785,5,M,381(E2),K,-6.388,2
-0.4484,-0.6247,9,M,381(E2),L,-0.4546,5
0,0,,M,381(E2),M,0,
-3.266,-6.105,7,M,381(E2),N,-5.498,1
-3.292,-6.139,5,M,381(E2),P,-6.768,2
-2.454,-4.786,4,M,381(E2),Q,-5.424,3
-3.342,-6.201,8,M,381(E2),R,-7.058,4
-0.6211,-0.9117,7,M,381(E2),S,-3.217,2
-0.5102,-0.7245,3,M,381(E2),T,-0.2949,1
-0.6982,-1.048,9,M,381(E2),V,-0.8529,6
-1.554,-2.827,4,M,381(E2),W,-3.15,2
-2.279,-4.431,1,M,381(E2),Y,-4.747,1
-0.9549,-1.536,6,V,382(E2),A,,
-0.9525,-1.531,11,V,382(E2),C,-1.965,5
-6.278,-7.555,7,V,382(E2),D,-8,4
-4.859,-7.284,6,V,382(E2),E,-8,5
-0.3268,-0.438,4,V,382(E2),F,-1.668,1
-1.456,-2.607,5,V,382(E2),G,-3.193,3
-2.07,-3.985,4,V,382(E2),H,,
0.5626,0.5548,20,V,382(E2),I,-0.4774,4
-4.639,-7.199,2,V,382(E2),K,-7.724,2
0.4073,0.4246,9,V,382(E2),L,0.07414,4
-0.03591,-0.04371,6,V,382(E2),M,-0.1264,4
-1.771,-3.319,7,V,382(E2),N,-3.31,3
-1.612,-2.958,9,V,382(E2),P,-3.814,5
-2.774,-5.372,4,V,382(E2),Q,-5.5,3
-5.103,-7.36,2,V,382(E2),R,,
-0.008455,-0.0102,6,V,382(E2),S,0.5678,1
-0.1646,-0.2093,4,V,382(E2),T,-0.8059,1
0,0,,V,382(E2),V,0,
-1.5,-2.706,12,V,382(E2),W,-2.829,4
-2.22,-4.308,7,V,382(E2),Y,-4.167,2
-3.861,-6.726,4,G,383(E2),*,-2.063,1
-0.5522,-0.7942,4,G,383(E2),A,-0.8613,3
-0.5311,-0.7589,7,G,383(E2),C,-1.265,3
-4.306,-7.034,8,G,383(E2),D,-7.754,6
-5.359,-7.423,34,G,383(E2),E,-8,5
-0.4659,-0.6526,7,G,383(E2),F,-1.084,2
0,0,,G,383(E2),G,0,
-2.186,-4.236,9,G,383(E2),H,-4.297,6
-0.6281,-0.9239,7,G,383(E2),I,-1.23,3
-2.482,-4.839,6,G,383(E2),K,-5.232,4
-0.9062,-1.44,9,G,383(E2),L,-1.559,3
-0.8351,-1.302,7,G,383(E2),M,-1.332,3
-1.813,-3.414,4,G,383(E2),N,-3.71,2
-1.163,-1.964,10,G,383(E2),P,-2.36,6
-4.31,-7.036,5,G,383(E2),Q,-6.908,2
-2.319,-4.514,50,G,383(E2),R,-4.48,4
0.1307,0.1502,4,G,383(E2),S,-0.1285,2
-0.8269,-1.286,5,G,383(E2),T,-2.378,2
-0.6769,-1.01,13,G,383(E2),V,-2.521,5
-0.3289,-0.4412,2,G,383(E2),W,-0.7442,1
-1.552,-2.822,10,G,383(E2),Y,-2.852,4
1.765,1.146,11,V,384(E2),A,0.1153,5
1.313,0.9932,8,V,384(E2),C,0.2021,4
-2.73,-5.295,3,V,384(E2),D,-5.858,1
-3.176,-5.987,7,V,384(E2),E,-6.352,3
-0.7543,-1.15,8,V,384(E2),F,-1.317,4
0.25,0.2755,2,V,384(E2),G,-0.3748,1
-2.413,-4.704,3,V,384(E2),H,,
0.1267,0.1458,2,V,384(E2),I,-0.128,2
-3.195,-6.012,3,V,384(E2),K,-5.877,1
0.2983,0.3232,8,V,384(E2),L,0.4861,4
-0.1526,-0.1932,8,V,384(E2),M,-0.3561,2
-3.286,-6.131,6,V,384(E2),P,-6.152,5
-2.633,-5.124,2,V,384(E2),Q,-5.45,2
-5.197,-7.384,5,V,384(E2),R,-8,3
0.6857,0.6471,4,V,384(E2),S,0.5745,3
-0.2209,-0.2861,9,V,384(E2),T,-1.381,2
0,0,,V,384(E2),V,0,
-1.664,-3.077,5,V,384(E2),W,-3.607,4
-1.318,-2.3,2,V,384(E2),Y,-2.622,1
0,0,,A,385(E2),A,0,
-0.3763,-0.5125,13,A,385(E2),C,-0.5366,9
-3.852,-6.719,11,A,385(E2),D,-8,1
-1.568,-2.859,2,A,385(E2),E,-3.044,2
-0.4556,-0.6362,9,A,385(E2),F,-1.002,6
-0.03834,-0.0467,9,A,385(E2),G,-4.227,2
-2.799,-5.414,8,A,385(E2),H,-5.239,3
0.7441,0.6878,4,A,385(E2),I,-0.455,1
-3.248,-6.083,4,A,385(E2),K,-7.13,2
0.219,0.244,4,A,385(E2),L,-0.1548,2
-5.17,-7.378,3,A,385(E2),M,-8,1
-1.506,-2.719,8,A,385(E2),N,-2.421,5
-1.86,-3.519,6,A,385(E2),P,-3.443,3
-2.649,-5.152,5,A,385(E2),Q,-7.402,3
-5.559,-7.462,3,A,385(E2),R,-8,3
0.003202,0.003846,13,A,385(E2),S,0.3685,3
-0.343,-0.4623,26,A,385(E2),T,-1.291,5
-0.3796,-0.5175,57,A,385(E2),V,-1.797,7
-2.41,-4.699,4,A,385(E2),W,-4.967,2
-0.2937,-0.3895,4,A,385(E2),Y,-0.3829,3
-0.1936,-0.2485,7,V,386(E2),A,-0.5525,4
-0.8923,-1.412,10,V,386(E2),C,-1.446,3
-3.04,-5.794,8,V,386(E2),D,-6.108,2
-3.899,-6.757,7,V,386(E2),E,-8,3
-0.4304,-0.5963,7,V,386(E2),F,-0.09517,1
-0.9352,-1.497,4,V,386(E2),G,-1.947,4
-3.331,-6.187,4,V,386(E2),H,-6.771,2
0.6828,0.6451,5,V,386(E2),I,,
-3.691,-6.575,2,V,386(E2),K,-6.895,1
-0.3263,-0.4373,9,V,386(E2),L,-0.8351,3
-0.9954,-1.617,19,V,386(E2),M,-2.214,4
-4.426,-7.099,8,V,386(E2),P,-8,6
-3.248,-6.082,7,V,386(E2),Q,-6.369,3
-4.015,-6.846,4,V,386(E2),R,-6.933,3
-0.9298,-1.486,7,V,386(E2),S,-1.593,2
-0.9937,-1.614,9,V,386(E2),T,-1.927,3
0,0,,V,386(E2),V,0,
-1.111,-1.855,9,V,386(E2),W,-1.904,5
-0.7653,-1.171,3,V,386(E2),Y,-1.303,1
0.5272,0.5265,5,G,387(E2),A,1.07,3
-0.7697,-1.179,9,G,387(E2),C,-1.106,4
-1.994,-3.818,47,G,387(E2),D,-4.141,10
-1.162,-1.963,4,G,387(E2),E,-2.526,3
-0.8115,-1.257,7,G,387(E2),F,-1.851,3
0,0,,G,387(E2),G,0,
-0.3078,-0.4101,7,G,387(E2),H,-0.6694,6
-0.2864,-0.3789,4,G,387(E2),I,-0.2668,2
-0.01815,-0.02195,8,G,387(E2),K,0.4952,5
2.247,1.251,5,G,387(E2),L,0.3787,3
-0.602,-0.8788,6,G,387(E2),M,-0.09845,4
-0.5049,-0.7158,10,G,387(E2),N,-1.285,7
-0.5213,-0.7427,2,G,387(E2),P,,
0.3882,0.4074,5,G,387(E2),Q,-0.4993,2
-0.3468,-0.4679,6,G,387(E2),R,-0.8942,1
-0.1898,-0.2433,17,G,387(E2),S,-0.9359,6
0.832,0.7453,6,G,387(E2),T,1.095,2
-0.6221,-0.9135,5,G,387(E2),V,,
0.8767,0.7729,6,G,387(E2),W,0.6744,4
0.3726,0.3932,7,G,387(E2),Y,0.1083,4
-0.9513,-1.529,4,M,388(E2),A,-2.478,1
-0.2881,-0.3814,5,M,388(E2),C,-0.3134,2
-2.428,-4.733,3,M,388(E2),D,-4.231,1
-4.181,-6.959,4,M,388(E2),E,-7.467,4
-0.1634,-0.2077,6,M,388(E2),F,-0.4849,5
-0.242,-0.3156,5,M,388(E2),G,-1.537,1
-1.221,-2.089,1,M,388(E2),H,,
-1.036,-1.699,17,M,388(E2),I,-1.668,2
-1.825,-3.441,11,M,388(E2),K,-3.529,2
0.1217,0.1403,3,M,388(E2),L,0.03521,1
0,0,,M,388(E2),M,0,
-2.186,-4.236,3,M,388(E2),N,-5.067,1
-2.252,-4.375,5,M,388(E2),P,-4.457,4
-1.722,-3.208,3,M,388(E2),Q,,
-2.751,-5.333,4,M,388(E2),R,,
-1.314,-2.291,4,M,388(E2),S,-3.071,2
-0.5012,-0.7097,11,M,388(E2),T,-0.8887,6
-0.3175,-0.4244,7,M,388(E2),V,-1.261,5
-2.009,-3.851,8,M,388(E2),W,-5.039,2
-2.41,-4.697,3,M,388(E2),Y,-5.739,2
-1.228,-2.104,4,C,389(E2),A,-2.27,2
0,0,,C,389(E2),C,0,
-8.127,-7.631,6,C,389(E2),D,-7.849,2
-3.055,-5.817,5,C,389(E2),E,-6.486,2
-1.37,-2.414,4,C,389(E2),F,-5.285,2
-1.465,-2.627,9,C,389(E2),G,-2.68,6
-4.04,-6.864,5,C,389(E2),H,-7.498,2
1.141,0.9164,5,C,389(E2),I,0.3776,1
-4.519,-7.145,2,C,389(E2),K,,
-0.3703,-0.5034,4,C,389(E2),L,-0.7786,1
-1.175,-1.991,4,C,389(E2),M,-2.397,4
-4.27,-7.014,5,C,389(E2),N,,
-3.577,-6.463,3,C,389(E2),P,-7.546,2
-2.52,-4.913,5,C,389(E2),Q,-4.629,1
-3.098,-5.878,7,C,389(E2),R,-5.046,3
-2.663,-5.178,4,C,389(E2),S,-6.02,2
-1.649,-3.042,6,C,389(E2),T,-3.886,2
0.07464,0.08746,7,C,389(E2),V,-1.217,3
-0.7023,-1.055,7,C,389(E2),W,-2.667,2
-1.282,-2.222,22,C,389(E2),Y,-2.659,8
-0.9288,-1.484,5,M,390(E2),A,-1.796,3
-0.4994,-0.7068,5,M,390(E2),C,-0.5712,2
-1.757,-3.288,5,M,390(E2),D,-3.349,3
-1.22,-2.086,3,M,390(E2),E,-1.433,1
-1.049,-1.726,3,M,390(E2),F,-2.213,3
-1.562,-2.844,7,M,390(E2),G,-3.462,5
0.5675,0.5587,6,M,390(E2),H,-0.04318,5
-0.02414,-0.02926,22,M,390(E2),I,0.4603,6
-1.037,-1.703,3,M,390(E2),K,-2.027,2
-0.593,-0.8633,6,M,390(E2),L,-1.499,2
0,0,,M,390(E2),M,0,
-1.478,-2.656,5,M,390(E2),N,-3.237,3
-2.274,-4.422,4,M,390(E2),P,-4.737,2
-2.415,-4.708,5,M,390(E2),Q,-4.729,2
-0.5265,-0.7514,5,M,390(E2),R,-4.297,2
-1.09,-1.811,6,M,390(E2),S,-1.82,2
-0.7589,-1.159,9,M,390(E2),T,-0.7907,4
-0.188,-0.2408,7,M,390(E2),V,0.1925,4
0.3151,0.3394,2,M,390(E2),W,,
0.4468,0.4593,6,M,390(E2),Y,-2.017,2
-0.5738,-0.8306,2,C,391(E2),A,-1.058,1
0,0,,C,391(E2),C,0,
-0.7075,-1.065,5,C,391(E2),D,-1.655,2
-0.464,-0.6496,5,C,391(E2),E,-0.06415,2
0.6131,0.5939,5,C,391(E2),F,0.9567,3
-0.9492,-1.524,4,C,391(E2),G,-1.97,2
-0.02284,-0.02768,3,C,391(E2),H,-3.437,1
0.6881,0.6489,7,C,391(E2),I,0.4261,3
-1.456,-2.605,7,C,391(E2),K,-2.915,5
-0.3903,-0.534,5,C,391(E2),L,-0.8611,3
0.9113,0.7936,4,C,391(E2),M,1.316,2
-0.4375,-0.6075,4,C,391(E2),N,-1.127,3
-2.609,-5.079,3,C,391(E2),P,-5.453,3
-1.136,-1.908,4,C,391(E2),Q,-1.489,3
-0.2894,-0.3833,11,C,391(E2),R,-1.573,4
-0.6544,-0.97,7,C,391(E2),S,-1.276,4
-0.9819,-1.59,6,C,391(E2),T,-2.966,2
-1.129,-1.893,5,C,391(E2),V,-1.875,2
0.07922,0.09268,7,C,391(E2),W,-0.6435,5
-0.03031,-0.03682,11,C,391(E2),Y,0.3364,2
0,0,,A,392(E2),A,0,
-1.219,-2.084,5,A,392(E2),C,-2.52,3
-1.599,-2.929,8,A,392(E2),D,-3.477,3
-1.647,-3.036,6,A,392(E2),E,-3.71,2
-1.458,-2.61,5,A,392(E2),F,-3.16,4
-2.619,-5.098,3,A,392(E2),G,-5.441,1
-2.434,-4.744,5,A,392(E2),H,-4.95,4
0.126,0.1451,5,A,392(E2),I,-0.3276,2
-1.56,-2.84,2,A,392(E2),K,,
-0.319,-0.4266,5,A,392(E2),L,0.4798,1
-0.5245,-0.748,4,A,392(E2),M,-1.361,2
-5.164,-7.376,1,A,392(E2),N,-8,1
-2.898,-5.576,7,A,392(E2),P,-6.28,3
-1.762,-3.298,5,A,392(E2),Q,-2.648,2
-2.187,-4.238,4,A,392(E2),R,-4.594,1
-2.055,-3.953,13,A,392(E2),S,-3.252,4
-1.492,-2.687,11,A,392(E2),T,-3.057,2
-0.5188,-0.7386,32,A,392(E2),V,-1.159,5
-1.265,-2.184,4,A,392(E2),W,-2.66,3
-1.218,-2.082,4,A,392(E2),Y,-1.594,1
-5.459,-7.443,3,R,393(E2),A,-8,1
-1.621,-2.978,12,R,393(E2),C,-4.804,3
-2.19,-4.245,6,R,393(E2),D,-4.777,5
-2.721,-5.281,3,R,393(E2),E,-6.326,1
-1.821,-3.431,4,R,393(E2),F,-3.891,3
-5.262,-7.401,5,R,393(E2),G,,
-2.018,-3.871,78,R,393(E2),H,-4.24,11
-1.427,-2.54,5,R,393(E2),I,,
-2.596,-5.056,5,R,393(E2),K,-5.595,3
-1.094,-1.82,10,R,393(E2),L,-4.1,1
-6.114,-7.539,5,R,393(E2),M,-3.511,1
-2.663,-5.177,5,R,393(E2),N,-5.107,3
-4.482,-7.127,5,R,393(E2),P,-8,1
-2.861,-5.517,8,R,393(E2),Q,-5.817,5
0,0,,R,393(E2),R,0,
-2.518,-4.909,9,R,393(E2),S,-5.284,2
-1.424,-2.535,8,R,393(E2),T,-3.223,4
-1.63,-2.998,7,R,393(E2),V,-2.899,5
-2.117,-4.087,8,R,393(E2),W,-4.683,4
-2.561,-4.99,5,R,393(E2),Y,-5.287,4
-9.682,-7.643,1,R,394(E2),*,-8,1
3.74,1.387,7,R,394(E2),A,-0.05373,3
-2.669,-5.189,4,R,394(E2),C,-6.254,2
4.247,1.403,2,R,394(E2),D,1.678,1
1.411,1.032,2,R,394(E2),E,2.21,1
-5.089,-7.356,8,R,394(E2),F,-7.004,2
-2.192,-4.248,8,R,394(E2),G,,
-1.389,-2.458,5,R,394(E2),H,-3.196,3
-2.221,-4.311,6,R,394(E2),I,-6.155,2
-0.4465,-0.6217,15,R,394(E2),K,-1.081,3
-1.632,-3.004,4,R,394(E2),L,,
-1.751,-3.274,11,R,394(E2),M,-3.728,7
-0.1275,-0.1601,7,R,394(E2),N,-0.3838,1
-4.498,-7.135,7,R,394(E2),P,-8,4
0.4341,0.4482,6,R,394(E2),Q,1.056,2
0,0,,R,394(E2),R,0,
0.1302,0.1497,4,R,394(E2),S,,
-0.8626,-1.355,7,R,394(E2),T,-1.506,4
-2.074,-3.994,12,R,394(E2),V,-5.474,5
-1.871,-3.544,11,R,394(E2),W,-3.895,2
-1.96,-3.744,3,R,394(E2),Y,-4.582,2
-5.171,-7.378,1,R,395(E2),*,,
-0.5349,-0.7653,3,R,395(E2),A,-1.099,3
-0.7601,-1.161,11,R,395(E2),C,-1.268,5
-1.835,-3.464,9,R,395(E2),D,-3.803,4
-0.5969,-0.8699,3,R,395(E2),E,-1.063,1
-0.8525,-1.335,6,R,395(E2),F,-1.661,6
-2.645,-5.145,3,R,395(E2),G,-5.739,2
-0.3498,-0.4724,10,R,395(E2),H,-0.6578,5
0.8425,0.7519,13,R,395(E2),I,1.112,6
0.2431,0.2686,24,R,395(E2),K,-1.692,3
0.8355,0.7475,7,R,395(E2),L,1.028,4
0.4826,0.4898,8,R,395(E2),M,0.01376,5
-1.018,-1.663,9,R,395(E2),N,-1.172,5
-2.66,-5.172,9,R,395(E2),P,-6.401,2
-0.6642,-0.9874,3,R,395(E2),Q,0.2495,2
0,0,,R,395(E2),R,0,
-0.7635,-1.167,3,R,395(E2),S,-1.468,2
0.7487,0.6909,2,R,395(E2),T,,
1.357,1.011,6,R,395(E2),V,-0.599,2
-0.5659,-0.8173,4,R,395(E2),W,-1.14,2
-0.5915,-0.8607,8,R,395(E2),Y,-1.22,5
-4.955,-7.316,6,C,396(E2),*,-8,1
-1.736,-3.24,3,C,396(E2),A,-3.546,2
0,0,,C,396(E2),C,0,
-4.648,-7.202,9,C,396(E2),D,-8,7
-4.853,-7.281,3,C,396(E2),E,-8,2
0.3517,0.3739,9,C,396(E2),F,-1.387,3
-4.814,-7.267,5,C,396(E2),G,-8,3
-2.267,-4.406,8,C,396(E2),H,-4.014,5
1.585,1.093,4,C,396(E2),I,-0.4906,1
-2.121,-4.097,5,C,396(E2),K,-4.506,2
0.1712,0.194,3,C,396(E2),L,-0.1577,3
-0.2741,-0.3613,3,C,396(E2),M,-1.278,2
-2.771,-5.366,4,C,396(E2),N,-5.675,4
-2.708,-5.257,5,C,396(E2),P,-5.247,5
-5.581,-7.466,4,C,396(E2),Q,-8,2
-3.679,-6.564,1,C,396(E2),R,,
-2.285,-4.443,5,C,396(E2),S,-4.814,4
-2.105,-4.062,6,C,396(E2),T,-4.559,3
-0.2253,-0.2922,1,C,396(E2),V,-0.5583,1
-0.7288,-1.103,3,C,396(E2),W,-1.413,2
-1.073,-1.777,42,C,396(E2),Y,-2.769,7
0.1858,0.2094,5,I,397(E2),A,0.2958,3
-2.427,-4.732,7,I,397(E2),C,-4.781,3
-2.437,-4.751,6,I,397(E2),D,-3.895,3
-1.098,-1.827,3,I,397(E2),E,-1.899,3
-1.326,-2.318,3,I,397(E2),F,-2.464,1
-1.921,-3.656,9,I,397(E2),G,-3.802,5
-1.983,-3.793,3,I,397(E2),H,,
0,0,,I,397(E2),I,0,
0.6275,0.6047,4,I,397(E2),K,2.052,1
-0.4684,-0.6567,7,I,397(E2),L,-0.5953,4
-0.5489,-0.7886,5,I,397(E2),M,-1.895,1
-1.609,-2.951,5,I,397(E2),N,-3.369,1
-2.274,-4.422,6,I,397(E2),P,-4.562,3
-1.152,-1.941,11,I,397(E2),Q,-2.618,5
-0.9002,-1.428,3,I,397(E2),R,-1.999,1
-0.6385,-0.9421,2,I,397(E2),S,-1.269,2
-0.965,-1.556,6,I,397(E2),T,-1.872,2
0.2722,0.2977,6,I,397(E2),V,-0.5085,2
2.19,1.241,2,I,397(E2),W,,
-1.285,-2.227,5,I,397(E2),Y,-3.463,2
0.1371,0.1572,1,T,398(E2),-,,
0.8586,0.7619,4,T,398(E2),A,1.126,1
-1.637,-3.016,6,T,398(E2),C,-3.47,5
0.1927,0.2167,2,T,398(E2),D,-0.02453,1
0.3441,0.3669,8,T,398(E2),E,-0.231,6
-0.8697,-1.368,3,T,398(E2),F,-1.716,1
-0.6185,-0.9071,7,T,398(E2),G,-0.813,3
-0.7266,-1.099,7,T,398(E2),H,-0.8787,5
-0.1931,-0.2478,8,T,398(E2),I,-1.808,2
0.1634,0.1857,4,T,398(E2),K,,
-0.1977,-0.2541,9,T,398(E2),L,0.5283,2
0.135,0.1549,8,T,398(E2),M,0.4798,5
-0.6976,-1.047,8,T,398(E2),N,-0.987,3
-1.503,-2.713,8,T,398(E2),P,-2.903,5
0.759,0.6978,4,T,398(E2),Q,0.4511,2
0.6898,0.6501,7,T,398(E2),R,-0.4639,1
-1.242,-2.135,4,T,398(E2),S,-2.445,1
0,0,,T,398(E2),T,0,
0.3029,0.3276,3,T,398(E2),V,-0.6387,1
-1.123,-1.881,8,T,398(E2),W,-2.189,4
-0.5695,-0.8234,6,T,398(E2),Y,-0.4873,3
0.2655,0.291,1,P,399(E2),-,,
-0.44,-0.6114,10,P,399(E2),A,-1.09,5
-0.3416,-0.4601,3,P,399(E2),C,,
-0.1592,-0.202,6,P,399(E2),D,-0.03918,3
-0.6526,-0.9669,4,P,399(E2),E,-2.371,2
0.6892,0.6496,5,P,399(E2),F,0.1834,2
0.6869,0.6481,3,P,399(E2),G,,
-0.3526,-0.4766,3,P,399(E2),H,-1.126,1
-0.9032,-1.434,1,P,399(E2),I,-1.81,1
-0.05321,-0.06514,3,P,399(E2),K,-0.9949,1
0.7425,0.6867,12,P,399(E2),L,0.4291,4
1.947,1.191,3,P,399(E2),M,1.335,2
0.1165,0.1345,5,P,399(E2),N,-0.2328,3
0,0,,P,399(E2),P,0,
0.5458,0.5416,10,P,399(E2),Q,-0.3608,5
1.297,0.9866,3,P,399(E2),R,0.7016,2
1.028,0.8589,7,P,399(E2),S,0.6457,1
0.3904,0.4095,9,P,399(E2),T,1.444,3
-0.8528,-1.336,2,P,399(E2),V,-2.362,2
0.9316,0.8055,5,P,399(E2),W,0.7608,4
-3.99,-6.828,2,P,399(E2),Y,,
-5.366,-7.424,13,Y,400(E2),*,,
0.3835,0.4032,1,Y,400(E2),-,,
-1.068,-1.766,7,Y,400(E2),A,-2.573,5
-0.8778,-1.384,6,Y,400(E2),C,-1.604,3
-0.3186,-0.426,5,Y,400(E2),D,-0.6572,3
-1.291,-2.241,5,Y,400(E2),E,-1.812,2
-0.01453,-0.01756,6,Y,400(E2),F,-0.5803,3
-1.5,-2.706,4,Y,400(E2),G,-1.515,1
-2.597,-5.058,3,Y,400(E2),H,,
-0.5349,-0.7653,6,Y,400(E2),I,-1.15,5
-1.332,-2.33,2,Y,400(E2),K,-2.634,2
1.452,1.047,1,Y,400(E2),L,,
-5.14,-7.37,2,Y,400(E2),M,-8,1
-0.2898,-0.3839,3,Y,400(E2),N,,
-0.9767,-1.579,3,Y,400(E2),P,-2.227,1
-2.596,-5.054,6,Y,400(E2),Q,-6.598,3
-0.9011,-1.43,7,Y,400(E2),R,-1.446,2
-0.7785,-1.195,7,Y,400(E2),S,-1.82,3
-1.129,-1.892,6,Y,400(E2),T,-2.071,6
-0.9483,-1.523,4,Y,400(E2),V,-1.67,3
-1.079,-1.788,4,Y,400(E2),W,-2.669,2
0,0,,Y,400(E2),Y,0,
-4.205,-6.974,5,E,401(E2),*,,
-1.193,-2.029,1,E,401(E2),-,,
0.03934,0.04667,6,E,401(E2),A,1.544,1
-0.3586,-0.4856,5,E,401(E2),C,-0.728,2
-0.6475,-0.9578,9,E,401(E2),D,-2.667,2
0,0,,E,401(E2),E,0,
1.201,0.9444,8,E,401(E2),F,0.2701,4
0.03637,0.04319,8,E,401(E2),G,-0.644,1
0.3904,0.4094,6,E,401(E2),H,0.713,2
0.5149,0.5165,5,E,401(E2),I,-0.0327,4
0.07217,0.08464,7,E,401(E2),K,-0.367,3
1.329,0.9997,4,E,401(E2),L,-0.4379,3
-0.1397,-0.176,4,E,401(E2),M,0.2443,2
0.7709,0.7058,7,E,401(E2),N,0.2049,4
-1.692,-3.14,4,E,401(E2),P,-2.907,1
1.024,0.8571,5,E,401(E2),Q,0.00665,2
2.069,1.218,5,E,401(E2),R,0.8872,4
-0.3208,-0.4292,7,E,401(E2),S,-0.938,3
0.4966,0.5015,8,E,401(E2),T,-0.03597,5
1.13,0.9108,7,E,401(E2),V,1.198,1
-0.06543,-0.08044,7,E,401(E2),W,-0.8564,5
-0.4507,-0.6284,5,E,401(E2),Y,-0.08335,2
-1.247,-2.145,1,L,402(E2),-,,
-0.1487,-0.1881,3,L,402(E2),A,,
0.4429,0.4559,4,L,402(E2),C,-0.6241,2
0.3389,0.362,5,L,402(E2),D,0.2344,4
0.1817,0.2051,3,L,402(E2),E,0.1532,1
0.01366,0.01634,8,L,402(E2),F,-2.865,3
-0.4559,-0.6366,4,L,402(E2),G,,
-0.6326,-0.9317,15,L,402(E2),H,-4.302,2
0.1509,0.1722,11,L,402(E2),I,-0.9584,3
-0.2834,-0.3746,3,L,402(E2),K,0.5055,1
0,0,,L,402(E2),L,0,
0.7132,0.6665,5,L,402(E2),M,-0.0197,2
-0.2521,-0.3299,4,L,402(E2),N,0.2802,2
-1.317,-2.297,12,L,402(E2),P,-1.952,3
-0.3124,-0.4168,4,L,402(E2),Q,-0.2231,2
0.0353,0.04193,7,L,402(E2),R,0.2301,4
-0.1814,-0.2318,5,L,402(E2),S,0.1375,3
-0.1507,-0.1907,9,L,402(E2),T,-0.2275,7
0.4756,0.4839,2,L,402(E2),V,,
-0.6452,-0.9538,6,L,402(E2),W,-1.071,1
-0.04824,-0.05896,3,L,402(E2),Y,-0.05296,1
-0.7382,-1.121,11,T,403(E2),A,-0.6732,3
-1.077,-1.784,9,T,403(E2),C,-2.938,5
0.6077,0.5898,8,T,403(E2),D,0.7281,5
0.5168,0.5181,5,T,403(E2),E,0.4524,3
-0.5438,-0.78,6,T,403(E2),F,-1,2
-0.4985,-0.7054,6,T,403(E2),G,-1.142,4
0.01516,0.01813,5,T,403(E2),H,-0.1498,4
-4.079,-6.891,16,T,403(E2),I,-8,5
-1.065,-1.76,15,T,403(E2),K,-2.274,4
-4.35,-7.059,9,T,403(E2),L,-7.513,6
-1.857,-3.513,8,T,403(E2),M,-6.357,1
0.4078,0.425,4,T,403(E2),N,,
-0.477,-0.6705,8,T,403(E2),P,-1.837,5
0.2491,0.2746,3,T,403(E2),Q,-0.1958,1
-0.2626,-0.3448,4,T,403(E2),R,0.1655,2
0.6121,0.5931,4,T,403(E2),S,0.4339,3
0,0,,T,403(E2),T,0,
-2.352,-4.581,4,T,403(E2),V,-4.065,2
0.4576,0.4686,5,T,403(E2),W,1.338,2
4.496,1.408,5,T,403(E2),Y,1.283,3
-0.4798,-0.675,1,P,404(E2),A,-1.001,1
-1.481,-2.663,6,P,404(E2),C,-2.502,2
-0.198,-0.2545,5,P,404(E2),D,-1.857,2
-0.4516,-0.6297,4,P,404(E2),E,-0.5804,2
-0.9275,-1.481,5,P,404(E2),F,-1.795,3
-0.889,-1.406,3,P,404(E2),G,-1.7,2
-0.3027,-0.4027,11,P,404(E2),H,-0.3583,3
-1.601,-2.934,6,P,404(E2),I,-3.704,4
-1.478,-2.655,2,P,404(E2),K,-1.828,1
-1.547,-2.81,9,P,404(E2),L,-3.382,4
-1.274,-2.203,3,P,404(E2),M,-2.544,3
-0.1987,-0.2555,2,P,404(E2),N,-0.5966,2
0,0,,P,404(E2),P,0,
1.02,0.8548,3,P,404(E2),Q,-1.029,1
-0.02221,-0.0269,6,P,404(E2),R,-0.27,2
-1.146,-1.93,18,P,404(E2),S,-1.506,2
0.9102,0.793,4,P,404(E2),T,-0.8564,1
-0.6127,-0.8972,5,P,404(E2),W,-1.148,3
-1.179,-1.999,4,P,404(E2),Y,-1.564,1
-0.6351,-0.9362,1,G,405(E2),-,,
0.5124,0.5145,6,G,405(E2),A,0.5375,1
-1.514,-2.736,13,G,405(E2),C,-3.633,2
-2.976,-5.699,20,G,405(E2),D,-4.856,2
-0.5768,-0.8356,3,G,405(E2),E,-0.4563,1
-2.827,-5.461,1,G,405(E2),F,,
0,0,,G,405(E2),G,0,
0.2219,0.247,3,G,405(E2),H,,
-1.88,-3.563,7,G,405(E2),I,-4.214,4
-0.4422,-0.6149,7,G,405(E2),K,-1.272,2
-0.993,-1.612,12,G,405(E2),L,-1.651,5
-0.7851,-1.208,10,G,405(E2),M,-1.559,5
-0.2467,-0.3223,4,G,405(E2),N,0.0755,2
-0.7399,-1.124,4,G,405(E2),P,,
1.925,1.186,1,G,405(E2),Q,,
-0.1246,-0.1563,10,G,405(E2),R,-0.4375,4
-0.3047,-0.4056,15,G,405(E2),S,-1.079,6
-0.6133,-0.8982,3,G,405(E2),T,0.2886,1
-1.698,-3.154,9,G,405(E2),V,-4.119,1
-0.6421,-0.9483,3,G,405(E2),W,-1.21,2
-1.135,-1.906,4,G,405(E2),Y,,
0,0,,A,406(E2),A,0,
-0.42,-0.5799,2,A,406(E2),C,,
-0.02359,-0.02859,8,A,406(E2),D,-0.2261,3
-1.05,-1.729,4,A,406(E2),E,-2.046,4
-0.1876,-0.2403,2,A,406(E2),F,-0.5034,1
-2.013,-3.86,3,A,406(E2),G,-4.106,1
-0.4372,-0.6069,7,A,406(E2),H,-0.6774,4
-0.1216,-0.1524,5,A,406(E2),I,-1.432,1
-0.1275,-0.1601,4,A,406(E2),K,0.5344,1
0.5906,0.5767,7,A,406(E2),L,0.2189,4
0.3774,0.3976,7,A,406(E2),M,0.2943,3
-0.1073,-0.1338,5,A,406(E2),N,1.095,1
-0.9739,-1.574,5,A,406(E2),P,-2.261,4
-1.373,-2.42,2,A,406(E2),Q,-2.738,1
3.836,1.39,5,A,406(E2),R,0.9815,4
-1.167,-1.973,8,A,406(E2),S,-2.522,5
-0.532,-0.7604,25,A,406(E2),T,-1.534,5
-0.107,-0.1334,5,A,406(E2),V,-0.1972,3
-0.5557,-0.8,5,A,406(E2),W,-1.247,3
-0.6915,-1.036,6,A,406(E2),Y,-1.274,1
0.003821,0.004588,8,T,407(E2),A,-0.5011,2
-1.245,-2.141,5,T,407(E2),C,-2.409,3
-0.7185,-1.085,7,T,407(E2),D,-1.343,6
-0.6949,-1.042,2,T,407(E2),E,-0.4623,1
-0.9054,-1.438,11,T,407(E2),F,-3.026,8
0.5579,0.5512,4,T,407(E2),G,0.1119,2
1.108,0.9001,3,T,407(E2),H,,
-0.1667,-0.212,12,T,407(E2),I,,
1.167,0.9288,4,T,407(E2),K,0.5133,2
-1.097,-1.826,5,T,407(E2),L,-1.963,2
1.472,1.054,1,T,407(E2),M,,
0.2075,0.2321,3,T,407(E2),N,-0.2708,2
-0.7979,-1.231,2,T,407(E2),P,,
-0.5427,-0.7783,6,T,407(E2),Q,-0.7129,1
1.366,1.015,7,T,407(E2),R,1.224,3
0.1787,0.2019,8,T,407(E2),S,0.148,2
0,0,,T,407(E2),T,0,
0.5323,0.5307,3,T,407(E2),V,0.7147,3
-1.448,-2.589,6,T,407(E2),W,-2.447,3
-0.1687,-0.2147,6,T,407(E2),Y,-0.5648,5
-0.006053,-0.007293,9,V,408(E2),A,-0.142,2
-1.421,-2.528,7,V,408(E2),C,-2.718,4
-2.481,-4.838,8,V,408(E2),D,-5.194,5
-2.086,-4.019,4,V,408(E2),E,-3.552,1
-1.231,-2.111,2,V,408(E2),F,-2.441,1
-2.669,-5.187,5,V,408(E2),G,-5.528,4
-1.754,-3.281,5,V,408(E2),H,-2.816,3
-0.323,-0.4325,8,V,408(E2),I,-0.1437,3
-1.638,-3.017,5,V,408(E2),K,-3.119,3
-0.7308,-1.107,6,V,408(E2),L,-0.3925,3
-0.4835,-0.681,18,V,408(E2),M,-1.899,3
-1.714,-3.19,2,V,408(E2),N,,
-0.4131,-0.5692,5,V,408(E2),P,-0.46,2
-2.173,-4.207,4,V,408(E2),Q,-4.244,2
-1.961,-3.745,5,V,408(E2),R,-3.56,1
-2.176,-4.215,2,V,408(E2),S,-5.752,2
-0.9275,-1.481,6,V,408(E2),T,-1.845,3
0,0,,V,408(E2),V,0,
-1.42,-2.526,6,V,408(E2),W,-3.168,3
-0.8864,-1.401,2,V,408(E2),Y,,
-8.3,-7.634,1,P,409(E2),*,-8,1
-3.765,-6.644,1,P,409(E2),A,-6.857,1
-5.421,-7.436,3,P,409(E2),C,-8,1
-2.205,-4.277,7,P,409(E2),D,-4.271,4
-2.614,-5.088,4,P,409(E2),E,-5.169,4
-2.266,-4.405,5,P,409(E2),F,-3.918,3
-2.104,-4.061,3,P,409(E2),G,-4.707,1
-3.689,-6.574,4,P,409(E2),H,-7.473,1
-3.088,-5.864,6,P,409(E2),I,-5.157,2
-3.167,-5.974,6,P,409(E2),K,-6.853,2
-3.285,-6.13,10,P,409(E2),L,-7.149,4
-2.663,-5.177,4,P,409(E2),M,-4.983,3
-2.72,-5.279,5,P,409(E2),N,-5.89,4
0,0,,P,409(E2),P,0,
-2.972,-5.693,2,P,409(E2),Q,-6.033,1
-1.435,-2.56,6,P,409(E2),R,-2.844,4
-1.358,-2.388,8,P,409(E2),S,-5.341,2
-2.416,-4.709,10,P,409(E2),T,-4.127,3
-3.785,-6.661,6,P,409(E2),V,-6.75,4
0.3786,0.3987,2,P,409(E2),W,,
-2.814,-5.439,1,P,409(E2),Y,-5.691,1
-0.5066,-0.7185,1,F,410(E2),-,,
-0.1384,-0.1744,2,F,410(E2),A,-3.738,2
0.1066,0.1236,4,F,410(E2),C,-0.7247,2
-5.291,-7.407,3,F,410(E2),D,-8,3
-1.605,-2.943,6,F,410(E2),E,-3.221,2
0,0,,F,410(E2),F,0,
-0.878,-1.384,4,F,410(E2),G,-2.567,2
-1.076,-1.782,8,F,410(E2),H,-1.943,2
-0.3734,-0.5081,8,F,410(E2),I,-0.3043,2
-1.379,-2.434,5,F,410(E2),K,-3.871,2
0.9406,0.8107,12,F,410(E2),L,0.3631,5
-0.6335,-0.9333,5,F,410(E2),M,-1.423,4
-1.745,-3.259,4,F,410(E2),N,-3.572,4
-0.9771,-1.58,2,F,410(E2),P,,
-1.13,-1.896,5,F,410(E2),Q,-2.399,2
-0.39,-0.5335,1,F,410(E2),R,-0.8871,1
-0.8631,-1.356,11,F,410(E2),S,-1.283,5
0.4309,0.4454,4,F,410(E2),T,0.2746,3
-0.3318,-0.4455,3,F,410(E2),V,-2.584,1
2.559,1.298,2,F,410(E2),W,1.01,2
-0.1581,-0.2005,9,F,410(E2),Y,-0.872,2
3.297,1.364,2,L,411(E2),-,,
-0.04027,-0.04909,6,L,411(E2),A,-0.5552,3
-0.2654,-0.3488,6,L,411(E2),C,-0.9487,2
-5.754,-7.494,7,L,411(E2),D,-8,2
-1.482,-2.666,2,L,411(E2),E,,
-0.1396,-0.176,4,L,411(E2),F,-0.6617,3
-0.6273,-0.9225,6,L,411(E2),G,-1.113,4
-2.432,-4.742,5,L,411(E2),H,-4.298,3
-0.04447,-0.05428,6,L,411(E2),I,-0.6083,5
-2.877,-5.543,5,L,411(E2),K,,
0,0,,L,411(E2),L,0,
-0.1869,-0.2394,7,L,411(E2),M,0.7369,1
-5.19,-7.383,3,L,411(E2),N,-8,1
-5.317,-7.413,11,L,411(E2),P,-7.755,2
-1.174,-1.988,2,L,411(E2),Q,,
-5.987,-7.525,3,L,411(E2),R,,
-3.598,-6.485,3,L,411(E2),S,,
-1.452,-2.596,8,L,411(E2),T,-3.05,3
-0.3718,-0.5056,3,L,411(E2),V,-1.466,2
0.5239,0.5239,5,L,411(E2),W,,
-0.7587,-1.158,4,L,411(E2),Y,-1.301,3
-1.347,-2.363,1,L,412(E2),-,,
-0.9305,-1.487,5,L,412(E2),A,-1.487,1
-1.71,-3.181,7,L,412(E2),C,-3.371,5
-6.22,-7.55,8,L,412(E2),D,-8,5
-5.662,-7.48,4,L,412(E2),E,-7.995,2
-0.7062,-1.063,5,L,412(E2),F,-1.333,2
-2.114,-4.081,7,L,412(E2),G,-2.939,2
-3.52,-6.404,6,L,412(E2),H,-5.961,3
1.567,1.087,2,L,412(E2),I,0.1487,1
-7.075,-7.605,5,L,412(E2),K,-8,4
0,0,,L,412(E2),L,0,
-0.6734,-1.004,8,L,412(E2),M,-1.024,3
-1.906,-3.623,4,L,412(E2),N,-2.985,1
-5.268,-7.402,11,L,412(E2),P,-8,6
-5.861,-7.509,5,L,412(E2),Q,-8,2
-4.099,-6.905,4,L,412(E2),R,,
-2.15,-4.159,8,L,412(E2),S,-4.4,4
-0.5466,-0.7848,3,L,412(E2),T,1.006,1
-0.4281,-0.5926,4,L,412(E2),V,-1.42,2
-0.3758,-0.5118,1,L,412(E2),W,-0.8642,1
-2.391,-4.659,5,L,412(E2),Y,-4.021,2
-2.286,-4.446,2,S,413(E2),-,,
0.285,0.3103,5,S,413(E2),A,0.112,3
-1.338,-2.345,4,S,413(E2),C,-1.89,1
-4.08,-6.892,3,S,413(E2),D,-8,1
-0.787,-1.211,4,S,413(E2),E,-1.045,1
-2.668,-5.187,4,S,413(E2),F,-8,1
0.07289,0.08546,7,S,413(E2),G,0.02205,4
-0.4665,-0.6536,5,S,413(E2),H,-0.8337,5
-5.059,-7.347,10,S,413(E2),I,-8,3
-1.032,-1.691,9,S,413(E2),K,-2.263,5
-1.645,-3.033,5,S,413(E2),L,,
-0.8202,-1.274,4,S,413(E2),M,-1.382,2
-0.08187,-0.1012,6,S,413(E2),N,-1.437,2
-0.9618,-1.549,6,S,413(E2),P,-1.846,3
0.9323,0.8059,5,S,413(E2),Q,0.9116,3
-1.08,-1.791,9,S,413(E2),R,-1.56,1
0,0,,S,413(E2),S,0,
-0.2969,-0.3941,6,S,413(E2),T,-1.402,3
-2.435,-4.748,6,S,413(E2),V,-4.882,3
-0.4175,-0.5761,6,S,413(E2),W,-0.2316,4
-1.834,-3.46,6,S,413(E2),Y,-3.871,3
-1.689,-3.133,1,L,414(E2),-,,
-0.4314,-0.5978,5,L,414(E2),A,,
-2.243,-4.356,2,L,414(E2),C,-3.769,1
-5.739,-7.492,5,L,414(E2),D,-8,3
-3.717,-6.6,3,L,414(E2),E,-6.963,2
-1.347,-2.363,6,L,414(E2),F,-2.467,3
-1.608,-2.949,4,L,414(E2),G,-3.272,2
-4.979,-7.323,5,L,414(E2),H,-8,4
-1.877,-3.557,4,L,414(E2),I,-4.465,2
-5.689,-7.484,2,L,414(E2),K,-8,1
0,0,,L,414(E2),L,0,
-0.7824,-1.202,13,L,414(E2),M,-1.068,4
-9.693,-7.643,6,L,414(E2),N,-8,1
-4.428,-7.1,27,L,414(E2),P,-7.037,4
-1.651,-3.045,9,L,414(E2),Q,-5.158,2
-5.538,-7.458,13,L,414(E2),R,-8,5
-1.967,-3.76,2,L,414(E2),S,-3.633,1
-1.154,-1.947,6,L,414(E2),T,-0.6183,1
-0.753,-1.148,6,L,414(E2),V,-1.331,4
0.1558,0.1775,3,L,414(E2),W,0.05555,2
-1.104,-1.841,3,L,414(E2),Y,-1.877,3
-1.719,-3.2,2,I,415(E2),-,,
-0.331,-0.4443,5,I,415(E2),A,-0.3281,4
-0.1781,-0.2274,9,I,415(E2),C,-0.9526,4
-2.168,-4.197,5,I,415(E2),D,-4.284,4
-2.724,-5.286,4,I,415(E2),E,-5.517,3
0.7154,0.6681,4,I,415(E2),F,,
-0.7453,-1.134,4,I,415(E2),G,-1.376,2
-2.438,-4.754,7,I,415(E2),H,-5.053,4
0,0,,I,415(E2),I,0,
-4.45,-7.111,2,I,415(E2),K,-7.508,2
0.1307,0.1501,9,I,415(E2),L,-1.231,2
-0.4896,-0.6909,1,I,415(E2),M,,
-3.111,-5.896,6,I,415(E2),N,-6.674,2
-2.585,-5.036,9,I,415(E2),P,-5.239,4
-3.427,-6.3,6,I,415(E2),Q,-8,1
-5.513,-7.454,2,I,415(E2),R,-8,2
-1.966,-3.756,5,I,415(E2),S,-4.856,3
-1.731,-3.228,5,I,415(E2),T,-3.043,2
0.4382,0.4518,5,I,415(E2),V,0.585,3
-2.004,-3.842,2,I,415(E2),W,,
-4.226,-6.987,5,I,415(E2),Y,-8,5
-4.39,-7.081,4,C,416(E2),*,,
-1.692,-3.14,6,C,416(E2),A,,
0,0,,C,416(E2),C,0,
-5.183,-7.381,1,C,416(E2),D,-8,1
-2.356,-4.59,7,C,416(E2),E,-6.329,2
-1.378,-2.431,8,C,416(E2),F,-2.408,2
-1.994,-3.819,2,C,416(E2),G,-4.149,1
-2.569,-5.005,4,C,416(E2),H,-5.324,2
-5.93,-7.518,5,C,416(E2),I,-8,4
-5.344,-7.419,6,C,416(E2),K,-8,3
-1.94,-3.7,8,C,416(E2),L,-3.827,5
-3.25,-6.085,2,C,416(E2),M,-8,1
-2.055,-3.952,3,C,416(E2),N,-3.938,3
-3.947,-6.795,4,C,416(E2),P,-7.155,2
-2.199,-4.264,3,C,416(E2),Q,-4.763,2
-5.14,-7.369,3,C,416(E2),R,-8,1
-2.943,-5.647,7,C,416(E2),S,-6.08,4
-3.24,-6.072,1,C,416(E2),T,-6.305,1
-3.112,-5.898,10,C,416(E2),V,-6.883,4
-1.958,-3.74,8,C,416(E2),W,-5.58,2
-2.393,-4.665,18,C,416(E2),Y,-5.174,7
-6.317,-7.559,2,C,417(E2),*,,
-2.848,-5.496,7,C,417(E2),A,-5.622,3
0,0,,C,417(E2),C,0,
-4.896,-7.296,7,C,417(E2),D,-8,5
-3.566,-6.452,7,C,417(E2),E,-8,2
-2.756,-5.341,10,C,417(E2),F,-6.02,6
-2.456,-4.789,7,C,417(E2),G,-8,3
-2.2,-4.266,6,C,417(E2),H,-3.864,3
-3.303,-6.152,6,C,417(E2),I,-6.88,4
-3.212,-6.035,3,C,417(E2),K,-6.016,2
-2.292,-4.458,2,C,417(E2),L,-4.753,2
-2.42,-4.717,8,C,417(E2),M,-4.951,5
-2.458,-4.793,4,C,417(E2),N,-5.091,3
-4.042,-6.865,8,C,417(E2),P,-7.51,8
-5.182,-7.381,8,C,417(E2),Q,-8,3
-4.812,-7.267,11,C,417(E2),R,-8,7
-2.748,-5.327,14,C,417(E2),S,-5.213,5
-2.553,-4.974,6,C,417(E2),T,-6.59,2
-4.228,-6.988,9,C,417(E2),V,-8,3
-3.692,-6.577,5,C,417(E2),W,-6.928,1
-3.437,-6.312,26,C,417(E2),Y,-6.383,5
-0.2615,-0.3432,1,I,418(E2),-,,
-0.04048,-0.04935,6,I,418(E2),A,-0.0978,4
-1.952,-3.725,6,I,418(E2),C,-4.344,2
-3.925,-6.778,10,I,418(E2),D,-7.261,4
-5.516,-7.454,5,I,418(E2),E,-8,2
-0.5851,-0.8498,9,I,418(E2),F,-1.056,2
-2.183,-4.229,5,I,418(E2),G,-4.51,4
-2.593,-5.049,8,I,418(E2),H,-6.039,3
0,0,,I,418(E2),I,0,
-7.488,-7.619,10,I,418(E2),K,-8,4
-0.5143,-0.7311,13,I,418(E2),L,-0.3787,6
0.2815,0.3068,10,I,418(E2),M,0.06016,6
-5.171,-7.378,5,I,418(E2),N,-4.691,1
-3.352,-6.213,6,I,418(E2),P,-5.802,2
-2.194,-4.254,8,I,418(E2),Q,-4.351,3
-4.435,-7.104,7,I,418(E2),R,-7.878,5
-1.064,-1.757,1,I,418(E2),S,,
-0.386,-0.5274,13,I,418(E2),T,-0.359,3
-0.561,-0.8089,10,I,418(E2),V,-0.8721,5
-0.7222,-1.091,10,I,418(E2),W,-1.5,6
-1.444,-2.58,9,I,418(E2),Y,-3.185,3
-1.231,-2.111,2,R,419(E2),*,,
-2.199,-4.264,1,R,419(E2),-,,
-1.645,-3.034,7,R,419(E2),A,-3.325,4
-1.793,-3.368,12,R,419(E2),C,-3.696,9
-1.719,-3.201,15,R,419(E2),D,-3.382,8
-0.9765,-1.579,5,R,419(E2),E,-2.246,3
-5.249,-7.397,8,R,419(E2),F,-8,4
-0.61,-0.8926,17,R,419(E2),G,-1.257,8
-0.04853,-0.05933,7,R,419(E2),H,-0.9595,4
-4.935,-7.309,16,R,419(E2),I,-8,7
-0.3497,-0.4723,26,R,419(E2),K,-0.8311,3
-4.351,-7.059,11,R,419(E2),L,-8,5
-2.624,-5.106,13,R,419(E2),M,-5.548,8
-1.101,-1.834,12,R,419(E2),N,-2.046,6
0.5109,0.5133,14,R,419(E2),P,0.0685,8
-0.4932,-0.6967,8,R,419(E2),Q,-0.481,5
0,0,,R,419(E2),R,0,
-0.6992,-1.05,6,R,419(E2),S,,
-1.513,-2.733,11,R,419(E2),T,-3.695,5
-2.476,-4.827,8,R,419(E2),V,-5.189,4
-2.605,-5.072,6,R,419(E2),W,-5.371,1
-4.271,-7.014,12,R,419(E2),Y,-8,4
-1.151,-1.939,2,T,420(E2),-,,
-0.1415,-0.1785,11,T,420(E2),A,-0.5593,5
0.7413,0.6859,15,T,420(E2),C,0.0564,5
1.993,1.202,7,T,420(E2),D,1.021,4
-0.387,-0.5289,7,T,420(E2),E,-0.3164,4
-1.846,-3.488,9,T,420(E2),F,-3.301,4
0.3456,0.3682,4,T,420(E2),G,-0.0051,2
-0.4793,-0.6742,8,T,420(E2),H,-0.1987,3
-1.511,-2.73,28,T,420(E2),I,-2.914,11
1.941,1.19,2,T,420(E2),K,,
-1.213,-2.072,10,T,420(E2),L,-2.395,3
-0.9583,-1.543,12,T,420(E2),M,-2.325,5
0.2793,0.3047,6,T,420(E2),N,-1.196,3
-0.2241,-0.2906,10,T,420(E2),P,-0.5195,6
-0.1017,-0.1266,7,T,420(E2),Q,0.0643,2
0.03388,0.04027,8,T,420(E2),R,-0.4165,5
0.07373,0.08643,8,T,420(E2),S,-0.151,5
0,0,,T,420(E2),T,0,
-0.5495,-0.7897,6,T,420(E2),V,-0.9832,4
-1.044,-1.717,7,T,420(E2),W,-3.211,2
-1.442,-2.576,5,T,420(E2),Y,-2.862,4
-1.499,-2.703,2,A,421(E2),-,,
0,0,,A,421(E2),A,0,
0.3037,0.3285,4,A,421(E2),C,,
-6.447,-7.569,9,A,421(E2),D,-7.409,2
-5.194,-7.384,9,A,421(E2),E,-8,4
-4.594,-7.179,6,A,421(E2),F,-6.851,4
-0.5502,-0.7909,7,A,421(E2),G,-1.434,2
-5.736,-7.491,12,A,421(E2),H,-8,9
-1.089,-1.809,7,A,421(E2),I,-2.502,4
-6.807,-7.592,9,A,421(E2),K,-8,1
-2.466,-4.808,5,A,421(E2),L,-6.094,2
-5.511,-7.453,8,A,421(E2),M,-8,3
-4.114,-6.915,7,A,421(E2),N,-5.636,3
-6.351,-7.562,14,A,421(E2),P,-8,8
-6.054,-7.533,9,A,421(E2),Q,-8,3
-5.132,-7.367,20,A,421(E2),R,-8,10
-0.2937,-0.3895,9,A,421(E2),S,-0.5618,6
0.1616,0.1837,64,A,421(E2),T,-0.6143,13
0.2903,0.3154,6,A,421(E2),V,-0.319,2
-4.784,-7.257,7,A,421(E2),W,-8,2
-4.176,-6.956,3,A,421(E2),Y,-7.79,3
-0.4975,-0.7037,1,K,422(E2),-,,
-1.803,-3.392,10,K,422(E2),A,-3.924,7
-2.596,-5.056,5,K,422(E2),C,-5.481,2
-0.2856,-0.3778,6,K,422(E2),D,-1.206,2
-0.7452,-1.133,10,K,422(E2),E,-0.3984,3
-1.685,-3.123,9,K,422(E2),F,-3.263,6
-0.3767,-0.5132,6,K,422(E2),G,-0.429,4
-0.2249,-0.2916,10,K,422(E2),H,0.7212,3
-3.211,-6.033,9,K,422(E2),I,-6.19,5
0,0,,K,422(E2),K,0,
-3.431,-6.305,12,K,422(E2),L,-7.411,7
-2.218,-4.303,9,K,422(E2),M,-4.285,7
4.133,1.4,13,K,422(E2),N,0.1439,5
-3.574,-6.46,9,K,422(E2),P,-8,5
-0.639,-0.9429,2,K,422(E2),Q,-1.765,1
0.7773,0.71,8,K,422(E2),R,0.02172,3
-1.146,-1.929,9,K,422(E2),S,-2.366,4
-1.01,-1.647,9,K,422(E2),T,-2.133,3
-4.347,-7.057,6,K,422(E2),V,-8,3
-0.9459,-1.518,17,K,422(E2),W,-1.325,6
-1.243,-2.137,7,K,422(E2),Y,-2.817,2
-0.3232,-0.4328,2,A,423(E2),-,,
0,0,,A,423(E2),A,0,
-0.2945,-0.3907,12,A,423(E2),C,-1.116,7
-5.563,-7.463,18,A,423(E2),D,-7.755,4
-5.788,-7.499,8,A,423(E2),E,-8,2
-5.388,-7.429,7,A,423(E2),F,-6.971,4
1.045,0.8681,3,A,423(E2),G,,
-5.285,-7.406,6,A,423(E2),H,-8,5
-5.439,-7.439,6,A,423(E2),I,-8,3
-3.997,-6.832,8,A,423(E2),K,-8,4
-6.172,-7.545,5,A,423(E2),L,-8,3
-5.64,-7.476,5,A,423(E2),M,-8,2
-6.135,-7.542,12,A,423(E2),N,-8,5
-4.873,-7.288,8,A,423(E2),P,-8,5
-5.398,-7.431,11,A,423(E2),Q,-8,4
-5.105,-7.36,5,A,423(E2),R,-8,1
-1.275,-2.206,12,A,423(E2),S,-2.823,5
-2.42,-4.718,22,A,423(E2),T,-5.506,7
-5.61,-7.471,21,A,423(E2),V,-8,5
-3.66,-6.546,6,A,423(E2),W,-7.012,4
-5.302,-7.41,9,A,423(E2),Y,-8,8
-1.07,-1.771,2,A,1(6K),-,,
0,0,,A,1(6K),A,0,
1.681,1.122,9,A,1(6K),D,-3.207,1
-1.075,-1.781,4,A,1(6K),S,,
0.1026,0.1191,104,A,1(6K),T,-0.601,16
-0.0278,-0.03374,8,A,1(6K),V,,
-0.3217,-0.4305,2,T,2(6K),-,,
0.233,0.2583,1,T,2(6K),A,,
0.9717,0.8283,1,T,2(6K),I,,
0.4176,0.4337,1,T,2(6K),N,,
0.5046,0.5081,1,T,2(6K),P,,
0,0,,T,2(6K),T,0,
-3.527,-6.411,2,Y,3(6K),*,,
-0.5652,-0.816,2,Y,3(6K),-,,
1.088,0.8901,1,Y,3(6K),C,,
2.345,1.267,1,Y,3(6K),F,1.029,1
0.7359,0.6822,6,Y,3(6K),H,0.0205,2
0.1587,0.1806,2,Y,3(6K),N,-5.11,1
0,0,,Y,3(6K),Y,0,
-4.114,-6.915,2,Q,4(6K),*,,
0.4839,0.4908,1,Q,4(6K),-,,
-0.2666,-0.3505,1,Q,4(6K),E,,
0.3342,0.3575,2,Q,4(6K),H,,
-0.1013,-0.1261,5,Q,4(6K),K,0.1678,1
0,0,,Q,4(6K),Q,0,
-1.49,-2.682,5,Q,4(6K),R,,
-5.716,-7.488,7,E,5(6K),*,,
-0.9523,-1.531,1,E,5(6K),-,,
0.6136,0.5942,2,E,5(6K),D,,
0,0,,E,5(6K),E,0,
-1.177,-1.995,1,E,5(6K),G,,
-0.5618,-0.8104,8,E,5(6K),K,-0.293,2
-1.439,-2.567,1,E,5(6K),Q,,
0.3089,0.3334,3,E,5(6K),V,0.01821,1
0,0,,A,6(6K),A,0,
-1.458,-2.612,2,A,6(6K),D,,
0.167,0.1895,3,A,6(6K),T,,
0.02199,0.02625,28,A,6(6K),V,0.4319,3
0,0,,A,7(6K),A,0,
-0.4665,-0.6535,4,A,7(6K),D,,
0.4173,0.4335,2,A,7(6K),S,,
-0.0458,-0.05593,23,A,7(6K),T,-0.5064,5
-0.4247,-0.5873,4,A,7(6K),V,-1.053,1
0.1398,0.1601,2,V,8(6K),E,,
-0.04213,-0.05139,2,V,8(6K),L,,
0.436,0.4499,8,V,8(6K),M,,
0,0,,V,8(6K),V,0,
-5.439,-7.439,4,Y,9(6K),*,-8,1
0.911,0.7934,2,Y,9(6K),C,-3.632,1
0.3943,0.4129,1,Y,9(6K),N,,
0,0,,Y,9(6K),Y,0,
0,0,,L,10(6K),L,0,
-0.07822,-0.09659,9,L,10(6K),M,,
-0.2522,-0.3301,19,L,10(6K),P,,
-0.5061,-0.7178,7,L,10(6K),Q,-0.6368,1
-0.5912,-0.8603,5,L,10(6K),R,-2.19,1
-0.3976,-0.5452,3,L,10(6K),V,,
-4.321,-7.043,46,W,11(6K),*,-8,4
-3.719,-6.602,1,W,11(6K),C,,
1.238,0.9611,2,W,11(6K),L,,
0,0,,W,11(6K),W,0,
1.728,1.136,1,N,12(6K),D,0.8351,1
-0.2365,-0.3079,2,N,12(6K),K,,
0,0,,N,12(6K),N,0,
-4.205,-6.974,3,E,13(6K),*,,
0.7744,0.7081,2,E,13(6K),D,1.336,1
0,0,,E,13(6K),E,0,
-0.7507,-1.144,8,E,13(6K),K,-2.131,2
-6.799,-7.592,17,Q,14(6K),*,,
-0.05298,-0.06487,4,Q,14(6K),K,,
0,0,,Q,14(6K),Q,0,
0.7557,0.6956,1,Q,14(6K),R,,
-5.075,-7.352,8,Q,15(6K),*,-8,2
-0.477,-0.6705,1,Q,15(6K),P,,
0,0,,Q,15(6K),Q,0,
-0.9734,-1.573,2,Q,15(6K),R,-1.855,1
-0.4809,-0.6767,1,P,16(6K),H,,
-0.3911,-0.5351,5,P,16(6K),L,-0.2521,2
0,0,,P,16(6K),P,0,
0.01674,0.02001,4,P,16(6K),S,,
0,0,,L,17(6K),L,0,
1.737,1.138,2,L,17(6K),M,,
1.278,0.9782,3,L,17(6K),P,0.7537,2
-0.5306,-0.7582,3,L,17(6K),Q,-1.057,1
0,0,,F,18(6K),F,0,
2.843,1.329,1,F,18(6K),I,,
-2.099,-4.048,4,F,18(6K),L,-5.177,1
-0.3671,-0.4986,1,F,18(6K),S,,
-5.436,-7.439,28,W,19(6K),*,-8,5
0.2744,0.2999,2,W,19(6K),C,-0.6106,1
0.838,0.7491,1,W,19(6K),G,,
0.4338,0.4479,4,W,19(6K),L,,
0,0,,W,19(6K),W,0,
0,0,,L,20(6K),L,0,
3.13,1.353,1,L,20(6K),M,,
-0.9471,-1.52,3,L,20(6K),P,,
-3.112,-5.898,5,Q,21(6K),*,,
-0.5387,-0.7716,3,Q,21(6K),K,,
-0.8843,-1.397,1,Q,21(6K),P,,
0,0,,Q,21(6K),Q,0,
0.6119,0.593,3,Q,21(6K),R,,
0,0,,A,22(6K),A,0,
0.08664,0.1011,11,A,22(6K),D,-0.5183,4
0.1411,0.1616,10,A,22(6K),T,-1.433,2
-0.1855,-0.2375,6,A,22(6K),V,,
0,0,,L,23(6K),L,0,
1.042,0.8662,5,L,23(6K),M,1.555,2
-0.1809,-0.2312,13,L,23(6K),P,,
0.4105,0.4274,2,L,23(6K),Q,,
0,0,,I,24(6K),I,0,
1.6,1.097,1,I,24(6K),S,,
-3.127,-5.92,2,I,24(6K),V,-6.258,1
-0.9509,-1.528,4,P,25(6K),H,,
0.1553,0.177,3,P,25(6K),L,,
0,0,,P,25(6K),P,0,
-0.5892,-0.8568,6,P,25(6K),S,-0.6103,3
2.391,1.274,3,P,25(6K),T,,
0,0,,L,26(6K),L,0,
0.3388,0.3618,3,L,26(6K),M,0.1724,1
-1.519,-2.747,2,L,26(6K),Q,,
0,0,,A,27(6K),A,0,
-1.251,-2.154,3,A,27(6K),D,-3.122,1
-2.491,-4.856,2,A,27(6K),S,,
0.3869,0.4063,7,A,27(6K),T,,
-0.05184,-0.06344,59,A,27(6K),V,-0.4581,5
0,0,,A,28(6K),A,0,
-1.12,-1.875,1,A,28(6K),D,,
-0.978,-1.582,1,A,28(6K),S,,
-0.1383,-0.1743,30,A,28(6K),T,-1.157,5
0.1047,0.1214,5,A,28(6K),V,,
0.9932,0.8402,1,L,29(6K),-,,
0,0,,L,29(6K),L,0,
-1.197,-2.038,3,L,29(6K),M,,
-0.4633,-0.6484,10,L,29(6K),P,,
0.5511,0.5458,1,L,29(6K),R,,
-0.3113,-0.4152,1,L,29(6K),V,,
0.3305,0.354,1,I,30(6K),-,,
0,0,,I,30(6K),I,0,
-0.4258,-0.589,1,I,30(6K),L,,
-1.803,-3.39,1,I,30(6K),N,,
-0.6725,-1.002,3,I,30(6K),T,,
1.153,0.9221,2,I,30(6K),V,0.7182,1
0.613,0.5938,1,V,31(6K),-,,
-2.053,-3.949,1,V,31(6K),L,,
-0.0141,-0.01703,8,V,31(6K),M,-0.2039,3
0,0,,V,31(6K),V,0,
0,0,,L,32(6K),L,0,
0.113,0.1307,6,L,32(6K),M,,
-0.6673,-0.9929,8,L,32(6K),P,-1.623,1
-0.2972,-0.3947,3,L,32(6K),Q,-0.2045,1
-0.3676,-0.4993,3,L,32(6K),R,,
-3.618,-6.505,7,C,33(6K),*,-6.254,2
0,0,,C,33(6K),C,0,
0.03433,0.04079,1,C,33(6K),F,,
2.264,1.254,1,C,33(6K),G,,
1.389,1.023,3,C,33(6K),R,,
0.432,0.4464,1,C,33(6K),S,,
-0.4899,-0.6914,17,C,33(6K),Y,-0.3434,2
-0.6995,-1.05,2,N,34(6K),D,,
-1.871,-3.544,1,N,34(6K),H,,
1.434,1.041,1,N,34(6K),I,,
0.1527,0.1741,2,N,34(6K),K,-0.09495,1
0,0,,N,34(6K),N,0,
3.075,1.349,1,N,34(6K),S,,
-5.015,-7.334,3,C,35(6K),*,,
0,0,,C,35(6K),C,0,
1.197,0.9426,2,C,35(6K),F,,
0.5685,0.5595,2,C,35(6K),R,,
1.292,0.9842,2,C,35(6K),S,,
0.5868,0.5738,10,C,35(6K),Y,,
0,0,,L,36(6K),L,0,
-0.4584,-0.6406,3,L,36(6K),M,,
-0.2695,-0.3546,21,L,36(6K),P,-0.7738,4
-0.5084,-0.7216,4,L,36(6K),Q,,
1.285,0.9814,2,L,36(6K),R,,
1.765,1.146,1,L,36(6K),V,,
-0.1927,-0.2472,1,R,37(6K),G,,
0.63,0.6066,4,R,37(6K),I,,
0.329,0.3526,10,R,37(6K),K,-1.072,3
0,0,,R,37(6K),R,0,
0,0,,L,38(6K),L,0,
-0.2324,-0.3021,5,L,38(6K),M,-2.237,2
-4.305,-7.033,2,L,38(6K),P,,
-0.2868,-0.3796,1,L,38(6K),Q,,
0,0,,L,39(6K),L,0,
0.3079,0.3325,4,L,39(6K),M,,
1.317,0.9946,1,L,39(6K),Q,,
1.706,1.129,1,L,39(6K),V,,
-0.4338,-0.6016,2,P,40(6K),A,,
-0.4962,-0.7016,3,P,40(6K),H,,
0,0,,P,40(6K),P,0,
-0.08006,-0.09892,14,P,40(6K),S,0.5075,1
2.024,1.208,1,P,40(6K),T,,
-4.391,-7.081,2,C,41(6K),*,,
0,0,,C,41(6K),C,0,
-0.5665,-0.8182,1,C,41(6K),F,,
-0.8116,-1.257,1,C,41(6K),G,,
0.09217,0.1074,5,C,41(6K),R,-0.1644,1
0.3234,0.3473,19,C,41(6K),Y,-0.0561,2
0,0,,F,42(6K),F,0,
2.408,1.277,2,F,42(6K),I,,
0.158,0.1799,4,F,42(6K),L,-0.06757,1
1.999,1.203,2,F,42(6K),S,,
1.807,1.157,1,F,42(6K),Y,,
-3.675,-6.561,17,C,43(6K),*,-6.592,1
0,0,,C,43(6K),C,0,
0.4791,0.4868,1,C,43(6K),F,,
-0.5978,-0.8715,9,C,43(6K),R,,
-1.556,-2.831,2,C,43(6K),S,,
-0.2805,-0.3704,53,C,43(6K),Y,-0.0483,10
0.6682,0.6346,1,K,44(6K),E,,
0,0,,K,44(6K),K,0,
-0.2877,-0.3809,1,T,45(6K),A,,
-0.4439,-0.6176,11,T,45(6K),I,,
-0.06788,-0.08353,4,T,45(6K),N,-3.017,1
0,0,,T,45(6K),T,0,
0,0,,L,46(6K),L,0,
-0.8334,-1.299,6,L,46(6K),M,-0.3391,1
-1.206,-2.058,9,L,46(6K),P,,
-0.8728,-1.374,1,L,46(6K),Q,,
1.464,1.051,4,T,47(6K),A,0.6617,1
0.2872,0.3124,2,T,47(6K),I,,
-3.064,-5.829,2,T,47(6K),N,,
0,0,,T,47(6K),T,0,
0,0,,F,48(6K),F,0,
0.7348,0.6814,1,F,48(6K),I,,
1.084,0.8883,6,F,48(6K),L,,
1.354,1.01,1,F,48(6K),S,,
3.666,1.384,1,F,48(6K),V,,
0.3355,0.3588,1,F,48(6K),Y,0.05973,1
0,0,,L,49(6K),L,0,
0.5097,0.5123,2,L,49(6K),M,,
-3.527,-6.411,1,L,49(6K),P,,
-1.037,-1.701,1,L,49(6K),Q,,
-3.599,-6.486,1,L,49(6K),R,,
0,0,,A,50(6K),A,0,
-2.408,-4.693,3,A,50(6K),D,-5.291,1
0.3064,0.331,1,A,50(6K),G,,
-2.138,-4.134,1,A,50(6K),P,,
-0.2218,-0.2873,9,A,50(6K),T,-0.3618,2
0.1074,0.1244,36,A,50(6K),V,0.7646,7
0.758,0.6972,1,V,51(6K),-,,
-0.4498,-0.6269,10,V,51(6K),A,,
-0.5375,-0.7695,5,V,51(6K),L,-1.457,1
0.06996,0.08212,29,V,51(6K),M,-0.03763,5
0,0,,V,51(6K),V,0,
-0.06744,-0.08297,1,M,52(6K),-,,
-0.6661,-0.9908,9,M,52(6K),I,-1.266,2
-4.103,-6.908,3,M,52(6K),K,-7.095,1
0,0,,M,52(6K),M,0,
-1.394,-2.468,1,M,52(6K),R,,
-0.05774,-0.0708,5,M,52(6K),V,0.976,1
0.03747,0.04448,1,S,53(6K),-,,
0.003211,0.003857,5,S,53(6K),F,,
-0.06675,-0.08211,2,S,53(6K),P,,
0,0,,S,53(6K),S,0,
-0.8323,-1.297,6,S,53(6K),Y,,
0.5197,0.5205,3,V,54(6K),A,,
-0.7937,-1.224,1,V,54(6K),L,,
-0.4731,-0.6641,6,V,54(6K),M,0.03885,3
0,0,,V,54(6K),V,0,
-5.59,-7.468,1,G,55(6K),*,,
-1.015,-1.657,4,G,55(6K),E,,
0,0,,G,55(6K),G,0,
0.428,0.4429,16,G,55(6K),R,-1.937,1
-5.13,-7.367,2,G,55(6K),V,-8,1
0,0,,A,56(6K),A,0,
-0.5872,-0.8533,5,A,56(6K),D,-1.102,1
0.4937,0.4991,1,A,56(6K),S,,
-0.1619,-0.2056,7,A,56(6K),T,,
-0.613,-0.8977,11,A,56(6K),V,,
0,0,,H,57(6K),H,0,
-0.01574,-0.01902,2,H,57(6K),N,,
-2.02,-3.875,2,T,58(6K),A,,
-0.002218,-0.002669,6,T,58(6K),I,-0.2442,2
2.455,1.284,1,T,58(6K),N,1.075,1
0.7697,0.705,1,T,58(6K),S,0.4388,1
0,0,,T,58(6K),T,0,
-0.324,-0.4339,2,V,59(6K),A,,
-0.04156,-0.05068,4,V,59(6K),L,0.6716,1
-0.6461,-0.9555,10,V,59(6K),M,-0.851,3
0,0,,V,59(6K),V,0,
0.2971,0.322,5,S,60(6K),F,0.5483,1
-0.4222,-0.5835,3,S,60(6K),P,,
0,0,,S,60(6K),S,0,
-1.341,-2.351,1,S,60(6K),Y,,
0,0,,A,61(6K),A,0,
-3.125,-5.916,3,A,61(6K),D,,
0.3334,0.3567,1,A,61(6K),G,,
0.4103,0.4273,3,A,61(6K),S,,
-0.05149,-0.063,20,A,61(6K),T,0.2313,3
-3.103,-5.886,45,A,61(6K),V,-6.935,5
-6.255,-7.553,5,Y,1(E1),*,-8,1
-1.497,-2.698,2,Y,1(E1),C,,
0.6202,0.5992,2,Y,1(E1),H,,
-0.5413,-0.7759,1,Y,1(E1),N,,
0.05556,0.06553,1,Y,1(E1),S,,
0,0,,Y,1(E1),Y,0,
-4.72,-7.232,4,E,2(E1),*,,
1.106,0.899,3,E,2(E1),D,0.6235,2
0,0,,E,2(E1),E,0,
-2.572,-5.01,4,E,2(E1),G,,
-3.324,-6.178,5,E,2(E1),K,-6.495,2
0,0,,H,3(E1),H,0,
-4.057,-6.876,1,H,3(E1),N,,
-0.7735,-1.186,1,H,3(E1),Q,-1.535,1
-2.268,-4.409,7,H,3(E1),Y,-3.891,3
2.952,1.339,1,V,4(E1),A,1.3,1
0.5475,0.5429,4,V,4(E1),M,,
0,0,,V,4(E1),V,0,
0.6991,0.6567,2,T,5(E1),A,,
-1.366,-2.406,6,T,5(E1),I,-2.652,2
-4.184,-6.961,3,T,5(E1),K,,
0,0,,T,5(E1),T,0,
-0.0622,-0.07639,3,V,6(E1),A,-0.2467,1
-0.8464,-1.324,5,V,6(E1),E,0.04928,1
0.03939,0.04672,1,V,6(E1),L,,
-1.451,-2.595,8,V,6(E1),M,,
0,0,,V,6(E1),V,0,
0,0,,I,7(E1),I,0,
-0.6869,-1.028,2,I,7(E1),T,,
-2.099,-4.049,6,P,8(E1),H,,
-0.2296,-0.2982,2,P,8(E1),L,,
0,0,,P,8(E1),P,0,
-1.235,-2.119,2,P,8(E1),R,,
-0.6439,-0.9514,4,P,8(E1),S,,
-0.009612,-0.01159,2,P,8(E1),T,,
-2.851,-5.501,1,N,9(E1),D,,
-0.4403,-0.6118,1,N,9(E1),K,,
0,0,,N,9(E1),N,0,
0.4879,0.4942,1,T,10(E1),-,,
0.3797,0.3997,7,T,10(E1),I,,
-0.4727,-0.6635,1,T,10(E1),N,,
0,0,,T,10(E1),T,0,
0.06726,0.07902,1,V,11(E1),-,,
0.6856,0.6471,3,V,11(E1),A,0.02661,1
-1.106,-1.846,2,V,11(E1),E,-2.152,1
-3.821,-6.693,4,V,11(E1),L,,
-0.7257,-1.098,15,V,11(E1),M,,
0,0,,V,11(E1),V,0,
-4.189,-6.964,1,G,12(E1),*,,
0.2031,0.2276,1,G,12(E1),-,,
-0.6018,-0.8784,9,G,12(E1),E,-2.429,2
0,0,,G,12(E1),G,0,
-0.3744,-0.5096,13,G,12(E1),R,-0.7724,2
-3.623,-6.51,2,G,12(E1),V,,
0.1292,0.1486,1,V,13(E1),-,,
-3.855,-6.721,2,V,13(E1),A,,
-1.281,-2.219,3,V,13(E1),E,,
-1.497,-2.697,1,V,13(E1),G,,
-0.2634,-0.3459,1,V,13(E1),L,-0.5892,1
-0.1284,-0.1613,13,V,13(E1),M,,
0,0,,V,13(E1),V,0,
0.6,0.5839,1,P,14(E1),-,,
0.188,0.2117,10,P,14(E1),H,-0.6174,1
0.4525,0.4642,5,P,14(E1),L,0.7738,1
0,0,,P,14(E1),P,0,
0.2709,0.2964,14,P,14(E1),S,,
-0.1591,-0.2019,7,P,14(E1),T,,
-4.514,-7.143,3,Y,15(E1),*,-7.71,2
-0.02644,-0.03208,2,Y,15(E1),-,,
-0.6463,-0.9557,1,Y,15(E1),C,,
-1.165,-1.969,4,Y,15(E1),H,-1.427,1
-2.42,-4.717,1,Y,15(E1),N,,
0,0,,Y,15(E1),Y,0,
-0.7695,-1.178,1,K,16(E1),*,,
-0.4529,-0.6319,3,K,16(E1),-,,
-4.54,-7.155,4,K,16(E1),E,-8,1
0,0,,K,16(E1),K,0,
-2.525,-4.923,6,K,16(E1),M,-4.79,2
-2.978,-5.702,5,K,16(E1),R,-6.713,2
-6.984,-7.601,1,K,16(E1),T,,
-0.1225,-0.1535,3,T,17(E1),-,,
-0.2298,-0.2986,1,T,17(E1),A,-0.5574,1
-1.36,-2.392,5,T,17(E1),I,-2.907,2
-0.9663,-1.559,3,T,17(E1),N,,
2.668,1.311,1,T,17(E1),S,,
0,0,,T,17(E1),T,0,
-1.27,-2.195,4,L,18(E1),-,,
0,0,,L,18(E1),L,0,
0.4164,0.4326,7,L,18(E1),M,0.5466,1
-3.431,-6.305,12,L,18(E1),P,-8,1
-1.43,-2.548,4,L,18(E1),Q,,
-1.795,-3.373,1,L,18(E1),R,-3.708,1
-1.133,-1.9,4,V,19(E1),-,,
-0.1233,-0.1546,1,V,19(E1),A,,
-1.114,-1.861,1,V,19(E1),F,,
-4.148,-6.938,1,V,19(E1),G,,
-0.3016,-0.4011,5,V,19(E1),I,-0.4645,1
0,0,,V,19(E1),V,0,
-1.473,-2.644,4,N,20(E1),-,,
0.09776,0.1136,1,N,20(E1),D,-0.1987,1
-0.006081,-0.007327,5,N,20(E1),K,-0.6266,2
0,0,,N,20(E1),N,0,
0.145,0.1658,2,N,20(E1),S,,
0.8043,0.7277,1,N,20(E1),T,,
-5.184,-7.381,2,R,21(E1),*,-8,1
-0.1593,-0.2021,3,R,21(E1),-,,
-2.581,-5.027,2,R,21(E1),G,,
0.1582,0.18,4,R,21(E1),I,,
-1.745,-3.26,3,R,21(E1),K,,
0,0,,R,21(E1),R,0,
-0.5312,-0.7591,1,R,21(E1),T,,
-0.4602,-0.6435,3,P,22(E1),-,,
-0.556,-0.8006,3,P,22(E1),H,-1.853,1
-0.6245,-0.9177,5,P,22(E1),L,-1.98,1
0,0,,P,22(E1),P,0,
-1.944,-3.707,3,P,22(E1),S,,
-1.268,-2.191,2,P,22(E1),T,,
0.6163,0.5963,3,G,23(E1),-,,
0.2562,0.2818,1,G,23(E1),A,,
-2.072,-3.99,1,G,23(E1),C,,
-0.3582,-0.485,31,G,23(E1),D,-1.477,4
0,0,,G,23(E1),G,0,
-0.25,-0.3269,1,G,23(E1),N,,
-0.9485,-1.523,1,G,23(E1),R,,
0.1824,0.2059,12,G,23(E1),S,-0.406,3
-5.155,-7.374,5,Y,24(E1),*,-8,1
0.1275,0.1467,2,Y,24(E1),-,,
-4.545,-7.157,3,Y,24(E1),H,,
0,0,,Y,24(E1),Y,0,
-3.609,-6.496,11,S,25(E1),G,-4.253,1
-0.8768,-1.382,1,S,25(E1),I,,
-1.27,-2.196,4,S,25(E1),N,,
-4.799,-7.262,2,S,25(E1),R,-7.284,1
0,0,,S,25(E1),S,0,
-2.389,-4.656,2,P,26(E1),L,,
0,0,,P,26(E1),P,0,
-5.169,-7.377,1,P,26(E1),S,-8,1
-0.2517,-0.3294,10,M,27(E1),I,-0.05786,1
0.3211,0.3452,3,M,27(E1),K,,
0,0,,M,27(E1),M,0,
0.5148,0.5165,1,M,27(E1),T,,
-0.6684,-0.9948,1,V,28(E1),L,,
-2.022,-3.879,8,V,28(E1),M,-4.134,2
0,0,,V,28(E1),V,0,
0,0,,L,29(E1),L,0,
0.09848,0.1144,6,L,29(E1),M,,
-4.544,-7.157,10,L,29(E1),P,-8,3
0.5113,0.5136,1,L,29(E1),R,,
0.316,0.3403,1,E,30(E1),*,,
0.5659,0.5575,1,E,30(E1),-,,
0,0,,E,30(E1),E,0,
-0.8682,-1.365,1,E,30(E1),G,,
-1.06,-1.748,117,E,30(E1),K,-1.886,15
0.007054,0.008461,1,M,31(E1),-,,
0.0918,0.1069,41,M,31(E1),I,0.4815,6
1.029,0.8597,1,M,31(E1),L,,
0,0,,M,31(E1),M,0,
-4.806,-7.265,2,M,31(E1),R,,
0.2773,0.3027,2,M,31(E1),T,,
-2.978,-5.701,2,E,32(E1),*,-5.913,1
-2.972,-5.692,2,E,32(E1),-,,
0,0,,E,32(E1),E,0,
-1.106,-1.845,2,E,32(E1),G,,
-0.5906,-0.8592,51,E,32(E1),K,-1.349,3
2.208,1.244,1,E,32(E1),V,,
-1.254,-2.161,2,L,33(E1),-,,
0,0,,L,33(E1),L,0,
-0.8429,-1.317,1,L,33(E1),P,,
-1.114,-1.861,1,L,33(E1),Q,,
-0.6182,-0.9067,2,L,34(E1),-,,
0,0,,L,34(E1),L,0,
-1.722,-3.207,3,L,34(E1),M,,
-1.692,-3.139,1,L,34(E1),P,,
-1.441,-2.573,1,L,34(E1),V,,
1.688,1.124,1,S,35(E1),*,,
-0.2651,-0.3483,2,S,35(E1),-,,
0.4126,0.4293,3,S,35(E1),F,,
0,0,,S,35(E1),S,0,
-0.5564,-0.8012,1,S,35(E1),T,,
-1.978,-3.783,2,S,35(E1),Y,,
-0.3874,-0.5295,2,V,36(E1),-,,
0.4233,0.4387,5,V,36(E1),A,,
-3.354,-6.215,1,V,36(E1),E,,
-0.9279,-1.482,4,V,36(E1),L,,
-0.1042,-0.1298,7,V,36(E1),M,,
0,0,,V,36(E1),V,0,
0.147,0.168,2,T,37(E1),-,,
0.04303,0.05098,7,T,37(E1),I,,
-0.3492,-0.4715,3,T,37(E1),K,,
0,0,,T,37(E1),T,0,
-0.4052,-0.5569,1,L,38(E1),-,,
0,0,,L,38(E1),L,0,
-0.1204,-0.1508,5,L,38(E1),M,,
-5.462,-7.444,3,L,38(E1),P,-7.245,1
-1.038,-1.704,2,L,38(E1),Q,,
-2.764,-5.354,3,E,39(E1),*,,
-0.01552,-0.01876,1,E,39(E1),-,,
0,0,,E,39(E1),E,0,
-0.1501,-0.1899,37,E,39(E1),K,-0.6247,8
-0.08247,-0.102,1,P,40(E1),-,,
-5.11,-7.361,3,P,40(E1),H,,
-2.224,-4.315,5,P,40(E1),L,-5.255,1
0,0,,P,40(E1),P,0,
-1.816,-3.42,13,P,40(E1),S,-4.016,1
-1.361,-2.395,1,P,40(E1),T,,
-0.2755,-0.3632,1,T,41(E1),-,,
-1.23,-2.109,2,T,41(E1),A,,
-5.036,-7.34,3,T,41(E1),I,,
0,0,,T,41(E1),T,0,
0,0,,L,42(E1),L,0,
-0.9294,-1.485,4,L,42(E1),M,-2.315,1
-4.043,-6.866,3,L,42(E1),P,,
-3.39,-6.258,2,S,43(E1),C,-5.84,1
-0.9755,-1.577,3,S,43(E1),G,-1.493,1
-0.7218,-1.091,1,S,43(E1),I,,
0.191,0.215,3,S,43(E1),N,,
0.7899,0.7183,4,S,43(E1),R,1.776,1
0,0,,S,43(E1),S,0,
-0.297,-0.3943,1,S,43(E1),T,,
0,0,,L,44(E1),L,0,
0.4819,0.4891,7,L,44(E1),M,,
-3.635,-6.522,15,L,44(E1),P,-6.643,7
-0.3103,-0.4138,1,L,44(E1),Q,,
0,0,,D,45(E1),D,0,
-0.1143,-0.1429,4,D,45(E1),E,0.317,1
-3.483,-6.364,6,D,45(E1),G,-7.03,2
-3.09,-5.867,1,D,45(E1),H,,
-0.04761,-0.05818,13,D,45(E1),N,1.007,3
1.672,1.119,1,D,45(E1),V,,
-3.682,-6.567,1,D,45(E1),Y,,
-4.902,-7.298,2,Y,46(E1),*,,
-5.19,-7.383,1,Y,46(E1),D,-8,1
-0.2291,-0.2975,1,Y,46(E1),N,,
0,0,,Y,46(E1),Y,0,
0.8294,0.7437,1,I,47(E1),F,,
0,0,,I,47(E1),I,0,
1.152,0.9217,3,I,47(E1),T,,
-4.171,-6.953,5,T,48(E1),I,-8,1
-3.649,-6.536,1,T,48(E1),K,,
0,0,,T,48(E1),T,0,
-3.414,-6.285,4,C,49(E1),*,,
0,0,,C,49(E1),C,0,
-5.118,-7.364,5,C,49(E1),F,-8,1
-4.266,-7.011,4,C,49(E1),R,,
-0.9074,-1.442,2,C,49(E1),S,,
-4.852,-7.281,5,C,49(E1),Y,-8,1
-5.094,-7.357,3,E,50(E1),*,,
-1.619,-2.974,3,E,50(E1),D,,
0,0,,E,50(E1),E,0,
-1.503,-2.712,1,E,50(E1),G,-2.917,1
-2.638,-5.132,14,E,50(E1),K,-6.299,2
-1.722,-3.208,1,E,50(E1),Q,,
-2.293,-4.461,1,E,50(E1),V,,
-0.5058,-0.7172,2,Y,51(E1),*,,
0.5155,0.517,1,Y,51(E1),C,,
-1.078,-1.787,1,Y,51(E1),F,,
-1.737,-3.241,1,Y,51(E1),H,,
0,0,,Y,51(E1),Y,0,
6.064,1.423,5,K,52(E1),E,0.6658,1
0,0,,K,52(E1),K,0,
0.03991,0.04733,4,K,52(E1),M,,
0.9435,0.8123,3,K,52(E1),N,,
0.1598,0.1818,8,K,52(E1),R,-0.2403,1
3.071,1.349,1,K,52(E1),T,,
-0.7354,-1.116,1,T,53(E1),A,,
0.8934,0.783,3,T,53(E1),I,,
2.378,1.272,2,T,53(E1),N,,
0,0,,T,53(E1),T,0,
-0.2841,-0.3757,6,V,54(E1),A,-5.577,1
-0.724,-1.095,1,V,54(E1),E,,
1.568,1.087,1,V,54(E1),L,0.7741,1
0.3525,0.3746,8,V,54(E1),M,,
0,0,,V,54(E1),V,0,
0,0,,I,55(E1),I,0,
0.5815,0.5697,1,I,55(E1),L,,
-0.3046,-0.4054,3,I,55(E1),M,,
-4.944,-7.312,2,P,56(E1),H,,
-5.513,-7.454,2,P,56(E1),L,-8,2
0,0,,P,56(E1),P,0,
-2.795,-5.407,9,P,56(E1),S,,
-1.218,-2.082,2,P,56(E1),T,-2.371,1
-4.467,-7.12,4,S,57(E1),F,-7.237,3
-4.026,-6.854,6,S,57(E1),P,,
0,0,,S,57(E1),S,0,
-5.779,-7.498,1,S,57(E1),T,,
-5.37,-7.425,5,S,57(E1),Y,-8,1
0.5293,0.5283,3,P,58(E1),L,0.8218,1
0,0,,P,58(E1),P,0,
-2.141,-4.139,1,P,58(E1),Q,,
-3.475,-6.355,4,P,58(E1),S,,
-4.75,-7.244,8,P,58(E1),T,-8,1
-5.159,-7.375,4,Y,59(E1),*,,
-6.567,-7.578,1,Y,59(E1),C,,
-0.7645,-1.169,2,Y,59(E1),H,,
0,0,,Y,59(E1),Y,0,
-3.034,-5.786,3,V,60(E1),A,,
-4.364,-7.066,2,V,60(E1),G,,
-0.1745,-0.2225,1,V,60(E1),I,,
-1.092,-1.815,3,V,60(E1),L,,
-2.902,-5.582,5,V,60(E1),M,,
0,0,,V,60(E1),V,0,
-6.717,-7.587,2,K,61(E1),*,,
-0.5772,-0.8364,1,K,61(E1),E,,
0,0,,K,61(E1),K,0,
-0.634,-0.9343,1,K,61(E1),N,,
1.823,1.161,2,K,61(E1),R,,
-3.34,-6.198,5,C,62(E1),*,,
-0.5857,-0.8508,1,C,62(E1),-,,
0,0,,C,62(E1),C,0,
-2.041,-3.922,2,C,62(E1),F,,
-0.7844,-1.206,1,C,62(E1),R,,
-6.115,-7.539,25,C,62(E1),Y,-8,6
-6.626,-7.582,3,C,63(E1),*,,
-0.2305,-0.2994,1,C,63(E1),-,,
0,0,,C,63(E1),C,0,
-5.295,-7.408,7,C,63(E1),F,-7.889,2
-1.716,-3.193,5,C,63(E1),R,,
-4.052,-6.872,3,C,63(E1),S,,
-4.632,-7.196,1,C,63(E1),W,,
-4.939,-7.31,10,C,63(E1),Y,-7.045,2
-0.6284,-0.9244,1,G,64(E1),-,,
-4.398,-7.085,2,G,64(E1),C,,
-2.899,-5.578,19,G,64(E1),D,,
0,0,,G,64(E1),G,0,
-1.555,-2.829,6,G,64(E1),S,,
-4.072,-6.886,2,G,64(E1),V,,
-0.2591,-0.3397,1,T,65(E1),-,,
-0.08072,-0.09975,1,T,65(E1),A,,
-0.5663,-0.8179,13,T,65(E1),I,-2.507,3
-0.612,-0.896,2,T,65(E1),N,,
0,0,,T,65(E1),T,0,
-0.7073,-1.064,1,A,66(E1),-,,
0,0,,A,66(E1),A,0,
-1.547,-2.81,4,A,66(E1),D,-2.862,1
-1.265,-2.184,1,A,66(E1),G,-2.508,1
-1.479,-2.658,2,A,66(E1),S,,
-0.03826,-0.04661,72,A,66(E1),T,-0.8472,8
1.859,1.17,2,A,66(E1),V,,
-8.052,-7.63,3,E,67(E1),*,-8,1
-0.2563,-0.3359,1,E,67(E1),-,,
-1.988,-3.805,1,E,67(E1),D,,
0,0,,E,67(E1),E,0,
-1.364,-2.402,1,E,67(E1),G,,
-3.936,-6.786,10,E,67(E1),K,-8,1
0.182,0.2054,2,E,67(E1),Q,,
-4.942,-7.311,6,C,68(E1),*,-8,2
0,0,,C,68(E1),C,0,
-4.522,-7.146,4,C,68(E1),F,,
-5.108,-7.361,3,C,68(E1),R,-7.121,1
0.1049,0.1216,1,C,68(E1),S,,
-6.612,-7.581,22,C,68(E1),Y,-8,3
0.01704,0.02036,1,K,69(E1),*,,
-1.943,-3.705,3,K,69(E1),-,,
0.0958,0.1114,6,K,69(E1),E,,
0,0,,K,69(E1),K,0,
0.09868,0.1147,5,K,69(E1),M,,
0.2088,0.2335,4,K,69(E1),N,,
-0.8897,-1.407,5,K,69(E1),R,,
-1.511,-2.731,3,D,70(E1),-,,
0,0,,D,70(E1),D,0,
0.5082,0.5111,1,D,70(E1),G,,
-0.7394,-1.123,12,D,70(E1),N,,
-1.703,-3.163,1,D,70(E1),V,,
0.5509,0.5456,3,D,70(E1),Y,-0.3945,2
-1.516,-2.74,1,K,71(E1),E,,
0,0,,K,71(E1),K,0,
0.4693,0.4786,1,K,71(E1),M,,
0.1718,0.1946,3,K,71(E1),N,-0.1094,1
0.1597,0.1816,5,K,71(E1),R,,
-0.1788,-0.2284,3,S,72(E1),C,,
0.7752,0.7086,2,S,72(E1),G,,
-0.3707,-0.5039,3,S,72(E1),I,-0.8166,2
0.1493,0.1705,10,S,72(E1),N,0.1423,3
-0.3063,-0.408,8,S,72(E1),R,0.6023,1
0,0,,S,72(E1),S,0,
0,0,,L,73(E1),L,0,
0.4747,0.4831,1,L,73(E1),M,,
-1.694,-3.145,7,L,73(E1),P,,
0.208,0.2327,2,L,73(E1),Q,-0.5028,1
-0.8567,-1.343,1,P,74(E1),A,,
-0.2726,-0.359,1,P,74(E1),H,,
0,0,,P,74(E1),P,0,
0.02927,0.03484,12,P,74(E1),S,0.6299,1
-1.787,-3.354,5,P,74(E1),T,,
0,0,,D,75(E1),D,0,
0.08282,0.09677,5,D,75(E1),E,-0.6979,2
1.212,0.9492,1,D,75(E1),G,,
-0.1027,-0.1279,9,D,75(E1),N,-0.9869,1
-5.725,-7.49,1,D,75(E1),Y,,
-4.336,-7.051,3,Y,76(E1),*,-8,1
-5.572,-7.465,4,Y,76(E1),C,-8,1
0.1859,0.2096,2,Y,76(E1),H,,
-3.756,-6.636,3,Y,76(E1),N,-6.953,1
0,0,,Y,76(E1),Y,0,
0.7171,0.6693,1,S,77(E1),A,0.4036,1
-0.284,-0.3755,4,S,77(E1),F,-0.4333,1
0,0,,S,77(E1),S,0,
-0.1239,-0.1554,6,S,77(E1),Y,,
-5.519,-7.455,4,C,78(E1),*,-8,1
0,0,,C,78(E1),C,0,
-6.581,-7.579,3,C,78(E1),F,-8,1
-3.305,-6.155,2,C,78(E1),R,-6.344,1
-5.793,-7.5,16,C,78(E1),Y,-8,1
-0.9167,-1.46,1,K,79(E1),E,,
0,0,,K,79(E1),K,0,
-0.8804,-1.389,2,K,79(E1),M,-2.545,1
-0.1504,-0.1903,8,K,79(E1),N,0.9724,1
0.735,0.6816,1,K,79(E1),R,,
1.619,1.103,1,K,79(E1),T,,
1.045,0.868,2,V,80(E1),A,,
-0.3731,-0.5077,1,V,80(E1),E,,
-0.6496,-0.9616,2,V,80(E1),L,,
-2.822,-5.452,7,V,80(E1),M,-4.809,2
0,0,,V,80(E1),V,0,
0,0,,F,81(E1),F,0,
-4.272,-7.015,2,F,81(E1),I,,
-5.278,-7.404,4,F,81(E1),L,-8,1
-0.9639,-1.554,1,F,81(E1),S,,
-2.284,-4.441,1,F,81(E1),Y,,
2.959,1.34,1,T,82(E1),A,,
0.3032,0.328,13,T,82(E1),I,-0.6233,1
-0.9556,-1.537,2,T,82(E1),N,,
-1.756,-3.285,1,T,82(E1),S,,
0,0,,T,82(E1),T,0,
-0.7925,-1.221,1,G,83(E1),A,,
-5.602,-7.47,5,G,83(E1),C,,
0.218,0.2429,43,G,83(E1),D,-0.04483,9
0,0,,G,83(E1),G,0,
2.075,1.219,10,G,83(E1),S,-0.6017,1
-6.217,-7.55,3,G,83(E1),V,,
-2.711,-5.264,2,V,84(E1),A,,
-5.566,-7.463,5,V,84(E1),L,,
-2.843,-5.487,14,V,84(E1),M,-5.987,1
0,0,,V,84(E1),V,0,
-1.443,-2.577,4,Y,85(E1),*,,
-5.138,-7.369,2,Y,85(E1),C,-8,1
-3.904,-6.761,6,Y,85(E1),H,-5.337,1
-2.464,-4.805,1,Y,85(E1),S,,
0,0,,Y,85(E1),Y,0,
-3.38,-6.246,4,P,86(E1),H,,
-3.618,-6.505,4,P,86(E1),L,,
0,0,,P,86(E1),P,0,
-4.388,-7.079,4,P,86(E1),S,,
-3.94,-6.789,2,P,86(E1),T,,
0,0,,F,87(E1),F,0,
-5.273,-7.403,5,F,87(E1),I,-8,1
-2.418,-4.713,19,F,87(E1),L,-4.047,3
-4.076,-6.889,4,F,87(E1),S,-8,1
-4.317,-7.04,3,F,87(E1),V,,
-3.083,-5.857,2,F,87(E1),Y,,
-5.261,-7.4,8,M,88(E1),I,-7.847,3
-5.31,-7.412,7,M,88(E1),K,-8,1
0,0,,M,88(E1),M,0,
-3.903,-6.761,1,M,88(E1),R,,
-1.372,-2.419,2,M,88(E1),T,,
-0.1555,-0.197,1,M,88(E1),V,,
-2.998,-5.732,5,W,89(E1),*,,
-5.066,-7.349,7,W,89(E1),C,-7.528,2
-4.898,-7.297,1,W,89(E1),L,-7.867,1
-0.8731,-1.375,5,W,89(E1),R,,
0,0,,W,89(E1),W,0,
-0.197,-0.2531,2,G,90(E1),C,,
-3.997,-6.832,12,G,90(E1),D,-7.407,3
0,0,,G,90(E1),G,0,
-4.805,-7.264,5,G,90(E1),S,-8,1
-1.35,-2.37,2,G,91(E1),*,,
-5.107,-7.361,7,G,91(E1),E,-7.934,2
0,0,,G,91(E1),G,0,
-4.272,-7.015,10,G,91(E1),R,-6.401,1
-3.347,-6.206,3,G,91(E1),V,,
0,0,,A,92(E1),A,0,
-5.173,-7.378,4,A,92(E1),D,-8,1
0.02034,0.02428,1,A,92(E1),P,,
-1.22,-2.088,1,A,92(E1),S,,
-3.834,-6.703,11,A,92(E1),T,,
-7.117,-7.606,5,A,92(E1),V,-8,1
-5.289,-7.407,4,Y,93(E1),*,,
-5.01,-7.333,1,Y,93(E1),-,,
-1.927,-3.669,1,Y,93(E1),F,,
-6.051,-7.533,6,Y,93(E1),H,,
0,0,,Y,93(E1),Y,0,
-5.508,-7.453,3,C,94(E1),*,,
-5.214,-7.389,1,C,94(E1),-,,
0,0,,C,94(E1),C,0,
-4.675,-7.214,1,C,94(E1),F,,
-5.374,-7.426,2,C,94(E1),R,,
-2.017,-3.869,3,C,94(E1),S,,
-0.2848,-0.3767,1,C,94(E1),W,,
-6.04,-7.531,10,C,94(E1),Y,-8,1
-5.405,-7.432,1,F,95(E1),-,,
-2.973,-5.695,1,F,95(E1),C,,
0,0,,F,95(E1),F,0,
-2.494,-4.863,11,F,95(E1),L,-4.503,1
-1.439,-2.568,1,F,95(E1),S,,
-4.681,-7.216,1,F,95(E1),Y,,
0,0,,C,96(E1),C,0,
-6.675,-7.585,4,C,96(E1),F,-8,1
-3.83,-6.7,2,C,96(E1),R,,
-3.74,-6.622,2,C,96(E1),S,,
-5.72,-7.489,6,C,96(E1),Y,,
-2.844,-5.489,1,D,97(E1),-,,
0,0,,D,97(E1),D,0,
0.5997,0.5836,3,D,97(E1),E,,
-4.503,-7.138,6,D,97(E1),G,-7.491,1
-0.5566,-0.8015,1,D,97(E1),H,,
-1.406,-2.495,5,D,97(E1),N,-3.657,1
-0.6406,-0.9457,2,D,97(E1),Y,,
-3.228,-6.057,1,T,98(E1),-,,
-0.01951,-0.02361,1,T,98(E1),A,,
-0.1504,-0.1902,2,T,98(E1),I,,
-0.3087,-0.4114,1,T,98(E1),S,,
0,0,,T,98(E1),T,0,
-5.047,-7.343,4,E,99(E1),*,-8,1
-2.052,-3.945,1,E,99(E1),-,,
-2.295,-4.464,4,E,99(E1),D,,
0,0,,E,99(E1),E,0,
-3.57,-6.456,16,E,99(E1),K,-8,1
-1.303,-2.267,1,E,99(E1),V,,
-2.189,-4.242,1,N,100(E1),-,,
-4.203,-6.973,1,N,100(E1),D,,
-1.472,-2.641,1,N,100(E1),K,,
0,0,,N,100(E1),N,0,
-1.158,-1.954,1,N,100(E1),S,,
0.4648,0.4747,1,T,101(E1),A,,
-1.012,-1.652,3,T,101(E1),I,0.5727,1
-2.421,-4.72,3,T,101(E1),N,,
-1.329,-2.324,1,T,101(E1),S,,
0,0,,T,101(E1),T,0,
-2.725,-5.288,8,Q,102(E1),*,-5.762,1
-3.009,-5.748,4,Q,102(E1),H,-6.198,1
-5.494,-7.45,4,Q,102(E1),K,-8,1
-2.659,-5.171,1,Q,102(E1),P,,
0,0,,Q,102(E1),Q,0,
-4.197,-6.969,3,Q,102(E1),R,,
0,0,,L,103(E1),L,0,
0.2849,0.3102,4,L,103(E1),M,,
0.3428,0.3657,1,L,103(E1),P,,
0.597,0.5816,2,L,103(E1),Q,,
-0.09649,-0.1199,1,S,104(E1),C,,
-2.333,-4.543,2,S,104(E1),G,,
-1.786,-3.353,1,S,104(E1),I,,
-6.115,-7.54,8,S,104(E1),N,-8,1
-5.438,-7.439,2,S,104(E1),R,-7.973,2
0,0,,S,104(E1),S,0,
-0.9628,-1.551,2,E,105(E1),*,,
-1.825,-3.441,6,E,105(E1),D,,
0,0,,E,105(E1),E,0,
-2.032,-3.902,2,E,105(E1),G,,
-9.944,-7.643,10,E,105(E1),K,-8,1
0,0,,A,106(E1),A,0,
1.147,0.919,2,A,106(E1),D,,
-1.713,-3.186,4,A,106(E1),S,-2.929,1
-1.672,-3.093,30,A,106(E1),T,-2.793,2
-0.3945,-0.5403,7,A,106(E1),V,,
0,0,,H,107(E1),H,0,
-0.6222,-0.9136,1,H,107(E1),N,,
-2.548,-4.966,4,H,107(E1),Q,-5.583,2
-3.525,-6.409,4,H,107(E1),R,,
-1.053,-1.735,2,H,107(E1),Y,,
-1.141,-1.918,4,V,108(E1),A,-2.224,2
-4.676,-7.214,1,V,108(E1),E,,
-0.3511,-0.4743,2,V,108(E1),L,,
-5.344,-7.419,10,V,108(E1),M,-8,2
0,0,,V,108(E1),V,0,
0.006502,0.0078,2,E,109(E1),*,,
-0.5271,-0.7523,1,E,109(E1),-,,
0,0,,E,109(E1),E,0,
0.1149,0.1328,4,E,109(E1),G,,
-1.015,-1.656,72,E,109(E1),K,-1.713,8
-1.917,-3.646,1,K,110(E1),E,,
0,0,,K,110(E1),K,0,
-0.6928,-1.038,1,K,110(E1),M,,
-0.6724,-1.002,15,K,110(E1),R,-3.108,1
-0.3207,-0.4292,1,S,111(E1),C,,
0.239,0.2645,11,S,111(E1),G,0.1375,2
-1.705,-3.168,4,S,111(E1),I,,
-2.02,-3.877,11,S,111(E1),N,,
-3.729,-6.612,4,S,111(E1),R,-6.371,2
0,0,,S,111(E1),S,0,
-4.254,-7.004,3,E,112(E1),*,,
-2.654,-5.161,2,E,112(E1),D,,
0,0,,E,112(E1),E,0,
-0.2599,-0.3409,1,E,112(E1),G,-0.5962,1
-2.75,-5.33,7,E,112(E1),K,-5.336,1
2.569,1.299,2,S,113(E1),G,,
-4.667,-7.211,3,S,113(E1),I,,
-4.199,-6.97,8,S,113(E1),N,,
-5.084,-7.354,4,S,113(E1),R,,
0,0,,S,113(E1),S,0,
-5.841,-7.507,8,C,114(E1),*,-8,1
0,0,,C,114(E1),C,0,
-3.97,-6.812,2,C,114(E1),F,,
-4.603,-7.183,7,C,114(E1),R,,
-2.006,-3.846,1,C,114(E1),S,,
-9.081,-7.64,54,C,114(E1),Y,-8,4
5.419,1.419,1,K,115(E1),E,,
0,0,,K,115(E1),K,0,
0.2295,0.2548,3,K,115(E1),N,0.9771,1
3.52,1.377,5,T,116(E1),I,0.9618,2
-2.041,-3.922,4,T,116(E1),N,,
0,0,,T,116(E1),T,0,
-5.468,-7.445,3,E,117(E1),*,,
0,0,,E,117(E1),E,0,
-3.717,-6.6,1,E,117(E1),G,,
-1.416,-2.517,7,E,117(E1),K,-0.6102,1
0,0,,F,118(E1),F,0,
-2.025,-3.888,2,F,118(E1),I,,
-1.897,-3.602,3,F,118(E1),L,,
-1.265,-2.183,1,F,118(E1),S,-2.511,1
0,0,,A,119(E1),A,0,
-2.996,-5.729,5,A,119(E1),D,,
-3.744,-6.625,2,A,119(E1),S,,
-3.665,-6.551,22,A,119(E1),T,-6.771,6
-0.5831,-0.8465,14,A,119(E1),V,,
-0.2635,-0.3461,2,S,120(E1),G,-0.7061,1
-0.1372,-0.1728,5,S,120(E1),I,0.01911,1
-0.01851,-0.0224,8,S,120(E1),N,-0.1307,1
-0.6012,-0.8773,7,S,120(E1),R,,
0,0,,S,120(E1),S,0,
0,0,,A,121(E1),A,0,
-5.342,-7.419,6,A,121(E1),D,-7.709,2
3.669,1.384,1,A,121(E1),G,,
-2.046,-3.933,1,A,121(E1),S,,
0.08761,0.1022,19,A,121(E1),T,-0.5006,2
-1.17,-1.98,5,A,121(E1),V,-2.309,1
0.4315,0.446,6,Y,122(E1),H,,
-1.649,-3.043,5,Y,122(E1),N,-8,1
0,0,,Y,122(E1),Y,0,
-1.599,-2.929,6,R,123(E1),G,,
0.4895,0.4956,7,R,123(E1),I,,
0.3595,0.3812,7,R,123(E1),K,,
0,0,,R,123(E1),R,0,
-1.858,-3.515,1,R,123(E1),S,,
0,0,,A,124(E1),A,0,
-5.795,-7.5,2,A,124(E1),D,,
-0.6815,-1.018,1,A,124(E1),P,,
-1.386,-2.45,5,A,124(E1),S,,
0.5163,0.5177,10,A,124(E1),T,,
0.1725,0.1954,9,A,124(E1),V,,
0,0,,H,125(E1),H,0,
-1.199,-2.042,4,H,125(E1),N,,
-1.384,-2.446,6,H,125(E1),Q,-2.992,1
1.355,1.01,1,H,125(E1),R,,
-3.549,-6.435,1,T,126(E1),A,,
-0.6504,-0.963,1,T,126(E1),G,,
0.8849,0.7779,6,T,126(E1),I,,
-3.894,-6.753,1,T,126(E1),K,,
0,0,,T,126(E1),T,0,
-2.445,-4.768,2,A,127(E1),-,,
0,0,,A,127(E1),A,0,
-4.361,-7.065,5,A,127(E1),D,-3.515,1
1.496,1.063,2,A,127(E1),G,,
-0.6078,-0.8888,1,A,127(E1),L,,
-0.3098,-0.4131,2,A,127(E1),S,,
-4.34,-7.053,8,A,127(E1),T,,
-4.005,-6.838,8,A,127(E1),V,,
-3.393,-6.261,2,S,128(E1),-,,
-0.06636,-0.08162,2,S,128(E1),A,,
-0.7075,-1.065,2,S,128(E1),F,,
-4.366,-7.067,10,S,128(E1),P,-7.548,2
0,0,,S,128(E1),S,0,
0.8813,0.7757,5,S,128(E1),T,,
-2.654,-5.162,1,S,128(E1),Y,,
0,0,,A,129(E1),A,0,
-1.349,-2.369,2,A,129(E1),D,-2.994,1
-0.02033,-0.02462,1,A,129(E1),S,,
0.2235,0.2486,12,A,129(E1),T,,
-0.04178,-0.05096,19,A,129(E1),V,-0.3351,2
-2.46,-4.796,2,S,130(E1),D,,
-0.2684,-0.3531,7,S,130(E1),F,-0.6318,2
-2.554,-4.976,5,S,130(E1),P,-4.689,1
0,0,,S,130(E1),S,0,
-0.898,-1.423,5,S,130(E1),T,,
0.4547,0.466,7,S,130(E1),Y,-0.1164,1
-5.477,-7.447,2,A,131(E1),-,-8,1
0,0,,A,131(E1),A,0,
-4.681,-7.216,3,A,131(E1),D,,
0.266,0.2915,3,A,131(E1),S,0.3586,1
-1.357,-2.387,25,A,131(E1),T,-2.348,3
-3.005,-5.742,11,A,131(E1),V,-5.258,1
-0.7383,-1.121,10,K,132(E1),E,,
0,0,,K,132(E1),K,0,
-0.4228,-0.5844,2,K,132(E1),M,,
0.4056,0.4231,3,K,132(E1),N,-0.0314,1
0,0,,L,133(E1),L,0,
-0.4229,-0.5846,5,L,133(E1),M,0.008294,1
-3.942,-6.791,11,L,133(E1),P,,
-2.866,-5.525,3,R,134(E1),*,,
-4.058,-6.876,3,R,134(E1),G,,
-1.688,-3.13,6,R,134(E1),I,,
-1.898,-3.605,12,R,134(E1),K,,
0,0,,R,134(E1),R,0,
-0.8107,-1.256,1,R,134(E1),S,,
-0.637,-0.9394,1,R,134(E1),T,,
-3.238,-6.07,2,V,135(E1),E,,
1.91,1.183,1,V,135(E1),G,,
-0.6632,-0.9855,8,V,135(E1),M,-0.3605,2
0,0,,V,135(E1),V,0,
0,0,,L,136(E1),L,0,
0.1767,0.1998,4,L,136(E1),M,0.4819,3
-4.863,-7.285,1,L,136(E1),P,,
-0.3379,-0.4546,2,L,136(E1),Q,-0.8618,1
-0.5914,-0.8606,1,L,136(E1),R,,
-0.4645,-0.6504,1,L,136(E1),V,,
-3.862,-6.727,4,Y,137(E1),*,,
-0.3318,-0.4455,2,Y,137(E1),C,,
2.364,1.27,1,Y,137(E1),H,,
0,0,,Y,137(E1),Y,0,
-4.632,-7.196,7,Q,138(E1),*,-8,2
0.2613,0.2868,5,Q,138(E1),H,0.3768,1
0.3581,0.3799,5,Q,138(E1),K,1.109,1
-0.5711,-0.8259,2,Q,138(E1),L,-1.072,1
-0.431,-0.5971,2,Q,138(E1),P,,
0,0,,Q,138(E1),Q,0,
0.9803,0.8331,9,Q,138(E1),R,-0.3126,4
-0.6927,-1.038,61,G,139(E1),D,-0.8015,5
0,0,,G,139(E1),G,0,
-0.08067,-0.09969,2,G,139(E1),S,0.6426,1
-2.496,-4.866,2,G,139(E1),V,,
-0.639,-0.9429,3,N,140(E1),K,-1.097,1
0,0,,N,140(E1),N,0,
-1.2,-2.043,1,N,140(E1),S,,
-0.22,-0.2848,2,N,141(E1),D,,
-0.5209,-0.7421,1,N,141(E1),H,,
-4.368,-7.068,1,N,141(E1),I,,
-0.06921,-0.0852,1,N,141(E1),K,,
0,0,,N,141(E1),N,0,
-0.8505,-1.331,2,N,141(E1),S,,
-5.13,-7.367,1,N,141(E1),Y,-8,1
-3.021,-5.766,1,V,142(E1),A,,
-0.07986,-0.09867,4,V,142(E1),L,,
-0.02555,-0.03099,3,V,142(E1),M,-0.8847,1
0,0,,V,142(E1),V,0,
-2.088,-4.026,10,T,143(E1),A,-2.883,1
-5.074,-7.351,5,T,143(E1),I,,
2,1.203,1,T,143(E1),K,,
0,0,,T,143(E1),T,0,
-3.715,-6.599,2,V,144(E1),A,,
-1.136,-1.908,2,V,144(E1),L,,
-0.2373,-0.309,11,V,144(E1),M,0.1167,2
0,0,,V,144(E1),V,0,
-1.508,-2.722,1,S,145(E1),C,,
0.3051,0.3298,6,S,145(E1),F,,
-1.639,-3.019,6,S,145(E1),P,-8,1
0,0,,S,145(E1),S,0,
0.3832,0.4029,1,S,145(E1),T,,
-3.524,-6.408,2,S,145(E1),Y,,
0,0,,A,146(E1),A,0,
-3.129,-5.923,1,A,146(E1),D,,
0.6268,0.6042,4,A,146(E1),S,,
-0.916,-1.459,36,A,146(E1),T,-1.725,5
0.4733,0.4819,6,A,146(E1),V,-1.12,1
-2.909,-5.594,7,Y,147(E1),*,,
-0.00347,-0.004177,1,Y,147(E1),C,,
-1.415,-2.515,3,Y,147(E1),H,,
0,0,,Y,147(E1),Y,0,
-2.125,-4.104,2,A,148(E1),-,,
0,0,,A,148(E1),A,0,
-3.158,-5.962,3,A,148(E1),D,,
0.1484,0.1695,2,A,148(E1),P,-0.1782,2
-0.04922,-0.06018,3,A,148(E1),S,-0.7567,1
-0.7945,-1.225,21,A,148(E1),T,-1.97,4
-1.069,-1.767,2,A,148(E1),V,,
-1.771,-3.319,2,N,149(E1),-,,
-4.697,-7.223,1,N,149(E1),D,,
-0.2544,-0.3331,1,N,149(E1),G,,
-0.8927,-1.413,4,N,149(E1),K,,
0,0,,N,149(E1),N,0,
-0.3326,-0.4467,1,N,149(E1),S,,
0.07003,0.08219,1,G,150(E1),-,,
-7.093,-7.605,1,G,150(E1),C,,
-1.218,-2.084,15,G,150(E1),D,-2.604,3
0,0,,G,150(E1),G,0,
-3.288,-6.133,2,G,150(E1),R,,
-0.9303,-1.487,2,G,150(E1),S,,
-1.609,-2.951,2,G,150(E1),V,,
0.05089,0.06012,1,D,151(E1),-,,
0,0,,D,151(E1),D,0,
-0.1186,-0.1485,1,D,151(E1),E,-0.4425,1
-0.9603,-1.547,2,D,151(E1),G,-1.838,1
1.631,1.107,8,D,151(E1),N,1.215,3
1.193,0.9408,3,D,151(E1),Y,,
-0.1412,-0.1781,1,H,152(E1),-,,
0,0,,H,152(E1),H,0,
-0.4301,-0.5959,8,H,152(E1),N,-0.1193,1
-0.5777,-0.8372,1,H,152(E1),Q,,
-0.6812,-1.018,1,H,152(E1),R,,
-1.122,-1.878,1,H,152(E1),S,,
-3.162,-5.968,5,H,152(E1),Y,,
0,0,,A,153(E1),A,0,
-1.87,-3.542,2,A,153(E1),D,,
-0.2652,-0.3485,38,A,153(E1),E,,
0.1558,0.1775,2,A,153(E1),S,0.2693,1
0.5813,0.5695,5,A,153(E1),T,,
1.428,1.038,55,A,153(E1),V,1.772,5
-1.224,-2.096,39,V,154(E1),G,,
0.1606,0.1827,6,V,154(E1),L,,
-0.466,-0.6528,10,V,154(E1),M,-1.677,2
0,0,,V,154(E1),V,0,
1.36,1.012,3,T,155(E1),A,0.7549,1
-0.7979,-1.232,7,T,155(E1),I,,
0.5373,0.5347,4,T,155(E1),N,,
0,0,,T,155(E1),T,0,
0.1324,0.152,3,V,156(E1),A,,
-0.7597,-1.16,2,V,156(E1),L,,
0.07267,0.08521,17,V,156(E1),M,1.21,2
0,0,,V,156(E1),V,0,
-3.727,-6.609,1,K,157(E1),*,,
-0.2843,-0.3759,4,K,157(E1),E,-1.395,1
0,0,,K,157(E1),K,0,
1.459,1.05,2,K,157(E1),M,,
-0.02232,-0.02704,11,K,157(E1),N,,
-1.939,-3.695,3,K,157(E1),R,-2.967,1
2.447,1.283,1,K,157(E1),T,,
0,0,,D,158(E1),D,0,
-0.585,-0.8496,4,D,158(E1),E,,
0.8786,0.7741,2,D,158(E1),G,,
-0.357,-0.4832,1,D,158(E1),H,,
0.3104,0.3349,10,D,158(E1),N,,
3.733,1.386,1,D,158(E1),S,3.603,1
-2.179,-4.221,1,D,158(E1),V,,
-1.608,-2.95,2,D,158(E1),Y,,
0,0,,A,159(E1),A,0,
-2.39,-4.657,7,A,159(E1),D,-6.516,1
-0.419,-0.5785,1,A,159(E1),G,,
-1.715,-3.191,1,A,159(E1),S,,
0.1435,0.1642,114,A,159(E1),T,-0.6624,16
-1.287,-2.231,2,A,159(E1),V,-1.014,1
0,0,,K,160(E1),K,0,
-0.1099,-0.1371,1,K,160(E1),M,,
-0.5967,-0.8696,4,K,160(E1),N,-1.714,1
0.9488,0.8153,1,K,160(E1),R,,
0,0,,F,161(E1),F,0,
-1.371,-2.416,1,F,161(E1),I,-2.755,1
-0.6482,-0.9591,7,F,161(E1),L,-1.876,1
-5.205,-7.386,2,F,161(E1),S,-8,1
-0.3336,-0.4482,1,F,161(E1),V,,
-1.016,-1.658,1,I,162(E1),-,,
0,0,,I,162(E1),I,0,
0.1685,0.1911,1,I,162(E1),M,-0.07692,1
0.2542,0.2798,1,I,162(E1),T,,
-1.372,-2.418,1,V,163(E1),-,,
-0.336,-0.4517,3,V,163(E1),A,-0.7569,1
-7.749,-7.625,1,V,163(E1),E,,
-0.05705,-0.06994,3,V,163(E1),L,,
-0.5089,-0.7224,15,V,163(E1),M,-1.437,2
0,0,,V,163(E1),V,0,
-1.347,-2.365,1,G,164(E1),-,,
-5.264,-7.401,2,G,164(E1),C,,
-3.513,-6.397,11,G,164(E1),D,,
0,0,,G,164(E1),G,0,
-3.763,-6.642,9,G,164(E1),S,-6.989,2
-2.319,-4.513,1,P,165(E1),-,,
-4.404,-7.088,11,P,165(E1),H,-7.144,1
-0.3538,-0.4784,3,P,165(E1),L,,
0,0,,P,165(E1),P,0,
2.055,1.215,1,P,165(E1),R,,
-0.9854,-1.597,7,P,165(E1),S,,
-4.06,-6.878,6,P,165(E1),T,,
0.05699,0.06719,9,M,166(E1),I,,
0,0,,M,166(E1),M,0,
-0.7654,-1.171,1,M,166(E1),T,,
-3.782,-6.659,2,M,166(E1),V,,
-2.831,-5.468,5,S,167(E1),F,-6.443,1
-3.155,-5.958,2,S,167(E1),P,,
0,0,,S,167(E1),S,0,
5.782,1.421,1,S,167(E1),T,,
-1.869,-3.541,5,S,167(E1),Y,,
0.2137,0.2386,1,S,168(E1),-,,
-2.56,-4.988,2,S,168(E1),G,,
-0.2731,-0.3598,4,S,168(E1),I,,
-0.1015,-0.1263,9,S,168(E1),N,0.2468,3
-4.799,-7.262,6,S,168(E1),R,-6.58,2
0,0,,S,168(E1),S,0,
-0.6974,-1.047,1,A,169(E1),-,,
0,0,,A,169(E1),A,0,
-4.757,-7.246,1,A,169(E1),D,,
-4.556,-7.162,2,A,169(E1),S,,
-0.9269,-1.48,10,A,169(E1),T,-1.398,1
2.504,1.29,4,A,169(E1),V,1.601,1
-4.738,-7.239,24,W,170(E1),*,-8,3
-0.2816,-0.3721,1,W,170(E1),-,,
-4.205,-6.974,2,W,170(E1),C,,
-5.073,-7.351,2,W,170(E1),G,-8,1
-4.87,-7.287,1,W,170(E1),L,,
-5.986,-7.525,18,W,170(E1),R,-7.248,2
0,0,,W,170(E1),W,0,
-0.348,-0.4696,1,T,171(E1),-,,
-0.4989,-0.7059,8,T,171(E1),A,-1.928,1
-2.164,-4.189,7,T,171(E1),I,,
-5.209,-7.388,2,T,171(E1),K,,
0,0,,T,171(E1),T,0,
-0.9088,-1.445,1,P,172(E1),-,,
-4.633,-7.196,3,P,172(E1),H,-8,1
-4.812,-7.267,5,P,172(E1),L,,
0,0,,P,172(E1),P,0,
-3.395,-6.263,6,P,172(E1),S,-6.414,1
2.311,1.262,1,P,172(E1),T,,
-0.7667,-1.173,1,F,173(E1),-,,
0,0,,F,173(E1),F,0,
-3.287,-6.132,13,F,173(E1),I,,
-2.418,-4.713,5,F,173(E1),L,-6.778,1
-6.076,-7.535,1,F,173(E1),S,,
-3.738,-6.619,3,F,173(E1),Y,-7.141,1
-2.42,-4.717,2,D,174(E1),-,,
0,0,,D,174(E1),D,0,
-0.08809,-0.1091,1,D,174(E1),E,,
-1.099,-1.829,1,D,174(E1),G,,
-0.3413,-0.4597,6,D,174(E1),N,0.5734,2
-1.27,-2.194,1,D,174(E1),Y,,
-5.772,-7.497,10,N,175(E1),-,-8,1
0.7202,0.6714,2,N,175(E1),I,,
-0.8666,-1.362,4,N,175(E1),K,-1.567,1
0,0,,N,175(E1),N,0,
-4.396,-7.084,2,N,175(E1),S,,
-0.09202,-0.1142,1,K,176(E1),-,,
1.578,1.09,2,K,176(E1),E,,
-0.1285,-0.1613,1,K,176(E1),G,,
0,0,,K,176(E1),K,0,
-1.734,-3.234,1,K,176(E1),N,,
-0.9694,-1.565,1,I,177(E1),-,,
-1.028,-1.683,2,I,177(E1),F,,
0,0,,I,177(E1),I,0,
-5.654,-7.479,5,I,177(E1),N,-8,1
-4.243,-6.998,1,I,177(E1),T,,
-0.9049,-1.437,1,V,178(E1),-,,
-0.4996,-0.7071,4,V,178(E1),A,-1.422,1
-6.553,-7.577,1,V,178(E1),E,,
0.6625,0.6305,1,V,178(E1),G,,
-1.676,-3.102,3,V,178(E1),L,-2.865,1
-5.673,-7.482,14,V,178(E1),M,-8,1
0,0,,V,178(E1),V,0,
-0.1146,-0.1432,1,V,179(E1),-,,
0.3004,0.3253,3,V,179(E1),A,,
-1.394,-2.467,1,V,179(E1),L,-2.79,1
-1.273,-2.201,7,V,179(E1),M,,
0,0,,V,179(E1),V,0,
-0.03184,-0.03871,1,Y,180(E1),-,,
-5.148,-7.372,3,Y,180(E1),C,,
-1.26,-2.173,2,Y,180(E1),H,,
-4.131,-6.927,1,Y,180(E1),N,,
0,0,,Y,180(E1),Y,0,
-1.15,-1.937,4,K,181(E1),E,-1.719,1
-0.3935,-0.5389,1,K,181(E1),G,,
0,0,,K,181(E1),K,0,
1.298,0.9866,2,K,181(E1),M,,
-0.4895,-0.6907,5,K,181(E1),N,,
0.9025,0.7884,7,K,181(E1),R,,
-1.269,-2.194,1,G,182(E1),C,,
0.7952,0.7217,13,G,182(E1),D,0.9133,4
0,0,,G,182(E1),G,0,
0.3012,0.326,4,G,182(E1),S,-0.07574,1
0,0,,D,183(E1),D,0,
-0.3441,-0.4638,2,D,183(E1),E,,
-2.618,-5.096,1,D,183(E1),G,,
-1.264,-2.183,14,D,183(E1),N,-2.422,1
0.149,0.1701,2,D,183(E1),Y,,
-1.254,-2.161,2,V,184(E1),A,,
-3.758,-6.638,2,V,184(E1),F,,
-3.908,-6.764,4,V,184(E1),I,,
0,0,,V,184(E1),V,0,
-5.137,-7.369,3,Y,185(E1),*,-8,1
2.35,1.268,3,Y,185(E1),C,,
-2.461,-4.798,2,Y,185(E1),D,,
-0.3963,-0.5431,4,Y,185(E1),H,,
0,0,,Y,185(E1),Y,0,
-1.96,-3.743,1,N,186(E1),D,,
0.06297,0.07408,1,N,186(E1),G,,
-5.141,-7.37,4,N,186(E1),K,-8,1
0,0,,N,186(E1),N,0,
-0.1734,-0.2211,20,M,187(E1),I,-0.5471,2
-1.185,-2.012,1,M,187(E1),K,,
0,0,,M,187(E1),M,0,
-1.596,-2.923,1,M,187(E1),R,-2.841,1
-1.314,-2.29,1,M,187(E1),V,,
0,0,,D,188(E1),D,0,
-0.2963,-0.3933,7,D,188(E1),E,,
1.15,0.9208,2,D,188(E1),G,1.686,1
-0.2423,-0.3161,10,D,188(E1),N,-0.7388,1
-0.5361,-0.7672,2,D,188(E1),Y,,
-0.523,-0.7456,2,Y,189(E1),*,,
-5.288,-7.406,4,Y,189(E1),C,-8,1
-3.608,-6.495,2,Y,189(E1),H,,
0,0,,Y,189(E1),Y,0,
-1.634,-3.008,5,P,190(E1),H,-3.836,1
0,0,,P,190(E1),P,0,
-0.2945,-0.3908,6,P,190(E1),S,,
-0.7237,-1.094,3,P,190(E1),T,,
-0.1819,-0.2326,1,P,191(E1),A,,
-3.776,-6.653,1,P,191(E1),L,,
0,0,,P,191(E1),P,0,
0.1586,0.1805,5,P,191(E1),Q,0.5549,1
1.11,0.901,2,P,191(E1),S,,
-4.939,-7.31,1,P,191(E1),T,,
0,0,,F,192(E1),F,0,
2.119,1.228,1,F,192(E1),I,,
-0.6041,-0.8824,8,F,192(E1),L,-1.44,1
-0.9766,-1.579,1,F,192(E1),S,,
0.09685,0.1126,2,F,192(E1),Y,,
5.481,1.42,3,G,193(E1),*,,
-2.147,-4.153,9,G,193(E1),E,-4.051,1
0,0,,G,193(E1),G,0,
-3.012,-5.753,22,G,193(E1),R,-8,4
-3.852,-6.718,3,G,193(E1),V,-7.145,1
0,0,,A,194(E1),A,0,
-1.445,-2.583,4,A,194(E1),D,,
-0.2116,-0.2733,2,A,194(E1),S,0.004414,1
-0.55,-0.7905,10,A,194(E1),T,,
-0.3108,-0.4145,13,A,194(E1),V,,
0.991,0.839,3,G,195(E1),C,,
-2.862,-5.518,114,G,195(E1),D,-5.262,11
0,0,,G,195(E1),G,0,
-2.082,-4.012,17,G,195(E1),S,-4.118,2
-1.595,-2.919,3,G,195(E1),V,-3.638,1
-1.102,-1.837,1,R,196(E1),G,,
-0.5245,-0.748,1,R,196(E1),I,,
-6.459,-7.57,7,R,196(E1),K,-7.756,1
0,0,,R,196(E1),R,0,
-0.8174,-1.268,1,R,196(E1),S,,
-2.209,-4.286,12,P,197(E1),H,-3.897,3
-4.324,-7.044,10,P,197(E1),L,,
0,0,,P,197(E1),P,0,
0.1758,0.1989,8,P,197(E1),S,-8,1
-1.902,-3.613,5,P,197(E1),T,,
-4.317,-7.04,81,G,198(E1),D,-8,6
0,0,,G,198(E1),G,0,
-4.634,-7.197,9,G,198(E1),S,-8,1
-2.775,-5.374,1,G,198(E1),V,,
-3.669,-6.555,2,Q,199(E1),*,,
-0.7738,-1.186,1,Q,199(E1),E,-1.503,1
-0.3612,-0.4896,1,Q,199(E1),K,,
0,0,,Q,199(E1),Q,0,
0,0,,F,200(E1),F,0,
-0.9242,-1.475,3,F,200(E1),I,,
-1.901,-3.611,5,F,200(E1),L,,
-3.489,-6.369,3,F,200(E1),S,,
-1.777,-3.332,2,G,201(E1),A,,
-5.238,-7.395,5,G,201(E1),C,,
-6.475,-7.571,11,G,201(E1),D,-8,1
0,0,,G,201(E1),G,0,
-3.919,-6.773,5,G,201(E1),S,,
-3.983,-6.822,6,G,201(E1),V,,
0,0,,D,202(E1),D,0,
-2.984,-5.711,3,D,202(E1),E,,
-4.516,-7.144,28,D,202(E1),N,-7.264,2
-2.436,-4.75,1,D,202(E1),V,-5.089,1
-3.901,-6.758,1,D,202(E1),Y,,
0,0,,I,203(E1),I,0,
-5.501,-7.452,2,I,203(E1),T,,
-0.716,-1.08,2,I,203(E1),V,,
-4.151,-6.94,4,Q,204(E1),*,,
-4.949,-7.314,2,Q,204(E1),K,,
-3.956,-6.802,2,Q,204(E1),L,,
0,0,,Q,204(E1),Q,0,
-3.823,-6.694,4,Q,204(E1),R,,
-0.2302,-0.2991,1,S,205(E1),I,,
-3.123,-5.914,12,S,205(E1),N,,
-3.395,-6.264,2,S,205(E1),R,,
0,0,,S,205(E1),S,0,
1.404,1.029,4,R,206(E1),G,-0.7562,1
-1.328,-2.321,2,R,206(E1),I,,
-0.4926,-0.6957,16,R,206(E1),K,,
0,0,,R,206(E1),R,0,
-0.005187,-0.006248,6,T,207(E1),I,-0.4261,1
0.1717,0.1945,3,T,207(E1),N,,
0.9661,0.8251,2,T,207(E1),S,,
0,0,,T,207(E1),T,0,
-0.4555,-0.636,1,P,208(E1),A,-0.9756,1
-0.03363,-0.0409,6,P,208(E1),H,,
0,0,,P,208(E1),P,0,
-1.153,-1.943,3,P,208(E1),S,,
0.4431,0.456,5,P,208(E1),T,-0.119,1
-4.904,-7.299,2,E,209(E1),*,,
-1.008,-1.642,3,E,209(E1),D,,
0,0,,E,209(E1),E,0,
-0.6124,-0.8966,4,E,209(E1),G,,
-0.07875,-0.09725,4,E,209(E1),K,-0.7253,1
-0.4863,-0.6854,3,S,210(E1),G,-0.8997,1
-2.894,-5.57,2,S,210(E1),I,,
-1.089,-1.81,8,S,210(E1),N,-1.688,3
-0.4777,-0.6716,6,S,210(E1),R,-0.7244,1
0,0,,S,210(E1),S,0,
-1.043,-1.713,6,E,211(E1),D,-2.17,1
0,0,,E,211(E1),E,0,
2.045,1.213,1,E,211(E1),G,,
-0.5943,-0.8656,5,E,211(E1),K,,
-0.08256,-0.1021,1,E,211(E1),Q,,
0,0,,D,212(E1),D,0,
-0.1224,-0.1534,5,D,212(E1),E,-2.173,1
0.3574,0.3793,6,D,212(E1),G,0.4174,1
-4.3,-7.031,2,D,212(E1),N,,
0.6136,0.5942,3,V,213(E1),A,,
0.8067,0.7292,1,V,213(E1),I,,
-1.221,-2.088,2,V,213(E1),L,-2.384,2
-1.109,-1.851,19,V,213(E1),M,,
0,0,,V,213(E1),V,0,
-5.494,-7.45,5,Y,214(E1),*,-8,1
-1.42,-2.526,2,Y,214(E1),C,,
-0.01414,-0.01708,7,Y,214(E1),H,0.2761,2
-0.8117,-1.257,2,Y,214(E1),N,,
0,0,,Y,214(E1),Y,0,
0,0,,A,215(E1),A,0,
-2.997,-5.731,2,A,215(E1),D,,
-1.795,-3.372,1,A,215(E1),G,,
-0.5965,-0.8693,3,A,215(E1),S,-1.125,1
-4.236,-6.993,19,A,215(E1),T,-6.425,4
-0.7601,-1.161,16,A,215(E1),V,-1.778,1
-0.3419,-0.4606,7,N,216(E1),K,-0.1583,1
0,0,,N,216(E1),N,0,
-4.733,-7.237,3,T,217(E1),I,,
-4.819,-7.269,5,T,217(E1),K,,
-2.173,-4.208,1,T,217(E1),R,,
0,0,,T,217(E1),T,0,
-6.522,-7.575,10,Q,218(E1),*,-8,2
-1.05,-1.729,4,Q,218(E1),H,-2.405,1
-1.635,-3.01,6,Q,218(E1),K,-3.473,2
-1.367,-2.409,1,Q,218(E1),L,,
-1.639,-3.019,1,Q,218(E1),P,,
0,0,,Q,218(E1),Q,0,
-0.8876,-1.403,1,Q,218(E1),R,,
0,0,,L,219(E1),L,0,
-0.3996,-0.5483,3,L,219(E1),M,-0.8803,2
-1.917,-3.648,2,L,219(E1),P,,
-9.964,-7.643,1,L,219(E1),Q,,
-4.268,-7.012,1,L,219(E1),R,,
-1.935,-3.688,1,V,220(E1),G,-4.001,1
-0.8043,-1.243,3,V,220(E1),M,,
0,0,,V,220(E1),V,0,
0,0,,L,221(E1),L,0,
0.1112,0.1286,4,L,221(E1),M,,
-0.9562,-1.538,1,L,221(E1),P,,
-5.147,-7.371,1,L,221(E1),Q,-8,1
-3.431,-6.305,1,L,221(E1),R,,
-0.1742,-0.2222,1,L,221(E1),V,,
-4.826,-7.272,6,Q,222(E1),*,-8,2
-1.206,-2.057,1,Q,222(E1),E,-2.35,1
-1.491,-2.685,3,Q,222(E1),K,,
0,0,,Q,222(E1),Q,0,
0.118,0.1363,3,Q,222(E1),R,,
-2.489,-4.852,1,R,223(E1),G,-5.148,1
-2.89,-5.564,8,R,223(E1),K,,
-2.062,-3.969,2,R,223(E1),M,,
0,0,,R,223(E1),R,0,
-0.4176,-0.5762,1,R,223(E1),S,,
-4.657,-7.206,1,R,223(E1),T,,
-1.684,-3.12,2,R,223(E1),W,,
-5.747,-7.493,9,P,224(E1),H,-8,2
-4.551,-7.16,1,P,224(E1),L,,
0,0,,P,224(E1),P,0,
-0.6031,-0.8806,1,P,224(E1),R,,
-3.352,-6.212,12,P,224(E1),S,-6.122,3
-5.667,-7.481,4,P,224(E1),T,,
0.2407,0.2662,1,S,225(E1),A,,
-3.357,-6.218,6,S,225(E1),F,-8,1
-5.549,-7.46,3,S,225(E1),P,,
0,0,,S,225(E1),S,0,
-0.1228,-0.1539,1,S,225(E1),T,,
-6.231,-7.551,3,S,225(E1),Y,,
0,0,,A,226(E1),A,0,
-4.584,-7.175,1,A,226(E1),D,-7.556,1
-0.8595,-1.349,1,A,226(E1),S,,
-0.6546,-0.9703,8,A,226(E1),T,,
-1.205,-2.056,40,A,226(E1),V,-1.715,6
-3.635,-6.521,25,G,227(E1),E,-8,1
0,0,,G,227(E1),G,0,
-7.405,-7.616,21,G,227(E1),R,-8,1
-3.976,-6.817,2,G,227(E1),V,,
-1.406,-2.494,1,T,228(E1),A,,
2.068,1.218,7,T,228(E1),I,,
-4.288,-7.024,3,T,228(E1),K,,
0,0,,T,228(E1),T,0,
-1.389,-2.457,1,V,229(E1),A,,
-1.505,-2.716,13,V,229(E1),M,-4.369,2
0,0,,V,229(E1),V,0,
0,0,,H,230(E1),H,0,
-4.393,-7.082,2,H,230(E1),N,,
-2.968,-5.687,10,H,230(E1),Q,-5.897,3
-3.448,-6.325,1,H,230(E1),R,,
-3.353,-6.214,19,H,230(E1),Y,-6.882,3
-2.289,-4.452,2,V,231(E1),A,-4.781,1
-5.152,-7.373,3,V,231(E1),E,-8,1
-2.52,-4.912,5,V,231(E1),L,-4.735,1
-2.958,-5.67,18,V,231(E1),M,-4.008,1
0,0,,V,231(E1),V,0,
-0.2026,-0.2609,2,P,232(E1),L,,
0,0,,P,232(E1),P,0,
-1.544,-2.805,3,P,232(E1),Q,,
-1.06,-1.749,2,P,232(E1),R,,
-2.379,-4.636,11,P,232(E1),S,-3.679,1
-2.448,-4.774,11,P,232(E1),T,-4.543,2
-3.715,-6.598,1,Y,233(E1),*,,
-0.1396,-0.1759,1,Y,233(E1),-,,
-1.814,-3.416,1,Y,233(E1),C,,
2.489,1.288,1,Y,233(E1),H,,
0,0,,Y,233(E1),Y,0,
-0.2283,-0.2965,1,S,234(E1),-,,
0.3288,0.3525,1,S,234(E1),A,,
-2.968,-5.686,2,S,234(E1),C,,
-0.8583,-1.346,1,S,234(E1),F,,
-2.85,-5.499,1,S,234(E1),P,,
0,0,,S,234(E1),S,0,
-3.287,-6.133,1,S,234(E1),T,-6.378,1
-0.5622,-0.811,2,S,234(E1),Y,,
-5.717,-7.488,3,Q,235(E1),*,,
0.07449,0.0873,1,Q,235(E1),-,,
-6.463,-7.57,8,Q,235(E1),H,-6.225,3
-4.674,-7.213,9,Q,235(E1),L,-8,2
1.014,0.8512,4,Q,235(E1),P,,
0,0,,Q,235(E1),Q,0,
-7.666,-7.623,25,Q,235(E1),R,-8,4
0.1317,0.1513,1,A,236(E1),-,,
0,0,,A,236(E1),A,0,
-1.918,-3.65,2,A,236(E1),D,,
-2.021,-3.879,1,A,236(E1),G,,
-2.49,-4.855,4,A,236(E1),S,,
-0.9985,-1.623,5,A,236(E1),T,0.2716,1
0.05724,0.06748,4,A,236(E1),V,,
-0.5364,-0.7677,1,P,237(E1),-,,
-0.9646,-1.555,7,P,237(E1),H,-2.404,1
-3.329,-6.185,1,P,237(E1),L,,
0,0,,P,237(E1),P,0,
-1.835,-3.463,3,P,237(E1),T,-3.046,1
-2.606,-5.073,3,S,238(E1),-,,
-5.125,-7.365,2,S,238(E1),G,-8,1
-3.008,-5.746,2,S,238(E1),I,,
-1.799,-3.383,6,S,238(E1),N,,
-4.191,-6.965,11,S,238(E1),R,-7.529,1
0,0,,S,238(E1),S,0,
-1.594,-2.917,3,G,239(E1),-,,
-0.6006,-0.8764,5,G,239(E1),C,,
-5.685,-7.484,33,G,239(E1),D,-7.22,6
0,0,,G,239(E1),G,0,
-1.142,-1.92,1,G,239(E1),R,,
-4.141,-6.933,7,G,239(E1),S,,
-1.938,-3.694,3,F,240(E1),-,,
0,0,,F,240(E1),F,0,
-4.603,-7.183,8,F,240(E1),I,-8,1
-5.571,-7.464,11,F,240(E1),L,,
-4.259,-7.007,4,F,240(E1),S,,
-4.439,-7.106,1,F,240(E1),V,,
3.608,1.381,1,F,240(E1),Y,,
-3.382,-6.248,1,K,241(E1),*,-6.669,1
-0.8863,-1.401,1,K,241(E1),-,,
-4.533,-7.152,5,K,241(E1),E,-5.09,1
0,0,,K,241(E1),K,0,
-2.998,-5.732,2,K,241(E1),M,,
-5.499,-7.451,3,K,241(E1),N,,
0.3855,0.405,4,K,241(E1),R,,
-0.2706,-0.3562,3,Y,242(E1),*,,
-4.593,-7.179,3,Y,242(E1),H,,
-2.013,-3.861,1,Y,242(E1),N,,
0,0,,Y,242(E1),Y,0,
-4.217,-6.981,49,W,243(E1),*,-8,4
-4.381,-7.076,1,W,243(E1),C,,
-5.711,-7.488,3,W,243(E1),L,-8,1
6.77,1.425,1,W,243(E1),Q,,
-5.623,-7.473,2,W,243(E1),R,,
0,0,,W,243(E1),W,0,
0,0,,L,244(E1),L,0,
-0.01777,-0.0215,5,L,244(E1),M,1.154,1
-5.234,-7.394,3,L,244(E1),P,,
-0.09897,-0.1231,2,L,244(E1),Q,,
0.4329,0.4472,2,K,245(E1),E,1.077,1
1.526,1.073,2,K,245(E1),I,,
0,0,,K,245(E1),K,0,
1.91,1.183,1,K,245(E1),N,,
-2.051,-3.945,3,K,245(E1),R,,
-4.974,-7.321,2,E,246(E1),*,,
-1.156,-1.949,4,E,246(E1),D,,
0,0,,E,246(E1),E,0,
-1.896,-3.6,1,E,246(E1),G,,
-1.992,-3.815,5,E,246(E1),K,,
-2.135,-4.127,1,E,246(E1),Q,-4.504,1
-5.008,-7.332,2,R,247(E1),G,-7.952,1
-1.652,-3.049,6,R,247(E1),I,,
-0.5583,-0.8045,2,R,247(E1),K,,
0,0,,R,247(E1),R,0,
-0.9755,-1.577,2,R,247(E1),S,,
-1.518,-2.745,8,G,248(E1),C,-5.373,2
-1.152,-1.942,9,G,248(E1),D,-2.383,2
0,0,,G,248(E1),G,0,
0.2705,0.296,4,G,248(E1),S,,
-2.992,-5.723,3,G,248(E1),V,,
0,0,,A,249(E1),A,0,
-4.361,-7.065,3,A,249(E1),D,,
-0.2537,-0.3322,11,A,249(E1),T,-1.944,2
-1.573,-2.87,11,A,249(E1),V,-3.976,3
-2.435,-4.748,1,S,250(E1),F,,
-1.65,-3.043,2,S,250(E1),P,,
0,0,,S,250(E1),S,0,
-2.617,-5.094,4,S,250(E1),Y,,
-0.9124,-1.452,1,L,251(E1),-,,
0,0,,L,251(E1),L,0,
0.9238,0.801,2,L,251(E1),M,0.6294,1
-5.72,-7.489,5,L,251(E1),P,-8,2
-5.127,-7.366,1,L,251(E1),Q,,
-2.785,-5.391,14,Q,252(E1),*,-5.128,3
-2.708,-5.257,1,Q,252(E1),-,,
-1.063,-1.756,1,Q,252(E1),E,,
1.6,1.097,2,Q,252(E1),H,,
-0.306,-0.4075,2,Q,252(E1),K,,
-2.879,-5.546,2,Q,252(E1),P,-5.793,1
0,0,,Q,252(E1),Q,0,
-0.9162,-1.459,1,Q,252(E1),R,,
-1.988,-3.806,1,H,253(E1),-,,
0,0,,H,253(E1),H,0,
-0.2015,-0.2592,3,H,253(E1),N,-0.3505,2
-0.3867,-0.5284,2,H,253(E1),Q,,
-2.733,-5.302,1,H,253(E1),Y,,
-3.905,-6.762,1,T,254(E1),A,,
-0.6467,-0.9565,8,T,254(E1),I,-2.405,2
-0.8627,-1.355,7,T,254(E1),N,-1.293,1
-4.823,-7.271,1,T,254(E1),P,,
-2.207,-4.281,1,T,254(E1),S,,
0,0,,T,254(E1),T,0,
0,0,,A,255(E1),A,0,
-5.176,-7.379,4,A,255(E1),D,,
0.4127,0.4294,2,A,255(E1),G,,
1.102,0.8969,3,A,255(E1),S,,
-0.9133,-1.453,16,A,255(E1),T,-1.084,2
-5.684,-7.483,39,A,255(E1),V,-8,4
-4.979,-7.323,6,P,256(E1),H,-8,1
-5.459,-7.443,3,P,256(E1),L,,
0,0,,P,256(E1),P,0,
-1.717,-3.195,2,P,256(E1),S,,
-2.217,-4.301,4,P,256(E1),T,-5.219,2
-0.6965,-1.045,1,F,257(E1),C,,
0,0,,F,257(E1),F,0,
-2.346,-4.569,2,F,257(E1),I,-5.466,1
-2.167,-4.195,4,F,257(E1),L,-4.51,1
-3.473,-6.352,1,F,257(E1),S,,
-2.636,-5.13,3,F,257(E1),V,,
-5.399,-7.431,5,F,257(E1),Y,,
-1.674,-3.099,1,G,258(E1),C,,
-5.803,-7.501,14,G,258(E1),D,-8,2
0,0,,G,258(E1),G,0,
-1.207,-2.058,8,G,258(E1),S,-2.03,1
-5.552,-7.461,3,G,258(E1),V,,
-4.209,-6.977,6,C,259(E1),*,,
0,0,,C,259(E1),C,0,
-5.161,-7.375,2,C,259(E1),F,-8,1
-5.515,-7.454,6,C,259(E1),R,,
-11.68,-7.645,1,C,259(E1),S,,
3.866,1.391,2,C,259(E1),W,,
-5.663,-7.48,67,C,259(E1),Y,-6.308,4
-4.404,-7.088,7,Q,260(E1),*,-8,1
2.679,1.312,2,Q,260(E1),H,,
0.1586,0.1805,2,Q,260(E1),K,,
-2.164,-4.19,1,Q,260(E1),L,,
-5.708,-7.487,1,Q,260(E1),P,,
0,0,,Q,260(E1),Q,0,
-3.946,-6.794,3,Q,260(E1),R,,
0,0,,I,261(E1),I,0,
-0.1944,-0.2496,1,I,261(E1),M,-0.5137,1
-0.3387,-0.4558,1,I,261(E1),N,,
0.2912,0.3163,1,I,261(E1),T,,
0.4329,0.4472,1,I,261(E1),V,,
0,0,,A,262(E1),A,0,
-0.4842,-0.6822,6,A,262(E1),D,,
-3.751,-6.631,2,A,262(E1),S,,
-0.6095,-0.8917,49,A,262(E1),T,-0.09536,7
1.876,1.175,4,A,262(E1),V,,
-0.01026,-0.01238,2,T,263(E1),A,,
-1.036,-1.7,3,T,263(E1),I,-1.996,1
-4.538,-7.154,3,T,263(E1),K,-8,1
0,0,,T,263(E1),T,0,
0.8933,0.783,1,N,264(E1),I,,
-0.498,-0.7045,1,N,264(E1),K,,
0,0,,N,264(E1),N,0,
-1.185,-2.012,1,N,264(E1),S,,
-2.433,-4.744,11,P,265(E1),H,-6.198,2
-3.134,-5.929,4,P,265(E1),L,,
0,0,,P,265(E1),P,0,
-5.797,-7.5,2,P,265(E1),R,,
-2.501,-4.875,2,P,265(E1),S,,
-2.368,-4.614,5,P,265(E1),T,,
-2.123,-4.1,1,V,266(E1),E,,
-1.492,-2.688,2,V,266(E1),L,,
-0.6249,-0.9184,5,V,266(E1),M,-2.779,1
0,0,,V,266(E1),V,0,
-0.7611,-1.163,3,R,267(E1),L,,
-2.401,-4.68,1,R,267(E1),P,,
0.5931,0.5786,9,R,267(E1),Q,0.6976,4
0,0,,R,267(E1),R,0,
-3.946,-6.794,62,R,267(E1),W,-6.901,5
0,0,,A,268(E1),A,0,
-5.276,-7.404,8,A,268(E1),D,-8,2
-1.436,-2.563,1,A,268(E1),P,,
-0.0175,-0.02116,2,A,268(E1),S,-0.2948,1
-2.131,-4.118,33,A,268(E1),T,-4.011,6
-2.481,-4.837,6,A,268(E1),V,-4.661,1
0.05673,0.06689,129,M,269(E1),I,-0.2909,15
-0.9486,-1.523,1,M,269(E1),K,,
-1.42,-2.525,1,M,269(E1),L,,
0,0,,M,269(E1),M,0,
-1.61,-2.953,3,M,269(E1),T,,
0.496,0.5009,4,M,269(E1),V,,
-0.1835,-0.2348,4,N,270(E1),D,,
0,0,,N,270(E1),N,0,
-2.239,-4.348,2,N,270(E1),S,,
-6.055,-7.533,3,C,271(E1),*,-8,1
0,0,,C,271(E1),C,0,
-3.685,-6.57,1,C,271(E1),F,-6.893,1
-3.029,-5.779,2,C,271(E1),R,,
-2.591,-5.046,1,C,271(E1),S,,
-2.61,-5.082,8,C,271(E1),Y,-4.573,1
0,0,,A,272(E1),A,0,
-1.678,-3.108,1,A,272(E1),D,,
-0.2314,-0.3007,17,A,272(E1),T,0.8785,1
0.03785,0.04492,10,A,272(E1),V,-0.4171,2
-0.6393,-0.9435,2,V,273(E1),A,,
-1.598,-2.925,2,V,273(E1),E,-3.218,1
-3.497,-6.379,5,V,273(E1),L,,
-1.181,-2.004,17,V,273(E1),M,-2.964,3
0,0,,V,273(E1),V,0,
-0.6866,-1.027,1,G,274(E1),*,,
-7.118,-7.606,27,G,274(E1),E,-7.772,3
0,0,,G,274(E1),G,0,
0.3019,0.3267,1,G,274(E1),K,,
-4.501,-7.136,15,G,274(E1),R,-7.575,2
-0.2222,-0.2879,1,G,274(E1),V,,
-3.968,-6.811,2,N,275(E1),D,,
-1.425,-2.537,1,N,275(E1),I,,
-3.356,-6.218,5,N,275(E1),K,,
0,0,,N,275(E1),N,0,
-0.7702,-1.18,1,N,275(E1),S,,
-4.695,-7.222,1,N,275(E1),T,,
0.2742,0.2997,2,M,276(E1),-,,
0.2284,0.2536,16,M,276(E1),I,,
-1.167,-1.973,1,M,276(E1),L,,
0,0,,M,276(E1),M,0,
-1.846,-3.489,2,M,276(E1),T,,
-0.07557,-0.09322,1,M,276(E1),V,,
1.348,1.007,2,P,277(E1),-,,
-0.9856,-1.597,2,P,277(E1),A,,
-4.895,-7.296,5,P,277(E1),H,,
-3.457,-6.335,1,P,277(E1),L,,
0,0,,P,277(E1),P,0,
-3.982,-6.821,90,P,277(E1),S,-8,9
-5.108,-7.361,4,P,277(E1),T,-8,1
-3.089,-5.866,17,I,278(E1),-,-5.613,1
0,0,,I,278(E1),I,0,
-5.327,-7.416,8,I,278(E1),N,-8,1
0.4793,0.487,1,I,278(E1),T,,
-1.362,-2.398,10,S,279(E1),-,,
0.4432,0.4561,1,S,279(E1),C,0.126,1
0.3754,0.3958,2,S,279(E1),G,0.4511,1
-0.2442,-0.3187,9,S,279(E1),N,-0.09225,4
-5.301,-7.41,3,S,279(E1),R,,
0,0,,S,279(E1),S,0,
-0.7472,-1.137,8,I,280(E1),-,,
0,0,,I,280(E1),I,0,
0.03584,0.04256,1,I,280(E1),N,,
0.5445,0.5405,2,I,280(E1),T,-1.326,1
-5.502,-7.452,9,D,281(E1),-,,
0,0,,D,281(E1),D,0,
-0.504,-0.7143,5,D,281(E1),E,,
-0.2553,-0.3344,1,D,281(E1),G,,
-0.5358,-0.7668,18,D,281(E1),N,-1.942,2
0,0,,I,282(E1),I,0,
-0.0738,-0.09099,1,I,282(E1),M,,
-5.048,-7.344,1,I,282(E1),N,,
-4.142,-6.934,1,I,282(E1),T,,
-1.156,-1.949,1,I,282(E1),V,,
1.111,0.9018,5,P,283(E1),H,,
-0.4102,-0.5647,5,P,283(E1),L,,
0,0,,P,283(E1),P,0,
-1.928,-3.672,5,P,283(E1),S,,
0.2557,0.2813,2,P,283(E1),T,,
-0.6928,-1.038,1,D,284(E1),-,,
0,0,,D,284(E1),D,0,
0.004302,0.005165,2,D,284(E1),E,,
0.08583,0.1002,2,D,284(E1),G,,
0.3,0.3248,6,D,284(E1),N,,
-1.323,-2.311,1,D,284(E1),Y,,
-2.259,-4.39,2,A,285(E1),-,,
0,0,,A,285(E1),A,0,
-4.887,-7.293,4,A,285(E1),D,,
-0.2246,-0.2912,2,A,285(E1),S,,
-0.5445,-0.7813,18,A,285(E1),T,-0.6653,1
-0.4304,-0.5962,7,A,285(E1),V,-1.018,2
-0.3759,-0.5118,1,A,286(E1),-,,
0,0,,A,286(E1),A,0,
-0.1796,-0.2294,5,A,286(E1),D,-0.5513,2
-0.3296,-0.4422,1,A,286(E1),P,,
-0.6594,-0.9788,3,A,286(E1),S,,
-0.04847,-0.05926,51,A,286(E1),T,-0.8201,9
0.389,0.4082,5,A,286(E1),V,1.531,1
0.05886,0.06935,1,F,287(E1),-,,
0,0,,F,287(E1),F,0,
-1.422,-2.53,3,F,287(E1),L,,
-2.731,-5.297,1,F,287(E1),S,,
-3.978,-6.819,4,F,287(E1),V,-8,1
-1.621,-2.979,5,T,288(E1),A,,
0.2694,0.2949,8,T,288(E1),I,,
-0.4794,-0.6744,2,T,288(E1),N,,
-1.015,-1.656,2,T,288(E1),S,,
0,0,,T,288(E1),T,0,
-5.09,-7.356,3,R,289(E1),*,,
-1.077,-1.785,2,R,289(E1),-,,
-2.858,-5.512,3,R,289(E1),G,-6.097,1
0.1676,0.1902,1,R,289(E1),I,,
-1.414,-2.513,3,R,289(E1),K,,
0,0,,R,289(E1),R,0,
-0.2092,-0.27,2,V,290(E1),-,,
-0.6985,-1.049,1,V,290(E1),A,,
-0.835,-1.302,1,V,290(E1),L,,
-0.08862,-0.1098,9,V,290(E1),M,-1.775,1
0,0,,V,290(E1),V,0,
-0.6028,-0.8801,2,V,291(E1),-,,
-0.6334,-0.9332,1,V,291(E1),L,,
-0.02031,-0.0246,6,V,291(E1),M,-0.6446,1
0,0,,V,291(E1),V,0,
-0.4548,-0.6349,2,D,292(E1),-,,
0,0,,D,292(E1),D,0,
2.285,1.258,2,D,292(E1),E,,
5.385,1.419,1,D,292(E1),G,,
-0.5508,-0.7918,13,D,292(E1),N,,
0.7343,0.6811,2,D,292(E1),V,,
-0.5001,-0.7079,2,A,293(E1),-,,
0,0,,A,293(E1),A,0,
-1.168,-1.976,1,A,293(E1),D,,
-0.1251,-0.157,2,A,293(E1),S,,
-2.856,-5.508,19,A,293(E1),T,-4.277,4
-2.229,-4.327,8,A,293(E1),V,-3.864,1
-0.4311,-0.5974,2,P,294(E1),-,,
-4.937,-7.31,6,P,294(E1),H,,
0,0,,P,294(E1),P,0,
-1.156,-1.95,1,P,294(E1),R,,
-2.492,-4.859,2,P,294(E1),S,,
2.084,1.221,3,P,294(E1),T,-3.311,1
-0.858,-1.346,2,S,295(E1),-,,
-0.274,-0.3612,1,S,295(E1),G,,
-0.9963,-1.619,1,S,295(E1),I,-1.907,1
-0.238,-0.3099,4,S,295(E1),N,-0.5808,1
-1.199,-2.042,6,S,295(E1),R,,
0,0,,S,295(E1),S,0,
-0.5041,-0.7145,2,L,296(E1),-,,
0,0,,L,296(E1),L,0,
0.2542,0.2797,7,L,296(E1),M,,
-0.4556,-0.6362,3,L,296(E1),P,,
-2.336,-4.548,1,L,296(E1),R,,
-0.8611,-1.352,2,T,297(E1),-,,
0.6835,0.6456,8,T,297(E1),A,-1.01,2
-0.3565,-0.4825,5,T,297(E1),I,-0.269,1
-0.05633,-0.06905,4,T,297(E1),N,-0.3891,1
0,0,,T,297(E1),T,0,
-1.115,-1.863,2,D,298(E1),-,,
0.06047,0.0712,1,D,298(E1),A,,
0,0,,D,298(E1),D,0,
-0.2766,-0.3648,3,D,298(E1),E,,
-1.293,-2.245,1,D,298(E1),G,,
-0.7413,-1.126,1,D,298(E1),H,,
-0.5885,-0.8555,25,D,298(E1),N,-1.028,1
0.1724,0.1953,3,D,298(E1),V,1.425,1
-0.03393,-0.04127,4,M,299(E1),I,-0.3327,2
-0.3839,-0.5241,1,M,299(E1),L,,
0,0,,M,299(E1),M,0,
-2.182,-4.227,1,M,299(E1),R,,
-1.304,-2.27,1,M,299(E1),V,,
-0.8459,-1.322,1,S,300(E1),C,,
-0.1977,-0.2541,4,S,300(E1),F,0.2724,1
0,0,,S,300(E1),S,0,
0.07752,0.09075,1,S,300(E1),T,,
-0.2802,-0.3701,3,S,300(E1),Y,-0.1276,2
-5.989,-7.526,9,C,301(E1),*,-8,2
0,0,,C,301(E1),C,0,
-2.867,-5.527,3,C,301(E1),F,,
-4.257,-7.006,11,C,301(E1),Y,-8,1
-4.199,-6.97,3,E,302(E1),*,,
0.1084,0.1255,1,E,302(E1),D,,
0,0,,E,302(E1),E,0,
-0.1606,-0.2038,8,E,302(E1),G,-0.2785,3
-0.7255,-1.097,9,E,302(E1),K,-2.182,2
-1.606,-2.944,1,V,303(E1),A,,
-0.4419,-0.6143,1,V,303(E1),E,,
-2.694,-5.233,1,V,303(E1),G,,
-0.671,-0.9994,1,V,303(E1),I,,
-2.538,-4.947,4,V,303(E1),L,-8,1
-6.467,-7.571,9,V,303(E1),M,-7.57,1
0,0,,V,303(E1),V,0,
2.939,1.338,4,P,304(E1),L,0.8919,1
0,0,,P,304(E1),P,0,
-1.567,-2.855,2,P,304(E1),Q,,
-1.616,-2.968,1,P,304(E1),R,,
-0.7778,-1.194,50,P,304(E1),S,-1.413,7
-0.004828,-0.005815,2,P,304(E1),T,,
0,0,,A,305(E1),A,0,
1.634,1.108,4,A,305(E1),D,,
3.663,1.383,1,A,305(E1),G,1.876,1
5.211,1.417,1,A,305(E1),S,,
0.4048,0.4223,9,A,305(E1),T,,
0.4382,0.4518,9,A,305(E1),V,0.3959,3
0,0,,C,306(E1),C,0,
-5.144,-7.371,1,C,306(E1),F,-8,1
-4.073,-6.887,1,C,306(E1),G,,
-5.031,-7.339,3,C,306(E1),R,,
-4.478,-7.125,2,C,306(E1),S,,
-6.079,-7.536,14,C,306(E1),Y,-8,2
-0.2709,-0.3566,7,T,307(E1),A,,
-0.2608,-0.3422,6,T,307(E1),I,,
-0.3481,-0.4699,3,T,307(E1),K,-0.9113,1
0,0,,T,307(E1),T,0,
0,0,,H,308(E1),H,0,
-5.13,-7.367,3,H,308(E1),N,-8,1
-0.5687,-0.8219,3,H,308(E1),Q,,
4.423,1.406,2,H,308(E1),R,,
1.896,1.179,6,H,308(E1),Y,,
-4.009,-6.841,6,S,309(E1),-,,
0.6801,0.6432,3,S,309(E1),G,-1.019,1
-5.232,-7.393,3,S,309(E1),I,,
-2.574,-5.014,13,S,309(E1),N,-4.335,2
-0.9795,-1.585,2,S,309(E1),R,,
0,0,,S,309(E1),S,0,
-1.796,-3.375,1,S,309(E1),T,,
1.741,1.139,1,S,310(E1),G,,
0.1039,0.1205,3,S,310(E1),I,,
4.348,1.405,6,S,310(E1),N,,
-0.9274,-1.481,7,S,310(E1),R,-2.135,2
0,0,,S,310(E1),S,0,
-5.392,-7.43,1,D,311(E1),-,,
0,0,,D,311(E1),D,0,
-3.606,-6.493,1,D,311(E1),E,,
1.132,0.9117,1,D,311(E1),G,,
0.6678,0.6343,23,D,311(E1),N,-0.04699,5
-2.117,-4.088,1,D,311(E1),Y,,
0,0,,F,312(E1),F,0,
-3.152,-5.954,1,F,312(E1),I,,
-3.028,-5.777,11,F,312(E1),L,-7.059,4
-0.8801,-1.389,1,F,312(E1),S,,
1.858,1.17,6,F,312(E1),Y,-1.893,1
-0.9446,-1.515,3,G,313(E1),C,,
-0.05127,-0.06273,7,G,313(E1),D,,
0,0,,G,313(E1),G,0,
-0.8871,-1.402,2,G,313(E1),S,,
-0.9658,-1.558,1,G,313(E1),V,,
-3.349,-6.208,16,G,314(E1),E,-8,1
0,0,,G,314(E1),G,0,
-4.417,-7.095,18,G,314(E1),R,-7.393,4
-4.54,-7.155,1,G,314(E1),V,,
-0.7589,-1.159,1,V,315(E1),A,,
-1.9,-3.609,1,V,315(E1),E,,
0.9231,0.8005,2,V,315(E1),L,,
1.324,0.9974,9,V,315(E1),M,-3.785,2
0,0,,V,315(E1),V,0,
0,0,,A,316(E1),A,0,
0.3997,0.4178,1,A,316(E1),D,,
1.228,0.9567,1,A,316(E1),G,,
0.7713,0.706,3,A,316(E1),P,,
-0.2453,-0.3203,2,A,316(E1),S,,
-1.018,-1.663,76,A,316(E1),T,-1.566,8
-0.515,-0.7323,30,A,316(E1),V,-0.6841,5
-1.174,-1.988,1,I,317(E1),-,,
-0.871,-1.371,1,I,317(E1),F,,
0,0,,I,317(E1),I,0,
-0.1006,-0.1252,1,I,317(E1),N,-0.4381,1
-0.07412,-0.09139,5,I,317(E1),T,,
-1.671,-3.092,1,I,317(E1),V,,
-5.33,-7.416,6,I,318(E1),-,,
0,0,,I,318(E1),I,0,
-0.3419,-0.4605,1,I,318(E1),V,,
-3.231,-6.061,2,K,319(E1),-,,
-0.9322,-1.491,4,K,319(E1),E,-2.719,2
0,0,,K,319(E1),K,0,
2.338,1.266,1,K,319(E1),M,,
-0.7558,-1.153,3,K,319(E1),N,,
3.31,1.365,1,K,319(E1),R,,
-0.6585,-0.9773,1,K,319(E1),T,,
-5.091,-7.356,4,Y,320(E1),*,-8,1
-1.675,-3.1,2,Y,320(E1),-,,
-0.9361,-1.498,6,Y,320(E1),C,-4.609,2
-1.407,-2.498,3,Y,320(E1),N,-2.354,1
0,0,,Y,320(E1),Y,0,
0,0,,A,321(E1),A,0,
1.123,0.9076,1,A,321(E1),E,,
-3.857,-6.723,2,A,321(E1),P,,
-1.356,-2.384,1,A,321(E1),S,,
-0.1332,-0.1675,18,A,321(E1),T,-0.8983,4
0.4129,0.4296,31,A,321(E1),V,0.5855,2
0,0,,A,322(E1),A,0,
-3.569,-6.455,4,A,322(E1),D,-6.801,2
-0.3559,-0.4816,2,A,322(E1),S,,
0.2351,0.2604,33,A,322(E1),T,-0.3692,3
-0.1202,-0.1506,3,A,322(E1),V,,
-0.7649,-1.17,1,S,323(E1),-,,
0.7842,0.7145,2,S,323(E1),I,0.5399,1
-0.1003,-0.1248,22,S,323(E1),N,-1.227,1
-4.747,-7.243,1,S,323(E1),R,,
0,0,,S,323(E1),S,0,
2.53,1.294,1,K,324(E1),*,,
0.5783,0.5672,1,K,324(E1),-,,
-0.04618,-0.05641,1,K,324(E1),E,,
0,0,,K,324(E1),K,0,
-2.904,-5.587,3,K,324(E1),N,,
-0.967,-1.56,1,K,324(E1),R,,
-3.295,-6.142,1,K,325(E1),*,,
-0.7034,-1.057,1,K,325(E1),-,,
-2.669,-5.188,1,K,325(E1),E,,
-3.043,-5.798,1,K,325(E1),I,,
0,0,,K,325(E1),K,0,
-0.1506,-0.1906,1,K,325(E1),N,,
1.079,0.8855,1,K,325(E1),R,,
-0.6956,-1.043,1,G,326(E1),-,,
-1.95,-3.721,18,G,326(E1),D,-4.38,4
0,0,,G,326(E1),G,0,
-4.188,-6.963,4,G,326(E1),S,-8,1
-0.1094,-0.1365,1,G,326(E1),V,,
-1.49,-2.683,1,K,327(E1),-,,
-0.1757,-0.2242,6,K,327(E1),E,0.3413,1
0,0,,K,327(E1),K,0,
2.513,1.292,6,K,327(E1),N,0.2433,2
-3.757,-6.637,9,C,328(E1),*,-6.476,1
-0.6883,-1.03,1,C,328(E1),-,,
0,0,,C,328(E1),C,0,
-4.631,-7.196,1,C,328(E1),F,,
1.312,0.9926,2,C,328(E1),R,,
-3.25,-6.084,5,C,328(E1),S,-6.409,1
-5.257,-7.399,4,C,328(E1),Y,-8,1
-0.241,-0.3142,1,A,329(E1),-,,
0,0,,A,329(E1),A,0,
-4.557,-7.163,3,A,329(E1),D,,
-3.414,-6.285,1,A,329(E1),S,,
-3.387,-6.254,14,A,329(E1),T,-6.324,1
-3.295,-6.142,16,A,329(E1),V,-6.835,2
-0.5274,-0.7529,1,V,330(E1),-,,
-0.3186,-0.426,1,V,330(E1),A,,
-0.6453,-0.954,4,V,330(E1),L,,
-0.5019,-0.7109,11,V,330(E1),M,-0.5654,2
0,0,,V,330(E1),V,0,
-0.3669,-0.4982,1,H,331(E1),-,,
-0.6692,-0.9962,1,H,331(E1),D,,
0,0,,H,331(E1),H,0,
-1.114,-1.861,3,H,331(E1),N,,
-2.626,-5.11,3,H,331(E1),Q,,
0.6335,0.6092,11,H,331(E1),Y,0.3221,1
-0.06607,-0.08125,1,S,332(E1),-,,
-1.156,-1.95,2,S,332(E1),G,-1.399,1
-5.32,-7.414,3,S,332(E1),I,,
-4.516,-7.143,24,S,332(E1),N,-7.321,4
-1.715,-3.192,3,S,332(E1),R,,
0,0,,S,332(E1),S,0,
-1.984,-3.797,1,S,332(E1),T,,
0.1956,0.2198,1,M,333(E1),-,,
0.3287,0.3524,15,M,333(E1),I,-0.2277,2
0,0,,M,333(E1),M,0,
-0.09155,-0.1136,1,M,333(E1),R,,
-0.4681,-0.6561,1,M,333(E1),T,,
-0.9548,-1.536,1,T,334(E1),-,,
-0.2226,-0.2885,13,T,334(E1),A,-0.1128,1
0.02239,0.02672,3,T,334(E1),I,,
-0.1638,-0.2081,7,T,334(E1),N,-2.827,1
-0.4702,-0.6595,1,T,334(E1),S,,
0,0,,T,334(E1),T,0,
-0.8326,-1.297,1,N,335(E1),D,,
-0.7576,-1.156,2,N,335(E1),K,,
0,0,,N,335(E1),N,0,
0,0,,A,336(E1),A,0,
-1.47,-2.638,3,A,336(E1),D,,
1.664,1.117,3,A,336(E1),G,,
0.4057,0.4231,1,A,336(E1),S,,
-0.2565,-0.3361,10,A,336(E1),T,,
-0.07982,-0.09862,5,A,336(E1),V,-0.251,1
0.6525,0.6232,3,V,337(E1),A,0.8404,1
-4.355,-7.062,5,V,337(E1),E,-7.32,3
-0.02841,-0.03449,1,V,337(E1),G,,
-1.736,-3.238,3,V,337(E1),L,-3.874,1
0.0982,0.1141,11,V,337(E1),M,2.009,1
0,0,,V,337(E1),V,0,
3.136,1.354,2,T,338(E1),A,0.3241,1
0.6581,0.6273,3,T,338(E1),I,,
0.2947,0.3197,6,T,338(E1),N,-1.612,1
-0.5595,-0.8064,1,T,338(E1),S,,
0,0,,T,338(E1),T,0,
0,0,,I,339(E1),I,0,
-0.5256,-0.7499,1,I,339(E1),N,-1.05,1
1.257,0.9692,1,I,339(E1),S,,
-4.088,-6.897,3,R,340(E1),L,,
-3.889,-6.749,1,R,340(E1),P,,
0.009348,0.0112,13,R,340(E1),Q,0.2495,3
0,0,,R,340(E1),R,0,
-3.87,-6.734,5,R,340(E1),W,,
-4.328,-7.047,3,E,341(E1),*,,
-1.186,-2.014,1,E,341(E1),D,,
0,0,,E,341(E1),E,0,
-3.104,-5.887,60,E,341(E1),K,-6.345,6
0,0,,A,342(E1),A,0,
-1.395,-2.471,5,A,342(E1),D,-2.509,1
0.1235,0.1423,5,A,342(E1),S,,
0.7492,0.6913,1,A,342(E1),T,,
0.08702,0.1015,23,A,342(E1),V,0.2312,5
-4.322,-7.043,3,E,343(E1),*,,
-0.1926,-0.2471,2,E,343(E1),D,,
0,0,,E,343(E1),E,0,
-2.412,-4.702,3,E,343(E1),G,,
-1.556,-2.83,10,E,343(E1),K,-2.781,2
-5.207,-7.387,4,E,345(E1),*,-8,1
-0.6485,-0.9597,1,E,345(E1),D,,
0,0,,E,345(E1),E,0,
-0.09323,-0.1157,1,E,345(E1),G,,
-0.3348,-0.45,34,E,345(E1),K,-2.545,1
-1.221,-2.089,2,V,346(E1),A,,
-1.018,-1.664,2,V,346(E1),E,-1.946,1
-1.118,-1.87,1,V,346(E1),G,,
1.222,0.9539,2,V,346(E1),L,0.651,1
-0.2835,-0.3748,7,V,346(E1),M,,
0,0,,V,346(E1),V,0,
-5.138,-7.369,3,E,347(E1),*,,
-0.2947,-0.391,11,E,347(E1),D,0.5238,2
0,0,,E,347(E1),E,0,
-0.471,-0.6609,6,E,347(E1),G,,
-0.4535,-0.6329,29,E,347(E1),K,-1.204,4
-0.5413,-0.7759,1,E,347(E1),Q,,
-1.009,-1.644,2,E,347(E1),V,,
-2.392,-4.661,3,G,348(E1),C,-5.981,1
0.03432,0.04078,19,G,348(E1),D,-0.6589,3
0,0,,G,348(E1),G,0,
0.03046,0.03624,1,G,348(E1),R,,
-0.5853,-0.8501,8,G,348(E1),S,-0.6064,1
-0.1718,-0.2189,4,G,348(E1),V,,
-0.7182,-1.084,4,N,349(E1),K,,
0,0,,N,349(E1),N,0,
-0.3523,-0.4762,3,N,349(E1),S,-0.6493,1
-1.475,-2.649,1,N,349(E1),Y,,
-0.5652,-0.816,1,S,350(E1),C,,
0.5039,0.5075,3,S,350(E1),G,,
-1.435,-2.559,1,S,350(E1),I,,
-0.244,-0.3185,6,S,350(E1),N,,
-0.9266,-1.48,5,S,350(E1),R,-3.139,1
0,0,,S,350(E1),S,0,
-4.959,-7.317,2,Q,351(E1),*,-8,1
-1.535,-2.784,2,Q,351(E1),H,,
0.396,0.4145,3,Q,351(E1),K,,
0.1455,0.1664,1,Q,351(E1),L,,
0,0,,Q,351(E1),Q,0,
-1.118,-1.87,1,L,352(E1),-,,
0,0,,L,352(E1),L,0,
0.2762,0.3017,1,L,352(E1),M,,
-1.578,-2.881,4,L,352(E1),P,,
1.693,1.126,1,L,352(E1),R,,
-0.9916,-1.61,1,L,352(E1),V,,
-1.045,-1.718,8,Q,353(E1),*,,
-1.178,-1.997,1,Q,353(E1),E,,
-1.159,-1.956,2,Q,353(E1),H,,
-0.812,-1.258,1,Q,353(E1),K,,
-0.9177,-1.462,1,Q,353(E1),L,,
0,0,,Q,353(E1),Q,0,
-0.7514,-1.145,3,Q,353(E1),R,-1.978,1
7.865,1.426,1,I,354(E1),F,,
0,0,,I,354(E1),I,0,
0.2464,0.2719,1,I,354(E1),M,,
-5.48,-7.447,3,I,354(E1),N,-8,1
0.4571,0.4681,1,I,354(E1),T,,
0.7275,0.6764,1,I,354(E1),V,,
-0.3605,-0.4885,6,S,355(E1),F,-0.5223,3
-4.527,-7.149,11,S,355(E1),P,-7.797,3
0,0,,S,355(E1),S,0,
-0.7853,-1.208,2,S,355(E1),T,,
-2.264,-4.4,3,S,355(E1),Y,,
0,0,,F,356(E1),F,0,
-0.7145,-1.078,2,F,356(E1),I,,
0.6568,0.6263,8,F,356(E1),L,,
-3.318,-6.171,3,F,356(E1),S,,
-0.753,-1.148,1,S,357(E1),G,,
-3.02,-5.765,19,S,357(E1),N,-5.955,3
-3.855,-6.721,8,S,357(E1),R,-6.518,2
0,0,,S,357(E1),S,0,
0.1365,0.1566,9,T,358(E1),I,-0.5829,2
-1.536,-2.787,5,T,358(E1),K,,
2.934,1.338,1,T,358(E1),S,,
0,0,,T,358(E1),T,0,
0,0,,A,359(E1),A,0,
-1.679,-3.111,3,A,359(E1),D,-3.232,1
-0.231,-0.3002,1,A,359(E1),S,,
-0.732,-1.109,12,A,359(E1),T,-2.458,2
-0.4562,-0.6371,24,A,359(E1),V,-0.3411,4
-1.168,-1.975,1,L,360(E1),I,,
0,0,,L,360(E1),L,0,
0.4687,0.478,6,L,360(E1),M,0.5324,1
-3.048,-5.807,6,L,360(E1),P,,
0.5822,0.5702,1,L,360(E1),Q,0.2631,1
0.5684,0.5594,1,L,360(E1),R,,
-1.166,-1.972,1,L,360(E1),V,,
0,0,,A,361(E1),A,0,
-1.542,-2.8,9,A,361(E1),D,-3.855,2
3.486,1.375,1,A,361(E1),G,,
1.735,1.138,2,A,361(E1),S,,
0.08672,0.1012,18,A,361(E1),T,,
-0.8309,-1.294,12,A,361(E1),V,,
-1.374,-2.423,2,S,362(E1),C,,
-1.11,-1.854,1,S,362(E1),G,,
0.4104,0.4273,9,S,362(E1),N,0.0513,2
-0.1416,-0.1786,10,S,362(E1),R,0.155,1
0,0,,S,362(E1),S,0,
0,0,,A,363(E1),A,0,
-3.069,-5.837,2,A,363(E1),D,,
0.1868,0.2105,1,A,363(E1),P,,
-4.082,-6.894,1,A,363(E1),S,,
-0.25,-0.3268,24,A,363(E1),T,-0.1625,5
-0.7712,-1.182,5,A,363(E1),V,,
-5.447,-7.441,4,E,364(E1),*,,
0,0,,E,364(E1),E,0,
0.1298,0.1492,9,E,364(E1),K,,
0.6302,0.6067,2,E,364(E1),Q,0.1901,1
0.3993,0.4174,1,F,365(E1),C,,
0,0,,F,365(E1),F,0,
0.6599,0.6286,3,F,365(E1),L,,
-0.978,-1.582,1,F,365(E1),S,,
-0.02512,-0.03046,1,R,366(E1),-,,
-0.04336,-0.05291,5,R,366(E1),G,,
1.928,1.187,2,R,366(E1),I,,
0.2078,0.2324,30,R,366(E1),K,0.5671,4
0,0,,R,366(E1),R,0,
0.2327,0.2581,1,V,367(E1),-,,
0.9732,0.8291,1,V,367(E1),A,,
-3.835,-6.705,1,V,367(E1),E,,
-1.114,-1.861,4,V,367(E1),L,-2.051,2
-0.4981,-0.7047,8,V,367(E1),M,,
0,0,,V,367(E1),V,0,
-4.593,-7.179,13,Q,368(E1),*,-4.922,2
-0.8406,-1.312,1,Q,368(E1),-,,
-1.224,-2.095,1,Q,368(E1),E,,
4.713,1.412,2,Q,368(E1),H,,
-1.573,-2.871,3,Q,368(E1),K,,
0,0,,Q,368(E1),Q,0,
-1.36,-2.393,2,Q,368(E1),R,,
-1.15,-1.937,1,V,369(E1),-,,
-0.6453,-0.954,3,V,369(E1),A,,
-1.707,-3.173,3,V,369(E1),D,-2.621,1
-0.1523,-0.1929,2,V,369(E1),F,,
-0.19,-0.2436,3,V,369(E1),I,,
-0.6226,-0.9143,1,V,369(E1),L,,
0,0,,V,369(E1),V,0,
0.1704,0.1931,1,C,370(E1),-,,
0,0,,C,370(E1),C,0,
-5.405,-7.432,2,C,370(E1),F,,
-3.05,-5.809,3,C,370(E1),R,-6.163,1
-0.9554,-1.537,1,C,370(E1),S,,
-5.633,-7.475,22,C,370(E1),Y,-7.452,1
-1.079,-1.788,12,S,371(E1),G,-2.021,1
-0.2349,-0.3057,7,S,371(E1),N,,
-0.7091,-1.068,2,S,371(E1),R,,
0,0,,S,371(E1),S,0,
1.593,1.095,1,S,371(E1),T,0.7826,1
1.25,0.9663,1,T,372(E1),A,,
-0.3735,-0.5082,4,T,372(E1),I,-0.832,1
2.643,1.308,3,T,372(E1),N,-0.3856,1
0,0,,T,372(E1),T,0,
-7.184,-7.609,5,Q,373(E1),*,,
0.1484,0.1695,4,Q,373(E1),H,-0.06381,1
-0.1882,-0.2411,5,Q,373(E1),K,0.7202,1
-1.07,-1.77,1,Q,373(E1),L,,
0,0,,Q,373(E1),Q,0,
-2.406,-4.69,4,Q,373(E1),R,,
-3.044,-5.8,2,V,374(E1),A,,
1.541,1.078,1,V,374(E1),G,,
-0.8771,-1.383,3,V,374(E1),L,,
-0.4586,-0.6409,8,V,374(E1),M,,
0,0,,V,374(E1),V,0,
0,0,,H,375(E1),H,0,
-0.0369,-0.04493,8,H,375(E1),N,,
-0.6133,-0.8982,3,H,375(E1),Q,-0.2555,1
0.7044,0.6604,1,H,375(E1),R,,
-0.21,-0.271,20,H,375(E1),Y,-0.9178,1
-4.202,-6.972,3,C,376(E1),*,,
0,0,,C,376(E1),C,0,
-4.78,-7.255,2,C,376(E1),F,,
-3.175,-5.985,1,C,376(E1),R,,
-4.815,-7.268,2,C,376(E1),S,,
-3.733,-6.615,10,C,376(E1),Y,-6.739,2
0,0,,A,377(E1),A,0,
0.3234,0.3473,3,A,377(E1),D,-1.216,1
1.39,1.024,2,A,377(E1),S,,
-0.8611,-1.352,8,A,377(E1),T,-1.691,1
-0.3797,-0.5177,17,A,377(E1),V,-0.681,4
0,0,,A,378(E1),A,0,
-3.381,-6.247,7,A,378(E1),D,,
0.1541,0.1756,4,A,378(E1),S,,
-0.7981,-1.232,26,A,378(E1),T,-2.841,1
-1.657,-3.06,5,A,378(E1),V,-3.431,1
0,0,,E,379(E1),E,0,
0.654,0.6243,53,E,379(E1),K,-0.009929,3
-4.237,-6.993,4,C,380(E1),*,,
0,0,,C,380(E1),C,0,
-1.59,-2.907,1,C,380(E1),F,,
-0.9356,-1.497,1,C,380(E1),R,,
-5.082,-7.354,3,C,380(E1),S,,
-1.167,-1.974,1,C,380(E1),W,,
-4.182,-6.959,8,C,380(E1),Y,,
0.08727,0.1018,1,H,381(E1),D,-0.2332,1
0,0,,H,381(E1),H,0,
-0.2894,-0.3833,1,H,381(E1),N,-0.6514,1
-0.4542,-0.6339,2,H,381(E1),Q,,
-0.6629,-0.985,6,H,381(E1),R,,
-0.7768,-1.192,5,H,381(E1),Y,-2.367,1
0.5363,0.5339,1,P,382(E1),A,,
-1.845,-3.486,5,P,382(E1),H,,
-3.836,-6.705,3,P,382(E1),L,,
0,0,,P,382(E1),P,0,
-0.8447,-1.32,6,P,382(E1),S,,
-1.283,-2.224,2,P,382(E1),T,-2.553,1
-2.571,-5.008,3,P,383(E1),H,,
-0.8913,-1.41,2,P,383(E1),L,,
0,0,,P,383(E1),P,0,
-0.5217,-0.7434,4,P,383(E1),S,,
-3.353,-6.214,4,P,383(E1),T,,
-0.1948,-0.2502,1,K,384(E1),*,,
0.1074,0.1244,1,K,384(E1),-,,
-0.4275,-0.5918,1,K,384(E1),E,,
0,0,,K,384(E1),K,0,
-0.5144,-0.7314,1,K,384(E1),M,,
-2.269,-4.41,1,K,384(E1),N,,
0.5739,0.5637,3,K,384(E1),R,,
-0.5811,-0.843,2,K,384(E1),T,-1.137,1
-1.026,-1.679,2,D,385(E1),-,,
0,0,,D,385(E1),D,0,
-0.7593,-1.159,5,D,385(E1),E,,
-1.138,-1.913,1,D,385(E1),G,,
-0.05358,-0.06561,9,D,385(E1),N,-0.3353,1
-1.059,-1.747,1,D,385(E1),Y,-2.02,1
-0.7749,-1.188,2,H,386(E1),-,,
0,0,,H,386(E1),H,0,
-1.568,-2.858,6,H,386(E1),N,-2.522,1
2.64,1.307,3,H,386(E1),Q,,
0.2492,0.2747,5,H,386(E1),Y,,
-0.1415,-0.1785,1,I,387(E1),-,,
0,0,,I,387(E1),I,0,
2.707,1.315,1,I,387(E1),M,,
-2.44,-4.758,3,I,387(E1),V,,
-2.629,-5.115,1,V,388(E1),A,,
-1.854,-3.506,2,V,388(E1),L,,
-1.261,-2.174,13,V,388(E1),M,-1.651,1
0,0,,V,388(E1),V,0,
-0.7933,-1.223,2,N,389(E1),D,-1.542,1
-2.088,-4.025,14,N,389(E1),K,-3.532,1
0,0,,N,389(E1),N,0,
-1.472,-2.643,1,N,389(E1),S,,
-2.879,-5.546,1,N,389(E1),Y,-6.2,1
-5.483,-7.448,6,Y,390(E1),*,,
-1.546,-2.808,2,Y,390(E1),C,,
-0.5338,-0.7635,1,Y,390(E1),H,,
0,0,,Y,390(E1),Y,0,
-1.211,-2.068,5,P,391(E1),H,,
-1.02,-1.668,10,P,391(E1),L,,
0,0,,P,391(E1),P,0,
-2.352,-4.581,6,P,391(E1),S,-5.051,2
-5.292,-7.407,1,P,391(E1),T,,
0,0,,A,392(E1),A,0,
-6.281,-7.556,4,A,392(E1),D,,
0.2073,0.2319,1,A,392(E1),P,,
0.8697,0.7687,3,A,392(E1),S,0.1998,1
0.3645,0.3858,22,A,392(E1),T,-0.5282,4
0.3232,0.3471,4,A,392(E1),V,-0.7302,1
-3.346,-6.206,3,S,393(E1),G,,
-1.23,-2.109,2,S,393(E1),I,,
-4.365,-7.067,13,S,393(E1),N,-8,1
0.54,0.5369,8,S,393(E1),R,1.478,1
0,0,,S,393(E1),S,0,
-4.128,-6.924,1,H,394(E1),D,,
0,0,,H,394(E1),H,0,
-3.546,-6.431,4,H,394(E1),N,,
-1.671,-3.093,3,H,394(E1),Q,-3.788,1
-0.8469,-1.324,1,H,394(E1),R,,
-0.2295,-0.298,1,H,394(E1),Y,,
-3.413,-6.285,3,T,395(E1),-,,
-1.609,-2.95,1,T,395(E1),A,,
-0.6835,-1.022,5,T,395(E1),I,-1.496,1
-1.848,-3.492,3,T,395(E1),K,,
1.142,0.9168,1,T,395(E1),R,,
0,0,,T,395(E1),T,0,
0.3563,0.3782,4,T,396(E1),I,0.3603,1
2.363,1.27,1,T,396(E1),K,,
-0.1393,-0.1756,1,T,396(E1),S,,
0,0,,T,396(E1),T,0,
0,0,,L,397(E1),L,0,
0.56,0.5528,3,L,397(E1),M,,
-3.83,-6.7,3,L,397(E1),P,,
-0.5538,-0.7968,1,L,397(E1),Q,,
0.08005,0.09363,3,G,398(E1),C,,
-0.1397,-0.1762,13,G,398(E1),D,-0.8042,1
0,0,,G,398(E1),G,0,
-0.5954,-0.8673,7,G,398(E1),S,,
-1.568,-2.859,2,G,398(E1),V,,
-3.741,-6.622,2,V,399(E1),A,,
0.6597,0.6285,1,V,399(E1),G,,
0.7845,0.7148,4,V,399(E1),L,,
-0.04741,-0.05793,21,V,399(E1),M,0.8067,2
0,0,,V,399(E1),V,0,
-5.009,-7.332,27,Q,400(E1),*,-8,8
0.4223,0.4379,3,Q,400(E1),H,,
-2.11,-4.073,6,Q,400(E1),K,,
-0.4124,-0.5681,1,Q,400(E1),L,,
0,0,,Q,400(E1),Q,0,
-0.1918,-0.246,8,Q,400(E1),R,,
0,0,,D,401(E1),D,0,
-0.3234,-0.4331,1,D,401(E1),E,-0.7608,1
-0.2015,-0.2593,1,D,401(E1),H,,
-0.2493,-0.3259,50,D,401(E1),N,-0.9068,7
0,0,,I,402(E1),I,0,
-2.108,-4.068,1,I,402(E1),M,,
1.72,1.133,1,I,402(E1),V,,
-0.3153,-0.4211,15,S,403(E1),G,-2.281,3
-1.387,-2.453,2,S,403(E1),I,,
-0.3171,-0.4238,11,S,403(E1),N,-2.059,2
-0.1648,-0.2095,7,S,403(E1),R,-0.7017,1
0,0,,S,403(E1),S,0,
-0.1307,-0.1642,2,S,403(E1),T,,
1.862,1.171,2,V,404(E1),A,,
-0.7701,-1.18,1,V,404(E1),E,,
0.7513,0.6926,1,V,404(E1),L,,
-0.4231,-0.5848,6,V,404(E1),M,-1.014,1
0,0,,V,404(E1),V,0,
-0.1768,-0.2256,3,T,405(E1),A,0.1891,1
0.4365,0.4503,10,T,405(E1),I,-0.021,2
-0.3957,-0.5422,4,T,405(E1),N,,
0.7029,0.6593,2,T,405(E1),S,,
0,0,,T,405(E1),T,0,
0,0,,A,406(E1),A,0,
-2.15,-4.158,8,A,406(E1),D,-4.539,2
-0.2453,-0.3203,5,A,406(E1),S,-8,1
-0.4553,-0.6356,34,A,406(E1),T,-0.953,2
-0.7073,-1.064,8,A,406(E1),V,-1.761,2
0.4018,0.4196,28,M,407(E1),I,0.3268,4
0.8802,0.775,2,M,407(E1),K,,
0,0,,M,407(E1),M,0,
0.6885,0.6492,1,M,407(E1),R,,
-5.137,-7.369,2,S,408(E1),C,-8,1
-0.09283,-0.1152,8,S,408(E1),G,,
0.208,0.2326,2,S,408(E1),I,,
-1.027,-1.681,18,S,408(E1),N,-3.322,2
1.649,1.113,3,S,408(E1),R,1.498,1
0,0,,S,408(E1),S,0,
-5.14,-7.37,51,W,409(E1),*,-8,6
-0.6627,-0.9847,2,W,409(E1),L,,
-1.419,-2.524,4,W,409(E1),R,,
-0.2928,-0.3883,1,W,409(E1),S,,
0,0,,W,409(E1),W,0,
0.3679,0.3889,3,V,410(E1),A,-0.04015,1
-0.7387,-1.122,1,V,410(E1),L,,
0.2477,0.2732,3,V,410(E1),M,-0.5689,2
0,0,,V,410(E1),V,0,
-5.644,-7.477,22,Q,411(E1),*,-8,2
0.749,0.6911,4,Q,411(E1),K,,
0,0,,Q,411(E1),Q,0,
-2.051,-3.945,5,Q,411(E1),R,,
-1.765,-3.304,1,K,412(E1),E,,
0,0,,K,412(E1),K,0,
0.1852,0.2089,2,K,412(E1),R,,
0,0,,I,413(E1),I,0,
-1.34,-2.349,1,I,413(E1),N,,
3.722,1.386,1,I,413(E1),T,,
0.1052,0.122,5,T,414(E1),A,,
-0.1923,-0.2468,10,T,414(E1),I,0.09756,1
-0.6379,-0.9411,11,T,414(E1),K,-1.665,1
0,0,,T,414(E1),T,0,
-1.913,-3.639,13,G,415(E1),C,-4.031,1
-3.088,-5.864,16,G,415(E1),D,,
0,0,,G,415(E1),G,0,
-1.04,-1.707,8,G,415(E1),S,,
-2.55,-4.97,1,G,415(E1),V,,
-6.018,-7.529,2,G,416(E1),*,-8,1
-1.454,-2.603,24,G,416(E1),E,-2.279,3
0,0,,G,416(E1),G,0,
-0.6004,-0.8759,33,G,416(E1),R,-1.826,2
-5.136,-7.368,3,V,417(E1),A,-8,1
-0.345,-0.4652,3,V,417(E1),I,-1.056,2
0,0,,V,417(E1),V,0,
-5.144,-7.371,2,G,418(E1),*,-8,1
-4.008,-6.841,20,G,418(E1),E,-7.338,1
0,0,,G,418(E1),G,0,
-4.018,-6.848,49,G,418(E1),R,-8,11
-0.1111,-0.1387,1,G,418(E1),V,,
0,0,,L,419(E1),L,0,
-1.173,-1.986,2,L,419(E1),M,,
-3.079,-5.851,2,L,419(E1),Q,,
-0.383,-0.5227,3,V,420(E1),A,,
0.342,0.3649,2,V,420(E1),L,,
0.2638,0.2893,13,V,420(E1),M,0.378,3
0,0,,V,420(E1),V,0,
-0.5394,-0.7728,1,V,421(E1),A,,
0.5962,0.581,1,V,421(E1),E,,
-1.192,-2.028,1,V,421(E1),G,,
0.5129,0.5149,1,V,421(E1),L,,
-0.5044,-0.715,8,V,421(E1),M,,
0,0,,V,421(E1),V,0,
0,0,,A,422(E1),A,0,
-4.654,-7.205,6,A,422(E1),E,-8,1
0.08856,0.1033,1,A,422(E1),S,,
-0.1697,-0.216,48,A,422(E1),T,-0.3584,6
-0.8377,-1.307,12,A,422(E1),V,-2.436,1
-2.551,-4.97,1,V,423(E1),A,,
-0.6135,-0.8986,1,V,423(E1),E,,
0.3092,0.3338,2,V,423(E1),L,,
0.5724,0.5626,9,V,423(E1),M,-1.226,2
0,0,,V,423(E1),V,0,
0,0,,A,424(E1),A,0,
-2.454,-4.785,4,A,424(E1),D,-4.735,1
0.1715,0.1943,2,A,424(E1),S,,
-1.666,-3.08,10,A,424(E1),T,,
-0.3612,-0.4896,14,A,424(E1),V,-2.12,1
0,0,,A,425(E1),A,0,
-2.277,-4.428,3,A,425(E1),D,,
1.204,0.9458,1,A,425(E1),S,,
-0.529,-0.7555,29,A,425(E1),T,-1.017,4
-0.1664,-0.2116,7,A,425(E1),V,,
-0.9495,-1.525,2,L,426(E1),-,,
0,0,,L,426(E1),L,0,
-0.1257,-0.1577,5,L,426(E1),M,,
-1.025,-1.677,11,L,426(E1),P,-1.731,2
-15.11,-7.646,1,L,426(E1),R,,
-1.487,-2.675,2,I,427(E1),-,,
0,0,,I,427(E1),I,0,
-2.327,-4.529,4,I,427(E1),N,-3.967,2
-1.305,-2.271,1,I,427(E1),T,,
0.1455,0.1663,1,I,427(E1),V,,
0,0,,L,428(E1),L,0,
0.5053,0.5086,1,L,428(E1),M,,
-0.4817,-0.678,3,L,428(E1),P,,
1.863,1.171,1,I,429(E1),F,,
0,0,,I,429(E1),I,0,
2.304,1.261,1,I,429(E1),T,,
-0.2887,-0.3823,2,I,429(E1),V,,
0.2557,0.2812,4,V,430(E1),A,,
-0.02375,-0.02879,4,V,430(E1),F,,
-1.06,-1.749,1,V,430(E1),G,,
0.08779,0.1024,9,V,430(E1),I,,
0,0,,V,430(E1),V,0,
-0.3134,-0.4183,2,V,431(E1),A,,
-1.664,-3.076,2,V,431(E1),L,-4.041,1
-0.4282,-0.5927,3,V,431(E1),M,-0.2959,1
0,0,,V,431(E1),V,0,
0,0,,L,432(E1),L,0,
-0.5521,-0.7939,3,L,432(E1),M,,
0.02537,0.03024,1,L,432(E1),P,-0.3142,1
-6.387,-7.565,5,C,433(E1),*,,
-0.3376,-0.4542,1,C,433(E1),-,,
0,0,,C,433(E1),C,0,
-0.76,-1.161,3,C,433(E1),R,,
-2.128,-4.112,1,C,433(E1),W,,
-0.9572,-1.54,6,C,433(E1),Y,-2.456,1
0.01551,0.01855,1,V,434(E1),-,,
-2.05,-3.942,2,V,434(E1),E,,
0.2679,0.2934,11,V,434(E1),M,0.7575,1
0,0,,V,434(E1),V,0,
0.03041,0.03618,4,S,435(E1),F,,
0.5858,0.573,10,S,435(E1),P,0.5956,2
0,0,,S,435(E1),S,0,
0.1068,0.1237,1,S,435(E1),T,,
-0.5951,-0.8669,3,S,435(E1),Y,-1.139,2
0,0,,F,436(E1),F,0,
-0.7956,-1.227,4,F,436(E1),I,,
0.3575,0.3794,6,F,436(E1),L,0.0697,1
1.256,0.9688,5,F,436(E1),S,,
-0.02173,-0.02632,1,F,436(E1),V,,
-0.7024,-1.056,2,S,437(E1),-,,
0.2151,0.24,2,S,437(E1),G,,
-0.1587,-0.2014,2,S,437(E1),I,,
-0.2217,-0.2871,6,S,437(E1),N,1.291,1
-0.3354,-0.4509,10,S,437(E1),R,-8,1
0,0,,S,437(E1),S,0,
0.7693,0.7047,1,R,438(E1),-,,
-1.008,-1.642,12,R,438(E1),Q,-1.297,1
0,0,,R,438(E1),R,0,
-0.5181,-0.7375,5,R,438(E1),W,,
0.0566,0.06673,1,H,439(E1),-,,
0,0,,H,439(E1),H,0,
-0.649,-0.9605,1,H,439(E1),K,,
-0.4267,-0.5904,7,H,439(E1),N,-0.4206,1
0.3754,0.3958,3,H,439(E1),Q,,
-0.2914,-0.3862,1,H,439(E1),R,,
-0.4513,-0.6293,10,H,439(E1),Y,0.4734,1
0,0,,*,440(E1),*,0,
-0.5831,-0.8465,1,*,440(E1),K,,
1.047,0.8691,3,*,440(E1),Q,-8,1
-1.057,-1.743,1,*,440(E1),W,,
-0.9279,-1.482,1,*,440(E1),Y,,
